日付,race_id,馬番,馬名,jyo,race_no,距離,馬場,馬場状態,クラス,推奨ランク,妙味,妙味軸,乖離,買い指数,購入推奨,人気,単勝オッズ,勝ち確率,連対確率,複勝確率,3着内確率,単勝期待値,MF予測順位,MF勝ち確率,MF複勝率,MF複勝順位,予測順位,連対順位,複勝順位,能力_勝負,能力_安定,能力_末脚,能力_先行,能力_距離,能力_実績,着順,単勝,複勝,1着,2着内,3着内
2026-08-09,202604020601,6,アオイノリプー,新潟,1,2000,芝,良,未勝利,,,,-10.0,40,見送り,4.0,8.0,0.0399002731521874,0.0712599938577065,0.0878533161155287,0.0878533161155287,-0.6807978147825005,7.0,0.0399002731521874,0.051353226925746,14.0,4,4.0,5.0,59.0,25.0,,,,,8.0,,,0,0,0
2026-08-09,202604020601,10,ウィモウェ,新潟,1,2000,芝,良,未勝利,,,,0.0,40,見送り,7.0,38.9,0.0236327667881249,0.0849539551993749,0.1367256243637733,0.1367256243637733,-0.0806853719419395,10.0,0.0236327667881249,0.0799207397622192,7.0,7,7.0,7.0,38.0,59.0,27.0,77.0,63.0,53.0,9.0,,,0,0,0
2026-08-09,202604020601,2,エイシンウルクンデ,新潟,1,2000,芝,良,未勝利,▲,,,6.0,40,見送り,9.0,43.5,0.1185154809828464,0.2717236286148581,0.3617215953848466,0.3617215953848466,4.15542342275382,4.0,0.1185154809828464,0.2114384748700173,3.0,9,9.0,9.0,84.0,88.0,13.0,7.0,87.0,53.0,13.0,,,0,0,0
2026-08-09,202604020601,1,エクスマキナ,新潟,1,2000,芝,良,未勝利,○,★,,3.0,40,見送り,5.0,12.2,0.1185154809828464,0.1973034611367724,0.3748653571724994,0.3748653571724994,0.4458888679907264,3.0,0.1185154809828464,0.2191214470284237,2.0,5,5.0,4.0,84.0,94.0,57.0,40.0,97.0,53.0,4.0,,,0,0,0
2026-08-09,202604020601,7,コスモフラムオット,新潟,1,2000,芝,良,未勝利,,,,3.0,40,見送り,14.0,95.6,0.0399002731521874,0.0828369519876122,0.1147976681873214,0.1147976681873214,2.81446611334912,9.0,0.0399002731521874,0.0671031096563011,11.0,13,13.0,13.0,59.0,38.0,73.0,100.0,37.0,53.0,11.0,,,0,0,0
2026-08-09,202604020601,16,コスモモノポリー,新潟,1,2000,芝,良,未勝利,,,,-3.0,40,見送り,13.0,89.2,0.0088888310322418,0.0199867254976055,0.0199867254976055,0.0199867254976055,-0.2071162719240292,16.0,0.0088888310322418,0.010062893081761,16.0,14,14.0,15.0,9.0,6.0,7.0,63.0,7.0,53.0,15.0,,,0,0,0
2026-08-09,202604020601,11,シアルナーレ,新潟,1,2000,芝,良,未勝利,△,,,-2.0,40,見送り,2.0,6.2,0.160401540115033,0.2157207725604694,0.3144048628746576,0.3144048628746576,-0.0055104512867949,2.0,0.160401540115033,0.1837802485284499,4.0,3,2.0,1.0,94.0,81.0,87.0,40.0,63.0,53.0,2.0,,210.0,0,1,1
2026-08-09,202604020601,13,スーパーユタカ,新潟,1,2000,芝,良,未勝利,◎,,,2.0,40,見送り,3.0,6.6,0.266108773757144,0.376163454425624,0.6285069467961775,0.6285069467961775,0.7563179067971502,1.0,0.266108773757144,0.3673835125448028,1.0,2,3.0,3.0,100.0,100.0,80.0,17.0,97.0,53.0,5.0,,,0,0,0
2026-08-09,202604020601,9,セイウンオオゾラ,新潟,1,2000,芝,良,未勝利,×,,,2.0,40,見送り,8.0,39.2,0.0399002731521874,0.1447408252384438,0.1611921035841748,0.1611921035841748,0.5640907075657482,6.0,0.0399002731521874,0.0942222222222222,6.0,8,8.0,8.0,59.0,69.0,93.0,63.0,37.0,53.0,6.0,,,0,0,0
2026-08-09,202604020601,3,セレスタイト,新潟,1,2000,芝,良,未勝利,,,,4.0,40,見送り,12.0,69.8,0.0399002731521874,0.0981350221756703,0.1367256243637733,0.1367256243637733,1.785039066022684,8.0,0.0399002731521874,0.0799207397622192,8.0,12,12.0,12.0,59.0,59.0,20.0,27.0,37.0,53.0,7.0,,,0,0,0
2026-08-09,202604020601,14,ツーハーツ,新潟,1,2000,芝,良,未勝利,,,,-7.0,40,見送り,6.0,12.2,0.0150499948052391,0.0547428835121209,0.0878533161155287,0.0878533161155287,-0.8163900633760827,13.0,0.0150499948052391,0.051353226925746,13.0,6,6.0,6.0,22.0,25.0,57.0,53.0,63.0,53.0,10.0,,,0,0,0
2026-08-09,202604020601,5,マイホームパパ,新潟,1,2000,芝,良,未勝利,,,,1.0,40,見送り,11.0,65.4,0.0150499948052391,0.049642401907534,0.1194307816249782,0.1194307816249782,-0.0157303397373611,14.0,0.0150499948052391,0.0698113207547169,10.0,11,11.0,11.0,22.0,44.0,67.0,90.0,80.0,53.0,12.0,,,0,0,0
2026-08-09,202604020601,12,マスターボリューム,新潟,1,2000,芝,良,未勝利,,,,4.0,40,見送り,16.0,137.4,0.0236327667881249,0.0747388451785347,0.0878533161155287,0.0878533161155287,2.247142156688368,12.0,0.0236327667881249,0.051353226925746,12.0,15,15.0,14.0,38.0,25.0,40.0,40.0,13.0,53.0,16.0,,,0,0,0
2026-08-09,202604020601,15,マハロハ,新潟,1,2000,芝,良,未勝利,,,,1.0,40,見送り,10.0,46.9,0.0236327667881249,0.0788991450823801,0.1201540811250119,0.1201540811250119,0.10837676236306,11.0,0.0236327667881249,0.0702341137123745,9.0,10,10.0,10.0,38.0,50.0,40.0,17.0,63.0,53.0,3.0,,820.0,0,0,1
2026-08-09,202604020601,4,モンサンアミュザン,新潟,1,2000,芝,良,未勝利,,,,0.0,40,見送り,15.0,102.7,0.0088888310322418,0.0355408053429872,0.0371137089425398,0.0371137089425398,-0.0871170529887647,15.0,0.0088888310322418,0.021694214876033,15.0,16,16.0,16.0,9.0,12.0,40.0,90.0,20.0,53.0,14.0,,,0,0,0
2026-08-09,202604020601,8,ラガリーガ,新潟,1,2000,芝,良,未勝利,,,,-4.0,40,見送り,1.0,2.0,0.0580816795140435,0.1436111282823051,0.2135864494318611,0.2135864494318611,-0.8838366409719128,5.0,0.0580816795140435,0.1248484848484848,5.0,1,1.0,2.0,75.0,75.0,100.0,77.0,37.0,53.0,1.0,200.0,130.0,1,1,1
2026-08-09,202607020601,12,オレンジフィールド,中京,1,2000,芝,良,未勝利,,,,-1.0,40,見送り,6.0,18.0,0.0175223295637282,0.0854025142147793,0.1416709307672804,0.1416709307672804,-0.6845980678528913,7.0,0.0175223295637282,0.1168353265869365,7.0,7,6.0,6.0,41.0,66.0,60.0,33.0,7.0,53.0,8.0,,,0,0,0
2026-08-09,202607020601,7,カミノトップワン,中京,1,2000,芝,良,未勝利,,,,1.0,40,見送り,13.0,85.3,0.0175223295637282,0.0569575432480342,0.062269346686512,0.062269346686512,0.4946547117860203,12.0,0.0175223295637282,0.051353226925746,12.0,13,13.0,13.0,41.0,34.0,20.0,80.0,64.0,53.0,14.0,,,0,0,0
2026-08-09,202607020601,11,キービート,中京,1,2000,芝,良,未勝利,,,,6.0,40,見送り,16.0,146.1,0.0175223295637282,0.057496206430525,0.0655442867606017,0.0655442867606017,1.5600123492606983,11.0,0.0175223295637282,0.054054054054054,10.0,15,15.0,15.0,41.0,44.0,40.0,93.0,21.0,53.0,9.0,,,0,0,0
2026-08-09,202607020601,3,クロスボーダー,中京,1,2000,芝,良,未勝利,◎,,,1.0,40,見送り,2.0,3.5,0.2672516437228707,0.4204082175477479,0.669418426270675,0.669418426270675,-0.0646192469699523,1.0,0.2672516437228707,0.5520661157024794,1.0,2,2.0,2.0,100.0,100.0,77.0,20.0,100.0,53.0,5.0,,,0,0,0
2026-08-09,202607020601,8,ゴナビーオーライト,中京,1,2000,芝,良,未勝利,,,,2.0,40,見送り,11.0,67.8,0.0175223295637282,0.0545346751186523,0.0851637304565009,0.0851637304565009,0.1880139444207758,9.0,0.0175223295637282,0.0702341137123745,9.0,11,11.0,10.0,41.0,50.0,13.0,73.0,57.0,53.0,13.0,,,0,0,0
2026-08-09,202607020601,5,ストラドーネ,中京,1,2000,芝,良,未勝利,,,,0.0,40,見送り,14.0,92.8,0.0175223295637282,0.0441383922742788,0.0441383922742788,0.0441383922742788,0.6260721835139824,13.0,0.0175223295637282,0.0318091451292246,14.0,14,14.0,14.0,41.0,19.0,53.0,60.0,43.0,53.0,16.0,,,0,0,0
2026-08-09,202607020601,13,チュオンソン,中京,1,2000,芝,良,未勝利,×,,,3.0,40,見送り,8.0,23.1,0.0602263220047558,0.151880716875941,0.2656999407494368,0.2656999407494368,0.3912280383098605,5.0,0.0602263220047558,0.2191214470284237,5.0,9,8.0,8.0,75.0,78.0,90.0,27.0,50.0,53.0,6.0,,,0,0,0
2026-08-09,202607020601,15,ティタノマキア,中京,1,2000,芝,良,未勝利,▲,,,0.0,40,見送り,3.0,4.0,0.2382867522796862,0.3327551224858861,0.4819915547544096,0.4819915547544096,-0.046852990881255,2.0,0.2382867522796862,0.3974960876369327,3.0,3,3.0,3.0,94.0,88.0,77.0,7.0,86.0,53.0,2.0,,140.0,0,1,1
2026-08-09,202607020601,16,ディアーモルタル,中京,1,2000,芝,良,未勝利,,,,-1.0,40,見送り,10.0,53.9,0.0175223295637282,0.0478989320281362,0.062269346686512,0.062269346686512,-0.0555464365150468,14.0,0.0175223295637282,0.051353226925746,11.0,10,10.0,11.0,41.0,34.0,67.0,100.0,,53.0,7.0,,,0,0,0
2026-08-09,202607020601,10,ニテンイチリュウ,中京,1,2000,芝,良,未勝利,,,,-1.0,40,見送り,15.0,108.3,0.0029426015046618,0.0114893995411342,0.012201955271156,0.012201955271156,-0.6813162570451166,16.0,0.0029426015046618,0.010062893081761,16.0,16,16.0,16.0,6.0,6.0,27.0,13.0,14.0,53.0,15.0,,,0,0,0
2026-08-09,202607020601,6,バンブラボー,中京,1,2000,芝,良,未勝利,,,,-3.0,40,見送り,12.0,82.8,0.0039035579077156,0.0223328929701236,0.0242999860735697,0.0242999860735697,-0.6767854052411435,15.0,0.0039035579077156,0.0200400801603206,15.0,12,12.0,12.0,12.0,12.0,7.0,67.0,29.0,53.0,12.0,,,0,0,0
2026-08-09,202607020601,14,フィンガーレイクス,中京,1,2000,芝,良,未勝利,○,,,-1.0,40,見送り,1.0,3.0,0.1776490092403648,0.345116110345177,0.5224769359335143,0.5224769359335143,-0.4670529722789055,3.0,0.1776490092403648,0.4308841843088418,2.0,1,1.0,1.0,88.0,94.0,90.0,47.0,79.0,53.0,1.0,360.0,130.0,1,1,1
2026-08-09,202607020601,4,マイコンプリート,中京,1,2000,芝,良,未勝利,,,,-9.0,40,見送り,4.0,13.0,0.0175223295637282,0.0595707455308352,0.0595707455308352,0.0595707455308352,-0.7722097156715326,8.0,0.0175223295637282,0.0385964912280701,13.0,4,4.0,5.0,41.0,25.0,,,,,3.0,,240.0,0,0,1
2026-08-09,202607020601,1,ラピス,中京,1,2000,芝,良,未勝利,,,,-1.0,40,見送り,7.0,18.5,0.0175223295637282,0.0536725175523539,0.1142509745222578,0.1142509745222578,-0.6758369030710272,10.0,0.0175223295637282,0.0942222222222222,8.0,6,7.0,7.0,41.0,56.0,100.0,53.0,71.0,53.0,4.0,,,0,0,0
2026-08-09,202607020601,2,レイアン,中京,1,2000,芝,良,未勝利,,,,3.0,40,見送り,9.0,39.4,0.0255067509482481,0.087752956578264,0.1416709307672804,0.1416709307672804,0.0049659873609753,6.0,0.0255067509482481,0.1168353265869365,6.0,8,9.0,9.0,69.0,66.0,40.0,40.0,36.0,53.0,10.0,,,0,0,0
2026-08-09,202607020601,9,ワンダーリュクス,中京,1,2000,芝,良,未勝利,△,,,1.0,40,見送り,5.0,17.4,0.0840547258818706,0.1685930572581307,0.2656999407494368,0.2656999407494368,0.4625522303445495,4.0,0.0840547258818706,0.2191214470284237,4.0,5,5.0,4.0,81.0,78.0,40.0,87.0,93.0,53.0,11.0,,,0,0,0
2026-08-09,202601010601,6,イチゴワタアメ,札幌,1,1700,ダート,良,未勝利,,,,-1.0,100,買い,11.0,72.0,0.0119214653783917,0.0363903667209193,0.0660343235531575,0.0660343235531575,-0.1416544927557975,12.0,0.0119214653783917,0.0295983086680761,12.0,11,11.0,10.0,12.0,8.0,94.0,89.0,,56.0,12.0,,,0,0,0
2026-08-09,202601010601,4,エコロヴァルド,札幌,1,1700,ダート,良,未勝利,,,,-1.0,100,買い,7.0,18.5,0.0535131923699316,0.1060066243153665,0.1497081642116419,0.1497081642116419,-0.0100059411562648,7.0,0.0535131923699316,0.0671031096563011,8.0,7,7.0,7.0,46.0,46.0,,,,,3.0,,610.0,0,0,1
2026-08-09,202601010601,7,カナデ,札幌,1,1700,ダート,良,未勝利,,,,0.0,100,買い,10.0,47.3,0.0316956425471821,0.0618247856601298,0.0709667368148674,0.0709667368148674,0.4992038924817146,10.0,0.0316956425471821,0.0318091451292246,10.0,10,10.0,11.0,25.0,17.0,22.0,39.0,100.0,56.0,9.0,,,0,0,0
2026-08-09,202601010601,12,サルトヴェローチェ,札幌,1,1700,ダート,良,未勝利,,,,-8.0,100,買い,1.0,1.7,0.0535131923699316,0.1194635786299473,0.1205955020874267,0.1205955020874267,-0.9090275729711162,6.0,0.0535131923699316,0.054054054054054,9.0,1,1.0,2.0,46.0,33.0,,,,,2.0,,110.0,0,1,1
2026-08-09,202601010601,5,シャムスクッカ,札幌,1,1700,ダート,良,未勝利,,,,2.0,100,買い,9.0,30.3,0.0778976143132827,0.1292071129352685,0.1497081642116419,0.1497081642116419,1.3602977136924688,5.0,0.0778976143132827,0.0671031096563011,7.0,9,9.0,9.0,71.0,46.0,,,,,7.0,,,0,0,0
2026-08-09,202601010601,3,シンゼンノト,札幌,1,1700,ダート,良,未勝利,○,★,,4.0,100,買い,6.0,14.5,0.1589498324600401,0.2590437769511965,0.4717227871946658,0.4717227871946658,1.3047725706705822,3.0,0.1589498324600401,0.2114384748700173,2.0,6,6.0,6.0,88.0,92.0,67.0,17.0,,56.0,5.0,,,0,0,0
2026-08-09,202601010601,10,テムファイア,札幌,1,1700,ダート,良,未勝利,△,,,0.0,100,買い,4.0,11.3,0.0778976143132827,0.2126408455076255,0.3194527503332067,0.3194527503332067,-0.1197569582599044,4.0,0.0778976143132827,0.1431870669745958,4.0,3,4.0,4.0,71.0,75.0,39.0,100.0,,56.0,1.0,780.0,210.0,1,1,1
2026-08-09,202601010601,9,ハイビスカス,札幌,1,1700,ダート,良,未勝利,◎,★,,4.0,100,買い,5.0,14.3,0.2567137636696617,0.4953720779005328,0.6557110274789476,0.6557110274789476,2.6710068204761632,1.0,0.2567137636696617,0.2939068100358422,1.0,5,5.0,5.0,100.0,100.0,94.0,17.0,75.0,56.0,4.0,,,0,0,0
2026-08-09,202601010601,1,ベイビーブラザー,札幌,1,1700,ダート,良,未勝利,×,,,2.0,100,買い,8.0,26.0,0.0535131923699316,0.1046522332275979,0.2102113596386167,0.2102113596386167,0.3913430016182224,9.0,0.0535131923699316,0.0942222222222222,6.0,8,8.0,8.0,46.0,58.0,39.0,72.0,,56.0,10.0,,,0,0,0
2026-08-09,202601010601,2,マーズエクレール,札幌,1,1700,ダート,良,未勝利,▲,,,-1.0,100,買い,2.0,4.9,0.1589498324600401,0.2397413527839768,0.4100168198832492,0.4100168198832492,-0.2211458209458031,2.0,0.1589498324600401,0.1837802485284499,3.0,2,2.0,1.0,88.0,83.0,78.0,56.0,50.0,56.0,6.0,,,0,0,0
2026-08-09,202601010601,11,モーモーワン,札幌,1,1700,ダート,良,未勝利,,,,1.0,100,買い,12.0,169.9,0.0119214653783917,0.0768494721963208,0.0768494721963208,0.0768494721963208,1.0254569677887502,11.0,0.0119214653783917,0.0318091451292246,11.0,12,12.0,12.0,12.0,25.0,11.0,72.0,25.0,56.0,8.0,,,0,0,0
2026-08-09,202601010601,8,ヴァイタリズム,札幌,1,1700,ダート,良,未勝利,,,,-2.0,100,買い,3.0,10.8,0.0535131923699316,0.1588077731711184,0.3049056277777107,0.3049056277777107,-0.4220575224047383,8.0,0.0535131923699316,0.1366666666666666,5.0,4,3.0,3.0,46.0,67.0,56.0,39.0,,56.0,11.0,,,0,0,0
2026-08-09,202604020602,2,アーバンアート,新潟,2,1200,芝,良,新馬,△,,,7.0,40,見送り,11.0,107.7,0.0951174336930018,0.2049292749373905,0.3429240960780539,0.3429240960780539,9.2441476087363,5.0,0.0951174336930018,0.1366666666666666,4.0,10,10.0,11.0,59.0,77.0,,,,,11.0,,,0,0,0
2026-08-09,202604020602,6,イスクメル,新潟,2,1200,芝,良,新馬,○,,◎妙,1.0,40,見送り,3.0,5.3,0.1451114946932557,0.224558028617259,0.3592850891146175,0.3592850891146175,-0.2309090781257448,1.0,0.1451114946932557,0.1431870669745958,2.0,2,3.0,3.0,100.0,95.0,,,,,1.0,280.0,140.0,1,1,1
2026-08-09,202604020602,5,エスシークザン,新潟,2,1200,芝,良,新馬,◎,,,0.0,40,見送り,1.0,2.9,0.1198442970013451,0.2539718912170031,0.3592850891146175,0.3592850891146175,-0.6524515386960991,2.0,0.1198442970013451,0.1431870669745958,1.0,1,1.0,1.0,86.0,95.0,,,,,3.0,,130.0,0,0,1
2026-08-09,202604020602,9,キンバリー,新潟,2,1200,芝,良,新馬,▲,,,5.0,40,見送り,8.0,22.4,0.1198442970013451,0.2385812576753475,0.3429240960780539,0.3429240960780539,1.6845122528301313,3.0,0.1198442970013451,0.1366666666666666,3.0,7,8.0,8.0,86.0,77.0,,,,,7.0,,,0,0,0
2026-08-09,202604020602,1,クリガーレ,新潟,2,1200,芝,良,新馬,,,,-1.0,40,見送り,6.0,16.9,0.0951174336930018,0.2085123211747672,0.2364224662391787,0.2364224662391787,0.6074846294117309,4.0,0.0951174336930018,0.0942222222222222,7.0,6,6.0,6.0,59.0,32.0,,,,,4.0,,,0,0,0
2026-08-09,202604020602,8,ゴータマ,新潟,2,1200,芝,良,新馬,×,,,0.0,40,見送り,9.0,25.3,0.0653426625682924,0.149959867097616,0.2364224662391787,0.2364224662391787,0.6531693629777984,8.0,0.0653426625682924,0.0942222222222222,9.0,9,9.0,9.0,27.0,32.0,,,,,9.0,,,0,0,0
2026-08-09,202604020602,10,シジマ,新潟,2,1200,芝,良,新馬,,,,-1.0,40,見送り,5.0,7.7,0.0951174336930018,0.1894740765746278,0.2605181057770102,0.2605181057770102,-0.2675957605638858,6.0,0.0951174336930018,0.1038251366120218,6.0,5,5.0,5.0,59.0,59.0,,,,,6.0,,,0,0,0
2026-08-09,202604020602,11,ドッカイッチャッテ,新潟,2,1200,芝,良,新馬,,,,-3.0,40,見送り,7.0,19.7,0.0653426625682924,0.1512040815616664,0.2364224662391787,0.2364224662391787,0.2872504525953607,9.0,0.0653426625682924,0.0942222222222222,10.0,8,7.0,7.0,27.0,32.0,,,,,8.0,,,0,0,0
2026-08-09,202604020602,7,メジェグレイス,新潟,2,1200,芝,良,新馬,,,,-1.0,40,見送り,4.0,7.5,0.0951174336930018,0.1606103237616317,0.2605181057770102,0.2605181057770102,-0.2866192473024862,7.0,0.0951174336930018,0.1038251366120218,5.0,4,4.0,4.0,59.0,59.0,,,,,2.0,,200.0,0,1,1
2026-08-09,202604020602,3,ルブラッシュノモー,新潟,2,1200,芝,良,新馬,,,,-1.0,40,見送り,10.0,34.5,0.0387021888271693,0.0692644254991963,0.1288555531039217,0.1288555531039217,0.3352255145373441,11.0,0.0387021888271693,0.051353226925746,11.0,11,11.0,10.0,9.0,9.0,,,,,10.0,,,0,0,0
2026-08-09,202604020602,4,ワイズジュエル,新潟,2,1200,芝,良,新馬,,,,-6.0,40,見送り,2.0,4.3,0.0653426625682924,0.1489344518834938,0.2364224662391787,0.2364224662391787,-0.7190265509563426,10.0,0.0653426625682924,0.0942222222222222,8.0,3,2.0,2.0,27.0,32.0,,,,,5.0,,,0,0,0
2026-08-09,202607020602,6,ウィンザーローズ,中京,2,1600,芝,良,新馬,○,,◎妙,2.0,40,見送り,4.0,14.0,0.2111899154218887,0.2308891890926541,0.4032727616328249,0.4032727616328249,1.9566588159064429,1.0,0.2111899154218887,0.2191214470284237,2.0,4,4.0,4.0,100.0,94.0,,,,,4.0,,,0,0,0
2026-08-09,202607020602,1,ガリアルダ,中京,2,1600,芝,良,新馬,◎,,,1.0,40,見送り,2.0,2.6,0.1166663201324764,0.280306899721468,0.4032727616328249,0.4032727616328249,-0.6966675676555611,4.0,0.1166663201324764,0.2191214470284237,1.0,2,2.0,2.0,67.0,94.0,,,,,3.0,,110.0,0,0,1
2026-08-09,202607020602,8,ジュエルシップ,中京,2,1600,芝,良,新馬,×,,,2.0,40,見送り,7.0,29.2,0.1166663201324764,0.2388329274378555,0.3382305537076028,0.3382305537076028,2.4066565478683133,6.0,0.1166663201324764,0.1837802485284499,5.0,7,7.0,7.0,67.0,56.0,,,,,7.0,,,0,0,0
2026-08-09,202607020602,9,ノンヴェドローラ,中京,2,1600,芝,良,新馬,,,,-4.0,40,見送り,5.0,14.0,0.0525340050119068,0.1459803287608537,0.2297720919303321,0.2297720919303321,-0.2645239298333038,9.0,0.0525340050119068,0.1248484848484848,9.0,5,5.0,5.0,11.0,11.0,,,,,8.0,,,0,0,0
2026-08-09,202607020602,4,ビップルーチェ,中京,2,1600,芝,良,新馬,△,,,5.0,40,見送り,9.0,58.1,0.0764722394519109,0.2344979387709984,0.3382305537076028,0.3382305537076028,3.443037112156027,7.0,0.0764722394519109,0.1837802485284499,4.0,9,9.0,9.0,28.0,56.0,,,,,9.0,,,0,0,0
2026-08-09,202607020602,5,ピュアノーブル,中京,2,1600,芝,良,新馬,▲,★,,3.0,40,見送り,6.0,16.6,0.1166663201324764,0.2451431897838351,0.3595822887561027,0.3595822887561027,0.9366609141991098,3.0,0.1166663201324764,0.1953818827708703,3.0,6,6.0,6.0,67.0,78.0,,,,,5.0,,,0,0,0
2026-08-09,202607020602,7,ミリオンカラー,中京,2,1600,芝,良,新馬,,,,2.0,40,見送り,8.0,36.2,0.1166663201324764,0.2277483439967458,0.3382305537076028,0.3382305537076028,3.2233207887956485,2.0,0.1166663201324764,0.1837802485284499,6.0,8,8.0,8.0,67.0,56.0,,,,,6.0,,,0,0,0
2026-08-09,202607020602,3,リアンフィニ,中京,2,1600,芝,良,新馬,,,,-6.0,40,見送り,1.0,2.5,0.1166663201324764,0.2062984131229229,0.3258858783153963,0.3258858783153963,-0.7083341996688088,5.0,0.1166663201324764,0.1770726714431934,7.0,1,1.0,1.0,67.0,33.0,,,,,2.0,,110.0,0,1,1
2026-08-09,202607020602,2,レニュアージュ,中京,2,1600,芝,良,新馬,,,,-5.0,40,見送り,3.0,5.0,0.0764722394519109,0.1903027693126661,0.2635225566097107,0.2635225566097107,-0.6176388027404451,8.0,0.0764722394519109,0.1431870669745958,8.0,3,3.0,3.0,28.0,22.0,,,,,1.0,550.0,120.0,1,1,1
2026-08-09,202601010602,6,カッサンドラ,札幌,2,1000,ダート,良,未勝利,○,,,1.0,40,見送り,3.0,7.4,0.1299246408263073,0.2728489908297427,0.5249226140022187,0.5249226140022187,-0.0385576578853258,4.0,0.1299246408263073,0.3673835125448028,2.0,4,4.0,4.0,79.0,92.0,58.0,50.0,100.0,54.0,6.0,,,0,0,0
2026-08-09,202601010602,3,ケイベエ,札幌,2,1000,ダート,良,未勝利,,,,-1.0,40,見送り,10.0,89.9,0.0182648636504251,0.0393548588492292,0.0422904703819453,0.0422904703819453,0.6420112421732187,11.0,0.0182648636504251,0.0295983086680761,11.0,12,12.0,10.0,21.0,8.0,50.0,17.0,45.0,54.0,10.0,,,0,0,0
2026-08-09,202601010602,5,スイーヴル,札幌,2,1000,ダート,良,未勝利,◎,,,0.0,40,見送り,1.0,2.0,0.2383911962310894,0.3990817643482409,0.6156532469105511,0.6156532469105511,-0.5232176075378211,1.0,0.2383911962310894,0.4308841843088418,1.0,1,1.0,1.0,100.0,100.0,96.0,42.0,73.0,54.0,1.0,210.0,110.0,1,1,1
2026-08-09,202601010602,12,テリオスルミ,札幌,2,1000,ダート,良,未勝利,,,,-3.0,40,見送り,9.0,76.9,0.0182648636504251,0.052651690378955,0.052651690378955,0.052651690378955,0.404568014717692,10.0,0.0182648636504251,0.0295983086680761,12.0,9,9.0,11.0,21.0,25.0,96.0,58.0,9.0,54.0,11.0,,,0,0,0
2026-08-09,202601010602,10,ハクサンレイホウ,札幌,2,1000,ダート,良,未勝利,,,,4.0,40,見送り,12.0,133.6,0.0448891137640623,0.0876853169505373,0.0876853169505373,0.0876853169505373,4.997185598878733,8.0,0.0448891137640623,0.054054054054054,8.0,11,11.0,12.0,42.0,42.0,8.0,100.0,23.0,54.0,5.0,,,0,0,0
2026-08-09,202601010602,2,フジコンフィデンス,札幌,2,1000,ダート,良,未勝利,△,,,2.0,40,見送り,6.0,16.5,0.1299246408263073,0.2448902854226499,0.3130837362879257,0.3130837362879257,1.143756573634071,3.0,0.1299246408263073,0.2191214470284237,4.0,6,6.0,6.0,79.0,71.0,21.0,33.0,55.0,54.0,9.0,,,0,0,0
2026-08-09,202601010602,9,マーゴットオネイロ,札幌,2,1000,ダート,良,未勝利,▲,,,-1.0,40,見送り,2.0,3.7,0.1612340799487814,0.3095591176027374,0.4606813561678806,0.4606813561678806,-0.4034339041895085,2.0,0.1612340799487814,0.3224222585924713,3.0,2,2.0,2.0,92.0,83.0,42.0,67.0,91.0,54.0,2.0,,120.0,0,1,1
2026-08-09,202601010602,1,メイショウマドンナ,札幌,2,1000,ダート,良,未勝利,,,,0.0,40,見送り,5.0,11.3,0.0915960928325984,0.2185888059352831,0.3130837362879257,0.3130837362879257,0.0350358490083622,5.0,0.0915960928325984,0.2191214470284237,5.0,5,5.0,5.0,67.0,71.0,67.0,75.0,64.0,54.0,3.0,,180.0,0,0,1
2026-08-09,202601010602,4,メイヨシュア,札幌,2,1000,ダート,良,未勝利,,,,2.0,40,見送り,11.0,94.9,0.0308373985692448,0.0583580348524979,0.0586179999726305,0.0586179999726305,1.9264691242213383,9.0,0.0308373985692448,0.041025641025641,9.0,10,10.0,9.0,33.0,33.0,33.0,83.0,,54.0,8.0,,,0,0,0
2026-08-09,202601010602,7,ラブデウザ,札幌,2,1000,ダート,良,未勝利,,,,-3.0,40,見送り,7.0,29.8,0.0116315666938931,0.0312382076786585,0.0454493439151608,0.0454493439151608,-0.6533793125219833,12.0,0.0116315666938931,0.0318091451292246,10.0,7,8.0,8.0,8.0,17.0,83.0,92.0,36.0,54.0,7.0,,,0,0,0
2026-08-09,202601010602,8,ルクスドリーム,札幌,2,1000,ダート,良,未勝利,,,,-3.0,40,見送り,4.0,9.8,0.0565585516050699,0.1039234030709505,0.2045876500199488,0.2045876500199488,-0.4457261942703144,7.0,0.0565585516050699,0.1431870669745958,7.0,3,3.0,3.0,50.0,50.0,21.0,8.0,23.0,54.0,,,,0,0,0
2026-08-09,202601010602,11,ロングフルスペック,札幌,2,1000,ダート,良,未勝利,×,,,2.0,40,見送り,8.0,40.7,0.0684829914017954,0.181819524080517,0.3021062000322529,0.3021062000322529,1.7872577500530729,6.0,0.0684829914017954,0.2114384748700173,6.0,8,7.0,7.0,58.0,58.0,75.0,25.0,82.0,54.0,4.0,,,0,0,0
2026-08-09,202604020603,11,アルペンローゼ,新潟,3,1200,ダート,良,未勝利,,,,-1.0,40,見送り,9.0,26.5,0.0254742380459418,0.062823100683166,0.062823100683166,0.062823100683166,-0.3249326917825398,12.0,0.0254742380459418,0.041025641025641,10.0,9,9.0,9.0,40.0,40.0,85.0,69.0,17.0,54.0,14.0,,,0,0,0
2026-08-09,202604020603,4,エコロセレナ,新潟,3,1200,ダート,良,未勝利,○,,,0.0,40,見送り,2.0,3.9,0.1969308165606502,0.3485976325543651,0.6071456528230813,0.6071456528230813,-0.2319698154134643,2.0,0.1969308165606502,0.3974960876369327,2.0,2,2.0,2.0,93.0,93.0,92.0,15.0,92.0,54.0,10.0,,,0,0,0
2026-08-09,202604020603,6,エトワールフィーユ,新潟,3,1200,ダート,良,未勝利,,,,-4.0,40,見送り,11.0,49.0,0.0042780003042103,0.0126001107415803,0.0153703193048659,0.0153703193048659,-0.7903779850936916,15.0,0.0042780003042103,0.010062893081761,15.0,11,12.0,12.0,7.0,7.0,15.0,54.0,17.0,54.0,11.0,,,0,0,0
2026-08-09,202604020603,10,カウガールハット,新潟,3,1200,ダート,良,未勝利,,,,-1.0,40,見送り,13.0,89.4,0.0096086347278009,0.0262372312631685,0.0262372312631685,0.0262372312631685,-0.1409880553345991,14.0,0.0096086347278009,0.0169204737732656,14.0,14,14.0,14.0,17.0,13.0,62.0,100.0,17.0,54.0,7.0,,,0,0,0
2026-08-09,202604020603,13,キョウエイハル,新潟,3,1200,ダート,良,未勝利,,,,-3.0,40,見送り,10.0,28.6,0.0096086347278009,0.0362634569745275,0.0362634569745275,0.0362634569745275,-0.7251930467848942,13.0,0.0096086347278009,0.021694214876033,13.0,10,11.0,10.0,17.0,20.0,8.0,35.0,33.0,54.0,9.0,,,0,0,0
2026-08-09,202604020603,2,クツワエターナル,新潟,3,1200,ダート,良,未勝利,,,,3.0,40,見送り,15.0,148.4,0.0254742380459418,0.0509298594087899,0.0509298594087899,0.0509298594087899,2.780376926017777,11.0,0.0254742380459418,0.0295983086680761,12.0,15,15.0,15.0,40.0,27.0,,,,,8.0,,,0,0,0
2026-08-09,202604020603,14,グランキンバリー,新潟,3,1200,ダート,良,未勝利,,,,3.0,40,見送り,12.0,60.8,0.0254742380459418,0.0827596369049367,0.1024949995380743,0.1024949995380743,0.5488336731932673,8.0,0.0254742380459418,0.0671031096563011,9.0,12,10.0,11.0,40.0,47.0,27.0,92.0,42.0,54.0,13.0,,,0,0,0
2026-08-09,202604020603,15,セントリアン,新潟,3,1200,ダート,良,未勝利,,,,0.0,40,見送り,7.0,17.8,0.0370821153129809,0.0949907705996967,0.1439174230912286,0.1439174230912286,-0.3399383474289392,7.0,0.0370821153129809,0.0942222222222222,7.0,7,7.0,7.0,60.0,60.0,69.0,46.0,75.0,54.0,6.0,,,0,0,0
2026-08-09,202604020603,8,テリオスレイ,新潟,3,1200,ダート,良,未勝利,,,,-5.0,40,見送り,3.0,8.6,0.0254742380459418,0.0696310844861413,0.1220729743668745,0.1220729743668745,-0.7809215528048997,9.0,0.0254742380459418,0.0799207397622192,8.0,4,4.0,4.0,40.0,53.0,77.0,23.0,,54.0,5.0,,,0,0,0
2026-08-09,202604020603,12,ハングローズ,新潟,3,1200,ダート,良,未勝利,◎,,,0.0,40,見送り,1.0,2.5,0.2582689210105172,0.4006215306378467,0.6335987180116984,0.6335987180116984,-0.3543276974737068,1.0,0.2582689210105172,0.4148148148148148,1.0,1,1.0,1.0,100.0,100.0,100.0,62.0,100.0,54.0,4.0,,,0,0,0
2026-08-09,202604020603,9,ビューティドリーム,新潟,3,1200,ダート,良,未勝利,,,,3.0,40,見送り,14.0,93.8,0.0254742380459418,0.0576913750541662,0.0576913750541662,0.0576913750541662,1.38948352870935,10.0,0.0254742380459418,0.0324675324675324,11.0,13,13.0,13.0,40.0,33.0,,,,,12.0,,,0,0,0
2026-08-09,202604020603,5,プティシラー,新潟,3,1200,ダート,良,未勝利,,,,2.0,40,見送り,8.0,22.4,0.0565726068348523,0.1357761086420551,0.1784572549006204,0.1784572549006204,0.2672263931006922,6.0,0.0565726068348523,0.1168353265869365,6.0,8,8.0,8.0,67.0,67.0,38.0,77.0,62.0,54.0,15.0,,,0,0,0
2026-08-09,202604020603,3,ヨルヴィック,新潟,3,1200,ダート,良,未勝利,△,,,1.0,40,見送り,5.0,10.9,0.1024079960616018,0.2330112449478345,0.3346916816075084,0.3346916816075084,0.1162471570714602,4.0,0.1024079960616018,0.2191214470284237,4.0,6,5.0,6.0,80.0,80.0,54.0,8.0,62.0,54.0,1.0,600.0,270.0,1,1,1
2026-08-09,202604020603,7,ロジザボード,新潟,3,1200,ダート,良,未勝利,×,,,1.0,40,見送り,6.0,17.6,0.0756659375030071,0.1535940030407712,0.2704653103370963,0.2704653103370963,0.3317205000529257,5.0,0.0756659375030071,0.1770726714431934,5.0,5,6.0,5.0,73.0,73.0,46.0,85.0,50.0,54.0,3.0,,370.0,0,0,1
2026-08-09,202604020603,1,ローズオブジャパン,新潟,3,1200,ダート,良,未勝利,▲,,,1.0,40,見送り,4.0,9.8,0.1222051467268685,0.2344728540609537,0.375340049919168,0.375340049919168,0.1976104379233114,3.0,0.1222051467268685,0.2457337883959044,3.0,3,3.0,3.0,87.0,87.0,27.0,35.0,83.0,54.0,2.0,,240.0,0,1,1
2026-08-09,202607020603,1,コパノマハロ,中京,3,2000,芝,良,新馬,◎,,,5.0,40,見送り,6.0,29.0,0.171898242957581,0.3475543751264308,0.4975638838929799,0.4975638838929799,3.985049045769848,1.0,0.171898242957581,0.273972602739726,1.0,6,6.0,6.0,94.0,100.0,,,,,5.0,,,0,0,0
2026-08-09,202607020603,2,ショウナンバトレニ,中京,3,2000,芝,良,新馬,○,,,0.0,40,見送り,2.0,3.4,0.1285219219553669,0.337611973168424,0.4462791422767069,0.4462791422767069,-0.5630254653517526,4.0,0.1285219219553669,0.2457337883959044,2.0,2,2.0,2.0,56.0,88.0,,,,,2.0,,100.0,0,1,1
2026-08-09,202607020603,7,ソウカイファンキー,中京,3,2000,芝,良,新馬,,,,-2.0,40,見送り,4.0,15.0,0.0842433290038665,0.188790149907524,0.3215831263912203,0.3215831263912203,0.2636499350579977,7.0,0.0842433290038665,0.1770726714431934,6.0,4,4.0,4.0,25.0,38.0,,,,,3.0,,120.0,0,0,1
2026-08-09,202607020603,4,ダンスコマンド,中京,3,2000,芝,良,新馬,,,,-2.0,40,見送り,3.0,10.2,0.1285219219553669,0.2658379424413674,0.3839951429766793,0.3839951429766793,0.3109236039447423,3.0,0.1285219219553669,0.2114384748700173,5.0,3,3.0,3.0,56.0,50.0,,,,,7.0,,,0,0,0
2026-08-09,202607020603,5,ディープナイト,中京,3,2000,芝,良,新馬,×,,,0.0,40,見送り,8.0,58.0,0.1285219219553669,0.1897884775814206,0.2600432030600031,0.2600432030600031,6.45427147341128,5.0,0.1285219219553669,0.1431870669745958,8.0,8,8.0,8.0,56.0,12.0,,,,,6.0,,,0,0,0
2026-08-09,202607020603,6,ドラゴンバルド,中京,3,2000,芝,良,新馬,▲,,,-2.0,40,見送り,1.0,1.4,0.171898242957581,0.2694444579950871,0.3979482515311502,0.3979482515311502,-0.7593424598593866,2.0,0.171898242957581,0.2191214470284237,3.0,1,1.0,1.0,94.0,69.0,,,,,1.0,150.0,100.0,1,1,1
2026-08-09,202607020603,3,ドリームオブコージ,中京,3,2000,芝,良,新馬,△,,,3.0,40,見送り,7.0,41.9,0.1285219219553669,0.2548076206182304,0.3979482515311502,0.3979482515311502,4.385068529929873,6.0,0.1285219219553669,0.2191214470284237,4.0,7,7.0,7.0,56.0,69.0,,,,,8.0,,,0,0,0
2026-08-09,202607020603,8,リリーギャラクシー,中京,3,2000,芝,良,新馬,,,,-2.0,40,見送り,5.0,27.5,0.0578724972595038,0.1461650031615154,0.2946389983401097,0.2946389983401097,0.5914936746363568,8.0,0.0578724972595038,0.1622364802933089,7.0,5,5.0,5.0,12.0,25.0,,,,,4.0,,,0,0,0
2026-08-09,202601010603,9,エイカイコバチ,札幌,3,2000,芝,良,1勝クラス,,,,1.0,40,見送り,8.0,14.9,0.0878597830800466,0.1873657007662179,0.2285175391481292,0.2285175391481292,0.3091107678926947,3.0,0.0878597830800466,0.1770726714431934,7.0,8,8.0,8.0,80.0,40.0,10.0,20.0,50.0,100.0,3.0,,270.0,0,0,1
2026-08-09,202601010603,1,エオアリイ,札幌,3,2000,芝,良,1勝クラス,,,,-1.0,40,見送り,7.0,13.4,0.0372099363001593,0.1570205911011299,0.1611206759994072,0.1611206759994072,-0.5013868535778645,8.0,0.0372099363001593,0.1248484848484848,8.0,6,6.0,6.0,25.0,25.0,25.0,10.0,40.0,60.0,5.0,,,0,0,0
2026-08-09,202601010603,2,グランツローゼ,札幌,3,2000,芝,良,1勝クラス,,,,0.0,40,見送り,10.0,30.8,0.015140294739067,0.0447849724626657,0.0529448076473033,0.0529448076473033,-0.5336789220367355,10.0,0.015140294739067,0.041025641025641,10.0,10,10.0,10.0,10.0,10.0,100.0,100.0,20.0,25.0,9.0,,,0,0,0
2026-08-09,202601010603,6,サウンドサンライズ,札幌,3,2000,芝,良,1勝クラス,△,,,1.0,40,見送り,5.0,9.2,0.0759267558178682,0.1813691425638526,0.3535697770967174,0.3535697770967174,-0.3014738464756125,4.0,0.0759267558178682,0.273972602739726,4.0,5,5.0,5.0,65.0,70.0,85.0,80.0,80.0,25.0,8.0,,,0,0,0
2026-08-09,202601010603,7,ストラニエーロ,札幌,3,2000,芝,良,1勝クラス,,,,-3.0,40,見送り,6.0,11.6,0.0567676109869039,0.0972017976455067,0.1611206759994072,0.1611206759994072,-0.3414957125519142,7.0,0.0567676109869039,0.1248484848484848,9.0,7,7.0,7.0,45.0,25.0,25.0,60.0,10.0,75.0,10.0,,,0,0,0
2026-08-09,202601010603,5,デルシエロ,札幌,3,2000,芝,良,1勝クラス,○,,,2.0,40,見送り,4.0,7.0,0.1027609934847821,0.2332866759072685,0.4310167507322582,0.4310167507322582,-0.2806730456065247,2.0,0.1027609934847821,0.333984375,2.0,4,4.0,4.0,90.0,90.0,85.0,70.0,90.0,50.0,4.0,,,0,0,0
2026-08-09,202601010603,8,ピティロディア,札幌,3,2000,芝,良,1勝クラス,×,,,3.0,40,見送り,9.0,22.7,0.0372099363001593,0.1343432733206508,0.2371738665004893,0.2371738665004893,-0.1553344459863824,9.0,0.0372099363001593,0.1837802485284499,6.0,9,9.0,9.0,25.0,50.0,60.0,90.0,60.0,25.0,7.0,,,0,0,0
2026-08-09,202601010603,3,マテンロウゼロ,札幌,3,2000,芝,良,1勝クラス,,,,-4.0,40,見送り,1.0,3.4,0.0759267558178682,0.2090820408689515,0.2827827323177674,0.2827827323177674,-0.7418490302192481,5.0,0.0759267558178682,0.2191214470284237,5.0,1,1.0,1.0,65.0,60.0,60.0,40.0,30.0,75.0,6.0,,,0,0,0
2026-08-09,202601010603,10,メイショウテンク,札幌,3,2000,芝,良,1勝クラス,◎,,,2.0,40,見送り,3.0,5.6,0.4544303224862411,0.5417038069904017,0.7124577111712534,0.7124577111712534,1.5448098059229505,1.0,0.4544303224862411,0.5520661157024794,1.0,2,3.0,2.0,100.0,100.0,40.0,50.0,100.0,90.0,2.0,,150.0,0,1,1
2026-08-09,202601010603,4,レジェンドシップ,札幌,3,2000,芝,良,1勝クラス,▲,,,-1.0,40,見送り,2.0,4.3,0.0567676109869039,0.2138419983733539,0.379295463387267,0.379295463387267,-0.7558992727563131,6.0,0.0567676109869039,0.2939068100358422,3.0,3,2.0,3.0,45.0,80.0,60.0,30.0,70.0,25.0,1.0,420.0,160.0,1,1,1
2026-08-09,202604020604,3,アデルフィー,新潟,4,1800,ダート,良,未勝利,,,,-3.0,40,見送り,3.0,6.2,0.0418869008851837,0.1273526761797997,0.2161667260860875,0.2161667260860875,-0.7403012145118608,6.0,0.0418869008851837,0.1622364802933089,6.0,4,3.0,3.0,67.0,70.0,63.0,33.0,62.0,53.0,4.0,,,0,0,0
2026-08-09,202604020604,2,オセアビシャイン,新潟,4,1800,ダート,良,未勝利,,,,-2.0,40,見送り,12.0,53.8,0.0071143253423029,0.0262719206761742,0.0289057516304708,0.0289057516304708,-0.6172492965841014,14.0,0.0071143253423029,0.021694214876033,14.0,12,12.0,12.0,10.0,13.0,13.0,53.0,46.0,53.0,9.0,,,0,0,0
2026-08-09,202604020604,8,カシマライフウ,新潟,4,1800,ダート,良,未勝利,△,,,1.0,40,見送り,5.0,11.9,0.079467039062373,0.2480895492670825,0.3982769712231541,0.3982769712231541,-0.0543422351577609,4.0,0.079467039062373,0.2989130434782608,4.0,5,5.0,5.0,80.0,80.0,43.0,47.0,100.0,53.0,3.0,,170.0,0,0,1
2026-08-09,202604020604,15,カノープス,新潟,4,1800,ダート,良,未勝利,,,,-2.0,40,見送り,11.0,52.9,0.0188613702612442,0.0378498462522644,0.0378498462522644,0.0378498462522644,-0.0022335131801811,12.0,0.0188613702612442,0.021694214876033,13.0,11,11.0,10.0,40.0,20.0,63.0,27.0,,53.0,8.0,,,0,0,0
2026-08-09,202604020604,4,キセログラフィカ,新潟,4,1800,ダート,良,未勝利,▲,,,1.0,40,見送り,4.0,8.5,0.1912247870717927,0.3183064374174437,0.4895082226959065,0.4895082226959065,0.6254106901102385,3.0,0.1912247870717927,0.3673835125448028,3.0,3,4.0,4.0,90.0,90.0,27.0,20.0,69.0,53.0,5.0,,,0,0,0
2026-08-09,202604020604,13,クィーンズウィンク,新潟,4,1800,ダート,良,未勝利,,,,3.0,40,見送り,13.0,62.7,0.0188613702612442,0.0594284421508255,0.0594284421508255,0.0594284421508255,0.1826079153800122,8.0,0.0188613702612442,0.041025641025641,10.0,15,15.0,14.0,40.0,40.0,100.0,87.0,23.0,53.0,15.0,,,0,0,0
2026-08-09,202604020604,12,クリムゾンリーフ,新潟,4,1800,ダート,良,未勝利,◎,,,0.0,40,見送り,1.0,3.0,0.2774611872347262,0.4457896005542061,0.6796223508950077,0.6796223508950077,-0.1676164382958214,1.0,0.2774611872347262,0.5100671140939598,1.0,1,1.0,1.0,100.0,100.0,43.0,13.0,92.0,53.0,2.0,,110.0,0,1,1
2026-08-09,202604020604,7,ジュングロワール,新潟,4,1800,ダート,良,未勝利,×,,,10.0,40,見送り,15.0,107.7,0.0648287634742398,0.1195378138420468,0.2161667260860875,0.2161667260860875,5.982057826175636,5.0,0.0648287634742398,0.1622364802933089,5.0,13,13.0,13.0,73.0,70.0,20.0,100.0,81.0,53.0,10.0,,,0,0,0
2026-08-09,202604020604,1,ダゴベルト,新潟,4,1800,ダート,良,未勝利,,,,2.0,40,見送り,14.0,106.2,0.0188613702612442,0.0364272322857721,0.0394373045500997,0.0394373045500997,1.0030775217441352,11.0,0.0188613702612442,0.0295983086680761,12.0,14,14.0,15.0,40.0,30.0,53.0,77.0,8.0,53.0,12.0,,,0,0,0
2026-08-09,202604020604,5,ヌビアン,新潟,4,1800,ダート,良,未勝利,,,,-2.0,40,見送り,9.0,41.6,0.011171511608161,0.0361145485091915,0.0394373045500997,0.0394373045500997,-0.5352651171004993,13.0,0.011171511608161,0.0295983086680761,11.0,10,9.0,11.0,20.0,30.0,33.0,60.0,,53.0,7.0,,,0,0,0
2026-08-09,202604020604,9,ハリコミチュウ,新潟,4,1800,ダート,良,未勝利,,,,-8.0,40,見送り,7.0,16.9,0.0071143253423029,0.0183916237724093,0.0183916237724093,0.0183916237724093,-0.8797679017150802,15.0,0.0071143253423029,0.010062893081761,15.0,7,7.0,9.0,10.0,7.0,7.0,67.0,15.0,53.0,11.0,,,0,0,0
2026-08-09,202604020604,10,モンスターラッシュ,新潟,4,1800,ダート,良,未勝利,○,,,0.0,40,見送り,2.0,3.8,0.1912247870717927,0.3194772429606376,0.4895082226959065,0.4895082226959065,-0.2733458091271875,2.0,0.1912247870717927,0.3673835125448028,2.0,2,2.0,2.0,90.0,90.0,73.0,7.0,81.0,53.0,1.0,350.0,130.0,1,1,1
2026-08-09,202604020604,6,ユイノスレチガイ,新潟,4,1800,ダート,良,未勝利,,,,2.0,40,見送り,10.0,52.6,0.0188613702612442,0.0674534033200905,0.1064877925701009,0.1064877925701009,-0.0078919242585543,10.0,0.0188613702612442,0.0799207397622192,8.0,9,8.0,7.0,40.0,57.0,93.0,77.0,54.0,53.0,13.0,,,0,0,0
2026-08-09,202604020604,11,ラスタリア,新潟,4,1800,ダート,良,未勝利,,,,-1.0,40,見送り,6.0,12.5,0.0188613702612442,0.0682720988415487,0.1064877925701009,0.1064877925701009,-0.7642328717344473,9.0,0.0188613702612442,0.0799207397622192,7.0,6,6.0,6.0,40.0,57.0,80.0,40.0,31.0,53.0,14.0,,,0,0,0
2026-08-09,202604020604,14,レッドリアライズ,新潟,4,1800,ダート,良,未勝利,,,,-1.0,40,見送り,8.0,22.1,0.0341995216009033,0.0712375639705072,0.0930178257319805,0.0930178257319805,-0.2441905726200357,7.0,0.0341995216009033,0.0698113207547169,9.0,8,10.0,8.0,60.0,47.0,87.0,93.0,38.0,53.0,6.0,,,0,0,0
2026-08-09,202607020604,5,アイゼンハイム,中京,4,1800,ダート,良,未勝利,,,,-1.0,40,見送り,10.0,37.8,0.022758017562837,0.046138824231732,0.0746342704422878,0.0746342704422878,-0.1397469361247604,11.0,0.022758017562837,0.051353226925746,11.0,10,11.0,9.0,38.0,38.0,70.0,83.0,,53.0,12.0,,,0,0,0
2026-08-09,202607020604,6,アラムシャピラス,中京,4,1800,ダート,良,未勝利,◎,,,1.0,40,見送り,2.0,4.3,0.373885365976216,0.4481517353472051,0.7055921352538432,0.7055921352538432,0.6077070736977288,1.0,0.373885365976216,0.4854932301740812,1.0,2,2.0,1.0,100.0,100.0,100.0,7.0,100.0,53.0,2.0,,160.0,0,1,1
2026-08-09,202607020604,2,アルヴァルディ,中京,4,1800,ダート,良,未勝利,,,,-6.0,40,見送り,9.0,37.1,0.022758017562837,0.041865139495346,0.041865139495346,0.041865139495346,-0.1556775484187461,14.0,0.022758017562837,0.021694214876033,15.0,9,9.0,11.0,38.0,19.0,93.0,40.0,8.0,53.0,16.0,,,0,0,0
2026-08-09,202607020604,13,エイシンリブウェル,中京,4,1800,ダート,良,未勝利,○,,,-1.0,40,見送り,1.0,2.8,0.1608373632005249,0.3369179156147066,0.5837229953100912,0.5837229953100912,-0.5496553830385302,2.0,0.1608373632005249,0.4016393442622951,2.0,1,1.0,2.0,94.0,94.0,40.0,53.0,92.0,53.0,1.0,210.0,120.0,1,1,1
2026-08-09,202607020604,9,グランセンチュリ,中京,4,1800,ダート,良,未勝利,,,,0.0,40,見送り,13.0,43.3,0.022758017562837,0.049653660906291,0.049653660906291,0.049653660906291,-0.0145778395291567,13.0,0.022758017562837,0.0318091451292246,13.0,16,16.0,16.0,38.0,25.0,,,,,15.0,,,0,0,0
2026-08-09,202607020604,16,サクライロマウコロ,中京,4,1800,ダート,良,未勝利,,,,-4.0,40,見送り,12.0,39.5,0.0038218535086882,0.0101233996362055,0.014624917043323,0.014624917043323,-0.8490367864068155,16.0,0.0038218535086882,0.010062893081761,16.0,12,12.0,13.0,6.0,6.0,60.0,100.0,,53.0,14.0,,,0,0,0
2026-08-09,202607020604,7,サンライズフリード,中京,4,1800,ダート,良,未勝利,,,,0.0,40,見送り,8.0,27.0,0.0331281913138283,0.1016675184222902,0.1161528975381819,0.1161528975381819,-0.1055388345266342,6.0,0.0331281913138283,0.0799207397622192,8.0,8,8.0,8.0,66.0,53.0,33.0,20.0,54.0,53.0,8.0,,,0,0,0
2026-08-09,202607020604,11,ジーティーピカソ,中京,4,1800,ダート,良,未勝利,,,,-2.0,40,見送り,7.0,19.4,0.0505404863376528,0.1079317611011048,0.1161528975381819,0.1161528975381819,-0.019514565049534,5.0,0.0505404863376528,0.0799207397622192,9.0,7,7.0,7.0,75.0,53.0,27.0,27.0,54.0,53.0,4.0,,,0,0,0
2026-08-09,202607020604,4,スパルタンエックス,中京,4,1800,ダート,良,未勝利,▲,,,0.0,40,見送り,3.0,5.3,0.1091703543699385,0.280506684319736,0.4271497948271634,0.4271497948271634,-0.4213971218393256,3.0,0.1091703543699385,0.2939068100358422,3.0,3,3.0,3.0,88.0,88.0,87.0,13.0,69.0,53.0,11.0,,,0,0,0
2026-08-09,202607020604,3,タイセイゼスティ,中京,4,1800,ダート,良,未勝利,,,,-1.0,40,見送り,5.0,11.3,0.022758017562837,0.0889865006179874,0.1508943797400235,0.1508943797400235,-0.7428344015399415,8.0,0.022758017562837,0.1038251366120218,6.0,5,5.0,5.0,38.0,69.0,7.0,67.0,81.0,53.0,7.0,,,0,0,0
2026-08-09,202607020604,8,ハオカノア,中京,4,1800,ダート,良,未勝利,×,,,6.0,40,見送り,11.0,38.8,0.067597968249193,0.1487712360253342,0.2081010857579078,0.2081010857579078,1.62280116806869,4.0,0.067597968249193,0.1431870669745958,5.0,11,10.0,10.0,81.0,78.0,47.0,60.0,81.0,53.0,6.0,,,0,0,0
2026-08-09,202607020604,10,ビーウィナー,中京,4,1800,ダート,良,未勝利,,,,7.0,40,見送り,14.0,54.5,0.022758017562837,0.0737742552207521,0.1369379732489813,0.1369379732489813,0.2403119571746181,12.0,0.022758017562837,0.0942222222222222,7.0,13,13.0,12.0,38.0,62.0,53.0,93.0,31.0,53.0,10.0,,,0,0,0
2026-08-09,202607020604,15,ピースビート,中京,4,1800,ダート,良,未勝利,,,,4.0,40,見送り,16.0,154.2,0.022758017562837,0.0499379354405348,0.0499379354405348,0.0499379354405348,2.5092863081894694,10.0,0.022758017562837,0.0324675324675324,12.0,14,14.0,14.0,38.0,31.0,13.0,73.0,23.0,53.0,13.0,,,0,0,0
2026-08-09,202607020604,12,メイショウヒタカミ,中京,4,1800,ダート,良,未勝利,△,,,2.0,40,見送り,6.0,19.2,0.0331281913138283,0.1123022698251754,0.2081010857579078,0.2081010857579078,-0.3639387267744954,7.0,0.0331281913138283,0.1431870669745958,4.0,6,6.0,6.0,66.0,78.0,80.0,47.0,54.0,53.0,5.0,,,0,0,0
2026-08-09,202607020604,14,リリークリスタル,中京,4,1800,ダート,良,未勝利,,,,1.0,40,見送り,15.0,93.6,0.0085841027902702,0.0338032501720926,0.0338032501720926,0.0338032501720926,-0.1965279788307031,15.0,0.0085841027902702,0.021694214876033,14.0,15,15.0,15.0,12.0,12.0,20.0,83.0,15.0,53.0,9.0,,,0,0,0
2026-08-09,202607020604,1,レッドフレーザー,中京,4,1800,ダート,良,未勝利,,,,-6.0,40,見送り,4.0,10.3,0.022758017562837,0.0694679136235056,0.1014603619880535,0.1014603619880535,-0.7655924191027785,9.0,0.022758017562837,0.0698113207547169,10.0,4,4.0,4.0,38.0,44.0,70.0,33.0,38.0,53.0,3.0,,360.0,0,0,1
2026-08-09,202601010604,5,サクセスブルー,札幌,4,1700,ダート,良,未勝利,,,,-2.0,40,見送り,7.0,19.9,0.0244782293826164,0.0656647613976051,0.0988434059183745,0.0988434059183745,-0.5128832352859328,9.0,0.0244782293826164,0.0702341137123745,9.0,7,7.0,7.0,39.0,43.0,79.0,79.0,62.0,54.0,3.0,,350.0,0,0,1
2026-08-09,202601010604,10,バンダムソレール,札幌,4,1700,ダート,良,未勝利,△,,,-2.0,40,見送り,2.0,4.2,0.072707500468081,0.1707479387564577,0.2975662095477814,0.2975662095477814,-0.6946284980340596,7.0,0.072707500468081,0.2114384748700173,4.0,2,2.0,2.0,61.0,71.0,86.0,86.0,38.0,54.0,1.0,340.0,150.0,1,1,1
2026-08-09,202601010604,9,ホウオウファラオ,札幌,4,1700,ダート,良,未勝利,○,,,-1.0,40,見送り,1.0,4.1,0.1632538098150098,0.2810999246334096,0.4136273470398885,0.4136273470398885,-0.3306593797584597,2.0,0.1632538098150098,0.2939068100358422,2.0,1,1.0,1.0,93.0,93.0,46.0,100.0,54.0,54.0,4.0,,,0,0,0
2026-08-09,202601010604,6,メイショウセンドウ,札幌,4,1700,ダート,良,未勝利,◎,,,2.0,40,見送り,3.0,5.2,0.2481709513546527,0.4399181448573437,0.6064013352238345,0.6064013352238345,0.290488947044194,1.0,0.2481709513546527,0.4308841843088418,1.0,3,3.0,3.0,100.0,100.0,57.0,57.0,85.0,54.0,2.0,,210.0,0,1,1
2026-08-09,202601010604,8,メイショウノヴァス,札幌,4,1700,ダート,良,未勝利,▲,★,,3.0,40,見送り,6.0,11.2,0.072707500468081,0.2248841585489333,0.4026352286155535,0.4026352286155535,-0.185675994757492,6.0,0.072707500468081,0.2860962566844919,3.0,6,6.0,5.0,61.0,86.0,93.0,64.0,100.0,54.0,5.0,,,0,0,0
2026-08-09,202604020605,9,アンバサダネージュ,新潟,5,1200,ダート,良,1勝クラス,◎,,,2.0,40,見送り,3.0,6.2,0.2277724705661147,0.2794762892905286,0.4899309937788942,0.4899309937788942,0.4121893175099114,1.0,0.2277724705661147,0.3525896414342629,1.0,3,3.0,3.0,100.0,100.0,43.0,47.0,86.0,80.0,7.0,,,0,0,0
2026-08-09,202604020605,4,エコロバロン,新潟,5,1200,ダート,良,1勝クラス,,,,1.0,40,見送り,12.0,30.5,0.0251016811176123,0.0890456792184603,0.1110516102968064,0.1110516102968064,-0.2343987259128233,10.0,0.0251016811176123,0.0799207397622192,11.0,11,12.0,13.0,30.0,37.0,23.0,60.0,64.0,63.0,11.0,,,0,0,0
2026-08-09,202604020605,3,サトノエスケープ,新潟,5,1200,ダート,良,1勝クラス,▲,,,1.0,40,見送り,4.0,8.4,0.1009102944078649,0.2199971283445047,0.3806909045383559,0.3806909045383559,-0.1523535269739343,4.0,0.1009102944078649,0.273972602739726,3.0,4,4.0,4.0,80.0,87.0,63.0,20.0,79.0,17.0,2.0,,220.0,0,1,1
2026-08-09,202604020605,12,シュヴァルツシルト,新潟,5,1200,ダート,良,1勝クラス,○,,,-1.0,40,見送り,1.0,3.7,0.105758820609301,0.2497932156081368,0.3904332782070056,0.3904332782070056,-0.6086923637455861,3.0,0.105758820609301,0.2809839167455062,2.0,1,1.0,2.0,87.0,93.0,23.0,7.0,100.0,80.0,6.0,,,0,0,0
2026-08-09,202604020605,10,スリーコーズ,新潟,5,1200,ダート,良,1勝クラス,,,,-3.0,40,見送り,6.0,12.3,0.0365397949125807,0.117756365039435,0.1309238319696799,0.1309238319696799,-0.5505605225752572,9.0,0.0365397949125807,0.0942222222222222,9.0,6,6.0,6.0,50.0,47.0,7.0,13.0,50.0,63.0,3.0,,440.0,0,0,1
2026-08-09,202604020605,11,ゼファーテソーロ,新潟,5,1200,ダート,良,1勝クラス,△,,,1.0,40,見送り,5.0,9.2,0.177400698092874,0.2395244980284566,0.3414524563572694,0.3414524563572694,0.6320864224544409,2.0,0.177400698092874,0.2457337883959044,4.0,5,5.0,5.0,93.0,80.0,80.0,40.0,57.0,80.0,1.0,830.0,270.0,1,1,1
2026-08-09,202604020605,14,ソリッドベーシス,新潟,5,1200,ダート,良,1勝クラス,,,,0.0,40,見送り,15.0,118.2,0.0042154351884312,0.0076785230707101,0.0235113672007614,0.0235113672007614,-0.5017355607274268,15.0,0.0042154351884312,0.0169204737732656,15.0,15,15.0,15.0,7.0,7.0,33.0,67.0,,17.0,13.0,,,0,0,0
2026-08-09,202604020605,13,タイセイブルーム,新潟,5,1200,ダート,良,1勝クラス,×,,,5.0,40,見送り,13.0,32.0,0.0745593344633222,0.1314801122500752,0.1734796915893272,0.1734796915893272,1.3858987028263123,6.0,0.0745593344633222,0.1248484848484848,8.0,13,13.0,12.0,70.0,57.0,73.0,27.0,71.0,93.0,10.0,,,0,0,0
2026-08-09,202604020605,7,トキメキジニア,新潟,5,1200,ダート,良,1勝クラス,,,,0.0,40,見送り,14.0,87.9,0.0055920570074452,0.0261987161912964,0.0278461282878757,0.0278461282878757,-0.5084581890455584,14.0,0.0055920570074452,0.0200400801603206,14.0,14,14.0,14.0,13.0,13.0,93.0,87.0,7.0,17.0,9.0,,,0,0,0
2026-08-09,202604020605,1,ブリングライト,新潟,5,1200,ダート,良,1勝クラス,,,,-4.0,40,見送り,8.0,16.7,0.0251016811176123,0.0640886200519718,0.0713564283940388,0.0713564283940388,-0.5808019253358738,13.0,0.0251016811176123,0.051353226925746,12.0,8,8.0,8.0,30.0,20.0,87.0,100.0,29.0,17.0,12.0,,,0,0,0
2026-08-09,202604020605,8,プルシャプラ,新潟,5,1200,ダート,良,1勝クラス,,,,1.0,40,見送り,7.0,16.3,0.0557452409057133,0.1238744949344246,0.1989615512633486,0.1989615512633486,-0.0913525732368717,7.0,0.0557452409057133,0.1431870669745958,6.0,7,7.0,7.0,60.0,67.0,63.0,80.0,14.0,40.0,8.0,,,0,0,0
2026-08-09,202604020605,6,ベアアッコチャン,新潟,5,1200,ダート,良,1勝クラス,,,,-1.0,40,見送り,9.0,17.0,0.0251016811176123,0.0689143980935277,0.1110516102968064,0.1110516102968064,-0.57327142100059,11.0,0.0251016811176123,0.0799207397622192,10.0,9,10.0,10.0,30.0,37.0,100.0,93.0,36.0,53.0,5.0,,,0,0,0
2026-08-09,202604020605,2,ベルゼビュート,新潟,5,1200,ダート,良,1勝クラス,,,,-3.0,40,見送り,2.0,5.7,0.0745593344633222,0.2073004895612543,0.3044740278364649,0.3044740278364649,-0.5750117935590631,5.0,0.0745593344633222,0.2191214470284237,5.0,2,2.0,1.0,70.0,73.0,43.0,73.0,93.0,100.0,4.0,,,0,0,0
2026-08-09,202604020605,15,ペッパーミル,新潟,5,1200,ダート,良,1勝クラス,,,,3.0,40,見送り,10.0,25.2,0.0365397949125807,0.1029104798632861,0.1734796915893272,0.1734796915893272,-0.0791971682029661,8.0,0.0365397949125807,0.1248484848484848,7.0,10,9.0,9.0,50.0,57.0,53.0,53.0,43.0,33.0,14.0,,,0,0,0
2026-08-09,202604020605,5,マジンタクシー,新潟,5,1200,ダート,良,1勝クラス,,,,-2.0,40,見送り,11.0,28.2,0.0251016811176123,0.071960990453931,0.071960990453931,0.071960990453931,-0.2921325924833317,12.0,0.0251016811176123,0.051353226925746,13.0,12,11.0,11.0,30.0,27.0,13.0,33.0,21.0,47.0,15.0,,,0,0,0
2026-08-09,202607020605,13,オンザノアール,中京,5,1400,ダート,良,1勝クラス,,,,-8.0,40,見送り,4.0,8.8,0.0256121445505862,0.0718569957253452,0.0885036921230651,0.0885036921230651,-0.774613127954841,10.0,0.0256121445505862,0.054054054054054,12.0,4,4.0,6.0,41.0,31.0,25.0,6.0,71.0,91.0,10.0,,,0,0,0
2026-08-09,202607020605,5,カクウチ,中京,5,1400,ダート,良,1勝クラス,,,,0.0,40,見送り,5.0,13.6,0.1228616196046659,0.1781435064609512,0.2344428056932002,0.2344428056932002,0.6709180266234571,2.0,0.1228616196046659,0.1431870669745958,5.0,5,6.0,4.0,91.0,75.0,81.0,44.0,21.0,56.0,9.0,,,0,0,0
2026-08-09,202607020605,6,カレンパンピナップ,中京,5,1400,ダート,良,1勝クラス,,,,-4.0,40,見送り,7.0,19.9,0.0151699673032079,0.046169868265871,0.1098691497141487,0.1098691497141487,-0.6981176506661617,12.0,0.0151699673032079,0.0671031096563011,11.0,7,7.0,7.0,31.0,38.0,97.0,25.0,86.0,22.0,15.0,,,0,0,0
2026-08-09,202607020605,9,サリカリーフォリア,中京,5,1400,ダート,良,1勝クラス,,,,2.0,40,見送り,12.0,38.3,0.0372828618435899,0.0867823054862159,0.1143033533174303,0.1143033533174303,0.4279336086094962,9.0,0.0372828618435899,0.0698113207547169,10.0,12,12.0,13.0,56.0,47.0,6.0,34.0,,22.0,14.0,,,0,0,0
2026-08-09,202607020605,1,ショウナンラウール,中京,5,1400,ダート,良,1勝クラス,,,,-4.0,40,見送り,9.0,24.9,0.0096606517195289,0.0500743602721138,0.0840815784291992,0.0840815784291992,-0.759449772183728,14.0,0.0096606517195289,0.051353226925746,13.0,10,10.0,8.0,19.0,22.0,97.0,62.0,43.0,44.0,6.0,,,0,0,0
2026-08-09,202607020605,7,ジャスティンルマン,中京,5,1400,ダート,良,1勝クラス,,,,4.0,40,見送り,10.0,26.2,0.0760755601556202,0.133663432810878,0.204416709503637,0.204416709503637,0.9931796760772512,6.0,0.0760755601556202,0.1248484848484848,6.0,9,9.0,10.0,69.0,66.0,75.0,34.0,36.0,66.0,1.0,3860.0,700.0,1,1,1
2026-08-09,202607020605,3,ツァレヴナ,中京,5,1400,ダート,良,1勝クラス,,,,-1.0,40,見送り,8.0,24.8,0.0372828618435899,0.0942428076809211,0.1143033533174303,0.1143033533174303,-0.0753850262789683,8.0,0.0372828618435899,0.0698113207547169,9.0,8,8.0,9.0,56.0,47.0,44.0,50.0,79.0,66.0,13.0,,,0,0,0
2026-08-09,202607020605,11,ハイクライテリア,中京,5,1400,ダート,良,1勝クラス,,,,6.0,40,見送り,14.0,72.0,0.0256121445505862,0.083523308155522,0.1149955999659223,0.1149955999659223,0.8440744076422093,11.0,0.0256121445505862,0.0702341137123745,8.0,13,13.0,12.0,41.0,56.0,50.0,100.0,14.0,22.0,7.0,,,0,0,0
2026-08-09,202607020605,12,バトルアックス,中京,5,1400,ダート,良,1勝クラス,◎,,,1.0,40,見送り,2.0,4.7,0.2596670772219255,0.3829495271513675,0.5279078656996903,0.5279078656996903,0.2204352629430501,1.0,0.2596670772219255,0.3224222585924713,1.0,2,2.0,2.0,100.0,100.0,34.0,16.0,100.0,100.0,5.0,,,0,0,0
2026-08-09,202607020605,14,ペプチドレオン,中京,5,1400,ダート,良,1勝クラス,○,,,-1.0,40,見送り,1.0,2.8,0.1228616196046659,0.2428417513459533,0.4485803573360834,0.4485803573360834,-0.6559874651069353,3.0,0.1228616196046659,0.273972602739726,2.0,1,1.0,1.0,91.0,94.0,19.0,69.0,93.0,78.0,3.0,,130.0,0,0,1
2026-08-09,202607020605,16,マテンロウミラクル,中京,5,1400,ダート,良,1勝クラス,×,,,4.0,40,見送り,11.0,34.0,0.0372828618435899,0.138930591089492,0.204416709503637,0.204416709503637,0.2676173026820594,7.0,0.0372828618435899,0.1248484848484848,7.0,11,11.0,11.0,56.0,66.0,34.0,94.0,57.0,22.0,4.0,,,0,0,0
2026-08-09,202607020605,8,リアライズブライト,中京,5,1400,ダート,良,1勝クラス,△,,,-1.0,40,見送り,3.0,6.8,0.1029623886506566,0.1751789599759318,0.300906764880153,0.300906764880153,-0.2998557571755349,5.0,0.1029623886506566,0.1837802485284499,4.0,3,3.0,3.0,78.0,81.0,69.0,75.0,50.0,91.0,2.0,,330.0,0,1,1
2026-08-09,202607020605,4,ルクスポップスター,中京,5,1400,ダート,良,1勝クラス,▲,★,,3.0,40,見送り,6.0,14.4,0.1029623886506566,0.2151347486566606,0.3199023329847913,0.3199023329847913,0.4826583965694555,4.0,0.1029623886506566,0.1953818827708703,3.0,6,5.0,5.0,78.0,88.0,56.0,81.0,64.0,78.0,11.0,,,0,0,0
2026-08-09,202607020605,10,ルシャリオ,中京,5,1400,ダート,良,1勝クラス,,,,-1.0,40,見送り,13.0,38.4,0.0146989168012029,0.0681892419108029,0.0840815784291992,0.0840815784291992,-0.4355615948338083,13.0,0.0146989168012029,0.051353226925746,14.0,15,14.0,14.0,25.0,22.0,62.0,16.0,,22.0,12.0,,,0,0,0
2026-08-09,202607020605,2,ロイヤルテール,中京,5,1400,ダート,良,1勝クラス,,,,0.0,40,見送り,15.0,77.5,0.005705776108729,0.0181347637994901,0.0328119900656654,0.0328119900656654,-0.5578023515734987,15.0,0.005705776108729,0.0200400801603206,15.0,14,15.0,15.0,12.0,12.0,12.0,88.0,29.0,22.0,8.0,,,0,0,0
2026-08-09,202607020605,15,ヴァリアントマーチ,中京,5,1400,ダート,良,1勝クラス,,,,0.0,40,見送り,16.0,90.3,0.0043011595471976,0.0141838312124831,0.0164761590367467,0.0164761590367467,-0.6116052928880541,16.0,0.0043011595471976,0.010062893081761,16.0,16,16.0,16.0,6.0,6.0,88.0,56.0,7.0,50.0,16.0,,,0,0,0
2026-08-09,202601010605,3,アスコットペスカ,札幌,5,1500,芝,良,新馬,,,,1.0,40,見送り,13.0,72.6,0.0587413324409909,0.0936277772849194,0.1316582982028969,0.1316582982028969,3.264620735215942,12.0,0.0587413324409909,0.051353226925746,12.0,13,13.0,13.0,23.0,12.0,,,,,11.0,,,0,0,0
2026-08-09,202601010605,2,アブリコース,札幌,5,1500,芝,良,新馬,,,,-3.0,40,見送り,4.0,5.9,0.0587413324409909,0.1665511003417577,0.2415649059135099,0.2415649059135099,-0.6534261385981535,9.0,0.0587413324409909,0.0942222222222222,7.0,4,4.0,4.0,23.0,54.0,,,,,13.0,,,0,0,0
2026-08-09,202601010605,10,アヴレディール,札幌,5,1500,芝,良,新馬,◎,,,6.0,40,見送り,7.0,29.0,0.0855080673771899,0.1861821377305583,0.2995398963079336,0.2995398963079336,1.4797339539385077,5.0,0.0855080673771899,0.1168353265869365,1.0,8,7.0,7.0,69.0,96.0,,,,,3.0,,400.0,0,0,1
2026-08-09,202601010605,8,インサイドストーム,札幌,5,1500,芝,良,新馬,○,,,10.0,40,見送り,12.0,52.0,0.0855080673771899,0.1972768424179712,0.2995398963079336,0.2995398963079336,3.4464195036138765,7.0,0.0855080673771899,0.1168353265869365,2.0,12,12.0,12.0,69.0,96.0,,,,,9.0,,,0,0,0
2026-08-09,202601010605,11,ウィエダンド,札幌,5,1500,芝,良,新馬,▲,,,-2.0,40,見送り,1.0,2.7,0.0855080673771899,0.1816531210469784,0.2661846511960653,0.2661846511960653,-0.7691282180815872,4.0,0.0855080673771899,0.1038251366120218,3.0,1,1.0,1.0,69.0,77.0,,,,,1.0,240.0,120.0,1,1,1
2026-08-09,202601010605,1,ガザニア,札幌,5,1500,芝,良,新馬,,,,1.0,40,見送り,6.0,19.4,0.0855080673771899,0.2065289422759598,0.2661846511960653,0.2661846511960653,0.6588565071174843,2.0,0.0855080673771899,0.1038251366120218,5.0,6,6.0,6.0,69.0,77.0,,,,,12.0,,,0,0,0
2026-08-09,202601010605,12,セイレイカ,札幌,5,1500,芝,良,新馬,,,,-6.0,40,見送り,2.0,3.8,0.0855080673771899,0.1591494134943056,0.2415649059135099,0.2415649059135099,-0.6750693439666783,6.0,0.0855080673771899,0.0942222222222222,8.0,2,2.0,2.0,69.0,54.0,,,,,5.0,,,0,0,0
2026-08-09,202601010605,6,ソーハッピー,札幌,5,1500,芝,良,新馬,×,,,5.0,40,見送り,11.0,51.5,0.0855080673771899,0.1686871624760605,0.2415649059135099,0.2415649059135099,3.403665469925281,3.0,0.0855080673771899,0.0942222222222222,6.0,11,10.0,10.0,69.0,54.0,,,,,4.0,,,0,0,0
2026-08-09,202601010605,5,チェッリーニ,札幌,5,1500,芝,良,新馬,,,,-3.0,40,見送り,10.0,47.1,0.0587413324409909,0.07719977789183,0.1316582982028969,0.1316582982028969,1.7667167579706735,13.0,0.0587413324409909,0.051353226925746,13.0,10,11.0,11.0,23.0,12.0,,,,,8.0,,,0,0,0
2026-08-09,202601010605,4,ヌーベルフィズ,札幌,5,1500,芝,良,新馬,,,,-6.0,40,見送り,5.0,15.8,0.0587413324409909,0.1239744016075701,0.2045567938222842,0.2045567938222842,-0.071886947432343,11.0,0.0587413324409909,0.0797872340425532,11.0,5,5.0,5.0,23.0,23.0,,,,,7.0,,,0,0,0
2026-08-09,202601010605,9,バタフライ,札幌,5,1500,芝,良,新馬,△,,◎妙,4.0,40,見送り,8.0,34.8,0.1077368661547156,0.1852330742686971,0.2661846511960653,0.2661846511960653,2.7492429421841056,1.0,0.1077368661547156,0.1038251366120218,4.0,7,8.0,8.0,100.0,77.0,,,,,6.0,,,0,0,0
2026-08-09,202601010605,13,フォルトゥナロッサ,札幌,5,1500,芝,良,新馬,,,,-6.0,40,見送り,3.0,5.3,0.0855080673771899,0.133958285109609,0.2048990729136645,0.2048990729136645,-0.5468072429008934,8.0,0.0855080673771899,0.0799207397622192,9.0,3,3.0,3.0,69.0,35.0,,,,,2.0,,150.0,0,1,1
2026-08-09,202601010605,7,ルイスイメル,札幌,5,1500,芝,良,新馬,,,,-1.0,40,見送り,9.0,36.7,0.0587413324409909,0.1199779640537825,0.2048990729136645,0.2048990729136645,1.155806900584368,10.0,0.0587413324409909,0.0799207397622192,10.0,9,9.0,9.0,23.0,35.0,,,,,10.0,,,0,0,0
2026-08-09,202601010606,3,エコロゼルダ,札幌,6,2600,芝,良,未勝利,,,,1.0,40,見送り,13.0,97.4,0.0170545258195819,0.0480016360631576,0.0480016360631576,0.0480016360631576,0.661110814827284,11.0,0.0170545258195819,0.0385964912280701,12.0,13,13.0,12.0,32.0,21.0,36.0,71.0,,54.0,10.0,,,0,0,0
2026-08-09,202601010606,14,ギオンバヤシ,札幌,6,2600,芝,良,未勝利,,,,-3.0,40,見送り,2.0,5.2,0.1137425534794791,0.2101960329333679,0.341007491318665,0.341007491318665,-0.4085387219067081,4.0,0.1137425534794791,0.2939068100358422,5.0,2,2.0,2.0,79.0,75.0,100.0,100.0,,54.0,4.0,,,0,0,0
2026-08-09,202601010606,10,シャンドラファール,札幌,6,2600,芝,良,未勝利,▲,,,1.0,40,見送り,4.0,7.0,0.1547526423453057,0.3086365681896091,0.4499984494172324,0.4499984494172324,0.0832684964171399,3.0,0.1547526423453057,0.3878437047756874,3.0,4,4.0,4.0,86.0,86.0,64.0,82.0,100.0,54.0,2.0,,240.0,0,1,1
2026-08-09,202601010606,5,タビニュ,札幌,6,2600,芝,良,未勝利,,,,-1.0,40,見送り,5.0,8.1,0.0685602375943276,0.1394914174601404,0.2132323558510426,0.2132323558510426,-0.444662075485946,6.0,0.0685602375943276,0.1837802485284499,6.0,6,5.0,5.0,64.0,64.0,79.0,64.0,50.0,54.0,3.0,,260.0,0,0,1
2026-08-09,202601010606,1,ダイナソーコー,札幌,6,2600,芝,良,未勝利,,,,-1.0,40,見送り,8.0,26.5,0.0170545258195819,0.0677922766559399,0.092728613424516,0.092728613424516,-0.5480550657810779,9.0,0.0170545258195819,0.0799207397622192,9.0,8,8.0,8.0,32.0,43.0,43.0,29.0,30.0,54.0,7.0,,,0,0,0
2026-08-09,202601010606,13,テイエムプレミラン,札幌,6,2600,芝,良,未勝利,×,,,2.0,40,見送り,9.0,32.3,0.0506569296589219,0.1328570876530977,0.1882360437257119,0.1882360437257119,0.6362188279831777,7.0,0.0506569296589219,0.1622364802933089,7.0,9,9.0,9.0,57.0,57.0,54.0,50.0,85.0,54.0,12.0,,,0,0,0
2026-08-09,202601010606,11,ドンテスタマスター,札幌,6,2600,芝,良,未勝利,◎,,,2.0,40,見送り,3.0,5.9,0.2133710674761033,0.3002262782383789,0.4999364755179664,0.4999364755179664,0.2588892981090096,2.0,0.2133710674761033,0.4308841843088418,1.0,3,3.0,3.0,96.0,100.0,89.0,18.0,85.0,54.0,1.0,440.0,170.0,1,1,1
2026-08-09,202601010606,6,ハバタクジユウニ,札幌,6,2600,芝,良,未勝利,,,,1.0,40,見送り,14.0,106.0,0.0037993423695887,0.0279741185975112,0.0279741185975112,0.0279741185975112,-0.5972697088235942,13.0,0.0037993423695887,0.0200400801603206,13.0,14,14.0,14.0,11.0,14.0,7.0,18.0,,54.0,9.0,,,0,0,0
2026-08-09,202601010606,9,フォーチュンローズ,札幌,6,2600,芝,良,未勝利,△,★,,3.0,40,見送り,7.0,15.9,0.0718544119925233,0.2318944012803486,0.341007491318665,0.341007491318665,0.1424851506811215,5.0,0.0718544119925233,0.2939068100358422,4.0,5,7.0,7.0,71.0,75.0,21.0,7.0,70.0,54.0,11.0,,,0,0,0
2026-08-09,202601010606,4,ブリックアブラック,札幌,6,2600,芝,良,未勝利,,,,1.0,40,見送り,11.0,37.6,0.0170545258195819,0.059299686645752,0.0809990872729539,0.0809990872729539,-0.3587498291837179,10.0,0.0170545258195819,0.0698113207547169,10.0,11,11.0,11.0,32.0,36.0,71.0,93.0,20.0,54.0,13.0,,,0,0,0
2026-08-09,202601010606,7,ヘイジュード,札幌,6,2600,芝,良,未勝利,○,,,-1.0,40,見送り,1.0,2.9,0.2133710674761033,0.3035250406048073,0.4611976960912348,0.4611976960912348,-0.3812239043193004,1.0,0.2133710674761033,0.3974960876369327,2.0,1,1.0,1.0,96.0,93.0,89.0,43.0,60.0,54.0,5.0,,,0,0,0
2026-08-09,202601010606,2,マジックファイヤー,札幌,6,2600,芝,良,未勝利,,,,-1.0,40,見送り,10.0,33.7,0.0170545258195819,0.0550486430864585,0.0778568658575348,0.0778568658575348,-0.4252624798800876,12.0,0.0170545258195819,0.0671031096563011,11.0,10,10.0,10.0,32.0,29.0,29.0,36.0,,54.0,6.0,,,0,0,0
2026-08-09,202601010606,8,ミカレオス,札幌,6,2600,芝,良,未勝利,,,,-2.0,40,見送り,12.0,88.1,0.0037993423695887,0.0174821982550079,0.0196321014563797,0.0196321014563797,-0.6652779372392326,14.0,0.0037993423695887,0.0169204737732656,14.0,12,12.0,13.0,11.0,7.0,54.0,82.0,10.0,54.0,14.0,,,0,0,0
2026-08-09,202601010606,12,ラッキーシグネチャ,札幌,6,2600,芝,良,未勝利,,,,-2.0,40,見送り,6.0,13.2,0.0378743019597301,0.097574614336423,0.1661338248417244,0.1661338248417244,-0.5000592141315625,8.0,0.0378743019597301,0.1431870669745958,8.0,7,6.0,6.0,50.0,50.0,14.0,57.0,40.0,54.0,8.0,,,0,0,0
2026-08-09,202601010607,9,ウインアトム,札幌,7,2000,芝,良,未勝利,,,,1.0,40,見送り,14.0,39.7,0.0529448300238153,0.0802563433938084,0.0994966365971572,0.0994966365971572,1.1019097519454686,8.0,0.0529448300238153,0.0942222222222222,13.0,14,14.0,14.0,53.0,28.0,31.0,34.0,28.0,53.0,13.0,,,0,0,0
2026-08-09,202601010607,11,ウインブリザード,札幌,7,2000,芝,良,未勝利,,,,-3.0,40,見送り,11.0,26.1,0.017824786790952,0.0489473431238673,0.0570799164568087,0.0570799164568087,-0.5347730647561522,14.0,0.017824786790952,0.054054054054054,14.0,12,12.0,12.0,19.0,19.0,12.0,72.0,19.0,53.0,12.0,,,0,0,0
2026-08-09,202601010607,10,エイシンリーガル,札幌,7,2000,芝,良,未勝利,,,,-2.0,40,見送り,10.0,25.7,0.0395848799568016,0.0841561733355969,0.0994966365971572,0.0994966365971572,0.0173314148898011,12.0,0.0395848799568016,0.0942222222222222,12.0,10,10.0,11.0,38.0,28.0,44.0,62.0,62.0,53.0,5.0,,,0,0,0
2026-08-09,202601010607,2,オートカリテ,札幌,7,2000,芝,良,未勝利,,,,1.0,40,見送り,8.0,16.6,0.0855056151162513,0.1622348258069282,0.1940679827996861,0.1940679827996861,0.4193932109297729,3.0,0.0855056151162513,0.1837802485284499,7.0,7,8.0,9.0,88.0,62.0,22.0,12.0,56.0,53.0,14.0,,,0,0,0
2026-08-09,202601010607,1,グランフルス,札幌,7,2000,芝,良,未勝利,,,,0.0,40,見送り,9.0,24.7,0.0529448300238153,0.0915941940920859,0.1318373100708473,0.1318373100708473,0.3077373015882385,9.0,0.0529448300238153,0.1248484848484848,9.0,9,9.0,8.0,53.0,53.0,78.0,56.0,28.0,53.0,10.0,,,0,0,0
2026-08-09,202601010607,6,ショウナンアワード,札幌,7,2000,芝,良,未勝利,×,,,5.0,40,見送り,13.0,29.7,0.0395848799568016,0.086648840869963,0.1318373100708473,0.1318373100708473,0.1756709347170075,10.0,0.0395848799568016,0.1248484848484848,8.0,13,13.0,13.0,38.0,53.0,69.0,50.0,38.0,53.0,8.0,,,0,0,0
2026-08-09,202601010607,8,シークレットシティ,札幌,7,2000,芝,良,未勝利,,,,1.0,40,見送り,7.0,16.3,0.0716567338420352,0.1312345945692161,0.2063190585961025,0.2063190585961025,0.1680047616251752,7.0,0.0716567338420352,0.1953818827708703,6.0,8,7.0,7.0,69.0,69.0,97.0,100.0,44.0,53.0,7.0,,,0,0,0
2026-08-09,202601010607,3,デルマフジ,札幌,7,2000,芝,良,未勝利,○,,,1.0,40,見送り,3.0,8.3,0.16174198475658,0.3023857734634129,0.4380355070315099,0.4380355070315099,0.3424584734796145,2.0,0.16174198475658,0.4148148148148148,2.0,3,3.0,3.0,94.0,94.0,78.0,25.0,84.0,53.0,2.0,,140.0,0,1,1
2026-08-09,202601010607,4,トリニタリオ,札幌,7,2000,芝,良,未勝利,▲,,,-2.0,40,見送り,1.0,2.7,0.0750996883352426,0.2300170469353052,0.4197473042731521,0.4197473042731521,-0.7972308414948448,4.0,0.0750996883352426,0.3974960876369327,3.0,1,1.0,1.0,81.0,88.0,97.0,34.0,100.0,53.0,1.0,180.0,110.0,1,1,1
2026-08-09,202601010607,13,ハートチャン,札幌,7,2000,芝,良,未勝利,,,,-1.0,40,見送り,15.0,52.1,0.0029933944707847,0.0092349591958108,0.017867655743671,0.017867655743671,-0.8440441480721128,16.0,0.0029933944707847,0.0169204737732656,16.0,16,16.0,16.0,6.0,6.0,6.0,81.0,12.0,53.0,15.0,,,0,0,0
2026-08-09,202601010607,12,ピースフルマインド,札幌,7,2000,芝,良,未勝利,,,,1.0,40,見送り,6.0,13.5,0.0716567338420352,0.1417406485447735,0.2232744739047093,0.2232744739047093,-0.0326340931325236,6.0,0.0716567338420352,0.2114384748700173,5.0,6,5.0,6.0,69.0,75.0,56.0,19.0,69.0,53.0,9.0,,,0,0,0
2026-08-09,202601010607,5,フローレンスフーガ,札幌,7,2000,芝,良,未勝利,◎,,,1.0,40,見送り,2.0,6.3,0.1807154523499108,0.2999184573431551,0.4936313625056286,0.4936313625056286,0.1385073498044384,1.0,0.1807154523499108,0.4674634794156706,1.0,2,2.0,2.0,100.0,100.0,22.0,72.0,94.0,53.0,4.0,,,0,0,0
2026-08-09,202601010607,16,ミリオングローリー,札幌,7,2000,芝,良,未勝利,,,,-7.0,40,見送り,4.0,11.0,0.0259470292308381,0.0815154246024173,0.1096371072927227,0.1096371072927227,-0.7145826784607809,13.0,0.0259470292308381,0.1038251366120218,11.0,4,4.0,4.0,25.0,38.0,38.0,44.0,75.0,53.0,6.0,,,0,0,0
2026-08-09,202601010607,14,メイショウハーブス,札幌,7,2000,芝,良,未勝利,△,,,8.0,40,見送り,12.0,29.1,0.0716567338420352,0.1355351812289757,0.2313875269701331,0.2313875269701331,1.0852109548032272,5.0,0.0716567338420352,0.2191214470284237,4.0,11,11.0,10.0,69.0,81.0,56.0,6.0,84.0,53.0,11.0,,,0,0,0
2026-08-09,202601010607,7,メイショウローゼ,札幌,7,2000,芝,良,未勝利,,,,-5.0,40,見送り,5.0,11.5,0.0395848799568016,0.0874291729334373,0.1233755875945465,0.1233755875945465,-0.5447738804967817,11.0,0.0395848799568016,0.1168353265869365,10.0,5,6.0,5.0,38.0,44.0,88.0,88.0,50.0,53.0,3.0,,180.0,0,0,1
2026-08-09,202601010607,15,レフィノス,札幌,7,2000,芝,良,未勝利,,,,1.0,40,見送り,16.0,128.8,0.0105575475052988,0.0271510205612454,0.0271510205612454,0.0271510205612454,0.3598121186824916,15.0,0.0105575475052988,0.021694214876033,15.0,15,15.0,15.0,12.0,12.0,56.0,94.0,6.0,53.0,16.0,,,0,0,0
2026-08-09,202601010608,9,クラウンアールシー,札幌,8,1700,ダート,良,1勝クラス,,,,2.0,40,見送り,12.0,52.6,0.0130741410971533,0.0419104545542736,0.0902865166646468,0.0902865166646468,-0.3123001782897364,12.0,0.0130741410971533,0.0671031096563011,10.0,14,14.0,12.0,21.0,36.0,82.0,25.0,71.0,21.0,12.0,,,0,0,0
2026-08-09,202601010608,10,サンデーパーティー,札幌,8,1700,ダート,良,1勝クラス,,,,-1.0,40,見送り,6.0,13.9,0.0676663880047376,0.1359742619639857,0.1838835389403308,0.1838835389403308,-0.0594372067341466,5.0,0.0676663880047376,0.1366666666666666,7.0,7,6.0,7.0,79.0,57.0,57.0,57.0,21.0,82.0,14.0,,,0,0,0
2026-08-09,202601010608,1,タイキフィアリーベ,札幌,8,1700,ダート,良,1勝クラス,,,,-2.0,40,見送り,7.0,18.7,0.0134931230405435,0.076827460872668,0.1075325009429714,0.1075325009429714,-0.7476785991418365,11.0,0.0134931230405435,0.0799207397622192,9.0,6,7.0,6.0,32.0,43.0,71.0,86.0,14.0,21.0,5.0,,,0,0,0
2026-08-09,202601010608,8,テイクオンミー,札幌,8,1700,ダート,良,1勝クラス,,,,-1.0,40,見送り,5.0,12.3,0.0505916412437823,0.137745327756998,0.1926566678471331,0.1926566678471331,-0.3777228127014775,6.0,0.0505916412437823,0.1431870669745958,6.0,5,5.0,5.0,64.0,64.0,21.0,25.0,61.0,93.0,3.0,,210.0,0,0,1
2026-08-09,202601010608,11,ディアスポラ,札幌,8,1700,ダート,良,1勝クラス,,,,-4.0,40,見送り,8.0,24.4,0.0085927912498451,0.0624467844207542,0.0690952178276492,0.0690952178276492,-0.7903358935037774,13.0,0.0085927912498451,0.051353226925746,12.0,8,8.0,8.0,11.0,21.0,14.0,71.0,36.0,50.0,7.0,,,0,0,0
2026-08-09,202601010608,3,ノリノドラゴン,札幌,8,1700,ダート,良,1勝クラス,,,,6.0,40,見送り,14.0,85.0,0.0331617222439736,0.0986172867708428,0.1679823016483732,0.1679823016483732,1.81874639073776,8.0,0.0331617222439736,0.1248484848484848,8.0,12,13.0,13.0,54.0,50.0,36.0,93.0,61.0,68.0,10.0,,,0,0,0
2026-08-09,202601010608,7,ピエナオルカ,札幌,8,1700,ダート,良,1勝クラス,△,,,-3.0,40,見送り,1.0,3.2,0.0676663880047376,0.1748291093851875,0.294825564419362,0.294825564419362,-0.7834675583848395,3.0,0.0676663880047376,0.2191214470284237,4.0,1,1.0,2.0,79.0,82.0,46.0,14.0,82.0,57.0,8.0,,,0,0,0
2026-08-09,202601010608,2,ファミーユウルーズ,札幌,8,1700,ダート,良,1勝クラス,,,,-1.0,40,見送り,13.0,70.8,0.0227810522492138,0.0596629155258967,0.0596629155258967,0.0596629155258967,0.6128984992443391,9.0,0.0227810522492138,0.021694214876033,14.0,11,12.0,14.0,43.0,7.0,7.0,64.0,43.0,68.0,11.0,,,0,0,0
2026-08-09,202601010608,14,ブリオメンテ,札幌,8,1700,ダート,良,1勝クラス,,,,-4.0,40,見送り,9.0,25.0,0.0134931230405435,0.0613087339282058,0.0690952178276492,0.0690952178276492,-0.6626719239864125,10.0,0.0134931230405435,0.051353226925746,13.0,9,10.0,10.0,32.0,21.0,93.0,36.0,29.0,21.0,9.0,,,0,0,0
2026-08-09,202601010608,13,ホウオウバローロ,札幌,8,1700,ダート,良,1勝クラス,×,,,5.0,40,見送り,10.0,29.2,0.0331617222439736,0.1224879856750252,0.23824938639946,0.23824938639946,-0.0316777104759695,7.0,0.0331617222439736,0.1770726714431934,5.0,10,9.0,9.0,54.0,71.0,100.0,50.0,50.0,21.0,6.0,,,0,0,0
2026-08-09,202601010608,4,ホノボノ,札幌,8,1700,ダート,良,1勝クラス,,,,0.0,40,見送り,11.0,40.6,0.0085927912498451,0.0466462214582047,0.0690952178276492,0.0690952178276492,-0.6511326752562854,14.0,0.0085927912498451,0.051353226925746,11.0,13,11.0,11.0,11.0,21.0,82.0,7.0,7.0,82.0,13.0,,,0,0,0
2026-08-09,202601010608,6,ポンピエ,札幌,8,1700,ダート,良,1勝クラス,▲,,,1.0,40,見送り,4.0,5.4,0.0676663880047376,0.1630657195267715,0.294825564419362,0.294825564419362,-0.6346015047744167,4.0,0.0676663880047376,0.2191214470284237,3.0,4,4.0,4.0,79.0,82.0,46.0,43.0,100.0,21.0,4.0,,,0,0,0
2026-08-09,202601010608,5,メイショウコシュウ,札幌,8,1700,ダート,良,1勝クラス,○,,,1.0,40,見送り,3.0,5.4,0.2649368513914333,0.3558466054322967,0.5400570200994159,0.5400570200994159,0.43065899751374,2.0,0.2649368513914333,0.4013833602086067,2.0,3,3.0,3.0,93.0,93.0,29.0,79.0,93.0,100.0,2.0,,200.0,0,1,1
2026-08-09,202601010608,12,ローズマイスター,札幌,8,1700,ダート,良,1勝クラス,◎,,,1.0,40,見送り,2.0,5.2,0.3351218769354797,0.462631132728889,0.6532259509462146,0.6532259509462146,0.7426337600644943,1.0,0.3351218769354797,0.4854932301740812,1.0,2,2.0,1.0,100.0,100.0,64.0,100.0,82.0,43.0,1.0,440.0,150.0,1,1,1
2026-08-09,202601010609,3,アイアムステキ,札幌,9,1200,芝,良,1勝クラス,,,,-2.0,40,見送り,8.0,16.8,0.0439344900933846,0.0930233267035401,0.114469780820139,0.114469780820139,-0.2619005664311379,7.0,0.0439344900933846,0.0797872340425532,10.0,7,8.0,8.0,59.0,44.0,75.0,56.0,31.0,100.0,11.0,,,0,0,0
2026-08-09,202601010609,6,アトリウムチャペル,札幌,9,1200,芝,良,1勝クラス,,,,-4.0,40,見送り,7.0,11.9,0.0113842067448547,0.055021019852289,0.0736758543034825,0.0736758543034825,-0.8645279397362281,12.0,0.0113842067448547,0.051353226925746,11.0,8,7.0,7.0,31.0,38.0,97.0,94.0,44.0,47.0,6.0,,,0,0,0
2026-08-09,202601010609,13,アルマロクザン,札幌,9,1200,芝,良,1勝クラス,,,,6.0,40,見送り,13.0,55.3,0.0301816023605905,0.0910959478243161,0.1676222316382484,0.1676222316382484,0.6690426105406571,10.0,0.0301816023605905,0.1168353265869365,7.0,13,11.0,13.0,47.0,59.0,50.0,50.0,69.0,22.0,10.0,,,0,0,0
2026-08-09,202601010609,11,ウィングブルー,札幌,9,1200,芝,良,1勝クラス,◎,,,1.0,40,見送り,2.0,4.9,0.2133019419394005,0.3321171829899876,0.506010262103962,0.506010262103962,0.0451795155030629,1.0,0.2133019419394005,0.3526970954356846,1.0,2,1.0,2.0,100.0,100.0,88.0,12.0,62.0,72.0,2.0,,180.0,0,1,1
2026-08-09,202601010609,5,キタノクニカラ,札幌,9,1200,芝,良,1勝クラス,,,,-1.0,40,見送り,14.0,58.2,0.0067237425328476,0.0321115748753151,0.042464335887048,0.042464335887048,-0.6086781845882692,13.0,0.0067237425328476,0.0295983086680761,15.0,15,15.0,15.0,22.0,16.0,69.0,81.0,56.0,56.0,15.0,,,0,0,0
2026-08-09,202601010609,1,コスモファーブロス,札幌,9,1200,芝,良,1勝クラス,,,,-3.0,40,見送り,3.0,6.4,0.0896481862907322,0.1675043127802885,0.2636673024271335,0.2636673024271335,-0.4262516077393138,6.0,0.0896481862907322,0.1837802485284499,6.0,3,3.0,3.0,72.0,69.0,50.0,38.0,81.0,22.0,3.0,,310.0,0,0,1
2026-08-09,202601010609,16,サトノカスターニャ,札幌,9,1200,芝,良,1勝クラス,,,,3.0,40,見送り,15.0,67.0,0.0178764382679584,0.0554545572453819,0.0554545572453819,0.0554545572453819,0.1977213639532142,11.0,0.0178764382679584,0.0295983086680761,12.0,14,13.0,14.0,38.0,31.0,19.0,19.0,12.0,88.0,9.0,,,0,0,0
2026-08-09,202601010609,7,スプリングデイ,札幌,9,1200,芝,良,1勝クラス,,,,-3.0,40,見送り,10.0,29.7,0.0067237425328476,0.0378865138642412,0.042464335887048,0.042464335887048,-0.800304846774426,14.0,0.0067237425328476,0.0295983086680761,13.0,10,10.0,9.0,22.0,16.0,50.0,88.0,19.0,47.0,8.0,,,0,0,0
2026-08-09,202601010609,14,トレヴィ,札幌,9,1200,芝,良,1勝クラス,,,,3.0,40,見送り,12.0,42.9,0.0439344900933846,0.1041770450367705,0.1351794839812581,0.1351794839812581,0.8847896250062013,8.0,0.0439344900933846,0.0942222222222222,9.0,11,12.0,12.0,59.0,50.0,81.0,31.0,38.0,72.0,5.0,,,0,0,0
2026-08-09,202601010609,2,ニシノサリーナ,札幌,9,1200,芝,良,1勝クラス,○,,,-1.0,40,見送り,1.0,3.8,0.1578052337022717,0.2112721856529461,0.4216645498502422,0.4216645498502422,-0.4003401119313673,2.0,0.1578052337022717,0.2939068100358422,2.0,1,2.0,1.0,94.0,94.0,25.0,6.0,100.0,94.0,16.0,,,0,0,0
2026-08-09,202601010609,15,ノアールビーナス,札幌,9,1200,芝,良,1勝クラス,△,,,0.0,40,見送り,4.0,8.3,0.0896481862907322,0.2465575391690593,0.303348225637286,0.303348225637286,-0.2559200537869225,5.0,0.0896481862907322,0.2114384748700173,4.0,4,4.0,4.0,72.0,81.0,38.0,44.0,94.0,22.0,7.0,,,0,0,0
2026-08-09,202601010609,8,ハーモニーソング,札幌,9,1200,芝,良,1勝クラス,▲,★,,3.0,40,見送り,6.0,11.8,0.1447813376565254,0.258680190316455,0.3525512976521962,0.3525512976521962,0.7084197843470001,3.0,0.1447813376565254,0.2457337883959044,3.0,6,6.0,6.0,88.0,88.0,31.0,25.0,75.0,62.0,13.0,,,0,0,0
2026-08-09,202601010609,12,マロンカラノテガミ,札幌,9,1200,芝,良,1勝クラス,,,,2.0,40,見送り,16.0,105.3,0.005068528599258,0.022360566947907,0.042464335887048,0.042464335887048,-0.4662839384981315,16.0,0.005068528599258,0.0295983086680761,14.0,16,16.0,16.0,9.0,16.0,9.0,62.0,88.0,22.0,14.0,,,0,0,0
2026-08-09,202601010609,4,メラヴィリオーザ,札幌,9,1200,芝,良,1勝クラス,,,,-5.0,40,見送り,11.0,37.5,0.005068528599258,0.0281834425514545,0.042464335887048,0.042464335887048,-0.8099301775278247,15.0,0.005068528599258,0.0295983086680761,16.0,12,14.0,11.0,9.0,16.0,62.0,100.0,6.0,22.0,12.0,,,0,0,0
2026-08-09,202601010609,9,ラプランセス,札幌,9,1200,芝,良,1勝クラス,×,★,,4.0,40,見送り,9.0,19.4,0.1037377419353631,0.1632968330160456,0.2818671005125633,0.2818671005125633,1.0125121935460442,4.0,0.1037377419353631,0.1964657934728491,5.0,9,9.0,10.0,81.0,75.0,97.0,69.0,25.0,81.0,4.0,,,0,0,0
2026-08-09,202601010609,10,ルージュベルベット,札幌,9,1200,芝,良,1勝クラス,,,,-3.0,40,見送り,5.0,11.4,0.0301816023605905,0.1012577611740022,0.1676222316382484,0.1676222316382484,-0.6559297330892677,9.0,0.0301816023605905,0.1168353265869365,8.0,5,5.0,5.0,47.0,59.0,9.0,75.0,50.0,22.0,1.0,980.0,230.0,1,1,1
2026-08-09,202601010610,11,ウインハルモニア,札幌,10,1700,ダート,良,2勝クラス,×,,,3.0,40,見送り,11.0,62.5,0.0799935013560573,0.1485570082571126,0.1881632860638959,0.1881632860638959,3.999593834753584,5.0,0.0799935013560573,0.1431870669745958,8.0,11,10.0,10.0,71.0,57.0,39.0,14.0,46.0,79.0,7.0,,,0,0,0
2026-08-09,202601010610,6,ストラーダ,札幌,10,1700,ダート,良,2勝クラス,,,,-3.0,40,見送り,8.0,27.9,0.0598081653502225,0.0909208557529995,0.0917396228250053,0.0917396228250053,0.6686478132712097,7.0,0.0598081653502225,0.0698113207547169,11.0,8,8.0,9.0,57.0,25.0,7.0,29.0,46.0,93.0,13.0,,,0,0,0
2026-08-09,202601010610,13,タガノエルー,札幌,10,1700,ダート,良,2勝クラス,○,,◎妙,-1.0,40,見送り,1.0,1.8,0.2081938856697279,0.2953768203310503,0.5223528327497452,0.5223528327497452,-0.6252510057944898,1.0,0.2081938856697279,0.3974960876369327,2.0,1,1.0,2.0,100.0,93.0,57.0,86.0,93.0,93.0,2.0,,110.0,0,1,1
2026-08-09,202601010610,12,チザルピーノ,札幌,10,1700,ダート,良,2勝クラス,,,,-4.0,40,見送り,6.0,19.3,0.0269311867786161,0.070282727158478,0.1050244923375985,0.1050244923375985,-0.4802280951727087,12.0,0.0269311867786161,0.0799207397622192,10.0,6,7.0,8.0,25.0,36.0,93.0,21.0,57.0,50.0,10.0,,,0,0,0
2026-08-09,202601010610,2,テイエムゴッホ,札幌,10,1700,ダート,良,2勝クラス,,,,-2.0,40,見送り,4.0,11.8,0.0392029536600471,0.1424450876525161,0.1881632860638959,0.1881632860638959,-0.5374051468114434,9.0,0.0392029536600471,0.1431870669745958,6.0,3,4.0,4.0,43.0,57.0,14.0,7.0,29.0,68.0,12.0,,,0,0,0
2026-08-09,202601010610,4,テルアスワッド,札幌,10,1700,ダート,良,2勝クラス,,,,1.0,40,見送り,10.0,51.3,0.0269311867786161,0.0981129439435468,0.1364374541201896,0.1364374541201896,0.3815698817430071,11.0,0.0269311867786161,0.1038251366120218,9.0,10,11.0,11.0,25.0,43.0,25.0,64.0,14.0,68.0,11.0,,,0,0,0
2026-08-09,202601010610,14,ネクストダンサー,札幌,10,1700,ダート,良,2勝クラス,,,,2.0,40,見送り,14.0,93.0,0.0392029536600471,0.0911625136561701,0.0917396228250053,0.0917396228250053,2.6458746903843875,10.0,0.0392029536600471,0.0698113207547169,12.0,12,12.0,13.0,43.0,25.0,79.0,36.0,21.0,36.0,9.0,,,0,0,0
2026-08-09,202601010610,5,フォーワンセルフ,札幌,10,1700,ダート,良,2勝クラス,,,,-1.0,40,見送り,13.0,75.4,0.0059996273173317,0.0151398950126496,0.0222353318229537,0.0222353318229537,-0.5476281002731835,14.0,0.0059996273173317,0.0169204737732656,14.0,14,14.0,14.0,7.0,7.0,86.0,100.0,7.0,7.0,14.0,,,0,0,0
2026-08-09,202601010610,3,プライベートアイズ,札幌,10,1700,ダート,良,2勝クラス,△,,,-1.0,40,見送り,3.0,7.8,0.0799935013560573,0.1749761226882165,0.287949270776384,0.287949270776384,-0.3760506894227529,4.0,0.0799935013560573,0.2191214470284237,4.0,4,3.0,3.0,71.0,82.0,68.0,57.0,64.0,50.0,1.0,1220.0,220.0,1,1,1
2026-08-09,202601010610,8,ベラジオワールド,札幌,10,1700,ダート,良,2勝クラス,◎,,,1.0,40,見送り,2.0,5.2,0.1903303333593826,0.3953719259349793,0.6379905914794535,0.6379905914794535,-0.0102822665312101,2.0,0.1903303333593826,0.4854932301740812,1.0,2,2.0,1.0,93.0,100.0,100.0,79.0,100.0,29.0,3.0,,110.0,0,0,1
2026-08-09,202601010610,7,マーウォルス,札幌,10,1700,ダート,良,2勝クラス,,,,2.0,40,見送り,7.0,21.4,0.0392029536600471,0.1218947618890462,0.2131962746107899,0.2131962746107899,-0.1610567916749905,8.0,0.0392029536600471,0.1622364802933089,5.0,7,6.0,6.0,43.0,71.0,25.0,93.0,86.0,18.0,6.0,,,0,0,0
2026-08-09,202601010610,1,マーゴットサンズ,札幌,10,1700,ダート,良,2勝クラス,▲,,,2.0,40,見送り,5.0,13.1,0.1082650191375649,0.1927864523311002,0.287949270776384,0.287949270776384,0.4182717507021005,3.0,0.1082650191375649,0.2191214470284237,3.0,5,5.0,5.0,86.0,82.0,50.0,50.0,75.0,93.0,5.0,,,0,0,0
2026-08-09,202601010610,10,リメンバーヒム,札幌,10,1700,ダート,良,2勝クラス,,,,2.0,40,見送り,9.0,29.5,0.0799935013560573,0.1242007327000994,0.1881632860638959,0.1881632860638959,1.3598082900036914,6.0,0.0799935013560573,0.1431870669745958,7.0,9,9.0,7.0,71.0,57.0,68.0,71.0,75.0,18.0,4.0,,,0,0,0
2026-08-09,202601010610,9,レディゴディヴァ,札幌,10,1700,ダート,良,2勝クラス,,,,-1.0,40,見送り,12.0,74.1,0.0159512305602242,0.0387721526920349,0.0388953774848031,0.0388953774848031,0.1819861845126191,13.0,0.0159512305602242,0.0295983086680761,13.0,13,13.0,12.0,14.0,14.0,39.0,43.0,36.0,50.0,8.0,,,0,0,0
2026-08-09,202604020606,12,エスコバル,新潟,6,1800,芝,良,3勝クラス,,,,0.0,40,見送り,13.0,117.9,0.0059032579042057,0.0292355654658925,0.0346468677047829,0.0346468677047829,-0.3040058930941421,13.0,0.0059032579042057,0.0295983086680761,13.0,12,13.0,13.0,15.0,12.0,73.0,85.0,15.0,38.0,9.0,,,0,0,0
2026-08-09,202604020606,10,エラン,新潟,6,1800,芝,良,3勝クラス,,,,2.0,40,見送り,11.0,75.1,0.0156506102436409,0.0592139882845017,0.1102936287607879,0.1102936287607879,0.1753608292974375,10.0,0.0156506102436409,0.0942222222222222,9.0,11,12.0,10.0,35.0,38.0,23.0,23.0,54.0,62.0,7.0,,,0,0,0
2026-08-09,202604020606,3,カニキュル,新潟,6,1800,芝,良,3勝クラス,○,,,1.0,40,見送り,3.0,11.2,0.1043793531087135,0.2241804267950574,0.4127305650415676,0.4127305650415676,0.1690487548175918,2.0,0.1043793531087135,0.3525896414342629,2.0,3,2.0,3.0,92.0,92.0,88.0,46.0,77.0,85.0,2.0,,180.0,0,1,1
2026-08-09,202604020606,4,ガジュノリ,新潟,6,1800,芝,良,3勝クラス,,,,-2.0,40,見送り,4.0,14.9,0.0464868897920937,0.115203941428959,0.2151274935646931,0.2151274935646931,-0.3073453420978034,6.0,0.0464868897920937,0.1837802485284499,6.0,5,4.0,4.0,62.0,62.0,73.0,31.0,38.0,46.0,6.0,,,0,0,0
2026-08-09,202604020606,8,クリニクラウン,新潟,6,1800,芝,良,3勝クラス,,,,0.0,40,見送り,12.0,80.8,0.0059032579042057,0.031229917210427,0.0346468677047829,0.0346468677047829,-0.5230167613401755,12.0,0.0059032579042057,0.0295983086680761,12.0,13,11.0,12.0,15.0,12.0,100.0,100.0,23.0,15.0,8.0,,,0,0,0
2026-08-09,202604020606,2,コルレオニス,新潟,6,1800,芝,良,3勝クラス,,,,-1.0,40,見送り,6.0,23.6,0.0347565182692504,0.1105063071075454,0.2072758106020388,0.2072758106020388,-0.1797461688456898,7.0,0.0347565182692504,0.1770726714431934,7.0,7,6.0,6.0,54.0,54.0,15.0,8.0,62.0,54.0,10.0,,,0,0,0
2026-08-09,202604020606,9,サトノヴィレ,新潟,6,1800,芝,良,3勝クラス,,,,-2.0,40,見送り,8.0,48.9,0.0156506102436409,0.0578892483982013,0.0601125043820171,0.0601125043820171,-0.234685159085956,9.0,0.0156506102436409,0.051353226925746,10.0,8,8.0,9.0,35.0,27.0,31.0,62.0,46.0,31.0,3.0,,750.0,0,0,1
2026-08-09,202604020606,13,テンミラクルスター,新潟,6,1800,芝,良,3勝クラス,×,,,2.0,40,見送り,7.0,26.9,0.0629164110542561,0.1590058567986166,0.2564968110715998,0.2564968110715998,0.6924514573594907,3.0,0.0629164110542561,0.2191214470284237,5.0,6,7.0,7.0,81.0,69.0,8.0,54.0,100.0,100.0,11.0,,,0,0,0
2026-08-09,202604020606,11,デルアヴァー,新潟,6,1800,芝,良,3勝クラス,▲,,,2.0,40,見送り,5.0,20.8,0.053793001020573,0.1538337052149795,0.3440382516123176,0.3440382516123176,0.1188944212279203,5.0,0.053793001020573,0.2939068100358422,3.0,4,5.0,5.0,69.0,85.0,50.0,69.0,69.0,69.0,4.0,,,0,0,0
2026-08-09,202604020606,5,ハギノアルデバラン,新潟,6,1800,芝,良,3勝クラス,,,,1.0,40,見送り,9.0,63.7,0.0287046212775749,0.112776590959396,0.1461437876804608,0.1461437876804608,0.8284843753815225,8.0,0.0287046212775749,0.1248484848484848,8.0,9,9.0,8.0,46.0,46.0,50.0,77.0,31.0,23.0,5.0,,,0,0,0
2026-08-09,202604020606,6,マカナ,新潟,6,1800,芝,良,3勝クラス,△,,,-2.0,40,見送り,2.0,10.7,0.0629164110542561,0.1542105475640477,0.2876483975022158,0.2876483975022158,-0.3267944017194591,4.0,0.0629164110542561,0.2457337883959044,4.0,2,3.0,2.0,81.0,77.0,50.0,92.0,85.0,85.0,12.0,,,0,0,0
2026-08-09,202604020606,7,モズロックンロール,新潟,6,1800,芝,良,3勝クラス,,,,-1.0,40,見送り,10.0,65.8,0.0059032579042057,0.0500602622890376,0.0601125043820171,0.0601125043820171,-0.6115656299032617,11.0,0.0059032579042057,0.051353226925746,11.0,10,10.0,11.0,15.0,27.0,50.0,38.0,8.0,8.0,13.0,,,0,0,0
2026-08-09,202604020606,1,ライヒスアドラー,新潟,6,1800,芝,良,3勝クラス,◎,,,0.0,40,見送り,1.0,1.2,0.5570358002233828,0.742653642483338,0.8307265099907184,0.8307265099907184,-0.3315570397319406,1.0,0.5570358002233828,0.7096774193548387,1.0,1,1.0,1.0,100.0,100.0,88.0,15.0,92.0,85.0,1.0,120.0,110.0,1,1,1
2026-08-09,202607020606,5,カリーニョ,中京,6,2000,芝,良,2勝クラス,◎,,,1.0,40,見送り,2.0,4.4,0.1751313929571436,0.4188496083357331,0.7126068804752124,0.7126068804752124,-0.2294218709885678,3.0,0.1751313929571436,0.5520661157024794,1.0,3,2.0,2.0,71.0,100.0,64.0,57.0,71.0,43.0,1.0,340.0,180.0,1,1,1
2026-08-09,202607020606,3,カレントゥルーシー,中京,6,2000,芝,良,2勝クラス,△,,,0.0,40,見送り,4.0,5.4,0.1055633933304792,0.2979415048886493,0.4742185969509271,0.4742185969509271,-0.4299576760154121,4.0,0.1055633933304792,0.3673835125448028,4.0,4,4.0,4.0,57.0,57.0,14.0,14.0,100.0,86.0,5.0,,,0,0,0
2026-08-09,202607020606,2,サトノアイボリー,中京,6,2000,芝,良,2勝クラス,▲,,,0.0,40,見送り,3.0,4.8,0.2662267082862519,0.4487012946493213,0.5083459019504468,0.5083459019504468,0.277888199774009,2.0,0.2662267082862519,0.3938223938223938,3.0,2,3.0,3.0,86.0,71.0,29.0,29.0,57.0,64.0,2.0,,230.0,0,1,1
2026-08-09,202607020606,7,ショウナンハウル,中京,6,2000,芝,良,2勝クラス,,,,0.0,40,見送り,7.0,58.9,0.0058499136967873,0.0541307894746113,0.0541307894746113,0.0541307894746113,-0.6554400832592266,7.0,0.0058499136967873,0.0295983086680761,7.0,6,7.0,7.0,14.0,14.0,43.0,86.0,14.0,29.0,7.0,,,0,0,0
2026-08-09,202607020606,4,ダイヤモンドハンズ,中京,6,2000,芝,良,2勝クラス,,,,0.0,40,見送り,5.0,14.1,0.0779973579167062,0.276058624890597,0.4551226697741257,0.4551226697741257,0.0997627466255579,5.0,0.0779973579167062,0.3525896414342629,5.0,5,5.0,5.0,43.0,43.0,64.0,43.0,86.0,64.0,4.0,,,0,0,0
2026-08-09,202607020606,1,マイバレンタイン,中京,6,2000,芝,良,2勝クラス,○,,◎妙,-1.0,40,見送り,1.0,2.0,0.342972083023074,0.4270260633034286,0.6266746072722834,0.6266746072722834,-0.3140558339538519,1.0,0.342972083023074,0.4854932301740812,2.0,1,1.0,1.0,100.0,86.0,86.0,71.0,43.0,100.0,3.0,,,0,0,1
2026-08-09,202607020606,6,ヤマニンループ,中京,6,2000,芝,良,2勝クラス,×,,,0.0,40,見送り,6.0,17.9,0.0262591507895575,0.0772921144576592,0.1848258500547995,0.1848258500547995,-0.5299612008669192,6.0,0.0262591507895575,0.1431870669745958,6.0,7,6.0,6.0,29.0,29.0,100.0,100.0,29.0,14.0,6.0,,,0,0,0
2026-08-09,202601010611,2,アスティスプマンテ,札幌,11,1200,芝,良,オープン,,,,2.0,40,見送り,11.0,23.7,0.0287833455053771,0.0842238074456345,0.1100160412301691,0.1100160412301691,-0.3178347115225614,9.0,0.0287833455053771,0.0797872340425532,9.0,12,11.0,11.0,50.0,47.0,78.0,69.0,69.0,19.0,3.0,,450.0,0,0,1
2026-08-09,202601010611,15,ウインアイオライト,札幌,11,1200,芝,良,オープン,,,,-1.0,40,見送り,14.0,67.6,0.0064122441910127,0.031888691451188,0.031888691451188,0.031888691451188,-0.5665322926875402,15.0,0.0064122441910127,0.021694214876033,15.0,13,13.0,14.0,12.0,12.0,28.0,19.0,19.0,6.0,13.0,,,0,0,0
2026-08-09,202601010611,9,カンティーユ,札幌,11,1200,芝,良,オープン,,,,-3.0,40,見送り,5.0,13.1,0.0287833455053771,0.0802313048549517,0.1431611290616262,0.1431611290616262,-0.6229381738795592,10.0,0.0287833455053771,0.1038251366120218,8.0,5,6.0,6.0,50.0,56.0,41.0,6.0,75.0,53.0,14.0,,,0,0,0
2026-08-09,202601010611,1,クファシル,札幌,11,1200,芝,良,オープン,,,,1.0,40,見送り,13.0,53.4,0.0108567978640412,0.0674149447524778,0.0708093067589226,0.0708093067589226,-0.4202469940601999,14.0,0.0108567978640412,0.051353226925746,12.0,14,14.0,13.0,19.0,31.0,12.0,62.0,25.0,44.0,16.0,,,0,0,0
2026-08-09,202601010611,12,サウザンサニー,札幌,11,1200,芝,良,オープン,,,,-1.0,40,見送り,10.0,22.1,0.0170482565148381,0.0644034502649079,0.0962605764524599,0.0962605764524599,-0.6232335310220761,12.0,0.0170482565148381,0.0698113207547169,11.0,10,10.0,10.0,28.0,38.0,78.0,100.0,38.0,53.0,10.0,,,0,0,0
2026-08-09,202601010611,6,シンバーシア,札幌,11,1200,芝,良,オープン,,,,-1.0,40,見送り,12.0,28.1,0.0287833455053771,0.0407883649226677,0.0438606033161495,0.0438606033161495,-0.1911879912989018,11.0,0.0287833455053771,0.0318091451292246,13.0,11,12.0,12.0,50.0,19.0,28.0,50.0,12.0,88.0,6.0,,,0,0,0
2026-08-09,202601010611,7,ジョーメッドヴィン,札幌,11,1200,芝,良,オープン,×,,,2.0,40,見送り,9.0,19.5,0.0287833455053771,0.1335612156720603,0.2441597901719563,0.2441597901719563,-0.4387247626451453,7.0,0.0287833455053771,0.1770726714431934,7.0,9,9.0,9.0,50.0,66.0,59.0,81.0,56.0,31.0,8.0,,,0,0,0
2026-08-09,202601010611,4,ステークホルダー,札幌,11,1200,芝,良,オープン,,,,0.0,40,見送り,16.0,132.6,0.0048337132049298,0.0189498947844677,0.0233310950380956,0.0233310950380956,-0.3590496290263012,16.0,0.0048337132049298,0.0169204737732656,16.0,16,16.0,15.0,6.0,6.0,94.0,56.0,31.0,38.0,15.0,,,0,0,0
2026-08-09,202601010611,5,ダノンマッキンリー,札幌,11,1200,芝,良,オープン,△,★,,3.0,40,見送り,7.0,16.8,0.0639213972064933,0.1902934692108145,0.3021394893553571,0.3021394893553571,0.0738794730690879,6.0,0.0639213972064933,0.2191214470284237,4.0,7,7.0,7.0,69.0,81.0,94.0,94.0,50.0,78.0,4.0,,,0,0,0
2026-08-09,202601010611,11,ダンツエラン,札幌,11,1200,芝,良,オープン,,,,1.0,40,見送り,15.0,75.5,0.0170482565148381,0.0453801962259143,0.0453801962259143,0.0453801962259143,0.2871433668702829,13.0,0.0170482565148381,0.0295983086680761,14.0,15,15.0,16.0,28.0,25.0,59.0,88.0,6.0,12.0,12.0,,,0,0,0
2026-08-09,202601010611,10,ナムラクララ,札幌,11,1200,芝,良,オープン,◎,,,0.0,40,見送り,1.0,4.5,0.2225121600692674,0.3137910824266379,0.460520272586911,0.460520272586911,0.0013047203117033,1.0,0.2225121600692674,0.333984375,1.0,1,1.0,1.0,100.0,100.0,59.0,44.0,62.0,62.0,1.0,360.0,170.0,1,1,1
2026-08-09,202601010611,3,ブラックチャリス,札幌,11,1200,芝,良,オープン,○,,,1.0,40,見送り,3.0,4.7,0.1919661238370294,0.3046371240374244,0.4445776435352474,0.4445776435352474,-0.0977592179659615,2.0,0.1919661238370294,0.3224222585924713,2.0,3,3.0,3.0,94.0,94.0,6.0,38.0,100.0,100.0,6.0,,,0,0,0
2026-08-09,202601010611,14,マーブルパレス,札幌,11,1200,芝,良,オープン,▲,,,1.0,40,見送り,4.0,8.3,0.1504944141116967,0.2071814389451083,0.3447169291878632,0.3447169291878632,0.2491036371270827,3.0,0.1504944141116967,0.25,3.0,4,4.0,4.0,88.0,88.0,19.0,12.0,94.0,94.0,9.0,,,0,0,0
2026-08-09,202601010611,8,モズナナスター,札幌,11,1200,芝,良,オープン,,,,-2.0,40,見送り,8.0,18.1,0.0287833455053771,0.0796478919911665,0.1100160412301691,0.1100160412301691,-0.4790214463526734,8.0,0.0287833455053771,0.0797872340425532,10.0,8,8.0,8.0,50.0,47.0,94.0,75.0,44.0,25.0,11.0,,,0,0,0
2026-08-09,202601010611,13,ルシード,札幌,11,1200,芝,良,オープン,,,,-3.0,40,見送り,2.0,4.6,0.0854949544794835,0.1631851950436728,0.2915456870774302,0.2915456870774302,-0.6067232093943757,4.0,0.0854949544794835,0.2114384748700173,5.0,2,2.0,2.0,78.0,75.0,41.0,31.0,88.0,78.0,2.0,,190.0,0,1,1
2026-08-09,202601010611,16,ロードフォアエース,札幌,11,1200,芝,良,オープン,,,,0.0,40,見送り,6.0,15.5,0.0854949544794835,0.1744219279709052,0.2441597901719563,0.2441597901719563,0.3251717944319947,5.0,0.0854949544794835,0.1770726714431934,6.0,6,5.0,5.0,78.0,66.0,59.0,25.0,81.0,69.0,5.0,,,0,0,0
2026-08-09,202604020607,1,オオツカ,新潟,7,1800,ダート,良,オープン,,,,0.0,40,見送り,9.0,34.2,0.0320015371887121,0.0974859190269804,0.137862079505712,0.137862079505712,0.0944525718539539,9.0,0.0320015371887121,0.1248484848484848,9.0,8,9.0,10.0,33.0,33.0,67.0,42.0,12.0,54.0,5.0,,,0,0,0
2026-08-09,202604020607,9,ショウナンバンライ,新潟,7,1800,ダート,良,オープン,,,,-4.0,40,見送り,2.0,4.0,0.0883771938770605,0.1771580015696956,0.2713478750998806,0.2713478750998806,-0.6464912244917577,7.0,0.0883771938770605,0.2457337883959044,6.0,2,2.0,2.0,54.0,58.0,92.0,58.0,75.0,83.0,6.0,,,0,0,0
2026-08-09,202604020607,10,タガノアバンドーネ,新潟,7,1800,ダート,良,オープン,▲,★,,5.0,40,見送り,8.0,19.9,0.0883771938770605,0.1750065626934844,0.3159175294212848,0.3159175294212848,0.7587061581535055,6.0,0.0883771938770605,0.2860962566844919,3.0,9,8.0,8.0,54.0,83.0,42.0,25.0,67.0,83.0,7.0,,,0,0,0
2026-08-09,202604020607,4,チェリヴェント,新潟,7,1800,ダート,良,オープン,○,★,,5.0,40,見送り,7.0,19.1,0.1054575881363061,0.2342465669362419,0.3687972706740809,0.3687972706740809,1.0142399334034482,3.0,0.1054575881363061,0.333984375,2.0,7,7.0,7.0,83.0,92.0,100.0,33.0,25.0,25.0,1.0,2080.0,400.0,1,1,1
2026-08-09,202604020607,8,テンカムテキ,新潟,7,1800,ダート,良,オープン,×,,,4.0,40,見送り,11.0,57.5,0.0926235311079321,0.1631538410017116,0.2419615935932269,0.2419615935932269,4.3258530387060965,5.0,0.0926235311079321,0.2191214470284237,7.0,10,10.0,9.0,71.0,50.0,54.0,67.0,50.0,42.0,8.0,,,0,0,0
2026-08-09,202604020607,6,ドンエレクトス,新潟,7,1800,ダート,良,オープン,,,,-1.0,40,見送り,4.0,5.6,0.1553674576144915,0.2381138950850314,0.3102723042030211,0.3102723042030211,-0.1299422373588474,2.0,0.1553674576144915,0.2809839167455062,5.0,4,4.0,4.0,92.0,71.0,54.0,92.0,58.0,54.0,4.0,,,0,0,0
2026-08-09,202604020607,11,パイロマンサー,新潟,7,1800,ダート,良,オープン,,,,-5.0,40,見送り,3.0,5.1,0.0652990341161472,0.1698127033329869,0.202936601633225,0.202936601633225,-0.6669749260076492,8.0,0.0652990341161472,0.1837802485284499,8.0,3,3.0,3.0,42.0,42.0,8.0,8.0,100.0,100.0,2.0,,190.0,0,1,1
2026-08-09,202604020607,7,パラダイスフェイス,新潟,7,1800,ダート,良,オープン,,,,1.0,40,見送り,12.0,96.8,0.0219840418838226,0.0461097809417364,0.0567060358153636,0.0567060358153636,1.1280552543540323,11.0,0.0219840418838226,0.051353226925746,11.0,12,12.0,12.0,21.0,17.0,17.0,75.0,42.0,8.0,12.0,,,0,0,0
2026-08-09,202604020607,3,ヒシアムルーズ,新潟,7,1800,ダート,良,オープン,,,,-2.0,40,見送り,10.0,36.3,0.0130210570970055,0.0398476412073701,0.0453019529369031,0.0453019529369031,-0.5273356273786975,12.0,0.0130210570970055,0.041025641025641,12.0,11,11.0,11.0,8.0,8.0,83.0,17.0,12.0,33.0,10.0,,,0,0,0
2026-08-09,202604020607,2,ファイアマン,新潟,7,1800,ダート,良,オープン,,,,-4.0,40,見送り,6.0,18.8,0.0219840418838226,0.0893826640289794,0.129013668868722,0.129013668868722,-0.5867000125841342,10.0,0.0219840418838226,0.1168353265869365,10.0,6,6.0,6.0,21.0,25.0,25.0,100.0,33.0,17.0,11.0,,,0,0,0
2026-08-09,202604020607,5,マクリール,新潟,7,1800,ダート,良,オープン,△,,,1.0,40,見送り,5.0,12.3,0.0926235311079321,0.2325305751516772,0.3102723042030211,0.3102723042030211,0.1392694326275652,4.0,0.0926235311079321,0.2809839167455062,4.0,5,5.0,5.0,71.0,71.0,75.0,83.0,92.0,83.0,9.0,,,0,0,0
2026-08-09,202604020607,12,メルカントゥール,新潟,7,1800,ダート,良,オープン,◎,,,0.0,40,見送り,1.0,3.1,0.2228837921097066,0.3371518490241043,0.6096107840455585,0.6096107840455585,-0.3090602444599092,1.0,0.2228837921097066,0.5520661157024794,1.0,1,1.0,1.0,100.0,100.0,33.0,50.0,83.0,67.0,3.0,,130.0,0,0,1
2026-08-09,202607020607,16,アブキールベイ,中京,7,1200,芝,良,オープン,×,,,5.0,40,見送り,15.0,52.2,0.0243463524437905,0.0622868663633817,0.1127297598348858,0.1127297598348858,0.2708795975658689,11.0,0.0243463524437905,0.0942222222222222,10.0,16,16.0,17.0,44.0,56.0,83.0,94.0,39.0,31.0,8.0,,,0,0,0
2026-08-09,202607020607,15,アンクルクロス,中京,7,1200,芝,良,オープン,,,,-3.0,40,見送り,4.0,7.5,0.0243463524437905,0.0859756055556401,0.13978462825163,0.13978462825163,-0.8174023566715706,9.0,0.0243463524437905,0.1168353265869365,7.0,4,5.0,4.0,44.0,67.0,92.0,78.0,72.0,22.0,14.0,,,0,0,0
2026-08-09,202607020607,1,イツモニコニコ,中京,7,1200,芝,良,オープン,,,,0.0,40,見送り,13.0,43.0,0.014420243872793,0.0645970141729291,0.0835239632098099,0.0835239632098099,-0.3799295134699001,14.0,0.014420243872793,0.0698113207547169,13.0,14,13.0,14.0,22.0,33.0,69.0,56.0,28.0,56.0,10.0,,,0,0,0
2026-08-09,202607020607,12,インビンシブルパパ,中京,7,1200,芝,良,オープン,,,,-1.0,40,見送り,5.0,9.7,0.0540678242144606,0.1060450286576538,0.171312491796664,0.171312491796664,-0.4755421051197319,6.0,0.0540678242144606,0.1431870669745958,6.0,5,4.0,5.0,72.0,72.0,19.0,11.0,61.0,94.0,17.0,,,0,0,0
2026-08-09,202607020607,9,クラスペディア,中京,7,1200,芝,良,オープン,,,,2.0,40,見送り,10.0,24.1,0.0354402846963636,0.0947763981979105,0.1127297598348858,0.1127297598348858,-0.1458891388176372,7.0,0.0354402846963636,0.0942222222222222,8.0,9,9.0,10.0,64.0,56.0,56.0,22.0,17.0,50.0,11.0,,,0,0,0
2026-08-09,202607020607,14,コウセキ,中京,7,1200,芝,良,オープン,,,,2.0,40,見送り,7.0,14.2,0.0978738269102129,0.1536889428935741,0.2198791621592808,0.2198791621592808,0.3898083421250233,5.0,0.0978738269102129,0.1837802485284499,5.0,7,6.0,6.0,78.0,78.0,36.0,6.0,78.0,75.0,18.0,,,0,0,0
2026-08-09,202607020607,13,サンアントワーヌ,中京,7,1200,芝,良,オープン,▲,★,,5.0,40,見送り,8.0,15.6,0.116977379136305,0.1908241721616975,0.3361759965444318,0.3361759965444318,0.8248471145263592,3.0,0.116977379136305,0.2809839167455062,3.0,8,8.0,8.0,92.0,89.0,92.0,83.0,100.0,75.0,7.0,,,0,0,0
2026-08-09,202607020607,5,ジェニファー,中京,7,1200,芝,良,オープン,,,,-3.0,40,見送り,9.0,16.1,0.014420243872793,0.0736607174452041,0.0954593886598604,0.0954593886598604,-0.7678340736480324,16.0,0.014420243872793,0.0797872340425532,12.0,10,11.0,9.0,22.0,39.0,6.0,28.0,50.0,31.0,5.0,,,0,0,0
2026-08-09,202607020607,17,タマモイカロス,中京,7,1200,芝,良,オープン,△,,,2.0,40,見送り,6.0,12.8,0.116977379136305,0.185928442128354,0.2621622321741531,0.2621622321741531,0.4973104529447052,2.0,0.116977379136305,0.2191214470284237,4.0,6,7.0,7.0,92.0,83.0,36.0,50.0,94.0,89.0,6.0,,,0,0,0
2026-08-09,202607020607,11,タマモブラックタイ,中京,7,1200,芝,良,オープン,,,,-1.0,40,見送り,16.0,52.5,0.0091832072529428,0.038374136972367,0.038374136972367,0.038374136972367,-0.5178816192204997,17.0,0.0091832072529428,0.0318091451292246,17.0,17,18.0,16.0,11.0,11.0,19.0,61.0,33.0,44.0,16.0,,,0,0,0
2026-08-09,202607020607,7,ディアナザール,中京,7,1200,芝,良,オープン,◎,,,0.0,40,見送り,1.0,4.6,0.2468339255077835,0.349092910736494,0.5592846838384172,0.5592846838384172,0.135436057335804,1.0,0.2468339255077835,0.4674634794156706,1.0,1,1.0,1.0,100.0,100.0,36.0,17.0,89.0,100.0,9.0,,,0,0,0
2026-08-09,202607020607,10,ナムラローズマリー,中京,7,1200,芝,良,オープン,,,,1.0,40,見送り,12.0,37.2,0.0243463524437905,0.0642389435641991,0.0956191181521138,0.0956191181521138,-0.0943156890909899,13.0,0.0243463524437905,0.0799207397622192,11.0,12,12.0,11.0,44.0,44.0,69.0,67.0,56.0,39.0,12.0,,,0,0,0
2026-08-09,202607020607,8,フィオライア,中京,7,1200,芝,良,オープン,,,,0.0,40,見送り,14.0,49.8,0.0243463524437905,0.0639900720244935,0.0802837935395749,0.0802837935395749,0.2124483517007713,12.0,0.0243463524437905,0.0671031096563011,14.0,15,10.0,13.0,44.0,28.0,36.0,33.0,22.0,83.0,13.0,,,0,0,0
2026-08-09,202607020607,2,フロムダスク,中京,7,1200,芝,良,オープン,,,,-5.0,40,見送り,11.0,27.3,0.014420243872793,0.0544427953212361,0.0614402505221363,0.0614402505221363,-0.6063273422727505,15.0,0.014420243872793,0.051353226925746,16.0,11,14.0,12.0,22.0,19.0,100.0,89.0,6.0,6.0,1.0,3510.0,640.0,1,1,1
2026-08-09,202607020607,4,プロトポロス,中京,7,1200,芝,良,オープン,,,,2.0,40,見送り,17.0,110.0,0.0243463524437905,0.0489205778310805,0.0614402505221363,0.0614402505221363,1.6780987688169646,10.0,0.0243463524437905,0.051353226925746,15.0,13,15.0,15.0,44.0,19.0,11.0,39.0,11.0,61.0,4.0,,,0,0,0
2026-08-09,202607020607,18,ペプチドヤマト,中京,7,1200,芝,良,オープン,,,,0.0,40,見送り,18.0,169.8,0.005423787759518,0.0296296663527046,0.0354121368502822,0.0354121368502822,-0.0790408384338292,18.0,0.005423787759518,0.0295983086680761,18.0,18,17.0,18.0,6.0,6.0,78.0,72.0,44.0,17.0,15.0,,,0,0,0
2026-08-09,202607020607,3,レイピア,中京,7,1200,芝,良,オープン,○,,,0.0,40,見送り,2.0,5.3,0.1167896068524126,0.2434152007086368,0.4219753888753996,0.4219753888753996,-0.3810150836822131,4.0,0.1167896068524126,0.3526970954356846,2.0,2,2.0,2.0,83.0,94.0,56.0,44.0,83.0,67.0,2.0,,190.0,0,1,1
2026-08-09,202607020607,6,レッドエヴァンス,中京,7,1200,芝,良,オープン,,,,-6.0,40,見送り,3.0,7.2,0.0354402846963636,0.0901125089124427,0.1127297598348858,0.1127297598348858,-0.7448299501861821,8.0,0.0354402846963636,0.0942222222222222,9.0,3,3.0,3.0,64.0,56.0,56.0,100.0,67.0,11.0,3.0,,250.0,0,0,1
2026-08-09,202601010612,5,グランセゾン,札幌,12,1800,芝,良,1勝クラス,○,★,,5.0,40,見送り,7.0,15.1,0.0991386895113591,0.2830935340741569,0.4589105339605417,0.4589105339605417,0.4969942116215227,5.0,0.0991386895113591,0.4016393442622951,2.0,6,6.0,6.0,50.0,88.0,38.0,100.0,38.0,38.0,2.0,,250.0,0,1,1
2026-08-09,202601010612,4,グレーヌドジョワ,札幌,12,1800,芝,良,1勝クラス,△,,,1.0,40,見送り,5.0,10.3,0.1289405797027782,0.2547100318561451,0.402866658685419,0.402866658685419,0.3280879709386155,4.0,0.1289405797027782,0.3525896414342629,4.0,5,5.0,5.0,69.0,62.0,25.0,25.0,75.0,50.0,1.0,780.0,190.0,1,1,1
2026-08-09,202601010612,3,ゴーゴータカシ,札幌,12,1800,芝,良,1勝クラス,,,,-1.0,40,見送り,4.0,6.3,0.0732503532261696,0.1914018066876565,0.3816084008085467,0.3816084008085467,-0.538522774675131,6.0,0.0732503532261696,0.333984375,5.0,4,4.0,4.0,38.0,50.0,100.0,75.0,25.0,12.0,8.0,,,0,0,0
2026-08-09,202601010612,7,ディーリライズ,札幌,12,1800,芝,良,1勝クラス,,,,-1.0,40,見送り,6.0,12.3,0.045230465131341,0.1854256316385006,0.2503667573771123,0.2503667573771123,-0.4436652788845051,7.0,0.045230465131341,0.2191214470284237,7.0,7,7.0,7.0,25.0,25.0,75.0,38.0,50.0,75.0,6.0,,,0,0,0
2026-08-09,202601010612,6,ドーギッド,札幌,12,1800,芝,良,1勝クラス,×,,,0.0,40,見送り,8.0,42.8,0.0246609900915932,0.1148611781094089,0.142651076555304,0.142651076555304,0.0554903759201916,8.0,0.0246609900915932,0.1248484848484848,8.0,8,8.0,8.0,12.0,12.0,56.0,88.0,12.0,25.0,5.0,,,0,0,0
2026-08-09,202601010612,1,マイネルシンベリン,札幌,12,1800,芝,良,1勝クラス,▲,,,0.0,40,見送り,3.0,6.3,0.1289405797027782,0.2829909271170586,0.4197700407560949,0.4197700407560949,-0.1876743478724973,3.0,0.1289405797027782,0.3673835125448028,3.0,3,3.0,3.0,69.0,75.0,56.0,12.0,62.0,62.0,3.0,,170.0,0,0,1
2026-08-09,202601010612,2,ロングミックス,札幌,12,1800,芝,良,1勝クラス,,,,-4.0,40,見送り,2.0,5.0,0.1644727044318789,0.2436777132032327,0.3130393354385579,0.3130393354385579,-0.1776364778406052,2.0,0.1644727044318789,0.273972602739726,6.0,2,2.0,2.0,88.0,38.0,12.0,62.0,88.0,94.0,4.0,,,0,0,0
2026-08-09,202601010612,8,ヴァロアーク,札幌,12,1800,芝,良,1勝クラス,◎,,,0.0,40,見送り,1.0,2.1,0.3353656382021016,0.4438391773138402,0.6307871964184232,0.6307871964184232,-0.2957321597755865,1.0,0.3353656382021016,0.5520661157024794,1.0,1,1.0,1.0,100.0,100.0,88.0,50.0,100.0,94.0,7.0,,,0,0,0
2026-08-09,202604020608,8,カレンデュラ,新潟,8,1000,芝,良,2勝クラス,▲,★,,3.0,40,見送り,6.0,12.6,0.1366789898870283,0.2270389413161062,0.4493646134195966,0.4493646134195966,0.7221552725765574,3.0,0.1366789898870283,0.273972602739726,3.0,6,6.0,5.0,88.0,88.0,38.0,35.0,100.0,97.0,3.0,,250.0,0,0,1
2026-08-09,202604020608,15,キントラダンサー,新潟,8,1000,芝,良,2勝クラス,,,,-2.0,40,見送り,4.0,9.2,0.0494917023940568,0.1385800381652575,0.1916310639840423,0.1916310639840423,-0.5446763379746773,4.0,0.0494917023940568,0.1168353265869365,6.0,4,4.0,4.0,76.0,71.0,18.0,29.0,56.0,35.0,11.0,,,0,0,0
2026-08-09,202604020608,1,クォーツァイト,新潟,8,1000,芝,良,2勝クラス,,,,-4.0,40,見送り,9.0,27.9,0.0128241791588154,0.0493308760929887,0.0493308760929887,0.0493308760929887,-0.642205401469049,14.0,0.0128241791588154,0.0295983086680761,13.0,9,10.0,10.0,26.0,29.0,24.0,47.0,12.0,56.0,6.0,,,0,0,0
2026-08-09,202604020608,17,クールベイビー,新潟,8,1000,芝,良,2勝クラス,,,,-3.0,40,見送り,2.0,5.5,0.0494917023940568,0.1620434135889182,0.2047740926243604,0.2047740926243604,-0.7277956368326874,5.0,0.0494917023940568,0.1248484848484848,5.0,2,2.0,1.0,76.0,76.0,79.0,6.0,44.0,44.0,1.0,420.0,170.0,1,1,1
2026-08-09,202604020608,9,サトノアルペジオ,新潟,8,1000,芝,良,2勝クラス,,,,2.0,40,見送り,13.0,36.9,0.033999231096824,0.0846221576409342,0.0846221576409342,0.0846221576409342,0.2545716274728062,8.0,0.033999231096824,0.051353226925746,11.0,13,13.0,15.0,59.0,47.0,56.0,88.0,6.0,6.0,15.0,,,0,0,0
2026-08-09,202604020608,5,スペルキャスター,新潟,8,1000,芝,良,2勝クラス,,,,-3.0,40,見送り,11.0,36.1,0.0128241791588154,0.0276520879623275,0.0400044107068665,0.0400044107068665,-0.5370471323667623,13.0,0.0128241791588154,0.024390243902439,14.0,10,12.0,11.0,26.0,24.0,100.0,65.0,31.0,18.0,4.0,,,0,0,0
2026-08-09,202604020608,6,ゼンダンタカ,新潟,8,1000,芝,良,2勝クラス,,,,0.0,40,見送り,16.0,63.7,0.0075742193366223,0.0287914345507031,0.0355824355564174,0.0355824355564174,-0.5175222282571583,15.0,0.0075742193366223,0.021694214876033,16.0,15,16.0,17.0,18.0,15.0,65.0,12.0,38.0,88.0,5.0,,,0,0,0
2026-08-09,202604020608,11,ハニーローリエ,新潟,8,1000,芝,良,2勝クラス,◎,,,0.0,40,見送り,1.0,3.5,0.3446990137537318,0.4131088296461733,0.6459399443093276,0.6459399443093276,0.2064465481380615,1.0,0.3446990137537318,0.3938223938223938,1.0,1,1.0,2.0,100.0,100.0,88.0,41.0,94.0,79.0,2.0,,130.0,0,1,1
2026-08-09,202604020608,10,ペイシャヴァルツー,新潟,8,1000,芝,良,2勝クラス,,,,-3.0,40,見送り,14.0,45.0,0.0057096397039558,0.0255447941630048,0.0328693554906117,0.0328693554906117,-0.7430662133219876,17.0,0.0057096397039558,0.0200400801603206,17.0,16,14.0,13.0,9.0,6.0,38.0,18.0,19.0,56.0,17.0,,,0,0,0
2026-08-09,202604020608,4,ミスエル,新潟,8,1000,芝,良,2勝クラス,,,,3.0,40,見送り,15.0,60.8,0.0201376039813591,0.064317098106954,0.0672894703171908,0.0672894703171908,0.2243663220666363,12.0,0.0201376039813591,0.041025641025641,12.0,14,15.0,14.0,41.0,35.0,12.0,76.0,75.0,29.0,7.0,,,0,0,0
2026-08-09,202604020608,16,メッエフアパラ,新潟,8,1000,芝,良,2勝クラス,,,,-1.0,40,見送り,8.0,18.2,0.0201376039813591,0.0758600909226297,0.1145031906458802,0.1145031906458802,-0.6334956075392635,10.0,0.0201376039813591,0.0698113207547169,9.0,8,8.0,8.0,41.0,53.0,6.0,53.0,88.0,71.0,14.0,,,0,0,0
2026-08-09,202604020608,7,ラトルシェ,新潟,8,1000,芝,良,2勝クラス,×,,,5.0,40,見送り,12.0,36.1,0.0494917023940568,0.1189221748939663,0.1545414834951484,0.1545414834951484,0.7866504564254513,6.0,0.0494917023940568,0.0942222222222222,7.0,12,11.0,12.0,76.0,65.0,79.0,71.0,50.0,79.0,13.0,,,0,0,0
2026-08-09,202604020608,14,ラブディーヴァ,新潟,8,1000,芝,良,2勝クラス,△,★,,3.0,40,見送り,7.0,13.5,0.033999231096824,0.1327190596987606,0.2348526836416968,0.2348526836416968,-0.5410103801928757,7.0,0.033999231096824,0.1431870669745958,4.0,7,7.0,7.0,59.0,82.0,29.0,82.0,69.0,65.0,10.0,,,0,0,0
2026-08-09,202604020608,2,ラヴェンデル,新潟,8,1000,芝,良,2勝クラス,,,,0.0,40,見送り,10.0,29.4,0.033999231096824,0.0639412081229771,0.0842285788234788,0.0842285788234788,-0.0004226057533739,9.0,0.033999231096824,0.051353226925746,10.0,11,9.0,9.0,59.0,41.0,71.0,59.0,25.0,97.0,16.0,,,0,0,0
2026-08-09,202604020608,3,リュウノタブーク,新潟,8,1000,芝,良,2勝クラス,,,,2.0,40,見送り,17.0,99.3,0.0057096397039558,0.0216085277564544,0.0355824355564174,0.0355824355564174,-0.433032777397186,16.0,0.0057096397039558,0.021694214876033,15.0,17,17.0,16.0,9.0,15.0,56.0,94.0,,24.0,12.0,,,0,0,0
2026-08-09,202604020608,12,レジーナローズ,新潟,8,1000,芝,良,2勝クラス,,,,-3.0,40,見送り,5.0,11.8,0.0201376039813591,0.0812890652378134,0.1151966475538865,0.1151966475538865,-0.762376273019962,11.0,0.0201376039813591,0.0702341137123745,8.0,5,5.0,6.0,41.0,59.0,94.0,100.0,81.0,12.0,9.0,,,0,0,0
2026-08-09,202604020608,13,ロードトレゾール,新潟,8,1000,芝,良,2勝クラス,○,,,1.0,40,見送り,3.0,5.7,0.1630945268803549,0.2846302021340304,0.4608644363079601,0.4608644363079601,-0.0703611967819769,2.0,0.1630945268803549,0.2809839167455062,2.0,3,3.0,3.0,94.0,94.0,47.0,24.0,62.0,44.0,8.0,,,0,0,0
2026-08-09,202607020608,8,キングオブフジ,中京,8,1800,ダート,良,2勝クラス,,,,1.0,40,見送り,7.0,29.6,0.0350693995050338,0.1419193448386023,0.2236493346792246,0.2236493346792246,0.0380542253490023,6.0,0.0350693995050338,0.1837802485284499,6.0,7,7.0,7.0,55.0,55.0,45.0,82.0,45.0,32.0,7.0,,,0,0,0
2026-08-09,202607020608,5,クロノスバレット,中京,8,1800,ダート,良,2勝クラス,○,,,2.0,40,見送り,4.0,12.4,0.1938557689497651,0.3509086575408885,0.5688744954655217,0.5688744954655217,1.4038115349770877,2.0,0.1938557689497651,0.4674634794156706,2.0,3,3.0,3.0,86.0,91.0,64.0,36.0,100.0,77.0,4.0,,,0,0,0
2026-08-09,202607020608,4,ケイツーリーブル,中京,8,1800,ダート,良,2勝クラス,△,,,-1.0,40,見送り,3.0,8.2,0.0917267652478838,0.2230122100851605,0.341940260386398,0.341940260386398,-0.2478405249673527,4.0,0.0917267652478838,0.2809839167455062,4.0,4,4.0,4.0,73.0,73.0,82.0,100.0,59.0,91.0,2.0,,140.0,0,1,1
2026-08-09,202607020608,10,シュヴァルツリーベ,中京,8,1800,ダート,良,2勝クラス,,,,2.0,40,見送り,10.0,48.2,0.0191208759671254,0.0779091843654591,0.114662688078452,0.114662688078452,-0.078373778384552,8.0,0.0191208759671254,0.0942222222222222,8.0,10,9.0,9.0,36.0,36.0,95.0,55.0,36.0,18.0,6.0,,,0,0,0
2026-08-09,202607020608,6,ジェシーテソーロ,中京,8,1800,ダート,良,2勝クラス,,,,-4.0,40,見送り,5.0,23.1,0.0072122083695831,0.0627423549487534,0.0816603848874193,0.0816603848874193,-0.8333979866626293,10.0,0.0072122083695831,0.0671031096563011,9.0,5,5.0,6.0,18.0,27.0,14.0,18.0,9.0,77.0,11.0,,,0,0,0
2026-08-09,202607020608,3,タイガースパーク,中京,8,1800,ダート,良,2勝クラス,,,,1.0,40,見送り,8.0,32.2,0.0278337089501723,0.0905156817103603,0.1742499127080054,0.1742499127080054,-0.1037545718044514,7.0,0.0278337089501723,0.1431870669745958,7.0,8,8.0,8.0,45.0,45.0,95.0,73.0,59.0,45.0,8.0,,,0,0,0
2026-08-09,202607020608,7,トモジャザーン,中京,8,1800,ダート,良,2勝クラス,×,,,1.0,40,見送り,6.0,27.0,0.0768670916556696,0.2082685925061721,0.2990430077388954,0.2990430077388954,1.0754114747030816,5.0,0.0768670916556696,0.2457337883959044,5.0,6,6.0,5.0,64.0,64.0,27.0,64.0,82.0,32.0,9.0,,,0,0,0
2026-08-09,202607020608,9,ハイディージェン,中京,8,1800,ダート,良,2勝クラス,,,,-1.0,40,見送り,9.0,37.0,0.0113252157646185,0.0515437679129005,0.0515437679129005,0.0515437679129005,-0.5809670167091139,9.0,0.0113252157646185,0.041025641025641,10.0,9,10.0,10.0,27.0,18.0,73.0,27.0,27.0,64.0,5.0,,,0,0,0
2026-08-09,202607020608,2,ブルックリンダンス,中京,8,1800,ダート,良,2勝クラス,▲,,,-1.0,40,見送り,2.0,7.0,0.1938557689497651,0.3021435706136692,0.4125216632179679,0.4125216632179679,0.3569903826483558,3.0,0.1938557689497651,0.3389830508474576,3.0,2,2.0,2.0,86.0,82.0,14.0,45.0,91.0,55.0,3.0,,140.0,0,0,1
2026-08-09,202607020608,1,メイショウジェンマ,中京,8,1800,ダート,良,2勝クラス,,,,0.0,40,見送り,11.0,85.5,0.00321105239955,0.0187088908515973,0.0205911828509814,0.0205911828509814,-0.7254550198384682,11.0,0.00321105239955,0.0169204737732656,11.0,11,11.0,11.0,9.0,9.0,36.0,91.0,18.0,9.0,10.0,,,0,0,0
2026-08-09,202607020608,11,リベッチオ,中京,8,1800,ダート,良,2勝クラス,◎,,,0.0,40,見送り,1.0,1.4,0.339922144240833,0.4723277446264364,0.7128813712592161,0.7128813712592161,-0.5241089980628338,1.0,0.339922144240833,0.5857988165680473,1.0,1,1.0,1.0,100.0,100.0,55.0,9.0,73.0,100.0,1.0,160.0,110.0,1,1,1
2026-08-09,202604020609,5,アスタールフナ,新潟,9,1200,ダート,良,2勝クラス,,,,-3.0,40,見送り,2.0,5.6,0.027087559808842,0.1154478961343256,0.2107776531416383,0.2107776531416383,-0.8483096650704843,9.0,0.027087559808842,0.1248484848484848,5.0,2,2.0,2.0,47.0,70.0,30.0,7.0,67.0,33.0,2.0,,240.0,0,1,1
2026-08-09,202604020609,13,アルジェンタージョ,新潟,9,1200,ダート,良,2勝クラス,×,,,4.0,40,見送り,10.0,28.5,0.0394305813805788,0.1354442001721903,0.2107776531416383,0.2107776531416383,0.1237715693464975,5.0,0.0394305813805788,0.1248484848484848,6.0,10,9.0,9.0,70.0,70.0,47.0,67.0,60.0,47.0,5.0,,,0,0,0
2026-08-09,202604020609,8,キョウエイカンフ,新潟,9,1200,ダート,良,2勝クラス,○,★,,4.0,40,見送り,6.0,14.8,0.1088936482896769,0.2185435071376631,0.3569647286551782,0.3569647286551782,0.6116259946872193,3.0,0.1088936482896769,0.2114384748700173,2.0,6,5.0,4.0,87.0,93.0,73.0,100.0,93.0,20.0,4.0,,,0,0,0
2026-08-09,202604020609,7,シャンハイナイト,新潟,9,1200,ダート,良,2勝クラス,,,,-3.0,40,見送り,7.0,15.4,0.027087559808842,0.0923126259617734,0.1185739793057403,0.1185739793057403,-0.5828515789438319,11.0,0.027087559808842,0.0702341137123745,10.0,7,8.0,7.0,47.0,40.0,30.0,40.0,33.0,93.0,13.0,,,0,0,0
2026-08-09,202604020609,9,シュバルツガイスト,新潟,9,1200,ダート,良,2勝クラス,,,,-1.0,40,見送り,14.0,41.0,0.0102171639992225,0.0257504806137899,0.0499698658385008,0.0499698658385008,-0.5810962760318736,15.0,0.0102171639992225,0.0295983086680761,15.0,13,14.0,15.0,13.0,7.0,100.0,47.0,13.0,47.0,8.0,,,0,0,0
2026-08-09,202604020609,1,タイセイピューマ,新潟,9,1200,ダート,良,2勝クラス,,,,3.0,40,見送り,15.0,47.0,0.0102171639992225,0.061667632680885,0.0866979896936258,0.0866979896936258,-0.5197932920365381,14.0,0.0102171639992225,0.051353226925746,12.0,14,15.0,14.0,13.0,30.0,13.0,87.0,73.0,47.0,15.0,,,0,0,0
2026-08-09,202604020609,4,ダズリングダンス,新潟,9,1200,ダート,良,2勝クラス,,,,-10.0,40,見送り,4.0,11.4,0.0160438496593764,0.0604143194907186,0.0604143194907186,0.0604143194907186,-0.8171001138831081,12.0,0.0160438496593764,0.0318091451292246,14.0,4,6.0,6.0,27.0,13.0,40.0,13.0,27.0,27.0,11.0,,,0,0,0
2026-08-09,202604020609,6,ダノンモンテローザ,新潟,9,1200,ダート,良,2勝クラス,,,,-3.0,40,見送り,5.0,11.4,0.027087559808842,0.111001964433268,0.1590723259308416,0.1590723259308416,-0.6912018181792002,8.0,0.027087559808842,0.0942222222222222,8.0,5,4.0,5.0,47.0,53.0,57.0,80.0,20.0,7.0,3.0,,330.0,0,0,1
2026-08-09,202604020609,11,ハッピーウィズユー,新潟,9,1200,ダート,良,2勝クラス,△,,,-1.0,40,見送り,3.0,7.8,0.0804579749905933,0.1886036573312028,0.2989460558340902,0.2989460558340902,-0.3724277950733722,4.0,0.0804579749905933,0.1770726714431934,4.0,3,3.0,3.0,80.0,80.0,67.0,60.0,87.0,60.0,7.0,,,0,0,0
2026-08-09,202604020609,14,ピコテンダー,新潟,9,1200,ダート,良,2勝クラス,◎,,,0.0,40,見送り,1.0,2.6,0.4355283154985265,0.4514342467048111,0.6780746958658865,0.6780746958658865,0.1323736202961689,1.0,0.4355283154985265,0.4016393442622951,1.0,1,1.0,1.0,100.0,100.0,20.0,27.0,100.0,83.0,6.0,,,0,0,0
2026-08-09,202604020609,10,フィーチャリング,新潟,9,1200,ダート,良,2勝クラス,▲,★,,5.0,40,見送り,8.0,16.0,0.1141257577587909,0.2214793156519004,0.3102702409694788,0.3102702409694788,0.8260121241406544,2.0,0.1141257577587909,0.1837802485284499,3.0,8,7.0,8.0,93.0,87.0,57.0,93.0,80.0,83.0,10.0,,,0,0,0
2026-08-09,202604020609,3,フォンメイリー,新潟,9,1200,ダート,良,2勝クラス,,,,-2.0,40,見送り,9.0,25.3,0.027087559808842,0.0606460835445267,0.0866979896936258,0.0866979896936258,-0.3146847368362953,10.0,0.027087559808842,0.051353226925746,11.0,9,10.0,10.0,47.0,30.0,7.0,20.0,53.0,13.0,14.0,,,0,0,0
2026-08-09,202604020609,2,プレアデスグループ,新潟,9,1200,ダート,良,2勝クラス,,,,-1.0,40,見送り,12.0,34.0,0.0102171639992225,0.0556605031998108,0.0692622609277975,0.0692622609277975,-0.6526164240264318,13.0,0.0102171639992225,0.041025641025641,13.0,12,12.0,12.0,13.0,20.0,80.0,33.0,47.0,67.0,12.0,,,0,0,0
2026-08-09,202604020609,15,マーゴットゲイン,新潟,9,1200,ダート,良,2勝クラス,,,,6.0,40,見送り,13.0,36.4,0.0394305813805788,0.0940923122135681,0.1752846152578482,0.1752846152578482,0.4352731622530703,6.0,0.0394305813805788,0.1038251366120218,7.0,15,13.0,13.0,70.0,60.0,90.0,73.0,7.0,100.0,1.0,4030.0,780.0,1,1,1
2026-08-09,202604020609,12,レッドセニョール,新潟,9,1200,ダート,良,2勝クラス,,,,2.0,40,見送り,11.0,33.4,0.027087559808842,0.1075012547295651,0.1349275963169899,0.1349275963169899,-0.0952755023846744,7.0,0.027087559808842,0.0799207397622192,9.0,11,11.0,11.0,47.0,47.0,90.0,53.0,40.0,73.0,9.0,,,0,0,0
2026-08-09,202607020609,2,アップストローク,中京,9,3000,芝,良,未勝利,○,,,0.0,40,見送り,2.0,4.9,0.1422696169667483,0.2651720104778037,0.4129368895866581,0.4129368895866581,-0.302878876862933,2.0,0.1422696169667483,0.2191214470284237,2.0,2,2.0,2.0,92.0,92.0,50.0,85.0,50.0,62.0,2.0,,150.0,0,1,1
2026-08-09,202607020609,13,アナザーエース,中京,9,3000,芝,良,未勝利,,,,-2.0,40,見送り,4.0,7.4,0.0697230288289882,0.1859866949161247,0.2201775180336075,0.2201775180336075,-0.4840495866654868,5.0,0.0697230288289882,0.1168353265869365,6.0,3,3.0,6.0,73.0,65.0,100.0,23.0,90.0,31.0,6.0,,,0,0,0
2026-08-09,202607020609,4,アレナリア,中京,9,3000,芝,良,未勝利,△,,,-1.0,40,見送り,3.0,6.1,0.0478975112040591,0.1754193953609434,0.3057365148794219,0.3057365148794219,-0.7078251816552394,7.0,0.0478975112040591,0.1622364802933089,4.0,4,5.0,4.0,46.0,81.0,19.0,31.0,,77.0,12.0,,,0,0,0
2026-08-09,202607020609,12,オリンポスカズマ,中京,9,3000,芝,良,未勝利,,,,1.0,40,見送り,6.0,16.6,0.0697230288289882,0.1627053948298564,0.2201775180336075,0.2201775180336075,0.1574022785612054,4.0,0.0697230288289882,0.1168353265869365,5.0,6,6.0,5.0,73.0,65.0,73.0,38.0,60.0,69.0,4.0,,,0,0,0
2026-08-09,202607020609,11,クリアクォーツ,中京,9,3000,芝,良,未勝利,,,,2.0,40,見送り,9.0,27.1,0.0478975112040591,0.1415464246792412,0.177562862522263,0.177562862522263,0.2980225536300021,8.0,0.0478975112040591,0.0942222222222222,7.0,8,8.0,9.0,46.0,50.0,73.0,92.0,80.0,31.0,8.0,,,0,0,0
2026-08-09,202607020609,7,スラッシュ,中京,9,3000,芝,良,未勝利,,,,2.0,40,見送り,13.0,55.3,0.018066475185658,0.067232411239128,0.067232411239128,0.067232411239128,-0.0009239222331102,10.0,0.018066475185658,0.0318091451292246,11.0,13,13.0,13.0,23.0,31.0,35.0,100.0,35.0,31.0,9.0,,,0,0,0
2026-08-09,202607020609,9,ナスノソナタ,中京,9,3000,芝,良,未勝利,×,,,4.0,40,見送り,12.0,49.9,0.0697230288289882,0.1249078717041451,0.177562862522263,0.177562862522263,2.479179138566515,6.0,0.0697230288289882,0.0942222222222222,8.0,12,12.0,11.0,73.0,50.0,50.0,77.0,10.0,31.0,5.0,,,0,0,0
2026-08-09,202607020609,6,ナヴァラトゥナ,中京,9,3000,芝,良,未勝利,▲,,,2.0,40,見送り,5.0,8.7,0.0697230288289882,0.1577172148951637,0.3057365148794219,0.3057365148794219,-0.3934096491878021,3.0,0.0697230288289882,0.1622364802933089,3.0,5,4.0,3.0,73.0,81.0,88.0,54.0,35.0,31.0,3.0,,280.0,0,0,1
2026-08-09,202607020609,5,メイショウソウセキ,中京,9,3000,芝,良,未勝利,◎,,,0.0,40,見送り,1.0,2.8,0.3702758832522126,0.4976676261608674,0.8120062059351826,0.8120062059351826,0.0367724731061953,1.0,0.3702758832522126,0.4308841843088418,1.0,1,1.0,1.0,100.0,100.0,88.0,8.0,100.0,100.0,1.0,230.0,110.0,1,1,1
2026-08-09,202607020609,10,ヨシノヤッタルデー,中京,9,3000,芝,良,未勝利,,,,-1.0,40,見送り,8.0,25.0,0.0478975112040591,0.0809560002402543,0.1323569958695167,0.1323569958695167,0.1974377801014779,9.0,0.0478975112040591,0.0702341137123745,9.0,9,9.0,8.0,46.0,38.0,62.0,62.0,20.0,92.0,7.0,,,0,0,0
2026-08-09,202607020609,1,ルクスマーベリック,中京,9,3000,芝,良,未勝利,,,,-5.0,40,見送り,7.0,24.0,0.0106704252959343,0.0342506216416246,0.0557783534390211,0.0557783534390211,-0.7439097928975756,13.0,0.0106704252959343,0.0295983086680761,12.0,7,7.0,7.0,8.0,12.0,8.0,69.0,,31.0,10.0,,,0,0,0
2026-08-09,202607020609,3,ヴィーデ,中京,9,3000,芝,良,未勝利,,,,0.0,40,見送り,10.0,32.1,0.018066475185658,0.0671682288001549,0.0671682288001549,0.0671682288001549,-0.4200661465403768,11.0,0.018066475185658,0.034090909090909,10.0,10,10.0,12.0,23.0,23.0,19.0,15.0,,85.0,13.0,,,0,0,0
2026-08-09,202607020609,8,ヴォンヌヴォー,中京,9,3000,芝,良,未勝利,,,,-2.0,40,見送り,11.0,33.4,0.018066475185658,0.0392701050546927,0.0557783534390211,0.0557783534390211,-0.3965797287990213,12.0,0.018066475185658,0.0295983086680761,13.0,11,11.0,10.0,23.0,12.0,35.0,46.0,70.0,31.0,11.0,,,0,0,0
2026-08-09,202604020610,4,イスキオス,新潟,10,2000,芝,良,1勝クラス,,,,0.0,40,見送り,5.0,11.5,0.0647590493026079,0.1703595891250089,0.3467793117298101,0.3467793117298101,-0.2552709330200091,5.0,0.0647590493026079,0.2809839167455062,5.0,5,5.0,5.0,43.0,43.0,43.0,43.0,57.0,21.0,7.0,,,0,0,0
2026-08-09,202604020610,7,ウップヘリーア,新潟,10,2000,芝,良,1勝クラス,◎,,,0.0,40,見送り,1.0,2.1,0.4982106505141334,0.7184355368584232,0.8738999285933539,0.8738999285933539,0.0462423660796802,1.0,0.4982106505141334,0.7080924855491328,1.0,1,1.0,1.0,100.0,100.0,57.0,14.0,86.0,100.0,2.0,,110.0,0,1,1
2026-08-09,202604020610,6,オプレントジュエル,新潟,10,2000,芝,良,1勝クラス,△,,,-1.0,40,見送り,3.0,5.6,0.1045855155729539,0.2651840740865995,0.4351522841443547,0.4351522841443547,-0.4143211127914578,3.0,0.1045855155729539,0.3525896414342629,4.0,2,3.0,3.0,64.0,57.0,71.0,29.0,71.0,71.0,3.0,,,0,0,1
2026-08-09,202604020610,3,テイキットイージー,新潟,10,2000,芝,良,1勝クラス,×,,,0.0,40,見送り,6.0,18.2,0.0218022467176589,0.0969059152581049,0.1540830953875569,0.1540830953875569,-0.603199109738608,6.0,0.0218022467176589,0.1248484848484848,6.0,6,6.0,6.0,29.0,29.0,14.0,86.0,29.0,43.0,6.0,,,0,0,0
2026-08-09,202604020610,1,トラストモアリズム,新潟,10,2000,芝,良,1勝クラス,,,,0.0,40,見送り,7.0,47.7,0.008223595327074,0.0493787842679124,0.050632234481348,0.050632234481348,-0.6077345028985661,7.0,0.008223595327074,0.041025641025641,7.0,7,7.0,7.0,14.0,14.0,86.0,100.0,14.0,86.0,4.0,,,0,0,0
2026-08-09,202604020610,2,ミッドセンチュリー,新潟,10,2000,芝,良,1勝クラス,▲,,,1.0,40,見送り,4.0,9.9,0.1045855155729539,0.284056692530464,0.5099483511890981,0.5099483511890981,0.0353966041722442,4.0,0.1045855155729539,0.4131944444444445,3.0,4,4.0,4.0,64.0,71.0,29.0,57.0,43.0,57.0,5.0,,,0,0,0
2026-08-09,202604020610,5,モートンアイランド,新潟,10,2000,芝,良,1勝クラス,○,,,0.0,40,見送り,2.0,2.8,0.1978334269926177,0.415679407873487,0.6295047944744785,0.6295047944744785,-0.4460664044206704,2.0,0.1978334269926177,0.5100671140939598,2.0,3,2.0,2.0,86.0,86.0,100.0,71.0,100.0,21.0,1.0,230.0,130.0,1,1,1
2026-08-09,202607020610,12,アイファーモービル,中京,10,1200,ダート,良,1勝クラス,,,,0.0,40,見送り,8.0,25.7,0.0357389786190075,0.1107030174546865,0.1528758699571015,0.1528758699571015,-0.0815082494915049,9.0,0.0357389786190075,0.0942222222222222,8.0,8,8.0,8.0,53.0,56.0,94.0,94.0,94.0,22.0,9.0,,,0,0,0
2026-08-09,202607020610,11,アメリカンビヨンド,中京,10,1200,ダート,良,1勝クラス,,,,-4.0,40,見送り,2.0,5.7,0.1061552191563164,0.171335538689046,0.2025670832621971,0.2025670832621971,-0.394915250808996,3.0,0.1061552191563164,0.1248484848484848,6.0,2,2.0,2.0,84.0,66.0,75.0,31.0,56.0,22.0,2.0,,210.0,0,1,1
2026-08-09,202607020610,9,ガビーズブラザー,中京,10,1200,ダート,良,1勝クラス,,,,-5.0,40,見送り,10.0,36.2,0.0134803949965221,0.0538599060671271,0.0538599060671271,0.0538599060671271,-0.5120097011258966,13.0,0.0134803949965221,0.0295983086680761,15.0,9,9.0,11.0,31.0,19.0,19.0,69.0,50.0,88.0,7.0,,,0,0,0
2026-08-09,202607020610,10,グランデスフィーダ,中京,10,1200,ダート,良,1勝クラス,△,,,-1.0,40,見送り,3.0,5.9,0.0793683085808486,0.1667532699110651,0.3170077567477348,0.3170077567477348,-0.5317269793729931,5.0,0.0793683085808486,0.1953818827708703,4.0,3,3.0,3.0,72.0,78.0,88.0,38.0,75.0,22.0,6.0,,,0,0,0
2026-08-09,202607020610,15,サヨノパララックス,中京,10,1200,ダート,良,1勝クラス,,,,2.0,40,見送り,13.0,65.0,0.0211680492443567,0.0600915736066773,0.066564239458825,0.066564239458825,0.3759232008831898,10.0,0.0211680492443567,0.041025641025641,11.0,16,16.0,12.0,44.0,31.0,100.0,62.0,38.0,81.0,11.0,,,0,0,0
2026-08-09,202607020610,7,シュネーグロッケン,中京,10,1200,ダート,良,1勝クラス,,,,-4.0,40,見送り,9.0,26.2,0.0134803949965221,0.0764484297078078,0.0764484297078078,0.0764484297078078,-0.6468136510911187,11.0,0.0134803949965221,0.0324675324675324,13.0,10,11.0,9.0,31.0,38.0,62.0,75.0,31.0,50.0,8.0,,,0,0,0
2026-08-09,202607020610,16,シンギタイ,中京,10,1200,ダート,良,1勝クラス,,,,-4.0,40,見送り,12.0,45.2,0.0079617936698723,0.0391919847948937,0.0480233545778521,0.0480233545778521,-0.640126926121772,16.0,0.0079617936698723,0.0295983086680761,16.0,11,12.0,13.0,12.0,9.0,12.0,6.0,62.0,22.0,15.0,,,0,0,0
2026-08-09,202607020610,5,スレッドザニードル,中京,10,1200,ダート,良,1勝クラス,×,,,4.0,40,見送り,11.0,38.7,0.0357389786190075,0.1427245602316557,0.2025670832621971,0.2025670832621971,0.3830984725555939,8.0,0.0357389786190075,0.1248484848484848,7.0,12,10.0,10.0,53.0,66.0,69.0,100.0,44.0,75.0,12.0,,,0,0,0
2026-08-09,202607020610,8,ナウオアネヴァー,中京,10,1200,ダート,良,1勝クラス,▲,,,4.0,40,見送り,7.0,21.1,0.1436728814051434,0.1999563652291273,0.3430596310063796,0.3430596310063796,2.0314977976485262,2.0,0.1436728814051434,0.2114384748700173,3.0,7,6.0,7.0,94.0,91.0,6.0,12.0,19.0,59.0,14.0,,,0,0,0
2026-08-09,202607020610,1,プールナバドラ,中京,10,1200,ダート,良,1勝クラス,,,,-3.0,40,見送り,6.0,15.9,0.0520242028015954,0.0822363782093885,0.0833207820429255,0.0833207820429255,-0.1728151754546322,7.0,0.0520242028015954,0.051353226925746,9.0,6,7.0,6.0,62.0,47.0,25.0,25.0,12.0,100.0,16.0,,,0,0,0
2026-08-09,202607020610,3,メイプルギャング,中京,10,1200,ダート,良,1勝クラス,,,,4.0,40,見送り,14.0,69.3,0.0134803949965221,0.0588493969706832,0.0833207820429255,0.0833207820429255,-0.0658086267410121,12.0,0.0134803949965221,0.051353226925746,10.0,13,15.0,14.0,31.0,47.0,53.0,56.0,6.0,44.0,13.0,,,0,0,0
2026-08-09,202607020610,2,ラヴネヴァーダイズ,中京,10,1200,ダート,良,1勝クラス,◎,,,0.0,40,見送り,1.0,2.7,0.2762832878373754,0.3830451582963617,0.6292777051588635,0.6292777051588635,-0.2540351228390864,1.0,0.2762832878373754,0.3878437047756874,1.0,1,1.0,1.0,100.0,100.0,31.0,19.0,88.0,22.0,3.0,,150.0,0,0,1
2026-08-09,202607020610,14,リーグナイト,中京,10,1200,ダート,良,1勝クラス,○,,,2.0,40,見送り,4.0,7.1,0.0793683085808486,0.2194954987541466,0.3430596310063796,0.3430596310063796,-0.4364850090759749,6.0,0.0793683085808486,0.2114384748700173,2.0,4,4.0,4.0,72.0,91.0,53.0,44.0,100.0,94.0,10.0,,,0,0,0
2026-08-09,202607020610,6,リードプリンシパル,中京,10,1200,ダート,良,1勝クラス,,,,2.0,40,見送り,16.0,114.6,0.0079617936698723,0.0374548057522968,0.0480233545778521,0.0480233545778521,-0.0875784454326344,15.0,0.0079617936698723,0.0295983086680761,14.0,15,13.0,15.0,12.0,9.0,38.0,81.0,69.0,69.0,1.0,26200.0,2310.0,1,1,1
2026-08-09,202607020610,4,ワイルドブッター,中京,10,1200,ダート,良,1勝クラス,,,,3.0,40,見送り,15.0,92.2,0.0079617936698723,0.0509329169532444,0.0626229358066577,0.0626229358066577,-0.2659226236377739,14.0,0.0079617936698723,0.0385964912280701,12.0,14,14.0,16.0,12.0,25.0,81.0,88.0,25.0,59.0,4.0,,,0,0,0
2026-08-09,202607020610,13,ヴォンドゥ,中京,10,1200,ダート,良,1勝クラス,,,,0.0,40,見送り,5.0,10.4,0.1061552191563164,0.1469211993717918,0.3170077567477348,0.3170077567477348,0.1040142792256915,4.0,0.1061552191563164,0.1953818827708703,5.0,5,5.0,5.0,84.0,78.0,44.0,50.0,81.0,22.0,5.0,,,0,0,0
2026-08-09,202604020611,11,オドラタス,新潟,11,1600,芝,良,未勝利,,,,-2.0,80,買い,9.0,18.8,0.0159573836081636,0.0582799591643679,0.0776258888850833,0.0776258888850833,-0.700001188166524,11.0,0.0159573836081636,0.0702341137123745,11.0,10,11.0,10.0,36.0,44.0,41.0,59.0,12.0,53.0,16.0,,,0,0,0
2026-08-09,202604020611,8,ガミーヌ,新潟,11,1600,芝,良,未勝利,×,,,5.0,80,買い,11.0,24.7,0.0473980964074081,0.1166116338192106,0.1793110260340126,0.1793110260340126,0.1707329812629816,9.0,0.0473980964074081,0.1622364802933089,6.0,11,9.0,9.0,61.0,72.0,66.0,88.0,69.0,53.0,1.0,4600.0,660.0,1,1,1
2026-08-09,202604020611,14,ゲンパチロマン,新潟,11,1600,芝,良,未勝利,,,,5.0,80,買い,17.0,65.5,0.0159573836081636,0.0538545865951742,0.0567578869657761,0.0567578869657761,0.0452086263347168,12.0,0.0159573836081636,0.051353226925746,12.0,18,18.0,18.0,36.0,39.0,,,,,18.0,,,0,0,0
2026-08-09,202604020611,17,ジーティージェミル,新潟,11,1600,芝,良,未勝利,,,,-1.0,80,買い,15.0,56.0,0.009158009145154,0.0427950876673748,0.0427950876673748,0.0427950876673748,-0.4871514878713736,15.0,0.009158009145154,0.0295983086680761,16.0,15,15.0,15.0,19.0,28.0,91.0,94.0,62.0,53.0,13.0,,,0,0,0
2026-08-09,202604020611,6,スカイドリーマー,新潟,11,1600,芝,良,未勝利,,,,3.0,80,買い,13.0,30.7,0.023228704151395,0.0671188030753369,0.0883319819454434,0.0883319819454434,-0.2868787825521732,10.0,0.023228704151395,0.0799207397622192,10.0,13,13.0,12.0,50.0,50.0,41.0,34.0,50.0,53.0,11.0,,,0,0,0
2026-08-09,202604020611,9,スチールギターラグ,新潟,11,1600,芝,良,未勝利,,,,-3.0,80,買い,2.0,7.0,0.0548474174077907,0.1096609517504647,0.2031221638243425,0.2031221638243425,-0.616068078145465,6.0,0.0548474174077907,0.1837802485284499,5.0,2,2.0,2.0,72.0,78.0,91.0,6.0,50.0,53.0,6.0,,,0,0,0
2026-08-09,202604020611,12,セルリア,新潟,11,1600,芝,良,未勝利,,,,-1.0,80,買い,8.0,15.7,0.0641496587552935,0.0939239714990036,0.1041386210507441,0.1041386210507441,0.0071496424581092,5.0,0.0641496587552935,0.0942222222222222,9.0,8,7.0,8.0,78.0,56.0,75.0,25.0,50.0,53.0,2.0,,1220.0,0,1,1
2026-08-09,202604020611,10,ダノンドナウ,新潟,11,1600,芝,良,未勝利,,,,0.0,80,買い,7.0,12.9,0.0473980964074081,0.1037578606665073,0.1582567610416446,0.1582567610416446,-0.3885645563444346,8.0,0.0473980964074081,0.1431870669745958,7.0,7,8.0,7.0,61.0,64.0,25.0,19.0,84.0,53.0,4.0,,,0,0,0
2026-08-09,202604020611,3,バンオンタイム,新潟,11,1600,芝,良,未勝利,◎,,,0.0,80,買い,1.0,3.0,0.2621595749228945,0.4137939047887449,0.6768553419544308,0.6768553419544308,-0.2135212752313163,1.0,0.2621595749228945,0.6124031007751938,1.0,1,1.0,1.0,100.0,100.0,100.0,34.0,100.0,53.0,3.0,,130.0,0,0,1
2026-08-09,202604020611,7,ピコプリンセス,新潟,11,1600,芝,良,未勝利,,,,3.0,80,買い,16.0,61.3,0.0159573836081636,0.0432652004278803,0.0432652004278803,0.0432652004278803,-0.0218123848195703,13.0,0.0159573836081636,0.0295983086680761,13.0,16,16.0,16.0,36.0,33.0,6.0,12.0,6.0,53.0,10.0,,,0,0,0
2026-08-09,202604020611,4,フジサン,新潟,11,1600,芝,良,未勝利,,,,-5.0,80,買い,3.0,10.3,0.0473980964074081,0.0830805227031679,0.1582567610416446,0.1582567610416446,-0.5117996070036959,7.0,0.0473980964074081,0.1431870669745958,8.0,3,4.0,3.0,61.0,64.0,53.0,50.0,34.0,53.0,9.0,,,0,0,0
2026-08-09,202604020611,15,フルールロイヤル,新潟,11,1600,芝,良,未勝利,,,,-1.0,80,買い,14.0,43.3,0.0060189698324133,0.0328969437295641,0.0328969437295641,0.0328969437295641,-0.7393786062565,18.0,0.0060189698324133,0.0295983086680761,15.0,17,17.0,17.0,8.0,17.0,19.0,100.0,19.0,53.0,17.0,,,0,0,0
2026-08-09,202604020611,5,フーディエラン,新潟,11,1600,芝,良,未勝利,,,,-7.0,80,買い,10.0,21.5,0.0159573836081636,0.0319386848301437,0.0327133767112613,0.0327133767112613,-0.6569162524244823,14.0,0.0159573836081636,0.0295983086680761,17.0,9,10.0,11.0,36.0,11.0,81.0,72.0,34.0,53.0,5.0,,,0,0,0
2026-08-09,202604020611,16,ベルランコントル,新潟,11,1600,芝,良,未勝利,○,★,,3.0,80,買い,5.0,12.0,0.1855796178044425,0.3039785640355794,0.4762325036302798,0.4762325036302798,1.22695541365331,2.0,0.1855796178044425,0.4308841843088418,2.0,5,5.0,4.0,94.0,94.0,31.0,72.0,75.0,53.0,12.0,,,0,0,0
2026-08-09,202604020611,13,リーゼントモニカ,新潟,11,1600,芝,良,未勝利,,,,-6.0,80,買い,12.0,26.8,0.0060189698324133,0.014846209837519,0.0221491943664852,0.0221491943664852,-0.838691608491321,17.0,0.0060189698324133,0.0200400801603206,18.0,12,12.0,13.0,8.0,6.0,,,,,15.0,,,0,0,0
2026-08-09,202604020611,2,ルシアージュ,新潟,11,1600,芝,良,未勝利,▲,★,,3.0,80,買い,6.0,12.6,0.0672319141695041,0.1803405019952492,0.3248389731497649,0.3248389731497649,-0.1528778814642475,4.0,0.0672319141695041,0.2939068100358422,3.0,6,6.0,6.0,83.0,89.0,66.0,59.0,84.0,53.0,8.0,,,0,0,0
2026-08-09,202604020611,18,レガリーノ,新潟,11,1600,芝,良,未勝利,,,,4.0,80,買い,18.0,67.7,0.009158009145154,0.0333094171437658,0.0333094171437658,0.0333094171437658,-0.3800027808730712,16.0,0.009158009145154,0.0295983086680761,14.0,14,14.0,14.0,19.0,22.0,12.0,44.0,25.0,53.0,14.0,,,0,0,0
2026-08-09,202604020611,1,ワイズファミリア,新潟,11,1600,芝,良,未勝利,△,,,0.0,80,買い,4.0,12.0,0.1064253311786656,0.2165471962709456,0.3105560125540413,0.3105560125540413,0.2771039741439876,3.0,0.1064253311786656,0.2809839167455062,4.0,4,3.0,5.0,89.0,83.0,53.0,81.0,94.0,53.0,7.0,,,0,0,0
2026-08-09,202607020611,10,アウクソー,中京,11,1200,芝,良,1勝クラス,,,,2.0,40,見送り,15.0,81.1,0.0059592750215227,0.0462064186711614,0.0665233268294074,0.0665233268294074,-0.5167027957545017,16.0,0.0059592750215227,0.051353226925746,13.0,15,14.0,15.0,11.0,36.0,92.0,72.0,39.0,44.0,8.0,,,0,0,0
2026-08-09,202607020611,6,アーリントンロウ,中京,11,1200,芝,良,1勝クラス,△,,,2.0,40,見送り,6.0,12.1,0.1075368502285754,0.2228590610081374,0.2838514443713852,0.2838514443713852,0.3011958877657625,4.0,0.1075368502285754,0.2191214470284237,4.0,6,5.0,6.0,81.0,83.0,58.0,6.0,83.0,83.0,4.0,,,0,0,0
2026-08-09,202607020611,15,ウェルカムソング,中京,11,1200,芝,良,1勝クラス,◎,,,1.0,40,見送り,2.0,5.2,0.1398632953111068,0.2243701587452671,0.3807289230270481,0.3807289230270481,-0.2727108643822444,1.0,0.1398632953111068,0.2939068100358422,1.0,2,1.0,1.0,100.0,100.0,22.0,17.0,78.0,92.0,11.0,,,0,0,0
2026-08-09,202607020611,9,カラクニダケ,中京,11,1200,芝,良,1勝クラス,×,,,3.0,40,見送り,11.0,35.9,0.1075368502285754,0.1218785241008449,0.185485521053396,0.185485521053396,2.860572923205857,5.0,0.1075368502285754,0.1431870669745958,8.0,12,11.0,12.0,81.0,56.0,17.0,22.0,94.0,100.0,17.0,,,0,0,0
2026-08-09,202607020611,8,スピリットライズ,中京,11,1200,芝,良,1勝クラス,,,,-1.0,40,見送り,14.0,63.1,0.0158439457673465,0.0399346927024433,0.0412057875283116,0.0412057875283116,-0.0002470220804335,12.0,0.0158439457673465,0.0318091451292246,15.0,16,15.0,16.0,33.0,17.0,44.0,44.0,50.0,22.0,7.0,,,0,0,0
2026-08-09,202607020611,7,セクシーマージュ,中京,11,1200,芝,良,1勝クラス,,,,-1.0,40,見送り,8.0,14.7,0.0594059075678044,0.1160573141555998,0.185485521053396,0.185485521053396,-0.1267331587532751,8.0,0.0594059075678044,0.1431870669745958,9.0,9,9.0,9.0,61.0,56.0,28.0,50.0,67.0,22.0,9.0,,,0,0,0
2026-08-09,202607020611,17,トウカイフルーレ,中京,11,1200,芝,良,1勝クラス,,,,2.0,40,見送り,16.0,81.8,0.0158439457673465,0.0475368379978589,0.0531449003249763,0.0531449003249763,0.2960347637689464,15.0,0.0158439457673465,0.041025641025641,14.0,18,18.0,18.0,33.0,28.0,72.0,94.0,8.0,22.0,12.0,,,0,0,0
2026-08-09,202607020611,12,ドレドレ,中京,11,1200,芝,良,1勝クラス,,,,,40,見送り,,,0.0059592750215227,0.0182945070089949,0.0182945070089949,0.0182945070089949,,17.0,0.0059592750215227,0.010062893081761,18.0,1,4.0,4.0,11.0,6.0,6.0,100.0,33.0,22.0,,,,0,0,0
2026-08-09,202607020611,11,パリコレジェンヌ,中京,11,1200,芝,良,1勝クラス,,,,-3.0,40,見送り,13.0,41.9,0.0158439457673465,0.0521101236537373,0.0521101236537373,0.0521101236537373,-0.3361386723481802,13.0,0.0158439457673465,0.0295983086680761,16.0,14,16.0,14.0,33.0,22.0,72.0,78.0,22.0,58.0,1.0,6640.0,1330.0,1,1,1
2026-08-09,202607020611,2,パレットフレイバー,中京,11,1200,芝,良,1勝クラス,,,,0.0,40,見送り,17.0,170.6,0.0059592750215227,0.0213533778082482,0.0219188992457072,0.0219188992457072,0.0166523186717879,18.0,0.0059592750215227,0.0169204737732656,17.0,17,17.0,17.0,11.0,11.0,11.0,61.0,8.0,22.0,16.0,,,0,0,0
2026-08-09,202607020611,4,フェリーニ,中京,11,1200,芝,良,1勝クラス,,,,-2.0,40,見送り,10.0,19.9,0.0158439457673465,0.0613443889708907,0.0665233268294074,0.0665233268294074,-0.684705479229804,14.0,0.0158439457673465,0.051353226925746,12.0,10,12.0,11.0,33.0,36.0,100.0,67.0,44.0,50.0,13.0,,,0,0,0
2026-08-09,202607020611,18,フランクスピード,中京,11,1200,芝,良,1勝クラス,,,,1.0,40,見送り,12.0,39.6,0.0158439457673465,0.0669946705877012,0.0904340697746944,0.0904340697746944,-0.3725797476130772,11.0,0.0158439457673465,0.0698113207547169,11.0,13,13.0,13.0,33.0,44.0,44.0,89.0,28.0,22.0,14.0,,,0,0,0
2026-08-09,202607020611,1,フロムレイブン,中京,11,1200,芝,良,1勝クラス,○,,,-1.0,40,見送り,1.0,3.7,0.1285264845304572,0.2146902734867063,0.3639885173038085,0.3639885173038085,-0.5244520072373083,2.0,0.1285264845304572,0.2809839167455062,2.0,3,2.0,2.0,94.0,94.0,58.0,11.0,100.0,92.0,2.0,,180.0,0,1,1
2026-08-09,202607020611,13,ベランジェール,中京,11,1200,芝,良,1勝クラス,,,,-1.0,40,見送り,5.0,11.8,0.0594059075678044,0.1427400798886557,0.2380702103750064,0.2380702103750064,-0.2990102906999078,7.0,0.0594059075678044,0.1837802485284499,6.0,7,7.0,7.0,61.0,75.0,92.0,83.0,56.0,58.0,5.0,,,0,0,0
2026-08-09,202607020611,14,マーゴットミスト,中京,11,1200,芝,良,1勝クラス,▲,,,0.0,40,見送り,3.0,6.1,0.1127037684207447,0.2317541750757535,0.3183252562127421,0.3183252562127421,-0.3125070126334572,3.0,0.1127037684207447,0.2457337883959044,3.0,4,3.0,3.0,89.0,89.0,44.0,39.0,89.0,78.0,15.0,,,0,0,0
2026-08-09,202607020611,5,マーシーラン,中京,11,1200,芝,良,1勝クラス,,,,2.0,40,見送り,9.0,18.7,0.0490619936431631,0.1312582570828818,0.2293811684318163,0.2293811684318163,-0.0825407188728496,10.0,0.0490619936431631,0.1770726714431934,7.0,11,10.0,10.0,50.0,67.0,83.0,28.0,72.0,67.0,6.0,,,0,0,0
2026-08-09,202607020611,3,モルティフレーバー,中京,11,1200,芝,良,1勝クラス,,,,-3.0,40,見送り,7.0,13.4,0.0794554810326629,0.1100709223884899,0.185485521053396,0.185485521053396,0.0647034458376836,6.0,0.0794554810326629,0.1431870669745958,10.0,8,8.0,8.0,72.0,56.0,72.0,56.0,17.0,72.0,3.0,,400.0,0,0,1
2026-08-09,202607020611,16,ヤマニンフェイエル,中京,11,1200,芝,良,1勝クラス,,,,-1.0,40,見送り,4.0,11.0,0.0594059075678044,0.1305462166666269,0.2380702103750064,0.2380702103750064,-0.3465350167541514,9.0,0.0594059075678044,0.1837802485284499,5.0,5,6.0,5.0,61.0,75.0,33.0,33.0,61.0,22.0,10.0,,,0,0,0
2026-08-09,202604020612,1,インザライムライト,新潟,12,1200,芝,良,未勝利,,,,3.0,40,見送り,14.0,41.1,0.0181484168110424,0.0643223240933892,0.0927017996913531,0.0927017996913531,-0.2541000690661561,13.0,0.0181484168110424,0.0942222222222222,11.0,15,12.0,13.0,39.0,42.0,39.0,61.0,44.0,53.0,17.0,,,0,0,0
2026-08-09,202604020612,2,ウィズアツインクル,新潟,12,1200,芝,良,未勝利,,,,0.0,40,見送り,13.0,40.0,0.0181484168110424,0.0644069558914931,0.0927017996913531,0.0927017996913531,-0.2740633275583028,10.0,0.0181484168110424,0.0942222222222222,13.0,13,13.0,12.0,39.0,42.0,64.0,39.0,38.0,53.0,8.0,,,0,0,0
2026-08-09,202604020612,13,エンジェルサン,新潟,12,1200,芝,良,未勝利,×,,,4.0,40,見送り,11.0,27.4,0.0729577463301444,0.1514763086567749,0.2417684904050357,0.2417684904050357,0.9990422494459564,7.0,0.0729577463301444,0.2457337883959044,7.0,9,9.0,10.0,67.0,67.0,44.0,67.0,62.0,53.0,4.0,,,0,0,0
2026-08-09,202604020612,10,オンナキュヌヴィ,新潟,12,1200,芝,良,未勝利,○,,,0.0,40,見送り,2.0,6.2,0.1282600076255616,0.2240654947661933,0.3470057776358585,0.3470057776358585,-0.2047879527215176,3.0,0.1282600076255616,0.3526970954356846,2.0,3,2.0,2.0,89.0,97.0,78.0,89.0,88.0,53.0,5.0,,,0,0,0
2026-08-09,202604020612,14,ココソラーレ,新潟,12,1200,芝,良,未勝利,,,,-5.0,40,見送り,10.0,26.9,0.0040430352424093,0.0271128004357653,0.0291206937879215,0.0291206937879215,-0.8912423519791887,17.0,0.0040430352424093,0.0295983086680761,15.0,11,11.0,11.0,8.0,8.0,64.0,81.0,50.0,53.0,9.0,,,0,0,0
2026-08-09,202604020612,9,サンロード,新潟,12,1200,芝,良,未勝利,,,,0.0,40,見送り,17.0,69.1,0.0068454062378901,0.0337221489717169,0.0337221489717169,0.0337221489717169,-0.5269824289617939,16.0,0.0068454062378901,0.0295983086680761,17.0,18,18.0,18.0,19.0,22.0,64.0,100.0,,53.0,16.0,,,0,0,0
2026-08-09,202604020612,4,シエラモレーナ,新潟,12,1200,芝,良,未勝利,,,,6.0,40,見送り,15.0,43.0,0.0403035901240502,0.0919205542999808,0.1228338597968615,0.1228338597968615,0.7330543753341592,9.0,0.0403035901240502,0.1248484848484848,9.0,17,17.0,15.0,56.0,56.0,83.0,94.0,6.0,53.0,12.0,,,0,0,0
2026-08-09,202604020612,18,シルバーアックス,新潟,12,1200,芝,良,未勝利,,,,2.0,40,見送り,7.0,16.9,0.0948894337012513,0.1997701452731634,0.2814796473071997,0.2814796473071997,0.603631429551148,5.0,0.0948894337012513,0.2860962566844919,5.0,8,7.0,7.0,78.0,78.0,100.0,11.0,69.0,53.0,18.0,,,0,0,0
2026-08-09,202604020612,17,ジェムシリカ,新潟,12,1200,芝,良,未勝利,,,,-5.0,40,見送り,5.0,8.8,0.0181484168110424,0.0675890050709761,0.0927017996913531,0.0927017996913531,-0.8402939320628267,14.0,0.0181484168110424,0.0942222222222222,10.0,5,6.0,5.0,39.0,42.0,11.0,19.0,81.0,53.0,1.0,1020.0,370.0,1,1,1
2026-08-09,202604020612,6,セリエンクーニゲン,新潟,12,1200,芝,良,未勝利,△,,◎妙,0.0,40,見送り,4.0,8.7,0.1402979172698341,0.2016177528623837,0.346900057572365,0.346900057572365,0.220591880247557,2.0,0.1402979172698341,0.3525896414342629,4.0,4,4.0,4.0,97.0,86.0,94.0,72.0,25.0,53.0,2.0,,240.0,0,1,1
2026-08-09,202604020612,8,タイセイギガース,新潟,12,1200,芝,良,未勝利,,,,0.0,40,見送り,18.0,146.1,0.0040430352424093,0.0294285037130402,0.0294285037130402,0.0294285037130402,-0.4093125510839951,18.0,0.0040430352424093,0.021694214876033,18.0,16,16.0,17.0,8.0,17.0,6.0,56.0,16.0,53.0,14.0,,,0,0,0
2026-08-09,202604020612,11,ハルカオル,新潟,12,1200,芝,良,未勝利,,,,-3.0,40,見送り,9.0,25.1,0.0181484168110424,0.0651599747847917,0.0927017996913531,0.0927017996913531,-0.544474738042835,11.0,0.0181484168110424,0.0942222222222222,12.0,10,10.0,9.0,39.0,42.0,22.0,44.0,31.0,53.0,10.0,,,0,0,0
2026-08-09,202604020612,3,フレアリングベリー,新潟,12,1200,芝,良,未勝利,,,,0.0,40,見送り,8.0,17.1,0.0623782580257441,0.1114032657790223,0.1596185416144154,0.1596185416144154,0.0666682122402246,8.0,0.0623782580257441,0.1622364802933089,8.0,7,8.0,8.0,61.0,61.0,89.0,81.0,,53.0,13.0,,,0,0,0
2026-08-09,202604020612,12,ミクロスギガース,新潟,12,1200,芝,良,未勝利,,,,-4.0,40,見送り,12.0,34.4,0.0068454062378901,0.0265831232874611,0.0291206937879215,0.0291206937879215,-0.7645180254165804,15.0,0.0068454062378901,0.0295983086680761,16.0,12,14.0,14.0,19.0,8.0,64.0,6.0,16.0,53.0,5.0,,,0,0,0
2026-08-09,202604020612,16,ラルルジェンヌ,新潟,12,1200,芝,良,未勝利,◎,★,,5.0,40,見送り,6.0,10.2,0.1402979172698341,0.205171738865285,0.3470057776358585,0.3470057776358585,0.4310387561523081,1.0,0.1402979172698341,0.3526970954356846,1.0,6,5.0,6.0,97.0,97.0,28.0,28.0,97.0,53.0,7.0,,,0,0,0
2026-08-09,202604020612,7,ルナーファントム,新潟,12,1200,芝,良,未勝利,,,,-3.0,40,見送り,3.0,7.1,0.0870580703720955,0.1639843035486497,0.2764498029477639,0.2764498029477639,-0.3818877003581217,6.0,0.0870580703720955,0.2809839167455062,6.0,2,3.0,3.0,72.0,72.0,33.0,33.0,75.0,53.0,15.0,,,0,0,0
2026-08-09,202604020612,15,ルージュフィーリア,新潟,12,1200,芝,良,未勝利,▲,,,-2.0,40,見送り,1.0,3.9,0.1210380922656734,0.2249099435309875,0.346900057572365,0.346900057572365,-0.5279514401638734,4.0,0.1210380922656734,0.3525896414342629,3.0,1,1.0,1.0,83.0,86.0,50.0,19.0,97.0,53.0,3.0,,190.0,0,0,1
2026-08-09,202604020612,5,ロジシーザ,新潟,12,1200,芝,良,未勝利,,,,2.0,40,見送り,16.0,48.9,0.0181484168110424,0.0473556561689252,0.0505245625044527,0.0505245625044527,-0.1125424179400252,12.0,0.0181484168110424,0.051353226925746,14.0,14,15.0,16.0,39.0,28.0,17.0,50.0,56.0,53.0,11.0,,,0,0,0
2026-08-09,202607020612,5,ウォータールスール,中京,12,1600,芝,良,未勝利,,,,-4.0,40,見送り,6.0,15.6,0.0201375138267978,0.066658993448468,0.1005317283170783,0.1005317283170783,-0.6858547843019531,10.0,0.0201375138267978,0.1038251366120218,10.0,6,6.0,7.0,41.0,44.0,6.0,12.0,,53.0,9.0,,,0,0,0
2026-08-09,202607020612,14,エングルマン,中京,12,1600,芝,良,未勝利,,,,-1.0,40,見送り,13.0,58.2,0.0138338338184747,0.0383727202538668,0.0383727202538668,0.0383727202538668,-0.1948708717647708,13.0,0.0138338338184747,0.0385964912280701,14.0,14,14.0,14.0,25.0,19.0,19.0,88.0,43.0,53.0,6.0,,,0,0,0
2026-08-09,202607020612,4,カステッロトゥーレ,中京,12,1600,芝,良,未勝利,,,,0.0,40,見送り,8.0,24.4,0.0307218626213602,0.0876491376347995,0.1386450698292902,0.1386450698292902,-0.2503865520388106,9.0,0.0307218626213602,0.1431870669745958,8.0,8,8.0,8.0,50.0,56.0,94.0,100.0,80.0,53.0,4.0,,,0,0,0
2026-08-09,202607020612,6,ジーティーウタマロ,中京,12,1600,芝,良,未勝利,,,,3.0,40,見送り,12.0,47.3,0.0410905324527437,0.0891871771996158,0.1208882007686513,0.1208882007686513,0.9435821850147804,7.0,0.0410905324527437,0.1248484848484848,9.0,12,12.0,12.0,59.0,50.0,41.0,31.0,43.0,53.0,14.0,,,0,0,0
2026-08-09,202607020612,11,スズノボンライミー,中京,12,1600,芝,良,未勝利,,,,-1.0,40,見送り,15.0,91.4,0.0052179875137815,0.0252876882088082,0.0286594289471853,0.0286594289471853,-0.5230759412403694,16.0,0.0052179875137815,0.0295983086680761,16.0,15,15.0,16.0,9.0,6.0,28.0,69.0,7.0,53.0,11.0,,,0,0,0
2026-08-09,202607020612,9,ネッカーズルム,中京,12,1600,芝,良,未勝利,,,,2.0,40,見送り,7.0,20.3,0.0410905324527437,0.1104965358529088,0.1891842283839195,0.1891842283839195,-0.1658621912093013,8.0,0.0410905324527437,0.1953818827708703,5.0,7,7.0,6.0,59.0,75.0,62.0,38.0,73.0,53.0,8.0,,,0,0,0
2026-08-09,202607020612,16,ビシェノ,中京,12,1600,芝,良,未勝利,×,,,3.0,40,見送り,9.0,25.1,0.0556128586316989,0.0983930292339034,0.1714557984587826,0.1714557984587826,0.3958827516556447,5.0,0.0556128586316989,0.1770726714431934,6.0,9,9.0,9.0,75.0,69.0,12.0,50.0,53.0,53.0,13.0,,,0,0,0
2026-08-09,202607020612,13,ビッグヒーロー,中京,12,1600,芝,良,未勝利,◎,,,0.0,40,見送り,1.0,3.0,0.332167273526878,0.4909773869390676,0.6856312806656839,0.6856312806656839,-0.0034981794193659,1.0,0.332167273526878,0.7080924855491328,1.0,1,1.0,1.0,100.0,100.0,75.0,44.0,100.0,53.0,2.0,,120.0,0,1,1
2026-08-09,202607020612,10,ブランチアウト,中京,12,1600,芝,良,未勝利,▲,,,1.0,40,見送り,4.0,11.8,0.0977676262079637,0.2104051306273692,0.3755410224375649,0.3755410224375649,0.1536579892539722,3.0,0.0977676262079637,0.3878437047756874,3.0,4,4.0,4.0,88.0,88.0,53.0,6.0,87.0,53.0,12.0,,,0,0,0
2026-08-09,202607020612,1,プリュスエクラ,中京,12,1600,芝,良,未勝利,,,,-1.0,40,見送り,10.0,27.0,0.0138338338184747,0.0572357906017961,0.0773855961942941,0.0773855961942941,-0.6264864869011824,14.0,0.0138338338184747,0.0799207397622192,11.0,10,10.0,10.0,25.0,38.0,41.0,25.0,60.0,53.0,5.0,,,0,0,0
2026-08-09,202607020612,7,ララディアーブル,中京,12,1600,芝,良,未勝利,○,,,0.0,40,見送り,2.0,4.2,0.2035033458395563,0.3526757192607139,0.5345541799213973,0.5345541799213973,-0.1452859474738634,2.0,0.2035033458395563,0.5520661157024794,2.0,2,2.0,2.0,94.0,94.0,94.0,94.0,93.0,53.0,,,,0,0,0
2026-08-09,202607020612,12,リノルアナ,中京,12,1600,芝,良,未勝利,,,,1.0,40,見送り,14.0,62.9,0.0138338338184747,0.0501229932101113,0.0649745505696475,0.0649745505696475,-0.1298518528179396,12.0,0.0138338338184747,0.0671031096563011,13.0,13,13.0,15.0,25.0,25.0,81.0,62.0,33.0,53.0,10.0,,,0,0,0
2026-08-09,202607020612,15,ルージュソムニウム,中京,12,1600,芝,良,未勝利,,,,-1.0,40,見送り,11.0,45.8,0.0201375138267978,0.0568799635467726,0.0772563253724468,0.0772563253724468,-0.0777018667326574,11.0,0.0201375138267978,0.0797872340425532,12.0,11,11.0,11.0,41.0,31.0,53.0,75.0,27.0,53.0,7.0,,,0,0,0
2026-08-09,202607020612,3,レインボーステート,中京,12,1600,芝,良,未勝利,△,,,-1.0,40,見送り,3.0,4.8,0.0582849388569603,0.1384781507468012,0.2121707565232895,0.2121707565232895,-0.7202322934865906,4.0,0.0582849388569603,0.2191214470284237,4.0,3,3.0,3.0,81.0,81.0,94.0,81.0,67.0,53.0,1.0,410.0,140.0,1,1,1
2026-08-09,202607020612,2,ローズラフィネ,中京,12,1600,芝,良,未勝利,,,,-2.0,40,見送り,5.0,14.2,0.047548525273512,0.0981177825565367,0.1570902220038826,0.1570902220038826,-0.3248109411161292,6.0,0.047548525273512,0.1622364802933089,7.0,5,5.0,5.0,69.0,62.0,69.0,19.0,20.0,53.0,3.0,,220.0,0,0,1
2026-08-09,202607020612,8,ヴェネラブル,中京,12,1600,芝,良,未勝利,,,,1.0,40,見送り,16.0,105.0,0.0052179875137815,0.0290618006784602,0.0290618006784602,0.0290618006784602,-0.4521113110529408,15.0,0.0052179875137815,0.0295983086680761,15.0,16,16.0,13.0,9.0,12.0,28.0,56.0,13.0,53.0,15.0,,,0,0,0
