horse_id,父馬,母父馬,
horse_id,父馬,母父馬,
2017102815,バトルプラン,エキスカベイター,
2017104433,トーセンブライト,パームアイランド,
2017103102,ロードカナロア,アーティストチョイス,
2017104267,モンテロッソ,ミナレット,
2017101810,キズナ,ジャルダンスクレ,
2017104128,エイシンフラッシュ,ディパッション,
2017109007,トーセンホマレボシ,サザンシーラ,
2017102604,シビルウォー,ニシノフェイム,
2017103755,スマートファルコン,ラブディラン,
2017102990,メイショウボーラー,コーラルグリッタ,
2017100977,スマートファルコン,バトルアンコール,
2017104330,エスケンデレヤ,モエレゴールド,
2017104050,マツリダゴッホ,レッドバラード,
2017102360,カレンブラックヒル,アイアンプラスワン,
2017104575,グラスワンダー,ソルティレージュ,
2017104724,ロードカナロア,ギミーシェルター,
2017101818,キンシャサノキセキ,ナギット,
2017100586,ローズキングダム,セトノウインド,
2017104094,ジャングルポケット,オアシスムーン,
2017100770,キングカメハメハ,ホクセツダンス,
2017100332,ノボジャック,デルマオコマ,
2017104448,シニスターミニスター,ベルソング,
2017104897,サウスヴィグラス,フレンチアイディア,
2017102741,リアルインパクト,カントリーメロディー,
2017101435,アイルハヴアナザー,コスモマーベラス,
2017104152,バゴ,オーシャンレディー,
2017104571,アドマイヤムーン,ヤンゲストリーター,
2017102857,ベルシャザール,ピエールナオチャン,
2017102546,シニスターミニスター,ツウカイヤスナム,
2017100229,フォーティナイナーズサン,クラウンイヴ,
2017109005,ショウナンカンプ,ネオヴェリーフェズ,
2017103042,フェノーメノ,オウケンクイーン,
2017103619,エスケンデレヤ,デュークタイフーン,
2017105689,アーネストリー,クロエチャン,
2017104825,エピファネイア,テクニカルラン,
2017101015,マジェスティックウォリアー,ラブミーナンシー,
2017105250,ジャスタウェイ,エリドゥバビロン,
2017102776,ヘニーヒューズ,マダムチェロキー,
2017100662,カレンブラックヒル,ワンモアミイチュー,
2017109028,フリオーソ,オープンシャッセ,
2017103321,アイルハヴアナザー,ヘレナモルフォ,
2017104165,ジャスタウェイ,グラスルビー,
2017104370,トーセンジョーダン,アドマイヤキャロル,
2017101242,エスポワールシチー,ダイコーマリーン,
2017103007,ダンカーク,ダイワエタニティー,
2017103370,ダンカーク,フジキラメキ,
2017104678,キングカメハメハ,ヴェルダ,
2017106602,パイロ,ブリクセン,
2017103117,カジノドライヴ,ラブリースター,
2017103240,バトルプラン,マイネリスペクト,
2017102112,ヨハネスブルグ,バラッドローズ,
2017103641,パイロ,マトゥリアルカ,
2017103788,バーディバーディ,サトノアーチ,
2017100358,Constitution,カラズマッチポイント,
2017102704,シニスターミニスター,ステッバイステップ,
2017101894,ロジユニヴァース,スーパーラヴァー,
2017103261,スクリーンヒーロー,エリモジェンヌ,
2017100315,フィガロ,シュベリーン,
2017104345,ダイワメジャー,スプレンダー,
2017109076,リアルインパクト,タイホウパーリオ,
2017105289,ハーツクライ,クイーンビーII,
2017103437,ダノンシャンティ,アンプリペアード,
2017104706,ノヴェリスト,オメガハートロック,
2017104666,ノヴェリスト,イチオクノホシ,
2017102316,ルーラーシップ,キャリーウェーブ,
2017100357,ブラックタイド,オールタイムベスト,
2017105137,タートルボウル,ブロンドヒロイン,
2017109074,ウインバリアシオン,サクラインスパイア,
2017104186,エイシンフラッシュ,ピンクチャリス,
2017104841,ネオユニヴァース,ニアメ,
2017105249,エピファネイア,エフティマイア,
2017104153,ナカヤマフェスタ,グリーンサンライズ,
2017103339,トーセンホマレボシ,ドリームチルチル,
2017106747,フェノーメノ,マラチバンド,
2017105408,ハーツクライ,ソーメニーウェイズ,
2017100477,エピファネイア,ラヴィアンフルール,
2017104639,エピファネイア,アカンサス,
2017105504,ロードカナロア,ファーゴ,
2017102197,カレンブラックヒル,ハッピーマキシマム,
2017100349,スピルバーグ,アンジェルブ,
2017101907,オルフェーヴル,サバナパディーダ,
2017102491,マツリダゴッホ,フローラルホール,
2017104251,トゥザグローリー,インティワタナ,
2017100106,アイルハヴアナザー,ジョウノナンシー,
2017101555,グランプリボス,フィジークルーズ,
2017103453,ブラックタイド,ワイルドゲッツ,
2015102018,ロージズインメイ,シセイヒミコ,
2014105774,マンハッタンカフェ,ロリポップガール,
2015105191,タートルボウル,ラヴィングサンデー,
2015102857,ゴールドアリュール,レイナワルツ,
2016104749,ハーツクライ,クルージンミジー,
2015100828,ヴァーミリアン,ハルサンサン,
2016103403,スウェプトオーヴァーボード,アデュラリア,
2016102118,タイキシャトル,エステーラブ,
2016101148,ノヴェリスト,エンジェリックレイ,
2016104341,ノヴェリスト,ロフティーエイム,
2016100306,ディープブリランテ,セイカパンジー,
2016101477,メイショウボーラー,アップルティー,
2016109014,ゴールドアリュール,デフィニット,
2016104642,ハーツクライ,ムーンライトダンス,
2016103534,ヘニーヒューズ,サイレントラヴ,
2016102413,ストロングリターン,クリーンプリンセス,
2016100171,アサクサキングス,アイファーペガサス,
2015105088,ハーツクライ,レジェンドトレイル,
2015105868,ゴールドアリュール,シロガネーゼカフェ,
2015100274,キングヘイロー,ベストフューチャー,
2015100367,ブラックタイド,ベネラ,
2015101631,Hard Spun,チャタラティ,
2013105264,キンシャサノキセキ,バブリームード,
2016106069,シビルウォー,キスショット,
2016100206,パイロ,アドマイヤジュエル,
2016101176,アルデバランII,コーラルチャイムズ,
2016104546,ハーツクライ,テルアケリー,
2015106170,ヴァーミリアン,ネフェルメモリー,
2015110082,Curlin,Devious Intent,
2015106102,ニューイングランド,ミヤビハンター,
2014103710,タイキシャトル,シゲルコイヒメ,
2014102503,キングヘイロー,サララ,
2016101154,キングカメハメハ,シンメイフジ,
2015101434,エンパイアメーカー,グリーリーレイ,
2015100639,ゴールドアリュール,ロードクロサイト,
2015101191,サウスヴィグラス,スプライトダンス,
2016104340,ゴールドアリュール,レディマールボロ,
2015102046,ロードカナロア,レイズユアグラス,
2015103109,サウスヴィグラス,メイショウヒミコ,
2016104491,エイシンフラッシュ,シャルルヴォア,
2014100344,ナカヤマフェスタ,パイクーニャン,
2014100484,ファスリエフ,トウカイベルタ,
2014105342,ダイワメジャー,エヴィータアルゼンティーナ,
2015101830,プリサイスエンド,カノヤトップレディ,
2014105018,ジョーカプチーノ,クリスビーナス,
2015100799,ロードカナロア,シタール,
2016106080,サウスヴィグラス,モンターニュドール,
2014101770,Tapizar,ブルーグラスチャッター,
2017105072,リアルインパクト,アンティフォナ,
2017102838,ダイワメジャー,スターズアラインド,
2017101367,ジャスタウェイ,ウインアンジェラス,
2017105610,ダイワメジャー,ラドラーダ,
2017100406,ディープインパクト,ヒアトゥウィン,
2017105229,リアルインパクト,ヴァンフレーシュ,
2017105972,エピファネイア,アリデッド,
2017103722,ストロングリターン,ダイヤモンドローズ,
2017103404,ヘニーヒューズ,レモンチャン,
2017110028,Iffraaj,Princess Cammie,
2014106335,ハーツクライ,クレバースプリント,
2016100723,アイルハヴアナザー,マイネアクティース,
2015104417,ロードカナロア,ダンスオンザルーフ,
2015106299,ハーツクライ,ラグジャリー,
2015101636,ストーミングホーム,デザートチル,
2015101376,ディープインパクト,ヒアトゥウィン,
2014105589,キングカメハメハ,トリプレックス,
2013109072,ドリームジャーニー,タムロブライト,
2015105105,ディープインパクト,ロベルタ,
2013102301,ダイワメジャー,ジャズキャット,
2015104895,ルーラーシップ,デグラーティア,
2013102938,マツリダゴッホ,ブライアンハニー,
2015104188,エイシンフラッシュ,ペニーホイッスル,
2013103196,Sea The Stars,ロリーフォードリー,
2016104808,ディープインパクト,ドナブリーニ,
2016104665,ダイワメジャー,リードストーリー,
2016100746,ディープインパクト,マイネヌーヴェル,
2016104720,ルーラーシップ,ウィズザフロウ,
2016103909,ロードカナロア,サンデーローザ,
2014105371,ヴィクトワールピサ,アイアムラヴィング,
2016103345,マンハッタンカフェ,ブリクセン,
2015102127,モンテロッソ,スズカグレイス,
2013105556,ゼンノロブロイ,トップサンキスト,
2016100682,スクリーンヒーロー,キーパップ,
2015104528,ヴィクトワールピサ,ベストロケーション,
2014105635,ディープブリランテ,ピュアティー,
2015101982,ブラックタイド,オペラレディ,
2016101075,ゼンノロブロイ,キングダンサー,
2016103386,ダノンバラード,シギル,
2017102819,トビーズコーナー,クリスタルヴィオレ,
2017104373,ダイワメジャー,エミレーツガール,
2017104766,ハービンジャー,シュテルンターラー,
2017101757,ロードカナロア,プルーフオブラヴ,
2017104760,キンシャサノキセキ,シェリュスドパリ,
2017103037,チェリークラウン,チェリーノコイビト,
2017104396,トーセンブライト,トーセンオーキッド,
2017103112,トーセンジョーダン,チャプレット,
2017102528,ゴールドヘイロー,ロングモニュメント,
2017102841,ディープスカイ,フォーティカラーズ,
2017105752,エスケンデレヤ,エメラルハヤブサ,
2017104820,フェノーメノ,ダークエンディング,
2017110125,デクラレーションオブウォー,Diamante,
2017100919,エスケンデレヤ,アズマガール,
2017102703,ローズキングダム,アルデグロリア,
2017103008,マジェスティックウォリアー,ダイワバーガンディ,
2017102137,トーセンホマレボシ,ショウナンラヴオン,
2017110175,ノーブルミッション,Mayoress,
2017100071,アイルハヴアナザー,レッツグルーヴ,
2017100232,キングヘイロー,クラウンセシリア,
2017101224,ノヴェリスト,アリスマイン,
2017106352,ブリーズフレイバー,カガヤクアイロ,
2017100549,エスケンデレヤ,サワノプリマベーラ,
2017104224,アイルハヴアナザー,イルミナティ,
2017102606,エスケンデレヤ,ニシノブルームーン,
2017104847,マジェスティックウォリアー,ノンコ,
2017104254,マジェスティックウォリアー,オクリモノ,
2017103401,アンライバルド,バトルキクヒメ,
2017102104,ノヴェリスト,ニシノシルエット,
2017110108,アニマルキングダム,La Sombre,
2017103966,キズナ,セイユウスマイル,
2017105481,トーセンジョーダン,ヒアーズトウショウ,
2017102611,カジノドライヴ,フローラルウインド,
2017101799,ダイワメジャー,グローリーブラッド,
2017106491,スマートファルコン,パフュームスター,
2017101312,トランセンド,シャインレジーナ,
2017105342,モンテロッソ,シャンボールフィズ,
2017109090,ジャスタウェイ,ナスノシベリウス,
2017105939,ハーツクライ,ヒラボクフレンチ,
2017106029,ヴァーミリアン,メイショウアレーナ,
2017103198,ヘニーヒューズ,サクセスセレーネ,
2017100078,ローレルゲレイロ,アドマイヤジュエル,
2017106653,リアルインパクト,クールトップレディ,
2017106285,メイショウサムソン,カトルズリップス,
2017101065,タイムパラドックス,フレンチフレイバー,
2017102591,フェノーメノ,アンクレット,
2017101353,ストロングリターン,イヴニングミスト,
2017110174,Emcee,Cowgirl Lucky,
2017102147,ローレルゲレイロ,キセキノショウリ,
2017104952,ディープインパクト,メイキアシー,
2017104499,ブラックタイド,キャントセイワーズ,
2017106232,ルーラーシップ,メロウメロディ,
2017100429,ヘニーヒューズ,モンローライン,
2017104427,トーセンモナーク,トーセンラフィット,
2017102826,プリサイスエンド,カワカミキラリン,
2017105085,エピファネイア,エスプリドパリ,
2017102167,エイシンフラッシュ,キタサンユキ,
2017110087,Cairo Prince,Vintage Red,
2017100405,オルフェーヴル,パッションローズ,
2017102616,ハービンジャー,タイセイハニー,
2017103140,トーセンジョーダン,マリアフィオーレ,
2017106785,カジノドライヴ,メグリ,
2017100049,マツリダゴッホ,マルターズクリス,
2017101902,スクリーンヒーロー,コスモバルバラ,
2017106542,ディープインパクト,キトゥンカブードル,
2017104948,ルーラーシップ,ミラクルワウ,
2017110163,Sebring,Miss With Attitude,
2017103025,ルーラーシップ,ミスエンピリカル,
2017105033,キングカメハメハ,ディラローシェ,
2017105136,ロードカナロア,フーラブライド,
2017100009,トーセンホマレボシ,ダズリングスマイル,
2017104284,ハーツクライ,エリモエクセル,
2017102052,ルーラーシップ,ランデブー,
2017103281,ゴールドシップ,ザッツザウェイ,
2017105718,アーネストリー,ファイヤーオパール,
2017100136,ヴァンセンヌ,ニコマル,
2017100040,オルフェーヴル,シナスタジア,
2017106632,ネヴァブション,ディーズビバーチェ,
2017100347,アドマイヤムーン,ドライブマイカー,
2017102855,エピファネイア,サラファン,
2017105296,ロードカナロア,クルミナル,
2017104870,ディープインパクト,ビジュアルショック,
2017102542,レッドスパーダ,レッドハート,
2017100968,オルフェーヴル,オンザスローン,
2017100759,ルーラーシップ,アドマイヤエバート,
2017103300,ゴールドシップ,トーセンフォーユー,
2017105846,ジャスタウェイ,エイシンゴージャス,
2017102303,ノヴェリスト,ライトレール,
2017104395,ロージズインメイ,トーセンオマージュ,
2017104145,メイショウサムソン,シゲルアサヒダケ,
2017105778,ジョーカプチーノ,ナムラカメーリア,
2017103330,タートルボウル,ラソーミュロワーズ,
2017103316,マツリダゴッホ,ブルーミングガール,
2017103347,マツリダゴッホ,エクスキタテヤマ,
2017101660,カレンブラックヒル,ナゾ,
2014102163,ステイゴールド,ザミリア,
2014101508,パイロ,トレノローザ,
2016103524,トーセンジョーダン,マリアンヌカフェ,
2016104252,ドリームジャーニー,インディストラーダ,
2016110110,Union Rags,Miss Emilia,
2016100848,ゴールドアリュール,ジェイケイクリス,
2016100920,ロジユニヴァース,マヤノポルカ,
2016105723,ベルシャザール,レディサマンサ,
2015104412,ヴィクトワールピサ,ダルシャ,
2014100566,ヴィクトワールピサ,ヤマニンプロローグ,
2016101062,フリオーソ,エレガントフラッグ,
2015104295,キングカメハメハ,キャッチザゴールド,
2016101860,ケープブランコ,ミスサイベリア,
2015102242,ブラックタイド,ブライティアガール,
2016110073,ノーブルミッション,Two Harbors,
2016103028,カジノドライヴ,ジョセフィーヌ,
2016100885,ヘニーヒューズ,フェアノータム,
2014106136,クロフネ,ホーリーブラウン,
2016104822,ロードカナロア,ビアンカシェボン,
2015101257,クロフネ,ラフェクレール,
2013105547,ダイワメジャー,ツーオブハート,
2015105584,ヘニーヒューズ,イチゴイチエ,
2016103334,ゴールドアリュール,ハーロンベイ,
2015103967,リーチザクラウン,セーヌパリジャンヌ,
2015105627,スズカマンボ,ホワイトクルーザー,
2012104467,ロージズインメイ,リバティープリント,
2014104021,アルデバランII,ワンダーフウラン,
2015105109,ノヴェリスト,ローザボニータ,
2012102503,ソングオブウインド,バイオレントムーヴ,
2014102387,クロフネ,サイレントラヴ,
2015101319,ジャングルポケット,ドライブマイカー,
2016100562,ヘニーヒューズ,ルナースフィア,
2017102192,キズナ,ショウナンガーデン,
2017104851,キングカメハメハ,ハイエストホワイト,
2017105092,ディープインパクト,キューティゴールド,
2017105612,ノヴェリスト,ランズエッジ,
2017105582,キングカメハメハ,ムードインディゴ,
2017101429,スクリーンヒーロー,コスモクリスタル,
2017106000,ローエングリン,ウマクイクトオモウ,
2017104614,エイシンフラッシュ,マチカネセキガハラ,
2017104743,ディープインパクト,コンテスティッド,
2017101966,ゴールドシップ,マイネアロマ,
2017101611,ベーカバド,ウーマンインレッド,
2017105466,ロードカナロア,ハッピーパレード,
2017101967,ロージズインメイ,ファインビンテージ,
2016104635,ディープインパクト,ミスパスカリ,
2016102867,ゼンノロブロイ,シナル,
2015100831,ハーツクライ,アフェランドラ,
2013102716,スズカマンボ,マコトコーラン,
2014105945,ディープインパクト,シユーマ,
2014103156,タイキシャトル,カルテブランシェ,
2011103702,ハーツクライ,レイサッシュ,
2015101465,タニノギムレット,サンデーメモリー,
2013105031,ナカヤマフェスタ,アスクレピアス,
2014102898,ルーラーシップ,メジロドーベル,
2015104068,ヴィクトワールピサ,メジロルバート,
2015104575,ディープインパクト,メイキアシー,
2011102899,アグネスデジタル,メジロバーミューズ,
2014110031,Frankel,India,
2015110078,Spring At Last,セラドン,
2012102856,サウスヴィグラス,スズカブルーム,
2013105340,キングカメハメハ,アイアムカミノマゴ,
2016106260,ヘニーヒューズ,ワイドサファイア,
2015106500,ゴールドアリュール,リーグルメアリー,
2012102452,アドマイヤオーラ,ノボキッス,
2013102815,スタチューオブリバティ,アストレアピース,
2016102633,キンシャサノキセキ,シルクシンフォニー,
2012106056,プリサイスエンド,テイクザケイク,
2015105114,ロードカナロア,ワイルドラズベリー,
2014104841,シニスターミニスター,ハイジトウショウ,
2012110058,Fusaichi Pegasus,リーグルメアリー,
2012110043,Giant's Causeway,Truant,
2013103671,ヨハネスブルグ,フローラルホーム,
2011105914,スタチューオブリバティ,ノッティングギャル,
2016104730,Frankel,エクセレンスII,
2016104035,トーセンホマレボシ,ケイティーズギフト,
2016103815,ディープインパクト,スタイルアンドクラス,
2015102164,ロードカナロア,ラッキーレディ,
2016103064,ディープインパクト,シェイクズセレナーデ,
2012103962,ハーツクライ,ティエッチグレース,
2016102362,トゥザグローリー,テツムーン,
2014102775,タイムパラドックス,セーヌパリジャンヌ,
2013105807,ハービンジャー,エフティマイア,
2016104473,キングカメハメハ,グローリアスデイズ,
2017106283,ヴィクトワールピサ,ナイキトリック,
2017100553,カジノドライヴ,デュリュクス,
2017101562,サウスヴィグラス,クィーンオブライフ,
2017106309,グランプリボス,スリーオーシャン,
2017103002,アドマイヤマックス,エガオヨシ,
2017101288,トゥザワールド,アルマネーレーイス,
2017102061,モンテロッソ,サトノフォワード,
2017106060,ロードアルティマ,パリーナチャン,
2017104410,トーセンホマレボシ,トーセンビレッタ,
2017103608,シンボリクリスエス,ミヤビグローリー,
2017101310,シニスターミニスター,シゲルデリシャス,
2017103368,ダンカーク,ヒストリアドリーム,
2017103194,バトルプラン,ダンシングママ,
2017100514,グランプリボス,ジュアンレパン,
2017103094,カジノドライヴ,ティコティコタック,
2017102628,オウケンブルースリ,シニョリーナベラ,
2017110137,Uncle Mo,My Fast One,
2017110012,Speightstown,プレシャライジング,
2017102114,マツリダゴッホ,パナマックス,
2017100150,リーチザクラウン,ニシノオウレイ,
2017105952,ルーラーシップ,サオトメ,
2017104156,ヴァンセンヌ,シーダーローズ,
2017102512,トランセンド,コンポステラ,
2017102274,ゴールドアリュール,ルナジェーナ,
2017106520,キズナ,スギノキューティー,
2017101074,ワールドエース,スズカワキア,
2017101862,アドマイヤムーン,フェートデュヴァン,
2017101012,シニスターミニスター,ムーンライトバレエ,
2017101273,パイロ,ディープスノー,
2017101076,シビルウォー,ロイヤルムーン,
2017104354,サウスヴィグラス,マッキーマイハート,
2017100869,トーセンジョーダン,ガッテンハピネス,
2017102676,ハーツクライ,カフェヒミコ,
2017103489,モンテロッソ,ハヤブサエミネンス,
2017103310,ヘニーヒューズ,フィアレス,
2017100682,キンシャサノキセキ,ヌレエフクイン,
2017105114,スクリーンヒーロー,スナッチド,
2017104702,キングカメハメハ,オメガエンブレム,
2017101516,ディープブリランテ,セイカイリス,
2017101904,アグネスデジタル,コスモマクスウェル,
2017100160,エピファネイア,ヴァルホーリング,
2017106196,ジャスタウェイ,アドマイヤオンリー,
2017100300,キングヘイロー,ハイマーク,
2017103981,コパノリチャード,イノチノアカリ,
2017105954,リーチザクラウン,セイウンデライラ,
2017101020,タートルボウル,シルヴァースプーン,
2017102860,フリオーソ,ルナクィーン,
2017100445,ディープブリランテ,センターグランタス,
2017102118,カジノドライヴ,メイクアミラクル,
2017100167,アイルハヴアナザー,フローラルパレス,
2017104977,スピルバーグ,レイクサイドカップ,
2017103473,スズカコーズウェイ,スズカエルマンボ,
2017101597,キンシャサノキセキ,フェリアード,
2017102043,タイムパラドックス,ピンクサプライズ,
2017103501,キンシャサノキセキ,プリモウェイ,
2017103491,サウスヴィグラス,ハヤブサペコチャン,
2017102014,メイショウサムソン,フェスティヴレディ,
2017106270,トゥザグローリー,ナムラネネ,
2017104800,ダイワメジャー,ゼラスキャット,
2017102966,トゥザグローリー,オリヒメチャーム,
2017100035,ヴィクトワールピサ,アポロノカンザシ,
2017102164,ローレルゲレイロ,アルレガーロ,
2017106640,フレンチデピュティ,キシュウグラシア,
2017104787,ディープインパクト,スタセリタ,
2017100348,ルーラーシップ,アユサン,
2017101572,オルフェーヴル,オウケンサクラ,
2017100794,ダンカーク,キャンティユッキ,
2017103423,スクリーンヒーロー,ベガグレシヤス,
2017105003,ゴールドシップ,インコグニート,
2017105050,ルーラーシップ,ユアメモリー,
2017103710,ルーラーシップ,グーテデロワ,
2017105195,オルフェーヴル,アビラ,
2017103842,キングカメハメハ,ミリオンセラーII,
2017100037,ブラックタイド,イージーウィン,
2017101908,ノヴェリスト,シュペリユール,
2017104767,キズナ,シュピッツェ,
2017105386,ディープインパクト,スターダムバウンド,
2017102665,スピルバーグ,ボールルーム,
2017102406,ハービンジャー,エヴァ,
2017100418,エピファネイア,プラチナジュエリー,
2017102033,オルフェーヴル,クレバークリス,
2017103843,オルフェーヴル,ミルフィアタッチ,
2017100760,トーセンジョーダン,アルマニンファ,
2017106292,アドマイヤムーン,フィールマイハート,
2017100182,シンボリクリスエス,タイキプリンセス,
2017105041,ヴィクトワールピサ,ベユーズラッシー,
2017100360,ハーツクライ,クラリネット,
2017101743,エイシンフラッシュ,アースザスリー,
2017101120,シンボリクリスエス,ダイヤモンドアスク,
2017106535,ゼンノロブロイ,ドリームピーチ,
2017104568,フェノーメノ,ミスアモン,
2017100212,エイシンフラッシュ,スカーゲン,
2017101418,ゴールドシップ,アルフェッカ,
2017104060,ゴールドシップ,ダイヤモンドギフト,
2016106288,アポロキングダム,ポエティックターン,
2015103313,Hard Spun,タイキエイワン,
2016103224,アサクサキングス,アドマイヤトパーズ,
2015104514,ストロングリターン,ブロンドヒロイン,
2015101903,ストロングリターン,デルマアマノジャク,
2015103663,バトルプラン,タツキセキ,
2016110048,Scat Daddy,Nimue,
2015110062,Speightstown,A Bit of Humor,
2016110095,Elusive Quality,Media Madness,
2014100557,ヴィクトワールピサ,ヤマニンギモーヴ,
2014103444,プリサイスエンド,エイシンサーメット,
2015101054,アンライバルド,バーデンフォンテン,
2015103085,マツリダゴッホ,アイリスモレア,
2015104873,ヘニーヒューズ,ダブルゴールド,
2016104126,ベルシャザール,コフィーチャン,
2015106011,シニスターミニスター,ミスヒテン,
2016105167,スクリーンヒーロー,ピュアマインド,
2016101328,パイロ,ショウナンハトバ,
2016104679,ロジユニヴァース,ロジフェローズ,
2015105923,キングヘイロー,スマイルコンテスト,
2012101143,ヨハネスブルグ,ヨウヨウ,
2013104170,スズカマンボ,ホワイトカーニバル,
2015104805,ルーラーシップ,シャルロットノアル,
2016103323,ディープインパクト,タッチII,
2014106286,キングヘイロー,キーラッキー,
2016104207,クロフネ,ピュアダイヤモンド,
2015105392,シンボリクリスエス,アリオーン,
2016100220,サウンドボルケーノ,ヤサカシャイニー,
2014102135,アンライバルド,サンマルセイコー,
2016103101,ヴァーミリアン,ピサノプリヴェ,
2015101744,ヨハネスブルグ,ホウライサンデー,
2017105193,キングズベスト,アニメイトバイオ,
2017103201,オルフェーヴル,ダンシングクイーン,
2017102960,アドマイヤムーン,ロックフォーティ,
2017104809,ノヴェリスト,ダイワスカーレット,
2017102374,ルーラーシップ,ヴィーヴル,
2017101797,キズナ,クリアリーコンフューズド,
2017104665,ノヴェリスト,イオス,
2017103023,ワールドエース,スイートウィリアム,
2017105280,キンシャサノキセキ,ガヴィオラ,
2017105421,ロードカナロア,チアズメッセージ,
2017102168,エスポワールシチー,クイックレスポンス,
2017104258,ヨハネスブルグ,カハラビスティー,
2017101596,フェノーメノ,ドリームレディ,
2017106497,リアルインパクト,スカイノリン,
2017101253,ベルシャザール,パレスレディー,
2017102723,ヴィクトワールピサ,クレタパラドックス,
2016104921,ディープインパクト,アーヴェイ,
2016104660,ワークフォース,リビアーモ,
2014102327,ナカヤマフェスタ,ダービーゾーン,
2015104293,ディープインパクト,カンビーナ,
2015104109,ディープインパクト,タンタスエルテ,
2014105551,ステイゴールド,セリメーヌ,
2014106228,ヴィクトワールピサ,ルシルク,
2013104215,ソングオブウインド,モルフェキイ,
2015104760,オルフェーヴル,クルソラ,
2016110034,Camelot,Danish Delight,
2014103084,ロージズインメイ,フラワーハット,
2016104415,ディープインパクト,ウィキウィキ,
2015101707,スクリーンヒーロー,メジロフランシス,
2016104475,ルーラーシップ,ケイティーズジェム,
2015104513,ディープインパクト,ブルーミンバー,
2016104507,ロードカナロア,シーズオールエルティッシュ,
2014105492,キンシャサノキセキ,サクラサクII,
2013100640,アドマイヤムーン,ラドルチェ,
2016104512,ハーツクライ,スイープトウショウ,
2016106518,キングズベスト,エリモエトワール,
2014105338,ステイゴールド,アルーリングボイス,
2016105630,スクリーンヒーロー,レッドターキー,
2012104268,ディープインパクト,スモークンフローリック,
2014105854,ディープブリランテ,エンシェントヒル,
2014106120,ハーツクライ,プリティカリーナ,
2011104759,ハーツクライ,マイマスタートップ,
2012103634,マツリダゴッホ,ザッツザウェイ,
2014100928,ヴァーミリアン,マスターギラティナ,
2016103657,ベルシャザール,フレンチミシル,
2014101308,アグネスデジタル,ケンチャメワン,
2016104929,タートルボウル,ウィッシュ,
2016104919,ストロングリターン,アンコールピース,
2015101125,トーセンホマレボシ,トーセンフリージア,
2015105278,ブラックタイド,スカラムーシュ,
2016110133,アニマルキングダム,Why Katherine,
2015104534,ローエングリン,ホワイトペッパー,
2016105181,アサクサキングス,フェスタデルドンナ,
2016104735,ゴールドアリュール,オールザウェイベイビー,
2016102697,ゴールドアリュール,ワインレッド,
2015104927,ハーツクライ,バロネスサッチャー,
2014102543,アポロキングダム,キタノオペラ,
2015102123,エンパイアメーカー,アイシースズカ,
2017104937,アサクサキングス,マンデーデライト,
2017106547,スクリーンヒーロー,セルフプリザヴェーション,
2017105828,ゴールドアリュール,クインポルカ,
2017105151,ジャスタウェイ,ユールフェスト,
2017104080,ローズキングダム,ペルセクション,
2017104694,Le Havre,エメラルドスター,
2017106573,キングズベスト,グレイトタイミング,
2017100877,ダイワメジャー,メイドインリオ,
2017104047,バトルプラン,ウインブリーザ,
2017109044,スマートファルコン,ハクシュウベリー,
2017100936,ディープブリランテ,クリッピングエリア,
2017106257,ディープブリランテ,ワグテイル,
2017106503,トゥザグローリー,フレンチミステリー,
2017103987,シニスターミニスター,ダイワチャーム,
2017100120,シビルウォー,ティエッチグレース,
2017103664,ヨハネスブルグ,ノバラ,
2017105506,アイルハヴアナザー,フィロンルージュ,
2017101182,カジノドライヴ,フラゴリーネ,
2017106311,ヴィクトワールピサ,ペイドリン,
2017104430,グラスワンダー,トーセンレディ,
2017105792,ディープスカイ,ブーケドレーヌ,
2017106729,エスケンデレヤ,トーヨートーヤコ,
2017100048,ストロングリターン,マルターズオリジン,
2017100776,ルーラーシップ,レディオスソープ,
2017100557,スマートファルコン,サンスプリング,
2017104657,ハーツクライ,アロングザシー,
2017105941,グランプリボス,フォレストビーナス,
2017104085,ベルシャザール,ムゲン,
2017105641,ジャスタウェイ,レディスキッパー,
2017104588,ロジユニヴァース,カルストンツバサ,
2017101548,マルカシェンク,スターライトダンス,
2017104921,タートルボウル,ホワイトペッパー,
2017103440,スピルバーグ,スイートマカロン,
2017104883,エイシンフラッシュ,ファイブスター,
2017106727,ロードアルティマ,ワルツ,
2017102766,クロフネ,ミスハレクラニ,
2017106050,マジェスティックウォリアー,サンマルクイーン,
2017101763,エスポワールシチー,ルナースフィア,
2017100762,ブラックタイド,サムワントゥラブ,
2017105218,ルーラーシップ,ウィズザフロウ,
2017101532,ヘニーヒューズ,エトルアンフルール,
2017106318,フェノーメノ,タイヨウノコ,
2017102751,ワンダーアキュート,ワンダーマッスル,
2017100698,アグネスデジタル,ドナビジュー,
2017100935,グラスワンダー,エレガントタイム,
2017103904,トゥザグローリー,マストゥドウ,
2017101663,キングヘイロー,エーシンフォチュナ,
2016104941,ハーツクライ,ヴェイルドクリス,
2015109077,ヨハネスブルグ,シンギングセンセーション,
2016104610,ハーツクライ,ベネンシアドール,
2015105385,エンパイアメーカー,ウエスタンベッラ,
2015109031,フリオーソ,タムロマンサーナ,
2016101223,エイシンフラッシュ,ジョウテンセレブ,
2015101855,シニスターミニスター,ハルジオン,
2016104617,トーセンジョーダン,ホールロッタラヴ,
2016105858,ケープブランコ,サウンドオブハート,
2016100181,サウスヴィグラス,ウインヴァネッサ,
2016100924,ヘニーヒューズ,ラヴァーズレーン,
2016105033,キングカメハメハ,ザッハーマイン,
2015106310,スクリーンヒーロー,サクラシンフォニー,
2015100119,タートルボウル,アイルビーファイン,
2016105644,ダンカーク,ラズベリータイム,
2016102855,アイルハヴアナザー,ロングビクトリア,
2017102946,バゴ,イシス,
2017106315,メイショウサムソン,アクセレラン,
2017105173,ロードカナロア,アイランドファッション,
2017102920,ザサンデーフサイチ,ダンスミュージカル,
2017105018,ヘニーヒューズ,サンレガーロ,
2017106356,キズナ,ペガサスゴールド,
2017102902,ベーカバド,カネトシキフジン,
2017101984,ゴールドシップ,ゲイリーピクシー,
2017103054,ディープブリランテ,サンマルフェアー,
2017105043,オルフェーヴル,ボンバルリーナ,
2017103304,フェノーメノ,ニシノマイヒメ,
2017105470,ハービンジャー,ハートフルデイズ,
2017106610,ディープインパクト,リオズスターレット,
2017106207,ゼンノロブロイ,オウケンハナミズキ,
2017100712,キングズベスト,ディアアレトゥーサ,
2017101556,キズナ,ライステラス,
2017105222,ハーツクライ,ウィーミスフランキー,
2017105235,キングカメハメハ,ヴィルシーナ,
2017106037,ダイワメジャー,ブラジリアンビューティ,
2017100593,ハービンジャー,トーホウアマポーラ,
2017102979,エピファネイア,マルハチラブーム,
2017102615,エピファネイア,クィーンズトレイル,
2017105742,エイシンフラッシュ,モーニングラン,
2017110102,Zoffany,Height of Elegance,
2017104783,ディープインパクト,スウィフトテンパー,
2017110164,Tavistock,Red Melody,
2017104807,フェノーメノ,タッチフォーゴールド,
2017104765,ディープインパクト,シャンパンドーロ,
2017104127,ローズキングダム,シェーナビアンカ,
2017102598,オルフェーヴル,ロマンシエール,
2017102793,マツリダゴッホ,エビスリラ,
2017103591,オルフェーヴル,ミルクデール,
2016104887,ハーツクライ,レツィーナ,
2016104696,ダイワメジャー,アシュレイリバー,
2016104234,ルーラーシップ,メジロドーベル,
2015106231,ヴィクトワールピサ,ミラクルベリー,
2016102056,ダンカーク,ワタシマッテルワ,
2016103202,スズカフェニックス,スイートライラ,
2016104933,ブラックタイド,ウェイクアップマギー,
2014103950,ゼンノエルシド,ヒシアリエル,
2016104890,ディープインパクト,レーヴディマン,
2015102743,オルフェーヴル,クリノビスケット,
2014105654,シンボリクリスエス,フレンチノワール,
2016103448,ヘニーヒューズ,ニシノミラクル,
2016102081,トゥザグローリー,メイショウホノボノ,
2014102395,アグネスデジタル,ボムガール,
2016103402,キングヘイロー,ワンモアミイチュー,
2015105605,スズカコーズウェイ,デラモーレ,
2015103867,プリサイスエンド,ヴァップ,
2014105700,トワイニング,マニックサンデー,
2014105391,シンボリクリスエス,アスピリンスノー,
2016100297,キャプテントゥーレ,セトウチダイヤ,
2012102583,スターリングローズ,ブライアンズビコー,
2015104277,カジノドライヴ,オメガロンド,
2015104214,スウェプトオーヴァーボード,アモールミーオ,
2014104195,フォーティナイナーズサン,マジュスキュール,
2016103341,パイロ,ファービヨンド,
2015104435,クロフネ,トリプレックス,
2017104973,ディープインパクト,リリーオブザヴァレー,
2017105619,ルーラーシップ,リビアーモ,
2017105339,ロードカナロア,シャムロッカー,
2017104620,エピファネイア,メジロシャレード,
2017106606,ルーラーシップ,ポップアイコン,
2017102880,キズナ,ハギノクィーン,
2017105117,フェノーメノ,タスクミストレス,
2017105394,ブラックタイド,スプリングシーズンII,
2017110123,Siyouni,Viz,
2014105514,Tapit,シャンパンドーロ,
2016100598,メイショウサムソン,クロンヌドール,
2016104420,シンボリクリスエス,ヴァイスハイト,
2016104554,ゴールドアリュール,デュアルストーリー,
2015104625,マンハッタンカフェ,レディトゥプリーズ,
2015103530,エンパイアメーカー,プレシャスライフ,
2014105851,カジノドライヴ,エルフィンフェザー,
2015101518,トーセンホマレボシ,カレンママ,
2015104010,ブラックタイド,フィールザビュウ,
2015102215,エスポワールシチー,ヤマトマリオン,
2016101930,サウスヴィグラス,ニースセブンティン,
2013101526,ベーカバド,エルフィン,
2016110045,Violence,Cloud of Smoke,
2015100272,ヨハネスブルグ,キョウワハピネス,
2011106544,フジキセキ,カフェピノコ,
2015105036,ディープインパクト,モシーン,
2016104791,ハーツクライ,ダイヤモンドディーバ,
2016103690,スクリーンヒーロー,クリノビリオネア,
2014105887,ディープインパクト,キングスローズ,
2012104508,キングカメハメハ,アディクティド,
2016105067,ディープインパクト,スキア,
2015110035,Tapit,バックシートリズム,
2015105057,キングカメハメハ,ラドラーダ,
2015104714,キングカメハメハ,エリモピクシー,
2013105948,ゼンノロブロイ,スーヴェニアギフト,
2015100344,ディープインパクト,ケイアイガーベラ,
2016104414,ロードカナロア,インダクティ,
2013100569,アドマイヤムーン,オルダニー,
2012103429,スクリーンヒーロー,インシステント,
2012110077,Encosta de Lago,メリート,
2015103392,オルフェーヴル,スマッシュ,
2016104537,キンシャサノキセキ,ダークサファイア,
2016105199,ロードカナロア,ブルーミングスノー,
2014104831,ディープインパクト,スイープトウショウ,
2016110158,War Front,River Belle,
2016101865,マツリダゴッホ,アイリスモレア,
2016110058,Magician,Sisheba,
2014100786,コンデュイット,ストームイメージ,
2015101483,キンシャサノキセキ,ジュアンレパン,
2011104859,アドマイヤジャパン,ラブミラー,
2014102332,パイロ,エフエロッチ,
2015105411,アイルハヴアナザー,クラックコード,
2010101988,キングヘイロー,オンワードスワン,
2015102853,フサイチセブン,ナイスヴァレー,
2017104386,トーセンジョーダン,タチアナ,
2017102289,キンシャサノキセキ,マリアベール,
2017104440,トーセンブライト,レッドフォーリア,
2017101424,アンライバルド,ケイアイダンサー,
2017100067,キンシャサノキセキ,アイアムトゥルー,
2017102200,エスケンデレヤ,メロークーミス,
2017105278,キンシャサノキセキ,カロンセギュール,
2017101267,エピファネイア,アイアイプリンセス,
2017101226,ヘニーヒューズ,ナデシコニッポン,
2017103921,ローエングリン,ジュンナカヤマ,
2017104006,タイムパラドックス,サフラントウショウ,
2017105398,ブラックタイド,スルーレート,
2017101113,ジャングルポケット,ブライティアターフ,
2017104818,タートルボウル,ダンスオンザルーフ,
2017104758,ダイワメジャー,サンデア,
2017106342,エスポワールシチー,ニチドウルチル,
2017103606,クロフネ,ミヤビキラメキ,
2017103736,ジャングルポケット,サクラプレジール,
2017106410,ダンカーク,メイショウチルチェ,
2017101438,オルフェーヴル,サマーエタニティ,
2017103706,フリオーソ,トロピカルラヴ,
2017105944,ジャスタウェイ,ヤサカシーズン,
2017105499,アンライバルド,ピーチブローフィズ,
2017100911,ネオユニヴァース,プリンセスメーカー,
2017103564,エピファネイア,アステュート,
2017110167,Blame,Summer On the Lawn,
2017104947,ヘニーヒューズ,ミラクルレジェンド,
2017100531,マジェスティックウォリアー,メリーウェザー,
2017100010,オルフェーヴル,パチャママ,
2017101576,カレンブラックヒル,カフラピコ,
2017100985,ストロングリターン,ナイスミイチャン,
2017104488,フリオーソ,ヒカルユメアカリ,
2017101078,ローズキングダム,タニノピカンテ,
2017106735,ネオユニヴァース,スマーティーシスター,
2017103649,マジェスティックウォリアー,ハシルモーガン,
2017106343,トゥザグローリー,フロレンティナ,
2017101376,ベーカバド,トキノナスティア,
2017102141,カレンブラックヒル,ペイデュソレイユ,
2017104185,キズナ,スーリア,
2017110150,Constitution,Invitation,
2017106470,ロードアルティマ,ピエナガイア,
2017101010,シニスターミニスター,マキシムカフェ,
2017104819,キングカメハメハ,ダンスファンタジア,
2017105170,ルーラーシップ,アイスドール,
2017103793,トーセンホマレボシ,サンキュースマイル,
2017103617,キンシャサノキセキ,スイートフラッグ,
2017105271,ゴールドアリュール,カラヴィンカ,
2017104420,トーセンファントム,トーセンベルファム,
2017102022,ヘニーヒューズ,ロンギングシャネル,
2017101051,プリサイスエンド,クリスタルスピカ,
2017104632,ロードカナロア,ルージュクール,
2017106337,グランプリボス,タイキキララ,
2017102844,ダンカーク,ポラリス,
2017103792,Medaglia d'Oro,サマーソワレ,
2017104372,トーセンファントム,エスティマリリン,
2017106093,アイルハヴアナザー,ラフレーズカフェ,
2017105475,Zoffany,パシフィックリム,
2017100643,ゴールドヘイロー,プラントオジジアン,
2017101997,クロフネ,インシスト,
2017106584,ダイワメジャー,スノーフレークＩＩ,
2017104296,ロードカナロア,トランプクイーン,
2017102460,キズナ,レッドアシェット,
2017102926,ノボジャック,ノボプレシャス,
2017103665,エスケンデレヤ,パーティークィーン,
2017103704,キングズベスト,サーレムフォレスト,
2017104831,タートルボウル,デリケートアーチ,
2017102968,ルーラーシップ,オースミミズホ,
2017104526,クロフネ,ヒカルドウキセイ,
2017100018,マツリダゴッホ,ゼリービーン,
2017101987,ロージズインメイ,クラールハイト,
2017105063,ディープインパクト,ワッツダチャンセズ,
2017103973,キズナ,ポワティエ,
2017106454,マジェスティックウォリアー,メイショウモーレン,
2017105220,,,
2017101938,ゴールドシップ,マイネサマンサ,
2017100250,ネオユニヴァース,ユキノマーガレット,
2017101254,ベルシャザール,メイプルチャンス,
2017102503,キズナ,コンゴウアンゲルス,
2017103848,,,
2017104525,,,
2017102434,,,
2017103636,,,
2017101176,,,
2017104848,,,
2016103668,,,
2016100030,,,
2015104617,,,
2016103099,,,
2016105431,,,
2016110163,,,
2015102558,,,
2015105035,,,
2016104831,,,
2013101630,,,
2014103615,,,
2016104363,,,
2015103343,,,
2016106379,,,
2014105470,,,
2016106009,,,
2016103953,,,
2016104464,,,
2014102358,,,
2015104870,,,
2016104477,,,
2015103256,,,
2016105686,,,
2016101377,,,
2016100474,,,
2016105122,,,
2016106005,,,
2016104078,,,
2016100505,,,
2015100705,,,
2016100951,,,
2016102778,,,
2016105051,,,
2015104627,,,
2015104346,,,
2016106316,,,
2016104262,,,
2014106051,,,
2015104612,,,
2015105352,,,
2016104641,,,
2015106344,,,
2016103138,,,
2015104752,,,
2015104977,,,
2014105682,,,
2014105053,,,
2016101344,,,
2015104699,,,
2016104434,,,
2014104304,,,
2015102991,,,
2016102073,,,
2015101633,,,
2015105970,,,
2014105951,,,
2014104076,,,
2016104289,,,
2011101149,,,
2017105576,,,
2017104804,,,
2017105893,,,
2017105449,,,
2017101821,,,
2017105426,,,
2017100041,,,
2017103064,,,
2017100511,,,
2017105496,,,
2017105536,,,
2017103123,,,
2017102178,,,
2017104059,,,
2015100918,,,
2012101232,,,
2014104192,,,
2014102262,,,
2016103768,,,
2015101348,,,
2015106345,,,
2015103802,,,
2016104157,,,
2015100131,,,
2012102542,,,
2015104320,,,
2016106321,,,
2016104561,,,
2015103295,,,
2015103431,,,
2017104309,,,
2017102344,,,
2017100372,,,
2017104993,,,
2017105404,,,
2017101530,,,
2017105157,,,
2017101965,,,
2017102752,,,
2017104500,,,
2017103899,,,
2017100894,,,
2017105902,,,
2017103113,,,
2017106603,,,
2017109086,,,
2017103910,,,
2017101365,,,
2017101558,,,
2017101008,,,
2017105199,,,
2017103242,,,
2017102790,,,
2017102612,,,
2017103143,,,
2017100072,,,
2017103294,,,
2017100191,,,
2017100672,,,
2017102630,,,
2017101539,,,
2017105985,,,
2017103441,,,
2017103461,,,
2017103472,,,
2017102593,,,
2017100112,,,
2017103510,,,
2017104686,,,
2017104812,,,
2017104074,,,
2017103193,,,
2017103189,,,
2017101227,,,
2017101223,,,
2017103912,,,
2017110095,,,
2017101910,,,
2017100732,,,
2017101257,,,
2017104757,,,
2017100725,,,
2017102288,,,
2017103085,,,
2017102080,,,
2017100484,,,
2017102138,,,
2017100237,,,
2017103161,,,
2017104663,,,
2017106561,,,
2017105308,,,
2017105086,,,
2017105300,,,
2017100159,,,
2017103855,,,
2017105000,,,
2017101762,,,
2017103790,,,
2017110061,,,
2017102575,,,
2017100236,,,
2017105162,,,
2017101923,,,
2017109075,,,
2017102436,,,
2017105332,,,
2017102088,,,
2017104619,,,
2017105172,,,
2017102163,,,
2017101693,,,
2017103276,,,
2017104163,,,
2017104266,,,
2017110016,,,
2017105329,,,
2017104112,,,
2016110088,,,
2015105143,,,
2015104149,,,
2016100359,,,
2015105434,,,
2016100305,,,
2016101907,,,
2016105007,,,
2016101999,,,
2016106546,,,
2015103534,,,
2016104320,,,
2016102991,,,
2016101017,,,
2016105459,,,
2015100563,,,
2016100106,,,
2016101147,,,
2016101055,,,
2016101841,,,
2015103197,,,
2015102983,,,
2016101707,,,
2016100855,,,
2015100419,,,
2016102272,,,
2013102553,,,
2016109023,,,
2016105101,,,
2015103535,,,
2015100713,,,
2016103346,,,
2016101366,,,
2015104610,,,
2014104351,,,
2014105975,,,
2015106173,,,
2014106076,,,
2014105627,,,
2016104776,,,
2016100926,,,
2015104910,,,
2015100348,,,
2014110109,,,
2013110083,,,
2015105549,,,
2014102145,,,
2016106263,,,
2012104076,,,
2014100629,,,
2015100512,,,
2014103971,,,
2012102179,,,
2015110073,,,
2017110026,,,
2017103572,,,
2017105374,,,
2017105434,,,
2017105508,,,
2017100795,シングンオペラ,クーファゲルニカ,
2017110165,Tavistock,Tempting Delight,
2017103255,マツリダゴッホ,アンカジャポニカ,
2016104053,ルーラーシップ,ニシノマナムスメ,
2015104715,ロードカナロア,エルダンジュ,
2016105802,ローズキングダム,グレートテン,
2016105768,ディープインパクト,ビタースウィート,
2014106117,ステイゴールド,プチノワール,
2015101602,Shamardal,コズミックフレイム,
2015104161,エイシンフラッシュ,ロフティーエイム,
2014105476,マンハッタンカフェ,グッドチョイス,
2014103189,タイキシャトル,セトウチソーラー,
2014100524,ハーツクライ,アクティビスト,
2016104881,ヴィクトワールピサ,リップスポイズン,
2017105446,キングカメハメハ,デグラーティア,
2017105622,キングカメハメハ,リュナティク,
2017104461,オルフェーヴル,ドゥルセデレーチェ,
2017106700,パイロ,アグネスエンジェル,
2017100567,スマートファルコン,ビジネスロマン,
2017103044,トーセンホマレボシ,グロースバンダム,
2017105936,トゥザグローリー,オーゴンカガヤキ,
2017101748,ワールドエース,シーザシー,
2017101138,パイロ,キスオブザビーナス,
2017103115,ファーガソン,フレンズ,
2017105182,エピファネイア,アトアニ,
2017102791,クロフネ,マルデデルマ,
2017100450,ディープブリランテ,レッドプラネット,
2017105127,ルーラーシップ,バウンシーチューン,
2017105712,シニスターミニスター,キタサンエデン,
2017103315,オルフェーヴル,ブリュメール,
2017100917,シニスターミニスター,ワイルドシンガー,
2017106589,パイロ,チャリティークエスト,
2017104755,エイシンフラッシュ,サンクスアロット,
2017106662,ワールドエース,ラビングトスカーナ,
2017103493,ゴールドアリュール,ハードデイズナイト,
2017100746,アポロキングダム,ウインドクラスト,
2017102588,シニスターミニスター,フェレット,
2017100008,ダンカーク,グロッタアズーラ,
2017102412,カレンブラックヒル,グレースハート,
2014106348,スマートファルコン,ラビングトスカーナ,
2014103928,サムライハート,キョウワグレイス,
2016102080,ディープブリランテ,マイユクール,
2016103729,ヘニーヒューズ,グロリエッテ,
2015104602,タートルボウル,リトルディッパー,
2016106501,タイムパラドックス,エーシンチェロキー,
2016103573,ダンカーク,スイリンカ,
2016101485,ホワイトマズル,トップレディスター,
2011101037,キングカメハメハ,アイシースズカ,
2013105959,ファルブラヴ,タイトルパート,
2016105883,シニスターミニスター,シンコームーン,
2017105116,ゴールドシップ,タイムウィルテル,
2017105367,エピファネイア,シーディドアラバイ,
2017105351,ダイワメジャー,シルバーバレットムーン,
2017105874,バゴ,スウィートクレメンタイン,
2017100958,オルフェーヴル,クラシックローズ,
2017100931,メイショウサムソン,ターントゥタイド,
2017101973,ダノンシャンティ,マイネノーブレス,
2017101411,トゥザワールド,ヒトリシズカ,
2017104415,ディープインパクト,トーセンブリリアン,
2017103949,エピファネイア,ヌーヴェルレーヌ,
2017105124,ロードカナロア,ナショナルホリデー,
2017106193,スピルバーグ,アクアシャンデリア,
2017103459,ブラックタイド,アドマイヤアモーレ,
2017101185,フェノーメノ,ムーンハウリング,
2017103139,ジャスタウェイ,ポジショントーク,
2017106591,キングズベスト,デストリアー,
2017110020,Teofilo,セレブリティ,
2017101432,ジャスタウェイ,コスモネモシン,
2017110037,Dark Angel,Jillnextdoor,
2017100472,スクリーンヒーロー,ベルテンポ,
2017106635,トゥザワールド,ペプチドガーネット,
2017102181,トゥザワールド,ゴシップクイーン,
2017100157,ジャングルポケット,ルナルナ,
2015105958,エイシンフラッシュ,ミッキーハナコ,
2016110142,Cairo Prince,Dattts Lady Di,
2016102364,ノボジャック,ゴッドエンジェル,
2014100729,ダノンシャンティ,マイネクォーツ,
2015101240,アドマイヤコジーン,クラウンモンロー,
2016103140,フサイチセブン,ローズアライヴァル,
2015110021,ストリートセンス,Lady of Akita,
2016103595,ミリオンディスク,デルマユリア,
2016106154,ネオユニヴァース,ブリーボーンズ,
2016110054,Tale of the Cat,Champagne Eyes,
2015103892,サムライハート,サイレントベッド,
2017110067,Tapit,Sweet Talker,
2017101956,オルフェーヴル,マンバラ,
2017105940,ワールドエース,ピーチフィズ,
2017106571,オルフェーヴル,カトゥーンバ,
2017104646,エピファネイア,アプリコットフィズ,
2017102017,エピファネイア,ウインデンファーレ,
2014102200,パイロ,ファダラン,
2013101965,サムライハート,ベルモントエルメス,
2015104358,タートルボウル,シープシャンクス,
2015103677,アグネスデジタル,パールイアリング,
2014105261,クロフネ,クリックヒア,
2015104378,キンシャサノキセキ,ストームティグレス,
2012103204,ヴァーミリアン,プロテクトジアース,
2014100596,ネオユニヴァース,スウィートデジャヴ,
2016100696,アイルハヴアナザー,コスモコルデス,
2015100587,キャプテントゥーレ,ヤマニンマドレーヌ,
2016104520,ジャスタウェイ,ストラスペイ,
2016110061,デクラレーションオブウォー,Wicked Temper,
2014100765,ゴールドアリュール,ロンドリーナ,
2016102165,ジャスタウェイ,セクシーザムライ,
2016104856,ルーラーシップ,ミクロコスモス,
2014106256,ワークフォース,ローザブランカ,
2014105356,ディープインパクト,スウィートハース,
2014100285,アポロキングダム,ワレンダークイン,
2014103291,フリオーソ,フランチェスカ,
2014101854,ルーラーシップ,ハタノボニート,
2016102556,フレンチデピュティ,ミコノス,
2015100548,ロジユニヴァース,コヴェンティナ,
2016106255,バトルプラン,ミミオブパラダイス,
2014105796,キングカメハメハ,アドマイヤヒラリー,
2016103755,エンパイアメーカー,オーパスクイーン,
2014105448,ホワイトマズル,オメガリトルスター,
2014103582,ヴィクトワールピサ,メイショウルイーズ,
2014100997,アグネスデジタル,エレガントフラッグ,
2016102192,ディープインパクト,メイショウベルーガ,
2016101209,オルフェーヴル,ブルーダヌーブ,
2015104897,ハーツクライ,データ,
2015105008,ハーツクライ,マザーウェル,
2013104277,ステイゴールド,スイートフラッグ,
2016100527,オルフェーヴル,タガノレヴェントン,
2013106094,シンボリクリスエス,マチカネチコウヨレ,
2014102892,ジャングルポケット,メジロシャレード,
2013101249,カンパニー,モエレメルシー,
2014106176,ディープインパクト,ミスパスカリ,
2015105108,ルーラーシップ,ローザブランカ,
2013103569,スウェプトオーヴァーボード,アドマイヤモンロー,
2016104702,ジャスタウェイ,アドマイヤテレサ,
2014105836,ステイゴールド,ヴィヤダーナ,
2015105076,ステイゴールド,リリウム,
2016104628,ロードカナロア,マリーシャンタル,
2015102841,クリストワイニング,ラトーヌインパクト,
2015105287,アドマイヤムーン,トリプルアクト,
2016105372,ジャングルポケット,シセイカナタ,
2016100745,トーセンホマレボシ,マイネデセール,
2016102103,ヨハネスブルグ,ホシノメガミ,
2016103958,レッドスパーダ,クラリン,
2015103675,ヨハネスブルグ,ダイワエタニティー,
2015110076,Emcee,Desired Trait,
2017101124,キンシャサノキセキ,オートキュイジーヌ,
2017106334,メイショウボーラー,グッドイヴニング,
2017110136,Candy Ride,Eltimaas,
2017110054,Tonalist,Maltese Googol,
2017103142,ナカヤマフェスタ,ディアルーモ,
2017100675,トーセンホマレボシ,ショウナンラノビア,
2017110089,Distorted Humor,Glorious Chant,
2017104740,ダイワメジャー,コマーサント,
2017100026,キングズベスト,セシリア,
2017101983,ジョーカプチーノ,アサヒカレンダー,
2017104550,オルフェーヴル,アースシンボル,
2017110143,Verrazano,Blue Bird Lady,
2017101802,キズナ,コンプリカーター,
2017102071,スウェプトオーヴァーボード,ターフジェニック,
2017105981,ダンカーク,シャルフミニョンヌ,
2017102332,プリサイスエンド,ブルーポラリス,
2017100808,ストロングリターン,デルマアマノジャク,
2017103033,ロジユニヴァース,レアシルウィア,
2017100389,ハーツクライ,タイキマドレーヌ,
2017102548,シニスターミニスター,ホクトブルーバード,
2017102888,ローエングリン,アテナブルー,
2017100245,アドマイヤコジーン,ナナリー,
2017105812,タイキシャトル,オーバルカット,
2017102216,グランプリボス,ラヴキャラ,
2017103088,マジェスティックウォリアー,エジプシャン,
2017100526,エピファネイア,スポークンファー,
2017102824,トゥザグローリー,ラブルビー,
2017101846,オルフェーヴル,アースサウンド,
2017101262,カレンブラックヒル,スプリングシティ,
2017101691,パイロ,ラヴァズアゲイン,
2017102848,エスケンデレヤ,ラフォルトゥナ,
2017101510,アグネスデジタル,マイネカメリア,
2017103776,ジャスタウェイ,エイムアットビップ,
2017106259,クロフネ,オースミフブキ,
2017105714,フェノーメノ,ヘイローマジック,
2017106550,ゴールドシップ,ナン,
2017101962,ロージズインメイ,マイネクイーン,
2017105415,ダイワメジャー,ダイヤモンドディーバ,
2017100369,エピファネイア,サトノジョリー,
2017101911,アイルハヴアナザー,ストレンジラブ,
2017104690,キングカメハメハ,エバーブロッサム,
2017105075,ハービンジャー,ウインフロレゾン,
2017104528,ハービンジャー,ブルザンインディゴ,
2017103525,キズナ,チアズスワロー,
2017110024,Nathaniel,Majestic Dancer,
2017102621,ルーラーシップ,ピサノアリュメール,
2017102818,グラスワンダー,ボレロビート,
2017105854,オルフェーヴル,エイシンヘーベ,
2017102154,オーシャンブルー,ポポラーレ,
2017101531,フェノーメノ,アルカンジュ,
2017110103,Frankel,Squeeze,
2017101183,エイシンフラッシュ,ブランシェール,
2017104824,ロードカナロア,ツインエンジェルズ,
2017105819,マジェスティックウォリアー,トシキャンディ,
2017106305,アルデバランII,タキオンメーカー,
2017105643,キンシャサノキセキ,レトII,
2017106117,フサイチセブン,ビバグリーン,
2016104697,ワークフォース,アステリオン,
2016106330,グランプリボス,シーダーローズ,
2016105328,ハービンジャー,ナイキトリック,
2015100093,ヘニーヒューズ,アイティアビー,
2016104741,ハーツクライ,カレドニアレディ,
2016105011,ハーツクライ,コマーサント,
2015102595,ハーツクライ,テメリアイランド,
2016104373,ノヴェリスト,ドルチェリモーネ,
2016104818,ルーラーシップ,パシフィックギャル,
2014105363,ハーツクライ,ラリーズン,
2014105860,ステイゴールド,オールザウェイベイビー,
2016100049,トーセンラー,マキノルーチェ,
2016103087,ダイワメジャー,ティファニータッチ,
2015104225,ディープインパクト,アーヴェイ,
2015104707,ハービンジャー,エイグレット,
2013110085,Archarcharch,Profitability,
2014102190,ストリートセンス,トークショウ,
2016105169,ノヴェリスト,ピューマカフェ,
2016104240,ハーツクライ,メジロルバート,
2014101302,ステイゴールド,ケープタウンシチー,
2017110151,American Pharoah,Mary's Follies,
2017101719,ヘニーヒューズ,スペシャルディナー,
2017105433,ゴールドアリュール,テスティコ,
2017110052,ウィルテイクチャージ,Love Ava Love,
2017106084,ダンカーク,フラワーガイア,
2017103718,サウスヴィグラス,ムツミマーベラス,
2017100630,エスケンデレヤ,ミラクルフラッグ,
2017102509,クロフネ,アンジュエ,
2017110156,Goldencents,Song'n Dance,
2017104506,ベーカバド,ヤマイチジャスミン,
2017110158,American Pharoah,Jeweliana,
2017101833,キズナ,ルミエールヴェリテ,
2016105093,ワークフォース,タックスシェルター,
2014100534,ステイゴールド,タイムフェアレディ,
2016104672,ロードカナロア,レッドベルフィーユ,
2016105056,ハーツクライ,シーニーンガール,
2016105026,ディープインパクト,サラフィナ,
2014105599,ホワイトマズル,ヌーベルバーグ,
2013103324,ハーツクライ,ムーンライトゼファー,
2014105992,マンハッタンカフェ,スパイラルリング,
2013104055,アドマイヤマックス,ケイティローレル,
2014106474,ゴールドアリュール,ブライトサファイヤ,
2015104107,ハーツクライ,タイムトラベリング,
2011105960,シニスターミニスター,キングスベリー,
2015105676,バトルプラン,ナスケンアイリス,
2012104314,トワイニング,ノンコ,
2015100318,アドマイヤオーラ,ホシニイノリヲ,
2013103618,カジノドライヴ,スペシャルクイン,
2016100981,パイロ,ゴッドビラブドミー,
2012105931,ダイワメジャー,リファールカンヌ,
2014104052,ケイムホーム,キティ,
2016103957,パイロ,カリビアンロマンス,
2016105952,ケープブランコ,メモリアルイヤー,
2014101462,スズカコーズウェイ,アイシースズカ,
2012101406,キンシャサノキセキ,ネヴァーピリオド,
2016105885,ヘニーヒューズ,アンナータ,
2012105841,サウスヴィグラス,アイラシンガー,
2014104248,ロージズインメイ,ヴイプラド,
2016102142,ヨハネスブルグ,アイアムネフライト,
2014100916,キングヘイロー,オグリピンキー,
2015103845,ヨハネスブルグ,ロスグラシアレス,
2017100752,トゥザワールド,マリアンヌカフェ,
2017104122,フェノーメノ,アドマイヤレッド,
2017102620,ロードカナロア,ヒミノダンス,
2017106781,ワールドエース,トキノミスフレンチ,
2017105991,エピファネイア,バーニントウショウ,
2017101007,エイシンフラッシュ,プラチナレイン,
2017104669,ルーラーシップ,ウィッシュ,
2017105835,フサイチセブン,ドリームデュネット,
2017109098,ロードカナロア,メイウインド,
2017106107,キングヘイロー,プライムウィッシュ,
2017105664,キンシャサノキセキ,ワイオラ,
2017104262,パイロ,パドブレ,
2017105341,ベルシャザール,シャンパンマリー,
2017106344,ダンカーク,マロノヴィーナス,
2017105427,ダノンシャンティ,ティアラトウショウ,
2017102545,シニスターミニスター,エイコオシャトル,
2017106051,マジェスティックウォリアー,セキサンキセキ,
2017102042,ケイムホーム,ハナガスミ,
2017101163,エスケンデレヤ,カリビアンロマンス,
2017102787,マジェスティックウォリアー,スプリングフェスタ,
2017105004,ゴールドアリュール,ウィッチフルシンキング,
2017104256,ジョーカプチーノ,オンリーユー,
2017101127,タートルボウル,タイキポーラ,
2017101913,アイルハヴアナザー,スーパーウーマン,
2017102315,ノヴェリスト,ウェディングフジコ,
2017105663,ロードカナロア,ローマンエンプレス,
2017101940,ディープインパクト,マイネシャローナ,
2017103539,キズナ,ウェルカムフラワー,
2017100251,ジャングルポケット,レインボーシーカー,
2017106495,ジャスタウェイ,ロランラムール,
2017105942,ヴィクトワールピサ,プリティウイッチ,
2017103258,タートルボウル,ウインディーヒル,
2017103291,トーセンラー,タニノジュレップ,
2017105160,キンシャサノキセキ,リリカルホイッスル,
2017104221,バトルプラン,ピンクトルマリン,
2017109012,ウインバリアシオン,カシノリボン,
2017104292,ディープインパクト,ステラマドレード,
2017103530,エイシンフラッシュ,ベルシルエット,
2017106599,キングズベスト,フィリラ,
2017103274,マツリダゴッホ,キョウエイマリー,
2017103322,マツリダゴッホ,ホリデイトウショウ,
2017104554,パドトロワ,ファニーママ,
2017101238,ショウナンカンプ,カインドオブブルー,
2017105437,ノヴェリスト,ディアデラノビア,
2017104823,キングカメハメハ,チューニー,
2017102730,ノヴェリスト,ミルクトーレル,
2017104901,ハーツクライ,フーハイナ,
2017106604,ロードカナロア,プリムローズレーン,
2017104223,マツリダゴッホ,アンルーリー,
2017100837,ロードカナロア,トウカイファイン,
2017103224,ネオユニヴァース,カルトマリーヌ,
2017101116,ネヴァブション,ルージュ,
2017100195,サウスヴィグラス,シーノットラブユー,
2017104545,ウォーターリーグ,トーアシシイ,
2017104069,ノヴェリスト,ティンクルチャーミ,
2017101751,ダンカーク,ゾイゾイ,
2017103677,カレンブラックヒル,オープニングベル,
2017102586,ベルシャザール,キャンディームーン,
2017101585,ノヴェリスト,レンデフルール,
2017100614,ヘニーヒューズ,ヤヤラーラ,
2017103176,プリサイスエンド,ゴールドルージュ,
2013102117,マヤノトップガン,アスコットビコー,
2016104970,ワークフォース,オメガセニョリーナ,
2016106047,ダノンシャンティ,ロジカルクィーン,
2016104985,ストロングリターン,カタマチボタン,
2016105765,ルーラーシップ,シルクプリズム,
2016102333,キンシャサノキセキ,ゴールドレリック,
2016105586,サクラプレジデント,ケイティローレル,
2013104031,ローレルゲレイロ,スキャニングジョイ,
2017105460,ディープインパクト,ナイトマジック,
2017101419,ゴールドシップ,イクスキューズ,
2017101948,ディープインパクト,マイネヌーヴェル,
2015100846,ノヴェリスト,ジターナ,
2015103270,モンテロッソ,フローズンムーン,
2016105227,エイシンフラッシュ,マスクオフ,
2015105041,ロードカナロア,ユキチャン,
2015101480,キンシャサノキセキ,キャプテンガール,
2014104261,スマートファルコン,クイックメール,
2014105922,ディープインパクト,サセッティ,
2016104820,ワークフォース,ヒカルアマランサス,
2014104265,マツリダゴッホ,ザッツザウェイ,
2016103306,ハーツクライ,コージーベイ,
2015100061,スクリーンヒーロー,ステルスエミオ,
2016106141,ヒルノダムール,ダッチェスドライヴ,
2014105506,キングカメハメハ,ザレマ,
2015103681,エスポワールシチー,メモリーキャップ,
2015105021,キングカメハメハ,ミクロコスモス,
2014106404,バトルプラン,エルフィンパーク,
2014102625,アグネスデジタル,ダイメイダーク,
2015101310,ゴールドアリュール,ジョウノファミリー,
2015103217,オルフェーヴル,ティックルピンク,
2015106050,ヘニーヒューズ,チャームナデシコ,
2013105373,ネオユニヴァース,アーリーアメリカン,
2014105825,ヴィクトワールピサ,ウィストラム,
2014106118,Creative Cause,プラウドスペル,
2013106041,ベーカバド,フェルミオン,
2016110049,Temple City,Spirited Away,
2014105251,ヴィクトワールピサ,インコグニート,
2015105450,マンハッタンカフェ,フサイチジェット,
2015101034,キンシャサノキセキ,ビーラヴリー,
2016105676,キンシャサノキセキ,スズカシャンティー,
2016110044,Curlin,War Tigress,
2016100051,トランセンド,エプソムメサイア,
2014102218,ストリートセンス,ラヴァリーノ,
2013100637,アドマイヤムーン,ラヴィングプライド,
2017105557,ゴールドアリュール,マザーロシア,
2017104010,ロージズインメイ,マイネチリペッパー,
2017100292,ワールドエース,エンディアメント,
2017105735,エスケンデレヤ,ウイニングティアラ,
2017102479,シニスターミニスター,シャークサッカー,
2017102015,トゥザワールド,ホクセーメジャー,
2017101861,パイロ,ファービヨンド,
2017102086,エスケンデレヤ,カウントオンミー,
2017103221,タイセイレジェンド,カンタベリーセーラ,
2017100552,スマートファルコン,チャームペンダント,
2017102943,ブラックタイド,レイドフラワー,
2017101159,ルーラーシップ,アイアムカミノマゴ,
2017103879,カジノドライヴ,フォレノワール,
2017103733,ヴァンセンヌ,サクラパピルス,
2017103760,ディープブリランテ,アサクサロータス,
2017104390,トーセンブライト,トーセンウィンドウ,
2017110111,Bullet Train,Sh Sh Shakin',
2017101871,エスポワールシチー,ディアンサス,
2017104441,エイシンフラッシュ,ロッソトウショウ,
2017102785,ヴィクトワールピサ,アブラシオ,
2017106777,トーセンジョーダン,エリモエトワール,
2017101932,ゴールドシップ,マイネエポナ,
2017105530,トーセンホマレボシ,プリモレガーロ,
2017104510,トーセンジョーダン,コフィーチャン,
2017105589,ロードカナロア,モスカートローザ,
2017101898,ゴールドシップ,コスモオヌール,
2017103823,キングズベスト,ピサノバーキン,
2017105554,キズナ,マイスウィートベイビー,
2017100060,フェノーメノ,マダムルコント,
2017106502,アドマイヤマックス,マッキーマドンナ,
2017103772,エピファネイア,アテスウェイ,
2017103288,スピルバーグ,スマーティコジーン,
2017100476,ゴールドシップ,ミルトス,
2017101869,アドマイヤムーン,カラエ,
2017101115,ロードカナロア,ラッキーレディ,
2017101466,エイシンフラッシュ,レディーダービー,
2017101559,グランプリボス,アトムスパンカー,
2017104229,キンシャサノキセキ,キルシュバウム,
2017104542,マツリダゴッホ,エイダイタカラブネ,
2017105519,ダイワメジャー,フローラルグリーン,
2017100469,ヴィクトワールピサ,フローレンスガール,
2017101525,ハービンジャー,シープシャンクス,
2017101345,キズナ,ヒシバラード,
2017110104,Dark Angel,Coolibah,
2017101969,マツリダゴッホ,コスモリリー,
2017101617,キングヘイロー,トニーズメモリイ,
2017106039,アドマイヤマックス,ジェネスジェット,
2017103272,ヴァンセンヌ,キョウエイアン,
2017104480,ジャスタウェイ,ピュアオパール,
2017101669,フリオーソ,テンザンジョイ,
2017102356,エピファネイア,ピクシーチャーム,
2017103807,トーセンホマレボシ,スマイルプライズ,
2017106527,トゥザワールド,スイートトーク,
2017102175,ヘニーヒューズ,ファーストチェア,
2017101348,ゴールドアリュール,プラセンティア,
2017106016,エスケンデレヤ,セトウチソーラー,
2017102892,トビーズコーナー,アクアブルーハート,
2017104314,スクリーンヒーロー,リリアンタイム,
2017101323,クロフネ,ハマナス,
2016104614,ハーツクライ,ホットチャチャ,
2016104868,ディープインパクト,ライラックスアンドレース,
2016105515,ヴィクトワールピサ,フサイチリニモ,
2016102719,ドリームジャーニー,アンルーリー,
2016100742,ナカヤマフェスタ,マイネジャンヌ,
2016103809,ディープブリランテ,エラドゥーラ,
2016100501,ベーカバド,トウカイメガミ,
2016106352,メイショウサムソン,メイショウレッド,
2016102641,グランプリボス,ストリートパレード,
2016104061,エイシンフラッシュ,コマノスクアーロ,
2016105479,キングカメハメハ,サウスティーダ,
2016102259,ハイアーゲーム,リワードクリエン,
2015102565,トランセンド,ナイキステイブル,
2015105172,ロードカナロア,ジョリブロンド,
2016104967,キングカメハメハ,オメガインベガス,
2016102137,ジャスタウェイ,サンフラワーガール,
2015103047,アドマイヤコジーン,リネンパズル,
2016101560,トランセンド,ゲイリークィンビー,
2016104330,ジャスタウェイ,ラプターセイハート,
2016100033,ヘニーヒューズ,レイナカスターニャ,
2016103569,ロードアルティマ,キャンティユッキ,
2015105285,Hard Spun,チアズヒカリ,
2016101598,ダンカーク,ナムラビーム,
2016104877,ハーツクライ,ラリズ,
2015104841,ハーツクライ,スタイルリスティック,
2015102431,スーパーホーネット,トゥファーアウェイ,
2015104970,オルフェーヴル,ブラックエンブレム,
2011101045,スズカフェニックス,ブリイジースズカ,
2013105325,シンボリクリスエス,ディーバ,
2015100098,エスポワールシチー,ボーンザスカイ,
2014102562,エンパイアメーカー,マイグリーン,
2012103540,プリサイスエンド,クイーンオブハルカ,
2014104230,サマーバード,バックアタック,
2016105634,ダンカーク,スイートマカロン,
2015104376,ローエングリン,ステラマリス,
2015103088,ヨハネスブルグ,トウカイポプリ,
2017101431,スクリーンヒーロー,コスモチェーロ,
2017105212,ルーラーシップ,イサベル,
2017105186,エピファネイア,アドマイヤセプター,
2017105232,ダイワメジャー,ヴィヤダーナ,
2017105604,キングカメハメハ,ラストグルーヴ,
2017104478,ハーツクライ,チョコレートリリー,
2017105111,ディープインパクト,スキッフル,
2017100029,スクリーンヒーロー,マヤノマヤ,
2017103666,ハーツクライ,ブロームフォンテン,
2017104784,ノヴェリスト,スカーレットポピー,
2016105200,ハーツクライ,ブルーミンバー,
2016103584,ネオユニヴァース,タイキアヴェニュー,
2016100904,エスポワールシチー,マルティプライ,
2015104554,クロフネ,マルカフレンドリー,
2015109076,ノヴェリスト,エルメスグリーン,
2014103124,スズカフェニックス,ピーチフィズ,
2015106280,シンボリクリスエス,リンガスローレル,
2014106173,ディープインパクト,ミスアンコール,
2017102211,トーセンホマレボシ,エーピーモモ,
2017105478,マジェスティックウォリアー,パンデイア,
2017101784,トランセンド,アルマミーア,
2017100390,ロードカナロア,タピルージュ,
2017103264,ゴールドアリュール,エロージュ,
2017102530,エスケンデレヤ,バイカオウレン,
2017102130,タイムパラドックス,ニシノキュアノス,
2017102329,トゥザグローリー,バイタルクィーン,
2017101547,エイシンフラッシュ,エバーローズ,
2017105671,カジノドライヴ,スカイトラベラー,
2017103125,トーセンホマレボシ,ヤマニンマドレーヌ,
2017102938,クロフネ,リマンドインパクト,
2017106296,グランプリボス,メイショウホノボノ,
2017106568,エピファネイア,エヴァモア,
2017105392,ルーラーシップ,スパークオンアイス,
2017104257,フリオーソ,オーミチェリッシュ,
2017105657,ロードカナロア,ローガンサファイア,
2017100206,スマートファルコン,スウィープデビル,
2017101979,マツリダゴッホ,フェアリーベル,
2017105766,トーセンジョーダン,スリーサンローズ,
2017103416,サウスヴィグラス,ナイキアクトレス,
2017106360,サウスヴィグラス,アイアムネフライト,
2017102771,メイショウボーラー,アバンダンティア,
2017100959,ベルシャザール,クロチェーラ,
2017103575,カレンブラックヒル,ケイアイエーデル,
2017100617,タイムパラドックス,セイカカロブ,
2017105955,ゴールドシップ,ニシノアカツキ,
2017105338,リアルインパクト,シャドウキャスター,
2017100069,ルーラーシップ,ショコラディスコ,
2017105672,クロフネ,ジョリブロンド,
2017105240,ノヴェリスト,エカルラート,
2017100563,トーセンホマレボシ,カレンタントミール,
2017106723,ノヴェリスト,ラブエーヤン,
2017102537,ローズキングダム,エーシンシャイナー,
2017103081,グラスワンダー,サフランパートナー,
2017105201,エピファネイア,アロマティコ,
2017104741,ストロングリターン,コレクターアイテム,
2017101374,ルーラーシップ,タッソーニー,
2017106465,モンテロッソ,シャインスペシャル,
2017102331,ゴールドシップ,ブルーベルベット,
2017110127,Giant's Causeway,Melody Maiden,
2017104570,スピルバーグ,クラウンアスリート,
2017110046,ダンカーク,Fraulein,
2017103573,ロードカナロア,ファビラスタイム,
2017105918,トーセンジョーダン,ダンツスウィフト,
2017100527,アンライバルド,ノーブルウーマン,
2017103210,ワールドエース,アンテプリッツ,
2017103673,ゼンノロブロイ,ローマンクィーン,
2017100166,Liam's Map,トゥトシールールズ,
2017102111,ルーラーシップ,ニシノラフィーネ,
2017104968,スウェプトオーヴァーボード,リトルブレッシング,
2017105660,リアルインパクト,ローズカリーナ,
2017103751,ネオユニヴァース,サクラレーヌ,
2017102518,ヴィクトワールピサ,エバーシャイニング,
2017105971,ディープブリランテ,アドマイヤイチ,
2017105375,ディープインパクト,ジョリージョコンド,
2017103844,ジャングルポケット,メイクヒストリー,
2017103299,ジョーカプチーノ,トーセンイレイシャ,
2017102872,Speightstown,ヴェイパー,
2017100554,タートルボウル,ファミリズム,
2017106424,キンシャサノキセキ,アクティビューティ,
2017104595,アーネストリー,リチュアリスト,
2017102786,クロフネ,コイセヨオトメ,
2016104739,ヴァーミリアン,カラベルラティーナ,
2016105816,ワイルドワンダー,スイートフラッグ,
2016109110,ゼンノロブロイ,ニイガッタメール,
2015102504,スマートファルコン,メジロレーマー,
2015109150,パイロ,ローレルアイ,
2016101157,ヴィクトワールピサ,タッチアス,
2014104537,アドマイヤムーン,ベラミロード,
2015101660,Dubawi,ポップアイコン,
2013103646,キンシャサノキセキ,イソシギ,
2013102295,ディープインパクト,インディアナギャル,
2015104060,ダイワメジャー,メジロジェニファー,
2014102888,ローエングリン,プリンセスドルチェ,
2016104029,ブラックタイド,アースファイヤー,
2016102225,ゼンノロブロイ,セイウンユウカ,
2016100285,ゴールドアリュール,キャッツ,
2014105991,ハーツクライ,スネガエクスプレス,
2014105365,キングカメハメハ,リトルアマポーラ,
2013105744,ステイゴールド,ロマンシエール,
2016105213,ハーツクライ,ベイトゥベイ,
2014103486,ヴァーミリアン,タイキバラード,
2017105649,オルフェーヴル,ロザリンド,
2017104906,ディープインパクト,ブルーミンバー,
2017106125,エピファネイア,ユメノオーラ,
2017103467,エピファネイア,ゴールドチェイス,
2017103839,エピファネイア,ミッキーハナコ,
2017105109,スクリーンヒーロー,シングライクバード,
2017104652,ハービンジャー,アルティメイトラブ,
2017105477,オルフェーヴル,パレスルーマー,
2017103174,オルフェーヴル,イソノスワロー,
2017101160,ダイワメジャー,アドマイヤハッピー,
2017105106,ハーツクライ,サンヴァンサン,
2017104756,キングカメハメハ,サンシャイン,
2017105402,ハーツクライ,セレスタ,
2017105028,ブラックタイド,チェリーフォレスト,
2017105379,ディープインパクト,スウィートリーズン,
2015102750,ヴァーミリアン,エアレモネード,
2014101803,スマートファルコン,ケイアイポップス,
2014102016,ゴールドアリュール,クールグレース,
2015104567,オルフェーヴル,ミセススノー,
2015104243,ストロングリターン,エアウイングス,
2014103389,ディープブリランテ,ケイティーズミスト,
2014105422,ダイワメジャー,ヴェストリーレディ,
2014102329,ファスリエフ,プレシャスエルフ,
2013102841,タイキシャトル,ストロングアゲン,
2017104747,クロフネ,サイレントクロップ,
2017100275,ベルシャザール,サンマディソン,
2017100812,ベルシャザール,デルマプロティナ,
2017101761,モンテロッソ,ラブカーナ,
2017102804,トビーズコーナー,ヨシサプライズ,
2017106431,トゥザグローリー,シャルマンウーマン,
2017106368,ダンカーク,ファンフェア,
2017103427,ストーミングホーム,スタミナスピード,
2017104774,ヴィクトワールピサ,シークレットコード,
2017106435,スマートファルコン,タムロウイング,
2017103846,アグネスデジタル,モノトーン,
2017103127,ディープスカイ,シルクシンフォニー,
2017103596,アグネスデジタル,ワンダーセーハ,
2017102501,ネオユニヴァース,エーシングリフォン,
2017102368,バトルプラン,チアズイーガー,
2017103196,オルフェーヴル,アースリヴィング,
2017105164,ハーツクライ,レックスレイノス,
2017100928,シンボリクリスエス,オレゴントレイル,
2017100626,ゴールドシップ,ゴールデンポケット,
2017106249,ダンカーク,マカロンドナンシー,
2017103060,トーセンジョーダン,ヒシアリエル,
2017106703,キングズベスト,スナークリーズン,
2017101652,スピルバーグ,スーパーマダム,
2017102352,サムライハート,ライボー,
2017100921,エスケンデレヤ,ダブルヨウコ,
2017102992,パイロ,パリサンジェルマン,
2017100228,サウスヴィグラス,ラプリマステラ,
2017101316,ヘニーヒューズ,カーナヴァル,
2017110073,Midnight Lute,Cat's Fair,
2017104591,ベルシャザール,シュガーレディアン,
2017106516,シニスターミニスター,カリオンレディ,
2017103163,マツリダゴッホ,アモーレマテルノ,
2017106350,ベルシャザール,ニシノラメール,
2017103245,フリオーソ,リキアイノキセキ,
2017100308,タニノギムレット,マヤノソーナ,
2017105571,ディープインパクト,ミスアンコール,
2017105459,ディープインパクト,ドントテルソフィア,
2017101747,ディープブリランテ,シャイニングピサ,
2017103801,オルフェーヴル,スターオブサファイア,
2017105372,エピファネイア,ジュベルアリ,
2017106221,スピルバーグ,テンイムホウ,
2017103350,ディープインパクト,クインズプレイヤー,
2017103730,エイシンアポロン,サクラシオン,
2017102558,エピファネイア,クルナコーヴァ,
2017106660,スピルバーグ,キストゥクラウン,
2017103618,ハービンジャー,ストロベリーパフェ,
2017101463,トゥザワールド,ウメノファイバー,
2017106116,トゥザグローリー,シンセツ,
2017106303,ケープブランコ,クリスコンフリクト,
2017102649,リアルインパクト,レインボーデザイア,
2017103331,マツリダゴッホ,ラドランファーマ,
2017104891,ノヴェリスト,フェータルローズ,
2017104202,ジャスタウェイ,ルドラ,
2017102629,トーセンホマレボシ,ジャストザハピネス,
2017109095,スピルバーグ,ブルーモントレー,
2017103721,ジャングルポケット,ソルシエトウショウ,
2017110076,Distorted Humor,Ilikecandy,
2017102011,メイショウボーラー,グリーンオリーヴ,
2017105001,エスケンデレヤ,インクレセント,
2017100327,ロージズインメイ,エレガントソング,
2017105397,マジェスティックウォリアー,スリールドランジュ,
2017105978,タートルボウル,サダムルーティン,
2017100918,ヴァーミリアン,ワイルドポポ,
2017104612,エピファネイア,プントバンコ,
2014105853,ディープインパクト,エレンウィルモット,
2015104890,ステイゴールド,ディアジーナ,
2014106196,ディープインパクト,ラシャルマンテ,
2016105247,ローエングリン,ミスティックリバー,
2015104198,ハービンジャー,アイアムマリリン,
2016106169,ディープブリランテ,チャチャリーノ,
2016100881,ルーラーシップ,ショウナンマハ,
2014105017,ディープブリランテ,ヴェルナッツァ,
2014103268,サムライハート,アッチッチ,
2015103524,Hard Spun,ドリームキセキ,
2013103395,ヴィクトワールピサ,レッドクローシュ,
2016101770,ナカヤマフェスタ,アドマイヤイチ,
2015102003,Hard Spun,ウイングオブピース,
2015101624,Cape Cross,セレニティスター,
2016102368,プリサイスエンド,ノートルアンジュ,
2016100762,タイムパラドックス,ミスジョーカー,
2016103906,ディープブリランテ,エバーグレーズ,
2016103409,タイムパラドックス,ホウライビクトリア,
2014100542,ファスリエフ,プリンセスミラクル,
2016106077,エイシンフラッシュ,ハローアゲイン,
2014103367,ネオユニヴァース,テンイムホウ,
2015106499,ヴィクトワールピサ,メイショウセイカ,
2016102550,ジャングルポケット,オリヴェット,
2014105756,ハーツクライ,ルミネンス,
2014106104,ケープブランコ,フラーテイシャスミス,
2015105106,ハーツクライ,ロレットチャペル,
2015103875,モンテロッソ,デイドリーマー,
2013105722,ハーツクライ,ルンバロッカ,
2015104157,キングカメハメハ,レジネッタ,
2016102312,タートルボウル,ポーシア,
2016104855,Kingman,マンビア,
2014100159,ダイワメジャー,タッソーニー,
2013105594,ハービンジャー,ピクシーダスト,
2017104637,ディープインパクト,アヴニールセルタン,
2017106387,キズナ,スマートオーシャン,
2017102822,キズナ,ホワイトアルバム,
2017102510,キンシャサノキセキ,エンブレイス,
2017104691,ロードカナロア,エミーズスマイル,
2017104970,ルーラーシップ,リボントリコロール,
2017102566,カレンブラックヒル,アポロフィオリーナ,
2017105429,ワールドエース,ティッカーコード,
2017104994,ゼンノロブロイ,ローズカットダイヤ,
2017106612,ディープインパクト,レディオブオペラ,
2017104963,ディープインパクト,ラブーム,
2017104103,ディープインパクト,トレノエンジェル,
2017105572,キングカメハメハ,ミスエーニョ,
2017106198,ディープスカイ,アドマイヤドレス,
2015104321,ディープインパクト,ゴジップガール,
2016104023,トランセンド,クリムゾンルージュ,
2014105748,ディープインパクト,ララア,
2015105928,ルーラーシップ,ダイワジャンヌ,
2015104471,ヴィクトワールピサ,バルドネキア,
2016104378,ノヴェリスト,プラージュ,
2016103481,リーチザクラウン,ジョウノベネチア,
2015102644,カフェオリンポス,カフェローレル,
2014103377,ルーラーシップ,メロウメロディ,
2016102450,ヴィクトワールピサ,キャメロンガール,
2014106148,シンボリクリスエス,マギストラ,
2014105545,ゼンノロブロイ,スペシャルポケット,
2017104317,アイルハヴアナザー,ワイメアビーチ,
2017103334,ヘニーヒューズ,ルミナスレッド,
2017100862,ベーカバド,ユニバーサルビーチ,
2017100283,サンライズペガサス,ラウンドガール,
2017106574,ヴィクトワールピサ,コスモポリタン,
2017104197,エピファネイア,プレザントブリーズ,
2017104751,タートルボウル,サトノレジーナ,
2017105736,モンテロッソ,ゲイリークィンビー,
2017104177,ジョーカプチーノ,キュートアゲン,
2017103454,エスポワールシチー,ウディバードソング,
2017101067,スズカコーズウェイ,アイシースズカ,
2017103529,ワールドエース,プリティブルーム,
2017100235,タニノギムレット,クラウンビション,
2017105058,ロードカナロア,レジネッタ,
2017105730,エスケンデレヤ,ミステリアスガール,
2017101168,エピファネイア,サクセスフィリア,
2017102089,カネヒキリ,クイーンカアフマヌ,
2017101568,スターリングローズ,バブルガムパレス,
2017102858,エイシンフラッシュ,フクシア,
2017101428,スクリーンヒーロー,コスモカラーズ,
2017104133,キズナ,カネスラッゾ,
2017106587,ヴィクトワールピサ,タッチII,
2017103107,ストロングリターン,シンプリシティー,
2017102758,フリオーソ,モエトレゾール,
2017100108,ブラックタイド,エールドクラージュ,
2017101537,エスケンデレヤ,スタートラッカー,
2017110177,Fastnet Rock,Cavalry Rose,
2017110169,City Zip,Alpha Centauri,
2017101034,モンテロッソ,ドレスアップ,
2017110021,Night of Thunder,Dayrose,
2017106575,ダイワメジャー,ゴールデンイエラ,
2017104862,ローエングリン,パイクスピーク,
2017109072,スクワートルスクワート,タカネナデシコ,
2017100807,ワークフォース,オープンアップ,
2017103122,タートルボウル,ヤマニンアリエル,
2017104270,アドマイヤムーン,リーベストラウム,
2017105644,ハービンジャー,レネットグルーヴ,
2017105785,エイシンフラッシュ,リメンバーメジロ,
2017105825,ストーミングホーム,メイケイソフィア,
2017100891,ディープインパクト,ハイタッチクイーン,
2017101612,ワールドエース,オブザーヴァント,
2017105674,グランプリボス,エンゼルカロ,
2017106770,ルーラーシップ,スモーキーヴォイス,
2017105484,エピファネイア,ヒストリックレディ,
2017103308,マツリダゴッホ,パリージョ,
2017104175,フェノーメノ,ヒロアンジェロ,
2017105108,キズナ,シェアザストーリー,
2017102030,キズナ,アリー,
2017105706,ロージズインメイ,シャンパンセラー,
2017105135,オルフェーヴル,フォルテピアノ,
2016103041,ハーツクライ,アルレシャ,
2016102615,English Channel,ジュエルボックスII,
2015100157,ステイゴールド,ロゼッタ,
2016104387,ハービンジャー,レクレドール,
2016100255,スクリーンヒーロー,フリーヴァケイション,
2015104876,ルーラーシップ,チアズメッセージ,
2014110098,ザファクター,Broadway Lullaby,
2015104702,ロードカナロア,ヴィートマルシェ,
2016101917,ダンカーク,コウヨウルビー,
2016110023,ルーラーシップ,オルダニー,
2015105056,ステイゴールド,ラトーナ,
2014102033,ダノンシャンティ,ダノンボンジュール,
2016101035,ジャスタウェイ,ジューシージーン,
2014106214,ハーツクライ,リップスポイズン,
2015103013,ロードカナロア,レッドサーガ,
2016103017,フィガロ,ミスリンディ,
2015104641,ゴールドアリュール,アウトオブタイム,
2013104137,サウスヴィグラス,スズカシャンティー,
2015104671,ルーラーシップ,アメジストリング,
2016104549,キングカメハメハ,ディアデラノビア,
2015104689,ディープインパクト,ウィンターコスモス,
2014106038,ハーツクライ,トゥーピー,
2015104713,ハーツクライ,エリドゥバビロン,
2014101558,ステイゴールド,リヴィアローズ,
2015101654,ステイゴールド,ブリクセン,
2013103582,ハービンジャー,スズカローラン,
2017105376,ディープインパクト,ジンジャーパンチ,
2017104232,サムライハート,サイレントベッド,
2017105525,エピファネイア,ブルーダイアモンド,
2017100091,ディープインパクト,レジェトウショウ,
2017105038,キングカメハメハ,ハイリリー,
2017106366,ワークフォース,カネトシガーネット,
2017110066,Tapit,Screen Goddess,
2014101808,アグネスデジタル,ホッコーエクレール,
2015103384,ダノンシャンティ,ルックアミリオン,
2015101152,アポロキングダム,シャインセレブ,
2016105132,スウェプトオーヴァーボード,ドルチェメンテ,
2015105136,フリオーソ,フクウマ,
2015101243,フリオーソ,ナナリー,
2014100120,キングヘイロー,クリノニケ,
2016101473,ロードアルティマ,ステッバイステップ,
2016105071,キャプテントゥーレ,ステイアライヴ,
2016102242,ノボジャック,ランディスティニー,
2017103930,カジノドライヴ,マイティーボタン,
2017100940,スウェプトオーヴァーボード,スローライフ,
2017102918,エスケンデレヤ,タワーライトブルー,
2017105673,タニノギムレット,プリティーピュティ,
2017106638,スウェプトオーヴァーボード,シェーンブリッツ,
2017101598,リアルインパクト,フォクシーレッグス,
2017103186,アンライバルド,ポーラーシェーン,
2017104731,ルーラーシップ,クリスティロマンス,
2017103162,エスポワールシチー,ラブインザミスト,
2017100333,ワールドエース,ノボキッス,
2017104350,トゥザワールド,ラブカテリーナ,
2017106286,マジェスティックウォリアー,キングスベリー,
2017109024,ウインバリアシオン,エプソムアイリス,
2017104958,スクリーンヒーロー,ライブリーチューン,
2017109062,メジロベイリー,ラナイダンス,
2017102282,フリオーソ,エレガントフラッグ,
2017101338,フリオーソ,オータムカラー,
2017104866,ワークフォース,パドパピヨン,
2017103235,エイシンフラッシュ,サクラカンパネラ,
2017102046,キズナ,フルマークス,
2017104982,スピルバーグ,レッドガナドーラ,
2017101912,ゴールドシップ,ストークアンドレイ,
2017106236,ゴールドシップ,オーシャンルミナス,
2017105722,ハーツクライ,ユニバーサル,
2017101436,ゴールドシップ,サクセスストレイン,
2017101201,キズナ,シャインプレジャー,
2017105322,メイショウサムソン,サトノフローラ,
2017101935,キングカメハメハ,マイネカンナ,
2017105588,ディープインパクト,モシーン,
2017104242,トーセンラー,ヌングロース,
2017102121,ハービンジャー,リップル,
2017103279,アイルハヴアナザー,サイレンスブランド,
2017106068,ディープブリランテ,シャドウエルフ,
2017100791,シングンオペラ,アルコシエロ,
2017103273,ジャスタウェイ,キョウエイハツラツ,
2017105594,キンシャサノキセキ,ライクザウインド,
2017104234,キングズベスト,スズノネイロ,
2017101212,クロフネ,ノードブライティア,
2017109019,リアルインパクト,ドリーミングバード,
2016103647,ベルシャザール,ウイッチ,
2016101710,サウスヴィグラス,スイングサンデー,
2012100085,ファスリエフ,ファインレディー,
2014102618,アイルハヴアナザー,ハートノイヤリング,
2016102722,プリサイスエンド,カルブンクルス,
2016100216,ダンカーク,チャームキャップ,
2016100422,ネオユニヴァース,プリンセスメーカー,
2016100327,ヘニーヒューズ,マリブウィン,
2015100116,ローレルゲレイロ,トーホウドレス,
2016104982,ハーツクライ,カウアイレーン,
2016102055,トゥザグローリー,マイホープ,
2016104444,ロードカナロア,オークヒルパーク,
2015105858,シニスターミニスター,コペノイコロ,
2015102217,オルフェーヴル,レッドボナンザ,
2016105137,クロフネ,ニフティハート,
2016101305,アドマイヤマックス,ベルモントデーンズ,
2014103643,タイキシャトル,アドマイヤディア,
2016105367,ディープインパクト,キトゥンカブードル,
2016105013,ディープインパクト,コージーロージー,
2014100726,アイルハヴアナザー,マイネカンナ,
2016104149,ロジユニヴァース,リリーオブザナイル,
2016103895,クロフネ,ワンサイドゲーム,
2015103452,ロードカナロア,ギンザボナンザ,
2016104656,ルーラーシップ,ラルケット,
2015104913,ディープインパクト,ナイトマジック,
2016104451,ダンカーク,カールファターレ,
2013105858,ステイゴールド,クーデグレイス,
2012101430,ステイゴールド,ポップコーンプリンセス,
2013104852,ネオユニヴァース,ホーマンピクシー,
2015104408,ハービンジャー,ダノンフローラ,
2015100747,ステイゴールド,マイネトゥインクル,
2014105850,クロフネ,エルダンジュ,
2014101318,カネヒキリ,メイプルウィリング,
2014105063,ストリートセンス,ラストアロー,
2013101969,スパイキュール,ベルモントフェリス,
2015106156,エンパイアメーカー,サウンドバイト,
2015100106,キャプテントゥーレ,フェニックスワン,
2013104818,キングカメハメハ,フューチャサンデー,
2014103266,サマーバード,メイショウフクヒメ,
2014104332,フリオーソ,スキャニングジョイ,
2014101180,シニスターミニスター,エターナルロマンス,
2012103624,フレンチデピュティ,キョウエイトルース,
2012100627,ステイゴールド,レッドスレッド,
2015104830,エイシンフラッシュ,ジェシカ,
2013100057,エンパイアメーカー,ナムラシゲコ,
2017105563,ダイワメジャー,マラコスタムブラダ,
2017105409,オルフェーヴル,タイタンクイーン,
2017105406,タートルボウル,ソムニア,
2017105469,キンシャサノキセキ,ハワイアンウインド,
2017105541,オルフェーヴル,ベルベットローブ,
2017101423,スクリーンヒーロー,グレートキャティ,
2017105194,ディープインパクト,アパパネ,
2017105281,クロフネ,ガラアフェアー,
2017104068,レッドスパーダ,チラリ,
2017104172,ロードカナロア,ラルティスタ,
2017105298,ディープインパクト,クロウキャニオン,
2017104753,ディープインパクト,サプレザ,
2017105181,キングカメハメハ,アディクティド,
2017100661,ストロングリターン,プリンセスプライド,
2017102037,リアルインパクト,ソウタツ,
2017102105,リーチザクラウン,ニシノステディー,
2012102848,パイロ,グランドホイッスル,
2014105439,ダイワメジャー,エールスタンス,
2015101512,タイムパラドックス,キョウエイデビュー,
2014104753,キングヘイロー,ジェミーブロッサム,
2017109160,スクワートルスクワート,クサナギノツルギ,
2017106035,マジェスティックウォリアー,ビーナスライン,
2017102525,シニスターミニスター,ディヴォーション,
2017106298,ケイムホーム,エイシンサーメット,
2017104476,キンシャサノキセキ,クイーンオブナプレス,
2017104710,パイロ,オーラレガーレ,
2017102435,ジャスタウェイ,クリーミーボイス,
2017103309,Dark Angel,ビーコンターン,
2017103444,ショウナンカンプ,ミサトサンデー,
2017100395,エピファネイア,ツルマルハロー,
2017101420,アイルハヴアナザー,ウインミューズ,
2017100684,トランセンド,ベルゲン,
2017110140,Flatter,Luster,
2017104541,ロジユニヴァース,リリーオブザナイル,
2017104645,ゴールドアリュール,アナモリ,
2017103158,ゴールドアリュール,ナンヨーナイト,
2017100815,キャプテントゥーレ,マダムブランシェ,
2017101701,トーセンジョーダン,シゲルイブキヤマ,
2017104533,メイショウボーラー,リズミカルステップ,
2017102600,アドマイヤムーン,シンワクイーン,
2017103424,カジノドライヴ,アグネスバラード,
2017100533,ストロングリターン,カレイカルロッタ,
2017102803,シニスターミニスター,ミズホユウセイ,
2017103623,トーセンジョーダン,メルティーキス,
2017106506,トーセンラー,イケトップクイーン,
2017104779,スピルバーグ,ジプシーハイウェイ,
2017102932,メイショウサムソン,ホッコーティアラ,
2017101626,アドマイヤムーン,レスティヴコマンダ,
2017106738,トーセンジョーダン,エクセレントブルー,
2017105621,スクリーンヒーロー,リュシオル,
2017102100,ゴールドシップ,テキスタイル,
2017102705,マツリダゴッホ,ファルファラ,
2017104239,ゴールドシップ,ディアナムラ,
2017102265,キズナ,ポリリズム,
2017104507,ヘニーヒューズ,リュウメイ,
2017102110,カジノドライヴ,ニシノモンクス,
2017100861,ヘニーヒューズ,ホウヨウターゲット,
2017100050,アイルハヴアナザー,マルターズヒート,
2017105632,キンシャサノキセキ,レジェンドトレイル,
2017101162,ノヴェリスト,ウォンビーロング,
2017103942,キズナ,アーリースプリング,
2017105359,ゴールドアリュール,シークレットルーム,
2017104359,ヒルノダムール,セイウンクロエ,
2017101918,タートルボウル,ネオザミスティック,
2017104454,トーセンジョーダン,サワヤカムスメ,
2015103277,バトルプラン,ステラーホープ,
2016101444,マツリダゴッホ,カネショウフェアー,
2016105718,スズカコーズウェイ,ユメザンマイ,
2014102640,バトルプラン,チキリランバダ,
2016102323,バトルプラン,ファスキナーレ,
2016103250,ジャングルポケット,クリアソウル,
2016104225,ディープブリランテ,ピンクプルメリア,
2016104681,ブラックタイド,ロッシェノワール,
2014105250,キングカメハメハ,イングリッド,
2016104926,ヴィクトワールピサ,イマーキュレイトキャット,
2014101029,ブレイクランアウト,ウェディングフジコ,
2015105852,アドマイヤコジーン,サクラナスカ,
2015102377,ロードカナロア,スピニングワイルドキャット,
2015105064,ロードカナロア,ラルケット,
2016104787,ロードカナロア,スペシャルグルーヴ,
2014103751,ダイワメジャー,ラブレター,
2013104230,アドマイヤムーン,オブザーヴァント,
2013103817,アドマイヤムーン,リーベストラウム,
2015101621,Raven's Pass,スノーパイン,
2015100635,ディープインパクト,ルシュクル,
2013100332,ダイワメジャー,ゴーカロライナ,
2014105982,マンハッタンカフェ,スタイルリスティック,
2015105974,ルーラーシップ,ルルパンブルー,
2016104874,ロードカナロア,ラドラーダ,
2014102002,ゴールドアリュール,ロイヤルティアラ,
2015100130,シンボリクリスエス,ペニーウエイト,
2017104171,パイロ,モストリマーカブル,
2017106609,アドマイヤムーン,ラファダリ,
2017106499,ダンカーク,ケイティーズジェム,
2017102515,キズナ,Sweet Win,
2017100463,ネオヴァンドーム,ネオジェイズレーヌ,
2017102299,トーセンジョーダン,ジニオマッジョーレ,
2017103450,スウェプトオーヴァーボード,シルクプレアデス,
2017106233,Ultimate Eagle,レベッカ,
2017105020,スクリーンヒーロー,ジョシュズマデリン,
2017102233,カネヒキリ,マスターギラティナ,
2017100659,キングズベスト,ヒカルトキメキ,
2017102727,グランデッツァ,ハロースピード,
2017100730,キズナ,サクセスウイッチ,
2017100324,ダノンシャンティ,ユーロペ,
2017101491,アポロキングダム,スカイワード,
2017102307,カジノドライヴ,スターオブジェンヌ,
2017105926,ダンカーク,ハナズジャンプ,
2017100367,ロードカナロア,サトノエカテリーナ,
2017100126,エイシンフラッシュ,レッドストリング,
2017104726,エイシンフラッシュ,クイーンアイリス,
2017104252,アイルハヴアナザー,ヴァップ,
2017102690,ハービンジャー,ゴットサーガ,
2017101145,キングズベスト,スワンソング,
2017103883,ワールドエース,スレバルナ,
2017101875,トーセンラー,グリーンヒルマック,
2017100581,アンライバルド,ファーマペニー,
2017105703,トランセンド,シップスログ,
2017100627,ゴールドシップ,セカンドノホシ,
2017105253,タートルボウル,エルミラドール,
2017105579,ディープインパクト,ミュージカルロマンス,
2016100317,ヘニーヒューズ,ヤサシイキモチ,
2015101491,ディープブリランテ,スイートピグレット,
2015106502,ディープスカイ,シーキングドーラ,
2016102996,キングヘイロー,ハイマーク,
2013103963,エンパイアメーカー,タニノカリス,
2016104526,スクリーンヒーロー,スーヴェニアギフト,
2016104894,ジャスタウェイ,ワナダンス,
2015101716,ゴールドヘイロー,プランタンシャルム,
2015100043,バトルプラン,ドクターベローナ,
2015101929,ブラックタキシード,テールバインダー,
2014100059,キングヘイロー,フーガフューグ,
2015101682,New Approach,ローズトレイル,
2016100945,ロードカナロア,ゴールドカルラ,
2016101053,ダノンバラード,シルバーインゴット,
2015105077,ダイワメジャー,リリサイド,
2014105531,ダノンシャンティ,ジャストジョーイ,
2016104768,ディープインパクト,シユーマ,
2016106395,ディープインパクト,エリモハルカ,
2013102271,サムライハート,カワキタラブポップ,
2015106065,ヴァーミリアン,エターナルサーガ,
2016104352,ルーラーシップ,キストゥヘヴン,
2015104952,ホワイトマズル,ファーストチェア,
2015105013,ダイワメジャー,マネーキャントバイミーラヴ,
2015105501,ルーラーシップ,チャームウィーク,
2016109007,オルフェーヴル,メイシャイン,
2017100378,デクラレーションオブウォー,ジェラスキャット,
2017100024,オルフェーヴル,ショウナンマオ,
2017105246,ロードカナロア,エノラ,
2017105555,ゴールドアリュール,マイティースルー,
2017105533,ノヴェリスト,プリームス,
2017110088,Into Mischief,Bellini Sunrise,
2017101109,マジェスティックウォリアー,スズノメヒョー,
2017102543,スマートファルコン,ツルマルローズ,
2017103482,ヘニーヒューズ,ダッシングハニー,
2017105196,ダイワメジャー,アピールII,
2015104961,ロードカナロア,フサイチパンドラ,
2015104322,ディープインパクト,サウンドバリアー,
2015104765,ハービンジャー,クロノロジスト,
2015104387,ロードカナロア,セコンドピアット,
2016104867,ディープインパクト,ライフフォーセール,
2016102775,ダイワメジャー,ムーンライトベイ,
2016104648,ディープインパクト,ラヴズオンリーミー,
2016104829,クロフネ,フサイチエアデール,
2015104796,ディープインパクト,ザズー,
2015104126,ディープインパクト,ビートリックスキッド,
2016104880,ディープインパクト,リッチダンサー,
2015100600,ヴィクトワールピサ,ヴェントス,
2015106187,ロードカナロア,エイジアンウインズ,
2014106280,ディープインパクト,ミスペンバリー,
2016105276,オルフェーヴル,ララア,
2013105495,フレンチデピュティ,ジャドール,
2013101259,エンパイアメーカー,アラマサダンサー,
2014103607,プリサイスエンド,ヴァップ,
2013103993,マツリダゴッホ,プレシャスドロップ,
2016110148,ザファクター,Cabaret Starlet,
2014110070,More Than Ready,Niagara Falls,
2015104582,ハービンジャー,モルトフェリーチェ,
2015100852,リーチザクラウン,テキスタイル,
2015104066,ノヴェリスト,メジロマリアン,
2014102254,ハーツクライ,セカンドノホシ,
2015105550,サムライハート,フォーカルスター,
2013104030,ヴァーミリアン,ジュエリークイーン,
2016103641,ベーカバド,ゲストアスリート,
2013101162,ステイゴールド,シャドウシルエット,
2013103777,ドリームジャーニー,エレガントトーク,
2014104957,ネオユニヴァース,ソーゴル,
2012104466,マンハッタンカフェ,リトルディッパー,
2017106429,キズナ,サーストンララア,
2017103943,ハタノヴァンクール,クツワホームラン,
2017105266,アンライバルド,カツラドライバー,
2017109068,アルデバランII,マイベストスター,
2017103325,スマートファルコン,ムーニーポンズ,
2017105755,トゥザグローリー,バレーダンシング,
2017109162,モンテロッソ,マンハッタンガビー,
2017101041,スマートファルコン,シンクスマイル,
2017104326,トランセンド,プリティスター,
2017101795,ブラックタイド,ガラッシアファータ,
2017105750,エスケンデレヤ,スプリングミント,
2017105552,ストリートセンス,ポルケテスエーニョ,
2017105070,ヴァンセンヌ,アルーリングアクト,
2017102151,エスポワールシチー,タカヒロチャーム,
2017102425,ダノンシャンティ,ジャジャマーチャン,
2017103361,ワンダーアキュート,タマモエスカルゴ,
2017106512,メイショウボーラー,トップキララ,
2017110128,スニッツェル,Politeness,
2017104182,ジャングルポケット,エカポールパンダ,
2017106082,カフェラピード,イグナイトカフェ,
2017100402,ディープブリランテ,バーグドール,
2017104349,エピファネイア,フォルラーヌ,
2017100941,ディープブリランテ,タヤスブルーム,
2017104041,タニノギムレット,デュエット,
2017101610,トゥザワールド,チュウオーサーヤ,
2017104377,トーセンファントム,カネトシコンサイス,
2017101953,グラスワンダー,マイネポリーヌ,
2017110075,Maclean's Music,Toula,
2017104984,ハーツクライ,レッドレイチェル,
2018101617,マツリダゴッホ,ウインアルテミス,
2018105232,モーリス,ブエナビスタ,
2018100302,ストロングリターン,ワニタレスタリ,
2018105673,エイシンフラッシュ,トーセンベニザクラ,
2018102723,ドゥラメンテ,フィールグリュック,
2018106597,プリサイスエンド,オーミチェリッシュ,
2018110085,Curlin,Date to Remember,
2018104415,ジョーカプチーノ,マイネベリンダ,
2018104788,モーリス,マスクオフ,
2018103832,ドゥラメンテ,ミスホーユー,
2017104442,トーセンファントム,ワルツオブキャット,
2017103825,ルーラーシップ,ピースオブワールド,
2017104744,ゴールドアリュール,コーンドリー,
2017104903,スウェプトオーヴァーボード,ブラックアテナ,
2017100079,キズナ,ヴィーナスコロニー,
2017102832,マジェスティックウォリアー,アメリカーナ,
2017103840,カジノドライヴ,ミラクルガール,
2017103963,トゥザワールド,シルクシャンゼリゼ,
2017103693,フェノーメノ,フレイムミーティア,
2017101704,スマートファルコン,トウカイアンジュ,
2017105032,タートルボウル,ディミータ,
2017103430,グラスワンダー,イルドロール,
2017110173,First Samurai,Kitten's Peak,
2016104243,クロフネ,ルージュクール,
2017102645,プリサイスエンド,ケージーハッピー,
2017100560,ジャングルポケット,フィールザファン,
2016105206,ディープインパクト,プリンセスオブシルマー,
2015101679,キングズベスト,レリッシュザソート,
2016101490,ジャスタウェイ,アポロティアラ,
2016102020,ダンカーク,グレインライン,
2016103767,エンパイアメーカー,ブラボーデイジー,
2017101915,ゴールドシップ,トウホクビジン,
2017106225,ケープブランコ,ヒラボクキャロル,
2017106441,スピルバーグ,ミュージー,
2014105709,ジャングルポケット,マンハッタンフィズ,
2016102038,ロードカナロア,レッドシェリール,
2016104523,ルーラーシップ,スパークオンアイス,
2016100695,ナカヤマフェスタ,コスモクラッベ,
2017105140,クロフネ,プリンセスゴールド,
2016102184,トーセンホマレボシ,メイショウアルペン,
2015100509,ルーラーシップ,キープクワイエット,
2016100993,ディープブリランテ,ドリームプレイ,
2014101889,スクリーンヒーロー,デラセーラ,
2015101826,ハーツクライ,イースタリーブリーズ,
2017105233,ロードカナロア,ヴィラ,
2016105797,レッドスパーダ,コウユーヒカリママ,
2016103415,オルフェーヴル,ショウナンサリーレ,
2012102359,サクラプレジデント,サムシングナイス,
2016102276,ダノンバラード,ミステリューズ,
2014101985,ハーツクライ,ホワイトヴェール,
2014103298,フリオーソ,エルベレス,
2016100846,クロフネ,サルサクイーン,
2014103434,ゴールドアリュール,ストーリーテリング,
2016105433,ヘニーヒューズ,ウエスタンデンコー,
2013103189,ファルブラヴ,シアワセナンダッケ,
2016105305,エイシンフラッシュ,ロマンシングジェム,
2013101632,メイショウサムソン,シルクヴァルキリー,
2015100384,ゴールドアリュール,フォクシーレッグス,
2016100047,スマートファルコン,ベルモントエルメス,
2017105542,スクリーンヒーロー,ペイトンドーロ,
2017100674,キズナ,クイックセイコー,
2017102437,キングカメハメハ,ブロードチョイス,
2017102087,トランセンド,カズサクション,
2017104123,ナカヤマフェスタ,キズナII,
2017100095,リアルインパクト,アスール,
2017100818,オンファイア,ワイメア,
2017101703,ジャスタウェイ,ジプシーマイラブ,
2017105148,スクリーンヒーロー,ミセススノー,
2017101985,アイルハヴアナザー,コスモキララ,
2017101276,アサクサキングス,イシノウォーニング,
2017105112,オルフェーヴル,ストライキングアイ,
2017101018,ワークフォース,ワンダービリーヴ,
2017104207,シニスターミニスター,テレキネシス,
2017101569,ヘニーヒューズ,アクイレジア,
2017104560,ロージズインメイ,ヒカルダイヤモンド,
2017103714,フェノーメノ,ビジューブリアン,
2017105176,キンシャサノキセキ,アコースティクス,
2017106601,キングズベスト,フレンチアウル,
2017101931,スクリーンヒーロー,マイネエスポワール,
2017109048,リアルインパクト,ゲーリックダンス,
2017105068,エピファネイア,アナンジュパス,
2017103108,トーセンラー,ジュエルボックスII,
2017100523,ゴールドシップ,スイートプラド,
2017101649,ワークフォース,メモリーオブハース,
2018105179,ディープインパクト,バラダセール,
2018104086,キズナ,ダイワジャンヌ,
2018105004,スクリーンヒーロー,クイーンビーII,
2018100924,キズナ,オリジンファースト,
2018105485,エイシンフラッシュ,エスプリドパリ,
2018101673,ロージズインメイ,ハーツブラッド,
2018105672,トーセンラー,トーセンプリモ,
2018105230,モーリス,フレンチバレリーナ,
2018104743,ルーラーシップ,ファイブスター,
2018104471,ダイワメジャー,アートスタジオ,
2018105445,メイショウボーラー,ミュゲドボヌール,
2018106569,ホッコータルマエ,エナジーハート,
2018106613,ディスクリートキャット,ローブドヴルール,
2018103022,エピファネイア,シシャモチャン,
2018102000,ディープスカイ,マンイーター,
2018103354,ミッキーアイル,クリノクロフネ,
2018100261,タニノギムレット,クラウンビション,
2018106568,パイロ,イトククリ,
2018105674,トーセンロレンス,トーセンベルファム,
2018105346,ロードカナロア,リュラ,
2018102716,トランセンド,オナーリーブ,
2018106807,ジャングルポケット,ツーソックス,
2018101731,グランプリボス,ハートヴァイン,
2017104999,クロフネ,アルアマーナ,
2015102956,オルフェーヴル,プリティウイッチ,
2016105497,スクリーンヒーロー,タマヒカル,
2016104603,キングカメハメハ,ブルーメンブラット,
2016103732,ノヴェリスト,ピュアゴシップ,
2017101152,ヨハネスブルグ,プレギエーラ,
2016102162,ディープインパクト,ジェラスガール,
2016105038,ワークフォース,シャイニンググラス,
2016104860,ロードカナロア,モアザンセイクリッド,
2016104758,ハービンジャー,サトノジュピター,
2016100628,サウスヴィグラス,カクテルラウンジ,
2016100799,オルフェーヴル,ストーミーウェザー,
2016101871,ケープブランコ,チャームポット,
2013103006,スウェプトオーヴァーボード,スローアキッス,
2016101968,ゴールドヘイロー,スモーキークォーツ,
2016104563,キングカメハメハ,ハッピーパス,
2015106379,ハーツクライ,マーゼリン,
2016110106,Exceed And Excel,Allegrezza,
2015102824,クロフネ,メイショウユウダチ,
2016104952,ノヴェリスト,エオリアンハープ,
2016102614,トビーズコーナー,シスターエレキング,
2015102246,クロフネ,ラブリーアリュール,
2015101447,エイシンフラッシュ,ホーネットピアス,
2013106025,ディープインパクト,ビワハイジ,
2014101023,フレンチデピュティ,エターナルシャイン,
2016104532,ディープインパクト,タピッツフライ,
2015104688,ステイゴールド,ウィルパワー,
2016104422,ダイワメジャー,ヴィアメディチ,
2016102179,ディープインパクト,マイグッドネス,
2014105258,ハービンジャー,オリエントチャーム,
2015110096,Scat Daddy,Trusty Lady,
2015102367,ディープインパクト,インディアナギャル,
2016103774,ゴールドアリュール,リントス,
2015100894,ヘニーヒューズ,ゼフィランサス,
2016100617,ヘニーヒューズ,プリティメイズ,
2015105052,ディープインパクト,ラッシュラッシーズ,
2016106425,サウスヴィグラス,ラヴィングサンデー,
2016102617,スウェプトオーヴァーボード,チャプレット,
2014104962,カネヒキリ,ナムラカエデジョウ,
2016104335,ルーラーシップ,リープオブフェイス,
2015103124,ブラックタイド,フミノオリヒメ,
2015103419,モンテロッソ,クレバーダンス,
2016100955,スクリーンヒーロー,インシスト,
2014102096,ネオユニヴァース,メイショウデンコー,
2016102964,ベルシャザール,フルーリー,
2015101785,リーチザクラウン,ニシノマザーアース,
2016103545,モンテロッソ,ラブリーアイ,
2015102586,ダイワメジャー,リキサンピュアティ,
2015104557,ネオユニヴァース,マルバイユ,
2016100168,キャプテントゥーレ,リンダトリアーノ,
2015102746,ロードカナロア,レディインラヴ,
2017101874,ルーラーシップ,オウシュウフリート,
2017104087,ローエングリン,リーガルデイム,
2017103875,パイロ,ハッピーヴァリュー,
2017102268,サムライハート,テイエムオーカン,
2017105838,フサイチセブン,プリンセスネージュ,
2017100645,メイショウサムソン,マサノミストレス,
2017103977,トゥザワールド,ナムラオツウ,
2017100449,ゴールドアリュール,レッドプライム,
2017100749,ディープブリランテ,キョウエイラハイナ,
2017105928,ローレルゲレイロ,プラチナループ,
2017104803,ベルシャザール,ソングフォーミー,
2017100573,アンライバルド,ビービーシグナス,
2017101625,アスカクリチャン,ジャムトウショウ,
2017103305,ハービンジャー,ハッピーダイアリー,
2017101781,ヴィクトワールピサ,ヤマニンリップル,
2017101255,ヘニーヒューズ,アラフネ,
2017103701,アドマイヤムーン,アフィニティ,
2017106020,トランセンド,ドゥジエムシャンス,
2017106590,ジャスタウェイ,ディスメイ,
2017104949,ダイワメジャー,ミルシャイナー,
2017102775,ヘニーヒューズ,ボンジュールメロン,
2017105121,シンボリクリスエス,トリノレージョ,
2017104463,エイシンフラッシュ,バアゼルザウバー,
2017100569,ノヴェリスト,メイショウシオギリ,
2018103920,Frankel,トゥアーニー,
2018104409,ネオユニヴァース,クイーンオブハルカ,
2018104644,ミッキーアイル,スターシップトラッフルズ,
2018100326,ミュゼスルタン,ハンナ,
2018102052,バゴ,スーリール,
2018102382,ホッコータルマエ,メロークーミス,
2018105111,ミッキーアイル,スーヴェニアギフト,
2018102292,アポロキングダム,ニシノモンクス,
2018103196,トゥザグローリー,カイロローズ,
2018104396,リアルインパクト,マヤノヴァイオラ,
2018102293,ブラックタイド,ハワイアンスマイル,
2018100294,マコトスパルビエロ,トシザサンサン,
2018106607,ホッコータルマエ,ポロロッカ,
2017100044,モンテロッソ,ハピネスフォーユー,
2017110106,ストリートセンス,Heywards Park,
2017110064,Tapit,Smart Surprise,
2017104201,オルフェーヴル,ラグジャリー,
2017104629,ルーラーシップ,メジロミドウ,
2017104264,モンテロッソ,ファンアットコート,
2017101951,オルフェーヴル,マイネプリンセス,
2017104605,ダノンシャンティ,アルバローズ,
2017100777,エイシンフラッシュ,レディーファースト,
2017106150,ナカヤマフェスタ,ニシノワン,
2017106543,ジャングルポケット,シセイカナタ,
2015105971,エンパイアメーカー,リンターバル,
2017110006,Gleneagles,Waveband,
2016106606,トゥザグローリー,レディーノパンチ,
2017102466,キズナ,リュンヌ,
2014101588,ジャングルポケット,コアレスパティオ,
2015110068,Roman Ruler,スターマレイン,
2013104793,ヴィクトワールピサ,ピサノグレース,
2017100524,サウスヴィグラス,スイートマルセル,
2016110036,Siyouni,Pennegale,
2016101943,ダンカーク,ロックトニック,
2015103293,バゴ,フローラルホーム,
2014103596,ケイムホーム,トップアクトレス,
2016100401,スクリーンヒーロー,エリンズハープ,
2015102735,ジャングルポケット,アドマイヤパンチ,
2015105210,トーセンホマレボシ,オードリーローズ,
2014101586,キングカメハメハ,クリスタルコースト,
2016104946,オルフェーヴル,エアトゥーレ,
2014103551,アイルハヴアナザー,ダンシングハピネス,
2015104743,ディープインパクト,ガヴィオラ,
2015104090,ディープインパクト,クリームオンリー,
2015104729,ルーラーシップ,カイゼリン,
2017104672,スクリーンヒーロー,ウォートルベリー,
2016102723,マツリダゴッホ,カレイメモワール,
2016104469,ヘニーヒューズ,グリューネヴォッヘ,
2015106095,タイムパラドックス,ユキノレイコ,
2015103445,ロードアルティマ,ピエナキューティー,
2017103803,キングカメハメハ,スティールパス,
2017104668,キングカメハメハ,ウィケットキーパー,
2017104624,キングカメハメハ,メジロトンキニーズ,
2017105344,ロードカナロア,シュプリームギフト,
2017101841,タートルボウル,プレイアップ,
2017104722,ジャスタウェイ,キュートエンブレム,
2017102506,ジャスタウェイ,レオパステル,
2017104453,マツリダゴッホ,サワヤカスズカ,
2017106763,ワールドエース,サッサイア,
2017105206,リアルインパクト,アンプレヴー,
2017103593,ガルボ,アドリアーネ,
2017104966,スウェプトオーヴァーボード,リズムオブザレイン,
2017105320,スピルバーグ,サセッティ,
2017104987,エピファネイア,レディシビル,
2017106353,ブリーズフレイバー,ココナフレイバー,
2017102534,ローエングリン,ダンスプリンセス,
2017104174,ベーカバド,スナークスマイル,
2017105464,リアルインパクト,ハゴロモジャスミン,
2017105573,キングカメハメハ,ミスセレンディピティ,
2017103835,エスケンデレヤ,ホームスイートホーム,
2017105606,キングカメハメハ,ラックビーアレディトゥナイト,
2017105448,カレンブラックヒル,デュアルストーリー,
2017104745,ダイワメジャー,ゴジップガール,
2017105988,ゼンノロブロイ,ドリームエンブレム,
2017103093,ディープスカイ,チリビリビン,
2017106545,ジャングルポケット,スカラムーシュ,
2017104670,スクリーンヒーロー,ウイングドウィール,
2017106773,スクリーンヒーロー,ウェンブリー,
2017101957,ゴールドシップ,ラヴリードリーム,
2017106340,ヴィクトワールピサ,タイキトゥインクル,
2017102581,フェノーメノ,リザーブシート,
2017105066,ハーツクライ,アドアード,
2017106760,ヴィクトワールピサ,ヒカルアルテミス,
2017102462,ルーラーシップ,ハッピーユーゲント,
2017102047,トーセンホマレボシ,ブライアンズレター,
2018102167,ゴールドシップ,マイネテレジア,
2018105283,ヴィクトワールピサ,マンビア,
2018101566,ルーラーシップ,ジュリアビコー,
2018103186,エピファネイア,ゴールドグレース,
2018102048,シンボリクリスエス,シェルエメール,
2018104896,モーリス,アドマイヤセプター,
2018103932,ロードカナロア,ラストワルツ,
2018103517,ゴールドシップ,チアフルドーラ,
2018103150,ジャスタウェイ,マスターチアフル,
2018102883,フェノーメノ,アサクサヴェール,
2018102202,ドゥラメンテ,クイーンオブトロイ,
2018103265,ケープブランコ,ドリームドリーマー,
2017102053,オルフェーヴル,ロイヤルインパクト,
2017103950,フェノーメノ,ヘイハニー,
2017101937,アイルハヴアナザー,マイネサヴァラン,
2017100565,スクリーンヒーロー,ケイエスホノカ,
2017103271,アイルハヴアナザー,キネオソレイユ,
2017103785,クロフネ,グローバルピース,
2016106049,キンシャサノキセキ,ワスレナグサ,
2016100738,アイルハヴアナザー,マイネクイーン,
2014100647,エンパイアメーカー,グリーンヒルマック,
2016105216,キングカメハメハ,ペディクラリス,
2015100559,ルーラーシップ,プリティジョディー,
2013102112,ワークフォース,ゴールドマッシモ,
2017105209,ハーツクライ,アートプリンセス,
2017105080,クロフネ,ヴァルパライソ,
2014103092,パーソナルラッシュ,チャランダ,
2015103738,ダノンシャンティ,ヒシカルメン,
2017105353,ダイワメジャー,シンハディーパ,
2016102174,ダンカーク,パーソナルブレーン,
2017105565,エピファネイア,マルシアーノ,
2017105615,ジャスタウェイ,リコリス,
2016103217,キンシャサノキセキ,レジェトウショウ,
2017104945,ロードカナロア,ミュージックアワー,
2016104403,ヴィクトワールピサ,アピールII,
2015102764,ドリームジャーニー,ヴィーヴァレジーナ,
2015105399,アイルハヴアナザー,ウインディーヒル,
2015101592,ステイゴールド,オータムメロディー,
2017104240,スクリーンヒーロー,ドリーボヌール,
2016102201,オルフェーヴル,アヴェクトワ,
2015104750,ハーツクライ,キラーグレイシス,
2016101166,ダイワメジャー,レディカーニバル,
2013102025,ヴァーミリアン,ウインキナウ,
2016100614,オルフェーヴル,フェアエレン,
2015102745,ディープインパクト,ユニバーサル,
2014104103,アイルハヴアナザー,マルターズヒート,
2014105558,ステイゴールド,ソーマジック,
2016104349,オルフェーヴル,ヴァリディオル,
2015104317,ディープインパクト,コンテスティッド,
2015100744,ステイゴールド,マイネテレジア,
2015104793,ディープインパクト,サロミナ,
2016101814,クロフネ,セトウチソーラー,
2016104152,プリサイスエンド,トーアティアレ,
2017104552,キンシャサノキセキ,クリスチャンパール,
2016104299,タートルボウル,トランドネージュ,
2016101783,ジャングルポケット,ナムラエラン,
2016103215,サウスヴィグラス,バーニントウショウ,
2016110030,Authorized,Screen Star,
2016103103,ネオユニヴァース,フィルハーマジック,
2016110096,デクラレーションオブウォー,Namaste's Wish,
2015104680,キングカメハメハ,アートプリンセス,
2012102265,マーベラスサンデー,ブルーポラリス,
2015100493,ルーラーシップ,トウカイベルタ,
2014103459,バゴ,スズカミネルバ,
2017104548,クロフネ,メイプルキャンディ,
2014102989,メイショウボーラー,メイショウゴウヒメ,
2016103739,ベルシャザール,ポンデュガール,
2015101993,アドマイヤムーン,スウィートエルフ,
2017104859,スマートファルコン,バイザスポーツ,
2017105725,ダノンシャンティ,エアレモネード,
2017103475,スズカコーズウェイ,スズカカラーズ,
2017101132,サムライハート,ビューティサフラン,
2017103118,カレンブラックヒル,ラブリーバローズ,
2017105130,キズナ,パラダイスコーブ,
2017104644,キングズベスト,アディシオン,
2017100409,トーセンジョーダン,ピエモンテ,
2017102760,ケープブランコ,キャラメリーナ,
2017105562,ヴィクトワールピサ,マネーキャントバイミーラヴ,
2017101877,ベーカバド,ヒカリヴィグラス,
2017103655,トーセンホマレボシ,クイーンナイサー,
2017100363,カジノドライヴ,コウギョウデジタル,
2017105539,オルフェーヴル,ベッラレイア,
2017101178,オルフェーヴル,ナデシコチョウサン,
2017104032,ジャングルポケット,ミークレイチェル,
2017100438,ロージズインメイ,レッドデセーオ,
2017109085,ゴールドアリュール,アドバンスクラーレ,
2017102910,ゴールドアリュール,クールグレース,
2017100722,モンテロッソ,ラメント,
2017106103,トゥザワールド,チーフザムーン,
2017100905,カジノドライヴ,スウィートエルフ,
2017100842,ベルシャザール,ティフォン,
2017104717,ジャングルポケット,カラフルトーク,
2018105830,スクリーンヒーロー,メジロトンキニーズ,
2018105355,キズナ,ルミナスパレード,
2018102042,エピファネイア,クロンヌドール,
2018106303,ラブリーデイ,クールマギー,
2018103285,ワールドエース,エンプレスクー,
2018103529,マツリダゴッホ,ハイデフィニション,
2018103306,ペルーサ,マラドーナスピン,
2018104221,ヘニーヒューズ,スフィンクス,
2018106885,タートルボウル,ノアビジン,
2018102664,マツリダゴッホ,ノウ,
2018102682,ディスクリートキャット,スペリオルダンサー,
2018101691,ジョーカプチーノ,シルクラビッシュ,
2018106805,ディープブリランテ,タイキティファニー,
2018101277,エピファネイア,カディーシャ,
2018105608,ヘニーヒューズ,カーヴィシャス,
2018100161,ラブリーデイ,ロングビクトリア,
2017110129,Smart Missile,Pyrography,
2017101605,ハーツクライ,ドナパフューム,
2017105132,オルフェーヴル,ファルネーゼ,
2017103777,ワークフォース,エクセレントピーク,
2017109091,オルフェーヴル,ナスノフィオナ,
2017101789,ゼンノロブロイ,イングランドローズ,
2017101552,フェノーメノ,ハニーカラー,
2017102493,トランセンド,スイートカフェ,
2017101218,エスケンデレヤ,ブライティアパルス,
2017104835,ハーツクライ,ドメーヌ,
2017104714,スクリーンヒーロー,カザリムスビ,
2016106237,ナカヤマフェスタ,ダイヤモンドギフト,
2016101607,ダンカーク,ジョリファム,
2017106572,パイロ,ギフトオブソング,
2015100491,サムライハート,ダンシングナウ,
2016100825,エスポワールシチー,ノットローズハート,
2015103198,トーセンホマレボシ,アドマイヤドレス,
2013104079,ディープスカイ,アルテミスシチー,
2016101379,キングヘイロー,メイプルウィリング,
2015105800,クロフネ,ラインクリスタル,
2016101626,トゥザグローリー,ミルフォードスバル,
2015104186,ディープインパクト,ソベラニア,
2017106583,ディープインパクト,ストロベリーフェア,
2015100243,ステイゴールド,フラワーウィンド,
2015102790,ディープブリランテ,ティーアイディップ,
2016103263,エイシンフラッシュ,コスモライセンス,
2014101640,アドマイヤムーン,シアトルブリッジ,
2015105455,タートルボウル,プラチナベール,
2016105060,ドリームジャーニー,ジャジャマーチャン,
2015101342,ディープインパクト,ゴーカロライナ,
2015104571,キングカメハメハ,ミラクルレジェンド,
2015105502,シニスターミニスター,チャームピクチャー,
2015106059,オルフェーヴル,ハーマジェスティ,
2013105898,ワイルドラッシュ,シャンパンマリー,
2015104763,ディープインパクト,クロウキャニオン,
2016103108,ブラックタイド,プティプランセス,
2016110090,Pioneerof the Nile,Life Well Lived,
2016106452,アドマイヤムーン,ヒシヴェリタス,
2016101308,ヘニーヒューズ,クレメンティア,
2015100547,キンシャサノキセキ,ケイアイアテナ,
2016106188,ロージズインメイ,マイネチリペッパー,
2016100923,キングヘイロー,モガミヒメ,
2017100656,アドマイヤムーン,カーディアンゴット,
2017105352,カジノドライヴ,シルバーフォックス,
2017105125,ジャスタウェイ,ナドー,
2017103425,ワールドエース,アグネスリース,
2017102021,オルフェーヴル,レッドマロン,
2017105748,マジェスティックウォリアー,ギブス,
2017105998,エピファネイア,ラジョコンダ,
2017103376,リアルインパクト,ベストコレクション,
2017105986,スクリーンヒーロー,テイコフトウショウ,
2017100947,マツリダゴッホ,シェアースマイル,
2017105474,キンシャサノキセキ,パシオンルージュ,
2017102519,モンテロッソ,グランドゲルニカ,
2017100059,タートルボウル,ハーレムスウィング,
2017101135,タイムパラドックス,アーバンライナー,
2017103021,プリサイスエンド,サウスエンピリカル,
2017102732,ストロングリターン,アウレオーラ,
2017101571,ベーカバド,イズミバード,
2017100508,ノヴェリスト,エリモアクアポリス,
2017101752,ダイワメジャー,タイムフェアレディ,
2017110072,デクラレーションオブウォー,Quite Honestly,
2017110030,Pivotal,Royal Crystal,
2018100693,スクリーンヒーロー,ブルーストーン,
2018105321,モーリス,ラストグルーヴ,
2018105333,ブラックタイド,ラリズ,
2018104603,キズナ,ケンホープ,
2018101443,モーリス,オンワードミシェル,
2018102805,ヴィクトワールピサ,ニシノビギン,
2018100275,バンデ,レインボーシーカー,
2018106737,キングズベスト,バンデリータ,
2018103763,ドゥラメンテ,シガレット,
2018105681,ローエングリン,トーセンロビン,
2018101310,ダノンシャーク,ファンクザゴールド,
2018105398,ハービンジャー,アニマトゥール,
2018105705,ゼンノロブロイ,コフィーチャン,
2017101946,ゴールドシップ,マイネテレジア,
2017104926,スウェプトオーヴァーボード,マイノチカラ,
2015101404,ヴァーミリアン,ランウェイスナップ,
2017100969,トゥザワールド,グロリエッテ,
2017104473,ゴールドアリュール,ウインガイア,
2016102973,アサクサキングス,ウグイスジョウ,
2016102772,ヘニーヒューズ,マヤノマヤ,
2016102941,タイキシャトル,クラウンセシリア,
2015104079,ダノンシャンティ,ウイングオブラック,
2016104639,ハービンジャー,ミライエ,
2016105170,ジャスタウェイ,Pirika,
2015101209,サウスヴィグラス,ユキノチャンプ,
2016101437,ハーツクライ,カフェヒミコ,
2015104799,ヨハネスブルグ,シシリアンブリーズ,
2016102618,ヘニーヒューズ,テイクザケイク,
2015103404,シンボリクリスエス,レチャーダ,
2016100161,エスポワールシチー,プラセンティア,
2016103102,シニスターミニスター,ピースオブアイ,
2015100862,ダイワメジャー,カネスベネフィット,
2015104720,ロードカナロア,エンプレスティアラ,
2016100625,ハーツクライ,ルシュクル,
2015104406,ノヴェリスト,ダイワスカーレット,
2014104346,ディープブリランテ,ホーリーミスト,
2015102413,ハーツクライ,グッドルッキング,
2017110117,Speightstown,ゴールデンフレアー,
2017105141,ヴィクトワールピサ,ベイトゥベイ,
2017100988,マジェスティックウォリアー,オーパスクイーン,
2017106115,クロフネ,キンショーオトヒメ,
2017110074,Malibu Moon,For Passion,
2017104889,タートルボウル,フィヨルドクルーズ,
2017104775,ゴールドアリュール,シークレットジプシー,
2017100925,アポロソニック,キタノオペラ,
2017104799,タートルボウル,センシュアルドレス,
2016102493,ベーカバド,タツグレース,
2014101648,アドマイヤジャパン,バーデンフォンテン,
2016106510,フレンチデピュティ,オーバーザムーン,
2017106287,エピファネイア,シードオブハピネス,
2014101590,カジノドライヴ,ブライティアナイル,
2016104436,ルーラーシップ,エフティマイア,
2015104414,ダイワメジャー,ダンシングエディ,
2017101350,メイショウボーラー,レッドハイヒール,
2017102051,ロージズインメイ,ライトアップ,
2017101774,フェノーメノ,ヤマニンパソドブル,
2017103498,ジャスタウェイ,ファンダングル,
2017104907,ゴールドアリュール,ブロークンソード,
2017104959,タートルボウル,ライムスカッシュ,
2017101570,ヘニーヒューズ,アルボランシー,
2017106033,マジェスティックウォリアー,ダブルアクセル,
2017106052,ルーラーシップ,ミスサイベリア,
2017110034,Dubawi,ゴールデングローブ,
2017104300,ダノンシャンティ,パールヴァティー,
2017104379,トーセンファントム,シェイラトス,
2017104265,アイルハヴアナザー,ブリッサ,
2017103683,ルーラーシップ,ルナレディ,
2017104864,ロードカナロア,パイレートクイーン,
2017101849,ルーラーシップ,ギンマクノヒロイン,
2017106526,モンテロッソ,エスクルシーヴァ,
2017103685,トーセンラー,アロープラネット,
2018100487,オルフェーヴル,ビジョナリー,
2018104486,ヴィクトワールピサ,ラグジャリー,
2018102365,カレンブラックヒル,シルクヴィーナス,
2018100930,エイシンヒカリ,ニューアイデア,
2018103018,ワールドエース,レディークライスト,
2018104503,ジャスタウェイ,アオゾラペダル,
2018101141,リオンディーズ,スターウインド,
2018102276,マクフィ,ジェイケイドリーム,
2018104047,ディープスカイ,トキノメイゲツ,
2018102016,フェノーメノ,ヤマニンシュクル,
2018106134,ディスクリートキャット,ウィアーワン,
2018105423,ハーツクライ,タマユラ,
2018101248,ワールドエース,フレンチフレイバー,
2018103486,ロージズインメイ,キアラ,
2018106385,ペルーサ,ハットシテグー,
2018106048,マクフィ,アイカギ,
2017102083,ストロングリターン,ウインルミエール,
2017101564,トゥザワールド,コリンナ,
2017105401,リアルインパクト,セルキス,
2017104551,エイシンフラッシュ,エフティベス,
2017104810,キングカメハメハ,ダイワズーム,
2017100522,ヴィクトワールピサ,スイートブレナム,
2017105558,キングカメハメハ,マシュマロ,
2016100170,ティンバーカントリー,アイファースイーツ,
2015110058,Raven's Pass,Nawal,
2017103253,ルーラーシップ,モントボーゲン,
2016100751,メイショウサムソン,マイネペンタグラム,
2015100782,シニスターミニスター,サクラトップクイン,
2012103796,マンハッタンカフェ,ベストブート,
2016103945,スマートファルコン,マンノヴィクトリア,
2014100465,スクリーンヒーロー,グローリサンディ,
2016102075,アドマイヤムーン,ナイアード,
2013101779,ダイワメジャー,ヤマニンカルフール,
2013100361,ブラックタイド,ネイチャーガイド,
2015103807,ロージズインメイ,ベルモントベロニカ,
2013101799,マンハッタンカフェ,エミナ,
2015101070,エイシンフラッシュ,ダノニー,
2013104007,ジャングルポケット,レットイットスノー,
2015101885,シングンオペラ,アルコシエロ,
2015104975,ディープインパクト,プラウドスペル,
2017103504,シニスターミニスター,プリモタイム,
2015104916,ロードカナロア,ハイドバウンド,
2017110146,Into Mischief,Under Wraps,
2014100370,ローエングリン,ベネラ,
2013106303,ファスリエフ,プリンセスワルツ,
2015100960,ブラックタイド,マスターギラティナ,
2015104476,ディープインパクト,パールシャドウ,
2015110002,Lemon Drop Kid,テディーズプロミス,
2014105104,ダンスインザダーク,ウェンブリー,
2016103297,ノヴェリスト,ヴァレッタ,
2015105444,ハーツクライ,トーセンリリー,
2014103416,サムライハート,ナムラクロシェット,
2014105324,キングカメハメハ,レジネッタ,
2014105348,ハービンジャー,クラックシード,
2015102307,ゼンノロブロイ,バラファミー,
2016105547,シニスターミニスター,ヴェリタスマリコ,
2016105766,ゴールドアリュール,ナスケンアイリス,
2016100358,ベーカバド,パイクーニャン,
2012100555,キンシャサノキセキ,ユーキャンドゥイット,
2014105724,ワークフォース,ミルルーテウス,
2016104624,キングカメハメハ,マシュマロ,
2015105066,ヘニーヒューズ,ランニングボブキャッツ,
2014106036,キングカメハメハ,トゥザヴィクトリー,
2015105907,ネオユニヴァース,サウンドザビーチ,
2016102273,ダノンバラード,ルヴァンクレール,
2016105047,ジャスタウェイ,ショーコ,
2016105872,ハーツクライ,ローマンクィーン,
2016102051,ルーラーシップ,スパークルキャット,
2016104525,ジャスタウェイ,スルーレート,
2017105607,ディープインパクト,ラッドルチェンド,
2017101260,シンボリクリスエス,ショウナンマハ,
2017105295,ハーツクライ,クルソラ,
2017105030,ゴールドアリュール,テイクミーハイヤー,
2017105829,フサイチセブン,クイーンキセキ,
2017103267,アイルハヴアナザー,オメガフレグランス,
2017102066,フェノーメノ,ステージヴァージン,
2017105546,ディープインパクト,ホットチャチャ,
2017105302,スピルバーグ,クローバーリーフ,
2017106666,ダイワメジャー,ヴォークリンデ,
2017109113,エイシンフラッシュ,オランジェット,
2017102273,オルフェーヴル,ベラルーナ,
2017101641,キングヘイロー,ビューティーレディ,
2017105910,ジャングルポケット,カタズオノンデ,
2017104900,ルーラーシップ,フローレスダンサー,
2017105013,オルフェーヴル,オールピュール,
2017102637,ワールドエース,ミスエアクラフト,
2017105617,ハーツクライ,リッチダンサー,
2018102595,ディープインパクト,パーフェクトトリビュート,
2018104890,ミッキーアイル,アトアニ,
2018110102,Gleneagles,Expensive Date,
2018104971,ロードカナロア,エレガントマナー,
2018105127,ドゥラメンテ,ダイヤモンドディーバ,
2018100998,リオンディーズ,モトカノテソーロ,
2018110076,Curlin,Love and Pride,
2018105417,ハービンジャー,シナノネージュ,
2018103429,ダイワメジャー,カルトマリーヌ,
2018103836,アグネスデジタル,ヴィヴィアン,
2018104501,ダイワメジャー,アイムオールレディセクシー,
2018104444,ミッキーアイル,クインズラッシュ,
2018105639,ロージズインメイ,シーブリーズラブ,
2018101915,トーセンジョーダン,ヒシシンエイ,
2018105728,スマートファルコン,ジェミーブロッサム,
2018104819,エイシンフラッシュ,ユッカマウンテン,
2018103269,シニスターミニスター,カリビアンセレブ,
2018100678,パイロ,チャリティークエスト,
2018105294,トゥザワールド,ムガール,
2018102724,アジアエクスプレス,フィールドメジャー,
2018102785,エスケンデレヤ,フェレット,
2018105624,トーセンファントム,アンジェロファニー,
2018103227,プリサイスエンド,パールイアリング,
2018104196,バトルプラン,ブルーブルチャンネ,
2018102297,ホッコータルマエ,プレンティオブラヴ,
2018102504,ブラックタイド,リリアーレ,
2018102435,フリオーソ,サツキエンジェル,
2018104138,ルーラーシップ,ロイヤルヴォルト,
2018106464,クリエイターII,レイジーリヴァー,
2018100851,リーチザクラウン,クリノアミナ,
2018100298,ロージズインメイ,フィールザロマンス,
2018100717,マクフィ,グレイトグレイス,
2017105037,クロフネ,ヌチバナ,
2016103438,キングカメハメハ,ニシノアカツキ,
2016106579,ゴールドアリュール,サイモンドルチェ,
2017105081,カジノドライヴ,ヴェイグストーリー,
2016103674,シニスターミニスター,クロニカ,
2016100142,エスポワールシチー,ローズカーニバル,
2016102153,ノヴェリスト,エリモフィナーレ,
2017100316,ローズキングダム,セミニョン,
2017104700,ヴィクトワールピサ,オメガアイランド,
2015104493,スマートファルコン,ファニーストーリー,
2015104271,ハーツクライ,オメガスピリット,
2015104955,トーセンホマレボシ,フェリスタス,
2014104353,シニスターミニスター,ロメラ,
2016104618,キングカメハメハ,ポップコーンジャズ,
2015101568,モンテロッソ,アドニータ,
2013105677,キングカメハメハ,ミルフィオリ,
2013106088,ディープインパクト,マジックストーム,
2016104671,ディープインパクト,レッドファンタジア,
2013101928,ジャングルポケット,フライングメリッサ,
2015103247,ロードカナロア,メイショウアンデス,
2015104797,ルーラーシップ,シェリール,
2013105727,ジャングルポケット,レインボーシーカー,
2015104361,ダイワメジャー,ジプシーハイウェイ,
2014103032,ダイワメジャー,クールネージュ,
2013102399,アドマイヤムーン,エキゾチックエレガンス,
2013101522,ダノンシャンティ,レディアップステージ,
2014102036,ダイワメジャー,バイモユリ,
2014102698,リーチザクラウン,ショウナンアネーロ,
2016102032,ワークフォース,メイショウアキシノ,
2012103249,ヨハネスブルグ,シーイズトウショウ,
2013109022,ダイワメジャー,デフィニット,
2013106148,アドマイヤムーン,リッチダンサー,
2017101566,エスポワールシチー,パイクーニャン,
2014100135,スマートファルコン,プラセンティア,
2017106079,マジェスティックウォリアー,ナイツエンド,
2017101464,ヘニーヒューズ,ハロータマ,
2017103154,リアルインパクト,サニーヘイロー,
2017104956,スウェプトオーヴァーボード,ユッカマウンテン,
2017103287,アイルハヴアナザー,スピリテッドエアー,
2017104634,ダイワメジャー,アイアムラヴィング,
2017100847,サウスヴィグラス,アニマートホウヨウ,
2017102095,ロードカナロア,ダイワミストレス,
2017102716,アサクサキングス,ビバロングライフ,
2017105743,エイシンアポロン,ヤマホトトギス,
2017105548,ブラックタイド,ボシンシェ,
2017100859,ゴールドシップ,プレトリアン,
2017104625,スクリーンヒーロー,メジロバーミューズ,
2017101602,トーセンジョーダン,エリンズハープ,
2017109043,リアルインパクト,ドルフィンルージュ,
2017102909,アドマイヤムーン,クイーンフラワー,
2017100278,グラスワンダー,ネビュラ,
2017102937,メイショウサムソン,リアユニヴァース,
2017101128,トーセンホマレボシ,ハンマークラビア,
2017101357,クロフネ,タイキルナ,
2017100538,サウスヴィグラス,レインオアシャイン,
2017110141,Fed Biz,Silver Bean,
2017102788,ヘニーヒューズ,タニセンヴォイス,
2017103411,エイシンフラッシュ,オーファメイ,
2017104939,キンシャサノキセキ,マンボスルー,
2017106780,アンライバルド,ディーズプリンセス,
2017106557,グラスワンダー,ナリタアルテミス,
2017103697,キズナ,ビップフライト,
2017106361,アドマイヤムーン,アクアブルーバレー,
2017110168,Lemon Drop Kid,Blading Gold Ring,
2017100711,トーセンホマレボシ,シーエーユウカ,
2017102459,オルフェーヴル,ラヤーリドバイ,
2017100994,トーセンホマレボシ,シルキーステラ,
2017110142,Paddy O'Prado,スターマレイン,
2017100310,バトルプラン,ハセノマジョラム,
2017101066,フリオーソ,ワイルドフェイス,
2017105782,トゥザグローリー,ホウライホーセキ,
2017105472,ディープインパクト,バラダセール,
2017102372,ヴィクトワールピサ,アンビータブル,
2017101746,エイシンフラッシュ,クインズメンテ,
2017101108,ダンカーク,サンデーローザ,
2017105238,ハービンジャー,ヴェルザンディ,
2017103257,マツリダゴッホ,イッツマイン,
2016105929,アイルハヴアナザー,サクラコールミー,
2016103069,ゼンノロブロイ,シーガルサリー,
2016100279,ロージズインメイ,ツクバオトメ,
2016105125,オルフェーヴル,デルモニコキャット,
2016105480,アイルハヴアナザー,サマーロコガール,
2015100310,カネヒキリ,クインオブオールディー,
2016100842,ジャスタウェイ,ウインルナ,
2016103091,ブラックタイド,バイザキャット,
2016110084,デクラレーションオブウォー,Maltese Googol,
2015101886,ゴールドアリュール,エスワンスペクター,
2016110115,Frankel,Dupe,
2016105756,ブラックタイド,アインライツ,
2015104684,ディープインパクト,イルーシヴウェーヴ,
2016102938,エイシンフラッシュ,クラウンアルテミス,
2016102229,ザサンデーフサイチ,ミサノグリーン,
2016104238,キングカメハメハ,メジロマリアン,
2014102659,ネオユニヴァース,スイートブレナム,
2014104409,スズカマンボ,ウエスティンタイム,
2016103684,エスポワールシチー,ブライドウッド,
2015105415,アイルハヴアナザー,サウスティーダ,
2015104603,スウェプトオーヴァーボード,リトルブレッシング,
2015102071,スウェプトオーヴァーボード,シルバーバレーガール,
2012102566,マンハッタンカフェ,カフェララルー,
2014101645,クロフネ,レジュイール,
2013105161,アッミラーレ,カンタベリーラヴ,
2015105507,シニスターミニスター,フォーチュネイター,
2014105693,キンシャサノキセキ,マイワイルドローズ,
2015105628,ディープインパクト,ポジションリミット,
2014102848,ブラックタキシード,ワレンダラッド,
2014103584,スズカマンボ,ルックアミリオン,
2016103327,マンハッタンカフェ,チャリティークエスト,
2015105131,アイルハヴアナザー,マンデームスメ,
2014102153,ストーミングホーム,クイーンオブナプレス,
2016103211,ヘニーヒューズ,スマートオーシャン,
2015100317,ロジユニヴァース,ペルレストラーダ,
2014100686,マツリダゴッホ,ゲイリーピクシー,
2015102264,ハーツクライ,サラトガヴィーナス,
2012101157,マンハッタンカフェ,マネーペニー,
2014105413,キンシャサノキセキ,ウィンドハック,
2014103404,キングズベスト,タケショウレジーナ,
2013105681,ヴィクトワールピサ,メイキアシー,
2014104249,マツリダゴッホ,ヴンダーゾンネ,
2015106351,ショウナンカンプ,バクシンオージョ,
2015103296,スズカマンボ,スリーオーシャン,
2011100215,ローエングリン,サザンベル,
2016105669,ディープブリランテ,ゴールドチェイス,
2016105439,パドトロワ,サンドハーブ,
2014102019,タイキシャトル,ディープインアスク,
2016105064,ディープインパクト,スウィフトテンパー,
2014102897,タートルボウル,メジロトンキニーズ,
2014100208,マンハッタンカフェ,イクスキューズ,
2014102157,Teofilo,コンサヴァトワー,
2013102360,ジャングルポケット,アイアンドユー,
2014104386,ステイゴールド,ハイアーラヴ,
2016104772,トーセンラー,シーザシー,
2014102617,アイルハヴアナザー,タイキシャイン,
2014104449,ディープインパクト,フレンチリヴィエラ,
2010100035,キングヘイロー,ダイタクピア,
2015110047,Frankel,ウオッカ,
2013106118,タニノギムレット,モルガナイト,
2012101586,ディープスカイ,フェリシタス,
2015102528,ディープブリランテ,ヴィエナトウショウ,
2014105282,ダノンシャンティ,テイクミーハイヤー,
2015104705,ロードカナロア,ヴェルザンディ,
2015105276,ノヴェリスト,シセイカグヤ,
2016104605,ロードカナロア,プリームス,
2015105082,ヘニーヒューズ,ルナレガーロ,
2016103730,ドリームジャーニー,ザッハトルテ,
2014104912,ダイワメジャー,ショウナンアヤカ,
2016101149,ロードカナロア,オーシュペール,
2016103615,ブラックタイド,ハンドスター,
2014102930,ディープインパクト,ユニバーサル,
2015100023,ロジユニヴァース,ロジディオン,
2016103111,トーセンジョーダン,ヘリテージゴールド,
2016100470,スクリーンヒーロー,リャクダツアイ,
2017101489,ベーカバド,イゾラトウショウ,
2017100231,ショウナンカンプ,クラウンザショパン,
2017103810,ダイワメジャー,ダノンエレガント,
2017104255,アドマイヤムーン,オルレアンノオトメ,
2017104563,ショウナンカンプ,レッドイオ,
2017104572,トーセンホマレボシ,エポレット,
2017103018,トランセンド,エンダレ,
2017101972,アイルハヴアナザー,レミニセンス,
2017101105,スマートファルコン,エバーグレーズ,
2017105726,ノヴェリスト,サニーラブカフェ,
2017100186,ゴールドシップ,ファリシーク,
2017102353,ゴールドシップ,ロバーブ,
2017100277,パイロ,チャームエンジェル,
2017101867,キズナ,ルヴェソンヴェール,
2017101677,プリサイスエンド,キーツヨイ,
2017110107,Race Day,Katina K,
2017103307,ロージズインメイ,バチスタ,
2017103971,ジャスタウェイ,ブリーボーンズ,
2017102177,パイロ,マヤノポルカ,
2017104238,トゥザグローリー,ディアジーローズ,
2017106681,ワークフォース,オーガストウェイ,
2017102523,カネヒキリ,Triple Threat,
2017102572,ヘニーヒューズ,トウカイミステリー,
2017101119,ワークフォース,スマイリンアスク,
2017102973,キンシャサノキセキ,タカミツグリーン,
2017110116,Violence,Golden Made,
2017100619,ベルシャザール,ラパヌイ,
2017102476,グランプリボス,リアルファッション,
2017104250,プリサイスエンド,イオ,
2017101515,フェノーメノ,セイカアルテナ,
2017101089,ゴールドシップ,ジャズプリンセス,
2017105048,エイシンフラッシュ,メモリアルサマー,
2017105211,ダイワメジャー,イグジビットワン,
2017101417,アイルハヴアナザー,アルカネット,
2017101988,ゴールドシップ,コスモスカイライン,
2017101117,ネヴァブション,エリザベートアスク,
2017103238,ワールドエース,グランクリューピサ,
2017103312,ヴィクトワールピサ,フサイチリニモ,
2017100083,スクリーンヒーロー,ナムラクニヒメ,
2017101933,アイルハヴアナザー,マイネオーチャード,
2017100051,ブラックタイド,ラヴィーズラヴィン,
2017104845,パイロ,ノットユアビジネス,
2017105930,ダンカーク,ラブリイステラ,
2017103344,トーセンジョーダン,アルフレンテ,
2016101339,オウケンブルースリ,アルフィルク,
2016106180,ハービンジャー,ユキノマーメイド,
2015102375,ロードカナロア,シンメイフジ,
2015102868,クロフネ,エイシンリョンサン,
2013105429,ジャングルポケット,カラフルトーク,
2015105609,シニスターミニスター,ハニーパイ,
2015110093,Overanalyze,Centerpiece,
2016102052,ヨハネスブルグ,ナムラドロシー,
2016103885,キンシャサノキセキ,ブライティアピア,
2015100942,エスポワールシチー,コンドルウイング,
2015104458,ローエングリン,ハッピーダイアリー,
2013102177,キンシャサノキセキ,サザンビューティー,
2016106407,ロードカナロア,ソフトライム,
2015100933,メイショウボーラー,グリーンヒルレッド,
2016100190,プリサイスエンド,ミラクルクロス,
2015104999,キングカメハメハ,ポップコーンジャズ,
2013105842,ネオユニヴァース,キューティゴールド,
2016104937,スウェプトオーヴァーボード,ヴァインバッハ,
2013109095,キャプテンスティーヴ,アオバ,
2016101313,ローエングリン,カネトシフィオーレ,
2011106393,フレンチデピュティ,スーパーマルトク,
2017105451,ダイワメジャー,トゥーピー,
2017104849,ヴィクトワールピサ,ノーブルジュエリー,
2017101897,アンライバルド,コスモエンドレス,
2017105924,トゥザグローリー,デンタルハイジーン,
2017102016,カレンブラックヒル,ロイヤルリネージ,
2013104606,ハーツクライ,プレザントケイプ,
2014101520,アルデバランII,ナイキトライアンフ,
2013101315,オレハマッテルゼ,ラブハート,
2011103191,ネオユニヴァース,キャメロンガール,
2013106051,ダイワメジャー,フローラルグリーン,
2013105995,ハーツクライ,ドリームモーメント,
2013106441,ショウナンカンプ,ケイアイミサイル,
2014105801,Mayson,アナアメリカーナ,
2015100494,ベーカバド,トウカイメガミ,
2015104159,ディープインパクト,レディシャツィ,
2015105018,オルフェーヴル,マルティンスターク,
2015103646,クロフネ,サウンドウェーブ,
2014104281,コンデュイット,ダフィーナ,
2016101105,ベルシャザール,ベルクラシック,
2017101107,ケイムホーム,カルナアヴァンセ,
2017109094,エピファネイア,フリスコベイ,
2017102925,プリサイスエンド,ニシノヘレンド,
2017106282,クロフネ,ジェニーソング,
2017100305,ネオユニヴァース,ケリーズビューティ,
2017101244,フェノーメノ,ベルモントエルメス,
2017104282,キングズベスト,エターナルトルース,
2017101827,アーネストリー,ユースティティア,
2017104707,ハービンジャー,オルトリンデ,
2017101148,ジャングルポケット,トウカイルックス,
2017101920,スクリーンヒーロー,ピノブラン,
2017106533,ノヴェリスト,ゴールデンフェザー,
2017104400,トーセンファントム,トーセンジョウオー,
2017105761,ゼンノロブロイ,デュプレ,
2017101675,ヴァンセンヌ,アマレット,
2017106385,フェノーメノ,スイートストームクリーク,
2017103292,ゴールドシップ,タニノハイクレア,
2017105899,ワークフォース,アルーリングアイズ,
2017104408,トーセンホマレボシ,トーセンバンビーナ,
2017105776,メイショウボーラー,ヨシカワクン,
2017104735,ダイワメジャー,グラッブユアハート,
2017104642,ノヴェリスト,アサクサティアラ,
2017109021,フェノーメノ,クルンプホルツ,
2017101263,カネヒキリ,レッドフィオーレ,
2017103671,エスケンデレヤ,ラストワルツ,
2017100174,フリオーソ,ヴィクトワール,
2017101393,カジノドライヴ,レイニータ,
2017104076,カジノドライヴ,フェバリットガール,
2017104512,スピルバーグ,サンドグロース,
2017101595,エイシンフラッシュ,テイクマイアイズ,
2017104727,オルフェーヴル,クィーンスプマンテ,
2017101922,ゴールドシップ,ホクトグレイン,
2017100870,ジャスタウェイ,キトゥンブルー,
2017110015,Nathaniel,Alice Alleyne,
2017104979,オルフェーヴル,レジュールダムール,
2017110062,Camelot,Asawer,
2017100854,ベーカバド,チュウワビーナス,
2015102439,ロードカナロア,アドマイヤマダム,
2016101909,スマートファルコン,レディストレイツ,
2016102645,ストロングリターン,ディアルーモ,
2016104674,ヴィクトワールピサ,レディスキッパー,
2015101449,ロードカナロア,ミッキーオリーブ,
2015104115,ゴールドアリュール,ティークリッパー,
2015105960,マンハッタンカフェ,ミルフィアタッチ,
2016105424,ゼンノロブロイ,ヤマイチシキブ,
2016104344,ルーラーシップ,アイスフォーリス,
2016106397,Mastercraftsman,オモテナシII,
2016102172,オルフェーヴル,ハイウェイトゥグローリー,
2016102408,ゴールドアリュール,カネトシパリッシュ,
2015100751,ステイゴールド,マイネプリンセス,
2013102687,ハーツクライ,スコアズビー,
2013105106,カンパニー,トーアビバリーヒル,
2014104771,ホワイトマズル,ドラゴンフラワー,
2012100996,ジークエンブレム,プリンセスゴーラン,
2013105125,サムライハート,ヨーカンドパリ,
2016105684,スズカコーズウェイ,タイムトゥラン,
2014105062,アサクサキングス,ユキノシンデレラ,
2012104730,ダイワメジャー,デュアルストーリー,
2011103940,チチカステナンゴ,ソングバード,
2017104705,ハービンジャー,オメガセニョリーナ,
2017104206,マツリダゴッホ,カイドウ,
2017101982,スクリーンヒーロー,マイネエレーナ,
2017101919,アンライバルド,ビラゴーティアラ,
2017105100,ロードカナロア,コードネーム,
2017103323,スクリーンヒーロー,マイネホコモモラ,
2017101110,ダイワメジャー,チーティンハート,
2017101412,グランプリボス,ブリッジポート,
2017105814,グランプリボス,ケイアイミサイル,
2017106290,キングズベスト,セキショウ,
2013100354,ゴールドアリュール,タピルージュ,
2015104371,Leroidesanimaux,スキア,
2016105815,カネヒキリ,グラスブロード,
2014104716,フリオーソ,シックスポケット,
2015102578,エスポワールシチー,シンワクイーン,
2013104429,キャプテントゥーレ,シルクスパイシー,
2011106567,ゴールドアリュール,ウェディングベリー,
2015103761,キンシャサノキセキ,チョウカイクリス,
2015102695,ヨハネスブルグ,ミルクトーレル,
2016101250,サウスヴィグラス,スマートダズル,
2016104319,ディープインパクト,ミゼリコルデ,
2015100447,ヴィクトワールピサ,ヒシワンスモア,
2016103387,ダノンバラード,ニシノマドカ,
2015100097,ヨハネスブルグ,ピサノドヌーヴ,
2014100537,ダノンシャンティ,ピュアウィンク,
2014106040,ルーラーシップ,トップセラー,
2014104102,シンボリクリスエス,ルビーレジェンド,
2016105457,ジャスタウェイ,ヴンダーゾンネ,
2015104385,ローエングリン,スワンキーポーチ,
2016105319,トゥザグローリー,コスモカゼツカイ,
2016105378,ディープインパクト,ペイトンドーロ,
2014105725,キングズベスト,ムーンレディ,
2017106555,ジョーカプチーノ,エターナルムーン,
2017110161,Speightstown,Bella Traviata,
2017100542,オンファイア,アドマイヤダッシュ,
2017110093,Muhaarar,ワットドゥアイワントザットフォー,
2017103603,モンテロッソ,メイケイペガムーン,
2017110017,Raven's Pass,And Again,
2017109078,アンライバルド,マツリダシルヴィ,
2017101809,ダイワメジャー,シャンパンルージュ,
2017104422,トーセンファントム,トーセンミネルバ,
2017104734,ヴィクトワールピサ,グッドチョイス,
2017102678,アイルハヴアナザー,カフェローレル,
2017101899,アイルハヴアナザー,コスモコルデス,
2017100366,キズナ,サイズミックレディ,
2017102131,エスケンデレヤ,ネオシアリーズ,
2017103935,ベーカバド,オリオンザブラック,
2017104953,ディープブリランテ,メイルストローム,
2017100804,シビルウォー,ツインダイヤ,
2017105287,キングカメハメハ,ギーニョ,
2017106598,キングズベスト,ファダラン,
2017101945,ロージズインメイ,マイネチャーム,
2017103518,スズカコーズウェイ,リバティーベル,
2017101580,ヘニーヒューズ,リナミクドリーム,
2017104137,ヘニーヒューズ,ホーマンピクシー,
2017104564,タニノギムレット,セクシイスイート,
2015101395,モンテロッソ,マドリガルスコア,
2016101501,タイムパラドックス,サマーファインデイ,
2014110043,Pioneerof the Nile,Ghostly Darkness,
2016100652,ジャングルポケット,ダイワフェズブルー,
2014103165,ダイワメジャー,スカーレットダイヤ,
2014104445,リーチザクラウン,ファイトソング,
2015103900,スクリーンヒーロー,ラロキューン,
2015105070,ハーツクライ,リッチダンサー,
2016106345,スターリングローズ,スナークエレガント,
2016100737,マツリダゴッホ,マイネキャスリーン,
2015106178,エンパイアメーカー,ベルシエロ,
2017103858,ディープインパクト,レディジョアン,
2017100519,ダイワメジャー,スイートハビタット,
2017110086,City Zip,Espial,
2017100225,エピファネイア,パワフルラリマー,
2017101396,サウンドボルケーノ,カネトシリベルテ,
2017105065,エピファネイア,アイスフォーリス,
2017102271,ルーラーシップ,タカノベンチャー,
2017105405,ブラックタイド,ソニックグルーヴ,
2017103241,ヒルノダムール,カーサエスペランサ,
2017100515,ジャスタウェイ,スイートエルドール,
2015104302,エイシンフラッシュ,クラリスピンク,
2016106547,ドリームジャーニー,シーエンプレス,
2016105229,アサクサキングス,マチカネハツシマダ,
2013105795,ワークフォース,ヴァイスハイト,
2015101890,ローズキングダム,スイリンカ,
2016100291,パイロ,マヤリッシュ,
2016103888,キンシャサノキセキ,カシマフラワー,
2015102280,カネヒキリ,ヒドゥンダンス,
2016101956,タイキシャトル,カリオンレディ,
2015104623,オルフェーヴル,レディオーカモア,
2016106164,オルフェーヴル,ウインファンタジア,
2015105319,ノボジャック,ダイナマイトハニー,
2017100811,オンファイア,デルマトモエゴゼン,
2017102744,ヒルノダムール,クリスティビーム,
2017101896,Hard Spun,オレゴンレディ,
2017102120,エピファネイア,リアライズクレア,
2016104649,ハービンジャー,ラスティングソング,
2015101702,スクリーンヒーロー,メイクデュース,
2014105441,ディープインパクト,オジャグワ,
2016104819,ハーツクライ,パレスルーマー,
2016100758,グラスワンダー,マイネルーチェ,
2015104526,ハーツクライ,ベイトゥベイ,
2012104659,ネオユニヴァース,シーズインクルーデッド,
2013100001,ロージズインメイ,カナディアンアプルーバル,
2013102313,キングカメハメハ,レディピアレス,
2013106095,クロフネ,マチカネハナサソウ,
2015106491,シンボリクリスエス,キャンディーストア,
2009102606,ロージズインメイ,キミホウセキ,
2012105398,クロフネ,オウケンガール,
2016105223,ロードカナロア,マイノチカラ,
2016101368,ハービンジャー,クレーンズラヴァー,
2016109128,アルデバランII,デンコウブルー,
2017100189,パイロ,コウユーキズナ,
2017104190,ヘニーヒューズ,アートスタジオ,
2017106748,ベルシャザール,ラスリーズ,
2017100613,トーセンジョーダン,サンマルバンベール,
2017106069,モンテロッソ,シャドウフェアリー,
2017105424,スマートファルコン,チャーチクワイア,
2017105965,メイショウサムソン,ホウヨウターニング,
2017100164,キンシャサノキセキ,クルザダアメリカーナ,
2017104791,ロードカナロア,ステラマリス,
2017105371,ジャスタウェイ,ジュエルオブザナイト,
2017104683,ノヴェリスト,エアマチュール,
2017103524,オルフェーヴル,シガレット,
2017100423,ワークフォース,マイアトラクション,
2017103894,エスケンデレヤ,ハローアゲイン,
2017103604,ベルシャザール,ムーンスケイプ,
2017110022,Dubawi,ジェニーリンド,
2017110166,Kitten's Joy,Spirit Line,
2017110105,Constitution,Flashy Ride,
2017100280,ワールドエース,ピントゥハティ,
2017101305,シニスターミニスター,テイクザスカイ,
2017104241,マジェスティックウォリアー,ニーマルダイヤ,
2017106181,バゴ,オクテットバレー,
2017100547,マジンプロスパー,カアチャンコワイ,
2017106457,ディープスカイ,マイネトップレディ,
2017101671,トゥザワールド,ボンナターレ,
2017104164,ワールドエース,グラスプリマ,
2017101930,ロージズインメイ,マイネエカテリーナ,
2017101318,ロジユニヴァース,シルキーグルーヴ,
2017103996,ロードカナロア,ホワイトエレガンス,
2017100284,トーセンホマレボシ,ワニタレスタリ,
2017106059,マジェスティックウォリアー,トウカイポプリ,
2017106122,アドマイヤムーン,フランチェスカ,
2017104231,エイシンフラッシュ,コイクレナイ,
2017102209,スクリーンヒーロー,イイデサンドラ,
2017104737,エイシンフラッシュ,グレースエポナ,
2017101222,エピファネイア,アイアイボタン,
2017104308,Frankel,モナリザ,
2017103227,ヴァーミリアン,ルネッタアスール,
2015105470,クロフネ,ルーシーショー,
2016102369,エンパイアメーカー,アドマイヤプルート,
2016103082,ロードカナロア,ダイワエルシエーロ,
2016100101,キングヘイロー,アイティアビー,
2016103451,ディープブリランテ,ニシノワン,
2016105689,スズカコーズウェイ,ハエヌキ,
2014101000,カジノドライヴ,バトルラヴ,
2015100153,ストロングリターン,クリノスレンダー,
2016100908,ヘニーヒューズ,オーシャンフリート,
2014105044,クロフネ,ダイワジェラート,
2015104440,ヴィクトワールピサ,ドライアッド,
2016100140,ロジユニヴァース,ロジウエスト,
2015103377,タートルボウル,メイショウチルチェ,
2016104966,エンパイアメーカー,オフジオールドブロック,
2013103678,エンパイアメーカー,ペイドリン,
2015104549,ハーツクライ,マリアロワイヤル,
2013102513,キングカメハメハ,リキサンピュアティ,
2015101581,ストーミングホーム,ヴァレッタ,
2015103370,ゼンノロブロイ,メイショウアルペン,
2014102919,メイショウサムソン,エスジーボナンザ,
2016104797,トーセンホマレボシ,テスティコ,
2015104474,ノヴェリスト,パラダイスバード,
2011101089,メイショウサムソン,ボウレジュ,
2015102604,ワイルドラッシュ,ピサノガレー,
2015106125,ヴァーミリアン,ネオカラー,
2016102602,バンブーエール,ブラックカシミール,
2014100190,ゴールドアリュール,スナークヒロイン,
2014100533,ヨハネスブルグ,ゾイゾイ,
2013105961,ゴールドアリュール,タバスコキャロル,
2014102022,サウスヴィグラス,ローズアライヴァル,
2014105257,ゴールドアリュール,エグジジェ,
2016103870,サウスヴィグラス,ワイルドフェイス,
2014110107,Haynesfield,Swinging,
2014104418,サウスヴィグラス,グーテデロワ,
2014100409,ロードアルティマ,モエレサンタマリア,
2017102342,ディープインパクト,エーシンクールディ,
2017101823,ハーツクライ,フェアエレン,
2017105144,ハーツクライ,ポーレン,
2017105553,キングカメハメハ,ポロンナルワ,
2017103328,ジャングルポケット,ヤマトサクラコ,
2017103800,ブラックタイド,ジューンブライド,
2017102457,キズナ,ダイワパッション,
2017100521,エスケンデレヤ,スイートフィズ,
2016103163,ルーラーシップ,ラヴィアンフルール,
2016104977,ディープインパクト,オンヴェラ,
2016103872,ドリームジャーニー,エアベルヘザー,
2016104584,マンハッタンカフェ,ピューリティー,
2013100376,クロフネ,ブリッツフィナーレ,
2014105277,ディープインパクト,タンタスエルテ,
2013106157,ゼンノロブロイ,リーチフォーザムーン,
2015104405,ディープインパクト,ターフローズ,
2015101388,ゼンノロブロイ,プレシャスライン,
2017104273,ゼンノロブロイ,キャストロメファ,
2017102184,サイレントディール,シルクヴィーナス,
2017104091,ダンカーク,エアデヴォン,
2017103214,スウェプトオーヴァーボード,ザペキンハート,
2017109070,メイショウボーラー,レナリッチ,
2017100726,トーセンジョーダン,イエスマイダーリン,
2017104437,グラスワンダー,マッシュレイヤー,
2017102939,メイショウボーラー,ルスナイオブカラー,
2017101603,ケープブランコ,ゴールデンファレノ,
2017101680,カジノドライヴ,シルクヴェルサイユ,
2017102607,ジャングルポケット,ニシノメルモ,
2017105389,スマートファルコン,ストレイトフロムテキサス,
2017103752,ヴィクトワールピサ,シロガネーゼカフェ,
2017104915,ダイワメジャー,ベアトリスII,
2017100419,ジャスタウェイ,プレシャスライン,
2017103806,ヴィクトワールピサ,スパークルジュエル,
2017100420,ジャスタウェイ,ペケジェイ,
2017100276,スピルバーグ,シナル,
2017100346,キズナ,アンナ,
2017101164,ヴィクトワールピサ,カンタオーラ,
2013103739,オペラハウス,レッドシャトル,
2012104052,ゴールドアリュール,レールマラン,
2014100621,サウスヴィグラス,クリーペル,
2016105045,ヴィクトワールピサ,シュピッツェ,
2014104238,ヴァーミリアン,マダムメガミ,
2014104374,トランセンド,スタミナスピード,
2016101776,ダイワメジャー,グリーンインディ,
2014105242,カネヒキリ,ホワイトブレット,
2014100721,マツリダゴッホ,マイネヴォヤージ,
2016106266,キンシャサノキセキ,オスカルフランソワ,
2014102673,ワークフォース,レディパレード,
2016100764,ナカヤマフェスタ,ラヴリードリーム,
2017100086,ゴールドシップ,ナムラメロディー,
2017105423,ハービンジャー,チャイナドール,
2017105059,Siyouni,レッドサン,
2017102945,ダンカーク,アマダブラム,
2017101924,スクリーンヒーロー,マイネアクティース,
2017104839,スピルバーグ,ナイトオブドバイ,
2017103787,トーセンラー,サウンドザビーチ,
2016104293,ディープインパクト,ディヴィナプレシオーサ,
2015102383,ロードカナロア,レディアーティスト,
2016102890,シニスターミニスター,ショウナンカガリビ,
2016104544,キンシャサノキセキ,ティフィン,
2015105306,シンボリクリスエス,ネイヴルトウショウ,
2015101985,フレンチデピュティ,ビーキュート,
2015104700,ディープブリランテ,ヴィアンローズ,
2016101324,スウェプトオーヴァーボード,アイアンクリッパー,
2016103591,プリサイスエンド,オープンアップ,
2013104708,ハービンジャー,ヒカリマーガレット,
2015106369,ディープインパクト,フラニーフロイド,
2016103414,ダイワメジャー,クイックセイコー,
2014106238,ゼンノロブロイ,レジェンドトレイル,
2016105470,フレンチデピュティ,キネオソレイユ,
2014103850,ダイワメジャー,ナナヨーティアラ,
2016101451,サウスヴィグラス,ラヴィール,
2014106523,ショウナンカンプ,ステキプレゼント,
2016102319,トビーズコーナー,チェリーシェル,
2016104408,ヴァーミリアン,アンソロジー,
2015100435,ベーカバド,シルクロザリオ,
2015105782,ロードカナロア,パーフェクトダンス,
2013104516,アグネスデジタル,ホシノキンカ,
2017105509,エピファネイア,フェルミオン,
2017100437,ディープインパクト,レイカーラ,
2017104622,ダイワメジャー,メジロスプレンダー,
2017106567,ディープインパクト,ヴァレリカ,
2017100641,ゴールドヘイロー,ニシノマドカ,
2017103391,アポロキングダム,サンレイククイン,
2016104492,ルーラーシップ,シャルロットノアル,
2016102372,ベルシャザール,ケイティマイヒメ,
2016105179,エイシンフラッシュ,フィールフリーリー,
2014106141,カジノドライヴ,ポップチャート,
2015101738,ヴァーミリアン,アーダーチャリス,
2013101497,カネヒキリ,ボーイントンキャニオン,
2015110013,Kitten's Joy,ビリーヴ,
2012102157,カンパニー,クリスタルコースト,
2013101453,ステイゴールド,サマーエタニティ,
2015104542,マンハッタンカフェ,マクリス,
2012101505,アドマイヤムーン,ロイヤルアタック,
2014104273,マンハッタンカフェ,スノースタイル,
2013106128,ディープインパクト,ラヴズオンリーミー,
2013109027,クロフネ,メイグレイス,
2014101974,マンハッタンカフェ,フィラストリート,
2012104164,スクリーンヒーロー,エールスタンス,
2016103302,ヴィクトワールピサ,ギフトオブソング,
2015103145,ディープブリランテ,サンクイーンII,
2016104830,ヨハネスブルグ,フサイチパンドラ,
2016104596,ロードカナロア,フォルクローレ,
2017104446,サウスヴィグラス,ハナイチリン,
2017104191,エイシンフラッシュ,クエルクス,
2017102941,アグネスデジタル,ルスナイサンバ,
2017104259,ワークフォース,クロスザレイチェル,
2017100996,スクリーンヒーロー,ダンシングミッシー,
2017104136,マジェスティックウォリアー,コーリンハッピー,
2017101754,ゴールドシップ,ブルーレイ,
2017102801,メイショウサムソン,シゲルコイヒメ,
2017104117,ベルシャザール,ポエティックターン,
2017103670,ダイワメジャー,モンテミウ,
2017100763,ダンカーク,サンピング,
2017104946,タートルボウル,ミューラルクラウン,
2017106463,アルデバランII,ワンダーサークル,
2017103615,ブラックタイド,グラスブロード,
2017101682,タイムパラドックス,ダッキ,
2017106120,クロフネ,アピールポイント,
2017101231,ルーラーシップ,ロジナン,
2017101195,ジャングルポケット,トウカイネオ,
2017104585,ハイアーゲーム,マルゼンブリッジ,
2017100865,アドマイヤマックス,ジャングルヤマト,
2017103403,パイロ,ユズチャン,
2017100827,タニノギムレット,ルンバブギー,
2017101524,スウェプトオーヴァーボード,オメガロンド,
2017100809,スウェプトオーヴァーボード,デルマキャッツアイ,
2017101658,キンシャサノキセキ,イチノヤジョウ,
2017101475,アポロキングダム,レイクマーメイド,
2017104204,ヘニーヒューズ,ローザミスティカ,
2017104121,ラブイズブーシェ,ルーシーイズマイン,
2017103932,コパノリチャード,ラブミーブルー,
2017103991,サウスヴィグラス,ネオイグザンプル,
2017105410,ハービンジャー,タイトルパート,
2017105490,オルフェーヴル,ピクシーホロウ,
2017102881,ジャスタウェイ,ベルミュール,
2017103351,スピルバーグ,グラスティファニー,
2017104402,トーセンファントム,トーセンスマッシュ,
2017102006,ノヴェリスト,ハチマンダイボサツ,
2017106104,エイシンフラッシュ,ナパ,
2017104339,クロフネ,クリヴィア,
2017102390,ロードカナロア,パーフェクトトリビュート,
2017103744,リアルインパクト,サクラクローバー,
2017104380,ディープインパクト,シゲラ,
2017106769,ベルシャザール,ルミナリエ,
2015106040,サウスヴィグラス,ローザレーヌ,
2016106181,タイキシャトル,ユキノレイコ,
2015104785,ロードカナロア,サザンスピード,
2015102620,ロージズインメイ,トーホウフローラ,
2014110026,Tapizar,Refugio,
2016103079,ゴールドアリュール,タピルージュ,
2016103518,アポロキングダム,ウインドクラスト,
2014102092,スズカマンボ,ケイエスホノカ,
2016101264,パイロ,バーミスキャット,
2013110071,Trappe Shot,Ms Louisett,
2016102918,スクリーンヒーロー,コンドルショット,
2015106179,ブラックタイド,ペルセクション,
2016100207,ヘニーヒューズ,イナズマアマリリス,
2014100063,ディープインパクト,オンワードミシェル,
2015101105,ローエングリン,トーセンガラシャ,
2015103201,カンパニー,イスタンブール,
2014106203,ヴィクトワールピサ,ラフィントレイル,
2014102607,ブラックタイド,タイキクララ,
2012104825,メイショウサムソン,ペルヴィアンリリー,
2013100783,キンシャサノキセキ,カストリア,
2014100668,ベーカバド,サマーコード,
2015102198,カジノドライヴ,ウォンビーロング,
2015101695,ケイムホーム,イフリータ,
2014106239,スマートファルコン,レツィーナ,
2015110091,Justin Phillip,Town Belle,
2013106022,クロフネ,ビスクドール,
2013106317,ヴァーミリアン,セクシーザムライ,
2013102856,ディープスカイ,ラブレター,
2014110080,To Honor and Serve,Passion Du Coeur,
2015106226,ヘニーヒューズ,クイーンオブハルカ,
2015104662,ロードカナロア,アドマイヤフッキー,
2017101299,キズナ,アッシュケーク,
2017104917,ハーツクライ,ベガスナイト,
2017104888,キズナ,フィオドラ,
2017106553,ディープインパクト,リズムオブライト,
2017105585,ハーツクライ,ムーンライトダンス,
2017105937,オルフェーヴル,スターペスミツコ,
2017101057,トーセンジョーダン,チュウワプリンセス,
2016100433,エイシンフラッシュ,チャームアンサー,
2012105510,アドマイヤオーラ,タイキルビー,
2013101446,グラスワンダー,コスモダンスナイト,
2015106372,スウェプトオーヴァーボード,エイシンルンナ,
2017103111,ガルボ,スカイグラフィティ,
2017104026,シニスターミニスター,シゲルアケビ,
2017104243,パドトロワ,ハナショウブ,
2017106462,ノボジャック,リヒター,
2017105286,トゥザワールド,ギャラリートーク,
2017105319,ベルシャザール,ゴールドティアラ,
2017103030,エスポワールシチー,オリーブ,
2017102673,トランセンド,タイトーク,
2017100352,ゴールドアリュール,インプレスゴールド,
2017105418,キンシャサノキセキ,ダンスザクラシックス,
2017106322,カジノドライヴ,ラブミーダン,
2017106149,シニスターミニスター,ニシノマザーアース,
2017102355,ニホンピロアワーズ,ステキプレゼント,
2017102711,キングヘイロー,バタラバ,
2017104162,フェノーメノ,オーバーザウォール,
2017103754,シニスターミニスター,ピカンチラヴ,
2017105559,ロードカナロア,マチカネエンジイロ,
2017106630,フェノーメノ,ギリア,
2017104388,フェノーメノ,トーセンインディ,
2017105658,ロードカナロア,ローザブランカ,
2017101296,ルーラーシップ,ピサノドヌーヴ,
2017104880,オルフェーヴル,Pirika,
2017102592,ブラックタイド,ウイントゥルーラヴ,
2017102721,ロードカナロア,アポロティアラ,
2017102680,スクリーンヒーロー,シンコールビー,
2017100356,ディープインパクト,オールウェイズウィリング,
2017101634,タニノギムレット,ベイビーローズ,
2017101187,オルフェーヴル,ユメチョウサン,
2015104932,キングカメハメハ,パーフェクトジョイ,
2016101816,ブラックタイド,ビシャーラ,
2014102558,ディープブリランテ,ネオヴェリーベリー,
2015104758,ディープインパクト,クリソプレーズ,
2016104692,ゴールドアリュール,アイランドファッション,
2015104634,ロードカナロア,ローズオットー,
2016103020,キングズベスト,ジョウノオーロラ,
2013105140,ブラックタイド,ダンゼロゴールド,
2016105716,サウスヴィグラス,マツリバヤシ,
2015100145,スクリーンヒーロー,ヒシシャトル,
2017110083,Uncle Mo,Tiz Miz Sue,
2017110071,ウィルテイクチャージ,Baylor's Babe,
2017105647,クロフネ,レースウィング,
2016104465,ダイワメジャー,クーデグレイス,
2013105885,ハービンジャー,サンヴィクトワール,
2015104815,ダイワメジャー,シルクプリマドンナ,
2016104963,ブラックタイド,エンドレスビジネス,
2014101436,カネヒキリ,ヴィジョンサクラ,
2016110141,Square Eddie,Silar Rules,
2014100128,トランセンド,ヒシエリート,
2016102258,スマートファルコン,リワードエンプレス,
2014104550,シンボリクリスエス,グラスブロード,
2016104480,ハーツクライ,サセッティ,
2016100232,ジャスタウェイ,イクスキューズ,
2016105005,ロードカナロア,グッドチョイス,
2014105666,ルーラーシップ,プライムアクトレス,
2016105091,ディープインパクト,ソーマジック,
2015104388,ローエングリン,セラフィーヌ,
2015101326,ハーツクライ,アンリーチャブルスター,
2017102868,ストロングリターン,エメラルドミスト,
2017101808,ダイワメジャー,シャンテクレール,
2017103051,シニスターミニスター,カリビアンセレブ,
2017100748,ジャングルポケット,キョウエイダルク,
2017109115,フェノーメノ,タイムトラベリング,
2017102985,トゥザグローリー,ミスティックライト,
2017105583,Mayson,ムーングロウ,
2017106563,キズナ,アークティックシルク,
2017106220,キズナ,ティファニーケイス,
2017104636,エピファネイア,アイムオールレディセクシー,
2017101111,ダンカーク,トレノローザ,
2017101824,エイシンフラッシュ,ブルジュオン,
2017102597,エイシンフラッシュ,フロイラインローゼ,
2017103150,カネヒキリ,クリノクロフネ,
2017105326,ディープインパクト,サミター,
2017100201,エピファネイア,ウィルダネスストーム,
2017101112,キングズベスト,ハローサンライズ,
2017105303,オルフェーヴル,クーデグレイス,
2017100971,ディープインパクト,ピュアゴシップ,
2017105975,ロードカナロア,クイーンオリーブ,
2017100459,ゴールドアリュール,セントフロンティア,
2017106202,リアルインパクト,アルマク,
2017102847,ケープブランコ,モンクール,
2017100421,オルフェーヴル,ホワイトヴェール,
2015103768,ゴールドアリュール,アジアンプリンセス,
2015104349,オルフェーヴル,シンディ,
2016105913,サクラプレジデント,サクラシャンティ,
2015100849,タートルボウル,チーズマヨ,
2014110003,Paddy O'Prado,Indylyn,
2016106365,タートルボウル,シフォンベール,
2016102815,エスポワールシチー,アイキャン,
2016102733,トゥザグローリー,ディアジーローズ,
2015110005,Munnings,My Anguilla,
2015101505,トランセンド,サンデーストーリー,
2011101038,ゴールドアリュール,エアセイレン,
2013101904,ステイゴールド,コスモスプラッシュ,
2013103674,オペラハウス,スズカミネルバ,
2013103229,ジャイアントレッカー,トシザサンサン,
2015110020,Point of Entry,スキーホリデー,
2017101415,ゴールドシップ,アオバコリン,
2017105202,ディープブリランテ,アンソニカ,
2017103340,メイショウボーラー,ネバーグレイス,
2016104634,ロードカナロア,ミスティックリップス,
2013104025,メイショウサムソン,クインズプレイヤー,
2012100091,サムライハート,インフレッタ,
2015104190,キングカメハメハ,マトゥラー,
2015104299,ディープインパクト,ギャビーズゴールデンギャル,
2014105947,キングカメハメハ,シラユキヒメ,
2016104397,ルーラーシップ,アソルータ,
2012100276,ステイゴールド,オリミツキネン,
2016105256,サウスヴィグラス,メイルストローム,
2016103166,タイキシャトル,ワディラム,
2014110104,Archarcharch,Joyous Appeal,
2016105531,アグネスデジタル,ルーシーショー,
2017102953,メイショウボーラー,ハリケーンタマ,
2017101158,ヘニーヒューズ,アイアムアクトレス,
2017100965,ディープブリランテ,ミルテ,
2017103778,エイシンフラッシュ,エスターブレ,
2017105365,ダイワメジャー,シーズオールエルティッシュ,
2017102357,シンボリクリスエス,フェアリーロンド,
2017102533,ヴァーミリアン,アリーペデ,
2017103783,ルーラーシップ,ギフトオブザラック,
2017104285,キングカメハメハ,エリモハルカ,
2017103038,ケープブランコ,ピアノフィニッシュ,
2017100814,ストロングリターン,デルマユリア,
2017101766,パドトロワ,グランマモーゼス,
2017102382,ロードカナロア,シンメイフジ,
2017100939,グラスワンダー,スターポケット,
2017103813,タイキシャトル,トウカイパートナー,
2017106289,ダンカーク,セイウンヒマワリ,
2017103311,スマートファルコン,フサイチジェット,
2017106395,タートルボウル,パーソナルブレーン,
2017103658,ハーツクライ,ジュメイラジョアン,
2017104384,エピファネイア,セシルブルース,
2017102092,エピファネイア,ジェイケイドリーム,
2017102171,クロフネ,ダンシングハート,
2017100056,ストロングリターン,ダンスフェイム,
2017105631,ジャスタウェイ,レインボークォーツ,
2016103911,ケープブランコ,スズノメヒョー,
2013110101,Unbridled's Song,Aspenglow,
2016104091,ヨハネスブルグ,スマイルゲート,
2015101896,モンテロッソ,スウィートダンス,
2016101346,ケイムホーム,ナムラミステリー,
2014103175,ダイワメジャー,ラーナック,
2016101757,ゴールドアリュール,サオトメ,
2016101440,キングズベスト,キャットガール,
2014105509,ハーツクライ,シダクティヴリー,
2016101704,リーチザクラウン,ヤマカツカトリーヌ,
2015101912,サムライハート,ワイメア,
2017105452,ルーラーシップ,トップセラー,
2017101449,アイルハヴアナザー,モエレカトリーナ,
2017102833,キンシャサノキセキ,ゴールドレリック,
2017101146,ジャスタウェイ,トウカイオスカー,
2017105045,ダノンバラード,ミッキーレモン,
2017103569,ブラックタイド,ストック,
2014104214,カネヒキリ,ミスフェリチタ,
2016102089,アルデバランII,タキオンメーカー,
2011100625,アグネスデジタル,レインボークイーン,
2016104613,キンシャサノキセキ,ペンテシレイア,
2015100309,ヘニーヒューズ,オーヴァーアンダー,
2014105090,カジノドライヴ,プリンセスチャーム,
2016104454,ロードカナロア,クィーンズバーン,
2015102980,ストロングリターン,ルアス,
2014110029,Pivotal,Cape Elizabeth,
2015105046,オルフェーヴル,ライラックスアンドレース,
2014105535,Frankel,スタセリタ,
2012100939,ゴスホークケン,マルターズヒート,
2014100222,ステイゴールド,サマーエタニティ,
2015100428,スターリングローズ,オーデコロン,
2016104265,ロードカナロア,ガーネットチャーム,
2015105120,アイルハヴアナザー,マイネピュール,
2015105030,ダイワメジャー,ミリオンウィッシーズ,
2015103673,アドマイヤマックス,ショウナンアオバ,
2015100670,ベーカバド,ピュアドリーム,
2017100141,キンシャサノキセキ,イエスアイキャン,
2017105518,ロードカナロア,フロアクラフト,
2017104209,ナカヤマフェスタ,サクラシンフォニー,
2017103250,トーセンジョーダン,ナンヨーアース,
2017109057,アドマイヤムーン,ヴィヴァヴォーチェ,
2017102813,ワールドエース,ワイルドリリー,
2017102345,エスケンデレヤ,エーシンマリポーサ,
2017100926,ジャングルポケット,ティーチャズペット,
2017104481,キズナ,ピュアブラウン,
2017100453,カレンブラックヒル,アースウィンド,
2017100081,サウスヴィグラス,エスコルピオン,
2017105833,ダノンシャンティ,グランドパトラ,
2017104896,ノヴェリスト,フレジェール,
2017104001,バトルプラン,ユキノレイコ,
2017105110,スピルバーグ,シーニーンガール,
2017104064,ワールドエース,ダークマレイン,
2017105596,キングカメハメハ,ライツェント,
2017101620,エスケンデレヤ,メカマハロ,
2017106745,ベルシャザール,ブロードスマイル,
2017105074,ロードカナロア,イリュミナンス,
2017106637,オーシャンブルー,コンドルウイング,
2017104776,キンシャサノキセキ,ジェットスパークル,
2017103382,リアルインパクト,ミキノセレナーデ,
2017102560,ジャングルポケット,ラクリモーサ,
2017102792,マジェスティックウォリアー,エビスオール,
2017110145,Take Charge Indy,Appealing Stella,
2017100874,アイルハヴアナザー,スマートレモラ,
2017102722,ワールドエース,カワイコチャン,
2017102852,スマートファルコン,アガーテ,
2017106018,サウスヴィグラス,レッドマーキュリー,
2017102119,ロードカナロア,ラスヴェンチュラス,
2017105387,ディープインパクト,ステファニーズキトゥン,
2015104589,ワークフォース,ラカ,
2015104973,エイシンフラッシュ,ブロードピーク,
2016104725,クロフネ,ウエストコースト,
2016104376,ロードカナロア,ファイノメナ,
2014101095,ディープインパクト,レディアルバローザ,
2016104580,オルフェーヴル,ビリーヴミー,
2015101174,ブレイクランアウト,エニーデイ,
2014102170,ストリートセンス,スタリア,
2014105460,ステイゴールド,カチバ,
2013105736,ダイワメジャー,レディトゥプリーズ,
2014104369,エンパイアメーカー,クインネージュ,
2015103267,キンシャサノキセキ,メイショウユウゼン,
2013101042,キングヘイロー,ダイメイダーク,
2010100690,ストーミングホーム,ビールジャント,
2014106012,キングカメハメハ,ダイヤモンドディーバ,
2015100978,ショウナンカンプ,ラブハート,
2011103412,ローエングリン,マイネフォクシー,
2012104400,ショウナンカンプ,ボーンスター,
2016101080,アルデバランII,クールユリア,
2016104231,ロードカナロア,メジロスプレンダー,
2014105404,ゴールドアリュール,アーリーアメリカン,
2015105834,サウスヴィグラス,パキータ,
2013106143,ゼンノロブロイ,リアリサトリス,
2016102726,グランプリボス,グランシャルム,
2017106459,メイショウサムソン,スマートディルハム,
2017101104,アドマイヤムーン,アマゾネスバイオ,
2017103819,キングズベスト,バンドゥッチ,
2017105956,ハービンジャー,ニシノフィオーリ,
2017103764,ストロングリターン,ニューヨークバレエ,
2017101180,ハービンジャー,ビクトリアスバイオ,
2017106597,パイロ,ピクシープリンセス,
2017101621,ベーカバド,ラベンダーミント,
2017102019,ケイムホーム,サクラトップクイン,
2017104650,ダノンシャンティ,アルヴァーダ,
2017104955,カジノドライヴ,モンシュシュ,
2017100338,ローエングリン,オメガブルーライン,
2017100210,スピルバーグ,ハートオンウェーブ,
2017102952,オルフェーヴル,ナナヨーティアラ,
2017105088,オルフェーヴル,カニョット,
2017102800,メイショウサムソン,シゲルエスペレ,
2017104704,タートルボウル,オメガグレイス,
2017101700,エスポワールシチー,サクラフォルトゥナ,
2017104986,ジャスタウェイ,レディオーカモア,
2016106168,ヘニーヒューズ,ダウンタウンガール,
2014100256,タイムパラドックス,ツクバオトメ,
2015103670,ノボジャック,インマイラヴ,
2015104894,ディープブリランテ,ディナータイム,
2016105393,タイムパラドックス,セプドール,
2016101848,トビーズコーナー,リミックスアルバム,
2016103080,ディープインパクト,タミーン,
2014102124,ハーツクライ,エイプリルスカイズ,
2015100478,ローズキングダム,フォールメドウ,
2015101786,クロフネ,ニシノモレッタ,
2016106339,アドマイヤムーン,ケイアイカミーリア,
2016101492,ジョーカプチーノ,ジョーアラマート,
2013101207,エンパイアメーカー,ブライティアパルス,
2016110041,Frankel,Restiadargent,
2013101476,アドマイヤムーン,ウメノダンサー,
2015101286,スウェプトオーヴァーボード,プロポーズギフト,
2015103248,アイルハヴアナザー,メイショウワカツキ,
2014102862,ロージズインメイ,クリスチャンパール,
2013105498,Smart Strike,スウィフトテンパー,
2013103338,ヴィクトワールピサ,ハリウッドローズ,
2011103988,クロフネ,ネオクラシック,
2014104563,シニスターミニスター,アイファーペガサス,
2014106166,キングカメハメハ,マリーシャンタル,
2017105422,ハーツクライ,チェリーコレクト,
2017105973,ゴールドシップ,ヴィーヴァブーケ,
2017106153,ヴィクトワールピサ,ヒラボクビジン,
2017106711,ロードカナロア,ミスペンバリー,
2017100583,ヴィクトワールピサ,フギン,
2017105357,Street Boss,シーヴ,
2017106297,サウスヴィグラス,ラシーク,
2017103191,スウェプトオーヴァーボード,ニシノプロミネンス,
2017101906,Munnings,サトルアリー,
2017101478,キンシャサノキセキ,キョウワハピネス,
2017100241,フォーティナイナーズサン,クラウンミラクル,
2017104226,エスポワールシチー,カルブンクルス,
2017101593,トランセンド,テイエムナデシコ,
2017100973,グランプリボス,ヴィスペッツァ,
2017110122,Temple City,Surround Sound,
2017101147,クロフネ,トウカイメリー,
2017102681,クロフネ,モエレフルール,
2017101421,アイルハヴアナザー,オメガラヴィータ,
2017102657,トーセンジョーダン,カワカミショコラ,
2017105052,フェノーメノ,ランデックギブリ,
2017102106,ケープブランコ,ニシノテキーラ,
2017106657,スマートファルコン,ナイストレビアン,
2017104024,モンテロッソ,ギンザクイーンビー,
2017104794,ノヴェリスト,スマートカスタム,
2017110160,Uncle Mo,Taboo,
2017102955,エピファネイア,モーニングムーン,
2017101646,キングズベスト,ヴィクトリアルイゼ,
2017100461,スウェプトオーヴァーボード,ナリタシークレット,
2017104253,ゴールドシップ,エキナシア,
2017103152,カレンブラックヒル,サニーアンジェリカ,
2017105516,ダイワメジャー,フリーティングスピリット,
2017102940,キズナ,ルスナイクリスティ,
2017100323,フィガロ,ミスリンディ,
2015101343,エンパイアメーカー,ゴールドオアシス,
2013105383,キンシャサノキセキ,ウィンドサイレンス,
2015104956,ノヴェリスト,フェルミオン,
2016101091,ナカヤマフェスタ,モエレマリーア,
2016102586,オウケンブルースリ,ヨドノグレイス,
2015102381,ヘニーヒューズ,フェリス,
2017102391,エピファネイア,フェリス,
2017105011,ルーラーシップ,オリエントチャーム,
2017102102,ワールドエース,ドキュン,
2016106040,ハービンジャー,リミッターブレイク,
2015104313,ハーツクライ,ココナッツパルム,
2015101984,オルフェーヴル,ハイタッチクイーン,
2015104053,ヘニーヒューズ,プントバンコ,
2015102297,ヨハネスブルグ,メアリーズガーデン,
2016102670,ダンカーク,ビリーヴザミラクル,
2016104593,ルーラーシップ,フェアリーダンス,
2015102214,モンテロッソ,ムーンハウリング,
2016104514,オルフェーヴル,スカーレット,
2013106329,メイショウサムソン,デンコウラッキー,
2016105230,ヴィクトワールピサ,マチカネハヤテ,
2014104278,ダイワメジャー,タニノハイクレア,
2016104604,ハービンジャー,プリンセスカメリア,
2015105093,ディープインパクト,レッドメデューサ,
2015104352,マンハッタンカフェ,シーキングマイラブ,
2014103524,メイショウサムソン,メイショウグラナダ,
2014102161,ステイゴールド,サバナパディーダ,
2016102324,オルフェーヴル,ホワイトアルバム,
2016104987,オルフェーヴル,カトマンブルー,
2013103707,ナカヤマフェスタ,ギブミーアチャンス,
2014101963,アグネスデジタル,ハーストーリー,
2017100900,ジャングルポケット,クリスエスマーチ,
2017102639,エスケンデレヤ,ライラックラブ,
2017103332,ゴールドシップ,リトルビスケット,
2017101990,アイルハヴアナザー,カデンツァ,
2017102765,トゥザグローリー,ディアマイフレンズ,
2017100611,ヘニーヒューズ,クァンタムミス,
2016105085,タートルボウル,セレブリティモデル,
2013102362,カンパニー,イズミコマンダー,
2014101955,ルーラーシップ,ツルマルハロー,
2012106388,ダンスインザダーク,メイプルダンス,
2015106471,フレンチデピュティ,レーヴドゲラン,
2016106138,フレンチデピュティ,アレグリアス,
2013100915,カネヒキリ,ハイセンスガール,
2017105178,ハーツクライ,アスコルティ,
2017102488,ワールドエース,フィドルプレイヤー,
2017105916,リアルインパクト,トウカイデンヒル,
2017105473,ジャスタウェイ,バロネスサッチャー,
2017102039,サウスヴィグラス,テイエムプリンセス,
2016104588,ハービンジャー,ファシネイション,
2015101288,サムライハート,モルフェキイ,
2016105673,ノヴェリスト,ジョンコ,
2016100650,オルフェーヴル,ルヴェソンヴェール,
2016110075,Point of Entry,サウスヒューマー,
2014105254,ゴールドアリュール,ヴァリアントレディ,
2015100763,ヘニーヒューズ,グジョウハチマン,
2016103260,スウェプトオーヴァーボード,ハッピーティア,
2016100402,ワークフォース,オメガロンド,
2015104444,ダイワメジャー,ナミダガキラリ,
2016100272,ルーラーシップ,アンフィルージュ,
2013106474,マーベラスサンデー,エイシンパンジー,
2013106055,ダイワメジャー,ブラックエンブレム,
2013106121,ハービンジャー,モンローブロンド,
2015105461,ディープインパクト,メリッサ,
2014102878,ダイワメジャー,クライウィズジョイ,
2016106064,ハーツクライ,プレイガール,
2015104835,Dawn Approach,ジョリージョコンド,
2017106335,マジェスティックウォリアー,ジュディソング,
2017106086,トゥザグローリー,メイショウオリビア,
2017101921,ジョーカプチーノ,ベルモントヤマユリ,
2014105032,フサイチリシャール,レディーエンブレム,
2013104542,アグネスデジタル,ロマンスプレゼント,
2015102421,スマートファルコン,カネショウメロン,
2017105393,ロードカナロア,スピードリッパー,
2017106631,リアルインパクト,ハナワキリシマ,
2017103791,スマートファルコン,サトノローズヒップ,
2017101546,グランプリボス,エキゾチックバニラ,
2017103035,シニスターミニスター,グランピアノ,
2017106398,ワークフォース,ピンキーカフェ,
2017102465,キンシャサノキセキ,ママアルパ,
2017103436,ローエングリン,レッドターキー,
2017105905,エイシンフラッシュ,ピエナビーナス,
2017100650,キングヘイロー,サンライトリーダ,
2017104294,ゴールドアリュール,セレブデート,
2017105577,キズナ,ミッキーパール,
2017104914,オルフェーヴル,ヘヴンリークルーズ,
2017106065,エピファネイア,エナチャン,
2017104797,ヴィクトワールピサ,セリメーヌ,
2017105590,ルーラーシップ,モルガナイト,
2017105868,ジャスタウェイ,エーシンメンフィス,
2017105599,エピファネイア,ライラプス,
2017102707,プリサイスエンド,アップルティー,
2013104138,スズカマンボ,スズカブルーム,
2011103741,タニノギムレット,アゲヒバリ,
2010102928,アドマイヤムーン,サンタママ,
2011103690,フジキセキ,ラスティックフレイム,
2015100451,ゼンノロブロイ,ヴィクトリアルイゼ,
2012101215,オンファイア,ハイフレンドモア,
2010101798,ゴーカイ,ジターナフォンテン,
2014110074,Bernardini,Divalarious,
2014100876,ステイゴールド,ラヴァーズレーン,
2014100583,ステイゴールド,クリニエルドゥオル,
2016103463,メイショウサムソン,メイショウカレン,
2015101645,ディープスカイ,パラフレーズ,
2015103335,ネオユニヴァース,ピエナマーメイド,
2015103053,ハービンジャー,エミリア,
2017101792,キズナ,エディン,
2017105366,エピファネイア,シーズンズベスト,
2017110101,Lope de Vega,Palanca,
2016104226,トーセンホマレボシ,マチカネセキガハラ,
2016106420,クロフネ,ミッションヒルズ,
2017101847,フリオーソ,ヴァニラシャンティ,
2017104012,タイムパラドックス,ミヤビハンター,
2017100243,ローエングリン,サザンベル,
2017105122,ルーラーシップ,ドルチェリモーネ,
2017103881,サウスヴィグラス,ミーシャレヴュー,
2016106456,ジャスタウェイ,アースマリン,
2016102238,ベルシャザール,マイネトップレディ,
2015102052,オルフェーヴル,ピュアゴシップ,
2016105496,エイシンフラッシュ,タニノローゼ,
2016103133,ザサンデーフサイチ,クールグレース,
2016102967,カネヒキリ,アイルゴーバック,
2015103494,ネオユニヴァース,レディークライスト,
2016102909,メジロダイボサツ,スズオリヅル,
2016102049,ケープブランコ,ジャミーラ,
2016105536,トーセンラー,ローズウッド,
2017101895,トゥザワールド,ローレルオードリー,
2017109041,ジャスタウェイ,タムロブライト,
2017104092,ブラックタイド,エアラホーヤ,
2017100798,クロフネ,ナリタシルエット,
2017103029,トーセンホマレボシ,リアライズナラック,
2017103953,スマートファルコン,アレグリアス,
2017105771,ゴールドシップ,トレイケイトカフェ,
2017101684,アメリカンボス,ヘーラー,
2017102780,フェノーメノ,インピッシュハート,
2017103969,ハービンジャー,パーティクル,
2017104217,オルフェーヴル,ピュアーフレーム,
2014103669,サマーバード,ワンダープリンセス,
2016103754,メイショウサムソン,エポレット,
2016100467,ヘニーヒューズ,イチノヤジョウ,
2016106438,ベルシャザール,エリモシャイニー,
2016105215,スウェプトオーヴァーボード,ベルグラーノ,
2015104792,ワークフォース,サトノフローラ,
2016101146,ロードカナロア,エイトディズアパート,
2017102675,ロードカナロア,カフェドマーニ,
2017105636,ルーラーシップ,レッドジゼル,
2017103723,パドトロワ,サクラインザダーク,
2013103589,シンボリクリスエス,テンイムホウ,
2014102449,アドマイヤムーン,ヴァルネリーナ,
2016102781,オルフェーヴル,シナスタジア,
2013105745,マンハッタンカフェ,ロリポップガール,
2016103236,サウスヴィグラス,タカラハーバー,
2013104088,ダノンシャンティ,ユメノラッキー,
2012105337,キンシャサノキセキ,フミノオリヒメ,
2016104524,ハービンジャー,スピードリッパー,
2015100339,タニノギムレット,アトムスパンカー,
2014101550,ネオユニヴァース,ビクトリアスバイオ,
2014103611,プリサイスエンド,オーミチェリッシュ,
2017105149,タートルボウル,メイカ,
2017104212,ベルシャザール,アストリッド,
2017105892,マジェスティックウォリアー,タッチアス,
2017104142,エスケンデレヤ,キューティガビー,
2017101161,オルフェーヴル,アリエッタ,
2017100825,スピルバーグ,フェンスイ,
2017101681,コメート,シルクフレアー,
2017105938,ヴィクトワールピサ,ハリウッドローズ,
2017104546,サウスヴィグラス,トーアセンヒメ,
2017103445,タニノギムレット,ミサトペニー,
2017104425,トーセンブライト,トーセンメッツ,
2017101461,ジャングルポケット,ヘイブンズギフト,
2017105430,キズナ,ティッカーテープ,
2017103394,マツリダゴッホ,エヴリホープ,
2017106275,ロードアルティマ,ヒダカナデシコ,
2017100252,キングズベスト,ロンギングエリー,
2017103116,ロードカナロア,マルラニビスティー,
2017101448,リアルインパクト,マリアヴェロニカ,
2017102878,ディープインパクト,デプロマトウショウ,
2017105443,エイシンフラッシュ,ディマクコンダ,
2017103105,ジャスタウェイ,グッドルッキング,
2017105021,エピファネイア,スヴァラッシー,
2017103295,マツリダゴッホ,チェアユーアップ,
2016105017,タートルボウル,サイレントクロップ,
2015101835,アーネストリー,パンテール,
2016100107,ルーラーシップ,アステオン,
2016100559,ロードカナロア,プロモーション,
2016106428,ディープインパクト,レインデート,
2014105247,ハーツクライ,アドマイヤダンサー,
2017100097,ヴィクトワールピサ,エミネントシチー,
2017105292,American Pharoah,クリスプ,
2017103570,キズナ,ナスケンアイリス,
2017105395,マジェスティックウォリアー,スペクトロライト,
2017102923,Bernardini,ナイルクイーン,
2014106160,トーセンホマレボシ,マドレボニータ,
2016100915,ディープブリランテ,ハーランズルビー,
2014105517,ステイゴールド,シリアスアティテュード,
2015104995,ステイゴールド,ホットチャチャ,
2015105090,ディープインパクト,レッドエルザ,
2015104834,ハーツクライ,ジョコンダII,
2012103496,シンボリクリスエス,ヤマカツオーキッド,
2013104849,ナカヤマフェスタ,シングアップロック,
2016100214,ネオユニヴァース,スナークヒロイン,
2014101948,ダイワメジャー,タピルージュ,
2014103690,クロフネ,スプリングフェスタ,
2017105225,ヴィクトワールピサ,ウルトラブレンド,
2017100432,スピルバーグ,ラピーダシャリナ,
2017102944,ワンダーアキュート,ワンダーテルヌーラ,
2017102610,マツリダゴッホ,ヒマラヤタカコ,
2017105113,ルーラーシップ,ストレートラブ,
2017104214,キズナ,グレンチェック,
2017105282,ロードカナロア,キャレモンショコラ,
2017106564,パイロ,アースソング,
2017100218,パイロ,サザンジュエリー,
2015103988,アサクサキングス,シーズゲイル,
2016100322,ヘニーヒューズ,ジーガーウイング,
2015101248,カネヒキリ,アイルゴーバック,
2014103245,キンシャサノキセキ,クリノトップレディ,
2016100890,パドトロワ,ヴェアリアスローズ,
2015103592,ゴールドアリュール,シンプリーディヴァイン,
2015100528,キンシャサノキセキ,タガノレヴェントン,
2016104645,オルフェーヴル,モンヴェール,
2016104221,ワークフォース,サルスエラ,
2017101882,グランプリボス,コントローリング,
2017105334,ルーラーシップ,シェリール,
2017102726,エピファネイア,ノーモアクライ,
2017105276,ダイワメジャー,カリフォルニアネクター,
2015103340,ダイワメジャー,アルペンローズ,
2012105451,アッミラーレ,ターフマジョリック,
2015104675,ローズキングダム,アンティフォナ,
2016105313,レッドスパーダ,トシザコジーン,
2014100656,ディープスカイ,ザフェイツ,
2011102556,ゴールドアリュール,ムゲン,
2014100618,ゴールドアリュール,ルミエールヴェリテ,
2014102197,ストリートセンス,パーフェクトチャンス,
2015101028,ロードカナロア,キルシュワッサー,
2015104131,ダイワメジャー,フェアリーワルツ,
2017103558,エイシンフラッシュ,シータトウショウ,
2017104245,ワールドエース,バースデイパーティ,
2017106017,スウェプトオーヴァーボード,デルマオサキ,
2017104219,マツリダゴッホ,ファストソング,
2017109144,エスケンデレヤ,カシノエスケイプ,
2017103099,ロードカナロア,ルージュバンブー,
2017101289,パイロ,アーベントロート,
2017104868,ゴールドシップ,パールサイド,
2017102236,ナカヤマフェスタ,シルキーウィズ,
2017103137,ワールドエース,ストリートパレード,
2017103005,ヴァンセンヌ,ショウナンアオバ,
2017106240,キンシャサノキセキ,サイレントセンティネル,
2016104291,ワークフォース,ツクバビューティ,
2014106464,ハービンジャー,グッデーコパ,
2016104965,ディープインパクト,オヴァンボクイーン,
2014105221,サマーバード,エリモプリンセス,
2016104670,ディープインパクト,レッドエルザ,
2016100970,エイシンフラッシュ,パリュール,
2014110001,Fastnet Rock,Sweet Dreams Baby,
2011103632,ディープインパクト,ダンツクレバー,
2015103930,バゴ,バイオレントハート,
2014100971,ハーツクライ,ファーストナイナー,
2015100644,スウェプトオーヴァーボード,ファニーゴールド,
2016100630,サウスヴィグラス,グラッドリー,
2016105671,ワークフォース,ザデイ,
2016105461,アイルハヴアナザー,エンシャントアーツ,
2017103622,キングカメハメハ,ミルキーブロード,
2017106778,キングヘイロー,ケージーホマレ,
2017103032,トランセンド,スプリングタイムロマンス,
2017110036,Shamardal,トリート,
2017104535,ノーザンリバー,フェーヴ,
2017104732,エイシンフラッシュ,クリスマスキャロル,
2017100242,アドマイヤコジーン,クラウンモンロー,
2017101240,スズカコーズウェイ,タカヒロガートップ,
2017102840,アイルハヴアナザー,ニュアージュドール,
2013101563,キングカメハメハ,イズミバード,
2015105901,クロフネ,ギフトオブザラック,
2016102096,ロードカナロア,プラウドビューティー,
2017102627,エイシンフラッシュ,ゴールドポイント,
2016105282,パドトロワ,リトルブレッシング,
2016100507,グランプリボス,マイラヴユアラヴ,
2016105426,ゴールドアリュール,サクラカンパネラ,
2014110093,Jimmy Choux,Diva Von Tessa,
2015102855,ネオユニヴァース,プリンセスネージュ,
2015103128,エイシンフラッシュ,フランチェスカ,
2016105270,ハービンジャー,ラブアクチュアリー,
2016102506,マンハッタンカフェ,フェルメールブルー,
2015102208,キングズベスト,ビップピュアレディ,
2016103267,ネオユニヴァース,トーホウドルチェ,
2016106007,ディープインパクト,バディーラ,
2012104787,ハービンジャー,フォルクローレ,
2015104347,キンシャサノキセキ,シルヴァーカップ,
2015102313,ノボジャック,ジュピターズビコー,
2015102391,ロードカナロア,レディルージュ,
2015105225,エーシンフォワード,エーシンパナギア,
2014103867,サウスヴィグラス,オースミアザレア,
2011102525,ディープスカイ,アンジェラスキッス,
2016101155,ロードカナロア,スターコレクション,
2013104128,ゴールドアリュール,グランドホイッスル,
2017100938,キャプテントゥーレ,グレイスフルムーヴ,
2017100306,ジャングルポケット,ミラクルセイリング,
2017103149,ダンカーク,アマノチェリーラン,
2017106401,ノヴェリスト,ミンティエアー,
2017105890,キングヘイロー,レディラック,
2017110065,Uncle Mo,Undercover Justice,
2017102894,ゴールドアリュール,アグネスパサー,
2017100439,ゴールドシップ,ローマンブリッジ,
2017105527,ブラックタイド,プチノワール,
2017100590,クロフネ,ハッピーティア,
2017105984,スマートファルコン,スマートバベル,
2017102831,ネオユニヴァース,アミリス,
2016105222,ディープインパクト,マイジェン,
2015110074,Shackleford,Annie's Apple,
2014102442,スパイキュール,デジタルハッピー,
2014104031,ハーツクライ,サンタローズ,
2016110010,ダイワメジャー,ペリヴェイル,
2016104698,ディープインパクト,アゼリ,
2014101392,ディープインパクト,レジェンドキャット,
2014105637,タイキシャトル,ファイブスター,
2015105849,サクラオリオン,サクラコンドル,
2012104581,キンシャサノキセキ,カリズマティックゴールド,
2016101815,スウェプトオーヴァーボード,デルマオサキ,
2017101941,スクリーンヒーロー,マイネショコラーデ,
2017100600,エイシンフラッシュ,アルピナブルー,
2016103505,タートルボウル,リクエストアワー,
2015104372,ノヴェリスト,スターリーロマンス,
2015104524,キングカメハメハ,ヘヴンリークルーズ,
2017102988,トゥザワールド,オールモストフォーエヴァー,
2017105896,スマートファルコン,リベラノ,
2017104772,ハーツクライ,シンデレラロマンス,
2017104104,オルフェーヴル,トレノトマト,
2017105099,ダノンシャンティ,ココロチラリ,
2017102936,キングズベスト,マンハッタンミート,
2015105856,ローズキングダム,サクラレイリ,
2015106354,フリオーソ,ドナビジュー,
2016104051,スクリーンヒーロー,ロイヤルクリッパー,
2015104994,ルーラーシップ,ペンテシレイア,
2015104803,ハービンジャー,シャラントレディ,
2016102311,ブラックタイド,ブルーボンボヤージ,
2015105040,ロードカナロア,モンローブロンド,
2016110152,シャンハイボビー,Maria's Dance,
2015100822,ベーカバド,ハロードリーム,
2015104364,ドリームジャーニー,ジャジャマーチャン,
2016106453,ゴールドアリュール,ケリーズビューティ,
2015100416,バトルプラン,ウーマンインレッド,
2012100518,サクラバクシンオー,ダイシンモード,
2013104550,アンライバルド,ウイッチトウショウ,
2013103934,マツリダゴッホ,オークルーム,
2015101397,ディープインパクト,マーキーアトラクション,
2016101493,パドトロワ,セラフィーヌ,
2015100637,ダイワメジャー,レスレクシオン,
2016103364,スマートファルコン,ラパヌイ,
2017100132,タニノギムレット,シャインセレブ,
2017104679,ゴールドアリュール,エアコゼット,
2017104013,タニノギムレット,ラヴィングサンデー,
2017101767,オルフェーヴル,ジョリーダンス,
2017102511,エピファネイア,オールウェイズラブ,
2016100105,サムライハート,ビーナストリック,
2017105667,オルフェーヴル,ワンダーレディアンエル,
2017102646,カレンブラックヒル,ケージーヒトメボレ,
2017100915,モンテロッソ,リシャールサーバー,
2016104992,ヴィクトワールピサ,キャンディネバダ,
2011101125,,,
2014106248,ワークフォース,レースドール,
2013103958,コンデュイット,スプリングボード,
2015101212,ディープブリランテ,ダイイチボタン,
2014100649,シングンオペラ,ジェヴォーナ,
2015101387,カジノドライヴ,プリスティン,
2017104466,トーセンホマレボシ,モントレゾール,
2017104792,ジャスタウェイ,ストールンブライド,
2017103058,グラスワンダー,ヒシアニマ,
2017104682,キングカメハメハ,エアマグダラ,
2016101252,ブラックタイド,フォトジェニック,
2016100953,エスポワールシチー,アエノアビリティー,
2015104242,Redoute's Choice,ヴェルダ,
2011106610,タニノギムレット,クロネコ,
2015102403,,,
2015101046,ゴールドアリュール,ホウショウルビー,
2014106529,タートルボウル,ノンキ,
2013105808,カジノドライヴ,エポカブラヴァ,
2016102605,,,
2017101835,,,
2017105327,,,
2017101805,シンボリクリスエス,シェルエメール,
2017105567,ドリームジャーニー,マンデラ,
2017102170,キズナ,ゼフィランサス,
2017105241,ディープインパクト,エクセレンスII,
2017101755,ジャスタウェイ,プリティカポレイ,
2015104456,ディープインパクト,ハウオリ,
2017102007,ヘニーヒューズ,アンケセナーメン,
2017103952,キズナ,ムーランルージュ,
2017106776,パイロ,フサイチミライ,
2017106121,スピルバーグ,ジルニーナ,
2017110068,,,
2017106012,,,
2017103320,ロージズインメイ,ヘヴンリービーナス,
2017104615,タートルボウル,マチカネハナサソウ,
2017105997,ロードカナロア,ペプチドルビー,
2017105078,キンシャサノキセキ,ヴァリアントレディ,
2017106479,ノヴェリスト,エーシンウェンディ,
2017103146,ヨハネスブルグ,ワンダーフウラン,
2017104169,エピファネイア,プレノタート,
2017103936,パドトロワ,アイファーラブラブ,
2017102256,グランプリボス,ユーアーマイン,
2017102378,ルーラーシップ,カルディア,
2017103197,キズナ,サクセスゴーランド,
2017105652,キングカメハメハ,ロゼシャンパーニュ,
2017103632,ワイルドラッシュ,スマートアイリス,
2017102343,,,
2017103233,ルーラーシップ,ファーストナイト,
2017102498,ヴィクトワールピサ,プラチナハート,
2017102073,キズナ,ハルサンサン,
2017104649,クロフネ,アモールミーオ,
2017110159,Uncle Mo,Midnight Visit,
2017101927,スクリーンヒーロー,マイネアルナイル,
2017105215,トーセンジョーダン,インダクティ,
2017100916,クロフネ,レースオブスターズ,
2017105844,ロードカナロア,エイシンオルドス,
2017105817,トゥザグローリー,オードリーローズ,
2017102808,マジェスティックウォリアー,ココモオレンジ,
2017100385,,,
2017100956,ゴールドアリュール,イリデ,
2017103508,スズカコーズウェイ,ベストヒット,
2017104875,ノヴェリスト,ピエナヴィブレ,
2017101730,エイシンフラッシュ,タガノラヴキセキ,
2017101217,,,
2017104651,アイルハヴアナザー,アルダントヌイ,
2017102980,シルポート,メンブランツァ,
2017104648,クロフネ,アムールレジェンド,
2017102206,タガノロックオン,タバスコムスメ,
2017100220,ルーラーシップ,スターオブジュニパー,
2017102054,エスポワールシチー,アムールエテルネル,
2017103024,メイショウサムソン,スターリットラヴ,
2017102770,ケープブランコ,ワンダービジュー,
2014104001,クロフネ,レイテッド,
2016100610,クロフネ,ハギノルチェーレ,
2016102528,ルーラーシップ,リアライズノユメ,
2014102666,ケイムホーム,スイートローレライ,
2016100638,フリオーソ,オータムブリーズ,
2014100508,シンボリクリスエス,タガノスティード,
2015103983,サクラオールイン,クールダウン,
2015103908,ブラックタイド,サワヤカスズカ,
2016102872,リーチザクラウン,ヴィクトワール,
2015102358,ネオユニヴァース,サンセットロード,
2017110138,ハットトリック,Nokaze,
2017101322,ルーラーシップ,チャオプラヤ,
2017104988,ヴィクトワールピサ,レディトゥプリーズ,
2017105252,ロードカナロア,エルダンジュ,
2017104667,ダイワメジャー,インランジェリー,
2017105314,カレンブラックヒル,コズミックショア,
2017106562,キズナ,アリュージョン,
2017109026,ディープブリランテ,アンニュイブルース,
2017103986,ルーラーシップ,サンドラバローズ,
2017104850,スピルバーグ,ノーブルステラ,
2017104940,ストロングリターン,マーブルカテドラル,
2017102400,キングカメハメハ,レディブラッサム,
2017103181,スズカコーズウェイ,スリーサンハーツ,
2017104909,ディープインパクト,プラスヴァンドーム,
2017101999,メイショウボーラー,シャークブロード,
2017102931,エピファネイア,ホッコーザムーン,
2017105597,ハーツクライ,ライフフォーセール,
2017100577,スウェプトオーヴァーボード,クリアソウル,
2017101782,トーセンジョーダン,ヤマニンロードン,
2017105995,ヴィクトワールピサ,プレザンサプライズ,
2017102877,キングカメハメハ,スカイノダン,
2017100904,バゴ,シンシンマーキー,
2017105979,ジャスタウェイ,シェナンドアリバー,
2017103114,キズナ,ピアノコンクール,
2017106036,ロードカナロア,フラワーロック,
2017105093,ロードカナロア,クリアンサス,
2017106231,グロリアスノア,ミサ,
2017100841,トーセンジョーダン,ツルマルミホ,
2017106364,リアルインパクト,アンスポークン,
2017101717,ブラックタイド,キープザフェイス,
2015103357,ヴィクトワールピサ,ダンシングブルーム,
2016106527,フリオーソ,ポレモス,
2016103501,ヘニーヒューズ,ハーリカ,
2016103777,ジャスタウェイ,タイキシャイン,
2016103710,グランプリボス,ジーニアスドール,
2016106426,ディープブリランテ,リキオリンピア,
2014100374,カンパニー,スーパーマルトク,
2015103922,カジノドライヴ,アントワープ,
2016102490,プリサイスエンド,メイショウアリス,
2016100136,ロードカナロア,パイシーズ,
2016104789,キンシャサノキセキ,センティナリー,
2016101984,セレスハント,ウアジェト,
2015101921,キングズベスト,ディトナイト,
2016100235,アイルハヴアナザー,コスモアクセス,
2016100947,アッミラーレ,チャームドリーム,
2016105601,キモンノカシワ,ベルモントアイリス,
2014106091,クロフネ,ファーレサルティ,
2015105050,キングカメハメハ,ラストグルーヴ,
2015100222,ステイゴールド,コスモヴァレンチ,
2014104135,ゼンノロブロイ,ゴットザビート,
2016105186,エイシンフラッシュ,フレジェール,
2015105634,スズカマンボ,ルネッサンスファウンド,
2015104837,ゴールドアリュール,ジンジャーミスト,
2017104833,キズナ,トレラピッド,
2017104151,エピファネイア,ユキノヴィーナス,
2017105640,ダイワメジャー,レッドメデューサ,
2016105188,ロードカナロア,フレンチノワール,
2013102849,ヴァーミリアン,プレシャスライフ,
2015103374,パイロ,メイショウガンツ,
2015110063,Pioneerof the Nile,Painted Woman,
2013100975,キングヘイロー,クリノビリオネア,
2014104589,サウスヴィグラス,タマモメロディ,
2014103571,マンハッタンカフェ,メイショウスズラン,
2014104427,キャプテントゥーレ,スズカシャンティー,
2015103057,ロードカナロア,トゥハーモニー,
2015104810,ディープインパクト,シユーマ,
2015102382,ディープインパクト,レディアルバローザ,
2015105214,Hard Spun,メイケイソフィア,
2015110016,Scat Daddy,Batalha,
2013110001,Regal Ransom,タイタンクイーン,
2014103009,ロードアルティマ,ミルフォードスバル,
2016100733,ヴィクトワールピサ,マイネエレーナ,
2016102189,ダイワメジャー,メイショウスズラン,
2016104711,ハーツクライ,アビラ,
2015104624,ローエングリン,レディセラヴィ,
2014100158,ダイワメジャー,セクシーディナー,
2016105144,アサクサキングス,ハッシュバンバン,
2014100555,ディープインパクト,ヤマニンエマイユ,
2016104691,トーセンホマレボシ,アイズオンリー,
2015104150,ダイワメジャー,ラプターセイハート,
2015101549,ディープブリランテ,エトピリカ,
2016100912,ダンカーク,クロワラモー,
2013106472,パイロ,リスティアアスリー,
2013100731,ディープインパクト,マイティーカラー,
2015106194,キンシャサノキセキ,ストームツイスター,
2016105553,キンシャサノキセキ,ゴーファイトウィン,
2015102817,メイショウサムソン,メイショウラグーナ,
2016103495,ジャスタウェイ,カストリア,
2014105417,ダイワメジャー,ヴァイオレットラブ,
2017103341,クロフネ,アイスメアー,
2017101807,マジェスティックウォリアー,シャスターデイジー,
2017103876,ウィルテイクチャージ,パープル,
2017103974,ディープブリランテ,マジェスティックラニア,
2017103980,スピルバーグ,ナムラボルテージ,
2017101173,ハービンジャー,ジュピターズジャズ,
2017103020,メイショウボーラー,サイレントイヴ,
2017100082,スマートファルコン,スマートソフィア,
2017102426,ダンカーク,ソロデビュー,
2017103829,ハーツクライ,ブライスキャニオン,
2017105304,ヴィクトワールピサ,グランプリソフィ,
2017101401,ヴィクトワールピサ,スナークヒロイン,
2017104018,サウンドボルケーノ,タンポポプリンセス,
2017105390,キズナ,ストールンハート,
2017109126,ラブイズブーシェ,コパノチカチャン,
2017100447,マジェスティックウォリアー,リュクスメジャー,
2017101327,アサクサキングス,カシノヴィガ,
2017105805,メイショウサムソン,デンコウラッキー,
2017101560,エスポワールシチー,アルヴェナ,
2017106032,エピファネイア,スマッシュハート,
2017102492,ルーラーシップ,エルクイーン,
2017103386,リアルインパクト,ラヴフェアリー,
2017103285,アイルハヴアナザー,ジェルヴェーズ,
2017101676,トランセンド,キーステージ,
2017106494,エイシンアポロン,エーシンスピニング,
2017104972,Golden Horn,リュポメルー,
2017103074,マジェスティックウォリアー,マーベラスローズ,
2017103945,ゼンノロブロイ,チャームナデシコ,
2017102904,ワンダーアキュート,カネトシバニラ,
2017104100,ベルシャザール,テンザンアモーレ,
2017104084,クロフネ,マーヴェリックス,
2017103204,キズナ,リアルエクスペクテイションズ,
2017105881,ヨハネスブルグ,ホームフロムオズ,
2017100428,シンボリクリスエス,ミリオンハッピー,
2017104484,ダイワメジャー,メルセンヌナンバー,
2017103688,シニスターミニスター,シーヴァージア,
2017106316,マジェスティックウォリアー,エアガガ,
2017106336,スピルバーグ,タイキエイワン,
2017102809,ヴィクトワールピサ,シシャモチャン,
2017106128,キングズベスト,アサヒライジング,
2017102954,ジャスタウェイ,ファーレサルティ,
2017101764,ヘニーヒューズ,レゼトワール,
2017102887,カレンブラックヒル,ナムラケイオス,
2017100602,キズナ,クイックコマンド,
2017102443,パイロ,ライヴマジック,
2017102876,ロードカナロア,ショウナンタレント,
2016104875,キンシャサノキセキ,ラフアップ,
2015105432,マツリダゴッホ,タニノジュレップ,
2013103604,ハービンジャー,アグネスリース,
2015104093,タートルボウル,サザンフェアリー,
2015103262,バゴ,ジャミーラ,
2013106184,クロフネ,レースウィング,
2014104274,コンデュイット,スマーティコジーン,
2015101327,クロフネ,インゴット,
2014109037,キンシャサノキセキ,ローズロック,
2016101385,クロフネ,ヒミノダンス,
2017105248,キズナ,エピックラヴ,
2017105625,ハービンジャー,リングネブラ,
2017102103,スクリーンヒーロー,ニシノシュクラン,
2017103046,キズナ,シャーペンセンス,
2017105581,カレンブラックヒル,ムスタパルタ,
2017105126,ロードカナロア,ノブレスオブリッジ,
2017101439,マツリダゴッホ,サマーソング,
2017109071,ウインバリアシオン,ゴーオンマイウェイ,
2017102091,ダンカーク,サルサクイーン,
2017101905,ディープインパクト,コスモルーシー,
2017101011,エイシンフラッシュ,マコトナワラタナ,
2017102889,ヴァンセンヌ,ケンアマツカゼ,
2017100165,ヴィクトワールピサ,シガトカ,
2017100545,スクリーンヒーロー,アルカンシエル,
2017102632,エイシンフラッシュ,トゥルーストーリー,
2017106345,トゥザワールド,インフィジャール,
2017101485,ヘニーヒューズ,ヤマノローラ,
2017105637,エピファネイア,レッドソンブレロ,
2017103336,ゴールドシップ,レッドルンバ,
2016102133,ワークフォース,シャムローグ,
2016102767,ドリームジャーニー,ザリーン,
2014106072,ハービンジャー,パーフェクトジョイ,
2016104410,ハービンジャー,アーデルハイト,
2016104393,エイシンフラッシュ,アウトオブザウィム,
2015103175,ハーツクライ,ショウダウン,
2016105290,ディープインパクト,レジュールダムール,
2016105255,ディープインパクト,メイキアシー,
2016100585,ハービンジャー,アディアフォーン,
2015104209,ダイワメジャー,アスドゥクール,
2015104056,マンハッタンカフェ,メジロカトリーヌ,
2015101573,ディープインパクト,アーキオロジー,
2013102427,ヴィクトワールピサ,オルティスローザ,
2016105414,ルーラーシップ,エスピナアスール,
2015104673,タートルボウル,アレキサンドリア,
2013105566,ヴィクトワールピサ,ニアメ,
2015105408,キングカメハメハ,キョウエイトルース,
2016101894,ルーラーシップ,チェリーエンジェル,
2016106046,ダンカーク,ロイヤルヴォルト,
2014104401,シルバーチャーム,サンデーストーリー,
2014100977,ディープインパクト,クラッシーシャーロット,
2015104132,ロードカナロア,フェイドレスシーン,
2015103603,メイショウボーラー,ディープセーマ,
2016105001,ハービンジャー,クリスティロマンス,
2016101534,ケープブランコ,アドマイヤパンチ,
2016104495,オルフェーヴル,ショウリュウムーン,
2016100550,ヴィクトワールピサ,タイムフェアレディ,
2014105320,マンハッタンカフェ,リリアーレ,
2015103079,ルーラーシップ,ウォータープレミア,
2015101540,ハーツクライ,トーホウガイア,
2014104595,スペシャルウィーク,クイーンナイサー,
2013104803,ディープインパクト,アスクコマンダー,
2014103577,ディープインパクト,メイショウベルーガ,
2014101307,タニノギムレット,キョウモヨロシク,
2016110103,No Nay Never,Muravka,
2015103616,メイショウボーラー,マンハッタンミート,
2014103795,ハーツクライ,ウイングドキャット,
2016104839,ロードカナロア,プチノワール,
2014104314,マンハッタンカフェ,レッドルンバ,
2013103573,アドマイヤマックス,カンシャノキモチ,
2016100423,エイシンフラッシュ,モエレオープンヒメ,
2014102894,タートルボウル,メジロジョーンズ,
2014105081,ハーツクライ,プリンセスペスカ,
2014103040,ルーラーシップ,エイシンサンサン,
2015100227,ディープインパクト,コスモチェーロ,
2013103740,タイキシャトル,シェリーバレンシア,
2012101801,ディープインパクト,サムワントゥラブ,
2016104431,ロードカナロア,エカルラート,
2016110131,Central Banker,Our Miss Jones,
2014104684,サウスヴィグラス,ナイストップクイン,
2013110126,Tiz Wonderful,Izzy Kate,
2015102168,スマートファルコン,ディーエスメイドン,
2016103788,サウスヴィグラス,ダイメイダーク,
2014110089,Tiz Wonderful,Speightsy Heart,
2016106061,サウスヴィグラス,ピサノルビー,
2015102499,ハーツクライ,ノータブルアート,
2015104354,ゴールドアリュール,シークレットジプシー,
2014105805,クロフネ,アペラシオン,
2017105358,キンシャサノキセキ,シーカーマ,
2017106015,サウスヴィグラス,シーソング,
2017100224,マジェスティックウォリアー,バラベルサイユ,
2017104573,フェノーメノ,クレバーピルエット,
2017104102,フェノーメノ,テンザンコノハナ,
2017103798,アイルハヴアナザー,シーブリーズライフ,
2017100458,アドマイヤムーン,セレーサ,
2017106078,ショウナンカンプ,ジーシスター,
2017104616,ダイワメジャー,メジロアリス,
2017100240,アドマイヤコジーン,クラウンミストラル,
2017102253,シニスターミニスター,ピュアフレグランス,
2017100115,ダイワメジャー,ジョウノカーラ,
2017106772,トゥザグローリー,アナタゴノミ,
2017102218,ジャングルポケット,パリスセイリュウ,
2017106057,リアルインパクト,シャルロッカ,
2017102031,ハーツクライ,アルシッペ,
2017106071,モンテロッソ,メイプルロード,
2017102430,ゴールドアリュール,レディナデシコ,
2017100197,ロードカナロア,ホッコーマスタング,
2017100846,エピファネイア,レイナデアブリル,
2017105431,トーセンホマレボシ,ティフィン,
2017104869,ハーツクライ,パールシャドウ,
2017102455,クロフネ,アドマイヤマダム,
2017103084,カリズマティック,ヨドノスマイル,
2017106540,キズナ,オールアイキャンセイイズワウ,
2017106027,アイルハヴアナザー,フェアナタリー,
2017100433,ダンカーク,ララエクレリゼ,
2017106541,ヴィクトワールピサ,カメリアローズII,
2017104656,ノヴェリスト,アロマキャンドル,
2017109152,トランセンド,テイエムヨカドー,
2017101193,カレンブラックヒル,カレンコティヤール,
2017104659,ゴールドアリュール,アンブルサイド,
2017101816,タートルボウル,トラディション,
2017104470,ルーラーシップ,アイアムノココロ,
2017105260,ノヴェリスト,オークヒルパーク,
2017105040,ハーツクライ,フェリシア,
2017100772,ジャスタウェイ,ラインアンジュ,
2017102557,ブラックタイド,アリゲーターアリー,
2017101739,ゴールドアリュール,ミトス,
2017106089,ワールドエース,メイショウピレネー,
2017102190,ヘニーヒューズ,ゴッドダンシング,
2017106341,カレンブラックヒル,タイキフェアレディ,
2017105990,マジェスティックウォリアー,ナムラセレナーデ,
2017102096,ヴィクトワールピサ,ダンシングロイヤル,
2017106453,ダンカーク,メイショウヒメユリ,
2017106096,エイシンフラッシュ,マシロンガール,
2017102199,ディープブリランテ,ヒトリムスメ,
2017103319,キンシャサノキセキ,プレシャスドロップ,
2017102934,ゴールドアリュール,マスターチアフル,
2017105927,プリサイスエンド,ブラックビスケット,
2017106374,パイロ,ウォータープリプリ,
2017102550,モンテロッソ,サンライトムーン,
2017106365,カレンブラックヒル,エリモパンサー,
2017104329,メイショウボーラー,モエレカバーガール,
2017102886,エピファネイア,レティセントガール,
2017101442,ゴールドシップ,シュフルール,
2017105380,フェノーメノ,スウェアトウショウ,
2017104924,エピファネイア,ボルドグザグ,
2017102797,ワールドエース,ローザディアマント,
2017104936,キングカメハメハ,マルセリーナ,
2017105544,ハーツクライ,ペンカナプリンセス,
2017102077,ジャスタウェイ,アルーシュ,
2017105655,ヴィクトワールピサ,ロレットチャペル,
2017104989,ディープインパクト,レニーズゴットジップ,
2017102386,エイシンフラッシュ,ティアーモ,
2017101427,オルフェーヴル,コスモヴァレンチ,
2017105634,ハーツクライ,レツィーナ,
2017105720,キングカメハメハ,オンケンバヤソワカ,
2017104962,キングカメハメハ,ラブリネスオブパリ,
2017103854,エピファネイア,リーサムガガ,
2017106038,ロードカナロア,モーニングフェイス,
2017105335,ディープインパクト,シェルズレイ,
2017106578,ディープインパクト,サマリーズ,
2017100452,キングズベスト,アトランティード,
2017105618,オルフェーヴル,リップスポイズン,
2017100246,ダイワメジャー,ブロッサムレーン,
2017105049,オルフェーヴル,モクレン,
2017101172,カレンブラックヒル,ジュエルトウショウ,
2017100368,エイシンフラッシュ,サトノコンドル,
2017101943,スクリーンヒーロー,マイネソルシエール,
2017101006,アイルハヴアナザー,ブラボーデイジー,
2017104081,エピファネイア,マイスクエアワン,
2017106765,ジャングルポケット,ワナ,
2017106212,オルフェーヴル,コンサーンナッカ,
2017105878,エイシンフラッシュ,ハートフォーカス,
2017103582,スピルバーグ,ニホンピロヴィータ,
2017105265,キンシャサノキセキ,カシシ,
2016101359,ブラックタイド,ウイントゥルーラヴ,
2016105998,ルーラーシップ,ダイワジャンヌ,
2016103022,ブラックタイド,ジョウノファミリー,
2016106313,ワイルドラッシュ,ホーマンピクシー,
2015105083,ロードカナロア,ルミナスポイント,
2013104017,キンシャサノキセキ,アルフレンテ,
2016101847,シンボリクリスエス,モーニングフェイス,
2016103289,ダイワメジャー,アドニータ,
2014106052,ルーラーシップ,ナスカ,
2014105933,ステイゴールド,シェアザストーリー,
2014105910,ジャングルポケット,グレイスファミリー,
2016103983,スズカフェニックス,スズカフローラ,
2014100838,キンシャサノキセキ,ショウナンカルメン,
2014100474,ネイティヴハート,オペラアイ,
2015105511,マンハッタンカフェ,ホットフレイバー,
2016101455,スマートファルコン,ギュイエンヌ,
2016105084,ディープインパクト,セリメーヌ,
2013105538,マンハッタンカフェ,ダンスオブザマンボ,
2016106126,ベルシャザール,アイノココロ,
2015103138,ダイワメジャー,オリジナルスピン,
2014102088,サマーバード,フィールザファン,
2014109151,ブラックタイド,テイエムヒスイ,
2013104237,バトルプラン,ナスケンアイリス,
2015104129,ヘニーヒューズ,フィールドサンデー,
2013103668,ヨハネスブルグ,ビューティコマンダ,
2016110059,Lemon Drop Kid,Dame Ursula,
2014100210,ステイゴールド,コウエイソフィア,
2016104779,ヘニーヒューズ,スカイクレイバー,
2015110083,Point of Entry,Hug It Out,
2016104629,オルフェーヴル,マルティンスターク,
2016102929,キングズベスト,バノヴィナ,
2016104589,ハーツクライ,ファッションプレート,
2013105355,マンハッタンカフェ,アグネスラブ,
2015104170,ステイゴールド,オリエンタルアート,
2015104724,ディープインパクト,オーサムフェザー,
2016103962,モンテロッソ,シャッツ,
2016100269,ローズキングダム,ジョウショーコトミ,
2015103979,ステイゴールド,ヒカルカリーナ,
2015106157,オルフェーヴル,シルバービート,
2016102044,トーセンラー,タケショウレジーナ,
2015100830,ロードカナロア,ラッキーダイス,
2014105621,,,
2015110102,First Samurai,Indian Bay,
2016102692,ハービンジャー,サクセスシルエット,
2015110046,Le Havre,Magic Potion,
2016101285,,,
2015100772,ロードカナロア,スワン,
2016106471,オルフェーヴル,エイシンパンサー,
2016101167,ロードカナロア,レディチャーム,
2016103062,スウェプトオーヴァーボード,サンタドレス,
2016101769,パイロ,ルアス,
2015106165,ルーラーシップ,チアフルアイズ,
2016105892,ゴールドアリュール,シンワウォッカ,
2016100601,ハーツクライ,サリエル,
2016100943,ヘニーヒューズ,セイントブルック,
2016104707,ハーツクライ,アナアメリカーナ,
2015106252,シニスターミニスター,ドゥオナー,
2015105693,Hard Spun,プリンセスキナウ,
2016109099,パイロ,テイエムノキセキ,
2016104359,オルフェーヴル,ケイト,
2014105309,ダイワメジャー,ミリアム,
2016104321,ロードカナロア,ミッドタウンレディ,
2017104867,,,
2017106230,,,
2017106418,,,
2017103280,ロージズインメイ,サマーロコガール,
2017101884,トランセンド,マザーレイク,
2017105511,ハーツクライ,フォンタネリーチェ,
2017105177,,,
2017105407,ルーラーシップ,ソングバード,
2017101674,エスポワールシチー,ヒミノオトヒメ,
2017100436,ディープインパクト,ルアーズストリート,
2017102823,,,
2017104195,,,
2017105073,,,
2017106338,,,
2017104631,,,
2017101790,ヴィクトワールピサ,ヴァイセフラウ,
2017100087,キンシャサノキセキ,パンカティリオ,
2017100466,シンボリクリスエス,ピエナアプローズ,
2017100757,クロフネ,アグネスキフジン,
2017101149,ゼンノロブロイ,ハナマル,
2017104236,ワークフォース,ディアエスペランサ,
2017104991,ダイワメジャー,ロイヤルマリー,
2017100555,ワークフォース,ラーチャプルック,
2017101433,アイルハヴアナザー,コスモプラチナ,
2017101210,カジノドライヴ,コアレスサンデー,
2017106138,マジェスティックウォリアー,コウヨウアイリーン,
2017103345,クロフネ,アートオブビーン,
2017102663,ゴールドシップ,ドゥザボサノバ,
2017110172,Uncle Mo,Isobel Baillie,
2017110148,Carpe Diem,Mane Princess,
2017110004,アニマルキングダム,Triune,
2017106163,クロフネ,ランブルジャンヌ,
2017110099,Zoffany,Verbose,
2017103888,ルーラーシップ,ニホンピロアブミ,
2017103505,スズカコーズウェイ,プリモローズ,
2017105465,ロードカナロア,ハッピーテレサ,
2017110090,Speightstown,Pianist,
2017106264,メイショウボーラー,ビューティアイ,
2017110091,No Nay Never,Petaluma,
2017105538,ヘニーヒューズ,ベッライリス,
2017104974,ダノンシャンティ,ルヴァーガール,
2017104279,タイセイレジェンド,スカイヴァイパー,
2017106099,エイシンアポロン,エーシンラージシー,
2017110133,Summer Front,Poetic Riches,
2017104606,スマートファルコン,ゴールウェイ,
2017103941,ジャスタウェイ,アイナマーリエ,
2017101400,スクリーンヒーロー,サウンドガガ,
2017106159,グランプリボス,モズソフィ,
2017110124,Giant's Causeway,Damsah,
2017101036,メイショウサムソン,モエレエターナル,
2017104517,カジノドライヴ,レッドセシリア,
2017106133,リアルインパクト,エポカブラヴァ,
2017103041,メイショウボーラー,ヴェンティミリア,
2017100636,マジェスティックウォリアー,ベルベットカフェ,
2017103010,ローエングリン,ハビタブルゾーン,
2017106370,マジェスティックウォリアー,レッドシャトル,
2017104983,ノヴェリスト,レッドリップス,
2017105628,エピファネイア,ルミナスハッピー,
2017104771,ハーツクライ,シルヴァーカップ,
2017105216,ロードカナロア,インナーアージ,
2017104119,エピファネイア,ラブフール,
2017106392,ルーラーシップ,ニコールバローズ,
2017106403,ヴィクトワールピサ,メイショウアリア,
2017101733,エスケンデレヤ,トウシンヴィーナス,
2017103133,ハーツクライ,ウォーターエナン,
2017106522,フェノーメノ,ホウショウマツエ,
2017105377,キングカメハメハ,ジンジャーミスト,
2017100813,オンファイア,デルマポッペア,
2017101629,メイショウサムソン,シルクロザリオ,
2017105200,ハーツクライ,アルテリテ,
2017106384,ワールドエース,ジャストフォーチャンス,
2017104695,ハーツクライ,エルーセラ,
2017104961,ルーラーシップ,ラブアクチュアリー,
2017104932,ジャスタウェイ,マリアロワイヤル,
2017105134,フェノーメノ,フェアリーライン,
2017103568,バゴ,シルクプリズム,
2017100464,ルーラーシップ,ヒーラ,
2017106178,ネオユニヴァース,レオティアラ,
2017104681,オルフェーヴル,エアトゥーレ,
2017106339,エイシンフラッシュ,タイキソレイユ,
2017104661,オルフェーヴル,アンリミテッドバジェット,
2017102383,ジャスタウェイ,ジャズキャット,
2017102762,ザサンデーフサイチ,サマールナ,
2016105715,オルフェーヴル,ポジションリミット,
2015103391,メイショウボーラー,クールリーヴ,
2013104027,ゴールドアリュール,コーディーライン,
2015102754,ダイワメジャー,スコアズビー,
2016100961,スウェプトオーヴァーボード,アレキパ,
2015101281,マツリダゴッホ,ラヴフルーヴ,
2016106245,ディープスカイ,プリンセスカナ,
2015103142,モンテロッソ,グランプリチェリー,
2016106582,エイシンフラッシュ,ミヤコレッドローズ,
2016100391,メイショウボーラー,デビルインマインド,
2014103182,メイショウボーラー,トーワフォーチュン,
2014105078,キンシャサノキセキ,トレノトマト,
2012106042,キングカメハメハ,トロピカルナイト,
2016103109,ナカヤマフェスタ,プリスティン,
2016102434,キンシャサノキセキ,バグワイザー,
2016110015,ダイワメジャー,リズミック,
2016105687,Distorted Humor,ドリームライター,
2015101014,ヘニーヒューズ,アンティークカラー,
2014104612,ヴァーミリアン,タイキロザリオ,
2014103848,スマートファルコン,スズカルビー,
2014101061,キングカメハメハ,マーゼリン,
2014100597,ハーツクライ,スティーリンキッシーズ,
2016101792,ルーラーシップ,ペプチドヒノトリ,
2016101159,Curlin,ハリケーンフラッグ,
2015102637,ネオユニヴァース,レディーメグネイト,
2016100984,カネヒキリ,マスターギラティナ,
2015101229,エスポワールシチー,バラベルサイユ,
2015100524,ヨハネスブルグ,タガノティアーズ,
2015105144,ゴールドアリュール,アスターヒューモア,
2014100584,ゼンノロブロイ,グッバイマイラブ,
2015101378,ネオユニヴァース,ピサノプリヴェ,
2015101380,ディープインパクト,フィリス,
2013103590,ステイゴールド,ファニーモーク,
2015101178,ブレイクランアウト,ゴールドデイ,
2015104047,トーセンホマレボシ,ウィストラム,
2015106289,シニスターミニスター,シフォンベール,
2014100529,ゴールドアリュール,ケイアイデイジー,
2014106130,ヴィクトワールピサ,ベルベットローブ,
2015105691,カネヒキリ,ニホンピロタルト,
2015103049,メイショウボーラー,フェアナタリー,
2015102390,ハーツクライ,レディマーメイド,
2014100576,トランセンド,イコールパートナー,
2015101394,ハーツクライ,マジカルシェイプ,
2015110015,Ghostzapper,ウィルビーゼア,
2013102190,キングカメハメハ,プレシャスラバー,
2015101339,エンパイアメーカー,グレイスティアラ,
2016100538,バゴ,ラヴソレイユ,
2015100529,エンパイアメーカー,タバスコムスメ,
2016102565,ゼンノロブロイ,ヒシアニマ,
2016101194,ダンカーク,アトムチェリー,
2014104991,タイムパラドックス,ケイウンブルーム,
2016105560,アポロキングダム,タマモマナムスメ,
2017105485,ディープインパクト,ヒルダズパッション,
2017105623,ジャスタウェイ,リュヌドール,
2017101830,ロードカナロア,ラベ,
2017104055,ヘニーヒューズ,オールザットジャズ,
2016105734,ロードカナロア,マイネアンティーク,
2015110056,Frankel,イーデンズコーズウェイ,
2015100608,ディープインパクト,グローリーブラッド,
2014105609,キングズベスト,ハシッテホシーノ,
2016104198,ブラックタイド,カルストンツバサ,
2016110113,Invincible Spirit,ウオッカ,
2016101679,ディープインパクト,エーシンメンフィス,
2016104834,ディープインパクト,フリーティングスピリット,
2016103272,ロージズインメイ,エトピリカ,
2016104361,ハーツクライ,サマーナイトシティ,
2015101813,ゴールドアリュール,ユウアールシー,
2017102603,ロードカナロア,ニシノビギン,
2017104729,ルーラーシップ,クラウンプリンセス,
2017101714,キングズベスト,アドマイヤシルク,
2017102624,スピルバーグ,イミラカチャ,
2017106048,トゥザグローリー,ゴールドコイン,
2017106673,サウスヴィグラス,アジェンダ,
2017103872,キンシャサノキセキ,シャイナムスメ,
2017100665,ネオユニヴァース,サクセスマリ,
2017101749,キンシャサノキセキ,ジョディーズライン,
2017102748,パイロ,モモイロアゲハ,
2017106393,カジノドライヴ,ハッピーコラソン,
2017101080,メイショウボーラー,アナコンダ,
2017104592,スマートファルコン,ジェンハオサイマ,
2017106080,グランプリボス,ボンベイダック,
2017100376,ハーツクライ,シークレットアセット,
2017104698,キズナ,オッティマルーチェ,
2017105532,マジェスティックウォリアー,プリンセスフローラ,
2017100265,ハタノヴァンクール,ステイハッピー,
2017103890,ニホンピロアワーズ,ニホンピロエミリー,
2017102834,ディープスカイ,サチノスイーティー,
2017100415,スピルバーグ,ブレンダ,
2017106400,ヴィクトワールピサ,ポールポジションII,
2017106505,トーセンジョーダン,イスタンブール,
2017109047,エスケンデレヤ,モモトンボ,
2017110084,War Front,Together,
2017102911,ダイワメジャー,コンケイヴ,
2017104750,ダノンシャンティ,サクラサクII,
2017103695,スマートファルコン,リーフィーウッド,
2017105827,シニスターミニスター,ワイエムサチ,
2017100411,ブラックタイド,フィルハーマジック,
2017106242,Quality Road,ジプシー,
2017103063,ディープブリランテ,ヒシタイトル,
2017102769,ワンダーアキュート,ワンダーストーリリ,
2017106269,ローマンエンパイア,ターフマジョリック,
2017101565,トランセンド,ダイシンマジック,
2017106426,トランセンド,エナジーハート,
2017102322,メイショウサムソン,アイファーイービス,
2017100408,ヴァーミリアン,ビーフェアー,
2017106750,ベルシャザール,ルトルヴェール,
2017101734,キンシャサノキセキ,ビーグレイシャス,
2012106071,キンシャサノキセキ,ウルトラスキー,
2013106140,ジャングルポケット,ラルーチェ,
2016102620,ファーガソン,フレンズ,
2013105685,ワークフォース,メメエナン,
2016105492,マツリダゴッホ,タニノエクセレント,
2013104310,アッミラーレ,キャッスルローズ,
2016109127,ミスキャスト,サプライズフォース,
2016100545,アドマイヤムーン,ケイアイアテナ,
2014104699,フリオーソ,タップダンス,
2012104783,キングカメハメハ,フィロンルージュ,
2016105155,キャプテントゥーレ,ヒシシルバーメイド,
2013102770,マンハッタンカフェ,ロックオブサリサ,
2017104719,ディープインパクト,カンビーナ,
2017106570,ディープインパクト,オータムメロディー,
2017104141,エピファネイア,ローズアダージョ,
2017105378,トーセンラー,スウィートテイルズ,
2017105493,ブラックタイド,ピュアブリーゼ,
2017106414,ハーツクライ,メイショウベルーガ,
2017106372,ワールドエース,アモーレヴォレ,
2017101859,オルフェーヴル,パールブロッサム,
2017100993,ブラックタイド,シュガーハート,
2017104578,ストロングリターン,リヴァリーン,
2017105630,ロードカナロア,レイナソフィア,
2017105301,ルーラーシップ,クロフォード,
2017105077,ハービンジャー,ヴァイスゴルト,
2017102350,エイシンフラッシュ,マーゼリン,
2017104881,キングカメハメハ,ピンクカメオ,
2017105204,エピファネイア,アンナヴァン,
2017109097,スウェプトオーヴァーボード,ラヴアズギフト,
2017105060,ヘニーヒューズ,ロフティーエイム,
2017106558,パイロ,アクアリスト,
2017100431,ゴールドアリュール,ラグジャリークラス,
2017105560,ゴールドアリュール,マチカネタマカズラ,
2017102257,パイロ,ヴィトンクイーン,
2017103990,ヨハネスブルグ,トップスカーレット,
2017100535,カジノドライヴ,ハイキートーン,
2017109130,トゥザグローリー,ハニーダンサー,
2017103756,コパノリチャード,ラブミーチャン,
2017102010,オルフェーヴル,クイーンオブトロイ,
2016102370,オルフェーヴル,アンジュシュエット,
2014102164,ネオユニヴァース,シェルシーカー,
2014106114,エンパイアメーカー,ブルーメンブラット,
2016105513,ブラックタイド,フォーハピネス,
2014105931,クロフネ,サンデースマイルII,
2016105226,ヴィクトワールピサ,マサノミネルバ,
2016103509,メイショウボーラー,ユメノハコブネ,
2016103212,ゴールドアリュール,スマートバベル,
2014105082,バトルプラン,リボンストライプ,
2014103592,ハーツクライ,ソフィアルージュ,
2015103779,タイキシャトル,スターリーベイ,
2016100979,キンシャサノキセキ,ヴィアレッタ,
2015103938,カジノドライヴ,ヒカルマイハート,
2016109066,スマートファルコン,ドルフィンルージュ,
2016101880,ベーカバド,フラワーガイア,
2016105682,ハーツクライ,スプリングマンボ,
2015105241,ゴールドアリュール,サーストンララア,
2015101328,ステイゴールド,インプレスゴールド,
2014101226,トランセンド,Sweet Win,
2016104765,クロフネ,シャラントレディ,
2015103562,クロフネ,ハギノクィーン,
2014103010,トビーズコーナー,ケイアイミサイル,
2016106253,ヴィクトワールピサ,マウンテンミステリー,
2015106219,スターリングローズ,フェアリーレイ,
2013102193,マンハッタンカフェ,イントゥザライト,
2015104381,ノヴェリスト,スペシャルフロート,
2016104989,ロードカナロア,カレンチャン,
2013105645,ダイワメジャー,マウンテンエンジェル,
2015100964,ブラックタイド,シルキーウィズ,
2016100939,ヘニーヒューズ,ゴッドフローラ,
2015102392,Frankel,ワイルドココ,
2013103823,メイショウボーラー,マチカネモユルコイ,
2014105266,ルーラーシップ,サルヴァドール,
2016104662,キングヘイロー,リビングプルーフ,
2014100172,ダイワメジャー,キョウワプラチナ,
2013103727,ハービンジャー,パッショナルダンス,
2015102591,マンハッタンカフェ,アンティックドール,
2014105436,ディープインパクト,エレクトラレーン,
2014102243,ドリームジャーニー,カレイメモワール,
2014105837,ハーツクライ,ヴェイルオブアヴァロン,
2015100969,ロードカナロア,ウェーブクイーン,
2015104925,ハーツクライ,バラダセール,
2014102061,ローエングリン,アイーンベル,
2014100492,ネオユニヴァース,エイシンミュー,
2012104440,ハーツクライ,モスコーバーニング,
2014100595,ミスキャスト,スウィフトオブフライト,
2013102205,カジノドライヴ,スズノメガミ,
2014104410,スズカコーズウェイ,ヴェスタ,
2013100711,スパイキュール,アーダーチャリス,
2015100198,ヘニーヒューズ,コウエイテンプウ,
2011105350,マヤノトップガン,タイキプレリュード,
2014105960,ダイワメジャー,シーズインポッシブル,
2016103275,ドリームジャーニー,ステルス,
2016103757,アイルハヴアナザー,グッデーコパ,
2016100609,ハービンジャー,ハギノウィッシュ,
2016104400,ハービンジャー,アドマイヤキュート,
2015105292,ディープインパクト,ラヴアンドバブルズ,
2016109024,ルーラーシップ,ナスノフィオナ,
2016101165,ディープインパクト,レディアルバローザ,
2014105643,ディープインパクト,ファーストバイオリン,
2016102569,ゴールドアリュール,ヒシタイトル,
2017110120,Speightstown,Beauty and Light,
2017110170,Bernardini,Wilshewed,
2017102958,プリサイスエンド,ティアップダイヤ,
2017104890,キンシャサノキセキ,フェイドレスシーン,
2017103915,コパノリチャード,キモンレッド,
2017100131,リアルインパクト,シャインエフォート,
2017100957,スクリーンヒーロー,キョウエイカルラ,
2017105262,エイシンフラッシュ,オーシャンビーナス,
2017100473,アイルハヴアナザー,ホーネットピアス,
2017105974,ヨハネスブルグ,カルテブランシェ,
2017101274,キズナ,ホットマンボ,
2017101174,パイロ,スイートリリック,
2017101298,ゼンノロブロイ,アステオン,
2017100699,プリサイスエンド,ドナメジャー,
2017102933,シンボリクリスエス,ホッコーユニバース,
2017102856,リアルインパクト,ジツリキオーシャン,
2017104905,ルーラーシップ,ブルーミングスノー,
2017103748,サウスヴィグラス,サクラフルーレ,
2017104000,ノヴェリスト,ユキノマーメイド,
2017102903,マジェスティックウォリアー,カネトシディザイア,
2017105807,アイルハヴアナザー,メイショウユウダチ,
2017106551,スクリーンヒーロー,ボカイウヴァ,
2017100247,モンテロッソ,マジッククレスト,
2017105611,オーシャンブルー,ラベンダーカラー,
2017104125,サウスヴィグラス,ナカヤマジェンヌ,
2017102490,ヘニーヒューズ,オフリール,
2017104581,フェノーメノ,シルショコラティエ,
2017105450,ヘニーヒューズ,トゥザレジェンド,
2017110049,Carpe Diem,Ambling,
2017102914,サウスヴィグラス,ジェネロシティー,
2017103100,ヘニーヒューズ,アドマイヤインディ,
2017102513,アーネストリー,サーガノヴェル,
2017110155,ディスクリートキャット,I'm Not Afraid,
2017100966,ブラックタイド,レイズユアグラス,
2017106141,ヴィクトワールピサ,サンクイーンII,
2017102827,グラスワンダー,スパークルレディー,
2017103782,クロフネ,キャトルセゾン,
2017101735,キングズベスト,ブランジェリーナ,
2017101826,キズナ,プリティメイズ,
2017103620,ハービンジャー,トーホウロサード,
2017101778,ノヴェリスト,ヤマニンボンプアン,
2017105601,ルーラーシップ,ラキシス,
2017104685,キングカメハメハ,エアワンピース,
2017105026,キズナ,セレスティアルキャット,
2017104513,ディープインパクト,ディエンティ,
2017105616,ディープインパクト,リッスン,
2017105224,ディープインパクト,ウォッチハー,
2017110002,Canford Cliffs,ジェイム,
2017100422,ヴィクトワールピサ,ボニーアクション,
2017110085,Lemon Drop Kid,ウィルビーゼア,
2017105345,ダノンシャンティ,シュペトレーゼ,
2017110042,Adlerflug,All Saints,
2017101866,キングズベスト,ルアーズ,
2017106478,カジノドライヴ,エイシンロビン,
2014103031,ゴールドアリュール,ウルトラシートゥ,
2015109073,グラスワンダー,ヒダカビジン,
2013103760,キンシャサノキセキ,ポールポジションII,
2016101711,サウスヴィグラス,ナンヨールージュ,
2015102013,ゴールドアリュール,クリノビリオネア,
2014104432,ダイワメジャー,スプリングサンダー,
2016105527,ヴァーミリアン,ヤマサラグランジュ,
2016101705,キングヘイロー,ヤマカツセイレーン,
2015105573,ステイゴールド,ワイルドゲッツ,
2016102663,クロフネ,ハギノアーク,
2016106489,ストーミングホーム,エーシンラクーリエ,
2016100158,キンシャサノキセキ,ヒシディーバ,
2015101170,ゴールドアリュール,ヨウヨウ,
2014103170,ルーラーシップ,ハートスプリンクル,
2014103402,クロフネ,クーヴェルチュール,
2014103387,ハーツクライ,オーシャンルミナス,
2015104453,ディープインパクト,ノーブルジュエリー,
2014106049,ディープブリランテ,ナイキフェイバー,
2014103284,ディープインパクト,エーシンスペリアー,
2015104974,ディープインパクト,プチノワール,
2015101210,スクリーンヒーロー,クラウディーハート,
2015104658,ルーラーシップ,アドマイヤセラヴィ,
2013101763,ヴィクトワールピサ,ブルーレイ,
2015106181,ローエングリン,ミミオブパラダイス,
2015104860,ワークフォース,ゼマティス,
2017102212,ゴールドアリュール,パレガルニエ,
2017110112,Shackleford,Combat's Love,
2017106417,ディープインパクト,ライトニングパール,
2017102078,ディープインパクト,イーデンズコーズウェイ,
2017103104,グランプリボス,カノン,
2017105231,ワールドエース,ヴィヴィッドカラー,
2017101370,ヘニーヒューズ,カフジウインド,
2017102873,フェノーメノ,ケイティマイヒメ,
2017105502,ヘニーヒューズ,ファシネートダイア,
2017101794,ヨハネスブルグ,カスクドール,
2013106012,キングカメハメハ,バプティスタ,
2014101167,サマーバード,ワンダービーナス,
2013103297,バゴ,フェルガーナ,
2015102038,ロードカナロア,ショウサンミーベル,
2014104037,メイショウサムソン,マイラッキー,
2013101817,ネオユニヴァース,スウィートデジャヴ,
2014102204,ストリートセンス,フィンランディア,
2014105886,ゼンノロブロイ,キラーグレイシス,
2014105232,アグネスデジタル,アースファイヤー,
2015104887,ルーラーシップ,テキサスルビー,
2015101391,ディープインパクト,ペニーズフォーチュン,
2015105182,ヴィクトワールピサ,フェアリーブレス,
2016105024,ストロングリターン,サニーデイサンデー,
2015103010,ワークフォース,ペプチドヒノトリ,
2013105451,ディープインパクト,コマーサント,
2016104717,ハービンジャー,アンブロワーズ,
2016100634,スクリーンヒーロー,ポポチャン,
2016110025,Invincible Spirit,Kerry's Dream,
2015106036,タニノギムレット,ブライダルベール,
2016101939,シンボリクリスエス,リトルジュン,
2014105671,ダイワメジャー,プリンセスカット,
2016104429,ルーラーシップ,ヴェルザンディ,
2015102424,ゴールドアリュール,ドリームモーメント,
2016104805,ジャスタウェイ,トップライナーII,
2017100337,ゼンノロブロイ,ピュアマリーン,
2017100755,カネヒキリ,エムズガール,
2017106544,オルフェーヴル,スウィートアンドフローレス,
2017100475,カジノドライヴ,ミヤリサンラビリー,
2017104093,ルーラーシップ,エイジアンウインズ,
2017102652,キズナ,スキャンダルシート,
2017100084,キズナ,ナムラシゲコ,
2017106650,マジェスティックウォリアー,レッドシャンデル,
2017105143,ロードカナロア,ポルカマズルカ,
2017104497,トーセンホマレボシ,マイスイートベス,
2017106469,アドマイヤムーン,マテルナ,
2017100090,ヘニーヒューズ,マイディアソング,
2017104281,キンシャサノキセキ,エクスラヴィータ,
2017100624,ゴールドシップ,ウッドシップ,
2017102811,クロフネ,デイジーギャル,
2017100353,ストロングリターン,ウェルカミング,
2017101398,ヘニーヒューズ,コウエイオトメ,
2017101362,トゥザワールド,タカラインディ,
2017100764,キングカメハメハ,スウィートアンドセイヴォリー,
2017101845,エイシンフラッシュ,アガペー,
2015100654,クロフネ,ビジャリカ,
2012101673,ハーツクライ,スターフェスタ,
2013104776,コンデュイット,セフティパラダイス,
2013101974,タイキシャトル,ウインエルドール,
2013101238,ハーツクライ,ストーミングヘヴン,
2015105417,マツリダゴッホ,ザッツザウェイ,
2017106137,キンシャサノキセキ,キャニオンリリー,
2017106208,リアルインパクト,オウケンハート,
2017103554,トウケイヘイロー,トウケイルーブル,
2017103992,ハーツクライ,ハーランズロマン,
2017104814,オルフェーヴル,ダリオール,
2017106201,ワールドエース,アドマイヤラブ,
2017106209,トーセンジョーダン,オリエンタルリリー,
2017104194,ロードカナロア,スターズインハーアイズ,
2017106355,エイシンフラッシュ,パッショナルダンス,
2017104715,エイシンフラッシュ,カタマチボタン,
2017102194,スクリーンヒーロー,ビスカヤ,
2017103741,ロージズインメイ,エバーアンドエバー,
2017105214,ディープインパクト,イルーシヴウェーヴ,
2017100478,キングカメハメハ,リトルダーリン,
2017101775,ゴールドシップ,ヤマニンパピオネ,
2017102292,メイショウサムソン,ラグジュリア,
2017101819,ルーラーシップ,ハギノウィッシュ,
2017104773,ダイワメジャー,シーエスシルク,
2017105456,キングカメハメハ,ドナウブルー,
2017105062,ディープインパクト,ワイ,
2017106667,ハービンジャー,コパノオーシャンズ,
2017101001,ダイワメジャー,テーオーレイチェル,
2016103900,サムライハート,ハナムケ,
2014102477,サマーバード,シックファイター,
2015103590,アグネスデジタル,クリスティビーム,
2014103896,マンハッタンカフェ,エガオヨシ,
2013102034,ゼンノロブロイ,ウインルナ,
2015102241,サンライズペガサス,ハニーメロンチャン,
2016103213,ディープインパクト,スマートパルス,
2016106228,ハービンジャー,オールザットジャズ,
2016103685,ストロングリターン,ドリームダンシーズ,
2016104167,カジノドライヴ,ヒカルダイヤモンド,
2014100641,ベーカバド,サザンレイスター,
2014103394,アイルハヴアナザー,スペシャルクイン,
2017104058,ジャスタウェイ,ストライクルート,
2017105438,エピファネイア,ディアデラマドレ,
2017105471,オルフェーヴル,バシマー,
2017105133,ダイワメジャー,フィーリングトーン,
2017105721,キンシャサノキセキ,キーオブライフ,
2013103160,ハービンジャー,ハギノプリンセス,
2016104407,ハービンジャー,アロマティコ,
2015100230,キングカメハメハ,コスモプラチナ,
2016104896,ヴィクトワールピサ,アイアムラヴィング,
2015100225,ステイゴールド,コスモクリスタル,
2016104389,ゴールドアリュール,ワールドリープレジャー,
2014105125,サマーバード,チャームレディ,
2016105292,キングカメハメハ,レッドアゲート,
2014105265,ハービンジャー,コードネーム,
2016105526,オルフェーヴル,メーヴェ,
2012105419,ディープインパクト,ローマンスズカII,
2010101161,ブラックタイド,コパノマルコリーニ,
2016100952,スクリーンヒーロー,メロークーミス,
2014103732,ゴールドアリュール,ロングカイソウ,
2016103741,スウェプトオーヴァーボード,エムオーミラクル,
2014100820,パイロ,ウインブロッサム,
2015102479,キンシャサノキセキ,バーミスキャット,
2012105677,メイショウボーラー,トウヨウテースト,
2015102999,グラスワンダー,スルーザシーズン,
2015102211,ロードカナロア,ブランシェール,
2016100574,ダイワメジャー,ヤマニンパピオネ,
2017103831,ヘニーヒューズ,ブロンコーネ,
2017103708,ロードカナロア,アクロスザライト,
2017102041,カジノドライヴ,ナンシー,
2017102431,パイロ,アジャーニ,
2017104711,ゴールドアリュール,オールドパサデナ,
2017100673,リアルインパクト,ラクテウスオルビス,
2017102408,キズナ,シークレットソング,
2017101106,キングズベスト,カラダダイヤモンド,
2017104703,ルーラーシップ,オメガクリスマス,
2017101708,エイシンフラッシュ,マリーシャンタル,
2017101916,アイルハヴアナザー,ドリームローズ,
2014103077,ショウナンカンプ,マルモリバニー,
2015101022,キングズベスト,マヤノロシュニ,
2013104166,パイロ,プリモレディ,
2015103375,サウスヴィグラス,メイショウコブシ,
2015102610,ヴァーミリアン,エーシンブランディ,
2014100658,アイルハヴアナザー,フィーユ,
2015103766,バンブーエール,ブリトン,
2014103311,ディープスカイ,ヒラボクビジン,
2015100466,マーベラスサンデー,テンザンジョイ,
2015104816,スマートファルコン,シルクユニバーサル,
2013105606,マンハッタンカフェ,フェスタデルドンナ,
2017105806,スクリーンヒーロー,メイショウスコール,
2017100440,エピファネイア,ワイドロータス,
2017103429,ゴールドシップ,マリアージュシチー,
2017106600,ブラックタイド,フェリシタス,
2017110041,Siyouni,Bal de La Rose,
2017106707,ヴァンセンヌ,マイガール,
2017104557,ヴァーミリアン,ダンシングマオ,
2017101722,マジェスティックウォリアー,タガノキャンドル,
2017102388,キングカメハメハ,ハリケーンフラッグ,
2017110069,Giant's Causeway,Country Cafe,
2017110044,Pioneerof the Nile,イブニングジュエル,
2017105698,ストロングリターン,スターキャスト,
2017102842,キングズベスト,プレシャスフラワー,
2017101864,アドマイヤムーン,ポンテペルレ,
2017103120,グランプリボス,レイテッド,
2017104584,メイショウボーラー,ホワイトデイズ,
2017103483,スズカコーズウェイ,チャームカーニバル,
2017110010,Lawman,ユーブゴットイット,
2017106412,メイショウサムソン,メイショウナナイロ,
2017100737,ストロングリターン,リクエストアワー,
2017106330,キズナ,レイジーリヴァー,
2017102837,パイロ,ジーニアル,
2015102663,エンパイアメーカー,シャイニングピアス,
2016100805,ダイワメジャー,フェアリーバニヤン,
2015102739,スクリーンヒーロー,スプリングルーシー,
2015103567,ヨハネスブルグ,マイダイナマイト,
2016106176,ダイワメジャー,マザイ,
2014102689,ダイワメジャー,ミッションヒルズ,
2016104840,ディープインパクト,プラウドスペル,
2016104452,ハーツクライ,ガヴィオラ,
2013103370,ナカヤマフェスタ,リスペクトライン,
2014105970,ディープインパクト,ジャッキーテースト,
2014100750,アイルハヴアナザー,マイネレーツェル,
2016104908,フレンチデピュティ,アムールポエジー,
2016104807,ロードカナロア,ドナウブルー,
2016104899,ヴィクトワールピサ,アクアリング,
2013100756,スタチューオブリバティ,プレシャスエルフ,
2015103317,タイキシャトル,マロノヴィーナス,
2016100794,キンシャサノキセキ,アリー,
2014103559,ブラックタイド,プリンセスブルー,
2015100672,タイキシャトル,シアージュ,
2016103107,ロードカナロア,ブロードストリート,
2016104222,トーセンラー,シアトルサンセット,
2016101207,ジャスタウェイ,ソングオブサイレンス,
2014100273,ブラックタキシード,ボーイントンキャニオン,
2016101750,ケープブランコ,アイカギ,
2017103406,トランセンド,トウケイスペシャル,
2017103816,トゥザワールド,ノベンバースルー,
2017104304,オルフェーヴル,フェアリーブレス,
2017103898,シニスターミニスター,モンターニュドール,
2017110077,Speightstown,Run a Risk,
2017106413,シニスターミニスター,メイショウブルック,
2017101471,アポロキングダム,エルファンタジヤ,
2017101394,ベルシャザール,ワンズガーホッド,
2017102302,ストロングリターン,ミルリュユッテ,
2017101793,ゴールドアリュール,エミナ,
2017106430,ロードカナロア,シニスタークイーン,
2017104083,ジャスタウェイ,マウンテンミステリー,
2017105869,キングカメハメハ,エーシンラクーン,
2017106124,カレンブラックヒル,マーティンゴールド,
2017101890,ヘニーヒューズ,キタサンハナミチ,
2017106127,パイロ,レディストレイツ,
2017102371,スクリーンヒーロー,アウトシャイン,
2017104930,オルフェーヴル,マチカネハヤテ,
2017105364,ヴァーミリアン,シーズインポッシブル,
2017102196,パイロ,チャームドリーム,
2017102915,バトルプラン,スノーピアサー,
2017106565,パイロ,ウェイヴランナー,
2017103998,ヴィクトワールピサ,マスターエクレール,
2016104677,ベルシャザール,レースウィング,
2013102945,シニスターミニスター,ルスナイオブカラー,
2016102119,ダンカーク,ジュディソング,
2014102648,キングカメハメハ,ジヴェルニーアート,
2015104310,キングカメハメハ,グレナディーン,
2017104895,ダノンシャンティ,フラムドール,
2017103283,スクリーンヒーロー,シュヴァリエ,
2017104073,エスケンデレヤ,ピエナアマゾン,
2017101787,キンシャサノキセキ,アンファミーユ,
2017105497,トーセンホマレボシ,ピンクアリエス,
2017105822,モンテロッソ,トシザマキ,
2015104754,ルーラーシップ,クラヴェジーナ,
2015100809,クロフネ,ミストラルグリーン,
2016101494,キンシャサノキセキ,ノーモアクライ,
2009100502,メイショウボーラー,ズリ,
2012100517,ブラックタイド,タガノレヴェントン,
2012105906,アドマイヤムーン,レッドアゲート,
2012104392,キングカメハメハ,ペディクラリス,
2010105629,シンボリクリスエス,フェリアード,
2014104092,ダイワメジャー,クォリティシーズン,
2017105500,ブラックタイド,ファイナルスコア,
2017105293,ディープインパクト,クリソプレーズ,
2017104687,ジャスタウェイ,エヴァディングタンペット,
2016106232,ロードカナロア,ストライクルート,
2016105211,ダイワメジャー,ヘルスウォール,
2016103127,オルフェーヴル,レイカーラ,
2015104697,ノヴェリスト,ヴァイスハイト,
2014100422,ジャングルポケット,プリティタヤス,
2015105072,キングカメハメハ,リビアーモ,
2014103095,サマーバード,サウンドアリュール,
2013105629,フレンチデピュティ,ヘヴンリーヴォイス,
2014104090,キングカメハメハ,ダイヤモンドビコー,
2015101632,Hard Spun,チャリティークエスト,
2015101647,Hard Spun,パーフェクトチャンス,
2014110100,Overdriven,Terry M.,
2017104944,ディープインパクト,ミセスリンゼイ,
2017103878,ヘニーヒューズ,ピサノレインボー,
2017104096,ルーラーシップ,カリブストーリー,
2017100543,タートルボウル,アドマイヤトパーズ,
2017100116,オルフェーヴル,ジョウノボレロ,
2017106407,メイショウサムソン,メイショウコブシ,
2017103650,サウスヴィグラス,タマモクララ,
2017104305,キンシャサノキセキ,ブレイジング,
2017103067,ゴールドアリュール,ヒシルーマー,
2017104549,ゴールドアリュール,ローゼズガーランド,
2017102959,パイロ,フォーティエース,
2017106500,ネオユニヴァース,チューブラーベルズ,
2017109161,アドマイヤムーン,サルサファンタジア,
2015100476,スクリーンヒーロー,グローリサンディ,
2015104858,ダイワメジャー,セルキス,
2013103434,ワークフォース,ホクトペンダント,
2013102571,メイショウボーラー,リバーサウンド,
2014103558,ハーツクライ,ビューティーコンテスト,
2017105458,ディープインパクト,ドバイマジェスティ,
2017105153,キンシャサノキセキ,ラスティックフレイム,
2017106169,シルポート,エタニティ,
2017106118,リアルインパクト,フミノオリヒメ,
2017100967,ジャスタウェイ,アナバシュドチャーム,
2017109008,ウインバリアシオン,ダーティダンシング,
2017106246,ルーラーシップ,ピンクシャンパン,
2017105309,フェノーメノ,グレイスファミリー,
2017102067,キズナ,スリーダイメンションズ,
2017106608,タニノギムレット,ラドルチェ,
2017104904,ディープインパクト,ブルーミングアレー,
2017104852,ロードカナロア,ハシッテホシーノ,
2017105185,ハービンジャー,アドマイヤキュート,
2017106786,エイシンフラッシュ,ホットランナー,
2017102908,カレンブラックヒル,キャロルロゼ,
2017104857,ハーツクライ,ハートシェイプト,
2017106254,エイシンフラッシュ,メイショウワカツキ,
2017103485,エピファネイア,ドリームライター,
2017100383,オルフェーヴル,ストーミーレニー,
2017101759,エイシンフラッシュ,マコトサンパギータ,
2017101486,アサクサキングス,ディアンムー,
2017101804,キンシャサノキセキ,ザナ,
2017110130,Fastnet Rock,Alberton Park,
2017109149,グラスワンダー,テイエムコウノトリ,
2016105117,スクリーンヒーロー,テイラーバートン,
2015110037,Curlin,Moonlight Lover,
2015104386,オルフェーヴル,スーア,
2015110064,シャンハイボビー,Saphiria,
2013103425,メイショウボーラー,フミノシンデレラ,
2016110132,Congrats,Royal Card,
2016101170,キングカメハメハ,レディブラッサム,
2015101353,エンパイアメーカー,ジャルダンII,
2016102214,バゴ,トップアクトレス,
2013104702,タイキシャトル,ユキノマーメイド,
2015103627,オルフェーヴル,ナナヨーティアラ,
2014105795,マンハッタンカフェ,アドマイヤハッピー,
2016105272,ハービンジャー,ラブリネスオブパリ,
2016104668,ジャスタウェイ,レイズアンドコール,
2016104626,ブラックタイド,マラコスタムブラダ,
2016104721,ジャスタウェイ,ウィルパワー,
2016103143,ヨハネスブルグ,センターグランタス,
2015110017,Speightstown,Christies Treasure,
2014102185,キングズベスト,ティアーオブジョイ,
2016100665,ブラックタイド,シアージュ,
2016104470,ルーラーシップ,グリューネワルト,
2016103990,パイロ,サマーリガード,
2015100142,ヘニーヒューズ,スコルピオンキッス,
2015103236,キンシャサノキセキ,ケイティーズミスト,
2014105372,ヴィクトワールピサ,アイアムルビー,
2017104653,ロードカナロア,アルテミスハート,
2017104132,スマートファルコン,エリモトゥデイ,
2017103363,ヘニーヒューズ,チャームピクチャー,
2017103871,エイシンフラッシュ,ザフラッツ,
2017102381,ロードカナロア,グラナダ,
2017100950,グランプリボス,ジーニアスドール,
2017100364,American Pharoah,コンクエストハーラネイト,
2017102082,オルフェーヴル,ウインルナ,
2017100413,ジャスタウェイ,ブリリアントレイ,
2017105039,マジェスティックウォリアー,ハートアイリス,
2014100521,ルーラーシップ,ラヴソレイユ,
2014105136,シニスターミニスター,ドゥオナー,
2012103708,キングカメハメハ,マドモアゼルシッシ,
2016104786,トーセンホマレボシ,スプリングシーズンII,
2016106481,エイシンフラッシュ,エーシンピュリティ,
2015105959,ヴァーミリアン,ミラクルガール,
2014104404,サウスヴィグラス,シアトリカルポーズ,
2017104688,エピファネイア,エオリアンハープ,
2017105614,キズナ,リアリサトリス,
2017103092,キズナ,チョウカイクリス,
2017105150,ルーラーシップ,メルヴェイユドール,
2017100172,リアルインパクト,マイウィン,
2017104307,ゴールドアリュール,ミッションヒルズ,
2017103184,フリオーソ,エルシェロアスール,
2017105420,ゴールドアリュール,ダートムーア,
2017105757,マコトスパルビエロ,マコトジョワイユー,
2017103200,ダノンシャンティ,ダノンチャコ,
2017105758,シニスターミニスター,エイユーモモチャン,
2017101998,カネヒキリ,グリーンヒルレッド,
2017101225,ジャスタウェイ,スリリングヴィクトリー,
2017103979,ディープブリランテ,ナムラチアーズ,
2017100425,トーセンジョーダン,マシュケナーダ,
2017103405,ケイムホーム,ワイルドローズ,
2017101736,エピファネイア,ボディーダンシング,
2017100954,グランプリボス,ファーマジェンヌ,
2017101352,キングヘイロー,アリーヤ,
2017101643,サウンドボルケーノ,ミッドナイトダンス,
2017104115,マジェスティックウォリアー,プリンセスチャーム,
2014102027,アイルハヴアナザー,グリーリーレイ,
2015105911,ハーツクライ,サトノラミア,
2014105660,メイショウサムソン,ブラックアテナ,
2016100098,クロフネ,マイネカプリース,
2016102642,シニスターミニスター,プリマビスティー,
2016103717,アドマイヤムーン,イリデ,
2016104058,サウスヴィグラス,ファイナルリリー,
2015104867,ダンカーク,タッチミーベイブ,
2015100651,ヨハネスブルグ,スクエアアウェイ,
2016104413,ディープインパクト,イルーシヴウェーヴ,
2016104767,ハービンジャー,シュペトレーゼ,
2016104841,オルフェーヴル,プリティカリーナ,
2014102300,ルーラーシップ,ダイシンキャンディ,
2015105202,ノヴェリスト,ニシノマナムスメ,
2016101561,メイショウボーラー,セイントリーフ,
2016100927,クロフネ,シマノラピス,
2014106447,ディープインパクト,アドマイヤカンナ,
2014104329,ベーカバド,サンドヴィーナス,
2015100523,ハーツクライ,タガノスティード,
2013100900,ブラックタイド,プレインエンジェル,
2013101079,スズカマンボ,スズカローズマリー,
2017100720,エピファネイア,デアリングバード,
2017105354,ディープインパクト,シンハリーズ,
2017100887,キンシャサノキセキ,リネンパズル,
2017105360,キングカメハメハ,シーザリオ,
2017102403,ディープインパクト,ワイルドココ,
2017102634,ヴァンセンヌ,フィールドボニータ,
2015110103,Run Away and Hide,Font,
2012105612,ディープインパクト,タムロイーネー,
2016103861,キングヘイロー,ディアースパークル,
2014100740,ステイゴールド,マイネヌーヴェル,
2013105917,ハービンジャー,シーズインクルーデッド,
2011104182,シンボリクリスエス,エアマグダラ,
2010101667,マンハッタンカフェ,カフェララルー,
2016102534,スズカフェニックス,レアシルウィア,
2015101571,アドマイヤムーン,アポセカリー,
2016106363,ノヴェリスト,クエルクス,
2017100729,スクリーンヒーロー,カノヤトップレディ,
2017101381,ヘニーヒューズ,アサカプティット,
2017100970,アンライバルド,ザッハトルテ,
2017104452,キズナ,コマノリリー,
2017100723,キズナ,アイアムネオ,
2017103166,キャプテントゥーレ,ネオザフラッシュ,
2017103366,ヘニーヒューズ,ナリタジューン,
2017103780,オルフェーヴル,カサブランカスマイル,
2017101291,サムライハート,ケージーナデシコ,
2017102835,ロードカナロア,サンコロネット,
2017109038,ウインバリアシオン,バーニングラブ,
2017101753,ハーツクライ,デライトポイント,
2017101785,ハーツクライ,アンシャンタン,
2017106248,アイルハヴアナザー,フラッパーウィング,
2017100221,ヘニーヒューズ,ダイタクアズミット,
2017100978,カレンブラックヒル,プラティーヌ,
2017106185,サウスヴィグラス,ブロッケン,
2017105883,ダイワメジャー,ミスティコンクエスト,
2015103397,メイショウボーラー,トップコマチ,
2013103496,プリサイスエンド,ナナコフレスコ,
2014102394,アドマイヤムーン,プライムオブユース,
2016106332,ストーミングホーム,ライサ,
2013106463,ホワイトマズル,ビコーガイア,
2016105943,アサクサキングス,インラヴ,
2017104623,ディープインパクト,メジロツボネ,
2017104808,ディープインパクト,ターフローズ,
2017103672,ハーツクライ,ルナフェリーナ,
2017105036,ディープインパクト,ニンフII,
2017101311,メイショウサムソン,シゲルトマト,
2017104066,ルーラーシップ,チアフルスマイル,
2017105333,ディープインパクト,ザズー,
2017103612,エピファネイア,ショウナンアピア,
2017103109,トビーズコーナー,ジョイフルスマイル,
2017101364,リアルインパクト,ニシノプルメリア,
2017106022,ストーミングホーム,エンジェルスイート,
2017104187,オーシャンブルー,プラニスフィア,
2017103862,キズナ,ワスレナグサ,
2017105454,トーセンホマレボシ,トロピカルブラッサム,
2017106277,モンテロッソ,リアルメンテ,
2017100023,メイショウサムソン,ザリーン,
2017101806,アーネストリー,シャインリザルト,
2017102283,ジャングルポケット,チャツミムスメ,
2017103580,エピファネイア,ニホンピロアニカ,
2017103372,エピファネイア,ブロードピーク,
2017102928,ベーカバド,バグワイザー,
2016103950,ヴァーミリアン,ヒミノプリンセス,
2016103314,ハーツクライ,シルヴァンソング,
2016104748,スクリーンヒーロー,ギャラリートーク,
2016105069,Tapit,スターシップトラッフルズ,
2015103631,シンボリクリスエス,フォーティエース,
2012100243,メイショウサムソン,ダイイチサザン,
2011103430,パイロ,オンワードイイデス,
2016110157,Uncle Mo,Above Heaven,
2015103344,ノヴェリスト,エリモフィナーレ,
2016103085,ディープインパクト,ダノンプリマドンナ,
2013105382,キンシャサノキセキ,ウインドヴェイン,
2014100268,ゴールドアリュール,シャディーナ,
2014104873,スマートファルコン,コックニー,
2013105631,ダイワメジャー,ヘヴンリーソング,
2015101615,Hard Spun,ジェネラスオプション,
2011101727,キングカメハメハ,オークルーム,
2015110069,Pioneerof the Nile,Ribbon Taffy,
2015105673,ロードカナロア,サイレントソニック,
2014100814,スクリーンヒーロー,ロワージ,
2017105317,ディープインパクト,コンドコマンド,
2017106586,オルフェーヴル,スプリングレイン,
2017105642,ディープインパクト,レディドーヴィル,
2017104925,ゴールドシップ,マイジェン,
2017106722,ダノンシャンティ,プレゼンスウーマン,
2017104138,ルーラーシップ,ミラクルベリー,
2016100546,キンシャサノキセキ,ケイアイデイジー,
2014103603,サンライズペガサス,ティボリサンライズ,
2015104308,ゴールドアリュール,グラッブユアハート,
2014100598,ゼンノロブロイ,ストラテジー,
2014102735,ゴールドアリュール,シンボルスカ,
2014104144,タイキシャトル,オージーカンパニー,
2017101881,ヨハネスブルグ,クリニエルドゥオル,
2017103083,アンライバルド,ヨドノグレイス,
2017106437,ワールドエース,トップヴィーナス,
2017104101,アイルハヴアナザー,テンザンオトヒメ,
2017104287,キングカメハメハ,キングスミール,
2017104782,エイシンフラッシュ,ジョリーノエル,
2017104056,ルーラーシップ,サトノフラリッシュ,
2017103313,トーセンジョーダン,フランシール,
2017110045,Flatter,Well,
2017105790,アイルハヴアナザー,ゴールデンオーラ,
2017101679,キングズベスト,グローリサンディ,
2017110019,Slade Power,Buzkashi,
2017100155,ルーラーシップ,メメビーナス,
2017110135,Carpe Diem,Cabaret Starlet,
2015104384,キングカメハメハ,スモークンフローリック,
2012104463,メイショウサムソン,ランペイア,
2016102989,アドマイヤマックス,イエローパピヨン,
2015104326,ロードカナロア,サトノレジーナ,
2017105453,ジャスタウェイ,トップライナーII,
2017101788,キズナ,イコールパートナー,
2017102851,ノヴェリスト,ロンド,
2017105498,Tapit,ピースアンドウォー,
2017103237,マジェスティックウォリアー,ウエスタンダンサー,
2017102191,ヘニーヒューズ,ゴッドフローラ,
2017103048,トゥザグローリー,ミコノス,
2017106062,ダンカーク,メイショウブリエ,
2017103995,パイロ,プレイフォーノビー,
2017103170,サウスヴィグラス,マイラッキー,
2017100597,クロフネ,トーホウリッチ,
2017102759,ワンダーアキュート,キッズチェイサー,
2017103889,ニホンピロアワーズ,ニホンピロアンバー,
2017101729,ルーラーシップ,タガノミューチャン,
2017103168,ヴィクトワールピサ,ハギノハーセルフ,
2017106326,メイショウサムソン,パピュラ,
2017106123,トゥザワールド,プロミスウェル,
2017103101,ノーザンリバー,アムネリス,
2017104594,アーネストリー,ベストエンジェル,
2017100992,ヨハネスブルグ,サンデーローズ,
2017104129,パイロ,アガサ,
2017100257,スウェプトオーヴァーボード,エコパン,
2017104967,ハーツクライ,リトルディッパー,
2017105608,カレンブラックヒル,ラテアート,
2017104225,サムライハート,ヴェルサイユパーク,
2016104219,ヘニーヒューズ,ゴールウェイ,
2016100152,ヘニーヒューズ,トロピカルフラワー,
2016102156,Midnight Lute,クライシスオブスピリット,
2016100174,シビルウォー,タカラインディ,
2014106061,ディープブリランテ,ハルーワソング,
2014106472,ダイワメジャー,ヒガシリンクス,
2015104855,ダイワメジャー,スルーレート,
2016104990,ディープインパクト,カンビーナ,
2015104512,ステイゴールド,ブルーミングアレー,
2016104907,ノヴェリスト,アプリコットフィズ,
2014105788,ディープインパクト,アゼリ,
2009103405,スズカマンボ,ルンルンスズカ,
2016104828,ロードカナロア,ファーゴ,
2015104176,ダイワメジャー,グレースランド,
2015106153,ゼンノロブロイ,ヴィヴァシャスヴィヴィアン,
2015104721,ディープインパクト,オイスターチケット,
2016109074,アルデバランII,ミネルバローズ,
2014105425,ダイワメジャー,エアトゥーレ,
2016104743,キングカメハメハ,ガールオンファイア,
2013102021,シンボリクリスエス,アメーリア,
2014100090,ファスリエフ,ケージーメグミ,
2017104975,キングカメハメハ,ルミナスハーバー,
2017104971,エピファネイア,リメインサイレント,
2017101850,ルーラーシップ,グラッツェリーサ,
2017100127,アスカクリチャン,アスカトップレディ,
2017102300,スマートファルコン,ビクトリアメーク,
2017103830,ルーラーシップ,ブライダルドレス,
2017103177,モンテロッソ,フローイングヘア,
2017106468,モンテロッソ,ポーズ,
2017104472,カジノドライヴ,アントワープ,
2017102567,ロードカナロア,ジョーアカリン,
2017104246,カレンブラックヒル,パトリオット,
2017103982,ダイワメジャー,ウインファンタジア,
2017103789,エイシンフラッシュ,サトノジュエル,
2017103624,エピファネイア,オメガリトルスター,
2016101941,アイルハヴアナザー,レディスウィフト,
2016104669,ハーツクライ,レジェンドトレイル,
2016102483,シルポート,メンブランツァ,
2014105999,トーセンホマレボシ,セレブレイトコール,
2016100184,ジャスタウェイ,ジュリアビコー,
2016106107,ヴァーミリアン,デコルテ,
2013105463,キングカメハメハ,サンクスアロット,
2012103532,ステイゴールド,ウェンブリー,
2012103946,ダイワメジャー,メジロプレスト,
2015101386,ダイワメジャー,プティプランセス,
2014104260,マツリダゴッホ,キョウエイハツラツ,
2017105105,オルフェーヴル,サマーナイトシティ,
2017101032,シンボリクリスエス,ダイメイザバリヤル,
2017102269,ヴィクトワールピサ,ファーストナイナー,
2017102692,オルフェーヴル,シャイニングエナジー,
2017106408,ディープブリランテ,メイショウジェイ,
2017102695,オルフェーヴル,スギノピクシー,
2017106717,リアルインパクト,ナカヤママニッシュ,
2017100130,トーセンホマレボシ,カネスヴィバーチェ,
2017105877,ディープインパクト,トロピカルフロール,
2017106396,Golden Horn,パールオブアフリカ,
2017103355,ワールドエース,ゴーファイトウィン,
2017105158,エピファネイア,リトルアマポーラ,
2017100677,オルフェーヴル,ダイアナバローズ,
2017101000,スクリーンヒーロー,テーオールネサンス,
2017104786,ハーツクライ,スキア,
2017105775,メイショウサムソン,メイショウワゴコロ,
2017101891,ヴィクトワールピサ,コンフォータブル,
2017105682,ワールドエース,レナプリンセス,
2017101995,ロードカナロア,ヴィアラクテア,
2017105290,ルーラーシップ,クッカーニャ,
2017103474,キズナ,スズカエンジェル,
2017105728,オルフェーヴル,スコアズビー,
2015100018,ルーラーシップ,アドマイヤラック,
2015105893,ヘニーヒューズ,アンブライドルドブリーズ,
2015103228,ヘニーヒューズ,ラビアンローズ,
2016102924,ヘニーヒューズ,スターオブジュニパー,
2016103405,ディープブリランテ,ナムラアピア,
2016103787,パイロ,ダイメイザバリヤル,
2013105912,ハービンジャー,シーサイドブリーズ,
2013105976,ゼンノロブロイ,ディクシージャズ,
2013105804,キングカメハメハ,エアグルーヴ,
2015106466,エイシンフラッシュ,サイモンドルチェ,
2017105483,キングカメハメハ,ヒストリックスター,
2017102699,ジャスタウェイ,フリティラリア,
2017105255,リアルインパクト,エレンウィルモット,
2016105095,タートルボウル,タッチザピーク,
2016101840,ブラックタイド,ステファニーチャン,
2014100511,クロフネ,タガノレヴェントン,
2014105543,クロフネ,スプリングチケット,
2014100900,カネヒキリ,グリーンヒルレッド,
2015103368,オルフェーヴル,マルヴァーンスプリング,
2013103613,スペシャルウィーク,サーリセルカ,
2016104750,バゴ,クロノロジスト,
2016105089,ディープインパクト,ソラリア,
2015104287,ステイゴールド,カウアイレーン,
2014105249,ドリームジャーニー,アルメーリヒ,
2014105681,マンハッタンカフェ,ベガスナイト,
2013105975,ハービンジャー,ディアデラノビア,
2016104778,キングカメハメハ,ジュモー,
2016101333,サウスヴィグラス,ユーワパンドラ,
2012105842,アグネスデジタル,アグネスシルキー,
2015105396,スウェプトオーヴァーボード,アイコチャン,
2015103408,キンシャサノキセキ,カブリオレ,
2016104424,ヘニーヒューズ,ヴィヴィッドカラー,
2014103147,トビーズコーナー,ホクトペンダント,
2015105681,エスポワールシチー,ケイアイエーデル,
2016110085,Tapit,Her Smile,
2015110022,ディスクリートキャット,It'schemistrybaby,
2017110043,American Pharoah,キトゥンズダンプリングス,
2017102309,ベルシャザール,ダンツクインビー,
2017102205,クロフネ,タガノマイフレンド,
2017106536,ゴールドシップ,アブソリューション,
2017101709,ストロングリターン,アイズオブナタリー,
2017105414,ゴールドアリュール,ターシャズスター,
2017100751,カレンブラックヒル,ノアウイニング,
2017102772,フェノーメノ,アルプサロン,
2017101590,ストロングリターン,キャサリンアイドル,
2017102297,ネオユニヴァース,クールシナリオ,
2017100607,ヘニーヒューズ,マイビビアーヌ,
2017106376,アイルハヴアナザー,エリモフィナーレ,
2017105120,ゴールドアリュール,デアリングワールド,
2017103390,アドマイヤマックス,ケイティローレル,
2017106312,ヨハネスブルグ,レインボーローズ,
2017103838,ロードカナロア,マーチャンテイマー,
2017101727,タガノロックオン,タガノハピネス,
2017102967,エピファネイア,オースミハルカ,
2017101865,オルフェーヴル,モンプティクール,
2017103553,トウケイヘイロー,トウケイランラン,
2017106222,ロードカナロア,トーコーヴィオラ,
2017102109,ヴィクトワールピサ,ニシノモレッタ,
2017103584,エスケンデレヤ,ニホンピロシュラブ,
2017101072,ヘニーヒューズ,スズカグレイス,
2017106713,ゴールドアリュール,クレバースプリント,
2015102810,メイショウボーラー,エメラルドタワー,
2014100235,コンデュイット,ベリーフ,
2016104153,ジャスタウェイ,トーアビバリーヒル,
2016102410,トゥザグローリー,キララチュール,
2017102304,アンライバルド,ジュピターズビコー,
2017100213,アンライバルド,スズカダーリン,
2017105373,ハービンジャー,ジュモー,
2017100834,スウェプトオーヴァーボード,ミエノプリンプリン,
2017104635,スクリーンヒーロー,アイアムルビー,
2017100085,エピファネイア,ナムラミーティア,
2017106721,キズナ,ノーザンシャトル,
2017103712,ベルシャザール,ジャストジョーイ,
2017100399,ハーツクライ,ネイチャーガイド,
2017102638,ヴィクトワールピサ,ミルククラウン,
2017110060,American Pharoah,Intelyhente,
2017105967,リーチザクラウン,ポーカーアリス,
2015101340,ダイワメジャー,ケトルワンアップ,
2016100964,ノヴェリスト,タガノディーバ,
2015102873,キングヘイロー,エーシングリフォン,
2016102443,キングヘイロー,ホッコーユニバース,
2016100532,ロードカナロア,ブランジェリーナ,
2016106531,エスポワールシチー,マヤノソーナ,
2017105331,ルーラーシップ,サンデースマイルII,
2017104193,ディープインパクト,シスタリーラヴ,
2017100451,ワールドエース,アイリッシュペコ,
2017110094,Siyouni,Banksia,
2017105396,キングカメハメハ,スペシャルグルーヴ,
2017110029,Golden Horn,リージェンシーロマンス,
2014104735,ストリートセンス,クロスザレイチェル,
2016105926,ダイワメジャー,ゴンチャローワ,
2015105740,ヘニーヒューズ,スマートアルティラ,
2015101987,フリオーソ,マルヨパトリオット,
2016105009,Le Havre,ケンホープ,
2015104438,キングカメハメハ,ドバウィハイツ,
2014106168,ステイゴールド,マルペンサ,
2014106125,キンシャサノキセキ,プロミネント,
2014105638,ゴールドアリュール,ファニーストーリー,
2015104872,ゴールドアリュール,ダイワオンディーヌ,
2016100421,ジャスタウェイ,バリーバーン,
2015103946,ヨハネスブルグ,マイスイートベス,
2016102236,エスポワールシチー,ケイティクラシー,
2015102491,トランセンド,エンブレイス,
2015100597,ダイワメジャー,イコールパートナー,
2014105892,ダノンシャンティ,クリムゾンブーケ,
2017100279,ハービンジャー,ピエナブラウニー,
2017100396,オルフェーヴル,ティファニータッチ,
2017101016,ノーザンリバー,リントス,
2017100129,クロフネ,アドマイヤバレー,
2017103679,オルフェーヴル,ブリスクウェザー,
2017103144,ヴァンセンヌ,クラレンスハウス,
2017102135,キズナ,イッツスパーブ,
2017100964,キンシャサノキセキ,ミラクルファンタジ,
2017103621,シンボリクリスエス,フレンチドール,
2017101726,グランプリボス,タガノティアーズ,
2017102595,キズナ,ケープタウンシチー,
2017102264,ノヴェリスト,プレシャスラバー,
2017102473,トーセンホマレボシ,ポッドソレイユ,
2017104604,アンライバルド,ワカサイティング,
2017105818,ダイワメジャー,カシュカシュ,
2014105512,エンパイアメーカー,シャドウムーン,
2016101760,エイシンフラッシュ,ボーテビューティ,
2013105662,キングカメハメハ,マンハッタンセレブ,
2016105488,マツリダゴッホ,スマーティコジーン,
2012105252,アドマイヤムーン,フミノシンデレラ,
2017105079,ブラックタイド,ヴァリディオル,
2017104985,ジャスタウェイ,レディイン,
2017101860,エピファネイア,ビジャリカ,
2017102846,ワールドエース,モエレヒストリー,
2017105931,ベルシャザール,オリーブジュエル,
2017105383,ディープインパクト,スターアイル,
2017105419,キンシャサノキセキ,ダークサファイア,
2017106486,フェノーメノ,フレンチナデシコ,
2016102801,トーセンジョーダン,コスモハート,
2016102529,ルーラーシップ,リターンキャスト,
2016104832,ゴールドアリュール,フラッテローザ,
2015105931,ワイルドラッシュ,トップオブザヒル,
2014102122,ロードアルティマ,ナムラアミューズ,
2016105812,サウスヴィグラス,オペラガール,
2016102126,ストロングリターン,タイキラナキラ,
2016100065,カネヒキリ,スプリングシティ,
2015103554,メイショウボーラー,ノートルアンジュ,
2014101340,プリサイスエンド,ケージーヒトメボレ,
2014100645,スペシャルウィーク,アオゾラ,
2016104762,ディープインパクト,ザズー,
2014101563,スズカフェニックス,スズカフローラ,
2015105192,ハーツクライ,リキオリンピア,
2014105897,ディープインパクト,クロウキャニオン,
2015104300,ハービンジャー,クイーンアイリス,
2016106071,ルーラーシップ,ニホンピロアブミ,
2013103564,ハービンジャー,アドマイヤオウカ,
2012103724,キンシャサノキセキ,キングスミール,
2015105688,ブラックタイド,ニホンピロヴィータ,
2013101678,スクリーンヒーロー,グローリサンディ,
2016110139,Cairo Prince,Spanish Post,
2016103115,ヨハネスブルグ,マストバイアイテム,
2014103370,キンシャサノキセキ,ファニーモーク,
2015110075,Archarcharch,Loramateal,
2014100428,カネヒキリ,オーデコロン,
2017102836,ロードカナロア,シャルマンスタイル,
2017103134,ウォーターリーグ,ウォーターパイパー,
2017101334,カネヒキリ,パシティア,
2017106714,ベルシャザール,サンマルリジイ,
2017102461,ルーラーシップ,ナリタブルースター,
2017104342,ベルシャザール,アラハ,
2017102108,キズナ,ニシノフジムスメ,
2017102750,エスケンデレヤ,ワンダースキー,
2017100596,ゴールドアリュール,トーホウドルチェ,
2017104511,フェノーメノ,オウケンチョコ,
2017103536,カレンブラックヒル,プロフェシーライツ,
2017102034,ベーカバド,ゲットミー,
2017104485,ゼンノロブロイ,ロアジス,
2017106030,メイショウサムソン,メイショウエーデル,
2017103383,ケープブランコ,ヤマカツナタリー,
2017100430,ゴールドアリュール,ラウンドダンス,
2017102882,スマートファルコン,ペルセンプレ,
2017104586,パイロ,ワレンダラッド,
2017101715,アイルハヴアナザー,アルーア,
2017106642,カジノドライヴ,プレシャスエルフ,
2017105024,マジェスティックウォリアー,スペルバインド,
2017106728,エスケンデレヤ,トーヨーサンバ,
2017110081,Candy Ride,Somethinaboutlaura,
2017106100,キズナ,キクノハヤブサ,
2017104203,ゴールドシップ,レイラニ,
2017103660,ダイワメジャー,テネシーワルツ,
2017103886,ジャスタウェイ,キスショット,
2017102392,ルーラーシップ,ブリュネット,
2017104057,カレンブラックヒル,シルバービート,
2017101777,ブラックタイド,ヤマニンプチフール,
2017100679,キズナ,ダイシンパーティー,
2017106173,フェノーメノ,マイネナデシコ,
2017104344,オルフェーヴル,サトノアスカ,
2017102035,エピファネイア,サトノネネ,
2017104785,エピファネイア,スカーレル,
2017101177,エイシンフラッシュ,ディープサウス,
2017100006,エピファネイア,カスタラナ,
2017105381,ディープインパクト,スカイディーバ,
2017101909,ゴールドシップ,シーギリヤガール,
2017104166,ディープインパクト,ケイアイエレガント,
2017103919,キズナ,ショウナンアヤカ,
2017100382,ルーラーシップ,ストリートスタイル,
2017105025,ルーラーシップ,スマイリングムーン,
2017104902,ハービンジャー,ブラッキーピサ,
2017106576,キズナ,ゴールデンリーヴス,
2017100747,ブラックタイド,エクセレントビュー,
2017101482,カレンブラックヒル,ベストフューチャー,
2017103110,プリサイスエンド,スウィープイン,
2017100670,タニノギムレット,ベネフィット,
2017106394,ヘニーヒューズ,ハートアンドハート,
2017103362,トランセンド,タマモマナムスメ,
2017110007,Oasis Dream,La Collina,
2016101718,ワークフォース,マルモセーラ,
2016110056,シャンハイボビー,Steel Courage,
2016104723,エイシンフラッシュ,ウインミーティア,
2015103213,ロードカナロア,スズカローラン,
2015105669,カネヒキリ,アインライツ,
2016104694,ブラックタイド,アガルタ,
2016103067,ローズキングダム,シルバーベル,
2016106381,グランプリボス,エンゼルジョーカー,
2016100040,ダンカーク,クニコチャン,
2016106305,クロフネ,アンティフリーズ,
2016102144,タイキシャトル,カネトシガーネット,
2016102194,トゥザグローリー,メイショウマンテン,
2016104195,サムライハート,ワレンダラッド,
2016102100,タイキシャトル,アクセレラン,
2017105403,キズナ,センティナリー,
2017105439,キングカメハメハ,ディアマイベイビー,
2017102850,ルーラーシップ,ルサビ,
2016103398,ディープブリランテ,ナックオフィス,
2016104298,ダイワメジャー,トラウム,
2016105867,ハーツクライ,マルケサ,
2016104137,ゴールドアリュール,ヒカルカリーナ,
2015105986,ハーツクライ,ピサノルビー,
2015104679,エイシンフラッシュ,アーデルハイト,
2015102923,ロージズインメイ,ミスバレイ,
2015106423,モンテロッソ,ナンヨーサフラウア,
2015104670,ダイワメジャー,アマルフィターナ,
2015101399,ロードカナロア,メモリーパフィア,
2016105136,ダイワメジャー,ニアメ,
2013105855,ディープインパクト,クロウキャニオン,
2016104435,ディープブリランテ,エピックラヴ,
2015104183,ディープインパクト,スウィートハース,
2014104010,ディープインパクト,ウォーターエナン,
2015110100,More Than Ready,Always Auditioning,
2014102730,カジノドライヴ,アントワープ,
2016103756,ゼンノロブロイ,キタサンプリンセス,
2014104516,エンパイアメーカー,ケイアイベローナ,
2015104475,エンパイアメーカー,パーソナルレジェンド,
2017102132,サウスヴィグラス,ホリデイオンアイス,
2017103937,ヒルノダムール,エフシア,
2017102671,ダイワメジャー,レディーロックフォード,
2017100123,サウスヴィグラス,マオリオ,
2017104002,スーパーホーネット,クロフネマンボ,
2017103159,グランプリボス,ハーベストシーズン,
2017106255,キズナ,リメレンス,
2017102038,キンシャサノキセキ,ティエッチグリーン,
2017102712,スペシャルウィーク,アキノガイア,
2017102924,ヘニーヒューズ,ナンヨークイーン,
2017105729,キズナ,パープルカフェ,
2017102310,ゴールドアリュール,ドリーボンズレガシー,
2017106420,ロードカナロア,ルリビタキ,
2017103153,ゴールドアリュール,サニークラッシック,
2017103812,ノヴェリスト,ディレットリーチェ,
2017100717,メイショウサムソン,エンジェルローブ,
2017102394,ディープインパクト,レディアルバローザ,
2017105413,キングカメハメハ,タンザナイト,
2017105076,オルフェーヴル,ウミラージ,
2017100631,ゴールドシップ,メイクデュース,
2017105128,ハーツクライ,バブリームード,
2017104777,エピファネイア,ジェラテリアバール,
2017105057,ディープインパクト,レインボーダリア,
2017106383,オルフェーヴル,ジェラスガール,
2017103379,マツリダゴッホ,ホーリーミスト,
2017101430,エピファネイア,コスモダンスナイト,
2017101292,キングズベスト,ジアトレーゼ,
2017101363,エスケンデレヤ,ビューティサン,
2017105839,モンテロッソ,メイショウサバト,
2017102516,キズナ,セレブラール,
2017110178,Fastnet Rock,Ready To Lift,
2017104641,ダイワメジャー,アグネスラズベリ,
2017101075,エイシンフラッシュ,ニホンピロコナユキ,
2017105947,ネオユニヴァース,キャンディス,
2017100016,アドマイヤムーン,プリンセスゴーラン,
2017103804,エピファネイア,ストロングレダ,
2017104065,ルーラーシップ,チアフルアイズ,
2017100955,ディープインパクト,アストレア,
2017104134,ショウナンカンプ,コンコルディア,
2017106314,オルフェーヴル,レッドエレンシア,
2017102385,ロードカナロア,スピニングワイルドキャット,
2017105101,ディープインパクト,ゴールデンドックエー,
2017104886,ルーラーシップ,ファンタジックアイ,
2017100203,キズナ,クラウディーハート,
2017100467,ローエングリン,フィールフリーリー,
2017102263,トゥザワールド,ネオイユドゥレーヌ,
2017103443,スクリーンヒーロー,ベネディーレ,
2017110119,Malibu Moon,Switcheroo,
2017106324,キンシャサノキセキ,コンフィデント,
2017101822,タートルボウル,ピンウィール,
2017101186,ゴールドシップ,ヤマトマリオン,
2017100541,ネオユニヴァース,アスターヒューモア,
2017105096,タートルボウル,グランオマージュ,
2017106451,メイショウボーラー,シェムリアップ,
2017100219,エスケンデレヤ,ショウリノホホエミ,
2017102145,ヴァンセンヌ,ヴェアリアスローズ,
2016103123,キンシャサノキセキ,ランウェイスナップ,
2015102130,キングヘイロー,ニホンピロコナユキ,
2015106163,ルーラーシップ,ダイワジェラート,
2016110122,Frankel,Debonnaire,
2015102371,ロードカナロア,エンジェリックレイ,
2016104817,キンシャサノキセキ,パシオンルージュ,
2016101965,ハービンジャー,メイユーブルーム,
2016104687,ジャスタウェイ,ワイオラ,
2015100405,ヴィクトワールピサ,バリーバーン,
2016100368,ヘニーヒューズ,オンワードマルタ,
2016101172,ロードカナロア,ワイルドココ,
2015106180,エンパイアメーカー,マウンテンミステリー,
2016100972,カネヒキリ,オグリダイアン,
2016103146,シニスターミニスター,ライラックノカオリ,
2015104328,ゼンノロブロイ,サブラタ,
2016103686,アポロキングダム,キタノオペラ,
2016110130,He's Had Enough,Step Lightly,
2015100533,ドリームジャーニー,ドナフュージョン,
2015106197,ディープブリランテ,テンザンコノハナ,
2016102198,ディープインパクト,リップルスメイド,
2015105583,ディープインパクト,アドマイヤアモーレ,
2016105048,ディープインパクト,シリアスアティテュード,
2015105011,ゴールドアリュール,マチカネチコウヨレ,
2015101377,カジノドライヴ,ビッグマリーン,
2013100636,アドマイヤムーン,ライフストーリー,
2015105034,オルフェーヴル,ムーンライトダンス,
2014100959,アグネスデジタル,クィーンロマンス,
2013105214,マンハッタンカフェ,アスペンアベニュー,
2013102819,シンボリクリスエス,カイロローズ,
2012103405,タイキシャトル,ユキノマーメイド,
2013102679,マツリダゴッホ,マツリダワルツ,
2016106252,ケープブランコ,マイプラーナ,
2015102718,ブラックタイド,エトワールステージ,
2014110117,Fastnet Rock,Heart Ashley,
2014103963,クロフネ,クイーンマルサ,
2015101870,キングカメハメハ,ホクセツダンス,
2015103525,パイロ,ナイトフライト,
2014103978,カネヒキリ,チリビリビン,
2015101829,タイムパラドックス,カノヤザミラクル,
2017105027,ゴールドアリュール,タマユラ,
2017102247,アイルハヴアナザー,ベレスプリ,
2017105486,ロードカナロア,ビアンカシェボン,
2017103669,ダイワメジャー,ミネルバサウンド,
2017106161,グランプリボス,モズフリムカナイデ,
2017109029,ストロングリターン,レモンリーフ,
2017100262,シンボリクリスエス,アイルゴーバック,
2017104769,オルフェーヴル,ショーコ,
2017105999,レッドスパーダ,レッドセイリング,
2017100584,メイショウボーラー,ムニン,
2017104178,タイムパラドックス,ソレイユ,
2017103290,キズナ,タニノカリス,
2017101068,モンテロッソ,エアジュプロンサ,
2017101738,タイムパラドックス,ポレイア,
2017101800,キズナ,ケープジャスミン,
2017103180,トーセンホマレボシ,スターペスキサコ,
2017101059,プリサイスエンド,ナチュラルブリッジ,
2017104673,マジェスティックウォリアー,ウララカ,
2017101062,トランセンド,ベルモントパティ,
2017105288,ルーラーシップ,クィーンズバーン,
2017102580,エイシンフラッシュ,フレンチトウショウ,
2017104199,ルーラーシップ,マドモアゼルシッシ,
2017105055,キングカメハメハ,リープオブフェイス,
2017106615,ダイワメジャー,レリッシュザソート,
2017102395,ジャスタウェイ,レディカーニバル,
2017106087,ロードカナロア,メイショウデイム,
2017101213,ロードカナロア,ハッピーアビラ,
2017105385,Siyouni,スターズアンドクラウズ,
2017105889,スピルバーグ,ヤマカツセイレーン,
2017106369,アイルハヴアナザー,メイショウグラナダ,
2017102631,エピファネイア,ディーバ,
2017103857,スクリーンヒーロー,ルルパンブルー,
2017103891,ジャングルポケット,ニホンピロオーロラ,
2017104942,グランデッツァ,ミスサンバレー,
2017101215,ロードカナロア,ハニーメロンチャン,
2017102354,メイショウサムソン,キュールエアリス,
2017104227,ゴールドシップ,カレイメモワール,
2017103353,スピルバーグ,コリンズグラス,
2017104198,ブラックタイド,マチュアード,
2017103588,アドマイヤムーン,ブラッシュウィズデスティニー,
2017105793,ストロングリターン,マルカシャルダン,
2017104887,オルフェーヴル,ファーストバイオリン,
2017110157,Carpe Diem,Brampton,
2017106367,メイショウサムソン,ピエナサクラ,
2017100609,スクリーンヒーロー,メイマドンナ,
2017101373,キズナ,セクシーディナー,
2017110050,American Pharoah,I O Ireland,
2017101403,ヘニーヒューズ,プラントパラダイス,
2017102666,ヘニーヒューズ,マウンテンウーマン,
2016100969,ローズキングダム,ディアテイスティー,
2016110008,ハーツクライ,ミッドサマーフェア,
2016101153,Medaglia d'Oro,シティトゥシティ,
2014110099,ハットトリック,Patti O'Rahy,
2015102747,マンハッタンカフェ,エアイゾルテ,
2015104651,ハーツクライ,アディクティド,
2015104312,ロードカナロア,コイウタ,
2016104166,ディープブリランテ,ヒカルウェイブ,
2016106225,マンハッタンカフェ,アンジェラスキッス,
2015104818,ロードカナロア,シルバーフォックス,
2013103792,スタチューオブリバティ,ローランシノワーズ,
2014102073,サウスヴィグラス,チャームペンダント,
2015103366,ディープインパクト,マイグッドネス,
2015102989,ロードカナロア,サンデーミッチー,
2014101667,サウスヴィグラス,ナムラテンニョ,
2016103162,ダノンシャンティ,ミルトス,
2017106203,キズナ,ウアジェト,
2017104725,タートルボウル,クインリーグレイス,
2017105123,オルフェーヴル,ナイキフェイバー,
2016104851,ハービンジャー,マハーバーラタ,
2015104899,ゼンノロブロイ,トゥーピー,
2014100377,キンシャサノキセキ,サクセスアイニー,
2014106411,パイロ,サンフィールド,
2014105513,ステイゴールド,シャピーラ,
2013104893,カジノドライヴ,スーリア,
2016100349,パイロ,アルヴェナ,
2014103358,ディープインパクト,スズカフォイル,
2016101093,ルーラーシップ,ダンツクインビー,
2015100850,ネオユニヴァース,ツクバエルドラド,
2016102168,ダンカーク,テーオーフェアリー,
2016106327,シビルウォー,グリーンサンライズ,
2013102631,ロージズインメイ,ジョーアラマート,
2017100823,スピルバーグ,スターカットジェム,
2017106346,トーセンホマレボシ,ギブミーアチャンス,
2017102140,ゴールドシップ,フェアノータム,
2017105019,エピファネイア,シナノネージュ,
2017100104,ルーラーシップ,グラニースミス,
2017104218,ルーラーシップ,フィールドメジャー,
2017102040,カジノドライヴ,トラストニーケー,
2017100375,ブラックタイド,シーガルサリー,
2017104793,ロードカナロア,スペシャルフロート,
2017102454,ネオユニヴァース,ワンダービーナス,
2017102849,オルフェーヴル,ラブレター,
2017101813,ディープインパクト,ストラテジー,
2017100057,エイシンフラッシュ,ハイレイヤー,
2017106511,フリオーソ,メイショウマンテン,
2017102927,キンシャサノキセキ,ノースパストラル,
2017106320,キンシャサノキセキ,マイヴィヴィアン,
2017101077,シビルウォー,スズカノジェリコ,
2017101118,マジェスティックウォリアー,サンキューアスク,
2017100094,キングヘイロー,アイファーシンシア,
2017109150,トランセンド,テイエムハナフブキ,
2017104781,タートルボウル,ジュエルオブナイル,
2017105457,ディープインパクト,ドナブリーニ,
2017102569,タニノギムレット,ストロベリーズ,
2017101355,ベーカバド,クリノメダリスト,
2017103451,ディープインパクト,ディキシーランドジェム,
2017106436,キングズベスト,デンファレ,
2017100924,ストロングリターン,ファンキートット,
2017106676,キングズベスト,ヒシヴェリタス,
2017105996,キングカメハメハ,ペプチドヒノトリ,
2017104598,ハービンジャー,サンキュウガール,
2017104662,ヴィクトワールピサ,アーヴェイ,
2017102084,ハーツクライ,ウエストローズ,
2017106724,ディープインパクト,ロジャーズスー,
2017102370,トーセンホマレボシ,フレンチサマー,
2017106130,ヴィクトワールピサ,アワーオアシス,
2017103885,ワールドエース,エスジーナミ,
2017101121,ロードカナロア,ディープインアスク,
2017101903,ゴールドシップ,コスモベル,
2017100960,エピファネイア,ショウサンミーベル,
2017103868,ディープインパクト,アイラブリリ,
2017103997,ヘニーヒューズ,マザイ,
2016101613,アイルハヴアナザー,メイショウナナボシ,
2015102639,パイロ,オーゴンサンデー,
2016102571,カジノドライヴ,ヒシマンハッタン,
2016102167,アイルハヴアナザー,ダンシングハピネス,
2015106325,ジャングルポケット,ワイングラス,
2015101566,ゴールドアリュール,ワンダフルドーラ,
2016102852,クロフネ,メメキューティー,
2015104428,スクリーンヒーロー,デアリングワールド,
2014110082,Hard Spun,Grandma Martha,
2014103576,メイショウボーラー,メイショウヒミコ,
2016102353,プリサイスエンド,ザミル,
2016103117,ハーツクライ,マーキーアトラクション,
2016105662,ヴィクトワールピサ,イチリュウ,
2016105198,ディープインパクト,ブルーミングアレー,
2016104835,キングカメハメハ,ブエナビスタ,
2015105193,ハーツクライ,リキセレナード,
2015105843,リーチザクラウン,アップルトウショウ,
2014103015,ナカヤマフェスタ,コルチカ,
2016102897,ノヴェリスト,ホッコーマスタング,
2017103513,サウスヴィグラス,ムービングアウト,
2017101540,ヘニーヒューズ,レディーソルジャー,
2017106279,ローレルゲレイロ,ステラアクトレス,
2017101949,アイルハヴアナザー,マイネノンノ,
2015105075,ディープインパクト,リュヌドール,
2015105032,キングカメハメハ,ムードインディゴ,
2014101976,ルーラーシップ,ブリッツフィナーレ,
2014106010,ルーラーシップ,タンザナイト,
2015104649,ディープインパクト,アゼリ,
2016104057,マツリダゴッホ,ハナイチリン,
2014105073,エンパイアメーカー,ストームツイスター,
2015103048,ナカヤマフェスタ,ディアマンボウ,
2013103403,オレハマッテルゼ,トーワフォーチュン,
2017103418,ヘニーヒューズ,クインネージュ,
2017100460,ダノンシャンティ,ダノンボンジュール,
2017101786,トランセンド,アンドレルノートル,
2017105773,ケイムホーム,メイショウアガサ,
2017106223,ロードカナロア,ハッピージュエル,
2017106498,アンライバルド,マイネプルメリア,
2017105384,エピファネイア,スターシンフォニー,
2017101725,パイロ,タガノジョイナー,
2017103859,ゴールドアリュール,ロイヤルペルラ,
2017100128,ナカヤマフェスタ,ソソノ,
2017101054,シビルウォー,セシルカット,
2017102346,ハービンジャー,カワキタラブポップ,
2017105273,トゥザグローリー,カラベルラティーナ,
2017101004,ダンカーク,ファンキーブロンド,
2017105993,ハーツクライ,ビーウインド,
2017101883,キズナ,シアージュ,
2017110079,Liam's Map,C C's Pal,
2017104806,キングカメハメハ,タッチザピーク,
2017101742,クロフネ,アドマイヤライト,
2017103993,ジャスタウェイ,フレンチカクタス,
2017101096,ローズキングダム,フレノカトリーヌ,
2017100594,オルフェーヴル,トーホウガイア,
2017106699,トゥザグローリー,ピクトリアル,
2017104067,ロードカナロア,チャームポット,
2017101758,エイシンフラッシュ,ポッドクライ,
2017104105,シンボリクリスエス,フューチャサンデー,
2017102899,オナーコード,ヴィーヴィーグッドナイト,
2017105494,クロフネ,ピュクシス,
2017105574,キンシャサノキセキ,ミスティックリップス,
2017105626,ドリームジャーニー,ルナレガーロ,
2017106607,キズナ,メイビーフォーエヴァー,
2017105745,バゴ,エーシンシークルー,
2016106060,タイキシャトル,ハッピーヴァリュー,
2016106072,ナカヤマフェスタ,ニホンピロエミリー,
2016103281,アドマイヤムーン,メイマドンナ,
2016110126,Itsmyluckyday,Briecat,
2015100519,ヘニーヒューズ,タガノキャンドル,
2015101529,シニスターミニスター,マヤフィオーレ,
2014105755,ハービンジャー,ルミナスハーバー,
2016101885,クレスコグランド,メイショウヒミコ,
2015104593,タートルボウル,ラバンディエーラ,
2016102190,ブラックタイド,メイショウナナイロ,
2016104543,ヴィクトワールピサ,ツルマルワンピース,
2016100553,トーセンホマレボシ,パナシュドール,
2016100784,ハービンジャー,ウインデンファーレ,
2016100752,スクリーンヒーロー,マイネボヌール,
2014101349,エイシンデピュティ,エイシンサンバレー,
2014104328,ディープブリランテ,コーディーライン,
2015104972,キングカメハメハ,ブルーメンブラット,
2015100887,ベーカバド,メジロルーシュバー,
2015104898,ロードカナロア,トゥザヴィクトリー,
2014102151,ストーミングホーム,キャンディス,
2014102330,メイショウボーラー,メイショウオスカル,
2017109123,ヴァンセンヌ,イロジカケ,
2017105789,トランセンド,エメラルドタワー,
2017103293,ブラックタイド,タマヒカル,
2017105350,ハーツクライ,シルヴァースカヤ,
2016102199,キンシャサノキセキ,ルックアミリオン,
2015106488,Hard Spun,イルバチオ,
2016105096,ショウナンカンプ,ダイアゴナルクロス,
2016104193,メイショウボーラー,ホワイトデイズ,
2015101341,オルフェーヴル,ゴッドフェニックス,
2017103961,ロードカナロア,アルコセニョーラ,
2017105005,マジェスティックウォリアー,ヴァゼム,
2017103358,ワイルドラッシュ,ジョロキアキャット,
2017104052,オルフェーヴル,アンジェラスキッス,
2017106200,キングカメハメハ,アドマイヤマリリン,
2017103781,ゴールドアリュール,カチューシャ,
2017101389,エイシンフラッシュ,ゴコウ,
2017101476,カレンブラックヒル,オウハ,
2017101624,アスカクリチャン,オーデコロン,
2017106362,メイショウボーラー,アグネスルビー,
2017101706,リアルインパクト,トウカイベルタ,
2017100370,ルーラーシップ,サンデーサンライズ,
2017100802,ゴールドアリュール,タイキアヴェニュー,
2017110149,Competitive Edge,Daydawn,
2017105188,リアルインパクト,アドマイヤヒラリー,
2017100101,ベルシャザール,レディワシントン,
2017103583,エスケンデレヤ,ニホンピロシェリー,
2017106227,キングカメハメハ,フラライン,
2017102662,メイショウサムソン,スマイルユー,
2017104997,Medaglia d'Oro,ワイルドウインド,
2017101380,オルフェーヴル,ルリニガナ,
2017102994,ベルシャザール,マルヨシャトル,
2017105550,エピファネイア,ボージェスト,
2017105600,ディープインパクト,ラヴズオンリーミー,
2017100222,ゴールドシップ,ナイスゴールド,
2017105115,キングカメハメハ,ソベラニア,
2017100655,スピルバーグ,ナックオフィス,
2017100033,ジャスタウェイ,レースドール,
2017102312,ルーラーシップ,リヴァプール,
2017105321,ルーラーシップ,サトノジュピター,
2017105584,ゴールドシップ,ムーンフェイズ,
2017106319,オルフェーヴル,ハービンジャーラス,
2017102235,フェノーメノ,キャンドルアイス,
2017101731,ダイシンオレンジ,ダイシンタイムズ,
2017104764,ゴールドアリュール,シャドウムーン,
2017105006,ルーラーシップ,ヴィクトリーマーチ,
2017106028,メイショウボーラー,フミノシンデレラ,
2017102962,ジョーカプチーノ,ジョーイロンデル,
2016104519,ジャスタウェイ,スタイルリスティック,
2016104382,ハービンジャー,ラルシュドール,
2014100116,ダイワメジャー,ポポラス,
2016103578,ドリームジャーニー,ナリタカサブランカ,
2015100371,ネオユニヴァース,エリモインプレス,
2015104811,ディープブリランテ,ショアー,
2016104983,ダイワメジャー,カウガールズドントクライ,
2016104348,ディープインパクト,ウミラージ,
2015104780,ダイワメジャー,コンカラン,
2016101745,トゥザグローリー,ラブリイステラ,
2016102524,ゴールドアリュール,ベルエアメイダン,
2016106450,スマートファルコン,プリティスター,
2017103385,ロードカナロア,ヤマカツマリリン,
2012101704,サクラバクシンオー,キャッスルブラウン,
2013103082,アドマイヤオーラ,サフランカーネギー,
2015101580,Street Cry,ヴァインストリート,
2016101938,シンボリクリスエス,ランブルジャンヌ,
2013102840,ハーツクライ,シャルマンスタイル,
2017101796,クロフネ,キングベイビー,
2017106389,ベルシャザール,タフネスデジタル,
2017104640,ストロングリターン,アグネスショコラ,
2017103364,キズナ,チャームライト,
2017104334,トランセンド,アワーグラス,
2017106596,パイロ,バーンアウル,
2017102055,フリオーソ,オーミバンビーナ,
2017101002,ケープブランコ,ハロースカーレット,
2017105228,ノヴェリスト,ヴァナディース,
2017106021,アドマイヤムーン,テンセイフジ,
2017105535,オルフェーヴル,プンタステラ,
2017103796,スピルバーグ,ショコラミント,
2017105929,トランセンド,ラクスクライン,
2017105522,ディープインパクト,ブラックエンブレム,
2017104898,ロードカナロア,フレンチボウ,
2017102182,ジャングルポケット,シマノラピス,
2017104827,キングカメハメハ,デアリングハート,
2017106720,ダイワメジャー,サイモンドルチェ,
2017101723,キングカメハメハ,タガノグラマラス,
2017100393,ルーラーシップ,ダッシャーレーヌ,
2017106325,ヴィクトワールピサ,ニンナナンナ,
2017101534,キズナ,オーヴァーアンダー,
2017104778,ハービンジャー,ジェルミナル,
2017101293,フェノーメノ,チャメ,
2017102917,ルーラーシップ,タキオンコウショウ,
2017103694,キズナ,メジロアリエル,
2017101086,トーセンホマレボシ,アレアレア,
2017105445,エピファネイア,ディープストーリー,
2017104712,ヴィクトワールピサ,カウアイレーン,
2017105587,ルーラーシップ,メテオーリカ,
2017109010,オーシャンブルー,イースタリーブリーズ,
2017106404,パイロ,メイショウオウヒ,
2017101783,キズナ,アルデュイナ,
2016101049,ロードカナロア,グランプリエンゼル,
2016104865,ルーラーシップ,ヨゾラニネガイヲ,
2016102188,キンシャサノキセキ,メイショウジェイ,
2015103333,シニスターミニスター,ピエナサクラ,
2016104680,ロードカナロア,ロゼシャンパーニュ,
2016100594,ダイワメジャー,ヴォルドニュイ,
2016105624,サダムパテック,ガッダムアスカ,
2014100156,バゴ,ウインヴァネッサ,
2013101292,マンハッタンカフェ,リーフィーウッド,
2017105591,ルーラーシップ,モンローブロンド,
2017102294,エピファネイア,キングダンサー,
2016105772,ロードカナロア,ケイアイウィルゴー,
2016102611,タイキシャトル,オールブランニュー,
2015106069,アイルハヴアナザー,ソーゴル,
2015102647,エンパイアメーカー,シンコールビー,
2016104570,ハーツクライ,バラダセール,
2015103580,ハーツクライ,ヴィクトリアズワイルドキャット,
2017104280,ヴィクトワールピサ,アシェラフ,
2017105556,アルデバランII,マコトキンラン,
2017102930,トゥザグローリー,フォーモサマンボ,
2017102976,クロフネ,ハイノリッジ,
2017103097,ヘニーヒューズ,ブラックカシミール,
2017100830,スマートファルコン,テールバインダー,
2017106152,スウェプトオーヴァーボード,ノースプリンセス,
2017104338,サウスヴィグラス,ホワイトポイント,
2017106272,シニスターミニスター,ワタシマッテルワ,
2017100849,タニノギムレット,カレンバレリーナ,
2017101444,スクリーンヒーロー,フリーヴァケイション,
2017103742,シニスターミニスター,コペノイコロ,
2017105165,キングカメハメハ,レディシャツィ,
2017103585,ニホンピロアワーズ,ニホンピロステージ,
2017104610,リアルインパクト,ナオミノユメ,
2017103286,マツリダゴッホ,スノークラフト,
2017100371,ダイワメジャー,サンドスラッシュ,
2017102500,スクリーンヒーロー,エイシンフェアリー,
2017101857,アドマイヤムーン,スノーリンクス,
2017101211,ダノンシャンティ,スピリットオブブライティア,
2017103841,ディープインパクト,ミリアグラシア,
2017104211,ダンカーク,チャームウィーク,
2017110035,Dubawi,ミッドサマーフェア,
2017106226,ノヴェリスト,ピンクベリーニ,
2017105277,ハーツクライ,カルディーン,
2017102336,ジャングルポケット,ロゼブルー,
2017101123,ハービンジャー,ミラクルアスク,
2017106166,キンシャサノキセキ,レッドムーヴ,
2016106594,ベルシャザール,リスティアアスリー,
2016100567,エイシンフラッシュ,ヤマニンアリエル,
2016103765,エンパイアメーカー,ブラボーサンライズ,
2014101360,シニスターミニスター,プリンセスティアラ,
2016102097,ゴールドアリュール,ペイドリン,
2016102423,ダイワメジャー,ダニエラズフラワー,
2016103721,ノヴェリスト,ショウサンミーベル,
2015102906,サムライハート,アンダルシア,
2014102137,ストリートセンス,アクアリスト,
2014105416,ダイワメジャー,ウォートルベリー,
2013102037,カジノドライヴ,カウントオンミー,
2015100995,ヘニーヒューズ,グロッタアズーラ,
2015110010,Kitten's Joy,Mighty Renee,
2016102668,キンシャサノキセキ,スマートアルテミス,
2016104876,ヘニーヒューズ,ラフィカ,
2014103514,メイショウボーラー,パワフルリーフ,
2014104048,ケイムホーム,スターペスキサコ,
2016102480,クロフネ,ハイノリッジ,
2015101402,ゴールドアリュール,ラウンドダンス,
2017100199,キングズベスト,ユキノハボタン,
2017100680,ワークフォース,ハッピーウィーク,
2017102599,スマートファルコン,アペラシオン,
2017104699,ゴールドアリュール,オフジオールドブロック,
2017101239,ローズキングダム,クニコチャン,
2017101179,ルーラーシップ,ノイ,
2017103939,ヴァンセンヌ,マグノリア,
2017101825,トランセンド,プライマリーカラー,
2017106402,スマートファルコン,メイショウアサツユ,
2017100551,ルーラーシップ,チャームダイヤ,
2017102000,メイショウボーラー,ミスコマチ,
2017104874,キンシャサノキセキ,ビーチフラッグ,
2017100441,ワールドエース,キミーズキッド,
2017106440,ヘニーヒューズ,フォルクスオーパー,
2017101852,マジェスティックウォリアー,ケイアイリブラ,
2017106671,ベルシャザール,ブライトサファイヤ,
2017105741,ダノンシャンティ,ホエールシャーク,
2017106235,マジェスティックウォリアー,エリモマドンナ,
2017105826,マコトスパルビエロ,ラトーヌインパクト,
2017103124,シビルウォー,ヤマニンスプラウト,
2017104829,オーシャンブルー,ディアウィンク,
2017106649,オルフェーヴル,パンズラビリンス,
2017102686,サウスヴィグラス,ソラコマチ,
2017102221,クロフネ,ワイズドリーム,
2017101426,オルフェーヴル,コスモアクセス,
2017105795,パイロ,メイショウカエデ,
2016102009,ヘニーヒューズ,フラライン,
2015102387,ロードカナロア,レディバラード,
2016106505,ゴールドアリュール,コパノニキータ,
2016100861,クロフネ,パラディナ,
2016100298,マツリダゴッホ,トラックマグナ,
2016105171,キングカメハメハ,ピンクカメオ,
2016104746,ロードカナロア,キングスローズ,
2015104862,ハービンジャー,ソムニア,
2015104968,キングカメハメハ,ブエナビスタ,
2016104913,ハービンジャー,アルティマトゥーレ,
2015101665,ディープスカイ,モケット,
2016104486,ロードカナロア,サンデースマイルII,
2017103814,アドマイヤムーン,ドリームカムカム,
2017104873,キズナ,ビーチアイドル,
2017101765,キズナ,ロックフェアレディ,
2017100728,キンシャサノキセキ,カストリア,
2017103895,ロードカナロア,パープルストック,
2014102787,エンパイアメーカー,チヨノドラゴン,
2016104646,ダイワメジャー,モンプティクール,
2011104831,プリサイスエンド,シールビーバック,
2014102253,ブラックタイド,ジョイアサーティン,
2013106033,ネオユニヴァース,ピンクリップス,
2012103663,ヴァーミリアン,フサイチジェット,
2014104390,キングカメハメハ,モンスーンウェディング,
2017104752,ダイワメジャー,サブラタ,
2017103978,スマートファルコン,ナムラカエデジョウ,
2017101842,スクリーンヒーロー,ポポチャン,
2017104148,シニスターミニスター,バージントウショウ,
2017102090,ヘニーヒューズ,サウスオブスカイ,
2017105103,スクリーンヒーロー,サダムグランジュテ,
2017106088,ゴールドアリュール,メイショウナゴン,
2017101685,アメリカンボス,マンノアクトレス,
2017100768,ダイワメジャー,ニューアイデア,
2017101395,パドトロワ,イナズマディオーネ,
2017100622,トゥザワールド,デジタルゴールド,
2017101399,トランセンド,コウエイテンプウ,
2017102884,ノヴェリスト,マロトウショウ,
2017104298,キングカメハメハ,ノーブルストーン,
2017103794,ジャスタウェイ,サーキットレディ,
2017101457,ジャングルポケット,ジョウショーエガオ,
2017103893,エイシンフラッシュ,ニホンピロディール,
2017106291,ジャスタウェイ,ナイアード,
2017105146,エピファネイア,マトゥラー,
2017104861,ヴィクトワールピサ,バルドウィナ,
2017100435,ブラックタイド,リオニアンレディー,
2017103946,リアルインパクト,ナムラエメラルド,
2017100580,グランプリボス,ピシーズクイーン,
2017100046,メイショウサムソン,ビエンナーレ,
2017106075,オルフェーヴル,レフア,
2017105166,ハーツクライ,ローズキャサリン,
2017102478,アサクサキングス,シプカクラッチュ,
2017103469,ルーラーシップ,サンビスタ,
2017106197,ジャスタウェイ,アドマイヤスペース,
2017103384,スピルバーグ,ヤマカツマヤリス,
2017102313,キズナ,ワイキキブリーズ,
2016101051,エンパイアメーカー,ベラルーナ,
2016100589,トランセンド,アンドレルノートル,
2016104253,ゴールドアリュール,ウィッチフルシンキング,
2016105875,ルーラーシップ,ブリスクウェザー,
2013104232,シンボリクリスエス,クラシックチュチュ,
2016106486,ゴールドアリュール,エーシンベタラネリ,
2016110062,Graydar,Miss Luna,
2014101505,サクラプレジデント,カルナアヴァンセ,
2016104773,ディープインパクト,シーズアタイガー,
2015105936,ハーツクライ,ノベンバースルー,
2015103249,ヘニーヒューズ,メルヴェイユーズ,
2015104165,ロードカナロア,アルーリングボイス,
2014105554,ワークフォース,センターステージ,
2016109019,スウェプトオーヴァーボード,ラヴアズギフト,
2017100592,クロフネ,ウインクルグラス,
2017101404,カレンブラックヒル,マイファーストラヴ,
2017103822,ダノンシャンティ,ヒラボクミラクル,
2017103422,タイセイレジェンド,パレストウショウ,
2017100899,キンシャサノキセキ,アラタマデジタル,
2017100169,ワールドエース,プルーフオブライフ,
2017105895,トーセンブライト,リエートフィーネ,
2017101992,ノヴェリスト,コスモアンダルシア,
2017106126,ロードアルティマ,レッダンゴールド,
2017106788,カジノドライヴ,ノンキ,
2017102270,グランプリボス,グランプリエンゼル,
2017110153,Palace,Dark Fire,
2017104618,キンシャサノキセキ,メジロカトリーヌ,
2017101591,ゴールドアリュール,サクセスアイニー,
2017104293,ヴィクトワールピサ,ステラムーン,
2017100910,ワールドエース,ブライトエルフ,
2017100946,グランプリボス,サイトディーラー,
2017106151,サウスヴィグラス,ニースセブンティン,
2017101659,ルーラーシップ,サンデージョウ,
2017101728,キングズベスト,タガノプルミエール,
2017105142,サンカルロ,ペニーホイッスル,
2017101445,ロージズインメイ,ベリーフ,
2017101594,ジャングルポケット,テイエムプリキュア,
2017105661,ロードカナロア,ローズノーブル,
2014102116,サマーバード,ウインクルグラス,
2016102161,シニスターミニスター,シンメイスバル,
2016102439,ヨハネスブルグ,ブランピュール,
2016104227,マンハッタンカフェ,メジロアリス,
2016105780,トーセンジョーダン,ニホンピロヴィータ,
2016102751,ダノンシャンティ,パチャママ,
2015101320,ルーラーシップ,マッキーパシオン,
2016106258,ジャスタウェイ,ラストアロー,
2015110065,Orb,Glorious Success,
2015105481,キンシャサノキセキ,アスパラガス,
2016100321,ハービンジャー,クロスウォーターII,
2014105642,ダイワメジャー,ファンジカ,
2014102359,ジャングルポケット,ツルマルアイ,
2016104729,キングカメハメハ,ヴィルシーナ,
2017100043,キズナ,トップオブドーラ,
2017100404,ハーツクライ,パスオブドリームズ,
2017106613,ハーツクライ,レディオブパーシャ,
2017105348,ジャスタウェイ,ショウリュウムーン,
2017110055,Uncle Mo,A Footstep Away,
2015101403,ロードカナロア,ラピーダシャリナ,
2015105009,クロフネ,マチカネセキガハラ,
2015110027,Kitten's Joy,Limonar,
2016105898,オウケンブルースリ,ジェネスタキオン,
2017105435,ゴールドアリュール,テルアケリー,
2017105336,ロードカナロア,シシリアンブリーズ,
2017103337,ヘニーヒューズ,ワイキューブ,
2017103343,シニスターミニスター,アランロド,
2017105083,スウェプトオーヴァーボード,エインセル,
2017100005,キズナ,イニシャルダブル,
2017104780,クロフネ,ジャドール,
2017105824,ストーミングホーム,ヒカルカグヤヒメ,
2017104483,シンボリクリスエス,マクシマール,
2017104460,ストロングリターン,スカイクレイバー,
2017105012,カジノドライヴ,オーゾラヲマウトキ,
2017103865,トビーズコーナー,ウェットサンプ,
2017101737,キングカメハメハ,ボルボレッタ,
2017104643,ルーラーシップ,アスクデピュティ,
2017103409,ローズキングダム,スマートエッグ,
2017100456,ダノンシャンティ,カスターニャ,
2017103690,タイムパラドックス,デザートレジーナ,
2017105816,ミキノバンジョー,ミキノファンシー,
2017103070,トゥザグローリー,ミラグロレディ,
2017109055,フェノーメノ,シアトルハッピー,
2017101136,ジャングルポケット,カネトシエターナル,
2017102565,エスケンデレヤ,ブルーオアシス,
2017104071,ノヴェリスト,ネオシルヴィア,
2017102296,エピファネイア,ユメイッポ,
2017106611,パイロ,レッドフェザー,
2015100613,クロフネ,シェルエメール,
2013105979,ワイルドラッシュ,ディフィカルト,
2016101887,メイショウサムソン,メイショウランタナ,
2016104796,キングカメハメハ,チュウワブロッサム,
2016100669,スウェプトオーヴァーボード,リープリング,
2016104632,ディープインパクト,ミスアンコール,
2013104780,スズカマンボ,ダイヤモンドクイン,
2016105106,キングカメハメハ,ダンスインザムード,
2017105468,ワールドエース,ハルーワソング,
2013101729,エンパイアメーカー,タガノチャーリーズ,
2016103065,ヘニーヒューズ,シャラポワ,
2016102182,ルーラーシップ,ミンティエアー,
2014103001,メイショウサムソン,メイショウセンヒメ,
2014103000,メイショウボーラー,メイショウスコール,
2016103256,バトルプラン,ムニン,
2015104656,ディープインパクト,アドマイヤキラメキ,
2014105957,キングカメハメハ,シーザリオ,
2013105471,ハービンジャー,シャイニングアレキ,
2016102269,クロフネ,ワンダープリンセス,
2017103566,サウスヴィグラス,サイレントソニック,
2017100039,ヘニーヒューズ,キルシュワッサー,
2017102906,エピファネイア,カレンシェリーメイ,
2017105118,ゴールドアリュール,ダイナズクラブ,
2017101563,ヘニーヒューズ,ケイアイガーベラ,
2017100735,シニスターミニスター,ラドゥガ,
2017102807,ブラックタイド,ガリカローズ,
2017105256,キンシャサノキセキ,エンジェルフォール,
2017103497,サウスヴィグラス,ファイトソング,
2017105349,スマートファルコン,シラユキ,
2017104980,キングカメハメハ,レッドアゲート,
2017100871,カジノドライヴ,グランス,
2017103049,ダンカーク,ロックドクトリン,
2017105951,ルーラーシップ,ラメール,
2017110051,ストリートセンス,Sweet Dreams,
2017110014,Sea The Moon,Algarade,
2017103837,ダンカーク,マジックシアター,
2017106698,ネオユニヴァース,ナムラクロワッサン,
2017103605,エイシンフラッシュ,シーキングフェイム,
2017105179,ディープインパクト,アゼリ,
2017102885,ハービンジャー,ルルドノヒトミ,
2017105107,ロードカナロア,サンドミエシュ,
2017102076,ディープブリランテ,ラッキーダイス,
2017102845,ケープブランコ,ミントシャイン,
2013103153,ゼンノロブロイ,サンタローズ,
2015102372,ディープインパクト,キャサリンオブアラゴン,
2015102812,バゴ,ブーケドレーヌ,
2016103499,ハービンジャー,ツルマルオジョウ,
2016106119,アサクサキングス,キシュウリベンジ,
2016100419,ゴールドヘイロー,センターアンジェロ,
2015102370,オルフェーヴル,エルテアトロ,
2016104224,ゴールドアリュール,パシフィックベル,
2017105187,ハーツクライ,アドマイヤテレサ,
2017101451,ロージズインメイ,ラヴァーズナット,
2017105198,ディープインパクト,アメリ,
2017100495,スズカコーズウェイ,スパイシーキティ,
2014106179,ディープインパクト,ミュージカルロマンス,
2014103547,エンパイアメーカー,スマートオーシャン,
2017101724,ロードカナロア,タガノシビル,
2017104299,パイロ,パーフェクトチャンス,
2017106664,フェノーメノ,ラヴィアージュ,
2017102605,トーセンラー,ニシノフレイア,
2017101383,ヘニーヒューズ,キョウワエンプレス,
2017106442,ダンカーク,ラッキーハナチャン,
2017105897,メイショウサムソン,アスターロマーネ,
2017103387,ワールドエース,ラタンペットロゼ,
2017105263,エピファネイア,オーマイベイビー,
2017110179,Kitten's Joy,Laureldean Gale,
2017106114,バゴ,エーシンチェロキー,
2017104836,スピルバーグ,ドライアッド,
2017100873,キズナ,サウンドリアーナ,
2017103381,シニスターミニスター,マンボビーン,
2017102202,ケイムホーム,アレキパ,
2017105207,エピファネイア,アンレール,
2017105297,ハーツクライ,クルージンミジー,
2017101771,エピファネイア,ヤマニンカルフール,
2017103395,カレンブラックヒル,グランソルシエール,
2017104467,トランセンド,ロココキャンドル,
2017104089,トゥザワールド,アンスタンフィール,
2016106585,ネオユニヴァース,リーグルメアリー,
2016100072,ジャスタウェイ,オンワードミシェル,
2016104716,シンボリクリスエス,アンナヴァン,
2016102045,メイショウサムソン,ビューティアイ,
2016105210,ジャスタウェイ,ヘヴンリークルーズ,
2015105087,ハービンジャー,レイナソフィア,
2015101700,ステイゴールド,ポイントフラッグ,
2017105537,スクリーンヒーロー,ベットーレ,
2017100765,ヴィクトワールピサ,タイヨウパフューム,
2017106595,ダイワメジャー,ハーロンベイ,
2017100796,キズナ,トウカイライフ,
2017105834,フサイチセブン,サマーティアラ,
2017106566,ダノンシャンティ,ヴァレッタ,
2014102571,キンシャサノキセキ,イリデ,
2017101720,パイロ,タガノイノセンス,
2017105665,キングカメハメハ,ワイルドラズベリー,
2017102364,ヴィクトワールピサ,コスモアオイ,
2017102929,アイルハヴアナザー,フォースライト,
2017106716,ワールドエース,ハイヨーシルバー,
2017106019,リアルインパクト,チョウハッスル,
2017106627,モンテロッソ,ステラマリーン,
2017106390,ルーラーシップ,ダンシングハピネス,
2017105723,キズナ,エアイゾルテ,
2017104244,グランプリボス,バルスピュール,
2017101295,トゥザワールド,ビーナストリック,
2017105095,スマートファルコン,グラウソフィア,
2017100799,クロフネ,ミスマープル,
2017105830,ダノンシャンティ,クールネージュ,
2017103039,エイシンフラッシュ,レアプラチナ,
2017104288,ディープブリランテ,クリスタルストーン,
2017105254,ロードカナロア,エレガントマナー,
2017105082,エイシンフラッシュ,ヴェラブランカ,
2017102173,マジェスティックウォリアー,ハーランズルビー,
2017105831,フサイチセブン,クールモダン,
2017100479,ワールドエース,リュミエールゲラン,
2017104856,マルカシェンク,ハッピーリクエスト,
2017106215,エピファネイア,スズカモンスーン,
2017105531,ルーラーシップ,プリンセスカメリア,
2017100470,キングカメハメハ,ブルーロータス,
2017101307,エスケンデレヤ,マリントウショウ,
2017101134,ヘニーヒューズ,ブループレリュード,
2017106739,ベルシャザール,グレイトフルレガロ,
2017101636,ヘニーヒューズ,サウンドモニカ,
2017101820,オルフェーヴル,ハーモニー,
2017105598,ロードカナロア,ライラックスアンドレース,
2017104938,キングカメハメハ,マンハッタンセレブ,
2017101768,ワークフォース,ボーテセレスト,
2017106625,ディープブリランテ,ニューコローラ,
2016102336,ジャスタウェイ,スターズアラインド,
2014100591,ハーツクライ,シェープアップ,
2016105250,キングカメハメハ,ミラクルレジェンド,
2015101329,ディープインパクト,ウィステリアアーチ,
2016105987,オルフェーヴル,スターオブサファイア,
2015105026,ディープインパクト,ミスパスカリ,
2017100601,エピファネイア,エトピリカ,
2017110154,Shakin It Up,D' Chili Pepper,
2017101385,ロードカナロア,キョウワジャンヌ,
2017102562,サウスヴィグラス,レディパッション,
2017104739,ディープブリランテ,ココナッツパルム,
2017106295,シニスターミニスター,マイユクール,
2017101342,パドトロワ,ヒシイパネマ,
2015101537,タイキシャトル,セトノウインド,
2016103884,ベルシャザール,ノードラメール,
2013105901,マンハッタンカフェ,ショアー,
2015102995,ショウナンカンプ,スウィングダンス,
2017104139,ヘニーヒューズ,レストレスハート,
2017104822,ゴールドアリュール,チャーミングクリス,
2017102583,エスケンデレヤ,ワンダーグラス,
2017105234,キンシャサノキセキ,ヴィリエルバクル,
2017100540,ハーツクライ,スマートムービー,
2017106755,キングズベスト,トゥニーポート,
2017101009,クロフネ,ホイップクリーム,
2017106253,メイショウボーラー,メイショウフェーヴ,
2017103640,サウスヴィグラス,バーリンスワン,
2017104072,Night of Thunder,パルストリーナ,
2017106409,キズナ,メイショウスズラン,
2017104674,ダイワメジャー,ヴァイオレットラブ,
2017102897,ルーラーシップ,アグネスワルツ,
2017103164,ダイワメジャー,サンタローズ,
2017102272,エピファネイア,チェルシーガール,
2017101191,ワールドエース,レッドマーベル,
2017102919,ロードカナロア,ダニエラズフラワー,
2017102251,キズナ,コウユーユメダンス,
2017105517,キズナ,フレンチバレリーナ,
2017104053,オルフェーヴル,イイチョ,
2017100943,ヴィクトワールピサ,ブライアンズイブ,
2017103169,エイシンフラッシュ,ハギノプリンセス,
2017110126,Kitten's Joy,Imagistic,
2017102984,フェノーメノ,プリティホワイト,
2017106406,エイシンフラッシュ,メイショウガンツ,
2017106247,マジェスティックウォリアー,ファインチョイス,
2016104042,カジノドライヴ,モエレサンタマリア,
2016101782,ケープブランコ,スプンキーウーマン,
2016101717,ナカヤマフェスタ,フェステロマーネ,
2016102003,ロードカナロア,ティファニーケイス,
2016102334,ネオユニヴァース,サチノスイーティー,
2016103066,エンパイアメーカー,シャンパンフルート,
2016105584,スマートファルコン,ラヴフェアリー,
2015100748,ハーツクライ,マイネヌーヴェル,
2011103071,スズカマンボ,オオシマパンジー,
2016104673,ディープインパクト,レッドメデューサ,
2017103667,ディープインパクト,ベアフットレディ,
2016106399,ハーツクライ,キングスミール,
2017106241,ジャスタウェイ,サーリセルカ,
2017103260,スピルバーグ,ヴンダーゾンネ,
2017102081,ローレルゲレイロ,ウインラシェーナ,
2017100105,メイショウボーラー,サルガソシー,
2017106092,ダンカーク,メイショウランタナ,
2017110047,Congrats,ミリオンギフト,
2017106085,スマートファルコン,メイショウアシタバ,
2017102237,トゥザワールド,トスカーナ,
2017104146,エイシンフラッシュ,タマモルミエール,
2017104455,スズカフェニックス,スズカベラミー,
2017102203,ブラックタイド,タガノシャルマン,
2017103675,ブラックタイド,オートクリス,
2017100618,キズナ,ハローオンザヒル,
2017105503,ディープインパクト,ファッションプレート,
2017105654,ディープインパクト,ロベルタ,
2017103850,ダンカーク,ラブアンドピース,
2017106704,パイロ,ミステリアスオーラ,
2017102802,ゴールドヘイロー,ナムララピス,
2017105084,ジャスタウェイ,エヴィータアルゼンティーナ,
2016102109,ダンカーク,マミモナ,
2016102388,ディープブリランテ,ナムラケイオス,
2015102904,ブラックタイド,ヤマカツセイレーン,
2016104066,スズカフェニックス,サワヤカラスカル,
2016105310,オルフェーヴル,ワイルドフラッパー,
2016106283,キモンノカシワ,コパノプレゼント,
2016103416,ルーラーシップ,ダイシンキャンディ,
2017100163,フェノーメノ,カーリア,
2016104232,ロードカナロア,メジロツボネ,
2015103414,エイシンフラッシュ,ティボリペガサス,
2015104171,ロードカナロア,カラフルデイズ,
2015104024,メイショウボーラー,ペルサントクリール,
2017103548,トウケイヘイロー,アグネスロージイ,
2014103990,バトルプラン,サイタ,
2016100418,オルフェーヴル,ジーエスレインボー,
2015101995,リーチザクラウン,ビックセイラー,
2016102152,メイショウサムソン,ウォータームージカ,
2017106162,ノヴェリスト,ラヴクレージー,
2017104821,ベルシャザール,チャーミングオーラ,
2017106323,ルーラーシップ,カナリ,
2017103167,キンシャサノキセキ,ハギノアーク,
2017102219,シンボリクリスエス,パリュール,
2017106213,キングズベスト,シンバルII,
2017104289,ダイワメジャー,グレイトグレイス,
2017101184,マジェスティックウォリアー,プロミストスパーク,
2017106002,トゥザグローリー,カイテキセレブ,
2017104654,シビルウォー,アルデュール,
2012103930,ハービンジャー,サオヒメ,
2016102217,アポロキングダム,トップルビー,
2014104375,トランセンド,フェスティブシャン,
2016100954,カネヒキリ,イットオールアッズアップ,
2014103545,ダノンシャンティ,スイートストームクリーク,
2017103740,エイシンアポロン,サクラローズマリー,
2017103160,ダイワメジャー,ヘッドミストレス,
2017103359,オルフェーヴル,スイートレッドキャット,
2017103349,ディープブリランテ,カルナヴァレ,
2017102551,モンテロッソ,ショウナンハトバ,
2017105687,サムライハート,ホーマンシュテルン,
2017102376,ロードカナロア,エンジェリックレイ,
2017100351,ディープインパクト,インネートグレイス,
2017110039,Le Havre,アブソリュートレディ,
2017106373,ダイワメジャー,アルペンローズ,
2017105337,ロードカナロア,シャトーブランシュ,
2017105236,キズナ,ヴィルジニア,
2017104368,キングヘイロー,ペロチャン,
2016102177,ロードカナロア,ホーマンフリップ,
2016105729,ケープブランコ,ティンクルハート,
2016103961,パイロ,シアリアスバイオ,
2016101699,マンハッタンカフェ,ミッドナイトソプラノ,
2016104426,オルフェーヴル,ヴィートマルシェ,
2016104233,エイシンフラッシュ,メジロトンキニーズ,
2016104611,ハーツクライ,ベルスリーブ,
2016104499,ロードカナロア,シルバーフォックス,
2015105433,シンボリクリスエス,タニノハイクレア,
2017105593,オルフェーヴル,ヨゾラニネガイヲ,
2017105482,ハービンジャー,ヒカルアマランサス,
2017104934,ルーラーシップ,マルカキャンディ,
2017101021,アイルハヴアナザー,タイキシャイン,
2017102099,エスケンデレヤ,ツルマルサンチャン,
2017103700,クロフネ,レッドシェダル,
2017102578,ルーラーシップ,グローブ,
2017101732,ハーツクライ,チャーリーズ,
2017101716,キングズベスト,エレガントステージ,
2017102664,キングヘイロー,ボロンベルラルーン,
2017105388,ジャスタウェイ,ストゥデンテッサ,
2017106645,メイショウサムソン,メイショウカレン,
2017101214,ゴールドアリュール,ハッピーラン,
2017101317,ディープインパクト,シャッセロール,
2017105230,キンシャサノキセキ,ヴィアメディチ,
2017104450,キングズベスト,コマノスクアーロ,
2017104630,オルフェーヴル,メジロルバート,
2017101131,オルフェーヴル,デイドリーム,
2017106195,ルーラーシップ,アドマイヤオウカ,
2017106378,ディープインパクト,クライシスオブスピリット,
2017106243,オルフェーヴル,ジャストトゥートゥー,
2017102377,ロードカナロア,オーシュペール,
2017100550,オルフェーヴル,タマモピアス,
2017101535,オルフェーヴル,クロスウォーターII,
2017104884,ゴールドアリュール,ファニーストーリー,
2015103227,カジノドライヴ,モスキャンピオン,
2016101755,ダンカーク,ハンナリト,
2013106365,アドマイヤオーラ,ウインディーギフト,
2014103515,メイショウボーラー,ペガサスゴールド,
2013104365,ブラックタイド,スズカダーリン,
2016100472,トゥザグローリー,テンザンジョイ,
2016106315,ハービンジャー,レストレスハート,
2014101173,ルーラーシップ,ナリタブルースター,
2012101013,サクラバクシンオー,アポロジャスミン,
2015105142,ワークフォース,フェリーク,
2017101372,トランセンド,クーファナイン,
2017105208,クロフネ,アーデルハイト,
2017104697,ディープインパクト,オジャグワ,
2017104748,キズナ,サウンドバリアー,
2017109105,エスケンデレヤ,フレッシュドール,
2017103653,ジャスタウェイ,インターリム,
2017106432,マジェスティックウォリアー,スマッシュ,
2017100953,グランプリボス,ビューティーモズ,
2017105568,エピファネイア,マンドゥラ,
2017105787,ハタノヴァンクール,ドア,
2017101773,ワークフォース,ヤマニンシェリル,
2017106492,ハーツクライ,アースマリン,
2017105982,ダンカーク,スウィングダンス,
2017100564,ルーラーシップ,ケイエスアカリ,
2016104885,ノヴェリスト,レイナソフィア,
2015100557,ヴィクトワールピサ,ブルーレイ,
2014105066,キンシャサノキセキ,エアラホーヤ,
2015105736,タイムパラドックス,アヤナルベルス,
2016103343,パイロ,フェリシタス,
2016100854,ヘニーヒューズ,チーズマヨ,
2014105352,ハーツクライ,サパス,
2015102331,プリサイスエンド,ウィンワーシップ,
2016100603,アーネストリー,シャインリザルト,
2016104013,ショウナンカンプ,リトルラブソング,
2011102115,スズカマンボ,スリーローマン,
2015104946,ディープインパクト,ピラミマ,
2014105846,ダノンシャンティ,エポカローザ,
2015105022,ディープインパクト,ミスアンコール,
2015104665,ディープインパクト,アパパネ,
2015104882,ハービンジャー,ツルマルワンピース,
2015104639,ディープインパクト,アイランドファッション,
2013105788,ディープインパクト,ウィキウィキ,
2016101163,ジャスタウェイ,フェリス,
2014101827,シンボリクリスエス,クリノスペシャル,
2017110132,Frankel,Adoration,
2017103775,ケイムホーム,ヴィフォルテ,
2017104301,ヘニーヒューズ,ピュアエクセル,
2017100575,トーセンジョーダン,マヤフィオーレ,
2017110056,デクラレーションオブウォー,Cappagh Strand,
2017105760,キングズベスト,ジュンレンカ,
2017110057,Bernardini,Native American,
2017103635,サウスヴィグラス,ハイジトウショウ,
2017100668,カジノドライヴ,ナムラココロ,
2017106614,パイロ,レディミドルトン,
2017100578,キンシャサノキセキ,シウダニーニャ,
2017105022,ゴールドアリュール,スカイアライアンス,
2017101858,ノヴェリスト,ハリウッドドリーム,
2017103439,マジェスティックウォリアー,グレイスフルソング,
2017100455,キンシャサノキセキ,オースミリンド,
2017104477,ダイワメジャー,ケイティーズギフト,
2017104677,ダイワメジャー,ヴェイルドクリス,
2017104981,エピファネイア,レッドオーヴァル,
2017104346,ロードカナロア,チェルビム,
2017106691,ディープブリランテ,フィールドスラッピ,
2017105570,キングカメハメハ,ミクロコスモス,
2016104345,ディープインパクト,アルーリングボイス,
2015103101,プリサイスエンド,メモリーフェミナ,
2015104401,ダイワメジャー,ソーマジック,
2016102082,シニスターミニスター,ラシーク,
2016110078,Tapit,Funny Feeling,
2016110072,Malibu Moon,Tashzara,
2016104785,ダイワメジャー,スネガエクスプレス,
2016103274,スクリーンヒーロー,グリーンアイズII,
2013103343,スウィフトカレント,ユウキャラット,
2014103501,ハーツクライ,レディブライアン,
2015100251,ブラックタイド,キングシスター,
2017102433,ゴールドアリュール,エーシンベロシティ,
2017103766,スマートファルコン,モンタージュ,
2017102514,ダノンシャンティ,ジョーゲルダ,
2017104341,カネヒキリ,アビリティック,
2017104215,ヴィクトワールピサ,ユキアカリノマチ,
2017102429,ヴィクトワールピサ,レディアモーレ,
2017105797,シビルウォー,メイショウフェスタ,
2017105009,ロードカナロア,エターナルビート,
2017104935,タートルボウル,マルカフローリアン,
2017102633,スクリーンヒーロー,ネヴァーフェイド,
2017105467,ディープインパクト,Haya Landa,
2017101523,キズナ,ローリエ,
2017104882,ロードカナロア,ファイアマーシャル,
2017101474,ローレルゲレイロ,ブラックウィッチ,
2013103004,メイショウサムソン,ショウナンタイリン,
2016104678,ルーラーシップ,ロザリンド,
2016103129,エイシンフラッシュ,レッドデセーオ,
2016101156,ディープインパクト,スピニングワイルドキャット,
2016103291,ダイワメジャー,アフェクショネット,
2016102749,ヘニーヒューズ,ダイヤモンドムーン,
2017104095,キズナ,オスカルフランソワ,
2012101643,アグネスデジタル,メジロベツァーリ,
2017105613,ディープインパクト,リアアントニア,
2017102517,トランセンド,プリュネル,
2017106605,パイロ,ヘヴンアンドアース,
2017105903,シンボリクリスエス,アルブスメロディー,
2017105064,オルフェーヴル,アイヴォリーカラー,
2017103378,リアルインパクト,ベルモントピノコ,
2017100896,グランプリボス,モズアリュール,
2017106626,フレンチデピュティ,ラスティーク,
2017102768,クロフネ,ローズエンジェル,
2017110152,Maclean's Music,Cocoa Cowgirl,
2017103927,ダノンシャンティ,ブライダルベール,
2017105528,ディープインパクト,プラウドスペル,
2017106397,スクリーンヒーロー,ビューティーコンテスト,
2017101863,ハービンジャー,プレミアノアール,
2017104798,ノヴェリスト,セレブリティモデル,
2017101815,キズナ,ディルガ,
2016102380,クロフネ,ハギノクィーン,
2014102121,ネオユニヴァース,トーホウリッチ,
2016105829,タートルボウル,ハイジトウショウ,
2012102641,サウスヴィグラス,サザンカ,
2015102533,ネオユニヴァース,エイコオウイング,
2017110033,Shamardal,トリプルピルエット,
2016103084,マンハッタンカフェ,ダノンスズラン,
2014105787,ローエングリン,アズサユミ,
2015105171,キングカメハメハ,シルバートレイン,
2017102688,カレンブラックヒル,ラヴィール,
2017101538,トゥザワールド,ペルレストラーダ,
2017103799,スマートファルコン,ジェノア,
2017105794,メイショウサムソン,メイショウイザヨイ,
2017106438,キンシャサノキセキ,トップコマチ,
2017103808,ディープブリランテ,セブンスハーモニー,
2017100426,ディープブリランテ,マジックミラージュ,
2017102447,グランプリボス,エイシンベリンダ,
2017100605,ベルシャザール,セントクリスマス,
2017100377,ディープインパクト,ジェニサ,
2017106061,マジェスティックウォリアー,メイショウキラリ,
2017100282,アンライバルド,フジノグランデ,
2017102134,クロフネ,ミティーク,
2017104918,ディープインパクト,ベストロケーション,
2017110005,デクラレーションオブウォー,ピースバーグ,
2017101064,スウェプトオーヴァーボード,ラブハミング,
2017102907,Distorted Humor,カーディナルコーヴ,
2017105152,グランデッツァ,ライカート,
2017104996,ゴールドアリュール,ローズデュルワ,
2017104721,ディープインパクト,キャンディネバダ,
2016101645,フサイチセブン,フォービート,
2014100182,スズカマンボ,フローラルジュノー,
2014100659,トランセンド,ラヴゴッデス,
2016106400,クロフネ,クリスタルストーン,
2015105048,ハーツクライ,ラヴズオンリーミー,
2015104712,タートルボウル,エポキシ,
2016105681,ハーツクライ,スプリングサンダー,
2016105582,マンハッタンカフェ,ヤマカツマヤリス,
2015101364,ロードカナロア,ダイワエルシエーロ,
2015104138,ステイゴールド,マンティスハント,
2015100659,ストロングリターン,サザンレイスター,
2012104882,ネオユニヴァース,ユーアンミー,
2014104259,アイルハヴアナザー,キョウエイトルース,
2015102374,ハーツクライ,サッカーマム,
2014101197,ジャングルポケット,エーシンラクーリエ,
2016103974,パイロ,ブロードアピール,
2017104846,ノヴェリスト,ノボリディアーナ,
2017101465,ルーラーシップ,ピーチドラフト,
2017103080,アサクサキングス,サフランカーネギー,
2017106328,アイルハヴアナザー,メイショウアツヒメ,
2017103369,リアルインパクト,ファシネイト,
2017104283,クロフネ,エリザベスムーン,
2017104331,クロフネ,モエレサンタマリア,
2017100654,エイシンフラッシュ,セイラ,
2017105602,ルーラーシップ,ラシンティランテ,
2017104086,エイシンフラッシュ,ヤマカツオーキッド,
2017100839,オルフェーヴル,ウィザウトアトレイス,
2017103538,ストロングリターン,マーベラスロマン,
2017103674,ネオユニヴァース,ワードパワー,
2018105610,キズナ,ケイティーズギフト,
2018101618,モーリス,ウインプリメーラ,
2018105554,キズナ,ポリネイター,
2018103590,ロードカナロア,シティウェルズ,
2018105163,モーリス,ドナウブルー,
2018102910,ドゥラメンテ,フリティラリア,
2018105456,フェノーメノ,リングジアラーム,
2018105440,ダイワメジャー,ボンバルリーナ,
2018106524,モーリス,ダンスウィズミー,
2018102139,ゴールドシップ,ストークアンドレイ,
2016104533,エイシンフラッシュ,タンザナイト,
2016104267,ハーツクライ,クリームオンリー,
2016100621,ディープインパクト,ラフアウェイ,
2016105855,スペシャルウィーク,クイーンナイサー,
2016102768,ハービンジャー,セシリア,
2016102389,グランプリボス,アテナブルー,
2016102446,キンシャサノキセキ,ルスナイクリスティ,
2017105315,キンシャサノキセキ,コナブリュワーズ,
2017102901,トゥザワールド,カクテルローズ,
2016103300,ディープインパクト,オペラクローク,
2014104636,ローエングリン,スリータキオン,
2016100587,ワークフォース,アワーグラス,
2011101513,キングカメハメハ,ケージーワンモア,
2016104736,ハービンジャー,カノーロ,
2012100801,ステイゴールド,モーニングタイド,
2015101532,ブラックタイド,ピシーズクイーン,
2014103215,エンパイアメーカー,モーニングフェイス,
2012104503,ステイゴールド,アイルビーバウンド,
2014106132,ステイゴールド,ペンカナプリンセス,
2016104659,ディープインパクト,リッスン,
2014105427,キングカメハメハ,エアメサイア,
2014103348,ルーラーシップ,アドマイヤビアン,
2015105305,アポロキングダム,トパーズトウショウ,
2015105010,ハーツクライ,マチカネタマカズラ,
2017106177,ロードカナロア,レオソレイユ,
2017106532,キズナ,ギャルソンヌ,
2017105324,ディープインパクト,サファリミス,
2017105669,エピファネイア,ドリームアドリーム,
2017105087,エピファネイア,オンシジューム,
2017101588,マジェスティックウォリアー,アレキサンドリア,
2017102767,ルーラーシップ,ロックオブサリサ,
2017104911,ディープインパクト,プリンセスオブシルマー,
2017103202,ブラックタイド,トーホウプリンセス,
2017102619,ロードカナロア,ドリーミートーツ,
2017100448,ロードカナロア,レインリバー,
2017100217,スマートファルコン,サウスサプライズ,
2018104885,ドゥラメンテ,アスコルティ,
2018102155,スクリーンヒーロー,マイネエレーナ,
2018105422,モーリス,スパニッシュクイーン,
2018105067,トゥザワールド,シルバーチャリス,
2018103675,パイロ,アラホウジョウ,
2018105341,エピファネイア,リミニ,
2018103191,トゥザグローリー,ハイノリッジ,
2018104870,ローエングリン,ロマンシングジェム,
2018103389,カレンブラックヒル,ミヤジレリゴー,
2018110034,Dawn Approach,Exclusive Diamond,
2018106519,ダイワメジャー,セクシーザムライ,
2018104322,ケープブランコ,セブンシークィーン,
2017106217,ルーラーシップ,スリーベラミ,
2017103773,ダノンシャンティ,アールヌーヴォー,
2017100843,キズナ,ディスイズザライフ,
2016101088,ダノンバラード,シンコウエトワール,
2015103578,ルーラーシップ,アグネスワルツ,
2016105622,タニノギムレット,イルドロール,
2016102636,ルーラーシップ,レンヌルシャトー,
2016105320,モンテロッソ,ホーマンキュート,
2013103738,メイショウボーラー,メジロビクトリア,
2014102973,メイショウボーラー,シングフォアジョイ,
2016101555,プリサイスエンド,サルトリーガール,
2017101303,カレンブラックヒル,グラントリノ,
2015104249,キングカメハメハ,エアワンピース,
2016100710,アイルハヴアナザー,スーパーウーマン,
2017102942,ワールドエース,ルスナイプリンセス,
2017105796,モンテロッソ,メイショウゴウヒメ,
2017102485,ヴィクトワールピサ,エーシンラクーリエ,
2017101037,ゴールドシップ,ロクイチスマイル,
2017102585,ケープブランコ,ワンダーマドンナ,
2017104469,ゴールドアリュール,ワイルドフラワー,
2017101889,ヘニーヒューズ,キタサンテンニョ,
2017101014,ノヴェリスト,ラトーヌタキオン,
2017105969,キングズベスト,カプリースレディー,
2017105356,ジャスタウェイ,シーイズトウショウ,
2017103464,スズカコーズウェイ,グランドホイッスル,
2017102687,リアルインパクト,ブイルージュ,
2017100708,ダンカーク,ゴーフォーイット,
2017104192,キズナ,サビアーレ,
2017102314,フェノーメノ,ウェディングバレー,
2018109134,スクワートルスクワート,ハニーダンサー,
2018105296,ダイワメジャー,ムーングロウ,
2018104059,ブラックタイド,カチューシャ,
2018102827,リオンディーズ,イミラカチャ,
2018104129,ルーラーシップ,モーニングコール,
2018103078,ヨハネスブルグ,ファーレサルティ,
2018103698,エスポワールシチー,ウディバードソング,
2018105758,ラブリーデイ,ユメノトキメキ,
2017105174,エピファネイア,アヴェンチュラ,
2017101713,スピルバーグ,アップルマティーニ,
2017104168,リアルインパクト,チアフル,
2017104696,ディープインパクト,オヴァンボクイーン,
2017101657,ダイワメジャー,ラヴリージョウ,
2017105330,ロードカナロア,サングレアル,
2016102305,ダンカーク,ガリカローズ,
2014101752,ローエングリン,カフェドフレール,
2016104506,キンシャサノキセキ,シーズインクルーデッド,
2016104581,ノヴェリスト,ピサノグラフ,
2017101831,ダンカーク,ルアシェイア,
2016104273,ロージズインメイ,サルヴァドール,
2015102042,ハーツクライ,フラウラ,
2016110119,デクラレーションオブウォー,Crescent Moon,
2016102904,ブラックタイド,ワイルドアフリカ,
2015106286,マンハッタンカフェ,アートスタジオ,
2015104316,ノヴェリスト,コロンバスサークル,
2014103833,ヴィクトワールピサ,ブランピュール,
2015104163,オルフェーヴル,アドアード,
2016104654,ブラックタイド,ラフィントレイル,
2014102226,ストーミングホーム,レディオブパーシャ,
2016104795,ディープインパクト,チェリーコレクト,
2014109007,アサクサキングス,キボウ,
2015105830,ブラックタイド,コスモカラット,
2015103336,ルーラーシップ,ベストオブチャンス,
2013103952,ロージズインメイ,シルキードルチェ,
2014103166,タートルボウル,スプンキーウーマン,
2017100088,ルーラーシップ,ビウイッチアス,
2017106593,ルーラーシップ,ニューチャプターＩＩ,
2017101033,アドマイヤムーン,ダイメイダーク,
2017101828,ディープインパクト,ラヴェリータ,
2017104950,ルーラーシップ,ミルフィオリ,
2017104098,ルーラーシップ,シースナイプ,
2017103103,アドマイヤムーン,オールブランニュー,
2017105391,リアルインパクト,スネガエクスプレス,
2017102116,キングズベスト,フェニーチェ,
2017103924,キングカメハメハ,テーブルスピーチ,
2017106358,メイショウボーラー,メモラブルワーズ,
2017100140,ゼンノロブロイ,アンタークティカ,
2018105017,キズナ,クーデグレイス,
2018105192,キングカメハメハ,ヒカルアマランサス,
2018104976,モーリス,オツウ,
2018105497,ドゥラメンテ,グランデアモーレ,
2018104370,ヴィクトワールピサ,アドマイヤアモーレ,
2018100959,ブラックタイド,トウカイライフ,
2018103864,リーチザクラウン,ショウナンライム,
2018104591,マジェスティックウォリアー,クインリーグレイス,
2018103659,エイシンフラッシュ,インファクト,
2018106744,ダノンシャーク,ロスカティオス,
2018105353,キンシャサノキセキ,ルミナスグルーヴ,
2017105102,ハービンジャー,ゴールデンロッド,
2017105976,ジャスタウェイ,クリールダイナー,
2017102971,シルポート,サウンドウェーブ,
2017104788,ハーツクライ,ステイアライヴ,
2017105666,ジャスタウェイ,ワナダンス,
2016102812,ヨハネスブルグ,パンカティリオ,
2015101804,ローズキングダム,スタイルオブメロン,
2014104280,ショウナンカンプ,タマヒカル,
2016106292,ルーラーシップ,ラブフール,
2017105283,ハーツクライ,キラモサ,
2013105109,デュランダル,トーアライトニング,
2016102442,ダイワメジャー,ホッコーメモリー,
2016103544,ルーラーシップ,ラインアンジュ,
2012102486,ネオユニヴァース,フレームオブトゥルース,
2014101287,バトルプラン,ナムラミステリー,
2015104597,オルフェーヴル,ララア,
2015104502,ハーツクライ,フラムドール,
2014105582,ローエングリン,テクニカルラン,
2016104591,キングカメハメハ,フィロンルージュ,
2017102013,ヘニーヒューズ,スワン,
2017102987,プリサイスエンド,メイショウヒミコ,
2017104160,シニスターミニスター,クロネコ,
2017110115,デクラレーションオブウォー,Flatbow,
2017104713,ダイワメジャー,カウガールズドントクライ,
2017104077,ヴィクトワールピサ,ブリリン,
2017103809,ヘニーヒューズ,ダイワビリーブ,
2017106172,キズナ,フミノサチヒメ,
2017105400,ハーツクライ,セットプレイ,
2017102389,キンシャサノキセキ,パルテノン,
2018104865,ダイワメジャー,レディトゥプリーズ,
2018102541,ホッコータルマエ,キュールエアリス,
2018100679,パイロ,ティップトップ,
2018104392,ヘニーヒューズ,ラブフール,
2018106547,ホッコータルマエ,メイショウガンツ,
2018105669,トーセンブライト,トーセンビート,
2018106553,ダノンレジェンド,メイショウチルチェ,
2018103175,ジョーカプチーノ,ハートフルビコー,
2018102991,トビーズコーナー,マイドリーマー,
2018104377,コパノリチャード,イメージング,
2018105590,フリオーソ,スカイクレイバー,
2018106138,モンテロッソ,テンセイフジ,
2017102521,ジャスタウェイ,フィールグリュック,
2017101607,キングヘイロー,クインクインクイン,
2016101424,ジャスタウェイ,ボールルーム,
2016103575,クロフネ,トウカイライフ,
2017103147,ワンダーアキュート,ワンダープリマ,
2017104815,ディープインパクト,ダリシア,
2016102863,ジャスタウェイ,ブライトアバンダンス,
2015102148,ネオユニヴァース,マヤノプリヤ,
2014101381,フリオーソ,ブラッシュウィズデスティニー,
2015110066,Jimmy Creed,Chick Flick,
2015100589,ストロングリターン,ヤマニンラレーヌ,
2014106361,ネオユニヴァース,マヤノスターライト,
2015100122,カネヒキリ,シルキークラフト,
2015101960,アイルハヴアナザー,カメリアビジュ,
2015103306,メイショウサムソン,マミモナ,
2016100930,カネヒキリ,ワンモアグリッター,
2016105781,メイショウボーラー,ニホンピロガレット,
2016101130,アポロキングダム,ジョウネツノアラシ,
2017104801,ディープインパクト,ソラリア,
2017105285,ディープインパクト,キングスローズ,
2017103880,ルーラーシップ,プレイガール,
2017100047,スウェプトオーヴァーボード,ビーラヴリー,
2017106164,ヴィクトワールピサ,リトルジュン,
2017102402,ロードカナロア,レディルージュ,
2017105441,オルフェーヴル,デイトユアドリーム,
2017106091,メイショウサムソン,メイショウベルシア,
2018104942,ディープインパクト,ヴィアンローズ,
2018105228,ディープインパクト,フラーテイシャスミス,
2018104092,ルーラーシップ,トウシンハンター,
2018105293,ゴールドシップ,ミリオンウィッシーズ,
2018106504,ハーツクライ,キャッチザカクテル,
2018100103,ラブリーデイ,エメラルコヨーテ,
2018102033,キズナ,ヴァイセフラウ,
2018105909,エイシンヒカリ,エイシンサンバレー,
2018105832,モーリス,メジロフォーナ,
2018104353,リオンディーズ,アンスタンフィール,
2018106081,リオンディーズ,カナスヌーマ,
2018100621,トーホウジャッカル,トーホウドルチェ,
2018103320,ヘニーヒューズ,チャプレット,
2018105725,クリエイターII,レッドランタン,
2018106365,キズナ,マコトブリジャール,
2018103106,ヴィクトワールピサ,アグネスパサー,
2017103155,サウスヴィグラス,サニーロック,
2016101391,シニスターミニスター,エイシンメッチェン,
2016100212,ヘニーヒューズ,コウエイオトメ,
2016104334,オルフェーヴル,リングジアラーム,
2017105067,ハーツクライ,アドマイヤダンサー,
2016103317,ハーツクライ,スタリア,
2016100569,ディープインパクト,ヤマニンカルフール,
2016102853,クロフネ,メメビーナス,
2014101669,スマートファルコン,ナムラメロディー,
2016102005,モンテロッソ,ヒラボクキャロル,
2013100597,アドマイヤムーン,タッチII,
2014105685,ハービンジャー,ペディクラリス,
2014106006,Lonhro,タイタンクイーン,
2016104484,ディープインパクト,サミター,
2014103580,ディープブリランテ,メイショウヤワラ,
2016104000,クロフネ,クリスタルコースト,
2013101531,ゴールドアリュール,ドーニングストーム,
2018104190,ダイワメジャー,テーブルスピーチ,
2017106134,キングヘイロー,エルベレス,
2017104933,ジャングルポケット,マルカアイチャン,
2017106757,キングズベスト,マイホープ,
2017106136,プリサイスエンド,ガーネットスター,
2017105515,マジェスティックウォリアー,フラーテイシャスミス,
2017102201,キンシャサノキセキ,アポセカリー,
2017106581,パイロ,ジャパニーズウィスパー,
2017101055,トビーズコーナー,タルゴナイト,
2017100355,ジャスタウェイ,オークヴィル,
2017105739,マジェスティックウォリアー,ドリームキセキ,
2018103152,メイショウボーラー,メイショウマンボ,
2018105468,オルフェーヴル,アルーリングボイス,
2018105319,ロードカナロア,ラシンティランテ,
2018101490,ローズキングダム,グラントリノ,
2018105001,ノヴェリスト,ギーニョ,
2018103087,ダイワメジャー,ショウナンワヒネ,
2018103711,ダノンレジェンド,グレースグランド,
2018101593,ヘニーヒューズ,スナークヒロイン,
2017105659,エピファネイア,ローザボニータ,
2017104899,ディープブリランテ,フローリオット,
2017110008,Frankel,Contredanse,
2017105461,ルーラーシップ,ナスカ,
2016105989,キングカメハメハ,スティールパス,
2017100373,ヘニーヒューズ,シャンパンフルート,
2016101605,アルデバランII,エメラルドタワー,
2015100188,バゴ,レイニータ,
2016106457,メイショウボーラー,フラワーチャンプ,
2015101771,タイキシャトル,カナエチャン,
2015106185,ヴィクトワールピサ,ラストアロー,
2014103479,アイルハヴアナザー,メイショウキトリ,
2015106042,ローレルゲレイロ,エフシア,
2014104032,ハーツクライ,ハギノアーク,
2012101282,ヨハネスブルグ,ラーチャプルック,
2014101919,ダイワメジャー,インプレスゴールド,
2017103874,スマートファルコン,ネームヴァリュー,
2016110067,Temple City,Malibu Pier,
2016100191,ルーラーシップ,ローレルデフィー,
2017102916,シニスターミニスター,セイウンメイリー,
2017102874,ルーラーシップ,ショウナンアクト,
2017100633,リアルインパクト,レッドマシェリ,
2017105523,エイシンフラッシュ,ブラマンジェ,
2017101181,キングズベスト,ビップピュアレディ,
2017102812,ケープブランコ,レゾリューション,
2017104082,ケープブランコ,マイプラーナ,
2017110082,Pioneerof the Nile,R Heat Lightning,
2017101229,ノヴェリスト,レイナカスターニャ,
2017100416,ロードカナロア,ブロードストリート,
2018104963,ジャスタウェイ,エピックラヴ,
2018105074,ルーラーシップ,シーオブラブ,
2018105161,モーリス,トップセラー,
2018110008,Frankel,ドレスドインファー,
2018105314,キズナ,ライフフォーセール,
2018104981,ハーツクライ,オールザウェイベイビー,
2018105215,オルフェーヴル,ファシネイション,
2018102068,ディープインパクト,ラフアウェイ,
2018103300,マジェスティックウォリアー,チョウカイクリス,
2018105920,ハーツクライ,エイシンフェアリー,
2018104672,ドゥラメンテ,ダリオール,
2018100828,リオンディーズ,スマートエンデバー,
2018102280,クリエイターII,チーズマヨ,
2018106566,モーリス,アヴェクトワ,
2017103827,スクリーンヒーロー,フェミニンガール,
2017105768,パイロ,シングフォアジョイ,
2017105495,ハーツクライ,ピューリティー,
2016100959,ブラックタイド,メイショウガザニア,
2015104331,ヴィクトワールピサ,サラフィナ,
2014100464,アサクサキングス,キーツヨイ,
2016104505,ロードカナロア,シーザリオ,
2015104063,ディープインパクト,メジロツボネ,
2016102193,ルーラーシップ,メイショウマリア,
2018105460,モーリス,レジネッタ,
2018101711,トゥザワールド,ツヨイキモチ,
2018104480,マクフィ,バイタルスタイル,
2018100299,マクフィ,フクノドリーム,
2018100601,スウェプトオーヴァーボード,クリアソウル,
2018101484,ヘニーヒューズ,メジロラルゴ,
2018100688,パイロ,バーンアウル,
2018101965,スマートファルコン,ドナリサ,
2018103840,アーネストリー,カンファーピュア,
2018101424,ラブリーデイ,ベルモントエルメス,
2018102840,ヴァンセンヌ,フィールドボニータ,
2018106320,トーセンジョーダン,アドマイヤラブ,
2018100689,キズナ,ヒントオブスプリング,
2018100498,ブラックタイド,リュミエールゲラン,
2018101552,グラスワンダー,クリノメダリスト,
2018106085,Garswood,サウンタ,
2018100574,サウスヴィグラス,チャームペンダント,
2018110121,Medaglia d'Oro,Precautions,
2018110068,Runhappy,Unbridled Empire,
2018100656,パイロ,カオール,
2018106015,サウスヴィグラス,ファンシービビッド,
2018106288,マクフィ,レオフラッパー,
2018102815,アイルハヴアナザー,リードザウェイ,
2018104872,オーシャンブルー,ローズカットダイヤ,
2018103482,ダンカーク,エレガンテココ,
2018102210,トーセンジョーダン,チェリースピリッツ,
2018101496,ホッコータルマエ,ヒメスズラン,
2018103124,ザサンデーフサイチ,クールグレース,
2018102249,ダンカーク,ヴァレンティーネ,
2018103968,アドマイヤムーン,アフィニティ,
2018106163,マクフィ,エイシンボン,
2018105671,ダイワメジャー,トーセンブリリアン,
2018105243,アジアエクスプレス,プリンセスノワール,
2018103530,アイルハヴアナザー,ハッピーダイアリー,
2018103661,モーリス,ソムニアシチー,
2018101033,スクリーンヒーロー,ホウヨウターゲット,
2018102398,フリオーソ,ディアテイスティー,
2018104148,シニスターミニスター,スウィフトレディー,
2018106678,モンテロッソ,セイントリーフ,
2018101367,ストロングリターン,プジュリ,
2018104269,コパノリチャード,レディセラヴィ,
2018103434,ヘニーヒューズ,サクセスビスケット,
2018103080,ドゥラメンテ,ウインアルエット,
2018103256,チェリークラウン,アイラシンガー,
2018100821,タイセイレジェンド,ベネフィット,
2018110064,Union Rags,Acquant,
2018104145,ヘニーヒューズ,アイラブリリ,
2018106467,エスポワールシチー,グッドイヴニング,
2018100219,ディープブリランテ,ショウリノウタゲ,
2018104424,シニスターミニスター,タマモボレロ,
2018103872,ダンカーク,フロリアード,
2018104286,ヴァンセンヌ,ロメラ,
2018103755,アイルハヴアナザー,リアルアーネスト,
2018105762,ブラックタイド,フィールザビュウ,
2018106144,タイムパラドックス,レオフォーレンス,
2018101704,パイロ,ビクトリーレディー,
2018105264,ハービンジャー,ボージェスト,
2018105488,ラブリーデイ,オールピュール,
2018104602,ルーラーシップ,グレナディーン,
2018100491,エイシンヒカリ,フローレンスガール,
2018105575,エイシンフラッシュ,ロフティーエイム,
2018102307,リオンディーズ,ギンザフェアレディ,
2018103004,キズナ,トラストフェアリー,
2018102917,ゴールドシップ,アルデグロリア,
2018103549,フェノーメノ,ホリデイトウショウ,
2018105565,ドゥラメンテ,ラスティックフレイム,
2018105196,ドゥラメンテ,ヒルダズパッション,
2018106287,モーリス,マテンロウプリマ,
2018104113,ゴールドシップ,ブロンコーネ,
2018104167,エイシンフラッシュ,フジノプログレス,
2018102492,タートルボウル,レディキルシェ,
2018105231,ロードカナロア,フロアクラフト,
2018100454,ハーツクライ,ルアーズストリート,
2018101435,バゴ,アラマサスナイパー,
2018101327,ロードカナロア,パローマ,
2018103120,ロードカナロア,カレンシェリーメイ,
2018109102,ノヴェリスト,トゥルヴァーユ,
2018101110,ローエングリン,ターントゥタイド,
2018104379,ストロングリターン,キモンオレンジ,
2018103938,ドゥラメンテ,オートロンシャン,
2018100757,ドゥラメンテ,ディアエスペランサ,
2018106108,フェノーメノ,ムーンライトペスカ,
2018100694,ディープブリランテ,ヘヴンアンドアース,
2018104789,フェノーメノ,マチカネハツシマダ,
2018109021,ウインバリアシオン,ドリーミングバード,
2018105459,ディープインパクト,レインボーダリア,
2018102847,ラブリーデイ,ケージーハッピー,
2016102777,ヘニーヒューズ,ローズボー,
2016100075,ロージズインメイ,スクリーマー,
2014110052,Super Saver,S. S. Miracle,
2016100757,ジャングルポケット,マイネランデブー,
2016105154,ディープインパクト,パールシャドウ,
2016110161,Mineshaft,Two Trail Sioux,
2016102303,キングズベスト,オオシマパンジー,
2018103418,ルーラーシップ,グレイスフラワー,
2018102287,リーチザクラウン,ニシノステディー,
2018104731,ダイワメジャー,ヒシシルバーメイド,
2018102216,ラブリーデイ,ロンギングシャネル,
2018104347,ワールドエース,ユキノシンデレラ,
2018110118,Speightstown,Coco as in Chanel,
2018105750,マクフィ,クリスチャンパール,
2018100331,ストロングリターン,ヴァイスヴァーサ,
2015105033,オウケンブルースリ,ムーンフェイズ,
2017105620,ルーラーシップ,リビングプルーフ,
2016102787,ゴスホークケン,マルターズクリス,
2018102989,シニスターミニスター,キープサニーハート,
2018110062,Tapit,レディオブフィフティ,
2018110061,Kitten's Joy,Tee Off,
2018100551,マクフィ,ハイデルベーレ,
2018105621,リーチザクラウン,ゴールドアシュレイ,
2018102473,ネオユニヴァース,マリアベール,
2018104849,エイシンフラッシュ,レイヨンヴェール,
2018100035,ドゥラメンテ,アポロノカンザシ,
2018106037,タートルボウル,ミヤビキャッスル,
2018100609,エイシンフラッシュ,スマイルジュノ,
2018101857,バンデ,ヒシサブリナ,
2018100682,パイロ,デストリアー,
2018101777,トーセンジョーダン,スノーアード,
2018105256,キングカメハメハ,ベルワトリング,
2018106311,オールステイ,ピアノコンクール,
2018104513,クリエイターII,アムールポエジー,
2018104727,エイシンフラッシュ,パシャドーラ,
2018104516,ルーラーシップ,アラドヴァル,
2018103976,ホッコータルマエ,トロピカルラヴ,
2018104514,クロフネ,アムールレジェンド,
2018102877,トーセンジョーダン,ラッキーマンボ,
2018105036,キンシャサノキセキ,サザンスピード,
2018103489,モーリス,キョウエイトルース,
2018101809,ベルシャザール,ノーブルガイア,
2018109078,ウインバリアシオン,レナリッチ,
2018101360,オルフェーヴル,ナデシコチョウサン,
2018101702,オーシャンブルー,セイカアルテナ,
2018103597,ケープブランコ,チャームピクチャー,
2018106847,ラブリーデイ,スタッドドフランス,
2018104863,ハーツクライ,レディオーカモア,
2018106606,トゥザグローリー,ブリッサ,
2018102757,ディスクリートキャット,メジロベイシンガー,
2018102738,エスケンデレヤ,バイカオウレン,
2018101563,リアルインパクト,キンショーダリヤ,
2018100236,トゥザワールド,レッドスピリッツ,
2018106043,ラブリーデイ,ピンクパレット,
2018104338,ブラックタイド,パルストリーナ,
2018103239,シニスターミニスター,サクセスベルーナ,
2018104272,ジョーカプチーノ,ウインセラヴィ,
2018100291,スウェプトオーヴァーボード,ハタノリュウール,
2018104597,バゴ,クリスティロマンス,
2018100680,アドマイヤムーン,ディスメイ,
2016104760,ゴールドアリュール,サマーハ,
2017100038,ロードカナロア,エーソングフォー,
2017103512,オルフェーヴル,ポジションリミット,
2017103607,キズナ,ミヤビグレイス,
2015106356,スペシャルウィーク,リンダムーン,
2018105134,ディープインパクト,チェリーコレクト,
2018103036,タニノギムレット,ティンタジェル,
2018101646,スクリーンヒーロー,マリアヴェロニカ,
2018109026,スピルバーグ,スプリングシーズンII,
2018105193,ディープインパクト,ヒストリックスター,
2018105049,ダイワメジャー,ザズー,
2018106091,ゴールドシップ,スカーレットダイヤ,
2018101329,モーリス,フェスティヴマロン,
2018104864,ハーツクライ,レディシビル,
2018102008,ノヴェリスト,ヤマニンアストレア,
2018105249,ハーツクライ,プンタステラ,
2018103543,ジャスタウェイ,ブリュメール,
2018102236,ネオユニヴァース,ライトアップ,
2018103217,ヴァンセンヌ,エイシンバーサス,
2018105045,モーリス,サングレアル,
2018106419,ドゥラメンテ,カトルズリップス,
2018105345,ディープインパクト,リュヌドール,
2018104954,ロードカナロア,エイグレット,
2018104555,ゴールドシップ,エルーセラ,
2018105066,ディープインパクト,シルヴァースカヤ,
2018101941,エピファネイア,ノーブルジュピタ,
2018104055,ブラックタイド,エイムアットビップ,
2018101615,スクリーンヒーロー,イクスキューズ,
2018100108,エスケンデレヤ,グラニースミス,
2018106666,モーリス,バブルファンタジー,
2018102265,ドゥラメンテ,ウインマリアベール,
2018104448,ドゥラメンテ,フィロパトール,
2018101675,モーリス,ヤマノローラ,
2018103371,ラブリーデイ,ハギノフェリス,
2018100062,ジャングルポケット,レインボーハート,
2018104778,ディープインパクト,ベイトゥベイ,
2018106771,ネオユニヴァース,カミングトゥルー,
2017104315,ディープインパクト,レインデート,
2018105167,ディープインパクト,ナイトマジック,
2018104756,ルーラーシップ,フローレスダンサー,
2018106543,ワールドエース,メイショウアサツユ,
2018103615,ドゥラメンテ,ヤマカツマリリン,
2018102608,ロードカナロア,ワイルドココ,
2018105213,モーリス,ピーチブローフィズ,
2016100151,エイシンフラッシュ,スコルピオンキッス,
2014104002,シニスターミニスター,ヤマニンエリプス,
2014105019,サウスヴィグラス,サブノイナズマ,
2015105431,エイシンフラッシュ,タニノジャドール,
2018101254,スズカコーズウェイ,アイシースズカ,
2018105360,ダイワメジャー,レスペランス,
2018106407,モーリス,スパークルキャット,
2018103538,タニノギムレット,フェイドレス,
2018105572,リオンディーズ,リリカルホイッスル,
2018106841,パイロ,ヘラルド,
2018103973,ホッコータルマエ,サーレムフォレスト,
2018102990,ダノンレジェンド,クレインテオドーラ,
2018105700,ホッコータルマエ,エンパイアライン,
2018101437,カジノドライヴ,スズノエミー,
2018100626,キズナ,クイックコマンド,
2018102462,サウスヴィグラス,エアリカコ,
2018105845,ルーラーシップ,ノースファンタジー,
2018104400,ラブリーデイ,シェーナビアンカ,
2018104592,スウェプトオーヴァーボード,クイーンアイリス,
2018106077,ロードカナロア,アルーリングハート,
2018105136,ヘニーヒューズ,チャームドヴェール,
2018102448,シニスターミニスター,クリスタルボイス,
2018104824,ダノンシャンティ,ライラッククイーン,
2018102247,アジアエクスプレス,シーアクトレス,
2018100963,ネオユニヴァース,ミスマープル,
2018101998,ダイワメジャー,プリンセスルーシー,
2018100365,エピファネイア,マリナーズコンパス,
2018110048,Iffraaj,Bedecked,
2018106594,ディスクリートキャット,エキナシア,
2018106179,マツリダゴッホ,アイリスモレア,
2018103784,アジアエクスプレス,サクラキューティ,
2018101860,ミッキーアイル,ミスケリー,
2018102387,マツリダゴッホ,ガッビア,
2018102362,オルフェーヴル,ラヴァーズレーン,
2018100439,アジアエクスプレス,マストバイアイテム,
2018105682,トーセンブライト,ハイランドダンス,
2018104389,アポロキングダム,ポエティックターン,
2018102811,リーチザクラウン,フローラルウインド,
2018103490,ブラックタイド,キョウエイハツラツ,
2018103857,カレンブラックヒル,ウェルカムキャット,
2018103930,キズナ,ミネルバサウンド,
2018100874,ディープスカイ,グローリアスヴォレ,
2018102654,リオンディーズ,アドマイヤマダム,
2018102373,アジアエクスプレス,ゴッドフローラ,
2018101535,リアルインパクト,キープザサミット,
2018103284,マジェスティックウォリアー,ブルーセレブ,
2018103815,ダンカーク,キャッツプライド,
2018104078,モーリス,スティールパス,
2018103699,タイムパラドックス,シルクアウローラ,
2018104108,リアルインパクト,フェミニンガール,
2018106699,クリエイターII,ジュンレンカ,
2018100598,シニスターミニスター,ビービーリアン,
2018102003,ロードカナロア,リオグランデ,
2018105893,ザサンデーフサイチ,レイナワルツ,
2018103959,シニスターミニスター,ベルモントノーヴァ,
2018102235,ドゥラメンテ,マダムジルウェット,
2018105871,タイムパラドックス,ミキノクラリネット,
2018106488,スマートファルコン,アイアムネフライト,
2018100164,フェノーメノ,アルファアップル,
2018105774,ヴァンセンヌ,アールヌーヴォー,
2018100118,ディスクリートキャット,ジョウノマドンナ,
2018102620,フリオーソ,ウインブリアン,
2018106182,ダンカーク,トウカイポプリ,
2018101743,エイシンヒカリ,アクイレジア,
2018100876,パドトロワ,ホワイトピクシイ,
2018105123,ディープインパクト,ソーメニーウェイズ,
2018102154,ゴールドシップ,マイネエポナ,
2018102151,ゴールドシップ,マイネイディール,
2018105524,ハーツクライ,タイムウィルテル,
2018104452,エイシンフラッシュ,マジックビクトリア,
2018105238,ハーツクライ,プチノワール,
2018103802,ルーラーシップ,アステュート,
2018105558,ハービンジャー,ミラグロッサ,
2018106604,モンテロッソ,ファンアットコート,
2018100613,ジャングルポケット,ハッピーティア,
2018110146,Reliable Man,Way To Win,
2018104747,ディープインパクト,フィオドラ,
2018103220,ゴールドシップ,ショウナンアオバ,
2018104038,モンテロッソ,チェリースマイル,
2018106387,モーリス,フラッパーウィング,
2018100401,ディープインパクト,ジェニサ,
2018105369,ハーツクライ,レディスキッパー,
2018104609,ハーツクライ,ゴジップガール,
2018110047,Le Havre,Village Fete,
2018103201,ヴィクトワールピサ,アンフレシェ,
2018100776,ゴールドシップ,ダイアゴネル,
2018105154,ドゥラメンテ,ディープストーリー,
2018110014,Kitten's Joy,Sweet Chant,
2018101395,リオンディーズ,ブライティアダンス,
2018106432,ワールドエース,ナルミチャン,
2018103328,ヤマニンセラフィム,ヤマニンジャルダン,
2018102320,リヤンドファミユ,ミティーク,
2018106872,ハービンジャー,ハートランドコマチ,
2017105257,リアルインパクト,エンプレスティアラ,
2015103966,リーチザクラウン,ヴィクトワール,
2016102122,ゼンノロブロイ,タイキグラミー,
2016101006,エスポワールシチー,ラブハート,
2018104910,ドゥラメンテ,アルビアーノ,
2018104696,ノヴェリスト,トリプレックス,
2018101804,エピファネイア,ジュエリスト,
2018104520,スウェプトオーヴァーボード,アルマフローラ,
2018105992,ダノンレジェンド,メイショウアモーレ,
2018104036,ネオユニヴァース,キモンクイーン,
2018106151,ロードカナロア,ココロノアイ,
2018106612,ジョーカプチーノ,リーベストラウム,
2018104298,ワールドエース,キョウエイトリガー,
2018102123,アイルハヴアナザー,キーパップ,
2018101379,ヘニーハウンド,トウカイセレッソ,
2018101640,ダノンシャンティ,サマーラグーン,
2018104000,トゥザワールド,ミスチフ,
2018105644,ジャングルポケット,タチアナ,
2016103228,クロフネ,コリンシアン,
2016100097,メイショウボーラー,フジドリーム,
2012102070,ヨハネスブルグ,エンプレスロッチ,
2017101695,ベーカバド,オギノシュタイン,
2014105192,エンパイアメーカー,プレザントブリーズ,
2014101230,ショウナンカンプ,エバーシャイニング,
2013100206,スクリーンヒーロー,オンマイマインド,
2017105803,パイロ,アグネスメープル,
2018103735,スズカコーズウェイ,バライロー,
2018101243,サウスヴィグラス,グレイスフルアート,
2018103031,エスポワールシチー,トワインブルーム,
2018102871,カレンブラックヒル,フォーモサアピール,
2018101466,フリオーソ,ローズヘイロー,
2018104529,ロードカナロア,イオス,
2018101377,ラブリーデイ,チェリービスティー,
2018104608,ジャスタウェイ,コーンドリー,
2018104372,スズカコーズウェイ,セクシーシューズ,
2018105543,ダイワメジャー,ビートゴーズオン,
2018105534,スクリーンヒーロー,ネロディアマンテ,
2018102846,グランプリボス,アクアブルーマーチ,
2018103972,ジョーカプチーノ,ケイツーノース,
2018106431,シニスターミニスター,ドキドキガール,
2018104061,マクフィ,ギフトオブザラック,
2018106442,ケープブランコ,レディバゴ,
2018104574,キズナ,オールドパサデナ,
2018101335,リオンディーズ,レオアルテミス,
2018106035,シンボリクリスエス,マイネフェリックス,
2018110065,Into Mischief,Frolic's Revenge,
2018103470,アイルハヴアナザー,アフロディシアス,
2018105019,ジャスタウェイ,グリューネワルト,
2018103947,クリエイターII,リアリーラヴユー,
2018106315,ブラックタイド,アドマイヤチャーム,
2018106555,ラブリーデイ,メイショウブルック,
2018101019,ハービンジャー,パンデモニウム,
2018105116,ハーツクライ,セレスタ,
2018104385,アポロキングダム,ハイフィールド,
2018106334,エピファネイア,クイーンマザー,
2018104100,ディープブリランテ,ハヴアグッドデイ,
2018104519,ノヴェリスト,アルテシア,
2018103919,ダイワメジャー,テネシーワルツ,
2018104016,ブラックタイド,サクラレイリ,
2018100482,クリエイターII,ナリタシークレット,
2018106453,クリエイターII,タイヨウノコ,
2018102417,トゥザワールド,シルキーウィズ,
2018104617,スクリーンヒーロー,サラーシス,
2018102638,ハーツクライ,ディアマンティナ,
2018102121,マツリダゴッホ,エターナルムーン,
2018102433,シニスターミニスター,ユーアーマイン,
2018101245,フリオーソ,スズカクエーサー,
2018101546,ラブリーデイ,アイアムジュエル,
2018102814,モンテロッソ,リキサンフロール,
2018101003,スクリーンヒーロー,ミエノプリンプリン,
2018105219,ロードカナロア,フィロンルージュ,
2018101544,アジアエクスプレス,レッドハイヒール,
2018100069,パイロ,コスモフライハイ,
2018110138,Mineshaft,Mare and Cher,
2018106247,アジアエクスプレス,スターレット,
2018104640,ダノンレジェンド,ジャドール,
2018110126,Khozan,Gracious Lady,
2018104775,ディープブリランテ,ヘヴンリークルーズ,
2018104105,ヘニーヒューズ,ピサノバーキン,
2018105544,ヘニーヒューズ,ピエリーナ,
2018101051,アンライバルド,タママリア,
2018103653,エイシンフラッシュ,ジーントウショウ,
2018103003,マクフィ,スプリングフェスタ,
2018100971,アーネストリー,デルマアマノジャク,
2018105379,ロジユニヴァース,ロジフェローズ,
2018105313,ハービンジャー,ライツェント,
2018104697,トーセンラー,トレサンセール,
2018103602,リオンディーズ,ヒストリアドリーム,
2018100658,アドマイヤムーン,コスモポリタン,
2018101392,リーチザクラウン,コアレスサンデー,
2018104737,モーリス,ピクシーダスト,
2018106331,ドゥラメンテ,オリエンタルリリー,
2018102128,キンシャサノキセキ,コスモコルデス,
2018105397,マクフィ,アスペンアベニュー,
2018102213,フェノーメノ,ラヴビーム,
2018102017,ブラックタイド,ヤマニンティアモ,
2018106045,トーホウジャッカル,フォレストビーナス,
2018104799,エイシンフラッシュ,マルチスクリーン,
2018101831,ハービンジャー,メカマハロ,
2018106426,ヒルノダムール,ニシノミナミカゼ,
2018101794,エイシンフラッシュ,タカラフローリック,
2018110149,スニッツェル,River Serenade,
2018103709,ハーツクライ,ガーデニア,
2018105141,ジャスタウェイ,テスティコ,
2018110031,Nathaniel,Crecy,
2018101543,キズナ,マドレボニータ,
2018100605,ヴィクトワールピサ,フギン,
2018104624,ローエングリン,シャイニンググラス,
2018102895,リオンディーズ,ブイルージュ,
2018100884,マツリダゴッホ,ハヤブサラヴハート,
2018104531,ロードカナロア,イチオクノホシ,
2018101293,ラブリーデイ,カラダダイヤモンド,
2018104302,ドゥラメンテ,デヒアバーズ,
2018102571,マツリダゴッホ,エイトディズアパート,
2018102485,キングヘイロー,マキノスペシャル,
2016101098,ルーラーシップ,リヴァプール,
2017110097,War Command,Rush,
2018103558,ディープインパクト,メリッサ,
2018104712,ディープインパクト,ノーブルジュエリー,
2018104110,ディープインパクト,フォーチュンワード,
2018104114,ゴールドシップ,プレシャスライフ,
2018110137,Point of Entry,Nokaze,
2018105501,ディープインパクト,ゴールデンドックエー,
2018105038,ハービンジャー,サトノユリア,
2018100995,ゴールドシップ,ハピネスフォーユー,
2018110038,New Approach,Life At Best,
2016100182,マンハッタンカフェ,ウインクリアビュー,
2014101156,スマートファルコン,コーブライミー,
2015105784,ディープインパクト,マルケサ,
2016103444,ハービンジャー,ニシノヒナギク,
2017101584,ノーザンリバー,ベネラ,
2016101773,ディープインパクト,カホマックス,
2016102412,カネヒキリ,クリスティビーム,
2017101838,サウスヴィグラス,グラッドリー,
2018104626,スウェプトオーヴァーボード,シャリオドール,
2018103138,リオンディーズ,ノボプレシャス,
2018105585,リオンディーズ,スリーアフロディテ,
2018103831,パイロ,プリンセスキナウ,
2018105312,スクリーンヒーロー,ライジングクロス,
2018104211,ヴィットリオドーロ,クツワホームラン,
2018106166,フェノーメノ,ニライカナイ,
2018104263,ディープブリランテ,マザイ,
2018102269,リーチザクラウン,ウマヤノニウシ,
2018104678,ストロングリターン,チェリーヒロイン,
2018101793,アジアエクスプレス,シアヌークビル,
2018100052,グラスワンダー,コスモアンダルシア,
2018103799,ストロングリターン,ストームトウショウ,
2018106791,ネオユニヴァース,リスティアエナー,
2018102239,キングカメハメハ,ロイヤルインパクト,
2018105310,Zoffany,ユードントラヴミー,
2018102097,ブラックタイド,ルヴェソンヴェール,
2018103074,ヴァンセンヌ,リトルイライザ,
2018103066,キズナ,アルマシャウラ,
2018104526,ハービンジャー,アーヴェイ,
2018104835,ストロングリターン,リズムオブザレイン,
2018101623,アイルハヴアナザー,オメガラヴィータ,
2018104540,ダイワメジャー,ヴェイルドクリス,
2018100822,クリエイターII,ホウライサンデー,
2018100715,ヘニーヒューズ,オモテナシII,
2018105095,トーセンラー,スカーレットリング,
2018101819,トゥザワールド,アイファインバンド,
2018106696,ディープスカイ,リサプシュケ,
2018104030,リオンディーズ,ラブディラン,
2018101031,ホッコータルマエ,プラチナムーン,
2018104426,ディープブリランテ,チャームダンス,
2018106141,ダノンレジェンド,メイショウハイパス,
2018100257,アドマイヤコジーン,クラウンセシリア,
2018103804,シニスターミニスター,クラシックチュチュ,
2018104822,スピルバーグ,ライブリーチューン,
2018103478,ベルシャザール,エリモジェンヌ,
2018104832,ロードカナロア,ララア,
2018102188,カゼノグッドボーイ,カゼノサファイア,
2018105967,ダイワメジャー,ケルヴィテッセ,
2018105502,クロフネ,ゴールデンロッド,
2018103553,マジェスティックウォリアー,マックスユーキャン,
2018103850,キズナ,ミヤビグレイス,
2018100767,ナムラタイタン,バースデイパーティ,
2018103817,ケイアイドウソジン,ケイアイギャラリー,
2016100694,アイルハヴアナザー,コスモキララ,
2015105145,オンファイア,アドマイヤダッシュ,
2018105051,オルフェーヴル,シェルズレイ,
2018105322,リアルインパクト,ラダームブランシェ,
2018103957,ワールドエース,フレイムミーティア,
2018101604,ドゥラメンテ,シルバーストリーク,
2018104029,ロードカナロア,ライトリーチューン,
2018104790,ロードカナロア,マチカネハヤテ,
2018103883,ローエングリン,スマートアイリス,
2018104250,ダイワメジャー,スキャンパー,
2018101046,マクフィ,サララ,
2018100635,ドゥラメンテ,ローデッド,
2018102544,シニスターミニスター,スカイトラベラー,
2018101855,リーチザクラウン,バトルジェジェジェ,
2018106685,エイシンヒカリ,エイシンジョアンナ,
2018100158,ゼンノロブロイ,リネンパズル,
2018104099,ダノンシャンティ,ノベンバースルー,
2018100376,ハーツクライ,インネートグレイス,
2018105030,ディープインパクト,ココシュニック,
2018102158,ゴールドシップ,マイネグロリアーナ,
2018104011,ヴァンセンヌ,サクラパピルス,
2018102937,カレンブラックヒル,ハロースピード,
2018105505,オルフェーヴル,サンタエヴィータ,
2018105301,ルーラーシップ,メテオーリカ,
2018105178,ロードカナロア,バウンスシャッセ,
2018101043,ルーラーシップ,キトゥンブルー,
2018105371,キングカメハメハ,レーヴディソール,
2018103506,トーセンラー,スプリングボード,
2018105450,ハービンジャー,ユアメモリー,
2018102581,キズナ,ザンスカール,
2018106215,ワールドエース,ピエールドリュヌ,
2018102711,ブラックタイド,レオパステル,
2018106623,トーセンラー,アイアイサクラ,
2018104861,ヴィクトワールピサ,レッドレイチェル,
2018100226,エピファネイア,デトロイトカフェ,
2018105079,ドゥラメンテ,シーズオールエルティッシュ,
2018105518,ルーラーシップ,スナッチマインド,
2018104643,ドゥラメンテ,スキア,
2018105226,ハーツクライ,フォーシンズ,
2018100753,エスポワールシチー,サトノバーキン,
2018101001,シンボリクリスエス,ハンドスター,
2018103485,トーセンラー,オーガンディー,
2018104996,エイシンフラッシュ,ガルデルスリール,
2018100353,ヴィクトワールピサ,ノボキッス,
2018103296,ゼンノロブロイ,ヨドノグレイス,
2018100592,メイショウボーラー,ケイエスアカリ,
2018104127,クリーンエコロジー,ムーンシンフォニー,
2017103402,エスポワールシチー,ミスライト,
2017103774,キングヘイロー,インプレッシヴ,
2016103649,ジャスタウェイ,キトゥンブルー,
2018104903,ディープインパクト,アパパネ,
2018104922,キングカメハメハ,イサベル,
2018105008,キングカメハメハ,クルミナル,
2018104765,ディープインパクト,ブルーミンバー,
2018105339,ダイワメジャー,リップスポイズン,
2018104929,ディープインパクト,ウィラビーオーサム,
2018105306,モーリス,モルガナイト,
2018103849,エピファネイア,ミヤビキラメキ,
2018110089,American Pharoah,Careless Jewel,
2018100428,ジャスタウェイ,ブリリアントレイ,
2018100188,ドゥラメンテ,ブルーグラスチャッター,
2016104087,ロジユニヴァース,カーヴィシャス,
2016104511,ディープインパクト,ジョリージョコンド,
2018102338,アジアエクスプレス,ボンジュールカレン,
2018104821,ゴールドアリュール,ユメノキラメキ,
2018102324,キズナ,ショウナンラヴオン,
2018102256,モーリス,ハルサンサン,
2018106611,フリオーソ,ラノララク,
2018105807,ダイワメジャー,クライウィズジョイ,
2018103483,マツリダゴッホ,エロージュ,
2018104120,モーリス,マイスイートホーム,
2018103727,ダンカーク,ダッシングハニー,
2018103033,アジアエクスプレス,スープリムシチー,
2018100380,ロードカナロア,エスカナール,
2018100173,ディスクリートキャット,ハンドオブフェイト,
2018102927,アジアエクスプレス,キスザスカイ,
2018104068,フェノーメノ,サトノニーケ,
2018105817,エピファネイア,パンデリング,
2018102551,アンライバルド,アースファイヤー,
2018103812,Air Force Blue,ラックスフィールドロード,
2018104528,ダイワメジャー,アーリーアメリカン,
2018102758,ブラックタイド,アリゲーターアリー,
2018102214,キンシャサノキセキ,レッドキャンティー,
2018101125,サウスヴィグラス,キョウエイカプリス,
2018103635,アジアエクスプレス,ワールドムーン,
2018104494,ベーカバド,サクラメガマックス,
2018100812,ジャングルポケット,プリンセスプライド,
2018106912,ドゥラメンテ,グローリールピナス,
2018101748,カレンブラックヒル,プリッシーブリッチーズ,
2018101081,ダノンレジェンド,クレバーダンス,
2018103753,バトルプラン,ユメザンマイ,
2018104215,トーセンジョーダン,ヌーヴェルレーヌ,
2018101736,コパノリチャード,ワイルドハーブ,
2018102453,アジアエクスプレス,スズノメガミ,
2018104874,モーリス,アイスドール,
2018103858,メイショウサムソン,ショウナンアイ,
2018101894,カレンブラックヒル,トロピカルタイム,
2018100976,オンファイア,デルマトモエゴゼン,
2018110074,Uncle Mo,Fifty Foot Woman,
2018102440,ミッキーアイル,ジューシージーン,
2018100647,ディープブリランテ,アリュージョン,
2018102464,クロフネ,オトメチャン,
2018100859,バトルプラン,プレシャスエルフ,
2018105170,ロードカナロア,ネオヴィクトリア,
2018102231,オルフェーヴル,フェアリーバニヤン,
2018102474,サウスヴィグラス,オボロヅキ,
2018106693,マクフィ,オクシペタルム,
2018100044,エスポワールシチー,ビーラヴリー,
2018110091,Into Mischief,Mystical Star,
2018105611,キズナ,チョコレートリリー,
2018101667,ヘニーヒューズ,エイシンピカデリー,
2018106752,フリオーソ,ギフトオブソング,
2018105438,オルフェーヴル,ベルプラージュ,
2018104860,エイシンフラッシュ,レッドリップス,
2018100049,ラブリーデイ,ラヴィーズラヴィン,
2018101750,ベーカバド,ランミネルバ,
2018105265,キズナ,ポルケテスエーニョ,
2018100276,ヘニーヒューズ,ロンギングエリー,
2018110043,Havana Gold,Muscovado,
2018106756,オルフェーヴル,リアンドジュエリー,
2018101625,ハーツクライ,コスモアクセス,
2018105086,ディープインパクト,ジョコンダII,
2018104773,スクリーンヒーロー,プレリュードフィズ,
2018106598,ロードカナロア,カハラビスティー,
2018104625,エイシンフラッシュ,シャドウムーン,
2018105148,エピファネイア,ディアデラマドレ,
2018100992,リオンディーズ,スターカットジェム,
2018106664,エピファネイア,サニーラブカフェ,
2018104586,ディープインパクト,キャンディネバダ,
2018105244,ヘニーヒューズ,プリンセスフローラ,
2018104815,ローエングリン,メディアウォーズ,
2018104515,ローエングリン,アモールミーオ,
2016100889,グラスワンダー,イムディーナ,
2016103092,トゥザグローリー,バーグドール,
2016104858,ダイワメジャー,ミスティークII,
2015104779,ディープインパクト,ココシュニック,
2016100706,スクリーンヒーロー,コスモルーシー,
2018105027,エピファネイア,ケイティーズハート,
2018104948,ハーツクライ,ヴィルジニア,
2018105165,ディープインパクト,ドバイマジェスティ,
2018102657,ドゥラメンテ,ダイワパッション,
2018104980,バゴ,オーマイベイビー,
2018103684,モーリス,ステラリード,
2018104261,キングカメハメハ,ホワイトエレガンス,
2018105157,ディープブリランテ,デビルズコーナー,
2018105143,ディープインパクト,テルアケリー,
2018104698,ハーツクライ,トレラピッド,
2018105147,ロードカナロア,ディアデラノビア,
2018102943,モーリス,セラミックガール,
2016104515,ロードカナロア,スカーレットベル,
2016105702,サウスヴィグラス,プリモウェイ,
2018105877,ストーミングホーム,トシキャンディ,
2018105484,ハーツクライ,エヴィータアルゼンティーナ,
2018103712,マジェスティックウォリアー,グレートハーベスト,
2018105678,ジャスタウェイ,トーセンラフィット,
2018103794,タートルボウル,ベルシエロ,
2018102043,スクリーンヒーロー,グローリーブラッド,
2018100754,フェノーメノ,シリウストウショウ,
2018103982,エスケンデレヤ,アクロスザライト,
2018103666,タイムパラドックス,エクラドール,
2018104187,マツリダゴッホ,スピネッタ,
2018102641,シニスターミニスター,ライヴマジック,
2018103385,リヤンドファミユ,エンプレスラブ,
2018103359,サウスヴィグラス,ジュヴァンクル,
2018103950,リアルインパクト,シンコームーン,
2018101202,ディスクリートキャット,エステル,
2018100660,ディープブリランテ,コージーベイ,
2018106629,アンライバルド,ラビットポーズ,
2018103922,サウスヴィグラス,ドリームサンサン,
2018101628,ロージズインメイ,コスモクリスタル,
2018101507,ラブリーデイ,ヒロコファンタジー,
2018103046,ワールドエース,アビ,
2018106787,ベルシャザール,パリスブルー,
2018103272,ロージズインメイ,サマーアクトレス,
2018100038,モーリス,ゴールドカルラ,
2018104543,キンシャサノキセキ,エアトゥーレ,
2018106400,トゥザワールド,グッドファッション,
2018105887,フサイチセブン,サマーティアラ,
2018105089,リアルインパクト,ジンジャーミスト,
2018101983,マジェスティックウォリアー,クインズメンテ,
2018100055,ルーラーシップ,ダンスフェイム,
2018100341,アンライバルド,マリーアルーア,
2018100673,ブラックタイド,スピリットレイク,
2018105622,アドマイヤムーン,ヒカルユメアカリ,
2018101363,エピファネイア,ビップピュアレディ,
2018101878,モーリス,イチノヤジョウ,
2018104365,キンシャサノキセキ,テンザンコノハナ,
2018106472,ホッコータルマエ,タイキラナキラ,
2018101509,ヘニーヒューズ,カーナヴァル,
2018103194,ドゥラメンテ,ラブジュリエット,
2018101817,スウェプトオーヴァーボード,ラプザントゥール,
2018104238,バトルプラン,フローネ,
2018100247,ダンカーク,ナイスゴールド,
2018101627,リオンディーズ,コスモカラーズ,
2018104803,キングカメハメハ,マーブルカテドラル,
2018105378,エピファネイア,ロザリウム,
2018104907,キングカメハメハ,アメリ,
2018104836,スクリーンヒーロー,リトミックダンス,
2018105805,ヴィクトワールピサ,ウィストラム,
2018103204,エイシンフラッシュ,コーラルグリッタ,
2018100890,ディープブリランテ,イルネージュ,
2018105168,ハービンジャー,ナスカ,
2018104613,ジャングルポケット,サトルスマイル,
2018104504,ロードカナロア,アカンサス,
2018102648,シンボリクリスエス,ソプラノムーン,
2018105063,ロードカナロア,シユーマ,
2018104350,モーリス,ロゼラニ,
2018101518,ブラックタイド,パパラチア,
2018104537,ブラックタイド,ウェイクアップマギー,
2018102142,ゴールドシップ,ビラゴーティアラ,
2018104827,エイシンフラッシュ,ラブアクチュアリー,
2018106538,キングカメハメハ,マイグッドネス,
2018106832,ルーラーシップ,コパノオーシャンズ,
2018103512,エイシンヒカリ,タニノジュレップ,
2018103162,ショウナンカンプ,アルマクロア,
2018100697,アドマイヤムーン,メイビーフォーエヴァー,
2018105754,フェノーメノ,ダイヤフォンテン,
2018102296,ロードカナロア,フェニーチェ,
2018101600,キングヘイロー,ラインキュート,
2016106596,トーセンホマレボシ,エイシンパンジー,
2017105953,キンシャサノキセキ,シルククインビー,
2016102526,ディープインパクト,リアライズキボンヌ,
2014105802,ディープインパクト,アパパネ,
2018105573,ドゥラメンテ,レディオブヴェニス,
2018105402,ハーツクライ,イルーシヴキャット,
2018105274,ハーツクライ,マチカネタマカズラ,
2018101803,キズナ,グローリアスレイ,
2018104893,エピファネイア,アドマイヤキュート,
2018105343,ディープインパクト,リュズキナ,
2018105516,ハーツクライ,ストライキングアイ,
2018102576,キングカメハメハ,キャトルフィーユ,
2018102131,ゴールドシップ,コスモバルバラ,
2018101992,ハーツクライ,デライトポイント,
2018104917,ハービンジャー,アンレール,
2018104070,トーセンラー,サトノローズヒップ,
2018104833,エピファネイア,ラントゥザリード,
2018103997,ローエングリン,ソルシエトウショウ,
2015101077,ディープブリランテ,パンカティリオ,
2016102735,エイシンフラッシュ,デヴェロッペ,
2016104864,スクリーンヒーロー,ユールフェスト,
2015103042,パイロ,テンセイフジ,
2018105334,ルーラーシップ,ラルケット,
2018100106,ディープブリランテ,マスタープラチナム,
2018104702,キンシャサノキセキ,ドライアッド,
2018100603,スウェプトオーヴァーボード,ニュートロンスター,
2018106782,ワールドエース,トモロネヴァノウズ,
2018103073,コパノリチャード,ヤマカツジャスミン,
2018103690,ワールドエース,ゲラウトマイウエイ,
2018109045,ジャスタウェイ,タムロブライト,
2018100772,バトルプラン,ルシアンネイル,
2018102807,ディスクリートキャット,ニシノメルモ,
2018103040,ワールドエース,ラブルビー,
2018103856,ルーラーシップ,アナザーガール,
2018103322,アジアエクスプレス,ハートオブキナコ,
2018109098,クリエイターII,エルメスグリーン,
2018101661,ベーカバド,タンスチョキン,
2018100905,ベルシャザール,ユメノハコブネ,
2018104096,アイルハヴアナザー,ドリームカムカム,
2018104704,ジャスタウェイ,ナチュラルスタンス,
2018106527,ダンカーク,トーホウシャイン,
2018102779,シニスターミニスター,フレンチトウショウ,
2018103226,タイムパラドックス,ハートランドスノー,
2018100406,オルフェーヴル,ストーミーレニー,
2018100007,ミッキーアイル,グロッタアズーラ,
2018105515,ドゥラメンテ,スカーレル,
2018104395,ナカヤマフェスタ,キズナII,
2018101361,パイロ,パンドラズホープ,
2018105883,ザサンデーフサイチ,クインポルカ,
2018110150,Pride Of Dubai,Costa Viva,
2018105458,キングカメハメハ,レイヌドネージュ,
2018105924,トーセンラー,エイシンポラリス,
2018101054,スクリーンヒーロー,メイドインリオ,
2018101512,メイショウサムソン,シルキーグルーヴ,
2018100259,フォーティナイナーズサン,クラウンハッピー,
2018101738,クリエイターII,クィーンオブキネマ,
2018104583,American Pharoah,キトゥンズダンプリングス,
2018100749,ゴールドシップ,カレイメモワール,
2018106879,ストロングリターン,ギルティーコンシェンス,
2018104957,ディープインパクト,エクセレンスII,
2018104732,ディープインパクト,ヒシラストレディ,
2018105432,モーリス,ハートアイリス,
2018103513,ダイワメジャー,タニノハイクレア,
2018100724,ドゥラメンテ,ノーブルストーン,
2018103163,ヴィクトワールピサ,アルマディヴァン,
2018102152,ゴールドシップ,マイネヴォヤージ,
2018104584,タートルボウル,キネオダンサー,
2018103803,ドゥラメンテ,エステフ,
2018104764,ジャングルポケット,ブルーミングスノー,
2018103511,トーセンジョーダン,タニノジャドール,
2018104875,エピファネイア,アイズオンリー,
2018103027,ディスクリートキャット,ポーシア,
2018105237,ルーラーシップ,ブロンシェダーム,
2018100040,リオンディーズ,シベリアンクラシカ,
2018106336,ロードカナロア,グローリアスローズ,
2018106411,ハービンジャー,ハーモニーフェア,
2018103143,ワールドエース,フォーモサマンボ,
2018102819,ルーラーシップ,タイセイハニー,
2018105216,エピファネイア,ファシネートダイア,
2016104276,オルフェーヴル,シーリーコート,
2017109077,フリオーソ,プロプライエタリ,
2016105636,ロードカナロア,プロラタ,
2015104142,ダノンシャンティ,ミッキーレモン,
2016102727,ドリームジャーニー,コイクレナイ,
2016104318,ディープインパクト,ボンバルリーナ,
2017104675,ヴィクトワールピサ,ヴァインドレッサー,
2017105089,ゴールドシップ,カルマート,
2017105346,ディープインパクト,シユーマ,
2016103916,ロードカナロア,ラッキーレディ,
2017102424,スクリーンヒーロー,クロストウショウ,
2018103774,ホッコータルマエ,フェバリットガール,
2018103278,ダンカーク,ヒシアルコル,
2018104879,ヘニーヒューズ,アウトオブザウィム,
2018102574,マクフィ,オーシュペール,
2018101559,ヘニーヒューズ,ウインアンジェラス,
2018103147,ホッコータルマエ,ホッコーザムーン,
2018100830,マジェスティックウォリアー,ダイシンキャンディ,
2013105399,キングカメハメハ,エアメサイア,
2015110086,マジェスティックウォリアー,Nokaze,
2015100902,トビーズコーナー,ラヴソースウィート,
2017101073,スズカコーズウェイ,スズカローズマリー,
2016102230,ゴスホークケン,パッションロード,
2018103135,プリサイスエンド,トロンボーン,
2018100595,キンシャサノキセキ,メイショウシオギリ,
2018106793,ノボジャック,ワイルドダンス,
2018102885,アロマカフェ,カフェララルー,
2018105075,ダイワメジャー,シーカーマ,
2018106258,マクフィ,ニースセブンティン,
2018100140,エスケンデレヤ,イエスプリーズ,
2018103866,オルフェーヴル,スイートフラッグ,
2018103249,マツリダゴッホ,リアライズナラック,
2018104449,バゴ,フサイチミニヨン,
2018100979,オンファイア,プレサンティール,
2018102813,ダイワメジャー,リキサンピュアティ,
2018102416,カレンブラックヒル,キャンドルアイス,
2018105733,スウェプトオーヴァーボード,ターキッシュブルー,
2018103862,マクフィ,オービーレディー,
2018101829,エピファネイア,チャームアンサー,
2018100758,フェノーメノ,ディアコメット,
2018100914,ダノンシャンティ,キョウエイラハイナ,
2018105945,エイシンヒカリ,エーシンサルサ,
2018109158,リオンディーズ,ワイルドリリー,
2018102471,スピルバーグ,フレンチムスメ,
2018105658,トーセンファントム,トーセンジョウオー,
2018104652,ダイワメジャー,スペシャルポケット,
2018103667,フェノーメノ,キュー,
2018104846,Golden Horn,ルーヴインペリアル,
2018104791,キングカメハメハ,マドモアゼルドパリ,
2018104679,ラブリーデイ,チケットトゥダンス,
2018103367,ハーツクライ,サンタローズ,
2018104311,ブラックタイド,アンジェラスキッス,
2018100720,ルーラーシップ,ソフトライム,
2018105056,ディープインパクト,シャムロッカー,
2018100373,キングカメハメハ,アユサン,
2018104908,モーリス,アルギュロス,
2018104964,エピファネイア,エフティマイア,
2018100723,ディープインパクト,ネックレス,
2018102795,ゴールドシップ,ロマンシエール,
2018104843,ハーツクライ,リーチマイハーバー,
2018105376,ヘニーヒューズ,レースパイロット,
2018104667,ハービンジャー,ダイワレジェンド,
2018105393,ハーツクライ,ローマンエンプレス,
2018104867,エイシンフラッシュ,ロイヤルネックレス,
2018103039,バトルプラン,ラストエンジェル,
2018101276,ゴールドシップ,カシマフラワー,
2018104451,ジョーカプチーノ,マイネマキアージュ,
2018103686,ジャスタウェイ,ハイアーラヴ,
2018105241,ディープインパクト,プリティカリーナ,
2018105387,ルーラーシップ,ローガンサファイア,
2018100950,アドマイヤマックス,テイエムユメノコ,
2018102130,ノヴェリスト,コスモチョコレイ,
2018106366,アジアエクスプレス,マチルド,
2018106720,エイシンフラッシュ,リメンバーメジロ,
2018100981,タートルボウル,メロディアス,
2018100252,スクリーンヒーロー,リボンティアラ,
2018104141,トーセンラー,ワサビ,
2018103783,リアルインパクト,ボラボラ,
2018102329,マクフィ,レッドメイヴ,
2018106233,アジアエクスプレス,レディストレイツ,
2018103431,ノヴェリスト,サングレアズール,
2018101242,エピファネイア,ウィズペイシェンス,
2018110145,Quality Road,Miss Singhsix,
2018106244,マジェスティックウォリアー,コウヨウルビー,
2018110021,Air Force Blue,ダンスウィズキトゥン,
2018103505,ヘニーヒューズ,スピリテッドエアー,
2018105785,メイショウサムソン,ペルサントクリール,
2018106435,エスケンデレヤ,イットーエンプレス,
2018101551,アスカクリチャン,クリノスレンダー,
2018101645,ロージズインメイ,マイネピュール,
2018102660,ヘニーヒューズ,エムアイルシェル,
2012101289,バゴ,ジョウノエリザベス,
2018104913,モーリス,アロマティコ,
2018105521,ハーツクライ,セデュイールII,
2018100382,ルーラーシップ,エターナルブーケ,
2018102652,バトルプラン,レッドオランジュ,
2017102689,キズナ,アンコンソールド,
2017106131,War Command,ヴァンゴーゴー,
2016102978,ディープブリランテ,ピントゥハティ,
2016105502,マツリダゴッホ,テルヌーヴ,
2016103242,トーセンホマレボシ,カレンタントミール,
2018103159,フサイチセブン,ローズアライヴァル,
2018102062,ダイワメジャー,フェアエレン,
2018101599,アジアエクスプレス,ヤサカシャイニー,
2018104175,スマートファルコン,エネルバ,
2018102799,サウスヴィグラス,クレーンズラヴァー,
2018109046,ディープブリランテ,タークオイズローズ,
2018101500,ベルシャザール,マレンカヤ,
2018101297,ドゥラメンテ,チーティンハート,
2018102414,アジアエクスプレス,マスターギラティナ,
2018101207,ジャングルポケット,モンレーヴリアン,
2018103916,ロードカナロア,サウンドオブハート,
2018110112,ダノンバラード,Epica,
2018100999,アドマイヤムーン,ルンバブギー,
2018103103,ベーカバド,アクアブルーハート,
2018102501,リオンディーズ,キャリーウェーブ,
2018101988,ルーラーシップ,ジョディーズライン,
2018102004,キズナ,ロックフェアレディ,
2018105380,ロジユニヴァース,ロジプリンセス,
2018106059,マクフィ,ニシノマナムスメ,
2018101525,リオンディーズ,タイセイクインス,
2018103534,マツリダゴッホ,パリージョ,
2018101524,フェノーメノ,シークレットベース,
2018103861,リオンディーズ,オペラガール,
2018102215,ディープブリランテ,レッドマロン,
2018101997,ドゥラメンテ,プリティカポレイ,
2018103750,ダノンレジェンド,ホールドミータイト,
2018100994,ドゥラメンテ,チェストケリリー,
2018102211,アジアエクスプレス,フェスティヴキティ,
2014100080,プリサイスエンド,ローズヘイロー,
2017106135,エピファネイア,カナエチャン,
2018105418,オルフェーヴル,シーフロント,
2018103051,オルフェーヴル,シャルマンスタイル,
2018103085,ルーラーシップ,ショウナンガッド,
2018101854,スクリーンヒーロー,シンメイミヤビ,
2018101605,ハービンジャー,ジェシカピンク,
2018105808,ダイワメジャー,ゴールウェイ,
2018102198,エピファネイア,ハチマンダイボサツ,
2018104714,ディープインパクト,ハウオリ,
2018103050,マクフィ,サンコロネット,
2018104755,ローエングリン,フローラルカーヴ,
2018104804,ストロングリターン,ミオリチャン,
2018102138,グラスワンダー,ストレンジラブ,
2018101635,ゴールドシップ,コスモマイルール,
2018104880,キングカメハメハ,アヴェンチュラ,
2018106690,ケープブランコ,サンデーメモリー,
2016101224,クロフネ,ソリーソアンジェロ,
2016101180,ヴィクトワールピサ,ヘンメイレン,
2016101450,ゴールドアリュール,ソラコマチ,
2016104462,ディープインパクト,クロウキャニオン,
2017101230,ロジユニヴァース,ロジディオン,
2014100165,ルーラーシップ,アサカプティット,
2016101161,キングカメハメハ,パーフェクトトリビュート,
2018105152,ノヴェリスト,ディナシー,
2018104502,ディープインパクト,アヴニールセルタン,
2018104711,ルーラーシップ,ノーブルコロネット,
2018100736,モーリス,ヤマノフェアリー,
2018104563,ハーツクライ,オメガスピリット,
2018104474,ゴールドシップ,サビアーレ,
2018101474,アジアエクスプレス,マイネカプリース,
2018105993,トゥザグローリー,メイショウアルペン,
2018106370,ダンカーク,サダムルーティン,
2018106448,ディスクリートキャット,ペイドリン,
2018101233,サウスヴィグラス,シーブルー,
2018102415,アジアエクスプレス,ムカラファ,
2018106360,エスケンデレヤ,ヒラボクロマンス,
2018104439,グランプリボス,エニシノイト,
2018102289,ヘニーヒューズ,ニシノフジムスメ,
2018104814,エピファネイア,メジャーフォルム,
2018105494,マジェスティックウォリアー,クイーンマグノリア,
2018100585,キズナ,プロスペラスマム,
2018104722,Pioneerof the Nile,ハーエミネンシー,
2018103076,ネオユニヴァース,キャメロンガール,
2018104066,ディープブリランテ,サトノサクラ,
2018103435,ヘニーヒューズ,ナンゴクロマンス,
2018110107,Ghostzapper,バルタ,
2018106608,モンテロッソ,マリーズケイ,
2018106689,Air Force Blue,ヴァバーウエン,
2018105930,クリエイターII,エイシンラブソング,
2018105217,ルーラーシップ,ファンシーミューズ,
2018104530,キングカメハメハ,イタリアンレッド,
2018106329,ラブリーデイ,オウケンハート,
2018106078,オルフェーヴル,アンジェリック,
2018103324,メイショウボーラー,プレイザフィールド,
2018104655,ストロングリターン,セデュウシング,
2018100245,ダノンシャンティ,ショウナンアズサ,
2018100661,リーチザクラウン,ゴールデンイエラ,
2018102575,ドゥラメンテ,キャサリンオブアラゴン,
2018103980,ワールドエース,ラッシュストーム,
2018100102,ジャスタウェイ,エミネントシチー,
2018103722,クロフネ,スズカエルマンボ,
2018105815,ディープインパクト,ハヴユーゴーンアウェイ,
2018104550,ラブリーデイ,エミネントピークス,
2018100977,ノヴェリスト,デルマドゥルガー,
2018106209,ダンカーク,エーシントゥーゴー,
2018106870,ハーツクライ,クレバースプリント,
2018105299,ルーラーシップ,メジャーエンブレム,
2018102170,ゴールドシップ,マイネヌーヴェル,
2018101349,ディスクリートキャット,サウスキャロライナ,
2018100434,オルフェーヴル,ホワイトヴェール,
2018102172,ハーツクライ,マイネヒメル,
2018102160,ディープインパクト,マイネシャローナ,
2018104928,モーリス,ウィズザフロウ,
2018106667,キズナ,パープルカフェ,
2018100555,ダノンレジェンド,レディハニー,
2018106428,メイショウサムソン,マイユクール,
2018100763,フェノーメノ,トリアンドルス,
2018101994,ヘニーヒューズ,バリアーモ,
2018104462,ジョーカプチーノ,モリトオウカ,
2018105506,Super Saver,ザガールインザットソング,
2018102394,ガルボ,ブセナ,
2018102987,ドゥラメンテ,マダムチェロキー,
2018101519,ロージズインメイ,ペニーウエイト,
2018105680,シンボリクリスエス,トーセンレディ,
2018105604,シニスターミニスター,アントワープ,
2016105472,アイルハヴアナザー,キョウエイトルース,
2015110104,Frankel,Lovetorn,
2014102628,カネヒキリ,ケイアイメルヘン,
2018105162,ワールドエース,トップモーション,
2018106545,リオンディーズ,メイショウオウヒ,
2018104877,ドゥラメンテ,アイムユアーズ,
2018104688,ジャスタウェイ,ディオニージア,
2018103274,ロードカナロア,スイチョウカ,
2018105809,キングカメハメハ,サルスエラ,
2018105831,ドゥラメンテ,メジロバーミューズ,
2018105088,キングカメハメハ,ジンジャーパンチ,
2018102348,モーリス,アメージングムーン,
2018104994,ハービンジャー,ガラディナー,
2018105146,ロードカナロア,ディアチャンス,
2018101970,ノヴェリスト,ボディーダンシング,
2018101010,ノヴェリスト,カネツスペシャル,
2018110116,Curlin,Itsabeautifulthing,
2016105983,ダンカーク,シーブリーズライフ,
2017104113,アポロキングダム,ハイフィールド,
2013102272,アジュディケーティング,キタサンラブソング,
2018100577,ロージズインメイ,ファミリズム,
2018103330,キンシャサノキセキ,イタリアンオリーブ,
2018102191,エイシンフラッシュ,ミスコマチ,
2018110100,Brazen Beau,エブリナイスガール,
2018101764,ジャングルポケット,ショウナンマラーク,
2018110036,Exceed And Excel,Ishitaki,
2018103943,ロードカナロア,マッキーマイハート,
2018104447,サウスヴィグラス,ケイアイカミーリア,
2018100837,ホッコータルマエ,コウユーノミチ,
2018102260,ヘニーヒューズ,アルーシュ,
2018106697,ダノンレジェンド,エイユーモモチャン,
2018103904,ヘニーヒューズ,モーガンズマンボ,
2018100652,パイロ,エンジェヌー,
2018101425,クリーンエコロジー,マキノルーチェ,
2018103570,ノヴェリスト,ワイキューブ,
2018100342,フィガロ,ミスリンディ,
2016100084,ロジユニヴァース,シルクアワード,
2015104144,ディープインパクト,メダリアダムール,
2018104582,キンシャサノキセキ,キトゥンズグレイス,
2018102686,エイシンフラッシュ,ビキニクィーン,
2018102515,ジョーカプチーノ,ディーズハイビガー,
2018105869,アドマイヤムーン,ケイアイミサイル,
2018103939,ダイワメジャー,ティーケイキャット,
2018101522,ローエングリン,デューイガール,
2018106884,ディスクリートキャット,ヒカルアルテミス,
2018103192,ハクサンムーン,ハクサンサマー,
2018104742,モーリス,ファイアマーシャル,
2018100547,トーセンラー,スイートライラ,
2018102798,ディスクリートキャット,オルフィーク,
2018104260,ロードカナロア,ホクラニミサ,
2018102009,ローエングリン,ヤマニンアドーレ,
2018101348,トーセンジョーダン,グレイシアブルー,
2018104939,ハーツクライ,ウーマンシークレット,
2018101251,エイシンフラッシュ,スマイリンアスク,
2018105648,ダイワメジャー,トーセンインディ,
2018102984,メイショウサムソン,フヨウ,
2018110148,Preferment,Stocktake,
2018102156,グラスワンダー,マイネオーチャード,
2018101548,マツリダゴッホ,イヴニングミスト,
2018102842,ノヴェリスト,ミリオンセラー,
2018103321,バトルプラン,ディープアントス,
2018106703,ラブリーデイ,スリーサンローズ,
2018100731,キズナ,ホワイトソックス,
2018105443,ミッキーアイル,ミッキーレモン,
2018104481,キズナ,ブリリアントクラン,
2018103729,キズナ,トップオブザヘヴン,
2018106815,ディープインパクト,リズムオブライト,
2018100486,マクフィ,ヒーラ,
2018102173,スクリーンヒーロー,マイネプリンセス,
2018106692,キズナ,エメラルハヤブサ,
2016102170,アイルハヴアナザー,トーホウシャイン,
2015104270,ロードカナロア,オメガグレイス,
2017101829,キングカメハメハ,ラナンキュラス,
2017105269,タートルボウル,カフヴァール,
2018101943,キングカメハメハ,アドマイヤシルク,
2018105059,エピファネイア,シャンボールフィズ,
2018110004,Kingman,ターフドンナ,
2018103535,ディープインパクト,ビーコンターン,
2018100397,ハーツクライ,シェイクズセレナーデ,
2018105401,モーリス,アンチュラス,
2018102985,ゴールドシップ,ボンビバン,
2018104317,エピファネイア,サトノフラリッシュ,
2018106603,ジョーカプチーノ,パドブレ,
2018105473,ルーラーシップ,ウインドストリーム,
2018101250,ドゥラメンテ,サンキューアスク,
2018105703,クリエイターII,ルミノハレブタイ,
2018101283,キズナ,ワンサイドゲーム,
2018101475,ベーカバド,アイティアビー,
2018106053,ディスクリートキャット,ハンナリト,
2018101351,アルデバランII,シアリアスバイオ,
2018104634,ロードカナロア,シースプレイ,
2018106470,エピファネイア,タイキエイワン,
2018100453,ベルシャザール,リンネ,
2018101072,ディスクリートキャット,ビーキュート,
2018103077,トーセンジョーダン,ノートルアンジュ,
2018102836,タニノギムレット,ニシノケイト,
2018106615,ケイムホーム,パッションロード,
2018103984,ストロングリターン,カザリムスビ,
2018101130,シニスターミニスター,ピユカンタービレ,
2018102314,フェノーメノ,ネオマックイーン,
2018104362,シニスターミニスター,スターアクトレス,
2018104174,トゥザワールド,マストゥドウ,
2018109107,リアルインパクト,マウントフジ,
2018104202,エイシンヒカリ,オリオンザブラック,
2018103260,チェリークラウン,チェリーノコイビト,
2018101880,バトルプラン,アミザクラ,
2018101114,バトルプラン,ロマンスリップ,
2018106637,フリオーソ,ニューステップ,
2018102764,ヘニーヒューズ,ダイワサンルージュ,
2018105605,ラブリーデイ,ウインガイア,
2018104620,ロードカナロア,サンテミリオン,
2018105712,スピルバーグ,ペルフォルマーダ,
2018102197,エイシンフラッシュ,ゴールドタイリン,
2018100752,エイシンフラッシュ,サトノサンシャイン,
2018101977,ルーラーシップ,アドマイヤカグラ,
2018106019,バゴ,メイショウアゲハ,
2018104561,エピファネイア,オメガエンブレム,
2018103995,ワールドエース,アップルトウショウ,
2018101909,リオンディーズ,キーラ,
2018102667,リオンディーズ,ママアルパ,
2018102940,ディスクリートキャット,クリムゾンフレア,
2018101990,エピファネイア,スカーレットダンス,
2018106719,エイシンフラッシュ,ヴィーヴァタキオン,
2018105236,モーリス,ブルーメンブラット,
2018103084,ダイワメジャー,ショウナンカラット,
2018106717,ジョーカプチーノ,ニンフェッタ,
2018102845,アロマカフェ,ブランフィル,
2018104459,リーチザクラウン,フラヴィニー,
2014102255,トランセンド,パシャ,
2014103967,サマーバード,キングズラヴ,
2013100446,スパイキュール,サヴァント,
2018105054,キングカメハメハ,シャトーブランシュ,
2018100274,モーリス,ラヴァリーノ,
2018105257,ドゥラメンテ,ペルヴィアンリリー,
2018104628,ドゥラメンテ,シュピッツェ,
2018105477,フェノーメノ,ヴァリアントレディ,
2018101729,トゥザグローリー,ツールドコルス,
2018105462,ディープインパクト,ワイ,
2016105530,ホワイトマズル,リスティアエーデル,
2018104482,キンシャサノキセキ,マチュアード,
2018104533,ルーラーシップ,イントロダクション,
2018101719,トゥザワールド,バーラプレッタ,
2018102352,マクフィ,クロワラモー,
2018104144,ネオユニヴァース,ブリーズトウショウ,
2018101396,ジャングルポケット,ブライティアトップ,
2018100089,アジアエクスプレス,エスコルピオン,
2018104112,マクフィ,ブライダルドレス,
2018104227,フレンチデピュティ,レーヴドベティ,
2018106061,ダンカーク,ニシノリコルディ,
2018103376,ダンカーク,スマートアルテミス,
2018104310,Bobby's Kitten,アラピンタ,
2018102083,フリオーソ,アガペー,
2018100349,ダノンシャーク,サワキック,
2018102714,エピファネイア,アンジュエ,
2018104699,エピファネイア,トロワボヌール,
2018105135,ノヴェリスト,チャイナドール,
2018105952,トーセンジョーダン,エーシンチェロキー,
2018105399,ノヴェリスト,アルアマーナ,
2018101570,パイロ,ネオグラティア,
2018105511,ハーツクライ,シングライクバード,
2018100255,メイショウサムソン,クラウンイヴ,
2018105324,キズナ,ラックビーアレディトゥナイト,
2018103796,トゥザワールド,モルフェキイ,
2018104761,ハービンジャー,ブランカ,
2018105514,ルーラーシップ,スヴァラッシー,
2018105476,エピファネイア,ヴァイスゴルト,
2018101924,ヴァンセンヌ,オペラアイ,
2018100231,ドゥラメンテ,サンヴィヴァン,
2018102661,ブラックタイド,グリーズアージェント,
2018103417,エピファネイア,アンテプリッツ,
2018104014,トーセンジョーダン,サクラプレジール,
2018104920,ハーツクライ,アーマイン,
2018102147,ゴールドシップ,マイネアクティース,
2018100703,モンテロッソ,レリッシュザソート,
2018100684,ディスクリートキャット,ニューチャプターＩＩ,
2018101989,ディスクリートキャット,ジョディーズロマン,
2018101946,ディスクリートキャット,アレキパ,
2018102360,アジアエクスプレス,メジェルダ,
2018105819,クロフネ,フェアリーダンス,
2018104694,American Pharoah,トップデサイル,
2018103276,シルポート,ヒシアニマ,
2018102345,エスポワールシチー,マルターズガール,
2018104837,リーチザクラウン,リトルディッパー,
2018105323,Uncle Mo,ラッキートゥビーミー,
2018101631,アイルハヴアナザー,コスモネモシン,
2017101772,ディープインパクト,ヤマニングルノイユ,
2016104853,ディープインパクト,マルペンサ,
2013106218,キングカメハメハ,リリウオカラニ,
2015101467,スクリーンヒーロー,シャンハイロック,
2018110007,Kingman,セリエンホルデ,
2018104934,Frankel,ウェイヴェルアベニュー,
2018100184,ロードカナロア,キストゥヘヴン,
2018104914,リオンディーズ,アンソロジー,
2018104700,ディープインパクト,ドバウィハイツ,
2018104945,モーリス,ヴィラ,
2018105349,ロードカナロア,リングネブラ,
2018105204,モーリス,ピクシーホロウ,
2018110045,Gleneagles,Reset In Blue,
2018106513,エピファネイア,シージョー,
2018105454,ディープインパクト,リトルゲルダ,
2018106532,キズナ,バスラットアマル,
2016103046,ディープインパクト,ウィステリアアーチ,
2018103387,スズカコーズウェイ,スリーサンハーツ,
2018104594,ハーツクライ,クォリティシーズン,
2018103739,サウスヴィグラス,ファイトソング,
2018104614,ノヴェリスト,サニーデイサンデー,
2018100123,ディスクリートキャット,マオリオ,
2018104690,パイロ,デザートオブムーン,
2018105547,ミッキーアイル,フォルテピアノ,
2018105617,キンシャサノキセキ,ベストブート,
2018100975,スピルバーグ,デルマセンヒメ,
2018106434,バゴ,アイハヴアジョイ,
2018105822,リアルインパクト,ポップチャート,
2018104329,リオンディーズ,ダークマレイン,
2018104491,ホッコータルマエ,サクラヴィッキー,
2018106610,モンテロッソ,ミュージカルパレス,
2018106236,シニスターミニスター,エポカブラヴァ,
2018100121,エイシンヒカリ,プリンセスミユキ,
2018103444,ウエスタンゼウス,ウエスタンイヴ,
2018105647,トーセンファントム,トーセンアルニカ,
2018102342,カレンブラックヒル,クリンゲルベルガー,
2018104026,コパノリチャード,ピカンチラヴ,
2018104193,ホッコータルマエ,ヒカルマナムスメ,
2018103665,ダノンシャンティ,ウイングオブラック,
2018104923,ドゥラメンテ,イプスウィッチ,
2018102192,トーセンラー,メイショウガザニア,
2018104511,Le Havre,アブソリュートレディ,
2018105609,ルーラーシップ,クイーンオブナプレス,
2018105512,ハーツクライ,シーオーク,
2018110069,Speightstown,ジャニュアリージョーンズ,
2018102532,リオンディーズ,ビクトリーチャンス,
2018106417,ダンカーク,チャンピオンダイヤ,
2018103448,ダンカーク,ウエスタンベッラ,
2018101406,モーリス,ネオイリュージョン,
2018100610,ジャングルポケット,セトノフラッパー,
2018105628,ヴィクトワールピサ,エラドゥーラ,
2018102169,マツリダゴッホ,マイネトゥインクル,
2018105384,ディープインパクト,ロベルタ,
2018106677,モンテロッソ,カネトシバニラ,
2018102963,ルーラーシップ,エアマチュール,
2018102889,ベーカバド,スカイホークアイ,
2018104344,クリエイターII,ペルセクション,
2018103933,ロードカナロア,ラハイナII,
2018101145,アジアエクスプレス,バトルアンコール,
2018102717,シニスターミニスター,ジョーゲルダ,
2018106388,モーリス,マカロンドナンシー,
2018102831,ディープブリランテ,ジャストザハピネス,
2018103206,ジョーカプチーノ,パリサンジェルマン,
2018106595,プリサイスエンド,オクリモノ,
2018103945,ラブリーデイ,マーティンスリープ,
2016110024,タニノギムレット,エンシェントアート,
2015103687,プリサイスエンド,スイートウィリアム,
2018102939,アポロキングダム,ミスアイーカメ,
2018100955,ロードアルティマ,キャンティユッキ,
2018101171,トランセンド,ステキナポケット,
2018109094,ルーラーシップ,メイブリーズ,
2018100042,ゴスホークケン,パスザトーチ,
2018102248,セイクリムズン,ラブギャラクシー,
2018100885,ベルシャザール,ラメント,
2018103332,アドマイヤムーン,ニシノマオ,
2018103495,アイルハヴアナザー,サマーロコガール,
2018101499,パイロ,マルヨシロワイン,
2018105803,リアルインパクト,リボンノキシ,
2018106029,メイショウボーラー,プラチナループ,
2018100989,キズナ,エンドレスドリームII,
2018106797,キズナ,アンキャニー,
2018105375,ルーラーシップ,レースウィング,
2018103364,オルフェーヴル,ナンヨーナイト,
2018104851,ハービンジャー,レジュールダムール,
2018110026,Holy Roman Emperor,Allegrina,
2018104303,マクフィ,デュエット,
2018104726,ヴィクトワールピサ,バルドウィナ,
2018102143,ドゥラメンテ,ピノブラン,
2018105199,ディープブリランテ,ビジュートウショウ,
2018104576,エピファネイア,カジノブギ,
2018110086,Tapit,Unrivaled Belle,
2018100420,ディープインパクト,パスオブドリームズ,
2018109100,バゴ,ターフデライト,
2018104921,ダイワメジャー,イグジビットワン,
2018101300,ドゥラメンテ,ラッキーレディ,
2015103021,ローエングリン,ハナヨメノレン,
2017102070,ヴィクトワールピサ,ホワイトウォーター,
2014104973,ディープインパクト,エルメスティアラ,
2015101185,ディープインパクト,マネーペニー,
2015103488,モンテロッソ,シゲルエスペレ,
2017102012,ローレルゲレイロ,グリーンモネ,
2017105307,キングカメハメハ,グルヴェイグ,
2018103133,リオンディーズ,ティアップレーヴ,
2018104876,ルーラーシップ,アイムユアドリーム,
2018104522,スウェプトオーヴァーボード,アンコールピース,
2018103319,ホッコータルマエ,スパイスフェアリー,
2018102918,プリサイスエンド,ステッバイステップ,
2018104500,スクリーンヒーロー,アイアムルビー,
2018106206,モーリス,ラフレーズカフェ,
2018104888,エピファネイア,アソルータ,
2018105464,キングカメハメハ,アイスフォーリス,
2018101102,ルーラーシップ,ダブルヨウコ,
2018100405,リオンディーズ,ストリートスタイル,
2018101369,トゥザワールド,ホーリーブラウン,
2018103468,リーチザクラウン,ラゴディラゴライ,
2018106633,リアルインパクト,タイキジャスパー,
2018102981,メイショウボーラー,ヴェラオン,
2018102323,クリエイターII,ウェスタリーズ,
2018102558,グラスワンダー,シゲルカゼノボン,
2018105865,ダンカーク,オーバルカット,
2018102149,スクリーンヒーロー,マイネアルナイル,
2018110051,Belardo,リージェンシーロマンス,
2018100232,アンライバルド,スズカダーリン,
2018101806,ゴールドヘイロー,センターアンジェロ,
2018103835,ガルボ,アドリアーネ,
2018105889,アイルハヴアナザー,ドリームデュネット,
2018110147,Savabeel,Disguised,
2018103224,ナカヤマフェスタ,トーホークイーン,
2018106891,ノヴェリスト,ハシルヨアカルク,
2018106278,スウェプトオーヴァーボード,レディスウィフト,
2018110141,ミッキーアイル,ライラックローズ,
2019105194,ディープインパクト,コンドコマンド,
2019110065,American Pharoah,A Z Warrior,
2019100846,ノヴェリスト,フジチャン,
2019101139,バゴ,ナイキトライアンフ,
2019102483,ザファクター,サンコロネット,
2019110071,Into Mischief,Ava Pie,
2019106118,ザファクター,ミヤビキラメキ,
2019104419,キングカメハメハ,トーセンベニザクラ,
2019110083,ストリートセンス,Chausie,
2019104425,アイルハヴアナザー,トーセンレディ,
2019104885,リーチザクラウン,ブリスアンドラック,
2018101553,プリサイスエンド,ケイエスシンアカリ,
2018106129,ゼンノロブロイ,ディテール,
2018100074,アイルハヴアナザー,マイネグラティア,
2018106686,トゥザグローリー,ドクトルコスモ,
2018103264,シンボリクリスエス,オリヴェット,
2018105414,フェノーメノ,サザンフェアリー,
2018104466,ラブリーデイ,ピンクチャリス,
2018110070,Carpe Diem,Santa Vindi,
2017100657,グランデッツァ,シャトーモア,
2017104680,ヘニーヒューズ,エアティアーモ,
2015101031,キンシャサノキセキ,トップオブドーラ,
2018101146,エスポワールシチー,ビビッドフレイム,
2018105562,ハービンジャー,メルヴェイユドール,
2018104239,エイシンヒカリ,ブリーボーンズ,
2018102858,リーチザクラウン,エーシンベタラネリ,
2016105537,アイルハヴアナザー,ワイキューブ,
2014103385,シンボリクリスエス,アメーリア,
2018105013,オーシャンブルー,クロカンブッシュ,
2018100856,プリサイスエンド,ドナビジュー,
2018103161,ジョーカプチーノ,アマダブラム,
2018101215,アスカクリチャン,マヤノプレム,
2018101477,カレンブラックヒル,ケージーフジムスメ,
2018101506,トランセンド,シャインレジーナ,
2018105620,ドゥラメンテ,ロアジス,
2018106767,マクフィ,エクセレントブルー,
2018100504,アドマイヤムーン,マヤノカピオラニ,
2018102540,ジョーカプチーノ,ロバーブ,
2018100770,グラスワンダー,ラロキューン,
2018100986,ストロングリターン,ホウライマドンナ,
2018100832,アジアエクスプレス,セレスフェアリー,
2018103045,クリエイターII,アカカホール,
2018100192,ダノンシャーク,マイウィン,
2018104598,ロードカナロア,クリスマスキャロル,
2018103146,ホッコータルマエ,ホッコーヴァール,
2018105138,リアルインパクト,ティアラトウショウ,
2018102107,リアルインパクト,コハルタイム,
2018105984,Free Eagle,マリーファー,
2018100903,ダンカーク,リクエストアワー,
2018104017,タニノギムレット,サクラローズマリー,
2018104410,サウスヴィグラス,コンコルディア,
2018100070,ラブリーデイ,シャドウライフ,
2018104955,ハービンジャー,エカルラート,
2018100738,ハーツクライ,ヤマン,
2018102174,ゴールドシップ,マイネプレセア,
2018110033,Teofilo,Dream of The Hill,
2018105396,ハーツクライ,ワナダンス,
2018102180,ゴールドシップ,マンバラ,
2018105119,ダイワメジャー,ソニックグルーヴ,
2018102644,ガルボ,トゥファーアウェイ,
2018102538,ジャングルポケット,ライボー,
2018102896,リオンディーズ,アンコンソールド,
2018106099,モーリス,パダナ,
2019105125,クロフネ,オーマイベイビー,
2019105548,ハーツクライ,レディスキッパー,
2019105511,キングカメハメハ,リアアントニア,
2019100765,シルバーステート,ニシノムーンライト,
2019106807,アメリカンペイトリオット,オールアイキャンセイイズワウ,
2019101158,リオンディーズ,フェスティヴマロン,
2019104057,ドゥラメンテ,スクービドゥー,
2019104930,スクリーンヒーロー,メジャーフォルム,
2019104803,ロゴタイプ,ダマスクローズ,
2019106416,キンシャサノキセキ,ピサノレインボー,
2019104874,イスラボニータ,フリアアステカ,
2019109140,カレンブラックヒル,トワイスアップ,
2019103602,ブラックタイド,ブーケトウショウ,
2019104451,モーリス,ヴィクトリーマーチ,
2019104639,ストロングリターン,アンコールピース,
2019104555,エピファネイア,シャクンタラー,
2019101408,ハービンジャー,リップル,
2019105529,ドゥラメンテ,ルミナスパレード,
2019103555,エピファネイア,ラッキーペニー,
2019100905,アメリカンペイトリオット,アルトゥーナ,
2019104952,キンシャサノキセキ,ルンバロッカ,
2019104356,ザファクター,バアゼルザウバー,
2019104842,ストロングリターン,ハルマッタン,
2019104140,ホッコータルマエ,オーミチェリッシュ,
2019100772,ジョーカプチーノ,マイネアラベスク,
2019104985,レッドスパーダ,ラユロット,
2019101741,ドゥラメンテ,インドリヤ,
2019103274,ザファクター,ティアドロップス,
2018102194,ブラックタイド,ゴールドエルフ,
2017105147,タイムパラドックス,マルクプレンヌ,
2018100593,キズナ,ケイエスホノカ,
2016101650,タイキシャトル,エイシンオーガスタ,
2016100059,ヘニーヒューズ,アラフネ,
2016100287,ヘニーヒューズ,ステージトリック,
2015110028,Speightstown,Missamerica Bertie,
2016104496,キングカメハメハ,シラユキヒメ,
2013104498,ブラックタイド,ハローレイチェル,
2013104814,エンパイアメーカー,テンザンデザート,
2016103841,トーセンモナーク,トーセンフリージア,
2017106471,グランシュヴァリエ,デイトナ,
2018104204,タイセイレジェンド,キシュウリベンジ,
2018101498,ラブリーデイ,マリントウショウ,
2018102298,エイシンヒカリ,ホットサマーデイ,
2018100748,プリサイスエンド,カルブンクルス,
2018100356,バトルプラン,バクシンオージョ,
2018101875,パドトロワ,イカガデスカ,
2018100244,マクフィ,サザンジュエリー,
2018105389,エピファネイア,ローズノーブル,
2018110134,Dialed In,Into Reality,
2018110072,カリフォルニアクローム,Celtic Chant,
2018104210,ワールドエース,カドバン,
2018101462,トゥザワールド,ハルトリーゲル,
2018105282,ブラックタイド,マンドゥラ,
2018102163,ゴールドシップ,マイネジャンヌ,
2018100941,ルーラーシップ,ロゼットネビュラ,
2018104671,ローエングリン,ダノンベルベール,
2018100281,ゼンノロブロイ,クレバーパルマ,
2018104499,ルーラーシップ,アイアムマリリン,
2018106325,ゴールドシップ,エスジーアンクル,
2019105478,ドレフォン,ユキチャン,
2019100652,モーリス,ハギノエスカーダ,
2019103806,シルバーステート,マチャプチャレ,
2019101100,リオンディーズ,クナウ,
2019105572,ルーラーシップ,ワイルドラズベリー,
2019104684,マジェスティックウォリアー,オメガインベガス,
2019106842,ミュゼスルタン,メイビーズエイム,
2019104147,ダノンレジェンド,デイドリーマー,
2019104377,ストロングリターン,レディトリス,
2019103967,マクフィ,ルイゼリアクィーン,
2019103347,マクフィ,ミュゼミランダ,
2019106998,ロージズインメイ,マルトクビクトリー,
2019100150,シルバーステート,ウインアンジェラス,
2019106233,マクフィ,レッドジュディス,
2019106031,リアルインパクト,インソムニア,
2019104383,ジャスタウェイ,エスティマリリン,
2019102648,プリサイスエンド,インティワタナ,
2019103227,リーチザクラウン,ショウナンアネーロ,
2018104018,アポロキングダム,コペノイコロ,
2018106584,エピファネイア,レチャーダ,
2018101505,シンボリクリスエス,シゲルトマト,
2018104834,Nyquist,ランドオーバーシー,
2018101186,ベルシャザール,プリティーキャロル,
2018105275,ミッキーアイル,マトリョーシカ,
2018100681,ディープブリランテ,デザートチル,
2018105419,ディープインパクト,シーリーコート,
2014100050,ジャングルポケット,アラマサダンサー,
2015104868,ルーラーシップ,タンザナイト,
2018105317,アジアエクスプレス,ラインダール,
2018106902,エイシンヒカリ,ニシノプルメリア,
2018101410,キンシャサノキセキ,ロジナン,
2018104601,エピファネイア,グリサージュ,
2018106439,エスケンデレヤ,ビューティコマンダ,
2018103704,バトルプラン,ヤギリヴィーナス,
2018106745,クリエイターII,クロエチャン,
2018101624,ヴィクトワールピサ,キャッシュインクルーデッド,
2018102662,マジェスティックウォリアー,シャラントレディ,
2018100895,パイロ,サクセスウイッチ,
2018103768,アジアエクスプレス,プリティブルーム,
2018110071,Violence,Chelan Echo,
2018100819,リアルインパクト,ナムラヒラリー,
2018102731,トランセンド,ディヴォーション,
2018104649,ストロングリターン,スパイラルポイント,
2018104653,ローエングリン,スペランツァデーア,
2018105328,キングカメハメハ,ラドラーダ,
2018100440,ダンカーク,マヤノメメント,
2018105884,フサイチセブン,クイーンキセキ,
2018105150,マジェスティックウォリアー,ディオジェーヌ,
2018106065,ダンカーク,ハルノサキガケ,
2018106788,フェノーメノ,ビアンコカンドーレ,
2018100024,マクフィ,ショウナンマオ,
2018103433,エイシンフラッシュ,ルネッタアスール,
2018101252,マジェスティックウォリアー,ダイヤモンドアスク,
2018103445,Oasis Dream,ウエスタンクィーン,
2018104739,ドゥラメンテ,ピュアーフレーム,
2019105560,リオンディーズ,ロスヴァイセ,
2019104459,ハーツクライ,サイマー,
2019105335,ハービンジャー,ハートフルデイズ,
2019110074,Tapit,Stopchargingmaria,
2019102907,ワンアンドオンリー,トーセンアート,
2019104005,フリオーソ,タイキラナキラ,
2019101192,オルフェーヴル,プジュリ,
2019103634,ケープブランコ,アニムス,
2018105300,モーリス,メチャコルタ,
2018106313,ロードカナロア,アドマイヤオウカ,
2018102176,アンライバルド,マイネリベルタス,
2018104935,Frankel,ウエスタンマンデラ,
2018102134,ジャスタウェイ,サバナパディーダ,
2018105587,バゴ,ロージーチークス,
2018104940,ロードカナロア,ヴァイスハイト,
2018102129,ゴールドシップ,コスモスカイライン,
2018100881,エピファネイア,デアリングバード,
2018102012,ジャスタウェイ,ヤマニンカルフール,
2018103967,エピファネイア,レッドシェダル,
2018104646,スクリーンヒーロー,ステラスターライト,
2018103656,キズナ,ベガグレシヤス,
2018101662,ロージズインメイ,ツクバオトメ,
2018105047,キングカメハメハ,サンデースマイルII,
2018101712,プリサイスエンド,ヤサシイキモチ,
2016105042,ディープインパクト,シャンパンドーロ,
2018104708,ヴィクトワールピサ,ノッテビアンカ,
2016105172,ロードカナロア,ファイブスター,
2016104529,ジャスタウェイ,セルキス,
2016100596,ハーツクライ,エーゲリア,
2014105949,ディープブリランテ,シルクユニバーサル,
2018104750,エピファネイア,フェータルローズ,
2019110085,Mohaymen,Gold Glimmer,
2018102148,スクリーンヒーロー,マイネアルデュール,
2018105812,キンシャサノキセキ,チェルカ,
2018105862,メイショウボーラー,ユーワジュリエット,
2018104019,ジャスタウェイ,ゴンチャローワ,
2018105560,ディープブリランテ,メモリーレーン,
2018105556,キングカメハメハ,マエストラーレ,
2018101478,ヘニーヒューズ,ケージーレインボー,
2018101903,パドトロワ,ヘーラー,
2018109020,スマートファルコン,アドマイヤイチ,
2018103657,シニスターミニスター,アグネスバラード,
2018106113,カジノドライヴ,レッドセイリング,
2018103680,ディープブリランテ,グレイスフルソング,
2018101674,モーリス,ミンナノアイドル,
2018104919,ドゥラメンテ,アートプリンセス,
2018110027,Iffraaj,エンシェントアート,
2018110132,Tapit,Sindy With an S,
2018101741,カレンブラックヒル,パイクーニャン,
2018106194,クリエイターII,キクノレジーナ,
2018103209,サムライハート,エレン,
2019105169,ハービンジャー,クルミナル,
2019104911,イスラボニータ,マイジェン,
2019104465,ドゥラメンテ,スパニッシュクイーン,
2019105298,ディープインパクト,テディーズプロミス,
2019100861,ドゥラメンテ,グランシャルム,
2019104918,キングカメハメハ,マルセリーナ,
2019101779,エピファネイア,アサクラ,
2019106047,トウケイヘイロー,アニー,
2019106862,マツリダゴッホ,クリスタルストーン,
2019103404,エピファネイア,アグネスメープル,
2019101448,ディープブリランテ,ユキノチャンプ,
2019105634,ドレフォン,サオヒメ,
2019100931,エピファネイア,ツクバエルドラド,
2019103144,パイロ,セイウンクノイチ,
2019101267,マクフィ,ゴールドカルラ,
2019104958,エピファネイア,レッツサッチャー,
2018103303,サウスヴィグラス,バルビーナ,
2018105332,オーシャンブルー,ラベンダーカラー,
2018104349,スウェプトオーヴァーボード,リーガルデイム,
2018101740,アジアエクスプレス,コリンナ,
2018102206,プリサイスエンド,ホクセーメジャー,
2018103584,ワールドエース,グラスルノン,
2018102864,ダイワメジャー,カワカミプリンセス,
2018106576,マクフィ,デンファレ,
2018102144,グラスワンダー,フライングメリッサ,
2018103986,ヴィクトワールピサ,ジャストジョーイ,
2018102483,ヴィクトワールピサ,プレミアステイタス,
2018110002,Frankel,サウンドオブフリーダム,
2018105486,オルフェーヴル,エレイン,
2018104786,ミッキーアイル,マイジェン,
2018105449,オルフェーヴル,モクレン,
2018110006,Lope de Vega,シーティス,
2018110039,Territories,Luminda,
2018100266,ルーラーシップ,クラウンロゼ,
2018105139,ハーツクライ,ティッカーテープ,
2018106574,クリエイターII,ソフィアルージュ,
2016100319,エイシンフラッシュ,レイライン,
2017101060,ノーザンリバー,ヒシストーミイ,
2017103278,マツリダゴッホ,ケリーケイズプレジャー,
2018105850,ヘニーヒューズ,メイショウスザンナ,
2018103250,モーリス,リアライズノユメ,
2018106418,トゥザグローリー,アンビホールドゥン,
2018105447,ノヴェリスト,メモリアルサマー,
2018105756,ジョーカプチーノ,ヒカルウェイブ,
2018101326,アドマイヤムーン,ハナマル,
2018102101,シニスターミニスター,サザンレイスター,
2018104091,マクフィ,ティリアンパープル,
2018103366,グランプリボス,ラブインザミスト,
2018100138,キンシャサノキセキ,アンタークティカ,
2018100622,モーリス,アナザーワールド,
2018104024,ダイワメジャー,サクラレーヌ,
2018105493,オルフェーヴル,クィーンアマポーラ,
2018104080,トーセンラー,ストーリーライン,
2018105026,ハービンジャー,ケアレスウィスパー,
2018105837,スピルバーグ,レッドエルザ,
2018101705,トランセンド,ブルーライトクロス,
2019104470,ロードカナロア,チェリーペトルズ,
2019104135,ダノンレジェンド,ヴァップ,
2019105261,キングカメハメハ,スピードリッパー,
2019105419,キンシャサノキセキ,ベルベットローブ,
2019105524,ドレフォン,リーチコンセンサス,
2019103261,ザファクター,ニシノケイト,
2019104346,ブラックタイド,ピュアシンフォニー,
2019104526,リオンディーズ,ウインフロレゾン,
2019104389,ロージズインメイ,ガールズトーク,
2019103938,キンシャサノキセキ,マスイデア,
2019104486,ロードカナロア,フォーエバーモア,
2019104266,ザファクター,ナムラマミー,
2019109010,アルデバランII,ダーティダンシング,
2019103170,ゼンノロブロイ,セイウンクレナイ,
2019106571,バトルプラン,ジェイケイカルミア,
2019100500,トーセンジョーダン,ポートドラルーン,
2018105436,ドゥラメンテ,ブランネージュ,
2018100456,キングカメハメハ,レッドセシリア,
2018100254,エイシンフラッシュ,クラウンアルテミス,
2018102982,ダイワメジャー,エナジャイズ,
2018102175,ダイワメジャー,マイネボヌール,
2018105452,ロードカナロア,ラバヤデール,
2018101516,シニスターミニスター,ハマナス,
2016101058,アドマイヤムーン,ブルーレインボウ,
2015106216,ゼンノロブロイ,レッドディクシー,
2018105336,ブラックタイド,リアリサトリス,
2016104998,オルフェーヴル,クィーンスプマンテ,
2017105272,ルーラーシップ,カラフルブラッサム,
2018106573,マジェスティックウォリアー,スマッシュ,
2018103223,アイルハヴアナザー,ダイワバーガンディ,
2018103819,ヘニーヒューズ,ケイアイベローナ,
2018101434,マクフィ,アラフネ,
2018100916,エスポワールシチー,ビアンコ,
2018105470,キズナ,アンティフォナ,
2018100590,マクフィ,カレンステイシー,
2018104234,リオンディーズ,タバサトウショウ,
2017105279,ヘニーヒューズ,カールファターレ,
2018105844,サウスヴィグラス,ジョリファム,
2018101716,アジアエクスプレス,ジーガーウイング,
2018104762,キングカメハメハ,ブリッジクライム,
2018100269,ドゥラメンテ,ブロッサムレーン,
2018102085,メイショウサムソン,ヴァニラシャンティ,
2018104025,ハービンジャー,シロガネーゼカフェ,
2018106810,スクリーンヒーロー,ナンシーフロムナイロビ,
2018103063,ルーラーシップ,ロンド,
2018100529,エピファネイア,カグラ,
2018101347,レッドスパーダ,クラリン,
2019105056,ドレフォン,アロマティコ,
2019105482,カレンブラックヒル,ライクザウインド,
2019104706,ディープインパクト,カルティカ,
2019105538,ドゥラメンテ,レツィーナ,
2019101070,サトノアラジン,スズカクエーサー,
2019101381,クリエイターII,ニシノミチシルベ,
2019106258,クリエイターII,ムツミマーベラス,
2019106421,ワールドエース,スレバルナ,
2019103642,ロゴタイプ,トゥルヴァーユ,
2019104149,フェノーメノ,パドブレ,
2018103301,ヘニーヒューズ,チリビリビン,
2018105749,エイシンフラッシュ,エフティベス,
2018101132,ディープブリランテ,ミルテ,
2018104288,シンボリクリスエス,シゲルオレンジ,
2018102051,キズナ,スイートメドゥーサ,
2018105939,トーセンジョーダン,エーシンエムディー,
2018102377,パイロ,ゴールドマッシモ,
2017105992,ダイワメジャー,パダナ,
2016102034,ダノンシャンティ,メイショウフェーヴ,
2014109137,ロージズインメイ,フォンティーン,
2012104346,ゴールドアリュール,ファニーストーリー,
2013106000,ディープインパクト,ナイトマジック,
2012100683,マツリダゴッホ,コスモクラッベ,
2014101874,ルーラーシップ,ウルトラペガサス,
2016100804,ベルシャザール,ピンクサプライズ,
2016106022,オルフェーヴル,ホエールキャプチャ,
2017100230,アドマイヤコジーン,クラウンエリザベス,
2018105541,キズナ,ヒカルアモーレ,
2018100047,ゴスホークケン,マルターズヒート,
2018102522,ゴールドシップ,ブーケドロゼブルー,
2018104435,タートルボウル,ハルダル,
2018100215,トーセンジョーダン,クリノハイスバル,
2018100602,マジェスティックウォリアー,シウダニーニャ,
2018102450,ハービンジャー,ベラルーナ,
2018100671,ディープインパクト,ストロベリーフェア,
2018105195,ドゥラメンテ,ヒッピー,
2018104831,オルフェーヴル,ラブーム,
2018105145,キングカメハメハ,テーブルロンド,
2018104564,スクリーンヒーロー,オメガハートランド,
2018104556,キズナ,エレクトラレーン,
2018100167,ドゥラメンテ,サトノアスカ,
2018103496,エイシンヒカリ,ザッツザウェイ,
2019105347,モーリス,パンデイア,
2019105204,モーリス,サブトゥエンティ,
2019100935,エピファネイア,ニシノシルエット,
2019101983,リオンディーズ,ショウナンアルマー,
2019100571,キンシャサノキセキ,ケイアイアテナ,
2019100641,ワンアンドオンリー,シャンパンルージュ,
2019105344,ヘニーヒューズ,パシフィックギャル,
2019100938,バゴ,ニシノナースコール,
2019101630,ドゥラメンテ,ジェラスキャット,
2019103937,エスケンデレヤ,フローズンムーン,
2019106901,アドマイヤムーン,ホワイトピクシイ,
2019101042,ザファクター,ワイズドリーム,
2019106300,シルバーステート,ユメヲカナエテ,
2019102152,イスラボニータ,モトカノテソーロ,
2019105167,ドレフォン,クリムゾンブーケ,
2019101311,ラブリーデイ,エキゾチック,
2019101889,ディスクリートキャット,スモーダリング,
2019106322,マクフィ,エンパイアブレイク,
2019106214,シニスターミニスター,サンタテレサ,
2019100803,アイルハヴアナザー,コスモマクスウェル,
2019105800,ストロングリターン,フランシール,
2019101313,クロフネ,スマートアストリア,
2019102164,ジョーカプチーノ,ラビングトスカーナ,
2019101534,フリオーソ,サンマディソン,
2019102469,ホッコータルマエ,スープリムシチー,
2019106777,ディスクリートキャット,ヒメスズラン,
2019102937,コパノリッキー,レスタンノール,
2019102514,プリサイスエンド,ファーレサルティ,
2019106340,ホッコータルマエ,シャンパントパーズ,
2019102433,ホッコータルマエ,ユキノセリーヌ,
2019106668,ヘニーヒューズ,アガサ,
2018105368,ロードカナロア,レッドラヴィータ,
2016101648,ザサンデーフサイチ,レイナワルツ,
2018102145,ジョーカプチーノ,ベルモントヤマユリ,
2016100273,ヴァーミリアン,ウメノファイバー,
2016104753,ハービンジャー,グルヴェイグ,
2017105662,オルフェーヴル,ローブティサージュ,
2016110159,Speightstown,Glinda the Good,
2018106541,クロフネ,ミラクルアイドル,
2018103708,ダブルスター,ヴェスタ,
2018103805,モーリス,サイレントソニック,
2018100550,キンシャサノキセキ,テンダーエモーション,
2018103271,パイロ,コスモミザール,
2018104056,クロフネ,エクセレントピーク,
2018100256,エイシンアポロン,クラウンザショパン,
2018102803,スマートファルコン,デスピュートロマン,
2018106592,ディスクリートキャット,インティワタナ,
2018101554,トゥザワールド,ヒシクリッパー,
2018104670,ノヴェリスト,ダノンフローラ,
2018104720,キングカメハメハ,ハブルバブル,
2018102224,モーリス,サトノネネ,
2018102938,ホッコータルマエ,ピュアアイズ,
2018104611,スクリーンヒーロー,サイレントクロップ,
2018101305,オルフェーヴル,メイプルプラウド,
2018103378,エイシンフラッシュ,メイレディ,
2018110022,Violence,Down The Well,
2018101897,ベルシャザール,キークッキー,
2018101071,ヴィクトワールピサ,ハイタッチクイーン,
2018100139,ヴィクトワールピサ,イエスアイキャン,
2018101771,ゴールドシップ,コスモクラッベ,
2018106273,ノヴェリスト,リトルジュン,
2018101249,ラブリーデイ,エリザベートアスク,
2018104478,スクリーンヒーロー,ダンツカナリー,
2018102439,トゥザグローリー,オリエンタルサンシャイン,
2018105269,ドリームジャーニー,マイティースルー,
2018106795,キズナ,アップワードスパイラル,
2018105050,エイシンフラッシュ,シェリール,
2018104911,エイシンフラッシュ,アルフォンシーヌ,
2018105308,ハービンジャー,モンローブロンド,
2018102961,プリサイスエンド,テラノクリスティー,
2018104982,エピファネイア,カイゼリン,
2018104523,ドゥラメンテ,アンズチャン,
2018104460,ジョーカプチーノ,ミスベルツリー,
2018105667,トーセンブライト,トーセンパピヨン,
2018102366,エスポワールシチー,アローフィールド,
2013105646,ステイゴールド,マウントコブラ,
2015104202,ローエングリン,アクロスザライト,
2018106046,ヴィクトワールピサ,プリティウイッチ,
2018102409,エスポワールシチー,アップライジング,
2018103463,シンボリクリスエス,アリオーン,
2018102680,リーチザクラウン,リアルファッション,
2018105173,モーリス,ハッピーテレサ,
2018104759,ヴィクトワールピサ,ブラッキーピサ,
2018105741,タイキシャトル,トーアシシイ,
2018104798,モーリス,マルカパール,
2018103734,ベルシャザール,ハヤブサエミネンス,
2018104562,ラブリーデイ,オメガクリスマス,
2018100901,シンボリクリスエス,メイビータイム,
2018102334,ベーカバド,センティーレ,
2018102361,フェノーメノ,メリオール,
2018103542,スピルバーグ,フレイヤ,
2018106440,エスケンデレヤ,プリニア,
2018104149,サウスヴィグラス,ハッピーヴァリュー,
2018100578,スウェプトオーヴァーボード,プリンセスケイ,
2018106587,パイロ,カブリオレ,
2018105882,ゴールドヘイロー,ワイエムサチ,
2018103999,ハクサンムーン,ニシノアラモード,
2018101513,ワールドエース,シルクファビュラス,
2018100091,リーチザクラウン,ナムラグルーヴ,
2018100781,モーリス,スマートマーチ,
2018101636,ロージズインメイ,コスモメリー,
2015105430,オルフェーヴル,タニノカリス,
2018102014,スピルバーグ,ヤマニングロワール,
2018102612,ヴィクトワールピサ,ギガンティア,
2018106479,リオンディーズ,スマートシャワー,
2018106218,プリサイスエンド,プライムウィッシュ,
2018100170,アポロソニック,ツクバビューティ,
2018102090,マクフィ,ナスノシベリウス,
2018101630,ドゥラメンテ,コスモチェーロ,
2018101655,エイシンヒカリ,ゴーバンズ,
2018101689,ロージズインメイ,コスモスプラッシュ,
2016105999,ハーツクライ,ダノンエレガント,
2015100904,ローレルゲレイロ,ローレルディライト,
2017103175,ジャスタウェイ,キーポケット,
2016106262,スマートファルコン,エアブリエ,
2011101814,ジャングルポケット,シンコウローズ,
2018105442,キングカメハメハ,ミゼリコルデ,
2018103139,ネオユニヴァース,ノースパストラル,
2018102884,ドゥラメンテ,カフェヒミコ,
2018104959,ドゥラメンテ,エジル,
2017106237,ヘニーヒューズ,グレインライン,
2016104625,ハーツクライ,マジックストーム,
2016105493,ジャスタウェイ,タニノカリス,
2018100675,ディスクリートキャット,スモーダリング,
2018103990,ダイワメジャー,フレイミングクリフス,
2018106001,ダノンレジェンド,ワンメイク,
2018102826,リーチザクラウン,アウトオブタイム,
2018106839,ネオユニヴァース,リスティアアスリー,
2018100011,パドトロワ,ユアザイオン,
2018103969,ワールドエース,ウインファンタジア,
2018106736,トーセンラー,ダイナマイトハニー,
2018105351,ヘニーヒューズ,リードストーリー,
2018104565,スクリーンヒーロー,オメガハートロック,
2018100974,トーセンジョーダン,デルマシズカチャン,
2018106478,トゥザグローリー,レディブライアン,
2018105571,オルフェーヴル,リリウム,
2018100501,フリオーソ,エムオービューティ,
2018104665,キングカメハメハ,ダイワズーム,
2018100446,スマートファルコン,モンサンアルビレオ,
2018104509,モーリス,アディシオン,
2018106230,フリオーソ,フランチェスカ,
2018102651,マツリダゴッホ,レジリアンス,
2012103491,ヨハネスブルグ,フレアキャスケード,
2012104329,ゴールドアリュール,バリュアットリスク,
2018104662,オルフェーヴル,ソーマジック,
2018104637,エピファネイア,ジェルミナル,
2018105354,リオンディーズ,ルミナスハッピー,
2018103446,ブラックタイド,ウエスタンダンサー,
2018106596,ゴールドシップ,オルレアンノオトメ,
2018102196,トゥザワールド,ゴールドジャパン,
2018103545,マツリダゴッホ,プラチナテーラー,
2018103215,シビルウォー,インマイラヴ,
2018103730,ハーツクライ,ドリームライター,
2018104932,ルーラーシップ,ウインミーティア,
2018105118,エイシンフラッシュ,ゼマティス,
2018100920,ジャングルポケット,アプロディスモン,
2018100953,シングンオペラ,エフロレス,
2018100337,トーセンラー,セミニョン,
2018105724,ルーラーシップ,レッドメアラス,
2018104081,ヴィクトワールピサ,スパークルジュエル,
2018105097,ドゥラメンテ,スターアイル,
2018106605,ディスクリートキャット,ファンファーレ,
2018100073,マツリダゴッホ,マイネエストレヤ,
2018106602,ジョーカプチーノ,デスティニーラブ,
2018103926,ダイワメジャー,プリンセスオブザスターズ,
2018102110,トゥザワールド,ピュアドリーム,
2018103205,ディスクリートキャット,デイドリーマー,
2018102480,ルーラーシップ,クールユリア,
2015102979,フリオーソ,ラメント,
2014101727,トーセンブライト,ハイランドダンス,
2015103221,キンシャサノキセキ,ヒラボクウィン,
2011104117,メイショウサムソン,ルミナスハッピー,
2017104626,リアルインパクト,メジロヒラリー,
2018100423,ヘニーヒューズ,ピサノキャニオン,
2018100737,ドゥラメンテ,ヤマノラヴ,
2018103519,スクリーンヒーロー,ツインクルスター,
2018100532,ラブリーデイ,シンボリサッチャー,
2018104207,リーチザクラウン,アイナマーリエ,
2018102988,ホッコータルマエ,ルヴァンクレール,
2018106156,ルーラーシップ,パッションレッド,
2018104536,キズナ,ウィンドハック,
2018105390,エイシンフラッシュ,ローズバド,
2018106214,エイシンフラッシュ,チェリーエンジェル,
2018104974,ミッキーアイル,エンシェントヒル,
2018104084,ワールドエース,セブンスハーモニー,
2018105757,ロージズインメイ,ヒカルダイヤモンド,
2018102430,リオンディーズ,ナヴィガトリア,
2018103702,ワールドエース,スケッチーヴュー,
2018103007,オルフェーヴル,エビスオール,
2018106100,オルフェーヴル,ビーウインド,
2018103325,ロジユニヴァース,ベツァオバーン,
2018100637,アンライバルド,サンマルセイコー,
2018102560,カジノドライヴ,チアズイーガー,
2018104590,オルフェーヴル,ギャビーズゴールデンギャル,
2018102866,ダンカーク,カワカミリバティー,
2018102316,サウスヴィグラス,ホリデイオンアイス,
2018104107,スピルバーグ,フェアリーバラード,
2018105829,モーリス,メジロツボネ,
2018100072,マルカシェンク,タヤスロマンス,
2018105947,リアルインパクト,エーシンサーフィン,
2018102534,ラブリーデイ,キタサンメッセージ,
2018105640,キングカメハメハ,スタイルアンドクラス,
2018102671,ダイワメジャー,クールベット,
2018104950,ルーラーシップ,ヴィータアレグリア,
2018106006,ハービンジャー,アルーリングアイズ,
2018110010,Gutaifan,Woodcock Moon,
2018102528,エスケンデレヤ,エーシンシルビア,
2018102019,リオンディーズ,ヤマニンパソドブル,
2018102182,ゴールドシップ,ラヴリードリーム,
2018102177,ラブリーデイ,マイネルーチェ,
2018102555,ヴィクトワールピサ,コスモアオイ,
2018105510,オルフェーヴル,シルクユニバーサル,
2016104027,トランセンド,メディテーション,
2016106063,ケープブランコ,フォレノワール,
2016104630,マンハッタンカフェ,マンドゥラ,
2016110037,デクラレーションオブウォー,Patricias Prospect,
2014105974,ディープインパクト,ジョコンダII,
2016104663,オルフェーヴル,リリサイド,
2018105181,キズナ,パシオンルージュ,
2018105824,ルーラーシップ,メジロオードリー,
2018105253,エピファネイア,ベッラレジーナ,
2018100190,ドゥラメンテ,ミスティックソウル,
2018102184,アグネスデジタル,コスモマクスウェル,
2018100894,リーチザクラウン,カノヤザミラクル,
2018104208,キンシャサノキセキ,アサケゴマ,
2018105383,カレンブラックヒル,ロッシェノワール,
2018106582,ヴァンセンヌ,ミュージー,
2015105440,ステイゴールド,ツーデイズノーチス,
2017105566,ブラックタイド,マルティンスターク,
2018100562,キンシャサノキセキ,モンテミウ,
2018102354,ヘニーヒューズ,ダンシングハート,
2018103481,タイムパラドックス,エレガンテヴィータ,
2018103674,タニノギムレット,レッドターキー,
2018102302,トゥザワールド,イナズマディオーネ,
2018101174,ブラックタイド,ダンシングミッシー,
2018101211,オリオンザサンクス,コンサートレディ,
2018106716,ジョーカプチーノ,ナムラビーム,
2018103963,リアルインパクト,ダンスザクラシックス,
2018103540,キズナ,フサイチジェット,
2018100762,バトルプラン,トラストネモフィラ,
2018106779,ロージズインメイ,ステイインハート,
2018106257,クリエイターII,ニシノワン,
2018103527,ロージズインメイ,ナンヨーユナ,
2018106183,アジアエクスプレス,パリーナチャン,
2018104356,ラブリーデイ,オアシスムーン,
2018103970,パイロ,ヴィヴァルディ,
2018100264,リーチザクラウン,クラウンポインター,
2018103475,ショウナンカンプ,ウインディーヒル,
2018101099,クリエイターII,アズマガール,
2018100268,ラブリーデイ,ダウンタウンブギ,
2018105704,スウェプトオーヴァーボード,アブソルートライン,
2018101737,トゥザワールド,ガンセ,
2018106430,ディープスカイ,メイショウホノボノ,
2018101742,シニスターミニスター,ベターナウ,
2018104943,リオンディーズ,ヴィヴィッドカラー,
2018100839,キングヘイロー,ビックセイラー,
2018103255,エスポワールシチー,レアシルウィア,
2018105207,モーリス,ピュアブリーゼ,
2018105711,ディープインパクト,プラヤデシエルタ,
2018100253,スクリーンヒーロー,ルピナスレイク,
2018101923,オーシャンブルー,ステラシスネ,
2018105880,ダノンシャーク,トシザユカ,
2018100686,ルーラーシップ,ハッシュ,
2018102893,ラブリーデイ,スタンリープール,
2018100039,ドゥラメンテ,シナスタジア,
2018104279,サンカルロ,アイヲシルニッポン,
2018105208,リオンディーズ,ピュクシス,
2018104776,ヴィクトワールピサ,ヘルスウォール,
2017104941,マジェスティックウォリアー,ミオリチャン,
2016105660,ディープインパクト,アドマイヤアモーレ,
2016105108,シンボリクリスエス,ダンスファンタジア,
2014103475,ネオユニヴァース,コンフィデント,
2018105347,モーリス,リラヴァティ,
2018104745,ロードカナロア,ファビュラスセンス,
2018109052,ハービンジャー,モモトンボ,
2018106653,タイセイレジェンド,ヘイローマジック,
2018102044,ディープインパクト,ケープジャスミン,
2015105382,ヘニーヒューズ,ウエスタンダンサー,
2016105963,ストロングリターン,ミューズマジック,
2015102917,ヨハネスブルグ,マルモセーラ,
2015105850,サクラオリオン,サクラジュレップ,
2016110013,ダイワメジャー,ローズロー,
2015104537,ショウナンカンプ,ボーンスター,
2016104633,ディープインパクト,ミスエーニョ,
2017105480,ノヴェリスト,パーフェクトマッチ,
2015105867,ネオユニヴァース,サクラレーヌ,
2018101749,エイシンフラッシュ,ヤマノボンディール,
2018101701,ラブリーデイ,クロスバラード,
2018105625,トーセンファントム,エスティマリリン,
2018106060,キンシャサノキセキ,ニシノミラクル,
2018106021,ダンカーク,シャープナー,
2018103397,アジアエクスプレス,ハギノオマージュ,
2018101139,アジアエクスプレス,キャリコローズ,
2018103821,タートルボウル,シャドークイーン,
2018106609,マクフィ,ミナレット,
2018102692,ヨハネスブルグ,ツァーリーナ,
2018102656,リオンディーズ,ソリーソアンジェロ,
2018101491,ゼンノロブロイ,スノードロップ,
2018104101,ハーツクライ,バディーラ,
2018105994,アドマイヤムーン,トップキララ,
2018106000,ロードアルティマ,レディサファイア,
2018102681,ホッコータルマエ,シプカクラッチュ,
2018102181,ロージズインメイ,ミルルーテウス,
2018103591,ゴールドシップ,スイートレッドキャット,
2018102288,ブラックタイド,ニシノナースコール,
2018100943,テイエムオペラオー,テイエムカルメン,
2018102563,ドゥラメンテ,フレンチサマー,
2018103341,ロードカナロア,マリアフィオーレ,
2018102806,ナカヤマフェスタ,ニシノブルームーン,
2018103001,スウェプトオーヴァーボード,グレンダロッホ,
2018106284,トゥザグローリー,ファンアンドゲイムス,
2018103929,ディープインパクト,マルケサ,
2018105874,トゥザグローリー,オードリーローズ,
2018102603,ロードカナロア,レジデンス,
2018105499,ノヴェリスト,ココロチラリ,
2018103479,マツリダゴッホ,エリモフェザー,
2018102645,リオンディーズ,エーシンスピカ,
2018101637,ロージズインメイ,コスモラパン,
2017106187,トゥザグローリー,メヌエットシチー,
2016101329,グラスワンダー,チアズイーガー,
2015105420,ノヴェリスト,シャルマンレーヌ,
2017100908,ロジユニヴァース,ヌーヴォモンド,
2017102123,ヘニーヒューズ,ロキロキ,
2016103462,リーチザクラウン,プレシャスエルフ,
2018105277,ハーツクライ,マラコスタムブラダ,
2018105404,キズナ,インコグニート,
2018100719,ブラックタイド,セレブデート,
2018105616,キズナ,ピュアブラウン,
2018110090,American Pharoah,Arravale,
2018104915,ルーラーシップ,アンブロワーズ,
2015104337,ロードカナロア,ザレマ,
2016104740,キンシャサノキセキ,カリズマティックゴールド,
2016102950,ローエングリン,サザンベル,
2018101444,ラブリーデイ,ケイアイスパイダー,
2018105149,リオンディーズ,ディアマイベイビー,
2018103791,シニスターミニスター,コンゴウマドンナ,
2018102294,ジョーカプチーノ,バーニングハート,
2018104304,ベーカバド,ノルウェーノモリ,
2018100569,ディスクリートキャット,コリンシアン,
2018105028,キンシャサノキセキ,ケイティーズベスト,
2018105377,スクリーンヒーロー,ロカ,
2018102286,ケープブランコ,ニシノシルエット,
2018102355,ヘニーヒューズ,ハーランズルビー,
2018100796,スマートファルコン,ニシノマドカ,
2018100065,メイショウボーラー,カクテルフォンテン,
2018100370,ダノンシャーク,モーガンルフェイ,
2018106012,エイシンフラッシュ,ノウゼンハレン,
2018101023,フリオーソ,レジャンドドレ,
2018110055,Exceed And Excel,トリート,
2018103453,リオンディーズ,ロマネクイーン,
2018105702,エスポワールシチー,リュウメイ,
2018110142,Verrazano,My Fast One,
2018104585,スウェプトオーヴァーボード,キャスケードブーケ,
2018102322,サウスヴィグラス,ワンモアフリート,
2018101867,ヴァンセンヌ,トップギャル,
2018110035,Dark Angel,Fashionable,
2018101728,リオンディーズ,エバーローズ,
2018106656,マツリダゴッホ,マツリダワルツ,
2018105101,キズナ,ストレイトフロムテキサス,
2018105344,エイシンフラッシュ,リュナティク,
2018100750,ミッキーアイル,キュルミナン,
2018102698,マクフィ,グラシエトウショウ,
2018104647,ノヴェリスト,ステラプラド,
2018106255,パイロ,ニシノマザーアース,
2018103160,ワンダーアキュート,ワンダーテルヌーラ,
2018100755,ルーラーシップ,シンジュボシ,
2018102468,ネオユニヴァース,トピアリー,
2018106738,フリオーソ,マウンテンガール,
2018103082,カレンブラックヒル,ケイティマイヒメ,
2018106097,マジェスティックウォリアー,ナムラエラン,
2018106155,サウスヴィグラス,ダブルアクセル,
2018103705,スズカコーズウェイ,アイシークレット,
2018102120,カレンブラックヒル,コンフォータブル,
2016103338,エンパイアメーカー,ピクシープリンセス,
2016105665,ゴールドアリュール,グランドホイッスル,
2015105003,ステイゴールド,ポーレン,
2015105451,マンハッタンカフェ,フサイチリニモ,
2018103400,バトルプラン,ダンシングママ,
2018102500,サウスヴィグラス,エレナバレー,
2018104308,アーネストリー,ウインブリーザ,
2018103604,エイシンフラッシュ,フジキラメキ,
2018103979,モンテロッソ,マイカ,
2018106874,ルーラーシップ,ミサキジュエル,
2018106062,ナカヤマフェスタ,ニシノリンド,
2018100556,ノヴェリスト,レディパレード,
2018104143,アンライバルド,ガイアトウショウ,
2018101497,シニスターミニスター,ブラックシュガー,
2018106044,ローズキングダム,ピーチフィズ,
2018102639,ハービンジャー,ポッドレイ,
2018103169,アイルハヴアナザー,モーニングムーン,
2018102164,ディープブリランテ,マイネソルシエール,
2018100297,ジョーカプチーノ,ピントゥハティ,
2018103625,リヤンドファミユ,ブラックジョーク,
2018105197,エイシンフラッシュ,ビアンカシェボン,
2018104090,リオンディーズ,チェンジユアセルフ,
2018102792,Nathaniel,パールプリンセス,
2018106713,クリエイターII,ヨシカワクン,
2018100459,ゴールドシップ,ローマンブリッジ,
2018100793,シビルウォー,シギル,
2018100960,クロフネ,ナリタカサブランカ,
2018105367,スピルバーグ,レッドメデューサ,
2018104748,オルフェーヴル,フィジオクラート,
2018101971,ルーラーシップ,ボルボレッタ,
2018105498,ルーラーシップ,ケイト,
2018106811,モーリス,ボカイウヴァ,
2018109132,アロマカフェ,シンコールビー,
2018105492,ルーラーシップ,キャットコイン,
2018109093,ケープブランコ,メイフィールド,
2017104130,キンシャサノキセキ,アンティフリーズ,
2015101626,Street Cry,タクトフリー,
2016104845,ゴールドアリュール,ポロンナルワ,
2015100411,スターリングローズ,アリアローズ,
2017103989,サウスヴィグラス,テツナゴオ,
2016104430,ロードカナロア,エイグレット,
2018103563,マツリダゴッホ,ラドランファーマ,
2018105370,モーリス,レネットグルーヴ,
2015100958,カネヒキリ,ゴッドビラブドミー,
2016105239,ノヴェリスト,マルセリーナ,
2014110081,New Approach,Sant Elena,
2016104650,キングカメハメハ,ラストグルーヴ,
2016100503,シンボリクリスエス,アドマイヤシズカ,
2018102547,スウェプトオーヴァーボード,アイアンクリッパー,
2018106899,ディスクリートキャット,ウォータープレミア,
2018100987,オネストジョン,パラディドル,
2018102691,ハクサンムーン,ダイアンスマイル,
2018106167,ダンカーク,マイネクイーン,
2018106763,アドマイヤムーン,リンガスローレル,
2018102853,リオンディーズ,レインボーデザイア,
2018102446,ヴィクトワールピサ,アイアンブリッジ,
2018104857,スクリーンヒーロー,レッドマニッシュ,
2018105429,ジャスタウェイ,ナターレ,
2018104320,ダイワメジャー,ストライクルート,
2018100892,カレンブラックヒル,エナチャン,
2018103978,ダノンレジェンド,ホーリーシー,
2018106765,エスケンデレヤ,イルバチオ,
2018100224,モーリス,クロイゼリンチャン,
2018106655,ゼンノロブロイ,スマートメビウス,
2018105287,ハーツクライ,ミスセレンディピティ,
2018101914,リオンディーズ,ハニーハント,
2018101978,ハービンジャー,アースザスリー,
2018104607,ディープインパクト,コンテスティッド,
2018100899,エピファネイア,テンシノホホエミ,
2018104845,オルフェーヴル,ルンバロッカ,
2018106626,ダンカーク,スマートウェーブ,
2018100262,エピファネイア,クラウンフォルテ,
2018105761,フェノーメノ,フィールザタレント,
2018103471,トーセンジョーダン,アルテミシア,
2018106338,ドゥラメンテ,コンサーンナッカ,
2018100384,ディープインパクト,オールウェイズウィリング,
2018106799,キズナ,カメリアローズII,
2018106079,エイシンフラッシュ,ヴィーヴァブーケ,
2018100100,ワールドエース,アスール,
2018103307,クリエイターII,アドマイヤインディ,
2017106758,ワールドエース,グラントアウィッシュ,
2016106217,ゼンノロブロイ,シークレットコサージュ,
2018103407,モーリス,バージニアキャット,
2018104895,モーリス,アドマイヤシーマ,
2018105638,ゴールドシップ,シゲラ,
2015105024,オルフェーヴル,ミスティックリップス,
2018100929,ドゥラメンテ,ドルドラムズ,
2018104897,モーリス,アドマイヤテンバ,
2018104153,ダノンシャンティ,フォレノワール,
2018104544,モーリス,エアルーティーン,
2018102529,ロードアルティマ,エアジュリアード,
2018106056,ブラックタイド,シルククインビー,
2018104751,ロードカナロア,フォーエバーマーク,
2018102966,キズナ,サマールナ,
2018100117,ナカヤマフェスタ,ジョウノアドバンス,
2018104632,ネオユニヴァース,シンデレラロマンス,
2018103477,オルフェーヴル,ヴンダーゾンネ,
2018100056,ドゥラメンテ,ナスノフィオナ,
2018110063,カリフォルニアクローム,ライトゼア,
2018103715,ダブルスター,ゴールドチェイス,
2018104171,コメート,クッキーチャン,
2018100168,ダイワメジャー,スプレンダー,
2018100330,アンライバルド,アブマーシュ,
2018106506,ディープインパクト,クライシスオブスピリット,
2018103531,トーセンラー,ハルシュタット,
2018103136,キングカメハメハ,ナイルクイーン,
2018105435,スクリーンヒーロー,フォーエバーモア,
2018105160,ディープインパクト,トゥーピー,
2018100128,ドゥラメンテ,シャインエフォート,
2018105194,リオンディーズ,ヒストリックレディ,
2018101175,ケープブランコ,テーオーヴィーナス,
2018104961,ダイワメジャー,エセンテペ,
2016102790,カジノドライヴ,オートクチュール,
2018103298,ダイワメジャー,キューバンリズムII,
2018105325,ドゥラメンテ,ラッドルチェンド,
2018103809,ディープインパクト,ナスケンアイリス,
2018104968,ハービンジャー,エルダンジュ,
2016100763,ノヴェリスト,ミルルーテウス,
2017103000,ナカヤマフェスタ,アートリョウコ,
2018105316,キングカメハメハ,ライラプス,
2018109113,ジャスタウェイ,ニイガッタメール,
2018103006,ミッキーアイル,バイカターキン,
2018106806,ディープブリランテ,チアズヒカリ,
2018106317,トーセンジョーダン,アドマイヤヒナタ,
2018105218,ジャスタウェイ,フィエラメンテ,
2018109023,スウィフトカレント,クルンプホルツ,
2018104783,スウェプトオーヴァーボード,ホワイトペッパー,
2018100546,アジアエクスプレス,スイートマルセル,
2018104064,サウスヴィグラス,サティーヌアロム,
2018101608,サウスヴィグラス,ヒシディーバ,
2018104386,マツリダゴッホ,プランシングレディ,
2018103474,スピルバーグ,イッツマイン,
2018100576,ネオユニヴァース,ノッツダルジェント,
2018105603,ロードカナロア,アミカブルナンバー,
2018101940,エイシンフラッシュ,ツクバアラモード,
2018100739,ヴィクトワールピサ,リキセレナード,
2018102127,ゴールドシップ,コスモオヌール,
2018106153,ルーラーシップ,ジュリエットソング,
2018106087,ハーツクライ,シェルシーカー,
2018101028,ゴールドシップ,シックファイター,
2018102150,スクリーンヒーロー,マイネイサベル,
2018103504,ディープインパクト,スノースタイル,
2018106751,アドマイヤムーン,アークティックシルク,
2018101638,ゴールドシップ,サクセスストレイン,
2016100564,ヴァーミリアン,グランマモーゼス,
2014102038,ブレイクランアウト,マコトエンエン,
2017101832,キズナ,ルシュクル,
2014103017,ロードアルティマ,タイムヒロイン,
2018103379,メイショウボーラー,イソノキセキ,
2018105481,ワールドエース,ヴェラブランカ,
2018103548,ショウナンカンプ,ヘヴンリービーナス,
2018106184,メイショウサムソン,ムーンライトソング,
2018105691,トーセンファントム,レディートゥーゴー,
2018100018,マツリダゴッホ,チェリーブロッサム,
2018102063,ルーラーシップ,ブルジュオン,
2018104003,サクラオリオン,サクラエボル,
2018100949,テイエムオペラオー,テイエムフラッシュ,
2018103870,トランセンド,トーホウロサード,
2018103752,スズカコーズウェイ,ユアインマイハート,
2018106778,クリエイターII,サッサイア,
2018101372,ブラックタイド,リヴィアローズ,
2018103863,ゼンノロブロイ,グラスブロード,
2018106104,オルフェーヴル,プレザンサプライズ,
2018103560,マツリダゴッホ,モトヒメ,
2018105085,ドゥラメンテ,ジュントップヒトミ,
2018101455,リオンディーズ,モンテドーター,
2016101416,アポロキングダム,カワカミショコラ,
2016103920,ルーラーシップ,タイキポーラ,
2017104759,スピルバーグ,ザルソバ,
2016100689,トーセンホマレボシ,ゲイリーピクシー,
2016106161,ヨハネスブルグ,ナムラチアーズ,
2018103559,ドゥラメンテ,メーヴェ,
2016101589,ヨハネスブルグ,デンコウレジーナ,
2018106914,エイシンヒカリ,レヴリ,
2018100393,ブラックタイド,サイズミックレディ,
2018106018,ストロングリターン,ジーシスター,
2018102713,ミュゼスルタン,ココアスエイト,
2018104371,ノヴェリスト,ジョンコ,
2018101303,ゴールドアリュール,ノアスカーレット,
2018105552,ラブリーデイ,ベストリーダー,
2018100636,ロードカナロア,クァンタムミス,
2018102388,パイロ,ヒシヴェリタス,
2018104820,ジャングルポケット,ユメノキズナ,
2018109086,バゴ,ハルカ,
2018103536,スピルバーグ,ピッツネイル,
2018106421,マクフィ,シードオブハピネス,
2018103420,アジアエクスプレス,ザペキンハート,
2018106588,ドゥラメンテ,クレバークリス,
2018103583,モーリス,クインズプレイヤー,
2018101639,ダノンシャンティ,サマーソング,
2018104676,ノヴェリスト,ダンスインザムード,
2018106871,クロフネ,サンマルリジイ,
2018105559,リーチザクラウン,メイカ,
2018105722,ハービンジャー,ヒカルドウキセイ,
2018100427,ルーラーシップ,ブリッツフィナーレ,
2018104627,オルフェーヴル,シャーラレイ,
2018104616,ヴィクトワールピサ,サラフィナ,
2018101626,ゴールドシップ,コスモエルデスト,
2018103248,カジノドライヴ,リアライズカレボ,
2016103075,ロードカナロア,ストリートスタイル,
2017101963,ネオユニヴァース,マイネランデブー,
2012101393,スペシャルウィーク,ユキノマイ,
2016100425,エイシンフラッシュ,モエレゴールド,
2015101239,カルストンライトオ,クラウンミストラル,
2017102234,ブラックタイド,ムカラファ,
2018101214,モンテロッソ,ドレスアップ,
2018101185,エスケンデレヤ,プラチナレイン,
2018104770,ディープブリランテ,プリンセスカット,
2018100765,トーセンラー,ヌングロース,
2018102081,ルーラーシップ,サトノレジーナ,
2018106774,ワールドエース,グレイスフルワード,
2018102301,ディープブリランテ,リトゥルスター,
2018103137,モーリス,ナンヨークイーン,
2013103687,ダイワメジャー,インコンパス,
2016104517,ルーラーシップ,スカーレットレディ,
2018106556,ドゥラメンテ,メイショウマリア,
2018104749,エイシンフラッシュ,フィヨルドクルーズ,
2018105245,モーリス,プリームス,
2018104801,キングカメハメハ,マンハッタンセレブ,
2018104116,キズナ,ベストオブミー,
2018105998,ロードカナロア,タッチアス,
2018101782,マツリダゴッホ,ドリームレディ,
2018102633,ロードカナロア,エリモエポナ,
2018104142,クリーンエコロジー,ワンファインデイ,
2018105174,ロードカナロア,ハッピーパス,
2018101486,ディスクリートキャット,アンリミテッドピサ,
2018101452,キズナ,ホットマンボ,
2018100530,リーチザクラウン,キャプテンガール,
2014105814,ダノンシャンティ,アンティフォナ,
2018102587,ヘニーヒューズ,ティアーモ,
2018104455,スウェプトオーヴァーボード,レーヌベルキス,
2018104596,エイシンフラッシュ,クラリスピンク,
2018103718,オルフェーヴル,サムロマンス,
2018101022,ディープブリランテ,ムーンスガタ,
2018100608,メイショウサムソン,キセキノデアイ,
2018103029,ホッコータルマエ,レゾリューション,
2018110028,Free Eagle,Ataraxy,
2018105995,プリサイスエンド,ミスチフキッツ,
2018105612,スウェプトオーヴァーボード,ティンバーランド,
2018102812,ディープブリランテ,ムーンライトガーデンズ,
2018105335,エピファネイア,ランズエッジ,
2018102274,トーセンホマレボシ,コンパクトモデル,
2018102636,オルフェーヴル,クライフォージョイ,
2018103609,ハーツクライ,ベストコレクション,
2018105709,ハーツクライ,ドライヴンスノー,
2018100970,トーセンラー,ティルトウイング,
2018104464,エピファネイア,エカポールパンダ,
2018100808,グラスワンダー,エスカレートバイオ,
2018106145,ダノンレジェンド,ピンキーカフェ,
2018110151,Exceed And Excel,Lady's Light,
2018100328,ヴィクトワールピサ,ミュゼリトルガール,
2015103291,ケイムホーム,ビューティコマンダ,
2015100244,ステイゴールド,フリーヴァケイション,
2018104659,ディープインパクト,ゼラスキャット,
2018103377,エピファネイア,ビューティソング,
2018105373,モーリス,レーヴデトワール,
2018104663,ディープインパクト,ターフローズ,
2018102922,ジョーカプチーノ,バタラバ,
2018104420,リヤンドファミユ,アマノブラウニイー,
2018106575,シニスターミニスター,タムロウイング,
2018100228,トーセンラー,ハートオンウェーブ,
2018106718,リアルインパクト,スプリングドリュー,
2018102400,フェノーメノ,パリスセイリュウ,
2018106094,ハービンジャー,タケショウナデシコ,
2018100492,ラブリーデイ,ブルーロータス,
2018106326,スクリーンヒーロー,エスジーブルーム,
2018101872,ホッコータルマエ,ユアライフスタイル,
2018106727,ディープスカイ,オペラフォンテン,
2018103725,サウスヴィグラス,スズカブルーム,
2016105576,ゴールドアリュール,ベストコレクション,
2015106174,ディープスカイ,ブリリン,
2014102844,カルストンライトオ,ブルーロバリー,
2018100026,エピファネイア,セシリア,
2018104695,クロフネ,トリプルミッション,
2018104485,モーリス,モアナブリーズ,
2018101545,エイシンフラッシュ,ワーキングウーマン,
2018101419,メイショウボーラー,クニコチャン,
2018103787,クリエイターII,リーズントウショウ,
2018106213,トビーズコーナー,シュガーハートコン,
2018101274,ミッキーアイル,アレアレア,
2018102564,フリオーソ,マザーフェアリー,
2018106067,ダンカーク,ゴールドウィング,
2018105748,ルーラーシップ,アースビーガ,
2018100785,エスケンデレヤ,メジロクロユリ,
2018103906,ヴァンセンヌ,クインズジュエリー,
2018102137,グラスワンダー,スウィートレイラニ,
2018102821,モーリス,ドリーミートーツ,
2018100650,アドマイヤムーン,ヴァレッタ,
2018103382,マツリダゴッホ,ゴールドルージュ,
2018106821,ベルシャザール,ナリタアルテミス,
2018105636,トーセンラー,コドウ,
2018100409,ドゥラメンテ,タミーン,
2018103411,トゥザワールド,ダイストウショウ,
2016110051,Distorted Humor,Lookalike,
2018104518,ノヴェリスト,アルティメイトラブ,
2018102195,ヘニーヒューズ,ゴールドグローリー,
2018104527,パイロ,アーバンレジェンド,
2018104345,エピファネイア,マイスクエアワン,
2018105561,ダノンレジェンド,メリーウィドウ,
2018100553,パイロ,ペニーブラック,
2016104854,ディープインパクト,マンデラ,
2014106081,ルーラーシップ,ピサノグラフ,
2016101947,アドマイヤムーン,ファンアンドゲイムス,
2014110035,Mizzen Mast,Patineuse,
2018100248,ヘニーヒューズ,バラベルサイユ,
2018106240,グランプリボス,キャニオンリリー,
2018102022,キングカメハメハ,ヤマニンメルベイユ,
2018102655,ショウナンカンプ,アンジェリカス,
2018100879,マクフィ,スペシャルリボン,
2018100186,スクリーンヒーロー,ナショナルホリデー,
2018106515,スクリーンヒーロー,ジェラスガール,
2018109064,ウインバリアシオン,ノースアルテミス,
2018105099,ディープインパクト,ステファニーズキトゥン,
2018100756,ゴールドシップ,スズノネイロ,
2018102830,ハービンジャー,シャドウカラーズ,
2018105426,ディープインパクト,ディヴィナプレシオーサ,
2018104357,ドゥラメンテ,オスカルフランソワ,
2018102839,トーセンラー,ピアグラス,
2018103121,ヘニーヒューズ,カーディナルコーヴ,
2018101294,リーチザクラウン,サブラタ,
2018106809,ディープブリランテ,トリプルアクト,
2016103097,タートルボウル,ビッグマリーン,
2018104266,フェノーメノ,ユキノクイーン,
2015103853,ハーツクライ,アースリヴィング,
2018104599,ヴィクトワールピサ,クーデンビーチ,
2018103610,ゴールドシップ,ホットフレイバー,
2018101721,ヘニーヒューズ,レディーソルジャー,
2018103797,リオンディーズ,アインライツ,
2018103498,アイルハヴアナザー,シャルマンレーヌ,
2018101267,アジアエクスプレス,アナコンダ,
2018104293,マツリダゴッホ,フレンズ,
2018100430,ノヴェリスト,ブレイヴフィート,
2018105810,ゴールドシップ,シアトルサンセット,
2018100928,ブラックタイド,トリルビー,
2018101394,ディープブリランテ,ブライティアターフ,
2018106918,モンテロッソ,タイクローサ,
2018110052,Pivotal,Reunite,
2016100147,スクリーンヒーロー,ハツネドオゴ,
2016104883,オルフェーヴル,リュヌドール,
2018101539,カレンブラックヒル,ヒシシャトル,
2018106820,ストロングリターン,ステラマリーン,
2018103355,スマートファルコン,サニーアンジェリカ,
2018103651,フサイチセブン,クインスウィーティ,
2018103042,フレンチデピュティ,カネトシルメルシェ,
2018100586,バトルプラン,レッドクレオパトラ,
2018101480,アジアエクスプレス,ビーナストリック,
2018101457,アジアエクスプレス,イシノエストック,
2016100862,ドリームジャーニー,ピュアプレジャー,
2017101885,アサクサキングス,ラヴゴッデス,
2013103430,ヴィクトワールピサ,ステファニーチャン,
2018104927,ハーツクライ,ウィキッドリーパーフェクト,
2018105542,ノヴェリスト,ビキニスタイル,
2018104630,オルフェーヴル,シリアスアティテュード,
2018106466,スピルバーグ,アッシュベリー,
2018103852,ホッコータルマエ,ムーンフライト,
2017106475,ダンカーク,リワードルシアン,
2016106324,トーセンラー,マイディアガビー,
2016101208,ハーツクライ,ドリームモーメント,
2015104227,ノヴェリスト,イタリアンレッド,
2016102502,バゴ,ダイワエタニティー,
2018104109,クリーンエコロジー,フォルテシモ,
2018100095,エピファネイア,ビウイッチアス,
2018106878,モンテロッソ,ナイツエンド,
2018105670,トーセンホマレボシ,トーセンフリージア,
2018105655,パドトロワ,トーセンオーキッド,
2018101734,キズナ,フィジークルーズ,
2018106650,カレンブラックヒル,キタサンエデン,
2018100863,ロードアルティマ,ラヴィーネ,
2018110011,Oasis Dream,ローザデルドバイ,
2018100956,シングンオペラ,クーファゲルニカ,
2018103057,ドゥラメンテ,パラフレーズ,
2018104251,バトルプラン,ダイワチャーム,
2016104241,ハービンジャー,メジロルルド,
2016104500,ダイワメジャー,シーイズトウショウ,
2016104423,キンシャサノキセキ,ヴィアンローズ,
2018105500,マクフィ,コードネーム,
2018105078,ドゥラメンテ,シーズインクルーデッド,
2018102451,ロードカナロア,ロージーローズ,
2017105306,トゥザワールド,グリューネワルト,
2015105089,マンハッタンカフェ,レツィーナ,
2016102820,ティンバーカントリー,レディワシントン,
2018105469,オルフェーヴル,アルーリングライフ,
2018105303,ドゥラメンテ,モシーン,
2018102228,ローレルゲレイロ,ティエッチグリーン,
2016103631,サクラプレジデント,ガイヤール,
2014105781,マンハッタンカフェ,アイルドフランス,
2018100415,ハーツクライ,ネイチャーガイド,
2018104689,ロードカナロア,ディオベルタ,
2018105031,オルフェーヴル,コズミックショア,
2018109115,ディープブリランテ,フレッシュドール,
2018103671,スウェプトオーヴァーボード,デライトシーン,
2018101739,ディープインパクト,ケイアイガーベラ,
2018106600,バゴ,タプローム,
2017100034,ディープブリランテ,アポロジャスミン,
2018103931,ダイワメジャー,ミメティコ,
2018100632,フェノーメノ,マンデルーシュ,
2018104118,クリーンエコロジー,ホットファッション,
2018101791,ロードカナロア,ゴールデンファレノ,
2018105475,ドゥラメンテ,ウミラージ,
2013103941,マツリダゴッホ,キョウエイハツラツ,
2018100378,ダイワメジャー,ウィステリアアーチ,
2018100705,ストロングリターン,クレマチスクィーン,
2018105104,ハービンジャー,スパークオンアイス,
2018110120,I Am Invincible,Mumbai Rock,
2018103766,ロードカナロア,パルティール,
2018102407,アジアエクスプレス,ゲイルプリムラ,
2016104245,ヨハネスブルグ,アドマイヤレッド,
2017100850,スクリーンヒーロー,ガイヤール,
2016100180,オルフェーヴル,ウインアンジェラス,
2018105005,ハービンジャー,クッカーニャ,
2015103949,カジノドライヴ,キャントセイワーズ,
2014101530,ヨハネスブルグ,ハナマル,
2016104569,トーセンジョーダン,バプティスタ,
2018106404,ミッキーアイル,クールマジョリック,
2018102920,ジョーカプチーノ,スガコ,
2018101123,ドゥラメンテ,アストレア,
2018103480,ロージズインメイ,エリモフローラ,
2018102122,ゴールドシップ,オレゴンレディ,
2018103502,ローエングリン,ステイトリーデイズ,
2018105372,ハーツクライ,レーヴディマン,
2018110017,Pioneerof the Nile,ジョイフルビクトリー,
2018100425,ジャスタウェイ,フィルハーマジック,
2017101528,クロフネ,ヤサシイキモチ,
2015102942,バゴ,ラクスクライン,
2016104658,ルーラーシップ,リコリス,
2016101465,ロードカナロア,バクシンカーリー,
2018105092,ロードカナロア,スウェアトウショウ,
2018105012,ディープインパクト,クロウキャニオン,
2018104475,ディープインパクト,シスタリーラヴ,
2018105366,ディープインパクト,レッドファンタジア,
2018105060,オルフェーヴル,シュガーショック,
2015104802,ディープインパクト,シャムロッカー,
2018101189,リオンディーズ,マキシムカフェ,
2018105137,ルーラーシップ,ツィンクルヴェール,
2018104244,マクフィ,ナムラオツウ,
2018102029,ハービンジャー,アンドレルノートル,
2018104057,ドゥラメンテ,エルラディユー,
2018104384,ベルシャザール,ディアデム,
2018103188,アポロキングダム,ジュシラ,
2018102619,アドマイヤムーン,インフィニティラヴ,
2018103688,ダンカーク,ラズベリータイム,
2018102566,ディスクリートキャット,レッドルシアン,
2018100826,ショウナンカンプ,ショウナンサリーレ,
2018105503,ヘニーヒューズ,サダムグランジュテ,
2018102946,ジョーカプチーノ,リバーラスベル,
2018105729,タイセイレジェンド,フューチャーセイル,
2018102872,シビルウォー,プリンセスティアラ,
2018101594,アジアエクスプレス,スナークメイファ,
2018101021,アンライバルド,ブライアローズ,
2018106586,ダノンシャンティ,イエスオアノー,
2018100633,リーチザクラウン,レディシャングリラ,
2018105537,スクリーンヒーロー,バウンシーチューン,
2018100858,メイショウボーラー,ピンクトルマリン,
2018105009,ブラックタイド,クルージンミジー,
2018104346,リオンディーズ,マーヴェリックス,
2018105583,スズカコーズウェイ,サワヤカラスカル,
2018105109,ルーラーシップ,スマイルシャワー,
2018103101,アンライバルド,ケンブリッジハーツ,
2018106591,カジノドライヴ,ラブリーアリュール,
2018103998,ダンカーク,ダイヤモンドローズ,
2018102007,ラブリーデイ,ボーテセレスト,
2018103908,ジョーカプチーノ,タマモメロディ,
2018102267,パイロ,ウインルナ,
2018103125,キズナ,ゴールドトパーズ,
2018106500,ワールドエース,アモーレヴォレ,
2018101195,ディスクリートキャット,ラブミーニキータ,
2018106390,マジェスティックウォリアー,メイショウアンデス,
2018104342,カレンブラックヒル,ブリリン,
2018106460,マジェスティックウォリアー,カナリ,
2018100189,ドゥラメンテ,マネーペニー,
2018101184,モーリス,ブラボーデイジー,
2018106493,ダンカーク,ピエナマーメイド,
2018104161,ニホンピロアワーズ,ニホンピロエミリー,
2018102923,アーネストリー,エーシンブランディ,
2018102015,スウェプトオーヴァーボード,ヤマニンシェリル,
2018100696,アドマイヤムーン,ポップアイコン,
2018101658,ベルシャザール,ジョウショーコトミ,
2018100827,ジャングルポケット,ショウナンラノビア,
2018105035,ディープインパクト,コンドコマンド,
2018105338,キングカメハメハ,リッスン,
2018104909,オルフェーヴル,アルテリテ,
2018110058,Camelot,High Fidelity,
2018103295,ジャングルポケット,サフランパートナー,
2018104241,ドゥラメンテ,ポワティエ,
2018101944,ブラックタイド,アポセカリー,
2018104341,エピファネイア,ピサノベッテル,
2018110024,Rio de La Plata,Berched,
2018103682,エピファネイア,ゴッドフロアー,
2018106560,Distorted Humor,ラヴアンドフェイス,
2018106372,ヘニーヒューズ,エリモマドンナ,
2018100886,ヘニーヒューズ,アイアムネオ,
2018106471,ミッキーアイル,タイキグラミー,
2018103304,リアルインパクト,バンビーナココ,
2018102902,マジェスティックウォリアー,シャイニングピアス,
2018110123,Medaglia d'Oro,Flagstaff,
2018100600,タートルボウル,マヤフィオーレ,
2018105365,マジェスティックウォリアー,レッドソンブレロ,
2016104643,ロードカナロア,メテオーリカ,
2014104659,リーチザクラウン,アップルトウショウ,
2015105791,ネオユニヴァース,ルナフェリーナ,
2018101044,サウスヴィグラス,グランス,
2018104406,サウスヴィグラス,アンティフリーズ,
2018104139,ブラックタイド,ロイヤルペルラ,
2018101891,スマートファルコン,マザーズウィッシュ,
2018103035,スマートファルコン,キャニオンドリーム,
2018105520,キンシャサノキセキ,スルーレート,
2018103128,パイロ,ジェネロシティー,
2018103052,マクフィ,ジーニアル,
2018102618,シニスターミニスター,フリージアコート,
2018103578,キンシャサノキセキ,アートオブダンサー,
2018102223,ダノンシャンティ,ゲットミー,
2018101833,ディープブリランテ,ワイレアワヒネ,
2018100579,エイシンフラッシュ,ラーチャプルック,
2018106178,メイショウボーラー,メイショウアイリス,
2018102258,キズナ,ハルワカ,
2018104559,ダイワメジャー,オフジオールドブロック,
2018105315,ダイワメジャー,ライラックスアンドレース,
2018101012,アスカクリチャン,クリノクレオパトラ,
2018104165,ルーラーシップ,ニホンピロディール,
2018100938,ルーラーシップ,ラインアンジュ,
2018106330,ダンカーク,オデッタ,
2018106393,ダイワメジャー,メルヴェイユーズ,
2018101962,ブラックタイド,タガノレヴェントン,
2018106481,ミッキーアイル,カガヤクアイロ,
2018103596,アポロキングダム,タマモマナムスメ,
2018106039,モーリス,アルマーズビコー,
2018101929,ドゥラメンテ,ジプシーマイラブ,
2018104085,War Front,タミーザトルピード,
2018100580,マクフィ,レッドシャンデル,
2018106522,エイシンフラッシュ,ダイヤモンドハイ,
2018105841,ディープブリランテ,キャンディキー,
2018105242,リアルインパクト,プリモレガーロ,
2018104163,サウスヴィグラス,ニホンピロキャット,
2018103312,サウスヴィグラス,カフジティアラ,
2018102116,ブラックタイド,シアージュ,
2018105159,ルーラーシップ,トゥザハピネス,
2018110144,Medaglia d'Oro,Arch Support,
2018106503,ドゥラメンテ,オペラデイム,
2018104686,エピファネイア,テクニカルラン,
2018104089,ダノンシャンティ,ダノンジュエル,
2018103825,キズナ,ニホンピロヴィータ,
2018106468,スウェプトオーヴァーボード,ジュディソング,
2018104348,ジャスタウェイ,ラストアロー,
2018104361,リオンディーズ,シースナイプ,
2018102385,クリエイターII,タガノチャンス,
2018105539,ルーラーシップ,パイレートクイーン,
2018104307,ドゥラメンテ,ピンクガーター,
2018106343,ノヴェリスト,スズカモンスーン,
2018100080,レッドスパーダ,イエスウイウィル,
2018103345,ワンダーアキュート,クラレンスハウス,
2018102241,シニスターミニスター,ヴァルキリー,
2018100394,ルーラーシップ,サトノエカテリーナ,
2018105424,ブラックタイド,チェリーフォレスト,
2018105258,エピファネイア,ペルレンケッテ,
2018105250,ディープインパクト,ヘアキティー,
2018103088,ハーツクライ,スカイノダン,
2018100097,ディープインパクト,レジェトウショウ,
2018104150,ディープインパクト,パープル,
2018104568,スピルバーグ,オレンジティアラ,
2018102705,エピファネイア,トリノレージョ,
2018102227,ミッキーアイル,タケノローマン,
2018100071,リオンディーズ,ショコラディスコ,
2018102490,ダノンシャンティ,ジャックカガヤキ,
2018101121,グランプリボス,ファーマジェンヌ,
2016101428,ダンカーク,ラブミークリーム,
2016101345,ワイルドラッシュ,ナムラナデシコ,
2016101457,ハーツクライ,シャイニングエナジー,
2018105382,エピファネイア,ロゼシャンパーニュ,
2018104730,ハーツクライ,パールシャドウ,
2018102021,ヴィクトワールピサ,ヤマニンプチフール,
2018101642,ダノンシャンティ,ヒカルラブリーアイ,
2018110119,I Am Invincible,Meliora,
2014103994,ゴールドアリュール,テイクザケイク,
2014103035,ゴールドアリュール,バラシング,
2018105508,ハーツクライ,シェアザストーリー,
2018102071,キズナ,ルミエールヴェリテ,
2018104571,ローエングリン,オープンユアアイズ,
2018104828,ロードカナロア,ラブリネスオブパリ,
2018105519,エピファネイア,スペルバインド,
2018101972,クリエイターII,ポレイア,
2018103918,オルフェーヴル,ダーリングバード,
2018101718,ドゥラメンテ,デアリングプライド,
2018106761,モンテロッソ,レディマハロ,
2018101949,アイルハヴアナザー,スペシャルディナー,
2018105827,ダイワメジャー,メジロジェニファー,
2018103779,エピファネイア,ウォーターメアヌイ,
2018105350,ヘニーヒューズ,リーチコンセンサス,
2018103238,リオンディーズ,サウスエンピリカル,
2018105954,エイシンフラッシュ,エーシンパナギア,
2018105103,Frankel,スノーパイン,
2018102371,カジノドライヴ,インクルーシブ,
2018104473,ダノンレジェンド,クエルクス,
2018103270,ハクサンムーン,キャメロンロード,
2018105836,リオンディーズ,ルージュクール,
2018106337,リオンディーズ,コルボノワール,
2018104431,パドトロワ,グリーンサンライズ,
2018101515,ヘニーヒューズ,チャオプラヤ,
2018100008,ロードカナロア,ダイヤモンドムーン,
2018103329,スマートファルコン,ヤマニンファビュル,
2018104658,スクリーンヒーロー,センシュアルドレス,
2018102066,ロードカナロア,ユースティティア,
2018105272,ドゥラメンテ,マザーロシア,
2018104567,ロードカナロア,オルトリンデ,
2018101008,キングカメハメハ,ウィザウトアトレイス,
2018105567,ヴィクトワールピサ,ラプターセイハート,
2018101779,プリサイスエンド,テイエムナデシコ,
2018104510,ダイワメジャー,アナモリ,
2018102855,マクフィ,ゲッコウ,
2018101408,ダイワメジャー,マジックポーションII,
2018104991,カレンブラックヒル,カーニバルダクス,
2018105835,ロードカナロア,メジロルルド,
2018106550,サウスヴィグラス,メイショウコブシ,
2018106232,ロードアルティマ,レッダンゴールド,
2018102281,アジアエクスプレス,ツルマルサンチャン,
2018101561,キズナ,ウインクリアビュー,
2018106380,ダイワメジャー,ジプシー,
2018100421,ジャスタウェイ,パッションローズ,
2018101279,ダイワメジャー,ダンシングエディ,
2018109003,ウインバリアシオン,ジュエルシャネル,
2018105873,ミキノバンジョー,ミキノモナコ,
2018104512,キングカメハメハ,アプリコットフィズ,
2018104969,ルーラーシップ,エルノルテ,
2018106427,マジェスティックウォリアー,ブラックティー,
2018109060,アルデバランII,ミネルバローズ,
2018106563,ロードカナロア,ルリビタキ,
2018102458,アジアエクスプレス,プレラット,
2018104408,オルフェーヴル,カネスラッゾ,
2018104657,エピファネイア,セレブレイションキャット,
2018104797,ルーラーシップ,マルカサワヤカ,
2018103677,キズナ,ヴェルヴェットクイーン,
2018104729,ハーツクライ,パーソナルレジェンド,
2018105814,ディープブリランテ,ナオミノユメ,
2018106359,ルーラーシップ,ヒラボクキャロル,
2018105428,オルフェーヴル,トラウム,
2018101985,リアルインパクト,シャイニングピサ,
2018105113,ディープインパクト,セットスクエア,
2018106571,ホッコータルマエ,シニスタークイーン,
2018104684,ルーラーシップ,テイクユアチョイス,
2018110114,Speightstown,Liberated,
2018106031,ダンカーク,ラブリイステラ,
2018103762,ドゥラメンテ,サトノジェイド,
2017110144,Point of Entry,Little Miss Muffet,
2018101945,リオンディーズ,アルーア,
2018105011,リオンディーズ,クレヨンルージュ,
2018105187,ダイワメジャー,パーシステントリー,
2018104569,ディープインパクト,オンヴェラ,
2018104470,モーリス,アンシェルブルー,
2013105595,ディープインパクト,ピサノアラバスター,
2018106074,ディスクリートキャット,カプリースレディー,
2018100327,プリサイスエンド,プロポーズギフト,
2018105340,トーセンジョーダン,リビングプルーフ,
2018106446,クリエイターII,ノベンバーペガサス,
2018106105,ノヴェリスト,ペプチドヒノトリ,
2018100573,ドゥラメンテ,チャームダイヤ,
2018101958,キズナ,タガノバレリーナ,
2018103912,ハーツクライ,カフェブリリアント,
2018103601,ディスクリートキャット,ナリタジューン,
2018102005,ダイワメジャー,ガンダーラプソディ,
2018102222,オルフェーヴル,キャタラクト,
2018101789,ヴィクトワールピサ,ギャルソンヌ,
2018106461,ダンカーク,パピュラ,
2018101236,ダノンレジェンド,ナチュラルブリッジ,
2018101907,シビルウォー,イシュトリルトン,
2018101980,アドマイヤムーン,エメラルドチャーム,
2018110078,パレスマリス,ウィルビーゼア,
2018102393,ホッコータルマエ,エーピーモモ,
2018105433,ディープインパクト,パーソナルダイアリー,
2018110101,Kingman,Bible Belt,
2018104306,シニスターミニスター,パパパノチョイナ,
2018106840,ネオユニヴァース,エイシンパンジー,
2018103537,アイルハヴアナザー,フィアレス,
2018102178,グラスワンダー,マイネレーツェル,
2018103810,オルフェーヴル,ビタースウィート,
2018100165,ドゥラメンテ,ヴァドヴィーツェ,
2018100700,ディスクリートキャット,レッドフェザー,
2018100618,エイシンフラッシュ,トーホウアマポーラ,
2018101296,ドゥラメンテ,スズノメヒョー,
2018101928,エスポワールシチー,ワンモアアリュール,
2018101128,ヘニーヒューズ,ショウサンミーベル,
2018105851,メイショウボーラー,メイショウフェスタ,
2018101103,クレスコグランド,バクシンクリチャン,
2018103949,ダノンレジェンド,ヴェリタスマリコ,
2018102328,キズナ,メルセンヌナンバー,
2018101476,キズナ,オーサムチャーム,
2018104869,ハーツクライ,ロイヤルマリー,
2018103368,ラブリーデイ,デンコウデア,
2018105311,オルフェーヴル,ユーロシャーリーン,
2018104367,ロードカナロア,トレノトマト,
2018102428,シニスターミニスター,アクティブアクト,
2018102087,クリエイターII,ケイアイリブラ,
2018104119,キズナ,ホームスイートホーム,
2018101162,マツリダゴッホ,キタサンプリンセス,
2018105121,ルーラーシップ,ソムニア,
2018104257,オルフェーヴル,フレンチカクタス,
2018106201,ホッコータルマエ,メイショウナゴン,
2018103102,ハービンジャー,ラフレッシュブルー,
2018104358,ルーラーシップ,カリブストーリー,
2018100120,ゼンノロブロイ,ティエッチグレース,
2018101973,パイロ,ミトス,
2018109081,スウィフトカレント,ユウキャラット,
2018101805,ホッコータルマエ,ジーエスレインボー,
2018104779,ヴィクトワールピサ,ベガスナイト,
2018101075,グランプリボス,モズアリュール,
2018105787,ヴィクトワールピサ,ルージュロワイヤル,
2018103406,トーホウジャッカル,トーホウプリンセス,
2018106701,ブラックタイド,ベリーフィールズ,
2018105169,ロードカナロア,ナンヨーカノン,
2018101808,ディープインパクト,ドナパフューム,
2018105185,ディープインパクト,パレスルーマー,
2018104891,ノヴェリスト,アドマイヤエレノア,
2018103524,マツリダゴッホ,トーセンフォーユー,
2018100834,ラブリーデイ,ブライダルソング,
2018102478,ワールドエース,ユメイッポ,
2018105820,ドゥラメンテ,ブルーダイアモンド,
2018100481,ラブリーデイ,ナリタシリカ,
2018106890,ジャングルポケット,チャーミングマオ,
2018104664,エイシンフラッシュ,ダイワスカーレット,
2018102077,ヴィクトワールピサ,ポポチャン,
2018100480,オルフェーヴル,チリエージェ,
2018100141,ダノンシャーク,ウィンディガーデン,
2018106358,ダノンレジェンド,ヒラボクウィン,
2018102688,キズナ,カネスベネフィット,
2018104595,エイシンフラッシュ,クラウンプリンセス,
2018101632,ロージズインメイ,コスモフォーチュン,
2016105620,ジャスタウェイ,マリアージュシチー,
2017105044,ノヴェリスト,マイスフォルテ,
2016105762,ジャスタウェイ,エステフ,
2017102195,ヨハネスブルグ,レッドアンコール,
2017104106,キズナ,プリンセスペスカ,
2015104950,オルフェーヴル,ファシネイション,
2017101791,ゴールドアリュール,ヴェントス,
2018100623,エイシンフラッシュ,アフレイタス,
2018103574,キズナ,アイスメアー,
2018104330,リオンディーズ,チアフルアイズ,
2018102357,アジアエクスプレス,ファーストチェア,
2018103153,ホッコータルマエ,ラビングハート,
2018101438,ホッコータルマエ,レッドフィオーレ,
2018105965,ディープインパクト,キャントンガール,
2018106562,ブラックタイド,ルックアミリオン,
2018106525,マジェスティックウォリアー,テーオーフェアリー,
2018103197,ワールドエース,スズカルビー,
2018101188,ハービンジャー,ホイップクリーム,
2018106715,メイショウサムソン,ナムラカメーリア,
2018110122,Upstart,Out of Goodbyes,
2018102375,スクリーンヒーロー,ビスカヤ,
2018100250,ストロングリターン,マイスイートベス,
2018102064,ロードカナロア,ブルーモーメント,
2018105176,ロードカナロア,ハピネスダンサー,
2018104152,キズナ,ピサノレインボー,
2018103789,ヴィクトワールピサ,エアジャメヴー,
2018104421,ベルシャザール,キューティガビー,
2018106618,ホッコータルマエ,プチットマドレーヌ,
2018106616,ディープスカイ,クリアーパッション,
2018101762,ストロングリターン,リュウキンカ,
2018101534,シニスターミニスター,ヴァレッタスカイ,
2018106344,ディスクリートキャット,スズカローゼ,
2018106371,ホッコータルマエ,アグネスフェアリー,
2018104757,Dark Angel,ブギーダモーレ,
2018105225,オルフェーヴル,フォンタネリーチェ,
2018103277,シルポート,ヒシアメジスト,
2018106638,ジャングルポケット,ポーズ,
2018106423,ダノンレジェンド,ストーリーテリング,
2018105731,フェノーメノ,ロジカルクィーン,
2018100968,ディスクリートキャット,マリブビーチ,
2018100437,マクフィ,マシュケナーダ,
2018103195,メイショウサムソン,エスケイミネルバ,
2018102567,ロードカナロア,アンビータブル,
2018102585,リオンディーズ,スターコレクション,
2018106171,ロードカナロア,ゴールドコイン,
2018104477,ドゥラメンテ,スターズインハーアイズ,
2018103242,キズナ,アグネスカルミア,
2018105974,モーリス,トピカII,
2018105239,ディープインパクト,プラウドスペル,
2018102539,ダイワメジャー,ラリーズン,
2018105416,エピファネイア,サンレガーロ,
2018105509,ロードカナロア,ショウナンパンドラ,
2018100961,キズナ,フリーバード,
2018105002,キンシャサノキセキ,クイックリトルミス,
2018103380,オルフェーヴル,イソノスワロー,
2017105416,Pioneerof the Nile,ダストアンドダイヤモンズ,
2016102227,カジノドライヴ,ティボリペガサス,
2016105285,ディープインパクト,リリーオブザヴァレー,
2018102054,トランセンド,デビュタント,
2018105112,ロードカナロア,セイングレンド,
2018102168,マツリダゴッホ,マイネデセール,
2018105061,マクフィ,シュプリームギフト,
2018110129,Overanalyze,Spoken,
2018102640,ノヴェリスト,ポッドローザ,
2018105595,マクフィ,ファインセイコー,
2018101371,ロードカナロア,ヤマトマリオン,
2018104545,ロードカナロア,エイブルインレース,
2018104125,キングカメハメハ,ミリオンセラーII,
2018103717,スズカコーズウェイ,サトノハニー,
2018103111,スクリーンヒーロー,ヴィクトリアズワイルドキャット,
2018103408,ミッキーアイル,ミッキーポーチ,
2018106531,サウンドボルケーノ,ハートアンドハート,
2018101840,メイショウボーラー,シルクロザリオ,
2018100907,ベルシャザール,イナズマチーター,
2018106502,アイルハヴアナザー,ウォータームージカ,
2018103473,カレンブラックヒル,アンローランサン,
2018110110,Fed Biz,Polish Silk,
2018105022,モーリス,グルーヴィクイーン,
2018102533,ダノンシャンティ,カワキタラブポップ,
2018106225,ラブリーデイ,フミノオリヒメ,
2018100318,リオンディーズ,バヤル,
2018103892,サウスヴィグラス,バーリンスワン,
2018106620,メイショウボーラー,メイショウヒメユリ,
2018101078,ノヴェリスト,アラタマデジタル,
2018104706,ハービンジャー,ヌーベルバーグ,
2018106520,ディープブリランテ,タフネスデジタル,
2018106368,ダンカーク,ルミナーラ,
2018106496,マジェスティックウォリアー,メイショウレンマ,
2018105935,フリオーソ,エーシンアマゾーン,
2018106093,ディープインパクト,スマートパルス,
2018101320,ブラックタイド,ティアレ,
2018100408,ベルシャザール,スワニー,
2018100489,ルーラーシップ,フィールフリーリー,
2018102569,ディープインパクト,ウッドランドドリーム,
2018105286,ディープインパクト,ミスアンコール,
2018103499,ゴールドシップ,シュヴァリエ,
2018105523,オルフェーヴル,ソベラニア,
2018103693,スクリーンヒーロー,ディキシーランドジェム,
2018100730,ジャスタウェイ,ブレイジング,
2018106804,キズナ,セルフプリザヴェーション,
2018104027,ブラックタイド,ブリリアントスター,
2018103381,ハービンジャー,キーポケット,
2018105408,ドリームジャーニー,オネストリーダーリン,
2018101755,キズナ,ゲイリーピクシー,
2018100037,オルフェーヴル,キルシュワッサー,
2018104862,ダノンシャンティ,レディイン,
2018105362,ノヴェリスト,レッドオリヴィア,
2018101404,ジャスタウェイ,アリスマイン,
2018110133,Kitten's Joy,Cat On a Tin Roof,
2018104944,オルフェーヴル,ヴィヤダーナ,
2018104774,ドゥラメンテ,プロヴィナージュ,
2018105291,ディープインパクト,ミュージカルウェイ,
2018104071,キズナ,サンキュースマイル,
2018106110,ジャスタウェイ,ラーナック,
2018104772,ディープインパクト,プレミアステップス,
2018103369,キズナ,ハギノアーク,
2018102588,ロードカナロア,デルフィーノ,
2018105227,ブラックタイド,フラニーフロイド,
2018106027,ルーラーシップ,ブラウンテヌート,
2018101262,ケープブランコ,ニホンピロコナユキ,
2018101984,パイロ,ケイアイアテナ,
2018104829,ストロングリターン,ラブリリック,
2018105144,ハーツクライ,テンプルステイ,
2018105130,ヘニーヒューズ,ダブルゴールド,
2018100997,キズナ,マンボカーニバル,
2018106459,シニスターミニスター,ラブミーダン,
2018103095,モーリス,レティセントガール,
2018105251,キングカメハメハ,ベットーレ,
2018105131,キズナ,ダークサファイア,
2018106154,モーリス,スマッシュハート,
2018104097,ロードカナロア,ノブクィーン,
2018104463,キズナ,ウィローパドック,
2015102093,パイロ,ダイメイザバリヤル,
2016104064,キンシャサノキセキ,コマノリリー,
2017103165,メイショウボーラー,デンコウデア,
2018105853,ナムラタイタン,メジロミシェル,
2018101939,ヘニーハウンド,チュロ,
2018100557,ワールドエース,スパイシークラウン,
2018103311,ダイワメジャー,カノン,
2018102626,エピファネイア,クロストウショウ,
2018104126,ミッキーアイル,ミルフィアタッチ,
2018104780,エピファネイア,ベルルミエール,
2018106197,ゴールドシップ,グレインライン,
2018105580,スウェプトオーヴァーボード,ミラクルメジャー,
2018103830,ドゥラメンテ,バクシンヒロイン,
2018106207,リーチザクラウン,アッチッチ,
2018101295,サウスヴィグラス,サンデーローザ,
2018100923,Uncle Mo,イースターアイランド,
2018102030,エイシンフラッシュ,アンファミーユ,
2018102979,ホッコータルマエ,アバンダンティア,
2018106454,オルフェーヴル,ハービンジャーラス,
2018100718,ヴィクトワールピサ,ステラムーン,
2018103927,ダイワメジャー,ベアフットレディ,
2018104842,ディープインパクト,リリーオブザヴァレー,
2018104600,キズナ,グッドチョイス,
2018101826,リアルインパクト,オブザーヴァント,
2018100046,リオンディーズ,マルターズクリス,
2018105942,モーリス,エーシンクールディ,
2018106158,モーリス,モーニングフェイス,
2018103059,モーリス,プリオバーン,
2018105890,エイシンフラッシュ,ナイスヴァレー,
2018100414,ロードカナロア,ドラゴンハピネス,
2018105198,スクリーンヒーロー,ビキニブロンド,
2018101930,モーリス,トウカイセレブ,
2018103724,サウスヴィグラス,スズカシャンティー,
2018101006,リアルインパクト,トウカイファイン,
2018101322,ロードカナロア,ヴェルデライト,
2018106583,キズナ,リュヌドサーブル,
2018101668,サウスヴィグラス,キャッツ,
2018106429,ディスクリートキャット,マリカ,
2013105588,ゼンノロブロイ,パールシャドウ,
2016100276,キンシャサノキセキ,ピーチドラフト,
2012101685,キンシャサノキセキ,ダイシンシルビア,
2015104983,ステイゴールド,プンタステラ,
2018105069,ミッキーアイル,シロインジャー,
2018104977,ミッキーアイル,オリエンタルポピー,
2018102047,キズナ,ザナ,
2018109002,ウインバリアシオン,サルサファンタジア,
2018105938,エピファネイア,エーシンエポナ,
2014105275,マンハッタンカフェ,タイムトラベリング,
2018105847,メイショウボーラー,メイショウイザヨイ,
2018105053,ハービンジャー,シナジーウィスパー,
2018102229,ルーラーシップ,ナンシー,
2018100185,キンシャサノキセキ,クルザダアメリカーナ,
2018100458,ダノンシャーク,ロンドンブリッジ,
2018103316,ベルシャザール,ジューンヴィエナ,
2018105859,ハービンジャー,メイショウスコール,
2018106456,エピファネイア,マイヴィヴィアン,
2018100627,リオンディーズ,クラウンドジャック,
2018104638,ジャスタウェイ,ジプシーハイウェイ,
2018106219,キズナ,ライブリハート,
2018104151,ブラックタイド,ピサノルビー,
2018101616,スクリーンヒーロー,ウインアキレア,
2018103280,カレンブラックヒル,ヒシタイトル,
2018105833,ルーラーシップ,メジロマリアン,
2018103676,グランプリボス,ウェルシュステラ,
2018106518,ロードカナロア,スマートオーシャン,
2018106570,マジェスティックウォリアー,キセキノハナ,
2018100122,ラブリーデイ,ボーシュヴァル,
2018106180,リアルインパクト,シャルロッカ,
2018106753,フリオーソ,ダイシンベール,
2018103728,ルーラーシップ,デラモーレ,
2018102445,ケープブランコ,マサノジュエリー,
2018102094,フェノーメノ,フェートデュヴァン,
2018101181,Quality Road,ヒムノティック,
2018105406,スクリーンヒーロー,ヴィクトリーマーチ,
2018100160,フェノーメノ,ルナルナ,
2018100468,マジェスティックウォリアー,リュクスメジャー,
2018105358,ルーラーシップ,レイナソフィア,
2018105463,ディープインパクト,ワッツダチャンセズ,
2018101323,ハービンジャー,クイーンズシアター,
2018106042,ヴィクトワールピサ,ハリウッドローズ,
2018100897,ヘニーヒューズ,ツルマルオジョウ,
2018106010,ルーラーシップ,マルモセーラ,
2018100716,ハーツクライ,キングスミール,
2018102279,エイシンフラッシュ,ダンシングロイヤル,
2018102986,ラブリーデイ,マダムウルル,
2018101672,パイロ,ソルスティス,
2018101796,ネオユニヴァース,ドリームピーチ,
2015106353,フリオーソ,キシュウウインド,
2017103367,キズナ,ニシノフェミニン,
2016106012,マンハッタンカフェ,フェミニンガール,
2016103105,エンパイアメーカー,ブライダルブーケ,
2016101593,クレスコグランド,メイショウフロリナ,
2018104800,スクリーンヒーロー,マルバイユ,
2018104146,アドマイヤムーン,ゴールドヴァレー,
2018105021,ディープブリランテ,グルーヴァー,
2018105490,ハーツクライ,カニョット,
2015104947,ディープブリランテ,ピンクアリエス,
2014103798,プリサイスエンド,カクテルローズ,
2015102395,ヴィクトワールピサ,アマートベン,
2016104123,ジャスタウェイ,ルミノハレブタイ,
2016105770,ダイワメジャー,ファビラスタイム,
2016102299,ボストンハーバー,シゲルキートス,
2018106491,ハービンジャー,カネトシガーネット,
2018102221,ディープブリランテ,オリエンタルアデル,
2018100410,ルーラーシップ,ターキー,
2018103923,バゴ,ドリームバラード,
2018103262,エピファネイア,レアプラチナ,
2018105491,ロードカナロア,カラフルデイズ,
2018103765,ルーラーシップ,ティンクルハート,
2018104721,ローエングリン,ハロックライン,
2018109106,ディープブリランテ,ボーナスチャンス,
2018105307,ダイワメジャー,モンヴェール,
2018102018,モンテロッソ,ヤマニンナジャーハ,
2018103432,ハービンジャー,リメインフォレスト,
2018104642,キングカメハメハ,ジュエルオブナイル,
2018104589,ノヴェリスト,ギミーシェルター,
2018104768,ロードカナロア,ブーケフレグランス,
2018100936,シニスターミニスター,ボムガール,
2018106002,ダノンレジェンド,フェルガーナ,
2018103582,キンシャサノキセキ,カルナヴァレ,
2018106305,ラブリーデイ,ティノ,
2018100852,ナカヤマフェスタ,クリノテレジア,
2018102114,キズナ,クリニエルドゥオル,
2018103157,マツリダゴッホ,ルスナイサンバ,
2018100591,トーセンホマレボシ,カレンタントミール,
2018103410,リオンディーズ,ワインレッド,
2018100473,ルーラーシップ,ヴェルーテ,
2018104328,マクフィ,ダンスオブサロメ,
2018101572,プリサイスエンド,アサカラヴァーズ,
2012104504,ゴールドアリュール,アガルタ,
2015101155,ローズキングダム,アグリフェスタ,
2018101722,アジアエクスプレス,ロサモスカータ,
2018100063,ルーラーシップ,ロイヤルライン,
2018101370,パイロ,マーキークラブ,
2018106051,ワールドエース,ジュリエッタ,
2018106501,ディスクリートキャット,ウォータープリプリ,
2018104988,ダイワメジャー,カルディーン,
2018102781,マクフィ,ワンダーエレメント,
2018101932,エイシンフラッシュ,フサイチエアデール,
2018106220,ホッコータルマエ,キンショーオトヒメ,
2018105991,メイショウサムソン,ニンナナンナ,
2018104899,リオンディーズ,アドマイヤフッキー,
2018103062,ロードカナロア,リアルヴィーナス,
2018105929,エイシンヒカリ,エイシンラトゥナ,
2018105790,ベルシャザール,ケンコウランハート,
2018101657,ダノンシャンティ,ジョウショークイン,
2018101131,ベルシャザール,プリンセスメイク,
2018103994,クリエイターII,レイクメリット,
2018105736,ジャングルポケット,リリーオブザナイル,
2018104769,キングカメハメハ,プラスヴァンドーム,
2018102243,マツリダゴッホ,オーミポルカ,
2018105064,ミッキーアイル,ショウリュウムーン,
2018106200,ハービンジャー,メイショウデイム,
2018102580,モーリス,サッカーマム,
2018100438,ダノンレジェンド,マジカルシェイプ,
2016104003,エンパイアメーカー,ハニーメロンチャン,
2018100476,ハーツクライ,サラトガ,
2018100927,クロフネ,テンダリーヴォイス,
2018106455,メイショウサムソン,ブルーボックスボウ,
2018105087,ディープインパクト,ジョリージョコンド,
2017105097,ロードカナロア,グランデアモーレ,
2015103210,スズカフェニックス,スズカフォイル,
2018104541,ディープインパクト,ヴェルダ,
2018105076,モーリス,シーザリオ,
2018105033,ドゥラメンテ,コンヴィクションII,
2016104442,ノヴェリスト,エンジェルフォール,
2018105405,ロードカナロア,ヴァゼム,
2018104549,Malibu Moon,エマソング,
2018104551,ロードカナロア,エミーズパラダイス,
2018101643,ダノンシャンティ,フリーヴァケイション,
2018104784,ジャスタウェイ,ホワイトローズII,
2018100077,ディープブリランテ,レッツグルーヴ,
2018102165,ゴールドシップ,マイネソーサリス,
2018104855,ハービンジャー,レッドカチューシャ,
2018101947,ケイムホーム,エレガントステージ,
2018103952,クリエイターII,ジュエリークイーン,
2018101586,カレンブラックヒル,キネオスイトピー,
2018103525,ロージズインメイ,トーワフォーエバー,
2018105444,ドゥラメンテ,ミッドタウンレディ,
2018104407,マクフィ,インカンデセンス,
2018105363,キングカメハメハ,レッドクラウディア,
2018101240,ヴィットリオドーロ,ユニヴァースパール,
2018100442,モーリス,マートンパーク,
2018100727,モーリス,ピュアエクセル,
2018104425,ディスクリートキャット,タマモルミエール,
2018104032,トゥザワールド,ウェーブピアサー,
2018104283,パドトロワ,インシステント,
2018100177,アドマイヤムーン,ラブハート,
2018101272,マツリダゴッホ,ノードラメール,
2018103518,スマートファルコン,チェアユーアップ,
2018105295,キングカメハメハ,ムードインディゴ,
2018106172,ルーラーシップ,セキサンキセキ,
2018101816,ジャングルポケット,モエレサンタマリア,
2018102597,ロードカナロア,ブリュネット,
2018101168,ブラックタイド,シュガーハート,
2018109176,ブラックタイド,ウイントゥルーラヴ,
2018103093,クロフネ,ベルミュール,
2018102642,ハーツクライ,レックスレイノス,
2018100210,カジノドライヴ,リーガルアミューズ,
2018101179,ブラックタイド,テーオーレイチェル,
2018106362,モーリス,ブレイクダンサー,
2018104225,キングヘイロー,ヒーリング,
2018102353,ドゥラメンテ,ゼフィランサス,
2018102954,ラブリーデイ,レッドジュピター,
2018105224,リオンディーズ,フォンタネットポー,
2018101495,キングズベスト,ヒメキヨヒダカ,
2018103985,ノヴェリスト,グーテデロワ,
2018100985,ディープブリランテ,ペプチドヴィーナス,
2018101204,エスポワールシチー,ジュエリーストーム,
2018104188,エスポワールシチー,タイヨウガデテキタ,
2018103902,クリーンエコロジー,ブライアンオークス,
2018103636,トランセンド,トウケイスペシャル,
2018103356,ダノンシャンティ,サニークラッシック,
2016110117,Sea The Moon,Ealaan,
2017105323,ロードカナロア,サトノユリア,
2017105958,キズナ,ニシノミラクル,
2015110072,Blame,Queen Beautyrest,
2015102630,ベーカバド,スマイルユー,
2015103393,ネオユニヴァース,ソフィアルージュ,
2018104542,アジアエクスプレス,エアティアーモ,
2018105205,ルーラーシップ,ピサノグラフ,
2018101957,ブラックタイド,タガノバラード,
2018104326,ロードカナロア,ダイワジェラート,
2018103605,サウスヴィグラス,フレンチ,
2018105037,ルーラーシップ,サトノフローラ,
2018101579,ドゥラメンテ,ヘイローフジ,
2018104805,スクリーンヒーロー,ミスラゴ,
2018104666,ロードカナロア,ダイワベスパー,
2018103113,メイショウボーラー,エンパイアソウル,
2018103184,シニスターミニスター,キクノフェアリー,
2018101975,リオンディーズ,ラヴソレイユ,
2018101002,ジャングルポケット,マリーブーケトス,
2018100571,オルフェーヴル,ソナチネ,
2018100474,ベルシャザール,オースミリンド,
2018101178,ダイワメジャー,テーオールネサンス,
2018103409,ハーツクライ,ロリーフォードリー,
2018104222,フレンチデピュティ,ソリッドプラチナム,
2018100967,リオンディーズ,ロトクルーザー,
2018100464,ベルシャザール,シーズガレット,
2018103600,シニスターミニスター,ドレスデングリーン,
2018100059,アイルハヴアナザー,ブルーモントレー,
2018101113,スマートファルコン,ライアンシャーク,
2018104868,ミッキーアイル,ロイヤルファンタジー,
2018102133,スクリーンヒーロー,コスモルビー,
2018103266,トゥザグローリー,ミコノス,
2018102200,エピファネイア,カヒリ,
2018100043,リオンディーズ,ビエンナーレ,
2018105096,リアルインパクト,スタイルリスティック,
2018102238,ディスクリートキャット,レディオブフレイム,
2018105860,メイショウサムソン,メイショウユウダチ,
2018100862,バゴ,ユウキフジサン,
2018102263,エピファネイア,ウインシンシア,
2018102010,ロードカナロア,ヤマニンアルシオン,
2018105273,モーリス,マジックタイム,
2018101621,エピファネイア,ウインリバティ,
2018100400,ドゥラメンテ,シークレットアセット,
2018110044,Gleneagles,Neuquen,
2018103977,アドマイヤムーン,ブローオブサンダー,
2018105982,ディープインパクト,ホームフロムオズ,
2018106112,エピファネイア,ルージュバローズ,
2018106379,キズナ,シラバリー,
2018104618,エピファネイア,サンシャイン,
2018104719,スピルバーグ,ハッピーリクエスト,
2018104741,ディープインパクト,ピンクカメオ,
2018105133,ハービンジャー,チアズメッセージ,
2018105386,ブラックタイド,ローエキスキーズ,
2018106739,トーホウジャッカル,リトルラブソング,
2018102126,ジャスタウェイ,コスモエンドレス,
2018103500,ヴィクトワールピサ,ジェルヴェーズ,
2018103847,リオンディーズ,シーキングフェイム,
2018105701,ヨハネスブルグ,リボルトレイダー,
2018103024,ドゥラメンテ,スピニングレディ,
2018109080,キズナ,ローレルアンジュ,
2018106211,メイショウボーラー,エーシンピュリティ,
2018103005,マジェスティックウォリアー,ハミングライフ,
2018104156,ホッコータルマエ,アマランス,
2018102117,マクフィ,フィーユ,
2018106157,シニスターミニスター,フラワーロック,
2018110095,Medaglia d'Oro,Taste Of Heaven,
2018110131,Tapit,La Cloche,
2018106512,シニスターミニスター,シンメイスバル,
2016103056,ジャスタウェイ,ゴーカロライナ,
2016101234,クロフネ,レイオブライト,
2017100922,アンライバルド,ファーマベリー,
2018100390,エピファネイア,ケトルワンアップ,
2016105713,ゴールドアリュール,ホワイトクルーザー,
2016105030,Majesticperfection,サンダーカップ,
2018104262,American Pharoah,ホワットアスポット,
2018101086,ゴールドシップ,フライバイペガサス,
2018106102,ジャスタウェイ,ブリリアントライフ,
2018105437,ゴールドシップ,ベユーズラッシー,
2018102059,ハーツクライ,バイコースタル,
2018104073,ジャスタウェイ,シャンパントパーズ,
2018101074,スクリーンヒーロー,マルヨモザー,
2018103081,キングカメハメハ,ヴェイパー,
2018103937,スピルバーグ,オートクリス,
2018105602,キズナ,アスクレピアス,
2018101708,ディープブリランテ,ローリエ,
2018103992,シニスターミニスター,ミキティスター,
2018104363,ダイワメジャー,ストームツイスター,
2018105798,キンシャサノキセキ,マルクプレンヌ,
2018106055,ルーラーシップ,アースプレイ,
2018104183,リオンディーズ,サクラジュノー,
2018102600,ダイワメジャー,リラコサージュ,
2018102028,ハーツクライ,アンシャンタン,
2018103887,キンシャサノキセキ,デアリングワールド,
2018100536,リオンディーズ,スイートカルタゴ,
2018102487,ジョーカプチーノ,ジュピターズビコー,
2018102583,ロードカナロア,シンメイフジ,
2018103056,ルーラーシップ,ハイリマイリ,
2018103588,シニスターミニスター,サンドヴィーナス,
2018102956,マクフィ,ワンダーノンブーレ,
2018101746,ジャスタウェイ,ビバエルフ,
2018102605,ロードカナロア,レディバラード,
2018110096,No Nay Never,Intizara,
2018101580,ホッコータルマエ,ミラクルステイ,
2018102455,トーホウジャッカル,ネバーエンディング,
2018110125,デクラレーションオブウォー,Fraulein,
2018106704,ダンカーク,シングフォアジョイ,
2018103023,ハービンジャー,ジョリーアップ,
2018101598,ディープブリランテ,マイファーストラヴ,
2018110067,Liam's Map,Toast of Mayfair,
2018101597,フェノーメノ,プラントパラダイス,
2018104147,ルーラーシップ,シャイナムスメ,
2018104972,ハーツクライ,エレクトラム,
2018102767,トーセンジョーダン,キリエ,
2018102552,ミッキーアイル,エアパスカル,
2018106533,ダンカーク,パーソナルブレーン,
2018106013,ハービンジャー,メメクザリアーナ,
2018106808,ディープブリランテ,デザートオブライフ,
2018106723,ロードカナロア,ラグタイム,
2018100445,モーリス,メモリーパフィア,
2018106058,リーチザクラウン,ニシノプレシャス,
2018103086,マクフィ,ショウナンタレント,
2018105392,ハーツクライ,ローブティサージュ,
2018105155,エピファネイア,ディープラヴ,
2018102601,マジェスティックウォリアー,ルアンジュ,
2016102146,キンシャサノキセキ,ベストオブチャンス,
2017105823,ダンカーク,トシザユカ,
2017105569,ハーツクライ,マンビア,
2016100455,ロードカナロア,ミッドナイトダンス,
2016110089,Ghostzapper,Ruthian,
2018105331,ルーラーシップ,ラフィカ,
2018104369,キズナ,プリンセスペスカ,
2018100651,エピファネイア,エヴァモア,
2018100565,ハービンジャー,アスターヒューモア,
2018105770,ラブリーデイ,ファミッリア,
2018101161,クリエイターII,オーパスクイーン,
2018101126,ドゥラメンテ,クラシックローズ,
2018106492,マジェスティックウォリアー,ピエナサクラ,
2018101565,トランセンド,クーファナイン,
2018103232,キンシャサノキセキ,メモリーキャップ,
2018106554,ノヴェリスト,メイショウツバクロ,
2018101167,ハービンジャー,サンデーローズ,
2018100725,ダイワメジャー,パサパ,
2018101583,ヘニーヒューズ,イナズマアマリリス,
2018106375,ドゥラメンテ,ケイティーズミスト,
2018104713,ハーツクライ,ノーブルステラ,
2018104136,ルーラーシップ,ルルパンブルー,
2018105409,ハービンジャー,オリエントチャーム,
2018106357,ハーツクライ,ハワイアンローズ,
2018104858,エピファネイア,レッドラミア,
2018102577,ロードカナロア,キープセイク,
2018105188,モーリス,パーフェクトジョイ,
2018106374,New Bay,クアンナム,
2015101779,リーチザクラウン,ニシノシュクラン,
2016101514,エンパイアメーカー,ワンダーマッスル,
2018100220,ホッコータルマエ,シーノットラブユー,
2018105553,ゴールドアリュール,ベルエアシズル,
2018102907,スウェプトオーヴァーボード,スギノブロッサム,
2018100774,ゴールドシップ,ウッドシップ,
2018102204,ルーラーシップ,ビッグクィーン,
2018101677,コパノリチャード,イゾラトウショウ,
2018104525,ハーツクライ,アンリミテッドバジェット,
2018103181,キズナ,オースミアザレア,
2018101993,ディープブリランテ,ネネグース,
2018103611,スピルバーグ,マスターマイン,
2018110093,No Nay Never,Arctic Freedom,
2018110032,Dawn Approach,Cynthiana,
2018106319,モーリス,アドマイヤマリリン,
2018103362,ニホンピロアワーズ,シゲルチャグチャグ,
2016104481,ゴールドアリュール,サダムグランジュテ,
2016100126,ドリームジャーニー,ヴードゥーレディ,
2014106079,ハーツクライ,ビリーヴミー,
2016102207,メイショウボーラー,シニスタークイーン,
2018102593,ロードカナロア,パラダイスリッジ,
2018106529,モーリス,ニコールバローズ,
2018102649,エイシンヒカリ,フォワードカール,
2018104912,クロフネ,アルマンディン,
2018104159,トーセンラー,ニホンピロアブミ,
2018102594,スクリーンヒーロー,パルテノン,
2018104201,リッカロイヤル,リッカメルド,
2018100388,ハーツクライ,ガスパリライン,
2018101256,ディスクリートキャット,エアベルヘザー,
2018101213,ディスクリートキャット,ダイメイザバリヤル,
2018102489,ワイルドワンダー,テラコッタ,
2018105582,エピファネイア,コマノリリー,
2018106268,シニスターミニスター,メモリーロワジール,
2018106353,ドゥラメンテ,トーコーヴィオラ,
2018101076,グランプリボス,モズマッテタワ,
2018104157,ワールドエース,スレバルナ,
2018106132,ワンダーアキュート,ワンダーブライド,
2018100732,ハーツクライ,モナリザ,
2018110016,Giant's Causeway,Donnie's Secret,
2018100615,ハービンジャー,ウインクルキラリ,
2018100282,ハタノヴァンクール,グロリアスメモリー,
2018103350,ワンダーアキュート,ワンダープリマ,
2018102118,トーセンジョーダン,リープリング,
2018106383,アイルハヴアナザー,スペシャルクイン,
2018101536,エピファネイア,スコルピオンキッス,
2018103934,ディープインパクト,レディオブキャメロット,
2018110140,American Pharoah,Berrimilla,
2018100377,ディープインパクト,インプレスゴールド,
2018103132,ダイワメジャー,ダニエラズフラワー,
2018104333,ミッキーアイル,ティンクルチャーミ,
2018104331,グラスワンダー,チアフルスマイル,
2018103915,エピファネイア,サウンドアドバイス,
2018101592,エイシンヒカリ,スナークスズラン,
2018101959,タガノゲルニカ,タガノプルミエール,
2018104931,ディープインパクト,ウィンターコスモス,
2018103314,ワールドエース,シスターエレキング,
2018105229,モーリス,フリーティングスピリット,
2018110025,Myboycharlie,Moon Giant,
2018106796,ブラックタイド,アブソリューション,
2018100402,オルフェーヴル,スイートジュエリー,
2018101332,オルフェーヴル,ペイパーチェイン,
2018101358,モンテロッソ,チーカ,
2018103240,メイショウボーラー,スイートウィリアム,
2018103405,ダノンシャーク,ダノンビーナス,
2017100468,タートルボウル,フェリーチェレガロ,
2017106560,ヴィクトワールピサ,アフェクショネット,
2018100531,トーセンジョーダン,コリエドペルル,
2018104416,ドゥラメンテ,ミラクルベリー,
2016109096,エスポワールシチー,ローレルアイ,
2018104825,ストロングリターン,ラカ,
2018105084,モーリス,ジュモー,
2018100389,ハーツクライ,クラリネット,
2018105233,クロフネ,ブチコ,
2018104878,ミッキーアイル,アイランドファッション,
2018100032,モーリス,ムーンライトベイ,
2018105304,マジェスティックウォリアー,モスカートローザ,
2018105566,ルーラーシップ,ラフォルジュルネ,
2018103047,キンシャサノキセキ,アミリス,
2018106548,マジェスティックウォリアー,メイショウクローバ,
2018106237,マジェスティックウォリアー,エルベレス,
2018101588,ヘニーハウンド,ゲルズ,
2018104339,ヘニーヒューズ,ピエナアマゾン,
2018104787,キンシャサノキセキ,マウントコブラ,
2018102749,マジェスティックウォリアー,エイコオウイング,
2018106546,ダノンレジェンド,メイショウカガリビ,
2018105483,エイシンフラッシュ,エインセル,
2018104236,フリオーソ,ニュープロローグ,
2018100533,ミッキーアイル,ジヴェルニーアート,
2018100239,フリオーソ,クリノエリザベス,
2018101823,リーチザクラウン,チュウオーサーヤ,
2018102568,ロードカナロア,インディアナギャル,
2018101120,ノヴェリスト,ビューティーモズ,
2018101127,オルフェーヴル,ショウサンウルル,
2018104771,ルーラーシップ,プリンセスルシータ,
2018104517,シンボリクリスエス,アルティマチャーム,
2018102955,マクフィ,ワンダースキー,
2018104130,ダンカーク,ラブアンドピース,
2018102970,ハービンジャー,ミスハレクラニ,
2018106082,オルフェーヴル,カホマックス,
2018105268,ブラックタイド,マイスウィートベイビー,
2018102035,キズナ,ヴェントス,
2018106324,キズナ,ウアジェト,
2018105723,ハービンジャー,ヒカルリクエスト,
2018105550,キングカメハメハ,フーラブライド,
2018104547,ハービンジャー,エクスプレスレーン,
2018104933,キングカメハメハ,ウィーミスフランキー,
2018102770,モーリス,ストロベリーズ,
2018105411,Frankel,クイーンカトリーン,
2018104558,オルフェーヴル,オヴァンボクイーン,
2018105184,エピファネイア,パッシフローラ,
2018102146,ゴールドシップ,ホクトグレイン,
2018106084,キングカメハメハ,クイーンオリーブ,
2018110136,Mshawish,Little Miss Muffet,
2018106700,ゼンノロブロイ,デュプレ,
2018105348,ハーツクライ,リリサイド,
2018100662,スクリーンヒーロー,ゴールデンリーヴス,
2018100537,キングカメハメハ,スイートサルサ,
2018104651,ノヴェリスト,スペシャルフロート,
2018101966,オルフェーヴル,バレドクール,
2018105247,オルフェーヴル,プロクリス,
2016101089,キンシャサノキセキ,ジャックカガヤキ,
2016101901,アドマイヤムーン,フミノオリヒメ,
2017102893,クロフネ,アグネスナチュラル,
2016104251,マンハッタンカフェ,インコグニート,
2016104751,ブラックタイド,クーリドフレイズ,
2015102095,ヨハネスブルグ,モエレエターナル,
2018104883,ドゥラメンテ,アコースティクス,
2018105260,ダイワメジャー,ホットチャチャ,
2015103481,モンテロッソ,コウユーキズナ,
2018100891,ディスクリートキャット,エアルーヴル,
2018104767,ダイワメジャー,ブロークンソード,
2018101982,アジアエクスプレス,クインズストリーク,
2018101007,アジアエクスプレス,フォーミー,
2018103942,ミッキーアイル,プードルデコール,
2018100625,グランプリボス,エトピリカ,
2018109048,リアルインパクト,ドルフィンルージュ,
2018100078,タニノギムレット,アイファーヴァース,
2018106822,リオンディーズ,レインボーマリーン,
2018106120,アポロキングダム,ガンバリッコ,
2018106066,ディープブリランテ,ボーテビューティ,
2018105457,ルーラーシップ,リープオブフェイス,
2018106836,ミッキーアイル,ラブエーヤン,
2018105032,オルフェーヴル,コナブリュワーズ,
2018103236,マジェスティックウォリアー,エンダレ,
2018100728,ダイワメジャー,ピースオブラヴ,
2018105615,ブラックタイド,ピュアオパール,
2018105576,ハーツクライ,ローズキャサリン,
2018100104,レッドスパーダ,オトメローズ,
2018106170,マジェスティックウォリアー,ルールザユニバース,
2018104403,バゴ,マイネマリアンヌ,
2018106458,ミッキーアイル,メイショウボナール,
2018106318,ワールドエース,アドマイヤビアン,
2018103522,マツリダゴッホ,テルヌーヴ,
2018104930,ディープインパクト,ウイングステルス,
2018100882,ドリームジャーニー,ミラクルキャンデー,
2018106280,ロードカナロア,アンブリカル,
2018106663,ロードカナロア,エアマスカット,
2018103049,ジャスタウェイ,サチノスイーティー,
2018106148,アドマイヤムーン,フミノシンデレラ,
2018105255,ジャスタウェイ,ベルスリーブ,
2018105276,ヘニーヒューズ,マハーバーラタ,
2018103658,エピファネイア,アグネスリース,
2018102023,カジノドライヴ,ヤマニンラレーヌ,
2018104808,キングカメハメハ,ミラクルレジェンド,
2018105828,ブラックタイド,メジロスプレンダー,
2018102628,パイロ,ソロデビュー,
2018106392,アイルハヴアナザー,メイショウワカツキ,
2018105478,ドゥラメンテ,ヴァリディオル,
2018101562,ハービンジャー,カフジビーナス,
2018105326,ブラックタイド,ラテアート,
2018100084,リオンディーズ,コスモハート,
2017109088,キズナ,デフィニット,
2016110070,Speightstown,Lindy,
2015106089,ゼンノロブロイ,ブランシュネージュ,
2016105972,ノヴェリスト,ギフトオブザラック,
2018105327,ワールドエース,ラトーナ,
2018106050,ルーラーシップ,ゴールデンプライズ,
2018102350,パイロ,オーシャンフリート,
2018101115,グランプリボス,サイトディーラー,
2018103109,ルーラーシップ,アグネスワルツ,
2018103871,ハービンジャー,フレンチドール,
2018106490,ダンカーク,アグネスルビー,
2018103773,バトルプラン,テールドラヴェリテ,
2018104577,オルフェーヴル,カチバ,
2018106577,スマートファルコン,トップヴィーナス,
2019105218,ドレフォン,シナジーウィスパー,
2019101894,ディスクリートキャット,チャーム,
2019100252,バトルプラン,サリール,
2019101615,ヘニーヒューズ,グレイスティアラ,
2019102179,ヘニーヒューズ,サンメンフィス,
2019102705,シニスターミニスター,カリビアンセレブ,
2019101808,メイショウボーラー,カレンステイシー,
2019104357,シニスターミニスター,ファインセイコー,
2019104877,ストロングリターン,フレンチノワール,
2019106364,ヘニーヒューズ,フェミニンガール,
2019105250,パイロ,ジェントルヴァウ,
2019102231,シニスターミニスター,ブライトエルフ,
2019105836,イスラボニータ,アスパラガス,
2019106466,コパノリッキー,ラブミーブルー,
2019100448,エスポワールシチー,ハワイアンアイ,
2019104333,ザファクター,ギンマクノヨウセイ,
2018106510,ディープインパクト,サークリングII,
2018104095,モーリス,トレンドハンター,
2018105461,ハーツクライ,レッドサン,
2018105044,ハービンジャー,サンエルピス,
2018106064,キズナ,ハヤブサユウサン,
2018104853,ロードカナロア,レッドアゲート,
2018100452,ディープインパクト,リオニアンレディー,
2018101517,エイシンフラッシュ,パステルモーブ,
2018106509,ディープインパクト,サティアナ,
2018102024,トーセンジョーダン,ヤマニンリップル,
2018102870,アイルハヴアナザー,ドゥザボサノバ,
2018105708,ディープインパクト,シックスイス,
2018106881,リオンディーズ,キマグレ,
2018104947,モーリス,ヴィルシーナ,
2018104669,ルーラーシップ,ダノンジャンヌ,
2018102953,ジャングルポケット,モモイロアゲハ,
2017101153,ロードカナロア,ペイパーチェイン,
2018101964,エピファネイア,チャーリーズ,
2017101369,オルフェーヴル,ウインクリアビュー,
2017103026,ジャスタウェイ,アグネスフィーバー,
2018109160,ヴァンセンヌ,スイートグラーツ,
2018103687,キズナ,ベネディーレ,
2018100676,アドマイヤムーン,タクトフリー,
2018103430,キングカメハメハ,エスピナアスール,
2018103129,トビーズコーナー,ストームクオリティ,
2018105579,サウスヴィグラス,ハナイチリン,
2018103652,アイルハヴアナザー,クインネージュ,
2018105878,ロードアルティマ,トシザコジーン,
2018101259,マクフィ,スズカグレイス,
2018104723,ダイワメジャー,ハートシェイプト,
2018100107,トビーズコーナー,レディワシントン,
2018101470,サウスヴィグラス,クラリティーエス,
2018105706,フェノーメノ,オウケンチョコ,
2018102261,ディープインパクト,イーデンズコーズウェイ,
2018102822,ロードカナロア,ヒミノダンス,
2018104185,タニノギムレット,ショウナンアルス,
2018102969,ワールドエース,ニシノヘレンド,
2018100467,ワールドエース,ホットバタードラム,
2018102025,シンボリクリスエス,ヤマニンロードン,
2018106028,リヤンドファミユ,ブラックビスケット,
2018100241,ホッコータルマエ,クリノスペシャル,
2018104612,ロードカナロア,サザンスターズ,
2018102482,トーセンロレンス,トーセンバスケット,
2018100587,ストロングリターン,プランサー,
2019103034,ロードカナロア,レキシールー,
2019105545,ハーツクライ,レッドメデューサ,
2019105191,キタサンブラック,コナブリュワーズ,
2019110001,Frankel,ショウナンアデラ,
2019109047,ディスクリートキャット,ムーンダスト,
2019105380,モーリス,フィロンルージュ,
2019103572,ハービンジャー,ハヤブサユウサン,
2018102020,ディープインパクト,ヤマニンパピオネ,
2018105271,キズナ,マザーウェル,
2018106711,メイショウボーラー,メイショウレクセラ,
2018104209,ドゥラメンテ,アーリースプリング,
2018106347,モーリス,スリーベラミ,
2018105039,ハーツクライ,サファリミス,
2018104079,キンシャサノキセキ,ストロングレダ,
2018102006,モーリス,ジョリーダンス,
2018103827,ルーラーシップ,ニホンピロシェリー,
2018102092,ヴィクトワールピサ,ビジャリカ,
2018101768,キズナ,ベネラ,
2017102398,オルフェーヴル,レディバラード,
2016103252,トランセンド,ピシーズクイーン,
2018103828,ニホンピロアワーズ,ニホンピロタルト,
2018110099,ロードカナロア,ヌーヴォレコルト,
2016100251,ストロングリターン,バラードソング,
2018110050,Dubawi,ミッドサマーフェア,
2018105073,ディープインパクト,シーヴ,
2015104436,キングカメハメハ,トレアンサンブル,
2016102160,ディープインパクト,シャンロッサ,
2016104351,オルフェーヴル,カルマート,
2016105066,シンボリクリスエス,スカーレル,
2014103361,ワークフォース,スズカローラン,
2017104964,キズナ,ララア,
2016104622,ルーラーシップ,マイティースルー,
2016106157,マンハッタンカフェ,マジェスティックラニア,
2019105565,キングカメハメハ,ローザブランカ,
2019105084,キズナ,ウォークロニクル,
2019100751,ダイワメジャー,コスモルーシー,
2019100875,シルバーステート,フルマークス,
2019104772,ダイワメジャー,スキア,
2019103831,ワールドエース,カカリア,
2019100581,キズナ,フィックルベリー,
2019105473,ドレフォン,モスカートローザ,
2018104368,ルーラーシップ,フォローハート,
2018102454,シニスターミニスター,センノメグミ,
2018101381,マジェスティックウォリアー,トウカイレジーナ,
2018100813,エイシンヒカリ,アデュラリア,
2018101210,ゴールドシップ,クリノビャクダン,
2018100092,ダイワメジャー,ナムラシゲコ,
2018104958,ヘニーヒューズ,エクレールアンジュ,
2018103375,ダンカーク,メイショウメラボシ,
2018109143,スクワートルスクワート,プラチナアリュール,
2018101193,ラブリーデイ,ラトーヌタキオン,
2018103155,ベーカバド,リマンドインパクト,
2018103741,サウスヴィグラス,フィーリンググー,
2018101364,スマートファルコン,ビービーラッハーン,
2018103598,エイシンフラッシュ,チャームライト,
2018106175,サウスヴィグラス,アッリヴァーレ,
2018100665,ディープブリランテ,サンレーン,
2018105996,マジェスティックウォリアー,ヤマカツセイレーン,
2018102668,ドゥラメンテ,リュンヌ,
2018101479,ホッコータルマエ,シルバーキセキ,
2018105721,エイシンフラッシュ,チヨノドラゴン,
2018105471,ルーラーシップ,イストワール,
2018102443,マクフィ,ウインクルラッキー,
2019100547,エピファネイア,タガノミューチャン,
2019105079,ダイワメジャー,ウィーミスフランキー,
2019105126,カラヴァッジオ,オールドタイムワルツ,
2019105437,ミッキーアイル,マザーウェル,
2019100675,アドマイヤムーン,ポポチャン,
2019100643,トランセンド,スイートメドゥーサ,
2019103233,ロードカナロア,ニシノメルモ,
2019105394,クロフネ,ブチコ,
2019106894,キンシャサノキセキ,ルージュノアール,
2019104177,ワールドエース,ニライカナイ,
2019106461,ザファクター,ブリュンヒルト,
2019106334,ダンカーク,サトノニーケ,
2019105163,エピファネイア,クッカーニャ,
2019105002,ワールドエース,コンゴウビジン,
2019106318,ジャスタウェイ,エイムアットビップ,
2019103279,ドレフォン,シルクメガヒット,
2019106855,ロードカナロア,アンチャン,
2018105763,ベルシャザール,フィールザライト,
2018104850,ノヴェリスト,レインダンス,
2018106253,ディープインパクト,ドリームオブジェニー,
2018106511,ディープインパクト,シャンロッサ,
2018100413,エピファネイア,ツルマルハロー,
2018104166,ゴールドシップ,ニホンピロビオラ,
2018101591,ブラックタイド,サウンドガガ,
2018106339,ハーツクライ,サンドグロース,
2018104894,キズナ,アドマイヤキラメキ,
2018103388,ホッコータルマエ,ミヤジガンバレ,
2018101232,パドトロワ,ゴールドピアース,
2017106357,マジェスティックウォリアー,ミヤジレイナ,
2016100288,ローレルゲレイロ,スパイクラベンダー,
2018100520,ストロングリターン,ベッティング,
2018102372,ヘニーヒューズ,ゴッドダンシング,
2018105235,ルーラーシップ,ブラマンジェ,
2018101337,エイシンフラッシュ,ヒミノプリンセス,
2017103917,キズナ,サクラジュノー,
2018104986,トゥザワールド,カラベルラティーナ,
2018100126,タートルボウル,アスカトップレディ,
2018102777,エイシンフラッシュ,グローブ,
2018105855,ネオユニヴァース,ウォータートスカ,
2018104067,リオンディーズ,サトノジュエル,
2018105114,ドゥラメンテ,セットプレイ,
2018105290,エピファネイア,ミニョネット,
2018100648,アドマイヤムーン,アーキオロジー,
2018101129,アンライバルド,ドリームスター,
2018101359,キングズベスト,ディープサウス,
2018106489,ミッキーアイル,アクアブルーバレー,
2018100624,エピファネイア,アルピナブルー,
2018103115,スピルバーグ,カクテルローズ,
2018100497,リオンディーズ,ラヴィアンフルール,
2018105356,ドゥラメンテ,ルモスティ,
2018104937,ハーツクライ,ウルトラブレンド,
2018104758,フェノーメノ,ブッシュファイヤー,
2018104802,ノヴェリスト,マンハッタンフィズ,
2018110003,Frankel,ミノレット,
2018106445,リアルインパクト,スリーオーシャン,
2018100151,リーチザクラウン,ニシノミチシルベ,
2018103391,スマートファルコン,キティ,
2018103386,ロージズインメイ,ガールズストーリー,
2018104796,ルーラーシップ,マルカキャンディ,
2018103374,メイショウサムソン,メイショウアルパ,
2018105504,ハーツクライ,サンヴァンサン,
2018105015,ルーラーシップ,クロフォード,
2018101166,マジェスティックウォリアー,サイモンガーランド,
2018104810,ストロングリターン,ミルフィオリ,
2018106702,シニスターミニスター,ポルタマリーナ,
2018105564,キズナ,ライカート,
2018101952,パイロ,タガノガルーダ,
2018105093,ドゥラメンテ,スカイディーバ,
2018105211,カレンブラックヒル,ピンクアリエス,
2018100426,クリエイターII,ブライダルブーケ,
2019105544,ハーツクライ,レッドファンタジア,
2019100667,キズナ,ルミエールヴェリテ,
2019101253,ロードカナロア,ヴィリア,
2019106918,ディープインパクト,キューティゴールド,
2019105155,ディープインパクト,キラーグレイシス,
2019104963,エピファネイア,レッドガナドーラ,
2019104703,オルフェーヴル,カトマンブルー,
2019106347,ディープインパクト,タミーザトルピード,
2019105649,シニスターミニスター,ポップチャート,
2019102311,キタサンブラック,ヴォークリンデ,
2019104112,メイショウサムソン,サーストンララア,
2018105601,ヘニーヒューズ,アイアムノココロ,
2018106469,ヘニーヒューズ,スノーサミット,
2016100369,トーセンホマレボシ,ロマンスアンダルザ,
2016103063,ヴィクトワールピサ,サンドスラッシュ,
2018104881,ハーツクライ,アガルタ,
2016102175,マンハッタンカフェ,ビューティーコンテスト,
2018105081,モーリス,ジェンティルドンナ,
2018110037,Invincible Spirit,Jasmine Blue,
2016104368,オルフェーヴル,スキッフル,
2016100844,ロードカナロア,ウエストローズ,
2019101749,エスポワールシチー,スイレン,
2019102073,ロードカナロア,ドルドラムズ,
2019102552,マクフィ,オールオールオール,
2019102326,ザファクター,ダンシングミッシー,
2019104288,エイシンヒカリ,バンデリータ,
2019100891,ワールドエース,ルージュマジック,
2019102346,グランプリボス,ムーンライトバレエ,
2019103071,ドレフォン,クリーミーボイス,
2019106651,アポロキングダム,ポエティックターン,
2019105364,ディープブリランテ,ビリーヴミー,
2019100814,メイショウボーラー,ミスコマチ,
2019101475,ドゥラメンテ,スターオブジュニパー,
2019100158,ブラックタイド,フォーマルアプローバル,
2019102365,ホッコータルマエ,コンサートレディ,
2019102004,アスカクリチャン,クリノミユキチャン,
2019102982,ジョーカプチーノ,ロバーブ,
2019106914,ロードカナロア,セイクリッドサイト,
2019101979,マクフィ,ホウライビクトリア,
2019105254,ドレフォン,ジョンブドール,
2019105737,スピルバーグ,ヴイプラド,
2019104103,マクフィ,ルリビタキ,
2019103194,ザファクター,クールホタルビ,
2019102951,シビルウォー,アイファーイービス,
2019100825,エスポワールシチー,ゴールドジャパン,
2019106219,シニスターミニスター,ネオベローナ,
2019101009,ラニ,ルーチェデルソーレ,
2019104274,バゴ,アイズユーニン,
2019106327,アジアエクスプレス,ギフトオブザラック,
2019100570,キズナ,クローバーナイト,
2019100734,リアルインパクト,エターナルムーン,
2019102056,ダンカーク,ノアウイニング,
2019106238,ホッコータルマエ,グリシーヌシチー,
2019104922,スクリーンヒーロー,ミスラゴ,
2019100234,エスポワールシチー,ヘイブンズギフト,
2019100106,タイムパラドックス,ビナセブン,
2019105753,ロードカナロア,キョウエイトルース,
2019102341,コパノリッキー,プレゼンスウーマン,
2019109091,イスラボニータ,シンギングセンセーション,
2019100482,ディープスカイ,キーレター,
2019102777,シニスターミニスター,ヤマニンパソドブル,
2019105983,ドレフォン,ハヤブサエミネンス,
2019100013,サトノアラジン,レディルー,
2019106926,キングカメハメハ,ノンコ,
2019100762,コパノリッキー,トウホクビジン,
2019100854,スピルバーグ,アオバ,
2019106323,ラブリーデイ,オルニス,
2019106513,コパノリッキー,テツナゴオ,
2019101613,Curlin,ガリレオズソング,
2019102437,マクフィ,バイカターキン,
2019102454,マスタリー,コーテサン,
2019102143,ホッコータルマエ,ゴールドフォレスト,
2019100286,ヘニーヒューズ,エルフィン,
2019100723,ヘニーハウンド,マザーレイク,
2019110019,Candy Ride,アルムデナ,
2019110053,Arrogate,Bodacious Babe,
2019110123,Connect,Wild Hoots,
2019103309,ヘニーヒューズ,カフェローレル,
2019110119,Arrogate,Flatter Up,
2019100800,ロージズインメイ,ミルルーテウス,
2019100135,ヘニーヒューズ,プラセンティア,
2019110115,Frosted,G Note,
2019101910,ディスクリートキャット,フラマブル,
2019103826,モーリス,エスジーブルーム,
2019105076,ディープインパクト,ウィキッドリーパーフェクト,
2019105381,ドゥラメンテ,フィールザレース,
2019104826,キングカメハメハ,トリプレックス,
2019103932,マジェスティックウォリアー,ワタシマッテルワ,
2019103221,ハービンジャー,フロイラインローゼ,
2019104739,ハービンジャー,サザナミ,
2019100082,カレンブラックヒル,ケージーフジムスメ,
2019102719,ラニ,リュウツバメ,
2019106030,ジョーカプチーノ,バアゼルローズ,
2019100644,ゼンノロブロイ,スティーリンキッシーズ,
2019101486,スクリーンヒーロー,リボンティアラ,
2019100753,ラブリーデイ,サルヴェレジーナ,
2019103028,ジャスタウェイ,ブラックナイル,
2019104143,ディスクリートキャット,コウギョウマシェリ,
2019103438,エイシンヒカリ,エイシンイジゲン,
2019105497,シルバーステート,ラダームブランシェ,
2019106187,ハービンジャー,サウンドオブハート,
2019102606,グランプリボス,アルマクロア,
2019106727,マクフィ,エカポールパンダ,
2019104788,ルーラーシップ,セレナビアンカ,
2019103611,ルーラーシップ,レッドマジュール,
2019103243,ロードカナロア,オールプリュネル,
2019110017,Kitten's Joy,Wilson's Creek,
2019101506,ミッキーアイル,ユキノマーガレット,
2019101286,マクフィ,ナスノフィオナ,
2019103030,ロードカナロア,ベルフィオーレ,
2019106544,レッドスパーダ,ケイアイリヒト,
2019103741,ヴィクトワールピサ,ジルニーナ,
2019103852,マクフィ,ハッピージュエル,
2019100196,ストロングリターン,ウインオリアート,
2019105726,ドリームジャーニー,マダムメガミ,
2018101216,スマートファルコン,モエレエターナル,
2018105357,キンシャサノキセキ,レイズアンドコール,
2019106526,ビッグアーサー,ユキノマーメイド,
2019105476,ダイワメジャー,モルジアナ,
2019105449,ロードカナロア,マルティンスターク,
2019103120,シルバーステート,カルディア,
2019105238,キンシャサノキセキ,シーイズトウショウ,
2019100214,ビッグアーサー,コスモメリー,
2019110102,Practical Joke,Untraveled,
2018102410,キズナ,ヴィアレッタ,
2019104365,ホッコータルマエ,ウインガイア,
2019102421,パイロ,タガノシムナ,
2019101264,リオンディーズ,アポロノカンザシ,
2019103542,ジョーカプチーノ,マイネオレンジ,
2019100498,メイショウボーラー,ニシノマメフク,
2019104029,サトノアラジン,アクアブルーバレー,
2019106034,ラブリーデイ,シーナリー,
2019103875,ワールドエース,シリウストウショウ,
2019106145,ベルシャザール,トップモデル,
2019105745,ロージズインメイ,オヒア,
2019102647,プリサイスエンド,イオ,
2019102176,エスケンデレヤ,ガイヤール,
2019100351,ジャングルポケット,アレキサンドリア,
2019102467,メイショウボーラー,ヴァルール,
2019100527,ベーカバド,マリーシャンタル,
2019100876,コパノリッキー,ブライアンズレター,
2019101883,アメリカンペイトリオット,スターライト,
2019100320,Uncaptured,ハイワイヤー,
2019105036,エピファネイア,アソルータ,
2019100668,ディープインパクト,ロードクロサイト,
2019104953,ドゥラメンテ,ルーヴインペリアル,
2019103568,リーチザクラウン,ニシノプレシャス,
2019102927,トゥザグローリー,プレミアステイタス,
2019104474,ディープブリランテ,トラウム,
2019109040,ウインバリアシオン,バーニングラブ,
2019103648,ロージズインメイ,アラビアンパール,
2019102996,ラニ,シゲルアンドロメダ,
2019105185,ドレフォン,グローリアスデイズ,
2019109099,パイロ,メイアリス,
2019105063,ドゥラメンテ,アートプリンセス,
2019100633,キズナ,ケープジャスミン,
2019104366,ロジユニヴァース,カーヴィシャス,
2019106139,マジェスティックウォリアー,オービーレディー,
2019105110,クロフネ,エフティマイア,
2019100275,アイルハヴアナザー,マイネチャーム,
2019105332,アジアエクスプレス,ハッピーパレード,
2019103361,ハービンジャー,セラフィーヌ,
2019101625,エイシンフラッシュ,シュペール,
2019101223,コパノリッキー,ブライティアガール,
2019100310,ストロングリターン,メープルパール,
2019106578,マクフィ,クイーンロイド,
2019101960,カレンブラックヒル,ブライトエンプレス,
2019104906,ロードカナロア,ホワイトペッパー,
2018103048,マジェスティックウォリアー,ゴールドレリック,
2019105383,ジャスタウェイ,フェルミオン,
2019103658,ロードカナロア,ジュリエットソング,
2019105286,ハーツクライ,チェリーコレクト,
2019106698,ヴァンセンヌ,シーダーアラジ,
2019100910,ドゥラメンテ,ウインマリアベール,
2019104263,ストロングリターン,タガノディナー,
2019105338,モーリス,バウンスシャッセ,
2019100309,カレンブラックヒル,ハートヴァイン,
2019105743,リオンディーズ,エレガンテヴィータ,
2019105288,エピファネイア,チャームドヴェール,
2019104690,キングカメハメハ,オメガハートランド,
2019100732,シルバーステート,サマーコード,
2019103566,エイシンフラッシュ,ソヨカゼII,
2019100312,フェノーメノ,リバークルーズ,
2019105293,ロードカナロア,ティッカーテープ,
2019105531,ロードカナロア,ルージュバック,
2019104503,ディープインパクト,ワイ,
2019104040,ハービンジャー,アクロバットラン,
2019101705,ドレフォン,ヒーラ,
2019104717,ジャスタウェイ,ギャビーズゴールデンギャル,
2019105846,キタサンブラック,コーディーライン,
2019103783,ロードカナロア,レイナアラ,
2019103570,ダンカーク,ニシノリコルディ,
2019101013,American Pharoah,オーデュボンパーク,
2019104845,オルフェーヴル,バイナリーコード,
2019101676,オルフェーヴル,ルアーズストリート,
2019102546,ドゥラメンテ,ウイングザムーン,
2019101341,シルバーステート,ジョウノアドバンス,
2019103865,ロードカナロア,メロウメロディ,
2019101665,ディーマジェスティ,ボニーアクション,
2018110015,Lemon Drop Kid,Unreachable,
2019105556,ドゥラメンテ,ロカ,
2019104705,ディープインパクト,カラライナ,
2019105877,ディーマジェスティ,レディクローリス,
2019101416,ロードカナロア,キストゥヘヴン,
2019105382,ジャスタウェイ,フェイトカラー,
2019100677,ダイワメジャー,ウメノファイバー,
2019107009,エピファネイア,ポケットチャーリー,
2019105571,ドゥラメンテ,ローマンエンプレス,
2019105096,ドレフォン,ヴィンテージローズ,
2019102186,クリエイターII,ユニバーサルビーチ,
2019105223,キンシャサノキセキ,シャンデリアハウス,
2019105266,ロードカナロア,スマイルミーティア,
2019106317,ドレフォン,ヴァタルサイビーチ,
2019102484,ドレフォン,ジーニアル,
2019102709,ハクサンムーン,トリプルハート,
2019104083,コパノリッキー,メイショウアサツユ,
2019104650,イスラボニータ,イブニングサンダー,
2019103963,エスケンデレヤ,タキオンメーカー,
2019101271,ゴスホークケン,パスザトーチ,
2019105310,ルーラーシップ,ディープジュエリー,
2019106435,タイセイレジェンド,プラセール,
2019101636,Pioneerof the Nile,スカイランダーガール,
2019102863,コパノリッキー,ワインレッド,
2019101671,ブラックタイド,モンサンアルビレオ,
2019100408,ディスクリートキャット,ウェアレイ,
2019101892,パイロ,タフラヴ,
2019100937,ディスクリートキャット,ニシノテキーラ,
2019101096,アドマイヤムーン,ブライティアピア,
2019100322,ヘニーヒューズ,パイメイメイ,
2019103946,ホッコータルマエ,スールキートス,
2019104737,ミッキーアイル,ゴールデンムーン,
2019102243,アポロキングダム,キタノオペラ,
2019101105,バゴ,マイギフト,
2019102462,ワールドエース,エキスカベイター,
2019106201,アドマイヤムーン,トーセンスタッフ,
2019100553,ディスクリートキャット,ドナリサ,
2019100835,ヘニーヒューズ,シュネーバル,
2019100655,キズナ,ピンウィール,
2019103122,リオンディーズ,ショウナンガッド,
2019103488,ケープブランコ,スウィートクレメンタイン,
2019105736,ヘニーヒューズ,ウインディーヒル,
2019104644,ハーツクライ,アンリミテッドバジェット,
2019102470,ホッコータルマエ,チェリーシェル,
2019105981,オルフェーヴル,トップオブザヘヴン,
2019100244,エスポワールシチー,スノーキトゥン,
2019101885,パイロ,スノーレパード,
2019104562,ストロングリターン,シーディザーブス,
2019109145,ケイムホーム,レディプリンセス,
2019106952,コパノリッキー,ハッピーパーティー,
2019102682,スマートファルコン,マオノココロ,
2019105941,メイショウボーラー,ミサトサンデー,
2019100636,ラニ,サリエル,
2019101263,キンシャサノキセキ,アポロジャスミン,
2019102817,パイロ,ハーベストシーズン,
2019106581,パイロ,サトノベリーニ,
2019105967,ディスクリートキャット,コテキタイ,
2019102159,マクフィ,イチゴアミーラ,
2019105913,キズナ,ベガグレシヤス,
2019102884,ミッキーアイル,クラッシーシャーロット,
2019104415,ヴァンキッシュラン,トーセンビレッタ,
2019101428,グランデッツァ,ローズプラネット,
2019101929,グランプリボス,モズキンメダリスト,
2019103565,リーチザクラウン,セイウンデライラ,
2019100783,ジャスタウェイ,マイネサヴァラン,
2019106481,コパノリッキー,ナムラエンジェル,
2019105414,ディープインパクト,ベネンシアドール,
2019100788,ゴールドシップ,マイネソルシエール,
2019104879,スクリーンヒーロー,フレンチボウ,
2019105312,ドレフォン,ディープラヴ,
2019100235,エイシンフラッシュ,アンフィルージュ,
2019105808,ゴールドシップ,ホウオウサブリナ,
2019103076,ジャングルポケット,ポッドクヒオ,
2019104862,ハービンジャー,ピュアーフレーム,
2019103376,ジャングルポケット,キタサンユキ,
2019102703,トーセンラー,ロイヤルガラ,
2019106377,ルーラーシップ,マザーシップ,
2019101138,アンライバルド,サイモンパルフェ,
2019100218,ゴールドシップ,スターデュエット,
2019100462,サトノアラジン,ロイヤルフレア,
2019103180,ラニ,エーシンシャイナー,
2019105396,キタサンブラック,ブラックエンブレム,
2019105082,イスラボニータ,ウエストコースト,
2019105439,ロードカナロア,マジックタイム,
2019104843,ハービンジャー,ハロックライン,
2019105520,ハーツクライ,リュズキナ,
2019105285,ロードカナロア,チアズメッセージ,
2019102333,ブラックタイド,ヒガシドリーム,
2019102500,キズナ,アルマシャウラ,
2019102944,フェノーメノ,リリアーレ,
2019102071,クロフネ,テンダリーヴォイス,
2019106019,アメリカンペイトリオット,プリンセスドルチェ,
2019110003,Nathaniel,サウンドオブフリーダム,
2019104669,エピファネイア,エオリアンハープ,
2019105763,トーセンラー,スノークラフト,
2019105879,ロードカナロア,ローズカリーナ,
2019106630,ラブリーデイ,ジョンコ,
2017106588,スクリーンヒーロー,チェリーミルズ,
2017105267,ダイワメジャー,カトマンドゥ,
2016104961,ディープインパクト,エレクトラレーン,
2018103055,ヴィクトワールピサ,ニュアージュドール,
2019106373,モーリス,ベストクルーズ,
2019100450,バトルプラン,ミントシャイン,
2019103010,ルーラーシップ,オーシュペール,
2019104871,ディープインパクト,フィオドラ,
2019106637,アポロキングダム,アンジュデトワール,
2019100936,リーチザクラウン,ニシノステディー,
2019106957,パイロ,ビューティサン,
2019100586,アドマイヤムーン,マコトサンパギータ,
2019103790,アドマイヤムーン,センコウノマイヒメ,
2019104954,アメリカンペイトリオット,レアファインド,
2019105130,イスラボニータ,カシシ,
2019104542,エピファネイア,グランデアモーレ,
2019102887,ドゥラメンテ,ベラルーナ,
2019105317,ダイワメジャー,トップライナーII,
2018101660,ルーラーシップ,アンフィルージュ,
2019100321,エスポワールシチー,パイクーニャン,
2019110052,Speightstown,ジャニュアリージョーンズ,
2019106062,ラブリーデイ,シータトウショウ,
2019103153,ラニ,ノータブルアート,
2019101266,ドゥラメンテ,キルシュワッサー,
2019102934,ダノンレジェンド,レディキルシェ,
2019106749,ハーツクライ,ライトインパリス,
2019105058,ルーラーシップ,アンナヴァン,
2019100944,モーリス,メイクアミラクル,
2019101308,マクフィ,ビキューナー,
2019105692,トビーズコーナー,カンタベリーセーラ,
2019106566,エスケンデレヤ,デュエット,
2019102782,メイショウボーラー,ピンクブリザード,
2019101525,コパノリッキー,ハタノアデール,
2019106622,シニスターミニスター,テンザンオトヒメ,
2019100584,ダイワメジャー,プリンセスルーシー,
2019103343,アドマイヤムーン,ステッバイステップ,
2019109068,コパノリッキー,ヤマシロギク,
2019100599,ジャスタウェイ,ヤマニングロワール,
2019104023,ハービンジャー,パッショナルダンス,
2019102040,ルーラーシップ,ツルマルオジョウ,
2019102445,フェノーメノ,プレゼンスブルー,
2019105598,ドリームジャーニー,インプレッシヴ,
2019106811,モーリス,スウィートアンドフローレス,
2019102204,ストロングリターン,セラミックアート,
2019104641,ストロングリターン,アンナミルト,
2019102677,ルーラーシップ,リアライズノユメ,
2019103187,ディスクリートキャット,アルドラ,
2019106088,ドレフォン,ハートエンジェル,
2019109019,バトルプラン,エターナルサーガ,
2019100077,シニスターミニスター,ノーブルクラウン,
2019100056,Frosted,ラヴザットマスタング,
2019106135,ローエングリン,マリエッタ,
2019105618,ルーラーシップ,マルクプレンヌ,
2019109087,マクフィ,アースグリーン,
2019106308,パイロ,ヤマガール,
2019100279,ダノンシャンティ,セイカイリス,
2019101484,ヘニーヒューズ,マハロマナ,
2019101239,ビッグアーサー,フリップフロップ,
2019101553,アドマイヤムーン,ハイマーク,
2019102091,メイショウボーラー,テイエムサンビカ,
2018103608,ダンカーク,ベアフルート,
2018106314,キズナ,アドマイヤスペース,
2016105014,ゴールドアリュール,コーンドリー,
2019105336,ロードカナロア,ハープスター,
2019104159,ゴールドシップ,リーベストラウム,
2019106503,キタサンブラック,ポワティエ,
2019100113,ハービンジャー,チャオプラヤ,
2019104035,ジョーカプチーノ,プルメリアミコ,
2019105640,ルーラーシップ,ツボミ,
2019104331,ルーラーシップ,エンドレストライ,
2019100522,ロゴタイプ,トウカイアンジュ,
2019103540,スクリーンヒーロー,コスモミール,
2019103200,モーリス,ストロベリーズ,
2019101270,ロードカナロア,トップオブドーラ,
2019101252,キズナ,メイグレイス,
2019102754,ドゥラメンテ,グッドルッキング,
2019104959,ドレフォン,レッドアゲート,
2019110127,Dark Angel,Soul of Houdini,
2019100142,エイシンヒカリ,タイキルナ,
2019103661,ディープインパクト,ティズウインディ,
2019101282,アドマイヤムーン,サンジュリアン,
2019100607,ノヴェリスト,ヤマニンメルベイユ,
2019105795,ゴールドシップ,ファンシーリシェス,
2019106707,ロゴタイプ,アンドモアアゲイン,
2019104524,シルバーステート,イルーシヴキャット,
2019106826,アドマイヤムーン,アンドトゥモロー,
2019101683,モンテロッソ,カイミラ,
2019105417,ルーラーシップ,ベルダム,
2019104671,ドレフォン,エクスプレスレーン,
2019104823,モーリス,デリケートアーチ,
2019106207,シルバーステート,ラインセイラ,
2019109138,ケイムホーム,コチョウサン,
2019100884,ルーラーシップ,ランデブー,
2019106452,メイショウサムソン,ショウナンアヤカ,
2019105780,マツリダゴッホ,トーセンリリー,
2018104154,パイロ,フロイラインシチー,
2018100099,ストロングリターン,アイファーシンシア,
2018104256,キズナ,ハーランズロマン,
2018102715,キズナ,エンブレイス,
2019105315,ドゥラメンテ,トゥリフォー,
2019104762,ジャスタウェイ,シーエスシルク,
2019105111,ハービンジャー,エポキシ,
2019100768,キングカメハメハ,フライングメリッサ,
2019104981,ディープインパクト,クイーンズアドヴァイス,
2019105979,エピファネイア,デラモーレ,
2019105485,ハービンジャー,ライフフォーセール,
2019100212,ゴールドシップ,コスモマイルール,
2019105976,キタサンブラック,スズカエンジェル,
2019100055,ヘニーヒューズ,スプリングシティ,
2019105754,アイルハヴアナザー,ギャラクシーセレブ,
2019102731,アドマイヤマックス,ヨドノスマイル,
2019103633,ドレフォン,リバティスプライト,
2019103717,ダンカーク,イソシギ,
2019110113,Panis,Kadiania,
2019101820,ストロングリターン,マヤフィオーレ,
2019103628,フェノーメノ,マウンテンミステリー,
2019101068,ラニ,グレイスフルアート,
2019102692,チェリークラウン,チェリーメドゥーサ,
2019106167,エイシンヒカリ,トレダンス,
2019103238,ベルシャザール,フローラルジュノー,
2019106779,アメリカンペイトリオット,マリントウショウ,
2019106525,シルバーステート,ユキノクイーン,
2019110120,Quality Road,J. Quirk,
2019102676,ワールドエース,リアライズナラック,
2019106022,ローエングリン,ロゴマーク,
2019101650,オルフェーヴル,バートラムガーデン,
2019100524,エイシンフラッシュ,トウカイベルタ,
2019105728,ラブリーデイ,マリアローザ,
2019102099,シングンオペラ,クーファゲルニカ,
2019103955,シルバーステート,メイショウホノボノ,
2019100521,ストロングリターン,チェルカービレ,
2019100259,ギンザグリングラス,ラナチュール,
2019106225,コパノリッキー,マリアージュ,
2019101457,コパノリッキー,チェス,
2019104174,フサイチセブン,ビバジャンティ,
2019106224,ダノンレジェンド,マスターマイン,
2019101213,パイロ,サマーリガード,
2019104606,ジャスタウェイ,ライカート,
2019105150,ダイワメジャー,キャッチータイトル,
2019101919,アメリカンペイトリオット,ラッキーボックス,
2019103158,ドゥラメンテ,フィールグリュック,
2019101698,ダノンレジェンド,ダノンボンジュール,
2019106554,アジアエクスプレス,ミークレイチェル,
2019102163,パイロ,フォーミー,
2019110023,Postponed,Bedecked,
2019102480,アドマイヤムーン,ルスナイクリスティ,
2019103671,ザファクター,セインツプレイ,
2019101753,ラブリーデイ,スイートピグレット,
2019100942,ペルーサ,バラッドローズ,
2019104189,タニノギムレット,ポーズ,
2019105578,ラブリーデイ,ユメノトキメキ,
2019101657,アジアエクスプレス,ブレイヴフィート,
2018105420,Uncle Mo,スキャットレディビーダンシング,
2019105459,ロードカナロア,ミスドバウィ,
2019101214,ディーマジェスティ,シャインプレジャー,
2019109103,ロードカナロア,メイラヴィーン,
2019103645,オウケンブルースリ,オチャノコサイサイ,
2019106860,エピファネイア,エリザベスムーン,
2019101745,キンシャサノキセキ,キャプテンガール,
2019101944,サンカルロ,ブイアスカ,
2019101763,ビッグアーサー,メリーウェザー,
2019100742,ゴールドシップ,ケイティラブ,
2019104949,ローエングリン,リボンアート,
2019103310,ザファクター,ジュエルメッセージ,
2019104362,アドマイヤムーン,アスクレピアス,
2019101952,ダノンシャーク,シギル,
2019100829,メイショウボーラー,ウインエルドール,
2019100250,ロゴタイプ,ラガッツァカリーナ,
2019103973,スピルバーグ,パンツァネッラ,
2019105469,ロードカナロア,メジャーエンブレム,
2019102053,ヴァンセンヌ,ビフォーダーク,
2019100787,ゴールドシップ,マイネジャーダ,
2019105466,オウケンブルースリ,ムーンフェイズ,
2019106040,リオンディーズ,ボラボラ,
2019103211,エピファネイア,ワキノドライバー,
2019105131,モーリス,カゼルタ,
2019103625,モーリス,セトウチソーラー,
2019105567,エピファネイア,ローズシュクレ,
2019104827,イスラボニータ,トレラピッド,
2019104961,ハービンジャー,レッドカチューシャ,
2019104455,ディープインパクト,クイーンカトリーン,
2019104750,ディープインパクト,シアードラマ,
2019101202,ゼンノロブロイ,カラオケスナック,
2019105463,サトノアラジン,ミリオンウィッシーズ,
2019101811,ザファクター,ケイエスアカリ,
2019105566,モーリス,ローザボニータ,
2019104095,シルバーステート,メイショウナナイロ,
2019100438,サトノアラジン,グラスケリー,
2019100755,アドマイヤマックス,シーギリヤガール,
2019102104,エピファネイア,ナリタシルエット,
2019105587,トゥザグローリー,トーセンウーノ,
2019105521,ロードカナロア,リュラ,
2019102303,エイシンフラッシュ,ヒーラブズミー,
2019104157,モンテロッソ,ヨイミヤ,
2018101871,ミッキーアイル,スーパーマダム,
2017100381,ダイワメジャー,ジルコニア,
2019105226,ハービンジャー,シュプリームギフト,
2019104740,ドゥラメンテ,サザンスターズ,
2019105415,ドゥラメンテ,ベルアリュールII,
2019104700,ディープインパクト,カウアイレーン,
2019110060,Optimizer,Sweeter Still,
2019100215,ディープインパクト,サマーエタニティ,
2019105477,ディープインパクト,ヤンキーローズ,
2019102220,スクリーンヒーロー,ハイタッチクイーン,
2019104844,ディープインパクト,ハーエミネンシー,
2019103897,エイシンヒカリ,エイシンスイーツ,
2019105450,ロードカナロア,マンデラ,
2019104825,ハーツクライ,トップデサイル,
2019103815,イスラボニータ,アドマイヤオンリー,
2019100618,ブラックタイド,ヴァイセフラウ,
2019101882,アメリカンペイトリオット,スタリア,
2019101262,ロードカナロア,ランスタン,
2019100484,パイロ,シルクヴェルサイユ,
2019104561,Dutch Art,シーティス,
2019100567,ロジユニヴァース,ギンザヴィクトリア,
2019106411,ハービンジャー,シャイナムスメ,
2019102387,アドマイヤムーン,メイドインリオ,
2019104676,パイロ,エミーズスマイル,
2019106249,コパノリッキー,インヴィンシブルタッチ,
2019103225,ビッグアーサー,クレーンズラヴァー,
2019102909,ザファクター,フレンチムスメ,
2019100882,リーチザクラウン,ライトアップ,
2019104049,ディープブリランテ,グランドメージャー,
2019100248,ヘニーヒューズ,ベストフューチャー,
2019103667,コパノリッキー,ハヤブサマナポン,
2019105650,ルーラーシップ,マチカネセキガハラ,
2019102564,ハーツクライ,コンケイヴ,
2019102153,リーチザクラウン,エコーズインザウインド,
2019104755,ドレフォン,シャドウムーン,
2019103344,マツリダゴッホ,ファルファラ,
2019102072,ラブリーデイ,トリルビー,
2019101898,タニノギムレット,デザートチル,
2019105882,ホッコータルマエ,バトルエニシ,
2019102136,シビルウォー,ホウライマドンナ,
2019101459,メジロダイボサツ,レッドカサブランカ,
2019105178,リオンディーズ,グラニーズチップス,
2019100679,ドレフォン,キンナリー,
2019105569,ヘニーヒューズ,ローズマンブリッジ,
2019109076,ブラックタイド,タイホウパーリオ,
2019102479,ディスクリートキャット,スパークルレディー,
2019100624,アメリカンペイトリオット,エレーデ,
2019106663,トゥザグローリー,シェーナビアンカ,
2019106453,タニノギムレット,ショウナンガーデン,
2019104335,ザファクター,ファイナルリリー,
2019100186,アジアエクスプレス,ラインキュート,
2019106677,シニスターミニスター,ベストレート,
2019105030,ルーラーシップ,アウェイク,
2019104466,ヘニーヒューズ,スマイリングムーン,
2019102911,ブラックタイド,マリアベール,
2019100058,ベルシャザール,イシノウォーニング,
2019103205,ドゥラメンテ,プラチナムキャット,
2019106143,ドゥラメンテ,ダイアゴナルクロス,
2019104494,ドゥラメンテ,メーデイア,
2019105460,ロードカナロア,ミッキークイーン,
2019100568,シニスターミニスター,クインズストリーク,
2019106936,キングカメハメハ,ソーメニーウェイズ,
2019104789,ローエングリン,センシュアルドレス,
2019106549,ラニ,キンセイマル,
2019102802,ザファクター,ワンダーフウラン,
2019101505,シビルウォー,マリノエトワール,
2019103977,アメリカンペイトリオット,メイユール,
2019103657,ロードカナロア,シエルルージュ,
2019101310,ゴールドシップ,ヴィーナスコロニー,
2019103687,ダノンシャーク,ミステリアスオーラ,
2019103869,ホッコータルマエ,アンルーリー,
2019102127,トーセンラー,デルマキャッツアイ,
2019104873,ルーラーシップ,フォーエバーマーク,
2019105552,ハービンジャー,レネットグルーヴ,
2019105559,ドゥラメンテ,ロジプリンセス,
2019103607,シルバーステート,ムーンライトペスカ,
2019104773,ディープインパクト,スターシップトラッフルズ,
2019105641,ディープインパクト,デックドアウト,
2019104925,ロードカナロア,ミュージックアワー,
2019104681,イスラボニータ,エルーセラ,
2019102493,ロードカナロア,モンクール,
2019106547,ベーカバド,ブラストスイフト,
2019106661,ディーマジェスティ,ウェンブリー,
2019104588,ジャスタウェイ,ビートリックスキッド,
2019109108,クロフネ,デビュートウショウ,
2019103546,エピファネイア,アドマイヤジュノー,
2019103663,マツリダゴッホ,ブラジリアンビューティ,
2019106765,ホッコータルマエ,ヴァーチュスター,
2019104926,キングカメハメハ,ミラクルレジェンド,
2019100657,キズナ,フェアエレン,
2019101759,ラニ,スイートマルセル,
2019100844,ヘニーヒューズ,ナスカザン,
2019101906,ディスクリートキャット,バーンアウル,
2019101819,ベルシャザール,マッシヴエレガンス,
2019102628,ミッキーアイル,ゴールドグレース,
2016104638,ディープインパクト,ミュージカルロマンス,
2018104121,キズナ,マーガレットメドウ,
2019105195,ハーツクライ,コーステッド,
2019101348,アメリカンペイトリオット,マオリオ,
2019105118,ワールドエース,エンプレスティアラ,
2019105496,ロードカナロア,ラストグルーヴ,
2019105792,トーセンラー,パリージョ,
2019101422,ワールドエース,シナル,
2019103451,エイシンヒカリ,エイシンソルティー,
2019101162,アジアエクスプレス,ラッパッパ,
2019100364,ラブリーデイ,エリンズハープ,
2019104685,ドゥラメンテ,オメガエンブレム,
2019106149,キンシャサノキセキ,ミルキーブロード,
2019102706,マジェスティックウォリアー,コスモミザール,
2019104623,ジャスタウェイ,アオゾラペダル,
2019105930,ローエングリン,ラブコール,
2019110040,New Approach,ワディ,
2019106701,フリオーソ,バルフューレント,
2019103410,サトノアラジン,ヴォーグジャック,
2019106103,ザファクター,クロンヌドール,
2019105025,ヘニーヒューズ,アイズオンリー,
2019101479,スクリーンヒーロー,バラベルサイユ,
2019103346,アメリカンペイトリオット,ゴールドターフ,
2019105991,マジェスティックウォリアー,ピッチシフター,
2019102003,エスポワールシチー,クリノバンダイサン,
2019102084,ディープブリランテ,ヤサカオディール,
2019104530,エピファネイア,エインセル,
2019103956,ダンカーク,ラシーク,
2019105666,モンテロッソ,スターキャスト,
2019100129,コパノリッキー,キープザサミット,
2019102312,シニスターミニスター,エターナルロマンス,
2019106387,カレンブラックヒル,モアスマイル,
2019109016,ウインバリアシオン,ペプチドモアー,
2019100990,トゥザワールド,マルティプライ,
2019100588,トゥザワールド,ムスタパルタ,
2019101108,ドレフォン,ワンサイドゲーム,
2019102860,ミッキーアイル,ミッキーポーチ,
2019101453,ドゥラメンテ,クラウディーハート,
2019101787,コパノリッキー,カアチャンコワイ,
2019104125,アジアエクスプレス,フォルクスオーパー,
2019105646,ヘニーヒューズ,フラワーファースト,
2019104766,ロードカナロア,ジャドール,
2019103237,ドゥラメンテ,フュージョン,
2019100609,エイシンフラッシュ,ヤマニンリップル,
2019102997,エスポワールシチー,シゲルカゼノボン,
2019101697,ダノンレジェンド,ダノンエンジェル,
2019105761,ジョーカプチーノ,ジェルヴェーズ,
2019110072,Nathaniel,エブリナイスガール,
2019100744,ヴィクトワールピサ,コスモコルデス,
2019100945,ルーラーシップ,ラスヴェンチュラス,
2019102776,ロゴタイプ,ヤマニングルノイユ,
2019100081,ヘニーヒューズ,オーサムクイーン,
2019104550,ゴールドシップ,サンクボヌール,
2019100918,キズナ,キャッスルブラウン,
2019103151,ヴィクトワールピサ,Sweet Win,
2019105103,ディープインパクト,エクセレンスII,
2019104746,ロードカナロア,サンテミリオン,
2019104786,キングカメハメハ,セコンドピアット,
2019104651,ディープインパクト,イブニングジュエル,
2019100760,ゴールドシップ,ダブルフラワー,
2019100221,ルーラーシップ,プリティプリンセス,
2019103870,ゴールドシップ,イルミナティ,
2019104895,ディープインパクト,プリンセスオブシルマー,
2019105454,エピファネイア,マーブルケーキ,
2019104785,グランデッツァ,セクシーモーション,
2019105291,ドレフォン,ティアラトウショウ,
2019100795,スクリーンヒーロー,マイネプリンセス,
2019106419,キズナ,ミーシャレヴュー,
2019105289,ドレフォン,チュラカーギー,
2019100423,カレンブラックヒル,チョウノヨウニマイ,
2019101523,ハタノヴァンクール,ダイワカリエンテ,
2019107057,トゥザグローリー,ブルージャーニー,
2019106055,エピファネイア,ブランダルジャン,
2019100373,トーセンジョーダン,タカラジャンヌ,
2019106037,モーリス,ノブアニバーサリー,
2019102046,リアルインパクト,ラベンダーメモリー,
2017105091,オルフェーヴル,キュー,
2018105261,ネオユニヴァース,ボシンシェ,
2019105512,キタサンブラック,リアリサトリス,
2019104800,ロードカナロア,ダイワミランダ,
2019102261,ジャングルポケット,ファーマジェンヌ,
2019104569,ディープインパクト,セデュイールII,
2019104467,オルフェーヴル,セレスティアルキャット,
2019104421,ダイワメジャー,トーセンミネルバ,
2019102206,ヴィクトワールピサ,ファータグリーン,
2019100804,ラブリーデイ,ピノブラン,
2018104579,ハービンジャー,カレンケカリーナ,
2019101923,キングズベスト,セイカフォルトゥナ,
2019100510,カレンブラックヒル,シャフィガ,
2019106008,シニスターミニスター,レディサマンサ,
2019102548,クロフネ,ヴィスビー,
2019105996,ヘニーヒューズ,プリモタイム,
2019102314,ヘニーヒューズ,キタサンプリンセス,
2019104341,バゴ,サワヤカムスメ,
2019106800,パイロ,ソヴールトウショウ,
2019101118,ドゥラメンテ,スズノメヒョー,
2019103508,エイシンフラッシュ,タッチアス,
2019102239,ジャングルポケット,ダブルヨウコ,
2019106101,カレンブラックヒル,ワンダーセーハ,
2019109084,ラニ,オイチ,
2019105773,ヘニーヒューズ,タマヒカル,
2019106162,シニスターミニスター,スマートニンバス,
2019106168,シニスターミニスター,ハイジトウショウ,
2019100390,スマートファルコン,ノーブルガイア,
2019103571,ケープブランコ,ニシノリンド,
2019101241,キンシャサノキセキ,ミナミ,
2019103757,アジアエクスプレス,セイントリープレア,
2019102191,タイムパラドックス,マザーロード,
2019103260,カレンブラックヒル,ニシノキララコ,
2019103159,モーリス,モルトフェリーチェ,
2019101713,ミッキーアイル,ミッキーオリーブ,
2019104216,イスラボニータ,プルームリジェール,
2019107013,トゥザワールド,イツノヒカ,
2019102936,ドレフォン,リヴァプール,
2019102804,サトノアラジン,アマノチェリーラン,
2019104241,マクフィ,エメラルハヤブサ,
2019104914,ハービンジャー,マスクオフ,
2019105203,ディープインパクト,サファリミス,
2019101793,イスラボニータ,デュリュクス,
2019101825,サトノアラジン,ファーマペニー,
2019101350,イスラボニータ,モスコーオペラ,
2019101496,ルーラーシップ,クラウンフォルテ,
2019103026,ハービンジャー,パッソ,
2019100801,グラスワンダー,ラスイエットロス,
2019100997,キタサンブラック,スルターナ,
2019100209,オルフェーヴル,コスモチェーロ,
2019101589,リオンディーズ,オモイデヲノセテ,
2019104144,モンテロッソ,タプローム,
2019106922,キタサンブラック,サンシャイン,
2019105205,キタサンブラック,サマーハ,
2019102613,ジョーカプチーノ,ハリケーンタマ,
2019104998,ザファクター,レッドメアラス,
2019102146,ドゥラメンテ,チェストケリリー,
2019101032,パドトロワ,エーピーモモ,
2019101023,シルバーステート,ラサンバ,
2019103096,ドゥラメンテ,レッドアシェット,
2019100828,トゥザワールド,アンケセナーメン,
2019102992,シルバーステート,アースウイザード,
2018106341,ディープインパクト,シーサイドホーム,
2018104578,ディープインパクト,カルティカ,
2019106521,シニスターミニスター,ホワットアスポット,
2019110111,Into Mischief,Sly Warrior,
2019105446,ビッグアーサー,マリアヴァレリア,
2019104678,リーチザクラウン,エミーズプライド,
2019110104,American Pharoah,French Passport,
2019105537,サトノアラジン,レジェンドトレイル,
2019104194,ホッコータルマエ,リリーオブザナイル,
2019103208,ドレフォン,グローブ,
2019105308,ドレフォン,デイトユアドリーム,
2019105993,シニスターミニスター,ファーストレディ,
2019106854,ドゥラメンテ,アシェラフ,
2018110117,ウィルテイクチャージ,Dreamy Blues,
2019106491,ラニ,レーヴドベティ,
2019106678,ドレフォン,ホーマンピクシー,
2019105583,コパノリッキー,フィールザタレント,
2019102273,モーリス,グロリエッテ,
2019106818,オルフェーヴル,ナンシーフロムナイロビ,
2019103483,モーリス,エーシンリジル,
2019103981,ヨハネスブルグ,エアガガ,
2019100504,レッドスパーダ,オギノシュタイン,
2019103779,ヴィクトワールピサ,リヴィングビーイング,
2019106097,ディーマジェスティ,ケイティクロス,
2019100327,カレンブラックヒル,プリッシーブリッチーズ,
2019110058,Hard Spun,Empire City,
2019101349,ノヴェリスト,メジャーフラガール,
2019104212,ザファクター,エアレモネード,
2019101166,ワールドエース,アルウェン,
2019105253,ハービンジャー,ジュモー,
2019104521,モーリス,アナンジュパス,
2019103728,ホッコータルマエ,プライムウィッシュ,
2019102080,ルーラーシップ,ホクセツダンス,
2019101154,オルフェーヴル,スワンソング,
2019101719,フリオーソ,グローリファイ,
2019101119,ルーラーシップ,チーティンハート,
2019106023,ドゥラメンテ,オーバービュー,
2019106712,キングカメハメハ,グラスルビー,
2019103359,ディーマジェスティ,クレタパラドックス,
2019101708,エイシンヒカリ,フローレンスガール,
2019104824,イスラボニータ,デルマフクムスメ,
2019103665,ハービンジャー,リミックスアルバム,
2019100805,グラスワンダー,マイネカトレア,
2019105824,ブラックタイド,リトルビスケット,
2019101832,トーホウジャッカル,ウインクルグラス,
2019106583,ケープブランコ,ジニアスミノル,
2019103921,ホッコータルマエ,レッドベルフィーユ,
2019105760,マツリダゴッホ,シュヴァリエ,
2019100197,ダノンシャンティ,ウインティアラ,
2019104638,モーリス,アルマフローラ,
2019105657,ロードカナロア,メジロルルド,
2019105491,ダイワメジャー,ラカリフォルニー,
2019103100,エスケンデレヤ,ノバラ,
2019102853,エピファネイア,シードパール,
2019102260,ロードカナロア,ビューティーモズ,
2019105510,ヘニーヒューズ,ランニングボブキャッツ,
2019105101,クロフネ,エイグレット,
2019105142,ドレフォン,カンデラ,
2019105434,ハーツクライ,ポロンナルワ,
2019101915,ディスクリートキャット,ボーダレス,
2019103905,キズナ,シラバリー,
2018103060,ディープスカイ,モエレヒストリー,
2018104925,モーリス,インナーアージ,
2019104978,ディープインパクト,ワイルドウインド,
2019105045,ハーツクライ,アナアメリカーナ,
2019103885,ゴールドシップ,デヴェロッペ,
2019104426,トーセンレーヴ,トーセンロビン,
2019105385,ドゥラメンテ,フォンタネットポー,
2019100722,ラニ,シアージュ,
2019104546,ハービンジャー,ゴールデンロッド,
2019105580,ラニ,カラフル,
2019101280,オルフェーヴル,カクテル,
2019103223,トランセンド,アンテプリッツ,
2019106736,Postponed,サラシー,
2019100839,ダンカーク,メイクユアデイ,
2019103155,,,
2019105755,スクリーンヒーロー,クラックコード,
2019102309,ベーカバド,フェイドレス,
2019105708,コパノリッキー,スパイオブラヴ,
2019104539,ドリームジャーニー,クィーンアマポーラ,
2019103044,ハービンジャー,シークレットソング,
2019102990,,,
2019105451,,,
2019102007,,,
2019100702,エイシンヒカリ,ルヴェソンヴェール,
2019106280,シルバーステート,サクラクローバー,
2019103613,パドトロワ,オジャッタモンセ,
2019104713,ローエングリン,キネオダンサー,
2019110124,ロードカナロア,アルマンディン,
2019105700,エピファネイア,ボンボンキャスト,
2019100429,シルバーステート,ストールンブライド,
2019104541,,,
2019106658,,,
2019107002,シルポート,アンティール,
2019102815,パドトロワ,チシャーキャット,
2019100067,カレンブラックヒル,レアリサール,
2019103715,ドレフォン,ラフレーズカフェ,
2019105225,ダイワメジャー,シュガーショック,
2019101288,,,
2019100526,ドレフォン,トウカイメガミ,
2019106289,ロゴタイプ,ピュアライン,
2019101614,キタサンブラック,クラリネット,
2019104264,ワールドエース,ナムラカメーリア,
2019100865,エピファネイア,ストームイメージ,
2019100773,,,
2019100199,グランプリボス,ウインマハロ,
2019100493,ヴィクトワールピサ,タイクローサ,
2019103390,ブラックタイド,エイシンキルデア,
2019100102,,,
2019100776,,,
2019103130,,,
2019106655,,,
2019102611,,,
2019100565,,,
2019104757,,,
2019103547,,,
2019100779,,,
2019103512,,,
2019100308,,,
2019100696,,,
2019106261,,,
2019107039,,,
2019103976,,,
2019101639,,,
2019100388,,,
2019103440,,,
2019105798,,,
2019105819,,,
2019103610,,,
2019104313,,,
2018100764,,,
2017100359,,,
2015100284,,,
2018103736,,,
2019105448,,,
2019104483,,,
2019100637,,,
2019104831,,,
2019105340,,,
2019105515,,,
2019105141,,,
2019104674,,,
2019103280,,,
2019104982,,,
2018103641,,,
2019105379,,,
2019103789,,,
2019105840,,,
2019100487,,,
2019102412,,,
2019105180,,,
2019101508,,,
2019100410,,,
2019101121,,,
2019105234,,,
2019104855,,,
2019101956,,,
2019101531,,,
2019100690,,,
2019104222,,,
2019102726,,,
2019106128,,,
2019106558,,,
2019102700,,,
2019104195,,,
2019101794,,,
2019106913,,,
2019100856,,,
2019101073,,,
2019105701,,,
2019102284,,,
2019110075,,,
2019104176,,,
2019103807,,,
2019102451,,,
2019103416,,,
2019105405,,,
2019101874,,,
2019100766,,,
2019100384,,,
2019103795,,,
2019105817,,,
2019102037,,,
2019106937,,,
2019100008,,,
2019105015,,,
2019105231,,,
2019101396,,,
2019106460,,,
2019105071,,,
2019100654,,,
2019104615,,,
2019101339,,,
2019106864,,,
2019103427,,,
2019104058,,,
2019101908,,,
2019101165,,,
2019101896,,,
2019110090,,,
2019103543,,,
2018100761,,,
2018102332,,,
2019100109,,,
2019103009,,,
2019105949,,,
2019106357,,,
2019105078,,,
2019103907,,,
2019103827,,,
2019101611,,,
2018105448,,,
2018100443,,,
2019104284,,,
2019104975,,,
2019107007,,,
2019105440,,,
2019103140,,,
2019104163,,,
2019104784,,,
2019100480,,,
2019103317,,,
2019100160,,,
2019102125,,,
2019100574,,,
2019109102,,,
2019105373,,,
2019100022,,,
2019104056,,,
2019102424,,,
2019109053,,,
2019104478,,,
2019105722,,,
2019105392,,,
2019103001,,,
2019101012,,,
2019106006,,,
2019105189,,,
2019100836,,,
2019105555,,,
2019105503,,,
2019104764,,,
2019103550,,,
2019104971,,,
2019104643,,,
2019104898,,,
2019106290,,,
2019105827,,,
2019102385,,,
2019104024,,,
2019102434,,,
2019106865,,,
2019103081,,,
2019106716,,,
2019106919,,,
2019102028,,,
2019106025,,,
2019105805,,,
2019104443,,,
2019105651,,,
2019103175,,,
2019103152,,,
2019105321,,,
2019102988,,,
2019105533,,,
2019105570,,,
