race_id,馬番,馬名,単勝オッズ,人気,記録時刻
202510020812,8,アオイレーギーナ,13.2,4.0,2026/07/23 08:56:26
202510020812,8,アオイレーギーナ,13.2,4.0,2026/07/23 08:56:26
202510020812,8,アオイレーギーナ,13.2,4.0,2026/07/23 08:56:26
202510020812,8,アオイレーギーナ,13.2,4.0,2026/07/23 08:56:26
202510020812,8,アオイレーギーナ,13.2,4.0,2026/07/23 08:56:26
202510020812,8,アオイレーギーナ,13.2,4.0,2026/07/23 08:56:26
202510020812,8,アオイレーギーナ,13.2,4.0,2026/07/23 08:56:26
202510020812,8,アオイレーギーナ,13.2,4.0,2026/07/23 08:56:26
202510020812,8,アオイレーギーナ,13.2,4.0,2026/07/23 08:56:26
202510020812,8,アオイレーギーナ,13.2,4.0,2026/07/23 08:56:26
202510020812,8,アオイレーギーナ,13.2,4.0,2026/07/23 08:56:26
202510020812,8,アオイレーギーナ,13.2,4.0,2026/07/23 08:56:26
202510020812,8,アオイレーギーナ,13.2,4.0,2026/07/23 08:56:26
202510020812,8,アオイレーギーナ,13.2,4.0,2026/07/23 08:56:26
202510020812,8,アオイレーギーナ,13.2,4.0,2026/07/23 08:56:26
202510020812,8,アオイレーギーナ,13.2,4.0,2026/07/23 08:56:26
202510020812,7,インテンソ,167.9,18.0,2026/07/23 08:56:26
202510020812,7,インテンソ,167.9,18.0,2026/07/23 08:56:26
202510020812,7,インテンソ,167.9,18.0,2026/07/23 08:56:26
202510020812,7,インテンソ,167.9,18.0,2026/07/23 08:56:26
202510020812,7,インテンソ,167.9,18.0,2026/07/23 08:56:26
202510020812,7,インテンソ,167.9,18.0,2026/07/23 08:56:26
202510020812,7,インテンソ,167.9,18.0,2026/07/23 08:56:26
202510020812,7,インテンソ,167.9,18.0,2026/07/23 08:56:26
202510020812,7,インテンソ,167.9,18.0,2026/07/23 08:56:26
202510020812,7,インテンソ,167.9,18.0,2026/07/23 08:56:26
202510020812,7,インテンソ,167.9,18.0,2026/07/23 08:56:26
202510020812,7,インテンソ,167.9,18.0,2026/07/23 08:56:26
202510020812,7,インテンソ,167.9,18.0,2026/07/23 08:56:26
202510020812,7,インテンソ,167.9,18.0,2026/07/23 08:56:26
202510020812,7,インテンソ,167.9,18.0,2026/07/23 08:56:26
202510020812,7,インテンソ,167.9,18.0,2026/07/23 08:56:26
202510020812,18,インブロリオ,4.3,2.0,2026/07/23 08:56:26
202510020812,18,インブロリオ,4.3,2.0,2026/07/23 08:56:26
202510020812,18,インブロリオ,4.3,2.0,2026/07/23 08:56:26
202510020812,18,インブロリオ,4.3,2.0,2026/07/23 08:56:26
202510020812,18,インブロリオ,4.3,2.0,2026/07/23 08:56:26
202510020812,18,インブロリオ,4.3,2.0,2026/07/23 08:56:26
202510020812,18,インブロリオ,4.3,2.0,2026/07/23 08:56:26
202510020812,18,インブロリオ,4.3,2.0,2026/07/23 08:56:26
202510020812,18,インブロリオ,4.3,2.0,2026/07/23 08:56:26
202510020812,18,インブロリオ,4.3,2.0,2026/07/23 08:56:26
202510020812,18,インブロリオ,4.3,2.0,2026/07/23 08:56:26
202510020812,18,インブロリオ,4.3,2.0,2026/07/23 08:56:26
202510020812,18,インブロリオ,4.3,2.0,2026/07/23 08:56:26
202510020812,18,インブロリオ,4.3,2.0,2026/07/23 08:56:26
202510020812,18,インブロリオ,4.3,2.0,2026/07/23 08:56:26
202510020812,18,インブロリオ,4.3,2.0,2026/07/23 08:56:26
202510020812,6,ガリレイ,77.2,13.0,2026/07/23 08:56:26
202510020812,6,ガリレイ,77.2,13.0,2026/07/23 08:56:26
202510020812,6,ガリレイ,77.2,13.0,2026/07/23 08:56:26
202510020812,6,ガリレイ,77.2,13.0,2026/07/23 08:56:26
202510020812,6,ガリレイ,77.2,13.0,2026/07/23 08:56:26
202510020812,6,ガリレイ,77.2,13.0,2026/07/23 08:56:26
202510020812,6,ガリレイ,77.2,13.0,2026/07/23 08:56:26
202510020812,6,ガリレイ,77.2,13.0,2026/07/23 08:56:26
202510020812,6,ガリレイ,77.2,13.0,2026/07/23 08:56:26
202510020812,6,ガリレイ,77.2,13.0,2026/07/23 08:56:26
202510020812,6,ガリレイ,77.2,13.0,2026/07/23 08:56:26
202510020812,6,ガリレイ,77.2,13.0,2026/07/23 08:56:26
202510020812,6,ガリレイ,77.2,13.0,2026/07/23 08:56:26
202510020812,6,ガリレイ,77.2,13.0,2026/07/23 08:56:26
202510020812,6,ガリレイ,77.2,13.0,2026/07/23 08:56:26
202510020812,6,ガリレイ,77.2,13.0,2026/07/23 08:56:26
202510020812,13,キャッスルレイク,22.1,7.0,2026/07/23 08:56:26
202510020812,13,キャッスルレイク,22.1,7.0,2026/07/23 08:56:26
202510020812,13,キャッスルレイク,22.1,7.0,2026/07/23 08:56:26
202510020812,13,キャッスルレイク,22.1,7.0,2026/07/23 08:56:26
202510020812,13,キャッスルレイク,22.1,7.0,2026/07/23 08:56:26
202510020812,13,キャッスルレイク,22.1,7.0,2026/07/23 08:56:26
202510020812,13,キャッスルレイク,22.1,7.0,2026/07/23 08:56:26
202510020812,13,キャッスルレイク,22.1,7.0,2026/07/23 08:56:26
202510020812,13,キャッスルレイク,22.1,7.0,2026/07/23 08:56:26
202510020812,13,キャッスルレイク,22.1,7.0,2026/07/23 08:56:26
202510020812,13,キャッスルレイク,22.1,7.0,2026/07/23 08:56:26
202510020812,13,キャッスルレイク,22.1,7.0,2026/07/23 08:56:26
202510020812,13,キャッスルレイク,22.1,7.0,2026/07/23 08:56:26
202510020812,13,キャッスルレイク,22.1,7.0,2026/07/23 08:56:26
202510020812,13,キャッスルレイク,22.1,7.0,2026/07/23 08:56:26
202510020812,13,キャッスルレイク,22.1,7.0,2026/07/23 08:56:26
202510020812,3,サトノプリエール,31.8,9.0,2026/07/23 08:56:26
202510020812,3,サトノプリエール,31.8,9.0,2026/07/23 08:56:26
202510020812,3,サトノプリエール,31.8,9.0,2026/07/23 08:56:26
202510020812,3,サトノプリエール,31.8,9.0,2026/07/23 08:56:26
202510020812,3,サトノプリエール,31.8,9.0,2026/07/23 08:56:26
202510020812,3,サトノプリエール,31.8,9.0,2026/07/23 08:56:26
202510020812,3,サトノプリエール,31.8,9.0,2026/07/23 08:56:26
202510020812,3,サトノプリエール,31.8,9.0,2026/07/23 08:56:26
202510020812,3,サトノプリエール,31.8,9.0,2026/07/23 08:56:26
202510020812,3,サトノプリエール,31.8,9.0,2026/07/23 08:56:26
202510020812,3,サトノプリエール,31.8,9.0,2026/07/23 08:56:26
202510020812,3,サトノプリエール,31.8,9.0,2026/07/23 08:56:26
202510020812,3,サトノプリエール,31.8,9.0,2026/07/23 08:56:26
202510020812,3,サトノプリエール,31.8,9.0,2026/07/23 08:56:26
202510020812,3,サトノプリエール,31.8,9.0,2026/07/23 08:56:26
202510020812,3,サトノプリエール,31.8,9.0,2026/07/23 08:56:26
202510020812,11,サンドロナイト,33.1,10.0,2026/07/23 08:56:26
202510020812,11,サンドロナイト,33.1,10.0,2026/07/23 08:56:26
202510020812,11,サンドロナイト,33.1,10.0,2026/07/23 08:56:26
202510020812,11,サンドロナイト,33.1,10.0,2026/07/23 08:56:26
202510020812,11,サンドロナイト,33.1,10.0,2026/07/23 08:56:26
202510020812,11,サンドロナイト,33.1,10.0,2026/07/23 08:56:26
202510020812,11,サンドロナイト,33.1,10.0,2026/07/23 08:56:26
202510020812,11,サンドロナイト,33.1,10.0,2026/07/23 08:56:26
202510020812,11,サンドロナイト,33.1,10.0,2026/07/23 08:56:26
202510020812,11,サンドロナイト,33.1,10.0,2026/07/23 08:56:26
202510020812,11,サンドロナイト,33.1,10.0,2026/07/23 08:56:26
202510020812,11,サンドロナイト,33.1,10.0,2026/07/23 08:56:26
202510020812,11,サンドロナイト,33.1,10.0,2026/07/23 08:56:26
202510020812,11,サンドロナイト,33.1,10.0,2026/07/23 08:56:26
202510020812,11,サンドロナイト,33.1,10.0,2026/07/23 08:56:26
202510020812,11,サンドロナイト,33.1,10.0,2026/07/23 08:56:26
202510020812,16,システムリブート,18.1,5.0,2026/07/23 08:56:26
202510020812,16,システムリブート,18.1,5.0,2026/07/23 08:56:26
202510020812,16,システムリブート,18.1,5.0,2026/07/23 08:56:26
202510020812,16,システムリブート,18.1,5.0,2026/07/23 08:56:26
202510020812,16,システムリブート,18.1,5.0,2026/07/23 08:56:26
202510020812,16,システムリブート,18.1,5.0,2026/07/23 08:56:26
202510020812,16,システムリブート,18.1,5.0,2026/07/23 08:56:26
202510020812,16,システムリブート,18.1,5.0,2026/07/23 08:56:26
202510020812,16,システムリブート,18.1,5.0,2026/07/23 08:56:26
202510020812,16,システムリブート,18.1,5.0,2026/07/23 08:56:26
202510020812,16,システムリブート,18.1,5.0,2026/07/23 08:56:26
202510020812,16,システムリブート,18.1,5.0,2026/07/23 08:56:26
202510020812,16,システムリブート,18.1,5.0,2026/07/23 08:56:26
202510020812,16,システムリブート,18.1,5.0,2026/07/23 08:56:26
202510020812,16,システムリブート,18.1,5.0,2026/07/23 08:56:26
202510020812,16,システムリブート,18.1,5.0,2026/07/23 08:56:26
202510020812,14,スリールミニョン,7.2,3.0,2026/07/23 08:56:26
202510020812,14,スリールミニョン,7.2,3.0,2026/07/23 08:56:26
202510020812,14,スリールミニョン,7.2,3.0,2026/07/23 08:56:26
202510020812,14,スリールミニョン,7.2,3.0,2026/07/23 08:56:26
202510020812,14,スリールミニョン,7.2,3.0,2026/07/23 08:56:26
202510020812,14,スリールミニョン,7.2,3.0,2026/07/23 08:56:26
202510020812,14,スリールミニョン,7.2,3.0,2026/07/23 08:56:26
202510020812,14,スリールミニョン,7.2,3.0,2026/07/23 08:56:26
202510020812,14,スリールミニョン,7.2,3.0,2026/07/23 08:56:26
202510020812,14,スリールミニョン,7.2,3.0,2026/07/23 08:56:26
202510020812,14,スリールミニョン,7.2,3.0,2026/07/23 08:56:26
202510020812,14,スリールミニョン,7.2,3.0,2026/07/23 08:56:26
202510020812,14,スリールミニョン,7.2,3.0,2026/07/23 08:56:26
202510020812,14,スリールミニョン,7.2,3.0,2026/07/23 08:56:26
202510020812,14,スリールミニョン,7.2,3.0,2026/07/23 08:56:26
202510020812,14,スリールミニョン,7.2,3.0,2026/07/23 08:56:26
202510020812,5,タガノスペルノヴァ,120.4,17.0,2026/07/23 08:56:26
202510020812,5,タガノスペルノヴァ,120.4,17.0,2026/07/23 08:56:26
202510020812,5,タガノスペルノヴァ,120.4,17.0,2026/07/23 08:56:26
202510020812,5,タガノスペルノヴァ,120.4,17.0,2026/07/23 08:56:26
202510020812,5,タガノスペルノヴァ,120.4,17.0,2026/07/23 08:56:26
202510020812,5,タガノスペルノヴァ,120.4,17.0,2026/07/23 08:56:26
202510020812,5,タガノスペルノヴァ,120.4,17.0,2026/07/23 08:56:26
202510020812,5,タガノスペルノヴァ,120.4,17.0,2026/07/23 08:56:26
202510020812,5,タガノスペルノヴァ,120.4,17.0,2026/07/23 08:56:26
202510020812,5,タガノスペルノヴァ,120.4,17.0,2026/07/23 08:56:26
202510020812,5,タガノスペルノヴァ,120.4,17.0,2026/07/23 08:56:26
202510020812,5,タガノスペルノヴァ,120.4,17.0,2026/07/23 08:56:26
202510020812,5,タガノスペルノヴァ,120.4,17.0,2026/07/23 08:56:26
202510020812,5,タガノスペルノヴァ,120.4,17.0,2026/07/23 08:56:26
202510020812,5,タガノスペルノヴァ,120.4,17.0,2026/07/23 08:56:26
202510020812,5,タガノスペルノヴァ,120.4,17.0,2026/07/23 08:56:26
202510020812,9,テーオースパロー,71.3,12.0,2026/07/23 08:56:26
202510020812,9,テーオースパロー,71.3,12.0,2026/07/23 08:56:26
202510020812,9,テーオースパロー,71.3,12.0,2026/07/23 08:56:26
202510020812,9,テーオースパロー,71.3,12.0,2026/07/23 08:56:26
202510020812,9,テーオースパロー,71.3,12.0,2026/07/23 08:56:26
202510020812,9,テーオースパロー,71.3,12.0,2026/07/23 08:56:26
202510020812,9,テーオースパロー,71.3,12.0,2026/07/23 08:56:26
202510020812,9,テーオースパロー,71.3,12.0,2026/07/23 08:56:26
202510020812,9,テーオースパロー,71.3,12.0,2026/07/23 08:56:26
202510020812,9,テーオースパロー,71.3,12.0,2026/07/23 08:56:26
202510020812,9,テーオースパロー,71.3,12.0,2026/07/23 08:56:26
202510020812,9,テーオースパロー,71.3,12.0,2026/07/23 08:56:26
202510020812,9,テーオースパロー,71.3,12.0,2026/07/23 08:56:26
202510020812,9,テーオースパロー,71.3,12.0,2026/07/23 08:56:26
202510020812,9,テーオースパロー,71.3,12.0,2026/07/23 08:56:26
202510020812,9,テーオースパロー,71.3,12.0,2026/07/23 08:56:26
202510020812,10,ディアドコス,35.1,11.0,2026/07/23 08:56:26
202510020812,10,ディアドコス,35.1,11.0,2026/07/23 08:56:26
202510020812,10,ディアドコス,35.1,11.0,2026/07/23 08:56:26
202510020812,10,ディアドコス,35.1,11.0,2026/07/23 08:56:26
202510020812,10,ディアドコス,35.1,11.0,2026/07/23 08:56:26
202510020812,10,ディアドコス,35.1,11.0,2026/07/23 08:56:26
202510020812,10,ディアドコス,35.1,11.0,2026/07/23 08:56:26
202510020812,10,ディアドコス,35.1,11.0,2026/07/23 08:56:26
202510020812,10,ディアドコス,35.1,11.0,2026/07/23 08:56:26
202510020812,10,ディアドコス,35.1,11.0,2026/07/23 08:56:26
202510020812,10,ディアドコス,35.1,11.0,2026/07/23 08:56:26
202510020812,10,ディアドコス,35.1,11.0,2026/07/23 08:56:26
202510020812,10,ディアドコス,35.1,11.0,2026/07/23 08:56:26
202510020812,10,ディアドコス,35.1,11.0,2026/07/23 08:56:26
202510020812,10,ディアドコス,35.1,11.0,2026/07/23 08:56:26
202510020812,10,ディアドコス,35.1,11.0,2026/07/23 08:56:26
202510020812,12,トーホウフランゴ,92.5,15.0,2026/07/23 08:56:26
202510020812,12,トーホウフランゴ,92.5,15.0,2026/07/23 08:56:26
202510020812,12,トーホウフランゴ,92.5,15.0,2026/07/23 08:56:26
202510020812,12,トーホウフランゴ,92.5,15.0,2026/07/23 08:56:26
202510020812,12,トーホウフランゴ,92.5,15.0,2026/07/23 08:56:26
202510020812,12,トーホウフランゴ,92.5,15.0,2026/07/23 08:56:26
202510020812,12,トーホウフランゴ,92.5,15.0,2026/07/23 08:56:26
202510020812,12,トーホウフランゴ,92.5,15.0,2026/07/23 08:56:26
202510020812,12,トーホウフランゴ,92.5,15.0,2026/07/23 08:56:26
202510020812,12,トーホウフランゴ,92.5,15.0,2026/07/23 08:56:26
202510020812,12,トーホウフランゴ,92.5,15.0,2026/07/23 08:56:26
202510020812,12,トーホウフランゴ,92.5,15.0,2026/07/23 08:56:26
202510020812,12,トーホウフランゴ,92.5,15.0,2026/07/23 08:56:26
202510020812,12,トーホウフランゴ,92.5,15.0,2026/07/23 08:56:26
202510020812,12,トーホウフランゴ,92.5,15.0,2026/07/23 08:56:26
202510020812,12,トーホウフランゴ,92.5,15.0,2026/07/23 08:56:26
202510020812,1,ヒーローインチーフ,20.8,6.0,2026/07/23 08:56:26
202510020812,1,ヒーローインチーフ,20.8,6.0,2026/07/23 08:56:26
202510020812,1,ヒーローインチーフ,20.8,6.0,2026/07/23 08:56:26
202510020812,1,ヒーローインチーフ,20.8,6.0,2026/07/23 08:56:26
202510020812,1,ヒーローインチーフ,20.8,6.0,2026/07/23 08:56:26
202510020812,1,ヒーローインチーフ,20.8,6.0,2026/07/23 08:56:26
202510020812,1,ヒーローインチーフ,20.8,6.0,2026/07/23 08:56:26
202510020812,1,ヒーローインチーフ,20.8,6.0,2026/07/23 08:56:26
202510020812,1,ヒーローインチーフ,20.8,6.0,2026/07/23 08:56:26
202510020812,1,ヒーローインチーフ,20.8,6.0,2026/07/23 08:56:26
202510020812,1,ヒーローインチーフ,20.8,6.0,2026/07/23 08:56:26
202510020812,1,ヒーローインチーフ,20.8,6.0,2026/07/23 08:56:26
202510020812,1,ヒーローインチーフ,20.8,6.0,2026/07/23 08:56:26
202510020812,1,ヒーローインチーフ,20.8,6.0,2026/07/23 08:56:26
202510020812,1,ヒーローインチーフ,20.8,6.0,2026/07/23 08:56:26
202510020812,1,ヒーローインチーフ,20.8,6.0,2026/07/23 08:56:26
202510020812,2,フリッカージャブ,2.1,1.0,2026/07/23 08:56:26
202510020812,2,フリッカージャブ,2.1,1.0,2026/07/23 08:56:26
202510020812,2,フリッカージャブ,2.1,1.0,2026/07/23 08:56:26
202510020812,2,フリッカージャブ,2.1,1.0,2026/07/23 08:56:26
202510020812,2,フリッカージャブ,2.1,1.0,2026/07/23 08:56:26
202510020812,2,フリッカージャブ,2.1,1.0,2026/07/23 08:56:26
202510020812,2,フリッカージャブ,2.1,1.0,2026/07/23 08:56:26
202510020812,2,フリッカージャブ,2.1,1.0,2026/07/23 08:56:26
202510020812,2,フリッカージャブ,2.1,1.0,2026/07/23 08:56:26
202510020812,2,フリッカージャブ,2.1,1.0,2026/07/23 08:56:26
202510020812,2,フリッカージャブ,2.1,1.0,2026/07/23 08:56:26
202510020812,2,フリッカージャブ,2.1,1.0,2026/07/23 08:56:26
202510020812,2,フリッカージャブ,2.1,1.0,2026/07/23 08:56:26
202510020812,2,フリッカージャブ,2.1,1.0,2026/07/23 08:56:26
202510020812,2,フリッカージャブ,2.1,1.0,2026/07/23 08:56:26
202510020812,2,フリッカージャブ,2.1,1.0,2026/07/23 08:56:26
202510020812,15,ベンガン,111.0,16.0,2026/07/23 08:56:26
202510020812,15,ベンガン,111.0,16.0,2026/07/23 08:56:26
202510020812,15,ベンガン,111.0,16.0,2026/07/23 08:56:26
202510020812,15,ベンガン,111.0,16.0,2026/07/23 08:56:26
202510020812,15,ベンガン,111.0,16.0,2026/07/23 08:56:26
202510020812,15,ベンガン,111.0,16.0,2026/07/23 08:56:26
202510020812,15,ベンガン,111.0,16.0,2026/07/23 08:56:26
202510020812,15,ベンガン,111.0,16.0,2026/07/23 08:56:26
202510020812,15,ベンガン,111.0,16.0,2026/07/23 08:56:26
202510020812,15,ベンガン,111.0,16.0,2026/07/23 08:56:26
202510020812,15,ベンガン,111.0,16.0,2026/07/23 08:56:26
202510020812,15,ベンガン,111.0,16.0,2026/07/23 08:56:26
202510020812,15,ベンガン,111.0,16.0,2026/07/23 08:56:26
202510020812,15,ベンガン,111.0,16.0,2026/07/23 08:56:26
202510020812,15,ベンガン,111.0,16.0,2026/07/23 08:56:26
202510020812,15,ベンガン,111.0,16.0,2026/07/23 08:56:26
202510020812,4,メイショウコギク,82.4,14.0,2026/07/23 08:56:26
202510020812,4,メイショウコギク,82.4,14.0,2026/07/23 08:56:26
202510020812,4,メイショウコギク,82.4,14.0,2026/07/23 08:56:26
202510020812,4,メイショウコギク,82.4,14.0,2026/07/23 08:56:26
202510020812,4,メイショウコギク,82.4,14.0,2026/07/23 08:56:26
202510020812,4,メイショウコギク,82.4,14.0,2026/07/23 08:56:26
202510020812,4,メイショウコギク,82.4,14.0,2026/07/23 08:56:26
202510020812,4,メイショウコギク,82.4,14.0,2026/07/23 08:56:26
202510020812,4,メイショウコギク,82.4,14.0,2026/07/23 08:56:26
202510020812,4,メイショウコギク,82.4,14.0,2026/07/23 08:56:26
202510020812,4,メイショウコギク,82.4,14.0,2026/07/23 08:56:26
202510020812,4,メイショウコギク,82.4,14.0,2026/07/23 08:56:26
202510020812,4,メイショウコギク,82.4,14.0,2026/07/23 08:56:26
202510020812,4,メイショウコギク,82.4,14.0,2026/07/23 08:56:26
202510020812,4,メイショウコギク,82.4,14.0,2026/07/23 08:56:26
202510020812,4,メイショウコギク,82.4,14.0,2026/07/23 08:56:26
202510020812,17,ロードマイライフ,29.0,8.0,2026/07/23 08:56:26
202510020812,17,ロードマイライフ,29.0,8.0,2026/07/23 08:56:26
202510020812,17,ロードマイライフ,29.0,8.0,2026/07/23 08:56:26
202510020812,17,ロードマイライフ,29.0,8.0,2026/07/23 08:56:26
202510020812,17,ロードマイライフ,29.0,8.0,2026/07/23 08:56:26
202510020812,17,ロードマイライフ,29.0,8.0,2026/07/23 08:56:26
202510020812,17,ロードマイライフ,29.0,8.0,2026/07/23 08:56:26
202510020812,17,ロードマイライフ,29.0,8.0,2026/07/23 08:56:26
202510020812,17,ロードマイライフ,29.0,8.0,2026/07/23 08:56:26
202510020812,17,ロードマイライフ,29.0,8.0,2026/07/23 08:56:26
202510020812,17,ロードマイライフ,29.0,8.0,2026/07/23 08:56:26
202510020812,17,ロードマイライフ,29.0,8.0,2026/07/23 08:56:26
202510020812,17,ロードマイライフ,29.0,8.0,2026/07/23 08:56:26
202510020812,17,ロードマイライフ,29.0,8.0,2026/07/23 08:56:26
202510020812,17,ロードマイライフ,29.0,8.0,2026/07/23 08:56:26
202510020812,17,ロードマイライフ,29.0,8.0,2026/07/23 08:56:26
202510020812,8,アオイレーギーナ,13.2,4.0,2026/07/23 09:00:15
202510020812,8,アオイレーギーナ,13.2,4.0,2026/07/23 09:00:15
202510020812,8,アオイレーギーナ,13.2,4.0,2026/07/23 09:00:15
202510020812,8,アオイレーギーナ,13.2,4.0,2026/07/23 09:00:15
202510020812,8,アオイレーギーナ,13.2,4.0,2026/07/23 09:00:15
202510020812,8,アオイレーギーナ,13.2,4.0,2026/07/23 09:00:15
202510020812,8,アオイレーギーナ,13.2,4.0,2026/07/23 09:00:15
202510020812,8,アオイレーギーナ,13.2,4.0,2026/07/23 09:00:15
202510020812,8,アオイレーギーナ,13.2,4.0,2026/07/23 09:00:15
202510020812,8,アオイレーギーナ,13.2,4.0,2026/07/23 09:00:15
202510020812,8,アオイレーギーナ,13.2,4.0,2026/07/23 09:00:15
202510020812,8,アオイレーギーナ,13.2,4.0,2026/07/23 09:00:15
202510020812,8,アオイレーギーナ,13.2,4.0,2026/07/23 09:00:15
202510020812,8,アオイレーギーナ,13.2,4.0,2026/07/23 09:00:15
202510020812,8,アオイレーギーナ,13.2,4.0,2026/07/23 09:00:15
202510020812,8,アオイレーギーナ,13.2,4.0,2026/07/23 09:00:15
202510020812,7,インテンソ,167.9,18.0,2026/07/23 09:00:15
202510020812,7,インテンソ,167.9,18.0,2026/07/23 09:00:15
202510020812,7,インテンソ,167.9,18.0,2026/07/23 09:00:15
202510020812,7,インテンソ,167.9,18.0,2026/07/23 09:00:15
202510020812,7,インテンソ,167.9,18.0,2026/07/23 09:00:15
202510020812,7,インテンソ,167.9,18.0,2026/07/23 09:00:15
202510020812,7,インテンソ,167.9,18.0,2026/07/23 09:00:15
202510020812,7,インテンソ,167.9,18.0,2026/07/23 09:00:15
202510020812,7,インテンソ,167.9,18.0,2026/07/23 09:00:15
202510020812,7,インテンソ,167.9,18.0,2026/07/23 09:00:15
202510020812,7,インテンソ,167.9,18.0,2026/07/23 09:00:15
202510020812,7,インテンソ,167.9,18.0,2026/07/23 09:00:15
202510020812,7,インテンソ,167.9,18.0,2026/07/23 09:00:15
202510020812,7,インテンソ,167.9,18.0,2026/07/23 09:00:15
202510020812,7,インテンソ,167.9,18.0,2026/07/23 09:00:15
202510020812,7,インテンソ,167.9,18.0,2026/07/23 09:00:15
202510020812,18,インブロリオ,4.3,2.0,2026/07/23 09:00:15
202510020812,18,インブロリオ,4.3,2.0,2026/07/23 09:00:15
202510020812,18,インブロリオ,4.3,2.0,2026/07/23 09:00:15
202510020812,18,インブロリオ,4.3,2.0,2026/07/23 09:00:15
202510020812,18,インブロリオ,4.3,2.0,2026/07/23 09:00:15
202510020812,18,インブロリオ,4.3,2.0,2026/07/23 09:00:15
202510020812,18,インブロリオ,4.3,2.0,2026/07/23 09:00:15
202510020812,18,インブロリオ,4.3,2.0,2026/07/23 09:00:15
202510020812,18,インブロリオ,4.3,2.0,2026/07/23 09:00:15
202510020812,18,インブロリオ,4.3,2.0,2026/07/23 09:00:15
202510020812,18,インブロリオ,4.3,2.0,2026/07/23 09:00:15
202510020812,18,インブロリオ,4.3,2.0,2026/07/23 09:00:15
202510020812,18,インブロリオ,4.3,2.0,2026/07/23 09:00:15
202510020812,18,インブロリオ,4.3,2.0,2026/07/23 09:00:15
202510020812,18,インブロリオ,4.3,2.0,2026/07/23 09:00:15
202510020812,18,インブロリオ,4.3,2.0,2026/07/23 09:00:15
202510020812,6,ガリレイ,77.2,13.0,2026/07/23 09:00:15
202510020812,6,ガリレイ,77.2,13.0,2026/07/23 09:00:15
202510020812,6,ガリレイ,77.2,13.0,2026/07/23 09:00:15
202510020812,6,ガリレイ,77.2,13.0,2026/07/23 09:00:15
202510020812,6,ガリレイ,77.2,13.0,2026/07/23 09:00:15
202510020812,6,ガリレイ,77.2,13.0,2026/07/23 09:00:15
202510020812,6,ガリレイ,77.2,13.0,2026/07/23 09:00:15
202510020812,6,ガリレイ,77.2,13.0,2026/07/23 09:00:15
202510020812,6,ガリレイ,77.2,13.0,2026/07/23 09:00:15
202510020812,6,ガリレイ,77.2,13.0,2026/07/23 09:00:15
202510020812,6,ガリレイ,77.2,13.0,2026/07/23 09:00:15
202510020812,6,ガリレイ,77.2,13.0,2026/07/23 09:00:15
202510020812,6,ガリレイ,77.2,13.0,2026/07/23 09:00:15
202510020812,6,ガリレイ,77.2,13.0,2026/07/23 09:00:15
202510020812,6,ガリレイ,77.2,13.0,2026/07/23 09:00:15
202510020812,6,ガリレイ,77.2,13.0,2026/07/23 09:00:15
202510020812,13,キャッスルレイク,22.1,7.0,2026/07/23 09:00:15
202510020812,13,キャッスルレイク,22.1,7.0,2026/07/23 09:00:15
202510020812,13,キャッスルレイク,22.1,7.0,2026/07/23 09:00:15
202510020812,13,キャッスルレイク,22.1,7.0,2026/07/23 09:00:15
202510020812,13,キャッスルレイク,22.1,7.0,2026/07/23 09:00:15
202510020812,13,キャッスルレイク,22.1,7.0,2026/07/23 09:00:15
202510020812,13,キャッスルレイク,22.1,7.0,2026/07/23 09:00:15
202510020812,13,キャッスルレイク,22.1,7.0,2026/07/23 09:00:15
202510020812,13,キャッスルレイク,22.1,7.0,2026/07/23 09:00:15
202510020812,13,キャッスルレイク,22.1,7.0,2026/07/23 09:00:15
202510020812,13,キャッスルレイク,22.1,7.0,2026/07/23 09:00:15
202510020812,13,キャッスルレイク,22.1,7.0,2026/07/23 09:00:15
202510020812,13,キャッスルレイク,22.1,7.0,2026/07/23 09:00:15
202510020812,13,キャッスルレイク,22.1,7.0,2026/07/23 09:00:15
202510020812,13,キャッスルレイク,22.1,7.0,2026/07/23 09:00:15
202510020812,13,キャッスルレイク,22.1,7.0,2026/07/23 09:00:15
202510020812,3,サトノプリエール,31.8,9.0,2026/07/23 09:00:15
202510020812,3,サトノプリエール,31.8,9.0,2026/07/23 09:00:15
202510020812,3,サトノプリエール,31.8,9.0,2026/07/23 09:00:15
202510020812,3,サトノプリエール,31.8,9.0,2026/07/23 09:00:15
202510020812,3,サトノプリエール,31.8,9.0,2026/07/23 09:00:15
202510020812,3,サトノプリエール,31.8,9.0,2026/07/23 09:00:15
202510020812,3,サトノプリエール,31.8,9.0,2026/07/23 09:00:15
202510020812,3,サトノプリエール,31.8,9.0,2026/07/23 09:00:15
202510020812,3,サトノプリエール,31.8,9.0,2026/07/23 09:00:15
202510020812,3,サトノプリエール,31.8,9.0,2026/07/23 09:00:15
202510020812,3,サトノプリエール,31.8,9.0,2026/07/23 09:00:15
202510020812,3,サトノプリエール,31.8,9.0,2026/07/23 09:00:15
202510020812,3,サトノプリエール,31.8,9.0,2026/07/23 09:00:15
202510020812,3,サトノプリエール,31.8,9.0,2026/07/23 09:00:15
202510020812,3,サトノプリエール,31.8,9.0,2026/07/23 09:00:15
202510020812,3,サトノプリエール,31.8,9.0,2026/07/23 09:00:15
202510020812,11,サンドロナイト,33.1,10.0,2026/07/23 09:00:15
202510020812,11,サンドロナイト,33.1,10.0,2026/07/23 09:00:15
202510020812,11,サンドロナイト,33.1,10.0,2026/07/23 09:00:15
202510020812,11,サンドロナイト,33.1,10.0,2026/07/23 09:00:15
202510020812,11,サンドロナイト,33.1,10.0,2026/07/23 09:00:15
202510020812,11,サンドロナイト,33.1,10.0,2026/07/23 09:00:15
202510020812,11,サンドロナイト,33.1,10.0,2026/07/23 09:00:15
202510020812,11,サンドロナイト,33.1,10.0,2026/07/23 09:00:15
202510020812,11,サンドロナイト,33.1,10.0,2026/07/23 09:00:15
202510020812,11,サンドロナイト,33.1,10.0,2026/07/23 09:00:15
202510020812,11,サンドロナイト,33.1,10.0,2026/07/23 09:00:15
202510020812,11,サンドロナイト,33.1,10.0,2026/07/23 09:00:15
202510020812,11,サンドロナイト,33.1,10.0,2026/07/23 09:00:15
202510020812,11,サンドロナイト,33.1,10.0,2026/07/23 09:00:15
202510020812,11,サンドロナイト,33.1,10.0,2026/07/23 09:00:15
202510020812,11,サンドロナイト,33.1,10.0,2026/07/23 09:00:15
202510020812,16,システムリブート,18.1,5.0,2026/07/23 09:00:15
202510020812,16,システムリブート,18.1,5.0,2026/07/23 09:00:15
202510020812,16,システムリブート,18.1,5.0,2026/07/23 09:00:15
202510020812,16,システムリブート,18.1,5.0,2026/07/23 09:00:15
202510020812,16,システムリブート,18.1,5.0,2026/07/23 09:00:15
202510020812,16,システムリブート,18.1,5.0,2026/07/23 09:00:15
202510020812,16,システムリブート,18.1,5.0,2026/07/23 09:00:15
202510020812,16,システムリブート,18.1,5.0,2026/07/23 09:00:15
202510020812,16,システムリブート,18.1,5.0,2026/07/23 09:00:15
202510020812,16,システムリブート,18.1,5.0,2026/07/23 09:00:15
202510020812,16,システムリブート,18.1,5.0,2026/07/23 09:00:15
202510020812,16,システムリブート,18.1,5.0,2026/07/23 09:00:15
202510020812,16,システムリブート,18.1,5.0,2026/07/23 09:00:15
202510020812,16,システムリブート,18.1,5.0,2026/07/23 09:00:15
202510020812,16,システムリブート,18.1,5.0,2026/07/23 09:00:15
202510020812,16,システムリブート,18.1,5.0,2026/07/23 09:00:15
202510020812,14,スリールミニョン,7.2,3.0,2026/07/23 09:00:15
202510020812,14,スリールミニョン,7.2,3.0,2026/07/23 09:00:15
202510020812,14,スリールミニョン,7.2,3.0,2026/07/23 09:00:15
202510020812,14,スリールミニョン,7.2,3.0,2026/07/23 09:00:15
202510020812,14,スリールミニョン,7.2,3.0,2026/07/23 09:00:15
202510020812,14,スリールミニョン,7.2,3.0,2026/07/23 09:00:15
202510020812,14,スリールミニョン,7.2,3.0,2026/07/23 09:00:15
202510020812,14,スリールミニョン,7.2,3.0,2026/07/23 09:00:15
202510020812,14,スリールミニョン,7.2,3.0,2026/07/23 09:00:15
202510020812,14,スリールミニョン,7.2,3.0,2026/07/23 09:00:15
202510020812,14,スリールミニョン,7.2,3.0,2026/07/23 09:00:15
202510020812,14,スリールミニョン,7.2,3.0,2026/07/23 09:00:15
202510020812,14,スリールミニョン,7.2,3.0,2026/07/23 09:00:15
202510020812,14,スリールミニョン,7.2,3.0,2026/07/23 09:00:15
202510020812,14,スリールミニョン,7.2,3.0,2026/07/23 09:00:15
202510020812,14,スリールミニョン,7.2,3.0,2026/07/23 09:00:15
202510020812,5,タガノスペルノヴァ,120.4,17.0,2026/07/23 09:00:15
202510020812,5,タガノスペルノヴァ,120.4,17.0,2026/07/23 09:00:15
202510020812,5,タガノスペルノヴァ,120.4,17.0,2026/07/23 09:00:15
202510020812,5,タガノスペルノヴァ,120.4,17.0,2026/07/23 09:00:15
202510020812,5,タガノスペルノヴァ,120.4,17.0,2026/07/23 09:00:15
202510020812,5,タガノスペルノヴァ,120.4,17.0,2026/07/23 09:00:15
202510020812,5,タガノスペルノヴァ,120.4,17.0,2026/07/23 09:00:15
202510020812,5,タガノスペルノヴァ,120.4,17.0,2026/07/23 09:00:15
202510020812,5,タガノスペルノヴァ,120.4,17.0,2026/07/23 09:00:15
202510020812,5,タガノスペルノヴァ,120.4,17.0,2026/07/23 09:00:15
202510020812,5,タガノスペルノヴァ,120.4,17.0,2026/07/23 09:00:15
202510020812,5,タガノスペルノヴァ,120.4,17.0,2026/07/23 09:00:15
202510020812,5,タガノスペルノヴァ,120.4,17.0,2026/07/23 09:00:15
202510020812,5,タガノスペルノヴァ,120.4,17.0,2026/07/23 09:00:15
202510020812,5,タガノスペルノヴァ,120.4,17.0,2026/07/23 09:00:15
202510020812,5,タガノスペルノヴァ,120.4,17.0,2026/07/23 09:00:15
202510020812,9,テーオースパロー,71.3,12.0,2026/07/23 09:00:15
202510020812,9,テーオースパロー,71.3,12.0,2026/07/23 09:00:15
202510020812,9,テーオースパロー,71.3,12.0,2026/07/23 09:00:15
202510020812,9,テーオースパロー,71.3,12.0,2026/07/23 09:00:15
202510020812,9,テーオースパロー,71.3,12.0,2026/07/23 09:00:15
202510020812,9,テーオースパロー,71.3,12.0,2026/07/23 09:00:15
202510020812,9,テーオースパロー,71.3,12.0,2026/07/23 09:00:15
202510020812,9,テーオースパロー,71.3,12.0,2026/07/23 09:00:15
202510020812,9,テーオースパロー,71.3,12.0,2026/07/23 09:00:15
202510020812,9,テーオースパロー,71.3,12.0,2026/07/23 09:00:15
202510020812,9,テーオースパロー,71.3,12.0,2026/07/23 09:00:15
202510020812,9,テーオースパロー,71.3,12.0,2026/07/23 09:00:15
202510020812,9,テーオースパロー,71.3,12.0,2026/07/23 09:00:15
202510020812,9,テーオースパロー,71.3,12.0,2026/07/23 09:00:15
202510020812,9,テーオースパロー,71.3,12.0,2026/07/23 09:00:15
202510020812,9,テーオースパロー,71.3,12.0,2026/07/23 09:00:15
202510020812,10,ディアドコス,35.1,11.0,2026/07/23 09:00:15
202510020812,10,ディアドコス,35.1,11.0,2026/07/23 09:00:15
202510020812,10,ディアドコス,35.1,11.0,2026/07/23 09:00:15
202510020812,10,ディアドコス,35.1,11.0,2026/07/23 09:00:15
202510020812,10,ディアドコス,35.1,11.0,2026/07/23 09:00:15
202510020812,10,ディアドコス,35.1,11.0,2026/07/23 09:00:15
202510020812,10,ディアドコス,35.1,11.0,2026/07/23 09:00:15
202510020812,10,ディアドコス,35.1,11.0,2026/07/23 09:00:15
202510020812,10,ディアドコス,35.1,11.0,2026/07/23 09:00:15
202510020812,10,ディアドコス,35.1,11.0,2026/07/23 09:00:15
202510020812,10,ディアドコス,35.1,11.0,2026/07/23 09:00:15
202510020812,10,ディアドコス,35.1,11.0,2026/07/23 09:00:15
202510020812,10,ディアドコス,35.1,11.0,2026/07/23 09:00:15
202510020812,10,ディアドコス,35.1,11.0,2026/07/23 09:00:15
202510020812,10,ディアドコス,35.1,11.0,2026/07/23 09:00:15
202510020812,10,ディアドコス,35.1,11.0,2026/07/23 09:00:15
202510020812,12,トーホウフランゴ,92.5,15.0,2026/07/23 09:00:15
202510020812,12,トーホウフランゴ,92.5,15.0,2026/07/23 09:00:15
202510020812,12,トーホウフランゴ,92.5,15.0,2026/07/23 09:00:15
202510020812,12,トーホウフランゴ,92.5,15.0,2026/07/23 09:00:15
202510020812,12,トーホウフランゴ,92.5,15.0,2026/07/23 09:00:15
202510020812,12,トーホウフランゴ,92.5,15.0,2026/07/23 09:00:15
202510020812,12,トーホウフランゴ,92.5,15.0,2026/07/23 09:00:15
202510020812,12,トーホウフランゴ,92.5,15.0,2026/07/23 09:00:15
202510020812,12,トーホウフランゴ,92.5,15.0,2026/07/23 09:00:15
202510020812,12,トーホウフランゴ,92.5,15.0,2026/07/23 09:00:15
202510020812,12,トーホウフランゴ,92.5,15.0,2026/07/23 09:00:15
202510020812,12,トーホウフランゴ,92.5,15.0,2026/07/23 09:00:15
202510020812,12,トーホウフランゴ,92.5,15.0,2026/07/23 09:00:15
202510020812,12,トーホウフランゴ,92.5,15.0,2026/07/23 09:00:15
202510020812,12,トーホウフランゴ,92.5,15.0,2026/07/23 09:00:15
202510020812,12,トーホウフランゴ,92.5,15.0,2026/07/23 09:00:15
202510020812,1,ヒーローインチーフ,20.8,6.0,2026/07/23 09:00:15
202510020812,1,ヒーローインチーフ,20.8,6.0,2026/07/23 09:00:15
202510020812,1,ヒーローインチーフ,20.8,6.0,2026/07/23 09:00:15
202510020812,1,ヒーローインチーフ,20.8,6.0,2026/07/23 09:00:15
202510020812,1,ヒーローインチーフ,20.8,6.0,2026/07/23 09:00:15
202510020812,1,ヒーローインチーフ,20.8,6.0,2026/07/23 09:00:15
202510020812,1,ヒーローインチーフ,20.8,6.0,2026/07/23 09:00:15
202510020812,1,ヒーローインチーフ,20.8,6.0,2026/07/23 09:00:15
202510020812,1,ヒーローインチーフ,20.8,6.0,2026/07/23 09:00:15
202510020812,1,ヒーローインチーフ,20.8,6.0,2026/07/23 09:00:15
202510020812,1,ヒーローインチーフ,20.8,6.0,2026/07/23 09:00:15
202510020812,1,ヒーローインチーフ,20.8,6.0,2026/07/23 09:00:15
202510020812,1,ヒーローインチーフ,20.8,6.0,2026/07/23 09:00:15
202510020812,1,ヒーローインチーフ,20.8,6.0,2026/07/23 09:00:15
202510020812,1,ヒーローインチーフ,20.8,6.0,2026/07/23 09:00:15
202510020812,1,ヒーローインチーフ,20.8,6.0,2026/07/23 09:00:15
202510020812,2,フリッカージャブ,2.1,1.0,2026/07/23 09:00:15
202510020812,2,フリッカージャブ,2.1,1.0,2026/07/23 09:00:15
202510020812,2,フリッカージャブ,2.1,1.0,2026/07/23 09:00:15
202510020812,2,フリッカージャブ,2.1,1.0,2026/07/23 09:00:15
202510020812,2,フリッカージャブ,2.1,1.0,2026/07/23 09:00:15
202510020812,2,フリッカージャブ,2.1,1.0,2026/07/23 09:00:15
202510020812,2,フリッカージャブ,2.1,1.0,2026/07/23 09:00:15
202510020812,2,フリッカージャブ,2.1,1.0,2026/07/23 09:00:15
202510020812,2,フリッカージャブ,2.1,1.0,2026/07/23 09:00:15
202510020812,2,フリッカージャブ,2.1,1.0,2026/07/23 09:00:15
202510020812,2,フリッカージャブ,2.1,1.0,2026/07/23 09:00:15
202510020812,2,フリッカージャブ,2.1,1.0,2026/07/23 09:00:15
202510020812,2,フリッカージャブ,2.1,1.0,2026/07/23 09:00:15
202510020812,2,フリッカージャブ,2.1,1.0,2026/07/23 09:00:15
202510020812,2,フリッカージャブ,2.1,1.0,2026/07/23 09:00:15
202510020812,2,フリッカージャブ,2.1,1.0,2026/07/23 09:00:15
202510020812,15,ベンガン,111.0,16.0,2026/07/23 09:00:15
202510020812,15,ベンガン,111.0,16.0,2026/07/23 09:00:15
202510020812,15,ベンガン,111.0,16.0,2026/07/23 09:00:15
202510020812,15,ベンガン,111.0,16.0,2026/07/23 09:00:15
202510020812,15,ベンガン,111.0,16.0,2026/07/23 09:00:15
202510020812,15,ベンガン,111.0,16.0,2026/07/23 09:00:15
202510020812,15,ベンガン,111.0,16.0,2026/07/23 09:00:15
202510020812,15,ベンガン,111.0,16.0,2026/07/23 09:00:15
202510020812,15,ベンガン,111.0,16.0,2026/07/23 09:00:15
202510020812,15,ベンガン,111.0,16.0,2026/07/23 09:00:15
202510020812,15,ベンガン,111.0,16.0,2026/07/23 09:00:15
202510020812,15,ベンガン,111.0,16.0,2026/07/23 09:00:15
202510020812,15,ベンガン,111.0,16.0,2026/07/23 09:00:15
202510020812,15,ベンガン,111.0,16.0,2026/07/23 09:00:15
202510020812,15,ベンガン,111.0,16.0,2026/07/23 09:00:15
202510020812,15,ベンガン,111.0,16.0,2026/07/23 09:00:15
202510020812,4,メイショウコギク,82.4,14.0,2026/07/23 09:00:15
202510020812,4,メイショウコギク,82.4,14.0,2026/07/23 09:00:15
202510020812,4,メイショウコギク,82.4,14.0,2026/07/23 09:00:15
202510020812,4,メイショウコギク,82.4,14.0,2026/07/23 09:00:15
202510020812,4,メイショウコギク,82.4,14.0,2026/07/23 09:00:15
202510020812,4,メイショウコギク,82.4,14.0,2026/07/23 09:00:15
202510020812,4,メイショウコギク,82.4,14.0,2026/07/23 09:00:15
202510020812,4,メイショウコギク,82.4,14.0,2026/07/23 09:00:15
202510020812,4,メイショウコギク,82.4,14.0,2026/07/23 09:00:15
202510020812,4,メイショウコギク,82.4,14.0,2026/07/23 09:00:15
202510020812,4,メイショウコギク,82.4,14.0,2026/07/23 09:00:15
202510020812,4,メイショウコギク,82.4,14.0,2026/07/23 09:00:15
202510020812,4,メイショウコギク,82.4,14.0,2026/07/23 09:00:15
202510020812,4,メイショウコギク,82.4,14.0,2026/07/23 09:00:15
202510020812,4,メイショウコギク,82.4,14.0,2026/07/23 09:00:15
202510020812,4,メイショウコギク,82.4,14.0,2026/07/23 09:00:15
202510020812,17,ロードマイライフ,29.0,8.0,2026/07/23 09:00:15
202510020812,17,ロードマイライフ,29.0,8.0,2026/07/23 09:00:15
202510020812,17,ロードマイライフ,29.0,8.0,2026/07/23 09:00:15
202510020812,17,ロードマイライフ,29.0,8.0,2026/07/23 09:00:15
202510020812,17,ロードマイライフ,29.0,8.0,2026/07/23 09:00:15
202510020812,17,ロードマイライフ,29.0,8.0,2026/07/23 09:00:15
202510020812,17,ロードマイライフ,29.0,8.0,2026/07/23 09:00:15
202510020812,17,ロードマイライフ,29.0,8.0,2026/07/23 09:00:15
202510020812,17,ロードマイライフ,29.0,8.0,2026/07/23 09:00:15
202510020812,17,ロードマイライフ,29.0,8.0,2026/07/23 09:00:15
202510020812,17,ロードマイライフ,29.0,8.0,2026/07/23 09:00:15
202510020812,17,ロードマイライフ,29.0,8.0,2026/07/23 09:00:15
202510020812,17,ロードマイライフ,29.0,8.0,2026/07/23 09:00:15
202510020812,17,ロードマイライフ,29.0,8.0,2026/07/23 09:00:15
202510020812,17,ロードマイライフ,29.0,8.0,2026/07/23 09:00:15
202510020812,17,ロードマイライフ,29.0,8.0,2026/07/23 09:00:15
202510020812,8,アオイレーギーナ,13.2,4.0,2026/07/23 09:03:07
202510020812,8,アオイレーギーナ,13.2,4.0,2026/07/23 09:03:07
202510020812,8,アオイレーギーナ,13.2,4.0,2026/07/23 09:03:07
202510020812,8,アオイレーギーナ,13.2,4.0,2026/07/23 09:03:07
202510020812,8,アオイレーギーナ,13.2,4.0,2026/07/23 09:03:07
202510020812,8,アオイレーギーナ,13.2,4.0,2026/07/23 09:03:07
202510020812,8,アオイレーギーナ,13.2,4.0,2026/07/23 09:03:07
202510020812,8,アオイレーギーナ,13.2,4.0,2026/07/23 09:03:07
202510020812,8,アオイレーギーナ,13.2,4.0,2026/07/23 09:03:07
202510020812,8,アオイレーギーナ,13.2,4.0,2026/07/23 09:03:07
202510020812,8,アオイレーギーナ,13.2,4.0,2026/07/23 09:03:07
202510020812,8,アオイレーギーナ,13.2,4.0,2026/07/23 09:03:07
202510020812,8,アオイレーギーナ,13.2,4.0,2026/07/23 09:03:07
202510020812,8,アオイレーギーナ,13.2,4.0,2026/07/23 09:03:07
202510020812,8,アオイレーギーナ,13.2,4.0,2026/07/23 09:03:07
202510020812,8,アオイレーギーナ,13.2,4.0,2026/07/23 09:03:07
202510020812,7,インテンソ,167.9,18.0,2026/07/23 09:03:07
202510020812,7,インテンソ,167.9,18.0,2026/07/23 09:03:07
202510020812,7,インテンソ,167.9,18.0,2026/07/23 09:03:07
202510020812,7,インテンソ,167.9,18.0,2026/07/23 09:03:07
202510020812,7,インテンソ,167.9,18.0,2026/07/23 09:03:07
202510020812,7,インテンソ,167.9,18.0,2026/07/23 09:03:07
202510020812,7,インテンソ,167.9,18.0,2026/07/23 09:03:07
202510020812,7,インテンソ,167.9,18.0,2026/07/23 09:03:07
202510020812,7,インテンソ,167.9,18.0,2026/07/23 09:03:07
202510020812,7,インテンソ,167.9,18.0,2026/07/23 09:03:07
202510020812,7,インテンソ,167.9,18.0,2026/07/23 09:03:07
202510020812,7,インテンソ,167.9,18.0,2026/07/23 09:03:07
202510020812,7,インテンソ,167.9,18.0,2026/07/23 09:03:07
202510020812,7,インテンソ,167.9,18.0,2026/07/23 09:03:07
202510020812,7,インテンソ,167.9,18.0,2026/07/23 09:03:07
202510020812,7,インテンソ,167.9,18.0,2026/07/23 09:03:07
202510020812,18,インブロリオ,4.3,2.0,2026/07/23 09:03:07
202510020812,18,インブロリオ,4.3,2.0,2026/07/23 09:03:07
202510020812,18,インブロリオ,4.3,2.0,2026/07/23 09:03:07
202510020812,18,インブロリオ,4.3,2.0,2026/07/23 09:03:07
202510020812,18,インブロリオ,4.3,2.0,2026/07/23 09:03:07
202510020812,18,インブロリオ,4.3,2.0,2026/07/23 09:03:07
202510020812,18,インブロリオ,4.3,2.0,2026/07/23 09:03:07
202510020812,18,インブロリオ,4.3,2.0,2026/07/23 09:03:07
202510020812,18,インブロリオ,4.3,2.0,2026/07/23 09:03:07
202510020812,18,インブロリオ,4.3,2.0,2026/07/23 09:03:07
202510020812,18,インブロリオ,4.3,2.0,2026/07/23 09:03:07
202510020812,18,インブロリオ,4.3,2.0,2026/07/23 09:03:07
202510020812,18,インブロリオ,4.3,2.0,2026/07/23 09:03:07
202510020812,18,インブロリオ,4.3,2.0,2026/07/23 09:03:07
202510020812,18,インブロリオ,4.3,2.0,2026/07/23 09:03:07
202510020812,18,インブロリオ,4.3,2.0,2026/07/23 09:03:07
202510020812,6,ガリレイ,77.2,13.0,2026/07/23 09:03:07
202510020812,6,ガリレイ,77.2,13.0,2026/07/23 09:03:07
202510020812,6,ガリレイ,77.2,13.0,2026/07/23 09:03:07
202510020812,6,ガリレイ,77.2,13.0,2026/07/23 09:03:07
202510020812,6,ガリレイ,77.2,13.0,2026/07/23 09:03:07
202510020812,6,ガリレイ,77.2,13.0,2026/07/23 09:03:07
202510020812,6,ガリレイ,77.2,13.0,2026/07/23 09:03:07
202510020812,6,ガリレイ,77.2,13.0,2026/07/23 09:03:07
202510020812,6,ガリレイ,77.2,13.0,2026/07/23 09:03:07
202510020812,6,ガリレイ,77.2,13.0,2026/07/23 09:03:07
202510020812,6,ガリレイ,77.2,13.0,2026/07/23 09:03:07
202510020812,6,ガリレイ,77.2,13.0,2026/07/23 09:03:07
202510020812,6,ガリレイ,77.2,13.0,2026/07/23 09:03:07
202510020812,6,ガリレイ,77.2,13.0,2026/07/23 09:03:07
202510020812,6,ガリレイ,77.2,13.0,2026/07/23 09:03:07
202510020812,6,ガリレイ,77.2,13.0,2026/07/23 09:03:07
202510020812,13,キャッスルレイク,22.1,7.0,2026/07/23 09:03:07
202510020812,13,キャッスルレイク,22.1,7.0,2026/07/23 09:03:07
202510020812,13,キャッスルレイク,22.1,7.0,2026/07/23 09:03:07
202510020812,13,キャッスルレイク,22.1,7.0,2026/07/23 09:03:07
202510020812,13,キャッスルレイク,22.1,7.0,2026/07/23 09:03:07
202510020812,13,キャッスルレイク,22.1,7.0,2026/07/23 09:03:07
202510020812,13,キャッスルレイク,22.1,7.0,2026/07/23 09:03:07
202510020812,13,キャッスルレイク,22.1,7.0,2026/07/23 09:03:07
202510020812,13,キャッスルレイク,22.1,7.0,2026/07/23 09:03:07
202510020812,13,キャッスルレイク,22.1,7.0,2026/07/23 09:03:07
202510020812,13,キャッスルレイク,22.1,7.0,2026/07/23 09:03:07
202510020812,13,キャッスルレイク,22.1,7.0,2026/07/23 09:03:07
202510020812,13,キャッスルレイク,22.1,7.0,2026/07/23 09:03:07
202510020812,13,キャッスルレイク,22.1,7.0,2026/07/23 09:03:07
202510020812,13,キャッスルレイク,22.1,7.0,2026/07/23 09:03:07
202510020812,13,キャッスルレイク,22.1,7.0,2026/07/23 09:03:07
202510020812,3,サトノプリエール,31.8,9.0,2026/07/23 09:03:07
202510020812,3,サトノプリエール,31.8,9.0,2026/07/23 09:03:07
202510020812,3,サトノプリエール,31.8,9.0,2026/07/23 09:03:07
202510020812,3,サトノプリエール,31.8,9.0,2026/07/23 09:03:07
202510020812,3,サトノプリエール,31.8,9.0,2026/07/23 09:03:07
202510020812,3,サトノプリエール,31.8,9.0,2026/07/23 09:03:07
202510020812,3,サトノプリエール,31.8,9.0,2026/07/23 09:03:07
202510020812,3,サトノプリエール,31.8,9.0,2026/07/23 09:03:07
202510020812,3,サトノプリエール,31.8,9.0,2026/07/23 09:03:07
202510020812,3,サトノプリエール,31.8,9.0,2026/07/23 09:03:07
202510020812,3,サトノプリエール,31.8,9.0,2026/07/23 09:03:07
202510020812,3,サトノプリエール,31.8,9.0,2026/07/23 09:03:07
202510020812,3,サトノプリエール,31.8,9.0,2026/07/23 09:03:07
202510020812,3,サトノプリエール,31.8,9.0,2026/07/23 09:03:07
202510020812,3,サトノプリエール,31.8,9.0,2026/07/23 09:03:07
202510020812,3,サトノプリエール,31.8,9.0,2026/07/23 09:03:07
202510020812,11,サンドロナイト,33.1,10.0,2026/07/23 09:03:07
202510020812,11,サンドロナイト,33.1,10.0,2026/07/23 09:03:07
202510020812,11,サンドロナイト,33.1,10.0,2026/07/23 09:03:07
202510020812,11,サンドロナイト,33.1,10.0,2026/07/23 09:03:07
202510020812,11,サンドロナイト,33.1,10.0,2026/07/23 09:03:07
202510020812,11,サンドロナイト,33.1,10.0,2026/07/23 09:03:07
202510020812,11,サンドロナイト,33.1,10.0,2026/07/23 09:03:07
202510020812,11,サンドロナイト,33.1,10.0,2026/07/23 09:03:07
202510020812,11,サンドロナイト,33.1,10.0,2026/07/23 09:03:07
202510020812,11,サンドロナイト,33.1,10.0,2026/07/23 09:03:07
202510020812,11,サンドロナイト,33.1,10.0,2026/07/23 09:03:07
202510020812,11,サンドロナイト,33.1,10.0,2026/07/23 09:03:07
202510020812,11,サンドロナイト,33.1,10.0,2026/07/23 09:03:07
202510020812,11,サンドロナイト,33.1,10.0,2026/07/23 09:03:07
202510020812,11,サンドロナイト,33.1,10.0,2026/07/23 09:03:07
202510020812,11,サンドロナイト,33.1,10.0,2026/07/23 09:03:07
202510020812,16,システムリブート,18.1,5.0,2026/07/23 09:03:07
202510020812,16,システムリブート,18.1,5.0,2026/07/23 09:03:07
202510020812,16,システムリブート,18.1,5.0,2026/07/23 09:03:07
202510020812,16,システムリブート,18.1,5.0,2026/07/23 09:03:07
202510020812,16,システムリブート,18.1,5.0,2026/07/23 09:03:07
202510020812,16,システムリブート,18.1,5.0,2026/07/23 09:03:07
202510020812,16,システムリブート,18.1,5.0,2026/07/23 09:03:07
202510020812,16,システムリブート,18.1,5.0,2026/07/23 09:03:07
202510020812,16,システムリブート,18.1,5.0,2026/07/23 09:03:07
202510020812,16,システムリブート,18.1,5.0,2026/07/23 09:03:07
202510020812,16,システムリブート,18.1,5.0,2026/07/23 09:03:07
202510020812,16,システムリブート,18.1,5.0,2026/07/23 09:03:07
202510020812,16,システムリブート,18.1,5.0,2026/07/23 09:03:07
202510020812,16,システムリブート,18.1,5.0,2026/07/23 09:03:07
202510020812,16,システムリブート,18.1,5.0,2026/07/23 09:03:07
202510020812,16,システムリブート,18.1,5.0,2026/07/23 09:03:07
202510020812,14,スリールミニョン,7.2,3.0,2026/07/23 09:03:07
202510020812,14,スリールミニョン,7.2,3.0,2026/07/23 09:03:07
202510020812,14,スリールミニョン,7.2,3.0,2026/07/23 09:03:07
202510020812,14,スリールミニョン,7.2,3.0,2026/07/23 09:03:07
202510020812,14,スリールミニョン,7.2,3.0,2026/07/23 09:03:07
202510020812,14,スリールミニョン,7.2,3.0,2026/07/23 09:03:07
202510020812,14,スリールミニョン,7.2,3.0,2026/07/23 09:03:07
202510020812,14,スリールミニョン,7.2,3.0,2026/07/23 09:03:07
202510020812,14,スリールミニョン,7.2,3.0,2026/07/23 09:03:07
202510020812,14,スリールミニョン,7.2,3.0,2026/07/23 09:03:07
202510020812,14,スリールミニョン,7.2,3.0,2026/07/23 09:03:07
202510020812,14,スリールミニョン,7.2,3.0,2026/07/23 09:03:07
202510020812,14,スリールミニョン,7.2,3.0,2026/07/23 09:03:07
202510020812,14,スリールミニョン,7.2,3.0,2026/07/23 09:03:07
202510020812,14,スリールミニョン,7.2,3.0,2026/07/23 09:03:07
202510020812,14,スリールミニョン,7.2,3.0,2026/07/23 09:03:07
202510020812,5,タガノスペルノヴァ,120.4,17.0,2026/07/23 09:03:07
202510020812,5,タガノスペルノヴァ,120.4,17.0,2026/07/23 09:03:07
202510020812,5,タガノスペルノヴァ,120.4,17.0,2026/07/23 09:03:07
202510020812,5,タガノスペルノヴァ,120.4,17.0,2026/07/23 09:03:07
202510020812,5,タガノスペルノヴァ,120.4,17.0,2026/07/23 09:03:07
202510020812,5,タガノスペルノヴァ,120.4,17.0,2026/07/23 09:03:07
202510020812,5,タガノスペルノヴァ,120.4,17.0,2026/07/23 09:03:07
202510020812,5,タガノスペルノヴァ,120.4,17.0,2026/07/23 09:03:07
202510020812,5,タガノスペルノヴァ,120.4,17.0,2026/07/23 09:03:07
202510020812,5,タガノスペルノヴァ,120.4,17.0,2026/07/23 09:03:07
202510020812,5,タガノスペルノヴァ,120.4,17.0,2026/07/23 09:03:07
202510020812,5,タガノスペルノヴァ,120.4,17.0,2026/07/23 09:03:07
202510020812,5,タガノスペルノヴァ,120.4,17.0,2026/07/23 09:03:07
202510020812,5,タガノスペルノヴァ,120.4,17.0,2026/07/23 09:03:07
202510020812,5,タガノスペルノヴァ,120.4,17.0,2026/07/23 09:03:07
202510020812,5,タガノスペルノヴァ,120.4,17.0,2026/07/23 09:03:07
202510020812,9,テーオースパロー,71.3,12.0,2026/07/23 09:03:07
202510020812,9,テーオースパロー,71.3,12.0,2026/07/23 09:03:07
202510020812,9,テーオースパロー,71.3,12.0,2026/07/23 09:03:07
202510020812,9,テーオースパロー,71.3,12.0,2026/07/23 09:03:07
202510020812,9,テーオースパロー,71.3,12.0,2026/07/23 09:03:07
202510020812,9,テーオースパロー,71.3,12.0,2026/07/23 09:03:07
202510020812,9,テーオースパロー,71.3,12.0,2026/07/23 09:03:07
202510020812,9,テーオースパロー,71.3,12.0,2026/07/23 09:03:07
202510020812,9,テーオースパロー,71.3,12.0,2026/07/23 09:03:07
202510020812,9,テーオースパロー,71.3,12.0,2026/07/23 09:03:07
202510020812,9,テーオースパロー,71.3,12.0,2026/07/23 09:03:07
202510020812,9,テーオースパロー,71.3,12.0,2026/07/23 09:03:07
202510020812,9,テーオースパロー,71.3,12.0,2026/07/23 09:03:07
202510020812,9,テーオースパロー,71.3,12.0,2026/07/23 09:03:07
202510020812,9,テーオースパロー,71.3,12.0,2026/07/23 09:03:07
202510020812,9,テーオースパロー,71.3,12.0,2026/07/23 09:03:07
202510020812,10,ディアドコス,35.1,11.0,2026/07/23 09:03:07
202510020812,10,ディアドコス,35.1,11.0,2026/07/23 09:03:07
202510020812,10,ディアドコス,35.1,11.0,2026/07/23 09:03:07
202510020812,10,ディアドコス,35.1,11.0,2026/07/23 09:03:07
202510020812,10,ディアドコス,35.1,11.0,2026/07/23 09:03:07
202510020812,10,ディアドコス,35.1,11.0,2026/07/23 09:03:07
202510020812,10,ディアドコス,35.1,11.0,2026/07/23 09:03:07
202510020812,10,ディアドコス,35.1,11.0,2026/07/23 09:03:07
202510020812,10,ディアドコス,35.1,11.0,2026/07/23 09:03:07
202510020812,10,ディアドコス,35.1,11.0,2026/07/23 09:03:07
202510020812,10,ディアドコス,35.1,11.0,2026/07/23 09:03:07
202510020812,10,ディアドコス,35.1,11.0,2026/07/23 09:03:07
202510020812,10,ディアドコス,35.1,11.0,2026/07/23 09:03:07
202510020812,10,ディアドコス,35.1,11.0,2026/07/23 09:03:07
202510020812,10,ディアドコス,35.1,11.0,2026/07/23 09:03:07
202510020812,10,ディアドコス,35.1,11.0,2026/07/23 09:03:07
202510020812,12,トーホウフランゴ,92.5,15.0,2026/07/23 09:03:07
202510020812,12,トーホウフランゴ,92.5,15.0,2026/07/23 09:03:07
202510020812,12,トーホウフランゴ,92.5,15.0,2026/07/23 09:03:07
202510020812,12,トーホウフランゴ,92.5,15.0,2026/07/23 09:03:07
202510020812,12,トーホウフランゴ,92.5,15.0,2026/07/23 09:03:07
202510020812,12,トーホウフランゴ,92.5,15.0,2026/07/23 09:03:07
202510020812,12,トーホウフランゴ,92.5,15.0,2026/07/23 09:03:07
202510020812,12,トーホウフランゴ,92.5,15.0,2026/07/23 09:03:07
202510020812,12,トーホウフランゴ,92.5,15.0,2026/07/23 09:03:07
202510020812,12,トーホウフランゴ,92.5,15.0,2026/07/23 09:03:07
202510020812,12,トーホウフランゴ,92.5,15.0,2026/07/23 09:03:07
202510020812,12,トーホウフランゴ,92.5,15.0,2026/07/23 09:03:07
202510020812,12,トーホウフランゴ,92.5,15.0,2026/07/23 09:03:07
202510020812,12,トーホウフランゴ,92.5,15.0,2026/07/23 09:03:07
202510020812,12,トーホウフランゴ,92.5,15.0,2026/07/23 09:03:07
202510020812,12,トーホウフランゴ,92.5,15.0,2026/07/23 09:03:07
202510020812,1,ヒーローインチーフ,20.8,6.0,2026/07/23 09:03:07
202510020812,1,ヒーローインチーフ,20.8,6.0,2026/07/23 09:03:07
202510020812,1,ヒーローインチーフ,20.8,6.0,2026/07/23 09:03:07
202510020812,1,ヒーローインチーフ,20.8,6.0,2026/07/23 09:03:07
202510020812,1,ヒーローインチーフ,20.8,6.0,2026/07/23 09:03:07
202510020812,1,ヒーローインチーフ,20.8,6.0,2026/07/23 09:03:07
202510020812,1,ヒーローインチーフ,20.8,6.0,2026/07/23 09:03:07
202510020812,1,ヒーローインチーフ,20.8,6.0,2026/07/23 09:03:07
202510020812,1,ヒーローインチーフ,20.8,6.0,2026/07/23 09:03:07
202510020812,1,ヒーローインチーフ,20.8,6.0,2026/07/23 09:03:07
202510020812,1,ヒーローインチーフ,20.8,6.0,2026/07/23 09:03:07
202510020812,1,ヒーローインチーフ,20.8,6.0,2026/07/23 09:03:07
202510020812,1,ヒーローインチーフ,20.8,6.0,2026/07/23 09:03:07
202510020812,1,ヒーローインチーフ,20.8,6.0,2026/07/23 09:03:07
202510020812,1,ヒーローインチーフ,20.8,6.0,2026/07/23 09:03:07
202510020812,1,ヒーローインチーフ,20.8,6.0,2026/07/23 09:03:07
202510020812,2,フリッカージャブ,2.1,1.0,2026/07/23 09:03:07
202510020812,2,フリッカージャブ,2.1,1.0,2026/07/23 09:03:07
202510020812,2,フリッカージャブ,2.1,1.0,2026/07/23 09:03:07
202510020812,2,フリッカージャブ,2.1,1.0,2026/07/23 09:03:07
202510020812,2,フリッカージャブ,2.1,1.0,2026/07/23 09:03:07
202510020812,2,フリッカージャブ,2.1,1.0,2026/07/23 09:03:07
202510020812,2,フリッカージャブ,2.1,1.0,2026/07/23 09:03:07
202510020812,2,フリッカージャブ,2.1,1.0,2026/07/23 09:03:07
202510020812,2,フリッカージャブ,2.1,1.0,2026/07/23 09:03:07
202510020812,2,フリッカージャブ,2.1,1.0,2026/07/23 09:03:07
202510020812,2,フリッカージャブ,2.1,1.0,2026/07/23 09:03:07
202510020812,2,フリッカージャブ,2.1,1.0,2026/07/23 09:03:07
202510020812,2,フリッカージャブ,2.1,1.0,2026/07/23 09:03:07
202510020812,2,フリッカージャブ,2.1,1.0,2026/07/23 09:03:07
202510020812,2,フリッカージャブ,2.1,1.0,2026/07/23 09:03:07
202510020812,2,フリッカージャブ,2.1,1.0,2026/07/23 09:03:07
202510020812,15,ベンガン,111.0,16.0,2026/07/23 09:03:07
202510020812,15,ベンガン,111.0,16.0,2026/07/23 09:03:07
202510020812,15,ベンガン,111.0,16.0,2026/07/23 09:03:07
202510020812,15,ベンガン,111.0,16.0,2026/07/23 09:03:07
202510020812,15,ベンガン,111.0,16.0,2026/07/23 09:03:07
202510020812,15,ベンガン,111.0,16.0,2026/07/23 09:03:07
202510020812,15,ベンガン,111.0,16.0,2026/07/23 09:03:07
202510020812,15,ベンガン,111.0,16.0,2026/07/23 09:03:07
202510020812,15,ベンガン,111.0,16.0,2026/07/23 09:03:07
202510020812,15,ベンガン,111.0,16.0,2026/07/23 09:03:07
202510020812,15,ベンガン,111.0,16.0,2026/07/23 09:03:07
202510020812,15,ベンガン,111.0,16.0,2026/07/23 09:03:07
202510020812,15,ベンガン,111.0,16.0,2026/07/23 09:03:07
202510020812,15,ベンガン,111.0,16.0,2026/07/23 09:03:07
202510020812,15,ベンガン,111.0,16.0,2026/07/23 09:03:07
202510020812,15,ベンガン,111.0,16.0,2026/07/23 09:03:07
202510020812,4,メイショウコギク,82.4,14.0,2026/07/23 09:03:07
202510020812,4,メイショウコギク,82.4,14.0,2026/07/23 09:03:07
202510020812,4,メイショウコギク,82.4,14.0,2026/07/23 09:03:07
202510020812,4,メイショウコギク,82.4,14.0,2026/07/23 09:03:07
202510020812,4,メイショウコギク,82.4,14.0,2026/07/23 09:03:07
202510020812,4,メイショウコギク,82.4,14.0,2026/07/23 09:03:07
202510020812,4,メイショウコギク,82.4,14.0,2026/07/23 09:03:07
202510020812,4,メイショウコギク,82.4,14.0,2026/07/23 09:03:07
202510020812,4,メイショウコギク,82.4,14.0,2026/07/23 09:03:07
202510020812,4,メイショウコギク,82.4,14.0,2026/07/23 09:03:07
202510020812,4,メイショウコギク,82.4,14.0,2026/07/23 09:03:07
202510020812,4,メイショウコギク,82.4,14.0,2026/07/23 09:03:07
202510020812,4,メイショウコギク,82.4,14.0,2026/07/23 09:03:07
202510020812,4,メイショウコギク,82.4,14.0,2026/07/23 09:03:07
202510020812,4,メイショウコギク,82.4,14.0,2026/07/23 09:03:07
202510020812,4,メイショウコギク,82.4,14.0,2026/07/23 09:03:07
202510020812,17,ロードマイライフ,29.0,8.0,2026/07/23 09:03:07
202510020812,17,ロードマイライフ,29.0,8.0,2026/07/23 09:03:07
202510020812,17,ロードマイライフ,29.0,8.0,2026/07/23 09:03:07
202510020812,17,ロードマイライフ,29.0,8.0,2026/07/23 09:03:07
202510020812,17,ロードマイライフ,29.0,8.0,2026/07/23 09:03:07
202510020812,17,ロードマイライフ,29.0,8.0,2026/07/23 09:03:07
202510020812,17,ロードマイライフ,29.0,8.0,2026/07/23 09:03:07
202510020812,17,ロードマイライフ,29.0,8.0,2026/07/23 09:03:07
202510020812,17,ロードマイライフ,29.0,8.0,2026/07/23 09:03:07
202510020812,17,ロードマイライフ,29.0,8.0,2026/07/23 09:03:07
202510020812,17,ロードマイライフ,29.0,8.0,2026/07/23 09:03:07
202510020812,17,ロードマイライフ,29.0,8.0,2026/07/23 09:03:07
202510020812,17,ロードマイライフ,29.0,8.0,2026/07/23 09:03:07
202510020812,17,ロードマイライフ,29.0,8.0,2026/07/23 09:03:07
202510020812,17,ロードマイライフ,29.0,8.0,2026/07/23 09:03:07
202510020812,17,ロードマイライフ,29.0,8.0,2026/07/23 09:03:07
202601010101,5,アイビーミャーオ,5.5,3.0,2026/07/25 07:02:48
202601010101,3,カッサンドラ,1.8,1.0,2026/07/25 07:02:48
202601010101,1,カプリースカラー,8.8,4.0,2026/07/25 07:02:48
202601010101,7,カレンココナ,5.1,2.0,2026/07/25 07:02:48
202601010101,4,クリコイーコ,28.0,8.0,2026/07/25 07:02:48
202601010101,2,テイクマイハート,24.7,7.0,2026/07/25 07:02:48
202601010101,8,レヴヴィ,16.0,6.0,2026/07/25 07:02:48
202601010101,6,ロングフルスペック,13.6,5.0,2026/07/25 07:02:48
202601010102,4,コックニー,3.7,2.0,2026/07/25 07:04:58
202601010102,1,サノノベリー,11.9,6.0,2026/07/25 07:04:58
202601010102,7,シガレス,42.2,8.0,2026/07/25 07:04:58
202601010102,3,テイクケア,29.4,7.0,2026/07/25 07:04:58
202601010102,8,トーセンルルド,5.8,4.0,2026/07/25 07:04:58
202601010102,5,ヌーンベルク,4.1,3.0,2026/07/25 07:04:58
202601010102,6,ライフイズアート,9.1,5.0,2026/07/25 07:04:58
202601010102,2,ヴィヴィアンリーチ,3.0,1.0,2026/07/25 07:04:58
202601010103,6,アオイミズホ,4.8,2.0,2026/07/25 07:06:52
202601010103,2,クロームクロス,18.8,8.0,2026/07/25 07:06:52
202601010103,1,ゴーントゥファー,20.2,9.0,2026/07/25 07:06:52
202601010103,4,ダンツアラーム,14.7,7.0,2026/07/25 07:06:52
202601010103,8,ブルーフレア,8.3,4.0,2026/07/25 07:06:52
202601010103,10,マクローリン,47.6,10.0,2026/07/25 07:06:52
202601010103,5,メイショウシンガン,5.4,3.0,2026/07/25 07:06:52
202601010103,7,メイショウノヴァス,14.3,6.0,2026/07/25 07:06:52
202601010103,3,ヤマメイッカ,2.5,1.0,2026/07/25 07:06:52
202601010103,9,ワンダーゾルダート,12.4,5.0,2026/07/25 07:06:52
202601010104,3,アロハ,6.3,3.0,2026/07/25 07:08:59
202601010104,12,イヌボウノシオカゼ,50.9,11.0,2026/07/25 07:08:59
202601010104,9,イノリ,98.2,14.0,2026/07/25 07:08:59
202601010104,4,エアヴァイブス,4.6,2.0,2026/07/25 07:08:59
202601010104,13,カスタニッチャ,76.3,12.0,2026/07/25 07:08:59
202601010104,2,サンエンジェルス,15.0,7.0,2026/07/25 07:08:59
202601010104,8,サンセリテ,7.1,5.0,2026/07/25 07:08:59
202601010104,5,スパークルレイ,96.2,13.0,2026/07/25 07:08:59
202601010104,7,ビップジョワ,39.7,10.0,2026/07/25 07:08:59
202601010104,11,フレッチャアズーラ,3.4,1.0,2026/07/25 07:08:59
202601010104,10,フローズンクイーン,35.3,9.0,2026/07/25 07:08:59
202601010104,6,ペカリーナ,6.7,4.0,2026/07/25 07:08:59
202601010104,1,レイナデルアイレ,11.1,6.0,2026/07/25 07:08:59
202601010104,14,ロジマギー,26.3,8.0,2026/07/25 07:08:59
202601010105,2,アンバーバレット,4.4,3.0,2026/07/25 07:10:58
202601010105,4,カナデ,11.8,5.0,2026/07/25 07:10:58
202601010105,6,ディアファザー,19.7,6.0,2026/07/25 07:10:58
202601010105,5,トロフィアス,5.5,4.0,2026/07/25 07:10:58
202601010105,3,ホウオウシュウ,2.9,2.0,2026/07/25 07:10:58
202601010105,1,レガメデルヴェント,2.7,1.0,2026/07/25 07:10:58
202601010106,7,アート,11.0,7.0,2026/07/25 07:12:50
202601010106,1,インフィオラータ,4.5,1.0,2026/07/25 07:12:50
202601010106,8,ウインアベリア,26.9,13.0,2026/07/25 07:12:50
202601010106,12,ギルランダ,9.9,5.0,2026/07/25 07:12:50
202601010106,5,グランフルス,69.9,14.0,2026/07/25 07:12:50
202601010106,4,ケナゲ,13.8,8.0,2026/07/25 07:12:50
202601010106,10,コワンニシタガウ,5.8,2.0,2026/07/25 07:12:50
202601010106,14,セイントクーヤ,25.7,12.0,2026/07/25 07:12:50
202601010106,9,テンレディーゴー,19.4,9.0,2026/07/25 07:12:50
202601010106,3,トランスマリーン,23.9,11.0,2026/07/25 07:12:50
202601010106,2,フォルストランキル,7.3,3.0,2026/07/25 07:12:50
202601010106,6,ヘクセンハウス,7.8,4.0,2026/07/25 07:12:50
202601010106,11,ルナティックブルー,10.2,6.0,2026/07/25 07:12:50
202601010106,13,ルージュアイラ,20.5,10.0,2026/07/25 07:12:50
202601010107,10,アイアムステキ,12.4,5.0,2026/07/25 07:14:35
202601010107,14,イズルード,46.4,15.0,2026/07/25 07:14:35
202601010107,9,カイショー,4.3,1.0,2026/07/25 07:14:35
202601010107,13,グランテレーズ,18.5,8.0,2026/07/25 07:14:35
202601010107,8,サトノカスターニャ,31.6,12.0,2026/07/25 07:14:35
202601010107,4,シュークリーム,13.3,7.0,2026/07/25 07:14:35
202601010107,12,ジーティーエスピ,6.7,3.0,2026/07/25 07:14:35
202601010107,6,セガンティーニ,12.6,6.0,2026/07/25 07:14:35
202601010107,3,ナンナンプー,33.4,13.0,2026/07/25 07:14:35
202601010107,7,ニシノサリーナ,4.7,2.0,2026/07/25 07:14:35
202601010107,2,ハッピーラッキー,7.9,4.0,2026/07/25 07:14:35
202601010107,1,ペイシャアーサー,21.4,10.0,2026/07/25 07:14:35
202601010107,11,ペガサスノース,19.7,9.0,2026/07/25 07:14:35
202601010107,15,マティンデ,43.5,14.0,2026/07/25 07:14:35
202601010107,5,ランプローグ,21.7,11.0,2026/07/25 07:14:35
202601010108,11,アルニラム,143.0,12.0,2026/07/25 07:15:49
202601010108,7,オンザムービー,3.5,2.0,2026/07/25 07:15:49
202601010108,3,カフェブーケット,122.2,11.0,2026/07/25 07:15:49
202601010108,6,ザハント,54.7,9.0,2026/07/25 07:15:49
202601010108,5,ジェネラスキング,5.5,3.0,2026/07/25 07:15:49
202601010108,8,タイキルッジェーロ,19.2,6.0,2026/07/25 07:15:49
202601010108,9,ハイライトニング,36.5,8.0,2026/07/25 07:15:49
202601010108,1,ビービーバザーク,18.1,5.0,2026/07/25 07:15:49
202601010108,12,ピエナオルカ,2.2,1.0,2026/07/25 07:15:49
202601010108,10,ファンタイムギフト,8.1,4.0,2026/07/25 07:15:49
202601010108,2,マーベリックシチー,25.1,7.0,2026/07/25 07:15:49
202601010108,4,リュミナーズ,57.0,10.0,2026/07/25 07:15:49
202601010109,1,ガーネットフレア,7.1,4.0,2026/07/25 07:17:51
202601010109,9,キタノサリスカ,69.2,10.0,2026/07/25 07:17:51
202601010109,5,シニャンガ,4.7,3.0,2026/07/25 07:17:51
202601010109,4,ジェルブロア,4.7,2.0,2026/07/25 07:17:51
202601010109,7,ジャストビート,25.2,8.0,2026/07/25 07:17:51
202601010109,8,ディヒターリーベ,28.7,9.0,2026/07/25 07:17:51
202601010109,10,ナムラヒナギク,11.5,6.0,2026/07/25 07:17:51
202601010109,2,ニシノエピカリ,16.2,7.0,2026/07/25 07:17:51
202601010109,6,ラコンチャビエン,7.6,5.0,2026/07/25 07:17:51
202601010109,3,ルーチェフィオーレ,3.1,1.0,2026/07/25 07:17:51
202601010110,6,アスクデッドヒート,5.6,4.0,2026/07/25 07:19:03
202601010110,11,ウェイクフィールド,4.1,1.0,2026/07/25 07:19:03
202601010110,7,ジュンツバメガエシ,5.0,2.0,2026/07/25 07:19:03
202601010110,10,ドッビアーコ,25.0,9.0,2026/07/25 07:19:03
202601010110,9,バースライト,5.2,3.0,2026/07/25 07:19:03
202601010110,5,ボンドロア,15.5,7.0,2026/07/25 07:19:03
202601010110,3,ライフセービング,42.7,11.0,2026/07/25 07:19:03
202601010110,2,リギーロ,26.9,10.0,2026/07/25 07:19:03
202601010110,4,レイデラルース,11.1,6.0,2026/07/25 07:19:03
202601010110,8,レイヤードレッド,7.6,5.0,2026/07/25 07:19:03
202601010110,1,ヴァイザーバルコ,17.8,8.0,2026/07/25 07:19:03
202601010111,10,アスクケンタッキー,8.5,3.0,2026/07/25 07:20:41
202601010111,8,アンジュプロミス,15.6,6.0,2026/07/25 07:20:41
202601010111,6,ウィルオレオール,81.9,12.0,2026/07/25 07:20:41
202601010111,1,エヴァンスウィート,23.0,9.0,2026/07/25 07:20:41
202601010111,9,クリエープキー,27.0,10.0,2026/07/25 07:20:41
202601010111,11,ゴールドサーベル,53.5,11.0,2026/07/25 07:20:41
202601010111,3,サウスバンク,2.7,1.0,2026/07/25 07:20:41
202601010111,2,シカゴスティング,15.2,5.0,2026/07/25 07:20:41
202601010111,12,パクスロマーナ,21.9,8.0,2026/07/25 07:20:41
202601010111,5,メルトユアハート,11.6,4.0,2026/07/25 07:20:41
202601010111,4,ルーフ,18.1,7.0,2026/07/25 07:20:41
202601010111,7,ロジケープ,2.8,2.0,2026/07/25 07:20:41
202601010112,4,ギマール,18.5,5.0,2026/07/25 07:22:18
202601010112,3,ショウナンヤッホー,32.2,8.0,2026/07/25 07:22:18
202601010112,6,ジュンラトゥール,20.7,7.0,2026/07/25 07:22:18
202601010112,5,セボンサデッセ,4.3,2.0,2026/07/25 07:22:18
202601010112,7,ハイクオリティ,7.3,4.0,2026/07/25 07:22:18
202601010112,11,ヒルノピレネー,37.0,9.0,2026/07/25 07:22:18
202601010112,2,フェスタリア,50.1,10.0,2026/07/25 07:22:18
202601010112,8,ベラジオワールド,2.2,1.0,2026/07/25 07:22:18
202601010112,10,マッスルバック,54.9,11.0,2026/07/25 07:22:18
202601010112,9,ライフゲート,5.0,3.0,2026/07/25 07:22:18
202601010112,1,リメンバーヒム,19.5,6.0,2026/07/25 07:22:18
202604020101,1,コスモバルムンク,11.6,5.0,2026/07/25 07:24:03
202604020101,4,コルサロ,20.9,7.0,2026/07/25 07:24:03
202604020101,3,ソラニワラエバ,6.6,4.0,2026/07/25 07:24:03
202604020101,5,トリプティーク,110.0,10.0,2026/07/25 07:24:03
202604020101,7,ノシェリー,5.7,3.0,2026/07/25 07:24:03
202604020101,2,フルーツバスケット,3.9,2.0,2026/07/25 07:24:03
202604020101,8,ランドジャイアンツ,13.3,6.0,2026/07/25 07:24:03
202604020101,10,レゾルーティオ,2.3,1.0,2026/07/25 07:24:03
202604020101,6,ローグアン,76.4,8.0,2026/07/25 07:24:03
202604020101,9,ワンコール,79.5,9.0,2026/07/25 07:24:03
202604020102,8,アレックスケー,9.7,5.0,2026/07/25 07:25:31
202604020102,11,イニシャルポイント,3.7,1.0,2026/07/25 07:25:31
202604020102,1,エレクトス,21.6,9.0,2026/07/25 07:25:31
202604020102,13,オンアロール,17.8,7.0,2026/07/25 07:25:31
202604020102,14,コパノフラメンコ,31.5,12.0,2026/07/25 07:25:31
202604020102,7,サザンキンレンカ,51.8,14.0,2026/07/25 07:25:31
202604020102,9,スクワミッシュ,5.4,3.0,2026/07/25 07:25:31
202604020102,4,ピウモッソ,5.2,2.0,2026/07/25 07:25:31
202604020102,12,ミカミッチー,33.6,13.0,2026/07/25 07:25:31
202604020102,3,モミスケ,26.1,10.0,2026/07/25 07:25:31
202604020102,6,ユイチャンファイト,31.5,11.0,2026/07/25 07:25:31
202604020102,10,ライヴバーボン,19.3,8.0,2026/07/25 07:25:31
202604020102,5,ランズエンド,7.9,4.0,2026/07/25 07:25:31
202604020102,2,リコルディオーロ,13.2,6.0,2026/07/25 07:25:31
202604020103,5,サトノスプレマシー,10.9,5.0,2026/07/25 07:27:07
202604020103,6,スイートアリッサム,26.9,8.0,2026/07/25 07:27:07
202604020103,3,スターマイン,18.6,7.0,2026/07/25 07:27:07
202604020103,4,セプタードアイル,10.4,4.0,2026/07/25 07:27:07
202604020103,1,トルタパスカリーナ,1.5,1.0,2026/07/25 07:27:07
202604020103,7,プレママドンナ,10.1,3.0,2026/07/25 07:27:07
202604020103,8,マリアンデール,11.4,6.0,2026/07/25 07:27:07
202604020103,2,リーベラーリア,7.5,2.0,2026/07/25 07:27:07
202604020104,15,オレンジキャンパス,6.3,3.0,2026/07/25 07:28:42
202604020104,1,サンマルオブウォー,41.0,11.0,2026/07/25 07:28:42
202604020104,5,シャインネージュ,20.9,7.0,2026/07/25 07:28:42
202604020104,12,ジョイベル,144.9,15.0,2026/07/25 07:28:42
202604020104,10,スウィートラキ,54.1,12.0,2026/07/25 07:28:42
202604020104,11,スウェーバック,25.9,10.0,2026/07/25 07:28:42
202604020104,4,スノーランス,8.2,4.0,2026/07/25 07:28:42
202604020104,7,セイウンヤオヨロズ,8.4,5.0,2026/07/25 07:28:42
202604020104,6,ナーシリーヤ,23.6,9.0,2026/07/25 07:28:42
202604020104,2,パチクリベスクリ,78.0,13.0,2026/07/25 07:28:42
202604020104,13,フジテンクウ,91.2,14.0,2026/07/25 07:28:42
202604020104,3,プリプリプリン,3.8,2.0,2026/07/25 07:28:42
202604020104,14,マナイアカラニ,3.5,1.0,2026/07/25 07:28:42
202604020104,8,メイショウバリスタ,20.9,8.0,2026/07/25 07:28:42
202604020104,9,ロジザボード,15.8,6.0,2026/07/25 07:28:42
202604020105,7,オルグジェシダ,4.1,2.0,2026/07/25 07:30:12
202604020105,6,カリーン,28.1,8.0,2026/07/25 07:30:12
202604020105,11,キシダンチョウ,5.4,4.0,2026/07/25 07:30:12
202604020105,4,ケイツールピア,52.4,11.0,2026/07/25 07:30:12
202604020105,2,コスモナエマ,14.7,6.0,2026/07/25 07:30:12
202604020105,1,スワローシチー,8.7,5.0,2026/07/25 07:30:12
202604020105,8,トラストモアリズム,15.0,7.0,2026/07/25 07:30:12
202604020105,5,フィールドノート,3.7,1.0,2026/07/25 07:30:12
202604020105,3,メイショウキンタイ,29.8,9.0,2026/07/25 07:30:12
202604020105,9,リアルセンター,36.2,10.0,2026/07/25 07:30:12
202604020105,10,ヴァリスマリネリス,5.0,3.0,2026/07/25 07:30:12
202604020106,7,ガリレア,7.9,4.0,2026/07/25 07:32:06
202604020106,12,ギフテッド,12.4,6.0,2026/07/25 07:32:06
202604020106,4,ケイケイ,32.1,13.0,2026/07/25 07:32:06
202604020106,15,コルドンブルー,12.0,5.0,2026/07/25 07:32:06
202604020106,1,ゴールドスター,20.3,11.0,2026/07/25 07:32:06
202604020106,14,シャンソンドール,5.0,1.0,2026/07/25 07:32:06
202604020106,9,ジーネキング,5.9,3.0,2026/07/25 07:32:06
202604020106,11,ソニックライン,18.0,9.0,2026/07/25 07:32:06
202604020106,6,ドリームクルーズ,19.2,10.0,2026/07/25 07:32:06
202604020106,5,ナグルファル,21.1,12.0,2026/07/25 07:32:06
202604020106,2,ナファロア,66.7,15.0,2026/07/25 07:32:06
202604020106,13,ミッキースターダム,13.7,8.0,2026/07/25 07:32:06
202604020106,10,メランジェ,35.5,14.0,2026/07/25 07:32:06
202604020106,3,ラビットアイ,13.1,7.0,2026/07/25 07:32:06
202604020106,8,ルナルーチェット,5.9,2.0,2026/07/25 07:32:06
202604020107,7,アームテイル,61.4,15.0,2026/07/25 07:34:14
202604020107,15,ウナギノボリ,32.6,13.0,2026/07/25 07:34:14
202604020107,5,エイムフォーエース,69.3,16.0,2026/07/25 07:34:14
202604020107,3,エマヌエーレ,13.2,5.0,2026/07/25 07:34:14
202604020107,16,キタサンダムール,14.5,7.0,2026/07/25 07:34:14
202604020107,2,コートアリシアン,2.7,1.0,2026/07/25 07:34:14
202604020107,13,スティールブルー,22.6,11.0,2026/07/25 07:34:14
202604020107,4,スマイルアップ,15.8,8.0,2026/07/25 07:34:14
202604020107,10,チューラワンサ,20.8,9.0,2026/07/25 07:34:14
202604020107,6,ピコローズ,8.9,3.0,2026/07/25 07:34:14
202604020107,18,フライングブレード,57.1,14.0,2026/07/25 07:34:14
202604020107,8,ボンヌソワレ,8.2,2.0,2026/07/25 07:34:14
202604020107,1,ポッドロワール,9.9,4.0,2026/07/25 07:34:14
202604020107,12,ミストレス,71.3,17.0,2026/07/25 07:34:14
202604020107,17,モジャーリオ,13.6,6.0,2026/07/25 07:34:14
202604020107,9,モンテシート,21.4,10.0,2026/07/25 07:34:14
202604020107,14,ルミノメテオール,104.8,18.0,2026/07/25 07:34:14
202604020107,11,ヴェサリウス,30.8,12.0,2026/07/25 07:34:14
202604020108,9,アヴァランチ,11.7,7.0,2026/07/25 07:36:08
202604020108,5,イリュストル,19.0,10.0,2026/07/25 07:36:08
202604020108,11,インナーパッション,3.4,1.0,2026/07/25 07:36:08
202604020108,3,ケルピー,26.1,11.0,2026/07/25 07:36:08
202604020108,8,コッレヴェッキオ,10.2,5.0,2026/07/25 07:36:08
202604020108,7,ハルノアラシ,31.7,12.0,2026/07/25 07:36:08
202604020108,12,バッカステソーロ,11.6,6.0,2026/07/25 07:36:08
202604020108,10,パイオニアスクエア,4.3,2.0,2026/07/25 07:36:08
202604020108,13,ブレスドナイル,16.7,8.0,2026/07/25 07:36:08
202604020108,4,メトロポリターナ,78.3,13.0,2026/07/25 07:36:08
202604020108,2,ライヴスプーン,18.6,9.0,2026/07/25 07:36:08
202604020108,6,ロケットパンチ,9.7,4.0,2026/07/25 07:36:08
202604020108,1,ヴィエントデコラ,9.2,3.0,2026/07/25 07:36:08
202604020109,10,アメリカンピース,16.3,7.0,2026/07/25 07:37:16
202604020109,1,ウォーターリーダー,6.1,4.0,2026/07/25 07:37:16
202604020109,2,コスモチプリア,19.0,8.0,2026/07/25 07:37:16
202604020109,5,サルサロッサ,21.6,10.0,2026/07/25 07:37:16
202604020109,4,サングラデーション,3.5,1.0,2026/07/25 07:37:16
202604020109,3,スコラーリ,5.7,3.0,2026/07/25 07:37:16
202604020109,7,ダノンロッキー,4.5,2.0,2026/07/25 07:37:16
202604020109,6,パープルアドミラル,11.9,6.0,2026/07/25 07:37:16
202604020109,8,モンツァフレイバー,9.0,5.0,2026/07/25 07:37:16
202604020109,9,ローンウルフ,19.0,9.0,2026/07/25 07:37:16
202604020110,15,アジャイブ,46.5,12.0,2026/07/25 07:39:16
202604020110,13,アドバンスジェンヌ,36.1,10.0,2026/07/25 07:39:16
202604020110,11,オリエンタルガール,54.9,14.0,2026/07/25 07:39:16
202604020110,12,カーボフリオ,5.7,3.0,2026/07/25 07:39:16
202604020110,9,ゴールドビリーヴ,9.0,4.0,2026/07/25 07:39:16
202604020110,1,シェリーシュシュ,3.2,1.0,2026/07/25 07:39:16
202604020110,6,ディレクティオ,52.8,13.0,2026/07/25 07:39:16
202604020110,10,ナックレジーナ,41.9,11.0,2026/07/25 07:39:16
202604020110,5,ナツミカンチャン,11.4,6.0,2026/07/25 07:39:16
202604020110,14,バーヴァンシー,11.0,5.0,2026/07/25 07:39:16
202604020110,3,ベアエクスプレス,22.0,8.0,2026/07/25 07:39:16
202604020110,4,マイトリックスター,71.3,15.0,2026/07/25 07:39:16
202604020110,2,ミウ,13.6,7.0,2026/07/25 07:39:16
202604020110,7,ミュージックレイン,24.6,9.0,2026/07/25 07:39:16
202604020110,8,メジロピオラ,5.0,2.0,2026/07/25 07:39:16
202604020111,7,アイファーアイドル,54.0,15.0,2026/07/25 07:40:46
202604020111,3,アリアファブラ,25.8,7.0,2026/07/25 07:40:46
202604020111,13,ケイツーキップ,69.5,16.0,2026/07/25 07:40:46
202604020111,16,シルバーアックス,3.3,1.0,2026/07/25 07:40:46
202604020111,18,ジョイアミーア,3.4,2.0,2026/07/25 07:40:46
202604020111,9,セランディア,10.9,5.0,2026/07/25 07:40:46
202604020111,8,ソレム,40.0,12.0,2026/07/25 07:40:46
202604020111,12,タツナナイロ,88.9,17.0,2026/07/25 07:40:46
202604020111,15,テラシエスタ,35.1,11.0,2026/07/25 07:40:46
202604020111,10,ノーブルラホーヤ,8.7,4.0,2026/07/25 07:40:46
202604020111,6,マイエラ,44.4,14.0,2026/07/25 07:40:46
202604020111,11,ミヤザキムスメ,93.0,18.0,2026/07/25 07:40:46
202604020111,5,ムーンシェイド,27.7,8.0,2026/07/25 07:40:46
202604020111,14,ユイノササヤキ,32.7,10.0,2026/07/25 07:40:46
202604020111,1,ユニベールクイーン,30.7,9.0,2026/07/25 07:40:46
202604020111,4,リオクリスハーレー,8.7,3.0,2026/07/25 07:40:46
202604020111,17,リオハリソンメリー,20.5,6.0,2026/07/25 07:40:46
202604020111,2,ルディドゥゲンジ,42.3,13.0,2026/07/25 07:40:46
202604020112,8,ウインロゼライト,22.6,13.0,2026/07/25 07:42:56
202604020112,9,カフェラバー,13.9,7.0,2026/07/25 07:42:56
202604020112,11,ガラク,12.9,6.0,2026/07/25 07:42:56
202604020112,3,クリールスル,15.2,8.0,2026/07/25 07:42:56
202604020112,6,ショウナンマリーナ,60.5,16.0,2026/07/25 07:42:56
202604020112,13,ジョワイユノエル,16.4,9.0,2026/07/25 07:42:56
202604020112,15,タイセイフレッサ,8.0,3.0,2026/07/25 07:42:56
202604020112,14,テンハートビート,47.0,15.0,2026/07/25 07:42:56
202604020112,16,ブルバンビーナ,82.5,17.0,2026/07/25 07:42:56
202604020112,1,ミスバレンシア,10.3,5.0,2026/07/25 07:42:56
202604020112,17,メイリー,16.7,10.0,2026/07/25 07:42:56
202604020112,5,リアライズリバティ,18.2,11.0,2026/07/25 07:42:56
202604020112,2,リラ,4.4,1.0,2026/07/25 07:42:56
202604020112,10,リラベガ,30.6,14.0,2026/07/25 07:42:56
202604020112,4,ルージュダリア,7.1,2.0,2026/07/25 07:42:56
202604020112,7,ロジャリーマイン,10.2,4.0,2026/07/25 07:42:56
202604020112,12,ワディアルリヤハ,19.2,12.0,2026/07/25 07:42:56
202607020101,3,アースグリッパー,7.4,4.0,2026/07/25 07:44:09
202607020101,6,エコロメジャー,5.5,3.0,2026/07/25 07:44:09
202607020101,5,エルダークローネ,2.0,1.0,2026/07/25 07:44:09
202607020101,8,クイーンズアイ,75.0,9.0,2026/07/25 07:44:09
202607020101,4,シャインロード,43.2,7.0,2026/07/25 07:44:09
202607020101,7,テーオージャスミン,65.1,8.0,2026/07/25 07:44:09
202607020101,9,トム,20.5,5.0,2026/07/25 07:44:09
202607020101,1,レッドネビュラ,3.2,2.0,2026/07/25 07:44:09
202607020101,2,ワイドアイリー,30.3,6.0,2026/07/25 07:44:09
202607020102,1,エアロクリスタ,8.3,2.0,2026/07/25 07:47:01
202607020102,3,コスモルミナ,9.8,6.0,2026/07/25 07:47:01
202607020102,8,ソリドゥス,27.5,9.0,2026/07/25 07:47:01
202607020102,2,タガノレクシア,8.7,4.0,2026/07/25 07:47:01
202607020102,5,テーオーライガ,48.6,11.0,2026/07/25 07:47:01
202607020102,7,ノトコンゴウ,18.7,7.0,2026/07/25 07:47:01
202607020102,11,ブレイクアウェイ,2.0,1.0,2026/07/25 07:47:01
202607020102,13,ベルヴェール,9.3,5.0,2026/07/25 07:47:01
202607020102,6,ヤマトデュノール,91.7,13.0,2026/07/25 07:47:01
202607020102,12,ラインエレガント,42.8,10.0,2026/07/25 07:47:01
202607020102,4,リアルメッセージ,71.6,12.0,2026/07/25 07:47:01
202607020102,9,レッドレヴェリー,8.6,3.0,2026/07/25 07:47:01
202607020102,10,ロンリーマン,18.8,8.0,2026/07/25 07:47:01
202607020103,8,アメジストブリエ,19.8,7.0,2026/07/25 07:48:16
202607020103,6,コスモフィレンツェ,4.2,3.0,2026/07/25 07:48:16
202607020103,4,シンゼンイセ,74.2,12.0,2026/07/25 07:48:16
202607020103,5,スマートエラン,11.4,5.0,2026/07/25 07:48:16
202607020103,3,チュオンソン,27.9,9.0,2026/07/25 07:48:16
202607020103,1,デルマトカチ,38.6,10.0,2026/07/25 07:48:16
202607020103,12,フィンガーレイクス,7.0,4.0,2026/07/25 07:48:16
202607020103,10,プレスバーン,3.9,2.0,2026/07/25 07:48:16
202607020103,9,プロットシッケンズ,45.6,11.0,2026/07/25 07:48:16
202607020103,7,マサハヤルージュ,24.7,8.0,2026/07/25 07:48:16
202607020103,11,ラピス,18.4,6.0,2026/07/25 07:48:16
202607020103,2,レッドブライトン,3.4,1.0,2026/07/25 07:48:16
202607020104,16,アスクハッピーマン,7.5,4.0,2026/07/25 07:49:39
202607020104,12,アステリアート,81.4,15.0,2026/07/25 07:49:39
202607020104,7,グランピアン,72.5,14.0,2026/07/25 07:49:39
202607020104,15,コーディアリティ,39.8,11.0,2026/07/25 07:49:39
202607020104,13,ジャスティンレビン,11.6,5.0,2026/07/25 07:49:39
202607020104,14,タロ,5.9,3.0,2026/07/25 07:49:39
202607020104,5,テイクザスローン,55.9,13.0,2026/07/25 07:49:39
202607020104,4,テリコス,20.3,8.0,2026/07/25 07:49:39
202607020104,8,ナウオアネヴァー,4.1,2.0,2026/07/25 07:49:39
202607020104,2,ベルアズーロ,3.9,1.0,2026/07/25 07:49:39
202607020104,11,ボクサークラブ,13.9,6.0,2026/07/25 07:49:39
202607020104,9,マーゴットショット,98.8,16.0,2026/07/25 07:49:39
202607020104,1,ヨシノサンキュー,40.3,12.0,2026/07/25 07:49:39
202607020104,6,ロードファイター,22.9,9.0,2026/07/25 07:49:39
202607020104,10,ワイドヴィンクルム,24.5,10.0,2026/07/25 07:49:39
202607020104,3,ヴァンドゥーヴル,17.0,7.0,2026/07/25 07:49:39
202607020105,3,イルミナジーティー,28.7,8.0,2026/07/25 07:51:16
202607020105,1,インヴァイト,45.8,13.0,2026/07/25 07:51:16
202607020105,6,スレイクイーン,34.1,9.0,2026/07/25 07:51:16
202607020105,9,セイロンブリーズ,23.4,6.0,2026/07/25 07:51:16
202607020105,5,セコンドトゥベスト,7.4,2.0,2026/07/25 07:51:16
202607020105,11,セルヴァジオ,11.0,3.0,2026/07/25 07:51:16
202607020105,16,ダーコ,26.2,7.0,2026/07/25 07:51:16
202607020105,13,トレッチェ,43.1,12.0,2026/07/25 07:51:16
202607020105,10,ノーブルクインダム,36.4,11.0,2026/07/25 07:51:16
202607020105,14,ヒーナシャム,89.9,16.0,2026/07/25 07:51:16
202607020105,12,ファルカータ,1.6,1.0,2026/07/25 07:51:16
202607020105,4,ペガサスジルシ,13.2,4.0,2026/07/25 07:51:16
202607020105,15,マルモリキャスター,63.9,15.0,2026/07/25 07:51:16
202607020105,7,ラヴエナストロ,54.9,14.0,2026/07/25 07:51:16
202607020105,8,リアライズアリス,17.5,5.0,2026/07/25 07:51:16
202607020105,2,ワンダーヴァレル,34.7,10.0,2026/07/25 07:51:16
202607020106,5,アリエスキング,17.7,8.0,2026/07/25 07:52:46
202607020106,16,アレ,22.0,10.0,2026/07/25 07:52:46
202607020106,12,エブリーポッシブル,8.4,3.0,2026/07/25 07:52:46
202607020106,15,ゴルデールスカー,37.1,14.0,2026/07/25 07:52:46
202607020106,14,ザックザク,23.8,11.0,2026/07/25 07:52:46
202607020106,8,ジェミート,33.1,13.0,2026/07/25 07:52:46
202607020106,4,ステラスプレンダー,98.7,16.0,2026/07/25 07:52:46
202607020106,1,スーパージョック,25.7,12.0,2026/07/25 07:52:46
202607020106,6,ゼロヴィジビリティ,3.2,1.0,2026/07/25 07:52:46
202607020106,11,チュウワチーフ,15.2,7.0,2026/07/25 07:52:46
202607020106,13,ヘリテージブルーム,10.2,4.0,2026/07/25 07:52:46
202607020106,7,ホウオウゴールド,19.3,9.0,2026/07/25 07:52:46
202607020106,9,ポートデラメール,5.3,2.0,2026/07/25 07:52:46
202607020106,2,モズケイスター,12.5,5.0,2026/07/25 07:52:46
202607020106,10,モズタチアガレ,43.8,15.0,2026/07/25 07:52:46
202607020106,3,ヤマニンバロネス,14.8,6.0,2026/07/25 07:52:46
202607020107,5,ウインデイジー,9.2,4.0,2026/07/25 07:54:39
202607020107,2,エイカイマッケンロ,40.8,9.0,2026/07/25 07:54:39
202607020107,10,サダムオプシス,11.7,5.0,2026/07/25 07:54:39
202607020107,6,サトノクローク,12.0,6.0,2026/07/25 07:54:39
202607020107,4,タイセイフェリーク,18.1,7.0,2026/07/25 07:54:39
202607020107,11,ナムラフッカー,21.1,8.0,2026/07/25 07:54:39
202607020107,7,ハーツコンチェルト,4.0,3.0,2026/07/25 07:54:39
202607020107,1,ミッキーゴールド,3.8,2.0,2026/07/25 07:54:39
202607020107,9,ミュージシャン,3.2,1.0,2026/07/25 07:54:39
202607020107,8,メイショウソウタ,74.6,11.0,2026/07/25 07:54:39
202607020107,3,リンフレスカンテ,52.2,10.0,2026/07/25 07:54:39
202607020108,6,アトレッタ,18.1,7.0,2026/07/25 07:55:56
202607020108,4,アンビアンス,31.4,8.0,2026/07/25 07:55:56
202607020108,7,サイモンシャリオ,11.5,6.0,2026/07/25 07:55:56
202607020108,2,サラコスティ,8.3,4.0,2026/07/25 07:55:56
202607020108,3,サンダーバード,11.0,5.0,2026/07/25 07:55:56
202607020108,1,スノースケープ,2.9,2.0,2026/07/25 07:55:56
202607020108,5,ブラックシャリマー,7.6,3.0,2026/07/25 07:55:56
202607020108,8,ロードフィレール,2.5,1.0,2026/07/25 07:55:56
202607020109,14,イーブンベター,10.5,6.0,2026/07/25 07:57:20
202607020109,7,オブシディアーナ,10.1,5.0,2026/07/25 07:57:20
202607020109,16,ステライヴ,4.8,2.0,2026/07/25 07:57:20
202607020109,12,ダンシングドール,4.8,1.0,2026/07/25 07:57:20
202607020109,5,テーオーアンジェラ,82.7,14.0,2026/07/25 07:57:20
202607020109,15,ドレドレ,86.2,15.0,2026/07/25 07:57:20
202607020109,4,ナムラティアラ,75.7,13.0,2026/07/25 07:57:20
202607020109,10,ニーナバイリッカ,37.8,11.0,2026/07/25 07:57:20
202607020109,11,ミスヘンリー,34.5,10.0,2026/07/25 07:57:20
202607020109,8,ラウルベア,95.3,16.0,2026/07/25 07:57:20
202607020109,3,リカード,11.8,7.0,2026/07/25 07:57:20
202607020109,9,リンゲルブルーメ,38.9,12.0,2026/07/25 07:57:20
202607020109,6,ルクスコスモス,14.1,8.0,2026/07/25 07:57:20
202607020109,2,ルビドゥソレイユ,5.1,3.0,2026/07/25 07:57:20
202607020109,1,ワイズギャング,7.6,4.0,2026/07/25 07:57:20
202607020109,13,ヴァカンツァ,28.4,9.0,2026/07/25 07:57:20
202607020110,9,アスクチャンスマン,3.3,1.0,2026/07/25 07:58:50
202607020110,4,インシオン,7.7,6.0,2026/07/25 07:58:50
202607020110,2,ガウラディスコ,8.2,7.0,2026/07/25 07:58:50
202607020110,7,コルヴァス,,,2026/07/25 07:58:50
202607020110,13,サイモンゼスト,7.2,4.0,2026/07/25 07:58:50
202607020110,6,ステイクオール,5.2,2.0,2026/07/25 07:58:50
202607020110,5,タイセイフリーデン,68.8,11.0,2026/07/25 07:58:50
202607020110,8,タマモヒロイン,50.6,10.0,2026/07/25 07:58:50
202607020110,10,ブルーストレイル,93.7,12.0,2026/07/25 07:58:50
202607020110,1,ミランド,7.3,5.0,2026/07/25 07:58:50
202607020110,11,リアルペガサス,44.0,9.0,2026/07/25 07:58:50
202607020110,12,リヒトミューレ,7.0,3.0,2026/07/25 07:58:50
202607020110,3,ルルフィーユ,32.8,8.0,2026/07/25 07:58:50
202607020111,4,アウクソー,19.7,7.0,2026/07/25 08:00:12
202607020111,7,ケールハイム,3.5,2.0,2026/07/25 08:00:12
202607020111,6,サヨノパララックス,22.7,8.0,2026/07/25 08:00:12
202607020111,5,ニシノトリビュート,8.1,4.0,2026/07/25 08:00:12
202607020111,8,ビーグラッド,16.9,6.0,2026/07/25 08:00:12
202607020111,1,フェブリノ,15.8,5.0,2026/07/25 08:00:12
202607020111,2,ベランジェール,7.8,3.0,2026/07/25 08:00:12
202607020111,3,ルージュスプリヤ,2.0,1.0,2026/07/25 08:00:12
202607020112,7,アスクブームキセキ,23.4,10.0,2026/07/25 08:01:56
202607020112,5,オレンジフィールド,17.6,9.0,2026/07/25 08:01:56
202607020112,14,オーケーキュート,93.6,15.0,2026/07/25 08:01:56
202607020112,1,オースミサイファー,24.0,11.0,2026/07/25 08:01:56
202607020112,2,カフラー,13.6,6.0,2026/07/25 08:01:56
202607020112,9,サーブルディアマン,15.4,8.0,2026/07/25 08:01:56
202607020112,15,シャンジュマン,104.3,16.0,2026/07/25 08:01:56
202607020112,4,ビッグヒーロー,4.6,1.0,2026/07/25 08:01:56
202607020112,12,マーチャンシップ,27.8,12.0,2026/07/25 08:01:56
202607020112,13,ミッキーラヴィータ,4.9,2.0,2026/07/25 08:01:56
202607020112,3,ムーンライトダイヤ,13.7,7.0,2026/07/25 08:01:56
202607020112,16,ラミエルノムスコ,10.5,5.0,2026/07/25 08:01:56
202607020112,8,ララディアーブル,8.5,4.0,2026/07/25 08:01:56
202607020112,6,リザレクティア,46.8,14.0,2026/07/25 08:01:56
202607020112,10,レインボーステート,5.8,3.0,2026/07/25 08:01:56
202607020112,11,レッドピアレス,38.8,13.0,2026/07/25 08:01:56
202607020101,3,アースグリッパー,7.1,4.0,2026/07/25 09:33:33
202607020101,6,エコロメジャー,5.7,3.0,2026/07/25 09:33:33
202607020101,5,エルダークローネ,2.0,1.0,2026/07/25 09:33:33
202607020101,8,クイーンズアイ,71.7,9.0,2026/07/25 09:33:33
202607020101,4,シャインロード,45.3,7.0,2026/07/25 09:33:33
202607020101,7,テーオージャスミン,61.7,8.0,2026/07/25 09:33:33
202607020101,9,トム,20.0,5.0,2026/07/25 09:33:33
202607020101,1,レッドネビュラ,3.2,2.0,2026/07/25 09:33:33
202607020101,2,ワイドアイリー,29.4,6.0,2026/07/25 09:33:33
202604020101,1,コスモバルムンク,11.1,5.0,2026/07/25 09:44:19
202604020101,4,コルサロ,20.4,7.0,2026/07/25 09:44:19
202604020101,3,ソラニワラエバ,6.3,4.0,2026/07/25 09:44:19
202604020101,5,トリプティーク,85.5,9.0,2026/07/25 09:44:19
202604020101,7,ノシェリー,5.9,3.0,2026/07/25 09:44:19
202604020101,2,フルーツバスケット,3.4,2.0,2026/07/25 09:44:19
202604020101,8,ランドジャイアンツ,14.9,6.0,2026/07/25 09:44:19
202604020101,10,レゾルーティオ,2.5,1.0,2026/07/25 09:44:19
202604020101,6,ローグアン,88.7,10.0,2026/07/25 09:44:19
202604020101,9,ワンコール,66.7,8.0,2026/07/25 09:44:19
202601010101,5,アイビーミャーオ,4.7,2.0,2026/07/25 09:53:48
202601010101,3,カッサンドラ,1.8,1.0,2026/07/25 09:53:48
202601010101,1,カプリースカラー,10.0,4.0,2026/07/25 09:53:48
202601010101,7,カレンココナ,4.9,3.0,2026/07/25 09:53:48
202601010101,4,クリコイーコ,30.8,8.0,2026/07/25 09:53:48
202601010101,2,テイクマイハート,25.5,7.0,2026/07/25 09:53:48
202601010101,8,レヴヴィ,18.0,6.0,2026/07/25 09:53:48
202601010101,6,ロングフルスペック,15.2,5.0,2026/07/25 09:53:48
202607020102,1,エアロクリスタ,5.7,2.0,2026/07/25 10:04:46
202607020102,3,コスモルミナ,6.3,3.0,2026/07/25 10:04:46
202607020102,8,ソリドゥス,46.0,9.0,2026/07/25 10:04:46
202607020102,2,タガノレクシア,8.3,4.0,2026/07/25 10:04:46
202607020102,5,テーオーライガ,58.4,11.0,2026/07/25 10:04:46
202607020102,7,ノトコンゴウ,18.8,7.0,2026/07/25 10:04:46
202607020102,11,ブレイクアウェイ,2.3,1.0,2026/07/25 10:04:46
202607020102,13,ベルヴェール,13.7,6.0,2026/07/25 10:04:46
202607020102,6,ヤマトデュノール,128.6,13.0,2026/07/25 10:04:46
202607020102,12,ラインエレガント,48.6,10.0,2026/07/25 10:04:46
202607020102,4,リアルメッセージ,86.2,12.0,2026/07/25 10:04:46
202607020102,9,レッドレヴェリー,8.3,5.0,2026/07/25 10:04:46
202607020102,10,ロンリーマン,22.6,8.0,2026/07/25 10:04:46
202604020102,8,アレックスケー,12.1,5.0,2026/07/25 10:13:49
202604020102,11,イニシャルポイント,3.4,1.0,2026/07/25 10:13:49
202604020102,1,エレクトス,24.8,10.0,2026/07/25 10:13:49
202604020102,13,オンアロール,18.5,8.0,2026/07/25 10:13:49
202604020102,14,コパノフラメンコ,33.2,12.0,2026/07/25 10:13:49
202604020102,7,サザンキンレンカ,51.9,14.0,2026/07/25 10:13:49
202604020102,9,スクワミッシュ,5.1,2.0,2026/07/25 10:13:49
202604020102,4,ピウモッソ,5.5,3.0,2026/07/25 10:13:49
202604020102,12,ミカミッチー,22.5,9.0,2026/07/25 10:13:49
202604020102,3,モミスケ,27.4,11.0,2026/07/25 10:13:49
202604020102,6,ユイチャンファイト,34.2,13.0,2026/07/25 10:13:49
202604020102,10,ライヴバーボン,17.3,7.0,2026/07/25 10:13:49
202604020102,5,ランズエンド,7.7,4.0,2026/07/25 10:13:49
202604020102,2,リコルディオーロ,15.8,6.0,2026/07/25 10:13:49
202601010102,4,コックニー,4.5,3.0,2026/07/25 10:23:33
202601010102,1,サノノベリー,14.0,6.0,2026/07/25 10:23:33
202601010102,7,シガレス,52.7,8.0,2026/07/25 10:23:33
202601010102,3,テイクケア,38.8,7.0,2026/07/25 10:23:33
202601010102,8,トーセンルルド,6.5,4.0,2026/07/25 10:23:33
202601010102,5,ヌーンベルク,3.9,2.0,2026/07/25 10:23:33
202601010102,6,ライフイズアート,9.1,5.0,2026/07/25 10:23:33
202601010102,2,ヴィヴィアンリーチ,2.4,1.0,2026/07/25 10:23:33
202607020103,8,アメジストブリエ,28.1,8.0,2026/07/25 10:33:35
202607020103,6,コスモフィレンツェ,4.9,3.0,2026/07/25 10:33:35
202607020103,4,シンゼンイセ,82.6,12.0,2026/07/25 10:33:35
202607020103,5,スマートエラン,11.8,5.0,2026/07/25 10:33:35
202607020103,3,チュオンソン,31.1,9.0,2026/07/25 10:33:35
202607020103,1,デルマトカチ,44.7,11.0,2026/07/25 10:33:35
202607020103,12,フィンガーレイクス,6.5,4.0,2026/07/25 10:33:35
202607020103,10,プレスバーン,4.1,2.0,2026/07/25 10:33:35
202607020103,9,プロットシッケンズ,40.3,10.0,2026/07/25 10:33:35
202607020103,7,マサハヤルージュ,19.9,6.0,2026/07/25 10:33:35
202607020103,11,ラピス,20.4,7.0,2026/07/25 10:33:35
202607020103,2,レッドブライトン,2.9,1.0,2026/07/25 10:33:35
202604020103,5,サトノスプレマシー,12.1,5.0,2026/07/25 10:43:48
202604020103,6,スイートアリッサム,23.0,8.0,2026/07/25 10:43:48
202604020103,3,スターマイン,16.2,7.0,2026/07/25 10:43:48
202604020103,4,セプタードアイル,10.4,4.0,2026/07/25 10:43:48
202604020103,1,トルタパスカリーナ,1.6,1.0,2026/07/25 10:43:48
202604020103,7,プレママドンナ,7.6,3.0,2026/07/25 10:43:48
202604020103,8,マリアンデール,13.3,6.0,2026/07/25 10:43:48
202604020103,2,リーベラーリア,7.3,2.0,2026/07/25 10:43:48
202601010103,6,アオイミズホ,4.3,2.0,2026/07/25 10:53:27
202601010103,2,クロームクロス,18.5,8.0,2026/07/25 10:53:27
202601010103,1,ゴーントゥファー,30.3,9.0,2026/07/25 10:53:27
202601010103,4,ダンツアラーム,14.3,6.0,2026/07/25 10:53:27
202601010103,8,ブルーフレア,5.5,3.0,2026/07/25 10:53:27
202601010103,10,マクローリン,49.0,10.0,2026/07/25 10:53:27
202601010103,5,メイショウシンガン,5.8,4.0,2026/07/25 10:53:27
202601010103,7,メイショウノヴァス,14.5,7.0,2026/07/25 10:53:27
202601010103,3,ヤマメイッカ,2.8,1.0,2026/07/25 10:53:27
202601010103,9,ワンダーゾルダート,12.9,5.0,2026/07/25 10:53:27
202607020104,16,アスクハッピーマン,6.7,4.0,2026/07/25 11:03:28
202607020104,12,アステリアート,64.4,14.0,2026/07/25 11:03:28
202607020104,7,グランピアン,67.3,15.0,2026/07/25 11:03:28
202607020104,15,コーディアリティ,48.3,12.0,2026/07/25 11:03:28
202607020104,13,ジャスティンレビン,11.8,5.0,2026/07/25 11:03:28
202607020104,14,タロ,6.4,3.0,2026/07/25 11:03:28
202607020104,5,テイクザスローン,47.2,11.0,2026/07/25 11:03:28
202607020104,4,テリコス,22.4,9.0,2026/07/25 11:03:28
202607020104,8,ナウオアネヴァー,4.0,2.0,2026/07/25 11:03:28
202607020104,2,ベルアズーロ,3.8,1.0,2026/07/25 11:03:28
202607020104,11,ボクサークラブ,14.9,7.0,2026/07/25 11:03:28
202607020104,9,マーゴットショット,97.8,16.0,2026/07/25 11:03:28
202607020104,1,ヨシノサンキュー,54.7,13.0,2026/07/25 11:03:28
202607020104,6,ロードファイター,22.0,8.0,2026/07/25 11:03:28
202607020104,10,ワイドヴィンクルム,38.4,10.0,2026/07/25 11:03:28
202607020104,3,ヴァンドゥーヴル,14.5,6.0,2026/07/25 11:03:28
202604020104,15,オレンジキャンパス,7.5,4.0,2026/07/25 11:13:44
202604020104,1,サンマルオブウォー,76.5,13.0,2026/07/25 11:13:44
202604020104,5,シャインネージュ,17.6,7.0,2026/07/25 11:13:44
202604020104,12,ジョイベル,141.2,15.0,2026/07/25 11:13:44
202604020104,10,スウィートラキ,64.6,11.0,2026/07/25 11:13:44
202604020104,11,スウェーバック,31.9,10.0,2026/07/25 11:13:44
202604020104,4,スノーランス,8.6,5.0,2026/07/25 11:13:44
202604020104,7,セイウンヤオヨロズ,6.0,3.0,2026/07/25 11:13:44
202604020104,6,ナーシリーヤ,19.8,8.0,2026/07/25 11:13:44
202604020104,2,パチクリベスクリ,74.7,12.0,2026/07/25 11:13:44
202604020104,13,フジテンクウ,95.0,14.0,2026/07/25 11:13:44
202604020104,3,プリプリプリン,3.7,1.0,2026/07/25 11:13:44
202604020104,14,マナイアカラニ,4.0,2.0,2026/07/25 11:13:44
202604020104,8,メイショウバリスタ,29.8,9.0,2026/07/25 11:13:44
202604020104,9,ロジザボード,10.8,6.0,2026/07/25 11:13:44
202601010104,3,アロハ,4.3,2.0,2026/07/25 11:24:06
202601010104,12,イヌボウノシオカゼ,85.0,13.0,2026/07/25 11:24:06
202601010104,9,イノリ,83.9,12.0,2026/07/25 11:24:06
202601010104,4,エアヴァイブス,4.4,3.0,2026/07/25 11:24:06
202601010104,13,カスタニッチャ,81.8,11.0,2026/07/25 11:24:06
202601010104,2,サンエンジェルス,10.8,6.0,2026/07/25 11:24:06
202601010104,8,サンセリテ,7.9,5.0,2026/07/25 11:24:06
202601010104,5,スパークルレイ,99.3,14.0,2026/07/25 11:24:06
202601010104,7,ビップジョワ,53.1,9.0,2026/07/25 11:24:06
202601010104,11,フレッチャアズーラ,3.7,1.0,2026/07/25 11:24:06
202601010104,10,フローズンクイーン,67.8,10.0,2026/07/25 11:24:06
202601010104,6,ペカリーナ,6.7,4.0,2026/07/25 11:24:06
202601010104,1,レイナデルアイレ,20.1,7.0,2026/07/25 11:24:06
202601010104,14,ロジマギー,30.7,8.0,2026/07/25 11:24:06
202607020105,3,イルミナジーティー,27.8,8.0,2026/07/25 11:33:28
202607020105,1,インヴァイト,79.2,15.0,2026/07/25 11:33:28
202607020105,6,スレイクイーン,39.0,10.0,2026/07/25 11:33:28
202607020105,9,セイロンブリーズ,23.8,7.0,2026/07/25 11:33:28
202607020105,5,セコンドトゥベスト,7.1,2.0,2026/07/25 11:33:28
202607020105,11,セルヴァジオ,10.3,4.0,2026/07/25 11:33:28
202607020105,16,ダーコ,41.3,11.0,2026/07/25 11:33:28
202607020105,13,トレッチェ,35.1,9.0,2026/07/25 11:33:28
202607020105,10,ノーブルクインダム,50.6,12.0,2026/07/25 11:33:28
202607020105,14,ヒーナシャム,106.7,16.0,2026/07/25 11:33:28
202607020105,12,ファルカータ,1.7,1.0,2026/07/25 11:33:28
202607020105,4,ペガサスジルシ,13.7,5.0,2026/07/25 11:33:28
202607020105,15,マルモリキャスター,75.8,13.0,2026/07/25 11:33:28
202607020105,7,ラヴエナストロ,77.6,14.0,2026/07/25 11:33:28
202607020105,8,リアライズアリス,9.0,3.0,2026/07/25 11:33:28
202607020105,2,ワンダーヴァレル,22.6,6.0,2026/07/25 11:33:28
202604020105,7,オルグジェシダ,4.7,2.0,2026/07/25 11:44:05
202604020105,6,カリーン,35.5,9.0,2026/07/25 11:44:05
202604020105,11,キシダンチョウ,5.4,3.0,2026/07/25 11:44:05
202604020105,4,ケイツールピア,53.7,10.0,2026/07/25 11:44:05
202604020105,2,コスモナエマ,12.9,6.0,2026/07/25 11:44:05
202604020105,1,スワローシチー,9.0,5.0,2026/07/25 11:44:05
202604020105,8,トラストモアリズム,17.9,7.0,2026/07/25 11:44:05
202604020105,5,フィールドノート,2.7,1.0,2026/07/25 11:44:05
202604020105,3,メイショウキンタイ,25.1,8.0,2026/07/25 11:44:05
202604020105,9,リアルセンター,54.6,11.0,2026/07/25 11:44:05
202604020105,10,ヴァリスマリネリス,6.9,4.0,2026/07/25 11:44:05
202601010105,2,アンバーバレット,6.2,4.0,2026/07/25 12:13:59
202601010105,4,カナデ,10.6,5.0,2026/07/25 12:13:59
202601010105,6,ディアファザー,22.2,6.0,2026/07/25 12:13:59
202601010105,5,トロフィアス,3.6,2.0,2026/07/25 12:13:59
202601010105,3,ホウオウシュウ,2.3,1.0,2026/07/25 12:13:59
202601010105,1,レガメデルヴェント,3.9,3.0,2026/07/25 12:13:59
202601010106,7,アート,9.0,5.0,2026/07/25 12:43:55
202601010106,1,インフィオラータ,4.9,2.0,2026/07/25 12:43:55
202601010106,8,ウインアベリア,46.8,13.0,2026/07/25 12:43:55
202601010106,12,ギルランダ,10.3,7.0,2026/07/25 12:43:55
202601010106,5,グランフルス,65.9,14.0,2026/07/25 12:43:55
202601010106,4,ケナゲ,12.0,8.0,2026/07/25 12:43:55
202601010106,10,コワンニシタガウ,4.8,1.0,2026/07/25 12:43:55
202601010106,14,セイントクーヤ,23.9,10.0,2026/07/25 12:43:55
202601010106,9,テンレディーゴー,27.9,11.0,2026/07/25 12:43:55
202601010106,3,トランスマリーン,22.2,9.0,2026/07/25 12:43:55
202601010106,2,フォルストランキル,7.7,4.0,2026/07/25 12:43:55
202601010106,6,ヘクセンハウス,7.1,3.0,2026/07/25 12:43:55
202601010106,11,ルナティックブルー,10.3,6.0,2026/07/25 12:43:55
202601010106,13,ルージュアイラ,34.0,12.0,2026/07/25 12:43:55
202601010107,10,アイアムステキ,11.6,7.0,2026/07/25 13:13:53
202601010107,14,イズルード,42.2,14.0,2026/07/25 13:13:53
202601010107,9,カイショー,5.4,2.0,2026/07/25 13:13:53
202601010107,13,グランテレーズ,24.1,9.0,2026/07/25 13:13:53
202601010107,8,サトノカスターニャ,27.3,11.0,2026/07/25 13:13:53
202601010107,4,シュークリーム,10.7,6.0,2026/07/25 13:13:53
202601010107,12,ジーティーエスピ,6.7,3.0,2026/07/25 13:13:53
202601010107,6,セガンティーニ,10.2,5.0,2026/07/25 13:13:53
202601010107,3,ナンナンプー,34.5,12.0,2026/07/25 13:13:53
202601010107,7,ニシノサリーナ,3.9,1.0,2026/07/25 13:13:53
202601010107,2,ハッピーラッキー,8.3,4.0,2026/07/25 13:13:53
202601010107,1,ペイシャアーサー,37.2,13.0,2026/07/25 13:13:53
202601010107,11,ペガサスノース,17.8,8.0,2026/07/25 13:13:53
202601010107,15,マティンデ,53.9,15.0,2026/07/25 13:13:53
202601010107,5,ランプローグ,24.2,10.0,2026/07/25 13:13:53
202601010108,11,アルニラム,172.3,12.0,2026/07/25 13:43:28
202601010108,7,オンザムービー,2.6,2.0,2026/07/25 13:43:28
202601010108,3,カフェブーケット,102.2,11.0,2026/07/25 13:43:28
202601010108,6,ザハント,48.3,9.0,2026/07/25 13:43:28
202601010108,5,ジェネラスキング,8.7,3.0,2026/07/25 13:43:28
202601010108,8,タイキルッジェーロ,14.1,5.0,2026/07/25 13:43:28
202601010108,9,ハイライトニング,40.9,8.0,2026/07/25 13:43:28
202601010108,1,ビービーバザーク,18.8,6.0,2026/07/25 13:43:28
202601010108,12,ピエナオルカ,2.4,1.0,2026/07/25 13:43:28
202601010108,10,ファンタイムギフト,9.2,4.0,2026/07/25 13:43:28
202601010108,2,マーベリックシチー,25.1,7.0,2026/07/25 13:43:28
202601010108,4,リュミナーズ,61.3,10.0,2026/07/25 13:43:28
202601010109,1,ガーネットフレア,10.4,6.0,2026/07/25 14:13:59
202601010109,9,キタノサリスカ,66.8,10.0,2026/07/25 14:13:59
202601010109,5,シニャンガ,4.2,2.0,2026/07/25 14:13:59
202601010109,4,ジェルブロア,4.5,3.0,2026/07/25 14:13:59
202601010109,7,ジャストビート,21.2,8.0,2026/07/25 14:13:59
202601010109,8,ディヒターリーベ,27.5,9.0,2026/07/25 14:13:59
202601010109,10,ナムラヒナギク,7.6,5.0,2026/07/25 14:13:59
202601010109,2,ニシノエピカリ,19.8,7.0,2026/07/25 14:13:59
202601010109,6,ラコンチャビエン,7.4,4.0,2026/07/25 14:13:59
202601010109,3,ルーチェフィオーレ,3.5,1.0,2026/07/25 14:13:59
202601010110,6,アスクデッドヒート,4.5,2.0,2026/07/25 14:43:32
202601010110,11,ウェイクフィールド,4.7,4.0,2026/07/25 14:43:32
202601010110,7,ジュンツバメガエシ,4.7,3.0,2026/07/25 14:43:32
202601010110,10,ドッビアーコ,38.1,11.0,2026/07/25 14:43:32
202601010110,9,バースライト,4.4,1.0,2026/07/25 14:43:32
202601010110,5,ボンドロア,11.1,5.0,2026/07/25 14:43:32
202601010110,3,ライフセービング,31.7,10.0,2026/07/25 14:43:32
202601010110,2,リギーロ,22.8,9.0,2026/07/25 14:43:32
202601010110,4,レイデラルース,14.1,7.0,2026/07/25 14:43:32
202601010110,8,レイヤードレッド,13.6,6.0,2026/07/25 14:43:32
202601010110,1,ヴァイザーバルコ,20.2,8.0,2026/07/25 14:43:32
202607020106,5,アリエスキング,23.7,7.0,2026/07/25 14:53:26
202607020106,16,アレ,30.3,10.0,2026/07/25 14:53:26
202607020106,12,エブリーポッシブル,10.1,4.0,2026/07/25 14:53:26
202607020106,15,ゴルデールスカー,72.2,15.0,2026/07/25 14:53:26
202607020106,14,ザックザク,28.7,8.0,2026/07/25 14:53:26
202607020106,8,ジェミート,38.2,12.0,2026/07/25 14:53:26
202607020106,4,ステラスプレンダー,100.1,16.0,2026/07/25 14:53:26
202607020106,1,スーパージョック,40.2,13.0,2026/07/25 14:53:26
202607020106,6,ゼロヴィジビリティ,2.4,1.0,2026/07/25 14:53:26
202607020106,11,チュウワチーフ,17.5,6.0,2026/07/25 14:53:26
202607020106,13,ヘリテージブルーム,7.3,3.0,2026/07/25 14:53:26
202607020106,7,ホウオウゴールド,35.0,11.0,2026/07/25 14:53:26
202607020106,9,ポートデラメール,4.8,2.0,2026/07/25 14:53:26
202607020106,2,モズケイスター,13.5,5.0,2026/07/25 14:53:26
202607020106,10,モズタチアガレ,47.5,14.0,2026/07/25 14:53:26
202607020106,3,ヤマニンバロネス,28.8,9.0,2026/07/25 14:53:26
202604020106,7,ガリレア,9.0,4.0,2026/07/25 15:04:13
202604020106,12,ギフテッド,17.2,8.0,2026/07/25 15:04:13
202604020106,4,ケイケイ,58.8,15.0,2026/07/25 15:04:13
202604020106,15,コルドンブルー,11.8,6.0,2026/07/25 15:04:13
202604020106,1,ゴールドスター,27.8,11.0,2026/07/25 15:04:13
202604020106,14,シャンソンドール,3.5,1.0,2026/07/25 15:04:13
202604020106,9,ジーネキング,5.1,2.0,2026/07/25 15:04:13
202604020106,11,ソニックライン,17.7,9.0,2026/07/25 15:04:13
202604020106,6,ドリームクルーズ,31.9,12.0,2026/07/25 15:04:13
202604020106,5,ナグルファル,26.4,10.0,2026/07/25 15:04:13
202604020106,2,ナファロア,56.1,14.0,2026/07/25 15:04:13
202604020106,13,ミッキースターダム,16.9,7.0,2026/07/25 15:04:13
202604020106,10,メランジェ,37.3,13.0,2026/07/25 15:04:13
202604020106,3,ラビットアイ,10.9,5.0,2026/07/25 15:04:13
202604020106,8,ルナルーチェット,6.9,3.0,2026/07/25 15:04:13
202601010111,10,アスクケンタッキー,5.9,3.0,2026/07/25 15:18:52
202601010111,8,アンジュプロミス,13.9,7.0,2026/07/25 15:18:52
202601010111,6,ウィルオレオール,81.4,12.0,2026/07/25 15:18:52
202601010111,1,エヴァンスウィート,21.5,9.0,2026/07/25 15:18:52
202601010111,9,クリエープキー,28.3,10.0,2026/07/25 15:18:52
202601010111,11,ゴールドサーベル,73.3,11.0,2026/07/25 15:18:52
202601010111,3,サウスバンク,4.9,2.0,2026/07/25 15:18:52
202601010111,2,シカゴスティング,12.3,5.0,2026/07/25 15:18:52
202601010111,12,パクスロマーナ,13.5,6.0,2026/07/25 15:18:52
202601010111,5,メルトユアハート,8.2,4.0,2026/07/25 15:18:52
202601010111,4,ルーフ,15.3,8.0,2026/07/25 15:18:52
202601010111,7,ロジケープ,2.7,1.0,2026/07/25 15:18:52
202607020107,5,ウインデイジー,10.3,4.0,2026/07/25 15:28:28
202607020107,2,エイカイマッケンロ,38.4,9.0,2026/07/25 15:28:28
202607020107,10,サダムオプシス,13.5,6.0,2026/07/25 15:28:28
202607020107,6,サトノクローク,12.7,5.0,2026/07/25 15:28:28
202607020107,4,タイセイフェリーク,14.4,7.0,2026/07/25 15:28:28
202607020107,11,ナムラフッカー,24.6,8.0,2026/07/25 15:28:28
202607020107,7,ハーツコンチェルト,3.8,2.0,2026/07/25 15:28:28
202607020107,1,ミッキーゴールド,4.5,3.0,2026/07/25 15:28:28
202607020107,9,ミュージシャン,2.8,1.0,2026/07/25 15:28:28
202607020107,8,メイショウソウタ,55.1,11.0,2026/07/25 15:28:28
202607020107,3,リンフレスカンテ,50.7,10.0,2026/07/25 15:28:28
202604020107,7,アームテイル,66.4,16.0,2026/07/25 15:39:27
202604020107,15,ウナギノボリ,51.8,15.0,2026/07/25 15:39:27
202604020107,5,エイムフォーエース,80.3,17.0,2026/07/25 15:39:27
202604020107,3,エマヌエーレ,13.9,5.0,2026/07/25 15:39:27
202604020107,16,キタサンダムール,15.2,6.0,2026/07/25 15:39:27
202604020107,2,コートアリシアン,2.3,1.0,2026/07/25 15:39:27
202604020107,13,スティールブルー,24.9,11.0,2026/07/25 15:39:27
202604020107,4,スマイルアップ,21.4,9.0,2026/07/25 15:39:27
202604020107,10,チューラワンサ,19.2,8.0,2026/07/25 15:39:27
202604020107,6,ピコローズ,8.5,3.0,2026/07/25 15:39:27
202604020107,18,フライングブレード,47.7,13.0,2026/07/25 15:39:27
202604020107,8,ボンヌソワレ,8.4,2.0,2026/07/25 15:39:27
202604020107,1,ポッドロワール,12.0,4.0,2026/07/25 15:39:27
202604020107,12,ミストレス,47.9,14.0,2026/07/25 15:39:27
202604020107,17,モジャーリオ,22.3,10.0,2026/07/25 15:39:27
202604020107,9,モンテシート,17.6,7.0,2026/07/25 15:39:27
202604020107,14,ルミノメテオール,111.0,18.0,2026/07/25 15:39:27
202604020107,11,ヴェサリウス,36.4,12.0,2026/07/25 15:39:27
202601010112,4,ギマール,18.3,5.0,2026/07/25 15:53:57
202601010112,3,ショウナンヤッホー,37.8,8.0,2026/07/25 15:53:57
202601010112,6,ジュンラトゥール,25.5,6.0,2026/07/25 15:53:57
202601010112,5,セボンサデッセ,4.4,2.0,2026/07/25 15:53:57
202601010112,7,ハイクオリティ,4.8,3.0,2026/07/25 15:53:57
202601010112,11,ヒルノピレネー,45.2,9.0,2026/07/25 15:53:57
202601010112,2,フェスタリア,71.9,10.0,2026/07/25 15:53:57
202601010112,8,ベラジオワールド,2.2,1.0,2026/07/25 15:53:57
202601010112,10,マッスルバック,90.1,11.0,2026/07/25 15:53:57
202601010112,9,ライフゲート,5.9,4.0,2026/07/25 15:53:57
202601010112,1,リメンバーヒム,33.6,7.0,2026/07/25 15:53:57
202607020108,6,アトレッタ,27.3,7.0,2026/07/25 16:03:30
202607020108,4,アンビアンス,68.0,8.0,2026/07/25 16:03:30
202607020108,7,サイモンシャリオ,7.2,4.0,2026/07/25 16:03:30
202607020108,2,サラコスティ,10.6,5.0,2026/07/25 16:03:30
202607020108,3,サンダーバード,10.9,6.0,2026/07/25 16:03:30
202607020108,1,スノースケープ,3.2,2.0,2026/07/25 16:03:30
202607020108,5,ブラックシャリマー,6.4,3.0,2026/07/25 16:03:30
202607020108,8,ロードフィレール,2.4,1.0,2026/07/25 16:03:30
202604020108,9,アヴァランチ,11.6,4.0,2026/07/25 16:14:19
202604020108,5,イリュストル,12.3,5.0,2026/07/25 16:14:19
202604020108,11,インナーパッション,2.8,1.0,2026/07/25 16:14:19
202604020108,3,ケルピー,29.6,12.0,2026/07/25 16:14:19
202604020108,8,コッレヴェッキオ,12.4,6.0,2026/07/25 16:14:19
202604020108,7,ハルノアラシ,25.5,9.0,2026/07/25 16:14:19
202604020108,12,バッカステソーロ,15.1,8.0,2026/07/25 16:14:19
202604020108,10,パイオニアスクエア,3.9,2.0,2026/07/25 16:14:19
202604020108,13,ブレスドナイル,25.8,10.0,2026/07/25 16:14:19
202604020108,4,メトロポリターナ,71.7,13.0,2026/07/25 16:14:19
202604020108,2,ライヴスプーン,27.3,11.0,2026/07/25 16:14:19
202604020108,6,ロケットパンチ,9.4,3.0,2026/07/25 16:14:19
202604020108,1,ヴィエントデコラ,14.2,7.0,2026/07/25 16:14:19
202607020109,14,イーブンベター,11.4,6.0,2026/07/25 16:38:45
202607020109,7,オブシディアーナ,15.4,7.0,2026/07/25 16:38:45
202607020109,16,ステライヴ,4.7,2.0,2026/07/25 16:38:45
202607020109,12,ダンシングドール,4.9,3.0,2026/07/25 16:38:45
202607020109,5,テーオーアンジェラ,103.6,15.0,2026/07/25 16:38:45
202607020109,15,ドレドレ,95.6,14.0,2026/07/25 16:38:45
202607020109,4,ナムラティアラ,48.8,11.0,2026/07/25 16:38:45
202607020109,10,ニーナバイリッカ,57.9,13.0,2026/07/25 16:38:45
202607020109,11,ミスヘンリー,35.4,10.0,2026/07/25 16:38:45
202607020109,8,ラウルベア,114.6,16.0,2026/07/25 16:38:45
202607020109,3,リカード,20.2,8.0,2026/07/25 16:38:45
202607020109,9,リンゲルブルーメ,52.7,12.0,2026/07/25 16:38:45
202607020109,6,ルクスコスモス,10.5,5.0,2026/07/25 16:38:45
202607020109,2,ルビドゥソレイユ,3.7,1.0,2026/07/25 16:38:45
202607020109,1,ワイズギャング,8.3,4.0,2026/07/25 16:38:45
202607020109,13,ヴァカンツァ,24.6,9.0,2026/07/25 16:38:45
202604020109,10,アメリカンピース,21.4,9.0,2026/07/25 16:48:29
202604020109,1,ウォーターリーダー,8.9,5.0,2026/07/25 16:48:29
202604020109,2,コスモチプリア,19.4,7.0,2026/07/25 16:48:29
202604020109,5,サルサロッサ,19.4,8.0,2026/07/25 16:48:29
202604020109,4,サングラデーション,5.0,3.0,2026/07/25 16:48:29
202604020109,3,スコラーリ,4.7,2.0,2026/07/25 16:48:29
202604020109,7,ダノンロッキー,2.9,1.0,2026/07/25 16:48:29
202604020109,6,パープルアドミラル,14.7,6.0,2026/07/25 16:48:29
202604020109,8,モンツァフレイバー,7.6,4.0,2026/07/25 16:48:29
202604020109,9,ローンウルフ,21.5,10.0,2026/07/25 16:48:29
202607020110,9,アスクチャンスマン,2.6,1.0,2026/07/25 17:13:34
202607020110,4,インシオン,8.9,6.0,2026/07/25 17:13:34
202607020110,2,ガウラディスコ,5.0,2.0,2026/07/25 17:13:34
202607020110,7,コルヴァス,,,2026/07/25 17:13:34
202607020110,13,サイモンゼスト,9.4,7.0,2026/07/25 17:13:34
202607020110,6,ステイクオール,7.9,4.0,2026/07/25 17:13:34
202607020110,5,タイセイフリーデン,92.1,11.0,2026/07/25 17:13:34
202607020110,8,タマモヒロイン,79.9,10.0,2026/07/25 17:13:34
202607020110,10,ブルーストレイル,103.3,12.0,2026/07/25 17:13:34
202607020110,1,ミランド,8.6,5.0,2026/07/25 17:13:34
202607020110,11,リアルペガサス,68.8,9.0,2026/07/25 17:13:34
202607020110,12,リヒトミューレ,7.0,3.0,2026/07/25 17:13:34
202607020110,3,ルルフィーユ,54.3,8.0,2026/07/25 17:13:34
202604020110,15,アジャイブ,74.3,13.0,2026/07/25 17:24:06
202604020110,13,アドバンスジェンヌ,39.9,11.0,2026/07/25 17:24:06
202604020110,11,オリエンタルガール,74.8,14.0,2026/07/25 17:24:06
202604020110,12,カーボフリオ,6.1,3.0,2026/07/25 17:24:06
202604020110,9,ゴールドビリーヴ,5.3,2.0,2026/07/25 17:24:06
202604020110,1,シェリーシュシュ,4.0,1.0,2026/07/25 17:24:06
202604020110,6,ディレクティオ,46.7,12.0,2026/07/25 17:24:06
202604020110,10,ナックレジーナ,29.8,10.0,2026/07/25 17:24:06
202604020110,5,ナツミカンチャン,8.4,5.0,2026/07/25 17:24:06
202604020110,14,バーヴァンシー,9.0,6.0,2026/07/25 17:24:06
202604020110,3,ベアエクスプレス,19.3,7.0,2026/07/25 17:24:06
202604020110,4,マイトリックスター,84.3,15.0,2026/07/25 17:24:06
202604020110,2,ミウ,21.6,9.0,2026/07/25 17:24:06
202604020110,7,ミュージックレイン,19.3,8.0,2026/07/25 17:24:06
202604020110,8,メジロピオラ,6.3,4.0,2026/07/25 17:24:06
202607020111,4,アウクソー,25.7,7.0,2026/07/25 17:43:40
202607020111,7,ケールハイム,2.7,2.0,2026/07/25 17:43:40
202607020111,6,サヨノパララックス,36.0,8.0,2026/07/25 17:43:40
202607020111,5,ニシノトリビュート,11.6,3.0,2026/07/25 17:43:40
202607020111,8,ビーグラッド,12.0,4.0,2026/07/25 17:43:40
202607020111,1,フェブリノ,21.3,6.0,2026/07/25 17:43:40
202607020111,2,ベランジェール,12.7,5.0,2026/07/25 17:43:40
202607020111,3,ルージュスプリヤ,1.9,1.0,2026/07/25 17:43:40
202604020111,7,アイファーアイドル,46.9,11.0,2026/07/25 17:53:59
202604020111,3,アリアファブラ,27.7,8.0,2026/07/25 17:53:59
202604020111,13,ケイツーキップ,60.9,15.0,2026/07/25 17:53:59
202604020111,16,シルバーアックス,3.1,1.0,2026/07/25 17:53:59
202604020111,18,ジョイアミーア,3.1,2.0,2026/07/25 17:53:59
202604020111,9,セランディア,10.2,4.0,2026/07/25 17:53:59
202604020111,8,ソレム,50.9,12.0,2026/07/25 17:53:59
202604020111,12,タツナナイロ,111.2,18.0,2026/07/25 17:53:59
202604020111,15,テラシエスタ,53.1,13.0,2026/07/25 17:53:59
202604020111,10,ノーブルラホーヤ,8.8,3.0,2026/07/25 17:53:59
202604020111,6,マイエラ,53.8,14.0,2026/07/25 17:53:59
202604020111,11,ミヤザキムスメ,105.3,17.0,2026/07/25 17:53:59
202604020111,5,ムーンシェイド,35.9,9.0,2026/07/25 17:53:59
202604020111,14,ユイノササヤキ,25.6,7.0,2026/07/25 17:53:59
202604020111,1,ユニベールクイーン,61.2,16.0,2026/07/25 17:53:59
202604020111,4,リオクリスハーレー,12.1,5.0,2026/07/25 17:53:59
202604020111,17,リオハリソンメリー,15.8,6.0,2026/07/25 17:53:59
202604020111,2,ルディドゥゲンジ,42.1,10.0,2026/07/25 17:53:59
202607020112,7,アスクブームキセキ,24.4,9.0,2026/07/25 18:13:34
202607020112,5,オレンジフィールド,16.1,7.0,2026/07/25 18:13:34
202607020112,14,オーケーキュート,101.6,15.0,2026/07/25 18:13:34
202607020112,1,オースミサイファー,31.3,10.0,2026/07/25 18:13:34
202607020112,2,カフラー,31.3,11.0,2026/07/25 18:13:34
202607020112,9,サーブルディアマン,22.6,8.0,2026/07/25 18:13:34
202607020112,15,シャンジュマン,161.6,16.0,2026/07/25 18:13:34
202607020112,4,ビッグヒーロー,3.6,1.0,2026/07/25 18:13:34
202607020112,12,マーチャンシップ,40.7,12.0,2026/07/25 18:13:34
202607020112,13,ミッキーラヴィータ,4.9,2.0,2026/07/25 18:13:34
202607020112,3,ムーンライトダイヤ,15.7,6.0,2026/07/25 18:13:34
202607020112,16,ラミエルノムスコ,13.1,5.0,2026/07/25 18:13:34
202607020112,8,ララディアーブル,6.2,4.0,2026/07/25 18:13:34
202607020112,6,リザレクティア,91.4,14.0,2026/07/25 18:13:34
202607020112,10,レインボーステート,5.2,3.0,2026/07/25 18:13:34
202607020112,11,レッドピアレス,45.9,13.0,2026/07/25 18:13:34
202604020112,8,ウインロゼライト,35.8,14.0,2026/07/25 18:24:31
202604020112,9,カフェラバー,18.8,10.0,2026/07/25 18:24:31
202604020112,11,ガラク,13.2,7.0,2026/07/25 18:24:31
202604020112,3,クリールスル,15.8,9.0,2026/07/25 18:24:31
202604020112,6,ショウナンマリーナ,98.0,16.0,2026/07/25 18:24:31
202604020112,13,ジョワイユノエル,22.1,11.0,2026/07/25 18:24:31
202604020112,15,タイセイフレッサ,5.2,2.0,2026/07/25 18:24:31
202604020112,14,テンハートビート,64.7,15.0,2026/07/25 18:24:31
202604020112,16,ブルバンビーナ,101.4,17.0,2026/07/25 18:24:31
202604020112,1,ミスバレンシア,11.4,4.0,2026/07/25 18:24:31
202604020112,17,メイリー,24.2,12.0,2026/07/25 18:24:31
202604020112,5,リアライズリバティ,12.3,5.0,2026/07/25 18:24:31
202604020112,2,リラ,4.2,1.0,2026/07/25 18:24:31
202604020112,10,リラベガ,29.1,13.0,2026/07/25 18:24:31
202604020112,4,ルージュダリア,6.9,3.0,2026/07/25 18:24:31
202604020112,7,ロジャリーマイン,15.6,8.0,2026/07/25 18:24:31
202604020112,12,ワディアルリヤハ,13.0,6.0,2026/07/25 18:24:31
202601010201,2,イリスロッソ,25.9,9.0,2026/07/26 07:02:41
202601010201,10,クラウスーラ,1.9,1.0,2026/07/26 07:02:41
202601010201,8,グランモンターナ,39.2,10.0,2026/07/26 07:02:41
202601010201,4,サウンドエフォート,25.4,8.0,2026/07/26 07:02:41
202601010201,3,サンクレセント,15.1,4.0,2026/07/26 07:02:41
202601010201,1,シンゼンノト,16.0,5.0,2026/07/26 07:02:41
202601010201,9,タイガーストリート,23.9,6.0,2026/07/26 07:02:41
202601010201,11,パンジャケリー,6.3,3.0,2026/07/26 07:02:41
202601010201,5,ラストモーメント,77.7,11.0,2026/07/26 07:02:41
202601010201,7,リアルクウカイ,25.0,7.0,2026/07/26 07:02:41
202601010201,12,レジェンドヴァーサ,91.1,12.0,2026/07/26 07:02:41
202601010201,6,ワイドウィンザー,4.3,2.0,2026/07/26 07:02:41
202601010202,7,サマースプラッシュ,24.9,8.0,2026/07/26 07:04:25
202601010202,9,スリーケイ,10.2,6.0,2026/07/26 07:04:25
202601010202,3,チカマヨルキーナ,65.3,10.0,2026/07/26 07:04:25
202601010202,4,ハスカップジャム,31.4,9.0,2026/07/26 07:04:25
202601010202,2,ビレッジルイーザ,4.9,3.0,2026/07/26 07:04:25
202601010202,6,プルーフリーディン,3.8,2.0,2026/07/26 07:04:25
202601010202,1,ラストシャイニー,21.3,7.0,2026/07/26 07:04:25
202601010202,8,ルパピヨンブラン,7.3,4.0,2026/07/26 07:04:25
202601010202,5,ルージュボニート,3.4,1.0,2026/07/26 07:04:25
202601010202,10,ワイルドカグラ,7.3,5.0,2026/07/26 07:04:25
202601010203,10,アンジュラフィーユ,3.4,1.0,2026/07/26 07:06:27
202601010203,15,ガルフコースト,64.2,15.0,2026/07/26 07:06:27
202601010203,16,クロノレガリス,77.4,16.0,2026/07/26 07:06:27
202601010203,3,サトノシュトローム,20.3,9.0,2026/07/26 07:06:27
202601010203,5,ティンクルバレット,14.4,6.0,2026/07/26 07:06:27
202601010203,8,ハルヒメ,4.1,2.0,2026/07/26 07:06:27
202601010203,7,フリーダムスタイル,27.1,10.0,2026/07/26 07:06:27
202601010203,13,ムーンリットレイン,34.1,11.0,2026/07/26 07:06:27
202601010203,11,メイショウテンジン,10.7,5.0,2026/07/26 07:06:27
202601010203,12,メーテルリンク,48.8,13.0,2026/07/26 07:06:27
202601010203,14,モズヴイ,9.1,4.0,2026/07/26 07:06:27
202601010203,6,モノノケ,56.6,14.0,2026/07/26 07:06:27
202601010203,9,ユナダイヤ,37.1,12.0,2026/07/26 07:06:27
202601010203,2,ランスオブラヴ,8.0,3.0,2026/07/26 07:06:27
202601010203,4,ロジスカヤ,19.1,8.0,2026/07/26 07:06:27
202601010203,1,ロンドンプライド,16.5,7.0,2026/07/26 07:06:27
202601010204,4,アンミックス,7.5,4.0,2026/07/26 07:07:55
202601010204,8,クルビデンス,25.6,10.0,2026/07/26 07:07:55
202601010204,2,ケンブリッジ,17.8,7.0,2026/07/26 07:07:55
202601010204,6,ショウナンタヅナ,11.8,6.0,2026/07/26 07:07:55
202601010204,9,シンエンドーツダ,3.4,1.0,2026/07/26 07:07:55
202601010204,10,セラサイト,4.8,3.0,2026/07/26 07:07:55
202601010204,3,タイガーゲイト,52.6,11.0,2026/07/26 07:07:55
202601010204,1,タイセイルビー,4.0,2.0,2026/07/26 07:07:55
202601010204,11,ホウオウショパン,23.2,9.0,2026/07/26 07:07:55
202601010204,5,メイショウタイザン,10.9,5.0,2026/07/26 07:07:55
202601010204,7,ロスニーニョス,22.9,8.0,2026/07/26 07:07:55
202601010205,3,コスモトップ,14.5,5.0,2026/07/26 07:10:03
202601010205,2,サトノフルーク,1.4,1.0,2026/07/26 07:10:03
202601010205,10,サンライズジャポネ,29.3,8.0,2026/07/26 07:10:03
202601010205,1,ジャストワナフライ,28.7,7.0,2026/07/26 07:10:03
202601010205,9,ノヴァヴェローチェ,5.5,2.0,2026/07/26 07:10:03
202601010205,7,マイネルラビリンス,54.1,9.0,2026/07/26 07:10:03
202601010205,8,ミラマルニ,79.6,10.0,2026/07/26 07:10:03
202601010205,4,リアライズセレスト,9.9,3.0,2026/07/26 07:10:03
202601010205,6,レゾンフォルテ,12.3,4.0,2026/07/26 07:10:03
202601010205,5,ローザベッラ,21.7,6.0,2026/07/26 07:10:03
202601010206,3,カイユレ,71.2,12.0,2026/07/26 07:11:44
202601010206,8,ゴコウコイコイ,9.7,4.0,2026/07/26 07:11:44
202601010206,6,サトノリアファル,11.6,5.0,2026/07/26 07:11:44
202601010206,11,ジングアップ,12.9,6.0,2026/07/26 07:11:44
202601010206,7,スチョウプリンセス,36.9,10.0,2026/07/26 07:11:44
202601010206,10,スノーエルヴァ,15.8,7.0,2026/07/26 07:11:44
202601010206,4,ダディーズソード,70.4,11.0,2026/07/26 07:11:44
202601010206,1,デルマタカチホ,23.2,8.0,2026/07/26 07:11:44
202601010206,5,ブリリアンブルーム,24.1,9.0,2026/07/26 07:11:44
202601010206,9,ヘイジュード,2.8,1.0,2026/07/26 07:11:44
202601010206,2,ミッキーテネシー,3.7,2.0,2026/07/26 07:11:44
202601010206,12,ロッサコメータ,6.1,3.0,2026/07/26 07:11:44
202601010207,1,キープライジング,16.4,7.0,2026/07/26 07:13:13
202601010207,6,ナムラモモ,6.1,3.0,2026/07/26 07:13:13
202601010207,5,ビタミンドロップ,2.4,1.0,2026/07/26 07:13:13
202601010207,7,ラムールデュヴォン,15.6,6.0,2026/07/26 07:13:13
202601010207,2,ランドスター,6.3,4.0,2026/07/26 07:13:13
202601010207,3,レネネト,6.7,5.0,2026/07/26 07:13:13
202601010207,4,ロードヴァルカン,3.9,2.0,2026/07/26 07:13:13
202601010208,10,クイーンズワーフ,14.1,4.0,2026/07/26 07:15:19
202601010208,5,コスモレッド,17.5,7.0,2026/07/26 07:15:19
202601010208,9,サンウリエル,16.5,6.0,2026/07/26 07:15:19
202601010208,8,ダノンフィオーレ,19.9,8.0,2026/07/26 07:15:19
202601010208,1,デイトナチャンプ,1.7,1.0,2026/07/26 07:15:19
202601010208,6,トップオンザヒル,57.3,11.0,2026/07/26 07:15:19
202601010208,12,トレヴィ,15.2,5.0,2026/07/26 07:15:19
202601010208,2,ナハトナナレオン,10.2,3.0,2026/07/26 07:15:19
202601010208,11,フクシマコウヨウ,96.2,12.0,2026/07/26 07:15:19
202601010208,4,マジカルシャイン,31.8,9.0,2026/07/26 07:15:19
202601010208,3,メイショウハッケイ,4.7,2.0,2026/07/26 07:15:19
202601010208,7,ルクスアドラー,51.5,10.0,2026/07/26 07:15:19
202601010201,2,イリスロッソ,25.9,9.0,2026/07/26 07:51:43
202601010201,10,クラウスーラ,1.9,1.0,2026/07/26 07:51:43
202601010201,8,グランモンターナ,39.2,10.0,2026/07/26 07:51:43
202601010201,4,サウンドエフォート,25.4,8.0,2026/07/26 07:51:43
202601010201,3,サンクレセント,15.1,4.0,2026/07/26 07:51:43
202601010201,1,シンゼンノト,16.0,5.0,2026/07/26 07:51:43
202601010201,9,タイガーストリート,23.9,6.0,2026/07/26 07:51:43
202601010201,11,パンジャケリー,6.3,3.0,2026/07/26 07:51:43
202601010201,5,ラストモーメント,77.7,11.0,2026/07/26 07:51:43
202601010201,7,リアルクウカイ,25.0,7.0,2026/07/26 07:51:43
202601010201,12,レジェンドヴァーサ,91.1,12.0,2026/07/26 07:51:43
202601010201,6,ワイドウィンザー,4.3,2.0,2026/07/26 07:51:43
202601010202,7,サマースプラッシュ,26.7,8.0,2026/07/26 07:53:23
202601010202,9,スリーケイ,9.3,6.0,2026/07/26 07:53:23
202601010202,3,チカマヨルキーナ,65.3,10.0,2026/07/26 07:53:23
202601010202,4,ハスカップジャム,35.5,9.0,2026/07/26 07:53:23
202601010202,2,ビレッジルイーザ,4.7,3.0,2026/07/26 07:53:23
202601010202,6,プルーフリーディン,3.5,1.0,2026/07/26 07:53:23
202601010202,1,ラストシャイニー,22.4,7.0,2026/07/26 07:53:23
202601010202,8,ルパピヨンブラン,6.8,4.0,2026/07/26 07:53:23
202601010202,5,ルージュボニート,4.1,2.0,2026/07/26 07:53:23
202601010202,10,ワイルドカグラ,7.2,5.0,2026/07/26 07:53:23
202601010203,10,アンジュラフィーユ,3.4,1.0,2026/07/26 07:55:07
202601010203,15,ガルフコースト,64.2,15.0,2026/07/26 07:55:07
202601010203,16,クロノレガリス,77.4,16.0,2026/07/26 07:55:07
202601010203,3,サトノシュトローム,20.3,9.0,2026/07/26 07:55:07
202601010203,5,ティンクルバレット,14.4,6.0,2026/07/26 07:55:07
202601010203,8,ハルヒメ,4.1,2.0,2026/07/26 07:55:07
202601010203,7,フリーダムスタイル,27.1,10.0,2026/07/26 07:55:07
202601010203,13,ムーンリットレイン,34.1,11.0,2026/07/26 07:55:07
202601010203,11,メイショウテンジン,10.7,5.0,2026/07/26 07:55:07
202601010203,12,メーテルリンク,48.8,13.0,2026/07/26 07:55:07
202601010203,14,モズヴイ,9.1,4.0,2026/07/26 07:55:07
202601010203,6,モノノケ,56.6,14.0,2026/07/26 07:55:07
202601010203,9,ユナダイヤ,37.1,12.0,2026/07/26 07:55:07
202601010203,2,ランスオブラヴ,8.0,3.0,2026/07/26 07:55:07
202601010203,4,ロジスカヤ,19.1,8.0,2026/07/26 07:55:07
202601010203,1,ロンドンプライド,16.5,7.0,2026/07/26 07:55:07
202601010201,2,イリスロッソ,28.2,9.0,2026/07/26 08:02:54
202601010201,10,クラウスーラ,1.9,1.0,2026/07/26 08:02:54
202601010201,8,グランモンターナ,41.5,10.0,2026/07/26 08:02:54
202601010201,4,サウンドエフォート,24.0,7.0,2026/07/26 08:02:54
202601010201,3,サンクレセント,15.2,5.0,2026/07/26 08:02:54
202601010201,1,シンゼンノト,13.3,4.0,2026/07/26 08:02:54
202601010201,9,タイガーストリート,24.4,8.0,2026/07/26 08:02:54
202601010201,11,パンジャケリー,6.0,3.0,2026/07/26 08:02:54
202601010201,5,ラストモーメント,94.7,11.0,2026/07/26 08:02:54
202601010201,7,リアルクウカイ,22.7,6.0,2026/07/26 08:02:54
202601010201,12,レジェンドヴァーサ,96.3,12.0,2026/07/26 08:02:54
202601010201,6,ワイドウィンザー,4.4,2.0,2026/07/26 08:02:54
202601010202,7,サマースプラッシュ,26.7,8.0,2026/07/26 08:04:22
202601010202,9,スリーケイ,9.3,6.0,2026/07/26 08:04:22
202601010202,3,チカマヨルキーナ,65.3,10.0,2026/07/26 08:04:22
202601010202,4,ハスカップジャム,35.5,9.0,2026/07/26 08:04:22
202601010202,2,ビレッジルイーザ,4.7,3.0,2026/07/26 08:04:22
202601010202,6,プルーフリーディン,3.5,1.0,2026/07/26 08:04:22
202601010202,1,ラストシャイニー,22.4,7.0,2026/07/26 08:04:22
202601010202,8,ルパピヨンブラン,6.8,4.0,2026/07/26 08:04:22
202601010202,5,ルージュボニート,4.1,2.0,2026/07/26 08:04:22
202601010202,10,ワイルドカグラ,7.2,5.0,2026/07/26 08:04:22
202601010203,10,アンジュラフィーユ,3.9,1.0,2026/07/26 08:06:03
202601010203,15,ガルフコースト,54.6,14.0,2026/07/26 08:06:03
202601010203,16,クロノレガリス,71.1,16.0,2026/07/26 08:06:03
202601010203,3,サトノシュトローム,17.7,9.0,2026/07/26 08:06:03
202601010203,5,ティンクルバレット,15.4,8.0,2026/07/26 08:06:03
202601010203,8,ハルヒメ,4.0,2.0,2026/07/26 08:06:03
202601010203,7,フリーダムスタイル,25.6,10.0,2026/07/26 08:06:03
202601010203,13,ムーンリットレイン,30.0,11.0,2026/07/26 08:06:03
202601010203,11,メイショウテンジン,11.5,5.0,2026/07/26 08:06:03
202601010203,12,メーテルリンク,51.7,13.0,2026/07/26 08:06:03
202601010203,14,モズヴイ,10.2,4.0,2026/07/26 08:06:03
202601010203,6,モノノケ,55.5,15.0,2026/07/26 08:06:03
202601010203,9,ユナダイヤ,38.4,12.0,2026/07/26 08:06:03
202601010203,2,ランスオブラヴ,7.9,3.0,2026/07/26 08:06:03
202601010203,4,ロジスカヤ,14.4,7.0,2026/07/26 08:06:03
202601010203,1,ロンドンプライド,12.9,6.0,2026/07/26 08:06:03
202601010204,4,アンミックス,7.5,4.0,2026/07/26 08:07:32
202601010204,8,クルビデンス,26.7,10.0,2026/07/26 08:07:32
202601010204,2,ケンブリッジ,19.5,7.0,2026/07/26 08:07:32
202601010204,6,ショウナンタヅナ,9.2,5.0,2026/07/26 08:07:32
202601010204,9,シンエンドーツダ,3.7,1.0,2026/07/26 08:07:32
202601010204,10,セラサイト,5.0,3.0,2026/07/26 08:07:32
202601010204,3,タイガーゲイト,53.7,11.0,2026/07/26 08:07:32
202601010204,1,タイセイルビー,3.8,2.0,2026/07/26 08:07:32
202601010204,11,ホウオウショパン,22.4,8.0,2026/07/26 08:07:32
202601010204,5,メイショウタイザン,10.1,6.0,2026/07/26 08:07:32
202601010204,7,ロスニーニョス,24.5,9.0,2026/07/26 08:07:32
202601010205,3,コスモトップ,14.3,5.0,2026/07/26 08:09:27
202601010205,2,サトノフルーク,1.5,1.0,2026/07/26 08:09:27
202601010205,10,サンライズジャポネ,27.0,7.0,2026/07/26 08:09:27
202601010205,1,ジャストワナフライ,29.0,8.0,2026/07/26 08:09:27
202601010205,9,ノヴァヴェローチェ,5.2,2.0,2026/07/26 08:09:27
202601010205,7,マイネルラビリンス,53.8,9.0,2026/07/26 08:09:27
202601010205,8,ミラマルニ,79.3,10.0,2026/07/26 08:09:27
202601010205,4,リアライズセレスト,9.3,3.0,2026/07/26 08:09:27
202601010205,6,レゾンフォルテ,11.1,4.0,2026/07/26 08:09:27
202601010205,5,ローザベッラ,19.8,6.0,2026/07/26 08:09:27
202601010206,3,カイユレ,74.0,11.0,2026/07/26 08:10:32
202601010206,8,ゴコウコイコイ,10.9,4.0,2026/07/26 08:10:32
202601010206,6,サトノリアファル,12.4,5.0,2026/07/26 08:10:32
202601010206,11,ジングアップ,15.1,6.0,2026/07/26 08:10:32
202601010206,7,スチョウプリンセス,39.1,10.0,2026/07/26 08:10:32
202601010206,10,スノーエルヴァ,18.3,7.0,2026/07/26 08:10:32
202601010206,4,ダディーズソード,78.3,12.0,2026/07/26 08:10:32
202601010206,1,デルマタカチホ,27.2,9.0,2026/07/26 08:10:32
202601010206,5,ブリリアンブルーム,24.2,8.0,2026/07/26 08:10:32
202601010206,9,ヘイジュード,2.2,1.0,2026/07/26 08:10:32
202601010206,2,ミッキーテネシー,4.0,2.0,2026/07/26 08:10:32
202601010206,12,ロッサコメータ,6.8,3.0,2026/07/26 08:10:32
202601010207,1,キープライジング,16.3,6.0,2026/07/26 08:11:32
202601010207,6,ナムラモモ,5.7,4.0,2026/07/26 08:11:32
202601010207,5,ビタミンドロップ,2.7,1.0,2026/07/26 08:11:32
202601010207,7,ラムールデュヴォン,17.8,7.0,2026/07/26 08:11:32
202601010207,2,ランドスター,5.7,3.0,2026/07/26 08:11:32
202601010207,3,レネネト,5.9,5.0,2026/07/26 08:11:32
202601010207,4,ロードヴァルカン,4.0,2.0,2026/07/26 08:11:32
202601010208,10,クイーンズワーフ,14.3,6.0,2026/07/26 08:12:55
202601010208,5,コスモレッド,14.0,5.0,2026/07/26 08:12:55
202601010208,9,サンウリエル,16.1,7.0,2026/07/26 08:12:55
202601010208,8,ダノンフィオーレ,20.3,8.0,2026/07/26 08:12:55
202601010208,1,デイトナチャンプ,1.7,1.0,2026/07/26 08:12:55
202601010208,6,トップオンザヒル,55.0,10.0,2026/07/26 08:12:55
202601010208,12,トレヴィ,13.8,4.0,2026/07/26 08:12:55
202601010208,2,ナハトナナレオン,11.1,3.0,2026/07/26 08:12:55
202601010208,11,フクシマコウヨウ,88.2,12.0,2026/07/26 08:12:55
202601010208,4,マジカルシャイン,33.7,9.0,2026/07/26 08:12:55
202601010208,3,メイショウハッケイ,5.5,2.0,2026/07/26 08:12:55
202601010208,7,ルクスアドラー,55.9,11.0,2026/07/26 08:12:55
202601010209,6,カルミアクラウン,7.8,2.0,2026/07/26 08:14:22
202601010209,2,サウンドルーチェ,9.0,3.0,2026/07/26 08:14:22
202601010209,3,ナムラハリス,23.0,7.0,2026/07/26 08:14:22
202601010209,4,マインセーラ,41.7,8.0,2026/07/26 08:14:22
202601010209,5,マーゴットサンズ,1.4,1.0,2026/07/26 08:14:22
202601010209,8,ラウニウ,12.0,5.0,2026/07/26 08:14:22
202601010209,1,ルージュビバーチェ,11.4,4.0,2026/07/26 08:14:22
202601010209,7,ヴェールミューズ,14.7,6.0,2026/07/26 08:14:22
202601010210,1,アルデトップガン,3.4,2.0,2026/07/26 08:15:28
202601010210,3,シャイニースイフト,26.2,9.0,2026/07/26 08:15:28
202601010210,6,ショウナンカリス,10.5,5.0,2026/07/26 08:15:28
202601010210,9,ジャズ,17.9,8.0,2026/07/26 08:15:28
202601010210,10,ヒズマスターピース,3.0,1.0,2026/07/26 08:15:28
202601010210,7,ブラックルビー,17.7,7.0,2026/07/26 08:15:28
202601010210,5,マーゴットブロー,6.4,3.0,2026/07/26 08:15:28
202601010210,2,レイユール,12.5,6.0,2026/07/26 08:15:28
202601010210,8,ワタシマツワ,7.6,4.0,2026/07/26 08:15:28
202601010210,4,ヴェナートル,33.7,10.0,2026/07/26 08:15:28
202604020202,2,アウアリイ,15.2,4.0,2026/07/26 09:40:55
202604020202,7,アルスラーン,65.9,8.0,2026/07/26 09:40:55
202604020202,5,コスモティタノ,41.5,7.0,2026/07/26 09:40:55
202604020202,8,ソニックウェーブ,66.7,9.0,2026/07/26 09:40:55
202604020202,3,ダノンダックス,1.2,1.0,2026/07/26 09:40:55
202604020202,6,トウシンマジック,13.8,3.0,2026/07/26 09:40:55
202604020202,9,ドミナートル,5.0,2.0,2026/07/26 09:40:55
202604020202,4,マイネルヴェスペル,26.5,5.0,2026/07/26 09:40:55
202604020202,1,ミクニルミナス,27.1,6.0,2026/07/26 09:40:55
202604020202,2,アウアリイ,15.2,4.0,2026/07/26 09:40:55
202604020202,7,アルスラーン,65.9,8.0,2026/07/26 09:40:55
202604020202,5,コスモティタノ,41.5,7.0,2026/07/26 09:40:55
202604020202,8,ソニックウェーブ,66.7,9.0,2026/07/26 09:40:55
202604020202,3,ダノンダックス,1.2,1.0,2026/07/26 09:40:55
202604020202,6,トウシンマジック,13.8,3.0,2026/07/26 09:40:55
202604020202,9,ドミナートル,5.0,2.0,2026/07/26 09:40:55
202604020202,4,マイネルヴェスペル,26.5,5.0,2026/07/26 09:40:55
202604020202,1,ミクニルミナス,27.1,6.0,2026/07/26 09:40:55
202604020202,2,アウアリイ,15.2,4.0,2026/07/26 09:41:05
202604020202,7,アルスラーン,65.9,8.0,2026/07/26 09:41:05
202604020202,5,コスモティタノ,41.5,7.0,2026/07/26 09:41:05
202604020202,8,ソニックウェーブ,66.7,9.0,2026/07/26 09:41:05
202604020202,3,ダノンダックス,1.2,1.0,2026/07/26 09:41:05
202604020202,6,トウシンマジック,13.8,3.0,2026/07/26 09:41:05
202604020202,9,ドミナートル,5.0,2.0,2026/07/26 09:41:05
202604020202,4,マイネルヴェスペル,26.5,5.0,2026/07/26 09:41:05
202604020202,1,ミクニルミナス,27.1,6.0,2026/07/26 09:41:05
202601010202,7,サマースプラッシュ,48.9,8.0,2026/07/26 10:23:20
202601010202,9,スリーケイ,12.6,6.0,2026/07/26 10:23:20
202601010202,3,チカマヨルキーナ,108.8,10.0,2026/07/26 10:23:20
202601010202,4,ハスカップジャム,69.8,9.0,2026/07/26 10:23:20
202601010202,2,ビレッジルイーザ,5.7,2.0,2026/07/26 10:23:20
202601010202,6,プルーフリーディン,1.7,1.0,2026/07/26 10:23:20
202601010202,1,ラストシャイニー,33.2,7.0,2026/07/26 10:23:20
202601010202,8,ルパピヨンブラン,7.5,3.0,2026/07/26 10:23:20
202601010202,5,ルージュボニート,7.9,4.0,2026/07/26 10:23:20
202601010202,10,ワイルドカグラ,11.5,5.0,2026/07/26 10:23:20
202607020203,9,オープンザパンドラ,6.9,4.0,2026/07/26 10:33:35
202607020203,5,ストラドーネ,56.1,10.0,2026/07/26 10:33:35
202607020203,1,ソニックブーム,18.2,6.0,2026/07/26 10:33:35
202607020203,3,タイセイグローバル,27.2,8.0,2026/07/26 10:33:35
202607020203,7,ダノンオブアイデア,5.9,3.0,2026/07/26 10:33:35
202607020203,6,ダノンミッドナイト,2.0,1.0,2026/07/26 10:33:35
202607020203,2,テーオーシュテルン,37.7,9.0,2026/07/26 10:33:35
202607020203,8,ナムラヴンダー,5.8,2.0,2026/07/26 10:33:35
202607020203,4,リアライズパリオ,22.3,7.0,2026/07/26 10:33:35
202607020203,10,ヴィスメンティス,10.6,5.0,2026/07/26 10:33:35
202604020203,14,カシノユメミヅキ,124.8,15.0,2026/07/26 10:43:28
202604020203,9,カセノソレイユ,59.8,12.0,2026/07/26 10:43:28
202604020203,10,キタノシオン,62.6,13.0,2026/07/26 10:43:28
202604020203,12,キタノソブリン,73.6,14.0,2026/07/26 10:43:28
202604020203,6,キャルキュラス,10.1,6.0,2026/07/26 10:43:28
202604020203,3,スカット,26.1,9.0,2026/07/26 10:43:28
202604020203,7,スピニンググローブ,6.1,3.0,2026/07/26 10:43:28
202604020203,4,ツキノマバタキ,40.0,11.0,2026/07/26 10:43:28
202604020203,15,ハンナパール,8.7,5.0,2026/07/26 10:43:28
202604020203,1,フェルアフリーゼ,7.9,4.0,2026/07/26 10:43:28
202604020203,5,ヘヴンズドライブ,27.9,10.0,2026/07/26 10:43:28
202604020203,11,ミエスタ,3.5,1.0,2026/07/26 10:43:28
202604020203,8,ミスタートントン,4.4,2.0,2026/07/26 10:43:28
202604020203,2,ラヴィングリー,24.4,8.0,2026/07/26 10:43:28
202604020203,13,ローズオブジャパン,18.9,7.0,2026/07/26 10:43:28
202601010203,10,アンジュラフィーユ,4.7,2.0,2026/07/26 10:53:38
202601010203,15,ガルフコースト,44.3,14.0,2026/07/26 10:53:38
202601010203,16,クロノレガリス,59.2,16.0,2026/07/26 10:53:38
202601010203,3,サトノシュトローム,20.0,9.0,2026/07/26 10:53:38
202601010203,5,ティンクルバレット,19.3,8.0,2026/07/26 10:53:38
202601010203,8,ハルヒメ,3.7,1.0,2026/07/26 10:53:38
202601010203,7,フリーダムスタイル,22.8,10.0,2026/07/26 10:53:38
202601010203,13,ムーンリットレイン,32.1,11.0,2026/07/26 10:53:38
202601010203,11,メイショウテンジン,8.9,4.0,2026/07/26 10:53:38
202601010203,12,メーテルリンク,36.7,12.0,2026/07/26 10:53:38
202601010203,14,モズヴイ,10.0,5.0,2026/07/26 10:53:38
202601010203,6,モノノケ,56.8,15.0,2026/07/26 10:53:38
202601010203,9,ユナダイヤ,38.1,13.0,2026/07/26 10:53:38
202601010203,2,ランスオブラヴ,7.1,3.0,2026/07/26 10:53:38
202601010203,4,ロジスカヤ,16.2,7.0,2026/07/26 10:53:38
202601010203,1,ロンドンプライド,14.1,6.0,2026/07/26 10:53:38
202607020204,1,アイランド,4.7,2.0,2026/07/26 11:03:15
202607020204,15,ウィスピア,56.8,12.0,2026/07/26 11:03:15
202607020204,10,ウォーブレイク,123.9,13.0,2026/07/26 11:03:15
202607020204,11,エアアルチーナ,7.6,4.0,2026/07/26 11:03:15
202607020204,8,カツラコマチ,128.5,15.0,2026/07/26 11:03:15
202607020204,4,クリコバロー,27.6,7.0,2026/07/26 11:03:15
202607020204,6,グランシャン,12.7,5.0,2026/07/26 11:03:15
202607020204,3,シギーコルエンド,34.9,9.0,2026/07/26 11:03:15
202607020204,9,タイセイゼスティ,36.0,10.0,2026/07/26 11:03:15
202607020204,2,ディープシャロー,23.8,6.0,2026/07/26 11:03:15
202607020204,12,トラッドロア,29.6,8.0,2026/07/26 11:03:15
202607020204,7,マジックハンド,44.5,11.0,2026/07/26 11:03:15
202607020204,13,マテンロウアワー,7.2,3.0,2026/07/26 11:03:15
202607020204,14,マーチンゲール,2.1,1.0,2026/07/26 11:03:15
202607020204,5,ラスカルキッド,124.7,14.0,2026/07/26 11:03:15
202604020204,1,アドマイヤウルトラ,10.4,4.0,2026/07/26 11:13:31
202604020204,16,アースヴィンチ,13.4,6.0,2026/07/26 11:13:31
202604020204,3,イーガービーバー,17.5,9.0,2026/07/26 11:13:31
202604020204,4,カムバックトゥミー,29.0,11.0,2026/07/26 11:13:31
202604020204,5,カーヴドヴァン,14.6,8.0,2026/07/26 11:13:31
202604020204,12,キャリアビジョン,32.5,12.0,2026/07/26 11:13:31
202604020204,18,クールチェンジ,18.5,10.0,2026/07/26 11:13:31
202604020204,14,ココナッツコースト,2.9,1.0,2026/07/26 11:13:31
202604020204,10,サイモンナイスラン,33.2,13.0,2026/07/26 11:13:31
202604020204,2,シルフィー,8.0,3.0,2026/07/26 11:13:31
202604020204,15,ジュリ,70.6,15.0,2026/07/26 11:13:31
202604020204,6,スーパーハイウェイ,91.1,16.0,2026/07/26 11:13:31
202604020204,13,デルマテイネ,139.9,17.0,2026/07/26 11:13:31
202604020204,7,バトルモクオ,14.0,7.0,2026/07/26 11:13:31
202604020204,17,ビーストウォーズ,154.1,18.0,2026/07/26 11:13:31
202604020204,9,ピコペアシェイプ,66.5,14.0,2026/07/26 11:13:31
202604020204,11,ルシアージュ,11.3,5.0,2026/07/26 11:13:31
202604020204,8,ルモンテ,7.8,2.0,2026/07/26 11:13:31
202601010204,4,アンミックス,6.3,4.0,2026/07/26 11:23:17
202601010204,8,クルビデンス,23.1,8.0,2026/07/26 11:23:17
202601010204,2,ケンブリッジ,25.9,9.0,2026/07/26 11:23:17
202601010204,6,ショウナンタヅナ,7.9,5.0,2026/07/26 11:23:17
202601010204,9,シンエンドーツダ,4.1,2.0,2026/07/26 11:23:17
202601010204,10,セラサイト,5.8,3.0,2026/07/26 11:23:17
202601010204,3,タイガーゲイト,62.2,11.0,2026/07/26 11:23:17
202601010204,1,タイセイルビー,3.9,1.0,2026/07/26 11:23:17
202601010204,11,ホウオウショパン,20.3,7.0,2026/07/26 11:23:17
202601010204,5,メイショウタイザン,8.2,6.0,2026/07/26 11:23:17
202601010204,7,ロスニーニョス,31.5,10.0,2026/07/26 11:23:17
202607020205,2,キャリアハイ,71.2,14.0,2026/07/26 11:33:32
202607020205,5,クライナリーゼ,58.3,13.0,2026/07/26 11:33:32
202607020205,16,サンライズジョー,51.2,11.0,2026/07/26 11:33:32
202607020205,9,ショウナンタマユラ,13.7,5.0,2026/07/26 11:33:32
202607020205,8,ジャズホリック,120.8,16.0,2026/07/26 11:33:32
202607020205,1,ジョーカー,6.0,3.0,2026/07/26 11:33:32
202607020205,14,セッシュウ,3.3,2.0,2026/07/26 11:33:32
202607020205,11,タイセイドゥマーニ,15.4,6.0,2026/07/26 11:33:32
202607020205,13,ハッピーチャンス,37.4,10.0,2026/07/26 11:33:32
202607020205,4,パピプペピンク,20.5,7.0,2026/07/26 11:33:32
202607020205,15,ペプチドアロン,3.1,1.0,2026/07/26 11:33:32
202607020205,6,ペプチドレオン,10.8,4.0,2026/07/26 11:33:32
202607020205,7,メイショウケンゴウ,53.7,12.0,2026/07/26 11:33:32
202607020205,3,メイショウドキョウ,85.3,15.0,2026/07/26 11:33:32
202607020205,12,ワトルツリー,27.7,9.0,2026/07/26 11:33:32
202607020205,10,ヴォメロ,24.9,8.0,2026/07/26 11:33:32
202604020205,10,アンバサダネージュ,2.8,1.0,2026/07/26 11:43:21
202604020205,13,アースミューズ,32.6,11.0,2026/07/26 11:43:21
202604020205,3,エテオクロス,15.7,7.0,2026/07/26 11:43:21
202604020205,2,カツノテンス,26.2,9.0,2026/07/26 11:43:21
202604020205,7,ガンバレベアー,23.0,8.0,2026/07/26 11:43:21
202604020205,12,キカオクベシ,93.7,15.0,2026/07/26 11:43:21
202604020205,1,コパノトーマス,13.1,6.0,2026/07/26 11:43:21
202604020205,9,サンシップ,70.2,13.0,2026/07/26 11:43:21
202604020205,14,ショウナンタハティ,8.1,5.0,2026/07/26 11:43:21
202604020205,11,ショコラキュイ,7.3,3.0,2026/07/26 11:43:21
202604020205,4,スマイルディシー,80.6,14.0,2026/07/26 11:43:21
202604020205,5,ホウオウプレシャス,56.0,12.0,2026/07/26 11:43:21
202604020205,6,ムーンブランシュ,7.8,4.0,2026/07/26 11:43:21
202604020205,8,ラテラルパーム,5.7,2.0,2026/07/26 11:43:21
202604020205,15,レインボーラッキー,28.2,10.0,2026/07/26 11:43:21
202601010205,3,コスモトップ,14.5,5.0,2026/07/26 12:13:38
202601010205,2,サトノフルーク,1.4,1.0,2026/07/26 12:13:38
202601010205,10,サンライズジャポネ,29.1,7.0,2026/07/26 12:13:38
202601010205,1,ジャストワナフライ,40.9,8.0,2026/07/26 12:13:38
202601010205,9,ノヴァヴェローチェ,6.0,2.0,2026/07/26 12:13:38
202601010205,7,マイネルラビリンス,70.1,9.0,2026/07/26 12:13:38
202601010205,8,ミラマルニ,104.7,10.0,2026/07/26 12:13:38
202601010205,4,リアライズセレスト,9.8,4.0,2026/07/26 12:13:38
202601010205,6,レゾンフォルテ,8.1,3.0,2026/07/26 12:13:38
202601010205,5,ローザベッラ,24.8,6.0,2026/07/26 12:13:38
202601010206,3,カイユレ,79.9,12.0,2026/07/26 12:43:16
202601010206,8,ゴコウコイコイ,8.6,4.0,2026/07/26 12:43:16
202601010206,6,サトノリアファル,11.4,5.0,2026/07/26 12:43:16
202601010206,11,ジングアップ,13.7,6.0,2026/07/26 12:43:16
202601010206,7,スチョウプリンセス,32.7,10.0,2026/07/26 12:43:16
202601010206,10,スノーエルヴァ,17.4,7.0,2026/07/26 12:43:16
202601010206,4,ダディーズソード,59.6,11.0,2026/07/26 12:43:16
202601010206,1,デルマタカチホ,20.9,8.0,2026/07/26 12:43:16
202601010206,5,ブリリアンブルーム,30.7,9.0,2026/07/26 12:43:16
202601010206,9,ヘイジュード,2.7,1.0,2026/07/26 12:43:16
202601010206,2,ミッキーテネシー,3.5,2.0,2026/07/26 12:43:16
202601010206,12,ロッサコメータ,7.5,3.0,2026/07/26 12:43:16
202601010207,1,キープライジング,20.0,6.0,2026/07/26 13:13:15
202601010207,6,ナムラモモ,4.4,3.0,2026/07/26 13:13:15
202601010207,5,ビタミンドロップ,2.7,1.0,2026/07/26 13:13:15
202601010207,7,ラムールデュヴォン,27.2,7.0,2026/07/26 13:13:15
202601010207,2,ランドスター,5.9,4.0,2026/07/26 13:13:15
202601010207,3,レネネト,6.4,5.0,2026/07/26 13:13:15
202601010207,4,ロードヴァルカン,4.0,2.0,2026/07/26 13:13:15
202601010208,10,クイーンズワーフ,13.8,5.0,2026/07/26 13:43:36
202601010208,5,コスモレッド,6.0,2.0,2026/07/26 13:43:36
202601010208,9,サンウリエル,16.0,7.0,2026/07/26 13:43:36
202601010208,8,ダノンフィオーレ,19.5,8.0,2026/07/26 13:43:36
202601010208,1,デイトナチャンプ,1.8,1.0,2026/07/26 13:43:36
202601010208,6,トップオンザヒル,73.9,11.0,2026/07/26 13:43:36
202601010208,12,トレヴィ,14.1,6.0,2026/07/26 13:43:36
202601010208,2,ナハトナナレオン,8.0,3.0,2026/07/26 13:43:36
202601010208,11,フクシマコウヨウ,108.0,12.0,2026/07/26 13:43:36
202601010208,4,マジカルシャイン,41.2,9.0,2026/07/26 13:43:36
202601010208,3,メイショウハッケイ,9.6,4.0,2026/07/26 13:43:36
202601010208,7,ルクスアドラー,63.3,10.0,2026/07/26 13:43:36
202601010209,6,カルミアクラウン,7.4,3.0,2026/07/26 14:13:12
202601010209,2,サウンドルーチェ,10.0,5.0,2026/07/26 14:13:12
202601010209,3,ナムラハリス,30.6,7.0,2026/07/26 14:13:12
202601010209,4,マインセーラ,56.7,8.0,2026/07/26 14:13:12
202601010209,5,マーゴットサンズ,1.7,1.0,2026/07/26 14:13:12
202601010209,8,ラウニウ,4.8,2.0,2026/07/26 14:13:12
202601010209,1,ルージュビバーチェ,8.7,4.0,2026/07/26 14:13:12
202601010209,7,ヴェールミューズ,13.0,6.0,2026/07/26 14:13:12
202601010210,1,アルデトップガン,6.0,2.0,2026/07/26 14:43:11
202601010210,3,シャイニースイフト,13.7,6.0,2026/07/26 14:43:11
202601010210,6,ショウナンカリス,6.0,3.0,2026/07/26 14:43:11
202601010210,9,ジャズ,16.4,8.0,2026/07/26 14:43:11
202601010210,10,ヒズマスターピース,2.7,1.0,2026/07/26 14:43:11
202601010210,7,ブラックルビー,23.9,9.0,2026/07/26 14:43:11
202601010210,5,マーゴットブロー,6.9,4.0,2026/07/26 14:43:11
202601010210,2,レイユール,13.9,7.0,2026/07/26 14:43:11
202601010210,8,ワタシマツワ,7.2,5.0,2026/07/26 14:43:11
202601010210,4,ヴェナートル,36.5,10.0,2026/07/26 14:43:11
202607020206,10,エアビッグマム,14.4,6.0,2026/07/26 14:54:18
202607020206,8,オデット,43.4,9.0,2026/07/26 14:54:18
202607020206,9,コリカンチャ,34.3,7.0,2026/07/26 14:54:18
202607020206,7,コンフェルマ,14.4,5.0,2026/07/26 14:54:18
202607020206,1,サヴォアフェール,1.9,1.0,2026/07/26 14:54:18
202607020206,3,ツーエムクロノス,40.0,8.0,2026/07/26 14:54:18
202607020206,4,ハッピーダンチャン,95.9,10.0,2026/07/26 14:54:18
202607020206,5,ホウオウタイタン,8.3,4.0,2026/07/26 14:54:18
202607020206,6,マディソンガール,4.8,2.0,2026/07/26 14:54:18
202607020206,2,レッドラージャ,5.4,3.0,2026/07/26 14:54:18
202604020206,9,オカメノコイ,16.6,7.0,2026/07/26 15:03:14
202604020206,3,カワキタマナレア,8.3,5.0,2026/07/26 15:03:14
202604020206,2,サマースイートピー,9.1,6.0,2026/07/26 15:03:14
202604020206,7,ソウルオンファイア,3.4,1.0,2026/07/26 15:03:14
202604020206,4,フィーチャリング,19.3,8.0,2026/07/26 15:03:14
202604020206,5,マイネルラッシュ,37.1,10.0,2026/07/26 15:03:14
202604020206,1,モリノセピア,6.7,4.0,2026/07/26 15:03:14
202604020206,8,ラヴオントップ,4.2,2.0,2026/07/26 15:03:14
202604020206,6,リッキースタイル,6.3,3.0,2026/07/26 15:03:14
202604020206,11,レッドセニョール,51.3,11.0,2026/07/26 15:03:14
202604020206,10,ロッカバイベイビー,26.5,9.0,2026/07/26 15:03:14
202601010211,11,アマキヒ,10.6,4.0,2026/07/26 15:18:35
202601010211,9,エコロレイズ,64.4,13.0,2026/07/26 15:18:35
202601010211,4,ギャンブルルーム,19.7,7.0,2026/07/26 15:18:35
202601010211,5,コーチェラバレー,11.3,5.0,2026/07/26 15:18:35
202601010211,1,スピードリッチ,19.0,6.0,2026/07/26 15:18:35
202601010211,10,バルナバ,33.0,10.0,2026/07/26 15:18:35
202601010211,6,パトリックハンサム,56.8,12.0,2026/07/26 15:18:35
202601010211,7,ブレイヴロッカー,23.6,9.0,2026/07/26 15:18:35
202601010211,13,ホールネス,22.8,8.0,2026/07/26 15:18:35
202601010211,2,ミラージュナイト,2.5,1.0,2026/07/26 15:18:35
202601010211,12,ラスカンブレス,41.3,11.0,2026/07/26 15:18:35
202601010211,3,レクスノヴァス,3.9,2.0,2026/07/26 15:18:35
202601010211,8,レッドテリオス,6.6,3.0,2026/07/26 15:18:35
202607020207,9,インユアパレス,8.3,4.0,2026/07/26 15:28:40
202607020207,6,ケイアイドリー,176.1,14.0,2026/07/26 15:28:40
202607020207,2,ジュンウィンダム,134.1,11.0,2026/07/26 15:28:40
202607020207,7,ダノンフィーゴ,4.8,2.0,2026/07/26 15:28:40
202607020207,10,トリリオンボーイ,165.6,13.0,2026/07/26 15:28:40
202607020207,13,ドラゴンテイラー,7.4,3.0,2026/07/26 15:28:40
202607020207,5,ドンインザムード,2.2,1.0,2026/07/26 15:28:40
202607020207,1,ノーブルロジャー,41.3,9.0,2026/07/26 15:28:40
202607020207,3,ハッピーマン,51.9,10.0,2026/07/26 15:28:40
202607020207,12,バトルクライ,28.5,8.0,2026/07/26 15:28:40
202607020207,8,ベルジュロネット,9.1,5.0,2026/07/26 15:28:40
202607020207,14,マテンロウコマンド,15.5,7.0,2026/07/26 15:28:40
202607020207,11,メイショウハチロー,14.3,6.0,2026/07/26 15:28:40
202607020207,4,モンドプリューム,149.6,12.0,2026/07/26 15:28:40
202604020207,3,アンパドゥ,4.9,2.0,2026/07/26 15:38:32
202604020207,7,エルトンバローズ,9.2,4.0,2026/07/26 15:38:32
202604020207,10,クランフォード,11.1,6.0,2026/07/26 15:38:32
202604020207,9,サンダーストラック,11.5,7.0,2026/07/26 15:38:32
202604020207,6,シリウスコルト,10.8,5.0,2026/07/26 15:38:32
202604020207,2,ジュタ,36.4,14.0,2026/07/26 15:38:32
202604020207,8,ダノンセンチュリー,4.7,1.0,2026/07/26 15:38:32
202604020207,11,ドロップオブライト,19.6,11.0,2026/07/26 15:38:32
202604020207,1,ファーヴェント,8.6,3.0,2026/07/26 15:38:32
202604020207,13,ブエナオンダ,35.2,13.0,2026/07/26 15:38:32
202604020207,4,マテンロウスカイ,34.4,12.0,2026/07/26 15:38:32
202604020207,14,メタルスピード,12.7,8.0,2026/07/26 15:38:32
202604020207,12,ランスオブカオス,13.4,9.0,2026/07/26 15:38:32
202604020207,5,レディマリオン,19.0,10.0,2026/07/26 15:38:32
202601010212,5,カイシンパジェント,13.9,7.0,2026/07/26 15:54:38
202601010212,6,カージオイド,15.3,8.0,2026/07/26 15:54:38
202601010212,3,キセキノエンジェル,40.2,9.0,2026/07/26 15:54:38
202601010212,1,クリスレジーナ,2.6,1.0,2026/07/26 15:54:38
202601010212,8,デルシエロ,3.6,2.0,2026/07/26 15:54:38
202601010212,4,デルマジュテーム,9.6,5.0,2026/07/26 15:54:38
202601010212,9,ドルチェリターン,7.6,3.0,2026/07/26 15:54:38
202601010212,2,ピティロディア,10.7,6.0,2026/07/26 15:54:38
202601010212,7,フリーガー,9.5,4.0,2026/07/26 15:54:38
