馬名,馬主
アアル,加藤誠
アイアイテーラー,中西浩一
アイアゲート,シルクレーシング
アイアコス,尾上寿夫
アイアス,畑末廣郎
アイアムアッパレ,ワイズマン
アイアムアヒーロー,ワイズマン
アイアムイチオシ,堀紘一
アイアムイチバン,ワイズマン
アイアムイチリュウ,ワイズマン
アイアムイブシギン,堀紘一
アイアムカガヤキ,堀紘一
アイアムカチマショ,堀紘一
アイアムキレマスネ,ワイズマン
アイアムコロンブス,ワイズマン
アイアムジャイアン,ワイズマン
アイアムジュピター,堀紘一
アイアムスゴスギル,堀紘一
アイアムステキ,ワイズマン
アイアムツイテル,堀紘一
アイアムツヨスギル,ワイズマン
アイアムハヤスギル,堀紘一
アイアムヒメ,玉腰勇吉
アイアムビクトリア,堀紘一
アイアムピッカピカ,堀紘一
アイアムヤルワヨ,堀紘一
アイアムユウシュン,ワイズマン
アイアムラベンダー,堀紘一
アイアムルンルン,ワイズマン
アイアムレジェンド,グランド牧場
アイアムロージー,堀紘一
アイアン,石川達絵
アイアンウォール,宮川純造
アイアンオバーカム,池上一馬
アイアンオー,池上一馬
アイアンカレン,池上一馬
アイアンクラッド,ノースヒルズ
アイアンソリッド,池上一馬
アイアンゾーン,池上一馬
アイアンナックル,手嶋康雄
アイアンバローズ,猪熊広次
アイアンパイク,浅田次郎
アイアンパシュート,池上一馬
アイアンフラワー,池上一馬
アイアンブランド,池上一馬
アイアンブルー,日進牧場
アイアンプラン,池上一馬
アイアンポート,池上一馬
アイアンマジン,池上一馬
アイアンミリオン,池上一馬
アイアンムスメ,西村新一郎
アイアンムーン,廣崎双葉
アイアンメイデン,田原邦男
アイアンユウキャン,池上一馬
アイアンランナー,池上一馬
アイアンランラン,池上一馬
アイアンロッキー,池上一馬
アイアンロマン,池上一馬
アイウィットネス,社台レースホース
アイウィル,Ｇリビエール・レーシング
アイウィルビー,落合幸弘
アイオブザストーム,ゴールドアップ・カンパニー
アイオライト,田頭勇貴
アイオリア,井山登
アイオリスパルス,シルクレーシング
アイオロステソーロ,了徳寺健二ホールディングス
アイオープナー,サラブレッドクラブ・ラフィアン
アイオーン,Ｇ１レーシング
アイカチャン,岡田牧雄
アイカムインピース,ゴドルフィン
アイカリトマナカ,村田能光
アイカンアズーラ,コージーレーシング
アイガイッパイ,藤井謙
アイガー,ゴドルフィン
アイガーテソーロ,了徳寺健二ホールディングス
アイガーリー,小谷野宗靖
アイキャンテーラー,中西浩一
アイキャンドウイッ,吉澤ホールディングス
アイキューテーラー,中西浩一
アイク,村木慎吾
アイクルムズ,ブルースターズファーム
アイグローリー,ライフエンタープライズ
アイコトバ,由井健太郎
アイコニック,雅苑興業
アイコン,ゴドルフィン
アイコンテーラー,中西浩一
アイゴットイット,吉田千津
アイサイテーラー,中西浩一
アイサイト,伊藤弘人
アイサマン,伊藤弘人
アイサンサン,岡浩二
アイサーベル,伊藤弘人
アイザックバローズ,猪熊広次
アイシテルヨナオミ,塩澤正樹
アイシュウデイト,三岡陽
アイシーブルー,ディアレストクラブ
アイスアイスベイビ,千明牧場
アイスアンドスノー,吉田晴哉
アイスキング,村上憲政
アイスグリーン,シルクレーシング
アイスケイブ,シルクレーシング
アイスシェルフ,吉田勝己
アイスジェイド,キャロットファーム
アイスジャイアント,吉田勝己
アイスストーム,ゴドルフィン
アイスソード,橋元勇氣
アイスナイン,石瀬浩三
アイスノート,中村祐子
アイスバブル,金子真人ホールディングス
アイスバーグアリー,Ｈ．Ｈ．シェイク・ファハド
アイスフィヨルド,佐々木雄二
アイスフィールド,ミルファーム
アイスフォーク,藤田晋
アイスフォーゲル,サンデーレーシング
アイスブラスト,ＤＭＭドリームクラブ
アイスブレイカー,ミルファーム
アイスマン,岡浩二
アイスムーン,ゴドルフィン
アイスメルティング,ローレルレーシング
アイスモント,吉澤ホールディングス
アイスランドポピー,キャロットファーム
アイスリアン,村上憲政
アイスリンディ,村上憲政
アイスリーディング,薗部博之
アイスヴィスタ,村上憲政
アイスヴィレッジ,ノルマンディーサラブレッドレーシング
アイズ,古賀禎彦
アイズダンシング,ローレルレーシング
アイズミサクラ,二口雅一
アイゼングラフ,藤沼利夫
アイゼンハイム,江馬由将
アイゼンフォルク,田畑利彦
アイゼンヴァンド,ウエスト．フォレスト．ステイブル
アイソウザスター,吉岡泰治
アイソラシー,諸江幸祐
アイソリズム,Ｇ１レーシング
アイソーザライト,タイヘイ牧場
アイタイ,平井裕
アイタカ,岡浩二
アイヅオイワケ,福島徳佑
アイヅヒリュウ,真部晴徳
アイヅリュウコ,真部晴徳
アイヅワカマツ,市川義美ホールディングス
アイティナリー,ノースヒルズ
アイティーテーラー,中西浩一
アイデアユー,ゴドルフィン
アイデアルカット,ミルファーム
アイディアリスト,Ｇ１レーシング
アイトカコイトカ,栗山道郎
アイトネテーラー,中西浩一
アイトマコト,前田葉子
アイトワ,江馬由将
アイトーン,深見富朗
アイドゥ,谷岡牧場
アイドゥーテーラー,中西浩一
アイドクレース,サラブレッドクラブ・ラフィアン
アイドル,石川達絵
アイドルアイズ,長谷川守正
アイドルズアイ,榊原源一郎
アイドルテーラー,中西浩一
アイドルフェスタ,ヒダカ・ブリーダーズ・ユニオン
アイドルヲサガセ,福田光博
アイドンノー,薪浦亨
アイニイ,静内白井牧場
アイニードユー,ゴドルフィン
アイネバーフェイル,飯田正剛
アイノア,ビッグレッドファーム
アイノウィステリア,Ｈ．Ｉコーポレーション
アイノエクスプレス,ライフエンタープライズ
アイノカケハシ,國分純
アイノカタマリ,奥田貴敏
アイノセンシ,日下部勝徳
アイノビューティー,ライフエンタープライズ
アイノファンタジー,ライフエンタープライズ
アイノユメテーラー,中西浩一
アイパラドックス,ライフエンタープライズ
アイビーイダテン,石坂茂ラボ
アイビーカイロス,石坂茂ラボ
アイビーガオー,石坂茂ラボ
アイビーキラリ,石坂茂ラボ
アイビークロノス,石坂茂ラボ
アイビーサムライオ,石坂茂ラボ
アイビースピネル,石坂茂ラボ
アイビーチーキー,石坂茂ラボ
アイビーテーラー,中西浩一
アイビーデゼル,石坂茂
アイビーヒメチャン,石坂茂ラボ
アイビーブリッツ,石坂茂ラボ
アイビーミャーオ,石坂茂ラボ
アイファーアイドル,中島稔
アイファーアクター,中島稔
アイファーアピール,中島稔
アイファーイエロー,中島稔
アイファーイチオー,中島稔
アイファーウィーク,中島稔
アイファーエポック,中島稔
アイファーエンター,中島稔
アイファーオウジャ,中島稔
アイファーオレンジ,中島稔
アイファーキャップ,中島稔
アイファーキャノン,中島俊房
アイファーキングズ,中島稔
アイファーグローブ,中島稔
アイファーサイアン,中島稔
アイファーサックス,中島稔
アイファーシアトル,中島稔
アイファーシャドー,中島稔
アイファージェット,中島稔
アイファージャガー,中島稔
アイファースキャン,中島稔
アイファーステップ,中島稔
アイファーセラピー,中島稔
アイファータレント,中島稔
アイファーダイヤ,中島稔
アイファーチーター,中島稔
アイファーテイオー,中島稔
アイファーネイビー,中島稔
アイファーハニー,中島稔
アイファーバトル,中島稔
アイファーパンサー,中島稔
アイファーパープル,中島稔
アイファーピンク,中島稔
アイファーファイト,中島稔
アイファーファーレ,中島稔
アイファーブラック,中島稔
アイファーブルー,中島稔
アイファーブレーヴ,中島稔
アイファープライス,中島稔
アイファープリティ,中島稔
アイファープレミア,中島稔
アイファーベア,中島稔
アイファーベイジュ,中島稔
アイファーマオ,中島稔
アイファーマグオー,中島稔
アイファーマーリン,中島稔
アイファームーラン,中島稔
アイファーメンバー,中島稔
アイファーモービル,中島稔
アイファーライオン,中島稔
アイファーラクーン,中島稔
アイファーラニオー,中島稔
アイファーラピッド,中島稔
アイファーリリー,中島稔
アイファーリンクス,中島稔
アイファーリーオー,中島稔
アイファーリーダー,中島稔
アイファーリーベン,中島稔
アイファーレッド,中島稔
アイファーレモン,中島稔
アイファーロブスト,中島稔
アイファーローレル,中島稔
アイファーヴァンズ,中島稔
アイファーヴリル,中島稔
アイフィロス,中村祐子
アイフレンズ,ライフエンタープライズ
アイブランコ,ライフエンタープライズ
アイブリンク,中辻明
アイベックス,石瀬浩三
アイベラ,Ｇ１レーシング
アイマックス,井上勇人
アイムアクイーン,牧野好孝
アイムイン,平田修
アイムインディ,山本又一郎
アイムクリエイター,ジーホース
アイムスティルミー,ミルファーム
アイムソーグレイト,平井裕
アイムファイン,ミルファーム
アイムフィアレス,サラブレッドクラブ・ラフィアン
アイムプラウド,藤沼利夫
アイムポッシブル,サンデーレーシング
アイメイドイット,サラブレッドクラブ・ラフィアン
アイヤナ,水野淳
アイヨトワニ,浦野和由
アイラジオーネ,加藤誠
アイラブテーラー,中西浩一
アイラブユー,ミルファーム
アイランド,石川達絵
アイランドガール,窪田芳郎
アイランドピーク,小島將之
アイランドルビー,大島豊彦
アイリスアゲート,社台レースホース
アイリスクォーツ,キャロットファーム
アイリステソーロ,了徳寺健二ホールディングス
アイリスハート,中山泰志
アイリスバイオ,バイオ
アイリスバローズ,猪熊広次
アイリスフィール,杵臼牧場
アイリッシュセンス,ＫＲジャパン
アイリッシュパール,サンデーレーシング
アイリッシュビート,林正道
アイリッシュベル,シルクレーシング
アイリッシュボム,ミルファーム
アイリッシュムーン,那須野牧場
アイリュール,佐藤牧場
アイリータイム,ＣＨＥＶＡＬＡＴＴＡＣＨＥ
アイリーノリチャン,中谷典生
アイリーライフ,ＹＧＧホースクラブ
アイリーン,シルクレーシング
アイリーンテーラー,中西浩一
アイルエクラ,勝本竜二
アイルオブチェリー,ライオンレースホース
アイルキング,中西功
アイルクラウン,ノルマンディーサラブレッドレーシング
アイルシャイン,勝本竜二
アイルシャンス,勝本竜二
アイルショウユー,ミルファーム
アイルチャーム,ノルマンディーサラブレッドレーシング
アイルトン,飯田貴大
アイルトンバローズ,猪熊広次
アイルトンライト,吉田勝己
アイルドゥレーヴェ,勝本竜二
アイルドフルール,多田信尊
アイルドリアン,吉田勝己
アイルハヴウインズ,鈴木芳夫
アイルビリーヴ,勝本竜二
アイルビー,ＧＥＴＮＥＸＴ
アイルビーザスター,岡田牧雄
アイルビーザワン,ノルマンディーサラブレッドレーシング
アイルビーメジャー,岡田壮史
アイルフィレール,勝本竜二
アイルランズコール,シルクレーシング
アイレ,シルクレーシング
アイレスアン,ＴＵＲＦレーシング
アイレント,Ｇ１レーシング
アイロニー,ＨｉｍＲｏｃｋＲａｃｉｎｇホールディングス
アイロンワークス,ゴドルフィン
アイワカツテーラー,中西浩一
アイワナアイドル,ＤＭＭドリームクラブ
アイワナスマイル,ＤＭＭドリームクラブ
アイワナトラスト,ＤＭＭドリームクラブ
アイワナビリーヴ,ＤＭＭドリームクラブ
アイヲコメテ,高橋美雄
アイヲサケブオトコ,コスモヴューファーム
アイヲシルジパング,石川美代子
アイヲツグモノ,三宅勝俊
アイヲヨブテーラー,中西浩一
アインゲーブング,サラブレッドクラブ・ラフィアン
アインシュペンナー,永田和彦
アインジェニー,下河辺隆行
アインツェルカンプ,ノルマンディーサラブレッドレーシング
アインハーディ,吉田千津
アインプレーゲン,ノースヒルズ
アインプロージット,ノースヒルズ
アインホルン,三田昌宏
アイヴィハウス,ゴドルフィン
アイヴィーサ,ノルマンディーサラブレッドレーシング
アイヴォリーアイ,京都ホースレーシング
アイヴォリードレス,サンデーレーシング
アイヴカムバック,サミットレーシング
アウアリイ,吉田照哉
アウィルアウェイ,吉田勝己
アウェイキング,藤田晋
アウェイクニング,ターフ・スポート
アウェイクネス,藤田晋
アウクソー,大島昌也
アウグスタ,高橋貴士
アウグスト,ＧＥＴＮＥＸＴ
アウグーリ,吉田勝己
アウゲンブリック,ライオンレースホース
アウサンガテ,金子真人ホールディングス
アウステルリッツ,サンデーレーシング
アウストラリス,石井輝昭
アウスドルック,サラブレッドクラブ・ラフィアン
アウスラフラッグ,中村伊三美
アウスヴァール,ノルマンディーサラブレッドレーシング
アウセンザイター,平田修
アウダーシア,サンデーレーシング
アウダース,前田清二
アウティスタ,ビッグレッドファーム
アウトウッズ,林正道
アウトオブサイト,ゴドルフィン
アウトオブザブルー,山口功一郎
アウトザロー,ミレレーシング
アウトストラーダ,シルクレーシング
アウトストリップ,岡田牧雄
アウトセイル,ローレルレーシング
アウトドライブ,岡浩二
アウトバーン,中島俊房
アウトパフォーム,ゴドルフィン
アウトライアーズ,丸山担
アウトラウド,山上和良
アウトラン,鈴木康弘
アウトリュコス,シルクレーシング
アウトリーチ,吉田千津
アウトレイジング,三浦勝仁
アウトレンジ,寺田寿男
アウフヘーベン,ＧＥＴＮＥＸＴ
アウフヴィント,吉田照哉
アウラニ,菅藤孝雄
アウラマイスター,礒川正明
アウラヴィータ,ディアレストクラブ
アウリイ,磯波勇Ｆ
アウリガテソーロ,了徳寺健二ホールディングス
アウリッシュ,ゴドルフィン
アウルムレガリア,岡田牧雄
アウレット,ゴドルフィン
アウロス,カナヤマホールディングス
アウローラシエル,高橋正雄
アウローラルミエル,高橋正雄
アエディフィカータ,今村明浩
アエリーゾ,サンデーレーシング
アエル,島川隆哉
アエレオ,柴原榮
アエログラム,サンデーレーシング
アエロプラニーノ,鈴木剛史
アエロリット,サンデーレーシング
アエローザ,ゴドルフィン
アオアラシ,松田整二
アオイアイ,新谷正子
アオイアツヒメ,鈴木照雄
アオイアルファワン,新谷幸義
アオイイーグル,新谷正子
アオイウィンダム,蓑島竜一
アオイエクラタン,鈴木照雄
アオイエンジェル,新谷正子
アオイカゲ,福田光博
アオイカツマ,新谷幸義
アオイカメリア,鈴木照雄
アオイクレアトール,新谷幸義
アオイゲート,斉藤三寛
アオイコウキ,新谷幸義
アオイゴールド,鈴木照雄
アオイゴールドワン,飯田正剛
アオイサクラ,新谷幸義
アオイサロン,鈴木照雄
アオイサンゴショウ,芹澤精一
アオイサンシャイン,新谷幸義
アオイシチフク,鈴木照雄
アオイショー,新谷幸義
アオイシン,新谷幸義
アオイシンゴ,新谷幸義
アオイスイセイ,星加浩一
アオイスター,鈴木照雄
アオイスミレ,林正道
アオイスーパー,内田滋三
アオイタケル,新谷正子
アオイタマヒメ,鈴木照雄
アオイダリア,鈴木照雄
アオイツキ,浅野正敏
アオイツヤヒメ,鈴木照雄
アオイテソーロ,了徳寺健二ホールディングス
アオイテン,新谷幸義
アオイトランプ,新谷幸義
アオイナギサ,松栄牧場
アオイノリプー,中谷典生
アオイハナミチ,鈴木正一
アオイハヤブサ,新谷正子
アオイハルカ,新谷正子
アオイビーナス,鈴木照雄
アオイフェリーチェ,鈴木照雄
アオイフォトグラフ,堀口晴男
アオイフォール,鈴木照雄
アオイプリンセス,新谷正子
アオイベクター,鈴木照雄
アオイホープ,内田滋三
アオイマジェスティ,鈴木照雄
アオイミズホ,新谷幸義
アオイミモザ,ザ・チャンピオンズ
アオイメルスイ,蓑島竜一
アオイモエ,新谷幸義
アオイモモ,新谷幸義
アオイラブリー,鈴木照雄
アオイラリュヌ,鈴木正一
アオイラン,新谷幸義
アオイリキマル,新谷幸義
アオイレーギーナ,川上哲司
アオカチ,松田整二
アオカミ,大瀧啓之
アオキホノオ,ＧＥＴＮＥＸＴ
アオシロツルバミ,松田整二
アオゾラランチ,吉田千津
アオテン,ヒダカ・ブリーダーズ・ユニオン
アオテンジョウ,北所直人
アオハルブルース,小野寺悠太
アオヒメ,大野淳史
アオユウスター,塚田義広
アオラキ,石井輝昭
アオレレ,中村忠彦
アカイイト,岡浩二
アカイツキ,二口雅一
アカイツメ,野村一雄
アカイトリノムスメ,金子真人ホールディングス
アカウフリューゲル,鈴木昌樹
アカオー,共田義夫
アカカゲ,ＸＩＡＯジャパン
アカキチノイレブン,星野隆男
アカクマドリ,ビッグレッドファーム
アカサンピン,由井健太郎
アカザ,鈴木康弘
アカツキジョー,河内孝夫
アカツキリンダ,村岡曉憲
アカツキロットリー,村岡曉憲
アカデミア,近藤英子
アカデミズム,ビッグレッドファーム
アカデミー,近藤英子
アカトンボ,イクタ
アカネ,池袋レーシング
アカネサス,林正道
アカネジョウ,河内孝夫
アカネバローロ,ライオンレースホース
アカノストロング,岩切企画
アカノニジュウイチ,岩切企画
アカヒゲ,佐々木孝之
アカボシ,ゴドルフィン
アカポネタテソーロ,了徳寺健二ホールディングス
アカマ,安部純史
アカマツミッチー,川島牧場
アカラレイア,河合裕明
アカリダイヤモンド,小林祥晃
アカリチャン,北側雅勝
アカリリチャード,小林祥晃
アカリリッキー,小林祥晃
アカンダナパワー,聖心台牧場
アガシ,ケイズジャパン
アガパンサス,池谷誠一
アガラス,サンデーレーシング
アキザクラ,ビッグレッドファーム
アキセブン,石山嘉七
アキトクレッセント,岡田昭利
アキトゴー,大倉佑介
アキノカトレア,穐吉正孝
アキノコマチ,穐吉正孝
アキノサザン,徳山彰俊
アキノスター,穐吉正孝
アキノスマート,増田陽一
アキノヒーロー,徳山彰俊
アキノビューティー,徳山彰俊
アキノフラッシュ,穐吉正孝
アキノポエム,徳山彰俊
アキノヨナガニ,浅沼廣幸
アキバ,高野哲
アキブレイブ,石山嘉七
アキミューミュー,スリーエイチレーシング
アキュートガール,山口敦広
アキラクン,小林祥晃
アキリザーブ,石山嘉七
アキンド,小田切有一
アギレラビーム,北原光一郎
アクアアイ,ＴＮレーシング
アクアジェット,ブルースターズファーム
アクアスパーダ,大野裕
アクアテラリウム,社台レースホース
アクアヒナ,フィールドレーシング
アクアビート,大田恭充
アクアファースト,前川俊行
アクアプローヴァ,柳田悠岐
アクアホワイト,ビッグレッドファーム
アクアポリン,谷掛龍夫
アクアマイスター,水谷美穂
アクアマリンブルー,青芝商事
アクアマリーナ,ヒダカ・ブリーダーズ・ユニオン
アクアマーズ,シルクレーシング
アクアミラビリス,社台レースホース
アクアリオ,村野康司
アクアリッズ,オールラブクラブ
アクアヴァーナル,吉田勝己
アクイローネ,松本俊廣
アクイール,ノースヒルズ
アクウィエス,ビッグレッドファーム
アクエリオン,安原浩司
アクシオン,幅田昌伸
アクシズ,中村祐子
アクシノス,京都ホースレーシング
アクシュラ,ノースヒルズ
アクションスター,福井明
アクションプラン,関田光男
アクセス,石川達絵
アクセラレート,キャロットファーム
アクセル,中辻明
アクセルインバイオ,バイオ
アクセルギア,川下竜彦
アクセルホーリー,吉岡泰治
アクターヒロイン,ヒダカ・ブリーダーズ・ユニオン
アクチノータス,サンデーレーシング
アクチュアリー,石瀬浩三
アクティナ,ノースヒルズ
アクティビティ,近藤英二
アクティブガール,平川浩之
アクティブバイオ,バイオ
アクティブヘイロー,林千枝子
アクティングエリア,ビッグレッドファーム
アクティーボミノル,吉岡實
アクデニズ,根岸朋弘
アクトゥリアン,高橋貴士
アクトゥールキネマ,グリーンファーム
アクトオネストリー,サンデーレーシング
アクトサージ,多田賢司
アクトレスラン,岡村善行
アクナキチョウセン,福田光博
アクニディ,キャロットファーム
アクラシア,ミルファーム
アクルクス,増田江利子
アクルックス,ビッグレッドファーム
アクロアイト,キャロットファーム
アクロスザシーズ,吉田晴哉
アクロスザリバー,岡田牧雄
アクロスティック,社台レースホース
アクロスメモリア,ＹＧＧホースクラブ
アクロビンジャー,吉澤ホールディングス
アクロフェイズ,キャロットファーム
アクロポリス,林正道
アクート,サンデーレーシング
アクートゥス,社台レースホース
アグアフレスカ,社台レースホース
アグニレディアンス,レッドマジック
アグネス,中水英紀
アグネスアース,渡辺公美子
アグネスエーデル,渡辺公美子
アグネスクウ,渡辺公美子
アグネスクレスト,渡辺公美子
アグネスクレバー,前田清二
アグネスサンキ,渡辺公美子
アグネスシュウ,渡辺公美子
アグネススターダム,渡辺公美子
アグネスヒーロー,渡辺公美子
アグネスフォルテ,畑佐博
アグネスブリッツ,渡辺公美子
アグネスユーリヤ,畑佐博
アグネスリバティ,渡辺公美子
アグネスリュウ,渡辺公美子
アグネッタ,菅原広隆
アグラシアド,ライオンレースホース
アグラダーブレ,幅田京子
アグラデッソ,中島俊房
アグラード,キャロットファーム
アグリ,三木正浩
アグリアス,レッドマジック
アグリシュブール,市瀬一浩
アグリッパーバイオ,バイオ
アグリモニー,ＯＲＴＥＧＡ
アグリューム,キャロットファーム
アグルーメ,中村智幸
アグレアーブル,シルクレーシング
アグレイビューティ,Ｇ１レーシング
アグレッシブ,平本敏夫
アグロウ,吉田照哉
アグードイメル,ケーエスＨＤ
アケノミョウジョウ,ミルファーム
アケル,西森鶴
アケルナルスター,永見貴昭
アゲマセン,大田恭充
アゲンストオッズ,諸江幸祐
アコニャン,奥田貴敏
アコルダール,ノルマンディーサラブレッドレーシング
アコルドエール,キャロットファーム
アコンカグア,寺田寿男
アコークロー,Ｇ１レーシング
アゴベイ,ゴドルフィン
アゴルディーノ,ディアレストクラブ
アサアール,ビッグレッドファーム
アサカディオネ,浅川昌彦
アサカディスタンス,浅川昌彦
アサカラキング,山口雄司
アサガクル,近藤健介
アサギリ,大島牧場
アサクサアダム,櫻井素子
アサクサアンデス,田原慶子
アサクサグレース,櫻井素子
アサクサゲンキ,櫻井素子
アサクサスポット,田原慶子
アサクサダイアナ,櫻井素子
アサクサトラマル,田原慶子
アサクサマヤ,櫻井素子
アサクサヴィーナス,櫻井素子
アサケエース,大橋公堯
アサケハーツ,大橋堯
アサケパワー,大橋公堯
アサケボス,大橋堯
アサケレディ,大橋公堯
アサシン,中村忠彦
アサヒ,Ｇリビエール・レーシング
アサマノイタズラ,星野壽市
アサミン,永野雄介
アサリア,インゼルレーシング
アサリチャン,大田恭充
アザル,ケーエスＨＤ
アザレ,島川隆哉
アザワク,オリオンファーム
アシェット,加藤徹
アシェットデセール,キャロットファーム
アシセバイラ,キャロットファーム
アシタカ,広尾レース
アシタガアルサ,千葉正人
アシタノカゼ,吉田照哉
アシタバ,佐久間拓士
アシタバスピリッツ,芳賀克也
アシナダカ,大樹ファーム
アシベツヨウヘイ,前川企画
アシャカウイング,吉冨学
アシャカシーザ,吉冨学
アシャカタカ,吉冨学
アシャカダイキ,吉冨学
アシャカチャン,吉冨学
アシャカデッシュ,吉冨学
アシャカデュメ,吉冨学
アシャカデュラン,吉冨学
アシャカトブ,吉冨学
アシャカトベ,吉冨学
アシャカトライミー,吉冨学
アシャカド,吉冨学
アシャカドリュー,吉冨学
アシャカナウ,吉冨学
アシャカバッハ,吉冨学
アシャカファスト,吉冨学
アシャカブラン,吉冨学
アシャカブラーヴ,吉冨学
アシャカホンマル,吉冨学
アシャカマキシン,吉冨学
アシャカリアン,吉冨学
アシャカリブラ,吉冨学
アシャカルッカ,吉冨学
アシャカルー,吉冨学
アシャカルーク,吉冨学
アシャカロッケ,吉冨学
アシュアビクトリー,Ｇ１レーシング
アシュモレアン,Ｇ１レーシング
アシュラム,フクキタル
アシュラン,間宮秀直
アシュリン,吉田和美
アシュームエアズ,ゴドルフィン
アショカ,草間庸文
アシリパ,飯田正剛
アシレ,古賀禎彦
アジアノカイゾク,福島徳佑
アジアノジュンシン,植村仁
アジアノハナ,永田和彦
アジアミッション,自由が丘サラブレッド倶楽部
アジアンテーラー,中西浩一
アジアントレジャー,永見貴昭
アジアンライナー,高昭牧場
アジアート,高昭牧場
アジェナ,高橋ファーム
アジャイブ,根岸朋弘
アジャイルブラック,平井裕
アジャスタブル,シルクレーシング
アジャスティッド,杉浦和也
アジャスト,ターフ・スポート
アジャストザルート,社台レースホース
アジュアカレンツ,ヒダカ・ブリーダーズ・ユニオン
アジュガ,林正道
アジュバント,伊達敏明
アジュマン,ヒダカ・ブリーダーズ・ユニオン
アジュール,ヒダカ・ブリーダーズ・ユニオン
アジュールブルー,犬塚悠治郎
アジリティ,石瀬浩三
アジーザム,飯田貴大
アスカセオン,上野武
アスカナターシャ,神田紘爾
アスカノソング,豊田智郎
アスカノダイチ,豊田智郎
アスカノツバサ,豊田智郎
アスカノハヤテ,豊田智郎
アスカノミライ,豊田智郎
アスカノリュウ,豊田智郎
アスカノロマン,豊田智郎
アスカリ,吉田勝己
アスカリアン,上野武
アスカロン,小松達昌
アスガルド,野田善己
アスキステソーロ,了徳寺健二ホールディングス
アスキットローラ,中江隆一
アスキーアート,ミルファーム
アスクアイルビゼア,廣崎利洋ＨＤ
アスクアットバット,廣崎利洋ＨＤ
アスクアメージモア,廣崎利洋ＨＤ
アスクアンビシャス,廣崎利洋ＨＤ
アスクアーバンシー,廣崎利洋ＨＤ
アスクイキゴミ,廣崎利洋ＨＤ
アスクウルトラモア,廣崎利洋ＨＤ
アスクエジンバラ,廣崎利洋
アスクエピソード,廣崎利洋ＨＤ
アスクエブリーワン,廣崎利洋ＨＤ
アスクオンディープ,廣崎利洋ＨＤ
アスクオーマイキー,廣崎利洋
アスクカムオンモア,廣崎利洋ＨＤ
アスクガンバーレ,廣崎利洋ＨＤ
アスクキングコング,廣崎利洋ＨＤ
アスククラウンモア,廣崎利洋ＨＤ
アスクケンタッキー,廣崎利洋ＨＤ
アスクコモンタレヴ,廣崎利洋
アスクコンナモンダ,廣崎利洋ＨＤ
アスクサステナブル,廣崎利洋
アスクサヴァイバル,廣崎利洋
アスクザアメリカン,廣崎利洋ＨＤ
アスクシュタイン,廣崎利洋ＨＤ
アスクジョーダン,廣崎利洋
アスクスタイルマン,廣崎利洋ＨＤ
アスクストライク,廣崎利洋
アスクセクシーモア,廣崎利洋ＨＤ
アスクダイアムーン,廣崎利洋ＨＤ
アスクチャンスマン,廣崎利洋ＨＤ
アスクチャンプガイ,廣崎利洋ＨＤ
アスクチャーチル,廣崎利洋ＨＤ
アスクデッドヒート,廣崎利洋ＨＤ
アスクデビューモア,廣崎利洋ＨＤ
アスクトゥマッチ,廣崎利洋
アスクトニーロッソ,廣崎利洋ＨＤ
アスクドゥチャンプ,廣崎利洋ＨＤ
アスクドゥポルテ,廣崎利洋ＨＤ
アスクドゥラメンテ,廣崎利洋ＨＤ
アスクドリームモア,廣崎利洋ＨＤ
アスクドンキバック,廣崎智子
アスクナイスショー,廣崎利洋
アスクナサニエル,廣崎利洋ＨＤ
アスクハッピーマン,廣崎利洋ＨＤ
アスクハッピーモア,廣崎利洋ＨＤ
アスクハードスパン,廣崎利洋ＨＤ
アスクヒロイズガイ,廣崎利洋ＨＤ
アスクヒーロー,廣崎利洋ＨＤ
アスクビギンアゲン,廣崎利洋
アスクビクターモア,廣崎利洋ＨＤ
アスクビックスター,廣崎利洋ＨＤ
アスクビックヴァン,廣崎利洋
アスクビビットモア,廣崎利洋ＨＤ
アスクビートルズ,廣崎利洋ＨＤ
アスクファイアモア,廣崎利洋ＨＤ
アスクフラッシュ,廣崎利洋ＨＤ
アスクブラボー,廣崎利洋ＨＤ
アスクブームキセキ,廣崎利洋ＨＤ
アスクホープマン,廣崎利洋
アスクマンカップ,廣崎利洋ＨＤ
アスクムービーオン,廣崎利洋ＨＤ
アスクメークシェア,廣崎利洋
アスクリノベート,廣崎利洋ＨＤ
アスクレッドスター,廣崎利洋ＨＤ
アスクローンウルフ,廣崎利洋ＨＤ
アスクワイルドモア,廣崎利洋ＨＤ
アスクワンタイム,廣崎利洋
アスクヴィグラス,廣崎利洋
アスクヴィヴァユー,廣崎利洋ＨＤ
アスクヴォルテージ,廣崎利洋ＨＤ
アスクヴレーヴモア,廣崎利洋ＨＤ
アスコットアイ,ノルマンディーサラブレッドレーシング
アスコットダンス,サイプレスホールディングス
アスコットチャンプ,星野隆男
アスコットペスカ,山田信太郎
アスコットレイ,平川浩之
アスコットロマン,矢野雅子
アスコットヴェール,グリーンファーム
アスコリピチェーノ,サンデーレーシング
アスコルターレ,サンデーレーシング
アスコルティアーモ,サンデーレーシング
アスゴッド,広尾レース
アスセナ,三宅勝俊
アスタイクウス,ＫＲジャパン
アスタウイン,三宅勝俊
アスタウンデッド,中村智幸
アスタマニアーナ,吉田千津
アスタラグローリア,ヒダカ・ブリーダーズ・ユニオン
アスタラビスタ,前田幸治
アスタリスク,石川達絵
アスターエポワス,加藤万記子
アスターエルビウム,加藤久枝
アスターコルネット,加藤久枝
アスターゴールド,加藤久枝
アスターシッキム,加藤久枝
アスターシャウルス,加藤万記子
アスタースウィング,加藤久枝
アスターストーリー,加藤久枝
アスターセレステ,加藤久枝
アスターソード,加藤久枝
アスターチェンチ,加藤久枝
アスターディゴン,加藤久枝
アスターディンブラ,加藤久枝
アスターデカゴン,加藤久枝
アスタートリゴン,加藤久枝
アスタードラゴン,加藤久枝
アスターナランハ,加藤久枝
アスターニルギリ,加藤千豊
アスターハリケーン,加藤久枝
アスタービオラ,加藤久枝
アスタービーナス,加藤久枝
アスターファゴット,加藤久枝
アスターフラッペ,加藤久枝
アスターブジエ,加藤千豊
アスターブランコ,加藤久枝
アスターブリザード,加藤久枝
アスターヘキサゴン,加藤久枝
アスターベルデ,加藤久枝
アスターペガサス,加藤久枝
アスターホルン,加藤久枝
アスターマリンバ,加藤久枝
アスターモノゴン,加藤久枝
アスターラングル,加藤千豊
アスターリコッタ,加藤千豊
アスタールテニウム,加藤千豊
アスタールビー,加藤久枝
アスタールフナ,加藤万記子
アスティ,山口謙太郎
アスティスプマンテ,吉田勝己
アスティパレア,サンデーレーシング
アステリアート,ＯＨＥレーシング
アステルカーラ,ノルマンディーサラブレッドレーシング
アステルグロリアス,小島正宏
アステルスフィーダ,小島正宏
アステルディーヴァ,小島正宏
アステルリヴェール,小島正宏
アステロイドベルト,キャロットファーム
アステロイドメア,スマイルファーム
アステーラス,天堀忠博
アストゥーリアス,菅原広隆
アストラアヴィス,東豊物産
アストライア,キャロットファーム
アストラエンブレム,シルクレーシング
アストラカ,水上行雄
アストラガルス,田頭勇貴
アストラサンタン,丹羽久一郎
アストラッド,江馬由将
アストラリオン,ラ・メール
アストラルフロウ,鈴木淳人
アストラルポケット,クラウン
アストラン,ＤＭＭドリームクラブ
アストリット,上田忠男
アストリル,辻子依旦
アストロアイガー,畑佐博
アストロゲート,カナヤマホールディングス
アストロノーティカ,ゴドルフィン
アストロバローズ,猪熊広次
アストロフィライト,シルクレーシング
アストロブレイク,吉澤ホールディングス
アストロマーチ,ノルマンディーサラブレッドレーシング
アストロラヴ,佐上峻作
アストロレガシー,シルクレーシング
アストロロジー,石瀬浩三
アストロローグ,ヒダカ・ブリーダーズ・ユニオン
アストンクリントン,サンデーレーシング
アスノヒロイン,佐藤啓子
アスパラゴ,村島聡乃
アスパルディーコ,金子真人ホールディングス
アスピシャスデイ,ノルマンディーサラブレッドレーシング
アスピノール,上田忠男
アスピラシオン,辻子依旦
アスピラール,山口敦広
アスプリージャ,坂東牧場
アスペッタティーバ,小松達昌
アスマスティーブ,湯澤寛
アスミル,村上憲政
アスリエル,ノルマンディーサラブレッドレーシング
アスルノーヴァ,ブルースターズファーム
アスロス,広尾レース
アスワンサンセット,社台レースホース
アスールドブレ,アスール
アスールパースト,アスール
アスールプラージャ,眞保榮稔
アズサ,和田牧場
アズナブール,西田彰宏
アズベリー,前原敏行
アズマエピカリス,東哲次
アズマオウ,東哲次
アズマサクラエモン,川端美穂
アズマタックン,東哲次
アズマヘリテージ,東哲次
アズユーフィール,コスモヴューファーム
アズユーライク,チャンピオンズファーム
アズライトアスール,アスール
アズライトティアラ,荒井泰樹
アズライトムーン,シルクレーシング
アズワンウイッシュ,社台レースホース
アズーラ,江川聡子
アズールスカイ,ノースヒルズ
アズールドーン,Ｇ１レーシング
アズーロエマローネ,シルクレーシング
アセレラシオン,サンデーレーシング
アセンシオン,ノースヒルズ
アセンダント,サラブレッドクラブ・ラフィアン
アセンディア,諸岡勲
アセンブリールーム,サンデーレーシング
アゼム,鈴木淳人
アゼルスタン,サンデーレーシング
アタカヒール,高瀬牧場
アタカマリン,高瀬牧場
アタカミーム,高瀬牧場
アタカリスポーン,高瀬牧場
アタカンテ,幅田昌伸
アタゴバリュー,坪野谷和平
アタックエース,西村新一郎
アタックスリー,西村新一郎
アタックタイガー,西村新一郎
アタックボーイ,長塩豊
アタビズム,広尾レース
アタミ,副島義久
アタラシイカドデニ,石田勇
アタラヨ,前田幸大
アタリダイキチ,西村新一郎
アダマスミノル,吉岡實
アダマント,森田至昭
アダマース,サンデーレーシング
アダムスマイリー,廣崎双葉
アダムズテソーロ,了徳寺健二ホールディングス
アダムバローズ,猪熊広次
アチェロイス,岡田牧雄
アチーヴァー,社台レースホース
アッカレッツァーレ,山口裕介
アッカン,ＧｒａｎｄｅＲａｃｉｎｇ
アックアアルタ,サンデーレーシング
アックアヴィリーレ,ヒダカ・ブリーダーズ・ユニオン
アックラマーレ,伊藤永二郎
アッケシ,ゴドルフィン
アッサジャン,金子真人ホールディングス
アッシェンプッテル,フジワラ・ファーム
アッシズオブローズ,サンデーレーシング
アッシャムス,桑田牧場
アッシュ,中村智幸
アッシュグレイス,ノルマンディーサラブレッドレーシング
アッシュグレー,ミルファーム
アッシュゲイル,山口敦広
アッシュドール,西浩明
アッシュバーグ,下河辺隆行
アッシュフォード,シルクレーシング
アッシュルバニパル,吉田和美
アッセクシー,吉澤ホールディングス
アッタヴァンティ,サンデーレーシング
アッチェレランド,ラ・メール
アッチャイオ,落合幸弘
アッチャゴーラ,吉田千津
アッチョンブリケ,中込哲太郎
アッティラ,高瀬真尚
アッティーヴォ,奥裕嗣
アットアブラスト,岡田牧雄
アットザトップ,ノースヒルズ
アットザホップ,稲川一
アットザラヴアスク,廣崎利洋ＨＤ
アットワンス,米田稔
アッパレゴッホ,西村新一郎
アッパーウォーター,吉田勝己
アッファシナンテ,キャロットファーム
アッフィラート,社台レースホース
アッフェルマーレ,下河辺隆行
アップクォーク,キャロットファーム
アップサージ,ゴドルフィン
アップステート,三嶋牧場
アップストリーム,下河辺隆行
アップストローク,吉田照哉
アップターンデイ,フクキタル
アップチェリー,服部英利
アップデート,石川達絵
アップトゥザナイン,京都ホースレーシング
アップトゥミー,金子真人ホールディングス
アップビート,ゴドルフィン
アップフルーク,村山正道
アップライト,シルクレーシング
アップライトスピン,キャロットファーム
アップリバー,平田修
アップリンク,シルクレーシング
アップルザビート,山下裕司
アップルハウス,薪浦亨
アップルマフィン,加藤徹
アッラサルーテ,吉田勝己
アツィオーネ,ウエスト．フォレスト．ステイブル
アツキヤマト,鈴木正浩
アツヒメ,小菅誠
アツモリ,重松國建
アツンケル,由井健太郎
アティトラン,ノースヒルズ
アティラン,水上ふじ子
アティード,高瀬正志
アテザムール,寺田心平
アテナガール,田島政光
アテナノワール,諸江幸祐
アテナパルテノス,ゴドルフィン
アテナブレイブ,スリーエイチレーシング
アテナリ,林弘之
アテングローリー,玉置潔
アテンコール,齊藤直信
アテンスマイル,マークス
アテンド,中村伊三美
アテンハピネス,マークス
アテンパーティ,齊藤直信
アテンヒーロー,玉置潔
アテンフェアリー,齊藤直信
アテンフェスタ,河村隆平
アテンフラワー,マークス
アテンポラル,Ｇ１レーシング
アテンミラクル,玉置潔
アディクション,キャロットファーム
アディクテッドラン,サイプレスホールディングス
アディラータメンテ,窪田芳郎
アディラート,安原浩司
アデウス,平本敏夫
アデニウム,村野康司
アデラパフューム,高昭牧場
アデランテ,岡田牧雄
アデルバローズ,猪熊広次
アデルフィー,小原準一郎
アデーレカフェ,西川光一
アトミカ,東堂レーシング
アトミックガイ,吉田和美
アトミックスワップ,田頭勇貴
アトミックナンバー,ゴドルフィン
アトミックフォース,吉田千津
アトミックフレア,天堀忠博
アトミックブレス,イージス
アトミックリーチ,藤田晋
アトムアストレア,永井廣司
アトムアリス,永井廣司
アトムヴェローチェ,永井廣司
アトモス,寺田寿男
アトモスジブリール,志村鑑彦
アトモストリミッツ,サンデーレーシング
アトラクティッド,山上和良
アトラクティヴ,近藤英子
アトラクティーボ,ノースヒルズ
アトラクトボイス,大原詔宏
アトラクトラン,岡村善行
アトラスエース,柳橋俊昭
アトラステソーロ,了徳寺健二ホールディングス
アトラップレーヴ,山中明広
アトランタ,近藤英子
アトランタテソーロ,了徳寺健二ホールディングス
アトランティス,山口功一郎
アトラーレ,ライオンレースホース
アトリ,シルクレーシング
アトリウムチャペル,社台レースホース
アトリビュート,シルクレーシング
アトリーテソーロ,了徳寺健二ホールディングス
アトレイユ,杉山忠国
アトレッタ,名古屋友豊
アトレッド,ニューワールドレーシング
アトレヴィード,吉田勝己
アトロルーベンス,吉田勝己
アドアステラ,ビッグレッドファーム
アドアパルス,松岡隆雄
アドアプローズ,アドバンス・サッポロ
アドゥシール,大樹ファーム
アドゥール,寺田寿男
アドゥールグロー,磯部昌史
アドバンスアゲイン,西川隆士
アドバンスオーセン,久保田典秀
アドバンスゴード,ニッシンレーシング
アドバンスジェンヌ,アドバンス・サッポロ
アドバンスドリーム,久保田典秀
アドバンスファラオ,久保田典秀
アドバンスマルス,広尾レース
アドバンスモダン,久保田典秀
アドバンテスロード,小関昭次
アドフランマム,榊原源一郎
アドベントクランツ,名古屋友豊
アドベントシーズン,社台レースホース
アドマイヤアストラ,近藤旬子
アドマイヤアゼリ,近藤旬子
アドマイヤアリエル,近藤旬子
アドマイヤアルバ,近藤旬子
アドマイヤアルパマ,近藤旬子
アドマイヤアーデル,近藤旬子
アドマイヤイル,近藤旬子
アドマイヤウルトラ,近藤旬子
アドマイヤエイカン,近藤利一
アドマイヤエイジア,近藤旬子
アドマイヤエリーズ,近藤旬子
アドマイヤカラット,近藤利一
アドマイヤカーム,近藤旬子
アドマイヤキズナ,近藤旬子
アドマイヤキング,近藤利一
アドマイヤクィーン,近藤利一
アドマイヤクロス,近藤利一
アドマイヤクワッズ,近藤旬子
アドマイヤグリーゼ,近藤旬子
アドマイヤグルス,近藤旬子
アドマイヤコメット,近藤利一
アドマイヤコーク,近藤旬子
アドマイヤコースト,近藤利一
アドマイヤゴッド,近藤利一
アドマイヤサジー,近藤旬子
アドマイヤザルミナ,近藤旬子
アドマイヤザーゲ,近藤旬子
アドマイヤシナイ,近藤旬子
アドマイヤシュラ,近藤旬子
アドマイヤシリウス,近藤旬子
アドマイヤジェイ,近藤旬子
アドマイヤジャスタ,近藤旬子
アドマイヤジャズ,近藤利一
アドマイヤジョイ,近藤利一
アドマイヤジョラス,近藤旬子
アドマイヤスカイ,近藤利一
アドマイヤスコール,近藤旬子
アドマイヤズーム,近藤旬子
アドマイヤソラ,近藤旬子
アドマイヤゾネ,近藤旬子
アドマイヤチャチャ,近藤旬子
アドマイヤツヨシ,近藤利一
アドマイヤツルギ,近藤利一
アドマイヤテラ,近藤旬子
アドマイヤデイトナ,近藤旬子
アドマイヤデジタル,近藤利一
アドマイヤデルタ,近藤旬子
アドマイヤナイト,近藤利一
アドマイヤハイジ,近藤旬子
アドマイヤハダル,近藤旬子
アドマイヤハレー,近藤旬子
アドマイヤパンドラ,近藤旬子
アドマイヤパープル,近藤旬子
アドマイヤヒビキ,近藤旬子
アドマイヤビクター,近藤利一
アドマイヤビルゴ,近藤旬子
アドマイヤビーナス,近藤旬子
アドマイヤフェニー,近藤旬子
アドマイヤフォルム,近藤利一
アドマイヤフク,近藤旬子
アドマイヤプリヴ,近藤利一
アドマイヤベネラ,近藤旬子
アドマイヤベル,近藤旬子
アドマイヤホルン,近藤利一
アドマイヤポラリス,近藤旬子
アドマイヤポーシュ,近藤旬子
アドマイヤマイア,近藤旬子
アドマイヤマツリ,近藤旬子
アドマイヤマーズ,近藤旬子
アドマイヤミモザ,近藤旬子
アドマイヤミランダ,近藤旬子
アドマイヤムテキ,近藤利一
アドマイヤメジャー,近藤旬子
アドマイヤメティス,近藤旬子
アドマイヤメテオ,近藤利一
アドマイヤメーゼ,近藤旬子
アドマイヤユラナス,近藤旬子
アドマイヤラヴィ,近藤旬子
アドマイヤリアル,近藤利一
アドマイヤリゲル,近藤旬子
アドマイヤリード,近藤利一
アドマイヤリーブラ,近藤旬子
アドマイヤルプス,近藤旬子
アドマイヤルミナス,近藤旬子
アドマイヤレオ,近藤旬子
アドマイヤレビン,近藤旬子
アドマイヤロマン,近藤利一
アドマイヤローザ,近藤利一
アドマイヤヴェラ,近藤旬子
アドマーニ,京都ホースレーシング
アドミ,多田賢司
アドミラブルエース,稲場澄
アドミラルシップ,芹澤精一
アドラツィオーネ,佐々木雄二
アドラヌス,ゴドルフィン
アドラビーレ,社台レースホース
アドラブリーズ,ノルマンディーサラブレッドレーシング
アドラブルリリー,ディアレストクラブ
アドラマリク,岡田牧雄
アドラメレク,Ｇ１レーシング
アドラータ,社台レースホース
アドリアフレイバー,尾田信夫
アドレ,ヒダカ・ブリーダーズ・ユニオン
アドレニコル,島川隆哉
アドレマピュス,ディアレストクラブ
アドヴァイス,泉一郎
アドヴェントイヴ,廣崎双葉
アドーニス,片野新一
アドーネ,山口敦広
アナゴサン,内田玄祥
アナザーエデン,市川義美ホールディングス
アナザーエンド,三宅勝俊
アナザーエース,ヒダカ・ブリーダーズ・ユニオン
アナザークイーン,ビッグレッドファーム
アナザーゲート,田島大史
アナザータレント,ニッシンホールディングス
アナザーチャンス,岡田牧雄
アナザートゥルース,ノルマンディーサラブレッドレーシング
アナザードリーム,山田弘
アナザーバージョン,サンデーレーシング
アナザーフェイス,社台レースホース
アナザープラネット,市川義美ホールディングス
アナザームーン,吉田好雄
アナザーラブソング,市川義美ホールディングス
アナザーリリック,シルクレーシング
アナザーヴィータ,コスモヴューファーム
アナスタシオ,ノースヒルズ
アナスタシス,杉山忠国
アナタノトリコ,福田光博
アナハ,安原浩司
アナバチャーレ,早野誠
アナベル,川勝裕之
アナベルアンヌリー,ＹＭホース
アナベルエクラ,ＹＭホース
アナベルケイツー,ＹＭホース
アナベルデアモンテ,ＹＭホース
アナベルヒマワリ,ＹＭホース
アナポリス,窪田芳郎
アナマリー,ゴドルフィン
アナラビ,田所英子
アナレクタ,岡田壮史
アナレンマ,金子真人ホールディングス
アナンクス,杉浦和也
アナンシエーション,シルクレーシング
アナンダライト,シルクレーシング
アニエーゼ,ノースヒルズ
アニエーネ,ビッグレッドファーム
アニゴザントス,犬塚悠治郎
アニトラ,Ｇ１レーシング
アニマシオン,Ｇ１レーシング
アニマフレスカ,吉田晴哉
アニマルキリシマ,西村新一郎
アニマルダンジ,西村新一郎
アニマルボス,酒井喜生
アニマレイ,Ｇリビエール・レーシング
アニマーダ,庄司紫紀
アニマート,ゴドルフィン
アニマートバイオ,バイオ
アニュスノーバス,杉山忠国
アニュレス,小林竜太郎
アニラ,シルクレーシング
アニヴェルセル,高橋貴士
アニーアイル,日向英二
アニージョ,ローレルレーシング
アニーブレイク,野嶋祥二
アヌラーダプラ,キャロットファーム
アヌーク,岡田隆寛
アネクスペクティド,Ｗ．ギャロー
アネゴハダ,岡浩二
アネッロ,諸岡慶
アネッロデルビーノ,吉田千津
アネモス,ゴールドアップ・カンパニー
アネモネテソーロ,了徳寺健二ホールディングス
アネモネポルト,ウエスト．フォレスト．ステイブル
アネラアーニャ,久保博文
アノ,武田浩典
アノヒノアヤマチ,内田玄祥
アノマリー,吉田勝利
アバオアクー,外池榮一郎
アバグネイル,シルクレーシング
アバットゥータ,加藤誠
アバディーン,社台レースホース
アバヨナミダ,大田恭充
アバルラータ,安原浩司
アバレリュウ,長谷川光司
アバンサル,今西宏枝
アバンダンス,酒井孝敏
アバンダンスシチー,友駿ホースクラブ
アバンチュリエ,ＤＭＭドリームクラブ
アバンデル,野田努
アパイシュナール,サラブレッドクラブ・ラフィアン
アパショナード,大塚亮一
アパタイトテソーロ,了徳寺健二ホールディングス
アパッシメント,金子真人ホールディングス
アパラギ,岡浩二
アパラージタ,田頭勇貴
アパレイユ,幅田昌伸
アヒージョケッパー,スリーエイチレーシング
アビエルト,野嶋祥二
アビエーション,田頭勇貴
アビッグチア,藤田在子
アビッサルスター,社台レースホース
アビトレイタ,加藤誠
アビヤント,ノースヒルズ
アビラーシャ,インゼルレーシング
アビル,シルクレーシング
アビークワイア,シルクレーシング
アビーシュート,瀬野尾裕久
アビースマイル,門別牧場
アビーム,ローレルレーシング
アピテソーロ,了徳寺健二ホールディングス
アピート,京都ホースレーシング
アピーリングライフ,?文彦
アピーリングルック,社台レースホース
アピールデザイン,西村新一郎
アピールバイオ,バイオ
アピールラン,岡村善行
アファリン,前田幸治
アファン,雅苑興業
アフィラトゥーラ,加藤誠
アフィリオン,シルクレーシング
アフィーリア,スリーエイチレーシング
アフェシス,ＯＵＭＡ
アフォガート,豊井義次
アフタヌーンティー,広尾レース
アフタヌーンドレス,ゴドルフィン
アフターグロウ,サラブレッドクラブ・ラフィアン
アフターバーナー,ゴドルフィン
アフトクラーティラ,Ｇ１レーシング
アフランシール,前田幸治
アフリカンゴールド,ゴドルフィン
アフリカンサウンズ,吉澤ホールディングス
アフリカンビート,田頭勇貴
アフリカンブラック,古賀慎一
アフロビート,山口功一郎
アフロマン,大田恭充
アブキールベイ,ゴドルフィン
アブシンス,芹澤精一
アブシンベル,服部健太郎
アブストゥルース,ゴドルフィン
アブソルティスモ,キャロットファーム
アブソルートピッチ,松尾正
アブデラザール,ＫＡＪＩＭＯＴＯホールディングス
アブラアルバム,大西洋平
アブラカタブラ,ミルファーム
アブリコース,大将レーシング
アブルハウル,社台レースホース
アブルマドール,サンデーレーシング
アブレイズ,前田幸貴
アブレイズヒーロー,ノルマンディーサラブレッドレーシング
アプサラー,ヒダカ・ブリーダーズ・ユニオン
アプラウス,ノースヒルズ
アプラド,ノースヒルズ
アプリ,サンコウ牧場
アプリシティー,シルクレーシング
アプルヴァ,伊達敏明
アプルーヴァル,近藤英子
アプレイザー,岡田牧雄
アプレラプリュイ,ノースヒルズ
アプロ,高橋ファーム
アプロフォンディ,槙和美
アプローズパワー,吉野弘司
アプローズユウ,星野壽市
アプローチ,近藤英二
アヘッド,前田葉子
アベックフォルス,田中義明
アベベ,三岡陽
アベルゴー,臼井義太郎
アベレージマーク,金子真人ホールディングス
アペタイザー,スリーエイチレーシング
アペルタ,酒井喜生
アペルトゥーラ,ノルマンディーサラブレッドレーシング
アポ,武田茂男
アポテカ,井上久光
アポロアベリア,アポロサラブレッドクラブ
アポロアミ,アポロサラブレッドクラブ
アポロアーリー,アポロサラブレッドクラブ
アポロウェイラーズ,アポロサラブレッドクラブ
アポロカイト,アポロサラブレッドクラブ
アポロキラナ,アポロサラブレッドクラブ
アポログランツ,アポロサラブレッドクラブ
アポロシュシュ,佐野信幸
アポロスマイル,アポロサラブレッドクラブ
アポロセイラン,アポロサラブレッドクラブ
アポロダーウィン,アポロサラブレッドクラブ
アポロチーター,アポロサラブレッドクラブ
アポロティアモ,アポロサラブレッドクラブ
アポロテキサス,アポロサラブレッドクラブ
アポロテネシー,アポロサラブレッドクラブ
アポロドリーム,アポロサラブレッドクラブ
アポロナッシュビル,アポロサラブレッドクラブ
アポロニケ,アポロサラブレッドクラブ
アポロノシンザン,アポロサラブレッドクラブ
アポロノワキザシ,アポロサラブレッドクラブ
アポロハクジャ,中島俊房
アポロバレッタ,アポロサラブレッドクラブ
アポロパシュート,アポロサラブレッドクラブ
アポロビビ,アポロサラブレッドクラブ
アポロファルコン,アポロサラブレッドクラブ
アポロファントム,アポロサラブレッドクラブ
アポロプラネット,星野隆男
アポロプリンセス,アポロサラブレッドクラブ
アポロホープ,アポロサラブレッドクラブ
アポロマインド,西村新一郎
アポロマジェスティ,アポロサラブレッドクラブ
アポロマーキュリー,アポロサラブレッドクラブ
アポロミラクル,アポロサラブレッドクラブ
アポロモーリアン,アポロサラブレッドクラブ
アポロユッキー,アポロサラブレッドクラブ
アポロラスベガス,アポロサラブレッドクラブ
アポロリップ,アポロサラブレッドクラブ
アポロリヤム,中村伊三美
アポロリリー,アポロサラブレッドクラブ
アポロルタ,伊藤恵介
アポロレイア,アポロサラブレッドクラブ
アポロン,エンジェルレーシング
アポロンテソーロ,了徳寺健二ホールディングス
アポロヴィクトリア,アポロサラブレッドクラブ
アマイ,ミルファーム
アマイクチヅケ,内田玄祥
アマキヒ,金子真人ホールディングス
アマギール,サンデーレーシング
アマゴ,越村哲男
アマソナ,吉田勝利
アマゾナイト,田頭勇貴
アマゾニカ,ディアレストクラブ
アマゾネス,カナヤマホールディングス
アマゾンクルーズ,丸山担
アマゾーヌ,スリーエイチレーシング
アマテラスイメル,ケーエスＨＤ
アマデウス,中西純穂
アマデトワール,ノースヒルズ
アマネセール,シルクレーシング
アマノエリザベート,中村孝
アマノカイザー,中村孝
アマノカグヤマ,内田玄祥
アマノガワギンガ,植村仁
アマノコマンダー,中村孝
アマノメルシー,中村孝
アマノヴィーナス,中村孝
アマビエ,ミルファーム
アマポーラ,村野康司
アマミツツキ,サンデーヒルズ
アマモト,山藤賢
アマラスボーイ,吉岡泰治
アマリリス,中村勝彦
アマリリステソーロ,了徳寺健二ホールディングス
アマルナ,カナヤマホールディングス
アマルフィコースト,社台レースホース
アマルフィレモン,岡田牧雄
アマルフィー,加藤徹
アマレロフレイバー,尾田信夫
アマレーン,サラブレッドクラブ・ラフィアン
アマンテビアンコ,シルクレーシング
アマンディーヌ,ディアレストクラブ
アマントアスク,廣崎利洋ＨＤ
アマンヘセル,Ｇリビエール・レーシング
アマーティ,吉田勝己
アマートカヴァロ,猪又晶介
アマービレ,安原浩司
アミアン,山口謙太郎
アミグダラ,ミルファーム
アミスタ,水上行雄
アミスターミノル,吉岡實
アミドゥクール,Ｇ１レーシング
アミナス,田中春美
アミノショコラ,アミノグローバルレーシング
アミフジアギシャン,内藤好江
アミマネラ,細川勝也
アミュニション,琴浦諒
アミュリオン,吉澤ホールディングス
アミラジオネ,今村明浩
アミラル,カナヤマホールディングス
アミラルレジェンド,吉田照哉
アミークス,スリーエイチレーシング
アムネスティ,窪田康志
アムブロシアー,ヒダカ・ブリーダーズ・ユニオン
アムルム,Ｇ１レーシング
アムルーズ,ノースヒルズ
アムレート,阿部東亜子
アムレートゥム,山口裕介
アムロタイプ,萩英男
アムンラー,ターフ・スポート
アムールドパリ,吉田千津
アムールベル,ＧＥＴＮＥＸＴ
アムールマルルー,村野康司
アムールリンクス,ヒダカ・ブリーダーズ・ユニオン
アムールリーベ,インゼルレーシング
アメアメフレフレ,内田玄祥
アメイジングアイル,大樹ファーム
アメイジングスター,キャピタル・システム
アメイジングタイム,サンデーレーシング
アメイジングライフ,タイヘイ牧場
アメイズミー,Ｇ１レーシング
アメカテソーロ,了徳寺健二ホールディングス
アメジストテソーロ,了徳寺健二ホールディングス
アメジストブラック,サンデーレーシング
アメジストブリエ,インゼルレーシング
アメジストブルー,石瀬浩三
アメジストロード,橋本慎太郎
アメジストヴェイグ,成富直行
アメチャン,大冨智弘
アメティスタ,ロードホースクラブ
アメテュストス,Ｇ１レーシング
アメトリン,Ｇ１レーシング
アメトリンルナ,ライオンレースホース
アメトリーチェ,ノルマンディーサラブレッドレーシング
アメノタヂカラオ,三宅勝俊
アメノムラクモ,高橋文男
アメリアヴォーグ,志村幸彦
アメリオラシオン,サラブレッドクラブ・ラフィアン
アメリカズカップ,谷掛龍夫
アメリカズハート,栗山学
アメリカンイズム,吉澤ホールディングス
アメリカンウェイク,キャロットファーム
アメリカンエース,吉澤克己
アメリカンエール,吉澤ホールディングス
アメリカンクール,吉澤ホールディングス
アメリカンコール,サンデーレーシング
アメリカンサクラ,吉澤ホールディングス
アメリカンシード,吉澤ホールディングス
アメリカンジゴロ,モンレーヴ
アメリカンスタイル,吉澤ホールディングス
アメリカンスター,ゴドルフィン
アメリカンステージ,吉澤ホールディングス
アメリカンソレイユ,吉澤ホールディングス
アメリカンタロー,辻子依旦
アメリカンダンス,吉澤ホールディングス
アメリカンチケット,吉澤ホールディングス
アメリカンチーフ,吉澤ホールディングス
アメリカンツイスト,グリーンファーム
アメリカンニーニャ,吉澤ホールディングス
アメリカンバー,吉田和美
アメリカンパウダー,吉澤ホールディングス
アメリカンビキニ,シルクレーシング
アメリカンビヨンド,吉澤ホールディングス
アメリカンビーチ,江馬由将
アメリカンピース,吉澤ホールディングス
アメリカンファクト,吉澤ホールディングス
アメリカンフェイス,吉澤ホールディングス
アメリカンベイビー,吉澤ホールディングス
アメリカンポリス,吉澤ホールディングス
アメリカンポーロ,ＣＨＥＶＡＬＡＴＴＡＣＨＥ
アメリカンマッハ,吉澤ホールディングス
アメリカンマーチ,吉澤ホールディングス
アメリカンミューズ,ゴドルフィン
アメリカンランナー,吉澤ホールディングス
アメリカンロマン,矢野雅子
アメリカンワールド,吉澤克己
アメリータ,吉澤ホールディングス
アメージング,畑佐博
アメージングサン,ローレルレーシング
アメージングハナビ,ローレルレーシング
アメージングラン,深見富朗
アモ,シミズレーシング
アモフリューゲル,鈴木昌樹
アモレッタ,ゴドルフィン
アモローサ,ＨｏｒｓｅＮｅｔ
アモールエテルノ,金子真人ホールディングス
アモールファティ,薪浦亨
アモーレグリーン,青芝商事
アモーレバローズ,猪熊広次
アモーレミオ,キャロットファーム
アヤサンジョリーン,高山義朋
アヤチャンス,長谷川清英
アユ,本田恒雄
アユツリオヤジ,キャピタル・システム
アユツリムスメ,キャピタル・システム
アユツリー,越村哲男
アライアンスデイ,矢野恭裕
アライバル,キャロットファーム
アライブテーラー,中西浩一
アラウズ,林正道
アラウン,一村哲也
アラカザーム,小林竜太郎
アラクシュミー,松本俊廣
アラクラン,シルクレーシング
アラクレ,ビッグレッドファーム
アラゴナイト,重松國建
アラゴネス,吉田勝己
アラゴネーゼ,Ｇ１レーシング
アラシヲヨブオトコ,是枝浩平
アラジンバローズ,猪熊広次
アラスカ,池谷誠一
アラスカノオーロラ,丸山担
アラスカフレイバー,尾田信夫
アラタ,村田能光
アラタマシップ,荒木謙次
アラタマノキセキ,荒木謙次
アラタマピサ,荒木謙次
アラタマファルクス,荒木謙次
アラタマフェーヴル,荒木謙次
アラタマリスト,荒木謙次
アラッキーフェイス,ＳＴレーシング
アラック,井高義光
アラッタロウ,ＨｉｍＲｏｃｋＲａｃｉｎｇホールディングス
アラナコア,ＣＨＥＶＡＬＡＴＴＡＣＨＥ
アラニ,平本敏夫
アラハバキ,ノルマンディーサラブレッドレーシング
アラバンサ,ライオンレースホース
アラビアンジョイ,飯田良枝
アラビアンドリーム,山田弘
アラビアンナイト,ＨｉｍＲｏｃｋＲａｃｉｎｇホールディングス
アラビアンパレス,岡田牧雄
アラビアンルビー,田頭勇貴
アラビカ,馬場幸夫
アラブル,本田恒雄
アラブルテーラー,中西浩一
アラベスク,ＫＡＪＩＭＯＴＯホールディングス
アラベスクテソーロ,了徳寺健二ホールディングス
アラベスクパンシェ,内藤好江
アラベラ,近藤英子
アラマンダ,キャロットファーム
アラマーチャン,戸佐眞弓
アラムシャピラス,金子真人ホールディングス
アラムベイ,ゴドルフィン
アラメア,落合幸弘
アラメダ,金子真人ホールディングス
アラモアナ,シルクレーシング
アラモードジェンヌ,福盛訓之
アラモードバイオ,バイオ
アララギ,ビッグレッドファーム
アララト,岡田繁幸
アララトテソーロ,了徳寺健二ホールディングス
アララララ,井高義光
アラリンホルン,色川曉郎
アラレタバシル,福田光博
アラワレワタル,福田光博
アランカール,キャロットファーム
アランチオーネ,ローレルレーシング
アランチャアミーゴ,早野誠
アランチャロッサ,サンデーレーシング
アランチャータ,ディアレストクラブ
アランデル,シルクレーシング
アランフェス,大森悌次
アランブレラ,キャロットファーム
アランヴェリテ,加藤誠
アラータス,中山栄一
アラーラム,ゴドルフィン
アリア,樋口稔
アリアス,越村洋子
アリアドネ,佐藤則子
アリアナバローズ,猪熊広次
アリアファブラ,林正道
アリアベルデ,中村忠彦
アリアルブラック,諸江幸祐
アリアロマンティカ,ヒダカ・ブリーダーズ・ユニオン
アリアンロッド,ノースヒルズ
アリアージュ,グリーンファーム
アリアーネ,井手慶祐
アリエスキング,三宅勝俊
アリエスムーン,橋場勇二
アリエノール,村野康司
アリエン,ダイリン
アリエージュ,ディアレストクラブ
アリエール,島川隆哉
アリオーンスマイル,酒井孝敏
アリクテラー,ノースヒルズ
アリコルージュ,ミルファーム
アリシア,前田葉子
アリシアン,広尾レース
アリスカン,高瀬真尚
アリススプリングス,アラキファーム
アリスチャン,坂田行夫
アリステア,林正道
アリストキャット,檜森高史
アリストクラシア,社台レースホース
アリストクラット,サラブレッドクラブ・ラフィアン
アリストテレス,近藤英子
アリストライン,キャロットファーム
アリストロシュ,京都ホースレーシング
アリストヴェール,前田ファーム
アリスノヒトミ,村田哲朗
アリスバリー,島川隆哉
アリスブルー,サラブレッドクラブ・ラフィアン
アリスメティーク,藤田岳彦
アリスヴィクトリア,シルクレーシング
アリスヴェリテ,加藤誠
アリダンジェロ,グリーンファーム
アリディプラチノ,ニケーエス
アリハム,ＴＮレーシング
アリビオ,本間充
アリュウ,村木慎吾
アリュシナシオン,一村哲也
アリュマージュ,キャロットファーム
アリューカス,ヒダカファーム
アリュールテーラー,中西浩一
アリュールベルン,四本昭弘
アリンナ,ノルマンディーサラブレッドレーシング
アリーエテルネ,広尾レース
アリーガル,Ｇ１レーシング
アリーチェ,小濱忠一
アリーバ,リーヴァ
アリーワーク,畑佐博
アリーヴェデルチ,市川義美ホールディングス
アリーヴォ,シルクレーシング
アルアイン,サンデーレーシング
アルアマル,ノースヒルズ
アルアンダルス,布施慶士
アルアーシャ,小島章義
アルウラメファ,手嶋康雄
アルカイクスマイル,梅田牧場
アルカイド,山口功一郎
アルカウン,ビッグレッドファーム
アルカサル,サンデーレーシング
アルカディアカフェ,西川光一
アルカナエ,阿部幸広
アルカマル,シルクレーシング
アルカラス,芹澤精一
アルカンサス,一村哲也
アルガムベイ,キャロットファーム
アルキオネ,木部厳生
アルギエバ,青山洋一
アルクス,社台レースホース
アルクトス,山口功一郎
アルクドラ,犬塚悠治郎
アルクノワール,ＫＲジャパン
アルケミラモリス,日進牧場
アルゲンテウス,シルクレーシング
アルコア,木村太郎
アルコディオーサ,ヒダカ・ブリーダーズ・ユニオン
アルコバレノ,前原敏行
アルコレーヌ,シルクレーシング
アルコローザ,飯田良枝
アルコンシチー,友駿ホースクラブ
アルコーン,中辻明
アルゴセイコウ,エンジェルレーシング
アルゴナヴィス,シルクレーシング
アルサクレイグ,東豊物産
アルサック,モンレーヴ
アルサトワ,ゴドルフィン
アルサプーア,社台レースホース
アルザス,寺田秀樹
アルシェ,清宮義男
アルシオーネ,安原浩司
アルシミスト,キャロットファーム
アルシャリフ,前原敏行
アルシャンティ,辻牧場
アルシンダガ,ゴドルフィン
アルジェブラ,ゴドルフィン
アルジェンタム,カナヤマホールディングス
アルジェンタージョ,ＯＵＭＡ
アルジェンタータ,岡田壮史
アルジェンテーラ,サンデーレーシング
アルジェントステラ,シルクレーシング
アルジャヒリ,キャロットファーム
アルジャンテ,シルクレーシング
アルジャンナ,黒川暁子
アルジャーノン,ＨｉｍＲｏｃｋＲａｃｉｎｇホールディングス
アルジョンテ,住宅データ
アルジョンブラン,吉田和美
アルジーヌ,ロードホースクラブ
アルスアンティカ,Ｇ１レーシング
アルスカー,ミルファーム
アルスフェルト,Ｇ１レーシング
アルスマグナ,岡田牧雄
アルスラーン,ミルファーム
アルセスト,シルクレーシング
アルセナール,キャロットファーム
アルセナーレ,ロードホースクラブ
アルセニウス,八嶋長久
アルセリア,栗坂崇
アルセーヌ,名古屋友豊
アルソリート,ＶｉｒｉｄｉａｎＫｅｉｂａＣｌｕｂ
アルタグラシア,社台レースホース
アルタティール,ＤＭＭドリームクラブ
アルタビスタ,サンデーレーシング
アルタマレーア,吉田勝己
アルタマール,ビッグレッドファーム
アルター,吉田勝己
アルダ,吉田晴哉
アルチェーレ,吉田晴哉
アルチレイロ,高瀬真尚
アルテアシップ,シルクレーシング
アルティオーラ,ＹＧＧホースクラブ
アルティシエル,京都ホースレーシング
アルティシモ,前田幸治
アルティジャナーレ,吉澤ホールディングス
アルティソナンテ,吉田千津
アルティテュード,ライオンレースホース
アルティヒ,ノースヒルズ
アルティフェクス,サンデーレーシング
アルティマナイト,木村牧場
アルティマボス,木村牧場
アルティマリガーレ,社台レースホース
アルティマローネ,シルクレーシング
アルティメット,ＨｉｍＲｏｃｋＲａｃｉｎｇホールディングス
アルティメットサガ,菅原広隆
アルティーノ,ＹＧＧホースクラブ
アルテクィーン,ノルマンディーサラブレッドレーシング
アルテフィーチェ,キャロットファーム
アルテボーイ,山口雄司
アルテミスバイオ,バイオ
アルテミーナ,内田滋三
アルテラ,武田茂男
アルテラローザ,ロードホースクラブ
アルテヴェルト,サンデーレーシング
アルテヴェローチェ,ＴＯＲＡＣＩＮＧ
アルデアーク,秋元竜弥
アルディエンテ,Ｇ１レーシング
アルディオール,秋元竜弥
アルディスティーノ,社台レースホース
アルディテッツァ,Ｇ１レーシング
アルディビート,坂田行夫
アルディフルール,吉田千津
アルディマジオ,秋元竜弥
アルディメント,ノルマンディーサラブレッドレーシング
アルディートクライ,中塚孝明
アルデエンブレム,中村忠彦
アルデキングダム,秋元竜弥
アルデココ,秋元竜弥
アルデコンティ,秋元竜弥
アルデショワ,ノースヒルズ
アルデシンザン,秋元竜弥
アルデスト,秋元竜弥
アルデツヨシ,秋元竜弥
アルデトップガン,秋元竜弥
アルデドゥオーモ,秋元竜弥
アルデナイン,秋元竜弥
アルデバローズ,秋元竜弥
アルデフォックス,秋元竜弥
アルデマン,秋元竜弥
アルデムラータ,秋元竜弥
アルデヤーノ,秋元竜弥
アルデラックス,秋元竜弥
アルデラッシュ,秋元竜弥
アルデリシャス,秋元竜弥
アルデンテ,吉田千津
アルトゥーム,サンデーレーシング
アルトゥーロ,ミルファーム
アルトキュムラス,ＴＧレーシング
アルトシュタット,キャロットファーム
アルトドイチェ,サンライズ
アルトラムス,社台レースホース
アルトリウス,Ｇ１レーシング
アルトヴォラーレ,ノルマンディーサラブレッドレーシング
アルドゥエンナ,キャロットファーム
アルドゥマン,上田忠男
アルドール,キャロットファーム
アルドーレ,安原浩司
アルナイル,シルクレーシング
アルナシーム,ライオンレースホース
アルナブ,コスモヴューファーム
アルナージ,安原浩司
アルナージェイン,ＭＫレーシング
アルニタク,木村太郎
アルニャート,宮川保
アルニラム,ＳＴレーシング
アルハイルフォート,サンデーレーシング
アルバス,サンコウ牧場
アルバスタキヤ,岡田牧雄
アルバスドラコ,ゴドルフィン
アルバダイヤー,ゴドルフィン
アルバトリア,加藤徹
アルバニクス,小山大介
アルバニー,長谷川祐司
アルバハール,ゴドルフィン
アルバパテラ,シルクレーシング
アルバボニート,草間庸文
アルバミノル,吉岡實
アルバリズム,松岡隆雄
アルバリーニョ,中村祐子
アルバルダー,ディアレストクラブ
アルバロッサ,グリーンファーム
アルバンヌ,橋元勇氣
アルバーシャ,ゴドルフィン
アルバーチョ,ディアレストクラブ
アルバート,林正道
アルバートミノル,吉岡實
アルパインハット,ゴドルフィン
アルパインリンクス,サンデーレーシング
アルパーシャン,エーティー
アルヒジュル,Ｇ１レーシング
アルヒミスト,ブルースターズファーム
アルビオリクス,サンデーレーシング
アルビオン,フジワラ・ファーム
アルビス,コスモヴューファーム
アルビレオ,山内晃
アルビージャ,サンデーレーシング
アルピナセブン,野村一雄
アルピニスト,キーウエスト
アルピニズム,吉田照哉
アルピノ,前原敏行
アルファ,新井原博
アルファインディ,シルクレーシング
アルファウィンザー,貴悦
アルファウェーブ,吉田勝己
アルファエッジ,幡有
アルファエリザベス,貴悦
アルファカリーナ,シルクレーシング
アルファシャルマン,貴悦
アルファシリウス,貴悦
アルファシーナ,ミレレーシング
アルファジップ,グランド牧場
アルファゼウス,貴悦
アルファヒディ,サンデーレーシング
アルファフレイム,貴悦
アルファプリンセス,貴悦
アルファベガ,近藤真衣
アルファホール,ビッグレッドファーム
アルファマドンナ,貴悦
アルファマム,平井裕
アルファマリブ,貴悦
アルファムーン,貴悦
アルファライズ,松岡隆雄
アルファライン,田原邦男
アルファリラエ,Ｇ１レーシング
アルファレディ,貴悦
アルファロッソ,貴悦
アルファローバ,フォレストレーシング
アルフィオーレ,ディアレストクラブ
アルフェニン,ノースヒルズ
アルフワイラ,ターフ・スポート
アルブレーヴ,萩原和矢
アルプスオジョー,ターフ・スポート
アルプスソング,シルクレーシング
アルヘンティニータ,宮崎俊也
アルヘンルーラー,菅原広隆
アルベニス,森田和豊
アルベリック,西田彰宏
アルベルティーヌ,村野康司
アルベルト,中辻明
アルベロベッロ,金子真人ホールディングス
アルペジオ,山口功一郎
アルペングロー,キャロットファーム
アルペンローゼ,丸山担
アルボロート,中村伊三美
アルポルト,桑田牧場
アルマアノン,コウトミックレーシング
アルマイナンナ,コウトミックレーシング
アルマイメル,ケーエスＨＤ
アルマエルナト,コウトミックレーシング
アルマカーテナ,コウトミックレーシング
アルマグラース,コウトミックレーシング
アルマケルブ,コウトミックレーシング
アルマサーガ,コウトミックレーシング
アルマザッハーク,コウトミックレーシング
アルマシャール,コウトミックレーシング
アルマジャック,コウトミックレーシング
アルマス,吉田勝己
アルマスティング,コウトミックレーシング
アルマセクメト,コウトミックレーシング
アルマセグレート,サンデーレーシング
アルマセラフ,コウトミックレーシング
アルマデオロ,ヒダカ・ブリーダーズ・ユニオン
アルマトップエンド,コウトミックレーシング
アルマドゥーラ,田頭勇貴
アルマドラード,キャロットファーム
アルマパラディン,コウトミックレーシング
アルマフエルテ,飯田良枝
アルマフォルト,名古屋友豊
アルマフレイヤ,コウトミックレーシング
アルマブレイド,コウトミックレーシング
アルママ,ビッグレッドファーム
アルマユディト,コウトミックレーシング
アルマラウラ,コウトミックレーシング
アルマリアルト,コウトミックレーシング
アルマリカシバ,木村牧場
アルマリブレ,インゼルレーシング
アルマロクザン,コウトミックレーシング
アルマロベイラ,コウトミックレーシング
アルマンダ,永井商事
アルマンド,キーファーズ
アルマヴァーゴ,コウトミックレーシング
アルマヴィーナス,コウトミックレーシング
アルマヴェローチェ,ＴＯＲＡＣＩＮＧ
アルマーザアミール,早野誠
アルマーレシチー,友駿ホースクラブ
アルミウス,奥裕嗣
アルミューテン,伊達敏明
アルミラージ,下河辺隆行
アルミレーナ,サンデーレーシング
アルムアポジェ,崎川美枝子
アルムウーリエ,崎川美枝子
アルムエアフォルク,崎川美枝子
アルムダウン,ミルファーム
アルムチャレンジ,崎川美枝子
アルムチャーチル,崎川美枝子
アルムファーツリー,崎川美枝子
アルムフォルツァ,崎川美枝子
アルムブラスト,サンデーレーシング
アルムブラーヴ,崎川美枝子
アルムポテンツァ,崎川美枝子
アルムポノポノ,崎川美枝子
アルムポルックス,崎川美枝子
アルムマッツ,加藤誠
アルムユヴラージ,崎川美枝子
アルムラジャスタン,崎川美枝子
アルムラトゥール,崎川美枝子
アルムランプシー,崎川美枝子
アルムレジリエンス,崎川美枝子
アルメイダミノル,吉岡輝美
アルメリア,シルクレーシング
アルメリアブルーム,サンデーレーシング
アルメントフーベル,サンデーレーシング
アルメーリス,吉田安惠
アルメールヴェント,鈴木教弘
アルモニカ,シルクレーシング
アルモニーセレスト,ノースヒルズ
アルモハバナ,吉田和美
アルルカン,カナヤマホールディングス
アルレジャン,シルクレーシング
アルレッキーノ,サンデーレーシング
アルレーサー,エーティー
アルヴァルディ,シルクレーシング
アルヴァレス,ノルマンディーサラブレッドレーシング
アルヴァンドルード,サンデーレーシング
アルヴィア,小泉修
アルヴィエンヌ,橋口
アルヴェッター,京都ホースレーシング
アルヴェント,街風隆雄
アルーアキャロル,シルクレーシング
アルーシャ,サンデーレーシング
アルーフクライ,社台レースホース
アルーブルト,ディアレストクラブ
アルームスクレト,鈴木康弘
アルーリングウェイ,サンデーレーシング
アルーリングギフト,サンデーレーシング
アルーリングソレル,インゼルレーシング
アルーリングタイム,Ｇ１レーシング
アルーリングビュー,社台レースホース
アルーリングリップ,尾上寿夫
アレ,寺田秀樹
アレアシオン,広尾レース
アレキサンダーサン,矢野悦三
アレクサ,エクワインレーシング
アレクサンドラ,大樹ファーム
アレクサンドレッタ,根岸朋弘
アレクサンドロス,吉田勝己
アレクレア,稲場澄
アレグランサ,社台レースホース
アレグリアシチー,友駿ホースクラブ
アレグリッシモ,草間庸文
アレグリメ,八嶋長久
アレグリーニ,サンデーレーシング
アレグレモエティー,斉藤等
アレグレユミティー,斉藤等
アレグロコンブリオ,下河辺美智子
アレグロブリランテ,サンデーレーシング
アレグロモデラート,グリーンファーム
アレグロヴィーヴォ,堂守貴志
アレジェンス,杉山忠国
アレス,ノルマンディーサラブレッドレーシング
アレスエルピーダ,ノルマンディーサラブレッドレーシング
アレスクラー,金子真人ホールディングス
アレスグーテ,カナヤマホールディングス
アレスグート,ディアレストクラブ
アレステソーロ,了徳寺健二ホールディングス
アレステリオス,ホースアディクト
アレストラウム,鈴木剛史
アレスバローズ,猪熊広次
アレックスケー,小田健太
アレッサ,シルクレーシング
アレッサンドロ,ノルマンディーサラブレッドレーシング
アレッタジェロディ,西森功
アレッタレジーナ,ヒダカ・ブリーダーズ・ユニオン
アレット,ゴドルフィン
アレデラヴァン,塩川和則
アレトゥーザ,キャロットファーム
アレナトーレ,大塚亮一
アレナパラシオ,ノルマンディーサラブレッドレーシング
アレナマエストロ,吉田勝己
アレナリア,ノルマンディーサラブレッドレーシング
アレピアード,伊達敏明
アレマーナ,キャロットファーム
アレミティ,落合幸弘
アレレブルー,程田真司
アレンシュタイン,社台レースホース
アレンジャー,安原浩司
アレンスター,ＫＨレーシング
アレンテージョ,Ｇ１レーシング
アレヴィクトワール,岡田牧雄
アレーティア,水上行雄
アレーテス,フジワラ・ファーム
アロガントシェイム,篁真一郎
アロゴ,ＫＴレーシング
アロットドリーム,本間茂
アロハ,田畑利彦
アロハオエ,ミルファーム
アロハヌイロア,ニッシンホールディングス
アロハブリーズ,木村牧場
アロハマウロア,丹羽裕正
アロハモーラ,荻原慎司
アロハラニ,道永幸治
アロハリリー,吉田勝己
アロハロック,荻原慎司
アロヒアリイ,鈴木剛史
アロマティカス,山本堅治
アロマデローサ,シルクレーシング
アロマドゥルセ,キャロットファーム
アロマフェリス,キャロットファーム
アロマフォルテ,清川信弘
アロングショット,藤田在子
アロンザモナ,ディアレストクラブ
アロンズロッド,シルクレーシング
アロンソア,塚田義広
アロンディ,キャロットファーム
アローオブライト,シルクレーシング
アローグレイシャー,キャロットファーム
アローゴールド,佐々木孝之
アロースコルトン,吉田好雄
アローテソーロ,了徳寺健二ホールディングス
アローマンシュ,イージス
アローメタル,シルクレーシング
アローロ,永見貴昭
アローワン,鈴木伸昭
アワジ,金山政信
アワジシマ,岡浩二
アワビキング,陳立文
アワーズオブラブ,市川義美ホールディングス
アンアルモニー,下河辺牧場
アンインジュリー,鈴木康弘
アンウェイバリング,水上行雄
アンエクスプロード,矢野秀春
アンカシャムローグ,ノルマンディーサラブレッドレーシング
アンカリング,酒井孝敏
アンガアヴィス,ディアレストクラブ
アンガーザガール,ＳＳレーシング
アンクエンチャブル,ゴドルフィン
アンクラウデッド,社台レースホース
アンクルクロス,塚本能交
アンクルコンシャス,吉田照哉
アンクルサンダー,有能
アンクルダッシュ,塚本能交
アンクルテイオウ,塚本能交
アンクルブラック,塚本能交
アンクルロイヤル,塚本能交
アンクレットハート,ライオンレースホース
アンクロワ,キャロットファーム
アンクローシュ,シルクレーシング
アンクール,鈴木美江子
アングライフェン,前田幸治
アングランパ,前田晋二
アングリフ,中辻明
アングルティール,ノースヒルズ
アングレ,岡本真二
アングレット,島川隆哉
アングレーム,キャロットファーム
アンコ,中西功
アンコンケラブル,中平和宏
アンコーナ,飯田正剛
アンコールアゲイン,吉澤ホールディングス
アンコールプリュ,金子真人ホールディングス
アンコールプレス,要海伸治
アンゴラブラック,サンデーレーシング
アンサングヒーロー,コスモヴューファーム
アンサンブル,ロードホースクラブ
アンサーパスト,岡田牧雄
アンシミラー,鈴木康弘
アンシャセ,島川利子
アンシャルム,上山牧
アンシャンテ,近藤英子
アンシャンテシチー,友駿ホースクラブ
アンシュウマト,ウエスト．フォレスト．ステイブル
アンシール,ノースヒルズ
アンジアン,広尾レース
アンジェマリーナ,福盛訓之
アンジェラカフェ,西川恭子
アンジェラス,ロードホースクラブ
アンジェララヴ,ヒダカ・ブリーダーズ・ユニオン
アンジェリア,鈴木邦英
アンジェリカル,ローレルレーシング
アンジェリケ,田頭勇貴
アンジェリュス,雅苑興業
アンジェリーナ,安原浩司
アンジェリーブル,伊藤佳幸
アンジェロフィリオ,シルクレーシング
アンジュアムール,落合幸弘
アンジュアルディ,安原浩司
アンジュオスリール,ノースヒルズ
アンジュグルーヴ,竹下浩一
アンジュソレイユ,浜本牧場
アンジュデジール,安原浩司
アンジュトレゾール,ヒダカ・ブリーダーズ・ユニオン
アンジュドジョワ,社台レースホース
アンジュドーレ,大田恭充
アンジュフィールド,竹下浩一
アンジュフラム,竹下浩一
アンジュフローラ,Ｍａｃｈｉｕｍａ・Ｇｏｄｄｅｓｓ・Ｒａｃｉｎｇ
アンジュブラン,岡田牧雄
アンジュブルー,竹下浩一
アンジュブーケ,北畑忍
アンジュプロミス,竹下浩一
アンジュマリッシュ,サンデーレーシング
アンジュミニョン,ヒダカ・ブリーダーズ・ユニオン
アンジュミノル,吉岡實
アンジュラフィーユ,ノルマンディーサラブレッドレーシング
アンジュリオ,竹下浩一
アンジュレイ,竹下浩一
アンジュレーヌ,竹下浩一
アンジュール,伊東純一
アンジョルラス,ライオンレースホース
アンジーニョ,シルクレーシング
アンストッパブル,吉澤克己
アンスリウム,キャロットファーム
アンスリウムリリー,川下竜彦
アンズアメ,ヒダカ・ブリーダーズ・ユニオン
アンセッドヴァウ,加藤誠
アンセム,ゴドルフィン
アンセムバローズ,猪熊広次
アンセートゥモダン,山岸桂市
アンセーニュ,吉田勝己
アンゼンダイイチ,由井健太郎
アンソニー,中辻明
アンソランス,ノースヒルズ
アンソレイユ,シルクレーシング
アンタエウス,石井輝昭
アンタキア,根岸朋弘
アンタゴニスタ,畑佐博
アンタッチャブル,ＮＩＣＫＳ
アンタノバラード,ミルファーム
アンタルクティクス,山上和良
アンタレス,寺田寿男
アンタンシオン,幅田京子
アンタンスルフレ,西村健
アンダーザバンブー,竹下千亜子
アンダーザフラッグ,石瀬浩三
アンダーザブリッジ,千明牧場
アンダーザライト,大塚亮一
アンダースコア,半沢
アンダープロット,シルクレーシング
アンダープロミス,池谷誠一
アンダーユアスペル,Ｇ１レーシング
アンダーレ,広尾レース
アンチェーン,石瀬浩三
アンチエイジング,福田光博
アンチヒーロー,山口裕介
アンチフラジャイル,山本英俊
アンチャーテッド,吉澤克己
アンティグラビティ,山上和良
アンティシパル,Ｇ１レーシング
アンティシペイト,Ｇ１レーシング
アンティジャミーラ,キャロットファーム
アンティスマ,ヒダカ・ブリーダーズ・ユニオン
アンティノウス,サンデーレーシング
アンティミスト,社台レースホース
アンティークブーケ,ノースヒルズ
アンティーゾ,シルクレーシング
アンティーム,京都ホースレーシング
アンテステーリア,犬塚悠治郎
アンテニトルス,熊谷貴之
アンテロース,インゼルレーシング
アンテロープ,村野康司
アンディナイアブル,飯田正剛
アンディムジーク,Ｇ１レーシング
アンディラメナ,サンデーレーシング
アンデスクイーン,グリーンファーム
アンデスビエント,グリーンファーム
アンデュレイト,ノルマンディーサラブレッドレーシング
アンデルストープ,ノルマンディーサラブレッドレーシング
アンデルマット,サンデーレーシング
アントウェルペン,堀祥子
アントニウス,中西純穂
アントニオヒロキ,ＨｉｍＲｏｃｋＲａｃｉｎｇホールディングス
アントリューズ,山口功一郎
アントルシャ,キャロットファーム
アントルドゥメール,村野康司
アントルメグラッセ,サラブレッドクラブ・ラフィアン
アントルラッセ,下河辺牧場
アントルヴォー,シンボリ牧場
アントーニオ,ゴドルフィン
アンドアイラヴハー,キャロットファーム
アンドゥ,ＧＥＴＮＥＸＴ
アンドゥーラ,杉山忠国
アンドゥーリル,社台レースホース
アンドラステ,社台レースホース
アンドリーナ,下河辺隆行
アンドルディース,サンデーレーシング
アンドレア,高橋ファーム
アンドレアス,寺田千代乃
アンドロイド,高嶋祐子
アンドローゼス,シルクレーシング
アンドヴァラナウト,サンデーレーシング
アンドヴェローナ,ＯＨＥレーシング
アンナアラジン,橋本浩
アンナジーク,グリーンファーム
アンナネーヴェ,寺田英司
アンナバローズ,猪熊広次
アンナプルナ,田畑利彦
アンナペレンナ,中辻明
アンナモエ,手嶋康雄
アンニャンクッキー,Ｆレーシング
アンニーナ,門野重雄
アンヌグロース,東野隼士
アンネリース,サラブレッドクラブ・ラフィアン
アンネローゼ,ミルファーム
アンノウンウォリア,吉田昌久
アンノウンヒーロー,藤井謙
アンノウンレディ,サラブレッドクラブ・ラフィアン
アンノドミニ,ノースヒルズ
アンノートル,ビッグレッドファーム
アンバウンディド,山口功一郎
アンバサダネージュ,志村幸彦
アンバサダー,石川達絵
アンバラージュ,ビッグレッドファーム
アンバーウェイヴス,佐々木主浩
アンバーシュガー,田頭勇貴
アンバードール,吉澤ホールディングス
アンバーニードル,吉田和弘
アンバーバレット,下河辺隆行
アンバーホーク,フジワラ・ファーム
アンパオ,田頭勇貴
アンパシオンス,ライオンレースホース
アンパト,岡浩二
アンパドゥ,ゴドルフィン
アンビアンス,前田幸大
アンビエントポップ,吉田ひとみ
アンビシャススター,星野隆男
アンビシャスヨシノ,清水義徳
アンビシュー,山崎太嗣
アンビション,近藤英子
アンビバレント,ノルマンディーサラブレッドレーシング
アンビル,菅井牧場
アンビルクローラー,スピードファーム
アンビージャー,中村智幸
アンピュルシオン,ヒダカ・ブリーダーズ・ユニオン
アンファング,林正道
アンファンテリブル,柴原榮
アンファール,コスモヴューファーム
アンフィテアトルム,ノースヒルズ
アンフィトリテ,キャロットファーム
アンフィニ,ヒダカ・ブリーダーズ・ユニオン
アンフィニドール,前原敏行
アンフィニマン,ノースヒルズ
アンフィニレイス,野嶋祥二
アンフィーサ,谷口祐人
アンフォゲット,ヒダカ・ブリーダーズ・ユニオン
アンフルラージュ,福田達也
アンブシュール,岡田牧雄
アンブラッスマン,柴原榮
アンブレイカブル,ノースヒルズ
アンブレラダンス,中村智幸
アンブレラデート,吉田千津
アンブロジアーナ,兼子尚也
アンブロジオ,シルクレーシング
アンブロークン,馬場幸夫
アンブローニュ,ノルマンディーサラブレッドレーシング
アンプイットアップ,ゴドルフィン
アンプラグド,諸江幸祐
アンプレッセシチー,友駿ホースクラブ
アンヘリータス,ＫＲジャパン
アンヘリート,森田至昭
アンヘルカイド,ウエスト．フォレスト．ステイブル
アンボワテ,社台レースホース
アンミックス,藤沼利夫
アンミツヒメ,カカムーチョレーシング
アンムート,シルクレーシング
アンモシエラ,広尾レース
アンモード,サンデーレーシング
アンラコル,ビッグレッドファーム
アンラッシュ,前田晋二
アンリトゥンルール,ゴドルフィン
アンリミット,前原敏行
アンリミテッド,ノースヒルズ
アンリーシュ,スリースターズレーシング
アンリーベイビー,三木正浩
アンリーロード,三木正浩
アンヴァル,社台レースホース
アンヴァルガー,芳賀滿男
アンヴェイルド,窪田康志
アンヴデット,シルクレーシング
アヴァターラ,サンデーレーシング
アヴァニイ,Ｋ．Ｓ．ヤップ
アヴァノス,吉田勝己
アヴァランチ,藤本栄史
アヴァンセ,飯田正剛
アヴァンセヴェリテ,キャロットファーム
アヴァンタージュ,リーヴァ
アヴァンツァーレ,ノルマンディーサラブレッドレーシング
アヴァンティスト,カナヤマホールディングス
アヴァント,佐々木主浩
アヴァンフライト,インゼルレーシング
アヴァンポップ,社台レースホース
アヴィアス,伊達敏明
アヴィアトーレ,社台レースホース
アヴィエーター,小山大介
アヴィオン,ＫＲジャパン
アヴィオンドール,サンデーレーシング
アヴィオール,吉田照哉
アヴィニヨン,ターフ・スポート
アヴェイル,佐々木主浩
アヴェッリーノ,八嶋長久
アヴェニルールー,加藤誠
アヴェマリア,阿部東亜子
アヴェラーレ,シルクレーシング
アヴェントゥリスト,ローレルレーシング
アヴォカド,小田吉男
アヴォロンティ,大樹ファーム
アヴォンリー,田中準市
アヴグラン,カナヤマホールディングス
アヴナント,桑田牧場
アヴニールドブリエ,シルクレーシング
アヴニールファミユ,山上和良
アヴレディール,桑田牧場
アーウイン,共田義夫
アーカート,杉浦和也
アーガイルショア,キャロットファーム
アーガイルピンク,谷岡康成
アーガイルプレイド,吉田勝己
アーキル,子安裕樹ＲＣ
アークウェザー,成瀬篤司
アークエタニティ,成瀬篤司
アークカンパネラ,酒井喜生
アークシップ,イージス
アークシャルダーム,社台レースホース
アークデトリオンフ,藤井一雄
アークドール,インゼルレーシング
アークフリゲート,野田善己
アークブリッツ,青山洋一
アークライト,キャロットファーム
アークレアル,成富直行
アークレオン,村上憲政
アークレーヴ,天堀忠博
アークロイヤル,原禮子
アークヴィクトリア,成瀬篤司
アークヴィグラス,アークフロンティア
アーケイディア,吉田千津
アーコレード,飯田正剛
アーサーズウィーク,シルクレーシング
アーサーズウェイン,栗山学
アーサーズシスター,中辻明
アーサーテソーロ,了徳寺健二ホールディングス
アーサードライブ,林千枝子
アーサーバローズ,猪熊広次
アーザムブルー,シルクレーシング
アージェンタイド,ノルマンディーサラブレッドレーシング
アージェント,キャロットファーム
アージオン,サンデーレーシング
アージュドール,岡田牧雄
アースアクシス,シルクレーシング
アースアワー,ゴドルフィン
アースアート,ゴドルフィン
アースイオス,松山増男
アースインハマー,浜田幸一
アースウォーリア,中島稔
アースウルフ,松山増男
アースエアブリーズ,松山増男
アースカムイ,松山増男
アースクインビー,松山増男
アースクロニクル,サンデーレーシング
アースグリッパー,中越達也
アースグレーザー,Ｇ１レーシング
アースコレクション,グリーンファーム
アースコンチェルト,シルクレーシング
アースコーリング,盛学志
アースシンフォニー,ノースヒルズ
アースジェイソンテ,松山増男
アースジェール,松山増男
アースジャッジ,サンライズ
アーススピリット,松山増男
アースソーナー,中島稔
アーストラベル,中村智幸
アースドラゴン,松山増男
アースノイド,ＣＯＣＯＲＯ組合
アースヒロイン,中島稔
アースビヨンド,前原敏行
アースビート,大樹ファーム
アースフレア,フジワラ・ファーム
アースブレイブ,松山増男
アースプレリュード,グリーンファーム
アースペガー,松山増男
アースミステリー,グリーンファーム
アースミューズ,松山増男
アースライザー,ノルマンディーサラブレッドレーシング
アースリング,ゴドルフィン
アースレイナ,松山増男
アースロマン,松山増男
アースヴィグラス,松山増男
アースヴィンチ,中島真美
アーズローヴァー,キャロットファーム
アーダレイ,社台レースホース
アーチキング,シルクレーシング
アーチボールド,西浩明
アーチンガイ,泉俊二
アーチーテソーロ,了徳寺健二ホールディングス
アーツレイジング,三浦勝仁
アーティカティカ,和田志保
アーティキュレート,シルクレーシング
アーティクル,田頭勇貴
アーティット,金子真人ホールディングス
アーティファクト,シルクレーシング
アーティフィス,ルシミエント
アーティラリー,石瀬浩三
アーテルアストレア,フィールドレーシング
アーテルナイト,ノルマンディーサラブレッドレーシング
アーテルレクス,江口雄一郎
アーディアイリ,村上憲政
アーデルブリックス,シルクレーシング
アーデルボーデン,社台レースホース
アーデルリーベ,ローレルレーシング
アーデルワイゼ,シルクレーシング
アーデントアイ,栗山学
アーデントバローズ,猪熊広次
アーデントラブ,ノースヒルズ
アーデントリー,巴山尊文
アーデンフォレスト,シルクレーシング
アート,石川達絵
アートオブサウンド,ニッシンホールディングス
アートオブブライト,コスモヴューファーム
アートコレクション,ゴドルフィン
アートシュアリー,森山進
アートノーブル,森山進
アートハウス,Ｈ．Ｈ．シェイク・ファハド
アートハラン,大樹ファーム
アートバーゼル,吉田勝己
アートフォーム,Ｇ１レーシング
アートペッパー,風早信昭
アートレスマインド,キャロットファーム
アートワーク,林正道
アードラー,吉澤ホールディングス
アーニャワクワク,ＩＲレーシング
アーニングフェイム,ヒダカ・ブリーダーズ・ユニオン
アーネストアイズ,鈴木康弘
アーネストホープ,ノルマンディーサラブレッドレーシング
アーバリアンジム,藤田晋
アーバンアート,スピードファーム
アーバンイェーガー,村木克成
アーバンエア,フェニックスレーシング
アーバンガール,辻子依旦
アーバンキッド,サンデーレーシング
アーバンキャット,スピードファーム
アーバンキング,ゴドルフィン
アーバンシック,シルクレーシング
アーバンデザイン,社台レースホース
アーバンヒーロー,田頭勇貴
アーバーデイ,岡田牧雄
アーヒラ,ミルファーム
アービター,サンデーレーシング
アービルビエント,柴原榮
アーブルチム,福盛訓之
アーブルラーブル,大和屋暁
アーブルルージュ,ノルマンディーサラブレッドレーシング
アーベントイアー,ディアレストクラブ
アーベントゾンネ,三田昌宏
アーマルコライト,キャロットファーム
アーマー,平本敏夫
アーマーバローズ,猪熊広次
アーミル,シルクレーシング
アーミングエリア,吉田照哉
アームアンフルール,山口智
アームストロング,塩田清
アームズクイーン,杉山忠国
アームズラムレイ,杉山忠国
アームズレイン,杉山忠国
アームズレジェンド,杉山忠国
アームズレングス,諸江幸祐
アームテイル,三嶋牧場
アームブランシュ,古川一弘
アーモロート,サンデーレーシング
アーモンドアイ,シルクレーシング
アーモンドカラー,グランデオーナーズ
アーユーレディ,吉澤ホールディングス
アーラグラシア,キャロットファーム
アーリオオーリオ,飯田総一郎
アーリドラータ,ヒダカ・ブリーダーズ・ユニオン
アーリマックス,長谷川光司
アーリンアーリン,吉田勝利
アーリントンロウ,シルクレーシング
アーリーアダプター,山口功一郎
アーリーショベル,門野文典
アーリーハーベスト,吉田和美
アーリーレッグ,岡本真二
アールアンドビー,サンデーレーシング
アールウィザード,前原敏行
アールウェルス,前原敏行
アールウォーケン,前原敏行
アールオブケント,Ｇ１レーシング
アールクインダム,前原敏行
アールグランツ,前原敏行
アールグレイ,広尾レース
アールグロウ,前原敏行
アールコンセンサス,前原敏行
アールジオール,前原敏行
アールスター,ＫＲジャパン
アールスパイア,前原敏行
アールスペック,前原敏行
アールチャレンジ,前原敏行
アールトラスト,前原敏行
アールドヴィーヴル,近藤英子
アールバロン,前原敏行
アールパシオン,前原敏行
アールパシフィック,前原敏行
アールフォルス,桑畑隆信
アールブリッツ,前原敏行
アールプロスト,前原敏行
アールヘブン,前原敏行
アールマティーニ,ＫＲジャパン
アールヨンク,前原敏行
アールラプチャー,前原敏行
アールランペイジ,前原敏行
アールロッソ,前原敏行
アールヴィヴァン,シルクレーシング
アールヴヘイム,田頭勇貴
アーレムアレス,フィールドレーシング
アーレンダール,サンデーレーシング
アーロッタレット,飯田正剛
アーロンイメル,ケーエスＨＤ
アーヴィング,ケンレーシング組合
アーヴィンド,ゴドルフィン
イアソンテソーロ,了徳寺健二ホールディングス
イアム,スピードファーム
イイクニパッション,武中進
イイクニリュウセイ,武中進
イイコトズクシ,小田切有一
イイデカンタロウ,松本俊廣
イイデスカイハイ,須貝廣次
イイデテッシン,松本俊廣
イイデファイナル,松本俊廣
イイデメモリー,松本俊廣
イイネイイネイイネ,吉田勝利
イイヒ,湯澤寛
イイヒニナル,米津佳昭
イェッツト,近藤英子
イェドプリオル,ノースヒルズ
イェルマーク,吉田和美
イエスウィズキャン,吉岡泰治
イエスサンキュー,松岡隆雄
イエスユイキャン,由井健太郎
イエスユウキャン,道永幸治
イエッサー,藤田晋
イエデゴロゴロ,小田切光
イエヤス,三岡陽
イエルバブエナ,広尾レース
イエローアイ,大野富生
イエローウィン,平川浩之
イエローサファイア,飯田正剛
イエロージニア,林正道
イエローナイフ,ミルファーム
イエローハート,高橋宏弥
イエローブリック,社台レースホース
イエローブーケ,荒井元明
イエローベリル,吉田和美
イエローポピー,野村茂雄
イエローマジック,成富直行
イエローマリンバ,松岡隆雄
イエローレンギョウ,本杉芳郎
イエヴァンポルッカ,ライオンレースホース
イオウゼン,諸江幸祐
イオマンテ,幅田京子
イオラナ,青山洋一
イオラニ,ノルマンディーサラブレッドレーシング
イオリ,ノルマンディーサラブレッドレーシング
イカット,吉田和美
イカルステソーロ,了徳寺健二ホールディングス
イカロス,那須野牧場
イカロスカフェ,西川恭子
イガッチ,猪又晶介
イガリマ,ディアレストクラブ
イキオイ,西村憲人
イキガイ,伊東政清
イキザマ,玉井宏和
イキトウゴウ,西村新一郎
イキフン,ＭＭＣ
イクアンロー,Ｊ．ウィルソン
イクイノックス,シルクレーシング
イクオクコウネン,中水英紀
イクシード,シルクレーシング
イクスパイアーズ,谷口祐人
イクスプロージョン,近藤英子
イクヒロ,佐々木將吉
イクヨロブロイ,太陽光
イクリール,キャロットファーム
イグザルト,青山洋一
イグドラシル,松田幸生
イグナイター,野田善己
イグナイトセプター,野田善己
イグナーツ,前田晋二
イグニション,ノルマンディーサラブレッドレーシング
イグニス,寺田寿男
イグニススピリタス,ゴドルフィン
イグニタス,Ｇ１レーシング
イグネイシャス,ディアレスト
イグレット,前田幸治
イケイケドンドン,新井原博
イケイケルノワール,新井原博
イケメンプリンス,吉田千津
イゲマジャ,ミルファーム
イコサン,天野克彦
イコノスタシス,サンデーレーシング
イコミキマル,林弘之
イコロチャン,谷岡牧場
イサイ,ライオンレースホース
イサイアス,飯田正剛
イサギ,村木慎吾
イサク,ゴドルフィン
イサゴールド,ＣＨＥＶＡＬＡＴＴＡＣＨＥ
イサチルアルマーレ,小坂功
イサチルイトムスビ,小坂功
イサチルウキウキ,小坂功
イサチルオアシス,小坂功
イサチルカゼニタツ,小坂功
イサチルカムカム,小坂功
イサチルキュート,小坂功
イサチルキンノホシ,小坂功
イサチルクイーン,小坂功
イサチルケイ,小坂功
イサチルサターン,小坂功
イサチルサリーレ,小坂功
イサチルシーキング,小坂功
イサチルシーサイド,小坂功
イサチルソッリーソ,小坂功
イサチルダイチ,小坂功
イサチルチャーム,小坂功
イサチルニャーニャ,小坂功
イサチルプリンス,小坂功
イサチルホープ,小坂功
イサチルルンルン,小坂功
イサナ,チャンピオンズファーム
イサミアシ,中西功
イサムサットン,石田勇
イサムサンカ,岡田勇
イサムダイヤモンド,岡田和惠
イザ,松田整二
イザショウブ,猪又晶介
イザトナレバ,大久保幸夫
イザニコス,サラブレッドクラブ・ラフィアン
イザベラサンライズ,松岡隆雄
イザベラフジン,高昭牧場
イザベル,中辻明
イザベルクイーン,吉田照哉
イザベルソレイユ,ターフ・スポート
イザベルローズ,林正道
イザヨイ,サラブレッドクラブ・ラフィアン
イザラ,栗坂崇
イシュキック,西森功
イシュタル,シルクレーシング
イシュタルゲート,吉田勝己
イシュトヴァーン,サンデーレーシング
イジェン,ミルファーム
イスカンダル,田頭勇貴
イスキオス,村野康司
イスクメル,Ｇリビエール・レーシング
イスタンテ,キャロットファーム
イスティント,ビッグレッドファーム
イストロス,サンデーレーシング
イストワールファム,シルクレーシング
イスモイルテソーロ,了徳寺健二ホールディングス
イスラアズール,岡田牧雄
イスラアネーロ,堂守貴志
イスラグランデ,社台レースホース
イスラコラソン,村野康司
イスラデルノルテ,堂守貴志
イスラパシフィカ,Ｇ１レーシング
イスラブリーサ,吉田照哉
イズジョーアザヤカ,泉一郎
イズジョーアーサー,泉一郎
イズジョークラウン,泉一郎
イズジョーゴモリー,泉一郎
イズジョードリーム,泉一郎
イズジョーノキセキ,泉一郎
イズジョーノバトン,泉一郎
イズジョーノヒカリ,泉一郎
イズジョーボヌール,泉一郎
イズジョーメロディ,泉一郎
イズジョールーラー,泉一郎
イズジョーレイナス,泉一郎
イズミアマゾネス,泉一郎
イズモ,パニオロ
イズルード,レッドマジック
イズンシーラブリー,諸江幸祐
イズントイット,マークス
イセッセイ,芳賀克也
イセベイ,ゴドルフィン
イセベル,谷掛龍夫
イソエイヒカリ,磯部敏夫
イソダ,中込哲太郎
イゾラフェリーチェ,吉田和美
イゾレエオリア,吉田照哉
イタズラウナギ,内田玄祥
イタダキマショウ,福田光博
イタリアンカラー,ＨｉｍＲｏｃｋＲａｃｉｎｇホールディングス
イタリアンゴールド,増田和啓
イタリアンホワイト,サンデーレーシング
イタリックタイプ,島井新一郎
イダ,中辻明
イダイ,幅田京子
イダエンペラー,張一達
イダテンシャチョウ,ミキハウスＨＫサービス
イダペガサス,犬塚悠治郎
イダマンテ,ＫＡＪＩＭＯＴＯホールディングス
イダリス,松尾正
イチゴ,村山忠弘
イチゴガリ,田頭勇貴
イチゴキネンビ,ノルディック
イチゴセカンド,福田光博
イチゴチャン,大冨智弘
イチゴパフェ,田頭勇貴
イチゴヒトフリ,古賀和夫
イチゴホイップ,田頭勇貴
イチゴミルク,田頭勇貴
イチゴミルフィーユ,保坂和孝
イチゴワタアメ,高橋大
イチザアン,奈良崎孝一郎
イチザウイナー,奈良崎孝一郎
イチザサンデー,奈良崎孝一郎
イチザスカーレット,奈良崎孝一郎
イチザティアラ,奈良崎孝一郎
イチザテイオー,奈良崎孝一郎
イチザフローラ,奈良崎孝一郎
イチザブレーヴ,奈良崎孝一郎
イチザベガ,奈良崎孝一郎
イチザペガサス,奈良崎孝一郎
イチザマジック,奈良崎孝一郎
イチザラブオー,奈良崎孝一郎
イチジョウサクラ,二口雅一
イチジン,深見富朗
イチズ,丸岡啓一
イチダイ,三度屋
イチトゼロノアイダ,東豊物産
イチナイス,奈良崎孝一郎
イチネンエーグミ,藤本彰
イチネンプリンス,国田正忠
イチノコマチ,上村裕希
イチバンダイコ,西村新一郎
イチバンヤリ,岡浩二
イチブトゼンブ,風早信昭
イチリュウオー,しょうじ
イチローイチロー,泉一郎
イッカクセンキン,岡浩二
イッサダワッショイ,細川勝也
イッシン,林正道
イッシンフラン,由井健太郎
イッスンボウシ,岡浩二
イッソセレナーデ,高嶋航
イッタレイッタレ,幅田昌伸
イッツアメイジング,田邉幸則
イッツアメモリー,ミルファーム
イッツアワターン,田邉幸則
イッツエルメス,星加浩一
イッツオンリーユー,Ｇ１レーシング
イッツオンリーラブ,ＫＨレーシング
イッツオーライト,田島榮二郎
イッツクール,久木田隆
イッツザファースト,飯田正剛
イッツソーブライト,ミルファーム
イッツトゥルー,カナヤマホールディングス
イッツナッシング,コウトミックレーシング
イッツマイウェイ,フクキタル
イッツマイターン,岡田牧雄
イッツマイトリート,子安裕樹ＲＣ
イッツマイドリーム,吉田千津
イッツマイビジネス,清水義徳
イッツユアタイム,ＭＯＭＯレーシング
イッツユー,中村準二
イッツライフ,ミルファーム
イッツリット,ノースヒルズ
イッテラッシャイ,ＳＮＳグループ
イッテルビウム,内田玄祥
イットガール,平田修
イッペイ,岡浩二
イツカハシャチョウ,ミキハウスＨＫサービス
イツツボシ,酒井孝敏
イツモニコニコ,大田恭充
イツモハラペコ,小田切光
イティネラートル,社台レースホース
イテフ,中本行則
イテマエダセン,岡浩二
イテルム,社台レースホース
イデアイゴッソウ,益田修一
イデアイホマジョル,益田修一
イデアエスクロー,益田修一
イデアエルピス,益田修一
イデアガウディ,益田修一
イデアクオーレ,益田修一
イデアクリスタル,益田修一
イデアジュアンイハ,益田修一
イデアスタイル,益田修一
イデアテッシン,益田修一
イデアニポーテ,益田修一
イデアノアイデア,益田修一
イデアノオモイ,益田修一
イデアノキセキ,益田修一
イデアパシオン,益田修一
イデアファイブ,益田修一
イデアブリランテ,益田修一
イデアミラーグロ,益田修一
イデアユウシン,益田修一
イデアリサール,サンデーレーシング
イデアル,社台レースホース
イディオム,小田吉男
イトウ,越村哲男
イトカワサクラ,二口雅一
イトサン,ニッシンホールディングス
イトザクラ,村上卓史
イトシキオモイ,岡浩二
イトシサ,ＴＮレーシング
イトハマー,浜田幸一
イドム,佐藤理
イドリス,ロードホースクラブ
イドロボニータ,岡田牧雄
イナウィンク,岡田牧雄
イナズマシルバー,小泉賢悟
イナズマダイモン,藤田晋
イナズマテーラー,中西浩一
イナズマホリデー,小泉賢悟
イナズママンボ,小泉賢悟
イナズマミノル,吉岡輝美
イナフセド,ゴドルフィン
イナホ,中村勝彦
イナンナ,武田茂男
イニシアティブ,西森鶴
イニシエ,中辻明
イニシエーター,石川達絵
イニシオ,ライオンレースホース
イニシャルポイント,ビッグレッドファーム
イニシュモア,シルクレーシング
イニスフェイル,シルクレーシング
イニッツィオ,ウエスト．フォレスト．ステイブル
イヌハワントナク,熊澤浩樹
イヌボウノアサヒ,嶋田賢
イヌボウノウタゴエ,嶋田賢
イヌボウノキラメキ,嶋田賢
イヌボウノサザナミ,嶋田賢
イヌボウノシオカゼ,嶋田賢
イヌボウノツキ,嶋田賢
イヌボウノヒカリ,嶋田賢
イヌボウノユウヒ,嶋田賢
イネガラーブル,社台レースホース
イネフェイブル,ロードホースクラブ
イノ,ビッグレッドファーム
イノキ,小菅誠
イノセンス,Ｇリビエール・レーシング
イノセント,石川達絵
イノセントキャット,Ｇ１レーシング
イノセントグラム,田頭勇貴
イノセントソレル,ホースアディクト
イノセントホープ,社台レースホース
イノセントミューズ,社台レースホース
イノセントラヴ,田島孝司
イノバティブ,畑佐博
イノリ,ローレルレーシング
イノーマル,藤田晋
イバラヒメ,会田浩史
イバル,ケーエスＨＤ
イヒラニ,畑佐博
イフィゲニア,ゴドルフィン
イフウドウドウ,キーファーズ
イフェイオン,社台レースホース
イフェスティオ,高橋文男
イフティファール,ノースヒルズ
イフユーワナ,山口裕介
イフリーティア,鈴木剛史
イフルジャンス,尾上寿夫
イブキ,Ｇリビエール・レーシング
イブシギン,ミルファーム
イブニングタイド,吉田千津
イプシランテ,吉田勝己
イプシロンナンバー,ヒダカ・ブリーダーズ・ユニオン
イプノーズ,ノースヒルズ
イベリア,森田和豊
イベリス,前田幸治
イベリスアマラ,サンデーレーシング
イベリスリーフ,サンデーレーシング
イベンチュアリー,グリーンファーム
イベントホライズン,社台レースホース
イベントホライゾン,金子真人ホールディングス
イペラティーヴァ,小林由明
イペルラーニオ,キャロットファーム
イポラニ,国田正忠
イマキバラ,ビッグレッドファーム
イマジェリーナ,川下竜彦
イマジナリーライン,社台レースホース
イマジンヨウコ,薪浦亨
イマジンラヴ,薪浦亨
イマジンレノン,薪浦亨
イマージュ,島川隆哉
イマージョン,キャロットファーム
イミグラントソング,吉田勝己
イミュータブル,前田幸治
イムジンガン,岡田隆寛
イムナラムール,平井裕
イムホテプ,柏瀬金之介
イメル,吉澤ホールディングス
イメルダドリーム,高昭牧場
イモルテル,白日光
イモージェン,キャロットファーム
イモータリス,落合幸弘
イモータリティ,ゴドルフィン
イモータル,金子真人ホールディングス
イモータルウインド,ノルマンディーサラブレッドレーシング
イモータルスモーク,レッドマジック
イモータルソウル,ライオンレースホース
イモータルバード,前田幸大
イモータルフェイム,Ｇ１レーシング
イモータルプラチナ,ヒダカ・ブリーダーズ・ユニオン
イヤサカ,岡田壮史
イヤーズストレイト,松田幸生
イヤーワーム,Ｎ’ｓレーシング
イラプション,ノースヒルズ
イランカラプテ,ミルファーム
イラーナ,サンデーレーシング
イラーレ,ノースヒルズ
イリスアスール,ノルマンディーサラブレッドレーシング
イリスファルコン,菅原広隆
イリスレーン,インゼルレーシング
イリスロッソ,ヒダカ・ブリーダーズ・ユニオン
イリゼ,寺田寿男
イリゼリヴァージュ,ウエスト．フォレスト．ステイブル
イリゼルース,コスモヴューファーム
イリディセント,キャロットファーム
イリノセラビア,ＣＨＥＶＡＬＡＴＴＡＣＨＥ
イリバーレ,畑佐博
イリフィ,前田幸治
イリマ,前田幸治
イリュストル,ライオンレースホース
イリュージョニスト,コスモヴューファーム
イリュージョン,岡田隆寛
イルカンダ,土田重実
イルギオットーネ,金子真人ホールディングス
イルクオーレ,ヒダカ・ブリーダーズ・ユニオン
イルザ,中辻明
イルシオン,ビッグレッドファーム
イルジオーネ,キャロットファーム
イルジーリオ,吉田勝己
イルダメリーノ,ヒダカファーム
イルチルコ,シルクレーシング
イルディヴィーノ,キャロットファーム
イルデポート,谷掛龍夫
イルデレーヴ,シルクレーシング
イルフェソレイユ,大樹ファーム
イルフォーコン,Ｈ．ＦＡｓｓｏｃｉａｔｉｏｎ
イルプリンチペ,吉田勝己
イルマタル,吉田照哉
イルマティック,落合幸弘
イルミナジーティー,田畑利彦
イルミナル,キャロットファーム
イルミネーター,グリーンスウォード
イルミリオーネ,東豊物産
イルモンド,大塚亮一
イルルージュ,ビッグレッドファーム
イルルーメ,西森功
イルヴィゴーレ,ＮＩＣＫＳ
イルヴェントデーア,Ｇリビエール・レーシング
イルヴェントドーロ,兼松康太
イルーシヴグレイス,キャロットファーム
イルーシヴゴールド,サンデーレーシング
イルーシヴパンサー,草間庸文
イレイション,ゴドルフィン
イレギュラー,副島義久
イレジン,Ｂ．ミリエール
イレンカ,ビッグレッドファーム
イロイロ,井高義光
イロエンピツ,内田玄祥
イロコイザタ,内田玄祥
イロゴトシ,内田玄祥
イロゴノミ,内田玄祥
イロゴルシ,内田玄祥
イロハニオエ,松本俊廣
イロハニホ,レッドマジック
イロンデル,中辻明
イワクニ,清水義徳
イワズ,岡田繁幸
イワナ,越村哲男
イワネコゴシキ,丸山担
インアスピン,フクキタル
インウィクトス,加藤厚子
インウィスパーズ,金子真人ホールディングス
インオンザレイク,中村祐子
インオービット,ノルマンディーサラブレッドレーシング
インカルナータ,サンデーレーシング
インクルージョン,キャロットファーム
インクルードダイヤ,シルクレーシング
インクレイブル,友駿ホースクラブ
イングラム,ノルマンディーサラブレッドレーシング
イングランドアイズ,原禮子
イングリッドローズ,日下幸徳
イングレーヴ,キャロットファーム
インゲニウム,程田真司
インコントラーレ,高瀬正志
インゴットバード,小島吉彦
インゴニャーマ,グランド牧場
インサイダー,諸江幸祐
インサイト,西浩明
インサイドエッジ,社台レースホース
インサイドストーム,近藤克麿
インサニティ,石瀬浩三
インサラー,ＤＭＭドリームクラブ
インサラータ,保坂和孝
インザオベーション,フィールドレーシング
インザサイレンス,岡田隆寛
インザスカイ,エムズレーシング
インザストーン,グリーンスウォード
インザダーク,グリーンスウォード
インザバブル,Ｇ１レーシング
インザビギニング,ノースヒルズ
インザムード,三田昌宏
インザムービー,安原浩司
インザモーメント,前田幸大
インザライムライト,ビッグレッドファーム
インザロングラン,石瀬浩三
インザーギ,吉田和美
インシオン,シルクレーシング
インシニス,ノースヒルズ
インシュラー,シルクレーシング
インシーズン,ビッグレッドファーム
インジェニアス,ゴドルフィン
インジケーター,会田浩史
インスウィング,本間充
インスタキング,嶋田賢
インスパイア,ＨｉｍＲｏｃｋＲａｃｉｎｇホールディングス
インスピレーション,寺田千代乃
インセプション,三度屋
インセンディオ,嶋田賢
インセンブレ,阿部東亜子
インゼエボニータ,高橋敏英
インタクト,前田幸大
インタノン,金子真人ホールディングス
インターアーバン,シルクレーシング
インターシア,水上行雄
インターステラ,ノルマンディーサラブレッドレーシング
インターセクション,ゴドルフィン
インターポーザー,シルクレーシング
インターミッション,下河辺牧場
インターロード,本間茂
インダイアリー,Ｇ１レーシング
インダストリア,サンデーレーシング
インダミタブル,ライオンレースホース
インダルジミー,ゴドルフィン
インティ,武田茂男
インティパイロ,藤田孟司
インティメート,辻牧場
インテグラルシチー,友駿ホースクラブ
インテグリティー,前田幸治
インテグリフォリア,サンデーレーシング
インテグレイト,平沼龍漢
インテリジェンス,近藤英子
インテルメディオ,シルクレーシング
インテルラゴス,吉田勝己
インテレット,近藤英子
インテンシティ,山内晃
インテンス,西森功
インテンスゲイズ,サラブレッドクラブ・ラフィアン
インテンスシチー,友駿ホースクラブ
インテンスフレイム,ゴドルフィン
インテンスライト,堂守貴志
インテンソ,シルクレーシング
インディクイーン,ヒダカ・ブリーダーズ・ユニオン
インディゴ,カナヤマホールディングス
インディゴアスール,アスール
インディゴジェイ,吉岡泰治
インディゴブラック,シルクレーシング
インディゴブルー,近藤英子
インディジャズ,シルクレーシング
インディジョーズ,由井健太郎
インディストーン,山本又一郎
インディチャンプ,シルクレーシング
インディナート,ＫＡＪＩＭＯＴＯホールディングス
インディバローズ,猪熊広次
インディビジュアル,ＨｉｍＲｏｃｋＲａｃｉｎｇホールディングス
インディペンデント,高橋文男
インディヴァイン,シルクレーシング
インディードシチー,友駿ホースクラブ
インディーフィルム,ゴドルフィン
イントゥアドリーム,薪浦州平
イントゥゴールデン,佐藤大介
イントゥザウインド,社台レースホース
イントゥザスカイ,山内晃
イントゥザフロー,小林由明
イントゥザワールド,石瀬浩三
イントゥディープ,グリーンスウォード
イントゥーザブルー,石川秀守
イントロバート,吉野智博
インドミタビリティ,サンデーレーシング
インナモラート,中村祐子
インナリオ,サンデーレーシング
インナーアリュール,平井裕
インナーサンクタム,ゴドルフィン
インナート,谷口祐人
インナーハート,ゴドルフィン
インナーパッション,平井裕
インナーリソース,鈴木康弘
インナーヴォイス,村木克成
インノバドール,ディアレストクラブ
インバウンド,保坂和孝
インバシオン,田島政光
インパクトシー,中村昭博
インパクトベースン,ライオンレースホース
インパチェンス,吉田千津
インパルアスール,アスール
インパルス,横田秀明
インパルスベルン,四本昭弘
インヒズアイズ,江馬由将
インビジブルサリー,中辻明
インビジブルセルフ,金子真人ホールディングス
インビジブルタッチ,新木鈴子
インビジブルナイツ,ライオンレースホース
インビジブルレイズ,シルクレーシング
インビンシブルパパ,迫田三果子
インピッシュ,ノルマンディーサラブレッドレーシング
インファイター,シルクレーシング
インファンタ,木村牧場
インフィオラータ,飯田正剛
インフィナイト,サンデーレーシング
インフィニタス,Ｇ１レーシング
インフェルノ,寺田寿男
インフォーマント,社台レースホース
インフルエンサー,中西功
インフルブルーム,ノースヒルズ
インフレイサー,桜井牧場
インフローレ,杉山忠国
インブリウム,社台レースホース
インブレッドセンス,吉田晴哉
インブロリオ,ゴドルフィン
インプルソ,コスモヴューファーム
インプルーヴ,石瀬浩三
インプレス,前田幸治
インプレストサマー,矢野雅子
インプロバイザー,江馬由将
インプロペリア,サンデーレーシング
インヘリタンスエス,藤田在子
インヘリット,Ｇリビエール・レーシング
インヘリットデール,シルクレーシング
インヘリテッドラヴ,岡田牧雄
インベルシオン,前田幸貴
インペラートル,藤沼利夫
インペリアス,杉山忠国
インペリアルエア,岡田牧雄
インペリアルコート,吉田晴哉
インペリアルツアー,スピードファーム
インペリアルフィズ,社台レースホース
インペリアルムーン,Ｈ．Ｈ．シェイク・ハムダン
インペリアルモート,ＶｉｒｉｄｉａｎＫｅｉｂａＣｌｕｂ
インペリアルライン,社台レースホース
インペリオ,ターフ・スポート
インペリオアスール,シルクレーシング
インペリオーソ,吉岡泰治
インポージング,Ｈ．Ｈ．シェイク・ハムダン
インマイハート,藤田在子
インマイブラッド,飯田良枝
インマイポケット,藤田晋
インマイレーベン,薪浦亨
インユアアイズ,ロードホースクラブ
インユアパレス,小林英一ホールディングス
インレット,ゴドルフィン
インワンシティング,Ｇ１レーシング
インヴァイト,高昭牧場
インヴァネス,矢野亨憲
インヴァリアンス,Ｇ１レーシング
インヴァルナブル,加藤誠
インヴィクタ,佐々木主浩
インヴィンチービレ,幅田京子
インヴェスター,山邉浩
インヴェントーレ,サンデーレーシング
インヴォーグ,飯田正剛
イヴ,石川達絵
イヴィステラ,佐々木主浩
イヴナンバーフォー,野嶋祥二
イヴニングスター,村野康司
イーアンベ,ＮＲＫレース
イーウェイ,奥田貴敏
イーガービーバー,ノースヒルズ
イークウェス,山本三津子
イーグルチョイス,瀬野尾裕久
イーグルノワール,社台レースホース
イーグルバローズ,猪熊広次
イーグルフェザー,社台レースホース
イーグルロック,サンデーレーシング
イーゴサンライズ,松岡隆雄
イーサンアイ,国本勇
イーサンカレラ,国本勇
イーサンタイガー,国本勇
イーサンティラノ,国本勇
イーサンハンター,国本勇
イーサンバーニング,国本勇
イーサンパンサー,国本勇
イーサンプリティー,国本勇
イーサンペガサス,国本勇
イーサンミラー,国本勇
イージス,平本敏夫
イージスカフェ,西川光一
イージスバローズ,猪熊広次
イージーオンミー,坂東牧場
イージーゴーイング,猪又晶介
イージースレット,佐藤壽男
イージーブリージー,吉田千津
イージーマネー,丸山担
イージーライダー,エムズレーシング
イースタンワールド,三嶋牧場
イースターエッグ,スピードファーム
イーストウィッチ,吉田勝己
イーストオブエデン,シルクレーシング
イーストオブザサン,三田昌宏
イーストブルー,菅野隆志
イーストリバー,三田昌宏
イーデンテソーロ,了徳寺健二ホールディングス
イーパンサーパン,松本俊廣
イーブンナウ,サンデーレーシング
イーブンナンバー,池谷誠一
イーブンベター,グリーンファーム
イーベンホルツ,社台レースホース
イーリスアスター,矢野雅子
イールテソーロ,了徳寺健二ホールディングス
イールドブラック,松田幸生
イーヴイ,齊藤雅志
イーヴンキール,ゴドルフィン
ウアラネージュ,吉田勝己
ウアーシュプルング,サラブレッドクラブ・ラフィアン
ウィアステーラ,ＹＧＧホースクラブ
ウィウィルウィン,ＫＨレーシング
ウィエダンド,フォレストレーシング
ウィガンテソーロ,了徳寺健二ホールディングス
ウィクトルウェルス,シルクレーシング
ウィクトーリア,シルクレーシング
ウィクトール,阿部東亜子
ウィクフォード,シルクレーシング
ウィザードオブマリ,矢野まり子
ウィシュカムトゥル,Ｈ．ＦＡｓｓｏｃｉａｔｉｏｎ
ウィシュワールド,ＹＧＧホースクラブ
ウィシンクアスク,廣崎利洋
ウィスカーパッド,社台レースホース
ウィスキーキャット,天野克彦
ウィスク,ロードホースクラブ
ウィスティアラ,熊谷貴之
ウィステリアダディ,北側雅勝
ウィステリアベル,岡田壮史
ウィステリアリヴァ,ウエスト．フォレスト．ステイブル
ウィスパリンホープ,タイヘイ牧場
ウィスパーボイス,ディアレスト
ウィスピア,平川三津
ウィスピースノー,水上ふじ子
ウィズ,カナヤマホールディングス
ウィズアウィッシュ,岡田牧雄
ウィズアウト,石井輝昭
ウィズアウトナイン,福田光博
ウィズアウトリーチ,吉田千津
ウィズアットダンス,ノルマンディーサラブレッドレーシング
ウィズアツインクル,岡田牧雄
ウィズアバウンス,シルクレーシング
ウィズアリープ,江馬由将
ウィズインリーチ,鈴木正浩
ウィズキッド,飯田正剛
ウィズクィーン,エムズレーシング
ウィズグレイス,社台レースホース
ウィズザタイムズ,グリーンファーム
ウィズザドリーム,Ｇ１レーシング
ウィズザベスト,キャロットファーム
ウィズザワールド,阿部善武
ウィズダイヤモンズ,サラブレッドクラブ・ラフィアン
ウィズダムハート,フィールドレーシング
ウィズフィリップ,山科統
ウィズプライド,平井裕
ウィズホープ,コスモヴューファーム
ウィズマイマミー,大塚亮一
ウィズマスタング,ディアレストクラブ
ウィズユアドリーム,小林英一ホールディングス
ウィズユアハート,小林英一ホールディングス
ウィズリー,寺田寿男
ウィズワンアコード,岡田牧雄
ウィズワンアセント,キャロットファーム
ウィゾマニア,琴浦諒
ウィッキドピケット,ジャコモ
ウィッシュソング,伊藤篤
ウィッシュツリー,キャロットファーム
ウィッシュドリーム,野田政義
ウィッシュノート,シルクレーシング
ウィッシュムーン,西村專次
ウィッシュリスト,飯田正剛
ウィッシングスター,社台レースホース
ウィッチクラフト,カナヤマホールディングス
ウィッチハット,ビッグレッドファーム
ウィッティクオウト,Ｇ１レーシング
ウィッティングハム,浜本牧場
ウィットサンデー,キャロットファーム
ウィットビーアビー,サンデーレーシング
ウィップスティッチ,社台レースホース
ウィップラッシュ,グランド牧場
ウィテカービート,ＮＩＣＫＳ
ウィナーズチェック,岡田牧雄
ウィナーズバラード,ブルースターズファーム
ウィナーズロジャー,コスモヴューファーム
ウィナーポイント,岡田牧雄
ウィナールーツ,和泉憲一
ウィニスクテソーロ,了徳寺健二ホールディングス
ウィノウザウェイ,日下部勝徳
ウィムーヴ,中村祐子
ウィモウェ,金子真人ホールディングス
ウィラコチャ,金子真人ホールディングス
ウィラメット,杉浦和也
ウィリアムバローズ,猪熊広次
ウィリデシルバ,柴原榮
ウィリン,ジャコモ
ウィリングハーツ,國武佳博
ウィリーズロック,Ｙ’ｓレーシング
ウィルオブラガー,奥村訓彦
ウィルオレオール,前田良平
ウィルサヴァイブ,安原浩司
ウィルソンウェイ,盛学志
ウィルソンテソーロ,了徳寺健二ホールディングス
ウィルダネス,カナヤマホールディングス
ウィルビーハッピー,ノルマンディーサラブレッドレーシング
ウィルフォルティス,伊藤正樹
ウィルフルネス,ヒダカ・ブリーダーズ・ユニオン
ウィルポリス,松谷翔太
ウィルマテソーロ,了徳寺健二ホールディングス
ウィルラウス,前田良平
ウィルレーヴィア,島川隆哉
ウィレムスタット,社台レースホース
ウィロークリーク,金子真人ホールディングス
ウィローグラウス,サラブレッドクラブ・ラフィアン
ウィンウッドテール,梶正典
ウィンカラー,マークス
ウィンクルティアラ,吉田千津
ウィングコマンダー,岡田牧雄
ウィングブルー,小山田明人
ウィングヘヴン,キャロットファーム
ウィングマン,レッドマジック
ウィングローリー,原田豊
ウィンサム,カナヤマホールディングス
ウィンザーロア,フクキタル
ウィンザーローズ,川下竜彦
ウィンスタンリー,キャロットファーム
ウィンストン,ゴドルフィン
ウィンズオブゴッド,高橋貴士
ウィンターアゲイン,保坂和孝
ウィンターガーデン,キャロットファーム
ウィンターサン,ゴドルフィン
ウィンターダフネ,金子真人ホールディングス
ウィンターパレス,Ｈ．Ｒ．Ｈ．プリンセス・ハヤ
ウィンターブリーズ,ＴＮレーシング
ウィンターベル,吉田勝己
ウィンターリリー,田頭勇貴
ウィンダミア,広尾レース
ウィンディスペル,サンデーレーシング
ウィンドスピナー,社台レースホース
ウィンドファクター,社台レースホース
ウィンドフォール,平田修
ウィンドブレイク,ゴドルフィン
ウィンドライジズ,平田修
ウィンドリッパー,シルクレーシング
ウィンビュー,齊藤直信
ウィージャスト,藤田晋
ウィービースティ,フジワラ・ファーム
ウィープディライト,ＤＭＭドリームクラブ
ウィールズアップ,Ｇ１レーシング
ウィーンソナタ,星野隆男
ウィーヴヒストリー,ＮＩＣＫＳ
ウイキャンウイン,スピードファーム
ウイキャンファイト,スピードファーム
ウイスキータイム,サザンホールディング
ウイッチクイーン,杉山忠国
ウイッチボニータ,杉山忠国
ウイナーズナイン,エムズレーシング
ウイナーズロード,宮内牧場
ウイニンググレイス,杉元四男
ウイニングメイビー,井上久光
ウイニングライブ,レッドマジック
ウイニングレイ,吉田照哉
ウイラニ,荻伏服部牧場
ウイルソン,近藤英子
ウイルホースバイオ,バイオ
ウインアイオライト,ウイン
ウインアイルグロウ,ウイン
ウインアイルビータ,ウイン
ウインアウォード,ウイン
ウインアウローラ,ウイン
ウインアガラス,ウイン
ウインアキレウス,ウイン
ウインアクティーボ,ウイン
ウインアクトゥール,ウイン
ウインアグライア,ウイン
ウインアザレア,酒井孝敏
ウインアステロイド,ウイン
ウインアチーヴ,ウイン
ウインアトム,ウイン
ウインアプローチ,ウイン
ウインアベリア,ウイン
ウインアポロン,ウイン
ウインアマルフィ,ウイン
ウインアミティエ,ウイン
ウインアミュレット,ウイン
ウインアミーリア,ウイン
ウインアライバル,ウイン
ウインアラジン,ウイン
ウインアリス,ウイン
ウインアルカンナ,ウイン
ウインアルドーレ,ウイン
ウインアルバローズ,ウイン
ウインアレグロ,ウイン
ウインアレース,ウイン
ウインアンサンブル,ウイン
ウインイクシード,ウイン
ウインイザナミ,ウイン
ウインイノセンス,ウイン
ウインイノベーター,ウイン
ウインイメル,ウイン
ウインイルネージュ,ウイン
ウインインスパイア,ウイン
ウインインペリアル,ウイン
ウインウィズハート,ウイン
ウインウェイウェイ,新熊一生
ウインエアフォルク,成富直行
ウインエイムハイ,ウイン
ウインエクラン,ウイン
ウインエクレール,ウイン
ウインエタンセル,ウイン
ウインエリタージュ,ウイン
ウインエルカミーノ,ウイン
ウインエルフリーデ,ウイン
ウインエレナ,ウイン
ウインエンデバー,ウイン
ウインエンブレム,ウイン
ウインエーデル,ウイン
ウインオアシス,ウイン
ウインオスカー,ウイン
ウインオリハルコン,ウイン
ウインオリヴィア,ウイン
ウインオルビット,ウイン
ウインオワーズ,ウイン
ウインオーサム,ウイン
ウインオーディン,ウイン
ウインオーブ,ウイン
ウインカグヤヒメ,ウイン
ウインカトリーヌ,ウイン
ウインカムトゥルー,ウイン
ウインカルディア,ウイン
ウインカンターレ,ウイン
ウインカートゥーン,ウイン
ウインカーネリアン,ウイン
ウインカーマイン,ウイン
ウインガナッシュ,ウイン
ウインガナドル,ウイン
ウインガネーシャ,ウイン
ウインガラハッド,ウイン
ウインガレオン,ウイン
ウインガヴァナー,ウイン
ウインガーネット,ウイン
ウインキャロライン,ウイン
ウインキララ,ウイン
ウインキングリー,ウイン
ウインキートス,ウイン
ウインギャラン,ウイン
ウインクメイド,ＭＭＳホールディングス
ウインクラリティ,ウイン
ウインクランベリー,ウイン
ウインクリエ,ウイン
ウインクリムゾン,ウイン
ウインクリンゲル,ウイン
ウインクリード,ウイン
ウインクルキセキ,有能
ウインクルサルーテ,有能
ウインクルシャープ,塚本能交
ウインクルジニー,塚本能交
ウインクルチェリー,塚本能交
ウインクルホープ,塚本能交
ウインクルマリヒメ,有能
ウインクレド,ウイン
ウインクレドール,ウイン
ウインクロリス,ウイン
ウインクローバー,ウイン
ウイングアンナ,塚本法生
ウイングウインド,宮内牧場
ウイングエンペラー,池田實
ウイングカプリース,池田實
ウイングクレバー,池田實
ウインググランダー,池田實
ウイングサンライズ,ライフハウス
ウイングシューズ,呉本昌時
ウイングスオブラヴ,太田珠々子
ウイングセクション,サンデーレーシング
ウイングチップ,社台レースホース
ウイングハーモニー,池田實
ウイングブラボー,池田實
ウイングボルドー,池田實
ウイングラドナス,ウイン
ウイングラナート,ウイン
ウイングラフトン,ウイン
ウイングランブルー,ウイン
ウイングリフィス,ウイン
ウイングリュック,ウイン
ウイングルイーズ,池田實
ウイングレイテスト,ウイン
ウインコマチ,宮内牧場
ウインコンダクター,ウイン
ウインコンパス,ウイン
ウインゴライアス,ウイン
ウインサマースノー,佐野信幸
ウインサルーテ,ウイン
ウインサンフラワー,ウイン
ウインザナドゥ,ウイン
ウインシェフィン,ウイン
ウインシトリン,ウイン
ウインシャトレーヌ,ウイン
ウインシャリーフ,ウイン
ウインシャルマン,ウイン
ウインシャーガス,ウイン
ウインシャーロット,ウイン
ウインシュクラン,ウイン
ウインシュトローム,ウイン
ウインシュプリーム,ウイン
ウインジェルベーラ,ウイン
ウインジャスミン,ウイン
ウインジュノー,ウイン
ウインジュルネ,ウイン
ウインジョイフル,庄司修二
ウインスコーグ,ウイン
ウインスターリング,ウイン
ウインスティーガ,ウイン
ウインステイトリー,ウイン
ウインステファノス,ウイン
ウインストラグル,ウイン
ウインストロベリー,村岡曉憲
ウインスノーライト,ウイン
ウインスピリタス,ウイン
ウインスフェーン,ウイン
ウインスラーヴァ,ウイン
ウインスーリール,ウイン
ウインセブリオン,ウイン
ウインセルリアン,ウイン
ウインセレナード,ウイン
ウインセレーネ,ウイン
ウインゼノビア,ウイン
ウインソフィー,ウイン
ウインソラネル,ウイン
ウインターアヘッド,ミルファーム
ウインタースイート,ミルファーム
ウインターズテイル,キャロットファーム
ウインターセット,サンデーレーシング
ウインターブレス,社台レースホース
ウインターベア,ミルファーム
ウインダ,高橋文男
ウインダンスタイム,ウイン
ウインダークローズ,ウイン
ウインチェレステ,ウイン
ウインチャチャ,ウイン
ウインティターニア,ウイン
ウインテラジーナ,ウイン
ウインテンダネス,ウイン
ウインディオーネ,ウイン
ウインディサンデー,辻子依旦
ウインディナナコ,木村廣太
ウインディマンシュ,ウイン
ウインデイジー,ウイン
ウインデイブレイク,ウイン
ウイントッペン,ウイン
ウイントリベルガ,ウイン
ウイントルヴェール,ウイン
ウイントレメンデス,ウイン
ウイントワイライト,ウイン
ウイントールキン,佐藤弘樹
ウインドアカネール,福原正博
ウインドアベニュー,福原正博
ウインドアリエル,福原正博
ウインドアロー,福原正博
ウインドエラ,ミルファーム
ウインドオブヘヴン,ＤＭＭドリームクラブ
ウインドオブホープ,木村牧場
ウインドオルフェ,福原正博
ウインドカクテル,岡田牧雄
ウインドシャルム,福原正博
ウインドジャマー,多田信尊
ウインドスケール,サンデーレーシング
ウインドスピード,中村伊三美
ウインドトリック,福原正博
ウインドファルクス,福原正博
ウインドブラーハ,社台レースホース
ウインドラブハーツ,福原正博
ウインドラブリーナ,福原正博
ウインドラート,ウイン
ウインドルチェ,ウイン
ウインドワンピース,福原正博
ウインドヴァレー,矢野秀春
ウインネクタル,ウイン
ウインネプチューン,ウイン
ウインネモフィラ,ウイン
ウインハイエスト,ウイン
ウインハイラント,ウイン
ウインハピネス,ウイン
ウインハルフォード,ウイン
ウインハルモニア,ウイン
ウインハートビート,ウイン
ウインバグース,ウイン
ウインバシリス,ウイン
ウインバラーディア,ウイン
ウインバリオス,ウイン
ウインバリスタ,ウイン
ウインバルドル,ウイン
ウインバローラス,ウイン
ウインバーテックス,ウイン
ウインパルファン,ウイン
ウインパーチェ,ウイン
ウインヒストリオン,ウイン
ウインビギニング,ウイン
ウインビスタ,ウイン
ウインピクシス,ウイン
ウインファイネスト,ウイン
ウインファビラス,ウイン
ウインファヴォリ,ウイン
ウインフィエルテ,ウイン
ウインフウジン,ウイン
ウインフェニックス,ウイン
ウインフェリーチェ,ウイン
ウインフェーデ,ウイン
ウインフォルティス,ウイン
ウインフォワード,ウイン
ウインフォーユー,ウイン
ウインフランシーズ,ウイン
ウインフランドル,ウイン
ウインフルゴラ,ウイン
ウインフロリゼル,ウイン
ウインブライト,ウイン
ウインブランカ,ウイン
ウインブリエ,ウイン
ウインブリオーソ,ウイン
ウインブリザード,ウイン
ウインブルーローズ,ウイン
ウインプライマリー,ウイン
ウインプライム,ウイン
ウインプラウド,ウイン
ウインプリンツ,ウイン
ウインプリームス,ウイン
ウインプルミエ,ウイン
ウインプロスト,ウイン
ウインプロティア,ウイン
ウインプロヴァンス,ウイン
ウインヘラクレス,ウイン
ウインヘリオドール,ウイン
ウインベアトリス,ウイン
ウインベイランダー,ウイン
ウインベラーノ,ウイン
ウインベルチェーロ,ウイン
ウインベルレーヌ,ウイン
ウインペルセ,ウイン
ウインホノカ,山口謙太郎
ウインボニータ,ウイン
ウインボレロ,ウイン
ウインポセイドン,ウイン
ウインポプリ,ウイン
ウインポラリス,ウイン
ウインポーシャ,ウイン
ウインマイソウル,ウイン
ウインマイティー,ウイン
ウインマイルート,ウイン
ウインマカナ,ウイン
ウインマクシマム,ウイン
ウインマグノリア,ウイン
ウインマスカレード,ウイン
ウインマデイラ,ウイン
ウインマニフィーク,ウイン
ウインマミリアス,ウイン
ウインマリアンヌ,ウイン
ウインマリリン,ウイン
ウインマルシュ,ウイン
ウインマーシャル,ウイン
ウインマーベル,ウイン
ウインミニヨン,ウイン
ウインミレーユ,ウイン
ウインムート,ウイン
ウインメイキット,ウイン
ウインメイフラワー,ウイン
ウインメイユール,ウイン
ウインメテオーラ,ウイン
ウインメディウム,ウイン
ウインメラナイト,ウイン
ウインメルシー,ウイン
ウインモアナ,ウイン
ウインモナーク,ウイン
ウインモリオン,ウイン
ウインモンクール,ウイン
ウインユアソング,酒井孝敏
ウインユニバース,ウイン
ウインユニファイド,ウイン
ウインライジン,ウイン
ウインライズ,ウイン
ウインライヴリー,ウイン
ウインラウダ,ウイン
ウインラグラス,ウイン
ウインラザンツ,ウイン
ウインラテアート,ウイン
ウインラディアント,ウイン
ウインラナキラ,ウイン
ウインラピーヌ,ウイン
ウインラファーガ,ウイン
ウインラフィネ,ウイン
ウインラブソング,ウイン
ウインラムセス,ウイン
ウインランウェイ,ウイン
ウインリスノアール,ウイン
ウインリナリア,ウイン
ウインリバイバル,ウイン
ウインリフレクト,ウイン
ウインリブルマン,ウイン
ウインリベラシオン,ウイン
ウインリベラーレ,ウイン
ウインリベルタ,ウイン
ウインリベロ,ウイン
ウインリュクス,ウイン
ウインリージェント,ウイン
ウインルシファー,ウイン
ウインルチル,ウイン
ウインルナロッサ,ウイン
ウインルピナス,ウイン
ウインルベライト,ウイン
ウインルミナス,ウイン
ウインルモンド,ウイン
ウインルリアン,ウイン
ウインルーア,ウイン
ウインルーティン,ウイン
ウインレアリゼ,ウイン
ウインレイアー,ウイン
ウインレオネッサ,ウイン
ウインレゴリス,ウイン
ウインレゼルヴ,ウイン
ウインレフィナード,ウイン
ウインレプロット,ウイン
ウインレヴェランス,ウイン
ウインレーベン,ウイン
ウインレーヴドール,ウイン
ウインロズパレード,ウイン
ウインロゼライト,ウイン
ウインロノ,ウイン
ウインローズブーケ,ウイン
ウインワーグナー,ウイン
ウインヴァカンス,ウイン
ウインヴァモス,ウイン
ウインヴィオラ,ウイン
ウインヴェルデ,ウイン
ウインヴェルメリオ,ウイン
ウェイオブサクセス,ゴドルフィン
ウェイオブライト,岡田牧雄
ウェイクアップ,キャロットファーム
ウェイクフィールド,社台レースホース
ウェイクール,ヒダカ・ブリーダーズ・ユニオン
ウェイトゥゴー,安原浩司
ウェイトゥザトップ,吉田勝己
ウェイトゥザドーン,Ｇ１レーシング
ウェイニースー,藤田晋
ウェイバックホーム,飯田正剛
ウェイビー,フジワラ・ファーム
ウェイマーク,吉田勝己
ウェイヨー,藤田晋
ウェイワードアクト,ゴドルフィン
ウェイヴァリー,キャロットファーム
ウェイヴアナリシス,ゴドルフィン
ウェイヴムーン,犬塚悠治郎
ウェイヴメカニクス,池谷誠一
ウェカピポ,谷崎森吾
ウェザーコック,ゴドルフィン
ウェスケンジントン,田島榮二郎
ウェスタールンド,サンデーレーシング
ウェストエッジ,Ｇ１レーシング
ウェストファリア,社台レースホース
ウェストブルック,社台レースホース
ウェックスフォード,社台レースホース
ウェットシーズン,ゴドルフィン
ウェディングケーキ,田頭勇貴
ウェディングブーケ,酒井喜生
ウェディングベール,岡田牧雄
ウェディングラン,小島將之
ウェディングリリー,迎徹
ウェブスター,シルクレーシング
ウェリナ,ノースヒルズ
ウェルウィッチア,手嶋康雄
ウェルカムゴールド,キャロットファーム
ウェルカムソング,ノースヒルズ
ウェルカムニュース,吉田勝己
ウェルカムホーム,吉田千津
ウェルキン,井手慶祐
ウェルシュゴールド,ヒダカ・ブリーダーズ・ユニオン
ウェルシー,下河辺牧場
ウェルスナイパー,ヒダカ・ブリーダーズ・ユニオン
ウェルックス,草間庸文
ウェルドーン,安原浩司
ウェルビーイング,ローレルレーシング
ウェルマインド,吉田千津
ウェルム,フジワラ・ファーム
ウェルメイド,ロードホースクラブ
ウェンス,山岸桂市
ウェンズデイ,ＯＲＴＥＧＡ
ウェンダヴズクライ,三岡陽
ウェーブガイア,万波健二
ウェーブクリスタル,万波健二
ウェーブニケ,万波健二
ウェーブヒーロー,万波健二
ウェーブビクトリー,万波健二
ウェーブメジャー,万波健二
ウェーブモンスター,万波健二
ウェーブライダー,万波健二
ウェーブロック,サンデーレーシング
ウェーヴレット,ライオンレースホース
ウエイトジャッジ,薗部博之
ウエスタンアダム,西川賢
ウエスタンアミーゴ,西川賢
ウエスタンエポナ,西川賢
ウエスタンオレンジ,西川賢
ウエスタンカッター,西川賢
ウエスタンクリス,西川賢
ウエスタンシーズン,西川賢
ウエスタンスパーダ,西川賢
ウエスタンタマヤ,西川賢
ウエスタンダンテ,西川賢
ウエスタンヒューズ,西川賢
ウエスタンフレチャ,西川賢
ウエスタンプラチナ,西川賢
ウエスタンボルト,西川賢
ウエスタンマリーヤ,西川賢
ウエスタンラピダ,西川賢
ウエスタンラムール,西川賢
ウエスタンランポ,西川賢
ウエスタンレーヴ,西川賢
ウエスタンローズ,西川賢
ウエストサイド,吉田千津
ウエストチェリー,岡田牧雄
ウエストナウ,寺田寿男
ウエストリーダー,小田吉男
ウエストンバート,ターフ・スポート
ウエルカムキリシマ,西村新一郎
ウエヲムイテゴラン,嶋田賢
ウォッシュトレード,田頭勇貴
ウォッチミー,山内邦一
ウォリアーズクロス,シルクレーシング
ウォリアープライド,名古屋友豊
ウォルフズハウル,ゴドルフィン
ウォルフライエ,Ｇ１レーシング
ウォルラス,ディアレストクラブ
ウォーオブサウンド,安原浩司
ウォーカーカップ,吉田和美
ウォーカーテソーロ,了徳寺健二ホールディングス
ウォークザライン,前田幸治
ウォークル,門野重雄
ウォーターアイアイ,山岡正人
ウォーターアデル,山岡正人
ウォーターアレ,山岡正人
ウォーターアンク,山岡正人
ウォーターアークス,山岡正人
ウォーターイグアス,山岡正人
ウォーターウキウキ,山岡正人
ウォーターエアリー,山岡正人
ウォーターエクラン,山岡正人
ウォーターエデン,山岡良一
ウォーターエルピス,山岡正人
ウォーターオリジン,山岡正人
ウォーターカルエル,山岡正人
ウォーターカルミア,山岡正人
ウォーターガーベラ,山岡正人
ウォーターキリンジ,山岡正人
ウォータークラーク,山岡正人
ウォータークレスト,吉田千津
ウォーターコトノハ,山岡正人
ウォーターサオラ,山岡正人
ウォーターサグラダ,山岡正人
ウォーターシャウト,山岡良一
ウォータージオード,山岡正人
ウォータージョイ,山岡良一
ウォータージーニー,山岡正人
ウォータースケイプ,シルクレーシング
ウォーターストンプ,山岡正人
ウォータースパウト,グリーンファーム
ウォータースペース,山岡正人
ウォーターデライト,山岡正人
ウォータートリガー,山岡正人
ウォータードラセナ,山岡正人
ウォーターナビレラ,山岡正人
ウォーターハウス,シルクレーシング
ウォーターハクビ,山岡正人
ウォーターハミング,山岡良一
ウォーターバオバブ,山岡良一
ウォーターバベル,山岡正人
ウォーターバンドル,山岡正人
ウォーターパフィン,山岡正人
ウォーターパラディ,山岡正人
ウォーターパルフェ,山岡正人
ウォーターパンドラ,山岡正人
ウォータービジョン,山岡正人
ウォータービルド,山岡良一
ウォーターピオニー,山岡良一
ウォーターファラオ,山岡正人
ウォーターフルール,山岡正人
ウォーターブビンガ,山岡正人
ウォーターブランカ,山岡正人
ウォーターブレイク,山岡正人
ウォータープイプイ,山岡正人
ウォーターベルバラ,山岡正人
ウォーターボンボン,山岡正人
ウォーターマゼラン,山岡良一
ウォーターマーズ,山岡良一
ウォーターミリオン,山岡正人
ウォーターメロン,大島有志生
ウォーターメーヴェ,山岡正人
ウォーターモノリス,山岡正人
ウォーターモースト,山岡正人
ウォーターラーテル,山岡正人
ウォーターリッシュ,山岡正人
ウォーターリヒト,山岡正人
ウォーターリベルテ,山岡正人
ウォーターリリー,村野康司
ウォーターリーダー,山岡正人
ウォータールグラン,山岡正人
ウォータールスール,山岡正人
ウォーターレクラ,山岡正人
ウォーターレモン,ゴドルフィン
ウォーターロレンス,山岡正人
ウォーターヴァーゴ,山岡正人
ウォーターヴィラ,窪田康志
ウォーデコラシオン,吉田照哉
ウォーハンマー,サンデーレーシング
ウォーバディ,飯田正剛
ウォーブル,ビッグレッドファーム
ウォーブルースター,ブルースターズファーム
ウォーブレイク,杉山忠国
ウォームライト,窪田芳郎
ウォーレーションズ,フクキタル
ウォーロード,プレミアムレースホース
ウカテンセイ,スピードファーム
ウキ,須本浩行
ウキウキホリデー,ビッグレッドファーム
ウキヨノサンシロウ,國分純
ウキヨノユメ,國分純
ウサギ,福田米造
ウサギノカケアシ,桐谷敏子
ウサギノダンス,桐谷敏子
ウシェーランケー,瀬谷隆雄
ウシャス,岡田牧雄
ウシュバテソーロ,了徳寺健二ホールディングス
ウシワカマル,市川義美ホールディングス
ウジラーサン,瀬谷隆雄
ウスズミザクラ,海谷幸司
ウスベニノキミ,岡浩二
ウズシオ,ミルファーム
ウタ,叶哲也
ウタカタ,浅沼廣幸
ウチナータイム,ゴドルフィン
ウチノファイバー,内田玄祥
ウチノランスター,Ｈ．ＦＡｓｓｏｃｉａｔｉｏｎ
ウチュウセンカン,三宅勝俊
ウチュウノセカイ,長塩豊
ウチュウノハナ,長塩豊
ウッケン,受田真治
ウッドショック,小林善一
ウッドバイン,飛野牧場
ウップヘリーア,サンデーレーシング
ウテナ,林弘之
ウナギノボリ,小田切有一
ウナヴォルタ,一村哲也
ウニタ,西浦和男
ウヌボレヤサン,松田真由美
ウノランパンテ,堀田浩司
ウヒョウノヒビキ,矢野琢也
ウフドゥウフ,高松悟
ウフフ,内田玄祥
ウフフトルンナ,小坂功
ウフララ,手嶋康雄
ウフルピーク,サンデーレーシング
ウプサラ,下河辺牧場
ウマイウマスギル,スピードファーム
ウマオト,巴山尊文
ウマカモン,岡浩二
ウマダッチ,大田恭充
ウマッスル,鈴木康弘
ウマナミカイドウ,伊藤温
ウマピョイ,大田恭充
ウムラウト,Ｇ１レーシング
ウメタロウ,ミルファーム
ウメテマリ,紀州ほそ川飼料
ウメノハナ,梅村浩
ウメヒナタ,紀州ほそ川飼料
ウメムスビ,紀州ほそ川飼料
ウラエウス,吉田照哉
ウラカワノオト,京都ホースレーシング
ウラカワノキセキ,ライオンレースホース
ウラカン,熊谷貴之
ウラガーノ,藤田孟司
ウラチャチャ,ミルファーム
ウラニア,田所英子
ウラヌス,天堀忠博
ウラヌスチャーム,Ｇ１レーシング
ウラヌスリング,キャロットファーム
ウラノメトリア,サンデーレーシング
ウラヤ,ゴドルフィン
ウラルト,ノースヒルズ
ウラワザテクニック,薗部博之
ウリズンベー,Ｇ１レーシング
ウルアテソーロ,了徳寺健二ホールディングス
ウルオイ,ミルファーム
ウルクラフト,サンデーレーシング
ウルザブルン,サンデーレーシング
ウルスクローム,村上憲政
ウルスツイスター,村上憲政
ウルスラ,社台レースホース
ウルズ,ケーエスＨＤ
ウルダ,ターフ・スポート
ウルテ,スリーエイチレーシング
ウルティモ,諸岡慶
ウルトラソニック,中野義一
ウルトラハニー,スリーエイチレーシング
ウルトラハート,中野義一
ウルトラマリン,吉澤ホールディングス
ウルトラヨウコ,河内孝夫
ウルトラワールド,中野義一
ウルバーノ,ゴドルフィン
ウルピカ,畑佐博
ウルフ,石川達絵
ウルフキング,協栄
ウルフマン,藤田晋
ウルランテ,サンデーレーシング
ウルラーレ,Ｇ１レーシング
ウルヴァリン,田頭勇貴
ウレキサイト,シルクレーシング
ウレシイゴサン,ミルファーム
ウロボロス,薪浦亨
ウロボン,井山登
ウワサノアノコ,栗山道郎
ウン,ビッグレッドファーム
ウンエンリヒカイ,幅田昌伸
ウンガイソウテン,ビッグレッドファーム
ウンジョウノメガミ,鈴木正浩
ウンスイ,スピードファーム
ウンダモシタン,小原該一
ウンディーネ,原禮子
ウンナターシャ,社台レースホース
ウンブライル,サンデーレーシング
ウンボイクザーム,佐々木基
ウンメイノイタズラ,岡浩二
ウヴァロヴァイト,池谷誠一
ウーゴ,ノースヒルズ
ウーナグローリア,ウエスト．フォレスト．ステイブル
ウーナファータ,ディアレストクラブ
ウーバークイーン,原昌久
ウーバーストロング,原昌久
ウーバーミッション,原昌久
ウーピーパイ,ミルファーム
ウーマッハ,鈴木康弘
ウーマンズハート,ゴドルフィン
ウーマンズパワー,高岡浩行
ウーリリ,金子真人ホールディングス
ウールデュボヌール,Ｇ１レーシング
ウールワース,社台レースホース
ウールヴヘジン,岡田牧雄
ウーレンハウト,山本律
ウーレンボル,西城公雄
ウーロン,ゴドルフィン
ウーヴァラーラ,市川義美ホールディングス
エアアサンテ,ラッキーフィールド
エアアネモイ,ラッキーフィールド
エアアルチーナ,ラッキーフィールド
エアアルマス,ラッキーフィールド
エアアレクサンドラ,ラッキーフィールド
エアアンセム,ラッキーフィールド
エアイナーン,ビッグレッドファーム
エアウィンザー,ラッキーフィールド
エアカーディナル,ラッキーフィールド
エアグリフォン,ラッキーフィールド
エアコンヴィーナ,ラッキーフィールド
エアサロメ,ラッキーフィールド
エアサンサーラ,ラッキーフィールド
エアサンジ,ラッキーフィールド
エアサージュ,ラッキーフィールド
エアザキントス,ラッキーフィールド
エアシャロウ,ラッキーフィールド
エアシュラブ,ラッキーフィールド
エアシーラン,村田裕子
エアジャミラ,ラッキーフィールド
エアジーン,ラッキーフィールド
エアスピネル,ラッキーフィールド
エアセイラン,ラッキーフィールド
エアセンチュリー,ラッキーフィールド
エアダンルース,ラッキーフィールド
エアトベーレ,落合幸弘
エアニゲラ,ラッキーフィールド
エアハンコック,ラッキーフィールド
エアパルクール,ラッキーフィールド
エアビオンディ,ラッキーフィールド
エアビッグマム,ラッキーフィールド
エアビーアゲイル,ラッキーフィールド
エアファンディタ,ラッキーフィールド
エアフォースワン,駒秀
エアマスカーニ,ラッキーフィールド
エアマルソー,ラッキーフィールド
エアミアーニ,ラッキーフィールド
エアミホーク,ラッキーフィールド
エアミュニュレ,ラッキーフィールド
エアメテオラ,ラッキーフィールド
エアモンナンジュ,ラッキーフィールド
エアリアルグレース,塚田義広
エアリアルシティー,ミルファーム
エアリエル,村野康司
エアリーフローラ,キャロットファーム
エアリーリージェン,小川眞査雄
エアロクリスタ,福本純
エアロソニック,ＹＧＧホースクラブ
エアロロノア,ラッキーフィールド
エアヴァイブス,ラッキーフィールド
エアーズロック,西村健
エアーポケット,原久美子
エアーレジーナ,遠藤良一
エイカ,平沼龍漢
エイカイカッシーナ,二木英実
エイカイキャロル,二木英徳
エイカイキング,二木英徳
エイカイクイーン,二木英徳
エイカイコバチ,二木英実
エイカイゴールド,二木英実
エイカイステラ,二木英実
エイカイソウル,二木英実
エイカイソフィア,二木英実
エイカイビクター,二木英実
エイカイファントム,二木英徳
エイカイフォーユー,二木英実
エイカイブレイブ,二木英徳
エイカイボクサー,二木英実
エイカイボルト,二木英徳
エイカイマッケンロ,二木英実
エイカイマドンナ,二木英徳
エイカイラウール,二木英実
エイカイリバティ,二木英徳
エイカイロイヤル,二木英実
エイガウマザンマイ,鈴木慈雄
エイコーン,ウエスト．フォレスト．ステイブル
エイコーンドリーム,ローレルレーシング
エイサイバイオ,バイオ
エイシンアイトーン,栄進堂
エイシンアニーモ,栄進堂
エイシンアビス,栄進堂
エイシンアメンラー,栄進堂
エイシンアヤメ,栄進堂
エイシンアルゴス,栄進堂
エイシンアンヴァル,栄進堂
エイシンアヴァロン,栄進堂
エイシンイクサボシ,栄進堂
エイシンイグニース,栄進堂
エイシンイシュタル,平井克彦
エイシンイルハーン,平井淑郎
エイシンイレブン,栄進堂
エイシンイワトオシ,平井克彦
エイシンインアウト,栄進堂
エイシンウィスパー,栄進堂
エイシンウィゾール,栄進堂
エイシンウィンク,平井克彦
エイシンウパシ,栄進堂
エイシンウルクンデ,栄進堂
エイシンウルトラン,平井克彦
エイシンエイト,栄進堂
エイシンエマーユ,平井克彦
エイシンエラン,栄進堂
エイシンエレガンス,栄進堂
エイシンオズ,栄進堂
エイシンオニキス,栄進堂
エイシンオリヒメ,栄進堂
エイシンオリンピア,栄進堂
エイシンオルデン,栄進堂
エイシンオーディン,栄進堂
エイシンカリス,平井克彦
エイシンカルナボン,栄進堂
エイシンカーバイン,栄進堂
エイシンガウディ,平井克彦
エイシンガネーシャ,平井克彦
エイシンキタールン,栄進堂
エイシンキャプテン,栄進堂
エイシンキャロッツ,栄進堂
エイシンキンボシ,栄進堂
エイシンキーンラン,栄進堂
エイシンギアアップ,栄進堂
エイシンギザ,栄進堂
エイシンクァンタム,栄進堂
エイシンクリック,栄進堂
エイシンクリード,栄進堂
エイシングラス,栄進堂
エイシングラール,栄進堂
エイシングリッター,栄進堂
エイシングリュック,栄進堂
エイシングリーマン,栄進堂
エイシンケプラー,栄進堂
エイシンコクスン,栄進堂
エイシンコロクル,栄進堂
エイシンコロンビア,栄進堂
エイシンコーネリア,平井克彦
エイシンゴエモン,栄進堂
エイシンサイネリア,栄進堂
エイシンシトリン,栄進堂
エイシンシャガラ,栄進堂
エイシンシャンツェ,栄進堂
エイシンシュトルム,栄進堂
エイシンジェンマ,栄進堂
エイシンジザイテン,栄進堂
エイシンジャスミン,栄進堂
エイシンジュウライ,栄進堂
エイシンジョルト,平井克彦
エイシンジョーカー,栄進堂
エイシンスキャンプ,栄進堂
エイシンスケールズ,栄進堂
エイシンスプレモ,栄進堂
エイシンスポッター,栄進堂
エイシンスマック,栄進堂
エイシンスレイマン,栄進堂
エイシンセブン,栄進堂
エイシンセラフィム,栄進堂
エイシンセラード,栄進堂
エイシンセレナ,栄進堂
エイシンゼクウ,栄進堂
エイシンゼータ,栄進堂
エイシンソブリン,栄進堂
エイシンゾディアク,栄進堂
エイシンゾーン,栄進堂
エイシンタンチョウ,栄進堂
エイシンダリア,栄進堂
エイシンチドリ,栄進堂
エイシンチョンパ,栄進堂
エイシンチラー,栄進堂
エイシンツーリング,栄進堂
エイシンティアラ,栄進堂
エイシンティザー,栄進堂
エイシンティップス,栄進堂
エイシンティンクル,栄進堂
エイシンテムジン,平井克彦
エイシンディアデム,成富直行
エイシンディアマン,栄進堂
エイシンディーデイ,栄進堂
エイシンディード,栄進堂
エイシンデジタル,栄進堂
エイシンデネブ,栄進堂
エイシンデネボラ,栄進堂
エイシンデュエラー,栄進堂
エイシントゥラン,平井克彦
エイシントゥワイス,栄進堂
エイシントキシラズ,栄進堂
エイシントドロキ,栄進堂
エイシントルペード,平井克彦
エイシントレボン,栄進堂
エイシントロイ,栄進堂
エイシンドゥルガー,栄進堂
エイシンナザレ,栄進堂
エイシンナデシコ,栄進堂
エイシンニケ,栄進堂
エイシンニラク,栄進堂
エイシンニンバス,栄進堂
エイシンニーダー,栄進堂
エイシンヌプリ,栄進堂
エイシンネクタル,栄進堂
エイシンネメシス,栄進堂
エイシンノヘキレキ,栄進堂
エイシンノホシ,栄進堂
エイシンハルニレ,吉田勝利
エイシンバイエルン,栄進堂
エイシンバッカス,栄進堂
エイシンバビロン,栄進堂
エイシンパッション,栄進堂
エイシンパラディン,栄進堂
エイシンパルサー,栄進堂
エイシンパレード,栄進堂
エイシンパワフル,栄進堂
エイシンパンタレイ,栄進堂
エイシンヒテン,栄進堂
エイシンヒビキ,酒井孝敏
エイシンヒーリング,栄進堂
エイシンビギー,栄進堂
エイシンビリオン,栄進堂
エイシンビルト,栄進堂
エイシンビーコン,栄進堂
エイシンビースト,平井泰男
エイシンピクセル,栄進堂
エイシンファイター,栄進堂
エイシンフェンサー,栄進堂
エイシンフォーラン,栄進堂
エイシンフリーガー,栄進堂
エイシンブギーマン,平井克彦
エイシンブラボー,栄進堂
エイシンペトラ,平井克彦
エイシンホイップ,栄進堂
エイシンホルス,栄進堂
エイシンホープ,栄進堂
エイシンボナパルト,栄進堂
エイシンボンバー,栄進堂
エイシンボーノ,栄進堂
エイシンボールディ,栄進堂
エイシンポジション,栄進堂
エイシンポタラ,栄進堂
エイシンポップ,栄進堂
エイシンポリシー,栄進堂
エイシンマイア,平井克彦
エイシンマクルーベ,栄進堂
エイシンマシーン,平井克彦
エイシンマジョリカ,平井克彦
エイシンマホロバ,栄進堂
エイシンマーチング,栄進堂
エイシンマールス,栄進堂
エイシンミスリル,栄進堂
エイシンミラクル,平井克彦
エイシンムジカ,平井克彦
エイシンムー,栄進堂
エイシンメッセ,栄進堂
エイシンモンクール,栄進堂
エイシンヤタガラス,栄進堂
エイシンヨッシー,栄進堂
エイシンリヒト,栄進堂
エイシンリファイン,平井克彦
エイシンリブウェル,栄進堂
エイシンリベルタス,栄進堂
エイシンリーガル,栄進堂
エイシンルカーノ,栄進堂
エイシンルシファー,栄進堂
エイシンルパン,栄進堂
エイシンルミエール,栄進堂
エイシンレジューム,栄進堂
エイシンレーザー,平井淑郎
エイシンロッキー,栄進堂
エイシンローテイト,栄進堂
エイシンロード,栄進堂
エイシンワルツ,栄進堂
エイシンワンダーズ,栄進堂
エイシンワンド,栄進堂
エイジ,瀬谷隆雄
エイジアンスター,藤田在子
エイジランナー,青芝商事
エイスオーシャン,サンデーレーシング
エイスノート,ロードホースクラブ
エイズルブルーム,北所直人
エイダイサンライズ,東振牧場
エイダンバローズ,猪熊広次
エイチエヌゼゼ,鳴田啓志
エイチエヌハーモニ,鳴田啓志
エイチエヌバンピー,鳴田啓志
エイチエヌライ,鳴田啓志
エイティーンガール,中山泰志
エイティーンローズ,中山泰志
エイトキングゴッド,岡田牧雄
エイトサウザンダー,社台レースホース
エイトスターズ,武田修
エイトビートレター,熊坂俊一
エイトマイル,ＨｉｍＲｏｃｋＲａｃｉｎｇホールディングス
エイトラック,田島榮二郎
エイトワン,大野照旺
エイノスケ,中田和宏
エイブラムス,ノルマンディーサラブレッドレーシング
エイブリー,島川隆哉
エイブル,近藤英子
エイブルボス,中澤隆
エイブルマン,田畑利彦
エイプリルインパリ,三田昌宏
エイプリルミスト,サンデーレーシング
エイヘンハールト,社台レースホース
エイペクス,ゴドルフィン
エイボンクリフ,吉田勝己
エイミーショコラ,三宅勝俊
エイミーバローズ,猪熊広次
エイミームーン,高岡浩行
エイム,ライオンレースホース
エイムアンドエンド,キャロットファーム
エイムインライフ,前田葉子
エイムトゥルー,吉田晴哉
エイムフォーエース,ＫＨレーシング
エイメイカカン,サラブレッドクラブ・ラフィアン
エイユーイーグル,笹部和子
エイユーウォーリア,笹部義則
エイユーカリーナ,笹部和子
エイユーキュート,笹部義則
エイユーグローバル,笹部和子
エイユーサクラ,笹部義則
エイユーサブリナ,笹部義則
エイユージャッカル,笹部義則
エイユージュメイラ,笹部義則
エイユースイート,笹部和子
エイユーストロング,笹部義則
エイユービューティ,笹部義則
エイユーファイヤー,笹部義則
エイユーマックス,笹部和子
エイユーマドンナ,笹部和子
エイユーミッション,笹部和子
エイユーラトゥール,笹部義則
エイヨーアイビー,柳田英子
エイヨーアメジスト,柳田英子
エイヨーカルム,柳田英子
エイヨーチャクラ,柳田英子
エイヨーニニギ,柳田英子
エイリアス,サンデーレーシング
エイル,キャロットファーム
エイルシュリー,永田博之
エイルドゥノン,永田博之
エイルリシュリュー,永田博之
エウクレイア,岡田牧雄
エウゼーン,サラブレッドクラブ・ラフィアン
エウテルペ,サンデーレーシング
エウリュアレ,永田和彦
エウロス,ミルファーム
エウロパ,コロンバスサークル
エエヤン,ニッシンホールディングス
エオアリイ,鈴木剛史
エオウィン,ダイリン
エオスモン,大和屋暁
エオナス,吉田千津
エオヒップス,前田晋二
エオリア,ゴドルフィン
エオリアンリッジ,ライオンレースホース
エオリカドーロ,ヒダカ・ブリーダーズ・ユニオン
エカテリンブルク,吉田勝己
エガオガキュート,ＧＥＴＮＥＸＴ
エガオニナッテ,東豊物産
エガオノメガミ,國分純
エガオムテキ,今村明浩
エキサイター,大嶋晃一
エキサイトバイオ,バイオ
エキストラライト,岡田牧雄
エキスパート,京都ホースレーシング
エキスパートバイオ,バイオ
エキゾチックアイズ,村野康司
エキゾチックガール,サラブレッドクラブ・ラフィアン
エギーユ,社台レースホース
エクイティ,ディアレストクラブ
エクイナンクル,ビッグレッドファーム
エクササイズ,畑佐博
エクサビット,キャロットファーム
エクサープト,水上行雄
エクシア,田原邦男
エクシダス,ニッシンホールディングス
エクスインパクト,シルクレーシング
エクスカテドラ,山上和良
エクスカリバー,田頭勇貴
エクスチェンジ,宮川純造
エクステンシヴリー,ライオンレースホース
エクステンデット,ラ・メール
エクストラオールド,新井浩明
エクストラダーク,キーウエスト
エクストラチャージ,飯田正剛
エクストラドライ,Ｇ１レーシング
エクストラノート,ノルマンディーサラブレッドレーシング
エクストラバック,Ｈ．Ｈ．シェイク・ハムダン
エクストラプッシュ,亀井哲也
エクスパートラン,キヨタケ牧場
エクスプレスナイト,ゼンショウレーシング
エクスプレッサー,キャロットファーム
エクスプロウド,ＧＥＴＮＥＸＴ
エクスプローシブ,社台レースホース
エクスペクタント,大塚亮一
エクスポーネント,鈴木芳夫
エクスマウス,社台レースホース
エクスマキナ,ビッグレッドファーム
エクスムーア,北所直人
エクセスリターン,今村明浩
エクセター,サンデーレーシング
エクセトラ,ゴドルフィン
エクセプション,鳴田啓志
エクセランソワレ,藤井亮輔
エクセランフィーユ,サンデーレーシング
エクセルアラジン,谷川正純
エクセルウェッジ,谷川正純
エクセルクラウン,谷川正純
エクセルグラン,谷川正純
エクセルゴールド,谷川正純
エクセルシオール,ノースヒルズ
エクセルスコール,谷川正純
エクセルステート,谷川正純
エクセルスパイダー,谷川正純
エクセルチェイサー,谷川正純
エクセルブラック,谷川正純
エクセルブランコ,谷川正純
エクセルボス,谷川正純
エクセルマジック,谷川正純
エクセルローグ,谷川正純
エクセレンアーサー,中野秀樹
エクセレントジェム,社台レースホース
エクセレントタイム,サンデーレーシング
エクセレントマン,田島榮二郎
エクセレントミスズ,永井啓弍
エクセレントラン,田畑利彦
エクセレンプライム,中野秀樹
エクソソーム,青山洋一
エクチュール,ターフ・スポート
エクトゥシュタール,ヒダカ・ブリーダーズ・ユニオン
エクメディクイーン,橋本慎太郎
エクメディゴールド,橋本慎太郎
エクメディダイヤ,橋本慎太郎
エクメディノツルギ,橋本慎太郎
エクメディフラワー,橋本慎太郎
エクメディレーザー,橋本慎太郎
エクメノポリス,田頭勇貴
エクラサンザレ,後藤英成
エクラディーバ,ディアレストクラブ
エクラドット,キャロットファーム
エクラドネージュ,ＤＭＭドリームクラブ
エクラノーブル,社台レースホース
エクラプリエール,鹽田久義
エクラミレネール,岡田牧雄
エクラメテオール,ノルマンディーサラブレッドレーシング
エクランドール,サンデーレーシング
エクリプスルバン,前田幸大
エクリュ,原禮子
エクリリストワール,鈴木剛史
エクリヴァン,サンデーレーシング
エクレア,安原浩司
エクレアサトリ,李柱坤
エクレアジョーイ,李柱坤
エクレアスパークル,李柱坤
エクレアスピード,李柱坤
エクレアヒカリ,李柱坤
エクレウステソーロ,了徳寺健二ホールディングス
エクレシア,ＯＵＭＡ
エクレルシー,ノースヒルズ
エクロジオン,前田幸治
エクロジャイト,サンデーレーシング
エクローサ,吉田千津
エクロール,ノースヒルズ
エクヴァータル,永嶋啓一
エグザルテーション,Ｇ１レーシング
エグジスタンス,牧埜幸一
エグジットラック,廣崎智子
エグゼクティブラン,村田裕子
エグゼクティブリリ,村田裕子
エグゾールテッド,田中勝麻
エグマリーヌ,ノースヒルズ
エグモント,ＫＡＪＩＭＯＴＯホールディングス
エグランタイン,ノースヒルズ
エグレムニ,吉田照哉
エケベリア,石瀬浩三
エコセーズ,森田和豊
エコテーラー,中西浩一
エコルフリューゲル,鈴木昌樹
エコロアイ,原村正紀
エコロアジェンダ,原村正紀
エコロアゼル,原村正紀
エコロアテナ,原村正紀
エコロアビス,原村正紀
エコロアモーレ,原村正紀
エコロアルバ,原村正紀
エコロアレス,原村正紀
エコロアーサー,原村正紀
エコロアース,原村正紀
エコロウィング,原村正紀
エコロウォーリア,原村正紀
エコロエイト,原村正紀
エコロエース,原村正紀
エコロカイザー,原村正紀
エコロカディス,原村正紀
エコロカナワン,原村正紀
エコロカレン,原村正紀
エコロガイア,原村正紀
エコロガナドール,原村正紀
エコロガノン,原村正紀
エコロガルダ,原村正紀
エコロキング,原村正紀
エコロキングダム,原村正紀
エコログラシアス,原村正紀
エコログラッツェ,原村正紀
エコログリッド,原村正紀
エコログレイス,原村正紀
エコログレイト,原村正紀
エコログレン,原村正紀
エコログロウ,原村正紀
エコログロス,原村正紀
エコログロリアス,原村正紀
エコログローリー,原村正紀
エコロゲッカ,原村正紀
エコロゴーゴー,原村正紀
エコロゴールド,原村正紀
エコロシャンティ,原村正紀
エコロシルヴィー,原村正紀
エコロシンフォニー,原村正紀
エコロシード,原村正紀
エコロジェイド,原村正紀
エコロジェネラス,原村正紀
エコロジョイアー,原村正紀
エコロジーク,原村正紀
エコロスター,原村正紀
エコロストーム,原村正紀
エコロスパーダ,原村正紀
エコロスヴァル,原村正紀
エコロセブン,原村正紀
エコロセレナ,原村正紀
エコロゼット,原村正紀
エコロゼルダ,原村正紀
エコロタイガー,原村正紀
エコロダンサー,原村正紀
エコロテッチャン,原村正紀
エコロテラ,原村正紀
エコロディアナ,原村正紀
エコロディアマンテ,原村正紀
エコロディアン,原村正紀
エコロディノス,原村正紀
エコロディバイン,原村正紀
エコロディーナ,原村正紀
エコロデイジー,原村正紀
エコロデビル,原村正紀
エコロデュエル,原村正紀
エコロデュラン,原村正紀
エコロトム,原村正紀
エコロドゥネス,原村正紀
エコロドラグーン,原村正紀
エコロドラゴン,原村正紀
エコロドリーム,原村正紀
エコロナイン,原村正紀
エコロナデシコ,原村正紀
エコロネオ,原村正紀
エコロノアール,原村正紀
エコロハート,原村正紀
エコロバロン,原村正紀
エコロファルコン,原村正紀
エコロファントム,原村正紀
エコロブラスト,原村正紀
エコロブラッサム,原村正紀
エコロブラン,原村正紀
エコロブルーム,原村正紀
エコロブレス,酒井孝敏
エコロブレード,原村正紀
エコロブレーヴ,原村正紀
エコロペガサス,原村正紀
エコロボルト,原村正紀
エコロマックス,原村正紀
エコロマリン,原村正紀
エコロマンボ,原村正紀
エコロマーズ,原村正紀
エコロマーベリック,原村正紀
エコロミューズ,原村正紀
エコロメジャー,原村正紀
エコロライジン,原村正紀
エコロラヴァー,原村正紀
エコロラーダ,原村正紀
エコロルキナ,原村正紀
エコロレイズ,原村正紀
エコロレオナ,原村正紀
エコロレジーナ,原村正紀
エコロレバン,原村正紀
エコロレーヴ,原村正紀
エコロワカ,原村正紀
エコロワンダー,原村正紀
エコロヴァイス,原村正紀
エコロヴァルツ,原村正紀
エコロヴァルド,原村正紀
エコロヴァルム,原村正紀
エコロヴィーガ,原村正紀
エコールナヴァール,サンデーレーシング
エゴンウレア,石瀬浩三
エザルターレ,ヒダカ・ブリーダーズ・ユニオン
エシェックオロワ,吉田照哉
エシェロン,ミルファーム
エシカル,吉田和美
エジステンツァ,社台レースホース
エジプシャンブルー,シルクレーシング
エジプシャンマウ,シルクレーシング
エスオーライアン,岡本昌市
エスオーライジング,岡本昌市
エスオールージュ,岡本昌市
エスカッション,米津佳昭
エスカペード,佐藤壽男
エスカミーリョ,シルクレーシング
エスカラムサ,ゴドルフィン
エスカラーチェ,石川眞実
エスカル,前田幸治
エスカルチャ,ゴドルフィン
エスカルラータ,Ｇ１レーシング
エスカレイト,中村祐子
エスカレーション,松田整二
エスカレードフジ,ライオンレースホース
エスキシータ,吉田晴哉
エスキモーギャル,吉田千津
エスクアドラ,サンデーレーシング
エスクリトーラス,加藤厚子
エスクルシオーネ,中村祐子
エスグラシア,ノルマンディーサラブレッドレーシング
エスケイイーグル,伊藤輔則
エスケイカイザー,伊藤輔則
エスケイサムソン,伊藤輔則
エスケイダンサー,伊藤輔則
エスケイペガサス,伊藤輔則
エスケイムーン,伊藤輔則
エスケンシャトル,橋本忠雄
エスケンダンス,石瀬浩三
エスケーアタランタ,菅藤孝雄
エスケークラウン,菅藤宗一
エスコバル,吉田和美
エスコビージャ,キャロットファーム
エスコフィオン,吉田照哉
エスコルチア,ノルマンディーサラブレッドレーシング
エスコーバタハト,ディアレストクラブ
エスコーラ,吉田和美
エスシーアルベル,工藤圭司
エスシーカリファ,工藤圭司
エスシークザン,工藤圭司
エスシーケイミー,工藤圭司
エスシーシリュウ,工藤圭司
エスシーバスター,工藤圭司
エスシービクトリア,工藤圭司
エスシービビ,工藤圭司
エスシーボニー,工藤圭司
エスシーミホーク,工藤圭司
エスシーヤマト,工藤圭司
エスシールージュ,工藤圭司
エスシーレイジュ,工藤圭司
エスシーレベッカ,工藤圭司
エスシーヴァローナ,工藤圭司
エスシーヴィオラ,工藤圭司
エスジージーン,後藤貞夫
エスジースパークル,後藤貞夫
エスジープリンセス,後藤貞夫
エスジーリカチャン,後藤貞夫
エスタア,金子真人ホールディングス
エスタジ,吉田勝己
エスタス,フクキタル
エスタトゥイル,水上ふじ子
エスタビエン,大冨智弘
エスタボニート,服部知明
エスタンシア,キャロットファーム
エスタンピージャ,ノルマンディーサラブレッドレーシング
エスターテ,グリーンスウォード
エスティエレガント,田畑利彦
エスティタート,キャロットファーム
エスティパヴォ,田畑利彦
エスティメート,ミルファーム
エスティヴァリス,社台レースホース
エスティーム,岡田繁幸
エステラ,前田晋二
エスデス,田原邦男
エスト,大島昌也
エストゥペンダ,ＶｉｒｉｄｉａｎＫｅｉｂａＣｌｕｂ
エストスペリオル,社台レースホース
エストソール,橋川欣司
エストラテーガ,ノルマンディーサラブレッドレーシング
エストラーダ,名古屋友豊
エストラード,島川隆哉
エストリル,東堂レーシング
エストレアブランカ,ワタナベホールディングス
エストレアボニータ,Ｇ１レーシング
エストレヤデベレン,シルクレーシング
エストレラブランコ,ディアレストクラブ
エストレラブレイン,エンジェルレーシング
エストレリータ,三田昌宏
エストレーモシチー,友駿ホースクラブ
エストロ,サンデーレーシング
エスニックソング,ゴドルフィン
エスパダアスール,アスール
エスパノーラ,島川隆哉
エスパー,石川達絵
エスピリトゥオーゾ,名古屋友豊
エスピリバイオ,バイオ
エスプラネード,保坂和孝
エスプランデル,サンデーレーシング
エスプリゾーン,村上稔
エスプロジオーネ,岡田牧雄
エスペシャリー,広尾レース
エスペシャルストア,ヤナガワ牧場
エスペランサスカイ,江上幸隆
エスペランサフラグ,クラウン
エスペランサボス,江上幸隆
エスペランサリュウ,江上幸隆
エスペランサルル,江上幸隆
エスペラント,キャロットファーム
エスペラード,ゲートイン
エスペルト,ラ・メール
エスポワール,近藤英子
エスポワールエール,サンデーレーシング
エスポワールドロワ,滝沢裕也
エスポワールミノル,吉岡實
エスミラクル,グランド牧場
エスリーア,中村智幸
エセルフリーダ,高橋文男
エソテリック,ミルファーム
エソラ,堀口晴男
エゾダイモン,藤田晋
エタニティマリー,村島昭男
エタニティーワルツ,村島昭男
エタリオウ,Ｇリビエール・レーシング
エタンセル,Ｇリビエール・レーシング
エターナリー,吉田晴哉
エターナルギア,兼松康太
エターナルシルバー,広尾レース
エターナルジェイド,ブルースターズファーム
エターナルスノー,ノルマンディーサラブレッドレーシング
エターナルタイム,サンデーレーシング
エターナルダイヤ,鈴木芳夫
エターナルディーバ,社台レースホース
エターナルハート,ＤＭＭドリームクラブ
エターナルバディ,キーファーズ
エターナルパール,鈴木芳夫
エターナルビクトリ,キヨタケ牧場
エターナルビジョン,東豊物産
エターナルピース,キャロットファーム
エターナルフレイム,岡田牧雄
エターナルブルー,ヒダカ・ブリーダーズ・ユニオン
エターナルブレイズ,レッドマジック
エターナルプライド,伊東純一
エターナルプロミス,シルクレーシング
エターナルホープ,永井廣司
エターナルボンド,社台レースホース
エターナルポピー,高昭牧場
エターナルライズ,池谷誠一
エターナルルビー,鈴木芳夫
エターナルローズ,ターフ・スポート
エターナルヴィテス,永井廣司
エチゴドラゴン,梶山高志
エチャケナ,吉野英子
エチュード,島川隆哉
エッカート,ノースヒルズ
エッグスラット,Ｇ１レーシング
エッグハント,ゴドルフィン
エッグベネディクト,ローレルレーシング
エッシャー,小田吉男
エッジアキュート,程田真司
エッジオブジアース,ＫＲジャパン
エッジランナー,安原浩司
エッジースタイル,サンデーレーシング
エッセイ,ゴドルフィン
エッセレンチ,三嶋牧場
エッセンシャリティ,Ｇ１レーシング
エッセンシャル,平本敏夫
エッセンシャルワン,ＮＩＣＫＳ
エッセンス,本間茂
エッセンツァ,吉田勝己
エッチェレンテ,吉田勝己
エットトゥカム,ミルファーム
エティエンヌ,岡田牧雄
エテオクロス,会田浩史
エテルナ,小林博雄
エテルナミノル,吉岡實
エテルナメンテ,ゴドルフィン
エテルニテ,青山洋一
エテルニータ,大塚亮一
エテルネル,ゴドルフィン
エテルノアキーロ,八巻弘一
エテルノレガーメ,グリーンファーム
エテレインミノル,吉岡實
エディストーン,シルクレーシング
エディッタ,大樹ファーム
エデバリ,小原準一郎
エデュース,水上行雄
エデリー,ゴドルフィン
エデルクローネ,キャロットファーム
エトナ,岡田牧雄
エトルディーニュ,柴原榮
エトワルポレール,北星村田牧場
エトワール,近藤英子
エトワールジェンヌ,福盛訓之
エトワールドパリ,グリーンファーム
エトワールハマー,浜田幸一
エトワールフィーユ,ノルマンディーサラブレッドレーシング
エトワールブリエ,ロードホースクラブ
エトワールブルー,三石川上牧場
エトワールブーケ,赤阪治恒
エトワールマタン,丹羽久一郎
エトワールミノル,吉岡實
エトヴァス,薪浦亨
エトヴプレ,Ｈ．Ｈ．シェイク・ハムダン
エトーソ,吉田照哉
エドウィンナルコ,吉田和美
エドノアンジェラス,遠藤喜松
エドノカゼ,福田光博
エドノスカッシュ,遠藤喜松
エドノトップラン,遠藤喜松
エドノバイオレット,遠藤喜松
エドノフェリーチェ,遠藤喜松
エドノレジェンド,遠藤喜松
エドワーズクラウン,シルクレーシング
エドワードバローズ,猪熊広次
エナアニマル,宮原廣伸
エナキョウ,宮原廣伸
エナクローム,宮原廣伸
エナグリン,宮原廣伸
エナジーアユ,北側雅司
エナジーイッセイ,キャピタル・システム
エナジーガンツ,キャピタル・システム
エナジーグラン,福盛訓之
エナジーショット,下河辺隆行
エナジースイッチ,キャピタル・システム
エナジーチャイム,シルクレーシング
エナジーピエトラ,キャピタル・システム
エナジーフォルテ,キャピタル・システム
エナジーボーイ,桑畑夏美
エナジーポケット,キャピタル・システム
エナジーポコアポコ,キャピタル・システム
エナジーラピス,キャピタル・システム
エナジーループ,キャピタル・システム
エナジーロッソ,キャピタル・システム
エナジーロマネスク,キャピタル・システム
エナスティール,谷和光彦
エナドライブ,宮原廣伸
エナノキセキ,桑畑夏美
エナノムスメ,桑畑夏美
エナハツホ,宮原廣伸
エナホープ,宮原廣伸
エナミルク,宮原廣伸
エナモーニン,宮原廣伸
エニアグラム,小林英一ホールディングス
エニグマ,石瀬浩三
エニグマティーク,吉田勝己
エニグマバリエート,平井裕
エニシ,パニオロ
エニシノウタ,岡浩二
エニシャル,石瀬浩三
エニシングゴース,田島榮二郎
エニーアース,フィールドレーシング
エニーサンダー,前川俊行
エニーデイナウ,三嶋牧場
エヌタキオン,成富直行
エヌタンホイザー,成富直行
エヌマエリシュ,吉田勝己
エヌワイパフューム,サンアンドコム
エネスク,節英司
エネルゲイア,矢野恭裕
エネルジコ,シルクレーシング
エネルムサシ,鈴木康弘
エノラブエナ,近藤英子
エハバンディーア,野嶋祥二
エバイダンス,ノースヒルズ
エバニスタ,畑佐博
エバンタイユドール,井上久光
エバーアリエル,宇田豊
エバーウインド,ノルマンディーサラブレッドレーシング
エバークリア,ノースヒルズ
エバーグリーン,石川秀守
エバーグルーヴ,宇田豊
エバーグレイト,宇田豊
エバーグロー,寺田寿男
エバーサニーハート,堀口晴男
エバーシャドネー,宇田豊
エバーシャンティ,宇田豊
エバースカーレット,宇田豊
エバーステイ,宇田豊
エバーハピネス,宇田豊
エバーハンティング,宇田豊
エバーバリュー,宇田豊
エバーパッション,宇田豊
エバービクトリアス,大塚亮一
エバーフレイム,宇田豊
エバーフレッシュ,シルクレーシング
エバーブラック,宇田豊
エバープリンセス,宇田豊
エバーマノ,宇田豊
エバーミランダ,宇田豊
エバーメテオ,スピードファーム
エバーラスト,古賀和夫
エヒト,平井裕
エビスディアーナ,加藤晃央
エビュレンス,小林竜太郎
エピキュール,江馬由将
エピクレーシス,吉田千津
エピストゥラ,ＳＴレーシング
エピックアン,ＴＵＲＦレーシング
エピックウォリアー,内田滋三
エピックガール,雅苑興業
エピッククイーン,ＤＭＭドリームクラブ
エピックサイクル,社台レースホース
エピックジャーニー,ＹＧＧホースクラブ
エピックジョイ,ノースヒルズ
エピックスター,子安裕樹
エピックストーリー,シルクレーシング
エピックデイ,京都ホースレーシング
エピックナイト,福田達也
エピックヒーロー,三嶋牧場
エピックライズ,村上稔
エピデンドラム,グリーンファーム
エピファドール,インゼルレーシング
エピファニアペスカ,山田信太郎
エピファニー,シルクレーシング
エピファランド,藤田晋
エピファレーヌ,広尾レース
エピプランセス,サンデーレーシング
エピメテウス,吉田勝己
エピューレ,ノースヒルズ
エピローグ,藤田好紀
エファセデリエール,吉田千津
エファルジェント,吉田晴哉
エフェクトオン,社台レースホース
エフエイト,野村一雄
エフォートラン,岡村善行
エフォートレス,ライオンレースホース
エフジョイナー,ＨｉｍＲｏｃｋＲａｃｉｎｇホールディングス
エフジーノット,シルクレーシング
エフティアテナ,吉野英子
エフティイライザ,吉野英子
エフティイーリス,吉野英子
エフティエトワール,吉野英子
エフティクルーク,吉野英子
エフティゲイル,吉野英子
エフティスパークル,吉野英子
エフティハヤテ,吉野英子
エフティレーヴ,吉野英子
エフティヴェント,吉野弘司
エフハリスト,ロードホースクラブ
エフフォーリア,キャロットファーム
エフボマ,藤田孟司
エフルラージュ,ノースヒルズ
エフロレセンス,ゴドルフィン
エブアンドフロウ,ゴドルフィン
エブライト,エースレーシング
エブリデイ,馬目勇
エブリバディ,中西功
エブリモーメント,深見富朗
エブリワンブラック,ＤＭＭドリームクラブ
エブリーエックス,深見富朗
エブリーポッシブル,Ｇ１レーシング
エプルシャージュ,サンデーレーシング
エベリンテソーロ,了徳寺健二ホールディングス
エベレストテソーロ,了徳寺健二ホールディングス
エベーヌ,広尾レース
エペ,カナヤマホールディングス
エボカシオン,森田藤治
エボニー,前田幸治
エボニーウイング,シルクレーシング
エボニードール,飯田正剛
エボルヴィング,キャロットファーム
エポエポサン,大和屋暁
エポカスピーガ,加藤誠
エポカドーロ,ヒダカ・ブリーダーズ・ユニオン
エポカリーナ,山口敦広
エポカルモナーク,岡田牧雄
エポック,吉澤克己
エポックヴィーナス,山田有暉朗
エポドスミノル,吉岡實
エポナ,六井元一
エポニーヌ,山本武司
エポペア,ゴドルフィン
エマウリオマレプ,ミルファーム
エマダイヤモンド,小田吉男
エマニエル,中辻明
エマヌエーレ,丸山担
エマブルーム,横瀬兼二
エマリオンレイ,谷川世樹
エマルジョン,グリーンスウォード
エマロア,丸山担
エマージェンス,小山大介
エマージングロール,吉田晴哉
エマープ,社台レースホース
エミサキホコル,亀岡和彦
エミサソウツバサ,亀岡和彦
エミネンス,カナヤマホールディングス
エミネントキャリア,吉田千津
エミネントローズ,ビッグレッドファーム
エミフルソウタ,亀岡和彦
エミュー,前田幸治
エミークイーン,小関昭次
エミージョ,木村廣太
エミーブリッツ,今井優
エミーラ,寺田寿男
エミーリオ,加藤誠
エムアイグランツ,岩崎充利
エムアイブレイズ,岩崎充利
エムアイプレスト,岩崎充利
エムアイマシュー,岩崎充利
エムアイリーズン,岩崎充利
エムオーグリッタ,大浅貢
エムオーシャトル,大浅貢
エムオータイショウ,大浅貢
エムオーチロ,門別牧場
エムオーマスク,大浅貢
エムオーマックス,大浅貢
エムオールビー,大浅貢
エムオーワンダー,大浅貢
エムケイゴールド,北前孔一郎
エムシージャドゥ,ミルファーム
エムズ,エムズレーシング
エムズオルフェ,本谷兼三
エムズシップ,本谷兼三
エムズジャガー,柴田実千代
エムズドリーム,本谷兼三
エムズビギン,エムズレーシング
エムズフラッシュ,本谷兼三
エムズブランコ,本谷兼三
エムズマインド,本谷兼三
エムズマン,扇寿堂
エムティアン,門別牧場
エムティエスターテ,門別牧場
エムティガジュマル,門別牧場
エムティキング,門別牧場
エムティゲラン,門別牧場
エムティヒララ,門別牧場
エムティリオ,門別牧場
エムティリラ,門別牧場
エムティレグルス,門別牧場
エムティーカイザ,門別牧場
エムティースマイル,丸山輝城
エムティーリアン,門別牧場
エムティーロゼッタ,丸山輝城
エムテイオー,大野剛嗣
エムテイフラッシュ,谷岡正次
エムテイロード,谷岡正次
エムノビアンカ,エム・ケー・ホース
エムバランス,ＫＲジャパン
エムピーフリップ,上田正人
エムフォー,犬塚悠治郎
エムラム,吉田安惠
エムリエール,村上憲政
エメイン,ノースヒルズ
エメイヴェイモン,前田幸大
エメトアムール,中村祐子
エメラダ,ゴールドアップ・カンパニー
エメラルアポロン,高橋勉
エメラルエナジー,高橋勉
エメラルスター,高橋勉
エメラルセシリア,高橋勉
エメラルディ,ＹＧＧホースクラブ
エメラルドアゲン,浅川皓司
エメラルドカット,山上和良
エメラルドクーラー,水上行雄
エメラルドシティー,杉山忠国
エメラルドスピアー,社台レースホース
エメラルドテソーロ,了徳寺健二ホールディングス
エメラルドビーチ,ゴドルフィン
エメラルドフィジー,スピードファーム
エメラルドライン,今村明浩
エメラルドラグーン,田頭勇貴
エメラルハッピー,高橋勉
エメラルファイト,高橋勉
エメラルファイン,高橋勉
エメラルホープ,高橋勉
エメラヴィ,桑田牧場
エメリヨン,社台レースホース
エメルヴェイエ,Ｇ１レーシング
エメヴィベール,ライオンレースホース
エラガバリウム,吉田和美
エラキス,下河辺牧場
エラシコ,今村明浩
エラディケイター,加藤誠
エラトステネス,ディアレスト
エラトー,サンデーレーシング
エラルディーク,社台レースホース
エラン,金子真人ホールディングス
エランティス,ヒダカ・ブリーダーズ・ユニオン
エランフェーヴル,廣崎智子
エランヴィータ,野田努
エラーブル,大塚亮一
エリアントゥス,尾上寿夫
エリオステモン,キャロットファーム
エリオット,吉澤ホールディングス
エリオトローピオ,サラブレッドクラブ・ラフィアン
エリカアズーラ,三木正浩
エリカアンディーヴ,三木正浩
エリカエクスプレス,三木正浩
エリカエクラ,唐澤絵里加
エリカエスティーム,三木正浩
エリカエレガンテ,三木正浩
エリカカリーナ,三木正浩
エリカキルシェ,三木正浩
エリカグロリア,三木正浩
エリカコレクト,三木正浩
エリカサファイア,唐澤絵里加
エリカサンタモニカ,唐澤絵里加
エリカシャンス,唐澤絵里加
エリカステラ,三木正浩
エリカソレイユ,三木正浩
エリカドリーム,三木正浩
エリカバイラ,三木正浩
エリカビアリッツ,三木正浩
エリカビーナス,唐澤絵里加
エリカフェリーチェ,三木正浩
エリカフォンテーヌ,三木正浩
エリカブライト,三木正浩
エリカブルージュ,三木正浩
エリカボニータ,三木正浩
エリカポラリス,唐澤絵里加
エリカマユーリ,三木正浩
エリカマルゲリータ,唐澤絵里加
エリカマルセイユ,三木正浩
エリカリーシャン,三木正浩
エリカルツェルン,三木正浩
エリカルーチェ,三木正浩
エリカヴァリエンテ,三木正浩
エリカヴァレリア,三木正浩
エリカヴィータ,三木正浩
エリカヴェネチア,三木正浩
エリカヴェローナ,三木正浩
エリキング,藤田晋
エリザベスタウン,山川憲彦
エリザベスタワー,社台レースホース
エリザベスバローズ,猪熊広次
エリザベスベイ,シルクレーシング
エリザベスミノル,吉岡實
エリジウム,山上和良
エリジブル,ターフ・スポート
エリスグリ,中西功
エリステソーロ,了徳寺健二ホールディングス
エリスライト,キャロットファーム
エリセイラ,シルクレーシング
エリソン,吉田和美
エリタージュシチー,友駿ホースクラブ
エリタージュソング,ノルマンディーサラブレッドレーシング
エリダヌス,ビッグレッドファーム
エリックバローズ,猪熊広次
エリツィーノ,吉田照哉
エリティエール,キャロットファーム
エリナ,平井裕
エリナイトニケ,星野壽市
エリプティクカーブ,池谷誠一
エリム,ネコメンレーシング
エリモグリッター,山本三津子
エリモジパング,山本三津子
エリュグレイス,吉本雄二
エリュシデータ,レッドマジック
エリュテイア,ウエスト．フォレスト．ステイブル
エリンアキレウス,田頭勇貴
エリンアクトレス,田頭勇貴
エリンクロノス,田頭勇貴
エリンジウム,福田光博
エリンスパークル,田頭勇貴
エリンズロマーネ,吉田照哉
エリンピチカート,田頭勇貴
エリンフレーム,田頭勇貴
エリンヘラクレス,田頭勇貴
エリーアワード,谷川正純
エリーウェイ,谷川正純
エリーキャナル,ロードホースクラブ
エリークラウン,谷川正純
エリーグランプリ,谷川正純
エリーグローリー,谷川正純
エリーゴールド,谷川正純
エリーザベト,菅原広隆
エリーステラ,谷川正純
エリーストーム,谷川正純
エリースノー,谷川正純
エリーズタイフーン,二口雅一
エリーズダイヤ,青芝商事
エリーティアラ,谷川正純
エリーテソーロ,了徳寺健二ホールディングス
エリーナストーム,フィールドレーシング
エリーニック,谷川正純
エリーバラード,谷川正純
エリーピクシー,谷川正純
エリーピコット,谷川正純
エリーフェアリー,谷川正純
エリーフォース,谷川正純
エリーブリーズ,谷川正純
エリープラネット,谷川正純
エリーベル,谷川正純
エリーリング,谷川正純
エルアン,ＴＵＲＦレーシング
エルイエロ,小谷津延弘
エルオレンス,磯波勇Ｆ
エルオンセ,ライオンレースホース
エルカスティージョ,キャロットファーム
エルカミーノ,山口裕介
エルカリエンテ,金子真人ホールディングス
エルカーノ,カナヤマホールディングス
エルガナドール,久保博文
エルキュール,ノルマンディーサラブレッドレーシング
エルキーオ,ディアレストクラブ
エルクリード,磯波勇Ｆ
エルクレスタワー,岡田牧雄
エルグレコ,池谷誠一
エルゲルージ,犬塚悠治郎
エルゴルド,幅田昌伸
エルサトアナ,三石川上牧場
エルサビオ,キャロットファーム
エルサフィーロ,キャロットファーム
エルサーレアル,京都ホースレーシング
エルザストラウム,社台レースホース
エルシオン,磯波勇Ｆ
エルシノア,杵臼牧場
エルスネル,シルクレーシング
エルズリー,ノルマンディーサラブレッドレーシング
エルセントロ,吉田照哉
エルセンブルグ,サンデーレーシング
エルゼロ,磯波勇Ｆ
エルソール,吉澤ホールディングス
エルダークローネ,京都ホースレーシング
エルダーサイン,サンデーレーシング
エルチェリーナ,ターフ・スポート
エルツィオーネ,カナヤマホールディングス
エルティグレ,桑田牧場
エルデ,名古屋友豊
エルディアナ,シルクレーシング
エルディアブロ,社台レースホース
エルデストサン,大和屋暁
エルデスペラード,京都ホースレーシング
エルデュクラージュ,キャロットファーム
エルデリュミエール,ヒダカ・ブリーダーズ・ユニオン
エルトンバローズ,猪熊広次
エルドジュリエーネ,サラブレッドクラブ・ラフィアン
エルドボルグ,サンデーレーシング
エルドラゴ,ラ・メール
エルドラド,田頭勇貴
エルナト,吉田勝己
エルニド,ノースヒルズ
エルニーニョ,栗田知幸
エルハーベン,吉田勝己
エルバステラ,吉田勝己
エルバリオ,サンデーレーシング
エルバルーチェ,佐々木雄二
エルパソ,磯波勇Ｆ
エルビッシュ,吉田勝己
エルピス,キャロットファーム
エルピスノヴァ,塚田義広
エルピド,ディアレストクラブ
エルピーゾ,京都ホースレーシング
エルピーダ,シルクレーシング
エルファシル,山口裕介
エルファリス,ノルマンディーサラブレッドレーシング
エルファルコン,三嶋牧場
エルフィンドール,静内白井牧場
エルフェニックス,京都ホースレーシング
エルフォルク,キャロットファーム
エルフサイエン,加藤徹
エルフストラック,サンデーレーシング
エルフバローズ,猪熊広次
エルフレスアリー,下河辺牧場
エルブルスシチー,友駿ホースクラブ
エルプシオン,ノルマンディーサラブレッドレーシング
エルプシャフト,浦野和由
エルプロフェッサー,東豊物産
エルポルラド,加藤裕司
エルマスデセーニ,村尾賢二
エルマスフエルテ,増山武志
エルマーゴ,長谷川祐司
エルミラージュ,サンデーレーシング
エルミー,多田賢司
エルムラント,村木隆
エルメニア,サンデーレーシング
エルメーム,ラ・メール
エルモアットーレ,ノルマンディーサラブレッドレーシング
エルモサカスターノ,栗本篤志
エルモサミオ,山口功一郎
エルモサメロディア,名古屋友豊
エルモッソペンドロ,Ｇ１レーシング
エルモドンナ,草間庸文
エルモドーロ,窪田芳郎
エルモフィオーレ,草間庸文
エルモンストロ,三嶋牧場
エルラティオ,Ｇ１レーシング
エルリオ,磯波勇Ｆ
エルリストン,Ｇ１レーシング
エルル,風早信昭
エルヴ,永田和彦
エルヴィオラ,大塚亮一
エルヴィッタ,吉田照哉
エルヴィラブレイン,エンジェルレーシング
エルーシア,サラブレッドクラブ・ラフィアン
エレアイム,サンデーレーシング
エレウテリア,和田牧場
エレオス,Ｇ１レーシング
エレオノール,中村昭博
エレガンシア,広尾レース
エレガンスアスク,廣崎利洋ＨＤ
エレガンスドパリ,グリーンファーム
エレガンスルブラ,サンデーレーシング
エレガンテ,平川浩之
エレガンテレイナ,グリーンファーム
エレガントウインク,酒井孝敏
エレガントエルフ,岡田牧雄
エレガントオーラ,田畑利彦
エレガントギフト,長谷川祐司
エレガントクラウン,杉山忠国
エレガントクルーズ,サンデーレーシング
エレガントジェシー,鈴木義孝
エレガントステップ,ターフ・スポート
エレガントチャーム,Ｇ１レーシング
エレガントヒロイン,吉田照哉
エレガントファラオ,増田和啓
エレガントフルール,グリーンスウォード
エレガントプルーフ,小島章義
エレガントミッシー,伊東純一
エレガントムーン,サンデーレーシング
エレガントメイデン,福盛訓之
エレガントモダン,廣崎双葉
エレガントラウル,ディアレストクラブ
エレガントルビー,ターフ・スポート
エレガントヴォイス,吉田照哉
エレクトス,ヒダカ・ブリーダーズ・ユニオン
エレクトリックブギ,社台レースホース
エレクトリファイド,青芝商事
エレクトロニカ,社台レースホース
エレクトロポップ,社台レースホース
エレクトロワールド,山口裕介
エレクトロン,ミルファーム
エレグア,豊井義次
エレスチャル,ディアレストクラブ
エレスレイプニル,島川隆哉
エレダール,グリーンファーム
エレディア,中村祐子
エレディターレ,京都ホースレーシング
エレナアヴァンティ,加藤裕司
エレナユニヴァース,上山牧
エレナレジーナ,広尾レース
エレノアサンライズ,松岡隆雄
エレパイオ,サラブレッドクラブ・ラフィアン
エレファンタ,飯田正剛
エレファンティネ,下河辺隆行
エレフセリア,サラブレッドクラブ・ラフィアン
エレベル,吉田照哉
エレボアブランシュ,サンデーレーシング
エレメンタル,カナヤマホールディングス
エレモフィラ,荻伏服部牧場
エレレラナキラ,丹羽裕正
エレンディル,ダイリン
エレンバローズ,猪熊広次
エレンボーゲン,シルクレーシング
エレヴァテッツァ,サンデーレーシング
エレヴァルアスール,アスール
エレヴァージュ,サンデーレーシング
エレヴァート,ノースヒルズ
エレーデサンライズ,ライフハウス
エロイーズ,金子真人ホールディングス
エロース,前田葉子
エン,岡田繁幸
エンエルヴィエント,街風隆雄
エンカウンターベイ,ゴドルフィン
エンカンタドーラ,カナヤマホールディングス
エンカンターダ,ノースヒルズ
エンギダルマ,星野壽市
エンクエントロス,山口裕介
エングルマン,吉田和美
エングレーバー,キャロットファーム
エングローサー,中村忠彦
エンゲルシュピール,鈴木昌樹
エンゲルヘン,サラブレッドクラブ・ラフィアン
エンゲルベルク,スピードファーム
エンゲージプライド,ヒダカ・ブリーダーズ・ユニオン
エンゲージリング,ミルファーム
エンシェントアイル,キャロットファーム
エンシャントヌーン,永見貴昭
エンシャントロア,ノルマンディーサラブレッドレーシング
エンシュラウド,ゴドルフィン
エンジェライト,谷口祐人
エンジェリックアイ,社台レースホース
エンジェルインメイ,谷口祐人
エンジェルエナ,桑畑夏美
エンジェルカナ,ブルースターズファーム
エンジェルグラース,ターフ・スポート
エンジェルサン,ブルースターズファーム
エンジェルサークル,吉田照哉
エンジェルシリカ,前田幸大
エンジェルスアスク,廣崎利洋ＨＤ
エンジェルスター,ブルースターズファーム
エンジェルステアー,平井裕
エンジェルスノー,ゴドルフィン
エンジェルスマイル,山口功一郎
エンジェルズキッス,長浜牧場
エンジェルズライン,島井新一郎
エンジェルティアラ,ノルマンディーサラブレッドレーシング
エンジェルトリガー,山田有暉朗
エンジェルハート,スリースターズレーシング
エンジェルブリーズ,フジワラ・ファーム
エンジェルボイス,ノースヒルズ
エンジェルボヌール,福本次雄
エンジェルマーク,ＤＭＭドリームクラブ
エンジェルモモ,新木鈴子
エンジェルラウンド,吉田勝己
エンジェルラダー,前田幸治
エンジニア,高嶋祐子
エンジョイ,島川隆哉
エンジョイドアスク,廣崎利洋ＨＤ
エンジョイドライブ,田島政光
エンスエーニョ,サンデーレーシング
エンスロール,社台レースホース
エンスージアズム,吉田照哉
エンセリオ,ノースヒルズ
エンゼルサンライズ,松岡隆雄
エンゼルバイオ,バイオ
エンゼルランプ,小林竜太郎
エンタイトルド,社台レースホース
エンタブラチュア,山本剛士
エンタングルメント,ゴドルフィン
エンダウメント,ゴドルフィン
エンダードラゴン,インゼルレーシング
エンチャンテッド,田頭勇貴
エンチャント,中村祐子
エンチャントリバー,吉田照哉
エンツォ,小山大介
エンツォウーノ,廣崎智子
エンテレケイア,小田吉男
エンデミズム,窪田芳郎
エンデュミオン,ターフ・スポート
エンデューロ,シルクレーシング
エントシャイデン,前田幸治
エントラップメント,ＯＵＭＡ
エントラーテ,吉田智
エントリーコード,小林英一ホールディングス
エントリーチケット,サラブレッドクラブ・ラフィアン
エントルード,京都ホースレーシング
エントロピー,ビッグレッドファーム
エンドウノハナ,瀬谷隆雄
エンドステージ,岡田牧雄
エンドゾーンダンス,尾上寿夫
エンドレスクライ,畑佐博
エンドレスコール,キャロットファーム
エンドレスサマー,フィールドレーシング
エンドレスバンカー,増田和啓
エンドレスレイン,丸山担
エンドレスロード,前田幸貴
エンドロール,石川秀守
エンドーツダ,望月雅博
エンネ,谷川牧場
エンハンス,平田修
エンバーク,吉田照哉
エンバース,飯田良枝
エンパイアウエスト,吉田勝己
エンパイアカラー,吉澤ホールディングス
エンパイアシュアー,ターフ・スポート
エンパイアステート,ゴドルフィン
エンパイアブレイズ,小原準一郎
エンパイアブーケ,サンデーレーシング
エンパイアミライ,田畑利彦
エンパシー,岡浩二
エンパス,鈴木康弘
エンパワーメント,吉田照哉
エンピリカルルール,岡田牧雄
エンピレオ,社台レースホース
エンファサイズ,社台レースホース
エンフォーサー,ＹＧＧホースクラブ
エンブルーシャ,奥雅哉
エンブレイスメント,諸江幸祐
エンブレムコード,山口功一郎
エンブレムボム,サヴァイブホースレーシング
エンブロイダリー,シルクレーシング
エンプティチェア,江馬由将
エンプレスアロー,村山忠弘
エンプレスケー,ザ・チャンピオンズ
エンプレスソウル,吉田勝己
エンプレスツリー,楠本勝美
エンプレスフレーム,ターフ・スポート
エンプレスペイ,ＤＭＭドリームクラブ
エンベッカ,キャロットファーム
エンベルト,八嶋長久
エンペザー,リーヴァ
エンペラーズソード,岡田牧雄
エンペラーズパレス,山上和良
エンペラーワケア,草間庸文
エンペラーワルツ,岡田牧雄
エンマ,村木慎吾
エンムスビ,岡浩二
エンヤラヴフェイス,ＳＴレーシング
エンライ,江川伸夫
エンライトメント,ミルファーム
エンランブ,増山武志
エンリグロリア,谷口悦一
エンルートフライト,シルクレーシング
エンレイ,辻牧場
エンロサディラ,スピードファーム
エンヴァール,寺田千代乃
エンヴィーミー,前田幸大
エンヴェロップ,中村伊三美
エヴァイエ,ノースヒルズ
エヴァキュアン,加藤誠
エヴァジョーネ,社台レースホース
エヴァラック,野田善己
エヴァン,前田幸治
エヴァンゲーリウム,田頭勇貴
エヴァンジェリーナ,サンデーレーシング
エヴァンスウィート,佐々木主浩
エヴァンスベイ,社台レースホース
エヴァーガーデン,コスモヴューファーム
エヴィエイション,ゴドルフィン
エヴィエニス,小田吉男
エヴィダンシア,吉田勝己
エヴィーヴァ,キャロットファーム
エヴェリン,ノースヒルズ
エヴォリューション,岡田隆寛
エヴリーサンクス,フィールドレーシング
エーアイ,サンコウ牧場
エーアイキリシマ,西村新一郎
エーアイクワイ,Ｃ２Ｍ
エーアイダンサー,岡田壮史
エーアイラピド,Ｃ２Ｍ
エーオ,辻助
エーオーキング,ネクストトライ
エーオークイーン,ネクストトライ
エーオープリマ,ネクストトライ
エーグルドール,ライオンレースホース
エーケーリターン,桂土地
エースアビリティ,プレミアムレースホース
エースアンドキング,阿部友弘
エースインザハート,西村隆平
エースオブエース,ゴドルフィン
エースオブゴールド,木部厳生
エースオブスペーズ,ヒダカ・ブリーダーズ・ユニオン
エースオブハーツ,スリースターズレーシング
エースピード,高橋ファーム
エースフライト,ＤＭＭドリームクラブ
エースレイジング,三浦勝仁
エースロッカー,西森功
エースヲネラエ,ミルファーム
エーティーキンセイ,荒木徹
エーティーゴーオー,荒木徹
エーティーサンダー,荒木徹
エーティーシリウス,荒木徹
エーティースイセイ,荒木徹
エーティースピカ,菅藤孝雄
エーティーソブリン,杉浦敏夫
エーティータキオン,小澤徳定
エーティーツヨシ,荒木徹
エーティードセイ,荒木徹
エーティーボストン,荒木徹
エーティーマクフィ,岡田隆寛
エーティーメジャー,荒木徹
エーティーラッセン,荒木徹
エーティーロンドン,荒木徹
エーテルノカゼ,藤田岳彦
エーデル,藤沼利夫
エーデルクラフト,キャロットファーム
エーデルサンライズ,松岡隆雄
エーデルシュタイン,田頭勇貴
エーデルゼーレ,社台レースホース
エーデルハイ,平川三津
エーデルフォルム,吉田照哉
エーデルブルーメ,シルクレーシング
エーデルムート,ディアレストクラブ
エーデルワイス,ノースヒルズ
エーデルヴェーグ,サンデーレーシング
エートラックス,サンデーレーシング
エートレイン,千明牧場
エーパステソーロ,了徳寺健二ホールディングス
エーピーポエティス,琴浦諒
エープラス,辻牧場
エーポス,フジワラ・ファーム
エーモサイサイ,内田玄祥
エーリアル,シルクレーシング
エーリチェ,吉田和美
エールオンマインド,小濱正智
エールオンレール,吉田勝己
エールクイーン,田畑富子
エールグリーツ,社台レースホース
エールゴージューン,佐伯由加理
エールショー,ノースヒルズ
エールジョリー,佐伯由加理
エールソヴール,佐伯由加理
エールディヴァン,Ｇ１レーシング
エールデュヴァン,佐伯由加理
エールトゥヘヴン,ＤＭＭドリームクラブ
エールドリー,佐伯由加理
エールドール,長谷川守正
エールブラーヴ,佐伯由加理
エールブリリアンツ,佐伯由加理
エールプレジール,グリーンファーム
エールベローチェ,木村直樹
エールミネルヴァ,佐伯由加理
エールラヴィクトワ,佐伯由加理
エールレヴリー,佐伯由加理
エールヴァーゲ,佐伯由加理
エールヴィオレ,佐伯由加理
エールヴィフ,佐伯由加理
エールヴィリース,佐伯由加理
エールヴェガ,佐伯由加理
エールヴォア,佐伯由加理
エーレウォーン,小田吉男
オアシスアラン,村上稔
オアシスドール,村上稔
オアシスブリーズ,木村牧場
オイガツオ,廣崎双葉
オイシイナア,小田切有一
オイスターシーカー,ゴドルフィン
オイセサン,芳賀克也
オイデ,杉澤光雄
オイデヤスダイジン,ニットー商事
オイデレオ,松田整二
オイナリサン,内田玄祥
オイランブチ,岡浩二
オイルマン,坪野谷和平
オウギノカナメ,嶋田一成
オウケンアマゾネス,福井明
オウケンインザサン,福井明
オウケンサクラコ,福井明
オウケンザパール,福井明
オウケンシャトル,福井明
オウケンシルヴァー,福井明
オウケンスターダム,福井明
オウケンスターマン,福井明
オウケンデューク,福井明
オウケントップ,福井明
オウケンドーン,福井明
オウケンハニー,福井明
オウケンビリュウ,福井明
オウケンビリーヴ,福井明
オウケンファイター,福井明
オウケンブライト,福井明
オウケンブラック,福井明
オウケンブラッド,福井明
オウケンブリザード,福井明
オウケンブレイク,福井明
オウケンベリー,福井明
オウケンボス,福井明
オウケンボルト,福井明
オウケンマックイン,福井明
オウケンミッキー,福井明
オウケンムーン,福井明
オウケンムーンアイ,福井明
オウケンライト,福井明
オウケンラブキセキ,福井明
オウケンラブルナ,福井明
オウケンランボー,福井明
オウケンロジータ,福井明
オウケンワールド,福井明
オウケンヴィーナス,福井明
オウサマプリン,田頭勇貴
オウサムミニスター,古賀和夫
オウバイトウリ,キーファーズ
オウムアムア,ミルファーム
オウユーナッシング,三岡陽
オオアバレ,幅田京子
オオイチョウ,平井裕
オオイリブクロ,岡浩二
オオエフォーチュン,川根幸晴
オオオヤブン,幅田昌伸
オオカネヒラ,山口裕介
オオカブキモノ,近藤洋司
オオキニ,岡浩二
オオシマアジサイ,大島牧場
オオシマサフィール,大島牧場
オオシマザクラ,大島牧場
オオセイケイ,由井健太郎
オオゾラ,平口信行
オオゾラヒバリ,福本次雄
オオタチ,諸岡慶
オオタニ,小菅誠
オオタニサーン,モンレーヴ
オオタニズスマイル,諸江幸祐
オオツカ,中辻明
オオデンタ,中辻明
オオナミコナミ,谷掛龍夫
オオバンブルマイ,岡浩二
オオフジ,平川浩之
オオモリクン,友水達也
オカゲサン,ＮＲＫレース
オカノマルコチャン,栗山道郎
オカメノコイ,岡浩二
オカリナ,八木秀之
オカンモシャチョウ,ミキハウスＨＫサービス
オキミヤゲ,福田光博
オキャン,是枝浩平
オキョンピー,浜本洋輔
オクシタニア,Ｇ１レーシング
オクシデンタル,平田修
オクタグラム,キャロットファーム
オクタヴィアヌス,山本英俊
オクタヴィアン,シルクレーシング
オクタヴィウス,高橋貴士
オクトニオン,小田吉男
オクトパシー,竹中一彰
オクトーバーナイン,ライフエンタープライズ
オクヤマ,中辻明
オクラ,嶋田賢
オクラホマ,馬場幸夫
オグナ,ケーエスＨＤ
オグリクロノス,ＤＭＭドリームクラブ
オグロ,幅田昌伸
オケアノステソーロ,了徳寺健二ホールディングス
オゲンキデスカ,内田玄祥
オコジュ,ミルファーム
オコタンペ,金子真人ホールディングス
オコリンボーマミー,ＯＵＭＡ
オゴオゴ,清水義徳
オサキニゴブレイ,野崎宗信
オザナリ,由井健太郎
オシゲ,大和屋暁
オショロコマ,越村哲男
オシリスブレイン,エンジェルレーシング
オジュウチョウサン,チョウサン
オジョウ,岡浩二
オジョウサン,村山忠弘
オジョーノキセキ,前原敏行
オスカーウィナー,嶋田賢
オスカークロンヌ,多田賢司
オスカージュエル,森保彦
オスカージュディ,森保彦
オスカーステージ,森保彦
オスカーティアラ,森保彦
オスカーブレーヴ,グリーンフィールズ
オスカーホール,桜井忠隆
オスカーメロディ,森保彦
オスカールビー,森保彦
オスカーレイ,森保彦
オスカーレイア,森保彦
オスタークラング,キャロットファーム
オスティリオ,社台レースホース
オステリア,吉澤ホールディングス
オストファーレン,インゼルレーシング
オストラヴァ,村野慎之介
オスピタリテ,ニッシンホールディングス
オスマン,小原準一郎
オスマントルコ,福田光博
オスロクィーン,那須野牧場
オズマップ,フォレストレーシング
オズモポリタン,琴浦諒
オセアエクスプレス,ＸＩＡＯジャパン
オセアグレイト,ＩＨＲ
オセアジェネシス,ＸＩＡＯジャパン
オセアジャスティス,ＸＩＡＯジャパン
オセアジャーディン,ＸＩＡＯジャパン
オセアスターライト,ＸＩＡＯジャパン
オセアダイナスティ,ＸＩＡＯジャパン
オセアトップガン,ＸＩＡＯジャパン
オセアハートマン,ＸＩＡＯジャパン
オセアバトルプラン,ＸＩＡＯジャパン
オセアビシャイン,ＸＩＡＯジャパン
オセアフェアモント,ＸＩＡＯジャパン
オセアフラッグ,ＸＩＡＯジャパン
オセアフランケル,ＸＩＡＯジャパン
オセアブライト,ＸＩＡＯジャパン
オセアプレシャス,ＩＨＲ
オセアマジェスティ,ＸＩＡＯジャパン
オセアルクレット,ＸＩＡＯジャパン
オセアレジェンド,ＸＩＡＯジャパン
オゼイユ,杉岡時治
オソルノ,池谷誠一
オソレ,龍光
オタクインパクト,桐生裕明
オタマジャクシ,内田玄祥
オタルイーグル,住谷幾久子
オタルエバー,住谷幾久子
オタルグリーン,住谷幾久子
オダイ,サザンホールディング
オチボル,西城公雄
オッカナイ,由井健太郎
オックスアイ,中村祐子
オックスブラッド,ローレルレーシング
オックスリップ,ライオンレースホース
オッシレイション,ゴドルフィン
オッスイレブン,山本精一
オッチョラゴ,ミルファーム
オット,中辻明
オッドナンバー,池谷誠一
オッハッピー,岡田隆寛
オッピポイカ,田頭勇貴
オッフェンバック,ビッグレッドファーム
オテア,プレミアムレースホース
オテモヤン,酒井孝敏
オテンバプリンセス,田畑利彦
オテンバムスメ,岡浩二
オディナ,奥裕嗣
オディロン,橋元勇氣
オデット,カナヤマホールディングス
オデュッセイア,吉田照哉
オデュッセウス,ユアストーリー
オトコギアンパン,増田和啓
オトコノロマン,伊東政清
オトコマサリ,西村新一郎
オトシダマ,リトルブルーファーム
オトナノジジョウ,内田玄祥
オトニエル,広尾レース
オトメザミッキー,三木久史
オトメナシャチョウ,ミキハウスＨＫサービス
オトリコミチュウ,内田玄祥
オドラタス,Ｇ１レーシング
オドラニャソンソン,ＪＰＮ技研
オドワローズ,シルクレーシング
オニカゲ,石田宏
オニジオオタニ,高瀬真尚
オニノウタゲ,由井健太郎
オニマル,中辻明
オニムシャ,鈴木康弘
オニャンコポン,田原邦男
オニユリ,河内孝夫
オニンギョウサン,ミルファーム
オニール,北畑忍
オヌシナニモノ,ニットー商事
オヌール,社台レースホース
オネスト,Ｇ．オーギュスタン・ノルマン
オネストリー,金山政信
オノリシャス,金子真人ホールディングス
オノリス,キャロットファーム
オノーレペスカ,三岡陽
オハギ,岩崎伸道
オハナ,金子真人ホールディングス
オハナフリューゲル,鈴木昌樹
オバケノキンタ,内田玄祥
オパールシャルム,落合幸弘
オパールテソーロ,了徳寺健二ホールディングス
オパールムーン,ＮＩＣＫＳ
オヒロイチョウサン,チョウサン
オビドス,フォレストレーシング
オビワンエンペラー,富士開発
オビワンズドーン,富士開発
オフィスバトル,飯田良枝
オフウィドゥス,吉田和美
オフェーリア,ミルファーム
オフクヒメ,山田裕仁
オフクマメ,山田裕仁
オフザチェイン,ロードホースクラブ
オフショアガール,下河辺牧場
オフトレイル,ゴドルフィン
オフレッシュ,Ｋ．Ｓ．ヤップ
オブザーバー,望月雅博
オブシディアン,田頭勇貴
オブシディアーナ,ＤＭＭドリームクラブ
オブジェダート,Ｇ１レーシング
オブツーサ,ウエスト．フォレスト．ステイブル
オブデュモンド,多田信尊
オブラプリーマ,ノースヒルズ
オブラマエストラ,サンデーレーシング
オブリガーダミノル,吉岡實
オブリクア,ノースヒルズ
オブリゲーション,辻牧場
オブリージュ,前田清二
オプションプラン,岡田牧雄
オプタートゥム,田上雅春
オプティクス,臺佳彦
オプティマス,社台レースホース
オプティマスレッド,吉岡泰治
オプティミスタ,シルクレーシング
オプティミストゥ,北嶋義三
オプティミスモ,泉一郎
オプティモ,カナヤマホールディングス
オプレントジュエル,社台レースホース
オベイユアマスター,赤阪治恒
オベリスク,浅田次郎
オペラアクター,ヒダカ・ブリーダーズ・ユニオン
オペラサンデー,戸部政彦
オペラハット,小菅定雄
オペラプラージュ,Ｇ１レーシング
オペラミラクル,二木英実
オペラムーン,ゴドルフィン
オペレッタテソーロ,了徳寺健二ホールディングス
オボッチャマ,稲場澄
オボロヅキヨ,ＯＵＭＡ
オマツサマ,諸江幸祐
オマツリオトコ,是枝浩平
オマツリサンバ,上山牧
オマージュ,安原浩司
オミコシ,幅田昌伸
オムニプレゼンス,ゴドルフィン
オメガ,石川達絵
オメガインペリアル,原禮子
オメガウインク,原禮子
オメガエクレール,原禮子
オメガエリタージュ,原禮子
オメガオリーブ,原禮子
オメガキャプテン,原禮子
オメガキングダム,原禮子
オメガギネス,原禮子
オメガクラージュ,原禮子
オメガサミット,原禮子
オメガシュプリーム,原禮子
オメガショータイム,原禮子
オメガシンフォニー,原禮子
オメガジェットマン,原禮子
オメガジャカランダ,原禮子
オメガジャスミン,原禮子
オメガストリーム,犬飼優
オメガセイレーン,原禮子
オメガセレナーデ,原禮子
オメガタキシード,原禮子
オメガダヴィンチ,原禮子
オメガディコン,原禮子
オメガデラックス,原禮子
オメガドライヴ,原禮子
オメガドラクロワ,原禮子
オメガドラゴン,原禮子
オメガドーヴィル,原禮子
オメガナビゲーター,原禮子
オメガハートクィン,原禮子
オメガパフューム,原禮子
オメガヒストリー,原禮子
オメガフリーク,原禮子
オメガブルーム,原禮子
オメガプリズム,原禮子
オメガモーニング,原禮子
オメガラブロッシュ,原禮子
オメガラヴィサン,原禮子
オメガラヴェリテ,原禮子
オメガリッチマン,原禮子
オメガレイスター,桜井牧場
オメガレインボー,原禮子
オメガレジェンド,原禮子
オメガロマンス,原禮子
オメガローズヒル,原禮子
オモイソメル,ムーティエＲ
オモイヲノセテ,ターフ・スポート
オモカゲ,パニオロ
オモカゲジョー,那須野牧場
オモチ,金森圭史朗
オモルフィア,吉田照哉
オモルフォス,ビッグレッドファーム
オヤツノジカン,小田切光
オヤノナナヒカリ,スリーエイチレーシング
オラクトゥール,ノルマンディーサラブレッドレーシング
オラクル,ＫＲジャパン
オラコモエスタス,玉腰勇吉
オラリオン,ノルマンディーサラブレッドレーシング
オラロア,ノルマンディーサラブレッドレーシング
オランジェロ,下河辺隆行
オランジー,シルクレーシング
オラヴィンリンナ,Ｇ１レーシング
オラヴェリタス,杉山忠国
オリ,ローレルレーシング
オリアナフィオーレ,サラブレッドクラブ・ラフィアン
オリアナロゼッタ,山口敦広
オリアナヴェント,西森功
オリアメンディ,ミルファーム
オリエンタルエース,棚網基己
オリエンタルガール,田村彰夫
オリエンタルキング,京都ホースレーシング
オリエンタルデイ,棚網基己
オリエンタルナイト,Ｇ１レーシング
オリエンタルハート,三宅勝俊
オリエンタルボーイ,吉田勝利
オリエンタルポリス,下井道博
オリエンタルメラク,棚網基己
オリオアルセーリオ,サンデーレーシング
オリオンテソーロ,了徳寺健二ホールディングス
オリオンネビュラ,Ｇ１レーシング
オリオンパッチ,陳立文
オリオンブレード,ラ・メール
オリジナルアポジー,藤田在子
オリジナルオリジン,藤田在子
オリジナルファイン,ターフ・スポート
オリノコ,金子真人ホールディングス
オリバナム,フロンティア
オリバーヴォーグ,志村幸彦
オリヒメペコ,細川大輔
オリヒメボシ,辻川弘
オリビアサンライズ,松岡隆雄
オリビアジュテーム,高昭牧場
オリビアバローズ,猪熊広次
オリビアミノル,吉岡實
オリフラム,ノルマンディーサラブレッドレーシング
オリベ,ビッグレッドファーム
オリンピッカー,青山洋一
オリンピックデイ,馬場幸夫
オリンピックトーチ,ゴドルフィン
オリンポスカズマ,吉田和美
オリヴィアン,ＴＵＲＦレーシング
オリージネアリア,市川義美ホールディングス
オリーブグリーン,青芝商事
オリーブティアラ,飯田良枝
オリーボーレン,シルクレーシング
オリーヴベリー,シルクレーシング
オルエン,松谷翔太
オルオル,ＹＧＧホースクラブ
オルガンザ,鈴木史郎
オルクドール,山本英俊
オルクリスト,日進牧場
オルグジェシダ,サンデーレーシング
オルコス,ライオンレースホース
オルゴーリオ,ノルマンディーサラブレッドレーシング
オルセー,栗坂崇
オルソビアンコ,子安裕樹ＲＣ
オルタード,ロードホースクラブ
オルダージュ,ノルマンディーサラブレッドレーシング
オルッス,ミルファーム
オルティジア,ディアレストクラブ
オルテール,吉田和美
オルディーインラヴ,ニューワールドレーシング
オルデラン,塚本法生
オルトグラフ,ゴドルフィン
オルトシア,Ｇ１レーシング
オルトパラティウム,社台レースホース
オルトルート,村野康司
オルドヴァイ,社台レースホース
オルナ,ノースヒルズ
オルナータス,ヒダカ・ブリーダーズ・ユニオン
オルネーロ,キャロットファーム
オルノア,ノルマンディーサラブレッドレーシング
オルノス,武田茂男
オルパダン,鈴木康弘
オルビスケリー,水谷美穂
オルピメント,吉田勝己
オルフェスタイル,信岡牧場
オルフェスト,キャロットファーム
オルフェチョウサン,チョウサン
オルフセン,坂口直大
オルブライト,ＹＧＧホースクラブ
オルプランタン,岡田牧雄
オルペラー,フォレストレーシング
オルマジェス,杉山忠国
オルミラベル,大塚亮一
オルレアンローズ,ノルマンディーサラブレッドレーシング
オルロジェール,Ｇ１レーシング
オルロージュ,ノースヒルズ
オルン,三石川上牧場
オレイア,ドリーム＆Ｄｒｅａｍ
オレオレサララ,トニー倶楽部
オレオールシチー,友駿ホースクラブ
オレゴノミ,スピードファーム
オレタチハツヨイ,ＧＥＴＮＥＸＴ
オレデイイノカ,福島徳佑
オレノアイバ,大田恭充
オレノスゴワザ,諸岡慶
オレノナオミ,塩澤正樹
オレノブルース,諸岡慶
オレノマサムネ,諸岡慶
オレノマニラ,諸岡慶
オレハリョウタロー,ＨｉｍＲｏｃｋＲａｃｉｎｇホールディングス
オレンジオレンジ,飯田良枝
オレンジキャンパス,ノースヒルズ
オレンジサファイア,社台レースホース
オレンジジュース,ＨｉｍＲｏｃｋＲａｃｉｎｇホールディングス
オレンジダンサー,前迫義幸
オレンジフィズ,保坂和孝
オレンジフィールド,黒川暁子
オレンジブラウニー,田頭勇貴
オレンジブルボン,ビッグレッドファーム
オレンジペコ,今村明浩
オレンジリバー,Ｇ１レーシング
オロスコピオ,吉田照哉
オロパタジン,石瀬浩三
オワゾードール,ＶｉｒｉｄｉａｎＫｅｉｂａＣｌｕｂ
オンアロール,飯田正剛
オンクラウドナイン,ノースヒルズ
オンサイト,ノルマンディーサラブレッドレーシング
オンザ,ケーエスＨＤ
オンザウェイ,久保田定
オンザギャラクシー,久保田定
オンザジュピター,久保田定
オンザスカイ,久保田定
オンザスクエア,社台レースホース
オンザダブル,社台レースホース
オンザノアール,久保田定
オンザバサラ,久保田定
オンザフェーヴル,廣崎利洋
オンザブルースカイ,マークス
オンザブロッサム,久保田定
オンザプラネット,久保田定
オンザボー,前田葉子
オンザマーチ,下河辺隆行
オンザムービー,安原浩司
オンザムーブ,平田修
オンザライン,久保田定
オンザルース,岡田牧雄
オンザレイディオ,二口雅一
オンザロックス,稻井田有司
オンザロード,久保田定
オンザヴィーナス,久保田定
オンタケハート,宮原廣伸
オンテンバール,柴原榮
オンディーヌ,的場徹
オンデューティ,中村智幸
オントゥザステージ,ゴドルフィン
オンナキュヌヴィ,金子真人ホールディングス
オンネア,田頭勇貴
オンネマトカ,吉田勝利
オンファサイト,ノルマンディーサラブレッドレーシング
オンマイオウン,田頭勇貴
オンマイビート,スリースターズレーシング
オンマガトオル,岡浩二
オンユアマークス,ノースヒルズ
オンラインドリーム,吉田千津
オンリーオピニオン,サラブレッドクラブ・ラフィアン
オンリーグローリー,落合幸弘
オンリーサンライズ,ライフハウス
オンリーザブレイブ,ヒダカ・ブリーダーズ・ユニオン
オンリーラヴ,大塚亮一
オンリーワンエルフ,ヒダカ・ブリーダーズ・ユニオン
オンリーワンスター,宮内牧場
オンリーワンボーイ,金山克己
オンワードセルフ,樫山章子
オンワードハンター,樫山章子
オーウェンズバレー,ヒダカ・ブリーダーズ・ユニオン
オーウェンバローズ,猪熊広次
オーエンズテソーロ,了徳寺健二ホールディングス
オーガスタスカイ,林正道
オーガスタフラッグ,塩田清
オーガーウェル,小林竜太郎
オーキッドテソーロ,了徳寺健二ホールディングス
オーキッドロマンス,ミルファーム
オーキッドワン,助川啓一
オーキデパフュメ,今中俊平
オーキーベルセルク,宮崎俊也
オーギュストロダン,Ｍ．テイバーＤ．スミスＪ．マグニア夫人＆ヴェス
オークアンドモルト,ニッシンホールディングス
オークヒルハウス,宇田豊
オークリッチ,宇田豊
オークレイコート,ビクトリーホースランチ
オーグメントコード,社台レースホース
オーケアニス,シルクレーシング
オーケストラ,原禮子
オーケーイーグル,小野建
オーケーエレガンス,小野建
オーケーエンジェル,小野建
オーケーエース,小野建
オーケーカルメン,小野建
オーケーキャンティ,小野建
オーケーキュート,小野建
オーケークィーン,小野建
オーケーグリット,小野建
オーケーグレイス,小野建
オーケーゴールド,小野建
オーケーサイン,玉置潔
オーケーサンダー,小野建
オーケースマイル,小野建
オーケーソニック,小野建
オーケーダイナ,小野建
オーケートムボーイ,小野建
オーケードラゴン,小野建
オーケードリーム,小野建
オーケーナイト,小野建
オーケーバーディー,小野建
オーケーパイレーツ,小野建
オーケーパッション,小野建
オーケーブロッサム,小野建
オーケーボニータ,小野建
オーケーマドンナ,小野建
オーケーマヒナ,小野建
オーケーミネルバ,小野建
オーケーメジャー,小野建
オーケーリアン,小野建
オーサムウインド,サンデーレーシング
オーサムゲイル,シルクレーシング
オーサムサンライズ,松岡隆雄
オーサムシャドウ,飯塚知一
オーサムストローク,ライオンレースホース
オーサムデアラー,吉田照哉
オーサムデイ,松岡隆雄
オーサムバローズ,本田恒雄
オーサムパッション,落合幸弘
オーサムピクチャ,飯田貴大
オーサムメーカー,高昭牧場
オーサムユニバンス,亀井哲也
オーサムラン,松岡隆雄
オーサムリザルト,インゼルレーシング
オーシャンアイ,ゴドルフィン
オーシャンスケイプ,シルクレーシング
オーシャンステラ,ライオンレースホース
オーシャンズ,カナヤマホールディングス
オーシャンズヨリ,辻子依旦
オーシャンズルーラ,一村哲也
オーシャントライブ,サンデーレーシング
オーシャンドリーム,ビッグレッドファーム
オーシャンバローズ,猪熊広次
オーシャンビュー,冨沢敦子
オーシャンフロント,吉田安惠
オーシャンミューズ,社台レースホース
オーシンアズキ,大田慎治
オーシンエイチ,大田慎治
オーシンエス,大田慎治
オーシンエンジェル,大田慎治
オーシンクラッパー,大田慎治
オーシンスキャット,大田慎治
オーシンダイヤ,大田慎治
オーシンハーフ,大田慎治
オーシンピーチ,大田慎治
オーシンブーケ,大田慎治
オーシンプラス,大田慎治
オーシーズウォーム,栗山学
オースサイン,小林竜太郎
オースピシャス,京都ホースレーシング
オースピス,大塚亮一
オースミカテドラル,オースミ
オースミカムイ,オースミ
オースミキャスト,オースミ
オースミサイファー,オースミ
オースミシエロ,オースミ
オースミストロング,オースミ
オースミヌーベル,オースミ
オースミプリンセス,オースミ
オースミベリル,オースミ
オースミミライ,オースミ
オースミムテキ,オースミ
オースミメッシーナ,オースミ
オースミライト,オースミ
オースミリン,オースミ
オースミレーヴ,オースミ
オーセンティアン,キャロットファーム
オーソクレース,キャロットファーム
オーソリティ,シルクレーシング
オーソレミオ,タイヘイ牧場
オータムエッジ,レッドマジック
オータムクイーン,ゴドルフィン
オータムソング,ゴドルフィン
オータムヒロイン,ゴドルフィン
オータムメモリー,福田光博
オータムルーチェ,橋本浩
オータムレッド,青芝商事
オーダードリブン,社台レースホース
オーダーナチュラル,社台レースホース
オーディブルコール,サンデーレーシング
オーデットエール,中村昭博
オーデンヴァルト,キャロットファーム
オートカリテ,吉田照哉
オートマティック,田端修
オートルフィーユ,吉田晴哉
オートヴィル,ノルマンディーサラブレッドレーシング
オードゥメール,中村伊三美
オードリーバローズ,猪熊広次
オーネットレオ,醍醐智仁
オーバーザウェイブ,佐々木雄二
オーバーザシード,前田晋二
オーバーザドリーム,槙和美
オーバーシュタイン,Ｇ１レーシング
オーバースタンド,ノースヒルズ
オーバースペック,ミルファーム
オーバーテイカー,キヨタケ牧場
オーバーディリバー,池谷誠一
オーバーランダー,石瀬浩三
オーバーリミット,吉澤ホールディングス
オーパキャマラード,ターフ・スポート
オーパスメーカー,松岡隆雄
オーパパ,金山克己
オーパンバル,ニッシンホールディングス
オービタルピリオド,シルクレーシング
オーブアンドセプタ,ヒダカ・ブリーダーズ・ユニオン
オーブフレッシュ,平井裕
オーブラック,加藤徹
オーブラボー,協栄
オーブラン,中野和子
オーブリオン,稲垣隆治
オーブルクール,ターフ・スポート
オーブレーヌ,シルクレーシング
オープストガルテン,ビッグレッドファーム
オープンザウェイ,ディアレストクラブ
オープンザパンドラ,大塚亮一
オープンセサミ,飯田正剛
オープンソース,ＨｉｍＲｏｃｋＲａｃｉｎｇホールディングス
オープンファイア,長谷川祐司
オープンワンセルフ,岩崎伸道
オープンワールド,明栄商事
オーベロン,カナヤマホールディングス
オーベール,ＫＡＪＩＭＯＴＯホールディングス
オーホンブリック,ノースヒルズ
オーマイオーマイ,キーファーズ
オーマイガイ,廣崎利洋
オーマイダーリン,廣崎利洋ＨＤ
オーマイラッキーン,大田恭充
オーマイラヴ,薪浦亨
オーマイラヴアスク,廣崎利洋
オーマイリーベ,薪浦亨
オーマオ,吉田照哉
オーミサルーテ,岩崎僖澄
オーミシンゲン,岩崎僖澄
オーミジルベール,岩崎僖澄
オーミハルカゼ,岩崎僖澄
オーミボンズ,岩崎僖澄
オーミレジェンド,岩崎僖澄
オーライカモン,ＳＳレーシング
オーラエグザート,幅田昌伸
オーラクォーツ,田頭勇貴
オーラクルム,サンデーレーシング
オーラソラーレ,吉田千津
オーラビルス,高橋徳昭
オーラムミーティア,社台レースホース
オーラライト,サンデーレーシング
オーラロード,吉田勝利
オーリプカレディ,北側雅勝
オールアイウォント,社台レースホース
オールアイズオン,和泉憲一
オールアウト,酒井孝敏
オールアットワンス,吉田勝己
オールアルミュール,林勝宗
オールイズウェル,小林竜太郎
オールイズスパーブ,藤田在子
オールイズトゥルー,吉田勝己
オールインワン,カナヤマホールディングス
オールウェイズゼア,グリーンスウォード
オールウェズキズナ,Ｃ．フィプケ
オールオナーズ,小原準一郎
オールオンフリーク,ヒダカ・ブリーダーズ・ユニオン
オールザゴー,サンデーレーシング
オールザタイム,Ｇ１レーシング
オールザレイジ,Ｇ１レーシング
オールザワールド,前田晋二
オールスイート,落合幸弘
オールスティール,ＹＧＧホースクラブ
オールステリーナ,宮田守
オールズフェア,ライオンレースホース
オールセインツ,平田修
オールタイムハイ,池江泰郎
オールデイズ,サラブレッドクラブ・ラフィアン
オールデュスヴラン,サンデーレーシング
オールデン,金山敏也
オールドクラシック,リーヴァ
オールドパル,高橋大
オールドベイリー,ゴドルフィン
オールドボンバー,リーヴァ
オールドマイン,吉田和美
オールドロマン,リーヴァ
オールナット,シルクレーシング
オールニッポン,エースレーシング
オールパルフェ,遠藤良一
オールフォース,ニッシンレーシング
オールフォーラヴ,ロードホースクラブ
オールフォーワン,冨沢敦子
オールフラッグ,キャロットファーム
オールプリンセス,ビッグレッドファーム
オールポッシブル,Ｇ１レーシング
オールマイタイム,石川秀守
オールマイデイズ,シルクレーシング
オールマイト,中西功
オールマイフレンズ,松田整二
オールマキシマム,岩崎伸道
オールマンリバー,三田昌宏
オールミラージュ,田頭勇貴
オールユアーズ,サンデーレーシング
オールラウンダー,吉澤ホールディングス
オーレア,ビッグレッドファーム
オーレアミスト,インゼルレーシング
オーレオリン,ビッグレッドファーム
オーロアドーネ,ＤＭＭドリームクラブ
オーロアルジェント,シルクレーシング
オーロイプラータ,吉田勝己
オーロクリューソス,加藤徹
オーロスターキス,加藤徹
オーロセレステ,柴原榮
オーロトラジェ,サンデーレーシング
オーロプロサングエ,前原敏行
オーロベルディ,ロイヤルパーク
オーロペスカ,山田信太郎
オーロラアーク,松谷紫
オーロラエックス,草間庸文
オーロラテソーロ,了徳寺健二ホールディングス
オーロラテーラー,中西浩一
オーロラトレイル,前田幸大
オーロラバローズ,猪熊広次
オーロラフラッシュ,嶋田賢
オーロラボレアリス,社台レースホース
オーロリンチェ,岡田牧雄
オーロロッソ,シルクレーシング
オーロヴェント,ウエスト．フォレスト．ステイブル
オーロヴェール,エースレーシング
オーロール,平井裕
オーヴァル,島川隆哉
オーヴァルエース,西森鶴
オーヴァルブルーム,ＤＭＭドリームクラブ
オーヴァーザトップ,西田順彦
オーヴァーストーム,ＧＥＴＮＥＸＴ
オーヴァーネクサス,ヒダカ・ブリーダーズ・ユニオン
オーヴァーマスター,下河辺隆行
オーヴァーライト,サンデーレーシング
オーヴィレール,下河邉行雄
オーヴェルトゥーレ,ターフ・スポート
オーヴェルニュ,杉山忠国
オーヴォドーロ,レッドマジック
カイアワセ,内田玄祥
カイエトゥール,シンボリ牧場
カイオル,ＣＨＥＶＡＬＡＴＴＡＣＨＥ
カイカノキセキ,キャロットファーム
カイキアス,ライオンレースホース
カイコウ,二風谷ファーム
カイザー,近藤英子
カイザークリスエス,星加浩一
カイザースクルーン,サンデーレーシング
カイザーソウル,落合幸弘
カイザーノヴァ,広尾レース
カイザーバル,社台レースホース
カイザーバローズ,猪熊広次
カイザーブリッツ,ライオンレースホース
カイザーミノル,吉岡實
カイザーメランジェ,ライフエンタープライズ
カイザーライン,キャロットファーム
カイザーレオン,ノルマンディーサラブレッドレーシング
カイザーレヴァンテ,落合幸弘
カイザーヴェッター,シルクレーシング
カイショー,嶽崎元彦
カイシンパジェント,坂田正輝
カイゼルスベルグ,サンデーレーシング
カイタロー,本田恒雄
カイト,石川達絵
カイトアザリー,本田恒雄
カイトウランマ,岡田牧雄
カイトエイティー,本田恒雄
カイトガイア,本田恒雄
カイトグート,本田恒雄
カイトゲニー,本田恒雄
カイトセブン,本田恒雄
カイトチャン,本田恒雄
カイトベルク,本田恒雄
カイトリヒト,本田恒雄
カイトルビー,本田恒雄
カイトレッド,本田恒雄
カイトワザアリ,キャピタル・システム
カイトヴァイター,本田恒雄
カイトヴィント,本田恒雄
カイハオン,村田能光
カイブショウ,手塚勝広
カイブルーノ,蔀恒一
カイマナ,カナヤマホールディングス
カイマナエレエレ,吉田照哉
カイマナリノ,松岡雅昭
カイユレ,長谷川祐司
カイラシ,ニッシンホールディングス
カイラス,矢野秀春
カイラーサ,白日光
カイラーサナータ,ミルファーム
カイルアコナ,サンデーレーシング
カインドオブユー,吉澤ホールディングス
カインドリー,ヒダカ・ブリーダーズ・ユニオン
カウア,和田牧場
カウイダンス,細谷典幸
カウイラ,ビッグレッドファーム
カウェーカネム,Ｈ．Ｈ．シェイク・ハムダン
カウガールハット,犬塚悠治郎
カウスリップ,中村祐子
カウディーリョ,キャロットファーム
カウニス,サラブレッドクラブ・ラフィアン
カウニスミエリ,田頭勇貴
カウネウス,橋本浩
カウノスライト,高橋文男
カウピリ,ノースヒルズ
カウムディー,加藤徹
カウンターエア,社台レースホース
カウンターセブン,フィールドレーシング
カウンターテナー,ゴドルフィン
カウンティフェア,飯田正剛
カウントオンイット,飯田正剛
カエリールークス,ＫＲジャパン
カエルム,金子真人ホールディングス
カオリナイト,谷口祐人
カカアコ,ニッシンホールディングス
カカオ,海谷幸司
カカンクオン,岩崎僖澄
カガカプチーノ,香川憲次
カガカーニバル,香川憲次
カガギムレット,香川憲次
カガコルヴェヤ,香川憲次
カガジャスティス,香川憲次
カガジャドール,香川憲次
カガスター,香川憲次
カガストロング,香川憲次
カガセブンスター,香川憲次
カガチャンプ,香川憲次
カガノワール,香川憲次
カガバベル,香川憲次
カガファクター,香川憲次
カガフラッシュ,香川憲次
カガブルー,香川憲次
カガプリンシパル,香川憲次
カガヤキホコレ,増山武志
カガラプンツェル,香川憲次
カガリターン,香川憲次
カガロケット,香川憲次
カキエモン,ミルファーム
カキュウ,サンコウ牧場
カクウチ,ニッシンホールディングス
カクカクシカジーカ,芳賀克也
カクシン,風早信昭
カクシンゴールド,安本卓史
カクテルグラス,ビッグレッドファーム
カクテルドレス,ＨｉｍＲｏｃｋＲａｃｉｎｇホールディングス
カグヤ,広尾レース
カグヤヒメ,是枝浩平
カグラヒメ,ノルマンディーサラブレッドレーシング
カグラマツリウタ,高橋ファーム
カグラヤルージュ,西村亮二
カケル,中西宏彰
カゲキヨブレイン,エンジェルレーシング
カゲツ,ノルマンディーサラブレッドレーシング
カゲマル,中辻明
カゲムシャ,安原浩司
カゲロウ,市川義美ホールディングス
カゲンノツキ,二口雅一
カコウガン,幅田昌伸
カゴシマ,大瀧啓之
カサデガ,杉浦和也
カサドーラ,ノースヒルズ
カサナルキセキ,石川秀守
カサビセンス,吉田照哉
カサブランカキッド,山本雅道
カサーレ,飯田正剛
カザルス,浅田次郎
カザンラク,キャロットファーム
カザーナ,ヒダカ・ブリーダーズ・ユニオン
カシェル,ノースヒルズ
カシオペア,中辻明
カシオペアテソーロ,了徳寺健二ホールディングス
カシオン,シルクレーシング
カシスピーチ,田頭勇貴
カシノアイドル,柏木務
カシノアジュライト,柏木務
カシノアップビート,柏木務
カシノアペックス,柏木務
カシノアラート,柏木務
カシノアルバ,柏木務
カシノアンバー,柏木務
カシノインディード,柏木務
カシノイースター,柏木務
カシノウィング,柏木務
カシノエイサップ,柏木務
カシノエタンセル,柏木務
カシノエール,柏木務
カシノオラフ,柏木務
カシノカゲマル,柏木務
カシノカンピオーネ,柏木務
カシノキャッツアイ,柏木務
カシノギルガメシュ,柏木務
カシノクオーレ,柏木務
カシノクック,柏木務
カシノクロサイト,柏木務
カシノクンプウ,柏木務
カシノグランツ,柏木務
カシノグランプリ,柏木務
カシノグルー,柏木務
カシノグロウ,柏木務
カシノコマンド,柏木務
カシノサスケ,柏木務
カシノサルパーレ,柏木務
カシノサヴィ,柏木務
カシノシャイニング,柏木務
カシノシャンデリア,柏木務
カシノシンセイ,柏木務
カシノシンボル,柏木務
カシノシンマナ,柏木務
カシノジャッカル,柏木務
カシノジュピター,柏木務
カシノスコフィルド,柏木務
カシノスターリング,柏木務
カシノスパイス,柏木務
カシノスパーク,柏木務
カシノスペリオル,柏木務
カシノスワッグ,柏木務
カシノティーダ,柏木務
カシノテンダー,柏木務
カシノディオーサ,柏木務
カシノディーバ,柏木務
カシノトップラン,柏木務
カシノトムキャット,柏木務
カシノトランキーロ,柏木務
カシノトルメンタ,柏木務
カシノニケ,柏木務
カシノネメシス,柏木務
カシノハンゾウ,柏木務
カシノハートフル,柏木務
カシノバド,柏木務
カシノバリサイト,柏木務
カシノパーティ,柏木務
カシノビルボード,柏木務
カシノピアレス,柏木務
カシノファボリート,柏木務
カシノフェリクス,柏木務
カシノフォワード,柏木務
カシノフレックス,柏木務
カシノフロイデ,柏木務
カシノフロレゾン,柏木務
カシノブランシェ,柏木務
カシノブレンド,柏木務
カシノブロッサム,柏木務
カシノプルタオルネ,柏木務
カシノプロスペリテ,柏木務
カシノベティ,柏木務
カシノポノ,柏木務
カシノマイスター,柏木務
カシノマイティ,柏木務
カシノマーメイド,柏木務
カシノメンコチャン,柏木務
カシノユメミヅキ,柏木務
カシノライブリー,柏木務
カシノラウト,柏木務
カシノラシット,柏木務
カシノランド,柏木務
カシノランペイジ,柏木務
カシノリアーナ,柏木務
カシノリバイアサン,柏木務
カシノルーカス,柏木務
カシノレオ,柏木務
カシノレッヒエルン,柏木務
カシノレボルシオン,柏木務
カシノロックオン,柏木務
カシノロマネ,柏木務
カシノローズ,柏木務
カシノヴィオレ,柏木務
カシノヴィタ,柏木務
カシマエスパーダ,松浦一久
カシマエンペラー,カシマ
カシマスウィープ,松浦一久
カシマテッコン,松浦一久
カシマヌアージ,松浦一久
カシマフウリン,松浦一久
カシマホオズキ,松浦一久
カシマホープスター,鹿島敏裕
カシマポポ,松浦一久
カシマユウミヒメ,鹿島敏裕
カシマライフウ,松浦一久
カシンフウ,ノースヒルズ
カジカライズ,越村哲男
カジュフェイス,ＳＴレーシング
カスカナノゾミ,本杉芳郎
カスクノワール,窪田芳郎
カスタニッチャ,栗山良子
カスタネアエメ,三嶋牧場
カスターニエ,栗坂崇
カスターニャルーナ,吉田安惠
カスターニョ,京都ホースレーシング
カスティーリャ,キャロットファーム
カステッロトゥーレ,グリーンファーム
カステヘルミ,田頭勇貴
カスバートテソーロ,了徳寺健二ホールディングス
カスミ,ノルマンディーサラブレッドレーシング
カスミヅキ,リトルブルーファーム
カズアティシャ,雅苑興業
カズアピアーニ,雅苑興業
カズアブディーン,雅苑興業
カズオ,國分純
カズオルデアニ,雅苑興業
カズオルパダン,雅苑興業
カズオルヴァル,雅苑興業
カズカポレイ,雅苑興業
カズキ,大石秀夫
カズゴルティス,吉田和美
カズシ,加藤志明
カズタンジャー,吉田和美
カズチャンペ,小林裕典
カズトシクン,天野克彦
カズナリ,嶋田賢
カズノオジョウ,鈴木可一
カズノコクリュウ,鈴木可一
カズノダイジョウ,鈴木可一
カズノマックイーン,鈴木可一
カズノマリア,鈴木可一
カズノローマン,鈴木可一
カズピレウス,雅苑興業
カズプレスト,吉田和美
カズプロティオス,雅苑興業
カズベナートル,雅苑興業
カズペトシーン,吉田和美
カズボニファシオ,雅苑興業
カズポルトチェルボ,雅苑興業
カズマッカレン,雅苑興業
カズマッケンリー,雅苑興業
カズマペッピーノ,雅苑興業
カズマークセン,雅苑興業
カズミクラーシュ,吉田和美
カズミドリーム,藤沼利夫
カズモンタルチーノ,雅苑興業
カズモンレアーレ,雅苑興業
カズラポニアン,吉田和美
カズロレアート,吉田和美
カズヴィトシャ,吉田和美
カセドラルベル,吉田勝己
カセノアステリア,平川進
カセノウィナー,平川進
カセノクララ,平川進
カセノコンコルド,平川進
カセノソレイユ,平川進
カセノダンサー,平川進
カセノナユタ,平川進
カセノミオ,平川進
カセノメロス,平川進
カセノラオー,平川進
カセノルーパス,平川進
カゼトソラ,川島与市
カゼニナッテル,由井健太郎
カゼニノッテ,田頭勇貴
カゼノイタズラ,福田光博
カゼノオト,坂口慎吾
カゼノオモイデ,福田光博
カゼノカケハシ,福田光博
カゼノカンザシ,福田光博
カゼノコ,ヌデ嶋孝司
カゼノシルエット,福田光博
カゼノジョー,河内孝夫
カゼノスバル,深井孟
カゼノタカトシ,深井孟
カゼノタニノアヤカ,増田和啓
カゼノドリーム,深井孟
カゼノハクシュウ,深井孟
カゼノハゴロモ,福田光博
カゼノランナー,ノースヒルズ
カタカムナ,村島昭男
カタッポチャン,谷口祐人
カタトゥンボ,畑佐博
カタナ,椎名節
カタフラクト,ライオンレースホース
カタヨクノテンシ,協和牧場
カタラズ,岡田繁幸
カタリテ,ノルマンディーサラブレッドレーシング
カタリナマリー,岡浩二
カタリーナ,近藤英子
カタールパール,Ｈ．Ｈ．シェイク・ファハド
カチグミ,加藤牧場
カチドキ,岡浩二
カチヌキマリコ,矢野まり子
カッコヨカ,西村新一郎
カッサンドラ,加藤徹
カッシーニ,寺田寿男
カッタッパ,冨士井直哉
カッチュッコ,ゴドルフィン
カッチョエペペ,平田修
カッチョカバロ,平田修
カッツミー,幅田昌伸
カッティングジェム,ヒダカ・ブリーダーズ・ユニオン
カッティングロック,石瀬浩三
カッテミル,ミルファーム
カットソロ,藤田晋
カッパツハッチ,ターフ・スポート
カップケーキ,小林祐一
カップコルス,社台レースホース
カップッチョ,ミルファーム
カツコ,武田修
カツコノヒヤザケ,大久保與志雄
カツコノユメ,大久保與志雄
カツジ,カナヤマホールディングス
カツダルマ,一門会
カツノイレヴンズ,勝野産業
カツノエイトゥ,勝野産業
カツノサンキュウ,聖心台牧場
カツノサーティーン,勝野産業
カツノセヴンス,勝野産業
カツノテンス,勝野産業
カツノトゥウェルヴ,勝野産業
カツノトクシン,聖心台牧場
カツノナインズ,勝野産業
カツミチャン,北尾龍典
カツラコマチ,山田有暉朗
カツラノキサノキ,桂土地
カテドラル,キャロットファーム
カテドラルクォーツ,岡田牧雄
カテドラルロック,ライオンレースホース
カテリーナ,平井裕
カデナ,前田幸治
カデナボニータ,小田吉男
カトゥルスフェリス,サンデーレーシング
カトゥーア,増田和啓
カトマンズゴールド,社台レースホース
カトルショセット,Ｇ１レーシング
カトルジュール,サンデーレーシング
カトレアテソーロ,了徳寺健二ホールディングス
カドゥケウス,ビッグレッドファーム
カドカラハジマル,芳賀克也
カドサンガンバル,芳賀克也
カドドゥディエ,和田志保
カドノユトリ,芳賀克也
カドバンソコヂカラ,芳賀克也
カドフィール,佐藤壽男
カドーダンジュ,キャロットファーム
カナ,平川三津
カナアミデスマッチ,由井健太郎
カナイアンゼン,由井健太郎
カナウ,江馬由将
カナオールウェイズ,Ｃ．フィプケ
カナサンドー,瀬谷隆雄
カナシバリ,由井健太郎
カナタ,由井健太郎
カナタコナタ,花井栄治
カナテープ,Ｃ．フィプケ
カナデ,野崎宗信
カナデライド,亀岡和彦
カナデルアイ,佐山元章
カナデルファンク,佐山元章
カナデルペガサス,佐山元章
カナデルマン,佐山元章
カナメ,玉腰勇吉
カナメイシ,協栄
カナライズ,水上行雄
カナラクリーク,ゴドルフィン
カナリキケン,由井健太郎
カナリコッタゲーム,薗部博之
カナルサンマルタン,サンデーレーシング
カナルビーグル,キャロットファーム
カナロアガール,広尾レース
カナワン,由井健太郎
カニキュル,キャロットファーム
カヌメラビーチ,金子真人ホールディングス
カネコメアサヒ,高岡浩行
カネコメシスター,高岡浩行
カネコメノボル,高岡浩行
カネコメヒカル,高岡義雄
カネコメファミリー,高岡義久
カネコメブライト,高岡義久
カネショウイケメン,清水正裕
カネショウベリー,清水正裕
カネショウルーイ,清水正裕
カネショウレジェン,清水正裕
カネトシアズサ,兼松昌男
カネトシウイングス,兼松昌男
カネトシエテルノ,兼松昌男
カネトシゴウト,兼松昌男
カネトシショウカ,兼松昌男
カネトシステラ,兼松昌男
カネトシストーム,兼松昌男
カネトシダリア,兼松昌男
カネトシテミス,兼松昌男
カネトシディーバ,兼松昌男
カネトシデュエル,兼松昌男
カネトシネメシス,兼松昌男
カネトシバレンシア,兼松昌男
カネトシパンドラ,兼松昌男
カネトシビバーチェ,兼松忠男
カネトシフォルテ,兼松昌男
カネトシフラム,兼松昌男
カネトシフレイア,兼松昌男
カネトシブライト,兼松昌男
カネトシブルーム,兼松昌男
カネトシブレス,兼松昌男
カネトシブレーブ,兼松昌男
カネトシマティーニ,兼松昌男
カネトシレーヌ,兼松昌男
カネノイロ,江川伸夫
カネフラ,社台レースホース
カネラフィーナ,シルクレーシング
カノア,ニッシンホールディングス
カノティエ,盛学志
カノンチャン,明栄商事
カノープス,杵臼牧場
カハラオプナ,村山卓也
カハンガハンガ,フクキタル
カバジェーロ,ノースヒルズ
カバトット,冨士井直哉
カバロプレト,チャンピオンズファーム
カバーガール,石川達絵
カパラミプ,ミルファーム
カパルア,寺田寿男
カビーリア,竹下千亜子
カピオラ,柳橋仁機
カピテル,ディアレストクラブ
カピリナ,ヒダカ・ブリーダーズ・ユニオン
カフェアトラス,西川光一
カフェアリア,西川光一
カフェアリアドネ,西川恭子
カフェアリス,西川光一
カフェアローロ,西川光一
カフェアヴニール,西川光一
カフェオセロット,西川光一
カフェオドヴィー,西川光一
カフェオリーブ,西川光一
カフェカエサル,西川光一
カフェカズショコラ,西川恭子
カフェカルマ,西川光一
カフェキング,西川光一
カフェクラウン,西川光一
カフェクリア,西川光一
カフェクリスタ,西川光一
カフェクロニクル,西川光一
カフェグランデ,西川光一
カフェサンドリヨン,西川光一
カフェサーバル,西川光一
カフェシュヴァルツ,西川光一
カフェシューター,西川恭子
カフェスカーレット,西川光一
カフェスペランツァ,西川恭子
カフェソサエティ,ゴドルフィン
カフェタンガロア,西川光一
カフェティアラ,西川恭子
カフェテオドーラ,西川光一
カフェディアブロ,西川光一
カフェドラペ,吉田千津
カフェニクス,西川光一
カフェノワール,石川達絵
カフェノヴィーン,西川恭子
カフェノーチェ,西川光一
カフェハーモニー,西川光一
カフェファラオ,西川光一
カフェファンタスト,西川恭子
カフェフィッツロイ,西川恭子
カフェブリッツ,西川光一
カフェブルーム,西川光一
カフェブーケット,西川光一
カフェプラウド,西川光一
カフェプリンス,西川恭子
カフェプリンセス,西川恭子
カフェヘニーハイ,西川恭子
カフェベラノッテ,西川光一
カフェメモワール,西川恭子
カフェライジング,西川恭子
カフェラジェム,西川光一
カフェラバー,吉田和美
カフェリュウジン,西川恭子
カフェリリー,西川光一
カフェレヨン,西川光一
カフェロワイヤル,フクキタル
カフェロワドール,西川光一
カフェロワン,西川光一
カフジアスール,加藤守
カフジアッサム,加藤守
カフジアマリージャ,加藤守
カフジウヴァ,加藤守
カフジエニアゴン,加藤千豊
カフジエメンタール,加藤千豊
カフジオクタゴン,加藤守
カフジオリオン,加藤守
カフジガラーニ,加藤守
カフジキアッキエレ,加藤千豊
カフジキング,加藤守
カフジキームン,加藤守
カフジクロストリ,加藤守
カフジクロミエ,加藤千豊
カフジグローリー,加藤守
カフジサターン,加藤守
カフジジェミニ,加藤守
カフジジャワ,加藤守
カフジジュピター,加藤守
カフジストーム,加藤守
カフジテイク,加藤守
カフジテトラゴン,加藤守
カフジテルビウム,加藤守
カフジドラド,加藤守
カフジナイサー,加藤守
カフジニホニウム,加藤守
カフジバンガード,加藤守
カフジパール,加藤守
カフジピスケス,加藤守
カフジフェニックス,加藤守
カフジプラテアード,加藤守
カフジプリンス,加藤守
カフジヘプタゴン,加藤守
カフジペンタゴン,加藤守
カフジホルミウム,加藤守
カフジマリボー,加藤千豊
カフジマーキュリー,加藤守
カフジミモレット,加藤千豊
カフジラクレット,加藤千豊
カフジリブラ,加藤守
カフジレニウム,加藤守
カフジロッソ,加藤守
カフジロホ,加藤守
カフジローズ,加藤守
カフジヴィオレッタ,加藤守
カフネ,ＨｏｒｓｅＮｅｔ
カフラー,広尾レース
カフー,白井岳
カブキチョウ,宮田直也
カブキモノ,國分純
カブキモン,諸江幸祐
カブラヤジョウ,河内孝夫
カプア,ニッシンホールディングス
カプシーヌ,阿部東亜子
カプティフ,酒井孝敏
カプラローラ,村野康司
カプリアズーラ,手嶋康雄
カプリシャス,安原浩司
カプリースカラー,藤沼利夫
カプリーヌメファ,手嶋康雄
カペラ,Ｒ．アンダーソン
カペラスター,永見貴昭
カペラテソーロ,了徳寺健二ホールディングス
カペルブリュッケ,社台レースホース
カホウハネテマテ,キャピタル・システム
カポデテュティカピ,フクキタル
カポラヴォーロ,ヒダカ・ブリーダーズ・ユニオン
カポレイラ,山本剛士
カマクラ,市川義美ホールディングス
カマクラバクフ,小菅誠
カマチョクイン,大冨智弘
カマラードマリー,岡浩二
カマンザ,幅田昌伸
カミカクシ,由井健太郎
カミニートデルレイ,シルクレーシング
カミノエミニー,村上正喜
カミノカガヤキ,村上正喜
カミノケンシン,村上正喜
カミノコ,門野重雄
カミノシルヴィ,村上正喜
カミノテイオー,村上正喜
カミノトップワン,村上正喜
カミノホウオー,村上正喜
カミノモラド,Ｇリビエール・レーシング
カミノレアル,ＤＭＭドリームクラブ
カミヤガルーラ,佐藤悠大
カミルレ,Ｇ１レーシング
カミンスキ,松谷翔太
カミーチェ,コスモヴューファーム
カミーノ,カナヤマホールディングス
カミーリアフラワー,中村祐子
カミーロ,カナヤマホールディングス
カムアウトロール,服部健太郎
カムアップローゼス,前田幸治
カムイ,川島吉男
カムイカル,協栄
カムイパパイヤ,ミルファーム
カムオンオーバー,タイヘイ牧場
カムカム,共田義夫
カムカムカモン,吉澤ホールディングス
カムカムキリシマ,西村新一郎
カムニャック,金子真人ホールディングス
カムバックトゥミー,ミルファーム
カムバルアタ,岸本英文
カムフライ,吉田和美
カムフラージュ,亀井哲也
カムランベイ,ゴドルフィン
カメキチ,加藤誠
カメチャン,内田玄祥
カメットテソーロ,了徳寺健二ホールディングス
カメハメハタイム,スリーエイチレーシング
カメリアテソーロ,了徳寺健二ホールディングス
カメンブトウカイ,小田切光
カモミールティー,保坂和孝
カモメガトンダ,谷掛龍夫
カモンザファースト,中野秀樹
カモンスプリング,石川博
カモントゥミー,薪浦亨
カモンビューティー,中野秀樹
カモンベイビー,鈴木美江子
カモンメーン,藤田晋
カモンレイル,前田晋二
カヤコ,細川勝也
カヤドーブラック,黒澤尚
カヨウネンカ,ミルファーム
カライカマウリオラ,土井久美子
カラウヌ,ニッシンホールディングス
カラクニダケ,岡浩二
カラクプア,ノースヒルズ
カラクリスピリッツ,レッドマジック
カラクレナイ,吉田照哉
カラジシ,木村廣太
カラスミヤビ,飯田正剛
カラツノ,副島義久
カラテ,小田切光
カラデニズ,橋元勇氣
カラドボルグ,田頭勇貴
カラニ,助川啓一
カラハリ,手嶋康雄
カラバッシュ,シルクレーシング
カラパタール,シルクレーシング
カラパナブラック,金子真人ホールディングス
カラビナ,ゴドルフィン
カラフルキューブ,Ｇ１レーシング
カラフルメロディー,ヒダカ・ブリーダーズ・ユニオン
カラフルラグーン,堀祥子
カラフルワウ,吉田千津
カラペルソナ,吉田照哉
カラマティアノス,サンデーレーシング
カラミンサ,吉田和美
カラメリート,長谷川千代子
カラヤン,三岡陽
カラリエーヴァ,天堀忠博
カラリパヤット,金子真人ホールディングス
カラル,シルクレーシング
カラレーション,シルクレーシング
カラヲヤブレ,ＫＲジャパン
カランクール,日進牧場
カランセ,野田努
カランダガン,アガ・カーン・スタッズ
カランダッシュ,安原浩司
カランドゥーラ,窪田芳郎
カラヴァジェスティ,サンデーレーシング
カラヴェッラ,吉田和美
カラーインデックス,吉田勝己
カラーオブウィンド,平田修
カラーオブサクセス,飯田正剛
カラーオブジアース,ＫＲジャパン
カラーオブワンダー,北原摩留
カラーズオブラヴ,グリーンスウォード
カラーズリング,ＫＨレーシング
カラードレス,鈴木芳夫
カリオストロ,ＨｉｍＲｏｃｋＲａｃｉｎｇホールディングス
カリカ,平岡茂樹
カリカンテ,吉田和美
カリグラフィー,広尾レース
カリジェン,西森鶴
カリスイモン,井門敏雄
カリスパール,徳永博
カリスマサンボス,畔柳年言
カリスマタイクーン,西村憲人
カリスマン,武田美香
カリッサ,ノースヒルズ
カリドーラ,社台レースホース
カリナン,寺田寿男
カリナンラホーヤ,ヒダカ・ブリーダーズ・ユニオン
カリニート,奥裕嗣
カリビアンゴールド,ゴドルフィン
カリビアンジョー,河内孝夫
カリビアンダンサー,近藤克麿
カリビアンブルー,青芝商事
カリフォルニア,モンレーヴ
カリフォルニアボム,小谷野次郎
カリフォルニアラブ,辻子依旦
カリブフレイバー,尾田信夫
カリブメーカー,松岡隆雄
カリブルヌス,Ｇ１レーシング
カリプソ,田島榮二郎
カリボール,大和屋暁
カリマンタン,加藤千豊
カリメロ,永山勝敏
カリュウ,林弘之
カリヨンアヴォン,キャロットファーム
カリヨンヒーロー,ライオンレースホース
カリヨンベル,ビッグレッドファーム
カリンカ,寺田寿男
カリンテラス,村田能光
カリンパニ,ビッグレッドファーム
カリーシ,ＦＡレーシング
カリータフェリス,グリーンファーム
カリーナアンジェロ,大森悌次
カリーナベローチェ,吉田照哉
カリーニョ,近藤英子
カリーニョミノル,吉岡實
カリーン,菅野隆志
カルカリーナ,山口敦広
カルサヴィナ,菅原広隆
カルストントラスト,清水貞光
カルストンブランド,高橋京子
カルストンラック,清水貞光
カルストンロワール,清水貞光
カルセドニー,キャロットファーム
カルタゴ,那須野牧場
カルタジローネ,Ｇ１レーシング
カルダモン,サンデーレーシング
カルダングリル,吉田千津
カルチェリノイオリ,海谷幸司
カルチャーデイ,ＭＭＳホールディングス
カルツァクライン,ライオンレースホース
カルテシウス,Ｇ１レーシング
カルテット,市川義美ホールディングス
カルテベイビー,大塚Ｒｙ’ｓＣＬＵＢ
カルテメトレス,サラブレッドクラブ・ラフィアン
カルテレヴァンテ,大塚亮一
カルデア,インゼルレーシング
カルディナーレ,山本又一郎
カルデナール,社台レースホース
カルデライト,Ｇ１レーシング
カルトゥーシュ,シルクレーシング
カルトナージュ,水上行雄
カルトレガーメ,大迫基弘
カルド,山口敦広
カルドゥッチョ,ＯＵＭＡ
カルドウェル,社台レースホース
カルナック,社台レースホース
カルネ,寺田寿男
カルネアサーダ,吉田照哉
カルネドボヤージュ,キャロットファーム
カルネヴァーレ,是枝浩平
カルパ,金子真人ホールディングス
カルフ,ミルファーム
カルフレグランス,吉田和子
カルプスペルシュ,村尾賢二
カルマンフィルター,Ｇ１レーシング
カルミアクラウン,シルクレーシング
カルミチャン,協栄
カルミッチ,平本敏夫
カルミナブラーナ,エンジェルレーシング
カルミネイション,大樹ファーム
カルラファクター,村山忠弘
カルリーノ,Ｇリビエール・レーシング
カルロスミノル,吉岡實
カルロット,キーファーズ
カルロヴェローチェ,ＴＯＲＡＣＩＮＧ
カルンウェナン,前田幸治
カルヴァドス,ノルマンディーサラブレッドレーシング
カルヴァリオ,ノルマンディーサラブレッドレーシング
カルーナブルガリス,ディアレストクラブ
カレイジャス,ケンレーシング組合
カレイジャスビート,キャロットファーム
カレイドスコープ,グランド牧場
カレックス,島川隆哉
カレラエンブレマ,サンデーレーシング
カレリアフレイバー,尾田信夫
カレリアンダンス,日下部勝徳
カレン,ミルファーム
カレンアイバーソン,鈴木隆司
カレンアップラウゾ,鈴木隆司
カレンアルカンタラ,鈴木隆司
カレンイモーション,鈴木隆司
カレンウユ,鈴木隆司
カレンエクスカリバ,山口謙太郎
カレンカカ,鈴木隆司
カレンガリアード,鈴木隆司
カレングロリアーレ,鈴木隆司
カレンココナ,鈴木隆司
カレンシュトラウス,鈴木隆司
カレンショー,鈴木隆司
カレンシリエージョ,鈴木隆司
カレンジラソーレ,鈴木隆司
カレンスカーレル,鈴木隆司
カレンソナーレ,鈴木隆司
カレンタクト,湊義明
カレンチャンキー,鈴木隆司
カレンデュラ,ミルファーム
カレンデリスモンド,鈴木隆司
カレントゥルーシー,鈴木隆司
カレンナオトメ,ミルファーム
カレンノンノ,鈴木隆司
カレンハウ,鈴木隆司
カレンハサウェイ,鈴木隆司
カレンバッドボーイ,鈴木隆司
カレンパンピナップ,鈴木隆司
カレンヒメ,鈴木隆司
カレンピピ,鈴木隆司
カレンピルエット,鈴木隆司
カレンブラッキーナ,鈴木隆司
カレンブルーローズ,鈴木隆司
カレンブーケドール,鈴木隆司
カレンプリマドーナ,鈴木隆司
カレンマウラー,鈴木隆司
カレンマックナイト,鈴木隆司
カレンマンバ,鈴木隆司
カレンメラメーラ,鈴木隆司
カレンモエ,鈴木隆司
カレンユアンメン,鈴木隆司
カレンラグレース,鈴木隆司
カレンラストショー,鈴木隆司
カレンラップスター,鈴木隆司
カレンラファータ,鈴木隆司
カレンリズ,鈴木隆司
カレンルシェルブル,鈴木隆司
カレンレベンティス,鈴木隆司
カレンロマチェンコ,鈴木隆司
カレンワッツアップ,鈴木隆司
カロッテフリオーソ,飯田総一郎
カロローザ,キャロットファーム
カローナ,加藤徹
カワ,ＴＮレーシング
カワイアラ,名古屋友豊
カワイイスイーパー,國分純
カワイクテゴメン,ローレルレーシング
カワカミエレガンス,三石川上牧場
カワカミカリーナ,三石川上牧場
カワカミガンビエ,三石川上牧場
カワカミスパーク,三石川上牧場
カワキタアイゼン,川島徹郎
カワキタアジン,川島徹郎
カワキタエンカ,川島吉男
カワキタオペラ,川島和範
カワキタオルゴ,川島和範
カワキタジャズ,川島吉男
カワキタスズリノ,川島徹郎
カワキタハクギン,川島徹郎
カワキタピリカ,川島吉男
カワキタベレッタ,川島和範
カワキタホクレア,川島徹郎
カワキタボーダレス,川島和範
カワキタマックス,川島和範
カワキタマナレア,川島徹郎
カワキタレブリー,川島和範
カワキタロマン,川島吉男
カワチャンフェイス,ＳＴレーシング
カワテンティアラ,川口勝功
カワテンマックス,川口勝功
カンカール,フォレストレーシング
カンザシ,嶋田賢
カンシン,中辻明
カンジ,ＴＮレーシング
カンジンカナメ,由井健太郎
カンゼオン,阿部東亜子
カンタカナリート,盛学志
カンタベリーアロマ,峰哲馬
カンタベリーガール,峰哲馬
カンタベリースワン,峰哲馬
カンタベリーノブシ,峰哲馬
カンタベリーハヤテ,峰哲馬
カンタベリーバイク,峰哲馬
カンタベリーパール,峰哲馬
カンタベリービーム,峰哲馬
カンタベリーピース,峰哲馬
カンタベリープリマ,峰哲馬
カンタベリーホープ,峰哲馬
カンタベリーマッハ,峰哲馬
カンタベリールビー,峰哲馬
カンタベリーローズ,峰哲馬
カンタルーパ,村上龍太郎
カンタービレ,石川達絵
カンチェンジュンガ,幅田昌伸
カンティアーモ,シルクレーシング
カンティプール,社台レースホース
カンティーク,ノースヒルズ
カンティーナ,柴原榮
カンティーユ,ノルマンディーサラブレッドレーシング
カンデラリア,島川利子
カント,協栄
カントゥータ,山邉浩
カントナ,ブルースターズファーム
カントリーマダム,吉田勝利
カントル,金子真人ホールディングス
カンナギ,サラブレッドクラブ・ラフィアン
カンナリリー,Ｇ１レーシング
カンノンミッキー,カンノンレーシングクラブ
カンノンリリー,カンノンレーシングクラブ
カンノーリ,加藤千豊
カンバセーショナル,サラブレッドクラブ・ラフィアン
カンバラ,ゴドルフィン
カンバンムスメ,北所直人
カンバーランド,シルクレーシング
カンパナーダス,ゴドルフィン
カンパニヤン,西村專次
カンパニュラ,菅原広隆
カンパニュール,ヒダカ・ブリーダーズ・ユニオン
カンパニョーラ,辻高史
カンパニームーン,竹原孝昭
カンパーニャ,村野康司
カンピオーネ,ＧＥＴＮＥＸＴ
カンピドリオ,キャロットファーム
カンフージョン,カツレーシング
カンフーダンス,シルクレーシング
カンフーヒーロー,田頭勇貴
カンプウ,幅田京子
カンリンポチェ,窪田芳郎
カンレイスキー,那須野牧場
カンレイスター,那須野牧場
カヴァス,サンデーレーシング
カヴァティーナ,田頭勇貴
カヴァラ,ゴドルフィン
カヴァル,サンデーレーシング
カヴァレリア,グリーンファーム
カヴァレリッツォ,シルクレーシング
カヴァーチャ,ＯＲＴＥＧＡ
カヴァート,ゴドルフィン
カークスマイル,高篠憲一
カークソング,戸賀智子
カーサデルシエロ,下河辺俊行
カーシュジアン,木村牧場
カージオイド,山口裕介
カースソーサラー,飯田貴大
カーソンテソーロ,了徳寺健二ホールディングス
カーターテソーロ,了徳寺健二ホールディングス
カーティアス,シルクレーシング
カーティブヨーク,野嶋祥二
カーテンコール,ロードホースクラブ
カーテンジュエル,垣本栄一
カーディストリー,下河辺牧場
カーディナル,キャロットファーム
カーディフ,広尾レース
カード,井高義光
カーニバルウェイ,ユートピア牧場
カーニバルマーチ,吉田和美
カーヌスティ,嶋田賢
カーネリアン,林正道
カービスベイ,ヒダカ・ブリーダーズ・ユニオン
カーフィラ,飯田貴大
カーフキック,サンデーレーシング
カーフライターク,サンデーレーシング
カーブドシール,前田幸治
カーブドフェザー,キャロットファーム
カープギャル,西村憲人
カープストリーマー,キャロットファーム
カーペンタリア,シルクレーシング
カーボナード,シルクレーシング
カーボフリオ,吉田千津
カーマインジュエル,キャロットファーム
カーマンライン,ノルマンディーサラブレッドレーシング
カーミングライツ,キャロットファーム
カームゲイズ,水上行雄
カームタウン,山上和良
カームマインド,田頭勇貴
カームリー,吉田和美
カーメラ,エースレーシング
カーメルタザイト,サンデーレーシング
カーメルビーチ,飯田正剛
カーモス,社台レースホース
カーラ,林正道
カーラデマドレ,キャロットファーム
カーラミーア,ヒダカ・ブリーダーズ・ユニオン
カーリキュー,ゴドルフィン
カーリングストーン,國分純
カーリングホリデー,薗部博之
カーリンハート,小林茂子
カーリーエンジェル,馬場祥晃
カールジェシ,中山牧場
カールスタード,シルクレーシング
カールスモーキー,中村伊三美
カールポメロ,ウエスト．フォレスト．ステイブル
カールマジ,ウエスト．フォレスト．ステイブル
カールルイコ,大田恭充
カーロアヴァンティ,大塚亮一
カーロバンビーナ,社台レースホース
カーンテソーロ,了徳寺健二ホールディングス
カーヴィー,ニッシンレーシング
カーヴィーレーザー,ノルマンディーサラブレッドレーシング
カーヴドヴァン,社台レースホース
ガイ,黒岩初美
ガイアフォース,ＫＲジャパン
ガイアメモリ,コスモヴューファーム
ガイアメンテ,サンデーレーシング
ガイストゼーゲン,ウエスト．フォレスト．ステイブル
ガイストライヒ,吉田勝己
ガイスラー,四本昭弘
ガイセン,中村智幸
ガイフウカイセイ,木村廣太
ガイヤルド,サンデーレーシング
ガイラルディア,ヒダカ・ブリーダーズ・ユニオン
ガウディ,近藤英子
ガウディウム,キャロットファーム
ガウナ,酒井喜生
ガウナエルフリーデ,西森功
ガウラ,ケーエスＨＤ
ガウラサンダー,村上稔
ガウラスパーク,村上憲政
ガウラディスコ,村上憲政
ガウラミディ,村上憲政
ガウル,吉澤克己
ガウロン,村田博司
ガガク,ノルマンディーサラブレッドレーシング
ガクエンテンゴク,三岡陽
ガケップチー,樋口雅彦
ガザニア,吉田晴哉
ガジュノリ,中谷典生
ガジュノリホワイト,中谷典生
ガストフロント,ディアレストクラブ
ガストリック,前田幸治
ガストロノミスト,社台レースホース
ガストン,福盛訓之
ガスパール,野田努
ガゼボ,吉田和美
ガダニーニ,吉田和美
ガダルカナルカナ,由井健太郎
ガチコ,日東牧場
ガッサンウルフ,西村專次
ガッサンベリー,西村專次
ガッツ,ミルファーム
ガッツィーソート,小林竜太郎
ガッテンパートナー,大島芳子
ガットネロ,山口敦広
ガッドハンド,廣崎利洋ＨＤ
ガティット,橋場勇二
ガデスチョイス,宮川純造
ガトリンテソーロ,了徳寺健二ホールディングス
ガトン,畑佐博
ガトー,ＳＹレーシング
ガトーバスク,サンデーレーシング
ガトーフレーズ,サラブレッドクラブ・ラフィアン
ガトーブリランテ,サンデーレーシング
ガトーマロン,篠田くみ子
ガナドルメモリア,西村憲人
ガニアン,ラ・メール
ガニュメデスレイ,五十川雅規
ガネット,Ｇ１レーシング
ガバナンスコード,寺田千代乃
ガビーズシスター,長島和彦
ガビーズスピリット,長島和彦
ガビーズデトワール,長島和彦
ガビーズドリーム,長島和彦
ガビーズブラザー,長島和彦
ガビーズメモリー,長島和彦
ガビーズメロディ,長島和彦
ガブリエルアクア,迫田三果子
ガマン,杉澤光雄
ガミラスジャクソン,藤井猛
ガミーヌ,ビッグレッドファーム
ガムチョン,田島榮二郎
ガムラスタン,大野富生
ガムラン,ニットー商事
ガメイラヴァー,藤井亮輔
ガヤーズベース,小谷野宗靖
ガヤーズランボー,小谷野宗靖
ガラク,石田勇
ガラクシア,ターフ・スポート
ガラシュ,京都ホースレーシング
ガラスノイチゴ,福田光博
ガラスノヒトミ,野田善己
ガラスノブルース,松谷紫
ガラチコ,吉田和美
ガラティーン,前田晋二
ガラデレオン,山口敦広
ガラパゴス,カナヤマホールディングス
ガラパーティー,寺田千代乃
ガラベイヤ,シルクレーシング
ガラード,中辻明
ガリアルダ,シルクレーシング
ガリトラップ,杉山忠国
ガリレア,井高義光
ガリレイ,カナヤマホールディングス
ガリレオインパクト,Ｃ．フィプケ
ガリレオノクツシタ,嶋田賢
ガリンシャ,渡邊隆
ガルガファルム,ウエスト．フォレスト．ステイブル
ガルサブランカ,シルクレーシング
ガルダイア,サンデーレーシング
ガルディエンヌ,キャロットファーム
ガルディーノ,大塚亮一
ガルデルクラージュ,シルクレーシング
ガルナッチャ,チームユッキレーシング
ガルニエ,ＫＡＪＩＭＯＴＯホールディングス
ガルバナム,キャロットファーム
ガルフコースト,ＮＩＣＫＳ
ガルブグリーン,斎藤光政
ガルミッシュ,前田幸大
ガルムキャット,スリーエイチレーシング
ガルラバン,ノルマンディーサラブレッドレーシング
ガルヴァナイズ,佐々木主浩
ガルヴァニック,ライオンレースホース
ガルヴィハーラ,キャロットファーム
ガルーダフラップ,ウエスト．フォレスト．ステイブル
ガレア,フジワラ・ファーム
ガレス,西尾誠一郎
ガレストロ,金子真人ホールディングス
ガレットジョーカー,橋場勇二
ガレットデロワ,水谷昌晃
ガロアクリーク,水上行雄
ガロアモジュール,池谷誠一
ガロシェ,サンデーレーシング
ガロピーネ,太田珠々子
ガロンヌ,杉山忠国
ガローファノ,吉田勝己
ガンウルフ,前原敏行
ガンガディン,田島榮二郎
ガンケン,岡浩二
ガンコ,杉澤光雄
ガンサリュート,キャロットファーム
ガンジー,岡浩二
ガンスリンガー,西森功
ガンダ,小田吉男
ガンダルフ,サンデーレーシング
ガンチャン,坂田行夫
ガンナール,ノースヒルズ
ガンネル,玉井宏和
ガンハンマー,吉田喜代司
ガンバリキ,吉野智博
ガンバリマッセ,村田哲朗
ガンバリーレ,ローレルレーシング
ガンバルフトシ,伊藤永二郎
ガンバルマン,大田恭充
ガンバレベアー,熊木浩
ガンバレユウキ,柴原榮
ガンバンテイン,ビッグレッドファーム
ガンビーチ,星野祐介
ガンマジーティーピ,ＳＳレーシング
ガンモヘラクレス,酒井孝敏
ガヴァルニー,キャロットファーム
ガーシュウィン,田島榮二郎
ガーディアンスター,田頭勇貴
ガーディアンテイル,吉田勝己
ガーディアンベル,ノルマンディーサラブレッドレーシング
ガーデンアイル,サンデーレーシング
ガーデンオブエデン,岡田牧雄
ガーデンカメリア,ＫＲジャパン
ガーデンガーデン,松島千佳
ガーデンコンサート,グリーンファーム
ガーデンバイザベイ,保坂和孝
ガーデンプランナー,下河辺隆行
ガードオブオナー,サンデーレーシング
ガーネットウインク,ウエスト．フォレスト．ステイブル
ガーネットテソーロ,了徳寺健二ホールディングス
ガーネットフレア,キャロットファーム
ガーランド,ノースヒルズ
ガーランドスタイル,キャロットファーム
ガーリッシュ,カナヤマホールディングス
ガールクラッシュ,前田幸治
ガールズデイアウト,ゴドルフィン
ガールズバンド,社台レースホース
ガールズパワー,山下良子
ガールズヒロイン,山下良子
ガールズレジェンド,レッドマジック
ガールズロック,Ｇ１レーシング
ガールネクストドア,ミルファーム
ガーレ,幅田京子
ガーンディーヴァ,ビッグレッドファーム
ガーヴィ,吉田和美
キアキア,高瀬真尚
キアナフリューゲル,鈴木昌樹
キアナポラリス,ノルマンディーサラブレッドレーシング
キアニーナ,吉田和美
キアヌ,ニッシンホールディングス
キアヌマウナ,ターフ・スポート
キアラメンテ,キャロットファーム
キアレッツァ,キャロットファーム
キアロスクーロ,水上行雄
キアロヴェローチェ,大野照旺
キイアウェイクン,安田嘉太郎
キイエクスプロード,安田嘉太郎
キイソアリング,安田嘉太郎
キイチゴ,ミルファーム
キイチムーブメント,山本益臣
キイモップアップ,安田嘉太郎
キイロノトマト,江川伸夫
キエンセラ,藤田在子
キエンバンジョウ,岡浩二
キオネヴェリテ,加藤誠
キカオクベシ,福田光博
キガサ,ビッグレッドファーム
キガタレイ,由井健太郎
キガン,鈴木康弘
キキキキン,内田玄祥
キキノロザリオ,鹽田久義
キク,石瀬浩三
キクノアオラ,菊池五郎
キクノアーリー,菊池五郎
キクノウェスター,菊池五郎
キクノエスペルト,菊池五郎
キクノキング,菊池五郎
キクノクライフ,菊池五郎
キクノジョワイユ,菊池五郎
キクノゼファー,菊池五郎
キクノダンカーク,菊池五郎
キクノディーン,菊池五郎
キクノトーヴァー,菊池五郎
キクノビースト,菊池五郎
キクノフェリックス,菊池五郎
キクノフラッシュ,菊池五郎
キクノプレミア,菊池五郎
キクノボワ,菊池五郎
キクノミヤビ,菊池五郎
キクノリノ,菊池五郎
キクノルア,菊池五郎
キクノロージズ,菊池五郎
キクノヴィゴ,菊池五郎
キクノヴェール,菊池五郎
キクマツ,西本資史
キコ,Ｇリビエール・レーシング
キコクイーン,若草クラブ
キコリータ,キーファーズ
キシダンチョウ,田畑利彦
キシャポッポ,小田切有一
キシャール,兼松康太
キシュウサラトイロ,木村昌三
キシュウソレイユ,木村昌三
キシュウブライト,木村昌三
キシュウマミー,木村昌三
キスアンドクライ,ノースヒルズ
キスアンドテル,ゴドルフィン
キスウマイ,山下良子
キスオブライフ,グリーンスウォード
キスオンザグリーン,高嶋祐子
キスオンザチーク,社台レースホース
キスオンザビーチ,吉田千津
キスミーローズ,グランド牧場
キスミーワンス,吉田千津
キスメット,ミルファーム
キスラー,キーファーズ
キズナエンドレス,関駿也
キズナハイトーン,吉岡泰治
キズナビーム,北原光一郎
キセキ,石川達絵
キセキガクル,田畑利彦
キセキニャン,ヒダカ・ブリーダーズ・ユニオン
キセキノエンジェル,川島与市
キセキノオクリモノ,イスズ牧場
キセキノカガヤキ,ライオンレースホース
キセキノセンシ,広尾レース
キセキノツヅキ,社台レースホース
キセキノムスメ,協和牧場
キセキノユニコーン,清水真由美
キセキパレス,小林量
キセキヒカル,伊藤篤
キセル,北畑忍
キセログラフィカ,金子真人ホールディングス
キソー,鈴木康弘
キゾク,西村憲人
キタイ,西村憲人
キタイノオノコ,中西宏彰
キタイノホシ,村田哲朗
キタウイング,ミルファーム
キタカラキタムスメ,阪田英裕
キタサンアメジスト,大野商事
キタサンイザナミ,大野商事
キタサンエポナ,大野商事
キタサンエルピス,大野商事
キタサンカゲツ,大野商事
キタサンガイセン,大野商事
キタサンクリーガー,大野商事
キタサンサジン,大野商事
キタサンシデン,大野商事
キタサンシュガー,大野商事
キタサンシルバー,大野商事
キタサンシンドー,大野商事
キタサンスーザン,大野商事
キタサンタイドー,大野商事
キタサンダムール,大野商事
キタサンチャンドラ,大野商事
キタサンテンビー,大野商事
キタサンデイジー,大野商事
キタサンドライバー,大野商事
キタサンドーシン,大野商事
キタサンハイドン,大野商事
キタサンハナビラ,大野商事
キタサンバルカン,大野商事
キタサンバンビーナ,大野商事
キタサンフジヤマ,大野商事
キタサンブラウン,大野商事
キタサンブローチ,大野商事
キタサンポエム,大野商事
キタサンマーベラス,大野商事
キタサンミカヅキ,大野商事
キタサンミューズ,大野商事
キタサンモンドー,大野商事
キタサンヤマブキ,大野商事
キタサンユーダイ,大野商事
キタサンライザー,大野商事
キタサンレイワ,大野商事
キタサンロッキー,大野商事
キタサンワーグナー,大野商事
キタサンヴィクター,大野商事
キタノアイザック,北所直人
キタノアイヴォリー,北所直人
キタノアゲイン,北所直人
キタノアティクス,北所直人
キタノアベル,北所直人
キタノアマポーラ,北所直人
キタノアヤカ,北所直人
キタノアルテミス,北所直人
キタノアルペジオ,北所直人
キタノアンコール,北所直人
キタノアンシェル,北所直人
キタノアンドレイ,北所直人
キタノアヴァロン,北所直人
キタノアームド,北所直人
キタノイブラン,北所直人
キタノインスパイア,北所直人
キタノインテロ,北所直人
キタノインディ,北所直人
キタノインパクト,ＤＭＭドリームクラブ
キタノイーグル,北所直人
キタノウズシオ,北所直人
キタノエイカン,北所直人
キタノエクスプレス,北所直人
キタノエクセル,北所直人
キタノエスポワール,北所直人
キタノエピックアン,北所直人
キタノエモシオン,北所直人
キタノエンディング,北所直人
キタノエンブラ,北所直人
キタノエーシン,北所直人
キタノオクトパス,北所直人
キタノオトメ,北所直人
キタノオドリコ,河内孝夫
キタノオブピース,北所直人
キタノオンザバス,北所直人
キタノオーシャン,北所直人
キタノカトレア,北所直人
キタノガイヤール,北所直人
キタノキセキ,北所直人
キタノキャスター,北所直人
キタノギャラクシー,北所直人
キタノクニカラ,ミルファーム
キタノクラージュ,北所直人
キタノクリスタル,北所直人
キタノクーヴェル,北所直人
キタノグリエル,北所直人
キタノゲルニカ,北所直人
キタノコウセイ,北所直人
キタノコドウ,北所直人
キタノコマチ,北所直人
キタノコリンシアン,北所直人
キタノコレット,北所直人
キタノコンキスタ,北所直人
キタノコンドル,北所直人
キタノサウンド,北所直人
キタノサスピション,北所直人
キタノサリスカ,北所直人
キタノサワヤカ,北所直人
キタノザブリーズ,北所直人
キタノシェイク,北所直人
キタノシェクール,北所直人
キタノシオン,北所直人
キタノシャカール,北所直人
キタノシャンシャン,北所直人
キタノシャンティ,北所直人
キタノシュナイダー,北所直人
キタノショウリュウ,北所直人
キタノシリウス,北所直人
キタノシンスケ,北所直人
キタノジョンヌ,北所直人
キタノスイセイ,北所直人
キタノスウォード,北所直人
キタノスティール,北所直人
キタノステート,北所直人
キタノストラーダ,北所直人
キタノストロング,北所直人
キタノズエッジ,北所直人
キタノズーナクア,北所直人
キタノセレナード,北所直人
キタノゼロセン,北所直人
キタノソブリン,北所直人
キタノソロモン,北所直人
キタノソワレ,北所直人
キタノタイキ,北所直人
キタノタカワシ,北所直人
キタノタラーシュ,北所直人
キタノダロマ,北所直人
キタノチェロキー,北所直人
キタノチェンジ,北所直人
キタノチャリブル,北所直人
キタノチャンス,北所直人
キタノテイオウ,了徳寺健二ホールディングス
キタノテイルズ,北所直人
キタノデイジョブ,北所直人
キタノデネブ,北所直人
キタノデュエル,北所直人
キタノトゥシャイン,北所直人
キタノトパーズ,北所直人
キタノトレボーネ,北所直人
キタノドンカルロ,北所直人
キタノドンポートロ,北所直人
キタノドーベル,北所直人
キタノナシラ,北所直人
キタノナデシコ,北所直人
キタノニーソング,北所直人
キタノニードル,北所直人
キタノハイテイル,北所直人
キタノハピネス,北所直人
キタノハヤブサ,北所直人
キタノハートネル,北所直人
キタノハードウェイ,北所直人
キタノバトゥーキ,北所直人
キタノバンライフ,北所直人
キタノパッション,北所直人
キタノパフューム,北所直人
キタノヒコボシ,北所直人
キタノファラオ,北所直人
キタノファルクス,北所直人
キタノファルコン,北所直人
キタノファーンヒル,北所直人
キタノフウジン,北所直人
キタノフウライジン,北所直人
キタノフェスタ,北所直人
キタノフランクース,北所直人
キタノフローラ,北所直人
キタノブライド,北所直人
キタノブラスハット,北所直人
キタノブリッジ,北所直人
キタノブリランテ,北所直人
キタノブルー,ＤＭＭドリームクラブ
キタノブルーアレツ,北所直人
キタノブレイク,北所直人
キタノブレイド,北所直人
キタノプレアー,北所直人
キタノプレミアム,北所直人
キタノプレンティ,北所直人
キタノベルモント,北所直人
キタノホウセキ,北所直人
キタノホマレボシ,北所直人
キタノボストン,北所直人
キタノボンボヤージ,北所直人
キタノポケット,北所直人
キタノポリッシュ,北所直人
キタノポーションズ,北所直人
キタノマキシム,北所直人
キタノマティーニ,北所直人
キタノマテンロウ,北所直人
キタノマディソン,北所直人
キタノマナザシ,北所直人
キタノマリリン,北所直人
キタノマルティス,北所直人
キタノマンゲツ,大久保與志雄
キタノマーシャル,北所直人
キタノマーベラス,北所直人
キタノユウキ,河内孝夫
キタノユニヴァース,北所直人
キタノライジン,北所直人
キタノライブリー,北所直人
キタノラシーク,北所直人
キタノラズベリ,北所直人
キタノラディウス,北所直人
キタノラトゥール,北所直人
キタノラブミー,北所直人
キタノランディ,北所直人
キタノラータム,北所直人
キタノリスクミー,北所直人
キタノリベラル,北所直人
キタノリュウジン,北所直人
キタノリューオー,北所直人
キタノルシファ,北所直人
キタノルシール,北所直人
キタノレガーロ,北所直人
キタノレクレドール,北所直人
キタノレジータ,北所直人
キタノレスリーズ,北所直人
キタノレーニア,北所直人
キタノロジック,北所直人
キタノロッキー,木村牧場
キタノロビンソン,北所直人
キタノロマンス,北所直人
キタノロワーズ,北所直人
キタノローズ,北所直人
キタノローマン,北所直人
キタノワイオリ,北所直人
キタノワカクモ,北所直人
キタノワシントン,北所直人
キタノワンダー,北所直人
キタノワースアド,北所直人
キタノヴァリュー,北所直人
キタノヴァルカン,北所直人
キタノヴィジョン,北所直人
キチロクキャップ,山本正美
キチロクゴール,山本正美
キチロクサクラ,山本正美
キチロクタワー,山本正美
キチロクタービン,山本正美
キチロクハニー,山本正美
キチロクレディス,山本正美
キッカケ,長島利治
キックアーサー,山口敦広
キックオンブーツ,野嶋祥二
キックザファースト,ＫＩＣレーシング
キッコベッロ,モンレーヴ
キッショウ,ニッシンホールディングス
キッショウダラニ,長田忠千代
キッシングセーラー,コスモヴューファーム
キッスミーアイ,スリーエイチレーシング
キッズアガチャー,瀬谷隆雄
キッズウルマ,瀬谷隆雄
キッズシタイヒャー,瀬谷隆雄
キッズジョリー,瀬谷隆雄
キッズヒヤミカチ,瀬谷隆雄
キッズファイナル,瀬谷隆雄
キッズムリブシ,瀬谷隆雄
キッズリッカリッカ,瀬谷隆雄
キッチンドリンカー,寳寄山拓樹
キットクル,由井健太郎
キットサクラサク,塩川和則
キットハナガサク,ＴＮレーシング
キッドストン,社台レースホース
キツネノヨメイリ,前田幸貴
キツネビ,二口雅一
キティマグネット,吉岡泰治
キティラ,ディアレストクラブ
キテヤエヒメ,山口春夫
キトゥンズクラフト,サンデーレーシング
キトゥンズシルバー,井山登
キトゥンズマーチ,ノルマンディーサラブレッドレーシング
キトゥンズラスター,ライオンレースホース
キトゥンズルンバ,吉田千津
キトゥンズワルツ,キャロットファーム
キトゥンヒール,吉田和美
キトリ,近藤英子
キトンインザスカイ,ワタナベホールディングス
キネシクス,シルクレーシング
キネンビ,谷口祐人
キノトクイーン,花野友象
キバルスター,須山悟至
キバルダンシ,須山悟至
キヒンシツノオンナ,前田良平
キビーラジャバル,大倉佑介
キフジンノドレス,丸山担
キボウノダイチ,三宅勝俊
キボウノチカラ,岡浩二
キボウノヒビキ,高橋信博
キボウノホシ,ワイズマン
キボウノワダチ,幅田昌伸
キボウホー,キーファーズ
キミオモウハナ,社台レースホース
キミガイチバンイイ,後藤貞夫
キミガスキダ,サンライズ
キミガタメ,風早信昭
キミガハマ,嶋田賢
キミコソシャチョウ,ミキハウスＨＫサービス
キミニオクル,小田切有一
キミニメロメロ,東豊物産
キミノナハオリョウ,浦野和由
キミノナハマリア,浦野和由
キミノミラクル,平賀久枝
キミハスコール,ビリオンスター
キミハレモネード,ニューマレコード
キミヘノメロディー,堀口晴男
キミョウキテレツ,内田玄祥
キミワクイーン,浦邊輝實
キミワテル,浦邊輝實
キミワテンマ,浦邊輝實
キムケンシーサー,木村永浩
キムケンドリーム,木村永浩
キムケンハッピー,木村永浩
キムケンフォトン,木村永浩
キムケンリアン,木村永浩
キムタックフェイス,ＳＴレーシング
キメラヴェリテ,加藤誠
キモットフェイス,ＳＴレーシング
キモンアップル,小林祥晃
キモンエクスプレス,小林祥晃
キモンカラー,小林祥晃
キモンキャリントン,小林祥晃
キモンゲーム,小林祥晃
キモンツガル,酒井孝敏
キモンブラウン,小林祥晃
キモンプリンス,小林祥晃
キモンボーイ,小林祥晃
キモンミナリッチ,小林祥晃
キモンヤマブキ,小林祥晃
キモンリッキー,小林祥晃
キモンルビー,小林祥晃
キモンロッソ,小林祥晃
キャスケード,飯田良枝
キャストアイズミー,グリーンファーム
キャストライトオン,星加浩一
キャストロゲイル,手嶋美季
キャストロット,多田賢司
キャストロププ,手嶋康雄
キャストロペトラ,手嶋康雄
キャストロペペ,手嶋康雄
キャスノワゼット,Ｇ１レーシング
キャスパインパクト,杉山忠国
キャスパリーグ,杉山忠国
キャスパン,杉山忠国
キャッシュブリッツ,コスモヴューファーム
キャッスルクラス,サンデーレーシング
キャッスルトップ,城市公
キャッスルレイク,ロードホースクラブ
キャッチアシーフ,吉田昌久
キャッチクライ,水上ふじ子
キャッチザロマンス,福田光博
キャッチザワールド,吉田晴哉
キャッチミー,薪浦亨
キャッチミーアップ,畑佐博
キャッチミークライ,畑佐博
キャッチローズ,中村祐子
キャッチーラン,岡村善行
キャッツアイ,広尾レース
キャッツミュー,加藤徹
キャットウォーク,広尾レース
キャットサンライズ,松岡隆雄
キャットテイル,ゴドルフィン
キャットデイ,塚田義広
キャットナップ,ゴドルフィン
キャットファイト,ゴドルフィン
キャットリング,榊原浩一
キャツクレードル,石瀬浩三
キャトルエピス,吉田照哉
キャトルブランシュ,小濱正智
キャトルレーヴ,小林弘明
キャナルクルーズ,村野康司
キャナルストリート,村野康司
キャナルロックス,水上行雄
キャニオニング,吉田照哉
キャニオンデシェイ,金子真人ホールディングス
キャニオンロード,サンデーレーシング
キャネル,落合幸弘
キャノピーウォーク,窪田芳郎
キャノンコア,亀岡和彦
キャノンストーム,前田幸治
キャノンバローズ,猪熊広次
キャノンビーチ,サラブレッドクラブ・ラフィアン
キャバリエクエスト,堀江貞幸
キャビア,ＴＮレースホース
キャビテーション,吉田千津
キャビネットバトル,谷口祐人
キャビランテ,ＴＮレースホース
キャピタル,石川達絵
キャピタルサックス,草間庸文
キャピタルストーン,宇田豊
キャピタルプレイン,篁真一郎
キャピタルリッチ,宇田豊
キャプチュード,ローレルレーシング
キャプティバ,ミルファーム
キャプティベート,社台レースホース
キャプテンエース,千明牧場
キャプテンオール,千明牧場
キャプテンカーク,佐々木孝之
キャプテンシー,サンデーレーシング
キャプテンドレイク,谷掛龍夫
キャプテンネキ,程田真司
キャプテンペリー,千明牧場
キャプテンロブロイ,シルクレーシング
キャプテンローレル,ローレルレーシング
キャベンディッシュ,本杉芳郎
キャミ,ＨｏｒｓｅＮｅｔ
キャメルクラッチ,ＴＵＲＨ
キャメロン,川勝裕之
キャラクターピース,日東牧場
キャラハンテソーロ,了徳寺健二ホールディングス
キャラメリー,ミルファーム
キャラメルコード,谷口悦一
キャラメルシフォン,保坂和孝
キャラメルショコラ,青芝商事
キャラメルソング,小林照弘
キャラメルフレンチ,ノルマンディーサラブレッドレーシング
キャラメルプリン,田頭勇貴
キャラメルボイス,ノースヒルズ
キャラメルミルク,田頭勇貴
キャラメルムーン,社台レースホース
キャリアアップ,島田久
キャリアウーマン,寺田秀樹
キャリアデザイン,明栄商事
キャリアハイ,マークス
キャリアパス,明栄商事
キャリアビジョン,社台レースホース
キャリアベスト,明栄商事
キャリアリズム,グリーンフィールズ
キャリックアリード,シルクレーシング
キャリー,Ｒ．アンダーソン
キャリーオン,ノースヒルズ
キャリーグレイス,水上ふじ子
キャリースピン,サンデーレーシング
キャリーハピネス,槙和美
キャルキュラス,池谷誠一
キャルキューレ,里見治紀
キャルグリーン,里見治紀
キャルスカイ,里見治紀
キャルダイス,里見治紀
キャルドーン,里見治紀
キャルブルー,里見治紀
キャルベイ,里見治紀
キャルベイクルーズ,里見治紀
キャルベロス,里見治紀
キャルミナス,里見治紀
キャルレイ,里見治紀
キャレ,スリースターズレーシング
キャロライナリーパ,野嶋祥二
キャロリン,伊藤永二郎
キャロル,エムズレーシング
キャロルビアンカ,高昭牧場
キャンシーエンゼル,前田幸治
キャンディキューブ,原禮子
キャンディシロップ,岡田壮史
キャンディスイート,吉田千津
キャンディストーム,ゴドルフィン
キャンディソング,ノルマンディーサラブレッドレーシング
キャンディタフト,ターフ・スポート
キャンディダム,サンデーレーシング
キャンディドライヴ,長谷川祐司
キャンディフロス,シルクレーシング
キャンディブーケ,藤川靖仁
キャンディボイス,浜田吉通
キャンディリボン,堀口晴男
キャンディレイ,シルクレーシング
キャンディーズ,中辻明
キャンディード,グリーンファーム
キャンデセント,サンデーレーシング
キャントウェイト,ビッグレッドファーム
キャンドル,石川達絵
キャンドルベリー,下河辺隆行
キャンドルマス,ゴドルフィン
キャンビー,ビッグレッドファーム
キャンベル,薪浦亨
キャンベルジュニア,吉田和美
キャンベルタウン,村野康司
キャンミナーレ,Ｇ１レーシング
キャンユーキッス,岡浩二
キャヴァリエブラン,田頭勇貴
キャヴァリー,小林竜太郎
キャーントストップ,丸山担
キュアノス,日進牧場
キュアフローラ,ヤナガワ牧場
キュアン,松谷翔太
キュイジニエール,社台レースホース
キュウドウクン,冨士井直哉
キュクヌス,ノースヒルズ
キュクロープス,東豊物産
キュビズム,加藤誠
キュピドン,前田幸貴
キュベリン,武田浩典
キュムラス,吉田和美
キュムロンニンバス,ミルファーム
キュリエール,大冨智弘
キュリオス,中村祐子
キュルキュマ,原禮子
キュルビス,谷崎森吾
キュロン,加藤誠
キュン,吉澤ホールディングス
キュンキュンハート,堀口晴男
キュンストラー,サラブレッドクラブ・ラフィアン
キューゴーパドック,福田光博
キュータンチャン,古賀慎一
キューツィーパイ,岡田牧雄
キューティクローム,ヒダカ・ブリーダーズ・ユニオン
キューティリップ,小濱忠一
キューティーカノン,中地賢次郎
キュートアクトレス,木村牧場
キュートハイカー,ヒダカ・ブリーダーズ・ユニオン
キュートヘスティア,杵臼牧場
キュートラン,岡村善行
キュートルーラー,ロードホースクラブ
キュートヴィラン,吉田勝己
キュードス,小林竜太郎
キューバンスパーク,ゴドルフィン
キューバンピート,橋元勇氣
キューブリック,キキアシ
キューランブラー,ディアレストクラブ
キュールエアザミ,岡本良三
キュールエカシス,岡本良三
キュールエサクラ,岡本良三
キュールエサクラコ,岡本良三
キュールエスグリ,岡本良三
キュールエフウジン,岡本良三
キュールエミヤビ,岡本良三
キュールエモモ,岡本良三
キュールエライジン,岡本良三
キューンハイト,サラブレッドクラブ・ラフィアン
キョウエイアップ,田中晴夫
キョウエイアート,田中晴夫
キョウエイウインド,田中晴夫
キョウエイエピカ,田中晴夫
キョウエイオビエド,田中晴夫
キョウエイカンセ,田中晴夫
キョウエイカンフ,田中晴夫
キョウエイカーク,田中晴夫
キョウエイガウディ,田中晴夫
キョウエイクローム,田中晴夫
キョウエイグッド,田中晴夫
キョウエイゲイル,田中晴夫
キョウエイゴー,田中晴夫
キョウエイサムソン,田中晴夫
キョウエイシオン,田中晴夫
キョウエイシャトル,田中晴夫
キョウエイシュバル,田中晴夫
キョウエイシンシア,田中晴夫
キョウエイジョイ,田中晴夫
キョウエイスコール,田中晴夫
キョウエイスピール,田中晴夫
キョウエイスレーヴ,田中晴夫
キョウエイセレッソ,田中晴夫
キョウエイソフィア,田中晴夫
キョウエイゾロ,田中晴夫
キョウエイタイコ,田中晴夫
キョウエイチアフル,田中晴夫
キョウエイディーズ,田中晴夫
キョウエイドール,田中晴夫
キョウエイノヴェル,田中晴夫
キョウエイノータス,田中晴夫
キョウエイノーブル,田中晴夫
キョウエイハル,田中晴夫
キョウエイパラスト,田中晴夫
キョウエイパントル,田中晴夫
キョウエイパーリオ,田中晴夫
キョウエイフロイデ,田中晴夫
キョウエイブラック,田中晴夫
キョウエイブラーボ,田中晴夫
キョウエイブリッサ,田中晴夫
キョウエイブリッツ,田中晴夫
キョウエイボニータ,田中晴夫
キョウエイボンバー,田中晴夫
キョウエイミーレス,田中晴夫
キョウエイメサイア,田中晴夫
キョウエイラー,田中晴夫
キョウエイリップル,田中晴夫
キョウエイリビード,田中晴夫
キョウエイリヴァル,田中晴夫
キョウエイルーマー,田中晴夫
キョウエイレッド,田中晴夫
キョウエイロナ,田中晴夫
キョウエイワイルド,田中晴夫
キョウキランブ,阿部憲三
キョウコウトッパ,由井健太郎
キョウジ,Ｇリビエール・レーシング
キョウヘイ,瀬谷隆雄
キョウワアリスタ,浅川昌彦
キョウワウォール,浅川昌彦
キョウワエステル,協和牧場
キョウワスピネル,協和牧場
キョウワセイヴァー,浅川昌彦
キョウワゼノビア,協和牧場
キョウワソレイユ,協和牧場
キョウワディーヴァ,浅川昌彦
キョウワドライヴ,浅川昌彦
キョウワドリヴン,浅川昌彦
キョウワヒラリー,浅川昌彦
キョウワビースト,協和牧場
キョウワファントム,浅川昌彦
キョウワベルナルド,協和牧場
キョウワレイホープ,浅川昌彦
キョシンタンカイ,國分純
キョラムン,大田恭充
キョンチャン,由井可南子
キヨセ,中村祐子
キヨタリート,キヨタケ牧場
キヨラ,三度屋
キラキラオーラ,田頭勇貴
キラキラブシ,山口裕介
キラステラ,桜井牧場
キラットダイヤ,ビリオンスター
キラビヤカ,岡田牧雄
キラフォーニア,大樹ファーム
キラメキ,大原詔宏
キラメキダンサー,山田和夫
キラメクホシ,ミルファーム
キラメクミナミ,亀岡和彦
キララ,パニオロ
キララアモーレ,吉澤ホールディングス
キラリヒカルゲーム,村上卓史
キラリピカリ,三岡陽
キラン,ミルファーム
キラーアビリティ,キャロットファーム
キラーインキラーズ,スピードファーム
キラークイーン,村木隆
キラーコンテンツ,シルクレーシング
キラータイトル,明栄商事
キラーチューン,キャロットファーム
キラーティー,柳裕一郎
キラービューティ,サンデーレーシング
キラービー,中丸裕嗣
キラープリンセス,岡田牧雄
キラープレゼンス,サンデーレーシング
キラーマウンテン,山内邦一
キラールージュ,村田滋
キリオス,ケイズジャパン
キリゲリ,後藤英成
キリシマアトム,土屋君春
キリシマイブキ,土屋君春
キリシマエアヒメ,土屋君春
キリシマエール,西村新一郎
キリシマオードリー,土屋君春
キリシマギンガ,土屋君春
キリシマコテツ,土屋君春
キリシマコトブキ,土屋君春
キリシマサンバ,土屋君春
キリシマジョイナー,土屋君春
キリシマスカイ,土屋君春
キリシマタウン,西村新一郎
キリシマダイオウ,西村新一郎
キリシマダイキチ,土屋君春
キリシマネロ,土屋君春
キリシマヒチフク,土屋君春
キリシマブリッジ,土屋君春
キリシマミッチー,茂木道和
キリシマムテキ,土屋君春
キリシマラッキー,土屋君春
キリシマレインボー,西村新一郎
キリスパークル,木村廣太
キリミツ,木村廣太
キリングパート,ミルファーム
キリンジ,岡浩二
キリーティー,前田幸治
キルケニー,シルクレーシング
キルケロッソ,犬飼優
キルシェンロート,ヒダカ・ブリーダーズ・ユニオン
キルステン,橋元勇氣
キルリスト,スリーエイチレーシング
キルロード,エンジェルレーシング
キレナイカ,金子真人ホールディングス
キロノヴァ,金子真人ホールディングス
キロハナ,金子真人ホールディングス
キワミ,寺田寿男
キンイロノツバサ,大島豊彦
キンカイレイア,竹原孝昭
キンカメクオリア,本部正孝
キングアゲン,浅川皓司
キングアーサー,中辻明
キングイチヒメ,伊藤正男
キングインパクト,廣崎利洋
キングエルメス,広尾レース
キングオブアームズ,窪田芳郎
キングオブキャロル,ターフ・スポート
キングオブコージ,増田和啓
キングオブザナイル,ＨｉｍＲｏｃｋＲａｃｉｎｇホールディングス
キングオブストーム,Ｇ１レーシング
キングオブドラゴン,窪田芳郎
キングオブフジ,浅川慶太
キングオブマリア,嶋田賢
キングオリヴァー,シルクレーシング
キングキャラット,田畑富子
キングキャヴィア,中西功
キングキングキング,嶋田賢
キングクレオール,田島榮二郎
キングクー,辻子依旦
キンググローリー,平口信行
キングケープ,伊藤裕章
キングココ,副島義久
キングコロネット,伊藤裕章
キングサムソン,伊藤正男
キングサリ,原久美子
キングサーガ,キャロットファーム
キングジェネシス,カシマレーシング
キングジョーカ,臼井義太郎
キングスウェイ,江馬由将
キングスオウン,伊東純一
キングスクラウン,田頭勇貴
キングスクロス,落合幸弘
キングスコール,ＤＭＭドリームクラブ
キングスズラン,鈴木修平
キングスタイル,廣崎利洋ＨＤ
キングストンボーイ,吉田和美
キングスハンド,ＩＨＲ
キングスバレイ,村野康司
キングスバーンズ,丸山担
キングスフィリア,社台レースホース
キングスペード,ＯＵＭＡ
キングスメッセージ,岡田牧雄
キングスレイヤー,ＩＨＲ
キングスヴァリュー,シルクレーシング
キングズアーム,コスモヴューファーム
キングズガード,日進牧場
キングズジェム,加藤千豊
キングズソード,ヒダカ・ブリーダーズ・ユニオン
キングズテイル,インゼルレーシング
キングズトゥルー,ノルマンディーサラブレッドレーシング
キングズパレス,社台レースホース
キングズフォース,ゴドルフィン
キングズブレス,サンデーレーシング
キングズラッシュ,諸江幸祐
キングズランド,窪田康志
キングズレイン,サンデーレーシング
キングズロア,フクキタル
キングタロウ,天野克彦
キングダイヤモンド,伊藤裕章
キングダムウイナー,ライオンレースホース
キングダムナイツ,吉田勝己
キングダラス,ＨｉｍＲｏｃｋＲａｃｉｎｇホールディングス
キングツェッペリン,石川産業
キングテセウス,保坂和孝
キングドラゴン,窪田芳郎
キングドンドルマ,田頭勇貴
キングニミッツ,吉田勝利
キングノジョー,ＴＮレーシング
キングハート,増田陽一
キングバーグ,長谷川兼美
キングパール,フジイ興産
キングピラート,加藤徹
キングピン,藤田晋
キングフェーヴル,廣崎利洋ＨＤ
キングフォルテ,平口信行
キングブラック,伊藤正男
キングブルー,ＴＮレーシング
キングブレイク,阿部東亜子
キングプリンス,瓜生和彦
キングプロテア,加藤徹
キングプロフィット,飯島利彦
キングベル,林進
キングベルベット,嶋田賢
キングボールダー,宮崎俊也
キングポセイドン,ＨｉｍＲｏｃｋＲａｃｉｎｇホールディングス
キングムーン,増田陽一
キングメーカー,ＮＩＣＫＳ
キングラディウス,菅原広隆
キングリアリティー,伊藤正男
キングリオ,窪田康志
キングリキュール,澤田孝之
キングリスティア,廣崎利洋
キングリッキー,伊藤裕章
キングリッド,吉田安惠
キングレイスター,伊藤和夫
キングレガリア,ノルマンディーサラブレッドレーシング
キングレノン,薪浦亨
キングレリック,ターフ・スポート
キングロコマイカイ,大和屋暁
キングヴァラール,阿部東亜子
キングヴァンドーム,社台レースホース
キングヴァージル,加藤裕司
キンゲショウ,グランド牧場
キンゲン,ゴドルフィン
キンコンテーラー,中西浩一
キンザン,幅田京子
キンシャチノキセキ,西村清子
キンショウ,ＣＨＥＶＡＬＡＴＴＡＣＨＥ
キンショーダンサー,礒野日出夫
キンショービコー,礒野日出夫
キンショーヘイロー,礒野日出夫
キンショーヘニー,礒野日出夫
キンショーボヌール,礒野日出夫
キンショーユキヒメ,礒野日出夫
キンシロウ,岡浩二
キンジトー,山口裕介
キンジラレタアソビ,内田玄祥
キンセンオー,泉一郎
キンタムチャチャ,諸江幸祐
キンダープンシュ,キャロットファーム
キントギン,小島將之
キントラダンサー,三木久史
キントリヒ,Ｇリビエール・レーシング
キンノマサカリ,岡浩二
キンバ,ケーエスＨＤ
キンバリー,柳橋俊昭
キンバリープロセス,ゴドルフィン
キンバーライト,河原義宏
キンブレル,Ｇリビエール・レーシング
キンプウ,阿部東亜子
キーアクティヴ,北前孔一郎
キーアビリティー,北前孔一郎
キーウィル,北前孔一郎
キーウェーブ,北前孔一郎
キーウオルサム,北前孔一郎
キーエデン,北前孔一郎
キーオブハート,田頭勇貴
キーガッツ,北前孔一郎
キークラウン,北前孔一郎
キークラシック,北前孔一郎
キークラッカー,北前孔一郎
キーグラウンド,北前孔一郎
キーコンセプト,ノースヒルズ
キーコンパス,北前孔一郎
キーコーズウェイ,ヒダカ・ブリーダーズ・ユニオン
キーサーバー,北前孔一郎
キーシグナル,北前孔一郎
キーシンガー,北前孔一郎
キーシーズン,北前孔一郎
キージュピター,北前孔一郎
キージョーカー,北前孔一郎
キースケデシュ,高橋ファーム
キーストーリー,北前孔一郎
キースペシャル,北前孔一郎
キースローガン,北前孔一郎
キーソナタ,北前孔一郎
キータイトル,北前孔一郎
キーダイヤ,青山洋一
キーチキング,山本益臣
キーチケット,北前孔一郎
キーチジャステン,山本益臣
キーチズカンパニー,山本益臣
キーチデッドミラー,山本益臣
キーチパルフェ,山本益臣
キーチファイター,山本益臣
キーチャンス,北前孔一郎
キーテーマ,北前孔一郎
キートス,Ｇ１レーシング
キーナイス,北前孔一郎
キーナッツ,北前孔一郎
キーハニー,北前孔一郎
キーパイレーツ,北前孔一郎
キーパフォーマー,社台レースホース
キーパンチ,北前孔一郎
キービジュアル,シルクレーシング
キービート,北前孔一郎
キーピリオッド,北前孔一郎
キーファイン,北前孔一郎
キーファクター,細谷典幸
キーフィールド,北前孔一郎
キーフェイス,中島俊房
キーフラッシュ,北前孔一郎
キーブリーゼ,北前孔一郎
キーブロッコリー,北前孔一郎
キープアドーラブル,高嶋航
キープイットシンポ,ウエスト．フォレスト．ステイブル
キープインマインド,村野康司
キープオンゴーイン,飯田正剛
キープオントップ,嶋田賢
キープオンラビン,高嶋航
キープカルム,前田晋二
キープサインオン,諸江幸祐
キープザナゲット,竹本いずみ
キープザレスト,社台レースホース
キープシャイニング,ノースヒルズ
キープシャイン,北村和江
キープシークレット,シルクレーシング
キープスマイリング,キャロットファーム
キープソーキュート,高嶋航
キープブライトン,高嶋航
キープライジング,岡田牧雄
キーベスト,北前孔一郎
キーホーム,北前孔一郎
キーボーカル,北前孔一郎
キーポップコーン,北前孔一郎
キーマーガレット,北前孔一郎
キーマーキュリー,北前孔一郎
キームベイ,ゴドルフィン
キーメモリー,北前孔一郎
キーリア,カタオカファーム
キールカーディナル,サンデーレーシング
キールコネクション,水上行雄
キールロワイヤル,Ｇ１レーシング
キーワード,ノースヒルズ
キーンウィット,水上行雄
キーンセンス,シルクレーシング
ギアチェンジ,藤田在子
ギオンバヤシ,岡浩二
ギガインパクト,広尾レース
ギガストーム,ＴＮレーシング
ギガバイト,エンジェルレーシング
ギガバッケン,ノルマンディーサラブレッドレーシング
ギガボルト,ＴＮレーシング
ギガント,ＩＺＵレーシング
ギガントマキア,Ｍｒ．ホース
ギザキズラヴ,フクキタル
ギニー,中村祐子
ギフテッド,谷川牧場
ギフテッドアベリア,鈴木昭和
ギフテッドスペック,京都ホースレーシング
ギフテッドドリーム,鈴木昭和
ギフテッドブラック,鈴木昭和
ギフテッドリーダー,高橋明裕
ギフトオブアート,ゴドルフィン
ギフトオブザナイル,社台レースホース
ギフトバスケット,Ｇ１レーシング
ギフトフォーユー,ロードホースクラブ
ギブアンドテイク,嶋田賢
ギブミーラブ,スリーエイチレーシング
ギブリ,芳賀滿男
ギブンアンソート,社台レースホース
ギベオン,社台レースホース
ギベルティ,ゴドルフィン
ギマール,カナヤマホールディングス
ギミーアワーズ,吉田千津
ギャップウェッジ,ＯＲＴＥＧＡ
ギャップオブリアル,コスモヴューファーム
ギャップパワー,小林祐一
ギャツビー,ＣＨＥＶＡＬＡＴＴＡＣＨＥ
ギャニミード,キャロットファーム
ギャラクサイト,シルクレーシング
ギャラクシーエッジ,サンデーレーシング
ギャラクシーセブン,ＨｉｍＲｏｃｋＲａｃｉｎｇホールディングス
ギャラクシーソウル,吉田安惠
ギャラクシーナイト,ライオンレースホース
ギャラクシーハニー,シルクレーシング
ギャラッド,キャロットファーム
ギャラボーグ,ロードホースクラブ
ギャラン,シルクレーシング
ギャラントウォリア,社台レースホース
ギャラントグリフ,岡田牧雄
ギャラントマナー,ゴドルフィン
ギャランドゥ,池谷誠一
ギャリエノワール,Ｇ１レーシング
ギャルソンアスク,廣崎利洋ＨＤ
ギャレットルレーヴ,野嶋祥二
ギャロップオー,田畑富子
ギャングスター,川勝裕之
ギャンブラー,大野富生
ギャンブルルーム,サンデーレーシング
ギャヴァガイ,金子真人ホールディングス
ギュウニュウ,由井健太郎
ギュウホ,ミルファーム
ギュルヴィ,インゼルレーシング
ギユウ,山口敦広
ギョウネン,由井健太郎
ギョベクリテペ,ミルファーム
ギラーミン,永野雄介
ギリギリチョップ,風早信昭
ギリギリバイター,薗部博之
ギリーカラム,キャロットファーム
ギリーズボール,キャロットファーム
ギルティブラック,サンデーレーシング
ギルティプレジャー,ゴドルフィン
ギルデッドフレーム,吉田千津
ギルデッドミラー,シルクレーシング
ギルトエッジ,林正道
ギルトレターズ,水上ふじ子
ギルドホール,サンデーレーシング
ギルフォード,増田和啓
ギルベルト,落合幸弘
ギルマ,杉澤光雄
ギルランダ,キャロットファーム
ギレイ,社台レースホース
ギレルモ,吉田勝己
ギンガ,内藤好江
ギンガエクスプレス,兼松康太
ギンギラリン,八嶋長久
ギンケイ,山崎康
ギンコイエレジー,フジワラ・ファーム
ギンゴー,ミルファーム
ギンザターゲット,有馬博文
ギンザデノムオトコ,小田切光
ギンジ,本間茂
ギンセツ,ゴドルフィン
ギンチヨヒメ,福田光博
ギントアカ,木部厳生
ギンノアメガフル,高瀬真尚
ギンノアラナミ,佐藤範夫
ギンノカミカザリ,阿部榮乃進
ギンノサジ,サラブレッドクラブ・ラフィアン
ギンリン,江川伸夫
ギンレイ,中辻明
ギヴイットアゴー,吉田勝利
ギースバッハ,林正道
ギーロカスタル,桑畑夏美
クァタルティ,ビッグレッドファーム
クァンタムウェーブ,キャロットファーム
クァンタムリード,山本又一郎
クァンタムリープ,シルクレーシング
クァンタムレルム,ゴドルフィン
クアッドフォルツァ,野村祐
クアトレフォイル,大塚亮一
クアトロイヴェール,牧野聖子
クアトロジャック,月舘範行
クアトロフォルトナ,木村直樹
クアトロフォンテ,月舘範行
クアトロマジコ,大塚亮一
クアトロリヴォルタ,木村直樹
クアドリフォリオ,ノースヒルズ
クアラトレンガヌ,丸山担
クアロアランチ,サンデーレーシング
クィーンアドバンス,柳内光子
クィーンコッチャン,矢野琢也
クィーンズウィンク,林正道
クィーンズウェイ,飯田総一郎
クィーンズハット,木村牧場
クィーンズベスト,林正道
クィーンズローズ,水谷光太郎
クィーンビー,和田牧場
クィーンベロニカ,岡本真二
クィーンミツコ,柳内光子
クィーンユニバンス,亀井哲也
クィーンルージュ,亀井哲也
クィーンルーラー,飯田総一郎
クイッククイーン,ノースヒルズ
クイックスタディ,下河辺隆行
クイックステップ,ラ・メール
クイックバイオ,バイオ
クイックファイア,下河辺美智子
クイックレス,中村祐子
クイドプロクオ,ゴドルフィン
クイノールト,吉田勝己
クインアマランサス,シルクレーシング
クインオブザシーズ,Ｇ１レーシング
クインズアトリア,ケイアイスタリオン
クインズアンバー,ケイアイスタリオン
クインズイザナミ,ケイアイスタリオン
クインズウィッシュ,吉田千津
クインズウィンダム,亀田和弘
クインズエクレア,亀田和弘
クインズエルサ,ケイアイスタリオン
クインズオーロラ,ケイアイスタリオン
クインズカトレア,亀田和弘
クインズカムイ,ケイアイスタリオン
クインズガナッシュ,ケイアイスタリオン
クインズクシナダ,ケイアイスタリオン
クインズグレイト,ケイアイスタリオン
クインズコスモス,ケイアイスタリオン
クインズサクヤヒメ,ケイアイスタリオン
クインズサクラ,ケイアイスタリオン
クインズサターン,亀田和弘
クインズサリナ,亀田和弘
クインズサン,ケイアイスタリオン
クインズシナモン,亀田和弘
クインズシフォン,ケイアイスタリオン
クインズシャウラ,亀田和弘
クインズショコラ,ケイアイスタリオン
クインズシリウス,ケイアイスタリオン
クインズジャスミン,亀田和弘
クインズジュピタ,ケイアイスタリオン
クインズジョイフル,ケイアイスタリオン
クインズスズラン,ケイアイスタリオン
クインズステラ,ケイアイスタリオン
クインズスピカ,ケイアイスタリオン
クインズセレネ,亀田和弘
クインズセージ,ケイアイスタリオン
クインズソフィア,ケイアイスタリオン
クインズダイヤ,嶋田賢
クインズダルビー,中島俊房
クインズチャパラ,ケイアイスタリオン
クインズツバキ,亀田和弘
クインズデネブ,亀田和弘
クインズトリスター,嶋田賢
クインズナデシコ,亀田和弘
クインズヌーサ,亀田和弘
クインズハッピー,ケイアイスタリオン
クインズバジル,ケイアイスタリオン
クインズパフェ,ケイアイスタリオン
クインズヒマワリ,ケイアイスタリオン
クインズプリーズ,亀田和弘
クインズプレアデス,ケイアイスタリオン
クインズベル,ケイアイスタリオン
クインズボタン,ケイアイスタリオン
クインズポラリス,ケイアイスタリオン
クインズマイア,ケイアイスタリオン
クインズマカロン,ケイアイスタリオン
クインズマドレーヌ,ケイアイスタリオン
クインズマラクータ,亀田和弘
クインズミモザ,ケイアイスタリオン
クインズミント,山邉浩
クインズムーン,シルクレーシング
クインズメリッサ,ケイアイスタリオン
クインズメレンゲ,ケイアイスタリオン
クインズモアナ,亀田和弘
クインズモナカ,ケイアイスタリオン
クインズモモナ,亀田和弘
クインズユーカリ,ケイアイスタリオン
クインズラプソディ,岡田牧雄
クインズラベンダー,亀田和弘
クインズラミントン,亀田和弘
クインズリゲル,ケイアイスタリオン
クインズレインボー,亀田和弘
クインズレモン,ケイアイスタリオン
クインズロベリア,亀田和弘
クインズヴィヴィ,ケイアイスタリオン
クインタレッリ,平瀬智樹
クインテット,樋口雅彦
クイントン,ノルマンディーサラブレッドレーシング
クイーンアポーン,ジェイアール
クイーンアン,広尾レース
クイーンアント,ゴールドアップ・カンパニー
クイーンイレブン,吉野加壽代
クイーンオブソウル,ジャコモ
クイーンオブチェコ,谷脇智恵子
クイーンオブハート,田頭勇貴
クイーンオブリリー,小川勲
クイーンオブロード,増田和啓
クイーンオラトリオ,ユートピア牧場
クイーンカトリーヌ,大塚亮一
クイーンカナロア,張月勝
クイーンカピオラニ,シンシアリー
クイーンキャンディ,平本敏夫
クイーンザノリピー,中谷典生
クイーンシルビア,田島榮二郎
クイーンズアイ,高村勇一
クイーンズアームス,野村茂雄
クイーンズウォーク,サンデーレーシング
クイーンズガーデン,飯田正剛
クイーンズキトゥン,サンデーレーシング
クイーンズクラウン,シルクレーシング
クイーンズクレスト,木村牧場
クイーンズグリーン,伊藤弘泰
クイーンズステート,サイプレスホールディングス
クイーンズタウン,小原準一郎
クイーンズテイスト,社台レースホース
クイーンズテソーロ,了徳寺健二ホールディングス
クイーンズデイ,杉山忠国
クイーンズトゥルー,ノルマンディーサラブレッドレーシング
クイーンズドリーム,グリーンファーム
クイーンズバラッド,ヒダカ・ブリーダーズ・ユニオン
クイーンズホリデー,鈴木剛史
クイーンズレイン,Ｇ１レーシング
クイーンズワーフ,吉田照哉
クイーンディーン,田畑利彦
クイーンドライヴ,井村誉志雄
クイーンネモシン,星加浩一
クイーンノジョウ,ＴＮレーシング
クイーンハピ,寺田寿男
クイーンハーツ,ターフ・スポート
クイーンパレス,大島牧場
クイーンファミユ,三宅勝俊
クイーンブラッド,田中邦彦
クイーンブロッサム,吉田勝己
クイーンマンボ,ヒダカ・ブリーダーズ・ユニオン
クイーンミスチーフ,宮内牧場
クイーンモーガン,ゴドルフィン
クイーンラブ,桑畑隆信
クイーンレグナント,ゴドルフィン
クウレイナニ,小林由明
クエイヴァー,キャロットファーム
クエストフォーラヴ,広尾レース
クエルチア,飯田正剛
クエンカ,島川隆哉
クォリティタイム,ターフ・スポート
クォンタムビット,池谷誠一
クォーツ,田畑利彦
クォーツァイト,Ｇ１レーシング
クォーツテソーロ,了徳寺健二ホールディングス
クオレス,天堀忠博
クオレプリマドンナ,シルクレーシング
クオンタム,ミルファーム
クオンタムシフト,社台レースホース
クオンタムスター,ＫＲジャパン
クオーレドーロ,社台レースホース
クカイリモク,金子真人ホールディングス
クククトルンナ,小坂功
ククナ,キャロットファーム
ククルティハール,京都ホースレーシング
クサナギ,三宅勝俊
クサヒバリ,那須野牧場
クシェドゥソレイユ,村島聡乃
クシマトゥルー,佐々木幸弘
クスクス,山口敦広
クスリバコ,小田切有一
クセノポン,金子真人ホールディングス
クチバシニチェリー,薪浦州平
クチャモザクワジャ,幅田京子
クッカユフラ,ノースヒルズ
クッキークリーム,リトルブルーファーム
クッキーショット,社台レースホース
クッキートン,吉田安惠
クックテソーロ,了徳寺健二ホールディングス
クックパイン,金子真人ホールディングス
クツワエターナル,芳賀克也
クツワノオジョウ,芳賀克也
クツワノセキトリ,芳賀克也
クツワヒメ,芳賀克也
クツワファミリー,芳賀克也
クツワワールド,芳賀克也
クトゥネシリカ,ノルマンディーサラブレッドレーシング
クドシュ,武田茂男
クナウティア,ノースヒルズ
クニ,森恭彦
クニサキミッチイ,國島周夫
クニノオーシャン,太陽光
クニノハッピー,国田正忠
クノイチ,ゴドルフィン
クファシル,サンデーレーシング
クボウサマ,岡浩二
クマノコ,内田玄祥
クマノコドウ,竹本いずみ
クミンフレイバー,尾田信夫
クムシラコ,ミルファーム
クムリポ,錦岡牧場
クモヒトツナイ,ニューマレコード
クモリナキマナコ,ミルファーム
クモンリュウ,二口雅一
クライアウト,石瀬浩三
クライアンテル,ゴドルフィン
クライシス,前田幸治
クライス,ブルースターズファーム
クライストチャーチ,カナヤマホールディングス
クライスラー,ＫＡＪＩＭＯＴＯホールディングス
クライスレリアーナ,サンデーレーシング
クライナリーゼ,ＹＧＧホースクラブ
クライナークイーン,三宅勝俊
クライノート,サラブレッドクラブ・ラフィアン
クライベイビー,Ｇ１レーシング
クライマックス,吉澤ホールディングス
クライミングリリー,社台レースホース
クライミーアリバー,酒井孝敏
クライムメジャー,シルクレーシング
クライングナウ,小村アセットＭ
クラインシュミット,下河辺隆行
クラウスーラ,ロードホースクラブ
クラウソラス,谷岡毅
クラウディアイ,ケイズジャパン
クラウディベイ,丸山担
クラウトロック,林正道
クラウドクラスター,本田恒雄
クラウドスケープ,下河辺俊行
クラウドセイル,Ｇ１レーシング
クラウドナイン,平田修
クラウドプリーザー,社台レースホース
クラウドボウ,前田晋二
クラウンアゲン,浅川皓司
クラウンアバンティ,矢野まり子
クラウンアポロン,クラウン
クラウンアラビアン,矢野まり子
クラウンアールシー,矢野恭裕
クラウンインジエア,矢野悦三
クラウンウルル,矢野まり子
クラウンエンジニア,矢野恭裕
クラウンエンペラー,矢野恭裕
クラウンオーシャン,河原義宏
クラウンオール,上茶谷一
クラウンカイロス,矢野恭裕
クラウンカーネル,矢野雅子
クラウンキュー,矢野悦三
クラウンキング,クラウン
クラウンクラシック,矢野恭裕
クラウンクーロン,矢野悦三
クラウングスタフ,矢野恭裕
クラウンコジーン,矢野恭裕
クラウンサプライズ,和田志保
クラウンシエンタ,矢野恭裕
クラウンシャイン,クラウン
クラウンシューター,杉山忠国
クラウンジャミール,矢野まり子
クラウンジュエル,ターフ・スポート
クラウンジン,矢野雅子
クラウンスター,田島政光
クラウンセト,和田志保
クラウンセヘル,矢野まり子
クラウンゼロ,クラウン
クラウンチャンス,矢野恭裕
クラウンテック,矢野まり子
クラウンディバイダ,クラウン
クラウンデザイアー,クラウン
クラウンデフィート,矢野雅子
クラウントリオンフ,矢野恭裕
クラウンドマジック,協栄
クラウンハヴィ,矢野雅子
クラウンハート,京都ホースレーシング
クラウンパイオニア,クラウン
クラウンパント,Ｍｒ．ホース
クラウンパーチェ,矢野恭裕
クラウンヒューモア,矢野まり子
クラウンファラデー,矢野悦三
クラウンフォース,矢野恭裕
クラウンフラッグ,高篠憲一
クラウンフラッシュ,クラウン
クラウンフリード,和田志保
クラウンフレイム,クラウン
クラウンブラヴォー,矢野悦三
クラウンプライド,吉田照哉
クラウンプレゼンタ,矢野恭裕
クラウンボス,クラウン
クラウンポセイドン,矢野恭裕
クラウンマグマ,矢野恭裕
クラウンマハロ,クラウン
クラウンモチーフ,シルクレーシング
クラウンライジング,矢野雅子
クラウンララファル,矢野雅子
クラウンリアルティ,和田志保
クラウンリース,矢野恭裕
クラウンルシフェル,クラウン
クラウンレイエス,矢野まり子
クラウンレガシー,矢野まり子
クラウンロマン,矢野まり子
クラウンロマーニャ,クラウン
クラウンローゼン,和田志保
クラウンヴィラン,和田志保
クラウンヴォルカン,矢野恭裕
クラオルグジェシダ,矢野悦三
クラサーヴィツァ,椎名節
クラシオン,古賀禎彦
クラシカルオーサー,社台レースホース
クラシカルカイザー,フィールドレーシング
クラシカルスカラー,水上行雄
クラシカルタイプ,大塚亮一
クラシカルビジュー,福盛訓之
クラシコ,林正道
クラシックココア,吉田和美
クラシックステップ,シルクレーシング
クラシックメジャー,松岡隆雄
クラシックメタル,吉田勝己
クラスペディア,塚田義広
クラックアスマイル,社台レースホース
クラックオブドーン,Ｇ１レーシング
クラックショット,キャロットファーム
クラックステソーロ,了徳寺健二ホールディングス
クラックミーアップ,コスモヴューファーム
クラッシファイド,キャロットファーム
クラッシュタイム,大田恭充
クラッチスラッガー,名古屋友豊
クラッチプレイヤー,金子真人ホールディングス
クラッパーボード,吉田和美
クラップアンドチア,深見富朗
クラップクラップ,ＨｉｍＲｏｃｋＲａｃｉｎｇホールディングス
クラップサンダー,深見富朗
クラップユアハンズ,岡田牧雄
クラテロス,市川義美ホールディングス
クラディスティーナ,矢野恭裕
クラトス,カナヤマホールディングス
クラトリヴィーナス,徳重実幸
クラフトマンシチー,友駿ホースクラブ
クラブジャズ,市川義美ホールディングス
クラペ,サンデーレーシング
クラマテング,國分純
クラリオ,ノースヒルズ
クラリスバローズ,猪熊広次
クラリスヒメ,ＨｉｍＲｏｃｋＲａｃｉｎｇホールディングス
クラリティサウンド,杉山忠国
クラリティスケール,ノルマンディーサラブレッドレーシング
クラリティー,シンザンクラブ
クラリネットソナタ,社台レースホース
クラリノ,ヒダカ・ブリーダーズ・ユニオン
クラリファイ,サンデーレーシング
クラリフィエ,吉田勝利
クラリヴィデンシア,ゴドルフィン
クラルスマーネ,ウエスト．フォレスト．ステイブル
クラレット,村野康司
クラン,加藤天明
クランシリーニー,大倉佑介
クランズクラウン,吉田勝己
クランツリート,岩崎僖澄
クランドゥイユ,ノースヒルズ
クランドゥルス,ライオンレースホース
クランフォード,ロードホースクラブ
クランプ,ロードホースクラブ
クランプダンス,キャロットファーム
クランプレミア,会田浩史
クランベリーダンス,中村祐子
クラヴァシュドール,山紫水明
クラヴァンス,佐々木主浩
クラヴィウス,村上稔
クラヴィコード,ロードホースクラブ
クラヴィスオレア,多田信尊
クラヴィーア,ノースヒルズ
クラヴィーゴ,サンデーレーシング
クラヴェル,キャロットファーム
クラークキー,保坂和孝
クラークテソーロ,了徳寺健二ホールディングス
クラージュゲリエ,キャロットファーム
クラージュスター,油木大樹
クラージュミノル,吉岡輝美
クラート,ミルファーム
クラーナハズヌード,高瀬真尚
クラーベドラド,サンデーレーシング
クラーラ,ミルファーム
クラーロイメル,ケーエスＨＤ
クラーロデラルナ,平本敏夫
クラーヴォ,ノースヒルズ
クリアクォーツ,田頭勇貴
クリアサウンド,杉山忠国
クリアサンシャイン,長谷川守正
クリアザトラック,金子真人ホールディングス
クリアショット,今村明浩
クリアスカイライン,Ｇ１レーシング
クリアストライク,シルクレーシング
クリアセーリング,水上行雄
クリアミッション,大原詔宏
クリアーゲイル,ディアレストクラブ
クリイロ,石井輝昭
クリエイトザライフ,飯田正剛
クリエースト,永山勝敏
クリエープキー,中平和宏
クリオシタース,ノースヒルズ
クリオシダード,前田晋二
クリオズナ,サンデーレーシング
クリオミニーズ,サンデーレーシング
クリオロゴールド,中村伊三美
クリガーレ,永田和彦
クリキンツバ,田頭勇貴
クリケット,吉田和美
クリコイーコ,栗本依利子
クリコキアナ,栗本依利子
クリコバロー,栗本依利子
クリコファルコン,栗本依利子
クリコメリー,栗本依利子
クリスアーサー,大戸志浦
クリスエステソーロ,了徳寺健二ホールディングス
クリスザブラック,ユートピア牧場
クリススキャット,ヒダカ・ブリーダーズ・ユニオン
クリスタルアゲン,浅川皓司
クリスタルアワード,ノルマンディーサラブレッドレーシング
クリスタルウエイ,岡田和惠
クリスタルオーブ,永田和彦
クリスタルゴールド,岡田勇
クリスタルスワン,岡田勇
クリスタルタワー,レッドマジック
クリスタルダムール,Ｇ１レーシング
クリスタルテン,若山義記
クリスタルドレス,ミルファーム
クリスタルニキータ,ＨｉｍＲｏｃｋＲａｃｉｎｇホールディングス
クリスタルニクス,ヒダカ・ブリーダーズ・ユニオン
クリスタルハート,ヒダカ・ブリーダーズ・ユニオン
クリスタルバローズ,猪熊広次
クリスタルビーチ,山内晃
クリスタルブラック,岡田勇
クリスタルボール,田頭勇貴
クリスタルムーヴ,伊東純一
クリスタルメモリー,石井義人
クリスタルローズ,岡田勇
クリスタルローレル,岡田勇
クリスタロス,吉田照哉
クリスティ,薪浦英稔
クリスティテソーロ,了徳寺健二ホールディングス
クリストバウム,Ｇ１レーシング
クリストバライト,金子真人ホールディングス
クリスバーグ,大戸志浦
クリスプエアー,ウエスト．フォレスト．ステイブル
クリスプオブウォー,村上稔
クリスプブリーズ,コロンバスサークル
クリスプレミアム,大戸志浦
クリスマスディナー,吉田千津
クリスマスパレード,Ｇ１レーシング
クリスリターン,松本俊廣
クリスレジーナ,ターフ・スポート
クリソグランシャ,福盛訓之
クリソプテロン,サンデーレーシング
クリソベリル,キャロットファーム
クリダーム,インゼルレーシング
クリッパー,吉田和美
クリッパークラス,シルクレーシング
クリップクロップ,Ｇ１レーシング
クリップスプリンガ,山下良子
クリップルクリーク,三嶋牧場
クリティカルヒット,下河辺俊行
クリデュクール,サンデーレーシング
クリナッチ,リトルブルーファーム
クリニエールグラス,松岡隆雄
クリニクラウン,新木鈴子
クリノアイオライト,栗本依利子
クリノアイリス,栗本博晴
クリノアクアマリン,栗本博晴
クリノアグレッシブ,栗本博晴
クリノアスコット,栗本博晴
クリノアチーバー,栗本守
クリノアトレ,栗本守
クリノアドバンス,栗本依利子
クリノアパッチ,栗本博晴
クリノアマリリス,栗本守
クリノアメリア,栗本博晴
クリノアラジン,栗本依利子
クリノアリエル,栗本博晴
クリノアルバトロス,栗本博晴
クリノアルフォンス,栗本博晴
クリノアレグロ,栗本博晴
クリノアンカーマン,栗本博晴
クリノアントニヌス,栗本博晴
クリノアンビシャス,栗本博晴
クリノイカズチオー,栗本博晴
クリノイコライザー,栗本博晴
クリノイザナミ,栗本博晴
クリノイシン,栗本博晴
クリノイダテン,栗本博晴
クリノイットウセイ,栗本博晴
クリノイナヅマオー,栗本博晴
クリノインスパイア,栗本博晴
クリノインパクト,栗本博晴
クリノイヴァンカ,栗本博晴
クリノウィリアム,栗本依利子
クリノウマーベラス,栗本守
クリノエイブラハム,栗本博晴
クリノエイラク,栗本博晴
クリノエクリプス,栗本博晴
クリノエタニティ,栗本博晴
クリノエトワール,栗本守
クリノエドガー,栗本依利子
クリノエニシ,栗本依利子
クリノエメラルド,栗本博晴
クリノエリザベッタ,栗本博晴
クリノエルサ,栗本博晴
クリノエンジェル,栗本博晴
クリノエンジョイ,栗本守
クリノオウジャ,栗本守
クリノオオクニヌシ,栗本博晴
クリノオスカル,栗本博晴
クリノオスマン,栗本博晴
クリノオデッセイ,栗本依利子
クリノオリオン,栗本博晴
クリノオリーブ,栗本依利子
クリノオンリーワン,栗本博晴
クリノカイザー,栗本博晴
クリノカグヤ,栗本博晴
クリノカサット,栗本博晴
クリノカッチャン,栗本博晴
クリノカナロアオー,栗本博晴
クリノカポネ,栗本博晴
クリノカリビアン,栗本博晴
クリノガイア,栗本博晴
クリノガウディー,栗本博晴
クリノガオガオ,栗本守
クリノガリバー,栗本博晴
クリノガーベラ,栗本博晴
クリノキコウシ,栗本守
クリノキスミント,栗本博晴
クリノキューチャン,栗本博晴
クリノキララ,栗本博晴
クリノキング,栗本守
クリノキングボス,栗本博晴
クリノキングマン,栗本依利子
クリノキングムーン,栗本博晴
クリノギンザン,栗本博晴
クリノクイーン,栗本守
クリノクオン,栗本博晴
クリノクノイチ,栗本博晴
クリノクラール,栗本博晴
クリノクリスタル,栗本守
クリノクリスチャン,栗本博晴
クリノクリストフ,栗本博晴
クリノクルミチャン,栗本博晴
クリノクレセント,栗本博晴
クリノクークラン,栗本博晴
クリノクーチャン,栗本依利子
クリノクーニング,栗本博晴
クリノグリゴロス,栗本博晴
クリノグレイト,栗本博晴
クリノグローリー,栗本依利子
クリノケンリュウ,栗本博晴
クリノコウテイ,栗本守
クリノコハルビヨリ,栗本博晴
クリノコマンダー,栗本博晴
クリノコンドル,栗本博晴
クリノゴッホ,栗原正雄
クリノゴーギャン,栗本博晴
クリノゴーゴー,栗本博晴
クリノゴージャス,栗本守
クリノゴールド,栗本博晴
クリノサクセス,栗本博晴
クリノサプライズ,栗本博晴
クリノサムライ,栗本博晴
クリノサルベージ,栗本博晴
クリノサンシャイン,栗本博晴
クリノサンスーシ,栗本博晴
クリノサンバ,栗本博晴
クリノサンレオ,栗本博晴
クリノザウルス,栗本博晴
クリノシャイニー,栗本博晴
クリノシャガール,栗本博晴
クリノシャンボール,栗本博晴
クリノシュワシュワ,栗本博晴
クリノショウグン,栗本博晴
クリノシラヌイ,栗本博晴
クリノシラユキ,栗本博晴
クリノシークレット,栗本博晴
クリノジョヴァンナ,栗本博晴
クリノジルバ,栗本博晴
クリノジーニアス,栗本博晴
クリノス,阿部榮乃進
クリノストロング,栗本守
クリノスパーク,栗本博晴
クリノスパークル,栗本博晴
クリノスピネル,栗本博晴
クリノスラッガー,栗本博晴
クリノスワロー,栗本守
クリノセキトバ,栗本博晴
クリノセゴビア,栗本博晴
クリノセーラーマン,栗本守
クリノソフィア,栗本博晴
クリノソプラノ,栗本博晴
クリノソルアステカ,栗本博晴
クリノソレイユ,栗本博晴
クリノソワカ,栗本博晴
クリノタカラブネ,栗本博晴
クリノタンザナイト,栗本博晴
クリノターハイ,栗本博晴
クリノダイスーシー,栗本博晴
クリノダンディー,栗本博晴
クリノチャイルド,栗本博晴
クリノチャンプ,栗本守
クリノチャールズ,栗本依利子
クリノツッチャン,栗本博晴
クリノティファニー,栗本博晴
クリノテッパン,栗本博晴
クリノテルチャン,栗本博晴
クリノデジャヴ,栗本博晴
クリノトウシン,栗本守
クリノトパーズ,栗本博晴
クリノトランプ,栗本博晴
クリノトンイ,栗本博晴
クリノドドンパ,栗本博晴
クリノドラゴン,栗本博晴
クリノナイスガイ,栗本博晴
クリノニキータ,栗本博晴
クリノニーナ,栗本守
クリノネモフィラ,栗本博晴
クリノノヴァエ,栗本博晴
クリノハイジ,栗本博晴
クリノハッチャン,栗本博晴
クリノハニー,栗本博晴
クリノハピネス,栗本博晴
クリノハプスブルク,栗本博晴
クリノハヤブサ,栗本博晴
クリノハレルヤ,栗本依利子
クリノハーベスト,栗本博晴
クリノハーヴィー,栗本博晴
クリノバラライカ,栗本博晴
クリノバルセロナ,栗本博晴
クリノバルテュス,栗本博晴
クリノバーグマン,栗本依利子
クリノパイソン,栗本博晴
クリノパッション,栗本守
クリノパプリカ,栗本博晴
クリノヒビキ,栗本博晴
クリノヒーロー,栗本博晴
クリノビックスター,栗本博晴
クリノビックネーム,栗本博晴
クリノビックマロン,栗本守
クリノビックリバゴ,栗本博晴
クリノビッグサージ,栗本博晴
クリノビッグボス,栗本博晴
クリノビッグママ,栗本博晴
クリノビバーチェ,栗本博晴
クリノビビ,栗本博晴
クリノピチカート,栗本博晴
クリノピョートル,栗本博晴
クリノピンクダイヤ,栗本博晴
クリノファイヤー,栗本博晴
クリノファルコン,栗本博晴
クリノファンタジア,栗本博晴
クリノフィガロ,栗本依利子
クリノフウジン,栗本博晴
クリノフラッグ,栗本博晴
クリノフラッシュ,栗本博晴
クリノフロンティア,栗本博晴
クリノフローレンス,浅野正敏
クリノブラックオー,栗本博晴
クリノブリーゼ,栗本博晴
クリノブルームーン,栗本博晴
クリノブレーヴ,栗本博晴
クリノプリンシス,栗本博晴
クリノプレミアム,栗本博晴
クリノベイクイーン,栗本博晴
クリノベロニカ,栗本博晴
クリノペーテルス,栗本博晴
クリノホノオ,栗本博晴
クリノホムラ,栗本博晴
クリノホールスアイ,栗本博晴
クリノボタンチャン,栗本守
クリノマイスター,栗本依利子
クリノマジン,栗本守
クリノマックイーン,栗本依利子
クリノマレンゴ,栗本博晴
クリノマンゲツ,栗本博晴
クリノマンジェリカ,栗本博晴
クリノマンチェスー,栗本博晴
クリノミカサ,栗本博晴
クリノミスゴールド,栗本博晴
クリノミニスター,栗本守
クリノメイ,栗本依利子
クリノメガミエース,栗本八江
クリノモノリス,栗本依利子
クリノモリゾ,栗本博晴
クリノモルガナイト,栗本博晴
クリノモンスター,栗本博晴
クリノヤタガラス,栗本博晴
クリノヤマトノオー,栗本守
クリノユウコリン,栗本博晴
クリノユウセイ,栗本博晴
クリノユキツバキ,栗本博晴
クリノユースフル,栗本博晴
クリノライジン,栗本博晴
クリノライメイ,栗本博晴
クリノラピダス,栗本篤志
クリノラピッド,栗本博晴
クリノラホール,栗本博晴
クリノラリマール,栗本博晴
クリノランシャーク,栗本依利子
クリノランボー,栗本博晴
クリノリアルレディ,栗本依利子
クリノリキオー,栗本守
クリノリトミシュル,栗本博晴
クリノリトルスター,栗本博晴
クリノリュウグウ,栗本博晴
クリノリンカーン,栗本博晴
クリノリヴィング,栗本守
クリノリーソクツモ,栗本博晴
クリノルイーズ,栗本守
クリノルナマヤ,栗本博晴
クリノルネサンス,栗本守
クリノルージュ,栗本博晴
クリノレイチェル,栗本博晴
クリノレオノール,栗本博晴
クリノレジェンド,栗本博晴
クリノロケットマン,栗本博晴
クリノロッサ,栗本博晴
クリノロマン,栗本博晴
クリノローレライ,栗本博晴
クリノワンダフル,栗本博晴
クリノヴァニラ,栗本博晴
クリノヴァルキリー,栗本博晴
クリノヴィクトリア,栗本博晴
クリノヴィンセント,栗本博晴
クリノヴィーナス,栗本博晴
クリノヴジュアル,栗本博晴
クリフウォーク,サンデーレーシング
クリフハンガー,ゴドルフィン
クリプティクコード,フクキタル
クリプトカレンシー,山上和良
クリプトス,ゴドルフィン
クリムズンフラッグ,加藤徹
クリムゾンオーラ,田頭勇貴
クリムゾンキャット,吉田千津
クリムゾンスター,Ｎ．ウェレット
クリムゾンハート,杉山忠国
クリムゾンバローズ,猪熊広次
クリムゾンバースト,社台レースホース
クリムゾンブリッツ,レッドマジック
クリムゾンボタン,ヒダカ・ブリーダーズ・ユニオン
クリムゾンリーフ,飯田貴大
クリムゾンレッド,グリーンスウォード
クリムトゥ,ミルファーム
クリュギスト,長谷川祐司
クリュサネル,熊谷貴之
クリュティエ,ノルマンディーサラブレッドレーシング
クリュメノス,ウエスト．フォレスト．ステイブル
クリンカービルト,社台レースホース
クリンキー,栗坂崇
クリンチャー,前田幸治
クリントンテソーロ,了徳寺健二ホールディングス
クリー,サン
クリーゲリン,ノースヒルズ
クリーデンス,橋元勇氣
クリールスル,永見貴昭
クリーンエア,ゴドルフィン
クリーンガーベラ,石橋和夫
クリーンショコラ,石橋和夫
クリーンジーニアス,石橋和夫
クリーンスイープ,シルクレーシング
クリーンスレイト,ゴドルフィン
クリーンドリーム,石橋和夫
クリーンファンキー,石橋和夫
クリーンブーケ,石橋和夫
クリーンリーチ,石橋和夫
クルクルティンクル,伊藤信之
クルクルミラクル,村島聡乃
クルサール,モンレーヴ
クルシナ,門野重雄
クルシファー,ノルマンディーサラブレッドレーシング
クルシュー,畑佐博
クルスデルスール,田頭勇貴
クルスノウミ,岡浩二
クルスラ,畑佐博
クルゼイロドスル,ゴドルフィン
クルチェット,ＤＭＭドリームクラブ
クルビデンス,石井輝昭
クルベリ,Ｇ１レーシング
クルミナーレ,金子真人ホールディングス
クルミネイト,キャロットファーム
クルメミッチー,茂木国久
クルル,パニオロ
クルワールデジール,鈴木芳夫
クルヴァグランデ,玉井宏和
クルーエルワーク,水上行雄
クルーガー,キャロットファーム
クルーク,金子真人ホールディングス
クルークハイト,キャロットファーム
クルークヴァール,林正道
クルージーン,坂本浩一
クルールデュヴァン,吉田和美
クルールローザンヌ,ヒダカ・ブリーダーズ・ユニオン
クルーンチャン,長谷川進一
クレア,中辻明
クレアシアグルーヴ,イージス
クレアチョウサン,チョウサン
クレアツィオーネ,ライオンレースホース
クレアトゥール,ヒダカ・ブリーダーズ・ユニオン
クレアノア,草間庸文
クレアーレ,池江泰郎
クレイジーエックス,深見富朗
クレイジーキルト,吉田和美
クレイジースピード,石川達絵
クレイジーディス,ウエスト．フォレスト．ステイブル
クレイジーリッチ,江川伸夫
クレイス,Ｇ１レーシング
クレイターレイク,サラブレッドクラブ・ラフィアン
クレイドル,キャロットファーム
クレイプマートル,清水敏
クレインギフト,新熊一生
クレインヴォイス,京都ホースレーシング
クレイヴ,水上行雄
クレイヴィンオナー,矢野秀春
クレエンシア,キャロットファーム
クレオズニードル,ゴドルフィン
クレオメデス,近藤英子
クレシューズ,フジワラ・ファーム
クレスケンスルーナ,ウエスト．フォレスト．ステイブル
クレスコアンジェラ,堀川三郎
クレスコウェイ,堀川三郎
クレスコエルザ,堀川三郎
クレスコキャニオン,堀川三郎
クレスコサンダー,堀川三郎
クレスコジョケツ,堀川三郎
クレスコセレーナ,堀川三郎
クレスコドルフィン,堀川三郎
クレスコフェーヴ,堀川三郎
クレスコブレイブ,堀川三郎
クレスコペガサス,堀川三郎
クレスコマリン,堀川三郎
クレスコロッキー,堀川三郎
クレスティア,小島章義
クレストモナーク,遠藤良一
クレセント,石川達絵
クレセントウイング,ヒダカ・ブリーダーズ・ユニオン
クレセントゼファー,ＣＯＣＯＲＯ組合
クレッシェンド,下河邉博
クレッシェンドラヴ,広尾レース
クレッセントブーケ,サラブレッドクラブ・ラフィアン
クレッセントムーン,シルクレーシング
クレテイユ,グリーンスウォード
クレディブル,清水二朗
クレデンザ,Ｇ１レーシング
クレド,カナヤマホールディングス
クレドゥボヌール,大塚亮一
クレドラネージュ,Ｇ１レーシング
クレドール,島川隆哉
クレナイ,三岡陽
クレナイピロコ,長橋賢吾
クレバー,石川達絵
クレバーキュート,吉田千津
クレバージェット,田畑利彦
クレバーテースト,シルクレーシング
クレバーナイト,岡田和惠
クレバーバローズ,猪熊広次
クレバーバード,サンデーレーシング
クレバーピコ,岡田和惠
クレパスキュラー,キャロットファーム
クレパト,小川眞査雄
クレフ,水上行雄
クレプスクルム,ノースヒルズ
クレベール,ラ・メール
クレマチス,ノースヒルズ
クレマチステソーロ,了徳寺健二ホールディングス
クレマンダルザス,吉田勝己
クレミーノ,ヒダカ・ブリーダーズ・ユニオン
クレメダンジュ,ノースヒルズ
クレメンティ,保坂和孝
クレヨンポップ,千明牧場
クレヴァージャッジ,西田順彦
クレーキング,シルクレーシング
クレーブラット,岩崎僖澄
クレームブリュレ,青芝商事
クレーリッチェ,サラブレッドクラブ・ラフィアン
クレールジョリ,ディアレストクラブ
クレールフォルム,社台レースホース
クレールプリュネル,江川伸夫
クレーンパーディタ,本桐牧場
クレーンロケット,本桐牧場
クロウエア,キャロットファーム
クロウサギ,前川企画
クロウソング,サンデーレーシング
クロカドッグ,ヒダカファーム
クロカミジョウ,河内孝夫
クロガネ,石川達絵
クロキシ,門野重雄
クロコスミア,大塚亮一
クロゴマプリン,高昭牧場
クロシェット,島川隆哉
クロシェットノエル,村野康司
クロシェノワール,琴浦諒
クロシオカレント,谷掛龍夫
クロシュ,島川利子
クロシンジュ,ヒダカ・ブリーダーズ・ユニオン
クロジシジョー,河内孝夫
クロスアミュレット,シルクレーシング
クロスアヴァンセ,辻高史
クロスオブゴールド,下河辺隆行
クロスオブドリーム,ヒダカ・ブリーダーズ・ユニオン
クロスオブヴァロー,ＤＭＭドリームクラブ
クロスキー,キャロットファーム
クロスケ,助川啓一
クロスザウォール,ＣＨＥＶＡＬＡＴＴＡＣＨＥ
クロスザオーシャン,玉井宏和
クロスザルビコン,小村アセットＭ
クロスジー,コスモ・コスモ
クロスセル,Ｇ１レーシング
クロステイア,河合裕明
クロステック,社台レースホース
クロスパール,キャロットファーム
クロスビーム,畑佐博
クロスペンデュラム,吉田照哉
クロスボーダー,Ｇ１レーシング
クロスマジェスティ,辻高史
クロスライセンス,サンデーレーシング
クロスラミナ,水上ふじ子
クロスリーフ,キャロットファーム
クロスレジーナ,辻高史
クロスレート,京都ホースレーシング
クロスワールド,吉武章
クロダテ,ゴドルフィン
クロダブシ,岡浩二
クロックフォード,社台レースホース
クロッグダンス,社台レースホース
クロッチ,リトルブルーファーム
クロティルド,雅苑興業
クロデメニル,藤田晋
クロトノーナ,キャロットファーム
クロドラバール,長谷川祐司
クロナ,村木慎吾
クロニオス,シルクレーシング
クロニクル,ゴドルフィン
クロニクルノヴァ,ＤＭＭドリームクラブ
クロヌサンファン,コスモヴューファーム
クロノジェネシス,サンデーレーシング
クロノスコープ,水上行雄
クロノスタシス,キャロットファーム
クロノスバレット,山田有暉朗
クロノスバローズ,奈良崎孝一郎
クロノスミノル,吉岡實
クロノネクサス,サンデーレーシング
クロノフルール,明栄商事
クロノメーター,サンデーレーシング
クロノレガリス,辻高史
クロパラントゥ,長谷川祐司
クロヒョウ,河内孝夫
クロフネシルエット,ＩＨＲ
クロフネフリート,平井裕
クロフネプリンセス,サイプレスホールディングス
クロフネミッション,会田浩史
クロフネレジェンド,村島昭男
クロボタン,河内孝夫
クロマク,岡浩二
クロマツミッチー,茂木道和
クロミ,一村哲也
クロミチャン,リトルブルーファーム
クロミツ,金山敏也
クロミナンス,サンデーレーシング
クロムウェル,ミルファーム
クロムハーツガール,是枝浩平
クロメ,程田真司
クロメヒョウ,河内孝夫
クロユキ,インゼルレーシング
クロユリジョウ,河内孝夫
クロライナ,岡田牧雄
クロランサス,社台レースホース
クロリ,二風谷ファーム
クロリス,カナヤマホールディングス
クロレ,前田葉子
クロワ,島川隆哉
クロワデュノール,サンデーレーシング
クロワドフェール,キャロットファーム
クロワルース,シルクレーシング
クロワール,前田晋二
クロンターフ,サンデーレーシング
クロンヌジャン,吉田智
クロンヌデトワール,ヒダカ・ブリーダーズ・ユニオン
クロンヌドラレーヌ,ライオンレースホース
クロンペン,下河辺牧場
クロンマクノイズ,サンデーレーシング
クロースコンバット,吉田勝己
クローストゥミー,保坂和孝
クローズネスト,飯田正剛
クローズユアアイズ,ＮＩＣＫＳ
クローディオ,キャロットファーム
クローネウィルマ,大樹ファーム
クローバーデール,吉田勝己
クローマークス,辻牧場
クロームクロス,山田侑司
クロームノワール,岡田隆寛
クローリスノキセキ,嶋田賢
クローヴィス,キャロットファーム
クワイエット,ＹＧＧホースクラブ
クワイエットアイ,前田幸大
クワイエットドーン,シルクレーシング
クワイエットナウ,阿部善武
クワイエットホーク,金子真人ホールディングス
クワイトポッシブル,Ｇ１レーシング
クワスタッキー,桑波田耕円
クワッドアーチ,シルクレーシング
クワッドマリニン,川勝裕之
クワッドルッツ,川勝裕之
クワトロダッシュ,ザ・チャンピオンズ
クワトロチェント,伊藤恵介
クワドラード,グリーンファーム
クワヒカリ,銀玉競走馬倶楽部
クンクンクン,ミルファーム
クンタキンテ,小林善一
クンバカルナ,幅田昌伸
クンパワピー,ディアレストクラブ
クヴェレ,カナヤマホールディングス
クー,鈴木正浩
クーアフュルスト,ケンレーシング組合
クーザ,ライオンレースホース
クーシフォン,水上行雄
クータモ,ノースヒルズ
クーダルジャン,シルクレーシング
クーデピンヌ,吉岡誠
クーデメイン,吉田勝己
クーデール,中村伊三美
クードメイトル,ターフ・スポート
クードロア,吉田照哉
クーファアチャラ,大迫久美子
クーファアドーブス,大迫正善
クーファイザナミ,大迫久美子
クーファウェヌス,大迫久美子
クーファサンピラー,大迫久美子
クーファディーヴァ,大迫久美子
クーファピーカブー,大迫正善
クープグラッセ,日高大洋牧場
クープドゥフランス,渡邊隆
クープドクール,ヒダカ・ブリーダーズ・ユニオン
クープラン,森田和豊
クーペ,ビッグレッドファーム
クーペリー,ウエスト．フォレスト．ステイブル
クーラント,市瀬章
クーリッジテソーロ,了徳寺健二ホールディングス
クーリュ,ライオンレースホース
クールアライブ,川上哲司
クールインパクト,佐藤範夫
クールウォーター,金子真人ホールディングス
クールエイジア,山王飯店
クールオープニング,前田晋二
クールカグラ,久木田隆
クールガジェット,上村洋司
クールキャット,シルクレーシング
クールギャルド,川上哲司
クールクラバート,社台レースホース
クールココナヒメ,川上哲司
クールサムタイム,川上哲司
クールサンタ,村島昭男
クールシェリー,川上哲司
クールシェルタ,ディアレストクラブ
クールシャイン,林進
クールシャワー,川上哲司
クールシュヴェル,水上行雄
クールシラユリ,村島昭男
クールジェンヌ,田畑利彦
クールジャーマン,川上哲司
クールストラッチン,田島榮二郎
クールソル,林正道
クールタロウ,川上哲司
クールチェンジ,吉田和美
クールティアラ,川上哲司
クールデイトナ,川上哲司
クールデザイン,社台レースホース
クールデショー,川上哲司
クールトラッカー,寺田寿男
クールドリオン,ＤＭＭドリームクラブ
クールドレーヌ,ターフ・スポート
クールハッカー,久木田隆
クールビスマルク,川上哲司
クールファイブ,大塚亮一
クールフィデル,社台レースホース
クールフィールド,川上哲司
クールフラン,サンデーレーシング
クールブリエ,ゴールドアップ・カンパニー
クールブルーダイヤ,川上哲司
クールブレーブ,川上哲司
クールブロン,キャロットファーム
クールベイビー,川上哲司
クールボス,ＣＨＥＶＡＬＡＴＴＡＣＨＥ
クールボビー,川上哲司
クールマイユール,ノースヒルズ
クールマキシマム,保谷フミ子
クールマニワ,サンライズ
クールマーキュリー,川上哲司
クールマーロウ,川上哲司
クールミラボー,Ｇ１レーシング
クールムーア,川上哲司
クールメゾン,久木田隆
クールモンテ,村島昭男
クールライズ,久木田隆
クールリアル,川上哲司
クールリフレイン,下河辺美智子
クールロジック,川上哲司
クールローズサクラ,川上哲司
クールヴィンソン,ＨｉｍＲｏｃｋＲａｃｉｎｇホールディングス
クーレクー,程田真司
クーレスト,奥裕嗣
グァルジャー,二口雅一
グァンチャーレ,松本俊廣
グアドループ,平井裕
グアナバラ,ゴドルフィン
グアラニア,Ｇリビエール・レーシング
グアン,キーファーズ
グエムル,荒井泰樹
グエルリエーロ,ノースヒルズ
グエンフィヴァル,ノースヒルズ
グシチャンノカゼ,眞保榮稔
グシチャンノソラ,眞保榮稔
グシチャンノホシ,眞保榮稔
グシュタッドパレス,平田修
グスク,ゴドルフィン
グスタフ,ケンレーシング組合
グスタール,ビッグレッドファーム
グッジョブ,馬場幸夫
グッディクリステル,スピードファーム
グッデイ,ＫＳＴレーシング
グッデイドリーム,辻子依旦
グットウインド,八巻弘一
グットクルサマー,ニューマレコード
グットディール,安原浩司
グットフォーチュン,西村專次
グットラン,江川伸夫
グッドアズゴールド,京都ホースレーシング
グッドイナフ,松谷翔太
グッドイヤー,佐々木孝之
グッドインパクト,杉立健次郎
グッドウッドガイ,栗原正章
グッドエクスプレス,井山登
グッドカウンセル,ゴドルフィン
グッドカグラ,杉立恭平
グッドグロウス,宮川純造
グッドショット,下河邉行信
グッドジュエリー,長谷川光司
グッドステージ,杉立健次郎
グッドストーム,トニー倶楽部
グッドスペンサー,吉岡泰治
グッドスマイル,杉立健次郎
グッドタイミング,森中啓子
グッドトゥヒアー,岡田牧雄
グッドハビッツ,サラブレッドクラブ・ラフィアン
グッドヒューマー,ディアレストクラブ
グッドピース,前田幸治
グッドフィーリング,ターフ・スポート
グッドフェイス,ＳＴレーシング
グッドフェイム,社台レースホース
グッドフェローズ,石川眞実
グッドフライデー,下河辺牧場
グッドフラッシュ,草間庸文
グッドブリッジ,吉橋厚司
グッドヘルスバイオ,バイオ
グッドホース,杉山忠国
グッドマックス,長谷川光司
グッドムード,飯田正剛
グッドラックサマー,澤田孝之
グッドラックスター,ヌデ嶋孝司
グッドラックラブ,三岡陽
グッドラベリング,青山洋一
グッドリドゥンス,林勝宗
グッドルックス,池田草龍
グッドレイズ,杉立健次郎
グッドレイン,伊藤良兵
グッドレッスン,窪田芳郎
グッドロマンス,ビリオンスター
グッドワード,下河辺俊行
グッドヴァイブス,藤田晋
グッドヴィジョン,ＩＨＲ
グッドヴィンテージ,平田修
グッナイベイビー,大野富生
グッバイアイザック,石川秀守
グッバイウェーブ,多田賢司
グッバイガール,吉田千津
グティ,エムズレーシング
グディンナ,永田和彦
グトルフォス,林正道
グブリーサビタン,瀬谷隆雄
グライユル,ノースヒルズ
グラインドアウト,酒井孝敏
グラウクス,社台レースホース
グラウシュトラール,ノルマンディーサラブレッドレーシング
グラウベン,ノースヒルズ
グラウンドビート,社台レースホース
グラサージュ,保坂和孝
グラシアス,瀬谷隆雄
グラシアディヴィナ,Ｇ１レーシング
グラシアムヘール,モンレーヴ
グラシアレスインク,シルクレーシング
グラシアーノ,犬塚悠治郎
グラシリスティラ,社台レースホース
グラシリティ,友駿ホースクラブ
グラシーナ,椎名節
グラジオラス,サラブレッドクラブ・ラフィアン
グラス,ニッシンホールディングス
グラスアロー,半沢
グラスエメラルダ,半沢
グラスエルファロ,半沢
グラスカルメン,半沢
グラスクアドラ,半沢
グラスクラージュ,半沢
グラスグリード,伊東純一
グラスコックピット,飯田良枝
グラスゴー,共田義夫
グラスサーシャ,半沢
グラスシフォン,半沢
グラスシャイニング,半沢
グラスセービア,半沢
グラスダイヤモンド,長谷川守正
グラスチアー,半沢
グラスティアラ,伊東純一
グラスディアブロ,半沢
グラスデスティーノ,半沢
グラストルファン,半沢
グラストンベリー,ロードホースクラブ
グラスハーティー,半沢
グラスビジョン,半沢
グラスビーチ,金子真人ホールディングス
グラスピエーナ,半沢
グラスピレ,ノルマンディーサラブレッドレーシング
グラスファイン,半沢
グラスファミーユ,半沢
グラスフェザー,半沢
グラスフェロー,半沢
グラスフラッグ,半沢
グラスフレイバー,尾田信夫
グラスブランシュ,半沢
グラスブルース,半沢
グラスプレシャス,半沢
グラスプレジャー,半沢
グラスベリー,半沢
グラスベルグ,吉田勝己
グラスベローナ,半沢
グラスボイジャー,半沢
グラスミヤラビ,半沢
グラスミラー,半沢
グラスミリオン,半沢
グラスミルキー,半沢
グラスリッキー,半沢
グラスルーナ,半沢
グラスレオ,半沢
グラスレガシー,半沢
グラスヴィガー,半沢
グラッシー,伊藤健
グラッツィエディオ,安原浩司
グラッツェミーレ,杉山忠国
グラッテンハーレ,ＹＧＧホースクラブ
グラットシエル,社台レースホース
グラットンラッシー,吉田晴哉
グラッドビート,ディアレストクラブ
グラッパディローザ,丸山担
グラッブアドリーム,ホシノレーシング
グラツィオーソ,ＧｒａｎｄｅＲａｃｉｎｇ
グラティアス,スリーエイチレーシング
グラティアスミノル,吉岡輝美
グラティアム,吉田晴哉
グラティトゥー,ライオンレースホース
グラディウス,田頭勇貴
グラディオロ,村野康司
グラディオール,サンデーレーシング
グラディート,米津佳昭
グラディーヴァ,近藤英子
グラデュアリー,社台レースホース
グラデュエイト,阿部友弘
グラデュエール,Ｍｒ．ホース
グラトゥリーレ,ターフ・スポート
グラドゥアーレ,シルクレーシング
グラナタス,サンデーレーシング
グラナダローズ,ビッグレッドファーム
グラナリー,カナヤマホールディングス
グラナートロート,社台レースホース
グラニット,ミルファーム
グラニットピーク,シルクレーシング
グラニュエル,広尾レース
グラニータ,社台レースホース
グラビティブラスト,ビッグレッドファーム
グラフ,金山政信
グラファイト,社台レースホース
グラフィティアート,ゴドルフィン
グラフィティウォー,岡田牧雄
グラフェン,スリーエイチレーシング
グラフレナート,キャロットファーム
グラブビクトリー,宮川純造
グラマラス,吉澤ホールディングス
グラマラススカイ,スリースターズレーシング
グラマラスマリー,社台レースホース
グラマラスライフ,シルクレーシング
グラミス,佐藤壽男
グラムエッジ,キャロットファーム
グラリッチ,グランデオーナーズ
グランアトミカ,シルクレーシング
グランアプロウソ,前田幸治
グランアリエル,布施慶士
グランアルザン,飯田訓大
グランアルティスタ,ノルマンディーサラブレッドレーシング
グランアルト,ＧＥＴＮＥＸＴ
グランアルマダ,サンデーレーシング
グランアレグリア,サンデーレーシング
グランアンセム,一村哲也
グランエクセレント,田畑利彦
グランエシェゾー,フォレストレーシング
グランエスタード,星野祐介
グランエスペランサ,吉田勝己
グランエソール,村上龍太郎
グランエース,平川浩之
グランエースマン,布施慶士
グランオギュール,吉田晴哉
グランオフィシエ,社台レースホース
グランオルカ,ＴＮレーシング
グランオース,グランホース
グランカッサ,キャロットファーム
グランカメリア,京都ホースレーシング
グランカンタンテ,インゼルレーシング
グランキティ,間宮秀直
グランキューブ,原禮子
グランキングオー,サイプレスホールディングス
グランキンバリー,飯田訓大
グランクリュ,下河辺隆行
グランクロワ,村野康司
グラングスト,サンデーレーシング
グラングリシーヌ,宮崎俊也
グランコネクシオン,吉田照哉
グランコマトー,飯田訓大
グランサバナ,キャロットファーム
グランサム,キャロットファーム
グランシェリー,間宮秀直
グランシエロ,フィールドレーシング
グランシャスール,京都ホースレーシング
グランシャット,小山大介
グランシャン,モンレーヴ
グランシャーク,岡田牧雄
グランジェット,間宮秀直
グランジャンブ,コスモヴューファーム
グランジュール,田中慎之輔
グランジョルノ,キャロットファーム
グランスエーニョ,ＤＭＭドリームクラブ
グランスカーレット,社台レースホース
グランスターオー,サイプレスホールディングス
グランスピード,ライオンレースホース
グランスプリント,辻牧場
グランスラムアスク,廣崎利洋ＨＤ
グランセイント,グランホース
グランセザム,飯田訓大
グランセゾン,ノースヒルズ
グランセニョリータ,堀祥子
グランセノーテ,安原浩司
グランセレスト,フィールドレーシング
グランセンチュリ,間宮秀直
グランソシエ,中島真美
グランソフィア,林千枝子
グランソヴァール,広尾レース
グランソード,ターフ・スポート
グランダイト,Ｇ１レーシング
グランダルメ,コスモヴューファーム
グランチェイサー,落合幸弘
グランチーノ,小菅誠
グランツ,酒井孝敏
グランツアーテム,ウエスト．フォレスト．ステイブル
グランツエクラ,岩崎僖澄
グランツグリーン,斎藤光政
グランツシチー,友駿ホースクラブ
グランツベリー,広尾レース
グランツリッター,ＹＧＧホースクラブ
グランツリヒター,ノルマンディーサラブレッドレーシング
グランツローゼ,柿内孝幸
グランティエラ,ノルマンディーサラブレッドレーシング
グランテスト,下河辺隆行
グランテミス,間宮秀直
グランテレーズ,シルクレーシング
グランデ,グランデオーナーズ
グランデアマポーラ,社台レースホース
グランディア,キャロットファーム
グランディオサ,黒岩剛史
グランディス,石井輝昭
グランディスペース,野嶋祥二
グランディマージュ,ライオンレースホース
グランディール,ライオンレースホース
グランデインヴルサ,青山洋一
グランデエス,山田裕仁
グランデオーロラ,グランデオーナーズ
グランデサラス,名古屋友豊
グランデステラ,ムーティエＲ
グランデストラーダ,シルクレーシング
グランデスパーダ,ノルマンディーサラブレッドレーシング
グランデスフィーダ,ＤＭＭドリームクラブ
グランデフィオーレ,キャロットファーム
グランデボスコ,大森悌次
グランデマーレ,キャロットファーム
グランデミノル,吉岡實
グランデモナルカ,サンデーレーシング
グランデラクール,飯田訓大
グランデラムジー,グランデオーナーズ
グランデルカク,グランデオーナーズ
グランデレジーナ,キャロットファーム
グラントテソーロ,了徳寺健二ホールディングス
グランドアイディル,田畑利彦
グランドアルナイル,田畑利彦
グランドエスケープ,田頭勇貴
グランドエルグ,社台レースホース
グランドオーパス,前田晋二
グランドカリナン,田畑利彦
グランドガール,林千枝子
グランドクォーツ,田畑利彦
グランドクララ,林千枝子
グランドクロス,田頭勇貴
グランドグラン,田畑利彦
グランドグローリー,ウス牧場
グランドゴールド,田畑利彦
グランドサッシュ,シルクレーシング
グランドシュギョク,田畑利彦
グランドジャヌー,田畑利彦
グランドジュビリー,保坂和孝
グランドスウェル,岡田牧雄
グランドストローク,コスモヴューファーム
グランドストーリー,吉田照哉
グランドセントラル,フジワラ・ファーム
グランドタルマエ,畑佐博
グランドデューク,キャロットファーム
グランドネビュラ,ウエスト．フォレスト．ステイブル
グランドハーバー,ゴドルフィン
グランドバレエ,吉田晴哉
グランドビクトリー,田畑利彦
グランドピルエット,社台レースホース
グランドフィナーレ,京都ホースレーシング
グランドフォレスト,プレディクトレーシング
グランドフューチャ,田畑利彦
グランドブレーカー,Ｇ１レーシング
グランドプラージュ,Ｇ１レーシング
グランドホース,田畑利彦
グランドボヌール,田畑利彦
グランドポピー,田畑利彦
グランドメノウ,田畑利彦
グランドライズ,竹下佳利
グランドライン,ラ・メール
グランドルチル,田畑利彦
グランドレグルス,田畑利彦
グランドロワ,田畑利彦
グランナヴィール,ヒダカ・ブリーダーズ・ユニオン
グランノーブル,三宅勝俊
グランノーヴ,岡展宏
グランバイオレット,和田牧場
グランバル,ターフ・スポート
グランバロン,山口功一郎
グランパドゥシャ,キャロットファーム
グランパラディーゾ,サンデーレーシング
グランパリッシュ,安藤晋平
グランパルトネール,鈴木真
グランパープル,吉岡泰治
グランヒマラヤ,飯田訓大
グランビスタ,サンデーレーシング
グランピアン,村島聡乃
グランファラオ,福盛訓之
グランフィエスタ,大塚亮一
グランフィエルテ,京都ホースレーシング
グランフェスタ,市川義美ホールディングス
グランフェルテ,中田和宏
グランフォワイエ,ノルマンディーサラブレッドレーシング
グランフォーブル,飯田訓大
グランフルス,森岡大河
グランブラーヴ,間宮秀直
グランブリッジ,サイプレスホールディングス
グランブリーゼ,間宮秀直
グランブーケ,ノースヒルズ
グランプラネッタ,西見徹也
グランプリショット,イージス
グランプリワン,グランプリ
グランプレジール,キャロットファーム
グランヘラクレス,福盛訓之
グランベガ,間宮秀直
グランベルナデット,ＤＭＭドリームクラブ
グランボルドー,間宮秀直
グランポートリネス,田畑利彦
グランマイース,福盛訓之
グランマエストロ,サンデーレーシング
グランマズドリーム,三石川上牧場
グランマリアージュ,グリーンファーム
グランマーテル,間宮秀直
グランミューク,庄司修二
グランメテオール,サンデーレーシング
グランメドウ,前原敏行
グランモンターナ,服部統祥
グランラウディー,小島章義
グランラティーナ,高昭牧場
グランリッジライン,ウエスト．フォレスト．ステイブル
グランリュー,Ｇ１レーシング
グランリージェント,田畑利彦
グランルチャドール,エラドゥーラ
グランルーチェ,間宮秀直
グランレイ,名古屋友豊
グランレイハート,布施慶士
グランレザンドール,福盛訓之
グランレミー,間宮秀直
グランレーヴシチー,友駿ホースクラブ
グランワルツ,キャロットファーム
グランワールド,サイプレスホールディングス
グランヴァルール,飯田貴大
グランヴィクトリア,ヒダカ・ブリーダーズ・ユニオン
グランヴィスタ,キャロットファーム
グランヴィノス,佐々木主浩
グランヴィルローズ,和田牧場
グランヴェリア,田畑利彦
グランヴェルソー,間宮秀直
グラヴィス,三木正浩
グラヴィテ,栗山学
グラヴィル,社台レースホース
グラースオショコラ,吉田晴哉
グリエクレール,ノルマンディーサラブレッドレーシング
グリオンヴール,キャロットファーム
グリグリ,増田和啓
グリスタン,シルクレーシング
グリズリダンス,石瀬浩三
グリッサード,シルクレーシング
グリッタードール,村上稔
グリット,ミルファーム
グリットウォリアー,杉山忠国
グリトニル,栗本博晴
グリニッジシチー,友駿ホースクラブ
グリニッジローズ,ローレルレーシング
グリニッチヴィレジ,コロンバスサークル
グリフォン,村木慎吾
グリプトグラフィ,吉田勝己
グリマルディ,村野康司
グリミスティ,永嶋啓一
グリム,カナヤマホールディングス
グリムスポンド,吉田勝己
グリモリオ,吉田勝己
グリモワール,ローレルレーシング
グリュイエール,加藤千豊
グリュック,ノースヒルズ
グリュレーヴ,飯田正剛
グリュースゴット,小林竜太郎
グリューナブリッツ,吉田和美
グリューネグリーン,斎藤光政
グリューネベルグ,吉田和美
グリューネリヒト,サンデーレーシング
グリューンヴァルト,柴原榮
グリューヴルム,キャロットファーム
グリンゴレット,社台レースホース
グリンダ,高昭牧場
グリンデルヴァルト,藤田好紀
グリントオブライト,サンデーレーシング
グリントスター,田島政光
グリントビート,ターフ・スポート
グリントリッター,ウエスト．フォレスト．ステイブル
グリンブルスティ,ノースヒルズ
グリーシアンギフト,加藤徹
グリージャ,窪田芳郎
グリーズマン,増田和啓
グリーティングデー,井上久光
グリーナリー,ディアレストクラブ
グリーミージュエル,ウエスト．フォレスト．ステイブル
グリームウッド,星野壽市
グリームエース,柳内光子
グリームクィーン,柳内光子
グリームスター,柳内光子
グリームロータス,ＹＧＧホースクラブ
グリーンアイランド,佐々木將吉
グリーンエナジー,鈴江崇文
グリーンエリクサー,琴浦諒
グリーンエンジェル,中村忠彦
グリーンエンプレス,杵臼牧場
グリーンオパール,田頭勇貴
グリーンオーブ,中辻明
グリーンガーネット,矢野恭裕
グリーングラシア,矢野恭裕
グリーンゴー,平田修
グリーンシアター,平口信行
グリーンシュート,ゴドルフィン
グリーンスナップ,石瀬浩三
グリーンスリーヴス,ＫＡＪＩＭＯＴＯホールディングス
グリーンダイヤル,吉田和美
グリーンチョウサン,チョウサン
グリーンティー,Ｂａｓｉｃ
グリーンハイパワー,中野義一
グリーンバローズ,猪熊広次
グリーンメーラー,田頭勇貴
グリーンライズ,加藤由紀乃
グルアガッハ,サンデーレーシング
グルアーブ,ノルマンディーサラブレッドレーシング
グルドロッティン,キャロットファーム
グルナピーク,ビッグレッドファーム
グルナルーフス,ディアレストクラブ
グルノイユジョーヌ,谷口祐人
グルノーブル,島川隆哉
グルファクシー,Ｇ１レーシング
グルマンディーズ,飯田貴大
グルマンド,江川伸夫
グルメ,明栄商事
グルートン,ブルースターズファーム
グルード,永田和彦
グルーヴィカグヤ,兼松康太
グルーヴィット,キャロットファーム
グルーヴィデザイン,井内康之
グルーヴィンルビー,阿部善武
グルーヴィーオン,チームユッキレーシング
グルーヴェンス,ＶｉｒｉｄｉａｎＫｅｉｂａＣｌｕｂ
グルーヴビート,サンデーレーシング
グルーヴライン,ＶｉｒｉｄｉａｎＫｅｉｂａＣｌｕｂ
グレアファンタス,キャロットファーム
グレアミラージュ,ヒダカ・ブリーダーズ・ユニオン
グレアリングアイ,Ｇ１レーシング
グレイイメル,ケーエスＨＤ
グレイイングリーン,青芝商事
グレイウェザーズ,サンデーレーシング
グレイグアン,ＴＵＲＦレーシング
グレイコード,社台レースホース
グレイシア,吉田勝己
グレイシエーション,吉田勝己
グレイシャスオーラ,岡田牧雄
グレイシャスギャル,社台レースホース
グレイシャーパーク,シルクレーシング
グレイシャーベイ,ゴドルフィン
グレイジャックマン,千明牧場
グレイスアン,ＴＵＲＦレーシング
グレイスオブゴッド,キャピタルクラブ
グレイスカリヨン,田畑利彦
グレイスキッパー,ローレルレーシング
グレイスザクラウン,社台レースホース
グレイスフル,近藤英子
グレイスフルダンス,杉山忠国
グレイスフルマーチ,ノルマンディーサラブレッドレーシング
グレイスルーラー,佐藤壽男
グレイソニック,久松朋史
グレイテスト,荒井元明
グレイテストギフト,ノースヒルズ
グレイテストゲーム,田頭勇貴
グレイテストソング,グリーンファーム
グレイトアプローズ,ゴドルフィン
グレイトインディ,今井優
グレイトエイト,嶋田賢
グレイトオーサー,キャロットファーム
グレイトクラウン,新井原博
グレイトゲイナー,田中慶治
グレイトサンディー,大塚亮一
グレイトショーマン,岡浩二
グレイトソン,宮内牧場
グレイトデザイア,コスモヴューファーム
グレイトフルトップ,西村新一郎
グレイトフルペイン,ＣＨＥＶＡＬＡＴＴＡＣＨＥ
グレイトホーン,犬塚悠治郎
グレイトボヤージュ,田頭勇貴
グレイトマジック,櫻井秀樹
グレイトミッション,ＸＩＡＯジャパン
グレイトムーン,スリーエイチレーシング
グレイトレッグ,古賀禎彦
グレイル,カナヤマホールディングス
グレイルクエスト,吉田照哉
グレイワークス,前原敏行
グレインワーク,シルクレーシング
グレコ,金森圭史朗
グレゴリオ,ゴドルフィン
グレタ,大脇佑樹
グレック,島川隆哉
グレッソネイ,キャロットファーム
グレッチャー,ノースヒルズ
グレナディアガーズ,サンデーレーシング
グレナディエ,社台レースホース
グレナデンシロップ,吉田勝己
グレナマディー,ライオンレースホース
グレノークス,吉田照哉
グレルグリーン,斎藤光政
グレン,カナヤマホールディングス
グレンガリー,吉田勝己
グレンステラ,村山卓也
グレンセロース,社台レースホース
グレンツェント,シルクレーシング
グレンノアラシ,ビッグレッドファーム
グレンハイウェイ,Ｇ１レーシング
グレンフィナン,Ｇ１レーシング
グレンマクナス,社台レースホース
グレヴィレア,吉田和美
グレーシー,乙訓史樹
グレースアイリス,杵臼牧場
グレースアンバー,吉田千津
グレースオブナイル,グリーンファーム
グレースケール,橋詰弘一
グレースサンライズ,ライフハウス
グレースシャルマン,会田浩史
グレースジェンヌ,福盛訓之
グレースゼット,フォーレスト
グレースチャクラ,ＨｉｍＲｏｃｋＲａｃｉｎｇホールディングス
グレースブロード,伊東純一
グレースベイ,キャロットファーム
グレースミューズ,田頭勇貴
グレースルビー,本多敏行
グレースルージュ,山田有暉朗
グレースレニー,本多敏行
グレーターグレイ,自由が丘サラブレッド倶楽部
グレーターバーチュ,ヒダカ・ブリーダーズ・ユニオン
グレーターホープ,窪田芳郎
グレーデール,村田牧場
グレートアゲイン,馬場幸夫
グレートイソエイ,磯部敏夫
グレートイースタン,ビッグレッドファーム
グレートウォリアー,サンデーレーシング
グレートキャンベラ,ラ・メール
グレートキリシマ,西村新一郎
グレートキングベア,山崎泰博
グレートコート,伊東純一
グレートゴールド,ゴールドレーシング
グレートサンドシー,山紫水明
グレートサークル,岡田牧雄
グレートシューター,柳橋俊昭
グレートシール,山紫水明
グレートジーンズ,辻助
グレートスピリット,堂守貴志
グレートセンス,ヒダカ・ブリーダーズ・ユニオン
グレートタイム,金子真人ホールディングス
グレートデー,スピードファーム
グレートバニヤン,キャロットファーム
グレートバリア,本間茂
グレートバローズ,猪熊広次
グレートフォーユー,ノルマンディーサラブレッドレーシング
グレートフリオーソ,廣松金次
グレートブレス,ヒダカ・ブリーダーズ・ユニオン
グレートベースン,桑畑隆信
グレートマジシャン,サンデーレーシング
グレートリープ,伊東純一
グレートロード,田島政光
グレーヌドジョワ,グリーンファーム
グレーフィンソニア,村上稔
グレーフェンベルク,Ｇ１レーシング
グレープレモネード,井野彰
グロウミニョン,杉山忠国
グロオルロージュ,キャロットファーム
グログラン,藤澤眞佐子
グロスビーク,キャロットファーム
グロズニーグラード,前田幸貴
グロッシェン,社台レースホース
グロッタジガンテ,ラ・メール
グロッターリエ,サンデーレーシング
グロバーテソーロ,了徳寺健二ホールディングス
グロリアス,飯田貴大
グロリアスアスペン,小原準一郎
グロリアスアポイ,高野葉子
グロリアスグレイス,栗山良子
グロリアスダッド,渡辺公美子
グロリアスニケ,竹森幹雄
グロリアスヒーロー,ノルマンディーサラブレッドレーシング
グロリアスブレイク,レッドマジック
グロリアスホープ,ターフ・スポート
グロリアスマーチ,Ｇ１レーシング
グロリアフライト,ターフ・スポート
グロリアムンディ,吉田和美
グロリアラウス,シルクレーシング
グロリアン,伊藤昭文
グロリアヴェルデ,坂田栄一
グロリアーナ,サンデーレーシング
グロリオン,仲尾正人
グロリモーニ,仲尾正人
グロリユーノワール,コスモヴューファーム
グロワールシチー,友駿ホースクラブ
グロワールスカイ,ＫＨレーシング
グロワールポン,花野友象
グロワールミノル,吉岡實
グロンディオーズ,サンデーレーシング
グロンフォール,シルクレーシング
グロー,ケーエスＨＤ
グローエルディング,伊藤正樹
グローサートラウム,社台レースホース
グローサーベア,社台レースホース
グロースザゴールド,社台レースホース
グロースザーゲ,小川眞査雄
グローツラング,市川義美ホールディングス
グロートカイザー,幅田昌伸
グローバリスト,安原浩司
グローバリズム,ゴドルフィン
グローバルステップ,吉澤克己
グローバルノヴェル,窪田康志
グローバルビジネス,窪田康志
グローバルブラッド,中村祐子
グローフォース,醍醐伸之
グローブアマランス,社台レースホース
グローブシアター,キャロットファーム
グローブフェイム,ヒダカ・ブリーダーズ・ユニオン
グローブホッパー,ゴドルフィン
グローブミッション,清水龍
グローリアスカペラ,日下部勝徳
グローリアスカムイ,日下部勝徳
グローリアスサルム,日下部勝徳
グローリアスダンス,岡田牧雄
グローリアステラ,日下部勝徳
グローリアスヴェガ,日下部勝徳
グローリアミノル,吉岡輝美
グローリー,平本敏夫
グローリーアテイン,社台レースホース
グローリーカフェ,西川光一
グローリーグローリ,深見富朗
グローリースター,高橋信博
グローリーハンター,平井裕
グローリーバローズ,猪熊広次
グローリーリンク,伊藤功一
グローリーロード,久保博文
グローリーワン,遠藤良一
グローリーヴェイズ,シルクレーシング
グローレジェンド,リーヴァ
グングニル,松谷翔太
グンター,門野重雄
グンバイ,岡浩二
グーガルドリームズ,藤田在子
グーガルラヴィ,藤田在子
グースクリーク,ディアレストクラブ
グーテンターク,馬場幸夫
グーテンベルク,近藤英子
グーテンモルゲン,薪浦亨
グーディッシュ,ＫＲジャパン
グーデンドラーク,サンデーレーシング
グートアウス,金子真人ホールディングス
グートエーデル,サラブレッドクラブ・ラフィアン
グーフィー,手嶋康雄
グーフドリファール,ＨｉｍＲｏｃｋＲａｃｉｎｇホールディングス
グールドベルト,Ｇ１レーシング
グールマン,林正道
グーヴェルナイユ,ノースヒルズ
ケアナエ,守内満
ケアラウレア,前田幸治
ケアラケクアベイ,守内ひろ子
ケアリアポンド,守内ひろ子
ケアレスラヴ,泉一郎
ケアンズ,ビッグレッドファーム
ケイアイアギト,ケイアイスタリオン
ケイアイアニラ,亀田和弘
ケイアイアマゾン,ケイアイスタリオン
ケイアイアルタイル,亀田和弘
ケイアイアンタレス,ケイアイスタリオン
ケイアイイモーテル,ケイアイスタリオン
ケイアイインダラ,亀田和弘
ケイアイエルナト,ケイアイスタリオン
ケイアイオメガ,ケイアイスタリオン
ケイアイカナンガ,ケイアイスタリオン
ケイアイカペラ,ケイアイスタリオン
ケイアイカラキア,ケイアイスタリオン
ケイアイギャラクシ,ケイアイスタリオン
ケイアイギルス,亀田和弘
ケイアイクウガ,ケイアイスタリオン
ケイアイクビラ,亀田和弘
ケイアイグラビティ,ケイアイスタリオン
ケイアイコブラ,ケイアイスタリオン
ケイアイサクソニー,ケイアイスタリオン
ケイアイサンデラ,ケイアイスタリオン
ケイアイシェルビー,亀田和弘
ケイアイスペース,ケイアイスタリオン
ケイアイセナ,亀田和弘
ケイアイタカプナ,亀田和弘
ケイアイターコイズ,ケイアイスタリオン
ケイアイテア,ケイアイスタリオン
ケイアイテディ,亀田和弘
ケイアイトリノ,亀田和弘
ケイアイドリー,ケイアイスタリオン
ケイアイネイビー,ケイアイスタリオン
ケイアイノーテック,ケイアイスタリオン
ケイアイパープル,ケイアイスタリオン
ケイアイビリジアン,ケイアイスタリオン
ケイアイピハ,ケイアイスタリオン
ケイアイブイスリー,亀田和弘
ケイアイブラック,亀田和弘
ケイアイブロンズ,亀田和弘
ケイアイプロキオン,ケイアイスタリオン
ケイアイマウンガ,ケイアイスタリオン
ケイアイマゴラ,ケイアイスタリオン
ケイアイマヌカ,ケイアイスタリオン
ケイアイマハナ,ケイアイスタリオン
ケイアイマホガニー,亀田和弘
ケイアイマボラ,亀田和弘
ケイアイマリブ,ケイアイスタリオン
ケイアイメキラ,亀田和弘
ケイアイメビウス,ケイアイスタリオン
ケイアイメープル,ケイアイスタリオン
ケイアイユニバース,ケイアイスタリオン
ケイアイリア,ケイアイスタリオン
ケイアイロトルア,亀田和弘
ケイアイロベージ,ケイアイスタリオン
ケイアイワイプ,ケイアイスタリオン
ケイアイワイラーパ,亀田和弘
ケイアイワカポノ,亀田和弘
ケイエイト,武田敏也
ケイカ,桂土地
ケイカイ,朽名誠
ケイグンノイッカク,野崎宗信
ケイケイ,桑野克己
ケイコウギュウゴ,酒井孝敏
ケイココサージュ,コロンバスサークル
ケイゴールド,布武起会
ケイサンノーブル,ケンブリッジバレー
ケイサンフリーゼ,中西桂子
ケイシンリュウ,井山登
ケイジ,明栄商事
ケイジャーダ,サラブレッドクラブ・ラフィアン
ケイスター,桑野克己
ケイズデイジー,ＩＨＲ
ケイズレーヴ,伊藤健
ケイセブン,武田敏也
ケイツーキップ,楠本勝美
ケイツーキナ,楠本勝美
ケイツーキャット,楠本勝美
ケイツーギルダー,楠本勝美
ケイツークルサード,楠本勝美
ケイツークローナ,楠本勝美
ケイツークローン,楠本勝美
ケイツーコルナ,楠本勝美
ケイツーコルーニ,楠本勝美
ケイツーコロン,楠本勝美
ケイツーシェケル,楠本勝美
ケイツーシリング,楠本勝美
ケイツースクード,楠本勝美
ケイツーセディ,楠本勝美
ケイツータカ,楠本勝美
ケイツータラ,楠本勝美
ケイツータンカ,楠本勝美
ケイツーテソーロ,了徳寺健二ホールディングス
ケイツーディナール,楠本勝美
ケイツートラール,楠本勝美
ケイツードラム,楠本勝美
ケイツーバルボア,楠本勝美
ケイツーフォリント,楠本勝美
ケイツーブル,楠本勝美
ケイツープラ,楠本勝美
ケイツーペニー,楠本勝美
ケイツーポンド,楠本勝美
ケイツーマナト,楠本勝美
ケイツーマルカ,楠本勝美
ケイツーユーロ,楠本勝美
ケイツーランド,楠本勝美
ケイツーリタス,楠本勝美
ケイツーリラ,楠本勝美
ケイツーリーブル,楠本勝美
ケイツールピア,楠本勝美
ケイツールフィヤ,楠本勝美
ケイツーレウ,楠本勝美
ケイツーレオン,楠本勝美
ケイティウラノス,瀧本和義
ケイティガイア,瀧本和義
ケイティキセキ,瀧本和義
ケイティクラウン,瀧本和義
ケイティクレバー,瀧本和義
ケイティグレース,瀧本和義
ケイティシャイン,瀧本和義
ケイティソルジャー,瀧本和義
ケイティダンサー,瀧本和義
ケイティディライト,瀧本和義
ケイティバトラー,瀧本和義
ケイティパッション,瀧本和義
ケイティヒマワリ,瀧本和義
ケイティフラッシュ,瀧本和義
ケイティブルーム,瀧本和義
ケイティブレイブ,瀧本和義
ケイティベガ,瀧本和義
ケイティマジック,瀧本和義
ケイティマドンナ,瀧本和義
ケイティミシェル,瀧本和義
ケイティミラクル,瀧本和義
ケイティランボー,瀧本和義
ケイティレインボー,瀧本和義
ケイティレジェンド,瀧本和義
ケイティローズ,瀧本和義
ケイティロード,瀧本和義
ケイティヴィーナス,瀧本和義
ケイティーズジョウ,門別牧場
ケイテンアイジン,岡浩二
ケイデンシーマーク,サンデーレーシング
ケイデンスコール,サンデーレーシング
ケイトバローズ,猪熊広次
ケイトポムドゥパン,ウエスト．フォレスト．ステイブル
ケイトリン,川島吉男
ケイニスメイジャー,吉田勝己
ケイパブル,吉田勝利
ケイパラパデオ,中西桂子
ケイブルグラム,キャロットファーム
ケイプグッドホープ,谷掛龍夫
ケイベエ,桑野克己
ケイマ,石川幸司
ケイマジェスティ,武田敏也
ケイマノキコウシ,山口功一郎
ケイマーダ,金子真人ホールディングス
ケオナ,林正道
ケカリネイアウ,窪田芳郎
ケサランパサラン,中村智幸
ケッツァー,ビッグレッドファーム
ケデシュ,ヤナガワ牧場
ケナゲ,金岡信康
ケニルワース,グリーンファーム
ケネディテソーロ,了徳寺健二ホールディングス
ケノファニース,市瀬一浩
ケファロニア,Ｇ１レーシング
ケフェウステソーロ,了徳寺健二ホールディングス
ケブラダラボジェラ,ビッグレッドファーム
ケブランリ,吉田和美
ケプチャン,ミルファーム
ケプラー,カナヤマホールディングス
ケヤキザカ,吉野智博
ケラウノス,Ｇ１レーシング
ケラムール,小林竜太郎
ケリアテソーロ,了徳寺健二ホールディングス
ケリフレッドアスク,廣崎利洋
ケリーズアリュール,シルクレーシング
ケリーズノベル,シルクレーシング
ケルティックソード,吉田晴哉
ケルティックハーツ,ＹＧＧホースクラブ
ケルト,小濱忠一
ケルピー,鈴木淳人
ケルフィリー,ノースヒルズ
ケルフロイデ,キャロットファーム
ケルベロス,ＯＲＴＥＧＡ
ケルンキングダム,谷和光彦
ケルンクリエイター,谷和光彦
ケルンコンサート,風早信昭
ケルントナー,カナヤマホールディングス
ケルンピュール,谷和光彦
ケレス,畑佐博
ケレンシア,ミルファーム
ケロシンドリームズ,吉田和美
ケワロス,ニッシンホールディングス
ケンアンドランス,岡田壮史
ケンアンビシャス,中西健
ケンエージェント,ケンブリッジバレー
ケンオスロ,中西宏彰
ケンキョ,佐久間拓士
ケングロリア,中西宏彰
ケンシ,鈴木芳夫
ケンシゲツ,ヒダカ・ブリーダーズ・ユニオン
ケンシャルロッテ,ケンブリッジバレー
ケンシュナウザー,中西宏彰
ケンシレインボー,林田憲次
ケンシロウワールド,ＳｅｒｐｅｎｔＰａｒｔｎｅｒｓ
ケンシンコウ,天野克彦
ケンジェネシス,中西宏彰
ケンジョー,藤田晋
ケンジーフェイス,ＳＴレーシング
ケンタッキーダンス,吉岡泰治
ケンタッキーホーム,三田昌宏
ケンデスティニー,中西宏彰
ケンデューク,中西健
ケントゥリア,ノルマンディーサラブレッドレーシング
ケントオー,田畑富子
ケントホープ,田畑富子
ケントン,藤沼利夫
ケンドチョウライ,岡田壮史
ケンハービンジャー,中西桂子
ケンフィールド,中西宏彰
ケンブリッジ,野村茂雄
ケンブリッジウィズ,中西宏彰
ケンブリッジウルス,中西宏彰
ケンブリッジグレイ,中西宏彰
ケンブリッジサクラ,ケンブリッジバレー
ケンブリッジセンス,中西桂子
ケンブリッジビット,中西宏彰
ケンブリッジヤマト,中西桂子
ケンブリッジユウ,中西宏彰
ケンブリッジラブ,中西宏彰
ケンブリッジルプス,中西宏彰
ケンブレンデント,中西宏彰
ケンプファー,田頭勇貴
ケンホファヴァルト,中西宏彰
ケンユキノオー,中西健
ケンヴァイザッハ,中西宏彰
ケンヴェンツェル,中西宏彰
ケンヴォイジャー,中西宏彰
ケヴィン,米田稔
ケヴィンズクロス,ライオンレースホース
ケークウォーク,フジワラ・ファーム
ケージーキンカメ,岩崎僖澄
ケーニッヒブルート,ウエスト．フォレスト．ステイブル
ケーブパール,金子真人ホールディングス
ケープアグラス,友駿ホースクラブ
ケープウィッカム,吉田勝己
ケープオブストーム,キャロットファーム
ケープコッド,ゴドルフィン
ケープティアラ,友駿ホースクラブ
ケープリーガル,山本茂
ケープルーウィン,ゴドルフィン
ケーリエール,村上憲政
ケーリーバンド,スピードファーム
ケールダンセール,名古屋友豊
ケールハイム,サンデーレーシング
ケーヴァラ,京都ホースレーシング
ゲイナー,近藤克麿
ゲイボルグ,吉田勝己
ゲイルバローズ,猪熊広次
ゲイルライダー,前原敏行
ゲイングラウンド,キャロットファーム
ゲインサポート,中越達也
ゲインスプレマシー,サンデーレーシング
ゲオルギウス,康本利幸
ゲキオコプンプン,ＳＳレーシング
ゲキザル,橘倍男
ゲキシン,市川義美ホールディングス
ゲキリン,市川義美ホールディングス
ゲクウ,鈴木剛史
ゲステルン,薪浦亨
ゲストプリンシパル,松村真司
ゲタリア,モンレーヴ
ゲッティン,ローレルレーシング
ゲッティヴィラ,ノースヒルズ
ゲットアップ,ニッシンホールディングス
ゲットアミリオン,カカムーチョレーシング
ゲットオン,ジェイアール
ゲットザナック,ビッグレッドファーム
ゲットザフェイム,槙和美
ゲットデザイアー,深見富朗
ゲットバック,池谷誠一
ゲットリズム,ジャコモ
ゲッレールト,スリーエイチレーシング
ゲッワイエンタン,大田恭充
ゲツメンチャクリク,小田切光
ゲツレンカ,吉田好雄
ゲティスバーグ,ゴドルフィン
ゲデヒトニス,ビッグレッドファーム
ゲネラルプローベ,前田葉子
ゲノム,今村明浩
ゲハイムローゼ,サラブレッドクラブ・ラフィアン
ゲバラ,ニッシンホールディングス
ゲフィオン,サンデーレーシング
ゲラウィン,大塚亮一
ゲルタ,幅田昌伸
ゲルチュタール,サンデーレーシング
ゲレイロ,山田貢一
ゲレル,加藤天明
ゲレーロアスール,アスール
ゲンキイッパイ,江川伸夫
ゲンキチハヤブサ,荒井元明
ゲンキチボン,荒井元明
ゲンキチーター,スピードファーム
ゲンサイ,矢野秀春
ゲンショウ,ビッグレッドファーム
ゲンジ,高橋文男
ゲンセキ,ニューワールドレーシング
ゲンタツ,コージーレーシング
ゲンティアナ,吉田勝己
ゲンテン,林正道
ゲンパチアイアン,平野武志
ゲンパチアイファー,平野武志
ゲンパチイグナイト,平野武志
ゲンパチエトワール,平野武志
ゲンパチカイナル,平野武志
ゲンパチカナ,平野武志
ゲンパチケンシン,平野武志
ゲンパチシャドウ,平野武志
ゲンパチジャンヌ,平野武志
ゲンパチジュピター,平野武志
ゲンパチスラッガー,平野武志
ゲンパチソル,平野武志
ゲンパチタクト,平野武志
ゲンパチノーブル,平野武志
ゲンパチハマジ,平野武志
ゲンパチビーム,平野武志
ゲンパチファインド,平野武志
ゲンパチフォルツァ,平野武志
ゲンパチプライド,平野武志
ゲンパチボロネーゼ,平野武志
ゲンパチマイティー,平野武志
ゲンパチマッケン,平野武志
ゲンパチミスティ,平野武志
ゲンパチミーティア,平野武志
ゲンパチムサシ,平野武志
ゲンパチラブハート,平野武志
ゲンパチリベロ,平野武志
ゲンパチルシファー,平野武志
ゲンパチルミナス,平野武志
ゲンパチルーナ,平野武志
ゲンパチレオニダス,平野武志
ゲンパチロマン,平野武志
ゲンパチヴィガ,平野武志
ゲンブ,ノルマンディーサラブレッドレーシング
ゲンヨウサイ,中辻明
ゲヴァント,サラブレッドクラブ・ラフィアン
ゲヴィナー,金子真人ホールディングス
ゲーテ,キーファーズ
ゲーテローズ,サンデーレーシング
ゲーベル,カナヤマホールディングス
ゲームアップロード,薗部博之
ゲームアプレット,薗部博之
ゲームアルアル,薗部博之
ゲームカレンダー,薗部博之
ゲームチェンジャー,小野博郷
ゲールズヒーロー,大原詔宏
コア,吉澤ホールディングス
コアクト,ウエスト．フォレスト．ステイブル
コアレスクイーン,小林昌志
コアレスロング,小林昌志
コイオステソーロ,了徳寺健二ホールディングス
コイスルシャチョウ,ミキハウスＨＫサービス
コイタマチャン,小石逸人
コイツバメカツコ,大久保與志雄
コイニオチテ,野村茂雄
コイニョウボウ,岡浩二
コイヌール,キャロットファーム
コイバナ,岡浩二
コイビトミサキ,三宅勝俊
コイマリ,ミルファーム
コイモノガタリ,馬場祥晃
コイララ,ＶｉｒｉｄｉａｎＫｅｉｂａＣｌｕｂ
コインアフレーズ,水上行雄
コウイチ,桂土地
コウエイアンカ,伊東政清
コウエイエンブレム,伊東政清
コウエイキズナ,伊東政清
コウエイサムライ,中地賢次郎
コウエイスパークル,伊東政清
コウエイタケル,伊東政清
コウエイダイヤ,伊東政清
コウエイダリア,伊東政清
コウエイバクシン,伊東政清
コウエイバンビーノ,伊東政清
コウエイブレイヴ,伊東政清
コウエイユキチャン,伊東政清
コウエイヨカオゴ,伊東政清
コウエイワンマン,釘田義広
コウエツ,中村勝彦
コウガンカレン,高昭牧場
コウキ,ビッグレッドファーム
コウキチョウサン,チョウサン
コウギョウブライト,小林秀樹
コウギョク,ノルマンディーサラブレッドレーシング
コウサイリクリ,ビッグレッドファーム
コウジクン,瀬谷隆雄
コウジハラ,由井健太郎
コウジョウノツキ,ＫＡＪＩＭＯＴＯホールディングス
コウジョリョウゾク,内田玄祥
コウジンシックス,加藤興一
コウジンホウオウ,加藤興一
コウセイ,仲谷善彰
コウセイエミオト,杉安浩一郎
コウセイケンタロス,杉安浩一郎
コウセイブレイヴ,杉安浩一郎
コウセイマユコ,杉安浩一郎
コウセイマユヒメ,杉安浩一郎
コウセイマリア,杉安浩一郎
コウセキ,Ｈ．Ｈ．シェイク・ハムダン
コウソクカナ,野崎昭夫
コウソクカレン,野崎昭夫
コウソクグルーヴ,野崎昭夫
コウソクスピード,野崎昭夫
コウソクテツドウ,ＣＯＣＯＲＯ組合
コウソクブラック,野崎昭夫
コウソクユノ,野崎昭夫
コウソクラッシュ,野崎昭夫
コウソクルリアン,野崎昭夫
コウソクレムリア,野崎昭夫
コウテツレディー,佐藤守宏
コウバイ,中村勝彦
コウバコ,増田江利子
コウユーアオイソラ,加治屋貞光
コウユーアツイキミ,加治屋貞光
コウユーウィズユー,加治屋貞光
コウユーオトコマエ,加治屋貞光
コウユーオモイノセ,加治屋貞光
コウユーカメサンヨ,加治屋貞光
コウユーキレカ,加治屋貞光
コウユークロガヨカ,加治屋貞光
コウユーサクラマウ,加治屋貞光
コウユーダイダイ,加治屋貞光
コウユーダンサー,加治屋貞光
コウユーニポポニコ,加治屋貞光
コウユーヌレエフ,加治屋貞光
コウユーネロガ,加治屋貞光
コウユーパパニニテ,加治屋貞光
コウユーホクト,加治屋貞光
コウユーマサニキミ,加治屋貞光
コウユーママニニテ,加治屋貞光
コウユーミライエ,加治屋貞光
コウユーモジョカー,加治屋貞光
コウユーモゼ,加治屋貞光
コウユーモテモテ,加治屋貞光
コウユーユメノヨウ,加治屋貞光
コウユーユメヲノセ,加治屋貞光
コウユーラッセーラ,加治屋貞光
コオリナラグーン,サンデーレーシング
コカゲ,油木大樹
コカボムクイーン,三宅勝俊
コカボムショット,三宅勝俊
コガクボウ,藤沼利夫
コガネノソラ,ビッグレッドファーム
コキュートス,山上和良
コキーヌ,金子真人ホールディングス
コクセンプウ,中辻明
ココアブラウン,松田整二
ココアプローズ,京都ホースレーシング
ココアミュレット,キャロットファーム
ココクラッシュ,大塚亮一
ココクレーター,キャロットファーム
ココケイ,芳賀克也
ココシャンパーニュ,大塚亮一
ココシルフィード,ノルマンディーサラブレッドレーシング
ココソラーレ,西村新一郎
ココゾ,イクタ
ココデイック,幅田昌伸
ココナチャン,川上哲司
ココナッツコースト,社台レースホース
ココナッツスルー,飯田正剛
ココナッツブラウン,下河辺隆行
ココナッツリゾート,高昭牧場
ココナツキュート,酒井孝敏
ココナツクラッシュ,藤井聡一郎
ココニアル,村田能光
ココニイルヨ,Ｍｒ．ホース
ココニーナ,中川貴智
ココネ,ＦＡレーシング
ココネージュ,田端修
ココフィーユ,スリーエイチレーシング
ココフルール,大樹ファーム
ココプレミア,ウェイタークラブ
ココボロ,阿部善武
ココマドンナ,菅原広隆
ココマンダリン,越村洋子
ココモナカ,村田能光
ココモフィーバー,福本純
ココモローズ,平川浩之
ココラ,田中純一
ココラッシー,ビッグレッドファーム
ココラフィネ,友駿ホースクラブ
ココリアイランド,美崎光二郎
ココリアッピア,美崎光二郎
ココリアマテル,美崎光二郎
ココリイト,美崎光二郎
ココリカレドニアン,美崎光二郎
ココリガストン,美崎光二郎
ココリキラリ,美崎光二郎
ココリジャスミン,美崎光二郎
ココリハクタク,美崎光二郎
ココリホウオウ,美崎光二郎
ココリミッション,美崎光二郎
ココリミネルヴァ,美崎光二郎
ココリモアナ,美崎光二郎
ココリロビン,美崎光二郎
ココリヴァルキリー,美崎光二郎
ココリヴィクトリア,美崎光二郎
ココレカ,三宅勝俊
ココロエ,ミルファーム
ココロオドル,ミルファーム
ココロコ,上田忠男
ココロザスノ,マイスタリオン
ココロヅヨサ,ＴＮレーシング
ココロノイコロ,海谷幸司
ココロノイロ,酒井牧場
ココロノエンジェル,ＣＯＣＯＲＯ組合
ココロノトウダイ,星野壽市
ココロノヒコボシ,海谷幸司
ココロビジン,ミルファーム
コゴメユキ,飯田正剛
コサージュ,石川達絵
コシタンタン,由井健太郎
コシュデリ,長谷川祐司
コジアン,ＴＵＲＦレーシング
コジオスコ,モンレーヴ
コジロウ,岡浩二
コジートゥインクル,齊藤直信
コスタデプラタ,池谷誠一
コスタデラルス,Ｍｒ．ホース
コスタネラ,社台レースホース
コスタノヴァ,吉田勝己
コスタボニータ,谷掛龍夫
コスタレイ,シルクレーシング
コスタヴェルデ,キャロットファーム
コステロアスール,アスール
コストリッヒ,ＯＲＴＥＧＡ
コスミックエナジー,吉田勝己
コスモアイトーン,ビッグレッドファーム
コスモアイビー,ビッグレッドファーム
コスモアシュラ,ビッグレッドファーム
コスモアチーブ,ビッグレッドファーム
コスモアディラート,ビッグレッドファーム
コスモアドム,ビッグレッドファーム
コスモアバンサ,ビッグレッドファーム
コスモアピール,岡田繁幸
コスモアマデウス,ビッグレッドファーム
コスモアミマネラ,ビッグレッドファーム
コスモアミュレット,ビッグレッドファーム
コスモアメジスト,ビッグレッドファーム
コスモアリス,ビッグレッドファーム
コスモアルゴリズム,ビッグレッドファーム
コスモアルヘナ,ビッグレッドファーム
コスモアルペジオ,ビッグレッドファーム
コスモアンジュ,ビッグレッドファーム
コスモアンソロジー,ビッグレッドファーム
コスモアンタレス,ビッグレッドファーム
コスモアンテロース,ビッグレッドファーム
コスモイェーガー,ビッグレッドファーム
コスモイグナーツ,ビッグレッドファーム
コスモイグローク,稲場澄
コスモイシュタル,ブルースターズファーム
コスモイダマシネ,ビッグレッドファーム
コスモインザハート,ビッグレッドファーム
コスモインシスト,ビッグレッドファーム
コスモインディ,ビッグレッドファーム
コスモインペリウム,ビッグレッドファーム
コスモイーゲル,ビッグレッドファーム
コスモウォークライ,ビッグレッドファーム
コスモエウポリア,ビッグレッドファーム
コスモエクスプレス,ビッグレッドファーム
コスモエスパーダ,ビッグレッドファーム
コスモエスメラルダ,ビッグレッドファーム
コスモエトランジュ,ビッグレッドファーム
コスモエポラール,ビッグレッドファーム
コスモエランドール,ビッグレッドファーム
コスモエルム,ビッグレッドファーム
コスモエルヴァル,ビッグレッドファーム
コスモエレジー,ビッグレッドファーム
コスモエンエン,ビッグレッドファーム
コスモエンデ,ビッグレッドファーム
コスモエーヴィヒ,ビッグレッドファーム
コスモオニアシゲ,ビッグレッドファーム
コスモオピニオン,ビッグレッドファーム
コスモオリ,ビッグレッドファーム
コスモオーブ,ビッグレッドファーム
コスモカッティーボ,ビッグレッドファーム
コスモカナディアン,ビッグレッドファーム
コスモカノア,ビッグレッドファーム
コスモカノーネ,ビッグレッドファーム
コスモカモミール,岡田繁幸
コスモカルティエ,ビッグレッドファーム
コスモカルナック,ビッグレッドファーム
コスモカレンドゥラ,ビッグレッドファーム
コスモカンタータ,ビッグレッドファーム
コスモカンツォーネ,ビッグレッドファーム
コスモカンナム,岡田繁幸
コスモガラクシア,ビッグレッドファーム
コスモガーディアン,ビッグレッドファーム
コスモキャバリエ,ブルースターズファーム
コスモキュランダ,ビッグレッドファーム
コスモキルカス,ビッグレッドファーム
コスモギオン,ビッグレッドファーム
コスモギガンティア,ビッグレッドファーム
コスモギンガ,岡田繁幸
コスモクイーンビー,ビッグレッドファーム
コスモクウ,岡田繁幸
コスモクウェンチ,Ｍｒ．ホース
コスモクラシック,ブルースターズファーム
コスモクロシオ,ビッグレッドファーム
コスモクーシェリ,ビッグレッドファーム
コスモグッドラック,ビッグレッドファーム
コスモグラシエ,ビッグレッドファーム
コスモグラトナス,ビッグレッドファーム
コスモグラニット,ビッグレッドファーム
コスモグランカナル,岡田繁幸
コスモグリッター,ビッグレッドファーム
コスモグロボーサ,ビッグレッドファーム
コスモグローリー,コスモ・コスモ
コスモグングニール,ビッグレッドファーム
コスモケルビン,ビッグレッドファーム
コスモゲイダーグ,ビッグレッドファーム
コスモコラッジョ,ビッグレッドファーム
コスモコレクション,ビッグレッドファーム
コスモコロネット,ビッグレッドファーム
コスモコンクエスト,ビッグレッドファーム
コスモコンフェルマ,ビッグレッドファーム
コスモゴレアドール,酒井孝敏
コスモサガルマータ,ビッグレッドファーム
コスモサミット,岡田繁幸
コスモサルム,ビッグレッドファーム
コスモサンゴ,岡田繁幸
コスモサンビタリア,ビッグレッドファーム
コスモサンブライト,ビッグレッドファーム
コスモサンレミ,ビッグレッドファーム
コスモザウル,岡田繁幸
コスモザクロ,岡田繁幸
コスモシェルパ,ビッグレッドファーム
コスモシェルベット,ビッグレッドファーム
コスモシグナス,ビッグレッドファーム
コスモシグルン,ビッグレッドファーム
コスモシャルドネ,ビッグレッドファーム
コスモシャングリラ,ビッグレッドファーム
コスモシャンソン,ビッグレッドファーム
コスモシュンライ,ビッグレッドファーム
コスモシルバニア,ビッグレッドファーム
コスモシンテイ,ビッグレッドファーム
コスモシーウルフ,ビッグレッドファーム
コスモシークレット,ビッグレッドファーム
コスモジェニー,ビッグレッドファーム
コスモジェミラ,ビッグレッドファーム
コスモジャーベ,ビッグレッドファーム
コスモジョセフ,ビッグレッドファーム
コスモジョーカー,ビッグレッドファーム
コスモジンバック,ビッグレッドファーム
コスモスケアヘッド,ビッグレッドファーム
コスモスタック,ビッグレッドファーム
コスモスターリング,ビッグレッドファーム
コスモストライカー,ビッグレッドファーム
コスモストーム,コスモ・コスモ
コスモスピリット,岡田繁幸
コスモスフレ,ビッグレッドファーム
コスモスプモーニ,ビッグレッドファーム
コスモスペルビア,ビッグレッドファーム
コスモスーベニア,ビッグレッドファーム
コスモセイリュウ,ビッグレッドファーム
コスモセレナ,ビッグレッドファーム
コスモゼーリエ,ビッグレッドファーム
コスモタイシ,岡田繁幸
コスモタキシード,ビッグレッドファーム
コスモターンブルー,ビッグレッドファーム
コスモダラニ,岡田繁幸
コスモダリア,田中由子
コスモダークナイト,ビッグレッドファーム
コスモチェントロ,ビッグレッドファーム
コスモチプリア,ビッグレッドファーム
コスモチャンティ,ビッグレッドファーム
コスモチョコラトル,ビッグレッドファーム
コスモツカサ,ビッグレッドファーム
コスモティタノ,ビッグレッドファーム
コスモテキロ,ビッグレッドファーム
コスモテンペスタ,ビッグレッドファーム
コスモディナー,ビッグレッドファーム
コスモデュアリズム,ビッグレッドファーム
コスモトコシエ,ビッグレッドファーム
コスモトップ,コスモ・コスモ
コスモトップガン,岡田繁幸
コスモトロイメル,ビッグレッドファーム
コスモドーム,ビッグレッドファーム
コスモナインボール,ビッグレッドファーム
コスモナエマ,ビッグレッドファーム
コスモナッシュビル,ビッグレッドファーム
コスモナビゲーター,ビッグレッドファーム
コスモノアゼット,ビッグレッドファーム
コスモノート,ゴドルフィン
コスモハナミズキ,ビッグレッドファーム
コスモハヤテ,ビッグレッドファーム
コスモハーディング,ビッグレッドファーム
コスモバイオレット,ビッグレッドファーム
コスモバシレウス,ビッグレッドファーム
コスモバタール,ビッグレッドファーム
コスモバラタ,ビッグレッドファーム
コスモバルムンク,ビッグレッドファーム
コスモバーダン,ビッグレッドファーム
コスモパサージュ,ビッグレッドファーム
コスモパラティーナ,ビッグレッドファーム
コスモパンドラ,ビッグレッドファーム
コスモヒビキ,岡田繁幸
コスモビオラ,ビッグレッドファーム
コスモビスティー,岡田繁幸
コスモビックラコグ,ビッグレッドファーム
コスモビートイット,ビッグレッドファーム
コスモピオニール,ビッグレッドファーム
コスモピクシス,ビッグレッドファーム
コスモファーブロス,ビッグレッドファーム
コスモフィネス,ビッグレッドファーム
コスモフィレンツェ,コスモ・コスモ
コスモフェリーク,栗嶋豊明
コスモフォーミュラ,ビッグレッドファーム
コスモフラッター,ビッグレッドファーム
コスモフラムオット,ビッグレッドファーム
コスモフランメ,ビッグレッドファーム
コスモフリーゲン,ビッグレッドファーム
コスモフレディ,ビッグレッドファーム
コスモフロイデ,ビッグレッドファーム
コスモフーディエ,ビッグレッドファーム
コスモフーレイ,ビッグレッドファーム
コスモブッカー,ビッグレッドファーム
コスモブッドレア,ビッグレッドファーム
コスモブライヤー,酒井孝敏
コスモブラック,ウエストヒルズ
コスモブリランテ,ビッグレッドファーム
コスモブルーノーズ,ビッグレッドファーム
コスモブレイズ,ビッグレッドファーム
コスモプルエバ,ビッグレッドファーム
コスモプルー,ビッグレッドファーム
コスモプロケッラ,ビッグレッドファーム
コスモヘリアンサス,ビッグレッドファーム
コスモベスケーデン,ビッグレッドファーム
コスモベラエステラ,ビッグレッドファーム
コスモベルツリー,ビッグレッドファーム
コスモペリドット,ビッグレッドファーム
コスモペンタス,ビッグレッドファーム
コスモホクシン,ビッグレッドファーム
コスモホライズン,ビッグレッドファーム
コスモボンバルダ,ビッグレッドファーム
コスモポールスター,ビッグレッドファーム
コスモマイディア,岡田繁幸
コスモマイン,ビッグレッドファーム
コスモマウイ,ビッグレッドファーム
コスモマガラニカ,ビッグレッドファーム
コスモマスティフ,ビッグレッドファーム
コスモマチュアー,ビッグレッドファーム
コスモマチルダ,ビッグレッドファーム
コスモマッドネス,ビッグレッドファーム
コスモマナ,ビッグレッドファーム
コスモマルーン,酒井孝敏
コスモマーチ,ビッグレッドファーム
コスモミリョク,ブルースターズファーム
コスモミローディア,ビッグレッドファーム
コスモムーンボウ,ビッグレッドファーム
コスモメイウェザー,ビッグレッドファーム
コスモメイゲツ,ビッグレッドファーム
コスモメモラブル,ビッグレッドファーム
コスモモアナ,ビッグレッドファーム
コスモモノポリー,ビッグレッドファーム
コスモユニック,ビッグレッドファーム
コスモヨハネ,ビッグレッドファーム
コスモライティング,ビッグレッドファーム
コスモライデン,ビッグレッドファーム
コスモラパウィラ,ビッグレッドファーム
コスモラミントン,ビッグレッドファーム
コスモラムバック,ビッグレッドファーム
コスモララバイ,ビッグレッドファーム
コスモリカバリー,ビッグレッドファーム
コスモリコリス,ビッグレッドファーム
コスモリスナー,ビッグレッドファーム
コスモリダッシュ,ビッグレッドファーム
コスモリボルブ,ビッグレッドファーム
コスモリミックス,ビッグレッドファーム
コスモリモーネ,岡田繁幸
コスモリョウゲツ,杉浦和也
コスモルシオ,ビッグレッドファーム
コスモルトチェコ,谷脇智恵子
コスモルミナ,ブルースターズファーム
コスモルージュ,ビッグレッドファーム
コスモルーテウス,ビッグレッドファーム
コスモレオナルド,ビッグレッドファーム
コスモレッド,ウエストヒルズ
コスモレペティール,ビッグレッドファーム
コスモレリア,ビッグレッドファーム
コスモレンブランサ,ビッグレッドファーム
コスモロイロ,ビッグレッドファーム
コスモロビンソン,ビッグレッドファーム
コスモロブロイ,岡田繁幸
コスモローマ,コスモ・コスモ
コスモヴィテス,ビッグレッドファーム
コスモヴィーコ,ビッグレッドファーム
コスモヴェントゥス,ビッグレッドファーム
コズミックエッグ,村野康司
コズミックコール,ゴドルフィン
コズミックダンサー,シルクレーシング
コズミックフォース,サンデーレーシング
コズミックフレア,林泰伸
コズミックフロスト,ゴドルフィン
コズミックボックス,吉田勝己
コズミックマインド,レッドマジック
コズミックランナー,ノースヒルズ
コズミックレイズ,ゴドルフィン
コタ,小菅誠
コタバル,乙訓史樹
コチョウジュニア,鈴木照雄
コチョウラン,キーファーズ
コッカラッス,大田恭充
コックオーヴァン,ビッグレッドファーム
コックニー,ゴドルフィン
コックピットサイト,山田弘
コックリサン,由井健太郎
コッコラーレ,山口敦広
コッチャン,矢野琢也
コッツォリーノ,ラ・メール
コットンスノー,保坂和孝
コットンフラワー,田頭勇貴
コッヘル,上野直樹
コッポラ,松田整二
コッレヴェッキオ,吉田勝己
コツコツキヨシ,西本資史
コティニャック,伊達敏明
コティノス,キャロットファーム
コテツハマー,浜田幸一
コデラエネ,ブルースターズファーム
コト,寺田寿男
コトシロ,平川浩之
コトテーラー,中西浩一
コトノサンショ,加藤興一
コトブキアゲート,尾上松壽
コトブキアリエス,尾上松壽
コトブキアルニラム,尾上松壽
コトブキジェダイト,尾上松壽
コトブキスフェール,尾上松壽
コトブキテティス,尾上松壽
コトブキノニ,江川伸夫
コトブキハウンド,尾上松壽
コトブキビリーヴ,尾上松壽
コトブキヘスペラス,尾上松壽
コトブキボタン,尾上松壽
コトブキポラリス,尾上松壽
コトブキレイア,尾上松壽
コトブキローズ,尾上松壽
コトホドサヨウニ,幅田京子
コトリノウタウウタ,吉田勝利
コトリノサエズリ,吉田勝利
コトル,吉田照哉
コトヴィア,広尾レース
コナウェリナ,キャロットファーム
コナコースト,サンデーレーシング
コナパームス,サンデーレーシング
コナブラック,サンデーレーシング
コナベイション,ゴドルフィン
コニカルビーカー,下河辺牧場
コニャック,芹澤精一
コニャックダイヤ,グランデオーナーズ
コニーアイランド,サンデーレーシング
コネイブル,テシオ
コネクテッド,池袋レーシング
コネッシオーネ,杉山忠国
コノチヲツナイデ,福田光博
コノハナミカミ,自由が丘サラブレッド倶楽部
コノリー,高橋ファーム
コハクトウ,吉田照哉
コハクノカガヤキ,ビッグレッドファーム
コハクロン,平瀬智樹
コハナ,吉田勝利
コハル,村田哲朗
コハルチャン,二口雅一
コハルビヨリ,飯田良枝
コバルトウィング,シルクレーシング
コバルトスカイ,迎徹
コバルトブルー,青芝商事
コパカツ,小林祥晃
コパカティ,サンデーレーシング
コパカバーナ,ガーベラパークスタッド
コパカバーナビーチ,ライフエンタープライズ
コパシーナ,椎名節
コパノアダムス,小林照弘
コパノアマンダ,小林祥晃
コパノアルベール,小林照弘
コパノアントニオ,小林祥晃
コパノアーチャー,小林照弘
コパノイノリ,小林照弘
コパノエイダン,小林祥晃
コパノエビータ,小林祥晃
コパノエミリア,小林祥晃
コパノエリック,小林祥晃
コパノエルパソ,小林祥晃
コパノオースティン,小林祥晃
コパノオーランド,小林祥晃
コパノカリブ,小林祥晃
コパノカーター,小林祥晃
コパノカーリング,小林祥晃
コパノカールトン,小林祥晃
コパノキッキング,小林祥晃
コパノキャスター,小林照弘
コパノキャッチング,小林祥晃
コパノキャメロン,小林祥晃
コパノキャリー,小林祥晃
コパノキャンペーン,小林祥晃
コパノキュラソー,小林祥晃
コパノケネディー,小林祥晃
コパノコーリング,小林祥晃
コパノサンタアナ,小林祥晃
コパノサンタフェ,小林祥晃
コパノサンデー,小林照弘
コパノサントス,小林祥晃
コパノシチリア,小林祥晃
コパノシャンソン,小林祥晃
コパノジェームス,小林祥晃
コパノジャッキー,小林祥晃
コパノジャンピング,小林祥晃
コパノジョウオー,小林祥晃
コパノスタンリー,小林祥晃
コパノセイバー,小林照弘
コパノセビリア,小林祥晃
コパノチャーリー,小林祥晃
コパノディラン,小林祥晃
コパノディール,小林照弘
コパノデナリス,小林照弘
コパノデーヴィド,小林祥晃
コパノトーマス,小林祥晃
コパノニコルソン,小林祥晃
コパノハワード,小林祥晃
コパノハンプトン,小林祥晃
コパノハーン,小林祥晃
コパノバハマ,小林祥晃
コパノバークレー,小林祥晃
コパノパサディナ,小林祥晃
コパノビアンカ,小林祥晃
コパノピエール,小林祥晃
コパノピッチング,小林祥晃
コパノフィーリング,小林祥晃
コパノフラメンコ,小林祥晃
コパノフランクリン,小林祥晃
コパノフランシス,小林祥晃
コパノフレディー,小林祥晃
コパノマイアミ,小林祥晃
コパノマデリン,小林祥晃
コパノマハロ,小林祥晃
コパノマリーン,小林祥晃
コパノマルティーノ,小林祥晃
コパノマロン,小林祥晃
コパノマーガレット,小林祥晃
コパノマーキュリー,小林祥晃
コパノマーティン,小林祥晃
コパノミステリー,小林祥晃
コパノミッキー,小林祥晃
コパノミラノ,小林祥晃
コパノモンテカルロ,小林祥晃
コパノモントレー,小林祥晃
コパノライダー,小林照弘
コパノラクラク,小林祥晃
コパノランサー,小林照弘
コパノランニング,小林祥晃
コパノリッチマン,小林祥晃
コパノリンダ,小林祥晃
コパノルーカス,小林祥晃
コパノロケット,小林祥晃
コパノヴィンセント,小林祥晃
コパマエチャン,小林祥晃
コヒロ,水上行雄
コファーズ,岡田牧雄
コブラ,庄司修二
コブラクロー,山口正行
コブラツイスト,江川聡子
コペルニクス,近藤英子
コマチザクラ,サラブレッドクラブ・ラフィアン
コマチチャン,盛学志
コマノウインクル,長谷川芳信
コマノカモン,長谷川芳信
コマノグレイス,長谷川芳信
コマノジェネシス,長谷川芳信
コマノジャスパ,長谷川芳信
コマノゼニト,長谷川芳信
コマノバルーガ,長谷川芳信
コマノフレア,長谷川芳信
コマノベニーニ,長谷川芳信
コマノルヴァン,長谷川芳信
コマノヴァンドール,長谷川芳信
コマビショウ,小林一成
コマンダンテ,岡田牧雄
コマンドライン,サンデーレーシング
コミカライズ,吉田照哉
コミタス,ＫＡＪＩＭＯＴＯホールディングス
コミックガール,古賀禎彦
コミックラン,岡村善行
コムストックロード,ビッグレッドファーム
コムダビチュード,ミルファーム
コムユンプリュム,Ｇ１レーシング
コムルヴァン,街風隆雄
コムーネ,ビッグレッドファーム
コモ,永山勝敏
コモドアーズ,安原浩司
コモモチャン,大樹ファーム
コモリウタ,ビッグレッドファーム
コモレビキラリ,亀岡和彦
コモンスナイプ,ゴドルフィン
コヨイノツキ,岡浩二
コヨキチセブン,折井祐介
コヨキチボンバー,折井祐介
コライユ,吉田勝利
コラエテーナ,ニッシンホールディングス
コラカオ,吉田和美
コラソンビート,サラブレッドクラブ・ラフィアン
コラムニスト,ゴドルフィン
コラリオン,保坂和孝
コラリン,シルクレーシング
コラルノクターン,グリーンフィールズ
コラルブラッシュ,中島俊房
コラルリーフ,中辻明
コラード,名古屋友豊
コリアンダーアイ,ディアレストクラブ
コリアンドリ,社台レースホース
コリエドール,カナヤマホールディングス
コリエンテス,シルクレーシング
コリカンチャ,サンデーレーシング
コリコ,大野富生
コリンズクレスト,嶋田賢
コリーヌヴェルト,サンデーレーシング
コリーヴレッカン,ミルファーム
コルカノン,吉田千津
コルク,是枝浩平
コルコバード,キャロットファーム
コルコバードヒル,日向英二
コルサファターレ,シルクレーシング
コルサロ,飯田貴大
コルシカフレーバー,スピードファーム
コルス,ヒダカ・ブリーダーズ・ユニオン
コルソヴェローチェ,ＴＯＲＡＣＩＮＧ
コルチェスター,ライオンレースホース
コルツァ,中島俊房
コルテ,桐谷敏子
コルティーナ,キャロットファーム
コルテオソレイユ,ニットー商事
コルテジア,前田幸治
コルテローザ,ビッグレッドファーム
コルデアニル,藤沼利夫
コルディアルッカ,山上和良
コルデトゥリーニ,社台レースホース
コルトレーン,市川義美ホールディングス
コルドゥーン,西浩明
コルドンブルー,ノースヒルズ
コルドンミノル,吉岡實
コルドンルージュ,サンデーレーシング
コルニチェロ,前田晋二
コルニッシュドール,キャロットファーム
コルニリア,ミルファーム
コルネイユドール,ノルマンディーサラブレッドレーシング
コルネット,シルクレーシング
コルベイユ,井手慶祐
コルベータ,キャロットファーム
コルルディ,ＩＺＵＲＵジャパン
コルレオニス,キャロットファーム
コルレット,ノルマンディーサラブレッドレーシング
コルレーニョ,ＫＡＪＩＭＯＴＯホールディングス
コルヴァス,寺田寿男
コルヴィル,京都ホースレーシング
コルヴィーナ,カナヤマホールディングス
コレオグラファー,大谷正嗣
コレオシークエンス,川勝裕之
コレギウム,ノースヒルズ
コレクションラヴ,嶋田賢
コレクテイニア,Ｇ１レーシング
コレクト,長谷川祐司
コレデヨカロウ,大田恭充
コレペティトール,加藤誠
コロケーション,Ｙ’ｓレーシング
コロッセウム,大脇佑樹
コロディア,今中俊平
コロナオペルタ,岡田牧雄
コロナシオン,サンデーレーシング
コロナドブリッジ,Ｇ１レーシング
コロニアルスタイル,吉田照哉
コロニス,中辻明
コロネット,ビッグレッドファーム
コロラトゥーレ,廣崎利洋ＨＤ
コロラドテソーロ,了徳寺健二ホールディングス
コロラマ,井上久光
コロル,フジワラ・ファーム
コロンドール,栗坂崇
コロンバイン,ミルファーム
コロンバスデイ,社台レースホース
コロンビアテソーロ,了徳寺健二ホールディングス
コワン,牧埜幸一
コワンニシタガウ,幅田京子
コンアフェット,キャロットファーム
コンイルヴェント,街風隆雄
コンウィ,中村祐子
コンエスペランサ,西森功
コンエネルジア,サンデーレーシング
コンカラー,江口雄一郎
コンカルノー,中村祐子
コンカーワン,ＣＨＥＶＡＬＡＴＴＡＣＨＥ
コンクイスタ,ターフ・スポート
コンクエスト,前田晋二
コンクエストシチー,友駿ホースクラブ
コンクシェル,前田晋二
コンクパール,前田幸大
コンクレデンツァ,Ｇ１レーシング
コングールテソーロ,了徳寺健二ホールディングス
コンコード,林正道
コンゴウトシオー,田畑利彦
コンゴウフジ,ヒダカ・ブリーダーズ・ユニオン
コンゴウリュウオー,金岡久夫
コンゴウレイワ,飯田正剛
コンサートツアー,グリーンファーム
コンサートピアノ,高橋文男
コンサートマスター,小島章義
コンシリエーレ,吉田和美
コンシード,河村祥史
コンジェスタス,シルクレーシング
コンジェラメント,吉田晴哉
コンジャンクション,シルクレーシング
コンスタンシア,友駿ホースクラブ
コンスタンティナ,山本三津子
コンスタンティン,ＯＵＭＡ
コンステレーション,サラブレッドクラブ・ラフィアン
コンストラクション,和田牧場
コンスピキュアス,村野康司
コンスピラシー,檜森高史
コンスピリート,前田晋二
コンセギール,前田葉子
コンセッションズ,ニッシンホールディングス
コンセプシオン,ヒダカ・ブリーダーズ・ユニオン
コンセプト,石川達絵
コンセルノ,ＳＹレーシング
コンセントレイト,ノースヒルズ
コンソラトゥール,吉澤克己
コンソレーション,伊東純一
コンタンゴ,広尾レース
コンダクトレス,キャロットファーム
コンチェッタ,高昭牧場
コンチサエッタ,九十九章之
コンチトーホク,九十九章之
コンティ,長谷川祐司
コンティオ,中村伊三美
コンティノアール,ライオンレースホース
コンテスタード,サンデーレーシング
コンテソレーラ,インゼルレーシング
コンテディカヴール,吉田勝己
コンテナ,住谷孝一
コンテナジュニア,住谷孝一
コンテナヒーロー,住谷孝一
コンテナライン,住谷孝一
コンテナラッシュ,住谷孝一
コンテナワールド,住谷孝一
コンテネレッツア,サンデーレーシング
コンテミュール,平沼宣秀
コンテンポラリー,廣崎利洋
コンディトラム,村上憲政
コントゥアライン,水上行雄
コントゥラット,牧埜幸一
コントゥール,キャロットファーム
コントディヴェール,前田幸治
コントラチェック,キャロットファーム
コントラポスト,ライオンレースホース
コントリビューター,ゴドルフィン
コントリビュート,宮川純造
コントレイル,前田晋二
コントロッロ,山田信太郎
コンドゥイア,高昭牧場
コンドゥクシオン,吉田勝己
コンドライト,サンデーレーシング
コンドリュール,ノースヒルズ
コンバスチョン,ゴドルフィン
コンバットペスカ,ユーモード
コンバットマーチ,岡田牧雄
コンバージェンス,ノースヒルズ
コンパウンダー,ゴドルフィン
コンパクトファイト,西村新一郎
コンピエーニュ,伊達敏明
コンピレーション,シルクレーシング
コンピートバーチェ,首藤徳
コンフィアンサ,山本三津子
コンフィアンス,京都ホースレーシング
コンフィグシス,薗部博之
コンフィズリー,ヒダカファーム
コンフィテオール,ターフ・スポート
コンフィテーロ,ゴドルフィン
コンフィデンス,近藤英子
コンフェルマ,近藤英子
コンフォルツァ,ライオンレースホース
コンフルエンス,川勝裕之
コンプラセンシア,ゴドルフィン
コンプリート,飯田貴大
コンプリートベスト,吉田照哉
コンボルブルス,村上憲政
コンモートフーガ,Ｍｒ．ホース
コンヴァージョン,栗山学
コンヴァーンクル,ウエスト．フォレスト．ステイブル
コンヴェクトル,佐々木主浩
コンヴェックス,ターフ・スポート
コヴィーニャ,吉田照哉
コヴェナント,福田光博
コーカサスゴールド,ゴールドレーシング
コーカス,ゴドルフィン
コーシューパンジャ,ＤｅｅｐＣｒｅｅｋ
コースタルタウン,Ｇ１レーシング
コースタルチャート,社台レースホース
コースタルテラス,吉田勝己
コースタルロード,下河辺隆行
コーストガード,石川佳弘
コーストライン,吉田照哉
コーズウェイヘッド,ゴドルフィン
コーチェラ,山口裕介
コーチェラバレー,キャロットファーム
コーティアスマナー,ゴドルフィン
コーディアリティ,水上行雄
コーディアリー,ブルースターズファーム
コーディアル,キャロットファーム
コーディアルギフト,サンデーレーシング
コーディアルライム,ミルファーム
コーディエライト,Ｇ１レーシング
コーディネイター,三宅勝俊
コートアリシアン,吉田照哉
コートゴシップ,ゴドルフィン
コートダルジャン,キャロットファーム
コートパルフェ,社台レースホース
コートリーアスペン,Ｇ１レーシング
コートリーバウ,吉田勝己
コードジェニック,水上行雄
コードナイン,木部厳生
コードブレイカー,諸岡慶
コーパスクリスティ,吉田勝己
コーヒーカフェ,ミルファーム
コーヒーソフト,保坂和孝
コーヒーブレイク,サラブレッドクラブ・ラフィアン
コーラスケイト,大塚亮一
コーラスライン,八木澤充貴
コーラフロート,中村智幸
コーラル,鈴木美江子
コーラルクラウン,シルクレーシング
コーラルティアラ,ノルマンディーサラブレッドレーシング
コーラルハート,下河辺牧場
コーラルパール,ミルファーム
コーラルプリンセス,吉田勝己
コーラルムーン,吉田千津
コーラルリーフ,ノースヒルズ
コーリンカルベラ,伊藤恵子
コーリンクレア,伊藤恵子
コーリング,河村祥史
コーリングユー,タイヘイ牧場
コーリングローリー,伊藤恵子
コーリンバニラ,伊藤恵介
コーリンフウガ,伊藤恵子
コーリンベイダー,伊藤恵介
コーリンマジェリー,伊藤恵介
コーリンミルキー,伊藤恵子
コーリンラズベリー,伊藤恵介
コールザチューン,社台レースホース
コールストーム,ノースヒルズ
コールドショット,吉田勝己
コールドストーン,臼井義太郎
コールドスリープ,由井健太郎
コールドターキー,薪浦亨
コールドブリュー,ターフ・スポート
コールミーメイビー,吉田勝利
コールラヴ,エムズレーシング
コールリッジ,林正道
コーンウォリス,社台レースホース
コーンスス,加藤誠
コーントップス,浅沼廣幸
コーンフィールド,社台レースホース
コーンポピー,ウエスト．フォレスト．ステイブル
コーヴ,三嶋牧場
ゴイゴイスー,山下良子
ゴウユウ,西村專次
ゴガツノアマノガワ,石川秀守
ゴキゲンサン,ニッシンホールディングス
ゴコウコイコイ,サラブレッドクラブ・ラフィアン
ゴコウサス,吉田勝利
ゴシキセントウキ,ケンレーシング組合
ゴシップガールズ,サクラターフィークラブ
ゴスホーククレスト,藤田在子
ゴダイリキ,青山洋一
ゴダルティチェコ,谷脇智恵子
ゴチソウサン,中辻明
ゴットウェーブ,後藤進
ゴットゴーゴー,後藤進
ゴットタレント,藤田純
ゴットパシオン,後藤進
ゴットフルール,後藤進
ゴットムスタング,後藤進
ゴットランド,大野富生
ゴットリープ,今村明浩
ゴッドアイ,迫田三果子
ゴッドアミーラ,中西憲治
ゴッドインパルス,高瀬正志
ゴッドイーサン,中西憲治
ゴッドエスパーダ,中西憲治
ゴッドオブロンドン,サイプレスホールディングス
ゴッドオプティマス,中西憲治
ゴッドカインド,中西憲治
ゴッドカーヌスティ,中西憲治
ゴッドクインビー,中西憲治
ゴッドシエル,広尾レース
ゴッドシュアウイン,中西憲治
ゴッドスイートビー,中西憲治
ゴッドスター,ノースヒルズ
ゴッドスパロウ,中西憲治
ゴッドスピードレオ,重野心平
ゴッドスペル,馬目卓
ゴッドセレクション,川勝裕之
ゴッドセンド,カナヤマホールディングス
ゴッドテソロ,中西憲治
ゴッドデサフィオ,中西憲治
ゴッドトレジャー,中西憲治
ゴッドハニービー,中西憲治
ゴッドバンブルビー,中西憲治
ゴッドファーザー,ＮＩＣＫＳ
ゴッドブルービー,中西憲治
ゴッドペイズリー,中西憲治
ゴッドホーネット,中西憲治
ゴッドポッシブル,中西憲治
ゴッドメリフルアス,渋谷健作
ゴッドリヴァプール,中西憲治
ゴッドレイ,迫田三果子
ゴッドレイジング,三浦勝仁
ゴッドヴァレー,柳田悠岐
ゴディアンフィンチ,Ｇ１レーシング
ゴディアーモ,サンデーレーシング
ゴデレッチョ,伊達敏明
ゴトク,辻牧場
ゴナビーオーライト,二木英実
ゴバド,阿部友弘
ゴムマリ,田頭勇貴
ゴメンネジロー,岡浩二
ゴヨウマツミッチー,茂木道和
ゴライアス,サンデーレーシング
ゴライコウ,岡浩二
ゴラッソゴール,東海林貴大
ゴランディ,吉田勝己
ゴリアット,レゾリュート・ブラッドストック＆Ｐ．ウルマン男爵
ゴリョウセイ,吉田照哉
ゴリン,杉澤光雄
ゴルコンダ,サンデーレーシング
ゴルゴバローズ,猪熊広次
ゴルシノメイ,小林英一ホールディングス
ゴルティス,ＩＺＵＲＵジャパン
ゴルディアス,フィールドレーシング
ゴルディロックス,サンデーレーシング
ゴルデールスカー,サンデーレーシング
ゴルトグランツ,ヤブウチ
ゴルトシュトラール,日下部勝徳
ゴルトシュミーデ,吉田千津
ゴルトツィーゲル,サンデーレーシング
ゴルトファルベン,サンデーレーシング
ゴルトベルク,サンデーレーシング
ゴルトマイスター,ヒダカ・ブリーダーズ・ユニオン
ゴルトミュンツェ,田畑憲士
ゴルトメーネ,犬塚悠治郎
ゴルトリッチ,前原敏行
ゴルトレオパルト,小澤徳定
ゴルトヴェーレ,岡田隆寛
ゴルド,北山敏隆
ゴルヴァ,サイプレスホールディングス
ゴレアドール,寺田寿男
ゴレイジョウ,福田光博
ゴロンドリーナ,吉田和美
ゴンクール,ノルマンディーサラブレッドレーシング
ゴンザーゴ,吉田和美
ゴンジセ,西森鶴
ゴンタ,ケーエスＨＤ
ゴンドワナ,岡田牧雄
ゴンバデカーブース,Ｇ１レーシング
ゴンファロニエーレ,サンデーレーシング
ゴンフィンガー,藤田晋
ゴンフレナ,吉田勝己
ゴヴェルナーレリコ,加藤裕司
ゴー,グリーンスウォード
ゴーアブロード,ミルファーム
ゴーイングヒーロー,スリースターズレーシング
ゴーイングムーン,中村祐子
ゴーイントゥスカイ,フィールドレーシング
ゴーインピース,下河辺俊行
ゴーインフォワード,谷口祐人
ゴーインマイウェイ,山藤賢
ゴーウィズザフロー,イージス
ゴーウィズフェイス,前田剛
ゴーオンパーパス,前田剛
ゴーゴーエイミー,岡田隆寛
ゴーゴーオンリー,八嶋長久
ゴーゴーケイコ,中村規
ゴーゴーコクラ,西村新一郎
ゴーゴーゴウト,藤本栄史
ゴーゴーシャチョウ,ミキハウスＨＫサービス
ゴーゴーステーツ,草間庸文
ゴーゴータカシ,井山登
ゴーゴーチアフル,上山牧
ゴーゴーナカヤマ,中山牧場
ゴーゴーパワー,西村新一郎
ゴーゴーパンチ,吉田勝利
ゴーゴーヘレンド,上山牧
ゴーゴーマジカル,上山牧
ゴーゴーマンゴー,田頭勇貴
ゴーゴーユタカ,井山登
ゴーゴーリチャード,吉田勝利
ゴーゴーリマンド,上山牧
ゴーゴールーラー,上山牧
ゴーゴーレイワ,上山牧
ゴーゴーレインボー,星加浩一
ゴーゴーワイザー,上山牧
ゴーシェナイト,サンデーレーシング
ゴージャス,ローレルレーシング
ゴージャスガール,飯田正剛
ゴージャスゴールド,サンデーレーシング
ゴージャスドラゴン,ＴＮレーシング
ゴージャスブーケ,ヒダカ・ブリーダーズ・ユニオン
ゴージャスランチ,吉田千津
ゴージョニーゴー,藤田晋
ゴースト,西村健
ゴーストレート,堂守貴志
ゴースフロイデ,林正道
ゴースルーザルーフ,前田剛
ゴーゼンチュー,Ｍｒ．ホース
ゴーソーファー,藤田晋
ゴータイミング,キーファーズ
ゴータマ,岡田牧雄
ゴーダンシング,前田剛
ゴーツウキリシマ,西村新一郎
ゴーディアンノット,キャロットファーム
ゴートゥファースト,後藤和成
ゴートゥートラベル,吉田千津
ゴートゥーバラモン,山下恒善
ゴートゥービッツン,山下恒善
ゴートゥーヘヴン,天堀忠博
ゴートゥーミジョカ,山下恒善
ゴードン,カナヤマホールディングス
ゴードンテソーロ,了徳寺健二ホールディングス
ゴーハッピーゴー,吉田千津
ゴーファービヨンド,前田剛
ゴーフォアブローク,藤田在子
ゴーフォザサミット,山本英俊
ゴーフォマームード,前田剛
ゴーフォンテン,吉橋興生
ゴーフォーゴールド,村井良孝
ゴープラチナム,前田剛
ゴーマイオーシャン,冨沢敦子
ゴーマックス,ＴＯＲＡＣＩＮＧ
ゴームズ,畑佐博
ゴーラッキー,吉田和美
ゴールウェイガール,サラブレッドクラブ・ラフィアン
ゴールデン,ミルファーム
ゴールデンアワー,藤本栄史
ゴールデンアーク,Ｇ１レーシング
ゴールデンイーグル,池田草龍
ゴールデンウィンド,レッドマジック
ゴールデンウェル,江馬由将
ゴールデンエポック,ゴドルフィン
ゴールデンエール,ＳＦレーシング
ゴールデンオスカー,木村牧場
ゴールデンカイト,山紫水明
ゴールデンギフト,櫻井正
ゴールデンクラウド,シルクレーシング
ゴールデンコマンチ,浦野和由
ゴールデンゴール,井高義光
ゴールデンサイクル,高岡浩行
ゴールデンサンダー,田村彰夫
ゴールデンシエロ,大野裕
ゴールデンシロップ,ゴドルフィン
ゴールデンシーカー,ノルマンディーサラブレッドレーシング
ゴールデンスイープ,井内康之
ゴールデンスターズ,社台レースホース
ゴールデンステップ,岡田牧雄
ゴールデンスナップ,エースレーシング
ゴールデンスラム,インゼルレーシング
ゴールデンスロープ,岡田牧雄
ゴールデンゾーン,星野祐介
ゴールデンダガー,木村牧場
ゴールデンチップス,吉田照哉
ゴールデンチョイス,田島榮二郎
ゴールデンテソーロ,了徳寺健二ホールディングス
ゴールデンテティス,協栄
ゴールデンドラゴン,梶山高志
ゴールデンナイト,嶋田賢
ゴールデンハインド,サラブレッドクラブ・ラフィアン
ゴールデンハニビー,吉田和美
ゴールデンバッド,ＨｉｍＲｏｃｋＲａｃｉｎｇホールディングス
ゴールデンバランス,草間庸文
ゴールデンバレット,窪田芳郎
ゴールデンパゴーダ,ゴドルフィン
ゴールデンパリー,簗詰貴彦
ゴールデンビコー,村山忠弘
ゴールデンフィジー,吉田照哉
ゴールデンブラッド,長谷川祐司
ゴールデンブランコ,嶋田賢
ゴールデンブレイヴ,保坂和孝
ゴールデンプルーフ,サンデーレーシング
ゴールデンヘイロー,駒秀
ゴールデンベッセル,岡田牧雄
ゴールデンベリル,ビッグレッドファーム
ゴールデンボブ,エースレーシング
ゴールデンボート,田島榮二郎
ゴールデンマイク,藤田晋
ゴールデンマリア,嶋田賢
ゴールデンマーチ,飯島利彦
ゴールデンモモコ,辻子依旦
ゴールデンヨシノ,清水義徳
ゴールデンライオン,石瀬浩三
ゴールデンラン,小島將之
ゴールデンリープ,シルクレーシング
ゴールデンルーキー,岡田牧雄
ゴールデンレイ,長島利治
ゴールデンレシオ,ＤＭＭドリームクラブ
ゴールデンレディー,山本茂
ゴールドアイリーン,増田和啓
ゴールドアクション,居城寿与
ゴールドアクセス,居城寿与
ゴールドアックス,キャロットファーム
ゴールドアテネ,ゴールドレーシング
ゴールドアベニュー,小林英一ホールディングス
ゴールドアローン,居城寿与
ゴールドアーチ,加藤充彦
ゴールドイーグル,村田哲朗
ゴールドウィッチ,牧埜幸一
ゴールドウイスパー,居城寿与
ゴールドエクセル,居城寿与
ゴールドエクリプス,居城寿与
ゴールドエンバー,菅井牧場
ゴールドエンプレス,居城寿与
ゴールドエンペラー,ノルマンディーサラブレッドレーシング
ゴールドオーク,シンボリ牧場
ゴールドオーロラ,加藤充彦
ゴールドギア,有馬博文
ゴールドクイーン,加藤充彦
ゴールドクルーガー,菅原広隆
ゴールドクレスト,ゴドルフィン
ゴールドクロス,河内孝夫
ゴールドケリー,水谷美穂
ゴールドケープ,グリーンファーム
ゴールドコット,Ｇ１レーシング
ゴールドコマンダー,居城寿与
ゴールドゴールデン,吉澤克己
ゴールドサニー,加藤充彦
ゴールドサニーデイ,グリーンファーム
ゴールドサブリナ,加藤充彦
ゴールドサーベラス,田頭勇貴
ゴールドサーベル,インゼルレーシング
ゴールドシアター,居城寿与
ゴールドシャーク,野村茂雄
ゴールドシューター,居城寿与
ゴールドショーマン,協栄
ゴールドシリカ,石瀬浩三
ゴールドシンガー,居城寿与
ゴールドシーン,キャロットファーム
ゴールドジェスター,居城寿与
ゴールドジェネラル,居城寿与
ゴールドジャケット,ノルマンディーサラブレッドレーシング
ゴールドジャッジ,居城寿与
ゴールドジャンパー,居城寿与
ゴールドジャーニー,吉田和美
ゴールドジューク,居城寿与
ゴールドジョー,河内孝夫
ゴールドスター,井山登
ゴールドストーム,平川三津
ゴールドスナイパー,馬目卓
ゴールドスノー,加藤充彦
ゴールドスピーダー,居城寿与
ゴールドスミス,ゴドルフィン
ゴールドソシアル,居城寿与
ゴールドソックス,澤田孝之
ゴールドタリスマン,高昭牧場
ゴールドタンバリン,吉田和美
ゴールドダイアー,岡田牧雄
ゴールドチャリス,フィールドレーシング
ゴールドチョウサン,チョウサン
ゴールドティア,キャロットファーム
ゴールドテソーロ,了徳寺健二ホールディングス
ゴールドディガー,安原浩司
ゴールドトリック,居城寿与
ゴールドドリーム,吉田勝己
ゴールドドレッサ,ノルマンディーサラブレッドレーシング
ゴールドドロップ,ノルマンディーサラブレッドレーシング
ゴールドノヴァ,古賀禎彦
ゴールドハイアー,居城寿与
ゴールドハット,小林英一ホールディングス
ゴールドハンマー,浅田次郎
ゴールドハーディス,居城寿与
ゴールドハーレー,米津佳昭
ゴールドバッハ,吉川朋宏
ゴールドバランサー,居城寿与
ゴールドバローズ,猪熊広次
ゴールドバンカー,磯波勇
ゴールドバーレン,宮田直也
ゴールドパッキャオ,増田和啓
ゴールドパッション,居城寿与
ゴールドパラディン,ノルマンディーサラブレッドレーシング
ゴールドパレード,居城寿与
ゴールドパートナー,居城寿与
ゴールドヒューズ,藤田孟司
ゴールドビリーヴ,居城寿与
ゴールドビーム,北原光一郎
ゴールドフィンガー,グリーンスウォード
ゴールドフォックス,新井衛
ゴールドフライト,加藤充彦
ゴールドフラッグ,小林英一ホールディングス
ゴールドフリーダム,居城寿与
ゴールドフレイバー,岡田隆寛
ゴールドフレーム,外池榮一郎
ゴールドブション,廣崎利洋ＨＤ
ゴールドブラッサム,西野晴夫
ゴールドブラッド,居城寿与
ゴールドブラボー,居城寿与
ゴールドブリオン,嶋田賢
ゴールドブリーズ,居城寿与
ゴールドブリーダー,居城寿与
ゴールドブレイズ,吉川朋宏
ゴールドブレス,ＹＧＧホースクラブ
ゴールドブレーカー,居城寿与
ゴールドプラネット,居城寿与
ゴールドプリュム,今村明浩
ゴールドプリンセス,居城寿与
ゴールドプレイ,吉田和美
ゴールドプレイヤー,居城寿与
ゴールドプレミアム,村上稔
ゴールドプロテクト,居城寿与
ゴールドベイン,高橋信博
ゴールドベレー,居城寿与
ゴールドペアン,Ｍａｈａｌｏ
ゴールドポジション,居城寿与
ゴールドポディウム,Ｇ１レーシング
ゴールドマイヤー,大戸志浦
ゴールドマジカル,居城寿与
ゴールドマリー,間宮秀直
ゴールドミッション,コスモヴューファーム
ゴールドミラクル,居城寿与
ゴールドミーティア,居城寿与
ゴールドムーン,野口貴子
ゴールドメジャー,キャピタルクラブ
ゴールドメファ,手嶋美季
ゴールドモニター,居城寿与
ゴールドモーション,居城寿与
ゴールドラグーン,吉田晴哉
ゴールドラブリー,居城寿与
ゴールドラン,谷岡正次
ゴールドリアリティ,居城寿与
ゴールドリッカ,ターフ・スポート
ゴールドリバース,居城寿与
ゴールドリング,加藤充彦
ゴールドルパン,田畑利彦
ゴールドレガシー,Ｇ１レーシング
ゴールドレコーダー,居城寿与
ゴールドレッグス,西村健
ゴールドローズ,高昭牧場
ゴールドロード,有馬博文
ゴールドヴィーナス,ゴールドレーシング
ゴーレジェンド,前田剛
ゴーンクエスト,飯田正剛
ゴーントゥファー,日下部勝徳
ゴーンホーム,窪田康志
サイウン,中村勝彦
サイエン,二風谷ファーム
サイオウガウマ,酒井孝敏
サイキユイコウル,村田能光
サイキョウサイコウ,増山武志
サイキョウノオンナ,山本精一
サイクロトロン,金子真人ホールディングス
サイコウダネ,マークス
サイゴウパワー,西村新一郎
サイゴドン,田畑富子
サイタオフェーリア,サイタグローバル
サイタスリーレッド,西村憲人
サイタブラウン,サイタグローバル
サイダイゲンカイ,山口裕介
サイドキック,村木慎吾
サイドシュート,瀬野尾裕久
サイドストリート,ニッシンホールディングス
サイドストーリー,飯田正剛
サイドチェンジ,大塚亮一
サイナシュア,ゴドルフィン
サイパー,山口裕介
サイファリス,水上行雄
サイファーシチー,友駿ホースクラブ
サイファーテキスト,ゴドルフィン
サイブレーカー,ＴＮレーシング
サイベリアン,下河辺俊行
サイモフェーン,キャロットファーム
サイモンイロハニー,澤田昭紀
サイモンエクセラー,澤田昭紀
サイモンオリーブ,澤田昭紀
サイモンオーキッド,澤田昭紀
サイモンカクタス,澤田昭紀
サイモンカリン,澤田昭紀
サイモンカーチス,澤田昭紀
サイモンギザ,澤田昭紀
サイモンギフト,澤田昭紀
サイモンクラブ,澤田昭紀
サイモンクレスト,澤田昭紀
サイモングリット,澤田昭紀
サイモングリーマン,澤田昭紀
サイモンコーラル,澤田昭紀
サイモンゴージャス,澤田昭紀
サイモンサンバ,澤田昭紀
サイモンサーマル,澤田昭紀
サイモンザナドゥ,澤田昭紀
サイモンシナモン,澤田昭紀
サイモンシャリオ,澤田昭紀
サイモンシャルール,澤田昭紀
サイモンシュバリエ,澤田昭紀
サイモンジルバ,澤田昭紀
サイモンセレナーデ,澤田昭紀
サイモンセレーノ,澤田昭紀
サイモンゼスト,澤田昭紀
サイモンゼーレ,澤田昭紀
サイモンソーラン,澤田昭紀
サイモンナイスラン,澤田昭紀
サイモンノツバサ,澤田昭紀
サイモンノーブル,澤田昭紀
サイモンハミング,澤田昭紀
サイモンハロルド,澤田昭紀
サイモンバズユー,澤田昭紀
サイモンバトラー,澤田昭紀
サイモンバロン,澤田昭紀
サイモンブーケ,澤田昭紀
サイモンプレジール,澤田昭紀
サイモンベラーノ,澤田昭紀
サイモンベローチェ,澤田昭紀
サイモンベーネ,澤田昭紀
サイモンボナンザ,澤田昭紀
サイモンポーリア,澤田昭紀
サイモンミラベル,澤田昭紀
サイモンメガライズ,澤田昭紀
サイモンモーニング,澤田昭紀
サイモンラムセス,澤田昭紀
サイモンルグラン,澤田昭紀
サイモンルチアーノ,澤田昭紀
サイモンルピナス,澤田昭紀
サイモンルモンド,澤田昭紀
サイモンレガシー,澤田昭紀
サイヤダンサー,ウエスト．フォレスト．ステイブル
サイラス,ノースヒルズ
サイラモナムール,平井裕
サイルーン,金子真人ホールディングス
サイレンスゴールド,辻子依旦
サイレンスタイム,京都ホースレーシング
サイレンスホープ,六井元一
サイレント,江馬由将
サイレントアスカ,高野哲
サイレントウィンド,ゴドルフィン
サイレントギフト,キャピタルクラブ
サイレントクララ,吉田千津
サイレントグルーヴ,社台レースホース
サイレントスウープ,ゴドルフィン
サイレントストーム,キヨタケ牧場
サイレントナイト,大塚亮一
サイレントブラック,ＤＭＭドリームクラブ
サイレントミニスタ,辻子依旦
サイレントワルツ,佐々木將吉
サイレントヴォイス,外池榮一郎
サイン,石川達絵
サインオブサクセス,社台レースホース
サインオブハピネス,ヒダカ・ブリーダーズ・ユニオン
サイード,前田幸治
サウザンサニー,千明牧場
サウザンセーラ,尾中直也
サウザンドスマイル,ノースヒルズ
サウザンパンチ,千明牧場
サウザンビースト,千明牧場
サウジバラード,加藤正二郎
サウスオブボーダー,三田昌宏
サウスオブロンドン,窪田芳郎
サウスザスナイパー,後藤貞夫
サウスシーパール,田頭勇貴
サウスジェラート,谷岡牧場
サウスバンク,下河辺隆行
サウスパッキオ,布武起会
サウスブルーグラス,越村哲男
サウナストーン,青芝商事
サウンズオーサム,Ｇ１レーシング
サウンドアベニュー,増田雄一
サウンドアルジュナ,増田雄一
サウンドアレグリア,増田雄一
サウンドアンフィニ,増田雄一
サウンドイヴォーク,増田雄一
サウンドウイッシュ,増田雄一
サウンドウイング,増田雄一
サウンドウォリアー,増田雄一
サウンドエクラ,増田雄一
サウンドエトワール,増田雄一
サウンドエフェクト,Ｇ１レーシング
サウンドエフォート,増田雄一
サウンドオブビット,馬場祥晃
サウンドカナロア,増田雄一
サウンドカノン,増田雄一
サウンドガネーシャ,増田雄一
サウンドキアラ,増田雄一
サウンドキングダム,増田雄一
サウンドクラウン,増田雄一
サウンドクラージュ,増田雄一
サウンドクレア,増田雄一
サウンドグランツ,増田雄一
サウンドコネクト,増田雄一
サウンドサムデイ,増田雄一
サウンドサンビーム,増田雄一
サウンドサンライズ,ライフハウス
サウンドシェリー,増田雄一
サウンドシエル,増田雄一
サウンドシュリット,増田雄一
サウンドジャッカル,増田雄一
サウンドジャンゴ,増田雄一
サウンドジュテ,増田雄一
サウンドステラ,増田雄一
サウンドストリート,増田雄一
サウンドズーム,増田雄一
サウンドダンス,増田雄一
サウンドチアフル,増田雄一
サウンドティコ,増田雄一
サウンドテーブル,山上和良
サウンドディアナ,増田雄一
サウンドトラック,グリーンファーム
サウンドトリオンフ,増田雄一
サウンドドゥイット,増田雄一
サウンドノバ,増田雄一
サウンドハーヴィー,増田雄一
サウンドバッハ,サザンホールディング
サウンドバレット,増田雄一
サウンドバーニング,増田雄一
サウンドパドマ,増田雄一
サウンドパルム,増田雄一
サウンドヒーロー,増田雄一
サウンドビバーチェ,増田雄一
サウンドファイト,増田雄一
サウンドファミリエ,増田雄一
サウンドブライアン,増田雄一
サウンドブラック,増田雄一
サウンドブレイズ,増田雄一
サウンドプリズム,増田雄一
サウンドプリモ,増田雄一
サウンドペガサス,増田雄一
サウンドペルル,増田雄一
サウンドポポ,増田雄一
サウンドマジック,増田雄一
サウンドマヒナ,増田雄一
サウンドムーブ,増田雄一
サウンドモリアーナ,増田雄一
サウンドラッシュ,増田雄一
サウンドリアン,増田雄一
サウンドルミネ,増田雄一
サウンドルーチェ,増田雄一
サウンドレイラ,増田雄一
サウンドレガミ,増田雄一
サウンドレベッカ,増田雄一
サウンドレーヴ,増田雄一
サウンドロックス,サザンホールディング
サウンドロマン,増田雄一
サウンドワイズ,増田雄一
サウンドヴァージル,増田雄一
サウンドヴィヴァン,増田雄一
サウンドヴェール,増田雄一
サエッタ,ノースヒルズ
サエル,イクタ
サエールフェイス,ＳＴレーシング
サカイシューター,坂井秀人
サカエショウ,齊藤栄一
サカキ,水野淳
サカジロゴー,ロイヤルパーク
サカジロレインボー,ロイヤルパーク
サカトクフェイス,ＳＴレーシング
サガルマータ,前田幸治
サキガケバイオ,バイオ
サキドリトッケン,三岡有香
サキホコレ,増山武志
サク,増田江利子
サクステッド,キャロットファーム
サクセスアイ,タカシマ
サクセスエナジー,タカシマ
サクセスエース,ブルースターズファーム
サクセスカノン,柴田実千代
サクセスカラー,柴田実千代
サクセスクルーズ,高嶋哲
サクセスゴールド,タカシマ
サクセスザブーン,タカシマ
サクセスシュート,柴田実千代
サクセスソング,鈴木芳夫
サクセステーラー,中西浩一
サクセスドラム,柴田実千代
サクセスドレーク,タカシマ
サクセスハチハチ,タカシマ
サクセスハーモニー,タカシマ
サクセスバラード,ブルースターズファーム
サクセスバローズ,猪熊広次
サクセスパルス,柴田実千代
サクセスビクトリー,小林章
サクセスビリーブ,小林章
サクセスファイター,高嶋哲
サクセスブルー,小山田明人
サクセスベージュ,タカシマ
サクセスボーイ,田村彰夫
サクセスミノル,吉岡實
サクセスリバース,高嶋哲
サクセスリボーン,柴田実千代
サクセスローレル,タカシマ
サクセッション,キャロットファーム
サクソフィーナ,フクキタル
サクソフォン,広尾レース
サクソンジェンヌ,福盛訓之
サクハル,落合稔
サクブット,高昭牧場
サクヤコノハナ,岡田牧雄
サクラ,篠田くみ子
サクラアザレア,さくらコマース
サクラアスター,さくらコマース
サクラアドリア,さくらコマース
サクラアリュール,さくらコマース
サクラアンプルール,さくらコマース
サクライズ,菊地温以
サクライロ,キャロットファーム
サクライロマウコロ,社台レースホース
サクラエンパイア,さくらコマース
サクラオーラ,さくらコマース
サクラカゼ,河合裕明
サクラカレント,さくらコマース
サクラキングリー,さくらコマース
サクラクリスタル,さくらコマース
サクラグラシュー,さくらコマース
サクラコーラル,さくらコマース
サクラサルーテ,さくらコマース
サクラサンティエ,さくらコマース
サクラサーブル,さくらコマース
サクラザチェンジ,岡田繁幸
サクラシャムロック,さくらコマース
サクラジェンヌ,吉田智
サクラジマ,諸岡慶
サクラジマテソーロ,了徳寺健二ホールディングス
サクラストリーム,さくらコマース
サクラスヴニール,さくらコマース
サクラセンターベア,小松裕志
サクラソーレ,さくらコマース
サクラテゾーロ,さくらコマース
サクラテーベ,さくらコマース
サクラデュエル,さくらコマース
サクラトゥジュール,さくらコマース
サクラトスカーナ,さくらコマース
サクラトップキセキ,トップフェロウ
サクラトップクリス,トップフェロウ
サクラトップクロス,トップフェロウ
サクラトップスター,トップフェロウ
サクラトップセラー,櫻井秀樹
サクラトップダンク,トップフェロウ
サクラトップハロー,トップフェロウ
サクラトップハーツ,トップフェロウ
サクラトップヒル,鈴木昌樹
サクラトップホーム,トップフェロウ
サクラトップムーン,トップフェロウ
サクラトップメジャ,トップフェロウ
サクラトップラン,櫻井秀樹
サクラトップリアル,櫻井秀樹
サクラトップロール,トップフェロウ
サクラトップワード,櫻井秀樹
サクラトラジャー,さくらコマース
サクラドロップ,田頭勇貴
サクラドール,さくらコマース
サクラパステル,さくらコマース
サクラパルジファル,さくらコマース
サクラヒメ,ＹＧＧホースクラブ
サクラピアチェーレ,さくらコマース
サクラファシナンテ,さくらコマース
サクラファレル,さくらコマース
サクラフブキ,田頭勇貴
サクラプロモーター,さくらコマース
サクラボヌール,さくらコマース
サクラボーベル,さくらコマース
サクラマイウェイ,さくらコマース
サクラマス,越村哲男
サクラメジャー,谷岡牧場
サクラモンストール,さくらコマース
サクラユニヴァース,さくらコマース
サクラユーロスター,さくらコマース
サクララプター,さくらコマース
サクララージャン,さくらコマース
サクラリゲル,さくらコマース
サクラルコール,さくらコマース
サクラルーフェン,さくらコマース
サクラレアリゼ,さくらコマース
サクラレイピア,さくらコマース
サクラレイメイ,さくらコマース
サクラレガッタ,さくらコマース
サクラロワ,さくらコマース
サクランボ,ミルファーム
サクラヴァルール,さくらコマース
サクラヴィグール,さくらコマース
サクリファイス,一村哲也
サクレディーヴァ,Ｋ．Ｓ．ヤップ
サグアロ,飯田貴大
ササノユキオルフェ,佐々木幸弘
ササモッテコイ,西本資史
ササヤキ,ゴドルフィン
サザリーバスター,キャロットファーム
サザンウォリアー,サザンホールディング
サザンエルフ,多田賢司
サザンカ,犬塚悠治郎
サザンキンレンカ,サザンホールディング
サザンクロスナイト,山上和良
サザンクーガー,山本茂
サザンショア,Ｇ１レーシング
サザンジンジャー,ビッグレッドファーム
サザンステート,窪田芳郎
サザンティスプーン,山本茂
サザンテイオー,サザンホールディング
サザンナイツ,ジャコモ
サザンバルドル,サザンホールディング
サザンブラック,サザンホールディング
サザンブリーズ,林正道
サザンブレーブ,サザンホールディング
サザンホクトベガ,山本茂
サザンレイク,サザンホールディング
サザンレインボー,キャロットファーム
サザンレーヴ,サザンホールディング
サザンヴィグラス,村山忠弘
サザンヴィターレ,サザンホールディング
サザークブリッジ,下河辺牧場
サザーランド,下河辺牧場
サジェス,清宮義男
サスガハシャチョウ,ミキハウスＨＫサービス
サスクェハンナ,吉田和美
サスケ,安原浩司
サスケエトワール,高橋敏英
サスツルギ,サンデーレーシング
サスティーン,シルクレーシング
サステイナビリティ,ゴドルフィン
サステナブル,ノースヒルズ
サスペンスクィーン,清田洋子
サタデーサンライズ,松岡隆雄
サターン,石川達絵
サダムオプシス,大西美生子
サダムオリジン,大西美生子
サダムゲンヤ,大西美生子
サダムシオイノモリ,大西定
サダムスキャット,大西美生子
サダムターゲット,大西美生子
サダムドミニック,大西定
サダムパッション,大西美生子
サダムフォレスト,大西美生子
サダムラピュタ,大西美生子
サダムラポール,大西美生子
サダムリスペクト,大西美生子
サダメ,サンデーヒルズ
サダルメリク,サンデーレーシング
サダージ,石井義人
サチノブーケ,佐藤好美
サッカレッロ,Ｇ１レーシング
サッチモ,サンコウ牧場
サッチャーテソーロ,了徳寺健二ホールディングス
サットサンガ,志邑宣彦
サットンプレイス,社台レースホース
サッビアマーゴ,西森功
サッポロイクコ,ノブレーシング
サッポロキタコ,ノブレーシング
サッポロゲッカオウ,辻助
サツキイルージョン,小野博郷
サツキオーゴン,小野博郷
サツキクローネ,小野博郷
サツキグレイ,小野博郷
サツキサンダー,小野博郷
サツキシェラザード,小野博郷
サツキジュエル,小野博郷
サツキスカイ,小野博郷
サツキスマイル,小野博郷
サツキティアラ,グランデオーナーズ
サツキナデシコ,小野博郷
サツキノジョウ,ＴＮレーシング
サツキハピネス,小野博郷
サツキバラード,小野博郷
サツキヒューズ,谷和光彦
サツキフラッシュ,小野博郷
サツキマス,越村哲男
サツキマーメイド,小野博郷
サツキミラクル,小野博郷
サツキユニヴァース,小野博郷
サツキレジーナ,小野博郷
サツキレッドスター,小野博郷
サツキワルツ,小野博郷
サツキワンチーム,小野博郷
サツマノオンナ,伊東政清
サツマノカゼ,諸岡慶
サツマフジ,伊東政清
サティンボディス,ゴドルフィン
サテフィカ,谷口悦一
サテンスキー,福田光博
サディーク,前田幸治
サトゥーア,増田和啓
サトノアイ,里見治
サトノアイオライト,里見治
サトノアイビス,サトミホースカンパニー
サトノアイボリー,里見治
サトノアインス,里見治
サトノアグード,里見治
サトノアダマス,里見治
サトノアッシュ,サトミホースカンパニー
サトノアベリア,里見治
サトノアポロン,里見治
サトノアライヴ,里見治
サトノアルタイル,里見治
サトノアルテミス,サトミホースカンパニー
サトノアルペジオ,里見治
サトノアレス,サトミホースカンパニー
サトノアレックス,里見治
サトノアンタレス,里見治
サトノアンナ,里見治
サトノアンバー,サトミホースカンパニー
サトノアヴァロン,サトミホースカンパニー
サトノアーサー,サトミホースカンパニー
サトノインパルス,サトミホースカンパニー
サトノインプレッサ,サトミホースカンパニー
サトノウィザード,サトミホースカンパニー
サトノウェーブ,里見治
サトノエスケープ,里見治
サトノエスペランサ,サトミホースカンパニー
サトノエバー,里見治
サトノエピック,里見治
サトノエメラルド,サトミホースカンパニー
サトノエルドール,里見治
サトノエレーナ,サトミホースカンパニー
サトノエンパイア,里見治
サトノエンプレス,サトミホースカンパニー
サトノオラシオン,里見治
サトノオリエンタル,里見治
サトノオンリーワン,里見治紀
サトノオーブ,里見治
サトノカスターニャ,里見治
サトノカルナバル,里見治
サトノガイア,里見治
サトノガレオン,里見治
サトノガーネット,サトミホースカンパニー
サトノキャサリン,里見治
サトノキリンジ,里見治
サトノキングダム,サトミホースカンパニー
サトノギフテッド,里見治
サトノギベオン,里見治
サトノギャロス,サトミホースカンパニー
サトノクライム,サトミホースカンパニー
サトノクラシカル,里見治
サトノクラージュ,サトミホースカンパニー
サトノクリーチャー,サトミホースカンパニー
サトノクレア,里見治
サトノクロシェット,里見治
サトノクロニクル,サトミホースカンパニー
サトノクロノス,サトミホースカンパニー
サトノクローク,里見治
サトノクローザー,里見治
サトノクローネ,サトミホースカンパニー
サトノグラン,サトミホースカンパニー
サトノグランツ,里見治
サトノグリアン,サトミホースカンパニー
サトノグリッター,サトミホースカンパニー
サトノグレイト,里見治
サトノグロリア,里見治
サトノグロワール,サトミホースカンパニー
サトノケンシロウ,サトミホースカンパニー
サトノゲイル,サトミホースカンパニー
サトノコメット,サトミホースカンパニー
サトノゴールド,サトミホースカンパニー
サトノサイベリー,サトミホースカンパニー
サトノシトラス,サトミホースカンパニー
サトノシャイニング,里見治
サトノシャムロック,里見治
サトノシャルレーヌ,里見治
サトノシャローム,里見治
サトノシャーク,サトミホースカンパニー
サトノシュタール,里見治
サトノシュトラーセ,里見治
サトノシュトローム,里見治
サトノシリウス,サトミホースカンパニー
サトノジェネシス,サトミホースカンパニー
サトノジェームス,サトミホースカンパニー
サトノジャスミン,サトミホースカンパニー
サトノジョニー,サトミホースカンパニー
サトノジヴェルニー,里見治
サトノジーク,サトミホースカンパニー
サトノジーニー,里見治
サトノジール,里見治
サトノスカイターフ,里見治
サトノスターライト,里見治
サトノスティング,サトミホースカンパニー
サトノストロング,里見治
サトノスバル,サトミホースカンパニー
サトノスピカ,里見治
サトノスフィア,里見治
サトノスプレマシー,里見治
サトノスライヴ,里見治
サトノスヴニール,里見治
サトノセシル,里見治
サトノセプター,里見治
サトノセレナーデ,里見治
サトノセーブル,里見治
サトノゼノビア,里見治
サトノソティラス,里見治
サトノソラーレ,サトミホースカンパニー
サトノソルタス,サトミホースカンパニー
サトノソレイユ,サトミホースカンパニー
サトノソロモン,サトミホースカンパニー
サトノタケル,サトミホースカンパニー
サトノダイナスティ,サトミホースカンパニー
サトノダムゼル,サトミホースカンパニー
サトノダンディ,里見治
サトノティターン,里見治紀
サトノテラス,サトミホースカンパニー
サトノテンペスト,里見治
サトノディヴァイン,里見治
サトノディード,サトミホースカンパニー
サトノディーバ,サトミホースカンパニー
サトノトライアンフ,里見治
サトノトラスト,サトミホースカンパニー
サトノトリガー,サトミホースカンパニー
サトノトリニティ,里見治
サトノトルネード,里見治
サトノドゥーチェ,里見治
サトノドルチェ,稲場澄
サトノナレッジ,サトミホースカンパニー
サトノノヴァ,サトミホースカンパニー
サトノハンター,サトミホースカンパニー
サトノバシリス,サトミホースカンパニー
サトノバトラー,里見治
サトノパシュート,サトミホースカンパニー
サトノパトス,里見治
サトノパトリオット,里見治
サトノパラディ,里見治
サトノパーシヴァル,サトミホースカンパニー
サトノビエント,里見治
サトノビダーヤ,里見治
サトノビーツ,里見治
サトノファイター,サトミホースカンパニー
サトノファクト,サトミホースカンパニー
サトノファビュラス,里見治
サトノファラオ,サトミホースカンパニー
サトノファンタシー,サトミホースカンパニー
サトノファントム,里見治
サトノフィオーレ,サトミホースカンパニー
サトノフウジン,里見治
サトノフェイバー,サトミホースカンパニー
サトノフェニックス,里見治
サトノフェンサー,里見治
サトノフォルテ,里見治
サトノフォース,サトミホースカンパニー
サトノフォーチュン,里見治
サトノフォーミュラ,里見治
サトノフラッグ,里見治
サトノフリージア,サトミホースカンパニー
サトノフルーク,里見治
サトノフレア,里見治
サトノフレイ,里見治
サトノブラーヴ,里見治
サトノブリジャール,里見治
サトノブルーム,サトミホースカンパニー
サトノブレイズ,サトミホースカンパニー
サトノブレス,サトミホースカンパニー
サトノプライド,サトミホースカンパニー
サトノプライム,サトミホースカンパニー
サトノプリエール,里見治
サトノプロミネント,サトミホースカンパニー
サトノヘリオス,里見治
サトノベリル,里見治
サトノペルセウス,里見治
サトノボヌール,サトミホースカンパニー
サトノボヤージュ,里見治
サトノボンズ,サトミホースカンパニー
サトノポーラスター,サトミホースカンパニー
サトノマジェスタ,里見治
サトノマックス,里見治紀
サトノマッスル,サトミホースカンパニー
サトノマティーニ,里見治
サトノミスチーフ,里見治
サトノミネルヴァ,里見治
サトノミューズ,サトミホースカンパニー
サトノミレニアム,サトミホースカンパニー
サトノミーティア,サトミホースカンパニー
サトノムスタング,里見治紀
サトノメドーサ,里見治
サトノメルベイユ,里見治
サトノユニゾン,サトミホースカンパニー
サトノユニティ,サトミホースカンパニー
サトノライジン,サトミホースカンパニー
サトノライトニング,里見治
サトノラクローヌ,里見治
サトノラッシュ,里見治
サトノラディウス,里見治
サトノラピス,里見治
サトノラファール,サトミホースカンパニー
サトノラポール,里見治
サトノラムセス,里見治
サトノランデヴー,里見治
サトノリアファル,里見治
サトノリアン,里見治
サトノリシャール,里見治
サトノリベル,サトミホースカンパニー
サトノリーベ,里見治
サトノルクソン,里見治
サトノルチル,里見治
サトノルフィアン,里見治
サトノルミナス,サトミホースカンパニー
サトノルークス,里見治
サトノルーチェ,里見治
サトノルーラー,里見治紀
サトノレイズ,里見治
サトノレイナス,サトミホースカンパニー
サトノレガシー,サトミホースカンパニー
サトノレガリア,サトミホースカンパニー
サトノレギオン,里見治
サトノレクタス,里見治
サトノレグルス,サトミホースカンパニー
サトノレティシア,里見治
サトノレーヌ,サトミホースカンパニー
サトノレーヴ,里見治
サトノロイヤル,里見治
サトノロザリー,里見治
サトノロワ,里見治
サトノワルキューレ,サトミホースカンパニー
サトノワーグナー,里見治
サトノワールド,里見治
サトノヴァンクル,里見治
サトノヴィクトリー,里見治紀
サトノヴィレ,里見治
サトノヴィーナス,里見治
サトミノアカリ,田代洋己
サトミノアサヒ,田代洋己
サトミノエガオ,田代洋己
サトミノエンジェル,田代洋己
サトミノキラリ,田代洋己
サトミノココロ,田代洋己
サトミノヒカリ,田代洋己
サトミノマリア,田代洋己
サトミノマロン,田代洋己
サトミン,田代洋己
サトルアプローチ,吉田千津
サドキンザン,ゴドルフィン
サドラーチョウサン,チョウサン
サドル,エムズレーシング
サドルトウショウ,トウショウ産業
サドルロード,サンデーレーシング
サナダ,荻原慎司
サナチャン,瀬谷隆雄
サナップスコット,ゴドルフィン
サナティオ,前田晋二
サニイアール,大塚亮一
サニーウェザー,前田晋二
サニーオーシャン,海原聖一
サニークラウド,高嶋祐子
サニーサイドラガー,奥村訓彦
サニーサインズ,ヒダカ・ブリーダーズ・ユニオン
サニーサフラン,海原聖一
サニーサルサ,吉田照哉
サニーサンピング,陳立文
サニーシェルブール,吉田千津
サニースター,赤松敬之
サニーストーム,陳立文
サニーストーンズ,石瀬浩三
サニースポット,サラブレッドクラブ・ラフィアン
サニースマイル,大森悌次
サニーズラン,岡村善行
サニーダンサー,陳立文
サニートーク,陳立文
サニーネイチャー,Ｇ１レーシング
サニーバレット,菅原広隆
サニーバローズ,猪熊広次
サニービーチ,キーファーズ
サニーフラッシュ,陳立文
サニーレイ,橋元勇氣
サノカポ,佐野信幸
サノケン,佐野信幸
サノコア,佐野信幸
サノサマー,佐野信幸
サノチナ,佐野信幸
サノノアメリカン,佐野信幸
サノノアルペン,佐野信幸
サノノイーグル,佐野信幸
サノノウォーリア,佐野信幸
サノノエスポ,佐野信幸
サノノカガヤキ,佐野信幸
サノノキセキ,佐野信幸
サノノキャニオン,佐野信幸
サノノクヒオ,佐野信幸
サノノグレーター,佐野信幸
サノノゴールド,佐野信幸
サノノサルバドール,佐野信幸
サノノサンダー,佐野信幸
サノノショウグン,佐野信幸
サノノスウィフト,佐野信幸
サノノスピード,佐野信幸
サノノタテヤマ,佐野信幸
サノノタルマエ,佐野信幸
サノノダンサー,佐野信幸
サノノティアラ,佐野信幸
サノノドラゴン,佐野信幸
サノノバーディ,佐野信幸
サノノヒューズ,佐野信幸
サノノヒーロー,佐野信幸
サノノビスケッツ,佐野信幸
サノノビーチ,佐野信幸
サノノファイター,佐野信幸
サノノファンタジー,佐野信幸
サノノブレイダー,佐野信幸
サノノベリー,佐野信幸
サノノボス,佐野信幸
サノノミッキー,佐野信幸
サノノリッチ,佐野信幸
サノノロンドン,佐野信幸
サノノワンダー,佐野信幸
サノノヴィグラス,佐野信幸
サノハニー,佐野信幸
サノバレー,佐野信幸
サノプリ,佐野信幸
サノマナ,佐野信幸
サノラカ,佐野信幸
サノラキ,佐野信幸
サノレオン,佐野信幸
サノレーヌ,佐野信幸
サノワン,佐野信幸
サハラ,庄司紫紀
サハラデザート,山紫水明
サハラヴァンクール,首藤徳
サバイバルアート,福田光博
サバイバルキュート,福田光博
サバイバルクイーン,福田光博
サバイバルシュシュ,福田光博
サバイバルダッシュ,福田光博
サバイバルダンス,福田光博
サバイバルトゥルー,福田光博
サバイバルトリック,福田光博
サバイバルナイト,福田光博
サバイバルナイン,福田光博
サバイバルプロミス,福田光博
サバイバルボス,福田光博
サバイバルポケット,福田光博
サバイバルマインド,福田光博
サバイバルリベラル,福田光博
サバイバルルージュ,福田光博
サバイバルローズ,福田光博
サバンナキャット,石瀬浩三
サバンナチャンス,由井健太郎
サバンナテソーロ,了徳寺健二ホールディングス
サバンナモンキー,石瀬浩三
サパテアール,ビッグレッドファーム
サパムーカンチャイ,ミルファーム
サピアウォーフ,小田吉男
サピエンシア,水上ふじ子
サファイア,近藤英子
サファイアテソーロ,了徳寺健二ホールディングス
サファイアブルー,青芝商事
サファイアプレミア,竹田寿
サファリ,カナヤマホールディングス
サファル,キャロットファーム
サフィニア,島川隆哉
サフィラ,シルクレーシング
サフランキララ,海原聖一
サフランクイン,海原聖一
サフランハピネス,海原聖一
サフランハート,海原聖一
サフランハーモニー,海原聖一
サフランヒーロー,海原聖一
サフランビーナス,海原聖一
サフランフラワー,海原聖一
サフランブライト,海原聖一
サフランブーケ,海原聖一
サフランポケット,海原聖一
サフランメロディ,海原聖一
サフランルージュ,海原聖一
サフランルーラー,海原聖一
サフール,佐久間拓士
サブアトミック,ゴドルフィン
サブエガ,青芝商事
サブゼロ,ゴドルフィン
サブノジュニア,中川三郎
サブマリーナ,ＮＩＣＫＳ
サブライムアンセム,サンデーレーシング
サブライムカイザー,ヒダカ・ブリーダーズ・ユニオン
サブライムチューン,Ｇ１レーシング
サブリエ,伊東純一
サブリナ,小原準一郎
サブリナワルツ,小林誠
サブリュウシン,渡部賢治
サブロンカズマ,雅苑興業
サプライズイベント,ビッグレッドファーム
サプライズギフト,サラブレッドクラブ・ラフィアン
サプライズビュー,ＣＨＥＶＡＬＡＴＴＡＣＨＥ
サプライズフェスタ,江川伸夫
サプライズレター,熊坂俊一
サプルマインド,社台レースホース
サプーズ,ニッシンホールディングス
サベージラヴ,ＯＵＭＡ
サペラヴィ,伊達敏明
サボ,永山勝敏
サマニタイショウ,渡辺牧場
サマニテイオー,渡辺牧場
サマニー,井上一郎
サマンサバローズ,猪熊広次
サマーアイランド,酒井牧場
サマーアゲイン,ｇｌｉｔｔｅｒＧ
サマーエモーション,ゴドルフィン
サマーエンジェル,前原敏行
サマーカナロア,前田亘輝
サマーカムカム,西村新一郎
サマーゲール,橋詰弘一
サマーサプライズ,吉澤ホールディングス
サマーサンシャイン,岡田牧雄
サマースイートピー,橋詰弘一
サマースノー,谷掛龍夫
サマースピリット,ゴドルフィン
サマースプラッシュ,田頭勇貴
サマーセント,ゴドルフィン
サマーソルト,宮川純造
サマーツアー,ヒダカ・ブリーダーズ・ユニオン
サマートゥリスト,ゴドルフィン
サマードリーム,三田昌宏
サマーナイト,三田昌宏
サマーナジュム,ノースヒルズ
サマーバンク,吉田照哉
サマービート,ゴドルフィン
サマーブライド,三岡陽
サマーブリザード,岡田牧雄
サマーブリーズ,村島聡乃
サマープラネット,山上和良
サマーマッドネス,藤田晋
サマーモーリス,前田亘輝
サミアド,グリーンファーム
サミダレナイツ,東豊物産
サミットプッシュ,キャロットファーム
サミュエル,古賀禎彦
サムシャイン,伊藤和宏
サムシンググッド,吉田千津
サムシングジャスト,グリーンファーム
サムシングスイート,グリーンファーム
サムシングニュー,岡田牧雄
サムシングフォー,ニッシンホールディングス
サムシングフレア,阿部善武
サムデイ,芳川貴行
サムドリーム,是枝浩平
サムハラ,高橋貴士
サムハンター,駒秀
サムライスピアー,玉腰勇吉
サムライフォンテン,吉橋興生
サムライブレード,玉腰勇吉
サムワンスペシャル,大塚亮一
サムワンライクユー,ミルファーム
サヤカチャン,瀬谷隆雄
サヤネエ,竹森幹雄
サヤヒメ,ノルマンディーサラブレッドレーシング
サユリ,諸岡慶
サユリバナ,寺田心平
サユルリトリンカ,村田能光
サヨノジャンボリー,吉岡泰治
サヨノスピークロウ,吉岡泰治
サヨノトレイダー,吉岡泰治
サヨノバクシン,吉岡泰治
サヨノパララックス,吉岡泰治
サヨノファントム,吉岡泰治
サヨノフィールド,吉岡泰治
サヨノミッキー,吉岡泰治
サヨノミニスター,吉岡泰治
サラアデール,玉腰勇吉
サラキア,シルクレーシング
サラコスティ,サンデーレーシング
サラサエンジェル,横井良明
サラサエンペラー,横井良明
サラサキングスター,横井良明
サラサグッドワーク,横井良明
サラサダンディー,横井良明
サラサチャチャチャ,横井良明
サラサチャーミング,横井良明
サラサハウナイス,横井良明
サラサハウプリティ,横井良明
サラサビーザベスト,横井良明
サラサブルー,横井良明
サラサラヘアー,西川賢
サラサワン,横井良明
サラス,吉田照哉
サラスヴァティー,キャロットファーム
サラダ,ケーエスＨＤ
サラダダイエット,吉田千津
サラティーノ,吉田和美
サラデコラシオン,川崎賢二
サラトガチップス,吉田千津
サラドリーム,ヒダカ・ブリーダーズ・ユニオン
サラニキケン,由井健太郎
サラフィエル,木部厳生
サラフォーコン,Ｈ．ＦＡｓｓｏｃｉａｔｉｏｎ
サラベル,Ｍｒ．ホース
サラマックイーン,宮崎俊也
サラマンドラ,ゴドルフィン
サラマー,畑佐博
サラミス,シルクレーシング
サラーブ,シルクレーシング
サラーラ,ミルファーム
サリエラ,シルクレーシング
サリエンテ,シルクレーシング
サリオス,シルクレーシング
サリカリーフォリア,盛学志
サリネロ,吉田和美
サリュエ,ゴドルフィン
サリヴァン,ビッグレッドファーム
サリー,岡田牧雄
サリーアン,黒須不二男
サリーギャップ,梅田牧場
サリータ,白日光
サリーチェ,シルクレーシング
サリーチャン,栗山道郎
サリードゥ,黒須不二男
サリーバランセ,黒須不二男
サリーピルエット,黒須不二男
サルウェーテ,西森功
サルサディオーネ,菅原広隆
サルサディーバ,吉田晴哉
サルサデスティニー,菅原広隆
サルサブラヴァ,Ｇ１レーシング
サルサレイア,菅原広隆
サルサロッサ,岡田牧雄
サルジュ,ビッグレッドファーム
サルジュターグ,ヒダカ・ブリーダーズ・ユニオン
サルセル,中村祐子
サルタラリンダ,ライオンレースホース
サルタール,ノースヒルズ
サルトアトランテ,シルクレーシング
サルトグリーン,斎藤光政
サルトルーヴィル,ニッシンホールディングス
サルトヴェローチェ,ＴＯＲＡＣＩＮＧ
サルバシオン,谷口悦一
サルバトーレミノル,吉岡實
サルビア,岡浩二
サルファー,ゴドルフィン
サルファーコスモス,吉田勝己
サルフトピッチ,明栄商事
サルマン,吉田晴哉
サルモン,野村茂雄
サルワールカミーズ,シルクレーシング
サルヴァトーレ,ノースヒルズ
サルヴィアーノ,ゴドルフィン
サルヴェージワーク,社台レースホース
サルース,鈴木照雄
サルーテ,小菅定雄
サルーポルティ,Ｇ１レーシング
サレジオ,シルクレーシング
サレンティーナ,サンデーレーシング
サロニコス,サンデーレーシング
サロンドブラック,辻子依旦
サワヤカコーズサン,永井啓弍
サワヤカサワチャン,荒井城志
サワヤカタイド,永井啓弍
サワーソップ,三嶋牧場
サワーホマレー,伊藤永二郎
サンアイディール,加藤ステーブル
サンアクセソワール,加藤ステーブル
サンアクロン,加藤ステーブル
サンアスペン,加藤ステーブル
サンアップルトン,加藤ステーブル
サンアバディーン,加藤ステーブル
サンアマランス,小濱正智
サンアマリロ,加藤ステーブル
サンアルフィー,加藤ステーブル
サンアレックス,サン
サンアンティモニー,加藤ステーブル
サンアントニオ,椎名節
サンアントワーヌ,吉田勝己
サンアンドスターズ,岡田牧雄
サンアーバイン,加藤ステーブル
サンウィンズロー,加藤ステーブル
サンウイキョウ,加藤ステーブル
サンウェーコ,加藤ステーブル
サンウエストウッド,加藤信之
サンウォータールー,加藤ステーブル
サンウッドランド,加藤ステーブル
サンウリエル,加藤ステーブル
サンエスペランス,加藤ステーブル
サンエバンスビル,加藤ステーブル
サンエルガー,サン
サンエルサ,諸岡慶
サンエルセントロ,加藤ステーブル
サンエンジェルス,加藤信之
サンオブザサン,岡田牧雄
サンオブロジータ,シンシアリー
サンオークランド,加藤ステーブル
サンオークレア,加藤ステーブル
サンカシグレ,ブルースターズファーム
サンカルパ,シルクレーシング
サンカルミア,加藤ステーブル
サンガネーブ,水上ふじ子
サンガルガーノ,ビッグレッドファーム
サンキャメロン,加藤ステーブル
サンキュー,市川義美ホールディングス
サンキューサンクス,田畑利彦
サンキューベイリー,石瀬浩三
サンキューユウガ,田畑利彦
サンキューレター,吉澤ホールディングス
サンキララ,諸岡慶
サンキングマン,加藤ステーブル
サンキーウエスト,加藤ステーブル
サンギネア,吉田勝己
サンクサンス,フォレストレーシング
サンクション,石瀬浩三
サンクスアミリオン,飯田正剛
サンクスギビング,吉岡泰治
サンクタリリアス,ミルファーム
サンクテュエール,キャロットファーム
サンクビジュー,水上ふじ子
サンクフィーユ,ロードホースクラブ
サンクメダイユ,Ｇ１レーシング
サンクララ,サンコウ牧場
サンクリュウ,ＸＩＡＯジャパン
サンクレセント,加藤ステーブル
サンクレゾン,吉田晴哉
サンクロワ,Ｇ１レーシング
サングノーブル,西村健
サングラス,玉置潔
サングラデーション,社台レースホース
サングラント,野田努
サングリーンベイ,加藤ステーブル
サングレデクリスト,吉田勝己
サングレーザー,Ｇ１レーシング
サンコディー,加藤ステーブル
サンコルテス,加藤ステーブル
サンコンクエスト,中平和宏
サンサブリミナル,加藤ステーブル
サンサルドス,シルクレーシング
サンサンサンキュー,本杉芳郎
サンサンタイヨウ,高昭牧場
サンサーラ,中本行則
サンシェリダン,加藤ステーブル
サンシエ,ビッグレッドファーム
サンシップ,駒秀
サンシャイアン,加藤ステーブル
サンシャインキッド,田島榮二郎
サンシャインドナウ,西村新一郎
サンシャインビーチ,高昭牧場
サンシャインワン,ＭＹＩ馬主組合
サンシャンペーン,加藤信之
サンシャーロット,加藤ステーブル
サンシルビア,諸岡慶
サンシルヴァリー,加藤ステーブル
サンシロウ,三度屋
サンシンシア,加藤ステーブル
サンシンノハナ,岡浩二
サンジャシント,吉田和美
サンジャックマン,加藤ステーブル
サンジョアン,ヒダカ・ブリーダーズ・ユニオン
サンジルダール,社台レースホース
サンジレット,加藤ステーブル
サンスイシサン,スピードファーム
サンスイレン,加藤ステーブル
サンストックトン,加藤ステーブル
サンスノーフレーク,加藤ステーブル
サンスノーホワイト,加藤ステーブル
サンスベリア,桑畑隆信
サンスポット,ＣＨＥＶＡＬＡＴＴＡＣＨＥ
サンスレッド,加藤ステーブル
サンスーシティー,福島祐子
サンズ,清宮義男
サンズオブタイム,ゴドルフィン
サンセットオーラ,Ｎ．Ｓ．Ｒ．Ｃ
サンセットカラー,豊井義次
サンセットクラウド,前田晋二
サンセットゴールド,青芝商事
サンセットビュー,飯田貴大
サンセットビーチ,ライフエンタープライズ
サンセットブライト,神田紘爾
サンセットプリンス,竹森幹雄
サンセットベリー,リーヴァ
サンセットロード,三田昌宏
サンセバ,モンレーヴ
サンセリテ,シルクレーシング
サンタアズライト,岡田壮史
サンタアナウインド,山本又一郎
サンタアナテソーロ,了徳寺健二ホールディングス
サンタアニタ,諸江幸祐
サンタカタリナ,ＮＩＣＫＳ
サンタカリス,ヒダカ・ブリーダーズ・ユニオン
サンタクローチェ,岡田隆寛
サンタグラシア,社台レースホース
サンタコマ,加藤ステーブル
サンタジュリア,Ｇ１レーシング
サンタスカルーサ,加藤ステーブル
サンタナブルー,ＹＧＧホースクラブ
サンタピア,井上久光
サンタモニカビーチ,ライフエンタープライズ
サンタラハシー,加藤ステーブル
サンタル,柴原榮
サンタルチア,畑佐博
サンタンカ,ゴドルフィン
サンタンジェロ,サンデーレーシング
サンタンデール,小田吉男
サンタンドレア,シルクレーシング
サンタンヌ,シルクレーシング
サンダガ,薪浦英稔
サンダップルド,ゴドルフィン
サンダナポイント,加藤ステーブル
サンダビューク,加藤信之
サンダミアーノ,サンデーレーシング
サンダーアラート,ゴドルフィン
サンダーアリュール,石井輝昭
サンダーエフェクト,ゴドルフィン
サンダーサーヴェル,サイプレスホールディングス
サンダーストライク,大樹ファーム
サンダーストラック,キャロットファーム
サンダーソニア,ジェイアール
サンダーバース,岡田隆寛
サンダーバード,藤田晋
サンダーフレア,レッドマジック
サンダーブリッツ,草間庸文
サンダーボマー,岡浩二
サンダーボール,田島榮二郎
サンダーユニバンス,亀井哲也
サンダーロード,長谷川祐司
サンダーヴィント,嶋田賢
サンチェサピーク,加藤ステーブル
サンチャタヌーガ,加藤ステーブル
サンチャップリン,加藤ステーブル
サンチルネッタ,山口敦広
サンティエレーヌ,社台レースホース
サンティエレーヴル,佐々木基
サンティヨン,奥裕嗣
サンティーテソーロ,了徳寺健二ホールディングス
サンティーニ,ターフ・スポート
サンティーラ,加藤ステーブル
サンティール,吉田勝己
サンテックス,橋元勇氣
サンテティエンヌ,吉田勝己
サンテルノ,キャロットファーム
サンテレホート,加藤ステーブル
サンテローズ,シルクレーシング
サンテンプル,加藤ステーブル
サンディエゴ,前田幸大
サンディビーチ,ニッシンホールディングス
サンディブリッジ,ゴドルフィン
サンディブロンド,サンデーレーシング
サンディレクション,ノルマンディーサラブレッドレーシング
サンディロン,加藤ステーブル
サンデイビス,加藤ステーブル
サンデスヴァレー,加藤ステーブル
サンデュエル,シルクレーシング
サンデュランゴ,加藤ステーブル
サンデンガンバレ,山田春枝
サンデンビスタ,山田春枝
サンデンロマン,山田春枝
サンデーアーサー,杉野公彦
サンデーインアスク,廣崎利洋ＨＤ
サンデーウィザード,巽祐子
サンデーグラス,長谷川兼美
サンデージャック,エムズレーシング
サンデージュピター,杉野公彦
サンデースクール,ゴドルフィン
サンデースマッシュ,シルクレーシング
サンデーダイヤ,山口雄司
サンデーパーティー,吉澤ホールディングス
サンデーパームス,杉野公彦
サンデーヒーロー,山田裕仁
サンデーファンデー,吉澤ホールディングス
サンデーブライアン,戸部政彦
サンデープリンセス,藤田好紀
サンデーミラージュ,エムズレーシング
サンデームーティエ,戸部政彦
サンデーレイジ,深見富朗
サントアマミー,タイヘイ牧場
サントゥアーリオ,ノースヒルズ
サントゥスタッシュ,社台レースホース
サントノーレ,ラ・メール
サントマリー,岡田牧雄
サントマーレ,シルクレーシング
サントモナルカ,社台レースホース
サントリーニブルー,シルクレーシング
サントルドパリ,吉田晴哉
サントルヴィル,ターフ・スポート
サントレッダー,橋元勇氣
サントロペ,ＨｉｍＲｏｃｋＲａｃｉｎｇホールディングス
サンドオブエテル,嶋田一成
サンドクルーズ,加藤義久
サンドジオグリフ,谷岡毅
サンドジョーカー,ＹＧＧホースクラブ
サンドストーム,古賀慎一
サンドスピリット,下河辺美智子
サンドスピーダー,辻牧場
サンドッグ,齋藤秀昭
サンドブラスト,清水龍
サンドプラズマ,ヒダカ・ブリーダーズ・ユニオン
サンドマン,ターフ・スポート
サンドル,吉田和美
サンドレス,シルクレーシング
サンドレフォン,吉田和美
サンドロック,石瀬浩三
サンドロップ,田畑利彦
サンドロナイト,吉田和美
サンナイアガラ,加藤ステーブル
サンナッチェズ,加藤ステーブル
サンナムジャ,ミルファーム
サンニューヨーカー,加藤ステーブル
サンネイプルズ,加藤ステーブル
サンネリネ,加藤ステーブル
サンノゼシズル,今村明浩
サンノゼテソーロ,了徳寺健二ホールディングス
サンノーフォーク,加藤ステーブル
サンノーブル,加藤信之
サンハンツビル,加藤ステーブル
サンハンニバル,加藤ステーブル
サンハーリンゲン,加藤ステーブル
サンバデジャネイロ,幅田京子
サンバデルンバ,チャンピオンズファーム
サンバトルクリーク,加藤ステーブル
サンバパレード,山上和良
サンバーバンク,加藤ステーブル
サンパギータチャン,森口聡
サンパティーク,名古屋友豊
サンパリス,加藤ステーブル
サンビショップ,三嶋牧場
サンビュート,加藤ステーブル
サンビンガムトン,加藤ステーブル
サンビースト,ターフ・スポート
サンビーム,諸岡慶
サンピアノソナタ,加藤ステーブル
サンピエーリ,フォレストレーシング
サンピノン,加藤ステーブル
サンピラーアイ,ライオンレースホース
サンピラーゴールド,米山晴敏
サンファボル,ディアレストクラブ
サンフィニティ,社台レースホース
サンフェリーチェ,下河辺牧場
サンフルーレット,諸岡慶
サンフローリス,桑畑隆信
サンブエナパーク,加藤ステーブル
サンブノワ,吉田勝己
サンブライト,生垣博志
サンブリテニア,ＹＧＧホースクラブ
サンブリンガー,ノースヒルズ
サンブル,カナヤマホールディングス
サンブルッキングズ,加藤ステーブル
サンブルーミントン,加藤ステーブル
サンブーゲンビリア,加藤ステーブル
サンプラザマツモト,由井健太郎
サンプルマン,加藤ステーブル
サンプルメリア,加藤ステーブル
サンプレクス,シルクレーシング
サンプレスコット,加藤ステーブル
サンヘイワード,加藤ステーブル
サンベリーナ,ターフ・スポート
サンペドロ,ディアレストクラブ
サンペンサコーラ,加藤ステーブル
サンペンドルトン,加藤ステーブル
サンボーズマン,加藤ステーブル
サンボールダー,加藤ステーブル
サンポウヨッシー,馬場祥晃
サンポーニャ,金子真人ホールディングス
サンマイメ,岡浩二
サンマッカレン,加藤ステーブル
サンマッハ,山田裕仁
サンマリブ,加藤信之
サンマルアン,相馬勇
サンマルウォーリア,相馬勇
サンマルエトワール,相馬勇
サンマルエポック,相馬勇
サンマルエレガンス,相馬勇
サンマルエンパイア,相馬勇
サンマルエール,相馬勇
サンマルオブウォー,相馬勇
サンマルカーラ,相馬勇
サンマルキャンディ,相馬勇
サンマルキングダム,相馬勇
サンマルク,ビッグレッドファーム
サンマルクリスエス,相馬勇
サンマルクレイジー,相馬勇
サンマルグレイト,相馬勇
サンマルケイト,相馬勇
サンマルサクセス,相馬勇
サンマルシップ,相馬勇
サンマルジュエル,相馬勇
サンマルジョイ,相馬勇
サンマルジョオー,相馬勇
サンマルジョーダン,相馬勇
サンマルスイート,相馬勇
サンマルストロング,相馬勇
サンマルセレッソ,相馬勇
サンマルソムニア,相馬勇
サンマルティン,キャロットファーム
サンマルディライト,相馬勇
サンマルデューク,相馬勇
サンマルノヴェル,相馬勇
サンマルハート,相馬勇
サンマルバロン,相馬勇
サンマルパトロール,相馬勇
サンマルビクトリー,相馬勇
サンマルビジュー,相馬勇
サンマルファニー,相馬勇
サンマルファミリー,相馬勇
サンマルファンキー,相馬勇
サンマルフォース,相馬勇
サンマルフラッシュ,相馬勇
サンマルブライト,相馬勇
サンマルブリランテ,相馬勇
サンマルブーケ,相馬勇
サンマルベスト,相馬勇
サンマルベローチェ,相馬勇
サンマルペルソナ,相馬勇
サンマルペンダント,相馬勇
サンマルホーム,相馬勇
サンマルマインド,相馬勇
サンマルマオリオ,相馬勇
サンマルマニック,相馬勇
サンマルマリン,相馬勇
サンマルミストラル,相馬勇
サンマルミッション,相馬勇
サンマルミヤビ,相馬勇
サンマルメジャール,相馬勇
サンマルメロディー,相馬勇
サンマルライバル,相馬勇
サンマルリアリティ,相馬勇
サンマルリアン,相馬勇
サンマルリトリート,相馬勇
サンマルレジェンド,相馬勇
サンマルレーヴ,相馬勇
サンマルロッソ,相馬勇
サンマルヴァレー,相馬勇
サンマンハッタン,加藤信之
サンミスメロディ,加藤ステーブル
サンミラー,諸岡慶
サンムーン,中辻明
サンメイコン,加藤ステーブル
サンメディル,ノルマンディーサラブレッドレーシング
サンメドフォード,加藤ステーブル
サンメリデン,加藤ステーブル
サンモンテベロ,加藤ステーブル
サンライズアイガー,松岡隆雄
サンライズアカシア,松岡隆雄
サンライズアキレス,松岡隆雄
サンライズアクター,松岡隆雄
サンライズアザール,ライフハウス
サンライズアップ,本杉芳郎
サンライズアトム,永井廣司
サンライズアベリア,松岡隆雄
サンライズアポロン,松岡隆雄
サンライズアミーゴ,松岡隆雄
サンライズアムール,ライフハウス
サンライズアリオン,松岡隆雄
サンライズアルコン,松岡隆雄
サンライズアルズ,松岡隆雄
サンライズアレス,ライフハウス
サンライズアーサー,松岡隆雄
サンライズアース,ライフハウス
サンライズウィズ,松岡隆雄
サンライズウェーヴ,ライフハウス
サンライズウルス,松岡隆雄
サンライズエポック,松岡隆雄
サンライズエース,ライフハウス
サンライズエール,松岡隆雄
サンライズオウガ,松岡隆雄
サンライズオスカー,松岡隆雄
サンライズオネスト,松岡隆雄
サンライズカナロア,松岡隆雄
サンライズカラマ,松岡隆雄
サンライズガッツ,ライフハウス
サンライズガナール,松岡隆雄
サンライズキャノン,松岡隆雄
サンライズキース,ライフハウス
サンライズギガ,松岡隆雄
サンライズクリード,松岡隆雄
サンライズクレイ,ライフハウス
サンライズクロンヌ,松岡隆雄
サンライズグラシア,ライフハウス
サンライズグラン,松岡隆雄
サンライズグリット,松岡隆雄
サンライズグルーヴ,松岡隆雄
サンライズグレート,ライフハウス
サンライズケヴィン,松岡隆雄
サンライズコナー,松岡隆雄
サンライズコブラ,松岡隆雄
サンライズゴラッソ,松岡隆雄
サンライズサターン,ライフハウス
サンライズサラー,ライフハウス
サンライズサーカス,松岡隆雄
サンライズシア,松岡隆雄
サンライズシェリー,松岡隆雄
サンライズシップ,松岡隆雄
サンライズシトラス,松岡隆雄
サンライズシュガー,ライフハウス
サンライズシューズ,呉本昌時
サンライズシリウス,松岡隆雄
サンライズジパング,ライフハウス
サンライズジャスト,ライフハウス
サンライズジャッジ,ライフハウス
サンライズジャポネ,ライフハウス
サンライズジュピタ,松岡隆雄
サンライズジョワ,ライフハウス
サンライズジョー,松岡隆雄
サンライズジーク,ライフハウス
サンライズスカイ,松岡隆雄
サンライズスコール,松岡隆雄
サンライズスピード,松岡隆雄
サンライズスマイル,松岡隆雄
サンライズセナ,松岡隆雄
サンライズゼノン,松岡隆雄
サンライズソア,松岡隆雄
サンライズソウマ,松岡隆雄
サンライズソレイユ,ライフハウス
サンライズタイソン,ライフハウス
サンライズタイタン,ライフハウス
サンライズダマシイ,松岡隆雄
サンライズチャージ,松岡隆雄
サンライズテソロ,松岡隆雄
サンライズテラス,スピードファーム
サンライズデヴォン,松岡隆雄
サンライズナイト,松岡隆雄
サンライズナスカ,ライフハウス
サンライズノヴァ,松岡隆雄
サンライズハイアー,松岡隆雄
サンライズハニー,松岡隆雄
サンライズハリー,松岡隆雄
サンライズハンター,松岡隆雄
サンライズバブル,松岡隆雄
サンライズバレット,松岡隆雄
サンライズパスカル,ライフハウス
サンライズビクター,松岡隆雄
サンライズビヨンド,ライフハウス
サンライズピース,松岡隆雄
サンライズフォルス,ライフハウス
サンライズフォルテ,松岡隆雄
サンライズフランツ,松岡隆雄
サンライズフリード,松岡隆雄
サンライズフルメン,松岡隆雄
サンライズフレイム,ライフハウス
サンライズフーガ,松岡隆雄
サンライズブラスト,ライフハウス
サンライズブルーム,松岡隆雄
サンライズブレイク,ライフハウス
サンライズプライド,ライフハウス
サンライズプラウ,松岡隆雄
サンライズプラーナ,ライフハウス
サンライズプルート,ライフハウス
サンライズプロミス,松岡隆雄
サンライズヘリオス,松岡隆雄
サンライズヘルメス,松岡隆雄
サンライズホーク,ライフハウス
サンライズホープ,松岡隆雄
サンライズボルト,松岡隆雄
サンライズマウレア,松岡隆雄
サンライズマシュー,ライフハウス
サンライズマジック,松岡隆雄
サンライズマーク,松岡隆雄
サンライズミモザ,松岡隆雄
サンライズミリオン,松岡隆雄
サンライズメモリー,ライフハウス
サンライズモストロ,松岡隆雄
サンライズライリー,ライフハウス
サンライズラポール,松岡隆雄
サンライズルーカス,松岡隆雄
サンライズルーク,松岡隆雄
サンライズルーチェ,松岡隆雄
サンライズレスター,松岡隆雄
サンライズレマ,ライフハウス
サンライズロイ,松岡隆雄
サンライズロジャー,ライフハウス
サンライズロッソ,松岡隆雄
サンライズロナウド,ライフハウス
サンライズロンドン,松岡隆雄
サンライズローリエ,松岡隆雄
サンライズヴェリテ,松岡隆雄
サンライズヴュー,松岡隆雄
サンライト,三嶋牧場
サンライトジュンコ,北川勉
サンライトビジン,北川勉
サンライトムゲン,北川勉
サンライマ,加藤ステーブル
サンラクロス,加藤ステーブル
サンラグナニゲル,加藤ステーブル
サンラグナベルデ,加藤ステーブル
サンラザール,シルクレーシング
サンラディウス,サンデーレーシング
サンラファイエット,加藤ステーブル
サンラモンバレー,金子真人ホールディングス
サンランシング,加藤ステーブル
サンリコリス,加藤ステーブル
サンリットアワーズ,Ｈ．Ｈ．シェイク・ハムダン
サンリナリア,加藤ステーブル
サンリヴァル,幅田京子
サンルイス,キャロットファーム
サンルーナ,加藤ステーブル
サンレイファイト,永井啓弍
サンレイファミリー,永井啓弍
サンレイブランコ,永井啓弍
サンレイポケット,永井啓弍
サンレイマリー,永井啓弍
サンレガート,加藤ステーブル
サンレブンワース,加藤ステーブル
サンレンブイ,由井健太郎
サンロアノーク,加藤ステーブル
サンロックランド,加藤ステーブル
サンロレンツォ,ノースヒルズ
サンロンブル,ラ・メール
サンロード,由井健太郎
サンローレンス,加藤ステーブル
サンヴァレーホ,加藤ステーブル
サンヴァンガード,加藤ステーブル
サンヴィクトワール,那須野牧場
サンヴィセンテ,キャロットファーム
サンヴェリー,ホースアディクト
サヴァ,藤田孟司
サヴァイヴ,中村忠彦
サヴァニャン,金子真人ホールディングス
サヴァビアン,岡田牧雄
サヴァリア,キャロットファーム
サヴァンナナイツ,グリーンスウォード
サヴィ,ゴドルフィン
サヴィトリ,シルクレーシング
サヴォアフェール,水上行雄
サヴォワールエメ,平井裕
サヴォンリンナ,Ｇ１レーシング
サヴォーナ,加藤誠
サヴマ,ＤＭＭドリームクラブ
サーカスノパレード,副島義久
サーキュラーキー,丸山担
サーキュレイト,Ｇ１レーシング
サーギュスターヴ,島川隆哉
サークルオブジョイ,サンデーレーシング
サークルオブライフ,飯田正剛
サークルデイズ,ライオンレースホース
サーコ,石川幸司
サージュミノル,吉岡實
サーストンアイダホ,齊藤宣彰
サーストンカイドー,齊藤宣彰
サーストンシカゴ,齊藤宣彰
サーストントラスト,齊藤宣彰
サーストンネイジュ,玉置潔
サーストンバーラム,齊藤宣勝
サーストンユタ,齊藤宣彰
サーチュイン,加藤徹
サーチライト,三岡陽
サーティグランド,山上和良
サーティファイド,安原浩司
サーディンラン,谷掛龍夫
サートゥリア,ＮＨレーシング
サートゥルチェア,ローレルレーシング
サートゥルナーリア,キャロットファーム
サードウインド,青芝商事
サードウェーブ,出口牧場
サードオニックス,加藤厚子
サードフォース,寺田寿男
サーナーティオン,幅田昌伸
サーバルマインド,河原義宏
サービスエース,ヒダカ・ブリーダーズ・ユニオン
サーフアンドターフ,スピードファーム
サーフギャラクシー,ノルマンディーサラブレッドレーシング
サーフサウンド,伊東純一
サーフプラチナム,野嶋祥二
サーフライド,和田牧場
サーブザミッション,吉田晴哉
サーブルオール,キャロットファーム
サーブルディアマン,吉田晴哉
サーブルミラージュ,ノルマンディーサラブレッドレーシング
サーブルルミエール,落合幸弘
サーベラージュ,Ｇ１レーシング
サーマル,鈴木康弘
サーマルウインド,キャロットファーム
サーマルソアリング,キャロットファーム
サーマヴェーダ,シルクレーシング
サーリアル,サラブレッドクラブ・ラフィアン
サーレンブラント,窪田芳郎
サーロンドン,窪田芳郎
サーロー,古賀禎彦
ザアトム,廣崎利洋ＨＤ
ザイグザンプル,嶋田賢
ザイツィンガー,永田和彦
ザイディックメア,シルクレーシング
ザイラ,吉田和美
ザイル,増田和啓
ザウシャルト,矢野琢也
ザウリ,ターフ・スポート
ザカリナン,安原浩司
ザカート,ゴドルフィン
ザキノフレンズ,山崎有也
ザキントス,ミルファーム
ザクイーン,ＮＩＣＫＳ
ザクシス,ＣＨＥＶＡＬＡＴＴＡＣＨＥ
ザゴート,深見富朗
ザサンアップライト,ノルマンディーサラブレッドレーシング
ザスターオブチグサ,芳賀克也
ザスリーサーティ,諸江幸祐
ザセイシュンズモウ,芳賀克也
ザセンチュリー,安原浩司
ザソード,石瀬浩三
ザタイムズ,池谷誠一
ザタイムハズカム,Ｇ１レーシング
ザダル,キャロットファーム
ザッキング,スリーエイチレーシング
ザックザク,佐伯太朗
ザッツ,長谷川進一
ザッフェラーノ,諸岡慶
ザディファレンス,石瀬浩三
ザナイツ,竹下浩一
ザナイトカフェ,コスモヴューファーム
ザハロワ,ホースアディクト
ザハント,今村明浩
ザハーフェル,山口謙太郎
ザバルガド,Ｇ１レーシング
ザパリスマッチ,社台レースホース
ザビッグマン,岡田牧雄
ザビーチ,田中春美
ザフラッグ,藤田晋
ザフールーショー,廣崎智子
ザフーン,社台レースホース
ザブライド,キャロットファーム
ザブルース,酒井孝敏
ザプラウドワンズ,小川勲
ザプリオレス,村上稔
ザプリティーアスク,廣崎利洋
ザベストエバー,古賀慎一
ザベストデイ,ノルマンディーサラブレッドレーシング
ザボドフスキー,杉浦和也
ザムーン,ゴドルフィン
ザメイダン,大塚亮一
ザモウコダマシイ,廣崎智子
ザラストキャンディ,藤田在子
ザラタン,加藤誠
ザレストノーウェア,大塚亮一
ザレットイットビー,廣崎利洋ＨＤ
ザロック,石瀬浩三
ザローズハーツ,伊藤功一
ザンクトガレン,サンデーレーシング
ザングウィル,ゴドルフィン
ザンゲツ,中辻明
ザンシュトーム,Ｇ１レーシング
ザンシン,ゴドルフィン
ザンセツ,ゴドルフィン
ザンテソーロ,了徳寺健二ホールディングス
ザント,サイプレスホールディングス
ザンパータ,山口裕介
ザヴォーグ,静内白井牧場
ザーフィル,キャロットファーム
シアター,中村祐子
シアトルテソーロ,了徳寺健二ホールディングス
シアトルトウショウ,トウショウ産業
シアトルプリンセス,青山英昭
シアブリス,シルクレーシング
シアルナーレ,ＢｌｏｏｍｉｎｇＲａｃｉｎｇ
シアワセチョウサン,チョウサン
シアワセデス,窪田康志
シアワセデスカ,窪田芳郎
シアワセノアシオト,キャピタル・システム
シアワセノランプ,石川秀守
シアワセレシピ,池田草龍
シアン,吉田照哉
シアンカーン,谷掛龍夫
シアンディオ,中島照夫
シアンフィデール,吉田勝己
シアーエレガンス,社台レースホース
シアージスト,ゴドルフィン
シアープレジャー,岡田牧雄
シアーライン,吉田照哉
シイチ,風早信昭
シウダーエヴィータ,サンデーレーシング
シウラグランデ,ビッグレッドファーム
シウン,Ｇリビエール・レーシング
シェアザグローリー,サンデーレーシング
シェアザプレジャー,山田弘
シェアザモーメント,キャロットファーム
シェアホルダーズ,望月雅博
シェイクオンイット,コスモヴューファーム
シェイクスピア,カナヤマホールディングス
シェイクヒップ,スリーエイチレーシング
シェイクユアハート,吉田千津
シェイドオヴペイル,小林弘明
シェイプオブユー,坂東牧場
シェイリーン,吉田和美
シェクロエ,小川眞査雄
シェケラート,飯田正剛
シェダル,シルクレーシング
シェットランド,村木隆
シェドゥーヴル,キャロットファーム
シェノン,フクキタル
シェパーズポーズ,フジワラ・ファーム
シェパードボーイ,吉田照哉
シェフカワカミ,北側雅勝
シェヘラザード,フェニックスレーシング
シェリアドレ,遠藤良一
シェリルファミーユ,ノースヒルズ
シェリングフォード,日進牧場
シェリーアモール,吉橋英隆
シェリーココ,小林竜太郎
シェリーシュシュ,ＤＭＭドリームクラブ
シェルオパール,大越徹朗
シェルターベルト,ビッグレッドファーム
シェルトファータ,水谷昌晃
シェルビーズアイ,桑田牧場
シェルブールレイン,吉田照哉
シェルメール,キャロットファーム
シェンクリング,石井輝昭
シェンフォン,グリーンファーム
シェンフー,野田善己
シェヴェルニー,ミルファーム
シェヴロンケリー,水谷美穂
シェーナ,ノースヒルズ
シェーヌダンクル,前田幸大
シェーネアウゲン,サラブレッドクラブ・ラフィアン
シェーネエルデ,社台レースホース
シェーネメロディ,キャロットファーム
シェーネンターク,ビッグレッドファーム
シェーブルドール,由井健太郎
シェーラ,永田和彦
シェーロドラート,サラブレッドクラブ・ラフィアン
シェーン,ノースヒルズ
シェーンクラート,金山敏也
シェーングランツ,社台レースホース
シェーンシュタット,ノルマンディーサラブレッドレーシング
シェーンシュティア,ライオンレースホース
シェーンプリマー,古岡宏仁
シェーンルスカ,ディアレストクラブ
シェーヴルフォイユ,ノースヒルズ
シエスタキー,ＶｉｒｉｄｉａｎＫｅｉｂａＣｌｕｂ
シエテアレグリア,ライオンレースホース
シエラネバダ,金子真人ホールディングス
シエラプリンセサ,友駿ホースクラブ
シエラメンテ,木部厳生
シエラモレーナ,京都ホースレーシング
シエリナロッジ,小林弘明
シエル,増田和啓
シエルエトワール,キャロットファーム
シエルクリーガー,岩崎僖澄
シエルグリーン,斎藤光政
シエルドゥレーヴ,グリーンファーム
シエルブラン,金山敏也
シエルブリエ,宮田直也
シエルブルー,ＹＧＧホースクラブ
シエルライズ,吉岡寛行
シエルリーナ,八嶋長久
シエルルビー,中辻明
シエルヴァ,桑田牧場
シエロエスティーボ,シルクレーシング
シエロフェイス,ＳＴレーシング
シエーナカラー,フジワラ・ファーム
シオミチクレバ,谷掛龍夫
シオミン,川勝裕之
シオンコタン,村田滋
シオンダンサー,前迫義幸
シオンデゴー,西本資史
シオーグ,森田和豊
シカゴキャッツ,高村晶彦
シカゴスティング,辻川弘
シカゴテソーロ,了徳寺健二ホールディングス
シカゴフットワーク,鈴木剛史
シカレ,黒岩剛史
シカンスイヨウ,中内田克二
シガレス,中村祐子
シキ,内藤好江
シキサイノブルース,薪浦州平
シキシマ,井山登
シギーコルエンド,前田晋二
シクラメンテソーロ,了徳寺健二ホールディングス
シグナス,山内晃
シグナステソーロ,了徳寺健二ホールディングス
シグナライズ,ロードホースクラブ
シグナルファイアー,藤田在子
シグネチャーセル,前田葉子
シグネチャーセント,サンデーレーシング
シグネットリング,社台レースホース
シグムンド,田頭勇貴
シグルドリーヴァ,日進牧場
シグルーン,岡田牧雄
シグレ,ケーエスＨＤ
シゲキテキ,鈴木正浩
シゲノブ,玉腰勇吉
シゲルアクアマリン,森中蕃
シゲルアコヤガイ,森中蕃
シゲルアシスタント,森中蕃
シゲルアスリート,森中蕃
シゲルアパライト,森中蕃
シゲルアマゾナイト,森中蕃
シゲルアマノガワ,森中蕃
シゲルアミメキリン,森中蕃
シゲルアメジスト,森中蕃
シゲルアライグマ,森中蕃
シゲルアリババ,森中蕃
シゲルイエロダイヤ,森中蕃
シゲルイワイザケ,森中啓子
シゲルウミヘビザ,森中蕃
シゲルエアロギアス,森中蕃
シゲルエリス,森中蕃
シゲルオオカミ,森中蕃
シゲルオテンバ,森中啓子
シゲルオトコギ,森中啓子
シゲルオトヒメ,關美和
シゲルオトメザ,森中蕃
シゲルオリオンザ,森中蕃
シゲルオリンピア,森中蕃
シゲルカイオウセイ,森中蕃
シゲルカイチョウ,森中蕃
シゲルカイヤナイト,森中蕃
シゲルカカリチョウ,森中蕃
シゲルカセイ,森中蕃
シゲルカチョウ,關美和
シゲルカチョウホサ,森中蕃
シゲルカナロア,森中蕃
シゲルカミカゼ,關美和
シゲルカミナリ,森中蕃
シゲルカメレオンザ,森中蕃
シゲルカリプソ,森中蕃
シゲルカロン,森中蕃
シゲルカンガルー,森中啓子
シゲルカンムリザ,森中蕃
シゲルカンリショク,森中蕃
シゲルカーフレイズ,森中蕃
シゲルガラテア,森中蕃
シゲルガリレオ,森中蕃
シゲルキハダマグロ,森中蕃
シゲルキャッツアイ,森中蕃
シゲルキリン,森中蕃
シゲルキンセイ,森中啓子
シゲルクジラ,森中蕃
シゲルクロカジキ,森中蕃
シゲルクロシンジュ,森中蕃
シゲルクロダイヤ,森中蕃
シゲルグリンダイヤ,森中蕃
シゲルケレス,森中蕃
シゲルコハク,森中蕃
シゲルコング,森中蕃
シゲルゴキゲン,森中啓子
シゲルゴホウサイ,森中蕃
シゲルゴリラ,森中蕃
シゲルサカモリ,森中蕃
シゲルサソリザ,森中蕃
シゲルサツマイモ,森中蕃
シゲルサファイア,森中蕃
シゲルサンヨ,森中蕃
シゲルシイタケ,森中蕃
シゲルシマダイ,森中蕃
シゲルシャイン,森中蕃
シゲルシャチョウ,森中蕃
シゲルシュニン,森中蕃
シゲルショウグン,關美和
シゲルショウタイム,森中啓子
シゲルシンジュ,森中蕃
シゲルジチョウ,森中蕃
シゲルジョウム,森中蕃
シゲルジルコン,森中蕃
シゲルジンベイザメ,森中蕃
シゲルスイセイ,森中蕃
シゲルスイトピー,森中蕃
シゲルスギライト,森中蕃
シゲルスゴウデ,森中啓子
シゲルスズキ,森中蕃
シゲルスタールビー,森中蕃
シゲルスナイパー,關美和
シゲルスピネル,森中蕃
シゲルセイウン,森中蕃
シゲルセキニンシャ,森中蕃
シゲルセンチュリー,森中蕃
シゲルセンム,森中啓子
シゲルソウサイ,森中蕃
シゲルソロソロ,關美和
シゲルタイガー,森中蕃
シゲルタイタニア,森中蕃
シゲルタイタン,森中啓子
シゲルタイムフライ,森中啓子
シゲルタイヨウ,山口謙太郎
シゲルタケノコ,森中蕃
シゲルタヌキ,關美和
シゲルダイナミック,森中蕃
シゲルダイモス,森中蕃
シゲルダイヤ,森中蕃
シゲルダンガン,森中啓子
シゲルチキュウ,森中蕃
シゲルチョウサヤク,森中蕃
シゲルチータ,森中蕃
シゲルツキミザケ,森中啓子
シゲルツバメ,森中蕃
シゲルツル,森中蕃
シゲルテイオウ,森中啓子
シゲルテンチョウ,森中蕃
シゲルテンノウセイ,森中蕃
シゲルデカスロン,森中蕃
シゲルトパーズ,森中蕃
シゲルトビウオ,森中蕃
シゲルトラ,森中蕃
シゲルトラメイシ,森中蕃
シゲルトリトン,森中蕃
シゲルトルコイシ,森中蕃
シゲルトルマリン,森中蕃
シゲルナガレボシ,森中蕃
シゲルニクス,森中蕃
シゲルニンジン,森中蕃
シゲルネコメイシ,森中蕃
シゲルノマオイ,森中蕃
シゲルノヴァ,森中啓子
シゲルハウメア,森中蕃
シゲルハクチョウザ,森中蕃
シゲルハナノレン,森中蕃
シゲルハナミザケ,森中蕃
シゲルハナミズキ,森中蕃
シゲルハピネス,森中啓子
シゲルハヤブサ,森中蕃
シゲルハンマー,森中蕃
シゲルハートダイヤ,森中蕃
シゲルバクハツ,關美和
シゲルパック,森中蕃
シゲルパパラチア,森中蕃
シゲルパンドラ,森中蕃
シゲルヒカルダイヤ,森中啓子
シゲルヒショ,森中蕃
シゲルヒスイ,森中蕃
シゲルヒドラ,森中蕃
シゲルヒノクニ,森中蕃
シゲルヒバリ,森中蕃
シゲルヒラコー,森中蕃
シゲルヒラシャイン,森中蕃
シゲルヒラトリ,關美和
シゲルビアンカ,森中蕃
シゲルビクトリウム,森中啓子
シゲルビッグバン,森中啓子
シゲルビンジャー,森中蕃
シゲルビーナス,森中蕃
シゲルピンクダイヤ,森中蕃
シゲルピンクルビー,森中啓子
シゲルピーマン,森中蕃
シゲルファンノユメ,森中啓子
シゲルフォボス,森中蕃
シゲルフカ,森中蕃
シゲルフタゴザ,森中蕃
シゲルブイン,森中蕃
シゲルブチョウ,森中蕃
シゲルブドウセキ,森中蕃
シゲルブリ,森中蕃
シゲルブルーダイヤ,森中蕃
シゲルプレジール,森中啓子
シゲルプレミアム,森中蕃
シゲルベスブセキ,森中蕃
シゲルベンガルトラ,森中蕃
シゲルペガサス,森中蕃
シゲルペガススザ,森中蕃
シゲルホウレンソウ,森中蕃
シゲルホサヤク,關美和
シゲルホタルイシ,森中蕃
シゲルホンブチョウ,森中蕃
シゲルボス,森中蕃
シゲルボスザル,森中蕃
シゲルボブキャット,森中蕃
シゲルポインター,森中蕃
シゲルマグロ,森中蕃
シゲルマッハ,森中啓子
シゲルマツタケ,森中蕃
シゲルマティアス,森中啓子
シゲルマンカイ,森中蕃
シゲルミカヅキ,森中蕃
シゲルミズガメザ,森中蕃
シゲルミライ,關美和
シゲルミラクル,森中啓子
シゲルメイオウセイ,森中蕃
シゲルメジロザメ,森中蕃
シゲルメダリスト,森中蕃
シゲルモクセイ,森中蕃
シゲルモルガナイト,森中蕃
シゲルヤクイン,森中蕃
シゲルヤングコーン,森中蕃
シゲルユキミザケ,森中蕃
シゲルリシアキセキ,森中蕃
シゲルリジ,森中蕃
シゲルリジチョウ,森中蕃
シゲルリュウセイ,森中蕃
シゲルルビー,森中蕃
シゲルレッドスター,森中啓子
シゲルレッドダイヤ,森中蕃
シゲルレンコン,森中蕃
シゲルロウニンアジ,森中蕃
シゲルローズ,森中蕃
シゲルローズマリー,森中啓子
シゲルワルツ,森中蕃
シゲルヴィンセント,森中啓子
シコウ,岡田牧雄
シザジー,ロードホースクラブ
シザースフェイント,Ｇ１レーシング
シシオウ,ノルマンディーサラブレッドレーシング
シシャモ,ＧＥＴＮＥＸＴ
シシリアンキッス,田頭勇貴
シシリアンフラッグ,岡田牧雄
シシリアンルージュ,田頭勇貴
シシリエンヌ,手嶋康雄
シジマ,ゴドルフィン
シスキンブルーム,ホシノレーシング
シスコ,藤田晋
シスコスター,那須野牧場
シスター,木村廣太
シスターズドリーム,島井新一郎
シスターフラッグ,小林英一ホールディングス
シスターブラック,ＨｉｍＲｏｃｋＲａｃｉｎｇホールディングス
システマソラー,森田和豊
システムリブート,山口裕介
シストロン,社台レースホース
シスル,中村祐子
シズオウ,由井健太郎
シズカノウミ,プレミアムレースホース
シズカマナカ,大倉佑介
シズヨシ,吉岡泰治
シズリングホット,鈴木康弘
シセイイシン,猪苗代勇
シセイイワイ,猪苗代勇
シセイジャンヌ,猪苗代勇
シセイタイガ,猪苗代勇
シセイタケル,猪苗代勇
シセイダイキ,猪苗代勇
シセイニシキ,猪苗代勇
シセイヒテン,猪苗代勇
シセイヒナタ,猪苗代勇
シセイレジーナ,猪苗代勇
シソチョウ,江川伸夫
シタゴコロ,内田玄祥
シタン,シルクレーシング
シダクティブノンコ,吉田千津
シダデカサドール,一村哲也
シダー,ケーエスＨＤ
シチリアフレイバー,尾田信夫
シックガニアン,ブルースターズファーム
シックザイン,ディアレストクラブ
シックザール,前田幸治
シックスパック,大和屋暁
シックスペンス,キャロットファーム
シックスリングス,飯田正剛
シックスレイヴンズ,フクキタル
シックスレター,熊坂俊一
シックセーラー,ヒダカ・ブリーダーズ・ユニオン
シックパラソル,吉田照哉
シットリ,ミルファーム
シッパイシナイノデ,小田切有一
シップウジョー,河内孝夫
シップウドトウ,岡浩二
シップオブラヴ,広尾レース
シップーコウライ,ヌデ嶋孝司
シテ,キャロットファーム
シティウォリアー,高昭牧場
シティオブドリーム,ディープジャパン
シティオブハンター,田頭勇貴
シティオブヨーク,田頭勇貴
シティオブロンドン,ゴドルフィン
シティプロスパー,中村祐子
シティリズム,飯田正剛
シティレインボー,深見富朗
シティーオブスター,吉田和美
シティーポップ,山本剛史
シテイタイケツ,ＪＰＮ技研
シテフローラル,金子真人ホールディングス
シデレウス,伊達敏明
シデン,カナヤマホールディングス
シデンイッセン,ビッグレッドファーム
シデンカイ,ケンレーシング組合
シトパレード,加藤興一
シトラスクーラー,Ｇ１レーシング
シトラスタイム,吉田勝己
シトラスダル,杉浦和也
シトラスノキセキ,加藤正二郎
シトラスノート,吉田勝己
シトラスフルーツ,小林祐一
シトラール,キャロットファーム
シトリカ,水上行雄
シトリンクォーツ,吉田照哉
シトリンテソーロ,了徳寺健二ホールディングス
シトロンヴェール,ヒダカ・ブリーダーズ・ユニオン
シドニートウショウ,トウショウ産業
シドニーホバート,谷掛龍夫
シドニーライト,高橋文男
シナジーエフェクト,ゴドルフィン
シナツヒメ,ＹＧＧホースクラブ
シナモン,松平正樹
シナモンショコラ,内田滋三
シナモンスティック,ブルースターズファーム
シナモンデイジー,ディアレストクラブ
シナモンベアー,ゴドルフィン
シナモンロール,ミルファーム
シナリオライン,小田吉男
シナロアテソーロ,了徳寺健二ホールディングス
シニャンガ,サンデーレーシング
シニョーラ,阿部榮乃進
シネファイル,吉田和美
シネマソングス,グリーンファーム
シネマトウショウ,トウショウ産業
シネマトグラフ,江馬由将
シノノメ,ゴドルフィン
シノン,橋詰弘一
シハーブ,シルクレーシング
シバノカリナー,柴一男
シバノストムキット,柴一男
シバノテンショウ,柴一男
シバノテンテン,柴一男
シバノトサミズキ,柴一男
シバノトロフェオ,柴一男
シバノナスタチウム,柴一男
シバノハーイデーグ,柴一男
シバノパージャン,柴一男
シバノレイワ,柴一男
シバハマ,スピードファーム
シビックアスコット,國枝久美子
シビッククール,國枝久美子
シビックシャルル,國枝久美子
シビックテック,吉田照哉
シビックモエ,國枝久美子
シビックヴァーゴ,國枝久美子
シビルガード,橋場勇二
シフクユウヒ,國分純
シフグナーデ,サラブレッドクラブ・ラフィアン
シフルマン,Ｇ１レーシング
シブコ,岡浩二
シブヤクロッシング,Ｗ．ギャロー
シブースト,ロードホースクラブ
シプレーノート,吉田照哉
シベリアンスパーブ,藤田在子
シベリアンタイガー,岡田牧雄
シベリアンデネブ,藤田在子
シベリアンプラウド,藤田在子
シベリアンポラリス,藤田在子
シベリウス,浅田次郎
シベルクーナ,鈴木義孝
シベール,ロードホースクラブ
シベーレス,柳裕一郎
シホウ,協和牧場
シホノインプルソ,村瀬寛紀
シホノキラメキ,村瀬寛紀
シホノグラツィア,村瀬寛紀
シホノコプント,村瀬寛紀
シホノスペランツァ,村瀬寛紀
シホノソルジェンテ,村瀬寛紀
シホノディレット,村瀬寛紀
シホノフォルテ,村瀬寛紀
シホノペルフェット,村瀬寛紀
シホノレジーナ,村瀬寛紀
シホノヴェローチェ,村瀬寛紀
シホリーン,ＴＮレーシング
シマイ,嶋田賢
シマエナガ,高昭牧場
シマサンブラック,嶋田賢
シマナ,ビッグレッドファーム
シミーシェイク,加藤徹
シムカミル,ペレル牧場
シメイ,岩見裕輔
シモグリ,トール＆ワイド
シモズル,ゴドルフィン
シャイナ,吉野智博
シャイナライ,ミルファーム
シャイニングカフェ,西川光一
シャイニングキセキ,平川浩之
シャイニングサン,吉田千津
シャイニングスター,三田昌宏
シャイニングソード,社台レースホース
シャイニングデイズ,杉山忠国
シャイニングパール,飯田正剛
シャイニングフジ,林進
シャイニングブルー,嶋田賢
シャイニングベル,フジワラ・ファーム
シャイニングボルト,ラ・メール
シャイニングマーズ,畑佐博
シャイニングライト,井山登
シャイニングローズ,水谷光太郎
シャイニーカラーズ,京都ホースレーシング
シャイニークロレ,田頭勇貴
シャイニーゲール,小林昌志
シャイニーコンドル,小林昌志
シャイニーコースト,小林昌志
シャイニーシップ,小林昌志
シャイニースイフト,小林昌志
シャイニーステラ,キャピタルクラブ
シャイニーストーン,小林昌志
シャイニーズラン,田畑利彦
シャイニーセーラー,ノルマンディーサラブレッドレーシング
シャイニーゼネラル,小林昌志
シャイニーターフ,小林昌志
シャイニーダイヤ,ライフハウス
シャイニーデイ,小林昌志
シャイニーデューク,小林昌志
シャイニードライヴ,小林昌志
シャイニードラゴン,小林昌志
シャイニードラード,小林昌志
シャイニーヒル,小林昌志
シャイニーヒーロー,小林昌志
シャイニービーム,小林昌志
シャイニーピース,小林昌志
シャイニーフック,兼松康太
シャイニーブランコ,小林昌志
シャイニープリンス,小林昌志
シャイニープレット,小林昌志
シャイニーホワイト,小林昌志
シャイニーポケット,小林昌志
シャイニーマジック,小林昌志
シャイニーマンボ,小林昌志
シャイニームーン,小林昌志
シャイニーメモリー,田頭勇貴
シャイニーヤマト,小林昌志
シャイニールミナス,田頭勇貴
シャイニーレーン,シルクレーシング
シャイニーロケット,小林昌志
シャイニーロック,小林昌志
シャイニーロッサ,小林昌志
シャイフ,スリーエイチレーシング
シャインアルプス,シルクレーシング
シャインアロー,岡田勇
シャインオブトーチ,名古屋友豊
シャインオンアテナ,芳賀滿男
シャインカメリア,皆川博文
シャインガーネット,山口功一郎
シャインコメット,皆川博文
シャインゴーツ,吉岡輝美
シャインサンデー,森保彦
シャインシュシュ,皆川博文
シャインジュエリー,吉田勝己
シャインステラ,林千枝子
シャインズオンユー,ノルマンディーサラブレッドレーシング
シャインソテツ,皆川博文
シャインチャプチャ,吉岡輝美
シャインデザイン,西村新一郎
シャイントレイル,キャロットファーム
シャインネイト,吉岡輝美
シャインネージュ,皆川博文
シャインバオバブ,吉岡輝美
シャインフェアリー,ヒダカ・ブリーダーズ・ユニオン
シャインフェーブス,ウエスト．フォレスト．ステイブル
シャインフォード,高橋文男
シャインフォーミー,グリーンファーム
シャインフォール,皆川博文
シャインフリーリー,コスモヴューファーム
シャインブライト,了徳寺健二ホールディングス
シャインプレマ,吉岡輝美
シャインベスト,加藤牧場
シャインベック,吉岡輝美
シャインマスカット,田頭勇貴
シャインミラカナ,吉岡輝美
シャインモノリス,吉岡輝美
シャインユニバンス,亀井哲也
シャインラブ,ＭＲＳ
シャインルピナス,大久保典義
シャインローザ,中村伊三美
シャインロード,ＭＲＳ
シャインローリエ,首藤徳
シャインヴィグラス,前田清二
シャインヴィットゥ,皆川博文
シャインヴィーナス,グリーンスウォード
シャインヴィーラ,吉岡輝美
シャウエン,ミルファーム
シャウトアウト,吉田照哉
シャウビンダー,金子真人ホールディングス
シャウラ,ヒダカ・ブリーダーズ・ユニオン
シャオシンユン,奥田貴敏
シャオママル,ヒダカ・ブリーダーズ・ユニオン
シャカシャカシー,水谷美穂
シャクラ,西浦和男
シャクライス,ＨｉｍＲｏｃｋＲａｃｉｎｇホールディングス
シャケトラ,金子真人ホールディングス
シャコンヌ,村島昭男
シャザーン,金子真人ホールディングス
シャススプリーン,大谷正嗣
シャスティフォル,インゼルレーシング
シャスティーナ,ロードホースクラブ
シャチ,中村勝彦
シャッフル,嶋田賢
シャッフルガール,近藤克麿
シャテーヌ,ノースヒルズ
シャトランジ,桑畑隆信
シャトルトウショウ,トウショウ産業
シャトワイエー,フジワラ・ファーム
シャトン,佐久間拓士
シャトンアンジュ,サンデーレーシング
シャトンブリヤント,江川伸夫
シャトースウィフト,円城幸男
シャトーディフ,サンデーレーシング
シャトーブレール,Ｇ１レーシング
シャトーベスト,円城幸男
シャトーペリオット,円城幸男
シャトーホークビル,円城幸男
シャトーボビー,徳増栄治
シャトーラブリー,円城幸男
シャドウアイランド,飯塚知一
シャドウアイル,飯塚知一
シャドウアルテミス,飯塚知一
シャドウアロング,飯塚知一
シャドウエリス,飯塚知一
シャドウエンペラー,ゴドルフィン
シャドウカンパニー,飯塚知一
シャドウキャッスル,飯塚知一
シャドウクライ,飯塚知一
シャドウクロス,飯塚知一
シャドウセッション,飯塚知一
シャドウソニック,飯塚知一
シャドウダッチェス,飯塚知一
シャドウディーヴァ,スリーエイチレーシング
シャドウノエル,飯塚知一
シャドウハンター,飯塚知一
シャドウパイレーツ,飯塚知一
シャドウファックス,飯塚知一
シャドウフェイス,飯塚知一
シャドウフューリー,飯塚知一
シャドウブロッサム,飯塚知一
シャドウヘリテイジ,飯塚知一
シャドウマスター,飯塚知一
シャドウマッドネス,飯塚知一
シャドウメテオ,飯塚知一
シャドウモノリス,飯塚知一
シャドウルパン,飯塚知一
シャドウルーラー,飯塚知一
シャドウレディー,飯塚知一
シャドウワルツ,飯塚知一
シャドウヴァイス,飯塚知一
シャドウヴェール,飯塚知一
シャドフ,ケイズジャパン
シャドーストライク,水谷昌晃
シャドーバンキング,田頭勇貴
シャノワール,ビッグレッドファーム
シャノンフォールズ,水上ふじ子
シャハザマーン,サンデーレーシング
シャバツィ,吉田照哉
シャパリュ,Ｇ１レーシング
シャビーシック,ターフ・スポート
シャフトオブライト,フジワラ・ファーム
シャフメラン,吉田照哉
シャフリヤール,サンデーレーシング
シャプシュ,ノースヒルズ
シャボン,ミルファーム
シャポー,ヒダカファーム
シャマル,金山敏也
シャマレル,社台レースホース
シャムエル,山上和良
シャムスクッカ,大谷正嗣
シャムトラダイコウ,西村静子
シャムラマート,サンデーレーシング
シャムロック,諸江幸祐
シャムロックヒル,社台レースホース
シャラパール,ノースヒルズ
シャララ,ＨｉｍＲｏｃｋＲａｃｉｎｇホールディングス
シャララゲラン,ヒダカ・ブリーダーズ・ユニオン
シャランガーナ,キーファーズ
シャランドール,湊義明
シャリオヴァルト,前田幸治
シャリキモン,二口雅一
シャリティ,井上隆次
シャリン,吉田和美
シャリーアルマリカ,シルクレーシング
シャルウィダンス,シミズレーシング
シャルクハフト,林正道
シャルトターク,ノルマンディーサラブレッドレーシング
シャルトル,前田幸大
シャルドネ,カナヤマホールディングス
シャルドネゴールド,青芝商事
シャルパンティエ,伊達敏明
シャルマンシェリー,友駿ホースクラブ
シャルマンナナ,田中慎之輔
シャルムグリーン,斎藤洋子
シャルムドール,諸岡慶
シャルムランプ,キャロットファーム
シャルメイビス,インゼルレーシング
シャルラハロート,吉田照哉
シャルルマーニュ,カナヤマホールディングス
シャルレーヌ,山本英俊
シャルロッテミノル,吉岡實
シャルロワ,キャロットファーム
シャルンホルスト,八嶋長久
シャレード,寺田寿男
シャロン,江馬由将
シャローアロス,ＳＡレーシング
シャローチャンプ,ＳＡレーシング
シャローファースト,ＳＡレーシング
シャローフォレスト,ＳＡレーシング
シャローム,飯田正剛
シャワークライム,吉田照哉
シャワーブーケ,ローレルレーシング
シャンクス,山本英俊
シャンクスレガシー,ノルマンディーサラブレッドレーシング
シャンクドール,康本利幸
シャングリラ,石川達絵
シャンジュマン,幅田昌伸
シャンゼリゼハート,新井原博
シャンソンドール,キャロットファーム
シャンタンエドゥー,ノースヒルズ
シャンダス,西村有人
シャンダローム,多田賢司
シャンテ,平本敏夫
シャンティフレーズ,橋本実
シャンティローザ,ホシノレーシング
シャンテリー,中村祐子
シャンディエン,サンデーレーシング
シャンデトワール,星野隆男
シャンデフレーズ,キャロットファーム
シャンデュヴァン,サンデーレーシング
シャンデリアムーン,鈴木芳夫
シャンデリュイーズ,社台レースホース
シャンデル,社台レースホース
シャンデルナゴル,吉田勝己
シャンデヴァーグ,吉田照哉
シャンデヴィーニュ,シルクレーシング
シャンドゥルン,玉井宏和
シャンドゥレール,ＤＭＭドリームクラブ
シャンドネージュ,ゲートイン
シャンドフルール,前田葉子
シャンドマルス,サンデーレーシング
シャンドラテ,ＫＡＪＩＭＯＴＯホールディングス
シャンドラファール,キャロットファーム
シャンハイドール,レッドマジック
シャンハイナイト,川口泰男
シャンハイノハナ,上山牧
シャンバラ,ノースヒルズ
シャンパンアワー,青山洋一
シャンパンカラー,青山洋一
シャンパンクォーツ,キャロットファーム
シャンパンクーペ,ヒダカ・ブリーダーズ・ユニオン
シャンパングラス,大塚亮一
シャンパンコール,田頭勇貴
シャンパンゴールド,ＫＨレーシング
シャンパンサーベル,田頭勇貴
シャンパンスター,水谷美穂
シャンパンドバイ,福盛訓之
シャンパンポップ,ＤＭＭドリームクラブ
シャンパンマーク,青山洋一
シャンパンライフ,青山洋一
シャンブル,ＣＨＥＶＡＬＡＴＴＡＣＨＥ
シャンブルドット,吉田和美
シャンブレー,栗坂崇
シャンプルミー,中村祐子
シャンペトルブーケ,福田達也
シャンペートル,手嶋美季
シャンボール,前田幸治
シャンボールナイト,グリーンファーム
シャンボールロッソ,シルクレーシング
シャヴィット,兼松康太
シャークアタック,下河辺隆行
シャークウォーニン,井上久光
シャークスコーブ,シルクレーシング
シャークスフィン,社台レースホース
シャークスポット,沖田正憲
シャークトゥルル,柳田英子
シャープインサイト,水上行雄
シャープソーン,ゴドルフィン
シャープレシオ,青山洋一
シャーベットフィズ,橋元勇氣
シャーマエスパーダ,西森功
シャーマンズケイブ,サンデーレーシング
シャーマンロック,ターフ・スポート
シャーリーゴールド,シルクレーシング
シャールズスパイト,Ｃ．フィプケ
シャーレ,ＧＥＴＮＥＸＴ
シャーレイポピー,キャロットファーム
シャーンゴッセ,インゼルレーシング
シュアゲイト,グリーンファーム
シュアシング,石瀬浩三
シュアリーシーズ,ノルマンディーサラブレッドレーシング
シュアーウィナー,久保博文
シュアーヴアリア,ディアレストクラブ
シュウ,木村廣太
シュウジ,安原浩司
シュウズダイヤ,青芝商事
シュエットアムール,ノルマンディーサラブレッドレーシング
シュエットヌーベル,ノルマンディーサラブレッドレーシング
シュガリートリーツ,吉澤克己
シュガーエンジェル,田頭勇貴
シュガークン,辻子依旦
シュガーコルト,飯田正剛
シュガーサンダー,ニットー商事
シュガーシャック,シルクレーシング
シュガートウショウ,トウショウ産業
シュガーハイ,シュガーベイビーサラブレッドクラブ
シュガーハウス,シルクレーシング
シュガービスケッツ,シュガーベイビーサラブレッドクラブ
シュガービート,酒井孝敏
シュガーフリー,ゴドルフィン
シュガーフロート,ヒダカファーム
シュガープラム,大田恭充
シュガープリンセス,田頭勇貴
シュガーベイビー,村木慎吾
シュガーミー,トライスターレーシング
シュガームーン,田頭勇貴
シュガーレス,岡田牧雄
シュクセサール,ラ・メール
シュクハイノヨカン,鹽田久義
シュクルノアール,シルクレーシング
シュクルリー,水上行雄
シュゴテンシ,門野重雄
シュシュエラブル,山口裕介
シュシュダムール,ヒダカ・ブリーダーズ・ユニオン
シュシュトディエス,谷脇智恵子
シュジンコウ,田島政光
シュゼット,杉浦和也
シュタイナー,キャロットファーム
シュタイフブリーゼ,加藤徹
シュタットパーク,サンデーレーシング
シュタルク,塚田義広
シュタールペスカ,山田信太郎
シュタールヴィント,社台レースホース
シュッドヴァデル,河合裕明
シュティル,林正道
シュテフィ,永田和彦
シュテルクスト,サンデーレーシング
シュテルン,Ｍｒ．ホース
シュテルンシチー,友駿ホースクラブ
シュテルンビルト,三田昌宏
シュテルンロット,会田浩史
シュトゥルーデル,金子真人ホールディングス
シュトウルム,柴原榮
シュトライフリヒト,ノースヒルズ
シュトラウス,キャロットファーム
シュトラーセ,サンデーレーシング
シュトルムカイザー,グリーンファーム
シュトルーヴェ,村木克子
シュトレームング,サラブレッドクラブ・ラフィアン
シュトローム,カナヤマホールディングス
シュドゥン,Ｇ１レーシング
シュナウザー,村木隆
シュナップス,カナヤマホールディングス
シュニー,インゼルレーシング
シュネルアステリア,ＹＧＧホースクラブ
シュネルアンジュ,インゼルレーシング
シュネルカガ,廣瀬普
シュネルケーニヒ,サンデーレーシング
シュネルハルバート,野田善己
シュネルマイスター,サンデーレーシング
シュネルラウフェン,サンデーレーシング
シュネーガッツ,八嶋長久
シュネーグロッケン,シルクレーシング
シュネーシュテルン,西森功
シュネードリーム,平川三津
シュネーバレン,ビッグレッドファーム
シュネープリンセス,ブルースターズファーム
シュハリ,岡田牧雄
シュバリエサージュ,酒井喜生
シュバルツイェガー,西森功
シュバルツカイザー,ゴドルフィン
シュバルツガイスト,インゼルレーシング
シュバルツクーゲル,Ｇ１レーシング
シュバルツバルト,村野康司
シュバルツブリッツ,ヒダカ・ブリーダーズ・ユニオン
シュバルツボンバー,岡田壮史
シュバルツマサムネ,塩澤正樹
シュバルツリッター,ライオンレースホース
シュバルツヴァイス,フジワラ・ファーム
シュパネントウィル,塚田義広
シュパネントダイヤ,塚田義広
シュパネントパール,川下竜彦
シュピカ,平山靖
シュピラー,古賀禎彦
シュピラール,ノルマンディーサラブレッドレーシング
シュピールカルテ,サラブレッドクラブ・ラフィアン
シュブリーム,栗坂崇
シュブロンレーヴル,篁真一郎
シュプリンガー,ライオンレースホース
シュプリームアロー,ラ・メール
シュプリームゾーン,村上憲政
シュプリームレルム,社台レースホース
シュプレヒコール,槙和美
シュプレムラン,島川隆哉
シュプール,高嶋航
シュプールロイヤル,キャロットファーム
シュペルブソワレ,岡田牧雄
シュペルブルート,ＹＧＧホースクラブ
シュペルミエール,キャロットファーム
シュペルリング,橋本実
シュホ,岩切企画
シュマンドロワ,ノルマンディーサラブレッドレーシング
シュムック,平山靖
シュライアハフト,ノースヒルズ
シュライエン,Ｇ１レーシング
シュライエンシチー,友駿ホースクラブ
シュライクス,中山栄一
シュライフェ,ノルマンディーサラブレッドレーシング
シュラザック,奥雅哉
シュラハト,東豊物産
シュラハトシップ,ダイヤモンドファーム
シュラフ,ミルファーム
シュリ,前田幸貴
シュリュッセル,嶋田賢
シュリーデービー,原久美子
シュルシャガナ,ディアレストクラブ
シュルルヴァン,街風隆雄
シュルレアリスト,Ｇ１レーシング
シュルヴィーヴル,村上憲政
シュルードアイズ,水上行雄
シュレディンガー,風早信昭
シュレム,ノースヒルズ
シュレン,二風谷ファーム
シュレンヌ,中村祐子
シュロス,嶋田賢
シュンイ,ライオンレースホース
シュンカジョウ,河内孝夫
シュンガイト,ヒダカ・ブリーダーズ・ユニオン
シュンクルーズ,村田滋
シュンコッチャン,矢野琢也
シュンセツ,中村勝彦
シュンノカミ,石川博
シュンプウ,山本又一郎
シュンポシオン,山藤賢
シュンメキラリ,西村新一郎
シュンラン,中村勝彦
シュヴァイゲン,林正道
シュヴァリエローズ,キャロットファーム
シュヴァリエール,平田修
シュヴァルエレ,田頭勇貴
シュヴァルグラン,佐々木主浩
シュヴァルツシルト,ＣＨＥＶＡＬＡＴＴＡＣＨＥ
シュヴァルツナーガ,永見貴昭
シュヴァルツリーゼ,サンデーレーシング
シュヴァルツリーベ,ノルマンディーサラブレッドレーシング
シュヴァルノワール,ノルマンディーサラブレッドレーシング
シュヴァルボヌール,山本又一郎
シュヴァルマラン,古賀和夫
シュヴァルム,Ｇ１レーシング
シュヴァーン,ＹＧＧホースクラブ
シュヴェスター,ＧＥＴＮＥＸＴ
シュヴェルトライテ,ノルマンディーサラブレッドレーシング
シュヴェルトリリエ,キャロットファーム
シュークリーム,安原浩司
シューティングガイ,ＣＨＥＶＡＬＡＴＴＡＣＨＥ
シュートザムーン,久保直樹
シュートザワークス,Ｇ１レーシング
シュードタキライト,コロンバスサークル
シューネスリヒト,社台レースホース
シューペルブリアン,石瀬浩三
シューラヴァラ,高原将浩
シューラヴァーグ,ヒダカファーム
シューンカイゼリン,モンレーヴ
シユウブラック,加藤志明
ショウアン,泉一郎
ショウイモン,井門敏雄
ショウキンカセギ,福田光博
ショウグン,幅田昌伸
ショウグンマサムネ,塩澤正樹
ショウゲキノノロシ,福田光博
ショウゲッコウ,ヒダカ・ブリーダーズ・ユニオン
ショウサンイチマツ,鈴木昭和
ショウサンカナヲ,鈴木昭和
ショウサンキズナ,鈴木昭和
ショウサンシルエラ,鈴木昭和
ショウサンジョージ,鈴木昭和
ショウサンワンラヤ,鈴木昭和
ショウザドリーム,ヒダカ・ブリーダーズ・ユニオン
ショウチクバイ,ミルファーム
ショウナンアイバ,国本哲秀
ショウナンアイビー,国本哲秀
ショウナンアウラ,国本哲秀
ショウナンアウリイ,国本哲秀
ショウナンアエラ,国本哲秀
ショウナンアオゾラ,湘南
ショウナンアキドン,国本哲秀
ショウナンアキーム,国本哲秀
ショウナンアクア,国本哲秀
ショウナンアゲロス,国本哲秀
ショウナンアサヤケ,国本哲秀
ショウナンアシベ,国本哲秀
ショウナンアシュア,国本哲秀
ショウナンアストラ,国本哲秀
ショウナンアデイブ,国本哲秀
ショウナンアトレ,国本哲秀
ショウナンアドール,国本哲秀
ショウナンアニメ,湘南
ショウナンアネモネ,国本哲秀
ショウナンアビアス,国本哲秀
ショウナンアムロ,国本哲秀
ショウナンアメリア,国本哲秀
ショウナンアラレ,湘南
ショウナンアリアナ,国本哲秀
ショウナンアリババ,国本哲秀
ショウナンアレクサ,国本哲秀
ショウナンアレス,国本哲秀
ショウナンアワード,国本哲秀
ショウナンアンセム,湘南
ショウナンアンバー,国本哲秀
ショウナンアンビル,国本哲秀
ショウナンアヴィド,湘南
ショウナンアーサー,国本哲秀
ショウナンアーチー,国本哲秀
ショウナンカイドウ,国本哲秀
ショウナンカイラ,国本哲秀
ショウナンカゼルタ,国本哲秀
ショウナンカチドキ,国本哲秀
ショウナンカノア,国本哲秀
ショウナンカブト,湘南
ショウナンカホウ,国本哲秀
ショウナンカムイ,国本哲秀
ショウナンカモーン,国本哲秀
ショウナンカリス,国本哲秀
ショウナンカリプソ,国本哲秀
ショウナンカルメラ,湘南
ショウナンカンキ,国本哲秀
ショウナンカンザシ,国本哲秀
ショウナンガチ,国本哲秀
ショウナンガチャ,国本哲秀
ショウナンガナドル,国本哲秀
ショウナンガニアン,国本哲秀
ショウナンガルフ,国本哲秀
ショウナンガルーダ,国本哲秀
ショウナンガレオン,国本哲秀
ショウナンガロ,国本哲秀
ショウナンサイオウ,国本哲秀
ショウナンサエッタ,国本哲秀
ショウナンサキガケ,国本哲秀
ショウナンサクレツ,国本哲秀
ショウナンサザナミ,国本哲秀
ショウナンサジン,国本哲秀
ショウナンサスケ,国本哲秀
ショウナンサニー,国本哲秀
ショウナンサフィラ,国本哲秀
ショウナンサムデイ,国本哲秀
ショウナンサモン,国本哲秀
ショウナンサリュー,国本哲秀
ショウナンサルヴォ,国本哲秀
ショウナンサンキュ,国本哲秀
ショウナンサーガ,国本哲秀
ショウナンザナドゥ,国本哲秀
ショウナンタイガ,国本哲秀
ショウナンタイザン,国本哲秀
ショウナンタイジュ,国本哲秀
ショウナンタイヨウ,国本哲秀
ショウナンタクト,湘南
ショウナンタヅナ,国本哲秀
ショウナンタハティ,湘南
ショウナンタバルア,国本哲秀
ショウナンタマユラ,国本哲秀
ショウナンタンゴ,国本哲秀
ショウナンダイキチ,国本哲秀
ショウナンダイコク,国本哲秀
ショウナンダイン,国本哲秀
ショウナンダグラス,国本哲秀
ショウナンダダン,国本哲秀
ショウナンダット,国本哲秀
ショウナンダニエル,国本哲秀
ショウナンダルム,国本哲秀
ショウナンダール,国本哲秀
ショウナンナウシカ,国本哲秀
ショウナンナスカ,国本哲秀
ショウナンナダル,国本哲秀
ショウナンナツゾラ,湘南
ショウナンナデシコ,国本哲秀
ショウナンナビ,国本哲秀
ショウナンナージャ,国本哲秀
ショウナンハイネス,国本哲秀
ショウナンハウル,国本哲秀
ショウナンハクウン,国本哲秀
ショウナンハクラク,国本哲秀
ショウナンハコブネ,国本哲秀
ショウナンハヤナミ,国本哲秀
ショウナンハリマオ,国本哲秀
ショウナンハルカス,国本哲秀
ショウナンハルカゼ,国本哲秀
ショウナンハルク,国本哲秀
ショウナンハルラ,国本哲秀
ショウナンハレルヤ,国本哲秀
ショウナンハーヴェ,国本哲秀
ショウナンバサロ,国本哲秀
ショウナンバシット,国本哲秀
ショウナンバシリス,国本哲秀
ショウナンバジャラ,国本哲秀
ショウナンバッハ,国本哲秀
ショウナンバトラー,国本哲秀
ショウナンバトレニ,国本哲秀
ショウナンバトン,湘南
ショウナンバニラ,湘南
ショウナンバビアナ,国本哲秀
ショウナンバリウス,国本哲秀
ショウナンバルディ,国本哲秀
ショウナンバルドル,国本哲秀
ショウナンバレリオ,国本哲秀
ショウナンバローロ,国本哲秀
ショウナンバンライ,国本哲秀
ショウナンバージ,国本哲秀
ショウナンバービー,湘南
ショウナンバーボン,湘南
ショウナンパステル,湘南
ショウナンパトス,国本哲秀
ショウナンパピルス,国本哲秀
ショウナンパプリカ,湘南
ショウナンパラボラ,国本哲秀
ショウナンパルコ,国本哲秀
ショウナンパワフル,国本哲秀
ショウナンパンサー,国本哲秀
ショウナンパーシヴ,国本哲秀
ショウナンマカロン,湘南
ショウナンマクベス,国本哲秀
ショウナンマグマ,国本哲秀
ショウナンマシェリ,湘南
ショウナンマジカル,国本哲秀
ショウナンマッシブ,国本哲秀
ショウナンマッハ,国本哲秀
ショウナンマトイ,湘南
ショウナンマナ,国本哲秀
ショウナンマヌエラ,国本哲秀
ショウナンマハト,国本哲秀
ショウナンマラマ,国本哲秀
ショウナンマリオ,湘南
ショウナンマリン,湘南
ショウナンマリーナ,国本哲秀
ショウナンマルシェ,国本哲秀
ショウナンマルチ,国本哲秀
ショウナンマルーン,国本哲秀
ショウナンマンカイ,国本哲秀
ショウナンマンテン,国本哲秀
ショウナンマントル,国本哲秀
ショウナンマーズ,国本哲秀
ショウナンマーブル,湘南
ショウナンヤッホー,湘南
ショウナンライシン,国本哲秀
ショウナンライズ,国本哲秀
ショウナンライフク,湘南
ショウナンライラ,湘南
ショウナンラウール,国本哲秀
ショウナンラオウ,国本哲秀
ショウナンラクエン,国本哲秀
ショウナンラクトン,国本哲秀
ショウナンラジョア,国本哲秀
ショウナンラスボス,国本哲秀
ショウナンラタン,国本哲秀
ショウナンラッキー,国本哲秀
ショウナンラッシュ,国本哲秀
ショウナンラピダス,国本哲秀
ショウナンラフィネ,国本哲秀
ショウナンラブリー,湘南
ショウナンラプンタ,国本哲秀
ショウナンラペット,湘南
ショウナンラリー,湘南
ショウナンランジュ,国本哲秀
ショウナンランチャ,国本哲秀
ショウナンランナー,国本哲秀
ショウナンワオン,湘南
ショウナンワタリ,国本哲秀
ショウナンワンガン,国本哲秀
ショウネンジダイ,原禮子
ショウバイハンジョ,西本資史
ショウブ,協栄
ショウブウン,重野心平
ショウブダッシュ,長塩豊
ショウヘイ,石川達絵
ショウボート,馬場幸夫
ショウミーザマネー,飯塚知一
ショウユアセルフ,和田牧場
ショウリオウ,ミルファーム
ショウリノカンパイ,平井裕
ショウリノシナリオ,福田光博
ショウリュウアサヒ,松谷竜二郎
ショウリュウイクゾ,上田芳枝
ショウリュウシエル,上田芳枝
ショウリュウハル,上田芳枝
ショウリュウレーヴ,上田芳枝
ショコラ,カナヤマホールディングス
ショコラエクレール,田頭勇貴
ショコラキュイ,江馬由将
ショコラショー,高瀬正志
ショコラブラン,社台レースホース
ショコラブリアン,木村直人
ショコラブレッド,谷岡牧場
ショコラプリン,保坂和孝
ショコラリーヴ,吉田照哉
ショコラルビー,ゴドルフィン
ショシカンテツ,國分純
ショショローザ,サンデーレーシング
ショスタコーヴィチ,原禮子
ショッキングブルー,ビッグレッドファーム
ショックアクション,ゴドルフィン
ショットオブザデイ,服部健太郎
ショパン,窪田康志
ショパンコンクール,小菅誠
ショベルヘッド,長谷川祐司
ショルタメンテ,社台レースホース
ショレアドルチェ,ＹＧＧホースクラブ
ショワドゥロワ,村野康司
ショーウェイコ,吉冨学
ショーエース,吉冨学
ショーカノン,吉冨学
ショーガイッパイ,芳賀克也
ショーギーニ,吉冨学
ショーケン,安原浩司
ショーコーズ,吉冨学
ショーショーショー,吉冨学
ショーシンイ,吉冨学
ショージョーダ,吉冨学
ショージージョ,吉冨学
ショーストーム,吉冨学
ショーダンサー,吉冨学
ショーテンシ,吉冨学
ショートケーキ,渡辺牧場
ショートストップ,松谷翔太
ショートストーリー,ゴドルフィン
ショーネノー,吉冨学
ショーヒデキラ,吉冨学
ショービット,吉冨学
ショーヘーフェイス,ＳＴレーシング
ショーペイシャンス,吉冨学
ショーマノキセキ,塩川和則
ショーマンフリート,星野壽市
ショーム,西森功
ショーモッシュ,吉冨学
ショーモン,林瑛子
ショーユーシ,吉冨学
ショーライトイヤー,キーファーズ
ショーラッシュ,吉冨学
ショーリバース,吉冨学
ショールミーズ,吉冨学
ショーンガウアー,キャロットファーム
ショーンバローズ,猪熊広次
ショーンヘイティ,星野壽市
ショーヴァロンス,吉冨学
ショーヴェサル,吉冨学
シラカバ,小濱忠一
シラカワカツコ,大久保與志雄
シラカワゴウ,鈴木義孝
シラカワノセキ,ビッグレッドファーム
シラキヌ,ゴドルフィン
シラクーザ,キャロットファーム
シラセ,江川伸夫
シラヌイ,カナヤマホールディングス
シラユリ,ＦＡレーシング
シランケド,ニッシンホールディングス
シラーヴァイン,キャロットファーム
シリアスフール,吉田千津
シリアルナンバー,藤本幸雄
シリアルノヴェル,社台レースホース
シリウス,石川達絵
シリウスインパクト,星野祐介
シリウスコルト,飯田正剛
シリウスライト,ノースヒルズ
シリンガバルガリス,サンデーレーシング
シルキーガール,辻子依旦
シルキーバローズ,猪熊広次
シルキーヴォイス,金子真人ホールディングス
シルクディヴェール,シルクレーシング
シルクドマルス,シルクレーシング
シルクニードル,杵臼斉藤牧場
シルクハット,岡浩二
シルシ,Ｇリビエール・レーシング
シルトプレ,原久美子
シルトホルン,ディアレストクラブ
シルバトアスール,アスール
シルバヴール,杉山忠国
シルバーアックス,浅田次郎
シルバーウィル,インゼルレーシング
シルバーウェーブ,新井原博
シルバーエース,林正道
シルバーオーク,小川眞査雄
シルバーカレッジ,サンデーレーシング
シルバーキングダム,平賀久枝
シルバークラフト,林正道
シルバークレイン,山上和良
シルバーコレクター,ＧＥＴＮＥＸＴ
シルバーゴールド,新井原博
シルバーサクラコ,安田光則
シルバーサドル,スピードファーム
シルバージャック,阿津昌弘
シルバージュエリー,Ｇ１レーシング
シルバーステラ,井山登
シルバーストーン,峰哲馬
シルバースピリット,嶋田賢
シルバースペード,矢野琢也
シルバースミス,サンデーレーシング
シルバーセレタ,ユートピア牧場
シルバータイド,ワタナベホールディングス
シルバーダイヤ,矢野琢也
シルバーティムール,越村洋子
シルバーテゾロ,クラム
シルバーテーラー,中西浩一
シルバードン,林正道
シルバーナイツ,サンデーレーシング
シルバーニース,亀井哲也
シルバービスケッツ,島川利子
シルバーファーン,ノルマンディーサラブレッドレーシング
シルバーフィズ,池田草龍
シルバーブリッジ,ＨｉｍＲｏｃｋＲａｃｉｎｇホールディングス
シルバーブレッド,犬塚悠治郎
シルバーブロンド,辻子依旦
シルバープリペット,ミルファーム
シルバープレミア,竹田寿
シルバープレート,ゼンショウレーシング
シルバーペコ,林正道
シルバーポジー,サンデーレーシング
シルバーライニング,ミルファーム
シルバーリム,キャロットファーム
シルバーリング,杉山忠国
シルバーレイク,Ｈ．Ｈ．シェイク・ファハド
シルバーレイズ,林正道
シルバーレイン,池谷誠一
シルバーレシオ,サンデーレーシング
シルフ,シルクレーシング
シルフィー,嶋田賢
シルフィードレーヴ,山崎太嗣
シルフィーナ,大島芳子
シルフズミスチーフ,Ｇ１レーシング
シルフラ,村田牧場
シルフレイ,中村伊三美
シルブプレ,那須野牧場
シルブロン,シルクレーシング
シルミオーネ,柏瀬金之介
シルミーヌ,市瀬章
シルヴァティカ,グリーンファーム
シルヴァリリーヴス,栗山学
シルヴァリームーン,インゼルレーシング
シルヴァンエルフ,ヒダカ・ブリーダーズ・ユニオン
シルヴァンシャー,サンデーレーシング
シルヴァーアーマー,池江泰郎
シルヴァーイーグル,星野隆男
シルヴァークラウン,吉田千津
シルヴァーコード,田上雅春
シルヴァーゴースト,ブルースターズファーム
シルヴァーソニック,社台レースホース
シルヴァーデューク,田畑利彦
シルヴァーミリオン,岡田牧雄
シルヴァーメテオ,ライオンレースホース
シルヴァーレディ,矢野雅子
シルヴィス,大島昌也
シルヴェスター,Ｇ１レーシング
シルヴェラード,岡田隆寛
シルヴェリオ,サンデーレーシング
シルヴェーヌ,西田順彦
シレンツィオ,江馬由将
シロイスズメ,藤本直弘
シロニイ,金子真人ホールディングス
シロノクミキョク,ビッグレッドファーム
シロボシ,本杉芳郎
シロン,山本律
シンアンドケン,フジワラ・ファーム
シンエン,村田能光
シンエンドーツダ,望月雅博
シンエンペラー,藤田晋
シンカンワールド,國武佳博
シンガソング,豊井義次
シンガプーラ,ゴドルフィン
シンガーズバラッド,コスモヴューファーム
シンキングアイル,佐藤雄司
シンキングサベージ,佐藤雄司
シンキングセンティ,佐藤雄司
シンキングダンサー,佐藤雄司
シンキングファーザ,佐藤雄司
シンキングムーン,佐藤雄司
シンギタイ,程田真司
シンギュラチャーム,吉田晴哉
シンギュラリティ,ノースヒルズ
シンギュラーレディ,飯田貴大
シンギングロード,前川企画
シンギングワールド,前川企画
シンクグッド,藤田晋
シンクシビリティ,福田光博
シンクロゲイザー,松谷翔太
シンクロニシティ,ＩＲレーシング
シンクロボンバイエ,吉田和美
シングインザレイン,丸山担
シングザットソング,社台レースホース
シングシングシング,グリーンファーム
シングフォーホープ,大塚亮一
シングフォーユー,社台レースホース
シングマイハート,社台レースホース
シングマイブルース,前田幸治
シングルアップ,シルクレーシング
シングルハーテッド,サンデーレーシング
シングルリード,中本行則
シングンアーメット,伊坂重憲
シングンオフビート,伊坂重憲
シングングレース,伊坂重憲
シングンジゼル,伊坂重憲
シングンジュピター,伊坂重憲
シングンジュリア,伊坂重憲
シングンジョーイ,伊坂重憲
シングンハート,伊坂重憲
シングンバズーカ,伊坂重憲
シングンピクシー,伊坂重憲
シングンマイケル,伊坂重憲
シングンラオウ,伊坂重憲
シンゲキノソラ,中込哲太郎
シンゲンモッチーニ,コスモヴューファーム
シンコッチョウ,福田光博
シンコーナホチャン,豊原伸行
シンコーマーチャン,豊原正嗣
シンコーメグチャン,豊原正嗣
シンシア,石川達絵
シンシアウィッシュ,前田幸大
シンシアズブレス,シルクレーシング
シンシアハート,ノルマンディーサラブレッドレーシング
シンシアフォーユー,エースレーシング
シンシアリダーリン,Ｇ１レーシング
シンシティ,安藤晋平
シンシナティ,中西桂子
シンショク,高橋文男
シンシーネ,ニットー商事
シンゼンアイカ,原司郎
シンゼンアイル,原陽子
シンゼンアツタ,原司郎
シンゼンイズモ,原司郎
シンゼンイセ,原司郎
シンゼンイトサン,原司郎
シンゼンウイング,原陽子
シンゼンカガ,原司郎
シンゼングレート,原司郎
シンゼンコイチャン,原司郎
シンゼンコジロウ,原司郎
シンゼンシャイン,原司郎
シンゼンスタチュー,原司郎
シンゼンストロング,原司郎
シンゼンダッシュ,原司郎
シンゼンデレヤ,原司郎
シンゼンドリーム,原司郎
シンゼンノト,原司郎
シンゼンハチマン,原司郎
シンゼンハット,原司郎
シンゼンビクトリー,原司郎
シンゼンブースター,原司郎
シンゼンマックス,原司郎
シンゼンマルノスケ,原司郎
シンゼンミラクル,原司郎
シンゼンヤマト,原司郎
シンゼンワカミヤ,原司郎
シンソク,山口春夫
シンソーブ,栗山良子
シンタロウ,中田和宏
シンティエンディー,岡田牧雄
シンティラ,ノースヒルズ
シンティレーション,シルクレーシング
シンデレラカラー,菅原広隆
シンデレラガール,山崎太嗣
シンデレラサイズ,佐藤範夫
シンデレラサリサ,田畑利彦
シンデレラスマイル,佐々木雄二
シンデレラタイム,ノースヒルズ
シンデレラダッシュ,フォレストレーシング
シンデレラヒメ,栗山道郎
シンデレラメイク,田島政光
シンデレラリバティ,ミルファーム
シントーキズナ,中野辰三
シントーキング,中野辰三
シントークロヒメ,中野辰三
シントーチャチャ,中野辰三
シントーハナノボス,山田裕二
シントーハナノラン,中野辰三
シントーローズ,中野辰三
シンドバッド,酒井孝敏
シンドラー,吉田勝己
シンドリームシン,藤田晋
シンハ,スピードファーム
シンハナーダ,ＤＭＭドリームクラブ
シンハプーラ,キャロットファーム
シンハラージャ,キャロットファーム
シンハリング,ＤＭＭドリームクラブ
シンバーシア,サンデーレーシング
シンパセティック,吉田晴哉
シンパティカ,エラドゥーラ
シンヒダカゴールド,グランホース
シンビリーブ,藤田晋
シンフェイス,ＳＴレーシング
シンフォニー,近藤英二
シンフォニーシーズ,ユートピア牧場
シンフォーエバー,藤田晋
シンプリーオーサム,岡田牧雄
シンプルガール,小川眞査雄
シンプルゲーム,吉田和美
シンプロレタリアト,田原邦男
シンボ,龍光
シンボリサージュ,シンボリ牧場
シンボリジョーク,和田啓子
シンボリタイプ,シンボリ牧場
シンボリタピット,シンボリ牧場
シンボリダルク,杉浦和也
シンボリックレルム,吉田千津
シンボリノエル,谷口祐人
シンボリノワール,和田啓子
シンボリバーグ,シンボリ牧場
シンボリビーノ,シンボリ牧場
シンボリピカソ,飯田正剛
シンボリフラッシュ,シンボリ牧場
シンボリブーケ,岡田壮史
シンボリライト,シンボリ牧場
シンボルザサン,吉田照哉
シンメリーチャン,ケンレーシング組合
シンモエ,藤原牧場
シンヨモギネス,モンレーヴ
シンライ,丸岡啓一
シンリミテス,奥裕嗣
シンリョクカ,由井健太郎
シンリン,重松國建
シンリンゲンカイ,酒井孝敏
シヴァガミ,松本俊廣
シヴァタウ,ミルファーム
シヴァージ,カナヤマホールディングス
シヴァース,佐々木主浩
シヴァールバーニ,Ｇ１レーシング
シヴィータス,ゴドルフィン
シー,有馬博文
シーアフェアリー,Ｇ１レーシング
シーアンドスカイ,小林英一ホールディングス
シーアンラウフェン,和田志保
シーイズチャンプ,ニッシンレーシング
シーイング,平川浩之
シーウィザード,岡田牧雄
シーオブクラウズ,岡田牧雄
シーオブザムーン,サンデーレーシング
シーオブセレニティ,ゴドルフィン
シーオブドリームス,大樹ファーム
シーオン,岡田牧雄
シーガルワールド,山田弘
シーガーディアン,平井裕
シーキングザバース,フィールドレーシング
シーギリア,細谷典幸
シーギリヤロック,キャロットファーム
シーク,前田幸治
シークエル,ノルマンディーサラブレッドレーシング
シークザトゥルース,サラブレッドクラブ・ラフィアン
シークザドリーム,ノースヒルズ
シークルーズ,飯田良枝
シークレット,馬場幸夫
シークレットアイズ,山本英俊
シークレットイスラ,山口春夫
シークレットキー,シルクレーシング
シークレットギア,ＫＲジャパン
シークレットグロウ,山上和良
シークレットシティ,山口春夫
シークレットタワー,山口春夫
シークレットトーク,石川佳弘
シークレットパス,岡田牧雄
シークレットマター,ゴドルフィン
シークレットラン,亀井哲也
シークレットレーン,社台レースホース
シークレットロゴ,山口春夫
シークレットローザ,二木英実
シークレットヴァウ,窪田芳郎
シーグラス,サラブレッドクラブ・ラフィアン
シーグリント,シルクレーシング
シーグルロス,伊藤正樹
シーサイドヒロイン,社台レースホース
シーサイドロマンス,吉田千津
シーサンタナ,平田修
シーサンプーター,小原準一郎
シーザウェイクリア,シルクレーシング
シーザサンライズ,松岡隆雄
シーザソング,多田賢司
シーザライト,広尾レース
シーザワールド,村岡曉憲
シーシェル,高橋文男
シーシップ,松岡隆雄
シーシャンティ,谷掛龍夫
シーシャープ,前田晋二
シーシーサザン,吉田照哉
シースパロー,長塩豊
シースプラッシュ,社台レースホース
シーズアウルフ,吉田勝己
シーズアクイーン,ミルファーム
シーズオブホープ,櫻井秀樹
シーズザスローン,前田幸貴
シーズザチャンス,田中純一
シーズザデイ,荒井元明
シーズナルウィンド,フジワラ・ファーム
シーズナルワーズ,社台レースホース
シーズマイホープ,山口功一郎
シーズラック,飯田正剛
シーズララバイ,吉田千津
シーズンインザサン,徳増栄治
シーズンシート,小林由明
シーズンズオブラヴ,星野壽市
シーズンズギフト,キャロットファーム
シーズンリッチ,宇田豊
シーソーゲーム,保坂和孝
シータリズム,サンデーレーシング
シーチェンジ,吉田晴哉
シートゥサミット,小林英一ホールディングス
シードザブレイク,三宅勝俊
シードラゴン,吉田千津
シーニックウェイ,ゴドルフィン
シーニッククルーズ,キャロットファーム
シーニックビュー,社台レースホース
シーハーハー,長谷川守正
シービークラーケン,千明牧場
シーピーエフペット,新井原博
シーフライト,ミルファーム
シーフードパイセン,山下良子
シーブックカフェ,西川恭子
シーホース,草間庸文
シーミハットク,諸江幸祐
シームレス,フクキタル
シーメジャー,社台レースホース
シーライオン,石瀬浩三
シーラス,Ｇ１レーシング
シーラスストリーク,サンデーレーシング
シーリア,キャロットファーム
シーリアスラブ,吉田千津
シーリュウシー,一村哲也
シールテソーロ,了徳寺健二ホールディングス
シールド,齊藤直信
シールドヴォルト,飯田正剛
シールビーライト,マツシタレーシング
シールート,ゴドルフィン
シーレカズマ,雅苑興業
シーレーン,谷掛龍夫
シーロンシャン,ロードホースクラブ
シーンオブドリーム,青芝商事
シーンスティーラー,前田幸治
シーヴィクセン,長谷川祐司
シーヴェット,高橋ファーム
ジアッシズ,社台レースホース
ジェイウォーリア,飯田総一郎
ジェイエルエース,橋元幸人
ジェイエルガルフ,橋元幸人
ジェイエルキャリア,橋元幸人
ジェイエルグリーン,橋元幸人
ジェイエルケープ,橋元幸人
ジェイエルサーベイ,橋元幸人
ジェイエルシップ,橋元幸人
ジェイエルジェット,橋元幸人
ジェイエルジェティ,橋元幸人
ジェイエルスマイル,橋元幸人
ジェイエルタイド,橋元幸人
ジェイエルトランス,橋元幸人
ジェイエルトランプ,橋元幸人
ジェイエルドラフト,橋元幸人
ジェイエルノブレス,橋元幸人
ジェイエルハーバー,橋元幸人
ジェイエルバルカー,橋元幸人
ジェイエルバース,橋元幸人
ジェイエルフラッグ,橋元幸人
ジェイエルブラスト,橋元幸人
ジェイエルブリッジ,橋元幸人
ジェイエルマスター,橋元幸人
ジェイエルマリーナ,橋元幸人
ジェイエルモーダル,橋元幸人
ジェイエルライナー,橋元幸人
ジェイケイエピファ,小谷野次郎
ジェイケイエース,小谷野次郎
ジェイケイファイン,小谷野次郎
ジェイケイブラック,小谷野次郎
ジェイケイボス,小谷野次郎
ジェイケイボニータ,小谷野次郎
ジェイケイマクフィ,小谷野次郎
ジェイケイマッチョ,小谷野次郎
ジェイケイミリミリ,小谷野次郎
ジェイケイルビー,小谷野次郎
ジェイケイロンドン,小谷野次郎
ジェイケイワールド,小谷野次郎
ジェイケーフェイス,ＳＴレーシング
ジェイコブ,市川義美ホールディングス
ジェイジーノ,吉澤克己
ジェイストリーク,シルクレーシング
ジェイソンバローズ,猪熊広次
ジェイダ,田端修
ジェイデン,林正道
ジェイドテソーロ,了徳寺健二ホールディングス
ジェイドパンニャー,福原晃
ジェイパック,槙和美
ジェイパームス,エムズレーシング
ジェイルブレイク,田頭勇貴
ジェシー,キャロットファーム
ジェシーテソーロ,了徳寺健二ホールディングス
ジェシーハート,佐藤範夫
ジェスコ,山本てるみ
ジェステミニョン,京都ホースレーシング
ジェスロ,松田整二
ジェセニア,椎名節
ジェゼロ,金子真人ホールディングス
ジェッター,鈴木康弘
ジェッティー,高橋ファーム
ジェッディンデデン,ミルファーム
ジェットエアー,マークス
ジェットエンブレム,犬塚悠治郎
ジェットグリッター,成富直行
ジェットコルサ,尾上松壽
ジェットセッター,野村茂雄
ジェットバニー,ＨｉｍＲｏｃｋＲａｃｉｎｇホールディングス
ジェットブレイク,ＨｉｍＲｏｃｋＲａｃｉｎｇホールディングス
ジェットブレード,岡田牧雄
ジェットマグナム,ＨｉｍＲｏｃｋＲａｃｉｎｇホールディングス
ジェットマックス,大野照旺
ジェットモーション,Ｇ１レーシング
ジェットラン,岡村善行
ジェトライ,Ｈ．Ｈ．シェイク・ファハド
ジェド,村田哲朗
ジェドゥラシャンス,社台レースホース
ジェニファー,平井裕
ジェニー,馬場幸夫
ジェニーアムレット,スリーエイチレーシング
ジェニーグロウ,林正道
ジェニーパキラ,西森功
ジェネシスムーン,久保潤
ジェネシスライト,ヒダカ・ブリーダーズ・ユニオン
ジェネチェン,フィールドレーシング
ジェネティクス,キャロットファーム
ジェネラスキング,Ｇ１レーシング
ジェネラルウィル,キャロットファーム
ジェネラルゴジップ,社台レースホース
ジェネラーレ,カナヤマホールディングス
ジェネラーレウーノ,Ｇリビエール・レーシング
ジェネレイティブ,ＫＲジャパン
ジェネレイトヒート,Ｇ１レーシング
ジェネレート,槙和美
ジェネロジテ,宮川純造
ジェノバフレイバー,尾田信夫
ジェノヴィーノ,サンデーレーシング
ジェバーダ,ノルマンディーサラブレッドレーシング
ジェフリー,吉田勝利
ジェミニキング,三宅勝俊
ジェミニズ,ライオンレースホース
ジェミニテソーロ,了徳寺健二ホールディングス
ジェミーウェイ,ヒダカ・ブリーダーズ・ユニオン
ジェミースター,ノルマンディーサラブレッドレーシング
ジェミート,マブレーシング
ジェム,ローレルレーシング
ジェムシリカ,ミルファーム
ジェムステート,星野祐介
ジェムストーン,長島利治
ジェムディーラー,ゴドルフィン
ジェムフェザー,キャロットファーム
ジェムラー,青山洋一
ジェメナイ,平本敏夫
ジェモロジー,サンデーレーシング
ジェラスヒーロー,嶋田賢
ジェラゾヴァヴォラ,内田玄祥
ジェラペッシュ,柴田洋一
ジェラルディーナ,サンデーレーシング
ジェラルリスト,ノルマンディーサラブレッドレーシング
ジェラートキティ,東豊物産
ジェラーニオ,シルクレーシング
ジェリクルソング,会田浩史
ジェリーコアコアラ,ゴドルフィン
ジェリービーンロウ,吉田照哉
ジェルソミーノ,永田和彦
ジェルブロア,ノースヒルズ
ジェルメ,ターフ・スポート
ジェレメジェバイト,青山洋一
ジェロニモス,ノルマンディーサラブレッドレーシング
ジェロボーム,長谷川祐司
ジェンダアネモス,辻高史
ジェンダウィナー,片岡尚
ジェンティール,杉山忠国
ジェントルアイズ,大樹ファーム
ジェントルショット,Ｇ１レーシング
ジェントルタッチ,フィールドレーシング
ジェントルバローズ,猪熊広次
ジェントルブリーズ,ベニバナ組合
ジェントルレイン,三田昌宏
ジェンヌ,エムズレーシング
ジェンブリッシュ,田中勝麻
ジェンマ,諸岡慶
ジェンメオ,社台レースホース
ジェードグリーン,キャロットファーム
ジェームズテソーロ,了徳寺健二ホールディングス
ジオグリフ,サンデーレーシング
ジオジーニー,小川眞査雄
ジオストラテジー,水上行雄
ジオセントリック,キャロットファーム
ジオッコピアノ,吉田和美
ジオパークアポロ,小関勝紀
ジオパークカツキ,小関勝紀
ジオパークガイア,小関勝紀
ジオパーククラウン,小関勝紀
ジオパークタイド,小関勝紀
ジオパークピリカ,小関勝紀
ジオパークフローラ,小関勝紀
ジオパークマグマ,小関勝紀
ジオフロント,サンデーレーシング
ジオラマ,Ｇ１レーシング
ジオルティ,杉山忠国
ジオヴィグラス,星加浩一
ジギーベイ,加藤徹
ジクジタルオモイ,小塩利文
ジグ,武田茂男
ジグソー,石川達絵
ジグラート,ノースヒルズ
ジゲン,林正道
ジゴロ,安原浩司
ジジ,林弘之
ジスボウイ,薪浦亨
ジスモンダ,ミルファーム
ジダイノチョウジ,岡浩二
ジチュダケテソーロ,了徳寺健二ホールディングス
ジットマツ,由井健太郎
ジッパーレーン,Ｇ１レーシング
ジッピーチューン,吉田照哉
ジッピーレーサー,岡田牧雄
ジップスパーク,廣崎智子
ジツリキニコマル,河合實貴男
ジナ,小出敬之
ジナンボー,金子真人ホールディングス
ジニアテソーロ,了徳寺健二ホールディングス
ジニービーチ,サラブレッドクラブ・ラフィアン
ジネストラ,サンデーレーシング
ジネン,杉山忠国
ジミーバローズ,猪熊広次
ジムマシーン,臼井義太郎
ジャイアントリバー,嶋田賢
ジャイアンバローズ,猪熊広次
ジャイサルメール,ターフ・スポート
ジャイロ,ヒダカファーム
ジャカランダ,ノースヒルズ
ジャカランダシティ,吉田勝己
ジャカランダレーン,金子真人ホールディングス
ジャカルタバオ,山田信太郎
ジャカンドジョー,井上一郎
ジャガンナート,山藤賢
ジャガード,栗坂崇
ジャガーライズ,吉岡寛行
ジャクソン,薪浦亨
ジャクソンルーツ,エムズレーシング
ジャクリーン,副島義久
ジャグアール,落合幸弘
ジャグアーロ,キャロットファーム
ジャグラー,寺田寿男
ジャグリング,中村祐子
ジャケットポケット,高橋美雄
ジャコイッチャン,晴間初栄
ジャコウジ,晴間初栄
ジャコエマリックン,晴間芳次
ジャコエンペラー,晴間芳次
ジャコバイティズム,野本巧
ジャコマル,晴間芳次
ジャコムスビ,晴間芳次
ジャサルディア,サンデーレーシング
ジャジャウマ,新井原博
ジャジャウマアスク,廣崎利洋ＨＤ
ジャジャカバージョ,幅田昌伸
ジャジャミン,ローレルレーシング
ジャスコ,大和屋暁
ジャスタクイーン,谷口祐人
ジャスタパーティー,藤田晋
ジャスティン,小田吉男
ジャスティンアポロ,三木正浩
ジャスティンアロー,三木正浩
ジャスティンアース,三木正浩
ジャスティンエース,三木正浩
ジャスティンカツミ,三木正浩
ジャスティンカフェ,三木正浩
ジャスティンカプリ,三木正浩
ジャスティンカレラ,三木正浩
ジャスティンガルフ,三木正浩
ジャスティンゴッホ,三木正浩
ジャスティンシカゴ,三木正浩
ジャスティンスカイ,三木正浩
ジャスティンスター,三木正浩
ジャスティンターボ,三木正浩
ジャスティンダイス,三木正浩
ジャスティンダイヤ,三木正浩
ジャスティンダラス,三木正浩
ジャスティントレノ,三木正浩
ジャスティンパレス,三木正浩
ジャスティンパワー,三木正浩
ジャスティンビスタ,三木正浩
ジャスティンボルト,三木正浩
ジャスティンマリブ,三木正浩
ジャスティンミラノ,三木正浩
ジャスティンユウジ,三木正浩
ジャスティンライズ,三木正浩
ジャスティンラヴ,ニッシンレーシング
ジャスティンリーチ,三木正浩
ジャスティンルマン,三木正浩
ジャスティンレオン,三木正浩
ジャスティンレビン,三木正浩
ジャスティンロック,三木正浩
ジャスティンロング,三木正浩
ジャスティンローマ,三木正浩
ジャスティンヴェル,三木正浩
ジャストアジゴロ,原禮子
ジャストアダッシュ,ジョッキンゼー
ジャストインタイム,下河邉行信
ジャストキュート,岡田牧雄
ジャストキングダム,サイプレスホールディングス
ジャストグレース,宮川純造
ジャストコーズ,社台レースホース
ジャストザキラキラ,ジャスト・タイムクラブ
ジャストザビアンカ,ジャスト・タイムクラブ
ジャストザヴァルス,ジャスト・タイムクラブ
ジャストチョウサン,チョウサン
ジャストナウ,杉山忠国
ジャストビギニング,松谷翔太
ジャストビコーズ,石瀬浩三
ジャストビフォー,山口裕介
ジャストビート,ＨｉｍＲｏｃｋＲａｃｉｎｇホールディングス
ジャストピーチー,岡田牧雄
ジャストフィット,嶋田賢
ジャストベリー,荻伏服部牧場
ジャストポケット,ターフ・スポート
ジャストマイウェイ,ＤＭＭドリームクラブ
ジャストマリッジ,友駿ホースクラブ
ジャストメイビー,ゴドルフィン
ジャストワナフライ,吉田照哉
ジャストワン,田島榮二郎
ジャストワンルック,平井裕
ジャスパー,島川隆哉
ジャスパーイーグル,加藤和夫
ジャスパーウィン,加藤和夫
ジャスパーエイト,加藤和夫
ジャスパーエース,加藤和夫
ジャスパークロス,加藤和夫
ジャスパークローネ,加藤和夫
ジャスパーグレイト,加藤和夫
ジャスパーケイ,加藤和夫
ジャスパーゲラン,ノルマンディーサラブレッドレーシング
ジャスパーゴールド,加藤和夫
ジャスパーサン,加藤和夫
ジャスパーシャイン,加藤和夫
ジャスパージェット,加藤和夫
ジャスパージャガー,加藤和夫
ジャスパージャック,加藤和夫
ジャスパーソレイユ,加藤和夫
ジャスパーティアラ,加藤和夫
ジャスパーディビネ,加藤和夫
ジャスパートレノ,加藤和夫
ジャスパードリーム,加藤和夫
ジャスパーノベル,加藤和夫
ジャスパーノワール,加藤和夫
ジャスパーバローズ,猪熊広次
ジャスパーブレイズ,加藤和夫
ジャスパープリンス,加藤和夫
ジャスパーマリン,加藤和夫
ジャスパーメジャー,加藤和夫
ジャスパーメルチェ,加藤和夫
ジャスパーモア,加藤和夫
ジャスパールビー,加藤和夫
ジャスパーレオン,加藤和夫
ジャスパーロイヤル,加藤和夫
ジャスパーロブスト,加藤和夫
ジャスパーワールド,加藤和夫
ジャスフォール,ディアレストクラブ
ジャスマン,古賀禎彦
ジャスミン,飯田正剛
ジャスミンカーラ,シルクレーシング
ジャスミンガール,丸岡啓一
ジャスミンフリッグ,眞保榮稔
ジャスミンフローラ,シルクレーシング
ジャスリー,越村洋子
ジャズ,石川達絵
ジャズエチュード,吉田勝己
ジャズピアニスト,小菅誠
ジャズファンク,市川義美ホールディングス
ジャズブルース,シルクレーシング
ジャズホリック,薪浦州平
ジャズラップ,市川義美ホールディングス
ジャッカスバーク,キャロットファーム
ジャッカル,平井裕
ジャッカルズサン,木部厳生
ジャッキー,本田恒雄
ジャッキーバローズ,猪熊広次
ジャックオダモ,藤田晋
ジャックオレンジ,ＹＧＧホースクラブ
ジャックドール,前原敏行
ジャックナイフ,岡浩二
ジャックナダル,辻高史
ジャックパール,吉川朋宏
ジャックローズ,シルクレーシング
ジャッジ,田島榮二郎
ジャッジオブナイツ,市川義美ホールディングス
ジャッジメント,ノースヒルズ
ジャッドノワール,伊藤永二郎
ジャディード,丸山担
ジャドブッファン,Ｇ１レーシング
ジャナドリア,サンデーレーシング
ジャニス,矢野和雅
ジャニーヌ,吉田和美
ジャヌーテソーロ,了徳寺健二ホールディングス
ジャパン,松島正昭氏Ｊマグニア夫人Ｍテイバー＆Ｄスミス
ジャパンガール,阿部東亜子
ジャパンスウェプト,新谷幸義
ジャパンナイト,森口聡
ジャパンノウレッジ,グリーンファーム
ジャポニカスタイル,五十川雅規
ジャポネ,落合幸弘
ジャポネスク,ミルファーム
ジャマティーボ,武仲勝
ジャマン,奥田貴敏
ジャミラヌール,社台レースホース
ジャミー,小林竜太郎
ジャミールアイン,サンデーレーシング
ジャミールフエルテ,吉田勝己
ジャミーレ,キャロットファーム
ジャメビュ,ミルファーム
ジャヤワルダナ,大谷正嗣
ジャルジェ,カナヤマホールディングス
ジャルディニエ,ＮＹレーシング
ジャルベラロッサ,ノルマンディーサラブレッドレーシング
ジャレッド,ノースヒルズ
ジャンカズマ,吉田和美
ジャンカルド,サンデーレーシング
ジャングリオン,幅田昌伸
ジャングルオー,田畑富子
ジャングルキッド,松岡隆雄
ジャングルキング,清家聖仁
ジャングルランブル,カナヤマホールディングス
ジャングロ,藤田晋
ジャンゴッド,藤田晋
ジャンシ,藤田晋
ジャンタルマンタル,社台レースホース
ジャンダルム,前田幸治
ジャンティエス,落合幸弘
ジャンドゥーヤ,グリーンファーム
ジャンドル,サンデーレーシング
ジャンヌ,奈良崎孝一郎
ジャンヌサンライズ,松岡隆雄
ジャンヌデュモン,大原詔宏
ジャンヌドゥレーヴ,ヒダカ・ブリーダーズ・ユニオン
ジャンヌノツルギ,岡浩二
ジャンヌローサ,ノルマンディーサラブレッドレーシング
ジャンバラヤ,畑佐博
ジャンビ,成富直行
ジャンプオーバー,社台レースホース
ジャンプストリート,グリーンスウォード
ジャンポール,三度屋
ジャンマギアーナ,加藤誠
ジャンル,中村伊三美
ジャヴァネ,小林祐一
ジャヴェール,岡田牧雄
ジャージー,北山敏隆
ジャージーテーラー,中西浩一
ジャーナーリア,本間茂
ジャーニーメモリー,海谷幸司
ジャーネジャーネ,廣崎利洋ＨＤ
ジャーミネイト,社台レースホース
ジャーヴィス,ノルマンディーサラブレッドレーシング
ジュアン,カナヤマホールディングス
ジュウオウ,天野克彦
ジュウセンシャ,福田光博
ジュウハチキン,内田玄祥
ジュウリョクピエロ,近藤健介
ジュウワンエース,ジュウワンレイシング組合
ジュエアトゥー,首藤徳
ジュエリジュエリー,グリーンファーム
ジュエリークラフト,大田恭充
ジュエリーノハナ,井高義光
ジュエリーボックス,畑佐博
ジュエリーメモリー,海谷幸司
ジュエルアズギフト,グリーンファーム
ジュエルインザサン,シルクレーシング
ジュエルケイヴ,水上行雄
ジュエルサンライズ,松岡隆雄
ジュエルシップ,福本純
ジュエルシティー,ヒダカ・ブリーダーズ・ユニオン
ジュエルシーカー,杵臼牧場
ジュエルス,北浦博樹
ジュエルソング,サラブレッドクラブ・ラフィアン
ジュエルタワー,社台レースホース
ジュエルドパリ,太田珠々子
ジュエルドレーサー,ノルマンディーサラブレッドレーシング
ジュエルハウス,大樹ファーム
ジュエルピーチ,山本剛士
ジュエルブリス,塚田義広
ジュエルプリンス,杉山忠国
ジュエルマイスター,池田草龍
ジュエルマドンナ,ＫＡＪＩＭＯＴＯホールディングス
ジュエルラビシア,サンデーレーシング
ジュゲム,酒井孝敏
ジュジュジューン,吉川潤
ジュジュドール,フォレストレーシング
ジュストコル,吉田照哉
ジュズマル,山口裕介
ジュゼッペレオ,石川幸司
ジュタ,ラ・メール
ジュタドール,諸岡慶
ジュタロウ,芳賀美知子
ジュテパッセ,吉田照哉
ジュディシャス,ゴドルフィン
ジュディス,日進牧場
ジュディッタ,シルクレーシング
ジュディーイメル,ケーエスＨＤ
ジュドヴァーグ,ＫＡＪＩＭＯＴＯホールディングス
ジュドー,シルクレーシング
ジュナベーラ,サンデーレーシング
ジュニアスウィート,ビリオンスター
ジュニエーブル,柴田洋一
ジュニパー,山本堅治
ジュニパーベリー,ミルファーム
ジュニートワン,伊藤潤
ジュヌフィーユ,吉田勝己
ジュヌヴィエーブ,社台レースホース
ジュネス,島川隆哉
ジュネストレイル,ＡｓｓｅｔＭａｎａｇｅｍｅｎｔＳｕｉｔｅ
ジュネスドール,ノルマンディーサラブレッドレーシング
ジュネスヒマリ,松本俊廣
ジュノエスク,吉田照哉
ジュノー,金子真人ホールディングス
ジュパンスアトワ,グリーンスウォード
ジュビランス,キャロットファーム
ジュビラーテ,吉澤克己
ジュビリーヘッド,キャロットファーム
ジュピターカリスト,吉田和美
ジュピターズライト,シルクレーシング
ジュピターテソーロ,了徳寺健二ホールディングス
ジュピターバローズ,猪熊広次
ジュフォン,ノースヒルズ
ジュブリーユ,岡田牧雄
ジュベルハフィート,社台レースホース
ジュマピリクー,幅田昌伸
ジュラ,北山敏隆
ジュラトリー,社台レースホース
ジュラメント,犬塚悠治郎
ジュランド,川島牧場
ジュランビル,村上稔
ジュリ,大樹ファーム
ジュリアス,間宮秀直
ジュリアスローズ,岡田牧雄
ジュリアナガール,林千枝子
ジュリアバローズ,猪熊広次
ジュリアヴィーナス,小國和紀
ジュリエットパール,ターフ・スポート
ジュリエットベール,吉田照哉
ジュリエンヌ,吉田勝利
ジュリオ,シルクレーシング
ジュリスタ,柳原克哉
ジュリーハーツ,林正道
ジュルナール,ＤＭＭドリームクラブ
ジュルビアン,ロードホースクラブ
ジュルングル,小林薫
ジュレップグラス,ノルマンディーサラブレッドレーシング
ジュレップスター,永見貴昭
ジュレブランシュ,Ｇ１レーシング
ジュレーヴ,中村祐子
ジュワネング,サンデーレーシング
ジュンアサヒソラ,河合純二
ジュンアサヒダケ,河合純二
ジュンアベリアシノ,河合裕明
ジュンウィンダム,ＪＫレーシング
ジュンエキサイト,河合純二
ジュンエスポワール,河合純二
ジュンオルレアン,河合純二
ジュンオーズ,河合純二
ジュンキャノン,河合純二
ジュンキリタップ,河合純二
ジュンクロノシップ,ＪＫレーシング
ジュングロワール,ＪＫレーシング
ジュングローリー,河合純二
ジュングンジョウ,河合純二
ジュンココロ,河合純二
ジュンコメタ,河合純二
ジュンコーハク,八木光博
ジュンゴールド,河合純二
ジュンサク,河合純二
ジュンサロベツ,河合純二
ジュンサンム,河合純二
ジュンシオリ,河合純二
ジュンシリアス,河合純二
ジュンジュン,吉川潤
ジュンジョウ,グランド牧場
ジュンジョウカレン,スリースターズレーシング
ジュンスターホース,河合純二
ジュンスターリッチ,河合純二
ジュンストーム,河合純二
ジュンスパーヒカル,河合純二
ジュンセイコー,河合裕明
ジュンゼロ,河合純二
ジュンダ,ゴールドレーシング
ジュンダイセツ,河合純二
ジュンダイハード,河合純二
ジュンダッシュ,河合純二
ジュンツバサニセイ,河合純二
ジュンツバメガエシ,河合純二
ジュンツーポイント,河合純二
ジュンテオドーラ,河合純二
ジュントゥルーリ,簗詰貴彦
ジュントネフ,河合純二
ジュントミー,河合純二
ジュントモチャン,河合純二
ジュンドラドラ,河合純二
ジュンドリーム,河合純二
ジュンノサップ,河合純二
ジュンノシャップ,河合純二
ジュンハイビスカス,河合純二
ジュンハルト,河合純二
ジュンバレット,河合純二
ジュンパッション,河合純二
ジュンパワフル,河合純二
ジュンヒトカップ,河合裕明
ジュンビクトワール,河合純二
ジュンフィレンツェ,河合純二
ジュンフカリ,河合純二
ジュンフシナ,河合純二
ジュンブライト,河合裕明
ジュンブルースカイ,河合純二
ジュンブロッサム,河合純二
ジュンブーケ,成富直行
ジュンプラチナ,河合純二
ジュンプリメーロ,河合純二
ジュンベルベット,河合純二
ジュンユウコー,河合純二
ジュンライデン,河合純二
ジュンライトニング,河合純二
ジュンライトボルト,河合純二
ジュンラトゥール,河合純二
ジュンレイ,長島利治
ジュンワンポイント,河合純二
ジュンヴァグネル,河合純二
ジュンヴァッテッド,河合純二
ジュンヴァドス,河合裕明
ジュンヴァルカン,河合純二
ジュンヴァルボンヌ,河合裕明
ジュンヴァンケット,河合純二
ジュンヴィヴァン,河合純二
ジュンヴォルティス,河合純二
ジュヴゼーム,吉田千津
ジューシーオレンジ,三岡陽
ジュース,ＨｉｍＲｏｃｋＲａｃｉｎｇホールディングス
ジューヌエコール,サンデーレーシング
ジュールサイクル,吉田照哉
ジュールスレーヴ,日進牧場
ジュールヒート,Ｇ１レーシング
ジューンアイリス,吉川潤
ジューンアクア,吉川潤
ジューンアゲイン,吉川潤
ジューンアマデウス,吉川潤
ジューンアルテミス,吉川潤
ジューンアレグロ,吉川潤
ジューンアヲニヨシ,吉川潤
ジューンアンカー,吉川潤
ジューンアース,吉川潤
ジューンエオス,吉川潤
ジューンオアシス,吉川潤
ジューンオレンジ,吉川潤
ジューンキララ,吉川潤
ジューンクエスト,吉川潤
ジューンクラマ,吉川潤
ジューングラスミー,吉川潤
ジューングレイス,吉川潤
ジューンゴゼン,吉川潤
ジューンサクラ,吉川潤
ジューンサレンダー,吉川潤
ジューンシェイド,吉川潤
ジューンシルフィア,吉川潤
ジューンステータス,吉川潤
ジューンスパーク,吉川潤
ジューンスプレイン,吉川潤
ジューンスマッシュ,吉川潤
ジューンセクレタ,吉川潤
ジューンセレッソ,吉川潤
ジューンチキータ,吉川潤
ジューンテイク,吉川潤
ジューンデイズ,吉川潤
ジューンナックル,吉川潤
ジューンナデシコ,吉川潤
ジューンノールック,吉川潤
ジューンハルジオン,吉川潤
ジューンハート,吉川潤
ジューンバタフライ,吉川潤
ジューンバラード,吉川潤
ジューンビアンカ,吉川潤
ジューンピンクマン,吉川潤
ジューンフォレスト,吉川潤
ジューンフラワー,吉川潤
ジューンフリーダム,吉川潤
ジューンフローラ,吉川潤
ジューンブライダー,馬目時宗
ジューンブルーム,吉川潤
ジューンブレア,吉川潤
ジューンベロシティ,吉川潤
ジューンポンポン,吉川潤
ジューンマウス,吉川潤
ジューンマロン,吉川潤
ジューンマーチ,吉川潤
ジューンミュゲ,吉川潤
ジューンミレニアム,吉川潤
ジューンメモリー,吉川潤
ジューンヨシツネ,吉川潤
ジューンランド,吉川潤
ジューンリリー,手嶋美季
ジューンレインボー,吉川潤
ジューンレイヴン,吉川潤
ジューンレトリバー,吉川潤
ジューンロールオン,吉川潤
ジューンワルツ,吉川潤
ジユウノメガミ,ミルファーム
ジョアジョルナータ,下河辺美智子
ジョアン,林正道
ジョアンズベスト,飯田正剛
ジョイ,西村專次
ジョイアスチャント,ゴドルフィン
ジョイアミーア,キャロットファーム
ジョイウイン,石瀬浩三
ジョイエッロ,社台レースホース
ジョイクローネ,西村亮二
ジョイグリーン,西村亮二
ジョイス,林正道
ジョイズエターナル,岡田牧雄
ジョイトゥザラブ,ノースヒルズ
ジョイナイト,西村亮二
ジョイナーテソーロ,了徳寺健二ホールディングス
ジョイパピエーダ,西村亮二
ジョイフル,ゴドルフィン
ジョイフルアクト,社台レースホース
ジョイフルサンデー,小川勲
ジョイフルダンサー,大塚亮一
ジョイフルニュース,社台レースホース
ジョイフルラブ,堀口晴男
ジョイベル,トール＆ワイド
ジョイボヌール,石瀬浩三
ジョイボーイ,平沼龍漢
ジョイライド,グリーンスウォード
ジョイレンジャー,西村亮二
ジョインザフレイ,Ｈ．Ｈ．シェイク・ハムダン
ジョインザフロウ,シルクレーシング
ジョウエン,二風谷ファーム
ジョウゲンノツキ,二口雅一
ジョウショウバイオ,バイオ
ジョウショーカード,熊田義孝
ジョウショーカーブ,熊田義孝
ジョウショーキウン,熊田義孝
ジョウショーサクラ,熊田義孝
ジョウショータイガ,熊田義孝
ジョウショータイプ,熊田義孝
ジョウショーツヨシ,熊田義孝
ジョウショーハニー,熊田義孝
ジョウショーパワー,熊田義孝
ジョウショーブリエ,熊田義孝
ジョウショーブーケ,熊田義孝
ジョウショーヘイロ,熊田義孝
ジョウショーベスト,熊田義孝
ジョウショーペース,熊田義孝
ジョウショーホープ,熊田義孝
ジョウショーポプリ,熊田義孝
ジョウショーポーラ,熊田義孝
ジョウショームード,熊田義孝
ジョウショーメイク,熊田義孝
ジョウショーモード,熊田義孝
ジョウショーリード,熊田義孝
ジョウショーローズ,熊田義孝
ジョウハリ,林弘之
ジョウレン,田中春美
ジョガールボニート,高瀬真尚
ジョグジャカルタ,丸山担
ジョスラン,吉田和美
ジョセイカツヤク,由井健太郎
ジョセフ,井上久光
ジョセフィーナ,吉澤ホールディングス
ジョックロック,吉田和美
ジョット,海谷幸司
ジョディー,小濱忠一
ジョディーズマロン,ローレルレーシング
ジョディーベルボワ,大塚亮一
ジョドレルバンク,吉田勝己
ジョナ,吉岡寛行
ジョニーズララバイ,金子真人ホールディングス
ジョニール,阿部東亜子
ジョバンニ,ＫＲジャパン
ジョブックコメン,萩本企画
ジョブックコラード,萩本企画
ジョブックノワ,萩本企画
ジョブックビザーレ,萩本企画
ジョブックフィオリ,萩本企画
ジョブックボー,萩本企画
ジョブックルーチェ,萩本企画
ジョリアンジュ,サンデーレーシング
ジョリエス,須本浩行
ジョリダム,桑田牧場
ジョリュウジャンシ,鹽田久義
ジョリルミエール,後藤英成
ジョリーパーマー,小林薫
ジョリーピクシー,林進
ジョリーフィーユ,中島稔
ジョリーブレス,フジワラ・ファーム
ジョリーメモリー,海谷幸司
ジョリーレーヌ,キャロットファーム
ジョリーロジャー,シルクレーシング
ジョルジュ,森永薫
ジョルジュサンク,ＣＨＥＶＡＬＡＴＴＡＣＨＥ
ジョルティーニ,橋元勇氣
ジョワイユ,ラ・メール
ジョワイユノエル,Ｇ１レーシング
ジョワメール,遠藤裕之
ジョン,ケーエスＨＤ
ジョングルール,諸江幸祐
ジョンジョンブーム,小田吉男
ジョンソンテソーロ,了徳寺健二ホールディングス
ジョヴィアン,吉田和美
ジョーアドヴァンス,上田けい子
ジョーアヤメ,上田江吏子
ジョーアラビカ,上田けい子
ジョーイルムシュ,上田江吏子
ジョーインテビット,上田江吏子
ジョーエスポワール,上田江吏子
ジョーエルピーゾ,上田江吏子
ジョーカナチャン,上田江吏子
ジョーカリン,上田けい子
ジョーカー,石川達絵
ジョーカーブラウン,プレミアムレースホース
ジョーカーワイルド,ＴＵＲＨ
ジョークラッシャー,岡浩二
ジョークー,上田けい子
ジョーコモド,上田江吏子
ジョーコレット,上田けい子
ジョーサルーテ,上田江吏子
ジョーシーゲル,上田江吏子
ジョージテソーロ,了徳寺健二ホールディングス
ジョージバローズ,猪熊広次
ジョースイーツ,上田けい子
ジョースターライト,上田けい子
ジョーストリクトリ,上田けい子
ジョータルマエ,上田江吏子
ジョーダンキング,廣崎利洋ＨＤ
ジョーダンケルク,上田江吏子
ジョーダンヒロイン,戸賀智子
ジョーテルプジ,上田江吏子
ジョートラジャ,上田けい子
ジョートレミー,上田江吏子
ジョードプル,石瀬浩三
ジョードリウム,上田江吏子
ジョードリブル,上田けい子
ジョードルチェ,上田けい子
ジョーヌカレラ,ウエスト．フォレスト．ステイブル
ジョーヌミモザ,ウエスト．フォレスト．ステイブル
ジョーヌヴェール,川崎賢二
ジョーノベリスタ,上田けい子
ジョーパティオ,上田江吏子
ジョービスコッティ,上田江吏子
ジョーフェイス,ＳＴレーシング
ジョーフォレスト,上田けい子
ジョーブラック,上田江吏子
ジョーブリッランテ,上田江吏子
ジョーマイク,上田けい子
ジョーマゴス,上田江吏子
ジョーマンデリン,上田けい子
ジョーミニスター,上田けい子
ジョーミラー,上田けい子
ジョーメッドヴィン,上田江吏子
ジョーリベリカ,上田けい子
ジョーレイラニ,上田江吏子
ジョーローリット,上田江吏子
ジョーヴェスタ,上田江吏子
ジラソーレ,村野康司
ジラルデ,前田幸治
ジランドール,長谷川祐司
ジリアート,キャロットファーム
ジルクン,鈴木昌樹
ジルコンテソーロ,了徳寺健二ホールディングス
ジルジェンティ,キャロットファーム
ジルバーン,社台レースホース
ジルブラス,Ｇ１レーシング
ジルベールバローズ,猪熊広次
ジレトール,キャロットファーム
ジレーネ,Ｇ１レーシング
ジロラータ,村木克子
ジロローザ,岡田牧雄
ジロー,エムズレーシング
ジワタネホ,窪田芳郎
ジン,田畑勝彦
ジンカイト,Ｇ１レーシング
ジンガブリッツ,ディアレストクラブ
ジンガー,須山悟至
ジンクピリチオン,三岡陽
ジングアップ,社台レースホース
ジンゴイスト,サンデーレーシング
ジンジャーパン,是枝浩平
ジンジャーブラッド,小川眞査雄
ジンジャーマン,是枝浩平
ジンジャーミント,水上行雄
ジンセイ,幅田京子
ジンチョウゲ,ＯＵＭＡ
ジンフィンドール,高樽さゆり
ジンフィーズ,谷水雄三
ジンフラッシュ,長谷川清英
ジーアネモネ,ジーホース
ジーガスリッド,キャロットファーム
ジーガーオーシャン,ジーガー
ジーガーデン,佐野信幸
ジーガーライデン,ジーガー
ジーガーロンシャン,酒井孝敏
ジーガーローレンス,ジーガー
ジークカイザー,キャロットファーム
ジーククローネ,ＤＭＭドリームクラブ
ジークグランツ,ヒダカ・ブリーダーズ・ユニオン
ジークシュベルト,ライオンレースホース
ジークフリート,Ｈ．Ｈ．シェイク・ハムダン
ジークマインド,北駿競走馬組合
ジークリヒト,永見貴昭
ジークリンデ,村野康司
ジークルーネ,キャロットファーム
ジークヴァルツァー,ノルマンディーサラブレッドレーシング
ジーゲスツーク,ノースヒルズ
ジーゲル,キーファーズ
ジーゲルマン,ジーホース
ジーサイクロン,ジーホース
ジーショウグン,ライオンレースホース
ジージージェット,ジーホース
ジーズデイズ,飯田貴大
ジーソウルブラザー,ジーホース
ジーツーガッキー,幅田昌伸
ジーティーアグリム,田畑利彦
ジーティーアダマン,田畑利彦
ジーティーアツモリ,田畑利彦
ジーティーアムール,田畑利彦
ジーティーアメリカ,田畑利彦
ジーティーアリア,田畑利彦
ジーティーウィンズ,田畑利彦
ジーティーウタマロ,田畑利彦
ジーティーウブラブ,田畑利彦
ジーティーウララ,田畑利彦
ジーティーウルス,田畑利彦
ジーティーウンカイ,田畑利彦
ジーティーエイト,田畑利彦
ジーティーエスピ,田畑利彦
ジーティーエンジン,田畑利彦
ジーティーオウカ,田畑利彦
ジーティーオウジャ,田畑利彦
ジーティーカメリア,田畑利彦
ジーティーキャメル,田畑利彦
ジーティーキャリー,田畑利彦
ジーティーキュート,田畑利彦
ジーティーグロウ,田畑利彦
ジーティーサクラ,田畑利彦
ジーティーサンサン,田畑利彦
ジーティーシップ,田畑利彦
ジーティーシンドウ,田畑利彦
ジーティージェミル,田畑利彦
ジーティージン,田畑利彦
ジーティースズナリ,田畑利彦
ジーティースティア,田畑利彦
ジーティースピカ,田畑利彦
ジーティースピード,田畑利彦
ジーティースワット,田畑利彦
ジーティーセイント,田畑利彦
ジーティーソレイユ,田畑利彦
ジーティーダーリン,田畑利彦
ジーティートゥルー,田畑利彦
ジーティートゥーリ,田畑利彦
ジーティートシオー,田畑利彦
ジーティートリック,田畑利彦
ジーティードリーム,田畑利彦
ジーティードレス,田畑利彦
ジーティーニッツァ,田畑利彦
ジーティーニャント,田畑利彦
ジーティーネージュ,田畑利彦
ジーティーノーブル,田畑利彦
ジーティーハッピー,田畑利彦
ジーティーハート,田畑利彦
ジーティーパリス,田畑利彦
ジーティーパワー,田畑利彦
ジーティーパール,田畑利彦
ジーティーヒラリ,田畑利彦
ジーティービキニ,田畑利彦
ジーティービジン,田畑利彦
ジーティービート,田畑利彦
ジーティーピカソ,田畑利彦
ジーティーファラオ,田畑利彦
ジーティーフクジ,田畑利彦
ジーティーフクフク,田畑利彦
ジーティーブライト,田畑利彦
ジーティーブラック,田畑利彦
ジーティーホクサイ,田畑利彦
ジーティーポライト,田畑利彦
ジーティーマイカ,田畑利彦
ジーティーマルク,田畑利彦
ジーティーマローネ,田畑利彦
ジーティーマン,田畑利彦
ジーティーミュウ,田畑利彦
ジーティームソウ,田畑利彦
ジーティームッシュ,田畑利彦
ジーティームテキ,田畑利彦
ジーティームーチョ,田畑利彦
ジーティーメティオ,田畑利彦
ジーティーラピッド,田畑利彦
ジーティーララバイ,田畑利彦
ジーティーリボーン,田畑利彦
ジーティーレイナ,田畑利彦
ジーティーレグルス,田畑利彦
ジーティーロッソ,田畑利彦
ジーティーワラワラ,田畑利彦
ジーナアイリス,シルクレーシング
ジーナアクトレス,シルクレーシング
ジーナグレイス,グリーンファーム
ジーナスイート,シルクレーシング
ジーニアスバローズ,猪熊広次
ジーニー,ディアレストクラブ
ジーネキング,山口雄司
ジーノカロリーナ,西森功
ジーハーモニー,ジーホース
ジーファー,ノルマンディーサラブレッドレーシング
ジーフォーリア,山本又一郎
ジープルメリア,キャピタル・システム
ジーベック,広尾レース
ジーマックス,佐野信幸
ジーモンスター,ジーホース
ジーランディア,手嶋康雄
ジーヴル,ノルマンディーサラブレッドレーシング
スアーウィス,落合幸弘
スイ,吉田和美
スイスライツ,永田博之
スイセー,村田滋
スイッチオン,須山悟至
スイッチビスケット,田畑利彦
スイトーヨ,犬塚悠治郎
スイミーユニバンス,亀井哲也
スイモアマイモ,幅田昌伸
スイヨウビ,副島義久
スイリュウオー,しょうじ
スイングボーイ,西村新一郎
スイングムスメ,西村新一郎
スイーズドリームス,大塚亮一
スイーツバイキング,ＹＴレーシング
スイーツビュッフェ,ＹＧＧホースクラブ
スイーツマジック,スピードファーム
スイートアリエス,前田清二
スイートアリッサム,ミルファーム
スイートゥンビター,大樹ファーム
スイートウィスパー,シルクレーシング
スイートウィル,友駿ホースクラブ
スイートウオーター,スピードファーム
スイートオレンジ,岡田牧雄
スイートカルデア,吉田牧場
スイートクラウン,シンボリ牧場
スイートクラス,保坂和孝
スイートグルーヴ,シルクレーシング
スイートサンライズ,ライフハウス
スイートザーズ,和田啓子
スイートセント,シルクレーシング
スイートチョコ,玉置潔
スイートデイズ,友駿ホースクラブ
スイートナイト,ミルファーム
スイートハイデン,シンボリ牧場
スイートフィル,シンボリ牧場
スイートフェアリー,寺田寿男
スイートフェンネル,ノルマンディーサラブレッドレーシング
スイートポイズン,吉田勝己
スイートポメロ,河原義宏
スイートミーティア,伊東純一
スイートレーヴ,シンボリ牧場
スイートロータス,草間庸文
スイープアワーズ,大塚亮一
スイープセレニティ,シルクレーシング
スイープセレリタス,シルクレーシング
スイープビクトリー,小林博雄
スイープライズ,天堀忠博
スイープラン,岡村善行
スイーヴル,森田至昭
スウィッチインラヴ,ＤＭＭドリームクラブ
スウィット,ネコメンレーシング
スウィバンビーナ,ウエスト．フォレスト．ステイブル
スウィフティー,Ｇ１レーシング
スウィフトアロー,青芝商事
スウィフトミモザ,大塚亮一
スウィフトレイド,社台レースホース
スウィング,カナヤマホールディングス
スウィングアロング,田所英子
スウィングビート,社台レースホース
スウィーティーベル,エースレーシング
スウィートイレブン,吉野加壽代
スウィートガール,辻子依旦
スウィートスカー,池袋レーシング
スウィートチェリー,草間庸文
スウィートナー,大樹ファーム
スウィートハピネス,前田幸大
スウィートブルーム,サラブレッドクラブ・ラフィアン
スウィートプロミス,グリーンファーム
スウィートメリナ,岡田牧雄
スウィートラキ,ヒダカ・ブリーダーズ・ユニオン
スウィートリワード,ＳＳレーシング
スウィープザボード,杉山忠国
スウィープシャルム,ＹＧＧホースクラブ
スウィープフィート,ＹＧＧホースクラブ
スウィープレジーナ,ＹＧＧホースクラブ
スウィーヴェモワ,ラ・メール
スウェアー,松谷翔太
スウェルティア,岡田牧雄
スウェーバック,手嶋美季
スエズマックス,服部健太郎
スエトニウス,社台レースホース
スエヒロイナズマ,みどり住宅
スエヒロドラマー,みどり住宅
スエヒロヴァン,みどり住宅
スエルテミノル,吉岡實
スエーニョブランコ,藤田在子
スエーニョルシード,シルクレーシング
スオウオオシマ,清水義徳
スオードカット,大野富生
スカイ,ニッシンホールディングス
スカイアクセル,佐伯成都
スカイイズユアーズ,ノースヒルズ
スカイインパラ,小島俊治
スカイインパルス,田頭勇貴
スカイウィッチ,山口正行
スカイウィンザー,小島俊治
スカイウイングス,野田清水
スカイエメラルド,保坂和孝
スカイカンナ,小島俊治
スカイキャンバス,ＭＹレーシング
スカイグルーヴ,シルクレーシング
スカイゲイザー,シルクレーシング
スカイコップス,寺田寿男
スカイサーベイ,Ｇ１レーシング
スカイシアター,ロードホースクラブ
スカイシャイン,小島俊治
スカイシーカー,ゴドルフィン
スカイスクレイパー,ターフ・スポート
スカイストライプス,キャロットファーム
スカイストーリー,水上ふじ子
スカイスプレンダー,シルクレーシング
スカイズザリミット,鈴木芳夫
スカイソング,西村專次
スカイタワー,保坂和孝
スカイダイバー,飯田正剛
スカイダンスタイム,細川大輔
スカイティアラ,ＹＧＧホースクラブ
スカイテラス,スピードファーム
スカイテーラー,中西浩一
スカイトライア,水上行雄
スカイトレイル,小島俊治
スカイドゥエラー,ヒダカ・ブリーダーズ・ユニオン
スカイドリーマー,前田幸大
スカイナイル,社台レースホース
スカイノブランチ,江賦晨
スカイハイ,石川達絵
スカイパッション,小林都美子
スカイパンチ,ミルファーム
スカイビート,坂東牧場
スカイピア,澤田佑介
スカイピース,吉田安惠
スカイファルコン,フクキタル
スカイフォール,ＮＩＣＫＳ
スカイブライトネス,社台レースホース
スカイブルー,モンレーヴ
スカイプライド,小島章義
スカイプレリュード,ノルマンディーサラブレッドレーシング
スカイボルト,協栄
スカイポート,和田牧場
スカイミラージュ,吉田勝利
スカイライト,天堀忠博
スカイラピス,小島俊治
スカイラブ,石川達絵
スカイラー,エムズレーシング
スカイリスト,清水龍
スカイリッチ,宇田豊
スカイレックス,杉山忠国
スカイレディ,Ｈ．Ｈ．シェイク・ハムダン
スカイロケット,シルクレーシング
スカイロン,ゴドルフィン
スカイヴァルキリー,杉山忠国
スカッターガン,木部厳生
スカット,本杉芳郎
スカテナート,吉田安惠
スカディ,カナヤマホールディングス
スカパラダイス,田邉滋久
スカプラリオ,小林竜太郎
スカリーワグ,ヒダカ・ブリーダーズ・ユニオン
スカルバン,椎名節
スカルラッティ,シンザンクラブ
スカンジナビア,市川義美ホールディングス
スカンダ,金子真人ホールディングス
スカーズ,藤田晋
スカートフワリ,アフロｉｎＥｌＰａｓｏ
スカーフェイス,永井商事
スカーレットアリア,社台レースホース
スカーレットオーラ,社台レースホース
スカーレットカラー,前田幸治
スカーレットクロス,シンユウ企画
スカーレットサクラ,新井浩明
スカーレットジンク,フォーレスト
スカーレットジーン,吉田千津
スカーレットスカイ,ゴドルフィン
スカーレットテイル,社台レースホース
スカーレットフレア,ターフ・スポート
スカーレットベガ,ビッグレッドファーム
スカーヴァティ,サンデーレーシング
スガオノママデ,社台レースホース
スキダッチ,大田恭充
スキッピングロック,サンデーレーシング
スキップ,協栄
スキップアビート,ミルファーム
スキップガール,富田牧場
スキップモロチャン,薗部博之
スキップライト,高橋文男
スキニチーノ,ミルファーム
スキピオ,カナヤマホールディングス
スキャッターシード,Ｇ１レーシング
スキャットメロディ,小倉哲
スキャルドメール,日進牧場
スキューマパーラ,高昭牧場
スキルショット,横田恵子
スキルドロイヤー,小菅誠
スキルハンター,佐々木將吉
スキルヴィング,キャロットファーム
スキンズマッチ,岡浩二
スキーサンダー,ゴドルフィン
スギノインプルーブ,杉山忠国
スギノケルピー,杉山忠国
スギノジャベリン,杉山忠国
スギノダイナミック,杉山忠国
スギノバベル,杉山忠国
スギノペガサス,杉山忠国
スギノマジェスティ,杉山忠国
スギノミラクル,杉山忠国
スギノヴォルケーノ,杉山忠国
スクイッドラン,吉岡泰治
スクイーズアウト,Ｙ’ｓレーシング
スクウェアセイル,キャロットファーム
スクエアテーブル,山上和良
スクエアフォールド,社台レースホース
スクナ,鈴木康弘
スクラッタ,吉田照哉
スクラマサクス,井手慶祐
スクランプシャス,社台レースホース
スクリプタム,ヒダカ・ブリーダーズ・ユニオン
スクリプトール,落合幸弘
スクリーニング,島田久
スクリーンアピール,ＫＲジャパン
スクリーンショット,小林善一
スクリーンプロセス,社台レースホース
スクリーンマドンナ,吉田千津
スクルトゥーラ,サンデーレーシング
スクルプトーリス,中村伊三美
スクレイピング,Ｙ’ｓレーシング
スクレイプバイ,安田一彦
スクワミッシュ,吉田勝己
スクーバー,Ｇ１レーシング
スクールディーヴァ,飯田貴大
スグラフィート,水上行雄
スケサンカクサン,小菅誠
スケダチムヨウ,福田光博
スケボーマン,石川秀守
スケルツォ,酒井喜生
スケルツォテソーロ,了徳寺健二ホールディングス
スケールアップ,高岡浩行
スコア,今村明浩
スコアレジーナ,ノルマンディーサラブレッドレーシング
スコッチフラワー,小池依子
スコッチリール,サンデーレーシング
スコプルス,サラブレッドクラブ・ラフィアン
スコラーリ,吉田和美
スコルピウス,飯田正剛
スコーピオン,佐々木雄二
スコーピオンイメル,ケーエスＨＤ
スコール,ロードホースクラブ
スコールユニバンス,亀井哲也
スコーレ,金子真人ホールディングス
スゴウデノハンター,岡浩二
スザンナ,馬場幸夫
スズアンジー,森達郎
スズオリーブ,森達郎
スズカアイドル,永井啓弍
スズカアカデミー,永井啓弍
スズカアポロ,永井啓弍
スズカアーチスト,永井啓弍
スズカアーム,永井啓弍
スズカエアベル,永井啓弍
スズカオーザ,永井啓弍
スズカオーショウ,永井啓弍
スズカカナロア,永井啓弍
スズカガルチ,永井啓弍
スズカガーベラ,永井啓弍
スズカキッド,永井啓弍
スズカキング,永井宏明
スズカキングボス,永井啓弍
スズカキンシャサ,永井啓弍
スズカクリエイター,永井啓弍
スズカクローカス,永井宏明
スズカグランデ,永井啓弍
スズカグラーテ,永井啓弍
スズカコテキタイ,永井啓弍
スズカコンパス,永井啓弍
スズカコーズ,永井啓弍
スズカコーズマンボ,永井啓弍
スズカコーズライン,永井啓弍
スズカゴウケツ,永井啓弍
スズカゴーディー,永井啓弍
スズカサウスソング,永井啓弍
スズカサウスボーイ,永井啓弍
スズカサンサン,永井啓弍
スズカサートゥル,永井宏明
スズカシニック,永井啓弍
スズカシビル,永井啓弍
スズカジャスト,永井啓弍
スズカジョーダン,永井啓弍
スズカスクリーン,永井啓弍
スズカスパイカー,永井啓弍
スズカスパーブオー,永井啓弍
スズカスペクトル,永井啓弍
スズカスマート,永井啓弍
スズカゼ,ヒダカ・ブリーダーズ・ユニオン
スズカダブル,永井宏明
スズカディープ,永井啓弍
スズカデュー,永井啓弍
スズカデレヤ,永井啓弍
スズカデヴィアス,永井啓弍
スズカトップバゴ,永井啓弍
スズカトロワ,永井啓弍
スズカドゥラメンテ,永井啓弍
スズカノアイル,永井啓弍
スズカノロッソ,永井啓弍
スズカノーチラス,永井啓弍
スズカハイライト,永井啓弍
スズカハイルーラー,永井啓弍
スズカハービン,永井宏明
スズカパイロット,永井啓弍
スズカパンサー,永井啓弍
スズカヒカリ,永井啓弍
スズカビステー,永井啓弍
スズカビーチ,永井啓弍
スズカファイン,永井啓弍
スズカファラオ,永井啓弍
スズカフェスタ,永井啓弍
スズカフェラリー,永井啓弍
スズカフューラー,永井啓弍
スズカフリオーソ,永井啓弍
スズカフロンティア,永井啓弍
スズカブランコ,永井啓弍
スズカブルグ,永井啓弍
スズカブレーン,永井啓弍
スズカプリオール,永井啓弍
スズカプリズム,永井啓弍
スズカプリティー,永井啓弍
スズカプレスト,永井啓弍
スズカヘネシー,永井啓弍
スズカペンダント,永井啓弍
スズカホワイト,永井啓弍
スズカマイゲスト,永井啓弍
スズカマクフィ,永井啓弍
スズカマサル,永井啓弍
スズカマジェスタ,永井啓弍
スズカマリー,永井啓弍
スズカマリーシップ,永井啓弍
スズカマンサク,永井啓弍
スズカマース,永井啓弍
スズカミエール,永井宏明
スズカミュージック,永井啓弍
スズカミラージュ,永井啓弍
スズカメジャー,永井啓弍
スズカモナミ,永井啓弍
スズカモンド,永井啓弍
スズカモービル,永井啓弍
スズカユース,永井啓弍
スズカラブローズ,永井啓弍
スズカルパン,永井宏明
スズカルビコン,永井啓弍
スズカルージュ,永井啓弍
スズカレジェンド,永井啓弍
スズカロココ,永井啓弍
スズカロマンス,永井啓弍
スズカロング,永井啓弍
スズカローズキング,永井宏明
スズカローレル,永井啓弍
スズカワッペン,永井啓弍
スズカワークシップ,永井啓弍
スズカワールド,永井啓弍
スズカヴァンガード,永井啓弍
スズシナーラ,森達郎
スズジャッカル,森達郎
スズナミ,グリーンファーム
スズノアイスマン,小紫嘉之
スズノアムール,小紫嘉之
スズノアリュール,新木鈴子
スズノアリー,小紫嘉之
スズノイナズマ,小紫嘉之
スズノウメ,小紫惠美子
スズノグレイス,小紫嘉之
スズノソレイユ,小紫嘉之
スズノチェルシー,新木鈴子
スズノテレサ,小紫嘉之
スズノナデシコ,小紫嘉之
スズノハマヤ,小紫嘉之
スズノフブキ,小紫嘉之
スズノプレジャー,新木鈴子
スズノボンライミー,小紫嘉之
スズノマーベリック,小紫嘉之
スズノムサシ,小紫嘉之
スズノヤマト,小紫嘉之
スズノレイラ,小紫嘉之
スズノレイライン,小紫嘉之
スズノワール,森達郎
スズハローム,森達郎
スズベルベット,森達郎
スズボンバー,森達郎
スズヨブラック,鈴木与四郎
スズランクイーン,谷岡正次
スズランブライト,鈴木修平
スズレジーム,森達郎
スズロザーナ,森達郎
スズロビンソン,森達郎
スズヴァレット,森達郎
スセリヒメ,ウィル
スタイラスメソッド,水上行雄
スタインウェイ,サンデーレーシング
スタジアムロック,田頭勇貴
スタックオンユー,キャロットファーム
スタッドリー,シルクレーシング
スタティスティクス,社台レースホース
スタニングスター,社台レースホース
スタニングビスタ,岡田牧雄
スタニングレディ,サラブレッドクラブ・ラフィアン
スタニングローズ,サンデーレーシング
スタニングヴュー,木村牧場
スタビライザー,大嶋晃一
スタボーンイメル,ケーエスＨＤ
スタローン,大野照旺
スタングレネード,池袋レーシング
スタンサンセイ,吉田和美
スタンダールロマン,木村牧場
スタンドバイユー,堀口晴男
スタンニングモガ,小村アセットＭ
スタンピー,佐々木雄二
スタンプブック,橋詰弘一
スタンリーテソーロ,了徳寺健二ホールディングス
スタンレー,島川隆哉
スター,西村健
スターアイズ,三田昌宏
スターアイランド,荒井眞澄
スターアスコット,会田浩史
スターアドミラル,兼松康太
スターアニス,吉田勝己
スターアライズ,ビッグレッドファーム
スターインザスカイ,ライオンレースホース
スターインパクト,伊東純一
スターウイン,安原浩司
スターウェーブ,ＴＮレーシング
スターウッドテール,梶正典
スターエメラルド,サラブレッドクラブ・ラフィアン
スターエンブレム,保坂和孝
スターオブアダム,京都ホースレーシング
スターオブアーサー,光安了
スターオブエイジア,キャロットファーム
スターオブエース,光安了
スターオブオナー,シルクレーシング
スターオブガイア,光安了
スターオブグリーン,光安了
スターオブサバイブ,光安了
スターオブザイヤー,岡田牧雄
スターオブザサウス,社台レースホース
スターオブザナイル,グリーンファーム
スターオブジュート,木村牧場
スターオブジーン,光安了
スターオブステップ,光安了
スターオブスパーダ,光安了
スターオブソフィア,光安了
スターオブデイズ,光安了
スターオブドーレ,光安了
スターオブノワール,光安了
スターオブバラード,光安了
スターオブフェイス,光安了
スターオブフォース,光安了
スターオブブライト,光安了
スターオブブラッド,光安了
スターオブペルシャ,社台レースホース
スターオブロンドン,犬塚悠治郎
スターオブワンダー,伊東純一
スターオブヴェイズ,光安了
スターオンザヒル,飯田総一郎
スターオンステージ,ヒダカ・ブリーダーズ・ユニオン
スターカットダイヤ,小林仁幸
スターキャンディ,ミルファーム
スタークォーツ,輝レーシング
スタークニナガ,山口功一郎
スタークラウン,青芝商事
スタークラスター,ゴドルフィン
スタークルージング,中村祐子
スターグロウ,ゴドルフィン
スターグローリー,岡田牧雄
スターゲイザー,田頭勇貴
スターゲット,嶋田賢
スターコンパス,田頭勇貴
スターサファイア,田頭勇貴
スターサンサルー,広尾レース
スターザサンライズ,ライフハウス
スターシップ,沖田正憲
スターシャワー,堂守貴志
スターシード,谷口祐人
スタージュエル,キャロットファーム
スタージョンムーン,社台レースホース
スタースタイル,田中慎之輔
スタースポット,保坂和孝
スターズウィッシュ,伊東純一
スターズウィーク,宮田守
スターズオンアース,社台レースホース
スターズプレミア,ＤＭＭドリームクラブ
スターソルジャー,大田恭充
スターターン,窪田芳郎
スターダストプレス,西森功
スターチスブーケ,ノルマンディーサラブレッドレーシング
スターチューン,上川洋
スターチョウサン,チョウサン
スターツトゥデイ,吉田和美
スターティアラ,レッドマジック
スタートオブシー,中村伊三美
スタートレイン,山口裕介
スタードメイソン,社台レースホース
スタードラマー,中西功
スターバーナー,ＴＮレーシング
スターファイター,ＹＧＧホースクラブ
スターファースト,ＣＨＥＶＡＬＡＴＴＡＣＨＥ
スターフィールド,星野壽市
スターフュージョン,ＫＲジャパン
スターフラッシュ,保坂和孝
スタープレイン,東豊物産
スタープレゼンス,ヤナガワ牧場
スターペスアンナ,河野和香子
スターペスカオリ,河野和香子
スターペスショウマ,河野和香子
スターペストニー,河野和香子
スターペスマリア,河野和香子
スターペスユキコ,河野和香子
スターマイン,飯田正剛
スターマン,坂巻勝彦
スタームーンナイト,中村祐子
スターメイデン,塚田義広
スターライトキス,岡田牧雄
スターライトジャズ,犬塚悠治郎
スターライトテール,荒井元明
スターライトナイト,シルクレーシング
スターライトピンク,吉澤ホールディングス
スターライトブルー,青芝商事
スターランウェイ,ヒダカ・ブリーダーズ・ユニオン
スターリットフレア,社台レースホース
スターリバー,田頭勇貴
スターリングアップ,社台レースホース
スターリングナウ,古賀和夫
スターリングブルス,藤田孟司
スターリングワース,吉田照哉
スターリーアイズ,ビッグレッドファーム
スターリーアイド,三石軽種馬共同育成センター
スターリーゴールド,サンデーレーシング
スターリーシー,辻子依旦
スターリージェット,平賀久枝
スターリーステージ,吉田勝己
スターリーソング,広尾レース
スターリーデー,竹内真
スターリーナイト,シルクレーシング
スターリーパレード,グリーンファーム
スターロード,村田哲朗
スチョウプリンセス,ミレレーシング
スチームパンク,金子真人ホールディングス
スチールギターラグ,タイヘイ牧場
スチールナイト,岡田牧雄
スッサンエア,杉岡弘和
スッチェッソ,サラブレッドクラブ・ラフィアン
スッピン,福島徳佑
ステアハート,社台レースホース
スティクス,シルクレーシング
スティックバイミー,ニッシンホールディングス
スティッフェリオ,社台レースホース
スティルアイライズ,ニューマレコード
スティルアリス,下河辺隆行
スティルウォーター,ヒダカ・ブリーダーズ・ユニオン
スティルザワン,服部健太郎
スティルシャイニン,岡田牧雄
スティルディマーレ,キャロットファーム
スティルネス,ロードホースクラブ
スティルバイト,田頭勇貴
スティルペース,山口春夫
スティルライフ,藤井孝治
スティルラブハー,谷崎森吾
スティレセイル,サンデーレーシング
スティンガーグラス,エムズレーシング
スティングビー,フィールドレーシング
スティングレイ,安原浩司
スティンライクビー,ローレルレーシング
スティーブ,市川義美ホールディングス
スティーリア,社台レースホース
スティールウィル,キャロットファーム
スティールシップ,湊義明
スティールティアラ,菅野守雄
スティールブルー,シルクレーシング
スティールユアラブ,田頭勇貴
スティールヴォーグ,湊義明
スティーロポリス,サンデーレーシング
スティーン,ゴドルフィン
スティーヴバローズ,猪熊広次
スティーヴン,林正道
ステイアンビシャス,松本智
ステイインシアトル,青芝商事
ステイオンザトップ,シルクレーシング
ステイキングダム,社台レースホース
ステイクオール,キャロットファーム
ステイグリーン,風早信昭
ステイグローリアス,松本智
ステイジョリー,吉田照哉
ステイタス,ニッシンレーシング
ステイチューンド,平田修
ステイトゥルー,寺田寿男
ステイトダイアデム,シルクレーシング
ステイハングリー,サラブレッドクラブ・ラフィアン
ステイパーシスト,吉田照哉
ステイフリー,石川秀守
ステイフーリッシュ,社台レースホース
ステイブラビッシモ,草間庸文
ステイブルアスク,廣崎利洋ＨＤ
ステイホット,小林善一
ステイホーム,吉野智博
ステイホームバブル,飯田正剛
ステイマックウォー,是枝浩平
ステイラッキー,岡田壮史
ステインアライヴ,ライオンレースホース
ステキサプライズ,小田切統二
ステキナココロ,コスモヴューファーム
ステップ,パニオロ
ステップシー,本間茂
ステディシュシュ,亀岡和彦
ステフィン,手塚清隆
ステラアルバ,サンデーレーシング
ステラインアテーザ,加藤誠
ステライヴ,広尾レース
ステラカフェ,西川光一
ステラクラウン,下河辺牧場
ステラグローリア,平川浩之
ステラゲイル,谷正之
ステラシティ,平賀久枝
ステラストラータ,岡田牧雄
ステラスプレンダー,サンデーレーシング
ステラスペース,落合幸弘
ステラソレラ,東豊物産
ステラダイヤ,ＶｉｒｉｄｉａｎＫｅｉｂａＣｌｕｂ
ステラディウス,ノルマンディーサラブレッドレーシング
ステラデラセーラ,ＶｉｒｉｄｉａｎＫｅｉｂａＣｌｕｂ
ステラデルシエロ,社台レースホース
ステラデルークス,ウエスト．フォレスト．ステイブル
ステラトップガン,広尾レース
ステラドーロ,サラブレッドクラブ・ラフィアン
ステラナトゥーラ,高昭牧場
ステラナビゲーター,コロンバスサークル
ステラネージュ,草間庸文
ステラノヴァ,中村雅明
ステラノーツ,林正道
ステラバルセロナ,吉田千津
ステラバローズ,猪熊広次
ステラフィオーレ,ホシノレーシング
ステラブローニュ,山本又一郎
ステラポイント,ホシノレーシング
ステラマテュティナ,丹羽久一郎
ステラマリーナ,吉田安惠
ステラメテオール,服部雄一朗
ステラライズ,安原浩司
ステラリア,社台レースホース
ステラルミナリエ,ターフ・スポート
ステラルージュ,野田善己
ステラルーチェ,池田草龍
ステラレギア,ノルマンディーサラブレッドレーシング
ステラローザ,ホシノレーシング
ステラヴェスパー,吉田照哉
ステラヴェルデ,グリーンファーム
ステラヴェローチェ,大野照旺
ステラヴェント,水谷昌晃
ステラータ,小菅定雄
ステラート,京都ホースレーシング
ステリーナ,シルクレーシング
ステルナティーア,サンデーレーシング
ステルヴィオ,サンデーレーシング
ステレオプシス,吉田照哉
ステレンボッシュ,吉田勝己
ステンカラージン,大森悌次
ステークホルダー,諸江幸祐
ステーションワン,薪浦亨
ステージアクトレス,大谷正嗣
ステートオブロック,シルクレーシング
ステーロ,金山敏也
ストイクス,阿部友弘
ストゥーティ,キャロットファーム
ストキャスティーク,藤田岳彦
ストップザタイム,ゴドルフィン
ストップヤーニング,酒井孝敏
ストライク,松谷翔太
ストライクイーグル,キャロットファーム
ストライクオン,シンザンクラブ
ストライクショット,イージス
ストライクファイア,Ｇ１レーシング
ストライクリッチ,ＮＩＣＫＳ
ストライプ,佐藤壽男
ストライプブルー,橋本浩
ストラクチャー,山内晃
ストラスブール,ＹＧＧホースクラブ
ストラスモアローズ,Ｇ１レーシング
ストラティファイド,Ｇ１レーシング
ストラテジーマップ,社台レースホース
ストラテージュ,広尾レース
ストラトスフィア,フクキタル
ストラトフォード,下河邉博
ストラドーネ,社台レースホース
ストラニエーロ,ノースヒルズ
ストラーダ,スリーエイチレーシング
ストラーダレアーレ,キャロットファーム
ストラール,水上行雄
ストリ,金山敏也
ストリキングレディ,辻牧場
ストリクトコード,Ｇ１レーシング
ストリッパーズ,岡田隆寛
ストリンジェンド,キャロットファーム
ストリートクイーン,辻子依旦
ストリートジャガー,吉岡泰治
ストリートピアノ,高橋文男
ストリートライフ,野村茂雄
ストレイトアウェイ,ロードホースクラブ
ストレイトアスク,廣崎利洋ＨＤ
ストレイトスタイル,廣崎利洋ＨＤ
ストレイトトーカー,ゴドルフィン
ストレイライトラン,ローレルレーシング
ストレガ,清川信弘
ストレプトカーパス,ノースヒルズ
ストレングス,ノースヒルズ
ストレンジケース,ビッグレッドファーム
ストレンジャー,安原浩司
ストレートパンチ,諸岡慶
ストレートブラック,コスモヴューファーム
ストレートリターン,社台レースホース
ストロベリーツリー,金子真人ホールディングス
ストロベリーツー,ウエスト．フォレスト．ステイブル
ストロベリーナイト,田頭勇貴
ストロベリームーン,ＮＩＣＫＳ
ストロボエッジ,田頭勇貴
ストロマンテ,嶋田賢
ストロングアイ,前川俊行
ストロングウィル,前田晋二
ストロングエース,原昌久
ストロングカレント,ＣＨＥＶＡＬＡＴＴＡＣＨＥ
ストロングガルム,村木篤
ストロングコンビ,西村新一郎
ストロングタイズ,シルクレーシング
ストロングタイタン,シルクレーシング
ストロングトリトン,村木篤
ストロングハッピー,長谷川守正
ストロングハピネス,ミルファーム
ストロングバローズ,猪熊広次
ストロングバング,畑佐博
ストロングフォース,犬塚悠治郎
ストロングブラック,庄司紫紀
ストロングヘヴン,天堀忠博
ストロングボンド,ライフエンタープライズ
ストロングボーイ,廣崎智子
ストロングライン,ターフ・スポート
ストロングレヴィル,村木克子
ストロンゲスト,阿部東亜子
ストンプ,エムズレーシング
ストークダバノン,社台レースホース
ストーミーシー,ミルファーム
ストーミーナイト,前田幸治
ストーミーバローズ,猪熊広次
ストーミーラン,岡村善行
ストームアイ,スピードファーム
ストームウォリアー,伊東純一
ストームガスト,レッドマジック
ストームゲイル,安原浩司
ストームサンダー,ＨｉｍＲｏｃｋＲａｃｉｎｇホールディングス
ストームサージ,湯澤久徳
ストームシップ,岡田牧雄
ストームシャドウ,飯塚知一
ストームゾーン,Ｇ１レーシング
ストームドッグ,尾又良隆
ストームハート,広尾レース
ストームバンガード,京都ホースレーシング
ストームファルコン,Ｋ．Ｃ．タン
ストームリッシュ,フジワラ・ファーム
ストームリッパー,吉田勝己
ストームレーン,吉田千津
ストーリア,ロードホースクラブ
ストーリーオブラブ,ミルファーム
ストーリーズ,林正道
ストーリーテラー,ゴドルフィン
ストーンウェア,吉田照哉
ストーンズ,エムズレーシング
ストーンフェンス,ゴドルフィン
ストーンヘンジ,桑畑夏美
ストーンリッジ,金子真人ホールディングス
スナイチゴールド,ゴールドレーシング
スナイプ,カナヤマホールディングス
スナイプトウショウ,トウショウ産業
スナッチアップ,シルクレーシング
スナッピードレッサ,ゴドルフィン
スナップジジ,大瀧啓之
スナドケイ,高橋文男
スナノヨウセイ,村田哲朗
スナークアリス,杉本豊
スナークオーロラ,杉本豊
スナークサファイア,杉本豊
スナークサンダー,杉本豊
スナークシャラク,杉本豊
スナークシュンソウ,杉本豊
スナークショウエン,杉本豊
スナークスター,杉本豊
スナークステージ,杉本豊
スナークタイカン,杉本豊
スナークダリ,杉本豊
スナークダヴィンチ,杉本豊
スナークドリアン,杉本豊
スナークピカソ,杉本豊
スナークホクサイ,杉本豊
スナークメスナー,杉本豊
スナークメモリー,杉本豊
スナークメーテル,杉本豊
スナークユウマ,杉本豊
スナークライデン,杉本豊
スナークラファエロ,杉本豊
スナークルーヴル,杉本豊
スナークレジスト,杉本豊
スニップ,大野富生
スニーカースキル,藤田晋
スネーフリンガ,高樽さゆり
スノウリリー,ビッグレッドファーム
スノーウィスパー,金子真人ホールディングス
スノーエルヴァ,石井輝昭
スノーガーデン,グリーンスウォード
スノーガーネット,大樹ファーム
スノーキャップ,ミルファーム
スノークォーツ,ノルマンディーサラブレッドレーシング
スノークリスマス,ミルファーム
スノークルーズ,シルクレーシング
スノークローバー,伊藤恵介
スノーグレース,シルクレーシング
スノーサイレンス,ゴドルフィン
スノーサウンド,クラム
スノージュエリー,広尾レース
スノースケープ,Ｓ．マグニア
スノースコール,亀井哲也
スノーテーラー,中西浩一
スノーディザイア,ノルマンディーサラブレッドレーシング
スノーディーヴァ,ノルマンディーサラブレッドレーシング
スノートレイン,大塚亮一
スノードラゴン,岡田牧雄
スノードリーム,三田昌宏
スノードルフィン,ゴドルフィン
スノードーナツ,ミルファーム
スノードーム,ゴドルフィン
スノーハレーション,レッドマジック
スノーバンティング,Ｈ．Ｈ．シェイク・ハムダン
スノーパトロール,ゴドルフィン
スノーパーシスト,辻牧場
スノーピーコック,塩田清
スノーファンタジー,ロードホースクラブ
スノーフォックス,ゴドルフィン
スノーフレイム,松谷翔太
スノーブリザード,浦野和由
スノープロー,サラブレッドクラブ・ラフィアン
スノーベリー,ヒダカ・ブリーダーズ・ユニオン
スノーベル,岡田牧雄
スノーホルンロード,嶋田賢
スノーマン,永井秀貴
スノームーン,ＮＩＣＫＳ
スノームーンライト,堀江貞幸
スノーユニバンス,亀井哲也
スノーライトニング,吉田勝己
スノーランス,堀江貞幸
スノーリン,榊原浩一
スノールナ,高昭牧場
スノーレイズ,ヒダカ・ブリーダーズ・ユニオン
スノーヴァース,中辻明
スバラシイヒビ,山口裕介
スパイウェア,山口功一郎
スパイキーボウ,吉田照哉
スパイクナード,前田幸治
スパイスマジック,社台レースホース
スパイスマン,伊藤昭文
スパイスワールド,新生ファーム
スパイダーゴールド,村木隆
スパイダーバローズ,猪熊広次
スパイチャクラ,ＨｉｍＲｏｃｋＲａｃｉｎｇホールディングス
スパイツァック,ＫＲジャパン
スパイツヴァルール,ＫＲジャパン
スパイラル,和田牧場
スパイラルダイブ,Ｇ１レーシング
スパイラルチャージ,レッドマジック
スパイラルノヴァ,フクキタル
スパイラルバンブー,ジェイアール
スパイラルビジョン,社台レースホース
スパイラルライズ,吉田千津
スパシーバ,ＫＴレーシング
スパディール,古賀慎一
スパニエル,杉山忠国
スパニッシュアート,Ｇ１レーシング
スパニッシュフライ,浅川昌彦
スパニッシュレディ,ゴドルフィン
スパラキシス,ディアレストクラブ
スパルタンエックス,谷崎森吾
スパルタンキング,住宅データ
スパルタンワールド,住宅データ
スパルティート,キャロットファーム
スパローリズム,吉田勝利
スパンキーワールド,大塚亮一
スパングルドスター,社台レースホース
スパーキングブルー,ノルマンディーサラブレッドレーシング
スパーク,石川秀守
スパークインザアイ,西見徹也
スパークオブライフ,西見徹也
スパークジョイ,西森功
スパークタイムリー,西見徹也
スパークフューチャ,西見徹也
スパークリシャール,西見徹也
スパークリングアイ,奥裕嗣
スパークリー,ミルファーム
スパークル,Ｒ．アンダーソン
スパークルアイズ,ノースヒルズ
スパークルアゲン,浅川皓司
スパークルガール,社台レースホース
スパークルジョイ,輝レーシング
スパークルスカイ,吉田晴哉
スパークルスパート,日向均
スパークルノヴァ,前田幸治
スパークルレイ,木部厳生
スパーダ,了徳寺健二ホールディングス
スパーダネーラ,瀬口信正
スパーブケン,藤田在子
スビールアスール,アスール
スピアザキック,ＫＩＣレーシング
スピアザゴールド,キャロットファーム
スピアッジャローザ,ノルマンディーサラブレッドレーシング
スピアヘッド,ヒダカ・ブリーダーズ・ユニオン
スピアーノ,清水正江
スピカテソーロ,了徳寺健二ホールディングス
スピッツァー,キャロットファーム
スピッツェンバーグ,サンデーレーシング
スピットブレイク,外池榮一郎
スピナテイル,ロードホースクラブ
スピナーリート,社台レースホース
スピニンググローブ,小島章義
スピニングマーリン,コージーレーシング
スピネルテソーロ,了徳寺健二ホールディングス
スピノザ,江馬由将
スピランセス,ディアレスト
スピリチュアル,佐々木雄二
スピリッツ,長谷川祐司
スピリッツミノル,吉岡實
スピリットガイド,Ｈ．Ｈ．シェイク・ハムダン
スピリットクォーツ,荻伏服部牧場
スピリットクークス,岡田牧雄
スピリットサント,ニットー商事
スピリットサージ,岡田壮史
スピリットソウル,落合幸弘
スピリットノア,古賀禎彦
スピリットライズ,吉岡寛行
スピリットワンベル,鈴木昭和
スピリットワールド,ゴドルフィン
スピリトゥス,桑田牧場
スピリトーゾ,カナヤマホールディングス
スピルアウト,社台レースホース
スピルイット,吉田和美
スピルクリスティ,大戸志浦
スピンオフ,ニッシンホールディングス
スピンク,窪田康志
スピンザブラッド,ＮＩＣＫＳ
スピントロニクス,金子真人ホールディングス
スピンドクター,ゴドルフィン
スピークイージー,村上稔
スピークロウ,社台レースホース
スピーシーズ,吉田照哉
スピーチバルーン,Ｇ１レーシング
スピーディキック,加藤鈴幸
スピーディクール,ライオンレースホース
スピーディスピン,岡田牧雄
スピーディブレイク,嶋田賢
スピードイエロー,ＨｉｍＲｏｃｋＲａｃｉｎｇホールディングス
スピードオブライト,ヒダカ・ブリーダーズ・ユニオン
スピードオブラブ,石井義人
スピードクィーン,小泉禎剛
スピードグラマー,長谷川祐司
スピードソルジャー,保坂和孝
スピードドリブン,小田吉男
スピードパンサー,古賀慎一
スピードボンバー,杉山忠国
スピードリッチ,宇田豊
スピーナ,社台レースホース
スピーニディローザ,矢野秀春
スフィダンテ,ノースヒルズ
スフィーダグリーン,寳寄山拓樹
スフェーン,キャピタルクラブ
スフェーンテソーロ,了徳寺健二ホールディングス
スフバータル,和田牧場
スフリエール,吉田照哉
スフレ,カナヤマホールディングス
スプマンテ,石川達絵
スプラウティング,ゴドルフィン
スプランドゥール,ターフ・スポート
スプリッツァー,古賀禎彦
スプリット,明栄商事
スプリットザシー,吉田照哉
スプリットロック,水上行雄
スプリンクルソルト,小林薫
スプリングウェイ,道永幸治
スプリングオペラ,ブルースターズファーム
スプリングカム,西村新一郎
スプリングクルーズ,谷掛龍夫
スプリングソワレ,飯田正剛
スプリングデイ,ミルファーム
スプリングドリーム,野村茂雄
スプリングノヴァ,橋本浩
スプリングハズカム,和田牧場
スプリングフット,島川隆哉
スプリングブリーズ,マークス
スプリングボックス,吉田昌久
スプリングムーン,鈴木芳夫
スプリングラヴ,ゴドルフィン
スプリングローズ,山内邦一
スプリームメロディ,新木鈴子
スプル,前田幸治
スプレッドアウト,キャロットファーム
スプレッドイーグル,村山卓也
スプレッドシャイン,社台レースホース
スプレムータ,ミルファーム
スプレモフレイバー,尾田信夫
スプレンジーナ,長浜牧場
スプレンダーシチー,友駿ホースクラブ
スプレンディダ,吉田千津
スプレンドーレ,ＳＴレーシング
スプレーフォール,畑佐博
スプレーモゲレイロ,ヒダカ・ブリーダーズ・ユニオン
スプロール,ヒダカ・ブリーダーズ・ユニオン
スプーン,辻雄二
スプーンミー,田頭勇貴
スペイスフォース,ゴドルフィン
スペイドアン,ＴＵＲＦレーシング
スペキアリス,Ｇ１レーシング
スペキオサレジーナ,ＭＯＭＯレーシング
スペキュラース,ビッグレッドファーム
スペキュレーター,田頭勇貴
スペクタクル,佐々木雄二
スペクター,川勝裕之
スペクトログラム,シルクレーシング
スペシャライト,藤原牧場
スペシャリスト,下河辺隆行
スペシャリティ,中村智幸
スペシャルキリシマ,西村新一郎
スペシャルギフト,阿部友弘
スペシャルサンクス,ミルファーム
スペシャルサンデー,宮内牧場
スペシャルシラー,山田弘
スペシャルディガー,ホースアディクト
スペシャルトリップ,宮川純造
スペシャルトーク,ホースアディクト
スペシャルドラマ,大塚亮一
スペシャルナンバー,ヒダカ・ブリーダーズ・ユニオン
スペシャルバニー,ＨｉｍＲｏｃｋＲａｃｉｎｇホールディングス
スペシャルパワー,森中啓子
スペシャルホース,田畑富子
スペシャルボス,ラ・メール
スペシャルムーヴ,ノースヒルズ
スペシャルワン,寺田千代乃
スペック,和田正巳
スペラメント,吉田智
スペランツァチャム,折手邦雄
スペラーレ,グリーンファーム
スペリオルシチー,友駿ホースクラブ
スペルキャスター,稲場澄
スペルビア,出口牧場
スペルマロン,西森鶴
スペルーチェ,窪田芳郎
スペロ,Ｇリビエール・レーシング
スペロデア,ノルマンディーサラブレッドレーシング
スペロラルーチェ,岡田牧雄
スペンサーバローズ,猪熊広次
スペースクラフト,社台レースホース
スペースコロニー,山上和良
スペースザリッパー,吉澤ホールディングス
スペースシップ,ビッグレッドファーム
スペースシャワー,日下部勝徳
スペースソニック,松谷翔太
スペースフライト,前田晋二
スペースリーガ,ディアレストクラブ
スペードエース,シルクレーシング
スペードギニー,犬飼優
スペードクイーン,吉田和子
スポイルド,ゴドルフィン
スポットライト,河村祥史
スポーカンテソーロ,了徳寺健二ホールディングス
スポーティブ,吉田照哉
スマイリングウェイ,ターフ・スポート
スマイリングスカイ,下河辺隆行
スマイリングデイズ,ノースヒルズ
スマイリンフィット,広尾レース
スマイリースマイル,橋元勇氣
スマイリールリカ,嶋田賢
スマイル,石川達絵
スマイルアクセス,馬目卓
スマイルアップ,馬目勇
スマイルアプローズ,キャロットファーム
スマイルアモーレ,星加浩一
スマイルインザサン,木村牧場
スマイルオリオン,松野真一
スマイルオンミー,キャロットファーム
スマイルカット,長谷川守正
スマイルカナ,ビッグレッドファーム
スマイルカーブ,保坂和孝
スマイルガルーダ,ジェニュインホールディングス
スマイルガーデン,吉田勝己
スマイルガール,首藤徳
スマイルコレクター,ＤＭＭドリームクラブ
スマイルサキ,松野真一
スマイルサクラ,ビッグレッドファーム
スマイルサミット,山崎康
スマイルサンライズ,松岡隆雄
スマイルスター,ＹＴレーシング
スマイルスライヴ,松野真一
スマイルスルー,吉田勝己
スマイルチェンジ,石瀬浩三
スマイルチャーマー,臼倉勲
スマイルディシー,高篠憲一
スマイルデイズ,吉田晴哉
スマイルハライト,松野真一
スマイルバック,ライオンレースホース
スマイルバニラ,松野真一
スマイルパワー,馬目卓
スマイルフェアリー,飯田真也
スマイルフェイス,ヒダカ・ブリーダーズ・ユニオン
スマイルフォース,上茶谷一
スマイルフレンド,鈴木正一
スマイルプラス,馬目卓
スマイルプリティ,臼倉勲
スマイルベティ,堀江貞幸
スマイルペンダント,飯田貴大
スマイルマーク,保坂和孝
スマイルミュ,田頭勇貴
スマイルムーン,青山洋一
スマイルメロディー,堀口晴男
スマイルモネ,岡浩二
スマイルライン,サンデーレーシング
スマイルラッシュ,金子真人ホールディングス
スマイルワールド,吉田安惠
スマイルヴィヴァン,ディアレストクラブ
スマッシャー,ヒダカ・ブリーダーズ・ユニオン
スマッシュアウト,高嶋航
スマッシュキング,井山登
スマッシュスルー,槙和美
スマッシュパワー,宮内牧場
スマッシュヒット,吉澤ホールディングス
スマッシング,下河辺隆行
スマッシングハーツ,前田幸治
スマハマ,山紫水明
スマラグドス,グリーンファーム
スマーティキャット,?文彦
スマーティーアゲン,浅川皓司
スマートアイ,大川徹
スマートアイビス,大川徹
スマートアエロ,大川徹
スマートアクシオン,大川徹
スマートアクシス,大川徹
スマートアシェル,大川徹
スマートアテナ,大川徹
スマートアペックス,大川徹
スマートアムール,大川徹
スマートアメトリン,大川徹
スマートアリア,大川徹
スマートアリエル,大川徹
スマートアリオン,大川徹
スマートアリスター,大川徹
スマートアルケミー,大川徹
スマートアルタイル,大川徹
スマートアンバー,大川徹
スマートアヴァロン,大川徹
スマートイザナミ,大川徹
スマートイデアル,大川徹
スマートウィザード,大川徹
スマートウェリナ,大川徹
スマートウェールズ,大川徹
スマートエクシード,大川徹
スマートエスコート,大川徹
スマートエステラ,大川徹
スマートエトワール,大川徹
スマートエミネンス,大川徹
スマートエラン,大川徹
スマートエリス,大川徹
スマートエルサ,大川徹
スマートエルピス,大川徹
スマートエレメンツ,大川徹
スマートエレーヌ,大川徹
スマートオリーブ,大川徹
スマートオーディン,大川徹
スマートオーブ,大川徹
スマートカイロス,大川徹
スマートカナートス,大川徹
スマートカプリス,大川徹
スマートカリス,大川徹
スマートカリーナ,大川徹
スマートカルロス,大川徹
スマートカーリー,大川徹
スマートガイア,大川徹
スマートガルーダ,大川徹
スマートキャノン,大川徹
スマートキャンディ,大川徹
スマートキングダム,大川徹
スマートギャツビー,大川徹
スマートクオーク,大川徹
スマートクオーレ,大川徹
スマートクラビ,大川徹
スマートクラージュ,大川徹
スマートクリオス,大川徹
スマートクレイン,大川徹
スマートクレール,大川徹
スマートグランダム,大川徹
スマートグランデ,大川徹
スマートグレイス,大川徹
スマートグロワール,大川徹
スマートケープ,大川徹
スマートコマンダー,大川徹
スマートコルザ,大川徹
スマートコーラル,大川徹
スマートサクソン,大川徹
スマートサターン,大川徹
スマートサニー,大川徹
スマートサンドラ,大川徹
スマートサヴァラン,大川徹
スマートサーブル,大川徹
スマートシエラ,大川徹
スマートシエル,大川徹
スマートシャヒーン,大川徹
スマートシーカー,大川徹
スマートジェイナ,大川徹
スマートジャスミン,大川徹
スマートジュディ,大川徹
スマートジュリアス,大川徹
スマートジュリアン,大川徹
スマートスコープ,大川徹
スマートストラグル,大川徹
スマートスピア,大川徹
スマートスリロス,大川徹
スマートスローン,大川徹
スマートセプター,大川徹
スマートセラム,大川徹
スマートセラヴィー,大川徹
スマートソニック,大川徹
スマートダイバー,大川徹
スマートダンディー,大川徹
スマートティアナ,大川徹
スマートテンペスト,大川徹
スマートディアナ,大川徹
スマートドラフト,大川徹
スマートドレイク,大川徹
スマートヌーメン,大川徹
スマートネクタル,大川徹
スマートネフィリム,大川徹
スマートハンター,大川徹
スマートバニー,大川徹
スマートバーベナ,鳴戸雄一
スマートパサート,大川徹
スマートパナセア,大川徹
スマートパルフェ,大川徹
スマートビアンカ,大川徹
スマートビガー,大川徹
スマートビクター,大川徹
スマートビトラス,大川徹
スマートビビット,大川徹
スマートピクタス,大川徹
スマートピリカ,大川徹
スマートファントム,大川徹
スマートフェイス,間野隆司
スマートフォルス,大川徹
スマートフランキー,大川徹
スマートフルーレ,大川徹
スマートブライド,大川徹
スマートブランコ,吉田喜代司
スマートブリーズ,大川徹
スマートブル,ＣＨＥＶＡＬＡＴＴＡＣＨＥ
スマートプリエール,大川徹
スマートプレシャス,大川徹
スマートプレジール,大川徹
スマートベル,大川徹
スマートボムシェル,大川徹
スマートポーション,大川徹
スマートマイア,大川徹
スマートマウアー,大川徹
スマートマナリス,大川徹
スマートマリナ,大川徹
スマートマルシェ,大川徹
スマートミストラル,大川徹
スマートミニヨン,大川徹
スマートミラージュ,大川徹
スマートムーラン,大川徹
スマートメイス,大川徹
スマートメイプル,大川徹
スマートメソッド,大川徹
スマートメモリー,大川徹
スマートモリガン,大川徹
スマートモンスター,齊藤雅志
スマートユニバンス,亀井哲也
スマートライナー,大川徹
スマートラウンド,大川徹
スマートラパン,大川徹
スマートラビリンス,大川徹
スマートラプター,大川徹
スマートラミア,大川徹
スマートラムセス,大川徹
スマートラン,田畑利彦
スマートランウェイ,大川徹
スマートリアファル,大川徹
スマートリアン,大川徹
スマートリン,鈴木伸昭
スマートルグラン,大川徹
スマートルシア,大川徹
スマートルシーダ,大川徹
スマートルミエール,大川徹
スマートルヴァン,大川徹
スマートレイチェル,大川徹
スマートレイナ,大川徹
スマートレイブン,大川徹
スマートレイヴ,大川徹
スマートレガシー,大川徹
スマートレガリア,大川徹
スマートレザルト,大川徹
スマートレジーナ,大川徹
スマートレパード,大川徹
スマートレムリア,大川徹
スマートロベール,大川徹
スマートロータス,大川徹
スマートローラ,大川徹
スマートワイス,大川徹
スマートワイバーン,大川徹
スマートワン,橋詰弘一
スマートヴィーヴル,大川徹
スマートヴォルフ,大川徹
スミ,市川義美ホールディングス
スミシュー,布武起会
スミソニアン,中西純穂
スミダカチドキ,臼倉勲
スミッコディスコ,山口裕介
スミヨン,ターフライズ
スミレ,林正道
スミレノハナ,田中健一
スミレファースト,林正道
スミレブーケ,林正道
スミレヴィオレッタ,ライオンレースホース
スムースオペレター,千明牧場
スムースベルベット,ミルファーム
スメラギ,チャンピオンズファーム
スモウブハナヒラク,芳賀克也
スモーキンビリー,江馬由将
スモーキーゴッド,サンデーレーシング
スモークフリー,社台レースホース
スモールウェーブ,中辻明
スモールクイーン,サンコウ牧場
スライスヘリテージ,ニットー商事
スライトマッド,ウエスト．フォレスト．ステイブル
スライビングロード,下河辺牧場
スライリー,ヒダカ・ブリーダーズ・ユニオン
スラストアウェイ,ＣＨＥＶＡＬＡＴＴＡＣＨＥ
スラッシュ,山内邦一
スラッシュコード,ノルマンディーサラブレッドレーシング
スラッシュメタル,吉田勝己
スラップショット,ノースヒルズ
スラーリドラーテ,加藤厚子
スラーヴァ,鈴木康弘
スリアント,ヒダカ・ブリーダーズ・ユニオン
スリアンヴォス,大久保和夫
スリジェダムール,馬場祥晃
スリジエ,ラ・メール
スリスリマスリ,ミルファーム
スリック,平井裕
スリラー,カナヤマホールディングス
スリラーインマニラ,古賀慎一
スリラーナイト,安原浩司
スリリングチェイス,吉田勝己
スリリングドリーム,サラブレッドクラブ・ラフィアン
スリンシンガポール,田島榮二郎
スリーアイランド,永井商事
スリーアラモード,永井商事
スリーウエーブ,永井商事
スリーエクスプレス,永井商事
スリーエクセレント,青山洋一
スリーオリジン,永井商事
スリーオーラ,永井商事
スリーカナロアー,永井商事
スリーガーニッシュ,永井商事
スリーキズナヒメ,永井商事
スリーキングス,辻子依旦
スリークロス,瀬野尾裕久
スリーグランド,永井商事
スリーグルーヴ,永井商事
スリーケイ,四宮圭
スリーケイエヌ,永井商事
スリーケープマンボ,永井商事
スリーケープワキア,永井商事
スリーコーズ,永井商事
スリーコーズクライ,永井商事
スリーコーズライン,永井商事
スリーサンコーズ,永井商事
スリーシャトー,永井商事
スリーシャーペン,永井商事
スリーシンフォニー,永井商事
スリージャスティス,福田光博
スリーズロワイヤル,飯田正剛
スリーセンス,永井商事
スリーソング,永井商事
スリータイガー,永井商事
スリーチェイサー,永井商事
スリーチャーム,永井商事
スリーディプテー,永井商事
スリートップキズナ,永井商事
スリードゥラメンテ,永井商事
スリードレフォン,永井商事
スリーニューウェイ,永井商事
スリーハーバー,永井商事
スリーパイロ,永井商事
スリーパスポート,永井商事
スリーパーダ,キャロットファーム
スリーピース,スリーレーシング
スリーピート,永井商事
スリーフラワー,永井商事
スリーブラザー,スリーエイチレーシング
スリーブリランテ,永井商事
スリープレッピー,永井商事
スリーヘブン,永井商事
スリーヘリオス,永井商事
スリーボビー,永井商事
スリーマイトコーズ,永井商事
スリーマキシマム,永井商事
スリーマグナム,永井商事
スリーマドンナ,永井商事
スリーミスラピス,永井商事
スリーミニオン,永井商事
スリーミネルバ,永井商事
スリーミュージアム,永井商事
スリーモーメント,永井商事
スリーモーリス,永井商事
スリーランディア,永井商事
スリーラーケン,永井商事
スリールサンセール,Ｇ１レーシング
スリールトウショウ,広尾レース
スリールミニョン,福盛訓之
スリールーディカ,永井商事
スリーレジェンド,佐藤牧場
スリーロマンス,永井商事
スリーロンドン,永井商事
スリーローズ,永井商事
スリーローズマリー,永井商事
スリーヴリーグ,Ｇ１レーシング
スルーザゴールド,吉田和美
スルーザナイト,キャロットファーム
スルーザミル,ウエスト．フォレスト．ステイブル
スルーザリミッツ,岡田牧雄
スルースウェイ,矢野悦三
スルーセブンシーズ,キャロットファーム
スレイクイーン,ロードホースクラブ
スレイマン,サンデーレーシング
スレッタ,酒井孝敏
スレッドザニードル,京都ホースレーシング
スレドナゴラ,ヒダカ・ブリーダーズ・ユニオン
スレプトン,社台レースホース
スレートグレイ,山岸桂市
スロノス,インゼルレーシング
スローエクスプレス,本杉芳郎
スローテキーラ,吉田千津
スローフード,村野康司
スローモーション,由井健太郎
スローンターゲット,水谷昌晃
スワイメイク,フォレストレーシング
スワッガー,ＧＥＴＮＥＸＴ
スワッグチェーン,サンデーレーシング
スワッグレコード,水谷昌晃
スワトウ,吉田照哉
スワニーテソーロ,了徳寺健二ホールディングス
スワヤンブナート,吉田勝己
スワルナパクシャ,ヒダカ・ブリーダーズ・ユニオン
スワローサプライズ,高田博
スワローシチー,友駿ホースクラブ
スワローテイルジグ,吉田照哉
スワンダフル,下河邉博
スワンボート,田頭勇貴
スワンポール,下河辺隆行
スワンレーク,吉田千津
スワーヴアラミス,ＮＩＣＫＳ
スワーヴアーサー,ＮＩＣＫＳ
スワーヴエドワード,ＮＩＣＫＳ
スワーヴエルメ,ＮＩＣＫＳ
スワーヴカイザー,ＮＩＣＫＳ
スワーヴカエサル,ＮＩＣＫＳ
スワーヴカール,ＮＩＣＫＳ
スワーヴゴダイヴァ,ＮＩＣＫＳ
スワーヴシャルル,ＮＩＣＫＳ
スワーヴシールズ,ＮＩＣＫＳ
スワーヴジョーダン,ＮＩＣＫＳ
スワーヴゾロ,ＮＩＣＫＳ
スワーヴドン,ＮＩＣＫＳ
スワーヴノートン,ＮＩＣＫＳ
スワーヴポルトス,ＮＩＣＫＳ
スワーヴマルス,ＮＩＣＫＳ
スワーヴヨハン,ＮＩＣＫＳ
スワーヴラーシド,ＮＩＣＫＳ
スワーヴリチャード,ＮＩＣＫＳ
スングリダンダン,ミルファーム
スンシム,ミルファーム
スンヌンタイ,田頭勇貴
スンリ,白日光
スヴァジルファリ,吉田千津
スヴァルナ,社台レースホース
スヴァローグ,ノルマンディーサラブレッドレーシング
スヴィルカーチ,社台レースホース
スヴェンガーリ,ゴドルフィン
スヴニールデジール,Ｇ１レーシング
スーコーサファイア,谷口祐人
スーサンアッシャー,林千枝子
スーサンシーヴァー,林進
スーサンジョイ,林千枝子
スーサンステラ,林千枝子
スーサンドン,林千枝子
スーサンパルサー,林進
スーサンベガ,林千枝子
スーサンユッセ,林進
スーザフォン,吉田和子
スーザンバローズ,猪熊広次
スーシーホー,門別牧場
スージーテイラー,ＤＭＭドリームクラブ
スージーハルワ,酒井孝敏
スースー,田中純一
スーゼル,門野重雄
スート,ゴドルフィン
スードランダム,ゴドルフィン
スーパーアキラ,井山登
スーパーアグリ,三木正浩
スーパーアロイ,藤原征士郎
スーパーウーパー,キーファーズ
スーパーカルメン,まの
スーパーガール,是枝浩平
スーパーキティ,橋本善太
スーパーサブライム,田島政光
スーパーシスター,吉澤ホールディングス
スーパーショット,ロイヤルパーク
スーパージョック,平井裕
スーパーセヴン,ゴドルフィン
スーパーソニック,ビッグレッドファーム
スーパーチャイルド,山下裕司
スーパーチャンド,伊藤昭文
スーパーチャージ,堂守貴志
スーパーチーフ,サンデーレーシング
スーパーナニー,ウエスト．フォレスト．ステイブル
スーパーノーマル,ニッシンホールディングス
スーパーハイウェイ,徳増栄治
スーパーバイザー,高嶋航
スーパーバウンディ,ケンブリッジバレー
スーパービジー,高嶋航
スーパービーム,平井裕
スーパーファルクス,吉田勝己
スーパーフェイバー,Ｇ１レーシング
スーパーフェザー,吉田勝己
スーパーフライヤー,三宅勝俊
スーパーフロス,三宅勝俊
スーパーブラウン,西村新一郎
スーパーブレイク,堂守貴志
スーパーホース,大瀧啓之
スーパーホープ,青山洋一
スーパーボイジャー,冨沢敦子
スーパーマン,小菅誠
スーパームーン,森中啓子
スーパーモリオン,林正道
スーパーユタカ,井山登
スーパーライナー,谷掛龍夫
スーパーラッキー,重野心平
スーパーリベロ,星野隆男
スーパーロキ,ラ・メール
スーペルゴラッソ,社台レースホース
スーホ,藤田晋
スーリエドヴェール,岡田牧雄
スーリールダンジュ,ゴドルフィン
スールトウショウ,トウショウ産業
ズアー,吉田和美
ズイウンゴサイ,植村仁
ズイショウ,Ｈ．Ｈ．シェイク・ハムダン
ズットマツモト,由井健太郎
ズバットマサムネ,塩澤正樹
ズラリ,杉澤光雄
ズンガリプテルス,谷口祐人
ズヴィズダー,ＫＴレーシング
ズーキャンベラ,前原敏行
ズーム,ＷｅｅｄｓＲａｃｉｎｇ
ズールウォリアー,Ｊ．ウィルソン
ズールー,椎名節
セイアフェクト,金田成基
セイイーグル,吉澤ホールディングス
セイウォリアー,金田成基
セイウンアインス,西山茂行
セイウンアカマイ,西山茂行
セイウンアズール,西山茂行
セイウンアワード,西山茂行
セイウンアーテル,西山茂行
セイウンイーリス,西山茂行
セイウンウィズミー,西山茂行
セイウンウィルド,西山茂行
セイウンエミリア,西山茂行
セイウンエンジェル,西山茂行
セイウンエンプレス,西山茂行
セイウンオウカ,西山茂行
セイウンオオゾラ,西山茂行
セイウンオスミウム,西山茂行
セイウンオフロード,西山茂行
セイウンオードリー,西山茂行
セイウンカイドウ,西山茂行
セイウンカガヤキ,西山茂行
セイウンカゲロウ,西山茂行
セイウンカノープス,西山茂行
セイウンガオリー,西山茂行
セイウンガジュマル,西山茂行
セイウンガレオン,秦千織
セイウンクモアシ,西山茂行
セイウンクルーズ,西山茂行
セイウンクロクモ,西山茂行
セイウンクロノス,西山茂行
セイウンクールガイ,西山茂行
セイウングレイ,西山茂行
セイウンケルン,西山茂行
セイウンコウセイ,西山茂行
セイウンコチョウ,西山茂行
セイウンコハルタ,西山茂行
セイウンコービー,西山茂行
セイウンゴールド,西山茂行
セイウンサクラサケ,西山茂行
セイウンサニー,西山茂行
セイウンサファイア,西山茂行
セイウンシェリー,西山茂行
セイウンシシマイ,西山茂行
セイウンシテンノウ,西山茂行
セイウンシデン,西山茂行
セイウンシャラ,西山茂行
セイウンシリウス,西山茂行
セイウンジャック,西山茂行
セイウンジュリア,西山茂行
セイウンスイート,西山茂行
セイウンスクープ,西山茂行
セイウンスノー,西山茂行
セイウンスパイ,西山茂行
セイウンスパーダ,西山茂行
セイウンスペリオル,西山茂行
セイウンソルジャー,西山茂行
セイウンダイフク,西山茂行
セイウンダイモス,西山茂行
セイウンダキシメテ,西山茂行
セイウンダマシイ,西山茂行
セイウンチドリ,西山茂行
セイウンティーダ,西山茂行
セイウンデイスター,西山茂行
セイウンデセオ,西山茂行
セイウンデルレイ,西山茂行
セイウントレジャ,西山茂行
セイウンナナセマル,西山茂行
セイウンネルケ,西山茂行
セイウンノア,西山茂行
セイウンノウヒメ,西山茂行
セイウンノルン,西山茂行
セイウンノワール,西山茂行
セイウンハテンコウ,西山茂行
セイウンハルカニ,西山茂行
セイウンハーデス,西山茂行
セイウンバジリスク,西山茂行
セイウンパイオニア,西山茂行
セイウンパキラ,西山茂行
セイウンパシュート,西山茂行
セイウンパワフル,西山茂行
セイウンヒュージ,西山茂行
セイウンヒロイン,西山茂行
セイウンビッグバン,成田隆好
セイウンピカイチ,西山茂行
セイウンピーチ,西山茂行
セイウンフィーバー,西山茂行
セイウンフェアリー,西山茂行
セイウンフォーカス,西山茂行
セイウンブイワン,西山茂行
セイウンブシドウ,西山茂行
セイウンブリスク,西山茂行
セイウンプラチナ,西山茂行
セイウンプーパ,西山茂行
セイウンマイラヴ,西山茂行
セイウンマカロン,西山茂行
セイウンマナウス,西山茂行
セイウンマリンガー,西山茂行
セイウンミツコ,西山茂行
セイウンミライズ,西山茂行
セイウンミレイア,西山茂行
セイウンメラビリア,西山茂行
セイウンモーリー,西山茂行
セイウンヤオヨロズ,西山茂行
セイウンヤタガラス,西山茂行
セイウンユズカ,西山茂行
セイウンラストヘイ,西山茂行
セイウンラビリンス,西山茂行
セイウンラピス,西山大介
セイウンリフレ,西山茂行
セイウンリメンバー,西山茂行
セイウンリリシイ,西山茂行
セイウンリリーナ,西山茂行
セイウンリーチ,西山茂行
セイウンレガーメ,西山茂行
セイウンロミオ,西山茂行
セイウンヴィーナス,西山茂行
セイエスコート,金田成基
セイエスパシオ,金田成基
セイオーキッド,金田成基
セイカアビイロード,久米大
セイカアミダイケ,久米大
セイカアーナンダイ,久米大
セイカエイレーネー,久米大
セイカエドミザカ,久米大
セイカスサノオ,久米大
セイカスタディオン,久米大
セイカタチバナ,久米大
セイカティターニア,久米大
セイカトサイナリ,久米誠
セイカノータ,久米誠
セイカハルカゼ,久米大
セイカパルナッソス,久米大
セイカファータ,久米大
セイカフェニックス,久米大
セイカフォルゴーレ,久米大
セイカベラトリクス,久米誠
セイカボアソナード,久米大
セイカミナミホリエ,久米大
セイカヤマノ,久米誠
セイカユウヒ,久米大
セイカリス,金田成基
セイカリネット,久米大
セイカンサンラン,田頭勇貴
セイキュート,藤田晋
セイキングダム,金田成基
セイギャラクシー,金田成基
セイクリッド,中西宏彰
セイクリッドキング,Ｋ．Ｓ．ヤップ
セイクリッドゲイズ,社台レースホース
セイクリッドサン,高橋文男
セイクリッドシチー,友駿ホースクラブ
セイグッドバイ,石瀬浩三
セイグッドラック,金田成基
セイゲイル,金田成基
セイゲン,伊藤誠吉
セイシェルノユウヒ,宮城寛也
セイショウスマイル,岩崎暉男
セイショウディープ,岩崎暉男
セイショウパイロ,岩崎暉男
セイジグラット,金田成基
セイスイカルメン,野田清水
セイスイミリオン,野田清水
セイスケルツォ,金田成基
セイスピカ,金田成基
セイスフィア,金田成基
セイタード,ノルマンディーサラブレッドレーシング
セイドアモール,サラブレッドクラブ・ラフィアン
セイノスケ,福盛訓之
セイハロートゥユー,平田修
セイバートゥース,ゴドルフィン
セイビーチェ,金田成基
セイフウサツキ,柳田悠岐
セイフウメイゲツ,菊地剛
セイブルーアイ,金田成基
セイブロッケン,金田成基
セイプリーズ,吉田千津
セイプレシャス,金田成基
セイペイシェンス,金田成基
セイムトゥーユー,飯田正剛
セイムバースデイ,小林由明
セイユウガッツ,松岡正二
セイユウグリーン,松岡正二
セイユウビューティ,松岡正二
セイユメアカリ,金田成基
セイラダンサー,前迫義幸
セイラブミー,ミルファーム
セイリオス,大塚亮一
セイリスペクト,金田成基
セイリュウ,岡田牧雄
セイリングバリュー,吉田照哉
セイルアウェイ,スリースターズレーシング
セイルオンセイラー,橋元勇氣
セイルジーピー,谷掛龍夫
セイルトゥグローリ,広尾レース
セイルフリー,吉田勝己
セイルロケット,キャロットファーム
セイルーク,金田成基
セイレイカ,安原浩司
セイレジーナ,吉田勝利
セイレリック,金田成基
セイレーン,浅川昌彦
セイレーンズベルン,四本昭弘
セイレーンバイブス,カカムーチョレーシング
セイロンジェムズ,吉田和美
セイロンブリーズ,キャロットファーム
セイントエルモズ,ゴドルフィン
セイントクーヤ,小島章義
セイントスターズ,岡田牧雄
セイントフォース,ＩＨＲ
セイントホース,齊藤直信
セイヴァリアント,金田成基
セイヴァンキッシュ,金田成基
セイーサ,小林祐一
セウタ,サンデーレーシング
セウラサーリ,Ｇ１レーシング
セオ,吉田千津
セオグランジ,名古屋友豊
セオファニア,大谷正嗣
セオリー,藤田在子
セオリーリターン,藤田在子
セカンドエフォート,シルクレーシング
セカンドチャプター,?文彦
セカンドテーブル,山上和良
セカンドトゥノン,サラブレッドクラブ・ラフィアン
セカンドフラッシュ,加藤千豊
セカンドワルツ,三田昌宏
セガンティーニ,畑佐博
セガールフォンテン,吉橋興生
セガールモチンモク,小田切有一
セキセイ,島井新一郎
セキセキ,ミルファーム
セキゾウ,エースレーシング
セキテイオー,杉山元洋
セキテイサク,杉山元洋
セキテイジュウオー,杉山元洋
セキテイホノオー,杉山元洋
セキテイリノ,杉山元洋
セキテイリュウビ,杉山元洋
セキテイレア,杉山元洋
セキテイロックス,杉山元洋
セキトバ,鹽田久義
セキトバイースト,ＴＮレーシング
セキトバシューズ,呉本昌時
セキノアトラス,小関昭次
セキフウ,中辻明
セギレエルビエント,街風隆雄
セクシイフラワー,平岡茂樹
セクシイライン,平岡茂樹
セクシオンドール,梶本尚嗣
セクシーガール,山田和夫
セクシーコマンドー,山口裕介
セクシーサンキュー,山下良子
セクシーデザイン,吉田千津
セクシーフェイス,社台レースホース
セクシーブーケ,橋元勇氣
セクシーマージュ,フォレストレーシング
セグレドスペリオル,名古屋友豊
セグレートシチー,友駿ホースクラブ
セグーロ,前田幸治
セコイア,鈴木芳夫
セコンドトゥベスト,吉田千津
セサンパ,ラ・メール
セザムウーヴルトワ,ミルファーム
セザンステート,瀬山孝一
セザンテイオー,瀬山孝一
セザンワールド,瀬山孝一
セシアンベリル,ＤＭＭドリームクラブ
セシリエプラージュ,吉田照哉
セシルブリュネ,山本英俊
セシール,島川隆哉
セジールレーヴ,大江実
セスティーナ,金子真人ホールディングス
セストリエール,下河辺牧場
セセラギ,ミルファーム
セセリ,冨士井直哉
セゾンデフィーユ,社台レースホース
セゾンデフルール,名古屋友豊
セタキト,鈴木康弘
セダブリランテス,シルクレーシング
セッカチケーン,松田整二
セッカチドラゴン,松田真由美
セッシュウ,サミットレーシング
セッション,林正道
セッタレダスト,ビッグレッドファーム
セッテイロク,由井健太郎
セットアップ,嶋田一成
セットエトワール,Ｇ１レーシング
セットオンユー,ビッグレッドファーム
セットセイル,Ｇ１レーシング
セットリスト,ＤＭＭドリームクラブ
セツゲツフウカ,キャロットファーム
セツナサ,ＴＮレーシング
セツナシュギ,杉浦和也
セツメンノトビウオ,三宅勝俊
セディバン,ＧｒａｎｄｅＲａｃｉｎｇ
セデックカズマ,雅苑興業
セトノシャトル,アスール
セドゥ,雅苑興業
セナスタイル,原禮子
セナマリン,ＭＯＭＯレーシング
セナリスト,サンデーレーシング
セニング,由井健太郎
セネッティ,グリーンファーム
セバスチャン,平田修
セバーンテソーロ,了徳寺健二ホールディングス
セパヌイール,レキップモンターニュ
セビーチェ,青山洋一
セピアス,社台レースホース
セピアノーツ,谷口悦一
セピアムーン,田頭勇貴
セピアーチェ,ノースヒルズ
セファーラジエル,サンデーレーシング
セフィロ,村野康司
セブンオーシャン,グリーンファーム
セブンキュート,橋川欣司
セブンキューブド,社台レースホース
セブンサミット,キャロットファーム
セブンシャイン,橋川欣司
セブンシースケイプ,Ｇ１レーシング
セブンシーズ,シルクレーシング
セブンスウェイ,大崎将行
セブンスストリート,下河辺隆行
セブンスプラネット,Ｇ１レーシング
セブンスプリングス,サンデーレーシング
セブンスリーローズ,猪又晶介
セブンスレター,熊坂俊一
セブンズゴールド,前迫義幸
セブンセコンズ,中村祐子
セブンダートオー,前迫義幸
セブンティサン,松岡隆雄
セブンデイズ,前迫義幸
セブンハイ,前迫義幸
セブンハピネス,前迫義幸
セブンパワー,前迫義幸
セブンフォールド,社台レースホース
セブンマイスター,前迫義幸
セブンマジシャン,前迫義幸
セブンミラクル,橋川欣司
セブンメイクハピー,前迫義幸
セブンメデュラス,前迫義幸
セブンリーチ,グリーンファーム
セブンレジェンド,橋川欣司
セブンワンダーズ,下河辺隆行
セプタリアン,吉田勝己
セプタードアイル,吉田勝己
セプテントリオ,ビッグレッドファーム
セプテンバーソング,三田昌宏
セプテンベル,大冨智弘
セプトラム,社台レースホース
セボンサデッセ,フィールドレーシング
セミコンダクター,西田順彦
セミマル,田畑利彦
セラサイト,ＤＭＭドリームクラブ
セラスチューム,ライオンレースホース
セラダエストレーラ,加藤徹
セラディーン,キャロットファーム
セラトーン,キャロットファーム
セラドナイト,シルクレーシング
セラドピラール,吉田勝己
セラドングリーン,金子真人ホールディングス
セラピア,吉田照哉
セラフィックコール,キャロットファーム
セラフィナイト,シルクレーシング
セラン,前田幸治
セランディア,日下部勝徳
セラヴィー,フクキタル
セラヴィーナス,星野壽市
セラード,スピードファーム
セラールネイジュ,ニューワールドレーシング
セリエル,伊東純一
セリエンクーニゲン,ＮＩＣＫＳ
セリオヴェローチェ,ＴＯＲＡＣＩＮＧ
セリオーソ,ＶｉｒｉｄｉａｎＫｅｉｂａＣｌｕｂ
セリガチ,福田光博
セリシア,西田彰宏
セリナピース,樋口雅彦
セリノーフォス,社台レースホース
セリフォス,Ｇ１レーシング
セリユーズ,シルクレーシング
セリーンストーム,田畑利彦
セルケト,吉田勝己
セルシアナ,村上憲政
セルシャーム,今村明浩
セルジオ,島川隆哉
セルジュ,多田賢司
セルジュバローズ,猪熊広次
セルズパワー,中西功
セルゼ,愛馬レーシングクラブ
セルディアーナ,シルクレーシング
セルバンテスカズマ,雅苑興業
セルバーグ,桑畑夏美
セルファース,水上行雄
セルフィナ,松谷翔太
セルフィー,フクキタル
セルフィーバイブス,飯田正剛
セルフエスティーム,フクキタル
セルフメイド,石瀬浩三
セルプランタン,社台レースホース
セルマン,ノースヒルズ
セルリア,田中純一
セルリアンエース,イクタ
セルリアンゲーゲン,イクタ
セルリアンコウコウ,イクタ
セルリアンコバルト,イクタ
セルリアンジャガー,イクタ
セルリアンドロップ,イクタ
セルリアンミナギル,イクタ
セルリアンユウガ,イクタ
セルリアンライオン,イクタ
セルリアンラピス,イクタ
セルリアンルネッタ,イクタ
セルリアンロケット,イクタ
セルレア,パニオロ
セルレーヴ,シルクレーシング
セルヴァジオ,杉山忠国
セルヴァン,社台レースホース
セルヴァンス,中村祐子
セルヴォ,奥裕嗣
セルース,キャロットファーム
セレクティオ,大冨智弘
セレシオン,キャロットファーム
セレシュ,岡田隆寛
セレジェイラ,キャロットファーム
セレスタイト,ミルファーム
セレスチャルホープ,吉田照哉
セレスティアハート,田頭勇貴
セレスティアリティ,サンデーレーシング
セレステイブランコ,キャロットファーム
セレステレガーロ,サンデーレーシング
セレスト,阿部東亜子
セレッソ,中村祐子
セレッソサンライズ,松岡隆雄
セレッソデアモール,三宅勝俊
セレッソノワール,三宅勝俊
セレッソフレイム,三宅勝俊
セレッソプラテアド,三宅勝俊
セレッソレイナ,三宅勝俊
セレナアンバー,島川利子
セレナイトグレー,柴原榮
セレナブリーズ,安原浩司
セレナライティア,島川利子
セレニティ,村野康司
セレニティーアスク,廣崎利洋ＨＤ
セレブ,菅藤孝雄
セレブウマザンマイ,鈴木慈雄
セレブトーチ,中村伊三美
セレブリス,安原浩司
セレブレイトエール,前田晋二
セレブレイトガイズ,大塚亮一
セレブレイトソング,キャロットファーム
セレンゲティ,サンデーレーシング
セレンディピア,ノルマンディーサラブレッドレーシング
セレンディピティ,近藤英子
セレージャ,平本敏夫
セレーネアイ,ノルマンディーサラブレッドレーシング
セレーネアステール,シルクレーシング
セレーネグランツ,林正道
セレーネワルツ,ノルマンディーサラブレッドレーシング
セレーノ,ノースヒルズ
セロシア,ノースヒルズ
セロリ,今村明浩
セロンテソーロ,了徳寺健二ホールディングス
セヲハヤミ,ミルファーム
センカラット,小島將之
センカンナガト,本田恒雄
セングンバンバ,キーファーズ
センシティブガール,ＨｉｍＲｏｃｋＲａｃｉｎｇホールディングス
センシブレーロ,社台レースホース
センショウユウト,川勝裕之
センショウライツ,川勝裕之
センショウレイナ,川勝裕之
センショウレサイヤ,川勝裕之
センジモン,スピードファーム
センジュ,荒井城志
センジュエース,増山武志
センジュキヨマル,荒井城志
センジュコスモス,荒井城志
センスオブピース,サンデーレーシング
センスオブユニティ,ヒダカ・ブリーダーズ・ユニオン
センスオブワンダー,前田晋二
センターアイランド,中島照夫
センタースリール,中澤利文
センタービット,ＴＵＲＨ
センチュリオン,窪田康志
センチュリクィーン,中水英紀
センチュリヒロイン,吉田勝利
センチュリヒーロー,中水英紀
センチュリボンド,中水英紀
センツイ,菅井牧場
センツブラッド,ゴドルフィン
センティフォリア,ヒダカ・ブリーダーズ・ユニオン
センテリュオ,キャロットファーム
セントアイヴス,広尾レース
セントアイヴスベイ,ゴドルフィン
セントイライアス,ビッグレッドファーム
セントウル,中西宏彰
セントオブゴールド,シルクレーシング
セントオブシン,中村祐子
セントカメリア,シルクレーシング
セントガブリエル,馬目卓
セントキルダ,谷掛龍夫
セントクリーガー,中居路博
セントゴーデンス,キャロットファーム
セントセシリア,田所英子
セントピュアベース,中村規
セントポーリア,ビッグレッドファーム
セントポールヒロ,田島榮二郎
セントマーガレット,シルクレーシング
セントミライ,松尾正
セントメモリーズ,キャロットファーム
セントラルヴァレー,Ｙ’ｓレーシング
セントランサス,サンデーレーシング
セントリアン,馬目勇
セントレア,長谷川守正
セントレオナード,社台レースホース
セントールビースト,康本利幸
センドネージュ,Ｇ１レーシング
センドハーマイラブ,道場宏
センナリ,ミルファーム
センノアバドン,浅野正敏
センノウィン,浅野正敏
センノギモーヴ,浅野正敏
センノベステス,浅野正敏
センビトウリョウ,中内田克二
センリョウヤクシャ,岡浩二
センレツ,内藤好江
セヴィルロアー,北畑忍
セヴェロ,シルクレーシング
セヴェンヌ,フォレストレーシング
セヴンレイヴンズ,ゴドルフィン
セージグリーン,吉田千津
セージブラッシュ,ビッグレッドファーム
セーズアマゾネス,吉田一成
セータコローナ,Ｇ１レーシング
セータステソーロ,了徳寺健二ホールディングス
セーチェーニ,永田和彦
セーデルマンランド,奥裕嗣
セーニョレガーレ,社台レースホース
セーヌデローヴ,今中俊平
セーヌドゥレーヴ,ノルマンディーサラブレッドレーシング
セーラス,ノースヒルズ
セーリング,栗坂崇
セールデュクール,サラブレッドクラブ・ラフィアン
セールヴォラン,松本俊廣
ゼアズノープレイス,谷口祐人
ゼアブラヴ,シルクレーシング
ゼアル,ＨｉｍＲｏｃｋＲａｃｉｎｇホールディングス
ゼウスバイオ,バイオ
ゼウスビスティー,犬塚悠治郎
ゼクスバンデ,藤井孝治
ゼセル,杉澤光雄
ゼッケイ,辻牧場
ゼッタイ,菅藤孝雄
ゼットエイト,フォーレスト
ゼットエール,フォーレスト
ゼットカレン,フォーレスト
ゼットクイン,フォーレスト
ゼットグローリ,フォーレスト
ゼットサンダー,フォーレスト
ゼットシャルマン,フォーレスト
ゼットシルヴィア,フォーレスト
ゼットジョイ,フォーレスト
ゼットスティール,フォーレスト
ゼットスパンキー,フォーレスト
ゼットセントラル,高橋悦見
ゼットダイヤ,フォーレスト
ゼットドリーム,フォーレスト
ゼットノヴァ,フォーレスト
ゼットハクセン,フォーレスト
ゼットヒーロ,フォーレスト
ゼットピアレス,フォーレスト
ゼットホウライ,フォーレスト
ゼットマックイーン,フォーレスト
ゼットマリオン,フォーレスト
ゼットメルベーユ,フォーレスト
ゼットライジング,フォーレスト
ゼットランポ,フォーレスト
ゼットリアン,フォーレスト
ゼットレオ,フォーレスト
ゼットレジーナ,フォーレスト
ゼットレヨン,フォーレスト
ゼッフィーロ,社台レースホース
ゼツエイ,吉田和美
ゼニス,カナヤマホールディングス
ゼニステレスコープ,サンデーレーシング
ゼニット,福澤真也
ゼネラルアダージョ,ジェネラルレーシング
ゼネラルスターク,ジェネラルレーシング
ゼネラルヴィント,ジェネラルレーシング
ゼノン,ノースヒルズ
ゼノヴァース,フクキタル
ゼヒニオヨバズ,サミットレーシング
ゼファラス,落合幸弘
ゼファーテソーロ,了徳寺健二ホールディングス
ゼファーバローズ,猪熊広次
ゼファーブラウン,吉井盛治
ゼファーラーテル,吉井盛治
ゼフィアス,下河辺牧場
ゼフィリア,フクキタル
ゼフィルス,ケイズジャパン
ゼフィールエレ,栗山良子
ゼラスエフォーツ,Ｇ１レーシング
ゼラニウム,高橋敏英
ゼランテ,前田葉子
ゼリア,ケーエスＨＤ
ゼルク,前田晋二
ゼルター,ゴドルフィン
ゼルダ,ケーエスＨＤ
ゼルトザーム,宮川純造
ゼルノードゥス,ローレルレーシング
ゼロカラ,谷口祐人
ゼログラヴィティ,ゴドルフィン
ゼロスネーク,青山洋一
ゼロドライブ,中西功
ゼロドラゴン,桑田牧場
ゼロファイター,諸岡慶
ゼロフェイス,ＳＴレーシング
ゼロライン,ザ・ヒルズ
ゼロワンタイガー,大田恭充
ゼロヴィジビリティ,ゴドルフィン
ゼローソ,ゴドルフィン
ゼンエスポワール,原司郎
ゼンカ,田中春美
ゼンカイテン,川上哲司
ゼンカイナダル,木村直樹
ゼンカイパイロ,木村直樹
ゼンカイワールド,木村直樹
ゼンソレイユ,ゼンレーシング
ゼンダンイワミ,渡邊善男
ゼンダンキズナ,ゼンレーシング
ゼンダンクラージュ,渡邊善男
ゼンダンゴクウ,ゼンレーシング
ゼンダンサクラ,ゼンレーシング
ゼンダンスカイ,ゼンレーシング
ゼンダンスネーク,渡邊善男
ゼンダンスバシリ,ゼンレーシング
ゼンダンタカ,鈴木昌樹
ゼンダンツバキ,渡邊善男
ゼンダントモニ,ゼンレーシング
ゼンダンハヤブサ,小濱正智
ゼンダンピューマ,渡邊善男
ゼンダンマイウェイ,ゼンレーシング
ゼンダンミカメ,ゼンレーシング
ゼンダンヤマト,ゼンレーシング
ゼンダンラット,渡邊善男
ゼンダンラビット,渡邊善男
ゼンダンリュウ,渡邊善男
ゼンダンルーチェ,渡邊善男
ゼンダンロマン,渡邊善男
ゼンダンヴァン,渡邊善男
ゼンノアマテラス,大迫久美子
ゼンノアンジュ,大迫久美子
ゼンノインヴォーク,大迫久美子
ゼンノエヴェック,大迫久美子
ゼンノクレバー,大迫久美子
ゼンノグリッター,大迫久美子
ゼンノサーベイヤー,大迫久美子
ゼンノジャスタ,大迫久美子
ゼンノジーニー,大迫基弘
ゼンノスタニング,大迫久美子
ゼンノソブリン,大迫久美子
ゼンノゾンターク,大迫久美子
ゼンノタヂカラオ,大迫久美子
ゼンノツキヨミ,大迫久美子
ゼンノテンバ,大迫久美子
ゼンノトヨタマヒメ,大迫久美子
ゼンノトライブ,大迫久美子
ゼンノナイン,大迫久美子
ゼンノフォトン,大迫久美子
ゼンノベールアップ,大迫久美子
ゼンノペギング,大迫久美子
ゼンノボニータ,大迫基弘
ゼンノミチザネ,大迫久美子
ゼンノワスレガタミ,大迫久美子
ゼンブママノセイ,由井健太郎
ゼンリョクダンス,内田玄祥
ゼーゲン,Ｇ１レーシング
ゼーゼマン,シルクレーシング
ゼータ,外池榮一郎
ゼータレティクル,ビッグレッドファーム
ソアサージュ,パニオロ
ソアトアメーム,サラブレッドクラブ・ラフィアン
ソアラ,ローレルレーシング
ソアリング,栗坂崇
ソアリングギフト,ロードホースクラブ
ソイジャガー,山下良子
ソイチーノ,ミルファーム
ソイル,ローレルレーシング
ソイルトゥザソウル,グリーンスウォード
ソウカイウォーリア,大脇佑樹
ソウカイファミリア,大脇佑樹
ソウカイファンキー,大脇佑樹
ソウキュウ,サラブレッドクラブ・ラフィアン
ソウシュラリクリ,村田能光
ソウテン,林正道
ソウテンノヒカリ,岡浩二
ソウラセブン,村田滋
ソウルアンドジャズ,グリーンファーム
ソウルオブジョン,薪浦亨
ソウルオンファイア,ゴドルフィン
ソウルサヴァイヴ,ディアレストクラブ
ソウルスターリング,社台レースホース
ソウルセイバー,ノースヒルズ
ソウルトレイン,安原浩司
ソウルノット,大樹ファーム
ソウルフルハート,中村智幸
ソウルプラウド,岩崎僖澄
ソウルユニバンス,亀井哲也
ソウルラッシュ,石川達絵
ソクシン,重松國建
ソクヅモドラドラ,佐上峻作
ソクラテス,近藤英子
ソゲソゲスマイル,西村新一郎
ソコトラ,金子真人ホールディングス
ソシアルクラブ,サンデーレーシング
ソシエテトウショウ,トウショウ産業
ソジュン,山口功一郎
ソステヌートペダル,金子真人ホールディングス
ソスピタ,ビッグレッドファーム
ソダシ,金子真人ホールディングス
ソダネー,國分純
ソチミルコ,フォレストレーシング
ソッケルカーカ,ミルファーム
ソッコータルマカ,スリーエイチレーシング
ソッサスブレイ,手嶋康雄
ソッフィオーネ,ヒダカファーム
ソツナサ,佐久間拓士
ソティラス,ノルマンディーサラブレッドレーシング
ソドゥバスク,岡田牧雄
ソナタテソーロ,了徳寺健二ホールディングス
ソナタムーンライト,松本智
ソナタン,ＵＨレーシング
ソナトリーチェ,ＤＭＭドリームクラブ
ソニック,槙和美
ソニックアイル,シルクレーシング
ソニックウェーブ,田頭勇貴
ソニックキャット,Ｇ１レーシング
ソニックサンライズ,ライフハウス
ソニックスター,保坂和孝
ソニックステップ,シルクレーシング
ソニックセンス,奥裕嗣
ソニックドライブ,ヒダカ・ブリーダーズ・ユニオン
ソニックバローズ,猪熊広次
ソニックビースト,杉山忠国
ソニックブレイカー,ＣＨＥＶＡＬＡＴＴＡＣＨＥ
ソニックブーム,ＣＨＥＶＡＬＡＴＴＡＣＨＥ
ソニックベガ,シルクレーシング
ソニックムーヴ,ノルマンディーサラブレッドレーシング
ソニックライト,ロードホースクラブ
ソニックライン,サンデーレーシング
ソニックロプロス,兼松康太
ソニャンド,河野孝明
ソニンクヴァース,ＫＲジャパン
ソネットフレーズ,キャロットファーム
ソノバシノギ,由井健太郎
ソノパッツァディテ,黒岩初美
ソノママソノママ,幅田京子
ソノラメンテ,ロードホースクラブ
ソバナ,原禮子
ソパデアホ,丸山担
ソパーズレーン,キャロットファーム
ソフィア,フィールドレーシング
ソフィアエール,ＫＲジャパン
ソフィアコール,高瀬正志
ソフィアバローズ,猪熊広次
ソフィアプルーマ,水上行雄
ソフィスティケイト,阿部善武
ソフィーサンライズ,松岡隆雄
ソフィーズチョイス,社台レースホース
ソフトフルート,ゴドルフィン
ソフトポジション,北駿競走馬組合
ソブリンズオーブ,Ｇ１レーシング
ソブリンルーラー,社台レースホース
ソプラドール,ノースヒルズ
ソプラニスタ,Ｇ１レーシング
ソプラノクイーン,Ｇ１レーシング
ソプラノナイト,スピードファーム
ソプラヴェステ,吉田照哉
ソムリエ,畑佐博
ソメット,ロードホースクラブ
ソヨギ,海谷幸司
ソラカラノチカラ,藤田晋
ソラタカク,田頭勇貴
ソラティオ,服部英利
ソラトブツバメ,福本次雄
ソラニワラエバ,石瀬浩三
ソラネル,シルクレーシング
ソラネルマン,サンデーレーシング
ソラノキャンバス,ＭＹレーシング
ソラフネ,山口裕介
ソラムパレード,ＶｉｒｉｄｉａｎＫｅｉｂａＣｌｕｂ
ソラン,鈴木康弘
ソランチャン,馬目時宗
ソラーロ,吉田和美
ソリスクラヴィス,サンデーレーシング
ソリスディエス,インゼルレーシング
ソリスト,スピードファーム
ソリストサンダー,村上稔
ソリスルクス,シルクレーシング
ソリタリオ,サンデーレーシング
ソリダリティ,シルクレーシング
ソリッドアーマー,渋谷健作
ソリッドエビデンス,大塚亮一
ソリッドグロウ,サンデーレーシング
ソリッドステート,ジェイアール
ソリッドスフィア,藤田岳彦
ソリッドベーシス,山口謙太郎
ソリティール,Ｇ１レーシング
ソリトン,ＶｉｒｉｄｉａｎＫｅｉｂａＣｌｕｂ
ソリドゥス,京都ホースレーシング
ソリューション,寺田寿男
ソリルーナ,ノルマンディーサラブレッドレーシング
ソルアマゾン,フォレストレーシング
ソルアモール,下河辺牧場
ソルインフィニティ,吉田照哉
ソルエストレーラ,ウエスト．フォレスト．ステイブル
ソルエパトリオット,岡田牧雄
ソルオリーヴァ,ノルマンディーサラブレッドレーシング
ソルオーブ,京都ホースレーシング
ソルカマル,金山敏也
ソルシエール,ノースヒルズ
ソルジャーバローズ,猪熊広次
ソルセルリ,社台レースホース
ソルダートダズル,ディアレストクラブ
ソルチェリア,奥雅哉
ソルティアーラ,ＤＭＭドリームクラブ
ソルティエラ,服部統祥
ソルテソーロ,了徳寺健二ホールディングス
ソルテヴェローチェ,ＴＯＲＡＣＩＮＧ
ソルデベラーノ,ノルマンディーサラブレッドレーシング
ソルデマジョ,江馬由将
ソルトアイリス,杉浦敏夫
ソルトイブキ,杉浦敏夫
ソルトエース,杉浦敏夫
ソルトキャピタル,杉浦敏夫
ソルトクィーン,杉浦敏夫
ソルトクリスタル,杉浦敏夫
ソルトグリーン,杉浦敏夫
ソルトゴールド,杉浦敏夫
ソルトダイヤモンド,杉浦敏夫
ソルトダンケ,杉浦敏夫
ソルトチャンス,杉浦敏夫
ソルトチューダ,杉浦敏夫
ソルトハッピー,杉浦敏夫
ソルトハート,杉浦敏夫
ソルトバーン,佐藤大介
ソルトブリーズ,ゴドルフィン
ソルトベール,杉浦敏夫
ソルトホープ,杉浦敏夫
ソルトミラクル,杉浦敏夫
ソルトレイト,杉浦敏夫
ソルトロック,杉浦敏夫
ソルトロング,杉浦敏夫
ソルドラード,キャロットファーム
ソルナシエンテ,キャロットファーム
ソルパシオン,ノルマンディーサラブレッドレーシング
ソルパッサーレ,ＴＮレーシング
ソルファ,ロードホースクラブ
ソルフィネット,水上ふじ子
ソルフェージュ,ライオンレースホース
ソルプレーサ,西森鶴
ソルプレーザ,ディアレストクラブ
ソルベック,畑佐博
ソルベット,中西健
ソルベローズ,西森功
ソルメンシス,ディアレストクラブ
ソルレオーネ,ＹＧＧホースクラブ
ソルレース,ゴドルフィン
ソルレーヴ,Ｙａｍａ’ｓレーシング
ソルヴィクトリア,天野克彦
ソレア,キャロットファーム
ソレイケギンチャン,諸岡慶
ソレイケドンチャン,小田吉男
ソレイケヤッコ,森保彦
ソレイユドゥアルル,谷口牧場
ソレイユフルール,荻伏服部牧場
ソレイユルヴァン,近藤英子
ソレイユヴィータ,杉山忠国
ソレエスピアージャ,社台レースホース
ソレジャートポスト,吉田千津
ソレックス,ＨｉｍＲｏｃｋＲａｃｉｎｇホールディングス
ソレム,シルクレーシング
ソレユケタケコ,大久保與志雄
ソレルビュレット,シルクレーシング
ソレントフレイバー,尾田信夫
ソレンニータ,ロードホースクラブ
ソロイノシタク,星野壽市
ソロフィオーレ,ヒダカ・ブリーダーズ・ユニオン
ソロフレーズ,松谷翔太
ソロモン,石川達絵
ソロユニット,村上雅規
ソロンゴ,山本てるみ
ソワドリヨン,シルクレーシング
ソワンドレイライン,サイレント・ウエストジャパン
ソワンドヴィクター,サイレント・ウエストジャパン
ソングオブザハート,幅田昌伸
ソングオブザバード,三田昌宏
ソングオブソフィア,ノルマンディーサラブレッドレーシング
ソングオブバラード,ヒダカ・ブリーダーズ・ユニオン
ソングオブライフ,三田昌宏
ソングコレクター,岡田牧雄
ソングフォーマーヤ,嶋田賢
ソングフォーユー,兼子尚也
ソングライター,ゴドルフィン
ソングライン,サンデーレーシング
ソンシ,藤田晋
ソンテ,グランデオーナーズ
ソンノウジョウイ,内田玄祥
ソンフィレール,ディアレストクラブ
ソンブラーズ,レキップモンターニュ
ソンブレロ,中辻明
ソンリッサ,野嶋祥二
ソヴァージュ,石井輝昭
ソヴリンゲート,大谷正嗣
ソークール,スピードファーム
ソーグリッタリング,社台レースホース
ソーシック,田記正規
ソーシャルコード,ビッグレッドファーム
ソーシャルワーカー,山崎康
ソーショウミー,ミルファーム
ソースウィート,坂東牧場
ソーダズリング,社台レースホース
ソーダーンライト,ゴドルフィン
ソーディスイズラヴ,古谷剛彦
ソーディヴァイン,シルクレーシング
ソードスレイプニル,犬飼優
ソードナイト,ＫＨレーシング
ソードマスター,社台レースホース
ソードライン,金子真人ホールディングス
ソーニャシュニク,鈴木康弘
ソーニーイシュー,ゴドルフィン
ソーハッピー,山田裕仁
ソーファイン,ＫＲジャパン
ソーブラック,平田修
ソーブルーム,吉田和美
ソープストーン,ミルファーム
ソーマッチ,石川眞実
ソーマレイオウ,ＭＡＳＡレーシング
ソーメニーサンクス,ミルファーム
ソーヤブル,江口知宙
ソーユーアクト,鈴木康弘
ソーユーフォリア,浜本洋輔
ソーラス,吉田千津
ソーラーエクリプス,永見貴昭
ソーラーシステム,ローレルレーシング
ソーラーストーム,Ｊ．ウィルソン
ソーラーフレア,ゴドルフィン
ソーリャ,天堀忠博
ソールインパクト,窪田芳郎
ソールオリエンス,社台レースホース
ソールズベリー,下河邉博
ソールライト,畑佐博
ソーヴァリアント,社台レースホース
ゾグラフォス,田畑勝彦
ゾディアックサイン,シルクレーシング
ゾネブルーム,キャロットファーム
ゾファピー,中辻明
ゾロ,北山敏隆
ゾロアストロ,サンデーレーシング
ゾンニッヒ,金子真人ホールディングス
ゾールシカ,山口敦広
ゾーンサイレンス,佐々木將吉
タイアステソーロ,了徳寺健二ホールディングス
タイアンキチジツ,戸賀智子
タイガ,三度屋
タイガノイッテキ,サンデーヒルズ
タイガーアチーヴ,伊藤和夫
タイガーインディ,伊藤和夫
タイガーエルドラド,伊藤和夫
タイガーキット,那須野牧場
タイガーキャット,山本茂
タイガークリスエス,伊藤和夫
タイガーグレート,伊藤和夫
タイガーゲイト,栗坂崇
タイガーサイレンス,伊藤和夫
タイガーシュガー,吉田和美
タイガーストライプ,ミルファーム
タイガーストリート,伊藤和夫
タイガーストロング,伊藤和夫
タイガースネーク,石瀬浩三
タイガースパーク,伊藤和夫
タイガーチャージ,定蛇邦宏
タイガードラゴン,ＯＲＴＥＧＡ
タイガーブルズアイ,伊藤和夫
タイガーブレイブ,石川幸司
タイガーミノル,吉岡實
タイガーユニバース,伊藤和夫
タイガーリリー,ミルファーム
タイガーロック,伊東純一
タイガーロード,伊藤和夫
タイガーヴィーナス,伊藤和夫
タイガーヴォーグ,千明牧場
タイキアベンチュラ,大樹ファーム
タイキアロハ,大樹ファーム
タイキインドラ,大樹ファーム
タイキウォレス,大樹ファーム
タイキウルトラ,大樹ファーム
タイキエクセロン,大樹ファーム
タイキエルキーオ,大樹ファーム
タイキオデッセイ,大樹ファーム
タイキオナード,大樹ファーム
タイキオーベロン,大樹ファーム
タイキクラージュ,大樹ファーム
タイキクリエイター,大樹ファーム
タイキクロニクル,大樹ファーム
タイキグロワール,大樹ファーム
タイキサターン,大樹ファーム
タイキザモーメント,大樹ファーム
タイキジパング,大樹ファーム
タイキジュビリー,大樹ファーム
タイキスウォード,大樹ファーム
タイキスパルタン,大樹ファーム
タイキスピネル,大樹ファーム
タイキダイヤモンド,大樹ファーム
タイキデセーオ,大樹ファーム
タイキトレコローネ,大樹ファーム
タイキドミニオン,大樹ファーム
タイキドラガルド,大樹ファーム
タイキバルドル,大樹ファーム
タイキバンディエラ,大樹ファーム
タイキフィアリーベ,大樹ファーム
タイキフェニックス,大樹ファーム
タイキフェルヴール,大樹ファーム
タイキフォルティス,大樹ファーム
タイキフォース,大樹ファーム
タイキフリード,大樹ファーム
タイキフロリゼル,大樹ファーム
タイキブライトン,大樹ファーム
タイキブリッツェン,大樹ファーム
タイキプレジール,大樹ファーム
タイキマイスター,大樹ファーム
タイキマイソロジー,大樹ファーム
タイキマクスウェル,大樹ファーム
タイキメサイア,大樹ファーム
タイキモンストル,大樹ファーム
タイキラッシュ,大樹ファーム
タイキラトナンジュ,大樹ファーム
タイキラフター,大樹ファーム
タイキラメール,大樹ファーム
タイキリヴェール,大樹ファーム
タイキルッジェーロ,大樹ファーム
タイキルークス,大樹ファーム
タイキレヴィン,大樹ファーム
タイキワンダラス,大樹ファーム
タイキヴァンクール,大樹ファーム
タイキヴィグルーズ,大樹ファーム
タイクーン,ヒダカ・ブリーダーズ・ユニオン
タイクーンバゴ,槇本牧場
タイゲン,丸山担
タイコ,ゴドルフィン
タイコウフェイス,ＳＴレーシング
タイコネン,布武起会
タイサイ,椎名節
タイシタモンダロ,西村新一郎
タイシャククリゲ,ビッグレッドファーム
タイショウロマン,ミルファーム
タイスケフェイス,ＳＴレーシング
タイズオブハート,キャロットファーム
タイセイアゲイン,田中成奉
タイセイアストロ,田中成奉
タイセイアズーロ,田中成奉
タイセイアダマス,田中成奉
タイセイアディクト,田中成奉
タイセイアドーレ,田中成奉
タイセイアビオン,田中成奉
タイセイアビリティ,田中成奉
タイセイアピール,田中成奉
タイセイアプローズ,田中成奉
タイセイアベニール,田中成奉
タイセイアリオス,田中成奉
タイセイアルジャン,田中成奉
タイセイアルテミス,田中成奉
タイセイアルディ,田中成奉
タイセイアレス,田中成奉
タイセイアンシェル,田中成奉
タイセイアンセム,田中成奉
タイセイアヴァンセ,田中成奉
タイセイアーサー,田中成奉
タイセイアーメット,田中成奉
タイセイウォリアー,田中成奉
タイセイウーノ,田中成奉
タイセイエキサイト,田中成奉
タイセイエクセル,田中成奉
タイセイエクレール,田中成奉
タイセイエピソード,田中成奉
タイセイエミネント,田中成奉
タイセイエムロード,田中成奉
タイセイエルフィン,田中成奉
タイセイエール,田中成奉
タイセイカイザー,田中成奉
タイセイカラーズ,田中成奉
タイセイカリーノ,田中成奉
タイセイカレッジ,田中成奉
タイセイカレント,田中成奉
タイセイガスト,田中成奉
タイセイガナール,田中成奉
タイセイガニアン,田中成奉
タイセイキューティ,田中成奉
タイセイギガース,田中成奉
タイセイクエスト,田中成奉
タイセイクラージュ,田中成奉
タイセイクルーガー,田中成奉
タイセイクレセント,田中成奉
タイセイグッドマン,田中成奉
タイセイグラシア,田中成奉
タイセイグランツ,田中成奉
タイセイグリード,田中成奉
タイセイグレーター,田中成奉
タイセイグローバル,田中成奉
タイセイコマンド,田中成奉
タイセイゴッシュ,田中成奉
タイセイサクシード,田中成奉
タイセイサムソン,田中成奉
タイセイサンダー,田中成奉
タイセイサーブル,田中成奉
タイセイサーマル,田中成奉
タイセイシェダル,田中成奉
タイセイシップ,田中成奉
タイセイシャトル,田中成奉
タイセイシャルム,田中成奉
タイセイシュネル,田中成奉
タイセイシュラーク,田中成奉
タイセイシリウス,田中成奉
タイセイシンガー,田中成奉
タイセイジェイド,田中成奉
タイセイジェニー,田中成奉
タイセイジェンマ,田中成奉
タイセイジャスパー,田中成奉
タイセイスキャット,田中成奉
タイセイスタナー,田中成奉
タイセイスターリー,田中成奉
タイセイストラーダ,田中成奉
タイセイストーム,田中成奉
タイセイスパート,田中成奉
タイセイスパーブ,田中成奉
タイセイスプリーム,田中成奉
タイセイスペリオル,田中成奉
タイセイスラッガー,田中成奉
タイセイセイヴァー,田中成奉
タイセイゼスティ,田中成奉
タイセイソアリング,田中成奉
タイセイソニック,田中成奉
タイセイタリスマン,田中成奉
タイセイダンク,田中成奉
タイセイチアーズ,田中成奉
タイセイチーフ,田中成奉
タイセイディアマン,田中成奉
タイセイディオス,田中成奉
タイセイディバイン,田中成奉
タイセイデクスター,田中成奉
タイセイデザイナー,田中成奉
タイセイトリオンフ,田中成奉
タイセイトリガー,田中成奉
タイセイトレイル,田中成奉
タイセイトレンディ,田中成奉
タイセイドゥマーニ,田中成奉
タイセイドクター,田中成奉
タイセイドラード,田中成奉
タイセイドリーマー,田中成奉
タイセイドリーム,田中成奉
タイセイドルチェ,田中成奉
タイセイドレッサー,田中成奉
タイセイドレフォン,田中成奉
タイセイナトゥーラ,田中成奉
タイセイネクサス,田中成奉
タイセイノーヴァ,田中成奉
タイセイハーモニー,田中成奉
タイセイバイタル,田中成奉
タイセイバンクール,田中成奉
タイセイパフューム,田中成奉
タイセイパルサー,田中成奉
タイセイパルス,田中成奉
タイセイパルフェ,田中成奉
タイセイパワーズ,田中成奉
タイセイビクトリア,田中成奉
タイセイビジョン,田中成奉
タイセイビルダー,田中成奉
タイセイビートル,田中成奉
タイセイピューマ,田中成奉
タイセイファルクス,田中成奉
タイセイフィオーレ,田中成奉
タイセイフィクサー,田中成奉
タイセイフェイバー,田中成奉
タイセイフェイマス,田中成奉
タイセイフェスタ,田中成奉
タイセイフェリーク,田中成奉
タイセイフォルテ,田中成奉
タイセイフランク,田中成奉
タイセイフリーデン,田中成奉
タイセイフリート,田中成奉
タイセイフルーヴ,田中成奉
タイセイフレイム,田中成奉
タイセイフレッサ,田中成奉
タイセイブラック,田中成奉
タイセイブランシュ,田中成奉
タイセイブリッツ,田中成奉
タイセイブリリオ,田中成奉
タイセイブルース,田中成奉
タイセイブルーム,田中成奉
タイセイブレイズ,田中成奉
タイセイブレーク,田中成奉
タイセイブロウ,田中成奉
タイセイブーティー,田中成奉
タイセイプライド,田中成奉
タイセイプライム,田中成奉
タイセイプラチナム,田中成奉
タイセイプランセス,田中成奉
タイセイプルミエ,田中成奉
タイセイプレイヤー,田中成奉
タイセイプレシャス,田中成奉
タイセイプロシード,田中成奉
タイセイホリデー,田中成奉
タイセイボーグ,田中成奉
タイセイポジション,田中成奉
タイセイポリシー,田中成奉
タイセイマイウェイ,田中成奉
タイセイマイスター,田中成奉
タイセイマイティ,田中成奉
タイセイマキシム,田中成奉
タイセイマルス,田中成奉
タイセイマロン,田中成奉
タイセイマンボ,田中成奉
タイセイマーシャル,田中成奉
タイセイマーベル,田中成奉
タイセイミストラル,田中成奉
タイセイミッション,田中成奉
タイセイミニスター,田中成奉
タイセイメガロス,田中成奉
タイセイモナーク,田中成奉
タイセイモノリス,田中成奉
タイセイモンストル,田中成奉
タイセイラグーン,田中成奉
タイセイラビッシュ,田中成奉
タイセイラファーガ,田中成奉
タイセイラプソディ,田中成奉
タイセイランナー,田中成奉
タイセイラヴィング,田中成奉
タイセイラヴィータ,田中成奉
タイセイリアル,田中成奉
タイセイリコルド,田中成奉
タイセイリリック,田中成奉
タイセイルシエル,田中成奉
タイセイルビー,田中成奉
タイセイルミナス,田中成奉
タイセイルヴァン,田中成奉
タイセイルージュ,田中成奉
タイセイルーマー,田中成奉
タイセイレオーネ,田中成奉
タイセイレガリア,田中成奉
タイセイレグノ,田中成奉
タイセイレジェーロ,田中成奉
タイセイレジーナ,田中成奉
タイセイレスポンス,田中成奉
タイセイレフィーノ,田中成奉
タイセイレーヴ,田中成奉
タイセイロワイヤル,田中成奉
タイセイロージー,田中成奉
タイセイヴィゴーレ,田中成奉
タイセイヴィーナス,田中成奉
タイセツナヒ,石田勇
タイソウ,中辻明
タイタンステップス,社台レースホース
タイタンブレイン,エンジェルレーシング
タイダルフォース,キャロットファーム
タイダルロック,サンデーレーシング
タイトニット,社台レースホース
タイトルホルダー,山田弘
タイトロープウィン,浅田次郎
タイドオブタイム,ゴドルフィン
タイドオブハピネス,ノルマンディーサラブレッドレーシング
タイドオーバー,ビッグレッドファーム
タイドグラフ,吉田照哉
タイドビート,社台レースホース
タイドライン,藤田在子
タイニーキング,静内白井牧場
タイニーパワー,岡田壮史
タイニービキニ,吉田千津
タイニープライド,富永剛
タイニーベイビー,山口裕介
タイニーロマンス,吉田千津
タイニーワンダー,フィールドレーシング
タイハクセイ,田中春美
タイバ,杉浦和也
タイフォン,吉田安惠
タイフーンナイン,ローレルレーシング
タイプチョウサン,チョウサン
タイプツービー,社台レースホース
タイプフェイス,社台レースホース
タイプムーン,コスモヴューファーム
タイヘイノヨ,サンデーヒルズ
タイミングナウ,キーファーズ
タイミングハート,キーファーズ
タイムアクシス,長塩豊
タイムアンドタイド,ＭＭＣ
タイムイズナカヤマ,中山牧場
タイムイズマネー,辻雄二
タイムオブフライト,Ｇ１レーシング
タイムオブライフ,吉武章
タイムカプセル,ミルファーム
タイムトゥゴー,ゴドルフィン
タイムトゥパーティ,吉澤ホールディングス
タイムトゥヘヴン,ＤＭＭドリームクラブ
タイムトラベラー,田頭勇貴
タイムトリップ,中村祐子
タイムハンドラー,サンデーレーシング
タイムファクター,高橋文男
タイムフライヤー,サンデーレーシング
タイムマシン,馬場幸夫
タイムモーメント,社台レースホース
タイムラプス,ヒダカ・ブリーダーズ・ユニオン
タイムリメンバード,阿部善武
タイムレス,亀岡和彦
タイムレスキス,サンデーレーシング
タイムレスフレアー,Ｇ１レーシング
タイムレスブルーム,コロンバスサークル
タイムレスメロディ,シルクレーシング
タイムレスラブ,康本利幸
タイムレスワールド,飯田正剛
タイヨウトチキュウ,小田切有一
タイヨウノキセツ,藤田晋
タイヨウノコマチ,吉田千津
タイヨウノユビワ,日下部勝徳
タイヨウフレア,小林善一
タイラント,ビッグレッドファーム
タイラーテソーロ,了徳寺健二ホールディングス
タイヴァス,土井久美子
タウィーザ,ノースヒルズ
タウゼントシェーン,社台レースホース
タウングー,森田和豊
タウンホール,ゴドルフィン
タオヤカ,グランデオーナーズ
タカイチアメリカン,高橋一郎
タカイチイチロウ,高橋一郎
タカイチシップ,高橋一郎
タカイチナダル,高橋一郎
タカイチミッキー,高橋一郎
タカイチラブ,高橋一郎
タカサンフェイス,ＳＴレーシング
タカシ,三木正浩
タカシーフェイス,佐々木勉
タカジョー,河内孝夫
タカスタカスタカス,高須克彌
タカチホ,高橋文男
タカネノハナコサン,三宅勝俊
タカノアメージング,山口多賀司
タカノアンジェラス,山口多賀司
タカノオージャ,山口多賀司
タカノドリーム,山口多賀司
タカハギ,高岸順一
タカミズ,清水義徳
タカミツリリー,アラキファーム
タカミノガコイ,山口功一郎
タカモリ,岡浩二
タカヨシ,岡浩二
タカラアーサー,村山義男
タカラエイティ,村山義男
タカラグローリー,村山義男
タカラチーター,村山義男
タカラネイビー,村山義男
タカラバディウス,村山義男
タカラパーティ,村山義男
タカラマドンナ,佐藤範夫
タカラライナー,村山義男
タカンナ,三度屋
タガノアイゼン,八木良司
タガノアイル,八木良司
タガノアウル,八木良司
タガノアキレア,八木良司
タガノアクトリス,八木良司
タガノアスワド,八木良司
タガノアニマシオン,八木良司
タガノアニード,八木良司
タガノアバンドーネ,八木昌司
タガノアビー,八木良司
タガノアマルフィ,八木良司
タガノアミカル,八木良司
タガノアム,八木良司
タガノアラリア,八木良司
タガノアリサ,八木良司
タガノアルテミス,八木良司
タガノアルトゥーラ,八木良司
タガノアルブラック,八木良司
タガノアレクシア,八木良司
タガノアレハンドラ,八木良司
タガノアンピール,八木良司
タガノアンファン,八木良司
タガノアヴァンス,八木良司
タガノイグナイト,八木良司
タガノウィリアム,八木秀之
タガノウイングス,八木良司
タガノエイリアス,八木良司
タガノエクレール,八木良司
タガノエスコート,八木良司
タガノエストレリア,八木良司
タガノエスプレッソ,八木良司
タガノエリカ,八木良司
タガノエリザベス,八木昌司
タガノエルピーダ,八木良司
タガノエルフ,八木良司
タガノエルー,八木良司
タガノエヴリン,八木良司
タガノオウリン,八木良司
タガノオボロ,八木良司
タガノカイ,八木良司
タガノカスターニャ,八木良司
タガノカトレア,八木良司
タガノカノア,八木昌司
タガノカハンカ,八木良司
タガノカリュウド,八木良司
タガノカルラ,八木良司
タガノカルーア,八木良司
タガノカレン,八木良司
タガノカワチイ,八木良司
タガノカンデラ,八木良司
タガノガッキー,八木良司
タガノキトピロ,八木良司
タガノキャロル,八木良司
タガノキャンディ,八木良司
タガノキングロード,八木良司
タガノクリエイター,八木良司
タガノクリステル,八木良司
タガノクルシータ,八木良司
タガノクレオパトラ,八木良司
タガノクロシェット,八木良司
タガノグラウス,八木良司
タガノグラシアス,八木良司
タガノグラジオラス,八木良司
タガノグランエース,八木良司
タガノグランサム,八木良司
タガノグリジオ,八木良司
タガノグリュック,八木良司
タガノグルナ,八木良司
タガノグレイシア,八木昌司
タガノコウキ,八木良司
タガノコットン,八木良司
タガノコノミン,八木良司
タガノコハクゾラ,八木良司
タガノコルソ,八木良司
タガノゴマチャン,八木良司
タガノサダフ,八木良司
タガノサルバドル,八木良司
タガノシャイニー,八木良司
タガノシャルドネ,八木秀之
タガノシャーンス,八木良司
タガノシュトラール,八木良司
タガノシリフケ,八木良司
タガノシルフィー,八木良司
タガノジェロディ,八木良司
タガノジャイアント,八木良司
タガノジャック,八木昌司
タガノジョリーン,八木良司
タガノジョーヌ,八木良司
タガノジーニアス,八木秀之
タガノスカイハイ,八木良司
タガノスカウター,八木良司
タガノスピカ,八木良司
タガノスプモーネ,八木良司
タガノスペルノヴァ,八木良司
タガノスミカ,八木良司
タガノセーヌ,八木良司
タガノソフィア,八木良司
タガノタイト,八木良司
タガノタイリン,八木良司
タガノタンゴ,八木良司
タガノタント,八木良司
タガノダンシング,八木良司
タガノチェイス,八木良司
タガノチカマ,八木良司
タガノチュール,八木良司
タガノチョコラータ,八木良司
タガノツラヌキ,八木良司
タガノテツ,八木良司
タガノテフテフ,八木良司
タガノディアマンテ,八木良司
タガノディアーナ,八木良司
タガノディオーサ,八木良司
タガノディガー,八木昌司
タガノディグオ,八木秀之
タガノディパートゥ,八木良司
タガノディミトラ,八木良司
タガノディラン,八木良司
タガノデュード,八木良司
タガノトラリア,八木良司
タガノトランキーロ,八木良司
タガノドゥリ,八木良司
タガノナッシュビル,八木昌司
タガノニューデリー,八木良司
タガノネクステージ,八木良司
タガノハイセンス,八木良司
タガノハイライト,八木良司
タガノハスビナー,八木良司
タガノハツコイ,八木良司
タガノハナブサ,八木良司
タガノハンマー,八木良司
タガノバビロン,八木良司
タガノバルコス,八木良司
タガノバルバドス,八木良司
タガノバレッティ,八木良司
タガノパッション,八木良司
タガノヒダマリ,八木良司
タガノヒナタ,八木良司
タガノヒバナ,八木良司
タガノヒモロギ,八木良司
タガノヒロック,八木良司
タガノヒロライド,八木良司
タガノビギニング,八木良司
タガノビジネス,八木良司
タガノビューティー,八木良司
タガノビーザライト,八木良司
タガノビーダッシュ,八木良司
タガノピュール,八木良司
タガノピースサイン,八木昌司
タガノファジョーロ,八木秀之
タガノフィナーレ,八木良司
タガノフラッデル,八木秀之
タガノフリューゲル,八木良司
タガノフルチャンス,八木良司
タガノフレイア,八木良司
タガノフレミング,八木良司
タガノブディーノ,八木良司
タガノプディング,八木良司
タガノプトゥリ,八木良司
タガノプリマベーラ,八木良司
タガノプレトリア,八木良司
タガノヘラクレス,八木良司
タガノベリキュー,八木良司
タガノベリンダ,八木良司
タガノペカ,八木良司
タガノペルマネンテ,八木良司
タガノボンバー,八木昌司
タガノポストマン,八木良司
タガノポルトロン,八木良司
タガノマイクラフト,八木良司
タガノマカシヤ,八木良司
タガノマカロン,八木良司
タガノマドリード,八木良司
タガノマリン,八木良司
タガノマルアフ,八木良司
タガノマーチ,八木良司
タガノミア,八木良司
タガノミスト,八木良司
タガノミトゥンドゥ,八木良司
タガノミナミ,八木良司
タガノミミ,八木良司
タガノミモザ,八木良司
タガノミュウミュウ,八木良司
タガノミューコ,八木良司
タガノミラクル,八木良司
タガノミリオン,八木良司
タガノラデツキー,八木良司
タガノランパート,八木良司
タガノラヴズワン,八木良司
タガノリアン,八木良司
タガノリバイバー,八木秀之
タガノリヴェラーノ,八木昌司
タガノルシエル,八木良司
タガノルナ,八木良司
タガノルビー,八木良司
タガノルーキー,八木良司
タガノルークス,八木良司
タガノレイシャス,八木良司
タガノレクシア,八木良司
タガノレディブル,八木良司
タガノロビンソン,八木昌司
タガノヴァレンチ,八木昌司
タガノヴィアトゥル,八木良司
タガノヴィクター,八木良司
タガノヴィッター,八木良司
タガノヴェローナ,八木良司
タガノヴェント,八木良司
タキ,スリーエイチレーシング
タキオン,芹澤精一
タキオンレイ,小林博雄
タキザクラ,ノルマンディーサラブレッドレーシング
タキシードジャンク,原禮子
タキノボリ,越村哲男
タギマサダス,鈴木正浩
タク,瀬谷隆雄
タクシンイメル,ケーエスＨＤ
タクティシアン,シルクレーシング
タクティークプラン,ディアレストクラブ
タクティーレン,吉田晴哉
タクミオジュウ,チョウサン
タクミチョウサン,チョウサン
タケウチビー,由井健太郎
タケウチリッキー,由井健太郎
タケオ,八嶋長久
タケシ,岡田隆寛
タケショウカイザー,ナイト商事
タケショウダイヤ,ナイト商事
タケショウブラボー,ナイト商事
タケショウベスト,ナイト商事
タケショウワンダー,ナイト商事
タケデンサンダー,武市弘
タケデンフォワード,武市一宏
タケトンボ,イクタ
タケノサイコウ,竹原孝昭
タケノシンセイ,竹原孝昭
タケノマグナム,小林毅圭也
タケノリダー,ＨｉｍＲｏｃｋＲａｃｉｎｇホールディングス
タケノリッチ,竹原孝昭
タケルカムイ,森保彦
タケルゴールド,森保彦
タケルサバイバル,森保彦
タケルジャック,森保彦
タケルハーロック,森保彦
タケルフォーカス,森保彦
タケルペガサス,森保彦
タケルムサシ,森保彦
タケルライジング,森保彦
タケルラスティ,森保彦
タケルルーク,森保彦
タケルレジェンド,森保彦
タゴム,杉澤光雄
タシット,多田賢司
タシロ,ミルファーム
タスクフォース,窪田康志
タスティエーラ,キャロットファーム
タスマンハイウェイ,吉田勝己
タターガタ,程田真司
タチ,中村勝彦
タチアオイ,和田牧場
タッカー,ウエスト．フォレスト．ステイブル
タッカーアリシア,小松崎孝
タッカーカムカム,小松崎孝
タッカーシルバー,小松崎孝
タッカージーティー,小松崎孝
タッカーステート,小松崎孝
タッカーハート,小松崎孝
タッカーバリアント,小松崎孝
タッカーバレット,小松崎孝
タッカーブルー,小松崎孝
タッカーメイヴィス,小松崎孝
タッカーライジング,小松崎孝
タッカーヴァンバン,小松崎孝
タッカーヴィーナス,小松崎孝
タックスフェイス,ＳＴレーシング
タックスリファンド,フィールドレーシング
タックボーイ,Ｍｒ．ホース
タッケンアイ,竹田寿
タッケンイッキ,竹田寿
タッケンウルル,竹田寿
タッケンエリカ,竹田寿
タッシーアキヒート,吉岡輝美
タッシーアレッタ,吉岡輝美
タッシーアンジェラ,吉岡輝美
タッシーエルモ,吉岡輝美
タッシーベリンダ,吉岡輝美
タッセル,ビッグレッドファーム
タッセルノット,シルクレーシング
タッチアコード,サンデーレーシング
タッチアンドムーブ,社台レースホース
タッチウッド,吉田和美
タッチザシーリング,吉田千津
タッチザスカイ,飯田貴大
タッチザモーメント,社台レースホース
タッチダウン,ゴドルフィン
タッチフラッシュ,中村祐子
タッチャブル,大塚亮一
タッチングムービー,キャロットファーム
タッチーフェイス,ＳＴレーシング
タッデオ,名古屋友豊
タツアレックス,鈴木伸幸
タツオウカケンラン,鈴木高幸
タツオウカランブ,鈴木高幸
タツゴウゲキ,鈴木高幸
タツシデン,鈴木高幸
タツセイリュウ,鈴木高幸
タツセンジンムソウ,鈴木高幸
タツダイヤモンド,鈴木伸幸
タツナナイロ,鈴木伸幸
タツハグンセイ,鈴木高幸
タツフェーヴル,鈴木高幸
タツブラック,鈴木伸幸
タツリュウオー,しょうじ
タツレーヴ,鈴木高幸
タテヤマ,小島將之
タトゥーアリ,アフロｉｎＥｌＰａｓｏ
タドウリョク,ＳＮＳｍｅｄｉａ＆ｃｏｎｓｕｌｔｉｎｇ
タナキーボー,田中俊彰
タナコクシテンホウ,田中俊彰
タナサンブラック,田中俊彰
タナザウィング,田中俊彰
タナスーペルノーバ,田中俊彰
タナノイナリー,田中俊彰
タナノフローラ,田中俊彰
タナハシ,田中俊彰
タナバタ,ＦＡレーシング
タナバリアシハヤイ,田中俊彰
タナブイハチターボ,田中俊彰
タナロア,名古屋友豊
タナロット,ミルファーム
タニオブカンナ,谷正之
タニガワ,江川伸夫
タニセンイメル,染谷幸雄
タニセンゴールド,染谷幸雄
タニセンシロッコ,染谷幸雄
タニセンジュピター,染谷幸雄
タニセンダイヤ,染谷幸雄
タニセンドリーム,染谷幸雄
タニセンボーラ,染谷幸雄
タニセンラッキー,染谷幸雄
タニセンレラ,染谷幸雄
タニセンローマ,染谷幸雄
タニノシェクハンド,谷水雄三
タニノタビト,谷水雄三
タニノドラマ,谷水雄三
タニノフランケル,谷水雄三
タニノホウザン,谷口祐人
タニノマイカ,谷水雄三
タニノミステリー,谷水雄三
タニノミッション,谷水雄三
タニノミモザ,谷水雄三
タニノヨセミテ,谷水雄三
タニマサベーカ,谷正之
タヌキダンス,菅藤孝雄
タノムデホンマ,三宅勝俊
タヒチアンダンス,吉田照哉
タビズキ,大塚亮一
タビニュ,ゴドルフィン
タピオカ,清水牧場
タピゾー,大塚亮一
タピテール,吉田千津
タフクッキー,ゴドルフィン
タフタドレープ,吉田照哉
タフチョイス,ゴドルフィン
タフトテソーロ,了徳寺健二ホールディングス
タフバディ,ＫＩＭＵＲＡ
タブレットピーシー,薗部博之
タブロー,落合幸弘
タプティ,日高大洋牧場
タプファーアイ,井上隆次
タベザカリ,東豊物産
タボン,サン
タマエスポワール,玉井鶴枝
タマカヅラ,高瀬真尚
タマコイファルコン,玉田将
タマコロリン,フィールドレーシング
タマゴ,ケーエスＨＤ
タマサイ,ミルファーム
タマスカイブルー,玉井鶴枝
タマダイヤモンド,玉井鶴枝
タマテバコ,小島將之
タマディープ,玉井鶴枝
タマノアドレ,玉腰勇吉
タマノカイザー,玉腰勇吉
タマノカリーナ,玉腰勇吉
タマノシュシュ,玉腰勇吉
タマノジュメイラ,玉腰勇吉
タマノフィオーレ,玉腰勇吉
タマノルーナ,玉腰勇吉
タマハガネ,松田真由美
タマブラックパール,玉井鶴枝
タマモアオゾラ,タマモ
タマモアタック,タマモ
タマモアテネ,タマモ
タマモアポローン,タマモ
タマモアマリリス,タマモ
タマモアマルフィ,タマモ
タマモアモーレ,タマモ
タマモアルタイル,タマモ
タマモアンドロメダ,タマモ
タマモイカロス,タマモ
タマモイチバンボシ,タマモ
タマモイットウセイ,タマモ
タマモイレブン,タマモ
タマモエイトビート,タマモ
タマモエクラン,タマモ
タマモエストレジャ,タマモ
タマモエース,タマモ
タマモオトメ,タマモ
タマモオペラ,タマモ
タマモカガヤキ,タマモ
タマモカスターニャ,タマモ
タマモカトレア,タマモ
タマモカラボス,タマモ
タマモカンパネラ,タマモ
タマモガーベラ,タマモ
タマモキサキ,タマモ
タマモキャペリン,タマモ
タマモキャリコ,タマモ
タマモキャロル,タマモ
タマモキャーンズ,タマモ
タマモキラキラボシ,タマモ
タマモキラメキ,タマモ
タマモクリーガー,タマモ
タマモクレマチス,タマモ
タマモクロッシェ,タマモ
タマモグリーチング,タマモ
タマモケトル,松谷翔太
タマモケンタウルス,タマモ
タマモコレクト,タマモ
タマモコンペイトウ,タマモ
タマモコーラス,タマモ
タマモサイジョ,タマモ
タマモサウルス,タマモ
タマモサザンクロス,タマモ
タマモサンシーロ,タマモ
タマモシリウス,タマモ
タマモシルエット,タマモ
タマモシンプロン,タマモ
タマモジャイブ,タマモ
タマモジャケット,タマモ
タマモジャスミン,タマモ
タマモスカイ,タマモ
タマモスノーダンス,タマモ
タマモスムージー,タマモ
タマモゼーゼマン,タマモ
タマモソリスト,タマモ
タマモタップダンス,タマモ
タマモダイジョッキ,タマモ
タマモチャオ,タマモ
タマモチョコチップ,タマモ
タマモツワモノ,タマモ
タマモティーカップ,タマモ
タマモティータイム,タマモ
タマモテラコッタ,タマモ
タマモトップハット,タマモ
タマモトリノ,タマモ
タマモトレゾール,タマモ
タマモナセバナル,タマモ
タマモナポリ,タマモ
タマモネックタイ,タマモ
タマモネモフィラ,タマモ
タマモハヤブサ,タマモ
タマモバニラ,タマモ
タマモバンケット,タマモ
タマモパスクワ,タマモ
タマモパッション,タマモ
タマモパルファン,タマモ
タマモヒップホップ,タマモ
タマモヒメギミ,タマモ
タマモヒロイン,タマモ
タマモビジュー,タマモ
タマモビスケット,タマモ
タマモビックホーム,タマモ
タマモビラカリーナ,タマモ
タマモフェーム,タマモ
タマモフリージア,タマモ
タマモブトウカイ,タマモ
タマモブラウンタイ,タマモ
タマモブラックタイ,タマモ
タマモブリリアン,タマモ
タマモブリリオ,タマモ
タマモブレイキン,タマモ
タマモプラネット,タマモ
タマモプリズム,タマモ
タマモプルメリア,タマモ
タマモベネチア,タマモ
タマモベルガモ,タマモ
タマモベローナ,タマモ
タマモペアリング,タマモ
タマモペルリーナ,タマモ
タマモボイジャー,タマモ
タマモポラリス,タマモ
タマモポロネーズ,タマモ
タマモマイホーム,タマモ
タマモマクシム,タマモ
タマモマサユメ,タマモ
タマモマスラオ,タマモ
タマモマリアージュ,タマモ
タマモミンミ,タマモ
タマモメイトウ,タマモ
タマモメガジョッキ,タマモ
タマモメルヘン,タマモ
タマモモンレーブ,タマモ
タマモラプトル,タマモ
タマモランプ,タマモ
タマモリボン,タマモ
タマモルピナス,タマモ
タマモルル,タマモ
タマモルーチェ,タマモ
タマモレイメイ,タマモ
タマモロック,タマモ
タマモワカムシャ,タマモ
タマモワンカラット,タマモ
タマモヴェナトル,タマモ
タマリスペクト,玉井鶴枝
タマレディ,玉井鶴枝
タマワープスピード,玉井鶴枝
タミオスター,ＣＨＥＶＡＬＡＴＴＡＣＨＥ
タミゼ,水上行雄
タミルナードゥ,ミルファーム
タムロキュラムン,谷口屯
タムロシャイン,谷口屯
タムロショウリュー,谷口屯
タムロドリーム,谷口屯
タムロミラクル,谷口屯
タヤスアメリカン,横瀬兼二
タヤスゴールド,横瀬兼二
タヤスソーレ,横瀬兼二
タヤスロレンヌ,横瀬兼二
タヤスロンドン,横瀬兼二
タラニス,藤田孟司
タラン,中辻明
タランチュラ,佐々木雄二
タリア,ディアレストクラブ
タリエシン,野田努
タリスアマゾン,高橋文男
タリスカーベイ,ゴドルフィン
タリスマン,リトルブルーファーム
タリフライン,吉田勝己
タルタロス,村木慎吾
タルトポワール,ウエスト．フォレスト．ステイブル
タルバン,ミルファーム
タルマイサン,是枝浩平
タルマエロマエ,吉田千津
タレントゥーサ,広尾レース
タレントバイオ,バイオ
タロ,西村健
タロサンダー,高岡浩行
タロファイター,高岡浩行
タロマイスター,高岡浩行
タロントゥーズ,前田晋二
タワワ,ニッシンホールディングス
タワーオブバベル,ゴドルフィン
タワーオブロンドン,ゴドルフィン
タワークライマー,ミルファーム
タワーリシチ,柴田洋一
タワーレイヴン,ノルマンディーサラブレッドレーシング
タンカノキミ,岡浩二
タンキエットゥ,岡田牧雄
タンクティーエー,ケンレーシング組合
タンゴノアール,千葉正人
タンゴバイラリン,山田弘
タンジェリンムーン,サンデーレーシング
タンジェントアーク,大塚亮一
タンタイド,飯田政子
タンタグローリア,Ｇ１レーシング
タンタフエルサ,Ｇ１レーシング
タンタラス,サンデーレーシング
タンタラスノオカ,嶋田賢
タンタルイーズ,吉田安惠
タンタンドル,グリーンファーム
タンテドヴィーヴル,キャロットファーム
タントレーベル,生垣博志
タンドレス,ＧｒａｎｄｅＲａｃｉｎｇ
タンバアンジェラ,荻野憲夫
タンバオー,荻野憲夫
タンバザクラ,田畑富子
タンバッフェ,荻野憲夫
タンバリュー,荻野憲夫
タンバヴェルド,荻野憲夫
タンホイザー,中辻明
タンレイ,長島利治
タヴァネスタン,前田幸治
ターキッシュアート,ゴドルフィン
ターキッシュバン,奈良崎孝一郎
ターキッシュパレス,ゴドルフィン
ターゲサンブルック,幅田京子
ターゲット,石川達絵
ターゲリート,Ｇ１レーシング
ターコイズテソーロ,了徳寺健二ホールディングス
ターコイズデュー,ＣＨＥＶＡＬＡＴＴＡＣＨＥ
ターコイズフリンジ,シルクレーシング
ターコイズリング,堀口晴男
タータンダンサー,今中俊平
タートザッヘ,サラブレッドクラブ・ラフィアン
タートルインメイ,内田玄祥
ターニングアップ,ミルファーム
タービンホール,永田博之
ターフインワン,新井原博
ターフェルムジーク,サンデーレーシング
ターフクリスタル,ターフ・スポート
ターミネーター,川勝裕之
タールベルク,江馬由将
ターンザテーブルス,Ｇ１レーシング
ターンソウル,グリーンスウォード
ターントゥオーバー,西村隆平
ターンバック,サラブレッドクラブ・ラフィアン
ダイアトニック,シルクレーシング
ダイアトリーム,Ｇ１レーシング
ダイアナクイーン,駒秀
ダイアナブライト,キャロットファーム
ダイアナヘイロー,駒秀
ダイアナマロン,駒秀
ダイアヴィック,ノルマンディーサラブレッドレーシング
ダイイズキャスト,ノースヒルズ
ダイイチターミナル,ミルファーム
ダイウン,渡邊英俊
ダイオジェナイト,キャロットファーム
ダイキリ,幅田昌伸
ダイクロアイト,Ｇ１レーシング
ダイコクヤタエモン,中込哲太郎
ダイゴショウリュウ,長谷川光司
ダイゴシンリュウ,長谷川光司
ダイゴセイリュウ,長谷川光司
ダイゴホマレリュウ,長谷川光司
ダイゴリュウ,長谷川光司
ダイゴリュウジン,長谷川光司
ダイシンアキラ,大八木信行
ダイシンアポロン,大八木信行
ダイシンアレス,大八木信行
ダイシンイナリ,大八木信行
ダイシンインディー,大八木信行
ダイシンウィット,大八木信行
ダイシンオリーブ,大八木信行
ダイシンカタナ,大八木信行
ダイシンカレラ,大八木信行
ダイシンカローリ,大八木信行
ダイシンカーリー,大八木信行
ダイシンキャラミ,大八木信行
ダイシンギワ,大八木信行
ダイシンクイント,大八木信行
ダイシンクローバー,大八木信行
ダイシンサクセス,大八木信行
ダイシンサニー,大八木信行
ダイシンサンダー,大八木信行
ダイシンサンディー,大八木信行
ダイシンステルラ,大八木信行
ダイシンデリー,大八木信行
ダイシンドラゴン,大八木信行
ダイシンネイビー,大八木信行
ダイシンバルカン,大八木信行
ダイシンバースディ,大八木信行
ダイシンパルス,大八木信行
ダイシンビヨンド,大八木信行
ダイシンビルギニス,大八木秀子
ダイシンピスケス,大八木信行
ダイシンフォルテ,大八木信行
ダイシンベスパ,大八木秀子
ダイシンペルル,大八木秀子
ダイシンマルス,大八木信行
ダイシンヤマト,大八木信行
ダイシンユノ,大八木信行
ダイシンヨーク,大八木秀子
ダイシンラッシュ,大八木信行
ダイシンラー,大八木信行
ダイシンリカール,大八木信行
ダイシンリンク,大八木秀子
ダイシンレアレア,大八木信行
ダイシンレジウス,大八木信行
ダイシンレスター,大八木信行
ダイジェスト,キーウエスト
ダイスアキャスト,Ｇ１レーシング
ダイスアローリング,Ｇ１レーシング
ダイスギミッチー,茂木道和
ダイセンハッピー,根田喜久雄
ダイタエリュシオン,中込哲太郎
ダイタクロノス,中込哲太郎
ダイタシリウス,中込哲太郎
ダイタジェネシス,中込哲太郎
ダイタジャスティス,中込哲太郎
ダイタヴァルキリー,中込哲太郎
ダイダロス,ノースヒルズ
ダイチジェム,服部英利
ダイチストリーム,服部英利
ダイチスマイル,服部英利
ダイチノカムイ,本田土寿
ダイチノツバサ,本田土寿
ダイチノナポリ,本田土寿
ダイチノユメ,折手邦雄
ダイチョウセブン,長谷川一雄
ダイチラファール,服部英利
ダイチラポール,服部英利
ダイチヴィット,服部英利
ダイチヴィヴァン,服部英利
ダイチヴィーゼ,荻伏服部牧場
ダイトウキョウ,市川義美
ダイナスティシチー,友駿ホースクラブ
ダイナストーン,山本又一郎
ダイナソーコー,伊藤弘人
ダイナナフェアリー,村山忠弘
ダイナマイク,藤田晋
ダイナマイトベルン,四本昭弘
ダイナマイトメロン,東豊物産
ダイナマイトレディ,飯田総一郎
ダイナミックアロー,小川勲
ダイナミックス,長沼秀明
ダイナミックリュウ,杵臼牧場
ダイノコクオウ,町田武
ダイノハイド,町田武
ダイハッシュウ,渡邊英俊
ダイバリオン,キャロットファーム
ダイバーシティ,細谷典幸
ダイヒョウカーク,井上久光
ダイビングキャッチ,吉田千津
ダイビングヘッド,星野隆男
ダイフク,小林博雄
ダイボサツトウゲ,諸岡慶
ダイム,エラドゥーラ
ダイメイアゲイン,宮本孝一
ダイメイイチョウ,宮本孝一
ダイメイイースター,宮本孝一
ダイメイオトヒメ,宮本昇
ダイメイギンガ,宮本孝一
ダイメイクマモト,宮本孝一
ダイメイクルミ,宮本昇
ダイメイクロフネ,宮本孝一
ダイメイコスズ,宮本孝一
ダイメイコスモス,宮本孝一
ダイメイコリーダ,宮本昇
ダイメイサツキ,宮本昇
ダイメイセブン,宮本昇
ダイメイゼット,宮本昇
ダイメイソテツ,宮本孝一
ダイメイティアラ,宮本孝一
ダイメイナガス,宮本孝一
ダイメイハッピー,宮本孝一
ダイメイハマダ,宮本昇
ダイメイビッグボス,宮本昇
ダイメイフジ,宮本昇
ダイメイプリンス,宮本孝一
ダイメイプリンセス,宮本孝一
ダイメイボーイ,宮本孝一
ダイメイミライ,宮本孝一
ダイメイミラクル,宮本孝一
ダイメイムーン,宮本昇
ダイモーン,平本敏夫
ダイヤキングダム,ダイヤモンドファーム
ダイヤクイン,大野數芳
ダイヤクリーガー,ダイヤモンドファーム
ダイヤグラフ,市川義美ホールディングス
ダイヤグラム,小田吉男
ダイヤテソーロ,了徳寺健二ホールディングス
ダイヤノエース,モンレーヴ
ダイヤノカガヤキ,ダイヤモンドファーム
ダイヤノゴトク,岡浩二
ダイヤノジャック,協栄
ダイヤフレンド,大野數芳
ダイヤプリーモ,大野數芳
ダイヤメ,辻子依旦
ダイヤモンド,石川達絵
ダイヤモンドアツシ,鈴木正浩
ダイヤモンドエルザ,林千枝子
ダイヤモンドカーク,飯田総一郎
ダイヤモンドキララ,ダイヤモンドファーム
ダイヤモンドダスト,福田達也
ダイヤモンドナイツ,ＹＧＧホースクラブ
ダイヤモンドノット,金子真人ホールディングス
ダイヤモンドハンズ,サンデーレーシング
ダイヤモンドパレス,サンデーレーシング
ダイヤモンドヒル,谷口悦一
ダイヤモンドビーチ,ノルマンディーサラブレッドレーシング
ダイヤモンドピラー,有馬博文
ダイヤモンドフジ,グリーンファーム
ダイヤモンドブルー,ＨｉｍＲｏｃｋＲａｃｉｎｇホールディングス
ダイヤモンドヘッド,新保松二
ダイヤモンドライフ,大塚亮一
ダイヤモンドリリー,田頭勇貴
ダイヤモンドレイン,サンデーレーシング
ダイヤモンドロワ,林進
ダイヤレイジング,三浦勝仁
ダイヤーズブルーム,吉岡泰治
ダイユウアクアリオ,大友靖岐
ダイユウアドバンス,大友靖岐
ダイユウアレグロ,大友靖岐
ダイユウアレース,大友靖岐
ダイユウグラフ,大友靖岐
ダイユウゲネシス,大友靖岐
ダイユウサルターレ,大友靖岐
ダイユウサンテ,大友靖岐
ダイユウシェリー,大友靖岐
ダイユウドナテラ,大友靖岐
ダイユウハミルトン,大友靖岐
ダイユウバルキリー,大友靖岐
ダイユウヒンギス,大友靖岐
ダイユウファリーナ,大友靖岐
ダイユウブライアン,大友靖岐
ダイユウブルー,大友靖岐
ダイユウボンバー,大友靖岐
ダイユウライラック,大友靖岐
ダイユウルミナス,大友靖岐
ダイユウルージュ,大友靖岐
ダイユウレゾナンス,大友靖岐
ダイユウローズ,大友靖岐
ダイユウヴェンティ,大友靖岐
ダイラントウ,ＳＳレーシング
ダイリュウスマート,大野龍
ダイリュウハヤテ,瀬山孝一
ダイリュウブラック,大野龍
ダイリュウホマレ,大野龍
ダイリュウボーラー,大野龍
ダイレクトフライト,Ｇ１レーシング
ダイワインパルス,大城敬三
ダイワエターナル,大城敬三
ダイワエトワール,大城敬三
ダイワキャグニー,大城正一
ダイワギャバン,大城正一
ダイワクンナナ,大城正一
ダイワスキャンプ,大城正一
ダイワストレート,大城敬三
ダイワセントライト,大城正一
ダイワダグラス,大城正一
ダイワドノヴァン,大城正一
ダイワミラクル,大城正一
ダイワメモリー,大城敬三
ダイワリチャード,大城敬三
ダイワリベラル,大城敬三
ダインスレイフ,ゴールドアップ・カンパニー
ダイヴィンダート,吉澤克己
ダイヴトゥブルー,那須野牧場
ダウラギリ,スピードファーム
ダウラギリテソーロ,了徳寺健二ホールディングス
ダウンザライン,Ｂａｓｉｃ
ダウンタウンキラリ,林正道
ダウンタウンスピカ,林正道
ダウンタウンプリマ,林正道
ダウントゥアース,グリーンファーム
ダオラダオラ,ライオンレースホース
ダカラフェスティヴ,臼井一眞
ダガーリング,犬飼優
ダグウッド,橋元勇氣
ダグザ,キャロットファーム
ダグフォース,藤田晋
ダグラス,中辻明
ダコタブラックヒル,Ｋ．Ｃ．タン
ダゴベルト,サンデーレーシング
ダシータピット,加藤誠
ダスク,吉澤ホールディングス
ダストテイル,シルクレーシング
ダストボウル,山内邦一
ダズラー,カナヤマホールディングス
ダズリン,手塚清隆
ダズリングスカイ,ＣＨＥＶＡＬＡＴＴＡＣＨＥ
ダズリングダンス,京都ホースレーシング
ダズリングティアラ,グリーンファーム
ダズリングノット,三宅勝俊
ダズリングビーチ,社台レースホース
ダズリングブレイヴ,サンデーレーシング
ダズリングレイ,宮川純造
ダズリンビジュー,コスモヴューファーム
ダズルオーロラ,田頭勇貴
ダックアンドレイク,加藤誠
ダックダイヴ,金子真人ホールディングス
ダックリン,ディアレストクラブ
ダッシュウイング,桜井牧場
ダッシュダクラウン,星加浩一
ダッシュチョウサン,チョウサン
ダッシングブレイズ,グリーンフィールズ
ダッチアイリス,杵臼牧場
ダッチマン,小田切光
ダット,鈴木康弘
ダテオトコ,是枝浩平
ダテヒリュウ,伊達牧場
ダテボレアス,渡邉直樹
ダテミカヅキ,渡邉直樹
ダディフィンガー,野村茂雄
ダディーズアイル,田島大史
ダディーズウォリア,田島大史
ダディーズグーグー,田島大史
ダディーズサンクス,田島大史
ダディーズソフィア,田島大史
ダディーズソード,田島大史
ダディーズトリップ,田島大史
ダディーズビビッド,田島大史
ダディーズマインド,田島大史
ダディーズメジャー,田島大史
ダディーズラビング,田島大史
ダナキル,ミルファーム
ダニエラハニー,吉田和美
ダニエルバローズ,猪熊広次
ダニューブ,ゴドルフィン
ダニーデン,吉田和美
ダニーボーイ,三田昌宏
ダヌラーサナ,社台レースホース
ダノンアイリス,ダノックス
ダノンアスコルティ,ダノックス
ダノンアズール,ダノックス
ダノンアトラス,ダノックス
ダノンアポロン,ダノックス
ダノンアマレット,ダノックス
ダノンアリエス,ダノックス
ダノンアルム,ダノックス
ダノンアレー,ダノックス
ダノンアンチュラス,ダノックス
ダノンアンドレ,ダノックス
ダノンアーリー,ダノックス
ダノンインパルス,ダノックス
ダノンウィルヘルム,ダノックス
ダノンエアズロック,ダノックス
ダノンエクレール,ダノックス
ダノンエンブレム,ダノックス
ダノンオスカル,ダノックス
ダノンオブアイデア,ダノックス
ダノンオブザイヤー,ダノックス
ダノンオンザビート,ダノックス
ダノンカオス,ダノックス
ダノンカゼルタ,ダノックス
ダノンカレラ,ダノックス
ダノンカローネ,ダノックス
ダノンキューブ,ダノックス
ダノンキラウェア,ダノックス
ダノンキングダム,ダノックス
ダノンキングリー,ダノックス
ダノンギャラクシー,ダノックス
ダノンクック,ダノックス
ダノンクライム,ダノックス
ダノンクラウディア,ダノックス
ダノンクロム,ダノックス
ダノングッド,ダノックス
ダノングリスター,ダノックス
ダノングレイ,ダノックス
ダノングレース,ダノックス
ダノングレーター,ダノックス
ダノングロッケン,ダノックス
ダノングロワール,ダノックス
ダノングローリア,ダノックス
ダノンケイツー,ダノックス
ダノンケリー,ダノックス
ダノンケンリュウ,ダノックス
ダノンコスモス,ダノックス
ダノンコレクト,ダノックス
ダノンゴーイチ,ダノックス
ダノンサザン,ダノックス
ダノンザキッド,ダノックス
ダノンザタイガー,ダノックス
ダノンザボルケーノ,ダノックス
ダノンシティ,ダノックス
ダノンシュネラ,ダノックス
ダノンシーザー,ダノックス
ダノンシーホーク,ダノックス
ダノンシーマ,ダノックス
ダノンジェネラル,ダノックス
ダノンジャイアン,ダノックス
ダノンジャガー,ダノックス
ダノンジャスティス,ダノックス
ダノンジャッカル,ダノックス
ダノンジュリアス,ダノックス
ダノンジョーカー,ダノックス
ダノンスウィッチ,ダノックス
ダノンスコーピオン,ダノックス
ダノンスターズ,ダノックス
ダノンステート,ダノックス
ダノンストラーダ,ダノックス
ダノンスパーク,ダノックス
ダノンスプレンダー,ダノックス
ダノンスマッシュ,ダノックス
ダノンセシボン,ダノックス
ダノンセフィーロ,ダノックス
ダノンセレスタ,ダノックス
ダノンセンチュリー,ダノックス
ダノンソフィア,ダノックス
ダノンソレイユ,ダノックス
ダノンタイムリー,ダノックス
ダノンタッチダウン,ダノックス
ダノンターキッシュ,ダノックス
ダノンダックス,ダノックス
ダノンダンサー,ダノックス
ダノンチェイサー,ダノックス
ダノンチェリー,ダノックス
ダノンチャンス,ダノックス
ダノンチャンピオン,ダノックス
ダノンテアトロ,ダノックス
ダノンティアラ,ダノックス
ダノンティンパニー,ダノックス
ダノンテイオー,ダノックス
ダノンテムズ,ダノックス
ダノンディアマンテ,ダノックス
ダノンディーヴァ,ダノックス
ダノンデサイル,ダノックス
ダノントルネード,ダノックス
ダノンドナウ,ダノックス
ダノンドリーマー,ダノックス
ダノンドロテア,ダノックス
ダノンハイパワー,ダノックス
ダノンハイファイブ,ダノックス
ダノンハドソン,ダノックス
ダノンハーロック,ダノックス
ダノンバジリア,ダノックス
ダノンバビル,ダノックス
ダノンバリアント,ダノックス
ダノンバーボン,ダノックス
ダノンパペット,ダノックス
ダノンパルス,ダノックス
ダノンヒストリー,ダノックス
ダノンヒューマ,ダノックス
ダノンピクチャー,ダノックス
ダノンピッコロ,ダノックス
ダノンピレネー,ダノックス
ダノンピーカブー,ダノックス
ダノンファスト,ダノックス
ダノンファラオ,ダノックス
ダノンファンスター,ダノックス
ダノンファンタジー,ダノックス
ダノンフィオーレ,ダノックス
ダノンフィーゴ,ダノックス
ダノンフェアレディ,ダノックス
ダノンフェイス,ダノックス
ダノンフェリペ,ダノックス
ダノンフェルゼン,ダノックス
ダノンフォワード,ダノックス
ダノンフォーチュン,ダノックス
ダノンフォーナイン,ダノックス
ダノンフューチャー,ダノックス
ダノンフレア,ダノックス
ダノンフロイデ,ダノックス
ダノンフロンティア,ダノックス
ダノンブギ,ダノックス
ダノンブライト,ダノックス
ダノンブランニュー,ダノックス
ダノンブリザード,ダノックス
ダノンブルズアイ,ダノックス
ダノンブレット,ダノックス
ダノンブロッサム,ダノックス
ダノンプリマ,ダノックス
ダノンプレサージュ,ダノックス
ダノンプレシャス,ダノックス
ダノンプレジャー,ダノックス
ダノンプレミアム,ダノックス
ダノンプレリュード,ダノックス
ダノンベルビュー,ダノックス
ダノンベルーガ,ダノックス
ダノンペドロ,ダノックス
ダノンホイットニー,ダノックス
ダノンホダカ,ダノックス
ダノンボヌール,ダノックス
ダノンボレロ,ダノックス
ダノンボンド,ダノックス
ダノンボーンレディ,ダノックス
ダノンポセイドン,ダノックス
ダノンポピー,ダノックス
ダノンマイソウル,ダノックス
ダノンマカルー,ダノックス
ダノンマジェスティ,ダノックス
ダノンマジック,ダノックス
ダノンマスタング,ダノックス
ダノンマッキンリー,ダノックス
ダノンマデイラ,ダノックス
ダノンマヴロス,ダノックス
ダノンミカエル,ダノックス
ダノンミッション,ダノックス
ダノンミッドナイト,ダノックス
ダノンメナージュ,ダノックス
ダノンメモリー,ダノックス
ダノンモンテローザ,ダノックス
ダノンモンブラン,ダノックス
ダノンラスター,ダノックス
ダノンラッセル,ダノックス
ダノンランディ,ダノックス
ダノンリュラ,ダノックス
ダノンルミエール,ダノックス
ダノンルミナ,ダノックス
ダノンレガーロ,ダノックス
ダノンレグナム,ダノックス
ダノンレジーナ,ダノックス
ダノンレベッカ,ダノックス
ダノンレーニア,ダノックス
ダノンロイヤル,ダノックス
ダノンロッキー,ダノックス
ダノンロッソ,ダノックス
ダノンロワール,ダノックス
ダノンローチェ,ダノックス
ダノンワンダー,ダノックス
ダノンワンナップ,ダノックス
ダノンヴェステル,ダノックス
ダノンヴェルサイユ,ダノックス
ダノンヴェロシティ,ダノックス
ダビディ,田畑憲士
ダビデヴィットリオ,加藤裕司
ダビド,八嶋長久
ダフィネ,ＮＩＣＫＳ
ダフニス,ターフ・スポート
ダフネオドラ,和田牧場
ダブリナーズ,ゴドルフィン
ダブルアンコール,ＤＭＭドリームクラブ
ダブルイプシロン,大島昌也
ダブルイーグル,シルクレーシング
ダブルクラッチ,キャロットファーム
ダブルクロス,河内孝夫
ダブルコーク,Ｇ１レーシング
ダブルシャープ,天堀忠博
ダブルシルバー,佐々木將吉
ダブルジャッジ,吉田照哉
ダブルジョーク,ゴドルフィン
ダブルスカーレット,ニッシンホールディングス
ダブルスチール,松谷翔太
ダブルスナッチ,シルクレーシング
ダブルスプリット,椎名節
ダブルダイヤモンド,市川義美
ダブルダブル,千明牧場
ダブルチャレンジ,由井健太郎
ダブルデライト,新井原博
ダブルドラゴン,ミルファーム
ダブルハートボンド,シルクレーシング
ダブルフラット,金子真人ホールディングス
ダブルブラック,河内孝夫
ダブルブレンド,酒井牧場
ダブルブロッサム,飯田正剛
ダブルマーク,河内孝夫
ダブルミステリー,西山昌彦
ダブルムーン,ＨｉｍＲｏｃｋＲａｃｉｎｇホールディングス
ダブルメッセージ,スピードファーム
ダブルリード,中本行則
ダブルーン,橋元勇氣
ダマスク,栗坂崇
ダミアン,ＧＥＴＮＥＸＴ
ダミアンバローズ,猪熊広次
ダミエ,キーファーズ
ダヨネ,杉澤光雄
ダラステソーロ,了徳寺健二ホールディングス
ダラムキャッスル,下河辺隆行
ダリ,薪浦亨
ダリアテソーロ,了徳寺健二ホールディングス
ダリアフレイバー,尾田信夫
ダリアメイリー,静内白井牧場
ダリオールショコラ,ビッグレッドファーム
ダリボルカ,吉田照哉
ダリル,山口裕介
ダルエスサラーム,サンデーレーシング
ダルジェント,シルクレーシング
ダルタニアン,吉田千津
ダルダヌス,Ｇ１レーシング
ダルトヴィラ,Ｇ１レーシング
ダルドワーズ,ラ・メール
ダルマジュン,ミルファーム
ダルマワンサ,吉田勝利
ダルムシュタット,村野康司
ダルメイン,ノースヒルズ
ダレモトメラレナイ,ＧＥＴＮＥＸＴ
ダンカーコ,由井健太郎
ダンガリー,栗坂崇
ダンクエース,吉澤ホールディングス
ダンクショット,安原浩司
ダンクバローズ,猪熊広次
ダングラール,橋元勇氣
ダンケシェーン,ローレルレーシング
ダンケシャイン,千明牧場
ダンケルド,サンデーレーシング
ダンサクドゥーロ,吉田勝己
ダンサリーノ,三嶋牧場
ダンサーズドリーム,櫻井正
ダンサール,Ｇ１レーシング
ダンザンレーヴ,サンデーレーシング
ダンシングアウェイ,星野祐介
ダンシングアワー,コスモヴューファーム
ダンシングウィズ,日下部勝徳
ダンシングサンダー,永井商事
ダンシングジュエル,伊東純一
ダンシングチコ,石瀬浩三
ダンシングドール,内田玄祥
ダンシングニードル,窪田芳郎
ダンシングハピリー,ミルファーム
ダンシングプリンス,吉田千津
ダンシングボビー,伊東純一
ダンシングラブリー,伊東純一
ダンシングリッチー,米田稔
ダンジュカリユシ,瀬谷隆雄
ダンジョンヒーロー,Ｃ．チェン
ダンスインザスノー,ライオンレースホース
ダンスインザリング,古賀慎一
ダンスインザレイン,矢野まり子
ダンスウィズジョイ,ヒダカ・ブリーダーズ・ユニオン
ダンスオーレ,吉田喬
ダンスクラブ,村野康司
ダンスグルーヴィ,社台レースホース
ダンスコマンド,社台レースホース
ダンスディライト,社台レースホース
ダンスデミルリトン,岡田牧雄
ダンスデュヴァン,Ｇ１レーシング
ダンスナンバー,スピードファーム
ダンスフェイマス,ＧｒａｎｄｅＲａｃｉｎｇ
ダンスフォーユー,ライフハウス
ダンスベルレーヌ,ノルマンディーサラブレッドレーシング
ダンスメーカー,Ｇ１レーシング
ダンスロマネスク,社台レースホース
ダンタリオン,江馬由将
ダンツアクア,山元哲二
ダンツアスカ,山元哲二
ダンツアタッカー,山元哲二
ダンツアトム,山元哲二
ダンツアバロン,山元哲二
ダンツアラーム,山元哲二
ダンツイノーバ,山元哲二
ダンツウィザード,山元哲二
ダンツウルス,山元哲二
ダンツエスプリ,山元哲二
ダンツエラン,山元哲二
ダンツエリーゼ,山元哲二
ダンツカプリ,山元哲二
ダンツカホウ,山元哲二
ダンツカリフ,山元哲二
ダンツカレン,山元哲二
ダンツガゼール,山元哲二
ダンツキタイ,山元哲二
ダンツキャッスル,山元哲二
ダンツキャンサー,山元哲二
ダンツクォーレ,山元哲二
ダンツクリスタル,山元哲二
ダンツクルーガー,山元哲二
ダンツクルーズ,山元哲二
ダンツクレイオー,山元哲二
ダンツゴウユウ,山元哲二
ダンツサトリア,山元哲二
ダンツシタン,山元哲二
ダンツシャープ,山元哲二
ダンツシルビア,山元哲二
ダンツスピリット,山元哲二
ダンツセイケイ,山元哲二
ダンツセリカ,山元哲二
ダンツソアラ,山元哲二
ダンツタイフーン,山元哲二
ダンツタロン,山元哲二
ダンツターセル,山元哲二
ダンツチェック,山元哲二
ダンツチェリー,山元哲二
ダンツチョイス,山元哲二
ダンツティアラ,山元哲二
ダンツテリオス,山元哲二
ダンツトラバース,山元哲二
ダンツトレノ,山元哲二
ダンツトレント,山元哲二
ダンツドール,山元哲二
ダンツニーヴァ,山元哲二
ダンツハマー,山元哲二
ダンツパルス,山元哲二
ダンツビガー,山元哲二
ダンツファイター,山元哲二
ダンツファントム,山元哲二
ダンツフロンテ,山元哲二
ダンツブライト,山元哲二
ダンツベスト,山元哲二
ダンツペンダント,山元哲二
ダンツリーザ,山元哲二
ダンテスヴュー,金子真人ホールディングス
ダンテズセヴン,ゴドルフィン
ダンテバローズ,猪熊広次
ダンディジャック,サンコウ牧場
ダンディジョー,河内孝夫
ダンディズム,カナヤマホールディングス
ダンディチョウサン,チョウサン
ダンデノン,ＴＮレーシング
ダンデライオン,ノースヒルズ
ダントレ,猪又晶介
ダンネワード,吉田千津
ダンビュライト,サンデーレーシング
ダンブルドア,嶋田賢
ダンホーキラー,ドラゴンヒルズホースクラブ
ダンレアリー,ゴドルフィン
ダヴィンチ,シンユウ企画
ダヴィンチノチョウ,國分純
ダーカザンブラック,北所直人
ダークエクリプス,矢野秀春
ダークオブザナイト,ノルマンディーサラブレッドレーシング
ダークスピリット,田頭勇貴
ダークナイトムーン,社台レースホース
ダークファンタジー,ＮＩＣＫＳ
ダークブロンド,吉田勝己
ダークプリンセス,サンデーレーシング
ダークペイジ,ＫＲジャパン
ダークホース,杉山忠国
ダークマルス,草間庸文
ダークメモリー,ゴドルフィン
ダークモード,ゴドルフィン
ダークリパルサー,レッドマジック
ダークロード,田原邦男
ダークンストーミー,荒井眞澄
ダーコ,増田和啓
ダージル,松谷翔太
ダーヌビウス,サンデーレーシング
ダーリングハースト,サンデーレーシング
ダーリンダーリン,フィールドレーシング
ダーリントンホール,ゴドルフィン
ダーリンボウイ,薪浦亨
ダールフルート,ヒダカ・ブリーダーズ・ユニオン
チアアップ,ブルースターズファーム
チアチアクラシカ,藤田在子
チアファンファーレ,ノースヒルズ
チアフォーアス,東豊物産
チアフルドア,下河辺牧場
チアフルモーション,Ｇ１レーシング
チアフルラン,岡村善行
チアフルローズ,ディアレストクラブ
チアフルヴォイス,ゴドルフィン
チアリング,ミルファーム
チアーズ,飯田正剛
チイサナメダル,薗部博之
チェアアップソング,ノルマンディーサラブレッドレーシング
チェアリングソング,ノルマンディーサラブレッドレーシング
チェイサー,本間茂
チェイス,石井義人
チェイスザウィンド,田頭勇貴
チェイスザウェイ,ヒダカ・ブリーダーズ・ユニオン
チェイスザドリーム,ヒダカ・ブリーダーズ・ユニオン
チェイスダウン,畑佐博
チェイスモード,スピードファーム
チェインストーリー,吉田照哉
チェインズモーカー,ＯＵＭＡ
チェインドレディー,ブルースターズファーム
チェカ,ノースヒルズ
チェサピークベイ,吉田勝己
チェスター,島川隆哉
チェスターコート,佐々木雄二
チェストイケ,西村新一郎
チェストー,諸岡慶
チェスナットコート,藤田卓也
チェスナットドレス,ＧＥＴＮＥＸＴ
チェスナットバレー,大島有志生
チェスナットホーク,岡田牧雄
チェスナットロール,田頭勇貴
チェックメイト,川勝裕之
チェッリーニ,ＫＡＪＩＭＯＴＯホールディングス
チェナ,ディアレストクラブ
チェファルー,ＦＪＡＭ
チェラブ,小林竜太郎
チェリアーナ,加藤誠
チェリスト,手嶋美季
チェリッシュ,飯田良枝
チェリッシュユー,ゴドルフィン
チェリヴェント,中村忠彦
チェリー,平本敏夫
チェリーアトラス,櫻井悦朗
チェリーアルプス,櫻井悦朗
チェリーオリオン,櫻井悦朗
チェリーオントップ,吉田ひとみ
チェリーガイア,櫻井悦朗
チェリースカヤ,櫻井悦朗
チェリーズホット,ＴＵＲＨ
チェリートリトン,櫻井悦朗
チェリーネアルコ,櫻井悦朗
チェリーピッキング,古賀慎一
チェリーフラッシュ,櫻井悦朗
チェリーブランコ,櫻井悦朗
チェリーブリーズ,木村牧場
チェリーブルーム,服部英利
チェリーブロード,大崎幸路
チェリーヘルメス,櫻井悦朗
チェリーベルツ,米津佳昭
チェリーボンボン,山内邦一
チェリーマドンナ,櫻井悦朗
チェリーメガイラ,櫻井悦朗
チェリーリップス,ゴドルフィン
チェリーレッド,佐藤良二
チェリーロシアン,櫻井悦朗
チェリーロマンス,櫻井悦朗
チェルアルコ,吉田晴哉
チェルキオ,京都ホースレーシング
チェルシー,広尾レース
チェルシーライオン,ライオンレースホース
チェルスフィールド,下河辺牧場
チェルノボーグ,社台レースホース
チェルビアット,シルクレーシング
チェルビック,シルクレーシング
チェルビックヒム,ターフ・スポート
チェルビート,中村智幸
チェルヴァーラ,サンデーレーシング
チェルヴィニア,サンデーレーシング
チェルヴィーノ,キャロットファーム
チェレスタ,シルクレーシング
チェンジオブハート,ゴドルフィン
チェンジザワールド,三田昌宏
チェンタウロ,ケンレーシング組合
チェントポルテ,吉田和美
チェンドル,杉浦和也
チェンマイルージュ,ディアレストクラブ
チェータシカ,福原晃
チェーロ,ＧＥＴＮＥＸＴ
チェーンオブラブ,前田幸治
チェーンリアクト,ヒダカファーム
チカクール,キーファーズ
チカチャン,村田哲朗
チカッパ,岡浩二
チカノワール,キーファーズ
チカバリエンテ,藤原牧場
チカポコ,幅田京子
チカマヨルキーナ,木下博
チカミリオン,松島千佳
チカリヨン,松島千佳
チカリータ,キーファーズ
チカレンヌ,キーファーズ
チキウボウエイグン,三宅勝俊
チキチキチータ,小林善一
チギリ,北村栄治
チクリ,ミルファーム
チグサスマイル,伊澤正行
チケットトゥヘブン,神田紘爾
チサトフェリーチェ,松田整二
チザルピーノ,金子真人ホールディングス
チスジ,新井原博
チタノブーケ,中村光利
チタンクレバー,鈴木康弘
チッタデラモーレ,細川勝也
チッピンガム,吉田照哉
チトニア,金子真人ホールディングス
チハヤ,浦野和由
チハヤフル,明栄商事
チバタリアン,井上久光
チビノシエラザード,梅澤明
チビノヴァルタン,梅澤明
チビラーサン,瀬谷隆雄
チベリウス,桑畑隆信
チムグクル,金子真人ホールディングス
チムドンドン,瀬谷隆雄
チムニートップス,吉田和美
チムニーパイプ,ゴドルフィン
チャイカ,谷掛龍夫
チャイブテソーロ,了徳寺健二ホールディングス
チャイボーグ,田頭勇貴
チャイムリープ,黒岩初美
チャウチャウチャウ,三宅勝俊
チャオコーリー,ビッグレッドファーム
チャオバンビーナ,吉田千津
チャオベッラ,吉田千津
チャキ,中村祐子
チャキットコイキ,北所直人
チャクシンアリ,由井健太郎
チャクラバーディ,望月文恵
チャコリーナ,村野康司
チャコワールド,中島俊房
チャコール,落合幸弘
チャコールアニー,日東牧場
チャスラフスカ,三岡陽
チャチャ,石井義孝
チャチャコマニ,シルクレーシング
チャチャチャ,ゴドルフィン
チャチャット,大塚亮一
チャチャヒメ,大田恭充
チャチャピンク,ウエストヒルズ
チャックイーズラブ,大樹ファーム
チャックネイト,金子真人ホールディングス
チャットケリー,水谷美穂
チャットムーン,コスモヴューファーム
チャップマン,林正道
チャナ,大久保和夫
チャナッカレ,社台レースホース
チャパリータ,シルクレーシング
チャピ,加藤晃央
チャプリ,ウエスト．フォレスト．ステイブル
チャペルレーン,ロードホースクラブ
チャムランテソーロ,了徳寺健二ホールディングス
チャメドレア,ディアレストクラブ
チャランダマルツ,シルクレーシング
チャリオット,ラ・メール
チャリスオブオナー,Ｇ１レーシング
チャリタブルソート,ゴドルフィン
チャリティチャリス,吉田千津
チャリャ,岡浩二
チャリングクロス,サンデーレーシング
チャルコパイライト,高橋文男
チャルドーニ,ジャコモ
チャレアーダ,ゴドルフィン
チャレッソ,ミルファーム
チャレンジャー,シルクレーシング
チャロ,グリーンファーム
チャロアイト,吉田晴哉
チャロネグロ,金子真人ホールディングス
チャンキーバングル,金子真人ホールディングス
チャンス,協栄
チャンスウィルカム,飯田正剛
チャンスザローゼス,藤田晋
チャンスドゥアスク,廣崎利洋ＨＤ
チャンスメーカー,前田幸治
チャンダナ,ターフ・スポート
チャンチキ,Ｇ１レーシング
チャントアチャーム,ウエスト．フォレスト．ステイブル
チャンドラ,金子真人ホールディングス
チャンドラマハル,吉田照哉
チャンネルトンネル,窪田芳郎
チャンピオンエース,坪野谷和平
チャンピオンフジ,坪野谷和平
チャンピオンホース,古賀慎一
チャンピオンホープ,坪野谷和平
チャンピオンリボン,坪野谷和平
チャンピオンルパン,坪野谷和平
チャンピオンロード,藤田晋
チャンミコチョロン,ミルファーム
チャージドアップ,橋本浩
チャーチスクエア,サンデーレーシング
チャーチタウン,山上和良
チャーチモード,シルクレーシング
チャーチャンテン,田頭勇貴
チャーチルクイーン,村田哲朗
チャーチルテソーロ,了徳寺健二ホールディングス
チャーチルデュース,キーファーズ
チャーミングアイ,丸岡啓一
チャーミングアクト,橋本浩
チャーミングセイラ,大林一彦
チャーミングドール,ゴドルフィン
チャーミングポッケ,橋場勇二
チャーミングポポ,中脇満
チャーミーアイズ,グリーンスウォード
チャームアゲン,浅川皓司
チャームインレース,高橋明裕
チャームドウイング,ＤＭＭドリームクラブ
チャームポイント,飯田良枝
チャーモニウム,サンデーレーシング
チャーリー,嶋田賢
チャールストン,三岡陽
チャールズテソーロ,了徳寺健二ホールディングス
チュイション,ゴドルフィン
チュウアイ,西本資史
チュウオウペット,新井原博
チュウジョウ,中辻明
チュウワウィザード,中西忍
チュウワエンジェル,中西忍
チュウワエンペラー,中西忍
チュウワエース,中西忍
チュウワカーネギー,中西忍
チュウワキャリア,中西忍
チュウワギフト,中西忍
チュウワクリスエス,中西忍
チュウワシルバー,中西忍
チュウワジョーダン,中西忍
チュウワステート,中西忍
チュウワスプリング,中西忍
チュウワスペル,中西忍
チュウワダイオウ,中西忍
チュウワダンス,中西忍
チュウワチャーム,中西忍
チュウワチーフ,中西忍
チュウワノキセキ,中西忍
チュウワハート,中西忍
チュウワヒーロー,中西忍
チュウワフライヤー,中西忍
チュウワフラワー,中西忍
チュウワヘネシー,中西忍
チュウワメロディー,中西忍
チュウワモーニング,中西忍
チュウワレイク,中西忍
チュウワロンドン,中西忍
チュウワヴィグラス,中西忍
チュオンソン,シンシアリー
チュッチュポッポ,高橋文男
チュラット,松澤光洋
チュラビックタイム,松澤光洋
チュラヴェール,松澤光洋
チュラーダ,金子真人ホールディングス
チュンビーム,由井健太郎
チューウィー,ビッグレッドファーム
チューダーローズ,阿部東亜子
チューラワンサ,キャロットファーム
チューリップ,ミルファーム
チョウウマクイク,丸山隆雄
チョウカンセイ,丸山隆雄
チョウガンバレ,丸山隆雄
チョウギャル,丸山隆雄
チョウゲンキ,丸山隆雄
チョウザメノコ,矢野琢也
チョウシュンカ,ビッグレッドファーム
チョウジュクムスメ,由井健太郎
チョウスター,丸山隆雄
チョウソダネー,丸山隆雄
チョウダントツ,丸山隆雄
チョウチャンピオン,丸山隆雄
チョウドイイ,丸山隆雄
チョウノミツツボ,ミルファーム
チョウハクタカ,丸山隆雄
チョウハチ,林弘之
チョウハンパナイ,丸山隆雄
チョウヒカリ,丸山隆雄
チョウビックリ,丸山隆雄
チョウフラッシュ,丸山隆雄
チョウブク,井手慶祐
チョウモーレツ,丸山隆雄
チョウヤバイ,丸山隆雄
チョウラブリー,丸山隆雄
チョウリニア,丸山隆雄
チョウワイルド,丸山隆雄
チョコスコーン,保坂和孝
チョコブラウニー,八木澤充貴
チョコマウンテン,Ｂａｓｉｃ
チョコラータ,新木鈴子
チョコレートデイ,市川義美ホールディングス
チョコレートミルク,村田滋
チョゴリザテソーロ,了徳寺健二ホールディングス
チョッピー,岡浩二
チョボナイノ,ビッグレッドファーム
チョメチョメ,内田玄祥
チョモランマ,小島將之
チョロヤマ,増田和啓
チョングク,ミルファーム
チョーズンワン,ノースヒルズ
チヨ,寺田寿男
チヨビッグシー,向別牧場
チリエージョドラマ,吉田修
チリカラチリトト,橘倍男
チリセラーノ,社台レースホース
チリンドリ,安原浩司
チリーゴールド,吉田一成
チルウィズミー,藤田晋
チルカーノ,サンデーレーシング
チルノ,レッドマジック
チンクエテッレ,片山博志
チンプンカンプン,内田玄祥
チーキーキュート,ヒダカ・ブリーダーズ・ユニオン
チークタイム,岡浩二
チークハート,サンコウ牧場
チークルージュ,中村伊三美
チーチャン,村田哲朗
チートコード,明栄商事
チートメジャー,小田吉男
チーフインザスカイ,阿部善武
チーフルガール,田畑利彦
チーママ,内田玄祥
チームケミストリー,山下貴
チームパシュート,井山登
チームユートピア,ヒダカ・ブリーダーズ・ユニオン
ツァウバークライス,吉田照哉
ツァガーンサル,サンデーレーシング
ツァレヴナ,カナヤマホールディングス
ツアーカード,安原浩司
ツィスカリーゼ,谷口祐人
ツイスタンシャウツ,薪浦亨
ツイスティドシルク,ゴドルフィン
ツインイレブン,吉野加壽代
ツインギ,フォレストレーシング
ツインクルステージ,山田弘
ツインクルトーズ,岡田牧雄
ツインシップ,小林英一ホールディングス
ツインドライヴ,外池榮一郎
ツインビスケッツ,会田浩史
ツインピークス,飯田正剛
ツインレイ,星加浩一
ツウカイアペックス,木村直樹
ツウカイウイング,木村直樹
ツウカイウォリアー,木村直樹
ツウカイエオス,木村直樹
ツウカイステラ,木村直樹
ツウカイノキズナ,木村直樹
ツウカイパイロ,木村直樹
ツウカイリアル,木村直樹
ツウカイヴィータ,木村直樹
ツウキンカイソク,小菅誠
ツェルニー,ヒダカ・ブリーダーズ・ユニオン
ツカサ,木村廣太
ツカサトレイン,小泉禎剛
ツカサレヴズ,小泉禎剛
ツキガキレイデスネ,ミルファーム
ツキガミ,巴山尊文
ツキサエル,星野壽市
ツキニカリ,シルクレーシング
ツキニホエル,植村仁
ツキノアカリ,岡浩二
ツキノコブネ,江川伸夫
ツキノサクラ,辻子依旦
ツキノサバク,窪田芳郎
ツキノマバタキ,日下部勝徳
ツキノミチ,吉井理人
ツキマデトドケ,レッドマジック
ツキミ,中辻明
ツキミズヒカリ,ＫＲジャパン
ツキヨノウサギ,ＤＭＭドリームクラブ
ツギノイッテ,西村新一郎
ツクバアプローズ,細谷武史
ツクバアヴァロン,細谷武史
ツクバエクレール,細谷武史
ツクバクロオー,荻原昭二
ツクバゴールド,荻原昭二
ツクバスマイリー,細谷武史
ツクバセイヴァー,細谷武史
ツクバソヴァール,細谷武史
ツクバハナコ,荻原昭二
ツクバブレイニー,細谷武史
ツクバボニート,細谷武史
ツクバマサカド,瀧本和義
ツクバマリア,荻原昭二
ツクバヴァンガード,細谷武史
ツクヨミ,ゴドルフィン
ツジスーパーサクラ,辻俊夫
ツッチーフェイス,ＳＴレーシング
ツヅク,清水敏
ツトムユニバース,伊藤公一
ツバキヒメ,平本敏夫
ツブラナヒトミ,加藤誠
ツマヤ,林秀宣
ツヨシーフェイス,ＳＴレーシング
ツヨポンフェイス,ＳＴレーシング
ツリートップムーン,窪田芳郎
ツリーフロッグ,寺田寿男
ツルギトイシヅチ,多田賢司
ツルネ,吉井理人
ツルノマイハシ,小林善一
ツルマウカタチ,星野壽市
ツワモノ,ノルマンディーサラブレッドレーシング
ツンデレ,内田玄祥
ツヴァイウイング,サラブレッドクラブ・ラフィアン
ツヴァイシュテルネ,ライオンレースホース
ツヴィリング,ＫＲジャパン
ツーウィング,増田和啓
ツーエムアスリート,水谷昌晃
ツーエムアロンソ,村上憲政
ツーエムウィザード,水谷昌晃
ツーエムクロノス,村上憲政
ツーエムタイガー,水谷昌晃
ツーエムピシュー,村上憲政
ツーエムプライド,村上憲政
ツーエムプレミアム,村上憲政
ツーエムベリンダ,水谷昌晃
ツーエムボヌール,村上憲政
ツーエムマイスター,水谷昌晃
ツーエムルーイー,水谷昌晃
ツーエムロケット,村上憲政
ツークフォーゲル,ノースヒルズ
ツージーフェイス,ＳＴレーシング
ツーネサーン,エムズレーシング
ツーハーツ,山口正行
ツーピース,山口正行
ツーボンド,大野照旺
ツールドフォース,長谷川守正
テアトロ,島井新一郎
ティアップエックス,田中昇
ティアップサンダー,田中昇
ティアップシャイン,田中昇
ティアップソード,田中昇
ティアップドライブ,田中昇
ティアップファイト,田中昇
ティアップブランカ,田中昇
ティアップマッハ,田中昇
ティアップリオン,田中昇
ティアップレディー,田中昇
ティアドーロ,ヒダカ・ブリーダーズ・ユニオン
ティアラスピリット,石田暢子
ティアラティアレ,下川欣一
ティアラハオルチア,ウエスト．フォレスト．ステイブル
ティアラード,安原浩司
ティアーズクィーン,亀井哲也
ティアード,吉田和美
ティイ,近藤英子
ティエドゥール,加藤誠
ティエラ,清宮義男
ティエラサンタ,社台レースホース
ティエラサンライズ,松岡隆雄
ティエラボニータ,ノルマンディーサラブレッドレーシング
ティエラレイナ,インゼルレーシング
ティエルナ,島川隆哉
ティエルニート,会田浩史
ティカル,カナヤマホールディングス
ティキー,ミルファーム
ティグラーシャ,サンデーレーシング
ティグリス,江馬由将
ティグル,加藤誠
ティケイプルメリア,田畑勝彦
ティシポネ,サンデーレーシング
ティスマイル,岩崎伸道
ティズグロリアス,キャロットファーム
ティソーナ,キャロットファーム
ティタノマキア,シルクレーシング
ティタン,ＣＯＣＯＲＯ組合
ティターヌ,スリーエイチレーシング
ティックルハート,Ｇ１レーシング
ティティナ,吉田和美
ティトルタトル,尾上寿夫
ティナ,中村智幸
ティナンヴァランタ,Ｇ１レーシング
ティニア,前田幸治
ティピティーナ,ジャコモ
ティファニジェンヌ,吉田智
ティファニーアイス,吉田好雄
ティファニードンナ,三木正浩
ティファニーユー,ターフ・スポート
ティフェルテ,小濱忠一
ティフォシ,マイスタリオン
ティフォーザ,ロードホースクラブ
ティブロン,ターフ・スポート
ティプシーワールド,吉田和美
ティプタラ,キーファーズ
ティボリドライヴ,松岡隆雄
ティムール,前田幸治
ティモシーブルー,中野義一
ティヤム,藤沼利夫
ティライズキセキ,田中昇
ティライズワン,田中昇
ティラトーレ,ＳＴレーシング
ティラミス,寺田寿男
ティラユール,松本俊廣
ティラージュ,橋元勇氣
ティラーノ,北山敏隆
ティリア,徳永博
ティルドーン,藤田晋
ティルナノーグ,広尾レース
ティルピッツ,ケンレーシング組合
ティルベリー,サンデーレーシング
ティレニア,キャロットファーム
ティンク,社台レースホース
ティンクルバレット,ＤＭＭドリームクラブ
ティンクルピクシー,ノースヒルズ
ティンタアマレラ,ゴドルフィン
ティンタルレ,ダイリン
ティンティンデオ,風早信昭
ティントリップ,中村祐子
ティンバーライン,ノルマンディーサラブレッドレーシング
ティンパニ,池田草龍
ティンブロポップ,成田才仁
ティーエスクライ,田畑利彦
ティーエスバラ,田畑利彦
ティーエンティー,ゴドルフィン
ティーガーデン,サンデーレーシング
ティーグランパ,深見富朗
ティーコア,深見富朗
ティーストーク,水上行雄
ティータイム,三木久史
ティーティーゴー,康本利幸
ティーティースター,康本利幸
ティートラップ,深見富朗
ティーナ,島川隆哉
ティーハーフ,ゴドルフィン
ティーパーティー,山本茂
ティーフォートゥー,金子真人ホールディングス
ティーフルムーン,深見富朗
ティーブルーム,深見富朗
ティーポンド,深見富朗
ティーライトニング,天白裕之
ティーラミレス,天白裕之
ティールブルー,青芝商事
テイエムアイラン,竹園正繼
テイエムアクション,竹園正繼
テイエムアザヤカ,竹園正繼
テイエムアジアダン,竹園正繼
テイエムアタック,竹園正繼
テイエムアトム,竹園正繼
テイエムアトラス,竹園正繼
テイエムアラジン,竹園正繼
テイエムアラタカ,竹園正繼
テイエムアルプス,竹園正繼
テイエムアンジェロ,竹園正繼
テイエムイキオイ,竹園正繼
テイエムイダテン,竹園正繼
テイエムイッキュウ,竹園正繼
テイエムイブシギン,竹園正繼
テイエムインディ,竹園正繼
テイエムインパクト,竹園正繼
テイエムウイン,竹園正繼
テイエムウインド,竹園正繼
テイエムウォリアー,竹園正繼
テイエムウンマカ,竹園正繼
テイエムエクセル,竹園正繼
テイエムエポック,竹園正繼
テイエムエメラルド,竹園正繼
テイエムエレガント,竹園正繼
テイエムエンドレス,竹園正繼
テイエムエースコ,竹園正繼
テイエムエール,竹園正繼
テイエムオアシス,竹園正繼
テイエムオオアラシ,竹園正繼
テイエムオオジャ,竹園正繼
テイエムオスカー,竹園正繼
テイエムオドリコ,竹園正繼
テイエムオペラッコ,竹園正繼
テイエムオリンピア,竹園正繼
テイエムオードリー,竹園正繼
テイエムカイリキ,竹園正繼
テイエムカチドキ,竹園正繼
テイエムカナカテ,竹園正繼
テイエムカナロア,竹園正繼
テイエムカミカゼ,竹園正繼
テイエムカリーナ,竹園正繼
テイエムカーニバル,竹園正繼
テイエムガーネット,竹園正繼
テイエムキズナオー,竹園正繼
テイエムキセキダン,竹園正繼
テイエムキハク,竹園正繼
テイエムキバイモン,竹園正繼
テイエムキャット,竹園正繼
テイエムキャニー,竹園正繼
テイエムキングマン,竹園正繼
テイエムキングラン,竹園正繼
テイエムキンシャ,竹園正繼
テイエムギフテッド,竹園正繼
テイエムクイーン,竹園正繼
テイエムクリエイト,竹園正繼
テイエムクリッパー,竹園正繼
テイエムクロホマレ,竹園正繼
テイエムクロマル,竹園正繼
テイエムクロムシャ,竹園正繼
テイエムグッドマン,竹園正繼
テイエムグレイト,竹園正繼
テイエムケントオー,竹園正繼
テイエムコジーン,竹園正繼
テイエムコンドル,竹園正繼
テイエムゴッホ,竹園正繼
テイエムゴールデン,竹園正繼
テイエムゴールドン,竹園正繼
テイエムサウスダン,竹園正繼
テイエムサガドン,竹園正繼
テイエムサガボーイ,竹園正繼
テイエムサツマオー,竹園正繼
テイエムサツマッコ,竹園正繼
テイエムサツマドン,竹園正繼
テイエムサラトガ,竹園正繼
テイエムサンドリア,竹園正繼
テイエムサンボーイ,竹園正繼
テイエムサンレディ,竹園正繼
テイエムサンレーヴ,竹園正繼
テイエムサンローズ,竹園正繼
テイエムシェボン,竹園正繼
テイエムシチーボー,竹園正繼
テイエムシップ,竹園正繼
テイエムシニスター,竹園正繼
テイエムシマジン,竹園正繼
テイエムシャイン,竹園正繼
テイエムシャー,竹園正繼
テイエムシュンソク,竹園正繼
テイエムシルバー,竹園正繼
テイエムジェネラル,竹園正繼
テイエムジャガー,竹園正繼
テイエムジャスタ,竹園正繼
テイエムジャーニー,竹園正繼
テイエムジョウネツ,竹園正繼
テイエムジョーカー,竹園正繼
テイエムジョーダン,竹園正繼
テイエムジンキュウ,竹園正繼
テイエムジンハク,竹園正繼
テイエムジンリョク,竹園正繼
テイエムスイジン,竹園正繼
テイエムスイスイ,竹園正繼
テイエムスターラン,竹園正繼
テイエムスティール,竹園正繼
テイエムストーン,竹園正繼
テイエムスノーフジ,竹園正繼
テイエムスバル,竹園正繼
テイエムスパーダ,竹園正繼
テイエムスペシャル,竹園正繼
テイエムスマック,竹園正繼
テイエムスワーブ,竹園正繼
テイエムスーペリア,竹園正繼
テイエムセレーナ,竹園正繼
テイエムソレイユ,竹園正繼
テイエムタイフーン,竹園正繼
テイエムタツマキ,竹園正繼
テイエムタフガイ,竹園正繼
テイエムタマガイ,竹園正繼
テイエムタリスマ,竹園正繼
テイエムタワードン,竹園正繼
テイエムダイアタリ,竹園正繼
テイエムダイスター,竹園正繼
テイエムダイタカ,竹園正繼
テイエムダイリン,竹園正繼
テイエムチェロキー,竹園正繼
テイエムチュララン,竹園正繼
テイエムチューハイ,竹園正繼
テイエムチョウテン,竹園正繼
テイエムテツジン,竹園正繼
テイエムテンジン,竹園正繼
テイエムテンホー,竹園正繼
テイエムディラン,竹園正繼
テイエムデンセツ,竹園正繼
テイエムトッキュウ,竹園正繼
テイエムトッピー,竹園正繼
テイエムトップバン,竹園正繼
テイエムトニーオー,竹園正繼
テイエムドリーマー,竹園正繼
テイエムドルオー,竹園正繼
テイエムドレミラン,竹園正繼
テイエムナイスラン,竹園正繼
テイエムネイア,竹園正繼
テイエムノサッタ,竹園正繼
テイエムノジギク,竹園正繼
テイエムノーブル,竹園正繼
テイエムハイウェイ,竹園正繼
テイエムハニーダン,竹園正繼
テイエムハヤカケン,竹園正繼
テイエムハヤテオー,竹園正繼
テイエムバクソウ,竹園正繼
テイエムバゴオウ,竹園正繼
テイエムバラード,竹園正繼
テイエムバリバリ,竹園正繼
テイエムパイロダン,竹園正繼
テイエムパイロット,竹園正繼
テイエムパンサー,竹園正繼
テイエムヒカルオー,竹園正繼
テイエムヒショウ,竹園正繼
テイエムヒッサーロ,竹園正繼
テイエムヒッタマゲ,竹園正繼
テイエムヒットマン,竹園正繼
テイエムヒマラヤ,竹園正繼
テイエムヒューザー,竹園正繼
テイエムヒロイン,竹園正繼
テイエムビシャモン,竹園正繼
テイエムビッグサー,竹園正繼
テイエムビュビュウ,竹園正繼
テイエムビーナス,竹園正繼
テイエムピカピカ,竹園正繼
テイエムファイター,竹園正繼
テイエムファクター,竹園正繼
テイエムファラオ,竹園正繼
テイエムファルクス,竹園正繼
テイエムファルコン,竹園正繼
テイエムファンキー,竹園正繼
テイエムファントム,竹園正繼
テイエムフェロー,竹園正繼
テイエムフォンテ,竹園正繼
テイエムフガエゾ,竹園正繼
テイエムフジッコ,竹園正繼
テイエムフタエマル,竹園正繼
テイエムフローラ,竹園正繼
テイエムブランコ,竹園正繼
テイエムブロッコ,竹園正繼
テイエムプリジャン,竹園正繼
テイエムプレスダン,竹園正繼
テイエムプレミア,竹園正繼
テイエムプレミラン,竹園正繼
テイエムヘルメット,竹園正繼
テイエムベニサツマ,竹園正繼
テイエムベンチャー,竹園正繼
テイエムホイッスル,竹園正繼
テイエムボニータ,竹園正繼
テイエムボビーダン,竹園正繼
テイエムボルドー,竹園正繼
テイエムボーラー,竹園正繼
テイエムポピー,竹園正繼
テイエムポワール,竹園正繼
テイエムマイスター,竹園正繼
テイエムマクウチ,竹園正繼
テイエムマグナム,竹園正繼
テイエムマグマ,竹園正繼
テイエムマジック,竹園正繼
テイエムマズルカ,竹園正繼
テイエムマタドール,竹園正繼
テイエムマルジュウ,竹園正繼
テイエムマルタン,竹園正繼
テイエムマンモス,竹園正繼
テイエムミステリー,竹園正繼
テイエムミラクル,竹園正繼
テイエムミラージュ,竹園正繼
テイエムムーンダン,竹園正繼
テイエムメジャー,竹園正繼
テイエムメデタシ,竹園正繼
テイエムメロディー,竹園正繼
テイエムヤマカゼ,竹園正繼
テイエムユキフブキ,竹園正繼
テイエムユキマイ,竹園正繼
テイエムユメキュウ,竹園正繼
テイエムユメノオー,竹園正繼
テイエムヨカロー,竹園正繼
テイエムヨハネス,竹園正繼
テイエムライオジン,竹園正繼
テイエムライコオ,竹園正繼
テイエムライダー,竹園正繼
テイエムライメイ,竹園正繼
テイエムラッシュ,竹園正繼
テイエムラトーヌ,竹園正繼
テイエムラニッコ,竹園正繼
テイエムラビット,竹園正繼
テイエムラブラリー,竹園正繼
テイエムランウェイ,竹園正繼
テイエムラヴィータ,竹園正繼
テイエムリアリティ,竹園正繼
テイエムリオン,竹園正繼
テイエムリオンディ,竹園正繼
テイエムリステット,竹園正繼
テイエムリチャード,竹園正繼
テイエムリッキー,竹園正繼
テイエムリベスト,竹園正繼
テイエムリボー,竹園正繼
テイエムルンバ,竹園正繼
テイエムルーラー,竹園正繼
テイエムレビュー,竹園正繼
テイエムロケット,竹園正繼
テイエムロング,竹園正繼
テイエムロングダン,竹園正繼
テイエムローズダン,竹園正繼
テイエムワッゼハエ,竹園正繼
テイエムワンダー,竹園正繼
テイエムワークオー,竹園正繼
テイエムワールド,竹園正繼
テイエムヴァスター,竹園正繼
テイオームサシ,ＫＩＭＵＲＡ
テイキットイージー,ビッグレッドファーム
テイクアスタッブ,中村祐子
テイクイットオール,前田幸治
テイクオンミー,野村茂雄
テイクケア,阿津昌弘
テイクザクラウン,塚田義広
テイクザスローン,Ｇ１レーシング
テイクザヘルム,キャロットファーム
テイクザワールド,大塚亮一
テイクジオース,サンデーレーシング
テイクノーティス,吉田晴哉
テイクバイストーム,前田幸治
テイクバイフォース,藤沼利夫
テイクマイハート,三田昌宏
テイケイアンジェ,兼松忠男
テイケイウェリナ,兼松忠男
テイケイウル,兼松忠男
テイケイドルチェ,兼松忠男
テイケイモハラ,兼松忠男
テイケイラウレア,兼松忠男
テイケイラナキラ,兼松忠男
テイケイラハイナ,兼松忠男
テイケイリヴェール,兼松忠男
テイケイレジーナ,兼松忠男
テイケイヴィエント,兼松忠男
テイケイヴィーノ,兼松忠男
テイケイヴォーグ,兼松忠男
テイスティング,北畑忍
テイストオブハニー,フクキタル
テイデ,金子真人ホールディングス
テイラーテソーロ,了徳寺健二ホールディングス
テイルウインド,高橋文男
テイルウォーク,金子真人ホールディングス
テイルオブゴールド,鈴木康弘
テウメッサ,サンデーレーシング
テオドラ,ノースヒルズ
テオドール,サンデーレーシング
テオファーニア,ＤＭＭドリームクラブ
テオリス,シルクレーシング
テオレーマ,水上行雄
テキサスツイスター,ＮＩＣＫＳ
テキサスバローズ,猪熊広次
テキサスフィズ,シルクレーシング
テキサスブロンコ,山田弘
テキスタイルアート,岡田壮史
テキーラ,芹澤精一
テキーラサンライズ,大田恭充
テキーラプリティ,吉田千津
テキーラワルツ,成田才仁
テクスチャー,山内晃
テクニコス,吉田照哉
テクネチウム,加藤千豊
テクノグルーヴ,梶山高志
テクノゴールド,西村健
テクノダイヤモンド,西村健
テクノデザイン,吉田照哉
テクノドラゴン,梶山高志
テクノドリーム,西村健
テクノハッピー,梶山高志
テクノピーチ,西村健
テクノプライド,西村健
テクノポリス,社台レースホース
テクノラッシュ,梶山高志
テゴナ,Ｇリビエール・レーシング
テザリング,サンライズ
テスタヴェローチェ,ＴＯＲＡＣＩＮＧ
テスティファイ,橋元勇氣
テスティモーネ,宮川純造
テステッソ,ミルファーム
テセウス,ミルファーム
テセラグラディウス,木村直樹
テセラフィリア,牧野聖子
テセラリアン,中村雄一
テソリーノ,吉田和美
テッシトゥーラ,ゴドルフィン
テッセラレイナ,ディアレストクラブ
テットドール,シルクレーシング
テッパン,小田切有一
テツ,共田義夫
テディボーイ,ＨｉｍＲｏｃｋＲａｃｉｎｇホールディングス
テトラクォーク,キャロットファーム
テトラドラクマ,吉田勝己
テトラルキア,吉田照哉
テトラード,Ｇ１レーシング
テナシティー,中村智幸
テネット,伊藤良兵
テネラメンテ,吉田勝己
テネリフェ,飯田正剛
テネールスエルテ,サンデーレーシング
テマリ,武田浩典
テミス,カナヤマホールディングス
テムファイア,竹園正繼
テムホウサク,テムレース
テメノス,Ｇ１レーシング
テュネス,Ｈ．レンツ
テラシエスタ,キヨタケ牧場
テラステラ,広尾レース
テラノヴァ,社台レースホース
テラフォーミング,石瀬浩三
テラメリタ,社台レースホース
テラレガル,安原浩司
テランガ,寺田寿男
テリオスカイ,鈴木美江子
テリオスサラ,鈴木美江子
テリオスソラ,鈴木美江子
テリオスドン,鈴木美江子
テリオスノア,鈴木美江子
テリオスハート,鈴木美江子
テリオスヒナ,鈴木美江子
テリオスヒメ,鈴木美江子
テリオスヒロ,鈴木美江子
テリオスブギ,鈴木美江子
テリオスベル,鈴木美江子
テリオスボス,鈴木美江子
テリオスマナ,鈴木美江子
テリオスミナ,鈴木美江子
テリオスラキ,鈴木美江子
テリオスララ,鈴木美江子
テリオスリコ,鈴木美江子
テリオスリノ,鈴木美江子
テリオスルイ,鈴木美江子
テリオスルナ,鈴木美江子
テリオスルミ,鈴木美江子
テリオスルル,鈴木美江子
テリオスレイ,鈴木美江子
テリオスレオ,鈴木美江子
テリコス,平沼龍漢
テリトーリアル,ゴドルフィン
テリフィックプラン,シルクレーシング
テリーヌ,三木久史
テルアスワッド,金子真人ホールディングス
テルケンユミカグラ,桑田照夫
テルケンユミクイン,桑田照夫
テルケンユミグラス,桑田照夫
テルケンレングレー,桑田照夫
テルケンレンジョイ,桑田照夫
テルケンレンスキー,桑田照夫
テルケンレンスター,桑田照夫
テルケンレンタッチ,桑田照夫
テルケンレンチャオ,桑田照夫
テルセイラ,京都ホースレーシング
テルツェット,シルクレーシング
テルテ,榊原源一郎
テルヌーラ,吉田勝己
テルバスタ,ヒダカ・ブリーダーズ・ユニオン
テルヒコウ,小田吉男
テルペリオン,ダイリン
テルミー,高橋照比古
テルミーユアラヴ,サラブレッドクラブ・ラフィアン
テルメディカラカラ,小林薫
テルモピュライ,竹中一彰
テルモプシス,ビッグレッドファーム
テルモードーサ,吉田勝己
テルユアワールド,レッドマジック
テルヴィセクス,土井久美子
テレサ,近藤英子
テレパシー,石川達絵
テレプシコーラ,キーウエスト
テレーザ,門野文典
テロワール,小林由明
テンアリオン,宮内牧場
テンウォークライ,天白泰司
テンエースワン,天白泰司
テンオンスゴールド,島井新一郎
テンオーケオー,天白泰司
テンカウント,藤井聡一郎
テンカオーライ,村田能光
テンカジョウ,河内孝夫
テンカノギジン,星野壽市
テンカハル,ライオンレースホース
テンカビト,村田哲朗
テンカフブ,岡浩二
テンカムテキ,ヒダカ・ブリーダーズ・ユニオン
テンカラットレター,熊坂俊一
テンキセキ,天白泰司
テンクウ,井山登
テンクウジョー,河内孝夫
テンクウノツバサ,廣崎双葉
テンクウハット,小島將之
テンクウハン,横田恵子
テンクウフラワー,小島將之
テングクラブ,寺田秀樹
テングリ,田頭勇貴
テンコウバヒ,酒井喜生
テンコマンドゥール,天白泰司
テンサイドカップ,天白泰司
テンサウザンドケイ,桑野克己
テンザワールド,天白泰司
テンシ,リトルブルーファーム
テンシノエア,浜本牧場
テンシノオスソワケ,佐藤勝士
テンシノココロ,ＣＯＣＯＲＯ組合
テンジュイン,ドリーム＆Ｄｒｅａｍ
テンソンコウリン,阿部幸広
テンタイムトップ,天白泰司
テンタマユキノブ,澤田孝之
テンダリー,三田昌宏
テンダンス,前田葉子
テンダーデイズ,京都ホースレーシング
テンダーメモリー,ヒダカ・ブリーダーズ・ユニオン
テンダールック,キャロットファーム
テンダーワーズ,吉田照哉
テンチシンメイ,岡浩二
テンチャスカーラ,ディアレストクラブ
テンテキセンセキ,岡田牧雄
テントゥワン,井山登
テントウムシサンバ,田頭勇貴
テントップギヤ,天白泰司
テントラ,高橋宏弥
テンドウ,中辻明
テンドリームガール,天白泰司
テンナイスポイント,天白泰司
テンナイトパール,天白泰司
テンノイセヒメ,天白泰司
テンノウザン,長谷川清英
テンノカガヤキ,天白泰司
テンノサクラコ,天白泰司
テンノナウシカ,天白泰司
テンノメッセージ,天白泰司
テンノリュウギ,天白泰司
テンノルーキー,天白泰司
テンハッピーローズ,天白泰司
テンハートビート,天白泰司
テンバガー,Ｇ１レーシング
テンバコウクウ,ヒダカ・ブリーダーズ・ユニオン
テンピン,ＭＯＭＯレーシング
テンフェリーチェ,天白泰司
テンフライト,天白泰司
テンフレッシュ,天白泰司
テンブン,田頭勇貴
テンブーミング,天白泰司
テンプテーション,嶋田賢
テンプルツリー,山口功一郎
テンプロファイター,天白泰司
テンプーシャオン,村田能光
テンペスタリー,ロードホースクラブ
テンペスタージ,Ｇ１レーシング
テンペスタース,田頭勇貴
テンペスト,キャロットファーム
テンペストヒロイン,松本智
テンペストーソ,出口牧場
テンホワイトラブ,天白泰司
テンマ,増田江利子
テンマジックアワー,天白泰司
テンミラクルスター,天白泰司
テンミラージュ,天白泰司
テンムス,巴山尊文
テンメジャーガール,天白泰司
テンメリーアーサー,天白泰司
テンモントム,スピードファーム
テンユウ,井山登
テンライ,三度屋
テンリッチスマイル,天白泰司
テンレッドサン,天白泰司
テンレディーゴー,天白泰司
テンロ,密山根成
テンワンダーマン,天白泰司
テンワールドレイナ,天白泰司
テーオーアストル,小笹公也
テーオーアマゾン,小笹公也
テーオーアラジン,小笹公也
テーオーアリエス,小笹公也
テーオーアルアイン,小笹公也
テーオーアングル,小笹公也
テーオーアンジェラ,小笹公也
テーオーアンジュ,小笹公也
テーオーインパクト,小笹公也
テーオーウィルソン,小笹公也
テーオーエジソン,小笹公也
テーオーエナジー,小笹公也
テーオーエメラルド,小笹公也
テーオーエリザベス,小笹公也
テーオーエリーナ,小笹公也
テーオーエルサ,小笹公也
テーオーエルビス,小笹公也
テーオーエンゲルス,小笹公也
テーオーカイザー,小笹公也
テーオーカバリエ,小笹公也
テーオーカメリア,小笹公也
テーオーカルドア,小笹公也
テーオーキャンディ,小笹公也
テーオークイーン,小笹公也
テーオークレール,小笹公也
テーオーグランビル,小笹公也
テーオーグレーザー,小笹公也
テーオーケインズ,小笹公也
テーオーココナッツ,小笹公也
テーオーコロンブス,小笹公也
テーオーコンドル,小笹公也
テーオーサファイア,小笹公也
テーオーサンドニ,小笹公也
テーオーシャルマン,小笹公也
テーオーシャンス,小笹公也
テーオーシュタイン,小笹公也
テーオーシュタルク,小笹公也
テーオーシュターデ,小笹公也
テーオーシュテルン,小笹公也
テーオーシリウス,小笹公也
テーオーシルビア,小笹公也
テーオーシーザー,小笹公也
テーオージャスミン,小笹公也
テーオージーニアス,小笹公也
テーオーステラ,小笹公也
テーオーステルス,小笹公也
テーオースナイパー,小笹公也
テーオースパロー,小笹公也
テーオースパーク,小笹公也
テーオースミス,小笹公也
テーオーソクラテス,小笹公也
テーオーソフィア,小笹公也
テーオーソラネル,小笹公也
テーオーソルジャー,小笹公也
テーオーソロス,小笹公也
テーオータウンズ,小笹公也
テーオーターゲット,小笹公也
テーオーターナー,小笹公也
テーオーダイヤ,小笹公也
テーオーダグラス,小笹公也
テーオーダムール,大橋利幸
テーオーダンケルク,小笹公也
テーオーダヴィンチ,小笹公也
テーオーダーウィン,小笹公也
テーオーティラミス,小笹公也
テーオーテバルディ,小笹公也
テーオーディエス,小笹公也
テーオートムソン,小笹公也
テーオートルネード,小笹公也
テーオードナテロ,小笹公也
テーオードラッカー,小笹公也
テーオードリアン,小笹公也
テーオードレフォン,小笹公也
テーオーナタリー,小笹公也
テーオーニコラス,小笹公也
テーオーニュートン,小笹公也
テーオーニルソン,小笹公也
テーオーニーチェ,小笹公也
テーオーノブレス,小笹公也
テーオーノーベル,小笹公也
テーオーハイエク,小笹公也
テーオーハーバード,小笹公也
テーオーバフェット,小笹公也
テーオーバークラ,小笹公也
テーオーパスワード,小笹公也
テーオーパッション,小笹公也
テーオーパラダイス,小笹公也
テーオーパルフェ,小笹公也
テーオーパーセル,小笹公也
テーオーパートナー,小笹公也
テーオービクトリー,小笹公也
テーオービスケット,小笹公也
テーオービースト,大橋利幸
テーオーピタゴラス,小笹公也
テーオーフォルテ,小笹公也
テーオーフォース,小笹公也
テーオーブレイブ,小笹公也
テーオープライム,小笹公也
テーオープラトン,小笹公也
テーオーヘリオス,小笹公也
テーオーベンバトル,小笹公也
テーオーポシブル,小笹公也
テーオーマシェリ,小笹公也
テーオーマスカット,小笹公也
テーオーマツカゼ,大橋利幸
テーオーマルクス,小笹公也
テーオーマルコーニ,小笹公也
テーオーマルサス,小笹公也
テーオーマーシャル,小笹公也
テーオーミシュラン,小笹公也
テーオーミリカン,小笹公也
テーオーメアリー,小笹公也
テーオーメルロー,小笹公也
テーオーモナーク,小笹公也
テーオーモンブラン,小笹公也
テーオーユリウス,小笹公也
テーオーライガ,小笹公也
テーオーライマン,小笹公也
テーオーライラ,小笹公也
テーオーラターシュ,小笹公也
テーオーラトゥール,小笹公也
テーオーラファエロ,小笹公也
テーオーラフィット,小笹公也
テーオーリカード,小笹公也
テーオーリップマン,小笹公也
テーオールソー,小笹公也
テーオールチア,小笹公也
テーオールノワール,小笹公也
テーオールビー,小笹公也
テーオールーラー,小笹公也
テーオーレガシー,小笹公也
テーオーレックス,小笹公也
テーオーレーズン,小笹公也
テーオーロイヤル,小笹公也
テーオーロバート,小笹公也
テーオーロビンソン,小笹公也
テーオーロワ,小笹公也
テーオーヴァイナー,小笹公也
テーオーヴァルナイ,小笹公也
テーオーヴィヴァン,小笹公也
テートモダン,大谷正嗣
テーブルマナー,窪田芳郎
テールデトワール,サンデーレーシング
デア,カナヤマホールディングス
デアアテナ,広尾レース
デアグランツ,インゼルレーシング
デアシュトゥルム,ウエスト．フォレスト．ステイブル
デアデビル,日進牧場
デアデルマーレ,ロードホースクラブ
デアトゥノウ,岡田牧雄
デアトゥバトル,コウトミックレーシング
デアノヴァ,京都ホースレーシング
デアパーディタ,フィールドレーシング
デアフルーグ,西森功
デアプリームス,ノルマンディーサラブレッドレーシング
デアマトローナ,サンデーレーシング
デアリングアイデア,宮川純造
デアリングウーマン,岡浩二
デアリングエア,ノルマンディーサラブレッドレーシング
デアリングオウカ,ライオンレースホース
デアリングタクト,ノルマンディーサラブレッドレーシング
デアリングヒューズ,ＫＲジャパン
デアリングヴェスタ,フクキタル
デアルーチェ,山藤賢
デアレガーロ,サンデーレーシング
デアヴェローチェ,ＴＯＲＡＣＩＮＧ
ディアアズール,ライオンレースホース
ディアアリーチェ,ＴＮレーシング
ディアアルム,三岡陽
ディアイライザ,ノルマンディーサラブレッドレーシング
ディアウス,ライオンレースホース
ディアギレフ,ＫＡＪＩＭＯＴＯホールディングス
ディアクルーナ,小島章義
ディアコニア,サンデーレーシング
ディアコンチェルト,ディアレストクラブ
ディアサクセサー,ライオンレースホース
ディアサルファー,ディアレストクラブ
ディアシオドージア,琴浦諒
ディアシューター,ディアレストクラブ
ディアジラソル,ディアレストクラブ
ディアスティマ,サンデーレーシング
ディアスポラ,加藤誠
ディアセオリー,ディアレストクラブ
ディアダイヤモンド,インゼルレーシング
ディアデイジー,豊井義次
ディアデムエルトス,内藤好江
ディアデムドール,ヒダカ・ブリーダーズ・ユニオン
ディアドコス,岡田牧雄
ディアドラ,森田藤治
ディアナグラン,湊義明
ディアナザール,サンデーレーシング
ディアナスター,馬目卓
ディアナゼロス,天堀忠博
ディアナタコス,ディアレスト
ディアナバイオ,バイオ
ディアノイア,杉山忠国
ディアハート,飯田正剛
ディアバビアナ,ディアレストクラブ
ディアファザー,山崎康
ディアファニス,京都ホースレーシング
ディアフリーゼ,ノルマンディーサラブレッドレーシング
ディアブルノワール,泉新キャピタル
ディアブレリー,ビッグレッドファーム
ディアボリカドンナ,フィールドレーシング
ディアボレット,協栄
ディアマイサン,吉田晴哉
ディアマイハニー,京都ホースレーシング
ディアマキニスタ,ディアレストクラブ
ディアマンテブルー,芹澤精一
ディアマンテール,サンデーレーシング
ディアマント,岡田隆寛
ディアマンドロップ,ノルマンディーサラブレッドレーシング
ディアマンネージュ,ライオンレースホース
ディアマンミノル,吉岡實
ディアモデスト,ディアレスト
ディアモミノル,吉岡輝美
ディアモンクール,菊地剛
ディアライゼ,ディアレストクラブ
ディアンドル,シルクレーシング
ディアーモルタル,グリーンファーム
ディエスルージュ,コスモヴューファーム
ディエルメス,キャロットファーム
ディオ,石川達絵
ディオアステリア,ＹＧＧホースクラブ
ディオアルバ,松岡隆雄
ディオサデルソル,星加浩一
ディオスクーロイ,野嶋祥二
ディオスシチー,友駿ホースクラブ
ディオスデルマール,服部統祥
ディオスバリエンテ,キャロットファーム
ディオスパーダ,京都ホースレーシング
ディオスビエント,野嶋祥二
ディオデルマーレ,Ｇ１レーシング
ディオファントス,キャロットファーム
ディオブルネッタ,ノルマンディーサラブレッドレーシング
ディオミーオ,サラブレッドクラブ・ラフィアン
ディオレガーロ,サンデーレーシング
ディオース,清宮義男
ディオーネ,ＣＯＣＯＲＯ組合
ディオーネプリンス,齊藤雅志
ディガスト,吉田安惠
ディキシー,ヒダカ・ブリーダーズ・ユニオン
ディキシーガンナー,ゴドルフィン
ディキシークイーン,寺田千代乃
ディキシーグロウ,窪田芳郎
ディキシーデイズ,ゴドルフィン
ディキシーナイト,キャロットファーム
ディキディキ,社台レースホース
ディクシャ,辻雄二
ディクシーヴォーグ,ウエスト．フォレスト．ステイブル
ディクスミュード,ローレルレーシング
ディクテイター,サンデーレーシング
ディクテオン,Ｇ１レーシング
ディクレアブルーム,大樹ファーム
ディグニダドレアル,吉田照哉
ディグニファイド,シルクレーシング
ディグヘヴン,天堀忠博
ディサイシヴ,シルクレーシング
ディサイド,前田幸大
ディサイドオンミー,塚本幹雄
ディサーニング,ゴドルフィン
ディザイアソング,尾上寿夫
ディザネイション,Ｇ１レーシング
ディザーブラン,岡村善行
ディザーヴユー,ＫＲジャパン
ディジョネット,阿部善武
ディジーピナクル,ゴドルフィン
ディスイズミー,成富直行
ディスカバー,村野康司
ディスクリーキング,山本精一
ディスケガウデーレ,ウエスト．フォレスト．ステイブル
ディスコ,吉澤ホールディングス
ディスコード,ゴドルフィン
ディスタントスカイ,前田幸治
ディスタービア,ＯＵＭＡ
ディスバッドマム,ジェイアール
ディスパラール,飯田貴大
ディスパーション,村野康司
ディスピュート,畑佐博
ディスフルタール,柴原榮
ディスペアーホープ,東豊物産
ディスペランツァ,ターフ・スポート
ディスモーメント,大塚亮一
ディズレーリ,社台レースホース
ディセンシー,Ｇ１レーシング
ディセントファミリ,和田牧場
ディディット,山内邦一
ディナトセレーネ,社台レースホース
ディナミーデン,ライオンレースホース
ディナン,シルクレーシング
ディナースタ,ノルマンディーサラブレッドレーシング
ディナーラッシュ,寺田寿男
ディニテ,Ｇ１レーシング
ディニトーソ,ノルマンディーサラブレッドレーシング
ディニータ,安原浩司
ディノーラ,Ｇ１レーシング
ディバインウインド,ＮＩＣＫＳ
ディバイングレース,キャロットファーム
ディバインシチー,友駿ホースクラブ
ディバインフォース,吉田晴哉
ディパッセ,村上稔
ディヒター,林正道
ディヒターリーベ,ディアレストクラブ
ディフェリ,ノースヒルズ
ディフューズ,ビッグレッドファーム
ディプタルアスール,アスール
ディベルティスマン,堂守貴志
ディベルティール,ライオンレースホース
ディペンダブル,Ｇ１レーシング
ディマイザキッド,嶋田賢
ディムッター,薪浦亨
ディメンシア,ウエスト．フォレスト．ステイブル
ディメンシオン,広尾レース
ディモールト,市川義美ホールディングス
ディヤーソーチャン,杉元四男
ディライトバローズ,猪熊広次
ディライトフル,ノースヒルズ
ディライトプロミス,キャロットファーム
ディライトベル,ＫＨレーシング
ディライトラッシュ,ノルマンディーサラブレッドレーシング
ディライラ,吉田昌久
ディラック,桑畑夏美
ディランズソング,シルクレーシング
ディラードテソーロ,了徳寺健二ホールディングス
ディリジェンス,飯田正剛
ディル,日東牧場
ディルイーヤ,吉田勝己
ディルガーム,ライオンレースホース
ディルブランド,グランホース
ディレクティオ,尾上寿夫
ディレクトゥス,小林秀樹
ディレット,池田草龍
ディレットーレ,米井勝
ディロス,シルクレーシング
ディンクスマッシュ,ヒダカ・ブリーダーズ・ユニオン
ディンディンドン,藤田晋
ディンブラ,ノースヒルズ
ディンプルフェイス,ノースヒルズ
ディヴァイネスト,キャロットファーム
ディヴァイン,小泉修
ディヴァインアロー,ノルマンディーサラブレッドレーシング
ディヴァインギフト,岡田牧雄
ディヴァインゲート,佐々木雄二
ディヴァインスカイ,尾上寿夫
ディヴァインスター,保坂和孝
ディヴァインハイツ,社台レースホース
ディヴァインボンド,ゴドルフィン
ディヴァインラヴ,窪田芳郎
ディヴァンカドー,首藤徳
ディヴァーザウェイ,岡田牧雄
ディヴァージオン,幅田昌伸
ディヴィナシオン,一村哲也
ディヴィニティ,Ｊ．ウー
ディヴィーナ,佐々木主浩
ディーイストワール,嶋田一成
ディーエスエンスー,秋谷壽之
ディーエスサンダー,秋谷壽之
ディーエスショウマ,石橋充教
ディーエスシン,石橋充教
ディーエスソフィア,秋谷壽之
ディーエストッキー,石橋充教
ディーエスハリアー,秋谷壽之
ディーエスバズーカ,秋谷壽之
ディーエスブルーム,秋谷壽之
ディーエスプルーフ,秋谷壽之
ディーエスボンバー,秋谷壽之
ディーエスマグナム,秋谷壽之
ディーエスリプライ,秋谷壽之
ディーカラーズ,鈴木芳夫
ディーガレジェンド,東豊物産
ディーグランデ,嶋田賢
ディーコンセンテス,サンデーレーシング
ディーシャイン,前川俊行
ディージェーサン,ドリームジャパンホースレーシング
ディースカウ,金子真人ホールディングス
ディースプレマシー,ヒダカ・ブリーダーズ・ユニオン
ディーズエフォート,浜本牧場
ディーズギャラント,秋谷壽之
ディーズゴールド,シルクレーシング
ディーズハイエンド,秋谷壽之
ディーズファンシー,秋谷壽之
ディーズフェイク,秋谷壽之
ディーズベンチャー,秋谷壽之
ディーズマヌーバー,秋谷壽之
ディーズミソロジー,秋谷壽之
ディーズメイト,中村祐子
ディーズメンフィス,秋谷壽之
ディーズルージュ,秋谷壽之
ディーズローリエ,秋谷壽之
ディード,林正道
ディーノエナジー,坂本守孝
ディーノカヨウ,坂本守孝
ディーノサンライズ,坂本守孝
ディーノランページ,坂本守孝
ディーバサンライズ,松岡隆雄
ディーバダンス,田頭勇貴
ディーパワンサ,キャロットファーム
ディービースクエア,藤田岳彦
ディーファンクス,松谷翔太
ディーブラッド,前田幸治
ディープアゲイン,田村彰夫
ディープアドラーレ,深見敏男
ディープインラヴ,フクキタル
ディープウォーリア,中村孝
ディープエコロジー,飯田正剛
ディープエスパイア,深見敏男
ディープエターナル,深見敏男
ディープエフェクト,石瀬浩三
ディープオーシャン,深見敏男
ディープオーパス,深見敏男
ディープカインズ,深見敏男
ディープカミーノ,深見敏男
ディープキング,廣崎利洋ＨＤ
ディープギルドン,深見敏男
ディープギンガ,深見敏男
ディープクイーン,コスモ・コスモ
ディープグラビティ,社台レースホース
ディープサドラーズ,廣崎利洋ＨＤ
ディープサミット,深見敏男
ディープシャドー,サンコウ牧場
ディープシャロー,深見敏男
ディープシーテッド,山田裕仁
ディープシーブルー,ミルファーム
ディープステイト,ゴドルフィン
ディープスピリッツ,菅原広隆
ディープスリー,ノースヒルズ
ディープダイバー,ノースヒルズ
ディープチェッカー,深見敏男
ディープトラスト,前田剛
ディープナイト,中西功
ディープハーモニー,深見敏男
ディープパープル,ＨｉｍＲｏｃｋＲａｃｉｎｇホールディングス
ディープブルース,ニッシンホールディングス
ディープブルーム,菰田寛子
ディーププリモ,ライオンレースホース
ディーププレザント,山田裕仁
ディープボウ,石瀬浩三
ディープボンド,前田晋二
ディープマインド,深見敏男
ディープマウンテン,由井健太郎
ディープマックス,深見敏男
ディープミタカ,深見敏男
ディープモンスター,ＤＭＭドリームクラブ
ディープラック,深見敏男
ディープリッチ,宇田豊
ディープリボーン,深見敏男
ディープレイヤー,嶋田一成
ディープレーン,ニッシンホールディングス
ディーリライズ,大塚泰弘
ディールクルム,Ｇ１レーシング
ディールメーカー,諸江幸祐
ディーロジャー,吉川朋宏
ディーン,酒井孝敏
ディーンズリスター,サンデーレーシング
ディーヴァソラーレ,高橋文男
ディーヴァレギオン,スリーエイチレーシング
デイアフターデイ,ヒダカ・ブリーダーズ・ユニオン
デイアンドナイト,ゴドルフィン
デイオブサンダー,ゴドルフィン
デイオブジョイ,中村智幸
デイジー,飯田正剛
デイジーテソーロ,了徳寺健二ホールディングス
デイジーフラッシュ,松岡隆雄
デイジーフローラ,松岡隆雄
デイジーブリランテ,三嶋牧場
デイジームーン,大樹ファーム
デイジーロック,ノルマンディーサラブレッドレーシング
デイスター,カナヤマホールディングス
デイズインザサン,日下部勝徳
デイズオブドリーム,諸江幸祐
デイタイム,ローレルレーシング
デイタム,ゴドルフィン
デイトゥリメンバー,ヒダカ・ブリーダーズ・ユニオン
デイトナチャンプ,キャロットファーム
デイトナビーチ,山本英俊
デイトナモード,前原敏行
デイトライン,キャロットファーム
デイトンウェイ,シルクレーシング
デイトンテソーロ,了徳寺健二ホールディングス
デイドリームビーチ,ミルファーム
デイムサンライズ,松岡隆雄
デイムティアス,松尾正
デイライト,盛学志
デインティハート,Ｇ１レーシング
デインバランス,草間庸文
デエスデュヴァン,スリーエイチレーシング
デオヴォレンティ,岡田牧雄
デカメロン,三岡陽
デカルコマニー,松尾正
デクスター,小林竜太郎
デクランシェ,杉山忠国
デクラーク,ノルマンディーサラブレッドレーシング
デクレアラー,Ｇ１レーシング
デコニミカヅキ,ターフ・スポート
デコピン,菅藤孝雄
デコラシオン,社台レースホース
デサフィアンテ,キャロットファーム
デザイアーフェーム,小林竜太郎
デザフィアドール,名古屋友豊
デザートイーグル,兼松康太
デザートサファリ,田頭勇貴
デザートスター,中西功
デザートストーム,ゴドルフィン
デザートスネーク,石瀬浩三
デザートスノー,鈴木道雄
デザートスピリット,ホースアディクト
デザートトリップ,長谷川守正
デザートトレイン,兼松康太
デザーヴ,小原準一郎
デシエルト,ラ・メール
デシマルサーガ,松尾正
デシレー,椎名節
デジタイゼーション,岡田牧雄
デジタルサイオン,ビッグレッドファーム
デジタルテーラー,中西浩一
デジタルプレイヤー,寺田千代乃
デジデーリョ,篠田くみ子
デジマノハナ,大島有志生
デスサイズ,東豊物産
デススパイラル,川勝裕之
デスティニーソング,ノルマンディーサラブレッドレーシング
デスティニープラン,三宅勝俊
デスティニーホープ,スリースターズレーシング
デスティネ,馬目勇
デスティネーション,保坂和孝
デスティノ,Ｇリビエール・レーシング
デスティノアーラ,キャロットファーム
デスティロッソ,八嶋長久
デストゥリエーレ,ライオンレースホース
デストロイ,諸岡慶
デスパシート,坂東牧場
デスペハド,カナヤマホールディングス
デスマッチヤンキー,西森功
デスロール,スピードファーム
デセオ,ケーエスＨＤ
デゼル,社台レースホース
デターミネーション,サンデーレーシング
デッドアヘッド,社台レースホース
デッドリー,Ｈ．Ｈ．シェイク・ファハド
デディカス,レキップモンターニュ
デトネイション,ゴドルフィン
デトネイター,中村祐子
デトロイトテソーロ,了徳寺健二ホールディングス
デナリハイウェイ,ロードホースクラブ
デバッグ,Ｙ’ｓレーシング
デパーチャー,近藤英二
デビットバローズ,猪熊広次
デビッドテソーロ,了徳寺健二ホールディングス
デビューフライト,丸山担
デビルシズカチャン,カカムーチョレーシング
デビルスダンサー,前迫義幸
デビルバローズ,猪熊広次
デピュティプライム,丸山担
デファイ,市川義美ホールディングス
デファイグラビティ,琴浦諒
デフィ,佐藤理
デフィデリ,伊達敏明
デフィニティーボ,中村祐子
デフィニトリー,ライオンレースホース
デフィレデモード,前田幸治
デフィート,Ｇリビエール・レーシング
デプレ,大島昌也
デボラ,中辻明
デマントイド,吉田晴哉
デミ,吉田和美
デミアン,坂口直大
デミウルゴス,山上和良
デモネタブンキット,薗部博之
デュアライズ,高橋文男
デュアラブル,ロードホースクラブ
デュアリスト,サンデーレーシング
デュアリティ,中西宏彰
デュアル,カナヤマホールディングス
デュアルアップ,ヒダカ・ブリーダーズ・ユニオン
デュアルウィルダー,社台レースホース
デュアルウィールド,ヒダカ・ブリーダーズ・ユニオン
デュアルキャリアー,ライオンレースホース
デュアルサイン,キャロットファーム
デュアルタスク,ノースヒルズ
デュアルネイチャー,Ｇ１レーシング
デュアルパーパス,ターフ・スポート
デュアルマンデート,池谷誠一
デュアルメジャー,サンデーレーシング
デュアルモーション,前原敏行
デュアルレインボー,近藤洋司
デュアルロンド,坂田栄一
デュアルロール,ローレルレーシング
デュエットソング,平川浩之
デュエルイメル,ケーエスＨＤ
デュエルシャポー,黒岩初美
デュオビギン,小國和紀
デュガ,藤田晋
デュジャック,長谷川祐司
デュッセルドルフ,保坂和孝
デュピュイドローム,サンデーレーシング
デュボンタン,ノースヒルズ
デュメイカズマ,雅苑興業
デュランタ,ミルファーム
デュランヴェリテ,加藤誠
デュークアックス,吉田勝己
デューデット,金子真人ホールディングス
デュードメール,シルクレーシング
デュードロップ,シルクレーシング
デュードヴァン,スリーエイチレーシング
デュープス,内田玄祥
デュープロセス,ゴドルフィン
デライトアゲン,浅川皓司
デライトアルバム,ターフ・スポート
デライーガー,橋場勇二
デラベッピン,大田恭充
デリカダ,吉田照哉
デリカテス,宮川純造
デリカテッセン,ゴドルフィン
デリシュレーヌ,加藤徹
デリシュー,大塚亮一
デリシューズマン,岡田牧雄
デリスブラン,田原邦男
デリツィオーサ,キャロットファーム
デリュージョン,山本英俊
デリングシチー,友駿ホースクラブ
デルアヴァー,前田幸治
デルシエロ,白石明日香
デルタ,村上欽哉
デルタインディ,サラブレッドクラブ・ラフィアン
デルタウェーブ,飯田貴大
デルタニュートラル,横田恵子
デルタバローズ,猪熊広次
デルタフォー,ゴドルフィン
デルニエエトワール,大樹ファーム
デルニエオール,サンデーレーシング
デルニエジョイ,林千枝子
デルバイス,Ｍｒ．ホース
デルフィナス,青芝商事
デルマアイオライト,浅沼廣幸
デルマアイゼン,浅沼廣幸
デルマアサマ,浅沼廣幸
デルマアシュラ,浅沼廣幸
デルマアスタロト,浅沼廣幸
デルマアソ,浅沼廣幸
デルマアパタイト,浅沼廣幸
デルマアビセタオシ,浅沼廣幸
デルマアブサン,浅沼廣幸
デルマアポロニア,浅沼廣幸
デルマアミダ,浅沼廣幸
デルマアメジスト,浅沼廣幸
デルマアメミット,浅沼廣幸
デルマアリエル,浅沼廣幸
デルマアルジュナ,浅沼廣幸
デルマアンバリッド,浅沼廣幸
デルマアートマン,浅沼廣幸
デルマイオ,浅沼廣幸
デルマイサミアシ,浅沼廣幸
デルマイダテン,浅沼廣幸
デルマウオッカ,浅沼廣幸
デルマウッチャリ,浅沼廣幸
デルマエアロール,浅沼廣幸
デルマエウロパ,浅沼廣幸
デルマエキドナ,浅沼廣幸
デルマエトワール,浅沼廣幸
デルマエメラルド,浅沼廣幸
デルマエルフ,浅沼廣幸
デルマオイセサン,浅沼廣幸
デルマオギン,浅沼廣幸
デルマオクリダシ,浅沼廣幸
デルマオシダシ,浅沼廣幸
デルマオニキス,浅沼廣幸
デルマオフクロサン,浅沼廣幸
デルマオベロン,浅沼廣幸
デルマカイモン,浅沼廣幸
デルマカシャーサ,浅沼廣幸
デルマカタスカシ,浅沼廣幸
デルマカトリーナ,浅沼廣幸
デルマカミカゼ,浅沼廣幸
デルマカミーラ,浅沼廣幸
デルマカリスト,浅沼廣幸
デルマカルヴァドス,浅沼廣幸
デルマカンノン,浅沼廣幸
デルマカーネリアン,浅沼廣幸
デルマガニメデ,浅沼廣幸
デルマガルニエ,浅沼廣幸
デルマガーネット,浅沼廣幸
デルマキセキ,浅沼廣幸
デルマキタカミ,浅沼廣幸
デルマキッショウ,浅沼廣幸
デルマギャラクシー,浅沼廣幸
デルマクビナゲ,浅沼廣幸
デルマクリスタル,浅沼廣幸
デルマグランパレ,浅沼廣幸
デルマグレムリン,浅沼廣幸
デルマケゴン,浅沼廣幸
デルマケセラセラ,浅沼廣幸
デルマケプラー,浅沼廣幸
デルマコウモク,浅沼廣幸
デルマコテナゲ,浅沼廣幸
デルマゴモリー,浅沼廣幸
デルマサキュバス,浅沼廣幸
デルマサクラサク,浅沼廣幸
デルマサターン,浅沼廣幸
デルマサファイア,浅沼廣幸
デルマサラマンダー,浅沼廣幸
デルマサリーチャン,浅沼廣幸
デルマザオウ,浅沼廣幸
デルマシタテナゲ,浅沼廣幸
デルマシトリン,浅沼廣幸
デルマシャイヨー,浅沼廣幸
デルマシャンゼリゼ,浅沼廣幸
デルマシャンティ,浅沼廣幸
デルマシャンパン,浅沼廣幸
デルマシラカミ,浅沼廣幸
デルマシルバー,浅沼廣幸
デルマシルフ,浅沼廣幸
デルマジェイド,浅沼廣幸
デルマジザイ,浅沼廣幸
デルマジゾウ,浅沼廣幸
デルマジュテーム,浅沼廣幸
デルマジュベルニー,浅沼廣幸
デルマジュンデイ,浅沼廣幸
デルマジルコン,浅沼廣幸
デルマスカンダ,浅沼廣幸
デルマスクイナゲ,浅沼廣幸
デルマスソバライ,浅沼廣幸
デルマスプリガン,浅沼廣幸
デルマセイシ,浅沼廣幸
デルマセイレーン,浅沼廣幸
デルマセシボン,浅沼廣幸
デルマセドナ,浅沼廣幸
デルマセンジュ,浅沼廣幸
デルマソトガケ,浅沼廣幸
デルマソルボンヌ,浅沼廣幸
デルマゾウチョウ,浅沼廣幸
デルマタイセツ,浅沼廣幸
デルマタカチホ,浅沼廣幸
デルマタモン,浅沼廣幸
デルマタンザナイト,浅沼廣幸
デルマターコイズ,浅沼廣幸
デルマダイヤモンド,浅沼廣幸
デルマダンタリアン,浅沼廣幸
デルマツキオトシ,浅沼廣幸
デルマツキダシ,浅沼廣幸
デルマツリダシ,浅沼廣幸
デルマツルギ,浅沼廣幸
デルマティターニア,浅沼廣幸
デルマテイネ,浅沼廣幸
デルマディジョン,浅沼廣幸
デルマデミウルゴス,浅沼廣幸
デルマトカチ,浅沼廣幸
デルマトパーズ,浅沼廣幸
デルマトリアノン,浅沼廣幸
デルマトルマリン,浅沼廣幸
デルマドワーフ,浅沼廣幸
デルマニッコウ,浅沼廣幸
デルマニョイリン,浅沼廣幸
デルマニンフ,浅沼廣幸
デルマネコダマシ,浅沼廣幸
デルマノリクラ,浅沼廣幸
デルマノートルダム,浅沼廣幸
デルマハルナ,浅沼廣幸
デルマバサラ,浅沼廣幸
デルマバンダイサン,浅沼廣幸
デルマヒキオトシ,浅沼廣幸
デルマヒジリ,浅沼廣幸
デルマヒスイ,浅沼廣幸
デルマヒテン,浅沼廣幸
デルマピクシー,浅沼廣幸
デルマピュートーン,浅沼廣幸
デルマフゲン,浅沼廣幸
デルマフジ,浅沼廣幸
デルマフドウ,浅沼廣幸
デルマブラフマン,浅沼廣幸
デルマプラクリティ,浅沼廣幸
デルマプラチナ,浅沼廣幸
デルマプルシャ,浅沼廣幸
デルマプルート,浅沼廣幸
デルマヘリオドール,浅沼廣幸
デルマベリル,浅沼廣幸
デルマベルセブブ,浅沼廣幸
デルマホダカ,浅沼廣幸
デルママドレーヌ,浅沼廣幸
デルママラカイト,浅沼廣幸
デルママントラ,浅沼廣幸
デルマミロク,浅沼廣幸
デルマムリョウ,浅沼廣幸
デルマムーン,浅沼廣幸
デルマメデューサ,浅沼廣幸
デルマモナーク,浅沼廣幸
デルマモルガナイト,浅沼廣幸
デルマモンマルトル,浅沼廣幸
デルマヤクシ,浅沼廣幸
デルマヤシャ,浅沼廣幸
デルマヨビモドシ,浅沼廣幸
デルマヨリキリ,浅沼廣幸
デルマラッキーガイ,浅沼廣幸
デルマラピス,浅沼廣幸
デルマラピスラズリ,浅沼廣幸
デルマラメール,浅沼廣幸
デルマラリマー,浅沼廣幸
デルマリシリ,浅沼廣幸
デルマルドラ,浅沼廣幸
デルマルビー,浅沼廣幸
デルマルーヴル,浅沼廣幸
デルマレッドスター,浅沼廣幸
デルマロンシャン,浅沼廣幸
デルマローレライ,浅沼廣幸
デルマワルキューレ,浅沼廣幸
デルマヴァルナ,浅沼廣幸
デルマヴァンドーム,浅沼廣幸
デルマヴィリア,浅沼廣幸
デルマヴェルサイユ,浅沼廣幸
デルマヴェーダ,浅沼廣幸
デルマヴォージュ,浅沼廣幸
デルミオクオーレ,ブルースターズファーム
デルレイビーチ,Ｇ１レーシング
デロリス,栗山学
デロングスター,社台レースホース
デンクマール,サンデーレーシング
デンコウアリオン,田中康弘
デンコウアンジュ,田中康弘
デンコウケンジャ,田中康弘
デンコウハピネス,田中康弘
デンコウブレイブ,田中康弘
デンコウミシオン,田中康弘
デンコウユジーヌ,田中康弘
デンコウリジエール,松本好雄
デンジエンド,田原邦男
デンジャーマン,浦野和由
デンセツノマジョ,國分純
デンタルウイッシュ,安田光則
デンタルバルーン,三宅勝俊
デンタルフロス,三宅勝俊
デンティベス,シルクレーシング
デンドロビウム,金山政信
デンバーテソーロ,了徳寺健二ホールディングス
デンプシー,中辻明
デンプシーロール,今村明浩
デンリッレハウエル,ヒダカ・ブリーダーズ・ユニオン
デヴィルズプライド,田頭勇貴
デヴィルズマーブル,ゴドルフィン
デヴォート,ノースヒルズ
データアナリシス,兼子尚也
データヴァリュー,社台レースホース
デームフォーチュン,吉田勝己
デーモン,ＨｉｍＲｏｃｋＲａｃｉｎｇホールディングス
デーモンスレイヤー,吉田勝利
デール,松島一晃
デールエルバハリ,篁真一郎
トイガー,節英司
トイムム,成田才仁
トゥアレグ,諸江幸祐
トゥインクルアップ,ヒダカ・ブリーダーズ・ユニオン
トゥインクルウェイ,ライオンレースホース
トゥインクルタワー,畑佐博
トゥインクルナイト,田頭勇貴
トゥインクルピカ,藤田晋
トゥインクルリーフ,ノルマンディーサラブレッドレーシング
トゥインクルーガー,山田裕仁
トゥエルブナインズ,サンライズ
トゥオトゥオ,リーヴァ
トゥオーノ,桑畑隆信
トゥゲザーアゲイン,グリーンスウォード
トゥザクラウン,キャロットファーム
トゥザコスモ,多田賢司
トゥザヒロイン,ＤＭＭドリームクラブ
トゥザファイナル,西見徹也
トゥザフロンティア,キャロットファーム
トゥシャン,天堀忠博
トゥジアース,那須野牧場
トゥジュール,広尾レース
トゥスコラーナ,シルクレーシング
トゥデイイズザデイ,前田葉子
トゥピ,ディアレストクラブ
トゥプエデス,佐藤理
トゥモローズウェイ,新木鈴子
トゥモロープラン,下河辺牧場
トゥモローマーチ,前田幸治
トゥライトゥーラ,加藤誠
トゥラッタッタ,大塚亮一
トゥラムプラッツ,ディアレストクラブ
トゥラヴェスーラ,吉田照哉
トゥルカナ,畑佐博
トゥルグール,もだんスタイルレーシング
トゥルパーニ,吉田照哉
トゥルブレンシア,岡田牧雄
トゥルブレンツ,Ｇ１レーシング
トゥルプ,ＧＥＴＮＥＸＴ
トゥルボー,ノースヒルズ
トゥルーアート,キャロットファーム
トゥルーウィッシュ,小林竜太郎
トゥルーウインド,社台レースホース
トゥルーキーノ,ディアレストクラブ
トゥルーサクセサー,岡田牧雄
トゥルーサンライズ,ライフハウス
トゥルージョワ,モンレーヴ
トゥルース,飯田正剛
トゥルーハート,ヒダカ・ブリーダーズ・ユニオン
トゥルーバローズ,猪熊広次
トゥルーブルー,田頭勇貴
トゥルーマンショウ,ゴドルフィン
トゥルーヴィル,キャロットファーム
トゥレイス,ノルマンディーサラブレッドレーシング
トゥレネヴェリテ,加藤誠
トゥロン,吉田勝己
トゥワイス,吉野智博
トゥントゥントゥン,佐久間拓士
トゥーサン,雅苑興業
トゥーザスターズ,ビッグレッドファーム
トゥーザムーン,辻子依旦
トゥースアンネイル,飯田正剛
トゥーテイルズ,金子真人ホールディングス
トゥードジボン,青山洋一
トゥーナスタディ,薄井隆博
トゥーパンクス,野嶋祥二
トゥービーシック,西森功
トゥービートライン,藤本直弘
トゥーフェイス,社台レースホース
トゥーフラッシー,西森功
トゥーマイフォー,小田吉男
トゥームレイダー,ＣＨＥＶＡＬＡＴＴＡＣＨＥ
トゥーヤング,三岡陽
トゥールアンレール,シルクレーシング
トゥールドマジ,サラブレッドクラブ・ラフィアン
トゥールナージュ,ローレルレーシング
トゥールリー,本城
トゥーレツリー,社台レースホース
トウアトリア,原田豊
トウエンノチカイ,由井健太郎
トウカイイグニス,内村正則
トウカイエクラン,内村正則
トウカイエクレール,内村正則
トウカイエトワール,内村正則
トウカイエルデ,内村正則
トウカイエントリー,内村正則
トウカイオラージュ,内村正則
トウカイオルデン,内村正則
トウカイカグラ,内村正則
トウカイキュニスカ,内村正則
トウカイクラルテ,内村正則
トウカイクレオス,内村正則
トウカイシェーン,内村正則
トウカイシュテルン,内村正則
トウカイジーク,内村正則
トウカイソフィア,内村正則
トウカイチョウサン,チョウサン
トウカイツバキ,内村正則
トウカイティエラ,内村亨
トウカイディアマン,内村正則
トウカイデュエル,内村正則
トウカイバリエンテ,内村正則
トウカイパシオン,内村正則
トウカイビアンカ,内村正則
トウカイファクター,内村正則
トウカイフィエロ,内村正則
トウカイフルーレ,内村正則
トウカイベルシナル,内村正則
トウカイポワール,内村正則
トウカイマシェリ,内村正則
トウカイマナ,内村正則
トウカイマーレ,内村正則
トウカイラメール,内村正則
トウカイラルゴ,内村正則
トウカイリュタン,内村正則
トウカイリーゼ,内村正則
トウカイレイナ,内村正則
トウカイレオ,内村正則
トウカイレーヌ,内村正則
トウキチロウ,サンデーヒルズ
トウキョウガール,田頭勇貴
トウキョウコール,西村新一郎
トウキョウスター,坪野谷和平
トウキョウボーイ,村山忠弘
トウケイクレナイ,木村信彦
トウケイココノエ,木村信彦
トウケイゴコウ,木村信彦
トウケイストーム,木村信彦
トウケイタンホイザ,木村信彦
トウケイダヴィンチ,木村信彦
トウケイチョウテン,木村信彦
トウケイピン,木村信彦
トウケイミラ,木村信彦
トウケイワルツ,木村信彦
トウケンスピカ,ザ・チャンピオンズ
トウコンリュウジン,宮田直也
トウショウカウント,トウショウ産業
トウショウクラウド,トウショウ産業
トウショウデュエル,藤田衛成
トウショウドラフタ,トウショウ産業
トウショウビクター,トウショウ産業
トウショウピスト,トウショウ産業
トウショウピボット,トウショウ産業
トウショウブレイド,トウショウ産業
トウショウリッジ,トウショウ産業
トウシンアサヒ,サトー
トウシンイマジ,サトー
トウシンカイザー,サトー
トウシンカーリン,サトー
トウシンタイガー,サトー
トウシンハナ,サトー
トウシンバカラ,サトー
トウシンマカオ,サトー
トウシンマジック,サトー
トウシンモンブラン,サトー
トウシンライオット,サトー
トウシンラヴ,サトー
トウセツ,中辻明
トウタツ,中辻明
トウテイラン,ウエスト．フォレスト．ステイブル
トウバツ,檜森高史
トウメイヨリキレイ,東豊物産
トウリュウ,甘糟麗子
トウロウノオノ,由井健太郎
トオヤリトセイト,村田能光
トキカゼ,Ｈ．Ｈ．シェイク・ハムダン
トキノオー,田畑富子
トキノカンピオーネ,ディアレストクラブ
トキノショウヘイ,田中準市
トキノソマリ,田中準市
トキノハヤテ,田畑富子
トキノヒト,松田整二
トキノファースト,田中準市
トキノミドリ,岡田勇
トキノメガミ,時田勝弘
トキノヤマト,醍醐徹
トキノユウホウ,岡田勇
トキノワンカラット,田中準市
トキメキ,ミルファーム
トキメキジニア,片岡正雄
トキメキジュピター,杉浦和也
トキメキスバル,片岡正雄
トキメキセンヒメ,片岡正雄
トキメキタロー,片岡正雄
トキメキナイス,片岡正雄
トキメキナイト,田頭勇貴
トキメキヴィーナス,片岡正雄
トクシーオーディン,ＡＩレーシング
トクシーカイザー,ＡＩレーシング
トクシーカイゼリン,ＡＩレーシング
トクシージェネラル,ＡＩレーシング
トクシースタローン,ＡＩレーシング
トクシーズファー,ＡＩレーシング
トクシーゼファー,ＡＩレーシング
トクダワラ,芳賀克也
トクベツノカンケイ,内田玄祥
トコシエノヒトミ,岡浩二
トコトコクマチ,一村哲也
トコトコリズム,Ｍｒ．ホース
トコトワ,前川企画
トゴ,飯田正剛
トシエ,風早信昭
トシエスマイル,吉田喜代司
トシギャングスター,田畑利彦
トシザキミ,上村利幸
トシッキー,福盛訓之
トシッキーセカンド,福盛訓之
トシミチ,サンデーヒルズ
トスアップ,シルクレーシング
トスカ,ＫＡＪＩＭＯＴＯホールディングス
トチノファンタジア,阿部東亜子
トチノホマレ,阿部東亜子
トッカータ,門野重雄
トッケンリスク,福田光博
トッコディルーチェ,加藤誠
トッティー,小林竜太郎
トッピゴー,キーファーズ
トッピボーン,松島一晃
トップアスリート,寺田千代乃
トップアタック,紅露純
トップウイナー,宮内牧場
トップエリア,紅露純
トップオアシス,紅露純
トップオブグローリ,徳増栄治
トップオブザキング,小林章
トップオブザライン,平田修
トップオブザロック,犬塚悠治郎
トップオブジェラス,嶋田賢
トップオブメジャー,ＤＭＭドリームクラブ
トップオンザヒル,マークス
トップガン,芹澤精一
トップキャスト,Ｇ１レーシング
トップギア,アドバンス・サッポロ
トップザビル,吉田千津
トップシンデレラ,平賀久枝
トップジージョ,高岡浩行
トップスターサン,吉田和美
トップスティール,井山登
トップソリスト,ノースヒルズ
トップチェッカー,シルクレーシング
トップディーヴォ,紅露純
トップデュオ,Ｇ１レーシング
トップナイフ,安原浩司
トップノッチ,山口裕介
トップパワー,紅露純
トップビート,紅露純
トップブランド,ヒダカ・ブリーダーズ・ユニオン
トップブリランテ,宮内牧場
トップホライゾン,紅露純
トップボス,谷脇智恵子
トップマジェスティ,嶋田賢
トップマジシャン,宮内牧場
トップモーリス,宮内牧場
トップライン,成瀬篤司
トップランク,古賀慎一
トップリーチ,紅露純
トップレイアー,インゼルレーシング
トップレジェンド,宮内牧場
トップレディー,フジワラ・ファーム
トップヴィヴィット,紅露純
トップヴェスパー,紅露純
トッレブランカ,水上行雄
トッレペンデンテ,ゴドルフィン
トトリムク,ミルファーム
トドロキゲキジョウ,ＧＥＴＮＥＸＴ
トニカクビジン,田頭勇貴
トニケンサンバ,ＫＲジャパン
トニトゥルス,ディアレストクラブ
トニーアワード,金子真人ホールディングス
トニーテソーロ,了徳寺健二ホールディングス
トニーヒアロ,トニー倶楽部
トニーファイブ,トニー倶楽部
トニーロマンス,トニー倶楽部
トネール,桑田牧場
トノパー,小田吉男
トパーズテソーロ,了徳寺健二ホールディングス
トビイロノヒトミ,ミルファーム
トピアリスト,明栄商事
トピックス,齋藤秀昭
トブガゴトク,松尾正
トプカプパレス,ゴドルフィン
トプシー,金子真人ホールディングス
トペコンヒーロ,細川智恵子
トマティーナ,ミルファーム
トマトトウマ,松屋隆士
トマトーマ,ザ・チャンピオンズ
トミケンアラバール,冨樫賢二
トミケンエンデレア,冨樫賢二
トミケンカラバティ,佐野信幸
トミケンキルカス,冨樫賢二
トミケンサルタール,佐野信幸
トミケンシャイリ,冨樫賢二
トミケンストーリア,富樫アキ子
トミケンスラーヴァ,冨樫賢二
トミケンハミシャ,冨樫賢二
トミケンハルト,冨樫賢二
トミケンフルミネ,佐野信幸
トミケンプリエール,冨樫賢二
トミケンプロズバ,杉山元洋
トミケンベレムド,蓑島竜一
トミケンボイジフ,冨樫賢二
トミケンボハテル,佐野信幸
トミケンミステリオ,冨樫賢二
トミケンリフリーク,冨樫賢二
トミケンリューヤー,冨樫賢二
トミケンルーア,富樫アキ子
トミケンレゲンダ,富樫アキ子
トミケンヴァイゼ,冨樫賢二
トミケンヴァール,冨樫賢二
トミュリス,後藤英成
トミーバローズ,猪熊広次
トム,江川伸夫
トムキャット,田頭勇貴
トムクリオーザ,モンレーヴ
トムティット,高昭牧場
トムピアーズ,飯田正剛
トムワールド,柳橋俊昭
トモエ,梅澤明
トモエゴゼン,ヒダカ・ブリーダーズ・ユニオン
トモエジョウ,河内孝夫
トモエセンニンギリ,高瀬真尚
トモエタカ,石井義孝
トモエナゲ,江川伸夫
トモサカエ,齊藤栄一
トモジャアルマンド,吉冨学
トモジャイブ,吉冨学
トモジャオッシュ,吉冨学
トモジャオーリー,吉冨学
トモジャカトゥーラ,吉冨朝美
トモジャクアルト,吉冨朝美
トモジャケーヤ,吉冨朝美
トモジャザーン,吉冨朝美
トモジャシック,吉冨朝美
トモジャシャトー,吉冨学
トモジャシーマ,吉冨朝美
トモジャスティス,吉冨学
トモジャタイクーン,吉冨学
トモジャチャーリー,吉冨学
トモジャック,吉冨学
トモジャデュポー,吉冨学
トモジャドット,吉冨朝美
トモジャナイト,吉冨学
トモジャバロンド,吉冨学
トモジャパルムドル,吉冨学
トモジャファイブ,吉冨学
トモジャブルーノ,吉冨朝美
トモジャプリマ,吉冨学
トモジャプレジール,吉冨学
トモジャマサムネ,吉冨学
トモジャミ,吉冨学
トモジャユニベール,吉冨学
トモジャリア,吉冨学
トモジャワールド,吉冨学
トモジャヴァリ,吉冨学
トモジャー,吉冨学
トモダチ,山紫水明
トモノコテツ,共田義夫
トモノコリ,共田義夫
トモノヘイヘイ,共田義夫
トモノボーイ,共田義夫
トモノマウイ,共田義夫
トモノモアナ,共田義夫
トモノレオン,共田義夫
トモロウィンアスク,廣崎利洋ＨＤ
トヨサカエ,中村勝重
トヨリュウオー,しょうじ
トライアンドエラー,酒井孝敏
トライアンドゴール,藤沼利夫
トライアンフ,ＨｉｍＲｏｃｋＲａｃｉｎｇホールディングス
トライアンフパス,サラブレッドクラブ・ラフィアン
トライゲッター,畑佐博
トライコーン,古賀慎一
トライゴーニック,キャロットファーム
トライジャーニー,密山根成
トライデント,岡田牧雄
トライデントスピア,キャロットファーム
トライハード,長谷川光司
トライバルキング,Ｈ．Ｈ．シェイク・ファハド
トライファン,小菅誠
トライフォーリアル,シルクレーシング
トライレグナム,カナヤマホールディングス
トライン,大野照旺
トラインコンパス,Ｇ１レーシング
トラウムビルト,Ｇ１レーシング
トラウンシュタイン,Ｇ１レーシング
トラカイキャッスル,吉田照哉
トラキアンコード,原禮子
トラキチ,大森悌次
トラキチシャチョウ,ミキハウスＨＫサービス
トラジェクトワール,キャロットファーム
トラスコンガーデン,由井健太郎
トラスティア,ノルマンディーサラブレッドレーシング
トラスティソード,飯田貴大
トラステッド,稲場澄
トラスト,ビッグレッドファーム
トラストアリ,菅波立知子
トラストエムシー,コスモ・コスモ
トラストガイア,菅波立知子
トラストギャロップ,菅波立知子
トラストケンシン,菅波立知子
トラストサン,菅波立知子
トラストシンゲン,菅波雅巳
トラストタダカツ,菅波雅巳
トラストダーコ,菅波雅巳
トラストテッペン,菅波雅巳
トラストドーベル,菅波雅巳
トラストナオトラ,菅波雅巳
トラストノブナガ,菅波雅巳
トラストバシレウス,菅波雅巳
トラストバディ,キーファーズ
トラストパイロ,菅波立知子
トラストパッキャオ,菅波雅巳
トラストベル,菅波立知子
トラストボス,菅波立知子
トラストマヴィア,菅波雅巳
トラストミー,江馬由将
トラストメイウェザ,菅波立知子
トラストモアリズム,菅波雅巳
トラストユー,平井裕
トラストレガート,菅波雅巳
トラストロン,菅波立知子
トラストワージー,ゴドルフィン
トラッドロア,Ｇ１レーシング
トラディスカント,シルクレーシング
トラネスハープ,谷川昭雄
トラハト,ミルファーム
トラピッチェ,青山洋一
トラファルガー,田畑利彦
トラベリング,グリーンファーム
トラベログ,下河辺牧場
トラペジスト,シルクレーシング
トラマンダーレ,シルクレーシング
トラミナー,金子真人ホールディングス
トラモント,シルクレーシング
トラモントガルフ,ディアレストクラブ
トランキリテ,キャロットファーム
トランクイッロ,眞保榮稔
トランサルピナ,ノースヒルズ
トランザクト,明栄商事
トランザム,増田和啓
トランシルヴァニア,サンデーレーシング
トランジェント,安原浩司
トランスアクスル,サンデーレーシング
トランスナショナル,吉田照哉
トランスフォーム,芳賀滿男
トランスポーター,安原浩司
トランスマリーン,Ｇ１レーシング
トランスマーレ,社台レースホース
トランスミッション,ラ・メール
トランセンコ,内田玄祥
トランセンドパスト,簗詰貴彦
トランソニック,星加浩一
トランプ,大塚亮一
トランプズパワー,風早信昭
トランペットシェル,谷掛龍夫
トランペットマーチ,吉田千津
トラヴィス,島川隆哉
トラヴェラーズ,ハクツ牧場
トラヴェリンバンド,京都ホースレーシング
トラヴォルジェンテ,キャロットファーム
トラーパニ,吉田和美
トリアングルレディ,ターフ・スポート
トリウンファラ,藤田好紀
トリエンナーレ,社台レースホース
トリオノチカラ,ｔｏｒｉｏ
トリオンフ,桑田牧場
トリオンファルマン,ノースヒルズ
トリオンファーレ,平井裕
トリオーレ,ノルマンディーサラブレッドレーシング
トリクシー,中辻明
トリクロマティック,シルクレーシング
トリグラフ,山口裕介
トリグラフヒル,サンデーレーシング
トリコロールブルー,シルクレーシング
トリシューラ,篁真一郎
トリスティ,星野隆男
トリストラム,レッドマジック
トリッキーカフェ,西川恭子
トリック,石川達絵
トリックスター,村野康司
トリッタウ,ディアレストクラブ
トリッチトラッチ,ライオンレースホース
トリップス,石川貴久
トリップダンサー,ビッグレッドファーム
トリップトゥムーン,岡田牧雄
トリデンテ,大塚亮一
トリトマフロックス,ビッグレッドファーム
トリトン,村野康司
トリニタリアニズム,吉田勝己
トリニタリオ,ビッグレッドファーム
トリニティ,原禮子
トリニティテソーロ,了徳寺健二ホールディングス
トリビア,今村明浩
トリフィス,広尾レース
トリフォラート,保坂和孝
トリフォリウム,キャロットファーム
トリブート,寺田寿男
トリプティーク,本田恒雄
トリプルウイナー,ＨｉｍＲｏｃｋＲａｃｉｎｇホールディングス
トリプルエース,ゴドルフィン
トリプルコーク,サンデーレーシング
トリプルシックス,西森功
トリプルスリル,吉田千津
トリプルハッピー,村島聡乃
トリプルバレル,ノルマンディーサラブレッドレーシング
トリプルフォー,ジーホース
トリプルプレイ,藤田好紀
トリプルミリオン,江川伸夫
トリプルループ,松島一晃
トリプルレインボー,岡田牧雄
トリプレッタ,ビッグレッドファーム
トリプレーテ,寺田寿男
トリポリタニア,サンデーレーシング
トリュフチョコ,保坂和孝
トリリオンボーイ,武田美香
トリンカデイラ,ゴドルフィン
トリヴォルテソーロ,了徳寺健二ホールディングス
トリーア,ノースヒルズ
トルショー,モンレーヴ
トルストイ,近藤英子
トルズイーガー,モンレーヴ
トルタディメーレ,キャロットファーム
トルタパスカリーナ,吉田勝己
トルティーナ,加藤徹
トルトゥーガ,社台レースホース
トルナヴァ,ゴドルフィン
トルニ,水上ふじ子
トルネードアイル,村木隆
トルネードアレイ,社台レースホース
トルネードサンダー,ＨｉｍＲｏｃｋＲａｃｉｎｇホールディングス
トルネードフラッグ,ロードホースクラブ
トルベジーノ,ビッグレッドファーム
トルマリンテソーロ,了徳寺健二ホールディングス
トルメンタ,寺田寿男
トルヴァルツァー,サラブレッドクラブ・ラフィアン
トルークマクト,協栄
トルーティクス,水上行雄
トルーマンテソーロ,了徳寺健二ホールディングス
トレイトセオリー,社台レースホース
トレインザマインド,キャロットファーム
トレイントレイン,ＭＭＣ
トレオン,石瀬浩三
トレクァルティスタ,サンデーレーシング
トレサイーユ,前田幸治
トレサフィール,ＹＧＧホースクラブ
トレジャーアイル,サンデーレーシング
トレジャークエスト,大原詔宏
トレジャーシップ,山田弘
トレジャーストーン,ＤＭＭドリームクラブ
トレジャートリップ,島井新一郎
トレジャートレイル,吉田千津
トレジャートローヴ,吉田勝己
トレジャーナンバー,ミルファーム
トレジャーハウス,島井新一郎
トレジャーバローズ,猪熊広次
トレジャーボックス,ヒダカ・ブリーダーズ・ユニオン
トレジャーマップ,小林英一ホールディングス
トレセデオロ,松丸友樹
トレゾア,永田和彦
トレチーメ,金子真人ホールディングス
トレッチェ,ノースヒルズ
トレッファー,フジワラ・ファーム
トレデマンド,サンデーレーシング
トレド,ラ・メール
トレニアムーン,ミルファーム
トレフォイル,前田清二
トレフォイルノット,シルクレーシング
トレブランシュ,ＹＧＧホースクラブ
トレベルオール,ＹＧＧホースクラブ
トレベルフィーユ,吉田千津
トレベーラ,田上雅春
トレボウソレイユ,松岡隆雄
トレポンティ,ヒダカ・ブリーダーズ・ユニオン
トレミエール,Ｇ１レーシング
トレミニョン,社台レースホース
トレメンダスハート,岡田牧雄
トレンシャリー,水上ふじ子
トレンチタウン,ニッシンホールディングス
トレンディスター,水谷美穂
トレンディダーム,岡田牧雄
トレンディー,平本敏夫
トレンドボブ,ローレルレーシング
トレンドマーチ,玉置潔
トレンドライン,サンデーレーシング
トレンドラド,長田忠千代
トレンブラン,村上憲政
トレヴィ,ＮＩＣＫＳ
トレヴィス,安齋廣行
トレヴィト,ノースヒルズ
トレヴィーテ,由井健太郎
トレーネ,永山勝敏
トレーンベアラー,吉田和子
トロイカ,ゴドルフィン
トロイメント,Ｇ１レーシング
トロギル,畑佐博
トロシュナ,サンデーレーシング
トロハ,橋元勇氣
トロピカルストーム,吉田和美
トロピカルスパート,日向均
トロピカルタウン,グリーンスウォード
トロピカルティー,保坂和孝
トロピカルヒーロー,田頭勇貴
トロピカルビーチ,サラブレッドクラブ・ラフィアン
トロピカルライト,高橋文男
トロピカルレイズ,ビッグレッドファーム
トロピカルレイン,エムズレーシング
トロピコ,前原敏行
トロフィアス,阿部友弘
トロフィーポーズ,キャロットファーム
トロルトゥンガ,ディアレストクラブ
トロワエスポワール,村野康司
トロワシャルム,村野康司
トロワスール,ＧＥＴＮＥＸＴ
トロワゼトワル,社台レースホース
トロワフレーシュ,橋詰弘一
トロワマルス,山岸桂市
トロワヴァレー,キャロットファーム
トロンアゲイン,高昭牧場
トロントテソーロ,了徳寺健二ホールディングス
トロヴァトーレ,サンデーレーシング
トワイライトウェイ,吉田照哉
トワイライトサイト,ライオンレースホース
トワイライトシティ,エムズレーシング
トワイライトタイム,三田昌宏
トワイライトドレス,村島昭男
トワイライトパレス,社台レースホース
トワイライトビギン,田島榮二郎
トワイライトビュー,京都ホースレーシング
トワイライトライフ,サンデーレーシング
トワイライトレディ,佐藤壽男
トワニ,岡浩二
トワレ,臼井義太郎
トンガリボウシ,小島將之
トンコツラーメン,内田玄祥
トンジンチ,幅田昌伸
トンデトンデトンデ,泉一郎
トンデンカムオン,松山増男
トントゥ,山口裕介
トントンビョウシ,ミルファーム
トントンプー,友水達也
トンバ,永田和彦
トンボ,本間茂
トンボイ,幅田京子
トンボイミノル,吉岡實
トンヤイビーン,高橋亨
トーアアイギス,高山ランド
トーアアグネス,高山ランド
トーアアネラ,高山ランド
トーアイカヅチ,高山ランド
トーアウィリアム,高山ランド
トーアエレクトラム,高山ランド
トーアエレクトロン,高山ランド
トーアオリンポス,高山ランド
トーアカフウ,高山ランド
トーアカラカウア,高山ランド
トーアクルス,高山ランド
トーアグッドラック,高山ランド
トーアケルキラ,高山ランド
トーアコハク,高山ランド
トーアコルシャ,高山ランド
トーアコルレオーネ,高山ランド
トーアコンゴウ,高山ランド
トーアサジタリウス,高山ランド
トーアシオン,高山ランド
トーアシチフクジン,高山ランド
トーアジョウトウ,高山ランド
トーアスカーレット,高山ランド
トーアスサノオー,高山ランド
トーアタンガロア,高山ランド
トーアツキヒカリ,高山ランド
トーアテンジン,高山ランド
トーアテンソンシ,高山ランド
トーアテンニョ,高山ランド
トーアディアナ,高山ランド
トーアディラン,高山ランド
トーアナカヨシ,高山ランド
トーアナタリー,高山ランド
トーアピッコロ,高山ランド
トーアマサムネ,高山ランド
トーアマリシテン,高山ランド
トーアマーブル,高山ランド
トーアモルペウス,高山ランド
トーアライジン,高山ランド
トーアライデン,高山ランド
トーアライラック,高山ランド
トーアリバティー,高山ランド
トーアリュウジン,高山ランド
トーアルドルフ,高山ランド
トーアレインボー,高山ランド
トーアローダンテ,高山ランド
トーアヴィルヌーヴ,高山ランド
トーカイキング,田畑富子
トーキョーサバク,原禮子
トークフレンドリー,吉田千津
トークン,山本律
トーケンサワー,林秀宣
トーケンジンロック,林秀宣
トーケンマコット,トーケンサービス
トーコーブリザード,森田藤治
トーセンアイアン,島川隆哉
トーセンアイトーン,島川隆哉
トーセンアウローラ,島川隆哉
トーセンアクティブ,島川隆哉
トーセンアシュリー,島川隆哉
トーセンアストル,島川隆哉
トーセンアデル,島川隆哉
トーセンアトランタ,島川隆哉
トーセンアナベル,島川隆哉
トーセンアマンダ,Ｍｒ．ホース
トーセンアミ,島川隆哉
トーセンアミューズ,島川隆哉
トーセンアメジスト,島川隆哉
トーセンアラン,島川隆哉
トーセンアルバータ,島川隆哉
トーセンアルル,島川隆哉
トーセンアレックス,島川隆哉
トーセンアンジェロ,島川隆哉
トーセンアンバー,島川隆哉
トーセンアーサー,島川隆哉
トーセンアーリー,島川隆哉
トーセンアーロン,島川隆哉
トーセンイライザ,島川隆哉
トーセンインディゴ,島川隆哉
トーセンインパルス,島川隆哉
トーセンイヴ,島川隆哉
トーセンウィナー,島川隆哉
トーセンウエーブ,島川隆哉
トーセンウォルト,島川隆哉
トーセンウォーリア,島川隆哉
トーセンエスクード,島川隆哉
トーセンエディ,島川隆哉
トーセンエドワード,島川隆哉
トーセンエリオット,島川隆哉
トーセンエルドラド,島川隆哉
トーセンエンパイア,島川隆哉
トーセンオパール,島川隆哉
トーセンオリジン,本田恒雄
トーセンオリックス,島川隆哉
トーセンオリンピア,島川隆哉
トーセンオードリー,島川隆哉
トーセンカイロス,島川隆哉
トーセンカタリーナ,島川隆哉
トーセンカタルシス,島川隆哉
トーセンカトリーヌ,島川隆哉
トーセンカンビーナ,島川隆哉
トーセンガイア,島川隆哉
トーセンガーネット,島川隆哉
トーセンガーリー,島川隆哉
トーセンキアラ,島川隆哉
トーセンキッド,島川隆哉
トーセンキャロル,島川隆哉
トーセンキール,島川隆哉
トーセンギムレット,島川隆哉
トーセンギャラン,島川隆哉
トーセンクオーレ,島川隆哉
トーセンクライスト,島川隆哉
トーセンクライネ,島川隆哉
トーセンクライマー,島川隆哉
トーセンクリステル,島川隆哉
トーセンクリーガー,島川隆哉
トーセンクレセント,島川隆哉
トーセンクロノス,島川隆哉
トーセングラン,島川隆哉
トーセングラート,島川隆哉
トーセンケビン,島川隆哉
トーセンコップ,島川隆哉
トーセンコハク,島川隆哉
トーセンコパン,島川隆哉
トーセンコモドール,島川隆哉
トーセンコルネリオ,島川隆哉
トーセンゴーイング,島川隆哉
トーセンサウダージ,島川隆哉
トーセンサクセス,島川隆哉
トーセンサブリナ,島川隆哉
トーセンサマンサ,島川隆哉
トーセンサンダー,島川隆哉
トーセンサンドラ,島川隆哉
トーセンザゲーム,島川隆哉
トーセンシエロ,島川隆哉
トーセンシエンタ,島川隆哉
トーセンシグナル,島川隆哉
トーセンシナモン,島川隆哉
トーセンシベール,島川隆哉
トーセンシュシュ,島川隆哉
トーセンシュバリエ,島川隆哉
トーセンシントラ,島川隆哉
トーセンシーギリヤ,島川隆哉
トーセンシーバス,島川隆哉
トーセンジェイク,島川隆哉
トーセンジェミニ,島川隆哉
トーセンジェロニモ,島川隆哉
トーセンジェンマ,島川隆哉
トーセンジゼル,島川隆哉
トーセンジニアール,島川隆哉
トーセンジャック,島川隆哉
トーセンジャネット,島川隆哉
トーセンジュノ,島川隆哉
トーセンジンライム,島川隆哉
トーセンスイッチ,島川隆哉
トーセンスカイ,島川隆哉
トーセンスプリント,島川隆哉
トーセンスーリヤ,島川隆哉
トーセンゼロス,島川隆哉
トーセンソロモン,島川隆哉
トーセンソワレ,島川隆哉
トーセンタイタン,島川隆哉
トーセンタイミング,島川隆哉
トーセンダイキリ,島川隆哉
トーセンダイヤ,島川隆哉
トーセンダニエル,島川隆哉
トーセンダビット,島川隆哉
トーセンダリア,島川隆哉
トーセンチェイサー,島川隆哉
トーセンチャールズ,島川隆哉
トーセンテキーラ,島川隆哉
トーセンディーン,島川隆哉
トーセントゥーリオ,島川隆哉
トーセントラム,島川隆哉
トーセントルマリン,島川隆哉
トーセンドナルド,島川隆哉
トーセンドリフト,島川隆哉
トーセンニック,島川隆哉
トーセンネオ,島川隆哉
トーセンネッロ,島川隆哉
トーセンノヴァ,島川隆哉
トーセンバイオ,島川隆哉
トーセンバーボン,島川隆哉
トーセンパトリック,島川隆哉
トーセンビギン,島川隆哉
トーセンビースト,島川隆哉
トーセンフィジカル,島川隆哉
トーセンフルヴィア,島川隆哉
トーセンブリラーレ,島川隆哉
トーセンブレス,島川隆哉
トーセンブレンダ,島川隆哉
トーセンブロンクス,島川隆哉
トーセンヘンリー,島川隆哉
トーセンベガス,島川隆哉
トーセンペネロペ,島川隆哉
トーセンペリドット,島川隆哉
トーセンポエム,島川隆哉
トーセンポラリス,島川隆哉
トーセンマイスター,島川隆哉
トーセンマイベスト,島川隆哉
トーセンマジェスタ,島川隆哉
トーセンマスラオ,島川隆哉
トーセンマックス,島川隆哉
トーセンマッシモ,島川隆哉
トーセンマテリアル,島川隆哉
トーセンマリア,島川隆哉
トーセンマルコ,島川隆哉
トーセンマーク,島川隆哉
トーセンミシェル,島川隆哉
トーセンメラニー,島川隆哉
トーセンユーリ,島川隆哉
トーセンライティア,島川隆哉
トーセンライブ,島川隆哉
トーセンリスト,島川隆哉
トーセンリズム,島川隆哉
トーセンリバーブ,島川隆哉
トーセンリベロ,島川隆哉
トーセンリミテッド,島川隆哉
トーセンリヤン,島川隆哉
トーセンリュタン,島川隆哉
トーセンリョウ,島川隆哉
トーセンリラ,島川隆哉
トーセンリーブル,島川隆哉
トーセンルチアーノ,島川隆哉
トーセンルルド,島川隆哉
トーセンルーカス,島川隆哉
トーセンレオナルド,島川隆哉
トーセンレオーネ,島川隆哉
トーセンレガーロ,島川隆哉
トーセンレスター,島川隆哉
トーセンレスリー,島川隆哉
トーセンレビュー,島川隆哉
トーセンロザリオ,島川隆哉
トーセンロジャー,島川隆哉
トーセンロンド,島川隆哉
トーセンローラ,島川隆哉
トーセンローリエ,島川隆哉
トーセンワンダー,島川隆哉
トーセンワンピース,島川隆哉
トーセンヴァンノ,島川隆哉
トーセンヴィガー,島川隆哉
トーセンヴィータ,島川隆哉
トーセンヴェリテ,島川隆哉
トーセンヴェルディ,島川隆哉
トーセンヴォーグ,島川隆哉
トータルクラリティ,キャロットファーム
トータルソッカー,渡邊隆
トータルプラン,福田光博
トータルリコール,山本又一郎
トーティシェル,ミルファーム
トーテムポール,ゴドルフィン
トート,高瀬真尚
トープ,島川隆哉
トーホウアイレス,東豊物産
トーホウアシュラ,東豊物産
トーホウアルテミス,東豊物産
トーホウウルマン,東豊物産
トーホウエンジェル,東豊物産
トーホウオリオン,東豊物産
トーホウカッフェ,東豊物産
トーホウガレオン,東豊物産
トーホウガーベラ,東豊物産
トーホウキザン,東豊物産
トーホウクリスタル,東豊物産
トーホウグラス,東豊物産
トーホウグランツ,東豊物産
トーホウグロリアス,東豊物産
トーホウコマンド,東豊物産
トーホウゴールデン,東豊物産
トーホウサキ,東豊物産
トーホウシーザス,東豊物産
トーホウシーマ,東豊物産
トーホウジェンマ,東豊物産
トーホウジャガー,東豊物産
トーホウジャック,東豊物産
トーホウジュナール,東豊物産
トーホウジョーカー,東豊物産
トーホウスザク,東豊物産
トーホウダブリン,東豊物産
トーホウダリンシア,東豊物産
トーホウテンリュウ,東豊物産
トーホウディアス,東豊物産
トーホウディアマン,東豊物産
トーホウデュラン,東豊物産
トーホウドミンゴ,東豊物産
トーホウノーヴァ,東豊物産
トーホウバッカス,東豊物産
トーホウバロン,東豊物産
トーホウパラダイス,東豊物産
トーホウビエント,東豊物産
トーホウビスカヤ,東豊物産
トーホウビッグバン,東豊物産
トーホウビビアン,東豊物産
トーホウフライト,東豊物産
トーホウフランゴ,東豊物産
トーホウフレーテ,東豊物産
トーホウボス,東豊物産
トーホウボッカ,東豊物産
トーホウボルツ,東豊物産
トーホウムーラン,東豊物産
トーホウラデン,東豊物産
トーホウラビアン,東豊物産
トーホウランボ,東豊物産
トーホウリーガル,東豊物産
トーホウルナロッサ,東豊物産
トーホウレジーナ,東豊物産
トーホウレッド,東豊物産
トーホウレーゲン,東豊物産
トーホウロゼ,東豊物産
トーホウロゼリア,東豊物産
トーホウロッキー,東豊物産
トーホウロドリゲス,東豊物産
トーホウワールド,東豊物産
トーマステソーロ,森田至昭
トーマスフレア,インゼルレーシング
トーヨークィーン,中嶋宏
トーヨースターオー,中嶋宏
トーヨーダッシュ,中嶋宏
トーヨーヒヨウ,中嶋宏
トーヨーピース,中嶋宏
トーラスキング,三宅勝俊
トーラスシャイン,ゴドルフィン
トーラスジェミニ,柴原榮
トール,山口正行
トールキン,吉田勝己
トーレ,猪又晶介
トーレス,河村祥史
トーレスデルパイネ,ミルファーム
トーレセントラル,スピードファーム
ドアトゥブリス,サラブレッドクラブ・ラフィアン
ドゥアイズ,Ｇ１レーシング
ドゥアムール,前田葉子
ドゥエルメス,大塚亮一
ドゥオンフルール,大塚亮一
ドゥオーモ,広尾レース
ドゥカート,Ｇ１レーシング
ドゥカーレ,吉田晴哉
ドゥグラン,上田忠男
ドゥザキャッチ,鈴木剛史
ドゥシャンパーニュ,大塚亮一
ドゥドゥ,吉澤ホールディングス
ドゥフタハ,熊谷貴之
ドゥフトブリューテ,ヒダカ・ブリーダーズ・ユニオン
ドゥフレーシュ,橋詰弘一
ドゥブルヴェ,ＭＯＭＯレーシング
ドゥボヌール,社台レースホース
ドゥマイシング,藤田晋
ドゥマルセイユ,大塚亮一
ドゥマーヴェリック,嶋田一成
ドゥミプリエ,下河辺牧場
ドゥムーラン,サンデーレーシング
ドゥモワゼル,小田切統二
ドゥライト,木部厳生
ドゥライトアルディ,安原浩司
ドゥラエテルノ,インゼルレーシング
ドゥラエレーデ,スリーエイチレーシング
ドゥラエンヌ,杉山忠国
ドゥラシェーナ,ヒダカ・ブリーダーズ・ユニオン
ドゥラチェレステ,ノルマンディーサラブレッドレーシング
ドゥラッツォ,サイプレスホールディングス
ドゥラドーレス,吉田勝己
ドゥラミチャン,阿部友弘
ドゥラモット,雅苑興業
ドゥラモンディー,ターフ・スポート
ドゥラモンド,シルクレーシング
ドゥラリアル,藤田孟司
ドゥラリス,ターフ・スポート
ドゥラリュール,平井裕
ドゥラルーナ,インゼルレーシング
ドゥラレジリエント,鈴木昭和
ドゥラヴィータ,会田浩史
ドゥラヴェルデ,ＤＭＭドリームクラブ
ドゥラヴォーグ,サイプレスホールディングス
ドゥリトル,大林一彦
ドゥルチス,ゴドルフィン
ドゥレイクパセージ,吉田勝己
ドゥレッツァ,キャロットファーム
ドゥワー,ビッグレッドファーム
ドゥヴァンスマン,Ｇ１レーシング
ドゥーカ,カナヤマホールディングス
ドゥーカスコーリ,社台レースホース
ドゥーザトリック,岡田牧雄
ドゥータップ,グリーンフィールズ
ドゥーニ,ＫＡＪＩＭＯＴＯホールディングス
ドゥーベ,サンデーレーシング
ドゥーラ,サイプレスホールディングス
ドゥーワンズベスト,西森鶴
ドウアドバンテージ,キーファーズ
ドウカキミニトドケ,フィールドレーシング
ドウカンヤマ,一村哲也
ドウジギリ,中辻明
ドウジャスティ,キーファーズ
ドウダンミッチー,茂木国久
ドウディ,ｅ馬主組合
ドウデュース,キーファーズ
ドウドウキリシマ,西村新一郎
ドウドウファイト,西村新一郎
ドウニモトマラナイ,内田玄祥
ドウフォルス,インゼルレーシング
ドキ,中辻明
ドクターサクラ,徳山彰俊
ドクタースキル,松岡悟
ドクターストップ,由井健太郎
ドクターデューン,松岡悟
ドクタードリトル,谷掛龍夫
ドクターマンボウ,谷掛龍夫
ドクトゥルネモト,國分純
ドグマ,広尾レース
ドゴン,ＯＵＭＡ
ドゴール,カナヤマホールディングス
ドスコ,大田恭充
ドストエフスキー,三岡陽
ドスハーツ,大田恭充
ドッカイッチャッテ,由井健太郎
ドックランズ,Ｏ．Ｔ．Ｉ．Ｒａｃｉｎｇ
ドッグウッド,林瑛子
ドット,市川義美ホールディングス
ドットカモン,幅田京子
ドットクルー,幅田昌伸
ドットゲット,幅田昌伸
ドッビアーコ,吉田和美
ドデカハーツ,大田恭充
ドナアトラエンテ,サンデーレーシング
ドナアネラ,山田貢一
ドナアフロディテ,山田容子
ドナウエレン,サンデーレーシング
ドナウデルタ,サンデーレーシング
ドナウパール,サンデーレーシング
ドナウワルツ,サンデーレーシング
ドナエネルジア,山田貢一
ドナカサミエント,山田容子
ドナカルナバル,山田貢一
ドナカルモ,山田貢一
ドナキアーロ,山田貢一
ドナグラツィア,小川眞査雄
ドナコルコバド,山田貢一
ドナシェーン,小川眞査雄
ドナシュネル,小川眞査雄
ドナスウェット,小川眞査雄
ドナズエクリプス,福盛訓之
ドナソラーレ,小川眞査雄
ドナソレイ,小川眞査雄
ドナソール,小川眞査雄
ドナタイフーン,小川眞査雄
ドナチャージ,小川眞査雄
ドナテアン,小川眞査雄
ドナティアナ,小川眞査雄
ドナテッラ,ローレルレーシング
ドナディクオーレ,サンデーレーシング
ドナドナ,ニッシンホールディングス
ドナノーブル,小川眞査雄
ドナビスケット,山田容子
ドナビッグベン,小川眞査雄
ドナピコ,山田貢一
ドナブライドル,山田貢一
ドナブレス,大内景子
ドナプリモ,山田貢一
ドナベティ,小川眞査雄
ドナベーネ,山田貢一
ドナホーク,大内景子
ドナポンド,小川眞査雄
ドナミント,小川眞査雄
ドナライトニング,小川眞査雄
ドナラフィナート,山田貢一
ドナリエラ,ミルファーム
ドナリノ,山田貢一
ドナリー,ジャコモ
ドナルビー,小川眞査雄
ドナルンバ,小川眞査雄
ドナレア,山田貢一
ドナレイラニ,山田貢一
ドナヴィーナス,山田貢一
ドナヴォルタ,ディアレストクラブ
ドノスティア,村野康司
ドバイウィンド,日下幸徳
ドバイキャンドル,谷謙介
ドバイブルース,加藤正二郎
ドバイミッション,亀井哲也
ドバウィビクトリー,後藤英成
ドヒョウギワ,芳賀克也
ドヒョウノカギリ,芳賀克也
ドヒョウノビガク,芳賀克也
ドピエッタ,ビッグレッドファーム
ドマーネ,小林英一ホールディングス
ドミナシオン,幅田昌伸
ドミナンス,田頭勇貴
ドミナント,平田修
ドミナートゥス,サンデーレーシング
ドミナートル,落合幸弘
ドミネートシチー,友駿ホースクラブ
ドムスアウレア,エンジェルレーシング
ドメイン,石川達絵
ドモナラン,本杉芳郎
ドライカプチーノ,ミルファーム
ドライグ,奥裕嗣
ドライスタウト,ＹＧＧホースクラブ
ドライゼ,社台レースホース
ドライチ,藤沼利夫
ドライバーズハイ,藤田孟司
ドライブアローカス,吉田照哉
ドライブラン,岡村善行
ドライヴサンライズ,松岡隆雄
ドライヴトウショウ,トウショウ産業
ドライヴナイト,桂土地
ドラウプニル,吉田勝己
ドラギニャン,加藤誠
ドラクロワ,キーファーズ
ドラグ,三嶋牧場
ドラグーンシチー,友駿ホースクラブ
ドラケンサン,増田和啓
ドラコテソーロ,了徳寺健二ホールディングス
ドラゴン,キーファーズ
ドラゴンウェルズ,窪田芳郎
ドラゴンウォリアー,田頭勇貴
ドラゴンエナジー,田頭勇貴
ドラゴンカップ,窪田芳郎
ドラゴンガール,桑畑隆信
ドラゴンキッド,新谷正子
ドラゴングライダー,田頭勇貴
ドラゴングローリア,窪田芳郎
ドラゴンゴクウ,福本次雄
ドラゴンストーム,窪田芳郎
ドラゴンズアイ,吉田勝利
ドラゴンズバック,田頭勇貴
ドラゴンテイラー,窪田芳郎
ドラゴンドール,落合幸弘
ドラゴンバスター,大田恭充
ドラゴンバルド,窪田芳郎
ドラゴンバローズ,猪熊広次
ドラゴンパッセ,ザ・チャンピオンズ
ドラゴンブースト,水谷美穂
ドラゴンヘッド,杉山忠国
ドラゴンマジック,窪田康志
ドラゴンムスメ,西村新一郎
ドラゴンラック,グリーンスウォード
ドラジェブルー,吉田千津
ドラセナ,林正道
ドラマ,馬目卓
ドラマチックナイト,堀口晴男
ドラマツルギー,高昭牧場
ドラマティコ,カナヤマホールディングス
ドラミモン,子安裕樹ＲＣ
ドラムメジャー,大樹ファーム
ドラムライム,藤田晋
ドラリズム,子安裕樹ＲＣ
ドランクマン,須藤英之
ドラヴァイト,岡田牧雄
ドラード,節英司
ドリアード,ヒダカ・ブリーダーズ・ユニオン
ドリップ,ビッグレッドファーム
ドリップワン,ターフ・スポート
ドリフトウッド,ミルファーム
ドリュウ,ミルファーム
ドリーペイル,森岡大河
ドリーマーイモン,井門敏雄
ドリーマーズ,ミルファーム
ドリーミングアップ,古賀和夫
ドリーミンマン,吉田和美
ドリーミーガール,田畑利彦
ドリーミーデイ,社台レースホース
ドリーミーバローズ,猪熊広次
ドリーム,阿部東亜子
ドリームアゲイン,前田幸治
ドリームアジェンダ,シルクレーシング
ドリームアロー,吉田勝利
ドリームアンコール,ヒダカ・ブリーダーズ・ユニオン
ドリームインパクト,ＤＭＭドリームクラブ
ドリームウィング,松本俊廣
ドリームウィーバー,グリーンスウォード
ドリームオスカル,堀口晴男
ドリームオブコージ,増田和啓
ドリームオン,長谷川守正
ドリームガッサン,西村專次
ドリームキャリー,折手邦雄
ドリームキラリ,ライオンレースホース
ドリームクルーズ,ＤＭＭドリームクラブ
ドリームグロウ,ミルファーム
ドリームコア,吉田勝己
ドリームゴーズオン,飯田正剛
ドリームシェイプ,吉田千津
ドリームジャック,オールラブクラブ
ドリームジャンボ,ミルファーム
ドリームスピリット,落合幸弘
ドリームスマッシュ,堀口晴男
ドリームソルジャー,カナヤマホールディングス
ドリームチェイサー,冨沢敦子
ドリームドルチェ,ライオンレースホース
ドリームハット,小島將之
ドリームハヤテ,ライオンレースホース
ドリームハーモニー,内田滋三
ドリームバンドーム,宮内牧場
ドリームパンジャ,ＤｅｅｐＣｒｅｅｋ
ドリームビリーバー,平井裕
ドリームフォーミー,福田光博
ドリームプレミア,大塚亮一
ドリームボール,三岡陽
ドリームマジック,堀口晴男
ドリームマローネ,社台レースホース
ドリームメッセージ,堀口晴男
ドリームユー,ミルファーム
ドリームライク,康本利幸
ドリームライクエマ,ニューワールドレーシング
ドリームラッシュ,ＨｉｍＲｏｃｋＲａｃｉｎｇホールディングス
ドリームリッチ,宇田豊
ドリームリヴァール,ライオンレースホース
ドリームルーチェ,堀口晴男
ドリームロマン,平賀久枝
ドルズデスティニー,佐々木貴将
ドルズプライスレス,佐々木貴将
ドルチアーリア,社台レースホース
ドルチェ,サンコウ牧場
ドルチェテソーロ,了徳寺健二ホールディングス
ドルチェミスト,ゴドルフィン
ドルチェモア,スリーエイチレーシング
ドルチェリア,太田珠々子
ドルチェリターン,スリーエイチレーシング
ドルチェルナ,ゴドルフィン
ドルチェヴィータ,岡田隆寛
ドルチャーリオ,ゴドルフィン
ドルドーニュ,杉山忠国
ドルビナ,リトルブルーファーム
ドルフィンクエスト,ミルファーム
ドルフィンスクエア,吉田和美
ドルフィンスルー,吉田勝己
ドルフィンマーク,大塚亮一
ドルフィンリング,田頭勇貴
ドルマバフチェ,吉田照哉
ドルレアン,シルクレーシング
ドルンレースツェン,ウエスト．フォレスト．ステイブル
ドルヴァル,インゼルレーシング
ドルーリー,保坂嘉弘
ドレアンティア,ＹＧＧホースクラブ
ドレシャス,杉山忠国
ドレスウェル,松岡隆雄
ドレスメイカー,ゴドルフィン
ドレッシーナイト,社台レースホース
ドレッド,前原敏行
ドレッドノータス,キャロットファーム
ドレドレ,犬飼優
ドレフォンエンゼル,鈴木昭和
ドレミファニー,青芝商事
ドレミフォン,青芝商事
ドレープサンライズ,松岡隆雄
ドロウアカード,Ｇ１レーシング
ドロス,外池榮一郎
ドロップ,イクタ
ドロップオブライト,岡田牧雄
ドロップオブレイ,ノルマンディーサラブレッドレーシング
ドロップキック,山口敦広
ドロボーネコ,ＳＳレーシング
ドロワ,Ｇ１レーシング
ドローイング,犬塚悠治郎
ドローム,ビッグレッドファーム
ドローンシマス,Ｍｒ．ホース
ドンアチェカ,山田貢一
ドンアポロン,山田貢一
ドンアミティエ,山田貢一
ドンアルゴス,山田貢一
ドンアレス,山田容子
ドンインザムード,山田貢一
ドンウォリマミー,諸江幸祐
ドンエレクトス,山田貢一
ドンカポノ,山田貢一
ドンカルロ,広尾レース
ドンキースタイル,廣崎利洋ＨＤ
ドンクライベイビー,青芝商事
ドンクロノス,山田貢一
ドングラミ,ミルファーム
ドングリコロコロ,ミルファーム
ドンシャーク,山田貢一
ドンシーゲル,村田滋
ドンタカーミ,村田滋
ドンタッチミー,江川伸夫
ドンチッチョ,吉田和美
ドンテスタマスター,藤田晋
ドンデンガエシ,岩切企画
ドントゥザムーン,山田貢一
ドントゥール,飯田正剛
ドントクライマリア,丸山担
ドントレットゴー,今村明浩
ドンドンキードン,大原孝治
ドンナセレーノ,原禮子
ドンナラボリオーザ,西森功
ドンパッショーネ,ＫＯＪＩＭＡレーシング
ドンヒューズ,山本又一郎
ドンファーラウェイ,山田容子
ドンフォルティス,山田貢一
ドンフクリン,山田貢一
ドンフランキー,早野誠
ドンベリーニ,宮田美恵子
ドンマニフィコ,山田貢一
ドンマノア,山田貢一
ドンラプス,山田容子
ドンレパルス,山田貢一
ドンレミラピュセル,ＯＵＭＡ
ドヴィーグラン,佐々木主浩
ドヴォルザーク,ＫＡＪＩＭＯＴＯホールディングス
ドーギッド,Ｇ１レーシング
ドーサンドーサン,浦野和由
ドーターオブナイル,社台レースホース
ドーニングスカイ,日進牧場
ドーバーイーグル,嶋田賢
ドーバーテソーロ,了徳寺健二ホールディングス
ドーバーファルコン,嶋田賢
ドーバーブライト,嶋田賢
ドーバーホーク,嶋田賢
ドーファン,シルクレーシング
ドーブネ,藤田晋
ドールズ,ｇｌｉｔｔｅｒＧ
ドーン,奥田貴敏
ドーンオブアネラ,吉田和美
ドーンコスモ,広富牧場
ドーンコーラス,ＮＩＣＫＳ
ドーンパッセージ,飯田貴大
ドーンレーサー,吉田照哉
ドーヴァー,ゴドルフィン
ドーヴィル,モンレーヴ
ナイア,広尾レース
ナイアレ,辻牧場
ナイキグロ,ビッグレッドファーム
ナイスガイ,岡浩二
ナイスサンデー,戸部政彦
ナイスデアイ,西村新一郎
ナイスデスネ,村山光弘
ナイスドゥ,田畑利彦
ナイスプリンセス,田畑利彦
ナイスプレーアスク,廣崎利洋ＨＤ
ナイツオブラウンド,フィールドレーシング
ナイツブリッジ,村野康司
ナイト,大塚亮一
ナイトアウェイ,社台レースホース
ナイトアクアリウム,グリーンファーム
ナイトアルニラム,菅原広隆
ナイトインロンドン,窪田芳郎
ナイトイーグル,社台レースホース
ナイトエクスプレス,石瀬浩三
ナイトエラント,ヒダカ・ブリーダーズ・ユニオン
ナイトオブゴールド,大島昌也
ナイトオブナイツ,市川義美ホールディングス
ナイトオブバンド,程田真司
ナイトオブレディ,シルクレーシング
ナイトキャッスル,シルクレーシング
ナイトクラウン,諸江幸祐
ナイトクリーガー,藤田孟司
ナイトコマンダー,田頭勇貴
ナイトシンフォニー,社台レースホース
ナイトジュレップ,ノルマンディーサラブレッドレーシング
ナイトスターリリー,上茶谷一
ナイトスピアー,ＩＺＵＲＵジャパン
ナイトスプライト,社台レースホース
ナイトスラッガー,東豊物産
ナイトダイバー,杉山忠国
ナイトダンサー,田頭勇貴
ナイトバナレット,シルクレーシング
ナイトバード,平田修
ナイトフォールサン,星野祐介
ナイトフローリック,保坂和孝
ナイトブリーズ,山上和良
ナイトブレーカー,ＴＮレーシング
ナイトプラネット,コスモヴューファーム
ナイドルフ,吉田和美
ナイママ,ビッグレッドファーム
ナイルストーリー,吉田和美
ナイルデルタ,キャロットファーム
ナイルプロジェクト,中村智幸
ナイルリバー,馬場幸夫
ナイルローズ,海谷幸司
ナインオブレター,熊坂俊一
ナインストーリーズ,シルクレーシング
ナインストーンズ,キャロットファーム
ナインダーツ,ＴＵＲＨ
ナインティゴット,後藤進
ナインテイルズ,岡田牧雄
ナイントゥファイブ,黒川暁子
ナウウィアートール,協栄
ナウオアネヴァー,ノースヒルズ
ナウズザタイム,村上龍太郎
ナウヴィクトリア,グリーンファーム
ナエギジョー,丸山輝城
ナオアンドユリ,松岡研司
ナオミエキスプレス,塩澤正樹
ナオミガイチバン,塩澤正樹
ナオミガサイキョウ,塩澤正樹
ナオミゴゼン,塩澤正樹
ナオミチャン,塩澤正樹
ナオミニオールイン,塩澤正樹
ナオミニデレデレヤ,塩澤正樹
ナオミライトニング,ＤＭＭドリームクラブ
ナオミラフィネ,塩澤正樹
ナオラブリイ,成富直行
ナカガワフェイス,ＳＴレーシング
ナカラギ,増田淳
ナガラエンカ,長良レーシングクラブ
ナガラスワロー,長良レーシングクラブ
ナガラチェリー,長良レーシングクラブ
ナガラローズ,長良レーシングクラブ
ナガレボシトリキシ,芳賀克也
ナギ,ゴドルフィン
ナギサ,本間茂
ナギサノバルコニー,ミルファーム
ナクソス,岡田牧雄
ナクライト,インゼルレーシング
ナグラーダ,広尾レース
ナグルファル,社台レースホース
ナゲキッス,平本敏夫
ナゲットモンスター,馬場幸夫
ナゴミチャン,ケンレーシング組合
ナサ,杉浦和也
ナザレ,ニッシンホールディングス
ナショナルアンセム,グリーンファーム
ナスカラインズ,大谷正嗣
ナススイート,小山田兼敏
ナスタチューム,キャロットファーム
ナスティウェザー,ゴドルフィン
ナスノアイゲツ,那須野牧場
ナスノカツラ,那須野牧場
ナスノカンゲツ,那須野牧場
ナスノカンザン,那須野牧場
ナスノコウラン,那須野牧場
ナスノシンフォニー,那須野牧場
ナスノセイカン,那須野牧場
ナスノソナタ,那須野牧場
ナスノダケ,那須野牧場
ナスノフォルテ,那須野牧場
ナスノマイスター,那須野牧場
ナスノメロディー,那須野牧場
ナズドゥラヴィ,土井久美子
ナタラディーヴァ,加藤裕司
ナタリア,インゼルレーシング
ナタンドラ,清川信弘
ナタール,島川隆哉
ナダッコ,多田賢司
ナチュラリスト,飯田正剛
ナチュラル,ヒダカ・ブリーダーズ・ユニオン
ナチュラルスタイル,中村祐子
ナチュラルハイ,山口裕介
ナチュラルポーズ,吉田照哉
ナチュラルライズ,吉岡寛行
ナチュラルリバー,吉田晴哉
ナッカーフェイス,ＳＴレーシング
ナックアテナ,小松欣也
ナックアロマ,小松欣也
ナックイルシーブ,小松欣也
ナックエクスプレス,小松欣也
ナックエクレール,小松欣也
ナックエルドラド,小松欣也
ナックオリオン,小松欣也
ナックカイザー,小松欣也
ナックキャンドル,小松欣也
ナックグランデ,小松欣也
ナックシュバリエ,小松欣也
ナックジュピター,小松欣也
ナックジーニアス,小松欣也
ナックステート,小松欣也
ナックスプレンダー,小松欣也
ナックセシリア,小松欣也
ナックゼウス,小松欣也
ナックダイヤ,小松欣也
ナックダンス,小松欣也
ナックテイオー,小松欣也
ナックトライアンフ,小松欣也
ナックドバイ,小松欣也
ナックドロップス,小松欣也
ナックビーナス,小松欣也
ナックファクター,小松欣也
ナックフローラ,小松欣也
ナックブライアン,小松欣也
ナックブリーズ,小松欣也
ナックブレイブ,小松欣也
ナックペガサス,小松欣也
ナックホリデー,小松欣也
ナックホワイト,小松欣也
ナックメジャー,小松欣也
ナックメテオ,小松欣也
ナックライオン,小松欣也
ナックレインボー,小松欣也
ナックレガシー,小松欣也
ナックレジーナ,小松欣也
ナックローズ,小松欣也
ナッシュカッツェ,西村隆平
ナッシングオンユー,坂東牧場
ナッシングベター,吉田千津
ナッシングマターズ,琴浦諒
ナツイチバン,鈴木康弘
ナツイロノオトメ,岡浩二
ナツキ,西村清子
ナツノオジョウサマ,三宅勝俊
ナツノオワリニ,浅沼廣幸
ナツハヨル,ＧＥＴＮＥＸＴ
ナツバ,協栄
ナツミカンチャン,河野洋平
ナツリュウオー,しょうじ
ナディア,島川隆哉
ナディアクイーン,高昭牧場
ナディスター,赤松敬之
ナデシコ,ミルファーム
ナデシコザクラ,平川三津
ナデナデ,犬塚悠治郎
ナトゥーア,下河辺牧場
ナナイロノユメ,ＹＧＧホースクラブ
ナナオ,増田和啓
ナナカマドカ,飯田正剛
ナナコロビヤオキ,ミルファーム
ナナレイ,長島利治
ナナン,康本利幸
ナニハサテオキ,キャピタル・システム
ナニーピオニー,ウエスト．フォレスト．ステイブル
ナノハナバタケ,田頭勇貴
ナハトナナレオン,ナハト
ナバテア,飯田正剛
ナバロン,大島牧場
ナバーラ,吉田和美
ナパヴァレー,三宅勝俊
ナパージュケイク,吉田照哉
ナビー,田中春美
ナファロア,村野康司
ナフセッド,多田賢司
ナブッコ,加藤誠
ナブラチロワ,三岡陽
ナポリ,白井さゆり
ナポレオンズワード,ヒダカ・ブリーダーズ・ユニオン
ナミオトノヒビキ,社台レースホース
ナミダノキス,ミルファーム
ナミブ,ミルファーム
ナミュール,キャロットファーム
ナムアミダブツ,ニューマレコード
ナムカーン,大久保和夫
ナムラアイアイサー,奈村睦弘
ナムラアイガー,奈村睦弘
ナムラアダム,奈村睦弘
ナムラアダーラ,奈村睦弘
ナムラアッパレ,奈村信重
ナムラアトム,奈村睦弘
ナムラアニカ,奈村睦弘
ナムラアラシ,奈村信重
ナムラアラバイ,奈村睦弘
ナムラアリス,奈村睦弘
ナムラアロハ,奈村睦弘
ナムラアンソニー,奈村睦弘
ナムライザナミ,奈村睦弘
ナムライダテン,奈村睦弘
ナムライト,奈村睦弘
ナムライリス,奈村睦弘
ナムライロハ,奈村睦弘
ナムラエイハブ,奈村睦弘
ナムラエデン,奈村睦弘
ナムラエミー,奈村睦弘
ナムラエルカス,奈村睦弘
ナムラエン,奈村睦弘
ナムラエヴァ,奈村睦弘
ナムラオッケー,奈村睦弘
ナムラオットー,奈村睦弘
ナムラオニヘイ,奈村信重
ナムラオリガミ,奈村睦弘
ナムラオリビア,奈村睦弘
ナムラオルトロス,奈村睦弘
ナムラオードリー,奈村睦弘
ナムラオーレ,奈村睦弘
ナムラカミカゼ,奈村睦弘
ナムラカメコ,奈村睦弘
ナムラカメジロー,奈村睦弘
ナムラカメタロー,奈村睦弘
ナムラガンマン,奈村信重
ナムラキティー,奈村睦弘
ナムラキヌ,奈村睦弘
ナムラキャッツ,奈村睦弘
ナムラキングダム,奈村睦弘
ナムラキンタロー,奈村睦弘
ナムラクララ,奈村睦弘
ナムラクレア,奈村睦弘
ナムラクレープ,奈村睦弘
ナムラケプラー,奈村睦弘
ナムラコスモス,奈村睦弘
ナムラコハル,奈村睦弘
ナムラコマチ,奈村睦弘
ナムラゴロフキン,奈村睦弘
ナムラゴロー,吉田勝利
ナムラサスケ,奈村睦弘
ナムラサバイバー,奈村信重
ナムラサンシロー,奈村睦弘
ナムラシェパード,奈村信重
ナムラシベラ,兼子尚也
ナムラショウグン,奈村睦弘
ナムラシンウチ,奈村信重
ナムラシンゲキ,奈村信重
ナムラシンジロー,奈村睦弘
ナムラジミー,奈村睦弘
ナムラジャクソン,奈村睦弘
ナムラジャスミン,奈村睦弘
ナムラジュリア,奈村睦弘
ナムラジョコ,奈村睦弘
ナムラジョシュア,奈村睦弘
ナムラジョニー,奈村信重
ナムラスカー,奈村睦弘
ナムラステラ,奈村睦弘
ナムラスパルタクス,奈村信重
ナムラスパロー,奈村睦弘
ナムラスワガー,奈村睦弘
ナムラソラン,奈村睦弘
ナムラタイガー,奈村睦弘
ナムラタタ,奈村睦弘
ナムラダイゴロー,奈村睦弘
ナムラダイダロス,奈村信重
ナムラダグ,奈村睦弘
ナムラダックス,奈村睦弘
ナムラダニー,奈村睦弘
ナムラダリア,奈村睦弘
ナムラダリウス,奈村睦弘
ナムラダリル,奈村睦弘
ナムラダンク,奈村信重
ナムラダヴィンチ,奈村信重
ナムラチヨガミ,奈村信重
ナムラティアラ,奈村睦弘
ナムラテス,奈村睦弘
ナムラテディー,奈村睦弘
ナムラテンゲル,奈村睦弘
ナムラデイリリー,奈村睦弘
ナムラデュラン,奈村睦弘
ナムラトキオ,奈村睦弘
ナムラトライ,奈村睦弘
ナムラトルフィン,奈村睦弘
ナムラトレビアン,奈村睦弘
ナムラトロム,奈村睦弘
ナムラドガ,奈村睦弘
ナムラドノヴァン,奈村信重
ナムラドロン,奈村睦弘
ナムラドン,奈村睦弘
ナムラドーギー,奈村睦弘
ナムラナマステ,奈村信重
ナムラハカ,奈村睦弘
ナムラハリス,奈村睦弘
ナムラハルク,奈村睦弘
ナムラハンナ,奈村睦弘
ナムラバンチー,奈村睦弘
ナムラパピ,奈村睦弘
ナムラパフィン,奈村睦弘
ナムラパール,奈村睦弘
ナムラヒナギク,奈村睦弘
ナムラヒューマン,奈村信重
ナムラビオラ,奈村睦弘
ナムラビバ,奈村睦弘
ナムラピアス,奈村睦弘
ナムラピアノ,奈村睦弘
ナムラピノコ,奈村睦弘
ナムラファラー,奈村信重
ナムラフィクサー,奈村睦弘
ナムラフォレスタ,奈村睦弘
ナムラフッカー,奈村睦弘
ナムラフランク,奈村睦弘
ナムラブラボー,奈村睦弘
ナムラブリジット,奈村睦弘
ナムラブル,奈村睦弘
ナムラブルータス,奈村睦弘
ナムラブーニン,奈村睦弘
ナムラヘラクレス,奈村信重
ナムラベティ,奈村睦弘
ナムラベロニカ,奈村睦弘
ナムラペルル,奈村睦弘
ナムラボス,奈村睦弘
ナムラボーナス,奈村信重
ナムラマイケル,奈村睦弘
ナムラマカルー,奈村睦弘
ナムラマッチェリ,奈村睦弘
ナムラマナナ,奈村睦弘
ナムラマフィン,奈村睦弘
ナムラマホーホ,奈村睦弘
ナムラマル,奈村信重
ナムラマーヤ,奈村睦弘
ナムラミシェル,奈村睦弘
ナムラミック,奈村睦弘
ナムラミニー,奈村睦弘
ナムラミラクル,奈村信重
ナムラムツゴロー,奈村信重
ナムラムラサキ,奈村睦弘
ナムラムート,奈村睦弘
ナムラメアリー,奈村睦弘
ナムラメイ,奈村睦弘
ナムラメーテル,奈村睦弘
ナムラモア,奈村睦弘
ナムラモナ,奈村睦弘
ナムラモモ,奈村睦弘
ナムラモヨ,奈村睦弘
ナムラライラック,奈村睦弘
ナムララジベラ,奈村睦弘
ナムララン,奈村睦弘
ナムラリアン,奈村睦弘
ナムラリコリス,奈村睦弘
ナムラリベンジ,奈村睦弘
ナムラリュウグウ,奈村睦弘
ナムラリーナ,奈村睦弘
ナムラルイ,奈村信重
ナムラルッコラ,奈村睦弘
ナムラルナ,奈村睦弘
ナムラレイ,奈村睦弘
ナムラレオ,奈村睦弘
ナムラレナード,奈村睦弘
ナムラロクロー,奈村睦弘
ナムラロダン,奈村睦弘
ナムラロビン,奈村睦弘
ナムラロロ,奈村睦弘
ナムラローズマリー,奈村睦弘
ナムラローラ,奈村睦弘
ナムラヴンダー,奈村睦弘
ナユタ,北村泰規
ナラ,ホースケア
ナラトゥリス,キャロットファーム
ナランフレグ,村木克成
ナランホ,薪浦亨
ナリサ,吉田勝己
ナリス,萩英男
ナリタアレス,オースミ
ナリタアワユキ,オースミ
ナリタアンビション,オースミ
ナリタアーマー,オースミ
ナリタイチモンジ,オースミ
ナリタウルフ,オースミ
ナリタエストレジャ,オースミ
ナリタエスペランサ,オースミ
ナリタエール,オースミ
ナリタカピリナ,オースミ
ナリタクオン,オースミ
ナリタグローリアス,オースミ
ナリタゴールド,オースミ
ナリタサフラン,オースミ
ナリタサーガ,オースミ
ナリタザクラ,オースミ
ナリタシン,オースミ
ナリタスターワン,前田敏文
ナリタセレーノ,オースミ
ナリタダイアリー,オースミ
ナリタニケ,オースミ
ナリタヒカリ,オースミ
ナリタフォルテ,オースミ
ナリタフローライト,オースミ
ナリタブルグ,オースミ
ナリタブルホーク,オースミ
ナリタブルー,オースミ
ナリタブレード,オースミ
ナリタボニー,オースミ
ナリタボルテックス,オースミ
ナリタマフディー,オースミ
ナリタミニスター,オースミ
ナリタムソウ,オースミ
ナリタローゼ,オースミ
ナリタヴィクトリー,オースミ
ナリノイングリッド,成塚清志
ナリノエンブレム,成塚清志
ナリノオルフェ,成塚清志
ナリノクリスティー,成塚清志
ナリノシャーウッド,成塚清志
ナリノストーム,成塚清志
ナリノパートナー,成塚清志
ナリノビスケッツ,成塚清志
ナリノペッパー,成塚清志
ナリノボガート,成塚清志
ナリノメジャー,成塚清志
ナリノモンターニュ,成塚清志
ナリノレッドスター,成塚清志
ナリノレーヴドール,成塚清志
ナリノロンドン,成塚清志
ナリノヴィエンヌ,成塚清志
ナリノヴェール,成塚清志
ナル,ニッシンレーシング
ナルカミ,ゴドルフィン
ナルキッソス,小林英一ホールディングス
ナルサー,パニオロ
ナルハヤ,陣内孝則
ナローエース,北尾龍典
ナンクルナイサー,小林祐介
ナンゴクアイネット,渡義光
ナンゴクエアーギル,渡義光
ナンゴクジュリアン,渡義光
ナンゴクタフネット,渡義光
ナンゴクトップガン,渡義光
ナンゴクハナネット,渡義光
ナンゴクモンジュー,渡義光
ナンゴクユメネット,渡義光
ナンシヨウト,酒井孝敏
ナンチンノン,加藤誠
ナンテヒダ,山下良子
ナンデフェスティヴ,臼井一眞
ナントカナルニャ,山下良子
ナンナ,フクキタル
ナンナンプー,友水達也
ナンノコレシキ,宮城寛也
ナンバーフォー,稲垣隆治
ナンベイコー,陳立文
ナンベーサン,宮原廣伸
ナンヨーアイゼン,中村徳也
ナンヨーアイボリー,中村徳也
ナンヨーアイリス,中村徳也
ナンヨーアゼリア,中村徳也
ナンヨーアミーコ,中村徳也
ナンヨーイザヨイ,中村徳也
ナンヨーインディゴ,中村徳也
ナンヨーウイング,中村徳也
ナンヨーウラヌス,佐藤牧場
ナンヨーエンペラー,中村徳也
ナンヨーオボロヅキ,中村徳也
ナンヨークリスタル,中村徳也
ナンヨーコウゼン,中村徳也
ナンヨーシュート,中村徳也
ナンヨーショウエイ,中村徳也
ナンヨーシンゲツ,中村徳也
ナンヨーチェリー,中村徳也
ナンヨーノサラ,中村徳也
ナンヨーノワール,中村徳也
ナンヨーノーマル,中村徳也
ナンヨーパワフル,中村徳也
ナンヨービッグ,中村徳也
ナンヨーピアニー,中村徳也
ナンヨープランタン,中村徳也
ナンヨープルートー,中村徳也
ナンヨーマーズ,中村徳也
ナンヨーミカヅキ,中村徳也
ナンヨーメルシー,中村徳也
ナンヨーユウヤク,中村徳也
ナンヨーラーク,中村徳也
ナンヨーリクエスト,中村徳也
ナンヨーリリー,中村徳也
ナンヨーレギュラー,中村徳也
ナンヨーロイヤル,中村徳也
ナンヨーローズ,中村徳也
ナンヨーヴィヨレ,中村徳也
ナヴァイオ,ノースヒルズ
ナヴァラトゥナ,サンデーレーシング
ナヴィガトーレ,キャロットファーム
ナヴィゲイター,カナヤマホールディングス
ナヴィリオ,Ｇ１レーシング
ナヴォーナ,ラ・メール
ナーゲルリング,ビッグレッドファーム
ナーサック,谷掛龍夫
ナーシサステソーロ,了徳寺健二ホールディングス
ナーシリーヤ,ゴドルフィン
ナーナーラ,落合幸弘
ナーラック,辻牧場
ナーリー,グランデオーナーズ
ニエキヤ,サンデーレーシング
ニキータ,瀬野尾裕久
ニクスルーナ,橋本実
ニクソンテソーロ,了徳寺健二ホールディングス
ニケテア,エースレーシング
ニケファルコン,岡本真二
ニケフェリーチェ,飯田正剛
ニコ,ミルファーム
ニコシーナ,椎名節
ニコニコプン,三岡陽
ニコニコルンルン,ＤＭＭドリームクラブ
ニコブリランテ,ノルマンディーサラブレッドレーシング
ニコラウス,中辻明
ニコラオス,八巻弘一
ニコルハイウェイ,杉浦和也
ニシオボヌール,三宅勝俊
ニシオルッカ,三宅勝俊
ニシカラキタユウマ,阪田英裕
ニシキギミッチー,茂木国久
ニシノアイオーン,西山茂行
ニシノアインス,西山茂行
ニシノアウェイク,西山茂行
ニシノアオニヨシ,西山茂行
ニシノアオハル,西山茂行
ニシノアクシス,西山茂行
ニシノアジャスト,西山茂行
ニシノアジーブ,西山茂行
ニシノアップルパイ,西山茂行
ニシノアナ,西山茂行
ニシノアナベル,西山茂行
ニシノアマタ,西山茂行
ニシノアメイズ,西山茂行
ニシノアヤカゼ,西山茂行
ニシノアヤカマル,西山茂行
ニシノアリオト,西山茂行
ニシノアルバ,西山茂行
ニシノアレグロ,西山茂行
ニシノアンドレア,西山茂行
ニシノイカルガ,西山茂行
ニシノイガッタ,西山茂行
ニシノイサリビ,西山茂行
ニシノイストワール,西山茂行
ニシノイタダキ,西山茂行
ニシノイッキサス,西山茂行
ニシノイツキムスメ,西山茂行
ニシノイルマーレ,西山茂行
ニシノインヴィクタ,西山茂行
ニシノイーグレット,西山茂行
ニシノウインド,西山茂行
ニシノウスベニ,西山茂行
ニシノウララ,西山茂行
ニシノウール,西山茂行
ニシノエアレス,西山茂行
ニシノエビガタメ,西山茂行
ニシノエピカリ,西山茂行
ニシノエルサ,西山茂行
ニシノエンデヴァー,西山茂行
ニシノエージェント,西山茂行
ニシノエースサマ,西山茂行
ニシノエール,西山茂行
ニシノオイカゼ,西山茂行
ニシノオウキ,西山茂行
ニシノオウジョ,西山茂行
ニシノオクタゴン,西山茂行
ニシノオスマン,西山茂行
ニシノオトコマサリ,成田隆好
ニシノオトムスメ,西山茂行
ニシノオリーブ,西山茂行
ニシノオンリーワン,西山茂行
ニシノオーシャン,西山茂行
ニシノオーブ,西山茂行
ニシノオールマイト,西山茂行
ニシノオールワン,西山茂行
ニシノカオリード,西山茂行
ニシノカクテル,西山茂行
ニシノカグラ,西山茂行
ニシノカケハシ,西山茂行
ニシノカシミヤ,西山茂行
ニシノカシン,西山茂行
ニシノカスガイ,西山茂行
ニシノカタパルト,西山茂行
ニシノカツナリ,西山茂行
ニシノカテリーナ,西山茂行
ニシノカナン,西山茂行
ニシノカムイ,西山茂行
ニシノカリウド,西山茂行
ニシノカルラ,西山茂行
ニシノカーロ,西山茂行
ニシノガウェイン,西山茂行
ニシノガブリヨリ,西山茂行
ニシノガランテ,西山茂行
ニシノガンリキ,西山茂行
ニシノキヅイタラ,西山茂行
ニシノキフジン,西山茂行
ニシノキヨハ,西山茂行
ニシノキンツバ,西山茂行
ニシノキントウン,西山茂行
ニシノキントキ,西山茂行
ニシノギドラー,西山茂行
ニシノギブソン,西山茂行
ニシノギャルズ,西山茂行
ニシノクラウディア,西山茂行
ニシノクラウン,西山茂行
ニシノクレシダ,西山茂行
ニシノクレセント,西山茂行
ニシノクードクール,西山茂行
ニシノグラシアス,西山茂行
ニシノケイガン,西山茂行
ニシノケンタマン,西山茂行
ニシノゲッパク,西山茂行
ニシノゲルマニウム,西山茂行
ニシノゲンセキ,成田隆好
ニシノコイゴコロ,西山茂行
ニシノコイネガイ,西山茂行
ニシノコイブミ,西山茂行
ニシノコウダイ,西山茂行
ニシノコウテイ,西山茂行
ニシノコウフク,西山茂行
ニシノコウメイ,西山茂行
ニシノココ,西山茂行
ニシノコチ,西山茂行
ニシノコデマリ,西山茂行
ニシノコトダマ,西山茂行
ニシノコニャック,西山茂行
ニシノコヌカアメ,西山茂行
ニシノコハルビヨリ,西山茂行
ニシノコマチムスメ,西山茂行
ニシノコルベット,西山茂行
ニシノコルレオーネ,西山茂行
ニシノコントラバス,西山茂行
ニシノコードブルー,西山茂行
ニシノゴウウン,西山茂行
ニシノゴージャス,西山茂行
ニシノサイエン,西山茂行
ニシノサキュバス,西山茂行
ニシノサザナミ,西山茂行
ニシノサヨシグレ,西山茂行
ニシノサラマ,西山茂行
ニシノサリーナ,西山茂行
ニシノサンストーン,西山茂行
ニシノザイホウ,西山茂行
ニシノシャイニング,西山茂行
ニシノシャミナード,西山茂行
ニシノシャルム,西山茂行
ニシノシロイビジョ,西山茂行
ニシノシロフネ,西山茂行
ニシノシンク,西山茂行
ニシノシークレット,西山茂行
ニシノジェイピー,西山茂行
ニシノジェダイ,西山茂行
ニシノジャガーズ,西山茂行
ニシノジャズ,西山茂行
ニシノジュンプウ,西山茂行
ニシノジョバンニ,西山茂行
ニシノジーク,西山茂行
ニシノスイセイ,西山茂行
ニシノスズカゼ,西山茂行
ニシノステディミキ,西山茂行
ニシノステラ,西山茂行
ニシノストロング,西山茂行
ニシノストーム,西山茂行
ニシノスナイパー,西山茂行
ニシノスピカ,西山茂行
ニシノスフィンクス,西山茂行
ニシノスマッシュ,西山茂行
ニシノスーベニア,西山茂行
ニシノセイエス,西山茂行
ニシノセイドウ,西山茂行
ニシノセイラン,西山茂行
ニシノゼノビア,西山茂行
ニシノソメイノ,西山茂行
ニシノソレガシ,西山茂行
ニシノソワレ,西山茂行
ニシノタカラジマ,西山茂行
ニシノタチアナ,西山茂行
ニシノタマユラ,西山茂行
ニシノタメチカ,西山茂行
ニシノタンギー,西山茂行
ニシノダンテ,西山茂行
ニシノツキアカリ,西山茂行
ニシノツネオ,西山茂行
ニシノツムジカゼ,西山茂行
ニシノティアモ,西山茂行
ニシノティターニア,西山茂行
ニシノテュケ,西山茂行
ニシノテンカフブ,西山茂行
ニシノテンカラット,西山茂行
ニシノデイジー,西山茂行
ニシノデスティーノ,西山茂行
ニシノデフィレ,西山茂行
ニシノトキメキ,西山茂行
ニシノトップダノン,西山茂行
ニシノトマラナイ,西山茂行
ニシノトランザム,西山茂行
ニシノトリビュート,西山茂行
ニシノトレンディー,西山茂行
ニシノドクターヘリ,西山茂行
ニシノドレッシー,西山茂行
ニシノドロシー,西山茂行
ニシノナスタチウム,西山茂行
ニシノニューリーフ,西山茂行
ニシノネガイ,西山茂行
ニシノネライウチ,西山茂行
ニシノハナビ,西山茂行
ニシノハナミズキ,西山茂行
ニシノハヤシゲル,西山茂行
ニシノバシャール,西山茂行
ニシノバモス,西山茂行
ニシノバリキング,西山茂行
ニシノパッシオ,西山茂行
ニシノパプルブリリ,西山茂行
ニシノヒナアラレ,西山茂行
ニシノヒノトリ,西山茂行
ニシノヒミチュ,西山茂行
ニシノヒルブライト,西山茂行
ニシノヒンメル,西山茂行
ニシノビアンカ,西山茂行
ニシノピウモッソ,西山茂行
ニシノピボット,西山茂行
ニシノファンフェア,西山茂行
ニシノフィアンス,西山茂行
ニシノフウジン,西山茂行
ニシノフォーリーフ,西山茂行
ニシノフランケン,西山茂行
ニシノフルバンク,西山茂行
ニシノフルール,西山茂行
ニシノフレデリカ,西山茂行
ニシノフローレス,西山茂行
ニシノブチヌケ,西山茂行
ニシノブライアント,西山茂行
ニシノブライダル,西山茂行
ニシノブレイゼスト,西山茂行
ニシノプライム,西山茂行
ニシノプリモ,西山茂行
ニシノプレジール,西山茂行
ニシノプレゼント,西山茂行
ニシノプロテア,西山茂行
ニシノプロポーズ,西山茂行
ニシノヘリオトロプ,西山茂行
ニシノベイオウルフ,西山茂行
ニシノベストワン,西山茂行
ニシノベニトアイト,西山茂行
ニシノベースマン,西山茂行
ニシノホライゾン,西山茂行
ニシノボルテージ,西山茂行
ニシノポンパドール,西山茂行
ニシノマグノリア,西山茂行
ニシノマツリ,西山茂行
ニシノマティーニ,西山茂行
ニシノマルガリート,西山茂行
ニシノマンテン,西山茂行
ニシノマーレ,西山茂行
ニシノミウ,西山茂行
ニシノミズカゼ,西山茂行
ニシノミチアキ,西山茂行
ニシノミッツ,西山茂行
ニシノミニョンヌ,西山茂行
ニシノミンクス,西山茂行
ニシノムネヲウツ,西山茂行
ニシノメイタンテイ,西山茂行
ニシノメイホウ,西山茂行
ニシノメグレス,西山茂行
ニシノメサイア,西山茂行
ニシノメタル,西山茂行
ニシノメラーキ,西山茂行
ニシノメロディ,西山茂行
ニシノモエ,西山茂行
ニシノモリミチ,西山茂行
ニシノヤングキング,西山茂行
ニシノヤングマン,西山茂行
ニシノユヅキ,西山茂行
ニシノライオネス,西山茂行
ニシノライコウ,西山茂行
ニシノライトニング,西山茂行
ニシノライリー,西山茂行
ニシノラッシュ,西山茂行
ニシノラディアント,西山茂行
ニシノラフィカ,西山茂行
ニシノラフカット,西山茂行
ニシノラブウインク,西山茂行
ニシノラン,西山茂行
ニシノランディ,西山茂行
ニシノランデブー,西山茂行
ニシノランペイジ,西山茂行
ニシノラヴァンダ,西山茂行
ニシノラーナ,西山茂行
ニシノリアリティ,西山茂行
ニシノリコリス,西山茂行
ニシノリピート,西山茂行
ニシノリリアンヌ,西山茂行
ニシノリリックス,西山茂行
ニシノリンダ,西山茂行
ニシノリンドウ,西山茂行
ニシノリース,西山茂行
ニシノリーチキング,西山茂行
ニシノリーデル,西山茂行
ニシノルアノーヴァ,西山茂行
ニシノルフォン,西山茂行
ニシノルプ,西山茂行
ニシノルミリオン,西山茂行
ニシノルーチェ,西山茂行
ニシノルーナ,西山茂行
ニシノレオニダス,西山茂行
ニシノレガシー,西山茂行
ニシノレジスタンス,西山茂行
ニシノレバンテ,西山茂行
ニシノレヴィガータ,西山茂行
ニシノレヴナント,西山茂行
ニシノレールガン,西山茂行
ニシノロゼ,西山茂行
ニシノロッドマン,西山茂行
ニシノローラン,西山茂行
ニシノワクテカ,西山茂行
ニシノヴァリアント,西山茂行
ニシノヴィヴィ,西山茂行
ニシノヴォーカル,西山茂行
ニジイロノコマ,ＹＧＧホースクラブ
ニジノカナタニ,千葉正人
ニジノテンシ,ミルファーム
ニジノハシ,ミルファーム
ニジュウダンサー,前迫義幸
ニジュッケンドーロ,保坂和孝
ニタモノドウシ,嶋田賢
ニチヤヲツイデ,福田光博
ニックオブタイム,ゴドルフィン
ニッシンゲッポ,藤沼利夫
ニットウアイアン,藤井謙
ニットウアクシア,日東牧場
ニットウイロンデル,藤井謙
ニットウエース,日東牧場
ニットウスバル,日東牧場
ニットウバジル,日東牧場
ニットウポライト,藤井謙
ニットウムギ,日東牧場
ニットウライジン,日東牧場
ニットウライズ,日東牧場
ニットウヴィクスン,藤井謙
ニッパーズ,カカムーチョレーシング
ニッポンテイオー,新谷幸義
ニテンイチリュウ,岡田牧雄
ニトウリュウ,岡浩二
ニトロジャーニー,ＴＮレーシング
ニドヅケキンシ,一門会
ニニンサンキャク,西村新一郎
ニネンイーグミ,藤本彰
ニネンエフグミ,藤本彰
ニネンビーグミ,藤本彰
ニヒトツーゼーア,加藤誠
ニフェーデービル,瀬谷隆雄
ニフティギフト,浜田吉通
ニホニウム,藤原征士郎
ニホンピロアメリア,小林百太郎
ニホンピロアリー,小林英一
ニホンピロアレイ,小林英一
ニホンピロアール,小林百太郎
ニホンピロエレノア,小林百太郎
ニホンピロエール,小林英一
ニホンピロオーサー,小林百太郎
ニホンピロオーセン,小林英一
ニホンピロカスター,小林英一
ニホンピロカフェ,小林百太郎
ニホンピロカミーノ,小林英一
ニホンピロカラス,小林百太郎
ニホンピロカラット,小林英一
ニホンピロカーデフ,小林英一
ニホンピロキアロ,小林百太郎
ニホンピロキーフ,小林英一
ニホンピロクリフ,小林英一
ニホンピロクリーク,小林英一
ニホンピロクレール,小林英一
ニホンピログリット,小林英一
ニホンピログルーヴ,小林英一
ニホンピロケイ,小林英一
ニホンピロケープ,小林百太郎
ニホンピロコレール,小林百太郎
ニホンピロコール,小林英一
ニホンピロゴルディ,小林英一
ニホンピロシーガー,小林英一
ニホンピロジェシカ,小林英一
ニホンピロジニー,小林英一
ニホンピロジャック,小林百太郎
ニホンピロスクーロ,小林英一
ニホンピロストーム,小林百太郎
ニホンピロセレーネ,小林百太郎
ニホンピロソラーナ,小林英一
ニホンピロタイズ,小林英一
ニホンピロタイド,小林百太郎
ニホンピロターナー,小林百太郎
ニホンピロデュラン,小林百太郎
ニホンピロデルマー,小林英一
ニホンピロデヴィン,小林英一
ニホンピロトッティ,小林英一
ニホンピロドーバー,小林英一
ニホンピロナッシュ,小林百太郎
ニホンピロハビアー,小林百太郎
ニホンピロハーバー,小林英一
ニホンピロハービン,小林百太郎
ニホンピロバロン,小林百太郎
ニホンピロパークス,小林英一
ニホンピロビグラス,小林百太郎
ニホンピロビヨンド,小林百太郎
ニホンピロビート,小林英一
ニホンピロファルコ,小林百太郎
ニホンピロファーズ,小林百太郎
ニホンピロフリード,小林英一
ニホンピロブケーラ,小林百太郎
ニホンピロプレー,小林百太郎
ニホンピロヘイロー,小林英一
ニホンピロヘンソン,小林百太郎
ニホンピロヘーゼル,小林百太郎
ニホンピロベイリー,小林英一
ニホンピロペリー,小林英一
ニホンピロホリデー,小林英一
ニホンピロボーラー,小林百太郎
ニホンピロポケット,小林百太郎
ニホンピロポート,小林英一
ニホンピロマイルス,小林百太郎
ニホンピロマドン,小林英一
ニホンピロマリブ,小林英一
ニホンピロマリンバ,小林英一
ニホンピロマーク,小林百太郎
ニホンピロマーサ,小林百太郎
ニホンピロマーベル,小林英一
ニホンピロミラーク,小林英一
ニホンピロメドウ,小林百太郎
ニホンピロメリーナ,小林百太郎
ニホンピロユー,小林百太郎
ニホンピロラグーナ,小林英一
ニホンピロラブリー,小林英一
ニホンピロランド,小林英一
ニホンピロリアン,小林百太郎
ニホンピロリーズン,小林百太郎
ニホンピロリーチ,小林英一
ニホンピロレイア,小林百太郎
ニホンピロロジャー,小林英一
ニホンピロローカス,小林英一
ニホンムーティエ,戸部政彦
ニミッツハイウェイ,社台レースホース
ニャンキニーズ,村田哲朗
ニャンタロウ,村田哲朗
ニャンチンノン,加藤誠
ニャンニャン,大田恭充
ニャンモロー,村田哲朗
ニャーゴ,小原準一郎
ニューアビリティ,ビクトリーホースランチ
ニューアライブ,原久美子
ニューアリオン,フィールドレーシング
ニューウィンド,堂守貴志
ニューウェーブ,飯田正剛
ニューウォーク,村田哲朗
ニューエラ,ノースヒルズ
ニューオーリンズ,薪浦州平
ニューカラー,グリーンスウォード
ニューカワイイ,堀口晴男
ニュークリアス,池谷誠一
ニュークレド,東豊物産
ニュージェネラル,グリーンファーム
ニュージーズ,シルクレーシング
ニューステソーロ,了徳寺健二ホールディングス
ニュースフラッシュ,ゴドルフィン
ニューダイアリーズ,社台レースホース
ニューツーリズム,吉田晴哉
ニュートラ,マークス
ニュートラルゾーン,Ｈ．Ｈ．シェイク・ハムダン
ニュートンテソーロ,了徳寺健二ホールディングス
ニューノーマル,フィールドレーシング
ニューハイ,和泉憲一
ニューバラード,シルクレーシング
ニューファウンド,吉田勝己
ニューフィー,ミルファーム
ニューフロンティア,平井裕
ニューブラック,ゴドルフィン
ニューホープ,吉田勝利
ニューポート,馬場幸夫
ニューモニュメント,前田葉子
ニューヤンキー,藤田晋
ニューヨークキャプ,横瀬兼二
ニューヨークタヤス,横瀬兼二
ニューリリース,江口雄一郎
ニューレトロ,明栄商事
ニューロスパーク,高松宏幸
ニューロファイター,高松宏幸
ニューヴァージョン,高嶋祐子
ニルアドミラリ,ノースヒルズ
ニルカンタテソーロ,了徳寺健二ホールディングス
ニルマーネル,キャロットファーム
ニルヴァーナ,Ｇリビエール・レーシング
ニンギルス,武田茂男
ニンジャゴー,野村茂雄
ニンジャトットリ,本山博之
ニンジンムスメ,三岡陽
ニンフェア,コスモヴューファーム
ニンマリ,イクタ
ニヴィアン,岡田牧雄
ニヴルヘイム,吉田勝己
ニーケアイリス,ＫＨレーシング
ニーケススマイル,高橋ファーム
ニースケンス,丸山担
ニースバローズ,猪熊広次
ニースライト,樋口正蔵
ニーズヘッグ,ＹＧＧホースクラブ
ニードルズアイ,キャロットファーム
ニードルフェルト,山口正行
ニードレストゥセイ,ゴドルフィン
ニーナドレス,平井裕
ニーナバイリッカ,村田能光
ニーナブランド,ディアレストクラブ
ニーニャ,ノルマンディーサラブレッドレーシング
ニーマルエース,板橋秋
ニーマルサンデー,板橋秋
ニーマルティアラ,板橋秋
ニーマルブラック,板橋秋
ニーヨル,グランデオーナーズ
ヌウアヌパリ,嶋田賢
ヌオーヴォ,カナヤマホールディングス
ヌクレオチド,大野富生
ヌビアン,仲谷光一
ヌマ,新冠橋本牧場
ヌンカプト,ヌンクラブ
ヌンコッチ,ミルファーム
ヌンシーズ,ヌンクラブ
ヌンジュリエット,ヌンクラブ
ヌンチュール,ヌンクラブ
ヌンフェルモ,ヌンクラブ
ヌンボラ,ウエスト．フォレスト．ステイブル
ヌンルチル,ヌンクラブ
ヌーシャテル,ヒダカ・ブリーダーズ・ユニオン
ヌーディーカラー,吉澤克己
ヌーベルフィズ,シルクレーシング
ヌーンベルク,ＫＨレーシング
ヌーヴァエポカ,Ｇ１レーシング
ヌーヴェルソール,ＫＨレーシング
ヌーヴォルミエール,宇佐見紀之
ヌーヴォーロジェ,河村祥史
ネアセリーニ,サンデーレーシング
ネイキッド,前田晋二
ネイキッドハート,スリースターズレーシング
ネイキッドロマンス,ゴドルフィン
ネイサン,Ｍｒ．ホース
ネイサンバローズ,猪熊広次
ネイザンロード,ゴドルフィン
ネイジュ,島川隆哉
ネイチャーカレン,サザンホールディング
ネイチャークイーン,井上修一
ネイチャーゴールド,井上修一
ネイチャーシップ,サザンホールディング
ネイチャーズロウ,ヒダカ・ブリーダーズ・ユニオン
ネイチャーセラピー,吉田和美
ネイチャーバラン,井上修一
ネイチャーミヤビ,サザンホールディング
ネイチャーラニ,村山忠弘
ネイチャーラブリー,井上修一
ネイチャーレット,井上修一
ネイチャーローズ,井上修一
ネイティヴプライド,山田弘
ネイト,武田茂男
ネイトフォンテン,吉橋興生
ネイビー,飯田正剛
ネイビーアッシュ,吉田勝己
ネイビースター,保坂和孝
ネイビーブルー,青芝商事
ネイビーロマン,平賀久枝
ネイプルスイエロー,社台レースホース
ネイリスト,日東牧場
ネイリッカ,ノルマンディーサラブレッドレーシング
ネイルンノ,ミルファーム
ネイロン,西田彰宏
ネオアカジョウ,西田俊二
ネオアステーリ,ＫＲジャパン
ネオアスペクト,ゴドルフィン
ネオアビー,西田俊二
ネオアマゾネス,草間庸文
ネオアリシア,高瀬正志
ネオアンビシャス,ユートピア牧場
ネオアンボウ,西田俊二
ネオイリス,太田勝久
ネオエックス,西田俊二
ネオエトワール,西田俊二
ネオクイーン,ラ・メール
ネオクラウン,西田俊二
ネオグラン,西田俊二
ネオゴールド,西田俊二
ネオシエル,瓜生和彦
ネオシャクナゲ,西田俊二
ネオシューマン,西田俊二
ネオシルバー,西田俊二
ネオシーナ,椎名節
ネオスウィープ,西田俊二
ネオスターダム,一村哲也
ネオステラス,大久保和夫
ネオストーリー,藤澤眞佐子
ネオディヤマンテ,西田俊二
ネオデレヤ,西田俊二
ネオトゥルー,西田俊二
ネオトキオ,兼松康太
ネオトリニティー,フィールドレーシング
ネオネイア,西田俊二
ネオバラード,多田賢司
ネオヒューズ,西田俊二
ネオヒロイン,西田俊二
ネオファルコン,西田俊二
ネオフィロ,Ｈ．Ｈ．シェイク・ハムダン
ネオブレイブ,西田俊二
ネオペトリコール,平川浩之
ネオボーゲン,西田俊二
ネオマティリアル,田村彰夫
ネオリーズ,西田俊二
ネオルーナ,西田俊二
ネオレインボウ,西田俊二
ネオヴィットーリア,ドリームジャパンホースレーシング
ネガイ,石川達絵
ネガイヲカナエテ,西村憲人
ネガワンニダ,ミルファーム
ネクサスアルカナム,吉田勝己
ネクサスハート,ＤＭＭドリームクラブ
ネクストエピソード,ゴドルフィン
ネクストスクワッド,平田修
ネクストステップ,吉澤克己
ネクストストーリー,ミルファーム
ネクストダンサー,是枝浩平
ネクストドア,安原浩司
ネクストヒロイン,堂守貴志
ネクストブレイク,堂守貴志
ネクストムーブ,林正道
ネクストユー,川島吉男
ネクストリーダー,小濱正智
ネクタリス,吉田照哉
ネクタール,新井利宜
ネグレスコ,モンレーヴ
ネグローニ,亀井哲也
ネコニナリタイ,檜森高史
ネコニャンニャン,加藤正二郎
ネコマヒカ,節英司
ネコワシ,桐谷敏子
ネザーランドリマ,小川敏夫
ネスト,島川隆哉
ネズコ,吉澤ホールディングス
ネッカーズルム,栗山学
ネッケツシャチョウ,ミキハウスＨＫサービス
ネッスンドルマ,藤田純
ネッタイヤライ,犬塚悠治郎
ネッダ,門野重雄
ネッロランパンテ,堀田浩司
ネティフラウ,サンデーレーシング
ネトル,ノースヒルズ
ネネ,高橋文男
ネネキリマル,中辻明
ネネサマ,村田哲朗
ネバシーンビフォー,ＫＲジャパン
ネバレチュゴー,ミルファーム
ネバーゴーンアウト,岡田牧雄
ネバーモア,ノースヒルズ
ネバーランド,田頭勇貴
ネバーランドリーム,米津佳昭
ネバールックバック,伊藤功一
ネバーレインズ,ライオンレースホース
ネビュライト,ＭＡＳＡレーシング
ネビュルーズ,インゼルレーシング
ネビーイーム,前田幸貴
ネフィリム,フィールドレーシング
ネフェルアスティ,横山幸弘
ネフェルウラー,加藤誠
ネフェルタリ,ヒダカ・ブリーダーズ・ユニオン
ネフュージュニア,大原詔宏
ネブラディスク,金子真人ホールディングス
ネブロシティ,吉田勝己
ネブローザ,シルクレーシング
ネプチュナイト,吉田勝己
ネヘレニア,ケンレーシング組合
ネポティズムベビー,吉田和美
ネムレスクイーン,フィールドレーシング
ネメス,シルクレーシング
ネモスフィレオ,ディアレストクラブ
ネモフィラ,田畑利彦
ネモフィラブルー,青芝商事
ネリッサ,木村廣太
ネルガル,西森功
ネルソンタッチ,谷掛龍夫
ネルハ,ローレルレーシング
ネレイド,日進牧場
ネロコルヴィーノ,ＮＩＣＫＳ
ネロメルレット,高樽さゆり
ネロリビガラード,西森功
ネローネ,門野重雄
ネヴァイナフ,ルシミエント
ネヴァタップアウト,ウエスト．フォレスト．ステイブル
ネヴァーエンド,高嶋祐子
ネージュエトワール,中村雅明
ネージュダムール,ヒダカ・ブリーダーズ・ユニオン
ネージュフォレスト,落合幸弘
ネージュプドルーズ,Ｇ１レーシング
ネーブル,飯田正剛
ネーブルオレンジ,吉田千津
ネームユアポイズン,シルクレーシング
ネーロルチェンテ,眞保榮稔
ネーヴェフレスカ,キャロットファーム
ノア,ノースヒルズ
ノアアジレ,佐山公男
ノアアーサー,佐山公男
ノアウィンザー,佐山公男
ノアエリザベス,佐山公男
ノアキセキ,佐山公男
ノアクリスティン,佐山公男
ノアシルヴィ,佐山公男
ノアシーザリオ,佐山公男
ノアジェニシス,佐山公男
ノアスペシャル,佐山公男
ノアスマッシュ,佐山公男
ノアソノマ,佐山公男
ノアタイクーン,佐山公男
ノアダイオウ,佐山公男
ノアチェリー,佐山公男
ノアチュロス,佐山公男
ノアトレジャー,佐山公男
ノアバクシンオー,佐山公男
ノアバラード,佐山公男
ノアパラダイス,佐山公男
ノアファラオ,佐山公男
ノアファンタジー,佐山公男
ノアファースト,佐山公男
ノアフェイス,佐山公男
ノアブラック,佐山公男
ノアプレスリー,佐山公男
ノアペルーサ,佐山公男
ノアムサシ,佐山公男
ノアラヴィータ,佐山公男
ノアレジェンド,佐山公男
ノアローズ,佐山公男
ノアヴァイオレット,佐山公男
ノアヴァンクール,槙和美
ノアヴィグラス,佐山公男
ノアヴィヴァーチェ,佐山公男
ノアールビーナス,辻子依旦
ノイアーターク,社台レースホース
ノイエムジーク,Ｇ１レーシング
ノイエンブリエ,サンデーレーシング
ノイシュタット,吉田照哉
ノイシュロス,ディアレストクラブ
ノイジーアプローチ,ゴドルフィン
ノイジーボーイ,松谷翔太
ノイノコ,平山靖
ノイバラ,スピードファーム
ノイヤー,カナヤマホールディングス
ノイヤーヘルト,社台レースホース
ノイーヴァ,ノースヒルズ
ノウヒメ,サミットレーシング
ノウリッジズパワー,ノースヒルズ
ノエマ,小紫嘉之
ノエル,ローレルレーシング
ノカプア,和田牧場
ノクスカンパーナ,ノルマンディーサラブレッドレーシング
ノクスパーピリオ,ウエスト．フォレスト．ステイブル
ノクターナリティ,ゴドルフィン
ノクターナル,ニューマレコード
ノクターナルハント,ゴドルフィン
ノクターン,シルクレーシング
ノクターンノーツ,飯田正剛
ノクナレア,社台レースホース
ノシェリー,中山栄一
ノストラダムス,岡浩二
ノチェセラーダ,サンデーレーシング
ノチェブエナ,Ｇ１レーシング
ノチェブランカ,吉田勝己
ノッキングポイント,サンデーレーシング
ノックオンウッド,シルクレーシング
ノックシュライン,村木克成
ノックトゥワイス,飯塚知一
ノッツェドーロ,ＮＩＣＫＳ
ノッテルーナ,岡浩二
ノットイェット,ＧＥＴＮＥＸＴ
ノットイナフ,ノースヒルズ
ノットゥルノ,金子真人ホールディングス
ノットクラッシュ,山口敦広
ノットファウンド,江馬由将
ノトコンゴウ,吉田千津
ノドゥス,スリーエイチレーシング
ノビアホワイト,吉見典子
ノビリシマビジョン,シルクレーシング
ノビル,ケーエスＨＤ
ノブ,佐野信幸
ノブアンドホワイト,前田亘輝
ノブエイト,前田亘輝
ノブカナロア,前田亘輝
ノブシ,河内孝夫
ノブステップ,前田亘輝
ノブダブルホワイト,前田亘輝
ノブノリオウ,前田亘輝
ノブノリッキー,佐野信幸
ノブピースオブラブ,前田亘輝
ノブフェーヴル,前田亘輝
ノブフランクリン,前田亘輝
ノブベック,前田亘輝
ノブレスジャン,吉田智
ノブレスラブリエ,サラブレッドクラブ・ラフィアン
ノヘア,ニッシンホールディングス
ノベンバーステップ,三田昌宏
ノベンバーベイズ,飯田正剛
ノボインパクト,ＬＳ．Ｍ
ノボオリエンス,ＬＳ．Ｍ
ノボガンコ,ＬＳ．Ｍ
ノボシュンシュン,ＬＳ．Ｍ
ノボバカラ,ＬＳ．Ｍ
ノボパニコ,ＬＳ．Ｍ
ノボベイビー,ＬＳ．Ｍ
ノボベルサイユ,矢野琢也
ノボマジック,矢野琢也
ノボミラクル,ＬＳ．Ｍ
ノボユキ,ＬＳ．Ｍ
ノボリクレバー,原田豊
ノボリサクラ,原田豊
ノボリショウリュウ,原田豊
ノボリスターリー,原田豊
ノボリスマイル,原田豊
ノボリソング,原田豊
ノボリターン,ＬＳ．Ｍ
ノボリダーウィン,原田豊
ノボリディアマン,原田豊
ノボリフジ,柳橋俊昭
ノボリミッション,原田豊
ノボリユーミン,原田豊
ノボリリア,原田豊
ノボリレイナ,原田豊
ノボリレーヴ,原田豊
ノメンターノ,ビッグレッドファーム
ノラリクラリ,幅田昌伸
ノリオサン,國分純
ノリキング,中谷典生
ノリサムソン,小濱正智
ノリサンブラック,中谷典生
ノリチャンボウルズ,中谷典生
ノリノドラゴン,高坂昌志
ノリノリ,岡浩二
ノリノリソックス,中谷典生
ノリノリブリランテ,小濱正智
ノリピー,中谷典生
ノリマル,中谷典生
ノリヤンモーニン,中谷典生
ノルカソルカ,幅田昌伸
ノルディア,ゴドルフィン
ノルトエンデ,社台レースホース
ノルトシュライフェ,グリーンファーム
ノルトハウゼン,村野康司
ノルトリヒト,サラブレッドクラブ・ラフィアン
ノルドヴェスト,サンデーレーシング
ノルニル,小川敏夫
ノルフェーン,ターフ・スポート
ノルン,ヒダカ・ブリーダーズ・ユニオン
ノレッジギフト,ヤナガワ牧場
ノレッジビューティ,ヤナガワ牧場
ノロシ,Ｇリビエール・レーシング
ノワスティエ,吉田照哉
ノワナ,荒井泰樹
ノワールエブラン,ノルマンディーサラブレッドレーシング
ノワールギャルソン,ディアレストクラブ
ノワールシュバリエ,ウエスト．フォレスト．ステイブル
ノワールドゥジェ,シルクレーシング
ノワールフレグラン,グリーンファーム
ノワールムーティエ,吉田和美
ノワールランス,星加浩一
ノンコノユメ,山田広太郎
ノンスタンダルド,原禮子
ノンストップ,ゴドルフィン
ノンズブレス,今村明浩
ノンノンナイン,福田光博
ノンブルドール,キャロットファーム
ノンライセンス,黒川暁子
ノンリファレンス,一村哲也
ノンリミット,高橋信博
ノンヴェドローラ,サラブレッドクラブ・ラフィアン
ノヴァエクスプレス,吉田和美
ノヴァエスペランサ,名古屋友豊
ノヴァエラ,ローレルレーシング
ノヴァカーラ,ノルマンディーサラブレッドレーシング
ノヴァキュライト,サンデーレーシング
ノヴァフォルス,寳寄山拓樹
ノヴァメンテ,ヒダカ・ブリーダーズ・ユニオン
ノヴァルーナ,林正道
ノヴァレジーナ,京都ホースレーシング
ノヴァヴェローチェ,ＴＯＲＡＣＩＮＧ
ノヴィア,ゴドルフィン
ノヴィアル,キャロットファーム
ノヴェッラ,ゴドルフィン
ノヴェルアレイア,新井琢也
ノヴェルカフナ,新井琢也
ノヴェルピアーチェ,新井琢也
ノヴェント,街風隆雄
ノーアーギュメント,柴田洋一
ノーウィック,三嶋牧場
ノーウェアマン,安齋廣行
ノーウェアランド,サンデーレーシング
ノーウェイ,宮川純造
ノーエクスキューズ,キャロットファーム
ノーサレンダー,ビッグレッドファーム
ノーサンブリア,シルクレーシング
ノーザトゥルース,犬飼優
ノーザンクリス,加藤晃央
ノーザンクロス,山内晃
ノーザンタイタン,村元康
ノーザンピーク,ヒダカ・ブリーダーズ・ユニオン
ノーザンヴィグラス,犬塚悠治郎
ノーザー,スピードファーム
ノーシーリング,ヒダカ・ブリーダーズ・ユニオン
ノースカガヤキ,高昭牧場
ノースカトレア,ターフ・スポート
ノースグロリア,ＫＨレーシング
ノースサイド,油木大樹
ノースザワールド,スリーエイチレーシング
ノースタンダード,山田弘
ノースディーバ,本間茂
ノースブリッジ,井山登
ノースブルースカイ,田中勝
ノースポール,松平正樹
ノースミソロジー,吉田照哉
ノーセキュリティ,竹中一彰
ノーセット,ゴドルフィン
ノーダブルディップ,丸山担
ノーチェ,河合明弘
ノーチカルチャート,社台レースホース
ノーチラス,キーファーズ
ノーティアス,吉田照哉
ノーティチェリー,服部英利
ノーティーガール,藤本栄史
ノーデザイア,ヒダカ・ブリーダーズ・ユニオン
ノートエリア,林正道
ノートルダム,飯田正剛
ノートルプロメス,西村有人
ノーバディ,野村茂雄
ノーバディーケイム,吉岡泰治
ノービレ,中村祐子
ノーフィアー,平本敏夫
ノーブルアイガー,吉木伸彦
ノーブルアイランド,吉木伸彦
ノーブルアクト,芳賀滿男
ノーブルアスール,アスール
ノーブルアポロン,吉木伸彦
ノーブルアリーナ,吉木伸彦
ノーブルアース,吉木伸彦
ノーブルウィスパー,吉木伸彦
ノーブルウィング,吉木伸彦
ノーブルウェザー,吉木伸彦
ノーブルウルフ,吉木伸彦
ノーブルエイム,下河辺隆行
ノーブルエンブレム,キャロットファーム
ノーブルエンペラー,吉木伸彦
ノーブルオリンピア,吉木伸彦
ノーブルオリンポス,吉木伸彦
ノーブルオーキッド,京都ホースレーシング
ノーブルオーク,吉木伸彦
ノーブルカクテル,吉木伸彦
ノーブルカリス,吉木伸彦
ノーブルカリナン,社台レースホース
ノーブルガイザー,吉木伸彦
ノーブルガルフ,吉木伸彦
ノーブルキャナル,吉木伸彦
ノーブルキャニオン,吉木伸彦
ノーブルクインダム,吉木伸彦
ノーブルクライ,窪田芳郎
ノーブルクラウド,吉木伸彦
ノーブルクロノス,吉木伸彦
ノーブルクロンヌ,岡田牧雄
ノーブルグランツ,社台レースホース
ノーブルグレイシャ,吉木伸彦
ノーブルグレイス,吉木伸彦
ノーブルグレイド,吉木伸彦
ノーブルゲイル,吉木伸彦
ノーブルサターン,吉木伸彦
ノーブルサンズ,吉木伸彦
ノーブルサンライズ,松岡隆雄
ノーブルサヴェージ,シルクレーシング
ノーブルシェイド,吉木伸彦
ノーブルシャン,ＮＩＣＫＳ
ノーブルシルエット,吉木伸彦
ノーブルシーズン,吉木伸彦
ノーブルジェネシス,吉木伸彦
ノーブルジャッカル,吉木伸彦
ノーブルジャック,吉木伸彦
ノーブルスアーク,平川三津
ノーブルスカイ,自由が丘サラブレッド倶楽部
ノーブルスコア,二木英徳
ノーブルスター,吉木伸彦
ノーブルストリーム,吉木伸彦
ノーブルスナイパー,吉木伸彦
ノーブルスノー,吉木伸彦
ノーブルティアラ,吉木伸彦
ノーブルテラ,吉木伸彦
ノーブルデューク,吉木伸彦
ノーブルトラップ,吉木伸彦
ノーブルトレジャー,吉木伸彦
ノーブルニードル,吉木伸彦
ノーブルノワール,グリーンファーム
ノーブルハート,マークス
ノーブルハーバー,吉木伸彦
ノーブルバルカン,吉木伸彦
ノーブルパレス,吉木伸彦
ノーブルビーチ,吉木伸彦
ノーブルファミリー,ノースヒルズ
ノーブルフェアリー,吉木伸彦
ノーブルフェスタ,尾上寿夫
ノーブルフォレスト,吉木伸彦
ノーブルフォース,吉木伸彦
ノーブルフューチャ,吉木伸彦
ノーブルフロスト,吉木伸彦
ノーブルフローラ,吉木伸彦
ノーブルブラッド,吉木伸彦
ノーブルブランカ,吉木伸彦
ノーブルブレイド,吉木伸彦
ノーブルブロウ,吉木伸彦
ノーブルブロンド,吉澤ホールディングス
ノーブルプライム,吉木伸彦
ノーブルプリンセス,吉木伸彦
ノーブルプルート,吉木伸彦
ノーブルプロセス,吉木伸彦
ノーブルヘリオス,吉木伸彦
ノーブルホライズン,吉木伸彦
ノーブルマドンナ,伊藤昭文
ノーブルマルシェ,吉木伸彦
ノーブルマーズ,吉木伸彦
ノーブルミステリー,吉木伸彦
ノーブルミラクル,吉木伸彦
ノーブルミント,吉木伸彦
ノーブルメイア,林正道
ノーブルライガー,吉木伸彦
ノーブルライジング,吉木伸彦
ノーブルライナー,吉木伸彦
ノーブルライラック,吉木伸彦
ノーブルラベンダー,青芝商事
ノーブルラホーヤ,ヒダカ・ブリーダーズ・ユニオン
ノーブルラン,岡村善行
ノーブルリスト,吉木伸彦
ノーブルリリー,吉木伸彦
ノーブルルビー,吉木伸彦
ノーブルルーナ,吉木伸彦
ノーブルレイン,吉木伸彦
ノーブルレインボー,吉木伸彦
ノーブルレジェンド,吉木伸彦
ノーブルレゼル,ＶｉｒｉｄｉａｎＫｅｉｂａＣｌｕｂ
ノーブルロジャー,ノルマンディーサラブレッドレーシング
ノーブルローズ,吉木伸彦
ノーブルワークス,キャロットファーム
ノーブルヴァレー,吉木伸彦
ノーブルヴィクター,吉木伸彦
ノーブレイナー,畑佐博
ノーブレスサンデー,ミルファーム
ノーベルプライズ,平賀久枝
ノーボーダー,林正道
ノーマジック,山岡重行
ノーマロエア,リーヴァ
ノーマンズランド,ゴドルフィン
ノームコア,池谷誠一
ノームストリーム,水上ふじ子
ノーモアゲーム,内藤好江
ノーモアワーズ,池袋レーシング
ノーランサンライズ,松岡隆雄
ノーリス,榊原源一郎
ノーリミッツ,山内邦一
ノールシャピートル,永見貴昭
ノーワン,藤田好紀
ノーワンタッチミー,岡田牧雄
ノーヴァレンダ,キャロットファーム
ハイアキュレイト,ノルマンディーサラブレッドレーシング
ハイアップグレード,服部新平
ハイアムズビーチ,シルクレーシング
ハイアーグラウンド,小村アセットＭ
ハイアーグレード,下河辺隆行
ハイアーレルム,キャロットファーム
ハイインザスカイ,深見富朗
ハイウェイスター,ノースヒルズ
ハイエスティーム,社台レースホース
ハイエストエンド,明栄商事
ハイエストクイーン,山田弘
ハイエストコード,Ｇ１レーシング
ハイエストピーク,村野康司
ハイエストプレイズ,岡田牧雄
ハイエストポイント,ノースヒルズ
ハイエストランク,吉田晴哉
ハイエナジー,前田幸治
ハイエログリフ,カナヤマホールディングス
ハイエンド,石川達絵
ハイエンドモデル,明栄商事
ハイオソラール,名古屋友豊
ハイオプターレ,ディアレストクラブ
ハイカラコマチ,北所直人
ハイクアウト,ノースヒルズ
ハイクォーツ,ゴドルフィン
ハイクオリティ,ＫＨレーシング
ハイクライテリア,ライオンレースホース
ハイグッドエース,服部新平
ハイグッドシャイン,服部雄一朗
ハイグッドフォルテ,服部新平
ハイグッドミネルバ,服部新平
ハイグッドワールド,服部新平
ハイケンス,ＫＡＪＩＭＯＴＯホールディングス
ハイコロラトゥーラ,松本俊廣
ハイコースト,谷掛龍夫
ハイジア,由井健太郎
ハイスピリッツ,岡田牧雄
ハイスピードカム,山上和良
ハイスペックマン,柴原榮
ハイゼンスレイ,中村祐子
ハイソリア,エラドゥーラ
ハイタイド,平田修
ハイタッチマドンナ,ライフエンタープライズ
ハイダウェイ,グリーンスウォード
ハイチーズ,ローレルレーシング
ハイティー,保坂和孝
ハイテイブルース,中地賢次郎
ハイテイラオユエ,河合明弘
ハイテレスヴェター,小林弘明
ハイディージェン,岡田牧雄
ハイトラクション,ノルマンディーサラブレッドレーシング
ハイドアンドシーク,ノースヒルズ
ハイドパーク,ヒダカ・ブリーダーズ・ユニオン
ハイドラン,五影慶則
ハイドロフォイル,サンデーレーシング
ハイナイスレディ,服部新平
ハイヌーンチェコ,谷脇智恵子
ハイネス,佐藤壽男
ハイハロー,青芝商事
ハイバーニアン,Ｂ．Ｃ．Ｓ．
ハイパワードトップ,吉田千津
ハイパーアクセラ,前田清二
ハイパーシーン,ロードホースクラブ
ハイパーステージ,グランデオーナーズ
ハイパーストーム,小林英一ホールディングス
ハイパーソニック,前田晋二
ハイパーノヴァ,宮川純造
ハイパービーム,田頭勇貴
ハイパーミラクル,高橋宏弥
ハイヒール,石川達絵
ハイビスカス,リトルブルーファーム
ハイビッグゴールド,服部新平
ハイファイスピード,グリーンファーム
ハイファイヴ,吉田安惠
ハイフォース,協栄
ハイブログ,服部新平
ハイプリーステス,田頭勇貴
ハイボール,キーファーズ
ハイボールコパ,小林祥晃
ハイボーン,長谷川守正
ハイモビリティ,竹下浩一
ハイヤーアプシス,吉田晴哉
ハイヤーマーク,Ｇ１レーシング
ハイライトニング,ＴＮレースホース
ハイライフ,岡田牧雄
ハイラブエナン,服部新平
ハイラブサイエンス,服部新平
ハイラブサンケイ,服部新平
ハイラブソング,服部新平
ハイラブハンター,服部新平
ハイラブレジェンド,服部新平
ハイランダー,シンシアリー
ハイラント,大塚亮一
ハイランドパレス,山本又一郎
ハイランドピーク,島川隆哉
ハイランドメモリー,日向英二
ハイランドリンクス,吉田勝己
ハイランドヴィラ,下河辺牧場
ハイリミットカフェ,西川恭子
ハイレジリエンス,ビッグレッドファーム
ハイレリーフ,岡田牧雄
ハイロード,平井裕
ハイロードシチー,友駿ホースクラブ
ハイワールド,服部新平
ハインズテソーロ,了徳寺健二ホールディングス
ハイヴァン,フォレストレーシング
ハウエバー,古賀和夫
ハウスオンファイア,ゴドルフィン
ハウゼ,ＣＨＥＶＡＬＡＴＴＡＣＨＥ
ハウダニット,手嶋康雄
ハウドベルク,西森功
ハウナニ,シルクレーシング
ハウピア,日高大洋牧場
ハウファアイルゴー,木村廣太
ハウメア,サンデーレーシング
ハウリング,ゴドルフィン
ハウリングウィンド,吉田照哉
ハウル,ゴドルフィン
ハオカノア,山住俊晃
ハカイシン,カカムーチョレーシング
ハガネ,佐藤守宏
ハギノアグレッシブ,日隈良江
ハギノアップロード,日隈良江
ハギノアトラス,安岡美津子
ハギノアネラ,安岡美津子
ハギノアルデバラン,安岡美津子
ハギノアレグリアス,日隈良江
ハギノアレス,安岡美津子
ハギノインスパイア,日隈良江
ハギノエスペラント,日隈良江
ハギノオムイデアル,日隈良江
ハギノオーロ,安岡美津子
ハギノカエラ,安岡美津子
ハギノカノア,安岡美津子
ハギノギフテッド,日隈良江
ハギノクリーガー,安岡美津子
ハギノクレド,安岡美津子
ハギノグランデ,日隈良江
ハギノコラソン,安岡美津子
ハギノサステナブル,日隈良江
ハギノセゾン,安岡美津子
ハギノセフィーラ,安岡美津子
ハギノダンシング,日隈良江
ハギノデュア,安岡美津子
ハギノデュエット,日隈良江
ハギノピアチェーレ,日隈良江
ハギノピリナ,安岡美津子
ハギノフロンティア,日隈良江
ハギノベルエキプ,日隈良江
ハギノペルフェット,安岡美津子
ハギノメーテル,日隈良江
ハギノモーリス,日隈良江
ハギノリュクス,日隈良江
ハギノルーク,安岡美津子
ハギノロックオン,日隈良江
ハギノロマネスク,日隈良江
ハギノヴェルドン,日隈良江
ハギビス,川島牧場
ハクアイアテナ,Ｈ．Ｉコーポレーション
ハクアイアトム,Ｈ．Ｉコーポレーション
ハクアイウィンザー,Ｈ．Ｉコーポレーション
ハクアイエール,Ｈ．Ｉコーポレーション
ハクアイオウ,Ｈ．Ｉコーポレーション
ハクアイゴジロー,Ｈ．Ｉコーポレーション
ハクアイジュピター,Ｈ．Ｉコーポレーション
ハクアイストーリー,Ｈ．Ｉコーポレーション
ハクアイゼウス,Ｈ．Ｉコーポレーション
ハクアイタワー,Ｈ．Ｉコーポレーション
ハクアイトップ,Ｈ．Ｉコーポレーション
ハクアイノアール,Ｈ．Ｉコーポレーション
ハクアイブラック,Ｈ．Ｉコーポレーション
ハクアイボリイ,石川博
ハクアイマウンテン,Ｈ．Ｉコーポレーション
ハクアイリシャール,Ｈ．Ｉコーポレーション
ハクアイレオ,Ｈ．Ｉコーポレーション
ハクアイローラ,Ｈ．Ｉコーポレーション
ハクアイローレル,Ｈ．Ｉコーポレーション
ハクサンアイ,河崎五市
ハクサンアイリス,河崎五市
ハクサンアップル,河崎五市
ハクサンアルタイル,河崎五市
ハクサンアンタレス,河崎五市
ハクサンイーグル,河崎五市
ハクサンウェーブ,河崎五市
ハクサンエクレール,河崎五市
ハクサンオリヒメ,河崎五市
ハクサンカイザー,河崎五市
ハクサンキュート,河崎五市
ハクサンキングス,河崎五市
ハクサンクウ,河崎五市
ハクサンクノイチ,河崎五市
ハクサンクラーケン,河崎五市
ハクサンクリスタル,河崎五市
ハクサンクロユリ,河崎五市
ハクサンコマチ,河崎五市
ハクサンゴールド,河崎五市
ハクサンサクヤヒメ,河崎五市
ハクサンシャトル,河崎五市
ハクサンスウィープ,河崎五市
ハクサンスオーノ,河崎五市
ハクサンスプリング,河崎五市
ハクサンセレーネ,河崎五市
ハクサンセーブル,河崎五市
ハクサンセーラー,河崎五市
ハクサンソヌス,河崎五市
ハクサンタマテバコ,河崎五市
ハクサンダフネ,河崎五市
ハクサンチェイス,河崎五市
ハクサンチコチャン,河崎五市
ハクサンツキミテイ,河崎五市
ハクサンテドリガワ,河崎五市
ハクサンテュポン,河崎五市
ハクサンディーバ,河崎五市
ハクサンハナビ,河崎五市
ハクサンハーバー,河崎五市
ハクサンバード,河崎五市
ハクサンパイオニア,河崎五市
ハクサンパール,河崎五市
ハクサンビューティ,河崎五市
ハクサンビーナス,河崎五市
ハクサンフエロ,河崎五市
ハクサンフラッシュ,河崎五市
ハクサンフラワー,河崎五市
ハクサンフルリール,河崎五市
ハクサンブリエ,河崎五市
ハクサンブレーヴ,河崎五市
ハクサンペリー,河崎五市
ハクサンポラリス,篠崎恒雄
ハクサンマズル,河崎五市
ハクサンマックス,河崎五市
ハクサンマロン,河崎五市
ハクサンマンゲツ,河崎五市
ハクサンミニョン,河崎五市
ハクサンミューズ,河崎五市
ハクサンミラクル,河崎五市
ハクサンミレイ,河崎五市
ハクサンメイゲツ,篠崎恒雄
ハクサンメガミ,河崎五市
ハクサンメモリー,河崎五市
ハクサンモッピー,河崎五市
ハクサンモンチュ,河崎五市
ハクサンライラック,河崎五市
ハクサンリバーブ,河崎五市
ハクサンリュウオウ,河崎五市
ハクサンリング,河崎五市
ハクサンリンド,河崎五市
ハクサンルドルフ,河崎五市
ハクサンルピナス,河崎五市
ハクサンレイホウ,河崎五市
ハクサンローレライ,河崎五市
ハクシュ,佐久間拓士
ハクシンアスリート,新井原博
ハクシンエース,新井原博
ハクシンジャベリン,新井原博
ハクシンスマイル,新井原博
ハクシンダンス,新井原博
ハクシンドリーム,新井原博
ハクシンパーソナル,新井原博
ハクシンブライアン,新井原博
ハクシンマルペンサ,新井原博
ハクシンレガロ,新井原博
ハクタカ,三度屋
ハクナマタタ,グランド牧場
ハクビ,谷口祐人
ハクモクレン,吉田和子
ハクユウセンター,Ｈ．Ｉコーポレーション
ハクユウフライヤー,Ｈ．Ｉコーポレーション
ハグ,吉澤ホールディングス
ハグクミ,北浦博樹
ハグミーモア,ＩＨＲ
ハグレジョー,河内孝夫
ハグンジョウ,楠元貴司
ハコダテカーニバル,河内孝夫
ハコダテサンバ,河内孝夫
ハコダテジョー,河内孝夫
ハコダテノハナ,河内孝夫
ハコダテブショウ,河内孝夫
ハコダテメジャー,河内孝夫
ハコダテメモリー,河内孝夫
ハシカミ,中村勝彦
ハシュマル,田頭勇貴
ハシリマッセ,村田哲朗
ハシレコウマ,峰哲馬
ハジメテノチュウ,ミルファーム
ハジヲシレ,内田玄祥
ハスカップジャム,山本剛士
ハスキージュリー,渡邊隆
ハスノミ,和田牧場
ハスラー,石川達絵
ハズムリズム,谷口祐人
ハセドン,三木正浩
ハセノビーバー,三木正浩
ハゼル,ケーエスＨＤ
ハタノグランクリュ,グッドラック・ファーム
ハタノラトゥール,グッドラック・ファーム
ハタノレジーナ,グッドラック・ファーム
ハチキンキリシマ,西村新一郎
ハチノヘタイショウ,西村新一郎
ハチハチローズ,水谷光太郎
ハチマン,渡邊英俊
ハチミツプリン,田頭勇貴
ハチメンロッピ,ターフ・スポート
ハチャトリアン,幅田昌伸
ハチヨウ,高田秀信
ハチワレ,小林由明
ハッキヨーヨー,藤原牧場
ハックルベリー,大林一彦
ハッコウイチウ,ＮＩＣＫＳ
ハッシュゴーゴー,吉田千津
ハッシュタグ,石川達絵
ハッスルアニキ,内田玄祥
ハッスルダンク,高篠憲一
ハッチ,阿部榮乃進
ハットグットゲット,小林善一
ハットハート,ＭＡＳＡレーシング
ハットメリリー,服部邦繁
ハットラブ,服部邦繁
ハットリ,ＣＨＥＶＡＬＡＴＴＡＣＨＥ
ハットルグリムス,吉田勝己
ハットルヴァン,服部邦繁
ハッピーアズラリー,金子真人ホールディングス
ハッピーアナザー,永見貴昭
ハッピーアモン,平岡茂樹
ハッピーアモーレ,馬場幸夫
ハッピーアワー,高嶋祐子
ハッピーイメージ,サラブレッドクラブ・ラフィアン
ハッピーウィズユー,前田幸大
ハッピーエマーブル,会田裕一
ハッピーエンジェル,矢野まり子
ハッピーオーキッド,馬場幸夫
ハッピーオーサム,馬場幸夫
ハッピーオーラ,堀口晴男
ハッピーカーン,湯澤寛
ハッピーキララ,高昭牧場
ハッピーギフト,那須野牧場
ハッピークラシック,会田裕一
ハッピークラッカー,下河辺牧場
ハッピーグリン,会田裕一
ハッピーゴラッキー,ゴドルフィン
ハッピーサプライズ,田頭勇貴
ハッピージャズ,吉田和美
ハッピースワニー,馬場幸夫
ハッピースーニャ,足立範子
ハッピータイム,嶋田賢
ハッピーダンシング,和田牧場
ハッピーダンス,馬場幸夫
ハッピーダンチャン,三宅勝俊
ハッピーチャンス,三宅勝俊
ハッピーディーバ,馬場幸夫
ハッピーデービー,足立範子
ハッピードリーム,馬場幸夫
ハッピーナイン,本杉芳郎
ハッピーノリクン,足立範子
ハッピーバレー,馬場幸夫
ハッピーバンク,馬場幸夫
ハッピーバンド,馬場幸夫
ハッピーパラダイス,小川勲
ハッピーパンニャ,足立範子
ハッピービギニング,鹽田久義
ハッピービバーク,中村伊三美
ハッピーファレル,スリーエイチレーシング
ハッピーブルー,橋本浩
ハッピープリベイル,平賀久枝
ハッピーベル,馬場幸夫
ハッピーペコ,ローレルレーシング
ハッピーホリデイズ,山上和良
ハッピーホンコン,会田裕一
ハッピーマインド,ビッグレッドファーム
ハッピーマン,田邉滋久
ハッピーミニスター,堀祥子
ハッピーミラクル,馬場幸夫
ハッピーミーク,山口功一郎
ハッピーメイク,岩崎僖澄
ハッピーモンスター,三宅勝俊
ハッピーモンチャン,大田恭充
ハッピーラッキー,井山登
ハッピーラブソング,馬場幸夫
ハッピーランラン,馬場幸夫
ハッピーリオン,寺田寿男
ハッピールンナ,小坂功
ハッピールーラ,会田裕一
ハッピーロンドン,窪田芳郎
ハッピーローヴァー,インゼルレーシング
ハッピーワンダー,田頭勇貴
ハップウトウゲ,諸岡慶
ハッポウヤブレ,本杉芳郎
ハツアカネ,インゼルレーシング
ハツコイサイダー,山口裕介
ハツセ,林弘之
ハツナギ,Ｈ．Ｈ．シェイク・ハムダン
ハツヒノデ,林千枝子
ハツワカ,那須野牧場
ハテナビト,山口裕介
ハテンコウ,村田哲朗
ハディア,ターフ・スポート
ハデコ,ケーエスＨＤ
ハデスキーパー,一村哲也
ハデステソーロ,了徳寺健二ホールディングス
ハデスブレイン,エンジェルレーシング
ハトホル,高瀬真尚
ハトマーククィーン,山田美喜男
ハトマークタイガー,山田美喜男
ハトマークレディ,山田美喜男
ハトマークワルツ,山田美喜男
ハドソンテソーロ,了徳寺健二ホールディングス
ハナアヤメ,フジワラ・ファーム
ハナイカダ,山口正行
ハナイロマヒナ,岩崎僖澄
ハナウマビーチ,ライフエンタープライズ
ハナカホノカ,谷口則子
ハナキリ,大野照旺
ハナギリ,山科統
ハナコトバ,飛野牧場
ハナサキポプラ,石川秀守
ハナザカリ,岡田壮史
ハナズレジェンド,広尾レース
ハナソメイ,林瑛子
ハナダマ,日進牧場
ハナチルサト,内田玄祥
ハナテ,村田能光
ハナナラツボミ,大久保幸夫
ハナノオンリーワン,華山龍一
ハナノニオイ,ビッグレッドファーム
ハナノミチ,丸岡啓一
ハナノルージュ,華山龍一
ハナハナグスト,片山建治
ハナヒラク,河村祥史
ハナビマンカイ,廣崎利洋ＨＤ
ハナブサ,フジワラ・ファーム
ハナブショウ,河内孝夫
ハナマウイ,佐藤範夫
ハナマツリ,イーデン産業
ハナムラサキ,福田光博
ハナレイムーン,金子真人ホールディングス
ハニエル,ノースヒルズ
ハニーアイリー,ディアレストクラブ
ハニーアンバー,ＩＺＵＲＵジャパン
ハニーウィル,友駿ホースクラブ
ハニーエンパイア,松岡隆雄
ハニーオーケストラ,中村伊三美
ハニークイーン,コスモヴューファーム
ハニーコム,ビッグレッドファーム
ハニーゴールド,青芝商事
ハニージェイド,吉田和子
ハニージョー,吉田和美
ハニーズスマイル,高橋明裕
ハニーチャイル,ヒダカ・ブリーダーズ・ユニオン
ハニーディスタフ,ヒダカ・ブリーダーズ・ユニオン
ハニーディライト,池田草龍
ハニートラップ,田頭勇貴
ハニードレス,吉田千津
ハニープリンセス,新谷正子
ハニーベリー,日進牧場
ハニーミルク,田頭勇貴
ハニーリン,西森功
ハニーローリエ,東豊物産
ハヌマーン,小林昌子
ハヌル,ミルファーム
ハネマン,前川俊行
ハノハノ,ニッシンホールディングス
ハハハ,小田切有一
ハバタクジユウニ,ＭＭＳホールディングス
ハバチューバー,細川大輔
ハバナウインド,社台レースホース
ハバナローズ,ウエスト．フォレスト．ステイブル
ハビレ,古賀慎一
ハピ,寺田寿男
ハピアーザンエバー,田畑利彦
ハピナスター,鈴木正浩
ハピネスアゲン,浅川皓司
ハピネスガッサン,西村專次
ハピネスサンダー,大島芳子
ハピネスサンライズ,ライフハウス
ハピネスドリーム,下河辺牧場
ハピネスブルーム,キャロットファーム
ハピハピハッピー,ミルファーム
ハブル,ゴドルフィン
ハプスブルグ,諸江幸祐
ハプナビーチ,守内ひろ子
ハマサン,天野克彦
ハマナスノサクコロ,谷掛龍夫
ハマベノユウワク,岡浩二
ハマベノルンナ,小坂功
ハマーフェイス,ＳＴレーシング
ハミルトン,ターフ・スポート
ハミング,石川達絵
ハミングディスト,飯田正剛
ハミングバード,キャロットファーム
ハミングリップス,江川聡子
ハムタン,ＴＮレーシング
ハムレボ,伊藤功一
ハヤテジョー,河内孝夫
ハヤテノオジョー,佐藤範夫
ハヤテノギンジロウ,佐藤範夫
ハヤテノツバサ,佐藤範夫
ハヤテノフクノスケ,佐藤範夫
ハヤト,中西宏彰
ハヤブサ,寺田寿男
ハヤブサアポチャン,武田修
ハヤブサウィッシュ,武田修
ハヤブサオヒメサマ,武田修
ハヤブサカツオー,武田修
ハヤブサキンチャン,武田修
ハヤブサゲキレア,武田修
ハヤブササキチャン,武田修
ハヤブサジェット,鈴木正浩
ハヤブサジーニー,武田修
ハヤブサセクーシー,武田修
ハヤブサソンタクン,武田修
ハヤブサナンデクン,武田修
ハヤブサナンデヒメ,武田修
ハヤブサビッグバン,武田修
ハヤブサピアーノ,武田修
ハヤブサブロー,武田修
ハヤブサペコムスメ,武田修
ハヤブサマカオー,武田修
ハヤブサユートピア,武田修
ハヤブサレジェンド,グランド牧場
ハヤブサヴィーナス,武田修
ハヤヤッコ,金子真人ホールディングス
ハラジュク,三岡陽
ハラハラドキドキ,廣崎利洋ＨＤ
ハラモシュテソーロ,了徳寺健二ホールディングス
ハリウッドグラム,吉田和美
ハリウッドパーク,米田稔
ハリウッドヒルズ,ゴドルフィン
ハリウッドフェーム,スリーエイチレーシング
ハリウッドブルース,京都ホースレーシング
ハリウッドメモリー,ロードホースクラブ
ハリウッドルビー,グリーンファーム
ハリエット,門野重雄
ハリエンジュ,犬塚悠治郎
ハリケーンメファ,手嶋康雄
ハリケーンリッジ,キャロットファーム
ハリコミチュウ,由井健太郎
ハリスホーク,シルクレーシング
ハリスン,薪浦亨
ハリソンテソーロ,了徳寺健二ホールディングス
ハリヤード,ＭＭＣ
ハリーオンダウン,橋元勇氣
ハリーケーン,田頭勇貴
ハリーバローズ,猪熊広次
ハリーフラッグ,中村伊三美
ハルイチバン,ゴドルフィン
ハルイロ,吉田照哉
ハルオーブ,村上卓史
ハルカオル,ヒダカ・ブリーダーズ・ユニオン
ハルカカナタ,ニッシンホールディングス
ハルカサクソラ,亀岡和彦
ハルカナネガイ,上茶谷一
ハルカノテソーロ,了徳寺健二ホールディングス
ハルガスミ,河原義宏
ハルキジェイソウル,若草クラブ
ハルキストン,若草クラブ
ハルキファイト,若草クラブ
ハルクバローズ,猪熊広次
ハルクンノテソーロ,了徳寺健二ホールディングス
ハルサカエ,齊藤栄一
ハルサメ,チャンピオンズファーム
ハルシオンデイズ,ゴドルフィン
ハルシャダ,高瀬真尚
ハルテロス,東堂レーシング
ハルディーン,長谷川清英
ハルノアメ,酒井孝敏
ハルノアラシ,河内孝夫
ハルノウミ,ＫＡＪＩＭＯＴＯホールディングス
ハルノツカイ,ヒダカ・ブリーダーズ・ユニオン
ハルノトゥーリ,丸山竜一
ハルノドゥミプリエ,丸山竜一
ハルノナゴリ,三田昌宏
ハルノヒ,田中健一
ハルノマリーナ,丸山竜一
ハルノート,村上卓史
ハルハアケボノ,手嶋美季
ハルハヤテ,ビッグレッドファーム
ハルハル,ミルファーム
ハルバード,ノルマンディーサラブレッドレーシング
ハルヒコ,三宅勝俊
ハルヒメ,大島有志生
ハルフェティ,畑佐博
ハルフロンティア,ＭＯＭＯレーシング
ハルプモント,保坂和孝
ハルボタン,社台レースホース
ハルメキ,ヒダカ・ブリーダーズ・ユニオン
ハルメク,ウエスト．フォレスト．ステイブル
ハルメネス,大塚亮一
ハルモニア,ＹＧＧホースクラブ
ハルヨコイ,浅沼廣幸
ハルワタート,下河辺牧場
ハレアカラフラ,金子真人ホールディングス
ハレマチ,サンライズ
ハロサン,乙訓史樹
ハロナ,辻牧場
ハロルドテソーロ,了徳寺健二ホールディングス
ハロングロットル,ミルファーム
ハローエンジェル,廣崎智子
ハローオンザターフ,岡田牧雄
ハローキャシー,Ｊ．ウィルソン
ハローキャンディ,中西純穂
ハローグッバイ,薪浦亨
ハローサブリナ,小林誠
ハロースクロール,下河辺牧場
ハロータイム,西城公雄
ハローチュース,薪浦亨
ハローマイキー,小林誠
ハローマイディア,飯田正剛
ハローマイフレンド,石川秀守
ハローマイラブリー,平賀久枝
ハローミスソフィ,吉田勝己
ハローメリールー,藤田在子
ハローユニコーン,ＣＨＥＶＡＬＡＴＴＡＣＨＥ
ハロールーラー,海谷幸司
ハワイアンアイコン,ゴドルフィン
ハワイアンタイム,吉田勝利
ハワイアンダンサー,前迫義幸
ハワイアンティアレ,名古屋友豊
ハワイアンパレス,小林量
ハワイアンフェザー,シルクレーシング
ハワイアンブルー,青芝商事
ハワイアンムーン,窪田芳郎
ハワーマハル,ミルファーム
ハンクスター,小林竜太郎
ハングリーベン,石瀬浩三
ハングルース,飯田正剛
ハングローズ,ＣＨＥＶＡＬＡＴＴＡＣＨＥ
ハンサムハーリー,藤井聡一郎
ハンザ,吉田和美
ハンザキ,サンライズ
ハンス,平山靖
ハンター,道永幸治
ハンターテソーロ,了徳寺健二ホールディングス
ハンターバレー,村木隆
ハンターワディー,甘糟裕介
ハンディーズピーク,前田幸治
ハンデンアミーラ,坂田行夫
ハンデンカイザー,坂田行夫
ハンデンキング,坂田行夫
ハンデンクィーン,坂田行夫
ハンデンディオーネ,坂田行夫
ハンデンドレイク,坂田行夫
ハンデンブレイズ,坂田行夫
ハンデンミラクル,坂田行夫
ハンデンメシアー,坂田行夫
ハンデンラファール,坂田行夫
ハンデンリリー,坂田行夫
ハンデンローズ,坂田行夫
ハンドフル,鈴木康弘
ハンドリー,大倉佑介
ハンナパール,ＨＭジャパン
ハンベルジャイト,キャロットファーム
ハンマ,ＮＩＣＫＳ
ハンマーモンスター,副島義久
ハンメルフェスト,三嶋牧場
ハンモック,ビッグレッドファーム
ハヴァス,ノースヒルズ
ハヴェリー,ラ・メール
ハヴォナ,阿部善武
ハーイ,福原晃
ハーイバービー,河村祥史
ハーエクセレンシー,社台レースホース
ハーキーステップ,宮田美恵子
ハーグリーブス,水上ふじ子
ハーゲンフレイヤ,大谷正嗣
ハーシェル,ゴドルフィン
ハースファイア,社台レースホース
ハーツアズワン,Ｇ１レーシング
ハーツイストワール,嶋田賢
ハーツオブシャカ,ＣＨＥＶＡＬＡＴＴＡＣＨＥ
ハーツクライアスク,廣崎利洋ＨＤ
ハーツクリスタル,シルクレーシング
ハーツケリー,徳増栄治
ハーツコンチェルト,グリーンファーム
ハーツシンフォニー,ＤＭＭドリームクラブ
ハーツジュニア,田畑利彦
ハーツデライト,スピードファーム
ハーツトリップ,成富直行
ハーツファンタジア,ライオンレースホース
ハーツフェルト,林正道
ハーツブライト,伊東純一
ハーツラプソディ,下河辺隆行
ハーティーチアーズ,日進牧場
ハーディジェナー,ＣＨＥＶＡＬＡＴＴＡＣＨＥ
ハーディネス,ロードホースクラブ
ハーディローズ,酒井孝敏
ハーディン,松谷翔太
ハーデンベルギア,ミルファーム
ハートアンドソウル,三田昌宏
ハートイズハート,北村和江
ハートウォーミング,ゴドルフィン
ハートオブアシティ,吉田千津
ハートオブザシーズ,吉田晴哉
ハートオブスワロー,ターフ・スポート
ハートオブロック,青芝商事
ハートオンシューズ,呉本昌時
ハートストロング,林進
ハートスナッチャー,シルクレーシング
ハートスートラ,西川礦
ハートチャン,グレース
ハートディザイア,社台レースホース
ハートトゥハート,ゴドルフィン
ハートニヒヲツケテ,内田玄祥
ハートハーツ,廣崎利洋ＨＤ
ハートビート,キーウエスト
ハートビートダンス,グリーンファーム
ハートビートロック,佐藤範夫
ハートフルアース,吉澤ホールディングス
ハートフルオブラブ,江馬由将
ハートフルシーン,程田真司
ハートフルタイム,青山洋一
ハートフルワールド,西浦和男
ハートプレイス,渡部賢治
ハートホイップ,ノルマンディーサラブレッドレーシング
ハートメテオ,吉田照哉
ハートライト,橋元勇氣
ハートリンク,西村新一郎
ハートリープ,サラブレッドクラブ・ラフィアン
ハートループ,キャロットファーム
ハートレー,サンデーレーシング
ハートロック,パニオロ
ハートヴオーシャン,兼松康太
ハードエイム,新井衛
ハードカウント,前田幸治
ハードキャリー,ミルファーム
ハードシングス,フィールドレーシング
ハードセルツァー,金子真人ホールディングス
ハードメープル,ウエスト．フォレスト．ステイブル
ハードロックスター,山田弘
ハードワイヤード,ゴドルフィン
ハードワーカー,池田草龍
ハーバーコメット,成富直行
ハーバードスクエア,吉田勝己
ハーバービュー,コスモヴューファーム
ハーバーフロント,保坂和孝
ハーバーライト,三田昌宏
ハーパー,エムズレーシング
ハービッグハロー,吉田照哉
ハービンクレア,ＫＲジャパン
ハービーボンズ,多田賢司
ハーフェズ,加藤徹
ハーフェン,中村祐子
ハーフジャック,アフロｉｎＥｌＰａｓｏ
ハーフバック,本間充
ハーフパイント,吉田和美
ハーフブルー,菊地博
ハーブドーレ,加藤徹
ハーベストゴールド,平本敏夫
ハーベストデイ,サンデーレーシング
ハーベストムーン,三田昌宏
ハーメティキスト,キャロットファーム
ハーモニクス,シルクレーシング
ハーモニーオリオン,日下部勝徳
ハーモニースパーク,日下部勝徳
ハーモニーソング,今村明浩
ハーモニーソード,日下部勝徳
ハーモニータイタン,日下部勝徳
ハーモニービート,日下部勝徳
ハーモニーブレイブ,日下部勝徳
ハーモニーマゼラン,日下部勝徳
ハーモニーライズ,日下部勝徳
ハーモニーロータス,日下部勝徳
ハーランズサイン,林正道
ハーランズセンス,林正道
ハーランズハーツ,林正道
ハーリーバーリー,丹下将
ハーレムシャドウ,飯塚知一
ハーレムシャフル,千明牧場
ハーレムライン,吉田千津
ハーンハリーリ,ミルファーム
ハーヴェ,小泉修
バイアスペクター,谷賢臣
バイアビリティ,八木澤充貴
バイアブランカ,村野康司
バイアンドホールド,笠原眞一郎
バイアーナ,京都ホースレーシング
バイオアート,小島章義
バイオエックス,小島章義
バイオサファイア,杉山忠国
バイオスパーク,宮田直也
バイオマックス,小島章義
バイオレットジンク,フォーレスト
バイオレットスター,井山登
バイオレットフィズ,中山泰志
バイオレットモーヴ,下河辺隆行
バイオレントブロー,キャロットファーム
バイオンディップス,丸山担
バイカマロン,西森鶴
バイカル,ビッグレッドファーム
バイガエシ,菅藤宗一
バイキングクラップ,サンデーレーシング
バイコーン,古賀慎一
バイザディンプル,増田和啓
バイシクルキック,ＧＥＴＮＥＸＴ
バイシュラバナ,草間庸文
バイス,ケーエスＨＤ
バイタライズ,西森功
バイタルエリア,ノルマンディーサラブレッドレーシング
バイタルフォース,前田幸治
バイデンテソーロ,了徳寺健二ホールディングス
バイデント,ウエスト．フォレスト．ステイブル
バイハリウッド,ニットー商事
バイファーザベスト,白日光
バイプレーヤー,佐藤啓子
バイマイサイド,Ｇ１レーシング
バイマイセルフ,ノースヒルズ
バイユー,ゴドルフィン
バイユーラン,吉田照哉
バイラ,ケーエスＨＤ
バイラビエン,ノルマンディーサラブレッドレーシング
バイラプリンセッサ,伊藤永二郎
バイラモス,チャンピオンズファーム
バイルシュタイン,キャロットファーム
バイロイト,ゴドルフィン
バインドウィード,キャロットファーム
バウンシーステップ,Ｇ１レーシング
バウンシーダンス,岡田牧雄
バウンスライト,ビッグレッドファーム
バウンティハンター,浅田次郎
バウンドトゥウィン,保坂和孝
バエル,藤本栄史
バオシェテンシ,ミレレーシング
バオバブスピリット,ＨｉｍＲｏｃｋＲａｃｉｎｇホールディングス
バカラ,ケーエスＨＤ
バカラクイーン,三嶋牧場
バガリーロータス,東豊物産
バガン,カナヤマホールディングス
バギーウィップ,キャロットファーム
バクシン,林正道
バクシンクイン,井上久光
バクシンフォワード,杉山忠国
バクソウシャチョウ,ミキハウスＨＫサービス
バクハツ,キーファーズ
バクハツアフロ,内田玄祥
バクマツ,フクキタル
バクラヴァ,吉田和美
バクレツマホウ,栗本博晴
バグラダス,村田牧場
バケットリスト,宮城寛也
バケラッタ,加藤誠
バケル,ケーエスＨＤ
バサラ,ＯＵＭＡ
バシクンレッツゴー,石橋英郎
バシリス,ノースヒルズ
バシレイア,キャロットファーム
バシレウス,カナヤマホールディングス
バシレウスシチー,友駿ホースクラブ
バシレウスライオン,ライオンレースホース
バシール,フクキタル
バジェットライン,飯田正剛
バジェナート,吉田照哉
バジオウ,鈴木剛史
バジーナ,西森功
バスカヴィル,ゴドルフィン
バスキュラリティ,ライオンレースホース
バスキュラント,市川義美ホールディングス
バスキュール,サンデーレーシング
バスクベレー,吉田勝己
バスケットカウント,長谷川守正
バスタキヤ,ゴドルフィン
バスターウルフ,松谷翔太
バスターコール,サンデーレーシング
バスターショット,田頭勇貴
バスタードサフラン,ノースヒルズ
バスティア,ゴドルフィン
バスティオン,ＤＭＭドリームクラブ
バステト,Ｇ１レーシング
バステール,シルクレーシング
バストス,二口雅一
バスドラムガール,京都ホースレーシング
バスマティ,多田信尊
バスラットレオン,広尾レース
バズアップビート,キャロットファーム
バズダイヤ,石原進
バズッチ,高橋宏弥
バセリーナ,ビッグレッドファーム
バタフライ,大瀧啓之
バタフライロック,谷崎森吾
バターショコラ,清進電設
バタール,長谷川祐司
バダジェフスカ,フォレストレーシング
バチェラーパーティ,三宅勝俊
バチェロレッテ,吉田和美
バチラ,村木慎吾
バッカス,岡田隆寛
バッカステソーロ,了徳寺健二ホールディングス
バッカーノ,泉一郎
バッキンガムパレス,ゴドルフィン
バックアップアゲン,檜森高史
バックシャン,山王飯店
バックスクリーン,ＤＭＭドリームクラブ
バックトゥザライト,平井裕
バックドアルート,金子真人ホールディングス
バックドラフト,エムズレーシング
バックドロップ,横田恵子
バックパック,吉田和美
バックホー,山口敦広
バッケンレコード,芳賀美知子
バッジオブオナー,Ｇ１レーシング
バッジオレディネロ,サンデーレーシング
バッソプロフォンド,ゴドルフィン
バッデレイト,杉山忠国
バットオールソー,久保田定
バットスティンガー,東豊物産
バッドガール,エムズレーシング
バッハ,ＫＡＪＩＭＯＴＯホールディングス
バッハアルプゼー,フォレストレーシング
バッハスピリッツ,小川敏夫
バッファローボム,フジワラ・ファーム
バッファローライズ,吉岡寛行
バティスティーニ,サンデーレーシング
バティストゥータ,ターフ・スポート
バティックオーレ,ムーティエレーシング
バディ,寺田寿男
バディーズライズ,吉岡寛行
バトゥカーダ,京都ホースレーシング
バトゥーキ,京都ホースレーシング
バトゥーラ,カナヤマホールディングス
バトラーズワーフ,社台レースホース
バトル,ケーエスＨＤ
バトルアグレッシブ,宮川秋信
バトルアックス,ＣＨＥＶＡＬＡＴＴＡＣＨＥ
バトルアメージング,宮川秋信
バトルウインリンク,宮川秋信
バトルエンジェル,安原浩司
バトルオブアルマダ,吉田勝己
バトルカグヤ,宮川秋信
バトルキャット,辻子依旦
バトルクライ,Ｇリビエール・レーシング
バトルシャイニング,宮川豊美
バトルショータイム,宮川秋信
バトルスピリッツ,山本英俊
バトルセレーネ,小林英一ホールディングス
バトルトウショウ,トウショウ産業
バトルナイト,安原浩司
バトルナユタ,宮川秋信
バトルハーデン,サンデーレーシング
バトルピアサー,高昭牧場
バトルフガクオウ,宮川秋信
バトルフリーダム,畑佐博
バトルフロイデン,宮川秋信
バトルフロント,ライオンレースホース
バトルボーン,サンデーレーシング
バトルメダリスト,宮川秋信
バトルモクオ,清進電設
バトルモモタロー,宮川秋信
バトルレイカ,宮川秋信
バトルレジェンダ,宮川豊美
バトルレディネス,諸岡慶
バトンインディ,市川義美ホールディングス
バトンロード,ヒダカ・ブリーダーズ・ユニオン
バトーデュシエル,山口功一郎
バトードラムール,村上憲政
バトーブラン,サラブレッドクラブ・ラフィアン
バトーボヌール,吉澤ホールディングス
バドリナート,サンデーレーシング
バナナシェイク,田頭勇貴
バナナボート,田頭勇貴
バナナボール,サンコウ牧場
バナナムーン,田頭勇貴
バナマンテソーロ,了徳寺健二ホールディングス
バニシングポイント,長谷川祐司
バニッツア,永田和彦
バニュルス,金子真人ホールディングス
バニーテール,金子真人ホールディングス
バニーホップ,社台レースホース
バニーラビット,藤田晋
バノフィー,藤沼利夫
バハルダール,Ｇ１レーシング
ババイェツ,山口裕介
ババルダージュ,飯田正剛
バビット,宮田直也
バビロン,村野康司
バフェ,ＧＥＴＮＥＸＴ
バブアルシャムス,黒岩剛史
バブリン,井上久光
バブリースノー,社台レースホース
バブリーダンス,Ｇ１レーシング
バブルアップハート,京都ホースレーシング
バブルガムダンサー,ＭＢＲ
バブルギャラクシー,田頭勇貴
バベルノトウ,嶋田賢
バミューダブーケ,社台レースホース
バミューダボーイ,古町純代
バム,ミルファーム
バモサバイラ,Ｇ１レーシング
バヤシーフェイス,ＳＴレーシング
バヤールロック,キャロットファーム
バライロノキセキ,岡浩二
バラキエル,シルクレーシング
バラジ,岡田牧雄
バラスルビー,吉田勝己
バラダガール,シルクレーシング
バラダレイナ,シルクレーシング
バラックパリンカ,社台レースホース
バラン,前田葉子
バランスダンサー,草間庸文
バランスロック,ノースヒルズ
バランソワール,キャロットファーム
バラージファイア,社台レースホース
バラーディスト,シルクレーシング
バラードインミラノ,稲場澄
バリアシオン,幅田昌伸
バリアンス,藤田岳彦
バリアントバイオ,バイオ
バリエンテ,畑佐博
バリエンテドンナ,佐藤理
バリエンテレオン,服部統祥
バリオス,前田幸治
バリオラージュ,社台レースホース
バリオーレ,社台レースホース
バリコノユメ,大田恭充
バリス,杉澤光雄
バリトンヴォイス,ゴドルフィン
バリューテーラー,中西浩一
バリングラ,キャロットファーム
バリンジャー,金子真人ホールディングス
バル,永田和彦
バルカンジャッジ,下河辺美智子
バルコラベーロ,サンデーレーシング
バルサミコ,村島昭男
バルサミックムーン,高橋文男
バルサムノート,吉田勝己
バルジール,Ｇ１レーシング
バルスフィーダ,ディアレスト
バルセシート,キャロットファーム
バルセロナ,ヒダカ・ブリーダーズ・ユニオン
バルタザール,ＬＥＶＥＬーＫ
バルダンツァ,ライオンレースホース
バルティカ,吉田勝己
バルディッシュ,ディアレストクラブ
バルデラマ,江馬由将
バルトゥール,ディアレストクラブ
バルトフォンテン,吉橋興生
バルトリ,ゴドルフィン
バルトロメウ,谷掛龍夫
バルドダンサー,コスモヴューファーム
バルドル,辻牧場
バルドルブレイン,エンジェルレーシング
バルナバ,ノースヒルズ
バルネージュ,手嶋康雄
バルバレスコ,シルクレーシング
バルフォアテソーロ,了徳寺健二ホールディングス
バルフルール,キャロットファーム
バルベーラ,カナヤマホールディングス
バルボア,カナヤマホールディングス
バルボアパーク,サンデーレーシング
バルミュゼット,ノルマンディーサラブレッドレーシング
バルミラクル,田中真史
バルミーウェザー,ゴドルフィン
バルミーパール,櫻井盛夫
バルムンク,兼松康太
バルレッタ,シルクレーシング
バルログ,ノースヒルズ
バルンストック,ノルマンディーサラブレッドレーシング
バレアリックシー,村野康司
バレアレス,Ｇ１レーシング
バレエコア,吉田和美
バレエマスター,吉田照哉
バレオリア,ＭＫレーシング
バレストラ,ＸＩＡＯジャパン
バレッティ,社台レースホース
バレットタイム,前田幸治
バレドラパン,シルクレーシング
バレリオ,サンデーレーシング
バレリーナ,石川達絵
バレル,ＣＨＥＶＡＬＡＴＴＡＣＨＥ
バレルゾーン,明栄商事
バレルターン,キャロットファーム
バレルロール,ノルマンディーサラブレッドレーシング
バレンシア,ノースヒルズ
バレンタインガール,廣松金次
バレンタインソング,社台レースホース
バレンタインビスタ,中村伊三美
バレンティーノ,吉田勝利
バレーオブファイア,田畑利彦
バレーノロッソ,社台レースホース
バレーロ,シルクレーシング
バロッカネーラ,キャロットファーム
バロックダンス,吉田照哉
バロックパール,矢野まり子
バロッサヴァレー,シルクレーシング
バロットボックス,ゴドルフィン
バロニアル,小林竜太郎
バロネ,島川隆哉
バロネッサ,キャロットファーム
バロン,藤田晋
バロンキング,田頭勇貴
バロンゾラーレ,キャロットファーム
バロンデッセ,谷水雄三
バロンドール,寺田寿男
バロー,前田幸治
バンオンタイム,ゴドルフィン
バンカーズギャル,永井商事
バンカーバスター,田頭勇貴
バンクェット,畑佐博
バンクオブクラウズ,ノルマンディーサラブレッドレーシング
バンクサイド,大田恭充
バンクショット,吉田勝己
バンクロール,畠山牧場
バンケットスクエア,飯田正剛
バンダムソレール,山科統
バンテージポイント,Ｇリビエール・レーシング
バンデアミール,キャロットファーム
バンディエラ,ＧＥＴＮＥＸＴ
バンディート,大塚亮一
バンデルアース,ラ・メール
バンデルオーラ,社台レースホース
バントック,橋元勇氣
バンドエース,馬場幸夫
バンドシェル,馬場幸夫
バンドネオン,馬場幸夫
バンドブラザー,馬場幸夫
バンドマスター,馬場幸夫
バンドールロゼ,ノルマンディーサラブレッドレーシング
バンパークロップ,ヒダカ・ブリーダーズ・ユニオン
バンビーナミノル,吉岡實
バンビーノデオーロ,サンデーレーシング
バンフィエルド,平川三津
バンブトンコール,樋口正蔵
バンブトンハニー,樋口正蔵
バンブトンハート,樋口正蔵
バンブトンプロ,樋口正蔵
バンブトンローズ,樋口正蔵
バンブラボー,竹下千亜子
バンブリッジ,サンデーレーシング
バンブルビー,小泉修
バンブルビート,前川企画
バンブーグローブ,林正道
バンプファイア,村上憲政
バンベルク,キャロットファーム
バンボーレ,竹中一彰
バンリイックウ,岡浩二
バーガンディ,山内晃
バーガーポテト,増田和啓
バーキン,石川達絵
バークエム,ＹＧＧホースクラブ
バークシャーシチー,友駿ホースクラブ
バークテソーロ,了徳寺健二ホールディングス
バークリー,中村祐子
バーグアンノール,社台レースホース
バーグチャン,戸佐眞弓
バーグマン,中辻明
バーケンティン,サンデーレーシング
バーケンヘッド,Ｇ１レーシング
バーゲニングパワー,ノースヒルズ
バージャンフォース,ライオンレースホース
バージュアルアラブ,福盛訓之
バージョンアップ,高橋宏弥
バースクライ,ゴドルフィン
バースデイフライト,飯田良枝
バースデーギフト,小國和紀
バーストオブカラー,ゴドルフィン
バースフラワー,中辻明
バースライト,キャロットファーム
バーチャミ,諸岡慶
バーチャルアイドル,レッドマジック
バーチャルワンダー,小林弘明
バーデンヴァイラー,キャロットファーム
バートラガッツ,シルクレーシング
バードウォッチャー,金子真人ホールディングス
バードオブハピネス,フェニックスレーシング
バードハズフロウン,ミルファーム
バーナム,松谷翔太
バーナードループ,社台レースホース
バーニングアイズ,岡田牧雄
バーニングサン,長谷川光司
バーニングソウル,服部新平
バーニングパワー,長谷川光司
バーニングヒート,社台レースホース
バーニングフレーム,田頭勇貴
バーニングペスカ,山田信太郎
バーニングメモリー,ビッグレッドファーム
バーニングラン,岡村善行
バーニーフォールズ,ゴドルフィン
バーバラップ,キヨタケ牧場
バービーボーイ,馬場俊光
バーボンハイボール,大野剛嗣
バーマン,多田信尊
バーミリオンクリフ,サンデーレーシング
バーミーズ,サラブレッドクラブ・ラフィアン
バーミーズルビー,キャロットファーム
バーミーブリーズ,吉田照哉
バームクーヘン,ミルファーム
バームブラック,サラブレッドクラブ・ラフィアン
バーリンギャップ,サンデーレーシング
バールデュヴァン,グリーンファーム
バールドバイ,ゴドルフィン
バールベック,サラブレッドクラブ・ラフィアン
バーンキャット,ゴドルフィン
バーンスター,ノースヒルズ
バーンズベリー,Ｈ．Ｈ．シェイク・ハムダン
バーンパッション,岡田牧雄
バーンフライ,ノースヒルズ
バーンユアブリッジ,コウトミックレーシング
バーヴァンシー,ノースヒルズ
パイアイヤー,ウエスト．フォレスト．ステイブル
パイオニアエース,杉山忠国
パイオニアスクエア,社台レースホース
パイオニアバイオ,バイオ
パイオニアバローズ,猪熊広次
パイオニアプライド,飯田正剛
パイカジ,ニッシンレーシング
パイザナンバー,藤田岳彦
パイシャオピン,ウエスト．フォレスト．ステイブル
パイソン,橋元勇氣
パイツィーレン,ウエスト．フォレスト．ステイブル
パイナ,佐久間拓士
パイナップルソーダ,田頭勇貴
パイナポー,加藤誠
パイネ,金子真人ホールディングス
パイプライナー,ＣＨＥＶＡＬＡＴＴＡＣＨＥ
パイプライン,青山洋一
パイラタナー,ウエスト．フォレスト．ステイブル
パイリヴレ,ウエスト．フォレスト．ステイブル
パイルドライバー,横田恵子
パイルーチェ,西森功
パイレートシップ,玉井宏和
パイロアクティヴ,ゴドルフィン
パイロキネシスト,平井裕
パイロジェン,ゴドルフィン
パイロズブリッジ,サイプレスホールディングス
パイロテクニクス,シルクレーシング
パイロマンサー,ゴドルフィン
パイントレイン,チャンピオンズファーム
パインヒル,松岡隆雄
パウオレ,ノルマンディーサラブレッドレーシング
パウダリースノー,ゴドルフィン
パウラメロディーア,ウエスト．フォレスト．ステイブル
パウワウビート,フクキタル
パウンシングプーマ,今中俊平
パウンドフォーワン,ラ・メール
パカラパカラ,本田知聖
パカーラン,金子真人ホールディングス
パガットケーブ,サンデーレーシング
パガニーニ,金子真人ホールディングス
パガファンタス,前川企画
パキュートハート,中野義一
パキラ,佐竹徹
パクシー,シルクレーシング
パクスアメリカーナ,山紫水明
パクスオトマニカ,窪田芳郎
パクスジャポニカ,田頭勇貴
パクスロマーナ,酒井孝敏
パクパクデスワ,大田恭充
パゴスピグイノス,ＳＴレーシング
パゴダ,ミルファーム
パサデナドリーム,浅沼廣幸
パサデナノアサ,浅沼廣幸
パサラン,薪浦州平
パサージュ,吉澤ホールディングス
パシアンジェンヌ,吉田智
パシアンジャン,吉田智
パシオネ,前原敏行
パシオンブロンド,前原敏行
パシスタ,山上和良
パシフィスタ,キャロットファーム
パシフィックスター,ＩＨＲ
パシフィックハイ,谷掛龍夫
パシフィックハイツ,吉田勝己
パシフィックルート,ターフ・スポート
パシュミナ,ノースヒルズ
パシージョ,前田幸治
パシーヴ,ノースヒルズ
パスオーバー,宮田直也
パスカリ,Ｇ１レーシング
パスカル,島川隆哉
パスクロスアゲン,岡田牧雄
パスクワ,村野康司
パスコード,シルクレーシング
パステルキュート,ターフ・スポート
パステルツェ,キャロットファーム
パステルパレット,ノルマンディーサラブレッドレーシング
パステルブーケ,ターフ・スポート
パステルリズム,松岡隆雄
パステルリリー,草間庸文
パステルローズ,中辻明
パストゥザスターズ,ディアレストクラブ
パストザクラウン,福盛訓之
パストラル,岡田壮史
パストラーレ,井山登
パスポート,清水敏
パスポートチェック,ゴドルフィン
パスリヤージュ,吉田照哉
パズル,石川達絵
パセオ,ゴドルフィン
パソドブレ,ビッグレッドファーム
パソロブレス,グリーンファーム
パタゴニア,シルクレーシング
パダノベネタ,ビッグレッドファーム
パチクリベスクリ,河本尚吾
パッカパッカブー,大和屋暁
パッサージュワイズ,ＷｉｓｅＷｉｎｄ
パッションクイン,ヒダカ・ブリーダーズ・ユニオン
パッションチカ,冨沢敦子
パッションディーバ,松谷竜二郎
パッションビラーゴ,松谷竜二郎
パッションフラワー,深見富朗
パッションマーレ,松谷竜二郎
パッションメーカー,社台レースホース
パッションリッチ,宇田豊
パッシングシャワー,ゴドルフィン
パッシングスルー,キャロットファーム
パッシングブリーズ,三田昌宏
パッセアジル,ＭＫレーシング
パッセージピーク,キャロットファーム
パッドゥラパン,日進牧場
パッヘルベルカノン,ウエスト．フォレスト．ステイブル
パッポーネ,金子真人ホールディングス
パティシエール,ゴドルフィン
パテントプール,サンデーレーシング
パディオアヘッド,門野重雄
パディントンブーツ,吉見典子
パトジュニア,片桐拓也
パトリ,ビッグレッドファーム
パトリオットラン,岡村善行
パトリオティズム,飯田総一郎
パトリシア,島川隆哉
パトリック,カナヤマホールディングス
パトリックハンサム,宮崎俊也
パトロン,小田切有一
パトローナス,吉田勝己
パトローナム,ミルファーム
パドゥバスク,小林弘明
パドゥヴァルス,キャロットファーム
パドカトル,今村明浩
パドクロア,辻高史
パドゼフィール,Ｇ１レーシング
パドマ,ローレルレーシング
パドマーヴァティ,伊達敏明
パドメ,福盛訓之
パドロック,京都ホースレーシング
パナシュ,ミルファーム
パナテナイア,キャロットファーム
パナプリ,畑佐博
パナマテソーロ,了徳寺健二ホールディングス
パナランギン,大瀧啓之
パニックボタン,ゴドルフィン
パネットーネ,吉田照哉
パネンカポコ,ザ・チャンピオンズ
パネース,天堀忠博
パノティア,野田努
パノラマステージ,吉田勝己
パパリーヌキャスト,山科統
パピナ,リトルブルーファーム
パピプペピンク,大和屋暁
パピヨンヴェール,フォレストレーシング
パピードッグ,ＨｉｍＲｏｃｋＲａｃｉｎｇホールディングス
パフ,ノースヒルズ
パフィリア,ノルマンディーサラブレッドレーシング
パフェムリ,日高大洋牧場
パフォーマプロミス,サンデーレーシング
パフォーム,ビッグレッドファーム
パフオブウインド,西森功
パフドラム,吉田勝己
パフュームセント,名古屋友豊
パフュームリボン,高昭牧場
パブリックスフィア,社台レースホース
パブリックドメイン,吉田照哉
パブリックビーナス,インゼルレーシング
パブリックフレンド,西城公雄
パブロフテソーロ,了徳寺健二ホールディングス
パベーダ,高岡浩行
パミーラ,門野重雄
パライバトルマリン,吉田和美
パラサイコロジー,吉田勝己
パラシュラーマ,ノースヒルズ
パラジウムリボン,コスモヴューファーム
パラス,武田茂男
パラスアテナ,広尾レース
パラソル,石川達絵
パラダイスアレイ,橋元勇氣
パラダイスガーデン,岡田牧雄
パラダイスキャット,石瀬浩三
パラダイスギンガ,大田恭充
パラダイスシティ,サラブレッドクラブ・ラフィアン
パラダイスフェイス,ＳＴレーシング
パラダイスリズム,堀口晴男
パラダイスリーフ,シルクレーシング
パラダイスレーン,ゴドルフィン
パラチェーン,田頭勇貴
パラッツォレジーナ,シルクレーシング
パラティーノヒル,Ｍｒ．ホース
パラディ,中村祐子
パラディオン,広尾レース
パラディズム,カナヤマホールディングス
パラディネーヴェ,亀岡和彦
パラディレーヌ,岡田牧雄
パラノイド,池谷誠一
パラノーマル,サラブレッドクラブ・ラフィアン
パラパラ,門野重雄
パラフローラ,水上千歳
パラベイド,ディアレストクラブ
パラマウント,カナヤマホールディングス
パラモランド,石瀬浩三
パララヴィクトリア,ヒダカ・ブリーダーズ・ユニオン
パラレルキャリア,社台レースホース
パラレルヴィジョン,キャロットファーム
パラーティウム,フジワラ・ファーム
パリカラノテガミ,嶋田賢
パリコレジェンヌ,吉田智
パリスデージー,松谷翔太
パリスハート,日下幸徳
パリッシュブルー,大野富生
パリッドキャリア,広尾レース
パリテソーロ,了徳寺健二ホールディングス
パリプラージュ,サンデーレーシング
パリヘンジ,Ｇ１レーシング
パリモード,栗山道郎
パリンジェネシス,キャロットファーム
パリーアーク,フジワラ・ファーム
パルガン,ビッグレッドファーム
パルクデラモール,Ｇ１レーシング
パルクリチュード,キャロットファーム
パルクールラン,キヨタケ牧場
パルジファル,ノルマンディーサラブレッドレーシング
パルストリス,ゴドルフィン
パルスレート,坂本守孝
パルセイティング,岡田牧雄
パルセノスミハ,八巻弘一
パルタージュ,キャロットファーム
パルティアーモ,サンデーレーシング
パルティキュリエ,サンデーレーシング
パルティクラール,下河辺牧場
パルティトゥーラ,キャロットファーム
パルティーダ,中村祐子
パルディエス,吉田照哉
パルデンス,山本三津子
パルトネルラーフ,ディアレストクラブ
パルピタシオン,矢野雅子
パルピターレ,吉田勝己
パルファム,サラブレッドクラブ・ラフィアン
パルファンソオン,小島章義
パルファンドリス,Ｇ１レーシング
パルフェ,広尾レース
パルフェアンジュ,イクタ
パルフェクォーツ,キャロットファーム
パルフェグラッセ,ビッグレッドファーム
パルフュメ,大冨智弘
パルプフィクション,竹中一彰
パルボナール,杉山忠国
パルマノーヴァ,畑佐博
パルマリア,吉田和美
パルミエ,ＤＭＭドリームクラブ
パルメ,キャロットファーム
パルメリータ,キャロットファーム
パルヴェニュー,月舘範行
パレスガード,水上行雄
パレスドフィーヌ,吉田和美
パレスノハレブタイ,西村豊
パレスハングリー,西村豊
パレスパートナー,西村豊
パレスラン,青芝商事
パレット,水上行雄
パレットキャット,ウエスト．フォレスト．ステイブル
パレットフレイバー,ＩＲレーシング
パレデザール,サンデーレーシング
パレドジュスティス,社台レースホース
パレドネス,サンデーレーシング
パレニア,今村明浩
パレハ,中村忠彦
パレフォーコン,Ｈ．ＦＡｓｓｏｃｉａｔｉｏｎ
パレホ,庄野宏志
パロクサイダー,吉田勝利
パロサント,Ｇ１レーシング
パロットビーク,社台レースホース
パロネラ,シルクレーシング
パロマル,吉田和美
パワトゥザピープル,沖田方子
パワフルスパート,日向均
パワフルダンサー,前迫義幸
パワフルヒロコ,三宅勝俊
パワフルボンド,Ｇ１レーシング
パワポケウォーズ,柳原達也
パワポケグッド,柳原達也
パワポケゴー,柳原達也
パワポケチャラット,柳原達也
パワポケビー,柳原達也
パワポケプリメーロ,柳原達也
パワポケプレミア,柳原達也
パワポケーションズ,柳原達也
パワーアイガー,まの
パワーアッシュ,まの
パワーインユニティ,飯田正剛
パワーエンブレム,京都ホースレーシング
パワーオブドリーム,山本英俊
パワーオーソリティ,ゴドルフィン
パワーゲーム,大塚亮一
パワーストーン,岡浩二
パワースナッチ,シルクレーシング
パワーズオブテン,駒秀
パワータイショウ,西村新一郎
パワーブローキング,ゴドルフィン
パワープラント,山上和良
パワーホール,ＮＩＣＫＳ
パワーボム,横田恵子
パワーマックィーン,まの
パワーリンク,飯田正剛
パワーロワ,まの
パンキー,水谷昌晃
パンケーキ,田頭勇貴
パンゲア,ニッシンホールディングス
パンコミード,金子真人ホールディングス
パンサラッサ,広尾レース
パンサン,是枝浩平
パンサーズ,宇治田原優駿ステーブル
パンサーバローズ,猪熊広次
パンザーアタック,アフロｉｎＥｌＰａｓｏ
パンジャ,ＤｅｅｐＣｒｅｅｋ
パンジャケリー,ＤｅｅｐＣｒｅｅｋ
パンジャタワー,ＤｅｅｐＣｒｅｅｋ
パンジャボサツ,ＤｅｅｐＣｒｅｅｋ
パンジー,ミルファーム
パンタソス,吉野英子
パンタナル,ラ・メール
パンタロンノワール,吉田照哉
パンダノポケット,石瀬浩三
パンダリオン,宮崎俊也
パンチャマハブータ,ウエスト．フォレスト．ステイブル
パンテレリア,ノルマンディーサラブレッドレーシング
パンテーラネーラ,キャロットファーム
パンデアスカル,キャロットファーム
パンディーロ,吉田勝己
パントルナイーフ,キャロットファーム
パンドジェーヌ,ＤＭＭドリームクラブ
パンドラ,Ｊ．ウー
パンドラフォンテン,吉橋興生
パンドレア,シルクレーシング
パンドーロ,下河辺牧場
パンナコッタ,田頭勇貴
パンパシフィック,ゴドルフィン
パンパネイラ,フォレストレーシング
パンファギア,シンザンクラブ
パンプイットアップ,ヒダカ・ブリーダーズ・ユニオン
パンプキンパッチ,サラブレッドクラブ・ラフィアン
パヴァーヌ,栗坂崇
パヴィーア,橋元勇氣
パヴェリング,キャロットファーム
パー,サンデーヒルズ
パーカッション,キャロットファーム
パークス,畑末廣郎
パークヒルシューズ,呉本昌時
パーサヴィアランス,馬場幸夫
パーシアン,佐々木雄二
パーシステンス,柴原榮
パーシスト,杵臼牧場
パーシャングレー,キャロットファーム
パーシヴァル,ヒダカ・ブリーダーズ・ユニオン
パーシーテソーロ,了徳寺健二ホールディングス
パースウェイド,社台レースホース
パースピレーション,吉田照哉
パーセプション,本田恒雄
パーセプトロン,杉浦和也
パーセルペーパー,ブルースターズファーム
パーセンタイル,黒岩剛史
パーソナルアフェア,吉田千津
パーソナルハイ,Ｇ１レーシング
パーソナルビリーフ,吉田照哉
パーソナルリバティ,Ｇ１レーシング
パーソナルレコード,水谷昌晃
パータリプトラ,幅田京子
パーチル,飯田正剛
パーティナシティ,ゴドルフィン
パーティネント,ゴドルフィン
パーティハーン,金子真人ホールディングス
パーティーアニマル,田頭勇貴
パーティーガール,田頭勇貴
パーティーキング,田頭勇貴
パーティーチケット,原禮子
パーティーベル,原禮子
パーティーモード,竹下浩一
パーディシャー,社台レースホース
パートオブワールド,檜森高史
パーフェクト,石川達絵
パーフェクトウェイ,堂守貴志
パーフェクトゲーム,中村伊三美
パーフェクトスノー,広尾レース
パーフェクトパティ,フクキタル
パーフェクトパール,Ｈ．Ｈ．シェイク・ファハド
パーフェクトボディ,山下良子
パーフェクトラヴ,広尾レース
パーフェクトルール,シルクレーシング
パーフェクトレース,松岡隆雄
パーフェクトワン,由井健太郎
パープライト,サンデーレーシング
パープルアドミラル,岡田牧雄
パープルウインド,青芝商事
パープルカムカム,中野銀十
パープルガーネット,Ｇ１レーシング
パープルクラウド,堂守貴志
パープルグローリー,下河辺隆行
パープルシャイン,藤本栄史
パープルソニック,中野銀十
パープルタウン,田頭勇貴
パープルダイヤ,木村牧場
パープルツバメ,中野銀十
パープルティアラ,吉田ひとみ
パープルテイオー,中野銀十
パープルトレジャー,佐藤壽男
パープルナイト,木村牧場
パープルヌーン,ノースヒルズ
パープルパライソ,中野銀十
パープルヒストリー,中野銀十
パープルヒビキ,中野銀十
パープルブリーズ,木村牧場
パープルブルーメン,中野銀十
パープルヘイズ,犬飼優
パープルラメーラ,木村牧場
パープルレイン,山本長恭
パープルレディー,井山登
パーペチュアル,ノースヒルズ
パーペチュイティ,ゴドルフィン
パームジュメイラ,サンライズ
パームブランチ,飯田正剛
パーラーギター,吉田和美
パーリオミノル,吉岡實
パーリーブラック,吉田勝己
パーリーラスター,社台レースホース
パールアゲイン,中野義一
パールシェル,Ｇ１レーシング
パールズベスト,谷掛龍夫
パールテソーロ,了徳寺健二ホールディングス
パールデュー,吉田和美
パールフロント,市川義美ホールディングス
パールペンダント,岡浩二
パールホワイトイブ,堀口晴男
パールロード,Ｈ．Ｈ．シェイク・ファハド
パールヴァイン,社台レースホース
パーヴォ,ビッグレッドファーム
ヒアカムズザサン,前田晋二
ヒアーズトゥライフ,吉田照哉
ヒアーズルッキング,広富牧場
ヒイアカ,ヒダカ・ブリーダーズ・ユニオン
ヒイズル,吉田哲
ヒイナヅキ,ヒダカ・ブリーダーズ・ユニオン
ヒイラギ,日東牧場
ヒイロメープル,江馬由将
ヒエラポリス,森田藤治
ヒエンジョー,河内孝夫
ヒオウギ,サラブレッドクラブ・ラフィアン
ヒカ,ＭＭＳホールディングス
ヒカリスペクトル,田頭勇貴
ヒカリトップメモリ,ヒカリクラブ
ヒカリネツガル,村田能光
ヒカリノミチ,安部純史
ヒカリブランデー,ヒカリクラブ
ヒカルエリザベス,安蒜一修
ヒカルゲンジ,中辻明
ヒカルノキミ,内田玄祥
ヒカルフラッシュ,安蒜一修
ヒカルプリンセス,サンコウ牧場
ヒカルマドンナ,安蒜一修
ヒカルムーン,安蒜一修
ヒガシヴァルキリー,ヤナガワ牧場
ヒキガネ,村上憲政
ヒキュウ,佐久間拓士
ヒケヤイワフネ,福田光博
ヒコウ,協和牧場
ヒコボシ,辻川弘
ヒサエノオモカゲ,渡邊英俊
ヒサメ,ゴドルフィン
ヒザクリゲ,手嶋康雄
ヒシアイラ,ＨｉｓｈｉＰａｒｔｎｅｒｓ
ヒシアマレット,阿部雅英
ヒシアマン,ＨｉｓｈｉＰａｒｔｎｅｒｓ
ヒシアムルーズ,阿部雅英
ヒシアラカン,阿部雅英
ヒシアン,阿部雅英
ヒシイグアス,阿部雅英
ヒシエトワール,阿部雅英
ヒシエレガンス,阿部雅英
ヒシカムイ,阿部雅英
ヒシカリナン,阿部雅英
ヒシグランディヴァ,阿部雅英
ヒシゲッコウ,阿部雅英
ヒシシュシュ,阿部雅英
ヒシタイカン,阿部雅英
ヒシタイザン,阿部雅英
ヒシナスキロ,ＨｉｓｈｉＰａｒｔｎｅｒｓ
ヒシハイドラ,阿部雅英
ヒシハルク,阿部雅英
ヒシマデイラ,阿部雅英
ヒシマーシャル,阿部雅英
ヒシルリアン,阿部雅英
ヒシヴィクトリー,阿部雅英
ヒス,藤田晋
ヒスイ,清水敏
ヒスイクロシェット,吉井理人
ヒストリア,山口功一郎
ヒストリアイ,吉田和美
ヒストリアノワール,シルクレーシング
ヒストリコ,山口敦広
ヒストリック,田畑利彦
ヒストリックノヴァ,星加浩一
ヒストリーメイカー,岩崎僖澄
ヒズハイネス,フクキタル
ヒズマスターピース,木村牧場
ヒソカ,サイタグローバル
ヒタムキ,吉田
ヒダカエクスプレス,岡田牧雄
ヒダカサンミャク,瀬口信正
ヒダサワヤカ,日下部猛
ヒダザクラ,日下部猛
ヒダロマン,日下部猛
ヒダワールド,日下部猛
ヒッグスボソン,ゴドルフィン
ヒッチコック,薪浦英稔
ヒットアロット,ビッグレッドファーム
ヒットアンドロール,薗部博之
ヒットガール,トライスターレーシング
ヒットザグラウンド,坂東牧場
ヒットザシーン,サラブレッドクラブ・ラフィアン
ヒットザノート,下河辺牧場
ヒットザフロント,社台レースホース
ヒットチャート,中塚孝明
ヒットパレード,小田切統二
ヒットミー,嶋田一成
ヒップホップスワン,吉田和子
ヒップホップソウル,社台レースホース
ヒッポカンポス,山口敦広
ヒヅルジョウ,河内孝夫
ヒデガミティアラ,上田秀二
ヒデシンイメル,ケーエスＨＤ
ヒデノインペリアル,大石秀夫
ヒデノサードニクス,大石秀夫
ヒデノブルースカイ,大石秀夫
ヒデノペリドット,大石秀夫
ヒデノレインボー,大石秀夫
ヒデノヴィーナス,大石秀夫
ヒデノヴェローチェ,大石秀夫
ヒトツデモカチタイ,熊澤浩樹
ヒトノワドリーム,永見貴昭
ヒトヨギリ,森田和豊
ヒトヨノユメ,岡浩二
ヒトリゴツ,檜森高史
ヒドゥンキング,高橋貴士
ヒドゥンジェム,山上和良
ヒドゥンパラメータ,薗部博之
ヒドゥンヒルズ,Ｇ１レーシング
ヒドゥンヴェール,吉田勝己
ヒナアラレ,伊藤弘泰
ヒナゲシ,中村勝彦
ヒナサクラ,岡田和惠
ヒナタ,ＨｏｒｓｅＮｅｔ
ヒナノコバン,日向英二
ヒナノマーチス,日向英二
ヒナノムサシ,日向英二
ヒナヒナ,小林由明
ヒナボンボン,小野寺悠太
ヒノカミ,杉浦和也
ヒノキブタイ,江川伸夫
ヒノクニ,由井健太郎
ヒノシタカイザン,山紫水明
ヒノタマボーイ,本田恒雄
ヒノデテイオー,松岡隆雄
ヒノデミッチー,茂木国久
ヒバナ,山岸桂市
ヒバリ,協栄
ヒバリノコ,協栄
ヒヒーン,大和屋暁
ヒビキ,石川達絵
ヒフミバンダム,山科統
ヒボン,木部厳生
ヒポカンポ,ＯＵＭＡ
ヒマラヤクリス,辻大作
ヒマラヤジョバーナ,辻大作
ヒマラヤベロス,辻大作
ヒマラヤミュサ,辻大作
ヒマリチャン,北側雅勝
ヒマワリ,ノルマンディーサラブレッドレーシング
ヒマワリオジョウ,石井義孝
ヒマワリクン,コスモヴューファーム
ヒマワリノコ,前田亘輝
ヒマワリムスメ,前田亘輝
ヒミノイチシロ,佐々木八郎
ヒミノエトワール,佐々木八郎
ヒミノフラッシュ,佐々木八郎
ヒミノブルー,佐々木八郎
ヒミングレーヴァ,フロンティア
ヒムカノロッキー,杉浦和也
ヒメイチバン,渡辺牧場
ヒメカミノイタダキ,國分純
ヒメカミノカゼ,國分純
ヒメカミノテング,國分純
ヒメカミノメガミ,國分純
ヒメゴゼン,サラブレッドクラブ・ラフィアン
ヒメサマ,廣崎双葉
ヒメタチバナ,岡田勇
ヒメナデシコ,林正道
ヒメノカリス,サンデーレーシング
ヒメノジャッカル,橋場勇二
ヒメヒオウギ,山口裕介
ヒメモモアスク,廣崎利洋ＨＤ
ヒメワカバ,岡田勇
ヒャクギマル,林弘之
ヒャクシキ,ビッグレッドファーム
ヒャクダン,幅田京子
ヒャクマンボルト,小菅誠
ヒャクモノガタリ,由井健太郎
ヒャクレツケン,山口敦広
ヒャッカリョウラン,キーファーズ
ヒヤ,山口正行
ヒヤク,江川伸夫
ヒュッゲ,金子真人ホールディングス
ヒュプノス,ウエスト．フォレスト．ステイブル
ヒュミドール,サンライズ
ヒューゴ,林正道
ヒューザー,ノルマンディーサラブレッドレーシング
ヒューズライン,ビッグレッドファーム
ヒューマニズム,Ｈ．Ｈ．シェイク・ハムダン
ヒューマンコメディ,野村茂雄
ヒューマンライツ,ＣＨＥＶＡＬＡＴＴＡＣＨＥ
ヒューミリティ,社台レースホース
ヒュームテソーロ,了徳寺健二ホールディングス
ヒューリット,グランデオーナーズ
ヒョットシテ,グランデオーナーズ
ヒラシゲカツ,北前孔一郎
ヒラソール,阿部榮乃進
ヒラトミッチー,茂木国久
ヒラヒラ,石川貴久
ヒラボクアリー,平田牧場
ヒラボクアルセウス,平田牧場
ヒラボクカレラ,平田牧場
ヒラボククイーン,平田牧場
ヒラボクグレイス,平田牧場
ヒラボクケリー,平田牧場
ヒラボクジュエル,平田牧場
ヒラボクソニック,平田牧場
ヒラボクソライア,平田牧場
ヒラボクテイオー,平田牧場
ヒラボクハーツ,平田牧場
ヒラボクヒーロー,平田牧場
ヒラボクビューン,平田牧場
ヒラボクフラッシュ,平田牧場
ヒラボクフラワー,平田牧場
ヒラボクプレミアム,平田牧場
ヒラボクミニー,平田牧場
ヒラボクムーン,平田牧場
ヒラボクメルロー,平田牧場
ヒラボクラターシュ,平田牧場
ヒラボクレガシー,平田牧場
ヒラボクロマネ,平田牧場
ヒラボクワン,平田牧場
ヒラリ,藤田晋
ヒラリークイン,高橋文男
ヒラリーステップ,ビッグレッドファーム
ヒリュウ,迫田三果子
ヒリュウコウスイ,西本資史
ヒリーズサン,山下良子
ヒルズカーン,湯澤寛
ヒルダ,吉田和美
ヒルデグリム,ビッグレッドファーム
ヒルデブランド,奥裕嗣
ヒルド,杉澤光雄
ヒルノアトラーニ,ヒルノ
ヒルノアニモ,ヒルノ
ヒルノアマランテ,ヒルノ
ヒルノアラゴン,ヒルノ
ヒルノアルゲーロ,ヒルノ
ヒルノアローザ,ヒルノ
ヒルノアントラ,ヒルノ
ヒルノエドワード,ヒルノ
ヒルノエルニド,ヒルノ
ヒルノカーディフ,ヒルノ
ヒルノガリシア,ヒルノ
ヒルノグエル,ヒルノ
ヒルノグバーナ,ヒルノ
ヒルノグラスゴー,ヒルノ
ヒルノコルシカ,ヒルノ
ヒルノサルバドール,ヒルノ
ヒルノショパン,ヒルノ
ヒルノジェノヴァ,ヒルノ
ヒルノセビリア,ヒルノ
ヒルノソレント,ヒルノ
ヒルノダカール,ヒルノ
ヒルノデイバロー,ヒルノ
ヒルノデプラーツ,ヒルノ
ヒルノデンハーグ,ヒルノ
ヒルノドゴール,ヒルノ
ヒルノハンブルク,ヒルノ
ヒルノバーゼル,ヒルノ
ヒルノパルマ,ヒルノ
ヒルノピエモンテ,ヒルノ
ヒルノピレネー,ヒルノ
ヒルノブリスベン,ヒルノ
ヒルノブルージュ,ヒルノ
ヒルノプーリア,ヒルノ
ヒルノベルゲン,ヒルノ
ヒルノベルモンタ,ヒルノ
ヒルノボローニャ,ヒルノ
ヒルノマゼラン,ヒルノ
ヒルノマリブ,ヒルノ
ヒルノレーダン,ヒルノ
ヒルノロワール,ヒルノ
ヒルノローザンヌ,ヒルノ
ヒルノヴィクトリア,ヒルノ
ヒルビリーエレジー,坂東牧場
ヒルンドルスティカ,ウエスト．フォレスト．ステイブル
ヒロアプリオリ,石川博
ヒロイックアゲン,浅川皓司
ヒロイックテイル,吉田照哉
ヒロイックバイオ,バイオ
ヒロイックロイ,藤野裕之
ヒロイックヴァース,ノルマンディーサラブレッドレーシング
ヒロイン,寺田寿男
ヒロインカラーズ,鈴木芳夫
ヒロインコール,田頭勇貴
ヒロインズクレスト,吉田照哉
ヒロウッドテール,ウッドテール
ヒロキング,澤田孝之
ヒロコプリンセス,国田正忠
ヒロシクン,瀬谷隆雄
ヒロシゲアトム,ウエストヒルズ
ヒロシゲウェーブ,阿尾浩和
ヒロシゲキング,ウエストヒルズ
ヒロシゲクリスタル,阿尾浩和
ヒロシゲグローリー,阿尾浩和
ヒロシゲゴールド,ウエストヒルズ
ヒロシゲサウザント,阿尾浩和
ヒロシゲサファイア,阿尾浩和
ヒロシゲサンライズ,阿尾浩和
ヒロシゲジャック,吉岡隆
ヒロシゲセブン,吉岡隆
ヒロシゲダイヤ,ウエストヒルズ
ヒロシゲダンディ,コスモ・コスモ
ヒロシゲダンボー,吉岡隆
ヒロシゲハート,ウエストヒルズ
ヒロシゲパール,ウエストヒルズ
ヒロシゲペッパー,吉岡隆
ヒロシゲヨッシー,吉岡隆
ヒロシゲローズ,ウエストヒルズ
ヒロスズラン,小濱正智
ヒロニャン,川勝裕之
ヒロノアステロイド,サンエイ開発
ヒロノアンビシャス,サンエイ開発
ヒロノエクスカリバ,小野博郷
ヒロノオウカン,小野博郷
ヒロノオオゾラ,高原将浩
ヒロノオリオン,サンエイ開発
ヒロノキングダム,小野博郷
ヒロノクイーン,サンエイ開発
ヒロノゴウカイ,小野博郷
ヒロノサクセス,石川博
ヒロノサミット,小野博郷
ヒロノシュン,高原将浩
ヒロノスカイ,高原将浩
ヒロノセンキン,サンエイ開発
ヒロノタイリク,高原将浩
ヒロノトウリョウ,小野博郷
ヒロノビックバン,小野博郷
ヒロノフウジン,高原将浩
ヒロノブシドウ,小野博郷
ヒロノホマレボシ,小野博郷
ヒロノモンスター,小野博郷
ヒロノライジン,高原将浩
ヒロノライデン,小野博郷
ヒロノラメール,高原将浩
ヒロノランド,高原将浩
ヒロノリク,高原将浩
ヒロノワカ,高原将浩
ヒロノワカムシャ,小野博郷
ヒロピアーナ,石川博
ヒロファイタ,石川博
ヒロブライト,石川博
ヒロブラッサム,西野晴夫
ヒロブレイブ,石川博
ヒロヘヴン,天堀忠博
ヒロミ,了徳寺健二ホールディングス
ヒロリリイブ,石川博
ヒワラニ,名古屋友豊
ヒンドゥタイムズ,シルクレーシング
ヒンメル,大塚亮一
ヒーステソーロ,了徳寺健二ホールディングス
ヒーズインラブ,シルクレーシング
ヒーズオールザット,シルクレーシング
ヒーセドシーセド,ゴドルフィン
ヒートオンビート,社台レースホース
ヒートヘイズ,フジワラ・ファーム
ヒートミープリーズ,高橋ファーム
ヒートライトニング,藤田在子
ヒードザコール,ゴドルフィン
ヒーナシャム,フィールドレーシング
ヒープパラドックス,藤田岳彦
ヒーユリユー,永見貴昭
ヒーリングアート,村野康司
ヒーリングピピ,ディアレストクラブ
ヒーリングマインド,ゴドルフィン
ヒールズユアペイン,ミルファーム
ヒーローインチーフ,岡田牧雄
ヒーローオブチグサ,芳賀克也
ヒーローコール,山口裕介
ヒーローシャガーラ,中嶋宏
ヒーローシー,出口牧場
ヒーローネバーダイ,木部厳生
ヒーローレジェンド,松本智
ビアイ,副島義久
ビアフォーナウ,小林由明
ビアメントブラスト,岡田壮史
ビアリッツ,岡浩二
ビアルベーロ,ライオンレースホース
ビアンカ,中辻明
ビアンカネーヴェ,フジワラ・ファーム
ビアンケット,保坂和孝
ビアンフェ,前田幸貴
ビアンヴェニュー,フジワラ・ファーム
ビアーレ,辻牧場
ビエントゾンダ,社台レースホース
ビエーン,小林由明
ビオグラフィア,キャロットファーム
ビオグラフィー,シルクレーシング
ビオトープ,ビッグレッドファーム
ビオラフォーエバー,熊澤浩樹
ビオレイメル,ケーエスＨＤ
ビオロンスコッツ,熊澤浩樹
ビカムキング,キーファーズ
ビガーサンライズ,松岡隆雄
ビキニオンザビーチ,青芝商事
ビキニパレード,吉田千津
ビキニボーイ,小林祥晃
ビギドリ,ＴＳレーシング
ビギニング,手嶋康雄
ビギニングドリーム,石川佳弘
ビギングローリー,窪田康志
ビクスバイト,吉田勝己
ビクターザウィナー,Ｙ．チュウ
ビクトリアスマイル,ＫＲジャパン
ビクトリアドリーム,坂田行夫
ビクトリアバローズ,猪熊広次
ビクトリアワールド,入山和男
ビクトリーキャッチ,コスモヴューファーム
ビクトリーゴールド,田島政光
ビクトリーシューズ,呉本昌時
ビクトリージャック,ライオンレースホース
ビクトリーフォース,グリーンファーム
ビクトリーマジック,田島榮二郎
ビクロイ,山口裕介
ビケイムフリー,ノースヒルズ
ビケット,小林竜太郎
ビコーズウイキャン,池田貴征
ビコーズオブユー,前田晋二
ビサイレント,副島義久
ビサーロ,水上行雄
ビザンチンドリーム,吉田和美
ビザンティン,社台レースホース
ビザンティーノ,ゴドルフィン
ビザージュミニョン,松尾勝裕
ビシェノ,サンデーレーシング
ビシャモンテン,大田恭充
ビジュアライズ,キャロットファーム
ビジュティエ,サラブレッドクラブ・ラフィアン
ビジュノワール,吉田勝己
ビジュミノル,吉岡實
ビジュードネージュ,フォレストレーシング
ビジューブランシュ,広尾レース
ビジューブリランテ,シルクレーシング
ビジューレイ,長島利治
ビジョ,京都ホースレーシング
ビジョガー,宮城寛也
ビジョッテ,古川智洋
ビジン,菅藤孝雄
ビジンクライマー,岡浩二
ビジンハクメイ,岡浩二
ビスカリア,ノルマンディーサラブレッドレーシング
ビスクウィザード,社台レースホース
ビスケット,和田牧場
ビスケットアソート,グリーンファーム
ビスケットサンド,保坂和孝
ビスケットチャン,ケンレーシング組合
ビスケットマリー,三度屋
ビスタストリカ,キャロットファーム
ビスバルト,ＹＧＧホースクラブ
ビスボッチャ,岡浩二
ビズロード,中村忠彦
ビゾンテノブファロ,ニューマレコード
ビゾー,モンレーヴ
ビタミンドロップ,山口裕介
ビターエンダー,ヒダカ・ブリーダーズ・ユニオン
ビターグラッセ,Ｙ’ｓレーシング
ビタースマイル,桜井牧場
ビターゼノビア,ヒダカ・ブリーダーズ・ユニオン
ビターメサイア,ヒダカ・ブリーダーズ・ユニオン
ビターモンスター,山上和良
ビタールート,シルクレーシング
ビダーヤ,ＤＭＭドリームクラブ
ビチュリス,ミルファーム
ビッキーセカンド,ＴＮレーシング
ビッキーチャンス,ＨｉｍＲｏｃｋＲａｃｉｎｇホールディングス
ビッキーファースト,ＴＮレーシング
ビッククインバイオ,バイオ
ビックス,グリーンスウォード
ビックハート,宮内牧場
ビックバレリーナ,大西和子
ビックピクチャー,廣崎利洋ＨＤ
ビックボウルバレル,チャンピオンズファーム
ビックマハロ,ＸＩＡＯジャパン
ビックマム,ジェイアール
ビックリシタナモー,小田切有一
ビックリパラダイス,新井原博
ビックリマーク,薗部博之
ビッグアイランド,前田幸治
ビッグアメリカン,鈴木康弘
ビッグアンサー,丸山大知
ビッグウィリー,水谷昌晃
ビッグカレンルーフ,ビッグルーフレーシング
ビッグキャット,ニッシンホールディングス
ビッグゲイン,ジャコモ
ビッグゴシップ,吉田千津
ビッグショータイム,酒井孝敏
ビッグシーザー,幅田昌伸
ビッグスコール,木村廣太
ビッグスモーキー,社台レースホース
ビッグスリック,山口裕介
ビッグセント,ビッグ
ビッグチャン,テシオ
ビッグデイメイク,Ｍｒ．ホース
ビッグデータ,寺田千代乃
ビッグドリーム,中辻明
ビッグノエルルーフ,ビッグルーフレーシング
ビッグバジェット,吉田千津
ビッグバンドビート,福盛訓之
ビッグパレード,ニッシンホールディングス
ビッグヒップ,フィールドレーシング
ビッグヒーロー,幅田昌伸
ビッグビート,会田浩史
ビッグピエンルーフ,ビッグルーフレーシング
ビッグファイト,西村新一郎
ビッグファクター,吉田千津
ビッグフラワー,丸山担
ビッグブルー,レッドマジック
ビッグブルールーフ,大屋高広
ビッグブロック,山本てるみ
ビッグベルーガ,谷掛龍夫
ビッグベンメロディ,諸江幸祐
ビッグボスマサムネ,塩澤正樹
ビッグボーンリタ,高昭牧場
ビッグポケット,明栄商事
ビッグリボン,石川達絵
ビッグリュウオー,飯田正剛
ビッグリーフルーフ,大屋高広
ビッグロゴスルーフ,ビッグルーフレーシング
ビッグロジールーフ,大屋高広
ビッグローズ,ビッグ
ビッグロードヒマリ,ビッグ
ビッグワンビリーブ,小林章
ビッグヴァレイ,長谷川祐司
ビッケ,谷掛龍夫
ビッザーロ,ラ・メール
ビッシュ,窪田芳郎
ビットアレグロ,礒川正明
ビットクラッシャー,安原浩司
ビットコイン,吉野智博
ビップアクア,鈴木邦英
ビップアトレー,鈴木邦英
ビップアリエル,鈴木邦英
ビップアリス,鈴木邦英
ビップウインク,鈴木邦英
ビップエレナ,鈴木邦英
ビップクララ,鈴木邦英
ビップクロエ,鈴木邦英
ビップコルベット,鈴木邦英
ビップサタン,鈴木邦英
ビップシャルジュ,鈴木邦英
ビップシャルマン,鈴木邦英
ビップシュプリーム,鈴木邦英
ビップシンドウ,鈴木邦英
ビップジェシー,鈴木邦英
ビップジェンマ,鈴木邦英
ビップジャスミン,鈴木邦英
ビップジョワ,鈴木邦英
ビップジーニー,鈴木邦英
ビップスコーピオン,鈴木邦英
ビップセーラ,鈴木邦英
ビップゼロワン,鈴木邦英
ビップソフィア,鈴木邦英
ビップソリオ,鈴木邦英
ビップソルダー,鈴木邦英
ビップチェイス,鈴木邦英
ビップテッペン,鈴木邦英
ビップディラン,鈴木邦英
ビップデイジー,鈴木邦英
ビップデヴィット,鈴木邦英
ビップナディア,鈴木邦英
ビップナージャ,鈴木邦英
ビップピュアエース,鈴木邦英
ビップブレット,鈴木邦英
ビップベリンダ,鈴木邦英
ビップマリク,鈴木邦英
ビップマリン,鈴木邦英
ビップムーラン,鈴木邦英
ビップモアナ,鈴木邦英
ビップモーリー,鈴木邦英
ビップライアン,鈴木邦英
ビップライブリー,鈴木邦英
ビップランバン,鈴木邦英
ビップラージャ,鈴木邦英
ビップリアム,鈴木邦英
ビップリバプール,鈴木邦英
ビップルイス,鈴木邦英
ビップルーク,鈴木邦英
ビップルーチェ,鈴木邦英
ビップレオン,鈴木邦英
ビップレオーネ,鈴木邦英
ビップレグルス,鈴木邦英
ビップレジアス,鈴木邦英
ビップレックス,鈴木邦英
ビップレーヌ,鈴木邦英
ビップヴィーナス,鈴木邦英
ビップヴォルフ,鈴木邦英
ビディー,橋場勇二
ビトエノスター,山崎泰博
ビナアテナ,井之口二三雄
ビナカマウ,井之口二三雄
ビナカントー,井之口二三雄
ビナサクセス,井之口二三雄
ビナハイバン,井之口二三雄
ビナホイアン,井之口二三雄
ビネッサ,コージーレーシング
ビハインドザサン,ゴドルフィン
ビバジョー,山崎太嗣
ビバップ,カナヤマホールディングス
ビバブランコ,千明牧場
ビバヴィットーリオ,平井裕
ビバヴェローナ,島川隆哉
ビバーチェランラン,堀江貞幸
ビバーナム,飯田正剛
ビバームス,飯田正剛
ビビアナローズ,上山牧
ビビットラブ,吉田千津
ビビッドオスカー,程田真司
ビビデバビデブー,菅藤孝雄
ビブショウ,河内孝夫
ビブラマリエ,社台レースホース
ビモクシュウレイ,中内田克二
ビュブリス,社台レースホース
ビュレットベリー,ヒダカ・ブリーダーズ・ユニオン
ビュヴォン,カナヤマホールディングス
ビュークレスト,フジワラ・ファーム
ビューティスマイル,飯田正剛
ビューティドリーム,長谷川光司
ビューティビースト,松谷翔太
ビューティフルデイ,タイヘイ牧場
ビューティフルボム,西森功
ビューティフルラブ,三田昌宏
ビューティフローラ,ヤナガワ牧場
ビューティーウェイ,大塚亮一
ビューティーコスモ,ウエストヒルズ
ビューティーコパ,小林祥晃
ビューティーハニー,高嶋航
ビューティーワン,コスモ・コスモ
ビュートラン,岡村善行
ビョウブガウラ,嶋田賢
ビヨンジオール,林正道
ビヨンドザシーン,ミルファーム
ビヨンドザタイム,レッドマジック
ビヨンドザドリーム,盛学志
ビヨンドザバラード,ノルマンディーサラブレッドレーシング
ビヨンドザファザー,スリーエイチレーシング
ビヨンドザリミット,フィールドレーシング
ビヨンドザヴァレー,社台レースホース
ビリオネアボーイ,矢野悦三
ビリキナータ,シルクレーシング
ビリングス,シルクレーシング
ビリージェイ,平田修
ビリーズバウンス,吉田和美
ビリーバー,ミルファーム
ビリーヴアンドラン,小林章
ビリーヴインミー,ミレレーシング
ビリーヴサンライズ,松岡隆雄
ビルカバンバ,ミルファーム
ビルカール,野村茂雄
ビルジキール,玉井宏和
ビルトインアデイ,森中啓子
ビルドラポール,ビッグレッドファーム
ビルバンテ,中里浩晴
ビルボードクィーン,川崎賢二
ビルボードライブ,安原浩司
ビルマチーク,阿部善武
ビルンバウム,社台レースホース
ビレイ,ノースヒルズ
ビレイグ,高瀬正志
ビレッジイーグル,村山輝雄
ビレッジキング,村山輝雄
ビレッジクライ,村山輝雄
ビレッジシングル,村山輝雄
ビレッジスター,吉田和美
ビレッジソング,岡田牧雄
ビレッジベルベ,村山輝雄
ビレッジライナー,村山輝雄
ビレッジルイーザ,村山輝雄
ビレッジルミエール,村山輝雄
ビロウィダダ,石原進
ビロングゴールド,丸幸小林牧場
ビロングトゥミー,ディアレスト
ビロードシーン,ディアレストクラブ
ビンバラ,ゴドルフィン
ビヴァアカプルコ,吉田千津
ビーアイオラクル,礒川正明
ビーアイジーニー,馬場祥晃
ビーアイフェリペ,馬場祥晃
ビーアイフォルテ,礒川正明
ビーアイブラック,馬場祥晃
ビーアストニッシド,村中徹
ビーアップ,馬場祥晃
ビーアンビシャス,千明牧場
ビーイング,ミルファーム
ビーウィナー,京都ホースレーシング
ビーウォーター,和泉憲一
ビーオンザカバー,社台レースホース
ビーオンザマーチ,吉田晴哉
ビーオールアイズ,吉田照哉
ビーカレイジャス,藤田在子
ビーカーリー,馬場祥晃
ビーガール,飯田正剛
ビーグラッド,インゼルレーシング
ビーコ,由井健太郎
ビーコング,馬場祥晃
ビーコンファイヤー,鈴木康弘
ビーサシノ,本杉芳郎
ビーサプライズド,サラブレッドクラブ・ラフィアン
ビーサルー,馬場祥晃
ビーザラキエスト,ゴドルフィン
ビージーナ,馬場祥晃
ビースタニング,馬場祥晃
ビーストアタック,ＭＯＭＯレーシング
ビーストウォーズ,岡田牧雄
ビースピリット,馬場祥晃
ビースペシフィック,フクキタル
ビーズスティンガー,ウエスト．フォレスト．ステイブル
ビーチイン,中村伊三美
ビーチェ,ノルマンディーサラブレッドレーシング
ビーチェマーレ,キーファーズ
ビーチサンバ,金子真人ホールディングス
ビーチダンサー,高橋文男
ビーチハイボール,内田玄祥
ビーチピーチピール,内田玄祥
ビーチブルース,井上久光
ビーチボール,高昭牧場
ビーチポジティヴ,小林弘明
ビーチリゾート,ミルファーム
ビーティングハート,藤本栄史
ビーテリオス,馬場祥晃
ビーディオネ,馬場祥晃
ビートウマザンマイ,鈴木慈雄
ビートエモーション,長谷川祐司
ビートザウイングス,社台レースホース
ビートザオッズ,吉田晴哉
ビートザレコード,Ｇ１レーシング
ビートポップ,吉田千津
ビートマジック,岡田牧雄
ビートメイカー,キャロットファーム
ビートリニティ,馬場祥晃
ビートル,エムズレーシング
ビートルジュース,阿部東亜子
ビーナオーカン,多田賢司
ビーナスオーキッド,助川啓一
ビーナスライズ,吉岡寛行
ビーナスローズ,ローレルレーシング
ビーハグ,岡田壮史
ビーバリスタ,馬場祥晃
ビービーアジャイル,坂東牧場
ビービーアライヴ,坂東牧場
ビービーアルカイコ,坂東勝彦
ビービーエフォート,坂東牧場
ビービーオネスト,坂東牧場
ビービーガウディ,坂東牧場
ビービーキング,坂東牧場
ビービークラージュ,坂東勝彦
ビービークローサー,坂東牧場
ビービーグエル,坂東牧場
ビービーグラビティ,坂東牧場
ビービーグラーテス,坂東牧場
ビービーゲイル,坂東勝彦
ビービーサレンダー,坂東牧場
ビービーザンダー,坂東牧場
ビービーシナジー,坂東牧場
ビービーシャルト,坂東勝彦
ビービーシールズ,坂東牧場
ビービージェニファ,坂東牧場
ビービージャッカル,坂東牧場
ビービージュエリー,坂東牧場
ビービースパート,坂東牧場
ビービーソウル,坂東牧場
ビービータンバム,坂東牧場
ビービーダルク,坂東牧場
ビービーダン,坂東勝彦
ビービーディーン,坂東勝彦
ビービーデシジョン,坂東牧場
ビービーデフィ,坂東牧場
ビービードルチェ,坂東牧場
ビービーバザーク,坂東牧場
ビービーバンクシー,坂東牧場
ビービーパトリック,坂東牧場
ビービーピケット,坂東牧場
ビービーピーカブー,坂東牧場
ビービーファブル,坂東勝彦
ビービーブレスユー,坂東牧場
ビービープリメーロ,坂東牧場
ビービーモノローグ,坂東牧場
ビービーラドン,坂東牧場
ビービーラノビア,坂東牧場
ビービールース,坂東勝彦
ビービーレガロ,坂東牧場
ビービーレーヌ,坂東牧場
ビービーロワイヤル,坂東牧場
ビーブルー,ＨｉｍＲｏｃｋＲａｃｉｎｇホールディングス
ビーポーレン,ミルファーム
ビーマイオーシャン,シルクレーシング
ビーマイステディ,ヒダカ・ブリーダーズ・ユニオン
ビーマイセルフ,ミルファーム
ビーマイベイビー,ミルファーム
ビーマックス,馬場祥晃
ビーム,石川達絵
ビームフラッシュ,田頭勇貴
ビーユアヒーロー,カナヤマホールディングス
ビーラブドウィッチ,京都ホースレーシング
ビーラヴゼアー,野田善己
ビーンスターク,岡田牧雄
ピアシック,キーファーズ
ピアシングステア,水上行雄
ピアス,石川達絵
ピアストイヤーズ,キヨタケ牧場
ピアチェーレ,キャロットファーム
ピアツァサンマルコ,Ｇ１レーシング
ピアノアコード,亀岡和彦
ピアブルー,豊井義次
ピアリ,シルクレーシング
ピアレイジレディ,社台レースホース
ピアーステソーロ,了徳寺健二ホールディングス
ピウモッソ,キャロットファーム
ピエサエルモソ,グリーンファーム
ピエス,ノースヒルズ
ピエスダルジャン,シルクレーシング
ピエスユニーク,社台レースホース
ピエタフィリアーレ,佐伯太朗
ピエタンツァ,インゼルレーシング
ピエトラサンタ,金子真人ホールディングス
ピエドゥラパン,吉田千津
ピエドラアギーラ,ゴドルフィン
ピエドラデルーナ,シルクレーシング
ピエナアイリス,本谷兼三
ピエナアイル,本谷兼三
ピエナアメリカ,本谷兼三
ピエナアラシ,本谷兼三
ピエナアリエル,本谷兼三
ピエナアルティシア,本谷兼三
ピエナイオス,本谷兼三
ピエナオルカ,本谷兼三
ピエナオルフェ,本谷兼三
ピエナカイト,本谷兼三
ピエナカノン,本谷兼三
ピエナガウディ,本谷兼三
ピエナキャプテン,本谷兼三
ピエナクリスエス,本谷兼三
ピエナクルーズ,本谷兼三
ピエナクレスコ,本谷兼三
ピエナクロフネ,本谷兼三
ピエナケープ,本谷兼三
ピエナゴールド,本谷兼三
ピエナシニスター,本谷兼三
ピエナスマシー,本谷兼三
ピエナセイラ,本谷兼三
ピエナナイスガイ,本谷兼三
ピエナハーブ,本谷兼三
ピエナパイロ,本谷兼三
ピエナパプリカ,本谷兼三
ピエナヒーロー,本谷兼三
ピエナビバサンバ,本谷兼三
ピエナビーチ,本谷兼三
ピエナファリア,本谷兼三
ピエナフェリーチェ,本谷兼三
ピエナフェーヴル,本谷兼三
ピエナブラック,本谷兼三
ピエナブリックス,本谷兼三
ピエナペリー,本谷兼三
ピエナボヘミアン,本谷兼三
ピエナミント,本谷兼三
ピエナモネ,本谷兼三
ピエナラプソディ,本谷兼三
ピエナリオン,本谷兼三
ピエナレモン,本谷兼三
ピエノダモーレ,コスモヴューファーム
ピエフォール,グリーンファーム
ピエマンソン,フォレストレーシング
ピエルナフェルテ,ターフ・スポート
ピエーナテーラー,中西浩一
ピオニエーレ,ＪＰＮ技研
ピオニーシャルム,ウエスト．フォレスト．ステイブル
ピオニーテソーロ,了徳寺健二ホールディングス
ピオニール,下河辺隆行
ピオネロ,キャロットファーム
ピオノノ,金子真人ホールディングス
ピオレドール,グリーンファーム
ピカイチキリシマ,西村新一郎
ピカキウイ,藤田晋
ピカケ,吉田千津
ピカソジャスパー,大野和馬
ピカッティー,ＳＴレーシング
ピカパンドーラ,宮崎俊也
ピカピカ,ミルファーム
ピカピカサンダー,カカムーチョレーシング
ピカピカピロコ,長橋賢吾
ピカブー,ＨｉｍＲｏｃｋＲａｃｉｎｇホールディングス
ピカラ,カナヤマホールディングス
ピカリ,藤田晋
ピカリエ,リトルブルーファーム
ピカレスクスマイル,井手慶祐
ピカレスクノベル,加藤徹
ピカンチワンラブ,ミルファーム
ピキプア,山口正行
ピクシレーション,社台レースホース
ピクシーカット,吉田照哉
ピクシーゲイル,田頭勇貴
ピクシーサンライズ,松岡隆雄
ピクシーズパラソル,鶴見芳子
ピクシーナイト,シルクレーシング
ピクシーメイデン,ゴドルフィン
ピクチャーポーズ,キャロットファーム
ピクトグラム,那須野牧場
ピクトルテソーロ,了徳寺健二ホールディングス
ピクニックマーチ,船越伸也
ピクラリーダ,ディアレストクラブ
ピグマリオン,ミルファーム
ピケアラベスク,Ｇ１レーシング
ピゲ,サイプレスホールディングス
ピコアーガイル,石部高史
ピコイチ,石部高史
ピコオーバル,石部美恵子
ピコキング,ビジュピコ
ピコグリーン,石部高史
ピコサン,石部高史
ピコシー,ジュエリーピコ
ピコジャック,ビジュピコ
ピコチマチ,石部高史
ピコチャンブラック,石部美恵子
ピコテンダー,石部高史
ピコテーパー,石部高史
ピコデモンターニャ,シルクレーシング
ピコニ,ビジュピコ
ピコバレット,ビジュピコ
ピコパープル,石部美恵子
ピコビジュー,石部美恵子
ピコピンク,石部高史
ピコブルー,石部高史
ピコブロッサム,石部高史
ピコプリンセス,石部美恵子
ピコベリー,ビジュピコ
ピコペアシェイプ,ビジュピコ
ピコマーキス,石部美恵子
ピコラ,ジュエリーピコ
ピコラアルテ,京都ホースレーシング
ピコラディアント,石部高史
ピコランド,ジュエリーピコ
ピコリーナ,中辻明
ピコレッド,石部高史
ピコレーヴ,石部高史
ピコローズ,石部高史
ピサ,永山勝敏
ピサチョウサン,チョウサン
ピサノアマゾン,市川義美ホールディングス
ピサノメタルシティ,市川義美ホールディングス
ピシュマニエ,嶋田賢
ピジョンブラッド,ノースヒルズ
ピジョンポイント,ノルマンディーサラブレッドレーシング
ピスカデーラ,名古屋友豊
ピスタ,寺田寿男
ピスタロッソ,酒井喜生
ピスターシュドール,グリーンファーム
ピスティス,ＯＲＴＥＧＡ
ピストルスター,岩崎僖澄
ピストンボーイ,スリーエイチレーシング
ピチカートポルカ,社台レースホース
ピチクリ,佐久間拓士
ピックアチェリー,社台レースホース
ピックアップライン,社台レースホース
ピックアペタル,北原摩留
ピックアンドロール,山口功一郎
ピックデムッシュ,吉田勝己
ピッコロイカリーノ,福盛訓之
ピッコロバンビーナ,谷口祐人
ピッタンヌンムル,ミルファーム
ピッチパーフェクト,ＯＵＭＡ
ピッツァナポリ,吉田千津
ピッツィカート,シルクレーシング
ピッツバーグ,ディアレストクラブ
ピッツベルニナ,ノルマンディーサラブレッドレーシング
ピットゥーラ,ノースヒルズ
ピットフォル,ターフ・スポート
ピットボス,前田晋二
ピットリミッツ,飯田貴大
ピッパ,飯田正剛
ピティロディア,吉田照哉
ピナ,畑佐博
ピナクルズ,ライオンレースホース
ピナクルポイント,コージーレーシング
ピナーカ,山田和夫
ピヌスアモリス,サンデーレーシング
ピノクル,金子真人ホールディングス
ピノタージュ,椎名節
ピノッキオ,櫻井正
ピノノワール,井山登
ピノルージュ,吾妻望
ピノヴェリタ,松村真司
ピピオラ,ストレートレーシング
ピピット,サンコウ牧場
ピペル,ビッグレッドファーム
ピボットポイント,シルクレーシング
ピュア,和田牧場
ピュアエンブレム,キャロットファーム
ピュアエール,ビッグレッドファーム
ピュアカラー,サンデーレーシング
ピュアキアン,鶴見芳子
ピュアキショウ,長谷川清英
ピュアクローム,鶴見芳子
ピュアグルーヴ,シルクレーシング
ピュアケミストリー,ゴドルフィン
ピュアコサージュ,飯田正剛
ピュアコレクション,吉田千津
ピュアコンチェルト,吉田照哉
ピュアゴールド,宮崎吉二
ピュアサクヤヒメ,鈴木康弘
ピュアサンクス,田畑利彦
ピュアシルバー,ニッシンホールディングス
ピュアシークレット,山口春夫
ピュアジャッジ,山際牧場
ピュアスマイル,キャロットファーム
ピュアスマート,田畑利彦
ピュアデボーション,サラブレッドクラブ・ラフィアン
ピュアドリーマー,岡田隆寛
ピュアノーブル,社台レースホース
ピュアハピネス,吉田千津
ピュアハルカ,鶴見芳子
ピュアハート,山岸桂市
ピュアバブル,ディアレストクラブ
ピュアヒカリ,鶴見芳子
ピュアファンタジー,堀口晴男
ピュアフライト,ターフ・スポート
ピュアブラック,シルクレーシング
ピュアブラッド,Ｇ１レーシング
ピュアブラベ,上田江吏子
ピュアブリス,水上行雄
ピュアブレンド,シルクレーシング
ピュアプリンセス,田畑利彦
ピュアマケナ,鶴見芳子
ピュアマジョリック,ターフ・スポート
ピュアマークス,マークス
ピュアムーン,鈴木芳夫
ピュアリーグッド,飯田正剛
ピュイダムール,Ｇ１レーシング
ピュティ,武田茂男
ピュリフィアン,野嶋祥二
ピュルテ,落合幸弘
ピューリファイ,吉田勝利
ピュール,中村祐子
ピューロマジック,スリーエイチレーシング
ピョイットハレルヤ,大田恭充
ピヨピヨピピピ,藤本直弘
ピヨルピ,ミルファーム
ピラティス,寺田寿男
ピラニアキッス,東豊物産
ピラミッドファラオ,玉井宏和
ピラミッドムーン,シルクレーシング
ピラミデ,酒井喜生
ピリカサンライズ,松岡隆雄
ピリカノンノ,ビッグレッドファーム
ピリカルキナ,ビッグレッドファーム
ピリナカピリナ,友水達也
ピリナマアナ,前田幸貴
ピリラニ,社台レースホース
ピリー,中辻明
ピルスナー,ビッグレッドファーム
ピレシー,マイスタリオン
ピロコギガマックス,長橋賢吾
ピロコレーヌ,長橋賢吾
ピンキーウィンキー,前田幸治
ピンキージョーンズ,ビッグレッドファーム
ピンキースウェア,社台レースホース
ピンキープロミス,ビッグレッドファーム
ピンクイーグル,木村久子
ピンクオハラ,フォレストレーシング
ピンクカメハメハ,木村久子
ピンクカメリア,猪又晶介
ピンクキャンディー,吉澤克己
ピンクコーラル,田畑利彦
ピンクサウスポー,成富直行
ピンクサンドビーチ,サンデーレーシング
ピンクシップ,松岡隆雄
ピンクシティー,柳橋俊昭
ピンクシャローム,薪浦亨
ピンクジン,ミルファーム
ピンクスパイダー,廣松金次
ピンクセイラー,岡田牧雄
ピンクソレイユ,ミキハウスＨＫサービス
ピンクダイヤ,木村久子
ピンクダンサー,木村久子
ピンクノハロ,三宅勝俊
ピンクパフェ,ミルファーム
ピンクパラダイス,ノースヒルズ
ピンクパンサー,イクタ
ピンクピース,ノースヒルズ
ピンクブルー,新木鈴子
ピンクブロッサム,Ｈ．Ｈ．シェイク・ファハド
ピンクベルズ,近藤英子
ピンクペッパー,松本有啓
ピンクペルレ,那須野牧場
ピンクポット,金山政信
ピンクマクフィー,スリーエイチレーシング
ピンクマジック,飛渡牧場
ピンクムーン,關美和
ピンクライオネス,金子真人ホールディングス
ピンクラグーン,ミルファーム
ピンクレガシー,グリーンファーム
ピンクレディ,薪浦亨
ピンクヴェノム,坂東牧場
ピンシェル,岩崎伸道
ピンシャン,冨士井直哉
ピンネシリ,辻助
ピンハイ,北畑忍
ピンパンポン,吉田和美
ピンポイントドロー,薗部博之
ピンポンダッシュ,長谷川守正
ピンポンマム,ブルースターズファーム
ピーエムキンチャン,松山毅
ピーエムギャレット,松山毅
ピーエムドレミ,松山毅
ピーエムピンコ,松山毅
ピーク,和泉憲一
ピークカラー,山口功一郎
ピークブルーム,広尾レース
ピーシャ,中辻明
ピースアンドカーム,金子真人ホールディングス
ピースアンドリンゴ,薪浦亨
ピースウォリアー,協栄
ピースオブエイト,シルクレーシング
ピースオブザライフ,廣崎智子
ピースオブマインド,廣崎智子
ピースオブライツ,奥田貴敏
ピースオンアース,グリーンスウォード
ピースオーシャン,中平和宏
ピースキーパー,ゴールドアップ・カンパニー
ピースサイン,飯塚知一
ピースシャイニー,中平和宏
ピースソックス,中平和宏
ピースダンス,中平和宏
ピースディオン,久米田正平
ピーストークス,稲場澄
ピースヒロフェイス,中平和宏
ピースビート,林正道
ピースファイン,中平和宏
ピースフルウィーク,小川勲
ピースフルゴールド,中村伊三美
ピースフルサンデー,小川勲
ピースフルタイム,佐々木雄二
ピースフルナイト,大樹ファーム
ピースフルブラボー,北嶋義三
ピースフルマインド,保坂和孝
ピースフルワールド,山田弘
ピースプレイヤー,飯田正剛
ピースボヌール,スリーエイチレーシング
ピースポート,嶋田賢
ピースマインド,小川勲
ピースマッチング,社台レースホース
ピースマーク,小林竜太郎
ピースユニヴァース,久米田正平
ピースラピッド,中平和宏
ピースラヴィング,小川勲
ピースワンジョケル,長谷川成利
ピースワンソラーレ,長谷川成利
ピースワンデュック,長谷川成利
ピースワンドルチェ,長谷川成利
ピースワンパラディ,長谷川成利
ピースワンヴィヨレ,長谷川成利
ピースワンヴェリテ,長谷川成利
ピーターサイト,ノースヒルズ
ピーターライズ,吉岡寛行
ピーチアバランチェ,宮崎吉二
ピーチコーラル,前田ファーム
ピーチマカロン,田頭勇貴
ピーチーライフ,村野康司
ピードモント,キャロットファーム
ピーニャ,金子真人ホールディングス
ファイアクラッカー,ＮＩＣＫＳ
ファイアスピリット,吉田千津
ファイアダンサー,ゴドルフィン
ファイアトリック,窪田芳郎
ファイアネイド,ゴドルフィン
ファイアプルーフ,犬塚悠治郎
ファイアプレイス,ゴドルフィン
ファイアマン,ゴドルフィン
ファイアランス,ゴドルフィン
ファイアリースカイ,ゴドルフィン
ファイアリービート,ゴドルフィン
ファイアリーホット,社台レースホース
ファイアンクランツ,サンデーレーシング
ファイアンス,水上行雄
ファイアーコード,岡田牧雄
ファイアーサイン,松谷翔太
ファイアーバード,三田昌宏
ファイアーボーラー,シルクレーシング
ファイアーレッド,天野克彦
ファイアーワルツ,上村洋司
ファイアーワークス,ＡｓｓｅｔＭａｎａｇｅｍｅｎｔＳｕｉｔｅ
ファイタージェット,ゴドルフィン
ファイツオン,前田幸治
ファイティンアスク,廣崎利洋ＨＤ
ファイティング,田畑利彦
ファイティングマン,ノースヒルズ
ファイトアローン,前川企画
ファイトエルフ,西村健
ファイトフォーラヴ,金山政信
ファイトフラッシュ,天羽牧場
ファイナライズ,ロードホースクラブ
ファイナリスト,丸山担
ファイナルアフェア,田頭勇貴
ファイナルアンサー,キャロットファーム
ファイナルクイーン,坂本守孝
ファイナルコマンド,ＤＭＭドリームクラブ
ファイナルソード,吉澤ホールディングス
ファイナルドリーム,ＤＭＭドリームクラブ
ファイナルヒート,村野康司
ファイナルフォーム,永見貴昭
ファイナルブション,廣崎利洋ＨＤ
ファイナルプラン,福田光博
ファイナルマズル,ノルマンディーサラブレッドレーシング
ファイナルワンダー,ビッグレッドファーム
ファイネクローネ,社台レースホース
ファイブエム,中村祐子
ファイブジー,石川達絵
ファイブセンス,下河辺牧場
ファイブタンゴ,吉田和美
ファイブフォース,サンライズ
ファイブリーフ,小田吉男
ファイブレイナ,高昭牧場
ファイヤサラマンダ,石瀬浩三
ファイヤーウィップ,ウエスト．フォレスト．ステイブル
ファイヤーテーラー,中西浩一
ファイヤーナイフ,吉田照哉
ファイヤービート,長谷川守正
ファイヤーボート,谷掛龍夫
ファインアイリス,井山登
ファインアレス,井山登
ファインウーマン,吉田修
ファインキャプテン,湯浅健司
ファインギフト,窪田芳郎
ファインコンダクト,窪田芳郎
ファインサマーデイ,ゴドルフィン
ファインスカート,李柱坤
ファインスティール,岡田牧雄
ファインダッシュ,井山登
ファインダーズ,ゴドルフィン
ファインディーヴァ,杉山忠国
ファインデイ,石田勇
ファイントパーズ,村山卓也
ファインノーブル,ターフ・スポート
ファインハッピー,飯田正剛
ファインバローロ,大原詔宏
ファインバーグ,林正道
ファインヒメ,西村新一郎
ファインヒューズ,井山登
ファインブライト,片山博志
ファインブルー,上茶谷一
ファインプリンセス,ゴドルフィン
ファインプレー,小田切有一
ファインマン,風早信昭
ファインライン,窪田芳郎
ファインラン,田畑利彦
ファインルージュ,六井元一
ファイヴレター,熊坂俊一
ファウストラーゼン,宮崎俊也
ファウナード,ＢｌｏｏｍｉｎｇＲａｃｉｎｇ
ファウラー,永見貴昭
ファカレワレワ,ラ・メール
ファクタークニアキ,高橋宏弥
ファクトゥーラ,キャロットファーム
ファクトベース,社台レースホース
ファサ,岡浩二
ファシネイティング,近藤英子
ファシネートゼット,吉田和美
ファシリティズ,中村智幸
ファジェス,キャロットファーム
ファジュル,岡田牧雄
ファジーロップ,社台レースホース
ファスタザウインド,鈴木康弘
ファステストシチー,杉浦和也
ファステンバーグ,上山牧
ファストアズエバー,グリーンファーム
ファストアプローチ,山本英俊
ファストチアフル,兼松忠男
ファストバック,小林英一ホールディングス
ファストパスキー,青山洋一
ファストフィール,蕭敬意
ファストフォワード,フクキタル
ファストフォース,安原浩司
ファストフライト,那須野牧場
ファストフラッシュ,間野隆司
ファストブレイク,五十川雅規
ファストボウラー,カナヤマホールディングス
ファストライフ,石川秀守
ファストレーン,橋元勇氣
ファストワーカー,勝田和信
ファストーゾ,小田吉男
ファスナハト,社台レースホース
ファセット,シンザンクラブ
ファセリア,ノルマンディーサラブレッドレーシング
ファタリテ,奥裕嗣
ファッシネイター,杉山忠国
ファッシネイトパイ,重野心平
ファッショニスタ,ゴドルフィン
ファットーラモーレ,山科統
ファツアップ,伊藤良兵
ファディッシュ,社台レースホース
ファド,Ｇリビエール・レーシング
ファドーグ,キャロットファーム
ファナティカル,京都ホースレーシング
ファナティック,キャロットファーム
ファナティックエロ,ラ・メール
ファニーバニー,谷崎森吾
ファニーヒロイン,青芝商事
ファニーボーイ,ＨｉｍＲｏｃｋＲａｃｉｎｇホールディングス
ファビエンヌ,西田順彦
ファビュラスエリカ,ヒダカ・ブリーダーズ・ユニオン
ファビュラスギフト,グリーンファーム
ファビュラススター,前田幸貴
ファビュラスナイト,木村牧場
ファビュラスノヴァ,木村牧場
ファビュラスベガス,吉田千津
ファビュラスライン,グリーンファーム
ファビュラスロード,グリーンファーム
ファビラスヒーロー,吉田勝利
ファビーニョ,吉田和美
ファピオラ,エースレーシング
ファフロツキーズ,橋元勇氣
ファベル,フクキタル
ファベルジェエッグ,ヒダカ・ブリーダーズ・ユニオン
ファミリー,岡浩二
ファミリークレスト,吉田和美
ファミリータイム,東豊物産
ファミリーツリー,ノースヒルズ
ファミリーラヴ,ゴドルフィン
ファミーユウルーズ,落合幸弘
ファミーユボヌール,原禮子
ファミーリエ,ノースヒルズ
ファムエレガンテ,ノルマンディーサラブレッドレーシング
ファムクラジューズ,サラブレッドクラブ・ラフィアン
ファムゲリエール,インゼルレーシング
ファムスパーブ,Ｇ１レーシング
ファムファタル,スリーエイチレーシング
ファムマルキーズ,吉田照哉
ファユエン,谷岡毅
ファラウェイ,スリーエイチレーシング
ファラオ,石川達絵
ファラオクィーン,迫田三果子
ファランギーナ,金子真人ホールディングス
ファランジリング,Ｇ１レーシング
ファランドール,ロードホースクラブ
ファリア,ジェイアール
ファリガ,寺田寿男
ファリーザ,吉田千津
ファリードゥーン,ウエスト．フォレスト．ステイブル
ファルカータ,ロードホースクラブ
ファルギュラント,ノルマンディーサラブレッドレーシング
ファルコシニョーラ,シルクレーシング
ファルコニア,社台レースホース
ファルコンバローズ,猪熊広次
ファルコンビーク,酒井孝敏
ファルコンミノル,吉岡輝美
ファルコンレイナ,ライオンレースホース
ファルサルス,ゴドルフィン
ファルシオン,ターフ・スポート
ファルトレク,吉田照哉
ファルネーゼブルー,岡田牧雄
ファルマリン,高樽さゆり
ファルヴォーレ,杉山忠国
ファルーク,林正道
ファレーズ,ノースヒルズ
ファロ,三嶋牧場
ファロウ,林正道
ファロロジー,水上ふじ子
ファンウワーズ,一村哲也
ファンキーゴールド,増田和啓
ファンキーホース,鈴木邦英
ファンキーボーイ,スリーエイチレーシング
ファンクション,高瀬真尚
ファング,平本敏夫
ファンシャン,ターフ・スポート
ファンシーカラー,サンコウ牧場
ファンシーシェイプ,グリーンファーム
ファンシーズ,ローレルレーシング
ファンシーデイ,吉田和美
ファンシーフリル,服部英利
ファンシーラン,岡村善行
ファンジオ,ターフ・スポート
ファンタイムギフト,星野祐介
ファンタジア,石川達絵
ファンタジオ,岡田牧雄
ファンタジスタ,キャロットファーム
ファンタジステラ,グリーンファーム
ファンタジスト,廣崎利洋
ファンタジックラン,社台レースホース
ファンタジー,ミルファーム
ファンタジーアスク,廣崎利洋ＨＤ
ファンタジーライツ,社台レースホース
ファンタスティック,佐々木雄二
ファンタスティックムーン,リバティレーシング２０２１
ファンタズマ,ＦＡレーシング
ファンダム,キャロットファーム
ファンデル,中辻明
ファントムグレイ,山岸桂市
ファントムグレース,水谷昌晃
ファントムシーフ,ターフ・スポート
ファントムバローズ,猪熊広次
ファントムブラッド,ウエスト．フォレスト．ステイブル
ファントムメナス,ノルマンディーサラブレッドレーシング
ファントムルージュ,ＨｏｒｓｅＮｅｔ
ファントムヴォルト,吉本雄二
ファンネルマーク,キャロットファーム
ファンファン,櫻井正
ファンユー,小原準一郎
ファーサイドムーン,望月雅博
ファーザーアウェイ,ノースヒルズ
ファーステストクー,荒井城志
ファーストアタック,岡田牧雄
ファーストカム,ビッグレッドファーム
ファーストシーン,小田吉男
ファーストソリスト,Ｇ１レーシング
ファーストドラゴン,子安裕樹ＲＣ
ファーストフォリオ,キャロットファーム
ファーストプライズ,岡田牧雄
ファーストマン,堂守貴志
ファーストメイト,ビッグレッドファーム
ファーストリッキー,小林祥晃
ファータカエリ,吉田晴哉
ファータビアンカ,京都ホースレーシング
ファータフィオーレ,フジワラ・ファーム
ファートゥア,サンデーレーシング
ファートム,Ｇリビエール・レーシング
ファーニスクリーク,Ｇ１レーシング
ファーブラ,星野祐介
ファーベライト,高樽さゆり
ファーマシャイン,中西功
ファーマスター,中西功
ファーマダイヤ,中西功
ファーマトパーズ,中西功
ファーマパール,中西功
ファーマプリン,中西功
ファーマムーン,中西功
ファームツエンティ,ウエストヒルズ
ファームフレッシュ,ゴドルフィン
ファームラヴ,ゴドルフィン
ファールカルテ,サラブレッドクラブ・ラフィアン
ファーレンジョー,ダイヤストーン組合
ファーングロット,社台レースホース
ファーンヒル,カナヤマホールディングス
ファーヴェント,キャロットファーム
ファーヴニル,ケンブリッジバレー
フアナ,近藤英子
フィアスゲイル,キャロットファーム
フィアスプライド,ゴドルフィン
フィアボルグ,窪田芳郎
フィアマドラータ,ノルマンディーサラブレッドレーシング
フィアマフルミネ,竹下千亜子
フィアマロッサ,シルクレーシング
フィアレスウィル,宮川純造
フィアレススマイル,堂守貴志
フィアレスデザイア,キャロットファーム
フィアレスハート,社台レースホース
フィアーノロマーノ,吉田和美
フィアーバ,石田牧場
フィアーブル,Ｇ１レーシング
フィアーミー,ターフ・スポート
フィエスタ,ターフ・スポート
フィエゾン,吉田照哉
フィエラブラス,社台レースホース
フィエルボワ,伊達敏明
フィエールガール,山口敦広
フィエールシャンテ,ノルマンディーサラブレッドレーシング
フィエールボス,友水達也
フィエールマン,サンデーレーシング
フィオナサンライズ,吉田勝己
フィオライア,友駿ホースクラブ
フィオラディーチェ,杉山忠国
フィオラーノ,ローレルレーシング
フィオリキアリ,槙和美
フィオリトゥーラ,ロードホースクラブ
フィオリーカズマ,雅苑興業
フィオリータ,前田幸貴
フィオリーノ,加藤徹
フィオルダリーゾ,伊達敏明
フィオレストラーダ,ロードホースクラブ
フィオレドーロ,下河辺隆行
フィオーレ,平川浩之
フィオーレカフェ,西川光一
フィオーレクラウド,増田和啓
フィオーレグリーン,斎藤洋子
フィオーレシチー,友駿ホースクラブ
フィクストスター,ゴドルフィン
フィクセルリリア,鈴木剛史
フィサブロス,ノースヒルズ
フィザルモニカ,キャロットファーム
フィジータイム,スピードファーム
フィジーマジック,スピードファーム
フィスキオ,ノースヒルズ
フィストバンプ,小林竜太郎
フィズアップ,西森功
フィッシュポンド,岡浩二
フィッツカラルド,中辻明
フィッツジェラルド,Ｇ１レーシング
フィッツロイ,小田吉男
フィッツロイシチー,友駿ホースクラブ
フィップル,キャロットファーム
フィティテラ,蛭川泰好
フィデリオグリーン,斎藤光政
フィデリス,サンデーレーシング
フィデル,エムズレーシング
フィトック,ゴドルフィン
フィドル,山本武司
フィドルファドル,キャロットファーム
フィナルタ,石瀬浩三
フィナルフェリス,ライオンレースホース
フィナールショコラ,吉田千津
フィニアル,水上行雄
フィニステラ,社台レースホース
フィニステール,金子真人ホールディングス
フィニステーレ,小林英一ホールディングス
フィニッシュアップ,前田幸治
フィニッシュムーヴ,ローレルレーシング
フィニフティ,キャロットファーム
フィフティシェビー,長谷川祐司
フィフティズ,青芝商事
フィブロライト,サンデーレーシング
フィヤール,サンデーレーシング
フィラーエ,ターフ・スポート
フィリア,吉田千津
フィリアプーラ,キャロットファーム
フィリアーノ,吉田勝己
フィリウスデイ,杉山忠国
フィリオアレグロ,サンデーレーシング
フィリオソラーレ,キャロットファーム
フィリグラン,中村祐子
フィリップ,ビッグレッドファーム
フィリップクロノス,田中健一
フィリップスベア,吉田和美
フィリップバローズ,猪熊広次
フィリーズフェスタ,飯田総一郎
フィリーズラン,岡村善行
フィリール,インゼルレーシング
フィルクローバー,サラブレッドクラブ・ラフィアン
フィルストバーン,Ｇ１レーシング
フィルトラージュ,社台レースホース
フィルムアクトレス,ゴドルフィン
フィルムスコア,水上行雄
フィルムフェスト,キャロットファーム
フィルムフランセ,吉田照哉
フィルメーザ,広尾レース
フィルモアテソーロ,了徳寺健二ホールディングス
フィルモグラフィー,社台レースホース
フィレット,ロードホースクラブ
フィレルレーヴ,古川一弘
フィレンツェ,田畑利彦
フィロクセニア,スピードファーム
フィロス,高橋ファーム
フィロステファニ,社台レースホース
フィロゾフ,カナヤマホールディングス
フィロロッソ,社台レースホース
フィロンドール,グリーンファーム
フィローシャ,山本三津子
フィンガー,エムズレーシング
フィンガークリック,吉田照哉
フィンガーズクロス,ビッグレッドファーム
フィンガーダンシン,石井義人
フィンガーポップ,吉田照哉
フィンガーレイクス,社台レースホース
フィングステン,キャロットファーム
フィングルブリッジ,吉田勝己
フィンスタビライザ,玉井宏和
フィーカ,日進牧場
フィージビリティー,ノースヒルズ
フィーチャリング,社台レースホース
フィードバック,社台レースホース
フィーネ,ＹＧＧホースクラブ
フィーバス,松村真司
フィーバーヒュー,ＯＲＴＥＧＡ
フィーバーピッチ,サンデーレーシング
フィービー,吉田和美
フィーユエクレール,レッドマジック
フィーユチャン,スリーエイチレーシング
フィーユドー,ゴドルフィン
フィーユブランシェ,サラブレッドクラブ・ラフィアン
フィーユレアル,ＭＯＪＡ
フィーユレヴーズ,小田吉男
フィーリウス,落合幸弘
フィーリウスワン,成富直行
フィーリングフリー,栗坂崇
フィールアライヴ,吉田晴哉
フィールインラヴ,大塚亮一
フィールオーケー,吉田千津
フィールオーサム,櫻井正
フィールグッド,小林竜太郎
フィールザウィンド,キャロットファーム
フィールザオーラ,フィールドレーシング
フィールザクイーン,櫻井正
フィールザクラウン,櫻井正
フィールザコメット,櫻井正
フィールザゴールド,櫻井正
フィールザサンダー,櫻井正
フィールザスター,櫻井正
フィールザダイヤ,櫻井正
フィールザファラオ,櫻井正
フィールザプリティ,櫻井正
フィールザワールド,櫻井正
フィールシュパース,ノースヒルズ
フィールシンパシー,岡田牧雄
フィールドアピール,池田草龍
フィールドクラウン,地田勝三
フィールドグリン,国田正忠
フィールドゲラン,福田光博
フィールドシャルム,岡浩二
フィールドステイ,地田勝三
フィールドセンス,前原敏行
フィールドドウサン,地田勝三
フィールドノート,サンデーレーシング
フィールドモーリス,地田勝三
フィールファイン,石川眞実
フィールフォーユー,飯田正剛
フィールブリーズ,水谷昌晃
フィールマイプラン,櫻井正
フィールライクユー,ディアレストクラブ
フイノマジワリ,由井健太郎
フウカ,ニッシンホールディングス
フウゲツムヘン,ＹＧＧホースクラブ
フウシカデン,三田昌宏
フウジンショウジョ,レッドマジック
フウジンジョー,河内孝夫
フウセツ,ゴドルフィン
フウセン,ＦＡレーシング
フウバ,杉澤光雄
フウライジンモン,大久保幸夫
フウリンカザン,川勝裕之
フェアアイル,キャロットファーム
フェアウェルキッス,吉田照哉
フェアエールング,サラブレッドクラブ・ラフィアン
フェアクラウド,ノルマンディーサラブレッドレーシング
フェアゴー,吉田和美
フェアザスピリッツ,ノルマンディーサラブレッドレーシング
フェアビアンカ,キャロットファーム
フェアムーン,今中俊平
フェアメーゲン,サラブレッドクラブ・ラフィアン
フェアモント,中村祐子
フェアリアルギフト,谷崎森吾
フェアリオンアイス,京都ホースレーシング
フェアリーアイ,細谷典幸
フェアリーキャット,清水真由美
フェアリーグルーヴ,サンデーレーシング
フェアリーグレン,金子真人ホールディングス
フェアリーシップ,小林英一ホールディングス
フェアリースキップ,ノルマンディーサラブレッドレーシング
フェアリーテイル,グリーンファーム
フェアリーハイ,水上行雄
フェアリーバローズ,猪熊広次
フェアリーパイン,飯島利彦
フェアリーピコ,キャロットファーム
フェアリーブルー,サンライズ
フェアリープト,吉田照哉
フェアリープール,ターフ・スポート
フェアリーポルカ,山本剛士
フェアリーミラー,樋口雅彦
フェアリーメドウ,フォレストレーシング
フェアリーモナック,田畑利彦
フェアリーライク,小林竜太郎
フェアリーライズ,吉岡寛行
フェアリーランド,岡田牧雄
フェアリーリング,高昭牧場
フェアレストアイル,サンデーレーシング
フェアレーター,草間庸文
フェアースカイ,和田牧場
フェアーメロディ,吉田ひとみ
フェイクファー,西森鶴
フェイスフルベン,石瀬浩三
フェイスリフト,ミルファーム
フェイズベロシティ,池谷誠一
フェイタリズム,ニューマレコード
フェイダウェイ,ノルマンディーサラブレッドレーシング
フェイト,藤田晋
フェイトフル,川谷朋寛
フェイトブレイカー,鈴木淳人
フェイトライン,林正道
フェイトリッパー,鈴木康弘
フェイバリット,島川隆哉
フェイバリットラン,平田修
フェイマスアレグロ,堀江貞幸
フェイマスウォリー,堀江貞幸
フェイマスグラース,堀江貞幸
フェイマスグローリ,堀江貞幸
フェイマスダンディ,堀江貞幸
フェイマスドクター,山崎康
フェゲフォイア,一村哲也
フェザークイル,ゴドルフィン
フェザーモチーフ,シルクレーシング
フェスタアーベント,宮田美恵子
フェスタマドンナ,服部統祥
フェスタリア,市川ファーム
フェスティバルヒル,吉田勝己
フェスティヴイリス,臼井義太郎
フェスティヴカレン,臼井義太郎
フェスティヴグッド,臼井義太郎
フェスティヴスーリ,臼井義太郎
フェスティヴチャン,臼井義太郎
フェスティヴドレス,ゴドルフィン
フェスティヴニッパ,臼井義太郎
フェスティヴニーサ,臼井義太郎
フェスティヴノンノ,臼井義太郎
フェスティヴハート,臼井義太郎
フェスティヴパイカ,臼井義太郎
フェスティヴビップ,臼井義太郎
フェスティヴビーム,臼井義太郎
フェスティヴベッラ,臼井義太郎
フェスティヴボス,臼井義太郎
フェスティヴポン,臼井義太郎
フェスティヴマメ,臼井義太郎
フェスティヴメノコ,臼井義太郎
フェスティヴラジャ,臼井義太郎
フェスティヴルキナ,臼井義太郎
フェスティヴルディ,臼井義太郎
フェスティヴレッツ,臼井義太郎
フェスティーヴォ,加藤誠
フェステスバント,吉田照哉
フェズカズマ,吉田和美
フェッテ,Ｇ１レーシング
フェットデメール,キャロットファーム
フェデネージュ,嶋田賢
フェデフルール,コスモヴューファーム
フェデラルスタイル,吉田照哉
フェデラー,キーファーズ
フェデルミエール,ノルマンディーサラブレッドレーシング
フェニアンサイクル,一村哲也
フェニックスマーク,伊東純一
フェニックスループ,社台レースホース
フェニーチェスタ,ＫＲジャパン
フェニーチェドーロ,下河辺隆行
フェネストラ,杉山忠国
フェノメーヌ,ローレルレーシング
フェノーウルフ,瀬戸年美
フェブキラナ,釘田義広
フェブサンカラ,釘田義広
フェブソラーレ,釘田義広
フェブタイズ,釘田義広
フェブラリースカイ,大樹ファーム
フェブランシェ,キャロットファーム
フェブリノ,釘田義広
フェブルアーリア,ヒダカ・ブリーダーズ・ユニオン
フェブルウス,Ｇ１レーシング
フェミナフォルテ,ノルマンディーサラブレッドレーシング
フェミナンジェンヌ,吉田智
フェミニン,石川達絵
フェミニンルック,社台レースホース
フェラーラ,北山敏隆
フェリ,ヒダカ・ブリーダーズ・ユニオン
フェリアフローレス,北所直人
フェリキタス,友駿ホースクラブ
フェリシアムーン,ＹＧＧホースクラブ
フェリシアルチア,浅沼廣幸
フェリシアーノ,飯塚知一
フェリシエンヌ,河野孝明
フェリシス,森本敏正
フェリシタシオネス,ゴドルフィン
フェリシタシオン,キャロットファーム
フェリシタル,ＢｌｏｏｍｉｎｇＲａｃｉｎｇ
フェリシダ,浜本洋輔
フェリスクララ,ディアレストクラブ
フェリスセンダ,黒岩初美
フェリスチカ,冨沢敦子
フェリスナタール,社台レースホース
フェリスナビダ,ミルファーム
フェリスヴィエント,八嶋長久
フェリチタ,カナヤマホールディングス
フェリマール,飯田正剛
フェリーチェ,大樹ファーム
フェリーニ,ライオンレースホース
フェルアフリーゼ,シルクレーシング
フェルカド,キャロットファーム
フェルギナス,社台レースホース
フェルクアーサー,米津佳昭
フェルサイト,永嶋啓一
フェルシナ,ライオンレースホース
フェルシュテルケン,落合幸弘
フェルテラーゾ,ノルマンディーサラブレッドレーシング
フェルトオンブレ,松岡隆雄
フェルトベルク,加藤徹
フェルドランス,木部厳生
フェルハール,シルクレーシング
フェルマータ,野嶋祥二
フェルマーテ,Ｇ１レーシング
フェルミアーク,キャロットファーム
フェルミスフィア,キャロットファーム
フェルミディラック,キャロットファーム
フェルメール,池谷誠一
フェルンポルク,ディアレストクラブ
フェルンマンボ,ヒダカ・ブリーダーズ・ユニオン
フェルヴァーラ,飯田貴大
フェルヴェンテ,ロイヤルパーク
フェレザ,ザ・チャンピオンズ
フェレッティ,飯田正剛
フェレーヌ,杉山忠国
フェロニエール,キャロットファーム
フェローチェ,ラ・メール
フェンスブレイカー,小林由明
フェンダー,シルクレーシング
フェンネル,山本堅治
フェンリル,ラ・メール
フェヴリエ,前田幸治
フェーエンハフト,吉田照哉
フェータルイヴ,兼松忠男
フェーダーローター,サラブレッドクラブ・ラフィアン
フェードアウト,三嶋牧場
フェードス,カナヤマホールディングス
フェーバーラッシュ,岡田牧雄
フェールアシュバル,日進牧場
フェールデレーヴ,シルクレーシング
フェールブリエ,佐々木基
フェーレンベルク,岡田牧雄
フェーングロッテン,サンデーレーシング
フェーヴルブラン,三宅勝俊
フエキ,和田牧場
フエルテテソーロ,了徳寺健二ホールディングス
フォアシザフューチ,西森鶴
フォアシュピール,キャロットファーム
フォアファン,プレミアムレースホース
フォアラドゥング,一村哲也
フォアランナー,キャロットファーム
フォイアーロート,吉田勝己
フォイヤーヴェルク,サンデーレーシング
フォカッチャ,村島昭男
フォギーショコラ,田頭勇貴
フォギーデイ,岡田隆寛
フォギーナイト,金子真人ホールディングス
フォクシー,シュガーベイビーサラブレッドクラブ
フォクシーレディ,サラブレッドクラブ・ラフィアン
フォクセン,小濱忠一
フォスキーア,山本雅道
フォスターボンド,多田賢司
フォスティーヌ,吉田照哉
フォセットジェンヌ,吉田智
フォックスクリーク,金子真人ホールディングス
フォックススリープ,石瀬浩三
フォッサマグナ,吉田和美
フォティック,今村明浩
フォティノース,社台レースホース
フォティーゾ,社台レースホース
フォトスフィア,岡田牧雄
フォトンゲイザー,ビッグレッドファーム
フォトンストリーム,幡有
フォトンブルー,ＴＮレーシング
フォドラ,吉田勝己
フォビドゥンラヴ,ゴドルフィン
フォミルマジック,インゼルレーシング
フォラブリューテ,キャロットファーム
フォラメン,中村祐子
フォリオール,程田真司
フォルガイル,ライオンレースホース
フォルクスリート,キャロットファーム
フォルコメン,社台レースホース
フォルシード,加藤徹
フォルジュロン,名古屋友豊
フォルスタクラス,ノースヒルズ
フォルステライト,サンデーレーシング
フォルストランキル,キャロットファーム
フォルスマジック,ディアレストクラブ
フォルスラヴィ,ＹＭホース
フォルセティ,前田葉子
フォルチューヌ,飯田正剛
フォルツァエフ,大野照旺
フォルツァモンド,永田壯一
フォルツァンド,カナヤマホールディングス
フォルツァーレ,ライオンレースホース
フォルテアンジェロ,シルクレーシング
フォルティウス,ライオンレースホース
フォルティシーム,ノースヒルズ
フォルティーナ,猪又晶介
フォルテカヴァロ,猪又晶介
フォルテッシモダイ,田村忠正
フォルテデイマルミ,金子真人ホールディングス
フォルテフィオーレ,中村祐子
フォルテベローチェ,山口敦広
フォルテム,ノルマンディーサラブレッドレーシング
フォルテメンテ,伊東純一
フォルテローザ,ホシノレーシング
フォルテース,岩崎僖澄
フォルトゥナ,山本三津子
フォルトゥナロッサ,社台レースホース
フォルトゥナータ,キャロットファーム
フォルトシュリット,ビッグレッドファーム
フォルトレス,ゴドルフィン
フォルナカリア,サンデーレーシング
フォルナックス,サンデーレーシング
フォルマシオン,社台レースホース
フォルミダーブル,井手慶祐
フォルラニーニ,サンデーレーシング
フォレクラフト,林正道
フォレスクライト,キャロットファーム
フォレスタ,ビッグレッドファーム
フォレスタドーロ,フィールドレーシング
フォレスタブル,犬塚悠治郎
フォレストオール,林正道
フォレストキャット,武田茂男
フォレストゲート,チームユッキレーシング
フォレストタウン,山上和良
フォレブルート,林正道
フォローウィンド,山田弘
フォワデジー,野嶋祥二
フォワードアゲン,浅川皓司
フォワードカフェ,西川恭子
フォワードシャッセ,キャロットファーム
フォワードプッシュ,鈴木正浩
フォワードマーチ,下河辺牧場
フォンス,ゴドルフィン
フォンターナドーロ,岡田牧雄
フォンテーヌ,島川隆哉
フォンデネージュ,シルクレーシング
フォンドルレール,Ｇ１レーシング
フォンメイリー,ノルマンディーサラブレッドレーシング
フォンローザ,吉田勝己
フォーアネーム,フジワラ・ファーム
フォーアライター,ヒダカ・ブリーダーズ・ユニオン
フォーウィンズ,小原準一郎
フォーウィンド,カナヤマホールディングス
フォーエバーカヨ,泉一郎
フォーエバーコール,青山洋一
フォーエバーシップ,青山洋一
フォーエバーソング,石川秀守
フォーエバーダイヤ,青山洋一
フォーエバーブルー,菅井敦
フォーエバーヤング,藤田晋
フォーエバーラブ,坂巻勝彦
フォーエバーワン,青山洋一
フォーエリーゼ,小林弘明
フォーエロ,岡田牧雄
フォーオール,安原浩司
フォーカスオンミー,木村牧場
フォーカスライト,ロードホースクラブ
フォーカルフラワー,社台レースホース
フォーカルポイント,中西功
フォーカード,椎名節
フォーキャスト,村野康司
フォーキャンドルズ,吉田照哉
フォークアート,林正道
フォークスアップ,千明牧場
フォークテイル,サンデーレーシング
フォーグッド,江馬由将
フォーゲル,林正道
フォーゲルヴァイデ,ミルファーム
フォーコーゼズ,Ｇ１レーシング
フォーサイティド,飯田正剛
フォーサイドナイン,スリーエイチレーシング
フォーザウィン,近藤英二
フォーザボーイズ,平田修
フォーシーファイン,早野誠
フォージドブリック,吉田晴哉
フォースオブウィル,柳原克哉
フォースオブライフ,岡田牧雄
フォースキャリア,社台レースホース
フォースクエア,キャロットファーム
フォースターデイズ,吉田勝己
フォースチルドレン,井山登
フォースミラクル,丸山担
フォースライン,吉田勝己
フォースリッチ,宇田豊
フォーチュネイト,小林竜太郎
フォーチュンコード,吉田千津
フォーチュンタイム,伊藤功一
フォーチュンテラー,ノースヒルズ
フォーチュンライド,社台レースホース
フォーチュンリング,岡田壮史
フォーチュンローズ,社台レースホース
フォーテ,寺田寿男
フォーティプリンス,ホースアディクト
フォーティラブ,Ｈ．ＦＡｓｓｏｃｉａｔｉｏｎ
フォーティンブラス,Ｇ１レーシング
フォーディアライフ,Ｇ１レーシング
フォートウィリアム,Ｇ１レーシング
フォートボヤール,サンデーレーシング
フォートポータル,ヒダカ・ブリーダーズ・ユニオン
フォートレスヒル,谷口悦一
フォートワズワース,シルクレーシング
フォードスピリット,岡田甲子男
フォードテソーロ,稲場澄
フォードワン,岡田甲子男
フォーネリー,ディアレスト
フォーハンズプレイ,松嶋良治
フォーハンドレッド,窪田康志
フォーバーズ,小原準一郎
フォーピンクカフェ,西川恭子
フォーブス,飯田正剛
フォーメリトゥム,和田志保
フォーユーランラン,村田滋
フォーラウェイ,フジワラ・ファーム
フォーランマリア,社台レースホース
フォールクヴァング,Ｇ１レーシング
フォールティア,大瀧啓之
フォールロワ,フィールドレーシング
フォーレ,ＫＡＪＩＭＯＴＯホールディングス
フォーワンセルフ,アドバンス・サッポロ
フォーンリリー,ディアレストクラブ
フォーヴィスム,キャロットファーム
フカイ,岡田繁幸
フガク,中村勝彦
フガート,カナヤマホールディングス
フキョウワオン,吉野智博
フクウン,西村專次
フクオトコ,是枝浩平
フクキタテーラー,中西浩一
フクキタル,佐藤範夫
フクサングレート,小沼博
フクサンダーク,小沼博
フクサンローズ,小沼博
フクシマエクラ,西本資史
フクシマグラチャン,西本資史
フクシマグランツ,西本資史
フクシマコウヨウ,西本資史
フクシマジョワイユ,西本資史
フクシマジンロッソ,西本資史
フクシマトレジャー,西本資史
フクシマパープレイ,西本資史
フクシマブラッサム,西本資史
フクシマブリリオ,西本資史
フクシマブリルハム,西本資史
フクシマブルース,西本資史
フクシマルーラー,西本資史
フクジュ,中村勝彦
フクスケ,リトルブルーファーム
フクダイトウリョウ,小菅誠
フクチャンキング,福田義明
フクチャンクイーン,福田義明
フクチャンサクラ,福田義明
フクチャンショウ,福田義明
フクチャンダイオウ,福田義明
フクチャントウメイ,福田義明
フクチャンヒメ,福田義明
フクチャンビーナス,福田義明
フクチャンフクメイ,福田義明
フクチャンブラック,福盛訓之
フクネン,布武起会
フクノアルズ,福島祐子
フクノアンタレス,福島祐子
フクノエルデ,福島祐子
フクノエヴリー,福島祐子
フクノカトレア,佐藤範夫
フクノクオリア,福島祐子
フクノグラーティア,福島祐子
フクノグリュック,福島祐子
フクノグローリア,福島祐子
フクノシーサー,佐藤範夫
フクノジョヴァンニ,福島祐子
フクノスナノバラ,福島祐子
フクノスパイン,福島祐子
フクノソミュール,福島祐子
フクノデイジー,福島祐子
フクノナルボンヌ,福島祐子
フクノハリファ,福島祐子
フクノバルトラン,福島祐子
フクノパピヨン,福島祐子
フクノフィアーノン,福島祐子
フクノフェザン,福島祐子
フクノブルジュ,福島祐子
フクノブルースカイ,福島祐子
フクノブルーレイク,福島祐子
フクノヘップバーン,福島祐子
フクノモンルージュ,福島祐子
フクノラプラーニュ,福島祐子
フクノラヴァル,福島祐子
フクノルッカ,福島祐子
フクノレジーナ,福島祐子
フクノワイルド,佐藤範夫
フクノワカバ,佐藤範夫
フクノヴァランス,福島祐子
フクヒコ,山田裕仁
フクライキリシマ,西村新一郎
フシミパオラー,小林祐介
フジガイフウ,荒木誠
フジグランツ,荒木誠
フジコウキ,荒木誠
フジコサン,藤本栄史
フジコンフィデンス,藤澤眞佐子
フジゴウキャク,荒木誠
フジサン,嶋田一成
フジサンエンヤス,藤田秀行
フジサンニュウサツ,藤田秀行
フジサンライボー,藤田秀行
フジサンリンバン,藤田秀行
フジサンワイシーシ,藤田秀行
フジシュウセツ,荒木誠
フジシラユキヒメ,フジレーシング
フジジェットレディ,フジレーシング
フジジュンフェイス,ＳＴレーシング
フジタ,Ｊ．ウー
フジツボノミヤ,ブルースターズファーム
フジテンクウ,荒木誠
フジノサムライ,栗本博晴
フジノシャイン,遠藤良一
フジノタカネ,星野壽市
フジノナデシコ,藤澤眞佐子
フジノホーオー,田畑富子
フジノヤマテソーロ,了徳寺健二ホールディングス
フジノロケット,藤沢和徳
フジフォンテ,岡田牧雄
フジブルーダイヤ,フジレーシング
フジマサアクトレス,藤原正一
フジマサインパクト,藤原正一
フジマサクイーン,藤原正一
フジマサクラウン,藤原正一
フジマサグッド,藤原正一
フジマサテイオー,藤原正一
フジマサディープ,藤原正一
フジマサヒーロー,藤原正一
フジマサフリーダム,藤原正一
フジマサメジャー,藤原正一
フジマサリアル,藤原正一
フジミ,杉澤光雄
フジヤマテキサス,ＩＨＲ
フジュム,増田和啓
フジラプンツェル,フジレーシング
フジリョウエイ,荒木誠
フジルバーブ,荒木誠
フジレイメイ,荒木誠
フスカル,雅苑興業
フゼアノート,社台レースホース
フタイテン,江馬由将
フタイテンホイール,松谷翔太
フタイテンロック,松谷紫
フタバ,辻雄二
フタミジョウワ,瀬谷隆雄
フタリセゾン,吉野智博
フチサンチャチャ,中西功
フチサンメルチャン,中西功
フッカツノアカシ,福田光博
フッカツノコロアイ,福田光博
フッカツノジャンボ,福田光博
フッカツノジュモン,薗部博之
フッカツノチギリ,福田光博
フッカツノトリデ,福田光博
フッカツノノロシ,福田光博
フッカツムコウジマ,芳賀克也
フッカツラヴ,小林照弘
フックセンチョウ,江川伸夫
フッフール,広尾レース
フトゥーロスフィダ,ビッグレッドファーム
フトコロガタナ,サンデーヒルズ
フドウシン,引地大介
フナウタ,谷掛龍夫
フナデ,ビッグレッドファーム
フブキ,パニオロ
フミエ,由井健太郎
フミエイター,林文彦
フミサウンド,林文彦
フミソニック,林文彦
フミチャン,林文彦
フミノムーン,谷迪
フミバレット,林文彦
フミバレンタイン,林文彦
フミマーズ,林文彦
フミヤングフェイス,ＳＴレーシング
フミロア,林文彦
フミローグ,林文彦
フュチュール,サラブレッドクラブ・ラフィアン
フュラー,宮田美恵子
フュルスティン,橋本実
フュージョンロック,金子真人ホールディングス
フューチャステップ,廣崎双葉
フューチャプライム,星野壽市
フューチャーアゲン,浅川皓司
フューチャーファン,嶋田賢
フューチャーベース,吉田照哉
フューチャーポップ,山口裕介
フューリアス,ケンレーシング組合
フユソウビ,ビッグレッドファーム
フライア,ターフ・スポート
フライアカイト,小林由明
フライウィズミー,ゴドルフィン
フライエフェクト,ビッグレッドファーム
フライオーシャン,谷掛龍夫
フライオールデイズ,岡田壮史
フライクーゲル,水上行雄
フライシュッツ,社台レースホース
フライスカイハイ,吉田千津
フライソーハイ,明栄商事
フライツァイト,保坂和孝
フライデイゼーン,千明牧場
フライトゥヘヴン,大塚亮一
フライトストリーム,シルクレーシング
フライトブルー,宮崎信介
フライトマップ,保坂和孝
フライトメモリア,コスモヴューファーム
フライハイ,堀口晴男
フライバイビーナス,原禮子
フライフリーダム,社台レースホース
フライヤートゥルー,中村忠彦
フライライクバード,窪田芳郎
フライングキャット,辻子依旦
フライングスカイ,ＤＭＭドリームクラブ
フライングターン,村野康司
フライングバレル,ロードホースクラブ
フライングビーナス,インゼルレーシング
フライングブレード,中辻明
フラウティスタ,シルクレーシング
フラガリア,ゴドルフィン
フラクタル,ビッグレッドファーム
フラグランツァ,キャロットファーム
フラゲルムデイ,田頭勇貴
フラスティー,加藤徹
フラッグアドミラル,岡田牧雄
フラッグインハート,名古屋友豊
フラッグサルート,吉田照哉
フラッグタワー,スピードファーム
フラッシュアーク,小林薫
フラッシュオーバー,杉山忠国
フラッシュケリー,水谷昌晃
フラッシュサンダー,グリーンファーム
フラッシュスタイル,嶋田賢
フラッシュタイム,田頭勇貴
フラッシュダンス,ＨｉｍＲｏｃｋＲａｃｉｎｇホールディングス
フラッシュノワール,キャロットファーム
フラッシュヒーロー,田頭勇貴
フラッシュフリーズ,ゴドルフィン
フラッシュポイント,サンデーレーシング
フラッシング,マークス
フラッシングジェム,社台レースホース
フラッシングルビー,ＤＭＭドリームクラブ
フラッシングレート,吉田勝己
フラットコール,Ｇ１レーシング
フラットレー,キャロットファーム
フラッパー,長谷川光司
フラッパールック,吉田千津
フラッフィクラウド,Ｇ１レーシング
フラッフィソング,ウエスト．フォレスト．ステイブル
フラッフィーベア,フジワラ・ファーム
フラップシグナス,吉田照哉
フラテッリ,吉田和美
フラテナ,京都ホースレーシング
フラテルニテ,北嶋義三
フラドタイド,藤田在子
フラフ,中村忠彦
フラベリフォーム,水上行雄
フラミニア,シルクレーシング
フラミンゴフライト,吉田千津
フラムブランシュ,フロンティア
フラムリンガム,吉田照哉
フララナキラ,社台レースホース
フラリオナ,大冨智弘
フラル,ノースヒルズ
フラワリング,シルクレーシング
フラワリングナイト,レッドマジック
フラワーエッセンス,グリーンファーム
フラワーカントリー,西城公雄
フラワーストリーム,花村誠
フラワースプリング,八嶋長久
フラワーズアート,コスモヴューファーム
フラワーデュエット,吉田和美
フラワートゥループ,吉田晴哉
フラワートピアリー,明栄商事
フラワードラム,グリーンファーム
フラワーパレス,平本敏夫
フラワーフェアリー,永見貴昭
フラワープリンセス,堀口晴男
フラワームーン,亀井哲也
フラワーリスペクト,花村誠
フラワーリース,田頭勇貴
フランキーバローズ,猪熊広次
フランクエトワール,ＤＭＭドリームクラブ
フランクエフェクト,シルクレーシング
フランクスピード,キャロットファーム
フランクテソーロ,了徳寺健二ホールディングス
フランクリン,近藤英子
フランコイメル,ケーエスＨＤ
フランコジャポネ,吉田和美
フランコルシャン,ラ・メール
フランシス,田島榮二郎
フランシスガリバー,渡邊英俊
フランシスコダイゴ,ＨｉｍＲｏｃｋＲａｃｉｎｇホールディングス
フランシナテソーロ,了徳寺健二ホールディングス
フランシュフック,吉田勝己
フランシーヌ,中辻明
フランジパーヌ,ウエスト．フォレスト．ステイブル
フランジヴェント,吉田勝己
フランスゴデイナ,稻井田有司
フランセス,星野祐介
フランソワーズ,桑畑夏美
フランチャコルタ,永田和彦
フランツ,近藤英子
フランドル,寺田寿男
フランドルブリエ,手嶋康雄
フランブルー,林正道
フランベリー,森口聡
フランベルジュ,ノースヒルズ
フランヴィア,幅田昌伸
フラヴス,阿部東亜子
フラーケン,竹下佳利
フラーズダルム,吉田勝己
フラーハ,フクキタル
フラーレン,サンデーレーシング
フリアフロリダ,吉田和美
フリッカ,門野文典
フリッカージャブ,ウエスト．フォレスト．ステイブル
フリッシュ,ターフ・スポート
フリットフライ,ヒダカ・ブリーダーズ・ユニオン
フリッパー,谷掛龍夫
フリップアコイン,Ｇ１レーシング
フリフリ,ニッシンホールディングス
フリブール,中村祐子
フリューゲル,黒川暁子
フリューゲルカフェ,西川光一
フリューゲルコア,鈴木昌樹
フリューゲルホルン,前田幸治
フリューリング,嶋田賢
フリンジティアラ,大谷正嗣
フリントロック,ディアレスト
フリーウィーリング,ゴドルフィン
フリーガー,ノースヒルズ
フリークアウト,Ｈ．Ｈ．シェイク・ファハド
フリークボンバー,吉永清美
フリージアテソーロ,了徳寺健二ホールディングス
フリージングフォグ,ゴドルフィン
フリージングレイン,社台レースホース
フリースタイル,小林照弘
フリーズオプション,吉田千津
フリーセント,永田和彦
フリータックス,松尾正
フリーダムスタイル,中村祐子
フリーダムライター,飯田正剛
フリーダムレイン,吉田勝己
フリートオブフット,シルクレーシング
フリード,ビッグレッドファーム
フリーファッション,平本敏夫
フリーフリッカー,ノースヒルズ
フリーフロー,里見美惠子
フリーマン,長谷川進一
フリーマントル,小村アセットＭ
フリームファクシ,金子真人ホールディングス
フリーヤ,コスモヴューファーム
フリーリターン,ミレレーシング
フルオブウィット,吉田晴哉
フルオブエナジー,ＨｏｒｓｅＮｅｔ
フルオブサクセス,吉田千津
フルオブドリームズ,岡田牧雄
フルオブハピネス,日進牧場
フルオブプレイズ,ノルマンディーサラブレッドレーシング
フルオーケストラ,ＨｉｍＲｏｃｋＲａｃｉｎｇホールディングス
フルオール,林正道
フルクティクルス,加藤徹
フルクトゥス,ミルファーム
フルグライト,豊井義次
フルコンタクト,安原浩司
フルコース,内藤好江
フルゴラ,島田久
フルゴリラ,ケンレーシング組合
フルゴル,三嶋牧場
フルセンド,社台レースホース
フルティージャ,社台レースホース
フルデプスリーダー,小田吉男
フルドド,中村祐子
フルドフォルク,ヒダカ・ブリーダーズ・ユニオン
フルドライヴ,辻助
フルネーズ,Ｇ１レーシング
フルハウス,石川達絵
フルハートビート,サンデーレーシング
フルヒロブラック,古岡宏仁
フルフィル,大塚亮一
フルフィルメント,ビッグレッドファーム
フルフラット,大野剛嗣
フルブースト,ＨｉｍＲｏｃｋＲａｃｉｎｇホールディングス
フルボーグ,ディアレストクラブ
フルミネブル,シルクレーシング
フルミント,吉田和美
フルム,京都ホースレーシング
フルムーン,ノースヒルズ
フルメタルボディー,社台レースホース
フルラインナップ,平田修
フルラーナ,キャロットファーム
フルリール,キャロットファーム
フルレゾン,キャロットファーム
フルングニル,社台レースホース
フルヴォート,キャロットファーム
フルーツサンド,田頭勇貴
フルーツバスケット,鈴木剛史
フルーツパフェ,ビッグレッドファーム
フルーツベイビー,ｇｌｉｔｔｅｒＧ
フルーツワゴン,小塩利文
フルートフル,和田牧場
フルートフルデイズ,飯田正剛
フルーメン,金子真人ホールディングス
フルール,ノースヒルズ
フルールエトワール,高松悟
フルールサシェ,コスモヴューファーム
フルールジェンヌ,吉田智
フルールデシャン,飯田正剛
フルールドネージュ,ライオンレースホース
フルールドール,サンデーレーシング
フルールネージュ,志村幸彦
フルールボーテ,友駿ホースクラブ
フルールロイヤル,吉田勝己
フルーヴ,阿部東亜子
フレア,杉山忠国
フレアオブセンス,泉新キャピタル
フレアビート,ノルマンディーサラブレッドレーシング
フレアリボン,ノルマンディーサラブレッドレーシング
フレアリングベリー,シルクレーシング
フレイエ,奥裕嗣
フレイコン,ゴドルフィン
フレイザーテソーロ,了徳寺健二ホールディングス
フレイミングサン,吉田晴哉
フレイミングパイ,薪浦亨
フレイム,ニッシンホールディングス
フレイムウィングス,ゴドルフィン
フレイムジョーカー,ノルマンディーサラブレッドレーシング
フレイムスター,辻子依旦
フレイムリリー,岡田牧雄
フレエル,水上行雄
フレガータ,加藤徹
フレキシブル,ロードホースクラブ
フレグラントブレス,吉田勝己
フレグレイ,ゴドルフィン
フレジエ,シルクレーシング
フレスコバルディ,Ｇ１レーシング
フレスコバンクール,ＫＲジャパン
フレスコパスト,岡田壮史
フレックル,今村明浩
フレッシビレ,グランド牧場
フレッシュスタート,サラブレッドクラブ・ラフィアン
フレッシュステージ,西村新一郎
フレッシュスマイル,坪野谷和平
フレッシュノワール,名古屋友豊
フレッシュラムール,吉田晴哉
フレッシュラン,岡村善行
フレッチア,橋口
フレッチャアズーラ,社台レースホース
フレッチャネーラ,野田政義
フレットローソ,社台レースホース
フレディアーノ,吉田晴哉
フレディバローズ,猪熊広次
フレデリック,島川隆哉
フレミングフープ,金子真人ホールディングス
フレンズプラス,稲場澄
フレンチイデアル,杉山忠国
フレンチギフト,多田賢司
フレンチクイーン,ゴドルフィン
フレンチチェリー,吉田千津
フレンチバローズ,猪熊広次
フレンチフィナール,谷口祐人
フレンチブラッサム,宮内牧場
フレンデル,ＭＭＣ
フレンドアリス,横尾晴人
フレンドエメラルド,横尾晴人
フレンドオパール,横尾晴人
フレンドカグラ,横尾晴人
フレンドキャット,横尾晴人
フレンドキング,横尾晴人
フレンドショコラ,横尾晴人
フレンドシルバー,横尾晴人
フレンドジェイ,横尾晴人
フレンドパル,前田清二
フレンドビーチ,横尾晴人
フレンドピース,横尾晴人
フレンドプリンセス,横尾晴人
フレンドマキ,横尾晴人
フレンドミラクル,横尾晴人
フレンドミラノ,横尾晴人
フレンドモナコ,横尾晴人
フレンドラック,横尾晴人
フレンドリボン,横尾晴人
フレンドリーエース,増山武志
フレンドリーエール,増山武志
フレンドリーサン,増山武志
フレンドリースカイ,増山武志
フレンドロマン,横尾晴人
フレンドローズ,横尾晴人
フレンドワールド,横尾晴人
フレーゲル,内田玄祥
フレースヴェルグ,村木隆
フレーズタルト,高昭牧場
フレーズバニーユ,社台レースホース
フレーズボンボン,子安裕樹ＲＣ
フレーズメーカー,山口功一郎
フレーヴァード,キャロットファーム
フレーヴォ,ロードホースクラブ
フロイデ,岡田壮史
フロイデンベルク,シルクレーシング
フロイトセンス,林正道
フロイング,宮川純造
フロウアンドライム,金子真人ホールディングス
フロウィングダンス,シルクレーシング
フロウオブタイム,程田真司
フロスティクォーツ,ライオンレースホース
フロスティグレイ,シルクレーシング
フロステリオン,ローレルレーシング
フロストエッジ,大樹ファーム
フロストクリスタル,田畑利彦
フロストシティ,ゴドルフィン
フロックス,大野裕
フロムザムーン,ノルマンディーサラブレッドレーシング
フロムザワールド,スピードファーム
フロムダスク,藤田晋
フロムディスタンス,ローレルレーシング
フロムドーン,京都ホースレーシング
フロムドーヴィル,野村茂雄
フロムナウオン,平田修
フロムマイハート,サラブレッドクラブ・ラフィアン
フロムレイブン,窪田芳郎
フロムワンズハート,社台レースホース
フロラシオン,サラブレッドクラブ・ラフィアン
フロリアヌス,グリーンファーム
フロリスタン,大瀧啓之
フロリメル,ゴドルフィン
フロリール,飯田正剛
フロル,大塚亮一
フロルドラーダ,ヒダカ・ブリーダーズ・ユニオン
フロレセール,シルクレーシング
フロレンザール,中辻明
フロレンテム,リーヴァ
フロンサック,村野康司
フロンタルクリス,高橋正雄
フロンタルジェダイ,高橋正雄
フロンテアクイーン,三協ファーム
フロンテアブライト,三協ファーム
フロンテアブルー,三協ファーム
フロンテアムーン,三協ファーム
フロンティア,サンデーレーシング
フロンティエール,フォレストレーシング
フロントフリップ,吉田照哉
フロントライン,シルクレーシング
フロントランナー,山口裕介
フロー,サンライズ
フロースヒルデ,宮川保
フローズンカクテル,吉田千津
フローズンクイーン,中村祐子
フローズンスタイル,吉田照哉
フローズンナイト,ライオンレースホース
フローズンブーケ,ヒダカ・ブリーダーズ・ユニオン
フローティンローズ,ビッグレッドファーム
フローマジック,ＤＭＭドリームクラブ
フローライト,保坂和孝
フローラサンライズ,松岡隆雄
フローラデマリポサ,吉田和美
フローラルアーチ,グリーンファーム
フローラルウェイ,保坂和孝
フローラルオーク,高橋正雄
フローラルキスミー,高橋正雄
フローラルセント,吉田晴哉
フローラルツッキー,皐月
フローラルティアラ,村井良孝
フローラルデザイン,村野康司
フローラルドリーム,高橋正雄
フローラルドレス,高橋正雄
フローラルハニー,吉田勝己
フローラルパーク,高橋正雄
フローラルビアンカ,ライオンレースホース
フローラルピース,高橋正雄
フローラーリア,サラブレッドクラブ・ラフィアン
フローリン,ゴドルフィン
フロールシュタット,吉田勝己
フローレスカラーズ,ノルマンディーサラブレッドレーシング
フローレスクイーン,Ｇ１レーシング
フローレスマジック,サンデーレーシング
フローレンスハニー,ヒダカ・ブリーダーズ・ユニオン
フローレンスフーガ,ヒダカ・ブリーダーズ・ユニオン
フワトロ,佐久間拓士
フーイナム,吉田千津
フーガカンタービレ,ノースヒルズ
フーコサンライズ,ライフハウス
フージャオ,ノースヒルズ
フーズサイド,西森功
フーダオラ,ノースヒルズ
フーディエラン,ノースヒルズ
フードマン,増田和啓
フームスムート,ディアレストクラブ
フーライラ,山口裕介
フーラリ,落合幸弘
フーリッシュホビー,吉田千津
フーレイ,ネコメンレーシング
ブイキャット,岩崎伸道
ブエナオンダ,金子真人ホールディングス
ブエナスエルテ,ゴドルフィン
ブエナディオサ,エースレーシング
ブエナベントゥーラ,サンデーレーシング
ブエナラーマ,飯田良枝
ブエノスアン,ＴＵＲＦレーシング
ブエノスオプティマ,ニットー商事
ブキャナンテソーロ,了徳寺健二ホールディングス
ブギウギウギ,安原浩司
ブギーナイツ,安原浩司
ブクブクー,増田和啓
ブザービーター,Ｙ’ｓレーシング
ブザービート,水谷昌晃
ブショウ,岩切企画
ブシン,藤田晋
ブタノカックーニ,田頭勇貴
ブタンタン,二口雅一
ブッカープライズ,社台レースホース
ブックウエスト,西本資史
ブックオブケルズ,サンデーレーシング
ブッシュガーデン,那須野牧場
ブッシュテソーロ,了徳寺健二ホールディングス
ブッシュドノエル,青芝商事
ブッチギレ,エスペランサ
ブッチーニ,金子真人ホールディングス
ブトラゲーニョ,三岡陽
ブトンドール,吉田和美
ブドワールドール,サンデーレーシング
ブノワデラダンス,岡田牧雄
ブライアンセンス,林正道
ブライアーヒル,高岡浩行
ブライエス,ノースヒルズ
ブライキングボス,伊藤準一郎
ブライスガウ,一村哲也
ブライスフェアリー,コスモヴューファーム
ブライズルーム,ヤナガワ牧場
ブライダルクイーン,ＹＴレーシング
ブライティアアバ,小林昌志
ブライティアキイ,小林昌志
ブライティアコバ,小林昌志
ブライティアサイト,小林昌志
ブライティアシップ,小林昌志
ブライティアセルバ,小林昌志
ブライティアダイヤ,小林昌志
ブライティアデイ,小林昌志
ブライティアビーム,小林昌志
ブライティアフジ,小林昌志
ブライティアブエナ,小林昌志
ブライティアブーケ,小林昌志
ブライティアライト,小林昌志
ブライティアランド,小林昌志
ブライティアルアー,小林昌志
ブライティアレディ,小林昌志
ブライティアロード,小林昌志
ブライテストダーク,小田吉男
ブライテストドーン,吉田千津
ブライテン,ＧＥＴＮＥＸＴ
ブライトアイズ,飯田正剛
ブライトアイディア,小川勲
ブライトアクトレス,岡田牧雄
ブライトアゲイン,インゼルレーシング
ブライトイメル,ケーエスＨＤ
ブライトエアリー,ノルマンディーサラブレッドレーシング
ブライトエンジェル,前田幸貴
ブライトエンパイア,杉山忠国
ブライトオンベイス,ヒダカ・ブリーダーズ・ユニオン
ブライトオーシャン,岡田牧雄
ブライトカリン,ＩＨＲ
ブライトキングダム,前田幸貴
ブライトギフト,保坂和孝
ブライトクォーツ,シルクレーシング
ブライトクラウン,阿津昌弘
ブライトゲイザー,社台レースホース
ブライトココナッツ,西村清子
ブライトゴッデス,ライオンレースホース
ブライトサイン,キャロットファーム
ブライトシーン,コスモヴューファーム
ブライトジュエリー,西村清子
ブライトスノー,古賀慎一
ブライトデジール,ディアレストクラブ
ブライトノヴァ,ノルマンディーサラブレッドレーシング
ブライトノート,水上行雄
ブライトバローズ,猪熊広次
ブライトパス,サンデーレーシング
ブライトビギニング,西村清子
ブライトファントム,杉山忠国
ブライトフラワー,松浦雄一郎
ブライトフレア,吉田千津
ブライトベリル,下河辺牧場
ブライトホルン,ノースヒルズ
ブライトホーン,原禮子
ブライトマン,前田幸貴
ブライトムーン,ノースヒルズ
ブライトメジャー,谷和光彦
ブライトメモリー,広尾レース
ブライトメール,迫田三果子
ブライトライツ,岡田牧雄
ブライトラン,岡村善行
ブライトリビング,社台レースホース
ブライトルピナス,ＣＨＥＶＡＬＡＴＴＡＣＨＥ
ブライトロージー,ダイヤモンドファーム
ブライトンテソーロ,了徳寺健二ホールディングス
ブライトンビーチ,坂巻勝彦
ブライトンピア,浅田次郎
ブライトンロック,坂巻勝彦
ブライドエール,サンデーレーシング
ブライドグルーム,社台レースホース
ブライドピーク,Ｇ１レーシング
ブライリー,佐藤壽男
ブラインドデート,窪田康志
ブラウオリゾン,ディアレストクラブ
ブラウシュヴァルツ,キャロットファーム
ブラウローゼット,コスモヴューファーム
ブラウローゼン,サンデーレーシング
ブラウンアイズ,山上和良
ブラウンウェーブ,櫻井秀樹
ブラウンキュバン,キャピタルクラブ
ブラウンザウバー,キャピタルクラブ
ブラウンバナナ,堀祥子
ブラウンボンバー,古賀慎一
ブラウンマカン,青芝商事
ブラウンラチェット,サンデーレーシング
ブラウンレニウム,キャピタルクラブ
ブラウンローズ,大塚亮一
ブラカー,ゴドルフィン
ブラザリーラヴ,寺田心平
ブラザーサン,海谷幸司
ブラザービート,高橋美雄
ブラジリアンソング,スリーエイチレーシング
ブラジリアンビキニ,ＨｉｍＲｏｃｋＲａｃｉｎｇホールディングス
ブラスセッション,日下部勝徳
ブラスター,金山政信
ブラストウェーブ,シルクレーシング
ブラストオフ,ゴドルフィン
ブラストバローズ,猪熊広次
ブラストビート,京都ホースレーシング
ブラストワンダー,ビッグレッドファーム
ブラストワンピース,シルクレーシング
ブラゾンダムール,Ｇ１レーシング
ブラゾンドゥリス,ノルマンディーサラブレッドレーシング
ブラゾンロワイヤル,グリーンファーム
ブラダマンテ,ＫＡＪＩＭＯＴＯホールディングス
ブラッキッシュ,江馬由将
ブラックアイドタフ,前田幸治
ブラックアイロン,槇本牧場
ブラックアウト,エクワインレーシング
ブラックアダマス,草間庸文
ブラックアピス,藤田孟司
ブラックアピール,ＫＲジャパン
ブラックアマゾン,長谷川兼美
ブラックアモーレ,グランド牧場
ブラックアリエス,キャロットファーム
ブラックアルテミス,黒澤尚
ブラックアンバー,田頭勇貴
ブラックアーシャ,古賀和夫
ブラックアーメット,窪田芳郎
ブラックイメル,ケーエスＨＤ
ブラックウェル,ＨｉｍＲｏｃｋＲａｃｉｎｇホールディングス
ブラックウォーリア,佐藤範夫
ブラックエクシード,菅原広隆
ブラックエトワール,石井輝昭
ブラックエンジェル,太田珠々子
ブラックエンパイア,田頭勇貴
ブラックエヴァン,古賀和夫
ブラックオニキス,岡田牧雄
ブラックオパール,ロードホースクラブ
ブラックオリンピア,サンデーレーシング
ブラックカード,岡浩二
ブラックギムレット,黒澤尚
ブラッククラウズ,ノースヒルズ
ブラッククリスマス,田原邦男
ブラッククローバー,巴山尊文
ブラックケリー,水谷美穂
ブラックゲイル,森田竹哉
ブラックコメディ,山上和良
ブラックコーラル,サンデーレーシング
ブラックサウザー,ロイヤルパーク
ブラックサンタ,ＨｉｍＲｏｃｋＲａｃｉｎｇホールディングス
ブラックサンライズ,ライフハウス
ブラックシャウト,ノルマンディーサラブレッドレーシング
ブラックシャリマー,ＫＲジャパン
ブラックシールド,吉田勝己
ブラックジェイド,ノルマンディーサラブレッドレーシング
ブラックジェダイト,ＹＧＧホースクラブ
ブラックジジ,大瀧啓之
ブラックジャッカル,中村昭博
ブラックジャック,安原浩司
ブラックジュエリー,飛野牧場
ブラックジョワ,松山増男
ブラックジョー,山内邦一
ブラックジルベルト,安原浩司
ブラックジーン,杉山忠国
ブラックスビーチ,山本英俊
ブラックスピネル,サンデーレーシング
ブラックスプルース,サラブレッドクラブ・ラフィアン
ブラックセイバー,Ｇ１レーシング
ブラックソウル,高昭牧場
ブラックソンソルト,サンデーレーシング
ブラックタロー,辻子依旦
ブラックタートル,中本行則
ブラックダイヤ,杉山忠国
ブラックダンサー,前迫義幸
ブラックチャリス,フィールドレーシング
ブラックティンカー,ターフ・スポート
ブラックテイルズ,ＩＨＲ
ブラックテキーラ,黒澤尚
ブラックディーバ,コスモヴューファーム
ブラックデコ,林正道
ブラックデザイア,ＨｉｍＲｏｃｋＲａｃｉｎｇホールディングス
ブラックデビル,岡田壮史
ブラックトマホーク,吉田勝己
ブラックトルネード,田頭勇貴
ブラックドレス,副島義久
ブラックナザレ,ミルファーム
ブラックノワール,シルクレーシング
ブラックハヤテ,ブルースターズファーム
ブラックハーデス,ＨｉｍＲｏｃｋＲａｃｉｎｇホールディングス
ブラックハート,高昭牧場
ブラックバゴ,吉木伸彦
ブラックバッジ,市川義美
ブラックバラード,嶋田一成
ブラックパイン,ゴドルフィン
ブラックパロット,吉田和美
ブラックパンサー,ＨｉｍＲｏｃｋＲａｃｉｎｇホールディングス
ブラックパーシモン,落合幸弘
ブラックヒューマー,ゴドルフィン
ブラックヒル,キーファーズ
ブラックビート,中西功
ブラックピアノ,井上久光
ブラックピンク,山本剛史
ブラックファラオ,首藤徳
ブラックフェアリー,大樹ファーム
ブラックフェザー,兼松康太
ブラックフラミンゴ,ＨｉｍＲｏｃｋＲａｃｉｎｇホールディングス
ブラックブレット,ライオンレースホース
ブラックブロッサム,シルクレーシング
ブラックプラチナム,吉田勝己
ブラックプレイズ,辻子依旦
ブラックヘイロー,吉田和美
ブラックホーネット,ＣＨＥＶＡＬＡＴＴＡＣＨＥ
ブラックホール,芹澤精一
ブラックボイス,スリーエイチレーシング
ブラックボックス,藤田岳彦
ブラックポイント,サンデーレーシング
ブラックマジック,窪田芳郎
ブラックミューズ,柳田悠岐
ブラックミーティア,高橋文男
ブラックムーン,ＨｉｍＲｏｃｋＲａｃｉｎｇホールディングス
ブラックモノリス,林正道
ブラックモリオン,サンデーレーシング
ブラックライズ,インゼルレーシング
ブラックライフ,清水義徳
ブラックラスター,田代洋己
ブラックラテ,サンデーレーシング
ブラックラリア,杉山忠国
ブラックランナー,カナヤマホールディングス
ブラックリスト,ＨｉｍＲｏｃｋＲａｃｉｎｇホールディングス
ブラックリバー,共田義夫
ブラックルシアン,Ｂａｓｉｃ
ブラックルチル,キャロットファーム
ブラックルパン,田畑利彦
ブラックルビー,ＴＮレーシング
ブラックルージュ,有馬博文
ブラックレイ,ノースヒルズ
ブラックレジェンド,ＴＧレーシング
ブラックレッド,井上久光
ブラックレーション,本間茂
ブラックロータス,レッドマジック
ブラックワンダー,佐野信幸
ブラックヴァローナ,黒澤尚
ブラックヴァール,石井輝昭
ブラッシングリー,吉田和子
ブラッティーキッド,グリーンスウォード
ブラッディムーン,藤田孟司
ブラッドサーガ,吉田照哉
ブラッドショー,キヨタケ牧場
ブラッドストーン,加藤徹
ブラッドタイプビー,三岡陽
ブラッドムーン,岡浩二
ブラッドライン,前原敏行
ブラッドワイルド,社台レースホース
ブラビオ,カナヤマホールディングス
ブラボーキングダム,エースレーシング
ブラボーフェスタ,杉山忠国
ブラボーワン,瀬野尾裕久
ブランアルディ,野田善己
ブランオラージュ,ディアレストクラブ
ブランクエンド,諸江幸祐
ブランクシート,ゴドルフィン
ブランクチェック,ゴドルフィン
ブランクペイジ,ゴドルフィン
ブラングライク,ヒダカ・ブリーダーズ・ユニオン
ブランコイラピド,三宅勝俊
ブランシェット,Ｇ１レーシング
ブランシュ,Ｂａｓｉｃ
ブランシュフルール,サンデーレーシング
ブランショセット,吉田照哉
ブランシール,吉田勝己
ブランダード,簗詰貴彦
ブランチアウト,ノルマンディーサラブレッドレーシング
ブランディストック,社台レースホース
ブランディー,北駿競走馬組合
ブランデウェイン,ミルファーム
ブランデーロック,新井利宜
ブランドブラン,長谷川祐司
ブランニューウェイ,ノルマンディーサラブレッドレーシング
ブランニューデイ,ノースヒルズ
ブランニューホーム,ミルファーム
ブランニューミー,山口正行
ブランノワール,シルクレーシング
ブランフォルテ,天白裕之
ブランブランブラン,飯田正剛
ブランメジェール,ノルマンディーサラブレッドレーシング
ブランラパン,前田晋二
ブランヴァンダイク,シルクレーシング
ブラヴァス,佐々木主浩
ブラヴィーノ,岡田牧雄
ブラヴォケラトプス,加藤裕司
ブラヴォバンビーノ,シルクレーシング
ブラヴォージャパン,酒井孝敏
ブラーニーキス,吉田和美
ブラーバック,キャロットファーム
ブラーブサージュ,岩崎僖澄
ブラーブデシジョン,ＫＲジャパン
ブラーミスト,加藤徹
ブラーヴ,宮川純造
ブラーヴイストワル,インゼルレーシング
ブラーヴジャン,吉田智
ブラーヴミノル,吉岡實
ブリアンツァ,グリーンファーム
ブリエスフェール,ライオンレースホース
ブリエヴェール,グリーンファーム
ブリエールセレスト,土井久美子
ブリオメンテ,前原敏行
ブリオローズ,コスモヴューファーム
ブリオンアヴニール,コスモヴューファーム
ブリオーニ,フィールドレーシング
ブリガアルタ,サンデーレーシング
ブリガンダイン,ライオンレースホース
ブリガンティン,ビッグレッドファーム
ブリクスト,サンデーレーシング
ブリサマリーナ,中西純穂
ブリザードベアー,古賀慎一
ブリシンガメン,吉田照哉
ブリジャール,シルクレーシング
ブリスキー,金子真人ホールディングス
ブリスク,平本敏夫
ブリスディーシャ,石原進
ブリスフル,小林竜太郎
ブリスフルイヤー,社台レースホース
ブリスフルデイズ,サンデーレーシング
ブリタニア,谷掛龍夫
ブリックアブラック,岡田牧雄
ブリックス,北駿競走馬組合
ブリックスダール,キャロットファーム
ブリックスラテ,藤田晋
ブリックスラヴ,アラキファーム
ブリックダルジャン,シルクレーシング
ブリックバーン,林正道
ブリックワーク,下河辺隆行
ブリックンクリック,金子真人ホールディングス
ブリッジエフェクト,社台レースホース
ブリッジオーヴァー,下河辺俊行
ブリッジジェイアイ,高橋ファーム
ブリッジワン,コスモ・コスモ
ブリッツアウェイ,吉田照哉
ブリッツアロング,水上行雄
ブリッツェンシチー,友駿ホースクラブ
ブリッツクリーク,ノルマンディーサラブレッドレーシング
ブリッツシュラーク,前田幸貴
ブリッツファング,ウエスト．フォレスト．ステイブル
ブリッツモメント,ヒダカ・ブリーダーズ・ユニオン
ブリットラン,岡村善行
ブリヤディアマンテ,西見徹也
ブリュットミレジメ,加藤徹
ブリュンヒルデ,ＯＲＴＥＧＡ
ブリューナク,ＯＲＴＥＧＡ
ブリヨンカズマ,吉田和美
ブリランテイモン,井門敏雄
ブリラーノ,前田清二
ブリラーレ,早野誠
ブリリアンス,村野康司
ブリリアンティーン,吉田照哉
ブリリアントウェイ,杵臼牧場
ブリリアントカーラ,シルクレーシング
ブリリアントキング,ゴドルフィン
ブリリアントギフト,山田弘
ブリリアントコール,シルクレーシング
ブリリアントスピカ,杵臼牧場
ブリリアントパーク,ゴドルフィン
ブリリアントビーム,北原光一郎
ブリリアントフレア,阿部善武
ブリリアントマイア,鈴木芳夫
ブリリアントモア,冨沢敦子
ブリリアントリリー,ノルマンディーサラブレッドレーシング
ブリリアンブルーム,宮崎俊也
ブリリオ,カナヤマホールディングス
ブリンク,吉田和美
ブリングイットオン,サラブレッドクラブ・ラフィアン
ブリングトゥライフ,Ｇ１レーシング
ブリングミージョイ,飯田良枝
ブリングライト,前田清二
ブリンディジ,山田弘
ブリンブリン,木部厳生
ブリーザフレスカ,名古屋友豊
ブリージョドラード,Ｇ１レーシング
ブリーズアップ,酒井孝敏
ブリーズオンチーク,泉新キャピタル
ブリーズスズカ,永井宏明
ブリーゼ,阿部東亜子
ブリーゼプリマベラ,フィールドレーシング
ブルアモーレ,高田秀信
ブルガリアンローズ,田頭勇貴
ブルクトーア,キャロットファーム
ブルクラシコ,高田秀信
ブルゴーニュ,幅田昌伸
ブルジュドバイ,野村茂雄
ブルジョア,ＨｉｍＲｏｃｋＲａｃｉｎｇホールディングス
ブルジョンドレーヴ,土井久美子
ブルスカメンテ,吉田勝己
ブルスクーロ,サンデーレーシング
ブルスケッタ,村島昭男
ブルズアイ,プレミアムレースホース
ブルズアイプリンス,田中慶治
ブルックリンダンス,シルクレーシング
ブルックレット,三嶋牧場
ブルトガング,サンデーレーシング
ブルトンクール,会田浩史
ブルドッグガール,ＨｉｍＲｏｃｋＲａｃｉｎｇホールディングス
ブルドッグキング,ＨｉｍＲｏｃｋＲａｃｉｎｇホールディングス
ブルドッグドン,明栄商事
ブルドッグボス,ＨｉｍＲｏｃｋＲａｃｉｎｇホールディングス
ブルドッグミトス,ＨｉｍＲｏｃｋＲａｃｉｎｇホールディングス
ブルドッグワイルド,ＨｉｍＲｏｃｋＲａｃｉｎｇホールディングス
ブルネット,土田重実
ブルバンビーナ,高田秀信
ブルパーチェ,ディアレストクラブ
ブルベアアルジェン,ブルアンドベア
ブルベアアンペア,ブルアンドベア
ブルベアイリーデ,ブルアンドベア
ブルベアエーカー,ブルアンドベア
ブルベアオンス,ブルアンドベア
ブルベアオーロ,森中蕃
ブルベアカイリ,磯波勇Ｆ
ブルベアカルネ,ブルアンドベア
ブルベアカロリー,森中蕃
ブルベアカンデラ,ブルアンドベア
ブルベアカーキ,森中蕃
ブルベアガロン,ブルアンドベア
ブルベアクレーマ,ブルアンドベア
ブルベアクワイ,ブルアンドベア
ブルベアコローレ,ブルアンドベア
ブルベアジネンジョ,ブルアンドベア
ブルベアジュラフ,ブルアンドベア
ブルベアセロリ,森中蕃
ブルベアテラコッタ,ブルアンドベア
ブルベアトリュフ,ブルアンドベア
ブルベアトーノ,ブルアンドベア
ブルベアナノ,ブルアンドベア
ブルベアノット,森中蕃
ブルベアハロン,ブルアンドベア
ブルベアバレル,ブルアンドベア
ブルベアパンサー,ブルアンドベア
ブルベアビアンコ,ブルアンドベア
ブルベアブルーノ,ブルアンドベア
ブルベアブロッコリ,ブルアンドベア
ブルベアブロンゾ,森中蕃
ブルベアベージュ,ブルアンドベア
ブルベアペスカ,森中蕃
ブルベアボルド,ブルアンドベア
ブルベアマイル,ブルアンドベア
ブルベアマローネ,ブルアンドベア
ブルベアミリオン,ブルアンドベア
ブルベアモル,ブルアンドベア
ブルベアヤード,ブルアンドベア
ブルベアラクーン,ブルアンドベア
ブルベアリーノ,ブルアンドベア
ブルベアロッソ,ブルアンドベア
ブルベアローザ,ブルアンドベア
ブルベアヴェルデ,ブルアンドベア
ブルボンクイーン,ノースヒルズ
ブルボンティアラ,ビッグレッドファーム
ブルミラコロ,高田秀信
ブルメンダール,キャロットファーム
ブルレジーナ,高田秀信
ブルレスカ,前田幸治
ブルロッソ,高田秀信
ブルンツヴィーク,ノルマンディーサラブレッドレーシング
ブルヴェルソン,シルクレーシング
ブルヴェール,柴原榮
ブルーアイドガール,ライオンレースホース
ブルーアガヴェ,金子真人ホールディングス
ブルーアズール,飯田正剛
ブルーアトール,田頭勇貴
ブルーアルドール,星野壽市
ブルーアロマ,寺田寿男
ブルーアロー,岡田甲子男
ブルーアンドグレイ,ミルファーム
ブルーアンバー,ミルファーム
ブルーアンビエンス,ディアレスト
ブルーアーカイブ,青山洋一
ブルーアース,スピードファーム
ブルーイングリーン,上村洋司
ブルーインサニティ,石瀬浩三
ブルーウィン,岡田甲子男
ブルーウィング,ゴドルフィン
ブルーエ,島川隆哉
ブルーエクセレンス,ゴドルフィン
ブルーエンジェルス,ターフ・スポート
ブルーオブウインド,田頭勇貴
ブルーオラーリオ,ＹＧＧホースクラブ
ブルーカノン,嶽崎元彦
ブルーカミング,桜井欣吾
ブルーカルセドニー,ＫＲジャパン
ブルーガーディアン,ＹＧＧホースクラブ
ブルーガーデニア,桜井欣吾
ブルークレスト,蕭敬意
ブルークレール,島川隆哉
ブルーグラス,三田昌宏
ブルーグラスソング,タイヘイ牧場
ブルーグラビティ,ＹＧＧホースクラブ
ブルーグリッター,井手慶祐
ブルーグロット,藤田在子
ブルーグローブ,林正道
ブルーゲート,石瀬浩三
ブルーコンパクタ,村上稔
ブルーコーナー,サンライズ
ブルーコーラル,ローレルレーシング
ブルーコーヴ,保坂和孝
ブルーゴールド,青山郁代
ブルーサン,石瀬浩三
ブルーサンセット,吉田勝己
ブルーサンダー,中辻明
ブルーサーマル,ゴドルフィン
ブルーザリオン,小林哲之
ブルーザー,名古屋友豊
ブルーシグナル,田島榮二郎
ブルーシャトー,サザンホールディング
ブルーシューズ,田島榮二郎
ブルーシンフォニー,ゴドルフィン
ブルーシープ,石瀬浩三
ブルージェイ,キャロットファーム
ブルージェネシス,ライフエンタープライズ
ブルージャイアント,青山洋一
ブルージュ,キャロットファーム
ブルージルコン,山岸桂市
ブルージンジャー,吉田和美
ブルージーン,安原浩司
ブルースウェード,新生ファーム
ブルースカイハーツ,ヒダカ・ブリーダーズ・ユニオン
ブルースカイブルー,丸山担
ブルースコード,ビクトリーホースランチ
ブルースター,ウエスト．フォレスト．ステイブル
ブルーステラ,星加浩一
ブルーストレイル,加藤徹
ブルースバローズ,猪熊広次
ブルースパーダ,青山洋一
ブルースピリット,ゴドルフィン
ブルースプレイヤー,吉田照哉
ブルースペース,岡田甲子男
ブルースワット,辻川弘
ブルーセルリアン,イクタ
ブルータス,広尾レース
ブルータンゴ,三田昌宏
ブルーダイヤ,古川智洋
ブルーダイヤカフェ,西川恭子
ブルーダイヤシチー,友駿ホースクラブ
ブルーチェリー,桜井欣吾
ブルーチップ,ゴドルフィン
ブルーテネーシャス,青山郁代
ブルーデイジー,青山郁代
ブルートブロッサム,松岡隆雄
ブルーノザビーチ,子安裕樹ＲＣ
ブルーノジュネス,島川隆哉
ブルーノバローズ,猪熊広次
ブルーノート,薪浦州平
ブルーハワイアン,村野康司
ブルーハーツ,成富直行
ブルーハートリリー,吉田千津
ブルーバレル,岡田甲子男
ブルーバード,サラブレッドクラブ・ラフィアン
ブルーパピヨン,田島榮二郎
ブルーパー,小林祐一
ブルーパール,谷掛龍夫
ブルービューティ,桜井欣吾
ブルービーム,岡田甲子男
ブルーファンク,市川義美ホールディングス
ブルーフェアリー,ヒダカ・ブリーダーズ・ユニオン
ブルーフラット,畑佐博
ブルーフレア,蕭敬意
ブルーブルースカイ,浅田次郎
ブルーブレイブ,岡田甲子男
ブルーブロディ,ＩＴＯレーシング
ブループラネット,桜井欣吾
ブループリマドンナ,高昭牧場
ブルーベリーフィズ,保坂和孝
ブルーベル,和田牧場
ブルーペクトライト,キャロットファーム
ブルーホープ,コスモヴューファーム
ブルーマエストロ,吉田和美
ブルーマッキンジー,琴浦諒
ブルーミスト,ゴドルフィン
ブルーミン,佐々木雄二
ブルーミングスカイ,島川隆哉
ブルーミングブーケ,コロンバスサークル
ブルーミングローズ,サンデーレーシング
ブルーミンデザイン,吉田照哉
ブルーミーティア,山崎泰博
ブルーム,松島正昭氏Ｊマグニア夫人Ｍテイバー＆Ｄスミス
ブルームオブピース,飯田貴大
ブルームコード,ノルマンディーサラブレッドレーシング
ブルームザスマイル,伊藤篤
ブルームスベリー,社台レースホース
ブルームソング,ヒダカ・ブリーダーズ・ユニオン
ブルームノーズ,那須野牧場
ブルームラッシュ,社台レースホース
ブルームワルツ,河野洋平
ブルームーン,ノースヒルズ
ブルーメサイア,三協ファーム
ブルーメサンライズ,ライフハウス
ブルーメンクローネ,キャロットファーム
ブルーメンコルソ,吉田和美
ブルーメンフェスト,大樹ファーム
ブルーモンターニュ,松岡隆雄
ブルーユンチェリー,高樽さゆり
ブルーライト,高橋文男
ブルーライトルナ,高昭牧場
ブルーラジカル,蕭敬意
ブルーリップグロス,山上和良
ブルーリファール,日下部勝徳
ブルーリボン,大瀧啓之
ブルーリヴァーサル,青山郁代
ブルーレース,ノースヒルズ
ブルーレーン,本間茂
ブルーロワイヤル,サンデーレーシング
ブルーローズシップ,ＹＧＧホースクラブ
ブルーワール,栗山学
ブレイキングドーン,前田幸貴
ブレイキングバッド,山口裕介
ブレイキンルース,石井義人
ブレイク,ビッグレッドファーム
ブレイクアウェイ,ライオンレースホース
ブレイクエース,キャロットファーム
ブレイクガール,藤田晋
ブレイクザアイス,コウトミックレーシング
ブレイクザソング,井上久光
ブレイクザボーダー,グランデオーナーズ
ブレイクショット,嶋田賢
ブレイクスピアー,前田葉子
ブレイクネック,水谷昌晃
ブレイクバウンズ,保坂和孝
ブレイクフォース,水上行雄
ブレイクボーイ,藤田晋
ブレイシオン,樋口雅彦
ブレイジングスター,京都ホースレーシング
ブレイズアウト,サンデーレーシング
ブレイズカルナバル,京都ホースレーシング
ブレイズガール,岡田牧雄
ブレイズボーイ,古賀禎彦
ブレイズランナー,青山洋一
ブレイゼスト,水上行雄
ブレイディヴェーグ,サンデーレーシング
ブレイドラン,岡村善行
ブレイニーラン,シルクレーシング
ブレイブウォリアー,谷口祐人
ブレイブキトゥン,ヒダカ・ブリーダーズ・ユニオン
ブレイブシュガー,加藤徹
ブレイブハートマン,宮崎俊也
ブレイブバイオ,バイオ
ブレイブメジャー,シルクレーシング
ブレイブメンロード,須藤英之
ブレイブライオン,ライオンレースホース
ブレイムドーター,小川眞査雄
ブレイリーマックス,村上憲政
ブレイロックホール,キャロットファーム
ブレイントゥルー,佐々木幸弘
ブレイヴアロウ,加藤裕司
ブレイヴアーサー,フィールドレーシング
ブレイヴガール,西森功
ブレイヴサウンド,ノルマンディーサラブレッドレーシング
ブレイヴサムソン,林正道
ブレイヴソルジャー,ディアレストクラブ
ブレイヴバローズ,猪熊広次
ブレイヴリー,吉田ひとみ
ブレイヴルーラー,京都ホースレーシング
ブレイヴロッカー,吉田照哉
ブレガーロード,キャロットファーム
ブレゲアン,廣崎智子
ブレスアロット,吉田照哉
ブレスオブライフ,フクキタル
ブレスク,Ｇ１レーシング
ブレスジャーニー,島川隆哉
ブレステイキング,サンデーレーシング
ブレストサンダー,山藤賢
ブレスドナイル,飯田正剛
ブレスドレイン,和田牧場
ブレスバイルーラー,ヒダカ・ブリーダーズ・ユニオン
ブレスユアスターズ,シルクレーシング
ブレスレスリー,ゴドルフィン
ブレスロガール,ディアレストクラブ
ブレスワード,キャロットファーム
ブレッザマリーナ,ヒダカ・ブリーダーズ・ユニオン
ブレッシングクライ,社台レースホース
ブレッシングテレサ,シルクレーシング
ブレッシングライト,ノルマンディーサラブレッドレーシング
ブレッシングレイン,キャロットファーム
ブレッティレディ,ローレルレーシング
ブレットアーチ,吉田勝己
ブレットゥ,安原浩司
ブレットパス,キャロットファーム
ブレットフライ,マークス
ブレットプルーフ,ミルファーム
ブレディバンチ,諸江幸祐
ブレトワルダ,大塚亮一
ブレナイ,山下良子
ブレナムパレス,サンデーレーシング
ブレナヴォン,社台レースホース
ブレバ,コージーレーシング
ブレリア,ノルマンディーサラブレッドレーシング
ブレヴェスト,平岡茂樹
ブレークアップ,阿部東亜子
ブレーザー,ノルマンディーサラブレッドレーシング
ブレージングサドル,サンデーレーシング
ブレード,平本敏夫
ブレードキング,大島豊彦
ブレードサクセス,大島豊彦
ブレードダンシング,大島豊彦
ブレードバローズ,猪熊広次
ブレードフォルテ,一村哲也
ブレードランナー,田頭勇貴
ブレーナード,吉田勝己
ブレーマーヒル,谷口悦一
ブレーンクロー,藤井聡一郎
ブレーヴウィザード,ライオンレースホース
ブレーヴジャッカル,シルクレーシング
ブレーヴジャーニー,社台レースホース
ブレーヴソウル,ヒダカ・ブリーダーズ・ユニオン
ブレーヴトライ,ヒダカ・ブリーダーズ・ユニオン
ブレーヴユニコーン,諸江幸祐
ブロウユアマインド,シルクレーシング
ブロウンアウェイ,岡田牧雄
ブロセリアンド,サンデーレーシング
ブロックチェーン,ニットー商事
ブロックバスター,深見敏男
ブロッケンボウ,小林竜太郎
ブロッケンリング,スピードファーム
ブロッコリー,嶋田賢
ブロッコロ,ニューマレコード
ブロットキャスター,本間茂
ブロフェルド,ヒダカ・ブリーダーズ・ユニオン
ブロワ,ミルファーム
ブロンクス,古賀慎一
ブロンザイト,キャロットファーム
ブロンズケイ,畑佐博
ブロンズテーラー,中西浩一
ブロンズレッド,下河辺隆行
ブロンテス,奥雅哉
ブロンテビーチ,フクキタル
ブロンディ,風早信昭
ブロンディール,佐々木雄二
ブロント,金子真人ホールディングス
ブロンドアスク,廣崎利洋
ブロンドエール,キャロットファーム
ブロンドキュート,友駿ホースクラブ
ブロンドケリー,水谷昌晃
ブローイングスノー,ノルマンディーサラブレッドレーシング
ブローガンダーツ,バード商事
ブロークンハート,ゴドルフィン
ブローザホーン,岡田牧雄
ブロードアクト,伊東純一
ブロードアリュール,シルクレーシング
ブロードイメル,ケーエスＨＤ
ブロードグリン,キャロットファーム
ブロードハースト,キャロットファーム
ブロードマリー,ユートピア牧場
ブロードリーチ,キャロットファーム
ブローヴェイス,豊井義次
ブンキンタカシマダ,内田玄祥
ブンゴ,江口雄一郎
ブンダクリフス,ゴドルフィン
ブンロート,石瀬浩三
ブーガルー,ＰＲＩＤＥＲＯＣＫ
ブーケ,石川達絵
ブーケアルメリア,田中純一
ブーケエスポワール,高瀬正志
ブーケオブアイリス,小林善一
ブーケオブジュエル,社台レースホース
ブーケコサージュ,ロードホースクラブ
ブーケザゴールド,京都ホースレーシング
ブーケスマイル,ヒダカ・ブリーダーズ・ユニオン
ブーケドグレイス,ノルマンディーサラブレッドレーシング
ブーケドフルール,村野康司
ブーケドボワ,北所直人
ブーケドリス,Ｇ１レーシング
ブーケファロス,矢野まり子
ブーゲンビリア,飯田良枝
ブーザー,金子真人ホールディングス
ブーシェガール,小林祥晃
ブーディガ,スリーエイチレーシング
ブートストラップ,梶原大輔
ブートニエール,社台レースホース
ブーバー,ＤｅｅｐＣｒｅｅｋ
ブームバップビート,藤田晋
ブーヤカ,青山洋一
ブールアネージュ,社台レースホース
ブールアンブレス,シルクレーシング
ブールタング,前田幸治
ブールドネージュ,ミルファーム
ブールバール,寺田寿男
プウスカンドゥール,廣崎双葉
プエラリアチェコ,谷脇智恵子
プエルタアスール,アスール
プエルタセクレタ,サンデーレーシング
プエルタデルソル,前田幸治
プエルトガレラ,丸山担
プエルトプラタ,栗山道郎
プエルトボニータ,谷掛龍夫
プエンテデグロリア,谷口祐人
プカナラ,ノースヒルズ
プグナファータ,ウエスト．フォレスト．ステイブル
プシプシーナ,吉田和美
プシュカル,手嶋康雄
プシュパ,ゴドルフィン
プタハ,高瀬真尚
プチジュラシック,吉田和美
プチティアレ,落合幸弘
プチティラン,社台レースホース
プチフレーシュ,田中義明
プチブール,ウエスト．フォレスト．ステイブル
プチプランス,ノースヒルズ
プチプラージュ,小濱正智
プチボヌール,村野康司
プチョヘンザ,ミルファーム
プチルミエール,笹山智市
プッシュアゲン,浅川皓司
プッシュオン,ライオンレースホース
プッシュザリミット,ＫＲジャパン
プッシュフォワード,中越達也
プッシーウィロー,田頭勇貴
プッティー,田畑利彦
プティアレッサ,島川隆哉
プティアンジュ,ヒダカ・ブリーダーズ・ユニオン
プティエル,Ｈ．ＦＡｓｓｏｃｉａｔｉｏｎ
プティキャドウ,雅苑興業
プティコリーヌ,近藤洋司
プティサンティーユ,榊原源一郎
プティシュシュ,小林竜太郎
プティシラー,ゴドルフィン
プティダンサー,スリーエイチレーシング
プティットクルール,首藤徳
プティトゥ,キーファーズ
プティフルール,島川隆哉
プティミニョン,ターフ・スポート
ププッピドゥ,岡浩二
プペアンビスキュイ,吉田勝己
プメハナ,ノースヒルズ
プモリテソーロ,了徳寺健二ホールディングス
プライスレス,カタオカファーム
プライドマイセルフ,ＧＥＴＮＥＸＴ
プライドランド,サンデーレーシング
プライベートアイズ,中水英紀
プライベートカラー,三石川上牧場
プライム,カナヤマホールディングス
プライムアクター,京都ホースレーシング
プライムエルフ,ヒダカ・ブリーダーズ・ユニオン
プライムクオリティ,岡田牧雄
プライムコード,ターフ・スポート
プライムシスター,小林英一ホールディングス
プライムチャーム,ＣＨＥＶＡＬＡＴＴＡＣＨＥ
プライムチョイス,宮川純造
プライムデイ,スリーエイチレーシング
プライムトゥーレ,サイプレスホールディングス
プライムフェイズ,サンデーレーシング
プライムブルー,平川三津
プライムライン,広尾レース
プライムレート,京都ホースレーシング
プライモーディアル,ゴドルフィン
プラウサス,山上和良
プラウディッツ,サンデーレーシング
プラウドウィッチ,吉田勝己
プラウドオブユー,ヒダカ・ブリーダーズ・ユニオン
プラウドヒストリー,水上行雄
プラウドブルーベル,小島俊治
プラウドヘリテージ,ゴドルフィン
プラウドメアリー,前田亘輝
プラウドモーメント,シルクレーシング
プラウドリネージュ,フィールドレーシング
プラウドルック,吉田勝己
プラエクラーラ,ノースヒルズ
プラクシテレス,服部健太郎
プラクティコ,村野康司
プラクルアン,ノースヒルズ
プラジオライト,田頭勇貴
プラスツー,西村新一郎
プラズマウェーク,社台レースホース
プラズマテイル,岡田牧雄
プラソン,市川義美
プラタルス,ディアレストクラブ
プラダリア,名古屋友豊
プラチナアッシュ,畑佐博
プラチナカフェ,西川恭子
プラチナコード,ヒダカ・ブリーダーズ・ユニオン
プラチナジェット,レッドマジック
プラチナジュビリー,大塚亮一
プラチナスター,落合幸弘
プラチナトレジャー,嶋田賢
プラチナドリーム,飯田正剛
プラチナバンド,明栄商事
プラチナビューティ,西城公雄
プラチナポイント,海谷幸司
プラチナポセイドン,ラ・メール
プラチナムディスク,岡田牧雄
プラチナムバレット,ノルマンディーサラブレッドレーシング
プラチナムレイアー,岡田牧雄
プラチナリボン,三宅勝俊
プラチナレディ,細谷典幸
プラチナヴォイス,本間茂
プラチナヴルール,ＹＧＧホースクラブ
プラットフォーマー,中村政夫
プラティア,コスモヴューファーム
プラティクレール,ノルマンディーサラブレッドレーシング
プラティナマリア,ヒダカ・ブリーダーズ・ユニオン
プラトニックガール,高樽さゆり
プラトフエルテ,ビッグレッドファーム
プラトリーナ,サンデーレーシング
プラトン,近藤英子
プラニエータ,山口功一郎
プラニスフェリオ,水上行雄
プラネタリウム,市川義美ホールディングス
プラネタリーアワー,社台レースホース
プラネットアース,吉澤克己
プラネットルージュ,古賀禎彦
プラビータ,高岡浩行
プラピルーン,田頭勇貴
プラムストーン,シルクレーシング
プラムダンディ,佐藤壽男
プラヤデルカルメン,ゴドルフィン
プランスシャルマン,村野康司
プランセスカグヤ,岡田牧雄
プランタニエール,成富直行
プランタンヴェール,グリーンファーム
プラントアゲン,浅川皓司
プランドラー,サンデーレーシング
プランドルアンテ,シルクレーシング
プラージュプレミア,磯部昌史
プラーヴィ,長谷川祐司
プリエンプト,社台レースホース
プリエール,水上行雄
プリオールトップ,小林昌志
プリカジュール,ノースヒルズ
プリサイスエース,井山登
プリサイスショット,山上和良
プリザーブドローズ,コスモヴューファーム
プリスクリプション,篁真一郎
プリズマジコ,ニットー商事
プリズマティコ,サンデーレーシング
プリズムストーン,田頭勇貴
プリティアイドル,丸岡啓一
プリティインピンク,新木鈴子
プリティウーマン,タイヘイ牧場
プリティキッス,サラブレッドクラブ・ラフィアン
プリティジェニー,大和屋暁
プリティスラッガー,丸岡啓一
プリティセレブ,吉田千津
プリティディーヴァ,吉田和美
プリティドヌーヴ,井山登
プリティドール,丸岡啓一
プリティバレリーナ,横瀬兼二
プリティパール,原禮子
プリティプリティー,フジワラ・ファーム
プリティマックス,丸岡啓一
プリティユニバンス,亀井哲也
プリティワヒネ,横瀬兼二
プリティーチャンス,廣崎利洋ＨＤ
プリティーハニー,大田恭充
プリティーハート,堀口晴男
プリティーミズホ,八巻弘一
プリティーメモリー,海谷幸司
プリディカメント,ゴドルフィン
プリドラ,ノルマンディーサラブレッドレーシング
プリヒストリー,ゴドルフィン
プリファードラン,小林英一ホールディングス
プリプリプリン,是枝浩平
プリペアード,サラブレッドクラブ・ラフィアン
プリマアルバ,白石明日香
プリマウェイ,新井原博
プリマグランツ,ノルマンディーサラブレッドレーシング
プリマグラード,キャロットファーム
プリマコロン,臼井義太郎
プリマジア,藤沼利夫
プリマディーバ,ノルマンディーサラブレッドレーシング
プリマドンナアスク,廣崎利洋ＨＤ
プリマフェーヴル,新井原博
プリマリスト,コスモヴューファーム
プリマリー,湯澤久徳
プリマヴィスタ,加藤裕司
プリマヴィータ,酒井孝敏
プリマヴェージ,手嶋康雄
プリマヴォルタ,ディアレストクラブ
プリミエラムール,ライオンレースホース
プリムスフィーリア,成富直行
プリムツァール,社台レースホース
プリムヴェール,ノースヒルズ
プリメイラ,近藤英子
プリメラエストレラ,ノースヒルズ
プリメラクラセ,鈴木芳夫
プリメラビスタ,サンデーレーシング
プリモカリーナ,ライオンレースホース
プリモカヴァロ,猪又晶介
プリモシークエンス,シルクレーシング
プリモシーン,シルクレーシング
プリモジョーカー,グランド牧場
プリモスペランツァ,伊藤篤
プリモスペード,グランド牧場
プリモダルク,伊藤佳幸
プリモダヴィンチ,グランド牧場
プリモパッソ,塚田義広
プリモパンサー,グランド牧場
プリモプレミオ,堂守貴志
プリヤンカー,高瀬真尚
プリュイドール,ＤＭＭドリームクラブ
プリュス,キーファーズ
プリュスエクラ,社台レースホース
プリュネルウィンク,嶋田賢
プリュノワール,シルクレーシング
プリュムドランジュ,岡田牧雄
プリュムドール,ノルマンディーサラブレッドレーシング
プリンアラモード,田頭勇貴
プリンキパトゥス,吉田勝己
プリンキピッサ,Ｇ１レーシング
プリンクアップ,ゴドルフィン
プリンサン,是枝浩平
プリンシアコメータ,芳川貴行
プリンシアティアモ,芳川貴行
プリンシアブラスカ,芳川貴行
プリンシアルーチェ,芳川貴行
プリンシパル,ゴドルフィン
プリンシパルスター,シルクレーシング
プリンシペペケニョ,丸山担
プリンスオブジオン,ＣＯＣＯＲＯ組合
プリンスオブペスカ,山田信太郎
プリンスカノン,中地賢次郎
プリンスジョイ,窪田芳郎
プリンスゼンナン,窪田康志
プリンスチャーム,ゴドルフィン
プリンスドール,インゼルレーシング
プリンスノット,ノルマンディーサラブレッドレーシング
プリンスミノル,吉岡輝美
プリンスメーカー,小原準一郎
プリンスリターン,コスモヴューファーム
プリンセスアスク,廣崎利洋ＨＤ
プリンセスアツコ,田中真史
プリンセスアメリカ,内藤好江
プリンセスアール,岡田繁幸
プリンセスオーラ,大森悌次
プリンセスカノヤ,二風谷ファーム
プリンセスカレン,村上稔
プリンセスココア,鳴田啓志
プリンセスコゼット,高橋明裕
プリンセスサクラ,田畑利彦
プリンセスシャイン,中西忍
プリンセスシューズ,呉本昌時
プリンセスダズリン,古賀和夫
プリンセスダーコ,河本尚吾
プリンセスナイト,木村牧場
プリンセスノンコ,吉田千津
プリンセスビグラス,山本茂
プリンセスプリン,ラ・メール
プリンセスモコ,三嶋牧場
プリンセスヨウク,ライオンレースホース
プリンセスララア,青山郁代
プリンセスリーナ,田畑利彦
プリンセスルーラー,大森悌次
プリンセスロッティ,天野和哉
プリンセスロロ,清進電設
プリンセスロージー,内藤好江
プリンセッサ,永田和彦
プリンニシテヤルノ,ニューマレコード
プリヴィエレジェ,落合幸弘
プリヴィマーク,キャロットファーム
プリヴェット,下河辺俊行
プリーズモア,ノースヒルズ
プリーチトヤーン,高瀬真尚
プリーミー,吉田和美
プリームムロジンカ,ディアレストクラブ
プルクラ,金子真人ホールディングス
プルクワ,Ｇ１レーシング
プルサティーラ,サンデーレーシング
プルシアンブルー,廣野敏樹
プルシャプラ,関田光男
プルスウルトラ,ミルファーム
プルセイラ,前田幸治
プルタオルネ,佐藤良二
プルナチャンドラ,ウエスト．フォレスト．ステイブル
プルパレイ,Ｇリビエール・レーシング
プルプレア,ウエスト．フォレスト．ステイブル
プルマブランカ,協和牧場
プルミエショコラ,栗本篤志
プルミエソルティ,モンレーヴ
プルミエプランタン,グリーンファーム
プルミエロール,キャロットファーム
プルミエールパス,塚田義広
プルメリアクヒオ,武田浩典
プルメリアグレース,藤田好紀
プルメリアブーケ,吉田勝己
プルメリアリノ,武田浩典
プルメリアリング,ＶｉｒｉｄｉａｎＫｅｉｂａＣｌｕｂ
プルモナリア,ノースヒルズ
プルルス,杉浦和也
プルンクザール,水上ふじ子
プルヴォワール,由井健太郎
プルークファーレン,吉田照哉
プルートマスター,吉田照哉
プルーフリーダー,吉岡泰治
プルーフリーディン,ゴドルフィン
プルーミー,中村智幸
プルーヴンウィナー,Ｇ１レーシング
プレアデスグループ,吉田晴哉
プレアヴィヒア,Ｇ１レーシング
プレイアディ,加藤誠
プレイアブルゲーム,薗部博之
プレイイットサム,ゴドルフィン
プレイイットラウド,ライオンレースホース
プレイオネ,ミルファーム
プレイサーゴールド,ＣＨＥＶＡＬＡＴＴＡＣＨＥ
プレイザットソング,社台レースホース
プレイザリード,社台レースホース
プレイズラン,岡村善行
プレイソフトリー,ゴドルフィン
プレイテシア,水上行雄
プレイフォーエフ,仲谷善彰
プレイフルデイズ,亀岡和彦
プレイフルネス,楠本勝美
プレイマウント,社台レースホース
プレイメイカー,ゴドルフィン
プレイヤーサムソン,嶋田賢
プレイヤーズハイ,藤田孟司
プレイラピーダ,田上雅春
プレイリードリーム,田所英子
プレイングラン,スリースターズレーシング
プレインコート,吉田勝己
プレカーサー,ライオンレースホース
プレカーリー,ミルファーム
プレガリア,水上行雄
プレサージオ,吉田千津
プレサージュリフト,サンデーレーシング
プレザントアンクル,臼井一眞
プレザントウインド,宮崎吉二
プレザントトーン,吉田晴哉
プレザントロンドン,スリーエイチレーシング
プレシオーソ,カナヤマホールディングス
プレシャスアセット,ゴドルフィン
プレシャスアロー,ゴールドアップ・カンパニー
プレシャスアワーズ,吉野弘司
プレシャスエース,鈴木芳夫
プレシャスガール,京都ホースレーシング
プレシャスゴールド,サンデーレーシング
プレシャスシル,橋本善太
プレシャスストーン,サラブレッドクラブ・ラフィアン
プレシャススパート,日向均
プレシャスソウル,飯田正剛
プレシャスタイム,小原該一
プレシャスデイ,保坂和孝
プレシャストップ,ＣＨＥＶＡＬＡＴＴＡＣＨＥ
プレシャスノワール,本部正孝
プレシャスフェザー,石瀬浩三
プレシャスブルー,石瀬浩三
プレシャスメタル,ゴドルフィン
プレシャスメール,ノルマンディーサラブレッドレーシング
プレシャスリーフ,サンデーレーシング
プレシャスルージュ,シルクレーシング
プレシュラージュ,社台レースホース
プレジャジンク,フォーレスト
プレジャー,カナヤマホールディングス
プレジャークルーズ,吉田照哉
プレジール,コスモヴューファーム
プレジールドビブル,ＧＥＴＮＥＸＴ
プレジールミノル,吉岡輝美
プレスジャンケット,キャロットファーム
プレスティージオ,奥裕嗣
プレステッツァ,吉田照哉
プレストバローズ,猪熊広次
プレストマーヴェル,ランドエコノミーコンサルタント
プレストレジェーロ,米津佳昭
プレスバーン,水上千歳
プレスリリース,中村祐子
プレセピオ,吉田千津
プレゼンス,社台レースホース
プレゼンティーア,ライオンレースホース
プレゼント,下河邉博
プレダトゥール,フジワラ・ファーム
プレッジ,飯田正剛
プレットリンド,日高大洋牧場
プレディクト,西田順彦
プレデスティナーレ,中村忠彦
プレデンシア,清宮義男
プレトリア,多田賢司
プレドミナル,キャロットファーム
プレナイト,重松國建
プレニチュード,堂守貴志
プレパラシオン,亀岡和彦
プレパレンセ,社台レースホース
プレヒティヒ,ディアレストクラブ
プレフェリータ,Ｇ１レーシング
プレママドンナ,二木英実
プレミアエンブレム,サンデーレーシング
プレミアシップ,小林英一ホールディングス
プレミアスコア,キャロットファーム
プレミアナイン,廣崎智子
プレミアハンド,ノースヒルズ
プレミアヒロイン,コスモヴューファーム
プレミアブルー,蕭敬意
プレミアペガサス,鈴木剛史
プレミアマイン,吉田勝己
プレミアムギフト,ロードホースクラブ
プレミアムクイーン,天堀忠博
プレミアムコマチ,宮内牧場
プレミアムスマイル,キャロットファーム
プレミアムハニー,村山卓也
プレミアムベリー,京都ホースレーシング
プレミアムマンゴー,田頭勇貴
プレミアムレイ,Ｈ．ＦＡｓｓｏｃｉａｔｉｏｎ
プレミオテーラー,中西浩一
プレリオン,ダイリン
プレリュード,ノースヒルズ
プレリュードシチー,友駿ホースクラブ
プレリュードノート,亀岡和彦
プレンティーハーツ,中村孝
プレンドクエスト,社台レースホース
プレンフルール,ロードホースクラブ
プレヴィア,佐々木主浩
プレヴィスト,スリーエイチレーシング
プレヴォール,杉山忠国
プレヴナンス,小林由明
プレースメント,社台レースホース
プレーリーシップ,小林英一ホールディングス
プレーリースカート,社台レースホース
プロイ,深見富朗
プロキシマ,Ｇ１レーシング
プロキシーファイト,田頭勇貴
プロクレイア,サンデーレーシング
プログノーシス,社台レースホース
プログラマー,島井新一郎
プログレスシチー,友駿ホースクラブ
プロサングエ,山本律
プロスト,薪浦亨
プロスパラスデイズ,ゴドルフィン
プロスパーバイオ,バイオ
プロスペクト,プレディクトレーシング
プロスペクトパーク,社台レースホース
プロスペラーレ,ＤＭＭドリームクラブ
プロスペリダード,大樹ファーム
プロスペリティ,キャロットファーム
プロスペロ,村上憲政
プロタゴニスト,佐久間拓士
プロットシッケンズ,ゴドルフィン
プロテア,稲場澄
プロテアヴィーナス,Ｇ１レーシング
プロティオスミノル,吉岡實
プロテウス,社台レースホース
プロディガルサン,金子真人ホールディングス
プロディジャス,Ｇ１レーシング
プロディジー,飯田正剛
プロデューサー,吉田勝利
プロトアステール,シルクレーシング
プロトイチバンボシ,飯田真也
プロトカルチャー,外池榮一郎
プロトコル,石瀬浩三
プロトサマニ,福澤真吾
プロトスター,社台レースホース
プロトポロス,キャロットファーム
プロネルクール,Ｇ１レーシング
プロバブルチェンジ,小田吉男
プロバーティオ,ノースヒルズ
プロパルジョン,奥裕嗣
プロピエダッド,グリーンファーム
プロフェッショナル,川勝裕之
プロフェット,キャロットファーム
プロフェータ,小田吉男
プロペラシャフト,玉井宏和
プロボノ,ゴドルフィン
プロポーズ,前田亘輝
プロミシングギャル,近藤克麿
プロミシングスター,宮川純造
プロミストウォリア,シルクレーシング
プロミストジーン,シルクレーシング
プロミスライン,ターフ・スポート
プロミット,北畑忍
プロミネンス,下河邉博
プロム,吉田照哉
プロメサアルムンド,シルクレーシング
プロメッサ,ラ・メール
プロメテウス,田頭勇貴
プロメテドール,社台レースホース
プロメトル,ノースヒルズ
プロローグナンバー,亀岡和彦
プロンジョン,瀬野尾裕久
プロンタン,島川隆哉
プロヴァンスロゼ,草間庸文
プロヴァー,吉川朋宏
プロヴァーブ,ノースヒルズ
プロヴィデンシア,ノルマンディーサラブレッドレーシング
プロヴィデンス,藤本栄史
プロヴェルビオ,成富直行
プロークルサートル,前田幸貴
プローシブル,伊東純一
プロース,高樽さゆり
プンタアレナス,吉田勝己
プンタカナ,橋元勇氣
プントファイヤー,嶋田賢
プーフルフル,ミルファーム
プーラン,梶原哲朗
プールナバドラ,冨士井直哉
プールファム,ウエスト．フォレスト．ステイブル
プールヴィル,吉田照哉
ヘアケイリー,シルクレーシング
ヘアピンシュプール,吉田勝利
ヘアピンローズ,中西純穂
ヘイケ,高橋文男
ヘイジュード,エムズレーシング
ヘイスティハート,グリーンスウォード
ヘイスト,瀬野尾裕久
ヘイセイメジャー,菅藤孝雄
ヘイセイラスト,谷川牧場
ヘイセイロード,西村新一郎
ヘイチャンプ,佐々木將吉
ヘイトアルーズ,和田牧場
ヘイマー,田頭勇貴
ヘイルメリー,吉田勝己
ヘイルメリーラン,酒井孝敏
ヘイローグラン,林進
ヘイワ,井高義光
ヘイワノツカイ,星野壽市
ヘインズポイント,サンデーレーシング
ヘウレシス,江馬由将
ヘキギョク,ライオンレースホース
ヘキクウ,ビッグレッドファーム
ヘキルリ,古川智洋
ヘキレキ,ケンブリッジバレー
ヘキレキイッセン,岡田壮史
ヘクセンハウス,サラブレッドクラブ・ラフィアン
ヘクトゴン,加藤千豊
ヘクトパスカル,西村健
ヘクトルテソーロ,了徳寺健二ホールディングス
ヘザルフェン,Ｈ．Ｈ．シェイク・ハムダン
ヘスティア,カナヤマホールディングス
ヘッズアップ,山口裕介
ヘッズオアテールズ,社台レースホース
ヘッドオブステート,社台レースホース
ヘッドストリーム,犬塚悠治郎
ヘップバーン,モンレーヴ
ヘデラ,ミルファーム
ヘデントール,キャロットファーム
ヘニッヒ,小田吉男
ヘニーイクシード,大塚亮一
ヘニーオーザ,西森鶴
ヘニーガイスト,林正道
ヘニーストライカー,ターフ・スポート
ヘニーズネフュー,大冨智弘
ヘニータイフーン,林正道
ヘニービュット,林正道
ヘネラリーフェ,森田和豊
ヘネラルカレーラ,ノースヒルズ
ヘビーアタック,岡田牧雄
ヘビーキュー,ＳＳレーシング
ヘブンクローバー,巴山尊文
ヘブンズサウンド,岡田牧雄
ヘブンリギフト,佐藤守宏
ヘブンリーキス,田頭勇貴
ヘブンリーデイズ,サンデーレーシング
ヘライア,吉田照哉
ヘラクレステソーロ,了徳寺健二ホールディングス
ヘラクレスノット,山邉浩
ヘラクレスバローズ,猪熊広次
ヘラルドバローズ,猪熊広次
ヘリオシース,岡田牧雄
ヘリオス,ＫＩＣレーシング
ヘリオトロープ,サンデーレーシング
ヘリオドール,グリーンファーム
ヘリオポリス,大島牧場
ヘリックス,フクキタル
ヘリテージブルーム,吉田照哉
ヘリファルテ,サンデーレーシング
ヘリンヌリング,サラブレッドクラブ・ラフィアン
ヘルオブアライド,グリーンスウォード
ヘルシャフト,カナヤマホールディングス
ヘルス,馬場幸夫
ヘルスケア,福田光博
ヘルスチェック,ゴドルフィン
ヘルツアス,大塚亮一
ヘルツシュラーク,ウエスト．フォレスト．ステイブル
ヘルディン,金山敏也
ヘルデンラウフ,西尾誠一郎
ヘルデンレーベン,社台レースホース
ヘルト,平井裕
ヘルニーニョアキラ,ＨｉｍＲｏｃｋＲａｃｉｎｇホールディングス
ヘルミオーネ,フロンティア
ヘルミーネ,サンデーレーシング
ヘルムヴィーゲ,ディアレストクラブ
ヘルメスギャング,フィールドレーシング
ヘルメット,飛野牧場
ヘルメットネエサン,内田玄祥
ヘルメース,是枝浩平
ヘルモソブレード,大島豊彦
ヘルモーズ,吉田勝己
ヘルヴィッツ,ノルマンディーサラブレッドレーシング
ヘルヴェティオス,サンデーレーシング
ヘレナ,ノースヒルズ
ヘレンキムゼー,村野康司
ヘレンテソーロ,了徳寺健二ホールディングス
ヘンデル,ＫＡＪＩＭＯＴＯホールディングス
ヘンボッケ,ミルファーム
ヘンリエッタ,ＴＮレーシング
ヘンリー,サイプレスホールディングス
ヘヴィリピーテッド,丸山担
ヘヴンウィンド,長谷川祐司
ヘヴンズクライ,ＤＭＭドリームクラブ
ヘヴンズコーヴ,サンデーレーシング
ヘヴンズタイム,ノースヒルズ
ヘヴンズドライブ,レッドマジック
ヘヴントゥナイト,社台レースホース
ヘヴンプレミア,天堀忠博
ヘヴンリーウインド,サラブレッドクラブ・ラフィアン
ヘヴンリーゴール,ＤＭＭドリームクラブ
ヘヴンリーサイン,岡田牧雄
ヘヴンリースカイ,ＫＨレーシング
ヘヴンリータイム,伊藤正徳
ヘヴンリーハンド,ＦＡレーシング
ヘヴンリーレイン,ゴドルフィン
ヘヴンレーヴ,天堀忠博
ヘーザ,岡田隆寛
ヘーデンチョウサン,チョウサン
ヘーベー,大倉佑介
ヘールボップ,西森功
ベアアッコチャン,熊木浩
ベアアミーチ,熊木浩
ベアイミュニティ,熊木浩
ベアインマインド,宇田豊
ベアウェイトゥゴー,熊木浩
ベアエクスプレス,熊木浩
ベアエクセレント,熊木浩
ベアエンジェル,熊木浩
ベアカッコウ,熊木浩
ベアカワイコチャン,熊木浩
ベアキング,熊木浩
ベアキングダム,熊木浩
ベアクアウフ,ディアレストクラブ
ベアクイーン,熊木浩
ベアクッキー,熊木浩
ベアグッジョブ,熊木浩
ベアコルム,熊木浩
ベアコンコルド,熊木浩
ベアゴーゴー,熊木浩
ベアゴーフォー,熊木浩
ベアサクシード,熊木浩
ベアサッチャー,熊木浩
ベアサナエチャン,熊木浩
ベアショット,熊木浩
ベアジェット,熊木浩
ベアダイヤモンド,熊木浩
ベアデザイア,熊木浩
ベアトリーチェ,京都ホースレーシング
ベアドッキューン,熊木浩
ベアナオセン,熊木浩
ベアナチュラル,熊木浩
ベアヌカサナイデ,熊木浩
ベアハンドキャッチ,小林由明
ベアパーフェクト,熊木浩
ベアヒロシデス,熊木浩
ベアビリーブ,熊木浩
ベアビー,熊木浩
ベアフィールド,熊木浩
ベアフォースワン,熊木浩
ベアフューチャー,熊木浩
ベアブルージュ,熊木浩
ベアベルヴォワ,熊木浩
ベアマックス,熊木浩
ベアラブリー,熊木浩
ベアリミッション,熊木浩
ベアーザベル,シルクレーシング
ベアーズブリーチ,社台レースホース
ベアーズレター,熊坂俊一
ベイオブコトル,ゴドルフィン
ベイオブレインボー,飯田政子
ベイキングヒート,Ｇ１レーシング
ベイクルーズ,小林英一ホールディングス
ベイコート,中村祐子
ベイサイドブルー,シルクレーシング
ベイジーニョ,加藤誠
ベイステート,シルクレーシング
ベイストラトラ,ＣＨＥＶＡＬＡＴＴＡＣＨＥ
ベイズンストリート,吉田和美
ベイツリー,キャロットファーム
ベイニーニャ,中村祐子
ベイパーコーン,前田晋二
ベイビーアッシュ,大塚Ｒｙ’ｓＣＬＵＢ
ベイビーキッス,江川伸夫
ベイビーキャズ,大塚Ｒｙ’ｓＣＬＵＢ
ベイビーシスター,ヒダカ・ブリーダーズ・ユニオン
ベイビーシャーク,北村和江
ベイビーステップ,大塚亮一
ベイビーブラザー,小林祐介
ベイビーベリッシモ,熊澤亮輔
ベイビーボス,酒井喜生
ベイビーメイビー,田邉滋久
ベイビールビオ,熊澤亮輔
ベイラム,社台レースホース
ベイリークロア,サンデーレーシング
ベガエクスプレス,ローレルレーシング
ベガスバケーション,社台レースホース
ベガフェン,天堀忠博
ベガリス,杉山忠国
ベギーアデ,大倉佑介
ベクルックス,社台レースホース
ベジェサ,カナヤマホールディングス
ベジャール,シンシアリー
ベジョータ,田畑利彦
ベスティア,ゴドルフィン
ベスティー,林正道
ベステンダンク,市川義美ホールディングス
ベストアクター,社台レースホース
ベストアプローチ,ゴドルフィン
ベストイズアスク,廣崎利洋
ベストインクラス,グリーンスウォード
ベストエフォート,吉田昌久
ベストオブキング,グリーンスウォード
ベストオブユー,中村祐子
ベストオブラック,グリーンスウォード
ベストオンアース,那須野牧場
ベストクィーン,田畑富子
ベストコレクトパリ,嶋田賢
ベストゴッホ,柳橋俊昭
ベストサポーター,西村新一郎
ベストシンガー,石川達絵
ベストシーズン,プレミアムレースホース
ベストシーン,星野壽市
ベストジーニスト,高嶋祐子
ベストスマイル,保坂和孝
ベストセラー,石川達絵
ベストタッチダウン,社台レースホース
ベストチャーム,中村智幸
ベストチョウサン,チョウサン
ベストティアーズ,ヒダカ・ブリーダーズ・ユニオン
ベストディシジョン,サンデーレーシング
ベストデイエヴァー,ローレルレーシング
ベストドリーム,堀口晴男
ベストバディ,飛渡牧場
ベストバラディア,サラブレッドクラブ・ラフィアン
ベストヒューマ,サンコウ牧場
ベストピクチャー,ゴドルフィン
ベストファンタジー,吉田勝己
ベストフィーチャー,ゴドルフィン
ベストフィーリング,馬場幸夫
ベストブラザーズ,東豊物産
ベストベルシック,下河辺牧場
ベストポイント,高田博
ベストマイウェイ,馬場幸夫
ベストマジック,馬場幸夫
ベストマッチョ,馬場幸夫
ベストマティーニ,ＫＲジャパン
ベストミーエヴァー,シルクレーシング
ベストユエンモン,花野友象
ベストランナー,ゴドルフィン
ベストリゾート,保坂和孝
ベストリターナー,岡田牧雄
ベストリーガード,石瀬浩三
ベストレイク,オールベスト
ベストレイドプラン,安藤晋平
ベストレーサー,オールベスト
ベストロイヤル,本間茂
ベストロマンス,島田久
ベスビアナイト,サンデーレーシング
ベセル,山中秀文
ベゼドランジュ,ヒダカ・ブリーダーズ・ユニオン
ベターデイズ,グリーンスウォード
ベターハーフ,宮城寛也
ベック,細川祐季子
ベッケンバウアー,三岡陽
ベッサスタージル,西森功
ベッサメモー,吉田和子
ベッサラビア,森田和豊
ベッティーナ,市瀬章
ベッピンサン,ニッシンホールディングス
ベッペ,門野重雄
ベッラアルバ,社台レースホース
ベッラノーヴァ,シルクレーシング
ベッラフロー,田畑利彦
ベッラモレーン,ディアレストクラブ
ベッラヴォルタ,ディアレストクラブ
ベッロコルサ,シルクレーシング
ベッロジョヴァンニ,加藤裕司
ベッロルナ,藤田孟司
ベディヴィア,社台レースホース
ベデザンジュ,Ｇ１レーシング
ベトルス,社台レースホース
ベニアカネ,大森悌次
ベニエ,フジワラ・ファーム
ベニカケソラ,山岸桂市
ベニシア,ノルマンディーサラブレッドレーシング
ベニスズメ,大森悌次
ベニッシモ,ニッシンホールディングス
ベニテマリ,Ｇ１レーシング
ベニトアイト,青山洋一
ベニノフェアリー,紅谷
ベニハンマード,吉田勝己
ベニバナ,岡浩二
ベネサルート,サンデーレーシング
ベネスティローザ,フィールドレーシング
ベネスピラ,フィールドレーシング
ベネチアンクローム,フジワラ・ファーム
ベネディクション,広尾レース
ベネディクティオ,ノルマンディーサラブレッドレーシング
ベネファクター,佐藤守宏
ベネフィサンス,ゴドルフィン
ベネフィック,金子真人ホールディングス
ベネボレンス,ターフ・スポート
ベネメレンティ,前田幸治
ベネロングポイント,社台レースホース
ベノワ,ラ・メール
ベバスカーン,千明牧場
ベビーズブレス,大塚亮一
ベビーヨーダ,福盛訓之
ベファーナ,グリーンファーム
ベベ,ミルファーム
ベベペッパー,吉田和美
ベラケンタウロス,多田賢司
ベラコリーダ,名古屋友豊
ベラコルサ,Ｇ１レーシング
ベラジオアブロード,ベラジオレーシング
ベラジオエガオン,林田祥来
ベラジオオペラ,林田祥来
ベラジオカイザー,ベラジオレーシング
ベラジオガルフ,林田祥来
ベラジオソニック,ビープロジェクト
ベラジオソノダラブ,林田祥来
ベラジオハルカ,林田祥来
ベラジオプライド,林田祥来
ベラジオボッキーニ,Ｍｒ．ホース
ベラジオボヤージュ,林田祥来
ベラジオボンド,ベラジオレーシング
ベラジオマーカス,ベラジオレーシング
ベラジオラオウ,林田祥来
ベラジオリン,ベラジオレーシング
ベラジオルークン,林田祥来
ベラジオレジーナ,ビープロジェクト
ベラジオワールド,ベラジオレーシング
ベラジオヴァレル,ベラジオレーシング
ベラストレーガ,ヒダカ・ブリーダーズ・ユニオン
ベラソヴラーノ,ノルマンディーサラブレッドレーシング
ベラトール,三嶋牧場
ベランジェール,ＤＭＭドリームクラブ
ベラヴィットーリア,Ｇ１レーシング
ベラール,安原浩司
ベリエドール,社台レースホース
ベリタバグス,モンレーヴ
ベリッシモファルコ,岡田牧雄
ベリベリハッピー,小島將之
ベリリウンヌ,ミルファーム
ベリルスフィア,橋本実
ベリンガム,星野壽市
ベリンダアン,ＴＵＲＦレーシング
ベリーアーリー,阿部善武
ベリーク,シルクレーシング
ベリースコール,田畑利彦
ベリーズテソーロ,了徳寺健二ホールディングス
ベリーズブルー,永山勝敏
ベリーナブルー,三嶋牧場
ベリーニピンク,青芝商事
ベリーベリーベリー,藤川靖仁
ベリーヴィーナス,ライオンレースホース
ベルアクトリス,福盛訓之
ベルアズーロ,宮崎俊也
ベルアンブル,社台レースホース
ベルアヴニール,社台レースホース
ベルアーシュ,矢野崇志
ベルアーブル,犬飼優
ベルイストワール,ノルマンディーサラブレッドレーシング
ベルウインド,子安裕樹
ベルウェザー,ＤＭＭドリームクラブ
ベルウッドアカラ,鈴木照雄
ベルウッドアサヒ,鈴木照雄
ベルウッドアラシ,鈴木照雄
ベルウッドアリイ,鈴木照雄
ベルウッドアルプ,鈴木照雄
ベルウッドウイング,鈴木照雄
ベルウッドウズメ,蓑島竜一
ベルウッドエオ,鈴木照雄
ベルウッドカザン,鈴木照雄
ベルウッドクレド,鈴木照雄
ベルウッドグラス,鈴木照雄
ベルウッドケルン,鈴木照雄
ベルウッドコチョウ,鈴木照雄
ベルウッドサンキュ,鈴木照雄
ベルウッドシキシマ,鈴木照雄
ベルウッドスカイ,鈴木照雄
ベルウッドタイガー,鈴木照雄
ベルウッドツクバ,鈴木照雄
ベルウッドテラス,鈴木照雄
ベルウッドディープ,鈴木照雄
ベルウッドネイチャ,鈴木照雄
ベルウッドバイオ,鈴木照雄
ベルウッドバモス,鈴木照雄
ベルウッドヒビキ,鈴木照雄
ベルウッドピース,鈴木正一
ベルウッドブラボー,蓑島竜一
ベルウッドヘルタ,鈴木照雄
ベルウッドホウオウ,蓑島竜一
ベルウッドボヌール,鈴木照雄
ベルウッドミカサ,鈴木照雄
ベルウッドミライ,鈴木照雄
ベルウッドムサシ,鈴木照雄
ベルウッドムツ,鈴木照雄
ベルウッドメルシー,鈴木照雄
ベルウッドヤワラ,鈴木照雄
ベルウッドヨウサン,鈴木照雄
ベルウッドリアン,鈴木照雄
ベルウッドワン,鈴木照雄
ベルエアキング,宮崎俊也
ベルエアフォース,宮崎俊也
ベルエスメラルダ,内田滋三
ベルエト,辻子依旦
ベルエポック,シルクレーシング
ベルオブピース,前田晋二
ベルオロール,前田幸治
ベルオーシャン,ターフ・スポート
ベルオーブ,北星村田牧場
ベルカノア,子安裕樹
ベルカプリ,雅苑興業
ベルガド,サンコウ牧場
ベルガモット,山本堅治
ベルキャニオン,金子真人ホールディングス
ベルキューズ,ローレルレーシング
ベルキューティ,子安裕樹
ベルギューン,水上行雄
ベルクカッツェ,田頭勇貴
ベルクハイム,栗嶋豊明
ベルクフリート,高瀬正志
ベルクリア,水上行雄
ベルクレスタ,サンデーレーシング
ベルクワイア,キャロットファーム
ベルグランボヌール,宮崎俊也
ベルグラース,キャロットファーム
ベルゲンハーバー,林正道
ベルサ,ケーエスＨＤ
ベルサンライズ,松岡隆雄
ベルサンローラン,宮崎俊也
ベルサーナ,ディアレストクラブ
ベルザキャット,ミルファーム
ベルザロイヤル,子安裕樹
ベルシエル,杉山忠国
ベルシック,岡田繁幸
ベルシャイニー,ディアレストクラブ
ベルシャキャンディ,鈴木義孝
ベルシャダンディ,高木競走馬育成牧場
ベルシャンソン,ノルマンディーサラブレッドレーシング
ベルシャンテ,キャロットファーム
ベルシャンブル,シルクレーシング
ベルシャヴェール,西村静子
ベルシュヴァル,ノルマンディーサラブレッドレーシング
ベルジェンヌ,福盛訓之
ベルジャッド,ヒダカ・ブリーダーズ・ユニオン
ベルジュネス,岡田牧雄
ベルジュルネ,シルクレーシング
ベルジュロネット,前田晋二
ベルジルウェット,ヒダカ・ブリーダーズ・ユニオン
ベルスオーノ,林正道
ベルステラ,岡田繁幸
ベルストック,横田恵子
ベルスバラード,ディアレストクラブ
ベルスール,社台レースホース
ベルセクレト,那須野牧場
ベルゼビュート,ウエスト．フォレスト．ステイブル
ベルゼール,シルクレーシング
ベルソテイラ,宮崎俊也
ベルタソ,細川大輔
ベルダイナフェロー,宮崎俊也
ベルダニューブ,幅田昌伸
ベルダリーター,桜井忠隆
ベルダーイメル,ケーエスＨＤ
ベルチュガダン,Ｇ１レーシング
ベルツリー,Ｎ．Ｓ．Ｒ．Ｃ
ベルティアラ,鈴木昭和
ベルティーナ,岩崎僖澄
ベルテオドーラ,八嶋長久
ベルテックスロード,山口敦広
ベルトゥジュール,ノルマンディーサラブレッドレーシング
ベルトナリテ,ライオンレースホース
ベルトネ,前原敏行
ベルトラッキ,小田吉男
ベルドゥニュイ,江馬由将
ベルドラゴ,吉田勝利
ベルニアイニキテ,子安裕樹
ベルノレイズ,スズノレーシングクラブ
ベルバード,ＳＳレーシング
ベルパッション,山崎太嗣
ベルビューポイント,社台レースホース
ベルビースタローン,宮崎俊也
ベルピエース,子安裕樹
ベルピルエット,インゼルレーシング
ベルファスト,ＤＭＭドリームクラブ
ベルファーリング,子安裕樹
ベルフィーヌ,中山栄一
ベルフィーノ,京都ホースレーシング
ベルフォルテ,山口功一郎
ベルフォン,サイプレスホールディングス
ベルフラカン,宮崎俊也
ベルフラム,ノルマンディーサラブレッドレーシング
ベルフランシール,内田滋三
ベルブション,子安裕樹
ベルブリエ,ノースヒルズ
ベルプリュネル,京都ホースレーシング
ベルベストエバー,宮崎俊也
ベルベストスター,宮崎俊也
ベルベストランナー,宮崎俊也
ベルベッティー,町田圭太
ベルベットハンマー,ビッグレッドファーム
ベルベデール,ＩＨＲ
ベルベリス,ディアレストクラブ
ベルベルコンパス,吉田和美
ベルペスカ,山田信太郎
ベルボールドナイン,宮崎俊也
ベルポート,大社聡
ベルマリエ,ヒダカ・ブリーダーズ・ユニオン
ベルマレット,シルクレーシング
ベルマーレミノル,吉岡實
ベルメサイア,宮崎俊也
ベルメサージュ,田頭勇貴
ベルモック,子安裕樹
ベルモナーク,山本又一郎
ベルラガッツォ,シルクレーシング
ベルラフィネ,友駿ホースクラブ
ベルランコントル,サラブレッドクラブ・ラフィアン
ベルランザドール,宮崎俊也
ベルリオーズ,那須野牧場
ベルリナーレ,Ｇ１レーシング
ベルリネッタ,青山洋一
ベルリーソ,ビッグレッドファーム
ベルレオーネ,久松朋史
ベルレガッタ,山本又一郎
ベルロスセレソス,吉田晴哉
ベルローブ,シルクレーシング
ベルンハルト,シルクレーシング
ベルヴィオレット,中村忠彦
ベルヴィンカ,シルクレーシング
ベルヴィヴァン,宮崎俊也
ベルヴェール,シルクレーシング
ベルヴォワ,Ｇ１レーシング
ベルヴォーグ,サンデーレーシング
ベルヴュードライヴ,谷口悦一
ベルーガ,Ｒ．アンダーソン
ベレザニーニャ,一村哲也
ベレシート,サンデーレーシング
ベレッタ,寺田寿男
ベレニーチェ,ＯＵＭＡ
ベレヌス,キャロットファーム
ベレン,ＯＵＭＡ
ベレンガリア,Ｇ１レーシング
ベレーザ,カナヤマホールディングス
ベレーザフィン,リーヴァ
ベレーバスク,サラブレッドクラブ・ラフィアン
ベロア,吉田勝己
ベロニカブレイン,エンジェルレーシング
ベンガラグンジョウ,諸江幸祐
ベンガルバローズ,猪熊広次
ベンガルボダイジュ,小林善一
ベンガン,小林薫
ベンサレム,シルクレーシング
ベンタロン,ミルファーム
ベンダバリラビア,幅田昌伸
ベンダバール,グリーンファーム
ベンチャーアウト,吉澤ホールディングス
ベンティガオルサ,柳田悠岐
ベンティガスエルテ,柳田悠岐
ベンテイガ,吉澤ホールディングス
ベンテンカグラ,二口雅一
ベント,ケーエスＨＤ
ベントディパーチェ,伊藤篤
ベントラ,本間茂
ベンヌ,ゴドルフィン
ベンハー,小菅定雄
ベンメリア,ミルファーム
ベンヴェヌータ,加藤裕司
ベヴィアーモ,サンデーレーシング
ベー,北山敏隆
ベーカリー,高昭牧場
ベーディーナ,サラブレッドクラブ・ラフィアン
ベーリーオクルス,吉田晴哉
ベールドインパクト,岡田牧雄
ベールドゥフィーユ,村上卓
ペア,布武起会
ペアスターロード,廣崎双葉
ペアスリール,廣崎双葉
ペアピーターソン,廣崎双葉
ペアブロッサム,ノースヒルズ
ペアポルックス,廣崎利洋ＨＤ
ペアレンツギフト,Ｇ１レーシング
ペイシプリンプリン,北所直人
ペイシャアクティブ,北所直人
ペイシャアゲイン,北所直人
ペイシャアップ,北所直人
ペイシャアビイ,北所直人
ペイシャアリ,北所直人
ペイシャアル,北所直人
ペイシャアンジェロ,北所直人
ペイシャアーサー,北所直人
ペイシャアート,北所直人
ペイシャイシュタル,北所直人
ペイシャイン,北所直人
ペイシャウイニング,北所直人
ペイシャウォーリア,北所直人
ペイシャエス,北所直人
ペイシャエスティマ,北所直人
ペイシャエリート,北所直人
ペイシャエヴァー,北所直人
ペイシャエール,北所直人
ペイシャオウユー,北所直人
ペイシャオータム,北所直人
ペイシャオーヴァル,北所直人
ペイシャカノープス,北所直人
ペイシャカリントウ,北所直人
ペイシャカレン,北所直人
ペイシャガルボ,北所直人
ペイシャガン,北所直人
ペイシャキク,北所直人
ペイシャキセキ,北所直人
ペイシャキネマ,北所直人
ペイシャキャット,北所直人
ペイシャキュウ,北所直人
ペイシャキララ,北所直人
ペイシャクィンビー,北所直人
ペイシャクェーサー,北所直人
ペイシャクレア,北所直人
ペイシャクロス,北所直人
ペイシャクローズ,北所直人
ペイシャグレイス,北所直人
ペイシャケイティー,北所直人
ペイシャケイプ,北所直人
ペイシャケリー,北所直人
ペイシャゲラン,北所直人
ペイシャコパ,北所直人
ペイシャコリン,北所直人
ペイシャコリンナ,北所直人
ペイシャサウス,北所直人
ペイシャシオン,北所直人
ペイシャシキブ,北所直人
ペイシャシス,北所直人
ペイシャシャコンヌ,北所直人
ペイシャジャングル,北所直人
ペイシャジュエル,北所直人
ペイシャジュン,北所直人
ペイシャジョーダン,北所直人
ペイシャスウィフト,北所直人
ペイシャスウィート,北所直人
ペイシャスカイ,北所直人
ペイシャスター,北所直人
ペイシャスナッチ,北所直人
ペイシャスプリング,北所直人
ペイシャスペシャル,北所直人
ペイシャスムーズ,北所直人
ペイシャスワン,北所直人
ペイシャセイント,北所直人
ペイシャソプラノ,北所直人
ペイシャタイム,北所直人
ペイシャダイヤ,北所直人
ペイシャダラニ,北所直人
ペイシャチャーム,北所直人
ペイシャツネ,北所直人
ペイシャティアラ,北所直人
ペイシャティフォン,北所直人
ペイシャディア,北所直人
ペイシャトサモア,北所直人
ペイシャドリーム,北所直人
ペイシャニット,北所直人
ペイシャニンフ,北所直人
ペイシャネガノ,北所直人
ペイシャノリッジ,北所直人
ペイシャハミング,北所直人
ペイシャハヤブサ,北所直人
ペイシャハーメルン,北所直人
ペイシャバイカ,北所直人
ペイシャバレー,北所直人
ペイシャバロ,北所直人
ペイシャパシャ,北所直人
ペイシャビスケッツ,北所直人
ペイシャフェアリー,北所直人
ペイシャフェスタ,北所直人
ペイシャフェッタ,北所直人
ペイシャフェリ,北所直人
ペイシャフェリシタ,北所直人
ペイシャフェリシテ,北所直人
ペイシャフラガール,北所直人
ペイシャフラッシュ,北所直人
ペイシャフラワー,北所直人
ペイシャフレンチ,北所直人
ペイシャブギー,北所直人
ペイシャブライティ,北所直人
ペイシャプル,北所直人
ペイシャプレイ,北所直人
ペイシャボビー,北所直人
ペイシャボム,北所直人
ペイシャマイデイズ,北所直人
ペイシャマカロン,北所直人
ペイシャマキアージ,北所直人
ペイシャマリーン,北所直人
ペイシャムスビ,北所直人
ペイシャムートン,北所直人
ペイシャメガミ,北所直人
ペイシャメダリスト,北所直人
ペイシャモノノフ,北所直人
ペイシャラストパイ,北所直人
ペイシャラトゥール,北所直人
ペイシャラピッド,北所直人
ペイシャラブリー,北所直人
ペイシャラム,北所直人
ペイシャラメント,北所直人
ペイシャリサ,北所直人
ペイシャリサデル,北所直人
ペイシャリルキス,北所直人
ペイシャルアス,北所直人
ペイシャルフェ,北所直人
ペイシャレイ,北所直人
ペイシャレン,北所直人
ペイシャレーサー,北所直人
ペイシャレージョ,北所直人
ペイシャロッチ,北所直人
ペイシャローズ,北所直人
ペイシャワイルド,北所直人
ペイシャワキア,北所直人
ペイシャワールド,北所直人
ペイシャヴァルスリ,北所直人
ペイシャヴァルツー,北所直人
ペイシャヴァルワン,北所直人
ペイシャヴェニット,北所直人
ペイダート,水上行雄
ペイトリアーキー,ゴドルフィン
ペイトー,ウエスト．フォレスト．ステイブル
ペイドバケーション,金子真人ホールディングス
ペイドメルヴェイユ,吉田照哉
ペイドラロワール,犬塚悠治郎
ペイルブルードット,ゴドルフィン
ペイルムーン,ノースヒルズ
ペイルライダー,市川義美ホールディングス
ペインティトブルー,ＧＥＴＮＥＸＴ
ペオース,ノースヒルズ
ペカリーナ,由井健太郎
ペガサス,中辻明
ペガサスウィンド,近藤克麿
ペガサスウイング,中野義一
ペガサスジルシ,後藤和成
ペガサスターボ,坪野谷和平
ペガサステソーロ,了徳寺健二ホールディングス
ペガサスノース,天羽牧場
ペガサスハーツ,天羽牧場
ペガサスファーマ,飯田正剛
ペガッソ,栗田知幸
ペガーズ,カナヤマホールディングス
ペガーズブリエ,山本雅道
ペガール,吉田晴哉
ペクトラル,シルクレーシング
ペグー,武田茂男
ペコリズム,林正道
ペコリーノロマーノ,平田修
ペシュウィズダム,福原晃
ペシュジェイド,福原晃
ペシュブロンシュ,ウエスト．フォレスト．ステイブル
ペスカドール,前田葉子
ペスカネラ,山口敦広
ペスキエーラ,サンデーレーシング
ペタルズダンス,キャロットファーム
ペタルビジュー,ウエスト．フォレスト．ステイブル
ペタルブランシュ,ローレルレーシング
ペダンクルアーチ,谷掛龍夫
ペッシ,前田葉子
ペッシュプラット,柴田洋一
ペッパーミル,橋詰弘一
ペップセ,ミルファーム
ペップトーク,飯田貴大
ペッレグリーニ,吉田勝己
ペトリコール,サンデーレーシング
ペトログリフ,ロードホースクラブ
ペドラフォルカ,下河辺隆行
ペニードロップス,Ｇ１レーシング
ペネトレイトゴー,前川俊行
ペネトレーター,ローレルレーシング
ペプチドアケボシ,沼川一彦
ペプチドアサヒ,沼川一彦
ペプチドアスカ,沼川一彦
ペプチドアバンス,沼川一彦
ペプチドアロン,沼川一彦
ペプチドアーニャ,沼川一彦
ペプチドエレノア,沼川一彦
ペプチドオリバー,沼川一彦
ペプチドオーキッド,沼川一彦
ペプチドカンナ,沼川一彦
ペプチドクレマチス,沼川一彦
ペプチドサクラ,沼川一彦
ペプチドサンライズ,沼川一彦
ペプチドシナノ,沼川一彦
ペプチドシャプネス,沼川一彦
ペプチドシュジャク,沼川一彦
ペプチドシュチク,沼川一彦
ペプチドシンデレラ,沼川一彦
ペプチドセーヌ,沼川一彦
ペプチドソレイユ,沼川一彦
ペプチドタイガー,沼川一彦
ペプチドドリーム,福田光博
ペプチドナイル,沼川一彦
ペプチドニンバス,沼川一彦
ペプチドハオー,沼川一彦
ペプチドハドソン,沼川一彦
ペプチドバンブー,沼川一彦
ペプチドヒスイ,沼川一彦
ペプチドヒナタ,沼川一彦
ペプチドヒミコ,沼川一彦
ペプチドフシチョウ,沼川一彦
ペプチドブッドレア,沼川一彦
ペプチドプラタ,沼川一彦
ペプチドモアモア,沼川一彦
ペプチドモガミ,沼川一彦
ペプチドモナ,沼川一彦
ペプチドヤマト,沼川一彦
ペプチドリリー,沼川一彦
ペプチドルーカス,沼川一彦
ペプチドレオン,沼川一彦
ペプロス,井山登
ペペロンチーノ,高瀬真尚
ペモンディアル,落合幸弘
ペララス,安原浩司
ペリエール,長谷川祐司
ペリトモレノ,ミルファーム
ペリドットテソーロ,了徳寺健二ホールディングス
ペリバジャ,吉田照哉
ペリファーニア,キャロットファーム
ペリプルス,ビッグレッドファーム
ペルアア,カナヤマホールディングス
ペルウィクトール,シルクレーシング
ペルクナス,社台レースホース
ペルグランデ,ビッグレッドファーム
ペルシアンナイト,Ｇ１レーシング
ペルシアーノ,シミズレーシング
ペルシャンジュエル,深澤朝房
ペルスネージュ,キャロットファーム
ペルセ,安原浩司
ペルセア,吉田勝己
ペルセイズ,ノルマンディーサラブレッドレーシング
ペルセウスシチー,友駿ホースクラブ
ペルセウステソーロ,了徳寺健二ホールディングス
ペルセポネ,カナヤマホールディングス
ペルソナ,石川達絵
ペルソナデザイン,Ｇ１レーシング
ペルソナリテ,サラブレッドクラブ・ラフィアン
ペルティナクス,ＤＭＭドリームクラブ
ペルドリ,中辻明
ペルフェツィオーネ,ローレルレーシング
ペルフォルマンテ,山本律
ペルペテュエル,落合幸弘
ペルペトゥオ,吉田和美
ペルマナント,ノースヒルズ
ペルラネーラ,サンデーレーシング
ペルリナージュ,岩崎伸道
ペルルドール,寺田寿男
ペルヴォルム,小林祐一
ペルージュ,岡田牧雄
ペレ,ＮＩＣＫＳ
ペレウス,岡本昌市
ペレグリン,中辻明
ペレストリーナ,ロードホースクラブ
ペロ,天野克彦
ペンタクン,吉川朋宏
ペンタグラム,社台レースホース
ペンタトニッカー,井内康之
ペンダンティフ,キャロットファーム
ペンダント,石川達絵
ペンティメント,吉田和美
ペンテリコン,キーファーズ
ペントハウス,岡浩二
ペンナヴェローチェ,ＴＯＲＡＣＩＮＧ
ペーシュメルバ,サラブレッドクラブ・ラフィアン
ページターナー,金子真人ホールディングス
ペースセッティング,シルクレーシング
ペータース,松谷翔太
ペーパードライバー,山上和良
ペールエール,林正道
ペールデュクラン,社台レースホース
ペールノエル,サンデーレーシング
ホイッスルソング,今村明浩
ホイッスルベイト,山上和良
ホイッスルヴォイス,藤田岳彦
ホイットニー,ターフ・スポート
ホイップサンライズ,松岡隆雄
ホイールバーニング,市川義美ホールディングス
ホウオウアクセル,小笹芳央
ホウオウアシュリン,小笹芳央
ホウオウアマゾン,小笹芳央
ホウオウアムルーズ,小笹芳央
ホウオウアリシア,小笹芳央
ホウオウアルマン,小笹芳央
ホウオウアワード,小笹芳央
ホウオウアンジュ,小笹芳央
ホウオウアートマン,小笹芳央
ホウオウアーネスト,小笹芳央
ホウオウイクセル,小笹芳央
ホウオウエインセル,小笹芳央
ホウオウエクレール,小笹芳央
ホウオウエックス,小笹芳央
ホウオウエニシ,小笹芳央
ホウオウエミーズ,小笹芳央
ホウオウエンジェル,小笹芳央
ホウオウエーデル,小笹芳央
ホウオウカグヤ,小笹芳央
ホウオウカトリーヌ,小笹芳央
ホウオウカブキ,小笹芳央
ホウオウカントリー,小笹芳央
ホウオウカーニバル,小笹芳央
ホウオウガイア,小笹芳央
ホウオウガルーダ,小笹芳央
ホウオウギフト,小笹芳央
ホウオウギンガ,小笹芳央
ホウオウクリスティ,小笹芳央
ホウオウグラス,小笹芳央
ホウオウゴースト,小笹芳央
ホウオウゴールド,小笹芳央
ホウオウサマンサ,小笹芳央
ホウオウサミット,小笹芳央
ホウオウサムレット,小笹芳央
ホウオウサンサール,小笹芳央
ホウオウサンデー,小笹芳央
ホウオウサンドラ,小笹芳央
ホウオウサーキット,小笹芳央
ホウオウサーベル,小笹芳央
ホウオウザロイヤル,小笹芳央
ホウオウシェリー,小笹芳央
ホウオウシュウ,小笹芳央
ホウオウショコラ,小笹芳央
ホウオウショパン,小笹芳央
ホウオウシンデレラ,小笹芳央
ホウオウシーザー,小笹芳央
ホウオウシーダー,小笹芳央
ホウオウジャッジ,小笹芳央
ホウオウジャンプ,小笹芳央
ホウオウジュビリー,小笹芳央
ホウオウジュリア,小笹芳央
ホウオウジュレップ,小笹芳央
ホウオウジョルノ,小笹芳央
ホウオウジョーカー,小笹芳央
ホウオウスカイハイ,小笹芳央
ホウオウスクラム,小笹芳央
ホウオウスターツ,小笹芳央
ホウオウスティング,小笹芳央
ホウオウストライク,小笹芳央
ホウオウスミヨシ,小笹芳央
ホウオウスーペリア,小笹芳央
ホウオウセイメイ,小笹芳央
ホウオウセレシオン,小笹芳央
ホウオウソルジャー,小笹芳央
ホウオウタイタン,小笹芳央
ホウオウダイアン,小笹芳央
ホウオウダンサー,小笹芳央
ホウオウチェスター,小笹芳央
ホウオウチャールズ,小笹芳央
ホウオウツインクル,小笹芳央
ホウオウテーラー,小笹芳央
ホウオウデンファレ,小笹芳央
ホウオウトゥルース,小笹芳央
ホウオウトラスト,小笹芳央
ホウオウトランプ,小笹芳央
ホウオウドラッカー,小笹芳央
ホウオウドリーム,小笹芳央
ホウオウドルーリー,小笹芳央
ホウオウナビゲータ,小笹芳央
ホウオウニンジャ,小笹芳央
ホウオウヌーヴォー,小笹芳央
ホウオウノーサイド,小笹芳央
ホウオウハイエスト,小笹芳央
ホウオウハナビ,小笹芳央
ホウオウハルカス,小笹芳央
ホウオウバトラー,小笹芳央
ホウオウバニラ,小笹芳央
ホウオウバラード,小笹芳央
ホウオウバリスタ,小笹芳央
ホウオウバローロ,小笹芳央
ホウオウバーデン,小笹芳央
ホウオウバーナード,小笹芳央
ホウオウパシュート,小笹芳央
ホウオウパフューム,小笹芳央
ホウオウパレード,小笹芳央
ホウオウパーソンズ,小笹芳央
ホウオウヒショウ,小笹芳央
ホウオウヒミコ,小笹芳央
ホウオウビクトリー,小笹芳央
ホウオウビスケッツ,小笹芳央
ホウオウビリーヴ,小笹芳央
ホウオウピースフル,小笹芳央
ホウオウファミリー,小笹芳央
ホウオウファラオ,小笹芳央
ホウオウフウジン,小笹芳央
ホウオウフェアリー,小笹芳央
ホウオウフェイント,小笹芳央
ホウオウフラッシュ,小笹芳央
ホウオウフロイト,小笹芳央
ホウオウブライツ,小笹芳央
ホウオウブリッツ,小笹芳央
ホウオウブリュレ,小笹芳央
ホウオウブースター,小笹芳央
ホウオウプラージュ,成富直行
ホウオウプリンセス,小笹芳央
ホウオウプレシャス,小笹芳央
ホウオウプレミア,小笹芳央
ホウオウプロサンゲ,小笹芳央
ホウオウヘッセン,小笹芳央
ホウオウヘーゲル,小笹芳央
ホウオウベリテ,小笹芳央
ホウオウベルクソン,小笹芳央
ホウオウベルタ,小笹芳央
ホウオウペトリュス,小笹芳央
ホウオウポケット,小笹芳央
ホウオウマライア,小笹芳央
ホウオウマリアン,小笹芳央
ホウオウマルゴー,小笹芳央
ホウオウマーメイド,小笹芳央
ホウオウミステリー,小笹芳央
ホウオウミンスター,小笹芳央
ホウオウムサシ,小笹芳央
ホウオウモチーヴ,小笹芳央
ホウオウモンスター,小笹芳央
ホウオウモントレー,小笹芳央
ホウオウモンロー,小笹芳央
ホウオウユニコーン,小笹芳央
ホウオウユニバース,小笹芳央
ホウオウライジン,小笹芳央
ホウオウライセンス,小笹芳央
ホウオウライダイ,小笹芳央
ホウオウライラック,小笹芳央
ホウオウラスカーズ,小笹芳央
ホウオウラフィット,小笹芳央
ホウオウラムセス,小笹芳央
ホウオウリアリティ,小笹芳央
ホウオウリフレイン,小笹芳央
ホウオウリムジン,小笹芳央
ホウオウルクソール,小笹芳央
ホウオウルバン,小笹芳央
ホウオウルーセント,小笹芳央
ホウオウルーレット,小笹芳央
ホウオウレイヴン,小笹芳央
ホウオウレガシー,小笹芳央
ホウオウレンジャー,小笹芳央
ホウオウロザリー,小笹芳央
ホウオウロレンシア,小笹芳央
ホウオウワイズ,小笹芳央
ホウオウワールド,小笹芳央
ホウオウヴィーナス,小笹芳央
ホウオウヴォーヌ,小笹芳央
ホウキボシ,ゴドルフィン
ホウサク,林正道
ホウショウエポック,芳賀美知子
ホウショウディーバ,芳賀美知子
ホウショウナウ,芳賀美知子
ホウショウビフウ,芳賀美知子
ホウショウマリス,芳賀美知子
ホウショウマーニ,芳賀美知子
ホウショウラスティ,芳賀美知子
ホウショウリナ,芳賀美知子
ホウショウリュウ,泉一郎
ホウショウルイーズ,芳賀美知子
ホウショウルキナ,芳賀美知子
ホウショウルクス,芳賀美知子
ホウヨウムーン,豊洋牧場
ホウライブラック,橋元幸人
ホウロクダマ,ノルマンディーサラブレッドレーシング
ホカミテダメ,ＧｒａｎｄｅＲａｃｉｎｇ
ホクザンバーリイ,木本辰也
ホクセンシシオー,大野裕
ホクセンジョウオー,大野裕
ホクトブルース,井上久光
ホクリュウオウ,北尾龍典
ホグホグナナハン,薗部博之
ホシクズロンリネス,福田達也
ホシヅキヨ,武田浩典
ホシニネガイヲ,フィールドレーシング
ホシノウチカケ,岡田牧雄
ホシノサミダレ,野口佳正
ホシノシュクフク,スピードファーム
ホシノスナ,ゴドルフィン
ホシハタノキセキ,北幸商事
ホシフルドヒョウ,芳賀克也
ホシムスメ,前田晋二
ホシルミエール,永井孝明
ホシヲミテルンナ,小坂功
ホタルマル,スピードファーム
ホッカイダイオー,ノブレーシング
ホッコーアカツキ,北幸商事
ホッコーアドミラル,北幸商事
ホッコーアリス,北幸商事
ホッコーカリュウ,北幸商事
ホッコーシェルビー,北幸商事
ホッコージュンレイ,北幸商事
ホッコーソムニウム,北幸商事
ホッコータピタン,北幸商事
ホッコーハナミチ,北幸商事
ホッコーフラッパー,北幸商事
ホッコーマイサン,北幸商事
ホッコームジカ,北幸商事
ホッコーメヴィウス,北幸商事
ホッコーライデン,北幸商事
ホッコーラプラス,北幸商事
ホッコールナアーラ,北幸商事
ホットゥトロット,豊井義次
ホットエンペラー,水谷昌晃
ホットサマーナイト,ゴドルフィン
ホットシップ,ＴＵＲＨ
ホットシート,ゴドルフィン
ホットジュエル,下河辺隆行
ホットジュピター,阿部秀夫
ホットスタンプ,岡田牧雄
ホットスポット,ミルファーム
ホットチョコ,三嶋牧場
ホットハートビート,キーファーズ
ホットファイヤー,西田彰宏
ホットポッド,小林善一
ホットミスト,ゴドルフィン
ホットロッドハート,吉田照哉
ホテルカリホルニア,池谷誠一
ホテルストリート,田畑利彦
ホトダニー,井上一郎
ホノカ,岡田壮史
ホノノディーヴァ,鈴木誠
ホノノルーカ,鈴木誠
ホノボノ,ノルマンディーサラブレッドレーシング
ホノルア,守内ひろ子
ホバーコルテ,ミルファーム
ホビイスト,永田壯一
ホファヴァルト,中西宏彰
ホペロア,大塚亮一
ホマレ,ノルマンディーサラブレッドレーシング
ホリゾンブルー,サラブレッドクラブ・ラフィアン
ホリデーモード,下河辺隆行
ホリーアン,グリーンスウォード
ホルガーダンスク,社台レースホース
ホルス,カナヤマホールディングス
ホルダンモル,和田牧場
ホルディリディア,和田牧場
ホルトバージ,ＹＧＧホースクラブ
ホルンフェルス,コージーレーシング
ホレーショ,吉田和美
ホロイムア,ニッシンホールディングス
ホロニックパス,社台レースホース
ホロポノ,平本敏夫
ホロヨイマンゲツ,福島徳佑
ホワイトアイ,窪田康志
ホワイトアッシュ,古賀慎一
ホワイトエース,栗山良子
ホワイトエーレ,ビッグレッドファーム
ホワイトオパール,Ｙ’ｓレーシング
ホワイトオーキッド,ＶｉｒｉｄｉａｎＫｅｉｂａＣｌｕｂ
ホワイトガーベラ,楠本勝美
ホワイトキャンバス,フクキタル
ホワイトクロウ,キャロットファーム
ホワイトシップ,ＦＡレーシング
ホワイトショーコ,臼井義太郎
ホワイトジーン,副島義久
ホワイトストーム,西村專次
ホワイトスパイダー,スピードファーム
ホワイトソニック,島川隆哉
ホワイトターフ,ノルマンディーサラブレッドレーシング
ホワイトドラゴン,ザ・チャンピオンズ
ホワイトナイル,ＹＧＧホースクラブ
ホワイトハウス,ミルファーム
ホワイトハッカー,田頭勇貴
ホワイトビーチ,ライフエンタープライズ
ホワイトフレアー,井内康之
ホワイトフレイムス,盛学志
ホワイトブレス,浅川昌彦
ホワイトヘブン,ミルファーム
ホワイトマジック,ゴドルフィン
ホワイトラバーズ,上山貴永
ホワイトリバー,桑田牧場
ホワイトレッグス,柴原榮
ホワイトレディ,住宅データ
ホワイトロッジ,ゴドルフィン
ホワールウィンド,寺田寿男
ホヲユイットウ,村田能光
ホンマモン,ニッシンホールディングス
ホーエリート,吉田晴哉
ホーカスポーカス,平賀久枝
ホーキーポーキー,ミルファーム
ホーギー,橋元勇氣
ホークケプカ,永見貴昭
ホークスタントン,永見貴昭
ホークトーマス,永見貴昭
ホークビッツ,大田恭充
ホークピラー,ブルースターズファーム
ホークフィールド,社台レースホース
ホークマン,Ｍｒ．ホース
ホークライト,高橋文男
ホークレア,ノルマンディーサラブレッドレーシング
ホーススピリット,岡田甲子男
ホースワン,岡田甲子男
ホートンプレインズ,キャロットファーム
ホーナー,長谷川進一
ホーネッツネスト,ゴドルフィン
ホーネット,木村牧場
ホーハイト,ノースヒルズ
ホープアイランド,愛馬レーシングクラブ
ホープインザダーク,ＤＭＭドリームクラブ
ホープウィーク,石川幸司
ホープエトワール,Ｍｒ．ホース
ホープケツァール,愛馬レーシングクラブ
ホープフルサイン,アドバンス・サッポロ
ホープフルスター,前田晋二
ホープフルソング,ヒダカ・ブリーダーズ・ユニオン
ホープフルワールド,大塚亮一
ホープブロッサム,愛馬レーシングクラブ
ホープホワイト,愛馬レーシングクラブ
ホープリュミエール,原義信
ホープレイジング,三浦勝仁
ホームアゲイン,飯田正剛
ホームアンドドライ,広尾レース
ホームチーム,窪田康志
ホームラン,森中啓子
ホームランダービー,三岡陽
ホーリーアーク,松谷翔太
ホーリーイノセンス,ホシノレーシング
ホーリーインパクト,ホシノレーシング
ホーリーイヴ,遠藤日出樹
ホーリーウェル,Ｇ１レーシング
ホーリーエンブレム,サンデーレーシング
ホーリーゴールド,吉田和美
ホーリーサンライズ,松岡隆雄
ホーリーステップ,ホシノレーシング
ホーリーデイ,布施慶士
ホーリーノット,吉田勝己
ホーリーバジル,飯田正剛
ホーリーブライト,船越伸也
ホーリーブラッサム,ホシノレーシング
ホーリーブレイズ,村上憲政
ホーリーホック,吉田勝利
ホーリーライン,ノルマンディーサラブレッドレーシング
ホーリーレジェンド,吉田勝己
ホールオブミラーズ,サンデーレーシング
ホールシバン,ゴドルフィン
ホールタイム,ゴドルフィン
ホールドザデイ,中村伊三美
ホールドミーワンス,グリーンファーム
ホールネス,ゴドルフィン
ホーンドムーン,Ｇ１レーシング
ボアソルチ,カナヤマホールディングス
ボイオートス,ゴドルフィン
ボイラーハウス,永田博之
ボイラーメーカー,須藤英之
ボウイッシュ,山岡重行
ボウウィンドウ,吉田和美
ボウトロイ,会田裕一
ボエーム,小野寺悠太
ボガトイーリ,槇本牧場
ボギータイサ,原禮子
ボクサークラブ,谷掛龍夫
ボクノナオミ,塩澤正樹
ボクマダネムイヨ,小田切光
ボクラヲツナグモノ,石川秀守
ボグラーモデル,ビッグレッドファーム
ボスアンルーリー,佐々木幸弘
ボスオンザサンド,岡田牧雄
ボスキャットグレイ,林正道
ボスコ,吉田和美
ボスコヴェローチェ,大野照旺
ボスジラ,金子真人ホールディングス
ボストンクーラー,ジェイアール
ボストンテソーロ,了徳寺健二ホールディングス
ボスポラス,スピードファーム
ボタニカルガーデン,ゴドルフィン
ボタニスト,金子真人ホールディングス
ボタンザクラ,森中啓子
ボッカルーポ,大塚亮一
ボックスオフィス,ゴドルフィン
ボッケリーニ,金子真人ホールディングス
ボッシェボーレン,下河辺牧場
ボッチョ,ヒダカ・ブリーダーズ・ユニオン
ボディダブル,山口敦広
ボディビルダー,吉澤ホールディングス
ボディブロー,キーファーズ
ボトムレス,ＭＭＳホールディングス
ボドニーク,フォレストレーシング
ボナセーラ,山田貢一
ボナデア,山上和良
ボナパルティズム,ゴドルフィン
ボナパルト,幅田昌伸
ボナフォルトゥーナ,陳立文
ボナペティアスク,廣崎利洋
ボナンザ,幅田京子
ボナヴィーゴ,吉田和美
ボナーテソーロ,了徳寺健二ホールディングス
ボナール,薪浦亨
ボニンブルー,渡辺公美子
ボニーゴールド,シルクレーシング
ボニーソックス,飯田正剛
ボニータミノル,吉岡實
ボニート,平本敏夫
ボニープリンス,キャロットファーム
ボニーマジェスティ,嶋田賢
ボヌールキャッツ,サンデーレーシング
ボヌールバイオ,バイオ
ボビネット,栗坂崇
ボビーザグレート,程田真司
ボビーニクビッタケ,小林祥晃
ボブズヤアンクル,ゴドルフィン
ボヘミアラプソディ,平井裕
ボヘミアンヒーロー,林正道
ボボティー,杉浦和也
ボマイェ,カナヤマホールディングス
ボマライン,野嶋祥二
ボムブラスト,山口敦広
ボムポット,ＫＲジャパン
ボヤージュアウト,安原浩司
ボヤージュブルー,吉田和美
ボラヘ,ミルファーム
ボランテレオ,近藤克麿
ボラーレヴィーア,中西功
ボル,自由が丘サラブレッド倶楽部
ボルカンバル,社台レースホース
ボルケーノ,石川達絵
ボルケーノペスカ,山田信太郎
ボルゲリ,チームユッキレーシング
ボルサリーノ,草間庸文
ボルザコフスキー,犬塚悠治郎
ボルセーナ,フォレストレーシング
ボルゾーバー,尾上寿夫
ボルタドマール,今中俊平
ボルダーオパール,フォレストレーシング
ボルダーズビーチ,シルクレーシング
ボルトテソーロ,了徳寺健二ホールディングス
ボルドグフーシュ,社台レースホース
ボルドーネセバル,杉浦和也
ボルネオ,高橋ファーム
ボルンカズマ,雅苑興業
ボルンタード,西森鶴
ボレロ,ターフ・スポート
ボワエトワール,下河辺牧場
ボン,市川義美ホールディングス
ボンウィークエンド,吉田和美
ボンオムトゥック,窪田芳郎
ボンクラージュ,落合幸弘
ボンショワ,今村明浩
ボンジュルネ,杉山忠国
ボンジューママ,田口廣
ボンジュールアスク,廣崎利洋ＨＤ
ボンジュールイエル,田中善次郎
ボンジュールサヴァ,田中善次郎
ボンジュールゼン,田中善次郎
ボンジュールヘニー,田中善次郎
ボンジュールリーゼ,田中善次郎
ボンジョルノ,谷岡毅
ボンジーア,金山政信
ボンスヴニール,サラブレッドクラブ・ラフィアン
ボンズドゥッカ,石原進
ボンセグレート,サンデーレーシング
ボンセルヴィーソ,名古屋友豊
ボンダイビーチ,田頭勇貴
ボンテンマル,高橋文男
ボンディマンシュ,シルクレーシング
ボンディングタイム,ゴドルフィン
ボントンルレ,ジャコモ
ボンドオブラヴ,広尾レース
ボンドガール,藤田晋
ボンドマティーニ,窪田芳郎
ボンドロア,寺田寿男
ボンドロール,ディアレストクラブ
ボンヌシャンス,高橋文男
ボンヌソワレ,社台レースホース
ボンバーガール,田頭勇貴
ボンバーミューラー,渡邊隆
ボンフェット,栗坂崇
ボンベール,木部厳生
ボンボニエーレ,前田清二
ボンボヤージ,廣崎利洋
ボンボレーロ,大原詔宏
ボンボンショコラ,田頭勇貴
ボンボンブーケ,ｇｌｉｔｔｅｒＧ
ボンボンベイビー,前田晋二
ボンマティ,服部健太郎
ボンマリアージュ,今中俊平
ボンマルコ,林啓二
ボンラヴォーロ,小林由明
ボンヴィアッジョ,ＫＲジャパン
ボーイズオブサマー,ノルマンディーサラブレッドレーシング
ボーイハンター,吉田千津
ボーサンシー,吉田和美
ボーズキャット,ヒダカ・ブリーダーズ・ユニオン
ボーズマン,サンライズ
ボーダーオブライフ,レッドマジック
ボーダードライヴ,村田裕子
ボーダーパトロール,ゴドルフィン
ボーデン,吉田勝己
ボードゥロレーヌ,Ｇ１レーシング
ボードウォーク,ヒダカ・ブリーダーズ・ユニオン
ボードメンバー,安原浩司
ボーナファイディ,水上ふじ子
ボーヌロマネ,長谷川祐司
ボーマルシェ,キャロットファーム
ボーマン,山口正行
ボーモンド,サンデーレーシング
ボーランズテソーロ,了徳寺健二ホールディングス
ボールザマホーニー,ニューマレコード
ボールジー,小林竜太郎
ボールズピラミッド,窪田芳郎
ボールドアテンプト,Ｇ１レーシング
ボールドジャパン,増田陽一
ボールドステート,増田陽一
ボールドスパルタン,増田陽一
ボールドゾーン,シルクレーシング
ボールドタワー,増田陽一
ボールドチャー,増田陽一
ボールドトップ,増田陽一
ボールドハーテッド,岡田牧雄
ボールドフロント,増田陽一
ボールドベーカ,増田陽一
ボールドペイト,増田陽一
ボールドホーク,増田陽一
ボールドムーン,増田陽一
ボールドライ,増田陽一
ボールドリーチ,増田陽一
ボールドロイ,増田陽一
ボールライトニング,グリーンファーム
ボーンイングランデ,ＧｒａｎｄｅＲａｃｉｎｇ
ボーンインメイ,サラブレッドクラブ・ラフィアン
ボーンジーニアス,和泉憲一
ボーンスキルフル,吉田千津
ボーンディスウェイ,平田修
ボーントゥウィン,田島榮二郎
ボーントゥウォリア,ターフ・スポート
ボーントゥラブユー,前田晋二
ボーントゥレイン,窪田康志
ボーヴィヴィエンヌ,加藤裕司
ポアゾンシーザー,村上憲政
ポアゾンノアール,村上憲政
ポイズンアロウ,長谷川祐司
ポイズンオーク,吉田和美
ポインデクスター,協和牧場
ポイントオブオナー,吉田勝己
ポイントゲッター,井山登
ポイントネモ,ゴドルフィン
ポイントフォワード,ゴドルフィン
ポウナム,石井輝昭
ポエットリー,吉田昌久
ポエティックデール,シルクレーシング
ポカポカタイム,高橋ファーム
ポケッティーノ,ヒダカ・ブリーダーズ・ユニオン
ポケットカラキュン,山下良子
ポケットシンデレラ,田畑利彦
ポケットマネー,保坂和孝
ポケットロケット,野田政義
ポゴシプタ,ミルファーム
ポジターノ,カナヤマホールディングス
ポジティビティ,今村明浩
ポジティブガール,平川浩之
ポジティブスピン,松田整二
ポスキアーヴォ,会田浩史
ポセイドン,崎川美枝子
ポセイドンテソーロ,了徳寺健二ホールディングス
ポセイドンバローズ,猪熊広次
ポタジェ,金子真人ホールディングス
ポタリング,高橋文男
ポチョラーダ,金子真人ホールディングス
ポッシビリテ,ノースヒルズ
ポットマム,ノースヒルズ
ポッドエステラ,小川眞査雄
ポッドエルマー,小川眞査雄
ポッドクロス,小川眞査雄
ポッドグラス,小川眞査雄
ポッドグレイシー,小川眞査雄
ポッドコンティ,小川眞査雄
ポッドシャンク,小川眞査雄
ポッドジャスパー,小川眞査雄
ポッドジーク,小川眞査雄
ポッドスモーカー,小川眞査雄
ポッドソル,カンノンレーシングクラブ
ポッドテオ,小川眞査雄
ポッドデスペア,小川眞査雄
ポッドデューク,小川眞査雄
ポッドドンナー,小川眞査雄
ポッドハンター,小川眞査雄
ポッドバディ,小川眞査雄
ポッドフォルク,小川眞査雄
ポッドフラッター,小川眞査雄
ポッドベイダー,小川眞査雄
ポッドベル,小川眞査雄
ポッドボウ,小川眞査雄
ポッドボレット,小川眞査雄
ポッドリプル,小川眞査雄
ポッドレオ,加藤春次
ポッドレーヴ,小川眞査雄
ポッドロイ,小川眞査雄
ポッドロゴ,小川眞査雄
ポッドロルフ,小川眞査雄
ポッドロワール,小川眞査雄
ポッドヴァイン,小川眞査雄
ポッピン,和田牧場
ポッピンキャンディ,ノルマンディーサラブレッドレーシング
ポッピングシャワー,下屋敷牧場
ポップアップ,石川達絵
ポップアップスター,社台レースホース
ポップグルーヴ,馬場祥晃
ポップコーントーン,ビッグレッドファーム
ポップシンガー,村山卓也
ポップスター,久松朋史
ポップスフラッシュ,小田吉男
ポップパフォーマー,社台レースホース
ポップフランセ,吉田照哉
ポップワール,三嶋牧場
ポッポノフェスタ,ビッグルーフレーシング
ポッポヘジュセヨ,藤本直弘
ポテチ,ケーエスＨＤ
ポテンザ,ターフライズ
ポテンシャルリアル,ライオンレースホース
ポディウム,ゴドルフィン
ポトマックテソーロ,了徳寺健二ホールディングス
ポピュラーソング,酒井孝敏
ポピュラーダンサー,吉田千津
ポピュリズム,ゴドルフィン
ポプリーニ,吉田和美
ポベーダテソーロ,了徳寺健二ホールディングス
ポペット,小林竜太郎
ポポカテペトル,金子真人ホールディングス
ポポラリタ,ＹＧＧホースクラブ
ポポラヴィスタ,ＹＧＧホースクラブ
ポポラーレウーノ,由井健太郎
ポマール,フォレストレーシング
ポミチョッタ,ミルファーム
ポム,武田浩典
ポムドール,ヒダカ・ブリーダーズ・ユニオン
ポムファッジ,高樽さゆり
ポメランチェ,社台レースホース
ポメラート,雅苑興業
ポラライズ,山口裕介
ポリアンサ,佐藤壽男
ポリアンセモス,キャロットファーム
ポリキポリキ,金子真人ホールディングス
ポリクシニーズ,今村明浩
ポリッシュキッス,雅苑興業
ポリッシュグルーム,星加浩一
ポリトナリティー,岡田牧雄
ポリメトリック,金子真人ホールディングス
ポリリン,リトルブルーファーム
ポリーフォリア,吉田照哉
ポルカシュネル,社台レースホース
ポルカドットタイ,Ｈ．Ｈ．シェイク・ハムダン
ポルカリズム,キャロットファーム
ポルガラ,杉浦和也
ポルクロール,飯田正剛
ポルコスピーノ,子安裕樹ＲＣ
ポルタシャーンス,杉山忠国
ポルタフェリーチェ,高橋ファーム
ポルタフォリオ,吉田照哉
ポルタフォルトゥナ,酒井孝敏
ポルタメント,前田幸治
ポルテソレイユ,多田賢司
ポルテーニャ,Ｇ１レーシング
ポルトアレグレ,サンデーレーシング
ポルトセグロ,鈴木義孝
ポルトドレーヴ,村野康司
ポルトドール,Ｇ１レーシング
ポルトフェリス,サンデーレーシング
ポルトブルー,ノースヒルズ
ポルトベーロ,高嶋航
ポルトラーノ,サンデーレーシング
ポルトロッソ,サンデーレーシング
ポルトヴェッキオ,サンデーレーシング
ポルフュロゲネトス,吉田勝己
ポルボローネ,小林都美子
ポルポラジール,Ｇリビエール・レーシング
ポルラノーチェ,水上ふじ子
ポルーニン,吉澤克己
ポレンティア,シルクレーシング
ポレーナ,サラブレッドクラブ・ラフィアン
ポロネーズ,村島昭男
ポワンキュルミナン,吉田照哉
ポンサン,天野克彦
ポンズ,内田玄祥
ポンテドラーゴ,吉橋厚司
ポンテニオ,コスモヴューファーム
ポンテビアンカ,コスモヴューファーム
ポンテローザ,島川隆哉
ポンテヴェッキオ,村野康司
ポンデザール,サンデーレーシング
ポントワーズ,高山直樹
ポンヌフ,橋元勇氣
ポンピエ,社台レースホース
ポンフー,杉浦和也
ポンペイワーム,吉田和美
ポンペルモ,社台レースホース
ポンポネット,前田晋二
ポンポン,ミルファーム
ポンポンダリア,ビッグレッドファーム
ポンポンルージュ,ビッグレッドファーム
ポーカー,石川達絵
ポーカークイーン,三嶋牧場
ポークテソーロ,了徳寺健二ホールディングス
ポートカルタヘナ,中村祐子
ポートタウランガ,鈴木康弘
ポートデラメール,シルクレーシング
ポートナイトサイト,ライオンレースホース
ポートメイリオン,中村祐子
ポートロイヤル,社台レースホース
ポーラスター,山崎泰博
ポーラライツ,シルクレーシング
ポーラーサマー,ゴドルフィン
ポーラーサン,窪田康志
ポーラーサンダー,谷掛龍夫
ポーラーシュテルン,サラブレッドクラブ・ラフィアン
ポーラージェット,栗山学
ポーラーナイト,下河辺牧場
ポーラーブレイズ,ヤブウチ
ポールスター,林正道
ポールセン,坂口直大
ポールトゥウィン,カナヤマホールディングス
ポールネイロン,前田幸治
ポールヴァンドル,シルクレーシング
ポーレット,フクキタル
マアイノマ,芳賀克也
マイアイドル,キーファーズ
マイアフェクション,五影隆則
マイアミサンセット,竹下浩一
マイアミテソーロ,了徳寺健二ホールディングス
マイアミュレット,マークス
マイアヴィータ,湊義明
マイウェイ,篠田くみ子
マイウェイアムール,田畑利彦
マイエラ,諸江幸祐
マイエレメント,キャロットファーム
マイエンフェルト,シルクレーシング
マイオウンウェイ,吉田勝己
マイカラー,山口裕介
マイキオラ,キーファーズ
マイキャラット,飯田正剛
マイキューティー,杉山忠国
マイクインダム,藤田晋
マイクドロップ,手嶋美季
マイクロモザイク,吉田和美
マイクロレディ,新冠橋本牧場
マイグランクロア,吉田勝利
マイグレーション,野村茂雄
マイケルバローズ,猪熊広次
マイコレット,伊東純一
マイコンチェルト,インゼルレーシング
マイコンプリート,キーファーズ
マイサンシャイン,三田昌宏
マイサンライズ,和田牧場
マイシドニー,岡浩二
マイショウチャン,星野壽市
マイシンフォニー,キーファーズ
マイジュネス,安川幸彦
マイスイートハート,村野康司
マイスクワッド,辻牧場
マイスタイル,寺田千代乃
マイスターシャーレ,山紫水明
マイスターハント,ライオンレースホース
マイスターヴェルク,キャロットファーム
マイステージ,冨沢敦子
マイセイバー,ミルファーム
マイタイムオブデイ,シルクレーシング
マイチバイ,柴原榮
マイティウェイ,ヒダカ・ブリーダーズ・ユニオン
マイティキッチョウ,谷岡正次
マイティキングダム,岡田牧雄
マイティバローズ,猪熊広次
マイティマイティー,前田幸治
マイティーパワー,ＧＥＴＮＥＸＴ
マイティーワークス,中村祐子
マイディアホープ,矢野雅子
マイディアライフ,三田昌宏
マイディスティニー,ローレルレーシング
マイディーレマイ,金子真人ホールディングス
マイトグラッド,小林竜太郎
マイトシップ,出口牧場
マイトビーウォン,村田滋
マイトリックスター,ターフ・スポート
マイトレジャー,太田珠々子
マイトレジャーフジ,嶋田賢
マイド,ニッシンホールディングス
マイドオオキニ,小菅誠
マイドリームガール,ＹＴレーシング
マイナーズライト,吉田照哉
マイニオサラスタス,田頭勇貴
マイネルアイガテ,サラブレッドクラブ・ラフィアン
マイネルアイフェル,サラブレッドクラブ・ラフィアン
マイネルアウラート,サラブレッドクラブ・ラフィアン
マイネルアウルム,サラブレッドクラブ・ラフィアン
マイネルアカツキ,サラブレッドクラブ・ラフィアン
マイネルアストリア,サラブレッドクラブ・ラフィアン
マイネルアズーロ,サラブレッドクラブ・ラフィアン
マイネルアットーレ,サラブレッドクラブ・ラフィアン
マイネルアトゥー,サラブレッドクラブ・ラフィアン
マイネルアプラウス,サラブレッドクラブ・ラフィアン
マイネルアミスター,サラブレッドクラブ・ラフィアン
マイネルアムニス,サラブレッドクラブ・ラフィアン
マイネルアラウダ,サラブレッドクラブ・ラフィアン
マイネルアルケミー,サラブレッドクラブ・ラフィアン
マイネルアルゴー,サラブレッドクラブ・ラフィアン
マイネルアルザス,サラブレッドクラブ・ラフィアン
マイネルアルディ,サラブレッドクラブ・ラフィアン
マイネルアルファー,サラブレッドクラブ・ラフィアン
マイネルアルモニコ,サラブレッドクラブ・ラフィアン
マイネルアレス,サラブレッドクラブ・ラフィアン
マイネルアレマン,サラブレッドクラブ・ラフィアン
マイネルアンデス,サラブレッドクラブ・ラフィアン
マイネルアンファン,サラブレッドクラブ・ラフィアン
マイネルアース,サラブレッドクラブ・ラフィアン
マイネルイグザルト,サラブレッドクラブ・ラフィアン
マイネルイデア,サラブレッドクラブ・ラフィアン
マイネルイナブ,サラブレッドクラブ・ラフィアン
マイネルイノメ,サラブレッドクラブ・ラフィアン
マイネルイリャルギ,サラブレッドクラブ・ラフィアン
マイネルインパクト,サラブレッドクラブ・ラフィアン
マイネルイヴィンス,永見貴昭
マイネルイージス,サラブレッドクラブ・ラフィアン
マイネルウィルトス,サラブレッドクラブ・ラフィアン
マイネルウォーリア,サラブレッドクラブ・ラフィアン
マイネルエイブ,サラブレッドクラブ・ラフィアン
マイネルエキサイト,サラブレッドクラブ・ラフィアン
マイネルエストック,サラブレッドクラブ・ラフィアン
マイネルエスパス,サラブレッドクラブ・ラフィアン
マイネルエスペルト,吉田勝利
マイネルエタナ,サラブレッドクラブ・ラフィアン
マイネルエトルタ,サラブレッドクラブ・ラフィアン
マイネルエニグマ,サラブレッドクラブ・ラフィアン
マイネルエピキュア,サラブレッドクラブ・ラフィアン
マイネルエムロード,サラブレッドクラブ・ラフィアン
マイネルエメ,サラブレッドクラブ・ラフィアン
マイネルエルガー,サラブレッドクラブ・ラフィアン
マイネルエンカント,サラブレッドクラブ・ラフィアン
マイネルエンペラー,サラブレッドクラブ・ラフィアン
マイネルエヴレン,サラブレッドクラブ・ラフィアン
マイネルエール,稲場澄
マイネルオスカル,サラブレッドクラブ・ラフィアン
マイネルオデーサ,サラブレッドクラブ・ラフィアン
マイネルオニキス,サラブレッドクラブ・ラフィアン
マイネルオフィール,サラブレッドクラブ・ラフィアン
マイネルオラクル,サラブレッドクラブ・ラフィアン
マイネルオラトリオ,サラブレッドクラブ・ラフィアン
マイネルオランチア,サラブレッドクラブ・ラフィアン
マイネルオルガノ,サラブレッドクラブ・ラフィアン
マイネルオーサム,サラブレッドクラブ・ラフィアン
マイネルオーシャン,サラブレッドクラブ・ラフィアン
マイネルオーロラ,サラブレッドクラブ・ラフィアン
マイネルカイザー,サラブレッドクラブ・ラフィアン
マイネルカイノン,サラブレッドクラブ・ラフィアン
マイネルカガヤキ,サラブレッドクラブ・ラフィアン
マイネルカグラ,サラブレッドクラブ・ラフィアン
マイネルカゲツ,サラブレッドクラブ・ラフィアン
マイネルカピターノ,サラブレッドクラブ・ラフィアン
マイネルカレッツァ,サラブレッドクラブ・ラフィアン
マイネルカンパーナ,サラブレッドクラブ・ラフィアン
マイネルカーニバル,サラブレッドクラブ・ラフィアン
マイネルカーライル,サラブレッドクラブ・ラフィアン
マイネルガンナー,サラブレッドクラブ・ラフィアン
マイネルキアロ,サラブレッドクラブ・ラフィアン
マイネルキャドー,サラブレッドクラブ・ラフィアン
マイネルキャラバン,サラブレッドクラブ・ラフィアン
マイネルキュリアス,サラブレッドクラブ・ラフィアン
マイネルキラメキ,サラブレッドクラブ・ラフィアン
マイネルキング,サラブレッドクラブ・ラフィアン
マイネルクオリア,サラブレッドクラブ・ラフィアン
マイネルクハージュ,サラブレッドクラブ・ラフィアン
マイネルクライマー,サラブレッドクラブ・ラフィアン
マイネルクラフト,サラブレッドクラブ・ラフィアン
マイネルクラース,サラブレッドクラブ・ラフィアン
マイネルクリソーラ,サラブレッドクラブ・ラフィアン
マイネルクロカータ,サラブレッドクラブ・ラフィアン
マイネルクロップ,サラブレッドクラブ・ラフィアン
マイネルクロンヌ,サラブレッドクラブ・ラフィアン
マイネルグスタフ,サラブレッドクラブ・ラフィアン
マイネルグッドデイ,サラブレッドクラブ・ラフィアン
マイネルグランサム,サラブレッドクラブ・ラフィアン
マイネルグリット,サラブレッドクラブ・ラフィアン
マイネルグレート,サラブレッドクラブ・ラフィアン
マイネルグロン,サラブレッドクラブ・ラフィアン
マイネルグロース,サラブレッドクラブ・ラフィアン
マイネルグローバル,サラブレッドクラブ・ラフィアン
マイネルグローリエ,サラブレッドクラブ・ラフィアン
マイネルケイローン,サラブレッドクラブ・ラフィアン
マイネルケレリウス,サラブレッドクラブ・ラフィアン
マイネルゲミュート,サラブレッドクラブ・ラフィアン
マイネルコモドーア,サラブレッドクラブ・ラフィアン
マイネルコルサ,サラブレッドクラブ・ラフィアン
マイネルコロンブス,サラブレッドクラブ・ラフィアン
マイネルコンポート,サラブレッドクラブ・ラフィアン
マイネルサイプレス,サラブレッドクラブ・ラフィアン
マイネルサイルーン,サラブレッドクラブ・ラフィアン
マイネルサハラ,サラブレッドクラブ・ラフィアン
マイネルサブマリン,サラブレッドクラブ・ラフィアン
マイネルサリーレ,サラブレッドクラブ・ラフィアン
マイネルサンタアナ,サラブレッドクラブ・ラフィアン
マイネルサンテ,サラブレッドクラブ・ラフィアン
マイネルサンライト,サラブレッドクラブ・ラフィアン
マイネルサージュ,サラブレッドクラブ・ラフィアン
マイネルサーパス,サラブレッドクラブ・ラフィアン
マイネルザウバア,サラブレッドクラブ・ラフィアン
マイネルシェルム,サラブレッドクラブ・ラフィアン
マイネルシエル,サラブレッドクラブ・ラフィアン
マイネルシスネロス,サラブレッドクラブ・ラフィアン
マイネルシデン,サラブレッドクラブ・ラフィアン
マイネルシトラス,サラブレッドクラブ・ラフィアン
マイネルシュラハト,サラブレッドクラブ・ラフィアン
マイネルシュラーク,サラブレッドクラブ・ラフィアン
マイネルシルバリー,杉浦和也
マイネルシンベリン,サラブレッドクラブ・ラフィアン
マイネルシーマー,サラブレッドクラブ・ラフィアン
マイネルジェロディ,サラブレッドクラブ・ラフィアン
マイネルジェンマ,サラブレッドクラブ・ラフィアン
マイネルジャッカル,サラブレッドクラブ・ラフィアン
マイネルジュリアン,サラブレッドクラブ・ラフィアン
マイネルジーニアス,サラブレッドクラブ・ラフィアン
マイネルスカイ,サラブレッドクラブ・ラフィアン
マイネルスキーブ,サラブレッドクラブ・ラフィアン
マイネルスタイル,サラブレッドクラブ・ラフィアン
マイネルステラート,サラブレッドクラブ・ラフィアン
マイネルステレール,サラブレッドクラブ・ラフィアン
マイネルストラトス,杉浦和也
マイネルストーク,サラブレッドクラブ・ラフィアン
マイネルスピカ,サラブレッドクラブ・ラフィアン
マイネルスフェーン,サラブレッドクラブ・ラフィアン
マイネルスラーヴァ,サラブレッドクラブ・ラフィアン
マイネルスヴニール,サラブレッドクラブ・ラフィアン
マイネルズイーガー,サラブレッドクラブ・ラフィアン
マイネルズコット,サラブレッドクラブ・ラフィアン
マイネルズーメン,サラブレッドクラブ・ラフィアン
マイネルセリオン,サラブレッドクラブ・ラフィアン
マイネルゼウス,サラブレッドクラブ・ラフィアン
マイネルゼーロス,サラブレッドクラブ・ラフィアン
マイネルソラス,サラブレッドクラブ・ラフィアン
マイネルゾンターク,サラブレッドクラブ・ラフィアン
マイネルタイムリー,サラブレッドクラブ・ラフィアン
マイネルダグラス,サラブレッドクラブ・ラフィアン
マイネルダンク,サラブレッドクラブ・ラフィアン
マイネルチェスト,サラブレッドクラブ・ラフィアン
マイネルチケット,サラブレッドクラブ・ラフィアン
マイネルチューダ,サラブレッドクラブ・ラフィアン
マイネルツァイト,サラブレッドクラブ・ラフィアン
マイネルツァーリ,サラブレッドクラブ・ラフィアン
マイネルツィール,杉浦和也
マイネルティグレ,サラブレッドクラブ・ラフィアン
マイネルティプトン,サラブレッドクラブ・ラフィアン
マイネルテオドロス,サラブレッドクラブ・ラフィアン
マイネルテナシャス,サラブレッドクラブ・ラフィアン
マイネルディザイア,サラブレッドクラブ・ラフィアン
マイネルディレクト,サラブレッドクラブ・ラフィアン
マイネルデステリョ,サラブレッドクラブ・ラフィアン
マイネルデルフト,サラブレッドクラブ・ラフィアン
マイネルトゥラン,サラブレッドクラブ・ラフィアン
マイネルトゥルネー,サラブレッドクラブ・ラフィアン
マイネルトバーン,サラブレッドクラブ・ラフィアン
マイネルトラオム,サラブレッドクラブ・ラフィアン
マイネルトラキア,サラブレッドクラブ・ラフィアン
マイネルトルファン,サラブレッドクラブ・ラフィアン
マイネルトレマーズ,サラブレッドクラブ・ラフィアン
マイネルドゥマン,サラブレッドクラブ・ラフィアン
マイネルナイペス,サラブレッドクラブ・ラフィアン
マイネルナラティヴ,サラブレッドクラブ・ラフィアン
マイネルニゲラ,サラブレッドクラブ・ラフィアン
マイネルニコラス,サラブレッドクラブ・ラフィアン
マイネルニルソン,サラブレッドクラブ・ラフィアン
マイネルネーベル,サラブレッドクラブ・ラフィアン
マイネルハニー,サラブレッドクラブ・ラフィアン
マイネルバサラ,サラブレッドクラブ・ラフィアン
マイネルバッカーノ,Ｍｒ．ホース
マイネルバトゥータ,サラブレッドクラブ・ラフィアン
マイネルバーテクス,サラブレッドクラブ・ラフィアン
マイネルバールマン,サラブレッドクラブ・ラフィアン
マイネルパイオニア,サラブレッドクラブ・ラフィアン
マイネルパッセ,サラブレッドクラブ・ラフィアン
マイネルパラディ,サラブレッドクラブ・ラフィアン
マイネルパリオート,サラブレッドクラブ・ラフィアン
マイネルパンドーロ,サラブレッドクラブ・ラフィアン
マイネルパーロル,サラブレッドクラブ・ラフィアン
マイネルパーヴェル,サラブレッドクラブ・ラフィアン
マイネルヒッツェ,サラブレッドクラブ・ラフィアン
マイネルビクトリー,サラブレッドクラブ・ラフィアン
マイネルビジョン,サラブレッドクラブ・ラフィアン
マイネルビスマルク,サラブレッドクラブ・ラフィアン
マイネルビスワール,サラブレッドクラブ・ラフィアン
マイネルピカソ,サラブレッドクラブ・ラフィアン
マイネルピクトル,サラブレッドクラブ・ラフィアン
マイネルファイヤー,サラブレッドクラブ・ラフィアン
マイネルファンロン,サラブレッドクラブ・ラフィアン
マイネルフィエスタ,サラブレッドクラブ・ラフィアン
マイネルフィスキオ,サラブレッドクラブ・ラフィアン
マイネルフィースト,サラブレッドクラブ・ラフィアン
マイネルフェラッカ,サラブレッドクラブ・ラフィアン
マイネルフォルツァ,サラブレッドクラブ・ラフィアン
マイネルフォーコン,サラブレッドクラブ・ラフィアン
マイネルフトゥーロ,サラブレッドクラブ・ラフィアン
マイネルフラップ,サラブレッドクラブ・ラフィアン
マイネルフランツ,サラブレッドクラブ・ラフィアン
マイネルフルムーン,サラブレッドクラブ・ラフィアン
マイネルフロスト,サラブレッドクラブ・ラフィアン
マイネルフーガ,サラブレッドクラブ・ラフィアン
マイネルブデット,サラブレッドクラブ・ラフィアン
マイネルブラシウス,サラブレッドクラブ・ラフィアン
マイネルブラボー,サラブレッドクラブ・ラフィアン
マイネルブリオン,サラブレッドクラブ・ラフィアン
マイネルブリックス,サラブレッドクラブ・ラフィアン
マイネルブロッケン,サラブレッドクラブ・ラフィアン
マイネルプリサイス,サラブレッドクラブ・ラフィアン
マイネルプリンチペ,サラブレッドクラブ・ラフィアン
マイネルプロンプト,岡田壮史
マイネルヘリテージ,梶原大輔
マイネルヘルツアス,サラブレッドクラブ・ラフィアン
マイネルヘルト,サラブレッドクラブ・ラフィアン
マイネルベレーロ,サラブレッドクラブ・ラフィアン
マイネルペルセウス,サラブレッドクラブ・ラフィアン
マイネルペンドラム,サラブレッドクラブ・ラフィアン
マイネルホイッスル,サラブレッドクラブ・ラフィアン
マイネルホウセン,サラブレッドクラブ・ラフィアン
マイネルホップ,サラブレッドクラブ・ラフィアン
マイネルホリゾンテ,サラブレッドクラブ・ラフィアン
マイネルボス,サラブレッドクラブ・ラフィアン
マイネルボルソー,サラブレッドクラブ・ラフィアン
マイネルボレロ,サラブレッドクラブ・ラフィアン
マイネルボンバー,サラブレッドクラブ・ラフィアン
マイネルボーダレス,サラブレッドクラブ・ラフィアン
マイネルポインター,サラブレッドクラブ・ラフィアン
マイネルマスター,サラブレッドクラブ・ラフィアン
マイネルマーティン,サラブレッドクラブ・ラフィアン
マイネルミストラル,サラブレッドクラブ・ラフィアン
マイネルミュトス,サラブレッドクラブ・ラフィアン
マイネルミラケル,サラブレッドクラブ・ラフィアン
マイネルミラノ,サラブレッドクラブ・ラフィアン
マイネルミンドール,サラブレッドクラブ・ラフィアン
マイネルムジーク,サラブレッドクラブ・ラフィアン
マイネルメサイア,サラブレッドクラブ・ラフィアン
マイネルメダリオン,サラブレッドクラブ・ラフィアン
マイネルメテオーラ,サラブレッドクラブ・ラフィアン
マイネルメドリング,サラブレッドクラブ・ラフィアン
マイネルメモリー,サラブレッドクラブ・ラフィアン
マイネルメリエンダ,サラブレッドクラブ・ラフィアン
マイネルメーア,サラブレッドクラブ・ラフィアン
マイネルモメンタム,サラブレッドクラブ・ラフィアン
マイネルモンテュス,サラブレッドクラブ・ラフィアン
マイネルモンブラン,サラブレッドクラブ・ラフィアン
マイネルモーディグ,成富直行
マイネルモーント,サラブレッドクラブ・ラフィアン
マイネルヤングマン,サラブレッドクラブ・ラフィアン
マイネルユキツバキ,サラブレッドクラブ・ラフィアン
マイネルユニブラン,サラブレッドクラブ・ラフィアン
マイネルユヌスール,サラブレッドクラブ・ラフィアン
マイネルユーゲント,サラブレッドクラブ・ラフィアン
マイネルライゼン,サラブレッドクラブ・ラフィアン
マイネルラウレア,サラブレッドクラブ・ラフィアン
マイネルラカイユ,サラブレッドクラブ・ラフィアン
マイネルラクスマン,サラブレッドクラブ・ラフィアン
マイネルラジェム,サラブレッドクラブ・ラフィアン
マイネルラズライト,サラブレッドクラブ・ラフィアン
マイネルラック,サラブレッドクラブ・ラフィアン
マイネルラッシュ,サラブレッドクラブ・ラフィアン
マイネルラビリンス,サラブレッドクラブ・ラフィアン
マイネルラファール,サラブレッドクラブ・ラフィアン
マイネルラフレシア,サラブレッドクラブ・ラフィアン
マイネルリコルディ,サラブレッドクラブ・ラフィアン
マイネルリッター,サラブレッドクラブ・ラフィアン
マイネルリベラル,サラブレッドクラブ・ラフィアン
マイネルリャードフ,サラブレッドクラブ・ラフィアン
マイネルリリーフ,サラブレッドクラブ・ラフィアン
マイネルリーヒム,サラブレッドクラブ・ラフィアン
マイネルレイヨン,サラブレッドクラブ・ラフィアン
マイネルレオーネ,サラブレッドクラブ・ラフィアン
マイネルレガシー,サラブレッドクラブ・ラフィアン
マイネルレクエルド,サラブレッドクラブ・ラフィアン
マイネルレグルス,サラブレッドクラブ・ラフィアン
マイネルレスペト,サラブレッドクラブ・ラフィアン
マイネルレノン,サラブレッドクラブ・ラフィアン
マイネルレンカ,サラブレッドクラブ・ラフィアン
マイネルロッシュ,サラブレッドクラブ・ラフィアン
マイネルロベルト,サラブレッドクラブ・ラフィアン
マイネルロングラン,サラブレッドクラブ・ラフィアン
マイネルロンド,サラブレッドクラブ・ラフィアン
マイネルワルツ,サラブレッドクラブ・ラフィアン
マイネルワンチーム,サラブレッドクラブ・ラフィアン
マイネルヴァッサー,サラブレッドクラブ・ラフィアン
マイネルヴェスペル,サラブレッドクラブ・ラフィアン
マイネルヴェーゼン,サラブレッドクラブ・ラフィアン
マイネルヴォルムス,サラブレッドクラブ・ラフィアン
マイネルヴォーダン,サラブレッドクラブ・ラフィアン
マイネルヴンシュ,サラブレッドクラブ・ラフィアン
マイノワール,松島一晃
マイハート,吉田千津
マイハートビート,三田昌宏
マイバウム,栗坂崇
マイバラード,ビッグレッドファーム
マイバレンタイン,ノースヒルズ
マイバンドーム,宮内牧場
マイファミリー,ミルファーム
マイファンキー,ビリオンスター
マイフォーエバー,青山洋一
マイブリュージュ,小関昭次
マイブルースカイ,山田弘
マイブルーヘブン,三田昌宏
マイプリンセス,大倉佑介
マイプレイス,ターフ・スポート
マイプレシャス,キーファーズ
マイベスティー,増田江利子
マイベストダンサー,前迫義幸
マイホームパパ,ミルファーム
マイホームヒロイン,ミルファーム
マイボーイ,是枝浩平
マイマーベラスワン,五影隆則
マイミッション,加藤光淑
マイムマイム,ミルファーム
マイメロ,山本晋也
マイモーメント,嶋田賢
マイヤン,ＩＲレーシング
マイユニバース,寺田寿男
マイヨアポア,スピードファーム
マイヨブラン,シルクレーシング
マイヨヴェール,ヤナガワ牧場
マイラッキーデイ,三田昌宏
マイラニ,錦岡牧場
マイラバーズ,安原麻美
マイラブユキチャン,矢野琢也
マイラプソディ,キーファーズ
マイラヴノリピー,中谷典生
マイリトルヒーロー,京都ホースレーシング
マイルポスト,Ｇ１レーシング
マイレッドスター,大島昌也
マイレリーフ,兼松忠男
マイレーヌ,小関昭次
マイロングタイム,佐藤良二
マインインパクト,峰哲馬
マインエンゼル,峰哲馬
マインエンブレム,峰哲馬
マインクイーン,峰哲馬
マインサファイア,峰哲馬
マインシャッツ,吉田照哉
マインジャラン,前田幸治
マインセーラ,峰哲馬
マインツァー,ブルースターズファーム
マイントップスター,峰哲馬
マイントラウム,社台レースホース
マインドフルネス,ミルファーム
マインドブロン,林正道
マインドマイワーズ,岡田牧雄
マインドミー,伊東純一
マインドユアベイブ,吉田千津
マインドユアリズム,窪田芳郎
マインナナ,峰哲馬
マインヒロイン,峰哲馬
マインヒーロー,峰哲馬
マインフリューゲル,名古屋友豊
マインヨハシレ,峰哲馬
マインレッド,峰哲馬
マウリノ,落合幸弘
マウンテンエース,西村新一郎
マウンテンドーター,西村新一郎
マウンテンバローズ,猪熊広次
マウンテンピオニー,簗詰貴彦
マウンテンムスメ,西村新一郎
マウントゴールド,青芝商事
マウントバーノン,キャロットファーム
マウントベル,長谷川祐司
マエガミ,副島義久
マエストリーナ,平本敏夫
マエストロライト,前田晋二
マエストーソ,加藤徹
マエマエ,ニッシンホールディングス
マオノアラシ,湯浅健司
マオノエピ,湯浅健司
マオノギミック,湯浅健司
マオノクラッシュ,湯浅健司
マオノサムライ,湯浅健司
マオノサルート,湯浅健司
マオノジーナス,湯浅健司
マオノソプデト,湯浅健司
マオノファースト,湯浅健司
マオノボルケーノ,湯浅健司
マオノムサシ,湯浅健司
マカイゾウ,由井健太郎
マカイレイ,河合裕明
マカオンドール,關陽彦
マカオンブラン,關陽彦
マカセナハレ,村田哲朗
マカナ,ニッシンホールディングス
マカナアネラ,グランホース
マカニ,ニッシンホールディングス
マカヒキ,金子真人ホールディングス
マカベリ,ＴｏｐＦｅａｔｈｅｒ
マカホウ,前田晋二
マカラス,村田博司
マカラプア,サラブレッドクラブ・ラフィアン
マカリカ,ロードホースクラブ
マカルーテソーロ,了徳寺健二ホールディングス
マカレイ,サンデーレーシング
マカレナダンス,京都ホースレーシング
マカロンパフェ,社台レースホース
マカロンブルー,ヒダカ・ブリーダーズ・ユニオン
マカンマカン,金子真人ホールディングス
マカーリオ,村田博司
マガーリ,中辻明
マキ,吉田和美
マキアージュ,中村祐子
マキシ,大島昌也
マキシマムドライブ,酒井牧場
マキシマムビスタ,ＯＵＭＡ
マキシマムレーヴ,山崎太嗣
マキナガラージュ,野田善己
マキバシラ,植村仁
マキバジョオー,亘宏之
マキャベリー,杉山忠国
マキリ,ミルファーム
マギームーン,ＮＩＣＫＳ
マクアケ,野嶋祥二
マクギリス,増田和啓
マクゴナガル,清水敏
マクシミリアン,ターフ・スポート
マクシーン,ノルマンディーサラブレッドレーシング
マクスウェルカフェ,ブルースターズファーム
マクタン,Ｙ’ｓレーシング
マクッテソフィア,東豊物産
マクノス,武田浩典
マクフライト,橋元勇氣
マクミランテソーロ,了徳寺健二ホールディングス
マクラガレーヌ,藤沼利夫
マクラーレンベール,キャロットファーム
マクリトップチェコ,谷脇智恵子
マクリール,シルクレーシング
マクルーバ,畑佐博
マクルール,コスモヴューファーム
マクレーン,ビッグレッドファーム
マクローリン,風早信昭
マグナドムス,社台レースホース
マグナムハート,杉浦和也
マグナレガリア,ヒダカ・ブリーダーズ・ユニオン
マグナレガーロ,シルクレーシング
マグナヴィクトル,山紫水明
マグニフィクス,社台レースホース
マグネシアブリック,金子真人ホールディングス
マグネティズム,吉田晴哉
マグノオンゾウシ,ＭＭＳホールディングス
マグノリアレーン,会田浩史
マグノリアロード,徳増栄治
マグマオーシャン,シルクレーシング
マケズギライ,江川伸夫
マケタラアカン,清川信弘
マケルナマサムネ,塩澤正樹
マケン,井手慶祐
マゲバスピード,ラ・メール
マコタイガ,矢野琢也
マコトアタキギリ,ディアマント
マコトアディントン,ディアマント
マコトイスカンダル,ディアマント
マコトエイル,ディアマント
マコトエウロペ,ディアマント
マコトエトルリア,ディアマント
マコトオテギネ,ディアマント
マコトカラカシワ,ディアマント
マコトカンゼミズ,ディアマント
マコトガラハッド,ディアマント
マコトキッショウ,ディアマント
マコトゴコタイ,ディアマント
マコトサダイジン,ディアマント
マコトジェムチュク,ディアマント
マコトジャーベ,ディアマント
マコトジュズマル,ディアマント
マコトダイトウレン,ディアマント
マコトチガネマル,ディアマント
マコトナキギツネ,ディアマント
マコトネネキリマル,ディアマント
マコトブリッツ,ディアマント
マコトベルゲルミル,ディアマント
マコトホウソウゲ,ディアマント
マコトモンジョワ,ディアマント
マコトヤマンバギリ,ディアマント
マコトロクサノホコ,ディアマント
マコトヴァンセンヌ,ディアマント
マコトヴィエルジ,ディアマント
マコトヴィクラント,ディアマント
マコトヴェリーキー,ディアマント
マゴイチタ,ウエストヒルズ
マサウッドテール,梶正典
マサカウマザンマイ,鈴木慈雄
マサガッキー,山垣政晴
マサキノテソーロ,了徳寺健二ホールディングス
マサッチェハマー,浜田幸一
マサト,大倉佑介
マサトップ,澤田孝之
マサノアッレーグラ,中村時子
マサノアーリー,猪野毛雅人
マサノイロハ,猪野毛雅人
マサノオリオン,中村時子
マサノオリンピアン,中村時子
マサノカナリア,猪野毛雅人
マサノカヴァリエ,中村時子
マサノキララ,猪野毛雅人
マサノゴールデン,中村時子
マサノゴールド,古賀禎彦
マサノサファイヤ,中村時子
マサノシリウス,猪野毛雅人
マサノシーザー,猪野毛雅人
マサノスパーク,猪野毛雅人
マサノダイヤモンド,猪野毛雅人
マサノトキメキ,中村時子
マサノナデシコ,猪野毛雅人
マサノハヤブサ,猪野毛雅人
マサノバルサー,猪野毛雅人
マサノパドゥシャ,中村時子
マサノヒーロー,中村時子
マサノビジョン,古賀禎彦
マサノピンクレディ,中村時子
マサノファントム,古賀禎彦
マサノブルスカイ,猪野毛雅人
マサノムサシ,猪野毛雅人
マサノメーテル,猪野毛雅人
マサノユニコーン,中村時子
マサノルビー,猪野毛雅人
マサノヴィクトワル,猪野毛雅人
マサハヤアン,中村政夫
マサハヤウォルズ,ドリーム＆Ｄｒｅａｍ
マサハヤサン,中村政夫
マサハヤスター,中村政夫
マサハヤダイヤ,中村政夫
マサハヤドリーム,中村政夫
マサハヤニース,ドリーム＆Ｄｒｅａｍ
マサハヤブッカーズ,中村政夫
マサハヤブリュッヘ,中村政夫
マサハヤモーブ,ドリーム＆Ｄｒｅａｍ
マサハヤリュウ,中村政夫
マサハヤルージュ,ドリーム＆Ｄｒｅａｍ
マサハヤヴァンス,ドリーム＆Ｄｒｅａｍ
マサハヤヴォス,ドリーム＆Ｄｒｅａｍ
マサムネ,中辻明
マサユメ,藤沼利夫
マサルイチバンボシ,山藤賢
マサレエトワール,社台レースホース
マザーズウィル,飯田正剛
マザーフェイヴァー,ターフ・スポート
マシェリアムール,ミルファーム
マシェリイ,松岡隆雄
マシマシナッチャン,三宅勝俊
マシュマロデイズ,吉岡亨浩
マシュー,島川隆哉
マシン,石川達絵
マシンガン,酒井孝敏
マシンガントーク,スピードファーム
マジェスティ,近藤英子
マジェスティアスク,廣崎利洋ＨＤ
マジェスティカリー,日進牧場
マジェスティゲート,ＶｉｒｉｄｉａｎＫｅｉｂａＣｌｕｂ
マジェスティルール,吉田照哉
マジェスティロゼ,芳賀滿男
マジェステラ,ノルマンディーサラブレッドレーシング
マジェンカ,門野重雄
マジカルアメジスト,サンデーレーシング
マジカルウェーヴ,北駿競走馬組合
マジカルガール,ミルファーム
マジカルキャンディ,田頭勇貴
マジカルキュート,社台レースホース
マジカルサンデー,岡田牧雄
マジカルシャイン,インゼルレーシング
マジカルステップ,高昭牧場
マジカルステージ,大和屋暁
マジカルスペル,吉田勝己
マジカルフェアリー,飯田正剛
マジカルフラワー,ユートピア牧場
マジカルプリンス,国田正忠
マジカルプリンセス,国田正忠
マジカルマジカル,吉田和美
マジカルモーション,京都ホースレーシング
マジカルラグーン,張月勝
マジカルリボン,田頭勇貴
マジカルレイズ,京都ホースレーシング
マジカルレインボー,田頭勇貴
マジカルワード,村野康司
マジギレカレン,小塩利文
マジストラル,サンデーレーシング
マジック,カナヤマホールディングス
マジックアロマ,フォレストレーシング
マジックアワー,田頭勇貴
マジックアーツ,下河辺隆行
マジックウォリアー,吉田晴哉
マジックオブラブ,山口裕介
マジックオーラ,田頭勇貴
マジックキャッスル,社台レースホース
マジッククッキー,小田吉男
マジックゲール,吉田牧場
マジックサンズ,サンデーレーシング
マジックショー,ミルファーム
マジックシード,Ｇ１レーシング
マジックスクロール,ミルファーム
マジックスパート,日向均
マジックスピーチ,前田幸治
マジックタッチ,藤本栄史
マジックハンター,村山忠弘
マジックハンド,佐々木將吉
マジックバローズ,猪熊広次
マジックパフォーム,鈴木芳夫
マジックパレス,サンデーレーシング
マジックビューティ,コスモヴューファーム
マジックビーム,鈴木芳夫
マジックファイト,西村新一郎
マジックファイヤー,ＨｉｍＲｏｃｋＲａｃｉｎｇホールディングス
マジックブルー,広尾レース
マジックブルーム,村山卓也
マジックミラー,大田恭充
マジックモーメント,小原準一郎
マジックライン,柳橋俊昭
マジックランプ,三宅勝俊
マジックリアリズム,社台レースホース
マジックローズ,ロードホースクラブ
マジパン,ミルファーム
マジマックサラン,リトルブルーファーム
マジョッコピロコ,長橋賢吾
マジョラム,ノースヒルズ
マジョリカ,ＫＨレーシング
マジョリー,ターフ・スポート
マジョレヌ,島川隆哉
マジョレル,広尾レース
マジョレルブルー,社台レースホース
マジンタクシー,由井健太郎
マスアンジュ,金子真人ホールディングス
マスカットオマーン,谷掛龍夫
マスカテル,シルクレーシング
マスカリンラン,岡村善行
マスカルポーネ,落合幸弘
マスカレード,田頭勇貴
マスカレードボール,社台レースホース
マスキエッタ,カナヤマホールディングス
マスキュラー,コスモヴューファーム
マスキュリン,ノースヒルズ
マスクオブゾロ,小田切光
マスクオールウィン,宮レーシング
マスクトディーヴァ,社台レースホース
マスクトライ,萬納寺聖仁
マスグラバイト,サンデーレーシング
マスケティアーズ,加藤徹
マスターコード,Ｇ１レーシング
マスターストーン,スリーエイチレーシング
マスターソアラ,インゼルレーシング
マスターパペット,千明牧場
マスターフェンサー,吉澤ホールディングス
マスタープラン,吉澤ホールディングス
マスターボリューム,サラブレッドクラブ・ラフィアン
マスターライセンス,サンデーレーシング
マスターワーク,キャロットファーム
マスティカーレ,ＹＧＧホースクラブ
マスティフ,村木克子
マスティマ,山口敦広
マストワン,木村廣太
マスラオ,Ｇリビエール・レーシング
マスリュウオー,庄司芳則
マセラシオン,サンデーレーシング
マゼ,吉井理人
マゼンダフラッシュ,松田幸生
マタギ,ケーエスＨＤ
マタミカンサン,是枝浩平
マターナルラヴ,岡田牧雄
マダックス,小林由明
マダムアドミレ,ラ・メール
マダムイグレイン,上山牧
マダムカマラード,橋場勇二
マダムカリーニョ,ラ・メール
マダムシャルル,ラ・メール
マダムシュシュ,ラ・メール
マダムシーファー,ラ・メール
マダムハート,栗山良子
マダムリエート,ラ・メール
マダムルーチェ,ラ・メール
マダムヴァシュモン,ラ・メール
マチウマフローラ,Ｍａｃｈｉｕｍａ・Ｇｏｄｄｅｓｓ・Ｒａｃｉｎｇ
マチカゼ,藤田晋
マチュ,ＩＲレーシング
マッカートニー,薪浦亨
マッキュラシオン,ＧＥＴＮＥＸＴ
マックアルイーン,キャロットファーム
マックス,石川達絵
マックスアデュー,田所英子
マックスアドバンス,柳内正基
マックスアン,ＴＵＲＦレーシング
マックスウォリアー,岡田牧雄
マックスキュー,シルクレーシング
マックスセレナーデ,フィールドレーシング
マックスドリーム,山田弘
マックスブロケイド,田所英子
マックロイド,芳賀滿男
マックロスキー,吉田和美
マッケンユウ,北側雅勝
マッシブアプローズ,小林竜太郎
マッシブショット,明栄商事
マッシブディール,岡田牧雄
マッシャーブルム,永嶋啓一
マッシリア,森田藤治
マッシロ,佐久間拓士
マッシヴレジェンド,小川勲
マッジョネラ,堂守貴志
マッスルバック,菊地温以
マッスルビーチ,岡浩二
マッスルマサムネ,塩澤正樹
マッセダムール,フィールドレーシング
マッセル,ノースヒルズ
マッソニアーナ,水野淳
マッタナシ,芳賀克也
マッチアドゥー,加藤徹
マッチザハッチ,金子真人ホールディングス
マッチャパフェ,保坂和孝
マッチョベリー,栗山良子
マッチョマン,ＨｉｍＲｏｃｋＲａｃｉｎｇホールディングス
マッチレスギフト,社台レースホース
マッチレスノヴェル,吉田勝己
マッチレスヒーロー,日進牧場
マッティーナ,大野富生
マッテオ,門野重雄
マットーネロッソ,吉田千津
マッドクール,サンデーレーシング
マッドゲイル,亀井哲也
マッドシティ,大越徹朗
マッドヘッドラブ,坂東勝彦
マッドマックス,モンレーヴ
マッドリボンガール,大越徹朗
マッハインファイト,松嶋良治
マッハモンルード,サンデーレーシング
マッハレイジング,三浦勝仁
マツシマ,高橋文男
マツヨイヒメ,吉田照哉
マツリダイコ,吉田千津
マツリダシリウス,高橋文枝
マツリダスティール,高橋文枝
マツリダパーチェ,高橋文枝
マツリボタン,是枝浩平
マティアス,本間茂
マティス,水上ふじ子
マティンデ,中辻明
マテウス,フクキタル
マテキ,ＫＡＪＩＭＯＴＯホールディングス
マテラアシスト,大野照旺
マテラアリオン,大野照旺
マテラカミング,大野照旺
マテラガニア,大野照旺
マテラサンオウ,大野照旺
マテラシオン,大野照旺
マテラジニアス,大野照旺
マテラスカイ,大野剛嗣
マテラドリム,大野照旺
マテラハチイチ,大野照旺
マテラハピネス,大野照旺
マテラブレス,大野照旺
マテラユウキ,大野照旺
マテリアルガール,ＨｉｍＲｏｃｋＲａｃｉｎｇホールディングス
マテリアルワールド,堀口晴男
マテンロウアイ,寺田千代乃
マテンロウアスカ,寺田千代乃
マテンロウアチーブ,寺田千代乃
マテンロウアトラス,寺田千代乃
マテンロウアネモス,寺田千代乃
マテンロウアルカナ,寺田千代乃
マテンロウアルテ,寺田千代乃
マテンロウアレス,寺田千代乃
マテンロウアワー,寺田千代乃
マテンロウアーチ,寺田千代乃
マテンロウイーグル,寺田千代乃
マテンロウウイング,寺田千代乃
マテンロウウェイ,寺田千代乃
マテンロウエール,寺田千代乃
マテンロウオリオン,寺田千代乃
マテンロウオリジン,寺田千代乃
マテンロウカナロア,寺田千代乃
マテンロウカノン,寺田千代乃
マテンロウカフェ,寺田千代乃
マテンロウガイ,寺田千代乃
マテンロウガイア,寺田千代乃
マテンロウガーデン,寺田千代乃
マテンロウギフト,寺田千代乃
マテンロウゲイル,寺田千代乃
マテンロウコマンド,寺田千代乃
マテンロウゴールド,寺田千代乃
マテンロウサニー,寺田千代乃
マテンロウサン,寺田千代乃
マテンロウシップ,寺田千代乃
マテンロウシリウス,寺田千代乃
マテンロウシルビア,寺田千代乃
マテンロウジョイ,寺田千代乃
マテンロウスカイ,寺田千代乃
マテンロウスタイル,寺田千代乃
マテンロウステラ,寺田千代乃
マテンロウストーム,寺田千代乃
マテンロウスパーク,寺田千代乃
マテンロウゼロ,寺田千代乃
マテンロウソル,寺田千代乃
マテンロウタイム,寺田千代乃
マテンロウダビンチ,寺田千代乃
マテンロウディアナ,寺田千代乃
マテンロウディーバ,寺田千代乃
マテンロウドリーム,寺田千代乃
マテンロウナイト,寺田千代乃
マテンロウナスカ,寺田千代乃
マテンロウネイビー,寺田千代乃
マテンロウノア,寺田千代乃
マテンロウノカゼ,寺田千代乃
マテンロウハッピー,寺田千代乃
マテンロウハピネス,寺田千代乃
マテンロウバディ,寺田千代乃
マテンロウバモス,寺田千代乃
マテンロウバローズ,寺田千代乃
マテンロウヒーロー,寺田秀樹
マテンロウビジョン,寺田千代乃
マテンロウブラボー,寺田千代乃
マテンロウブリッジ,寺田千代乃
マテンロウブルース,田頭勇貴
マテンロウブレイブ,寺田千代乃
マテンロウプラウド,寺田千代乃
マテンロウプリンス,寺田千代乃
マテンロウベントス,寺田千代乃
マテンロウボイス,寺田千代乃
マテンロウボンド,寺田千代乃
マテンロウマジック,寺田千代乃
マテンロウマルス,寺田千代乃
マテンロウミラクル,寺田千代乃
マテンロウムーブ,寺田千代乃
マテンロウメテオラ,寺田千代乃
マテンロウメーヴェ,寺田千代乃
マテンロウモナーク,寺田千代乃
マテンロウモネ,寺田千代乃
マテンロウルクス,寺田千代乃
マテンロウルビー,寺田千代乃
マテンロウルーチェ,寺田千代乃
マテンロウレオ,寺田千代乃
マテンロウレガシー,寺田千代乃
マテンロウヴァモス,寺田千代乃
マテーラフレイバー,尾田信夫
マディソンガール,サンデーレーシング
マディソンテソーロ,了徳寺健二ホールディングス
マトイ,坂本守孝
マトラコーニッシュ,社台レースホース
マトリカリア,ミルファーム
マドモアゼルアスク,廣崎利洋ＨＤ
マドモアゼルハポン,藤井一雄
マドラスチェック,吉田和子
マドルガーダ,ノースヒルズ
マドンナアスク,廣崎利洋ＨＤ
マドンナガラメキ,高野哲
マドンナブルー,日進牧場
マドンナリリー,ＯＲＴＥＧＡ
マナ,ニッシンホールディングス
マナイアカラニ,吉田勝己
マナウス,服部健太郎
マナエトレ,ＳＴレーシング
マナカ,山口敦広
マナキーアハ,佐藤弘樹
マナスルーテソーロ,了徳寺健二ホールディングス
マナツノユキ,澤田孝之
マナツノヨノユメ,國分純
マナフォルトゥーナ,ディアレストクラブ
マナフリューゲル,鈴木昌樹
マナブフェイス,佐々木勉
マナベラ,ディアレストクラブ
マナホク,ＭＩＲＡＩ
マナホクレレ,ＭＩＲＡＩ
マナボニート,松本俊廣
マナマカナ,佐藤弘樹
マナミン,福盛訓之
マナモクプニ,佐藤弘樹
マナローラ,前田幸治
マニカルニカ,シルクレーシング
マニクール,寺田寿男
マニス,ビッグレッドファーム
マニトゥーリン,Ｇ１レーシング
マニバドラ,冨士井直哉
マニピュレート,畑佐博
マニフィック,後藤英成
マニーシーン,サンライズ
マニータ,サンデーレーシング
マニーヒーロー,サンライズ
マニーブルース,サンライズ
マニールリッヒ,吉田勝己
マヌイーア,青山洋一
マネッチア,小林祐一
マネーマネー,高昭牧場
マノア,ニッシンホールディングス
マノアフォールズ,吉田勝己
マノラム,岡田牧雄
マノレア,土井久美子
マノンルージュ,間野隆司
マハカーラ,ヒダカ・ブリーダーズ・ユニオン
マハナ,ノースヒルズ
マハラジャゴールド,林孝輝
マハロヌイロワ,コスモヴューファーム
マハロハ,寺田寿男
マハロマヤ,友水達也
マハロモアナ,古賀和夫
マハヴィル,社台レースホース
マハーギータ,ゴドルフィン
マハーゼディー,成瀬篤司
マハートマーベル,宮崎俊也
マハーラーニー,谷口祐人
マヒオレ,カナヤマホールディングス
マヒナライズ,吉田勝己
マヒート,ニットー商事
マビヨン,高嶋航
マピュース,吉本雄二
マフィン,木部厳生
マフティ,今村明浩
マブアンドフェール,マブレーシング
マブサンシティー,マブレーシング
マブシサ,長島利治
マブシスギル,小田切有一
マブストーク,マブレーシング
マブセレナード,マブレーシング
マブプリンセス,生杉学
マブルーク,ノースヒルズ
マヘーシュヴァラ,ウエスト．フォレスト．ステイブル
マベルシュシュット,Ｎ’ｓレーシング
マベルロンジュ,落合幸弘
マホウショ,谷口祐人
マホウショウジョ,内田玄祥
マホウノランプ,チャンピオンズファーム
マホガニー,阿部善武
マホロバ,ノースヒルズ
マボ,木村廣太
マボンヌ,飯田正剛
ママアリガトー,栗山道郎
ママコチャ,金子真人ホールディングス
マミリアス,広尾レース
マミー,武田茂男
マミーフィンガー,野村茂雄
マミーブルー,エム・ケー・ホース
マムダッドベル,松尾正
マメコ,中西功
マメシボリ,ミルファーム
マメタクン,吉川朋宏
マメタンク,岡田隆寛
マメーアップル,下河辺牧場
マメールロア,キャロットファーム
マヤチャン,瀬谷隆雄
マヤノイマジン,田所英子
マヤノガルネリ,田所英子
マヤノトライオン,田所英子
マヤノハイヌーン,田所英子
マヤノハルモニア,田所英子
マヤノハンパネー,田所英子
マヤノフロスティ,田所英子
マヤマヤ,瀬谷隆雄
マヤローザ,まの
マユキ,稻井田有司
マユナイト,会田浩史
マヨルカフレイバー,尾田信夫
マヨン,古賀慎一
マライアガーネット,田頭勇貴
マラキナイア,社台レースホース
マラジェッツ,伊達敏明
マラスキーノ,吉田和美
マラッカ,福田光博
マラドーナ,中村智幸
マラビジョーソ,窪田康志
マラビージャ,古賀慎一
マラマ,前田幸大
マラマプア,加藤治
マラムコーブ,サンデーレーシング
マラムレシュ,水上行雄
マランジュ,社台レースホース
マランドロ,三岡陽
マラードザレコード,岡田牧雄
マリアイリダータ,サンデーレーシング
マリアエレーナ,金子真人ホールディングス
マリアスパン,ヒダカ・ブリーダーズ・ユニオン
マリアズハート,ノルマンディーサラブレッドレーシング
マリアッチ,内藤好江
マリアディオーサ,京都ホースレーシング
マリアナトレンチ,谷掛龍夫
マリアネージュ,友駿ホースクラブ
マリアバローズ,猪熊広次
マリアブレス,服部統祥
マリアブーケ,友駿ホースクラブ
マリアルージュ,河合裕明
マリアンデール,森永聡
マリエ,ニッシンホールディングス
マリエッティ,吉田勝利
マリエラ,栗山良子
マリエンプラッツ,社台レースホース
マリオ,サン
マリオキュート,サン
マリオマッハー,サン
マリオロード,サン
マリオンエール,サン
マリガーネット,キャロットファーム
マリクシ,畑佐博
マリスステラ,馬場祥晃
マリスドランジュ,ノースヒルズ
マリター,サン
マリナーヴァレイ,サンデーレーシング
マリネロ,ビッグレッドファーム
マリノアズラ,矢野まり子
マリノアマービレ,矢野まり子
マリノアルカディア,クラウン
マリノインスパイア,クラウン
マリノエクスプレス,矢野雅子
マリノエステーラ,矢野悦三
マリノエスプレッソ,矢野雅子
マリノエリー,和田志保
マリノエルドラド,矢野悦三
マリノエンブレム,矢野恭裕
マリノエヴァ,クラウン
マリノオークション,矢野まり子
マリノオードリー,和田志保
マリノクリスタル,クラウン
マリノコジーン,クラウン
マリノシュライエン,矢野恭裕
マリノシンガ,矢野まり子
マリノシークレット,矢野まり子
マリノジェノヴァ,クラウン
マリノジュリア,クラウン
マリノステアハート,矢野恭裕
マリノスピカ,和田志保
マリノスペクトル,クラウン
マリノソフィア,矢野恭裕
マリノテレージア,矢野まり子
マリノディアナ,和田志保
マリノトニトゥルス,矢野まり子
マリノドゥードゥー,矢野雅子
マリノドレッシー,和田志保
マリノニジェール,クラウン
マリノバレリーナ,和田志保
マリノパシフィカス,矢野まり子
マリノビューティー,矢野まり子
マリノファルコン,和田志保
マリノフィリア,矢野雅子
マリノフェアレディ,矢野雅子
マリノフォルテシモ,クラウン
マリノフォルトゥナ,和田志保
マリノフォーチュン,和田志保
マリノフレイヤ,矢野悦三
マリノフロンティア,クラウン
マリノブロッサム,クラウン
マリノプリエール,クラウン
マリノプロヴァンス,クラウン
マリノペガサス,矢野まり子
マリノボリー,矢野恭裕
マリノマジカル,矢野雅子
マリノマーベラス,矢野まり子
マリノミステリアス,矢野恭裕
マリノムーンリーフ,矢野まり子
マリノメローラ,矢野雅子
マリノモマンドール,クラウン
マリノライヤ,矢野恭裕
マリノラテ,和田志保
マリノリュミエール,矢野雅子
マリノリリアン,矢野恭裕
マリノリヴィエール,矢野まり子
マリノルシアーナ,クラウン
マリノルビー,クラウン
マリノルルワ,矢野雅子
マリノルージュ,矢野まり子
マリノレーヴェ,矢野まり子
マリノロマンス,矢野まり子
マリノヴィヴィアナ,クラウン
マリノヴィーナス,クラウン
マリブ,スピードファーム
マリブオレンジ,ＤＭＭドリームクラブ
マリブコーク,雅苑興業
マリブサーフ,ＹＧＧホースクラブ
マリブスターソング,吉田千津
マリブパイン,ロイヤルパーク
マリブレディ,小川眞査雄
マリヨンヌ,谷口祐人
マリリア,二口雅一
マリリン,小原準一郎
マリリンアスク,廣崎利洋ＨＤ
マリリンバローズ,猪熊広次
マリンセブン,栗嶋豊明
マリンディーゼル,井野彰
マリンディーヴァ,一村哲也
マリンバンカー,Ｍｒ．ホース
マリンパレス,小林量
マリー,ヒダカ・ブリーダーズ・ユニオン
マリーアミノル,吉岡實
マリーアムール,ヒダカ・ブリーダーズ・ユニオン
マリーイメル,ケーエスＨＤ
マリーチ,磯波勇Ｆ
マリーツァ,鈴木芳夫
マリーナ,三浦大輔
マリーナサンライズ,松岡隆雄
マリーナドンナ,サンデーレーシング
マリーヌ,早野誠
マリーマカロン,吉田和美
マリームーン,多田信尊
マルアズール,北原摩留
マルカアトラス,日下部猛
マルカアルバ,日下部猛
マルカウォーレン,日下部猛
マルカエイペックス,日下部猛
マルカオペラ,日下部猛
マルカカムイ,日下部猛
マルカシャルマン,日下部猛
マルカシュタルク,日下部猛
マルカスマッシュ,日下部猛
マルカソレイユ,日下部猛
マルカテノール,日下部猛
マルカトップガン,日下部猛
マルカノカガヤキ,日下部猛
マルカノーベル,日下部猛
マルカバージョン,日下部猛
マルカビクトリー,日下部猛
マルカフェリス,日下部猛
マルカフロンターレ,日下部猛
マルカブリスク,日下部猛
マルカブリッツ,日下部猛
マルカブレーブ,日下部猛
マルカプラスター,日下部猛
マルカベント,日下部猛
マルカラピッド,日下部猛
マルカルーカス,日下部猛
マルカローゼ,日下部猛
マルガ,金子真人ホールディングス
マルガリーテース,前田幸貴
マルガリート,佐藤壽男
マルキーズ,ヒダカ・ブリーダーズ・ユニオン
マルクデラポム,三宅勝俊
マルクドヌーヴ,ユートピア牧場
マルクパージュ,シルクレーシング
マルグアレイス,キャロットファーム
マルグレーテ,カナヤマホールディングス
マルコタージュ,社台レースホース
マルサルッカ,社台レースホース
マルサーラ,サンデーレーシング
マルシェ,キーファーズ
マルシャ,平本敏夫
マルシュボヌール,キャロットファーム
マルシュロレーヌ,キャロットファーム
マルジェラ,松谷翔太
マルス,田頭勇貴
マルスレジーナ,サンデーレーシング
マルセルテソーロ,了徳寺健二ホールディングス
マルゼンスター,坪野谷和平
マルタクロス,寺田千代乃
マルターズアポジー,藤田在子
マルターズゲイル,藤田在子
マルターズディオサ,藤田在子
マルターズデイ,藤田在子
マルターズデセオ,藤田在子
マルターズドン,藤田在子
マルターズルーメン,藤田在子
マルターズヴェロス,藤田在子
マルチタスク,石瀬浩三
マルチャレアル,キャロットファーム
マルチャン,瀬谷隆雄
マルチライセンス,サンデーレーシング
マルテアヴニール,日下部勝徳
マルティウス,太田勝久
マルティネーテ,加藤徹
マルディランダ,社台レースホース
マルトドラゴン,大戸志浦
マルニ,シルクレーシング
マルノアンナ,丸山隆雄
マルノミズキ,丸山隆雄
マルノユズキ,丸山隆雄
マルブツハーモニー,大澤利久
マルブツブリッツ,大澤利久
マルブツプライド,大澤利久
マルプリ,中丸裕嗣
マルベック,ターフ・スポート
マルベリーシチー,友駿ホースクラブ
マルボルク,村木隆
マルボルド,サラブレッドクラブ・ラフィアン
マルメラーダ,サラブレッドクラブ・ラフィアン
マルモア,インゼルレーシング
マルモアステリア,まるも組合
マルモエキスパート,まるも組合
マルモジーニー,まるも組合
マルモズイルバア,まるも組合
マルモタワー,まるも組合
マルモネオフォース,まるも組合
マルモマリア,まるも組合
マルモリキャスター,山下繁美
マルモリキング,山下繁美
マルモリスパークル,山下繁美
マルモリスペシャル,山下繁美
マルモリディライト,山下繁美
マルモリトマホーク,山下繁美
マルモリハピネス,山下繁美
マルモリマイベスト,山下繁美
マルモリマジック,山下繁美
マルモリミッション,山下繁美
マルモリムソウ,山下繁美
マルモリラピダス,山下繁美
マルモルミエール,まるも組合
マルモルーラー,まるも組合
マルモレイナ,まるも組合
マルヨクレハ,野村春行
マルヨシズト,野村春行
マルヨシャバーリー,野村春行
マルヨダンクン,野村春行
マルヨティアナ,野村春行
マルヨニキーヤ,野村春行
マルヨファーザ,野村春行
マルヨフローラ,野村春行
マルヨミニスター,野村春行
マルリンモンロー,中丸裕嗣
マルヴァジーア,水上行雄
マルーンエンブレム,シルクレーシング
マルーンドライブ,中水英紀
マルーンベルズ,社台レースホース
マルーンベレー,シルクレーシング
マレキアーレ,吉田和美
マレシャル,奥裕嗣
マレフィセントラヴ,栗山学
マロ,西村健
マロニエコマン,吉田照哉
マロリン,吉田安寛
マロンアイス,保坂和孝
マロンアルジャン,ＹＧＧホースクラブ
マロンカラノテガミ,石川秀守
マロンクルール,ノルマンディーサラブレッドレーシング
マロンジェム,フロンティア
マロンドレ,伊藤功一
マロンパフェ,江川伸夫
マロンビクトリー,金森圭史朗
マロンブリンク,田頭勇貴
マロンルピナス,プレミアムレースホース
マロンロシェ,ウエスト．フォレスト．ステイブル
マローキャンディ,木村牧場
マローソ,塚田義広
マローディープ,シルクレーシング
マローニ,金子真人ホールディングス
マローネメタリコ,柏瀬金之介
マンインザミラー,キーファーズ
マンウォル,ＯＵＭＡ
マンオブカレッジ,ホシノレーシング
マンオブグリット,ホシノレーシング
マンオブザマッチ,ゴドルフィン
マンオブスピリット,ホシノレーシング
マンオブノーブル,前田葉子
マンカストラップ,ミルファーム
マンクスホップ,サンデーレーシング
マンゲタック,平口信行
マンゴーパッション,村田滋
マンゴープリン,田頭勇貴
マンゴーラッシー,田頭勇貴
マンサニージャ,ビッグレッドファーム
マンジェリーナ,布武起会
マンスール,シルクレーシング
マンタナ,田中俊彰
マンダリア,辻高史
マンダリンボレロ,田頭勇貴
マンダレー,村野康司
マンダレーヒル,ノルマンディーサラブレッドレーシング
マンチェスター,杉山忠国
マンティコア,ノースヒルズ
マンディブラリス,石井輝昭
マンデヴィラ,吉田勝己
マントゥノン,志村鑑彦
マントヴァ,伊達敏明
マンドゥ,スリーエイチレーシング
マンドローネ,シルクレーシング
マンナット,ゴドルフィン
マンナム,永山勝敏
マンヌポルト,京都ホースレーシング
マンノグランプリ,萬野順啓
マンノステータス,萬野順啓
マンノデュエット,萬野順啓
マンノミューズ,萬野順啓
マンノライトニング,萬野順啓
マンハイム,サンデーレーシング
マンハッタンガデス,グリーンファーム
マンハッタンソング,岡田牧雄
マンハッタンロック,サンデーレーシング
マンバー,ブルースターズファーム
マンボスカイ,吉田和美
マンボルンバ,加藤正二郎
マンマミーア,武田茂男
マンマリアーレ,ディアレストクラブ
マンモスホームラン,明栄商事
マヴィ,フォレストレーシング
マヴォロンテ,桑田牧場
マー,北山敏隆
マーウォルス,サンデーレーシング
マーガレットクレア,迎徹
マーガレットスカイ,迎徹
マーガレットリバー,フクキタル
マーキュリーセブン,ライオンレースホース
マーキュリーダイム,サンデーレーシング
マーキーショアー,下河辺牧場
マークオブゾロ,岡田隆寛
マーゴットエクラ,前田良平
マーゴットオネイロ,前田良平
マーゴットオービス,前田良平
マーゴットオーメン,前田良平
マーゴットカーラ,前田良平
マーゴットガイア,前田良平
マーゴットクリュグ,前田良平
マーゴットゲイン,前田良平
マーゴットコマチ,前田良平
マーゴットサンズ,前田良平
マーゴットショット,前田良平
マーゴットジェム,前田良平
マーゴットスタート,前田良平
マーゴットソラーレ,前田良平
マーゴットデイズ,前田良平
マーゴットデウス,前田良平
マーゴットドライ,前田良平
マーゴットバディ,前田良平
マーゴットバモス,前田良平
マーゴットパラディ,前田良平
マーゴットビースト,前田良平
マーゴットビート,前田良平
マーゴットピア,前田良平
マーゴットファブ,前田良平
マーゴットフェスタ,前田良平
マーゴットブロー,前田良平
マーゴットマシェリ,前田良平
マーゴットミスト,前田良平
マーゴットミニモ,前田良平
マーゴットメネス,前田良平
マーゴットライズ,前田良平
マーゴットラヴミー,前田良平
マーゴットリック,前田良平
マーゴットリリー,前田良平
マーゴットリープ,前田良平
マーゴットレジーナ,前田良平
マーゴットレーヴ,前田良平
マーゴットワーズ,前田良平
マーサーアン,ＴＵＲＦレーシング
マーシグッドラック,佐藤勝士
マーシゴッドレッグ,佐藤勝士
マーシデスペラード,佐藤勝士
マーシフルルーラー,キャロットファーム
マーシャリアーナ,吉田照哉
マーシャルアン,ＴＵＲＦレーシング
マーシャルテイル,シルクレーシング
マーシャルポイント,サンデーレーシング
マーシャルロー,ＨｉｍＲｏｃｋＲａｃｉｎｇホールディングス
マーシレス,窪田康志
マーシヴィガラス,佐藤好美
マーシーラン,岡村善行
マージャング,藤田晋
マースゴールド,キャピタルクラブ
マーストグロス,岡田甲子男
マーストファクト,岡田甲子男
マーストランド,岡田甲子男
マーストリッチ,岡田甲子男
マースフルガール,社台レースホース
マースルマン,キャピタルクラブ
マーズエクレール,ＤＭＭドリームクラブ
マーズオデッセイ,Ｇ１レーシング
マーズローバー,サンデーレーシング
マーズワース,サイプレスホールディングス
マーセッドマッハ,ＫＳレーシング
マーチクイーン,ヒダカ・ブリーダーズ・ユニオン
マーチャンシップ,戸佐眞弓
マーチャンスルー,庄司修二
マーチャンフェイス,ＳＴレーシング
マーチリリー,手嶋美季
マーチンゲール,ＯＵＭＡ
マーティンシャップ,大戸志浦
マーティンヒル,大戸志浦
マーティンリボーン,大戸志浦
マーティー,杉浦和也
マーテン,鈴木義孝
マートルフィールド,ゴドルフィン
マートルリース,ヒダカ・ブリーダーズ・ユニオン
マードラド,広尾レース
マードレヴォイス,ディアレストクラブ
マーナーパス,ゴドルフィン
マーニ,岡浩二
マーニク,高瀬正志
マーニャ,ディアレストクラブ
マーブルウェイ,下村直
マーブルカリクロ,下村直
マーブルケイケー,下村直
マーブルサニー,下村直
マーブルタンギー,下村直
マーブルパレス,下村直
マーブルファクター,下村直
マーブルフレンテ,下村直
マーブルヘイロー,下村直
マーブルマウンテン,シルクレーシング
マーブルマカロン,保坂和孝
マーブルレディー,下村直
マーブルロック,下村直
マーブルヴァリー,下村直
マープル,Ｇ１レーシング
マーベラスアゲン,浅川皓司
マーベラステソーロ,了徳寺健二ホールディングス
マーベラスムーン,山本又一郎
マーベリックシチー,友駿ホースクラブ
マーマネ,小林由明
マーマレードガール,ビッグレッドファーム
マーマレードスカイ,吉田千津
マーメイド,石川達絵
マーメイドスカート,吉田千津
マーメイドソング,和田牧場
マーラー,田所英子
マーリーヒル,岡田牧雄
マールシュトローム,玉置潔
マールムキトレウム,ミルファーム
マーレアペルト,中村祐子
マーレイン,今村明浩
マーレット,錦岡牧場
マーレリアン,ＫＡＪＩＭＯＴＯホールディングス
マーヴィン,ケイズジャパン
マーヴェラスクイン,山本又一郎
マーヴェラスジーン,山本又一郎
マーヴェラスロード,山本又一郎
マーヴェルズ,サンデーレーシング
ミアエッテ,加藤誠
ミアグア,五影隆則
ミアステラ,奥裕嗣
ミアネーロ,シルクレーシング
ミアパシオーネ,ラ・メール
ミアフィリア,坂巻勝彦
ミアマンテ,吉田勝己
ミアルーチェ,鈴木正浩
ミイヒダンサー,前迫義幸
ミウ,広尾レース
ミウィ,ＯＲＴＥＧＡ
ミエスタ,エラドゥーラ
ミエスペランサ,サンデーレーシング
ミエノアッパレ,里見美惠子
ミエノアラジン,里見美惠子
ミエノウインウイン,里見美惠子
ミエノオルフェ,里見美惠子
ミエノカムカム,里見美惠子
ミエノクラウン,里見美惠子
ミエノサクシード,里見美惠子
ミエノサンダー,里見美惠子
ミエノシリウス,里見美惠子
ミエノジュピター,里見美惠子
ミエノストロング,里見美惠子
ミエノソニック,里見美惠子
ミエノドリーマー,里見美惠子
ミエノナイスガイ,里見美惠子
ミエノハヤブサ,里見美惠子
ミエノピュア,里見美惠子
ミエノフェアリー,里見美惠子
ミエノフォーチュン,里見美惠子
ミエノブラボー,里見美惠子
ミエノベルル,里見美惠子
ミエノムガール,里見美惠子
ミエノリュウセイ,里見美惠子
ミエノワールド,里見美惠子
ミエリ,シルクレーシング
ミエルドール,Ｇ１レーシング
ミエルミエーレ,ＫＴレーシング
ミエルモーサ,サンデーレーシング
ミオカーロ,シルクレーシング
ミオドルチェ,岡田牧雄
ミオファースト,服部英利
ミオリパヤヤーム,瀬谷隆雄
ミオン,首藤徳
ミカエラ,海谷幸司
ミカエリビジン,友駿ホースクラブ
ミカエルイースター,迫田輝男
ミカエルシチー,友駿ホースクラブ
ミカエルパシャ,迫田三果子
ミカサ,山口裕介
ミカサエスカサ,ゴドルフィン
ミカッテヨンデイイ,ニューマレコード
ミカヅキ,インゼルレーシング
ミカノヴェニュス,尾上松壽
ミカミッチー,道永幸治
ミカリーニョ,サンデーレーシング
ミカレオス,Ｋ’ｓレースホース
ミカンサン,是枝浩平
ミカンタルト,保坂和孝
ミカンダイフク,田頭勇貴
ミカンノハナ,平口信行
ミキチャン,清水義徳
ミキネス,三嶋牧場
ミキノイチゴ,谷口久和
ミキノイチバンコ,谷口久和
ミキノエイトビート,谷口久和
ミキノオーボエ,谷口久和
ミキノカラクリバコ,会田裕一
ミキノクラップス,谷口久和
ミキノチョキンバコ,谷口久和
ミキノトランペット,谷口久和
ミキノドラマー,谷口久和
ミキノバカラ,谷口久和
ミキノバスドラム,谷口久和
ミキノヒストリー,谷口久和
ミキノビックリバコ,谷口久和
ミキノプリンス,谷口久和
ミキノボンゴ,谷口久和
ミキノモンテカルロ,谷口久和
ミキノルミナス,谷口久和
ミギーフェイス,ＳＴレーシング
ミクストベリーズ,ゴドルフィン
ミクソロジー,江馬由将
ミクニインスパイア,ミクニ
ミクニキャッチー,ミクニ
ミクニサンシャイン,ミクニ
ミクニフラッシュ,ミクニ
ミクニルミナス,ミクニ
ミクロスギガース,飯田貴大
ミクロフィラム,シルクレーシング
ミクロユニヴェール,シルクレーシング
ミグラテール,ノースヒルズ
ミケランジェロ,梅澤明
ミケーレ,村田博司
ミゲル,島川隆哉
ミコキャビンクルー,古賀慎一
ミコクイーン,古賀慎一
ミコジェンヌ,古賀慎一
ミコドリーム,古賀慎一
ミコノオンガエシ,古賀慎一
ミコノホマレ,古賀慎一
ミコハーン,古賀慎一
ミコパール,古賀慎一
ミコブラック,古賀慎一
ミコマザーパール,古賀慎一
ミサイルビスケッツ,松谷翔太
ミサコ,由井健太郎
ミサダメキメル,ミルファーム
ミサトアンバー,戸部政彦
ミサトテスコ,戸部政彦
ミサトベレーザ,戸部政彦
ミサトラモーヌ,戸部政彦
ミサトレオネッサ,戸部政彦
ミサトレジーナ,戸部政彦
ミサトレッドダイヤ,戸部政彦
ミサビスケッツ,嶋田賢
ミザイ,ニッシンレーシング
ミザール,畑佐博
ミシェット,ノルマンディーサラブレッドレーシング
ミシェラドラータ,福盛訓之
ミシシッピテソーロ,了徳寺健二ホールディングス
ミシャベル,色川曉郎
ミシュリーヌ,田島榮二郎
ミジョカスマイル,三宅勝俊
ミスアクエリアス,田畑利彦
ミスアニバーサリー,平田修
ミスアラカン,杉浦和也
ミスエベレスト,佐藤大介
ミスエル,パニオロ
ミスエルテ,サンデーレーシング
ミスオタワ,高田博
ミスカイウラニ,諸江幸祐
ミスカゴシマ,上村裕希
ミスカッレーラ,辻牧場
ミスガリレオアスク,廣崎利洋ＨＤ
ミスキャサリン,吉田勝利
ミスクモカゼ,フォーレスト
ミスサラワク,乙訓史樹
ミスサン,グリーンスウォード
ミスサンシャイン,金子真人ホールディングス
ミスシェーンハイト,田村誠
ミスジェイド,ターフ・スポート
ミスジャスミン,寺田千代乃
ミスジョーダン,田島榮二郎
ミスズオンリーミー,永井啓弍
ミスズクライ,永井啓弍
ミスズグランドオー,永井啓弍
ミスズサンダスノー,永井啓弍
ミスズフィーリング,永井啓弍
ミスズフリオーソ,永井啓弍
ミスズマンボ,永井啓弍
ミスズメサイア,永井啓弍
ミスズメジャー,永井啓弍
ミスターウインディ,阿部東亜子
ミスターエヌ,西村亮二
ミスターエメラルド,ＫＨレーシング
ミスターキャンベラ,ライフエンタープライズ
ミスターキング,田畑利彦
ミスターコクオウ,ＨｉｍＲｏｃｋＲａｃｉｎｇホールディングス
ミスターサスケ,平本敏夫
ミスターサファリ,シルクレーシング
ミスターサマンサ,是枝浩平
ミスターサンド,山口功一郎
ミスターサンライズ,古賀和夫
ミスタージーティー,田畑利彦
ミスターディジェイ,ＭＭＣ
ミスタートントン,村田哲朗
ミスタートーザイ,村田哲朗
ミスターバッドガイ,ｇｌｉｔｔｅｒＧ
ミスターバトルマン,西本資史
ミスターブリーズ,木村廣太
ミスタープリサイス,高岸順一
ミスターホウジュ,高昭牧場
ミスターホワイト,吉澤ホールディングス
ミスターボビー,ＫＲジャパン
ミスターマイセルフ,堀口晴男
ミスターマーボー,星野正道
ミスターメロディ,グリーンフィールズ
ミスターヨッシャー,本杉芳郎
ミスターライト,ゴドルフィン
ミスターロスカボス,蓑島竜一
ミスターローズ,スピードファーム
ミスチヴマリアンヌ,飯田総一郎
ミスティア,小濱忠一
ミスティカ,カナヤマホールディングス
ミスティカルボンド,キャロットファーム
ミスティカルレイ,飯田正剛
ミスティック,カナヤマホールディングス
ミスティックアイル,ニッシンホールディングス
ミスティッククイン,張月勝
ミスティックグロウ,シルクレーシング
ミスティックパワー,小林竜太郎
ミスティックレイン,サンデーレーシング
ミスティックレナン,シルクレーシング
ミスティックロア,ＤＭＭドリームクラブ
ミスティネイル,ノルマンディーサラブレッドレーシング
ミスティパープル,キャロットファーム
ミスティファイ,サンデーレーシング
ミスティブルー,シルクレーシング
ミスティマウンテン,ゴドルフィン
ミスティユニバンス,亀井哲也
ミスティレイン,ゴドルフィン
ミステリオーソ,シルクレーシング
ミステリマスカット,中脇満
ミステリーウェイ,社台レースホース
ミステリーツアー,薪浦亨
ミステリーボックス,松岡隆雄
ミステンザン,藤原牧場
ミスディレクション,ノースヒルズ
ミスデルマー,和田牧場
ミストフラワー,コスモヴューファーム
ミストブレイカー,ウエスト．フォレスト．ステイブル
ミストラルウインド,島川隆哉
ミストラルフェザー,ＤＭＭドリームクラブ
ミストラヴィアータ,プレミアムレースホース
ミストリア,名古屋友豊
ミストルティン,野田善己
ミストレス,前田晋二
ミストレビノ,村田哲朗
ミストーザイ,村田哲朗
ミスニューヨーク,高昭牧場
ミスハイローラー,社台レースホース
ミスバレンシア,吉田照哉
ミスパイロ,村田哲朗
ミスパナギア,清水義徳
ミスパンテール,寺田千代乃
ミスパープル,桑田牧場
ミスヒアリング,犬塚悠治郎
ミスビアンカ,シルクレーシング
ミスビートリックス,Ｊ．ウー
ミスピュアハート,大塚亮一
ミスファイト,西村新一郎
ミスファビュラス,畑末廣郎
ミスファントム,村田哲朗
ミスフィガロ,金子真人ホールディングス
ミスフォルテ,犬塚悠治郎
ミスフライデー,木部厳生
ミスブランニュデイ,ＸＩＡＯジャパン
ミスプロト,福澤真也
ミスヘンリー,サイプレスホールディングス
ミスベレザ,プレディクトレーシング
ミスホナミ,諸岡慶
ミスボニータ,スリーエイチレーシング
ミスマチルダ,吉田勝利
ミスマテンロウ,寺田千代乃
ミスマラッカ,乙訓史樹
ミスマリア,山口功一郎
ミスマリーゴールド,ビクトリーホースランチ
ミスマンマミーア,吉田勝利
ミスミルドレッド,丸山担
ミスヨコハマ,大野富生
ミスヨシゼン,橋本忠雄
ミスリチャード,小林祥晃
ミスルーマー,ヒダカ・ブリーダーズ・ユニオン
ミスレイナ,冨沢敦子
ミスレジェンド,フジワラ・ファーム
ミスレモン,野嶋祥二
ミズイロ,佐久間拓士
ミズイロホルトゥス,寺田英司
ミズカガミ,シンユウ企画
ミズノコキュウ,サラブレッドクラブ・ラフィアン
ミズノミヤコ,植村仁
ミズリーナ,北山敏隆
ミセスジョーンズ,ビッグレッドファーム
ミセスバローズ,猪熊広次
ミセスリリー,ＲＴレーシング
ミセスヴェルデ,高嶋航
ミソライロ,ターフ・スポート
ミタマ,ニッシンホールディングス
ミダスリスト,須藤英之
ミダレセツゲツカ,ビッグレッドファーム
ミダース,キャロットファーム
ミチノシチリア,鈴木道雄
ミチビキ,ブルースターズファーム
ミッキーアプローズ,野田みづき
ミッキーアロット,野田みづき
ミッキーイーグル,野田みづき
ミッキーウィン,野田みづき
ミッキーエイト,野田みづき
ミッキーエンパイア,野田みづき
ミッキーカクタス,野田みづき
ミッキーカプチーノ,野田みづき
ミッキーキャロット,野田みづき
ミッキーキャンディ,野田みづき
ミッキーキャンドル,野田みづき
ミッキーキャンバス,野田みづき
ミッキーキング,野田みづき
ミッキークイック,野田みづき
ミッキークレスト,野田みづき
ミッキークロス,野田みづき
ミッキーグロリア,野田みづき
ミッキーグローリー,野田みづき
ミッキーコンドル,野田みづき
ミッキーゴーゴー,野田みづき
ミッキーゴージャス,野田みづき
ミッキーゴールド,野田みづき
ミッキーサウザンド,野田みづき
ミッキーサファイア,野田みづき
ミッキーサンズ,野田みづき
ミッキーサークル,野田みづき
ミッキーショック,野田みづき
ミッキーショット,野田みづき
ミッキージェントル,野田みづき
ミッキージェンヌ,野田みづき
ミッキージャスミン,野田みづき
ミッキージャンプ,野田みづき
ミッキージュエリー,野田みづき
ミッキースターダム,野田みづき
ミッキーストライク,野田みづき
ミッキーストロング,野田みづき
ミッキースバル,野田みづき
ミッキースピナッチ,野田みづき
ミッキースピネル,野田みづき
ミッキースピリット,野田みづき
ミッキースペース,野田みづき
ミッキースマイル,野田みづき
ミッキースワロー,野田みづき
ミッキースワン,野田みづき
ミッキーズベスト,野田みづき
ミッキーセオリー,野田みづき
ミッキーセサミ,野田みづき
ミッキーセレスタ,野田みづき
ミッキーセレンディ,野田みづき
ミッキーソルジャー,野田みづき
ミッキータンバリン,野田みづき
ミッキーダムール,野田みづき
ミッキーチャイルド,野田みづき
ミッキーチャレンジ,野田みづき
ミッキーチャーム,野田みづき
ミッキーツインクル,野田みづき
ミッキーティラミス,野田みづき
ミッキーテネシー,野田みづき
ミッキートレーゼ,野田みづき
ミッキードラマー,野田みづき
ミッキーヌチバナ,野田みづき
ミッキーノワ,野田みづき
ミッキーハイド,野田みづき
ミッキーハッスル,野田みづき
ミッキーハロー,野田みづき
ミッキーハーモニー,野田みづき
ミッキーバディーラ,野田みづき
ミッキーバラード,野田みづき
ミッキーバード,野田みづき
ミッキーパパイア,野田みづき
ミッキーパラソル,野田みづき
ミッキーパンチ,野田みづき
ミッキーピーナッツ,野田みづき
ミッキーファイト,野田みづき
ミッキーファルコン,野田みづき
ミッキーファンド,野田みづき
ミッキーフォンテン,野田みづき
ミッキーフランケル,野田みづき
ミッキーフローガ,野田みづき
ミッキーブラック,野田みづき
ミッキーブリランテ,野田みづき
ミッキーブンブン,野田みづき
ミッキープリティ,野田みづき
ミッキープリンス,野田みづき
ミッキープログラム,野田みづき
ミッキーベル,野田みづき
ミッキーホーリー,野田みづき
ミッキーボニータ,野田みづき
ミッキーポジション,野田みづき
ミッキーポテト,野田みづき
ミッキーマインド,野田みづき
ミッキーマカパ,野田みづき
ミッキーマカロン,野田みづき
ミッキーマドンナ,野田みづき
ミッキーマラン,三木久史
ミッキーマンドリン,野田みづき
ミッキーマーメイド,野田みづき
ミッキーメテオ,野田みづき
ミッキーラサルダン,野田みづき
ミッキーラズベリー,野田みづき
ミッキーラッキー,野田みづき
ミッキーラヴィータ,野田みづき
ミッキーレイナ,野田みづき
ミッキーレジェンド,野田みづき
ミッキーレタス,野田みづき
ミッキーロイヤル,野田みづき
ミッキーロビン,野田みづき
ミッキーローズ,野田みづき
ミッキーワイルド,野田みづき
ミッキーワクチン,野田みづき
ミッキーワンダー,野田みづき
ミックスアップ,江川伸夫
ミックファイア,ＫＨレーシング
ミックベンハー,キラット・ワン
ミッシオーネ,サラブレッドクラブ・ラフィアン
ミッシュマッシュ,吉田和美
ミッションルース,大島昌也
ミッションレール,スリーエイチレーシング
ミッシングユー,モンレーヴ
ミッシングリンク,小田吉男
ミッシーコルザ,三嶋牧場
ミッシーフォール,三嶋牧場
ミッチースマイル,道永幸治
ミッツノチカイ,栗山道郎
ミッテルライン,キャロットファーム
ミットシュラー,滝沢裕也
ミッドサマーハウス,ゴドルフィン
ミッドセンチュリー,ミルファーム
ミッドタウンナイト,吉田千津
ミッドナイトゲイル,江口知宙
ミッドナイトドア,ミルファーム
ミッドナイトバード,レッドマジック
ミッドナイトフレア,吉田勝己
ミッドナイトブルー,田頭勇貴
ミッドナイトホーク,シルクレーシング
ミッドナイトミニー,小林善一
ミッドナイトラスタ,ゴドルフィン
ミッドナイトラヴ,社台レースホース
ミッドナイトワルツ,三田昌宏
ミッドナッツソル,ヒダカ・ブリーダーズ・ユニオン
ミッレマンドルリ,スピードファーム
ミツオサウスポー,菊地祐司
ミツカネアース,小山田満
ミツカネエリーズ,小山田満
ミツカネサターン,小山田満
ミツカネショコラ,小山田満
ミツカネジェミニ,小山田満
ミツカネジュピター,小山田満
ミツカネスコーピオ,小山田満
ミツカネトーラス,小山田満
ミツカネプリンス,小山田満
ミツカネプルート,小山田満
ミツカネベネラ,小山田満
ミツカネマルテ,小山田満
ミツカネムーン,小山田満
ミツカネメルクリオ,小山田満
ミツカネラクリス,小山田満
ミツカネラブ,小山田満
ミツカネラブリー,小山田満
ミツカネリゲル,小山田満
ミツカネリブラ,小山田満
ミツカネルナ,小山田満
ミツカネローズ,小山田満
ミツカネヴィーナス,小山田満
ミツバ,協栄
ミツルグロウ,守内ひろ子
ミツルザビクトリー,守内ひろ子
ミツルスピード,守内ひろ子
ミツルハピネス,守内ひろ子
ミツルプレジデント,守内ひろ子
ミヅキ,飛野牧場
ミティエラ,吉田晴哉
ミティリーニ,サンデーレーシング
ミティル,カナヤマホールディングス
ミディエイター,カナヤマホールディングス
ミディオーサ,サンデーレーシング
ミトグラフィア,Ｇ１レーシング
ミトノアミーゴ,ロイヤルパーク
ミトノオルフェ,ロイヤルパーク
ミトノオー,ロイヤルパーク
ミトノキャット,ロイヤルパーク
ミトノクイーン,ロイヤルパーク
ミトノクリール,ロイヤルパーク
ミトノグラス,ロイヤルパーク
ミトノダービー,ロイヤルパーク
ミトノテイオー,ロイヤルパーク
ミトノブラック,ロイヤルパーク
ミトノベルーガー,ロイヤルパーク
ミトノボタン,ロイヤルパーク
ミトノマルーン,ロイヤルパーク
ミトノリン,ロイヤルパーク
ミトノレインボー,ロイヤルパーク
ミトロジー,シルクレーシング
ミトロージア,鈴木真
ミドゥス,ミルファーム
ミドダファーレ,浅野正敏
ミドラーシュ,ウエスト．フォレスト．ステイブル
ミドリタツ,林弘之
ミナヅキ,石川秀守
ミナデオロ,サンデーレーシング
ミナト,村田能光
ミナトノヨーコ,ＭＭＣ
ミナミジュウジセイ,宮田直也
ミナモトフェイス,ＳＴレーシング
ミニオンペール,ノルマンディーサラブレッドレーシング
ミニクイアヒルノコ,藤本直弘
ミニストリー,三嶋牧場
ミニストロペスカ,山田信太郎
ミニトランザット,谷掛龍夫
ミニマムーン,明栄商事
ミニマリズム,社台レースホース
ミニマルデザイン,下河辺牧場
ミニュイ,インゼルレーシング
ミニョン,落合幸弘
ミニョンマルーン,大樹ファーム
ミニョンルミエール,ＹＧＧホースクラブ
ミニーアイル,大野剛嗣
ミネヒメ,ミルファーム
ミネルバ,新谷正子
ミノリッチマイヤー,藤田孟司
ミハタタテナシ,エクワインレーシング
ミハテヌユメ,飛野牧場
ミハルンルン,八巻弘一
ミファヴォリート,サンデーレーシング
ミフトゥーロ,藤田在子
ミフネ,副島義久
ミフリマ,高瀬真尚
ミミグッド,山下良子
ミモザアカシア,加藤千豊
ミモザイエロー,青芝商事
ミモザゴール,京都ホースレーシング
ミャゴラーレ,山口裕介
ミヤイグアス,山本益臣
ミヤエスケープ,山本益臣
ミヤカグラ,大塚亮一
ミヤギウイング,菅原富美子
ミヤグリフォン,山本益臣
ミヤケ,小林祥晃
ミヤコシスター,若草クラブ
ミヤコシャンティ,吉田喜代司
ミヤコノアカリ,吉田都枝江
ミヤコノティアラ,吉田喜代司
ミヤコノユメ,吉田和弘
ミヤコプレジール,吉田喜代司
ミヤコマイハート,吉田喜代司
ミヤコローズ,吉田喜代司
ミヤザキムスメ,福田光博
ミヤジオシャラク,曽我司
ミヤジオズ,曽我司
ミヤジケリー,曽我司
ミヤジコクオウ,曽我司
ミヤジシャルマン,曽我司
ミヤジシルフィード,曽我司
ミヤジタイガ,曽我司
ミヤジタンジロウ,曽我司
ミヤジテン,山口謙太郎
ミヤジトレヴ,曽我司
ミヤジネズコ,曽我司
ミヤジハヤカゼ,曽我司
ミヤジブリヤン,曽我司
ミヤジマナ,曽我司
ミヤジマミコ,曽我司
ミヤジミニー,曽我司
ミヤジユウダイ,曽我司
ミヤジレガリア,曽我司
ミヤジヴィジェ,曽我司
ミヤノキングリー,宮副敏明
ミヤノラングリー,宮副敏明
ミヤビ,高橋文男
ミヤビアストレア,村上義勝
ミヤビアミーラ,村上義勝
ミヤビアーク,村上義勝
ミヤビエクセレント,村上義勝
ミヤビエポレット,村上義勝
ミヤビキング,村上義勝
ミヤビクインビー,村上義勝
ミヤビクライ,村上義勝
ミヤビソフィア,村上義勝
ミヤビネルソン,村上義勝
ミヤビノオウザ,河野洋平
ミヤビハイジア,村上義勝
ミヤビハイディ,村上義勝
ミヤビバエル,村上義勝
ミヤビパーフェクト,村上義勝
ミヤビピオニー,村上義勝
ミヤビブレイブ,村上義勝
ミヤビプレシャス,村上義勝
ミヤビペルラ,村上義勝
ミヤビマドンナ,村上義勝
ミヤビモルタル,村上義勝
ミヤビラピート,村上義勝
ミヤビラブコール,村上義勝
ミヤビルーナ,村上義勝
ミヤファイター,山本益臣
ミヤフロント,山本益臣
ミヤマイルス,山本益臣
ミヤマザクラ,金子真人ホールディングス
ミヤマテウス,山本益臣
ミヤムーブメント,山本益臣
ミヤモダイナソー,山本益臣
ミヤラティーニ,山本益臣
ミヤラビランド,石瀬浩三
ミュアウッズ,吉田勝己
ミュステーリオン,ビッグレッドファーム
ミュゼエイリアン,菊地祐司
ミュゼット,ゴドルフィン
ミュゼリバイアサン,菊地祐司
ミュトスオード,サンデーレーシング
ミュラッカ,Ｇ１レーシング
ミュラー,サイプレスホールディングス
ミューオン,駒秀
ミュークインディ,庄司修二
ミュークオーガス,庄司修二
ミュークカルム,庄司修二
ミュークゼウス,庄司修二
ミュークチェルシー,庄司修二
ミュークトーマス,庄司修二
ミュークルークス,庄司修二
ミュークレア,庄司紫紀
ミューシグ,ミルファーム
ミュージアムヒル,吉田勝己
ミュージアムピース,清水敏
ミュージアムマイル,サンデーレーシング
ミュージシャン,石川達絵
ミュージックマン,阿部善武
ミュージックレイン,阿南雅浩
ミューズ,パニオロ
ミューチャリー,石瀬丈太郎
ミューティー,鈴木康弘
ミュートエアー,岡田壮史
ミユキアイラブユー,西本資史
ミユキアウグストス,長井純一
ミユキアテスウェイ,長井純一
ミユキアモーレミオ,長井純一
ミユキアルテミシア,長井純一
ミユキザジャイアン,長井純一
ミユキザストロング,長井純一
ミユキダイアモンド,長井純一
ミユキディオニソス,長井純一
ミユキフォーエバー,長井純一
ミユキマーベリック,長井純一
ミユキメガバックス,長井純一
ミユキリバタリアン,長井純一
ミユンガー,一村哲也
ミョンソクコムドリ,ミルファーム
ミヨノイナズマ,植村仁
ミラアイトーン,島川隆哉
ミライエイゴウ,西村有人
ミライオー,林正道
ミライショウグン,山田裕仁
ミライチケット,伊藤篤
ミライチャン,ミルファーム
ミライテーラー,中西浩一
ミライノシャチョウ,ミキハウスＨＫサービス
ミライハーモニー,伊藤篤
ミライヘノイブキ,三島宣彦
ミライヘノエール,三島宣彦
ミライヘノカギ,藤田晋
ミライヘノコール,三島宣彦
ミライヘノツバサ,三島宣彦
ミライヘノティアラ,三島宣彦
ミライヘノノゾミ,三島宣彦
ミライヘノハナ,三島宣彦
ミライヘノヒーロー,三島宣彦
ミライヘノブーケ,三島宣彦
ミラキュラスアース,ＮＹレーシング
ミラキュラスサイン,サンデーレーシング
ミラキュラスドラマ,社台レースホース
ミラキュラスパワー,サラブレッドクラブ・ラフィアン
ミラキュラスライト,Ｇ１レーシング
ミラクル,協栄
ミラクルアゲイン,藤田在子
ミラクルアース,キーファーズ
ミラクルオーラ,高橋徳昭
ミラクルカイザー,本部正孝
ミラクルキャッツ,シルクレーシング
ミラクルキューブ,ローレルレーシング
ミラクルギフト,協栄
ミラクルシャーク,西浦和男
ミラクルジニア,ヒダカ・ブリーダーズ・ユニオン
ミラクルスクワート,小林博雄
ミラクルスター,中西功
ミラクルストーリー,協栄
ミラクルスパート,日向均
ミラクルズハプン,巴山尊文
ミラクルダンサー,前迫義幸
ミラクルチケット,久松朋史
ミラクルチューン,ロイヤルパーク
ミラクルティアラ,グリーンファーム
ミラクルパレット,ノルマンディーサラブレッドレーシング
ミラクルヒッター,丸岡啓一
ミラクルブラウン,プレミアムレースホース
ミラクルブラッド,芹澤精一
ミラクルブルー,平川三津
ミラクルボーン,大塚亮一
ミラクルミッキー,辻子依旦
ミラクルユニバンス,亀井哲也
ミラクルライト,岡田牧雄
ミラクルランバック,薗部博之
ミラクルレインボー,村井良孝
ミラクルヴェリテ,簗詰幸子
ミラグロス,江川伸夫
ミラコレジェンヌ,吉田智
ミラコロヴェルデ,グリーンファーム
ミラティオ,ビッグレッドファーム
ミラノジェントル,大原詔宏
ミラノヴェローチェ,大野照旺
ミラバーグマン,宮崎俊也
ミラビリア,ノルマンディーサラブレッドレーシング
ミラビリオン,ノルマンディーサラブレッドレーシング
ミラビリス,石井輝昭
ミラビリスマジック,社台レースホース
ミラベル,ビクトリーホースランチ
ミラマルニ,岩崎伸道
ミラモンテ,西浩明
ミラルージュ,ディアレストクラブ
ミランカ,山下良子
ミランダ,鈴木義孝
ミランダアスール,アスール
ミランド,平川三津
ミラヴェリタ,ＹＧＧホースクラブ
ミラーウォーカーズ,ライオンレースホース
ミラーオブマインド,社台レースホース
ミラーグロ,カナヤマホールディングス
ミラージュ,パニオロ
ミラージュナイト,大島昌也
ミラージュノワール,シルクレーシング
ミラーダカリエンテ,サラブレッドクラブ・ラフィアン
ミラードムーン,ゴドルフィン
ミラーミラー,吉田和美
ミラーレイク,スピードファーム
ミリアッドラヴ,白石明日香
ミリアドタレント,社台レースホース
ミリアリア,ＣＯＣＯＲＯ組合
ミリオ,フィールドレーシング
ミリオンアップ,間野隆司
ミリオンカラー,飯田貴大
ミリオンクラウン,本田恒雄
ミリオングローリー,ノルマンディーサラブレッドレーシング
ミリオンゲーム,ドラゴンヒルズホースクラブ
ミリオンジェンヌ,福盛訓之
ミリオンタイムズ,中村祐子
ミリオンドリームズ,飯田正剛
ミリオンヒット,ノルマンディーサラブレッドレーシング
ミリオンローズ,池谷誠一
ミリオンヴォイス,ＤｅｅｐＣｒｅｅｋ
ミリオーレアルバ,ライオンレースホース
ミリタリータトゥー,ゴドルフィン
ミリタリータンゴ,社台レースホース
ミリッサ,キャロットファーム
ミルウ,大塚亮一
ミルキー,杉浦和也
ミルキーシャワー,吉岡泰治
ミルキーハニー,伊東純一
ミルキーハート,伊東純一
ミルキープリンセス,カカムーチョレーシング
ミルキーメモリー,伊東純一
ミルクギモーヴ,田頭勇貴
ミルクティーカラー,テシオ
ミルクブッシュ,ミルファーム
ミルクメイド,松村真司
ミルサクセサー,ミルファーム
ミルザム,サンデーレーシング
ミルタンドレス,檜森高史
ミルティアデス,サンデーレーシング
ミルテンベルク,キャロットファーム
ミルトイグニス,永山勝敏
ミルトオーケストラ,永山勝敏
ミルトクリーガー,永山勝敏
ミルトクレイモー,永山勝敏
ミルトコルサ,永山勝敏
ミルトシャトル,永山勝敏
ミルトディーズ,永山勝敏
ミルトドリーム,永山勝敏
ミルトハッピー,永山勝敏
ミルトハンター,永山勝敏
ミルトハーバー,永山勝敏
ミルトパワー,永山勝敏
ミルトヒーロー,永山勝敏
ミルトブラック,永山勝敏
ミルトプライム,永山勝敏
ミルトプレスト,永山勝敏
ミルトベスト,永山勝敏
ミルトボス,永山勝敏
ミルトマジック,永山勝敏
ミルトメテオ,永山勝敏
ミルトメロディー,永山勝敏
ミルトライディーン,永山勝敏
ミルニュイ,小林昌子
ミルヒシュトラーセ,Ｇ１レーシング
ミルヒライス,吉田照哉
ミルフィリア,社台レースホース
ミルフルール,保坂和孝
ミルボナー,名古屋友豊
ミルミナーヴァ,ウエスト．フォレスト．ステイブル
ミルミル,ミルファーム
ミルメルシー,市川義美ホールディングス
ミルレーヴ,ターフ・スポート
ミレクイーン,ミレレーシング
ミレッシモ,ライオンレースホース
ミレディ,田島榮二郎
ミレニアムクロス,サンデーレーシング
ミレニアムドリーム,岡田牧雄
ミレニアムヒロイン,岡田牧雄
ミレニアルピンク,金子真人ホールディングス
ミレフォス,寺田寿男
ミレフォリウム,サンデーレーシング
ミレヴィーナス,岡田隆寛
ミレーレ,フクキタル
ミロワール,フォレストレーシング
ミンクス,協栄
ミンストレルソング,社台レースホース
ミンスパイ,高橋ファーム
ミンデンユウカ,松田整二
ミント,石川達絵
ミントガーネット,吉田勝己
ミントティー,小林昌子
ミントフレッシュ,吉田千津
ミントマーク,キャロットファーム
ミンナデガンバル,芳賀克也
ミンナノシャチョウ,ミキハウスＨＫサービス
ミンナノユメツナグ,ＬＳ．Ｍ
ミンナノユメミノル,矢野琢也
ミンネザング,金子真人ホールディングス
ミンミンセレーナ,グリーンスウォード
ミンミンルフィーナ,グリーンスウォード
ミヴィダロカ,加藤裕司
ミーアシャム,サンデーレーシング
ミーサーク,ノースヒルズ
ミーティア,三宅勝俊
ミーティアカフェ,西川光一
ミーティアトレイル,キャロットファーム
ミートザターゲット,中越達也
ミーナティエルナ,ＹＧＧホースクラブ
ミーハ,門野重雄
ミーハディビーナ,ノルマンディーサラブレッドレーシング
ミーラークルム,ビッグレッドファーム
ミーンアロット,ローレルレーシング
ミーントゥビー,塚本幹雄
ムイ,平山靖
ムイトオブリガード,市川義美ホールディングス
ムエックス,中辻明
ムカルナス,中村智幸
ムガ,村田博司
ムキムキムッキー,イージス
ムギ,山下良子
ムギトルナ,ＳＹレーシング
ムゲーテスペランサ,日下部勝徳
ムコウジマドリーム,芳賀克也
ムコウジマランプ,芳賀克也
ムコリッタ,京都ホースレーシング
ムジェロ,ラ・メール
ムジカ,ケーエスＨＤ
ムジック,三嶋牧場
ムジョウ,ビッグレッドファーム
ムスクレスト,前田葉子
ムスコローソ,落合幸弘
ムスタクッカ,村上卓史
ムスティッカ,中村祐子
ムソウ,ＨｉｍＲｏｃｋＲａｃｉｎｇホールディングス
ムソウテンセイ,山口敦広
ムゾラシカ,阿部憲三
ムタビリス,ウエスト．フォレスト．ステイブル
ムチャスエルテ,藤田在子
ムチャスグラシアス,ウエスト．フォレスト．ステイブル
ムッシュパイロ,ゴドルフィン
ムッシュージョイ,西村亮二
ムッチリスタイル,ＢｌｏｏｍｉｎｇＲａｃｉｎｇ
ムティ,木部厳生
ムティアラ,社台レースホース
ムテキシャチョウ,ミキハウスＨＫサービス
ムニアイン,吉田勝己
ムニショネッテ,森田藤治
ムビュリミュゴボカ,西田順彦
ムビョウソクサイ,ミルファーム
ムメ,村田博司
ムラサキノキミ,アパルーサレーシング
ムラサメ,細川智恵子
ムラサメマル,高橋文男
ムルシェラゴ,ＫＴレーシング
ムルソー,長谷川祐司
ムルーデ,中辻明
ムンディ,大塚亮一
ムンドエルモソ,山本又一郎
ムージャン,北山敏隆
ムーステソーロ,了徳寺健二ホールディングス
ムーチョピカンテ,ミルファーム
ムーディナイル,吉田照哉
ムート,巴山尊文
ムーニーアイズ,岡田牧雄
ムーニーヴァレー,ビッグレッドファーム
ムービングアップ,佐藤信之
ムービングブレイド,山上和良
ムービーヒロイン,サラブレッドクラブ・ラフィアン
ムーム,永山勝敏
ムーランアジュール,村上卓史
ムーランアルザン,村上卓史
ムーランアンディゴ,村上卓史
ムーランオランジュ,村上卓史
ムーラングリース,村上卓史
ムーランシャタン,村上卓史
ムーランドール,小林英一ホールディングス
ムーランノワール,村上卓史
ムーランブラン,村上卓史
ムーランブルー,村上卓史
ムーランボルドー,村上卓史
ムーランマグノリア,楠本勝美
ムーランラデ,吉田和美
ムーンアイドル,藤田晋
ムーンアルテミス,ＹＧＧホースクラブ
ムーンアルファルド,山下良子
ムーンウォーク,岡田牧雄
ムーンウォーリア,会田裕一
ムーンオブバローダ,社台レースホース
ムーンガーデン,巴山尊文
ムーンクエイク,キャロットファーム
ムーンクレスト,ヒダカ・ブリーダーズ・ユニオン
ムーングレイル,ノルマンディーサラブレッドレーシング
ムーンザムーン,林正道
ムーンシェイド,ＫＨレーシング
ムーンシェイプト,サンデーレーシング
ムーンシャドウ,飯塚知一
ムーンシュトラール,佐々木雄二
ムーンショット,寺田千代乃
ムーンスカイ,永田和彦
ムーンスター,田島政光
ムーンストラック,坂巻勝彦
ムーンスピーク,ゴドルフィン
ムーンセット,フジワラ・ファーム
ムーンセレナーデ,江川伸夫
ムーンダイアローグ,大塚亮一
ムーンダイヤモンド,ローレルレーシング
ムーンチャイム,ゴドルフィン
ムーンチャイルド,ミルファーム
ムーンティアラ,大戸志浦
ムーンティアーズ,キャロットファーム
ムーンナイト,小島章義
ムーンナイトローズ,サラブレッドクラブ・ラフィアン
ムーンパステイオー,木稲安則
ムーンパレス,ビッグレッドファーム
ムーンビード,社台レースホース
ムーンビーナス,山田和夫
ムーンピラー,林正道
ムーンフェアリー,村山卓也
ムーンフォレスト,ゴドルフィン
ムーンブランシュ,辻子依旦
ムーンブルー,ゴドルフィン
ムーンプライド,ブルースターズファーム
ムーンプローブ,吉田晴哉
ムーンヘイロー,ノルマンディーサラブレッドレーシング
ムーンベイビー,福本純
ムーンベリル,シルクレーシング
ムーンボウ,名古屋友豊
ムーンムーンムーン,木部厳生
ムーンライト,石川達絵
ムーンライトアリア,岩崎僖澄
ムーンライトダイヤ,ヒダカ・ブリーダーズ・ユニオン
ムーンライトデイ,シルクレーシング
ムーンライトナイト,シルクレーシング
ムーンライトベガ,山科統
ムーンライトラガー,奥村訓彦
ムーンライトリバー,山口正行
ムーンランディング,ゴドルフィン
ムーンリットアイル,キャロットファーム
ムーンリットエルフ,ヒダカ・ブリーダーズ・ユニオン
ムーンリットナイト,グリーンファーム
ムーンリットビーチ,サンデーレーシング
ムーンリットレイン,ゴドルフィン
ムーンリバー,サラブレッドクラブ・ラフィアン
ムーンレイカー,門野重雄
ムーンレイデオ,村田哲朗
ムーンレット,ミルファーム
ムーンレース,レッドマジック
ムーンロード,吉田昭一
ムーンローバー,星加浩一
ムーンワード,伊東純一
ムーヴ,前田葉子
ムーヴィング,西森鶴
ムーヴィングオン,木下康昭
ムーヴオン,谷川牧場
ムーヴザニードル,ゴドルフィン
メアグローリア,シルクレーシング
メアリー,平井裕
メアリーバローズ,猪熊広次
メアヴィア,尾上寿夫
メイアイリス,千明牧場
メイオウ,中村伊三美
メイオリビア,千明牧場
メイオーシャン,千明牧場
メイオール,千明牧場
メイクアウィッシュ,ノースヒルズ
メイクアスナッチ,シルクレーシング
メイクアップ,岡浩二
メイクアノイズ,高橋ファーム
メイクアマーク,鈴木康弘
メイクアリープ,宮川純造
メイクアンシー,チームユッキレーシング
メイクイット,島川隆哉
メイクイットライト,ミルファーム
メイククラウドロア,酒井孝敏
メイクグローリー,ライオンレースホース
メイクザウインド,平井裕
メイクザビート,社台レースホース
メイクハッピー,吉田和子
メイクマイデイ,ローレルレーシング
メイクユースマイル,ヒダカ・ブリーダーズ・ユニオン
メイクユーマイン,前田晋二
メイクルーザー,醍醐伸之
メイクワンズデイ,猪又晶介
メイグローリア,千明牧場
メイケイアラジン,名古屋競馬
メイケイアリッサム,名古屋競馬
メイケイエール,名古屋競馬
メイケイカガヤキ,名古屋競馬
メイケイカリーナ,名古屋競馬
メイケイゴールド,名古屋競馬
メイケイシャイン,名古屋競馬
メイケイスピリッツ,名古屋競馬
メイケイダイハード,名古屋競馬
メイケイノヴァ,名古屋競馬
メイケイハリアー,名古屋競馬
メイケイバートン,名古屋競馬
メイケイビューティ,名古屋競馬
メイケイペガトップ,名古屋競馬
メイケイリチャード,名古屋競馬
メイケイレイン,名古屋競馬
メイケイレジェンド,名古屋競馬
メイケイロゼッタ,名古屋競馬
メイゲツ,幅田昌伸
メイサウザンアワー,千明牧場
メイザーキック,ＫＩＣレーシング
メイシャローナ,千明牧場
メイショウアイク,松本好雄
メイショウアイナ,松本好雄
メイショウアイノテ,松本好雄
メイショウアイル,松本好隆
メイショウアオコチ,松本好雄
メイショウアカイシ,松本好隆
メイショウアカツキ,松本好雄
メイショウアカリ,松本好隆
メイショウアキカゼ,松本好雄
メイショウアゲシオ,松本好雄
メイショウアゴナス,松本好隆
メイショウアゴニカ,松本好雄
メイショウアサゴチ,松本好雄
メイショウアサヒ,松本好隆
メイショウアジロ,松本好雄
メイショウアスカゼ,松本好雄
メイショウアステカ,松本好隆
メイショウアタゴ,松本好雄
メイショウアダーラ,松本好雄
メイショウアツイタ,松本好隆
メイショウアテン,松本好雄
メイショウアドリア,松本好雄
メイショウアボット,松本好隆
メイショウアポイ,松本好雄
メイショウアポロン,松本好隆
メイショウアマギ,松本好雄
メイショウアヤカ,松本好隆
メイショウアヤカゼ,松本好雄
メイショウアユカゼ,松本好雄
メイショウアラジン,松本好隆
メイショウアラセツ,松本好雄
メイショウアラマサ,松本好隆
メイショウアリソン,松本好雄
メイショウアルト,松本好雄
メイショウアルマ,松本好隆
メイショウアルル,松本好隆
メイショウアレス,松本好雄
メイショウアワジ,松本和子
メイショウアンゾフ,松本好雄
メイショウイギョク,松本好雄
メイショウイコマ,松本好雄
メイショウイコロ,松本好雄
メイショウイサナ,松本好雄
メイショウイサミ,松本好隆
メイショウイザナミ,松本好雄
メイショウイジゲン,松本好雄
メイショウイセ,松本好雄
メイショウイゾウ,松本好雄
メイショウイタマエ,松本好雄
メイショウイチズ,松本好雄
メイショウイチヒメ,松本好雄
メイショウイチモン,松本好雄
メイショウイチリン,松本好雄
メイショウイッカク,松本好隆
メイショウイッコン,松本好雄
メイショウイッシン,松本好雄
メイショウイッポン,松本和子
メイショウイナセ,山口謙太郎
メイショウイナホ,松本好雄
メイショウイヌワシ,松本好雄
メイショウイフウ,松本好雄
メイショウイブキ,松本好隆
メイショウイモジ,松本好雄
メイショウイヤサカ,松本和子
メイショウイライザ,松本好雄
メイショウイロガミ,松本好雄
メイショウイントロ,松本好雄
メイショウウインダ,松本好雄
メイショウウキグモ,松本好雄
メイショウウグイス,松本好雄
メイショウウズマサ,松本好雄
メイショウウタゲ,松本好雄
メイショウウタヒメ,松本和子
メイショウウチデ,松本和子
メイショウウナサカ,松本好雄
メイショウウナバラ,松本好雄
メイショウウネビ,松本好隆
メイショウウミカゼ,松本好雄
メイショウウメゴチ,松本好隆
メイショウウラコイ,松本好雄
メイショウウルス,松本好隆
メイショウウルル,松本好雄
メイショウエイコウ,松本好雄
メイショウエニシア,松本好隆
メイショウエバー,松本好雄
メイショウエレジー,松本好雄
メイショウエース,松本好隆
メイショウエール,松本好雄
メイショウオイワキ,松本好雄
メイショウオウカ,松本好雄
メイショウオウギ,松本好雄
メイショウオオコ,松本好隆
メイショウオオゾラ,松本好雄
メイショウオオタカ,松本好雄
メイショウオオヅツ,松本和子
メイショウオオミネ,松本好隆
メイショウオオルリ,松本好雄
メイショウオキビ,松本好雄
メイショウオグマ,松本好隆
メイショウオジマ,松本好雄
メイショウオタモイ,松本好隆
メイショウオトギ,松本好雄
メイショウオトコギ,松本好雄
メイショウオトワ,松本好雄
メイショウオニテ,松本好雄
メイショウオニユリ,松本好雄
メイショウオハコ,松本好雄
メイショウオハラメ,松本好雄
メイショウオリジン,松本好雄
メイショウオルセー,松本好雄
メイショウオルソ,松本好雄
メイショウオワラ,松本好雄
メイショウオーギシ,松本好雄
メイショウオーザ,松本好隆
メイショウオーパス,松本好雄
メイショウオーロラ,松本好隆
メイショウカイカ,松本好雄
メイショウカイコウ,松本好雄
メイショウカイコン,松本好雄
メイショウカイト,松本好隆
メイショウカイモン,松本好雄
メイショウカガ,松本好雄
メイショウカギロイ,松本好雄
メイショウカクウチ,松本好隆
メイショウカクウン,松本好雄
メイショウカクミチ,松本好雄
メイショウカゲカツ,松本好雄
メイショウカササギ,松本好雄
メイショウカシワデ,松本好隆
メイショウカジキ,松本好雄
メイショウカジボウ,松本好雄
メイショウカジヤ,松本好雄
メイショウカスガ,松本好雄
メイショウカスガイ,松本好隆
メイショウカスミ,松本好隆
メイショウカズサ,松本好隆
メイショウカズヒメ,松本好雄
メイショウカゼマチ,松本好隆
メイショウカチゴマ,松本好雄
メイショウカッサイ,松本好雄
メイショウカマクラ,松本好雄
メイショウカミシマ,松本好雄
メイショウカミノコ,松本好雄
メイショウカミヨシ,松本好雄
メイショウカミング,松本好雄
メイショウカムナビ,松本和子
メイショウカムロ,松本和子
メイショウカモーン,松本好雄
メイショウカラツ,松本好雄
メイショウカリウド,松本好雄
メイショウカリスマ,松本和子
メイショウカリン,松本好雄
メイショウカロッタ,松本好雄
メイショウカンキ,松本和子
メイショウカンギク,松本好雄
メイショウカンムリ,松本好雄
メイショウカークス,松本好雄
メイショウガイフウ,松本好雄
メイショウガッツ,松本好雄
メイショウガロンヌ,松本好雄
メイショウキソコマ,松本好雄
メイショウキタグニ,松本好雄
メイショウキタダケ,松本好雄
メイショウキッド,松本好雄
メイショウキトラ,松本好雄
メイショウキョウジ,松本好雄
メイショウキリモン,松本好雄
メイショウキルギス,松本好隆
メイショウキンカク,松本好雄
メイショウキンタイ,松本好隆
メイショウキートス,松本好隆
メイショウギガース,松本好雄
メイショウギシオー,松本好雄
メイショウギンレイ,松本好雄
メイショウクサツ,松本好雄
メイショウクサブエ,松本好雄
メイショウクシナダ,松本好雄
メイショウクダン,松本好雄
メイショウクチナシ,松本和子
メイショウクメハチ,松本好雄
メイショウクモイ,松本好隆
メイショウクモジ,松本好雄
メイショウクライム,松本好隆
メイショウクラマ,松本好雄
メイショウクラーク,松本好雄
メイショウクリフト,松本好隆
メイショウクレディ,松本好隆
メイショウクレピス,松本好雄
メイショウクロバト,松本好雄
メイショウクーガー,松本好隆
メイショウグジョウ,松本好雄
メイショウグラニー,松本好雄
メイショウグロッケ,松本好隆
メイショウグロリア,松本好隆
メイショウグンパイ,松本好雄
メイショウケアラシ,松本好雄
メイショウケイガン,松本好雄
メイショウケイゼン,松本和子
メイショウケイソウ,松本和子
メイショウケイメイ,松本好雄
メイショウケンコン,松本好雄
メイショウケンゴウ,松本好隆
メイショウケンジャ,松本好雄
メイショウケンセイ,松本好隆
メイショウケンプウ,松本好雄
メイショウケンロク,松本好雄
メイショウゲキハ,松本好雄
メイショウゲキリン,松本好隆
メイショウゲッカ,松本好雄
メイショウゲッコウ,松本好隆
メイショウゲンセン,松本好雄
メイショウゲンパク,松本好雄
メイショウコウシ,松本好雄
メイショウコウテツ,松本好雄
メイショウコウベ,松本好隆
メイショウコウヨウ,松本好雄
メイショウコウラン,松本好雄
メイショウコエダ,松本和子
メイショウコオロギ,松本好雄
メイショウコガシラ,松本好隆
メイショウコギク,松本好雄
メイショウコクフウ,松本好雄
メイショウココロネ,松本好雄
メイショウコゴミ,松本好雄
メイショウコシュウ,松本好隆
メイショウコジョウ,松本好雄
メイショウコジロウ,松本好雄
メイショウコスイ,松本好雄
メイショウコソデ,松本好雄
メイショウコダチ,松本好雄
メイショウコチカゼ,松本好雄
メイショウコデマリ,松本好雄
メイショウコトダマ,松本好雄
メイショウコドマリ,松本好雄
メイショウコナツ,松本好雄
メイショウコナン,松本好隆
メイショウコハギ,松本和子
メイショウコハル,松本好隆
メイショウコバコ,松本好雄
メイショウコバト,松本好隆
メイショウコフデ,松本好雄
メイショウコホク,松本好雄
メイショウコボケ,松本好雄
メイショウコマチ,松本好隆
メイショウコマヒメ,松本好雄
メイショウコミチ,松本好雄
メイショウコムスビ,松本好雄
メイショウコユキ,松本好雄
メイショウコルギン,松本好雄
メイショウコンペキ,松本好雄
メイショウコースト,松本好隆
メイショウゴウキ,松本和子
メイショウゴウケツ,松本好隆
メイショウゴウホウ,松本好雄
メイショウゴウリキ,松本好雄
メイショウゴッホ,松本好隆
メイショウゴテツ,松本好雄
メイショウゴルシ,松本好雄
メイショウゴーフル,松本好隆
メイショウゴールド,松本好隆
メイショウサイウン,松本好雄
メイショウサガノ,三岡陽
メイショウサキガケ,松本好雄
メイショウササユリ,松本好雄
メイショウサザナミ,松本好隆
メイショウサスライ,松本和子
メイショウサソリザ,松本好雄
メイショウサチシオ,松本好雄
メイショウサチダケ,松本好隆
メイショウサチヒメ,松本好雄
メイショウサッソウ,松本好隆
メイショウサツマ,松本好雄
メイショウサトノヒ,松本好隆
メイショウサトユキ,松本好雄
メイショウサトワ,松本好雄
メイショウサノサ,松本好雄
メイショウサフラン,松本好雄
メイショウサブゼロ,松本好雄
メイショウサロベツ,松本和子
メイショウサンアイ,松本好雄
メイショウサンガ,松本好雄
メイショウザンゲツ,松本好隆
メイショウシオサキ,松本好雄
メイショウシオン,松本好雄
メイショウシシオウ,松本好雄
メイショウシヅキ,松本好雄
メイショウシナノ,松本好隆
メイショウシブキ,松本好雄
メイショウシマト,松本好雄
メイショウシャガ,松本好雄
メイショウシャチ,松本好雄
メイショウシュハリ,松本好隆
メイショウシュート,松本好雄
メイショウショウブ,松本好雄
メイショウショカツ,松本好隆
メイショウシルト,松本好雄
メイショウシロガネ,松本好雄
メイショウシンウチ,松本好雄
メイショウシンガン,松本好隆
メイショウシンシン,松本好雄
メイショウシンタケ,松本好隆
メイショウジェゼロ,松本好隆
メイショウジェンマ,松本好隆
メイショウジェード,松本好隆
メイショウジガネ,松本好雄
メイショウジザイ,松本好雄
メイショウジブリ,松本好雄
メイショウジンソウ,松本好隆
メイショウジンライ,松本好隆
メイショウジーク,松本好隆
メイショウジーニー,松本好隆
メイショウスイケイ,松本好雄
メイショウスイセン,松本好雄
メイショウスエヒロ,松本好雄
メイショウスコヤカ,松本和子
メイショウスゴウデ,松本好雄
メイショウススキノ,松本好雄
メイショウスズカケ,松本好雄
メイショウストーム,松本好隆
メイショウスミトモ,松本好雄
メイショウズイウン,松本好隆
メイショウセイフウ,松本好雄
メイショウセイロウ,松本好隆
メイショウセオト,松本好雄
メイショウセッサイ,松本好雄
メイショウセツゲツ,松本好雄
メイショウセロジネ,松本好雄
メイショウセンテ,松本好雄
メイショウセントレ,松本好雄
メイショウセンドウ,松本好隆
メイショウゼッケイ,松本好雄
メイショウゼルク,松本好隆
メイショウソウゲツ,松本好雄
メイショウソウゴン,松本好雄
メイショウソウセキ,松本好隆
メイショウソウタ,松本好隆
メイショウソウテン,松本好隆
メイショウソウビ,松本好雄
メイショウソウモウ,松本好雄
メイショウソウライ,松本好雄
メイショウソテツ,松本好雄
メイショウソニック,松本好隆
メイショウソムリエ,松本好隆
メイショウソラフネ,松本好隆
メイショウソラリス,松本好隆
メイショウソラル,松本好隆
メイショウタイガン,松本好雄
メイショウタイゲイ,松本好隆
メイショウタイザン,松本好隆
メイショウタイシ,松本好雄
メイショウタイジュ,松本好雄
メイショウタイセツ,松本好雄
メイショウタイピン,松本好隆
メイショウタオ,松本好隆
メイショウタオヤカ,松本和子
メイショウタカトラ,松本好雄
メイショウタカネ,松本好隆
メイショウタカモリ,松本好雄
メイショウタクボク,松本好隆
メイショウタザワコ,松本好雄
メイショウタダカツ,松本好雄
メイショウタダツグ,松本好隆
メイショウタチマチ,松本好雄
メイショウタッピ,松本好雄
メイショウタニカゼ,松本好雄
メイショウタバル,松本好隆
メイショウタビズキ,松本好雄
メイショウタマユラ,松本好隆
メイショウタムシバ,松本好隆
メイショウタラチネ,松本好雄
メイショウタンヅツ,松本和子
メイショウダイヤ,松本好隆
メイショウダジン,松本好雄
メイショウダッサイ,松本好雄
メイショウダブル,松本好雄
メイショウチェリー,松本好隆
メイショウチタン,松本好隆
メイショウチャイブ,松本好雄
メイショウチャリス,松本好雄
メイショウチュラカ,松本好雄
メイショウツガミネ,松本好雄
メイショウツキシロ,松本好雄
メイショウツキヨ,松本好隆
メイショウツクモ,松本好雄
メイショウツツジ,松本好雄
メイショウツバキ,松本好隆
メイショウツバメ,松本好雄
メイショウツヨキ,松本好隆
メイショウツレヅレ,松本好雄
メイショウツワブキ,松本好雄
メイショウテイダー,松本好雄
メイショウテオス,松本好雄
メイショウテッコン,松本好雄
メイショウテッペキ,松本好雄
メイショウテツワン,松本好隆
メイショウテムズ,松本好雄
メイショウテリオス,松本好隆
メイショウテンオン,松本好雄
メイショウテンク,松本好隆
メイショウテンゲン,松本好雄
メイショウテンシャ,松本好雄
メイショウテンジン,松本好隆
メイショウテンスイ,松本好雄
メイショウテンセイ,松本好雄
メイショウテンダン,松本好雄
メイショウテンテン,松本好隆
メイショウテンドウ,松本好雄
メイショウテンモン,松本好雄
メイショウテンヨウ,松本好雄
メイショウデージー,松本好雄
メイショウトウコウ,松本好隆
メイショウトキイロ,松本好雄
メイショウトコシエ,松本好雄
メイショウトコナツ,松本好雄
メイショウトサンコ,松本好雄
メイショウトッド,松本好隆
メイショウトップウ,松本好雄
メイショウトツカ,松本好雄
メイショウトマリギ,松本好雄
メイショウトム,松本好隆
メイショウトラヒメ,松本好雄
メイショウトラマツ,松本好雄
メイショウトリデ,松本好雄
メイショウトリプル,松本好雄
メイショウトレック,松本好雄
メイショウトロント,松本好雄
メイショウトワニ,松本好雄
メイショウトーチ,松本好雄
メイショウトール,松本好雄
メイショウドウダン,松本好雄
メイショウドウドウ,松本好雄
メイショウドキョウ,松本好隆
メイショウドヒョウ,松本好雄
メイショウドライブ,松本好隆
メイショウドンド,松本好雄
メイショウナオマサ,松本好雄
メイショウナガツキ,松本好雄
メイショウナゴミ,松本好隆
メイショウナスカ,松本好雄
メイショウナデシコ,松本好隆
メイショウナナカゼ,松本好雄
メイショウナナクサ,松本好雄
メイショウナナコ,松本好雄
メイショウナナシロ,松本好隆
メイショウナナユキ,松本好隆
メイショウナニクソ,松本好雄
メイショウナパワン,松本好雄
メイショウナラシバ,松本好雄
メイショウナリカク,松本好雄
メイショウナリヒラ,松本好隆
メイショウナルカミ,松本好隆
メイショウナンプウ,松本和子
メイショウナヴィア,松本好雄
メイショウニコニコ,松本好雄
メイショウニコヒメ,松本好雄
メイショウニタボウ,松本好雄
メイショウニッコウ,松本好雄
メイショウニトベ,松本好雄
メイショウネムノキ,松本好雄
メイショウノエル,松本好雄
メイショウノビヤカ,松本好雄
メイショウノブカ,松本好雄
メイショウノボサン,松本和子
メイショウノリムネ,松本好雄
メイショウノワキ,松本好雄
メイショウノヴァス,松本好隆
メイショウハギカゼ,松本好雄
メイショウハクギン,松本好雄
メイショウハクサン,松本好隆
メイショウハクト,松本和子
メイショウハクレイ,松本好隆
メイショウハコブネ,松本好雄
メイショウハダル,松本好雄
メイショウハチク,松本好雄
メイショウハチコウ,松本好隆
メイショウハチマキ,松本好隆
メイショウハチロー,松本好隆
メイショウハッケイ,松本好隆
メイショウハッブル,松本好隆
メイショウハツセ,松本好雄
メイショウハナグシ,松本好雄
メイショウハナモモ,松本好雄
メイショウハナモリ,松本好雄
メイショウハニー,松本好雄
メイショウハネウマ,松本好隆
メイショウハバネラ,松本好雄
メイショウハボタン,松本好雄
メイショウハボマイ,松本好隆
メイショウハマギク,松本好隆
メイショウハマユウ,松本好雄
メイショウハヤセ,松本好雄
メイショウハヤナリ,松本好雄
メイショウハリオ,松本好隆
メイショウハリソン,松本好隆
メイショウハルカス,松本好雄
メイショウハンゾウ,松本好雄
メイショウハンター,松本好隆
メイショウハント,松本好隆
メイショウハート,松本好隆
メイショウハーブス,松本好隆
メイショウハーラン,松本和子
メイショウバイタル,松本好雄
メイショウバイラン,松本好雄
メイショウバスク,松本好隆
メイショウバッハ,松本好隆
メイショウバベル,松本好雄
メイショウバラッド,松本好雄
メイショウバリスタ,松本好隆
メイショウバルキア,松本好隆
メイショウバルク,松本好隆
メイショウバルコラ,松本和子
メイショウバンカラ,松本和子
メイショウバンカン,松本好雄
メイショウバンサン,松本好隆
メイショウバンダイ,松本和子
メイショウバンデ,松本好雄
メイショウバンリ,松本好雄
メイショウバーズ,松本好隆
メイショウバーバラ,松本好雄
メイショウパティオ,松本好雄
メイショウパロマー,松本好雄
メイショウパンゲア,松本好隆
メイショウヒエイ,松本好雄
メイショウヒカル,松本好隆
メイショウヒサカタ,松本好雄
メイショウヒシャ,松本好雄
メイショウヒゾッコ,松本好雄
メイショウヒタカミ,松本好隆
メイショウヒヅクリ,松本好雄
メイショウヒトハル,松本好雄
メイショウヒナギク,松本好雄
メイショウヒノクニ,松本好雄
メイショウヒノヤマ,松本好雄
メイショウヒバリ,松本好雄
メイショウヒボタン,松本好雄
メイショウヒメゴゼ,松本好雄
メイショウヒメサマ,松本好雄
メイショウヒュウガ,松本好隆
メイショウヒューマ,松本好雄
メイショウヒンカク,松本好雄
メイショウビコーン,松本和子
メイショウビジュー,松本好雄
メイショウビストロ,松本好隆
メイショウビッグ,松本好雄
メイショウピスカリ,松本好雄
メイショウピュルテ,松本好隆
メイショウピリカ,松本好隆
メイショウピース,松本好隆
メイショウフィガロ,松本好隆
メイショウフィット,松本好雄
メイショウフウカ,松本好雄
メイショウフウシャ,松本好雄
メイショウフウドウ,松本好隆
メイショウフェイク,内田玄祥
メイショウフェイト,松本好雄
メイショウフェリオ,松本好雄
メイショウフォイル,松本好雄
メイショウフガク,松本好雄
メイショウフクイク,松本和子
メイショウフジ,松本好隆
メイショウフジタカ,松本好隆
メイショウフソウ,松本好雄
メイショウフナカジ,松本好雄
メイショウフラム,松本好雄
メイショウフルサト,松本好雄
メイショウフンケイ,松本好雄
メイショウフンジン,松本好隆
メイショウブラボー,松本好雄
メイショウブルー,松本好雄
メイショウブレゲ,松本好隆
メイショウブレナム,松本好雄
メイショウプルーム,松本好隆
メイショウプレマ,松本好隆
メイショウヘシキリ,松本好雄
メイショウヘール,松本好隆
メイショウベッピン,松本好雄
メイショウベニバナ,松本好雄
メイショウベリー,松本好隆
メイショウベル,松本好雄
メイショウベルボン,松本好雄
メイショウベレー,松本好雄
メイショウベンガル,松本好雄
メイショウペイト,松本好隆
メイショウペルム,松本好隆
メイショウペルル,松本好隆
メイショウホウジュ,松本好雄
メイショウホウセン,松本好雄
メイショウホウトウ,松本好雄
メイショウホウレン,松本好隆
メイショウホエール,松本好隆
メイショウホオズキ,松本好雄
メイショウホオベニ,松本好雄
メイショウホガラカ,松本好雄
メイショウホシアイ,松本好雄
メイショウホシゾラ,松本好隆
メイショウホタルビ,松本和子
メイショウホダワラ,松本好隆
メイショウホナミ,松本好雄
メイショウホマレ,松本好隆
メイショウホルス,松本好雄
メイショウホルダー,松本好雄
メイショウホーコン,松本好雄
メイショウボサツ,松本好雄
メイショウボナンザ,松本好隆
メイショウボニータ,松本好雄
メイショウボヌール,松本好隆
メイショウボヤージ,松本好雄
メイショウボンゴチ,松本好雄
メイショウボンテン,松本好隆
メイショウボンロク,松本好雄
メイショウポピンズ,松本好雄
メイショウポペット,松本好隆
メイショウポルポ,松本好隆
メイショウポワロ,松本好隆
メイショウマイカゼ,松本好雄
メイショウマイタケ,松本好雄
メイショウマオヒメ,松本好雄
メイショウマクジキ,松本好隆
メイショウマグナ,松本好隆
メイショウマグワシ,松本好雄
メイショウマコモ,松本好雄
メイショウマゴイチ,松本好雄
メイショウマサカツ,松本好雄
メイショウマサカリ,松本好雄
メイショウマサツラ,松本好雄
メイショウマサヒメ,松本好隆
メイショウマサムネ,松本好隆
メイショウマサユメ,松本好雄
メイショウマシフ,松本好雄
メイショウマシミズ,松本和子
メイショウマジック,松本好隆
メイショウマタベエ,松本好雄
メイショウマダケ,松本好雄
メイショウマチルダ,松本好隆
メイショウマツリ,松本好雄
メイショウマトイ,松本好雄
メイショウマドロス,松本好隆
メイショウマドンナ,松本好隆
メイショウマニス,松本好隆
メイショウマヒロ,松本好雄
メイショウマンゲツ,松本好雄
メイショウマンサク,松本好隆
メイショウマントク,松本好雄
メイショウマントル,松本和子
メイショウマンリキ,松本好雄
メイショウミカサ,松本和子
メイショウミカワ,松本好隆
メイショウミザオ,松本好雄
メイショウミシガン,松本好雄
メイショウミスイチ,松本好雄
メイショウミズカゼ,松本好雄
メイショウミズホ,松本好隆
メイショウミズモ,松本好雄
メイショウミソハギ,松本好雄
メイショウミチノク,松本好雄
メイショウミチロク,松本好雄
メイショウミツヒデ,松本好隆
メイショウミツボシ,松本好雄
メイショウミツヤス,松本好隆
メイショウミナヅキ,松本好雄
メイショウミモザ,松本好雄
メイショウミヤラビ,松本好雄
メイショウミヨシノ,松本好雄
メイショウミライ,松本好雄
メイショウミリオレ,松本好隆
メイショウムカバキ,松本好雄
メイショウムラクモ,松本好雄
メイショウムラゲ,松本好雄
メイショウムート,松谷翔太
メイショウムーヴ,松本好雄
メイショウメイカ,松本好雄
メイショウメイスイ,松本好雄
メイショウメイプル,松本好雄
メイショウメイボク,松本好雄
メイショウメイユウ,松本好雄
メイショウメイリン,松本好雄
メイショウメイロウ,松本好雄
メイショウメゴヒメ,松本好隆
メイショウモウコ,松本好雄
メイショウモエギ,松本好雄
メイショウモクレン,松本和子
メイショウモズ,松本好雄
メイショウモチヅキ,松本好雄
メイショウモヒート,松本好雄
メイショウモモタ,松本好隆
メイショウモルサ,松本和子
メイショウヤクシマ,松本好雄
メイショウヤクモ,松本和子
メイショウヤシマ,松本好隆
メイショウヤシャ,松本好雄
メイショウヤスマサ,松本好雄
メイショウヤソキチ,松本好雄
メイショウヤッコ,松本好雄
メイショウヤナガセ,松本好雄
メイショウヤマガサ,松本好雄
メイショウヤマジロ,松本好雄
メイショウヤマツミ,松本和子
メイショウヤマハギ,松本好雄
メイショウヤマホコ,松本好雄
メイショウヤマミチ,松本好雄
メイショウヤマモモ,松本好隆
メイショウヤワラギ,松本好隆
メイショウヤーキス,松本好隆
メイショウユウアイ,松本好雄
メイショウユウゲン,松本好隆
メイショウユウシン,松本好雄
メイショウユウスイ,松本好雄
メイショウユウスゲ,松本好雄
メイショウユウバエ,松本好雄
メイショウユウブ,松本好雄
メイショウユウボシ,松本好雄
メイショウユウモウ,松本好雄
メイショウユズルハ,松本好隆
メイショウユフイン,松本好雄
メイショウユメカゼ,松本好雄
メイショウユリシス,松本好隆
メイショウヨウホウ,松本好雄
メイショウヨカゼ,松本好雄
メイショウヨサレ,松本好雄
メイショウヨザクラ,松本好雄
メイショウヨシテル,松本好隆
メイショウヨシノ,松本好雄
メイショウヨスガラ,松本好雄
メイショウヨソユキ,松本好雄
メイショウヨゾラ,松本好隆
メイショウヨリキリ,松本好雄
メイショウヨンク,松本好雄
メイショウライガ,松本好隆
メイショウライゴー,松本好隆
メイショウライジン,松本好隆
メイショウライズ,松本好隆
メイショウライメイ,松本好隆
メイショウラウルス,松本好隆
メイショウラクエン,松本好雄
メイショウラグーン,松本好隆
メイショウラケーテ,松本好隆
メイショウラスカル,松本好隆
メイショウラッシュ,松本好隆
メイショウラツワン,松本好雄
メイショウラナキラ,松本好雄
メイショウラバンド,松本好雄
メイショウラビエ,松本好雄
メイショウラピッド,松本好隆
メイショウランケイ,松本好隆
メイショウランザン,松本好雄
メイショウランセツ,松本好雄
メイショウランブ,松本好雄
メイショウランラン,松本好雄
メイショウリュウシ,松本好隆
メイショウリリアム,松本好雄
メイショウリリー,松本好隆
メイショウリープ,松本好雄
メイショウルイス,松本好雄
メイショウルクール,松本好雄
メイショウルビー,松本好隆
メイショウルミナス,松本好雄
メイショウルーク,松本好隆
メイショウルーチェ,松本好雄
メイショウレイゲツ,松本好雄
メイショウレイメイ,松本好雄
メイショウレジナス,松本好隆
メイショウレッシ,松本好雄
メイショウロサン,松本和子
メイショウロセツ,松本好雄
メイショウロッキー,松本好隆
メイショウロマン,松本好隆
メイショウロンド,松本好隆
メイショウロージー,松本好雄
メイショウローゼ,松本好隆
メイショウロールス,松本好雄
メイショウワカタケ,松本好雄
メイショウワキザシ,松本好雄
メイショウワゲン,松本好雄
メイショウワザシ,松本好雄
メイショウワシュウ,松本好雄
メイショウワタユキ,松本好雄
メイショウワダイコ,松本好雄
メイショウワダマ,松本好雄
メイショウワンモア,松本好雄
メイショウヴァイゼ,松本好雄
メイショウヴォルガ,松本好雄
メイショウヴンダー,松本好雄
メイジイシン,小菅誠
メイジュオーシャン,荒井元明
メイジュシンワ,荒井元明
メイジュスマイル,荒井元明
メイスンスパート,梅村浩
メイスンハナフブキ,梅村浩
メイズ,中辻明
メイズオブオナー,ロードホースクラブ
メイセキム,青山洋一
メイソフィア,千明牧場
メイソンジュニア,カナヤマホールディングス
メイチャリティ,千明牧場
メイテソーロ,了徳寺健二ホールディングス
メイデンタワー,サンデーレーシング
メイデンヘッド,ＡｓｓｅｔＭａｎａｇｅｍｅｎｔＳｕｉｔｅ
メイデンボヤージュ,山上和良
メイトゥリアーク,ライオンレースホース
メイトースイ,康本利幸
メイドイットマム,木村牧場
メイパワー,千明牧場
メイフーミン,千明牧場
メイブツシャチョウ,ミキハウスＨＫサービス
メイブルーム,千明牧場
メイブロッサム,ノルマンディーサラブレッドレーシング
メイプルインパクト,節英司
メイプルエイト,井高義光
メイプルエクセル,節英司
メイプルガーデン,節英司
メイプルキュート,節英司
メイプルキング,節英司
メイプルギャング,加藤誠
メイプルギン,節英司
メイプルクリーク,サンデーレーシング
メイプルグレイト,節英司
メイプルシスター,節英司
メイプルスター,節英司
メイプルタピット,節英司
メイプルハッピー,節英司
メイプルブラザー,節英司
メイプルプリン,節英司
メイプルプレゼント,節英司
メイプルラブリー,節英司
メイプルランド,飯田良枝
メイプルリズム,飯田良枝
メイプルリッジ,吉田勝己
メイプルリーフラグ,稲場澄
メイプルレモン,節英司
メイペーパームーン,千明牧場
メイボウコウシ,田頭勇貴
メイポール,ミルファーム
メイマックス,古賀和夫
メイム,宮崎金造
メイユウ,岡浩二
メイユーヴ,中村祐子
メイヨシュア,千明牧場
メイラヴェル,千明牧場
メイリトルラバー,千明牧場
メイリバティ,千明牧場
メイリー,フクキタル
メイレベッカ,千明牧場
メイレンシュタイン,キャロットファーム
メイワキラリ,増田淳
メイワファースト,増田淳
メイワメジェール,増田淳
メインクーン,Ｇ１レーシング
メインストリーム,ノースヒルズ
メインターゲット,吉田千津
メインテーマ,吉田千津
メインボード,栗嶋豊明
メエメエ,福盛訓之
メカニックバレエ,中村伊三美
メガオパールカフェ,西川光一
メガキャット,中村智幸
メガクローム,水谷昌晃
メガゴールド,小林英一ホールディングス
メガディスカバリー,有馬博文
メガファラヴァハー,ヒダカ・ブリーダーズ・ユニオン
メガフレア,宮川純造
メガフロート,シルクレーシング
メガポリゴン,薗部博之
メガミ,阿部東亜子
メグ,木村廣太
メグスタサンライズ,松岡隆雄
メグスタス,キャロットファーム
メグルキセキ,広尾レース
メサテソーロ,了徳寺健二ホールディングス
メサルティム,キャロットファーム
メシアン,ＫＡＪＩＭＯＴＯホールディングス
メジェグレイス,ターフ・スポート
メジェド,ノースヒルズ
メジェールスー,太田珠々子
メジャーアゲン,浅川皓司
メジャーアドバンス,サンデーレーシング
メジャーアピール,シルクレーシング
メジャーエール,マークス
メジャークオリティ,社台レースホース
メジャークロニクル,サンデーレーシング
メジャーグルーヴ,Ｇ１レーシング
メジャーシンガー,グリーンファーム
メジャーステージ,杉山忠国
メジャーセブンス,社台レースホース
メジャーデビュー,石川秀守
メジャーハリケーン,林正道
メジャーブレイク,吉田照哉
メジャーベルン,四本昭弘
メジャーマジック,社台レースホース
メジャーラッシュ,平川三津
メジャーラプソディ,サンデーレーシング
メジャーリーガー,木村廣太
メジャーレート,シルクレーシング
メジャーレーベル,前田幸治
メジャーロール,谷口祐人
メジロピオラ,フィールドレーシング
メスキータ,岡浩二
メズマライジング,社台レースホース
メズメライザー,ゴドルフィン
メソッド,石瀬浩三
メタシアター,小田吉男
メタスペクター,松尾正
メタバース,田頭勇貴
メタマックス,藤田晋
メタモルフォシス,田頭勇貴
メタモルフォーゼ,ノースヒルズ
メタルクラフト,犬塚悠治郎
メタルゴッド,田畑勝彦
メタルスパーク,ディアレストクラブ
メタルスピード,ＨｉｍＲｏｃｋＲａｃｉｎｇホールディングス
メタルハート,田畑勝彦
メタルメタリカ,千明牧場
メダツヤツ,松尾正
メダリオンモチーフ,吉田和美
メダリスタ,岡田牧雄
メダルラッシュ,青山洋一
メダーリアフレイム,ゴドルフィン
メッエフアパラ,丹羽裕正
メッザノッテ,ゴドルフィン
メッシーナ,サンデーレーシング
メッセージソング,シルクレーシング
メッチャエエヤン,小林祥晃
メッチャサス,大田恭充
メッツガー,山本律
メティエダール,ノースヒルズ
メテオクイン,永山勝敏
メテオスウォーム,星加浩一
メテオダヴリル,大樹ファーム
メテオフリューゲル,ウエスト．フォレスト．ステイブル
メテオリート,シルクレーシング
メテオレムナント,社台レースホース
メテオレーナ,永山勝敏
メテオロイド,石瀬浩三
メテオールライト,シルクレーシング
メディクス,カナヤマホールディングス
メディシス,中辻明
メディチパワー,吉田洋
メディテラニアン,モンレーヴ
メディナ,中村祐子
メディーヴァル,ターフ・スポート
メデタシメデタシ,堂守貴志
メトゥザレム,ライオンレースホース
メトゥス,中村祐子
メトセラ,ラ・メール
メトリカ,コロンバスサークル
メトリカルセオリー,水上行雄
メトロノーム,由井健太郎
メトロフィルム,石川秀守
メトロポリス,堂守貴志
メトロポリターナ,庄司修二
メトロポール,ゴドルフィン
メドウセージ,Ｇ１レーシング
メドウラーク,吉田勝己
メドック,本田恒雄
メヌエット,ロードホースクラブ
メネラオス,ＮＹレーシング
メノーグラジオラス,清進電設
メビウスロマンス,蔀恒一
メムエクラ,Ｇリビエール・レーシング
メメスカーレット,本谷惠
メメテラステラ,本谷惠
メメナビレラ,本谷惠
メメニシコリ,本谷惠
メメフェリーチェ,本谷惠
メメボス,本谷惠
メメモンロー,本谷惠
メメランタン,本谷惠
メメントモリ,吉田勝己
メモラーブル,吉田晴哉
メモリア,岡田繁幸
メモリアカフェ,西川光一
メモリアデルレ,Ｇ１レーシング
メモリアルクイーン,水谷昌晃
メモリアルロード,西村新一郎
メモリーアンクル,シンザンクラブ
メモリーウイニング,シンザンクラブ
メモリーエアシップ,シンザンクラブ
メモリーエフェクト,シンザンクラブ
メモリーオブブルー,ＨｉｍＲｏｃｋＲａｃｉｎｇホールディングス
メモリーグラス,田頭勇貴
メモリーコウ,シンザンクラブ
メモリーコバルト,シンザンクラブ
メモリーコロネット,シンザンクラブ
メモリーサボアール,シンザンクラブ
メモリーズ,グランド牧場
メモリーズオブユー,三田昌宏
メモリーディディ,シンザンクラブ
メモリーデイズ,三宅勝俊
メモリードライブ,吉田晴哉
メモリーハイル,シンザンクラブ
メモリーバリケード,シンザンクラブ
メモリーフィルム,ミルファーム
メモリーブラック,シンザンクラブ
メモリーレゾン,シンザンクラブ
メモワールミノル,吉岡實
メラナイト,ノースヒルズ
メラニー,近藤英子
メラン,中辻明
メランコリニスタ,ＫＨレーシング
メランジェ,シルクレーシング
メランポジューム,ノースヒルズ
メラヴィリオーザ,ノルマンディーサラブレッドレーシング
メラーキ,大塚亮一
メリオダス,山口功一郎
メリオルヴィア,Ｇ１レーシング
メリオルヴィータ,Ｇ１レーシング
メリオーレム,Ｇ１レーシング
メリザンド,シルクレーシング
メリス,ノルマンディーサラブレッドレーシング
メリタテス,広尾レース
メリッササンライズ,松岡隆雄
メリッサバローズ,猪熊広次
メリッサーニ,Ｇ１レーシング
メリティス,フクキタル
メリディアン,ロードホースクラブ
メリディアンスター,ＣＨＥＶＡＬＡＴＴＡＣＨＥ
メリディアンローグ,山本英俊
メリトクラシー,Ｇ１レーシング
メリトリオ,ノースヒルズ
メリトーリアス,Ｇ１レーシング
メリフルアス,ロードホースクラブ
メリリー,市川義美ホールディングス
メリヴェイユ,モンレーヴ
メリークリスマス,保坂和孝
メリーコッカー,小林竜太郎
メリーサウンド,吉田照哉
メリージェーン,タイヘイ牧場
メリーセンス,冨士井直哉
メリートーン,水上ふじ子
メリーバローズ,猪熊広次
メリープランク,サンデーレーシング
メリーメーキング,前田晋二
メルカデオ,Ｇ１レーシング
メルカントゥール,フォレストレーシング
メルキオル,吉田勝己
メルキュリオ,中辻明
メルキュール,キャロットファーム
メルクーア,ノルマンディーサラブレッドレーシング
メルシー,吉澤ホールディングス
メルシージュテーム,グリーンファーム
メルシーステップ,星加浩一
メルシーボクアスク,廣崎利洋ＨＤ
メルジーナ,成富直行
メルツフリーデン,古岡宏仁
メルティング,安原浩司
メルティーショコラ,明栄商事
メルテッドハニー,田頭勇貴
メルテミア,武田茂男
メルテール,中辻明
メルト,長谷川守正
メルトユアハート,ロードホースクラブ
メルヘンステージ,下河辺牧場
メルヘンライズ,吉岡寛行
メルメラーダ,シルクレーシング
メルメルメー,高山直樹
メルローズ,京都ホースレーシング
メルヴィル,キャロットファーム
メルヴィンカズマ,雅苑興業
メルヴェイユシチー,友駿ホースクラブ
メレカリキマカ,丸山担
メレク,ゴドルフィン
メレサンク,平井裕
メロウアンバー,吉田好雄
メロウスマイル,ヒダカ・ブリーダーズ・ユニオン
メロウヴォイス,水上ふじ子
メロディアスハード,吉田照哉
メロディックスカイ,松谷翔太
メロディーダンサー,前迫義幸
メロディーフェア,稲川一
メロディーレーン,岡田牧雄
メロディーロード,ターフ・スポート
メロパール,村上稔
メロンチャン,ミルファーム
メロンパンマニア,ビッグレッドファーム
メロンボール,田頭勇貴
メローネ,中辻明
メローラ,小原準一郎
メンアットワーク,千明牧場
メンコイボクチャン,梁川正普
メンズオーバー,片山博志
メンタピペリタ,サラブレッドクラブ・ラフィアン
メンターモード,青山洋一
メンディ,リトルブルーファーム
メンデレーエフ,ゴドルフィン
メンデンホール,ゴドルフィン
メンドロントット,小林善一
メンヒ,畑佐博
メンフィス,ニッシンホールディングス
メーオーテソーロ,了徳寺健二ホールディングス
メージャーテソーロ,了徳寺健二ホールディングス
メーゼ,古賀禎彦
メーテルコート,ヤナガワ牧場
メーテルリンク,サラブレッドクラブ・ラフィアン
メートルエロー,ラ・メール
メートルソヴァール,ラ・メール
メートルダール,キャロットファーム
メートルムナール,ラ・メール
メードス,Ｇ１レーシング
メープル,土田重実
メープルタフィー,スピードファーム
メープルリキュール,社台レースホース
メーリッハベイ,京都ホースレーシング
メールデゾレ,吉田千津
メールドグラース,キャロットファーム
メールブルー,椎名節
メーレスブリーゼ,サラブレッドクラブ・ラフィアン
モアイ,青山洋一
モアサナイト,社台レースホース
モアザンファイア,ＫＨレーシング
モアザンワンス,Ｇ１レーシング
モアナ,吉田和美
モアナアネラ,サンデーレーシング
モアナグレイス,日下幸徳
モアナフリューゲル,鈴木昌樹
モアナブルー,平川浩之
モアナモーリス,ＩＨＲ
モアニ,佐藤理
モアニケアラ,名古屋友豊
モアハピネス,京都ホースレーシング
モアリジット,社台レースホース
モイ,ＨｉｍＲｏｃｋＲａｃｉｎｇホールディングス
モイスチャー,ミルファーム
モイラ,武田浩典
モイル,前川企画
モウエエデショー,大田恭充
モウカッテル,田中邦彦
モウコフクソウ,石川幸司
モウショウ,岡浩二
モウフブキ,矢野琢也
モウレツ,内藤好江
モエレコネクター,中村時子
モカ,石川秀守
モカフラワー,星野壽市
モカプウイング,西尾誠一郎
モカラエース,村上憲政
モカラマーズ,村上憲政
モカラルビー,ヒダカ・ブリーダーズ・ユニオン
モキハナ,小林由明
モクソン,木村廣太
モクレレ,金子真人ホールディングス
モサ,岡浩二
モザイク,吉田和美
モジアナフレイバー,尾田信夫
モジダスクルーゼス,二口雅一
モジャータルマエ,ＭＯＪＡ
モジャーリオ,ＭＯＪＡ
モスオーキッド,吉田千津
モスカテル,吉田勝己
モスクロッサー,サンデーレーシング
モスコイ,コスモヴューファーム
モスコビウム,宮田美恵子
モステニーレ,ＯＲＴＥＧＡ
モストロ,小島將之
モストロネーロ,伊藤永二郎
モズアカトンボ,キャピタル・システム
モズアカボス,キャピタル・システム
モズアスカ,キャピタル・システム
モズアスコット,キャピタル・システム
モズアトラクション,キャピタル・システム
モズアンジェラ,キャピタル・システム
モズアンタレス,北側雅司
モズアンドモズ,キャピタル・システム
モズアンビリバボー,キャピタル・システム
モズアーマー,キャピタル・システム
モズアーントモー,キャピタル・システム
モズイージス,ＪＰＮ技研
モズウルル,キャピタル・システム
モズエムブイピー,北側雅司
モズエロイコ,キャピタル・システム
モズオウンゴール,北側雅司
モズオサキニ,北側雅司
モズオラージュ,キャピタル・システム
モズオリンピック,キャピタル・システム
モズオージー,キャピタル・システム
モズオールビー,キャピタル・システム
モズカッチャン,キャピタル・システム
モズカトレア,北側雅司
モズカプリッチョ,キャピタル・システム
モズカンリョウ,キャピタル・システム
モズガネシア,北側雅司
モズキタマサケンジ,キャピタル・システム
モズキラー,キャピタル・システム
モズギャクテン,北側雅司
モズクイーン,キャピタル・システム
モズクマチー,キャピタル・システム
モズクルードラゴン,木村廣太
モズクレオパトラ,キャピタル・システム
モズクロス,キャピタル・システム
モズグランダム,キャピタル・システム
モズグランプリ,キャピタル・システム
モズグレース,キャピタル・システム
モズケイスター,北側雅司
モズコールズ,キャピタル・システム
モズゴールドバレル,キャピタル・システム
モズゴールドメダル,キャピタル・システム
モズサミット,キャピタル・システム
モズシューター,キャピタル・システム
モズジェネラル,キャピタル・システム
モズジャイキリ,キャピタル・システム
モズジャストミート,キャピタル・システム
モズジャックポット,キャピタル・システム
モズスナイパー,キャピタル・システム
モズスーパーフレア,キャピタル・システム
モズセカイイサン,キャピタル・システム
モズセブンキー,キャピタル・システム
モズセンピロ,キャピタル・システム
モズソノママ,キャピタル・システム
モズタイシソウシ,北側雅司
モズタチアガレ,キャピタル・システム
モズタンケ,北側雅司
モズタンジロウ,キャピタル・システム
モズタンポポ,キャピタル・システム
モズダッシュスター,キャピタル・システム
モズダディー,北側雅勝
モズティアラ,キャピタル・システム
モズテイクオフ,キャピタル・システム
モズテキーラ,キャピタル・システム
モズテンクウ,キャピタル・システム
モズディーラー,キャピタル・システム
モズデコレーション,キャピタル・システム
モズトキキ,北側雅司
モズトップガン,キャピタル・システム
モズトリプルエー,キャピタル・システム
モズトレジャー,キャピタル・システム
モズトンボ,キャピタル・システム
モズドラゴンフライ,キャピタル・システム
モズナイスバディー,北側雅司
モズナガレボシ,キャピタル・システム
モズナツノジン,北側雅司
モズナナスター,キャピタル・システム
モズナナツボシ,キャピタル・システム
モズナリマツ,キャピタル・システム
モズニキタイ,キャピタル・システム
モズネイティブ,キャピタル・システム
モズネズコ,キャピタル・システム
モズノシアワセ,北側雅司
モズノセイギ,キャピタル・システム
モズノーブルギフト,キャピタル・システム
モズハタラキモノ,キャピタル・システム
モズハチキン,キャピタル・システム
モズハッピーロード,キャピタル・システム
モズバンディット,キャピタル・システム
モズパシュート,キャピタル・システム
モズピンポン,キャピタル・システム
モズファヴォリート,キャピタル・システム
モズフェアリー,キャピタル・システム
モズフェニックス,キャピタル・システム
モズフォーナイン,キャピタル・システム
モズフラッシュ,キャピタル・システム
モズフラリーマン,キャピタル・システム
モズブリリアント,キャピタル・システム
モズブルーム,キャピタル・システム
モズブーナー,キャピタル・システム
モズプリフォール,キャピタル・システム
モズプリヴェール,北側雅司
モズヘラクレス,キャピタル・システム
モズベイパーコーン,キャピタル・システム
モズベイビー,キャピタル・システム
モズベッロ,キャピタル・システム
モズボーン,キャピタル・システム
モズマサニャン,キャピタル・システム
モズマスターピース,キャピタル・システム
モズマゾク,キャピタル・システム
モズマチニマッター,キャピタル・システム
モズマワシゲリ,キャピタル・システム
モズマンジロウ,キャピタル・システム
モズマーカッシン,キャピタル・システム
モズマーヴェリック,北側雅司
モズミギカタアガリ,キャピタル・システム
モズミコシ,キャピタル・システム
モズミツボシ,キャピタル・システム
モズミヤビ,キャピタル・システム
モズメイメイ,キャピタル・システム
モズメルベイユ,キャピタル・システム
モズユイユイ,キャピタル・システム
モズユウガ,キャピタル・システム
モズライフセーバー,キャピタル・システム
モズラストセール,北側雅司
モズラッキー,キャピタル・システム
モズラテール,キャピタル・システム
モズラブヤン,北側雅司
モズリスペクト,キャピタル・システム
モズリッキー,キャピタル・システム
モズリバーシャトー,キャピタル・システム
モズルル,キャピタル・システム
モズレイラココナ,キャピタル・システム
モズレジーナ,キャピタル・システム
モズレディーモー,キャピタル・システム
モズレンリンレイ,キャピタル・システム
モズロックンロール,北側雅司
モズロータスランド,キャピタル・システム
モズワッショイ,キャピタル・システム
モズヴイ,北側雅司
モダスオペランディ,ゴドルフィン
モダナイズクィーン,小田吉男
モダンテイスト,岡田牧雄
モダンフリンジ,下河辺隆行
モダンレディ,安原浩司
モチベーション,石川秀守
モチモチチャン,大和屋暁
モックモック,山口正行
モッシュピット,Ｇ１レーシング
モッズストーン,吉田和美
モッチリ,ミルファーム
モッツアフィアート,田頭勇貴
モッツノキセキ,本山博之
モッドフレイム,社台レースホース
モツ,山下良子
モティスフォント,サンデーレーシング
モテオ,長塩豊
モテモテ,イクタ
モディカ,吉田和美
モディリアーニ,池谷誠一
モデュロール,シルクレーシング
モデリスタ,高瀬正志
モデルニスモ,社台レースホース
モデルハント,明栄商事
モデレイト,和田牧場
モデレートゲイル,Ｇ１レーシング
モナコブル,千明牧場
モナビジュー,ディアレストクラブ
モナベリー,ディアレストクラブ
モナルヒ,ノースヒルズ
モナークスラッガー,吉岡泰治
モナークスヴァラー,吉田照哉
モナート,コスモヴューファーム
モニュメントキング,キーファーズ
モニーレ,社台レースホース
モネ,ニッシンホールディングス
モネータドーロ,Ｇ１レーシング
モノクロームスター,星加浩一
モノセーラス,辻助
モノディアロゴス,野嶋祥二
モノノケ,岡浩二
モノノフイエロー,ウエスト．フォレスト．ステイブル
モノノフグリーン,ウエスト．フォレスト．ステイブル
モノノフゴールド,ウエスト．フォレスト．ステイブル
モノノフノミチ,ミルファーム
モノノフピンク,ウエスト．フォレスト．ステイブル
モノノフレッド,ウエスト．フォレスト．ステイブル
モノホンプレイヤー,藤田晋
モノポリオ,サンデーレーシング
モノポリーアイズ,吉田照哉
モノポーラ,上野直樹
モハンマディ,雅苑興業
モハー,北山敏隆
モヒート,那須野牧場
モミスケ,助川啓一
モメチョッタ,清水敏
モメン,市川義美ホールディングス
モメンタムシフト,木部竜大
モメントグスタール,ディアレストクラブ
モモイロカタオモイ,松本有啓
モモイロキッス,鈴木邦英
モモイロタンポポ,ディアレストクラブ
モモエチャン,リトルブルーファーム
モモクロオー,山口敦広
モモコ,ニッシンレーシング
モモサン,是枝浩平
モモロイヤル,ニッシンホールディングス
モモンウールー,ＭＯＭＯレーシング
モラトリアム,安藤晋平
モラド,Ｇリビエール・レーシング
モランゴ,名古屋友豊
モラール,広尾レース
モリアーナ,高橋文男
モリインビクタス,ミルファーム
モリエヌス,加藤徹
モリオン,岡田牧雄
モリガン,武田茂男
モリデンアロー,森田芳男
モリデンナイス,森田芳男
モリデンブラック,森田芳男
モリトアリュルヒメ,藤田在子
モリトイナセ,石橋忠之
モリトシュン,吉川朋宏
モリトシラユリ,浜本牧場
モリトユウブ,吉川朋宏
モリトローテローゼ,石橋忠之
モリノアミーゴ,森和久
モリノオーシャン,森和久
モリノカリーナ,森和久
モリノカワセミ,森和久
モリノカンナチャン,森和久
モリノセピア,森和久
モリノドリーム,森和久
モリノハンター,森和久
モリノハーバー,森和久
モリノブレイク,森和久
モリノリオン,森和久
モリノレッドスター,森和久
モリブトバクカジ,ミルファーム
モリヤトツイキ,由井健太郎
モリンガ,中西宏彰
モリーダーリン,タイヘイ牧場
モルゲンゾンネ,犬飼優
モルゲンロート,武田茂男
モルタル,阿部友弘
モルチャン,ＴＮレーシング
モルツシャン,平沼宣秀
モルティフレーバー,キャロットファーム
モルテンコア,ゴドルフィン
モルデュール,京都ホースレーシング
モルトアレグロ,吉田千津
モルトカリーナ,服部英利
モルトグランデ,幅田京子
モルトベーネ,三宅正義
モルトマエストーソ,シルクレーシング
モルトルバート,シルクレーシング
モルトヴェローチェ,ＤＭＭドリームクラブ
モルドレッド,村木隆
モルニケ,Ｇリビエール・レーシング
モルビド,社台レースホース
モルフェオルフェ,並河賢一郎
モルフェブーケ,並河賢一郎
モルフェヴォロンテ,野嶋祥二
モルペウステソーロ,了徳寺健二ホールディングス
モルレー,シルクレーシング
モレキュール,杉山忠国
モレッキ,サンデーレーシング
モレポブラーノ,社台レースホース
モロキニムーン,金子真人ホールディングス
モロノカガヤキ,諸岡勲
モロノグラシアス,諸岡勲
モロノディアマンテ,諸岡勲
モロノラピド,諸岡勲
モロノヴィクトリー,諸岡勲
モワルー,畑佐博
モンアムール,平井裕
モンオール,吉田勝己
モンガイフシュツ,江川伸夫
モンキャドー,グリーンファーム
モンキーポッド,小林善一
モンギンゴー,和田正道
モングラン,ディアレストクラブ
モンゴリアンキング,吉田千津
モンサンアクシア,山下新一
モンサンアマリリス,山下新一
モンサンアミュザン,山下新一
モンサンイルベント,山下新一
モンサンオブライト,山下新一
モンサンケイティ,山下新一
モンサンケコア,山下新一
モンサンゴールデン,山下新一
モンサンジャスミン,山下新一
モンサンスペラーレ,山下新一
モンサンスヴニール,山下新一
モンサンテゾーロ,山下新一
モンサンドール,山下新一
モンサンファスト,山下新一
モンサンフィエール,山下新一
モンサンフリージア,山下新一
モンサンブラーマ,山下新一
モンサンプリーモ,山下新一
モンサンプレシャス,山下新一
モンサンメリッサ,山下新一
モンサンラディウス,山下新一
モンサンラファータ,山下新一
モンサンレジャンド,山下新一
モンサンレックス,山下新一
モンサンヴェロニカ,山下新一
モンサンヴデット,山下新一
モンシェリ,安原浩司
モンシュマン,社台レースホース
モンシュヴァル,三宅勝俊
モンシーク,フォレストレーシング
モンジベロ,手嶋康雄
モンスエ,ノースヒルズ
モンスター,石川達絵
モンスタープリンス,ホースアディクト
モンスターラッシュ,サンデーレーシング
モンステラマオ,宮崎吉二
モンストルシチー,友駿ホースクラブ
モンスマルティス,ゴドルフィン
モンセラット,大野富生
モンセラーテ,高橋ファーム
モンタナアゲート,吉田勝己
モンタナウインド,ゴドルフィン
モンタナサファイア,金子真人ホールディングス
モンタナドライブ,ヒダカ・ブリーダーズ・ユニオン
モンタルチーノ,幅田昌伸
モンタンヴェール,キャロットファーム
モンターニュドネガ,北所直人
モンチ,北所直人
モンツァ,吉田勝己
モンツァフレイバー,尾田信夫
モンテイゾラ,サンデーレーシング
モンテクロシェット,鈴木邦英
モンテグロッソ,ゴドルフィン
モンテコルノ,キャロットファーム
モンテシート,吉田勝己
モンテジュエル,ビッグレッドファーム
モンテスデラルーナ,窪田康志
モンテッソーリ,小原準一郎
モンテディアーナ,毛利元昭
モンテディオ,毛利元昭
モンテナルス,飯田正剛
モンテパステル,毛利元昭
モンテマッジョーレ,ゴドルフィン
モンテマツリ,毛利元昭
モンテモナコ,西村新一郎
モンテラパン,村上憲政
モンテルナ,幅田昌伸
モンテルース,高昭牧場
モンテレオン,サンデーレーシング
モンテローザ,寺田寿男
モンテヴェルデ,寺田千代乃
モンテール,白日光
モンディーン,グリーンファーム
モントゥリエ,水上行雄
モントカイザー,岡田牧雄
モントブレッチア,藤澤眞佐子
モントライゼ,キャロットファーム
モントレージャック,グリーンファーム
モントーヤ,ＫＫレーシング
モンドインテロ,シルクレーシング
モンドエトワール,ノルマンディーサラブレッドレーシング
モンドシュピーゲル,ビッグレッドファーム
モンドデラモーレ,吉田和美
モンドドゥアムール,福盛訓之
モンドヌーヴォー,キャロットファーム
モンドプリューム,落合幸弘
モンネトワ,前田幸貴
モンパスタン,諸江幸祐
モンビスキュイ,キャロットファーム
モンファボリ,サンデーレーシング
モンファロン,杉山忠国
モンブランテソーロ,了徳寺健二ホールディングス
モンブランミノル,増田和啓
モンペリエ,島川隆哉
モンペルデュ,吉田和子
モンラッシェ,ＮＩＣＫＳ
モンレアーレ,ゴドルフィン
モンレーヴ,細谷典幸
モンロワイヤル,西浦和男
モンローウォーク,エムズレーシング
モンローテソーロ,了徳寺健二ホールディングス
モヴシエラ,Ｇリビエール・レーシング
モヴレクス,Ｇリビエール・レーシング
モーガン,林正道
モーグリ,大林一彦
モーゲン,宮田美恵子
モーゲンセン,坂口直大
モーゼス,カナヤマホールディングス
モーソンピーク,シルクレーシング
モータリゼーション,社台レースホース
モーダルジャズ,金子真人ホールディングス
モーティヴフォース,ノースヒルズ
モーデン,ＹＧＧホースクラブ
モートゥス,吉田勝己
モートンアイランド,シルクレーシング
モードザナゲット,竹本いずみ
モードフランス,吉田千津
モーニン,馬場幸夫
モーニングアップ,西村新一郎
モーニングアヤメ,今朝光
モーニングコン,今朝光
モーニングコート,山紫水明
モーニングサン,林正道
モーニングスター,スピードファーム
モーニングダリア,今朝光
モーニングデュー,大樹ファーム
モーニングパス,前原敏行
モーニングビーチ,スピードファーム
モーニングヘイズ,ゴドルフィン
モーニングマジック,ノースヒルズ
モーニングヤマト,今朝光
モーニングレイン,今村明浩
モーニントンライン,今中俊平
モーニンムスメ,大田恭充
モービルテソーロ,了徳寺健二ホールディングス
モーブプリエール,シルクレーシング
モーベット,シルクレーシング
モーメントキャッチ,ＹＧＧホースクラブ
モーモーグリーン,小橋亮太
モーモーゼロ,７９組合
モーモーレッド,小橋亮太
モーモーワン,７９組合
モーリア,吉田千津
モーリシャスアロマ,フォレストレーシング
モーリスシチー,友駿ホースクラブ
モーリスマイナー,フクキタル
モール,ローレルレーシング
モーンストルム,ブルースターズファーム
モーントシャイン,田頭勇貴
モーヴサファイア,吉田和美
モーヴシルベストル,吉田照哉
ヤイロ,ターフ・スポート
ヤウガウ,Ｇリビエール・レーシング
ヤエギリ,ラッキーフィールド
ヤエノアカリ,柳田英子
ヤエノガロ,柳田英子
ヤエノグラフ,増田和啓
ヤエノシャイン,山本弥恵子
ヤエノツバメ,柳田英子
ヤエノヒカリ,柳田英子
ヤエノリバー,山本弥恵子
ヤエノロータス,柳田英子
ヤエベニシダレ,ヒダカ・ブリーダーズ・ユニオン
ヤカンヒコウ,福田光博
ヤギリエピファクン,内田ヤエ子
ヤギリエール,内田ヤエ子
ヤギリオーディン,内田ヤエ子
ヤギリベリル,内田ヤエ子
ヤクシマ,ゴドルフィン
ヤクジョ,ビッグレッドファーム
ヤクモ,ミルファーム
ヤコブセン,坂口直大
ヤサカエトワール,桑田照夫
ヤサカエミュー,志邑宣彦
ヤサカキングチャン,志邑宣彦
ヤサカサラ,志邑宣彦
ヤサカシュエット,志邑宣彦
ヤサカソレイユ,志邑宣彦
ヤサカターラ,志邑宣彦
ヤサカパフィー,志邑宣彦
ヤサカリベルテ,志邑宣彦
ヤサシサ,佐久間拓士
ヤシマ,平口信行
ヤシャジン,内藤好江
ヤシャマル,高橋文男
ヤジロベエバランス,芳賀克也
ヤスエ,由井健太郎
ヤスエフジン,由井健太郎
ヤスケ,中村規
ヤスナ,上山貴永
ヤップヤップヤップ,薗部博之
ヤッホーキリシマ,西村新一郎
ヤッホーペペ,廣崎利洋ＨＤ
ヤナタンピュア,簗田満
ヤヌシサンダー,仲尾正人
ヤノマスティーロ,藤田晋
ヤバネ,吉井理人
ヤヒメ,龍光
ヤブサメ,岡浩二
ヤプシ,ＣＨＥＶＡＬＡＴＴＡＣＨＥ
ヤマイチエスポ,森和久
ヤマイチエルサ,坂本肇
ヤマイチキャプテン,坂本肇
ヤマイチジャスティ,菊地祐司
ヤマイチマチルド,坂本肇
ヤマカツイーグル,山田和夫
ヤマカツエール,山田和夫
ヤマカツオリオン,山田和夫
ヤマカツオードリー,山田和夫
ヤマカツキントーン,山田和夫
ヤマカツグレース,山田博康
ヤマカツサファイヤ,山田博康
ヤマカツシシマル,山田和夫
ヤマカツジーク,山田和夫
ヤマカツダーリン,山田和夫
ヤマカツハニー,山田博康
ヤマカツパトリシア,山田和夫
ヤマカツパルフェ,山田和夫
ヤマカツピーチ,山田和夫
ヤマカツブラック,山田博康
ヤマカツボーイ,山田和夫
ヤマカツマッハ,山田博康
ヤマカツマーメイド,山田和夫
ヤマカツメリッサ,山田和夫
ヤマカツライアン,山田和夫
ヤマカツライコウ,山田和夫
ヤマカツライデン,山田博康
ヤマカツラナウェイ,山田和夫
ヤマカツリン,山田和夫
ヤマカツリーダー,山田和夫
ヤマカツルビー,山田和夫
ヤマカツレオン,山田和夫
ヤマカンドリーミン,山崎太嗣
ヤマタカフェイス,ＳＴレーシング
ヤマタケアオイバラ,山中和子
ヤマタケアンジュ,山中佳代
ヤマタケクララ,山中佳代
ヤマタケゲンジ,山中和子
ヤマタケコーチャン,山中和子
ヤマタケジャイアン,山中和子
ヤマタケトップガン,山中和子
ヤマタケパンチ,山中和子
ヤマタケピースフル,山中和子
ヤマタケフリーダム,山中和子
ヤマタケプレーダ,山中佳代
ヤマタケボニータ,山中和子
ヤマタケボヌール,山中和子
ヤマタケメジャー,山中和子
ヤマタケヴォイス,山中和子
ヤマタケヴォランテ,山中和子
ヤマチョウヴォイス,長谷川彰
ヤマトカチドキ,醍醐徹
ヤマトクオーレ,サン
ヤマトコウセイ,鈴木正浩
ヤマトスイフト,醍醐徹
ヤマトチャージ,サン
ヤマトデュノール,サン
ヤマトフェイス,ＳＴレーシング
ヤマトフェニックス,醍醐徹
ヤマトフォース,サン
ヤマトホマレ,醍醐徹
ヤマトホープシップ,醍醐徹
ヤマトマンタル,サン
ヤマトライトシップ,醍醐徹
ヤマニンアイラ,土井肇
ヤマニンアストロン,土井肇
ヤマニンアドホック,土井肇
ヤマニンアネッリ,土井肇
ヤマニンアマルタス,土井肇
ヤマニンアラクリア,土井薫
ヤマニンアルセド,土井肇
ヤマニンアルテシマ,土井肇
ヤマニンアルマーレ,土井肇
ヤマニンアルリフラ,土井肇
ヤマニンアレシス,土井肇
ヤマニンアンフィル,土井肇
ヤマニンアンプリメ,土井肇
ヤマニンイハナ,土井肇
ヤマニンイリス,土井肇
ヤマニンウルス,土井肇
ヤマニンエイドロン,土井肇
ヤマニンエカ,土井肇
ヤマニンエジェリー,土井肇
ヤマニンエステル,土井肇
ヤマニンエピクーレ,土井肇
ヤマニンエピュレ,土井肇
ヤマニンエボルブ,土井肇
ヤマニンエラマ,土井肇
ヤマニンエルファバ,土井肇
ヤマニンエルフィン,土井肇
ヤマニンエルモサ,土井肇
ヤマニンエンディマ,土井肇
ヤマニンオドラント,土井肇
ヤマニンカホン,土井肇
ヤマニンカンノーリ,土井肇
ヤマニンガラッシア,土井肇
ヤマニンクイッカー,土井肇
ヤマニンクラビーア,土井肇
ヤマニングレナデン,土井肇
ヤマニンゲフィオン,土井肇
ヤマニンココット,土井肇
ヤマニンコルザ,土井肇
ヤマニンサイファー,土井肇
ヤマニンサイフォス,土井肇
ヤマニンサルバム,土井肇
ヤマニンサンパ,土井肇
ヤマニンシャンデル,土井肇
ヤマニンシュラ,土井肇
ヤマニンシルフ,土井肇
ヤマニンシーベリー,土井肇
ヤマニンジャベリン,土井肇
ヤマニンスターダム,土井肇
ヤマニンステラータ,土井肇
ヤマニンスパツィオ,土井肇
ヤマニンスピナー,土井肇
ヤマニンスピーガ,土井肇
ヤマニンスプレモ,土井肇
ヤマニンスマイリー,土井肇
ヤマニンスリジエ,土井肇
ヤマニンスープル,土井肇
ヤマニンゼスト,土井肇
ヤマニンソレアード,土井肇
ヤマニンチェルキ,土井肇
ヤマニンティエラ,土井肇
ヤマニンティンク,土井肇
ヤマニンデンファレ,土井肇
ヤマニントゥルシー,土井肇
ヤマニントナーダ,土井肇
ヤマニントリル,土井肇
ヤマニントレモロ,土井肇
ヤマニンドナティ,土井肇
ヤマニンドラセナ,土井肇
ヤマニンドールアイ,土井肇
ヤマニンバシリーサ,土井肇
ヤマニンバデル,土井肇
ヤマニンバルトロ,土井肇
ヤマニンバロネス,土井肇
ヤマニンバンタジオ,土井肇
ヤマニンパジャッソ,土井肇
ヤマニンパニータ,土井肇
ヤマニンパルフェ,土井肇
ヤマニンパンタジア,土井肇
ヤマニンヒストリア,土井肇
ヤマニンヒラソル,土井肇
ヤマニンビオローネ,土井肇
ヤマニンビロー,土井肇
ヤマニンファシオ,土井肇
ヤマニンファボリ,土井肇
ヤマニンファリダ,土井肇
ヤマニンファロ,土井肇
ヤマニンフィスキオ,土井肇
ヤマニンフィリア,土井肇
ヤマニンフェイエル,土井肇
ヤマニンフェリクス,土井肇
ヤマニンフラクタル,土井肇
ヤマニンフルリール,土井肇
ヤマニンブライトン,土井肇
ヤマニンブルトンヌ,土井肇
ヤマニンブルーベル,土井肇
ヤマニンブレーザー,土井肇
ヤマニンブークリエ,土井肇
ヤマニンプティパ,土井肇
ヤマニンプルニエ,土井肇
ヤマニンプレシオサ,土井肇
ヤマニンヘルシェ,土井肇
ヤマニンベイパー,土井肇
ヤマニンベデュータ,土井薫
ヤマニンベリンダ,土井肇
ヤマニンベルベーヌ,土井肇
ヤマニンペダラーダ,土井肇
ヤマニンボンモマン,土井肇
ヤマニンポラール,土井肇
ヤマニンポルボロン,土井肇
ヤマニンポンペルモ,土井肇
ヤマニンマニューバ,土井肇
ヤマニンマヒア,土井肇
ヤマニンマリンバ,土井肇
ヤマニンマンダリン,土井肇
ヤマニンマンドール,土井肇
ヤマニンミルラ,土井肇
ヤマニンミレニアム,土井肇
ヤマニンムジカ,土井肇
ヤマニンモノポリー,土井肇
ヤマニンモルフォ,土井肇
ヤマニンモンスーン,土井肇
ヤマニンライバリー,土井肇
ヤマニンラッセル,土井薫
ヤマニンラトナ,土井肇
ヤマニンラファーガ,土井肇
ヤマニンラベンサラ,土井肇
ヤマニンラベーラ,土井肇
ヤマニンラリアンス,土井肇
ヤマニンリジッド,土井肇
ヤマニンリュシオル,土井肇
ヤマニンリリアーナ,土井肇
ヤマニンリンキング,土井肇
ヤマニンリーリオ,土井肇
ヤマニンルサリー,土井肇
ヤマニンルネッタ,土井薫
ヤマニンルリュール,土井肇
ヤマニンルーバス,土井肇
ヤマニンループ,土井肇
ヤマニンレジスタ,土井肇
ヤマニンレセディ,土井肇
ヤマノインパクト,澤村敏雄
ヤマノグラップル,澤村敏雄
ヤマノグリッターズ,澤村敏雄
ヤマノコトブキ,澤村敏雄
ヤマノマタカ,澤村敏雄
ヤマノミドリ,泉一郎
ヤマヒビキ,江川伸夫
ヤマビコ,西村新一郎
ヤマビジン,西村新一郎
ヤマブキ,ブルースターズファーム
ヤマメ,越村哲男
ヤマメイッカ,越村哲男
ヤマメキング,越村哲男
ヤマメクィーン,越村哲男
ヤマメナイト,越村哲男
ヤマメホープ,越村哲男
ヤマメライズ,越村哲男
ヤマヤロード,鈴木義孝
ヤマワケ,チャンピオンズファーム
ヤヨイ,瀬谷隆雄
ヤルキゲンキフトシ,伊藤永二郎
ヤルダバオト,佐野信幸
ヤルヤン,ニッシンホールディングス
ヤンキーバローズ,猪熊広次
ヤンキーパンチ,内藤好江
ヤングアメリカンズ,ビリオンスター
ヤングジャガー,ＫＨレーシング
ヤングスカーレット,藤田晋
ヤングソルジャー,藤田晋
ヤングチョウサン,チョウサン
ヤングブラッド,飯田正剛
ヤングマンパワー,星野壽市
ヤングローゼス,藤田晋
ヤングワールド,藤田在子
ヤンチャヒメ,ユアストーリー
ヤンチャプリヒメ,田頭勇貴
ヤンヤノカッサイ,トニー倶楽部
ヤークトボマー,西森鶴
ヤーゴ,門野重雄
ヤースミーン,岡田牧雄
ユアオーダー,ビッグレッドファーム
ユアグローリー,Ｇ１レーシング
ユアザオンリー,藤本直弘
ユアザスター,西村專次
ユアスイスイ,ユアストーリー
ユアソング,三田昌宏
ユアソーラ,ユアストーリー
ユアデスティニー,稲場澄
ユアハピネス,清水牧場
ユアヒストリー,ＭＯＭＯレーシング
ユアフェリシティ,田中義明
ユアフラッシュ,Ｇ１レーシング
ユアベストダンサー,前迫義幸
ユアマイクラッシュ,吉澤ホールディングス
ユアマイスター,ＳＴレーシング
ユアマイホープ,ミルファーム
ユアヴィーナス,宮本昌彦
ユアーザワン,花野友象
ユアーズトゥルーリ,ユアストーリー
ユイ,佐藤理
ユイアングレイス,由比泉子
ユイアンゴロー,由比泉子
ユイアンデービス,由比泉子
ユイアヴェニール,森本研太
ユイガドクソン,林叔瑞
ユイチャンファイト,由井健太郎
ユイットムーラン,村上卓史
ユイノアカゾナエ,由井健太郎
ユイノイチゲキ,由井健太郎
ユイノエスポワール,由井健太郎
ユイノオトコヤマ,由井健太郎
ユイノオトシアナ,由井健太郎
ユイノオールイン,由井健太郎
ユイノオールマイト,由井健太郎
ユイノカタリベ,由井健太郎
ユイノガリクソン,由井健太郎
ユイノキャッツアイ,由井健太郎
ユイノクニマレ,由井健太郎
ユイノグランコード,由井健太郎
ユイノコキュウ,由井健太郎
ユイノコッペパン,由井健太郎
ユイノコドウ,由井健太郎
ユイノコミチ,由井健太郎
ユイノゴトク,由井健太郎
ユイノササヤキ,由井健太郎
ユイノサシガネ,由井健太郎
ユイノサダハル,由井健太郎
ユイノサンバンカン,由井健太郎
ユイノザッパー,田中晴夫
ユイノシノビアシ,由井健太郎
ユイノシビレグスリ,由井健太郎
ユイノシワザ,由井健太郎
ユイノシンドバッド,由井健太郎
ユイノジカンカセギ,由井健太郎
ユイノストレート,由井健太郎
ユイノスレチガイ,由井健太郎
ユイノセンリガン,由井健太郎
ユイノタンキマチ,由井健太郎
ユイノダンディズム,由井健太郎
ユイノチャッキー,由井健太郎
ユイノチョウシンキ,由井健太郎
ユイノチョッパー,由井健太郎
ユイノディスタンス,由井健太郎
ユイノデストラーデ,由井健太郎
ユイノナナフシギ,由井健太郎
ユイノニュータイプ,由井健太郎
ユイノパチョレック,由井健太郎
ユイノピカゴロウ,由井健太郎
ユイノピラウトゥル,由井健太郎
ユイノヘラクレス,由井健太郎
ユイノペニーワイズ,由井健太郎
ユイノマチブセ,由井健太郎
ユイノマホウジン,由井健太郎
ユイノムサシ,由井健太郎
ユイノリオン,由井健太郎
ユイノリュウギ,由井健太郎
ユイノレクター,由井健太郎
ユイノレジスタンス,由井健太郎
ユイハホンキダゼ,由井健太郎
ユイバイハウス,森本研太
ユイパルティ,森本研太
ユイリノベーション,森本研太
ユイロンクラウン,張月勝
ユウアイ,三度屋
ユウアメリカン,アイテツ
ユウェンタース,岡田牧雄
ユウオウマイシン,田頭勇貴
ユウカレント,アイテツ
ユウガ,田中春美
ユウキ,岡田繁幸
ユウキティアラー,雪本秀樹
ユウキヒャクバイ,新熊一生
ユウキビバワンダー,雪本秀樹
ユウキラフェール,雪本秀樹
ユウギリ,兼松康太
ユウグレ,Ｈ．Ｈ．シェイク・ハムダン
ユウグロスファクタ,アイテツ
ユウゲン,林正道
ユウスペシャル,アイテツ
ユウセイフラッシュ,清進電設
ユウチェンジ,アイテツ
ユウチャファスト,長谷川祐司
ユウチャージ,アイテツ
ユウトザアシゲ,中川雄斗
ユウトザイシン,鈴木紋菜
ユウトザイノセント,鈴木紋菜
ユウトザイースト,中川雄斗
ユウトザキンパツ,中川雄斗
ユウトザケンケン,鈴木紋菜
ユウトザドリーム,中川雄斗
ユウトザフェイス,中川雄斗
ユウトザユウト,鈴木紋菜
ユウトザルンルン,中川雄斗
ユウトザレン,鈴木紋菜
ユウナイス,アイテツ
ユウヒノプリンス,坂田行夫
ユウファラオ,アイテツ
ユウファースト,アイテツ
ユウブルボン,アイテツ
ユウホ,玉腰勇吉
ユウメモリー,アイテツ
ユウヤング,澤田孝之
ユウワンダー,アイテツ
ユカリプレリュード,平賀久枝
ユガフ,武田茂男
ユキアカリ,ヒダカ・ブリーダーズ・ユニオン
ユキエチャン,大野剛嗣
ユキカゼ,インゼルレーシング
ユキゲシズク,寳寄山拓樹
ユキゲショウ,豊井義次
ユキサンゴールド,松田幸生
ユキタカオー,橋本忠雄
ユキネエ,杉野公彦
ユキノアイオロス,井上基之
ユキノアンビシャス,井上基之
ユキノエミリオ,井上基之
ユキノエリザベス,井上基之
ユキノエルドール,井上基之
ユキノオウジサマ,藤沼利夫
ユキノクラウン,井上基之
ユキノグラス,半澤次郎
ユキノグレース,井上基之
ユキノグローリー,井上基之
ユキノサイエンス,井上基之
ユキノサンブライト,井上基之
ユキノソックス,重野心平
ユキノディライト,井上基之
ユキノファラオ,井上基之
ユキノフラッシュ,嶋田賢
ユキノフルマチ,竹下佳利
ユキノプリンセス,井上基之
ユキノホワイト,井上基之
ユキノレベッカ,井上基之
ユキノレーヌ,井上基之
ユキノロイヤル,井上基之
ユキノロンシャン,井上基之
ユキノヴェルデ,井上基之
ユキマツリ,ゴドルフィン
ユキマル,高橋文男
ユキヤコンコン,椎名節
ユキヤナギ,山口敦広
ユキワリザクラ,松村真司
ユクサキタ,新保松二
ユスティニアン,岡田牧雄
ユズノキ,ヒダカ・ブリーダーズ・ユニオン
ユタカサン,井山登
ユタライト,シルクレーシング
ユッカラン,大野裕
ユッキーノ,大越徹朗
ユティタム,金子真人ホールディングス
ユナイテッドハーツ,大塚亮一
ユナカイト,シルクレーシング
ユナクイーン,菊地温以
ユナダイヤ,狩野好宗
ユナパール,狩野好宗
ユナホークパワー,源津力
ユナヴィール,林正道
ユニオンジャック,下河邉博
ユニキャラ,岡浩二
ユニコーン,古賀慎一
ユニコーンバンブー,竹下千亜子
ユニコーンライオン,ライオンレースホース
ユニゾン,島川隆哉
ユニティコ,鈴木芳夫
ユニバーサリティ,平本敏夫
ユニバーサルタイム,山上和良
ユニバーサルラヴ,水上ふじ子
ユニバーサルレディ,沖田正憲
ユニベールクイーン,住宅データ
ユニヴェール,古賀禎彦
ユニヴェールアン,ＫＨレーシング
ユニークカラー,ノースヒルズ
ユニークマイア,吉田勝己
ユヌエトワール,社台レースホース
ユヌブリーズ,ビッグレッドファーム
ユネバウォクアロン,ミルファーム
ユノディエール,ロイヤルパーク
ユハンヌス,ゴドルフィン
ユピテルルークス,輝レーシング
ユペール,Ｇ１レーシング
ユマハム,ＴＮレーシング
ユメイッキ,泉一郎
ユメウラナイ,ビッグレッドファーム
ユメカウツツカ,岡浩二
ユメカスミ,リトルブルーファーム
ユメカナウケン,岡浩二
ユメカナウトキ,矢野琢也
ユメコイ,古賀禎彦
ユメシバイ,岡浩二
ユメシルベ,ビッグレッドファーム
ユメノサキ,山田広太郎
ユメノシラベ,諸江幸祐
ユメノハジマリ,ＹＧＧホースクラブ
ユメノマイホーム,ミルファーム
ユメハハテシナク,江口博美
ユメミゴコチ,ノルマンディーサラブレッドレーシング
ユメミルユメコ,ミルファーム
ユメヲカケル,小田切光
ユユシキジタイ,小塩利文
ユラ,宮崎金造
ユラジスティック,Ｇ１レーシング
ユラニュス,永見貴昭
ユラノト,社台レースホース
ユラヒメ,会田浩史
ユリ,ディアレストクラブ
ユリア,中西純穂
ユリアンナ,岡田牧雄
ユリオプスイエロー,ウエスト．フォレスト．ステイブル
ユリシスフライ,岡田牧雄
ユリシスブルー,シルクレーシング
ユリシーズ,中西桂子
ユリヤテソーロ,了徳寺健二ホールディングス
ユリーシャ,竹下佳利
ユレマー,キャロットファーム
ユングヴィ,ＯＲＴＥＧＡ
ユヴァスキュラ,フォレストレーシング
ユーアーフラワー,中村祐子
ユーアーマイソウル,ミルファーム
ユーウェイン,ミルファーム
ユーカリグニー,山本堅治
ユーカリプタス,清進電設
ユーキャンスマイル,金子真人ホールディングス
ユーキャンドゥイッ,吉澤ホールディングス
ユーキャンフライ,堂守貴志
ユークレース,サンデーレーシング
ユーゲットミー,ミルファーム
ユーコバローズ,猪熊広次
ユーコンノオトコ,三宅勝俊
ユーシオ,北浦博樹
ユージェニー,吉田千津
ユージュアーナ,長澤稔
ユースフルネス,ヒダカ・ブリーダーズ・ユニオン
ユースフルラヴ,吉田晴哉
ユーダブルワン,谷掛龍夫
ユーティジャーニー,星野壽市
ユーディアライト,岡田牧雄
ユーディキウム,シルクレーシング
ユーデモニクス,岡田牧雄
ユーバーウィンデン,花野友象
ユーバーファル,畑佐博
ユーバーレーベン,サラブレッドクラブ・ラフィアン
ユーフェイス,ＳＴレーシング
ユーフォニー,前田葉子
ユーベルジーク,ノルマンディーサラブレッドレーシング
ユーベルメンシュ,中西宏彰
ユーベルント,ノルマンディーサラブレッドレーシング
ユーメイドマイデイ,ミルファーム
ユーメイドリーム,大野裕
ユーライクイット,小林由明
ユーライナー,北浦博樹
ユーラシア,馬場幸夫
ユールファーナ,キャロットファーム
ユールメイキット,ノルマンディーサラブレッドレーシング
ユーロックデュード,坂東牧場
ユーロポップ,Ｇ１レーシング
ユーヴェリア,京都ホースレーシング
ヨイタビヲ,小田切有一
ヨウコウ,中村勝彦
ヨウコウザクラ,吉田安惠
ヨウシタンレイ,中内田克二
ヨウタウッドテール,梶正典
ヨウハオソザキ,サミットレーシング
ヨウヘンテンモク,スピードファーム
ヨウリンケイジュ,ＫＨレーシング
ヨウルプッキ,ミルファーム
ヨカオウ,岡浩二
ヨカグラ,社台レースホース
ヨカゼ,矢野秀春
ヨカヨカ,岡浩二
ヨキニハカラエ,キャピタル・システム
ヨクエロマンボ,平井裕
ヨコスカダンディー,高木競走馬育成牧場
ヨコハマダンディー,高木競走馬育成牧場
ヨサリ,石川裕基
ヨシイチ,玉腰勇吉
ヨシウッドテール,ウッドテール
ヨシオ,加藤志明
ヨシオドライヴ,井村誉志雄
ヨシタカ,増田和啓
ヨシノアカツキ,清水義徳
ヨシノイクスプレス,清水義徳
ヨシノイースター,清水義徳
ヨシノエスポワール,清水義徳
ヨシノエトワール,清水義徳
ヨシノクラウン,清水義徳
ヨシノサプライズ,清水義徳
ヨシノサンキュー,清水義徳
ヨシノパナギア,清水義徳
ヨシノフラワー,清水義徳
ヨシノミッチー,茂木国久
ヨシノヤッタルデー,清水義徳
ヨシノレジェンド,清水義徳
ヨシヒコ,菊地祐司
ヨシヒロ,Ｍｒ．ホース
ヨシミツ,中辻明
ヨゾラノムコウニ,千葉正人
ヨタロー,手嶋康雄
ヨチヨチモンスター,ＯＵＭＡ
ヨッコサン,村田哲朗
ヨッシャー,岡浩二
ヨッシーステージ,吉岡隆
ヨッシーフェイス,ＳＴレーシング
ヨッシーフレアー,吉岡隆
ヨッシーリオ,吉岡隆
ヨッシーレイ,吉岡隆
ヨツバノクローバー,八巻弘一
ヨツヤカイダン,由井健太郎
ヨドギミ,清水義徳
ヨドノウイング,海原聖一
ヨドノエース,海原聖一
ヨドノエール,海原聖一
ヨドノオーシャン,海原聖一
ヨドノクラウン,海原聖一
ヨドノグローリ,海原聖一
ヨドノゴールド,海原聖一
ヨドノサファイア,海原聖一
ヨドノスカーレッド,海原聖一
ヨドノストロング,海原聖一
ヨドノストーリー,海原聖一
ヨドノタイヨウ,海原聖一
ヨドノティアラ,海原聖一
ヨドノドリーム,海原聖一
ヨドノヒロイン,海原聖一
ヨドノビクトリー,海原聖一
ヨドノフローラ,海原聖一
ヨドノプルメリア,海原聖一
ヨドノプレミアム,海原聖一
ヨドノマックス,海原聖一
ヨドノミラクル,海原聖一
ヨドノリリー,海原聖一
ヨドノルミナス,海原聖一
ヨドノルーキー,海原聖一
ヨドノローズ,海原聖一
ヨドノワールド,海原聖一
ヨネンサンクミ,藤本彰
ヨハネスボーイ,森永正志
ヨハマンゾクジャ,キャピタル・システム
ヨハン,サイプレスホールディングス
ヨヒーン,藤田晋
ヨモギ,岡本真二
ヨリキリ,宮田直也
ヨリクンハート,辻子依旦
ヨリクンロード,辻子依旦
ヨリナエスポワール,辻子依旦
ヨリナスウィート,辻子依旦
ヨリナホワイト,辻子依旦
ヨリナメンテ,辻子依旦
ヨリノサクラ,辻子依旦
ヨリノサファイヤ,辻子依旦
ヨリノサルティア,辻子依旦
ヨリノレジェンド,辻子依旦
ヨリマル,辻子依旦
ヨルノトバリ,内田玄祥
ヨルハ,田原邦男
ヨルヴィック,吉田勝己
ヨロ,ミルファーム
ヨロシオスナ,岡浩二
ヨンウォニ,ミルファーム
ヨンク,古川智洋
ヨンセンハッセン,由井健太郎
ヨンダイメ,中西功
ヨーカイディスコ,レッドマジック
ヨークテソーロ,了徳寺健二ホールディングス
ヨーグルトナン,高昭牧場
ヨーコマイラヴ,サミットレーシング
ヨーゼフ,小濱忠一
ヨーデル,小松達昌
ヨーホーレイク,金子真人ホールディングス
ヨール,藤田在子
ライアン,島川隆哉
ライアンバローズ,猪熊広次
ライオットガール,ヒダカファーム
ライオットビート,中村祐子
ライオネルカズマ,雅苑興業
ライオンボス,和田牧場
ライカ,山岸桂市
ライカチャーム,和泉憲一
ライクアウィスパー,グリーンスウォード
ライクアジャーニー,大塚亮一
ライクアジュエリー,青芝商事
ライクアストリーク,ノルマンディーサラブレッドレーシング
ライクアパール,畑佐博
ライクアフラワー,大倉佑介
ライクアムービー,山口敦広
ライクアロケット,島田久
ライクシュガー,稲場澄
ライクトゥシャイン,グリーンファーム
ライクファーザー,子安裕樹ＲＣ
ライクマジック,下河辺隆行
ライクリーブルーム,藤田好紀
ライコウノキセキ,玉腰勇吉
ライコウノヒカリ,玉腰勇吉
ライゴッド,明栄商事
ライサンダー,谷水雄三
ライジン,ＬＥＶＥＬーＫ
ライジングアロー,キャロットファーム
ライジングシャイン,佐々木基
ライジングショット,堂守貴志
ライジングドラゴン,鈴木義孝
ライジングハース,大野和馬
ライジングペガサス,竹下千亜子
ライジングホープ,キャロットファーム
ライジングラパス,那須野牧場
ライジングリーズン,岡田牧雄
ライジンシチー,友駿ホースクラブ
ライジンマル,カカムーチョレーシング
ライストン,林正道
ライスネイチャ,山田信太郎
ライスベリー,金子真人ホールディングス
ライズ,中辻明
ライズインビルド,ＶｉｒｉｄｉａｎＫｅｉｂａＣｌｕｂ
ライズオブザサン,吉澤ホールディングス
ライズガール,辻子依旦
ライズザトーチ,藤田在子
ライズタイガ,矢野琢也
ライズトゥザトップ,石瀬浩三
ライズンシャイン,下河辺牧場
ライセンストゥキル,田記正規
ライゼシュトゥルム,社台レースホース
ライダーストーム,水谷美穂
ライチェフェイス,佐々木勉
ライチトゥーム,谷岡牧場
ライツェントライゼ,サラブレッドクラブ・ラフィアン
ライツオブキングス,社台レースホース
ライツフォル,サンデーレーシング
ライツユーアップ,ノルマンディーサラブレッドレーシング
ライティア,キャロットファーム
ライディングハイ,下河辺牧場
ライディーン,ビッグレッドファーム
ライデン,ケンレーシング組合
ライデンシャフト,田頭勇貴
ライデンバローズ,猪熊広次
ライトアズフェザー,ディアレストクラブ
ライトアップゼア,岡田牧雄
ライトアファイア,ゴドルフィン
ライトウェイ,畑佐博
ライトウォーリア,キャロットファーム
ライトオブジアース,社台レースホース
ライトオブヌカタ,辻子依旦
ライトオブピース,前田晋二
ライトオブワールド,松岡隆雄
ライトオンキュー,ゴドルフィン
ライトカラカゼ,星野壽市
ライトクオンタム,社台レースホース
ライトサイド,吉田照哉
ライトシャワー,村山光弘
ライトスタッフ,中村伊三美
ライトストリーム,ロードホースクラブ
ライトスピード,矢野秀春
ライトトラック,平田修
ライトニングゼウス,谷岡毅
ライトニングホーク,社台レースホース
ライトニングラン,岡村善行
ライトニングレイ,ローレルレーシング
ライトニングロッド,ゴドルフィン
ライトハウス,清川信弘
ライトバック,増田和啓
ライトパーティクル,田所英子
ライトピラー,平井裕
ライトフェアリー,和田吉弘
ライトフライヤー,ターフ・スポート
ライトブラーヴ,ミルファーム
ライトブリンガー,日進牧場
ライトブルースカイ,高橋明裕
ライトマイファイア,三田昌宏
ライトマン,吉澤ホールディングス
ライトモティーフ,水上行雄
ライトライズライト,吉澤ホールディングス
ライトヴェロシティ,キャロットファーム
ライド,ヒダカ・ブリーダーズ・ユニオン
ライドアクロス,飯田総一郎
ライドオンウインド,名古屋友豊
ライドオンタイム,高嶋祐子
ライドディケイド,小島吉彦
ライナス,橋元勇氣
ライネスヘルツ,吉田照哉
ライネリーベ,ＤＭＭドリームクラブ
ライノ,吉田和美
ライバーバード,馬場幸夫
ライパチ,阿部東亜子
ライヒスアドラー,Ｇ１レーシング
ライフアンドソウル,ヒダカ・ブリーダーズ・ユニオン
ライフイズ,石川秀守
ライフイズアゲイム,ゴドルフィン
ライフイズアート,石川秀守
ライフイズカラフル,ディープジャパン
ライフイズクール,西森功
ライフオブラクーン,新熊一生
ライフオブリバイブ,中辻明
ライフク,フィールドレーシング
ライフゲート,斉藤三寛
ライフゴーズオン,ミルファーム
ライフサイエンス,ゴドルフィン
ライフセービング,吉田照哉
ライフレッスンズ,金子真人ホールディングス
ライブインステラ,吉田千津
ライブリアンジェラ,加藤哲郎
ライブリインパクト,加藤哲郎
ライブリエクレール,加藤哲郎
ライブリキングダム,加藤哲郎
ライブリシュナイト,加藤哲郎
ライブリシュネル,加藤哲郎
ライブリスマイル,加藤哲郎
ライブリテックス,加藤哲郎
ライブリピュア,加藤哲郎
ライブリブランコ,加藤哲郎
ライブリボイル,加藤哲郎
ライブリーキング,加藤哲郎
ライブリーハピネス,加藤哲郎
ライブリーホーム,加藤哲郎
ライブリームーラン,山科統
ライペニング,大冨智弘
ライム,山本堅治
ライムストリート,大河裕之
ライムワード,水上ふじ子
ライムンダ,椎名節
ライメイウィザード,渋谷健作
ライラ,ノルマンディーサラブレッドレーシング
ライラスター,キャロットファーム
ライラック,芹澤精一
ライラックカラー,山本英俊
ライラックジェンヌ,吉田智
ライラックスマイル,ローレルレーシング
ライラックダンサー,前迫義幸
ライラックデューン,三宅勝俊
ライラックワイン,サンデーレーシング
ライラテソーロ,了徳寺健二ホールディングス
ライラボンド,ＹＧＧホースクラブ
ライリッズ,キャロットファーム
ライリー,古賀和夫
ライリーミノル,吉岡實
ライル,サンデーレーシング
ライルアケカイ,土井久美子
ライレローズ,キャロットファーム
ライワルツ,森田藤治
ラインアストリア,大澤繁昌
ラインアポロン,大澤繁昌
ラインアルテア,大澤繁昌
ラインアルテミス,大澤繁昌
ラインアルファ,大澤繁昌
ラインアンジェラ,大澤繁昌
ラインエミネント,大澤繁昌
ラインエレガント,大澤繁昌
ラインエンジェル,大澤繁昌
ラインオブソウル,吉澤ホールディングス
ラインオブダンス,Ｇ１レーシング
ラインオブフェイト,ＹＧＧホースクラブ
ラインオンザトップ,大澤繁昌
ラインカシウス,大澤繁昌
ラインカリーナ,大澤繁昌
ラインガウディ,大澤繁昌
ラインガルーダ,大澤繁昌
ラインキャスト,大澤繁昌
ラインキャロット,大澤繁昌
ラインキャンドル,大澤繁昌
ラインギャラント,大澤繁昌
ラインクインビー,大澤繁昌
ライングッドマン,大澤繁昌
ライングラウス,大澤繁昌
ライングローリー,大澤繁昌
ラインコマンダー,大澤繁昌
ラインサラマンダー,大澤繁昌
ラインシャーロット,大澤繁昌
ラインシュトラール,大澤繁昌
ラインシュナイダー,大澤繁昌
ラインシュプール,大澤繁昌
ラインジェット,大澤繁昌
ラインジュピター,大澤繁昌
ラインジーク,大澤繁昌
ラインストライカー,大澤繁昌
ラインストリーム,大澤繁昌
ラインスピリット,大澤繁昌
ラインスプラッシュ,大澤繁昌
ラインディーバ,大澤繁昌
ライントリガー,大澤繁昌
ラインハイト,キャロットファーム
ラインハーベスト,大澤繁昌
ラインパシオン,大澤繁昌
ラインパシュート,大澤繁昌
ラインパトリア,大澤繁昌
ラインピクシー,大澤繁昌
ラインフォルテ,大澤繁昌
ラインプリンス,大澤繁昌
ラインプレジャー,大澤繁昌
ラインベック,金子真人ホールディングス
ラインポラリス,大澤繁昌
ラインポーチュラカ,大澤繁昌
ラインマッシモ,大澤繁昌
ラインマン,鹽田久義
ラインマーチン,大澤繁昌
ラインメジャー,大澤繁昌
ラインメッセージ,大澤繁昌
ラインメテオラ,大澤繁昌
ラインラペーシュ,大澤繁昌
ラインリブラ,大澤繁昌
ラインリンクス,大澤繁昌
ラインレインボー,大澤繁昌
ライヴァル,マークス
ライヴアクアマリン,澤田孝之
ライヴアメシスト,澤田孝之
ライヴアメデオ,澤田孝之
ライヴガーネット,澤田孝之
ライヴキャンディー,澤田孝之
ライヴギムレット,澤田孝之
ライヴクラッカー,澤田孝之
ライヴクリーク,澤田孝之
ライヴケチャップ,澤田孝之
ライヴサファイア,澤田孝之
ライヴシュガー,澤田孝之
ライヴジントニック,澤田孝之
ライヴスプーン,澤田孝之
ライヴソルト,澤田孝之
ライヴトパーズ,澤田孝之
ライヴドライバー,澤田孝之
ライヴバフィ,澤田孝之
ライヴバーボン,澤田孝之
ライヴパトラッシュ,澤田孝之
ライヴビスケット,澤田孝之
ライヴビネガー,澤田孝之
ライヴペッパー,澤田孝之
ライヴマスタード,澤田孝之
ライヴマティーニ,澤田孝之
ライヴマルガリータ,澤田孝之
ライヴモヒート,澤田孝之
ライヴヨーゼフ,澤田孝之
ライヴラスカル,澤田孝之
ライヴリー,吉田千津
ライヴレッドアイ,澤田孝之
ライヴロッキー,澤田孝之
ライヴワッフル,澤田孝之
ライーナシェリー,ウエスト．フォレスト．ステイブル
ライーリーアース,島川隆哉
ラウズアップ,田頭勇貴
ラウターユーベル,ノルマンディーサラブレッドレーシング
ラウダシオン,シルクレーシング
ラウダブル,Ｇ１レーシング
ラウダーテ,サラブレッドクラブ・ラフィアン
ラウディ,京都ホースレーシング
ラウドアンドクリア,ゴドルフィン
ラウドスピリッツ,Ｇ１レーシング
ラウドワルド,宮田大三
ラウニウ,安原浩司
ラウムシュトラール,池田草龍
ラウラーナ,ディアレスト
ラウルピドゥ,社台レースホース
ラウルベア,社台レースホース
ラウレア,ニッシンホールディングス
ラウレッタ,社台レースホース
ラウレリン,ダイリン
ラウロスカイ,迎徹
ラウンシー,ゴドルフィン
ラウンドヒル,小原準一郎
ラウンドレイ,水上行雄
ラエトゥス,スリーエイチレーシング
ラエール,酒井孝敏
ラオラシオン,ＤＭＭドリームクラブ
ラカマロネス,一村哲也
ラカルマ,日進牧場
ラカン,本田恒雄
ラカンパネラ,高嶋祐子
ラカーリア,奥裕嗣
ラガッツァアレグラ,島井新一郎
ラガッツァケコーレ,島井新一郎
ラガマフィンガール,マブレーシング
ラガリーガ,キャロットファーム
ラガーイチバン,奥村啓二
ラガークイン,奥村訓彦
ラガーダブルエイト,奥村訓彦
ラガートゥインクル,奥村啓二
ラガートゥルーラブ,奥村啓二
ラガーナギクイーン,奥村啓二
ラガービックワン,奥村啓二
ラガーフッカー,奥村啓二
ラガープリンセス,奥村啓二
ラガープレミアム,奥村啓二
ラガーモナーク,奥村啓二
ラガーユミリン,奥村啓二
ラガーワンチーム,奥村啓二
ラガーヴィーヴ,奥村啓二
ラキ,ニッシンホールディングス
ラキアレクサンダー,フィールドレーシング
ラキアーヴェ,シルクレーシング
ラキウラ,錦岡牧場
ラキエストバイオ,バイオ
ラキエスヴィブロ,西浦和男
ラキエータ,シルクレーシング
ラキッシュ,ターフ・スポート
ラキャラントシス,山王飯店
ラギッド,落合幸弘
ラクササ,野嶋祥二
ラクサパーナ,キャロットファーム
ラクシオンデクラ,Ｇ１レーシング
ラクスガウディ,ゴドルフィン
ラクスノカミカザリ,三宅勝俊
ラクスバラディー,キャロットファーム
ラクホマレ,幅田昌伸
ラクレット,近藤英二
ラクロワゼット,梶本尚嗣
ラクローチェ,畑佐博
ラクンパルシータ,キャロットファーム
ラグアイリータ,ビッグレッドファーム
ラグジュアリーデイ,前原敏行
ラグドール,ビッグレッドファーム
ラグナキリア,社台レースホース
ラグナグ,吉田照哉
ラグナトーレ,ヒダカ・ブリーダーズ・ユニオン
ラグビーボーイ,齋藤秀昭
ラグラスドシエル,ＫＡＪＩＭＯＴＯホールディングス
ラグランジア,岡田牧雄
ラグランデテソーロ,了徳寺健二ホールディングス
ラグリマスネグラス,多田信尊
ラグリマスマリア,ターフ・スポート
ラグローリア,ライオンレースホース
ラケダイモーン,金子真人ホールディングス
ラケマーダ,ゴドルフィン
ラコルネータ,ロードホースクラブ
ラコンコルド,栗山学
ラコンタール,金子真人ホールディングス
ラコンチャ,奥裕嗣
ラコンチャビエン,モンレーヴ
ラゴンダカフェ,西川光一
ラサーサ,吉田勝己
ラザビー,京都ホースレーシング
ラザフォード,潘蘇通
ラシェンテ,ロイヤルパーク
ラシェーラ,京都ホースレーシング
ラシカルガイブ,ビッグレッドファーム
ラシックアンレーヴ,西森功
ラシッド,島川隆哉
ラシャトレーン,加藤徹
ラシャンススウリ,土井久美子
ラシューバ,山崎太嗣
ラショナルポイント,池谷誠一
ラジアントエンティ,小林祥晃
ラジェドール,根岸朋弘
ラジェルブ,ビッグレッドファーム
ラジエル,シルクレーシング
ラジエーション,ターフ・スポート
ラジオタイソウ,冨士井直哉
ラジカル,島川隆哉
ラジカルデザイン,吉田照哉
ラジゼル,安原浩司
ラジャアンパット,吉田勝己
ラジャブルック,キャロットファーム
ラジュンジェレ,錦岡牧場
ラジョーネ,カナヤマホールディングス
ラスエモーショネス,野嶋祥二
ラスエル,野嶋祥二
ラスカルキッド,加藤誠
ラスカンブレス,吉田勝己
ラスク,土田重実
ラスジャン,鈴木康弘
ラスタ,ニッシンホールディングス
ラスタリア,ノルマンディーサラブレッドレーシング
ラスターサンライズ,松岡隆雄
ラスターブラスター,薗部博之
ラスターヴァース,ＹＧＧホースクラブ
ラスダシャン,桑畑隆信
ラスティネイル,田頭勇貴
ラスティユース,小林竜太郎
ラスティンガール,齋藤秀昭
ラスティングスノー,矢野秀春
ラスティングボンド,ロードホースクラブ
ラスティングライ,松谷翔太
ラスティングラヴ,水上ふじ子
ラスティンボーイ,齋藤秀昭
ラステラデファルコ,武田修
ラストアプローズ,ノルマンディーサラブレッドレーシング
ラストエクセル,ニッシンホールディングス
ラストクリスマス,サラブレッドクラブ・ラフィアン
ラストクリーガー,辻高史
ラストクローザー,加藤義久
ラストグリン,山本茂
ラストコジーン,矢野雅子
ラストサマー,キヨタケ牧場
ラストサムライ,玉腰勇吉
ラストシャイニー,中村伊三美
ラストシャトル,江川伸夫
ラストシャリナ,犬飼優
ラストショット,ＹＧＧホースクラブ
ラストシーン,岡浩二
ラストストーリー,新井衛
ラストスピリッツ,伊藤良兵
ラストスマイル,橋本忠雄
ラストダンス,福島徳佑
ラストチケット,吉澤ホールディングス
ラストデール,ハクツ牧場
ラストトレビアン,嶋田賢
ラストドラフト,社台レースホース
ラストヌードル,増田和啓
ラストバリオン,中辻明
ラストヒロイン,ザ・チャンピオンズ
ラストファンタジー,ロードホースクラブ
ラストフィールド,服部新平
ラストフロンティア,ビッグレッドファーム
ラストブラッサム,中村祐子
ラストプライドワン,嶋田賢
ラストプリマドンナ,シルクレーシング
ラストプリンセス,坂本守孝
ラストヘビー,平本敏夫
ラストボーン,阿部榮乃進
ラストマン,堂守貴志
ラストマンボ,グランド牧場
ラストミステリー,スピードファーム
ラストモーメント,フジワラ・ファーム
ラストヨンマル,芳賀克也
ラストライト,那須野牧場
ラストラフ,ニッシンホールディングス
ラストリンクス,池袋レーシング
ラストリージョ,ブルースターズファーム
ラストレガシー,ＤＭＭドリームクラブ
ラストレムナント,鈴木淳人
ラスハンメル,キャロットファーム
ラスパルマス,下河邉博
ラスブリサス,多田賢司
ラスベガスサイン,ロードホースクラブ
ラスベガステソーロ,了徳寺健二ホールディングス
ラスベガスホワイト,ビッグレッドファーム
ラスボス,ＣＨＥＶＡＬＡＴＴＡＣＨＥ
ラスマドレス,キャロットファーム
ラスヴェート,ノースヒルズ
ラスール,シルクレーシング
ラズベリードリーム,ヒダカ・ブリーダーズ・ユニオン
ラズベリームース,保坂和孝
ラズベリーラバー,石川秀守
ラズライト,スリースターズレーシング
ラズライトサナ,ホースアディクト
ラズライトノヴァ,サンデーレーシング
ラズルダズル,サンデーレーシング
ラセット,桂土地
ラセーヌシュメール,社台レースホース
ラソワドール,シルクレーシング
ラタウィ,岡田隆寛
ラタフォレスト,林正道
ラタンドレス,ノルマンディーサラブレッドレーシング
ラダック,畑佐博
ラッキーアドバンス,柳内正基
ラッキーアメリカン,ゴドルフィン
ラッキーアモン,平岡茂樹
ラッキーカムカム,佐藤範夫
ラッキーガブリエル,ターフ・スポート
ラッキーキッド,ゴドルフィン
ラッキーキャット,ロイヤルパーク
ラッキークラウン,張月勝
ラッキークローバー,ＨｉｍＲｏｃｋＲａｃｉｎｇホールディングス
ラッキーグラン,林千枝子
ラッキーコイン,吉田千津
ラッキーザクラ,岡田勇
ラッキーシグネチャ,張月勝
ラッキースウィッチ,張月勝
ラッキーストーリー,ＹＧＧホースクラブ
ラッキーストーン,張月勝
ラッキースパークル,サンデーレーシング
ラッキーゾーン,小田切有一
ラッキータカチャン,奥田貴敏
ラッキータリスマン,岡田牧雄
ラッキーダイヤ,渡邊英俊
ラッキーダンス,平川三津
ラッキーチャンス,堀口晴男
ラッキートゥユー,瀧本和義
ラッキードラゴン,駒秀
ラッキードリーム,林正夫
ラッキーバック,吉田和美
ラッキーバローズ,猪熊広次
ラッキーパラダイス,孫頌欣
ラッキービープラン,薗部博之
ラッキーファインド,福田光博
ラッキーフルーク,サラブレッドクラブ・ラフィアン
ラッキーフレイム,松谷翔太
ラッキーベイ,谷掛龍夫
ラッキーベルン,四本昭弘
ラッキーホームラン,竹原孝昭
ラッキーボーイ,平本敏夫
ラッキーマリリン,宮内牧場
ラッキーマーチ,長谷川千代子
ラッキーミーティア,ＹＧＧホースクラブ
ラッキーモア,張月勝
ラッキーモー,シルクレーシング
ラッキーヤース,山崎泰博
ラッキーライラック,サンデーレーシング
ラッキーラグーン,張月勝
ラッキーラン,サイプレスホールディングス
ラッキーロジータ,芹澤精一
ラッキーヴォーグ,ロイヤルパーク
ラックスアットゼア,田記正規
ラッシュアウト,岡田牧雄
ラッシュアタック,キャロットファーム
ラッシュアップ,社台レースホース
ラッシュグリーン,名古屋友豊
ラッシュハート,小林哲之
ラッシュバンガード,柳内光子
ラッシュワン,小林茂子
ラッシュワールド,小林哲之
ラッジオ,Ｇ１レーシング
ラッジョディソーレ,畑佐博
ラッセルリー,田島政光
ラットバラット,ディアレストクラブ
ラッパラッパー,西森功
ラッパースヴィル,吉田和美
ラッピングカラーズ,コスモヴューファーム
ラッピングボックス,ウエスト．フォレスト．ステイブル
ラッフルズドリーム,サンデーレーシング
ラッフルズプレース,保坂和孝
ラップスター,藤田晋
ラップトップ,槙和美
ラップリーダー,吉田照哉
ラティカ,吉田照哉
ラティチュード,Ｇ１レーシング
ラティツィア,ノースヒルズ
ラティノス,小泉修
ラティーンセイル,キャロットファーム
ラテュロス,社台レースホース
ラテライト,Ｇ１レーシング
ラテラリス,石井輝昭
ラテラルアーク,石山嘉七
ラテラルシンキング,社台レースホース
ラテラルパーム,社台レースホース
ラテリシウス,サンデーレーシング
ラテルネラ,一村哲也
ラテール,島川隆哉
ラテールプロミーズ,ディアレストクラブ
ラデアベンダータ,社台レースホース
ラディアンスウェイ,今中俊平
ラディアント,Ｂａｓｉｃ
ラディアントスター,保坂和孝
ラディアントパレス,サンデーレーシング
ラディアントホース,サラブレッドクラブ・ラフィアン
ラディッシュダンス,前谷武志
ラディーチェ,犬塚悠治郎
ラディーヴァ,小林竜太郎
ラデツキー,中辻明
ラトゥールレディー,田畑利彦
ラトラディシオン,フィールドレーシング
ラトラース,シルクレーシング
ラトルシェ,飯田正剛
ラトルメンタ,ビリオンスター
ラトレイア,キャロットファーム
ラトレラ,京都ホースレーシング
ラドミュージシャン,安原浩司
ラドルクス,水上行雄
ラドロテア,Ｇ１レーシング
ラナイ,ニッシンホールディングス
ラナウェリナ,ディアレストクラブ
ラナキラ,ノースヒルズ
ラナチャンス,ウエスト．フォレスト．ステイブル
ラナヴェット,ノルマンディーサラブレッドレーシング
ラニカイ,ノースヒルズ
ラニカイサンデー,横瀬兼二
ラニカイシチー,友駿ホースクラブ
ラニカイブルー,サンデーレーシング
ラニュイエトワール,吉田勝己
ラニーグッド,伊藤良兵
ラニーノーズ,伊藤良兵
ラノカウ,畑佐博
ラハイナヌーン,ノルマンディーサラブレッドレーシング
ラハトケレブ,永田和彦
ラバストーン,田頭勇貴
ラバタンシン,社台レースホース
ラバーズケープ,キャロットファーム
ラバーブ,吉田勝己
ラパウィラ,八巻弘一
ラパルマ,Ｇ１レーシング
ラパン,首藤徳
ラパンセソバージュ,諸岡慶
ラパンチュール,広尾レース
ラパンドネージュ,藤田孟司
ラパンドール,窪田芳郎
ラパンラピッド,シルクレーシング
ラパンリュネール,シルクレーシング
ラパールデザンジュ,吉田勝己
ラビアンムーン,嶋田賢
ラビオンアスール,アスール
ラビットアイ,ライオンレースホース
ラビットヘアー,ノースヒルズ
ラビットライト,高橋文男
ラビットラン,吉田和子
ラビュリントス,キャロットファーム
ラビリンス,佐々木雄二
ラビングシーン,ヒダカ・ブリーダーズ・ユニオン
ラピカズマ,雅苑興業
ラピス,寺田寿男
ラピスデラビオス,名古屋友豊
ラピスパイライト,田頭勇貴
ラピスラズリライト,巴山尊文
ラピタ,社台レースホース
ラピダニーニャ,一村哲也
ラピダリア,水上行雄
ラピッドクイーン,福盛訓之
ラピッドグロウス,社台レースホース
ラピッドシップ,飯田正剛
ラピッドストリーム,レッドマジック
ラピッドテソーロ,了徳寺健二ホールディングス
ラピッドベル,大樹ファーム
ラピドゥス,ターフ・スポート
ラピラータ,谷川牧場
ラピルスイメル,ケーエスＨＤ
ラファエラエンゼル,飯田総一郎
ラファエル,ゴドルフィン
ラファエーレ,岩崎僖澄
ラファガフレイバー,尾田信夫
ラファドゥラ,丸山担
ラファミリア,藤田晋
ラファル,カナヤマホールディングス
ラファヴォリット,多田信尊
ラファーガ,岡田壮史
ラファームソルティ,荻伏服部牧場
ラファールドール,社台レースホース
ラフィティ,中辻明
ラフィヌモン,小川眞査雄
ラフィネクリール,ノースヒルズ
ラフィンクロンヌ,伊達敏明
ラフィングマッチ,ノースヒルズ
ラフィーニ,ディアレストクラブ
ラフェリシテ,サンデーレーシング
ラフエイジアン,尾崎恒男
ラフォン,長谷川祐司
ラフォンターナ,ノルマンディーサラブレッドレーシング
ラフォンテーヌ,ターフ・スポート
ラフカットジュエル,西森功
ラフカディオ,ノルマンディーサラブレッドレーシング
ラフシー,ゴドルフィン
ラフストリーム,牧埜幸一
ラフターラインズ,サンデーレーシング
ラフダイヤモンド,ノースヒルズ
ラフト,荒井泰樹
ラフマニノフ,馬場幸夫
ラフリッグフェル,社台レースホース
ラフルオリータ,ライオンレースホース
ラフレシアレディ,吉田昭一
ラフレードピエル,ＫＡＪＩＭＯＴＯホールディングス
ラフロレゾン,ノースヒルズ
ラブアイミー,増田陽一
ラブアドベンチャー,ノースヒルズ
ラブアンドラッキー,三石川上牧場
ラブアンバサダー,キーファーズ
ラブイスキア,吉田和美
ラブイズテーラー,中西浩一
ラブイズブラインド,ヒダカ・ブリーダーズ・ユニオン
ラブインアクション,前田幸貴
ラブインブルーム,大樹ファーム
ラブウェイ,増田陽一
ラブエスポー,増田陽一
ラブエターナル,オールラブクラブ
ラブエテルノ,西森鶴
ラブオナヴィータ,由井健太郎
ラブオブマイライフ,吉田千津
ラブオーソ,増田陽一
ラブカ,古賀慎一
ラブカニュー,増田陽一
ラブカヒルー,増田陽一
ラブカプチーノ,増田陽一
ラブカマクフィー,増田陽一
ラブカムーン,増田陽一
ラブカレン,増田陽一
ラブカワールド,増田陽一
ラブカンプー,増田陽一
ラブキーセキ,増田陽一
ラブグラー,増田陽一
ラブコ,ニッシンホールディングス
ラブコメディ,田邉滋久
ラブサンキュー,増田陽一
ラブシックボッサ,グリーンファーム
ラブショック,オールラブクラブ
ラブショータイム,木稲安則
ラブシンフォニー,土山勝史
ラブストーリー,安原浩司
ラブスノー,増田陽一
ラブスピール,増田陽一
ラブスレンダー,増田陽一
ラブソル,インゼルレーシング
ラブソング,ミルファーム
ラブターボ,田頭勇貴
ラブティー,増田陽一
ラブディーヴァ,ヒダカ・ブリーダーズ・ユニオン
ラブデウザ,オールラブクラブ
ラブトゥエニイワン,岩切企画
ラブバラード,スピードファーム
ラブバルドー,増田陽一
ラブバレット,オールラブクラブ
ラブパイロー,増田陽一
ラブパラドックス,田頭勇貴
ラブヒカリ,増田陽一
ラブヒューズ,増田陽一
ラブビーチ,増田陽一
ラブファントム,田頭勇貴
ラブフォルテッシモ,広尾レース
ラブヘネシー,増田陽一
ラブベティー,増田陽一
ラブペイトー,増田陽一
ラブマイティー,オールラブクラブ
ラブマリリン,オールラブクラブ
ラブミフォーエバー,村田哲朗
ラブミーアゲイン,ミルファーム
ラブミーアーサー,小林祥晃
ラブミーグリーン,小林祥晃
ラブミーサアヤ,小林祥晃
ラブミーチャーム,小林祥晃
ラブミーディザイア,小林祥晃
ラブミードゥ,上田忠男
ラブミードール,小林祥晃
ラブミーナタリー,小林祥晃
ラブミーナッソー,小林祥晃
ラブミーハーパー,小林祥晃
ラブミーファイン,小林祥晃
ラブミーヘンリー,小林祥晃
ラブミーボーイ,小林祥晃
ラブミーモナコ,小林祥晃
ラブミーリッキー,小林祥晃
ラブミーレディー,小林祥晃
ラブムーン,増田陽一
ラブモンテー,増田陽一
ラブユーミー,増田陽一
ラブラックヒルー,増田陽一
ラブラドライト,田頭勇貴
ラブラドレッセンス,ミルファーム
ラブラブラブ,嶋田賢
ラブラブラブチャン,Ｍｒ．ホース
ラブリアージェ,ノルマンディーサラブレッドレーシング
ラブリイグレイス,生垣博志
ラブリイビジョン,山王飯店
ラブリイユアアイズ,井内康之
ラブリエスト,檜森高史
ラブリネスオーバー,高柳隆男
ラブリプリンチャン,大崎幸路
ラブリボーン,ヒダカ・ブリーダーズ・ユニオン
ラブリュス,キャロットファーム
ラブリロンリロンス,熊澤浩樹
ラブリヴ,ＩＺＵＲＵジャパン
ラブリーアゲン,浅川皓司
ラブリーアタランテ,岡田牧雄
ラブリーアーニャ,東豊物産
ラブリーイレブン,吉野加壽代
ラブリーウィザード,ノースヒルズ
ラブリーエンジェル,長谷川光司
ラブリーガール,齋藤秀昭
ラブリークイーン,坂巻勝彦
ラブリーサイン,齊藤直信
ラブリージャブリー,金子真人ホールディングス
ラブリージュビリー,ミルファーム
ラブリースパイス,前田幸治
ラブリートキメキ,熊田晋作
ラブリーハッチ,浜田吉通
ラブリーハミング,池田草龍
ラブリーハーツ,友駿ホースクラブ
ラブリーポップ,ジェイアール
ラブリーマカロン,高昭牧場
ラブリーメイク,田島政光
ラブリーモーション,ヒダカ・ブリーダーズ・ユニオン
ラブリーリディア,ロードホースクラブ
ラブリールチア,ヤナガワ牧場
ラブルパイル,田頭勇貴
ラブルラウザー,ゴドルフィン
ラブレボ,伊藤功一
ラブロスピカ,岡田牧雄
ラブロッソー,増田陽一
ラブローレル,増田陽一
ラブワンダー,谷水雄三
ラブヴァケーション,川崎賢二
ラブヴィサージュ,荻伏服部牧場
ラプソディンブルー,田畑利彦
ラプソディーア,キャロットファーム
ラプタス,ヒダカ・ブリーダーズ・ユニオン
ラプターゲイル,ビッグレッドファーム
ラプチャーアゲン,浅川皓司
ラプトゥリー,ディアレストクラブ
ラプユフラット,ミルファーム
ラプランセス,Ｇ１レーシング
ラプラーニュ,社台レースホース
ラプリュベル,社台レースホース
ラプルーズ,西尾誠一郎
ラプンタ,吉田照哉
ラベルエラベット,ＧｒａｎｄｅＲａｃｉｎｇ
ラベルセーヌ,サンデーレーシング
ラベルヴィー,今中俊平
ラベンサラ,山本堅治
ラベンダーアッシュ,岡田牧雄
ラベンダージェンヌ,吉田智
ラベンダーテソーロ,了徳寺健二ホールディングス
ラベンダーヘイズ,田頭勇貴
ラベンダーマカロン,田頭勇貴
ラベンダーヴァレイ,金子真人ホールディングス
ラペルーズ,多田信尊
ラホーヤアイズ,ヒダカ・ブリーダーズ・ユニオン
ラホーヤストーム,ヒダカ・ブリーダーズ・ユニオン
ラホーヤノキセキ,ヒダカ・ブリーダーズ・ユニオン
ラホーヤビーチ,ヒダカ・ブリーダーズ・ユニオン
ラボエーム,ライオンレースホース
ラボニータ,吉田千津
ラボンダンス,ノースヒルズ
ラボーナ,サンデーレーシング
ラマジ,ＶｉｒｉｄｉａｎＫｅｉｂａＣｌｕｂ
ラマトリス,吉田晴哉
ラマヌジャン,東堂レーシング
ラマルセイエーズ,岡田牧雄
ラマンシュ,谷掛龍夫
ラミア,野嶋祥二
ラミアストラーダ,前田幸治
ラミアスペランツァ,シルクレーシング
ラミアメンテ,社台レースホース
ラミアヴィータ,ノルマンディーサラブレッドレーシング
ラミエル,桑畑夏美
ラミエルノムスコ,桑畑夏美
ラミュロス,吉田千津
ラミントン,サンデーレーシング
ラムケイ,平井裕
ラムコーク,エムズレーシング
ラムジェット,前田幸治
ラムセス,石川達絵
ラムセスノムスメ,澤田昭紀
ラムセスバローズ,猪熊広次
ラムゼイテソーロ,了徳寺健二ホールディングス
ラムダ,社台レースホース
ラムテリオス,カツレーシング
ラムリケティ,ムーティエＲ
ラムールデュヴォン,松本智
ラモラック,ノースヒルズ
ラヤス,藤田晋
ララアルカー,フジイ興産
ララアンセストラル,フジイ興産
ララアンドツイカ,幅田昌伸
ララアヴリル,フジイ興産
ララエキリーブル,フジイ興産
ララエクラテール,フジイ興産
ララエフォール,フジイ興産
ララオウ,Ｇリビエール・レーシング
ララオーベルジュ,フジイ興産
ララガブリエル,藤井亮輔
ララガルグイユ,フジイ興産
ララキューン,永見貴昭
ララクリスティーヌ,フジイ興産
ララクリストフル,フジイ興産
ララクリュサオル,フジイ興産
ララクレアドルーン,フジイ興産
ララクロシェット,フジイ興産
ララケリア,フジイ興産
ララコンフィアン,フジイ興産
ララサンシャイン,大塚亮一
ララサンスフル,フジイ興産
ララサンパティック,フジイ興産
ララシャルロット,フジイ興産
ララシャンドン,フジイ興産
ララショコラ,フジイ興産
ララスカート,松村真司
ララセドラティエ,フジイ興産
ララセリーヌ,天堀忠博
ララソワニエ,フジイ興産
ララティーナ,米田稔
ララテロワール,フジイ興産
ララディアーブル,フジイ興産
ララナチュール,フジイ興産
ララニューディー,フジイ興産
ララノスタルジック,フジイ興産
ララバッカナール,フジイ興産
ララバニュルス,フジイ興産
ララパサージュ,フジイ興産
ララパピヨンドメル,フジイ興産
ララパラプリュイ,フジイ興産
ララパルーザ,ノルマンディーサラブレッドレーシング
ララファキュルテ,フジイ興産
ララファル,玉腰勇吉
ララファンファーレ,子安裕樹ＲＣ
ララフォーナ,シルクレーシング
ララプロフォン,フジイ興産
ララベルダム,フジイ興産
ララベルドゥニュイ,フジイ興産
ララベルヴィーユ,フジイ興産
ララペタンク,フジイ興産
ララペティアン,フジイ興産
ララポムドゥテール,フジイ興産
ララマカロン,フジイ興産
ララマジシエンヌ,フジイ興産
ララマセラシオン,フジイ興産
ララマルシュドロワ,フジイ興産
ララムリ,前田葉子
ララムーティエ,ムーティエレーシング
ララメダイユドール,フジイ興産
ララモンストル,フジイ興産
ララモンドール,フジイ興産
ラララ,ＨｉｍＲｏｃｋＲａｃｉｎｇホールディングス
ララララブソング,三宅勝俊
ララランド,椎名節
ララロトリー,フジイ興産
ララロワ,飯田正剛
ララヴァンダンジュ,フジイ興産
ララヴァンド,シルクレーシング
ララヴィエルジュ,木村牧場
ララヴォルシエル,フジイ興産
ラリック,吉田勝己
ラリッサ,辻助
ラリベラ,フォレストレーシング
ラリマールース,社台レースホース
ラリュエル,社台レースホース
ラリーレイド,キャロットファーム
ラルカナタ,田中純一
ラルガメンテ,シルクレーシング
ラルクアンレーヴ,インゼルレーシング
ラルゲッツァ,社台レースホース
ラルジュトーン,ディアレストクラブ
ラルジュール,奥裕嗣
ラルス,ターフ・スポート
ラルスフェイス,ＳＴレーシング
ラルナジェナ,サンデーレーシング
ラルナブリラーレ,社台レースホース
ラルナプレナ,サンデーレーシング
ラルフ,ＧＥＴＮＥＸＴ
ラルフテソーロ,了徳寺健二ホールディングス
ラルミナ,ディアレストクラブ
ラルムエトワール,ノルマンディーサラブレッドレーシング
ラルムドランジュ,ノースヒルズ
ラルムドール,社台レースホース
ラルルジェンヌ,Ｇ１レーシング
ラルワースコーヴ,兼子尚也
ラルンエベール,ヒダカ・ブリーダーズ・ユニオン
ラルヴァンダード,キャロットファーム
ラルーナテーラー,中西浩一
ラルービーズ,長谷川祐司
ラレイナ,シルクレーシング
ラレゾン,社台レースホース
ラレッサングル,キャロットファーム
ラレットル,杉浦和也
ラレータ,Ｇ１レーシング
ラレーヌデュバル,前田幸治
ラレーヌデリス,キャロットファーム
ラロコルポ,高樽さゆり
ラロマネ,フォレストレーシング
ラロワイヤル,ラ・メール
ラローデ,飯田正剛
ランインザウインド,木村牧場
ランウインディ,ＧＥＴＮＥＸＴ
ランウェイデビュー,吉田勝己
ランウェイミューズ,キャロットファーム
ランウェイルック,社台レースホース
ランオブザワールド,岡田隆寛
ランカグア,吉田勝己
ランカンカン,橋元勇氣
ランガディア,吉田勝己
ランガン,ニッシンホールディングス
ランギロア,カナヤマホールディングス
ランクアップ,リーヴァ
ランクリッツ,Ｇ１レーシング
ラングドシャ,保坂和孝
ラングドック,新木鈴子
ラングレーヴン,ビッグレッドファーム
ラングロワ,ゲートイン
ラングロワブリッジ,キャロットファーム
ランゲル,桑畑隆信
ランコントル,井山登
ランサムトラップ,福田光博
ランザワールド,キャロットファーム
ランジョウ,ノルマンディーサラブレッドレーシング
ランスオブアース,五影隆則
ランスオブウェイブ,五影慶則
ランスオブカオス,五影慶則
ランスオブキング,五影隆則
ランスオブクイーン,五影慶則
ランスオブコメット,五影隆則
ランスオブサウンド,五影慶則
ランスオブサターン,五影隆則
ランスオブセヘル,五影慶則
ランスオブソウル,五影隆則
ランスオブニンフ,五影隆則
ランスオブヒーロー,五影慶則
ランスオブビーナス,五影隆則
ランスオブフェイス,五影隆則
ランスオブプライム,五影隆則
ランスオブプラーナ,五影慶則
ランスオブマインド,五影慶則
ランスオブマルス,五影慶則
ランスオブミューズ,五影慶則
ランスオブムーン,五影隆則
ランスオブラヴ,五影慶則
ランスノーブル,佐々木基
ランスフォード,吉田勝己
ランスマン,吉田勝己
ランスルー,前田晋二
ランスロット,ノルマンディーサラブレッドレーシング
ランズエンド,グリーンファーム
ランズダウンロード,サンデーレーシング
ランタナヒルズ,木村牧場
ランダムナンバー,森田和豊
ランツァ,ノースヒルズ
ランツェンライター,ウエスト．フォレスト．ステイブル
ランツフート,社台レースホース
ランテーナモア,ディアレストクラブ
ランディス,藤田好紀
ランディングホース,矢野恭裕
ランデヴーローズ,佐上峻作
ラント,田畑勝彦
ラントゥザスカイ,ローレルレーシング
ラントゥリーダンス,田畑利彦
ラントカルテ,Ｇ１レーシング
ラントシャフト,サラブレッドクラブ・ラフィアン
ラントリサント,キャロットファーム
ラントレ,柴原榮
ラントレイル,京都ホースレーシング
ランドアーティスト,吉田照哉
ランドエース,杉山忠国
ランドオブサンド,ゴドルフィン
ランドオブファイア,Ｇ１レーシング
ランドオブラヴ,広尾レース
ランドオブリバティ,吉田照哉
ランドグリーズ,社台レースホース
ランドシュール,木村昌三
ランドジャイアンツ,木村昌三
ランドジュピター,木村昌三
ランドスケープ,社台レースホース
ランドスター,ＧｒａｎｄｅＲａｃｉｎｇ
ランドティターン,木村昌三
ランドネ,小林英一ホールディングス
ランドハイパワー,木村昌三
ランドフェニックス,木村昌三
ランドブレイブ,木村昌三
ランドプリメーロ,木村昌三
ランドヘルツ,多田賢司
ランドヘルメース,木村昌三
ランドボルケーノ,木村昌三
ランドマックス,木村昌三
ランドリュウオー,木村昌三
ランドルーラー,ゴドルフィン
ランドヴァッサー,畑佐博
ランナウェイ,ニッシンホールディングス
ランニングウインド,島川隆哉
ランニングスター,中野和子
ランニングビーチ,ディアレストクラブ
ランニングホット,山口裕介
ランネシアーナ,太田勝久
ランバダフレイバー,尾田信夫
ランバージャック,前田幸治
ランバート,山本又一郎
ランパク,一村哲也
ランパデール,サンデーレーシング
ランビリズマ,ビッグレッドファーム
ランビリーゾ,シルクレーシング
ランファスター,深見富朗
ランフォザプライド,社台レースホース
ランフォザローゼス,窪田芳郎
ランフォーザエイジ,日下部勝徳
ランフォースマイル,飯田正剛
ランフォーリリーズ,浅沼廣幸
ランフォーヴァウ,窪田芳郎
ランフリーバンクス,藤田晋
ランブリングアレー,社台レースホース
ランブリングガール,吉田千津
ランブリングマン,服部健太郎
ランブルスコ,金子真人ホールディングス
ランブルフィッシュ,岡展宏
ランブレイ,長谷川祐司
ランブータン,田頭勇貴
ランプシー,社台レースホース
ランプフィーバー,吉田和美
ランプルール,吉田勝己
ランプロス,ノースヒルズ
ランプロティタ,ビッグレッドファーム
ランプロファイア,吉田勝己
ランプローグ,ディアレストクラブ
ランベントライト,レッドマジック
ランペイジシチー,山口謙太郎
ランペドゥーザ,ミルファーム
ランペロニキ,リーヴァ
ランボシ,古川智洋
ランボボーイ,吉田和美
ランポレッキオ,吉田勝己
ランマ,北島牧場
ランメルスベルグ,吉田勝己
ランラビットラン,中村智幸
ランランウイング,高昭牧場
ランランガール,吉田千津
ランランコハク,高昭牧場
ランランタワー,高昭牧場
ランランディザイア,青山郁代
ランランリンリン,橋本浩
ランリーナ,由井健太郎
ランワールドワン,ＧＥＴＮＥＸＴ
ランヴァル,ノルマンディーサラブレッドレーシング
ランヴェルスマン,名古屋友豊
ランヴェルセ,ノースヒルズ
ランヴォール,ＤＭＭドリームクラブ
ラヴァ,樋口雅彦
ラヴァグロウ,岡田牧雄
ラヴァドーム,ヒダカ・ブリーダーズ・ユニオン
ラヴァフォール,社台レースホース
ラヴァブル,サンデーレーシング
ラヴァブルロマン,矢野雅子
ラヴァレード,ディアレストクラブ
ラヴァンダ,森永聡
ラヴァンドラ,佐藤啓子
ラヴァンドローリエ,首藤徳
ラヴァーズリング,三宅勝俊
ラヴアフェアー,吉田和子
ラヴアンドグレース,村山卓也
ラヴアンドゲーム,社台レースホース
ラヴアンドホープ,ＤＭＭドリームクラブ
ラヴアンドポップ,ゴドルフィン
ラヴアンドヨウコ,薪浦亨
ラヴアンドライク,宮田守
ラヴィアムール,伊達敏明
ラヴィアンコール,ノルマンディーサラブレッドレーシング
ラヴィアンレーヴ,キャロットファーム
ラヴィエント,ＤＭＭドリームクラブ
ラヴィサンエール,サラブレッドクラブ・ラフィアン
ラヴィズポイズン,牧埜幸一
ラヴィズミニオン,牧埜幸一
ラヴィソント,岡田壮史
ラヴィッスマン,ヒダカ・ブリーダーズ・ユニオン
ラヴィテス,ノースヒルズ
ラヴィデクラ,土井久美子
ラヴィニアパーク,キャロットファーム
ラヴィニール,サンデーレーシング
ラヴィネルージュ,ノルマンディーサラブレッドレーシング
ラヴィブリランテ,ノルマンディーサラブレッドレーシング
ラヴィプランドール,ディアレストクラブ
ラヴィレット,サンデーレーシング
ラヴィングアンサー,江口雄一郎
ラヴィングウェイ,ゴドルフィン
ラヴィングチャンプ,サイプレスホールディングス
ラヴィングメモリー,ノルマンディーサラブレッドレーシング
ラヴィングユー,橋本謙一
ラヴィングリー,Ｇ１レーシング
ラヴィンジャー,丸山担
ラヴィンツァラ,サラブレッドクラブ・ラフィアン
ラヴィンフォール,大塚亮一
ラヴィンローゼス,辻雄二
ラヴィーズドリーム,藤田在子
ラヴィータエベラ,平井裕
ラヴィーニア,ゴドルフィン
ラヴイズブルー,佐々木徹
ラヴインザチャーム,ＤＭＭドリームクラブ
ラヴェイ,Ｈｅｒｏレーシング
ラヴェニュー,平田修
ラヴェリテ,インゼルレーシング
ラヴェル,キャロットファーム
ラヴェンデル,ノースヒルズ
ラヴエナストロ,村尾賢二
ラヴォアドゥース,Ｇ１レーシング
ラヴォラーレ,ローレルレーシング
ラヴォルタ,キャロットファーム
ラヴォンドリコ,ディアレストクラブ
ラヴオブネイチャー,吉田安惠
ラヴオントップ,フジワラ・ファーム
ラヴケリー,水谷昌晃
ラヴシュプリーム,広尾レース
ラヴスコール,亀井哲也
ラヴスティンガー,薪浦亨
ラヴズオンリーユー,ＤＭＭドリームクラブ
ラヴズプレミアム,ＤＭＭドリームクラブ
ラヴタクティクス,岡田牧雄
ラヴドワンズ,キャロットファーム
ラヴネヴァーエンズ,ゴドルフィン
ラヴネヴァーダイズ,江馬由将
ラヴノット,ノルマンディーサラブレッドレーシング
ラヴノー,徳永雅樹
ラヴファンシフル,社台レースホース
ラヴベイ,ローレルレーシング
ラヴベローナ,菅原広隆
ラヴマイウェイ,広尾レース
ラヴミーモア,ゴドルフィン
ラヴユアセルフ,インゼルレーシング
ラヴユーライヴ,吉田勝己
ラヴリーチェリー,岡田牧雄
ラヴリーティアラ,窪田芳郎
ラヴリーディスク,平川浩之
ラヴレイン,亀井哲也
ラヴレボーテ,宇佐見紀之
ラヴーシュカ,ビッグレッドファーム
ラー,副島義久
ラーク,庄野宏志
ラーグルフ,村木隆
ラーゴム,林正道
ラーシャローム,ノルマンディーサラブレッドレーシング
ラージアンサンブル,グリーンファーム
ラージギャラリー,前田葉子
ラージヒル,リーヴァ
ラージフィールド,坂口慎吾
ラージベル,リーヴァ
ラースアルアイン,ミルファーム
ラーテル,Ｍｒ．ホース
ラートリー,京都ホースレーシング
ラードンチェイス,吉田勝己
ラーナアズーラ,グランデオーナーズ
ラーナローザ,ターフ・スポート
ラーラクロリ,ディアレストクラブ
ラーリア,中村昭博
ラールブル,ヒダカ・ブリーダーズ・ユニオン
ラーンザロープス,吉田照哉
リアアメリア,シルクレーシング
リアアーテシアン,フィールドレーシング
リアオリヴィア,シルクレーシング
リアグラシア,シルクレーシング
リアスブルー,パニオロ
リアソール,サンデーレーシング
リアトリス,ノルマンディーサラブレッドレーシング
リアド,大塚亮一
リアム,サンデーレーシング
リアライズ,ＧＥＴＮＥＸＴ
リアライズアリス,今福洋介
リアライズオネスト,今福洋介
リアライズオーラム,今福洋介
リアライズカミオン,今福洋介
リアライズガイザー,今福洋介
リアライズグリント,今福洋介
リアライズグロリア,今福洋介
リアライズシリウス,今福洋介
リアライズステラ,今福洋介
リアライズセレスト,今福洋介
リアライズタキオン,今福洋介
リアライズハロック,今福洋介
リアライズパリオ,今福洋介
リアライズブライト,今福洋介
リアライズブラーヴ,今福洋介
リアライズブルーム,今福洋介
リアライズリバティ,今福洋介
リアライズリリー,今福洋介
リアライズルミナス,今福洋介
リアライズルークス,今福洋介
リアララ,ＤＭＭドリームクラブ
リアリスト,吉澤克己
リアリーカ,西森功
リアリータイト,飯田正剛
リアリーホット,長谷川祐司
リアル,加藤天明
リアルアメリカン,シルクレーシング
リアルアルバ,水谷光太郎
リアルイマージン,村上憲政
リアルインパルス,京都ホースレーシング
リアルエッジ,Ｇ１レーシング
リアルカイザー,ＣＬＵＢＲＵＮＦＯＲＴＨＥＲＯＳＥＳ
リアルカムイ,水谷光太郎
リアルカラー,青芝商事
リアルガチ,馬目卓
リアルクィーン,小谷野次郎
リアルクウカイ,長谷川進一
リアルグローリー,ＣＬＵＢＲＵＮＦＯＲＴＨＥＲＯＳＥＳ
リアルケンチャン,水谷光太郎
リアルサファリ,ニッシンホールディングス
リアルショット,イージス
リアルシング,ヒダカ・ブリーダーズ・ユニオン
リアルジャパン,水谷光太郎
リアルジョージ,ゴドルフィン
リアルスター,水谷光太郎
リアルセンター,岡田牧雄
リアルダイヤ,若松伸治
リアルディール,ＣＬＵＢＲＵＮＦＯＲＴＨＥＲＯＳＥＳ
リアルデグニティ,サンデーレーシング
リアルドキュメント,川上哲司
リアルドリーム,坪野谷和平
リアルナイスガール,浦野和由
リアルパラダイス,青芝商事
リアルビギニング,社台レースホース
リアルファインド,吉田勝己
リアルファンタジア,吉田勝己
リアルフォルゴーレ,水谷光太郎
リアルフォルツァ,水谷光太郎
リアルブリージー,グリーンスウォード
リアルペガサス,水谷光太郎
リアルマーヴェル,小林博雄
リアルメッセージ,井内康之
リアルモハメド,杉山忠国
リアルモンスター,ＣＬＵＢＲＵＮＦＯＲＴＨＥＲＯＳＥＳ
リアルモンテ,伊藤誠吉
リアルヴィジョン,?文彦
リアレスト,林正道
リアンエターナル,ＫＲジャパン
リアンクトワ,ヒダカ・ブリーダーズ・ユニオン
リアンクール,村上龍太郎
リアングロワール,ヒダカ・ブリーダーズ・ユニオン
リアンスカイ,迎徹
リアンティサージュ,シルクレーシング
リアンディール,高橋ファーム
リアンデュソン,サンデーレーシング
リアンドゥクール,岩崎伸道
リアンフィニ,吉田千津
リアンフィーユ,ＣＨＥＶＡＬＡＴＴＡＣＨＥ
リアンベーレ,インゼルレーシング
リアンペスカ,山田信太郎
リアンマカ,村上龍太郎
リアンマヒナ,村上龍太郎
リアンヴェリテ,加藤誠
リインフォース,ディアレストクラブ
リエラ,ローレルレーシング
リエンカウンター,ゴドルフィン
リエンダ,岡田隆寛
リエヴェメンテ,キャロットファーム
リエータメンテ,サンデーレーシング
リエーヴェ,米津佳昭
リオアビセオ,Ｇ１レーシング
リオクリスハーレー,小林照弘
リオサラ,岡浩二
リオシャンパーニュ,大塚亮一
リオダプラタ,コージーレーシング
リオネラ,ＴＮレーシング
リオハ,吉田和美
リオハリソンメリー,小林照弘
リオファンク,阿部善武
リオマダムレッド,小林照弘
リオマッジョーレ,ヒダカ・ブリーダーズ・ユニオン
リオレ,吉田安惠
リオンアンサー,佐藤壽男
リオンエトワール,ライオンレースホース
リオンキング,中野和子
リオンサーガ,辻子依旦
リオンジャック,協栄
リオンドール,社台レースホース
リオンプライム,ヒダカ・ブリーダーズ・ユニオン
リオンラファール,ノルマンディーサラブレッドレーシング
リオンリオン,寺田千代乃
リカステ,ヒダカ・ブリーダーズ・ユニオン
リカバリーショット,吉田勝利
リカビトス,キャロットファーム
リカンカブール,ラ・メール
リカントロポ,薪浦亨
リカード,ＹＧＧホースクラブ
リガス,カナヤマホールディングス
リガーレ,ＤＭＭドリームクラブ
リキサンウィン,ハイパワー商事
リキサンクー,ハイパワー商事
リキサンゴルト,ハイパワー商事
リキサンステラ,ハイパワー商事
リキサンダイオー,ハイパワー商事
リキサントライ,ハイパワー商事
リキサンハート,ハイパワー商事
リキサンムスタング,ハイパワー商事
リキサンワールド,高橋眞紀子
リキノキセキ,佐竹徹
リキマル,山口智
リギーロ,前田幸貴
リク,岩崎僖澄
リクエイ,由井健太郎
リクサニー,岡田隆寛
リクスダラー,サンデーレーシング
リグレイアー,上田秀二
リグージェ,キャロットファーム
リケアアッサム,稲場澄
リケアエスプレッソ,稲場澄
リケアオランジュ,稲場澄
リケアキャンディ,稲場澄
リケアコンパンナ,稲場澄
リケアジョーヌ,稲場澄
リケアダージリン,稲場澄
リケアチャチャチャ,稲場澄
リケアディンブラ,稲場澄
リケアフェデリーニ,稲場澄
リケアブカティーニ,稲場澄
リケアブロンシュ,稲場澄
リケアペンネ,稲場澄
リケアマカロニ,稲場澄
リケアマキアート,稲場澄
リケアマロン,稲場澄
リケアラザニア,稲場澄
リケアリラ,稲場澄
リケアリングイネ,稲場澄
リケアルフナ,稲場澄
リケアヴィオレ,稲場澄
リゲイン,コスモヴューファーム
リコッチ,谷川昭雄
リコネクト,ミルファーム
リコラピッド,キャロットファーム
リコリコ,カカムーチョレーシング
リコリスラジアータ,ウエスト．フォレスト．ステイブル
リコルディオーロ,ノルマンディーサラブレッドレーシング
リコルド,鈴木真
リコーシュペル,土橋正雄
リコーワルサー,土橋正雄
リゴドン,加藤誠
リゴメール,社台レースホース
リゴレット,キャロットファーム
リサオブザナイル,吉田千津
リサコーハク,八木光博
リサシテーション,杉山忠国
リサディーン,社台レースホース
リサナウト,サンデーレーシング
リサリサ,山藤賢
リザラクト,幅田京子
リザルトフォンテン,吉橋興生
リザレクティア,福盛訓之
リザンテラ,菅井牧場
リザードアイランド,窪田芳郎
リシャールウィン,ＸＩＡＯジャパン
リシャールケリー,水谷美穂
リシュブール,窪田芳郎
リジル,下河辺隆行
リジン,吉井理人
リスカム,寺田寿男
リスカルダメント,ユートピア牧場
リスカルダーレ,谷口祐人
リスキリング,福田光博
リスクテイカー,ゴドルフィン
リスグラシュー,キャロットファーム
リスターロッチ,鈴木康弘
リスト,吉田勝己
リスノワール,社台レースホース
リスペクタブル,伊藤佳幸
リスペクト,石川達絵
リスペクトアース,グリーンファーム
リスペクトライト,和田牧場
リスマルチェリ,ウエスト．フォレスト．ステイブル
リスレジャンデール,シルクレーシング
リズ,島川隆哉
リズムオブサンダー,角田明子
リズムオブザナイト,吉田照哉
リズムオブラヴ,シルクレーシング
リズヴェリオ,ラ・メール
リセンティート,米津佳昭
リゼ,岡田牧雄
リゼイエロー,飯田訓大
リゼクールグレー,飯田訓大
リゼバーミリオン,飯田訓大
リゼブルー,飯田訓大
リゼボルドー,飯田訓大
リゼルージュセリエ,飯田訓大
リゼレインボー,飯田訓大
リゾネーター,シルクレーシング
リゾルテッツァ,社台レースホース
リゾートアイランド,柳田将司
リゾートタイム,礒川正明
リゾートライン,保坂和孝
リタ,ニッシンホールディングス
リタリエイション,Ｈ．Ｈ．シェイク・ファハド
リターンエース,井上久光
リターンオブクイン,飯田総一郎
リターンギフト,辻牧場
リターンチョウサン,チョウサン
リチェルカ,サラブレッドクラブ・ラフィアン
リチェルカータ,ターフ・スポート
リチャ,前田葉子
リチャードバローズ,猪熊広次
リチュアル,長谷川祐司
リチュアルダンス,ゴドルフィン
リチュアルローズ,社台レースホース
リッカウィンドウ,立花幸雄
リッカクロフネ,立花幸雄
リッカシップ,立花幸雄
リッカルーフ,立花幸雄
リッカロッキー,立花幸雄
リッカローズ,立花幸雄
リッカローラ,立花幸雄
リッキー,市川義美ホールディングス
リッキースタイル,岡田牧雄
リッキーファラオ,中西純穂
リッキーマキアート,会田浩史
リッキーマジック,ビリオンスター
リッキーヤスオカ,スリーエイチレーシング
リッククレイジー,下澤晃紀
リックスター,下澤晃紀
リックメイン,下澤晃紀
リッケンバッカー,安原浩司
リッジマン,辻牧場
リッスンアップ,サンデーレーシング
リッスンクロース,キャロットファーム
リッター,前田晋二
リッターシュラーク,ウエスト．フォレスト．ステイブル
リッタースポーツ,山口正行
リッターヴォルト,ノルマンディーサラブレッドレーシング
リッチアロマ,ビッグレッドファーム
リッチクレマチス,長塩豊
リッチハンター,橋川欣司
リッチフィールド,島川隆哉
リッチブラック,辻牧場
リッチリーエコー,サラブレッドクラブ・ラフィアン
リッツパーティー,田頭勇貴
リッフェルゼー,矢野亨憲
リップグロス,ロードホースクラブ
リップスライド,手嶋康雄
リップブリス,ディアレストクラブ
リツィタル,永田和彦
リテラシー,安原浩司
リテラチュア,吉田照哉
リテラルフォース,村上稔
リディアンスケール,グリーンスウォード
リトゥリア,中辻明
リトス,ディアレストクラブ
リトセア,水上行雄
リトミカメンテ,サンデーレーシング
リトミコ,サンデーレーシング
リトムテール,フロンティア
リトルアイドル,ノルマンディーサラブレッドレーシング
リトルウィジー,岡田牧雄
リトルウィッチ,前原敏行
リトルウイナー,野村茂雄
リトルウインディー,宮田守
リトルエイト,中村智幸
リトルエンジェル,堀口晴男
リトルカプリース,吉田照哉
リトルガールブルー,三田昌宏
リトルクレバー,岡浩二
リトルグッド,小林善一
リトルココン,山口功一郎
リトルコリンズ,馬目時宗
リトルサムシング,橋元勇氣
リトルシップス,小池依子
リトルシャイン,北村和江
リトルジャイアンツ,カカムーチョレーシング
リトルジー,佐伯太朗
リトルスカーレット,吉田和美
リトルハピ,寺田寿男
リトルフォレスト,小林善一
リトルブレイバー,松谷翔太
リトルベルタ,東堂レーシング
リトルポッド,小川眞査雄
リトルポピー,サンデーレーシング
リトルマンマミーア,小林善一
リトルミム,栗山良子
リトルモンスター,吉田千津
リトルラフター,グリーンスウォード
リトルレグルス,藤田在子
リトルロータス,榊原源一郎
リドルトリガー,篁真一郎
リナクィーンアスク,廣崎利洋ＨＤ
リナシタ,大崎将行
リナリア,ＹＧＧホースクラブ
リナルド,社台レースホース
リナーシェ,広尾レース
リナーテ,サンデーレーシング
リニュー,コスモヴューファーム
リネアグローリア,中村忠彦
リネアベルタ,ノルマンディーサラブレッドレーシング
リネンアリス,戸山光男
リネンエイコウ,戸山光男
リネンエントリー,戸山光男
リネンエース,戸山光男
リネンエール,戸山光男
リネンカイソク,戸山昌彦
リネンコジーン,戸山光男
リネンスイング,戸山光男
リネンスピリット,戸山光男
リネンゼンシン,戸山光男
リネンソング,戸山光男
リネンタイリン,戸山光男
リネンターゲット,戸山光男
リネンデイジー,戸山昌彦
リネンデザイン,戸山昌彦
リネンドライブ,戸山光男
リネンニューイヤー,戸山光男
リネンパートナー,戸山光男
リネンビスケット,戸山光男
リネンファイト,戸山光男
リネンファッション,戸山光男
リネンフラッシュ,戸山光男
リネンフリー,戸山光男
リネンプラン,戸山光男
リネンプリンセス,戸山光男
リネンマリン,戸山光男
リネンマンボ,戸山光男
リネンミッション,戸山光男
リネンリボン,戸山光男
リネンワルツ,戸山光男
リネンワンライン,戸山光男
リネンワールド,戸山光男
リノ,ノースヒルズ
リノアラ,下河辺牧場
リノキアナ,松岡雅昭
リノベーション,福田光博
リノメリア,ライオンレースホース
リノユニヴァース,シルクレーシング
リノラナキラ,松岡雅昭
リノルアナ,今村明浩
リノワールド,星野壽市
リバティアイランド,サンデーレーシング
リバティスカイ,宮川純造
リバティハイツ,社台レースホース
リバティフレイム,ゴドルフィン
リバティヘッド,ノルマンディーサラブレッドレーシング
リバティマインド,島川隆哉
リバティラン,新井衛
リバティークイーン,平川浩之
リバティーホール,吉田好雄
リバテイー,島川隆哉
リバプールタウン,薪浦亨
リバーサルバレット,草間庸文
リバーシティ,スピードファーム
リバーシブルレーン,吉田照哉
リバージュエル,荒井泰樹
リバースザトレンド,吉田晴哉
リバーススイープ,Ｇ１レーシング
リバースレー,シルクレーシング
リバーソニック,荒井泰樹
リバートゥルー,佐々木幸弘
リバーバレイト,キャロットファーム
リバーブレーション,永見貴昭
リバームーンリーナ,荒井泰樹
リバーラ,荒井泰樹
リバーランド,林正道
リパリス,村上稔
リパーカッション,石瀬浩三
リヒトミューレ,サンデーレーシング
リビアングラス,前田幸治
リビングストン,ターフ・スポート
リビングマイライフ,Ｇ１レーシング
リビングラヴ,薪浦亨
リピ,中辻明
リピッシュ,ケンレーシング組合
リピネ,ノースヒルズ
リピース,山口正行
リファインドマナー,高橋明裕
リフタスフェルト,キャロットファーム
リフトトゥヘヴン,丸山担
リフトローダー,蕭敬意
リフラ,京都ホースレーシング
リフルフォース,ロードホースクラブ
リフレイム,山口裕介
リフレイン,京都ホースレーシング
リフレクト,ロードホースクラブ
リフレクトザムーン,望月雅博
リフレックス,小原準一郎
リフレーミング,栗山学
リブインスタイル,平田修
リブエターナル,大塚亮一
リブパッション,ヒダカ・ブリーダーズ・ユニオン
リブラソナチネ,田頭勇貴
リブリッチ,ディアレストクラブ
リブースト,サンデーレーシング
リプリー,木部厳生
リプレイ,藤沢牧場
リプレゼント,藤田晋
リプレット,グリーンファーム
リプレーザ,奥裕嗣
リベイクフルシティ,藤本栄史
リベイラパレス,サンデーレーシング
リベッチオ,シルクレーシング
リベラティオ,ウエスト．フォレスト．ステイブル
リベラメ,ＫＡＪＩＭＯＴＯホールディングス
リベラリズモ,ビッグレッドファーム
リベラル,パニオロ
リベラルアーツ,ゴドルフィン
リベラルタイプ,社台レースホース
リベリアスハート,ノルマンディーサラブレッドレーシング
リベリアンガール,コスモヴューファーム
リベルタアーラ,キャロットファーム
リベルター,山口敦広
リベルテ,ラ・メール
リベルティーヌ,スリーエイチレーシング
リベンジャー,中辻明
リボルトバレット,ＹＧＧホースクラブ
リボンインザスカイ,ターフ・スポート
リボンドハピネス,谷口祐人
リボンナイト,吉田勝利
リボンピーチ,宮本貞雄
リボンロード,藤田晋
リボーン,北畑忍
リボーントウショウ,トウショウ産業
リポサンテ,インゼルレーシング
リポジノ,今村明浩
リマスタリング,ゴドルフィン
リマーカブル,小原準一郎
リミットバスター,草間庸文
リムショット,キャロットファーム
リメイク,前田幸治
リメインオブザデイ,ビッグレッドファーム
リメインステディ,吉田千津
リメス,桑田牧場
リメリック,ビッグレッドファーム
リメンバーザネーム,飯田貴大
リメンバーシドニー,岡浩二
リメンバーヒム,宮田美恵子
リメンバーメモリー,前田晋二
リモテソーロ,了徳寺健二ホールディングス
リモンディ,吉田和美
リモートビジン,西村新一郎
リャスナ,キャロットファーム
リヤンイヴェール,広尾レース
リヤンソウル,岡本真二
リヤンドゥミラクル,吉本雄二
リヤンドメテオール,社台レースホース
リヤンフォルス,野嶋祥二
リュウ,石川達絵
リュウカルネ,モンレーヴ
リュウキシ,二口雅一
リュウキヘイ,二口雅一
リュウキュウカリー,棚網るみ子
リュウグウオー,深澤朝房
リュウグウハヤブサ,深澤朝房
リュウグウヒメ,深澤朝房
リュウゴピュア,野村一雄
リュウシンベガス,桑畑隆信
リュウシンローズ,浜本牧場
リュウジンオー,甘糟麗子
リュウジンマル,カカムーチョレーシング
リュウセイグン,二口雅一
リュウセイコウテイ,ビッグレッドファーム
リュウゼツラン,サラブレッドクラブ・ラフィアン
リュウトウコヤク,岡浩二
リュウノアラス,蓑島竜一
リュウノアラー,蓑島竜一
リュウノアン,蓑島竜一
リュウノイカヅチ,二口雅一
リュウノイカリ,二口雅一
リュウノイチモンジ,二口雅一
リュウノイノリ,二口雅一
リュウノイブキ,二口雅一
リュウノエッセンス,蓑島竜一
リュウノエルヴィス,蓑島竜一
リュウノオードリー,蓑島竜一
リュウノクララ,蓑島竜一
リュウノゲキリン,二口雅一
リュウノサライ,蓑島竜一
リュウノシャモニー,蓑島竜一
リュウノシンクウハ,二口雅一
リュウノステルス,蓑島竜一
リュウノゾロ,蓑島竜一
リュウノタブーク,蓑島竜一
リュウノダイモンジ,二口雅一
リュウノチョッパー,蓑島竜一
リュウノドラゴン,蓑島竜一
リュウノハイジ,蓑島竜一
リュウノハイル,蓑島竜一
リュウノハドウ,二口雅一
リュウノハミング,蓑島竜一
リュウノヒナギク,蓑島竜一
リュウノヒルド,蓑島竜一
リュウノファウラー,蓑島竜一
リュウノフラワー,蓑島竜一
リュウノブルック,蓑島竜一
リュウノブレイク,蓑島竜一
リュウノプティ,蓑島竜一
リュウノボミ,蓑島竜一
リュウノマキロイ,蓑島竜一
リュウノマサムネ,蓑島竜一
リュウノマーチャン,蓑島竜一
リュウノメアリー,蓑島竜一
リュウノユキナ,蓑島竜一
リュウノラファール,蓑島竜一
リュウノルフィ,蓑島竜一
リュウノワールド,蓑島竜一
リュウバター,田中ふさ枝
リュウレイ,インゼルレーシング
リュウールドレ,ローレルレーシング
リュカイオス,篁真一郎
リュキア,京都ホースレーシング
リュクスウォリアー,田畑憲士
リュクスエンヴィ,田畑憲士
リュクスコンドル,田畑憲士
リュクススティール,田畑憲士
リュクスドレフォン,田畑憲士
リュクスパトロール,田畑憲士
リュクスビスケッツ,田畑憲士
リュクスフレンド,田畑憲士
リュクスブリランテ,田畑憲士
リュクスポケット,田畑憲士
リュクスマジェスタ,田畑憲士
リュクスレオン,田畑憲士
リュクスレジェンド,田畑憲士
リュケイオン,キャロットファーム
リュサントノレ,堀祥子
リュシエル,ＧＥＴＮＥＸＴ
リュタン,ビッグレッドファーム
リュッカ,星加浩一
リュッカクローナ,西森功
リュッケ,佐久間拓士
リュトン,金子真人ホールディングス
リュニックフルール,フィールドレーシング
リュニヴェール,杉山忠国
リュヌダムール,星野隆男
リュヌドミエル,ライオンレースホース
リュヌルージュ,窪田芳郎
リュネヴィル,吉田晴哉
リュバンスリーズ,小野寺悠太
リュミエール,ユートピア牧場
リュミエールドール,社台レースホース
リュミエールノワル,Ｇ１レーシング
リュミナーズ,下河辺牧場
リュミヌーフィーユ,大谷正嗣
リュラグリーン,斎藤光政
リュラネブラ,シルクレーシング
リュンヌドネージュ,高松悟
リューイーソー,ヤナガワ牧場
リューカデンドロン,矢野秀春
リュージュ,星加浩一
リューデスハイム,キャロットファーム
リューデリッツ,吉田照哉
リュードマン,ノルマンディーサラブレッドレーシング
リューベック,金子真人ホールディングス
リョウガ,ゴドルフィン
リョウフウ,中辻明
リョウライライ,ビッグレッドファーム
リョウランシスター,佐藤啓子
リョウランセンプー,佐藤啓子
リョウランチャンプ,佐藤啓子
リョウランナイト,佐藤啓子
リョウランハート,佐藤啓子
リョウランヒーロー,佐藤啓子
リョウランポケット,佐藤啓子
リョーケン,了徳寺健二ホールディングス
リョーノテソーロ,了徳寺健二ホールディングス
リヨン,那須野牧場
リラ,前田幸大
リライアブルエース,サンデーレーシング
リライト,前田葉子
リライトザスターズ,飯田良枝
リライトヒストリー,水上行雄
リラエンブレム,Ｇリビエール・レーシング
リラカリス,Ｇリビエール・レーシング
リラキトス,Ｇリビエール・レーシング
リラゲイル,Ｇリビエール・レーシング
リラジョリフィーユ,ＹＧＧホースクラブ
リラスカイ,Ｇリビエール・レーシング
リラックス,中西純穂
リラベガ,川崎賢二
リラボニート,Ｇリビエール・レーシング
リリアナフェアリー,高昭牧場
リリアン,島川隆哉
リリアンファスト,伊藤健
リリアンフェルス,キャロットファーム
リリアンローズ,谷和光彦
リリエンフェルト,ネコメンレーシング
リリカル,ヒダカ・ブリーダーズ・ユニオン
リリカルガンマン,藤田晋
リリカルドリーム,水上行雄
リリカルドーン,ゴドルフィン
リリカルフレア,社台レースホース
リリカルフレイム,窪田康志
リリックス,吉野英子
リリックドラマ,ゴドルフィン
リリノエ,カナヤマホールディングス
リリレフア,キャロットファーム
リリーアロー,土井孝夫
リリーウイナー,土井孝夫
リリーエクスプレス,土井孝夫
リリーエンデヴァー,サンデーレーシング
リリーオブザハート,ＤＭＭドリームクラブ
リリーギャラクシー,土井孝夫
リリークラスター,会田浩史
リリークリスタル,土井孝夫
リリーサンダー,土井孝夫
リリーサンライズ,ライフハウス
リリーサー,Ｇ１レーシング
リリーシューター,土井孝夫
リリージェーン,馬目時宗
リリージャスパー,土井孝夫
リリージョワ,Ｇリビエール・レーシング
リリーズブルーム,ＹＧＧホースクラブ
リリーズメモリー,ノルマンディーサラブレッドレーシング
リリーテソーロ,了徳寺健二ホールディングス
リリードリーマー,土井孝夫
リリーバレロ,キャロットファーム
リリーバローズ,酒井孝敏
リリーピュアハート,社台レースホース
リリーピンシャー,土井孝夫
リリーフィールド,吉田晴哉
リリーブライト,グリーンファーム
リリーブラックシー,土井孝夫
リリーブースター,土井孝夫
リリープリンセス,村上龍太郎
リリーホワイト,レッドマジック
リリーボレア,ライオンレースホース
リリーマイウェー,土井孝夫
リリーマイスター,土井孝夫
リリーミストレス,ノルマンディーサラブレッドレーシング
リリーミニスター,土井孝夫
リリーメーカー,阿部榮乃進
リリーモントルー,土井孝夫
リリーライナー,土井孝夫
リリーラッシャー,土井孝夫
リルインフィニティ,西森鶴
リルティングインク,ノルマンディーサラブレッドレーシング
リルト,キャロットファーム
リルフロスト,ノルマンディーサラブレッドレーシング
リルブラーヴ,Ｊ．ウィルソン
リレーションシップ,吉田勝己
リローズ,杉浦和也
リワードアルフィン,宮崎忠比古
リワードアンヴァル,宮崎冴子
リワードアヴァロン,宮崎忠比古
リワードインペリオ,宮崎忠比古
リワードカロン,宮崎忠比古
リワードシュテルン,宮崎忠比古
リワードトリトン,宮崎忠比古
リワードノルン,宮崎冴子
リワードパシオン,宮崎忠比古
リワードファラオン,宮崎忠比古
リワードプロキオン,宮崎忠比古
リワードマレンゴ,宮崎忠比古
リワードメラン,宮崎冴子
リン,ＤｅｅｐＣｒｅｅｋ
リンカーンテソーロ,了徳寺健二ホールディングス
リンガスウォリアー,伊藤巖
リンガスキャット,伊藤巖
リンガススウィート,伊藤巖
リンガスハット,伊藤巖
リンガスパイロ,伊藤巖
リンガスビャクヤ,伊藤巖
リンガスビンゴ,伊藤巖
リンガスマイル,伊藤巖
リンガスムーン,伊藤巖
リンガスロシェ,伊藤巖
リンガラポップス,吉田勝己
リンギングフォン,犬塚悠治郎
リンクアームズ,ロードホースクラブ
リンクスアイ,目谷一幸
リンクスエルピス,目谷一幸
リンクスクードボル,飯田訓大
リンクスソアラ,目谷一幸
リンクスソレイユ,目谷一幸
リンクスティップ,サンデーレーシング
リンクスプリエール,工藤圭司
リンクスリン,目谷一幸
リンクスルーファス,シルクレーシング
リングアップ,梶本尚嗣
リングアベル,ノースヒルズ
リングオブオナー,ノルマンディーサラブレッドレーシング
リングオブハピネス,五影慶則
リングスター,石井輝昭
リングストゥワイス,ゴドルフィン
リングボーイ,ヒダカ・ブリーダーズ・ユニオン
リンゲルブルーメ,キャロットファーム
リンゴ,薪浦亨
リンゴアメ,ビッグレッドファーム
リンシャンカイホウ,三嶋牧場
リンダ,藤田純
リンダリンダリンダ,ＭＭＣ
リンディスファーン,吉田晴哉
リンディーホップ,社台レースホース
リンデザ,岩山博文
リントゥラウル,ノースヒルズ
リンドウ,千葉正人
リンドバーグ,近藤英子
リンドブラッド,Ｇ１レーシング
リンドラゴ,シルクレーシング
リンノティアラ,谷口祐人
リンピオ,ディアレストクラブ
リンフォルツァンド,サンデーレーシング
リンフレスカンテ,名古屋友豊
リンポポヴァリー,ディアレストクラブ
リンラン,社台レースホース
リンリスゴー,フォレストレーシング
リヴァイ,加藤裕司
リヴァイアサン,井上隆次
リヴァイデント,ノルマンディーサラブレッドレーシング
リヴァイバル,杉山忠国
リヴァスピナー,大塚亮一
リヴァデラルナ,岡田牧雄
リヴァンプ,水上行雄
リヴァーサル,鈴木邦英
リヴァーシャノン,ヒダカ・ブリーダーズ・ユニオン
リヴァージュ,島川隆哉
リヴァーダンス,下河邉博
リヴァーブ,フィールドレーシング
リヴァーレ,寺田寿男
リヴィア,シルクレーシング
リヴィエラ,カナヤマホールディングス
リヴィエラボーイ,吉岡泰治
リヴィエラヴィル,社台レースホース
リヴィングカラー,グリーンファーム
リヴウェル,西森功
リヴェット,社台レースホース
リヴェルサス,伊達敏明
リヴェール,栗山良子
リヴェールブリス,伊達敏明
リヴォリ,寺田寿男
リヴォルバー,薪浦亨
リーア,小泉修
リーガルオフィス,山田弘
リーガルクラン,ＹＧＧホースクラブ
リーガルゲイリー,芳賀滿男
リーガルスプレンダ,吉田晴哉
リーガルバトル,吉田和美
リーガルバローズ,猪熊広次
リーガルマインド,畑佐博
リーガルマナー,吉田勝己
リーガルメイン,前田晋二
リーガルリリー,大宮豊美
リーガルレディ,芳賀滿男
リーグナイト,ノースヒルズ
リーサイェイ,ノースヒルズ
リーサムギニー,平田修
リーサムフジ,平田修
リースアンドリボン,北原摩留
リースタル,中村祐子
リーズン,林正道
リーセフィヨルド,吉田勝己
リーゼダムール,ＤＭＭドリームクラブ
リーゼノアール,嶋田一成
リーゼントアイリス,三浦大輔
リーゼントエース,三浦大輔
リーゼントキャロル,三浦大輔
リーゼントシャルフ,三浦大輔
リーゼントジェイド,三浦大輔
リーゼントジャンボ,三浦大輔
リーゼントセレーネ,三浦大輔
リーゼントフラム,三浦大輔
リーゼントミニー,三浦大輔
リーゼントモニカ,三浦大輔
リーゼントロック,三浦大輔
リーチ,原久美子
リーチエミネンス,キャロットファーム
リーチグローリー,吉田照哉
リーチザアマゾネス,杉山忠国
リーチザサミット,岡田牧雄
リーチザワールド,サンデーレーシング
リーチユアドリーム,社台レースホース
リーティアコナル,フクキタル
リーディンアクター,松本智
リーディングエッジ,ゴドルフィン
リーディングトーン,岡田牧雄
リーディングパート,キャロットファーム
リーディングラン,岡村善行
リーディングレディ,サラブレッドクラブ・ラフィアン
リーデレクオーレ,ブルースターズファーム
リート,下河辺牧場
リードアクター,生垣博志
リードアクトレス,山内邦一
リードザウイニング,杉山忠国
リードザウインド,吉田照哉
リードザフィールド,岡田牧雄
リードザヴァン,社台レースホース
リードブロー,シルクレーシング
リードプリンシパル,岡田牧雄
リーピングサイン,Ｇ１レーシング
リーピングリーズン,ノルマンディーサラブレッドレーシング
リーフアクアリウム,ビッグレッドファーム
リーフカレント,谷岡牧場
リーブラテソーロ,了徳寺健二ホールディングス
リーブルミノル,吉岡實
リープ,古賀禎彦
リープアップ,Ｇ１レーシング
リープサンバウンズ,和泉憲一
リープフラウミルヒ,サラブレッドクラブ・ラフィアン
リープヘヴン,天堀忠博
リープリングスター,保坂和孝
リーベ,薪浦亨
リーベサンライズ,松岡隆雄
リーベフォール,岩崎僖澄
リーベラーリア,ＯＨＥレーシング
リーベンスヴェルト,社台レースホース
リーリオブランコ,スマイルファーム
リーヴスカーズ,西森功
リーヴル,Ｇ１レーシング
リーヴルネッサンス,ＣＨＥＶＡＬＡＴＴＡＣＨＥ
ルア,榊原浩一
ルアオレ,錦岡牧場
ルアグロール,ノルマンディーサラブレッドレーシング
ルアスカリーン,社台レースホース
ルアスドゥーナッハ,一村哲也
ルアル,ターフ・スポート
ルイジアナママ,稲川一
ルイス,古賀禎彦
ルイスイメル,ケーエスＨＤ
ルイステソーロ,了徳寺健二ホールディングス
ルイナール,中辻明
ルイナールカズマ,雅苑興業
ルイネーション,鈴木康弘
ルエリア,ターフ・スポート
ルエヴェルロール,キャロットファーム
ルカ,窪田芳郎
ルカランフィースト,社台レースホース
ルカン,フォレストレーシング
ルガル,江馬由将
ルガルデ,加藤誠
ルガーサント,ターフ・スポート
ルガールカルム,サンデーレーシング
ルギッドドランジュ,ローレルレーシング
ルクク,江馬由将
ルクシア,寺田寿男
ルクシオン,ノルマンディーサラブレッドレーシング
ルクス,ルクス
ルクスアドラー,ルクス
ルクスアモール,ルクス
ルクスアルム,ルクス
ルクスアンジュ,ルクス
ルクスエクレール,ルクス
ルクスエルドラド,ルクス
ルクスキャンディ,ルクス
ルクスクリスティー,ルクス
ルクスクロワール,ルクス
ルクスグレイシア,ルクス
ルクスグレイス,ルクス
ルクスグローリア,キャロットファーム
ルクスコスモス,ルクス
ルクスコロン,ルクス
ルクスシャロン,ルクス
ルクスシュナイダー,ルクス
ルクスジニア,ルクス
ルクススパーク,ルクス
ルクスソレイユ,ルクス
ルクスチェイサー,ルクス
ルクスチェリー,ルクス
ルクスディオン,ルクス
ルクスディグニティ,ルクス
ルクスデイジー,ルクス
ルクスデルフィー,ルクス
ルクストリッド,ルクス
ルクスドヌーヴ,ルクス
ルクスドリーム,ルクス
ルクスノア,ルクス
ルクスパラディ,ルクス
ルクスビッグスター,ルクス
ルクスフレンジー,ルクス
ルクスフロンティア,ルクス
ルクスプレシャス,ルクス
ルクスプロフェシー,ルクス
ルクスポップスター,ルクス
ルクスマイティー,ルクス
ルクスマグナ,広尾レース
ルクスマーベリック,ルクス
ルクスミッシェル,ルクス
ルクスムンディー,前田幸治
ルクスメテオール,ルクス
ルクスメンデス,ルクス
ルクスユアン,ルクス
ルクスラピッド,ルクス
ルクスランページ,ルクス
ルクスリリー,ルクス
ルクスリーベン,ルクス
ルクスルイナール,ルクス
ルクスレイモンド,ルクス
ルクスレガート,ルクス
ルクスレジーナ,杉山忠国
ルクスレゼルヴァ,ルクス
ルクソンライト,平井裕
ルクソールカフェ,西川光一
ルクリリ,菊地剛
ルクリーシア,吉田勝己
ルクルス,インゼルレーシング
ルクルト,市川義美ホールディングス
ルグランシャリオ,ライオンレースホース
ルグランタンゴ,吉田勝己
ルグランパントル,ノルマンディーサラブレッドレーシング
ルグランフリソン,前田幸治
ルグランブルー,山田弘
ルグランヴァン,Ｇ１レーシング
ルコリエ,ノースヒルズ
ルコルセール,Ｇ１レーシング
ルコントブルー,シルクレーシング
ルサフィール,ローレルレーシング
ルサルトゥーロ,水上行雄
ルシアンバレエ,ヒダカ・ブリーダーズ・ユニオン
ルシアージュ,シルクレーシング
ルシェルドール,サラブレッドクラブ・ラフィアン
ルシェロアズーリ,米山晴敏
ルシエンテ,奥裕嗣
ルシタニア,フィールドレーシング
ルシフェル,キャロットファーム
ルシャドール,杉山忠国
ルシャリオ,ターフ・スポート
ルシャリーブル,日進牧場
ルシャルムール,社台レースホース
ルシュヴァルドール,ライオンレースホース
ルショコラ,サラブレッドクラブ・ラフィアン
ルシード,Ｇリビエール・レーシング
ルシール,カナヤマホールディングス
ルジマトフ,永田和彦
ルジャーダ,ノースヒルズ
ルジュウェール,ノルマンディーサラブレッドレーシング
ルスディヴィナ,吉田晴哉
ルスト,中村祐子
ルストラーレ,広尾レース
ルセルマンダムール,Ｇ１レーシング
ルソルティール,ノースヒルズ
ルソレイユ,サクラターフィークラブ
ルソンデュレーヴ,シルクレーシング
ルタピヴォラン,岡田壮史
ルタンアリュール,杉山忠国
ルタンデュボヌール,サンデーレーシング
ルタンブル,杉浦和也
ルタンメルヴェイユ,杉山忠国
ルチア,ノースヒルズ
ルチアーナ,岡田牧雄
ルチアーナミノル,吉岡實
ルチェカリーナ,加藤徹
ルチェッタ,シルクレーシング
ルチェンシス,土井久美子
ルチーフェロ,カナヤマホールディングス
ルッキズム,田頭勇貴
ルッキングフライ,岡田牧雄
ルックアットミー,高橋信博
ルックアットユー,小林由明
ルックアップトゥー,中村祐子
ルックアトミー,是枝浩平
ルックスファミリア,吉田和美
ルックスマート,平田修
ルックトゥワイス,飯塚知一
ルックフォラスター,タイヘイ牧場
ルッコラセルバチコ,落合幸弘
ルッジェーロ,村木隆
ルッチョーラ,畑佐博
ルティナアスール,アスール
ルティレ,Ｇ１レーシング
ルテリブル,ノルマンディーサラブレッドレーシング
ルディシャ,ＪＰＮ技研
ルディック,キャロットファーム
ルディドゥゲンジ,ミルファーム
ルデュック,シルクレーシング
ルトゥール,社台レースホース
ルトラセ,Ｇ１レーシング
ルトレフル,平井裕
ルトロヴァイユ,古川一弘
ルトンワージ,小田吉男
ルドラクシャ,ミルファーム
ルドルフィーナ,ヒダカ・ブリーダーズ・ユニオン
ルドンカズマ,雅苑興業
ルドヴィカ,小泉修
ルドヴィクス,村木克子
ルドヴィコ,吉田和美
ルナエクリプス,吉田晴哉
ルナエスメラルダ,ライオンレースホース
ルナエルモッサ,岡田牧雄
ルナカカオ,北畑忍
ルナカリーナ,江川伸夫
ルナシオン,シルクレーシング
ルナスティール,大戸志浦
ルナステラ,シルクレーシング
ルナソル,シルクレーシング
ルナソルガール,雅苑興業
ルナティアーラ,ＤＭＭドリームクラブ
ルナティックアイ,鈴木康弘
ルナティックブルー,ＫＨレーシング
ルナドロップ,島川隆哉
ルナノーヴァ,ノルマンディーサラブレッドレーシング
ルナハーモニー,岡田牧雄
ルナパッショーネ,ＫＯＪＩＭＡレーシング
ルナビス,阿部東亜子
ルナピエナ,ゴドルフィン
ルナフィオーレ,ＹＧＧホースクラブ
ルナフェイズ,ヒダカ・ブリーダーズ・ユニオン
ルナフラッシュ,友水達也
ルナブランカ,ヒダカ・ブリーダーズ・ユニオン
ルナブリエ,池田草龍
ルナプレス,大戸志浦
ルナプローブ,江川伸夫
ルナベイル,シルクレーシング
ルナランス,前川企画
ルナリュミエール,京都ホースレーシング
ルナルーチェット,社台レースホース
ルナレインボー,高昭牧場
ルナヴェローチェ,ＴＯＲＡＣＩＮＧ
ルナーアピール,ゴドルフィン
ルナーサウスポール,窪田芳郎
ルナーファントム,中越達也
ルナーマンス,ゴドルフィン
ルナーランダー,ゴドルフィン
ルナール,槙和美
ルナーレス,日東牧場
ルネイション,ゴドルフィン
ルネッタ,ノルマンディーサラブレッドレーシング
ルノマド,エキュリ・Ｍ．オッフェンスタッド＆スタンフォードＢ
ルノワール,カナヤマホールディングス
ルバクオーリ,サンデーレーシング
ルバート,Ｇ１レーシング
ルパピヨンブラン,高橋明裕
ルパルテール,ヒダカ・ブリーダーズ・ユニオン
ルパンスール,ゴドルフィン
ルパンモージュ,加藤誠
ルパヴィヨン,吉田照哉
ルビコントレイル,田畑利彦
ルビドゥソレイユ,ラ・メール
ルビーエクリプス,飯田正剛
ルビーカサブランカ,金子真人ホールディングス
ルビーガール,コスモヴューファーム
ルビーサンセット,吉田和美
ルビースター,林正道
ルビータイプ,ビッグレッドファーム
ルビーブロンド,京都ホースレーシング
ルビーポート,ターフ・スポート
ルピコラ,ディアレストクラブ
ルピナスアイ,大久保典義
ルピナスガーデン,スリースターズレーシング
ルピナステソーロ,了徳寺健二ホールディングス
ルピナスメアー,村上憲政
ルピナスリード,ターフ・スポート
ルファーダ,奥雅哉
ルフィアンキック,ＫＩＣレーシング
ルフォール,サンデーレーシング
ルフトクス,キャロットファーム
ルフトシュトローム,サンデーレーシング
ルフトブリュッケ,奥雅哉
ルフランエトワール,ヒダカ・ブリーダーズ・ユニオン
ルフレシャンス,松岡研司
ルフレーヴ,長谷川祐司
ルブアルハリ,手嶋康雄
ルブラッシュノモー,伊藤公一
ルブリアン,ＧＥＴＮＥＸＴ
ルプランドル,ＫＡＪＩＭＯＴＯホールディングス
ルプリュフォール,名古屋友豊
ルプルミエラムール,高村晶彦
ルプレジール,社台レースホース
ルベライトテソーロ,了徳寺健二ホールディングス
ルベリエ,社台レースホース
ルベルアージ,前田幸治
ルペイドゥロール,岡田牧雄
ルペルカーリア,キャロットファーム
ルペルクス,京都ホースレーシング
ルペールノエル,ヒダカ・ブリーダーズ・ユニオン
ルボヌール,窪田芳郎
ルボーカドゥー,吉田照哉
ルボートン,吉田千津
ルマンサルト,ローレルレーシング
ルマーカーブル,伊達敏明
ルミア,岡田隆寛
ルミエールイリゼ,名古屋友豊
ルミエールソレイユ,岡田牧雄
ルミエールドゥース,Ｇ１レーシング
ルミタン,イクタ
ルミッキ,吉田照哉
ルミテュット,シルクレーシング
ルミナスアイ,鈴木正浩
ルミナスアロー,杉山忠国
ルミナスウォリアー,中西功
ルミナスゲート,ゴドルフィン
ルミナスコースト,中島俊房
ルミナスサンライズ,松岡隆雄
ルミナスジェム,Ｇ１レーシング
ルミナスソード,レッドマジック
ルミナスナイト,岡田牧雄
ルミナスビューティ,ヒダカ・ブリーダーズ・ユニオン
ルミナスピラー,阿津昌弘
ルミナスフラックス,ライオンレースホース
ルミナスブルー,石瀬浩三
ルミナスボディ,中村伊三美
ルミナスライン,ブルースターズファーム
ルミナスレイナ,村山卓也
ルミナリアス,京都ホースレーシング
ルミナリースピン,中村昭博
ルミナヴィクター,田畑勝彦
ルミネイト,ゴドルフィン
ルミノメテオール,尾上松壽
ルミノルシファー,尾上松壽
ルミノヴァンクール,尾上松壽
ルミライズ,吉岡輝美
ルミリオン,村木慎吾
ルミリンナ,ＹＧＧホースクラブ
ルムロン,ノルマンディーサラブレッドレーシング
ルメッサージュ,キャロットファーム
ルモンテ,柴原榮
ルモンド,山紫水明
ルモンドブリエ,社台レースホース
ルモーン,畑佐博
ルラクソント,ビッグレッドファーム
ルリアン,サンデーレーシング
ルリアンシップ,下河辺牧場
ルリアンフォール,前田幸治
ルリアンヴェール,大樹ファーム
ルリイロ,石井輝昭
ルリエアンレーヴ,白石明日香
ルリエーヴル,サンデーレーシング
ルリオウ,大塚亮一
ルリジオン,Ｇ１レーシング
ルリハリ,ビッグレッドファーム
ルリマツリムーン,イクタ
ルリモンハナバチ,鳴田啓志
ルリユール,水上行雄
ルルシュシュ,Ｇリビエール・レーシング
ルルディルッカ,ディアレストクラブ
ルルド,ノルマンディーサラブレッドレーシング
ルルネージュ,ディアレストクラブ
ルルハート,佐藤牧場
ルルファーレ,的場徹
ルルフィーユ,酒井孝敏
ルルマーレ,的場徹
ルルルージュ,的場徹
ルルローズ,的場徹
ルルーディ,吉野加壽代
ルレーブアマゾン,クラウン
ルレーヴドゥリリ,加藤誠
ルロワ,長谷川祐司
ルワンジュ,ノルマンディーサラブレッドレーシング
ルンナノオクリモノ,小坂功
ルンベーラ,コロンバスサークル
ルンメニゲ,三岡陽
ルンルンキャット,高昭牧場
ルンルンクオリティ,高昭牧場
ルンルンバニラ,高昭牧場
ルンルンヘレンド,高昭牧場
ルヴァレドクール,吉田晴哉
ルヴァロワール,中村忠彦
ルヴァン,キャロットファーム
ルヴァンギラ,辻高史
ルヴァンタドゥール,芳賀美知子
ルヴァンダル,辻高史
ルヴァンノワール,ＶｉｒｉｄｉａｎＫｅｉｂａＣｌｕｂ
ルヴァンユニベール,住宅データ
ルヴァンヴェール,グリーンファーム
ルヴィアス,小泉修
ルヴィーヴル,社台レースホース
ルヴェネ,米津佳昭
ルヴェルジェ,ノルマンディーサラブレッドレーシング
ルヴェルソー,グリーンファーム
ルヴェルディ,サンデーレーシング
ルヴェルリドー,Ｇ１レーシング
ルヴォルグ,フクキタル
ルヴォワール,キャロットファーム
ルヴォンサンライズ,松岡隆雄
ルヴニール,ローレルレーシング
ルヴュー,ディアレストクラブ
ルヴレアール,ライオンレースホース
ルー,武田茂男
ルーアン,下河辺俊行
ルーカス,シルクレーシング
ルーカスミノル,吉岡輝美
ルークウォーム,ゴドルフィン
ルークスイテルム,岡田牧雄
ルークススペイ,岩崎伸道
ルークスヘリオス,岡田牧雄
ルークズネスト,窪田芳郎
ルークピオーネ,ディアレストクラブ
ルーサー,山口功一郎
ルーシアン,シミズレーシング
ルーシッド,広尾レース
ルーシー,薪浦亨
ルージュアイトーン,東京ホースレーシング
ルージュアイラ,東京ホースレーシング
ルージュアウラ,東京ホースレーシング
ルージュアグライア,東京ホースレーシング
ルージュアストレア,東京ホースレーシング
ルージュアズライト,東京ホースレーシング
ルージュアテナ,東京ホースレーシング
ルージュアドラブル,東京ホースレーシング
ルージュアベリア,東京ホースレーシング
ルージュアマリア,東京ホースレーシング
ルージュアマルフィ,東京ホースレーシング
ルージュアリエル,東京ホースレーシング
ルージュアリスタ,東京ホースレーシング
ルージュアリュール,東京ホースレーシング
ルージュアルル,東京ホースレーシング
ルージュイストリア,東京ホースレーシング
ルージュイデアル,東京ホースレーシング
ルージュエクセル,東京ホースレーシング
ルージュエクレール,東京ホースレーシング
ルージュエテルナ,東京ホースレーシング
ルージュエトワール,東京ホースレーシング
ルージュエピス,東京ホースレーシング
ルージュエピック,東京ホースレーシング
ルージュエリシア,東京ホースレーシング
ルージュエヴァイユ,東京ホースレーシング
ルージュオニキス,東京ホースレーシング
ルージュオブグレイ,ＨｉｍＲｏｃｋＲａｃｉｎｇホールディングス
ルージュカエラ,東京ホースレーシング
ルージュカプシーヌ,東京ホースレーシング
ルージュカプリス,友駿ホースクラブ
ルージュカリーナ,東京ホースレーシング
ルージュカルデア,東京ホースレーシング
ルージュカルミア,東京ホースレーシング
ルージュキッス,ヒダカ・ブリーダーズ・ユニオン
ルージュキャルト,東京ホースレーシング
ルージュクオーレ,東京ホースレーシング
ルージュクライト,東京ホースレーシング
ルージュクレセント,東京ホースレーシング
ルージュグラース,東京ホースレーシング
ルージュグレイシア,東京ホースレーシング
ルージュサウダージ,東京ホースレーシング
ルージュサクシード,東京ホースレーシング
ルージュサリナス,東京ホースレーシング
ルージュサンセール,東京ホースレーシング
ルージュサンライズ,松岡隆雄
ルージュシェノン,東京ホースレーシング
ルージュシャラポワ,東京ホースレーシング
ルージュシャルマン,東京ホースレーシング
ルージュシュエット,東京ホースレーシング
ルージュシークエル,東京ホースレーシング
ルージュジェイム,東京ホースレーシング
ルージュジャドール,東京ホースレーシング
ルージュスエルテ,東京ホースレーシング
ルージュスタニング,東京ホースレーシング
ルージュスティリア,東京ホースレーシング
ルージュスティーズ,東京ホースレーシング
ルージュスプリヤ,東京ホースレーシング
ルージュセイレーン,東京ホースレーシング
ルージュセリーズ,シルクレーシング
ルージュセレスト,東京ホースレーシング
ルージュソムニウム,東京ホースレーシング
ルージュソリテール,東京ホースレーシング
ルージュダズリング,東京ホースレーシング
ルージュダリア,東京ホースレーシング
ルージュチルル,東京ホースレーシング
ルージュティアーモ,東京ホースレーシング
ルージュディザイア,東京ホースレーシング
ルージュナディア,東京ホースレーシング
ルージュナリッシュ,東京ホースレーシング
ルージュノブレス,東京ホースレーシング
ルージュノヴァ,田頭勇貴
ルージュバロン,東京ホースレーシング
ルージュパラディ,東京ホースレーシング
ルージュパルファン,東京ホースレーシング
ルージュビバーチェ,東京ホースレーシング
ルージュピエンツァ,東京ホースレーシング
ルージュピルエット,東京ホースレーシング
ルージュフィーリア,東京ホースレーシング
ルージュフェリーク,東京ホースレーシング
ルージュフォンセ,ヒダカ・ブリーダーズ・ユニオン
ルージュフレイヤ,東京ホースレーシング
ルージュフローラ,東京ホースレーシング
ルージュブラゾン,東京ホースレーシング
ルージュブラン,東京ホースレーシング
ルージュブリッツ,東京ホースレーシング
ルージュプリエール,東京ホースレーシング
ルージュプルーヴ,東京ホースレーシング
ルージュプレジール,東京ホースレーシング
ルージュベラドンナ,東京ホースレーシング
ルージュベルベット,東京ホースレーシング
ルージュベルメール,東京ホースレーシング
ルージュボニート,東京ホースレーシング
ルージュボヤージュ,東京ホースレーシング
ルージュマシェリ,東京ホースレーシング
ルージュマデイラ,東京ホースレーシング
ルージュマローネ,東京ホースレーシング
ルージュミシェル,東京ホースレーシング
ルージュミステリオ,東京ホースレーシング
ルージュミネルバ,東京ホースレーシング
ルージュミラージュ,東京ホースレーシング
ルージュミレネール,東京ホースレーシング
ルージュメアリー,東京ホースレーシング
ルージュメアート,東京ホースレーシング
ルージュメイベル,東京ホースレーシング
ルージュメサージュ,東京ホースレーシング
ルージュライゼ,東京ホースレーシング
ルージュラジョア,東京ホースレーシング
ルージュラティーナ,東京ホースレーシング
ルージュラテール,東京ホースレーシング
ルージュラナキラ,東京ホースレーシング
ルージュラピュセル,東京ホースレーシング
ルージュラフェリア,東京ホースレーシング
ルージュラベル,東京ホースレーシング
ルージュラボーテ,東京ホースレーシング
ルージュラメンテ,東京ホースレーシング
ルージュランブル,東京ホースレーシング
ルージュリエカ,東京ホースレーシング
ルージュリオンヌ,東京ホースレーシング
ルージュリッシュ,東京ホースレーシング
ルージュリナージュ,東京ホースレーシング
ルージュリリカル,東京ホースレーシング
ルージュリリック,東京ホースレーシング
ルージュリヴィエラ,東京ホースレーシング
ルージュルガーノ,東京ホースレーシング
ルージュルパン,島川隆哉
ルージュルミナス,東京ホースレーシング
ルージュルリアン,東京ホースレーシング
ルージュルージュ,馬目卓
ルージュレアリーズ,東京ホースレーシング
ルージュレイア,東京ホースレーシング
ルージュレイナス,東京ホースレーシング
ルージュレクラン,東京ホースレーシング
ルージュレベッカ,東京ホースレーシング
ルージュレヴール,東京ホースレーシング
ルージュロッサ,東京ホースレーシング
ルージュロマーナ,東京ホースレーシング
ルージュロンサール,三田昌宏
ルージュロンド,東京ホースレーシング
ルージュワトル,東京ホースレーシング
ルージュヴィッフ,東京ホースレーシング
ルージュヴィーナス,東京ホースレーシング
ルージュヴィーヴル,東京ホースレーシング
ルージュヴェルダ,東京ホースレーシング
ルース,山田和夫
ルースソラール,社台レースホース
ルーストカール,ヒダカファーム
ルーズベルトゲーム,社台レースホース
ルーセントスカイ,Ｇ１レーシング
ルーセントムーン,村島聡乃
ルーターズ,ヒダカ・ブリーダーズ・ユニオン
ルーチェコメット,岡田隆寛
ルーチェステラーレ,大樹ファーム
ルーチェソラーレ,岡田牧雄
ルーチェット,前田幸治
ルーチェディルーナ,ヒダカ・ブリーダーズ・ユニオン
ルーチェデラヴィタ,安原浩司
ルーチェドーロ,ディアレストクラブ
ルーチェビアンカ,グリーンファーム
ルーチェフィオーレ,ロードホースクラブ
ルーチェルナーレ,大塚亮一
ルーチェロッサ,ノルマンディーサラブレッドレーシング
ルーツドール,サンデーレーシング
ルーティンベル,鈴木芳夫
ルーティーン,大森悌次
ルートサブロク,ミルファーム
ルートサーティーン,Ｇ１レーシング
ルーナ,天堀忠博
ルーナクオーレ,落合幸弘
ルーナセレナータ,吉田好雄
ルーナチュラリー,吉澤ホールディングス
ルーナディサングエ,吉田勝利
ルーナビアンカ,コスモヴューファーム
ルーナフォンテン,吉橋興生
ルーパステソーロ,了徳寺健二ホールディングス
ルーフ,白日光
ルーフォン,ＮＩＣＫＳ
ルーフオブヘヴン,吉田晴哉
ループアンドループ,松谷翔太
ルーベンス,池谷誠一
ルーポ,前田葉子
ルーマニアンウルフ,飯田正剛
ルーマーミル,ゴドルフィン
ルーメン,ローレルレーシング
ルーモス,山本武司
ルーラルハピネス,キャロットファーム
ルーラーキング,宮本貞雄
ルーラーザクイーン,サイプレスホールディングス
ルーラーソニオ,森国形
ルーラータイム,酒井喜生
ルーラーリッチ,宇田豊
ルーリング,Ｇ１レーシング
ルーリングクラス,キャロットファーム
ルールオブサム,前田幸治
ルールオブルーラー,諸江幸祐
ルールオーヴァー,ノルマンディーサラブレッドレーシング
ルールザウイングス,橋本浩
ルールザウェイヴ,大塚亮一
ルールシェーバー,儀賀好子
ルールソヴァール,ノルマンディーサラブレッドレーシング
ルールダーマ,儀賀好子
ルールメイプル,儀賀好子
ルールーリマ,ノースヒルズ
ルーレットエルフ,ヒダカ・ブリーダーズ・ユニオン
ルーン,中辻明
ルーンファクター,ミレレーシング
ルーヴェローチェ,石瀬浩三
レアアース,寺田寿男
レアグリフォン,ノルマンディーサラブレッドレーシング
レアシャンパーニュ,大塚亮一
レアジーニアス,岡田牧雄
レアバード,田中春美
レアフィード,シルクレーシング
レアマカナ,ローレルレーシング
レアリアルノーヴ,西田順彦
レアリサンド,ターフ・スポート
レアリザシオン,シルクレーシング
レアリザトゥール,京都ホースレーシング
レアリスタ,キャロットファーム
レアリゼアンレーヴ,キャロットファーム
レアリゼソンレーヴ,前田幸大
レアリーズレーヴ,サラブレッドクラブ・ラフィアン
レアリーゼ,ノルマンディーサラブレッドレーシング
レアルシチー,友駿ホースクラブ
レアルタッド,吉田晴哉
レアレア,武田修
レアンカルナシオン,ＤＭＭドリームクラブ
レアンダー,奥雅哉
レアード,ゴドルフィン
レイ,甘糟麗子
レイアポポ,ヒダカ・ブリーダーズ・ユニオン
レイアリイ,ニッシンホールディングス
レイアロハ,ヒダカ・ブリーダーズ・ユニオン
レイアン,川勝裕之
レイエスプランドル,サンデーレーシング
レイエル,ザ・チャンピオンズ
レイエンダ,キャロットファーム
レイオブウォーター,大塚亮一
レイオブファイア,ＫＨレーシング
レイオーバー,ミルファーム
レイカットスルー,ライオンレースホース
レイキャネス,村木克子
レイクイーン,杉山忠国
レイククイ,ニッシンホールディングス
レイククレセント,社台レースホース
レイクスター,長谷川守正
レイクストライプス,シルクレーシング
レイクトロシュナ,キャロットファーム
レイクビワ,ニッシンホールディングス
レイクマッジョーレ,ゴドルフィン
レイクマーティア,西森功
レイクラシック,長谷川守正
レイクリエイター,松岡隆雄
レイゲツニヤワラグ,内田玄祥
レイコックアビー,シルクレーシング
レイサンソク,岡浩二
レイザリオ,ケイズジャパン
レイザーズエッジ,ヒダカ・ブリーダーズ・ユニオン
レイシン,田中春美
レイジングウェイブ,キャロットファーム
レイジングスラスト,吉澤ホールディングス
レイジングブレイズ,サンデーレーシング
レイジングラン,松尾正
レイジングリヴァー,岡田牧雄
レイズアフォレスト,山上和良
レイズアフラッグ,Ｇ１レーシング
レイズアベール,サンデーレーシング
レイズオブスター,コスモヴューファーム
レイズカイザー,吉井盛治
レイズサンライズ,吉井盛治
レイズザリミッツ,吉田安惠
レイズショコラ,吉井盛治
レイズテンペスト,吉井盛治
レイズトワイライト,吉井盛治
レイズミーアップ,松田整二
レイズルノワール,吉井盛治
レイズレガシー,吉井盛治
レイダンジチ,金山克己
レイダー,石川達絵
レイチェリー,佐藤壽男
レイチェルバローズ,猪熊広次
レイテスツドリーム,小原準一郎
レイテントロアー,矢野秀春
レイデアスール,シルクレーシング
レイデアルマス,サンデーレーシング
レイデアンジェロ,ＤＭＭドリームクラブ
レイデオロ,キャロットファーム
レイデマー,戸佐眞弓
レイデラティエラ,一村哲也
レイデラルース,ＤＭＭドリームクラブ
レイデルマール,ノルマンディーサラブレッドレーシング
レイトカンセイオー,村田能光
レイトブルーミング,ジーホース
レイトンヒル,ゴドルフィン
レイド,前田幸治
レイドデザート,奥裕嗣
レイドフルール,琴浦諒
レイナアブソルータ,岡田牧雄
レイナアレナ,京都ホースレーシング
レイナエヴィータ,Ｇ１レーシング
レイナサグラーダ,シルクレーシング
レイナサンライズ,松岡隆雄
レイナジャスミン,藤沼利夫
レイナデアルシーラ,グリーンファーム
レイナデルアイレ,ライオンレースホース
レイナデルビエント,佐々木雄二
レイナドラーダ,シルクレーシング
レイナバレンティア,ＫＲジャパン
レイナブローニュ,山本又一郎
レイナプルーマ,水上ふじ子
レイナロハルンバ,コロンバスサークル
レイナローサ,ノースヒルズ
レイニング,キャロットファーム
レイニングキャット,小田吉男
レイニーウェイ,鈴木邦英
レイニーデイ,大塚亮一
レイヌドサーブル,Ｇ１レーシング
レイヌドプランタン,吉田晴哉
レイネイル,フォレストレーシング
レイノルズナンバー,風早信昭
レイハリア,ヒダカ・ブリーダーズ・ユニオン
レイバックスピン,川勝裕之
レイバックターン,谷掛龍夫
レイバーリフォーム,Ｇ１レーシング
レイパパレ,キャロットファーム
レイヒストリコ,シルクレーシング
レイビル,飯田正剛
レイピア,前田晋二
レイピカケ,甘糟裕介
レイフォール,落合幸弘
レイフル,キャロットファーム
レイフロレット,犬飼優
レイベリング,ビッグレッドファーム
レイホーキング,永井啓弍
レイホープ,ディアレストクラブ
レイホーロマンス,永井啓弍
レイム,ローレルレーシング
レイメイ,岡浩二
レイモミ,ニッシンホールディングス
レイモンドバローズ,猪熊広次
レイヤー,ノースヒルズ
レイヤードホワイト,ミルファーム
レイヤードレッド,ミルファーム
レイユール,榊原源一郎
レイラインシチー,友駿ホースクラブ
レイランディ,グリーンファーム
レイリ,前田幸治
レイリオン,キャロットファーム
レイリースピリット,山田裕二
レイルチル,上田忠男
レイレフア,ノルマンディーサラブレッドレーシング
レイワエポック,松岡研司
レイワガンタン,松本俊廣
レイワクイーン,シンボリ牧場
レイワサンサン,松岡研司
レイワシンザン,岡田牧雄
レイワシンセカイ,藤田好紀
レイワノキセキ,猪又晶介
レイワノサクラ,福本次雄
レイワノホシ,松岡研司
レイワハルカ,松岡研司
レイワフリューゲル,ＫＲジャパン
レイワプリンセス,菅藤孝雄
レイワホマレ,松岡研司
レイワミノル,松岡研司
レインアルテイシア,西田順彦
レインオンミー,平田修
レインカルナティオ,サンデーレーシング
レインシュプリーム,ヒダカ・ブリーダーズ・ユニオン
レインチェック,ゴドルフィン
レインツリー,ノースヒルズ
レインフロムヘヴン,社台レースホース
レインボーウェザー,ＴＧレーシング
レインボーウォリア,ミルファーム
レインボーエンゼル,イーデン産業
レインボーカロル,高昭牧場
レインボーギフト,北村和江
レインボークラウド,吉田安惠
レインボースター,伊藤泰子
レインボーステート,シルクレーシング
レインボーティアラ,吉田勝己
レインボートパーズ,田頭勇貴
レインボーナンバー,サンデーレーシング
レインボーバローズ,猪熊広次
レインボーヒル,上茶谷一
レインボービーム,北原光一郎
レインボーフラッグ,グリーンファーム
レインボーフラワー,サラブレッドクラブ・ラフィアン
レインボーブリッジ,保坂和孝
レインボーミスト,吉田照哉
レインボーメイプル,大島豊彦
レインボーラッキー,ＧＥＴＮＥＸＴ
レインボーリング,吉田ひとみ
レインボーロード,三田昌宏
レインボーワールド,福田光博
レインメーカー,原禮子
レイヴンキング,ノルマンディーサラブレッドレーシング
レイヴンズコー,ゴドルフィン
レイーナアスール,アスール
レウェルティ,野嶋祥二
レウコテア,Ｇ１レーシング
レオ,ニッシンホールディングス
レオアジャイル,レオ
レオアトロポス,レオ
レオアメニティー,レオ
レオアルティメット,レオ
レオインテンシブ,レオ
レオエンプレス,レオ
レオカクテル,レオ
レオキー,親川智行
レオクイック,坂田行夫
レオクマッキイ,アパルーサレーシング
レオコックブルー,親川智行
レオスキーム,レオ
レオステップアップ,レオ
レオスパンキー,レオ
レオスパーク,レオ
レオダーム,親川智行
レオテソーロ,了徳寺健二ホールディングス
レオテミス,レオ
レオナイン,野田善己
レオナルド,ゴドルフィン
レオナルドスター,森本研太
レオニーノ,畑佐博
レオネッサ,シルクレーシング
レオノーレ,前田幸大
レオハイセンス,レオ
レオパルツェ,レオ
レオパルドミノル,吉岡實
レオビヨンド,レオ
レオファイナリスト,レオ
レオフューチャー,親川智行
レオプルミエール,レオ
レオプレシード,レオ
レオプレセア,レオ
レオボヌール,レオ
レオマニフィク,レオ
レオミネルバ,レオ
レオライジング,レオ
レオラピッド,レオ
レオリアライズ,レオ
レオレコメンド,レオ
レオンコロナ,山口敦広
レオンティウス,小山大介
レオンドーロ,ビッグレッドファーム
レオンバルディア,フィールドレーシング
レオンバローズ,猪熊広次
レオンフォルテ,Ｇ１レーシング
レオンベルガー,村木隆
レガ,榊原浩一
レガシーオブエリザ,吉田勝己
レガッタ,寺田寿男
レガテアドール,ローレルレーシング
レガトゥス,サンデーレーシング
レガメデルヴェント,街風隆雄
レガラール,キャロットファーム
レガリア,カナヤマホールディングス
レガリアーナ,中塚孝明
レガリーノ,林正道
レガレイラ,サンデーレーシング
レガロフィオリ,ヒダカ・ブリーダーズ・ユニオン
レガント,Ｇ１レーシング
レガーミ,名古屋友豊
レガーメ,Ｇリビエール・レーシング
レガーメダモーレ,キャロットファーム
レガーメペスカ,山田信太郎
レガーリデルソーレ,ライオンレースホース
レガーロカリーノ,サンデーレーシング
レガーロデルシエロ,サンデーレーシング
レガーロフェリス,ビッグレッドファーム
レガーロブロッサム,グリーンファーム
レキオノユメ,多田賢司
レギウス,石井輝昭
レクエルダメ,ビッグレッドファーム
レクエルド,ライオンレースホース
レクシー,ＧＥＴＮＥＸＴ
レクスノヴァス,ノルマンディーサラブレッドレーシング
レクスミノル,吉岡實
レクセランス,シルクレーシング
レクタアーバ,イクタ
レクランスリール,グリーンファーム
レクレール,西森功
レクレールドパリ,吉田千津
レグザゴン,諸江幸祐
レグナム,カナヤマホールディングス
レグノ,ターフライズ
レグラヴィエール,ヒダカ・ブリーダーズ・ユニオン
レグルレガリス,ノルマンディーサラブレッドレーシング
レグロスヴァーグ,前田晋二
レゲエパンチ,ウエスト．フォレスト．ステイブル
レゲエビーチ,林正道
レゲンダアウレア,サンデーレーシング
レゲンデ,林正道
レコルダーレ,グリーンファーム
レコレクション,日進牧場
レコレータ,サンデーレーシング
レコンキスタ,村野康司
レコードチェイサー,グランド牧場
レゴリス,ノルマンディーサラブレッドレーシング
レゴーラドーロ,Ｇ１レーシング
レサイヤ,落合稔
レサラダアスール,アスール
レザネフォール,前田幸貴
レザベーション,中村伊三美
レザン,ビッグレッドファーム
レザンクレール,キャロットファーム
レザンノワール,ノルマンディーサラブレッドレーシング
レザーアンドレース,吉田照哉
レシェルドランジュ,キャロットファーム
レシステンシア,キャロットファーム
レシプロケイト,ゴドルフィン
レシプロシティ,社台レースホース
レシャバール,Ｇ１レーシング
レジイナアン,ＴＵＲＦレーシング
レジェスティーナ,佐藤牧場
レジェモー,吉田照哉
レジェルテ,ライオンレースホース
レジェンダイズ,社台レースホース
レジェンダシチー,友駿ホースクラブ
レジェンダリーデイ,岡田牧雄
レジェンディスト,吉田照哉
レジェンド,西村健
レジェンドシップ,ＤＭＭドリームクラブ
レジェンドセラー,Ｇ１レーシング
レジェンドソウル,落合幸弘
レジェンドパワー,西村新一郎
レジェンドヴァーサ,本間茂
レジェーロ,山本剛士
レジオンドヌール,岡田牧雄
レジオンポレール,社台レースホース
レジスタンスミノル,吉岡實
レジスタントスター,中西功
レジットダンサーズ,フィールドレーシング
レジポッセ,フィールドレーシング
レジャンドローズ,京都ホースレーシング
レジュノア,京都ホースレーシング
レジュレクシオン,京都ホースレーシング
レジュークレール,山下貴
レジュールウール,ロードホースクラブ
レジョンデロル,広尾レース
レジリエンススター,フィールドレーシング
レジリエンスブルー,ＹＧＧホースクラブ
レジリエント,栗坂崇
レジーテソーロ,了徳寺健二ホールディングス
レジーナクィーン,坂田行夫
レジーナサンライズ,松岡隆雄
レジーナシルバルム,シルクレーシング
レジーナスミス,永山勝敏
レジーナチェリ,ビッグレッドファーム
レジーナテンペスタ,生垣博志
レジーナデッラネラ,グリーンファーム
レジーナトウショウ,永山勝敏
レジーナドーロ,Ｇ１レーシング
レジーナヌーボ,永山勝敏
レジーナピアノ,永山勝敏
レジーナファースト,ライオンレースホース
レジーナフォルテ,永山勝敏
レジーナルージュ,永山勝敏
レジーナレガリア,キャロットファーム
レジーナローズ,永山勝敏
レジームチェンジ,ゴドルフィン
レスタメンテ,ローレルレーシング
レスター,広尾レース
レステダンルヴァン,街風隆雄
レストア,ノースヒルズ
レストプレドゥモア,下河辺隆行
レストレーション,岡田牧雄
レストンベ,スリーエイチレーシング
レスプロンディール,中辻明
レスペディーザ,ＮＩＣＫＳ
レスールドマカロン,栗山良子
レズルレクティオ,スリーエイチレーシング
レセダ,藤沼利夫
レセディラローナ,下河辺牧場
レゼルノワール,ヒダカ・ブリーダーズ・ユニオン
レゼルフォート,キャロットファーム
レゼール,安原浩司
レゼールドラペ,岡田牧雄
レゾリュート,シルクレーシング
レゾルシオン,前田幸貴
レゾルーティオ,サンデーレーシング
レゾルートハート,吉田晴哉
レゾンデートル,ミルファーム
レゾンドゥスリール,シルクレーシング
レゾンフォルテ,安原浩司
レタラ,飯田正剛
レターオンザサンド,小川勲
レターフロムパリ,嶋田賢
レターマイハート,嶋田賢
レダアトミカ,キャロットファーム
レチクル,ジェネラルレーシング
レックストレメンデ,ウエスト．フォレスト．ステイブル
レッグスルー,山口功一郎
レッジェランツァ,サンデーレーシング
レッジェンダ,吉田千津
レッジェンダペスカ,山田信太郎
レッジャードロ,大谷正嗣
レッジョエミリア,小原準一郎
レッセパッセ,ビッグレッドファーム
レッチェバロック,吉田和美
レッチュベルク,村木克子
レッツエンジョイ,吉澤ホールディングス
レッツゴーアスク,廣崎利洋ＨＤ
レッツゴーゲレイロ,西村新一郎
レッツゴードンキ,廣崎利洋ＨＤ
レッツゴーヒカリ,永見貴昭
レッツゴーファイト,西村新一郎
レッツゴームーチョ,廣崎利洋ＨＤ
レッツゴーローズ,水谷光太郎
レッツダンス,田島榮二郎
レッツドゥイット,日下部勝徳
レッツハイファイヴ,ビッグレッドファーム
レッツプロミス,ミルファーム
レッツリブオン,ミルファーム
レッティングゴー,薪浦亨
レットイットゴー,宮田直也
レットハーゴー,ゴドルフィン
レットフィールマン,畑佐博
レットミーアウト,サラブレッドクラブ・ラフィアン
レットミーゴー,今村明浩
レットミーテイク,ＶｉｒｉｄｉａｎＫｅｉｂａＣｌｕｂ
レッドアイスピア,コージーレーシング
レッドアウェイク,東京ホースレーシング
レッドアウレア,東京ホースレーシング
レッドアウローラ,東京ホースレーシング
レッドアクトゥール,東京ホースレーシング
レッドアクトレス,東京ホースレーシング
レッドアステル,東京ホースレーシング
レッドアストラム,東京ホースレーシング
レッドアスラン,東京ホースレーシング
レッドアスール,東京ホースレーシング
レッドアダン,東京ホースレーシング
レッドアデニウム,東京ホースレーシング
レッドアトゥ,東京ホースレーシング
レッドアトラーニ,東京ホースレーシング
レッドアトレーヴ,東京ホースレーシング
レッドアネモス,東京ホースレーシング
レッドアネラ,東京ホースレーシング
レッドアマポーラ,紅露純
レッドアムニス,東京ホースレーシング
レッドアルジーヌ,東京ホースレーシング
レッドアルティスタ,東京ホースレーシング
レッドアルディ,東京ホースレーシング
レッドアルビオン,東京ホースレーシング
レッドアルベール,東京ホースレーシング
レッドアルマーダ,東京ホースレーシング
レッドアレグロ,東京ホースレーシング
レッドアンシェル,東京ホースレーシング
レッドアヴァンティ,東京ホースレーシング
レッドアヴィオン,東京ホースレーシング
レッドアヴニール,東京ホースレーシング
レッドアーサー,東京ホースレーシング
レッドアーネスト,東京ホースレーシング
レッドアーバイン,東京ホースレーシング
レッドアーラ,東京ホースレーシング
レッドイグニス,東京ホースレーシング
レッドイステル,東京ホースレーシング
レッドイストワール,東京ホースレーシング
レッドイリーゼ,東京ホースレーシング
レッドインサイト,東京ホースレーシング
レッドインタクト,東京ホースレーシング
レッドインテンス,小島俊治
レッドウィズダム,東京ホースレーシング
レッドウッドヒル,那須野牧場
レッドエウロス,東京ホースレーシング
レッドエステーラ,東京ホースレーシング
レッドエソール,東京ホースレーシング
レッドエタニティ,東京ホースレーシング
レッドエランドール,東京ホースレーシング
レッドエレノア,東京ホースレーシング
レッドエンヴィー,東京ホースレーシング
レッドエヴァンス,東京ホースレーシング
レッドエーデル,東京ホースレーシング
レッドオリアナ,東京ホースレーシング
レッドオルガ,東京ホースレーシング
レッドオルバース,東京ホースレーシング
レッドオールデン,東京ホースレーシング
レッドカイザー,東京ホースレーシング
レッドカフラー,東京ホースレーシング
レッドカムイ,東京ホースレーシング
レッドカメリア,清水敏
レッドカルマン,東京ホースレーシング
レッドカルム,東京ホースレーシング
レッドカロス,東京ホースレーシング
レッドカード,バンブー牧場
レッドガニアン,東京ホースレーシング
レッドガラン,東京ホースレーシング
レッドキュリアス,東京ホースレーシング
レッドキリアン,東京ホースレーシング
レッドキングリー,東京ホースレーシング
レッドギフテッド,東京ホースレーシング
レッドクライム,東京ホースレーシング
レッドクラーガ,東京ホースレーシング
レッドクレオス,東京ホースレーシング
レッドクレメンス,東京ホースレーシング
レッドクーゲル,東京ホースレーシング
レッドグラティアス,東京ホースレーシング
レッドグレイシャー,東京ホースレーシング
レッドゲイル,東京ホースレーシング
レッドゲルニカ,東京ホースレーシング
レッドゲート,石瀬浩三
レッドコンシール,東京ホースレーシング
レッドコート,一村哲也
レッドコーラル,田畑利彦
レッドサイオン,東京ホースレーシング
レッドサジェス,東京ホースレーシング
レッドサスペンダー,吉田千津
レッドサーシャ,東京ホースレーシング
レッドザグロス,東京ホースレーシング
レッドシノン,東京ホースレーシング
レッドシャドー,中辻明
レッドシャーロット,東京ホースレーシング
レッドシュテルン,東京ホースレーシング
レッドシュトラール,東京ホースレーシング
レッドシュヴェルト,東京ホースレーシング
レッドシリウス,高野葉子
レッドシルヴァーナ,東京ホースレーシング
レッドシルヴィ,東京ホースレーシング
レッドシンシア,東京ホースレーシング
レッドジェダイト,玉井宏和
レッドジェニアル,東京ホースレーシング
レッドジェニファー,東京ホースレーシング
レッドジェネシス,東京ホースレーシング
レッドジェノヴァ,東京ホースレーシング
レッドジェルブロワ,東京ホースレーシング
レッドジェンマ,東京ホースレーシング
レッドジャスパー,田頭勇貴
レッドジャルダン,東京ホースレーシング
レッドジャンヌ,東京ホースレーシング
レッドジョコンダ,東京ホースレーシング
レッドジルベスター,東京ホースレーシング
レッドスウィング,東京ホースレーシング
レッドスティンガー,東京ホースレーシング
レッドストーリア,東京ホースレーシング
レッドスパロー,野村茂雄
レッドスフェーン,東京ホースレーシング
レッドスプリンガー,東京ホースレーシング
レッドセドナ,東京ホースレーシング
レッドセニョール,東京ホースレーシング
レッドセラス,東京ホースレーシング
レッドセリオン,東京ホースレーシング
レッドゼニス,東京ホースレーシング
レッドゼノン,東京ホースレーシング
レッドソニード,東京ホースレーシング
レッドソリッド,東京ホースレーシング
レッドソルダード,東京ホースレーシング
レッドソルテ,東京ホースレーシング
レッドタイラント,東京ホースレーシング
レッドダンルース,東京ホースレーシング
レッドチアフル,紅露純
レッドテリオス,東京ホースレーシング
レッドテンペスト,東京ホースレーシング
レッドディライト,東京ホースレーシング
レッドディーヴァ,紅露純
レッドデクスター,東京ホースレーシング
レッドデュラン,東京ホースレーシング
レッドネビュラ,東京ホースレーシング
レッドハルバード,東京ホースレーシング
レッドバリエンテ,東京ホースレーシング
レッドバルデス,東京ホースレーシング
レッドバレンティア,東京ホースレーシング
レッドバロッサ,東京ホースレーシング
レッドバンデ,東京ホースレーシング
レッドバンディエラ,東京ホースレーシング
レッドパラジウム,東京ホースレーシング
レッドパラス,東京ホースレーシング
レッドパルテール,東京ホースレーシング
レッドヒルシューズ,呉本昌時
レッドピアレス,東京ホースレーシング
レッドファイブ,竹下浩一
レッドファーロ,東京ホースレーシング
レッドフィオナ,東京ホースレーシング
レッドフェリーチェ,紅露純
レッドフェルマータ,東京ホースレーシング
レッドフェルメール,東京ホースレーシング
レッドフランカー,東京ホースレーシング
レッドフラヴィア,東京ホースレーシング
レッドフリーマン,東京ホースレーシング
レッドフレイ,東京ホースレーシング
レッドフレーザー,東京ホースレーシング
レッドフロイデ,東京ホースレーシング
レッドフローガ,東京ホースレーシング
レッドブライトン,東京ホースレーシング
レッドブラスト,東京ホースレーシング
レッドブレンナー,東京ホースレーシング
レッドブロンクス,東京ホースレーシング
レッドプロフェシー,東京ホースレーシング
レッドベスティア,東京ホースレーシング
レッドベルアーム,東京ホースレーシング
レッドベルオーブ,東京ホースレーシング
レッドベルジュール,東京ホースレーシング
レッドベルダンス,東京ホースレーシング
レッドベルディエス,東京ホースレーシング
レッドベルローズ,東京ホースレーシング
レッドベレーザ,東京ホースレーシング
レッドベロム,東京ホースレーシング
レッドペルーシュ,東京ホースレーシング
レッドホット,ノースヒルズ
レッドボヌール,東京ホースレーシング
レッドボブ,エースレーシング
レッドマグナス,東京ホースレーシング
レッドマグノリア,東京ホースレーシング
レッドマジック,藤田晋
レッドマスキュラー,東京ホースレーシング
レッドマリアベール,東京ホースレーシング
レッドマーレ,東京ホースレーシング
レッドミダス,東京ホースレーシング
レッドミラベル,東京ホースレーシング
レッドミラージュ,大島昌也
レッドムルガン,東京ホースレーシング
レッドモアナ,東京ホースレーシング
レッドモンストル,東京ホースレーシング
レッドモンレーヴ,東京ホースレーシング
レッドライジェル,東京ホースレーシング
レッドライデン,東京ホースレーシング
レッドライトニング,東京ホースレーシング
レッドラウダ,東京ホースレーシング
レッドラウル,東京ホースレーシング
レッドラグラス,東京ホースレーシング
レッドラディエンス,東京ホースレーシング
レッドラトゥール,東京ホースレーシング
レッドラパルマ,東京ホースレーシング
レッドラフェスタ,東京ホースレーシング
レッドラマンシュ,東京ホースレーシング
レッドラルジュ,東京ホースレーシング
レッドラルーチェ,東京ホースレーシング
レッドランサー,東京ホースレーシング
レッドランディーニ,東京ホースレーシング
レッドランメルト,東京ホースレーシング
レッドラージャ,東京ホースレーシング
レッドリアライズ,東京ホースレーシング
レッドリガーレ,東京ホースレーシング
レッドリターン,紅露純
レッドリファインド,東京ホースレーシング
レッドリベリウス,東京ホースレーシング
レッドリベルタ,東京ホースレーシング
レッドリボン,甘糟麗子
レッドリュンヌ,Ｍｒ．ホース
レッドルイナール,東京ホースレーシング
レッドルキフェル,東京ホースレーシング
レッドルゼル,東京ホースレーシング
レッドルチア,東京ホースレーシング
レッドルピナス,東京ホースレーシング
レッドルレーヴ,東京ホースレーシング
レッドルヴァンシュ,東京ホースレーシング
レッドルーセント,東京ホースレーシング
レッドルーナ,東京ホースレーシング
レッドルーベンス,東京ホースレーシング
レッドルーヴル,東京ホースレーシング
レッドレイル,東京ホースレーシング
レッドレオン,東京ホースレーシング
レッドレガリア,東京ホースレーシング
レッドレクス,東京ホースレーシング
レッドレグナント,東京ホースレーシング
レッドレグルス,東京ホースレーシング
レッドレジェーラ,東京ホースレーシング
レッドレナート,東京ホースレーシング
レッドレビン,東京ホースレーシング
レッドレフィナード,東京ホースレーシング
レッドレベンディス,東京ホースレーシング
レッドレントラー,東京ホースレーシング
レッドレヴェリー,東京ホースレーシング
レッドロジンカ,東京ホースレーシング
レッドロスタム,東京ホースレーシング
レッドロムルス,東京ホースレーシング
レッドロワ,東京ホースレーシング
レッドローゼス,東京ホースレーシング
レッドヴァイス,東京ホースレーシング
レッドヴァジュラ,東京ホースレーシング
レッドヴァリアート,東京ホースレーシング
レッドヴァレリー,東京ホースレーシング
レッドヴァール,東京ホースレーシング
レッドヴィエント,東京ホースレーシング
レッドヴィータ,紅露純
レッドヴェイパー,東京ホースレーシング
レッドヴェイロン,東京ホースレーシング
レッドヴェルサス,東京ホースレーシング
レッドヴェルティス,東京ホースレーシング
レッドヴェロシティ,東京ホースレーシング
レティキュール,サンデーレーシング
レディアイコ,ローレルレーシング
レディアエラ,野嶋祥二
レディアグレッサー,橋本慎太郎
レディアス,中山栄一
レディアマゾネス,子安裕樹ＲＣ
レディアリエス,友駿ホースクラブ
レディインレッド,窪田康志
レディエンス,栗山良子
レディエンフェイス,キャロットファーム
レディオスカル,冨沢敦子
レディオタイムズ,下河辺隆行
レディオマジック,ＨｉｍＲｏｃｋＲａｃｉｎｇホールディングス
レディオンステージ,グリーンファーム
レディギャング,近藤克麿
レディグレイ,キャロットファーム
レディココア,藤田好紀
レディコートアスク,廣崎利洋ＨＤ
レディゴディヴァ,川崎賢二
レディサン,ＣＨＥＶＡＬＡＴＴＡＣＨＥ
レディステディゴー,社台レースホース
レディズビーク,青芝商事
レディソフィア,安齋廣行
レディトゥアタック,ノースヒルズ
レディトゥフライト,岡田牧雄
レディトゥラン,グランデオーナーズ
レディトゥランブル,古賀慎一
レディナビゲーター,吉田勝己
レディネス,安原浩司
レディバグ,ゴールドアップ・カンパニー
レディバランタイン,丸山担
レディバローズ,猪熊広次
レディバード,吉田和美
レディバードガール,ビッグレッドファーム
レディビートル,ミルファーム
レディフォリア,吉岡泰治
レディフォース,藤田好紀
レディベル,ヒダカ・ブリーダーズ・ユニオン
レディペレグリン,岡田牧雄
レディホークダイヤ,シルクレーシング
レディポワソン,近藤克麿
レディマキシマ,サラブレッドクラブ・ラフィアン
レディマクベス,ゴドルフィン
レディマドンナ,グランド牧場
レディマリオン,吉田勝己
レディマーシャル,吉田千津
レディマーシー,松本俊廣
レディメローラ,松本俊廣
レディリリス,ゴドルフィン
レディレックス,ビッグレッドファーム
レディントン,長谷川祐司
レディヴィクトリア,谷口祐人
レディーアメリア,島川隆哉
レディーエンジェル,エースレーシング
レディーオーソ,吉田勝利
レディーガーネット,山本剛士
レディーキティ,廣崎利洋ＨＤ
レディーゴール,スリーエイチレーシング
レディーシス,谷和光彦
レディーズナイト,池袋レーシング
レディーチカ,キーファーズ
レディードリー,小林博雄
レディーフラッシュ,小林博雄
レディーフランシス,梅澤明
レディーミコノス,吉田照哉
レディーヴァリュー,加藤裕司
レデツカ,徳増栄治
レトルダムール,スピードファーム
レトロタイプ,松本貴嗣
レトロフィット,吉田照哉
レトロフューチャー,ノースヒルズ
レトロブーム,明栄商事
レトロロック,金子真人ホールディングス
レトロワンピース,宮本貞雄
レトワールダムール,吉田千津
レドンホール,キャロットファーム
レナトゥス,岡田牧雄
レナータ,村上卓史
レナーテテソーロ,了徳寺健二ホールディングス
レナーナ,フクキタル
レニュアージュ,シルクレーシング
レネガード,ビッグレッドファーム
レネット,ロードホースクラブ
レネネト,飯田正剛
レノカズマ,雅苑興業
レノヴァール,キャロットファーム
レノーア,畑佐博
レハール,木村廣太
レパルスベイ,谷口悦一
レビジュー,ノースヒルズ
レピアーウィット,金子真人ホールディングス
レピュテーション,グランデオーナーズ
レピュニット,小田吉男
レフィナド,カナヤマホールディングス
レフィナード,エラドゥーラ
レフィノス,吉本雄二
レフティサーリ,Ｇ１レーシング
レフトゥバーズ,池谷誠一
レフトフィールダー,丸岡啓一
レフレクシオ,サンデーレーシング
レフレスカンテ,ディアレストクラブ
レブロン,ビッグレッドファーム
レプス,中村祐子
レプトン,キャロットファーム
レプランシュ,キャロットファーム
レプリューム,ＤＭＭドリームクラブ
レプレセンタル,ノースヒルズ
レプンカムイ,前田葉子
レベチアミーゴ,松尾正
レベッカレインボー,福盛訓之
レベニューシェア,吉田照哉
レベランス,キャロットファーム
レベリオン,ＫＡＪＩＭＯＴＯホールディングス
レベルスルール,サンデーレーシング
レベルソ,市川義美ホールディングス
レベルタウン,ゴドルフィン
レベレンシア,ノースヒルズ
レベンディス,シルクレーシング
レペット,雅苑興業
レペンテ,ブルースターズファーム
レボルシオン,Ｇリビエール・レーシング
レボロテアール,ホースアディクト
レミギノテソーロ,了徳寺健二ホールディングス
レミニシェンザ,キャロットファーム
レミージュ,ノースヒルズ
レムリアンシード,田頭勇貴
レモンアイカー,真中伴典
レモンオーラ,社台レースホース
レモンケーキ,日高大洋牧場
レモンシフォン,広尾レース
レモンスフレ,田頭勇貴
レモンソフィア,社台レースホース
レモンソーダ,田頭勇貴
レモンドルチェ,高橋文男
レモンバーム,ビッグレッドファーム
レモンポップ,ゴドルフィン
レユシット,落合幸弘
レヨンドゥソレイユ,吉田千津
レラ,北島牧場
レラアシリ,北浦博樹
レラシオネス,谷口祐人
レラシオン,朽名誠
レリキアアスール,アスール
レリジールダモーレ,社台レースホース
レリスタット,下河辺牧場
レリッシュ,Ｍｒ．ホース
レルシュタープ,水上行雄
レレマーマ,金子真人ホールディングス
レレリオ,金山政信
レレリオーナ,八木澤充貴
レローヴ,今中俊平
レンジストライク,サンデーレーシング
レンジャックマン,田畑勝彦
レンジャーガール,戸賀智子
レンジャーズハウス,飯田正剛
レンズフルパワー,田畑富子
レンダリング,ゴドルフィン
レンツシュピッツェ,ラ・メール
レントラー,キャロットファーム
レンヌメファ,手嶋康雄
レンブランサ,名古屋友豊
レンベルガー,岡田壮史
レンレン,石川幸司
レヴァンジル,サンデーレーシング
レヴァンターセ,リーヴァ
レヴァンツォ,小林祐一
レヴァンテ,寺田寿男
レヴァンティス,佐々木主浩
レヴァンテシチー,友駿ホースクラブ
レヴァンテライオン,ライオンレースホース
レヴァントリ,社台レースホース
レヴィ,松谷翔太
レヴィアタン,薪浦英稔
レヴィオーサ,佐々木主浩
レヴィストーン,盛学志
レヴィテーション,京都ホースレーシング
レヴィナス,池田草龍
レヴィーアキング,奥田貴敏
レヴィーアクイーン,奥田貴敏
レヴェッツァ,早野誠
レヴェランジェ,中山栄一
レヴェンドール,京都ホースレーシング
レヴォリオ,ノルマンディーサラブレッドレーシング
レヴォルタード,キャロットファーム
レヴォルト,ターフ・スポート
レヴォントゥレット,前田晋二
レヴカ,ノースヒルズ
レヴドゥギャルソン,ターフ・スポート
レヴロード,ディアレストクラブ
レヴヴィ,前田幸治
レヴーズマン,サンデーレーシング
レヴール,前田幸治
レーウィン,ノルマンディーサラブレッドレーシング
レーガノミクス,Ｇ１レーシング
レーガンテソーロ,了徳寺健二ホールディングス
レークサイド,本間茂
レーゲンシャウアー,ブルースターズファーム
レーザーキック,ＫＩＣレーシング
レーザーショー,青山洋一
レーザービーム,田頭勇貴
レーシングマインド,ゴドルフィン
レースアルカーナ,サラブレッドクラブ・ラフィアン
レースガーデン,金子真人ホールディングス
レースクイーン,村田哲朗
レースノワエ,ビッグレッドファーム
レースラヴェンダー,原禮子
レーゼドラマ,社台レースホース
レーダーベクター,山上和良
レーツェル,キャロットファーム
レーティッシュ,ノースヒルズ
レーニア,ノースヒルズ
レーニス,ロイヤルパーク
レーニンテソーロ,了徳寺健二ホールディングス
レーヌガレット,橋場勇二
レーヌクロード,吉田和美
レーヌシェーヌ,ビッグレッドファーム
レーヌシャドウ,Ｓｈａｄｏｗ
レーヌジャルダン,グリーンファーム
レーヌセレスティン,佐々木雄二
レーヌダンス,酒井喜生
レーヌデゼトワール,星野隆男
レーヌデプレ,山本英俊
レーヌドゥール,ＹＧＧホースクラブ
レーヌドフルール,友駿ホースクラブ
レーヌブランシュ,前田晋二
レーヌペスカ,山田信太郎
レーヌマロン,ロードホースクラブ
レーヌミノル,吉岡實
レーヌミラクル,酒井喜生
レープハフト,山本剛士
レーベンスティール,キャロットファーム
レーベンスベルーフ,吉田勝己
レーベンヘルツ,ノルマンディーサラブレッドレーシング
レーベンレジェンダ,金山敏也
レールガン,榊原浩一
レーンアジリティ,野田政義
レーヴァテイン,竹下浩一
レーヴェン,寺田寿男
レーヴジーニアル,ライオンレースホース
レーヴスレアリーズ,ローレルレーシング
レーヴセクレタ,前原敏行
レーヴディノエル,吉田勝己
レーヴドアンジュ,ノースヒルズ
レーヴドゥラプレリ,吉田勝己
レーヴドゥラメール,サンデーレーシング
レーヴドゥロワ,サンデーレーシング
レーヴドオルフェ,平川浩之
レーヴドカナロア,シルクレーシング
レーヴドクロンヌ,村上卓
レーヴドモンド,サンデーレーシング
レーヴドリュヌ,ターフ・スポート
レーヴドリーブ,シルクレーシング
レーヴドレフォン,シルクレーシング
レーヴドロペラ,ライオンレースホース
レーヴナイト,ＤＭＭドリームクラブ
レーヴブリリアント,松田和志
レーヴプランセス,岡田牧雄
レーヴムーン,ニットー商事
レーヴリアン,矢野崇志
レーヴルーバ,畑佐博
レーヴレジェンド,細谷典幸
ロアゾンパルク,ビッグレッドファーム
ロアノークテソーロ,了徳寺健二ホールディングス
ロアリングフレイム,ウエスト．フォレスト．ステイブル
ロアヴィヴィエンヌ,橋川欣司
ロイエンタール,山口裕介
ロイガヴェーグル,サンデーレーシング
ロイスター,ノースヒルズ
ロイズピーク,高橋文男
ロイドウェバー,江馬由将
ロイドバローズ,猪熊広次
ロイドール,インゼルレーシング
ロイヤルアッシュ,大塚亮一
ロイヤルアデレード,丸山担
ロイヤルアフェア,シルクレーシング
ロイヤルイブキ,ロイヤルパーク
ロイヤルウィル,友駿ホースクラブ
ロイヤルウィーブ,本間茂
ロイヤルカスタマー,三岡陽
ロイヤルキャピタル,中村祐子
ロイヤルクルーズ,ターフ・スポート
ロイヤルザップ,ラ・メール
ロイヤルシュライン,ロイヤルパーク
ロイヤルジュビリー,ビッグレッドファーム
ロイヤルストレート,ＨｉｍＲｏｃｋＲａｃｉｎｇホールディングス
ロイヤルスパイア,ゴドルフィン
ロイヤルスピード,下河邉行信
ロイヤルソウル,フィールドレーシング
ロイヤルタイム,コスモヴューファーム
ロイヤルダンス,大脇佑樹
ロイヤルテール,ノルマンディーサラブレッドレーシング
ロイヤルディクリー,Ｍｒ．ホース
ロイヤルドリーム,三嶋牧場
ロイヤルナタール,水上行雄
ロイヤルバイオ,バイオ
ロイヤルバローズ,猪熊広次
ロイヤルパフューム,サンデーレーシング
ロイヤルパープル,ゴドルフィン
ロイヤルパールス,ロイヤルパーク
ロイヤルブライド,柴田洋一
ロイヤルホープ,ロイヤルパーク
ロイヤルメジャー,本間茂
ロイヤルヤマト,有馬博文
ロイヤルヨット,ゴドルフィン
ロイヤルワラント,吉田千津
ロイヤルヴィザージ,社台レースホース
ロインクロス,吉田照哉
ロウレイロ,ビッグレッドファーム
ロカイユ,水上ふじ子
ロカヒ,前田幸治
ロカビリークイッフ,グリーンファーム
ロカブルン,金子真人ホールディングス
ロカマドール,中村祐子
ロギッシュ,大塚亮一
ロクサーヌ,江馬由将
ロクシアス,インゼルレーシング
ロクネンニクミ,藤本彰
ロクメイカン,グリーンファーム
ログインボーナス,明栄商事
ログブック,玉井宏和
ログラール,キャロットファーム
ロケッツアン,ＴＵＲＦレーシング
ロケット,ゴドルフィン
ロケットバディー,ＨｉｍＲｏｃｋＲａｃｉｎｇホールディングス
ロケットパンチ,子安裕樹ＲＣ
ロケットペンダント,青山洋一
ロケットホームラン,明栄商事
ロケットムーン,ＨｉｍＲｏｃｋＲａｃｉｎｇホールディングス
ロケベンドラ,吉田照哉
ロケーション,畑佐博
ロコウォリアー,フィールドレーシング
ロココ,内田裕美
ロコポルティ,シルクレーシング
ロコマイカイ,平本敏夫
ロコモーション,佐々木雄二
ロコルルハーツ,佐々木幸弘
ロゴサウンド,ノルマンディーサラブレッドレーシング
ロゴデザイン,住宅データ
ロゴナンバーワン,イーデン産業
ロゴマジック,坂巻勝彦
ロゴモコ,イーデン産業
ロサグラウカ,サンデーレーシング
ロサデラルス,サンデーレーシング
ロサドラーダ,シルクレーシング
ロサムンディー,田頭勇貴
ロサルゴサ,シンザンクラブ
ロサロッサーナ,星加浩一
ロサンゼルス,モンレーヴ
ロザシアニン,加藤徹
ロザムール,栗山良子
ロザリアン,大樹ファーム
ロザヴィータ,田頭勇貴
ロザーンジュ,ヒダカ・ブリーダーズ・ユニオン
ロシアンサモワール,吉田和美
ロシアンブルー,ＨｉｍＲｏｃｋＲａｃｉｎｇホールディングス
ロシュフォール,サンデーレーシング
ロジアイリッシュ,久米田正平
ロジアデレード,久米田正明
ロジアンドモルタル,久米田正明
ロジアヴァンセ,久米田正明
ロジウインド,久米田正明
ロジウムエポック,平沼宣秀
ロジェ,吉田勝利
ロジェール,栗坂崇
ロジカルガール,平川浩之
ロジカルワーズ,Ｈ．Ｈ．シェイク・ハムダン
ロジキセキ,久米田正明
ロジギムレット,久米田正明
ロジクライ,久米田正明
ロジクラウン,久米田正明
ロジクリスエス,久米田正平
ロジグローリー,久米田正明
ロジケープ,久米田正平
ロジゴールデン,久米田正明
ロジサビアーレ,久米田正明
ロジザキア,久米田正明
ロジザボード,久米田正明
ロジシエロ,久米田正明
ロジシップ,久米田正明
ロジシルキー,久米田正明
ロジシルバー,久米田正明
ロジシーザ,久米田正明
ロジジェンス,久米田正明
ロジスカヤ,久米田正明
ロジスカーレット,久米田正明
ロジスクリーン,久米田正明
ロジステート,久米田正平
ロジスピード,久米田正明
ロジタイガー,久米田正明
ロジタイム,久米田正明
ロジチャリス,久米田正明
ロジティナ,久米田正明
ロジディーズ,久米田正明
ロジディープ,久米田正明
ロジデオロ,久米田正明
ロジドレフォン,久米田正明
ロジネイア,久米田正明
ロジハービン,久米田正明
ロジヒューズ,久米田正明
ロジピエルフ,久米田正明
ロジフェーヴル,久米田正明
ロジブライアン,久米田正明
ロジブリランテ,久米田正明
ロジプラヤ,久米田正明
ロジプリン,久米田正明
ロジプロパー,久米田正明
ロジベーカ,久米田正明
ロジペルレスト,久米田正明
ロジホーム,久米田正明
ロジポルカ,久米田正明
ロジマギー,久米田正明
ロジマギーゴー,久米田正明
ロジマジェスティ,久米田正明
ロジマスタング,久米田正明
ロジマンボ,久米田正明
ロジミザイ,久米田正明
ロジムーン,久米田正明
ロジメリオール,久米田正明
ロジモーリス,久米田正明
ロジャリーマイン,キャロットファーム
ロジャージーニアス,武田修
ロジャートアリー,浜田幸一
ロジャーバローズ,猪熊広次
ロジリオン,久米田正明
ロジリッキー,久米田正明
ロジルーラー,久米田正明
ロジレット,久米田正明
ロジローズ,久米田正明
ロジヴィクトリア,久米田正明
ロジーナ,友駿ホースクラブ
ロスカボス,吉田照哉
ロスコフ,吉田晴哉
ロスティチェーレ,社台レースホース
ロストシークレット,Ｈ．Ｈ．シェイク・ファハド
ロストボール,大田恭充
ロストラル,村野康司
ロスニーニョス,小濱正智
ロスパレドネス,サンデーレーシング
ロスマリンブルー,吉田千津
ロズ,ローレルレーシング
ロゼア,ターフ・スポート
ロゼアクアリオ,水谷昌晃
ロゼインパルス,コスモヴューファーム
ロゼキルシュ,トップフェロウ
ロゼクラン,水谷昌晃
ロゼット,飯田良枝
ロゼハイスクール,金岡信康
ロゼフェニックス,高橋信博
ロゼフェリシア,サンデーレーシング
ロゼフレア,丸幸小林牧場
ロゼル,田中純一
ロダルキラー,ディアレストクラブ
ロダンレイジング,三浦勝仁
ロッカバイベイビー,ＯＵＭＡ
ロッカバラード,岡田牧雄
ロッカフラダンサー,山田弘
ロッカーモーション,サンデーレーシング
ロッキンドア,飯田正剛
ロッキンミー,石田暢子
ロッキーサンダー,原田豊
ロッキーブレイヴ,原田豊
ロッキープラネット,犬塚悠治郎
ロックアビリティ,中西功
ロックウイズユー,ビクトリーホースランチ
ロックエンジェル,大塚亮一
ロックオブエイジズ,吉田勝己
ロックオブソシジ,斉藤敏博
ロックオンエイム,京都ホースレーシング
ロッククライム,ビッグレッドファーム
ロッククリーク,サンデーレーシング
ロックグラス,橋本謙一
ロックザボート,サンデーレーシング
ロックシティボーイ,田頭勇貴
ロックジャム,山内邦一
ロックスピリット,岡田繁幸
ロックターミガン,キャロットファーム
ロックディスタウン,サンデーレーシング
ロックバウンド,サンデーレーシング
ロックバンド,馬場幸夫
ロックユアハート,青芝商事
ロックユアライフ,ＮＩＣＫＳ
ロックユー,石川達絵
ロックンハニー,リトルブルーファーム
ロッサコメータ,ライオンレースホース
ロッサヴィール,シルクレーシング
ロッシニアーナ,吉田和美
ロッシュローブ,水上行雄
ロッシーニ,田頭勇貴
ロッソジュリア,ＯＵＭＡ
ロッソネーリ,ＧＥＴＮＥＸＴ
ロッソビアンコ,平田修
ロッソビアンコネロ,星野隆男
ロッソモラーレ,コスモヴューファーム
ロッソランパンテ,堀田浩司
ロッタチャンセズ,Ｇ１レーシング
ロッタラブ,吉田照哉
ロッタリーランド,檜森高史
ロッツオブプランズ,Ｇ１レーシング
ロッテンマイヤー,シルクレーシング
ロット,ミルファーム
ロットゥーラ,牧埜幸一
ロットブラータ,丸山担
ロッピス,ミルファーム
ロッホローモンド,小林英一ホールディングス
ロデオクイーン,ゴドルフィン
ロデオスターメイト,ビッグレッドファーム
ロデオドライブ,吉田勝己
ロデオフリップ,田頭勇貴
ロデム,サンコウ牧場
ロト,小原準一郎
ロトエルピス,國武佳博
ロトエンペラー,國武佳博
ロトヴィグラス,國武佳博
ロドピス,ＧｒａｎｄｅＲａｃｉｎｇ
ロドラント,ミルファーム
ロドルフォブレイン,エンジェルレーシング
ロナ,桑畑隆信
ロナウド,安原浩司
ロニセラ,前田葉子
ロネガン,田島榮二郎
ロネット,シンザンクラブ
ロノマクア,金子真人ホールディングス
ロハ,森田和豊
ロバートソンキー,保坂和孝
ロパシック,シルクレーシング
ロビン,山本英俊
ロビンザフィリー,嶋田賢
ロビンズソング,吉田勝己
ロビンバローズ,猪熊広次
ロフォーテン,下河辺牧場
ロフティストーリー,Ｇ１レーシング
ロフティネス,吉澤ホールディングス
ロフティフレーズ,水上ふじ子
ロフティーイデアル,Ｇ１レーシング
ロフティースマイル,ＹＧＧホースクラブ
ロフティーテーラー,中西浩一
ロフティーピーク,サンデーレーシング
ロブソンテソーロ,了徳寺健二ホールディングス
ロブチェン,フォレストレーシング
ロブラリア,ディアレストクラブ
ロブロイズハート,自由が丘サラブレッド倶楽部
ロベルタインパクト,高昭牧場
ロベルタカリーナ,ターフ・スポート
ロマネスク,ノースヒルズ
ロマノヴェリテ,加藤誠
ロマングレース,菅實
ロマンシングブルー,吉田勝己
ロマンス,石川達絵
ロマンスオーサー,ゴドルフィン
ロマンスガッサン,西村專次
ロマンスガール,横瀬兼二
ロマンスシアター,Ｈ．Ｈ．シェイク・ハムダン
ロマンスストーリー,明栄商事
ロマンスタイム,阿部東亜子
ロマンスドール,田頭勇貴
ロマンスハイウェイ,星野隆男
ロマンスヒコー,片山博志
ロマンスピネル,菅實
ロマンスマジック,ミルファーム
ロマンスライト,高橋文男
ロマンズロック,岡展宏
ロマンチスト,窪田康志
ロマンチックウォリアー,Peter Lau Pak Fai
ロマンチックキス,社台レースホース
ロマンチックタイム,堀口晴男
ロマンチョウサン,チョウサン
ロマンティコ,多田信尊
ロマンティー,佐藤壽男
ロマンテソーロ,了徳寺健二ホールディングス
ロマンドブリエ,シルクレーシング
ロマンバローズ,菅實
ロマーシカ,シルクレーシング
ロミオ,安原浩司
ロミオボス,加藤正二郎
ロミヒ,モンレーヴ
ロムネヤ,金子真人ホールディングス
ロムレーン,金子真人ホールディングス
ロメーロ,阿部榮乃進
ロライマ,社台レースホース
ロリポップ,前川企画
ロルバーンスカイ,ディアレストクラブ
ロルベーア,社台レースホース
ロレンツォ,丸山担
ロロスピアー,ＩＺＵＲＵジャパン
ロロノア,山本英俊
ロロペニ,畑佐博
ロワアブソリュー,サンデーレーシング
ロワシャンパーニュ,大塚亮一
ロワシュペール,フェニックスレーシング
ロワシーナ,椎名節
ロワゾブルー,ノルマンディーサラブレッドレーシング
ロワゾブルーチヌ,中野義一
ロワデベット,ライオンレースホース
ロワデュモンド,吉田晴哉
ロワドゥサーブル,サイプレスホールディングス
ロワマージュ,ゴドルフィン
ロワルゼル,会田浩史
ロワン,白井さゆり
ロワンディシー,松本俊廣
ロン,キーファーズ
ロンギングエレン,坂本浩一
ロンギングエーオ,坂本浩一
ロンギングガバーナ,坂本浩一
ロンギングキイ,坂本浩一
ロンギングジェニー,坂本浩一
ロンギングセリーヌ,坂本浩一
ロンギングタイム,坂本浩一
ロンギングドクター,坂本浩一
ロンギングドルチェ,坂本浩一
ロンギングバース,坂本浩一
ロンギングファロー,坂本浩一
ロンギングフォユー,坂本浩一
ロンギングフレンド,坂本浩一
ロンギングママー,坂本浩一
ロンギングユウタ,坂本浩一
ロングイ,佐久間拓士
ロングウェイホーム,ゴドルフィン
ロングウッド,ゴドルフィン
ロングエール,中井敏雄
ロングサクセション,中井敏雄
ロングジャーニー,密山根成
ロングジーニアス,中井商事
ロングセラーアスク,廣崎利洋ＨＤ
ロングテール,保坂和孝
ロングトレーン,前田幸治
ロングトールサリー,エムズレーシング
ロングトーン,サラブレッドクラブ・ラフィアン
ロングファイナリー,中井敏雄
ロングフルスペック,中井敏雄
ロングヘア,平本敏夫
ロングベスト,中井敏雄
ロングホリデー,竹内真
ロングボウマン,ゴドルフィン
ロングミックス,吉田照哉
ロングラン,梅澤明
ロングレジリエント,中井敏雄
ロングロングロング,薪浦亨
ロンコーネ,ライオンレースホース
ロンゴノット,ゴドルフィン
ロンシャンクイーン,寺田寿男
ロンス,熊澤浩樹
ロンスアンドロンス,熊澤浩樹
ロンズデーライト,シルクレーシング
ロンズデールベルト,山紫水明
ロンティケチャップ,ニューマレコード
ロンディネ,パニオロ
ロンデシャッセ,ゴドルフィン
ロンドゥジャンブ,サンデーレーシング
ロンドボス,キャロットファーム
ロンドンアームズ,窪田芳郎
ロンドンオービタル,村山卓也
ロンドンガーズ,スリーエイチレーシング
ロンドンキッド,八巻弘一
ロンドンストライプ,ライオンレースホース
ロンドンタウン,薪浦亨
ロンドンテソーロ,了徳寺健二ホールディングス
ロンドンデリーエア,グリーンファーム
ロンドンネス,Ｍｒ．ホース
ロンドンプライド,由井健太郎
ロンドンプラン,下河辺隆行
ロンドンライフ,窪田芳郎
ロンバスブレス,ライオンレースホース
ロンバルドシチー,友駿ホースクラブ
ロンパイア,広尾レース
ロンフォン,窪田芳郎
ロンポワン,社台レースホース
ロンリイマンサパタ,石川博
ロンリーウェイ,小原準一郎
ロンリーソルジャー,吉田千津
ロンリーハート,薪浦亨
ロンリープラネット,グリーンファーム
ロンリーマン,酒井孝敏
ロヴィーサ,奥裕嗣
ローウェル,シルクレーシング
ローガンテソーロ,了徳寺健二ホールディングス
ローガンパス,シルクレーシング
ロークアルルージュ,尾崎恒男
ローグアン,ＴＵＲＦレーシング
ローグテソーロ,了徳寺健二ホールディングス
ローザ,中辻明
ローザサンリヴァル,サンデーレーシング
ローザジルベルト,サンデーレーシング
ローザノワール,渡邉直樹
ローザフェリーチェ,サンデーレーシング
ローザベッラ,渡邉直樹
ローザマローネ,渡邉直樹
ローザリサリ,渡邉直樹
ローザレイア,渡邉直樹
ローザロード,ディアレストクラブ
ローザンヌ,山本英俊
ローシャムパーク,サンデーレーシング
ローシュタイン,天堀忠博
ロージズキング,鈴木芳夫
ロージー,谷岡毅
ロージーキャンドル,キャロットファーム
ロージーグロウ,ゴドルフィン
ロージードロップ,田頭勇貴
ローズエクスプレス,山田弘
ローズエンペラー,キーファーズ
ローズオブシャロン,ノースヒルズ
ローズオブジャパン,ゴドルフィン
ローズカラー,竹原孝昭
ローズカリス,水谷光太郎
ローズギフト,和泉憲一
ローズクランス,グリーンフィールズ
ローズクレスト,水谷昌晃
ローズコンパス,田頭勇貴
ローズゴジャール,ターフ・スポート
ローズジャスティス,大田恭充
ローズスター,石川達絵
ローズソーン,大樹ファーム
ローズタルト,サンデーレーシング
ローズテソーロ,了徳寺健二ホールディングス
ローズトピアリー,明栄商事
ローズドクレア,古賀和夫
ローズナイトシチー,友駿ホースクラブ
ローズバラード,ノルマンディーサラブレッドレーシング
ローズバルサム,ノースヒルズ
ローズパイ,杉山忠国
ローズパルファン,友駿ホースクラブ
ローズパレード,グリーンファーム
ローズパンラズナ,佐上峻作
ローズピリオド,ビッグレッドファーム
ローズファラオ,ニッシンホールディングス
ローズブラウン,プレミアムレースホース
ローズブランシェ,島川隆哉
ローズブルーム,ミルファーム
ローズブーケ,ターフ・スポート
ローズプリンスダム,岡田牧雄
ローズプリンセス,グランホース
ローズベリル,サンデーレーシング
ローズボウル,グリーンファーム
ローズマイスター,宮田大三
ローズミカ,冨沢敦子
ローズライズ,吉岡寛行
ローズラフィネ,平井裕
ローゼオ,宮田大三
ローゼシュティア,キャロットファーム
ローゼライト,中村忠彦
ローゼンオルデン,宮川保
ローゼンカヴァリエ,ノースヒルズ
ローゼンクリーガー,辻高史
ローゼンタール,岡田牧雄
ローゼンナイツ,市川義美ホールディングス
ローゼンモンターク,松谷翔太
ローゼンリッター,ラ・メール
ローゼンヴォルフ,宮田大三
ローゾフィア,ノースヒルズ
ロータスシルク,ゴドルフィン
ロータスペトル,キャロットファーム
ロータスランド,小林英一ホールディングス
ロータスワンド,前田晋二
ローダンテ,小林由明
ローツェ,グリーンスウォード
ローディアマント,シルクレーシング
ローデルバーン,佐々木雄二
ロートホルン,キャロットファーム
ロードアイオロス,ロードホースクラブ
ロードアウォード,ロードホースクラブ
ロードアクア,ロードホースクラブ
ロードアクシス,ロードホースクラブ
ロードアスタリスク,ロードホースクラブ
ロードアストラ,ロードホースクラブ
ロードアドミラル,ロードホースクラブ
ロードアフェット,ロードホースクラブ
ロードアブソルート,ロードホースクラブ
ロードアマルフィ,ロードホースクラブ
ロードアライアンス,ロードホースクラブ
ロードアラビアン,ロードホースクラブ
ロードアルザス,ロードホースクラブ
ロードアルディート,ロードホースクラブ
ロードアルバータ,ロードホースクラブ
ロードアルビオン,ロードホースクラブ
ロードアルフィーネ,ロードホースクラブ
ロードアルペジオ,ロードホースクラブ
ロードアンバー,ロードホースクラブ
ロードアヴニール,ロードホースクラブ
ロードイヒラニ,ロードホースクラブ
ロードイモータル,ロードホースクラブ
ロードインファイト,ロードホースクラブ
ロードインフェルノ,ロードホースクラブ
ロードインヴォーグ,ロードホースクラブ
ロードウィリアム,ロードホースクラブ
ロードウィンザー,ロードホースクラブ
ロードエクスプレス,ロードホースクラブ
ロードエクレール,ロードホースクラブ
ロードエピソード,ロードホースクラブ
ロードエメラルド,ロードホースクラブ
ロードエルドラド,ロードホースクラブ
ロードエルピス,ロードホースクラブ
ロードエヴァイユ,ロードホースクラブ
ロードエース,ロードホースクラブ
ロードオヒア,ロードホースクラブ
ロードオブイサチル,小坂功
ロードオブキング,醍醐伸之
ロードオブザチェコ,谷脇智恵子
ロードオブシャドウ,飯塚知一
ロードオブドリーム,藤沼利夫
ロードオマージュ,ロードホースクラブ
ロードオルデン,ロードホースクラブ
ロードオールライト,ロードホースクラブ
ロードカテドラル,ロードホースクラブ
ロードカバチ,ロードホースクラブ
ロードカラット,ロードホースクラブ
ロードガレリア,ロードホースクラブ
ロードガーディアン,ロードホースクラブ
ロードキャリバー,ロードホースクラブ
ロードキング,市川義美ホールディングス
ロードギガース,ロードホースクラブ
ロードクエスト,ロードホースクラブ
ロードクラシコ,ロードホースクラブ
ロードクラージュ,ロードホースクラブ
ロードクリーガー,藤田孟司
ロードクルーガー,ロードホースクラブ
ロードクロンヌ,ロードホースクラブ
ロードクローザー,ロードホースクラブ
ロードグラディオ,ロードホースクラブ
ロードグリュック,ロードホースクラブ
ロードコメット,ロードホースクラブ
ロードゴスペル,ロードホースクラブ
ロードゴラッソ,ロードホースクラブ
ロードサミット,ロードホースクラブ
ロードサージュ,ロードホースクラブ
ロードザナドゥ,ロードホースクラブ
ロードシックザール,ロードホースクラブ
ロードシャマール,ロードホースクラブ
ロードシャムロック,ロードホースクラブ
ロードシュタルク,ロードホースクラブ
ロードシュトローム,ロードホースクラブ
ロードシュヴァリエ,ロードホースクラブ
ロードショー,キーウエスト
ロードジェネシス,ロードホースクラブ
ロードジャスティス,ロードホースクラブ
ロードスカイブルー,ロードホースクラブ
ロードスタウト,ロードホースクラブ
ロードスタニング,ロードホースクラブ
ロードスター,ゴドルフィン
ロードステイタス,ロードホースクラブ
ロードステラート,ロードホースクラブ
ロードストライク,ロードホースクラブ
ロードストラダーレ,山下裕司
ロードストレーザ,ロードホースクラブ
ロードスパイダー,ロードホースクラブ
ロードスパイラル,ロードホースクラブ
ロードスラッシュ,ロードホースクラブ
ロードセッション,ロードホースクラブ
ロードゼウス,ロードホースクラブ
ロードソリスト,ロードホースクラブ
ロードソリッド,ロードホースクラブ
ロードソルスティス,ロードホースクラブ
ロードソレイユ,ロードホースクラブ
ロードダヴィンチ,ロードホースクラブ
ロードディフィート,ロードホースクラブ
ロードディライト,ロードホースクラブ
ロードデルタ,ロードホースクラブ
ロードデルレイ,ロードホースクラブ
ロードトゥドラゴン,窪田芳郎
ロードトゥフェイム,岡田牧雄
ロードトライデント,ロードホースクラブ
ロードトラスト,ロードホースクラブ
ロードトランス,ロードホースクラブ
ロードトルネード,ロードホースクラブ
ロードトレイル,ロードホースクラブ
ロードトレゾール,ロードホースクラブ
ロードトワイライト,ロードホースクラブ
ロードドミニオン,ロードホースクラブ
ロードドレイク,ロードホースクラブ
ロードナカヤマ,中山牧場
ロードノエル,ロードホースクラブ
ロードバイファル,ロードホースクラブ
ロードバリスタ,ロードホースクラブ
ロードバルセロナ,ロードホースクラブ
ロードバルドル,ロードホースクラブ
ロードバルベーラ,ロードホースクラブ
ロードバロンドール,ロードホースクラブ
ロードパレス,ロードホースクラブ
ロードファイター,ロードホースクラブ
ロードファビュラス,ロードホースクラブ
ロードフィアレス,ロードホースクラブ
ロードフィレール,ロードホースクラブ
ロードフェイロン,ロードホースクラブ
ロードフェルム,ロードホースクラブ
ロードフェローズ,ロードホースクラブ
ロードフォアエース,ロードホースクラブ
ロードフォンス,ロードホースクラブ
ロードフォーステル,ロードホースクラブ
ロードフォールズ,ロードホースクラブ
ロードフリューゲル,ロードホースクラブ
ロードフロイデ,ロードホースクラブ
ロードフロリゼル,ロードホースクラブ
ロードフロンティア,ロードホースクラブ
ロードブライト,ロードホースクラブ
ロードブルームーン,ロードホースクラブ
ロードブレイズ,ロードホースクラブ
ロードブレス,ロードホースクラブ
ロードプライズ,ロードホースクラブ
ロードプレイヤー,ロードホースクラブ
ロードプレジール,ロードホースクラブ
ロードプレミアム,ロードホースクラブ
ロードプレリュード,ロードホースクラブ
ロードベイリーフ,ロードホースクラブ
ロードベルファスト,ロードホースクラブ
ロードマイウェイ,ロードホースクラブ
ロードマイライフ,ロードホースクラブ
ロードマグマ,ロードホースクラブ
ロードマゼラン,ロードホースクラブ
ロードマックス,ロードホースクラブ
ロードマドリード,ロードホースクラブ
ロードマンハイム,ロードホースクラブ
ロードマーサ,伊澤正行
ロードミッドナイト,ロードホースクラブ
ロードミラージュ,ロードホースクラブ
ロードムーブオン,ロードホースクラブ
ロードメルヴェイユ,ロードホースクラブ
ロードユリシス,ロードホースクラブ
ロードライト,榊原源一郎
ロードライトニング,ロードホースクラブ
ロードラウレア,ロードホースクラブ
ロードラスター,ロードホースクラブ
ロードラズライト,ロードホースクラブ
ロードラディウス,ロードホースクラブ
ロードラナキラ,ロードホースクラブ
ロードラビリンス,ロードホースクラブ
ロードラプソディ,ロードホースクラブ
ロードランヴェルセ,ロードホースクラブ
ロードラヴォール,ロードホースクラブ
ロードリアライズ,ロードホースクラブ
ロードリスペクト,ロードホースクラブ
ロードリッチ,宇田豊
ロードリバイバル,ロードホースクラブ
ロードリバーサル,ロードホースクラブ
ロードリベラシオン,ロードホースクラブ
ロードリュイール,ロードホースクラブ
ロードリライアブル,ロードホースクラブ
ロードリレーション,ロードホースクラブ
ロードルーツ,ロードホースクラブ
ロードレアル,ロードホースクラブ
ロードレイジング,三浦勝仁
ロードレイナード,ロードホースクラブ
ロードレイライン,ロードホースクラブ
ロードレガシー,ロードホースクラブ
ロードレガリス,ロードホースクラブ
ロードレジェロ,ロードホースクラブ
ロードレジェンド,ロードホースクラブ
ロードレスポンス,ロードホースクラブ
ロードレゼル,ロードホースクラブ
ロードレヴェランス,ロードホースクラブ
ロードローラー,市川義美ホールディングス
ロードワンダー,ロードホースクラブ
ロードヴァルカン,ロードホースクラブ
ロードヴァレンチ,ロードホースクラブ
ロードヴァンドール,ロードホースクラブ
ロードヴィクトリー,ロードホースクラブ
ロードヴィゴラス,ロードホースクラブ
ロードヴェスパー,ロードホースクラブ
ロードヴェリタス,ロードホースクラブ
ロードヴェルテクス,ロードホースクラブ
ロードヴェルト,ロードホースクラブ
ロードヴェロシティ,ロードホースクラブ
ロードヴェントス,ロードホースクラブ
ロードヴォイジャー,ロードホースクラブ
ローヌグレイシア,シルクレーシング
ローヌメファ,手嶋康雄
ローバウンス,ＯＲＴＥＧＡ
ローブエリタージュ,シルクレーシング
ローブデソワレ,吉田千津
ローブデュソワール,成富直行
ローブドゥネージュ,ヒダカ・ブリーダーズ・ユニオン
ローブドゥマリエ,サラブレッドクラブ・ラフィアン
ローブドール,ローレルレーシング
ロープスピニング,吉田照哉
ローベルクランツ,キャロットファーム
ローマコンクリート,松谷翔太
ローマノキュウジツ,鳳サラブレッドレーシングチーム
ローマンウォリアー,岡田牧雄
ローマンシアター,飯田良枝
ローマンネイチャー,シルクレーシング
ローマンビューティ,ターフ・スポート
ローマンレイク,シルクレーシング
ローメット,杉山忠国
ローラスノビリス,社台レースホース
ローラズウィシュ,佐藤牧場
ローランサン,薪浦亨
ローランダー,山下良子
ローランド,島川隆哉
ローランドバローズ,猪熊広次
ローラーコースター,グリーンファーム
ローリエテソーロ,了徳寺健二ホールディングス
ローリング,カナヤマホールディングス
ローリングサンダー,ＨｉｍＲｏｃｋＲａｃｉｎｇホールディングス
ローリングタワー,本間茂
ローリーグローリー,インゼルレーシング
ロールアップ,石川達絵
ロールオブアームズ,サンデーレーシング
ロールオブサンダー,桑畑隆信
ロールザダイス,ノースヒルズ
ロールザボーンズ,社台レースホース
ロールスワン,中村祐子
ロールハーアイズ,ウエスト．フォレスト．ステイブル
ロールラフィネ,吉田照哉
ローレリスト,多田賢司
ローレルアイビー,ローレルレーシング
ローレルアイリス,ローレルレーシング
ローレルエース,ローレルレーシング
ローレルオルブラン,ローレルレーシング
ローレルオーブ,ローレルレーシング
ローレルキャニオン,サンデーレーシング
ローレルクラウン,木村牧場
ローレルジェイド,ローレルレーシング
ローレルジャック,ローレルレーシング
ローレルゼロ,ローレルレーシング
ローレルマティーニ,ローレルレーシング
ローレルメビウス,ローレルレーシング
ローレルランウェイ,ローレルレーシング
ローレルリース,岡田牧雄
ローレルリーベ,ローレルレーシング
ローレルレジーナ,ローレルレーシング
ローレルロイズ,ローレルレーシング
ローレルヴィクター,ローレルレーシング
ローレン,中辻明
ローンウルフ,飯田正剛
ローヴェロ,Ｃ．チェン
ワイアウ,Ｇ１レーシング
ワイアヴィー,岡田隆寛
ワイウン,ニッシンホールディングス
ワイエスキャンサー,山下定良
ワイオミアロール,三嶋牧場
ワイオリ,ニッシンレーシング
ワイキキビーチ,ライフエンタープライズ
ワイケイダリヤ,鹿妻明弘
ワイズギャング,近藤克麿
ワイズゴールド,稲場澄
ワイズジュエル,山下裕司
ワイズダムアスク,廣崎利洋ＨＤ
ワイズファミリア,山下裕司
ワイズマン,山本又一郎
ワイズマンコート,吉岡泰治
ワイズマンハート,吉岡泰治
ワイズメアリー,新谷正子
ワイズワン,林正道
ワイタ,田島榮二郎
ワイディドゥバイ,安田一彦
ワイドアイリー,幅田京子
ワイドアウェイク,グリーンファーム
ワイドアラジン,幅田京子
ワイドアルバ,幅田京子
ワイドイシス,幅田京子
ワイドウィンザー,幅田昌伸
ワイドエトワール,幅田昌伸
ワイドエンペラー,幅田昌伸
ワイドカイザー,幅田昌伸
ワイドカイゼリン,幅田昌伸
ワイドカクゲン,幅田昌伸
ワイドカント,幅田京子
ワイドクリーガー,幅田京子
ワイドグンサ,幅田昌伸
ワイドシャッフエン,幅田昌伸
ワイドシュテルケ,幅田昌伸
ワイドジャイキリ,幅田昌伸
ワイドステラ,幅田昌伸
ワイドスナイパー,幅田京子
ワイドセシル,幅田昌伸
ワイドセレブ,幅田京子
ワイドソロモン,幅田昌伸
ワイドダビデ,幅田京子
ワイドディスボン,幅田昌伸
ワイドデコラシオン,幅田昌伸
ワイドバレンシア,幅田京子
ワイドバヴァール,幅田昌伸
ワイドファラオ,幅田昌伸
ワイドブリザード,幅田昌伸
ワイドポティロン,幅田昌伸
ワイドマイスター,幅田京子
ワイドマティーニ,幅田昌伸
ワイドマルガリータ,幅田昌伸
ワイドメテオール,幅田昌伸
ワイドモヒート,幅田昌伸
ワイドモンスター,幅田昌伸
ワイドモーゼ,幅田昌伸
ワイドラトゥール,幅田昌伸
ワイドリューレント,幅田昌伸
ワイドリーザワン,坂本浩一
ワイドレッジャドロ,幅田京子
ワイドレッド,幅田昌伸
ワイドヴィンクルム,幅田京子
ワイドヴィント,幅田昌伸
ワイノナ,ディアレストクラブ
ワイノナオミ,塩澤正樹
ワイプティアーズ,吉田照哉
ワイプユアアイズ,ヒダカ・ブリーダーズ・ユニオン
ワイマング,Ｇ１レーシング
ワイメアバレイ,笹川大晃牧場
ワイルデンウーリー,ゴドルフィン
ワイルドアイズ,ノルマンディーサラブレッドレーシング
ワイルドオーキッド,サラブレッドクラブ・ラフィアン
ワイルドカイザー,ヒダカ・ブリーダーズ・ユニオン
ワイルドカグラ,野田政義
ワイルドカモミール,ビッグレッドファーム
ワイルドカード,ゴドルフィン
ワイルドキャット,岡田隆寛
ワイルドグラス,長谷川守正
ワイルドゲーム,小林英一ホールディングス
ワイルドゴーア,兼松康太
ワイルドシング,カナヤマホールディングス
ワイルドジャーニー,玉井宏和
ワイルドタッチ,キヨタケ牧場
ワイルドチャイルド,ニッシンホールディングス
ワイルドチャーム,長谷川祐司
ワイルドトレイダー,吉岡泰治
ワイルドハンター,伊東純一
ワイルドヒロイン,高昭牧場
ワイルドピット,ＴＵＲＨ
ワイルドフォックス,山上和良
ワイルドフレーズ,ヒダカ・ブリーダーズ・ユニオン
ワイルドブッター,モンレーヴ
ワイルドブリット,田頭勇貴
ワイルドベティ,吉田勝己
ワイルドミュール,村野康司
ワイワイウォリアー,山田泰司
ワイワイガール,山田泰司
ワイワイキュート,山田泰司
ワイワイキング,廣崎利洋ＨＤ
ワイワイサンデー,山田泰司
ワイワイスマイル,山田泰司
ワイワイドリーム,山田泰司
ワイワイホワイト,山田泰司
ワイワイライリー,山田泰司
ワイワイレジェンド,山田裕仁
ワインクーラー,薪浦亨
ワインセラー,飯田正剛
ワインダークシー,広尾レース
ワインレッドハート,青芝商事
ワインレッドローズ,飯田正剛
ワインワインレッド,藤田晋
ワウワウワウ,フクキタル
ワオン,下河辺美智子
ワカギミ,サンコウ牧場
ワカタツフェイス,ＳＴレーシング
ワカミヤアトゥ,芳川貴行
ワカミヤイリオス,芳川貴行
ワカミヤオウジ,芳川貴行
ワカミヤクオーレ,芳川貴行
ワカミヤノミコト,芳川貴行
ワカミヤプリンス,芳川貴行
ワカミヤプレスト,芳川貴行
ワカムシャ,那須野牧場
ワカメチャン,内田玄祥
ワカワカ,中込哲太郎
ワガンセ,辻牧場
ワキアプリンセス,永井商事
ワキノアタリ,脇山良之
ワキノアリエス,脇山良之
ワキノクイーン,脇山良之
ワキノグラス,脇山良之
ワキノグロリーア,脇山良之
ワキノノーブル,脇山良之
ワキノヒビキ,脇山良之
ワキノフオルテ,脇山良之
ワキノフラッシュ,脇山良之
ワキノルーチェ,脇山良之
ワクシングムーン,ゴドルフィン
ワクワクサセテ,ミルファーム
ワクワクタロー,西村新一郎
ワクワクドキドキ,スピードファーム
ワクワクドリーム,上山牧
ワクワクルンルン,ローレルレーシング
ワグネリアン,金子真人ホールディングス
ワサンノタイカ,星野壽市
ワザオギ,山紫水明
ワザモノ,ノルマンディーサラブレッドレーシング
ワシヅカミ,岡浩二
ワシントンテソーロ,了徳寺健二ホールディングス
ワスカランテソーロ,了徳寺健二ホールディングス
ワスカル,シルクレーシング
ワセダインブルー,大冨智弘
ワセダウォリアー,大冨智弘
ワセダタンク,大冨智弘
ワセダハーツ,大冨智弘
ワタシイノッテマス,吉田勝利
ワタシキレイ,由井健太郎
ワタシダケドナニカ,松田真由美
ワタシデイイデスカ,松田真由美
ワタシノロザリオ,ヒダカ・ブリーダーズ・ユニオン
ワタシノワルツ,ライオンレースホース
ワタシハマジョ,村田哲朗
ワタシマツワ,由井健太郎
ワタシヲマッテル,小田切有一
ワダツミ,岡浩二
ワックスフラワー,ミルファーム
ワックスリリカル,ゴドルフィン
ワッザイカ,山下良子
ワッチャネイム,三岡陽
ワッフル,ミルファーム
ワディアルヒタン,平井裕
ワディアルリヤハ,吉田勝己
ワトソンクリック,本杉芳郎
ワトルツリー,前田幸治
ワナカ,小原準一郎
ワビスケ,ブルースターズファーム
ワラウウマザンマイ,中地賢次郎
ワラッテユルシテ,片山博志
ワラビガミ,岡浩二
ワルキューレキング,長田忠千代
ワルキューレクイン,長田忠千代
ワルツフォーデビー,風早信昭
ワルツフォーラン,松尾正
ワルツプリンセス,フジワラ・ファーム
ワルトシュタイン,三田昌宏
ワレハウミノコ,谷掛龍夫
ワレハカゼノコ,國分純
ワレモコウ,岡浩二
ワレラホシノコ,石井義人
ワンアフター,薪浦亨
ワンアンドワン,高昭牧場
ワンインザスカイ,奥田貴敏
ワンウェイ,ゴドルフィン
ワンウェイトゥヘル,一村哲也
ワンエルメス,嶋田賢
ワンオアエイト,村岡曉憲
ワンオールショット,槙和美
ワンカードフェロー,嶋田賢
ワンコール,平田修
ワンコールアウェイ,飯田良枝
ワンサイドラヴ,ニッシンホールディングス
ワンザストーリー,ケイズレーシング
ワンショートデイ,琴浦諒
ワンスインアライフ,前田幸治
ワンスインナムーン,諸江幸祐
ワンスウィートデイ,グリーンファーム
ワンスカイ,平井裕
ワンストローク,吉澤ホールディングス
ワンスマイル,康本利幸
ワンズワード,鈴木芳夫
ワンダイレクト,青山洋一
ワンダフルガイ,栗山道郎
ワンダフルグレイス,米田稔
ワンダフルサマー,ゴドルフィン
ワンダフルスパート,日向均
ワンダフルタウン,三田昌宏
ワンダフルタテヤマ,小島將之
ワンダフルデイズ,三田昌宏
ワンダフルトゥデイ,京都ホースレーシング
ワンダフルヘヴン,レッドマジック
ワンダフルボンド,Ｇ１レーシング
ワンダフルライフ,江川伸夫
ワンダホー,本田知聖
ワンダラー,今村明浩
ワンダーアウメント,山本能行
ワンダーアスク,廣崎利洋ＨＤ
ワンダーアバロン,山本能成
ワンダーアフィラド,山本能成
ワンダーアマルフィ,山本能成
ワンダーアマービレ,山本能成
ワンダーアリウープ,山本能成
ワンダーアレグリア,山本能成
ワンダーアンジェ,山本能成
ワンダーアーウット,山本能成
ワンダーイチョウ,山本能成
ワンダーイデア,山本能成
ワンダーイロネ,山本能成
ワンダーウィッタヤ,山本能成
ワンダーウィルク,山本能成
ワンダーウォール,ノルマンディーサラブレッドレーシング
ワンダーウマス,山本能成
ワンダーエイド,山本能成
ワンダーエカルテ,山本能行
ワンダーエッジ,山本能成
ワンダーエトワール,山本能行
ワンダーエバー,山本能成
ワンダーエマ,山本能成
ワンダーエルツ,山本能成
ワンダーエルピス,山本能成
ワンダーカインド,山本能成
ワンダーカグラ,山本能成
ワンダーカタリナ,山本能成
ワンダーカフェ,西川光一
ワンダーカムラング,山本能成
ワンダーカモン,山本能成
ワンダーカラフル,山本能成
ワンダーガナンシア,山本能行
ワンダーキサラ,山本能成
ワンダーキュイラス,山本能行
ワンダークエーサー,山本能成
ワンダークラッシー,山本能成
ワンダークレイモア,山本能成
ワンダークローバー,山本能成
ワンダークンナパー,山本能成
ワンダーグラン,山本能成
ワンダーグロウス,山本能成
ワンダーコノシュア,山本能成
ワンダーコリーナ,山本能成
ワンダーコンパス,山本能成
ワンダーサイファー,山本能成
ワンダーサジェス,山本能成
ワンダーサリュー,山本能成
ワンダーサーイター,山本能成
ワンダーシエンプロ,山本能成
ワンダーシャイン,山本能成
ワンダーシャッフル,山本能成
ワンダーシンシア,山本能成
ワンダージェム,山本能成
ワンダージェラート,山本能行
ワンダージュノ,山本能成
ワンダージョイ,山本能成
ワンダースアダーオ,山本能成
ワンダースアン,山本能成
ワンダースキル,山本能成
ワンダースティング,山本能成
ワンダースナイプ,山本能成
ワンダースニュマン,山本能成
ワンダースパイン,山本能成
ワンダースピアー,山本能成
ワンダースピリッツ,ＩＨＲ
ワンダーセイレーン,山本能成
ワンダーセトラ,ノルマンディーサラブレッドレーシング
ワンダーセートティ,山本能成
ワンダーソロ,山本能成
ワンダーゾルダート,山本能行
ワンダータジャム,山本能成
ワンダータビアット,山本能成
ワンダーダイカネン,山本能成
ワンダーチア,山本能成
ワンダーチャオサオ,山本能成
ワンダーティコ,山本能成
ワンダーディーン,山本能成
ワンダーデュエル,山本能成
ワンダーデリエール,山本能行
ワンダートリガー,山本能成
ワンダードゥヴァン,山本能行
ワンダーハイパー,山本能成
ワンダーハヤセ,山本能成
ワンダーハルム,山本能成
ワンダーハート,山本能成
ワンダーバウンサー,山本能成
ワンダーバリエンス,山本能成
ワンダーヒナタ,山本能成
ワンダーヒヨリ,山本能成
ワンダービジブル,山本能成
ワンダービスケット,山本能行
ワンダーピュルテ,山本能成
ワンダーピルエット,山本能行
ワンダーフェロー,山本能成
ワンダーフェンリル,山本能成
ワンダーフルーリ,山本能成
ワンダーフレックス,山本能成
ワンダーブリッツ,草間庸文
ワンダーブリング,山本能成
ワンダーブレス,山本能成
ワンダーブレット,山本能行
ワンダープチュック,山本能成
ワンダープラヤアン,山本能成
ワンダープレジール,山本能成
ワンダーヘイルネス,山本能成
ワンダーベール,山本能成
ワンダーボルドネス,山本能行
ワンダーボーイ,岡田牧雄
ワンダーポケット,下河邉行信
ワンダーポピュレル,山本能成
ワンダーマンキアオ,山本能成
ワンダーマンボ,草間庸文
ワンダーマーシー,山本能成
ワンダーミズ,山本能成
ワンダーミズキ,山本能成
ワンダーミューズ,山本能成
ワンダーラジャ,山本能成
ワンダーラスト,下河邉行雄
ワンダーリアス,山本能成
ワンダーリズム,山本能成
ワンダーリュクス,山本能成
ワンダーリーデル,山本能成
ワンダールウェス,山本能成
ワンダーレアリサル,山本能成
ワンダーレイザー,山本能成
ワンダーレコール,サラブレッドクラブ・ラフィアン
ワンダーレジット,山本能成
ワンダーロゼット,山本能成
ワンダーヴァッフェ,山本能行
ワンダーヴァレッタ,山口正行
ワンダーヴァレル,山本能成
ワンダーヴィーヴル,杉山忠国
ワンチャン,ニッシンホールディングス
ワンチーム,鈴木伸昭
ワンデイモア,江馬由将
ワントゥワン,青山洋一
ワンネス,佐久間拓士
ワンノブアス,和田牧場
ワンハート,ニッシンホールディングス
ワンパット,寺田寿男
ワンパーパス,橋本謙一
ワンビリーブ,鈴木康弘
ワンブランチ,長谷川千代子
ワンブレスアウェイ,サンデーレーシング
ワンプレート,中村智幸
ワンボイス,岡浩二
ワンモアエフォート,内藤好江
ワンモアスマイル,青山洋一
ワンモアチャンス,草間庸文
ワンモアデイ,松田整二
ワンモアナイン,本杉芳郎
ワンモアバイト,下河辺牧場
ワンモアビスケット,ノルマンディーサラブレッドレーシング
ワンモメンタム,サンデーレーシング
ワンライトスター,宮本育也
ワンライトムーン,宮本育也
ワンラヴ,ニッシンホールディングス
ワンリオン,河村祥史
ワンワールド,青山洋一
ワーウルフ,窪田芳郎
ワーキングアセット,サンデーレーシング
ワーキングスタイル,社台レースホース
ワーキングデライト,社台レースホース
ワークアウト,安原浩司
ワークアンドビート,小林祥晃
ワークアンドラブ,小林祥晃
ワークアンドリッチ,小林祥晃
ワークジュニア,吉田和美
ワークソング,馬場幸夫
ワーケア,落合幸弘
ワース,前田葉子
ワーズワース,カナヤマホールディングス
ワードセンス,由井健太郎
ワーフデール,Ｇ１レーシング
ワープエンジン,樋口雅彦
ワープスピード,山田弘
ワールズエンド,キャロットファーム
ワールズコライド,ゴドルフィン
ワールドイズマイン,レッドマジック
ワールドウィスラー,田頭勇貴
ワールドウイング,スピードファーム
ワールドウインズ,川勝裕之
ワールドウォッチ,青山洋一
ワールドエンジェル,小倉哲
ワールドキッス,小倉哲
ワールドクルーズ,岡田壮史
ワールドコネクター,山本又一郎
ワールドシリーズ,シルクレーシング
ワールドジェニー,林正道
ワールドスケール,三嶋牧場
ワールドタキオン,ＭＯＪＡ
ワールドナカヤマ,中山牧場
ワールドハート,ＣＯＣＯＲＯ組合
ワールドバローズ,猪熊広次
ワールドパレス,小林量
ワールドピース,江馬由将
ワールドフォーラブ,吉澤ホールディングス
ワールドブルックス,本間茂
ワールドブレイヴ,大塚亮一
ワールドプレミア,大塚亮一
ワールドヘリテージ,谷岡毅
ワールドペコ,林正道
ワールドマックス,池田草龍
ワールドリバイバル,鈴木昭和
ワールドロイヤル,本間茂
ワールプール,吉田照哉
ヴァイオエルソル,鈴木史郎
ヴァイオスペース,小島章義
ヴァイオパイシーズ,鈴木史郎
ヴァイオリンソナタ,吉田照哉
ヴァイオルナ,鈴木史郎
ヴァイオレット,中辻明
ヴァイオレットベガ,堀口晴男
ヴァイキングムーン,ゴドルフィン
ヴァイザー,キャロットファーム
ヴァイザーバルコ,ディアレストクラブ
ヴァイザーブリック,シルクレーシング
ヴァイスカイザー,サンデーレーシング
ヴァイスクレー,キャロットファーム
ヴァイスコード,ノルマンディーサラブレッドレーシング
ヴァイスジーニー,ヒダカ・ブリーダーズ・ユニオン
ヴァイストウショウ,トウショウ産業
ヴァイスブリッツ,ノルマンディーサラブレッドレーシング
ヴァイスメテオール,シルクレーシング
ヴァイスリヒト,Ｇ１レーシング
ヴァイゼ,林正道
ヴァイタリズム,サラブレッドクラブ・ラフィアン
ヴァイタリティ,ゴドルフィン
ヴァイタルピース,岡田牧雄
ヴァイツェン,ビッグレッドファーム
ヴァイトブリック,キャロットファーム
ヴァイル,山本律
ヴァイルマティ,サラブレッドクラブ・ラフィアン
ヴァインゲサン,西森功
ヴァイヴァーイ,吉田勝利
ヴァカンツァ,カナヤマホールディングス
ヴァガボンド,カナヤマホールディングス
ヴァガルーナ,岡田牧雄
ヴァクストゥーム,ローレルレーシング
ヴァサヴォワール,吉田和美
ヴァシリアス,前田葉子
ヴァシリエフスキー,サンデーレーシング
ヴァシロペス,ヒダカ・ブリーダーズ・ユニオン
ヴァシーオ,ビッグレッドファーム
ヴァジュランダ,高原将浩
ヴァスキアン,ＴＵＲＦレーシング
ヴァズレーヌ,ノルマンディーサラブレッドレーシング
ヴァッシュモン,山口功一郎
ヴァトナヨークトル,ミルファーム
ヴァトレニ,野田政義
ヴァナルガンド,ノルマンディーサラブレッドレーシング
ヴァニラアイス,ヒダカファーム
ヴァニラシェイク,程田真司
ヴァハマ,辻高史
ヴァプンアート,西森功
ヴァモスタイテー,久保博文
ヴァモスロード,久保博文
ヴァラエタル,ＶｉｒｉｄｉａｎＫｅｉｂａＣｌｕｂ
ヴァラダムドラー,サンデーレーシング
ヴァラマイト,ローレルレーシング
ヴァラムノス,野嶋祥二
ヴァランシエンヌ,シルクレーシング
ヴァランセカズマ,稲場澄
ヴァラークラウン,ゴドルフィン
ヴァラーメダル,小林竜太郎
ヴァリアブルヨシノ,清水義徳
ヴァリアメンテ,Ｇ１レーシング
ヴァリアント,カナヤマホールディングス
ヴァリアントアニマ,Ｇリビエール・レーシング
ヴァリアントゴッド,広尾レース
ヴァリアントジョイ,ローレルレーシング
ヴァリアントナイト,ライオンレースホース
ヴァリアントマーチ,Ｇ１レーシング
ヴァリアービレ,Ｇ１レーシング
ヴァリエンテシチー,友駿ホースクラブ
ヴァリオブキングズ,ゴドルフィン
ヴァリオーサ,Ｇ１レーシング
ヴァリスクブレイズ,大崎将行
ヴァリスマリネリス,社台レースホース
ヴァリッド,金山政信
ヴァリッドブラック,サンデーレーシング
ヴァリディシームス,社台レースホース
ヴァリドゥス,Ｇ１レーシング
ヴァリラプトル,加藤裕司
ヴァリーゲイト,村上稔
ヴァリージア,早野誠
ヴァルカン,山本てるみ
ヴァルカンテソーロ,了徳寺健二ホールディングス
ヴァルガス,フクキタル
ヴァルキュリア,キャロットファーム
ヴァルキリードレス,ＤＭＭドリームクラブ
ヴァルキリーバース,サンデーレーシング
ヴァルク,ケンブリッジバレー
ヴァルコス,佐々木主浩
ヴァルゴスピカ,岡田牧雄
ヴァルサーガ,杉山忠国
ヴァルシャー,カナヤマホールディングス
ヴァルス,ＢｉｊｏｕＲａｃｉｎｇ
ヴァルタリ,ノースヒルズ
ヴァルダリス,社台レースホース
ヴァルチャースター,キャロットファーム
ヴァルツァーシャル,ウエスト．フォレスト．ステイブル
ヴァルディゼール,Ｇ１レーシング
ヴァルディノート,キャロットファーム
ヴァルトグリーン,斎藤光政
ヴァルトバーデン,ヒダカ・ブリーダーズ・ユニオン
ヴァルトブルク,社台レースホース
ヴァルトラウテ,ノルマンディーサラブレッドレーシング
ヴァルドグラース,Ｇ１レーシング
ヴァルドマルヌ,村野康司
ヴァルドルチャ,ＮＩＣＫＳ
ヴァルドワーズ,シルクレーシング
ヴァルナ,野嶋祥二
ヴァルブロッサ,梅田牧場
ヴァルプルギス,田頭勇貴
ヴァルボナ,ラ・メール
ヴァルボリ,吉田千津
ヴァルムチェーナ,ディアレストクラブ
ヴァレスカ,小林祐一
ヴァレッタカズマ,吉田和美
ヴァレプロフォンダ,ゴドルフィン
ヴァレリア,ターフ・スポート
ヴァレンシアスノー,高昭牧場
ヴァレンティヌス,小川眞査雄
ヴァレンティーニ,Ｇ１レーシング
ヴァレーデラルナ,ラ・メール
ヴァレーニュ,杉山忠国
ヴァロアーク,ＤＭＭドリームクラブ
ヴァロリザー,佐々木主浩
ヴァロワール,奥裕嗣
ヴァロンダンス,グリーンファーム
ヴァロンブローサ,Ｇ１レーシング
ヴァローア,ターフ・スポート
ヴァローレネロ,程田真司
ヴァンアグレアブル,吉田勝己
ヴァンガルダ,ＭＫレーシング
ヴァンガーズハート,キャロットファーム
ヴァンキッシュ,山上和良
ヴァンキッシュアイ,会田浩史
ヴァンクールシチー,友駿ホースクラブ
ヴァンクールシルク,シルクレーシング
ヴァンケドミンゴ,幅田昌伸
ヴァンサンブル,増田江利子
ヴァンシャンテ,河野勇樹
ヴァンショー,Ｇ１レーシング
ヴァンセゾニエ,キャロットファーム
ヴァンタブラック,シルクレーシング
ヴァンタンジェンヌ,村田滋
ヴァンダレイ,市川義美ホールディングス
ヴァンダンジュ,ノースヒルズ
ヴァンダービルト,山本又一郎
ヴァンダーファルケ,長浜牧場
ヴァンデエス,ホースアディクト
ヴァンデスト,酒井孝敏
ヴァンデスプワール,キャロットファーム
ヴァンデスペランス,シルクレーシング
ヴァンデリオン,サザンホールディング
ヴァントシルム,キャロットファーム
ヴァントネール,田頭勇貴
ヴァンドゥメール,スリーエイチレーシング
ヴァンドゥラン,ノルマンディーサラブレッドレーシング
ヴァンドゥーヴル,犬塚悠治郎
ヴァンドギャルド,社台レースホース
ヴァンドレスト,サンデーレーシング
ヴァンドーム,中村祐子
ヴァンドール,サンデーレーシング
ヴァンナチュール,徳永雅樹
ヴァンヌ,杉山忠国
ヴァンビスタ,ＤＭＭドリームクラブ
ヴァンベールシチー,友駿ホースクラブ
ヴァンヤール,ヒダカ・ブリーダーズ・ユニオン
ヴァンランディ,サンデーレーシング
ヴァンルーラー,サイプレスホールディングス
ヴァンロゼ,ヒダカ・ブリーダーズ・ユニオン
ヴァンヴィーヴ,エデンアソシエーション
ヴァークスティ,本間茂
ヴァーグエスタード,ディアレストクラブ
ヴァージル,ＣＨＥＶＡＬＡＴＴＡＣＨＥ
ヴァージンビート,岡田牧雄
ヴァーダイト,キャロットファーム
ヴァーチャリティ,桑田牧場
ヴァーチュアス,カナヤマホールディングス
ヴァーツラフ,市川義美ホールディングス
ヴァーティゴー,ゴドルフィン
ヴァーナリー,キャロットファーム
ヴァーナルブルーム,ヒダカ・ブリーダーズ・ユニオン
ヴァーニャ,中辻明
ヴァーユ,野嶋祥二
ヴァールザーゲン,サラブレッドクラブ・ラフィアン
ヴァーンフリート,キャロットファーム
ヴァーヴイレヴン,藤井厚志
ヴアーサ,本間茂
ヴィアスパークル,ディアレストクラブ
ヴィアダクト,吉田照哉
ヴィアッジョ,是枝浩平
ヴィアツァ,ビッグレッドファーム
ヴィアトル,Ｇ１レーシング
ヴィアドロローサ,スリーエイチレーシング
ヴィアメント,社台レースホース
ヴィアルネッサンス,吉田勝己
ヴィアルークス,フクキタル
ヴィアルーチェ,シルクレーシング
ヴィアレッジョ,吉田勝己
ヴィエナブロー,吉田千津
ヴィエリチカ,畑佐博
ヴィエルネスサント,シルクレーシング
ヴィエントアスール,アスール
ヴィエントデコラ,Ｇ１レーシング
ヴィエントフレスコ,前田幸治
ヴィエンヌ,杉山忠国
ヴィオマージュ,ノルマンディーサラブレッドレーシング
ヴィオラソナタ,ゴドルフィン
ヴィオラダンサー,前迫義幸
ヴィオラピューロ,西岡透
ヴィオリーナ,ロードホースクラブ
ヴィオルナ,山口功一郎
ヴィオレンツァ,ノルマンディーサラブレッドレーシング
ヴィオレントアズル,岡田牧雄
ヴィオレーヌ,岡田隆寛
ヴィオローネ,奈良崎孝一郎
ヴィキャンデル,坂東牧場
ヴィクターバローズ,猪熊広次
ヴィクティファルス,Ｇ１レーシング
ヴィクトアリー,窪田康志
ヴィクトゥーラ,近藤英子
ヴィクトリアタワー,社台レースホース
ヴィクトリアドール,サンデーレーシング
ヴィクトリアノート,吉田照哉
ヴィクトリアピース,シルクレーシング
ヴィクトリアブーケ,佐々木雄二
ヴィクトリアポデル,西村憲人
ヴィクトリアランド,ＮＩＣＫＳ
ヴィクトリアループ,ＩＨＲ
ヴィクトリオン,中内田克二
ヴィクトリオーソ,ノルマンディーサラブレッドレーシング
ヴィクトリーアイ,ヒダカファーム
ヴィクトリーキー,シルクレーシング
ヴィクトリーナイト,田畑富子
ヴィクトリーマンボ,中村昭博
ヴィクトリーレーン,社台レースホース
ヴィクトリーロード,山田弘
ヴィクトワールバゴ,シルクレーシング
ヴィクトワールボス,小田吉男
ヴィクトワールメイ,山口謙太郎
ヴィクトールアイ,コスモヴューファーム
ヴィクトールドパリ,グリーンファーム
ヴィグラスカイザー,犬塚悠治郎
ヴィグラスファイア,シルクレーシング
ヴィグラスレディー,小林博雄
ヴィグルズマン,ＫＡＪＩＭＯＴＯホールディングス
ヴィグール,サイプレスホールディングス
ヴィゴラスガイア,山崎太嗣
ヴィゴラスダンサー,前迫義幸
ヴィゴーレ,前田幸治
ヴィゴーレテソーロ,了徳寺健二ホールディングス
ヴィサルガ,吉田照哉
ヴィサージュ,寺田寿男
ヴィシェラ,水上行雄
ヴィシュヴァナート,村島聡乃
ヴィジブルライト,キャロットファーム
ヴィジャランス,加藤誠
ヴィジャーヤ,広尾レース
ヴィジュイイジャン,山下良子
ヴィジュネル,キャロットファーム
ヴィジョニア,田頭勇貴
ヴィジョンオブラヴ,大塚亮一
ヴィジョンメーカー,サンデーレーシング
ヴィスクレス,ターフ・スポート
ヴィスコンティ,加藤誠
ヴィスコンテッサ,キャロットファーム
ヴィスタグロッサ,ゴドルフィン
ヴィスナー,西浩明
ヴィスパメンテ,社台レースホース
ヴィスマール,キャロットファーム
ヴィスメンティス,サンデーレーシング
ヴィズサクセス,嶋田賢
ヴィゼルビュット,エデンアソシエーション
ヴィダル,吉田和美
ヴィッカース,吉田照哉
ヴィッセン,シルクレーシング
ヴィッセンシャウト,星加浩一
ヴィッテルスバッハ,キャロットファーム
ヴィットリオーザ,藤田在子
ヴィディア,サンデーレーシング
ヴィトラス,中村祐子
ヴィトー,中辻明
ヴィトーリア,寺田寿男
ヴィナクローナ,社台レースホース
ヴィニュロン,ミルファーム
ヴィネット,水上ふじ子
ヴィヒタ,山口裕介
ヴィビーム,小菅誠
ヴィブラツィオーネ,加藤裕司
ヴィブラフォン,吉田勝己
ヴィブラント,ＤＭＭドリームクラブ
ヴィライザベル,岡田隆寛
ヴィラコースト,ディアレストクラブ
ヴィラジョヴィス,ライオンレースホース
ヴィラスターリ,日進牧場
ヴィラディー,大久保和夫
ヴィラフランカ,ノルマンディーサラブレッドレーシング
ヴィラロボス,ＫＡＪＩＭＯＴＯホールディングス
ヴィラーゴスリーブ,サンデーレーシング
ヴィラーニ,スリーエイチレーシング
ヴィリアリート,シルクレーシング
ヴィル,ＩＨＲ
ヴィルダースヴィル,フォレストレーシング
ヴィルチュオーズ,桑田牧場
ヴィルティス,大江実
ヴィルデローゼ,キャロットファーム
ヴィルトゥオシタ,Ｇ１レーシング
ヴィルトゥオーゾ,東海林貴大
ヴィルトゥース,サンデーレーシング
ヴィルトファン,カナヤマホールディングス
ヴィルトブリーゼ,キャロットファーム
ヴィルトブローム,伊藤正樹
ヴィルナタール,キャロットファーム
ヴィルヘルム,キャロットファーム
ヴィルベル,吉田千津
ヴィレイメル,ケーエスＨＤ
ヴィレッジアップ,坂口慎吾
ヴィレム,フクキタル
ヴィレーヌ,吉田勝己
ヴィレーラ,サイプレスホールディングス
ヴィンカマヨール,シルクレーシング
ヴィンクーロ,ＤＭＭドリームクラブ
ヴィンセドリス,佐々木主浩
ヴィンセンシオ,キャロットファーム
ヴィンセントズー,千明牧場
ヴィンチェロ,磯波勇Ｆ
ヴィンチェローズ,ＴＡホースレーシング
ヴィンチェーレ,桑田牧場
ヴィンテージボンド,サンデーレーシング
ヴィンテージポート,ターフ・スポート
ヴィンテール,インゼルレーシング
ヴィント,平山靖
ヴィントシュティレ,キャロットファーム
ヴィントミューレ,下河辺隆行
ヴィントラオフ,田畑利彦
ヴィンブルレー,キャロットファーム
ヴィンランド,吉田勝己
ヴィヴァクラウン,西村有人
ヴィヴァシャス,フジワラ・ファーム
ヴィヴァラリス,ローレルレーシング
ヴィヴァン,前田幸大
ヴィヴァンフィーユ,ノルマンディーサラブレッドレーシング
ヴィヴィアナガール,イクタ
ヴィヴィアンリーチ,ヒダカ・ブリーダーズ・ユニオン
ヴィヴィッシモ,キャロットファーム
ヴィヴィッドパール,ブルースターズファーム
ヴィヴィッドムーン,ゴドルフィン
ヴィヴェローネ,社台レースホース
ヴィヴマン,加藤裕司
ヴィヴラガレット,橋場勇二
ヴィーガン,伊藤良兵
ヴィーグリーズ,服部牧場
ヴィーケン,中西宏彰
ヴィーゲイツ,ディアレストクラブ
ヴィーゲンリート,ノースヒルズ
ヴィーショラ,松本俊廣
ヴィースバーデン,ロードホースクラブ
ヴィータハイジア,ＨｉｍＲｏｃｋＲａｃｉｎｇホールディングス
ヴィータファン,猿田栄二
ヴィータブリランテ,三嶋牧場
ヴィータリッカ,シルクレーシング
ヴィータレヴィス,スリーエイチレーシング
ヴィーダ,スマイルファーム
ヴィーデ,Ｇ１レーシング
ヴィートディエース,住宅データ
ヴィーナスウインズ,ヒダカ・ブリーダーズ・ユニオン
ヴィーナスキック,ＫＩＣレーシング
ヴィーナスゼファー,下河辺牧場
ヴィーナスバブル,浅沼廣幸
ヴィーナスフローラ,大塚亮一
ヴィーナスブレス,西森功
ヴィーナスラン,岡村善行
ヴィーラー,黒岩剛史
ヴィーリヤ,菊池五郎
ヴィーヴァステラ,芹澤精一
ヴィーヴァバッカス,芹澤精一
ヴィーヴァマーレ,芹澤精一
ヴィーヴァメジロ,芹澤精一
ヴィーヴァライアン,芹澤精一
ヴィーヴォ,サンコウ牧場
ヴィーヴルサヴィ,ライオンレースホース
ヴイエルジュ,杵臼牧場
ヴェアリアス,前田葉子
ヴェイパライズ,加藤誠
ヴェイヤーズ,犬塚悠治郎
ヴェイルオブナイト,グリーンファーム
ヴェイルドハート,キャロットファーム
ヴェイルネビュラ,吉田勝己
ヴェインズマン,服部健太郎
ヴェガリア,ＧＥＴＮＥＸＴ
ヴェクトライズ,ノルマンディーサラブレッドレーシング
ヴェサリウス,福盛訓之
ヴェシレンキ,社台レースホース
ヴェスタールカ,キャロットファーム
ヴェスターヴァルト,キャロットファーム
ヴェスティード,キャロットファーム
ヴェストラン,中西宏彰
ヴェストリア,佐々木主浩
ヴェストヴォーグ,Ｇ１レーシング
ヴェスパーローズ,八嶋長久
ヴェスペロ,山口裕介
ヴェズレー,田島榮二郎
ヴェゼール,畑佐博
ヴェッキオカズマ,吉田和美
ヴェックマン,キャロットファーム
ヴェッターホルン,ビッグレッドファーム
ヴェッツラー,永田和彦
ヴェットビルズ,稲葉光昭
ヴェナートル,落合幸弘
ヴェニゼロス,サンデーレーシング
ヴェニュセマース,サンデーレーシング
ヴェヌーセ,ノルマンディーサラブレッドレーシング
ヴェネチアンキング,星野隆男
ヴェネチアンマスク,キーウエスト
ヴェネチアンレース,吉田勝己
ヴェネト,サンデーレーシング
ヴェネラブル,ノルマンディーサラブレッドレーシング
ヴェネラリア,辻高史
ヴェネレ,高橋文男
ヴェノム,栗嶋豊明
ヴェラアズール,キャロットファーム
ヴェラグエリエロ,加藤裕司
ヴェラフォルツァ,サラブレッドクラブ・ラフィアン
ヴェラベレッツァ,キャロットファーム
ヴェラメンテ,大谷正嗣
ヴェラリーシャ,大樹ファーム
ヴェラヴァルスター,保坂和孝
ヴェラート,宮川純造
ヴェリエーロ,京都ホースレーシング
ヴェリズモ,社台レースホース
ヴェリタス,中西宏彰
ヴェリタスポルタ,ウエスト．フォレスト．ステイブル
ヴェリートレビアン,嶋田賢
ヴェリーヌ,ビッグレッドファーム
ヴェル,桑田牧場
ヴェルサイユコート,西田順彦
ヴェルサイユシエル,ヒダカ・ブリーダーズ・ユニオン
ヴェルサイユローズ,モンレーヴ
ヴェルザスカ,矢野秀春
ヴェルシャール,サイプレスホールディングス
ヴェルジーネ,京都ホースレーシング
ヴェルスパー,サンデーレーシング
ヴェルズネイ,社台レースホース
ヴェルダット,八嶋長久
ヴェルダリオ,ノルマンディーサラブレッドレーシング
ヴェルダージ,ラ・メール
ヴェルテアシャフト,キャロットファーム
ヴェルティグレ,小島章義
ヴェルテックス,シルクレーシング
ヴェルテンベルク,吉田照哉
ヴェルディッキオ,ビッグレッドファーム
ヴェルディール,サンデーレーシング
ヴェルデシチー,友駿ホースクラブ
ヴェルデヴェント,井手慶祐
ヴェルトゥアル,シルクレーシング
ヴェルトクリーガー,ＹＧＧホースクラブ
ヴェルトツィール,辻助
ヴェルトハイム,ロードホースクラブ
ヴェルトライゼンデ,サンデーレーシング
ヴェルトラウム,キャロットファーム
ヴェルトラウン,Ｇ１レーシング
ヴェルドロ,Ｇ１レーシング
ヴェルナー,キャロットファーム
ヴェルニッツ,吉田和美
ヴェルバーニア,サンデーレーシング
ヴェルミセル,ノルマンディーサラブレッドレーシング
ヴェルミリオ,山本三津子
ヴェルメリオ,今村明浩
ヴェルメロディ,窪田芳郎
ヴェルラヴニール,サンデーレーシング
ヴェルヴ,Ｇ１レーシング
ヴェルヴィエ,フォレストレーシング
ヴェルーリヤ,ローレルレーシング
ヴェレノージ,加藤誠
ヴェロキラプトル,加藤裕司
ヴェロクオーレ,村野康司
ヴェロシア,窪田芳郎
ヴェロシオン,安原麻美
ヴェロシスタ,ＹＧＧホースクラブ
ヴェロス,三嶋牧場
ヴェロックス,金子真人ホールディングス
ヴェロニカグレース,シルクレーシング
ヴェロニカペルシカ,社台レースホース
ヴェロニカマジック,フロンティア
ヴェロニク,島川隆哉
ヴェロン,ラ・メール
ヴェローチェ,ディアレストクラブ
ヴェローチェエラ,ＴＯＲＡＣＩＮＧ
ヴェローチェオロ,大野照旺
ヴェローナシチー,友駿ホースクラブ
ヴェンジェンス,宮川純造
ヴェンセールシチー,友駿ホースクラブ
ヴェンチュラサン,西見徹也
ヴェンチュラスカイ,西見徹也
ヴェンチュラスター,西見徹也
ヴェンチュラムーン,西見徹也
ヴェンデボヌール,福原有一
ヴェントインコーダ,山田信太郎
ヴェントゥーラ,飯田貴大
ヴェントステラーレ,ヒダカ・ブリーダーズ・ユニオン
ヴェントディルーナ,ディアレストクラブ
ヴェントデグロリア,木村牧場
ヴェントドーロ,木村牧場
ヴェントベローチェ,丸山竜一
ヴェントボニート,名古屋友豊
ヴェントリナ,サラブレッドクラブ・ラフィアン
ヴェントヴォーチェ,エデンアソシエーション
ヴェーチェル,ビッグレッドファーム
ヴェーヌドール,Ｇ１レーシング
ヴェーラ,山口敦広
ヴェーラプリータ,名古屋友豊
ヴェールアップ,キャロットファーム
ヴェールアンレーヴ,ＤＭＭドリームクラブ
ヴェールクレール,シルクレーシング
ヴェールダムール,ライオンレースホース
ヴェールトゥマラン,落合幸弘
ヴェールネージュ,竹下佳利
ヴェールミューズ,芳住革二
ヴェールランス,社台レースホース
ヴェールレガロ,水谷昌晃
ヴォアプレット,金子真人ホールディングス
ヴォアラ,ミルファーム
ヴォイス,竹下浩一
ヴォイスオブジョイ,サラブレッドクラブ・ラフィアン
ヴォイスオブゼウス,加藤裕司
ヴォイッジバブル,Sunshine And Moonlight Syndicate
ヴォウジラール,サンデーレーシング
ヴォカツィオーネ,サラブレッドクラブ・ラフィアン
ヴォスペランツァ,ディアレストクラブ
ヴォメロ,山本佳彦
ヴォランテ,永田和彦
ヴォラヴィア,巴山尊文
ヴォラーヌ,杉山忠国
ヴォラーレ,Ｍｒ．ホース
ヴォリアーモ,サンデーレーシング
ヴォリーダ,ＤＭＭドリームクラブ
ヴォルオヴァン,岡田牧雄
ヴォルガ,サンデーレーシング
ヴォルクメア,ノースヒルズ
ヴォルケシェッツェ,ウエスト．フォレスト．ステイブル
ヴォルケニック,ゴドルフィン
ヴォルゴグラード,サンデーレーシング
ヴォルスター,モンレーヴ
ヴォルスト,ノースヒルズ
ヴォルスパシアル,ライオンレースホース
ヴォルターウルフ,ＨｉｍＲｏｃｋＲａｃｉｎｇホールディングス
ヴォルテックス,幅田昌伸
ヴォルトファース,辻牧場
ヴォルパンテール,ノルマンディーサラブレッドレーシング
ヴォルフスブルク,コスモヴューファーム
ヴォルヴァ,伊藤正樹
ヴォレクィーン,坂田行夫
ヴォレトンクール,シルクレーシング
ヴォレンティエーリ,吉田照哉
ヴォロンティエ,清宮義男
ヴォワドアンジェ,前田幸治
ヴォワラクテ,ノースヒルズ
ヴォンサクレ,宇佐見紀之
ヴォンソレイユ,服部統祥
ヴォンタリエール,ビッグレッドファーム
ヴォンドゥ,ヒダカ・ブリーダーズ・ユニオン
ヴォンヌヴォー,平川三津
ヴォンフレ,平井裕
ヴォーカライズ,Ｇ１レーシング
ヴォーガ,一村哲也
ヴォーグアルタイル,志村幸彦
ヴォーグシャララ,志村幸彦
ヴォーグノヤイバ,志村幸彦
ヴォーグファラオ,志村幸彦
ヴォーグマチネ,志村幸彦
ヴォーグロックユー,志村幸彦
ヴォーゲ,林正道
ヴォージュ,杉山忠国
ヴォートセレスト,キャロットファーム
ヴォートルエロー,ラ・メール
ヴォードノエル,吉田千津
ヴォードヴィル,ローレルレーシング
ヴォーノ,サイプレスホールディングス
ヴォーノハート,平口信行
ヴォーパルソード,ウエスト．フォレスト．ステイブル
ヴォールヴィコント,栗山良子
ヴゼットジョリー,社台レースホース
ヴゼットマシェリ,社台レースホース
ヴノ,寺田寿男
ヴラディア,小泉修
ヴラマンク,薪浦亨
ヴリトラハン,吉田千津
ヴルカーノ,宮田守
ヴルールドロワ,ヒダカ・ブリーダーズ・ユニオン
ヴレクール,坂巻勝彦
ヴレパリジャン,吉田ひとみ
ヴレーデ,中山栄一
ヴンダー,ビッグレッドファーム
ヴンダーバール,吉田和美
ヴーディーズピアス,田島大史
ヴーレヴー,桑田牧場
