着順,枠番,馬番,馬名,性齢,斤量,騎手,タイム,着差,ﾀｲﾑ指数タイム指数(通常)タイム指数マスター,ﾀｲﾑ指数Mタイム指数(通常)タイム指数マスター,ｽﾀｰﾄ指数,追走指数,上がり指数,通過,上り,単勝,人気,馬体重,調教ﾀｲﾑ,厩舎ｺﾒﾝﾄ,備考,調教師,馬主,賞金(万円),race_id
1,2,2,クリアミッション,牡3,56,大庭和弥,1:20.4,,**,,,,,12-9,37.0,9.4,5,506(+2),,,,[東]土田稔,大原詔宏,510.0,202005010101
2,1,1,エストラード,牡3,56,江田照男,1:20.4,アタマ,**,,,,,8-7,37.3,8.3,4,478(+2),,,,[東]武市康男,島川隆哉,200.0,202005010101
3,5,9,マッチャパフェ,牝3,54,武藤雅,1:20.4,アタマ,**,,,,,1-1,38.2,10.5,6,446(-4),,,,[東]林徹,保坂和孝,130.0,202005010101
4,3,4,コルニリア,牡3,56,嘉藤貴行,1:20.6,3/4,**,,,,,3-3,38.1,19.3,9,440(+2),,,,[東]大和田成,ミルファーム,77.0,202005010101
5,7,12,ローズオブシャロン,牝3,54,石橋脩,1:20.6,クビ,**,,,,,2-2,38.2,7.3,3,458(0),,,,[東]大竹正博,ノースヒルズ,51.0,202005010101
6,3,5,バーンパッション,牡3,56,大野拓弥,1:20.7,クビ,**,,,,,12-11,37.1,20.2,10,468(+2),,,,[東]中川公成,岡田牧雄,,202005010101
7,6,10,ユタカサン,牡3,56,吉田豊,1:20.7,アタマ,**,,,,,3-5,37.9,17.4,8,486(+8),,,,[東]竹内正洋,井山登,,202005010101
8,4,7,サイモンバトラー,牡3,56,田辺裕信,1:20.7,ハナ,**,,,,,9-9,37.4,15.0,7,462(+12),,,,[東]矢野英一,澤田昭紀,,202005010101
9,4,6,コパノラクラク,牝3,54,宮崎北斗,1:20.8,1/2,**,,,,,6-5,38.0,97.2,12,442(+4),,,,[東]和田勇介,小林祥晃,,202005010101
10,8,14,コーラルティアラ,牝3,54,横山典弘,1:20.8,アタマ,**,,,,,9-11,37.3,3.4,1,460(-2),,,,[東]和田勇介,ノルマンディーサラブレッドレーシング,,202005010101
11,2,3,ストームファルコン,牡3,56,Ｍ．デム,1:20.9,3/4,**,,,,,14-14,37.1,4.4,2,472(+2),,,,[東]水野貴広,Ｋ．Ｃ．タン,,202005010101
12,8,15,マサノゴールデン,牝3,54,北村宏司,1:21.4,3,**,,,,,3-3,38.9,31.4,11,476(-18),,,,[東]木村哲也,中村時子,,202005010101
13,5,8,マインレッド,牝3,54,菅原隆一,1:23.1,大,**,,,,,6-7,40.0,451.2,15,436(+8),,,,[東]小野次郎,峰哲馬,,202005010101
14,6,11,アイアンカレン,牝3,54,丹内祐次,1:23.7,3.1/2,**,,,,,9-11,40.1,271.9,13,408(+2),,,,[東]青木孝文,池上一馬,,202005010101
15,7,13,サンテンプル,牝3,53,野中悠太,1:26.2,大,**,,,,,15-15,40.0,389.3,14,418(-6),,,,[東]伊藤伸一,加藤ステーブル,,202005010101
1,8,16,エヴァジョーネ,牝3,54,武豊,1:27.2,,**,,,,,2-2,37.7,8.0,3,428(0),,,,[西]安田翔伍,社台レースホース,600.0,202005010102
2,3,6,ラブアドベンチャー,牝3,54,横山典弘,1:27.3,1/2,**,,,,,1-1,38.0,12.9,4,468(0),,,,[東]尾関知人,ノースヒルズ,240.0,202005010102
3,1,1,ヴィエントアスール,牡3,56,ルメール,1:27.3,クビ,**,,,,,5-5,37.7,4.2,2,470(0),,,,[西]鈴木孝志,アスール,150.0,202005010102
4,6,11,ムーンダイアローグ,牡3,56,ミナリク,1:27.6,2,**,,,,,9-8,37.2,20.4,6,436(0),,,,[東]矢野英一,大塚亮一,90.0,202005010102
5,5,9,キアナポラリス,牝3,54,柴田善臣,1:28.2,3.1/2,**,,,,,11-11,37.6,67.1,8,432(0),,,,[東]国枝栄,ノルマンディーサラブレッドレーシング,60.0,202005010102
6,5,10,ジャックオレンジ,牡3,55,野中悠太,1:28.2,アタマ,**,,,,,7-7,38.2,37.6,7,482(0),,,,[東]武井亮,ＹＧＧホースクラブ,,202005010102
7,4,7,ワンチーム,牡3,54,木幡育也,1:28.4,1.1/4,**,,,,,2-2,39.0,78.7,9,458(0),,,,[東]清水英克,鈴木伸昭,,202005010102
8,7,13,マテンロウヴァモス,牡3,56,マーフィ,1:28.6,1.1/2,**,,,,,2-2,39.1,1.6,1,512(0),,,,[西]藤原英昭,寺田千代乃,,202005010102
9,2,3,エメラルディ,牝3,54,横山和生,1:29.7,7,**,,,,,5-5,40.0,16.2,5,484(0),,,,[東]勢司和浩,ＹＧＧホースクラブ,,202005010102
10,6,12,ウインオーサム,牡3,56,松岡正海,1:29.7,クビ,**,,,,,9-8,39.3,105.2,11,462(0),,,,[東]中舘英二,ウイン,,202005010102
11,8,15,ジニービーチ,牝3,54,丹内祐次,1:29.7,ハナ,**,,,,,8-8,39.3,153.6,13,480(0),,,,[東]上原博之,サラブレッドクラブ・ラフィアン,,202005010102
12,2,4,ベルダリーター,牝3,54,嘉藤貴行,1:30.4,4,**,,,,,15-15,38.3,79.8,10,466(0),,,,[東]水野貴広,桜井忠隆,,202005010102
13,4,8,サンディロン,牝3,54,田中勝春,1:30.5,クビ,**,,,,,14-13,38.7,163.9,14,426(0),,,,[東]宗像義忠,加藤ステーブル,,202005010102
14,7,14,ツウカイヴィータ,牝3,54,石川裕紀,1:30.8,1.3/4,**,,,,,11-13,39.1,108.7,12,454(0),,,,[東]高橋裕,木村直樹,,202005010102
15,3,5,マリノエヴァ,牝3,54,菅原隆一,1:31.5,4,**,,,,,11-12,40.5,325.1,16,426(0),,,,[東]的場均,クラウン,,202005010102
16,1,2,エクセルチェイサー,牡3,56,村田一誠,1:34.7,大,**,,,,,16-16,41.1,274.9,15,486(0),,,,[東]天間昭一,谷川正純,,202005010102
1,6,12,シゲルミカヅキ,牡3,56,ルメール,1:39.5,,**,,,,,4-4,38.2,3.1,1,452(+4),,,,[東]伊藤圭三,森中蕃,510.0,202005010103
2,4,8,ハイエストエンド,牡3,56,田辺裕信,1:39.6,1/2,**,,,,,2-2,38.5,6.4,3,500(-6),,,,[東]小西一男,明栄商事,200.0,202005010103
3,8,16,クロッチ,セ3,56,丹内祐次,1:39.6,クビ,**,,,,,4-4,38.4,90.1,13,458(-12),,,,[東]杉浦宏昭,リトルブルーファーム,130.0,202005010103
4,2,4,ハットルヴァン,牡3,56,大野拓弥,1:39.9,1.3/4,**,,,,,8-9,38.2,8.4,5,496(-6),,,,[東]菊沢隆徳,服部邦繁,77.0,202005010103
5,7,14,リンガスウォリアー,牡3,56,石川裕紀,1:40.0,クビ,**,,,,,10-9,38.3,45.0,10,476(+10),,,,[東]中舘英二,伊藤巖,51.0,202005010103
6,1,1,キンブレル,牡3,56,武豊,1:40.0,クビ,**,,,,,1-1,39.0,7.0,4,466(0),,,,[東]矢野英一,Ｇリビエール・レーシング,,202005010103
7,4,7,ベルウッドヨウサン,セ3,56,北村宏司,1:40.1,1/2,**,,,,,2-2,39.0,69.9,12,476(-20),,,,[東]中舘英二,鈴木照雄,,202005010103
8,5,10,ワンモアエフォート,牡3,56,横山和生,1:40.2,3/4,**,,,,,16-16,37.3,10.9,6,490(+6),,,,[東]勢司和浩,内藤好江,,202005010103
9,5,9,リュードマン,牡3,56,横山典弘,1:40.3,1/2,**,,,,,6-6,38.8,20.9,7,470(+2),,,,[東]中川公成,ノルマンディーサラブレッドレーシング,,202005010103
10,3,6,アナザーチャンス,牡3,56,江田照男,1:40.3,クビ,**,,,,,6-6,38.8,104.3,14,452(+8),,,,[東]小笠倫弘,岡田牧雄,,202005010103
11,3,5,グラスディアブロ,牡3,56,ミナリク,1:40.6,2,**,,,,,14-13,38.6,41.6,9,460(-4),,,,[東]手塚貴久,半沢,,202005010103
12,8,15,トーセンスプリント,牡3,56,柴田善臣,1:40.8,1.1/4,**,,,,,15-15,38.1,64.0,11,472(-2),,,,[東]小野次郎,島川隆哉,,202005010103
13,6,11,セイプレシャス,牝3,53,菊沢一樹,1:41.1,1.3/4,**,,,,,10-9,39.3,289.1,16,420(-2),,,,[東]浅野洋一,金田成基,,202005010103
14,7,13,リュウノチョッパー,牡3,56,松岡正海,1:41.3,1.1/4,**,,,,,8-6,39.8,23.2,8,460(-8),,,,[東]伊藤伸一,蓑島竜一,,202005010103
15,2,3,フジコウキ,牡3,55,野中悠太,1:41.5,1.1/4,**,,,,,10-9,39.8,112.8,15,464(0),,,,[東]高市圭二,荒木誠,,202005010103
16,1,2,オプティマス,牡3,56,マーフィ,1:41.8,2,**,,,,,13-13,39.8,4.4,2,478(+4),,,,[東]国枝栄,社台レースホース,,202005010103
1,7,9,ロンゴノット,牡3,56,武豊,1:37.4,,**,,,,,1-1,37.2,2.7,2,486(-2),,,,[東]高柳瑞樹,ゴドルフィン,730.0,202005010104
2,8,10,ラブリーエンジェル,牝3,54,武藤雅,1:37.7,2,**,,,,,2-2,37.4,19.9,8,432(0),,,,[東]堀井雅広,長谷川光司,290.0,202005010104
3,2,2,タイセイポリシー,牡3,56,内田博幸,1:38.0,2,**,,,,,8-8,36.4,17.6,6,488(+6),,,,[東]栗田徹,田中成奉,180.0,202005010104
4,6,7,ニシノレオニダス,牡3,56,松岡正海,1:38.0,ハナ,**,,,,,5-4,37.2,14.4,5,514(+6),,,,[東]中舘英二,西山茂行,110.0,202005010104
5,7,8,ケンシンコウ,牡3,56,丸山元気,1:38.1,1/2,**,,,,,10-10,36.1,12.7,3,472(-2),,,,[東]小西一男,天野克彦,73.0,202005010104
6,4,4,フリーフロー,牡3,56,大野拓弥,1:38.2,1/2,**,,,,,7-6,36.9,18.7,7,478(-6),,,,[東]宗像義忠,里見美惠子,,202005010104
7,1,1,サンライズラポール,牡3,56,ルメール,1:38.5,1.3/4,**,,,,,3-3,37.9,2.2,1,496(0),,,,[西]平田修,松岡隆雄,,202005010104
8,6,6,ジャッジ,牡3,56,北村宏司,1:38.5,ハナ,**,,,,,8-8,36.9,13.8,4,488(+8),,,,[東]和田雄二,田島榮二郎,,202005010104
9,3,3,ケイツーキナ,牝3,52,木幡育也,1:39.1,3.1/2,**,,,,,5-6,37.8,184.2,11,466(+2),,,,[東]大江原哲,楠本勝美,,202005010104
10,8,11,エウロパ,牝3,54,木幡巧也,1:39.7,3.1/2,**,,,,,4-5,38.7,28.1,9,464(+10),,,,[東]尾形和幸,コロンバスサークル,,202005010104
11,5,5,アジュバント,牡3,56,吉田豊,1:40.6,5,**,,,,,11-11,38.3,58.9,10,454(0),,,,[東]上原博之,伊達敏明,,202005010104
1,7,14,ラキャラントシス,牝3,54,津村明秀,1:36.5,,**,,,,,1-1,34.7,14.8,5,480(-2),,,,[東]鈴木伸尋,山王飯店,510.0,202005010105
2,4,8,スピードオブラブ,牝3,54,北村宏司,1:36.6,1/2,**,,,,,5-5,34.2,5.1,2,436(-2),,,,[東]中川公成,石井義人,200.0,202005010105
3,8,15,ロジアイリッシュ,牝3,54,ルメール,1:36.8,1,**,,,,,11-11,33.9,8.8,4,494(-6),,,,[東]国枝栄,久米田正平,130.0,202005010105
4,2,3,タイキスウォード,牡3,56,マーフィ,1:36.9,1/2,**,,,,,5-5,34.6,2.0,1,450(0),,,,[東]高橋祥泰,大樹ファーム,77.0,202005010105
5,4,7,オメガエリタージュ,牡3,56,武豊,1:36.9,ハナ,**,,,,,4-3,34.7,5.9,3,448(0),,,,[東]斎藤誠,原禮子,51.0,202005010105
6,1,2,トランペットシェル,牡3,56,柴田善臣,1:37.0,3/4,**,,,,,3-3,34.9,19.9,7,494(-4),,,,[東]大江原哲,谷掛龍夫,,202005010105
7,7,13,ボウイッシュ,牝3,54,武藤雅,1:37.3,2,**,,,,,8-8,34.7,23.4,8,430(-8),,,,[東]戸田博文,山岡重行,,202005010105
8,3,5,レリスタット,牝3,54,石橋脩,1:37.3,クビ,**,,,,,11-11,34.4,52.0,9,442(+2),,,,[東]奥村武,下河辺牧場,,202005010105
9,3,6,ココニアル,牝3,54,大野拓弥,1:37.3,アタマ,**,,,,,11-11,34.3,54.9,10,444(+8),,,,[東]和田勇介,村田能光,,202005010105
10,6,11,カミノホウオー,牡3,55,野中悠太,1:37.6,2,**,,,,,2-2,35.6,90.7,11,510(+14),,,,[東]竹内正洋,村上正喜,,202005010105
11,5,9,リネンミッション,牝3,54,丹内祐次,1:37.6,クビ,**,,,,,9-8,34.9,303.9,13,412(-14),,,,[東]南田美知,戸山光男,,202005010105
12,8,16,デルマアメジスト,牝3,54,江田照男,1:37.7,1/2,**,,,,,5-5,35.3,397.5,14,448(-8),,,,[東]蛯名利弘,浅沼廣幸,,202005010105
13,5,10,エフティクルーク,牡3,56,伊藤工真,1:37.8,3/4,**,,,,,14-14,34.6,15.1,6,458(-6),,,,[東]金成貴史,吉野英子,,202005010105
14,1,1,ワイルドブリット,牡3,56,井上敏樹,1:38.6,5,**,,,,,9-8,36.0,529.9,16,450(+8),,,,[東]根本康広,田頭勇貴,,202005010105
15,6,12,サンバーバンク,牝3,52,木幡育也,1:38.6,クビ,**,,,,,16-16,35.1,508.7,15,418(0),,,,[東]粕谷昌央,加藤ステーブル,,202005010105
16,2,4,ジャジャウマ,牝3,53,菊沢一樹,1:39.0,2.1/2,**,,,,,14-15,35.7,250.6,12,420(+12),,,,[東]深山雅史,新井原博,,202005010105
1,5,5,ダノングロワール,牡3,56,マーフィ,2:26.5,,**,,,,,1-1-1-1,33.8,2.2,1,488(-4),,,,[東]国枝栄,ダノックス,510.0,202005010106
2,2,2,リスペクト,牡3,56,ルメール,2:27.2,4,**,,,,,4-3-3-3,34.2,3.4,2,468(+6),,,,[東]奥村武,石川達絵,200.0,202005010106
3,7,9,ホウオウハルカス,牡3,56,松岡正海,2:27.7,3,**,,,,,5-5-5-4,34.5,3.6,3,470(-6),,,,[東]斎藤誠,小笹芳央,130.0,202005010106
4,5,6,ブレーナード,牡3,56,ミナリク,2:28.0,1.3/4,**,,,,,5-5-5-4,34.8,17.9,4,434(-2),,,,[東]高橋祥泰,吉田勝己,77.0,202005010106
5,3,3,セイウンノワール,牝3,54,田中勝春,2:28.9,5,**,,,,,8-7-7-7,35.5,28.3,6,510(0),,,,[東]尾形和幸,西山茂行,51.0,202005010106
6,4,4,インディードシチー,牡3,56,吉田豊,2:29.2,1.3/4,**,,,,,9-9-7-7,35.7,176.9,11,502(+10),,,,[東]上原博之,友駿ホースクラブ,,202005010106
7,1,1,トロピカルビーチ,牝3,54,丹内祐次,2:29.5,2,**,,,,,5-7-7-7,36.0,37.3,8,422(+2),,,,[東]和田雄二,サラブレッドクラブ・ラフィアン,,202005010106
8,6,7,カガジャスティス,牡3,56,岩部純二,2:29.6,クビ,**,,,,,2-3-3-4,36.5,32.0,7,512(-2),,,,[東]萱野浩二,香川憲次,,202005010106
9,8,11,エアリアルシティー,牡3,56,江田照男,2:29.7,3/4,**,,,,,12-12-12-10,35.9,115.8,10,472(-8),,,,[東]石毛善彦,ミルファーム,,202005010106
10,7,10,クリノファイヤー,牝3,54,柴田善臣,2:30.3,3.1/2,**,,,,,2-2-2-2,37.4,47.4,9,462(0),,,,[東]本間忍,栗本博晴,,202005010106
11,8,12,フィジーマジック,牡3,54,木幡育也,2:30.6,2,**,,,,,9-10-10-11,36.7,289.4,12,438(+4),,,,[東]加藤和宏,スピードファーム,,202005010106
12,6,8,ワイルドフレーズ,牡3,56,石川裕紀,2:31.1,3,**,,,,,11-11-11-12,36.7,20.7,5,476(+4),,,,[東]黒岩陽一,ヒダカ・ブリーダーズ・ユニオン,,202005010106
1,1,2,シセイタケル,牡5,57,マーフィ,1:24.9,,**,,,,,3-2,36.9,3.3,1,472(+2),,,,[東]高橋文雅,猪苗代勇,760.0,202005010107
2,5,10,ポップアップスター,牡6,57,ルメール,1:25.1,1,**,,,,,8-10,36.3,3.6,2,534(+14),,,,[東]金成貴史,社台レースホース,300.0,202005010107
3,2,3,クワトロダッシュ,牡5,57,木幡巧也,1:25.2,1/2,**,,,,,5-4,37.0,29.7,7,490(0),,,,[東]牧光二,ザ・チャンピオンズ,190.0,202005010107
4,6,11,ディナミーデン,牡5,57,田辺裕信,1:25.3,3/4,**,,,,,14-14,36.0,7.7,5,480(-4),,,,[東]田島俊明,ライオンレースホース,110.0,202005010107
5,8,16,フジノタカネ,牡4,57,武豊,1:25.4,3/4,**,,,,,8-7,36.7,6.8,4,520(-4),,,,[東]手塚貴久,星野壽市,76.0,202005010107
6,7,13,ハルメキ,牝5,53,木幡育也,1:25.5,3/4,**,,,,,3-4,37.3,5.6,3,454(+2),,,,[東]深山雅史,ヒダカ・ブリーダーズ・ユニオン,,202005010107
7,2,4,チャンダナ,牝4,55,津村明秀,1:25.6,3/4,**,,,,,1-1,37.8,125.4,12,474(-2),,,,[東]粕谷昌央,ターフ・スポート,,202005010107
8,8,15,ラブインブルーム,牝4,54,菊沢一樹,1:26.1,3,**,,,,,16-16,36.4,173.3,13,416(-34),,,,[東]萱野浩二,大樹ファーム,,202005010107
9,4,7,ロードシュタルク,牡4,57,武藤雅,1:26.4,1.3/4,**,,,,,7-7,37.8,59.3,11,448(+8),,,,[東]高柳瑞樹,ロードホースクラブ,,202005010107
10,6,12,テキーラ,牡4,57,横山和生,1:26.4,ハナ,**,,,,,2-2,38.4,213.1,15,538(+15),,,,[東]勢司和浩,芹澤精一,,202005010107
11,3,6,ヤマチョウヴォイス,牡4,57,石川裕紀,1:26.5,1/2,**,,,,,8-7,37.8,203.3,14,458(+6),,,,[東]相沢郁,長谷川彰,,202005010107
12,3,5,ストームウォリアー,セ4,57,北村宏司,1:26.8,1.3/4,**,,,,,5-6,38.3,31.5,8,488(-5),,,,[東]中川公成,伊東純一,,202005010107
13,4,8,ライクトゥシャイン,牡4,57,大野拓弥,1:27.0,1.1/2,**,,,,,14-14,37.7,37.1,9,440(-6),,,,[東]小笠倫弘,グリーンファーム,,202005010107
14,7,14,マノアフォールズ,牡4,57,松岡正海,1:27.4,2.1/2,**,,,,,11-11,38.4,16.1,6,470(+10),,,,[東]斎藤誠,吉田勝己,,202005010107
15,1,1,ジュンノサップ,牡4,57,内田博幸,1:27.6,1.1/4,**,,,,,11-11,38.6,40.7,10,484(-4),,,,[東]畠山吉宏,河合純二,,202005010107
16,5,9,クリーンガーベラ,牝4,54,野中悠太,1:27.8,1.1/4,**,,,,,11-11,38.7,345.5,16,456(-14),,,,[東]鈴木伸尋,石橋和夫,,202005010107
1,8,15,アイファーキングズ,牡4,56,マーフィ,2:11.3,,**,,,,,7-3-4-3,36.2,2.3,1,490(-2),,,,[西]鮫島一歩,中島稔,"1,100.0",202005010108
2,4,7,ヴォウジラール,牡5,57,ルメール,2:11.3,ハナ,**,,,,,7-7-6-5,36.1,4.2,2,530(0),,,,[東]尾関知人,サンデーレーシング,440.0,202005010108
3,4,8,サクラアリュール,牡5,57,北村宏司,2:11.6,1.1/2,**,,,,,13-12-6-7,36.3,5.0,3,470(-2),,,,[西]村山明,さくらコマース,280.0,202005010108
4,5,9,ヴィジョンオブラヴ,牡5,57,Ｍ．デム,2:12.3,4,**,,,,,16-16-6-11,36.6,15.9,6,502(+6),,,,[東]新開幸一,大塚亮一,170.0,202005010108
5,3,6,トモノコテツ,牡5,57,武豊,2:12.6,2,**,,,,,4-3-6-7,37.3,13.2,4,474(-2),,,,[西]浜田多実,共田義夫,110.0,202005010108
6,3,5,スピンドクター,セ5,57,ミナリク,2:12.6,クビ,**,,,,,14-15-10-9,37.1,15.7,5,456(-18),,,,[西]野中賢二,ゴドルフィン,,202005010108
7,7,13,インザバブル,牡7,57,木幡巧也,2:12.6,ハナ,**,,,,,2-2-2-2,37.6,74.8,13,506(-4),,,,[東]新開幸一,Ｇ１レーシング,,202005010108
8,6,12,フーズサイド,牡4,56,武士沢友,2:12.8,3/4,**,,,,,14-14-15-15,36.8,43.6,8,490(+2),,,,[東]堀井雅広,西森功,,202005010108
9,1,2,ゴールデンライオン,牡4,56,内田博幸,2:12.9,1/2,**,,,,,12-13-16-15,36.8,102.6,14,488(-6),,,,[西]川村禎彦,石瀬浩三,,202005010108
10,2,3,アルデエンブレム,牡4,56,宮崎北斗,2:13.1,1.1/4,**,,,,,4-3-5-5,37.9,47.4,10,478(-4),,,,[西]清水久詞,中村忠彦,,202005010108
11,7,14,シティーオブスター,牡4,56,津村明秀,2:13.3,1.1/2,**,,,,,9-10-10-11,37.6,16.0,7,508(-4),,,,[東]矢野英一,吉田和美,,202005010108
12,5,10,シンアンドケン,牡5,56,野中悠太,2:13.3,クビ,**,,,,,4-7-10-11,37.6,44.6,9,486(-2),,,,[西]本田優,フジワラ・ファーム,,202005010108
13,1,1,ラムセスバローズ,牡5,57,丸山元気,2:13.4,クビ,**,,,,,11-9-10-9,37.8,62.2,11,508(+2),,,,[東]木村哲也,猪熊広次,,202005010108
14,8,16,ネコマヒカ,牡5,57,石川裕紀,2:13.6,1.1/4,**,,,,,3-3-2-3,38.5,151.5,16,524(-8),,,,[西]山内研二,節英司,,202005010108
15,6,11,シゲルポインター,牡6,55,木幡育也,2:13.8,1.1/2,**,,,,,1-1-1-1,38.9,132.7,15,480(0),,,,[東]蛯名利弘,森中蕃,,202005010108
16,2,4,アリスカン,牡6,57,嘉藤貴行,2:14.2,2.1/2,**,,,,,9-10-14-14,38.4,72.4,12,528(+18),,,,[東]田島俊明,高瀬真尚,,202005010108
1,4,8,ロードグラディオ,牡4,57,ルメール,1:23.5,,**,,,,,7-7,36.1,10.1,5,486(0),,,,[西]西浦勝一,ロードホースクラブ,"1,854.3",202005010109
2,8,15,エテルニテ,牝5,55,柴田善臣,1:23.7,1.1/4,**,,,,,2-2,36.8,31.8,11,492(-10),,,,[西]平田修,青山洋一,739.8,202005010109
3,4,7,バーンフライ,牡5,57,野中悠太,1:23.8,1/2,**,,,,,11-10,36.1,97.7,14,492(+8),,,,[西]矢作芳人,ノースヒルズ,464.9,202005010109
4,7,14,サザンヴィグラス,牡5,57,丸山元気,1:23.8,クビ,**,,,,,4-4,36.6,7.2,3,498(+2),,,,[東]根本康広,村山忠弘,270.0,202005010109
5,5,10,ゴールドラグーン,牡4,57,横山典弘,1:24.0,1.1/4,**,,,,,2-2,37.1,8.2,4,490(-10),,,,[西]斉藤崇史,吉田晴哉,182.0,202005010109
6,1,1,マイウェイアムール,牝5,55,内田博幸,1:24.0,アタマ,**,,,,,11-10,36.3,51.0,12,484(-4),,,,[東]林徹,田畑利彦,,202005010109
7,5,9,メイショウミライ,牡5,57,武豊,1:24.0,ハナ,**,,,,,7-7,36.5,5.6,2,484(-8),,,,[西]南井克巳,松本好雄,,202005010109
8,6,12,ナンヨーイザヨイ,牡4,57,石橋脩,1:24.1,3/4,**,,,,,4-4,37.0,11.2,6,468(-4),,,,[西]松永幹夫,中村徳也,,202005010109
9,3,6,パイルーチェ,牝6,55,横山和生,1:24.1,ハナ,**,,,,,16-16,35.9,22.5,9,488(+4),,,,[東]鈴木伸尋,西森功,,202005010109
10,2,3,ハルクンノテソーロ,牡6,57,大野拓弥,1:24.4,1.3/4,**,,,,,14-13,36.5,20.7,8,476(0),,,,[東]高木登,了徳寺健二ホールディングス,,202005010109
11,1,2,ラレータ,牡6,57,ミナリク,1:24.7,1.3/4,**,,,,,15-13,36.8,13.7,7,480(-6),,,,[東]林徹,Ｇ１レーシング,,202005010109
12,3,5,コウエイアンカ,セ5,57,田中勝春,1:24.8,クビ,**,,,,,10-10,37.1,27.0,10,480(+12),,,,[西]森秀行,伊東政清,,202005010109
13,7,13,マイネルバールマン,牡6,57,丹内祐次,1:25.6,5,**,,,,,4-4,38.4,188.5,16,546(-4),,,,[東]青木孝文,サラブレッドクラブ・ラフィアン,,202005010109
14,6,11,カタナ,牡5,57,松岡正海,1:25.6,ハナ,**,,,,,11-15,37.5,51.1,13,512(+10),,,,[東]上原博之,椎名節,,202005010109
15,2,4,ペイシャネガノ,牝4,55,Ｍ．デム,1:25.8,1.1/4,**,,,,,7-7,38.3,3.0,1,462(-2),,,,[東]深山雅史,北所直人,,202005010109
16,8,16,ゲキリン,牡6,57,北村宏司,1:26.0,1.1/4,**,,,,,1-1,39.4,155.2,15,484(+2),,,,[西]吉村圭司,市川義美ホールディングス,,202005010109
1,8,9,ラウダシオン,牡3,56,武豊,1:21.2,,**,,,,,1-1,33.5,5.5,3,490(0),,,,[西]斉藤崇史,シルクレーシング,"2,023.8",202005010110
2,7,7,ハーモニーマゼラン,牡3,56,大野拓弥,1:21.5,2,**,,,,,4-4,33.4,16.3,6,510(-4),,,,[東]牧光二,日下部勝徳,806.8,202005010110
3,1,1,ゼンノジャスタ,牡3,56,田中健,1:21.7,1.1/4,**,,,,,5-5,33.4,9.5,4,468(-8),,,,[西]浅見秀一,大迫久美子,503.4,202005010110
4,8,10,アブソルティスモ,牡3,56,ルメール,1:21.8,1/2,**,,,,,7-7,33.3,2.0,1,502(+2),,,,[東]藤沢和雄,キャロットファーム,300.0,202005010110
5,4,4,シャドウブロッサム,牝3,54,Ｍ．デム,1:21.8,アタマ,**,,,,,10-9,33.0,19.7,7,446(0),,,,[西]藤岡健一,飯塚知一,200.0,202005010110
6,7,8,アルムブラスト,牡3,56,マーフィ,1:22.1,1.3/4,**,,,,,2-2,34.2,4.0,2,518(+10),,,,[東]高橋文雅,サンデーレーシング,,202005010110
7,2,2,ヴァルナ,牡3,56,横山典弘,1:22.3,1.1/4,**,,,,,3-2,34.4,14.4,5,476(-2),,,,[西]寺島良,野嶋祥二,,202005010110
8,6,6,セイウンパワフル,牡3,56,ミナリク,1:22.4,3/4,**,,,,,5-6,34.0,69.0,9,478(0),,,,[東]斎藤誠,西山茂行,,202005010110
9,5,5,コスモリモーネ,牡3,56,丹内祐次,1:22.7,1.3/4,**,,,,,7-7,34.1,182.8,10,498(0),,,,[東]高橋裕,岡田繁幸,,202005010110
10,3,3,プリンスチャーム,牡3,56,田辺裕信,1:22.9,1.1/4,**,,,,,9-9,34.1,29.5,8,448(+2),,,,[東]栗田徹,ゴドルフィン,,202005010110
1,5,8,インビジブルレイズ,牡6,56,マーフィ,1:59.1,,**,,,,,7-7-5,34.2,17.1,8,462(-6),,,,[西]吉村圭司,シルクレーシング,"2,631.5",202005010111
2,7,12,マイネルサーパス,牡4,56,丹内祐次,1:59.2,3/4,**,,,,,7-7-7,34.2,30.8,9,480(-2),,,,[東]高木登,サラブレッドクラブ・ラフィアン,"1,009.0",202005010111
3,6,9,レッドガラン,牡5,56,Ｍ．デム,1:59.2,クビ,**,,,,,13-12-14,33.7,11.9,5,514(+4),,,,[西]安田隆行,東京ホースレーシング,654.5,202005010111
4,4,5,ゴーフォザサミット,牡5,57,北村宏司,1:59.2,アタマ,**,,,,,4-3-3,34.5,6.7,3,508(+8),,,,[東]藤沢和雄,山本英俊,390.0,202005010111
5,8,14,アイスストーム,牡5,56,武豊,1:59.4,3/4,**,,,,,14-14-12,34.0,7.2,4,524(-6),,,,[西]吉村圭司,ゴドルフィン,260.0,202005010111
6,5,7,サトノワルキューレ,牝5,55,石川裕紀,1:59.5,3/4,**,,,,,5-5-5,34.7,55.8,12,462(+2),,,,[西]角居勝彦,サトミホースカンパニー,,202005010111
7,2,2,ダイワキャグニー,牡6,58,内田博幸,1:59.7,1,**,,,,,1-1-1,35.3,3.4,1,508(0),,,,[東]菊沢隆徳,大城敬三,,202005010111
8,6,10,ミライヘノツバサ,牡7,56,木幡巧也,1:59.7,クビ,**,,,,,7-9-10,34.5,265.8,14,500(+2),,,,[東]伊藤大士,三島宣彦,,202005010111
9,7,11,フランツ,牡5,56,ルメール,1:59.8,クビ,**,,,,,12-12-12,34.4,3.5,2,438(+2),,,,[西]音無秀孝,近藤英子,,202005010111
10,1,1,ロードヴァンドール,牡7,57,横山和生,1:59.9,1/2,**,,,,,5-5-7,34.9,41.0,11,506(-2),,,,[西]昆貢,ロードホースクラブ,,202005010111
11,3,4,ドミナートゥス,牡5,56,大野拓弥,1:59.9,ハナ,**,,,,,2-2-2,35.4,15.6,7,488(+12),,,,[西]宮本博,サンデーレーシング,,202005010111
12,4,6,マイネルハニー,牡7,58,石橋脩,2:00.0,3/4,**,,,,,3-3-3,35.3,31.3,10,484(+2),,,,[東]栗田徹,サラブレッドクラブ・ラフィアン,,202005010111
13,3,3,カヴァル,牡5,56,津村明秀,2:00.0,クビ,**,,,,,10-9-10,34.8,13.8,6,506(0),,,,[東]勢司和浩,サンデーレーシング,,202005010111
14,8,13,エンジニア,牡7,56,田辺裕信,2:00.1,1/2,**,,,,,10-9-9,35.0,126.7,13,486(+4),,,,[東]牧光二,高嶋祐子,,202005010111
1,3,5,ドナアトラエンテ,牝4,54,マーフィ,1:47.2,,**,,,,,2-2-2,34.3,2.3,1,448(+10),,,,[東]国枝栄,サンデーレーシング,760.0,202005010112
2,4,7,ミトロジー,牡4,56,丸山元気,1:47.5,1.3/4,**,,,,,3-3-3,34.4,7.7,4,486(+6),,,,[東]尾関知人,シルクレーシング,300.0,202005010112
3,6,10,マイネルミュトス,牡4,56,丹内祐次,1:47.5,クビ,**,,,,,13-12-13,33.5,20.9,7,474(+2),,,,[東]鹿戸雄一,サラブレッドクラブ・ラフィアン,190.0,202005010112
4,8,14,キタサンバルカン,牡4,56,北村宏司,1:47.7,1.1/4,**,,,,,8-9-9,34.1,5.2,2,440(+12),,,,[東]奥村武,大野商事,110.0,202005010112
5,7,13,カナロアガール,牝4,54,田辺裕信,1:47.7,クビ,**,,,,,15-14-13,33.6,13.2,5,468(-2),,,,[東]田村康仁,広尾レース,76.0,202005010112
6,2,3,レローヴ,牝6,55,横山和生,1:47.8,クビ,**,,,,,8-6-7,34.4,307.8,14,510(+4),,,,[東]黒岩陽一,今中俊平,,202005010112
7,5,8,イサク,牡4,56,津村明秀,1:47.9,1/2,**,,,,,7-6-6,34.6,5.9,3,476(+2),,,,[東]岩戸孝樹,ゴドルフィン,,202005010112
8,8,15,スズカノロッソ,牡5,56,野中悠太,1:47.9,クビ,**,,,,,12-12-12,34.0,50.1,11,494(+6),,,,[東]小島茂之,永井啓弍,,202005010112
9,4,6,シトラスクーラー,セ7,57,大野拓弥,1:48.0,1/2,**,,,,,8-9-10,34.3,24.4,8,458(-4),,,,[東]高木登,Ｇ１レーシング,,202005010112
10,6,11,コスモアイトーン,牡4,56,木幡巧也,1:48.6,3.1/2,**,,,,,3-6-7,35.2,349.5,15,472(+4),,,,[東]佐藤吉勝,ビッグレッドファーム,,202005010112
11,3,4,グレンフィナン,セ5,57,ミナリク,1:48.7,1/2,**,,,,,3-3-3,35.5,25.9,9,488(+10),,,,[東]鹿戸雄一,Ｇ１レーシング,,202005010112
12,7,12,リーゼントシャルフ,牡6,57,松岡正海,1:48.7,クビ,**,,,,,11-9-10,35.0,295.2,13,476(0),,,,[東]林徹,三浦大輔,,202005010112
13,5,9,オールステリーナ,牝5,55,武藤雅,1:48.9,1.1/2,**,,,,,13-15-15,34.6,99.4,12,464(-34),,,,[東]松山将樹,宮田守,,202005010112
14,2,2,アイスブラスト,牡4,56,吉田豊,1:49.0,1/2,**,,,,,3-3-3,35.8,14.5,6,490(0),,,,[東]戸田博文,ＤＭＭドリームクラブ,,202005010112
15,1,1,コスモミローディア,牡4,56,宮崎北斗,1:49.7,4,**,,,,,1-1-1,36.8,43.6,10,460(+8),,,,[東]清水英克,ビッグレッドファーム,,202005010112
1,6,11,ダイチヴィット,牡3,56,江田照男,1:27.5,,**,,,,,6-6,36.7,20.7,6,456(+4),,,,[東]竹内正洋,荻伏服部牧場,510.0,202005010201
2,7,13,トーセンリヤン,牡3,56,横山和生,1:28.0,3,**,,,,,4-3,37.5,11.1,5,442(-4),,,,[東]池上昌和,島川隆哉,200.0,202005010201
3,3,5,グローサーベア,セ3,56,津村明秀,1:28.1,3/4,**,,,,,13-10,36.8,5.9,2,466(-6),,,,[東]矢野英一,社台レースホース,130.0,202005010201
4,5,9,クァンタムリープ,牡3,54,木幡育也,1:28.3,1,**,,,,,2-2,37.9,21.3,7,474(-2),,,,[東]鹿戸雄一,シルクレーシング,77.0,202005010201
5,2,2,ドロス,牡3,56,ルメール,1:28.3,クビ,**,,,,,1-1,37.9,1.9,1,490(-10),,,,[東]新開幸一,外池榮一郎,51.0,202005010201
6,8,14,チェリーガイア,牝3,53,野中悠太,1:28.7,2.1/2,**,,,,,2-3,38.2,73.2,9,462(-2),,,,[東]小西一男,櫻井悦朗,,202005010201
7,2,3,トーセンレビュー,牡3,56,木幡巧也,1:29.0,2,**,,,,,10-8,37.9,115.2,10,514(0),,,,[東]松永康利,島川隆哉,,202005010201
8,1,1,マロンジェム,牡3,56,内田博幸,1:29.1,1/2,**,,,,,6-6,38.4,25.3,8,488(+12),,,,[東]稲垣幸雄,フロンティア,,202005010201
9,4,6,フィーバス,牡3,56,ミナリク,1:29.8,4,**,,,,,4-5,39.2,7.2,4,476(+8),,,,[東]田中剛,松村真司,,202005010201
10,6,10,パレット,牝3,54,北村宏司,1:29.8,アタマ,**,,,,,9-8,38.7,205.6,13,448(+4),,,,[東]黒岩陽一,水上行雄,,202005010201
11,7,12,キタノタカワシ,牡3,56,吉田豊,1:30.0,1,**,,,,,10-10,38.6,180.1,12,458(+8),,,,[東]土田稔,北所直人,,202005010201
12,5,8,エバーバリュー,牝3,54,松岡正海,1:30.0,クビ,**,,,,,13-14,38.2,249.9,15,386(+6),,,,[東]小島茂之,宇田豊,,202005010201
13,4,7,キンバリープロセス,牡3,56,石橋脩,1:30.3,2,**,,,,,15-15,38.2,6.0,3,490(-14),,,,[東]手塚貴久,ゴドルフィン,,202005010201
14,8,15,スタニングビスタ,牝3,54,武藤雅,1:30.7,2.1/2,**,,,,,8-13,39.2,240.8,14,448(0),,,,[東]武藤善則,岡田牧雄,,202005010201
15,3,4,ネイチャーローズ,牡3,56,井上敏樹,1:30.7,ハナ,**,,,,,10-10,39.3,155.3,11,468(+12),,,,[東]根本康広,井上修一,,202005010201
1,8,15,ヤマノマタカ,牡3,56,石川裕紀,2:16.6,,**,,,,,3-3-2-2,38.4,3.2,1,464(-4),,,,[東]相沢郁,澤村敏雄,510.0,202005010202
2,1,1,ショウナンアクア,牡3,56,吉田豊,2:16.9,1.3/4,**,,,,,9-12-12-11,37.6,6.2,3,474(+2),,,,[東]古賀史生,国本哲秀,200.0,202005010202
3,4,7,セイウンカゲロウ,牡3,56,松岡正海,2:17.4,3,**,,,,,7-9-9-8,38.2,11.8,6,496(+2),,,,[東]奥平雅士,西山茂行,130.0,202005010202
4,2,4,スウィング,牡3,56,ミナリク,2:17.4,ハナ,**,,,,,9-9-6-5,38.5,4.2,2,478(+2),,,,[東]高柳瑞樹,カナヤマホールディングス,77.0,202005010202
5,7,14,クラウンマハロ,牡3,54,木幡育也,2:18.4,6,**,,,,,14-16-15-15,38.2,20.0,9,504(-6),,,,[東]尾形和幸,クラウン,51.0,202005010202
6,8,16,ディヒター,牡3,56,武藤雅,2:18.4,クビ,**,,,,,5-5-6-8,39.3,11.5,5,518(+6),,,,[東]林徹,林正道,,202005010202
7,7,13,グラスフレイバー,牡3,56,坂井瑠星,2:18.5,1/2,**,,,,,2-2-2-2,40.4,69.2,14,470(0),,,,[東]松永康利,尾田信夫,,202005010202
8,5,10,ゲンキチボン,牡3,56,佐藤友則,2:18.5,ハナ,**,,,,,14-14-14-13,38.7,48.9,11,468(-4),,,,[東]堀井雅広,荒井元明,,202005010202
9,3,6,ソルメンシス,牡3,56,田辺裕信,2:18.6,3/4,**,,,,,13-8-4-4,40.2,11.4,4,496(+8),,,,[東]菊川正達,ディアレストクラブ,,202005010202
10,3,5,ニシノゼノビア,牝3,54,岩部純二,2:18.6,クビ,**,,,,,9-9-9-8,39.4,261.1,16,458(-4),,,,[東]萱野浩二,西山茂行,,202005010202
11,6,11,キラークイーン,牝3,54,北村宏司,2:19.4,5,**,,,,,9-5-4-5,40.5,53.9,13,442(-2),,,,[東]久保田貴,村木隆,,202005010202
12,1,2,ユーアーマイソウル,牡3,56,嘉藤貴行,2:19.8,2.1/2,**,,,,,1-1-1-1,41.7,17.0,8,488(+2),,,,[東]伊藤伸一,ミルファーム,,202005010202
13,4,8,ドラゴンウォリアー,牡3,56,木幡巧也,2:20.4,3.1/2,**,,,,,5-5-11-12,40.8,13.4,7,504(0),,,,[東]岩戸孝樹,田頭勇貴,,202005010202
14,6,12,ニシノストロング,牡3,55,野中悠太,2:20.5,3/4,**,,,,,14-12-13-13,40.7,160.3,15,490(-6),,,,[東]小島茂之,西山茂行,,202005010202
15,2,3,コスモコンクエスト,牡3,56,宮崎北斗,2:20.8,1.3/4,**,,,,,3-3-6-5,42.0,40.2,10,504(-1),,,,[東]宗像義忠,ビッグレッドファーム,,202005010202
16,5,9,キズナビーム,牡3,56,横山和生,2:27.2,大,**,,,,,7-14-16-16,45.6,52.2,12,524(-6),,,,[東]鈴木伸尋,北原光一郎,,202005010202
1,1,2,アヴァニイ,牝3,54,ルメール,1:38.8,,**,,,,,9-8,37.7,3.8,2,514(-4),,,,[東]加藤征弘,Ｃ．チェン,510.0,202005010203
2,3,6,クールマキシマム,牝3,54,嘉藤貴行,1:39.0,1.1/4,**,,,,,8-5,38.2,8.0,3,478(+2),,,,[東]奥平雅士,保谷フミ子,200.0,202005010203
3,4,8,ディンブラ,牝3,53,野中悠太,1:39.2,1.1/4,**,,,,,2-2,39.0,25.6,8,478(+2),,,,[東]上原博之,ノースヒルズ,130.0,202005010203
4,2,3,ナーラック,牝3,53,菊沢一樹,1:40.0,5,**,,,,,12-11,38.5,47.7,9,444(+2),,,,[東]柄崎孝,辻牧場,77.0,202005010203
5,2,4,ヤマトホープシップ,牝3,54,石橋脩,1:40.2,1.1/4,**,,,,,15-15,37.6,48.0,10,460(+2),,,,[東]田村康仁,醍醐徹,51.0,202005010203
6,3,5,シャンボールロッソ,牝3,54,丸山元気,1:40.2,ハナ,**,,,,,5-5,39.4,19.1,7,432(+6),,,,[東]武藤善則,シルクレーシング,,202005010203
7,7,14,ナスノフォルテ,牝3,54,マーフィ,1:40.3,1/2,**,,,,,3-3,39.9,2.1,1,472(0),,,,[東]武井亮,那須野牧場,,202005010203
8,8,16,ヒラボクハーツ,牝3,54,福永祐一,1:40.3,クビ,**,,,,,3-3,39.9,65.7,11,476(-2),,,,[東]大竹正博,平田牧場,,202005010203
9,1,1,タマノシュシュ,牝3,54,田辺裕信,1:40.6,1.1/2,**,,,,,10-9,39.4,13.7,5,424(-2),,,,[東]菊川正達,玉腰勇吉,,202005010203
10,5,9,クーレクー,牝3,54,木幡巧也,1:41.0,2.1/2,**,,,,,1-1,40.9,10.4,4,460(+4),,,,[東]伊藤大士,程田真司,,202005010203
11,5,10,キャツクレードル,牝3,52,木幡育也,1:41.1,1/2,**,,,,,10-12,39.4,142.2,12,442(-10),,,,[東]佐藤吉勝,石瀬浩三,,202005010203
12,6,11,スピランセス,牝3,54,石川裕紀,1:41.1,クビ,**,,,,,14-14,39.0,308.9,13,444(-4),,,,[東]田村康仁,ディアレスト,,202005010203
13,8,15,ピュアハート,牝3,54,横山和生,1:41.2,3/4,**,,,,,6-5,40.3,343.1,14,498(-6),,,,[東]杉浦宏昭,山岸桂市,,202005010203
14,6,12,ペイシャフレンチ,牝3,54,井上敏樹,1:41.3,クビ,**,,,,,16-16,38.5,535.7,16,476(-4),,,,[東]高橋義博,北所直人,,202005010203
15,4,7,アネモネテソーロ,牝3,54,江田照男,1:41.6,2,**,,,,,6-9,40.3,15.3,6,476(-4),,,,[東]高木登,了徳寺健二ホールディングス,,202005010203
16,7,13,テイエムロング,牝3,54,武士沢友,1:44.4,大,**,,,,,12-12,42.7,478.6,15,412(0),,,,[東]石栗龍彦,竹園正繼,,202005010203
1,5,10,コラルノクターン,牡3,56,福永祐一,1:40.6,,**,,,,,5-4,36.5,2.7,1,510(0),,,,[西]藤原英昭,グリーンフィールズ,600.0,202005010204
2,1,1,トミケンレゲンダ,牡3,56,石橋脩,1:40.9,1.3/4,**,,,,,1-1,37.1,26.4,9,464(0),,,,[東]大和田成,冨樫賢二,240.0,202005010204
3,8,15,ティラミス,牝3,54,Ｍ．デム,1:41.7,5,**,,,,,9-4,37.6,8.1,5,458(0),,,,[西]安田隆行,寺田寿男,150.0,202005010204
4,5,9,キタサンロッキー,牡3,56,北村宏司,1:41.8,クビ,**,,,,,2-2,38.0,6.4,2,498(0),,,,[西]清水久詞,大野商事,90.0,202005010204
5,3,6,オウケンロジータ,牝3,54,武士沢友,1:42.0,1.1/2,**,,,,,11-11,37.4,173.8,13,508(0),,,,[西]藤岡健一,福井明,60.0,202005010204
6,4,7,ムーンレース,牡3,56,坂井瑠星,1:42.2,1,**,,,,,11-9,37.7,7.9,3,514(0),,,,[西]高柳大輔,レッドマジック,,202005010204
7,2,4,トーセンライブ,牡3,54,木幡育也,1:42.6,2.1/2,**,,,,,15-13,37.7,11.0,7,504(0),,,,[東]尾形和幸,島川隆哉,,202005010204
8,7,14,プラズマテイル,牝3,54,嘉藤貴行,1:43.0,2.1/2,**,,,,,5-4,38.9,34.4,10,414(0),,,,[東]大和田成,岡田牧雄,,202005010204
9,8,16,フルオブウィット,牡3,56,ミナリク,1:43.1,1/2,**,,,,,7-4,39.0,10.9,6,492(0),,,,[東]池上昌和,吉田晴哉,,202005010204
10,6,12,キタサンレイワ,牝3,54,石川裕紀,1:44.0,5,**,,,,,3-4,39.9,62.9,11,522(0),,,,[東]小笠倫弘,大野商事,,202005010204
11,6,11,シルヴァーミリオン,牡3,56,武豊,1:44.0,クビ,**,,,,,3-2,40.1,7.9,4,452(0),,,,[西]鈴木孝志,岡田牧雄,,202005010204
12,3,5,オーサムパッション,牡3,56,横山典弘,1:44.1,1/2,**,,,,,9-11,39.5,16.4,8,498(0),,,,[東]斎藤誠,落合幸弘,,202005010204
13,7,13,レジュノア,牝3,54,木幡巧也,1:44.6,3,**,,,,,8-9,40.1,306.6,16,444(0),,,,[東]杉浦宏昭,ニューワールドレーシング,,202005010204
14,2,3,ドントクライマリア,セ3,56,井上敏樹,1:44.8,1.1/4,**,,,,,11-13,39.9,198.7,14,444(0),,,,[東]林徹,丸山担,,202005010204
15,1,2,チャンピオンフジ,牡3,55,菊沢一樹,1:46.0,7,**,,,,,11-15,40.8,137.4,12,528(0),,,,[東]勢司和浩,坪野谷和平,,202005010204
16,4,8,キエンセラ,牡3,56,松岡正海,1:47.0,6,**,,,,,16-15,41.9,297.6,15,442(0),,,,[東]堀井雅広,藤田在子,,202005010204
1,2,4,マイネルブラシウス,牡3,56,津村明秀,1:47.3,,**,,,,,4-3-3,34.3,7.2,4,488(+24),,,,[東]尾関知人,サラブレッドクラブ・ラフィアン,510.0,202005010205
2,4,7,ラザフォード,牝3,54,ルメール,1:47.4,3/4,**,,,,,2-2-2,34.6,3.8,1,444(-2),,,,[東]藤沢和雄,潘蘇通,200.0,202005010205
3,6,11,ダイワミラクル,牡3,56,北村宏司,1:47.9,3,**,,,,,9-10-10,33.8,7.3,5,500(-2),,,,[東]鹿戸雄一,大城敬三,130.0,202005010205
4,1,1,コスモストライカー,牡3,54,石橋脩,1:48.0,3/4,**,,,,,1-1-1,35.3,11.5,7,478(0),,,,[東]加藤士津,ビッグレッドファーム,77.0,202005010205
5,8,16,ドリームメッセージ,牡3,56,丸山元気,1:48.3,2,**,,,,,12-12-12,34.0,8.4,6,444(0),,,,[東]中川公成,堀口晴男,51.0,202005010205
6,7,14,ルカ,牡3,56,マーフィ,1:48.5,1,**,,,,,8-10-9,34.7,4.6,2,490(-2),,,,[東]戸田博文,窪田芳郎,,202005010205
7,5,10,ブライドグルーム,牡3,56,ミナリク,1:48.6,3/4,**,,,,,4-8-8,35.0,13.6,8,452(+2),,,,[東]堀宣行,社台レースホース,,202005010205
8,1,2,テイエムクロホマレ,牡3,56,嘉藤貴行,1:49.3,4,**,,,,,9-6-5,36.0,319.2,13,472(+4),,,,[東]石栗龍彦,竹園正繼,,202005010205
9,6,12,ラストエクセル,牝3,54,Ｍ．デム,1:49.6,2,**,,,,,4-6-5,36.3,6.1,3,436(-10),,,,[東]伊藤大士,ニッシンホールディングス,,202005010205
10,7,13,ベルウッドアサヒ,牡3,56,吉田豊,1:49.8,3/4,**,,,,,14-15-14,35.2,98.0,10,440(-12),,,,[東]武市康男,鈴木照雄,,202005010205
11,3,6,ホウオウマライア,牝3,54,木幡巧也,1:49.9,1/2,**,,,,,12-12-13,35.5,178.3,11,436(0),,,,[東]牧光二,小笹芳央,,202005010205
12,3,5,ゼンダンスネーク,牝3,54,横山和生,1:49.9,ハナ,**,,,,,9-3-5,36.6,273.1,12,456(-10),,,,[東]土田稔,渡邊善男,,202005010205
13,8,15,ジツリキニコマル,牝3,54,武士沢友,1:49.9,ハナ,**,,,,,14-14-14,35.4,411.0,15,440(-14),,,,[東]稲垣幸雄,河合實貴男,,202005010205
14,4,8,フィーユレヴーズ,牝3,54,福永祐一,1:50.0,3/4,**,,,,,2-3-3,37.0,31.3,9,442(+2),,,,[東]斎藤誠,小田吉男,,202005010205
15,2,3,ファイナルブション,牝3,54,宮崎北斗,1:50.5,3,**,,,,,16-16-16,35.3,487.3,16,430(-8),,,,[東]青木孝文,廣崎利洋ＨＤ,,202005010205
16,5,9,ディムッター,牝3,54,江田照男,1:53.7,大,**,,,,,4-8-10,39.7,359.3,14,458(0),,,,[東]佐藤吉勝,薪浦亨,,202005010205
1,6,11,オーロアドーネ,牡3,56,マーフィ,1:35.3,,**,,,,,5-4,34.4,2.9,1,486(0),,,,[東]戸田博文,ＤＭＭドリームクラブ,600.0,202005010206
2,7,14,イルミナル,牝3,54,石橋脩,1:35.6,2,**,,,,,13-13,34.0,8.6,3,418(0),,,,[東]奥村武,キャロットファーム,240.0,202005010206
3,7,13,レッドルピナス,牝3,54,北村宏司,1:35.6,ハナ,**,,,,,5-7,34.6,3.3,2,416(0),,,,[西]中内田充,東京ホースレーシング,150.0,202005010206
4,6,12,ブレイクザボーダー,牡3,56,佐藤友則,1:35.8,1.1/4,**,,,,,2-2,35.1,28.1,10,476(0),,,,[東]畠山吉宏,グランデオーナーズ,90.0,202005010206
5,1,2,キタノポケット,牝3,53,菊沢一樹,1:36.3,3,**,,,,,10-10,34.8,95.2,13,382(0),,,,[東]深山雅史,北所直人,60.0,202005010206
6,5,9,ラインシュプール,牝3,54,武士沢友,1:36.6,1.3/4,**,,,,,15-14,34.8,17.2,7,410(0),,,,[東]水野貴広,大澤繁昌,,202005010206
7,3,6,ランジョウ,牝3,54,坂井瑠星,1:36.6,ハナ,**,,,,,8-8,35.4,11.2,5,434(0),,,,[東]矢野英一,ノルマンディーサラブレッドレーシング,,202005010206
8,2,4,エイシンジャスミン,牝3,54,石川裕紀,1:36.7,クビ,**,,,,,5-4,35.8,11.1,4,434(0),,,,[西]大久保龍,栄進堂,,202005010206
9,1,1,ゲンパチビーム,牡3,56,岩部純二,1:36.7,ハナ,**,,,,,13-14,34.9,169.9,15,416(0),,,,[東]萱野浩二,平野武志,,202005010206
10,4,8,ジュネス,牝3,54,吉田豊,1:36.9,1.1/2,**,,,,,8-8,35.7,34.4,11,500(0),,,,[東]本間忍,島川隆哉,,202005010206
11,8,15,シゲルパック,牝3,54,江田照男,1:37.6,4,**,,,,,10-10,36.1,14.6,6,498(0),,,,[東]田中清隆,森中蕃,,202005010206
12,3,5,ナムラサバイバー,牡3,56,横山和生,1:37.7,1/2,**,,,,,10-10,36.2,27.2,8,462(0),,,,[東]石栗龍彦,奈村信重,,202005010206
13,4,7,シュライクス,牡3,56,嘉藤貴行,1:37.8,1/2,**,,,,,1-1,37.2,27.9,9,426(0),,,,[東]水野貴広,中山栄一,,202005010206
14,2,3,サクヤコノハナ,牝3,54,柴田善臣,1:38.4,3.1/2,**,,,,,3-4,37.5,59.9,12,422(0),,,,[東]粕谷昌央,岡田牧雄,,202005010206
15,8,16,ワイアヴィー,牝3,54,木幡巧也,1:39.6,7,**,,,,,3-2,38.9,269.4,16,426(0),,,,[東]岩戸孝樹,岡田隆寛,,202005010206
16,5,10,キューティーカノン,牝3,53,野中悠太,1:41.3,大,**,,,,,16-16,38.1,108.7,14,432(0),,,,[東]星野忍,中地賢次郎,,202005010206
1,2,4,ゴールドスミス,セ6,57,武豊,2:14.8,,**,,,,,1-1-1-1,37.4,4.0,2,524(0),,,,[東]高柳瑞樹,ゴドルフィン,760.0,202005010207
2,4,7,エグジットラック,牡6,57,江田照男,2:14.9,1/2,**,,,,,16-16-15-16,36.0,36.9,11,520(-8),,,,[東]田村康仁,戸賀智子,300.0,202005010207
3,6,12,トランスポーター,牡4,56,吉田豊,2:15.0,3/4,**,,,,,2-2-2-2,37.5,33.5,10,494(-2),,,,[東]戸田博文,安原浩司,190.0,202005010207
4,7,13,ニューツーリズム,牡4,56,Ｍ．デム,2:15.2,1.1/4,**,,,,,3-3-3-3,37.5,7.6,4,508(+6),,,,[東]黒岩陽一,吉田晴哉,110.0,202005010207
5,3,6,ドーバーテソーロ,牡4,56,田辺裕信,2:15.3,3/4,**,,,,,9-9-10-7,37.3,22.4,7,486(-4),,,,[東]奥平雅士,了徳寺健二ホールディングス,76.0,202005010207
6,8,16,ジェイケイエース,牡4,56,丸山元気,2:15.6,2,**,,,,,8-6-6-6,37.7,8.9,5,548(+6),,,,[東]松永康利,小谷野次郎,,202005010207
7,4,8,ロジポルカ,牡4,56,内田博幸,2:15.7,クビ,**,,,,,14-14-15-13,37.1,13.4,6,468(0),,,,[東]菊沢隆徳,久米田正明,,202005010207
8,5,10,ボヘミアラプソディ,牡4,56,ルメール,2:15.7,アタマ,**,,,,,14-14-14-13,37.1,3.4,1,488(+10),,,,[東]伊藤圭三,平井裕,,202005010207
9,3,5,ユメノサキ,牡5,57,福永祐一,2:15.9,1.1/4,**,,,,,3-3-3-3,38.2,7.0,3,554(-2),,,,[東]新開幸一,山田広太郎,,202005010207
10,8,15,ヤマニンバンタジオ,セ6,57,嘉藤貴行,2:16.3,2.1/2,**,,,,,12-12-12-11,38.1,84.5,14,540(-4),,,,[東]田島俊明,土井肇,,202005010207
11,2,3,フクサンダーク,牡4,55,野中悠太,2:16.4,1/2,**,,,,,9-9-10-11,38.1,25.0,8,494(-2),,,,[東]小西一男,小沼博,,202005010207
12,1,2,ゴールデンフィジー,牝5,55,木幡巧也,2:16.4,ハナ,**,,,,,6-6-6-7,38.4,41.7,12,440(+4),,,,[東]牧光二,吉田照哉,,202005010207
13,6,11,アララトテソーロ,牡4,56,武藤雅,2:16.5,クビ,**,,,,,6-6-8-7,38.4,51.8,13,490(+4),,,,[東]和田雄二,了徳寺健二ホールディングス,,202005010207
14,5,9,シャイニーロケット,牡5,57,柴田善臣,2:17.1,3.1/2,**,,,,,12-12-13-13,38.6,126.6,16,464(+2),,,,[東]佐藤吉勝,小林昌志,,202005010207
15,7,14,ベルゲンハーバー,牡4,56,ミナリク,2:17.2,3/4,**,,,,,11-9-8-7,39.2,27.5,9,466(+10),,,,[東]斎藤誠,林正道,,202005010207
16,1,1,ウイニングメイビー,牡4,56,北村宏司,2:17.7,3,**,,,,,3-3-3-3,40.0,117.4,15,482(-6),,,,[東]稲垣幸雄,井上久光,,202005010207
1,5,10,フローラルパーク,牝4,55,武豊,1:24.7,,**,,,,,2-2,36.4,5.7,2,490(-4),,,,[東]加藤征弘,高橋正雄,"1,100.0",202005010208
2,2,4,コーラルプリンセス,牝6,55,丸山元気,1:24.7,アタマ,**,,,,,4-4,36.1,8.5,6,532(+2),,,,[東]高橋裕,吉田勝己,440.0,202005010208
3,8,15,ボンディマンシュ,セ4,57,坂井瑠星,1:24.8,3/4,**,,,,,4-4,36.2,6.5,3,490(+4),,,,[西]中内田充,シルクレーシング,280.0,202005010208
4,7,13,エピックアン,牡5,57,田辺裕信,1:24.9,クビ,**,,,,,14-12,35.5,6.8,5,506(-8),,,,[東]大和田成,ＴＵＲＦレーシング,170.0,202005010208
5,6,11,アオイサンシャイン,牝7,55,マーフィ,1:25.0,1/2,**,,,,,3-2,36.7,9.7,7,524(-4),,,,[東]古賀慎明,新谷幸義,110.0,202005010208
6,5,9,ハヤブサレジェンド,牡5,56,菊沢一樹,1:25.1,3/4,**,,,,,1-1,36.9,19.4,10,506(+4),,,,[東]伊藤圭三,グランド牧場,,202005010208
7,3,5,ベイオブコトル,牡4,57,福永祐一,1:25.2,1/2,**,,,,,7-7,36.4,5.7,1,444(+2),,,,[東]高柳瑞樹,ゴドルフィン,,202005010208
8,8,16,ニシノジャガーズ,牡5,57,岩部純二,1:25.3,1/2,**,,,,,16-16,35.5,6.7,4,494(0),,,,[東]萱野浩二,西山茂行,,202005010208
9,1,2,クレディブル,牡5,57,ルメール,1:25.4,クビ,**,,,,,12-10,36.2,13.2,8,510(0),,,,[東]萩原清,清水二朗,,202005010208
10,4,8,テキスタイルアート,セ8,57,北村宏司,1:25.4,クビ,**,,,,,12-13,35.9,201.6,16,494(+12),,,,[東]加藤和宏,岡田壮史,,202005010208
11,7,14,ワンダープラヤアン,牡6,56,野中悠太,1:25.4,ハナ,**,,,,,10-10,36.2,168.3,14,486(-6),,,,[西]森田直行,山本能成,,202005010208
12,4,7,ミッキーボニータ,セ5,57,横山典弘,1:25.5,クビ,**,,,,,14-13,36.0,55.4,11,452(-2),,,,[東]萩原清,野田みづき,,202005010208
13,1,1,サンタナブルー,牡8,57,川須栄彦,1:25.9,2.1/2,**,,,,,10-7,37.0,176.1,15,488(+12),,,,[東]和田雄二,ＹＧＧホースクラブ,,202005010208
14,6,12,モリトシラユリ,牝6,53,木幡育也,1:26.2,2,**,,,,,7-7,37.4,86.2,12,486(-8),,,,[東]堀井雅広,浜本牧場,,202005010208
15,2,3,コールドターキー,牡5,57,Ｍ．デム,1:29.2,大,**,,,,,4-4,40.6,17.2,9,470(-4),,,,[東]佐藤吉勝,薪浦亨,,202005010208
16,3,6,ヘニッヒ,セ4,57,内田博幸,1:29.2,クビ,**,,,,,7-13,39.6,165.4,13,468(+14),,,,[東]武井亮,小田吉男,,202005010208
1,8,13,ショウナンハレルヤ,牝3,54,丸山元気,1:47.2,,**,,,,,2-2-2,34.1,99.4,10,456(-2),,,,[東]矢野英一,国本哲秀,"1,039.4",202005010209
2,2,2,アオイクレアトール,牡3,56,武豊,1:47.4,1.1/4,**,,,,,3-3-4,34.1,5.7,4,474(+12),,,,[東]古賀慎明,新谷幸義,408.4,202005010209
3,4,4,セントオブゴールド,牡3,56,ルメール,1:47.5,1/2,**,,,,,10-11-11,33.7,4.4,2,466(+26),,,,[東]木村哲也,シルクレーシング,254.2,202005010209
4,7,11,ヴァルコス,牡3,56,マーフィ,1:47.5,アタマ,**,,,,,6-6-4,34.2,4.7,3,500(+6),,,,[西]友道康夫,佐々木主浩,150.0,202005010209
5,3,3,ルビーカサブランカ,牝3,54,福永祐一,1:47.6,1/2,**,,,,,7-7-7,34.1,11.3,6,462(-2),,,,[西]須貝尚介,金子真人ホールディングス,101.0,202005010209
6,7,10,ウインカーネリアン,牡3,56,松岡正海,1:47.6,ハナ,**,,,,,1-1-1,34.6,10.9,5,478(-8),,,,[東]鹿戸雄一,ウイン,,202005010209
7,1,1,フォースオブウィル,牡3,56,宮崎北斗,1:47.6,クビ,**,,,,,3-3-4,34.3,18.3,7,458(+2),,,,[東]粕谷昌央,柳原克哉,,202005010209
8,4,5,ラグビーボーイ,牡3,56,北村宏司,1:47.7,クビ,**,,,,,7-7-7,34.2,53.1,8,494(-10),,,,[東]勢司和浩,齋藤秀昭,,202005010209
9,5,7,サトノフウジン,牡3,56,石橋脩,1:47.8,1/2,**,,,,,12-11-11,34.1,2.8,1,470(0),,,,[東]堀宣行,サトミホースカンパニー,,202005010209
10,5,6,マイネルソラス,牡3,56,津村明秀,1:48.2,2.1/2,**,,,,,12-13-13,34.1,71.1,9,470(0),,,,[東]和田正一,サラブレッドクラブ・ラフィアン,,202005010209
11,6,9,ナーリー,牡3,56,佐藤友則,1:48.8,3.1/2,**,,,,,3-3-3,35.6,322.2,13,462(-9),,,,[地]井上孝彦,グランデオーナーズ,,202005010209
12,6,8,タイムマシン,牡3,56,ミナリク,1:50.1,8,**,,,,,10-10-7,36.6,137.5,11,446(+4),,,,[東]手塚貴久,馬場幸夫,,202005010209
13,8,12,コスモスタック,牡3,56,野中悠太,1:50.2,3/4,**,,,,,7-7-7,36.7,179.9,12,456(0),,,,[東]堀井雅広,ビッグレッドファーム,,202005010209
1,7,10,ボスジラ,牡4,55,武豊,2:24.7,,**,,,,,9-8-7-7,34.1,3.3,1,516(-2),,,,[東]国枝栄,金子真人ホールディングス,"1,848.0",202005010210
2,3,3,サンアップルトン,牡4,55,柴田善臣,2:24.7,クビ,**,,,,,5-5-7-7,34.1,8.6,5,472(+18),,,,[東]中野栄治,加藤ステーブル,738.0,202005010210
3,6,8,トラストケンシン,牡5,56,マーフィ,2:25.0,1.1/2,**,,,,,3-3-4-5,34.6,3.7,2,476(+4),,,,[東]高橋文雅,菅波立知子,464.0,202005010210
4,4,5,マコトガラハッド,セ7,54,ミナリク,2:25.3,2,**,,,,,4-3-4-5,34.9,80.2,10,492(-8),,,,[西]鮫島一歩,ディアマント,270.0,202005010210
5,2,2,ヘリファルテ,牡6,56,ルメール,2:25.3,クビ,**,,,,,6-8-9-9,34.4,7.1,4,492(+18),,,,[東]堀宣行,サンデーレーシング,182.0,202005010210
6,4,4,ベイビーステップ,牡6,55,武藤雅,2:25.4,クビ,**,,,,,11-11-10-9,34.5,25.4,9,492(+2),,,,[東]菊川正達,大塚亮一,,202005010210
7,8,13,グランドサッシュ,牡9,54,津村明秀,2:25.5,1/2,**,,,,,10-10-10-12,34.4,141.7,11,472(0),,,,[東]武市康男,シルクレーシング,,202005010210
8,6,9,ミスマンマミーア,牝5,53,福永祐一,2:25.7,1.1/4,**,,,,,6-5-4-3,35.5,11.7,6,456(-4),,,,[西]寺島良,吉田勝利,,202005010210
9,5,7,エクセレントミスズ,牡7,53,内田博幸,2:25.9,1.1/4,**,,,,,12-12-13-12,34.7,224.3,12,454(-14),,,,[西]藤沢則雄,永井啓弍,,202005010210
10,8,12,ホウオウドリーム,牡6,57,吉田豊,2:25.9,ハナ,**,,,,,12-12-12-11,34.9,16.7,8,508(-14),,,,[西]矢作芳人,小笹芳央,,202005010210
11,5,6,ミッキーバード,牡5,54,横山典弘,2:25.9,ハナ,**,,,,,2-2-3-3,35.7,6.4,3,522(-8),,,,[東]尾関知人,野田みづき,,202005010210
12,1,1,エストスペリオル,牡5,54,Ｍ．デム,2:26.7,5,**,,,,,6-5-2-2,36.6,14.6,7,456(0),,,,[東]堀宣行,社台レースホース,,202005010210
13,7,11,オウケンブラック,牡9,52,北村宏司,2:27.2,3,**,,,,,1-1-1-1,39.0,313.0,13,488(+6),,,,[東]田中剛,福井明,,202005010210
1,6,11,モズアスコット,牡6,58,ルメール,1:22.7,,**,,,,,9-8,34.7,9.9,3,494(-4),,,,[西]矢作芳人,キャピタル・システム,"3,858.1",202005010211
2,3,5,コパノキッキング,セ5,58,マーフィ,1:22.9,1.1/4,**,,,,,2-2,35.6,1.9,1,482(-2),,,,[西]村山明,小林祥晃,"1,516.6",202005010211
3,4,7,スマートアヴァロン,牡8,56,石橋脩,1:23.1,1,**,,,,,12-12,34.6,39.0,9,512(-4),,,,[西]西園正都,大川徹,958.3,202005010211
4,8,15,ダノンフェイス,牡7,56,田辺裕信,1:23.2,3/4,**,,,,,5-6,35.3,11.8,5,534(-4),,,,[西]大久保龍,ダノックス,570.0,202005010211
5,3,6,ワイドファラオ,牡4,58,福永祐一,1:23.2,アタマ,**,,,,,4-4,35.5,10.1,4,508(+6),,,,[西]角居勝彦,幅田昌伸,380.0,202005010211
6,1,1,テーオージーニアス,牡5,56,川須栄彦,1:23.4,1.1/4,**,,,,,8-8,35.4,25.6,7,508(+4),,,,[西]梅田智之,小笹公也,,202005010211
7,5,10,ノボバカラ,牡8,56,内田博幸,1:23.4,クビ,**,,,,,9-10,35.1,299.3,15,510(-10),,,,[西]森秀行,ＬＳ．Ｍ,,202005010211
8,2,4,ワンダーリーデル,牡7,57,横山典弘,1:23.5,1/2,**,,,,,12-13,34.7,12.6,6,530(-2),,,,[西]安田翔伍,山本能成,,202005010211
9,4,8,ブルベアイリーデ,牡4,56,丸山元気,1:23.6,1/2,**,,,,,11-10,35.2,34.0,8,492(+6),,,,[西]杉山晴紀,ブルアンドベア,,202005010211
10,5,9,カフジテイク,牡8,56,津村明秀,1:23.6,クビ,**,,,,,14-14,34.6,60.9,11,500(-6),,,,[西]湯窪幸雄,加藤守,,202005010211
11,2,3,ミッキーワイルド,牡5,56,Ｍ．デム,1:24.0,2.1/2,**,,,,,5-5,36.2,4.9,2,514(+8),,,,[西]安田隆行,野田みづき,,202005010211
12,6,12,アードラー,牡6,56,ミナリク,1:24.0,ハナ,**,,,,,14-14,34.9,97.4,12,482(-6),,,,[西]音無秀孝,吉澤克己,,202005010211
13,1,2,テーオーヘリオス,牡8,56,石川裕紀,1:24.2,1.1/4,**,,,,,5-6,36.3,266.3,14,520(-2),,,,[西]梅田智之,小笹公也,,202005010211
14,8,16,ドリームキラリ,牡8,56,坂井瑠星,1:24.3,3/4,**,,,,,1-1,37.0,41.2,10,488(-6),,,,[西]矢作芳人,ライオンレースホース,,202005010211
15,7,13,ヨシオ,牡7,56,佐藤友則,1:24.7,2.1/2,**,,,,,3-3,37.2,134.9,13,486(-4),,,,[西]森秀行,岩見裕輔,,202005010211
16,7,14,サングラス,牡9,56,北村宏司,1:24.7,ハナ,**,,,,,16-16,35.3,387.2,16,508(-4),,,,[西]谷潔,玉置潔,,202005010211
1,6,6,エクセランフィーユ,牝4,54,マーフィ,1:47.8,,**,,,,,1-1-1,33.2,2.8,1,422(+16),,,,[東]木村哲也,サンデーレーシング,"1,100.0",202005010212
2,8,9,ダディーズマインド,牡4,56,宮崎北斗,1:47.9,1/2,**,,,,,2-2-2,33.1,8.8,5,496(+24),,,,[東]青木孝文,田島大史,440.0,202005010212
3,4,4,トーセングラン,牡4,56,横山和生,1:48.2,2,**,,,,,4-5-5,33.1,3.7,2,436(+4),,,,[東]田村康仁,島川隆哉,280.0,202005010212
4,7,8,エピックスター,セ5,57,田辺裕信,1:48.3,1/2,**,,,,,6-7-5,33.2,7.6,4,438(0),,,,[東]田村康仁,子安裕樹,170.0,202005010212
5,3,3,ショウナンバビアナ,牝4,54,吉田豊,1:48.4,1/2,**,,,,,3-3-3,33.5,9.5,6,476(-2),,,,[東]上原博之,国本哲秀,110.0,202005010212
6,1,1,エニグマバリエート,牡8,57,坂井瑠星,1:48.7,2,**,,,,,6-6-5,33.6,144.5,9,494(0),,,,[東]戸田博文,平井裕,,202005010212
7,2,2,エターナルヴィテス,牡4,56,田中勝春,1:49.1,2,**,,,,,8-7-8,33.8,12.7,7,492(+4),,,,[東]松山将樹,永井廣司,,202005010212
8,5,5,タニノホウザン,牡6,57,武士沢友,1:49.4,2,**,,,,,10-10-10,33.9,290.6,10,472(+1),,,,[東]星野忍,谷口祐人,,202005010212
9,7,7,エフティスパークル,牡7,57,Ｍ．デム,1:49.4,ハナ,**,,,,,9-9-8,34.0,19.2,8,468(-4),,,,[東]鹿戸雄一,吉野英子,,202005010212
10,8,10,キングテセウス,牡4,56,ルメール,1:49.6,1.1/4,**,,,,,4-3-3,34.7,6.8,3,516(-2),,,,[東]木村哲也,保坂和孝,,202005010212
1,7,13,トリプルシックス,牝3,54,横山和生,1:19.6,,**,,,,,2-2,37.4,8.3,3,468(+2),,,,[東]古賀史生,西森功,510.0,202005010301
2,1,2,ヨシオドライヴ,牡3,56,大庭和弥,1:19.7,3/4,**,,,,,9-9,36.5,16.0,7,490(-6),,,,[東]清水英克,井村誉志雄,200.0,202005010301
3,4,7,ダイシンウィット,牡3,56,津村明秀,1:19.9,1.1/2,**,,,,,1-1,37.8,5.7,2,498(-2),,,,[東]小笠倫弘,大八木信行,130.0,202005010301
4,2,4,スズカキングボス,牡3,56,内田博幸,1:20.0,クビ,**,,,,,2-2,37.8,2.0,1,462(-4),,,,[東]田中剛,永井啓弍,77.0,202005010301
5,5,9,ニーケススマイル,牡3,56,松岡正海,1:20.3,2,**,,,,,5-4,37.9,9.8,4,458(0),,,,[東]蛯名利弘,高橋ファーム,51.0,202005010301
6,1,1,ヤサカパフィー,牝3,54,武藤雅,1:20.8,3,**,,,,,4-4,38.4,12.0,6,472(+4),,,,[東]水野貴広,志邑宣彦,,202005010301
7,4,8,ゴラッソゴール,牡3,56,田辺裕信,1:20.9,1/2,**,,,,,12-12,37.0,28.4,8,470(+4),,,,[東]武市康男,東海林貴大,,202005010301
8,5,10,スイスライツ,牡3,56,江田照男,1:21.2,1.3/4,**,,,,,5-4,38.8,10.3,5,462(-2),,,,[東]竹内正洋,永田博之,,202005010301
9,3,5,ローズブランシェ,牝3,54,武士沢友,1:21.3,1/2,**,,,,,8-7,38.5,84.5,11,436(-8),,,,[東]小桧山悟,島川隆哉,,202005010301
10,3,6,ビッグセント,牡3,56,北村宏司,1:21.3,アタマ,**,,,,,10-10,37.8,226.8,13,452(+4),,,,[東]田中清隆,ビッグ,,202005010301
11,2,3,シゲルナガレボシ,牝3,53,菊沢一樹,1:21.7,2.1/2,**,,,,,7-7,38.8,118.3,12,450(+6),,,,[東]浅野洋一,森中蕃,,202005010301
12,8,16,ダンブルドア,牡3,56,嘉藤貴行,1:21.7,ハナ,**,,,,,14-14,37.4,46.5,10,534(+4),,,,[東]田中清隆,嶋田賢,,202005010301
13,6,12,レイニーウェイ,牡3,56,大野拓弥,1:22.2,3,**,,,,,10-11,38.5,33.4,9,456(+4),,,,[東]田島俊明,鈴木邦英,,202005010301
14,6,11,ナックライオン,牡3,54,木幡育也,1:22.2,クビ,**,,,,,12-13,38.0,321.1,14,524(+3),,,,[東]杉浦宏昭,小松欣也,,202005010301
14,8,15,クンクンクン,牝3,54,岩部純二,1:22.2,同着,**,,,,,16-16,36.6,381.3,15,438(-4),,,,[東]加藤和宏,ミルファーム,,202005010301
16,7,14,ゴーイングヒーロー,牡3,56,宮崎北斗,1:22.5,1.3/4,**,,,,,14-14,38.1,472.7,16,422(+14),,,,[東]松山将樹,スリースターズレーシング,,202005010301
1,5,10,レッチェバロック,牝3,54,ルメール,1:25.1,,**,,,,,1-1,36.9,2.1,1,484(0),,,,[東]藤沢和雄,吉田和美,600.0,202005010302
2,6,12,プレシャスガール,牝3,54,津村明秀,1:27.1,大,**,,,,,4-4,38.4,2.5,2,458(0),,,,[西]藤岡健一,ニューワールドレーシング,240.0,202005010302
3,8,16,バルボア,牡3,56,横山和生,1:27.8,4,**,,,,,3-2,39.4,42.6,8,476(0),,,,[西]飯田祐史,カナヤマホールディングス,150.0,202005010302
4,1,2,ニシノリーチキング,牡3,56,松岡正海,1:27.9,1/2,**,,,,,5-5,39.0,7.4,3,506(0),,,,[東]松山将樹,西山茂行,90.0,202005010302
5,7,14,ヤマタケヴォイス,牡3,56,岩部純二,1:28.3,2.1/2,**,,,,,2-2,39.9,15.2,4,478(0),,,,[東]萱野浩二,山中和子,60.0,202005010302
6,2,4,アイドルヲサガセ,牝3,54,田辺裕信,1:28.4,3/4,**,,,,,8-8,38.5,24.3,5,446(0),,,,[東]小西一男,福田光博,,202005010302
7,1,1,ポッシビリテ,牝3,54,江田照男,1:29.0,3.1/2,**,,,,,7-7,39.6,64.5,10,510(0),,,,[東]田中剛,ノースヒルズ,,202005010302
8,8,15,サーブルルミエール,牡3,56,武藤雅,1:29.2,1.1/2,**,,,,,5-6,40.2,81.4,11,460(0),,,,[東]伊藤大士,落合幸弘,,202005010302
9,3,5,ジネン,牡3,56,吉田豊,1:30.9,大,**,,,,,11-12,39.1,37.9,7,476(0),,,,[西]高橋義忠,杉山忠国,,202005010302
10,4,7,スズカワッペン,牝3,53,野中悠太,1:31.3,2.1/2,**,,,,,8-10,39.9,273.1,15,390(0),,,,[東]小島茂之,永井啓弍,,202005010302
11,7,13,ノアエリザベス,牝3,54,武士沢友,1:31.8,3,**,,,,,12-10,40.3,197.2,12,416(0),,,,[東]古賀史生,佐山公男,,202005010302
12,5,9,グラスエメラルダ,牝3,53,菊沢一樹,1:32.0,1.1/2,**,,,,,14-14,39.0,54.4,9,418(0),,,,[東]松山将樹,半沢,,202005010302
13,3,6,ヴォロンティエ,牝3,54,大野拓弥,1:32.0,ハナ,**,,,,,13-14,39.0,34.6,6,418(0),,,,[東]小島茂之,清宮義男,,202005010302
14,6,11,ミニマムーン,牝3,54,内田博幸,1:32.0,クビ,**,,,,,14-13,39.2,225.8,14,428(0),,,,[東]松山将樹,明栄商事,,202005010302
15,2,3,ハリスン,牡3,56,柴田未崎,1:32.7,4,**,,,,,8-9,41.5,216.1,13,454(0),,,,[東]和田雄二,薪浦亨,,202005010302
16,4,8,ハピネスサンダー,牡3,56,伊藤工真,1:34.2,9,**,,,,,16-16,39.6,355.2,16,498(0),,,,[東]本間忍,大島芳子,,202005010302
1,3,5,カフェスペランツァ,牡3,56,北村宏司,1:38.9,,**,,,,,4-4,37.2,13.8,6,502(+4),,,,[東]中舘英二,西川恭子,510.0,202005010303
2,8,16,ディーエスプルーフ,牡3,56,ルメール,1:39.6,4,**,,,,,7-7,37.7,3.0,1,452(+4),,,,[東]伊藤圭三,秋谷壽之,200.0,202005010303
3,1,1,カッチョカバロ,牡3,56,石橋脩,1:39.7,3/4,**,,,,,1-1,38.3,3.6,2,496(+6),,,,[東]牧光二,平田修,130.0,202005010303
4,8,15,サイモンルグラン,牡3,56,田辺裕信,1:39.8,3/4,**,,,,,10-7,37.9,5.7,3,494(-4),,,,[東]勢司和浩,澤田昭紀,77.0,202005010303
5,7,14,アバグネイル,牡3,56,ミナリク,1:39.9,1/2,**,,,,,10-10,37.7,9.7,5,506(+6),,,,[東]手塚貴久,シルクレーシング,51.0,202005010303
6,6,12,トリトン,牡3,56,内田博幸,1:39.9,アタマ,**,,,,,4-4,38.3,7.1,4,510(+18),,,,[東]古賀慎明,村野康司,,202005010303
7,2,3,セイカタチバナ,牡3,56,津村明秀,1:40.0,クビ,**,,,,,7-7,38.1,81.7,13,482(0),,,,[東]南田美知,久米大,,202005010303
8,1,2,コスモケルビン,牡3,56,木幡巧也,1:40.5,3,**,,,,,2-2,39.0,64.2,11,514(+28),,,,[東]佐藤吉勝,ビッグレッドファーム,,202005010303
9,4,8,レベンディス,牡3,56,丸山元気,1:40.5,クビ,**,,,,,12-10,38.3,31.0,7,502(-2),,,,[東]高柳瑞樹,シルクレーシング,,202005010303
10,3,6,セントガブリエル,牝3,53,菊沢一樹,1:40.7,1,**,,,,,4-6,38.9,34.1,8,448(-10),,,,[東]菊沢隆徳,馬目卓,,202005010303
11,5,10,イッツオーライト,牡3,56,柴田善臣,1:40.8,3/4,**,,,,,13-13,38.3,39.0,9,450(-6),,,,[東]竹内正洋,田島榮二郎,,202005010303
12,2,4,アカリリチャード,牡3,55,野中悠太,1:41.6,5,**,,,,,13-13,39.2,280.3,16,472(0),,,,[東]上原博之,小林祥晃,,202005010303
13,4,7,セイウンハテンコウ,牡3,56,武士沢友,1:42.0,2.1/2,**,,,,,15-15,39.2,81.0,12,506(0),,,,[東]武市康男,西山茂行,,202005010303
14,5,9,ソルレオーネ,牡3,56,大野拓弥,1:42.3,2,**,,,,,2-2,40.8,56.1,10,486(-2),,,,[東]大竹正博,ＹＧＧホースクラブ,,202005010303
15,7,13,ユニバーサルタイム,牡3,56,宮崎北斗,1:42.5,3/4,**,,,,,15-16,39.5,152.2,14,494(+2),,,,[東]中川公成,山上和良,,202005010303
16,6,11,キタノリベラル,牡3,56,江田照男,1:45.8,大,**,,,,,7-10,43.7,201.0,15,516(+10),,,,[東]小笠倫弘,北所直人,,202005010303
1,7,13,ムーランアンディゴ,牡3,56,大野拓弥,1:26.0,,**,,,,,8-8,36.8,2.2,1,486(+2),,,,[東]田中博康,村上卓史,730.0,202005010304
2,4,7,カイアワセ,牝3,54,武士沢友,1:26.1,3/4,**,,,,,8-8,37.0,120.6,14,436(-2),,,,[東]星野忍,内田玄祥,290.0,202005010304
3,3,4,テンサイドカップ,牝3,54,内田博幸,1:26.2,1/2,**,,,,,5-5,37.3,21.3,8,466(0),,,,[東]矢野英一,天白泰司,180.0,202005010304
4,6,11,スズカコーズマンボ,牡3,56,北村宏司,1:26.3,1/2,**,,,,,15-15,36.4,13.2,5,476(+12),,,,[東]伊藤圭三,永井啓弍,110.0,202005010304
5,6,10,ミツカネプリンス,牡3,56,津村明秀,1:26.4,3/4,**,,,,,12-11,37.0,27.2,11,450(0),,,,[東]鈴木伸尋,小山田満,73.0,202005010304
6,5,8,ファイヴレター,牡3,55,菊沢一樹,1:26.7,2,**,,,,,8-8,37.5,72.9,13,448(+4),,,,[東]佐藤吉勝,熊坂俊一,,202005010304
7,3,5,プリンサン,牝3,54,武藤雅,1:26.8,クビ,**,,,,,12-11,37.4,166.3,15,424(0),,,,[東]伊藤圭三,是枝浩平,,202005010304
8,1,1,ハヤブサペコムスメ,牝3,54,松岡正海,1:27.0,1.1/4,**,,,,,2-2,38.3,28.9,12,454(+2),,,,[東]尾形和幸,武田修,,202005010304
9,5,9,メイショウユリシス,牝3,54,柴田善臣,1:27.0,アタマ,**,,,,,14-14,37.3,9.9,4,466(-2),,,,[西]高橋亮,松本好隆,,202005010304
10,8,15,ナムラボス,牡3,56,丸山元気,1:27.2,1.1/2,**,,,,,1-1,38.8,25.6,10,460(+2),,,,[西]羽月友彦,奈村睦弘,,202005010304
11,8,14,サトノポーラスター,牡3,56,ミナリク,1:27.3,1/2,**,,,,,2-2,38.7,9.1,3,512(-2),,,,[東]大和田成,サトミホースカンパニー,,202005010304
12,4,6,ペイシャチャーム,牝3,54,横山和生,1:27.4,クビ,**,,,,,5-5,38.4,17.4,7,442(0),,,,[東]高市圭二,北所直人,,202005010304
13,7,12,アポロティアモ,牡3,56,石川裕紀,1:27.5,3/4,**,,,,,5-5,38.5,6.4,2,492(0),,,,[東]岩戸孝樹,アポロサラブレッドクラブ,,202005010304
14,2,3,ハディア,牡3,56,石橋脩,1:28.1,3.1/2,**,,,,,2-2,39.5,22.0,9,468(+14),,,,[東]粕谷昌央,ターフ・スポート,,202005010304
15,2,2,セレンディピア,牡3,54,木幡育也,1:28.4,1.3/4,**,,,,,11-11,39.1,13.9,6,460(-2),,,,[東]尾形和幸,ノルマンディーサラブレッドレーシング,,202005010304
1,8,16,スパングルドスター,牝3,54,Ｍ．デム,1:49.3,,**,,,,,4-4-2,34.4,4.6,2,434(-10),,,,[東]藤沢和雄,社台レースホース,510.0,202005010305
2,6,11,レッドペルーシュ,牝3,54,田中勝春,1:49.3,クビ,**,,,,,14-13-13,33.7,79.7,11,406(-2),,,,[東]宗像義忠,東京ホースレーシング,200.0,202005010305
3,7,13,コトブキテティス,牝3,54,武藤雅,1:49.3,ハナ,**,,,,,10-11-11,33.8,2.4,1,426(-6),,,,[東]田島俊明,尾上松壽,130.0,202005010305
4,3,6,アプローズユウ,牝3,54,丸山元気,1:49.7,2.1/2,**,,,,,6-6-5,34.6,20.4,7,464(-6),,,,[東]手塚貴久,星野壽市,77.0,202005010305
5,1,1,オウケンザパール,牝3,54,木幡巧也,1:49.8,1/2,**,,,,,16-15-15,34.0,149.2,14,442(-2),,,,[東]国枝栄,福井明,51.0,202005010305
6,3,5,ガルナッチャ,牝3,54,横山和生,1:49.8,ハナ,**,,,,,10-8-8,34.5,7.0,4,438(-4),,,,[東]高市圭二,チームユッキレーシング,,202005010305
7,6,12,カナワン,牝3,54,吉田豊,1:50.0,1,**,,,,,10-11-11,34.5,119.3,12,448(+10),,,,[東]竹内正洋,由井健太郎,,202005010305
8,5,9,ソスピタ,牝3,53,野中悠太,1:50.1,3/4,**,,,,,4-4-5,35.1,5.6,3,428(-14),,,,[東]畠山吉宏,ビッグレッドファーム,,202005010305
9,4,8,デュアルネイチャー,牝3,54,内田博幸,1:50.1,クビ,**,,,,,6-6-5,35.1,45.9,10,440(-6),,,,[東]国枝栄,Ｇ１レーシング,,202005010305
10,8,15,ユースフルラヴ,牝3,54,津村明秀,1:50.1,アタマ,**,,,,,6-8-8,34.9,34.0,8,412(-2),,,,[東]田中博康,吉田晴哉,,202005010305
11,2,4,ルレーヴドゥリリ,牝3,54,松岡正海,1:50.2,クビ,**,,,,,6-8-8,35.0,35.5,9,486(+2),,,,[東]田中剛,加藤誠,,202005010305
12,7,14,パンゲア,牝3,54,北村宏司,1:50.6,2.1/2,**,,,,,1-3-2,35.8,13.3,5,438(-4),,,,[東]伊藤大士,ニッシンホールディングス,,202005010305
13,1,2,グロワールポン,牝3,54,柴田善臣,1:50.9,2,**,,,,,14-15-15,35.0,189.9,15,474(-14),,,,[東]田中清隆,花野友象,,202005010305
14,2,3,セルフィーバイブス,牝3,53,菊沢一樹,1:51.0,クビ,**,,,,,10-13-13,35.3,147.3,13,448(+12),,,,[東]国枝栄,飯田正剛,,202005010305
15,4,7,デイジーテソーロ,牝3,52,木幡育也,1:51.3,2,**,,,,,2-2-2,36.4,272.6,16,414(-4),,,,[東]畠山吉宏,了徳寺健二ホールディングス,,202005010305
16,5,10,リメインオブザデイ,牝3,54,石川裕紀,1:51.5,1.1/4,**,,,,,2-1-1,36.9,18.1,6,402(+4),,,,[東]田島俊明,ビッグレッドファーム,,202005010305
1,2,2,エターナルボンド,牡3,56,田辺裕信,2:27.2,,**,,,,,3-4-4-2,34.2,5.6,4,510(+2),,,,[東]伊藤圭三,社台レースホース,510.0,202005010306
2,6,10,リアム,牡3,56,ルメール,2:27.5,1.3/4,**,,,,,10-2-2-2,34.6,2.3,1,520(0),,,,[東]萩原清,サンデーレーシング,200.0,202005010306
3,5,9,ウシュバテソーロ,牡3,56,江田照男,2:27.8,1.3/4,**,,,,,9-8-8-7,34.3,5.3,3,514(0),,,,[東]高木登,了徳寺健二ホールディングス,130.0,202005010306
4,1,1,ラインストリーム,牡3,56,武藤雅,2:28.5,4,**,,,,,13-13-11-10,34.9,32.9,8,452(+2),,,,[東]武藤善則,大澤繁昌,77.0,202005010306
5,2,3,カランクール,牝3,54,吉田豊,2:28.5,ハナ,**,,,,,4-6-7-7,35.1,25.2,6,474(-2),,,,[東]粕谷昌央,日進牧場,51.0,202005010306
6,4,6,マイロングタイム,牡3,56,村田一誠,2:28.6,1/2,**,,,,,4-6-6-5,35.4,259.5,12,450(-2),,,,[東]藤原辰雄,佐藤良二,,202005010306
7,6,11,ミスヒアリング,牝3,54,丸山元気,2:28.7,3/4,**,,,,,2-2-4-5,35.5,55.4,10,514(+28),,,,[東]根本康広,犬塚悠治郎,,202005010306
8,4,7,ハーツシンフォニー,牡3,56,柴田善臣,2:29.1,2.1/2,**,,,,,10-11-11-10,35.5,5.2,2,478(-2),,,,[東]戸田博文,ＤＭＭドリームクラブ,,202005010306
9,8,14,ケイアイタカプナ,牡3,56,大野拓弥,2:29.1,ハナ,**,,,,,6-4-3-2,36.2,45.5,9,462(0),,,,[東]田村康仁,亀田和弘,,202005010306
10,5,8,ハラハラドキドキ,牡3,55,野中悠太,2:29.1,クビ,**,,,,,7-10-10-10,35.4,74.1,11,452(0),,,,[東]久保田貴,廣崎利洋ＨＤ,,202005010306
11,8,15,コスモタイシ,牡3,56,ミナリク,2:29.3,1.1/2,**,,,,,1-1-1-1,36.4,31.8,7,468(+10),,,,[東]高橋祥泰,岡田繁幸,,202005010306
12,3,5,ベリンダアン,牝3,54,Ｍ．デム,2:30.5,7,**,,,,,14-14-13-13,36.5,8.9,5,420(-6),,,,[東]大竹正博,ＴＵＲＦレーシング,,202005010306
13,7,13,スカッターガン,牡3,56,井上敏樹,2:31.2,4,**,,,,,7-8-8-7,37.8,402.9,14,526(0),,,,[東]和田正一,木部厳生,,202005010306
中,3,4,ゴールドミッション,牡3,56,松岡正海,,,**,,,,,12-12-14-13,,272.5,13,480(+8),,,,[東]伊藤伸一,コスモヴューファーム,,202005010306
取,7,12,エドノフェリーチェ,牝3,54,津村明秀,,,**,,,,,,,---,,計不,,,,[東]相沢郁,遠藤喜松,,202005010306
1,8,16,アポロチーター,牡4,57,木幡巧也,1:19.6,,**,,,,,3-3,36.9,6.2,3,530(0),,,,[東]岩戸孝樹,アポロサラブレッドクラブ,760.0,202005010307
2,3,6,タイキメサイア,牡5,57,丸山元気,1:19.7,3/4,**,,,,,7-4,36.9,7.4,4,514(0),,,,[東]高橋祥泰,大樹ファーム,300.0,202005010307
3,4,8,カーリングストーン,牡4,56,菊沢一樹,1:19.8,1/2,**,,,,,7-8,36.3,48.9,12,470(+6),,,,[東]菊沢隆徳,國分純,190.0,202005010307
4,5,9,バットオールソー,牡5,57,石橋脩,1:20.1,2,**,,,,,14-12,36.2,31.4,10,476(+8),,,,[東]大和田成,久保田定,110.0,202005010307
5,6,11,デルマカミカゼ,牡5,57,横山和生,1:20.2,クビ,**,,,,,9-7,37.0,15.3,6,466(+8),,,,[東]小野次郎,浅沼廣幸,76.0,202005010307
6,7,13,フレンドアリス,牝5,55,柴田善臣,1:20.4,1,**,,,,,5-4,37.5,28.1,9,464(0),,,,[東]南田美知,横尾晴人,,202005010307
7,4,7,スポーカンテソーロ,牝4,55,江田照男,1:20.4,クビ,**,,,,,9-8,36.9,18.1,7,514(-12),,,,[東]加藤士津,了徳寺健二ホールディングス,,202005010307
8,3,5,スパーダ,牡5,57,武藤雅,1:20.6,1.1/4,**,,,,,3-4,37.7,2.4,1,496(-4),,,,[東]加藤士津,了徳寺健二ホールディングス,,202005010307
9,8,15,ワールドイズマイン,牝4,55,Ｍ．デム,1:20.7,クビ,**,,,,,2-2,38.3,5.4,2,458(+4),,,,[東]金成貴史,レッドマジック,,202005010307
10,1,1,ヤマニンシーベリー,牝6,54,野中悠太,1:20.7,アタマ,**,,,,,11-12,36.9,215.2,15,458(+2),,,,[東]黒岩陽一,土井肇,,202005010307
11,2,4,ガチコ,牝6,55,ミナリク,1:20.8,1/2,**,,,,,16-15,36.7,15.2,5,482(+8),,,,[東]高橋文雅,日東牧場,,202005010307
12,6,12,バルトフォンテン,牡5,57,石川裕紀,1:21.4,3.1/2,**,,,,,11-10,37.8,34.8,11,516(+10),,,,[東]高橋裕,吉橋興生,,202005010307
13,2,3,ディアバビアナ,牝5,55,吉田豊,1:21.6,1.1/4,**,,,,,13-12,37.8,126.5,14,502(+26),,,,[東]高橋裕,ディアレストクラブ,,202005010307
14,1,2,ゴールドタンバリン,牝5,53,木幡育也,1:21.9,1.3/4,**,,,,,14-15,37.8,81.8,13,428(-2),,,,[東]池上昌和,吉田和美,,202005010307
15,7,14,ミユキメガバックス,牡4,57,内田博幸,1:22.0,3/4,**,,,,,1-1,39.6,24.7,8,548(+1),,,,[東]清水英克,長井純一,,202005010307
16,5,10,クリノジョヴァンナ,牝5,55,宮崎北斗,1:27.8,大,**,,,,,5-10,44.2,364.9,16,462(+6),,,,[東]蛯名利弘,栗本博晴,,202005010307
1,6,11,ゴールドフレーム,セ4,57,大野拓弥,1:38.5,,**,,,,,3-3,36.3,10.9,7,478(0),,,,[東]新開幸一,外池榮一郎,760.0,202005010308
2,3,4,パイロテクニクス,セ4,57,ルメール,1:38.8,2,**,,,,,5-6,36.2,4.6,2,512(+8),,,,[東]武藤善則,シルクレーシング,300.0,202005010308
3,5,9,ロジギムレット,牡4,57,丸山元気,1:39.0,1,**,,,,,4-4,36.7,10.8,6,474(+16),,,,[東]国枝栄,久米田正明,190.0,202005010308
4,6,10,ライトカラカゼ,牡5,57,石川裕紀,1:39.2,1.1/4,**,,,,,5-6,36.5,5.7,4,474(-4),,,,[東]相沢郁,星野壽市,110.0,202005010308
5,8,15,オープンザウェイ,セ8,57,木幡巧也,1:39.4,1,**,,,,,11-11,36.2,167.6,13,472(+4),,,,[東]菊川正達,ディアレストクラブ,76.0,202005010308
6,4,7,ヨクエロマンボ,セ7,57,横山典弘,1:39.4,クビ,**,,,,,13-11,36.1,5.6,3,468(0),,,,[東]藤原辰雄,平井裕,,202005010308
7,1,1,ドーファン,セ5,57,吉田豊,1:39.5,1/2,**,,,,,12-13,36.0,38.6,8,532(+12),,,,[東]中川公成,シルクレーシング,,202005010308
8,2,2,ブルーエクセレンス,牡4,57,津村明秀,1:39.5,アタマ,**,,,,,5-4,37.1,3.9,1,482(0),,,,[東]金成貴史,ゴドルフィン,,202005010308
9,8,14,デストロイ,牡6,57,Ｍ．デム,1:39.6,1/2,**,,,,,9-9,36.6,6.6,5,524(+8),,,,[東]高橋裕,諸岡慶,,202005010308
10,5,8,アールグランツ,牡4,57,武藤雅,1:39.9,2,**,,,,,2-2,38.0,62.9,10,476(+2),,,,[東]鈴木伸尋,前原敏行,,202005010308
11,3,5,クリスエステソーロ,牡5,57,江田照男,1:40.0,3/4,**,,,,,1-1,38.2,69.4,11,512(0),,,,[東]加藤士津,了徳寺健二ホールディングス,,202005010308
12,4,6,ヤサカリベルテ,牡4,57,柴田善臣,1:40.8,5,**,,,,,9-9,37.9,267.6,14,464(+10),,,,[東]水野貴広,志邑宣彦,,202005010308
13,2,3,サンマルライバル,牡6,57,嘉藤貴行,1:41.0,1.1/4,**,,,,,8-6,38.3,374.3,15,482(+10),,,,[東]佐藤吉勝,相馬勇,,202005010308
14,7,13,ジョイナイト,牡4,56,菊沢一樹,1:45.7,大,**,,,,,15-15,40.9,113.7,12,502(+6),,,,[東]武市康男,西村亮二,,202005010308
15,7,12,ジェイエルノブレス,牝5,55,田辺裕信,1:45.9,1.1/2,**,,,,,13-14,42.3,39.5,9,464(+2),,,,[東]小西一男,橋元幸人,,202005010308
1,5,10,ビッククインバイオ,牝3,54,大野拓弥,1:21.7,,**,,,,,3-3,34.2,4.6,2,476(-2),,,,[東]牧光二,バイオ,"1,045.7",202005010309
2,3,6,クリノプレミアム,牝3,54,丸山元気,1:21.8,1/2,**,,,,,5-6,34.1,7.7,4,454(-8),,,,[東]伊藤伸一,栗本博晴,410.2,202005010309
3,8,16,バトルカグヤ,牝3,54,津村明秀,1:22.1,2,**,,,,,1-1,35.2,34.1,10,452(0),,,,[西]本田優,宮川秋信,255.1,202005010309
4,4,8,ダイワクンナナ,牝3,54,北村宏司,1:22.2,クビ,**,,,,,7-6,34.5,8.7,5,486(-8),,,,[東]国枝栄,大城敬三,150.0,202005010309
5,6,11,シベール,牝3,54,Ｍ．デム,1:22.2,クビ,**,,,,,10-8,34.4,4.1,1,450(-4),,,,[東]久保田貴,ロードホースクラブ,101.0,202005010309
6,1,2,フィオリキアリ,牝3,54,宮崎北斗,1:22.2,アタマ,**,,,,,7-10,34.2,13.8,7,432(-2),,,,[西]清水久詞,槙和美,,202005010309
7,5,9,コミカライズ,牝3,54,横山典弘,1:22.5,2,**,,,,,9-8,34.7,5.6,3,454(0),,,,[東]和田勇介,吉田照哉,,202005010309
8,2,4,スウィートメリナ,牝3,54,田辺裕信,1:22.6,クビ,**,,,,,10-10,34.6,22.8,9,424(0),,,,[東]菊川正達,岡田牧雄,,202005010309
9,8,15,エレガンテレイナ,牝3,54,武藤雅,1:22.6,ハナ,**,,,,,14-13,34.3,38.2,11,432(0),,,,[東]高柳瑞樹,グリーンファーム,,202005010309
10,6,12,ビオグラフィー,牝3,54,ミナリク,1:22.6,アタマ,**,,,,,3-3,35.1,19.5,8,464(+2),,,,[西]藤岡健一,シルクレーシング,,202005010309
11,1,1,クイックレス,牝3,54,石川裕紀,1:22.7,1/2,**,,,,,10-13,34.4,150.5,15,444(+4),,,,[東]中舘英二,中村祐子,,202005010309
12,3,5,セイラブミー,牝3,54,内田博幸,1:22.7,ハナ,**,,,,,14-13,34.4,350.6,16,438(-6),,,,[東]伊藤大士,ミルファーム,,202005010309
13,4,7,スリリングドリーム,牝3,54,ルメール,1:23.1,2.1/2,**,,,,,10-10,35.0,9.0,6,446(+2),,,,[東]小野次郎,サラブレッドクラブ・ラフィアン,,202005010309
14,7,13,ハニーリン,牝3,54,吉田豊,1:23.3,1.1/4,**,,,,,5-5,35.7,62.1,12,466(-2),,,,[東]堀井雅広,西森功,,202005010309
15,2,3,メイプルプレゼント,牝3,54,森裕太朗,1:23.3,クビ,**,,,,,14-16,34.7,92.1,13,446(+2),,,,[東]高市圭二,節英司,,202005010309
16,7,14,フィドル,牝3,54,横山和生,1:24.4,7,**,,,,,2-2,37.1,148.7,14,422(-8),,,,[東]高市圭二,山本武司,,202005010309
1,1,1,サトノラディウス,牡4,56,ルメール,2:25.5,,**,,,,,4-5-8-9,34.6,1.4,1,490(+6),,,,[東]国枝栄,サトミホースカンパニー,"1,524.5",202005010310
2,5,5,パルティアーモ,牝4,52,津村明秀,2:25.6,3/4,**,,,,,6-5-2-2,35.1,8.7,2,494(+20),,,,[東]池上昌和,サンデーレーシング,607.0,202005010310
3,2,2,クリノオスマン,セ6,54,Ｍ．デム,2:26.0,2.1/2,**,,,,,2-2-4-5,35.3,12.7,4,456(0),,,,[東]伊藤伸一,栗本博晴,383.5,202005010310
4,8,11,カーロバンビーナ,牝5,54,石橋脩,2:26.1,1/2,**,,,,,9-9-9-7,35.3,36.5,9,412(0),,,,[東]戸田博文,社台レースホース,230.0,202005010310
5,7,8,タンタフエルサ,牡5,55,田辺裕信,2:26.1,クビ,**,,,,,10-10-10-10,35.0,26.8,8,450(-6),,,,[東]国枝栄,Ｇ１レーシング,150.0,202005010310
6,6,7,レッドボヌール,牝6,53,田中勝春,2:26.3,1.1/4,**,,,,,10-10-10-10,35.2,16.3,5,432(+2),,,,[東]宗像義忠,東京ホースレーシング,,202005010310
7,4,4,ヴァンクールシルク,セ6,55,丸山元気,2:27.2,5,**,,,,,7-7-7-7,36.4,24.5,7,576(+2),,,,[東]木村哲也,シルクレーシング,,202005010310
8,8,10,コスモジャーベ,牡7,54,武藤雅,2:27.4,1.1/4,**,,,,,7-7-2-2,36.9,50.9,11,492(0),,,,[東]和田雄二,ビッグレッドファーム,,202005010310
9,7,9,アランブレラ,牡5,55,北村宏司,2:27.6,1.1/4,**,,,,,4-4-4-4,37.0,10.4,3,556(+16),,,,[東]尾関知人,キャロットファーム,,202005010310
10,6,6,ヴィエナブロー,牝4,52,野中悠太,2:27.9,1.3/4,**,,,,,1-1-1-1,37.5,19.0,6,454(+2),,,,[東]林徹,吉田千津,,202005010310
11,3,3,エスティーム,牡6,55,内田博幸,2:28.5,3.1/2,**,,,,,2-2-4-5,37.8,46.0,10,524(-2),,,,[東]高橋祥泰,岡田繁幸,,202005010310
1,3,5,ウーリリ,牡4,57,津村明秀,1:33.5,,**,,,,,3-2,34.1,7.6,4,500(-6),,,,[西]友道康夫,金子真人ホールディングス,"1,855.0",202005010311
2,8,16,ルーカス,牡5,57,Ｍ．デム,1:33.5,ハナ,**,,,,,3-2,34.1,8.2,5,514(+2),,,,[東]堀宣行,シルクレーシング,740.0,202005010311
3,7,13,ヴィッテルスバッハ,牡4,57,石橋脩,1:33.6,1/2,**,,,,,12-10,33.7,7.3,3,474(+10),,,,[東]池上昌和,キャロットファーム,465.0,202005010311
4,1,2,トーセンブレス,牝5,55,大野拓弥,1:33.6,アタマ,**,,,,,10-12,33.6,15.4,6,472(+4),,,,[東]加藤征弘,島川隆哉,270.0,202005010311
5,1,1,アントリューズ,牡4,57,田辺裕信,1:33.7,3/4,**,,,,,13-13,33.4,3.3,2,500(+4),,,,[東]栗田徹,山口功一郎,182.0,202005010311
6,5,10,ボーダーオブライフ,牡6,57,伊藤工真,1:33.8,1/2,**,,,,,5-5,34.3,135.8,12,498(0),,,,[東]金成貴史,レッドマジック,,202005010311
7,4,8,ドルチャーリオ,牡7,57,田中勝春,1:33.8,ハナ,**,,,,,6-6,34.2,205.5,14,446(-14),,,,[西]池添兼雄,ゴドルフィン,,202005010311
8,2,3,スイープセレリタス,牝4,55,ルメール,1:34.0,1.1/4,**,,,,,6-7,34.2,2.8,1,504(+12),,,,[東]藤沢和雄,シルクレーシング,,202005010311
9,8,15,トーラスジェミニ,牡4,57,木幡育也,1:34.0,クビ,**,,,,,1-1,34.8,78.9,10,490(+2),,,,[東]小桧山悟,柴原榮,,202005010311
10,2,4,オールザゴー,牡6,57,丸山元気,1:34.0,ハナ,**,,,,,6-7,34.3,49.2,9,506(-2),,,,[西]矢作芳人,サンデーレーシング,,202005010311
11,6,11,レノーア,牝4,55,石川裕紀,1:34.0,アタマ,**,,,,,2-2,34.7,24.5,7,418(+2),,,,[東]相沢郁,畑佐博,,202005010311
12,7,14,スモークフリー,牡8,57,武藤雅,1:34.1,1/2,**,,,,,16-16,33.6,483.8,16,538(-4),,,,[東]戸田博文,社台レースホース,,202005010311
13,6,12,リカビトス,牝6,55,北村宏司,1:34.2,クビ,**,,,,,13-13,34.0,29.1,8,444(+12),,,,[東]奥村武,キャロットファーム,,202005010311
14,4,7,エクレアスパークル,牡6,57,内田博幸,1:34.4,1.1/4,**,,,,,13-13,34.2,157.5,13,468(+2),,,,[東]大和田成,李柱坤,,202005010311
15,5,9,チャンピオンルパン,牡9,57,横山和生,1:34.6,1.1/4,**,,,,,9-7,34.9,82.6,11,510(-4),,,,[東]勢司和浩,坪野谷和平,,202005010311
16,3,6,ルグランパントル,セ8,57,野中悠太,1:35.0,2.1/2,**,,,,,10-10,35.1,465.8,15,480(-10),,,,[東]稲垣幸雄,ノルマンディーサラブレッドレーシング,,202005010311
1,1,1,サンチェサピーク,牡6,57,Ｍ．デム,1:37.1,,**,,,,,4-4,37.1,7.7,4,528(+2),,,,[東]加藤征弘,加藤ステーブル,"1,100.0",202005010312
2,8,15,セイヴァリアント,牡4,57,吉田豊,1:37.3,1.1/4,**,,,,,13-13,36.6,4.0,1,498(+2),,,,[東]中川公成,金田成基,440.0,202005010312
3,3,4,テイエムグッドマン,牡6,57,横山典弘,1:37.3,アタマ,**,,,,,7-6,37.2,21.9,9,498(+16),,,,[西]武英智,竹園正繼,280.0,202005010312
4,2,3,エンドーツダ,牝4,55,岩部純二,1:37.3,アタマ,**,,,,,14-14,36.4,17.8,8,450(-4),,,,[東]萱野浩二,望月雅博,170.0,202005010312
5,5,8,シャドウセッション,牡4,57,ミナリク,1:37.3,ハナ,**,,,,,11-11,36.7,4.3,2,522(-2),,,,[東]鹿戸雄一,飯塚知一,110.0,202005010312
6,7,12,トーセンヴィータ,牡5,57,武藤雅,1:38.1,5,**,,,,,2-2,38.4,15.8,5,540(+2),,,,[東]古賀慎明,島川隆哉,,202005010312
7,7,13,キタサンタイドー,牡5,57,田中勝春,1:38.1,アタマ,**,,,,,8-9,37.7,17.2,7,514(+4),,,,[西]清水久詞,大野商事,,202005010312
8,6,11,イッツリット,牡4,57,田辺裕信,1:38.1,クビ,**,,,,,2-2,38.4,35.8,11,496(+16),,,,[東]和田正一,ノースヒルズ,,202005010312
9,3,5,スパイスマジック,セ5,57,大野拓弥,1:38.2,1/2,**,,,,,8-6,38.0,23.3,10,488(+18),,,,[東]杉浦宏昭,社台レースホース,,202005010312
10,6,10,オンザウェイ,牡4,57,津村明秀,1:38.3,3/4,**,,,,,11-11,37.8,69.5,14,528(0),,,,[東]大和田成,久保田定,,202005010312
11,8,14,リープリングスター,セ4,57,ルメール,1:38.4,クビ,**,,,,,8-9,38.0,4.7,3,554(+14),,,,[東]木村哲也,保坂和孝,,202005010312
12,2,2,サニークラウド,牡4,57,石橋脩,1:38.7,2,**,,,,,15-15,37.7,36.0,12,496(+4),,,,[東]牧光二,高嶋祐子,,202005010312
13,4,7,グランサム,セ5,57,北村宏司,1:38.9,1,**,,,,,6-6,38.8,42.7,13,470(+6),,,,[東]古賀慎明,キャロットファーム,,202005010312
14,5,9,アポロマーキュリー,牝6,55,丸山元気,1:39.3,2.1/2,**,,,,,4-4,39.4,75.7,15,470(-8),,,,[東]鈴木伸尋,アポロサラブレッドクラブ,,202005010312
15,4,6,スズカアーチスト,牝5,53,木幡育也,1:39.4,クビ,**,,,,,1-1,39.8,16.2,6,470(-4),,,,[東]伊藤圭三,永井啓弍,,202005010312
1,7,14,ペルシャンジュエル,牝3,54,Ｍ．デム,1:26.9,,**,,,,,10-7,37.1,3.2,2,436(-4),,,,[東]金成貴史,深澤朝房,510.0,202005010401
2,5,9,セルフィー,牝3,54,ルメール,1:27.0,3/4,**,,,,,3-3,37.7,2.1,1,454(-6),,,,[東]藤沢和雄,フクキタル,200.0,202005010401
3,4,7,トリッチトラッチ,牝3,54,田辺裕信,1:27.3,1.3/4,**,,,,,13-11,37.3,5.8,3,420(-6),,,,[東]伊藤圭三,ライオンレースホース,130.0,202005010401
4,1,1,ユールファーナ,牝3,54,丸山元気,1:27.8,3,**,,,,,7-7,38.1,18.0,5,416(-6),,,,[東]和田勇介,キャロットファーム,77.0,202005010401
5,6,12,クロキシ,牝3,54,木幡巧也,1:28.0,1,**,,,,,13-14,37.7,359.8,15,406(0),,,,[東]和田雄二,門野重雄,51.0,202005010401
6,3,6,モノポリーアイズ,牝3,54,横山典弘,1:28.2,1.1/4,**,,,,,7-7,38.4,12.5,4,440(+6),,,,[東]武井亮,吉田照哉,,202005010401
7,8,16,パーティネント,牝3,54,津村明秀,1:28.4,1.1/4,**,,,,,4-4,38.9,22.2,6,470(+6),,,,[東]岩戸孝樹,ゴドルフィン,,202005010401
8,3,5,ジニアテソーロ,牝3,54,武藤雅,1:28.7,1.3/4,**,,,,,1-1,40.0,91.2,12,462(+10),,,,[東]奥平雅士,了徳寺健二ホールディングス,,202005010401
9,1,2,カンタベリーアロマ,牝3,54,武士沢友,1:28.7,アタマ,**,,,,,10-11,38.7,178.6,14,426(-2),,,,[東]星野忍,峰哲馬,,202005010401
10,2,3,タイセイプルミエ,牝3,54,ミナリク,1:28.7,ハナ,**,,,,,13-14,38.4,38.6,8,464(-6),,,,[東]青木孝文,田中成奉,,202005010401
11,4,8,ラッキービープラン,牝3,54,伊藤工真,1:28.7,クビ,**,,,,,7-7,38.9,56.9,9,474(0),,,,[東]宗像義忠,薗部博之,,202005010401
12,6,11,ヴィエリチカ,牝3,54,石川裕紀,1:28.8,クビ,**,,,,,10-11,38.8,69.9,10,442(-10),,,,[東]相沢郁,畑佐博,,202005010401
13,2,4,カスミ,牝3,53,菊沢一樹,1:29.2,2.1/2,**,,,,,4-4,39.8,70.7,11,466(-6),,,,[東]松山将樹,ノルマンディーサラブレッドレーシング,,202005010401
14,7,13,ハヤブサピアーノ,牝3,54,大野拓弥,1:30.4,7,**,,,,,4-4,40.9,27.5,7,460(+2),,,,[東]高柳瑞樹,武田修,,202005010401
15,5,10,ララスカート,牝3,54,内田博幸,1:30.8,2.1/2,**,,,,,16-16,39.1,683.7,16,414(-6),,,,[東]田中剛,松村真司,,202005010401
16,8,15,ナックローズ,牝3,52,木幡育也,1:31.4,4,**,,,,,2-2,42.3,170.0,13,416(+6),,,,[東]杉浦宏昭,小松欣也,,202005010401
1,2,3,トラモント,牡3,56,ミナリク,2:15.0,,**,,,,,15-11-11-8,36.6,2.4,1,502(-16),,,,[東]新開幸一,シルクレーシング,510.0,202005010402
2,5,9,レオファイナリスト,牡3,56,木幡巧也,2:15.3,2,**,,,,,5-5-4-4,37.6,8.1,4,476(-4),,,,[東]牧光二,レオ,200.0,202005010402
3,3,4,ロドルフォブレイン,牡3,56,石橋脩,2:15.8,3,**,,,,,9-8-2-2,38.3,8.3,5,530(-10),,,,[東]尾関知人,エンジェルレーシング,130.0,202005010402
4,8,14,トーセンワンダー,牡3,56,吉田豊,2:16.1,2,**,,,,,7-8-4-3,38.5,4.1,2,512(+8),,,,[東]古賀史生,島川隆哉,77.0,202005010402
5,7,12,キークラウン,牡3,55,野中悠太,2:16.4,1.3/4,**,,,,,11-10-9-6,38.2,11.4,6,494(-4),,,,[東]黒岩陽一,北前孔一郎,51.0,202005010402
6,6,11,ハイテイブルース,牡3,54,木幡育也,2:16.4,アタマ,**,,,,,10-11-11-12,37.3,41.3,8,476(+2),,,,[東]田島俊明,中地賢次郎,,202005010402
7,2,2,マルターズデセオ,牡3,56,武藤雅,2:17.6,7,**,,,,,7-6-7-8,39.1,17.5,7,484(-2),,,,[東]手塚貴久,藤田在子,,202005010402
8,6,10,アルコンシチー,牡3,56,石川裕紀,2:17.7,1/2,**,,,,,3-3-2-4,39.9,45.7,10,460(0),,,,[東]相沢郁,友駿ホースクラブ,,202005010402
9,3,5,カラヤン,牡3,56,武士沢友,2:17.8,クビ,**,,,,,11-14-13-10,39.1,43.1,9,476(-8),,,,[東]小桧山悟,三岡陽,,202005010402
10,7,13,セイリングバリュー,牝3,54,津村明秀,2:17.9,1/2,**,,,,,1-2-1-1,40.5,7.6,3,502(-2),,,,[東]鈴木伸尋,吉田照哉,,202005010402
11,4,7,サバイバルボス,牡3,56,井上敏樹,2:18.0,3/4,**,,,,,3-3-4-7,39.7,169.8,12,494(-12),,,,[東]和田雄二,福田光博,,202005010402
12,5,8,メイショウフガク,牡3,55,菊沢一樹,2:18.4,2.1/2,**,,,,,11-14-13-14,39.0,246.1,13,464(-6),,,,[東]和田勇介,松本好雄,,202005010402
13,1,1,ファナティックエロ,牡3,56,横山和生,2:18.5,クビ,**,,,,,11-11-9-10,39.7,168.4,11,494(-8),,,,[東]奥村武,ラ・メール,,202005010402
14,8,15,ムービングブレイド,牡3,56,宮崎北斗,2:22.4,大,**,,,,,5-6-15-15,42.0,444.4,15,490(-4),,,,[東]高橋祥泰,山上和良,,202005010402
15,4,6,ソリスト,牡3,56,江田照男,2:22.4,クビ,**,,,,,2-1-7-13,43.2,272.2,14,472(-2),,,,[東]佐藤吉勝,スピードファーム,,202005010402
1,8,16,バルサミックムーン,牡3,56,吉田豊,1:40.1,,**,,,,,7-7,36.6,19.3,7,510(0),,,,[東]武藤善則,高橋文男,600.0,202005010403
2,5,9,キャッツアイ,牝3,54,岩田康誠,1:40.8,4,**,,,,,1-1,38.0,5.9,3,470(0),,,,[西]小崎憲,広尾レース,240.0,202005010403
3,2,3,ペンタグラム,牡3,56,田辺裕信,1:41.6,5,**,,,,,4-4,38.5,5.2,2,464(0),,,,[東]栗田徹,社台レースホース,150.0,202005010403
4,4,8,レハール,牡3,56,横山和生,1:41.8,1.1/4,**,,,,,2-2,38.8,48.9,11,430(0),,,,[東]勢司和浩,木村廣太,90.0,202005010403
5,7,13,ティケイプルメリア,牝3,54,Ｍ．デム,1:42.2,2.1/2,**,,,,,7-8,38.5,6.5,4,438(0),,,,[東]林徹,田畑勝彦,60.0,202005010403
6,2,4,ファイティング,牡3,56,江田照男,1:42.5,1.3/4,**,,,,,5-4,39.3,3.0,1,488(0),,,,[東]石毛善彦,田畑利彦,,202005010403
7,6,11,ラブエスポー,牝3,54,伊藤工真,1:42.5,アタマ,**,,,,,12-11,37.9,13.9,6,466(0),,,,[東]蛯名利弘,増田陽一,,202005010403
8,3,6,マッチザハッチ,牡3,56,ミナリク,1:42.6,1/2,**,,,,,9-9,38.4,21.3,8,478(0),,,,[東]萩原清,金子真人ホールディングス,,202005010403
9,3,5,ジョインザフロウ,牝3,54,丸山元気,1:43.1,3,**,,,,,12-11,38.4,10.5,5,498(0),,,,[東]奥村武,シルクレーシング,,202005010403
10,8,15,アシャカトライミー,牡3,56,田中勝春,1:43.5,2.1/2,**,,,,,5-4,40.4,29.5,10,494(0),,,,[東]加藤和宏,吉冨学,,202005010403
11,6,12,ヒスイクロシェット,牝3,54,武藤雅,1:44.0,3,**,,,,,11-10,39.6,59.4,12,412(0),,,,[東]相沢郁,吉井理人,,202005010403
12,1,2,ワンダーサーイター,牡3,56,菅原隆一,1:44.1,1/2,**,,,,,15-15,38.3,100.4,14,456(0),,,,[東]畠山吉宏,山本能成,,202005010403
13,5,10,ドナラフィナート,牝3,54,松田大作,1:44.5,2.1/2,**,,,,,2-2,41.5,116.3,15,402(0),,,,[東]高木登,山田貢一,,202005010403
14,1,1,ハロータイム,牡3,56,大庭和弥,1:44.9,2.1/2,**,,,,,12-14,39.7,96.8,13,488(0),,,,[東]高橋文雅,西城公雄,,202005010403
15,4,7,レイルチル,牡3,56,岩部純二,1:44.9,クビ,**,,,,,15-16,38.8,135.3,16,466(0),,,,[東]南田美知,上田忠男,,202005010403
16,7,14,オオカネヒラ,牡3,55,野中悠太,1:45.0,クビ,**,,,,,10-13,40.0,28.2,9,528(0),,,,[西]中竹和也,山口裕介,,202005010403
1,8,16,ホウオウクリスティ,牝4,55,津村明秀,1:38.3,,**,,,,,9-7,36.8,17.9,6,482(+16),,,,[東]池上昌和,小笹芳央,760.0,202005010404
2,7,14,シングシングシング,牝5,55,武藤雅,1:38.4,3/4,**,,,,,2-2,37.6,4.9,2,480(+6),,,,[東]伊藤大士,グリーンファーム,300.0,202005010404
3,7,13,グロリアーナ,牝4,55,ルメール,1:38.4,クビ,**,,,,,4-4,37.4,1.8,1,504(-12),,,,[東]木村哲也,サンデーレーシング,190.0,202005010404
4,5,9,ウエスタンマリーヤ,牝5,55,横山和生,1:38.9,3,**,,,,,6-6,37.6,205.1,13,482(-6),,,,[東]小野次郎,西川賢,110.0,202005010404
5,6,11,ハンドリー,牝5,55,ミナリク,1:39.1,1.1/2,**,,,,,11-9,37.4,31.0,7,464(+7),,,,[東]青木孝文,大倉佑介,76.0,202005010404
6,3,6,コンスタンティナ,牝4,55,Ｍ．デム,1:39.2,クビ,**,,,,,14-9,37.4,6.1,3,506(+24),,,,[東]中野栄治,山本三津子,,202005010404
7,3,5,ゴムマリ,牝5,55,吉田豊,1:39.2,ハナ,**,,,,,16-16,37.1,147.0,11,492(+2),,,,[東]浅野洋一,田頭勇貴,,202005010404
8,8,15,クロスパール,牝4,55,丸山元気,1:39.4,1.1/4,**,,,,,10-9,37.7,17.5,5,448(+6),,,,[東]勢司和浩,キャロットファーム,,202005010404
9,4,7,チビラーサン,牝4,55,田辺裕信,1:39.5,1/2,**,,,,,11-9,37.8,8.8,4,438(+2),,,,[東]中舘英二,瀬谷隆雄,,202005010404
10,2,4,カッチョエペペ,牝4,55,木幡巧也,1:39.6,1/2,**,,,,,4-4,38.6,33.8,8,446(+2),,,,[東]牧光二,平田修,,202005010404
11,2,3,アヴォンリー,牝4,55,江田照男,1:40.2,3.1/2,**,,,,,8-7,38.7,116.6,10,472(+10),,,,[東]竹内正洋,田中準市,,202005010404
12,5,10,ブーケオブジュエル,牝4,55,大野拓弥,1:40.2,アタマ,**,,,,,2-2,39.5,48.8,9,484(+4),,,,[東]加藤士津,社台レースホース,,202005010404
13,6,12,スターリバー,牝5,55,武士沢友,1:40.8,3.1/2,**,,,,,13-14,38.8,491.0,16,478(+18),,,,[東]星野忍,田頭勇貴,,202005010404
14,1,1,ケイツーシリング,牝5,54,菊沢一樹,1:40.9,3/4,**,,,,,14-14,38.9,420.0,15,414(+2),,,,[東]深山雅史,楠本勝美,,202005010404
15,4,8,マーヴェラスクイン,牝4,55,内田博幸,1:42.0,7,**,,,,,1-1,41.4,164.3,12,422(+4),,,,[東]古賀慎明,山本又一郎,,202005010404
16,1,2,ガビーズメモリー,牝4,55,柴田善臣,1:42.7,4,**,,,,,6-9,40.9,216.5,14,492(+2),,,,[東]藤原辰雄,長島和彦,,202005010404
1,3,6,オシリスブレイン,牡3,56,大野拓弥,1:35.1,,**,,,,,2-2,33.7,2.2,1,492(+2),,,,[東]田村康仁,エンジェルレーシング,510.0,202005010405
2,3,5,ツルネ,牝3,54,吉田豊,1:35.2,3/4,**,,,,,3-4,33.5,8.9,3,478(-2),,,,[東]高橋文雅,吉井理人,200.0,202005010405
3,2,3,シネマトグラフ,牝3,54,ルメール,1:35.4,1.1/2,**,,,,,1-1,34.1,3.3,2,456(-2),,,,[東]奥村武,江馬由将,130.0,202005010405
4,8,15,グランエクセレント,牡3,56,田辺裕信,1:35.6,1,**,,,,,8-7,33.6,13.3,5,512(0),,,,[東]石毛善彦,田畑利彦,77.0,202005010405
5,1,2,プラットフォーマー,牝3,54,津村明秀,1:35.8,1.1/4,**,,,,,7-7,33.9,23.4,7,448(+10),,,,[東]矢野英一,青山洋一,51.0,202005010405
6,7,14,シチリアフレイバー,牡3,56,福永祐一,1:35.9,3/4,**,,,,,6-4,34.1,9.8,4,472(+4),,,,[東]久保田貴,尾田信夫,,202005010405
7,1,1,ネバーランド,牡3,56,木幡巧也,1:36.2,2,**,,,,,3-4,34.5,163.5,12,430(+2),,,,[東]岩戸孝樹,田頭勇貴,,202005010405
8,6,12,マイネルアルモニコ,牡3,55,野中悠太,1:36.4,1.1/4,**,,,,,11-11,34.2,337.7,15,422(-12),,,,[東]鹿戸雄一,サラブレッドクラブ・ラフィアン,,202005010405
9,6,11,ハクサンフルリール,牡3,56,武藤雅,1:36.5,クビ,**,,,,,11-11,34.3,83.0,11,446(+6),,,,[東]武藤善則,河崎五市,,202005010405
10,5,10,ロッソビアンコ,牝3,54,柴田善臣,1:36.6,3/4,**,,,,,13-13,34.2,34.3,9,432(+2),,,,[東]鹿戸雄一,平田修,,202005010405
11,8,16,リベリアスハート,牡3,56,岩田康誠,1:36.7,3/4,**,,,,,8-7,34.7,197.1,13,450(-4),,,,[東]上原博之,ノルマンディーサラブレッドレーシング,,202005010405
12,2,4,インテリジェンス,牝3,54,石橋脩,1:36.8,1/2,**,,,,,15-14,34.3,15.6,6,450(0),,,,[東]菊沢隆徳,近藤英子,,202005010405
13,4,8,アエローザ,牝3,54,ミナリク,1:36.8,ハナ,**,,,,,16-16,34.0,34.1,8,428(0),,,,[東]池上昌和,ゴドルフィン,,202005010405
14,4,7,オウケンアマゾネス,牝3,54,北村宏司,1:36.8,ハナ,**,,,,,3-3,35.2,265.8,14,428(0),,,,[東]和田勇介,福井明,,202005010405
15,7,13,アイシーブルー,牡3,54,木幡育也,1:36.9,3/4,**,,,,,14-14,34.4,541.6,16,444(+18),,,,[東]田村康仁,ディアレストクラブ,,202005010405
16,5,9,スカイテラス,牡3,56,フォーリ,1:37.2,2,**,,,,,10-10,35.1,71.6,10,464(+12),,,,[東]和田正一,スピードファーム,,202005010405
1,8,16,アクロアイト,牝3,54,丸山元気,1:49.5,,**,,,,,3-3-3,34.3,15.8,6,482(0),,,,[東]大竹正博,キャロットファーム,600.0,202005010406
2,3,6,レヴィオーサ,牡3,56,岩田康誠,1:49.5,クビ,**,,,,,5-5-5,34.0,4.2,2,454(0),,,,[西]友道康夫,佐々木主浩,240.0,202005010406
3,2,4,ラパンセソバージュ,牡3,56,Ｍ．デム,1:49.6,1/2,**,,,,,4-3-3,34.3,11.2,5,452(0),,,,[東]大竹正博,酒井牧場,150.0,202005010406
4,6,11,トーホウラデン,牡3,56,福永祐一,1:49.7,1/2,**,,,,,11-10-8,33.9,4.7,3,494(0),,,,[西]高橋亮,東豊物産,90.0,202005010406
5,1,2,マカレナダンス,牡3,56,大野拓弥,1:49.7,クビ,**,,,,,1-1-1,34.8,111.6,10,474(0),,,,[東]鈴木伸尋,ニューワールドレーシング,60.0,202005010406
6,4,7,ロードウィリアム,牡3,56,内田博幸,1:49.8,クビ,**,,,,,8-5-5,34.2,37.2,8,442(0),,,,[東]高柳瑞樹,ロードホースクラブ,,202005010406
7,6,12,ペイシャフラッシュ,牡3,56,武士沢友,1:50.4,3.1/2,**,,,,,5-7-7,34.7,166.4,13,486(0),,,,[東]高橋裕,北所直人,,202005010406
8,5,10,ストロマンテ,牡3,56,北村宏司,1:50.6,1.1/4,**,,,,,14-15-15,34.0,192.4,14,456(0),,,,[東]国枝栄,嶋田賢,,202005010406
9,7,14,ストラテジーマップ,牡3,56,横山典弘,1:50.8,1.1/2,**,,,,,8-10-8,34.9,6.3,4,498(0),,,,[東]菊沢隆徳,社台レースホース,,202005010406
10,8,15,コスモヒビキ,牡3,54,津村明秀,1:50.9,1/2,**,,,,,2-2-2,35.9,122.9,11,460(0),,,,[東]宗像義忠,岡田繁幸,,202005010406
11,1,1,デルマダイヤモンド,牡3,56,武藤雅,1:51.0,3/4,**,,,,,11-7-8,35.2,28.9,7,450(0),,,,[東]戸田博文,浅沼廣幸,,202005010406
12,7,13,ヴェルズネイ,牝3,54,ルメール,1:51.1,クビ,**,,,,,11-12-13,34.8,2.6,1,432(0),,,,[東]堀宣行,社台レースホース,,202005010406
13,5,9,ミキノルミナス,牡3,56,宮崎北斗,1:51.4,2,**,,,,,14-12-12,35.3,156.7,12,488(0),,,,[東]南田美知,谷口久和,,202005010406
14,4,8,ピオニーテソーロ,牝3,53,野中悠太,1:51.6,1,**,,,,,10-12-13,35.3,91.2,9,412(0),,,,[東]金成貴史,了徳寺健二ホールディングス,,202005010406
15,3,5,キッチンドリンカー,牝3,52,木幡育也,1:52.3,4,**,,,,,7-7-8,36.5,271.9,16,416(0),,,,[東]本間忍,寳寄山拓樹,,202005010406
16,2,3,モンジベロ,牡3,56,田中勝春,1:54.6,大,**,,,,,16-16-16,36.2,214.5,15,452(0),,,,[東]加藤和宏,手嶋康雄,,202005010406
1,2,2,ハーツイストワール,牡4,56,田辺裕信,2:25.4,,**,,,,,3-3-4-4,34.3,6.2,4,482(-2),,,,[東]国枝栄,嶋田賢,760.0,202005010407
2,8,12,スマイル,牡4,56,Ｍ．デム,2:25.6,1.1/4,**,,,,,5-3-4-4,34.6,4.1,2,526(+4),,,,[東]堀宣行,石川達絵,300.0,202005010407
3,3,3,ピンシェル,牡4,56,吉田豊,2:26.3,4,**,,,,,1-1-2-2,35.5,4.5,3,528(+12),,,,[東]高橋文雅,岩崎伸道,190.0,202005010407
4,8,11,アルスラーン,牡5,57,北村宏司,2:26.5,1.1/4,**,,,,,4-5-6-6,35.3,42.8,9,506(+8),,,,[東]小西一男,小泉修,110.0,202005010407
5,7,9,レオビヨンド,牡4,56,ルメール,2:26.8,2,**,,,,,7-5-6-6,35.6,3.0,1,480(+4),,,,[西]高柳大輔,レオ,76.0,202005010407
6,5,5,ハンターバレー,牡4,56,田中勝春,2:27.1,1.3/4,**,,,,,7-5-9-9,35.4,34.4,7,496(+16),,,,[東]宗像義忠,村木隆,,202005010407
7,6,8,ハギノアップロード,牡4,56,福永祐一,2:27.3,1.1/4,**,,,,,10-9-11-11,35.2,17.4,6,490(-2),,,,[西]松田国英,日隈良江,,202005010407
8,1,1,インフルエンサー,牡6,55,木幡育也,2:27.8,3,**,,,,,5-5-8-8,36.4,90.3,11,448(+14),,,,[東]深山雅史,中西功,,202005010407
9,5,6,ラヴィアンレーヴ,牡4,56,丸山元気,2:27.8,クビ,**,,,,,12-9-1-1,37.2,7.6,5,448(+2),,,,[東]田村康仁,キャロットファーム,,202005010407
10,6,7,アイスブラスト,牡4,56,武藤雅,2:28.9,7,**,,,,,2-2-2-2,38.1,35.9,8,498(+8),,,,[東]戸田博文,ＤＭＭドリームクラブ,,202005010407
11,7,10,ベルゲンハーバー,牡4,56,岩田康誠,2:30.1,7,**,,,,,10-9-9-10,38.1,240.7,12,464(-2),,,,[東]斎藤誠,林正道,,202005010407
中,4,4,クリノクーニング,牡5,57,横山典弘,,,**,,,,,9-9-12-12,,46.7,10,452(0),,,,[東]伊藤伸一,栗本博晴,,202005010407
1,1,2,フィルムフランセ,牝6,55,岩田康誠,1:18.3,,**,,,,,6-6,35.7,8.4,6,492(0),,,,[西]牧浦充徳,吉田照哉,"1,100.0",202005010408
2,5,9,ニシノコトダマ,牡4,57,石川裕紀,1:18.3,クビ,**,,,,,4-4,36.0,8.5,7,516(+6),,,,[東]手塚貴久,西山茂行,440.0,202005010408
3,6,12,オルクリスト,牡4,57,横山典弘,1:18.7,2.1/2,**,,,,,15-16,34.8,6.2,3,492(+6),,,,[東]杉浦宏昭,日進牧場,280.0,202005010408
4,2,3,ペイシャボム,牡6,57,柴田善臣,1:19.0,1.1/2,**,,,,,2-2,37.8,15.2,8,498(+14),,,,[東]本間忍,北所直人,170.0,202005010408
5,6,11,プロトイチバンボシ,牡4,57,内田博幸,1:19.1,1/2,**,,,,,9-8,36.1,26.4,10,510(0),,,,[東]浅野洋一,飯田真也,110.0,202005010408
6,5,10,フレッシビレ,牝5,55,横山和生,1:19.1,クビ,**,,,,,9-8,36.1,145.5,14,516(-2),,,,[東]藤原辰雄,グランド牧場,,202005010408
7,8,16,ウメタロウ,牡5,57,江田照男,1:19.2,クビ,**,,,,,12-13,35.8,7.6,4,504(+4),,,,[東]伊藤大士,ミルファーム,,202005010408
8,7,14,シャインサンデー,牝6,55,大野拓弥,1:19.4,1,**,,,,,4-4,37.0,21.0,9,422(+2),,,,[東]加藤征弘,森保彦,,202005010408
9,4,7,ハイアーグラウンド,セ6,57,ミナリク,1:19.6,1.1/4,**,,,,,6-6,36.9,43.4,12,512(+4),,,,[東]大和田成,小村アセットＭ,,202005010408
10,3,5,カシノブレンド,セ4,57,Ｍ．デム,1:19.6,クビ,**,,,,,14-14,35.9,5.4,2,448(0),,,,[東]蛯名利弘,柏木務,,202005010408
11,1,1,ステラルーチェ,牡8,57,武士沢友,1:19.7,3/4,**,,,,,3-3,37.9,199.7,15,492(+2),,,,[東]蛯名利弘,池田草龍,,202005010408
12,8,15,デルマカシャーサ,牝5,53,木幡育也,1:19.8,1/2,**,,,,,8-8,36.8,259.5,16,468(+8),,,,[東]田中博康,浅沼廣幸,,202005010408
13,4,8,ラインギャラント,牝5,55,武藤雅,1:20.1,2,**,,,,,15-14,36.5,42.8,11,456(+4),,,,[東]水野貴広,大澤繁昌,,202005010408
14,2,4,フォーティプリンス,牡6,57,丸山元気,1:20.2,クビ,**,,,,,12-11,37.0,136.0,13,484(0),,,,[東]小西一男,ホースアディクト,,202005010408
15,7,13,パイロジェン,牡4,57,田辺裕信,1:20.5,1.3/4,**,,,,,9-11,37.3,7.8,5,458(0),,,,[東]伊藤圭三,ゴドルフィン,,202005010408
16,3,6,ジュンパッション,牡5,57,津村明秀,1:20.8,1.3/4,**,,,,,1-1,39.9,5.2,1,480(+2),,,,[東]高柳瑞樹,河合純二,,202005010408
1,1,1,リリーピュアハート,牝3,54,福永祐一,2:27.0,,**,,,,,5-5-6-7,34.2,3.4,2,438(+8),,,,[西]藤原英昭,社台レースホース,"1,028.9",202005010409
2,6,6,ヴォリアーモ,牝3,54,ルメール,2:27.3,1.3/4,**,,,,,7-7-6-6,34.6,3.1,1,460(+8),,,,[東]木村哲也,サンデーレーシング,405.4,202005010409
3,8,8,サトノシャローム,牡3,56,Ｍ．デム,2:27.3,ハナ,**,,,,,2-2-1-1,35.0,4.6,3,504(0),,,,[西]池江泰寿,サトミホースカンパニー,252.7,202005010409
4,8,9,ルトロヴァイユ,牝3,54,吉田豊,2:27.4,3/4,**,,,,,5-5-5-3,34.9,29.4,8,466(-4),,,,[東]竹内正洋,古川一弘,150.0,202005010409
5,7,7,アルサトワ,牡3,56,フォーリ,2:27.5,3/4,**,,,,,1-1-3-3,35.0,6.1,4,506(-6),,,,[西]斉藤崇史,ゴドルフィン,101.0,202005010409
6,4,4,ハギノエスペラント,牡3,56,ミナリク,2:27.5,ハナ,**,,,,,3-3-2-2,35.1,32.1,9,478(+6),,,,[西]松田国英,日隈良江,,202005010409
7,2,2,クロスザルビコン,牡3,56,田辺裕信,2:27.7,1.1/4,**,,,,,8-8-8-7,34.8,16.3,7,434(-10),,,,[東]大和田成,小村アセットＭ,,202005010409
8,3,3,ローレリスト,牡3,56,横山典弘,2:28.6,5,**,,,,,9-9-9-9,35.4,15.3,6,454(-6),,,,[東]中川公成,多田賢司,,202005010409
9,5,5,ヴィズサクセス,牡3,56,北村宏司,2:30.1,9,**,,,,,3-3-4-3,37.6,13.7,5,458(0),,,,[東]手塚貴久,嶋田賢,,202005010409
1,1,1,フォギーナイト,牡6,54,ルメール,1:36.3,,**,,,,,7-8,35.9,4.0,2,496(-8),,,,[東]堀宣行,金子真人ホールディングス,"1,854.3",202005010410
2,6,12,マッスルビーチ,牡4,55,福永祐一,1:36.4,1/2,**,,,,,12-12,35.6,3.8,1,468(+14),,,,[西]鈴木孝志,岡浩二,739.8,202005010410
3,3,5,ヴァイトブリック,牡4,55,丸山元気,1:36.6,1.1/4,**,,,,,5-4,36.4,17.5,8,508(+10),,,,[東]和田正一,キャロットファーム,464.9,202005010410
4,7,14,デターミネーション,牡4,55,フォーリ,1:36.8,1.1/4,**,,,,,2-2,36.9,6.0,3,476(+12),,,,[西]小崎憲,サンデーレーシング,270.0,202005010410
5,8,16,バーンフライ,牡5,55,野中悠太,1:37.0,1.1/4,**,,,,,9-9,36.4,23.7,9,492(0),,,,[西]矢作芳人,ノースヒルズ,182.0,202005010410
6,6,11,トワイライトタイム,牡5,55,岩田康誠,1:37.0,クビ,**,,,,,7-6,36.7,17.0,7,468(+4),,,,[西]五十嵐忠,三田昌宏,,202005010410
7,5,10,ハーグリーブス,牡5,54,大野拓弥,1:37.1,クビ,**,,,,,9-9,36.4,25.0,10,510(-2),,,,[東]尾関知人,水上ふじ子,,202005010410
8,8,15,ビービーガウディ,牡6,54,柴田善臣,1:37.1,ハナ,**,,,,,15-15,36.1,123.7,15,484(0),,,,[東]久保田貴,坂東牧場,,202005010410
9,4,7,カレンガリアード,牡5,54,津村明秀,1:37.1,ハナ,**,,,,,1-1,37.4,36.5,11,468(+4),,,,[西]安田翔伍,鈴木隆司,,202005010410
10,3,6,フィールザファラオ,牡5,54,北村宏司,1:37.3,1,**,,,,,12-12,36.5,11.8,6,466(0),,,,[東]岩戸孝樹,櫻井正,,202005010410
11,1,2,マリオ,牡5,54,石橋脩,1:37.3,アタマ,**,,,,,5-6,37.0,10.9,5,498(-6),,,,[西]安達昭夫,サン,,202005010410
12,2,3,バンブトンハート,牝4,52,田中勝春,1:37.3,クビ,**,,,,,16-16,36.1,7.7,4,506(0),,,,[東]粕谷昌央,樋口正蔵,,202005010410
13,2,4,エネスク,牡7,54,内田博幸,1:37.4,3/4,**,,,,,9-9,36.8,67.6,12,522(+2),,,,[西]山内研二,節英司,,202005010410
14,4,8,デンバーテソーロ,牝4,53,木幡巧也,1:38.0,3.1/2,**,,,,,3-4,37.8,81.2,13,464(+8),,,,[東]栗田徹,了徳寺健二ホールディングス,,202005010410
15,7,13,セイウンクールガイ,牡5,54,武藤雅,1:38.1,1/2,**,,,,,3-2,38.2,90.8,14,458(+6),,,,[東]奥平雅士,西山茂行,,202005010410
16,5,9,メガオパールカフェ,牡9,52,吉田豊,1:38.9,5,**,,,,,12-12,38.1,254.8,16,548(+6),,,,[東]和田勇介,西川光一,,202005010410
1,1,1,プリモシーン,牝5,56,Ｍ．デム,1:33.0,,**,,,,,6-6,33.6,7.8,4,504(+8),,,,[東]木村哲也,シルクレーシング,"3,956.7",202005010411
2,6,12,シャドウディーヴァ,牝4,54,岩田康誠,1:33.1,1/2,**,,,,,12-11,33.3,14.2,6,470(-4),,,,[東]斎藤誠,スリーエイチレーシング,"1,616.2",202005010411
3,7,13,クリノガウディー,牡4,56,横山典弘,1:33.1,ハナ,**,,,,,4-4,33.9,8.7,5,496(+8),,,,[西]藤沢則雄,栗本博晴,988.1,202005010411
4,3,5,サトノアーサー,牡6,56,田辺裕信,1:33.2,1/2,**,,,,,4-4,34.0,7.7,3,494(+10),,,,[西]池江泰寿,サトミホースカンパニー,590.0,202005010411
5,2,4,クルーガー,牡8,57,フォーリ,1:33.2,ハナ,**,,,,,2-2,34.3,84.1,12,528(0),,,,[西]高野友和,キャロットファーム,390.0,202005010411
6,1,2,ヴァンドギャルド,牡4,56,福永祐一,1:33.2,クビ,**,,,,,8-8,33.6,3.8,2,476(0),,,,[西]藤原英昭,社台レースホース,,202005010411
7,4,8,スウィングビート,牡5,56,大野拓弥,1:33.4,1.1/2,**,,,,,8-8,33.8,177.1,14,490(-4),,,,[東]加藤征弘,社台レースホース,,202005010411
8,3,6,レイエンダ,牡5,57,丸山元気,1:33.5,1/2,**,,,,,3-2,34.6,17.4,7,496(+12),,,,[東]藤沢和雄,キャロットファーム,,202005010411
9,5,9,レッドヴェイロン,牡5,56,ルメール,1:33.5,ハナ,**,,,,,11-12,33.5,2.9,1,494(0),,,,[西]石坂正,東京ホースレーシング,,202005010411
10,5,10,ロワアブソリュー,牡7,56,吉田豊,1:33.5,アタマ,**,,,,,14-13,33.3,402.7,15,518(+6),,,,[西]須貝尚介,サンデーレーシング,,202005010411
11,8,15,ケイアイノーテック,牡5,58,津村明秀,1:33.6,クビ,**,,,,,16-15,33.2,20.9,8,474(0),,,,[西]平田修,亀田和弘,,202005010411
12,4,7,ケイデンスコール,牡4,56,石橋脩,1:33.6,ハナ,**,,,,,7-6,34.2,26.4,9,468(-6),,,,[西]安田隆行,サンデーレーシング,,202005010411
13,8,16,ドーヴァー,牡7,57,北村宏司,1:34.0,2.1/2,**,,,,,14-15,33.6,58.4,10,504(0),,,,[東]伊藤圭三,ゴドルフィン,,202005010411
14,7,14,ゴールドサーベラス,牡8,56,内田博幸,1:34.2,1,**,,,,,13-13,34.0,503.1,16,456(+10),,,,[東]清水英克,田頭勇貴,,202005010411
15,6,11,キャンベルジュニア,牡8,56,ミナリク,1:34.4,1.1/2,**,,,,,8-8,34.7,89.6,13,552(+8),,,,[東]堀宣行,吉田和美,,202005010411
16,2,3,モルフェオルフェ,牝5,54,江田照男,1:35.5,7,**,,,,,1-1,37.4,59.4,11,454(+8),,,,[東]大江原哲,並河賢一郎,,202005010411
1,4,4,ブルスクーロ,牡4,57,フォーリ,1:21.5,,**,,,,,1-1,34.2,5.3,3,518(+8),,,,[西]池添学,サンデーレーシング,"1,100.0",202005010412
2,7,11,ココフィーユ,牝4,55,岩田康誠,1:21.5,アタマ,**,,,,,3-3,33.7,14.7,6,438(+4),,,,[東]斎藤誠,スリーエイチレーシング,440.0,202005010412
3,4,5,スイーズドリームス,牡6,57,田辺裕信,1:21.7,1,**,,,,,8-6,33.4,6.4,4,504(-6),,,,[西]須貝尚介,大塚亮一,280.0,202005010412
4,6,9,フォッサマグナ,牡4,57,ルメール,1:21.8,1/2,**,,,,,2-2,34.2,2.4,1,474(-2),,,,[東]藤沢和雄,吉田和美,170.0,202005010412
5,8,13,カルリーノ,牡4,57,石橋脩,1:22.0,1.1/4,**,,,,,10-10,33.4,3.6,2,510(-6),,,,[東]高橋裕,Ｇリビエール・レーシング,110.0,202005010412
6,5,6,ヴォイスオブジョイ,牝4,55,津村明秀,1:22.1,3/4,**,,,,,10-10,33.5,13.0,5,462(+4),,,,[東]水野貴広,サラブレッドクラブ・ラフィアン,,202005010412
7,1,1,ドウディ,牡6,57,柴田善臣,1:22.5,2.1/2,**,,,,,8-6,34.3,61.1,8,490(-4),,,,[東]小野次郎,ｅ馬主組合,,202005010412
8,7,10,マイティーワークス,牝5,55,ミナリク,1:22.7,1.1/4,**,,,,,12-12,33.9,72.6,9,474(-4),,,,[東]菊川正達,中村祐子,,202005010412
9,6,8,ボールドジャパン,牡9,57,江田照男,1:22.8,1/2,**,,,,,6-6,34.6,108.7,10,520(-4),,,,[東]蛯名利弘,増田陽一,,202005010412
10,2,2,スノードーナツ,牝6,55,岩部純二,1:22.9,1/2,**,,,,,12-12,34.2,377.9,12,494(+8),,,,[東]石毛善彦,ミルファーム,,202005010412
11,5,7,ホウオウスクラム,牡5,57,大野拓弥,1:23.0,1/2,**,,,,,5-5,34.9,31.5,7,516(+2),,,,[東]奥村武,小笹芳央,,202005010412
12,3,3,スワンボート,牡10,56,菊沢一樹,1:23.2,1.1/4,**,,,,,3-4,35.3,449.9,13,494(+22),,,,[東]浅野洋一,田頭勇貴,,202005010412
13,8,12,ナイスドゥ,牝5,53,木幡育也,1:25.1,大,**,,,,,6-9,36.7,212.9,11,434(+6),,,,[東]清水英克,田畑利彦,,202005010412
1,7,14,トミケンレゲンダ,牡3,56,石橋脩,1:25.4,,**,,,,,3-3,36.6,3.2,1,468(+4),,,,[東]大和田成,冨樫賢二,510.0,202005010501
2,6,11,クロッチ,セ3,56,大野拓弥,1:26.0,3.1/2,**,,,,,2-2,37.3,7.3,5,460(+2),,,,[東]杉浦宏昭,リトルブルーファーム,200.0,202005010501
3,6,12,トーセンリズム,牡3,55,菊沢一樹,1:26.2,1.1/4,**,,,,,1-1,37.8,20.9,7,476(+12),,,,[東]深山雅史,島川隆哉,130.0,202005010501
4,5,10,チートコード,牡3,56,吉田豊,1:26.3,3/4,**,,,,,3-3,37.4,4.3,2,510(-4),,,,[東]尾関知人,明栄商事,77.0,202005010501
5,7,13,トーセンマイベスト,牡3,55,野中悠太,1:26.9,3.1/2,**,,,,,6-5,37.8,23.5,8,480(+8),,,,[東]上原博之,島川隆哉,51.0,202005010501
6,4,8,バルドダンサー,牡3,56,Ｍ．デム,1:27.0,クビ,**,,,,,6-5,37.9,5.2,3,462(+2),,,,[東]和田雄二,コスモヴューファーム,,202005010501
7,5,9,ネオトゥルー,牡3,56,津村明秀,1:27.0,クビ,**,,,,,8-8,37.7,24.4,9,480(-4),,,,[東]鈴木伸尋,西田俊二,,202005010501
8,3,5,ナックジーニアス,牡3,56,田中勝春,1:27.4,2.1/2,**,,,,,11-11,37.7,19.8,6,522(+2),,,,[東]宗像義忠,小松欣也,,202005010501
9,4,7,トーセンリヤン,牡3,56,横山和生,1:27.7,1.1/2,**,,,,,5-5,38.5,7.1,4,434(-8),,,,[東]池上昌和,島川隆哉,,202005010501
10,1,2,マクラーレンベール,牡3,56,北村宏司,1:27.7,ハナ,**,,,,,11-11,38.1,66.4,11,512(+10),,,,[東]勢司和浩,キャロットファーム,,202005010501
11,8,15,キタノフウライジン,牡3,56,木幡巧也,1:28.1,2.1/2,**,,,,,14-14,38.0,150.1,13,480(0),,,,[東]松永康利,北所直人,,202005010501
12,2,4,ヘニービュット,牡3,56,ミナリク,1:28.2,1/2,**,,,,,8-9,38.8,66.5,12,490(-6),,,,[東]池上昌和,林正道,,202005010501
13,8,16,ゼクスバンデ,牡3,56,嘉藤貴行,1:28.9,4,**,,,,,14-13,38.9,176.6,15,428(0),,,,[東]高市圭二,藤井孝治,,202005010501
14,2,3,タイムカプセル,牡3,56,菅原隆一,1:29.4,3,**,,,,,8-9,40.0,469.5,16,442(+4),,,,[東]土田稔,ミルファーム,,202005010501
15,3,6,タイダルフォース,牡3,56,フォーリ,1:29.5,1/2,**,,,,,13-14,39.4,58.5,10,452(0),,,,[東]中舘英二,キャロットファーム,,202005010501
16,1,1,シャイニーコースト,セ3,56,江田照男,1:30.6,7,**,,,,,16-16,38.3,168.3,14,472(-10),,,,[東]菊川正達,小林昌志,,202005010501
1,7,14,ダルムシュタット,牡3,56,田中勝春,2:15.6,,**,,,,,4-5-3-3,39.1,3.5,2,468(-4),,,,[東]栗田徹,村野康司,510.0,202005010502
2,7,13,メジャーブレイク,牡3,56,ルメール,2:16.0,2.1/2,**,,,,,6-5-3-4,39.4,2.4,1,530(0),,,,[東]水野貴広,吉田照哉,200.0,202005010502
3,1,2,タイタンブレイン,牡3,56,内田博幸,2:16.1,1/2,**,,,,,15-16-12-12,38.6,7.7,3,520(-18),,,,[東]奥平雅士,エンジェルレーシング,130.0,202005010502
4,2,4,ミヤビキング,牡3,55,野中悠太,2:16.2,1/2,**,,,,,1-1-1-1,39.9,59.2,8,528(+2),,,,[東]小島茂之,村上義勝,77.0,202005010502
5,1,1,サクラヴァルール,牡3,56,横山典弘,2:16.3,3/4,**,,,,,14-14-14-12,38.7,11.0,6,480(+6),,,,[東]尾関知人,さくらコマース,51.0,202005010502
6,3,5,ゲンキチボン,牡3,56,木幡巧也,2:16.4,1/2,**,,,,,9-11-10-9,39.1,71.9,9,466(-2),,,,[東]堀井雅広,荒井元明,,202005010502
7,4,7,キューブリック,牡3,56,ミナリク,2:17.6,7,**,,,,,2-2-2-2,41.2,81.9,11,518(+2),,,,[東]高柳瑞樹,キキアシ,,202005010502
8,6,11,ウインラディアント,牡3,56,フォーリ,2:17.7,1/2,**,,,,,4-3-3-4,41.1,8.9,5,548(+8),,,,[東]畠山吉宏,ウイン,,202005010502
9,6,12,クンクンクン,牝3,54,菅原隆一,2:18.1,2.1/2,**,,,,,9-12-16-15,40.1,346.5,14,436(-2),,,,[東]加藤和宏,ミルファーム,,202005010502
10,5,9,エアリアルシティー,牡3,56,岩部純二,2:18.3,1,**,,,,,9-8-8-7,41.2,315.0,13,476(+4),,,,[東]石毛善彦,ミルファーム,,202005010502
11,8,16,フリーファッション,牡3,56,嘉藤貴行,2:18.5,1.1/4,**,,,,,9-10-8-7,41.4,611.7,16,470(-6),,,,[東]佐藤吉勝,平本敏夫,,202005010502
12,3,6,ドリームロマン,牝3,54,丸山元気,2:18.7,1.1/4,**,,,,,15-14-10-9,41.4,167.0,12,468(-6),,,,[東]根本康広,平賀久枝,,202005010502
13,4,8,キールカーディナル,牡3,56,岩田康誠,2:18.8,1/2,**,,,,,8-8-12-15,40.8,24.8,7,468(0),,,,[東]田中博康,サンデーレーシング,,202005010502
14,2,3,ネイチャーローズ,牡3,56,武士沢友,2:19.6,5,**,,,,,13-13-14-14,41.8,484.8,15,464(-4),,,,[東]根本康広,井上修一,,202005010502
15,5,10,エンパイアブレイズ,牡3,56,井上敏樹,2:21.6,大,**,,,,,3-3-3-6,44.6,76.4,10,436(-6),,,,[東]田島俊明,小原準一郎,,202005010502
16,8,15,インビジブルナイツ,牡3,55,菊沢一樹,2:26.2,大,**,,,,,6-7-7-9,48.9,8.1,4,522(0),,,,[東]菊沢隆徳,ライオンレースホース,,202005010502
1,8,15,アイノア,牝3,54,津村明秀,1:38.4,,**,,,,,1-1,38.0,29.0,7,482(-4),,,,[東]青木孝文,ビッグレッドファーム,510.0,202005010503
2,5,10,サトノアレックス,牡3,56,Ｍ．デム,1:38.4,アタマ,**,,,,,7-3,37.6,2.0,1,494(+2),,,,[東]古賀慎明,サトミホースカンパニー,200.0,202005010503
3,8,16,シゲルタイタン,牡3,56,ルメール,1:38.8,2.1/2,**,,,,,2-2,38.3,4.6,2,476(0),,,,[東]伊藤圭三,森中蕃,130.0,202005010503
4,1,2,テンチシンメイ,牡3,56,石橋脩,1:39.1,2,**,,,,,10-9,37.5,21.8,6,500(-2),,,,[東]小笠倫弘,岡浩二,77.0,202005010503
5,1,1,ヒロキング,牡3,56,内田博幸,1:39.2,クビ,**,,,,,12-9,37.7,6.7,3,492(-4),,,,[東]黒岩陽一,澤田孝之,51.0,202005010503
6,3,6,トキメキナイス,牡3,56,江田照男,1:39.6,2.1/2,**,,,,,12-13,37.8,31.0,8,462(0),,,,[東]佐藤吉勝,片岡正雄,,202005010503
7,6,12,セイユメアカリ,牡3,56,北村宏司,1:39.9,1.3/4,**,,,,,3-3,39.2,9.7,4,446(-2),,,,[東]浅野洋一,金田成基,,202005010503
8,6,11,エコロキングダム,牡3,56,木幡巧也,1:40.0,1/2,**,,,,,5-6,39.0,196.3,13,476(0),,,,[東]岩戸孝樹,原村正紀,,202005010503
9,5,9,センノベステス,牡3,56,横山和生,1:40.0,クビ,**,,,,,10-8,38.7,81.9,11,480(+2),,,,[東]南田美知,浅野正敏,,202005010503
10,4,8,ブライトオーシャン,牡3,56,大野拓弥,1:40.6,3.1/2,**,,,,,3-3,39.8,10.6,5,504(-2),,,,[東]新開幸一,岡田牧雄,,202005010503
11,3,5,タイキグロワール,牡3,56,丸山元気,1:40.7,1/2,**,,,,,16-14,38.6,86.4,12,482(-2),,,,[東]矢野英一,大樹ファーム,,202005010503
12,7,14,ビレッジイーグル,牡3,56,武藤雅,1:40.9,1.1/4,**,,,,,5-6,39.9,72.2,10,496(+8),,,,[東]竹内正洋,村山輝雄,,202005010503
13,2,3,オンリーワンボーイ,牡3,56,岩田康誠,1:41.0,3/4,**,,,,,8-9,39.5,31.5,9,448(0),,,,[東]斎藤誠,金山克己,,202005010503
14,4,7,フェスティヴスーリ,牡3,56,田中勝春,1:41.9,5,**,,,,,14-16,39.4,224.6,14,464(+6),,,,[東]天間昭一,臼井義太郎,,202005010503
15,2,4,セイウンソルジャー,牡3,56,フォーリ,1:42.2,2,**,,,,,14-15,39.8,293.4,15,512(-6),,,,[東]水野貴広,西山茂行,,202005010503
16,7,13,アテンミラクル,牡3,55,菊沢一樹,1:42.8,3.1/2,**,,,,,8-9,41.3,395.0,16,448(+6),,,,[東]高橋祥泰,玉置潔,,202005010503
1,8,15,テーオーケインズ,牡3,56,ルメール,1:37.4,,**,,,,,7-5,36.0,3.6,2,482(0),,,,[西]高柳大輔,小笹公也,730.0,202005010504
2,6,11,ダノンファスト,牡3,56,横山典弘,1:37.4,クビ,**,,,,,13-13,35.4,1.7,1,456(-4),,,,[東]菊沢隆徳,ダノックス,290.0,202005010504
3,5,9,アイスシェルフ,牡3,56,丸山元気,1:38.0,3.1/2,**,,,,,7-5,36.6,19.2,6,518(-4),,,,[東]稲垣幸雄,吉田勝己,180.0,202005010504
4,1,1,ヒシタイザン,牡3,56,田中勝春,1:38.5,3,**,,,,,13-13,36.5,74.0,11,496(-8),,,,[西]角田晃一,阿部雅英,110.0,202005010504
5,8,16,サンダーブリッツ,牡3,56,大野拓弥,1:38.6,1/2,**,,,,,9-9,36.9,16.8,5,480(-2),,,,[東]久保田貴,草間庸文,73.0,202005010504
6,3,5,ジャッジ,牡3,56,北村宏司,1:39.0,2.1/2,**,,,,,4-5,37.7,66.4,10,488(0),,,,[東]和田雄二,田島榮二郎,,202005010504
7,6,12,ヴィンカマヨール,牡3,56,石橋脩,1:39.0,アタマ,**,,,,,15-15,36.7,37.4,8,496(+4),,,,[東]田島俊明,シルクレーシング,,202005010504
8,1,2,フェイバリット,牡3,56,横山和生,1:39.1,クビ,**,,,,,16-16,36.3,599.8,16,450(0),,,,[東]小桧山悟,島川隆哉,,202005010504
9,4,8,アイスナイン,牡3,56,吉田豊,1:39.1,クビ,**,,,,,9-9,37.5,35.3,7,498(+6),,,,[東]高橋文雅,石瀬浩三,,202005010504
10,4,7,セイエスコート,牡3,55,野中悠太,1:39.2,クビ,**,,,,,12-9,37.5,440.7,15,470(-2),,,,[東]菊川正達,金田成基,,202005010504
11,5,10,ベイサイドブルー,牡3,56,田辺裕信,1:39.3,1/2,**,,,,,2-2,38.2,11.1,3,530(-12),,,,[西]矢作芳人,シルクレーシング,,202005010504
12,7,14,ラブリーエンジェル,牝3,54,武豊,1:39.3,クビ,**,,,,,4-4,38.1,14.0,4,438(+6),,,,[東]堀井雅広,長谷川光司,,202005010504
13,3,6,タイキルークス,牡3,55,菊沢一樹,1:39.6,2,**,,,,,4-5,38.2,143.0,12,508(-4),,,,[東]菊沢隆徳,大樹ファーム,,202005010504
14,7,13,シゲルミカヅキ,牡3,56,江田照男,1:39.8,1.1/4,**,,,,,9-9,38.1,155.4,13,448(-4),,,,[東]伊藤圭三,森中蕃,,202005010504
15,2,4,コードジェニック,牡3,56,加藤祥太,1:40.2,2.1/2,**,,,,,2-2,39.1,274.7,14,492(-2),,,,[西]杉山晴紀,水上行雄,,202005010504
16,2,3,ノクターンノーツ,牝3,54,福永祐一,1:40.8,3.1/2,**,,,,,1-1,39.7,60.0,9,480(-10),,,,[西]中内田充,飯田正剛,,202005010504
1,7,13,ネイジュ,牝3,54,武藤雅,1:22.7,,**,,,,,1-1,36.0,29.3,7,434(-10),,,,[東]中川公成,島川隆哉,510.0,202005010505
2,1,2,フィオーレカフェ,牝3,54,柴田善臣,1:22.7,クビ,**,,,,,7-5,34.5,95.7,9,408(+2),,,,[東]和田勇介,西川光一,200.0,202005010505
3,6,12,デイトライン,牝3,54,ルメール,1:22.8,クビ,**,,,,,5-5,34.6,1.9,1,446(+6),,,,[東]高橋文雅,キャロットファーム,130.0,202005010505
4,3,5,ヨンウォニ,牝3,54,木幡巧也,1:22.8,アタマ,**,,,,,7-7,34.4,96.7,10,432(0),,,,[東]田中清隆,ミルファーム,77.0,202005010505
5,4,7,ブンロート,牡3,56,大野拓弥,1:23.2,2.1/2,**,,,,,2-2,35.4,4.2,2,514(+6),,,,[東]牧光二,石瀬浩三,51.0,202005010505
6,7,14,ザンセツ,牡3,56,内田博幸,1:23.3,クビ,**,,,,,10-10,34.7,4.7,3,434(+6),,,,[東]古賀慎明,ゴドルフィン,,202005010505
7,8,15,マヤチャン,牝3,54,田辺裕信,1:23.4,3/4,**,,,,,12-12,34.6,8.8,4,416(-14),,,,[東]中舘英二,瀬谷隆雄,,202005010505
8,5,9,ネイチャークイーン,牝3,53,野中悠太,1:23.4,クビ,**,,,,,2-2,35.6,27.1,6,412(-12),,,,[東]根本康広,井上修一,,202005010505
9,1,1,ノボユキ,牝3,54,ミナリク,1:23.7,1.1/2,**,,,,,4-4,35.7,44.2,8,438(-6),,,,[東]尾関知人,ＬＳ．Ｍ,,202005010505
10,2,4,ミスファビュラス,牝3,54,吉田豊,1:23.7,アタマ,**,,,,,10-10,35.0,105.6,11,464(+6),,,,[東]古賀史生,畑末廣郎,,202005010505
11,2,3,トレンディー,牡3,55,菊沢一樹,1:24.7,6,**,,,,,5-7,36.2,353.4,14,460(+12),,,,[東]佐藤吉勝,平本敏夫,,202005010505
12,6,11,ネネサマ,牝3,54,横山和生,1:24.9,1.1/4,**,,,,,7-7,36.5,24.0,5,456(-2),,,,[東]勢司和浩,村田哲朗,,202005010505
13,3,6,ニシノルーチェ,牝3,54,江田照男,1:25.5,3.1/2,**,,,,,12-14,36.4,168.5,12,454(-2),,,,[東]高木登,西山茂行,,202005010505
14,5,10,アプローズパワー,牝3,54,伊藤工真,1:25.7,1.1/2,**,,,,,12-12,36.8,402.8,15,434(+10),,,,[東]金成貴史,吉野弘司,,202005010505
15,8,16,キタノストラーダ,牝3,54,田中勝春,1:31.1,大,**,,,,,15-15,39.2,187.3,13,404(0),,,,[東]石栗龍彦,北所直人,,202005010505
取,4,8,バイカル,牝3,54,津村明秀,,,**,,,,,,,---,,計不,,,,[東]勢司和浩,ビッグレッドファーム,,202005010505
1,3,4,ロッタチャンセズ,牝3,54,石橋脩,1:51.5,,**,,,,,4-4-4,34.2,7.4,4,390(0),,,,[東]堀宣行,Ｇ１レーシング,600.0,202005010506
2,7,11,タツオウカケンラン,牝3,54,岩田康誠,1:51.5,クビ,**,,,,,1-1-1,34.5,6.9,3,430(0),,,,[西]鮫島一歩,鈴木高幸,240.0,202005010506
3,6,10,メイショウカイコウ,牡3,56,柴田善臣,1:51.5,アタマ,**,,,,,2-5-4,34.2,31.3,6,426(0),,,,[東]和田勇介,松本好雄,150.0,202005010506
4,3,3,アルベロベッロ,牡3,56,ルメール,1:51.8,1.1/2,**,,,,,6-8-7,34.3,1.8,1,508(0),,,,[東]堀宣行,金子真人ホールディングス,90.0,202005010506
5,5,7,マイネルロベルト,牡3,56,宮崎北斗,1:52.0,1.1/4,**,,,,,13-13-11,34.1,37.8,7,430(0),,,,[東]上原博之,サラブレッドクラブ・ラフィアン,60.0,202005010506
6,4,5,クラウンフォース,牡3,56,木幡巧也,1:52.1,3/4,**,,,,,5-5-6,34.7,15.6,5,526(0),,,,[東]牧光二,矢野恭裕,,202005010506
7,1,1,メイプルスター,牡3,56,横山和生,1:52.3,1.1/4,**,,,,,9-11-11,34.4,44.9,8,478(0),,,,[東]高市圭二,節英司,,202005010506
8,7,12,ジュウワンエース,牡3,56,大野拓弥,1:52.4,3/4,**,,,,,12-11-11,34.5,102.8,10,400(0),,,,[東]新開幸一,ジュウワンレイシング組合,,202005010506
9,8,14,グレースケール,牝3,54,石川裕紀,1:52.7,2,**,,,,,6-2-2,35.6,139.0,11,404(0),,,,[東]相沢郁,橋詰弘一,,202005010506
10,2,2,ショウナンハリマオ,牡3,56,田辺裕信,1:53.0,1.1/2,**,,,,,9-9-7,35.4,4.5,2,498(0),,,,[東]国枝栄,国本哲秀,,202005010506
11,8,13,スマイルフェイス,牝3,54,伊藤工真,1:53.3,1.1/2,**,,,,,2-2-2,36.2,51.2,9,500(0),,,,[東]金成貴史,ヒダカ・ブリーダーズ・ユニオン,,202005010506
12,5,8,ブローガンダーツ,牝3,53,野中悠太,1:53.5,1.1/2,**,,,,,9-9-10,35.8,177.4,12,396(0),,,,[東]土田稔,バード商事,,202005010506
13,4,6,マラビジョーソ,牡3,56,吉田豊,1:58.2,大,**,,,,,14-14-14,38.8,201.0,13,452(0),,,,[東]高橋文雅,窪田康志,,202005010506
14,6,9,デルマヒスイ,牝3,54,菅原隆一,2:02.7,大,**,,,,,6-5-7,45.1,206.0,14,432(0),,,,[東]堀井雅広,浅沼廣幸,,202005010506
1,3,5,ヘイワノツカイ,牡4,57,石橋脩,1:33.8,,**,,,,,3-3,35.5,3.8,2,460(0),,,,[東]相沢郁,星野壽市,760.0,202005010507
2,7,13,レディードリー,牝4,55,柴田善臣,1:33.8,ハナ,**,,,,,6-5,35.2,28.9,8,444(+4),,,,[東]深山雅史,小林博雄,300.0,202005010507
3,6,12,レッドヴァール,牝5,55,ルメール,1:33.8,アタマ,**,,,,,2-2,35.6,1.9,1,470(-2),,,,[東]鹿戸雄一,東京ホースレーシング,190.0,202005010507
4,2,3,カンパーニャ,牡4,57,北村宏司,1:33.8,アタマ,**,,,,,15-15,34.4,42.1,10,450(+5),,,,[東]畠山吉宏,村野康司,110.0,202005010507
5,4,7,ウエスタンランポ,牝4,54,菊沢一樹,1:34.0,1.1/4,**,,,,,8-9,35.2,256.3,16,404(-4),,,,[東]深山雅史,西川賢,76.0,202005010507
6,6,11,オフウィドゥス,牡4,56,丸山元気,1:34.1,1/2,**,,,,,14-10,35.2,13.4,3,534(+8),,,,[東]木村哲也,吉田和美,,202005010507
7,5,10,トウカイオルデン,牡5,57,大野拓弥,1:34.2,1/2,**,,,,,10-11,35.2,47.0,11,488(+12),,,,[東]菊川正達,内村正則,,202005010507
8,4,8,サクステッド,セ5,57,津村明秀,1:34.3,3/4,**,,,,,11-7,35.6,15.2,6,496(+14),,,,[東]小西一男,キャロットファーム,,202005010507
9,7,14,シャンデフレーズ,牝4,55,フォーリ,1:34.4,1/2,**,,,,,6-7,35.7,16.6,7,422(+6),,,,[東]中舘英二,キャロットファーム,,202005010507
10,8,16,クィーンビー,牝7,55,岩田康誠,1:34.6,1.1/4,**,,,,,16-16,35.0,253.5,15,508(+14),,,,[東]田中清隆,和田牧場,,202005010507
11,1,1,ダイイチターミナル,牡6,57,江田照男,1:34.8,1.1/2,**,,,,,13-13,35.6,30.2,9,478(+10),,,,[東]高市圭二,ミルファーム,,202005010507
12,3,6,パラレルキャリア,牝4,55,Ｍ．デム,1:34.9,3/4,**,,,,,5-5,36.4,13.8,4,440(-2),,,,[東]加藤征弘,社台レースホース,,202005010507
13,8,15,アイアムヒメ,牝5,55,田中勝春,1:35.2,1.3/4,**,,,,,3-3,36.9,174.3,13,454(+2),,,,[東]菊川正達,玉腰勇吉,,202005010507
14,1,2,フジマサディープ,牡4,56,野中悠太,1:35.3,クビ,**,,,,,1-1,37.2,14.9,5,500(0),,,,[東]菊川正達,藤原正一,,202005010507
15,2,4,レーヌジャルダン,牝6,55,武藤雅,1:35.4,1/2,**,,,,,11-13,36.1,95.2,12,454(+14),,,,[東]高柳瑞樹,グリーンファーム,,202005010507
16,5,9,ボニーソックス,牝4,55,ミナリク,1:37.1,大,**,,,,,9-11,38.1,234.6,14,446(+3),,,,[東]矢野英一,飯田正剛,,202005010507
1,8,16,アイアムピッカピカ,牝4,55,柴田善臣,1:25.6,,**,,,,,3-3,36.3,4.6,2,452(0),,,,[東]奥平雅士,堀紘一,760.0,202005010508
2,3,6,イベリスリーフ,牝4,55,フォーリ,1:25.8,1,**,,,,,1-1,36.7,13.9,7,458(+8),,,,[東]中舘英二,サンデーレーシング,300.0,202005010508
3,7,14,スマイルプリティ,牝6,55,宮崎北斗,1:26.0,1,**,,,,,2-2,36.8,276.6,16,492(+10),,,,[東]本間忍,臼倉勲,190.0,202005010508
4,4,8,ネイビーアッシュ,牝5,55,津村明秀,1:26.2,1.1/4,**,,,,,10-10,36.1,17.5,8,492(+8),,,,[東]萩原清,吉田勝己,110.0,202005010508
5,2,3,グレイスアン,牝4,55,福永祐一,1:26.5,2,**,,,,,5-4,37.0,3.2,1,488(-2),,,,[東]斎藤誠,ＴＵＲＦレーシング,76.0,202005010508
6,8,15,タツオウカランブ,牝5,55,吉田豊,1:26.5,ハナ,**,,,,,12-12,36.3,39.6,9,492(-2),,,,[東]古賀史生,鈴木高幸,,202005010508
7,7,13,アンジェリーブル,牝4,55,横山典弘,1:26.5,ハナ,**,,,,,14-14,36.0,5.0,3,450(-6),,,,[東]藤原辰雄,グランド牧場,,202005010508
8,5,9,アテンフェアリー,牝4,55,岩部純二,1:26.8,1.3/4,**,,,,,8-7,37.0,10.1,5,460(-4),,,,[東]萱野浩二,齊藤直信,,202005010508
9,6,12,コウジンシックス,牝4,55,武藤雅,1:27.3,3,**,,,,,13-13,36.9,156.1,12,422(-18),,,,[東]和田雄二,加藤興一,,202005010508
10,5,10,スターアイランド,牝4,55,内田博幸,1:27.3,ハナ,**,,,,,6-4,37.8,72.2,11,422(-1),,,,[東]古賀慎明,荒井眞澄,,202005010508
11,4,7,マーチャンスルー,牝4,54,菊沢一樹,1:27.3,アタマ,**,,,,,3-4,37.8,185.4,14,436(-6),,,,[東]堀井雅広,庄司修二,,202005010508
12,6,11,ホウオウモントレー,牝4,55,丸山元気,1:27.5,1.1/4,**,,,,,8-7,37.6,7.3,4,492(-6),,,,[東]矢野英一,小笹芳央,,202005010508
13,2,4,フィリーズラン,牝4,55,木幡巧也,1:27.6,1/2,**,,,,,16-15,36.9,12.2,6,428(0),,,,[東]牧光二,岡村善行,,202005010508
14,3,5,コスモフェリーク,牝5,55,横山和生,1:27.7,1/2,**,,,,,14-15,37.1,204.7,15,452(+10),,,,[東]天間昭一,栗嶋豊明,,202005010508
15,1,1,プリティドール,牝4,54,野中悠太,1:27.8,1/2,**,,,,,6-7,38.0,43.5,10,458(-23),,,,[東]菊川正達,丸岡啓一,,202005010508
16,1,2,アポロノワキザシ,牝4,55,石川裕紀,1:28.0,1.1/4,**,,,,,10-10,37.9,157.2,13,470(-8),,,,[東]岩戸孝樹,アポロサラブレッドクラブ,,202005010508
1,8,14,ショウナンバビアナ,牝4,54,Ｍ．デム,1:47.3,,**,,,,,1-1-1,34.2,12.9,6,476(0),,,,[東]上原博之,国本哲秀,"1,532.9",202005010509
2,6,11,シングフォーユー,牝4,54,ルメール,1:47.3,クビ,**,,,,,3-2-3,34.0,4.2,2,466(+2),,,,[東]牧光二,社台レースホース,609.4,202005010509
3,8,15,アストラサンタン,牝5,55,武豊,1:47.5,1,**,,,,,5-4-5,34.0,5.5,3,466(0),,,,[東]戸田博文,丹羽久一郎,384.7,202005010509
4,3,4,エバーミランダ,牝5,55,岩田康誠,1:47.5,ハナ,**,,,,,3-4-3,34.1,28.9,11,434(+6),,,,[東]久保田貴,宇田豊,230.0,202005010509
5,7,12,ミモザイエロー,牝4,54,吉田豊,1:47.5,クビ,**,,,,,15-15-15,33.0,22.3,8,458(+2),,,,[東]戸田博文,青芝商事,150.0,202005010509
6,6,10,アップライトスピン,牝4,54,大野拓弥,1:47.6,1/2,**,,,,,10-10-10,33.6,3.0,1,470(-4),,,,[東]池上昌和,キャロットファーム,,202005010509
7,5,8,アルミレーナ,牝6,55,石橋脩,1:47.6,クビ,**,,,,,2-2-2,34.4,11.3,4,456(-2),,,,[東]国枝栄,サンデーレーシング,,202005010509
8,7,13,テンワールドレイナ,牝5,55,津村明秀,1:47.6,ハナ,**,,,,,7-7-7,33.9,35.8,12,480(+4),,,,[東]矢野英一,天白泰司,,202005010509
9,5,9,ジョブックコメン,牝5,55,田辺裕信,1:47.8,1,**,,,,,12-12-11,33.7,22.4,9,430(+4),,,,[東]小桧山悟,萩本企画,,202005010509
10,4,6,シーオブザムーン,牝4,54,丸山元気,1:47.8,ハナ,**,,,,,7-7-7,34.0,28.4,10,460(-2),,,,[東]金成貴史,サンデーレーシング,,202005010509
11,1,1,アシェット,牝5,55,ミナリク,1:48.0,1.1/4,**,,,,,12-12-13,33.7,142.5,14,446(0),,,,[東]高橋文雅,加藤徹,,202005010509
12,2,3,ビックピクチャー,牝4,54,福永祐一,1:48.1,1/2,**,,,,,9-7-7,34.3,12.6,5,412(-8),,,,[西]藤原英昭,廣崎利洋ＨＤ,,202005010509
13,3,5,クリッパー,牝5,55,フォーリ,1:48.1,アタマ,**,,,,,5-4-6,34.5,18.8,7,494(+4),,,,[東]高橋文雅,吉田和美,,202005010509
14,2,2,グラマラスライフ,牝5,55,北村宏司,1:48.9,5,**,,,,,10-10-11,34.8,78.0,13,484(0),,,,[東]田中博康,シルクレーシング,,202005010509
15,4,7,モリトシラユリ,牝6,55,内田博幸,1:48.9,アタマ,**,,,,,14-14-13,34.6,158.6,15,490(+4),,,,[東]堀井雅広,浜本牧場,,202005010509
1,2,3,ベストアクター,セ6,55,武豊,1:20.8,,**,,,,,15-14,33.4,4.1,1,454(+4),,,,[東]鹿戸雄一,社台レースホース,"1,857.8",202005010510
2,2,4,チカノワール,牝6,52,田中勝春,1:20.8,クビ,**,,,,,11-11,33.7,26.8,10,464(+2),,,,[西]笹田和秀,キーファーズ,740.8,202005010510
3,7,14,トウカイオラージュ,牡4,55,石川裕紀,1:21.0,1.1/4,**,,,,,2-2,35.2,8.0,4,472(0),,,,[西]長谷川浩,内村正則,465.4,202005010510
4,5,10,フレッチア,牡5,57,ルメール,1:21.1,クビ,**,,,,,1-1,35.3,5.7,3,496(+4),,,,[東]木村哲也,橋口,270.0,202005010510
5,6,12,シトラスノート,牝4,52,津村明秀,1:21.1,アタマ,**,,,,,3-3,34.7,12.4,6,442(-8),,,,[西]石坂正,吉田勝己,182.0,202005010510
6,4,7,デスティニーソング,牝6,52,野中悠太,1:21.1,ハナ,**,,,,,9-8,34.2,61.3,14,456(-4),,,,[西]松下武士,ノルマンディーサラブレッドレーシング,,202005010510
7,3,6,ペプチドバンブー,牡5,54,柴田善臣,1:21.3,1.1/4,**,,,,,16-16,33.6,28.4,12,510(+4),,,,[西]武英智,沼川一彦,,202005010510
8,1,1,ホープフルサイン,牡4,56,江田照男,1:21.3,ハナ,**,,,,,11-11,34.2,23.0,8,484(-6),,,,[東]本間忍,アドバンス・サッポロ,,202005010510
9,7,13,ナンヨーイザヨイ,牡4,54,石橋脩,1:21.4,1/2,**,,,,,5-4,34.9,27.9,11,468(0),,,,[西]松永幹夫,中村徳也,,202005010510
10,1,2,ムーンチャイム,牝5,54,福永祐一,1:21.5,1/2,**,,,,,3-4,35.0,12.3,5,456(-6),,,,[西]千田輝彦,ゴドルフィン,,202005010510
11,8,15,アンリミット,牝5,54,城戸義政,1:21.5,クビ,**,,,,,9-8,34.6,13.3,7,474(-8),,,,[西]清水久詞,前原敏行,,202005010510
12,6,11,ミリッサ,牝6,53,武藤雅,1:21.6,クビ,**,,,,,11-11,34.5,33.2,13,428(-4),,,,[西]石坂正,キャロットファーム,,202005010510
13,5,9,ジョーアラビカ,牡6,56,横山典弘,1:21.6,アタマ,**,,,,,6-6,35.0,4.5,2,492(0),,,,[西]清水久詞,上田けい子,,202005010510
14,4,8,ショウナンタイガ,牡4,55,吉田豊,1:21.8,1.1/4,**,,,,,6-7,35.0,25.2,9,480(-10),,,,[西]池添兼雄,国本哲秀,,202005010510
15,8,16,ウインフェニックス,牡9,55,フォーリ,1:22.0,1.1/2,**,,,,,14-14,34.6,63.9,15,490(0),,,,[東]奥平雅士,ウイン,,202005010510
16,3,5,マイネルバールマン,牡6,55,内田博幸,1:22.3,1.3/4,**,,,,,6-8,35.4,227.2,16,540(-6),,,,[東]青木孝文,サラブレッドクラブ・ラフィアン,,202005010510
1,1,1,ミヤマザクラ,牝3,54,福永祐一,1:34.0,,**,,,,,2-2,34.3,3.8,2,464(+4),,,,[西]藤原英昭,金子真人ホールディングス,"3,549.0",202005010511
2,6,9,マジックキャッスル,牝3,54,フォーリ,1:34.0,クビ,**,,,,,10-13,33.4,5.8,4,430(+2),,,,[東]国枝栄,社台レースホース,"1,414.0",202005010511
3,4,5,セイウンヴィーナス,牝3,54,野中悠太,1:34.1,3/4,**,,,,,4-6,34.1,265.5,12,446(0),,,,[東]本間忍,西山茂行,887.0,202005010511
4,6,10,アカノニジュウイチ,牝3,54,横山典弘,1:34.3,1.1/4,**,,,,,14-14,33.6,7.8,5,448(+10),,,,[東]尾関知人,岩切企画,530.0,202005010511
5,4,6,シャンドフルール,牝3,54,武豊,1:34.4,クビ,**,,,,,7-7,34.3,11.3,6,494(-4),,,,[西]松永幹夫,前田葉子,350.0,202005010511
6,7,12,ホウオウピースフル,牝3,54,田辺裕信,1:34.6,1.1/4,**,,,,,7-7,34.5,4.3,3,476(+12),,,,[東]大竹正博,小笹芳央,,202005010511
7,8,13,チアチアクラシカ,牝3,54,吉田豊,1:34.7,3/4,**,,,,,13-11,34.3,59.2,8,494(-4),,,,[東]堀井雅広,藤田在子,,202005010511
8,5,8,サナチャン,牝3,54,武士沢友,1:34.7,クビ,**,,,,,9-9,34.5,236.3,11,420(-12),,,,[東]武藤善則,瀬谷隆雄,,202005010511
9,7,11,アールクインダム,牝3,54,北村宏司,1:34.8,1/2,**,,,,,4-4,34.9,67.6,9,468(-4),,,,[東]伊藤大士,前原敏行,,202005010511
10,3,3,ルナシオン,牝3,54,ルメール,1:34.9,クビ,**,,,,,10-9,34.6,3.5,1,458(+8),,,,[東]藤沢和雄,シルクレーシング,,202005010511
11,3,4,アミークス,牝3,54,岩田康誠,1:35.4,3,**,,,,,4-4,35.5,23.5,7,450(+8),,,,[東]栗田徹,スリーエイチレーシング,,202005010511
12,5,7,ヤマニンプレシオサ,牝3,54,江田照男,1:35.4,アタマ,**,,,,,10-11,35.0,316.2,13,462(-8),,,,[東]星野忍,土井肇,,202005010511
13,2,2,メルテッドハニー,牝3,54,柴田善臣,1:35.5,1/2,**,,,,,2-2,35.7,449.3,14,398(+2),,,,[東]大江原哲,田頭勇貴,,202005010511
14,8,14,インザムービー,牝3,54,石橋脩,1:35.8,1.3/4,**,,,,,1-1,38.1,105.4,10,468(-12),,,,[西]牧田和弥,安原浩司,,202005010511
1,3,6,トラストロン,牝5,55,吉田豊,1:24.1,,**,,,,,9-7,36.5,11.7,5,452(+8),,,,[東]高橋文雅,菅波立知子,"1,100.0",202005010512
2,4,8,フクノグリュック,牡8,57,横山和生,1:24.4,1.3/4,**,,,,,14-14,36.0,48.4,12,522(+2),,,,[東]杉浦宏昭,福島祐子,440.0,202005010512
3,2,4,オールウェイズゼア,牡6,56,野中悠太,1:24.4,クビ,**,,,,,13-12,36.2,29.1,9,486(0),,,,[東]高市圭二,グリーンスウォード,280.0,202005010512
4,7,14,ミスパイロ,牝6,55,石橋脩,1:24.6,1,**,,,,,15-15,36.0,4.3,3,486(-4),,,,[東]小野次郎,村田哲朗,170.0,202005010512
5,5,9,ケイアイビリジアン,牡4,57,大野拓弥,1:24.6,ハナ,**,,,,,4-4,37.3,6.0,4,522(+6),,,,[東]奥平雅士,亀田和弘,110.0,202005010512
6,6,11,プタハ,牡5,57,岩田康誠,1:24.6,クビ,**,,,,,9-10,36.8,4.0,1,532(+2),,,,[東]斎藤誠,高瀬真尚,,202005010512
7,8,16,クリムズンフラッグ,牡5,57,木幡巧也,1:24.8,3/4,**,,,,,8-7,37.3,11.9,6,536(0),,,,[東]青木孝文,加藤徹,,202005010512
8,5,10,コスモビスティー,牡5,57,津村明秀,1:24.8,アタマ,**,,,,,11-11,36.9,45.5,11,484(-4),,,,[東]松山将樹,岡田繁幸,,202005010512
9,2,3,ベアクアウフ,牡4,57,江田照男,1:25.4,3.1/2,**,,,,,11-12,37.3,216.0,14,482(0),,,,[東]清水英克,ディアレストクラブ,,202005010512
10,4,7,ロジヒューズ,牝5,55,内田博幸,1:25.8,2.1/2,**,,,,,2-2,38.8,41.2,10,484(-8),,,,[東]古賀慎明,久米田正明,,202005010512
11,6,12,カゼノドリーム,セ8,57,武士沢友,1:25.8,ハナ,**,,,,,15-15,37.2,369.0,16,460(-6),,,,[東]石栗龍彦,深井孟,,202005010512
12,3,5,セイウンリリシイ,牝5,55,武藤雅,1:26.3,3,**,,,,,2-2,39.4,27.9,8,468(-10),,,,[東]水野貴広,西山茂行,,202005010512
13,1,1,タマモジャイブ,牝4,54,菊沢一樹,1:26.4,1/2,**,,,,,1-1,39.5,4.2,2,510(-4),,,,[東]伊藤圭三,タマモ,,202005010512
14,1,2,インバウンド,牝4,55,伊藤工真,1:27.1,4,**,,,,,4-4,39.9,20.2,7,498(+14),,,,[東]林徹,保坂和孝,,202005010512
15,8,15,スリーミニオン,牡5,57,村田一誠,1:27.7,3.1/2,**,,,,,4-7,40.2,367.6,15,484(+4),,,,[東]柄崎孝,永井商事,,202005010512
16,7,13,キョウエイオビエド,牡5,57,丸山元気,1:30.8,大,**,,,,,4-4,43.5,140.8,13,482(+6),,,,[東]勢司和浩,田中晴夫,,202005010512
1,2,3,マッチャパフェ,牝3,54,武藤雅,1:27.6,,**,,,,,1-1,38.2,4.9,3,450(+4),,,,[東]林徹,保坂和孝,510.0,202005010601
2,7,14,ユウチャファスト,牝3,54,北村宏司,1:28.1,3,**,,,,,6-5,38.3,7.9,5,456(+2),,,,[東]中舘英二,長谷川祐司,200.0,202005010601
3,8,15,ヨシノパナギア,牝3,54,丸山元気,1:28.2,1/2,**,,,,,7-7,38.1,9.5,6,488(+2),,,,[東]宗像義忠,清水義徳,130.0,202005010601
4,8,16,シャランドール,牝3,54,大野拓弥,1:28.3,クビ,**,,,,,12-11,37.6,69.8,10,458(-2),,,,[東]大竹正博,湊義明,77.0,202005010601
5,3,6,ミネルバ,牝3,54,ルメール,1:28.3,アタマ,**,,,,,4-3,38.6,7.0,4,446(+6),,,,[東]加藤征弘,新谷正子,51.0,202005010601
6,6,11,シェーネメロディ,牝3,54,武豊,1:28.3,ハナ,**,,,,,2-2,38.7,4.0,2,472(+6),,,,[東]伊藤大士,キャロットファーム,,202005010601
7,7,13,アイヅオイワケ,牝3,53,野中悠太,1:28.3,ハナ,**,,,,,3-3,38.6,54.0,9,416(+6),,,,[東]武市康男,福島徳佑,,202005010601
8,6,12,ラルナジェナ,牝3,54,ミナリク,1:28.3,アタマ,**,,,,,4-5,38.5,50.6,8,434(-8),,,,[東]奥村武,サンデーレーシング,,202005010601
9,3,5,ユメミルユメコ,牝3,54,菅原隆一,1:28.4,1/2,**,,,,,13-13,37.4,198.7,12,432(+6),,,,[東]南田美知,ミルファーム,,202005010601
10,4,7,バーグマン,牝3,54,吉田豊,1:28.7,1.3/4,**,,,,,7-7,38.6,3.6,1,442(-6),,,,[東]菊沢隆徳,中辻明,,202005010601
11,5,10,ザハロワ,牝3,53,菊沢一樹,1:29.3,3.1/2,**,,,,,9-9,38.9,347.3,14,468(-2),,,,[東]天間昭一,ホースアディクト,,202005010601
12,1,1,キタノナデシコ,牝3,54,田中勝春,1:29.4,3/4,**,,,,,15-15,38.0,83.8,11,434(0),,,,[東]松永康利,北所直人,,202005010601
13,2,4,リングアップ,牝3,54,Ｍ．デム,1:29.5,クビ,**,,,,,14-14,38.4,14.5,7,476(-12),,,,[東]稲垣幸雄,梶本尚嗣,,202005010601
14,1,2,ジョイ,牝3,54,井上敏樹,1:29.6,3/4,**,,,,,11-11,38.9,264.4,13,452(+6),,,,[東]古賀史生,西村專次,,202005010601
15,4,8,ララソワニエ,牝3,54,柴田大知,1:30.2,4,**,,,,,9-9,39.8,355.8,15,396(-32),,,,[東]粕谷昌央,フジイ興産,,202005010601
取,5,9,ブルーミスト,牝3,54,田辺裕信,,,**,,,,,,,---,,計不,,,,[東]伊藤圭三,ゴドルフィン,,202005010601
1,4,8,ルヴァンヴェール,牡3,56,松山弘平,1:20.0,,**,,,,,2-2,38.1,22.3,8,482(-4),,,,[東]竹内正洋,グリーンファーム,510.0,202005010602
2,6,11,イデアイホマジョル,牡3,56,Ｍ．デム,1:20.2,1.1/4,**,,,,,3-3,38.1,18.9,7,440(-8),,,,[東]和田雄二,益田修一,200.0,202005010602
3,1,1,スターファイター,牡3,56,田辺裕信,1:20.2,クビ,**,,,,,7-6,37.8,7.0,4,472(-4),,,,[東]田島俊明,ＹＧＧホースクラブ,130.0,202005010602
4,4,7,ダウラギリ,牡3,56,石橋脩,1:20.3,1/2,**,,,,,1-1,38.6,5.9,3,504(+6),,,,[東]和田正一,スピードファーム,77.0,202005010602
5,8,15,グレートコート,牡3,56,ルメール,1:20.4,1/2,**,,,,,7-8,37.9,4.5,2,470(+4),,,,[東]大江原哲,伊東純一,51.0,202005010602
6,7,13,アルジョンブラン,牡3,56,丸山元気,1:20.5,3/4,**,,,,,14-13,37.5,3.1,1,490(+8),,,,[東]鹿戸雄一,吉田和美,,202005010602
7,2,3,サンドストーム,牡3,56,石川裕紀,1:20.7,1.1/4,**,,,,,7-8,38.2,11.0,6,428(-4),,,,[東]尾形和幸,古賀慎一,,202005010602
8,3,6,ペイシャハミング,牝3,54,横山和生,1:20.8,3/4,**,,,,,11-10,38.0,89.6,12,430(-2),,,,[東]石栗龍彦,北所直人,,202005010602
9,2,4,ソラン,牡3,56,吉田豊,1:20.9,1/2,**,,,,,4-4,38.6,24.8,9,524(+4),,,,[東]古賀史生,鈴木康弘,,202005010602
10,5,9,コルニリア,牡3,56,嘉藤貴行,1:21.2,1.3/4,**,,,,,4-4,38.9,46.5,11,442(+2),,,,[東]大和田成,ミルファーム,,202005010602
11,8,16,エストラード,牡3,56,江田照男,1:21.2,クビ,**,,,,,11-10,38.4,10.7,5,480(+2),,,,[東]武市康男,島川隆哉,,202005010602
12,7,14,グランドストローク,牡3,56,武藤雅,1:21.3,1/2,**,,,,,16-15,38.0,95.9,13,448(+2),,,,[東]水野貴広,コスモヴューファーム,,202005010602
13,1,2,シゲルメイオウセイ,牡3,56,内田博幸,1:21.7,2.1/2,**,,,,,10-10,38.9,34.3,10,482(0),,,,[東]松山将樹,森中蕃,,202005010602
14,5,10,タイニーパワー,牡3,56,柴田大知,1:22.1,2.1/2,**,,,,,14-15,38.8,312.7,15,432(+2),,,,[東]粕谷昌央,岡田壮史,,202005010602
15,3,5,パシスタ,牡3,56,宮崎北斗,1:22.3,1.1/4,**,,,,,13-13,39.3,146.2,14,486(0),,,,[東]高橋祥泰,山上和良,,202005010602
16,6,12,フルートフル,牝3,53,野中悠太,1:22.4,3/4,**,,,,,6-6,40.0,376.9,16,448(+30),,,,[東]石毛善彦,和田牧場,,202005010602
1,1,1,リアンフィーユ,牝3,54,田辺裕信,1:39.3,,**,,,,,10-9,38.0,3.1,1,450(-2),,,,[東]斎藤誠,ＣＨＥＶＡＬＡＴＴＡＣＨＥ,510.0,202005010603
2,7,13,シャーレ,牝3,54,石橋脩,1:39.3,クビ,**,,,,,12-11,37.8,11.8,6,452(+8),,,,[東]武市康男,東海林貴大,200.0,202005010603
3,8,16,ココラ,牝3,54,松山弘平,1:39.5,1.1/4,**,,,,,4-6,38.6,41.1,11,452(-6),,,,[東]大和田成,田中純一,130.0,202005010603
4,7,14,パラスアテナ,牝3,54,吉田豊,1:39.9,2.1/2,**,,,,,12-11,38.4,6.6,4,442(-8),,,,[東]高柳瑞樹,広尾レース,77.0,202005010603
5,4,8,トップブランド,牝3,54,ルメール,1:40.1,1.1/4,**,,,,,2-2,39.5,5.7,3,482(-6),,,,[東]伊藤圭三,ヒダカ・ブリーダーズ・ユニオン,51.0,202005010603
6,5,10,ディーズギャラント,牝3,54,大野拓弥,1:40.3,1.1/4,**,,,,,12-11,38.8,11.5,5,438(-6),,,,[東]藤原辰雄,秋谷壽之,,202005010603
7,5,9,ナーシサステソーロ,牝3,54,武藤雅,1:40.4,1/2,**,,,,,7-7,39.4,12.3,7,426(+2),,,,[東]奥平雅士,了徳寺健二ホールディングス,,202005010603
8,3,6,モアナグレイス,牝3,54,柴田大知,1:40.4,クビ,**,,,,,15-14,38.3,351.6,15,418(0),,,,[東]和田雄二,日下幸徳,,202005010603
9,6,11,ウィップラッシュ,牝3,53,菊沢一樹,1:40.4,アタマ,**,,,,,9-9,39.2,79.9,13,472(-4),,,,[東]菊沢隆徳,グランド牧場,,202005010603
10,6,12,チャームインレース,牝3,54,北村宏司,1:40.5,クビ,**,,,,,3-3,39.7,18.3,8,490(+4),,,,[東]中川公成,高橋明裕,,202005010603
11,4,7,ベルアンブル,牝3,54,ミナリク,1:40.6,3/4,**,,,,,8-7,39.5,36.6,10,442(+8),,,,[東]奥村武,社台レースホース,,202005010603
12,2,4,タッシーアレッタ,牝3,54,武豊,1:41.4,5,**,,,,,4-3,40.6,5.6,2,434(0),,,,[東]中舘英二,吉岡輝美,,202005010603
13,3,5,ヨモギ,牝3,52,木幡育也,1:41.5,1/2,**,,,,,16-15,39.1,152.7,14,404(-12),,,,[東]伊藤圭三,岡本真二,,202005010603
14,2,3,クリノテルチャン,牝3,54,横山和生,1:41.7,1.1/4,**,,,,,4-3,40.9,35.7,9,482(+2),,,,[東]高市圭二,栗本博晴,,202005010603
15,1,2,シェクロエ,牝3,54,丸山元気,1:41.9,1.1/2,**,,,,,1-1,41.4,47.3,12,446(+8),,,,[東]小野次郎,小川眞査雄,,202005010603
16,8,15,マオノエピ,牝3,54,木幡巧也,1:48.8,大,**,,,,,10-15,46.5,436.0,16,466(-12),,,,[東]黒岩陽一,湯浅健司,,202005010603
1,4,7,アキノスマート,牡3,56,横山典弘,1:39.9,,**,,,,,1-1,38.4,3.1,1,484(0),,,,[東]田中剛,穐吉正孝,600.0,202005010604
2,7,14,レーシングマインド,牡3,56,岡田祥嗣,1:40.7,5,**,,,,,7-7,38.6,5.0,2,464(0),,,,[西]浅見秀一,ゴドルフィン,240.0,202005010604
3,2,3,コスモオリ,牡3,56,柴田大知,1:41.5,5,**,,,,,11-9,39.1,6.1,3,436(0),,,,[東]高橋祥泰,ビッグレッドファーム,150.0,202005010604
4,3,5,ヤギリエピファクン,牡3,56,丸山元気,1:41.5,クビ,**,,,,,5-5,39.6,14.8,7,474(0),,,,[東]小西一男,内田ヤエ子,90.0,202005010604
5,7,13,ゴールドスナイパー,牡3,56,木幡巧也,1:41.7,1.1/4,**,,,,,5-5,39.8,31.1,9,474(0),,,,[東]田中剛,馬目卓,60.0,202005010604
6,5,9,アントルドゥメール,牝3,53,菊沢一樹,1:41.9,1,**,,,,,4-2,40.1,9.4,5,442(0),,,,[東]菊沢隆徳,村野康司,,202005010604
7,6,12,カッティングロック,牡3,56,石橋脩,1:42.2,1.3/4,**,,,,,15-15,37.9,38.5,10,504(0),,,,[東]相沢郁,石瀬浩三,,202005010604
8,5,10,エドノスカッシュ,牝3,54,内田博幸,1:42.5,2,**,,,,,9-9,40.2,74.5,12,476(0),,,,[東]松山将樹,遠藤喜松,,202005010604
9,1,1,ヨドノウイング,牡3,56,柴田善臣,1:43.1,3.1/2,**,,,,,14-13,39.3,20.3,8,480(0),,,,[東]中野栄治,海原聖一,,202005010604
10,4,8,ロングイ,牡3,56,井上敏樹,1:43.3,1.1/4,**,,,,,13-11,40.1,202.2,16,492(0),,,,[東]伊藤大士,佐久間拓士,,202005010604
11,2,4,クックテソーロ,牡3,56,鮫島良太,1:43.8,3,**,,,,,8-7,41.6,130.1,15,476(0),,,,[東]和田雄二,了徳寺健二ホールディングス,,202005010604
12,8,15,シゲルガラテア,牡3,56,村田一誠,1:44.3,3,**,,,,,2-2,42.6,84.9,13,486(0),,,,[東]水野貴広,森中蕃,,202005010604
13,1,2,マリノスペクトル,牝3,54,伊藤工真,1:44.4,1/2,**,,,,,12-12,41.0,54.7,11,464(0),,,,[東]林徹,クラウン,,202005010604
14,6,11,ノーブレイナー,牡3,56,石川裕紀,1:45.5,7,**,,,,,3-2,43.7,86.6,14,454(0),,,,[東]蛯名利弘,畑佐博,,202005010604
15,8,16,ジュンスターリッチ,牝3,54,松山弘平,1:46.7,7,**,,,,,10-13,42.9,10.3,6,458(0),,,,[東]畠山吉宏,河合純二,,202005010604
16,3,6,アラーラム,牝3,54,北村宏司,1:49.1,大,**,,,,,16-16,40.0,7.6,4,458(0),,,,[東]上原博之,ゴドルフィン,,202005010604
1,7,14,フェアリーグルーヴ,牝3,54,丸山元気,1:50.2,,**,,,,,9-14-13,35.6,43.6,7,440(+10),,,,[東]高橋文雅,サンデーレーシング,510.0,202005010605
2,1,2,セイウンノワール,牝3,54,田中勝春,1:50.2,クビ,**,,,,,1-1-1,36.4,39.4,6,506(-4),,,,[東]尾形和幸,西山茂行,200.0,202005010605
3,8,16,ブランシュフルール,牝3,54,ルメール,1:50.3,1/2,**,,,,,15-10-10,35.8,3.4,2,450(+10),,,,[東]大竹正博,サンデーレーシング,130.0,202005010605
4,3,5,クロトノーナ,牝3,54,石橋脩,1:50.5,1.1/4,**,,,,,8-3-4,36.4,15.5,4,414(+12),,,,[東]大和田成,キャロットファーム,77.0,202005010605
5,5,9,アールブリッツ,牡3,56,木幡巧也,1:50.8,1.1/2,**,,,,,2-2-2,36.9,9.4,3,526(+6),,,,[東]伊藤大士,前原敏行,51.0,202005010605
6,1,1,テンカビト,牡3,56,横山和生,1:51.1,1.3/4,**,,,,,16-14-16,36.1,125.3,13,496(-14),,,,[東]小野次郎,村田哲朗,,202005010605
7,7,13,アンティシペイト,牡3,56,武豊,1:51.1,クビ,**,,,,,7-10-7,36.8,1.7,1,496(+10),,,,[東]国枝栄,Ｇ１レーシング,,202005010605
8,8,15,ユイノリオン,牡3,56,吉田豊,1:51.3,1,**,,,,,11-14-15,36.4,111.6,12,438(0),,,,[東]尾関知人,由井健太郎,,202005010605
9,3,6,サトノバシリス,牝3,54,田辺裕信,1:51.3,ハナ,**,,,,,11-6-7,37.0,95.6,11,438(+2),,,,[東]奥村武,サトミホースカンパニー,,202005010605
10,4,7,コスモクウ,牡3,56,柴田大知,1:51.4,3/4,**,,,,,11-10-9,37.0,64.9,10,464(+6),,,,[東]上原博之,岡田繁幸,,202005010605
11,6,11,ルピナスガーデン,牝3,54,武藤雅,1:51.5,3/4,**,,,,,3-3-2,37.6,333.3,14,466(+2),,,,[東]竹内正洋,スリースターズレーシング,,202005010605
12,2,4,クラウンララファル,牡3,55,菊沢一樹,1:51.7,1.1/2,**,,,,,3-6-10,37.2,407.2,15,472(+10),,,,[東]田島俊明,矢野雅子,,202005010605
13,2,3,クロワルース,牝3,54,北村宏司,1:51.8,クビ,**,,,,,3-5-5,37.6,17.0,5,480(+10),,,,[東]古賀慎明,シルクレーシング,,202005010605
14,5,10,マイネルスタイル,牡3,56,ミナリク,1:51.9,3/4,**,,,,,3-6-5,37.7,44.9,9,474(+2),,,,[東]小笠倫弘,サラブレッドクラブ・ラフィアン,,202005010605
15,6,12,スノージュエリー,牝3,53,野中悠太,1:52.1,1.1/4,**,,,,,11-13-13,37.4,44.3,8,440(-6),,,,[東]根本康広,広尾レース,,202005010605
16,4,8,ドナグラツィア,牝3,54,菅原隆一,1:52.9,5,**,,,,,9-9-10,38.4,424.7,16,412(0),,,,[東]畠山吉宏,小川眞査雄,,202005010605
1,4,5,ヴェスターヴァルト,牡3,56,ルメール,1:23.0,,**,,,,,9-7,35.0,3.9,3,464(-2),,,,[東]加藤征弘,キャロットファーム,730.0,202005010606
2,1,1,グランチェイサー,牡3,56,石橋脩,1:23.2,1,**,,,,,13-13,34.5,12.7,5,456(+10),,,,[東]矢野英一,落合幸弘,290.0,202005010606
3,4,6,コウソクスピード,牡3,56,丸山元気,1:23.5,1.3/4,**,,,,,13-13,34.9,11.9,4,520(+10),,,,[東]中舘英二,野崎昭夫,180.0,202005010606
4,7,11,モーベット,牝3,52,木幡育也,1:23.5,クビ,**,,,,,12-12,35.0,3.7,1,458(+4),,,,[東]藤沢和雄,シルクレーシング,110.0,202005010606
5,3,3,セイウンパワフル,牡3,56,ミナリク,1:23.6,クビ,**,,,,,11-10,35.3,34.8,10,472(-6),,,,[東]斎藤誠,西山茂行,73.0,202005010606
6,3,4,ヴァルナ,牡3,56,幸英明,1:23.6,ハナ,**,,,,,3-3,36.0,12.8,6,478(+2),,,,[西]寺島良,野嶋祥二,,202005010606
7,5,8,アメージングサン,牡3,56,Ｍ．デム,1:23.8,1.1/2,**,,,,,1-1,36.4,3.7,2,466(+10),,,,[東]奥村武,ローレルレーシング,,202005010606
8,8,14,コスモカルナック,牡3,56,柴田大知,1:23.9,クビ,**,,,,,9-10,35.6,21.5,9,472(0),,,,[東]菊沢隆徳,ビッグレッドファーム,,202005010606
9,6,10,タケルラスティ,牡3,56,松山弘平,1:24.2,2,**,,,,,3-3,36.6,16.0,7,496(0),,,,[西]矢作芳人,森保彦,,202005010606
10,8,13,ロードエクスプレス,牡3,56,石川裕紀,1:24.5,2,**,,,,,5-5,36.6,19.4,8,448(+2),,,,[西]坂口智康,ロードホースクラブ,,202005010606
11,2,2,カップッチョ,牡3,56,江田照男,1:24.7,1,**,,,,,7-5,36.9,78.3,11,456(0),,,,[東]高市圭二,ミルファーム,,202005010606
12,6,9,プライモーディアル,牡3,55,野中悠太,1:25.0,1.3/4,**,,,,,2-2,37.5,99.6,12,490(+8),,,,[東]黒岩陽一,ゴドルフィン,,202005010606
13,7,12,インザムード,牡3,56,岡田祥嗣,1:25.2,1.1/2,**,,,,,7-7,37.1,243.7,13,476(-4),,,,[西]浅見秀一,三田昌宏,,202005010606
14,5,7,リュウノゾロ,セ3,56,菅原隆一,1:25.4,1.1/4,**,,,,,5-7,37.3,274.4,14,460(-20),,,,[東]小野次郎,蓑島竜一,,202005010606
1,3,6,リトルモンスター,牝4,55,ルメール,1:38.0,,**,,,,,7-5,37.5,2.4,1,480(+10),,,,[東]武井亮,吉田千津,760.0,202005010607
2,8,16,ヴィーダ,セ5,57,木幡巧也,1:38.1,3/4,**,,,,,2-2,38.1,13.1,5,436(-6),,,,[東]堀井雅広,中村広樹,300.0,202005010607
3,6,11,ダンスメーカー,牡5,57,武藤雅,1:38.3,1.1/4,**,,,,,12-9,37.5,12.5,4,490(+2),,,,[東]戸田博文,Ｇ１レーシング,190.0,202005010607
4,2,4,ペイシャキュウ,牝4,54,野中悠太,1:38.3,アタマ,**,,,,,7-7,37.6,3.7,2,424(0),,,,[東]蛯名利弘,北所直人,110.0,202005010607
5,6,12,ロブラリア,牝5,55,江田照男,1:38.4,3/4,**,,,,,14-13,37.2,16.2,7,476(+4),,,,[東]田村康仁,ディアレストクラブ,76.0,202005010607
6,2,3,セイカヤマノ,牡4,57,武士沢友,1:38.5,クビ,**,,,,,16-15,37.0,30.6,11,500(0),,,,[東]南田美知,久米誠,,202005010607
7,3,5,プリミエラムール,牝4,55,武豊,1:38.8,2,**,,,,,1-1,39.0,20.9,10,444(-8),,,,[東]田島俊明,ライオンレースホース,,202005010607
8,8,15,ポートロイヤル,セ4,57,田辺裕信,1:39.3,3,**,,,,,5-3,39.0,12.3,3,480(+6),,,,[東]高柳瑞樹,社台レースホース,,202005010607
9,4,8,ローリエテソーロ,牡4,57,内田博幸,1:39.8,3,**,,,,,14-15,38.4,196.5,14,524(-2),,,,[東]加藤和宏,了徳寺健二ホールディングス,,202005010607
10,7,14,サンマルフラッシュ,牡4,57,嘉藤貴行,1:39.9,1/2,**,,,,,10-10,39.0,242.9,16,458(-20),,,,[東]佐藤吉勝,相馬勇,,202005010607
11,5,10,フラベリフォーム,牡5,57,田中勝春,1:40.7,5,**,,,,,11-10,39.7,17.4,8,462(+8),,,,[東]萩原清,水上行雄,,202005010607
12,5,9,ミッキーセオリー,牡4,57,大野拓弥,1:41.8,7,**,,,,,4-5,41.3,20.8,9,464(+18),,,,[東]久保田貴,野田みづき,,202005010607
13,1,2,クロヒョウ,牡4,57,柴田善臣,1:42.0,3/4,**,,,,,7-10,41.1,15.6,6,486(0),,,,[東]小西一男,河内孝夫,,202005010607
14,7,13,チバタリアン,牝4,55,石川裕紀,1:42.0,クビ,**,,,,,5-7,41.4,198.5,15,426(0),,,,[東]稲垣幸雄,井上久光,,202005010607
15,4,7,エレガントエルフ,セ4,57,ミナリク,1:42.1,3/4,**,,,,,12-14,40.8,186.7,13,458(+6),,,,[東]高柳瑞樹,岡田牧雄,,202005010607
16,1,1,ボールドスパルタン,牡5,56,菊沢一樹,1:43.1,6,**,,,,,3-3,42.8,131.8,12,472(+2),,,,[東]大和田成,増田陽一,,202005010607
1,2,2,サクラアリュール,牡5,57,武豊,2:11.1,,**,,,,,4-3-5-3,36.5,2.4,1,468(-2),,,,[西]村山明,さくらコマース,"1,100.0",202005010608
2,7,9,フィストバンプ,牡4,56,田中勝春,2:11.5,2.1/2,**,,,,,1-1-1-1,37.2,17.3,7,490(-2),,,,[東]松永康利,小林竜太郎,440.0,202005010608
3,8,11,ロードリバーサル,牡4,56,Ｍ．デム,2:11.8,1.3/4,**,,,,,2-2-2-2,37.4,5.0,2,492(+2),,,,[西]藤岡健一,ロードホースクラブ,280.0,202005010608
4,1,1,ネオブレイブ,牡4,56,田辺裕信,2:11.9,クビ,**,,,,,9-9-9-9,36.6,38.7,10,508(+4),,,,[東]小西一男,西田俊二,170.0,202005010608
5,7,10,ストロングライン,牡4,56,石橋脩,2:12.1,1.1/4,**,,,,,3-3-3-4,37.3,5.2,3,512(-10),,,,[西]西村真幸,ターフ・スポート,110.0,202005010608
6,5,6,キタサンヴィクター,牡5,56,菊沢一樹,2:12.5,2.1/2,**,,,,,8-8-8-8,37.3,13.4,6,522(+4),,,,[西]本田優,大野商事,,202005010608
7,4,4,ミラクルブラッド,牝5,55,大野拓弥,2:12.9,2.1/2,**,,,,,7-7-6-6,37.9,22.8,9,460(+2),,,,[東]相沢郁,芹澤精一,,202005010608
8,8,12,メスキータ,牡4,56,松山弘平,2:13.1,1.1/2,**,,,,,10-10-9-9,37.8,19.8,8,520(-2),,,,[西]山内研二,岡浩二,,202005010608
9,3,3,マックスアン,牡4,56,ミナリク,2:13.2,クビ,**,,,,,11-11-11-11,37.6,10.2,4,470(0),,,,[東]大和田成,ＴＵＲＦレーシング,,202005010608
10,6,7,キャプチュード,牡5,57,武藤雅,2:13.4,1.1/4,**,,,,,12-12-12-12,37.6,121.9,12,486(+2),,,,[東]和田正一,ローレルレーシング,,202005010608
11,5,5,ベルウッドカザン,牡4,56,柴田大知,2:13.4,アタマ,**,,,,,4-6-6-6,38.5,11.2,5,498(0),,,,[東]和田雄二,鈴木照雄,,202005010608
12,6,8,ワイルドゲーム,牡7,57,柴田善臣,2:13.5,3/4,**,,,,,4-3-3-4,38.7,88.0,11,490(-2),,,,[東]石栗龍彦,小林英一ホールディングス,,202005010608
1,2,2,サムシングジャスト,牝4,54,松山弘平,1:48.2,,**,,,,,12-11-6,34.7,5.8,2,506(-8),,,,[西]松田国英,グリーンファーム,"1,853.6",202005010609
2,5,9,サトノダムゼル,牝4,54,Ｍ．デム,1:48.2,クビ,**,,,,,10-11-6,34.7,2.6,1,456(+12),,,,[東]堀宣行,サトミホースカンパニー,739.6,202005010609
3,3,4,ロフティフレーズ,牝5,55,丸山元気,1:48.4,1.1/4,**,,,,,10-2-2,35.6,18.4,7,468(-2),,,,[東]上原博之,水上ふじ子,464.8,202005010609
4,1,1,リープフラウミルヒ,牝5,55,石川裕紀,1:48.5,1/2,**,,,,,1-1-1,35.7,27.4,10,430(+2),,,,[東]相沢郁,サラブレッドクラブ・ラフィアン,270.0,202005010609
5,3,5,サマーセント,牝4,54,幸英明,1:48.5,クビ,**,,,,,6-8-10,34.7,18.6,8,448(-4),,,,[西]斉藤崇史,ゴドルフィン,182.0,202005010609
6,4,6,ローズテソーロ,牝4,54,武藤雅,1:48.6,1/2,**,,,,,4-6-8,35.0,7.3,4,458(+10),,,,[東]金成貴史,了徳寺健二ホールディングス,,202005010609
7,4,7,リンディーホップ,牝5,55,ルメール,1:48.8,1.1/4,**,,,,,6-8-10,35.0,6.6,3,484(+16),,,,[東]金成貴史,社台レースホース,,202005010609
8,5,8,ヤマカツグレース,牝6,55,横山典弘,1:48.9,1/2,**,,,,,2-4-4,35.6,125.2,15,464(0),,,,[西]池添兼雄,山田博康,,202005010609
9,7,13,エリティエール,牝6,55,石橋脩,1:49.0,クビ,**,,,,,9-8-10,35.2,13.7,6,448(+6),,,,[東]大竹正博,キャロットファーム,,202005010609
10,2,3,レオコックブルー,牝5,55,内田博幸,1:49.0,クビ,**,,,,,15-15-14,34.9,67.9,12,434(-6),,,,[西]牧田和弥,親川智行,,202005010609
11,7,12,イストワールファム,牝6,55,武豊,1:49.0,ハナ,**,,,,,14-14-10,35.2,23.2,9,464(+8),,,,[東]古賀慎明,シルクレーシング,,202005010609
12,8,15,ブラックスビーチ,牝6,55,北村宏司,1:49.4,2.1/2,**,,,,,2-2-3,36.5,27.5,11,464(-4),,,,[西]角居勝彦,山本英俊,,202005010609
13,8,14,モアナアネラ,牝4,54,田辺裕信,1:49.7,1.3/4,**,,,,,12-11-14,35.6,12.6,5,420(-4),,,,[西]石坂正,サンデーレーシング,,202005010609
14,6,10,ウインゼノビア,牝4,54,柴田大知,1:50.0,1.3/4,**,,,,,4-5-4,36.6,92.7,13,482(+22),,,,[東]青木孝文,ウイン,,202005010609
15,6,11,ハイヒール,牝5,55,ミナリク,1:51.1,7,**,,,,,6-6-8,37.5,100.7,14,454(+4),,,,[西]清水久詞,石川達絵,,202005010609
1,4,8,ショーム,牡5,57,横山典弘,1:23.6,,**,,,,,13-12,35.5,6.7,4,498(+10),,,,[東]鈴木伸尋,西森功,"2,237.8",202005010610
2,3,5,イーグルバローズ,牡6,57,石橋脩,1:23.7,1/2,**,,,,,15-15,35.1,34.2,9,558(+20),,,,[東]堀宣行,猪熊広次,890.8,202005010610
3,8,15,ベストマッチョ,セ7,58,北村宏司,1:23.8,1/2,**,,,,,3-3,36.8,35.4,10,500(+14),,,,[東]手塚貴久,馬場幸夫,555.4,202005010610
4,6,12,ドリュウ,牡5,57,Ｍ．デム,1:23.9,3/4,**,,,,,12-12,35.8,6.3,3,450(-2),,,,[東]土田稔,ミルファーム,330.0,202005010610
5,8,16,ブルベアイリーデ,牡4,57,ルメール,1:23.9,クビ,**,,,,,4-4,36.6,3.8,2,492(0),,,,[西]杉山晴紀,ブルアンドベア,220.0,202005010610
6,3,6,サヴィ,牡6,57,ミナリク,1:24.0,1/2,**,,,,,4-4,36.7,18.7,7,468(+4),,,,[西]中内田充,ゴドルフィン,,202005010610
7,7,14,ロードグラディオ,牡4,57,丸山元気,1:24.3,1.3/4,**,,,,,6-6,36.7,13.8,5,486(0),,,,[西]西浦勝一,ロードホースクラブ,,202005010610
8,2,3,ラプタス,セ4,57,幸英明,1:24.6,2,**,,,,,1-1,37.8,3.1,1,462(-2),,,,[西]松永昌博,ヒダカ・ブリーダーズ・ユニオン,,202005010610
9,6,11,サングラス,牡9,59,石川裕紀,1:24.6,クビ,**,,,,,13-14,36.2,201.0,16,510(+2),,,,[西]谷潔,玉置潔,,202005010610
10,2,4,アキトクレッセント,牡8,59,大野拓弥,1:24.7,3/4,**,,,,,6-6,37.2,137.4,15,508(0),,,,[西]清水久詞,岡田昭利,,202005010610
11,4,7,ノーブルサターン,牡6,57,鮫島良太,1:24.8,1/2,**,,,,,9-8,36.9,45.8,12,508(0),,,,[西]牧浦充徳,吉木伸彦,,202005010610
12,5,9,タガノアム,牝5,55,岡田祥嗣,1:24.9,1/2,**,,,,,9-10,36.9,28.6,8,480(-6),,,,[西]浅見秀一,八木良司,,202005010610
13,5,10,ロワアブソリュー,牡7,59,吉田豊,1:25.4,3,**,,,,,9-10,37.4,70.4,13,516(-2),,,,[西]須貝尚介,サンデーレーシング,,202005010610
14,1,1,クリノケンリュウ,牡6,57,武藤雅,1:25.4,クビ,**,,,,,6-8,37.6,44.1,11,508(0),,,,[西]藤沢則雄,栗本博晴,,202005010610
15,7,13,トミケンキルカス,牡8,57,田辺裕信,1:26.8,9,**,,,,,2-2,39.9,102.5,14,518(+2),,,,[東]大和田成,冨樫賢二,,202005010610
中,1,2,ジャスパープリンス,牡5,57,松山弘平,,,**,,,,,,,14.5,6,494(+12),,,,[西]森秀行,加藤和夫,,202005010610
1,6,6,ダーリントンホール,牡3,56,ルメール,1:49.6,,**,,,,,4-4-3,34.1,6.0,3,526(+2),,,,[東]木村哲也,ゴドルフィン,"3,834.3",202005010611
2,2,2,ビターエンダー,牡3,56,ミナリク,1:49.6,ハナ,**,,,,,2-1-1,34.3,14.1,4,460(-10),,,,[東]相沢郁,ヒダカ・ブリーダーズ・ユニオン,"1,509.8",202005010611
3,7,7,フィリオアレグロ,牡3,56,Ｍ．デム,1:50.3,4,**,,,,,2-4-5,34.6,4.6,2,490(+18),,,,[東]堀宣行,サンデーレーシング,954.9,202005010611
4,8,8,マイラプソディ,牡3,57,武豊,1:50.3,アタマ,**,,,,,6-7-7,34.3,1.5,1,508(-2),,,,[西]友道康夫,キーファーズ,570.0,202005010611
5,3,3,ココロノトウダイ,牡3,56,丸山元気,1:50.4,1/2,**,,,,,1-2-3,34.9,14.6,5,528(+12),,,,[東]手塚貴久,星野壽市,380.0,202005010611
6,4,4,シングンバズーカ,牡3,56,柴田善臣,1:50.4,ハナ,**,,,,,6-4-5,34.6,32.5,7,474(+6),,,,[東]高市圭二,伊坂重憲,,202005010611
7,1,1,エン,牡3,54,柴田大知,1:51.4,6,**,,,,,4-2-2,36.0,25.0,6,466(+3),,,,[地]河津裕昭,岡田繁幸,,202005010611
8,8,9,シコウ,牡3,56,木幡巧也,1:51.5,1/2,**,,,,,6-9-7,35.4,217.5,8,456(-4),,,,[東]牧光二,岡田牧雄,,202005010611
9,5,5,アジュバント,牡3,56,幸英明,1:52.0,3,**,,,,,9-7-7,36.0,258.1,9,452(-2),,,,[東]上原博之,伊達敏明,,202005010611
1,7,10,ニシノカツナリ,牡4,57,田辺裕信,1:35.1,,**,,,,,9-9,34.8,3.6,1,480(+4),,,,[東]水野貴広,西山茂行,"1,100.0",202005010612
2,6,7,パルマリア,牡5,57,丸山元気,1:35.4,2,**,,,,,6-5,35.5,4.5,3,534(+6),,,,[東]武井亮,吉田和美,440.0,202005010612
3,8,12,ロザムール,牝4,55,北村宏司,1:35.5,クビ,**,,,,,1-1,36.2,13.5,6,482(-2),,,,[東]上原博之,栗山良子,280.0,202005010612
4,6,8,サトノフォース,牡4,57,ルメール,1:35.6,1/2,**,,,,,7-7,35.5,3.9,2,460(+4),,,,[東]藤沢和雄,サトミホースカンパニー,170.0,202005010612
5,4,4,ステイオンザトップ,牡6,57,Ｍ．デム,1:35.6,ハナ,**,,,,,2-2,36.0,4.6,4,476(+4),,,,[西]須貝尚介,シルクレーシング,110.0,202005010612
6,8,11,ソーラーフレア,牡5,57,松山弘平,1:35.8,1.1/4,**,,,,,7-7,35.6,21.2,7,458(-2),,,,[東]高柳瑞樹,ゴドルフィン,,202005010612
7,1,1,エイムアンドエンド,牡5,57,石橋脩,1:35.9,1/2,**,,,,,3-5,36.1,28.3,8,500(+6),,,,[東]奥村武,キャロットファーム,,202005010612
8,5,6,ショワドゥロワ,牡6,57,武豊,1:36.0,1/2,**,,,,,9-9,35.7,50.5,10,520(+12),,,,[東]鹿戸雄一,村野康司,,202005010612
9,2,2,エメラルスター,牡6,57,石川裕紀,1:36.3,2,**,,,,,4-2,36.7,39.3,9,462(0),,,,[東]相沢郁,高橋勉,,202005010612
10,5,5,ナンヨーマーズ,牡6,55,木幡育也,1:36.4,クビ,**,,,,,12-11,35.6,211.1,11,464(+4),,,,[東]杉浦宏昭,中村徳也,,202005010612
11,7,9,スワンボート,牡10,57,幸英明,1:37.9,9,**,,,,,11-11,37.2,321.2,12,488(-6),,,,[東]浅野洋一,田頭勇貴,,202005010612
12,3,3,アンブロークン,牡4,57,武藤雅,1:39.7,大,**,,,,,4-2,40.0,13.0,5,514(-4),,,,[東]手塚貴久,馬場幸夫,,202005010612
1,3,5,クールマキシマム,牝3,54,嘉藤貴行,1:25.8,,**,,,,,4-4,36.6,3.0,1,474(-4),,,,[東]奥平雅士,保谷フミ子,510.0,202005010701
2,2,4,ディアコニア,牝3,54,フォーリ,1:26.7,5,**,,,,,7-7,37.2,3.3,2,462(+10),,,,[東]古賀慎明,サンデーレーシング,200.0,202005010701
3,7,14,ナーラック,牝3,53,菊沢一樹,1:26.7,アタマ,**,,,,,2-2,37.8,17.2,5,442(-2),,,,[東]柄崎孝,辻牧場,130.0,202005010701
4,8,16,トリッチトラッチ,牝3,54,田辺裕信,1:27.5,5,**,,,,,14-14,37.2,3.3,3,420(0),,,,[東]伊藤圭三,ライオンレースホース,77.0,202005010701
5,3,6,ハワイアンムーン,牝3,54,ミナリク,1:27.8,1.3/4,**,,,,,1-1,38.9,22.6,6,456(-6),,,,[東]鹿戸雄一,窪田芳郎,51.0,202005010701
6,7,13,アオイサンゴショウ,牝3,54,武藤雅,1:28.1,2,**,,,,,9-9,38.2,182.8,13,430(+14),,,,[東]田中清隆,芹澤精一,,202005010701
7,2,3,セイレーンズベルン,牝3,54,北村宏司,1:28.4,1.3/4,**,,,,,4-4,39.2,29.4,7,416(+4),,,,[東]加藤和宏,四本昭弘,,202005010701
8,1,1,ロマンスストーリー,牝3,53,野中悠太,1:28.4,クビ,**,,,,,9-9,38.5,40.3,10,436(-4),,,,[東]新開幸一,明栄商事,,202005010701
9,1,2,キアナポラリス,牝3,54,柴田善臣,1:28.6,1,**,,,,,12-13,38.4,31.9,8,434(+2),,,,[東]国枝栄,ノルマンディーサラブレッドレーシング,,202005010701
10,4,8,タマサイ,牝3,54,江田照男,1:28.8,1.1/2,**,,,,,11-11,38.7,237.0,14,430(+4),,,,[東]尾関知人,ミルファーム,,202005010701
11,5,10,サツキオーゴン,牝3,54,藤井勘一,1:28.9,クビ,**,,,,,2-2,39.9,322.6,15,422(+4),,,,[東]石栗龍彦,小野博郷,,202005010701
12,4,7,セブンシースケイプ,牝3,54,横山和生,1:29.0,1/2,**,,,,,14-15,38.6,151.5,12,452(0),,,,[東]勢司和浩,Ｇ１レーシング,,202005010701
13,8,15,ルージュキッス,牝3,54,宮崎北斗,1:29.2,1.1/2,**,,,,,12-11,39.1,108.1,11,438(+8),,,,[東]和田雄二,ヒダカ・ブリーダーズ・ユニオン,,202005010701
14,6,11,ベスティー,牝3,52,木幡育也,1:30.0,5,**,,,,,16-16,39.1,363.9,16,464(-6),,,,[東]林徹,林正道,,202005010701
15,6,12,ミッキーベル,牝3,54,横山典弘,1:30.7,4,**,,,,,7-8,41.0,40.2,9,416(-14),,,,[東]菊沢隆徳,野田みづき,,202005010701
16,5,9,グリエクレール,牝3,54,津村明秀,1:31.5,5,**,,,,,4-4,42.3,12.1,4,452(+6),,,,[東]菊沢隆徳,ノルマンディーサラブレッドレーシング,,202005010701
1,1,2,リュードマン,牡3,56,横山典弘,2:16.7,,**,,,,,3-3-4-4,38.8,7.8,4,472(+2),,,,[東]中川公成,ノルマンディーサラブレッドレーシング,510.0,202005010702
2,3,6,ロドルフォブレイン,牡3,56,石橋脩,2:16.8,3/4,**,,,,,3-3-3-3,39.0,5.0,3,526(-4),,,,[東]尾関知人,エンジェルレーシング,200.0,202005010702
3,6,11,トップリーチ,牡3,56,横山和生,2:17.0,1,**,,,,,14-13-7-7,38.7,63.9,11,438(-8),,,,[東]萱野浩二,紅露純,130.0,202005010702
4,2,4,ケイアイタカプナ,牡3,56,江田照男,2:17.1,1/2,**,,,,,2-2-2-1,39.8,48.6,10,462(0),,,,[東]田村康仁,亀田和弘,77.0,202005010702
5,4,8,ショウナンアクア,牡3,56,吉田豊,2:17.4,2,**,,,,,11-11-11-12,38.4,5.0,2,472(-2),,,,[東]古賀史生,国本哲秀,51.0,202005010702
6,4,7,サバイバルボス,牡3,56,内田博幸,2:17.7,1.3/4,**,,,,,12-11-13-13,38.6,320.6,15,500(+6),,,,[東]和田雄二,福田光博,,202005010702
7,5,9,キークラウン,牡3,55,野中悠太,2:17.8,1/2,**,,,,,16-13-9-9,39.1,20.9,7,492(-2),,,,[東]黒岩陽一,北前孔一郎,,202005010702
8,2,3,スウィング,牡3,56,田辺裕信,2:17.9,クビ,**,,,,,5-5-8-8,39.5,8.4,5,480(+2),,,,[東]高柳瑞樹,カナヤマホールディングス,,202005010702
9,5,10,ワンダーサーイター,牡3,56,菅原隆一,2:17.9,ハナ,**,,,,,12-13-13-15,38.6,434.4,16,452(-4),,,,[東]畠山吉宏,山本能成,,202005010702
10,3,5,ユーアーマイソウル,牡3,56,嘉藤貴行,2:18.0,3/4,**,,,,,1-1-1-2,40.7,141.5,13,486(-2),,,,[東]伊藤伸一,ミルファーム,,202005010702
11,8,15,ソルメンシス,牡3,55,菊沢一樹,2:18.2,1.1/4,**,,,,,8-8-9-9,39.5,80.9,12,492(-4),,,,[東]菊川正達,ディアレストクラブ,,202005010702
12,7,14,レオファイナリスト,牡3,56,木幡巧也,2:18.7,3,**,,,,,5-5-4-4,40.8,2.7,1,474(-2),,,,[東]牧光二,レオ,,202005010702
13,1,1,クラウンマハロ,牡3,56,武藤雅,2:19.0,2,**,,,,,10-10-13-13,39.9,47.3,9,510(+6),,,,[東]尾形和幸,クラウン,,202005010702
14,8,16,ボントンルレ,牡3,56,丸山元気,2:19.0,ハナ,**,,,,,5-5-4-4,41.0,32.5,8,468(+2),,,,[東]林徹,ジャコモ,,202005010702
15,6,12,ジョウハリ,牡3,56,武士沢友,2:19.1,1/2,**,,,,,14-13-16-15,39.7,205.9,14,438(+6),,,,[東]田島俊明,林弘之,,202005010702
16,7,13,オルプランタン,牝3,54,ミナリク,2:20.7,10,**,,,,,9-8-11-9,41.9,12.1,6,424(-6),,,,[東]田中清隆,岡田牧雄,,202005010702
1,8,15,プロヴィデンス,牡3,56,田辺裕信,1:25.3,,**,,,,,1-1,36.6,4.6,2,476(-4),,,,[東]加藤士津,藤本栄史,730.0,202005010703
2,6,12,ブランクチェック,牝3,54,フォーリ,1:25.7,2.1/2,**,,,,,6-7,36.4,6.5,4,482(+2),,,,[東]栗田徹,ゴドルフィン,290.0,202005010703
3,8,16,パルディエス,牡3,56,横山典弘,1:25.7,アタマ,**,,,,,3-3,36.7,3.2,1,464(+6),,,,[東]田中博康,吉田照哉,180.0,202005010703
4,7,14,トリプルシックス,牝3,54,横山和生,1:25.8,クビ,**,,,,,2-2,37.0,39.8,10,466(-2),,,,[東]古賀史生,西森功,110.0,202005010703
5,3,6,インウィクトス,牡3,56,Ｍ．デム,1:26.2,2.1/2,**,,,,,3-3,37.2,5.9,3,458(-6),,,,[東]小桧山悟,加藤厚子,73.0,202005010703
6,4,8,カイアワセ,牝3,54,武士沢友,1:26.3,クビ,**,,,,,3-3,37.2,13.0,6,436(0),,,,[東]星野忍,内田玄祥,,202005010703
7,2,4,ダイチヴィット,牡3,56,江田照男,1:26.3,クビ,**,,,,,10-9,36.8,44.0,12,454(-2),,,,[東]竹内正洋,荻伏服部牧場,,202005010703
8,5,9,スズカコーズマンボ,牡3,56,北村宏司,1:26.4,3/4,**,,,,,15-15,36.1,11.4,5,468(-8),,,,[東]伊藤圭三,永井啓弍,,202005010703
9,1,1,バウンティハンター,牡3,56,黛弘人,1:26.5,1/2,**,,,,,12-11,36.6,25.7,8,480(-4),,,,[東]藤原辰雄,浅田次郎,,202005010703
10,1,2,アポロセイラン,牡3,56,吉田豊,1:26.6,3/4,**,,,,,13-13,36.5,95.9,14,452(0),,,,[東]中舘英二,アポロサラブレッドクラブ,,202005010703
11,2,3,ニシノホライゾン,牡3,56,丸山元気,1:26.7,クビ,**,,,,,8-7,37.4,39.9,11,514(+4),,,,[東]的場均,西山茂行,,202005010703
12,7,13,ドンマニフィコ,牡3,56,石橋脩,1:26.8,1/2,**,,,,,6-3,37.7,27.0,9,436(+2),,,,[西]牧浦充徳,山田貢一,,202005010703
13,6,11,テンサイドカップ,牝3,54,内田博幸,1:26.8,アタマ,**,,,,,10-9,37.3,16.7,7,470(+4),,,,[東]矢野英一,天白泰司,,202005010703
14,4,7,クリアミッション,牡3,56,大庭和弥,1:26.9,3/4,**,,,,,15-13,36.8,67.5,13,506(0),,,,[東]土田稔,大原詔宏,,202005010703
15,3,5,ハディア,牡3,55,菊沢一樹,1:28.3,8,**,,,,,9-11,38.4,140.1,15,464(-4),,,,[東]粕谷昌央,ターフ・スポート,,202005010703
16,5,10,エコロアーサー,牡3,55,野中悠太,1:29.3,6,**,,,,,13-15,38.9,322.7,16,452(-2),,,,[東]武市康男,原村正紀,,202005010703
1,8,16,パイロテクニクス,セ4,57,川田将雅,1:38.2,,**,,,,,5-5,36.3,2.2,1,506(-6),,,,[東]武藤善則,シルクレーシング,760.0,202005010704
2,4,7,シングシングシング,牝5,55,武藤雅,1:38.3,3/4,**,,,,,1-1,37.1,4.1,2,476(-4),,,,[東]伊藤大士,グリーンファーム,300.0,202005010704
3,8,15,マイネルレンカ,牡6,57,フォーリ,1:38.7,2.1/2,**,,,,,2-2,37.4,54.7,9,470(+6),,,,[東]堀井雅広,サラブレッドクラブ・ラフィアン,190.0,202005010704
4,4,8,チェリートリトン,牡6,57,田辺裕信,1:38.8,クビ,**,,,,,3-3,37.3,9.2,5,490(+2),,,,[東]小西一男,櫻井悦朗,110.0,202005010704
5,3,6,ショーヒデキラ,牡4,57,津村明秀,1:39.2,2.1/2,**,,,,,7-7,37.1,8.4,3,482(-4),,,,[東]鈴木伸尋,吉冨学,76.0,202005010704
6,7,13,モリノカワセミ,牝4,55,江田照男,1:39.4,1.1/2,**,,,,,9-9,36.9,12.0,6,464(+10),,,,[東]大江原哲,森和久,,202005010704
7,1,2,オープンザウェイ,セ8,57,木幡巧也,1:39.5,クビ,**,,,,,16-15,36.1,59.8,11,474(+2),,,,[東]菊川正達,ディアレストクラブ,,202005010704
8,7,14,ヴィーヴルサヴィ,セ5,56,野中悠太,1:39.6,3/4,**,,,,,4-4,37.9,189.4,13,510(+6),,,,[東]林徹,ライオンレースホース,,202005010704
9,2,3,ニューツーリズム,牡4,57,Ｍ．デム,1:39.7,1/2,**,,,,,13-12,36.8,8.4,4,510(+2),,,,[東]黒岩陽一,吉田晴哉,,202005010704
10,5,10,ハンドリー,牝5,55,ミナリク,1:39.8,クビ,**,,,,,11-11,37.0,56.6,10,464(0),,,,[東]青木孝文,大倉佑介,,202005010704
11,6,12,アミュリオン,牡4,57,黛弘人,1:39.8,ハナ,**,,,,,9-9,37.3,105.9,12,472(+6),,,,[東]藤原辰雄,吉澤克己,,202005010704
12,1,1,ゴルトグランツ,牡4,56,菊沢一樹,1:40.0,1.1/4,**,,,,,7-8,37.8,213.5,14,470(-18),,,,[東]萱野浩二,ヤブウチ,,202005010704
13,5,9,ナムラブル,牡4,57,横山典弘,1:40.3,2,**,,,,,14-14,37.3,28.8,7,478(0),,,,[東]石栗龍彦,奈村信重,,202005010704
14,3,5,スズカアポロ,牡9,55,木幡育也,1:41.9,10,**,,,,,11-12,39.0,291.6,16,484(+14),,,,[東]柄崎孝,永井啓弍,,202005010704
15,6,11,ストライクショット,牝7,55,田中勝春,1:43.5,10,**,,,,,5-6,41.5,263.2,15,506(-6),,,,[東]石毛善彦,イージス,,202005010704
16,2,4,コングールテソーロ,牡4,57,内田博幸,1:43.8,1.3/4,**,,,,,14-15,40.4,44.2,8,480(0),,,,[東]奥平雅士,了徳寺健二ホールディングス,,202005010704
1,7,14,クロノメーター,牡3,56,田辺裕信,1:35.1,,**,,,,,5-5,35.0,2.9,1,442(+6),,,,[東]尾形和幸,サンデーレーシング,510.0,202005010705
2,8,16,ノーエクスキューズ,牡3,56,丸山元気,1:35.3,1.1/2,**,,,,,10-7,35.0,8.3,5,496(+4),,,,[東]和田正一,キャロットファーム,200.0,202005010705
3,3,5,ロジアイリッシュ,牝3,54,川田将雅,1:35.7,2.1/2,**,,,,,8-7,35.3,6.7,4,492(-2),,,,[東]国枝栄,久米田正平,130.0,202005010705
4,1,2,ダイワミラクル,牡3,56,北村宏司,1:35.8,3/4,**,,,,,10-10,35.3,3.8,2,494(-6),,,,[東]鹿戸雄一,大城敬三,77.0,202005010705
5,7,13,オメガエリタージュ,牡3,56,池添謙一,1:36.0,1,**,,,,,2-2,36.1,16.0,7,444(-4),,,,[東]斎藤誠,原禮子,51.0,202005010705
6,1,1,スリジエ,牝3,54,ミナリク,1:36.2,1.1/2,**,,,,,4-4,36.2,41.9,8,480(+12),,,,[東]奥村武,ラ・メール,,202005010705
6,5,10,スピードオブラブ,牝3,54,吉田豊,1:36.2,同着,**,,,,,2-2,36.3,6.0,3,432(-4),,,,[東]中川公成,石井義人,,202005010705
8,2,4,ヒナノコバン,牡3,56,柴田善臣,1:36.5,1.3/4,**,,,,,7-7,36.2,254.3,14,452(+2),,,,[東]本間忍,日向英二,,202005010705
9,6,11,ナックペガサス,牡3,56,横山和生,1:36.5,ハナ,**,,,,,13-13,35.8,271.6,15,450(+2),,,,[東]杉浦宏昭,小松欣也,,202005010705
10,4,8,エースインザハート,牡3,56,嘉藤貴行,1:36.5,クビ,**,,,,,5-5,36.4,251.5,13,448(0),,,,[東]大江原哲,西村隆平,,202005010705
11,4,7,キタノポケット,牝3,52,木幡育也,1:36.6,クビ,**,,,,,14-15,35.6,50.5,9,376(-6),,,,[東]深山雅史,北所直人,,202005010705
12,8,15,ノーブレスサンデー,牡3,56,菅原隆一,1:36.9,1.3/4,**,,,,,10-10,36.4,636.6,16,448(+20),,,,[東]清水英克,ミルファーム,,202005010705
13,3,6,エリーストーム,牝3,53,野中悠太,1:37.2,2,**,,,,,1-1,37.4,94.4,11,430(+8),,,,[東]本間忍,谷川正純,,202005010705
14,6,12,トーセンオリジン,牡3,56,田中勝春,1:37.3,1/2,**,,,,,14-13,36.5,64.9,10,452(+10),,,,[東]宗像義忠,島川隆哉,,202005010705
15,5,9,コスモプロケッラ,牡3,56,フォーリ,1:38.1,5,**,,,,,8-12,37.5,116.9,12,442(+2),,,,[東]蛯名利弘,ビッグレッドファーム,,202005010705
16,2,3,ナショナルアンセム,牝3,54,Ｍ．デム,1:38.2,3/4,**,,,,,16-16,36.8,15.7,6,444(0),,,,[東]矢野英一,グリーンファーム,,202005010705
1,6,8,レッドサーシャ,牝3,54,内田博幸,1:50.1,,**,,,,,9-9-9,35.8,5.8,3,456(0),,,,[東]黒岩陽一,東京ホースレーシング,600.0,202005010706
2,2,2,ブラックアモーレ,牝3,54,石橋脩,1:50.1,クビ,**,,,,,2-3-3,36.5,7.1,5,464(0),,,,[西]角居勝彦,グランド牧場,240.0,202005010706
3,5,6,ワーウルフ,牡3,56,川田将雅,1:50.3,1.1/4,**,,,,,6-4-4,36.6,2.8,1,468(0),,,,[西]斉藤崇史,窪田芳郎,150.0,202005010706
4,8,12,エンドレスレイン,牡3,56,吉田豊,1:50.3,クビ,**,,,,,4-4-4,36.6,7.4,6,484(0),,,,[東]小島茂之,丸山担,90.0,202005010706
5,4,4,キングズフォース,牡3,56,Ｍ．デム,1:50.3,アタマ,**,,,,,8-6-6,36.3,6.7,4,472(0),,,,[東]金成貴史,ゴドルフィン,60.0,202005010706
6,1,1,ダンレアリー,牡3,56,フォーリ,1:50.5,1,**,,,,,1-1-1,37.2,5.3,2,524(0),,,,[西]中竹和也,ゴドルフィン,,202005010706
7,7,9,ウインフウジン,牡3,56,宮崎北斗,1:51.8,8,**,,,,,7-6-6,37.7,60.3,9,462(0),,,,[東]上原博之,ウイン,,202005010706
8,6,7,ショウナンマルーン,牡3,56,丸山元気,1:52.0,1.1/4,**,,,,,11-11-11,36.7,17.8,7,492(0),,,,[東]上原博之,国本哲秀,,202005010706
9,5,5,ボヘミアンヒーロー,牡3,56,中谷雄太,1:52.8,5,**,,,,,5-6-6,38.7,78.9,10,512(0),,,,[西]森田直行,林正道,,202005010706
10,8,11,キューゴーパドック,牡3,55,野中悠太,1:52.9,1/2,**,,,,,9-9-10,38.1,157.4,11,502(0),,,,[東]根本康広,福田光博,,202005010706
11,3,3,キクノキング,牡3,56,池添謙一,1:53.1,1.1/4,**,,,,,2-2-2,39.8,45.2,8,486(0),,,,[西]森田直行,菊池五郎,,202005010706
12,7,10,キティマグネット,牡3,54,木幡育也,1:58.8,大,**,,,,,11-12-12,41.0,180.3,12,480(0),,,,[東]和田正一,吉岡泰治,,202005010706
1,8,16,グラデュエイト,牡5,57,川田将雅,1:24.6,,**,,,,,1-1,36.4,2.1,1,514(+6),,,,[東]加藤征弘,阿部友弘,760.0,202005010707
2,4,8,パイオニアバローズ,セ4,57,池添謙一,1:25.5,5,**,,,,,2-2,37.2,33.3,10,524(-12),,,,[東]木村哲也,猪熊広次,300.0,202005010707
3,2,3,ポップアップスター,牡6,57,石橋脩,1:25.7,1.1/4,**,,,,,15-13,36.4,5.3,2,526(-8),,,,[東]金成貴史,社台レースホース,190.0,202005010707
4,1,1,デルマカミカゼ,牡5,57,横山和生,1:25.7,クビ,**,,,,,3-3,37.3,24.3,8,464(-2),,,,[東]小野次郎,浅沼廣幸,110.0,202005010707
5,5,9,フジノタカネ,牡4,57,丸山元気,1:25.8,3/4,**,,,,,10-11,36.7,6.5,3,522(+2),,,,[東]手塚貴久,星野壽市,76.0,202005010707
6,1,2,キングキャラット,牡4,55,木幡育也,1:26.1,1.3/4,**,,,,,13-14,36.7,114.7,13,516(+2),,,,[東]南田美知,田畑富子,,202005010707
7,7,13,コスモクウェンチ,牡6,57,武士沢友,1:26.1,ハナ,**,,,,,7-6,37.3,25.1,9,490(-2),,,,[東]小桧山悟,Ｍｒ．ホース,,202005010707
8,7,14,クラウンクラシック,牡5,56,野中悠太,1:26.3,1.1/4,**,,,,,3-4,37.7,69.0,12,490(+6),,,,[東]菊川正達,矢野恭裕,,202005010707
9,6,12,クワトロダッシュ,牡5,57,木幡巧也,1:26.3,ハナ,**,,,,,10-11,37.1,20.5,5,494(+4),,,,[東]牧光二,ザ・チャンピオンズ,,202005010707
10,2,4,ナイスプリンセス,牝4,55,田辺裕信,1:26.3,アタマ,**,,,,,10-9,37.3,22.1,7,448(+2),,,,[東]石栗龍彦,田畑利彦,,202005010707
11,3,6,ステラストラータ,セ5,57,柴田善臣,1:26.4,クビ,**,,,,,13-14,37.0,21.4,6,476(-2),,,,[東]大江原哲,岡田牧雄,,202005010707
12,8,15,デルマアンバリッド,牝4,55,武藤雅,1:26.8,2.1/2,**,,,,,3-9,37.8,282.4,15,482(-14),,,,[東]堀井雅広,浅沼廣幸,,202005010707
13,4,7,カーリングストーン,牡4,56,菊沢一樹,1:26.9,クビ,**,,,,,9-6,38.0,7.1,4,476(+6),,,,[東]菊沢隆徳,國分純,,202005010707
14,6,11,モッズストーン,セ4,57,津村明秀,1:27.1,1.1/2,**,,,,,7-6,38.3,55.2,11,486(+4),,,,[東]武井亮,吉田和美,,202005010707
15,3,5,スマートグランダム,牝4,55,内田博幸,1:27.3,1,**,,,,,15-16,37.6,210.5,14,516(-2),,,,[東]加藤征弘,大川徹,,202005010707
16,5,10,ファーベライト,牝5,55,江田照男,1:30.0,大,**,,,,,3-4,41.4,409.2,16,482(-6),,,,[東]高橋裕,高樽さゆり,,202005010707
1,3,3,サトノフウジン,牡3,56,石橋脩,2:01.1,,**,,,,,4-3-4,36.3,3.5,2,470(0),,,,[東]堀宣行,サトミホースカンパニー,"1,026.1",202005010708
2,6,6,アメリカンシード,牡3,56,川田将雅,2:01.3,1.1/4,**,,,,,4-3-4,36.5,2.2,1,474(-2),,,,[西]藤岡健一,吉澤克己,404.6,202005010708
3,4,4,マイネルミンドール,牡3,56,津村明秀,2:01.4,3/4,**,,,,,7-7-6,36.4,32.1,6,446(+2),,,,[東]相沢郁,サラブレッドクラブ・ラフィアン,252.3,202005010708
4,7,7,ジェラペッシュ,牝3,54,吉田豊,2:01.7,2,**,,,,,6-6-6,36.8,6.8,4,446(0),,,,[東]尾関知人,柴田洋一,150.0,202005010708
5,2,2,カンバラ,牝3,54,丸山元気,2:02.4,4,**,,,,,2-2-2,37.8,8.0,5,472(-8),,,,[東]黒岩陽一,ゴドルフィン,101.0,202005010708
6,5,5,フローズンスタイル,牝3,54,田辺裕信,2:02.9,3,**,,,,,3-3-3,38.2,5.0,3,450(-10),,,,[東]黒岩陽一,吉田照哉,,202005010708
7,1,1,ショウナンバレリオ,牡3,56,池添謙一,2:03.7,5,**,,,,,1-1-1,39.2,59.8,7,464(-4),,,,[西]池添兼雄,国本哲秀,,202005010708
1,1,2,アフターバーナー,セ6,57,田辺裕信,1:36.9,,**,,,,,11-9,36.7,9.9,5,520(+2),,,,[東]伊藤圭三,ゴドルフィン,"1,100.0",202005010709
2,6,11,オンザロックス,牡7,57,川田将雅,1:36.9,クビ,**,,,,,5-7,36.9,7.0,3,494(0),,,,[西]森秀行,稻井田有司,440.0,202005010709
3,5,10,セイヴァリアント,牡4,57,吉田豊,1:36.9,アタマ,**,,,,,14-15,36.2,3.1,1,500(+2),,,,[東]中川公成,金田成基,280.0,202005010709
4,8,16,テイエムグッドマン,牡6,57,横山典弘,1:37.0,クビ,**,,,,,2-2,37.3,4.5,2,496(-2),,,,[西]武英智,竹園正繼,170.0,202005010709
5,4,8,フラワーストリーム,セ5,56,野中悠太,1:37.3,2,**,,,,,11-12,36.8,10.3,6,464(-4),,,,[東]池上昌和,花村誠,110.0,202005010709
6,4,7,モリトユウブ,牡5,57,内田博幸,1:37.4,1/2,**,,,,,3-2,37.6,96.8,14,500(+6),,,,[東]堀井雅広,吉川朋宏,,202005010709
7,8,15,フクノグリュック,牡8,57,横山和生,1:37.6,1,**,,,,,7-2,37.8,44.1,10,522(0),,,,[東]杉浦宏昭,福島祐子,,202005010709
8,1,1,データヴァリュー,牡6,57,津村明秀,1:37.7,1/2,**,,,,,11-12,37.3,50.7,11,488(+2),,,,[東]中舘英二,社台レースホース,,202005010709
9,5,9,リードザウインド,牝5,55,武藤雅,1:37.9,1.1/4,**,,,,,8-7,37.9,73.4,12,480(+14),,,,[東]小島茂之,吉田照哉,,202005010709
10,3,5,ダイワインパルス,牡8,56,菊沢一樹,1:38.2,2,**,,,,,16-15,37.4,43.6,9,482(-6),,,,[東]宗像義忠,大城敬三,,202005010709
11,2,4,ランバージャック,牡6,57,丸山元気,1:38.3,3/4,**,,,,,14-12,37.8,89.7,13,470(-6),,,,[西]鮫島一歩,前田幸治,,202005010709
12,7,14,コスモハヤテ,牡4,57,木幡巧也,1:39.2,5,**,,,,,3-2,39.5,153.0,15,478(+2),,,,[東]小野次郎,ビッグレッドファーム,,202005010709
13,3,6,ヤマニンリュシオル,牝5,55,伊藤工真,1:39.3,1/2,**,,,,,8-9,39.1,158.1,16,476(-8),,,,[東]蛯名利弘,土井肇,,202005010709
14,2,3,スコッチリール,牝4,55,フォーリ,1:39.7,2.1/2,**,,,,,8-9,39.5,12.5,7,462(+10),,,,[東]林徹,サンデーレーシング,,202005010709
15,6,12,モズエロイコ,牡4,57,中谷雄太,1:39.9,1.1/2,**,,,,,1-1,40.4,7.3,4,464(+2),,,,[西]矢作芳人,キャピタル・システム,,202005010709
16,7,13,ゴールドブラッド,牡6,57,田中勝春,1:40.0,クビ,**,,,,,5-2,40.3,23.5,8,490(-2),,,,[東]宗像義忠,居城寿与,,202005010709
1,5,10,マスターフェンサー,牡4,56,川田将雅,2:11.4,,**,,,,,7-7-7-7,37.5,1.8,1,492(-6),,,,[西]角田晃一,吉澤克己,"1,854.3",202005010710
2,1,2,ウラノメトリア,セ4,55,北村宏司,2:11.8,2.1/2,**,,,,,5-5-4-3,38.2,6.4,3,488(-4),,,,[西]矢作芳人,サンデーレーシング,739.8,202005010710
3,7,14,アイファーキングズ,牡4,55,丸山元気,2:11.8,アタマ,**,,,,,5-6-4-3,38.1,5.7,2,492(+2),,,,[西]鮫島一歩,中島稔,464.9,202005010710
4,1,1,フォースライン,牡6,54,フォーリ,2:11.9,1/2,**,,,,,8-7-7-7,38.1,11.2,5,512(0),,,,[西]吉田直弘,吉田勝己,270.0,202005010710
5,3,6,アドラメレク,牡6,55,田辺裕信,2:12.3,2.1/2,**,,,,,11-11-9-9,38.3,20.9,6,468(+6),,,,[西]石坂正,Ｇ１レーシング,182.0,202005010710
6,8,16,アポロユッキー,牝6,50,伊藤工真,2:12.4,1/2,**,,,,,8-9-9-10,38.3,254.1,16,532(-2),,,,[東]鈴木伸尋,アポロサラブレッドクラブ,,202005010710
7,2,3,スズカフリオーソ,牡6,54,横山典弘,2:12.6,1.1/4,**,,,,,13-14-13-12,38.2,9.9,4,498(+2),,,,[西]藤沢則雄,永井啓弍,,202005010710
8,5,9,スペリオルシチー,牡6,54,ミナリク,2:12.8,1.1/4,**,,,,,10-9-9-10,38.7,126.6,14,480(+16),,,,[東]相沢郁,友駿ホースクラブ,,202005010710
9,6,12,アノ,牡4,54,藤井勘一,2:12.8,クビ,**,,,,,11-12-14-15,38.0,70.2,12,438(0),,,,[西]鈴木孝志,武田茂男,,202005010710
10,3,5,ロジティナ,牡5,54,池添謙一,2:13.1,1.3/4,**,,,,,3-1-2-2,39.8,36.9,8,542(+2),,,,[東]新開幸一,久米田正明,,202005010710
11,8,15,アッシェンプッテル,牝4,53,城戸義政,2:13.1,ハナ,**,,,,,13-15-14-14,38.6,35.9,7,504(-8),,,,[西]奥村豊,フジワラ・ファーム,,202005010710
12,4,8,ジュンスターホース,牡6,55,内田博幸,2:13.1,アタマ,**,,,,,16-16-14-15,38.3,44.4,9,484(+8),,,,[東]高柳瑞樹,河合純二,,202005010710
13,6,11,オーパスメーカー,牝4,52,長岡禎仁,2:13.3,1,**,,,,,2-3-3-3,39.7,70.1,11,474(-8),,,,[西]羽月友彦,松岡隆雄,,202005010710
14,4,7,スターライトブルー,牡6,53,吉田豊,2:13.3,クビ,**,,,,,1-2-1-1,40.2,124.8,13,510(+4),,,,[東]戸田博文,青芝商事,,202005010710
15,7,13,メイショウマトイ,牡6,54,野中悠太,2:13.5,1.1/4,**,,,,,13-12-12-12,39.1,47.8,10,490(-4),,,,[西]本田優,松本好雄,,202005010710
16,2,4,フクサンローズ,牝6,51,武藤雅,2:13.5,アタマ,**,,,,,3-4-4-3,39.9,164.8,15,448(-4),,,,[東]小西一男,小沼博,,202005010710
1,8,16,ミライヘノツバサ,牡7,54,木幡巧也,3:31.2,,**,,,,,10-10-10-10,37.4,325.5,16,498(-2),,,,[東]伊藤大士,三島宣彦,"4,156.7",202005010711
2,7,14,メイショウテンゲン,牡4,55,池添謙一,3:31.2,ハナ,**,,,,,14-14-13-13,37.2,8.2,3,456(+2),,,,[西]池添兼雄,松本好雄,"1,616.2",202005010711
3,1,1,オセアグレイト,牡4,54,野中悠太,3:32.0,5,**,,,,,4-4-2-2,38.7,4.9,2,484(-4),,,,[東]菊川正達,ＩＨＲ,"1,008.1",202005010711
4,3,6,レノヴァール,牡5,54,横山典弘,3:32.0,ハナ,**,,,,,8-9-9-3,38.5,9.3,4,530(-2),,,,[西]高野友和,キャロットファーム,620.0,202005010711
5,6,11,タイセイトレイル,牡5,55,中谷雄太,3:32.5,3,**,,,,,12-12-10-7,38.8,10.9,5,492(-8),,,,[西]矢作芳人,田中成奉,410.0,202005010711
6,5,9,ステイブラビッシモ,牡7,52,江田照男,3:33.1,3.1/2,**,,,,,15-15-13-7,39.4,159.0,15,468(-8),,,,[東]久保田貴,草間庸文,,202005010711
7,4,7,タガノディアマンテ,牡4,55,川田将雅,3:33.3,1.1/4,**,,,,,16-16-16-15,39.2,2.1,1,470(-8),,,,[西]鮫島一歩,八木良司,,202005010711
8,5,10,サトノティターン,牡7,57,石橋脩,3:33.5,1.1/4,**,,,,,13-12-13-15,39.4,68.1,11,588(+8),,,,[東]堀宣行,里見治紀,,202005010711
9,7,13,ヴァントシルム,牡6,55,Ｍ．デム,3:33.7,1.1/2,**,,,,,6-6-6-3,40.2,19.3,7,480(+6),,,,[西]須貝尚介,キャロットファーム,,202005010711
10,1,2,ウインテンダネス,牡7,56,内田博幸,3:34.0,2,**,,,,,6-7-6-13,40.0,147.0,14,512(-2),,,,[西]杉山晴紀,ウイン,,202005010711
11,2,3,ポポカテペトル,牡6,55,北村宏司,3:34.2,1.1/4,**,,,,,8-7-6-3,40.7,33.1,8,486(+4),,,,[西]友道康夫,金子真人ホールディングス,,202005010711
12,2,4,ロサグラウカ,牝5,52,丸山元気,3:34.3,クビ,**,,,,,1-1-1-1,41.2,37.6,9,450(0),,,,[東]尾関知人,サンデーレーシング,,202005010711
13,3,5,リッジマン,牡7,57,フォーリ,3:35.1,5,**,,,,,10-10-10-10,41.2,71.5,12,452(+10),,,,[西]庄野靖志,辻牧場,,202005010711
14,4,8,アドマイヤジャスタ,牡4,54,田辺裕信,3:35.4,2,**,,,,,4-4-5-3,41.8,89.9,13,518(-2),,,,[西]須貝尚介,近藤旬子,,202005010711
15,6,12,ダノンキングダム,牡6,54,津村明秀,3:35.9,3,**,,,,,3-3-2-10,42.0,57.0,10,484(-4),,,,[西]安田隆行,ダノックス,,202005010711
16,8,15,バレリオ,牡5,54,ミナリク,3:37.5,10,**,,,,,2-2-2-7,43.8,13.3,6,500(+2),,,,[東]相沢郁,サンデーレーシング,,202005010711
1,8,12,ソーラーフレア,牡5,57,津村明秀,1:21.9,,**,,,,,9-9,34.1,19.1,7,454(-4),,,,[東]高柳瑞樹,ゴドルフィン,"1,100.0",202005010712
2,3,3,スイーズドリームス,牡6,57,川田将雅,1:21.9,クビ,**,,,,,6-4,34.3,3.6,2,504(0),,,,[西]須貝尚介,大塚亮一,440.0,202005010712
3,5,7,エスタジ,牝4,55,Ｍ．デム,1:22.0,1/2,**,,,,,3-3,34.8,2.8,1,436(+2),,,,[東]木村哲也,吉田勝己,280.0,202005010712
4,5,6,スズカアーチスト,牝5,55,江田照男,1:22.0,クビ,**,,,,,2-2,35.1,65.2,12,470(0),,,,[東]伊藤圭三,永井啓弍,170.0,202005010712
5,6,8,アイスフィヨルド,牡5,57,武藤雅,1:22.6,3.1/2,**,,,,,11-11,34.4,26.7,8,454(-2),,,,[東]武藤善則,佐々木雄二,110.0,202005010712
6,8,13,リンシャンカイホウ,牡5,57,フォーリ,1:22.7,クビ,**,,,,,1-1,36.8,42.1,10,454(-2),,,,[東]田中剛,三嶋牧場,,202005010712
7,2,2,シセイタイガ,牡4,57,ミナリク,1:22.7,クビ,**,,,,,6-7,35.0,9.9,4,470(+2),,,,[東]高橋文雅,猪苗代勇,,202005010712
8,6,9,スペキュラース,牝4,55,木幡巧也,1:22.8,1/2,**,,,,,4-4,35.3,30.2,9,458(+6),,,,[東]高橋祥泰,ビッグレッドファーム,,202005010712
9,7,10,イチゴミルフィーユ,牝4,55,伊藤工真,1:23.0,1.1/4,**,,,,,6-7,35.3,43.6,11,442(-2),,,,[東]林徹,保坂和孝,,202005010712
10,4,4,ココフィーユ,牝4,55,池添謙一,1:23.1,3/4,**,,,,,4-4,35.6,5.8,3,440(+2),,,,[東]斎藤誠,スリーエイチレーシング,,202005010712
11,4,5,クラヴィスオレア,セ4,55,木幡育也,1:23.2,1/2,**,,,,,9-10,35.2,17.6,6,482(0),,,,[東]藤沢和雄,多田信尊,,202005010712
12,1,1,プレトリア,セ5,57,田辺裕信,1:23.2,ハナ,**,,,,,11-12,34.9,9.9,5,460(-6),,,,[東]中川公成,多田賢司,,202005010712
13,7,11,ケンデスティニー,牡5,57,内田博幸,1:24.6,8,**,,,,,13-13,35.3,69.2,13,496(0),,,,[西]森秀行,中西宏彰,,202005010712
1,5,10,プリマジア,牡3,56,ルメール,1:25.5,,**,,,,,8-8,35.6,2.8,1,456(+2),,,,[東]金成貴史,藤沼利夫,510.0,202005010801
2,2,4,タイキラッシュ,牡3,56,大野拓弥,1:25.5,ハナ,**,,,,,2-2,36.4,3.5,2,508(+4),,,,[東]高木登,大樹ファーム,200.0,202005010801
3,4,8,ダイシンウィット,牡3,56,福永祐一,1:26.3,5,**,,,,,1-1,37.4,11.3,5,494(-4),,,,[東]小笠倫弘,大八木信行,130.0,202005010801
4,8,15,ヨシオドライヴ,牡3,56,大庭和弥,1:26.6,2,**,,,,,4-6,37.1,6.1,3,486(-4),,,,[東]清水英克,井村誉志雄,77.0,202005010801
5,2,3,スイ,牝3,54,Ｍ．デム,1:26.7,1/2,**,,,,,4-3,37.4,34.5,8,480(+2),,,,[東]戸田博文,吉田和美,51.0,202005010801
6,7,14,グーガルドリームズ,牡3,56,北村宏司,1:26.9,1.1/4,**,,,,,14-14,36.5,7.1,4,494(-2),,,,[東]伊藤伸一,藤田在子,,202005010801
7,7,13,カッチョカバロ,牡3,56,木幡巧也,1:27.0,クビ,**,,,,,3-3,37.7,13.6,6,498(+2),,,,[東]牧光二,平田修,,202005010801
8,8,16,ムーンダイアローグ,牡3,56,ミナリク,1:27.2,1.1/2,**,,,,,11-12,37.0,23.2,7,442(+6),,,,[東]矢野英一,大塚亮一,,202005010801
9,6,11,ヌンカプト,牡3,56,フォーリ,1:27.3,1/2,**,,,,,11-10,37.3,96.1,12,454(+18),,,,[東]矢野英一,ヌンクラブ,,202005010801
10,3,5,ショウナンアサヤケ,牡3,56,和田竜二,1:27.3,ハナ,**,,,,,4-3,38.0,83.6,11,504(+6),,,,[東]武市康男,国本哲秀,,202005010801
11,3,6,グロリアスブレイク,牝3,54,江田照男,1:27.6,2,**,,,,,7-6,38.0,212.2,14,442(-4),,,,[東]田島俊明,レッドマジック,,202005010801
12,1,1,クァンタムリープ,牡3,54,木幡育也,1:27.9,2,**,,,,,8-8,38.0,52.4,10,472(-2),,,,[東]鹿戸雄一,シルクレーシング,,202005010801
13,6,12,ダイワリチャード,牡3,55,野中悠太,1:28.0,クビ,**,,,,,8-10,38.0,41.7,9,452(+2),,,,[東]上原博之,大城敬三,,202005010801
14,5,9,レディトゥラン,牝3,54,佐藤友則,1:29.5,9,**,,,,,15-15,38.5,311.4,16,420(0),,,,[東]加藤和宏,グランデオーナーズ,,202005010801
15,1,2,マイネルグッドデイ,牡3,56,津村明秀,1:30.6,7,**,,,,,11-12,40.3,275.5,15,494(-12),,,,[東]田島俊明,サラブレッドクラブ・ラフィアン,,202005010801
16,4,7,アースウルフ,牡3,56,横山典弘,1:32.5,大,**,,,,,16-16,39.1,121.2,13,434(+12),,,,[東]粕谷昌央,松山増男,,202005010801
1,1,1,ミティル,牝3,54,武豊,1:26.3,,**,,,,,1-1,37.6,2.0,1,498(0),,,,[西]野中賢二,カナヤマホールディングス,600.0,202005010802
2,4,8,チョーズンワン,牡3,56,ミナリク,1:27.3,6,**,,,,,7-6,37.1,9.3,4,460(0),,,,[東]萩原清,ノースヒルズ,240.0,202005010802
3,6,11,ジュンハルト,牡3,56,津村明秀,1:27.4,クビ,**,,,,,4-4,37.6,16.6,7,456(0),,,,[東]田中博康,河合純二,150.0,202005010802
4,2,3,キクノダンカーク,牡3,56,畑端省吾,1:27.7,2,**,,,,,6-6,37.6,11.6,5,452(0),,,,[西]吉田直弘,菊池五郎,90.0,202005010802
5,3,6,スリーブラザー,セ3,56,松山弘平,1:27.8,1/2,**,,,,,3-3,38.6,7.5,3,486(0),,,,[西]小崎憲,スリーエイチレーシング,60.0,202005010802
6,2,4,デルマラピスラズリ,牡3,56,横山和生,1:27.9,1/2,**,,,,,2-2,38.9,16.0,6,508(0),,,,[東]小野次郎,浅沼廣幸,,202005010802
7,7,14,キタノユニヴァース,牡3,55,野中悠太,1:27.9,ハナ,**,,,,,12-12,36.2,33.4,8,500(0),,,,[東]本間忍,北所直人,,202005010802
8,8,16,マベルロンジュ,牝3,54,Ｍ．デム,1:28.0,1/2,**,,,,,7-6,37.9,5.1,2,472(0),,,,[東]斎藤誠,落合幸弘,,202005010802
9,5,9,ツウカイエオス,牝3,54,フォーリ,1:28.9,5,**,,,,,9-9,38.4,86.4,12,438(0),,,,[東]小笠倫弘,木村直樹,,202005010802
10,4,7,ハヤト,牡3,56,長岡禎仁,1:29.1,1.1/4,**,,,,,10-11,37.8,82.2,11,498(0),,,,[西]杉山晴紀,中西宏彰,,202005010802
11,1,2,マリノコジーン,牝3,54,武士沢友,1:29.7,3.1/2,**,,,,,10-10,38.9,143.0,13,438(0),,,,[東]水野貴広,クラウン,,202005010802
12,6,12,チャーミングポポ,牝3,54,大庭和弥,1:29.8,クビ,**,,,,,4-5,39.9,160.5,14,454(0),,,,[東]蛯名利弘,中脇満,,202005010802
13,3,5,ブレイドラン,牡3,56,吉田豊,1:30.0,1,**,,,,,13-13,37.8,60.4,9,526(0),,,,[東]高橋文雅,岡村善行,,202005010802
14,5,10,ラインサラマンダー,牡3,56,宮崎北斗,1:30.7,4,**,,,,,15-15,38.2,211.5,16,462(0),,,,[東]蛯名利弘,大澤繁昌,,202005010802
15,8,15,ヴァリアントナイト,牡3,56,北村友一,1:31.1,2.1/2,**,,,,,13-13,38.8,62.9,10,452(0),,,,[東]池上昌和,ライオンレースホース,,202005010802
16,7,13,ラブマリリン,牝3,54,和田竜二,1:31.3,1,**,,,,,16-16,37.6,190.5,15,456(0),,,,[東]加藤和宏,オールラブクラブ,,202005010802
1,2,4,ブレイクザボーダー,牡3,56,佐藤友則,1:39.1,,**,,,,,1-1,38.3,10.4,5,472(-4),,,,[東]畠山吉宏,グランデオーナーズ,510.0,202005010803
2,6,12,サイモンルグラン,牡3,56,和田竜二,1:39.3,1.1/2,**,,,,,7-5,38.0,10.4,6,500(+6),,,,[東]勢司和浩,澤田昭紀,200.0,202005010803
3,8,16,サウンドトラック,牡3,56,松山弘平,1:39.4,1/2,**,,,,,7-7,38.0,8.4,4,506(-4),,,,[東]尾関知人,グリーンファーム,130.0,202005010803
4,1,2,ハイエストエンド,牡3,56,田辺裕信,1:39.5,クビ,**,,,,,2-2,38.6,3.6,1,496(-4),,,,[東]小西一男,明栄商事,77.0,202005010803
5,3,5,リヴィエラボーイ,牡3,56,幸英明,1:39.9,2.1/2,**,,,,,5-5,38.7,24.3,8,454(-2),,,,[東]松山将樹,吉岡泰治,51.0,202005010803
6,5,9,ディンブラ,牝3,53,野中悠太,1:39.9,クビ,**,,,,,2-2,38.9,3.6,2,474(-4),,,,[東]上原博之,ノースヒルズ,,202005010803
7,2,3,リンガスウォリアー,牡3,56,北村宏司,1:40.3,2.1/2,**,,,,,13-14,38.2,30.4,9,474(-2),,,,[東]中舘英二,伊藤巖,,202005010803
8,7,14,サンダーボマー,牡3,56,北村友一,1:40.3,クビ,**,,,,,9-8,38.7,23.6,7,428(+8),,,,[東]土田稔,岡浩二,,202005010803
9,8,15,アベックフォルス,牡3,56,Ｍ．デム,1:40.8,3,**,,,,,4-2,39.8,6.2,3,494(+4),,,,[東]加藤士津,田中義明,,202005010803
10,4,8,マイネルグランサム,牡3,56,フォーリ,1:40.8,クビ,**,,,,,12-11,38.9,181.3,14,446(-4),,,,[東]奥村武,サラブレッドクラブ・ラフィアン,,202005010803
11,7,13,マイネルエスペルト,牡3,56,津村明秀,1:41.1,1.3/4,**,,,,,9-8,39.5,45.5,13,498(0),,,,[東]水野貴広,サラブレッドクラブ・ラフィアン,,202005010803
12,4,7,キタノコドウ,牡3,56,江田照男,1:41.4,1.3/4,**,,,,,16-16,38.6,41.6,12,472(+14),,,,[東]高木登,北所直人,,202005010803
13,6,11,エクセルマジック,牡3,54,木幡育也,1:41.5,3/4,**,,,,,13-13,39.5,228.6,15,460(-4),,,,[東]深山雅史,谷川正純,,202005010803
14,5,10,ナンナ,牝3,54,内田博幸,1:42.2,4,**,,,,,15-15,39.7,41.4,11,482(+4),,,,[東]国枝栄,フクキタル,,202005010803
15,1,1,ケンシ,牡3,56,木幡巧也,1:42.5,2,**,,,,,5-8,40.9,252.5,16,462(+8),,,,[東]黒岩陽一,鈴木芳夫,,202005010803
16,3,6,ガニアン,牡3,56,ミナリク,1:42.9,2.1/2,**,,,,,9-11,41.0,36.8,10,464(+2),,,,[東]田村康仁,ラ・メール,,202005010803
1,1,2,リスペクト,牡3,56,ルメール,2:28.8,,**,,,,,5-5-5-5,35.0,1.6,1,470(+2),,,,[東]奥村武,石川達絵,510.0,202005010804
2,8,16,プモリテソーロ,牡3,56,大野拓弥,2:29.0,1,**,,,,,5-5-2-1,35.5,4.5,2,484(0),,,,[東]田中博康,了徳寺健二ホールディングス,200.0,202005010804
3,8,15,コスモレペティール,牝3,54,津村明秀,2:29.2,1.1/2,**,,,,,3-3-4-4,35.6,72.5,8,430(-2),,,,[東]萱野浩二,ビッグレッドファーム,130.0,202005010804
4,6,11,パーディシャー,牡3,56,福永祐一,2:29.3,1/2,**,,,,,10-8-7-7,35.4,13.4,4,416(-12),,,,[東]久保田貴,社台レースホース,77.0,202005010804
5,4,8,レイコックアビー,牡3,56,和田竜二,2:29.5,1.1/4,**,,,,,10-8-7-8,35.5,6.7,3,496(+16),,,,[東]大竹正博,シルクレーシング,51.0,202005010804
6,2,4,アイゼングラフ,セ3,56,江田照男,2:29.7,1.1/4,**,,,,,15-15-14-10,35.4,47.5,7,436(-6),,,,[東]金成貴史,藤沼利夫,,202005010804
7,2,3,スキルショット,牡3,56,松山弘平,2:29.7,クビ,**,,,,,1-1-1-2,36.2,25.1,6,484(+4),,,,[東]加藤士津,横田恵子,,202005010804
8,1,1,インディードシチー,牡3,56,幸英明,2:29.8,クビ,**,,,,,16-16-16-14,35.1,75.6,9,494(-8),,,,[東]上原博之,友駿ホースクラブ,,202005010804
9,5,10,リチュアルダンス,牡3,56,田辺裕信,2:29.9,1/2,**,,,,,10-12-10-10,35.6,13.7,5,498(-2),,,,[東]尾関知人,ゴドルフィン,,202005010804
10,3,5,ワイルドフレーズ,牡3,56,内田博幸,2:30.1,1.1/4,**,,,,,8-8-10-10,35.9,84.0,10,474(-2),,,,[東]黒岩陽一,ヒダカ・ブリーダーズ・ユニオン,,202005010804
11,4,7,ベルウッドアサヒ,牡3,56,吉田豊,2:30.2,1/2,**,,,,,13-13-13-13,35.8,197.3,14,444(+4),,,,[東]武市康男,鈴木照雄,,202005010804
12,3,6,シゲルセイウン,牝3,54,柴田善臣,2:30.6,2.1/2,**,,,,,3-3-5-5,36.8,156.1,11,406(0),,,,[東]石毛善彦,森中蕃,,202005010804
13,5,9,アトラクトボイス,牡3,56,木幡巧也,2:30.7,3/4,**,,,,,5-7-7-8,36.7,179.9,13,426(+2),,,,[東]土田稔,大原詔宏,,202005010804
14,6,12,キングフェーヴル,牝3,53,野中悠太,2:30.7,アタマ,**,,,,,2-2-2-2,37.2,173.1,12,436(-10),,,,[東]青木孝文,廣崎利洋ＨＤ,,202005010804
15,7,13,プリティスラッガー,牝3,54,宮崎北斗,2:32.9,大,**,,,,,8-8-12-15,38.0,344.9,16,394(-10),,,,[東]菊川正達,丸岡啓一,,202005010804
16,7,14,フォーチュネイト,牡3,56,田中勝春,2:35.3,大,**,,,,,14-14-14-16,39.9,252.3,15,460(-4),,,,[東]松永康利,小林竜太郎,,202005010804
1,1,1,オーロラフラッシュ,牝3,54,ルメール,1:35.2,,**,,,,,2-3,33.6,2.8,2,448(+6),,,,[東]藤沢和雄,嶋田賢,730.0,202005010805
2,5,5,アオイクレアトール,牡3,56,武豊,1:35.2,クビ,**,,,,,1-1,33.8,2.1,1,466(-8),,,,[東]古賀慎明,新谷幸義,290.0,202005010805
3,3,3,レッドライデン,牡3,56,田中勝春,1:35.8,3.1/2,**,,,,,7-7,33.8,11.0,5,480(-4),,,,[東]鹿戸雄一,東京ホースレーシング,180.0,202005010805
4,6,6,エンジェルサークル,牝3,54,田辺裕信,1:36.2,2.1/2,**,,,,,8-8,34.1,5.9,3,440(-2),,,,[東]中川公成,吉田照哉,110.0,202005010805
5,8,10,ハローキャンディ,牝3,54,繁田健一,1:36.5,2,**,,,,,2-3,34.9,56.3,7,422(-12),,,,[東]久保田貴,中西純穂,73.0,202005010805
6,7,7,グレイトホーン,牡3,56,丸山元気,1:36.6,クビ,**,,,,,5-5,34.7,10.4,4,486(+14),,,,[東]根本康広,犬塚悠治郎,,202005010805
7,4,4,アドマイヤアリエル,牝3,54,福永祐一,1:36.9,1.3/4,**,,,,,2-2,35.4,22.6,6,430(+2),,,,[東]加藤征弘,近藤旬子,,202005010805
8,7,8,ナーリー,牡3,56,佐藤友則,1:37.3,2.1/2,**,,,,,8-9,35.0,211.4,8,462(0),,,,[地]井上孝彦,グランデオーナーズ,,202005010805
9,2,2,グランドホース,牡3,53,三津谷隼,1:38.1,5,**,,,,,10-10,35.4,256.0,9,486(+4),,,,[東]伊藤伸一,田畑利彦,,202005010805
10,8,9,タイムカプセル,牡3,56,菅原隆一,1:38.3,1.1/4,**,,,,,5-5,36.4,275.3,10,440(-2),,,,[東]土田稔,ミルファーム,,202005010805
1,8,11,スタンサンセイ,牡4,56,ルメール,2:13.4,,**,,,,,3-3-5-5,37.5,1.4,1,536(-10),,,,[東]高橋文雅,吉田和美,760.0,202005010806
2,2,2,デストロイ,牡6,57,Ｍ．デム,2:13.7,1.3/4,**,,,,,5-5-3-2,38.0,11.5,4,522(-2),,,,[東]高橋裕,諸岡慶,300.0,202005010806
3,5,5,シャイニーロケット,牡5,55,木幡育也,2:14.1,2.1/2,**,,,,,8-8-9-9,37.6,177.6,11,470(+6),,,,[東]佐藤吉勝,小林昌志,190.0,202005010806
4,1,1,トランスポーター,牡4,56,吉田豊,2:14.2,1/2,**,,,,,3-3-3-2,38.5,6.7,2,492(-2),,,,[東]戸田博文,安原浩司,110.0,202005010806
5,6,7,アイヅリュウコ,牡4,56,ミナリク,2:14.2,ハナ,**,,,,,6-6-6-6,38.0,90.4,9,474(-6),,,,[東]小笠倫弘,真部晴徳,76.0,202005010806
6,7,9,エグジットラック,牡6,57,江田照男,2:14.5,2,**,,,,,10-10-10-10,37.8,7.0,3,518(-2),,,,[東]田村康仁,戸賀智子,,202005010806
7,4,4,ボヘミアラプソディ,牡4,56,大野拓弥,2:14.7,1.1/2,**,,,,,11-11-11-11,37.3,14.5,5,486(-2),,,,[東]伊藤圭三,平井裕,,202005010806
8,7,8,ロジポルカ,牡4,56,内田博幸,2:15.5,5,**,,,,,1-1-2-2,39.9,37.7,8,468(0),,,,[東]菊沢隆徳,久米田正明,,202005010806
9,6,6,ジェイケイエース,牡4,56,丸山元気,2:15.6,1/2,**,,,,,9-9-8-6,39.4,17.0,6,546(-2),,,,[東]松永康利,小谷野次郎,,202005010806
10,3,3,トゥービーシック,牝4,54,横山和生,2:16.0,2.1/2,**,,,,,6-6-6-6,39.8,159.1,10,438(-4),,,,[東]古賀史生,西森功,,202005010806
11,8,10,ユイノチョッパー,牡5,56,野中悠太,2:16.3,1.3/4,**,,,,,2-2-1-1,40.9,37.3,7,508(+16),,,,[東]竹内正洋,由井健太郎,,202005010806
1,6,11,ミスマリア,牝4,54,ルメール,1:48.1,,**,,,,,7-9-8,34.4,1.7,1,460(+12),,,,[東]栗田徹,山口功一郎,760.0,202005010807
2,7,14,カナロアガール,牝4,54,田辺裕信,1:48.1,クビ,**,,,,,11-16-16,34.0,18.6,6,468(0),,,,[東]田村康仁,広尾レース,300.0,202005010807
3,4,7,ミトロジー,牡4,56,丸山元気,1:48.4,2,**,,,,,11-12-13,34.5,5.1,2,484(-2),,,,[東]尾関知人,シルクレーシング,190.0,202005010807
4,5,9,ペルソナデザイン,牡4,56,和田竜二,1:48.5,1/2,**,,,,,3-5-4,35.0,10.7,4,478(+2),,,,[東]大竹正博,Ｇ１レーシング,110.0,202005010807
5,1,1,シャドウアイランド,牝5,55,Ｍ．デム,1:48.6,クビ,**,,,,,11-12-8,34.9,20.4,8,464(+6),,,,[東]林徹,飯塚知一,76.0,202005010807
6,1,2,アグリューム,牝4,54,津村明秀,1:48.8,1.1/4,**,,,,,5-7-8,35.1,8.9,3,452(-4),,,,[東]武井亮,キャロットファーム,,202005010807
7,3,5,フィリアーノ,牡4,56,ミナリク,1:48.8,クビ,**,,,,,7-5-4,35.4,68.1,10,454(-4),,,,[東]手塚貴久,吉田勝己,,202005010807
8,2,4,ラレゾン,牝6,55,大野拓弥,1:48.9,クビ,**,,,,,11-9-8,35.2,20.2,7,440(+2),,,,[東]高木登,社台レースホース,,202005010807
9,3,6,オールステリーナ,牝5,55,武藤雅,1:49.1,1,**,,,,,11-15-13,35.3,365.3,15,468(+4),,,,[東]松山将樹,宮田守,,202005010807
10,2,3,グレンフィナン,セ5,57,福永祐一,1:49.3,1.1/4,**,,,,,3-2-2,36.1,73.5,12,486(-2),,,,[東]鹿戸雄一,Ｇ１レーシング,,202005010807
11,5,10,イサク,牡4,56,石橋脩,1:49.6,2,**,,,,,11-12-13,35.7,17.8,5,480(+4),,,,[東]岩戸孝樹,ゴドルフィン,,202005010807
12,6,12,コスモミローディア,牡4,55,野中悠太,1:49.7,3/4,**,,,,,5-9-8,36.0,151.6,13,454(-6),,,,[東]清水英克,ビッグレッドファーム,,202005010807
13,8,15,モレッキ,セ6,57,フォーリ,1:49.8,1/2,**,,,,,7-2-2,36.5,62.6,9,494(+22),,,,[東]稲垣幸雄,サンデーレーシング,,202005010807
14,4,8,クロムウェル,牡4,56,岩部純二,1:50.5,4,**,,,,,1-2-4,37.1,420.7,16,444(+6),,,,[東]加藤和宏,ミルファーム,,202005010807
15,8,16,タイセイシャトル,セ4,56,木幡巧也,1:51.9,9,**,,,,,10-7-7,38.3,209.3,14,474(-4),,,,[東]斎藤誠,田中成奉,,202005010807
16,7,13,エールグリーツ,牝5,55,北村友一,1:53.2,8,**,,,,,2-1-1,40.0,71.6,11,440(+12),,,,[東]林徹,社台レースホース,,202005010807
1,4,4,グレンガリー,セ5,57,津村明秀,2:00.8,,**,,,,,1-1-1,35.9,7.2,3,440(-2),,,,[東]萩原清,吉田勝己,"1,100.0",202005010808
2,1,1,アーチキング,セ7,57,丸山元気,2:01.1,2,**,,,,,2-3-2,35.5,9.5,4,524(+6),,,,[東]木村哲也,シルクレーシング,440.0,202005010808
3,7,7,コーカス,牡6,57,フォーリ,2:01.3,1.1/4,**,,,,,6-5-6,35.2,2.0,1,518(+6),,,,[西]藤原英昭,ゴドルフィン,280.0,202005010808
4,5,5,ダイイチターミナル,牡6,57,江田照男,2:01.5,1.1/4,**,,,,,8-9-8,35.2,74.2,8,476(-2),,,,[東]大江原哲,ミルファーム,170.0,202005010808
5,7,8,ジャストアジゴロ,牡4,56,Ｍ．デム,2:01.6,クビ,**,,,,,8-7-4,35.7,2.8,2,450(+6),,,,[西]安田翔伍,原禮子,110.0,202005010808
6,8,10,クラサーヴィツァ,牝4,54,秋山真一,2:01.8,1,**,,,,,2-2-2,36.3,11.1,5,450(+6),,,,[東]武井亮,椎名節,,202005010808
7,2,2,エニグマバリエート,牡8,57,吉田豊,2:02.1,1.3/4,**,,,,,7-7-8,35.8,61.1,7,494(0),,,,[東]戸田博文,平井裕,,202005010808
8,8,9,エフティスパークル,牡7,55,木幡育也,2:02.2,3/4,**,,,,,4-4-4,36.3,34.5,6,464(-4),,,,[東]鹿戸雄一,吉野英子,,202005010808
9,3,3,タニノホウザン,牡6,57,武士沢友,2:02.4,1.1/2,**,,,,,10-10-10,35.9,174.0,10,472(0),,,,[東]星野忍,谷口祐人,,202005010808
10,6,6,ヴァンベールシチー,セ6,57,佐藤友則,2:02.5,3/4,**,,,,,5-5-6,36.3,78.8,9,422(+4),,,,[東]池上昌和,友駿ホースクラブ,,202005010808
1,3,3,カフェファラオ,牡3,56,Ｍ．デム,1:37.7,,**,,,,,12-8,35.2,2.1,1,504(-2),,,,[東]堀宣行,西川光一,"1,930.8",202005010809
2,7,12,タガノビューティー,牡3,56,和田竜二,1:37.9,1.1/4,**,,,,,14-13,34.9,3.1,2,506(-2),,,,[西]西園正都,八木良司,768.8,202005010809
3,6,10,ヤウガウ,牡3,56,ルメール,1:38.3,2.1/2,**,,,,,6-5,36.0,6.0,3,486(+6),,,,[西]須貝尚介,Ｇリビエール・レーシング,484.4,202005010809
4,5,8,ロンゴノット,牡3,56,石橋脩,1:38.4,1/2,**,,,,,3-2,36.4,17.5,5,486(0),,,,[東]高柳瑞樹,ゴドルフィン,290.0,202005010809
5,6,9,ヘルシャフト,牡3,56,大野拓弥,1:38.7,2,**,,,,,6-8,36.1,18.4,6,506(-6),,,,[西]野中賢二,カナヤマホールディングス,190.0,202005010809
6,4,6,メイショウテンスイ,牡3,56,武豊,1:38.8,クビ,**,,,,,2-2,36.9,19.5,7,510(+13),,,,[西]南井克巳,松本好雄,,202005010809
7,3,4,ウルトラマリン,牝3,54,内田博幸,1:38.9,1/2,**,,,,,1-1,37.1,244.7,14,466(-4),,,,[西]今野貞一,吉澤克己,,202005010809
8,5,7,タイセイポリシー,牡3,56,津村明秀,1:38.9,クビ,**,,,,,9-8,36.4,129.6,13,486(-2),,,,[東]栗田徹,田中成奉,,202005010809
9,2,2,ダイメイコリーダ,牡3,56,田辺裕信,1:39.0,1/2,**,,,,,4-4,36.9,51.6,9,490(+22),,,,[西]森田直行,宮本昇,,202005010809
10,8,13,レーヌブランシュ,牝3,54,松山弘平,1:39.3,1.1/2,**,,,,,9-11,36.5,15.6,4,454(0),,,,[西]橋口慎介,前田晋二,,202005010809
11,1,1,ジェットマックス,牡3,56,佐藤友則,1:39.3,ハナ,**,,,,,6-7,36.9,122.4,12,492(+2),,,,[西]森秀行,大野剛嗣,,202005010809
12,8,14,モリノブレイク,牡3,56,江田照男,1:39.5,1.1/2,**,,,,,11-11,36.7,121.1,11,554(+4),,,,[東]大江原哲,森和久,,202005010809
13,7,11,ナイルリバー,牡3,56,フォーリ,1:40.8,8,**,,,,,12-13,37.8,44.5,8,542(-10),,,,[西]藤原英昭,馬場幸夫,,202005010809
14,4,5,キメラヴェリテ,牡3,57,福永祐一,1:41.0,1.1/4,**,,,,,4-5,38.7,85.8,10,538(+13),,,,[西]中竹和也,加藤誠,,202005010809
1,5,5,アトミックフォース,牡4,56,田辺裕信,2:02.1,,**,,,,,2-2-2,33.7,7.0,3,482(+8),,,,[東]武藤善則,吉田千津,"1,842.4",202005010810
2,2,2,ウインガナドル,牡6,57,津村明秀,2:02.3,1.1/4,**,,,,,1-1-1,34.2,9.4,4,470(0),,,,[東]上原博之,ウイン,736.4,202005010810
3,8,10,レッドサイオン,牡4,56,ルメール,2:02.5,1.1/4,**,,,,,6-5-4,33.7,3.5,2,456(-6),,,,[東]藤沢和雄,東京ホースレーシング,463.2,202005010810
4,7,7,ベイビーステップ,牡6,57,和田竜二,2:02.6,3/4,**,,,,,4-4-2,34.1,54.1,8,492(0),,,,[東]菊川正達,大塚亮一,270.0,202005010810
5,6,6,ダイワダグラス,牡4,56,内田博幸,2:02.6,ハナ,**,,,,,4-5-6,33.7,10.9,6,498(-8),,,,[東]鹿戸雄一,大城敬三,182.0,202005010810
6,4,4,ゴータイミング,牡4,56,武豊,2:02.7,3/4,**,,,,,7-7-7,33.7,2.4,1,454(+2),,,,[西]松永幹夫,キーファーズ,,202005010810
7,8,9,リフトトゥヘヴン,牡6,57,横山和生,2:03.1,2.1/2,**,,,,,3-3-4,34.4,151.7,10,488(-2),,,,[東]加藤征弘,丸山担,,202005010810
8,7,8,ハナズレジェンド,牡7,57,松山弘平,2:03.3,1.1/4,**,,,,,8-8-8,34.0,10.2,5,458(-4),,,,[西]矢作芳人,広尾レース,,202005010810
9,1,1,スパイラルダイブ,牡6,57,フォーリ,2:03.6,1.3/4,**,,,,,8-8-8,34.3,12.4,7,444(+8),,,,[東]古賀慎明,Ｇ１レーシング,,202005010810
10,3,3,スモークフリー,牡8,57,吉田豊,2:03.8,1.1/2,**,,,,,10-10-10,34.3,72.1,9,538(0),,,,[東]戸田博文,社台レースホース,,202005010810
1,6,12,モズアスコット,牡6,57,ルメール,1:35.2,,**,,,,,8-8,35.4,2.8,1,494(0),,,,[西]矢作芳人,キャピタル・システム,"10,340.2",202005010811
2,8,15,ケイティブレイブ,牡7,57,長岡禎仁,1:35.6,2.1/2,**,,,,,9-9,35.6,142.6,16,524(+4),,,,[西]杉山晴紀,瀧本和義,"4,097.2",202005010811
3,5,9,サンライズノヴァ,牡6,57,松山弘平,1:35.8,1.1/4,**,,,,,12-13,35.3,6.8,3,534(+10),,,,[西]音無秀孝,松岡隆雄,"2,548.6",202005010811
4,8,16,ワンダーリーデル,牡7,57,横山典弘,1:35.8,ハナ,**,,,,,12-11,35.5,28.0,7,530(0),,,,[西]安田翔伍,山本能成,"1,500.0",202005010811
5,2,4,タイムフライヤー,牡5,57,フォーリ,1:36.1,1.3/4,**,,,,,3-3,37.0,30.3,10,472(-2),,,,[西]松田国英,サンデーレーシング,"1,000.0",202005010811
6,4,8,キングズガード,牡9,57,秋山真一,1:36.5,2.1/2,**,,,,,14-13,35.9,111.5,14,470(-8),,,,[西]寺島良,日進牧場,,202005010811
6,6,11,モジアナフレイバー,牡5,57,繁田健一,1:36.5,同着,**,,,,,14-13,36.0,45.4,11,516(-3),,,,[地]福永敏,尾田信夫,,202005010811
8,5,10,ノンコノユメ,セ8,57,真島大輔,1:36.6,1/2,**,,,,,11-11,36.3,29.1,9,446(+3),,,,[地]荒山勝徳,山田広太郎,,202005010811
9,1,2,アルクトス,牡5,57,田辺裕信,1:37.0,2.1/2,**,,,,,2-1,38.3,9.0,4,548(+8),,,,[東]栗田徹,山口功一郎,,202005010811
10,4,7,ヴェンジェンス,牡7,57,幸英明,1:37.0,アタマ,**,,,,,7-6,37.5,17.0,5,496(-4),,,,[西]大根田裕,宮川純造,,202005010811
11,7,14,ミューチャリー,牡4,57,御神本訓,1:37.1,1/2,**,,,,,14-16,36.4,112.9,15,464(-1),,,,[地]矢野義幸,石瀬丈太郎,,202005010811
12,2,3,ワイドファラオ,牡4,57,福永祐一,1:37.3,1.1/4,**,,,,,1-2,38.5,24.1,6,500(-8),,,,[西]角居勝彦,幅田昌伸,,202005010811
13,1,1,ブルドッグボス,牡8,57,和田竜二,1:38.3,6,**,,,,,6-4,38.9,110.3,13,514(-18),,,,[西]加用正,ＨｉｍＲｏｃｋＲａｃｉｎｇホールディングス,,202005010811
14,3,5,インティ,牡6,57,武豊,1:38.3,クビ,**,,,,,4-4,39.0,3.0,2,514(-4),,,,[西]野中賢二,武田茂男,,202005010811
15,7,13,デルマルーヴル,牡4,57,Ｍ．デム,1:38.6,1.3/4,**,,,,,9-10,38.4,29.1,8,494(0),,,,[東]戸田博文,浅沼廣幸,,202005010811
16,3,6,ミッキーワイルド,牡5,57,北村友一,1:38.9,1.3/4,**,,,,,4-6,39.3,48.3,12,508(-6),,,,[西]安田隆行,野田みづき,,202005010811
1,2,4,コーラルプリンセス,牝6,55,丸山元気,1:24.2,,**,,,,,6-6,36.0,5.6,3,536(+4),,,,[東]高橋裕,吉田勝己,"1,544.8",202005010812
2,4,8,ドウドウキリシマ,牡4,57,松山弘平,1:24.4,1.1/4,**,,,,,5-5,36.4,7.5,4,474(-10),,,,[西]村山明,西村新一郎,612.8,202005010812
3,2,3,スズカゴーディー,牡6,57,石橋脩,1:24.5,1/2,**,,,,,7-6,36.4,27.6,10,486(-2),,,,[東]伊藤圭三,永井啓弍,386.4,202005010812
4,1,2,アスクジョーダン,セ8,57,福永祐一,1:24.7,1,**,,,,,4-4,36.8,17.5,8,496(-10),,,,[西]野中賢二,廣崎利洋,230.0,202005010812
5,5,9,エピックアン,牡5,57,田辺裕信,1:24.7,クビ,**,,,,,11-11,36.2,5.4,2,506(0),,,,[東]大和田成,ＴＵＲＦレーシング,150.0,202005010812
6,6,11,オールウェイズゼア,牡6,57,野中悠太,1:24.9,1.1/4,**,,,,,14-14,36.0,51.8,12,480(-6),,,,[東]大江原哲,グリーンスウォード,,202005010812
7,5,10,ニューモニュメント,牡4,57,和田竜二,1:25.0,3/4,**,,,,,12-12,36.4,8.1,5,488(+16),,,,[西]小崎憲,前田葉子,,202005010812
8,3,6,オルクリスト,牡4,57,大野拓弥,1:25.0,クビ,**,,,,,12-12,36.3,12.2,6,484(-8),,,,[東]杉浦宏昭,日進牧場,,202005010812
9,4,7,サンタナブルー,牡8,57,ミナリク,1:25.4,2.1/2,**,,,,,9-8,37.1,96.0,16,482(-6),,,,[東]和田雄二,ＹＧＧホースクラブ,,202005010812
10,7,13,ティアップサンダー,牡8,57,佐藤友則,1:25.4,クビ,**,,,,,14-14,36.6,92.5,15,494(+8),,,,[東]奥平雅士,田中昇,,202005010812
11,1,1,ホノカ,牝6,55,江田照男,1:25.5,3/4,**,,,,,1-1,38.5,86.4,14,482(+8),,,,[東]菊川正達,岡田壮史,,202005010812
12,8,16,アイアムハヤスギル,牡4,57,横山典弘,1:25.8,1.3/4,**,,,,,2-2,38.3,3.8,1,482(0),,,,[東]奥平雅士,堀紘一,,202005010812
13,8,15,ニシノジャガーズ,牡5,57,岩部純二,1:26.7,5,**,,,,,16-16,36.5,23.1,9,488(-6),,,,[東]萱野浩二,西山茂行,,202005010812
14,7,14,アポロチーター,牡4,57,木幡巧也,1:26.8,クビ,**,,,,,2-3,39.1,17.1,7,530(0),,,,[東]岩戸孝樹,アポロサラブレッドクラブ,,202005010812
15,6,12,クリップスプリンガ,牡6,57,津村明秀,1:26.8,アタマ,**,,,,,7-9,38.4,31.6,11,456(-2),,,,[東]岩戸孝樹,山下良子,,202005010812
16,3,5,スーパーアキラ,牡5,57,北村友一,1:26.8,アタマ,**,,,,,10-9,38.4,66.9,13,512(0),,,,[東]矢野英一,井山登,,202005010812
1,7,12,シャーレ,牝3,54,石橋脩,1:39.7,,**,,,,,5-4,37.9,1.5,1,448(-6),,,,[東]武市康男,東海林貴大,510.0,202005020101
2,7,13,ソヨギ,牝3,54,吉田豊,1:39.8,1/2,**,,,,,1-1,38.3,8.4,3,462(0),,,,[東]粕谷昌央,海谷幸司,200.0,202005020101
3,8,15,ダイユウローズ,牝3,54,木幡巧也,1:40.2,2.1/2,**,,,,,3-2,38.5,16.9,5,514(+14),,,,[東]松永康利,大友靖岐,130.0,202005020101
4,4,6,ユウチャファスト,牝3,54,北村宏司,1:40.2,クビ,**,,,,,7-6,38.2,4.4,2,456(+10),,,,[東]中舘英二,長谷川祐司,77.0,202005020101
5,8,14,シャランドール,牝3,54,大野拓弥,1:40.5,1.3/4,**,,,,,2-2,38.9,16.2,4,468(+8),,,,[東]大竹正博,湊義明,51.0,202005020101
6,3,5,キアナポラリス,牝3,54,野中悠太,1:40.6,1/2,**,,,,,10-9,38.2,100.4,12,442(+6),,,,[東]宮田敬介,ノルマンディーサラブレッドレーシング,,202005020101
7,3,4,ロッソビアンコ,牝3,54,三浦皇成,1:40.6,ハナ,**,,,,,7-6,38.5,18.5,6,432(-4),,,,[東]鹿戸雄一,平田修,,202005020101
8,2,2,リンドウ,牝3,54,宮崎北斗,1:40.8,1.1/2,**,,,,,9-9,38.5,173.4,13,430(0),,,,[東]中川公成,千葉正人,,202005020101
9,5,9,キイエクスプロード,牝3,54,田辺裕信,1:41.0,1,**,,,,,14-13,38.2,48.6,7,424(+2),,,,[東]小桧山悟,安田嘉太郎,,202005020101
10,6,11,スマートクレイン,牝3,54,横山武史,1:41.0,クビ,**,,,,,14-15,38.1,89.9,11,500(-10),,,,[東]尾関知人,大川徹,,202005020101
11,4,7,クインズモモナ,牝3,51,小林脩斗,1:41.2,3/4,**,,,,,5-6,39.2,59.8,8,492(0),,,,[東]奥平雅士,亀田和弘,,202005020101
12,2,3,アオイサンゴショウ,牝3,54,武藤雅,1:41.3,3/4,**,,,,,13-12,38.7,244.4,15,428(-2),,,,[東]田中清隆,芹澤精一,,202005020101
13,1,1,プラズマテイル,牝3,54,嘉藤貴行,1:42.1,5,**,,,,,10-9,39.8,197.4,14,400(-14),,,,[東]大和田成,岡田牧雄,,202005020101
14,6,10,クインズウィッシュ,牝3,54,江田照男,1:42.3,1.1/4,**,,,,,10-13,39.6,64.4,9,414(-2),,,,[東]武藤善則,吉田千津,,202005020101
15,5,8,ピュアサンクス,牝3,51,山田敬士,1:42.5,1,**,,,,,3-4,40.7,75.5,10,412(-4),,,,[東]伊藤伸一,田畑利彦,,202005020101
1,4,7,グローサーベア,セ3,56,ルメール,1:26.1,,**,,,,,5-3,37.3,2.5,1,466(0),,,,[東]矢野英一,社台レースホース,510.0,202005020102
2,2,4,カッチョカバロ,牡3,56,津村明秀,1:26.3,1.1/4,**,,,,,1-1,38.1,5.2,3,492(-6),,,,[東]牧光二,平田修,200.0,202005020102
3,2,3,ペガサスターボ,牡3,56,横山和生,1:26.3,ハナ,**,,,,,3-3,37.6,95.6,10,512(+4),,,,[東]勢司和浩,千明牧場,130.0,202005020102
4,1,1,ノーブルウルフ,牡3,56,横山武史,1:26.9,3.1/2,**,,,,,2-2,38.6,13.7,5,486(0),,,,[東]久保田貴,吉木伸彦,77.0,202005020102
5,6,11,シャークスコーブ,牡3,56,レーン,1:27.2,1.3/4,**,,,,,6-6,38.2,3.3,2,468(+6),,,,[東]上原博之,シルクレーシング,51.0,202005020102
6,7,14,タシロ,牡3,56,岩部純二,1:27.2,ハナ,**,,,,,14-13,37.1,176.5,12,526(+20),,,,[東]的場均,ミルファーム,,202005020102
7,8,16,マニールリッヒ,牡3,56,石橋脩,1:27.3,3/4,**,,,,,15-13,37.2,19.8,7,484(0),,,,[東]青木孝文,吉田勝己,,202005020102
8,1,2,ロングイ,牡3,56,野中悠太,1:27.6,2,**,,,,,12-9,38.0,301.6,14,480(-12),,,,[東]伊藤大士,佐久間拓士,,202005020102
9,3,5,タイキスピネル,牡3,56,ヒューイ,1:27.8,1.1/4,**,,,,,3-3,39.0,40.9,8,464(-8),,,,[東]伊藤圭三,大樹ファーム,,202005020102
10,4,8,マロンジェム,牡3,56,田辺裕信,1:28.2,2.1/2,**,,,,,7-7,39.1,15.1,6,488(+4),,,,[東]稲垣幸雄,フロンティア,,202005020102
11,3,6,ドルレアン,牡3,56,内田博幸,1:28.2,アタマ,**,,,,,16-16,37.2,67.2,9,476(-14),,,,[東]池上昌和,シルクレーシング,,202005020102
12,5,9,ハッピーミニスター,牡3,56,大野拓弥,1:28.4,1.1/4,**,,,,,8-9,38.8,9.6,4,462(0),,,,[東]池上昌和,堀祥子,,202005020102
13,7,13,キセキガクル,牡3,56,吉田豊,1:28.5,1/2,**,,,,,9-8,39.1,282.2,13,484(-4),,,,[東]加藤士津,田畑利彦,,202005020102
14,6,12,ゴールドスナイパー,牡3,56,木幡巧也,1:28.5,クビ,**,,,,,9-9,38.9,169.6,11,474(-4),,,,[東]田中剛,馬目卓,,202005020102
15,5,10,エンパイアブレイズ,牡3,56,井上敏樹,1:29.3,5,**,,,,,11-12,39.5,359.7,15,428(-8),,,,[東]田島俊明,小原準一郎,,202005020102
16,8,15,タチ,牡3,53,山田敬士,1:29.9,3.1/2,**,,,,,13-15,39.6,560.8,16,452(+2),,,,[東]小桧山悟,中村勝彦,,202005020102
1,5,8,サンチャップリン,牡3,56,内田博幸,2:14.8,,**,,,,,2-2-2-2,38.4,162.8,11,560(-6),,,,[東]中舘英二,加藤ステーブル,510.0,202005020103
2,6,10,シュバルツイェガー,牡3,56,大野拓弥,2:14.9,1/2,**,,,,,4-3-3-3,38.3,18.8,5,480(-6),,,,[東]高木登,西森功,200.0,202005020103
3,4,6,ロドルフォブレイン,牡3,56,石橋脩,2:15.0,1/2,**,,,,,1-1-1-1,38.7,3.9,2,532(+6),,,,[東]尾関知人,エンジェルレーシング,130.0,202005020103
4,6,9,トップリーチ,牡3,56,横山和生,2:15.0,クビ,**,,,,,10-11-8-5,37.9,25.7,6,434(+2),,,,[東]萱野浩二,紅露純,77.0,202005020103
5,3,3,ゲンキチボン,牡3,56,木幡巧也,2:15.1,1/2,**,,,,,8-8-8-9,37.7,38.1,7,472(0),,,,[東]堀井雅広,荒井元明,51.0,202005020103
6,3,4,メジャーブレイク,牡3,56,ルメール,2:15.3,1.1/2,**,,,,,2-3-3-3,38.7,1.6,1,526(-4),,,,[東]水野貴広,吉田照哉,,202005020103
7,4,5,キークラウン,牡3,56,野中悠太,2:15.5,3/4,**,,,,,10-9-8-9,38.0,132.7,10,496(+2),,,,[東]黒岩陽一,北前孔一郎,,202005020103
8,2,2,ワンダーサーイター,牡3,56,菅原隆一,2:15.5,クビ,**,,,,,6-6-6-7,38.3,233.1,12,450(0),,,,[東]畠山吉宏,山本能成,,202005020103
9,1,1,ファクトベース,牡3,56,ヒューイ,2:15.7,1,**,,,,,4-5-5-5,38.7,8.7,4,494(-2),,,,[東]久保田貴,社台レースホース,,202005020103
10,8,14,ソイチーノ,セ3,56,岩部純二,2:16.3,3.1/2,**,,,,,7-7-6-7,39.0,505.2,14,498(-4),,,,[東]中川公成,ミルファーム,,202005020103
11,7,12,トキメキナイス,牡3,56,江田照男,2:16.4,1/2,**,,,,,9-9-11-12,38.4,47.7,8,462(+2),,,,[東]佐藤吉勝,片岡正雄,,202005020103
12,8,13,ショウナンアクア,牡3,56,三浦皇成,2:16.4,ハナ,**,,,,,12-12-11-11,38.6,8.4,3,470(0),,,,[東]古賀史生,国本哲秀,,202005020103
13,5,7,ノーブルフローラ,牝3,54,武士沢友,2:18.1,大,**,,,,,13-13-13-13,39.8,425.1,13,486(0),,,,[東]武藤善則,吉木伸彦,,202005020103
14,7,11,マイネルエピキュア,牡3,56,横山武史,2:18.5,2.1/2,**,,,,,13-14-13-13,40.3,83.4,9,480(-2),,,,[東]和田雄二,サラブレッドクラブ・ラフィアン,,202005020103
1,5,6,レッドペルーシュ,牝3,54,田中勝春,2:01.8,,**,,,,,6-6-6,33.9,6.5,3,408(0),,,,[東]宗像義忠,東京ホースレーシング,510.0,202005020104
2,8,11,コトブキテティス,牝3,54,武藤雅,2:01.9,1/2,**,,,,,9-10-8,33.8,2.0,1,426(-8),,,,[東]田島俊明,尾上松壽,200.0,202005020104
3,6,8,トクシーズファー,牝3,54,吉田豊,2:01.9,アタマ,**,,,,,1-1-1,34.6,81.0,9,438(+8),,,,[東]戸田博文,ＡＩレーシング,130.0,202005020104
4,2,2,バルバレスコ,牝3,54,ヒューイ,2:02.4,3,**,,,,,4-3-4,34.8,8.2,5,478(0),,,,[東]宗像義忠,シルクレーシング,77.0,202005020104
5,7,9,レットミーアウト,牝3,54,横山武史,2:02.5,1/2,**,,,,,6-8-8,34.5,6.7,4,472(-4),,,,[東]水野貴広,サラブレッドクラブ・ラフィアン,51.0,202005020104
6,6,7,ココリミネルヴァ,牝3,54,北村宏司,2:02.5,アタマ,**,,,,,3-3-2,35.0,54.8,8,418(-6),,,,[東]古賀慎明,美崎光二郎,,202005020104
7,8,12,マリノソフィア,牝3,54,津村明秀,2:02.6,1/2,**,,,,,2-2-2,35.2,6.1,2,458(+4),,,,[東]奥平雅士,矢野恭裕,,202005020104
8,7,10,フレッシュスタート,牝3,54,石川裕紀,2:02.8,1.1/4,**,,,,,9-8-8,34.8,115.0,10,422(+4),,,,[東]高橋祥泰,サラブレッドクラブ・ラフィアン,,202005020104
9,1,1,キミノミラクル,牝3,54,野中悠太,2:02.9,1/2,**,,,,,11-10-8,34.8,139.2,11,500(-6),,,,[東]根本康広,平賀久枝,,202005020104
10,4,4,ペルージュ,牝3,54,大野拓弥,2:03.0,1/2,**,,,,,4-3-4,35.4,29.0,7,418(-6),,,,[東]中川公成,岡田牧雄,,202005020104
11,5,5,モアナグレイス,牝3,54,木幡巧也,2:03.0,アタマ,**,,,,,12-12-12,34.7,303.9,12,410(-6),,,,[東]和田雄二,日下幸徳,,202005020104
12,3,3,ラストエクセル,牝3,54,Ｍ．デム,2:03.3,2,**,,,,,8-6-6,35.4,11.2,6,452(+16),,,,[東]伊藤大士,ニッシンホールディングス,,202005020104
1,7,14,グルアーブ,牝3,54,ルメール,1:21.4,,**,,,,,7-7,34.1,2.6,1,422(-8),,,,[東]林徹,ノルマンディーサラブレッドレーシング,510.0,202005020105
2,8,18,クァンタムリープ,牡3,56,田辺裕信,1:21.4,アタマ,**,,,,,10-7,34.1,15.3,5,472(0),,,,[東]鹿戸雄一,シルクレーシング,200.0,202005020105
3,5,9,ホイッスルヴォイス,牝3,54,横山武史,1:21.4,ハナ,**,,,,,4-4,34.6,6.0,4,448(-4),,,,[東]大竹正博,藤田岳彦,130.0,202005020105
4,2,4,トルニ,牝3,54,吉田豊,1:21.6,1.1/4,**,,,,,5-5,34.6,3.8,2,456(+2),,,,[東]高橋裕,水上ふじ子,77.0,202005020105
5,4,7,エリーストーム,牝3,54,野中悠太,1:22.2,3.1/2,**,,,,,2-2,35.7,34.5,7,422(-8),,,,[東]本間忍,谷川正純,51.0,202005020105
6,3,6,フィーユレヴーズ,牝3,54,Ｍ．デム,1:22.3,3/4,**,,,,,2-2,35.9,35.5,8,440(-2),,,,[東]斎藤誠,小田吉男,,202005020105
7,6,12,ブンロート,牡3,56,石橋脩,1:23.2,5,**,,,,,1-1,36.9,5.7,3,516(-4),,,,[東]牧光二,石瀬浩三,,202005020105
8,8,17,モノポリーアイズ,牝3,54,横山典弘,1:23.3,1/2,**,,,,,7-10,35.6,18.3,6,442(+2),,,,[東]武井亮,吉田照哉,,202005020105
9,1,2,ヤエノロータス,牡3,53,小林脩斗,1:23.3,ハナ,**,,,,,10-12,35.3,308.6,15,462(-4),,,,[東]天間昭一,柳田英子,,202005020105
10,3,5,サクラジマテソーロ,牡3,56,ヒューイ,1:23.4,1/2,**,,,,,10-12,35.3,38.7,9,460(+14),,,,[東]加藤和宏,了徳寺健二ホールディングス,,202005020105
11,6,11,グリエクレール,牝3,51,山田敬士,1:23.4,クビ,**,,,,,6-6,36.3,102.5,12,438(-14),,,,[東]菊沢隆徳,ノルマンディーサラブレッドレーシング,,202005020105
12,5,10,プエンテデグロリア,牝3,54,北村宏司,1:23.5,クビ,**,,,,,17-18,34.6,160.5,13,436(0),,,,[東]勢司和浩,谷口祐人,,202005020105
13,1,1,ダニューブ,牝3,54,内田博幸,1:23.7,1.1/4,**,,,,,10-10,35.9,79.0,11,460(-8),,,,[東]和田勇介,ゴドルフィン,,202005020105
14,7,15,サントマリー,牝3,54,大野拓弥,1:24.0,1.3/4,**,,,,,15-15,35.7,55.2,10,442(-2),,,,[東]松山将樹,岡田牧雄,,202005020105
15,8,16,トモエタカ,牡3,56,田中勝春,1:24.3,2,**,,,,,17-15,36.0,193.9,14,420(+2),,,,[東]中野栄治,石井義孝,,202005020105
16,2,3,ノアエリザベス,牝3,54,武士沢友,1:24.6,1.3/4,**,,,,,15-12,36.5,355.0,17,406(-10),,,,[東]古賀史生,佐山公男,,202005020105
17,7,13,セイアフェクト,牡3,56,石川裕紀,1:25.2,4,**,,,,,7-9,37.7,474.4,18,420(-10),,,,[東]中野栄治,金田成基,,202005020105
18,4,8,リディアンスケール,牡3,56,江田照男,1:25.5,1.3/4,**,,,,,14-17,36.8,330.0,16,486(+4),,,,[東]伊藤伸一,グリーンスウォード,,202005020105
1,6,8,グレイトオーサー,牡3,56,レーン,1:49.0,,**,,,,,6-8-8,34.0,2.4,2,516(0),,,,[東]堀宣行,キャロットファーム,510.0,202005020106
2,6,7,イルミナル,牝3,54,ルメール,1:49.0,クビ,**,,,,,4-4-4,34.5,1.8,1,420(+2),,,,[東]奥村武,キャロットファーム,200.0,202005020106
3,8,12,トロワシャルム,牡3,56,ヒューイ,1:49.3,1.3/4,**,,,,,3-3-3,35.1,12.4,4,468(+4),,,,[東]鹿戸雄一,村野康司,130.0,202005020106
4,5,6,エナミルク,牝3,54,木幡巧也,1:49.8,3,**,,,,,2-2-2,35.8,100.9,8,482(0),,,,[東]伊藤大士,宮原廣伸,77.0,202005020106
5,2,2,スワーヴカエサル,牡3,56,横山典弘,1:50.1,2,**,,,,,6-9-9,34.9,11.1,3,532(0),,,,[東]田中博康,ＮＩＣＫＳ,51.0,202005020106
6,8,11,エースインザハート,牡3,56,江田照男,1:50.2,クビ,**,,,,,8-4-4,35.7,111.7,9,446(-6),,,,[東]大江原哲,西村隆平,,202005020106
7,3,3,アトラクトボイス,牡3,56,吉田豊,1:50.5,1.3/4,**,,,,,1-1-1,36.6,78.4,7,426(+6),,,,[東]土田稔,大原詔宏,,202005020106
8,7,10,パセオ,牡3,56,三浦皇成,1:50.7,1.1/2,**,,,,,12-11-11,35.2,25.9,6,520(0),,,,[東]加藤征弘,ゴドルフィン,,202005020106
9,4,4,トリッタウ,牝3,54,武藤雅,1:50.7,ハナ,**,,,,,11-9-9,35.5,114.7,10,464(0),,,,[東]水野貴広,ディアレストクラブ,,202005020106
10,5,5,トウカイラルゴ,牡3,56,田辺裕信,1:51.4,4,**,,,,,5-6-6,36.6,25.1,5,494(0),,,,[東]栗田徹,内村正則,,202005020106
11,7,9,ジョブックコラード,牡3,53,山田敬士,1:51.5,1/2,**,,,,,8-6-6,36.8,263.5,11,452(-8),,,,[東]小桧山悟,萩本企画,,202005020106
12,1,1,ゴールドブション,牡3,56,宮崎北斗,1:51.9,2.1/2,**,,,,,10-11-12,36.3,282.1,12,498(0),,,,[東]青木孝文,廣崎利洋ＨＤ,,202005020106
1,5,10,レッチェバロック,牝3,54,ルメール,1:23.6,,**,,,,,1-1,37.6,1.5,1,486(+2),,,,[東]藤沢和雄,吉田和美,730.0,202005020107
2,2,3,アストロブレイク,牡3,56,三浦皇成,1:25.0,9,**,,,,,3-3,38.7,12.7,4,490(0),,,,[東]相沢郁,吉澤克己,290.0,202005020107
3,7,14,タイキラッシュ,牡3,56,レーン,1:25.0,ハナ,**,,,,,2-2,38.9,3.9,2,510(+2),,,,[東]高木登,大樹ファーム,180.0,202005020107
4,6,12,プリマジア,牡3,56,田辺裕信,1:25.1,クビ,**,,,,,12-10,36.7,6.5,3,454(-2),,,,[東]金成貴史,藤沼利夫,110.0,202005020107
5,3,6,ファイヴレター,牡3,56,江田照男,1:25.3,1.1/4,**,,,,,7-6,37.5,152.6,13,444(-4),,,,[東]佐藤吉勝,熊坂俊一,73.0,202005020107
6,3,5,トーアリュウジン,セ3,56,村田一誠,1:25.3,クビ,**,,,,,6-6,37.5,178.4,14,472(-10),,,,[東]藤原辰雄,高山ランド,,202005020107
7,1,2,クロッチ,セ3,56,大野拓弥,1:25.6,1.1/2,**,,,,,4-4,38.7,47.4,5,452(-2),,,,[東]杉浦宏昭,リトルブルーファーム,,202005020107
8,8,15,メモワールミノル,牡3,56,石川裕紀,1:25.9,2,**,,,,,15-13,37.3,127.0,10,462(-4),,,,[東]中舘英二,吉岡實,,202005020107
9,6,11,ケイアイピハ,牡3,56,北村宏司,1:25.9,クビ,**,,,,,8-8,37.8,75.9,7,440(-6),,,,[東]池上昌和,亀田和弘,,202005020107
10,7,13,カイアワセ,牝3,54,武士沢友,1:26.0,1/2,**,,,,,14-13,37.4,59.1,6,434(-2),,,,[東]星野忍,内田玄祥,,202005020107
11,4,8,サトノポーラスター,牡3,56,内田博幸,1:26.4,2.1/2,**,,,,,12-13,37.8,118.9,9,498(-14),,,,[東]大和田成,サトミホースカンパニー,,202005020107
12,4,7,ネイチャーカレン,牡3,56,野中悠太,1:27.0,3.1/2,**,,,,,4-5,39.8,134.3,11,454(+4),,,,[東]根本康広,井上修一,,202005020107
13,1,1,デルマガーネット,牝3,54,武藤雅,1:27.1,クビ,**,,,,,8-8,38.9,148.5,12,442(+4),,,,[東]堀井雅広,浅沼廣幸,,202005020107
14,2,4,コパノビアンカ,牝3,51,山田敬士,1:27.1,アタマ,**,,,,,10-10,38.7,243.2,15,434(+2),,,,[東]林徹,小林祥晃,,202005020107
15,5,9,コーリングローリー,牡3,56,石橋脩,1:27.2,1/2,**,,,,,16-16,38.2,98.3,8,438(-6),,,,[東]小野次郎,伊藤恵子,,202005020107
16,8,16,フジヤマテキサス,牡3,56,宮崎北斗,1:27.5,1.1/2,**,,,,,10-10,39.1,410.0,16,484(-4),,,,[東]根本康広,ＩＨＲ,,202005020107
1,5,9,オーシャンビュー,牡7,57,嘉藤貴行,1:38.0,,**,,,,,9-9,37.1,64.9,11,462(+10),,,,[東]伊藤伸一,冨沢敦子,760.0,202005020108
2,6,10,キュアン,セ4,57,伊藤工真,1:38.1,3/4,**,,,,,12-12,36.8,31.6,9,500(-4),,,,[東]林徹,松谷翔太,300.0,202005020108
3,7,13,エグジットラック,牡6,57,江田照男,1:38.1,クビ,**,,,,,12-12,36.8,8.4,5,516(-2),,,,[東]田村康仁,戸賀智子,190.0,202005020108
4,5,8,セイカヤマノ,牡4,57,三浦皇成,1:38.2,クビ,**,,,,,15-14,36.6,3.2,1,500(+6),,,,[東]南田美知,久米誠,110.0,202005020108
5,8,15,ミッキーセオリー,牡4,57,大野拓弥,1:38.2,クビ,**,,,,,5-5,37.7,5.3,3,448(-6),,,,[東]久保田貴,野田みづき,76.0,202005020108
6,2,2,ロジカルガール,牝4,55,津村明秀,1:38.4,1.1/4,**,,,,,5-5,37.9,87.1,12,464(-8),,,,[東]大和田成,平川浩之,,202005020108
7,6,11,ジョイナイト,牡4,57,横山和生,1:38.4,ハナ,**,,,,,7-7,37.7,145.0,15,504(+2),,,,[東]武市康男,西村亮二,,202005020108
8,3,4,ベンガラグンジョウ,牡4,57,ヒューイ,1:38.5,1/2,**,,,,,7-7,37.8,15.4,6,514(0),,,,[東]伊藤大士,諸江幸祐,,202005020108
9,2,3,アッシュドール,牡4,57,北村宏司,1:38.6,1/2,**,,,,,9-9,37.7,4.1,2,498(+2),,,,[東]勢司和浩,西浩明,,202005020108
10,7,12,マーベラスアゲン,牡4,57,古川吉洋,1:39.0,2.1/2,**,,,,,11-11,38.0,15.6,7,478(-2),,,,[東]加藤和宏,浅川皓司,,202005020108
11,4,7,スズカアポロ,牡9,57,村田一誠,1:39.0,ハナ,**,,,,,2-2,40.0,123.8,14,482(-4),,,,[東]柄崎孝,永井啓弍,,202005020108
12,1,1,オープンザウェイ,セ8,57,木幡巧也,1:39.0,ハナ,**,,,,,14-15,37.3,57.2,10,474(+2),,,,[東]菊川正達,ディアレストクラブ,,202005020108
13,8,14,ケイティマドンナ,牝4,55,野中悠太,1:39.4,2.1/2,**,,,,,3-3,39.1,27.7,8,458(-14),,,,[東]勢司和浩,瀧本和義,,202005020108
14,3,5,スプレーモゲレイロ,セ7,54,山田敬士,1:40.0,3.1/2,**,,,,,3-3,39.6,104.5,13,454(+4),,,,[東]石栗龍彦,ヒダカ・ブリーダーズ・ユニオン,,202005020108
15,4,6,マイネルレンカ,牡6,57,横山武史,1:40.9,5,**,,,,,1-1,41.9,7.5,4,472(0),,,,[東]堀井雅広,サラブレッドクラブ・ラフィアン,,202005020108
1,3,3,ブラックマジック,牡3,56,ヒューイ,2:21.3,,**,,,,,1-1-1-1,34.0,14.5,5,440(0),,,,[東]戸田博文,窪田芳郎,"1,029.6",202005020109
2,6,6,リスペクト,牡3,56,レーン,2:21.4,1/2,**,,,,,5-5-5-5,33.4,3.9,2,460(+2),,,,[東]奥村武,石川達絵,405.6,202005020109
3,7,7,ダノングロワール,牡3,56,ルメール,2:21.6,1.1/2,**,,,,,4-4-4-3,33.8,1.5,1,488(0),,,,[東]国枝栄,ダノックス,252.8,202005020109
4,4,4,ウインキートス,牝3,54,津村明秀,2:21.8,1.1/2,**,,,,,5-5-5-5,33.8,7.6,3,448(0),,,,[東]宗像義忠,ウイン,150.0,202005020109
5,8,8,マイネルインパクト,牡3,56,三浦皇成,2:22.0,1.1/4,**,,,,,7-7-7-7,33.8,12.7,4,486(0),,,,[東]高木登,サラブレッドクラブ・ラフィアン,101.0,202005020109
6,5,5,ダルムシュタット,牡3,56,田中勝春,2:22.4,2.1/2,**,,,,,3-2-2-2,34.9,89.4,8,470(+4),,,,[東]栗田徹,村野康司,,202005020109
7,2,2,ナスノフォルテ,牝3,54,横山典弘,2:22.7,2,**,,,,,2-3-3-3,35.0,37.7,7,462(-4),,,,[東]武井亮,那須野牧場,,202005020109
8,1,1,クロスザルビコン,牡3,56,田辺裕信,2:23.6,5,**,,,,,7-7-7-7,35.4,31.3,6,436(+2),,,,[東]大和田成,小村アセットＭ,,202005020109
1,3,5,アビーム,牝5,55,ルメール,1:20.2,,**,,,,,1-1,34.5,2.2,1,474(+4),,,,[東]加藤征弘,ローレルレーシング,"1,536.4",202005020110
2,1,1,ハトホル,牝5,55,津村明秀,1:20.2,アタマ,**,,,,,8-5,33.9,35.5,10,470(+8),,,,[東]本間忍,高瀬真尚,610.4,202005020110
3,1,2,ココフィーユ,牝4,55,田辺裕信,1:20.6,2.1/2,**,,,,,5-3,34.6,11.8,5,444(+4),,,,[東]斎藤誠,スリーエイチレーシング,385.2,202005020110
4,5,10,スズカアーチスト,牝5,55,江田照男,1:20.8,1.1/4,**,,,,,7-8,34.4,14.2,6,470(0),,,,[東]伊藤圭三,永井啓弍,230.0,202005020110
5,4,8,ルイジアナママ,牝4,55,大野拓弥,1:20.9,1/2,**,,,,,5-5,34.7,6.5,2,448(+2),,,,[東]新開幸一,稲川一,150.0,202005020110
6,8,16,ミモザイエロー,牝4,55,吉田豊,1:20.9,ハナ,**,,,,,16-14,33.6,25.9,8,460(+2),,,,[東]戸田博文,青芝商事,,202005020110
7,7,13,ハウナニ,牝5,55,石橋脩,1:21.1,1.1/4,**,,,,,3-3,35.1,52.8,12,504(0),,,,[東]手塚貴久,シルクレーシング,,202005020110
8,8,17,オジョーノキセキ,牝5,55,レーン,1:21.1,クビ,**,,,,,14-14,33.8,6.7,3,508(0),,,,[東]伊藤大士,前原敏行,,202005020110
9,2,3,シュエットヌーベル,牝6,55,横山和生,1:21.1,クビ,**,,,,,11-11,34.2,140.2,14,480(+12),,,,[東]小西一男,ノルマンディーサラブレッドレーシング,,202005020110
10,7,14,レッドルチア,牝6,55,三浦皇成,1:21.2,3/4,**,,,,,8-9,34.6,32.0,9,426(0),,,,[東]鹿戸雄一,東京ホースレーシング,,202005020110
11,3,6,イチゴミルフィーユ,牝4,55,伊藤工真,1:21.3,クビ,**,,,,,8-9,34.7,56.1,13,442(0),,,,[東]林徹,保坂和孝,,202005020110
12,6,12,スイートセント,牝4,55,北村宏司,1:21.3,クビ,**,,,,,13-12,34.2,8.1,4,442(+4),,,,[東]栗田徹,シルクレーシング,,202005020110
13,5,9,クリッパー,牝5,55,ヒューイ,1:21.6,1.3/4,**,,,,,11-12,34.6,22.1,7,496(+2),,,,[東]高橋文雅,吉田和美,,202005020110
14,2,4,ツヅク,牝6,55,木幡巧也,1:21.6,クビ,**,,,,,14-14,34.3,173.9,15,454(+6),,,,[東]伊藤大士,清水敏,,202005020110
15,4,7,アゴベイ,牝4,55,Ｍ．デム,1:21.8,1.1/4,**,,,,,2-2,36.0,36.0,11,444(+2),,,,[東]尾関知人,ゴドルフィン,,202005020110
16,8,15,シルヴェーヌ,牝5,55,内田博幸,1:21.8,クビ,**,,,,,3-5,35.6,203.0,16,458(+4),,,,[東]伊藤伸一,西田順彦,,202005020110
17,6,11,アドレ,牝4,55,岩部純二,1:22.8,6,**,,,,,17-17,34.9,207.2,17,456(0),,,,[東]浅野洋一,ヒダカ・ブリーダーズ・ユニオン,,202005020110
1,2,3,ブルベアイリーデ,牡4,56,Ｍ．デム,1:35.9,,**,,,,,6-5,35.9,8.7,5,490(-2),,,,[西]杉山晴紀,ブルアンドベア,"2,337.8",202005020111
2,6,12,バレッティ,セ6,56,横山典弘,1:36.1,1.1/4,**,,,,,7-7,35.9,8.5,4,508(+4),,,,[東]久保田貴,社台レースホース,930.8,202005020111
3,8,15,メモリーコウ,牝5,55,古川吉洋,1:36.1,クビ,**,,,,,8-9,35.7,15.3,7,462(-4),,,,[西]松永幹夫,シンザンクラブ,585.4,202005020111
4,8,16,ドリュウ,牡5,56,田辺裕信,1:36.3,1.1/4,**,,,,,11-11,35.6,13.7,6,452(+6),,,,[東]土田稔,ミルファーム,350.0,202005020111
5,7,14,コズミックフォース,牡5,56,ヒューイ,1:36.4,3/4,**,,,,,3-3,36.6,39.3,11,480(-8),,,,[東]国枝栄,サンデーレーシング,230.0,202005020111
6,3,6,ロードグラディオ,牡4,56,津村明秀,1:36.4,ハナ,**,,,,,3-3,36.6,32.3,9,488(+2),,,,[西]西浦勝一,ロードホースクラブ,,202005020111
7,2,4,ブレスジャーニー,牡6,56,三浦皇成,1:36.5,1/2,**,,,,,8-7,36.2,5.4,2,466(-14),,,,[西]佐々木晶,島川隆哉,,202005020111
8,3,5,アードラー,牡6,57,石橋脩,1:36.6,クビ,**,,,,,13-13,35.7,32.7,10,482(0),,,,[西]音無秀孝,吉澤克己,,202005020111
9,4,7,ダイメイフジ,牡6,58,北村宏司,1:36.8,1,**,,,,,1-1,37.3,7.0,3,530(+2),,,,[西]森田直行,宮本昇,,202005020111
10,4,8,ゴライアス,牡5,56,ルメール,1:36.9,1/2,**,,,,,5-5,36.9,2.6,1,506(+2),,,,[東]高木登,サンデーレーシング,,202005020111
11,6,11,アルドーレ,牡5,56,田中勝春,1:36.9,クビ,**,,,,,10-11,36.2,62.2,12,476(-14),,,,[西]昆貢,安原浩司,,202005020111
12,5,9,タマモカトレア,牝5,54,吉田豊,1:37.0,クビ,**,,,,,13-13,36.1,132.9,15,478(-12),,,,[西]木原一良,タマモ,,202005020111
13,5,10,イーグルフェザー,セ7,56,大野拓弥,1:37.2,1.1/4,**,,,,,15-15,36.0,90.3,14,488(-6),,,,[東]小笠倫弘,社台レースホース,,202005020111
14,1,2,アウトライアーズ,牡6,56,武藤雅,1:37.5,1.1/2,**,,,,,11-10,36.9,77.8,13,496(-2),,,,[東]小島茂之,丸山担,,202005020111
15,7,13,マジカルスペル,牡6,56,岡田祥嗣,1:37.7,1.1/2,**,,,,,2-2,38.0,25.1,8,536(-10),,,,[西]藤原英昭,吉田勝己,,202005020111
16,1,1,アップクォーク,セ7,56,石川裕紀,1:38.2,3,**,,,,,16-16,36.6,158.6,16,492(-4),,,,[東]中川公成,キャロットファーム,,202005020111
1,6,12,リトルモンスター,牝4,55,レーン,1:23.7,,**,,,,,2-2,35.7,6.4,3,478(+4),,,,[東]武井亮,吉田千津,"1,100.0",202005020112
2,5,9,ボストンテソーロ,牝4,55,ヒューイ,1:24.1,2.1/2,**,,,,,2-2,36.2,9.9,5,492(+6),,,,[東]田中博康,了徳寺健二ホールディングス,440.0,202005020112
3,3,5,プレゼンス,セ6,57,武藤雅,1:24.2,クビ,**,,,,,11-9,35.8,101.7,13,490(-6),,,,[東]田中博康,社台レースホース,280.0,202005020112
4,7,14,フクノグリュック,牡8,57,横山典弘,1:24.2,アタマ,**,,,,,14-14,35.3,17.9,6,526(0),,,,[東]杉浦宏昭,福島祐子,170.0,202005020112
5,4,7,スズカゴーディー,牡6,57,田辺裕信,1:24.5,2,**,,,,,12-12,35.8,4.3,2,484(-2),,,,[東]伊藤圭三,永井啓弍,110.0,202005020112
6,8,15,グラデュエイト,牡5,57,ルメール,1:24.5,ハナ,**,,,,,8-6,36.3,2.5,1,516(+2),,,,[東]加藤征弘,阿部友弘,,202005020112
7,6,11,ホウオウジャッジ,牡5,57,大野拓弥,1:25.0,3,**,,,,,9-9,36.6,26.6,7,466(-4),,,,[東]稲垣幸雄,小笹芳央,,202005020112
8,7,13,ミフトゥーロ,牝5,55,武士沢友,1:25.1,1/2,**,,,,,4-4,37.0,63.9,12,474(+8),,,,[東]堀井雅広,藤田在子,,202005020112
9,4,8,シゲルルビー,牝4,52,山田敬士,1:25.2,1/2,**,,,,,6-6,37.0,49.7,8,490(0),,,,[東]伊藤圭三,森中蕃,,202005020112
10,2,4,ベイオブコトル,牡4,57,三浦皇成,1:25.3,1/2,**,,,,,15-15,36.1,6.8,4,448(+4),,,,[東]高柳瑞樹,ゴドルフィン,,202005020112
11,2,3,プロトイチバンボシ,牡4,57,北村宏司,1:25.4,3/4,**,,,,,9-9,37.0,50.6,9,506(+2),,,,[東]浅野洋一,飯田真也,,202005020112
12,1,2,グランサム,セ5,57,内田博幸,1:25.4,ハナ,**,,,,,4-4,37.3,50.7,10,466(-4),,,,[東]古賀慎明,キャロットファーム,,202005020112
13,3,6,ワシントンテソーロ,牡4,57,古川吉洋,1:25.8,2.1/2,**,,,,,6-6,37.6,108.7,15,500(+14),,,,[東]斎藤誠,了徳寺健二ホールディングス,,202005020112
14,1,1,ブラックアウト,牡4,57,木幡巧也,1:25.9,3/4,**,,,,,1-1,38.2,58.4,11,478(-4),,,,[東]岩戸孝樹,エクワインレーシング,,202005020112
15,5,10,サウンドストリート,牡6,57,吉田豊,1:26.3,2.1/2,**,,,,,12-12,37.6,144.3,16,454(-6),,,,[東]和田正一,増田雄一,,202005020112
16,8,16,ラヴアンドポップ,牡7,57,津村明秀,1:26.7,2.1/2,**,,,,,16-16,37.0,107.6,14,478(0),,,,[東]岩戸孝樹,ゴドルフィン,,202005020112
1,7,13,トリッチトラッチ,牝3,54,田辺裕信,1:25.6,,**,,,,,10-7,36.9,3.8,2,426(+2),,,,[東]伊藤圭三,ライオンレースホース,510.0,202005020201
2,6,11,セルフィー,牝3,54,ルメール,1:26.1,3,**,,,,,4-5,37.7,1.6,1,452(-2),,,,[東]藤沢和雄,フクキタル,200.0,202005020201
3,1,1,チャームインレース,牝3,54,横山武史,1:26.4,1.3/4,**,,,,,5-3,38.1,19.4,5,486(+6),,,,[東]中川公成,高橋明裕,130.0,202005020201
4,5,10,ロマーシカ,牝3,54,石橋脩,1:26.6,1.1/4,**,,,,,5-5,38.1,33.5,7,454(+2),,,,[東]池上昌和,シルクレーシング,77.0,202005020201
5,8,16,プーラン,牝3,54,大野拓弥,1:26.8,1.1/4,**,,,,,11-11,37.6,118.8,12,482(+6),,,,[東]清水英克,梶原哲朗,51.0,202005020201
6,4,7,ショウイモン,牝3,54,木幡巧也,1:26.9,3/4,**,,,,,12-13,37.5,118.6,11,422(+4),,,,[東]松山将樹,井門敏雄,,202005020201
7,2,4,ペイシャティアラ,牝3,51,山田敬士,1:27.2,2,**,,,,,7-7,38.5,52.2,8,452(0),,,,[東]松永康利,北所直人,,202005020201
8,2,3,スプリングウェイ,牝3,54,田中勝春,1:27.3,クビ,**,,,,,12-11,38.2,174.9,14,446(0),,,,[東]藤原辰雄,道永幸治,,202005020201
9,4,8,ケイティディライト,牝3,51,小林脩斗,1:27.6,2,**,,,,,2-2,39.6,101.3,9,454(+2),,,,[東]小野次郎,瀧本和義,,202005020201
10,3,6,アントルドゥメール,牝3,54,横山和生,1:27.7,クビ,**,,,,,14-14,38.1,113.9,10,432(-10),,,,[東]菊沢隆徳,村野康司,,202005020201
11,7,14,スルーザリミッツ,牝3,54,江田照男,1:27.8,1/2,**,,,,,2-3,39.6,170.0,13,418(+2),,,,[東]高柳瑞樹,岡田牧雄,,202005020201
12,3,5,デルタ,牝3,54,レーン,1:27.8,クビ,**,,,,,8-10,38.9,12.8,4,432(+4),,,,[東]高橋文雅,村上欽哉,,202005020201
13,5,9,ラルナジェナ,牝3,54,ヒューイ,1:27.9,クビ,**,,,,,8-7,39.2,24.7,6,440(+6),,,,[東]奥村武,サンデーレーシング,,202005020201
14,6,12,マインヒロイン,牝3,54,岩部純二,1:28.3,2.1/2,**,,,,,15-15,38.2,270.2,15,434(+6),,,,[東]萱野浩二,峰哲馬,,202005020201
15,8,15,タマモエクラン,牝3,54,武藤雅,1:28.8,3,**,,,,,1-1,40.9,10.2,3,492(+2),,,,[東]水野貴広,タマモ,,202005020201
16,1,2,ベストレイドプラン,牝3,54,岡田祥嗣,1:29.8,6,**,,,,,16-16,39.0,325.9,16,406(-2),,,,[東]和田勇介,安藤晋平,,202005020201
1,3,6,ワンモアエフォート,牡3,56,横山和生,1:38.2,,**,,,,,1-1,38.1,4.6,3,484(+4),,,,[東]勢司和浩,内藤好江,510.0,202005020202
2,1,1,アイアムイチリュウ,牡3,56,三浦皇成,1:38.3,1/2,**,,,,,3-3,37.9,3.1,2,510(+2),,,,[東]奥平雅士,堀紘一,200.0,202005020202
3,6,12,ナックジーニアス,牡3,56,田中勝春,1:38.6,1.3/4,**,,,,,3-3,38.3,32.9,8,520(-2),,,,[東]宗像義忠,小松欣也,103.5,202005020202
3,8,16,ラグリマスネグラス,セ3,56,ルメール,1:38.6,同着,**,,,,,2-2,38.4,2.5,1,548(-4),,,,[東]藤沢和雄,多田信尊,103.5,202005020202
5,2,3,ショウナンマルーン,牡3,56,野中悠太,1:38.9,1.3/4,**,,,,,11-11,37.4,60.0,9,486(-2),,,,[東]上原博之,国本哲秀,51.0,202005020202
6,2,4,ジュズマル,牡3,56,江田照男,1:39.3,2.1/2,**,,,,,3-5,38.8,11.4,4,494(+4),,,,[東]田村康仁,山口裕介,,202005020202
7,4,7,コスモケルビン,牡3,56,石川裕紀,1:39.4,3/4,**,,,,,6-5,38.9,25.7,7,506(0),,,,[東]佐藤吉勝,ビッグレッドファーム,,202005020202
8,5,10,シゲルガラテア,牡3,56,村田一誠,1:39.4,ハナ,**,,,,,7-7,38.5,152.1,12,484(+2),,,,[東]水野貴広,森中蕃,,202005020202
9,4,8,キリシマダイオウ,牡3,56,武士沢友,1:39.5,クビ,**,,,,,14-14,37.6,204.3,14,472(+2),,,,[東]武市康男,西村新一郎,,202005020202
10,7,14,ミストラルウインド,牡3,56,吉田豊,1:39.6,3/4,**,,,,,12-12,37.9,17.3,5,464(-8),,,,[東]本間忍,島川隆哉,,202005020202
11,8,15,アウティスタ,牝3,54,武藤雅,1:39.9,1.3/4,**,,,,,9-9,38.7,80.8,10,460(+6),,,,[東]水野貴広,ビッグレッドファーム,,202005020202
12,5,9,ペンタグラム,牡3,56,田辺裕信,1:40.4,3,**,,,,,7-7,39.5,23.8,6,460(-10),,,,[東]栗田徹,社台レースホース,,202005020202
13,7,13,メルヴェイユシチー,牡3,56,嘉藤貴行,1:40.7,1.3/4,**,,,,,9-9,39.5,263.5,16,532(-6),,,,[東]田中清隆,友駿ホースクラブ,,202005020202
14,1,2,トーセンゴーイング,牡3,56,木幡巧也,1:41.0,2,**,,,,,14-12,39.3,224.7,15,464(-2),,,,[東]土田稔,島川隆哉,,202005020202
15,3,5,スマーティーアゲン,牡3,56,古川吉洋,1:42.1,7,**,,,,,16-16,39.0,158.1,13,542(0),,,,[東]加藤和宏,浅川皓司,,202005020202
16,6,11,アエレオ,牡3,53,山田敬士,1:42.2,3/4,**,,,,,12-14,40.2,97.4,11,518(+10),,,,[東]小桧山悟,柴原榮,,202005020202
1,4,4,ウシュバテソーロ,牡3,56,江田照男,2:28.5,,**,,,,,7-7-6-5,34.7,2.3,1,508(-6),,,,[東]高木登,了徳寺健二ホールディングス,510.0,202005020203
2,1,1,エドノフェリーチェ,牝3,54,津村明秀,2:28.7,1,**,,,,,5-1-1-1,35.3,9.5,4,442(-4),,,,[東]相沢郁,遠藤喜松,200.0,202005020203
3,3,3,マイロングタイム,牡3,56,村田一誠,2:29.0,2,**,,,,,1-2-2-2,35.5,13.7,5,456(0),,,,[東]藤原辰雄,佐藤良二,130.0,202005020203
4,8,8,ルカ,牡3,56,ヒューイ,2:29.1,1/2,**,,,,,2-3-3-2,35.5,2.4,2,490(0),,,,[東]戸田博文,窪田芳郎,77.0,202005020203
5,2,2,マイネルケイローン,牡3,56,宮崎北斗,2:29.1,クビ,**,,,,,3-4-6-7,35.1,34.0,6,432(+2),,,,[東]松永康利,サラブレッドクラブ・ラフィアン,51.0,202005020203
6,5,5,ナンヨーユウヤク,牡3,56,Ｍ．デム,2:29.3,1.1/4,**,,,,,3-4-4-4,35.6,5.4,3,494(+4),,,,[東]杉浦宏昭,中村徳也,,202005020203
7,6,6,フェスティヴスーリ,牡3,53,山田敬士,2:29.6,2,**,,,,,5-6-5-5,35.7,43.5,7,470(+4),,,,[東]天間昭一,臼井義太郎,,202005020203
8,7,7,ミユキリバタリアン,牡3,56,武士沢友,2:30.1,3,**,,,,,7-8-8-8,35.9,118.7,8,478(0),,,,[東]小手川準,長井純一,,202005020203
1,6,11,ヴィクターバローズ,牡3,56,レーン,1:33.2,,**,,,,,5-5,34.3,1.7,1,482(+16),,,,[東]堀宣行,猪熊広次,510.0,202005020204
2,8,15,コスモテキロ,牡3,56,宮崎北斗,1:33.9,4,**,,,,,2-2,35.4,212.8,14,468(-2),,,,[東]伊藤圭三,ビッグレッドファーム,200.0,202005020204
3,7,13,ベストユエンモン,牡3,56,木幡巧也,1:34.1,1,**,,,,,10-9,34.8,292.6,15,468(+4),,,,[東]宗像義忠,花野友象,130.0,202005020204
4,5,9,ラザフォード,牝3,54,ルメール,1:34.2,1/2,**,,,,,8-7,35.1,2.7,2,432(-12),,,,[東]藤沢和雄,潘蘇通,77.0,202005020204
5,3,6,スイートクラス,牡3,56,石橋脩,1:34.4,1,**,,,,,5-5,35.6,7.4,3,494(+10),,,,[東]林徹,保坂和孝,51.0,202005020204
6,2,4,ヴォールヴィコント,牝3,54,田辺裕信,1:34.7,1.3/4,**,,,,,9-9,35.4,19.4,4,488(-6),,,,[東]上原博之,栗山良子,,202005020204
7,4,7,トゥゲザーアゲイン,牡3,56,江田照男,1:34.7,クビ,**,,,,,12-12,35.1,161.5,10,438(-2),,,,[東]伊藤伸一,グリーンスウォード,,202005020204
8,1,1,アテザムール,牝3,54,石川裕紀,1:34.8,3/4,**,,,,,12-14,35.0,114.6,9,464(+2),,,,[東]大竹正博,寺田心平,,202005020204
9,4,8,ソティラス,牝3,51,山田敬士,1:34.8,クビ,**,,,,,7-7,35.8,167.7,11,424(+2),,,,[東]加藤士津,ノルマンディーサラブレッドレーシング,,202005020204
10,7,14,ゴールドハーレー,牡3,56,吉田豊,1:34.9,3/4,**,,,,,15-14,35.1,70.3,8,484(-2),,,,[東]尾形和幸,米津佳昭,,202005020204
11,3,5,シンキングムーン,牝3,54,横山武史,1:35.0,1/2,**,,,,,10-9,35.7,179.5,12,442(-2),,,,[東]武市康男,佐藤雄司,,202005020204
12,1,2,ベルザロイヤル,牝3,54,三浦皇成,1:35.3,2,**,,,,,12-12,35.7,21.7,5,426(0),,,,[東]田村康仁,子安裕樹,,202005020204
13,6,12,ヴァルトグリーン,牡3,56,津村明秀,1:35.9,3.1/2,**,,,,,3-3,37.3,53.1,6,438(+16),,,,[東]相沢郁,斎藤光政,,202005020204
14,8,16,アトムヴェローチェ,牝3,54,北村宏司,1:36.6,4,**,,,,,1-1,38.2,346.0,16,450(-4),,,,[東]勢司和浩,永井廣司,,202005020204
15,5,10,クラップクラップ,牝3,54,ヒューイ,1:37.8,7,**,,,,,3-3,39.2,60.2,7,436(0),,,,[東]田村康仁,ＨｉｍＲｏｃｋＲａｃｉｎｇホールディングス,,202005020204
16,2,3,エイダイサンライズ,牝3,54,武士沢友,1:39.1,8,**,,,,,16-16,38.7,209.4,13,508(0),,,,[東]小手川準,東振牧場,,202005020204
1,2,4,イヴ,牝3,54,レーン,1:21.6,,**,,,,,4-4,33.9,1.8,1,476(-8),,,,[東]堀宣行,石川達絵,510.0,202005020205
2,5,10,レリスタット,牝3,54,石橋脩,1:21.9,2,**,,,,,6-7,33.9,18.0,5,442(-2),,,,[東]奥村武,下河辺牧場,200.0,202005020205
3,8,18,ユールファーナ,牝3,54,Ｍ．デム,1:21.9,クビ,**,,,,,8-4,34.2,5.1,2,414(-2),,,,[東]和田勇介,キャロットファーム,130.0,202005020205
4,1,1,ビバヴィットーリオ,牡3,56,ヒューイ,1:22.1,1.1/4,**,,,,,1-1,34.9,6.9,3,510(-2),,,,[東]戸田博文,平井裕,77.0,202005020205
5,6,12,ネオストーリー,牡3,56,武藤雅,1:22.2,3/4,**,,,,,8-10,34.0,8.1,4,452(-6),,,,[東]林徹,藤澤眞佐子,51.0,202005020205
6,7,15,カガジャスティス,牡3,56,横山和生,1:22.2,アタマ,**,,,,,11-12,33.9,25.2,7,512(+4),,,,[東]萱野浩二,香川憲次,,202005020205
7,5,9,フジコウキ,牡3,56,江田照男,1:22.5,1.1/2,**,,,,,8-7,34.6,143.6,17,452(-8),,,,[東]大江原哲,荒木誠,,202005020205
8,7,14,ジャニス,牝3,54,木幡巧也,1:22.7,1.1/4,**,,,,,16-16,33.6,62.0,10,424(0),,,,[東]田中清隆,矢野和雅,,202005020205
9,4,7,サトノグリアン,牡3,56,三浦皇成,1:22.8,3/4,**,,,,,2-3,35.3,25.1,6,482(+4),,,,[東]鹿戸雄一,サトミホースカンパニー,,202005020205
10,3,6,マイネルサイプレス,牡3,56,横山武史,1:22.9,3/4,**,,,,,6-7,35.0,112.2,14,436(-4),,,,[東]天間昭一,サラブレッドクラブ・ラフィアン,,202005020205
11,3,5,ブルーベル,牡3,56,岩部純二,1:23.0,3/4,**,,,,,4-4,35.4,110.4,13,474(+4),,,,[東]堀井雅広,和田牧場,,202005020205
12,4,8,サンアンティモニー,牝3,54,横山典弘,1:23.2,1,**,,,,,13-14,34.6,57.5,9,462(+4),,,,[東]藤原辰雄,加藤ステーブル,,202005020205
13,8,17,アンブローニュ,牡3,56,内田博幸,1:23.5,1.3/4,**,,,,,17-17,34.1,76.7,11,482(-4),,,,[東]根本康広,ノルマンディーサラブレッドレーシング,,202005020205
14,6,11,フォーハンズプレイ,牡3,56,津村明秀,1:23.5,ハナ,**,,,,,11-10,35.3,128.6,15,452(0),,,,[東]武井亮,松嶋良治,,202005020205
15,2,3,ラブオーソ,牝3,51,小林脩斗,1:23.9,2.1/2,**,,,,,15-15,34.9,135.0,16,434(-2),,,,[東]和田雄二,増田陽一,,202005020205
16,1,2,ココリミッション,牡3,56,北村宏司,1:24.1,3/4,**,,,,,2-2,36.8,43.5,8,442(+2),,,,[東]古賀慎明,美崎光二郎,,202005020205
17,8,16,ビバーナム,牝3,54,野中悠太,1:24.8,4,**,,,,,18-18,34.7,89.9,12,394(-8),,,,[東]武市康男,飯田正剛,,202005020205
18,7,13,ナススイート,牡3,56,嘉藤貴行,1:25.2,2.1/2,**,,,,,13-13,36.8,166.8,18,450(-6),,,,[東]田島俊明,小山田兼敏,,202005020205
1,6,12,フルデプスリーダー,牡3,56,Ｍ．デム,1:37.1,,**,,,,,1-1,36.3,3.4,1,474(+6),,,,[東]斎藤誠,小田吉男,730.0,202005020206
2,6,11,ラストマン,牡3,56,ヒューイ,1:37.4,2,**,,,,,3-3,36.3,4.4,2,482(-6),,,,[東]戸田博文,堂守貴志,290.0,202005020206
3,7,13,ラブリーエンジェル,牝3,54,木幡巧也,1:37.6,1.1/2,**,,,,,2-2,36.7,42.0,10,430(-8),,,,[東]堀井雅広,長谷川光司,180.0,202005020206
4,8,16,エメラルホープ,牡3,56,石川裕紀,1:38.2,3.1/2,**,,,,,3-4,37.0,35.2,9,512(0),,,,[東]相沢郁,高橋勉,110.0,202005020206
5,5,10,ハディア,牡3,56,江田照男,1:38.3,3/4,**,,,,,5-4,37.1,212.4,16,442(-12),,,,[東]粕谷昌央,ターフ・スポート,73.0,202005020206
6,7,14,セイユメアカリ,牡3,53,山田敬士,1:38.4,クビ,**,,,,,7-8,36.7,178.6,15,446(-4),,,,[東]浅野洋一,金田成基,,202005020206
7,2,3,ショウナンマリオ,牡3,56,田辺裕信,1:38.5,1/2,**,,,,,9-10,36.7,5.7,4,466(0),,,,[東]加藤士津,湘南,,202005020206
8,4,7,ペルシャンジュエル,牝3,54,横山武史,1:38.5,クビ,**,,,,,9-10,36.7,75.0,14,428(-8),,,,[東]金成貴史,深澤朝房,,202005020206
9,1,1,サンダーブリッツ,牡3,56,三浦皇成,1:38.8,2,**,,,,,14-14,36.4,33.2,8,482(+2),,,,[東]久保田貴,草間庸文,,202005020206
10,1,2,バルサミックムーン,牡3,56,吉田豊,1:38.9,3/4,**,,,,,12-12,36.7,8.9,5,506(-4),,,,[東]武藤善則,高橋文男,,202005020206
11,8,15,アヴァニイ,牝3,54,ルメール,1:39.0,クビ,**,,,,,7-6,37.5,5.4,3,514(0),,,,[東]加藤征弘,Ｃ．チェン,,202005020206
12,2,4,レアリザトゥール,牡3,56,石橋脩,1:39.2,1,**,,,,,12-15,36.5,72.9,13,470(0),,,,[東]小手川準,京都ホースレーシング,,202005020206
13,4,8,タイキルークス,牡3,56,横山和生,1:39.3,1/2,**,,,,,5-6,37.8,23.2,7,510(0),,,,[東]菊沢隆徳,大樹ファーム,,202005020206
14,5,9,リッターシュラーク,牡3,56,横山典弘,1:39.4,3/4,**,,,,,16-16,36.6,66.8,12,484(-6),,,,[東]中川公成,西森功,,202005020206
15,3,6,スズカコーズマンボ,牡3,56,北村宏司,1:39.6,1.1/4,**,,,,,9-8,37.9,47.8,11,472(+4),,,,[東]伊藤圭三,永井啓弍,,202005020206
16,3,5,ニシノレオニダス,牡3,56,大野拓弥,1:41.6,大,**,,,,,14-13,39.3,14.6,6,506(-8),,,,[東]中舘英二,西山茂行,,202005020206
1,7,7,ペレ,牝4,55,ルメール,2:00.0,,**,,,,,2-2-2,34.2,1.5,1,454(+4),,,,[東]木村哲也,ＮＩＣＫＳ,760.0,202005020207
2,8,9,ライル,牡4,57,レーン,2:00.0,クビ,**,,,,,1-1-1,34.4,4.6,3,500(+8),,,,[東]手塚貴久,サンデーレーシング,300.0,202005020207
3,4,4,マイネルミュトス,牡4,57,三浦皇成,2:00.0,ハナ,**,,,,,6-7-6,33.7,3.6,2,472(-4),,,,[東]鹿戸雄一,サラブレッドクラブ・ラフィアン,190.0,202005020207
4,1,1,ホウオウビクトリー,牡4,57,横山武史,2:00.8,5,**,,,,,4-4-4,34.7,37.9,5,472(+2),,,,[東]斎藤誠,小笹芳央,110.0,202005020207
5,3,3,スズロザーナ,牝4,55,田辺裕信,2:00.9,クビ,**,,,,,7-5-4,34.8,16.3,4,432(+4),,,,[東]高橋裕,森達郎,76.0,202005020207
6,5,5,ナミブ,セ4,57,木幡巧也,2:01.4,3,**,,,,,2-2-2,35.5,150.8,8,440(+2),,,,[東]南田美知,ミルファーム,,202005020207
7,6,6,トーセンギムレット,牡4,57,江田照男,2:01.6,1.1/4,**,,,,,8-8-8,35.0,41.9,6,538(-6),,,,[東]萱野浩二,島川隆哉,,202005020207
8,8,8,ミユキディオニソス,牡4,54,山田敬士,2:02.0,2.1/2,**,,,,,4-5-6,35.7,148.6,7,456(+3),,,,[東]小手川準,長井純一,,202005020207
9,2,2,メイショウサガノ,牝4,52,小林脩斗,2:02.8,5,**,,,,,9-9-9,36.0,250.8,9,490(-2),,,,[東]小桧山悟,三岡陽,,202005020207
1,6,12,イワネコゴシキ,牡4,57,ルメール,1:25.0,,**,,,,,8-7,36.8,4.1,2,514(+2),,,,[東]小笠倫弘,丸山担,760.0,202005020208
2,2,4,コマノゼニト,牡4,57,田辺裕信,1:25.0,アタマ,**,,,,,7-6,37.0,5.4,3,480(+8),,,,[東]伊藤圭三,長谷川芳信,300.0,202005020208
3,5,9,ルミエールソレイユ,牝4,55,野中悠太,1:25.2,1.1/2,**,,,,,2-2,37.7,25.6,6,464(-4),,,,[東]粕谷昌央,岡田牧雄,190.0,202005020208
4,1,2,リワードノルン,牝4,55,津村明秀,1:25.4,3/4,**,,,,,1-1,38.0,72.0,13,474(+2),,,,[東]藤原辰雄,宮崎冴子,110.0,202005020208
5,7,14,セイウンデルレイ,牡5,57,江田照男,1:25.5,3/4,**,,,,,3-3,37.9,50.1,10,496(0),,,,[東]深山雅史,西山茂行,76.0,202005020208
6,6,11,アースビヨンド,牡5,57,横山和生,1:25.6,クビ,**,,,,,12-11,36.9,31.9,9,518(+12),,,,[東]伊藤大士,前原敏行,,202005020208
7,1,1,オメガドーヴィル,牝4,55,武藤雅,1:25.7,3/4,**,,,,,16-14,36.6,76.0,14,402(-2),,,,[東]高柳瑞樹,原禮子,,202005020208
8,3,5,ジーニー,牡4,57,三浦皇成,1:25.8,1/2,**,,,,,11-8,37.4,6.5,5,502(-2),,,,[東]田村康仁,ディアレストクラブ,,202005020208
9,4,7,リネンコジーン,牡5,57,吉田豊,1:25.8,クビ,**,,,,,9-8,37.4,212.3,16,494(+8),,,,[東]南田美知,戸山光男,,202005020208
10,3,6,クラウンクラシック,牡5,57,木幡巧也,1:26.0,1,**,,,,,15-16,36.8,60.2,12,494(+12),,,,[東]菊川正達,矢野恭裕,,202005020208
11,7,13,ペイシャリルキス,セ4,54,山田敬士,1:26.1,1/2,**,,,,,14-11,37.5,6.5,4,482(+6),,,,[東]本間忍,北所直人,,202005020208
12,8,16,エヌワイパフューム,牝4,55,大野拓弥,1:26.2,1/2,**,,,,,5-5,38.4,31.7,8,508(-4),,,,[東]武井亮,サンアンドコム,,202005020208
13,2,3,レイナブローニュ,牝4,55,北村宏司,1:26.3,3/4,**,,,,,3-4,38.6,28.3,7,452(+2),,,,[東]古賀慎明,山本又一郎,,202005020208
14,8,15,メイクアンシー,牡4,57,横山典弘,1:27.1,5,**,,,,,12-13,38.2,56.2,11,452(-6),,,,[東]小手川準,チームユッキレーシング,,202005020208
15,5,10,コトブキハウンド,牡5,57,内田博幸,1:28.6,9,**,,,,,9-8,40.2,101.0,15,482(-2),,,,[東]金成貴史,尾上松壽,,202005020208
中,4,8,ナムラジョニー,牡4,57,石橋脩,,,**,,,,,5-14,,3.5,1,522(-4),,,,[東]大和田成,奈村信重,,202005020208
1,8,10,ヒシイグアス,牡4,57,レーン,1:48.0,,**,,,,,3-4-3,34.1,1.9,1,488(-4),,,,[東]堀宣行,阿部雅英,"1,523.1",202005020209
2,5,5,アップライトスピン,牝4,55,大野拓弥,1:48.1,3/4,**,,,,,6-8-6,34.0,4.8,3,470(0),,,,[東]池上昌和,キャロットファーム,606.6,202005020209
3,7,8,レッドイリーゼ,牝5,55,Ｍ．デム,1:48.2,1/2,**,,,,,2-2-2,34.4,24.1,6,468(-4),,,,[東]手塚貴久,東京ホースレーシング,383.3,202005020209
4,4,4,ジョブックコメン,牝5,55,山田敬士,1:48.2,クビ,**,,,,,3-4-3,34.3,16.8,5,428(-4),,,,[東]小桧山悟,萩本企画,230.0,202005020209
5,2,2,ミスマリア,牝4,55,ルメール,1:48.4,1,**,,,,,3-2-3,34.5,3.0,2,462(+2),,,,[東]栗田徹,山口功一郎,150.0,202005020209
6,7,7,ファストライフ,牝5,55,津村明秀,1:48.5,3/4,**,,,,,6-6-6,34.4,58.0,7,456(+4),,,,[東]青木孝文,石川秀守,,202005020209
7,8,9,エニグマバリエート,牡8,57,武藤雅,1:48.7,1.1/4,**,,,,,8-9-9,34.4,114.6,8,494(-2),,,,[東]戸田博文,平井裕,,202005020209
8,1,1,マルーンエンブレム,牝5,55,ヒューイ,1:49.0,1.1/2,**,,,,,8-6-6,34.9,13.9,4,392(-2),,,,[東]小島茂之,シルクレーシング,,202005020209
9,6,6,スズカヴァンガード,セ9,57,古川吉洋,1:49.3,2,**,,,,,10-9-9,35.0,197.4,9,490(-4),,,,[東]小島茂之,永井啓弍,,202005020209
10,3,3,スワンボート,牡10,57,岩部純二,1:50.1,5,**,,,,,1-1-1,36.4,216.4,10,498(+10),,,,[東]浅野洋一,田頭勇貴,,202005020209
1,7,14,カタナ,牡5,54,横山武史,1:23.9,,**,,,,,1-1,37.1,63.4,13,502(-10),,,,[東]上原博之,椎名節,"1,857.1",202005020210
2,4,8,ハルクンノテソーロ,牡6,55,大野拓弥,1:24.2,2,**,,,,,2-2,37.3,30.4,9,478(+2),,,,[東]高木登,了徳寺健二ホールディングス,740.6,202005020210
3,3,6,ハーグリーブス,牡5,55,ルメール,1:24.3,1/2,**,,,,,7-7,36.8,5.9,2,504(-6),,,,[東]尾関知人,水上ふじ子,465.3,202005020210
4,1,2,マイウェイアムール,牝5,52,野中悠太,1:24.4,クビ,**,,,,,5-5,37.1,31.6,10,474(-10),,,,[東]林徹,田畑利彦,270.0,202005020210
5,6,12,サザンヴィグラス,牡5,56,Ｍ．デム,1:24.5,3/4,**,,,,,5-5,37.3,6.8,4,496(-2),,,,[東]根本康広,村山忠弘,182.0,202005020210
6,8,16,ターゲリート,牡7,53,武藤雅,1:24.5,ハナ,**,,,,,9-10,36.8,97.3,15,494(0),,,,[東]戸田博文,Ｇ１レーシング,,202005020210
7,6,11,ラスティユース,牡5,53,田中勝春,1:24.7,1.1/4,**,,,,,3-3,37.6,89.9,14,498(-4),,,,[東]松永康利,小林竜太郎,,202005020210
8,5,9,アーバンイェーガー,牡6,55,田辺裕信,1:24.8,クビ,**,,,,,11-10,37.1,12.3,6,510(+2),,,,[東]高橋文雅,西城公雄,,202005020210
9,2,4,タイセイプレシャス,セ8,54,石川裕紀,1:25.2,2.1/2,**,,,,,13-13,37.0,57.9,12,472(-2),,,,[東]池上昌和,田中成奉,,202005020210
10,8,15,グッドラックサマー,牡6,53,内田博幸,1:25.3,1/2,**,,,,,14-14,36.9,164.1,16,548(-2),,,,[東]尾形和幸,澤田孝之,,202005020210
11,5,10,グランソヴァール,牡4,55,レーン,1:25.3,ハナ,**,,,,,11-12,37.4,2.9,1,522(0),,,,[東]尾関知人,広尾レース,,202005020210
12,7,13,ヴァイトブリック,牡4,55,ヒューイ,1:25.7,2.1/2,**,,,,,7-7,38.1,6.0,3,506(-2),,,,[東]和田正一,キャロットファーム,,202005020210
13,1,1,オーヴォドーロ,牝5,52,北村宏司,1:25.8,1/2,**,,,,,3-3,38.7,56.0,11,468(+2),,,,[東]久保田貴,諸江幸祐,,202005020210
14,3,5,ペイシャネガノ,牝4,52,山田敬士,1:26.5,4,**,,,,,9-7,38.9,23.5,8,464(+6),,,,[東]深山雅史,北所直人,,202005020210
15,2,3,フローラルパーク,牝4,53,三浦皇成,1:27.5,6,**,,,,,14-14,39.1,8.7,5,498(+8),,,,[東]加藤征弘,高橋正雄,,202005020210
中,4,7,トウカイパシオン,牝5,52,江田照男,,,**,,,,,,,21.7,7,450(0),,,,[東]菊川正達,内村正則,,202005020210
1,2,3,ウインマリリン,牝3,54,横山武史,1:58.7,,**,,,,,4-4-5,35.3,11.4,4,450(-10),,,,[東]手塚貴久,ウイン,"5,324.6",202005020211
2,4,7,ホウオウピースフル,牝3,54,レーン,1:58.7,クビ,**,,,,,5-4-5,35.3,4.8,2,478(+2),,,,[東]大竹正博,小笹芳央,"2,135.6",202005020211
3,8,16,フアナ,牝3,54,ヒューイ,1:58.8,クビ,**,,,,,10-9-8,35.2,13.9,5,416(-4),,,,[西]角居勝彦,近藤英子,"1,317.8",202005020211
4,8,15,ショウナンハレルヤ,牝3,54,田辺裕信,1:59.1,2,**,,,,,8-9-8,35.4,22.1,7,454(+4),,,,[東]矢野英一,国本哲秀,780.0,202005020211
5,5,9,スカイグルーヴ,牝3,54,ルメール,1:59.3,1.1/4,**,,,,,7-7-7,35.8,2.1,1,430(-14),,,,[東]木村哲也,シルクレーシング,520.0,202005020211
6,7,13,シャレード,牝3,54,岡田祥嗣,1:59.3,クビ,**,,,,,10-11-8,35.6,206.5,17,494(-4),,,,[西]藤原英昭,寺田寿男,,202005020211
7,6,11,レッドルレーヴ,牝3,54,Ｍ．デム,1:59.5,1.1/4,**,,,,,5-4-3,36.2,5.2,3,438(-8),,,,[東]藤沢和雄,東京ホースレーシング,,202005020211
8,3,5,ルトロヴァイユ,牝3,54,吉田豊,1:59.6,3/4,**,,,,,14-11-12,35.8,116.7,14,462(-4),,,,[東]竹内正洋,古川一弘,,202005020211
9,5,10,ヒューマンコメディ,牝3,54,武藤雅,1:59.7,クビ,**,,,,,16-16-16,35.5,100.2,13,480(-2),,,,[東]水野貴広,野村茂雄,,202005020211
10,6,12,ヴォリアーモ,牝3,54,三浦皇成,1:59.7,アタマ,**,,,,,10-11-14,35.8,25.7,8,460(0),,,,[東]木村哲也,サンデーレーシング,,202005020211
11,1,1,エレヴァテッツァ,牝3,54,津村明秀,1:59.8,3/4,**,,,,,17-17-16,35.7,19.4,6,478(+8),,,,[西]松永幹夫,サンデーレーシング,,202005020211
12,1,2,セイウンヴィーナス,牝3,54,野中悠太,2:00.0,3/4,**,,,,,8-7-8,36.4,57.5,10,442(-4),,,,[東]本間忍,西山茂行,,202005020211
13,8,17,レッドサーシャ,牝3,54,石川裕紀,2:00.0,アタマ,**,,,,,14-14-15,36.0,87.6,11,468(+12),,,,[東]黒岩陽一,東京ホースレーシング,,202005020211
14,7,14,テイエムフローラ,牝3,54,古川吉洋,2:00.1,1/2,**,,,,,13-14-12,36.3,151.4,15,438(-2),,,,[西]鈴木孝志,竹園正繼,,202005020211
15,2,4,シャンドフルール,牝3,54,田中勝春,2:00.6,3,**,,,,,1-1-1,37.6,93.6,12,496(+4),,,,[西]松永幹夫,前田葉子,,202005020211
16,3,6,ウィスパリンホープ,牝3,54,横山典弘,2:00.6,ハナ,**,,,,,2-2-3,37.4,38.8,9,478(-14),,,,[西]昆貢,タイヘイ牧場,,202005020211
17,4,8,リヴァージュ,牝3,54,大野拓弥,2:00.9,2,**,,,,,2-3-2,37.8,163.6,16,474(-4),,,,[東]田村康仁,島川隆哉,,202005020211
1,6,11,ブランクエンド,牡4,57,横山武史,1:37.3,,**,,,,,3-3,37.6,32.6,12,478(+2),,,,[東]加藤征弘,諸江幸祐,"1,100.0",202005020212
2,5,9,イッツリット,牡4,57,田辺裕信,1:37.6,1.3/4,**,,,,,4-3,37.8,12.8,6,486(-4),,,,[東]和田正一,ノースヒルズ,440.0,202005020212
3,4,8,フラワーストリーム,セ5,57,レーン,1:37.8,1.1/2,**,,,,,12-13,37.2,3.5,1,472(+8),,,,[東]池上昌和,花村誠,280.0,202005020212
4,7,14,ペイシャムートン,牡4,57,江田照男,1:37.8,クビ,**,,,,,11-9,37.4,42.5,13,532(+2),,,,[東]小笠倫弘,北所直人,170.0,202005020212
5,3,6,シセイタケル,牡5,57,吉田豊,1:37.9,クビ,**,,,,,9-9,37.5,13.9,7,478(+6),,,,[東]高橋文雅,猪苗代勇,110.0,202005020212
6,1,1,ダイワインパルス,牡8,57,田中勝春,1:37.9,クビ,**,,,,,9-9,37.5,26.6,11,478(-2),,,,[東]宗像義忠,大城敬三,,202005020212
7,6,12,キングテセウス,牡4,57,Ｍ．デム,1:37.9,ハナ,**,,,,,5-5,37.8,5.8,2,512(-4),,,,[東]木村哲也,保坂和孝,,202005020212
8,4,7,オンザウェイ,牡4,57,石橋脩,1:38.0,クビ,**,,,,,15-16,36.9,45.3,14,528(0),,,,[東]大和田成,久保田定,,202005020212
9,7,13,カセノウィナー,牡4,57,古川吉洋,1:38.0,ハナ,**,,,,,6-5,37.8,16.6,10,490(-10),,,,[東]土田稔,平川進,,202005020212
10,2,4,トークフレンドリー,牡5,57,ヒューイ,1:38.0,ハナ,**,,,,,2-1,38.6,9.8,5,492(-2),,,,[東]田島俊明,吉田千津,,202005020212
11,2,3,ゴールドフレーム,セ4,57,大野拓弥,1:38.0,クビ,**,,,,,1-2,38.6,7.6,3,474(-4),,,,[東]新開幸一,外池榮一郎,,202005020212
12,8,15,シャンボールナイト,セ5,57,横山典弘,1:38.2,1.1/4,**,,,,,14-14,37.3,16.3,8,468(+4),,,,[東]武井亮,グリーンファーム,,202005020212
13,8,16,ジュニエーブル,牡6,57,横山和生,1:38.3,1/2,**,,,,,12-12,37.8,102.4,15,434(-16),,,,[東]南田美知,柴田洋一,,202005020212
14,5,10,ミスパイロ,牝6,55,北村宏司,1:38.4,クビ,**,,,,,15-14,37.6,16.6,9,488(+2),,,,[東]小野次郎,村田哲朗,,202005020212
15,1,2,リンガスビンゴ,牝5,55,内田博幸,1:38.5,1/2,**,,,,,6-5,38.4,9.3,4,532(0),,,,[東]高橋祥泰,伊藤巖,,202005020212
16,3,5,ミンネザング,牝6,55,津村明秀,1:38.9,2.1/2,**,,,,,6-5,38.7,103.0,16,488(-2),,,,[東]萩原清,金子真人ホールディングス,,202005020212
1,4,7,ジュネス,牝3,54,吉田豊,1:39.4,,**,,,,,8-9,36.5,5.2,3,490(+6),,,,[東]本間忍,島川隆哉,510.0,202005020301
2,8,15,ゾールシカ,牝3,54,内田博幸,1:40.0,3.1/2,**,,,,,5-5,37.5,32.6,7,440(-6),,,,[東]土田稔,山口敦広,200.0,202005020301
3,2,4,セレーネグランツ,牝3,54,田辺裕信,1:40.0,ハナ,**,,,,,8-7,37.3,2.8,1,442(-2),,,,[東]加藤征弘,林正道,130.0,202005020301
4,5,10,アーデントラブ,牝3,54,ヒューイ,1:40.0,ハナ,**,,,,,7-7,37.4,24.0,6,434(-2),,,,[東]田中博康,ノースヒルズ,77.0,202005020301
5,7,13,スティルアリス,牝3,54,北村宏司,1:40.2,1.1/4,**,,,,,2-2,38.0,6.9,4,516(0),,,,[東]木村哲也,下河辺隆行,51.0,202005020301
6,7,14,ハイエストプレイズ,牝3,54,三浦皇成,1:40.4,1.1/2,**,,,,,3-3,38.0,3.4,2,504(+6),,,,[東]武井亮,岡田牧雄,,202005020301
7,1,2,ペイシャバイカ,牝3,54,野中悠太,1:40.6,1.1/4,**,,,,,12-12,37.4,127.0,13,478(0),,,,[東]蛯名利弘,北所直人,,202005020301
8,1,1,ブラウンアイズ,牝3,54,武士沢友,1:40.6,ハナ,**,,,,,10-10,37.5,81.5,10,512(-2),,,,[東]萱野浩二,山上和良,,202005020301
9,8,16,ルージュキッス,牝3,54,宮崎北斗,1:41.1,3,**,,,,,14-14,37.5,119.1,12,430(-4),,,,[東]和田雄二,ヒダカ・ブリーダーズ・ユニオン,,202005020301
10,6,12,エンリグロリア,牝3,54,石川裕紀,1:41.5,2.1/2,**,,,,,1-1,39.4,55.2,8,488(-4),,,,[東]加藤和宏,谷口悦一,,202005020301
11,2,3,タッシーアレッタ,牝3,54,大野拓弥,1:41.6,3/4,**,,,,,3-3,39.2,8.5,5,438(+2),,,,[東]中舘英二,吉岡輝美,,202005020301
12,4,8,ブロッケンリング,牝3,52,木幡育也,1:41.8,1.1/2,**,,,,,10-10,38.7,93.2,11,424(+2),,,,[東]佐藤吉勝,スピードファーム,,202005020301
13,3,6,スカイティアラ,牝3,54,嘉藤貴行,1:42.2,2.1/2,**,,,,,5-5,39.7,260.9,15,408(+6),,,,[東]田中清隆,ＹＧＧホースクラブ,,202005020301
14,5,9,ヤマニンゲフィオン,牝3,54,江田照男,1:42.6,2.1/2,**,,,,,16-16,38.5,75.9,9,484(0),,,,[東]中川公成,土井肇,,202005020301
15,6,11,ゴーゴーリマンド,牝3,54,杉原誠人,1:42.9,1.1/2,**,,,,,15-15,39.0,283.5,16,446(-14),,,,[東]松永康利,上山牧,,202005020301
16,3,5,ラカルマ,牝3,51,小林脩斗,1:43.8,5,**,,,,,13-12,40.5,143.6,14,470(+2),,,,[東]杉浦宏昭,日進牧場,,202005020301
1,8,16,グラスディアブロ,牡3,56,レーン,1:25.1,,**,,,,,9-9,36.6,5.3,3,464(0),,,,[東]手塚貴久,半沢,510.0,202005020302
2,6,12,ニシノリーチキング,牡3,56,田辺裕信,1:25.8,4,**,,,,,3-3,38.0,10.4,6,498(0),,,,[東]松山将樹,西山茂行,200.0,202005020302
3,7,13,ロワマージュ,牡3,56,福永祐一,1:25.8,ハナ,**,,,,,6-5,37.8,3.3,1,476(-2),,,,[東]池上昌和,ゴドルフィン,130.0,202005020302
4,5,9,スパークインザアイ,セ3,56,武藤雅,1:25.8,クビ,**,,,,,16-16,35.8,149.0,14,454(0),,,,[東]小島茂之,西見徹也,77.0,202005020302
5,2,4,アルトゥーロ,牡3,56,杉原誠人,1:26.0,1,**,,,,,15-15,36.6,103.4,12,430(-4),,,,[東]南田美知,ミルファーム,51.0,202005020302
6,7,14,エルサフィーロ,牡3,56,ヒューイ,1:26.2,1.1/4,**,,,,,7-9,37.7,15.1,7,462(0),,,,[東]栗田徹,キャロットファーム,,202005020302
7,4,7,ロードファビュラス,牡3,56,津村明秀,1:26.2,クビ,**,,,,,2-2,38.5,6.9,4,474(-2),,,,[東]岩戸孝樹,ロードホースクラブ,,202005020302
8,3,5,マイネルピカソ,牡3,56,宮崎北斗,1:26.7,3,**,,,,,4-4,38.8,16.0,8,458(-4),,,,[東]中野栄治,サラブレッドクラブ・ラフィアン,,202005020302
9,1,1,ジオパークアポロ,牡3,56,江田照男,1:26.8,1/2,**,,,,,11-11,38.2,120.2,13,440(0),,,,[東]田中剛,小関勝紀,,202005020302
10,5,10,デルマラピスラズリ,牡3,56,柴田善臣,1:26.8,アタマ,**,,,,,11-12,38.1,8.6,5,508(-4),,,,[東]小野次郎,浅沼廣幸,,202005020302
11,2,3,サノノヴィグラス,牡3,56,内田博幸,1:27.2,2.1/2,**,,,,,14-12,38.4,89.3,11,488(-2),,,,[東]尾形和幸,佐野信幸,,202005020302
12,1,2,アイアムスゴスギル,牡3,56,三浦皇成,1:27.5,1.1/2,**,,,,,1-1,39.9,4.8,2,490(+8),,,,[東]奥平雅士,堀紘一,,202005020302
13,8,15,ヴォーグロックユー,牡3,56,大野拓弥,1:27.7,1.1/4,**,,,,,7-6,39.5,80.6,10,476(0),,,,[東]牧光二,志村幸彦,,202005020302
14,6,11,ナイトクリーガー,牡3,56,的場勇人,1:28.0,2,**,,,,,9-6,39.7,321.2,15,474(-20),,,,[東]的場均,藤田孟司,,202005020302
15,4,8,パレット,牝3,54,野中悠太,1:28.2,1.1/4,**,,,,,4-6,39.9,372.4,16,448(+4),,,,[東]黒岩陽一,水上行雄,,202005020302
16,3,6,ケイアイメープル,牡3,56,北村宏司,1:28.6,2.1/2,**,,,,,11-14,39.6,61.7,9,458(0),,,,[東]小島茂之,亀田和弘,,202005020302
1,8,12,セイカアーナンダイ,牡3,56,石川裕紀,2:14.6,,**,,,,,3-3-3-2,38.7,124.0,11,464(0),,,,[東]相沢郁,久米大,510.0,202005020303
2,4,4,グーガルドリームズ,牡3,56,北村宏司,2:14.7,1/2,**,,,,,4-3-5-3,38.7,5.5,3,490(-2),,,,[東]伊藤伸一,藤田在子,200.0,202005020303
3,6,8,セイウンクルーズ,牡3,56,武藤雅,2:14.9,1,**,,,,,7-7-7-8,38.3,1.7,1,522(0),,,,[東]武藤善則,西山茂行,130.0,202005020303
4,7,9,キンバリープロセス,牡3,56,津村明秀,2:14.9,ハナ,**,,,,,4-5-3-3,38.9,30.8,7,502(-2),,,,[東]手塚貴久,ゴドルフィン,77.0,202005020303
5,5,6,ビレッジイーグル,牡3,56,江田照男,2:15.0,3/4,**,,,,,1-1-1-1,39.2,51.4,8,492(0),,,,[東]竹内正洋,村山輝雄,51.0,202005020303
6,2,2,セイウンカゲロウ,牡3,56,三浦皇成,2:15.4,2.1/2,**,,,,,7-7-7-7,39.0,13.6,4,496(+2),,,,[東]奥平雅士,西山茂行,,202005020303
7,3,3,アドマイヤグルス,牡3,56,田辺裕信,2:15.5,クビ,**,,,,,12-12-11-10,38.7,57.3,9,502(-4),,,,[東]上原博之,近藤旬子,,202005020303
8,7,10,サクラヴァルール,牡3,56,レーン,2:15.5,ハナ,**,,,,,4-5-6-6,39.2,4.3,2,468(-10),,,,[東]尾関知人,さくらコマース,,202005020303
9,5,5,ディーエスハリアー,牡3,56,横山和生,2:15.7,1.1/4,**,,,,,10-11-9-10,38.9,18.0,5,456(-4),,,,[東]藤原辰雄,秋谷壽之,,202005020303
10,1,1,アイシーブルー,牡3,56,大野拓弥,2:16.1,2.1/2,**,,,,,10-9-11-12,39.0,97.6,10,442(0),,,,[東]田村康仁,ディアレストクラブ,,202005020303
11,6,7,リブエターナル,牝3,52,木幡育也,2:16.4,2,**,,,,,7-9-9-8,39.7,261.3,12,456(+4),,,,[東]田村康仁,大塚亮一,,202005020303
12,8,11,シラカバ,牝3,54,ヒューイ,2:34.5,大,**,,,,,2-2-2-3,58.4,18.8,6,452(-2),,,,[東]戸田博文,小濱忠一,,202005020303
1,3,6,カレンピピ,牝3,54,杉原誠人,1:21.2,,**,,,,,2-2,33.6,88.4,14,434(-2),,,,[東]宮田敬介,鈴木隆司,510.0,202005020304
2,7,15,ヒガシヴァルキリー,牝3,52,木幡育也,1:21.3,1/2,**,,,,,1-1,34.3,6.8,4,412(-6),,,,[東]林徹,ヤナガワ牧場,200.0,202005020304
3,8,16,フォワードアゲン,セ3,56,柴田善臣,1:21.5,1.1/2,**,,,,,4-4,33.6,6.6,3,416(-4),,,,[東]中野栄治,浅川皓司,130.0,202005020304
4,5,10,フィオーレカフェ,牝3,54,大野拓弥,1:21.7,1.1/2,**,,,,,3-3,33.9,5.2,2,416(+10),,,,[東]和田勇介,西川光一,77.0,202005020304
5,2,3,サフランハーモニー,牝3,54,津村明秀,1:21.9,1.1/2,**,,,,,11-11,33.5,47.0,11,452(-8),,,,[東]田中博康,海原聖一,51.0,202005020304
6,6,12,カガジャスティス,牡3,56,横山和生,1:22.0,1/2,**,,,,,13-11,33.6,9.4,5,510(-2),,,,[東]萱野浩二,香川憲次,,202005020304
7,1,1,エースインザハート,牡3,56,江田照男,1:22.2,1.1/4,**,,,,,7-4,34.2,61.2,12,446(0),,,,[東]大江原哲,西村隆平,,202005020304
8,4,8,ファートゥア,牝3,54,三浦皇成,1:22.2,ハナ,**,,,,,13-14,33.5,3.4,1,482(+12),,,,[東]手塚貴久,サンデーレーシング,,202005020304
9,7,14,エコロキングダム,牡3,56,石川裕紀,1:22.3,クビ,**,,,,,7-9,34.0,12.1,6,464(-2),,,,[東]岩戸孝樹,原村正紀,,202005020304
10,8,18,ドロス,牡3,56,丸山元気,1:22.3,アタマ,**,,,,,7-6,34.2,22.2,9,488(+6),,,,[東]新開幸一,外池榮一郎,,202005020304
11,6,11,マイネルアルモニコ,牡3,56,武藤雅,1:22.5,1.1/4,**,,,,,10-9,34.3,39.7,10,420(-2),,,,[東]鹿戸雄一,サラブレッドクラブ・ラフィアン,,202005020304
12,7,13,ヤギリエピファクン,牡3,56,北村宏司,1:22.6,1/2,**,,,,,15-14,33.9,61.4,13,462(0),,,,[東]小西一男,内田ヤエ子,,202005020304
13,4,7,アシュモレアン,牡3,56,田辺裕信,1:22.9,1.3/4,**,,,,,15-16,34.1,18.3,8,426(+4),,,,[東]斎藤誠,Ｇ１レーシング,,202005020304
14,3,5,プラズマテイル,牝3,54,嘉藤貴行,1:23.1,1.1/2,**,,,,,5-6,35.0,195.3,17,404(+4),,,,[東]大和田成,岡田牧雄,,202005020304
15,8,17,ライトニングレイ,牝3,54,ヒューイ,1:23.4,1.3/4,**,,,,,11-11,34.9,14.2,7,446(-4),,,,[東]牧光二,ローレルレーシング,,202005020304
16,2,4,カネショウイケメン,牡3,56,武士沢友,1:23.5,クビ,**,,,,,17-17,34.6,202.5,18,500(-8),,,,[東]古賀史生,清水正裕,,202005020304
17,1,2,ワイアヴィー,牝3,54,田中勝春,1:23.8,1.3/4,**,,,,,5-6,35.7,169.6,16,422(0),,,,[東]岩戸孝樹,岡田隆寛,,202005020304
18,5,9,プラチナヴルール,セ3,56,野中悠太,1:41.3,大,**,,,,,18-18,41.1,88.9,15,464(0),,,,[東]根本康広,ＹＧＧホースクラブ,,202005020304
1,4,7,ラウドアンドクリア,牡3,56,レーン,1:47.2,,**,,,,,5-5-4,33.6,1.9,1,520(0),,,,[東]加藤征弘,ゴドルフィン,510.0,202005020305
2,6,11,ドリームメッセージ,牡3,56,丸山元気,1:47.3,3/4,**,,,,,5-6-4,33.6,4.2,2,436(0),,,,[東]中川公成,堀口晴男,200.0,202005020305
3,7,13,ウインドジャマー,セ3,56,北村宏司,1:47.5,1.1/4,**,,,,,8-7-7,33.5,10.9,4,476(-14),,,,[東]藤沢和雄,多田信尊,130.0,202005020305
4,6,12,トーヨースターオー,牡3,56,吉田豊,1:47.5,クビ,**,,,,,1-1-1,34.4,13.4,5,538(-2),,,,[東]土田稔,中嶋宏,77.0,202005020305
5,4,8,ニシノアクシス,牡3,56,田辺裕信,1:47.7,1.1/4,**,,,,,9-9-7,33.7,6.2,3,490(-14),,,,[東]上原博之,西山茂行,51.0,202005020305
6,3,6,ボントンルレ,牡3,56,津村明秀,1:48.0,2,**,,,,,12-11-10,33.7,67.6,9,458(0),,,,[東]林徹,ジャコモ,,202005020305
7,2,3,カピテル,牡3,56,大野拓弥,1:48.2,1,**,,,,,15-14-15,33.5,55.7,8,482(-4),,,,[東]宗像義忠,ディアレストクラブ,,202005020305
8,5,10,エフティクルーク,牡3,56,蛯名正義,1:48.4,1.1/2,**,,,,,14-14-13,33.9,33.4,7,470(+12),,,,[東]金成貴史,吉野英子,,202005020305
9,3,5,コンカルノー,牝3,54,石橋脩,1:48.5,クビ,**,,,,,7-7-7,34.6,19.8,6,450(+6),,,,[東]菊川正達,中村祐子,,202005020305
10,7,14,リメインオブザデイ,牝3,54,宮崎北斗,1:48.5,ハナ,**,,,,,3-3-3,35.0,91.5,10,396(+2),,,,[東]田島俊明,ビッグレッドファーム,,202005020305
11,1,2,カドフィール,牡3,56,柴田善臣,1:48.8,1.3/4,**,,,,,12-12-13,34.3,145.6,14,430(0),,,,[東]尾形和幸,佐藤壽男,,202005020305
12,8,15,セブンミラクル,セ3,54,木幡育也,1:49.1,2,**,,,,,2-2-2,35.8,142.3,13,458(-4),,,,[東]本間忍,橋川欣司,,202005020305
13,8,16,ウラワザテクニック,牡3,56,伊藤工真,1:49.2,3/4,**,,,,,11-12-10,34.9,164.7,15,476(-4),,,,[東]宗像義忠,薗部博之,,202005020305
14,1,1,レイルチル,牡3,56,岩部純二,1:49.5,2,**,,,,,9-10-10,35.2,201.1,16,444(-6),,,,[東]南田美知,上田忠男,,202005020305
15,5,9,セイウンノア,牡3,56,野中悠太,1:49.7,1.1/4,**,,,,,16-16-16,34.7,103.0,12,512(0),,,,[東]根本康広,西山茂行,,202005020305
16,2,4,デルマシトリン,牡3,56,江田照男,1:49.8,1/2,**,,,,,3-3-4,36.2,95.3,11,456(-10),,,,[東]伊藤伸一,浅沼廣幸,,202005020305
1,2,2,ピーエムピンコ,牝3,54,ヒューイ,1:32.1,,**,,,,,4-3,34.2,7.4,4,396(0),,,,[東]和田正一,松山毅,730.0,202005020306
2,6,7,サクラトゥジュール,牡3,56,レーン,1:32.2,3/4,**,,,,,10-5,34.1,1.7,1,492(-6),,,,[東]堀宣行,さくらコマース,290.0,202005020306
3,5,5,シングンバズーカ,牡3,56,柴田善臣,1:32.7,3,**,,,,,9-10,34.3,13.4,5,466(-8),,,,[東]大江原哲,伊坂重憲,180.0,202005020306
4,7,9,オシリスブレイン,牡3,56,大野拓弥,1:32.7,クビ,**,,,,,4-5,34.7,5.9,3,486(-6),,,,[東]田村康仁,エンジェルレーシング,110.0,202005020306
5,5,6,ネバーゴーンアウト,牡3,56,武藤雅,1:32.8,クビ,**,,,,,6-9,34.5,246.8,12,488(+2),,,,[東]鹿戸雄一,岡田牧雄,73.0,202005020306
6,8,11,ラパンセソバージュ,牡3,56,福永祐一,1:32.8,クビ,**,,,,,3-3,35.0,5.5,2,456(0),,,,[東]大竹正博,酒井牧場,,202005020306
7,3,3,ミャゴラーレ,牡3,56,野中悠太,1:33.2,2.1/2,**,,,,,12-10,34.7,83.6,7,518(+8),,,,[東]黒岩陽一,山口裕介,,202005020306
8,6,8,スリリングドリーム,牝3,54,津村明秀,1:33.4,1.1/4,**,,,,,6-8,35.2,122.6,9,446(+2),,,,[東]小野次郎,サラブレッドクラブ・ラフィアン,,202005020306
9,7,10,メリディアンローグ,牡3,56,北村宏司,1:33.5,1/2,**,,,,,6-5,35.4,15.0,6,468(+6),,,,[東]藤沢和雄,山本英俊,,202005020306
10,8,12,シゲルミカヅキ,牡3,53,小林脩斗,1:33.9,2.1/2,**,,,,,1-1,37.0,121.3,8,442(-6),,,,[東]伊藤圭三,森中蕃,,202005020306
11,1,1,イッツアワターン,牝3,54,石川裕紀,1:34.2,1.3/4,**,,,,,2-2,36.5,182.2,11,424(-4),,,,[東]相沢郁,田邉幸則,,202005020306
12,4,4,タイムマシン,牡3,54,木幡育也,1:34.8,3.1/2,**,,,,,10-10,36.4,127.7,10,444(-2),,,,[東]手塚貴久,馬場幸夫,,202005020306
1,6,11,アイスシェルフ,牡3,56,丸山元気,1:24.8,,**,,,,,10-11,35.4,2.2,1,520(+2),,,,[東]稲垣幸雄,吉田勝己,730.0,202005020307
2,3,4,リュウノゾロ,セ3,56,菅原隆一,1:24.9,1/2,**,,,,,1-1,36.4,66.7,10,470(+10),,,,[東]小野次郎,蓑島竜一,290.0,202005020307
3,7,12,メタルスパーク,牡3,56,吉田豊,1:25.1,1.1/2,**,,,,,2-2,36.5,14.8,5,492(-6),,,,[東]伊藤圭三,ディアレストクラブ,180.0,202005020307
4,3,5,インウィクトス,牡3,56,田辺裕信,1:25.2,3/4,**,,,,,13-11,35.8,15.1,6,456(-2),,,,[東]小桧山悟,加藤厚子,110.0,202005020307
5,4,6,ニルカンタテソーロ,牡3,56,武藤雅,1:25.5,1.1/2,**,,,,,9-8,36.3,4.5,2,436(+2),,,,[東]斎藤誠,了徳寺健二ホールディングス,73.0,202005020307
6,6,10,キョシンタンカイ,牡3,56,津村明秀,1:25.6,1/2,**,,,,,7-5,36.8,19.3,8,492(-8),,,,[東]武市康男,國分純,,202005020307
7,7,13,トリプルシックス,牝3,54,横山和生,1:26.0,2.1/2,**,,,,,10-8,36.8,15.1,7,464(+4),,,,[東]古賀史生,西森功,,202005020307
8,2,3,ウインアクティーボ,牡3,56,ヒューイ,1:26.2,1.1/2,**,,,,,4-5,37.4,9.4,4,492(0),,,,[東]高木登,ウイン,,202005020307
9,1,1,セレンディピア,牡3,56,北村宏司,1:26.3,1/2,**,,,,,4-4,37.6,87.7,12,466(+6),,,,[東]尾形和幸,ノルマンディーサラブレッドレーシング,,202005020307
10,5,9,ペイシャチャーム,牝3,52,木幡育也,1:26.4,1/2,**,,,,,12-11,36.9,171.1,14,448(-2),,,,[東]小手川準,北所直人,,202005020307
11,4,7,アミークス,牝3,54,三浦皇成,1:26.8,2.1/2,**,,,,,2-2,38.2,6.8,3,442(-4),,,,[東]栗田徹,スリーエイチレーシング,,202005020307
12,5,8,ワンチーム,牡3,56,内田博幸,1:27.3,3,**,,,,,4-5,38.5,66.7,9,468(-2),,,,[東]清水英克,鈴木伸昭,,202005020307
13,8,14,ハニーリン,牝3,54,蛯名正義,1:28.3,6,**,,,,,14-14,38.3,82.3,11,464(-2),,,,[東]堀井雅広,西森功,,202005020307
14,8,15,ハシレコウマ,牡3,56,武士沢友,1:28.6,1.1/2,**,,,,,15-15,38.1,277.0,15,480(+11),,,,[東]星野忍,峰哲馬,,202005020307
15,2,2,ラブオナヴィータ,牝3,54,江田照男,1:28.6,クビ,**,,,,,8-8,39.3,113.6,13,462(+4),,,,[東]尾関知人,由井健太郎,,202005020307
1,8,12,ラティーンセイル,牝4,55,三浦皇成,1:37.3,,**,,,,,2-2,34.7,5.7,2,490(0),,,,[東]加藤征弘,キャロットファーム,760.0,202005020308
2,5,6,シングシングシング,牝5,55,レーン,1:37.4,3/4,**,,,,,1-1,34.9,1.4,1,472(-4),,,,[東]伊藤大士,グリーンファーム,300.0,202005020308
3,6,8,ワンダーマンボ,牝4,55,福永祐一,1:38.4,6,**,,,,,7-7,35.3,9.4,3,462(+2),,,,[東]久保田貴,草間庸文,190.0,202005020308
4,6,7,ジェイエルノブレス,牝5,55,丸山元気,1:39.0,3.1/2,**,,,,,4-4,36.1,25.1,7,458(-2),,,,[東]小西一男,橋元幸人,110.0,202005020308
5,1,1,ストラトフォード,牝4,55,内田博幸,1:39.2,1.1/4,**,,,,,11-10,35.6,16.1,5,494(+10),,,,[東]竹内正洋,下河邉博,76.0,202005020308
6,4,4,ロブラリア,牝5,55,江田照男,1:39.3,3/4,**,,,,,11-12,35.5,11.7,4,474(+4),,,,[東]田村康仁,ディアレストクラブ,,202005020308
7,7,9,ラプターゲイル,牝5,55,津村明秀,1:39.3,クビ,**,,,,,3-3,36.6,113.4,9,462(-1),,,,[東]佐藤吉勝,ビッグレッドファーム,,202005020308
8,5,5,クロスパール,牝4,55,ヒューイ,1:39.5,1,**,,,,,8-9,36.0,22.8,6,444(-4),,,,[東]勢司和浩,キャロットファーム,,202005020308
9,3,3,フクキタル,牝5,53,木幡育也,1:39.6,3/4,**,,,,,8-8,36.3,140.9,10,466(+10),,,,[東]加藤和宏,佐藤範夫,,202005020308
10,8,11,スカイシアター,牝4,55,田辺裕信,1:39.6,アタマ,**,,,,,4-4,36.7,65.3,8,416(+2),,,,[東]高柳瑞樹,ロードホースクラブ,,202005020308
11,2,2,スターアイランド,牝4,55,北村宏司,1:39.9,1.1/2,**,,,,,4-4,37.1,168.7,11,420(+2),,,,[東]古賀慎明,荒井眞澄,,202005020308
12,7,10,ムーンロード,牝6,52,小林脩斗,1:40.1,1.1/2,**,,,,,8-10,36.5,234.1,12,402(-4),,,,[東]畠山吉宏,吉田昭一,,202005020308
1,8,9,バールドバイ,牡5,57,レーン,1:32.3,,**,,,,,2-2,33.2,1.6,1,514(0),,,,[東]木村哲也,ゴドルフィン,"1,523.8",202005020309
2,1,1,パルマリア,牡5,57,丸山元気,1:32.3,クビ,**,,,,,7-6,32.7,2.6,2,526(-8),,,,[東]武井亮,吉田和美,606.8,202005020309
3,6,6,クインズサン,牡7,57,野中悠太,1:32.6,1.3/4,**,,,,,4-3,33.3,10.2,3,462(-8),,,,[東]和田正一,亀田和弘,383.4,202005020309
4,7,8,ロードプレミアム,牡7,57,石川裕紀,1:32.7,3/4,**,,,,,1-1,33.7,25.9,5,504(-2),,,,[東]斎藤誠,ロードホースクラブ,230.0,202005020309
5,8,10,ロジスカーレット,牡5,57,田辺裕信,1:32.9,3/4,**,,,,,5-5,33.5,18.5,4,446(0),,,,[東]国枝栄,久米田正明,150.0,202005020309
6,2,2,アドマイヤシナイ,牡6,57,柴田善臣,1:32.9,ハナ,**,,,,,3-3,33.6,61.0,7,464(-2),,,,[東]柄崎孝,近藤旬子,,202005020309
7,4,4,トゥーフラッシー,牝4,55,木幡育也,1:33.8,5,**,,,,,5-6,34.2,57.2,6,466(-4),,,,[東]小桧山悟,西森功,,202005020309
8,3,3,ランペドゥーザ,牝4,55,江田照男,1:34.4,3.1/2,**,,,,,8-8,34.1,72.6,8,480(+2),,,,[東]大江原哲,ミルファーム,,202005020309
9,7,7,ボールドジャパン,牡9,57,北村宏司,1:35.2,5,**,,,,,8-9,34.8,128.0,9,516(-6),,,,[東]蛯名利弘,増田陽一,,202005020309
10,5,5,スワンボート,牡10,57,杉原誠人,1:35.4,1.1/2,**,,,,,10-10,34.7,167.3,10,502(+4),,,,[東]浅野洋一,田頭勇貴,,202005020309
1,3,3,ダイシンインディー,牡4,55,ヒューイ,2:10.2,,**,,,,,1-1-1-1,36.9,3.0,1,544(-2),,,,[東]戸田博文,大八木信行,"1,844.5",202005020310
2,8,9,リフトトゥヘヴン,牡6,54,横山和生,2:10.7,3,**,,,,,9-9-9-8,36.1,29.3,8,490(+2),,,,[東]加藤征弘,丸山担,737.0,202005020310
3,4,4,ヴィジョンオブラヴ,牡5,54,三浦皇成,2:11.0,1.3/4,**,,,,,10-10-10-10,36.3,5.4,3,508(+8),,,,[東]新開幸一,大塚亮一,463.5,202005020310
4,2,2,ジュンスターホース,牡6,54,北村宏司,2:11.2,1,**,,,,,4-4-4-4,37.3,14.9,7,476(-5),,,,[東]高柳瑞樹,河合純二,270.0,202005020310
5,1,1,サトノグラン,セ6,53,柴田善臣,2:11.2,クビ,**,,,,,8-8-7-6,37.2,30.8,9,474(+2),,,,[東]田中剛,サトミホースカンパニー,182.0,202005020310
6,7,8,エジステンツァ,牡6,53,大野拓弥,2:11.4,1.1/4,**,,,,,6-4-5-6,37.4,6.1,4,490(0),,,,[東]田中博康,社台レースホース,,202005020310
7,7,7,ロジティナ,牡5,54,内田博幸,2:11.4,アタマ,**,,,,,3-3-2-2,37.9,13.9,6,540(-2),,,,[東]新開幸一,久米田正明,,202005020310
8,8,10,ステイパーシスト,セ7,53,吉田豊,2:11.4,アタマ,**,,,,,6-7-7-4,37.5,57.2,10,422(-2),,,,[東]尾関知人,吉田照哉,,202005020310
9,5,5,デッドアヘッド,セ4,55,杉原誠人,2:13.3,大,**,,,,,4-4-5-8,38.8,3.9,2,456(-14),,,,[東]藤沢和雄,社台レースホース,,202005020310
10,6,6,タイキダイヤモンド,牡6,54,石川裕紀,2:13.4,3/4,**,,,,,2-2-2-2,39.9,10.2,5,472(-12),,,,[東]萱野浩二,大樹ファーム,,202005020310
1,2,3,オーソリティ,牡3,56,ヒューイ,2:23.0,,**,,,,,5-5-8-6,34.1,4.3,3,500(-6),,,,[東]木村哲也,シルクレーシング,"5,527.4",202005020311
2,4,7,ヴァルコス,牡3,56,三浦皇成,2:23.0,クビ,**,,,,,12-12-4-3,34.3,12.4,4,498(+2),,,,[西]友道康夫,佐々木主浩,"2,236.4",202005020311
3,1,1,フィリオアレグロ,牡3,56,レーン,2:23.1,クビ,**,,,,,9-9-13-10,33.9,2.6,1,482(-8),,,,[東]堀宣行,サンデーレーシング,"1,418.2",202005020311
4,2,4,ブルーミングスカイ,牡3,56,北村宏司,2:23.3,1.1/4,**,,,,,3-3-4-3,34.6,21.5,8,466(-4),,,,[西]角居勝彦,島川隆哉,810.0,202005020311
5,6,12,メイショウボサツ,牡3,56,吉田豊,2:23.6,1.3/4,**,,,,,16-15-12-10,34.4,17.9,5,462(0),,,,[西]西浦勝一,松本好雄,540.0,202005020311
6,7,14,サーストンカイドー,牡3,56,内田博幸,2:23.6,アタマ,**,,,,,2-2-2-2,35.2,130.0,13,512(+6),,,,[西]橋田満,齊藤宣勝,,202005020311
7,7,13,ロールオブサンダー,牡3,56,田辺裕信,2:23.8,1.1/4,**,,,,,13-15-13-13,34.4,31.4,9,506(0),,,,[西]橋口慎介,桑畑隆信,,202005020311
8,7,15,フライライクバード,牡3,56,福永祐一,2:23.8,クビ,**,,,,,5-7-6-6,34.9,4.1,2,446(-2),,,,[西]友道康夫,窪田芳郎,,202005020311
9,6,11,フィロロッソ,牡3,56,田中勝春,2:24.0,1,**,,,,,1-1-1-1,35.6,142.6,14,470(0),,,,[西]中竹和也,社台レースホース,,202005020311
10,5,9,アイアンバローズ,牡3,56,武藤雅,2:24.0,クビ,**,,,,,17-18-18-16,34.3,42.1,10,474(-4),,,,[西]角居勝彦,猪熊広次,,202005020311
11,3,5,ディアマンミノル,牡3,56,蛯名正義,2:24.1,クビ,**,,,,,17-17-13-13,34.7,86.1,12,456(+4),,,,[西]本田優,吉岡實,,202005020311
12,8,18,コンドゥクシオン,牡3,56,石橋脩,2:24.1,クビ,**,,,,,3-3-3-3,35.5,79.0,11,506(-4),,,,[東]中舘英二,吉田勝己,,202005020311
13,8,16,プリマヴィスタ,牡3,56,石川裕紀,2:24.7,3.1/2,**,,,,,5-7-8-9,35.7,180.0,16,452(0),,,,[西]矢作芳人,加藤裕司,,202005020311
14,1,2,アラタ,牡3,56,大野拓弥,2:25.2,3,**,,,,,15-12-17-15,35.6,149.5,15,462(0),,,,[東]和田勇介,村田能光,,202005020311
15,5,10,ダノンセレスタ,牡3,56,丸山元気,2:25.2,ハナ,**,,,,,5-5-6-6,36.3,19.0,6,484(-6),,,,[西]音無秀孝,ダノックス,,202005020311
16,3,6,レアリザトゥール,牡3,56,武士沢友,2:25.6,2.1/2,**,,,,,9-9-10-10,36.5,317.7,18,466(-4),,,,[東]小手川準,京都ホースレーシング,,202005020311
17,4,8,アピテソーロ,牡3,56,江田照男,2:25.7,1/2,**,,,,,13-14-16-16,36.0,220.2,17,490(+4),,,,[東]奥平雅士,了徳寺健二ホールディングス,,202005020311
18,8,17,ディアスティマ,牡3,56,津村明秀,2:34.4,大,**,,,,,9-9-10-18,44.6,20.3,7,478(-4),,,,[西]高野友和,サンデーレーシング,,202005020311
1,4,8,エアコンヴィーナ,牝5,55,福永祐一,1:17.3,,**,,,,,1-1,34.8,4.9,2,456(+4),,,,[東]大竹正博,ラッキーフィールド,"1,100.0",202005020312
2,6,12,ニシノコトダマ,牡4,57,石川裕紀,1:17.7,2.1/2,**,,,,,3-3,34.9,2.2,1,516(-6),,,,[東]手塚貴久,西山茂行,440.0,202005020312
3,3,5,カシノブレンド,セ4,57,丸山元気,1:18.0,2,**,,,,,2-2,35.4,26.0,8,442(-2),,,,[東]蛯名利弘,柏木務,280.0,202005020312
4,8,15,ポップシンガー,牝6,55,北村宏司,1:18.1,1/2,**,,,,,6-6,35.1,84.5,14,458(-8),,,,[東]鈴木伸尋,村山卓也,170.0,202005020312
5,7,14,ウメタロウ,牡5,57,江田照男,1:18.3,1.1/2,**,,,,,7-7,35.1,31.2,10,498(-4),,,,[東]伊藤大士,ミルファーム,110.0,202005020312
6,1,2,ロジヒューズ,牝5,55,武藤雅,1:18.4,クビ,**,,,,,13-13,34.6,14.7,4,484(0),,,,[東]古賀慎明,久米田正明,,202005020312
7,2,3,クーリュ,牝6,55,田辺裕信,1:18.4,クビ,**,,,,,4-4,35.5,23.2,7,456(0),,,,[東]石毛善彦,ライオンレースホース,,202005020312
8,7,13,パイロジェン,牡4,57,内田博幸,1:18.7,1.1/2,**,,,,,9-8,35.4,34.4,11,454(-4),,,,[東]伊藤圭三,ゴドルフィン,,202005020312
9,5,9,オールウェイズゼア,牡6,57,野中悠太,1:19.0,2,**,,,,,11-10,35.5,27.0,9,472(-10),,,,[東]伊藤伸一,グリーンスウォード,,202005020312
10,6,11,レヴァンテ,牡5,57,三浦皇成,1:19.2,1.1/4,**,,,,,14-13,35.5,18.4,5,490(0),,,,[東]萩原清,寺田寿男,,202005020312
11,3,6,アメリカンツイスト,セ5,57,武士沢友,1:19.2,クビ,**,,,,,14-13,35.4,22.4,6,474(-4),,,,[東]中舘英二,グリーンファーム,,202005020312
12,5,10,イノバティブ,セ6,57,津村明秀,1:19.4,1,**,,,,,11-10,35.9,47.2,12,452(+2),,,,[東]相沢郁,畑佐博,,202005020312
13,4,7,ロードシュタルク,牡4,57,大野拓弥,1:19.6,1.1/4,**,,,,,4-4,36.7,81.4,13,440(-8),,,,[東]高柳瑞樹,ロードホースクラブ,,202005020312
14,1,1,ナリノメジャー,牝6,55,ヒューイ,1:19.9,2,**,,,,,7-8,36.6,5.1,3,486(0),,,,[東]上原博之,成塚清志,,202005020312
15,2,4,クリノレオノール,牝6,53,木幡育也,1:20.2,1.1/2,**,,,,,9-10,36.7,162.2,16,476(+8),,,,[東]星野忍,栗本博晴,,202005020312
16,8,16,プッシュアゲン,牡7,54,小林脩斗,1:20.3,3/4,**,,,,,14-13,36.5,112.2,15,520(+2),,,,[東]中野栄治,浅川皓司,,202005020312
1,1,1,レッドカルム,牝3,54,石橋脩,1:25.7,,**,,,,,1-1,37.1,4.6,3,512(-4),,,,[東]奥村武,東京ホースレーシング,510.0,202005020401
2,6,12,サンキーウエスト,牝3,54,岩部純二,1:25.7,ハナ,**,,,,,7-7,36.5,3.2,2,442(-8),,,,[東]萱野浩二,加藤ステーブル,200.0,202005020401
3,5,9,デルマクリスタル,牝3,54,畑端省吾,1:25.7,ハナ,**,,,,,5-4,36.7,1.9,1,462(0),,,,[東]堀井雅広,浅沼廣幸,130.0,202005020401
4,8,15,ラブロッソー,牝3,54,北村宏司,1:26.3,3.1/2,**,,,,,7-8,37.0,33.5,6,480(0),,,,[東]星野忍,増田陽一,77.0,202005020401
5,2,4,ブロウンアウェイ,牝3,52,木幡育也,1:26.6,1.3/4,**,,,,,2-2,37.9,30.1,5,428(+2),,,,[東]田島俊明,岡田牧雄,51.0,202005020401
6,4,7,ドリームバンドーム,牝3,54,石川裕紀,1:26.6,クビ,**,,,,,13-13,36.8,122.5,12,470(+6),,,,[東]加藤和宏,宮内牧場,,202005020401
7,3,5,プレシャススパート,牝3,54,的場勇人,1:27.0,2.1/2,**,,,,,10-10,37.5,70.6,10,508(+2),,,,[東]的場均,日向均,,202005020401
8,7,14,キーリア,牝3,54,武藤雅,1:27.1,クビ,**,,,,,12-11,37.5,49.1,7,438(0),,,,[東]中野栄治,カタオカファーム,,202005020401
9,4,8,ナックダイヤ,牝3,54,三浦皇成,1:27.4,2,**,,,,,2-2,38.7,24.9,4,490(-4),,,,[東]杉浦宏昭,小松欣也,,202005020401
10,8,16,ジュンヒトカップ,牝3,54,横山和生,1:28.7,8,**,,,,,7-8,39.4,51.5,8,478(-2),,,,[東]勢司和浩,河合裕明,,202005020401
11,1,2,ノビアホワイト,牝3,54,杉原誠人,1:28.8,1/2,**,,,,,15-15,38.5,210.3,16,438(+2),,,,[東]古賀史生,吉見典子,,202005020401
12,6,11,ハヴォナ,牝3,54,内田博幸,1:28.9,クビ,**,,,,,16-15,38.6,116.9,11,440(0),,,,[東]松山将樹,阿部善武,,202005020401
13,3,6,ドルチェ,牝3,54,嘉藤貴行,1:29.0,3/4,**,,,,,5-4,40.0,139.2,14,430(-2),,,,[東]田中清隆,サンコウ牧場,,202005020401
14,5,10,ロマンスストーリー,牝3,54,大野拓弥,1:29.3,2,**,,,,,13-13,39.4,60.1,9,448(+12),,,,[東]新開幸一,明栄商事,,202005020401
15,7,13,エイシンバビロン,牝3,54,野中悠太,1:29.6,2,**,,,,,10-11,40.0,142.0,15,488(0),,,,[東]田中剛,栄進堂,,202005020401
16,2,3,アイアンプラン,牝3,54,宮崎北斗,1:30.4,5,**,,,,,4-4,41.4,131.3,13,496(-14),,,,[東]本間忍,池上一馬,,202005020401
1,4,7,サイモンルグラン,牡3,56,福永祐一,1:37.7,,**,,,,,2-2,37.9,1.9,1,492(-8),,,,[東]勢司和浩,澤田昭紀,510.0,202005020402
2,2,4,テンチシンメイ,牡3,56,三浦皇成,1:38.2,3,**,,,,,5-5,37.9,4.2,2,498(+2),,,,[東]小笠倫弘,岡浩二,200.0,202005020402
3,7,13,リヴィエラボーイ,牡3,56,津村明秀,1:38.4,1.1/2,**,,,,,1-1,39.1,5.6,3,450(+2),,,,[東]松山将樹,吉岡泰治,130.0,202005020402
4,6,11,エールプレジール,牡3,56,江田照男,1:39.0,3.1/2,**,,,,,11-10,37.2,264.3,15,462(-4),,,,[東]小笠倫弘,グリーンファーム,77.0,202005020402
5,5,9,パースピレーション,牡3,56,大野拓弥,1:39.5,3,**,,,,,10-10,37.7,20.8,5,464(0),,,,[東]田村康仁,吉田照哉,51.0,202005020402
6,7,14,ケイツーコルナ,牡3,54,木幡育也,1:40.1,3.1/2,**,,,,,7-8,38.6,266.9,16,488(0),,,,[東]蛯名利弘,楠本勝美,,202005020402
7,5,10,リベリアスハート,牡3,56,内田博幸,1:40.2,クビ,**,,,,,5-6,39.4,76.7,9,442(-5),,,,[東]小手川準,ノルマンディーサラブレッドレーシング,,202005020402
8,6,12,ゴールドゴールデン,牡3,56,横山和生,1:40.2,クビ,**,,,,,11-12,38.3,78.5,10,458(0),,,,[東]藤原辰雄,吉澤克己,,202005020402
9,8,16,ウインオーサム,牡3,56,田辺裕信,1:40.3,1/2,**,,,,,4-4,40.1,9.7,4,454(-4),,,,[東]中舘英二,ウイン,,202005020402
10,1,2,タイセイダンク,牡3,56,丸山元気,1:40.5,1.1/4,**,,,,,8-6,39.7,35.1,8,452(-2),,,,[東]斎藤誠,田中成奉,,202005020402
11,3,6,オーサムパッション,牡3,56,石川裕紀,1:40.7,3/4,**,,,,,2-3,40.7,28.3,7,516(+18),,,,[東]斎藤誠,落合幸弘,,202005020402
12,2,3,キッズシタイヒャー,牡3,56,武士沢友,1:41.0,2,**,,,,,14-13,38.7,82.0,11,446(+4),,,,[東]武市康男,瀬谷隆雄,,202005020402
13,4,8,キングオブキャロル,牡3,53,小林脩斗,1:41.1,1/2,**,,,,,9-8,39.6,227.4,14,498(0),,,,[東]上原博之,ターフ・スポート,,202005020402
14,3,5,アントルヴォー,牡3,56,伊藤工真,1:41.8,4,**,,,,,13-13,39.5,151.1,13,488(0),,,,[東]久保田貴,シンボリ牧場,,202005020402
15,8,15,フジサンライボー,牡3,56,的場勇人,1:42.2,2.1/2,**,,,,,15-15,38.5,145.0,12,496(-2),,,,[東]的場均,藤田秀行,,202005020402
16,1,1,ダブルマーク,牡3,56,ヒューイ,1:42.4,1.1/4,**,,,,,16-16,37.2,21.3,6,506(0),,,,[東]小西一男,河内孝夫,,202005020402
1,4,6,ペリトモレノ,牝3,54,岩部純二,1:19.2,,**,,,,,5-5,36.5,20.8,6,462(-4),,,,[東]大江原哲,ミルファーム,510.0,202005020403
2,3,3,サノノクヒオ,牡3,56,内田博幸,1:19.2,クビ,**,,,,,2-2,36.9,7.4,3,492(+2),,,,[東]清水英克,佐野信幸,200.0,202005020403
3,6,9,カッチョカバロ,牡3,56,津村明秀,1:19.5,1.3/4,**,,,,,1-1,37.4,2.7,2,494(+2),,,,[東]牧光二,平田修,130.0,202005020403
4,2,2,ヴィーナスブレス,牝3,54,北村宏司,1:20.0,3,**,,,,,3-3,37.5,7.8,4,470(+2),,,,[東]高橋裕,西森功,77.0,202005020403
5,8,13,メサテソーロ,牝3,54,大野拓弥,1:20.2,3/4,**,,,,,9-9,37.1,2.2,1,512(-8),,,,[東]栗田徹,了徳寺健二ホールディングス,51.0,202005020403
6,8,14,シゲルエリス,牡3,56,田中勝春,1:20.4,1.1/4,**,,,,,13-13,36.8,91.0,8,478(-2),,,,[東]的場均,森中蕃,,202005020403
7,3,4,トーセンマイベスト,牡3,56,野中悠太,1:20.5,3/4,**,,,,,5-6,37.7,20.6,5,454(-2),,,,[東]上原博之,島川隆哉,,202005020403
8,7,12,リチェルカータ,牝3,54,西村太一,1:20.7,1.1/4,**,,,,,12-12,37.2,256.7,13,426(0),,,,[東]高橋文雅,ターフ・スポート,,202005020403
9,7,11,トマティーナ,牡3,56,杉原誠人,1:20.8,3/4,**,,,,,7-6,37.9,250.2,12,434(0),,,,[東]石毛善彦,ミルファーム,,202005020403
10,4,5,ローズコンパス,牝3,54,柴田善臣,1:20.9,1/2,**,,,,,9-9,37.7,298.1,14,464(0),,,,[東]星野忍,田頭勇貴,,202005020403
11,5,8,グラスエメラルダ,牝3,54,江田照男,1:21.0,クビ,**,,,,,7-8,38.0,156.2,11,422(+4),,,,[東]松山将樹,半沢,,202005020403
12,6,10,キタノエイカン,牡3,56,武士沢友,1:21.2,1.1/2,**,,,,,14-14,37.4,146.3,10,436(-8),,,,[東]土田稔,北所直人,,202005020403
13,1,1,ノボユキ,牝3,54,丸山元気,1:23.1,大,**,,,,,4-3,40.6,36.6,7,436(-4),,,,[東]尾関知人,ＬＳ．Ｍ,,202005020403
14,5,7,マホウショ,牡3,56,横山和生,1:23.7,3.1/2,**,,,,,9-11,40.4,144.5,9,454(+2),,,,[東]藤原辰雄,谷口祐人,,202005020403
1,7,14,ツルネ,牝3,54,吉田豊,1:35.6,,**,,,,,4-4,33.1,1.9,1,476(-2),,,,[東]高橋文雅,吉井理人,510.0,202005020404
2,4,7,パイネ,牝3,54,三浦皇成,1:35.8,1.1/2,**,,,,,2-2,33.5,4.0,2,434(+4),,,,[東]国枝栄,金子真人ホールディングス,200.0,202005020404
3,2,4,ソスピタ,牝3,54,野中悠太,1:36.1,1.3/4,**,,,,,4-4,33.6,9.2,4,434(+6),,,,[東]畠山吉宏,ビッグレッドファーム,130.0,202005020404
4,8,15,テルヌーラ,牝3,54,福永祐一,1:36.1,クビ,**,,,,,2-3,33.7,9.4,5,464(0),,,,[東]木村哲也,吉田勝己,77.0,202005020404
5,3,5,シラカワカツコ,牝3,54,江田照男,1:36.3,1,**,,,,,1-1,34.1,260.2,13,398(+2),,,,[東]伊藤伸一,大久保與志雄,51.0,202005020404
6,7,13,スピードオブラブ,牝3,54,北村宏司,1:36.3,アタマ,**,,,,,10-10,33.2,8.0,3,434(+2),,,,[東]中川公成,石井義人,,202005020404
7,8,16,リライトザスターズ,牝3,54,田辺裕信,1:36.5,1.1/2,**,,,,,14-13,33.2,70.8,9,492(-2),,,,[東]尾関知人,飯田良枝,,202005020404
8,6,12,ロジマジェスティ,牝3,54,丸山元気,1:36.5,クビ,**,,,,,7-7,33.7,24.4,6,432(+4),,,,[東]萩原清,久米田正明,,202005020404
9,3,6,タカンナ,牝3,54,柴田善臣,1:36.6,クビ,**,,,,,7-8,33.6,75.6,10,454(+8),,,,[東]柄崎孝,三度屋,,202005020404
10,5,9,ロビンザフィリー,牝3,54,蛯名正義,1:36.8,1.1/4,**,,,,,6-6,34.2,27.8,7,406(+6),,,,[東]大和田成,嶋田賢,,202005020404
11,1,1,サクラアスター,牝3,54,大野拓弥,1:36.8,クビ,**,,,,,13-13,33.4,44.6,8,488(0),,,,[東]金成貴史,さくらコマース,,202005020404
12,2,3,クルワールデジール,牝3,54,津村明秀,1:37.1,1.3/4,**,,,,,10-10,34.0,215.2,12,470(+6),,,,[東]宗像義忠,鈴木芳夫,,202005020404
13,4,8,ラビングシーン,牝3,52,木幡育也,1:37.4,2,**,,,,,10-12,34.2,324.8,14,478(0),,,,[東]本間忍,ヒダカ・ブリーダーズ・ユニオン,,202005020404
14,1,2,マロンパフェ,牝3,51,小林脩斗,1:37.8,2.1/2,**,,,,,7-8,34.9,359.2,16,406(-2),,,,[東]小桧山悟,江川伸夫,,202005020404
15,6,11,ウチノファイバー,牝3,54,武士沢友,1:38.5,4,**,,,,,14-15,35.0,213.9,11,440(0),,,,[東]星野忍,内田玄祥,,202005020404
16,5,10,スプリングブリーズ,牝3,54,岩部純二,1:39.2,4,**,,,,,14-16,35.5,337.7,15,462(-2),,,,[東]萱野浩二,マークス,,202005020404
1,8,11,レベンディス,牡3,56,福永祐一,2:02.0,,**,,,,,1-1-1,34.1,6.6,3,492(-4),,,,[東]高柳瑞樹,シルクレーシング,510.0,202005020405
2,6,6,アイブランコ,牡3,56,内田博幸,2:02.1,3/4,**,,,,,7-7-7,33.4,8.1,5,490(0),,,,[東]中野栄治,ライフエンタープライズ,200.0,202005020405
3,5,5,ハーツシンフォニー,牡3,56,ヒューイ,2:02.1,ハナ,**,,,,,4-3-3,33.8,6.9,4,470(+2),,,,[東]戸田博文,ＤＭＭドリームクラブ,130.0,202005020405
4,3,3,ビービーグエル,牡3,56,田辺裕信,2:02.2,1/2,**,,,,,3-3-3,34.0,5.3,2,496(-10),,,,[東]久保田貴,坂東牧場,77.0,202005020405
5,8,10,シェーンクラート,牡3,56,横山和生,2:02.3,1/2,**,,,,,2-2-2,34.2,32.3,7,498(-4),,,,[東]黒岩陽一,金山敏也,51.0,202005020405
6,4,4,ショウナンハリマオ,牡3,56,三浦皇成,2:02.3,クビ,**,,,,,7-5-5,33.8,8.5,6,500(+2),,,,[東]国枝栄,国本哲秀,,202005020405
7,1,1,シャドウワルツ,牡3,56,レーン,2:02.5,1.1/4,**,,,,,9-9-9,33.5,2.1,1,426(-4),,,,[東]斎藤誠,飯塚知一,,202005020405
8,2,2,ボンヌシャンス,牝3,54,田中勝春,2:02.5,クビ,**,,,,,5-5-5,34.0,86.3,8,476(-6),,,,[東]宗像義忠,高橋文男,,202005020405
9,6,7,ジャストザキラキラ,牝3,54,石川裕紀,2:03.2,4,**,,,,,5-7-7,34.5,260.9,10,422(0),,,,[東]小笠倫弘,ジャスト・タイムクラブ,,202005020405
10,7,9,キングバーグ,牡3,56,宮崎北斗,2:03.5,1.3/4,**,,,,,11-10-11,34.2,265.8,11,450(+4),,,,[東]本間忍,長谷川兼美,,202005020405
11,7,8,ニシノハヤシゲル,牡3,56,武士沢友,2:03.6,3/4,**,,,,,10-10-10,34.4,128.6,9,508(+10),,,,[東]小手川準,西山茂行,,202005020405
1,1,1,ケンシンコウ,牡3,56,丸山元気,1:36.7,,**,,,,,8-6,36.6,20.2,7,476(0),,,,[東]小西一男,天野克彦,730.0,202005020406
2,5,6,オンリーワンボーイ,牡3,56,田辺裕信,1:36.9,1.1/4,**,,,,,1-2,38.0,5.3,3,446(+4),,,,[東]斎藤誠,金山克己,290.0,202005020406
3,6,8,ニュートンテソーロ,牡3,56,ヒューイ,1:36.9,クビ,**,,,,,3-3,37.4,2.2,1,486(-6),,,,[東]田中博康,了徳寺健二ホールディングス,180.0,202005020406
4,3,3,キタノヴィジョン,牡3,56,三浦皇成,1:37.1,1.1/4,**,,,,,11-11,36.5,16.2,6,466(-6),,,,[東]萱野浩二,北所直人,110.0,202005020406
5,2,2,テンサイドカップ,牝3,54,内田博幸,1:37.3,1.1/2,**,,,,,6-5,37.4,88.0,10,462(-8),,,,[東]矢野英一,天白泰司,73.0,202005020406
6,8,13,ヒロキング,牡3,56,横山和生,1:37.4,クビ,**,,,,,6-8,37.2,45.6,9,478(-10),,,,[東]黒岩陽一,澤田孝之,,202005020406
7,7,11,ルナエクリプス,牡3,56,石橋脩,1:37.6,1.1/4,**,,,,,9-8,37.4,13.3,4,516(0),,,,[東]田村康仁,吉田晴哉,,202005020406
8,4,4,ハローキャンディ,牝3,54,福永祐一,1:37.7,3/4,**,,,,,3-3,38.2,14.1,5,428(0),,,,[東]久保田貴,中西純穂,,202005020406
9,8,12,エバンタイユドール,牝3,52,木幡育也,1:37.9,1.1/2,**,,,,,11-11,37.4,39.1,8,502(0),,,,[東]小桧山悟,井上久光,,202005020406
10,7,10,ワセダウォリアー,牡3,56,北村宏司,1:38.0,クビ,**,,,,,13-13,37.1,185.8,13,456(-2),,,,[東]金成貴史,大冨智弘,,202005020406
11,5,7,シンクロゲイザー,牡3,56,大野拓弥,1:38.9,5,**,,,,,10-10,38.5,108.1,11,440(-2),,,,[東]田村康仁,ディアレストクラブ,,202005020406
12,4,5,クロカドッグ,牡3,56,野中悠太,1:39.2,2,**,,,,,5-6,39.1,158.5,12,496(+6),,,,[東]竹内正洋,ヒダカファーム,,202005020406
13,6,9,プントファイヤー,牡3,56,レーン,1:39.4,1,**,,,,,2-1,40.5,3.5,2,510(-2),,,,[東]手塚貴久,嶋田賢,,202005020406
1,3,3,アーザムブルー,牡6,57,ヒューイ,1:33.3,,**,,,,,10-9,32.8,6.3,4,474(-6),,,,[東]戸田博文,シルクレーシング,760.0,202005020407
2,7,11,ジーナスイート,牝5,55,丸山元気,1:33.3,クビ,**,,,,,2-2,33.5,3.4,2,446(+4),,,,[東]青木孝文,シルクレーシング,300.0,202005020407
3,8,13,サトノマックス,牡6,57,レーン,1:33.5,1.1/4,**,,,,,7-6,33.3,3.3,1,498(-2),,,,[東]堀宣行,里見治紀,190.0,202005020407
4,7,12,シャワークライム,牝4,55,大野拓弥,1:33.6,3/4,**,,,,,3-2,33.7,17.9,7,444(0),,,,[東]田中剛,吉田照哉,110.0,202005020407
5,6,10,ギャンブラー,牡5,57,武藤雅,1:33.7,1/2,**,,,,,1-1,34.1,30.3,8,522(-6),,,,[東]斎藤誠,大野富生,76.0,202005020407
6,4,6,レディードリー,牝4,55,柴田善臣,1:33.8,1/2,**,,,,,6-6,33.6,4.4,3,442(-2),,,,[東]深山雅史,小林博雄,,202005020407
7,5,8,ミヤケ,牡4,57,田中勝春,1:34.0,1.1/4,**,,,,,4-4,34.0,150.8,11,484(-2),,,,[東]和田勇介,小林祥晃,,202005020407
8,2,2,ショウナンアオゾラ,牡4,57,三浦皇成,1:34.0,クビ,**,,,,,7-8,33.6,12.9,5,472(+8),,,,[東]大竹正博,湘南,,202005020407
9,3,4,カレン,牝6,55,江田照男,1:34.0,ハナ,**,,,,,12-11,33.3,58.0,10,484(-8),,,,[東]深山雅史,ミルファーム,,202005020407
10,4,5,ジャッキー,牡6,57,内田博幸,1:34.5,3,**,,,,,4-4,34.4,47.5,9,484(-2),,,,[東]高橋祥泰,本田恒雄,,202005020407
11,1,1,エールグリーツ,牝5,55,津村明秀,1:34.6,クビ,**,,,,,12-11,33.9,17.4,6,432(-4),,,,[東]林徹,社台レースホース,,202005020407
12,6,9,リリカルドリーム,牝5,53,木幡育也,1:34.8,1.1/4,**,,,,,7-9,34.3,339.7,12,438(+6),,,,[東]土田稔,水上行雄,,202005020407
13,5,7,ドルフィンマーク,セ7,57,武士沢友,1:34.9,3/4,**,,,,,14-14,33.9,360.5,13,504(0),,,,[東]柄崎孝,大塚亮一,,202005020407
14,8,14,ラバストーン,牡4,54,小林脩斗,1:36.0,7,**,,,,,11-11,35.3,564.7,14,478(+4),,,,[東]大江原哲,田頭勇貴,,202005020407
1,5,10,スパーダ,牡5,57,三浦皇成,1:23.9,,**,,,,,1-1,36.2,5.8,2,498(+2),,,,[東]加藤士津,了徳寺健二ホールディングス,760.0,202005020408
2,2,3,キタノユウキ,牡5,57,レーン,1:24.7,5,**,,,,,4-4,36.6,1.6,1,560(+8),,,,[東]相沢郁,河内孝夫,300.0,202005020408
3,8,16,ゴムマリ,牝5,55,内田博幸,1:24.9,1.1/2,**,,,,,6-6,36.6,18.8,6,484(0),,,,[東]浅野洋一,田頭勇貴,190.0,202005020408
4,8,15,シーオブセレニティ,セ5,57,福永祐一,1:25.0,クビ,**,,,,,4-4,36.9,13.0,4,430(-2),,,,[東]田中博康,ゴドルフィン,110.0,202005020408
5,7,13,イベリスリーフ,牝4,55,石橋脩,1:25.0,アタマ,**,,,,,2-2,37.2,11.2,3,450(-8),,,,[東]中舘英二,サンデーレーシング,76.0,202005020408
6,3,6,ヤンチャプリヒメ,牝4,55,武藤雅,1:25.2,1.1/2,**,,,,,9-10,36.6,23.0,8,440(-2),,,,[東]浅野洋一,田頭勇貴,,202005020408
7,4,7,スマートグランダム,牝4,55,江田照男,1:25.3,クビ,**,,,,,2-2,37.5,207.3,15,524(+8),,,,[東]加藤征弘,大川徹,,202005020408
8,6,11,マイネルナイペス,牡4,57,ヒューイ,1:25.5,1.1/4,**,,,,,6-8,37.1,13.9,5,470(+6),,,,[東]伊藤圭三,サラブレッドクラブ・ラフィアン,,202005020408
9,6,12,ユイノチョッパー,牡5,57,野中悠太,1:25.7,1.1/4,**,,,,,13-15,36.5,21.2,7,508(0),,,,[東]竹内正洋,由井健太郎,,202005020408
10,2,4,マジェスティゲート,牡4,57,大野拓弥,1:25.7,アタマ,**,,,,,9-8,37.3,86.5,10,480(0),,,,[東]高柳瑞樹,ＶｉｒｉｄｉａｎＫｅｉｂａＣｌｕｂ,,202005020408
11,5,9,コスモクウェンチ,牡6,57,武士沢友,1:25.7,ハナ,**,,,,,13-11,37.0,87.3,11,482(-4),,,,[東]小桧山悟,Ｍｒ．ホース,,202005020408
12,7,14,ジェイエルフラッグ,牝4,55,吉田豊,1:26.0,1.1/2,**,,,,,11-13,37.0,151.7,12,438(-8),,,,[東]小西一男,橋元幸人,,202005020408
13,1,1,スフィーダグリーン,牡6,57,田中勝春,1:26.3,1.3/4,**,,,,,15-13,37.2,189.3,13,542(+2),,,,[東]的場均,寳寄山拓樹,,202005020408
14,1,2,ウエスタンマリーヤ,牝5,55,横山和生,1:26.4,1/2,**,,,,,16-16,36.8,190.0,14,472(0),,,,[東]小野次郎,西川賢,,202005020408
15,4,8,サルウェーテ,牡4,57,蛯名正義,1:26.7,2,**,,,,,6-6,38.4,292.3,16,476(+6),,,,[東]堀井雅広,西森功,,202005020408
16,3,5,フィリーズラン,牝4,55,津村明秀,1:27.2,3,**,,,,,12-12,38.4,26.0,9,432(0),,,,[東]牧光二,岡村善行,,202005020408
1,8,9,カーロバンビーナ,牝5,53,吉田豊,2:24.6,,**,,,,,7-7-8-8,34.0,16.9,6,404(-4),,,,[東]戸田博文,社台レースホース,"1,521.0",202005020409
2,4,4,サンシロウ,牡6,56,柴田善臣,2:24.6,クビ,**,,,,,6-6-6-6,34.2,6.5,2,494(0),,,,[東]柄崎孝,三度屋,606.0,202005020409
3,7,7,ルックスマート,牡5,55,ヒューイ,2:24.7,クビ,**,,,,,3-1-1-1,36.1,13.2,4,480(0),,,,[東]小島茂之,平田修,383.0,202005020409
4,8,8,シュブリーム,牡4,55,津村明秀,2:24.7,クビ,**,,,,,2-3-2-2,35.0,20.2,7,464(-2),,,,[東]大和田成,栗坂崇,230.0,202005020409
5,6,6,ハーツイストワール,牡4,56,レーン,2:24.8,クビ,**,,,,,3-4-5-5,34.6,1.4,1,488(+6),,,,[東]国枝栄,嶋田賢,150.0,202005020409
6,1,1,クラサーヴィツァ,牝4,53,三浦皇成,2:25.2,2.1/2,**,,,,,8-8-6-6,34.9,14.6,5,450(+2),,,,[東]武井亮,椎名節,,202005020409
7,5,5,チャロネグロ,牡6,56,石橋脩,2:25.4,1,**,,,,,8-8-9-9,34.5,9.2,3,508(+14),,,,[東]大和田成,金子真人ホールディングス,,202005020409
8,2,2,オクラホマ,牡6,54,大野拓弥,2:25.5,3/4,**,,,,,3-4-4-3,35.4,142.2,9,530(-6),,,,[東]高橋文雅,馬場幸夫,,202005020409
9,3,3,ローリエテソーロ,牡4,54,田辺裕信,2:27.0,9,**,,,,,1-2-2-3,36.9,41.1,8,530(+4),,,,[東]加藤和宏,了徳寺健二ホールディングス,,202005020409
1,6,7,スイープセレリタス,牝4,55,丸山元気,1:20.3,,**,,,,,6-6,33.3,2.6,1,502(+8),,,,[東]藤沢和雄,シルクレーシング,"1,845.9",202005020410
2,8,11,ミュージアムヒル,牝5,55,ヒューイ,1:20.3,クビ,**,,,,,10-11,32.9,5.0,2,480(-2),,,,[東]古賀慎明,吉田勝己,737.4,202005020410
3,8,10,ビリーバー,牝5,55,大野拓弥,1:20.4,クビ,**,,,,,7-8,33.3,7.1,4,466(+6),,,,[東]石毛善彦,ミルファーム,463.7,202005020410
4,4,4,レッドイグニス,セ7,57,田辺裕信,1:20.5,1/2,**,,,,,2-2,34.0,13.9,6,470(-2),,,,[東]鹿戸雄一,東京ホースレーシング,270.0,202005020410
5,5,5,レジーナドーロ,牝5,55,レーン,1:20.5,クビ,**,,,,,8-9,33.3,7.2,5,464(+8),,,,[東]堀宣行,Ｇ１レーシング,182.0,202005020410
6,7,9,ネリッサ,牝4,55,横山和生,1:20.6,1/2,**,,,,,4-3,33.8,33.6,10,440(+10),,,,[東]勢司和浩,木村廣太,,202005020410
7,2,2,ダノンジャスティス,牡4,57,津村明秀,1:20.7,1/2,**,,,,,1-1,34.3,24.9,8,500(+4),,,,[東]田中博康,ダノックス,,202005020410
8,7,8,ボーダーオブライフ,牡6,57,伊藤工真,1:20.7,クビ,**,,,,,3-3,34.0,32.2,9,498(0),,,,[東]金成貴史,レッドマジック,,202005020410
9,1,1,ウィンドライジズ,牡6,57,石橋脩,1:21.1,2.1/2,**,,,,,5-3,34.4,6.8,3,466(0),,,,[東]牧光二,平田修,,202005020410
10,6,6,ナンヨーアミーコ,セ7,57,柴田善臣,1:21.1,アタマ,**,,,,,11-9,33.8,60.5,11,428(-4),,,,[東]宗像義忠,中村徳也,,202005020410
11,3,3,ソーラーフレア,牡5,57,三浦皇成,1:21.3,1,**,,,,,8-6,34.3,16.0,7,454(0),,,,[東]高柳瑞樹,ゴドルフィン,,202005020410
1,4,7,デゼル,牝3,54,レーン,1:47.1,,**,,,,,14-14-13,32.5,3.0,1,468(-4),,,,[西]友道康夫,社台レースホース,"2,040.6",202005020411
2,8,17,スマートリアン,牝3,54,三浦皇成,1:47.4,1.3/4,**,,,,,7-5-5,33.3,9.7,5,462(+2),,,,[西]石橋守,大川徹,811.6,202005020411
3,7,15,アカノニジュウイチ,牝3,54,田中勝春,1:47.5,3/4,**,,,,,9-8-7,33.3,7.7,4,444(-4),,,,[東]尾関知人,岩切企画,505.8,202005020411
4,2,4,クリスティ,牝3,54,福永祐一,1:47.5,ハナ,**,,,,,2-4-4,33.6,3.5,2,482(0),,,,[西]杉山晴紀,薪浦英稔,300.0,202005020411
5,5,10,メタモルフォーゼ,牝3,54,横山和生,1:47.6,クビ,**,,,,,5-5-5,33.5,94.8,13,440(-2),,,,[西]渡辺薫彦,ノースヒルズ,200.0,202005020411
6,8,16,アクロアイト,牝3,54,丸山元気,1:47.6,アタマ,**,,,,,2-3-2,33.8,53.9,10,476(-6),,,,[東]大竹正博,キャロットファーム,,202005020411
7,7,13,エンジェルサークル,牝3,54,田辺裕信,1:47.6,クビ,**,,,,,9-9-9,33.3,140.2,15,426(-14),,,,[東]中川公成,吉田照哉,,202005020411
8,7,14,ホウオウエミーズ,牝3,54,津村明秀,1:47.7,クビ,**,,,,,12-11-11,33.3,53.1,9,444(-10),,,,[東]池上昌和,小笹芳央,,202005020411
9,2,3,ルヴェルソー,牝3,54,大野拓弥,1:47.8,1/2,**,,,,,7-9-9,33.5,125.7,14,446(-4),,,,[東]田中博康,グリーンファーム,,202005020411
10,6,11,アポロヴィクトリア,牝3,54,石川裕紀,1:47.9,3/4,**,,,,,2-2-2,34.2,155.3,16,420(-2),,,,[東]岩戸孝樹,アポロサラブレッドクラブ,,202005020411
11,1,2,オータムレッド,牝3,54,武藤雅,1:48.1,1.1/4,**,,,,,5-5-7,33.9,60.6,11,432(+14),,,,[東]手塚貴久,青芝商事,,202005020411
12,3,5,ライクアジュエリー,牝3,54,吉田豊,1:48.1,クビ,**,,,,,1-1-1,34.5,185.3,18,466(-4),,,,[東]戸田博文,青芝商事,,202005020411
13,3,6,バルトリ,牝3,54,北村宏司,1:48.1,アタマ,**,,,,,15-15-15,33.3,13.9,6,448(+8),,,,[東]藤沢和雄,ゴドルフィン,,202005020411
14,1,1,ロッタチャンセズ,牝3,54,内田博幸,1:48.2,3/4,**,,,,,12-11-13,33.6,74.8,12,384(-6),,,,[東]堀宣行,Ｇ１レーシング,,202005020411
15,4,8,オーマイダーリン,牝3,54,江田照男,1:48.5,1.3/4,**,,,,,17-18-18,33.5,24.4,7,454(-6),,,,[西]河内洋,廣崎利洋ＨＤ,,202005020411
16,8,18,キングスタイル,牝3,54,蛯名正義,1:48.8,1.3/4,**,,,,,18-16-17,33.9,181.1,17,404(+6),,,,[西]矢作芳人,廣崎利洋ＨＤ,,202005020411
17,6,12,ミアマンテ,牝3,54,ヒューイ,1:48.8,クビ,**,,,,,11-11-11,34.3,7.0,3,422(0),,,,[東]木村哲也,吉田勝己,,202005020411
18,5,9,チェスナットドレス,牝3,54,石橋脩,1:49.0,1.1/4,**,,,,,15-16-15,34.2,24.6,8,466(+8),,,,[西]西村真幸,東海林貴大,,202005020411
1,5,10,サトノディード,セ5,57,ヒューイ,2:12.4,,**,,,,,3-3-3-3,37.1,21.9,8,498(+4),,,,[東]国枝栄,サトミホースカンパニー,"1,100.0",202005020412
2,4,7,トレイントレイン,牡4,57,石橋脩,2:12.4,クビ,**,,,,,2-2-2-2,37.2,7.2,2,506(-8),,,,[東]池上昌和,ＭＭＣ,440.0,202005020412
3,3,5,グレンマクナス,牡6,57,大野拓弥,2:12.5,3/4,**,,,,,1-1-1-1,37.4,19.1,6,522(-4),,,,[東]牧光二,社台レースホース,280.0,202005020412
4,5,9,ネオブレイブ,牡4,57,柴田善臣,2:12.6,クビ,**,,,,,13-13-10-10,36.6,11.2,5,508(0),,,,[東]小西一男,西田俊二,170.0,202005020412
5,6,12,ララロワ,セ5,57,津村明秀,2:12.7,3/4,**,,,,,4-5-5-4,37.3,7.5,3,496(-6),,,,[東]岩戸孝樹,飯田正剛,110.0,202005020412
6,4,8,ファイトアローン,牡5,57,福永祐一,2:12.7,アタマ,**,,,,,10-9-10-10,36.7,21.7,7,546(-4),,,,[東]奥平雅士,前川企画,,202005020412
7,3,6,リーヴル,牡4,57,三浦皇成,2:13.0,2,**,,,,,10-11-14-13,36.8,37.2,10,490(+6),,,,[東]萩原清,Ｇ１レーシング,,202005020412
8,1,2,デルマカシャーサ,牝5,55,武士沢友,2:13.2,1.1/4,**,,,,,4-3-3-4,37.8,146.7,15,462(-12),,,,[東]小手川準,浅沼廣幸,,202005020412
9,7,14,ニシノアメイズ,牝4,55,田辺裕信,2:13.2,ハナ,**,,,,,10-11-13-14,36.8,9.8,4,508(0),,,,[東]松山将樹,西山茂行,,202005020412
10,6,11,カフェアトラス,牡5,57,内田博幸,2:13.2,ハナ,**,,,,,15-15-15-14,36.7,134.8,14,532(-2),,,,[東]古賀慎明,西川光一,,202005020412
11,8,16,オウケンスターダム,牡6,57,北村宏司,2:13.3,クビ,**,,,,,13-13-7-6,37.6,72.1,12,480(0),,,,[東]国枝栄,福井明,,202005020412
12,1,1,アルマスティング,セ4,57,吉田豊,2:13.4,1/2,**,,,,,9-9-10-10,37.4,78.9,13,480(-12),,,,[東]田村康仁,コウトミックレーシング,,202005020412
13,2,4,スタンサンセイ,牡4,57,レーン,2:13.7,2,**,,,,,4-6-5-6,38.0,1.9,1,524(-12),,,,[東]高橋文雅,吉田和美,,202005020412
14,2,3,ヨシヒコ,牡6,57,江田照男,2:14.0,1.3/4,**,,,,,7-7-7-6,38.3,52.1,11,492(-14),,,,[東]大江原哲,菊地祐司,,202005020412
15,7,13,ディスカバー,セ6,57,横山和生,2:14.1,1/2,**,,,,,16-16-16-16,37.2,160.4,16,470(0),,,,[東]畠山吉宏,村野康司,,202005020412
16,8,15,ベルウッドカザン,牡4,57,丸山元気,2:15.8,大,**,,,,,7-7-7-9,39.9,30.2,9,492(-6),,,,[東]和田雄二,鈴木照雄,,202005020412
1,1,1,ジェロボーム,牝3,54,ルメール,1:39.1,,**,,,,,4-4,38.6,1.6,1,482(0),,,,[東]古賀慎明,長谷川祐司,510.0,202005020501
2,6,6,ルミナスナイト,牝3,54,藤井勘一,1:39.3,1.1/4,**,,,,,2-2,39.3,21.8,5,500(+4),,,,[東]畠山吉宏,岡田牧雄,200.0,202005020501
3,3,3,プラットフォーマー,牝3,54,石橋脩,1:39.5,1.1/2,**,,,,,1-1,39.7,3.1,2,444(-6),,,,[東]矢野英一,青山洋一,103.5,202005020501
3,7,8,キク,牝3,54,津村明秀,1:39.5,同着,**,,,,,6-6,38.7,38.9,8,464(+2),,,,[東]相沢郁,石瀬浩三,103.5,202005020501
5,8,10,ダイユウローズ,牝3,54,木幡巧也,1:40.0,3,**,,,,,2-3,39.9,10.1,3,512(-2),,,,[東]松永康利,大友靖岐,51.0,202005020501
6,7,9,フクノソミュール,牝3,52,木幡育也,1:41.2,7,**,,,,,10-10,39.8,275.4,10,448(-12),,,,[東]粕谷昌央,福島祐子,,202005020501
7,8,11,ヒューマニズム,牝3,54,武豊,1:41.5,1.3/4,**,,,,,10-7,40.5,37.9,7,560(0),,,,[東]小島茂之,Ｈ．Ｈ．シェイク・ハムダン,,202005020501
8,5,5,ガラパーティー,牝3,54,横山典弘,1:41.8,1.3/4,**,,,,,6-7,40.8,52.3,9,500(-4),,,,[東]久保田貴,寺田千代乃,,202005020501
9,2,2,ヒラボクアリー,牝3,54,野中悠太,1:41.9,クビ,**,,,,,4-4,41.5,30.2,6,470(+6),,,,[東]竹内正洋,平田牧場,,202005020501
10,4,4,ヤマヒビキ,牝3,51,山田敬士,1:42.4,3,**,,,,,8-10,41.0,361.1,11,464(+4),,,,[東]石栗龍彦,江川伸夫,,202005020501
11,6,7,ラストエクセル,牝3,54,横山武史,1:43.7,8,**,,,,,9-9,42.5,19.7,4,450(-2),,,,[東]伊藤大士,ニッシンホールディングス,,202005020501
1,4,7,ソラン,牡3,56,横山武史,1:20.1,,**,,,,,5-4,36.5,8.8,4,520(-2),,,,[東]古賀史生,鈴木康弘,510.0,202005020502
2,5,8,インプルソ,牡3,56,津村明秀,1:20.1,クビ,**,,,,,3-2,36.7,4.9,3,476(-4),,,,[東]松山将樹,コスモヴューファーム,200.0,202005020502
3,1,1,クーレクー,牝3,54,Ｍ．デム,1:20.1,アタマ,**,,,,,12-10,36.1,4.9,2,452(-8),,,,[東]伊藤大士,程田真司,130.0,202005020502
4,7,13,チートコード,牡3,56,レーン,1:20.3,3/4,**,,,,,7-7,36.6,2.0,1,500(-8),,,,[東]尾関知人,明栄商事,77.0,202005020502
5,5,9,バーンパッション,牡3,56,石橋脩,1:20.3,アタマ,**,,,,,12-13,36.1,13.9,5,466(+2),,,,[東]中川公成,岡田牧雄,51.0,202005020502
6,6,11,タシロ,牡3,56,岩部純二,1:20.5,1.1/4,**,,,,,9-10,36.5,26.8,7,520(-6),,,,[東]的場均,ミルファーム,,202005020502
7,3,5,メシアン,牝3,54,大野拓弥,1:20.6,1/2,**,,,,,2-2,37.3,46.9,9,456(-8),,,,[東]和田勇介,梶本尚嗣,,202005020502
8,8,15,マインヒロイン,牝3,51,小林脩斗,1:20.6,アタマ,**,,,,,9-8,36.7,430.7,14,428(-6),,,,[東]萱野浩二,峰哲馬,,202005020502
9,4,6,シゲルガラテア,牡3,56,村田一誠,1:20.8,1.1/4,**,,,,,7-8,36.9,25.3,6,480(-4),,,,[東]水野貴広,森中蕃,,202005020502
10,2,3,ユタカサン,牡3,56,吉田豊,1:21.0,3/4,**,,,,,4-4,37.4,30.5,8,476(-2),,,,[東]竹内正洋,井山登,,202005020502
11,3,4,スズカアイドル,牝3,54,野中悠太,1:21.2,1.1/2,**,,,,,1-1,37.9,114.2,12,416(-2),,,,[東]柄崎孝,永井啓弍,,202005020502
12,7,12,ペンタグラム,牡3,53,山田敬士,1:21.6,2,**,,,,,5-4,38.0,95.3,11,460(0),,,,[東]栗田徹,社台レースホース,,202005020502
13,2,2,ワールドウィスラー,牡3,54,木幡育也,1:22.0,2.1/2,**,,,,,11-12,37.9,78.8,10,436(-4),,,,[東]深山雅史,田頭勇貴,,202005020502
14,8,14,キタノエイカン,牡3,56,武士沢友,1:22.0,アタマ,**,,,,,14-14,37.5,443.3,15,442(+6),,,,[東]土田稔,北所直人,,202005020502
15,6,10,クラウンパイオニア,牡3,56,木幡巧也,1:22.2,1.1/4,**,,,,,15-15,37.3,164.1,13,416(0),,,,[東]松永康利,クラウン,,202005020502
1,6,9,ライフレッスンズ,牡3,56,ルメール,1:38.9,,**,,,,,7-7,37.0,5.5,4,512(0),,,,[東]国枝栄,金子真人ホールディングス,510.0,202005020503
2,8,12,ネオデレヤ,牡3,56,田辺裕信,1:39.3,2.1/2,**,,,,,3-3,37.9,19.4,6,482(-4),,,,[東]小西一男,西田俊二,200.0,202005020503
3,4,5,スイートクラス,牡3,56,武豊,1:39.3,ハナ,**,,,,,2-2,38.0,3.2,2,484(-10),,,,[東]林徹,保坂和孝,130.0,202005020503
4,4,4,サクセスリバース,牡3,53,山田敬士,1:39.9,3.1/2,**,,,,,12-12,37.5,99.8,9,506(0),,,,[東]中舘英二,高嶋哲,77.0,202005020503
5,1,1,グシチャンノカゼ,牡3,56,横山武史,1:40.0,3/4,**,,,,,4-3,38.5,11.2,5,502(+18),,,,[東]田中博康,眞保榮稔,51.0,202005020503
6,8,13,リョウランハート,牡3,56,菅原隆一,1:40.1,クビ,**,,,,,6-6,38.4,320.4,13,472(+2),,,,[東]小野次郎,佐藤啓子,,202005020503
7,5,6,ジンフラッシュ,牡3,56,田中勝春,1:40.3,1.1/4,**,,,,,7-7,38.5,5.4,3,486(0),,,,[東]小野次郎,長谷川清英,,202005020503
8,5,7,ディーカラーズ,牡3,54,木幡育也,1:40.5,1,**,,,,,4-3,39.0,92.5,8,490(-6),,,,[東]高橋祥泰,鈴木芳夫,,202005020503
9,6,8,アナザーチャンス,牡3,56,江田照男,1:40.6,3/4,**,,,,,7-7,38.8,64.4,7,444(-4),,,,[東]小笠倫弘,岡田牧雄,,202005020503
10,2,2,スペラメント,牡3,56,横山典弘,1:40.8,1.1/4,**,,,,,1-1,39.6,2.6,1,508(-4),,,,[東]和田勇介,吉田智,,202005020503
11,7,11,ベスティア,セ3,56,嘉藤貴行,1:41.0,1,**,,,,,10-10,38.9,128.2,10,468(-8),,,,[東]黒岩陽一,ゴドルフィン,,202005020503
12,3,3,インディゴジェイ,牡3,56,野中悠太,1:42.8,大,**,,,,,10-10,40.7,195.3,11,496(+10),,,,[東]松山将樹,吉岡泰治,,202005020503
中,7,10,グッドリドゥンス,牡3,56,的場勇人,,,**,,,,,13-13,,243.2,12,478(0),,,,[東]的場均,林勝宗,,202005020503
1,1,1,エルメーム,牝3,54,大野拓弥,1:26.5,,**,,,,,4-4,37.1,13.3,6,474(+4),,,,[東]高木登,ラ・メール,510.0,202005020504
2,3,6,デクスター,牡3,56,藤井勘一,1:26.7,3/4,**,,,,,2-2,37.4,89.1,11,456(+4),,,,[東]竹内正洋,小林竜太郎,200.0,202005020504
3,7,14,マジカルマジカル,牡3,54,ルメール,1:26.7,アタマ,**,,,,,2-2,37.5,3.7,2,472(-12),,,,[東]久保田貴,吉田和美,130.0,202005020504
4,8,16,ネオトゥルー,牡3,56,津村明秀,1:26.9,1.1/4,**,,,,,10-10,36.8,33.0,10,470(-10),,,,[東]鈴木伸尋,西田俊二,77.0,202005020504
5,3,5,アルファジップ,牝3,54,田辺裕信,1:26.9,アタマ,**,,,,,1-1,37.7,9.8,5,454(-2),,,,[東]伊藤圭三,グランド牧場,51.0,202005020504
6,2,3,ラッキーボーイ,牡3,56,嘉藤貴行,1:27.0,1/2,**,,,,,10-10,36.9,279.7,15,454(-4),,,,[東]佐藤吉勝,平本敏夫,,202005020504
7,8,15,デイオブサンダー,セ3,56,木幡巧也,1:27.1,1/2,**,,,,,8-8,37.2,29.5,8,466(+4),,,,[東]田中剛,ゴドルフィン,,202005020504
8,1,2,ゴールデンエポック,牡3,56,レーン,1:27.2,1/2,**,,,,,7-7,37.4,3.0,1,454(-4),,,,[東]栗田徹,ゴドルフィン,,202005020504
9,5,9,アルピニズム,牡3,56,Ｍ．デム,1:27.4,1.1/4,**,,,,,4-5,37.8,5.9,3,482(-10),,,,[東]金成貴史,吉田照哉,,202005020504
10,2,4,センノベステス,牡3,56,江田照男,1:27.4,ハナ,**,,,,,4-5,37.7,27.7,7,468(-6),,,,[東]南田美知,浅野正敏,,202005020504
11,6,11,ネオストーリー,牡3,56,石橋脩,1:27.4,クビ,**,,,,,13-12,37.2,7.4,4,452(0),,,,[東]林徹,藤澤眞佐子,,202005020504
12,7,13,ゼンダンロマン,牡3,56,横山典弘,1:28.0,3.1/2,**,,,,,16-16,37.1,30.5,9,456(0),,,,[東]藤原辰雄,渡邊善男,,202005020504
13,4,8,デルマベリル,牡3,56,武士沢友,1:28.5,3,**,,,,,10-13,38.1,211.3,14,450(+4),,,,[東]古賀史生,浅沼廣幸,,202005020504
14,6,12,ソルメンシス,牡3,56,野中悠太,1:28.5,クビ,**,,,,,13-14,38.0,104.7,12,480(-4),,,,[東]菊川正達,ディアレストクラブ,,202005020504
15,4,7,ヤマニンパジャッソ,牡3,56,伊藤工真,1:29.1,3.1/2,**,,,,,8-8,39.1,345.1,16,462(-6),,,,[東]蛯名利弘,土井肇,,202005020504
16,5,10,ゴラッソゴール,牡3,56,吉田豊,1:29.2,クビ,**,,,,,13-15,38.4,150.6,13,470(0),,,,[東]武市康男,東海林貴大,,202005020504
1,5,10,ビバヴィットーリオ,牡3,56,レーン,1:33.3,,**,,,,,1-1,35.1,3.8,2,510(0),,,,[東]戸田博文,平井裕,510.0,202005020505
2,7,14,コスモストライカー,牡3,54,津村明秀,1:33.9,4,**,,,,,3-2,35.3,4.6,3,478(-2),,,,[東]加藤士津,ビッグレッドファーム,200.0,202005020505
3,6,12,トキメキ,牝3,54,木幡巧也,1:34.2,1.3/4,**,,,,,3-2,35.7,5.9,4,478(0),,,,[東]斎藤誠,ミルファーム,130.0,202005020505
4,4,7,フジコウキ,牡3,56,伊藤工真,1:34.3,1/2,**,,,,,7-7,35.2,59.5,11,442(-10),,,,[東]大江原哲,荒木誠,77.0,202005020505
5,2,3,トゥゲザーアゲイン,牡3,56,江田照男,1:34.4,1/2,**,,,,,12-11,34.8,39.4,8,442(+4),,,,[東]伊藤伸一,グリーンスウォード,51.0,202005020505
6,4,8,パセオ,牡3,56,ルメール,1:34.4,ハナ,**,,,,,7-7,35.3,3.5,1,520(0),,,,[東]加藤征弘,ゴドルフィン,,202005020505
7,7,13,スピッツェンバーグ,牡3,56,横山武史,1:34.5,3/4,**,,,,,9-9,35.2,25.1,7,468(-2),,,,[東]武井亮,サンデーレーシング,,202005020505
8,2,4,ヴィーヴァメジロ,牡3,56,福永祐一,1:34.5,ハナ,**,,,,,9-9,35.2,22.7,6,470(-6),,,,[東]勢司和浩,芹澤精一,,202005020505
9,1,1,アイルショウユー,牝3,54,岩部純二,1:34.7,1.1/2,**,,,,,16-15,34.7,68.1,13,424(+8),,,,[東]岩戸孝樹,ミルファーム,,202005020505
10,8,16,ヤエノロータス,牡3,53,山田敬士,1:34.8,1/2,**,,,,,5-5,35.9,382.8,17,464(+2),,,,[東]天間昭一,柳田英子,,202005020505
11,1,2,メイショウカイコウ,牡3,56,大野拓弥,1:34.9,1/2,**,,,,,14-13,35.1,10.1,5,430(0),,,,[東]和田勇介,松本好雄,,202005020505
12,5,9,ツキサエル,牡3,54,木幡育也,1:35.4,3,**,,,,,9-11,35.8,44.7,9,412(-2),,,,[東]手塚貴久,星野壽市,,202005020505
13,6,11,オメガレイスター,牝3,54,野中悠太,1:35.5,クビ,**,,,,,5-5,36.7,163.5,16,408(0),,,,[東]上原博之,桜井牧場,,202005020505
14,3,5,バッハスピリッツ,牡3,56,武士沢友,1:35.6,1/2,**,,,,,12-13,35.8,460.4,18,430(-4),,,,[東]小桧山悟,小川敏夫,,202005020505
15,7,15,キタノポケット,牝3,54,嘉藤貴行,1:35.8,1.1/4,**,,,,,14-15,35.8,113.8,14,386(+10),,,,[東]深山雅史,北所直人,,202005020505
16,3,6,ハスキージュリー,牝3,54,吉田豊,1:36.0,1.1/2,**,,,,,16-17,35.8,60.3,12,444(0),,,,[東]土田稔,渡邊隆,,202005020505
17,8,18,プチジュラシック,牡3,56,藤井勘一,1:37.5,9,**,,,,,2-2,39.0,53.4,10,514(-2),,,,[東]宮田敬介,吉田和美,,202005020505
18,8,17,クラップユアハンズ,牝3,54,松田大作,1:37.9,2.1/2,**,,,,,18-18,37.1,115.4,15,446(0),,,,[東]菊川正達,岡田牧雄,,202005020505
1,5,7,キタノオクトパス,牡3,56,田辺裕信,1:37.6,,**,,,,,5-3,36.6,1.8,1,544(-2),,,,[東]高木登,北所直人,730.0,202005020506
2,3,4,ファイヴレター,牡3,54,木幡育也,1:37.7,3/4,**,,,,,6-6,36.5,72.6,10,444(0),,,,[東]佐藤吉勝,熊坂俊一,290.0,202005020506
3,4,5,ルコントブルー,牝3,54,ルメール,1:37.8,クビ,**,,,,,3-3,36.8,3.8,2,538(-6),,,,[東]勢司和浩,シルクレーシング,180.0,202005020506
4,8,13,リッターシュラーク,牡3,56,武士沢友,1:38.0,1.1/4,**,,,,,9-9,36.4,146.0,12,484(0),,,,[東]中川公成,西森功,110.0,202005020506
5,8,14,トミケンレゲンダ,牡3,56,石橋脩,1:38.1,3/4,**,,,,,7-6,36.8,7.0,3,472(+4),,,,[東]大和田成,冨樫賢二,73.0,202005020506
6,6,10,エメラルホープ,牡3,56,武豊,1:38.7,3.1/2,**,,,,,11-11,36.5,13.4,5,516(+4),,,,[東]相沢郁,高橋勉,,202005020506
7,5,8,キョウエイゴー,牡3,56,吉田豊,1:38.8,1/2,**,,,,,8-8,37.3,55.1,9,494(-6),,,,[東]萱野浩二,田中晴夫,,202005020506
8,7,12,ウインレゼルヴ,牡3,56,津村明秀,1:39.0,1,**,,,,,9-10,37.0,104.8,11,474(-4),,,,[東]奥平雅士,ウイン,,202005020506
9,2,2,クロッチ,セ3,56,野中悠太,1:39.0,クビ,**,,,,,3-5,37.9,39.4,7,444(-8),,,,[東]杉浦宏昭,リトルブルーファーム,,202005020506
10,3,3,ブレイクザボーダー,牡3,56,大野拓弥,1:39.1,クビ,**,,,,,2-2,38.2,150.6,13,470(-2),,,,[東]畠山吉宏,グランデオーナーズ,,202005020506
11,1,1,アコルドエール,牡3,56,横山武史,1:39.6,3,**,,,,,1-1,38.8,12.8,4,490(-4),,,,[東]中川公成,キャロットファーム,,202005020506
12,7,11,ニシノレオニダス,牡3,56,江田照男,1:40.0,2.1/2,**,,,,,13-13,37.3,21.9,6,502(-4),,,,[東]中舘英二,西山茂行,,202005020506
13,4,6,ガルナッチャ,牝3,54,横山典弘,1:40.3,1.3/4,**,,,,,13-14,37.2,43.5,8,426(-6),,,,[東]鹿戸雄一,チームユッキレーシング,,202005020506
14,6,9,フジヤマテキサス,牡3,56,藤井勘一,1:41.1,5,**,,,,,11-11,38.9,391.9,14,480(-4),,,,[東]根本康広,ＩＨＲ,,202005020506
1,8,9,レッドクーゲル,牡4,57,ルメール,2:28.4,,**,,,,,3-3-3-3,33.8,1.8,1,438(+2),,,,[東]尾関知人,東京ホースレーシング,760.0,202005020507
2,4,4,ナミブ,セ4,57,岩部純二,2:28.6,1.1/4,**,,,,,6-6-5-5,33.8,75.9,7,440(0),,,,[東]南田美知,ミルファーム,300.0,202005020507
3,1,1,ゾロ,牡4,57,武士沢友,2:28.7,1/2,**,,,,,7-7-8-7,33.7,16.4,5,464(+2),,,,[東]小手川準,北山敏隆,190.0,202005020507
4,7,7,ロゼフェニックス,牡5,54,山田敬士,2:28.7,クビ,**,,,,,5-5-5-5,33.9,22.1,6,434(+6),,,,[東]高橋義博,高橋信博,110.0,202005020507
5,5,5,グルファクシー,牝4,55,レーン,2:28.8,3/4,**,,,,,2-2-2-2,34.5,3.5,2,452(+4),,,,[東]堀宣行,Ｇ１レーシング,76.0,202005020507
6,6,6,アルスラーン,牡5,57,吉田豊,2:29.1,1.3/4,**,,,,,1-1-1-1,34.9,7.2,4,506(+4),,,,[東]小西一男,小泉修,,202005020507
7,3,3,ウインリベルタ,牡4,57,宮崎北斗,2:29.6,3,**,,,,,3-4-3-3,35.0,99.5,9,474(+2),,,,[東]青木孝文,ウイン,,202005020507
8,2,2,ロビンズソング,セ5,57,横山武史,2:29.8,1.1/4,**,,,,,9-8-7-7,34.8,7.0,3,524(+10),,,,[東]古賀慎明,吉田勝己,,202005020507
9,8,8,ドルフィンマーク,セ7,55,木幡育也,2:35.5,大,**,,,,,7-8-9-9,39.9,90.0,8,500(-4),,,,[東]柄崎孝,大塚亮一,,202005020507
1,1,1,カルリーノ,牡4,57,ルメール,1:20.4,,**,,,,,5-4,33.6,2.4,1,510(-4),,,,[東]高橋裕,Ｇリビエール・レーシング,"1,100.0",202005020508
2,6,8,ライバーバード,牡6,57,福永祐一,1:20.5,1/2,**,,,,,2-2,34.2,41.1,9,510(0),,,,[東]手塚貴久,馬場幸夫,440.0,202005020508
3,2,2,リリーバレロ,牝5,55,レーン,1:20.7,1.1/2,**,,,,,9-9,33.2,3.1,2,486(+26),,,,[東]堀宣行,キャロットファーム,280.0,202005020508
4,8,13,キタイ,牝4,55,武豊,1:20.9,1,**,,,,,1-1,35.0,11.7,5,514(+6),,,,[東]杉浦宏昭,西村憲人,170.0,202005020508
5,5,7,ランドルーラー,牡4,57,田辺裕信,1:21.1,1.1/4,**,,,,,6-6,34.1,6.6,3,504(-4),,,,[東]伊藤圭三,ゴドルフィン,110.0,202005020508
6,4,5,シルヴェーヌ,牝5,55,江田照男,1:21.3,1.1/2,**,,,,,3-3,34.7,144.6,11,454(-4),,,,[東]伊藤伸一,西田順彦,,202005020508
7,8,12,ディロス,セ5,57,津村明秀,1:21.5,1,**,,,,,8-7,34.1,19.0,6,510(-10),,,,[東]宮田敬介,シルクレーシング,,202005020508
8,5,6,ダノンハイパワー,牡6,57,横山典弘,1:21.6,1/2,**,,,,,12-12,33.5,24.9,7,514(0),,,,[東]菊沢隆徳,ダノックス,,202005020508
9,6,9,ヴォイスオブジョイ,牝4,55,横山武史,1:21.8,1.1/2,**,,,,,11-10,34.0,9.6,4,462(+4),,,,[東]水野貴広,サラブレッドクラブ・ラフィアン,,202005020508
10,4,4,トモジャファイブ,牡4,55,木幡育也,1:22.0,1.1/2,**,,,,,7-7,34.7,267.4,12,504(-2),,,,[東]鈴木伸尋,吉冨学,,202005020508
11,7,10,ネームユアポイズン,セ6,57,野中悠太,1:22.1,3/4,**,,,,,13-12,33.9,52.4,10,474(-6),,,,[東]黒岩陽一,シルクレーシング,,202005020508
12,7,11,レイデマー,牡5,54,山田敬士,1:22.2,クビ,**,,,,,9-10,34.4,280.5,13,510(0),,,,[東]小桧山悟,戸佐眞弓,,202005020508
13,3,3,ルマーカーブル,牡4,57,Ｍ．デム,1:22.5,2,**,,,,,3-4,35.7,24.9,8,520(-2),,,,[東]南田美知,伊達敏明,,202005020508
1,8,9,レッドフレイ,牡5,57,レーン,1:36.9,,**,,,,,2-2,35.6,1.5,1,468(-4),,,,[東]木村哲也,東京ホースレーシング,"1,841.0",202005020509
2,3,3,サンチェサピーク,牡6,57,ルメール,1:37.1,1.1/2,**,,,,,4-3,35.7,4.3,2,534(+2),,,,[東]加藤征弘,加藤ステーブル,736.0,202005020509
3,7,7,トラストロン,牝5,55,吉田豊,1:37.2,1/2,**,,,,,6-6,35.6,25.7,6,452(0),,,,[東]高橋文雅,菅波立知子,463.0,202005020509
4,7,8,オーヴォドーロ,牝5,55,大野拓弥,1:37.2,ハナ,**,,,,,3-3,35.8,63.7,8,470(+2),,,,[東]久保田貴,諸江幸祐,270.0,202005020509
5,8,10,バンブトンハート,牝4,55,田中勝春,1:37.2,アタマ,**,,,,,7-7,35.4,13.2,4,498(-6),,,,[東]粕谷昌央,樋口正蔵,182.0,202005020509
6,4,4,ビービーガウディ,牡6,57,柴田善臣,1:37.3,クビ,**,,,,,4-3,35.9,41.7,7,480(-4),,,,[東]久保田貴,坂東牧場,,202005020509
7,6,6,シベリウス,牡7,57,横山典弘,1:37.4,1/2,**,,,,,1-1,36.2,76.0,9,474(+4),,,,[東]藤原辰雄,浅田次郎,,202005020509
8,1,1,アフターバーナー,セ6,57,田辺裕信,1:37.5,3/4,**,,,,,8-7,35.6,7.4,3,514(0),,,,[東]伊藤圭三,ゴドルフィン,,202005020509
9,5,5,フィールザファラオ,牡5,57,石橋脩,1:37.9,2.1/2,**,,,,,10-9,35.8,13.2,5,470(0),,,,[東]岩戸孝樹,櫻井正,,202005020509
10,2,2,グッドラックサマー,牡6,57,木幡巧也,1:39.8,大,**,,,,,8-10,37.6,136.7,10,550(+2),,,,[東]尾形和幸,澤田孝之,,202005020509
1,8,10,ウラヌスチャーム,牝5,55,横山典弘,2:25.8,,**,,,,,1-1-1-1,33.6,12.5,6,506(+4),,,,[東]斎藤誠,Ｇ１レーシング,"2,625.2",202005020510
2,5,5,バレリオ,牡5,56,津村明秀,2:25.9,1/2,**,,,,,7-7-7-5,33.4,13.3,7,500(0),,,,[東]相沢郁,サンデーレーシング,"1,007.2",202005020510
3,3,3,タイセイトレイル,牡5,57,Ｍ．デム,2:25.9,クビ,**,,,,,11-11-5-2,33.5,5.6,3,496(-2),,,,[西]矢作芳人,田中成奉,653.6,202005020510
4,4,4,カウディーリョ,牡4,56,レーン,2:25.9,ハナ,**,,,,,5-4-5-5,33.4,4.7,2,454(-4),,,,[東]堀宣行,キャロットファーム,390.0,202005020510
5,2,2,オセアグレイト,牡4,56,野中悠太,2:26.0,1/2,**,,,,,5-6-7-8,33.3,3.4,1,486(+2),,,,[東]菊川正達,ＩＨＲ,260.0,202005020510
6,7,8,アイスバブル,牡5,57,藤井勘一,2:26.3,2,**,,,,,8-8-9-8,33.7,17.3,9,452(0),,,,[西]池江泰寿,金子真人ホールディングス,,202005020510
7,6,7,サトノクロニクル,牡6,57,福永祐一,2:26.4,クビ,**,,,,,2-2-2-2,34.1,11.0,5,470(+2),,,,[西]池江泰寿,サトミホースカンパニー,,202005020510
8,8,11,アドマイヤアルバ,セ5,56,吉田豊,2:26.4,ハナ,**,,,,,10-10-11-10,33.6,143.8,11,468(-4),,,,[西]須貝尚介,近藤旬子,,202005020510
9,7,9,レッドローゼス,牡6,57,ルメール,2:26.5,3/4,**,,,,,4-2-3-2,34.2,13.8,8,488(0),,,,[東]国枝栄,東京ホースレーシング,,202005020510
10,6,6,アフリカンゴールド,セ5,56,田辺裕信,2:26.6,クビ,**,,,,,2-4-3-5,34.1,6.1,4,464(-2),,,,[西]西園正都,ゴドルフィン,,202005020510
11,1,1,レイホーロマンス,牝7,54,武豊,2:26.8,1.1/4,**,,,,,8-8-9-11,33.8,35.9,10,426(+2),,,,[西]橋田満,永井啓弍,,202005020510
1,1,1,ビターエンダー,牡3,56,津村明秀,1:59.8,,**,,,,,3-3-3,33.5,3.9,2,464(0),,,,[東]相沢郁,ヒダカ・ブリーダーズ・ユニオン,"2,027.3",202005020511
2,2,2,ポタジェ,牡3,56,武豊,1:59.8,クビ,**,,,,,5-5-5,33.3,5.4,3,448(-2),,,,[西]友道康夫,金子真人ホールディングス,807.8,202005020511
3,3,3,ディアセオリー,牡3,56,大野拓弥,2:00.2,2.1/2,**,,,,,3-3-3,34.0,103.8,10,484(0),,,,[東]高木登,ディアレストクラブ,503.9,202005020511
4,5,5,ウシュバテソーロ,牡3,56,江田照男,2:00.5,1.1/2,**,,,,,10-10-10,33.5,59.4,8,508(0),,,,[東]高木登,了徳寺健二ホールディングス,300.0,202005020511
5,6,6,サトノフウジン,牡3,56,レーン,2:00.5,ハナ,**,,,,,2-2-2,34.4,2.7,1,462(-8),,,,[東]堀宣行,サトミホースカンパニー,200.0,202005020511
6,8,10,アリストテレス,牡3,56,福永祐一,2:00.9,2.1/2,**,,,,,5-5-5,34.4,6.3,4,454(-8),,,,[西]音無秀孝,近藤英子,,202005020511
7,4,4,マイネルブラシウス,牡3,56,横山武史,2:00.9,ハナ,**,,,,,8-7-7,34.1,25.3,7,468(-20),,,,[東]尾関知人,サラブレッドクラブ・ラフィアン,,202005020511
8,8,11,スマートクラージュ,牡3,56,藤井勘一,2:01.0,3/4,**,,,,,1-1-1,35.0,7.7,5,476(0),,,,[西]池江泰寿,大川徹,,202005020511
9,6,7,スレプトン,牡3,56,ルメール,2:01.2,1.1/4,**,,,,,8-7-7,34.4,11.3,6,452(-2),,,,[東]大和田成,社台レースホース,,202005020511
10,7,8,メイショウサンガ,牡3,56,横山典弘,2:02.2,6,**,,,,,7-7-7,35.4,102.3,9,496(-4),,,,[西]千田輝彦,松本好雄,,202005020511
11,7,9,アメリカンフェイス,牡3,56,吉田豊,2:02.2,ハナ,**,,,,,11-10-10,35.2,314.2,11,472(-2),,,,[東]戸田博文,吉澤克己,,202005020511
1,8,15,エピックアン,牡5,57,田辺裕信,1:24.0,,**,,,,,13-12,36.1,3.6,1,508(+6),,,,[東]大和田成,ＴＵＲＦレーシング,"1,100.0",202005020512
2,2,3,オルクリスト,牡4,57,横山典弘,1:24.5,3,**,,,,,16-16,36.0,5.0,3,482(-10),,,,[東]杉浦宏昭,日進牧場,440.0,202005020512
3,6,12,ホッコーライデン,牡6,57,松田大作,1:24.5,アタマ,**,,,,,9-9,36.7,19.3,7,528(-18),,,,[東]松永康利,北幸商事,280.0,202005020512
4,4,7,ミフトゥーロ,牝5,55,武士沢友,1:24.9,2.1/2,**,,,,,7-6,37.3,58.7,13,476(+2),,,,[東]堀井雅広,藤田在子,170.0,202005020512
5,4,8,コスモビスティー,牡5,57,野中悠太,1:24.9,クビ,**,,,,,10-9,37.1,56.8,12,484(+4),,,,[東]松山将樹,岡田繁幸,110.0,202005020512
6,5,9,ポートナイトサイト,牝5,55,Ｍ．デム,1:25.1,1,**,,,,,2-2,38.0,41.9,11,480(-6),,,,[東]伊藤大士,ライオンレースホース,,202005020512
7,1,1,シャインカメリア,牝5,55,吉田豊,1:25.1,クビ,**,,,,,1-1,38.1,20.6,8,472(-8),,,,[東]小野次郎,皆川博文,,202005020512
8,7,13,プレゼンス,セ6,57,レーン,1:25.2,クビ,**,,,,,14-14,37.0,3.8,2,490(0),,,,[東]田中博康,社台レースホース,,202005020512
9,1,2,ジャパンスウェプト,牡4,57,武豊,1:25.2,ハナ,**,,,,,7-6,37.6,25.0,9,438(+2),,,,[東]古賀慎明,新谷幸義,,202005020512
10,7,14,オレノマニラ,牡5,55,木幡育也,1:25.5,2,**,,,,,14-14,37.3,32.1,10,434(-2),,,,[東]土田稔,諸岡慶,,202005020512
11,3,6,マリノエクスプレス,牝5,55,横山武史,1:25.6,クビ,**,,,,,4-6,38.0,13.6,5,452(-2),,,,[東]古賀史生,矢野雅子,,202005020512
12,8,16,クリノキング,セ6,57,嘉藤貴行,1:25.9,1.3/4,**,,,,,10-13,37.8,273.7,16,476(+6),,,,[東]星野忍,栗本守,,202005020512
13,5,10,ゴールデンチョイス,牡4,57,藤井勘一,1:26.0,1/2,**,,,,,2-2,38.8,132.1,15,474(-4),,,,[東]武藤善則,田島榮二郎,,202005020512
14,2,4,ステイホット,牝4,55,江田照男,1:26.2,1.1/4,**,,,,,4-4,38.9,78.8,14,470(-4),,,,[東]杉浦宏昭,小林善一,,202005020512
15,6,11,モリトユウブ,牡5,57,木幡巧也,1:26.3,3/4,**,,,,,4-4,38.9,7.1,4,500(0),,,,[東]堀井雅広,吉川朋宏,,202005020512
16,3,5,スマートマルシェ,牝4,55,大野拓弥,1:26.5,3/4,**,,,,,10-9,38.7,19.1,6,484(+2),,,,[東]加藤征弘,大川徹,,202005020512
1,5,9,ディアコニア,牝3,54,レーン,1:26.6,,**,,,,,12-13,37.1,1.4,1,460(-2),,,,[東]古賀慎明,サンデーレーシング,510.0,202005020601
2,6,11,アイドルヲサガセ,牝3,54,田辺裕信,1:27.2,3.1/2,**,,,,,12-12,37.8,11.9,4,438(0),,,,[東]小西一男,福田光博,200.0,202005020601
3,8,15,ドライブラン,牝3,54,木幡巧也,1:27.3,1/2,**,,,,,6-7,38.4,46.4,8,474(+12),,,,[東]牧光二,岡村善行,130.0,202005020601
4,7,14,スローフード,牝3,54,田中勝春,1:27.4,クビ,**,,,,,10-9,38.3,15.3,5,446(+10),,,,[東]田島俊明,村野康司,77.0,202005020601
5,1,2,サイモンベラーノ,牝3,54,野中悠太,1:27.5,1/2,**,,,,,1-1,39.3,7.5,2,466(+2),,,,[東]根本康広,澤田昭紀,51.0,202005020601
6,2,3,ピュティ,牝3,54,武士沢友,1:27.6,3/4,**,,,,,14-14,37.9,170.6,13,430(0),,,,[東]深山雅史,武田茂男,,202005020601
7,8,16,レジーナクィーン,牝3,52,木幡育也,1:27.7,1/2,**,,,,,3-3,39.3,95.1,12,448(+4),,,,[東]土田稔,坂田行夫,,202005020601
8,2,4,スーリエドヴェール,牝3,54,柴田善臣,1:27.7,アタマ,**,,,,,4-4,39.0,88.8,11,490(-2),,,,[東]大江原哲,岡田牧雄,,202005020601
9,5,10,プーラン,牝3,54,津村明秀,1:27.9,3/4,**,,,,,10-10,38.6,23.7,7,482(0),,,,[東]清水英克,梶原哲朗,,202005020601
10,4,8,トーレスデルパイネ,牝3,54,岩部純二,1:27.9,クビ,**,,,,,2-2,39.6,9.4,3,466(-2),,,,[東]萱野浩二,ミルファーム,,202005020601
11,3,5,マープル,牝3,54,横山武史,1:28.6,4,**,,,,,9-7,39.7,53.4,9,442(0),,,,[東]萩原清,Ｇ１レーシング,,202005020601
12,7,13,セキトバ,牝3,54,吉田豊,1:28.9,1.3/4,**,,,,,6-4,40.3,62.0,10,510(-18),,,,[東]南田美知,鹽田久義,,202005020601
13,6,12,マリノスペクトル,牝3,51,山田敬士,1:29.3,2.1/2,**,,,,,4-4,40.7,328.3,15,470(+12),,,,[東]林徹,クラウン,,202005020601
14,3,6,ノボパニコ,牝3,54,江田照男,1:29.4,1/2,**,,,,,15-15,39.2,234.6,14,466(0),,,,[東]天間昭一,ＬＳ．Ｍ,,202005020601
15,4,7,ラブカワールド,牝3,54,藤井勘一,1:31.3,大,**,,,,,6-10,42.1,330.9,16,442(+18),,,,[東]蛯名利弘,増田陽一,,202005020601
中,1,1,スキャルドメール,牝3,54,横山典弘,,,**,,,,,,,21.4,6,446(0),,,,[東]杉浦宏昭,日進牧場,,202005020601
1,1,1,ストラテジーマップ,牡3,56,横山典弘,1:38.5,,**,,,,,13-13,35.4,5.9,3,494(-4),,,,[東]菊沢隆徳,社台レースホース,510.0,202005020602
2,5,7,ラグリマスネグラス,セ3,56,ルメール,1:39.1,3.1/2,**,,,,,3-3,37.5,1.8,1,546(-2),,,,[東]藤沢和雄,多田信尊,200.0,202005020602
3,4,5,ジュンハルト,牡3,56,津村明秀,1:39.2,3/4,**,,,,,5-5,37.3,3.9,2,454(-4),,,,[東]田中博康,河合純二,130.0,202005020602
4,8,13,ヴァリアントジョイ,牡3,56,石橋脩,1:39.4,1.1/4,**,,,,,1-1,38.2,11.8,4,460(0),,,,[東]畠山吉宏,ローレルレーシング,77.0,202005020602
5,7,12,シャイニングブルー,牡3,56,田辺裕信,1:39.5,1/2,**,,,,,10-7,37.1,21.9,6,508(0),,,,[東]国枝栄,嶋田賢,51.0,202005020602
6,5,8,キリシマダイオウ,牡3,56,武士沢友,1:39.6,3/4,**,,,,,12-11,36.9,39.4,8,474(+2),,,,[東]武市康男,西村新一郎,,202005020602
7,3,3,コンチサエッタ,牡3,56,藤井勘一,1:39.7,3/4,**,,,,,8-10,37.2,181.3,10,466(-6),,,,[東]勢司和浩,九十九章之,,202005020602
8,7,11,マカレナダンス,牡3,56,横山武史,1:39.8,クビ,**,,,,,2-2,38.5,15.2,5,476(+2),,,,[東]鈴木伸尋,京都ホースレーシング,,202005020602
9,8,14,フクサングレート,牡3,56,野中悠太,1:40.0,1.1/4,**,,,,,8-6,37.7,32.8,7,474(-4),,,,[東]田中剛,小沼博,,202005020602
10,6,10,ケンシ,牡3,56,木幡巧也,1:40.3,1.3/4,**,,,,,3-4,38.6,186.8,11,466(+2),,,,[東]黒岩陽一,鈴木芳夫,,202005020602
11,2,2,トキメキナイス,牡3,56,江田照男,1:40.5,1.1/4,**,,,,,11-11,37.7,41.6,9,458(-4),,,,[東]佐藤吉勝,片岡正雄,,202005020602
12,3,4,ペイシャオータム,牡3,53,山田敬士,1:41.4,5,**,,,,,5-7,39.0,396.7,14,450(-6),,,,[東]高橋義博,北所直人,,202005020602
13,4,6,フライングターン,牡3,56,田中勝春,1:43.7,大,**,,,,,14-14,39.1,242.5,12,432(-2),,,,[東]田島俊明,村野康司,,202005020602
14,6,9,ホークケプカ,牡3,56,吉田豊,1:44.0,1.3/4,**,,,,,5-7,41.6,362.3,13,478(+20),,,,[東]土田稔,永見貴昭,,202005020602
1,8,11,ケイティミラクル,牡3,56,柴田善臣,2:22.2,,**,,,,,4-4-3-3,34.0,14.4,4,496(0),,,,[東]小野次郎,瀧本和義,510.0,202005020603
2,7,9,フジマサヒーロー,牡3,56,野中悠太,2:22.2,クビ,**,,,,,2-2-2-2,34.3,77.1,8,478(-6),,,,[東]菊川正達,藤原正一,200.0,202005020603
3,8,10,エドノフェリーチェ,牝3,54,レーン,2:22.2,アタマ,**,,,,,6-7-7-6,33.7,4.7,2,448(+6),,,,[東]相沢郁,遠藤喜松,130.0,202005020603
4,6,7,マイネルエルガー,牡3,56,宮崎北斗,2:22.5,1.3/4,**,,,,,3-3-3-3,34.3,44.5,6,462(+2),,,,[東]畠山吉宏,サラブレッドクラブ・ラフィアン,77.0,202005020603
5,4,4,コスモタイシ,牡3,56,津村明秀,2:22.6,クビ,**,,,,,5-5-5-5,34.3,4.9,3,458(-8),,,,[東]高橋祥泰,岡田繁幸,51.0,202005020603
6,1,1,アースブレイブ,牡3,56,田中勝春,2:22.7,3/4,**,,,,,9-9-9-9,33.9,59.1,7,452(0),,,,[東]宗像義忠,松山増男,,202005020603
7,6,6,リアム,牡3,56,ルメール,2:22.8,クビ,**,,,,,10-10-10-9,34.0,1.5,1,520(0),,,,[東]萩原清,サンデーレーシング,,202005020603
8,7,8,エキスパート,牝3,54,横山武史,2:22.8,クビ,**,,,,,6-7-7-6,34.3,15.1,5,456(-8),,,,[東]小手川準,京都ホースレーシング,,202005020603
9,5,5,フェスティヴスーリ,牡3,53,山田敬士,2:22.8,ハナ,**,,,,,1-1-1-1,35.0,183.5,10,470(0),,,,[東]天間昭一,臼井義太郎,,202005020603
10,2,2,ウインエアフォルク,牡3,53,小林脩斗,2:22.8,ハナ,**,,,,,6-5-5-6,34.4,164.6,9,456(+6),,,,[東]奥平雅士,ウイン,,202005020603
11,3,3,モアナグレイス,牝3,54,木幡巧也,2:24.4,10,**,,,,,11-11-10-11,35.4,256.3,11,416(+6),,,,[東]和田雄二,日下幸徳,,202005020603
1,2,2,ヤシャマル,牡3,56,レーン,1:47.2,,**,,,,,5-3-2,34.1,1.9,1,484(0),,,,[東]尾形和幸,高橋文男,510.0,202005020604
2,5,6,サトノレグルス,牡3,56,野中悠太,1:47.9,4,**,,,,,13-12-12,33.5,14.8,4,506(0),,,,[東]宮田敬介,サトミホースカンパニー,200.0,202005020604
3,1,1,エナミルク,牝3,54,木幡巧也,1:48.0,3/4,**,,,,,1-1-1,35.1,27.0,6,488(+6),,,,[東]伊藤大士,宮原廣伸,130.0,202005020604
4,7,10,ロードウィリアム,牡3,56,田辺裕信,1:48.1,1/2,**,,,,,2-2-2,35.0,5.9,3,448(+6),,,,[東]高柳瑞樹,ロードホースクラブ,77.0,202005020604
5,4,5,マイネルチェスト,牡3,56,横山武史,1:48.2,3/4,**,,,,,6-4-4,34.9,17.3,5,458(-14),,,,[東]国枝栄,サラブレッドクラブ・ラフィアン,51.0,202005020604
6,8,13,モーソンピーク,牡3,56,ルメール,1:48.3,1/2,**,,,,,11-10-9,34.1,2.8,2,504(+16),,,,[東]国枝栄,シルクレーシング,,202005020604
7,6,8,ヌンシーズ,牡3,56,武士沢友,1:48.9,3.1/2,**,,,,,9-7-6,35.2,215.7,10,428(+2),,,,[東]清水英克,ヌンクラブ,,202005020604
8,6,9,ニシノコルレオーネ,セ3,56,津村明秀,1:49.0,1/2,**,,,,,12-12-11,34.7,91.3,9,450(0),,,,[東]手塚貴久,西山茂行,,202005020604
9,4,4,トレベーラ,牝3,54,藤井勘一,1:49.1,クビ,**,,,,,7-6-6,35.4,263.2,12,482(+2),,,,[東]水野貴広,田上雅春,,202005020604
10,3,3,シャドウパイレーツ,牡3,54,木幡育也,1:49.3,1.1/4,**,,,,,3-4-4,35.9,70.7,7,488(0),,,,[東]勢司和浩,飯塚知一,,202005020604
11,7,11,シングンジュリア,牝3,54,江田照男,1:49.7,2.1/2,**,,,,,7-7-6,36.0,227.0,11,450(-10),,,,[東]大江原哲,伊坂重憲,,202005020604
12,5,7,トリッタウ,牝3,54,吉田豊,1:50.5,5,**,,,,,10-10-9,36.3,301.1,13,470(+6),,,,[東]水野貴広,ディアレストクラブ,,202005020604
中,8,12,ブランニューウェイ,牝3,54,柴田善臣,,,**,,,,,3-7,,72.7,8,456(0),,,,[東]中舘英二,ノルマンディーサラブレッドレーシング,,202005020604
1,4,4,フランジヴェント,牝3,54,Ｍ．デム,1:21.2,,**,,,,,11-11,32.9,9.5,5,472(-2),,,,[東]金成貴史,吉田勝己,730.0,202005020605
2,6,7,モーベット,牝3,54,ルメール,1:21.2,アタマ,**,,,,,9-8,33.0,3.2,2,464(+6),,,,[東]藤沢和雄,シルクレーシング,290.0,202005020605
3,2,2,セイウンパワフル,牡3,56,田辺裕信,1:21.4,1.1/4,**,,,,,1-1,33.9,6.4,3,468(-6),,,,[東]斎藤誠,西山茂行,180.0,202005020605
4,7,9,レッドライデン,牡3,56,レーン,1:21.4,クビ,**,,,,,3-2,33.7,2.2,1,486(0),,,,[東]鹿戸雄一,東京ホースレーシング,110.0,202005020605
5,8,10,グルアーブ,牝3,54,武豊,1:21.8,2.1/2,**,,,,,5-5,33.8,7.5,4,420(-2),,,,[東]林徹,ノルマンディーサラブレッドレーシング,73.0,202005020605
6,8,11,グローサーベア,セ3,56,横山武史,1:22.0,1.1/4,**,,,,,5-5,34.0,32.4,6,468(+2),,,,[東]矢野英一,社台レースホース,,202005020605
7,7,8,スウィートメリナ,牝3,54,野中悠太,1:22.0,クビ,**,,,,,8-8,33.8,141.7,11,424(0),,,,[東]菊川正達,岡田牧雄,,202005020605
8,5,5,ネバーランド,牡3,56,木幡巧也,1:22.4,2.1/2,**,,,,,2-2,34.7,62.6,8,418(-12),,,,[東]岩戸孝樹,田頭勇貴,,202005020605
9,6,6,スズノヤマト,牡3,56,武士沢友,1:22.6,1.1/4,**,,,,,9-8,34.4,77.3,9,460(0),,,,[東]高橋裕,小紫嘉之,,202005020605
10,3,3,ブライティアランド,牝3,54,横山典弘,1:22.7,1/2,**,,,,,7-5,34.7,38.5,7,462(0),,,,[東]武井亮,小林昌志,,202005020605
11,1,1,テリオスヒメ,牝3,54,大野拓弥,1:23.4,4,**,,,,,3-2,35.6,118.0,10,436(-12),,,,[東]田島俊明,鈴木美江子,,202005020605
1,8,16,ジョガールボニート,牡4,57,大野拓弥,1:17.8,,**,,,,,4-4,36.0,15.5,5,468(+6),,,,[東]相沢郁,高瀬真尚,760.0,202005020606
2,8,15,コマノゼニト,牡4,57,田辺裕信,1:17.9,3/4,**,,,,,7-6,35.9,1.9,1,480(0),,,,[東]伊藤圭三,長谷川芳信,300.0,202005020606
3,1,2,ディナミーデン,牡5,57,津村明秀,1:18.2,1.3/4,**,,,,,9-9,35.9,17.2,6,472(-6),,,,[東]田島俊明,ライオンレースホース,190.0,202005020606
4,3,6,セイウンデルレイ,牡5,57,江田照男,1:18.2,ハナ,**,,,,,1-1,36.9,10.8,4,504(+8),,,,[東]深山雅史,西山茂行,110.0,202005020606
5,2,3,バットオールソー,牡5,57,石橋脩,1:18.3,3/4,**,,,,,7-6,36.3,18.2,7,466(-6),,,,[東]大和田成,久保田定,76.0,202005020606
6,7,14,アイムソーグレイト,牡4,57,柴田善臣,1:18.4,1/2,**,,,,,2-2,36.9,98.8,12,466(+2),,,,[東]藤原辰雄,平井裕,,202005020606
7,4,7,ファインダッシュ,牡8,57,田中勝春,1:18.5,3/4,**,,,,,16-16,34.7,4.5,2,510(-6),,,,[東]的場均,井山登,,202005020606
8,4,8,ダブルスプリット,牡6,57,松田大作,1:18.7,1.1/4,**,,,,,9-9,36.4,71.7,11,488(+2),,,,[東]上原博之,椎名節,,202005020606
9,6,11,エルピド,牡4,55,木幡育也,1:19.0,1.1/2,**,,,,,9-9,36.7,67.5,10,464(-10),,,,[東]清水英克,ディアレストクラブ,,202005020606
10,5,10,タマモキャペリン,牝4,55,横山武史,1:19.1,1/2,**,,,,,5-4,37.3,7.0,3,458(0),,,,[東]水野貴広,タマモ,,202005020606
11,5,9,フレンドアリス,牝5,55,吉田豊,1:19.3,1.1/2,**,,,,,13-12,36.7,51.3,8,462(-2),,,,[東]南田美知,横尾晴人,,202005020606
12,6,12,ロンリーウェイ,牡4,57,木幡巧也,1:19.4,1/2,**,,,,,14-14,36.6,194.1,14,478(-6),,,,[東]田島俊明,小原準一郎,,202005020606
13,7,13,マーチャンスルー,牝4,52,山田敬士,1:19.6,1.1/2,**,,,,,12-12,37.0,300.4,15,432(-2),,,,[東]堀井雅広,庄司修二,,202005020606
14,2,4,セイクリッドサン,牡4,57,藤井勘一,1:19.9,1.3/4,**,,,,,2-2,38.4,65.8,9,452(0),,,,[東]武藤善則,高橋文男,,202005020606
15,1,1,ジュンノサップ,牡4,57,野中悠太,1:20.5,3.1/2,**,,,,,5-6,38.4,105.5,13,478(+2),,,,[東]畠山吉宏,河合純二,,202005020606
16,3,5,レッツゴーゲレイロ,セ5,57,岩部純二,1:21.7,7,**,,,,,15-15,38.2,408.7,16,438(-4),,,,[東]天間昭一,西村新一郎,,202005020606
1,8,12,リバーシブルレーン,牡4,57,大野拓弥,1:38.5,,**,,,,,5-4,36.0,10.7,4,436(-2),,,,[東]高木登,吉田照哉,760.0,202005020607
2,8,11,グロリアスホープ,牡4,57,石橋脩,1:38.5,クビ,**,,,,,3-2,36.2,2.8,2,504(+2),,,,[東]矢野英一,ターフ・スポート,300.0,202005020607
3,2,2,ロードリッチ,牡4,57,武豊,1:38.5,アタマ,**,,,,,5-4,36.0,2.4,1,514(-16),,,,[東]久保田貴,宇田豊,190.0,202005020607
4,7,10,キュアン,セ4,57,伊藤工真,1:38.8,1.3/4,**,,,,,8-7,36.1,7.4,3,502(+2),,,,[東]林徹,松谷翔太,110.0,202005020607
5,5,5,リネンコジーン,牡5,57,吉田豊,1:39.4,3.1/2,**,,,,,9-9,36.3,161.4,10,494(0),,,,[東]南田美知,戸山光男,76.0,202005020607
6,5,6,クラウンクラシック,牡5,57,田辺裕信,1:39.4,クビ,**,,,,,4-4,36.9,23.3,7,482(-12),,,,[東]菊川正達,矢野恭裕,,202005020607
7,3,3,クリノクーニング,牡5,57,江田照男,1:39.6,1.1/4,**,,,,,11-11,36.2,11.1,5,456(-2),,,,[東]伊藤伸一,栗本博晴,,202005020607
8,6,7,ココロノイコロ,牡5,54,山田敬士,1:39.8,1.1/4,**,,,,,1-1,37.7,48.4,9,456(-4),,,,[東]高橋義博,海谷幸司,,202005020607
9,7,9,ビービーデフィ,セ5,57,藤井勘一,1:39.9,1/2,**,,,,,2-2,37.6,16.2,6,494(-8),,,,[東]小笠倫弘,坂東牧場,,202005020607
10,1,1,デルマエトワール,牝4,55,武士沢友,1:41.0,7,**,,,,,9-9,37.9,265.8,11,482(-2),,,,[東]堀井雅広,浅沼廣幸,,202005020607
11,4,4,ゴー,牡4,57,木幡巧也,1:41.3,1.3/4,**,,,,,7-7,38.6,34.5,8,504(+4),,,,[東]伊藤伸一,グリーンスウォード,,202005020607
12,6,8,フレンドカグラ,牝6,53,木幡育也,1:41.7,2.1/2,**,,,,,11-12,38.2,361.8,12,482(+2),,,,[東]南田美知,横尾晴人,,202005020607
1,8,9,ルヴォルグ,牡4,57,ルメール,1:59.7,,**,,,,,2-2-2,34.5,1.9,1,542(+18),,,,[東]藤沢和雄,フクキタル,"1,100.0",202005020608
2,4,4,デュアライズ,牡4,57,武豊,1:59.9,1.1/4,**,,,,,9-9-9,33.5,3.8,2,446(-4),,,,[東]中舘英二,高橋文男,440.0,202005020608
3,5,5,アーチキング,セ7,57,レーン,1:59.9,アタマ,**,,,,,7-5-5,34.3,4.8,3,518(-6),,,,[東]木村哲也,シルクレーシング,280.0,202005020608
4,3,3,マイネルズイーガー,牡6,57,横山武史,2:00.0,クビ,**,,,,,1-1-1,35.0,18.3,6,520(+6),,,,[東]武藤善則,サラブレッドクラブ・ラフィアン,170.0,202005020608
5,6,6,ツクバソヴァール,牡4,57,大野拓弥,2:00.1,3/4,**,,,,,3-3-4,34.8,54.4,7,486(-2),,,,[東]杉浦宏昭,細谷武史,110.0,202005020608
6,8,8,ジョブックコメン,牝5,52,山田敬士,2:00.3,1.1/4,**,,,,,4-3-2,35.1,9.6,4,430(+2),,,,[東]小桧山悟,萩本企画,,202005020608
7,2,2,フラテルニテ,牝4,55,吉田豊,2:00.4,クビ,**,,,,,5-5-5,34.8,148.7,8,510(0),,,,[東]戸田博文,北嶋義三,,202005020608
8,1,1,クリノオスマン,セ6,57,Ｍ．デム,2:01.0,3.1/2,**,,,,,8-7-7,34.9,12.5,5,452(-2),,,,[東]伊藤伸一,栗本博晴,,202005020608
9,7,7,スワンボート,牡10,57,岩部純二,2:02.2,7,**,,,,,6-7-7,36.1,492.8,9,500(-2),,,,[東]浅野洋一,田頭勇貴,,202005020608
1,3,5,ゴールドギア,牡5,55,田辺裕信,2:23.8,,**,,,,,13-13-7-6,33.8,10.3,5,480(-4),,,,[東]伊藤圭三,有馬博文,"1,853.6",202005020609
2,6,12,ダイワダグラス,牡4,55,ルメール,2:24.0,1,**,,,,,2-2-2-2,34.7,5.0,3,504(-2),,,,[東]鹿戸雄一,大城敬三,739.6,202005020609
3,5,10,ベイビーステップ,牡6,55,福永祐一,2:24.2,1,**,,,,,1-1-1-1,35.2,43.7,10,490(-6),,,,[東]菊川正達,大塚亮一,464.8,202005020609
4,1,2,サトノラディウス,牡4,56,大野拓弥,2:24.4,1.1/4,**,,,,,11-12-13-13,33.8,6.6,4,484(-6),,,,[東]国枝栄,サトミホースカンパニー,270.0,202005020609
5,3,6,ヒシゲッコウ,牡4,55,レーン,2:24.6,1.1/2,**,,,,,5-5-5-5,34.8,2.8,1,496(+12),,,,[東]堀宣行,阿部雅英,182.0,202005020609
6,6,11,ノチェブランカ,牝5,53,Ｍ．デム,2:24.7,3/4,**,,,,,9-8-5-6,34.7,31.3,8,472(+10),,,,[東]国枝栄,吉田勝己,,202005020609
7,4,8,エストスペリオル,牡5,54,石橋脩,2:24.7,ハナ,**,,,,,3-3-3-3,35.3,65.8,11,458(+2),,,,[東]堀宣行,社台レースホース,,202005020609
8,7,14,ミッキーバード,牡5,54,横山典弘,2:24.9,1.1/4,**,,,,,3-3-3-3,35.5,34.3,9,528(-2),,,,[東]尾関知人,野田みづき,,202005020609
9,1,1,シークレットラン,牡4,55,武豊,2:24.9,ハナ,**,,,,,7-6-7-6,35.0,4.4,2,502(0),,,,[東]田村康仁,亀井哲也,,202005020609
10,7,13,ブラックプラチナム,牡7,55,横山武史,2:25.1,1,**,,,,,5-6-7-10,34.7,22.9,6,502(-8),,,,[東]栗田徹,吉田勝己,,202005020609
11,4,7,マイネルカレッツァ,牡8,54,木幡巧也,2:25.1,アタマ,**,,,,,7-8-10-12,34.6,153.3,14,516(+12),,,,[東]加藤士津,サラブレッドクラブ・ラフィアン,,202005020609
12,2,3,グランドサッシュ,牡9,53,野中悠太,2:25.1,クビ,**,,,,,11-10-10-9,34.9,220.7,15,470(-4),,,,[東]武市康男,シルクレーシング,,202005020609
13,2,4,ネイビーブルー,牡7,53,吉田豊,2:25.4,2,**,,,,,14-14-14-13,34.7,87.0,13,516(+6),,,,[東]戸田博文,青芝商事,,202005020609
14,8,15,ワセダインブルー,牡5,54,原田和真,2:25.5,1/2,**,,,,,9-10-10-10,35.1,67.3,12,446(+2),,,,[東]金成貴史,大冨智弘,,202005020609
15,8,16,マイネルキラメキ,牡5,54,藤井勘一,2:25.9,2.1/2,**,,,,,15-15-15-15,35.0,260.2,16,438(+4),,,,[東]和田雄二,サラブレッドクラブ・ラフィアン,,202005020609
中,5,9,グレンガリー,セ5,54,津村明秀,,,**,,,,,,,23.7,7,432(-8),,,,[東]萩原清,吉田勝己,,202005020609
1,2,4,エルデュクラージュ,セ6,54,ルメール,2:10.1,,**,,,,,4-3-2-3,36.5,4.6,3,502(0),,,,[西]池添学,キャロットファーム,"2,334.3",202005020610
2,8,16,マスターフェンサー,牡4,56,福永祐一,2:10.1,クビ,**,,,,,6-6-6-6,36.2,4.4,2,488(-4),,,,[西]角田晃一,吉澤克己,929.8,202005020610
3,5,10,サトノティターン,牡7,58,レーン,2:10.2,1/2,**,,,,,9-10-9-8,36.0,3.1,1,586(-2),,,,[東]堀宣行,里見治紀,584.9,202005020610
4,8,15,メイプルブラザー,牡6,54,田中勝春,2:10.6,2.1/2,**,,,,,8-8-8-7,36.5,62.5,9,506(-4),,,,[西]清水久詞,節英司,350.0,202005020610
5,4,8,サトノプライム,牡6,54,柴田善臣,2:10.9,1.3/4,**,,,,,15-15-16-15,35.9,47.0,8,500(+4),,,,[西]南井克巳,サトミホースカンパニー,230.0,202005020610
6,5,9,プリンシアコメータ,牝7,55,武豊,2:11.0,1/2,**,,,,,1-2-2-2,37.5,10.0,6,490(-3),,,,[東]矢野英一,芳川貴行,,202005020610
7,3,6,コマビショウ,牡5,55,石橋脩,2:11.0,クビ,**,,,,,12-11-11-12,36.5,7.9,4,492(-6),,,,[西]南井克巳,小林一成,,202005020610
8,6,11,クロスケ,牡5,55,田辺裕信,2:11.3,1.3/4,**,,,,,10-9-9-10,37.0,86.7,12,452(+4),,,,[東]水野貴広,助川啓一,,202005020610
9,3,5,ジョーダンキング,牡7,55,松田大作,2:11.3,アタマ,**,,,,,11-11-11-10,37.0,18.2,7,496(+6),,,,[西]藤原英昭,廣崎利洋ＨＤ,,202005020610
10,4,7,メイショウエイコウ,牡6,53,江田照男,2:11.4,クビ,**,,,,,16-15-14-13,36.6,160.3,15,450(+2),,,,[西]荒川義之,松本好雄,,202005020610
11,1,1,ホーリーブレイズ,牡6,55,大野拓弥,2:11.4,クビ,**,,,,,13-13-13-13,36.7,75.6,11,472(-6),,,,[西]高柳大輔,村上憲政,,202005020610
12,6,12,フェニックスマーク,牡6,55,吉田豊,2:11.6,1.1/4,**,,,,,2-3-2-3,37.9,87.6,13,544(-10),,,,[東]田島俊明,伊東純一,,202005020610
13,7,14,ルールソヴァール,セ8,56,野中悠太,2:11.8,1.1/4,**,,,,,4-5-5-3,38.1,309.5,16,508(+6),,,,[東]高木登,ノルマンディーサラブレッドレーシング,,202005020610
14,1,2,アングライフェン,牡8,57,Ｍ．デム,2:13.0,7,**,,,,,2-1-1-1,39.6,9.7,5,490(-2),,,,[西]安田隆行,前田幸治,,202005020610
15,2,3,ジェシー,牡5,54,横山武史,2:13.8,5,**,,,,,6-6-6-8,39.6,64.6,10,482(-6),,,,[西]石坂公一,キャロットファーム,,202005020610
16,7,13,ナムラアラシ,牡7,56,木幡巧也,2:13.9,クビ,**,,,,,14-14-15-15,38.9,137.6,14,534(+6),,,,[西]牧田和弥,奈村信重,,202005020610
1,6,11,ラウダシオン,牡3,57,Ｍ．デム,1:32.5,,**,,,,,2-2,34.4,29.6,9,494(0),,,,[西]斉藤崇史,シルクレーシング,"10,886.4",202005020611
2,2,3,レシステンシア,牝3,55,ルメール,1:32.7,1.1/2,**,,,,,1-1,34.7,3.0,1,476(-6),,,,[西]松下武士,キャロットファーム,"4,310.4",202005020611
3,3,6,ギルデッドミラー,牝3,55,福永祐一,1:32.8,3/4,**,,,,,6-5,34.2,19.0,6,468(0),,,,[西]松永幹夫,シルクレーシング,"2,655.2",202005020611
4,1,2,タイセイビジョン,牡3,57,石橋脩,1:32.8,ハナ,**,,,,,3-3,34.5,4.9,2,468(-6),,,,[西]西村真幸,田中成奉,"1,600.0",202005020611
5,7,14,ルフトシュトローム,牡3,57,レーン,1:33.0,1.1/4,**,,,,,15-14,34.0,5.9,4,482(0),,,,[東]堀宣行,サンデーレーシング,"1,050.0",202005020611
6,3,5,シャインガーネット,牝3,55,田辺裕信,1:33.1,アタマ,**,,,,,8-5,34.5,20.6,7,464(+4),,,,[東]栗田徹,山口功一郎,,202005020611
7,8,18,ウイングレイテスト,牡3,57,横山武史,1:33.1,ハナ,**,,,,,18-18,33.7,27.0,8,486(-4),,,,[東]青木孝文,ウイン,,202005020611
8,5,9,ラインベック,牡3,57,武士沢友,1:33.1,ハナ,**,,,,,8-5,34.6,54.0,11,468(-8),,,,[西]友道康夫,金子真人ホールディングス,,202005020611
9,6,12,ボンオムトゥック,牝3,55,田中勝春,1:33.4,1.3/4,**,,,,,6-5,34.9,63.9,12,450(0),,,,[西]高橋亮,窪田芳郎,,202005020611
10,7,15,ソウルトレイン,牡3,57,藤井勘一,1:33.5,1/2,**,,,,,12-14,34.5,177.6,15,462(-2),,,,[西]西村真幸,安原浩司,,202005020611
11,4,7,メイショウチタン,牡3,57,吉田豊,1:33.5,アタマ,**,,,,,10-10,34.7,338.1,18,454(-2),,,,[西]本田優,松本好雄,,202005020611
12,8,16,ストーンリッジ,牡3,57,松田大作,1:33.5,アタマ,**,,,,,3-3,35.2,107.7,13,456(0),,,,[西]藤原英昭,金子真人ホールディングス,,202005020611
13,8,17,サトノインプレッサ,牡3,57,武豊,1:33.7,1.1/4,**,,,,,17-14,34.7,5.1,3,482(-6),,,,[西]矢作芳人,サトミホースカンパニー,,202005020611
14,4,8,サクセッション,牡3,57,横山典弘,1:33.8,1/2,**,,,,,10-10,35.1,12.0,5,514(+4),,,,[東]国枝栄,キャロットファーム,,202005020611
15,2,4,プリンスリターン,牡3,57,原田和真,1:33.9,1/2,**,,,,,3-5,35.4,32.0,10,450(0),,,,[西]加用正,コスモヴューファーム,,202005020611
16,1,1,シャチ,牡3,57,木幡育也,1:34.1,1.1/4,**,,,,,12-13,35.2,262.3,16,456(0),,,,[東]小桧山悟,中村勝彦,,202005020611
17,5,10,ハーモニーマゼラン,牡3,57,大野拓弥,1:34.3,1.1/4,**,,,,,12-10,35.5,130.8,14,510(-6),,,,[東]牧光二,日下部勝徳,,202005020611
18,7,13,ニシノストーム,牡3,57,江田照男,1:34.7,2.1/2,**,,,,,15-17,35.4,305.0,17,486(-6),,,,[東]杉浦宏昭,西山茂行,,202005020611
1,7,10,パイロキネシスト,牡8,57,横山典弘,1:36.7,,**,,,,,1-1,36.7,33.0,9,496(0),,,,[東]藤原辰雄,平井裕,"1,532.9",202005020612
2,6,9,ダイワドノヴァン,牡6,57,野中悠太,1:36.7,ハナ,**,,,,,3-3,36.5,9.7,5,532(-4),,,,[東]池上昌和,大城敬三,609.4,202005020612
3,5,6,セイヴァリアント,牡4,57,横山武史,1:36.9,1,**,,,,,12-12,35.8,3.3,2,498(-8),,,,[東]中川公成,金田成基,384.7,202005020612
4,1,1,エンドーツダ,牝4,55,田辺裕信,1:37.1,1.1/2,**,,,,,6-7,36.6,8.8,4,448(+2),,,,[東]萱野浩二,望月雅博,230.0,202005020612
5,7,11,プレトリア,セ5,57,大野拓弥,1:37.2,3/4,**,,,,,6-5,36.8,18.4,8,466(+6),,,,[東]中川公成,多田賢司,150.0,202005020612
6,5,7,シャドウセッション,牡4,57,ルメール,1:37.3,1/2,**,,,,,5-5,36.9,3.3,1,514(-6),,,,[東]鹿戸雄一,飯塚知一,,202005020612
7,6,8,オンザウェイ,牡4,57,木幡巧也,1:37.4,1/2,**,,,,,6-9,36.7,34.1,10,528(0),,,,[東]大和田成,久保田定,,202005020612
8,2,2,シセイタケル,牡5,57,吉田豊,1:37.4,ハナ,**,,,,,11-9,36.7,7.9,3,476(-2),,,,[東]高橋文雅,猪苗代勇,,202005020612
9,8,12,ペイシャムートン,牡4,57,江田照男,1:37.5,クビ,**,,,,,3-3,37.2,17.2,7,528(-4),,,,[東]小笠倫弘,北所直人,,202005020612
10,4,4,キャベンディッシュ,牡5,57,山田敬士,1:37.5,クビ,**,,,,,13-13,36.1,75.3,13,510(-10),,,,[東]小桧山悟,本杉芳郎,,202005020612
11,4,5,ミスパイロ,牝6,55,木幡育也,1:37.8,2,**,,,,,10-9,37.1,49.6,12,490(+2),,,,[東]小野次郎,村田哲朗,,202005020612
12,8,13,シンコーマーチャン,牡6,57,Ｍ．デム,1:38.4,3.1/2,**,,,,,2-2,38.3,11.3,6,506(-4),,,,[東]土田稔,豊原正嗣,,202005020612
13,3,3,マックスアン,牡4,57,藤井勘一,1:39.3,5,**,,,,,6-7,38.8,47.1,11,470(0),,,,[東]大和田成,ＴＵＲＦレーシング,,202005020612
1,4,8,ナーラック,牝3,52,木幡育也,1:26.2,,**,,,,,5-4,38.2,7.6,4,440(-4),,,,[東]柄崎孝,辻牧場,510.0,202005020701
2,4,7,チャームインレース,牝3,54,三浦皇成,1:26.6,2.1/2,**,,,,,7-7,38.4,5.4,3,478(-8),,,,[東]中川公成,高橋明裕,200.0,202005020701
3,3,6,デルマクリスタル,牝3,54,畑端省吾,1:27.2,4,**,,,,,7-7,39.0,2.0,1,458(-4),,,,[東]堀井雅広,浅沼廣幸,130.0,202005020701
4,8,15,エクメディノツルギ,牝3,54,内田博幸,1:27.6,2.1/2,**,,,,,3-2,39.8,184.4,14,424(0),,,,[東]深山雅史,橋本慎太郎,77.0,202005020701
5,7,13,テイエムビーナス,牝3,54,吉田豊,1:27.8,1.1/4,**,,,,,9-9,39.2,130.8,13,480(0),,,,[東]加藤和宏,竹園正繼,51.0,202005020701
6,8,16,セイプレシャス,牝3,54,武藤雅,1:27.9,クビ,**,,,,,12-9,39.3,217.7,15,430(+10),,,,[東]浅野洋一,金田成基,,202005020701
7,3,5,カラーズオブラヴ,牝3,54,武士沢友,1:27.9,クビ,**,,,,,1-1,40.2,22.3,6,464(+8),,,,[東]和田勇介,グリーンスウォード,,202005020701
8,6,12,ニットウムギ,牝3,54,柴田善臣,1:27.9,ハナ,**,,,,,10-12,39.1,51.4,9,446(0),,,,[東]高橋文雅,日東牧場,,202005020701
9,5,9,ショウイモン,牝3,54,木幡巧也,1:28.4,3,**,,,,,12-12,39.5,64.1,12,424(+2),,,,[東]松山将樹,井門敏雄,,202005020701
10,2,4,ロマーシカ,牝3,54,石橋脩,1:28.4,クビ,**,,,,,4-4,40.4,13.7,5,456(+2),,,,[東]池上昌和,シルクレーシング,,202005020701
11,7,14,クイーンオラトリオ,牝3,54,江田照男,1:29.1,4,**,,,,,15-15,38.0,57.5,10,498(0),,,,[東]清水英克,ユートピア牧場,,202005020701
12,2,3,オーラソラーレ,牝3,54,Ｍ．デム,1:29.2,1/2,**,,,,,2-2,41.5,5.3,2,454(-14),,,,[東]和田雄二,吉田千津,,202005020701
13,1,2,ニシノカテリーナ,牝3,54,野中悠太,1:29.2,クビ,**,,,,,10-11,40.5,31.8,7,452(+8),,,,[東]伊藤大士,西山茂行,,202005020701
14,1,1,ホウオウエンジェル,牝3,54,大野拓弥,1:29.3,クビ,**,,,,,5-4,41.3,58.8,11,454(-2),,,,[東]高木登,小笹芳央,,202005020701
15,6,11,ミサトアンバー,牝3,54,伊藤工真,1:32.2,大,**,,,,,14-14,42.2,313.2,16,436(-2),,,,[東]小桧山悟,戸部政彦,,202005020701
中,5,10,ミネルバ,牝3,54,和田竜二,,,**,,,,,,,45.4,8,446(0),,,,[東]加藤征弘,新谷正子,,202005020701
1,5,9,コスモオリ,牡3,54,木幡育也,1:38.3,,**,,,,,10-9,37.7,59.6,10,444(+10),,,,[東]高橋祥泰,ビッグレッドファーム,510.0,202005020702
2,7,14,サトノアレックス,牡3,56,Ｍ．デム,1:38.3,クビ,**,,,,,6-5,38.2,1.7,1,492(-2),,,,[東]古賀慎明,サトミホースカンパニー,200.0,202005020702
3,3,5,アイアムイチリュウ,牡3,56,三浦皇成,1:38.8,3,**,,,,,8-7,38.5,3.2,2,504(-6),,,,[東]奥平雅士,堀紘一,130.0,202005020702
4,7,13,ムーンダイアローグ,牡3,56,石橋脩,1:38.8,ハナ,**,,,,,13-13,37.7,28.2,6,452(+2),,,,[東]矢野英一,大塚亮一,77.0,202005020702
5,4,8,ジュズマル,牡3,56,吉田豊,1:39.0,1.1/4,**,,,,,12-10,38.3,39.7,8,492(-2),,,,[東]田村康仁,山口裕介,51.0,202005020702
6,1,1,ナックジーニアス,牡3,56,田中勝春,1:39.6,3.1/2,**,,,,,10-12,38.7,13.0,3,516(-4),,,,[東]宗像義忠,小松欣也,,202005020702
7,3,6,メサテソーロ,牝3,54,大野拓弥,1:39.6,ハナ,**,,,,,7-7,39.3,15.8,4,512(0),,,,[東]栗田徹,了徳寺健二ホールディングス,,202005020702
8,5,10,テオファーニア,牡3,56,北村宏司,1:39.9,1.3/4,**,,,,,4-4,40.0,29.4,7,510(-2),,,,[東]木村哲也,ＤＭＭドリームクラブ,,202005020702
9,8,16,アイルビーメジャー,牡3,56,松山弘平,1:39.9,ハナ,**,,,,,1-1,40.4,48.3,9,456(0),,,,[東]伊藤伸一,岡田壮史,,202005020702
10,6,11,コスモケルビン,牡3,56,木幡巧也,1:40.5,4,**,,,,,2-2,40.8,80.6,11,498(-8),,,,[東]佐藤吉勝,ビッグレッドファーム,,202005020702
11,2,4,コスモコンクエスト,牡3,56,石川裕紀,1:41.1,3.1/2,**,,,,,13-13,39.9,273.1,15,502(+8),,,,[東]宗像義忠,ビッグレッドファーム,,202005020702
12,1,2,ホウオウベルタ,牡3,56,内田博幸,1:41.1,アタマ,**,,,,,13-15,39.6,182.3,14,430(-12),,,,[東]矢野英一,小笹芳央,,202005020702
13,6,12,アバグネイル,牡3,56,福永祐一,1:41.5,2.1/2,**,,,,,2-2,41.9,15.9,5,510(+12),,,,[東]手塚貴久,シルクレーシング,,202005020702
14,8,15,ジュフォン,牡3,56,田辺裕信,1:41.9,2,**,,,,,8-10,41.2,89.9,12,504(+6),,,,[東]和田正一,ノースヒルズ,,202005020702
15,2,3,アントルヴォー,牡3,56,伊藤工真,1:42.0,1/2,**,,,,,16-16,40.1,339.2,16,480(-8),,,,[東]久保田貴,シンボリ牧場,,202005020702
16,4,7,サンコディー,セ3,56,横山和生,1:43.3,8,**,,,,,5-5,43.1,148.8,13,502(-16),,,,[東]杉浦宏昭,加藤ステーブル,,202005020702
1,6,12,サノノクヒオ,牡3,56,内田博幸,1:19.8,,**,,,,,2-2,37.8,2.0,1,492(0),,,,[東]清水英克,佐野信幸,510.0,202005020703
2,5,9,フィーユレヴーズ,牝3,54,Ｍ．デム,1:19.8,クビ,**,,,,,5-6,37.2,4.7,2,450(+10),,,,[東]斎藤誠,小田吉男,200.0,202005020703
3,3,6,ロッソビアンコネロ,牡3,56,吉田豊,1:20.4,3.1/2,**,,,,,10-9,37.3,7.7,4,502(+4),,,,[東]田島俊明,星野隆男,130.0,202005020703
4,1,2,オーケーゴールド,牡3,56,石川裕紀,1:20.4,アタマ,**,,,,,7-8,37.6,9.1,5,534(-2),,,,[東]相沢郁,小野建,77.0,202005020703
5,3,5,デルマシルバー,牝3,54,的場勇人,1:20.8,2.1/2,**,,,,,5-5,38.3,184.2,11,442(+4),,,,[東]的場均,浅沼廣幸,51.0,202005020703
6,2,4,ヴィーナスブレス,牝3,54,北村宏司,1:20.9,1/2,**,,,,,1-1,38.9,5.4,3,470(0),,,,[東]高橋裕,西森功,,202005020703
7,2,3,シゲルカンムリザ,牝3,54,柴田善臣,1:21.9,6,**,,,,,3-3,39.6,51.4,7,436(+4),,,,[東]石毛善彦,森中蕃,,202005020703
8,6,11,プラズマテイル,牝3,54,横山和生,1:22.0,クビ,**,,,,,9-9,38.9,72.7,8,414(+10),,,,[東]大和田成,岡田牧雄,,202005020703
9,8,16,ナオラブリイ,牝3,54,嘉藤貴行,1:22.0,クビ,**,,,,,13-13,38.1,206.3,14,440(-4),,,,[東]根本康広,成富直行,,202005020703
10,7,13,マッチアドゥー,牝3,54,木幡巧也,1:22.7,4,**,,,,,15-14,38.5,185.2,12,434(0),,,,[東]小桧山悟,加藤徹,,202005020703
11,4,7,サンドクルーズ,牡3,56,野中悠太,1:22.8,1/2,**,,,,,10-12,39.0,76.8,9,470(-2),,,,[東]浅野洋一,加藤義久,,202005020703
12,8,15,シゲルカロン,牡3,56,江田照男,1:22.8,ハナ,**,,,,,12-11,39.3,166.3,10,532(-8),,,,[東]武藤善則,森中蕃,,202005020703
13,7,14,テントップギヤ,牡3,56,松田大作,1:23.1,1.3/4,**,,,,,3-3,40.8,24.0,6,456(+2),,,,[東]中野栄治,天白泰司,,202005020703
14,4,8,ガッサンウルフ,牡3,56,武士沢友,1:23.1,クビ,**,,,,,15-16,38.6,223.9,15,454(0),,,,[東]古賀史生,西村專次,,202005020703
15,5,10,ハヤブサジーニー,牡3,56,伊藤工真,1:23.1,ハナ,**,,,,,13-14,39.0,197.9,13,440(-14),,,,[東]小桧山悟,武田修,,202005020703
16,1,1,マホウショ,牡3,56,村田一誠,1:24.8,大,**,,,,,7-6,42.2,238.0,16,452(-2),,,,[東]藤原辰雄,谷口祐人,,202005020703
1,6,9,レットミーアウト,牝3,54,レーン,1:47.2,,**,,,,,3-3-3,34.4,6.1,3,470(-2),,,,[東]水野貴広,サラブレッドクラブ・ラフィアン,510.0,202005020704
2,5,6,テルヌーラ,牝3,54,福永祐一,1:47.3,3/4,**,,,,,2-2-2,34.7,8.7,4,460(-4),,,,[東]木村哲也,吉田勝己,200.0,202005020704
3,1,1,キミノミラクル,牝3,54,野中悠太,1:47.4,1/2,**,,,,,7-6-6,34.2,100.9,9,492(-8),,,,[東]根本康広,平賀久枝,130.0,202005020704
4,8,12,コトブキテティス,牝3,54,武藤雅,1:47.4,クビ,**,,,,,4-4-4,34.5,3.0,2,428(+2),,,,[東]田島俊明,尾上松壽,77.0,202005020704
5,4,4,リライトザスターズ,牝3,54,田辺裕信,1:47.5,1/2,**,,,,,4-4-4,34.6,25.5,7,492(0),,,,[東]尾関知人,飯田良枝,51.0,202005020704
6,6,8,パイネ,牝3,54,三浦皇成,1:47.6,1/2,**,,,,,7-6-6,34.4,2.6,1,436(+2),,,,[東]国枝栄,金子真人ホールディングス,,202005020704
7,2,2,コースタルチャート,牝3,54,Ｍ．デム,1:48.0,2.1/2,**,,,,,11-11-11,34.2,10.7,6,468(-4),,,,[東]藤沢和雄,社台レースホース,,202005020704
8,5,7,トクシーズファー,牝3,54,吉田豊,1:48.1,3/4,**,,,,,12-12-12,34.0,10.6,5,438(0),,,,[東]戸田博文,ＡＩレーシング,,202005020704
9,7,10,アイルショウユー,牝3,54,岩部純二,1:48.2,1/2,**,,,,,4-6-6,35.0,96.1,8,424(0),,,,[東]岩戸孝樹,ミルファーム,,202005020704
10,8,13,ペルージュ,牝3,54,大野拓弥,1:48.9,4,**,,,,,9-9-9,35.5,112.1,10,422(+4),,,,[東]中川公成,岡田牧雄,,202005020704
11,4,5,ホッコージュンレイ,牝3,54,松田大作,1:49.5,3.1/2,**,,,,,9-10-10,35.8,203.2,12,440(0),,,,[東]松永康利,北幸商事,,202005020704
12,7,11,コモ,牝3,52,木幡育也,1:49.6,3/4,**,,,,,1-1-1,37.4,168.5,11,450(+2),,,,[東]佐藤吉勝,永山勝敏,,202005020704
13,3,3,チスジ,牝3,54,武士沢友,2:00.2,大,**,,,,,13-13-13,41.9,237.5,13,494(-4),,,,[東]星野忍,新井原博,,202005020704
1,7,9,ミッキーパンチ,牡3,56,三浦皇成,2:00.7,,**,,,,,8-6-6,34.9,15.5,5,458(+6),,,,[東]国枝栄,野田みづき,510.0,202005020705
2,6,8,トーヨースターオー,牡3,56,吉田豊,2:00.9,1.1/4,**,,,,,1-1-1,35.9,5.2,2,536(-2),,,,[東]土田稔,中嶋宏,200.0,202005020705
3,8,12,イルミナル,牝3,54,ルメール,2:01.0,クビ,**,,,,,3-4-4,35.5,1.5,1,420(0),,,,[東]奥村武,キャロットファーム,130.0,202005020705
4,8,11,スプリッツァー,牡3,56,田辺裕信,2:01.1,3/4,**,,,,,5-5-4,35.5,6.5,3,458(-10),,,,[東]菊沢隆徳,古賀禎彦,77.0,202005020705
5,5,5,シゲルセイウン,牝3,54,江田照男,2:01.3,1.1/2,**,,,,,12-12-12,34.9,80.0,9,402(+2),,,,[東]石毛善彦,森中蕃,51.0,202005020705
6,2,2,ソルメンシス,牡3,56,野中悠太,2:01.3,クビ,**,,,,,2-2-2,36.1,86.6,10,482(+2),,,,[東]菊川正達,ディアレストクラブ,,202005020705
7,7,10,サンシャインキッド,牡3,56,大野拓弥,2:01.5,3/4,**,,,,,10-7-7,35.6,102.3,11,430(-2),,,,[東]小西一男,田島榮二郎,,202005020705
8,1,1,サクラジマテソーロ,牡3,54,木幡育也,2:01.6,1/2,**,,,,,6-7-7,35.6,47.3,7,456(-4),,,,[東]加藤和宏,了徳寺健二ホールディングス,,202005020705
9,4,4,シゲルカイオウセイ,牡3,56,木幡巧也,2:01.7,3/4,**,,,,,7-7-9,35.6,57.4,8,520(0),,,,[東]田中清隆,森中蕃,,202005020705
10,3,3,エフティクルーク,牡3,56,伊藤工真,2:01.7,クビ,**,,,,,8-10-9,35.5,38.7,6,464(-6),,,,[東]金成貴史,吉野英子,,202005020705
11,6,7,スパークルアゲン,牡3,56,和田竜二,2:01.9,1.1/2,**,,,,,3-3-3,36.6,10.8,4,446(+10),,,,[東]加藤士津,浅川皓司,,202005020705
12,5,6,ニシノハヤシゲル,牡3,56,武士沢友,2:02.3,2.1/2,**,,,,,10-11-9,36.1,122.6,12,504(-4),,,,[東]小手川準,西山茂行,,202005020705
1,7,14,ブランクチェック,牝3,54,ルメール,1:24.9,,**,,,,,7-7,36.3,2.0,1,480(-2),,,,[東]栗田徹,ゴドルフィン,730.0,202005020706
2,1,1,ニーズヘッグ,牝3,54,横山和生,1:25.3,2.1/2,**,,,,,1-1,37.3,8.0,5,480(0),,,,[東]小野次郎,ＹＧＧホースクラブ,290.0,202005020706
3,5,9,ラブリーエンジェル,牝3,54,木幡巧也,1:25.8,3,**,,,,,14-14,36.5,6.5,2,428(-2),,,,[東]堀井雅広,長谷川光司,180.0,202005020706
4,2,3,ニシノミンクス,牝3,54,内田博幸,1:26.0,1.1/2,**,,,,,2-2,37.7,23.5,7,454(-6),,,,[東]伊藤圭三,西山茂行,110.0,202005020706
5,6,11,ペイシャチャーム,牝3,54,池添謙一,1:26.2,1.1/4,**,,,,,11-13,37.1,265.1,16,452(+4),,,,[東]小手川準,北所直人,73.0,202005020706
6,2,4,カイアワセ,牝3,54,武士沢友,1:26.3,1/2,**,,,,,4-4,37.8,47.7,10,440(+6),,,,[東]星野忍,内田玄祥,,202005020706
7,6,12,サノハニー,牝3,54,武藤雅,1:26.4,1/2,**,,,,,15-15,36.9,23.4,6,470(-4),,,,[東]中野栄治,佐野信幸,,202005020706
8,5,10,クールマキシマム,牝3,54,嘉藤貴行,1:26.5,1/2,**,,,,,7-8,37.8,7.9,4,468(-6),,,,[東]奥平雅士,保谷フミ子,,202005020706
9,4,7,ヒートライトニング,牝3,54,松山弘平,1:26.8,1.3/4,**,,,,,11-11,37.8,47.2,9,452(0),,,,[東]堀井雅広,藤田在子,,202005020706
10,3,6,ペリトモレノ,牝3,54,岩部純二,1:27.0,1.1/2,**,,,,,11-11,38.0,99.4,12,460(-2),,,,[東]大江原哲,ミルファーム,,202005020706
11,8,15,レッドヴェイパー,牝3,54,石橋脩,1:27.1,3/4,**,,,,,10-10,38.2,24.1,8,412(0),,,,[東]尾関知人,東京ホースレーシング,,202005020706
12,4,8,サツキマス,牝3,54,北村宏司,1:27.3,1,**,,,,,4-4,38.8,102.8,13,456(+4),,,,[東]田島俊明,越村哲男,,202005020706
13,3,5,テリオスベル,牝3,54,大野拓弥,1:27.9,4,**,,,,,7-8,39.2,62.9,11,420(-2),,,,[東]田島俊明,鈴木美江子,,202005020706
14,8,16,アルマセグレート,牝3,54,Ｍ．デム,1:28.5,3.1/2,**,,,,,4-4,40.0,7.0,3,462(+10),,,,[東]高柳瑞樹,サンデーレーシング,,202005020706
15,7,13,ヨシノパナギア,牝3,52,木幡育也,1:28.5,ハナ,**,,,,,16-16,37.9,116.2,14,480(-4),,,,[東]宗像義忠,清水義徳,,202005020706
16,1,2,ニシノステラ,牝3,54,野中悠太,1:28.8,2,**,,,,,2-2,40.5,195.5,15,422(-4),,,,[東]小西一男,西山茂行,,202005020706
1,2,2,ルナシオン,牝3,54,ルメール,1:33.8,,**,,,,,2-2,33.7,2.9,2,466(+8),,,,[東]藤沢和雄,シルクレーシング,730.0,202005020707
2,5,5,アオイクレアトール,牡3,56,武豊,1:34.0,1.1/4,**,,,,,2-2,33.9,2.4,1,470(+2),,,,[東]古賀慎明,新谷幸義,290.0,202005020707
3,4,4,グレイトホーン,牡3,56,野中悠太,1:34.0,クビ,**,,,,,1-1,34.1,15.9,4,480(0),,,,[東]根本康広,犬塚悠治郎,180.0,202005020707
4,3,3,オーロアドーネ,牡3,56,三浦皇成,1:34.0,クビ,**,,,,,5-4,33.7,3.0,3,478(-8),,,,[東]戸田博文,ＤＭＭドリームクラブ,110.0,202005020707
5,1,1,エバンタイユドール,牝3,52,木幡育也,1:34.6,3.1/2,**,,,,,7-7,33.9,69.1,8,504(+2),,,,[東]小桧山悟,井上久光,73.0,202005020707
6,8,9,コスモスタック,牡3,56,和田竜二,1:34.8,1.1/4,**,,,,,5-6,34.4,47.9,7,456(0),,,,[東]堀井雅広,ビッグレッドファーム,,202005020707
7,6,6,ミャゴラーレ,牡3,56,横山和生,1:35.5,4,**,,,,,8-8,34.4,29.1,5,514(-4),,,,[東]黒岩陽一,山口裕介,,202005020707
8,7,7,コスモシークレット,牡3,56,石橋脩,1:35.9,2.1/2,**,,,,,4-4,35.6,31.2,6,450(+6),,,,[東]高橋義博,ビッグレッドファーム,,202005020707
9,8,8,ディーバダンス,牝3,54,江田照男,1:36.0,1/2,**,,,,,8-9,34.6,215.9,9,442(+4),,,,[東]大江原哲,田頭勇貴,,202005020707
1,7,11,エグジットラック,牡6,57,江田照男,1:38.7,,**,,,,,10-10,36.8,4.0,2,518(+2),,,,[東]田村康仁,戸賀智子,760.0,202005020708
2,5,7,マイネルレンカ,牡6,57,レーン,1:38.7,ハナ,**,,,,,6-6,37.3,4.0,3,474(+2),,,,[東]堀井雅広,サラブレッドクラブ・ラフィアン,300.0,202005020708
3,4,4,フレンドアリス,牝5,55,内田博幸,1:38.9,1,**,,,,,2-2,38.0,30.8,7,462(0),,,,[東]南田美知,横尾晴人,190.0,202005020708
4,7,10,ジョイナイト,牡4,57,横山和生,1:38.9,クビ,**,,,,,8-8,37.2,10.1,5,502(-2),,,,[東]武市康男,西村亮二,110.0,202005020708
5,1,1,ジーニー,牡4,57,三浦皇成,1:39.0,1/2,**,,,,,1-1,38.2,6.0,4,502(0),,,,[東]田村康仁,ディアレストクラブ,76.0,202005020708
6,2,2,コスモクウェンチ,牡6,57,武士沢友,1:39.1,3/4,**,,,,,12-12,37.0,41.0,9,482(0),,,,[東]小桧山悟,Ｍｒ．ホース,,202005020708
7,4,5,モレッキ,セ6,57,田辺裕信,1:39.2,1/2,**,,,,,6-6,37.8,3.6,1,480(-14),,,,[東]稲垣幸雄,サンデーレーシング,,202005020708
8,5,6,トップギア,牡5,57,野中悠太,1:39.6,2.1/2,**,,,,,4-4,38.4,148.1,11,452(0),,,,[東]小桧山悟,アドバンス・サッポロ,,202005020708
9,6,8,トーセンギムレット,牡4,55,木幡育也,1:39.6,クビ,**,,,,,10-10,37.7,10.3,6,530(-8),,,,[東]萱野浩二,島川隆哉,,202005020708
10,8,12,フェアザスピリッツ,牝4,55,柴田善臣,1:39.7,1/2,**,,,,,8-8,38.0,53.6,10,516(-2),,,,[東]粕谷昌央,ノルマンディーサラブレッドレーシング,,202005020708
11,8,13,スフィーダグリーン,牡6,57,的場勇人,1:40.0,2,**,,,,,2-3,39.0,294.4,13,540(-2),,,,[東]的場均,寳寄山拓樹,,202005020708
12,6,9,ゴー,牡4,57,木幡巧也,1:40.4,2,**,,,,,12-13,38.1,37.3,8,504(0),,,,[東]伊藤伸一,グリーンスウォード,,202005020708
13,3,3,ロンリーウェイ,牡4,57,嘉藤貴行,1:43.0,大,**,,,,,4-5,41.7,176.8,12,470(-8),,,,[東]田島俊明,小原準一郎,,202005020708
1,6,12,サンタナブルー,牡8,53,武藤雅,1:24.1,,**,,,,,11-9,35.7,114.9,15,478(-10),,,,[東]和田雄二,ＹＧＧホースクラブ,"1,535.7",202005020709
2,6,11,アポロチーター,牡4,54,木幡巧也,1:24.2,3/4,**,,,,,3-3,36.5,40.9,12,528(-2),,,,[東]岩戸孝樹,アポロサラブレッドクラブ,610.2,202005020709
3,2,4,スズカゴーディー,牡6,56,田辺裕信,1:24.4,1.1/4,**,,,,,14-14,35.4,5.1,2,488(+4),,,,[東]伊藤圭三,永井啓弍,385.1,202005020709
4,7,13,フクノグリュック,牡8,55,横山典弘,1:24.5,1/2,**,,,,,16-14,35.4,9.3,4,522(-4),,,,[東]杉浦宏昭,福島祐子,230.0,202005020709
5,8,15,ボストンテソーロ,牝4,54,川田将雅,1:24.8,2,**,,,,,5-6,36.8,2.6,1,490(-2),,,,[東]田中博康,了徳寺健二ホールディングス,150.0,202005020709
6,5,10,ホウオウジャッジ,牡5,54,和田竜二,1:24.9,1/2,**,,,,,2-2,37.4,26.0,10,468(+2),,,,[東]稲垣幸雄,小笹芳央,,202005020709
7,8,16,シゲルルビー,牝4,52,木幡育也,1:25.0,クビ,**,,,,,8-7,36.8,71.6,13,482(-8),,,,[東]伊藤圭三,森中蕃,,202005020709
8,4,8,ジョガールボニート,牡4,54,石橋脩,1:25.1,3/4,**,,,,,9-11,36.5,36.3,11,468(0),,,,[東]相沢郁,高瀬真尚,,202005020709
9,3,6,スズカユース,牝4,52,江田照男,1:25.2,1/2,**,,,,,1-1,37.8,21.5,9,452(+2),,,,[東]伊藤圭三,永井啓弍,,202005020709
10,3,5,カシノブレンド,セ4,55,Ｍ．デム,1:25.2,ハナ,**,,,,,13-13,36.3,8.4,3,446(+4),,,,[東]蛯名利弘,柏木務,,202005020709
11,1,1,ベイオブコトル,牡4,54,三浦皇成,1:25.3,1/2,**,,,,,14-16,36.1,18.0,8,444(-4),,,,[東]高柳瑞樹,ゴドルフィン,,202005020709
12,1,2,ケイアイビリジアン,牡4,55,大野拓弥,1:25.5,1.1/4,**,,,,,5-4,37.7,12.3,6,526(+6),,,,[東]奥平雅士,亀田和弘,,202005020709
13,5,9,リープリングスター,セ4,54,北村宏司,1:25.7,1,**,,,,,3-4,37.9,12.2,5,544(-4),,,,[東]木村哲也,保坂和孝,,202005020709
14,7,14,サウンドストリート,牡6,53,松山弘平,1:26.6,5,**,,,,,12-12,37.8,93.0,14,450(-4),,,,[東]和田正一,増田雄一,,202005020709
15,4,7,ラヴタクティクス,牝6,51,武士沢友,1:27.3,4,**,,,,,9-9,38.9,129.7,16,508(+8),,,,[東]天間昭一,岡田牧雄,,202005020709
16,2,3,セイドアモール,牝4,52,石川裕紀,1:28.0,4,**,,,,,7-7,39.8,17.0,7,498(0),,,,[東]武市康男,サラブレッドクラブ・ラフィアン,,202005020709
1,8,10,ピースワンパラディ,牡4,57,川田将雅,1:33.2,,**,,,,,4-3,33.5,3.2,1,466(+4),,,,[東]大竹正博,長谷川成利,"1,842.4",202005020710
2,2,2,アドマイヤスコール,牡4,57,和田竜二,1:33.2,クビ,**,,,,,5-5,33.3,47.4,8,486(0),,,,[東]加藤征弘,近藤旬子,736.4,202005020710
3,3,3,ニシノカツナリ,牡4,57,田辺裕信,1:33.2,アタマ,**,,,,,6-5,33.2,7.7,5,476(-2),,,,[東]水野貴広,西山茂行,463.2,202005020710
4,7,8,アガラス,牡4,57,ルメール,1:33.4,3/4,**,,,,,1-1,34.2,4.4,3,516(-2),,,,[東]古賀慎明,サンデーレーシング,270.0,202005020710
5,8,9,アントリューズ,牡4,57,福永祐一,1:33.4,クビ,**,,,,,2-2,34.0,15.1,6,498(-2),,,,[東]栗田徹,山口功一郎,182.0,202005020710
6,7,7,キングリッド,牡6,57,松山弘平,1:33.5,1/2,**,,,,,2-3,33.8,52.9,9,454(+2),,,,[東]池上昌和,吉田安惠,,202005020710
7,5,5,ヴィッテルスバッハ,牡4,57,武豊,1:33.5,ハナ,**,,,,,8-8,33.3,6.5,4,470(0),,,,[東]池上昌和,キャロットファーム,,202005020710
8,6,6,フォルコメン,牡4,57,レーン,1:33.6,クビ,**,,,,,6-5,33.6,3.3,2,512(-2),,,,[東]堀宣行,社台レースホース,,202005020710
9,1,1,スーパーブレイク,牡6,57,吉田豊,1:33.7,1/2,**,,,,,10-10,33.3,95.3,10,476(-4),,,,[東]戸田博文,堂守貴志,,202005020710
10,4,4,ワールドヘリテージ,牡5,57,横山典弘,1:34.0,2,**,,,,,8-8,33.8,35.6,7,450(-6),,,,[東]金成貴史,谷岡毅,,202005020710
1,8,13,ダノンスマッシュ,牡5,56,レーン,1:19.8,,**,,,,,1-1,33.1,4.9,2,472(-2),,,,[西]安田隆行,ダノックス,"5,996.6",202005020711
2,8,12,ステルヴィオ,牡5,57,川田将雅,1:20.0,1.1/4,**,,,,,4-3,33.0,6.7,4,490(+2),,,,[東]木村哲也,サンデーレーシング,"2,427.6",202005020711
3,2,2,グルーヴィット,牡4,56,Ｍ．デム,1:20.1,3/4,**,,,,,2-3,33.1,4.9,3,488(-6),,,,[西]松永幹夫,キャロットファーム,"1,513.8",202005020711
4,1,1,ラヴィングアンサー,牡6,56,吉田豊,1:20.1,アタマ,**,,,,,11-11,32.4,47.9,12,496(-2),,,,[西]石坂正,江口雄一郎,890.0,202005020711
5,6,9,セイウンコウセイ,牡7,57,内田博幸,1:20.1,クビ,**,,,,,2-2,33.3,15.3,7,514(+10),,,,[東]上原博之,西山茂行,590.0,202005020711
6,3,3,ケイアイノーテック,牡5,57,石橋脩,1:20.3,1.1/4,**,,,,,13-11,32.5,16.3,8,468(-2),,,,[西]平田修,亀田和弘,,202005020711
7,5,7,ストーミーシー,牡7,56,田辺裕信,1:20.4,クビ,**,,,,,9-9,33.0,14.6,6,552(0),,,,[東]斎藤誠,ミルファーム,,202005020711
8,7,10,タワーオブロンドン,牡5,58,ルメール,1:20.4,クビ,**,,,,,4-5,33.3,3.5,1,516(+2),,,,[東]藤沢和雄,ゴドルフィン,,202005020711
9,7,11,エントシャイデン,牡5,56,松山弘平,1:20.4,アタマ,**,,,,,6-6,33.1,44.4,11,482(-2),,,,[西]矢作芳人,前田幸治,,202005020711
10,6,8,ショウナンライズ,牡7,56,和田竜二,1:20.6,3/4,**,,,,,8-6,33.3,123.6,13,476(+4),,,,[東]上原博之,国本哲秀,,202005020711
11,4,5,レッドアンシェル,牡6,56,福永祐一,1:20.6,クビ,**,,,,,6-6,33.3,8.8,5,472(0),,,,[西]庄野靖志,東京ホースレーシング,,202005020711
12,5,6,ライラックカラー,牡5,56,武豊,1:20.7,3/4,**,,,,,9-10,33.1,43.9,10,462(+2),,,,[東]藤沢和雄,山本英俊,,202005020711
13,4,4,ドーヴァー,牡7,56,三浦皇成,1:21.4,4,**,,,,,12-13,33.5,30.7,9,502(-4),,,,[東]伊藤圭三,ゴドルフィン,,202005020711
1,8,14,フラワーストリーム,セ5,57,レーン,1:37.5,,**,,,,,8-7,37.9,4.4,2,472(0),,,,[東]池上昌和,花村誠,"1,100.0",202005020712
2,2,2,ソルドラード,牡4,57,ルメール,1:37.6,3/4,**,,,,,5-4,38.4,1.8,1,500(-10),,,,[東]藤沢和雄,キャロットファーム,440.0,202005020712
3,7,11,レコンキスタ,牡6,57,木幡巧也,1:37.7,クビ,**,,,,,1-1,39.0,57.3,10,488(+2),,,,[東]斎藤誠,村野康司,280.0,202005020712
4,5,8,ダノンハイパワー,牡6,57,横山和生,1:38.1,2.1/2,**,,,,,12-12,38.1,25.7,6,514(0),,,,[東]菊沢隆徳,ダノックス,170.0,202005020712
5,3,4,トゥーフラッシー,牝4,55,武士沢友,1:38.1,ハナ,**,,,,,10-9,38.3,58.5,11,468(+2),,,,[東]小桧山悟,西森功,110.0,202005020712
6,4,5,トーセンヴィータ,牡5,57,武藤雅,1:38.4,2,**,,,,,2-2,39.4,9.7,4,542(0),,,,[東]古賀慎明,島川隆哉,,202005020712
7,3,3,テキスタイルアート,セ8,57,大野拓弥,1:38.5,クビ,**,,,,,14-14,38.4,57.0,9,486(+2),,,,[東]加藤和宏,岡田壮史,,202005020712
8,4,6,カセノウィナー,牡4,57,和田竜二,1:38.5,ハナ,**,,,,,5-4,39.2,14.9,5,486(-4),,,,[東]土田稔,平川進,,202005020712
9,5,7,オーシャンビュー,牡7,57,嘉藤貴行,1:38.6,1/2,**,,,,,12-12,38.6,41.9,8,454(-8),,,,[東]伊藤伸一,冨沢敦子,,202005020712
10,8,13,オールウェイズゼア,牡6,57,野中悠太,1:38.9,1.3/4,**,,,,,10-9,39.2,33.5,7,478(+6),,,,[東]伊藤伸一,グリーンスウォード,,202005020712
11,7,12,クリノキング,セ6,55,木幡育也,1:38.9,ハナ,**,,,,,7-7,39.4,108.5,12,480(+4),,,,[東]星野忍,栗本守,,202005020712
12,1,1,ケイツーリラ,牝5,55,内田博幸,1:39.5,3.1/2,**,,,,,8-9,39.8,116.0,13,454(-4),,,,[東]鈴木伸尋,楠本勝美,,202005020712
13,6,9,キングテセウス,牡4,57,Ｍ．デム,1:39.7,1.1/4,**,,,,,2-2,40.6,7.1,3,514(+2),,,,[東]木村哲也,保坂和孝,,202005020712
14,6,10,プッシュアゲン,牡7,57,松田大作,1:41.1,8,**,,,,,2-4,41.8,189.3,14,518(-2),,,,[東]中野栄治,浅川皓司,,202005020712
1,2,3,オメガエリタージュ,牡3,56,Ｍ．デム,1:25.8,,**,,,,,4-4,37.3,7.2,4,438(-8),,,,[東]斎藤誠,原禮子,510.0,202005020801
2,5,10,ケイアイロトルア,牡3,56,川田将雅,1:26.0,1,**,,,,,4-4,37.5,4.1,2,472(-4),,,,[東]加藤征弘,亀田和弘,200.0,202005020801
3,3,6,ウラワザテクニック,牡3,56,伊藤工真,1:26.0,クビ,**,,,,,6-6,37.2,190.7,14,474(-2),,,,[東]宗像義忠,薗部博之,130.0,202005020801
4,6,12,スパークインザアイ,セ3,56,武藤雅,1:26.4,2.1/2,**,,,,,9-11,37.0,5.0,3,456(+2),,,,[東]小島茂之,西見徹也,77.0,202005020801
5,7,14,ラファエル,牡3,56,田辺裕信,1:26.6,1.1/2,**,,,,,7-8,37.4,7.5,5,488(-2),,,,[東]伊藤圭三,ゴドルフィン,51.0,202005020801
6,3,5,ツキマデトドケ,牡3,56,福永祐一,1:26.7,クビ,**,,,,,1-1,38.6,3.8,1,480(-8),,,,[東]田島俊明,レッドマジック,,202005020801
7,4,7,アルトゥーロ,牡3,56,大野拓弥,1:26.9,1.1/2,**,,,,,14-14,37.1,34.1,9,428(-2),,,,[東]南田美知,ミルファーム,,202005020801
8,1,1,ヌンカプト,牡3,56,内田博幸,1:26.9,アタマ,**,,,,,7-6,38.1,27.0,7,446(-8),,,,[東]矢野英一,ヌンクラブ,,202005020801
9,2,4,プレシャススパート,牝3,54,的場勇人,1:27.0,3/4,**,,,,,9-8,37.8,162.6,13,498(-10),,,,[東]的場均,日向均,,202005020801
10,6,11,ゼノン,牡3,56,江田照男,1:27.4,2.1/2,**,,,,,11-12,37.8,33.9,8,454(-2),,,,[東]田中剛,ノースヒルズ,,202005020801
11,7,13,キタノタカワシ,牡3,56,武士沢友,1:27.5,クビ,**,,,,,16-16,37.4,285.3,15,450(+5),,,,[東]土田稔,北所直人,,202005020801
12,4,8,ペガサスターボ,牡3,56,横山和生,1:27.5,クビ,**,,,,,13-12,37.9,8.6,6,514(+2),,,,[東]勢司和浩,千明牧場,,202005020801
13,5,9,ハバチューバー,牡3,56,岩部純二,1:28.0,3,**,,,,,14-14,38.2,393.8,16,476(-16),,,,[東]浅野洋一,細川大輔,,202005020801
14,8,16,ゴールドハーレー,牡3,54,木幡育也,1:28.0,クビ,**,,,,,2-2,39.7,48.1,10,484(0),,,,[東]尾形和幸,米津佳昭,,202005020801
15,1,2,キューゴーパドック,牡3,56,野中悠太,1:28.4,2.1/2,**,,,,,11-8,39.2,132.2,12,490(-2),,,,[東]根本康広,福田光博,,202005020801
16,8,15,マリクシ,牝3,54,石川裕紀,1:28.7,1.3/4,**,,,,,2-2,40.5,49.6,11,444(-10),,,,[東]蛯名利弘,畑佐博,,202005020801
1,2,3,クリノファイヤー,牝3,54,柴田善臣,1:39.5,,**,,,,,6-5,38.9,15.0,7,450(-2),,,,[東]本間忍,栗本博晴,510.0,202005020802
2,7,13,ソヨギ,牝3,54,吉田豊,1:39.8,1.1/2,**,,,,,1-1,40.0,2.3,1,466(+4),,,,[東]粕谷昌央,海谷幸司,200.0,202005020802
3,7,14,ルレーヴドゥリリ,牝3,54,野中悠太,1:39.8,アタマ,**,,,,,8-10,38.5,13.7,6,490(+8),,,,[東]田中剛,加藤誠,130.0,202005020802
4,3,6,スノーレイズ,牝3,52,木幡育也,1:39.8,クビ,**,,,,,14-14,37.9,49.3,8,436(-2),,,,[東]菊川正達,ヒダカ・ブリーダーズ・ユニオン,77.0,202005020802
5,4,7,クインズモモナ,牝3,54,田辺裕信,1:40.0,1,**,,,,,4-4,39.8,11.4,5,478(-14),,,,[東]奥平雅士,亀田和弘,51.0,202005020802
6,5,10,ゾールシカ,牝3,54,内田博幸,1:40.3,1.3/4,**,,,,,2-2,40.4,8.2,4,440(0),,,,[東]土田稔,山口敦広,,202005020802
7,4,8,ユウチャファスト,牝3,54,北村宏司,1:40.6,1.3/4,**,,,,,2-2,40.7,5.0,2,452(-4),,,,[東]中舘英二,長谷川祐司,,202005020802
8,8,15,キーリア,牝3,54,松田大作,1:40.6,クビ,**,,,,,4-5,40.0,71.6,10,438(0),,,,[東]中野栄治,カタオカファーム,,202005020802
9,6,12,ラズベリードリーム,牝3,54,武藤雅,1:40.6,クビ,**,,,,,12-13,39.0,69.1,9,496(+8),,,,[東]林徹,ヒダカ・ブリーダーズ・ユニオン,,202005020802
10,3,5,ジャニス,牝3,54,和田竜二,1:41.2,3.1/2,**,,,,,7-7,40.4,5.3,3,422(-2),,,,[東]田中清隆,矢野和雅,,202005020802
11,5,9,ハヴォナ,牝3,54,嘉藤貴行,1:42.0,5,**,,,,,12-12,40.5,175.6,13,434(-6),,,,[東]松山将樹,阿部善武,,202005020802
12,6,11,ブレージングサドル,牝3,54,石川裕紀,1:42.4,2.1/2,**,,,,,10-10,41.0,96.2,11,436(0),,,,[東]奥村武,サンデーレーシング,,202005020802
13,1,1,グリーンスナップ,牝3,54,木幡巧也,1:42.4,アタマ,**,,,,,8-7,41.6,106.0,12,476(0),,,,[東]牧光二,石瀬浩三,,202005020802
14,1,2,エンゼルバイオ,牝3,54,大野拓弥,1:42.7,1.3/4,**,,,,,10-9,41.5,218.6,15,468(+10),,,,[東]松山将樹,バイオ,,202005020802
15,2,4,フクノフェザン,牝3,54,横山和生,1:42.7,ハナ,**,,,,,15-15,40.3,201.5,14,464(-14),,,,[東]杉浦宏昭,福島祐子,,202005020802
除,8,16,トラストダーコ,牝3,54,江田照男,,,**,,,,,,,---,,452(+6),,,,[東]高橋文雅,菅波雅巳,,202005020802
1,5,7,カッティングロック,牡3,56,井上敏樹,2:15.8,,**,,,,,11-11-14-13,36.8,18.1,8,506(-2),,,,[東]相沢郁,石瀬浩三,510.0,202005020803
2,1,1,シュバルツイェガー,牡3,56,大野拓弥,2:15.9,1/2,**,,,,,1-1-1-2,38.1,3.0,1,478(-2),,,,[東]高木登,西森功,200.0,202005020803
3,6,9,ロドルフォブレイン,牡3,56,石橋脩,2:16.0,1/2,**,,,,,7-7-6-7,37.7,4.5,2,526(-6),,,,[東]尾関知人,エンジェルレーシング,130.0,202005020803
4,4,6,ゲンキチボン,牡3,56,木幡巧也,2:16.1,クビ,**,,,,,6-6-6-5,37.9,8.5,5,476(+4),,,,[東]堀井雅広,荒井元明,77.0,202005020803
5,6,10,エアリアルシティー,牡3,56,岩部純二,2:16.2,3/4,**,,,,,14-14-9-7,37.8,345.4,14,486(+18),,,,[東]石毛善彦,ミルファーム,51.0,202005020803
6,7,11,ビレッジイーグル,牡3,56,江田照男,2:16.3,1/2,**,,,,,3-3-2-1,38.5,16.6,6,492(0),,,,[東]竹内正洋,村山輝雄,,202005020803
7,8,14,マラジェッツ,牡3,56,Ｍ．デム,2:16.4,クビ,**,,,,,4-5-2-3,38.5,5.1,3,458(-4),,,,[東]上原博之,伊達敏明,,202005020803
8,3,3,キークラウン,牡3,56,野中悠太,2:16.6,1.1/4,**,,,,,12-11-9-10,38.1,34.2,9,494(-2),,,,[東]黒岩陽一,北前孔一郎,,202005020803
9,3,4,ショウナンアクア,牡3,56,吉田豊,2:16.6,ハナ,**,,,,,9-8-9-11,37.9,17.1,7,466(-4),,,,[東]古賀史生,国本哲秀,,202005020803
10,2,2,アポロダーウィン,牡3,56,石川裕紀,2:17.1,3,**,,,,,2-2-5-5,38.9,86.9,11,508(+2),,,,[東]稲垣幸雄,アポロサラブレッドクラブ,,202005020803
11,7,12,サバイバルボス,牡3,56,内田博幸,2:17.1,アタマ,**,,,,,9-10-2-3,39.1,97.5,12,496(+2),,,,[東]和田雄二,福田光博,,202005020803
12,8,13,キヨセ,牡3,56,和田竜二,2:17.2,クビ,**,,,,,4-3-6-7,38.8,76.9,10,446(+2),,,,[東]新開幸一,中村祐子,,202005020803
13,4,5,マッチザハッチ,牡3,56,レーン,2:17.8,3.1/2,**,,,,,8-8-9-11,39.2,7.2,4,482(0),,,,[東]萩原清,金子真人ホールディングス,,202005020803
14,5,8,ルミナリアス,牡3,54,木幡育也,2:21.8,大,**,,,,,13-13-13-14,42.1,128.3,13,520(0),,,,[東]畠山吉宏,京都ホースレーシング,,202005020803
1,4,8,サトノファビュラス,牝3,54,田中勝春,1:21.7,,**,,,,,2-2,34.5,22.7,6,438(-6),,,,[東]宗像義忠,サトミホースカンパニー,510.0,202005020804
2,6,12,クァンタムリープ,牡3,56,田辺裕信,1:21.9,1.1/2,**,,,,,6-4,34.4,2.4,1,470(-2),,,,[東]鹿戸雄一,シルクレーシング,200.0,202005020804
3,8,18,ホイッスルヴォイス,牝3,54,レーン,1:22.0,1/2,**,,,,,4-4,34.6,2.9,2,446(-2),,,,[東]大竹正博,藤田岳彦,130.0,202005020804
4,4,7,フィオーレカフェ,牝3,54,横山和生,1:22.2,3/4,**,,,,,14-16,34.0,7.5,3,416(0),,,,[東]和田勇介,西川光一,77.0,202005020804
5,2,4,シラカワカツコ,牝3,54,江田照男,1:22.3,3/4,**,,,,,8-8,34.6,41.6,8,392(-6),,,,[東]伊藤伸一,大久保與志雄,51.0,202005020804
6,5,10,クリムゾンオーラ,牝3,54,武士沢友,1:22.4,3/4,**,,,,,10-8,34.7,154.3,13,446(0),,,,[東]清水英克,田頭勇貴,,202005020804
7,5,9,ダイワリチャード,牡3,56,北村宏司,1:22.4,アタマ,**,,,,,11-11,34.5,15.7,5,450(-2),,,,[東]上原博之,大城敬三,,202005020804
8,7,15,トルニ,牝3,54,吉田豊,1:22.5,1/2,**,,,,,16-14,34.4,9.3,4,460(+4),,,,[東]高橋裕,水上ふじ子,,202005020804
9,3,5,ラインキャンドル,牝3,54,武藤雅,1:22.5,アタマ,**,,,,,11-11,34.6,41.6,9,480(+4),,,,[東]水野貴広,大澤繁昌,,202005020804
10,7,13,アンブローニュ,牡3,56,野中悠太,1:22.6,3/4,**,,,,,17-17,34.2,175.6,15,484(+2),,,,[東]根本康広,ノルマンディーサラブレッドレーシング,,202005020804
11,3,6,ビーポーレン,牝3,54,木幡巧也,1:22.7,クビ,**,,,,,14-14,34.6,26.2,7,472(-4),,,,[東]伊藤大士,ミルファーム,,202005020804
12,8,17,パイオニアエース,牡3,56,内田博幸,1:23.0,2,**,,,,,3-3,35.7,81.2,11,422(+2),,,,[東]斎藤誠,杉山忠国,,202005020804
13,8,16,ペイシャスワン,牝3,54,嘉藤貴行,1:23.3,1.3/4,**,,,,,1-1,36.2,162.1,14,442(-4),,,,[東]本間忍,北所直人,,202005020804
14,7,14,ヨドノウイング,牡3,56,松田大作,1:23.4,3/4,**,,,,,13-11,35.5,191.6,16,466(-4),,,,[東]中野栄治,海原聖一,,202005020804
15,1,2,デルマアメジスト,牝3,54,伊藤工真,1:23.5,クビ,**,,,,,4-4,36.1,152.3,12,432(+2),,,,[東]蛯名利弘,浅沼廣幸,,202005020804
16,6,11,フレンドピース,牝3,52,木幡育也,1:23.8,2,**,,,,,6-4,36.3,43.8,10,418(-2),,,,[東]南田美知,横尾晴人,,202005020804
17,2,3,チンクエテッレ,牝3,54,柴田善臣,1:24.6,5,**,,,,,8-8,36.9,262.1,17,404(+6),,,,[東]佐藤吉勝,片山博志,,202005020804
18,1,1,ファーマプリン,牝3,54,石川裕紀,1:24.9,2,**,,,,,18-18,35.2,316.2,18,406(-8),,,,[東]深山雅史,中西功,,202005020804
1,3,3,グレイトオーサー,牡3,56,レーン,2:00.2,,**,,,,,1-1-1,33.7,1.7,1,514(-2),,,,[東]堀宣行,キャロットファーム,730.0,202005020805
2,2,2,コスモインペリウム,牡3,56,武藤雅,2:00.4,1,**,,,,,6-6-5,33.3,18.2,4,510(+4),,,,[東]和田雄二,岡田繁幸,290.0,202005020805
3,5,5,コスモギンガ,牝3,54,野中悠太,2:00.5,1/2,**,,,,,3-2-2,33.9,33.3,7,454(+2),,,,[東]高橋祥泰,岡田繁幸,180.0,202005020805
4,6,6,コロンドール,牡3,56,Ｍ．デム,2:00.5,アタマ,**,,,,,4-4-4,33.6,6.1,3,508(+22),,,,[東]和田雄二,栗坂崇,110.0,202005020805
5,7,7,フローズンスタイル,牝3,54,横山和生,2:00.5,クビ,**,,,,,2-2-3,33.7,26.0,6,446(+2),,,,[東]黒岩陽一,吉田照哉,73.0,202005020805
6,4,4,フォアシュピール,牡3,56,ルメール,2:01.0,3,**,,,,,7-7-7,33.8,2.8,2,456(0),,,,[東]手塚貴久,キャロットファーム,,202005020805
7,1,1,ローレリスト,牡3,56,田辺裕信,2:01.2,1.1/2,**,,,,,5-4-5,34.2,21.0,5,450(-4),,,,[東]中川公成,多田賢司,,202005020805
1,8,14,イベリスリーフ,牝4,55,石橋脩,1:24.3,,**,,,,,1-1,36.1,5.7,4,454(+4),,,,[東]中舘英二,サンデーレーシング,760.0,202005020806
2,3,3,オメガドーヴィル,牝4,55,和田竜二,1:25.0,4,**,,,,,4-4,36.3,12.0,7,400(-2),,,,[東]高柳瑞樹,原禮子,300.0,202005020806
3,6,9,ルミエールソレイユ,牝4,55,野中悠太,1:25.3,2,**,,,,,2-2,36.9,4.9,3,468(+4),,,,[東]粕谷昌央,岡田牧雄,190.0,202005020806
4,8,13,プリンシアルーチェ,牝4,55,三浦皇成,1:25.4,クビ,**,,,,,7-7,36.2,4.1,1,500(+6),,,,[東]宮田敬介,芳川貴行,110.0,202005020806
5,7,11,リワードノルン,牝4,55,横山典弘,1:25.6,1.1/4,**,,,,,4-5,36.7,9.5,5,472(-2),,,,[東]藤原辰雄,宮崎冴子,76.0,202005020806
6,4,6,タツオウカランブ,牝5,55,木幡巧也,1:26.0,2.1/2,**,,,,,8-8,36.7,91.5,12,502(0),,,,[東]古賀史生,鈴木高幸,,202005020806
7,6,10,ネイビーアッシュ,牝5,55,池添謙一,1:26.2,1.1/4,**,,,,,8-9,36.7,10.0,6,490(-2),,,,[東]萩原清,吉田勝己,,202005020806
8,5,7,アポロアミ,牝5,55,ルメール,1:26.2,クビ,**,,,,,10-10,36.4,4.2,2,470(+4),,,,[東]矢野英一,アポロサラブレッドクラブ,,202005020806
9,3,4,ラプターゲイル,牝5,55,嘉藤貴行,1:26.3,クビ,**,,,,,6-5,37.4,188.3,14,456(-6),,,,[東]佐藤吉勝,ビッグレッドファーム,,202005020806
10,5,8,カズミドリーム,牝5,55,田中勝春,1:26.3,ハナ,**,,,,,10-10,36.5,26.5,8,468(-4),,,,[東]中野栄治,藤沼利夫,,202005020806
11,1,1,ラブインブルーム,牝4,53,木幡育也,1:26.3,クビ,**,,,,,13-13,36.2,81.2,11,426(+10),,,,[東]萱野浩二,大樹ファーム,,202005020806
12,4,5,レイナブローニュ,牝4,55,北村宏司,1:26.7,2,**,,,,,3-3,38.2,53.0,9,458(+6),,,,[東]古賀慎明,山本又一郎,,202005020806
13,7,12,フランシス,牝4,55,横山和生,1:26.8,1/2,**,,,,,10-10,37.0,53.8,10,474(-8),,,,[東]竹内正洋,田島榮二郎,,202005020806
14,2,2,ラタンドレス,牝7,55,江田照男,1:27.2,2.1/2,**,,,,,13-13,37.1,118.9,13,482(+4),,,,[東]小手川準,ノルマンディーサラブレッドレーシング,,202005020806
1,5,10,トロシュナ,牝4,55,レーン,1:19.9,,**,,,,,6-6,33.9,3.7,1,466(+8),,,,[東]大竹正博,サンデーレーシング,760.0,202005020807
2,4,7,アイワナビリーヴ,牝4,55,三浦皇成,1:19.9,クビ,**,,,,,9-8,33.7,5.8,2,470(+4),,,,[東]戸田博文,ＤＭＭドリームクラブ,300.0,202005020807
3,2,3,マサノアッレーグラ,牝5,55,川田将雅,1:20.0,クビ,**,,,,,3-3,34.9,8.1,6,506(+10),,,,[東]大竹正博,中村時子,190.0,202005020807
4,1,1,ドクターデューン,牝5,55,横山和生,1:20.2,1.1/2,**,,,,,4-4,34.9,68.6,11,482(-4),,,,[東]菊沢隆徳,松岡悟,110.0,202005020807
5,5,9,キングドンドルマ,牡5,57,松山弘平,1:20.4,1.1/4,**,,,,,5-5,34.9,19.1,9,474(+2),,,,[東]伊藤伸一,田頭勇貴,76.0,202005020807
6,7,13,シャンデフレーズ,牝4,53,木幡育也,1:20.6,1.1/4,**,,,,,2-2,35.6,7.0,4,420(-2),,,,[東]中舘英二,キャロットファーム,,202005020807
7,2,4,マーヴェラスクイン,牝4,55,内田博幸,1:20.7,クビ,**,,,,,1-1,35.9,75.2,12,422(+6),,,,[東]古賀慎明,山本又一郎,,202005020807
8,7,14,スズレジーム,牝6,55,武士沢友,1:20.8,1/2,**,,,,,6-6,34.8,367.2,16,454(-6),,,,[東]高橋裕,森達郎,,202005020807
9,6,11,ストームウォリアー,セ4,57,武藤雅,1:21.0,1,**,,,,,16-16,33.3,86.6,13,472(-6),,,,[東]中川公成,伊東純一,,202005020807
9,8,16,レディードリー,牝4,55,柴田善臣,1:21.0,同着,**,,,,,11-11,34.2,8.0,5,442(0),,,,[東]深山雅史,小林博雄,,202005020807
11,3,6,リーディングエッジ,セ5,57,嘉藤貴行,1:21.0,クビ,**,,,,,12-10,34.5,17.9,8,490(-14),,,,[東]高柳瑞樹,ゴドルフィン,,202005020807
12,8,17,ウエスタンランポ,牝4,55,江田照男,1:21.0,クビ,**,,,,,14-14,33.5,136.3,15,406(0),,,,[東]深山雅史,西川賢,,202005020807
13,6,12,サクステッド,セ5,57,福永祐一,1:21.3,2,**,,,,,8-8,35.1,11.6,7,476(-20),,,,[東]小西一男,キャロットファーム,,202005020807
14,8,15,ヴィンチェロ,牡4,57,横山典弘,1:21.5,1.1/4,**,,,,,9-11,34.8,54.2,10,488(-15),,,,[東]武井亮,磯波勇Ｆ,,202005020807
15,3,5,ガイセン,牡4,57,木幡巧也,1:21.6,1/2,**,,,,,17-16,33.9,86.9,14,436(-2),,,,[東]岩戸孝樹,中村智幸,,202005020807
16,1,2,サトノコメット,牝5,55,Ｍ．デム,1:22.1,3,**,,,,,13-13,34.8,6.8,3,466(+2),,,,[東]奥村武,サトミホースカンパニー,,202005020807
17,4,8,ラバストーン,牡4,57,岩部純二,1:23.1,6,**,,,,,14-14,35.6,473.6,17,474(-4),,,,[東]大江原哲,田頭勇貴,,202005020807
1,4,4,アイスフィヨルド,牡5,57,武藤雅,1:33.4,,**,,,,,4-4,33.4,14.3,6,448(-4),,,,[東]武藤善則,佐々木雄二,"1,100.0",202005020808
2,8,10,アオイシンゴ,セ6,57,内田博幸,1:33.4,ハナ,**,,,,,3-3,33.6,3.2,2,498(+16),,,,[東]古賀慎明,新谷幸義,440.0,202005020808
3,7,7,メッシーナ,牝4,55,武豊,1:33.6,1.1/2,**,,,,,4-6,33.5,9.2,4,468(+2),,,,[東]萩原清,サンデーレーシング,280.0,202005020808
4,1,1,サトノフォース,牡4,57,ルメール,1:33.6,クビ,**,,,,,10-8,33.2,4.0,3,462(+4),,,,[東]藤沢和雄,サトミホースカンパニー,170.0,202005020808
5,5,5,ロジスカーレット,牡5,57,田辺裕信,1:34.2,3.1/2,**,,,,,7-6,34.0,29.1,8,446(0),,,,[東]国枝栄,久米田正明,110.0,202005020808
6,6,6,スペキュラース,牝4,55,木幡巧也,1:34.3,3/4,**,,,,,1-1,34.8,12.5,5,460(-6),,,,[東]高橋祥泰,ビッグレッドファーム,,202005020808
7,7,8,ゲバラ,牡4,57,Ｍ．デム,1:34.4,1/2,**,,,,,2-2,34.7,2.7,1,474(+4),,,,[東]伊藤大士,ニッシンホールディングス,,202005020808
8,8,9,ロードプレミアム,牡7,57,石川裕紀,1:34.5,クビ,**,,,,,4-4,34.5,25.1,7,506(+2),,,,[東]斎藤誠,ロードホースクラブ,,202005020808
9,3,3,カワキタピリカ,牡7,57,吉田豊,1:34.8,2,**,,,,,7-8,34.4,261.3,10,506(0),,,,[東]武市康男,川島吉男,,202005020808
10,2,2,エブリバディ,牡5,55,木幡育也,1:35.1,2,**,,,,,7-8,34.8,242.0,9,494(+24),,,,[東]尾形和幸,中西功,,202005020808
1,7,7,シングフォーユー,牝4,55,Ｍ．デム,1:58.3,,**,,,,,3-3-3,33.9,3.1,2,472(+4),,,,[東]牧光二,社台レースホース,"1,520.3",202005020809
2,5,5,ガロシェ,牝4,55,吉田豊,1:58.3,クビ,**,,,,,6-5-5,33.7,8.5,4,452(0),,,,[東]戸田博文,サンデーレーシング,605.8,202005020809
3,8,8,コンダクトレス,牝5,55,田辺裕信,1:58.3,ハナ,**,,,,,2-2-2,34.1,12.9,6,486(+2),,,,[東]小島茂之,キャロットファーム,382.9,202005020809
4,2,2,ダノンポピー,牝5,55,横山典弘,1:58.4,3/4,**,,,,,4-4-3,34.0,4.2,3,484(-6),,,,[東]尾関知人,ダノックス,230.0,202005020809
5,4,4,パルティアーモ,牝4,55,ルメール,1:58.4,アタマ,**,,,,,8-8-8,33.5,2.4,1,494(0),,,,[東]池上昌和,サンデーレーシング,150.0,202005020809
6,6,6,ハナザカリ,牝5,55,江田照男,1:58.8,2.1/2,**,,,,,1-1-1,34.9,66.2,7,498(+2),,,,[東]粕谷昌央,岡田壮史,,202005020809
7,1,1,メイオール,牝4,55,石橋脩,1:59.0,1.1/4,**,,,,,7-5-5,34.4,12.3,5,462(0),,,,[東]岩戸孝樹,千明牧場,,202005020809
8,3,3,ランペドゥーザ,牝4,55,岩部純二,2:00.8,大,**,,,,,4-5-5,36.2,149.6,8,480(0),,,,[東]大江原哲,ミルファーム,,202005020809
1,7,13,デュードヴァン,牡3,56,川田将雅,1:36.2,,**,,,,,7-6,36.5,7.9,4,474(0),,,,[東]加藤征弘,スリーエイチレーシング,"1,832.9",202005020810
2,2,3,ダノンファスト,牡3,56,横山典弘,1:36.2,クビ,**,,,,,12-12,36.0,4.4,2,460(-2),,,,[東]菊沢隆徳,ダノックス,729.4,202005020810
3,6,11,タガノビューティー,牡3,56,和田竜二,1:36.4,1.1/2,**,,,,,12-12,36.1,2.4,1,504(-2),,,,[西]西園正都,八木良司,454.7,202005020810
4,8,14,ショウナンナデシコ,牝3,54,石橋脩,1:36.4,ハナ,**,,,,,6-3,37.0,19.9,6,468(-6),,,,[西]須貝尚介,国本哲秀,270.0,202005020810
5,5,9,フルデプスリーダー,牡3,56,Ｍ．デム,1:36.6,1,**,,,,,11-11,36.5,10.5,5,476(+2),,,,[東]斎藤誠,小田吉男,180.0,202005020810
6,4,7,ムーランアンディゴ,牡3,56,柴田善臣,1:36.6,クビ,**,,,,,14-14,36.1,103.5,12,478(-8),,,,[東]田中博康,村上卓史,,202005020810
7,1,1,フォーテ,牡3,56,福永祐一,1:36.7,1/2,**,,,,,1-1,37.5,20.4,7,480(-8),,,,[西]藤原英昭,寺田寿男,,202005020810
8,6,10,シェダル,牡3,56,ルメール,1:37.3,3.1/2,**,,,,,7-8,37.5,6.4,3,528(+8),,,,[東]栗田徹,シルクレーシング,,202005020810
9,8,15,アウトウッズ,牡3,56,松山弘平,1:37.3,クビ,**,,,,,7-8,37.5,26.7,9,520(+4),,,,[西]浅見秀一,林正道,,202005020810
10,7,12,イモータルスモーク,牡3,56,田辺裕信,1:37.4,クビ,**,,,,,7-8,37.6,34.0,10,488(-2),,,,[東]金成貴史,レッドマジック,,202005020810
11,5,8,ヘイセイメジャー,牡3,56,池添謙一,1:38.9,9,**,,,,,4-6,39.3,244.2,15,462(-2),,,,[西]木原一良,菅藤宗一,,202005020810
12,4,6,プロヴィデンス,牡3,56,江田照男,1:39.1,1,**,,,,,2-3,39.7,161.3,13,474(-6),,,,[東]加藤士津,藤本栄史,,202005020810
13,2,2,アフィラトゥーラ,牡3,56,北村宏司,1:39.4,1.1/2,**,,,,,2-2,40.1,241.2,14,482(-6),,,,[西]森田直行,加藤誠,,202005020810
14,3,4,コパシーナ,セ3,56,三浦皇成,1:40.6,7,**,,,,,4-3,41.1,92.3,11,486(0),,,,[東]伊藤圭三,椎名節,,202005020810
15,3,5,ペールエール,牡3,56,武豊,1:42.3,大,**,,,,,15-15,41.2,24.9,8,494(-12),,,,[西]安田隆行,林正道,,202005020810
1,6,12,アーモンドアイ,牝5,55,ルメール,1:30.6,,**,,,,,4-4,32.9,1.4,1,486(0),,,,[東]国枝栄,シルクレーシング,"10,882.2",202005020811
2,8,18,サウンドキアラ,牝5,55,松山弘平,1:31.3,4,**,,,,,3-3,33.8,12.9,4,460(+2),,,,[西]安達昭夫,増田雄一,"4,309.2",202005020811
3,8,16,ノームコア,牝5,55,横山典弘,1:31.3,クビ,**,,,,,7-6,33.2,17.4,5,466(-12),,,,[東]萩原清,池谷誠一,"2,654.6",202005020811
4,7,13,トロワゼトワル,牝5,55,三浦皇成,1:31.4,1/2,**,,,,,1-1,34.7,123.8,12,466(-16),,,,[西]安田隆行,社台レースホース,"1,600.0",202005020811
5,4,7,ダノンファンタジー,牝4,55,川田将雅,1:31.5,1/2,**,,,,,6-6,33.5,18.4,6,466(-20),,,,[西]中内田充,ダノックス,"1,050.0",202005020811
6,2,4,シゲルピンクダイヤ,牝4,55,和田竜二,1:31.6,3/4,**,,,,,8-8,33.2,100.6,11,456(-2),,,,[西]渡辺薫彦,森中蕃,,202005020811
7,1,1,ラヴズオンリーユー,牝4,55,Ｍ．デム,1:31.8,1,**,,,,,8-8,33.5,9.5,3,466(-6),,,,[西]矢作芳人,ＤＭＭドリームクラブ,,202005020811
8,3,5,プリモシーン,牝5,55,レーン,1:32.0,1.1/4,**,,,,,8-11,33.4,7.5,2,496(-4),,,,[東]木村哲也,シルクレーシング,,202005020811
9,1,2,ビーチサンバ,牝4,55,福永祐一,1:32.0,クビ,**,,,,,13-11,33.4,38.1,9,468(0),,,,[西]友道康夫,金子真人ホールディングス,,202005020811
10,2,3,シャドウディーヴァ,牝4,55,池添謙一,1:32.2,1.1/2,**,,,,,12-13,33.4,86.0,10,472(+8),,,,[東]斎藤誠,スリーエイチレーシング,,202005020811
11,7,15,アルーシャ,牝5,55,北村宏司,1:32.3,1/2,**,,,,,15-15,33.2,288.4,15,442(+4),,,,[東]藤沢和雄,サンデーレーシング,,202005020811
12,3,6,トーセンブレス,牝5,55,柴田善臣,1:32.3,ハナ,**,,,,,15-15,33.3,223.0,13,474(+2),,,,[東]加藤征弘,島川隆哉,,202005020811
13,6,11,サトノガーネット,牝5,55,吉田豊,1:32.4,クビ,**,,,,,14-14,33.5,293.1,16,428(-12),,,,[西]矢作芳人,サトミホースカンパニー,,202005020811
14,8,17,コントラチェック,牝4,55,武豊,1:32.4,アタマ,**,,,,,2-2,35.4,31.9,8,466(-6),,,,[東]藤沢和雄,キャロットファーム,,202005020811
15,7,14,スカーレットカラー,牝5,55,石橋脩,1:32.8,2.1/2,**,,,,,8-8,34.5,21.0,7,482(-8),,,,[西]高橋亮,前田幸治,,202005020811
16,5,10,メジェールスー,牝5,55,岡田祥嗣,1:33.3,3,**,,,,,4-4,35.6,280.0,14,474(-10),,,,[西]藤原英昭,太田珠々子,,202005020811
取,4,8,ディメンシオン,牝6,55,松田大作,,,**,,,,,,,---,,計不,,,,[西]藤原英昭,広尾レース,,202005020811
取,5,9,セラピア,牝4,55,田辺裕信,,,**,,,,,,,---,,計不,,,,[西]藤岡健一,吉田照哉,,202005020811
1,7,14,サザンヴィグラス,牡5,57,Ｍ．デム,1:24.0,,**,,,,,7-8,36.4,5.8,3,492(-4),,,,[東]根本康広,村山忠弘,"1,856.4",202005020812
2,6,11,デピュティプライム,セ7,57,松山弘平,1:24.1,3/4,**,,,,,5-5,37.1,16.5,7,478(-4),,,,[東]小島茂之,丸山担,740.4,202005020812
3,8,16,ターゲリート,牡7,57,武藤雅,1:24.2,1/2,**,,,,,11-11,36.4,27.0,9,492(-2),,,,[東]戸田博文,Ｇ１レーシング,465.2,202005020812
4,4,7,グランソヴァール,牡4,57,ルメール,1:24.2,アタマ,**,,,,,6-6,36.9,6.3,4,514(-8),,,,[東]尾関知人,広尾レース,270.0,202005020812
5,2,4,タイセイプレシャス,セ8,57,石川裕紀,1:24.6,2.1/2,**,,,,,15-13,36.3,114.4,14,468(-4),,,,[東]池上昌和,田中成奉,91.0,202005020812
5,7,13,ローレルジャック,牡7,57,武士沢友,1:24.6,同着,**,,,,,7-6,37.3,59.6,10,500(+2),,,,[東]高橋裕,ローレルレーシング,91.0,202005020812
7,5,10,ハルクンノテソーロ,牡6,57,田辺裕信,1:24.6,クビ,**,,,,,11-8,37.0,11.6,5,476(-2),,,,[東]高木登,了徳寺健二ホールディングス,,202005020812
8,1,1,セイウンクールガイ,牡5,57,内田博幸,1:24.7,クビ,**,,,,,16-16,35.9,61.6,11,450(-2),,,,[東]奥平雅士,西山茂行,,202005020812
9,8,15,マンカストラップ,牡6,57,木幡巧也,1:24.9,1.1/2,**,,,,,11-11,37.1,146.4,15,492(-12),,,,[東]伊藤大士,ミルファーム,,202005020812
10,3,6,マイウェイアムール,牝5,55,野中悠太,1:25.0,1/2,**,,,,,3-3,38.5,17.8,8,476(+2),,,,[東]林徹,田畑利彦,,202005020812
11,1,2,プレシャスエース,牡7,57,横山典弘,1:25.2,3/4,**,,,,,1-1,39.3,113.7,13,518(0),,,,[東]高橋祥泰,鈴木芳夫,,202005020812
12,2,3,サンノゼテソーロ,牡4,57,武豊,1:25.7,3,**,,,,,11-13,37.4,4.7,2,464(+8),,,,[東]田中博康,了徳寺健二ホールディングス,,202005020812
13,3,5,ラスティユース,牡5,57,田中勝春,1:26.0,1.3/4,**,,,,,7-8,38.4,89.7,12,494(-4),,,,[東]松永康利,小林竜太郎,,202005020812
14,6,12,リモンディ,牡6,57,木幡育也,1:26.0,アタマ,**,,,,,4-4,39.1,239.7,16,552(-2),,,,[東]黒岩陽一,吉田和美,,202005020812
15,4,8,ペイシャネガノ,牝4,55,江田照男,1:26.8,5,**,,,,,2-2,40.5,16.4,6,470(+6),,,,[東]深山雅史,北所直人,,202005020812
16,5,9,リトルモンスター,牝4,55,レーン,1:31.0,大,**,,,,,10-13,42.7,2.9,1,470(-8),,,,[東]武井亮,吉田千津,,202005020812
1,7,10,ケイティクレバー,牡5,61,平沢健治,3:26.7,,,,,,,2-2-2-1,13.3,3.7,2,470(0),,,,[西]杉山晴紀,瀧本和義,"1,350.0",202005030101
2,3,3,セイウンフォーカス,牡5,60,中村将之,3:27.5,5,,,,,,13-13-10-9,13.4,73.0,12,484(+2),,,,[西]宮本博,西山茂行,540.0,202005030101
3,2,2,ノーザンクリス,牡5,60,五十嵐雄,3:27.8,1.3/4,,,,,,5-6-6-6,13.4,25.2,8,528(0),,,,[東]加藤征弘,加藤晃央,340.0,202005030101
4,8,12,スプリングボックス,牡6,61,森一馬,3:28.3,3,,,,,,3-3-3-3,13.4,3.0,1,498(+2),,,,[西]寺島良,吉田昌久,200.0,202005030101
5,1,1,シゲルピーマン,セ5,61,植野貴也,3:28.4,1/2,,,,,,10-10-8-7,13.4,11.8,6,472(+6),,,,[西]湯窪幸雄,森中蕃,135.0,202005030101
6,6,9,ホシルミエール,セ7,60,白浜雄造,3:28.4,クビ,,,,,,5-5-3-3,13.4,19.6,7,474(-4),,,,[西]庄野靖志,永井孝明,,202005030101
7,5,7,エムアイグランツ,牡4,60,金子光希,3:29.1,4,,,,,,7-7-7-7,13.5,54.6,10,518(+16),,,,[東]青木孝文,岩崎充利,,202005030101
8,4,5,コウキチョウサン,牡7,60,高田潤,3:29.1,クビ,,,,,,3-3-5-5,13.5,7.9,5,458(-6),,,,[東]和田正一,チョウサン,,202005030101
9,6,8,ワンスインアライフ,牡7,60,北沢伸也,3:29.8,4,,,,,,10-10-8-9,13.5,92.5,13,482(-4),,,,[西]谷潔,前田幸治,,202005030101
10,7,11,エジステンツァ,牡6,60,上野翔,3:29.9,1/2,,,,,,8-9-10-12,13.5,7.4,3,494(+4),,,,[東]田中博康,社台レースホース,,202005030101
11,5,6,ニーマルサンデー,牡6,60,江田勇亮,3:30.3,2.1/2,,,,,,8-7-10-11,13.6,32.7,9,480(0),,,,[東]田村康仁,板橋秋,,202005030101
中,4,4,ラヴアンドポップ,牡7,61,草野太郎,,,,,,,,10-10,,7.5,4,492(+14),,,,[東]岩戸孝樹,ゴドルフィン,,202005030101
中,8,13,バイオンディップス,牡8,60,山本康志,,,,,,,,1-1-1-2,,69.2,11,540(+8),,,,[東]小島茂之,丸山担,,202005030101
1,8,15,セルフィー,牝3,54,ルメール,1:25.7,,**,,,,,4-3,36.3,1.7,1,458(-4),,,,[東]藤沢和雄,フクキタル,510.0,202005030102
2,1,1,ウィップラッシュ,牝3,53,菊沢一樹,1:26.4,4,**,,,,,1-1,37.4,26.2,7,472(+4),,,,[東]菊沢隆徳,グランド牧場,200.0,202005030102
3,7,13,チャームインレース,牝3,54,三浦皇成,1:26.5,クビ,**,,,,,7-7,36.8,4.5,2,476(-2),,,,[東]中川公成,高橋明裕,130.0,202005030102
4,7,14,ダイユウローズ,牝3,54,木幡巧也,1:26.8,1.3/4,**,,,,,2-3,37.5,6.7,3,516(+4),,,,[東]松永康利,大友靖岐,77.0,202005030102
5,1,2,サンデープリンセス,牝3,54,横山武史,1:27.0,1.1/4,**,,,,,2-2,37.9,17.2,5,472(-4),,,,[東]加藤士津,藤田好紀,51.0,202005030102
6,6,12,アイドルヲサガセ,牝3,54,田辺裕信,1:27.6,3.1/2,**,,,,,8-8,37.6,9.8,4,438(0),,,,[東]小西一男,福田光博,,202005030102
7,4,8,アプローズパワー,牝3,52,菅原明良,1:27.8,1,**,,,,,11-12,37.3,161.7,10,428(-6),,,,[東]金成貴史,吉野弘司,,202005030102
8,5,10,クツワノオジョウ,牝3,51,小林脩斗,1:28.0,1.1/4,**,,,,,8-8,38.0,363.5,15,432(+4),,,,[東]岩戸孝樹,芳賀克也,,202005030102
9,2,3,スローフード,牝3,54,田中勝春,1:28.3,2,**,,,,,5-5,38.7,24.7,6,448(+2),,,,[東]田島俊明,村野康司,,202005030102
10,4,7,ユニークマイア,牝3,52,木幡育也,1:28.4,1/2,**,,,,,13-13,37.7,251.4,14,414(0),,,,[東]和田雄二,吉田勝己,,202005030102
11,3,6,ベルダリーター,牝3,54,武藤雅,1:28.6,1,**,,,,,5-5,39.0,208.7,13,472(+6),,,,[東]水野貴広,桜井忠隆,,202005030102
12,3,5,ヨネンサンクミ,牝3,54,江田照男,1:28.6,クビ,**,,,,,13-13,38.0,187.5,12,440(+6),,,,[東]佐藤吉勝,藤本彰,,202005030102
13,5,9,ファイナルブション,牝3,54,宮崎北斗,1:28.7,クビ,**,,,,,15-15,37.6,408.8,16,424(-6),,,,[東]青木孝文,廣崎利洋ＨＤ,,202005030102
14,2,4,ムーニーヴァレー,牝3,54,丹内祐次,1:28.9,1.1/2,**,,,,,11-10,38.6,51.1,8,468(+10),,,,[東]伊藤大士,ビッグレッドファーム,,202005030102
15,8,16,ペイシャバレー,牝3,51,山田敬士,1:29.0,1/2,**,,,,,8-10,38.8,141.2,9,440(-4),,,,[東]高橋義博,北所直人,,202005030102
16,6,11,エリーザベト,牝3,54,丸山元気,1:33.2,大,**,,,,,16-16,40.0,176.0,11,450(0),,,,[東]南田美知,菅原広隆,,202005030102
1,3,5,デルマクリスタル,牝3,54,戸崎圭太,1:19.2,,**,,,,,7-7,36.4,2.8,1,464(+6),,,,[東]堀井雅広,浅沼廣幸,510.0,202005030103
2,5,9,パイプライン,セ3,56,田中勝春,1:19.4,1.1/4,**,,,,,9-10,36.3,9.6,5,480(-2),,,,[東]田中剛,青山洋一,200.0,202005030103
3,6,11,シゲルハウメア,牡3,56,田辺裕信,1:20.0,3.1/2,**,,,,,13-12,36.2,105.5,11,452(-6),,,,[東]浅野洋一,森中蕃,130.0,202005030103
4,1,2,フィーユレヴーズ,牝3,54,横山武史,1:20.1,1/2,**,,,,,3-2,37.8,5.2,2,450(0),,,,[東]斎藤誠,小田吉男,77.0,202005030103
5,3,6,リングアベル,牝3,54,ルメール,1:20.1,クビ,**,,,,,4-5,37.5,5.4,3,486(+4),,,,[東]萩原清,ノースヒルズ,51.0,202005030103
6,4,7,インプルソ,牡3,56,津村明秀,1:20.2,クビ,**,,,,,4-4,37.8,6.2,4,476(0),,,,[東]松山将樹,コスモヴューファーム,,202005030103
7,4,8,ロッソビアンコネロ,牡3,56,吉田豊,1:20.5,2,**,,,,,11-11,37.0,17.5,7,504(+2),,,,[東]田島俊明,星野隆男,,202005030103
8,2,3,キョウエイパラスト,牡3,56,宮崎北斗,1:21.1,3.1/2,**,,,,,16-14,36.8,223.4,12,498(0),,,,[東]中川公成,田中晴夫,,202005030103
9,8,16,スエーニョルシード,牡3,56,レーン,1:21.1,クビ,**,,,,,6-5,38.5,10.9,6,570(+10),,,,[東]武井亮,シルクレーシング,,202005030103
10,8,15,スイスライツ,牡3,56,横山和生,1:21.2,クビ,**,,,,,1-1,39.2,26.9,8,472(-2),,,,[東]竹内正洋,永田博之,,202005030103
11,7,13,チャーミングアクト,牝3,54,武藤雅,1:21.2,クビ,**,,,,,9-8,38.2,31.4,9,470(0),,,,[東]中舘英二,Ｇ１レーシング,,202005030103
12,5,10,パベーダ,牡3,56,内田博幸,1:21.6,2,**,,,,,11-12,37.8,314.0,14,436(-2),,,,[東]松山将樹,高岡浩行,,202005030103
13,1,1,ハヤブサピアーノ,牝3,54,北村宏司,1:22.3,4,**,,,,,2-2,40.0,76.4,10,472(+12),,,,[東]高柳瑞樹,武田修,,202005030103
14,6,12,アラマーチャン,牝3,51,山田敬士,1:23.0,4,**,,,,,15-16,38.2,295.6,13,448(0),,,,[東]小桧山悟,戸佐眞弓,,202005030103
15,7,14,タマモビックホーム,牡3,54,木幡育也,1:23.2,1.1/4,**,,,,,7-8,40.2,635.8,16,440(0),,,,[東]藤原辰雄,タマモ,,202005030103
16,2,4,レクレール,牡3,56,武士沢友,1:23.8,3.1/2,**,,,,,13-15,39.3,394.2,15,474(+6),,,,[東]堀井雅広,西森功,,202005030103
1,8,17,オルテール,牡3,54,レーン,1:35.0,,**,,,,,13-13,34.1,4.0,2,502(+20),,,,[東]堀宣行,吉田和美,510.0,202005030104
2,3,6,シラカワカツコ,牝3,54,江田照男,1:35.3,1.3/4,**,,,,,16-15,34.1,63.3,7,396(+4),,,,[東]伊藤伸一,大久保與志雄,200.0,202005030104
3,6,11,フジコウキ,牡3,54,木幡育也,1:35.3,クビ,**,,,,,13-15,34.2,19.2,5,436(-6),,,,[東]大江原哲,荒木誠,130.0,202005030104
4,7,15,トキメキ,牝3,54,木幡巧也,1:35.4,クビ,**,,,,,4-3,35.3,11.1,4,476(-2),,,,[東]斎藤誠,ミルファーム,77.0,202005030104
5,7,13,パンダノポケット,牝3,54,大庭和弥,1:35.4,クビ,**,,,,,8-7,35.0,604.5,17,420(-4),,,,[東]高橋文雅,石瀬浩三,51.0,202005030104
6,4,8,キャツクレードル,牝3,52,藤田菜七,1:35.4,クビ,**,,,,,3-3,35.4,334.9,14,448(+4),,,,[東]佐藤吉勝,石瀬浩三,,202005030104
7,5,9,ラゴンダカフェ,牝3,53,菊沢一樹,1:35.5,クビ,**,,,,,17-17,33.7,127.2,9,444(0),,,,[東]和田勇介,西川光一,,202005030104
8,5,10,チャムランテソーロ,牡3,56,戸崎圭太,1:35.6,1/2,**,,,,,13-13,34.6,5.4,3,462(-4),,,,[東]田中博康,了徳寺健二ホールディングス,,202005030104
9,4,7,イルミナル,牝3,54,ルメール,1:35.7,1/2,**,,,,,11-10,34.9,1.7,1,414(-6),,,,[東]奥村武,キャロットファーム,,202005030104
10,8,16,タマノシュシュ,牝3,54,横山武史,1:35.7,クビ,**,,,,,5-5,35.5,21.7,6,430(+6),,,,[東]菊川正達,玉腰勇吉,,202005030104
11,6,12,グランバル,牡3,56,黛弘人,1:35.7,アタマ,**,,,,,9-10,35.0,288.2,12,444(-20),,,,[東]和田雄二,ターフ・スポート,,202005030104
12,2,3,ディープブルーム,牝3,54,丸田恭介,1:35.9,1,**,,,,,5-5,35.7,156.6,10,476(+8),,,,[東]岩戸孝樹,横瀬兼二,,202005030104
13,8,18,ウメノハナ,牝3,54,武藤雅,1:36.0,1/2,**,,,,,1-1,36.9,403.9,15,452(+4),,,,[東]小島茂之,梅村浩,,202005030104
14,1,1,シバノレイワ,牡3,56,北村宏司,1:36.3,2,**,,,,,11-9,35.7,309.3,13,452(+2),,,,[東]萱野浩二,柴一男,,202005030104
15,2,4,トーセンコパン,牡3,56,横山和生,1:37.3,6,**,,,,,7-7,36.9,201.0,11,484(+16),,,,[東]古賀史生,島川隆哉,,202005030104
16,7,14,サンシエ,牝3,54,丹内祐次,1:37.7,2.1/2,**,,,,,9-10,37.0,714.0,18,476(-6),,,,[東]高橋裕,ビッグレッドファーム,,202005030104
17,1,2,シカゴテソーロ,牝3,51,原優介,1:37.8,1/2,**,,,,,2-2,38.2,522.9,16,474(+2),,,,[東]奥平雅士,了徳寺健二ホールディングス,,202005030104
18,3,5,レッドベロム,牡3,54,菅原明良,1:44.3,大,**,,,,,18-18,39.4,79.6,8,510(0),,,,[東]鹿戸雄一,東京ホースレーシング,,202005030104
1,5,5,ウインアグライア,牝2,54,横山武史,1:37.2,,**,,,,,3-4,33.8,109.3,8,448(0),,,,[東]和田雄二,ウイン,700.0,202005030105
2,7,7,ブエナベントゥーラ,牡2,54,レーン,1:37.2,クビ,**,,,,,5-5,33.7,1.5,1,488(0),,,,[東]堀宣行,サンデーレーシング,280.0,202005030105
3,7,8,サンハーリンゲン,牡2,54,丸山元気,1:37.4,1.1/2,**,,,,,2-2,34.2,24.2,5,456(0),,,,[東]藤原辰雄,加藤ステーブル,180.0,202005030105
4,8,9,トーセンアレックス,牡2,54,田辺裕信,1:37.6,1.1/4,**,,,,,3-2,34.3,24.4,6,452(0),,,,[東]尾形和幸,島川隆哉,110.0,202005030105
5,8,10,セイウンブリスク,牡2,54,石川裕紀,1:37.7,クビ,**,,,,,1-1,34.8,4.8,2,506(0),,,,[東]手塚貴久,西山茂行,70.0,202005030105
6,4,4,キュムロンニンバス,牡2,54,岩部純二,1:38.4,4,**,,,,,8-8,34.4,201.0,9,464(0),,,,[東]南田美知,ミルファーム,,202005030105
7,3,3,ショベルヘッド,牡2,54,ルメール,1:38.4,ハナ,**,,,,,6-6,34.6,6.2,3,466(0),,,,[東]藤沢和雄,長谷川祐司,,202005030105
8,6,6,リッチアロマ,牝2,54,丹内祐次,1:38.5,3/4,**,,,,,6-6,34.8,216.0,10,408(0),,,,[東]天間昭一,ビッグレッドファーム,,202005030105
9,1,1,トゥーフェイス,牡2,54,横山典弘,1:38.6,3/4,**,,,,,9-8,34.5,12.4,4,470(0),,,,[東]新開幸一,社台レースホース,,202005030105
10,2,2,バルネージュ,牡2,54,木幡巧也,1:39.2,3.1/2,**,,,,,9-8,35.1,43.9,7,498(0),,,,[東]牧光二,手嶋康雄,,202005030105
1,6,11,ブルーノジュネス,牡3,56,田中勝春,1:37.7,,**,,,,,2-1,36.9,4.6,2,480(-10),,,,[東]宗像義忠,島川隆哉,510.0,202005030106
2,5,10,ピースボヌール,牡3,56,内田博幸,1:38.3,3.1/2,**,,,,,6-6,36.5,23.1,5,494(+4),,,,[東]斎藤誠,スリーエイチレーシング,200.0,202005030106
3,2,3,エリモグリッター,セ3,56,武藤雅,1:38.7,2.1/2,**,,,,,4-3,37.5,29.3,7,446(-8),,,,[東]中野栄治,山本三津子,130.0,202005030106
4,1,2,ムーンダイアローグ,牡3,56,石橋脩,1:39.3,3.1/2,**,,,,,11-11,36.8,8.4,4,452(0),,,,[東]矢野英一,大塚亮一,77.0,202005030106
5,7,13,スウェアー,牡3,56,木幡初也,1:39.4,3/4,**,,,,,7-7,37.4,94.9,10,512(+8),,,,[東]杉浦宏昭,吉田照哉,51.0,202005030106
6,6,12,リンドウ,牝3,54,宮崎北斗,1:39.5,1/2,**,,,,,5-5,38.0,239.6,14,428(-2),,,,[東]中川公成,千葉正人,,202005030106
7,4,7,ジョイボヌール,牡3,56,吉田豊,1:39.6,1/2,**,,,,,11-10,37.3,25.1,6,476(0),,,,[東]高橋文雅,石瀬浩三,,202005030106
8,8,16,サウンドトラック,牡3,56,レーン,1:40.1,3,**,,,,,10-9,37.9,1.9,1,498(-6),,,,[東]尾関知人,グリーンファーム,,202005030106
9,4,8,カナライズ,牡3,56,丸山元気,1:40.7,3.1/2,**,,,,,7-7,38.6,74.0,9,470(+2),,,,[東]中舘英二,水上行雄,,202005030106
10,3,5,ブライトンビーチ,牡3,54,菅原明良,1:40.9,1.1/4,**,,,,,1-2,40.0,146.8,11,480(0),,,,[東]武市康男,坂巻勝彦,,202005030106
11,7,14,ヤマタケピースフル,セ3,56,岩部純二,1:41.0,1/2,**,,,,,16-16,37.6,443.4,16,440(-10),,,,[東]萱野浩二,山中和子,,202005030106
12,8,15,イントゥザスカイ,牡3,56,横山武史,1:41.3,2,**,,,,,13-13,38.4,36.2,8,506(-14),,,,[東]和田正一,山内晃,,202005030106
13,5,9,セレーネグランツ,牝3,54,ルメール,1:41.5,1.1/4,**,,,,,13-15,38.4,4.6,3,446(+4),,,,[東]加藤征弘,林正道,,202005030106
14,3,6,ヴァンダーファルケ,牡3,53,山田敬士,1:42.0,3,**,,,,,2-4,40.6,189.5,12,466(-12),,,,[東]大和田成,長浜牧場,,202005030106
15,1,1,オールドパル,牝3,54,三浦皇成,1:42.6,3.1/2,**,,,,,15-13,39.8,230.9,13,460(-6),,,,[東]萩原清,高橋大,,202005030106
16,2,4,ツウカイヴィータ,牝3,54,勝浦正樹,1:43.7,7,**,,,,,7-11,41.1,287.2,15,462(+16),,,,[東]高橋裕,木村直樹,,202005030106
1,7,13,プリマジア,牡3,54,田辺裕信,1:24.5,,**,,,,,10-9,35.4,2.5,1,448(-6),,,,[東]金成貴史,藤沼利夫,760.0,202005030107
2,3,6,アキノスマート,牡3,54,横山典弘,1:24.6,3/4,**,,,,,7-7,35.7,3.3,2,500(+16),,,,[東]田中剛,穐吉正孝,300.0,202005030107
3,2,4,チェスナットロール,牝3,52,内田博幸,1:25.3,4,**,,,,,2-2,37.2,47.9,11,444(-6),,,,[東]浅野洋一,田頭勇貴,190.0,202005030107
4,6,11,リアンフィーユ,牝3,52,横山武史,1:25.7,2.1/2,**,,,,,13-13,35.9,18.9,7,454(+10),,,,[東]斎藤誠,ＣＨＥＶＡＬＡＴＴＡＣＨＥ,110.0,202005030107
5,2,3,ルミエールソレイユ,牝4,55,野中悠太,1:25.7,ハナ,**,,,,,1-1,37.8,12.4,4,470(+2),,,,[東]粕谷昌央,岡田牧雄,76.0,202005030107
6,3,5,スズカコーズマンボ,牡3,54,北村宏司,1:25.7,クビ,**,,,,,13-13,35.9,32.9,9,468(-4),,,,[東]伊藤圭三,永井啓弍,,202005030107
7,5,10,ヴァンデリオン,牡3,52,藤田菜七,1:25.8,1/2,**,,,,,5-5,37.2,7.5,3,476(+6),,,,[東]根本康広,村山忠弘,,202005030107
8,1,1,ロジポルカ,牡4,56,菊沢一樹,1:25.9,1/2,**,,,,,15-15,35.9,49.4,12,474(+4),,,,[東]菊沢隆徳,久米田正明,,202005030107
9,1,2,グレイスアン,牝4,55,木幡巧也,1:26.0,1/2,**,,,,,4-3,37.6,35.3,10,494(+14),,,,[東]斎藤誠,ＴＵＲＦレーシング,,202005030107
10,8,16,ペイシャチャーム,牝3,49,山田敬士,1:26.2,1.1/4,**,,,,,8-7,37.3,30.9,8,450(-2),,,,[東]小手川準,北所直人,,202005030107
11,8,15,ジーニー,牡4,57,三浦皇成,1:26.5,2,**,,,,,8-9,37.3,13.9,5,502(0),,,,[東]田村康仁,ディアレストクラブ,,202005030107
12,5,9,ロークアルルージュ,牡4,57,戸崎圭太,1:26.5,ハナ,**,,,,,11-11,36.9,18.7,6,556(+6),,,,[東]手塚貴久,尾崎恒男,,202005030107
13,6,12,ヤサカリベルテ,牡4,57,武藤雅,1:26.9,2.1/2,**,,,,,15-15,36.9,316.8,16,456(-12),,,,[東]水野貴広,志邑宣彦,,202005030107
14,7,14,ヤマタケクララ,牝3,50,菅原明良,1:27.4,3,**,,,,,6-5,38.8,167.6,15,468(0),,,,[東]矢野英一,山中佳代,,202005030107
15,4,8,ハディア,牡3,54,江田照男,1:27.4,アタマ,**,,,,,11-12,37.7,75.5,13,442(0),,,,[東]粕谷昌央,ターフ・スポート,,202005030107
16,4,7,ファンファン,牡3,52,木幡育也,1:30.1,大,**,,,,,3-3,41.8,87.4,14,440(-6),,,,[東]深山雅史,櫻井正,,202005030107
1,3,4,キタサンバルカン,牡4,57,ルメール,2:19.0,,**,,,,,3-2-2-2,33.8,1.8,1,438(+2),,,,[東]奥村武,大野商事,760.0,202005030108
2,2,2,カンバラ,牝3,51,武藤雅,2:19.2,1.1/4,**,,,,,1-1-1-1,34.4,14.7,4,482(+10),,,,[東]黒岩陽一,ゴドルフィン,300.0,202005030108
3,8,14,ダノンラスター,セ4,57,レーン,2:19.8,3.1/2,**,,,,,4-4-4-4,34.2,6.3,3,464(-8),,,,[東]堀宣行,ダノックス,190.0,202005030108
4,3,3,コロンドール,牡3,53,横山武史,2:20.2,2.1/2,**,,,,,10-10-8-5,34.3,3.4,2,500(-8),,,,[東]和田雄二,栗坂崇,110.0,202005030108
5,5,7,シトラスクーラー,セ7,55,菅原明良,2:20.5,2,**,,,,,10-11-10-8,34.3,28.5,6,456(+4),,,,[東]高木登,Ｇ１レーシング,76.0,202005030108
6,4,6,ナミブ,セ4,57,岩部純二,2:20.5,クビ,**,,,,,9-8-9-10,34.1,42.0,8,440(0),,,,[東]南田美知,ミルファーム,,202005030108
7,5,8,ロイヤルディクリー,牡5,54,山田敬士,2:20.5,ハナ,**,,,,,6-7-6-8,34.3,157.7,13,536(+2),,,,[東]小桧山悟,Ｍｒ．ホース,,202005030108
8,6,10,マイティウェイ,牡4,57,丸山元気,2:20.6,3/4,**,,,,,2-3-3-3,35.2,26.4,5,488(+4),,,,[東]粕谷昌央,ヒダカ・ブリーダーズ・ユニオン,,202005030108
9,7,12,ガトン,セ4,57,石川裕紀,2:20.7,1/2,**,,,,,7-6-6-5,34.9,93.5,12,498(-6),,,,[東]相沢郁,畑佐博,,202005030108
10,8,13,サンライズアキレス,牡4,57,三浦皇成,2:21.1,2.1/2,**,,,,,13-13-13-12,34.5,42.3,9,492(-8),,,,[西]新谷功一,松岡隆雄,,202005030108
11,1,1,マイネルコロンブス,牡3,53,丹内祐次,2:21.8,4,**,,,,,10-12-10-10,35.4,35.9,7,462(-6),,,,[東]清水英克,サラブレッドクラブ・ラフィアン,,202005030108
12,6,9,ヒラボククイーン,牝3,49,藤田菜七,2:22.1,2,**,,,,,7-8-10-13,35.4,73.2,11,462(-2),,,,[東]国枝栄,平田牧場,,202005030108
中,7,11,エコロタイガー,牡3,51,木幡育也,,,**,,,,,4-4-4-7,,60.9,10,528(+2),,,,[東]岩戸孝樹,原村正紀,,202005030108
取,4,5,インペリアルフィズ,牡6,57,石橋脩,,,**,,,,,,,---,,計不,,,,[東]和田勇介,社台レースホース,,202005030108
1,8,12,レッドアルマーダ,セ4,57,ルメール,1:46.4,,**,,,,,2-3-3,33.7,3.0,1,530(-10),,,,[東]藤沢和雄,東京ホースレーシング,"1,091.5",202005030109
2,8,13,カナロアガール,牝4,55,田辺裕信,1:46.5,3/4,**,,,,,12-10-9,33.3,7.4,4,466(+2),,,,[東]田村康仁,広尾レース,429.0,202005030109
3,2,2,ビバヴィットーリオ,牡3,54,レーン,1:46.5,クビ,**,,,,,1-1-1,34.1,3.6,2,514(+4),,,,[東]戸田博文,平井裕,274.5,202005030109
4,6,8,ディアセオリー,牡3,54,三浦皇成,1:46.6,1/2,**,,,,,10-10-11,33.2,3.9,3,486(+2),,,,[東]高木登,ディアレストクラブ,160.0,202005030109
5,1,1,スパークオブライフ,牝4,55,戸崎圭太,1:46.6,アタマ,**,,,,,5-4-3,33.9,18.2,7,404(+2),,,,[東]小島茂之,西見徹也,106.0,202005030109
6,6,9,ペルソナデザイン,牡4,57,丸山元気,1:46.8,1.1/4,**,,,,,7-8-9,33.6,15.0,6,476(+2),,,,[東]大竹正博,Ｇ１レーシング,,202005030109
7,4,4,ミチビキ,牝4,55,丹内祐次,1:47.0,1.1/4,**,,,,,2-2-2,34.5,48.9,8,486(+4),,,,[東]蛯名利弘,ブルースターズファーム,,202005030109
8,3,3,キョウエイゴー,牡3,54,内田博幸,1:47.1,1/2,**,,,,,7-6-6,34.2,103.2,11,496(+2),,,,[東]萱野浩二,田中晴夫,,202005030109
9,5,6,ウエスタンランポ,牝4,55,菊沢一樹,1:47.1,クビ,**,,,,,7-8-8,34.0,221.6,12,402(-4),,,,[東]深山雅史,西川賢,,202005030109
10,5,7,ジュエルタワー,牝3,52,津村明秀,1:47.8,4,**,,,,,5-6-6,34.9,13.2,5,448(-4),,,,[東]尾形和幸,社台レースホース,,202005030109
11,7,10,オノーレペスカ,牝4,55,山田敬士,1:48.0,1.1/4,**,,,,,11-12-12,34.3,354.2,13,432(-2),,,,[東]小桧山悟,三岡陽,,202005030109
12,7,11,エバンタイユドール,牝3,52,木幡育也,1:48.1,3/4,**,,,,,13-13-12,34.4,103.2,10,510(+6),,,,[東]小桧山悟,井上久光,,202005030109
13,4,5,コスモシークレット,牡3,54,横山武史,1:48.6,3,**,,,,,4-4-5,35.8,66.7,9,450(0),,,,[東]高橋義博,ビッグレッドファーム,,202005030109
1,7,14,タガノスカイハイ,牡5,55,浜中俊,1:20.1,,**,,,,,6-6,33.6,17.0,8,492(-6),,,,[西]角田晃一,八木良司,"1,538.5",202005030110
2,7,13,ペイシャドリーム,牝4,53,的場勇人,1:20.1,クビ,**,,,,,2-2,34.0,32.9,12,456(+4),,,,[東]高橋義博,北所直人,611.0,202005030110
3,6,12,アルミューテン,牝6,52,丹内祐次,1:20.3,1.1/4,**,,,,,1-1,34.5,32.7,11,500(-4),,,,[東]南田美知,伊達敏明,385.5,202005030110
4,3,5,キャッチミーアップ,牝5,52,丸山元気,1:20.3,ハナ,**,,,,,4-4,33.9,20.4,9,464(-6),,,,[西]河内洋,畑佐博,230.0,202005030110
5,8,15,ペコリーノロマーノ,牝3,51,菅原明良,1:20.3,クビ,**,,,,,4-4,34.0,12.2,7,432(+2),,,,[東]久保田貴,平田修,150.0,202005030110
6,1,2,コスモエスパーダ,牡4,56,レーン,1:20.5,1,**,,,,,2-2,34.3,2.9,1,480(0),,,,[東]伊藤大士,ビッグレッドファーム,,202005030110
7,3,6,シセイタイガ,牡4,55,三浦皇成,1:20.6,1/2,**,,,,,8-8,33.8,7.3,2,444(-8),,,,[東]高橋文雅,猪苗代勇,,202005030110
8,8,16,スズカアーチスト,牝5,53,江田照男,1:20.7,1/2,**,,,,,6-6,34.1,11.5,6,464(-6),,,,[東]柄崎孝,永井啓弍,,202005030110
9,5,9,プリミエラムール,牝4,52,丸田恭介,1:20.7,クビ,**,,,,,13-12,33.6,97.8,14,448(+2),,,,[東]田島俊明,ライオンレースホース,,202005030110
10,2,3,オータムレッド,牝3,51,武藤雅,1:20.8,3/4,**,,,,,12-11,33.8,8.3,5,432(0),,,,[東]手塚貴久,青芝商事,,202005030110
11,5,10,ミモザイエロー,牝4,52,吉田豊,1:20.9,1/2,**,,,,,13-14,33.6,8.3,4,456(-4),,,,[東]戸田博文,青芝商事,,202005030110
12,1,1,オーシャンビュー,牡7,53,嘉藤貴行,1:20.9,クビ,**,,,,,15-14,33.7,243.1,17,456(+2),,,,[東]伊藤伸一,冨沢敦子,,202005030110
13,4,8,ロジスカーレット,牡5,54,田辺裕信,1:21.0,3/4,**,,,,,10-8,34.2,29.2,10,444(-2),,,,[東]国枝栄,久米田正明,,202005030110
14,2,4,ショウナンバニラ,牝4,54,北村宏司,1:21.1,クビ,**,,,,,17-16,33.5,60.4,13,424(-6),,,,[東]武市康男,湘南,,202005030110
15,4,7,ドウディ,牡6,53,菊沢一樹,1:21.2,1/2,**,,,,,10-12,34.1,242.4,16,484(+6),,,,[東]小野次郎,ｅ馬主組合,,202005030110
16,6,11,ココフィーユ,牝4,53,戸崎圭太,1:21.7,3,**,,,,,16-16,34.1,8.3,3,444(-2),,,,[東]斎藤誠,スリーエイチレーシング,,202005030110
17,8,17,ビヨンジオール,牡8,54,柴田善臣,1:21.8,3/4,**,,,,,8-10,34.9,146.2,15,510(-6),,,,[東]的場均,林正道,,202005030110
1,6,6,エルデュクラージュ,セ6,57,ルメール,2:09.9,,**,,,,,2-2-2-2,35.5,4.6,3,502(0),,,,[西]池添学,キャロットファーム,"2,221.0",202005030111
2,7,8,マスターフェンサー,牡4,56,浜中俊,2:10.0,3/4,**,,,,,6-6-5-3,35.5,2.1,1,496(+8),,,,[西]角田晃一,吉澤克己,886.0,202005030111
3,8,10,サトノティターン,牡7,59,レーン,2:10.3,1.3/4,**,,,,,8-8-8-6,35.5,4.0,2,582(-4),,,,[東]堀宣行,里見治紀,553.0,202005030111
4,2,2,ロードブレス,牡4,56,三浦皇成,2:10.3,クビ,**,,,,,3-4-3-3,35.7,8.5,4,504(-6),,,,[西]奥村豊,ロードホースクラブ,330.0,202005030111
5,3,3,アルドーレ,牡5,56,横山典弘,2:10.3,アタマ,**,,,,,10-10-10-9,35.2,21.6,6,504(+28),,,,[西]昆貢,安原浩司,220.0,202005030111
6,8,9,チェスナットコート,牡6,56,石川裕紀,2:10.4,クビ,**,,,,,3-3-3-3,35.9,134.4,10,462(-8),,,,[西]矢作芳人,窪田康志,,202005030111
7,5,5,ダイシンインディー,牡4,56,吉田豊,2:10.5,3/4,**,,,,,1-1-1-1,36.2,11.2,5,546(+2),,,,[東]戸田博文,大八木信行,,202005030111
8,7,7,メイプルブラザー,牡6,56,森裕太朗,2:10.5,ハナ,**,,,,,8-8-8-9,35.4,34.8,7,506(0),,,,[西]清水久詞,節英司,,202005030111
9,1,1,ホーリーブレイズ,牡6,56,内田博幸,2:10.5,アタマ,**,,,,,6-6-5-6,35.7,73.3,9,478(+6),,,,[西]高柳大輔,村上憲政,,202005030111
10,4,4,テルペリオン,牡6,58,横山武史,2:11.0,3,**,,,,,5-5-7-6,36.2,67.7,8,524(-6),,,,[西]寺島良,ダイリン,,202005030111
1,7,14,ブランクチェック,牝3,52,戸崎圭太,1:36.8,,**,,,,,2-2,36.3,2.7,1,478(-2),,,,[東]栗田徹,ゴドルフィン,"1,100.0",202005030112
2,5,9,サルサレイア,牝4,55,丸山元気,1:37.2,2.1/2,**,,,,,10-10,35.7,4.3,2,488(+2),,,,[西]羽月友彦,菅原広隆,440.0,202005030112
3,1,2,モリトシラユリ,牝6,53,菅原明良,1:37.4,1.1/4,**,,,,,11-10,36.0,31.4,10,502(+10),,,,[東]堀井雅広,浜本牧場,280.0,202005030112
4,4,8,アスターストーリー,牝6,55,武藤雅,1:37.4,クビ,**,,,,,4-4,36.7,31.1,9,462(-4),,,,[西]湯窪幸雄,加藤久枝,170.0,202005030112
5,6,12,アポロマーキュリー,牝6,55,横山武史,1:37.5,3/4,**,,,,,2-2,37.0,86.1,13,474(-2),,,,[東]鈴木伸尋,アポロサラブレッドクラブ,110.0,202005030112
6,7,13,イベリスリーフ,牝4,55,石橋脩,1:37.5,アタマ,**,,,,,1-1,37.1,7.0,4,458(+4),,,,[東]中舘英二,サンデーレーシング,,202005030112
7,3,5,トゥーフラッシー,牝4,52,山田敬士,1:37.7,1.1/4,**,,,,,13-12,36.0,32.6,11,468(0),,,,[東]小桧山悟,西森功,,202005030112
8,5,10,トゥインクルリーフ,牝4,55,ルメール,1:37.8,3/4,**,,,,,6-6,36.7,5.6,3,458(+18),,,,[西]吉岡辰弥,ノルマンディーサラブレッドレーシング,,202005030112
9,1,1,シアワセデス,牝7,53,藤田菜七,1:37.9,1/2,**,,,,,13-12,36.3,78.8,12,488(-8),,,,[西]浜田多実,窪田康志,,202005030112
10,8,16,フラッシングジェム,牝4,55,横山和生,1:38.1,1,**,,,,,7-8,36.9,12.7,5,476(-2),,,,[東]大和田成,社台レースホース,,202005030112
11,3,6,クリッパー,牝5,55,内田博幸,1:38.1,ハナ,**,,,,,13-15,36.1,29.6,8,490(-6),,,,[東]高橋文雅,吉田和美,,202005030112
12,2,4,サムシングフレア,牝7,55,木幡巧也,1:38.2,1/2,**,,,,,16-16,36.0,273.0,16,502(-2),,,,[東]松山将樹,阿部善武,,202005030112
13,8,15,ドヒョウギワ,牝5,55,黛弘人,1:39.0,5,**,,,,,4-5,38.1,170.4,15,508(+26),,,,[東]中野栄治,芳賀克也,,202005030112
14,6,11,モリノカワセミ,牝4,53,木幡育也,1:39.1,1/2,**,,,,,7-8,37.9,25.4,7,458(0),,,,[東]大江原哲,森和久,,202005030112
15,4,7,スコッチリール,牝4,55,北村宏司,1:39.2,3/4,**,,,,,11-12,37.5,19.7,6,466(+4),,,,[東]林徹,サンデーレーシング,,202005030112
16,2,3,ドゥエルメス,牝4,55,浜中俊,1:39.4,1.1/4,**,,,,,7-6,38.3,92.8,14,514(0),,,,[東]畠山吉宏,大塚亮一,,202005030112
1,3,6,クインズモモナ,牝3,54,田辺裕信,1:37.9,,**,,,,,2-2,36.4,11.8,6,484(+6),,,,[東]奥平雅士,亀田和弘,510.0,202005030201
2,5,10,ルレーヴドゥリリ,牝3,54,野中悠太,1:38.5,3.1/2,**,,,,,9-8,36.2,7.2,4,492(+2),,,,[東]田中剛,加藤誠,200.0,202005030201
3,4,8,ジュンヴァドス,牝3,54,北村宏司,1:38.6,1/2,**,,,,,12-11,36.0,64.2,10,404(-7),,,,[東]高柳瑞樹,河合裕明,130.0,202005030201
4,4,7,ネイビーロマン,牝3,52,藤田菜七,1:38.6,クビ,**,,,,,9-9,36.2,6.5,3,470(-2),,,,[東]古賀史生,平賀久枝,77.0,202005030201
5,6,11,スノーレイズ,牝3,52,木幡育也,1:38.9,1.3/4,**,,,,,14-11,36.3,16.1,7,436(0),,,,[東]菊川正達,ヒダカ・ブリーダーズ・ユニオン,51.0,202005030201
6,6,12,ソヨギ,牝3,54,吉田豊,1:38.9,クビ,**,,,,,1-1,37.5,2.1,1,468(+2),,,,[東]粕谷昌央,海谷幸司,,202005030201
7,2,4,マベルロンジュ,牝3,54,横山武史,1:39.1,1,**,,,,,4-5,37.1,9.8,5,464(+4),,,,[東]斎藤誠,落合幸弘,,202005030201
8,8,16,ビジョ,牝3,54,武士沢友,1:39.2,1/2,**,,,,,6-5,37.2,50.9,8,470(0),,,,[東]小手川準,京都ホースレーシング,,202005030201
9,2,3,キク,牝3,54,津村明秀,1:39.3,1/2,**,,,,,4-3,37.5,6.4,2,462(-2),,,,[東]相沢郁,石瀬浩三,,202005030201
10,5,9,テイエムビーナス,牝3,54,丸田恭介,1:39.5,1.1/2,**,,,,,3-3,37.7,86.7,11,476(-4),,,,[東]加藤和宏,竹園正繼,,202005030201
11,3,5,ミューズ,牝3,51,原優介,1:39.5,クビ,**,,,,,6-5,37.4,127.7,13,472(-2),,,,[東]竹内正洋,パニオロ,,202005030201
12,1,2,キイエクスプロード,牝3,51,小林脩斗,1:39.6,1/2,**,,,,,15-15,36.6,53.7,9,424(+4),,,,[東]小桧山悟,安田嘉太郎,,202005030201
13,8,15,ピースサイン,牝3,51,小林凌大,1:40.4,5,**,,,,,11-9,38.0,166.9,14,400(0),,,,[東]小西一男,和泉憲一,,202005030201
14,7,14,ブラックヴァローナ,牝3,51,山田敬士,1:40.6,1,**,,,,,6-11,38.0,93.9,12,428(+6),,,,[東]林徹,黒澤尚,,202005030201
15,7,13,デルマターコイズ,牝3,54,黛弘人,1:40.7,1/2,**,,,,,12-14,37.9,344.8,16,424(-8),,,,[東]尾関知人,浅沼廣幸,,202005030201
16,1,1,カゼトソラ,牝3,54,岩部純二,1:42.2,9,**,,,,,16-16,37.9,204.8,15,480(0),,,,[東]石毛善彦,川島与市,,202005030201
1,7,14,シュバルツイェガー,牡3,56,三浦皇成,2:12.0,,**,,,,,1-1-1-1,37.2,2.5,1,476(-2),,,,[東]高木登,西森功,510.0,202005030202
2,6,11,ナックジーニアス,牡3,56,田中勝春,2:12.1,3/4,**,,,,,5-6-7-6,36.6,7.1,3,512(-4),,,,[東]宗像義忠,小松欣也,200.0,202005030202
3,8,16,プルークファーレン,牡3,56,田辺裕信,2:12.7,3.1/2,**,,,,,2-2-2-2,37.8,17.9,9,476(+2),,,,[東]中舘英二,吉田照哉,130.0,202005030202
4,6,12,ショウナンアクア,牡3,56,吉田豊,2:12.9,1.1/2,**,,,,,14-14-12-11,36.9,43.8,10,466(0),,,,[東]古賀史生,国本哲秀,77.0,202005030202
5,5,10,ゲンキチボン,牡3,56,木幡巧也,2:13.2,1.3/4,**,,,,,11-12-10-9,37.5,10.1,5,486(+10),,,,[東]堀井雅広,荒井元明,51.0,202005030202
6,3,6,マイネルカガヤキ,牡3,56,丹内祐次,2:13.3,1/2,**,,,,,3-4-4-4,38.1,17.6,8,480(+4),,,,[東]青木孝文,サラブレッドクラブ・ラフィアン,,202005030202
7,8,15,レストレーション,牡3,56,武藤雅,2:13.5,1.1/4,**,,,,,7-7-8-6,38.0,15.3,7,496(0),,,,[東]池上昌和,岡田牧雄,,202005030202
8,7,13,ロドルフォブレイン,牡3,56,横山武史,2:13.7,1,**,,,,,12-13-4-4,38.4,5.7,2,526(0),,,,[東]尾関知人,エンジェルレーシング,,202005030202
9,3,5,ルヴィーヴル,牡3,55,菊沢一樹,2:14.1,2.1/2,**,,,,,9-9-12-9,38.4,7.9,4,508(-2),,,,[東]菊沢隆徳,社台レースホース,,202005030202
10,5,9,ジンフラッシュ,牡3,56,武士沢友,2:14.2,クビ,**,,,,,3-3-2-3,39.2,10.9,6,478(-8),,,,[東]小野次郎,長谷川清英,,202005030202
11,4,8,フジサンライボー,牡3,56,勝浦正樹,2:14.2,ハナ,**,,,,,16-16-14-13,37.9,393.2,16,494(-2),,,,[東]的場均,藤田秀行,,202005030202
12,2,3,グッドリドゥンス,牡3,56,的場勇人,2:14.4,1.1/2,**,,,,,14-14-15-15,37.5,306.2,15,474(-4),,,,[東]的場均,林勝宗,,202005030202
13,1,2,グラスエルファロ,牡3,56,江田照男,2:15.5,7,**,,,,,5-4-4-6,40.0,103.6,11,444(+10),,,,[東]菊川正達,半沢,,202005030202
14,2,4,ミユキアウグストス,牡3,56,内田博幸,2:16.3,5,**,,,,,12-9-8-12,40.1,115.7,12,530(+12),,,,[東]清水英克,長井純一,,202005030202
15,4,7,キセキガクル,牡3,54,菅原明良,2:16.4,クビ,**,,,,,7-7-10-13,40.1,243.5,13,484(0),,,,[東]加藤士津,田畑利彦,,202005030202
16,1,1,アタカリスポーン,牡3,53,小林凌大,2:20.2,大,**,,,,,9-11-16-16,41.9,245.7,14,532(-4),,,,[東]鈴木伸尋,高瀬牧場,,202005030202
1,3,5,ブルーダイヤカフェ,牡3,56,横山典弘,1:24.5,,**,,,,,15-13,36.2,17.1,6,530(0),,,,[東]和田勇介,西川恭子,510.0,202005030203
2,2,4,ウラワザテクニック,牡3,56,伊藤工真,1:24.9,2.1/2,**,,,,,8-7,37.3,5.6,2,476(+2),,,,[東]宗像義忠,薗部博之,200.0,202005030203
3,6,12,フィーバス,牡3,54,菅原明良,1:25.0,1/2,**,,,,,4-3,37.7,50.9,9,476(+4),,,,[東]田中剛,松村真司,130.0,202005030203
4,7,14,ジオパークアポロ,牡3,54,木幡育也,1:25.1,クビ,**,,,,,16-16,36.5,10.9,5,438(0),,,,[東]柄崎孝,小関勝紀,77.0,202005030203
5,3,6,エスペルト,牡3,56,北村宏司,1:25.1,ハナ,**,,,,,8-7,37.5,53.8,11,480(-2),,,,[東]池上昌和,ラ・メール,51.0,202005030203
6,4,7,ハーモニクス,牝3,54,レーン,1:25.3,1.1/4,**,,,,,4-5,37.9,6.6,3,478(+2),,,,[東]武市康男,シルクレーシング,,202005030203
7,6,11,タイセイダンク,牡3,56,石川裕紀,1:25.3,クビ,**,,,,,11-10,37.4,46.3,8,444(-2),,,,[東]斎藤誠,田中成奉,,202005030203
8,5,9,ケイアイロトルア,牡3,56,川田将雅,1:25.5,1.1/2,**,,,,,4-5,38.1,1.9,1,468(-4),,,,[東]加藤征弘,亀田和弘,,202005030203
9,2,3,ラファエル,牡3,56,田辺裕信,1:25.7,1,**,,,,,14-11,37.6,10.0,4,484(-4),,,,[東]伊藤圭三,ゴドルフィン,,202005030203
10,1,1,ハッピーミニスター,牡3,56,福永祐一,1:26.3,3.1/2,**,,,,,1-1,39.2,18.6,7,466(+4),,,,[東]池上昌和,堀祥子,,202005030203
11,5,10,クインズウィッシュ,牝3,54,武藤雅,1:26.4,3/4,**,,,,,13-15,38.0,213.4,15,420(+6),,,,[東]武藤善則,吉田千津,,202005030203
12,7,13,フレンチクイーン,牝3,54,杉原誠人,1:27.5,7,**,,,,,7-7,39.9,75.1,12,430(+4),,,,[東]高柳瑞樹,ゴドルフィン,,202005030203
13,4,8,アトムヴェローチェ,牝3,51,小林凌大,1:27.7,1.1/2,**,,,,,3-3,40.4,155.9,13,446(-4),,,,[東]勢司和浩,永井廣司,,202005030203
14,8,15,カスミ,牝3,54,木幡巧也,1:28.0,1.3/4,**,,,,,11-13,39.7,233.4,16,460(+2),,,,[東]松山将樹,ノルマンディーサラブレッドレーシング,,202005030203
15,8,16,リーディングレディ,牝3,54,黛弘人,1:28.3,1.3/4,**,,,,,10-11,40.2,53.4,10,452(+8),,,,[東]高橋祥泰,サラブレッドクラブ・ラフィアン,,202005030203
16,1,2,シゲルパンドラ,牝3,53,菊沢一樹,1:29.0,4,**,,,,,2-2,41.8,197.0,14,478(+4),,,,[東]浅野洋一,森中蕃,,202005030203
1,6,12,エドノフェリーチェ,牝3,54,レーン,2:26.2,,**,,,,,13-13-12-12,35.3,2.4,1,448(0),,,,[東]相沢郁,遠藤喜松,510.0,202005030204
2,6,11,ベデザンジュ,牝3,54,田辺裕信,2:26.2,クビ,**,,,,,11-11-10-10,35.5,3.9,2,426(-4),,,,[東]久保田貴,Ｇ１レーシング,200.0,202005030204
3,5,10,マイネルケイローン,牡3,56,宮崎北斗,2:26.9,4,**,,,,,9-10-7-7,36.4,37.5,8,434(+4),,,,[東]松永康利,サラブレッドクラブ・ラフィアン,130.0,202005030204
4,7,13,ハーツシンフォニー,牡3,56,川田将雅,2:27.0,3/4,**,,,,,11-12-12-12,36.2,7.7,4,472(-4),,,,[東]戸田博文,ＤＭＭドリームクラブ,77.0,202005030204
5,3,5,バルバレスコ,牝3,54,ルメール,2:27.2,1,**,,,,,2-3-5-2,37.1,6.4,3,476(-2),,,,[東]宗像義忠,シルクレーシング,51.0,202005030204
6,1,1,マイネルエルガー,牡3,56,丹内祐次,2:27.3,1/2,**,,,,,9-9-10-10,36.6,10.7,5,466(0),,,,[東]畠山吉宏,サラブレッドクラブ・ラフィアン,,202005030204
7,5,9,フェスティヴスーリ,牡3,56,江田照男,2:27.7,2.1/2,**,,,,,8-7-9-7,37.2,123.8,14,470(0),,,,[東]天間昭一,臼井義太郎,,202005030204
8,1,2,トップリーチ,牡3,56,横山和生,2:27.9,1.1/4,**,,,,,16-16-16-16,36.4,40.6,9,436(0),,,,[東]萱野浩二,紅露純,,202005030204
9,7,14,ララロトリー,セ3,56,大庭和弥,2:28.3,2.1/2,**,,,,,5-3-3-2,38.3,248.0,15,474(-10),,,,[東]粕谷昌央,フジイ興産,,202005030204
10,8,15,ピオニーテソーロ,牝3,52,菅原明良,2:28.7,2.1/2,**,,,,,13-15-14-14,37.5,97.5,11,414(+2),,,,[東]金成貴史,了徳寺健二ホールディングス,,202005030204
11,2,3,シゲルカイオウセイ,牡3,56,嘉藤貴行,2:29.2,3,**,,,,,6-6-7-7,38.7,32.6,7,514(-6),,,,[東]田中清隆,森中蕃,,202005030204
12,2,4,プレーリーシップ,牡3,56,武士沢友,2:29.2,アタマ,**,,,,,16-17-16-16,37.8,111.1,12,446(0),,,,[東]石栗龍彦,小林英一ホールディングス,,202005030204
13,4,8,フォースオブライフ,牡3,56,黛弘人,2:29.4,1.1/4,**,,,,,13-13-14-14,38.2,692.4,17,410(-6),,,,[東]松山将樹,岡田牧雄,,202005030204
14,8,17,マッチザハッチ,牡3,56,三浦皇成,2:29.5,1/2,**,,,,,6-7-3-5,39.2,114.4,13,482(0),,,,[東]萩原清,金子真人ホールディングス,,202005030204
15,3,6,オルプランタン,牝3,54,石川裕紀,2:29.5,アタマ,**,,,,,2-3-5-5,39.2,372.2,16,424(+6),,,,[東]田中清隆,岡田牧雄,,202005030204
16,4,7,マイネルグランサム,牡3,56,横山武史,2:29.5,ハナ,**,,,,,2-2-2-2,39.5,54.5,10,458(-2),,,,[東]奥村武,サラブレッドクラブ・ラフィアン,,202005030204
17,8,16,アネモネテソーロ,牝3,52,木幡育也,2:30.4,5,**,,,,,1-1-1-1,40.5,14.8,6,484(0),,,,[東]高木登,了徳寺健二ホールディングス,,202005030204
1,4,4,サトノレイナス,牝2,54,ルメール,1:37.7,,**,,,,,5-5,34.1,1.4,1,472(0),,,,[東]国枝栄,サトミホースカンパニー,700.0,202005030205
2,5,5,ジュラメント,牝2,52,藤田菜七,1:37.8,3/4,**,,,,,1-2,34.5,45.3,7,408(0),,,,[東]根本康広,犬塚悠治郎,280.0,202005030205
3,8,9,アップリバー,牝2,54,石橋脩,1:37.8,クビ,**,,,,,4-3,34.3,4.9,2,486(0),,,,[東]牧光二,平田修,180.0,202005030205
4,7,7,ノットイェット,牝2,54,武藤雅,1:38.6,5,**,,,,,2-1,35.4,19.9,5,482(0),,,,[東]武藤善則,東海林貴大,110.0,202005030205
5,3,3,ヨウコウザクラ,牝2,54,三浦皇成,1:39.2,3.1/2,**,,,,,7-6,35.5,5.6,3,476(0),,,,[東]尾形和幸,吉田安惠,70.0,202005030205
6,2,2,ヒカルマドンナ,牝2,53,菊沢一樹,1:39.3,1/2,**,,,,,3-3,35.8,91.0,8,422(0),,,,[東]柄崎孝,安蒜一修,,202005030205
7,8,8,トーセンミシェル,牝2,54,吉田豊,1:39.3,ハナ,**,,,,,5-6,35.6,93.9,9,440(0),,,,[東]古賀史生,島川隆哉,,202005030205
8,6,6,ステディシュシュ,牝2,54,杉原誠人,1:39.9,3.1/2,**,,,,,8-8,36.0,37.8,6,468(0),,,,[東]田中剛,亀岡和彦,,202005030205
9,1,1,モンキーポッド,牝2,54,Ｍ．デム,1:40.1,1.1/2,**,,,,,9-9,36.0,18.7,4,440(0),,,,[東]杉浦宏昭,小林善一,,202005030205
1,8,14,グレイトミッション,牝2,54,野中悠太,1:23.7,,**,,,,,9-5,35.2,9.5,4,444(0),,,,[東]菊川正達,ＩＨＲ,700.0,202005030206
2,7,11,エコロテッチャン,牝2,52,藤田菜七,1:23.9,1.1/4,**,,,,,1-1,35.7,63.4,11,406(0),,,,[東]田島俊明,原村正紀,280.0,202005030206
3,3,4,エナジーロッソ,牝2,54,レーン,1:24.1,1.1/2,**,,,,,7-7,35.4,4.7,2,476(0),,,,[西]高柳大輔,キャピタル・システム,180.0,202005030206
4,4,5,プルスウルトラ,牡2,54,嶋田純次,1:24.3,1,**,,,,,5-5,35.8,24.5,7,484(0),,,,[東]手塚貴久,ミルファーム,110.0,202005030206
5,6,9,オオシマサフィール,牝2,54,丸山元気,1:24.6,2,**,,,,,11-10,35.6,7.0,3,426(0),,,,[東]黒岩陽一,大島牧場,70.0,202005030206
6,6,10,ユイノチャッキー,牡2,54,吉田豊,1:24.7,3/4,**,,,,,7-9,35.9,17.3,6,490(0),,,,[東]竹内正洋,由井健太郎,,202005030206
7,1,1,マイネルアミスター,牡2,54,丹内祐次,1:24.7,クビ,**,,,,,3-3,36.3,26.6,8,474(0),,,,[東]古賀慎明,サラブレッドクラブ・ラフィアン,,202005030206
8,5,8,ランディングホース,牡2,52,菅原明良,1:25.0,1.3/4,**,,,,,12-12,35.3,152.6,14,412(0),,,,[東]古賀史生,矢野恭裕,,202005030206
9,5,7,ミカンタルト,牝2,54,Ｍ．デム,1:25.0,クビ,**,,,,,2-2,36.7,34.3,10,424(0),,,,[東]林徹,保坂和孝,,202005030206
10,3,3,トーセンヘンリー,牡2,54,木幡初也,1:25.2,1.1/4,**,,,,,13-13,35.0,74.3,12,478(0),,,,[東]松永康利,島川隆哉,,202005030206
11,8,13,リュラネブラ,牡2,54,ルメール,1:25.3,1/2,**,,,,,10-10,36.3,2.4,1,474(0),,,,[東]国枝栄,シルクレーシング,,202005030206
12,7,12,プロバーティオ,牡2,54,三浦皇成,1:25.6,2,**,,,,,3-3,37.2,29.3,9,494(0),,,,[東]田中剛,ノースヒルズ,,202005030206
13,4,6,ベルウッドアカラ,牡2,54,横山和生,1:26.4,5,**,,,,,6-7,37.7,11.7,5,476(0),,,,[東]小野次郎,鈴木照雄,,202005030206
14,2,2,チェイスモード,牡2,54,北村宏司,1:32.0,大,**,,,,,14-14,37.5,114.9,13,472(0),,,,[東]和田正一,スピードファーム,,202005030206
1,7,14,ラブリーエンジェル,牝3,52,木幡巧也,1:36.1,,**,,,,,13-12,36.0,4.5,3,430(+2),,,,[東]堀井雅広,長谷川光司,760.0,202005030207
2,7,13,フラッフィクラウド,牡3,54,三浦皇成,1:36.1,クビ,**,,,,,4-3,36.8,11.4,4,472(+8),,,,[東]萩原清,Ｇ１レーシング,300.0,202005030207
3,8,15,ホーカスポーカス,牡5,55,藤田菜七,1:36.5,2.1/2,**,,,,,10-9,36.6,38.2,8,436(+4),,,,[東]根本康広,平賀久枝,190.0,202005030207
4,1,1,チェリートリトン,牡6,54,小林凌大,1:36.6,1/2,**,,,,,6-6,37.0,38.3,9,490(+2),,,,[東]小西一男,櫻井悦朗,110.0,202005030207
5,6,11,マイネルレンカ,牡6,57,レーン,1:36.6,アタマ,**,,,,,9-9,36.8,17.8,6,474(0),,,,[東]堀井雅広,サラブレッドクラブ・ラフィアン,76.0,202005030207
6,4,8,コスモオリ,牡3,52,木幡育也,1:36.7,1/2,**,,,,,12-12,36.6,26.7,7,448(+4),,,,[東]高橋祥泰,ビッグレッドファーム,,202005030207
7,6,12,ソラン,牡3,54,横山武史,1:37.0,2,**,,,,,3-3,37.8,79.7,12,524(+4),,,,[東]古賀史生,鈴木康弘,,202005030207
8,4,7,ロードリッチ,牡4,57,戸崎圭太,1:37.2,1.1/2,**,,,,,15-15,36.8,3.4,2,514(0),,,,[東]久保田貴,宇田豊,,202005030207
9,2,4,ライフレッスンズ,牡3,54,ルメール,1:37.4,1.1/4,**,,,,,8-6,37.8,2.7,1,506(-6),,,,[東]国枝栄,金子真人ホールディングス,,202005030207
10,5,9,ブライトアクトレス,牝4,55,福永祐一,1:37.5,クビ,**,,,,,15-16,36.9,49.0,10,524(+24),,,,[東]鹿戸雄一,岡田牧雄,,202005030207
11,1,2,ジョイナイト,牡4,57,横山和生,1:37.8,1.3/4,**,,,,,13-14,37.5,76.1,11,510(+8),,,,[東]武市康男,西村亮二,,202005030207
12,2,3,パールデュー,牝4,55,丸山元気,1:37.8,クビ,**,,,,,4-3,38.5,16.6,5,514(+8),,,,[東]黒岩陽一,吉田和美,,202005030207
13,3,5,ラブエスポー,牝3,50,菅原明良,1:37.8,アタマ,**,,,,,10-9,37.9,370.5,16,456(-2),,,,[東]蛯名利弘,増田陽一,,202005030207
14,5,10,クリノファイヤー,牝3,52,柴田善臣,1:37.9,アタマ,**,,,,,2-2,39.5,148.8,15,446(-4),,,,[東]本間忍,栗本博晴,,202005030207
15,8,16,コパノラクラク,牝3,49,山田敬士,1:38.2,2,**,,,,,6-6,38.6,84.2,13,450(+18),,,,[東]和田勇介,小林祥晃,,202005030207
16,3,6,エリーキャナル,牝4,55,石川裕紀,1:38.4,1,**,,,,,1-1,40.2,118.4,14,516(+22),,,,[東]斎藤誠,ロードホースクラブ,,202005030207
1,6,12,ロジアイリッシュ,牝3,51,岩田望来,1:21.5,,**,,,,,10-8,34.0,12.1,5,508(+12),,,,[東]国枝栄,久米田正平,760.0,202005030208
2,3,5,シネマトグラフ,牝3,52,川田将雅,1:21.6,1/2,**,,,,,1-1,34.9,3.5,2,460(+10),,,,[東]奥村武,江馬由将,300.0,202005030208
3,5,10,マサノアッレーグラ,牝5,55,Ｍ．デム,1:21.7,1/2,**,,,,,3-3,34.6,7.0,4,510(+4),,,,[東]大竹正博,中村時子,190.0,202005030208
4,1,1,コウソクスピード,牡3,54,レーン,1:21.9,1.1/4,**,,,,,3-3,34.9,3.0,1,518(0),,,,[東]中舘英二,野崎昭夫,110.0,202005030208
5,6,11,ホープホワイト,牝3,49,原優介,1:22.0,1/2,**,,,,,6-5,34.7,101.3,12,444(-4),,,,[東]武井亮,愛馬レーシングクラブ,76.0,202005030208
6,4,8,エピックガール,牝4,53,菅原明良,1:22.0,クビ,**,,,,,7-7,34.6,53.6,8,436(-2),,,,[東]宮田敬介,雅苑興業,,202005030208
7,1,2,アイワナビリーヴ,牝4,55,三浦皇成,1:22.1,3/4,**,,,,,5-5,34.8,3.9,3,472(+2),,,,[東]戸田博文,ＤＭＭドリームクラブ,,202005030208
8,2,3,シトラスノキセキ,牝4,55,田中勝春,1:22.1,クビ,**,,,,,11-11,34.4,74.1,11,442(-2),,,,[東]加藤征弘,加藤正二郎,,202005030208
9,7,15,キングドンドルマ,牡5,57,横山武史,1:22.4,1.3/4,**,,,,,12-12,34.6,22.0,6,474(0),,,,[東]伊藤伸一,田頭勇貴,,202005030208
10,8,17,アールグランツ,牡4,55,藤田菜七,1:22.7,2,**,,,,,7-8,35.2,63.8,9,476(+4),,,,[東]鈴木伸尋,前原敏行,,202005030208
11,3,6,コウジンシックス,牝4,52,小林凌大,1:22.9,3/4,**,,,,,7-8,35.4,301.3,15,436(+6),,,,[東]和田雄二,加藤興一,,202005030208
12,2,4,セイクリッドキング,セ4,54,小林脩斗,1:22.9,クビ,**,,,,,15-16,34.7,398.4,17,512(-2),,,,[東]尾形和幸,Ｋ．Ｓ．ヤップ,,202005030208
13,7,13,ジュピターズライト,牡4,57,池添謙一,1:23.0,1/2,**,,,,,15-13,35.0,34.1,7,476(+10),,,,[東]金成貴史,シルクレーシング,,202005030208
14,8,18,ブルーコーラル,牝4,53,木幡育也,1:23.0,クビ,**,,,,,2-2,36.1,193.9,14,434(+2),,,,[東]清水英克,ローレルレーシング,,202005030208
15,4,7,ニシノレオニダス,牡3,54,野中悠太,1:23.1,1/2,**,,,,,13-13,35.2,66.4,10,508(+6),,,,[東]中舘英二,西山茂行,,202005030208
16,5,9,フォリオール,セ4,57,木幡巧也,1:23.2,3/4,**,,,,,13-13,35.3,154.2,13,528(+2),,,,[東]小野次郎,程田真司,,202005030208
17,8,16,タマモケトル,牝4,54,菊沢一樹,1:23.3,クビ,**,,,,,17-17,34.9,466.2,18,450(+2),,,,[東]石栗龍彦,松谷翔太,,202005030208
18,7,14,サウンドオブビット,牡7,57,木幡初也,1:23.3,クビ,**,,,,,17-17,34.8,348.3,16,470(-8),,,,[東]松永康利,馬場祥晃,,202005030208
1,3,3,エターナルヴィテス,牡4,57,田中勝春,2:00.2,,**,,,,,4-3-2,34.3,19.1,6,468(-14),,,,[東]松山将樹,永井廣司,"1,520.3",202005030209
2,5,5,シャドウアイランド,牝5,55,Ｍ．デム,2:00.2,ハナ,**,,,,,8-8-8,33.4,10.5,4,464(+8),,,,[東]林徹,飯塚知一,605.8,202005030209
3,8,8,レターオンザサンド,牡4,57,石橋脩,2:00.2,アタマ,**,,,,,1-1-1,34.8,13.1,5,482(-8),,,,[西]藤岡健一,小川勲,382.9,202005030209
4,1,1,ヴァンランディ,牡4,57,ルメール,2:00.4,1,**,,,,,6-6-6,34.0,1.9,1,454(-2),,,,[東]藤沢和雄,サンデーレーシング,230.0,202005030209
5,4,4,ガロシェ,牝4,55,吉田豊,2:00.5,3/4,**,,,,,5-5-4,34.3,3.2,2,458(+6),,,,[東]戸田博文,サンデーレーシング,150.0,202005030209
6,7,7,ジャストアジゴロ,牡4,57,岩田望来,2:00.9,2.1/2,**,,,,,6-6-6,34.4,34.8,7,450(0),,,,[西]安田翔伍,原禮子,,202005030209
7,6,6,ルイジアナママ,牝4,55,横山典弘,2:00.9,ハナ,**,,,,,2-2-2,35.1,5.5,3,448(0),,,,[東]新開幸一,稲川一,,202005030209
8,2,2,コスモインザハート,牡5,57,丹内祐次,2:01.7,5,**,,,,,2-4-4,35.6,87.7,8,490(-4),,,,[東]加藤士津,ビッグレッドファーム,,202005030209
1,5,10,ハーグリーブス,牡5,55,ルメール,1:22.5,,**,,,,,6-4,34.9,4.5,2,502(-2),,,,[東]尾関知人,水上ふじ子,"1,862.0",202005030210
2,7,14,ロンドンテソーロ,牡4,56,石橋脩,1:22.6,1/2,**,,,,,3-2,35.3,10.7,6,510(+4),,,,[東]栗田徹,了徳寺健二ホールディングス,742.0,202005030210
3,4,8,メイショウコゴミ,牝5,53,横山和生,1:23.2,3.1/2,**,,,,,2-2,35.9,37.6,9,456(+4),,,,[西]飯田祐史,松本好雄,466.0,202005030210
4,6,11,シェパードボーイ,牡4,54,福永祐一,1:23.2,ハナ,**,,,,,8-9,35.2,8.4,5,452(+8),,,,[西]大久保龍,吉田照哉,270.0,202005030210
5,5,9,エピックアン,牡5,55,田辺裕信,1:23.3,1/2,**,,,,,16-15,34.7,6.9,4,506(-2),,,,[東]大和田成,ＴＵＲＦレーシング,182.0,202005030210
6,1,2,セイウンクールガイ,牡5,54,内田博幸,1:23.4,1/2,**,,,,,10-9,35.4,91.7,15,454(+4),,,,[東]奥平雅士,西山茂行,,202005030210
7,1,1,オンザロックス,牡7,56,川田将雅,1:23.6,1.1/4,**,,,,,4-4,36.0,3.9,1,486(-4),,,,[西]森秀行,稻井田有司,,202005030210
8,2,3,ヒイナヅキ,牝4,52,野中悠太,1:23.9,1.3/4,**,,,,,4-4,36.4,127.9,16,460(+6),,,,[東]林徹,ヒダカ・ブリーダーズ・ユニオン,,202005030210
9,7,13,バーンフライ,牡5,56,レーン,1:24.0,3/4,**,,,,,15-13,35.5,5.1,3,506(0),,,,[西]矢作芳人,ノースヒルズ,,202005030210
10,3,5,ラレータ,牡6,54,北村友一,1:24.0,クビ,**,,,,,7-7,36.2,41.0,10,480(0),,,,[東]林徹,Ｇ１レーシング,,202005030210
11,8,16,サンライズナイト,牡5,55,池添謙一,1:24.0,クビ,**,,,,,8-7,36.2,18.8,7,490(0),,,,[西]石坂正,松岡隆雄,,202005030210
12,2,4,クリノフラッシュ,牝5,52,岩崎翼,1:24.1,1/2,**,,,,,1-1,36.9,58.2,12,450(0),,,,[西]橋田満,栗本博晴,,202005030210
13,6,12,エルプシャフト,牡7,56,岩田望来,1:24.1,アタマ,**,,,,,11-11,35.8,24.7,8,464(-6),,,,[西]角居勝彦,サンデーレーシング,,202005030210
14,3,6,コウエイアンカ,セ5,54,北村宏司,1:24.1,ハナ,**,,,,,14-15,35.4,89.8,14,472(-12),,,,[西]森秀行,伊東政清,,202005030210
15,4,7,タイセイプレシャス,セ8,54,石川裕紀,1:24.1,ハナ,**,,,,,11-13,35.6,56.6,11,474(+6),,,,[東]池上昌和,田中成奉,,202005030210
16,8,15,エターナルフレイム,セ6,54,菅原明良,1:24.2,1/2,**,,,,,11-11,35.8,77.1,13,526(0),,,,[東]高木登,岡田牧雄,,202005030210
1,7,11,グランアレグリア,牝4,56,池添謙一,1:31.6,,**,,,,,8-7,33.7,12.0,3,492(+6),,,,[東]藤沢和雄,サンデーレーシング,"13,306.6",202005030211
2,4,5,アーモンドアイ,牝5,56,ルメール,1:32.0,2.1/2,**,,,,,11-11,33.9,1.3,1,488(+2),,,,[東]国枝栄,シルクレーシング,"5,287.6",202005030211
3,4,6,インディチャンプ,牡5,58,福永祐一,1:32.1,1/2,**,,,,,9-7,34.1,7.0,2,480(+4),,,,[西]音無秀孝,シルクレーシング,"3,343.8",202005030211
4,3,3,ノームコア,牝5,56,横山典弘,1:32.1,クビ,**,,,,,12-13,33.8,49.9,7,466(0),,,,[東]萩原清,池谷誠一,"2,000.0",202005030211
5,5,8,ケイアイノーテック,牡5,58,津村明秀,1:32.3,1.1/4,**,,,,,12-7,34.3,177.6,11,464(-4),,,,[西]平田修,亀田和弘,"1,300.0",202005030211
6,6,9,アドマイヤマーズ,牡4,58,川田将雅,1:32.3,クビ,**,,,,,3-3,34.7,20.2,6,476(+6),,,,[西]友道康夫,近藤旬子,,202005030211
7,2,2,ダノンキングリー,牡4,58,戸崎圭太,1:32.4,3/4,**,,,,,6-5,34.6,12.9,5,456(0),,,,[東]萩原清,ダノックス,,202005030211
8,8,14,ダノンスマッシュ,牡5,58,三浦皇成,1:32.4,ハナ,**,,,,,1-1,35.1,73.6,8,476(+4),,,,[西]安田隆行,ダノックス,,202005030211
9,5,7,ペルシアンナイト,牡6,58,田辺裕信,1:32.7,1.3/4,**,,,,,9-11,34.6,142.4,10,502(0),,,,[西]池江泰寿,Ｇ１レーシング,,202005030211
10,8,13,ヴァンドギャルド,牡4,58,岩田望来,1:32.7,クビ,**,,,,,6-7,34.8,110.0,9,474(0),,,,[西]藤原英昭,社台レースホース,,202005030211
11,6,10,ミスターメロディ,牡5,58,北村友一,1:33.2,3,**,,,,,2-2,35.7,181.9,12,504(+5),,,,[西]藤原英昭,グリーンフィールズ,,202005030211
12,7,12,セイウンコウセイ,牡7,58,内田博幸,1:33.4,1,**,,,,,3-5,35.6,343.3,14,506(-8),,,,[東]上原博之,西山茂行,,202005030211
13,1,1,ダノンプレミアム,牡5,58,レーン,1:33.6,1.1/4,**,,,,,3-3,36.0,12.7,4,506(0),,,,[西]中内田充,ダノックス,,202005030211
14,3,4,クルーガー,牡8,58,石橋脩,1:33.8,1.1/4,**,,,,,14-13,35.4,209.3,13,532(+2),,,,[西]高野友和,キャロットファーム,,202005030211
1,4,7,ロジヒューズ,牝5,55,内田博幸,1:24.1,,**,,,,,4-4,35.7,33.4,9,492(+8),,,,[東]古賀慎明,久米田正明,"1,542.0",202005030212
2,4,8,グトルフォス,牡4,57,福永祐一,1:24.2,3/4,**,,,,,11-10,35.3,8.7,4,516(+4),,,,[西]浅見秀一,林正道,612.0,202005030212
3,7,14,アイアムピッカピカ,牝4,55,柴田善臣,1:24.2,クビ,**,,,,,2-2,36.1,15.3,6,454(-2),,,,[東]奥平雅士,堀紘一,386.0,202005030212
4,3,5,ダンケシェーン,セ5,57,横山和生,1:24.2,ハナ,**,,,,,8-8,35.6,20.1,8,486(+6),,,,[西]昆貢,ローレルレーシング,230.0,202005030212
5,5,10,ロブラリア,牝5,55,吉田豊,1:24.3,クビ,**,,,,,11-10,35.4,50.2,10,476(-2),,,,[東]田村康仁,ディアレストクラブ,150.0,202005030212
6,2,4,オルクリスト,牡4,57,ルメール,1:24.4,1/2,**,,,,,4-4,36.0,5.5,3,474(-8),,,,[東]杉浦宏昭,日進牧場,,202005030212
7,8,16,ランバージャック,牡6,57,横山武史,1:24.5,1/2,**,,,,,13-14,35.0,126.5,15,470(-4),,,,[西]鮫島一歩,前田幸治,,202005030212
8,6,11,ラインギャラント,牝5,55,武藤雅,1:24.7,1.1/2,**,,,,,2-2,36.5,156.3,16,450(+4),,,,[東]水野貴広,大澤繁昌,,202005030212
9,5,9,スマッシングハーツ,牡4,57,Ｍ．デム,1:24.8,1/2,**,,,,,14-12,35.5,3.1,1,496(-6),,,,[西]新谷功一,前田幸治,,202005030212
10,8,15,パルディエス,牡3,54,横山典弘,1:25.1,1.3/4,**,,,,,14-14,35.6,3.9,2,462(-2),,,,[東]田中博康,吉田照哉,,202005030212
11,6,12,オレノマニラ,牡5,57,北村友一,1:25.2,1/2,**,,,,,10-12,36.0,109.4,14,434(0),,,,[東]土田稔,諸岡慶,,202005030212
12,2,3,ボナヴィーゴ,牡5,57,岩田望来,1:25.2,アタマ,**,,,,,4-4,36.8,11.0,5,502(+2),,,,[西]吉岡辰弥,吉田和美,,202005030212
13,7,13,アールロッソ,牝4,55,石川裕紀,1:25.2,クビ,**,,,,,1-1,37.2,16.8,7,488(-4),,,,[西]松下武士,前原敏行,,202005030212
14,1,1,ウィンターリリー,牝4,55,江田照男,1:25.3,クビ,**,,,,,16-16,35.5,96.9,13,432(-2),,,,[東]大江原哲,田頭勇貴,,202005030212
15,3,6,クリムズンフラッグ,牡5,57,宮崎北斗,1:25.5,1.1/2,**,,,,,8-8,36.9,72.7,12,532(+8),,,,[東]青木孝文,加藤徹,,202005030212
16,1,2,ナムラヘラクレス,牡6,57,木幡巧也,1:25.9,2.1/2,**,,,,,4-4,37.5,60.5,11,500(+10),,,,[西]村山明,奈村信重,,202005030212
1,1,1,ザメイダン,牡4,60,上野翔,3:30.5,,,,,,,6-4-2-3,14.0,2.2,1,482(-4),,,,[東]新開幸一,大塚亮一,790.0,202005030301
2,6,9,テイエムディラン,牡5,60,西谷誠,3:31.2,4,,,,,,3-3-2-2,14.1,5.8,3,476(-6),,,,[西]木原一良,竹園正繼,320.0,202005030301
3,4,6,クリップスプリンガ,牡6,60,草野太郎,3:32.3,7,,,,,,1-1-1-1,14.2,31.1,9,452(-2),,,,[東]岩戸孝樹,山下良子,200.0,202005030301
4,7,12,トキメキジュピター,牡5,60,五十嵐雄,3:32.6,2,,,,,,8-8-7-5,14.2,10.8,5,512(+4),,,,[東]浅野洋一,杉浦和也,120.0,202005030301
5,2,2,キコクイーン,牝4,58,中村将之,3:34.5,大,,,,,,5-6-8-8,14.3,51.2,11,440(-14),,,,[西]浅見秀一,若草クラブ,79.0,202005030301
6,8,13,メイショウナンプウ,牡6,60,熊沢重文,3:35.1,3.1/2,,,,,,4-4-4-4,14.3,20.2,6,504(+8),,,,[西]荒川義之,松本好雄,,202005030301
7,5,7,ビービーゲイル,牡4,60,蓑島靖典,3:35.8,4,,,,,,9-9-10-10,14.4,75.3,12,506(+6),,,,[東]中舘英二,坂東勝彦,,202005030301
8,3,3,ニシノベイオウルフ,牡5,60,大江原圭,3:37.1,8,,,,,,7-7-6-7,14.5,5.0,2,502(0),,,,[東]小桧山悟,西山茂行,,202005030301
9,7,11,ルグランパントル,セ8,60,伴啓太,3:37.3,1,,,,,,2-2-5-5,14.5,7.8,4,476(-2),,,,[東]稲垣幸雄,ノルマンディーサラブレッドレーシング,,202005030301
10,8,14,モリトシュン,牡4,60,小野寺祐,3:37.4,1/2,,,,,,10-9-9-9,14.5,28.2,7,480(0),,,,[東]堀井雅広,吉川朋宏,,202005030301
11,6,10,リキサンゴルト,牡5,60,大庭和弥,3:39.0,10,,,,,,13-13-13-13,14.6,33.1,10,510(0),,,,[東]奥平雅士,ハイパワー商事,,202005030301
12,5,8,プロトスター,セ5,60,山本康志,3:39.4,2.1/2,,,,,,12-12-12-12,14.6,28.6,8,474(-2),,,,[東]戸田博文,社台レースホース,,202005030301
13,4,5,バシクンレッツゴー,牡4,60,植野貴也,3:39.4,クビ,,,,,,14-14-14-14,14.6,195.4,14,504(0),,,,[東]高橋義博,石橋英郎,,202005030301
14,3,4,クリノカナロアオー,セ5,60,江田勇亮,3:42.5,大,,,,,,10-9-11-11,14.8,115.4,13,464(+2),,,,[東]星野忍,栗本博晴,,202005030301
1,5,10,タッカーメイヴィス,牝3,54,武豊,1:25.8,,**,,,,,3-2,38.1,3.5,1,456(-2),,,,[東]鈴木伸尋,小松崎孝,510.0,202005030302
2,5,9,リーガルレディ,牝3,54,丸田恭介,1:26.0,1.1/4,**,,,,,5-5,38.0,51.7,12,444(+14),,,,[東]稲垣幸雄,芳賀滿男,200.0,202005030302
3,3,5,ピンポンダッシュ,牝3,54,的場勇人,1:26.2,1,**,,,,,2-2,38.5,4.9,3,444(+28),,,,[東]的場均,長谷川守正,130.0,202005030302
4,6,11,マサノルビー,牝3,51,原優介,1:26.3,1/2,**,,,,,14-15,36.9,117.8,14,416(0),,,,[東]稲垣幸雄,猪野毛雅人,77.0,202005030302
5,1,1,ピュアプリンセス,牝3,52,木幡育也,1:26.6,1.3/4,**,,,,,1-1,39.0,14.6,6,456(-10),,,,[東]加藤和宏,田畑利彦,51.0,202005030302
6,3,6,マサノオリンピアン,牝3,54,石川裕紀,1:26.7,3/4,**,,,,,7-6,38.6,19.0,8,424(-14),,,,[東]小島茂之,中村時子,,202005030302
7,6,12,ザハロワ,牝3,51,小林凌大,1:26.8,クビ,**,,,,,11-12,37.9,160.4,15,460(+2),,,,[東]天間昭一,ホースアディクト,,202005030302
8,2,3,スプリングウェイ,牝3,54,田中勝春,1:26.9,3/4,**,,,,,11-10,38.2,9.7,4,440(-6),,,,[東]藤原辰雄,道永幸治,,202005030302
9,7,13,クラップクラップ,牝3,52,菅原明良,1:26.9,ハナ,**,,,,,3-4,39.1,24.8,10,432(-4),,,,[東]田村康仁,ＨｉｍＲｏｃｋＲａｃｉｎｇホールディングス,,202005030302
10,2,4,レジーナクィーン,牝3,54,吉田豊,1:27.5,3.1/2,**,,,,,8-8,39.2,19.8,9,448(0),,,,[東]土田稔,坂田行夫,,202005030302
11,4,8,ナムライト,牝3,51,小林脩斗,1:27.5,ハナ,**,,,,,9-10,38.8,15.8,7,408(+4),,,,[東]岩戸孝樹,奈村睦弘,,202005030302
12,8,15,レッドチアフル,牝3,54,北村宏司,1:27.5,クビ,**,,,,,9-8,39.2,4.0,2,430(+10),,,,[東]中川公成,紅露純,,202005030302
13,7,14,ホウオウマライア,牝3,54,木幡巧也,1:27.9,2.1/2,**,,,,,14-14,38.6,42.9,11,430(-8),,,,[東]牧光二,小笹芳央,,202005030302
14,8,16,キョウエイリビード,牝3,54,横山和生,1:29.0,7,**,,,,,13-13,39.8,13.9,5,434(0),,,,[東]勢司和浩,田中晴夫,,202005030302
15,4,7,パシフィックスター,牝3,54,野中悠太,1:29.7,4,**,,,,,16-15,40.3,113.3,13,412(0),,,,[東]根本康広,ＩＨＲ,,202005030302
16,1,2,ドルチェ,牝3,54,嘉藤貴行,1:30.4,4,**,,,,,5-6,42.3,232.1,16,434(+4),,,,[東]田中清隆,サンコウ牧場,,202005030302
1,1,1,リンガスウォリアー,牡3,56,石川裕紀,1:37.7,,**,,,,,1-1,37.7,24.8,9,464(-8),,,,[東]中舘英二,伊藤巖,510.0,202005030303
2,6,12,ドノスティア,牡3,56,内田博幸,1:38.2,3,**,,,,,2-2,38.1,3.7,1,536(-6),,,,[東]大和田成,村野康司,200.0,202005030303
3,5,10,レジリエンスブルー,牡3,56,木幡巧也,1:38.7,3,**,,,,,6-5,38.0,5.2,3,464(-4),,,,[東]松山将樹,ＹＧＧホースクラブ,130.0,202005030303
4,2,4,スパークインザアイ,セ3,56,武藤雅,1:38.9,1.1/4,**,,,,,9-7,37.9,3.9,2,452(-4),,,,[東]小島茂之,西見徹也,77.0,202005030303
5,4,7,ハイテイブルース,牡3,56,吉田豊,1:39.0,1/2,**,,,,,14-11,37.7,9.7,5,482(0),,,,[東]田島俊明,中地賢次郎,51.0,202005030303
6,8,16,エールプレジール,牡3,56,江田照男,1:39.1,1/2,**,,,,,7-7,38.2,11.3,6,462(0),,,,[東]小笠倫弘,グリーンファーム,,202005030303
7,2,3,グシチャンノカゼ,牡3,53,小林脩斗,1:39.6,3,**,,,,,2-3,39.1,8.3,4,498(-2),,,,[東]田中博康,眞保榮稔,,202005030303
8,7,14,キリシマダイオウ,牡3,56,武士沢友,1:39.9,1.3/4,**,,,,,14-11,38.6,23.5,8,464(-10),,,,[東]武市康男,西村新一郎,,202005030303
9,5,9,リモテソーロ,牡3,56,西田雄一,1:40.1,1.1/2,**,,,,,11-11,38.9,152.5,14,508(+2),,,,[東]加藤士津,了徳寺健二ホールディングス,,202005030303
10,1,2,シャドウパイレーツ,牡3,53,小林凌大,1:40.1,ハナ,**,,,,,5-3,39.6,42.4,11,488(0),,,,[東]勢司和浩,飯塚知一,,202005030303
11,4,8,ウィルビーハッピー,牡3,56,柴田善臣,1:40.2,1/2,**,,,,,16-15,38.7,18.7,7,474(-6),,,,[東]奥村武,ノルマンディーサラブレッドレーシング,,202005030303
12,6,11,ケンシ,牡3,56,木幡初也,1:40.6,2.1/2,**,,,,,9-7,39.6,96.8,13,464(-2),,,,[東]黒岩陽一,鈴木芳夫,,202005030303
13,7,13,プーラン,牝3,52,藤田菜七,1:41.2,3.1/2,**,,,,,7-10,40.1,33.0,10,476(-6),,,,[東]清水英克,梶原哲朗,,202005030303
14,3,5,ヤマニンバデル,牡3,56,原田和真,1:41.3,1/2,**,,,,,13-15,39.7,71.0,12,534(0),,,,[東]栗田徹,土井肇,,202005030303
15,8,15,クラウンパイオニア,牡3,56,嘉藤貴行,1:41.7,2.1/2,**,,,,,11-11,40.5,298.6,16,422(+6),,,,[東]松永康利,クラウン,,202005030303
16,3,6,キングオブキャロル,牡3,56,北村宏司,1:44.1,大,**,,,,,2-5,43.3,225.7,15,496(-2),,,,[東]上原博之,ターフ・スポート,,202005030303
1,3,5,バーンパッション,牡3,56,ルメール,1:19.0,,**,,,,,13-10,36.2,4.6,2,460(-8),,,,[東]中川公成,岡田牧雄,510.0,202005030304
2,1,2,デクスター,牡3,56,レーン,1:19.0,アタマ,**,,,,,2-1,37.2,3.1,1,458(-6),,,,[東]竹内正洋,小林竜太郎,200.0,202005030304
3,7,13,アイアムスゴスギル,牡3,56,内田博幸,1:19.3,2,**,,,,,3-3,37.2,10.7,6,494(+4),,,,[東]奥平雅士,堀紘一,130.0,202005030304
4,2,3,トーレスデルパイネ,牝3,54,岩部純二,1:19.8,3,**,,,,,4-4,37.6,34.3,10,458(-8),,,,[東]萱野浩二,ミルファーム,77.0,202005030304
5,8,15,バルドダンサー,牡3,56,三浦皇成,1:19.9,クビ,**,,,,,9-7,37.4,8.3,5,462(0),,,,[東]和田雄二,コスモヴューファーム,51.0,202005030304
6,4,7,ストームシップ,牡3,54,菅原明良,1:20.0,3/4,**,,,,,13-14,36.7,17.3,7,468(+2),,,,[東]栗田徹,岡田牧雄,,202005030304
7,4,8,マインヒロイン,牝3,51,原優介,1:20.1,1/2,**,,,,,8-7,37.6,18.8,8,424(0),,,,[東]萱野浩二,峰哲馬,,202005030304
8,6,11,ラストヘビー,牡3,53,小林凌大,1:20.5,2.1/2,**,,,,,6-4,38.2,210.8,12,492(0),,,,[東]佐藤吉勝,平本敏夫,,202005030304
9,5,9,キットサクラサク,牡3,56,田辺裕信,1:20.8,1.3/4,**,,,,,15-15,37.3,6.5,3,472(+10),,,,[東]高木登,塩川和則,,202005030304
10,3,6,レアード,牡3,56,西田雄一,1:20.9,クビ,**,,,,,11-12,38.0,348.9,15,488(-8),,,,[東]久保田貴,ゴドルフィン,,202005030304
11,8,16,ヴィーナスブレス,牝3,54,北村宏司,1:21.1,1.1/2,**,,,,,10-10,38.4,20.7,9,470(0),,,,[東]高橋裕,西森功,,202005030304
12,6,12,レジイナアン,牝3,54,戸崎圭太,1:21.1,ハナ,**,,,,,4-4,38.8,7.5,4,496(-2),,,,[東]斎藤誠,ＴＵＲＦレーシング,,202005030304
13,1,1,ボンジュールヘニー,牝3,51,小林脩斗,1:21.3,1.1/4,**,,,,,15-16,37.7,264.1,14,486(0),,,,[東]天間昭一,田中善次郎,,202005030304
14,2,4,ヴェリズモ,牡3,56,武藤雅,1:22.0,4,**,,,,,1-2,40.1,110.1,11,470(+2),,,,[東]加藤士津,社台レースホース,,202005030304
15,5,10,カーヴィーレーザー,牡3,56,宮崎北斗,1:22.2,1.1/4,**,,,,,6-7,39.7,243.4,13,474(+22),,,,[東]粕谷昌央,ノルマンディーサラブレッドレーシング,,202005030304
16,7,14,メイショウカチゴマ,牡3,56,吉田豊,1:22.6,2.1/2,**,,,,,11-12,39.7,368.5,16,478(+8),,,,[東]高柳瑞樹,松本好雄,,202005030304
1,6,8,ノックオンウッド,牡2,54,レーン,1:26.8,,**,,,,,2-2,36.3,2.7,1,490(0),,,,[東]堀宣行,シルクレーシング,700.0,202005030305
2,7,10,レオテソーロ,牡2,54,戸崎圭太,1:26.8,クビ,**,,,,,1-1,36.4,13.0,5,444(0),,,,[東]畠山吉宏,了徳寺健二ホールディングス,280.0,202005030305
3,1,1,スターリングワース,牝2,54,田辺裕信,1:27.5,4,**,,,,,9-5,36.7,4.2,2,460(0),,,,[東]中舘英二,吉田照哉,180.0,202005030305
4,5,7,ユングヴィ,牡2,54,柴田善臣,1:27.6,3/4,**,,,,,4-3,36.9,12.5,4,432(0),,,,[東]大江原哲,菊地祐司,110.0,202005030305
5,5,6,クアドリフォリオ,牝2,54,津村明秀,1:28.1,3,**,,,,,11-10,36.8,34.8,8,458(0),,,,[東]和田正一,ノースヒルズ,70.0,202005030305
6,7,11,ライヴクラッカー,牡2,54,木幡巧也,1:28.3,1,**,,,,,3-3,37.6,81.8,10,470(0),,,,[東]牧光二,澤田孝之,,202005030305
7,2,2,トレジャーアイル,牡2,54,ルメール,1:28.3,クビ,**,,,,,7-6,37.3,4.3,3,492(0),,,,[東]宮田敬介,サンデーレーシング,,202005030305
8,4,4,ニシノライトニング,牡2,52,藤田菜七,1:28.4,3/4,**,,,,,5-6,37.4,16.3,6,486(0),,,,[東]根本康広,西山茂行,,202005030305
9,8,12,ナイルローズ,牝2,52,菅原明良,1:28.5,3/4,**,,,,,7-10,37.2,108.2,11,454(0),,,,[東]粕谷昌央,海谷幸司,,202005030305
10,4,5,タックスリファンド,牡2,54,三浦皇成,1:28.8,1.3/4,**,,,,,13-9,37.7,18.2,7,486(0),,,,[東]武井亮,フィールドレーシング,,202005030305
11,6,9,レイワフリューゲル,牡2,54,北村宏司,1:29.7,5,**,,,,,9-10,38.4,57.6,9,430(0),,,,[東]小手川準,ＫＲジャパン,,202005030305
12,8,13,サンシェリダン,牝2,54,横山和生,1:29.7,ハナ,**,,,,,5-6,38.7,165.8,13,468(0),,,,[東]加藤和宏,加藤ステーブル,,202005030305
13,3,3,ヤクモ,牡2,54,岩部純二,1:30.8,7,**,,,,,11-13,38.8,112.4,12,460(0),,,,[東]石毛善彦,ミルファーム,,202005030305
1,3,6,スキルショット,牡3,54,菅原明良,2:12.2,,**,,,,,2-2-2-1,38.5,13.3,6,482(+2),,,,[東]加藤士津,横田恵子,510.0,202005030306
2,3,5,ジチュダケテソーロ,牡3,56,三浦皇成,2:12.4,1.1/4,**,,,,,11-10-7-4,38.4,3.8,2,498(+2),,,,[東]加藤士津,了徳寺健二ホールディングス,200.0,202005030306
3,4,8,セイウンソルジャー,牡3,56,高野和馬,2:12.8,2.1/2,**,,,,,5-4-4-4,38.8,9.4,4,516(-2),,,,[東]小手川準,西山茂行,130.0,202005030306
4,2,3,ワンダーサーイター,牡3,56,菅原隆一,2:13.3,3,**,,,,,4-4-7-7,39.0,33.3,9,452(-2),,,,[東]畠山吉宏,山本能成,77.0,202005030306
5,1,2,エアリアルシティー,牡3,56,岩部純二,2:13.5,1.1/2,**,,,,,16-16-11-10,38.9,95.7,12,486(-2),,,,[東]石毛善彦,ミルファーム,51.0,202005030306
6,7,14,ビレッジイーグル,牡3,56,江田照男,2:14.3,5,**,,,,,3-3-4-6,40.1,10.8,5,486(-6),,,,[東]竹内正洋,村山輝雄,,202005030306
7,5,10,キークラウン,牡3,56,野中悠太,2:14.3,クビ,**,,,,,11-12-12-12,39.3,64.9,10,498(+4),,,,[東]黒岩陽一,北前孔一郎,,202005030306
8,6,12,リチュアルダンス,牡3,56,ルメール,2:14.4,クビ,**,,,,,15-12-9-7,40.0,7.1,3,510(+12),,,,[東]尾関知人,ゴドルフィン,,202005030306
9,8,15,マイネルティプトン,牡3,56,宮崎北斗,2:14.4,クビ,**,,,,,5-4-4-7,40.1,263.2,16,480(0),,,,[東]青木孝文,サラブレッドクラブ・ラフィアン,,202005030306
10,4,7,マイネルエピキュア,牡3,56,嘉藤貴行,2:14.9,3,**,,,,,8-7-9-10,40.3,202.6,15,482(+2),,,,[東]松永康利,サラブレッドクラブ・ラフィアン,,202005030306
11,2,4,ミスターサンド,牡3,56,石橋脩,2:15.2,2,**,,,,,1-1-1-2,41.3,2.5,1,472(+4),,,,[東]栗田徹,山口功一郎,,202005030306
12,7,13,ニシノストロング,セ3,56,武藤雅,2:15.5,1.3/4,**,,,,,13-15-16-16,38.7,169.3,14,488(-2),,,,[東]小島茂之,西山茂行,,202005030306
13,1,1,キンバリープロセス,牡3,56,津村明秀,2:15.6,クビ,**,,,,,13-12-15-14,39.5,27.9,8,510(+6),,,,[東]手塚貴久,ゴドルフィン,,202005030306
14,6,11,セイウンカゲロウ,牡3,56,内田博幸,2:15.8,1.1/4,**,,,,,8-7-2-2,41.9,14.6,7,496(-4),,,,[東]奥平雅士,西山茂行,,202005030306
15,5,9,キアナポラリス,牝3,51,原優介,2:17.1,8,**,,,,,5-7-14-14,41.1,154.7,13,450(+2),,,,[東]宮田敬介,ノルマンディーサラブレッドレーシング,,202005030306
16,8,16,ディヒター,牡3,56,木幡巧也,2:20.3,大,**,,,,,8-10-12-13,44.4,90.9,11,518(+4),,,,[東]林徹,林正道,,202005030306
1,6,11,レッドラルジュ,牝3,54,ルメール,1:38.8,,**,,,,,2-3,37.6,2.0,1,474(+2),,,,[東]木村哲也,東京ホースレーシング,510.0,202005030307
2,5,9,ミスミルドレッド,牝3,54,武豊,1:39.2,2.1/2,**,,,,,2-1,38.2,3.8,2,444(+2),,,,[東]小島茂之,丸山担,200.0,202005030307
3,8,16,リライトザスターズ,牝3,54,田辺裕信,1:39.3,1/2,**,,,,,12-13,37.2,21.2,6,488(-4),,,,[東]尾関知人,飯田良枝,130.0,202005030307
4,6,12,サクラアスター,牝3,54,レーン,1:39.6,2,**,,,,,4-6,38.1,7.0,3,486(0),,,,[東]金成貴史,さくらコマース,77.0,202005030307
5,3,6,ハワーマハル,牝3,54,西田雄一,1:39.9,1.1/2,**,,,,,4-7,38.3,49.2,8,456(+2),,,,[東]南田美知,ミルファーム,51.0,202005030307
6,8,17,ヴォールヴィコント,牝3,54,北村宏司,1:39.9,クビ,**,,,,,11-10,38.0,57.5,9,484(-4),,,,[東]上原博之,栗山良子,,202005030307
7,1,1,ココニアル,牝3,54,武藤雅,1:40.0,1/2,**,,,,,14-13,37.9,20.4,5,440(-2),,,,[東]和田勇介,村田能光,,202005030307
8,8,18,ディーズギャラント,牝3,52,菅原明良,1:40.2,1.1/4,**,,,,,16-15,38.0,72.1,12,442(+4),,,,[東]藤原辰雄,秋谷壽之,,202005030307
9,4,8,ラインシュプール,牝3,54,武士沢友,1:40.6,2.1/2,**,,,,,17-16,38.3,66.3,11,420(+10),,,,[東]水野貴広,大澤繁昌,,202005030307
10,2,3,キミノミラクル,牝3,54,野中悠太,1:40.7,1/2,**,,,,,4-3,39.5,25.2,7,488(-4),,,,[東]根本康広,平賀久枝,,202005030307
11,5,10,ステラドーロ,牝3,54,戸崎圭太,1:40.8,1/2,**,,,,,1-2,39.8,9.4,4,450(+4),,,,[東]畠山吉宏,サラブレッドクラブ・ラフィアン,,202005030307
12,2,4,ベルザロイヤル,牝3,52,藤田菜七,1:40.8,クビ,**,,,,,8-9,39.0,61.4,10,424(-2),,,,[東]田村康仁,子安裕樹,,202005030307
13,1,2,ミヤコシャンティ,牝3,52,木幡育也,1:40.9,1/2,**,,,,,9-7,39.3,174.8,14,428(+2),,,,[東]宗像義忠,吉田喜代司,,202005030307
14,3,5,ラシックアンレーヴ,牝3,54,津村明秀,1:41.8,5,**,,,,,4-5,40.5,166.8,13,478(-18),,,,[東]鈴木伸尋,西森功,,202005030307
15,7,13,キラークイーン,牝3,54,木幡巧也,1:42.1,1.3/4,**,,,,,12-10,40.2,228.5,16,448(+6),,,,[東]久保田貴,村木隆,,202005030307
16,4,7,ニシノアインス,牝3,54,内田博幸,1:42.5,2.1/2,**,,,,,18-17,39.7,217.8,15,412(0),,,,[東]土田稔,西山茂行,,202005030307
17,7,15,マリノコジーン,牝3,54,江田照男,1:43.4,5,**,,,,,9-10,41.5,270.3,17,446(+14),,,,[東]水野貴広,クラウン,,202005030307
中,7,14,シセイニシキ,牝3,54,伊藤工真,,,**,,,,,15,,532.6,18,436(+8),,,,[東]高橋文雅,猪苗代勇,,202005030307
1,6,6,コスモインペリウム,牡3,54,武藤雅,2:05.9,,**,,,,,2-2-2,37.0,4.3,4,512(+2),,,,[東]和田雄二,岡田繁幸,760.0,202005030308
2,3,3,ライル,牡4,57,レーン,2:06.2,1.3/4,**,,,,,1-1-1,37.4,3.6,2,500(0),,,,[東]手塚貴久,サンデーレーシング,300.0,202005030308
3,2,2,マイネルソラス,牡3,54,石橋脩,2:06.4,1.1/2,**,,,,,3-3-3,37.3,14.3,5,460(-10),,,,[東]和田正一,サラブレッドクラブ・ラフィアン,190.0,202005030308
4,4,4,マイネルミュトス,牡4,57,三浦皇成,2:07.3,5,**,,,,,5-5-5,38.0,3.6,3,480(+4),,,,[東]鹿戸雄一,サラブレッドクラブ・ラフィアン,110.0,202005030308
5,8,8,ラウドアンドクリア,牡3,54,ルメール,2:07.3,クビ,**,,,,,5-5-3,38.1,2.9,1,518(-2),,,,[東]加藤征弘,ゴドルフィン,76.0,202005030308
6,5,5,エルポルラド,牡5,57,西田雄一,2:07.8,3,**,,,,,8-8-8,37.6,163.1,8,474(-2),,,,[東]武藤善則,加藤裕司,,202005030308
7,1,1,オノーレペスカ,牝4,55,原田和真,2:08.1,1.3/4,**,,,,,5-7-7,38.6,101.3,7,418(-14),,,,[東]小桧山悟,三岡陽,,202005030308
8,7,7,アルファウェーブ,牡3,52,木幡育也,2:09.2,7,**,,,,,4-4-5,39.9,18.2,6,536(+4),,,,[東]藤沢和雄,吉田勝己,,202005030308
1,7,10,カラテ,牡4,57,菅原明良,1:38.3,,**,,,,,4-7,37.4,44.6,8,508(+4),,,,[東]高橋祥泰,小田切光,"1,091.5",202005030309
2,6,7,セイウンヴィーナス,牝3,52,野中悠太,1:38.9,3.1/2,**,,,,,4-3,38.1,5.7,3,436(0),,,,[東]本間忍,西山茂行,429.0,202005030309
3,3,3,メイクアンシー,牡4,57,横山和生,1:39.1,1,**,,,,,6-7,38.2,93.6,10,456(+4),,,,[東]小手川準,チームユッキレーシング,274.5,202005030309
4,5,6,メリディアンローグ,牡3,54,ルメール,1:39.2,1/2,**,,,,,9-9,38.2,3.7,2,466(-2),,,,[東]藤沢和雄,山本英俊,160.0,202005030309
5,6,8,イザラ,牝3,52,戸崎圭太,1:39.2,ハナ,**,,,,,1-1,38.7,5.8,4,446(-2),,,,[東]加藤征弘,栗坂崇,106.0,202005030309
6,2,2,ローレリスト,牡3,54,石橋脩,1:39.9,4,**,,,,,12-11,38.7,49.8,9,442(-8),,,,[東]中川公成,多田賢司,,202005030309
7,7,9,ショーヒデキラ,牡4,57,内田博幸,1:39.9,ハナ,**,,,,,2-2,39.3,19.2,7,480(0),,,,[東]鈴木伸尋,吉冨学,,202005030309
8,8,12,シャイニーピース,牡6,57,木幡育也,1:39.9,クビ,**,,,,,11-11,38.7,110.6,11,498(-2),,,,[東]田中剛,小林昌志,,202005030309
9,1,1,フィリアーノ,牡4,57,レーン,1:40.4,3,**,,,,,6-3,39.6,7.8,5,460(0),,,,[東]手塚貴久,吉田勝己,,202005030309
10,5,5,オーロアドーネ,牡3,54,三浦皇成,1:41.7,8,**,,,,,3-3,40.9,3.4,1,478(0),,,,[東]戸田博文,ＤＭＭドリームクラブ,,202005030309
11,4,4,カンパーニャ,牡4,57,北村宏司,1:41.9,1.1/4,**,,,,,6-3,41.1,9.9,6,454(+2),,,,[東]畠山吉宏,村野康司,,202005030309
12,8,11,サンマルフラッシュ,牡4,57,嘉藤貴行,1:42.6,4,**,,,,,9-9,41.5,319.7,12,474(+8),,,,[東]佐藤吉勝,相馬勇,,202005030309
1,4,8,ポップシンガー,牝6,55,北村宏司,1:17.0,,**,,,,,1-1,35.9,51.6,12,460(+2),,,,[東]鈴木伸尋,村山卓也,"1,542.7",202005030310
2,6,11,カミノコ,牡5,57,田中勝春,1:17.3,1.3/4,**,,,,,5-3,35.8,16.6,6,468(-2),,,,[西]森秀行,門野重雄,612.2,202005030310
3,2,3,コマノゼニト,牡4,57,ルメール,1:17.6,2,**,,,,,15-14,35.3,2.6,1,478(0),,,,[東]伊藤圭三,長谷川芳信,386.1,202005030310
4,4,7,ニシノホライゾン,牡3,54,田辺裕信,1:17.6,アタマ,**,,,,,16-16,35.1,8.1,4,490(-12),,,,[東]的場均,西山茂行,230.0,202005030310
5,5,10,ウメタロウ,牡5,57,江田照男,1:17.8,1.1/4,**,,,,,8-7,36.0,20.1,8,500(+2),,,,[東]伊藤大士,ミルファーム,150.0,202005030310
6,2,4,スーパーアキラ,牡5,57,石川裕紀,1:17.8,ハナ,**,,,,,11-11,35.8,104.2,13,518(+6),,,,[東]矢野英一,井山登,,202005030310
7,1,1,ホイールバーニング,牡7,57,武豊,1:17.8,クビ,**,,,,,11-14,35.6,35.2,10,536(-2),,,,[西]牧田和弥,市川義美ホールディングス,,202005030310
8,3,5,レイテントロアー,牡3,54,嘉藤貴行,1:18.0,1.1/4,**,,,,,11-11,36.0,4.7,2,462(-4),,,,[東]田中清隆,矢野亨憲,,202005030310
9,3,6,カーンテソーロ,牡4,57,三浦皇成,1:18.1,1/2,**,,,,,5-4,36.5,27.9,9,486(-4),,,,[東]竹内正洋,了徳寺健二ホールディングス,,202005030310
10,7,13,プタハ,牡5,57,木幡巧也,1:18.8,4,**,,,,,4-4,37.1,10.1,5,526(-2),,,,[東]斎藤誠,高瀬真尚,,202005030310
11,7,14,ティアップサンダー,牡8,57,西田雄一,1:18.8,アタマ,**,,,,,11-11,36.8,195.9,15,498(+4),,,,[東]奥平雅士,田中昇,,202005030310
12,8,16,ショウナンガナドル,牡4,57,レーン,1:18.8,クビ,**,,,,,7-7,37.0,7.2,3,492(0),,,,[東]田中剛,国本哲秀,,202005030310
13,1,2,シメイ,牡5,57,武藤雅,1:19.0,3/4,**,,,,,8-10,37.1,148.4,14,510(+14),,,,[西]森秀行,岩見裕輔,,202005030310
14,6,12,パイロジェン,牡4,57,内田博幸,1:19.0,ハナ,**,,,,,8-7,37.2,37.2,11,456(+2),,,,[東]伊藤圭三,ゴドルフィン,,202005030310
15,8,15,ウイナーズロード,牝6,55,柴田善臣,1:19.2,1.1/4,**,,,,,2-2,38.0,294.5,16,464(+38),,,,[東]天間昭一,宮内牧場,,202005030310
16,5,9,エリンアクトレス,牝4,55,津村明秀,1:22.8,大,**,,,,,3-4,41.2,18.0,7,484(+8),,,,[東]清水英克,田頭勇貴,,202005030310
1,7,13,サンレイポケット,牡5,55,戸崎圭太,2:33.1,,**,,,,,13-13-9-8,37.2,4.8,3,480(+6),,,,[西]高橋義忠,永井啓弍,"1,859.9",202005030311
2,3,6,アイファーキングズ,牡4,56,横山和生,2:33.1,クビ,**,,,,,1-1-1-1,37.8,35.1,10,498(-2),,,,[西]鮫島一歩,中島稔,741.4,202005030311
3,1,2,フィールインラヴ,牡5,54,丸田恭介,2:33.2,1/2,**,,,,,17-15-15-15,36.9,56.9,13,466(+14),,,,[西]浅見秀一,大塚亮一,465.7,202005030311
4,8,16,シャイニーゲール,牡6,54,田辺裕信,2:33.4,1.1/4,**,,,,,6-8-9-8,37.5,24.7,8,462(-4),,,,[西]石坂正,小林昌志,270.0,202005030311
5,6,12,マイネルカレッツァ,牡8,54,石川裕紀,2:33.9,3,**,,,,,4-6-4-3,38.5,120.5,16,522(+6),,,,[東]加藤士津,サラブレッドクラブ・ラフィアン,182.0,202005030311
6,2,4,シルヴァーソニック,牡4,55,武豊,2:33.9,クビ,**,,,,,11-8-7-5,38.2,8.4,4,446(0),,,,[西]池江泰寿,社台レースホース,,202005030311
7,2,3,レオビヨンド,牡4,55,北村宏司,2:34.3,2.1/2,**,,,,,6-6-7-8,38.4,4.7,2,484(+6),,,,[西]高柳大輔,レオ,,202005030311
8,4,7,サトノラディウス,牡4,56,ルメール,2:35.1,5,**,,,,,9-8-9-8,39.3,3.6,1,484(0),,,,[東]国枝栄,サトミホースカンパニー,,202005030311
9,3,5,メイショウタカトラ,牡6,52,菅原明良,2:35.3,1.1/4,**,,,,,2-2-2-2,40.0,123.0,17,494(+4),,,,[西]荒川義之,松本好雄,,202005030311
10,4,8,マコトガラハッド,セ7,54,江田照男,2:35.5,1.1/4,**,,,,,9-11-13-13,39.4,77.6,14,496(0),,,,[西]鮫島一歩,ディアマント,,202005030311
11,6,11,マイネルキラメキ,牡5,54,野中悠太,2:35.5,アタマ,**,,,,,18-18-15-15,39.2,180.7,18,440(+2),,,,[東]和田雄二,サラブレッドクラブ・ラフィアン,,202005030311
12,7,14,ギャラッド,セ5,55,津村明秀,2:35.6,3/4,**,,,,,12-12-9-12,39.6,38.5,12,482(+2),,,,[東]田村康仁,キャロットファーム,,202005030311
13,7,15,ヘリファルテ,牡6,55,石橋脩,2:35.6,ハナ,**,,,,,15-15-13-13,39.5,36.9,11,492(+8),,,,[東]堀宣行,サンデーレーシング,,202005030311
14,1,1,カーロバンビーナ,牝5,52,吉田豊,2:35.9,1.1/2,**,,,,,6-4-4-5,40.2,29.2,9,406(+2),,,,[東]戸田博文,社台レースホース,,202005030311
15,8,17,サトノオンリーワン,牡5,55,レーン,2:35.9,ハナ,**,,,,,13-14-15-15,39.7,19.1,7,486(-8),,,,[東]堀宣行,里見治紀,,202005030311
16,5,9,ダイワダグラス,牡4,56,三浦皇成,2:36.4,3,**,,,,,4-4-4-5,40.8,9.0,5,502(0),,,,[東]鹿戸雄一,大城敬三,,202005030311
17,5,10,ベイビーステップ,牡6,55,武藤雅,2:36.9,3,**,,,,,3-3-2-3,41.5,16.9,6,492(+2),,,,[東]菊川正達,大塚亮一,,202005030311
中,8,18,カイザーヴェッター,牡5,54,木幡育也,,,**,,,,,15-17-18-18,,96.9,15,492(0),,,,[東]黒岩陽一,シルクレーシング,,202005030311
1,6,11,ニュートンテソーロ,牡3,54,戸崎圭太,1:36.2,,**,,,,,10-10,36.3,3.2,1,484(-2),,,,[東]田中博康,了徳寺健二ホールディングス,760.0,202005030312
2,3,5,アイノア,牝3,52,津村明秀,1:36.4,1.1/4,**,,,,,3-4,37.0,14.7,7,480(0),,,,[東]青木孝文,ビッグレッドファーム,300.0,202005030312
3,8,15,イマジナリーライン,牡3,54,武豊,1:36.5,1/2,**,,,,,3-3,37.3,5.0,3,492(+2),,,,[東]鹿戸雄一,社台レースホース,190.0,202005030312
4,3,6,キタノユウキ,牡5,57,レーン,1:36.6,1/2,**,,,,,5-4,37.1,4.9,2,560(0),,,,[東]相沢郁,河内孝夫,110.0,202005030312
5,7,14,グロリアスホープ,牡4,57,石橋脩,1:36.6,ハナ,**,,,,,2-2,37.5,18.8,8,502(+2),,,,[東]矢野英一,ターフ・スポート,76.0,202005030312
6,5,9,テンサイドカップ,牝3,52,江田照男,1:36.8,1.1/4,**,,,,,12-12,36.5,41.9,10,466(0),,,,[東]矢野英一,天白泰司,,202005030312
7,1,1,プロース,牡4,57,吉田豊,1:37.2,2.1/2,**,,,,,10-11,37.1,63.0,13,500(-6),,,,[東]田村康仁,高樽さゆり,,202005030312
8,4,7,ロワマージュ,牡3,54,三浦皇成,1:37.3,1/2,**,,,,,9-7,37.5,24.9,9,476(+2),,,,[東]池上昌和,ゴドルフィン,,202005030312
9,7,13,グリューネリヒト,セ4,57,北村宏司,1:37.4,クビ,**,,,,,13-16,36.8,42.8,11,494(-2),,,,[東]高木登,サンデーレーシング,,202005030312
10,1,2,アララトテソーロ,牡4,55,藤田菜七,1:37.8,2.1/2,**,,,,,15-13,37.3,74.8,14,482(-6),,,,[東]和田雄二,了徳寺健二ホールディングス,,202005030312
11,5,10,ユキノアンビシャス,牡5,57,柴田善臣,1:37.8,ハナ,**,,,,,13-13,37.3,49.2,12,498(0),,,,[東]新開幸一,井上基之,,202005030312
12,6,12,パイオニアバローズ,セ4,57,ルメール,1:37.9,3/4,**,,,,,7-7,38.2,10.9,5,524(0),,,,[東]木村哲也,猪熊広次,,202005030312
13,2,4,アテンコール,牡5,54,小林脩斗,1:38.0,3/4,**,,,,,8-7,38.2,289.5,16,464(-4),,,,[東]天間昭一,齊藤直信,,202005030312
14,2,3,バイシュラバナ,牡3,54,田辺裕信,1:38.2,1.1/4,**,,,,,15-13,37.7,8.3,4,472(+8),,,,[東]久保田貴,草間庸文,,202005030312
15,4,8,ルミナスナイト,牝3,50,木幡育也,1:38.7,3,**,,,,,1-1,39.6,14.4,6,504(+2),,,,[東]畠山吉宏,岡田牧雄,,202005030312
16,8,16,セレンディピア,牡3,54,石川裕紀,1:39.0,2,**,,,,,5-4,39.5,187.6,15,460(-4),,,,[東]尾形和幸,ノルマンディーサラブレッドレーシング,,202005030312
1,2,4,ヘライア,牝3,53,岩田望来,1:37.3,,**,,,,,9-7,37.1,24.3,7,472(-8),,,,[東]加藤征弘,吉田照哉,510.0,202005030401
2,1,2,スピードオブラブ,牝3,54,三浦皇成,1:37.6,1.3/4,**,,,,,15-15,36.6,5.7,3,442(+8),,,,[東]中川公成,石井義人,200.0,202005030401
3,7,14,ズールー,牝3,54,ルメール,1:37.6,アタマ,**,,,,,3-2,38.2,3.9,2,472(0),,,,[東]高木登,椎名節,130.0,202005030401
4,4,8,アッタヴァンティ,牝3,52,菅原明良,1:38.6,6,**,,,,,5-4,38.7,37.3,9,424(-10),,,,[東]中川公成,サンデーレーシング,77.0,202005030401
5,4,7,アーデントラブ,牝3,54,戸崎圭太,1:38.6,ハナ,**,,,,,14-12,37.7,6.0,4,440(+6),,,,[東]田中博康,ノースヒルズ,51.0,202005030401
6,1,1,セイプレシャス,牝3,54,武藤雅,1:38.9,2,**,,,,,16-15,37.8,55.5,11,430(0),,,,[東]浅野洋一,金田成基,,202005030401
7,7,13,ハヴォナ,牝3,51,原優介,1:39.4,3,**,,,,,11-8,38.8,378.4,16,438(+4),,,,[東]松山将樹,阿部善武,,202005030401
8,8,15,エドノスカッシュ,牝3,54,木幡巧也,1:39.4,クビ,**,,,,,11-8,38.9,62.4,12,466(-8),,,,[東]松山将樹,遠藤喜松,,202005030401
9,8,16,トクシーズファー,牝3,54,横山和生,1:39.5,クビ,**,,,,,1-1,40.2,3.2,1,436(+4),,,,[東]戸田博文,ＡＩレーシング,,202005030401
10,6,12,ニットウムギ,牝3,54,柴田善臣,1:39.5,ハナ,**,,,,,2-2,40.1,24.4,8,456(+10),,,,[東]高橋文雅,日東牧場,,202005030401
11,3,5,ユウチャファスト,牝3,54,北村宏司,1:40.2,4,**,,,,,11-12,39.4,8.3,5,452(0),,,,[東]中舘英二,長谷川祐司,,202005030401
12,5,10,ホッコージュンレイ,牝3,54,西田雄一,1:40.8,3.1/2,**,,,,,5-4,40.9,221.2,15,444(+4),,,,[東]松永康利,北幸商事,,202005030401
13,2,3,バースデーギフト,牝3,54,石橋脩,1:41.5,4,**,,,,,10-12,40.6,18.0,6,428(+4),,,,[東]牧光二,小國和紀,,202005030401
14,5,9,ノボパニコ,牝3,54,江田照男,1:42.1,3.1/2,**,,,,,5-8,41.6,207.9,14,474(+8),,,,[東]天間昭一,ＬＳ．Ｍ,,202005030401
15,6,11,デルマアイオライト,牝3,54,木幡初也,1:42.1,ハナ,**,,,,,3-4,42.2,52.1,10,464(-22),,,,[東]武市康男,浅沼廣幸,,202005030401
16,3,6,エンゼルバイオ,牝3,54,内田博幸,1:42.2,クビ,**,,,,,8-8,41.6,135.1,13,472(+4),,,,[東]松山将樹,バイオ,,202005030401
1,5,10,フォワードアゲン,セ3,56,柴田善臣,1:23.7,,**,,,,,9-12,35.2,5.2,2,420(+2),,,,[東]中野栄治,浅川皓司,510.0,202005030402
2,6,12,フィオーレカフェ,牝3,53,岩田望来,1:24.5,5,**,,,,,8-8,36.2,8.9,6,412(-4),,,,[東]和田勇介,西川光一,200.0,202005030402
3,1,1,レオハイセンス,牝3,51,小林脩斗,1:24.5,クビ,**,,,,,4-6,36.4,16.4,7,436(0),,,,[東]奥平雅士,レオ,130.0,202005030402
4,4,8,ホイッスルヴォイス,牝3,54,レーン,1:24.7,1.1/4,**,,,,,4-6,36.6,3.0,1,448(+2),,,,[東]大竹正博,藤田岳彦,77.0,202005030402
5,8,18,マイネルチューダ,牡3,56,津村明秀,1:24.7,クビ,**,,,,,4-2,36.8,7.8,4,444(+2),,,,[東]奥平雅士,サラブレッドクラブ・ラフィアン,51.0,202005030402
6,3,6,ジュンキャノン,牝3,54,武豊,1:24.9,1,**,,,,,7-2,36.9,8.4,5,412(+2),,,,[東]勢司和浩,河合純二,,202005030402
7,4,7,マイルポスト,牡3,56,三浦皇成,1:24.9,ハナ,**,,,,,9-11,36.5,6.9,3,522(+16),,,,[東]小笠倫弘,Ｇ１レーシング,,202005030402
8,5,9,モカ,牝3,52,木幡育也,1:25.0,1/2,**,,,,,18-15,35.8,186.2,17,442(0),,,,[東]青木孝文,石川秀守,,202005030402
9,8,17,サクラマス,牝3,54,北村宏司,1:25.5,3,**,,,,,15-15,36.3,37.1,10,418(-4),,,,[東]勢司和浩,越村哲男,,202005030402
10,1,2,フローラルキスミー,牝3,51,原優介,1:25.6,3/4,**,,,,,9-8,37.4,182.5,16,438(+24),,,,[東]伊藤大士,高橋正雄,,202005030402
11,7,14,パンゲア,牝3,54,木幡巧也,1:25.6,ハナ,**,,,,,2-2,37.7,28.2,9,438(0),,,,[東]伊藤大士,ニッシンホールディングス,,202005030402
12,6,11,ヒナノコバン,牡3,54,菅原明良,1:25.7,1/2,**,,,,,13-13,36.8,119.1,13,450(-6),,,,[東]本間忍,日向英二,,202005030402
13,2,4,テクノポリス,セ3,56,石橋脩,1:25.9,3/4,**,,,,,1-1,38.3,19.4,8,460(-4),,,,[東]宗像義忠,社台レースホース,,202005030402
14,7,15,ランバダフレイバー,牡3,53,小林凌大,1:26.0,1/2,**,,,,,2-2,38.1,123.1,14,440(+10),,,,[東]久保田貴,尾田信夫,,202005030402
15,3,5,ブノワデラダンス,牝3,54,武藤雅,1:26.0,クビ,**,,,,,13-13,37.2,152.0,15,430(-6),,,,[東]尾関知人,岡田牧雄,,202005030402
16,2,3,ガニアン,牡3,56,藤井勘一,1:26.1,クビ,**,,,,,9-8,37.9,99.7,12,460(-2),,,,[東]田村康仁,ラ・メール,,202005030402
17,8,16,キタノマナザシ,牝3,54,丸田恭介,1:26.1,クビ,**,,,,,16-18,36.5,197.7,18,470(+6),,,,[東]蛯名利弘,北所直人,,202005030402
18,7,13,フィオナサンライズ,牝3,54,石川裕紀,1:26.6,3,**,,,,,16-17,37.3,87.8,11,426(+12),,,,[東]林徹,吉田勝己,,202005030402
1,3,5,ホウオウセレシオン,牡3,56,ルメール,1:36.8,,**,,,,,2-2,36.6,4.6,2,492(-14),,,,[東]奥村武,小笹芳央,510.0,202005030403
2,3,6,アンブローニュ,牡3,56,北村宏司,1:37.1,1.3/4,**,,,,,3-3,36.7,88.7,11,480(-4),,,,[東]根本康広,ノルマンディーサラブレッドレーシング,200.0,202005030403
3,7,13,サトノレガリア,牡3,56,三浦皇成,1:37.3,1.1/4,**,,,,,7-5,36.7,6.9,4,508(-2),,,,[東]萩原清,サトミホースカンパニー,130.0,202005030403
4,5,10,コスモケルビン,牡3,55,岩田望来,1:37.8,3,**,,,,,4-5,37.2,26.1,7,498(0),,,,[東]佐藤吉勝,ビッグレッドファーム,77.0,202005030403
5,4,8,コンチサエッタ,牡3,56,藤井勘一,1:38.0,1.1/4,**,,,,,8-8,37.2,55.3,10,464(-2),,,,[東]勢司和浩,九十九章之,51.0,202005030403
6,2,4,セイウンノア,牡3,56,野中悠太,1:38.0,クビ,**,,,,,8-8,37.2,19.7,5,506(-6),,,,[東]根本康広,西山茂行,,202005030403
7,4,7,アルコンシチー,牡3,56,石川裕紀,1:38.2,1.1/4,**,,,,,8-8,37.4,34.3,8,452(0),,,,[東]相沢郁,友駿ホースクラブ,,202005030403
8,1,1,ラッキーボーイ,牡3,56,嘉藤貴行,1:38.5,2,**,,,,,4-5,37.9,53.8,9,456(+2),,,,[東]佐藤吉勝,平本敏夫,,202005030403
9,6,11,キルケニー,牡3,54,木幡育也,1:38.7,1.1/4,**,,,,,15-13,37.2,21.2,6,532(0),,,,[東]尾関知人,シルクレーシング,,202005030403
10,6,12,マラジェッツ,牡3,56,Ｍ．デム,1:38.8,クビ,**,,,,,1-1,38.6,6.5,3,460(+2),,,,[東]上原博之,伊達敏明,,202005030403
11,2,3,ブラックトマホーク,牡3,56,レーン,1:38.8,クビ,**,,,,,4-4,38.3,2.0,1,472(0),,,,[東]高木登,吉田勝己,,202005030403
12,8,16,ビッグゴシップ,牡3,53,原優介,1:38.9,クビ,**,,,,,11-11,37.7,154.2,13,492(+2),,,,[東]黒岩陽一,吉田千津,,202005030403
13,8,15,ニーマルブラック,セ3,56,横山和生,1:40.0,7,**,,,,,13-13,38.5,296.7,15,472(+2),,,,[東]田村康仁,板橋秋,,202005030403
14,7,14,テイエムブロッコ,セ3,56,内田博幸,1:40.1,1/2,**,,,,,11-11,38.9,415.8,16,480(+4),,,,[東]石栗龍彦,竹園正繼,,202005030403
15,5,9,ゴラッソゴール,牡3,54,菅原明良,1:40.9,5,**,,,,,13-15,39.3,183.3,14,470(0),,,,[東]武市康男,東海林貴大,,202005030403
16,1,2,シゲルヒドラ,牡3,56,武藤雅,1:42.9,大,**,,,,,16-16,39.8,129.9,12,502(0),,,,[東]小島茂之,森中蕃,,202005030403
1,8,16,ビートザウイングス,セ3,56,武藤雅,2:03.7,,**,,,,,3-2-2,38.4,41.4,9,468(+4),,,,[東]手塚貴久,社台レースホース,510.0,202005030404
2,5,10,ラッキービープラン,牝3,54,伊藤工真,2:03.7,クビ,**,,,,,2-2-2,38.5,174.4,13,464(+2),,,,[東]宗像義忠,薗部博之,200.0,202005030404
3,2,4,コトブキテティス,牝3,54,戸崎圭太,2:03.8,3/4,**,,,,,6-8-7,37.8,3.7,2,426(-2),,,,[東]田島俊明,尾上松壽,130.0,202005030404
4,1,2,ボンバーミューラー,牡3,56,武豊,2:04.0,3/4,**,,,,,1-1-1,39.2,7.4,4,448(+2),,,,[東]小桧山悟,渡邊隆,77.0,202005030404
5,7,13,トロワシャルム,牡3,56,ルメール,2:04.3,1.3/4,**,,,,,10-10-8,38.1,3.1,1,470(+6),,,,[東]鹿戸雄一,村野康司,51.0,202005030404
6,6,12,マイネルシエル,牡3,56,石橋脩,2:04.6,2,**,,,,,9-9-10,38.2,12.0,5,500(+6),,,,[東]高橋祥泰,サラブレッドクラブ・ラフィアン,,202005030404
7,4,7,スワーヴカエサル,牡3,56,横山典弘,2:04.7,クビ,**,,,,,6-6-10,38.3,4.7,3,524(0),,,,[東]田中博康,ＮＩＣＫＳ,,202005030404
8,6,11,ハスキージュリー,牝3,54,吉田豊,2:04.7,ハナ,**,,,,,12-12-13,38.0,51.3,10,442(+6),,,,[東]土田稔,渡邊隆,,202005030404
9,2,3,デルニエエトワール,牝3,54,田辺裕信,2:04.7,クビ,**,,,,,6-6-4,39.0,36.4,8,482(0),,,,[東]大竹正博,大樹ファーム,,202005030404
10,8,15,ショウナンハリマオ,牡3,56,三浦皇成,2:05.0,1.3/4,**,,,,,13-12-8,38.8,16.4,7,496(0),,,,[東]国枝栄,国本哲秀,,202005030404
11,5,9,アキリザーブ,牝3,54,武士沢友,2:05.2,3/4,**,,,,,5-4-5,39.3,536.0,16,478(+2),,,,[東]小野次郎,石山嘉七,,202005030404
12,3,5,アドラツィオーネ,牝3,52,木幡育也,2:05.5,1.3/4,**,,,,,15-16-16,37.0,73.9,11,486(0),,,,[東]久保田貴,Ｇ１レーシング,,202005030404
13,3,6,リアリーカ,牡3,56,菅原隆一,2:05.5,クビ,**,,,,,11-10-10,39.2,406.9,14,468(0),,,,[東]小野次郎,西森功,,202005030404
14,4,8,シゲルセイウン,牝3,54,江田照男,2:06.2,4,**,,,,,16-15-14,38.9,97.5,12,396(-6),,,,[東]石毛善彦,森中蕃,,202005030404
15,1,1,ヒシマーシャル,牡3,56,北村宏司,2:06.6,2.1/2,**,,,,,3-4-5,40.7,15.3,6,472(+8),,,,[東]木村哲也,阿部雅英,,202005030404
16,7,14,ベアーズレター,牡3,56,藤井勘一,2:07.0,2.1/2,**,,,,,14-14-15,39.5,447.2,15,460(-12),,,,[東]佐藤吉勝,熊坂俊一,,202005030404
1,1,1,ユーバーレーベン,牝2,54,戸崎圭太,1:52.6,,**,,,,,10-5-4,35.3,10.2,4,458(0),,,,[東]手塚貴久,サラブレッドクラブ・ラフィアン,700.0,202005030405
2,7,10,グアドループ,牡2,54,レーン,1:52.6,ハナ,**,,,,,10-9-6,35.2,3.1,2,510(0),,,,[東]田村康仁,平井裕,280.0,202005030405
3,3,3,モンサンラディウス,牡2,54,木幡巧也,1:53.3,4,**,,,,,2-2-2,36.2,69.2,10,490(0),,,,[東]牧光二,山下新一,180.0,202005030405
4,5,5,セイウンゴールド,牡2,54,内田博幸,1:53.5,1.1/4,**,,,,,5-7-9,35.8,29.1,8,484(0),,,,[東]上原博之,西山茂行,110.0,202005030405
5,2,2,ハイエストポイント,牡2,54,三浦皇成,1:53.8,2,**,,,,,1-1-2,36.8,16.6,6,446(0),,,,[西]鈴木孝志,ノースヒルズ,70.0,202005030405
6,6,8,レガトゥス,牡2,54,ルメール,1:54.0,1,**,,,,,2-5-6,36.6,2.9,1,554(0),,,,[東]木村哲也,サンデーレーシング,,202005030405
7,6,7,フミロア,牝2,54,横山典弘,1:54.0,クビ,**,,,,,12-4-1,37.0,20.0,7,428(0),,,,[東]黒岩陽一,林文彦,,202005030405
8,4,4,コスモアシュラ,牡2,54,津村明秀,1:54.4,2.1/2,**,,,,,5-7-6,36.9,46.0,9,490(0),,,,[東]中野栄治,岡田繁幸,,202005030405
9,7,9,レイニーデイ,牡2,54,田辺裕信,1:54.8,2.1/2,**,,,,,8-9-9,37.2,10.3,5,512(0),,,,[東]矢野英一,大塚亮一,,202005030405
10,8,12,ウインアミュレット,牡2,54,原田和真,1:54.8,クビ,**,,,,,5-9-11,36.9,121.2,11,434(0),,,,[東]金成貴史,ウイン,,202005030405
11,8,11,オブデュモンド,牡2,54,Ｍ．デム,1:55.1,1.3/4,**,,,,,8-12-11,37.2,7.1,3,522(0),,,,[東]藤沢和雄,多田信尊,,202005030405
12,5,6,ベアナチュラル,牡2,54,木幡初也,1:55.1,ハナ,**,,,,,2-2-4,37.8,162.6,12,478(0),,,,[東]杉浦宏昭,熊木浩,,202005030405
1,1,2,ショウナンマルーン,牡3,56,野中悠太,1:24.7,,**,,,,,11-11,35.5,7.0,5,488(+2),,,,[東]上原博之,国本哲秀,510.0,202005030406
2,2,3,エクステンデット,牡3,56,横山和生,1:24.7,クビ,**,,,,,6-5,35.9,15.1,8,436(+2),,,,[東]奥村武,ラ・メール,200.0,202005030406
3,3,5,シゲルガラテア,牡3,54,菅原明良,1:24.8,クビ,**,,,,,1-1,36.6,13.6,7,494(+14),,,,[東]水野貴広,森中蕃,130.0,202005030406
4,3,6,マニールリッヒ,牡3,56,レーン,1:24.8,クビ,**,,,,,3-3,36.2,3.3,1,492(+8),,,,[東]青木孝文,吉田勝己,77.0,202005030406
5,4,8,ディーカラーズ,牡3,56,木幡初也,1:25.1,2,**,,,,,3-3,36.5,23.6,9,492(+2),,,,[東]高橋祥泰,鈴木芳夫,51.0,202005030406
6,6,11,ヤマニンパジャッソ,牡3,56,伊藤工真,1:25.3,1,**,,,,,2-2,36.9,92.2,12,460(-2),,,,[東]蛯名利弘,土井肇,,202005030406
7,7,13,サンドストーム,牡3,53,小林脩斗,1:25.6,2,**,,,,,9-9,36.5,5.9,2,432(+2),,,,[東]尾形和幸,古賀慎一,,202005030406
8,5,9,ピュティ,牝3,54,武士沢友,1:25.8,1.1/4,**,,,,,10-9,36.7,46.5,10,422(-8),,,,[東]深山雅史,武田茂男,,202005030406
9,2,4,タシロ,牡3,56,岩部純二,1:26.0,1,**,,,,,14-14,36.4,13.0,6,526(+6),,,,[東]的場均,ミルファーム,,202005030406
10,7,14,マカレナダンス,牡3,56,津村明秀,1:26.0,アタマ,**,,,,,6-5,37.2,6.0,3,472(-4),,,,[東]鈴木伸尋,京都ホースレーシング,,202005030406
11,8,16,ミスターサンライズ,牡3,54,木幡育也,1:26.6,3.1/2,**,,,,,6-8,37.7,66.5,11,430(-10),,,,[東]和田正一,古賀和夫,,202005030406
12,8,15,コスモビートイット,牡3,56,武藤雅,1:26.7,3/4,**,,,,,11-11,37.4,7.0,4,452(-10),,,,[東]清水英克,ビッグレッドファーム,,202005030406
13,5,10,デルマベリル,牡3,56,木幡巧也,1:26.9,1.1/4,**,,,,,13-11,37.6,168.2,16,444(-6),,,,[東]古賀史生,浅沼廣幸,,202005030406
14,6,12,カイエトゥール,牝3,51,原優介,1:26.9,ハナ,**,,,,,3-5,38.1,162.0,15,484(0),,,,[東]菊川正達,シンボリ牧場,,202005030406
15,1,1,ロングイ,牡3,56,井上敏樹,1:27.1,1.1/2,**,,,,,14-14,37.5,96.7,13,470(-10),,,,[東]伊藤大士,佐久間拓士,,202005030406
16,4,7,ザサンアップライト,牡3,56,内田博幸,1:27.5,2.1/2,**,,,,,16-16,36.4,131.1,14,438(-2),,,,[東]天間昭一,ノルマンディーサラブレッドレーシング,,202005030406
1,3,6,ラストマン,牡3,54,ルメール,2:09.9,,**,,,,,4-5-4-4,36.3,2.6,1,478(0),,,,[東]戸田博文,堂守貴志,760.0,202005030407
2,3,5,ジャッジ,牡3,54,Ｍ．デム,2:10.1,1.1/4,**,,,,,4-3-4-4,36.5,3.9,2,496(-4),,,,[東]和田雄二,田島榮二郎,300.0,202005030407
3,2,4,モルタル,牡3,54,木幡巧也,2:10.4,2,**,,,,,7-8-7-7,36.4,32.4,10,478(0),,,,[東]加藤征弘,阿部友弘,190.0,202005030407
4,5,10,ニューツーリズム,牡4,57,横山和生,2:11.0,3.1/2,**,,,,,12-12-12-13,36.4,19.3,6,506(+6),,,,[東]黒岩陽一,吉田晴哉,110.0,202005030407
5,2,3,スコルピウス,セ4,57,武豊,2:11.1,クビ,**,,,,,1-2-2-2,37.8,7.8,4,468(+8),,,,[西]武幸四郎,飯田正剛,76.0,202005030407
6,8,15,アナザークイーン,牝4,55,武藤雅,2:11.4,1.3/4,**,,,,,10-10-10-10,37.1,59.1,12,470(+4),,,,[東]天間昭一,ビッグレッドファーム,,202005030407
7,1,2,アベックフォルス,牡3,53,岩田望来,2:11.4,ハナ,**,,,,,2-1-1-1,38.1,21.1,7,486(-6),,,,[東]加藤士津,田中義明,,202005030407
8,6,11,エンパイアカラー,セ6,57,江田照男,2:11.5,3/4,**,,,,,3-3-3-3,38.1,94.1,14,508(+2),,,,[東]藤原辰雄,吉澤克己,,202005030407
9,4,7,オーマオ,牡4,57,戸崎圭太,2:11.6,クビ,**,,,,,12-13-13-10,37.2,14.8,5,446(-6),,,,[西]村山明,吉田照哉,,202005030407
10,4,8,トモジャタイクーン,牡5,57,津村明秀,2:11.7,1/2,**,,,,,14-14-13-13,37.1,22.3,9,504(+6),,,,[東]鈴木伸尋,吉冨学,,202005030407
11,8,16,ヤマノマタカ,牡3,54,石川裕紀,2:12.0,1.3/4,**,,,,,4-5-4-4,38.3,21.4,8,462(-4),,,,[東]相沢郁,澤村敏雄,,202005030407
12,6,12,セイカヤマノ,牡4,57,三浦皇成,2:12.0,クビ,**,,,,,16-16-16-15,37.1,7.8,3,492(+2),,,,[東]南田美知,久米誠,,202005030407
13,5,9,エルゼロ,セ7,54,原優介,2:12.4,2.1/2,**,,,,,10-10-10-10,38.1,147.1,16,500(-2),,,,[東]武井亮,磯波勇Ｆ,,202005030407
14,1,1,ミッキープリンス,牡3,54,内田博幸,2:12.9,3,**,,,,,7-7-7-8,38.7,58.9,11,506(-4),,,,[東]国枝栄,野田みづき,,202005030407
15,7,13,ラマトリス,牝3,50,菅原明良,2:12.9,クビ,**,,,,,9-9-7-8,38.7,64.8,13,526(-6),,,,[東]新開幸一,吉田晴哉,,202005030407
16,7,14,ディライトラッシュ,牡6,57,北村宏司,2:13.5,3.1/2,**,,,,,15-15-15-16,38.0,133.9,15,502(+4),,,,[東]深山雅史,ノルマンディーサラブレッドレーシング,,202005030407
1,5,7,モデレイト,牝5,55,野中悠太,1:36.1,,**,,,,,1-1,37.2,290.1,14,470(+12),,,,[東]松永康利,和田牧場,760.0,202005030408
2,1,1,ジーナスイート,牝5,55,レーン,1:36.7,3.1/2,**,,,,,10-8,36.4,2.8,1,446(0),,,,[東]青木孝文,シルクレーシング,300.0,202005030408
3,4,5,サナチャン,牝3,52,丸田恭介,1:37.2,3,**,,,,,13-13,36.5,21.4,8,414(-2),,,,[東]武藤善則,瀬谷隆雄,190.0,202005030408
4,7,12,シンハリング,牝3,52,横山典弘,1:37.2,クビ,**,,,,,6-6,37.1,3.0,2,492(+20),,,,[東]国枝栄,ＤＭＭドリームクラブ,110.0,202005030408
5,8,13,チアチアクラシカ,牝3,52,武豊,1:37.5,1.3/4,**,,,,,7-6,37.4,6.8,3,494(-2),,,,[東]堀井雅広,藤田在子,76.0,202005030408
6,6,10,レディードリー,牝4,55,柴田善臣,1:37.7,1,**,,,,,8-9,37.3,34.7,9,440(-2),,,,[東]深山雅史,小林博雄,,202005030408
7,7,11,シャワークライム,牝4,53,木幡育也,1:37.8,1/2,**,,,,,2-4,38.1,15.1,5,444(0),,,,[東]田中剛,吉田照哉,,202005030408
8,5,8,タマノジュメイラ,牝4,55,田辺裕信,1:37.9,1/2,**,,,,,5-4,38.1,20.3,7,484(+2),,,,[東]伊藤大士,玉腰勇吉,,202005030408
9,6,9,サトノコメット,牝5,55,石橋脩,1:38.0,1/2,**,,,,,2-2,38.4,41.6,11,472(+6),,,,[東]奥村武,サトミホースカンパニー,,202005030408
10,3,3,フラワリングナイト,牝3,52,Ｍ．デム,1:38.0,ハナ,**,,,,,14-14,37.0,8.1,4,426(-6),,,,[東]金成貴史,レッドマジック,,202005030408
11,8,14,アテナノワール,牝3,50,菅原明良,1:38.2,1.1/2,**,,,,,10-11,37.6,40.3,10,464(-12),,,,[東]久保田貴,諸江幸祐,,202005030408
12,2,2,スマートレジーナ,牝4,55,吉田豊,1:38.4,1.1/4,**,,,,,12-11,37.8,169.7,13,428(-12),,,,[東]高橋文雅,大川徹,,202005030408
13,4,6,メデタシメデタシ,牝3,52,北村宏司,1:39.5,7,**,,,,,2-2,40.0,19.8,6,440(0),,,,[東]古賀慎明,堂守貴志,,202005030408
14,3,4,マロリン,牝4,55,木幡巧也,1:39.6,1/2,**,,,,,8-9,39.2,99.8,12,474(-2),,,,[東]武市康男,吉田安寛,,202005030408
1,8,16,ヴィーヴァバッカス,牡5,57,北村宏司,2:09.2,,**,,,,,3-3-3-2,36.2,15.1,7,474(-4),,,,[東]田中清隆,芹澤精一,"1,537.1",202005030409
2,7,14,ヴォウジラール,牡5,57,レーン,2:09.7,3,**,,,,,6-6-6-6,36.3,3.4,1,520(-6),,,,[東]尾関知人,サンデーレーシング,610.6,202005030409
3,7,13,ギガバッケン,牡5,57,宮崎北斗,2:09.7,アタマ,**,,,,,2-2-2-2,36.7,76.9,15,560(-2),,,,[東]中川公成,ノルマンディーサラブレッドレーシング,385.3,202005030409
4,6,11,フローリン,牡5,57,岩田望来,2:09.8,3/4,**,,,,,8-8-9-8,36.2,47.1,13,472(-8),,,,[西]中内田充,ゴドルフィン,230.0,202005030409
5,5,9,ヴォートルエロー,牡3,54,江田照男,2:10.3,3,**,,,,,1-1-1-1,37.4,5.7,3,484(+2),,,,[東]田村康仁,ラ・メール,150.0,202005030409
6,4,8,トレイントレイン,牡4,57,西田雄一,2:10.5,1.1/4,**,,,,,4-4-3-4,37.3,18.6,8,518(+6),,,,[東]池上昌和,ＭＭＣ,,202005030409
7,8,15,キャベンディッシュ,牡5,57,野中悠太,2:10.5,アタマ,**,,,,,16-15-14-14,36.1,40.2,11,510(+2),,,,[東]小桧山悟,本杉芳郎,,202005030409
8,1,2,ヒュミドール,セ4,57,田辺裕信,2:10.5,ハナ,**,,,,,9-8-9-8,36.9,22.4,9,466(-6),,,,[東]小手川準,サンライズ,,202005030409
9,4,7,フィストバンプ,牡4,57,田中勝春,2:10.6,クビ,**,,,,,4-4-5-4,37.3,12.1,6,492(+4),,,,[東]松永康利,小林竜太郎,,202005030409
10,6,12,フーズサイド,牡4,57,武士沢友,2:10.7,1/2,**,,,,,15-15-16-15,36.1,45.6,12,490(0),,,,[東]堀井雅広,西森功,,202005030409
11,3,6,ディスカバー,セ6,57,藤井勘一,2:10.7,クビ,**,,,,,11-11-12-13,36.5,162.9,16,470(+2),,,,[東]畠山吉宏,村野康司,,202005030409
12,2,3,グロンフォール,牡5,57,内田博幸,2:10.9,1.1/4,**,,,,,9-8-9-8,37.3,11.9,5,576(-2),,,,[東]新開幸一,シルクレーシング,,202005030409
13,2,4,ロードストライク,牡4,57,石川裕紀,2:11.2,1.1/2,**,,,,,6-6-6-6,37.8,10.4,4,478(+2),,,,[東]尾形和幸,ロードホースクラブ,,202005030409
14,1,1,グレンマクナス,牡6,57,ルメール,2:11.7,3,**,,,,,13-11-12-12,37.7,4.5,2,530(+6),,,,[東]牧光二,社台レースホース,,202005030409
15,5,10,アオテン,牡7,57,丸田恭介,2:12.4,4,**,,,,,14-14-14-15,37.8,47.9,14,524(0),,,,[東]高橋文雅,ヒダカ・ブリーダーズ・ユニオン,,202005030409
16,3,5,トゥルボー,牡4,57,石橋脩,2:13.3,5,**,,,,,12-13-8-11,39.5,32.0,10,492(-6),,,,[東]小笠倫弘,ノースヒルズ,,202005030409
1,5,5,サトノフウジン,牡3,54,レーン,1:36.7,,**,,,,,6-6,35.1,3.8,2,462(0),,,,[東]堀宣行,サトミホースカンパニー,"1,523.8",202005030410
2,6,7,クロノメーター,牡3,54,田辺裕信,1:36.9,1.1/4,**,,,,,3-3,35.5,3.3,1,442(+6),,,,[東]尾形和幸,サンデーレーシング,606.8,202005030410
3,7,9,ハイアーグラウンド,セ6,57,津村明秀,1:37.1,1.1/4,**,,,,,1-1,36.1,14.1,7,516(0),,,,[東]大和田成,小村アセットＭ,383.4,202005030410
4,8,11,ジョブックコメン,牝5,55,武豊,1:37.2,3/4,**,,,,,6-8,35.5,8.4,6,430(+4),,,,[東]小桧山悟,萩本企画,230.0,202005030410
5,4,4,ゲバラ,牡4,57,Ｍ．デム,1:37.5,1.3/4,**,,,,,8-3,36.2,8.2,4,480(+6),,,,[東]伊藤大士,ニッシンホールディングス,150.0,202005030410
6,3,3,クインズサン,牡7,57,野中悠太,1:37.5,クビ,**,,,,,2-2,36.4,8.3,5,456(-2),,,,[東]和田正一,亀田和弘,,202005030410
7,7,8,サトノフォース,牡4,57,ルメール,1:37.6,1/2,**,,,,,5-6,36.0,7.2,3,466(+4),,,,[東]藤沢和雄,サトミホースカンパニー,,202005030410
8,6,6,シャチ,牡3,54,吉田豊,1:37.7,1/2,**,,,,,9-9,35.8,17.3,8,462(+6),,,,[東]小桧山悟,中村勝彦,,202005030410
9,8,10,クリノアリエル,牝5,55,三浦皇成,1:38.2,3,**,,,,,10-9,36.3,30.5,9,418(+4),,,,[西]武英智,栗本博晴,,202005030410
10,2,2,ドウディ,牡6,57,菅原隆一,1:38.6,2.1/2,**,,,,,3-3,37.2,91.8,11,480(-4),,,,[東]小野次郎,ｅ馬主組合,,202005030410
11,1,1,マサキノテソーロ,牡6,57,江田照男,1:40.1,9,**,,,,,11-11,37.0,54.8,10,550(+10),,,,[東]加藤和宏,了徳寺健二ホールディングス,,202005030410
1,3,6,ダイワキャグニー,牡6,56,内田博幸,1:47.7,,**,,,,,3-2-2,36.1,22.1,9,500(-16),,,,[東]菊沢隆徳,大城敬三,"4,165.1",202005030411
2,1,1,ソーグリッタリング,牡6,57,藤井勘一,1:47.9,1.1/2,**,,,,,6-5-4,36.0,9.8,5,486(+8),,,,[西]池江泰寿,社台レースホース,"1,618.6",202005030411
3,8,18,トーラスジェミニ,牡4,56,木幡育也,1:47.9,ハナ,**,,,,,1-1-1,36.7,136.9,18,478(-4),,,,[東]小桧山悟,柴原榮,"1,009.3",202005030411
4,8,16,アンドラステ,牝4,54,岩田望来,1:47.9,アタマ,**,,,,,6-8-7,35.6,9.3,4,466(0),,,,[西]中内田充,社台レースホース,620.0,202005030411
5,6,11,アトミックフォース,牡4,56,武藤雅,1:48.0,クビ,**,,,,,2-3-3,36.3,17.2,8,476(-2),,,,[東]武藤善則,吉田千津,410.0,202005030411
6,2,4,サトノアーサー,牡6,56,レーン,1:48.0,クビ,**,,,,,9-8-7,35.8,4.0,1,482(-4),,,,[西]池江泰寿,サトミホースカンパニー,,202005030411
7,3,5,ピースワンパラディ,牡4,56,津村明秀,1:48.1,クビ,**,,,,,12-10-10,35.7,5.0,2,462(-4),,,,[東]大竹正博,長谷川成利,,202005030411
8,7,15,ゴーフォザサミット,牡5,56,北村宏司,1:48.3,1.1/4,**,,,,,18-18-14,35.6,114.7,16,512(+6),,,,[東]藤沢和雄,山本英俊,,202005030411
9,1,2,サトノガーネット,牝5,54,吉田豊,1:49.0,4,**,,,,,14-16-17,36.0,58.9,15,432(+4),,,,[西]矢作芳人,サトミホースカンパニー,,202005030411
10,8,17,レイエンダ,牡5,57,ルメール,1:49.4,2.1/2,**,,,,,14-16-12,36.8,6.4,3,486(-8),,,,[東]藤沢和雄,キャロットファーム,,202005030411
11,2,3,ギベオン,牡5,57,戸崎圭太,1:49.8,2.1/2,**,,,,,6-5-4,37.9,29.4,11,494(-22),,,,[西]藤原英昭,社台レースホース,,202005030411
12,4,8,マイネルファンロン,牡5,56,三浦皇成,1:49.8,クビ,**,,,,,9-10-10,37.3,31.9,12,478(-4),,,,[東]手塚貴久,サラブレッドクラブ・ラフィアン,,202005030411
13,4,7,サラキア,牝5,54,石橋脩,1:49.9,クビ,**,,,,,4-4-4,38.0,23.5,10,456(-4),,,,[西]池添学,シルクレーシング,,202005030411
14,7,13,アイスストーム,牡5,56,武豊,1:50.6,4,**,,,,,17-15-18,37.5,12.9,6,526(+6),,,,[西]吉村圭司,ゴドルフィン,,202005030411
15,5,10,マイネルハニー,牡7,56,野中悠太,1:50.7,クビ,**,,,,,4-5-7,38.5,130.4,17,482(+2),,,,[東]栗田徹,サラブレッドクラブ・ラフィアン,,202005030411
16,6,12,シャドウディーヴァ,牝4,54,Ｍ．デム,1:51.0,1.1/2,**,,,,,12-13-15,38.1,15.9,7,474(+2),,,,[東]斎藤誠,スリーエイチレーシング,,202005030411
17,7,14,インビジブルレイズ,牡6,56,田辺裕信,1:51.7,4,**,,,,,9-10-12,39.1,45.1,14,466(0),,,,[西]吉村圭司,シルクレーシング,,202005030411
18,5,9,エメラルファイト,牡4,56,石川裕紀,1:52.4,4,**,,,,,14-13-15,39.5,38.5,13,460(-4),,,,[東]相沢郁,高橋勉,,202005030411
1,3,5,アストロブレイク,牡3,54,三浦皇成,1:17.1,,**,,,,,1-1,36.3,2.1,1,492(+2),,,,[東]相沢郁,吉澤克己,760.0,202005030412
2,7,14,スターファイター,牡3,54,田辺裕信,1:17.5,2.1/2,**,,,,,8-10,35.9,30.5,10,468(-4),,,,[東]田島俊明,ＹＧＧホースクラブ,300.0,202005030412
3,4,7,オメガエリタージュ,牡3,54,Ｍ．デム,1:17.7,1.1/4,**,,,,,8-10,36.1,16.6,6,442(+4),,,,[東]斎藤誠,原禮子,190.0,202005030412
4,6,12,スマイルプリティ,牝6,55,宮崎北斗,1:17.7,クビ,**,,,,,2-3,36.7,38.4,12,492(-4),,,,[東]本間忍,臼倉勲,110.0,202005030412
5,4,8,タイキメサイア,牡5,54,小林脩斗,1:17.8,クビ,**,,,,,8-4,36.5,22.0,8,516(0),,,,[東]高橋祥泰,大樹ファーム,76.0,202005030412
6,5,10,トーアシオン,牡4,57,江田照男,1:17.8,クビ,**,,,,,13-13,35.9,31.4,11,492(+2),,,,[東]星野忍,高山ランド,,202005030412
7,2,4,フジノタカネ,牡4,57,レーン,1:17.8,ハナ,**,,,,,11-8,36.3,7.4,2,522(-6),,,,[東]手塚貴久,星野壽市,,202005030412
8,1,2,ディナミーデン,牡5,57,戸崎圭太,1:18.0,1,**,,,,,15-14,35.9,8.1,3,468(-6),,,,[東]田島俊明,ライオンレースホース,,202005030412
9,7,13,アイムソーグレイト,牡4,57,柴田善臣,1:18.3,1.3/4,**,,,,,2-4,37.1,26.4,9,472(+2),,,,[東]藤原辰雄,平井裕,,202005030412
10,3,6,マイネルナイペス,牡4,57,津村明秀,1:18.3,ハナ,**,,,,,5-4,37.1,59.7,13,466(-4),,,,[東]伊藤圭三,サラブレッドクラブ・ラフィアン,,202005030412
11,5,9,ベイビーボス,牡3,54,石橋脩,1:18.4,1/2,**,,,,,5-7,37.0,12.7,5,456(+4),,,,[東]矢野英一,酒井喜生,,202005030412
12,6,11,プリンシアルーチェ,牝4,55,北村宏司,1:18.4,クビ,**,,,,,13-14,36.3,18.5,7,504(+4),,,,[東]宮田敬介,芳川貴行,,202005030412
13,2,3,カッチョエペペ,牝4,55,木幡巧也,1:19.0,3.1/2,**,,,,,15-14,36.9,61.1,14,452(+2),,,,[東]牧光二,平田修,,202005030412
14,8,15,スリーヴリーグ,牡4,57,石川裕紀,1:19.0,クビ,**,,,,,11-12,37.2,143.0,16,520(+10),,,,[東]武藤善則,Ｇ１レーシング,,202005030412
15,8,16,スースー,牝4,55,武藤雅,1:19.1,1/2,**,,,,,5-8,37.6,97.4,15,424(0),,,,[東]大和田成,田中純一,,202005030412
16,1,1,スマートエリス,牝4,55,武豊,1:19.8,4,**,,,,,2-2,38.9,9.8,4,502(-15),,,,[東]尾関知人,大川徹,,202005030412
1,8,12,エンシュラウド,セ4,60,五十嵐雄,3:29.4,,,,,,,2-2-2-2,14.0,2.3,1,468(+4),,,,[東]藤沢和雄,ゴドルフィン,790.0,202005030501
2,6,9,ブラックワンダー,牡4,60,伴啓太,3:29.5,3/4,,,,,,1-1-1-1,14.0,9.6,5,472(+4),,,,[東]尾形和幸,佐野信幸,320.0,202005030501
3,8,13,ピースプレイヤー,牡4,60,北沢伸也,3:31.1,10,,,,,,3-3-3-3,14.1,3.8,2,494(+2),,,,[西]高野友和,飯田正剛,200.0,202005030501
4,7,10,キングスヴァリュー,セ5,60,草野太郎,3:31.4,2,,,,,,5-8-5-5,14.1,14.3,6,496(+4),,,,[東]宮田敬介,シルクレーシング,120.0,202005030501
5,4,5,ブルーガーディアン,牡8,60,大庭和弥,3:31.4,アタマ,,,,,,9-9-6-6,14.1,9.2,4,500(-6),,,,[東]星野忍,ＹＧＧホースクラブ,79.0,202005030501
6,5,7,キタノテイオウ,牡5,60,上野翔,3:31.6,1.1/4,,,,,,5-4-4-4,14.1,47.9,9,464(+18),,,,[東]和田雄二,了徳寺健二ホールディングス,,202005030501
7,2,2,スリーミネルバ,牝6,58,大江原圭,3:39.1,大,,,,,,11-11-9-8,14.6,183.5,13,448(+2),,,,[東]柄崎孝,永井商事,,202005030501
8,1,1,トーアクルス,牡3,58,山本康志,3:39.7,3.1/2,,,,,,9-10-10-10,14.6,126.6,12,522(+8),,,,[東]星野忍,高山ランド,,202005030501
9,6,8,メイショウジーク,牡6,60,西谷誠,3:40.0,1.3/4,,,,,,12-12-11-11,14.7,24.6,8,484(-2),,,,[西]坂口智康,松本好隆,,202005030501
10,4,4,イーグルフェザー,セ7,60,小野寺祐,3:42.6,大,,,,,,8-7-7-7,14.8,7.9,3,492(+4),,,,[東]小笠倫弘,社台レースホース,,202005030501
11,3,3,ストロングヘヴン,セ4,60,江田勇亮,3:48.1,大,,,,,,7-4-7-9,15.2,94.3,11,538(+14),,,,[東]松永康利,天堀忠博,,202005030501
中,5,6,ムーンリットエルフ,セ5,60,金子光希,,,,,,,,,,68.2,10,482(-4),,,,[東]青木孝文,ヒダカ・ブリーダーズ・ユニオン,,202005030501
中,7,11,ケイアイビリジアン,牡4,60,蓑島靖典,,,,,,,,4-4-12,,21.5,7,530(+4),,,,[東]奥平雅士,亀田和弘,,202005030501
1,1,2,カラーズオブラヴ,牝3,54,武士沢友,1:24.5,,**,,,,,1-1,37.3,14.9,4,468(+4),,,,[東]和田勇介,グリーンスウォード,510.0,202005030502
2,4,7,クーレクー,牝3,54,Ｍ．デム,1:25.1,3.1/2,**,,,,,3-2,37.7,1.5,1,448(-4),,,,[東]伊藤大士,程田真司,200.0,202005030502
3,6,11,リングアベル,牝3,54,戸崎圭太,1:25.3,1.1/4,**,,,,,6-6,37.5,4.8,2,484(-2),,,,[東]萩原清,ノースヒルズ,130.0,202005030502
4,7,13,スーリエドヴェール,牝3,54,野中悠太,1:25.3,ハナ,**,,,,,8-8,37.3,45.3,8,484(-6),,,,[東]大江原哲,岡田牧雄,77.0,202005030502
5,4,8,ラインキャロット,牝3,54,武藤雅,1:25.7,2.1/2,**,,,,,6-6,37.9,191.8,14,426(+2),,,,[東]水野貴広,大澤繁昌,51.0,202005030502
6,5,9,クイーンオラトリオ,牝3,54,江田照男,1:25.8,1/2,**,,,,,12-12,37.3,168.1,13,494(-4),,,,[東]清水英克,ユートピア牧場,,202005030502
7,2,4,エアジャミラ,牝3,52,藤田菜七,1:25.9,クビ,**,,,,,4-4,38.3,26.4,7,424(0),,,,[東]大竹正博,ラッキーフィールド,,202005030502
8,3,6,ハーイ,牝3,54,木幡巧也,1:25.9,ハナ,**,,,,,4-4,38.3,151.1,12,424(-4),,,,[東]的場均,福原晃,,202005030502
9,5,10,サフランフラワー,牝3,54,吉田豊,1:26.0,3/4,**,,,,,9-8,38.0,9.5,3,424(-2),,,,[東]古賀史生,海原聖一,,202005030502
10,6,12,ラブリーモーション,牝3,54,北村宏司,1:26.0,クビ,**,,,,,9-10,37.8,69.7,10,468(+10),,,,[東]木村哲也,ヒダカ・ブリーダーズ・ユニオン,,202005030502
11,2,3,ラルワースコーヴ,牝3,54,内田博幸,1:26.1,1/2,**,,,,,12-12,37.6,19.9,5,472(0),,,,[東]田中博康,キャロットファーム,,202005030502
12,7,14,セレナアンバー,牝3,52,菅原明良,1:26.3,1,**,,,,,9-10,38.1,234.7,15,470(+4),,,,[東]林徹,島川利子,,202005030502
13,3,5,セストリエール,牝3,54,福永祐一,1:26.6,1.3/4,**,,,,,2-2,39.2,21.6,6,438(+4),,,,[東]池上昌和,下河辺牧場,,202005030502
14,8,16,プリンセスリーナ,牝3,52,木幡育也,1:27.2,3.1/2,**,,,,,14-14,38.3,294.1,16,492(0),,,,[東]清水英克,田畑利彦,,202005030502
15,1,1,スキャルドメール,牝3,54,木幡初也,1:27.4,1.1/2,**,,,,,15-15,37.2,49.9,9,452(+6),,,,[東]杉浦宏昭,日進牧場,,202005030502
中,8,15,ゴンフレナ,牝3,54,杉原誠人,,,**,,,,,16,,133.0,11,492(0),,,,[東]田村康仁,吉田勝己,,202005030502
1,7,13,トップリーチ,牡3,56,三浦皇成,2:11.6,,**,,,,,16-14-1-1,37.4,8.8,4,442(+6),,,,[東]萱野浩二,紅露純,510.0,202005030503
2,4,7,マイネルイリャルギ,牡3,56,レーン,2:12.7,7,**,,,,,3-4-5-6,37.9,1.7,1,498(-6),,,,[東]高橋裕,サラブレッドクラブ・ラフィアン,200.0,202005030503
3,1,1,ミストラルウインド,牡3,54,木幡育也,2:12.8,3/4,**,,,,,3-3-5-5,38.1,11.9,5,468(0),,,,[東]本間忍,島川隆哉,130.0,202005030503
4,4,8,ビジョ,牝3,54,武士沢友,2:12.9,1/2,**,,,,,11-9-8-6,38.0,25.7,6,466(-4),,,,[東]小手川準,京都ホースレーシング,77.0,202005030503
5,6,11,グッドリドゥンス,牡3,56,的場勇人,2:13.4,3,**,,,,,12-13-12-11,37.9,160.9,14,474(0),,,,[東]的場均,林勝宗,51.0,202005030503
6,3,5,ブラックシャウト,牡3,56,北村宏司,2:14.1,4,**,,,,,8-5-9-8,39.0,36.9,8,466(0),,,,[東]木村哲也,ノルマンディーサラブレッドレーシング,,202005030503
7,8,16,カナライズ,牡3,56,石川裕紀,2:14.4,1.3/4,**,,,,,8-8-5-2,39.8,65.6,11,468(-2),,,,[東]中舘英二,水上行雄,,202005030503
8,3,6,シェイドオヴペイル,牡3,54,菅原明良,2:14.5,3/4,**,,,,,14-14-15-14,38.4,47.3,9,502(-2),,,,[東]栗田徹,小林弘明,,202005030503
9,2,3,トーセンワンダー,牡3,56,吉田豊,2:14.5,ハナ,**,,,,,12-10-10-9,39.2,6.7,2,498(-4),,,,[東]古賀史生,島川隆哉,,202005030503
10,6,12,ジュンスターリッチ,牝3,54,柴田大知,2:14.7,3/4,**,,,,,8-10-13-13,38.9,166.7,15,452(+2),,,,[東]畠山吉宏,河合純二,,202005030503
11,1,2,リングアップ,牝3,52,藤田菜七,2:15.0,2,**,,,,,1-1-2-11,39.5,59.8,10,474(+8),,,,[東]稲垣幸雄,梶本尚嗣,,202005030503
12,8,15,ベルラガッツォ,セ3,56,戸崎圭太,2:15.1,1/2,**,,,,,7-10-10-9,39.7,6.9,3,490(+18),,,,[東]稲垣幸雄,シルクレーシング,,202005030503
13,5,10,オルフェチョウサン,牡3,53,小林凌大,2:15.3,1.1/4,**,,,,,6-5-2-2,40.7,33.5,7,416(+2),,,,[東]和田雄二,チョウサン,,202005030503
14,5,9,イントゥザスカイ,牡3,56,野中悠太,2:18.6,大,**,,,,,2-2-2-2,44.1,158.4,13,514(+8),,,,[東]和田正一,山内晃,,202005030503
15,7,14,リーヴスカーズ,牡3,56,内田博幸,2:19.7,7,**,,,,,15-16-16-16,40.3,111.1,12,462(-2),,,,[東]清水英克,西森功,,202005030503
16,2,4,バイオレットモーヴ,牝3,54,木幡巧也,2:20.0,2,**,,,,,3-5-13-15,43.5,181.3,16,464(0),,,,[東]竹内正洋,下河辺隆行,,202005030503
1,4,8,ピースボヌール,牡3,56,内田博幸,1:36.9,,**,,,,,11-3,36.1,2.8,1,496(+2),,,,[東]斎藤誠,スリーエイチレーシング,510.0,202005030504
2,2,3,ホテルカリホルニア,牡3,56,レーン,1:36.9,クビ,**,,,,,13-10,35.5,3.3,2,498(+8),,,,[東]萩原清,池谷誠一,200.0,202005030504
3,3,5,スウェアー,牡3,56,木幡初也,1:37.3,2.1/2,**,,,,,2-2,36.6,16.8,6,504(-8),,,,[東]杉浦宏昭,吉田照哉,130.0,202005030504
4,8,16,リュヌドミエル,牝3,54,ルメール,1:37.9,3.1/2,**,,,,,9-7,36.6,5.2,3,444(0),,,,[西]杉山晴紀,ライオンレースホース,77.0,202005030504
5,1,2,ロードウィリアム,牡3,56,三浦皇成,1:38.1,1.1/4,**,,,,,3-5,37.2,8.9,4,448(0),,,,[東]高柳瑞樹,ロードホースクラブ,51.0,202005030504
6,1,1,エールプレジール,牡3,56,江田照男,1:38.2,クビ,**,,,,,12-13,36.5,27.7,7,460(-2),,,,[東]小笠倫弘,グリーンファーム,,202005030504
7,7,13,ドバウィビクトリー,牡3,53,原優介,1:38.2,アタマ,**,,,,,9-12,36.7,84.3,11,466(+2),,,,[東]稲垣幸雄,後藤英成,,202005030504
8,8,15,ムーンフェアリー,牝3,54,丸田恭介,1:38.3,3/4,**,,,,,3-3,37.5,10.5,5,444(-2),,,,[東]岩戸孝樹,村山卓也,,202005030504
9,3,6,デルマシルバー,牝3,54,的場勇人,1:38.9,3.1/2,**,,,,,6-7,37.7,85.2,12,434(0),,,,[東]的場均,浅沼廣幸,,202005030504
10,5,10,タシロ,牡3,56,岩部純二,1:39.2,2,**,,,,,16-15,37.1,58.1,9,522(-4),,,,[東]的場均,ミルファーム,,202005030504
11,4,7,ルーレットエルフ,牡3,53,小林脩斗,1:39.5,2,**,,,,,5-6,38.5,280.5,15,506(+6),,,,[東]青木孝文,ヒダカ・ブリーダーズ・ユニオン,,202005030504
12,2,4,ベルザロイヤル,牝3,52,藤田菜七,1:39.6,1/2,**,,,,,1-1,39.0,66.8,10,424(0),,,,[東]田村康仁,子安裕樹,,202005030504
13,6,12,ペイシャティフォン,牝3,54,伴啓太,1:39.6,ハナ,**,,,,,14-14,37.6,395.2,16,464(-10),,,,[東]高橋義博,北所直人,,202005030504
14,6,11,グランクロワ,セ3,53,小林凌大,1:39.7,1/2,**,,,,,7-7,38.4,196.8,14,440(+2),,,,[東]大和田成,村野康司,,202005030504
15,7,14,サクラジマテソーロ,牡3,54,菅原明良,1:39.7,アタマ,**,,,,,14-16,37.2,29.9,8,454(-2),,,,[東]加藤和宏,了徳寺健二ホールディングス,,202005030504
16,5,9,ザハロワ,牝3,52,木幡育也,1:40.0,1.3/4,**,,,,,7-10,38.6,158.7,13,462(+2),,,,[東]天間昭一,ホースアディクト,,202005030504
1,4,7,クールキャット,牝2,54,ルメール,1:23.4,,**,,,,,7-7,34.7,2.9,2,504(0),,,,[東]奥村武,シルクレーシング,700.0,202005030505
2,5,10,ソングライン,牝2,54,レーン,1:23.7,2,**,,,,,12-10,34.7,2.6,1,468(0),,,,[東]林徹,サンデーレーシング,280.0,202005030505
3,6,11,ビスボッチャ,牝2,54,福永祐一,1:23.9,1.1/4,**,,,,,2-2,35.7,6.9,3,446(0),,,,[西]鈴木孝志,岡浩二,180.0,202005030505
4,8,16,クールシャワー,牡2,54,津村明秀,1:24.0,3/4,**,,,,,3-2,35.7,37.1,8,466(0),,,,[西]清水久詞,川上哲司,110.0,202005030505
5,6,12,ワールドナカヤマ,牝2,52,木幡育也,1:24.7,4,**,,,,,4-7,35.9,189.8,16,384(0),,,,[東]小手川準,中山牧場,70.0,202005030505
6,7,14,ハイレリーフ,牝2,54,野中悠太,1:24.8,3/4,**,,,,,7-7,36.0,37.7,9,436(0),,,,[東]菊川正達,岡田牧雄,,202005030505
7,7,13,マラドーナ,牡2,54,石川裕紀,1:24.9,3/4,**,,,,,4-4,36.4,69.5,13,466(0),,,,[東]岩戸孝樹,中村智幸,,202005030505
8,3,5,スペクタクル,牡2,54,武藤雅,1:25.2,2,**,,,,,10-11,36.1,33.2,7,488(0),,,,[東]武藤善則,佐々木雄二,,202005030505
9,8,15,ワイオミアロール,牝2,54,江田照男,1:25.5,1.1/2,**,,,,,4-5,36.9,47.2,10,408(0),,,,[東]菊川正達,三嶋牧場,,202005030505
10,2,3,エクレウステソーロ,牡2,54,内田博幸,1:26.5,6,**,,,,,10-11,37.4,84.0,14,434(0),,,,[東]稲垣幸雄,了徳寺健二ホールディングス,,202005030505
11,1,1,ユウガ,牝2,54,田中勝春,1:26.6,クビ,**,,,,,1-1,38.5,53.2,12,374(0),,,,[東]宗像義忠,田中春美,,202005030505
12,1,2,コスモマッドネス,牡2,54,柴田大知,1:26.8,1.1/4,**,,,,,7-5,38.2,30.0,6,446(0),,,,[東]小野次郎,ビッグレッドファーム,,202005030505
13,4,8,シーレカズマ,牡2,54,北村宏司,1:27.0,1.1/4,**,,,,,14-14,36.9,49.6,11,472(0),,,,[東]宮田敬介,雅苑興業,,202005030505
14,5,9,ナンヨーローズ,牡2,54,柴田善臣,1:27.4,2.1/2,**,,,,,12-11,38.3,14.7,4,438(0),,,,[東]畠山吉宏,中村徳也,,202005030505
15,2,4,パラノイド,牝2,54,戸崎圭太,1:28.7,8,**,,,,,15-15,38.0,21.6,5,464(0),,,,[東]萩原清,池谷誠一,,202005030505
16,3,6,カラドボルグ,牡2,52,菅原明良,1:28.8,3/4,**,,,,,16-16,36.8,158.4,15,462(0),,,,[東]佐藤吉勝,田頭勇貴,,202005030505
1,8,16,カガジャスティス,牡3,56,江田照男,1:34.7,,**,,,,,3-2,36.2,27.4,8,508(-4),,,,[東]萱野浩二,香川憲次,510.0,202005030506
2,3,5,リーガルバトル,牡3,54,ルメール,1:35.0,2,**,,,,,3-4,36.4,1.4,1,510(0),,,,[東]高橋文雅,吉田和美,200.0,202005030506
3,5,9,ゲームアルアル,牡3,56,田中勝春,1:35.1,クビ,**,,,,,5-4,36.5,13.9,5,474(-6),,,,[東]宗像義忠,薗部博之,130.0,202005030506
4,1,1,ザンセツ,セ3,56,内田博幸,1:35.3,1.1/4,**,,,,,15-10,36.0,12.3,4,422(-12),,,,[東]古賀慎明,ゴドルフィン,77.0,202005030506
5,8,15,フジコウキ,牡3,54,木幡育也,1:35.5,1.1/2,**,,,,,11-7,36.6,9.4,2,434(-2),,,,[東]大江原哲,荒木誠,51.0,202005030506
6,2,3,パラティーノヒル,牝3,54,武藤雅,1:35.6,クビ,**,,,,,8-7,36.7,33.9,9,398(-12),,,,[東]武藤善則,吉田照哉,,202005030506
7,4,7,グランチーノ,牝3,54,津村明秀,1:35.9,1.3/4,**,,,,,5-4,37.2,27.3,7,464(0),,,,[東]岩戸孝樹,小菅誠,,202005030506
8,2,4,ナスノメロディー,牝3,52,菅原明良,1:36.2,1.3/4,**,,,,,5-7,37.2,19.3,6,422(+14),,,,[東]矢野英一,那須野牧場,,202005030506
9,7,14,ジャッジメント,セ3,56,丸田恭介,1:36.2,クビ,**,,,,,13-13,36.7,148.9,12,472(-2),,,,[東]尾関知人,ノースヒルズ,,202005030506
10,4,8,ランジョウ,牝3,54,木幡巧也,1:36.3,1/2,**,,,,,9-10,37.0,158.5,14,430(-6),,,,[東]矢野英一,ノルマンディーサラブレッドレーシング,,202005030506
11,6,12,フラッグタワー,セ3,56,吉田豊,1:36.4,3/4,**,,,,,2-2,38.0,61.1,10,442(+6),,,,[東]和田正一,スピードファーム,,202005030506
12,3,6,シゲルフタゴザ,牡3,55,菊沢一樹,1:36.5,クビ,**,,,,,16-15,36.7,74.8,11,472(+2),,,,[東]和田勇介,森中蕃,,202005030506
13,6,11,ブライティアデイ,牝3,54,木幡初也,1:36.9,2.1/2,**,,,,,9-10,37.7,287.9,16,422(+14),,,,[東]矢野英一,小林昌志,,202005030506
14,5,10,ショウナンアサヤケ,牡3,56,田辺裕信,1:37.6,4,**,,,,,1-1,39.2,11.2,3,492(-6),,,,[東]武市康男,国本哲秀,,202005030506
15,7,13,デルマヘリオドール,牝3,51,原優介,1:37.6,クビ,**,,,,,13-15,37.7,212.3,15,412(-10),,,,[東]武井亮,浅沼廣幸,,202005030506
16,1,2,キングフェーヴル,牝3,54,野中悠太,1:37.9,2,**,,,,,12-14,38.2,153.0,13,432(-6),,,,[東]青木孝文,廣崎利洋ＨＤ,,202005030506
1,3,3,デジマノハナ,牝3,52,横山典弘,1:59.8,,**,,,,,3-3-4,35.2,3.5,1,476(-2),,,,[東]武井亮,大島有志生,760.0,202005030507
2,1,1,フラッフィーベア,牝4,53,木幡育也,1:59.8,アタマ,**,,,,,1-1-1,35.6,13.6,6,442(-4),,,,[東]田中清隆,フジワラ・ファーム,300.0,202005030507
3,8,11,カナロアガール,牝4,55,田辺裕信,2:00.4,3.1/2,**,,,,,8-8-7,35.5,4.0,3,468(+2),,,,[東]田村康仁,広尾レース,190.0,202005030507
4,8,10,コスモギンガ,牝3,52,野中悠太,2:00.5,1/2,**,,,,,3-3-3,36.0,6.8,4,448(-6),,,,[東]高橋祥泰,岡田繁幸,110.0,202005030507
5,6,6,ラブインブルーム,牝4,52,小林脩斗,2:00.7,1.1/2,**,,,,,8-8-9,35.7,52.8,10,426(+4),,,,[東]萱野浩二,大樹ファーム,76.0,202005030507
6,7,8,レットミーアウト,牝3,52,柴田大知,2:00.9,1,**,,,,,10-11-11,35.7,25.4,9,472(+2),,,,[東]水野貴広,サラブレッドクラブ・ラフィアン,,202005030507
7,2,2,スズロザーナ,牝4,55,石川裕紀,2:01.0,1/2,**,,,,,5-5-6,36.3,65.1,11,436(+2),,,,[東]高橋裕,森達郎,,202005030507
8,6,7,リゼブルー,牝4,55,木幡巧也,2:01.0,ハナ,**,,,,,2-2-2,36.7,17.6,7,490(0),,,,[東]松山将樹,飯田訓大,,202005030507
9,4,4,ヒューマンコメディ,牝3,52,武藤雅,2:01.1,3/4,**,,,,,6-5-4,36.5,13.0,5,478(-2),,,,[東]水野貴広,野村茂雄,,202005030507
10,5,5,ヴォリアーモ,牝3,52,三浦皇成,2:01.2,1/2,**,,,,,7-5-7,36.4,4.0,2,454(-6),,,,[東]木村哲也,サンデーレーシング,,202005030507
11,7,9,レッドサーシャ,牝3,52,内田博幸,2:01.8,3.1/2,**,,,,,10-8-9,36.7,19.7,8,462(-6),,,,[東]黒岩陽一,東京ホースレーシング,,202005030507
1,1,1,フリーフロー,牡3,54,丸田恭介,1:36.4,,**,,,,,14-14,35.9,17.7,6,470(+2),,,,[東]宗像義忠,里見美惠子,760.0,202005030508
2,3,6,ファイアランス,牡3,54,津村明秀,1:36.7,2,**,,,,,4-3,37.5,1.9,1,484(-4),,,,[東]高橋祥泰,ゴドルフィン,300.0,202005030508
3,1,2,グロリアスホープ,牡4,57,レーン,1:36.7,アタマ,**,,,,,4-5,37.2,6.7,3,498(-4),,,,[東]矢野英一,ターフ・スポート,190.0,202005030508
4,7,13,フクサンダーク,牡4,57,野中悠太,1:36.8,クビ,**,,,,,11-9,36.9,48.8,9,488(-8),,,,[東]小西一男,小沼博,110.0,202005030508
5,2,4,ヒロノブシドウ,牡5,56,菊沢一樹,1:36.8,アタマ,**,,,,,11-13,36.6,244.7,14,502(-8),,,,[東]浅野洋一,小野博郷,76.0,202005030508
6,4,8,バンディエラ,牡4,57,戸崎圭太,1:36.9,3/4,**,,,,,2-2,37.8,21.5,7,530(-13),,,,[東]竹内正洋,東海林貴大,,202005030508
7,4,7,ヴェスティード,牡5,57,三浦皇成,1:37.0,1/2,**,,,,,7-6,37.4,22.2,8,528(+20),,,,[東]高柳瑞樹,キャロットファーム,,202005030508
8,2,3,ヨクエロマンボ,セ7,57,横山典弘,1:37.1,クビ,**,,,,,16-16,35.8,12.3,5,460(0),,,,[東]藤原辰雄,平井裕,,202005030508
9,5,10,タイセイポリシー,牡3,54,内田博幸,1:37.3,1.1/4,**,,,,,10-3,38.1,9.5,4,484(+6),,,,[東]栗田徹,田中成奉,,202005030508
10,6,12,ナムラブル,牡4,55,菅原明良,1:38.0,4,**,,,,,11-9,38.1,236.1,12,478(0),,,,[東]石栗龍彦,奈村信重,,202005030508
11,5,9,サトノアレックス,牡3,54,Ｍ．デム,1:38.0,ハナ,**,,,,,8-6,38.3,5.2,2,498(+6),,,,[東]古賀慎明,サトミホースカンパニー,,202005030508
12,8,16,プログレスシチー,セ7,54,小林脩斗,1:38.2,1.1/4,**,,,,,1-1,39.1,267.5,15,464(0),,,,[東]中野栄治,友駿ホースクラブ,,202005030508
13,3,5,ブレイクザボーダー,牡3,54,柴田大知,1:38.4,1.1/4,**,,,,,6-9,38.5,118.9,10,472(+2),,,,[東]畠山吉宏,グランデオーナーズ,,202005030508
14,6,11,コンシード,セ4,54,小林凌大,1:38.5,クビ,**,,,,,8-12,38.4,347.6,16,468(+6),,,,[東]天間昭一,河村祥史,,202005030508
15,7,14,ヘキギョク,牡5,55,木幡育也,1:40.0,9,**,,,,,15-15,39.3,212.3,11,560(+16),,,,[東]石栗龍彦,ライオンレースホース,,202005030508
16,8,15,ギニー,牡4,57,石川裕紀,1:44.6,大,**,,,,,3-6,44.9,243.3,13,502(0),,,,[東]菊川正達,中村祐子,,202005030508
1,3,3,ゼーゲン,牡5,57,Ｍ．デム,2:26.4,,**,,,,,12-12-10-7,34.9,21.2,8,436(-2),,,,[東]堀宣行,Ｇ１レーシング,"1,530.8",202005030509
2,7,11,ペレ,牝4,55,ルメール,2:26.5,1/2,**,,,,,9-8-7-7,34.9,6.0,3,452(-2),,,,[東]木村哲也,ＮＩＣＫＳ,608.8,202005030509
3,2,2,ソフトフルート,牝3,51,吉田豊,2:26.5,ハナ,**,,,,,3-4-4-4,35.2,6.4,4,466(0),,,,[西]松田国英,ゴドルフィン,384.4,202005030509
4,3,4,スマイル,牡4,57,レーン,2:26.7,1.1/2,**,,,,,5-5-4-4,35.4,4.1,1,526(+4),,,,[東]堀宣行,石川達絵,230.0,202005030509
5,1,1,ツクバソヴァール,牡4,57,内田博幸,2:26.8,クビ,**,,,,,1-1-1-1,35.8,95.9,11,486(+2),,,,[東]杉浦宏昭,細谷武史,150.0,202005030509
6,4,6,ウインレーヴドール,牡5,57,津村明秀,2:26.9,1/2,**,,,,,7-7-7-7,35.4,10.9,7,468(+4),,,,[東]高橋祥泰,ウイン,,202005030509
7,5,7,ドリームスピリット,牡5,57,武藤雅,2:27.0,1/2,**,,,,,7-8-7-7,35.4,10.6,6,498(-6),,,,[東]武藤善則,落合幸弘,,202005030509
8,4,5,ブラックマジック,牡3,53,福永祐一,2:27.1,3/4,**,,,,,2-2-2-2,36.0,4.2,2,438(-2),,,,[東]戸田博文,窪田芳郎,,202005030509
9,6,10,ルタンブル,牝4,55,武士沢友,2:27.3,1.1/2,**,,,,,10-10-11-11,35.5,29.2,9,464(+10),,,,[東]小手川準,杉浦和也,,202005030509
10,5,8,デュアライズ,牡4,57,田辺裕信,2:27.3,クビ,**,,,,,14-14-13-13,35.4,7.3,5,444(-2),,,,[東]中舘英二,高橋文男,,202005030509
11,6,9,ロゼフェニックス,牡5,57,北村宏司,2:27.8,3,**,,,,,3-2-2-2,36.7,70.4,10,428(-2),,,,[東]高橋義博,高橋信博,,202005030509
12,8,14,ミルトプレスト,牡6,57,丸田恭介,2:28.1,2,**,,,,,12-13-13-14,36.1,100.1,12,514(+18),,,,[東]佐藤吉勝,永山勝敏,,202005030509
13,7,12,コスモジャーベ,牡7,57,柴田大知,2:28.5,2.1/2,**,,,,,11-11-11-11,36.7,103.2,13,488(-4),,,,[東]和田雄二,ビッグレッドファーム,,202005030509
14,8,13,ウェディングベール,牝5,55,宮崎北斗,2:30.1,10,**,,,,,5-5-4-4,38.7,255.4,14,452(-2),,,,[東]粕谷昌央,岡田牧雄,,202005030509
1,3,6,ビッククインバイオ,牝3,52,戸崎圭太,1:21.3,,**,,,,,2-2,35.3,5.7,3,480(+6),,,,[東]牧光二,バイオ,"1,536.4",202005030510
2,5,10,ヴェスターヴァルト,牡3,54,ルメール,1:21.4,1/2,**,,,,,7-7,34.7,3.1,1,464(+2),,,,[東]加藤征弘,キャロットファーム,610.4,202005030510
3,4,8,レッドライデン,牡3,54,三浦皇成,1:21.5,1/2,**,,,,,9-10,34.6,10.5,5,484(+2),,,,[東]鹿戸雄一,東京ホースレーシング,385.2,202005030510
4,7,13,スズカアーチスト,牝5,55,江田照男,1:21.6,3/4,**,,,,,10-10,34.7,62.6,12,458(-6),,,,[東]柄崎孝,永井啓弍,230.0,202005030510
5,7,14,コスモエスパーダ,牡4,57,柴田大知,1:21.7,3/4,**,,,,,3-3,35.4,18.8,7,484(+4),,,,[東]伊藤大士,ビッグレッドファーム,150.0,202005030510
6,1,2,トオヤリトセイト,牡4,57,レーン,1:22.0,1.1/2,**,,,,,16-12,34.7,4.2,2,470(-8),,,,[西]松下武士,村田能光,,202005030510
7,1,1,マジックバローズ,牡5,57,北村宏司,1:22.3,2,**,,,,,5-3,36.0,23.8,9,460(+4),,,,[西]清水久詞,猪熊広次,,202005030510
8,5,9,ウメタロウ,牡5,57,野中悠太,1:22.4,クビ,**,,,,,10-7,35.7,116.7,13,490(-10),,,,[東]伊藤大士,ミルファーム,,202005030510
9,3,5,セイウンリリシイ,牝5,55,内田博幸,1:22.5,3/4,**,,,,,1-1,36.5,23.4,8,478(+2),,,,[東]水野貴広,西山茂行,,202005030510
10,6,11,キャッチミーアップ,牝5,55,田辺裕信,1:22.5,ハナ,**,,,,,8-7,35.8,33.9,11,448(-16),,,,[西]河内洋,畑佐博,,202005030510
11,4,7,ヘイワノツカイ,牡4,57,福永祐一,1:22.7,1.1/2,**,,,,,3-3,36.5,15.4,6,472(+12),,,,[東]相沢郁,星野壽市,,202005030510
12,2,4,スペキュラース,牝4,55,木幡巧也,1:22.8,クビ,**,,,,,5-3,36.5,24.0,10,464(+4),,,,[東]高橋祥泰,ビッグレッドファーム,,202005030510
13,8,15,クリムズンフラッグ,牡5,57,宮崎北斗,1:22.9,1/2,**,,,,,13-12,35.6,256.3,15,528(-4),,,,[東]青木孝文,加藤徹,,202005030510
14,2,3,クリノキング,セ6,57,武藤雅,1:23.0,1/2,**,,,,,13-16,35.3,205.9,14,488(+8),,,,[東]星野忍,栗本守,,202005030510
15,8,16,プロトイチバンボシ,牡4,57,杉原誠人,1:23.1,3/4,**,,,,,12-12,35.8,300.5,16,510(+2),,,,[東]浅野洋一,飯田真也,,202005030510
16,6,12,フランジヴェント,牝3,52,Ｍ．デム,1:23.1,クビ,**,,,,,13-15,35.7,8.5,4,468(-4),,,,[東]金成貴史,吉田勝己,,202005030510
1,1,1,グレートタイム,牡5,57,レーン,1:35.7,,**,,,,,7-8,35.4,1.9,1,478(-6),,,,[西]藤原英昭,金子真人ホールディングス,"1,857.8",202005030511
2,1,2,グローリーグローリ,牡5,57,蛯名正義,1:35.7,クビ,**,,,,,5-5,35.7,25.8,9,498(-8),,,,[西]五十嵐忠,深見富朗,740.8,202005030511
3,3,6,ボードウォーク,牝5,55,江田照男,1:36.1,2.1/2,**,,,,,1-1,36.6,31.7,10,476(+30),,,,[西]矢作芳人,ヒダカ・ブリーダーズ・ユニオン,465.4,202005030511
4,4,8,トラストロン,牝5,55,吉田豊,1:36.2,クビ,**,,,,,5-5,36.1,12.0,4,454(+2),,,,[東]高橋文雅,菅波立知子,270.0,202005030511
5,2,4,エピックアン,牡5,57,嘉藤貴行,1:36.3,3/4,**,,,,,11-12,35.8,42.1,11,506(0),,,,[東]大和田成,ＴＵＲＦレーシング,182.0,202005030511
6,6,12,クレマンダルザス,セ7,57,杉原誠人,1:36.5,1.1/4,**,,,,,11-14,35.9,67.3,13,462(+2),,,,[西]松永幹夫,吉田勝己,,202005030511
7,7,14,バンブトンハート,牝4,55,田中勝春,1:36.6,クビ,**,,,,,10-11,36.2,8.5,3,492(-4),,,,[東]粕谷昌央,樋口正蔵,,202005030511
8,6,11,デピュティプライム,セ7,57,ルメール,1:36.6,クビ,**,,,,,4-3,36.8,6.4,2,482(+4),,,,[東]小島茂之,丸山担,,202005030511
9,5,10,ターゲリート,牡7,57,福永祐一,1:36.7,クビ,**,,,,,13-12,36.2,22.6,8,494(+2),,,,[東]戸田博文,Ｇ１レーシング,,202005030511
10,3,5,シベリウス,牡7,57,木幡育也,1:36.7,ハナ,**,,,,,16-16,35.7,234.3,16,468(-2),,,,[東]藤原辰雄,浅田次郎,,202005030511
11,8,16,アフターバーナー,セ6,57,田辺裕信,1:36.7,クビ,**,,,,,7-8,36.4,18.3,6,514(0),,,,[東]伊藤圭三,ゴドルフィン,,202005030511
12,8,15,フォックスクリーク,牡5,57,津村明秀,1:36.7,ハナ,**,,,,,2-2,37.1,12.5,5,478(-4),,,,[西]中内田充,金子真人ホールディングス,,202005030511
13,2,3,ハルクンノテソーロ,牡6,57,柴田大知,1:36.9,1,**,,,,,7-7,36.7,43.4,12,484(+8),,,,[東]高木登,了徳寺健二ホールディングス,,202005030511
14,4,7,ウォータースペース,牝4,55,内田博幸,1:37.2,2,**,,,,,3-3,37.4,21.0,7,460(-4),,,,[西]安田隆行,山岡正人,,202005030511
15,5,9,サンタナブルー,牡8,57,藤田菜七,1:37.3,クビ,**,,,,,14-14,36.6,124.4,15,472(-6),,,,[東]和田雄二,ＹＧＧホースクラブ,,202005030511
16,7,13,ローレルジャック,牡7,57,武士沢友,1:37.6,1.3/4,**,,,,,14-8,37.3,69.9,14,500(0),,,,[東]高橋裕,ローレルレーシング,,202005030511
1,6,12,メタルスパーク,牡3,52,菅原明良,1:24.5,,**,,,,,15-15,36.0,3.1,1,486(-8),,,,[東]伊藤圭三,ディアレストクラブ,760.0,202005030512
2,2,3,キタノユウキ,牡5,57,レーン,1:24.7,1.1/2,**,,,,,5-4,37.5,3.8,2,560(0),,,,[東]相沢郁,河内孝夫,300.0,202005030512
3,8,15,マキ,牡4,57,北村宏司,1:24.8,クビ,**,,,,,5-4,37.5,42.0,10,542(+10),,,,[東]手塚貴久,吉田和美,190.0,202005030512
4,2,4,インウィクトス,牡3,54,戸崎圭太,1:25.0,1,**,,,,,10-9,37.3,10.6,6,454(-2),,,,[東]小桧山悟,加藤厚子,110.0,202005030512
5,1,1,コスモストライカー,牡3,52,津村明秀,1:25.2,1.1/4,**,,,,,9-8,37.6,6.0,3,480(+2),,,,[東]加藤士津,ビッグレッドファーム,76.0,202005030512
6,3,5,イサチルダイチ,牡4,57,石川裕紀,1:25.5,1.3/4,**,,,,,13-13,37.5,36.0,9,496(-2),,,,[東]竹内正洋,小坂功,,202005030512
7,7,14,ヤークトボマー,牡4,57,宮崎北斗,1:25.6,1/2,**,,,,,7-7,38.1,78.8,13,468(-2),,,,[東]中川公成,西森鶴,,202005030512
8,5,9,ケイアイマリブ,牡5,57,野中悠太,1:25.7,3/4,**,,,,,1-1,38.7,24.3,7,478(-4),,,,[東]和田正一,亀田和弘,,202005030512
9,3,6,スマートグランダム,牝4,55,江田照男,1:26.0,1.3/4,**,,,,,16-15,37.6,101.1,15,516(-8),,,,[東]加藤征弘,大川徹,,202005030512
10,5,10,ミツカネプリンス,牡3,54,三浦皇成,1:26.0,クビ,**,,,,,2-2,39.0,53.3,12,438(-2),,,,[東]鈴木伸尋,小山田満,,202005030512
11,8,16,グローサーベア,セ3,54,ルメール,1:26.1,3/4,**,,,,,2-2,39.1,10.6,5,458(-10),,,,[東]矢野英一,社台レースホース,,202005030512
12,4,7,グラスディアブロ,牡3,54,福永祐一,1:26.2,1/2,**,,,,,11-9,38.4,10.2,4,456(-8),,,,[東]手塚貴久,半沢,,202005030512
13,1,2,キングキャラット,牡4,57,柴田大知,1:26.3,クビ,**,,,,,13-13,38.2,105.6,16,524(+8),,,,[東]南田美知,田畑富子,,202005030512
14,6,11,ウインメテオーラ,セ4,55,木幡育也,1:26.3,ハナ,**,,,,,7-9,38.5,84.5,14,450(+8),,,,[東]清水英克,ウイン,,202005030512
15,7,13,ウインアクティーボ,牡3,54,田辺裕信,1:26.5,1.1/2,**,,,,,2-4,39.3,25.2,8,492(0),,,,[東]高木登,ウイン,,202005030512
16,4,8,ダンホーキラー,牡4,57,Ｍ．デム,1:27.8,8,**,,,,,11-9,40.0,43.7,11,460(+12),,,,[東]鹿戸雄一,ドラゴンヒルズホースクラブ,,202005030512
1,3,3,プルスウルトラ,牡2,54,田辺裕信,1:23.2,,**,,,,,2-2,35.2,3.4,2,490(+6),,,,[東]手塚貴久,ミルファーム,510.0,202005030601
2,6,6,ユイノチャッキー,牡2,54,吉田豊,1:23.5,2,**,,,,,3-3,35.4,10.4,4,490(0),,,,[東]竹内正洋,由井健太郎,200.0,202005030601
3,1,1,オオシマサフィール,牝2,54,Ｍ．デム,1:24.0,3,**,,,,,9-9,35.2,3.2,1,428(+2),,,,[東]黒岩陽一,大島牧場,130.0,202005030601
4,4,4,ランディングホース,牡2,52,菅原明良,1:24.1,1/2,**,,,,,4-4,35.8,22.9,7,412(0),,,,[東]古賀史生,矢野恭裕,77.0,202005030601
5,8,9,ノットイェット,牝2,54,武藤雅,1:24.2,1/2,**,,,,,7-6,35.7,3.8,3,486(+4),,,,[東]武藤善則,東海林貴大,51.0,202005030601
6,7,8,トーセンヘンリー,牡2,54,木幡初也,1:24.6,2.1/2,**,,,,,4-6,36.2,20.2,6,478(0),,,,[東]松永康利,島川隆哉,,202005030601
7,2,2,マイネルアミスター,牡2,54,和田竜二,1:24.9,1.1/2,**,,,,,1-1,37.0,10.6,5,476(+2),,,,[東]古賀慎明,サラブレッドクラブ・ラフィアン,,202005030601
8,5,5,ヒカルマドンナ,牝2,53,菊沢一樹,1:25.1,1,**,,,,,10-10,35.9,96.2,10,418(-4),,,,[東]柄崎孝,安蒜一修,,202005030601
9,7,7,リッチアロマ,牝2,54,津村明秀,1:25.2,1/2,**,,,,,4-4,36.9,36.5,8,408(0),,,,[東]天間昭一,ビッグレッドファーム,,202005030601
10,8,10,モンキーポッド,牝2,52,木幡育也,1:25.4,1.1/4,**,,,,,8-8,36.7,93.7,9,436(-4),,,,[東]杉浦宏昭,小林善一,,202005030601
1,8,15,ラブロッソー,牝3,52,藤田菜七,1:38.3,,**,,,,,8-8,37.4,12.5,6,484(0),,,,[東]星野忍,増田陽一,510.0,202005030602
2,8,16,ココリミネルヴァ,牝3,54,北村宏司,1:38.5,1.1/4,**,,,,,6-6,37.9,10.3,5,422(+6),,,,[東]古賀慎明,美崎光二郎,200.0,202005030602
3,1,2,ウィップラッシュ,牝3,53,菊沢一樹,1:39.1,3.1/2,**,,,,,1-1,39.3,4.1,2,470(-2),,,,[東]菊沢隆徳,グランド牧場,130.0,202005030602
4,2,4,スマイルフェイス,牝3,54,伊藤工真,1:39.2,1/2,**,,,,,2-2,39.1,44.5,11,502(-2),,,,[東]金成貴史,ヒダカ・ブリーダーズ・ユニオン,77.0,202005030602
5,5,10,ピュアファンタジー,牝3,54,大庭和弥,1:39.3,1/2,**,,,,,2-2,39.1,321.6,16,472(+2),,,,[東]蛯名利弘,堀口晴男,51.0,202005030602
6,7,13,レッドシノン,牝3,54,石川裕紀,1:40.1,5,**,,,,,11-10,39.0,41.1,10,488(-6),,,,[東]中川公成,東京ホースレーシング,,202005030602
7,7,14,ジュンヴァドス,牝3,54,和田竜二,1:40.2,クビ,**,,,,,13-11,38.8,3.5,1,406(+2),,,,[東]高柳瑞樹,河合裕明,,202005030602
8,4,8,トゥインクルウェイ,牝3,52,木幡育也,1:40.2,ハナ,**,,,,,15-13,38.6,82.8,13,462(+12),,,,[東]林徹,ライオンレースホース,,202005030602
9,6,12,サンデープリンセス,牝3,52,菅原明良,1:40.2,アタマ,**,,,,,5-5,39.8,5.5,3,472(0),,,,[東]加藤士津,藤田好紀,,202005030602
10,3,6,デュアルネイチャー,牝3,54,三浦皇成,1:40.9,4,**,,,,,8-14,39.2,8.7,4,434(0),,,,[東]国枝栄,Ｇ１レーシング,,202005030602
11,6,11,アグネスクレバー,牝3,54,武士沢友,1:41.0,1/2,**,,,,,15-14,39.2,169.6,14,402(+10),,,,[東]深山雅史,前田清二,,202005030602
12,3,5,マサノルビー,牝3,51,原優介,1:41.0,クビ,**,,,,,8-8,40.0,19.9,9,414(-2),,,,[東]稲垣幸雄,猪野毛雅人,,202005030602
13,4,7,レッドフェリーチェ,牝3,51,小林脩斗,1:41.3,2,**,,,,,11-14,39.6,255.6,15,432(-4),,,,[東]萱野浩二,紅露純,,202005030602
14,1,1,マジェスティカリー,牝3,54,江田照男,1:41.4,クビ,**,,,,,13-11,40.1,74.3,12,472(+4),,,,[東]本間忍,日進牧場,,202005030602
15,2,3,スパイラルバンブー,牝3,54,吉田豊,1:42.2,5,**,,,,,6-6,41.5,18.1,8,448(-8),,,,[東]田村康仁,ジェイアール,,202005030602
16,5,9,コレクションラヴ,牝3,54,蛯名正義,1:43.1,5,**,,,,,2-4,42.8,15.5,7,454(+12),,,,[東]鹿戸雄一,嶋田賢,,202005030602
1,6,11,ハラモシュテソーロ,牡3,56,三浦皇成,1:25.8,,**,,,,,13-11,36.7,23.7,10,474(0),,,,[東]田中博康,了徳寺健二ホールディングス,510.0,202005030603
2,4,7,エスペルト,牡3,56,石川裕紀,1:25.8,クビ,**,,,,,8-7,37.3,18.0,8,478(-2),,,,[東]池上昌和,ラ・メール,200.0,202005030603
3,2,4,マニールリッヒ,牡3,56,レーン,1:25.9,1/2,**,,,,,6-4,37.8,3.0,1,484(-8),,,,[東]青木孝文,吉田勝己,130.0,202005030603
4,3,5,ニシノリーチキング,牡3,56,田辺裕信,1:26.1,1.1/4,**,,,,,2-2,38.2,3.8,2,500(+8),,,,[東]松山将樹,西山茂行,77.0,202005030603
5,7,13,ディレクトゥス,牡3,56,的場勇人,1:26.1,ハナ,**,,,,,8-9,37.2,16.0,7,446(+6),,,,[東]伊藤大士,小林秀樹,51.0,202005030603
6,2,3,グランドジュビリー,牡3,56,石橋脩,1:26.3,1.1/4,**,,,,,12-11,37.2,20.1,9,492(+16),,,,[東]小笠倫弘,保坂和孝,,202005030603
7,1,2,ケイツーポンド,牡3,56,野中悠太,1:26.7,2.1/2,**,,,,,4-4,38.6,6.7,3,458(-2),,,,[東]鈴木伸尋,楠本勝美,,202005030603
8,3,6,ピノッキオ,牡3,56,北村宏司,1:26.8,3/4,**,,,,,10-9,37.9,10.5,4,524(+6),,,,[東]岩戸孝樹,櫻井正,,202005030603
9,4,8,フィーバス,牡3,54,菅原明良,1:27.3,3,**,,,,,2-2,39.4,10.6,5,478(+2),,,,[東]田中剛,松村真司,,202005030603
10,7,14,クレヴァージャッジ,牡3,56,木幡巧也,1:27.5,3/4,**,,,,,15-13,37.9,194.1,14,482(0),,,,[東]新開幸一,西田順彦,,202005030603
11,8,16,テイエムエンドレス,牡3,56,丸田恭介,1:27.5,ハナ,**,,,,,13-13,37.9,145.7,13,498(0),,,,[東]石栗龍彦,竹園正繼,,202005030603
12,6,12,チャーミングポポ,牝3,51,小林凌大,1:27.8,2,**,,,,,1-1,40.0,102.2,12,462(-8),,,,[東]蛯名利弘,中脇満,,202005030603
13,5,10,ファイナルブション,牝3,54,宮崎北斗,1:27.8,ハナ,**,,,,,4-4,39.7,533.7,16,422(-2),,,,[東]青木孝文,廣崎利洋ＨＤ,,202005030603
14,1,1,シゲルトリトン,牡3,56,武藤雅,1:28.0,1.1/4,**,,,,,7-8,39.4,14.7,6,472(+22),,,,[東]水野貴広,森中蕃,,202005030603
15,8,15,サンドクルーズ,牡3,55,菊沢一樹,1:29.6,10,**,,,,,10-13,40.0,439.5,15,470(0),,,,[東]浅野洋一,加藤義久,,202005030603
中,5,9,サノノヴィグラス,牡3,56,内田博幸,,,**,,,,,15-13,,64.3,11,482(-8),,,,[東]尾形和幸,佐野信幸,,202005030603
1,8,16,インプルソ,牡3,56,津村明秀,1:38.9,,**,,,,,4-4,37.7,8.6,4,480(+4),,,,[東]松山将樹,コスモヴューファーム,510.0,202005030604
2,3,5,ドリームメッセージ,牡3,56,レーン,1:38.9,クビ,**,,,,,4-5,37.6,2.6,1,444(+4),,,,[東]中川公成,堀口晴男,200.0,202005030604
3,2,3,ムーンダイアローグ,牡3,56,戸崎圭太,1:39.2,1.1/2,**,,,,,11-10,37.1,4.1,2,454(+2),,,,[東]矢野英一,大塚亮一,130.0,202005030604
4,8,15,ヴァリアントジョイ,牡3,56,石橋脩,1:39.3,3/4,**,,,,,3-2,38.2,5.3,3,460(-2),,,,[東]畠山吉宏,ローレルレーシング,77.0,202005030604
5,1,1,サイヤダンサー,牡3,56,三浦皇成,1:39.8,3,**,,,,,13-12,37.5,12.3,6,440(-6),,,,[東]深山雅史,西森功,51.0,202005030604
6,4,8,メガフロート,牡3,54,木幡育也,1:40.1,1.3/4,**,,,,,7-7,38.6,41.1,9,456(0),,,,[東]田中剛,シルクレーシング,,202005030604
7,1,2,トップヴェスパー,牡3,53,小林脩斗,1:40.3,1.1/2,**,,,,,14-14,37.7,386.5,15,434(-6),,,,[東]萱野浩二,紅露純,,202005030604
8,5,10,アトランタテソーロ,牡3,54,菅原明良,1:40.3,アタマ,**,,,,,8-9,38.4,29.2,8,546(-2),,,,[東]斎藤誠,了徳寺健二ホールディングス,,202005030604
9,4,7,ダブルマーク,牡3,56,木幡巧也,1:40.4,1/2,**,,,,,8-8,38.7,61.3,10,508(+4),,,,[東]小西一男,河内孝夫,,202005030604
10,2,4,ロイヤルパープル,セ3,56,和田竜二,1:40.4,ハナ,**,,,,,2-1,39.4,10.8,5,500(-4),,,,[東]加藤征弘,ゴドルフィン,,202005030604
11,6,12,テイエムブロッコ,セ3,56,丸田恭介,1:40.5,クビ,**,,,,,11-12,38.2,329.7,14,480(0),,,,[東]石栗龍彦,竹園正繼,,202005030604
12,3,6,レハール,牡3,56,北村宏司,1:40.9,2.1/2,**,,,,,4-5,39.6,24.4,7,438(0),,,,[東]勢司和浩,木村廣太,,202005030604
13,6,11,ヤマニンバデル,牡3,56,原田和真,1:41.1,1.1/2,**,,,,,10-10,39.1,235.6,13,530(-4),,,,[東]栗田徹,土井肇,,202005030604
14,5,9,キイエクスプロード,牝3,54,武士沢友,1:41.5,2.1/2,**,,,,,14-14,39.0,74.4,11,424(0),,,,[東]小桧山悟,安田嘉太郎,,202005030604
15,7,14,ミユキアウグストス,牡3,56,内田博幸,1:41.6,1/2,**,,,,,16-16,38.7,224.3,12,528(-2),,,,[東]清水英克,長井純一,,202005030604
16,7,13,ヴァンダーファルケ,牡3,55,菊沢一樹,1:42.1,3,**,,,,,1-2,41.1,399.5,16,478(+12),,,,[東]大和田成,長浜牧場,,202005030604
1,1,1,ブルーシンフォニー,牡2,54,田辺裕信,1:37.2,,**,,,,,7-6,34.2,8.5,4,464(0),,,,[東]伊藤圭三,ゴドルフィン,700.0,202005030605
2,6,9,カランドゥーラ,牡2,54,ルメール,1:37.4,1.1/4,**,,,,,2-2,34.7,4.0,2,480(0),,,,[東]藤沢和雄,窪田芳郎,280.0,202005030605
3,8,12,アドマイヤレビン,牡2,54,レーン,1:37.5,1/2,**,,,,,3-3,34.7,4.2,3,472(0),,,,[東]加藤征弘,近藤旬子,180.0,202005030605
4,7,11,スーパーホープ,牡2,54,Ｍ．デム,1:37.5,ハナ,**,,,,,6-6,34.5,2.7,1,510(0),,,,[西]藤岡健一,青山洋一,110.0,202005030605
5,3,3,サンキューベイリー,牝2,54,石川裕紀,1:38.0,3,**,,,,,3-3,35.2,13.2,5,476(0),,,,[東]相沢郁,石瀬浩三,70.0,202005030605
6,8,13,アルバトリア,牝2,51,小林脩斗,1:38.2,1.1/4,**,,,,,12-12,34.5,148.6,13,434(0),,,,[東]小桧山悟,加藤徹,,202005030605
7,6,8,モンサンテゾーロ,牝2,54,木幡巧也,1:38.3,3/4,**,,,,,5-5,35.4,47.3,9,438(0),,,,[東]牧光二,山下新一,,202005030605
8,5,6,キュンキュンハート,牝2,52,木幡育也,1:38.3,アタマ,**,,,,,1-1,35.8,136.0,11,408(0),,,,[東]伊藤伸一,堀口晴男,,202005030605
9,4,4,ロッソネーリ,牝2,52,菅原明良,1:38.8,3,**,,,,,7-8,35.6,136.6,12,434(0),,,,[東]武市康男,東海林貴大,,202005030605
10,7,10,トーセンチャールズ,牡2,54,吉田豊,1:38.9,3/4,**,,,,,11-10,35.3,39.8,8,484(0),,,,[東]本間忍,島川隆哉,,202005030605
11,5,7,ベイビーシャーク,牡2,52,藤田菜七,1:39.0,1/2,**,,,,,9-10,35.5,26.8,7,466(0),,,,[東]中野栄治,北村和江,,202005030605
12,4,5,ブリングトゥライフ,牝2,54,戸崎圭太,1:39.0,クビ,**,,,,,9-9,35.7,25.9,6,456(0),,,,[東]手塚貴久,Ｇ１レーシング,,202005030605
13,2,2,ミユキザジャイアン,牡2,54,北村宏司,1:40.6,10,**,,,,,13-13,36.4,96.7,10,524(0),,,,[東]上原博之,長井純一,,202005030605
1,2,4,バトーブラン,牝3,54,石川裕紀,1:48.0,,**,,,,,5-4-4,35.0,8.2,3,444(+6),,,,[東]清水英克,サラブレッドクラブ・ラフィアン,510.0,202005030606
2,6,11,ブランシュフルール,牝3,54,レーン,1:48.3,2,**,,,,,11-13-12,34.8,3.8,2,436(-8),,,,[東]大竹正博,サンデーレーシング,200.0,202005030606
3,8,15,ウインドジャマー,セ3,56,ルメール,1:48.4,クビ,**,,,,,7-7-7,35.2,2.7,1,498(+8),,,,[東]藤沢和雄,多田信尊,130.0,202005030606
4,7,14,アースブレイブ,牡3,56,田中勝春,1:48.5,1/2,**,,,,,11-11-9,35.1,39.3,9,454(-4),,,,[東]宗像義忠,松山増男,77.0,202005030606
5,6,12,シャドウワルツ,牡3,56,Ｍ．デム,1:48.5,クビ,**,,,,,5-6-4,35.5,8.3,4,418(-8),,,,[東]斎藤誠,飯塚知一,51.0,202005030606
6,7,13,ナリノオルフェ,牡3,56,田辺裕信,1:48.6,1/2,**,,,,,15-15-13,34.8,11.4,6,438(-4),,,,[東]上原博之,成塚清志,,202005030606
7,5,10,マイネルロベルト,牡3,56,和田竜二,1:48.7,1/2,**,,,,,7-10-9,35.3,9.0,5,440(+10),,,,[東]上原博之,サラブレッドクラブ・ラフィアン,,202005030606
8,1,2,ペイシャフラッシュ,牡3,56,武士沢友,1:48.8,1/2,**,,,,,2-4-4,35.8,21.8,7,480(-8),,,,[東]高橋裕,北所直人,,202005030606
9,3,6,タカンナ,牝3,54,柴田善臣,1:48.8,ハナ,**,,,,,14-13-13,35.0,87.9,13,444(-2),,,,[東]柄崎孝,三度屋,,202005030606
10,2,3,マイネルチェスト,牡3,56,津村明秀,1:48.9,1/2,**,,,,,2-2-2,36.1,36.9,8,460(+2),,,,[東]国枝栄,サラブレッドクラブ・ラフィアン,,202005030606
11,8,16,キタノポケット,牝3,54,嘉藤貴行,1:48.9,クビ,**,,,,,7-7-7,35.7,113.6,14,388(-2),,,,[東]深山雅史,北所直人,,202005030606
12,4,7,ヌンシーズ,牡3,55,菊沢一樹,1:49.0,クビ,**,,,,,7-7-9,35.6,393.2,16,420(0),,,,[東]清水英克,ヌンクラブ,,202005030606
13,4,8,グロワールポン,牝3,52,菅原明良,1:49.0,クビ,**,,,,,4-3-3,36.1,265.3,15,474(-2),,,,[東]田中清隆,花野友象,,202005030606
14,5,9,カピテル,牡3,56,丸田恭介,1:49.4,2.1/2,**,,,,,15-16-16,35.3,41.0,10,494(+10),,,,[東]宗像義忠,ディアレストクラブ,,202005030606
15,3,5,エンドレスレイン,牡3,56,武藤雅,1:49.7,2,**,,,,,1-1-1,37.0,45.9,11,490(+6),,,,[東]小島茂之,丸山担,,202005030606
16,1,1,クルワールデジール,牝3,52,木幡育也,1:52.0,大,**,,,,,11-11-13,38.2,71.5,12,466(0),,,,[東]宗像義忠,鈴木芳夫,,202005030606
1,3,6,トリッチトラッチ,牝3,52,三浦皇成,1:24.2,,**,,,,,8-7,36.6,6.3,3,430(+4),,,,[東]伊藤圭三,ライオンレースホース,760.0,202005030607
2,6,11,シングシングシング,牝5,55,レーン,1:24.3,1/2,**,,,,,6-4,36.9,1.8,1,468(-6),,,,[東]伊藤大士,グリーンファーム,300.0,202005030607
3,6,12,リワードノルン,牝4,55,津村明秀,1:24.8,3,**,,,,,3-2,37.5,21.2,8,470(-2),,,,[東]藤原辰雄,宮崎冴子,190.0,202005030607
4,1,1,デルマシャンパン,牝5,55,Ｍ．デム,1:25.1,2,**,,,,,6-7,37.5,17.8,4,464(-4),,,,[東]鹿戸雄一,浅沼廣幸,110.0,202005030607
5,8,15,ブライティアランド,牝3,49,原優介,1:25.2,クビ,**,,,,,4-4,37.8,21.9,9,462(0),,,,[東]武井亮,小林昌志,76.0,202005030607
6,2,3,ペルシャンジュエル,牝3,52,和田竜二,1:25.2,クビ,**,,,,,14-14,36.7,6.2,2,434(+8),,,,[東]金成貴史,深澤朝房,,202005030607
7,1,2,リアンフィーユ,牝3,52,石川裕紀,1:25.3,クビ,**,,,,,12-11,37.0,20.1,7,448(-6),,,,[東]斎藤誠,ＣＨＥＶＡＬＡＴＴＡＣＨＥ,,202005030607
8,4,8,レッドカルム,牝3,50,木幡育也,1:25.5,1.1/4,**,,,,,2-2,38.3,18.8,6,510(-2),,,,[東]奥村武,東京ホースレーシング,,202005030607
9,3,5,ショウナンバービー,牝3,50,菅原明良,1:25.7,1.1/4,**,,,,,14-14,37.2,18.0,5,492(-4),,,,[東]田中剛,湘南,,202005030607
10,5,9,デビルスダンサー,牝3,50,藤田菜七,1:25.8,3/4,**,,,,,9-9,37.8,38.4,10,432(+4),,,,[東]奥村武,前迫義幸,,202005030607
11,7,13,アテンフェアリー,牝4,55,岩部純二,1:26.1,1.3/4,**,,,,,9-9,38.2,88.4,12,470(+10),,,,[東]萱野浩二,齊藤直信,,202005030607
12,2,4,ロジカルガール,牝4,55,嘉藤貴行,1:26.2,3/4,**,,,,,4-4,38.8,51.1,11,470(0),,,,[東]大和田成,平川浩之,,202005030607
13,8,16,ラタンドレス,牝7,55,武士沢友,1:26.2,ハナ,**,,,,,16-16,37.5,352.4,16,486(+4),,,,[東]小手川準,ノルマンディーサラブレッドレーシング,,202005030607
14,7,14,サンハンツビル,牝4,52,小林凌大,1:26.4,1,**,,,,,12-11,38.1,138.8,14,454(+6),,,,[東]加藤和宏,加藤ステーブル,,202005030607
15,4,7,サリーバランセ,牝4,55,武藤雅,1:26.4,クビ,**,,,,,1-1,39.4,91.5,13,470(+8),,,,[東]鈴木伸尋,黒須不二男,,202005030607
16,5,10,マリノオードリー,牝4,55,木幡巧也,1:27.7,8,**,,,,,9-13,39.3,292.1,15,472(+12),,,,[東]古賀史生,和田志保,,202005030607
1,6,6,ダノングロワール,牡3,53,三浦皇成,2:26.9,,**,,,,,2-2-3-3,35.3,1.7,1,484(-4),,,,[東]国枝栄,ダノックス,760.0,202005030608
2,1,1,インペリアルフィズ,牡6,57,石橋脩,2:27.1,1.1/2,**,,,,,10-10-5-1,35.8,48.3,9,478(-8),,,,[東]和田勇介,社台レースホース,300.0,202005030608
3,4,4,ウイングセクション,牡5,57,Ｍ．デム,2:27.6,3,**,,,,,6-5-2-3,36.0,10.1,3,500(+6),,,,[東]田中剛,サンデーレーシング,190.0,202005030608
4,7,8,ナミブ,セ4,57,杉原誠人,2:27.7,1/2,**,,,,,4-4-5-6,35.9,28.7,7,442(+2),,,,[東]南田美知,ミルファーム,110.0,202005030608
5,2,2,シトラスクーラー,セ7,55,菅原明良,2:28.1,2.1/2,**,,,,,8-7-9-8,36.1,18.5,6,456(0),,,,[東]高木登,Ｇ１レーシング,76.0,202005030608
6,8,9,ゾロ,牡4,57,武士沢友,2:28.4,1.3/4,**,,,,,4-5-5-7,36.5,13.2,4,462(-2),,,,[東]小手川準,北山敏隆,,202005030608
7,5,5,ミライオー,牡4,57,木幡巧也,2:28.6,1,**,,,,,6-7-9-9,36.4,13.2,5,528(+4),,,,[東]加藤征弘,林正道,,202005030608
8,8,10,プルクラ,牡4,57,レーン,2:28.8,1.1/2,**,,,,,3-3-3-3,37.1,3.3,2,468(+4),,,,[東]堀宣行,金子真人ホールディングス,,202005030608
9,3,3,フジマサディープ,牡4,57,田中勝春,2:29.6,5,**,,,,,1-1-1-2,38.3,32.2,8,490(-8),,,,[東]菊川正達,藤原正一,,202005030608
10,7,7,リキサンゴルト,牡5,54,小林脩斗,2:31.6,大,**,,,,,8-7-5-9,39.4,188.8,10,502(-8),,,,[東]奥平雅士,ハイパワー商事,,202005030608
1,2,4,ソルドラード,牡4,56,ルメール,1:36.0,,**,,,,,14-13,35.7,2.5,1,502(+2),,,,[東]藤沢和雄,キャロットファーム,"1,540.6",202005030609
2,4,8,ボンディマンシュ,セ4,56,津村明秀,1:36.2,1.1/4,**,,,,,7-6,36.3,7.6,4,482(0),,,,[西]中内田充,シルクレーシング,611.6,202005030609
3,8,15,サルサレイア,牝4,53,Ｍ．デム,1:36.4,1.1/2,**,,,,,3-3,36.9,5.5,3,484(-4),,,,[西]羽月友彦,菅原広隆,385.8,202005030609
4,4,7,ニシノアメイズ,牝4,53,和田竜二,1:36.8,2.1/2,**,,,,,11-10,36.7,17.1,7,516(+8),,,,[東]松山将樹,西山茂行,230.0,202005030609
5,8,16,レオアルティメット,牡5,55,酒井学,1:36.9,クビ,**,,,,,1-1,38.0,72.1,11,540(+8),,,,[東]牧光二,レオ,150.0,202005030609
6,1,2,カフェプリンス,牡4,55,田辺裕信,1:36.9,クビ,**,,,,,4-3,37.3,20.7,8,510(+6),,,,[東]中舘英二,西川恭子,,202005030609
7,5,10,ドウドウキリシマ,牡4,56,石橋脩,1:37.0,1/2,**,,,,,6-5,37.3,16.9,6,482(-2),,,,[西]村山明,西村新一郎,,202005030609
8,6,12,ヴァルディノート,牡5,53,北村宏司,1:37.1,1/2,**,,,,,12-10,37.0,89.6,13,488(-8),,,,[西]吉岡辰弥,キャロットファーム,,202005030609
9,3,6,モリトシラユリ,牝6,52,菅原明良,1:37.3,1.1/4,**,,,,,15-15,36.7,35.2,9,500(-2),,,,[東]堀井雅広,浜本牧場,,202005030609
10,1,1,ラティーンセイル,牝4,54,レーン,1:37.7,2.1/2,**,,,,,7-6,37.9,4.8,2,492(-2),,,,[東]加藤征弘,キャロットファーム,,202005030609
11,6,11,カフジストーム,牡4,55,内田博幸,1:37.7,アタマ,**,,,,,10-12,37.5,12.4,5,496(+6),,,,[西]湯窪幸雄,加藤守,,202005030609
12,5,9,バケットリスト,牝5,51,木幡育也,1:37.9,1.1/4,**,,,,,12-13,37.5,375.6,16,482(+2),,,,[東]高橋文雅,宮城寛也,,202005030609
13,3,5,グリニッジシチー,セ4,54,石川裕紀,1:38.3,2.1/2,**,,,,,15-15,37.7,211.6,14,460(+6),,,,[東]相沢郁,友駿ホースクラブ,,202005030609
14,2,3,ゴーインピース,牝4,52,藤田菜七,1:38.5,1.1/2,**,,,,,2-2,39.2,88.1,12,444(+2),,,,[東]手塚貴久,下河辺俊行,,202005030609
15,7,13,モリノブレイク,牡3,52,江田照男,1:39.3,5,**,,,,,7-9,39.3,39.6,10,556(+2),,,,[東]大江原哲,森和久,,202005030609
16,7,14,ハゼル,牡5,54,丸田恭介,1:39.9,3.1/2,**,,,,,4-6,40.1,226.9,15,494(-6),,,,[西]鈴木孝志,ケーエスＨＤ,,202005030609
1,7,13,レッドレグナント,牝5,55,武藤雅,1:22.1,,**,,,,,3-3,34.0,49.8,11,482(-4),,,,[東]大竹正博,東京ホースレーシング,"1,854.3",202005030610
2,3,4,レノーア,牝4,55,石川裕紀,1:22.1,ハナ,**,,,,,4-4,33.9,15.7,8,422(+2),,,,[東]相沢郁,畑佐博,739.8,202005030610
3,4,7,クラヴィスオレア,セ4,57,木幡育也,1:22.2,3/4,**,,,,,1-1,34.3,13.0,6,470(-2),,,,[東]藤沢和雄,多田信尊,464.9,202005030610
4,1,1,レッドイグニス,セ7,57,田辺裕信,1:22.2,ハナ,**,,,,,6-6,33.7,8.9,5,478(+8),,,,[東]鹿戸雄一,東京ホースレーシング,270.0,202005030610
5,7,12,アフランシール,牝4,55,ルメール,1:22.2,クビ,**,,,,,9-9,33.5,4.8,3,496(-4),,,,[東]尾関知人,前田幸治,182.0,202005030610
6,6,10,ダイワメモリー,牝5,55,内田博幸,1:22.3,クビ,**,,,,,2-2,34.3,31.3,9,470(-10),,,,[東]国枝栄,大城敬三,,202005030610
7,8,15,ルーカス,牡5,57,レーン,1:22.4,3/4,**,,,,,12-12,33.5,4.1,1,514(+2),,,,[東]堀宣行,シルクレーシング,,202005030610
8,5,9,ラスティユース,牡5,57,酒井学,1:22.4,クビ,**,,,,,6-6,33.9,185.2,15,502(+8),,,,[東]松永康利,小林竜太郎,,202005030610
9,3,5,ドルチャーリオ,牡7,57,田中勝春,1:22.4,ハナ,**,,,,,13-13,33.3,123.4,14,466(+4),,,,[東]和田勇介,ゴドルフィン,,202005030610
10,2,2,アバルラータ,牝6,55,津村明秀,1:22.4,ハナ,**,,,,,9-9,33.6,15.0,7,456(0),,,,[西]鮫島一歩,安原浩司,,202005030610
11,4,6,ミュージアムヒル,牝5,55,北村宏司,1:22.5,1/2,**,,,,,6-6,34.0,4.2,2,488(+8),,,,[東]古賀慎明,吉田勝己,,202005030610
12,8,14,デスティニーソング,牝6,55,野中悠太,1:22.7,1.1/4,**,,,,,15-15,33.4,74.9,12,464(0),,,,[西]新谷功一,ノルマンディーサラブレッドレーシング,,202005030610
13,6,11,グッドジュエリー,牝5,55,丸田恭介,1:22.7,クビ,**,,,,,13-13,33.7,34.0,10,462(+4),,,,[東]堀井雅広,長谷川光司,,202005030610
14,2,3,ブルスクーロ,牡4,57,石橋脩,1:23.0,1.3/4,**,,,,,4-4,34.8,7.5,4,526(+8),,,,[西]池添学,サンデーレーシング,,202005030610
15,5,8,デンバーテソーロ,牝4,55,和田竜二,1:23.6,3.1/2,**,,,,,9-9,34.8,78.3,13,480(+20),,,,[東]栗田徹,了徳寺健二ホールディングス,,202005030610
1,8,16,カフェファラオ,牡3,56,レーン,1:34.9,,**,,,,,2-2,36.4,2.0,1,512(+8),,,,[東]堀宣行,西川光一,"3,556.7",202005030611
2,1,1,デュードヴァン,牡3,56,Ｍ．デム,1:35.7,5,**,,,,,14-14,35.5,6.2,3,470(-4),,,,[東]加藤征弘,スリーエイチレーシング,"1,416.2",202005030611
3,3,6,ケンシンコウ,牡3,56,酒井学,1:36.0,1.3/4,**,,,,,10-9,36.4,162.5,11,476(0),,,,[東]小西一男,天野克彦,888.1,202005030611
4,6,11,サンダーブリッツ,牡3,56,横山典弘,1:36.2,1,**,,,,,6-6,37.2,137.2,10,482(+4),,,,[東]久保田貴,草間庸文,530.0,202005030611
5,8,15,キタノオクトパス,牡3,56,田辺裕信,1:36.2,クビ,**,,,,,8-8,36.9,52.6,8,548(+4),,,,[東]高木登,北所直人,350.0,202005030611
6,7,14,フルフラット,牡3,56,田中勝春,1:36.6,2.1/2,**,,,,,4-2,38.0,25.1,6,516(0),,,,[西]森秀行,大野剛嗣,,202005030611
7,6,12,キッズアガチャー,牡3,56,丸田恭介,1:36.6,アタマ,**,,,,,15-14,36.3,208.0,14,538(-2),,,,[西]田所秀孝,瀬谷隆雄,,202005030611
8,4,7,サンライズホープ,牡3,56,川須栄彦,1:36.9,2,**,,,,,2-4,38.2,54.5,9,534(+8),,,,[西]羽月友彦,松岡隆雄,,202005030611
9,3,5,レッチェバロック,牝3,54,ルメール,1:37.0,クビ,**,,,,,1-1,38.6,3.1,2,498(+12),,,,[東]藤沢和雄,吉田和美,,202005030611
10,5,9,メイショウベンガル,牡3,56,戸崎圭太,1:37.0,ハナ,**,,,,,4-5,38.2,41.7,7,450(-6),,,,[西]松永昌博,松本好雄,,202005030611
11,2,3,ラブリーエンジェル,牝3,54,菅原明良,1:37.2,1.1/4,**,,,,,15-16,36.8,193.3,13,432(+2),,,,[東]堀井雅広,長谷川光司,,202005030611
12,4,8,オーロラテソーロ,牡3,56,木幡巧也,1:37.4,1,**,,,,,6-6,38.3,209.2,15,490(0),,,,[東]畠山吉宏,了徳寺健二ホールディングス,,202005030611
13,7,13,タガノビューティー,牡3,56,和田竜二,1:37.9,3,**,,,,,13-12,38.0,10.5,4,504(0),,,,[西]西園正都,八木良司,,202005030611
14,1,2,マカオンブラン,牡3,56,内田博幸,1:37.9,クビ,**,,,,,10-12,37.9,179.3,12,490(+2),,,,[西]今野貞一,關陽彦,,202005030611
15,5,10,サトノラファール,牡3,56,三浦皇成,1:38.7,5,**,,,,,10-9,39.1,22.6,5,538(+10),,,,[西]中竹和也,サトミホースカンパニー,,202005030611
16,2,4,アポロアベリア,牡3,56,武藤雅,1:39.6,5,**,,,,,9-9,40.0,247.7,16,532(-8),,,,[東]武藤善則,アポロサラブレッドクラブ,,202005030611
1,8,16,セイウンパワフル,牡3,54,Ｍ．デム,1:22.1,,**,,,,,2-1,35.8,3.4,2,470(+2),,,,[東]斎藤誠,西山茂行,760.0,202005030612
2,3,6,パラレルキャリア,牝4,55,和田竜二,1:22.3,1.1/4,**,,,,,6-6,35.6,31.2,9,434(+4),,,,[東]加藤征弘,社台レースホース,300.0,202005030612
3,7,14,シーシーサザン,牝3,49,原優介,1:22.3,ハナ,**,,,,,3-2,35.9,11.1,5,436(-2),,,,[東]武井亮,吉田照哉,190.0,202005030612
4,7,13,ウインレフィナード,牡4,57,津村明秀,1:22.4,1/2,**,,,,,8-8,35.5,35.6,10,448(-2),,,,[東]畠山吉宏,ウイン,110.0,202005030612
5,2,3,カレンピピ,牝3,52,杉原誠人,1:22.4,アタマ,**,,,,,3-6,35.6,8.0,3,438(+4),,,,[東]宮田敬介,鈴木隆司,76.0,202005030612
6,1,1,パンドラフォンテン,牝6,55,石川裕紀,1:22.4,クビ,**,,,,,8-8,35.5,24.6,8,454(-14),,,,[東]高橋裕,吉橋興生,,202005030612
7,5,9,トミケンルーア,セ4,57,江田照男,1:22.6,1,**,,,,,13-11,35.4,49.1,11,460(-2),,,,[東]竹内正洋,冨樫賢二,,202005030612
8,4,7,シコウ,牡3,54,石橋脩,1:22.8,1.1/4,**,,,,,3-2,36.4,11.0,4,460(0),,,,[東]牧光二,岡田牧雄,,202005030612
9,5,10,ソーユーフォリア,牝3,52,北村宏司,1:22.9,1/2,**,,,,,6-4,36.3,19.1,7,452(+8),,,,[東]高柳瑞樹,浜本洋輔,,202005030612
10,2,4,シャイニードライヴ,セ6,55,菅原明良,1:23.0,3/4,**,,,,,13-13,35.6,284.9,16,458(+6),,,,[東]佐藤吉勝,小林昌志,,202005030612
11,6,12,スズノヤマト,牡3,54,武士沢友,1:23.0,クビ,**,,,,,15-14,35.5,119.0,14,460(0),,,,[東]高橋裕,小紫嘉之,,202005030612
12,6,11,ゴールドタンバリン,牝5,55,西田雄一,1:23.1,1/2,**,,,,,12-14,35.6,262.7,15,432(+4),,,,[東]池上昌和,吉田和美,,202005030612
13,8,15,エフティイーリス,牝4,55,伊藤工真,1:23.2,1/2,**,,,,,16-16,35.3,49.8,12,454(-2),,,,[東]金成貴史,吉野英子,,202005030612
14,1,2,ダンシングチコ,牝5,55,レーン,1:23.6,2.1/2,**,,,,,10-10,36.6,2.6,1,470(0),,,,[東]大竹正博,石瀬浩三,,202005030612
15,3,5,マーヴェラスクイン,牝4,55,内田博幸,1:23.7,1/2,**,,,,,1-4,37.1,15.7,6,434(+12),,,,[東]古賀慎明,山本又一郎,,202005030612
16,4,8,カーリングストーン,牡4,56,菊沢一樹,1:23.9,1.1/4,**,,,,,11-11,36.7,108.1,13,470(+4),,,,[東]菊沢隆徳,國分純,,202005030612
1,2,2,ジュラメント,牝2,52,藤田菜七,1:37.6,,**,,,,,1-1,34.1,5.3,3,412(+4),,,,[東]根本康広,犬塚悠治郎,510.0,202005030701
2,8,9,アップリバー,牝2,54,石橋脩,1:37.7,1/2,**,,,,,3-3,34.1,3.1,1,484(-2),,,,[東]牧光二,平田修,200.0,202005030701
3,4,4,サンハーリンゲン,牡2,54,横山典弘,1:37.9,1,**,,,,,3-4,34.1,4.5,2,456(0),,,,[東]藤原辰雄,加藤ステーブル,130.0,202005030701
4,5,5,ショベルヘッド,牡2,52,木幡育也,1:38.0,3/4,**,,,,,5-4,34.1,21.8,7,462(-4),,,,[東]藤沢和雄,長谷川祐司,77.0,202005030701
5,7,7,エナジーロッソ,牝2,54,三浦皇成,1:38.1,3/4,**,,,,,2-2,34.6,8.0,5,476(0),,,,[西]高柳大輔,キャピタル・システム,51.0,202005030701
6,6,6,セイウンブリスク,牡2,54,レーン,1:38.3,1.1/4,**,,,,,10-10,34.0,5.5,4,504(-2),,,,[東]手塚貴久,西山茂行,,202005030701
7,1,1,レイニーデイ,牡2,54,田辺裕信,1:38.5,1.1/4,**,,,,,6-7,34.4,9.8,6,510(-2),,,,[東]矢野英一,大塚亮一,,202005030701
8,7,8,ナイルローズ,牝2,54,蛯名正義,1:38.7,1.1/2,**,,,,,6-6,34.7,196.5,10,454(0),,,,[東]粕谷昌央,海谷幸司,,202005030701
9,3,3,トーセンミシェル,牝2,54,吉田豊,1:38.7,クビ,**,,,,,8-7,34.5,181.0,9,442(+2),,,,[東]古賀史生,島川隆哉,,202005030701
10,8,10,キュムロンニンバス,牡2,54,岩部純二,1:38.9,1.1/4,**,,,,,8-7,34.7,133.1,8,472(+8),,,,[東]南田美知,ミルファーム,,202005030701
1,1,2,スピードオブラブ,牝3,54,三浦皇成,1:38.1,,**,,,,,7-4,36.6,1.9,1,442(0),,,,[東]中川公成,石井義人,510.0,202005030702
2,3,5,モノポリーアイズ,牝3,54,横山典弘,1:38.1,クビ,**,,,,,3-3,36.8,19.3,7,436(-6),,,,[東]武井亮,吉田照哉,200.0,202005030702
3,4,7,ドライブラン,牝3,54,津村明秀,1:38.8,4,**,,,,,1-1,38.0,16.6,6,468(-8),,,,[東]牧光二,岡村善行,130.0,202005030702
4,6,11,ネイビーロマン,牝3,52,藤田菜七,1:39.2,2.1/2,**,,,,,11-11,37.2,7.1,3,466(-4),,,,[東]古賀史生,平賀久枝,77.0,202005030702
5,3,6,ルレーヴドゥリリ,牝3,54,野中悠太,1:39.3,クビ,**,,,,,9-6,37.5,4.5,2,490(-2),,,,[東]田中剛,加藤誠,51.0,202005030702
6,4,8,アーデントラブ,牝3,53,岩田望来,1:39.9,3.1/2,**,,,,,5-4,38.4,15.4,5,440(0),,,,[東]田中博康,ノースヒルズ,,202005030702
7,2,3,スノーレイズ,牝3,52,木幡育也,1:39.9,アタマ,**,,,,,9-14,37.7,33.3,9,436(0),,,,[東]菊川正達,ヒダカ・ブリーダーズ・ユニオン,,202005030702
8,6,12,テイエムピカピカ,牝3,53,菊沢一樹,1:40.1,1.1/4,**,,,,,2-2,39.1,213.1,13,460(+4),,,,[東]石栗龍彦,竹園正繼,,202005030702
9,5,9,ジョインザフロウ,牝3,54,丸田恭介,1:40.2,1/2,**,,,,,13-11,38.2,62.3,10,486(+10),,,,[東]奥村武,シルクレーシング,,202005030702
10,7,13,ロマンスストーリー,牝3,51,原優介,1:40.5,2,**,,,,,13-11,38.5,429.0,15,454(+6),,,,[東]新開幸一,明栄商事,,202005030702
11,1,1,デルマアイオライト,牝3,54,木幡初也,1:40.9,2.1/2,**,,,,,11-6,39.2,201.7,12,468(+4),,,,[東]武市康男,浅沼廣幸,,202005030702
12,5,10,アッタヴァンティ,牝3,52,菅原明良,1:41.1,1.1/4,**,,,,,6-6,39.3,21.2,8,422(-2),,,,[東]中川公成,サンデーレーシング,,202005030702
13,8,15,セレーネグランツ,牝3,54,田辺裕信,1:41.2,1/2,**,,,,,7-6,39.5,10.9,4,440(-6),,,,[東]加藤征弘,林正道,,202005030702
14,7,14,フクジュ,牝3,51,小林脩斗,1:41.7,3,**,,,,,15-15,39.2,501.1,16,480(-2),,,,[東]小桧山悟,中村勝彦,,202005030702
15,2,4,チスジ,牝3,54,武士沢友,1:42.5,5,**,,,,,16-16,39.4,289.9,14,496(+2),,,,[東]星野忍,新井原博,,202005030702
16,8,16,ヤマニンファボリ,牝3,51,小林凌大,1:46.3,大,**,,,,,3-10,44.4,170.7,11,392(+4),,,,[東]田島俊明,土井肇,,202005030702
1,7,14,デクスター,牡3,56,レーン,1:19.5,,**,,,,,6-5,36.3,2.3,1,460(+2),,,,[東]竹内正洋,小林竜太郎,510.0,202005030703
2,1,2,エリモグリッター,セ3,56,内田博幸,1:19.6,1/2,**,,,,,11-11,35.9,8.0,4,448(+2),,,,[東]中野栄治,山本三津子,200.0,202005030703
3,6,11,パイプライン,セ3,56,田中勝春,1:19.6,アタマ,**,,,,,3-3,36.6,2.8,2,480(0),,,,[東]田中剛,青山洋一,130.0,202005030703
4,4,7,バルドダンサー,牡3,56,三浦皇成,1:19.7,3/4,**,,,,,8-7,36.4,17.7,6,458(-4),,,,[東]和田雄二,コスモヴューファーム,77.0,202005030703
5,3,5,エリーウェイ,牝3,54,武士沢友,1:19.7,クビ,**,,,,,1-1,36.9,68.2,9,462(0),,,,[東]南田美知,谷川正純,51.0,202005030703
6,6,12,ペガサスターボ,牡3,56,北村宏司,1:19.8,1/2,**,,,,,12-11,36.1,40.6,8,500(-14),,,,[東]勢司和浩,千明牧場,,202005030703
7,8,15,ニシノリーチキング,牡3,56,田辺裕信,1:19.9,1/2,**,,,,,8-7,36.5,8.0,3,496(-4),,,,[東]松山将樹,西山茂行,,202005030703
8,7,13,ディーカラーズ,牡3,54,木幡育也,1:20.2,2,**,,,,,15-15,35.9,31.6,7,486(-6),,,,[東]高橋祥泰,鈴木芳夫,,202005030703
9,5,10,モリトアリュルヒメ,牝3,54,宮崎北斗,1:20.3,クビ,**,,,,,2-2,37.5,585.5,16,518(-6),,,,[東]堀井雅広,藤田在子,,202005030703
10,2,3,トーホウカッフェ,牝3,54,嘉藤貴行,1:20.3,クビ,**,,,,,3-3,37.2,464.3,15,508(+10),,,,[東]田中清隆,東豊物産,,202005030703
11,4,8,ヘニービュット,牡3,56,石川裕紀,1:20.4,クビ,**,,,,,5-5,37.2,116.1,10,508(+18),,,,[東]池上昌和,林正道,,202005030703
12,3,6,ネルハ,牡3,56,柴田大知,1:20.8,2.1/2,**,,,,,12-13,36.8,303.0,13,536(+10),,,,[東]和田雄二,ローレルレーシング,,202005030703
13,1,1,スノートレイン,牡3,54,菅原明良,1:20.9,クビ,**,,,,,6-7,37.6,14.0,5,444(0),,,,[東]伊藤大士,大塚亮一,,202005030703
14,5,9,フォーハンズプレイ,牡3,53,原優介,1:21.3,2.1/2,**,,,,,8-7,37.9,204.6,11,446(-2),,,,[東]武井亮,松嶋良治,,202005030703
15,8,16,シゲルカンムリザ,牝3,54,柴田善臣,1:22.1,5,**,,,,,12-14,38.0,382.7,14,442(+6),,,,[東]石毛善彦,森中蕃,,202005030703
16,2,4,ファインラン,牡3,53,小林脩斗,1:22.5,2.1/2,**,,,,,16-16,36.8,257.7,12,510(0),,,,[東]岩戸孝樹,田畑利彦,,202005030703
1,7,13,パンダノポケット,牝3,54,大庭和弥,1:22.5,,**,,,,,2-2,34.7,19.6,7,420(0),,,,[東]高橋文雅,石瀬浩三,510.0,202005030704
2,4,8,トルニ,牝3,52,菅原明良,1:22.8,1.3/4,**,,,,,10-10,34.0,4.3,2,462(+2),,,,[東]高橋裕,水上ふじ子,200.0,202005030704
3,8,15,フィオーレカフェ,牝3,53,岩田望来,1:22.9,3/4,**,,,,,3-3,34.9,2.2,1,416(+4),,,,[東]和田勇介,西川光一,130.0,202005030704
4,4,7,グローバリズム,牝3,54,北村宏司,1:23.0,3/4,**,,,,,6-6,34.7,8.0,3,458(-6),,,,[東]木村哲也,ゴドルフィン,77.0,202005030704
5,6,11,アテザムール,牝3,54,丸田恭介,1:23.0,クビ,**,,,,,5-3,34.9,14.6,6,466(+2),,,,[東]大竹正博,寺田心平,51.0,202005030704
6,6,12,ウイングシューズ,牝3,54,木幡巧也,1:23.6,3.1/2,**,,,,,8-7,35.0,25.3,9,390(-2),,,,[東]牧光二,呉本昌時,,202005030704
7,1,2,ハワーマハル,牝3,54,西田雄一,1:23.8,1.1/4,**,,,,,9-8,35.1,10.1,4,456(0),,,,[東]南田美知,ミルファーム,,202005030704
8,3,6,トーセンポエム,牡3,56,木幡初也,1:24.0,1.1/4,**,,,,,3-3,35.9,25.0,8,494(-14),,,,[東]杉浦宏昭,島川隆哉,,202005030704
9,8,16,オレオレサララ,牝3,54,岩部純二,1:24.6,3.1/2,**,,,,,11-11,35.5,186.1,13,524(+18),,,,[東]加藤和宏,ミルファーム,,202005030704
10,5,10,ヒラボクアリー,牝3,54,野中悠太,1:24.6,ハナ,**,,,,,1-1,37.0,40.8,10,468(-2),,,,[東]竹内正洋,平田牧場,,202005030704
11,3,5,ミヤビラブコール,牝3,54,吉田豊,1:25.1,3,**,,,,,13-13,35.3,283.1,15,486(-6),,,,[東]高橋文雅,村上義勝,,202005030704
12,2,3,エコロキングダム,牡3,56,柴田善臣,1:25.3,1.1/4,**,,,,,14-14,35.3,10.9,5,472(+8),,,,[東]岩戸孝樹,原村正紀,,202005030704
13,5,9,ユラヒメ,牝3,51,原優介,1:25.5,1.1/4,**,,,,,6-8,36.8,376.7,16,420(-10),,,,[東]新開幸一,会田浩史,,202005030704
14,1,1,ベルベストスター,牡3,56,内田博幸,1:25.5,クビ,**,,,,,16-15,35.2,118.9,12,462(+4),,,,[東]菊沢隆徳,宮崎俊也,,202005030704
15,7,14,キタノエクセル,牝3,52,藤田菜七,1:25.7,1.1/4,**,,,,,14-15,35.4,112.7,11,412(-4),,,,[東]高橋義博,北所直人,,202005030704
中,2,4,サマープラネット,牝3,54,宮崎北斗,,,**,,,,,11-12,,198.9,14,418(+10),,,,[東]的場均,山上和良,,202005030704
1,2,3,スライリー,牝2,54,石川裕紀,1:49.7,,**,,,,,3-3-3,35.0,14.6,5,432(0),,,,[東]相沢郁,ヒダカ・ブリーダーズ・ユニオン,700.0,202005030705
2,7,13,ジェミニテソーロ,牡2,53,岩田望来,1:49.8,3/4,**,,,,,1-2-2,35.3,6.6,3,472(0),,,,[東]栗田徹,了徳寺健二ホールディングス,280.0,202005030705
3,3,5,カイトゲニー,牝2,52,藤田菜七,1:49.9,3/4,**,,,,,2-1-1,35.5,17.4,7,470(0),,,,[東]和田雄二,本田恒雄,180.0,202005030705
4,8,16,シャイニングライト,牡2,51,原優介,1:50.0,クビ,**,,,,,4-3-3,35.3,55.0,11,476(0),,,,[東]武井亮,井山登,110.0,202005030705
5,6,12,トーホウボルツ,牡2,54,野中悠太,1:50.1,3/4,**,,,,,6-6-6,35.1,103.2,14,458(0),,,,[東]田中清隆,東豊物産,70.0,202005030705
6,8,15,アンクラウデッド,牡2,54,田辺裕信,1:50.6,3,**,,,,,12-5-3,35.9,16.7,6,478(0),,,,[東]古賀慎明,社台レースホース,,202005030705
7,1,1,テイルウインド,牡2,54,津村明秀,1:50.6,ハナ,**,,,,,6-6-8,35.4,5.9,2,474(0),,,,[東]武藤善則,高橋文男,,202005030705
8,2,4,ジェイケイマクフィ,牝2,54,蛯名正義,1:51.4,5,**,,,,,13-14-13,35.7,19.0,8,474(0),,,,[東]堀井雅広,小谷野次郎,,202005030705
9,5,10,ブレスロガール,牝2,54,江田照男,1:51.9,3,**,,,,,4-6-6,36.9,167.6,15,440(0),,,,[東]菊川正達,ディアレストクラブ,,202005030705
10,5,9,ヤマニンジャベリン,牡2,54,柴田善臣,1:52.1,1.1/2,**,,,,,9-11-10,36.6,20.1,9,534(0),,,,[西]浅見秀一,土井肇,,202005030705
11,7,14,ヒューリット,牝2,54,石橋脩,1:52.6,3,**,,,,,9-9-8,37.5,10.9,4,480(0),,,,[東]畠山吉宏,グランデオーナーズ,,202005030705
12,4,7,インヴァリアンス,牡2,54,横山典弘,1:52.8,1,**,,,,,13-11-13,37.1,2.5,1,466(0),,,,[東]尾関知人,Ｇ１レーシング,,202005030705
13,6,11,コウジクン,牡2,54,木幡巧也,1:52.9,3/4,**,,,,,15-14-10,37.4,81.0,13,490(0),,,,[東]牧光二,瀬谷隆雄,,202005030705
14,1,2,ジョット,牡2,54,北村宏司,1:54.1,7,**,,,,,9-16-16,38.0,69.8,12,448(0),,,,[東]高橋義博,海谷幸司,,202005030705
15,3,6,ラペルーズ,牡2,52,木幡育也,1:55.0,5,**,,,,,6-11-13,39.4,29.4,10,500(0),,,,[東]藤沢和雄,多田信尊,,202005030705
16,4,8,クールガジェット,牡2,54,吉田豊,1:55.3,1.3/4,**,,,,,16-9-10,39.8,186.1,16,472(0),,,,[東]南田美知,上村洋司,,202005030705
1,8,16,シゲルハウメア,牡3,55,岩田望来,1:26.0,,**,,,,,13-10,36.6,16.1,7,448(-4),,,,[東]浅野洋一,森中蕃,510.0,202005030706
2,3,5,ジオパークアポロ,牡3,54,木幡育也,1:26.1,1/2,**,,,,,13-13,36.4,17.8,8,438(0),,,,[東]柄崎孝,小関勝紀,200.0,202005030706
3,1,2,ハットルヴァン,牡3,55,菊沢一樹,1:26.2,1/2,**,,,,,8-10,36.8,15.3,6,476(-20),,,,[東]菊沢隆徳,服部邦繁,130.0,202005030706
4,2,4,シゲルガラテア,牡3,54,菅原明良,1:26.2,クビ,**,,,,,6-3,37.4,21.9,9,492(-2),,,,[東]水野貴広,森中蕃,77.0,202005030706
5,5,9,ディレクトゥス,牡3,56,的場勇人,1:26.3,1/2,**,,,,,11-12,36.8,39.1,11,438(-8),,,,[東]伊藤大士,小林秀樹,51.0,202005030706
6,7,13,リーガルレディ,牝3,54,丸田恭介,1:26.7,2.1/2,**,,,,,1-1,38.1,36.0,10,442(-2),,,,[東]稲垣幸雄,芳賀滿男,,202005030706
7,1,1,オーケーゴールド,牡3,56,石川裕紀,1:26.8,1/2,**,,,,,3-4,37.9,8.8,4,524(-12),,,,[東]相沢郁,小野建,,202005030706
8,4,7,キララ,牝3,54,戸崎圭太,1:26.9,1/2,**,,,,,5-4,37.9,3.1,1,476(+2),,,,[東]田島俊明,パニオロ,,202005030706
9,2,3,ウラワザテクニック,牡3,56,伊藤工真,1:27.1,1.1/4,**,,,,,6-7,37.9,4.8,3,474(-2),,,,[東]宗像義忠,薗部博之,,202005030706
10,4,8,エクステンデット,牡3,56,レーン,1:27.4,1.3/4,**,,,,,8-7,38.2,4.3,2,434(-2),,,,[東]奥村武,ラ・メール,,202005030706
11,6,11,ダンブルドア,牡3,56,嘉藤貴行,1:27.9,3,**,,,,,12-13,38.1,293.1,13,536(+2),,,,[東]田中清隆,嶋田賢,,202005030706
12,5,10,ライフイズクール,牝3,54,吉田豊,1:28.1,1.1/4,**,,,,,8-7,38.9,359.5,14,500(+16),,,,[東]古賀史生,西森功,,202005030706
13,8,15,ディヴィニティ,牝3,54,田辺裕信,1:28.3,1.1/4,**,,,,,2-2,39.6,11.5,5,536(-4),,,,[東]加藤征弘,Ｊ．ウー,,202005030706
14,3,6,エフティハヤテ,牡3,56,村田一誠,1:28.3,ハナ,**,,,,,15-15,38.3,382.1,15,486(-2),,,,[東]粕谷昌央,吉野英子,,202005030706
15,6,12,ハリスン,牡3,53,小林凌大,1:32.1,大,**,,,,,3-4,43.2,260.9,12,480(+26),,,,[東]和田雄二,薪浦亨,,202005030706
除,7,14,シゲルエリス,牡3,56,田中勝春,,,**,,,,,,,---,,476(+2),,,,[東]的場均,森中蕃,,202005030706
1,5,10,ヴィアメント,牡3,54,横山典弘,2:12.4,,**,,,,,3-1-1-1,36.8,6.8,3,482(0),,,,[東]鹿戸雄一,社台レースホース,760.0,202005030707
2,7,14,ヴィクトワールボス,牡3,54,北村宏司,2:13.0,3.1/2,**,,,,,6-7-8-6,36.9,17.5,6,504(-2),,,,[東]岩戸孝樹,小田吉男,300.0,202005030707
3,2,4,スキルショット,牡3,54,田辺裕信,2:13.3,2,**,,,,,2-3-2-2,37.6,15.8,5,474(-8),,,,[東]加藤士津,横田恵子,190.0,202005030707
4,3,6,ピオノノ,牡3,54,レーン,2:13.3,ハナ,**,,,,,5-5-6-3,37.4,2.0,1,512(+4),,,,[東]奥村武,金子真人ホールディングス,110.0,202005030707
5,3,5,ユメノサキ,セ5,57,津村明秀,2:13.4,クビ,**,,,,,6-6-3-3,37.5,58.1,8,532(-16),,,,[東]新開幸一,山田広太郎,76.0,202005030707
6,8,16,モルタル,牡3,54,木幡巧也,2:13.4,クビ,**,,,,,8-8-10-10,37.1,7.6,4,476(-2),,,,[東]加藤征弘,阿部友弘,,202005030707
7,6,12,アメリカンフェイス,牡3,54,吉田豊,2:13.9,3,**,,,,,9-8-6-6,37.9,3.6,2,470(-2),,,,[東]戸田博文,吉澤克己,,202005030707
8,4,7,アイファーアクター,牡4,57,宮崎北斗,2:14.1,1.1/4,**,,,,,1-2-3-3,38.2,257.4,14,468(-12),,,,[東]伊藤伸一,中島稔,,202005030707
9,5,9,ベルゲンハーバー,牡4,54,原優介,2:14.4,1.3/4,**,,,,,11-11-8-6,38.3,405.4,16,462(-4),,,,[東]斎藤誠,林正道,,202005030707
10,8,15,セイカアーナンダイ,牡3,54,石川裕紀,2:15.1,4,**,,,,,14-13-14-14,37.9,106.5,10,450(-14),,,,[東]相沢郁,久米大,,202005030707
11,6,11,マーベラステソーロ,牡5,57,江田照男,2:15.2,1/2,**,,,,,10-10-13-12,38.4,134.5,11,462(+6),,,,[東]奥平雅士,了徳寺健二ホールディングス,,202005030707
12,7,13,ネオボーゲン,牡3,51,小林凌大,2:15.4,1.1/4,**,,,,,13-13-10-11,38.8,199.6,12,428(+8),,,,[東]鈴木伸尋,西田俊二,,202005030707
13,1,1,ボヘミアラプソディ,牡4,55,菅原明良,2:15.5,3/4,**,,,,,16-16-16-16,37.9,37.5,7,484(-2),,,,[東]伊藤圭三,平井裕,,202005030707
14,4,8,マジックブルーム,牝4,54,岩田望来,2:15.9,2.1/2,**,,,,,3-4-3-6,39.8,222.0,13,478(0),,,,[東]鈴木伸尋,村山卓也,,202005030707
15,2,3,サンチャップリン,牡3,54,内田博幸,2:16.0,1/2,**,,,,,11-11-14-15,38.7,91.1,9,560(0),,,,[東]中舘英二,加藤ステーブル,,202005030707
16,1,2,サクラトップスター,牡5,54,小林脩斗,2:16.1,3/4,**,,,,,15-15-12-12,39.3,281.0,15,472(+5),,,,[東]奥平雅士,トップフェロウ,,202005030707
1,4,6,ラヴアンドポップ,牡7,60,草野太郎,3:27.6,,,,,,,10-10-6-6,13.4,69.9,10,488(-4),,,,[東]岩戸孝樹,ゴドルフィン,"2,949.7",202005030708
2,7,11,フォワードカフェ,牡8,60,石神深一,3:27.6,アタマ,,,,,,7-6-4-3,13.4,9.2,3,534(-2),,,,[東]和田勇介,西川恭子,"1,214.2",202005030708
3,6,10,マンノグランプリ,牡4,60,西谷誠,3:27.7,クビ,,,,,,14-14-13-13,13.4,39.3,6,508(-4),,,,[西]角田晃一,萬野順啓,737.1,202005030708
4,1,1,スプリングボックス,牡6,60,森一馬,3:27.9,1.1/4,,,,,,4-4-5-4,13.4,19.4,4,490(-8),,,,[西]寺島良,吉田昌久,440.0,202005030708
5,5,7,トラスト,牡6,60,熊沢重文,3:28.0,1/2,,,,,,2-2-2-2,13.4,1.4,1,510(+6),,,,[西]長谷川浩,岡田繁幸,290.0,202005030708
6,7,12,マーニ,牡4,60,三津谷隼,3:28.0,ハナ,,,,,,4-6-8-7,13.4,75.2,11,454(+2),,,,[西]鮫島一歩,岡浩二,,202005030708
7,3,3,ヤマニンシルフ,牡7,60,小坂忠士,3:28.3,2,,,,,,12-12-9-9,13.4,79.1,12,452(0),,,,[西]千田輝彦,土井肇,,202005030708
8,3,4,アズマタックン,牡7,60,高田潤,3:28.4,1/2,,,,,,12-12-10-10,13.4,53.2,8,508(0),,,,[西]加用正,東哲次,,202005030708
9,5,8,ハルキストン,牡5,60,中村将之,3:29.1,4,,,,,,4-5-6-7,13.4,61.9,9,460(-6),,,,[西]浅見秀一,若草クラブ,,202005030708
10,6,9,シャリオヴァルト,セ7,60,蓑島靖典,3:29.2,クビ,,,,,,9-8-11-10,13.5,124.3,13,464(0),,,,[東]尾関知人,前田幸治,,202005030708
11,4,5,プラチナアッシュ,セ5,60,白浜雄造,3:29.3,3/4,,,,,,1-1-1-1,13.5,48.0,7,476(-4),,,,[西]寺島良,畑佐博,,202005030708
12,8,13,ケイティクレバー,牡5,60,平沢健治,3:29.7,2.1/2,,,,,,3-2-2-4,13.5,4.0,2,470(0),,,,[西]杉山晴紀,瀧本和義,,202005030708
13,8,14,ミュートエアー,牡7,60,山本康志,3:30.0,1.3/4,,,,,,8-8-11-12,13.5,416.9,14,470(0),,,,[東]岩戸孝樹,岡田壮史,,202005030708
14,2,2,シングンオフビート,セ5,60,金子光希,3:30.4,2.1/2,,,,,,11-11-14-14,13.5,25.6,5,432(-18),,,,[東]大江原哲,伊坂重憲,,202005030708
1,1,2,グレートウォリアー,牡5,57,レーン,1:23.1,,**,,,,,4-4,35.8,3.0,1,516(-8),,,,[西]藤原英昭,サンデーレーシング,"1,541.3",202005030709
2,4,7,スリーグランド,牡3,54,太宰啓介,1:23.4,1.3/4,**,,,,,10-9,35.6,4.6,2,464(+4),,,,[西]高橋義忠,永井商事,611.8,202005030709
3,8,16,ホッコーライデン,牡6,57,北村宏司,1:23.6,1.1/4,**,,,,,4-4,36.3,42.5,10,524(-4),,,,[東]松永康利,北幸商事,385.9,202005030709
4,7,13,カミノコ,牡5,57,田中勝春,1:23.9,2,**,,,,,4-4,36.6,21.6,7,462(-6),,,,[西]森秀行,門野重雄,230.0,202005030709
5,7,14,ミッキーハイド,牡5,57,菊沢一樹,1:24.0,クビ,**,,,,,7-7,36.4,55.0,11,502(-14),,,,[東]菊沢隆徳,野田みづき,150.0,202005030709
6,3,6,スズカゴーディー,牡6,57,田辺裕信,1:24.3,1.3/4,**,,,,,15-15,35.8,9.9,5,494(+6),,,,[東]伊藤圭三,永井啓弍,,202005030709
7,6,12,ムーランアンディゴ,牡3,54,丸田恭介,1:24.3,クビ,**,,,,,12-13,36.0,5.7,4,478(0),,,,[東]田中博康,村上卓史,,202005030709
8,8,15,ジゲン,牡3,54,石橋脩,1:24.4,1/2,**,,,,,2-2,37.3,5.6,3,448(+6),,,,[西]浅見秀一,林正道,,202005030709
9,4,8,アイアムピッカピカ,牝4,55,柴田善臣,1:24.5,1/2,**,,,,,2-2,37.4,13.0,6,460(+6),,,,[東]奥平雅士,堀紘一,,202005030709
10,2,3,コスモビスティー,牡5,57,柴田大知,1:24.9,2.1/2,**,,,,,1-1,37.9,168.3,14,478(-6),,,,[東]松山将樹,岡田繁幸,,202005030709
11,2,4,グッドヒューマー,牡6,57,石川裕紀,1:25.5,3.1/2,**,,,,,11-11,37.4,40.2,8,492(+2),,,,[東]高橋裕,ディアレストクラブ,,202005030709
12,5,10,エタニティーワルツ,牡7,57,西田雄一,1:25.7,1,**,,,,,8-9,37.9,496.6,16,498(-2),,,,[東]大和田成,村島昭男,,202005030709
13,6,11,イワネコゴシキ,牡4,57,岩田望来,1:25.9,1.1/4,**,,,,,12-13,37.6,41.7,9,502(-12),,,,[東]小笠倫弘,丸山担,,202005030709
14,1,1,イチゴミルフィーユ,牝4,55,伊藤工真,1:27.0,7,**,,,,,8-7,39.5,200.7,15,444(+2),,,,[東]林徹,保坂和孝,,202005030709
15,5,9,カラリエーヴァ,牝5,55,宮崎北斗,1:27.3,2,**,,,,,12-11,39.1,116.0,13,496(+6),,,,[東]中川公成,天堀忠博,,202005030709
中,3,5,ニシノジャガーズ,セ5,57,岩部純二,,,**,,,,,,,59.3,12,486(-2),,,,[東]萱野浩二,西山茂行,,202005030709
1,5,8,オーシャンビュー,牡7,53,嘉藤貴行,1:46.9,,**,,,,,10-11-11,34.4,188.1,14,458(+2),,,,[東]伊藤伸一,冨沢敦子,"1,532.2",202005030710
2,6,10,アドマイヤシナイ,牡6,54,柴田善臣,1:46.9,アタマ,**,,,,,6-6-6,35.0,17.3,6,454(-2),,,,[東]柄崎孝,近藤旬子,609.2,202005030710
3,5,9,サトノシリウス,牡5,57,レーン,1:46.9,ハナ,**,,,,,8-8-8,34.8,4.0,2,480(-2),,,,[西]藤原英昭,サトミホースカンパニー,384.6,202005030710
4,6,11,コスモインザハート,牡5,53,柴田大知,1:46.9,ハナ,**,,,,,4-4-4,35.2,37.5,11,486(-4),,,,[東]加藤士津,ビッグレッドファーム,230.0,202005030710
5,7,13,ディライトプロミス,牝5,52,岩田望来,1:47.0,1/2,**,,,,,6-7-6,35.0,14.8,4,472(-4),,,,[西]池添学,キャロットファーム,150.0,202005030710
6,8,14,トータルソッカー,牡6,56,江田照男,1:47.0,ハナ,**,,,,,3-3-2,35.5,34.4,10,500(-14),,,,[東]菊川正達,渡邊隆,,202005030710
7,8,15,ノヴェッラ,牝4,52,野中悠太,1:47.0,アタマ,**,,,,,2-2-2,35.5,7.4,3,492(+2),,,,[東]宮田敬介,ゴドルフィン,,202005030710
8,2,3,ミトロジー,牡4,55,三浦皇成,1:47.0,アタマ,**,,,,,10-10-9,34.7,2.0,1,482(-2),,,,[東]尾関知人,シルクレーシング,,202005030710
9,3,4,ブリリアントリリー,牝5,51,菅原明良,1:47.3,1.3/4,**,,,,,4-4-4,35.6,122.8,13,478(+6),,,,[東]新開幸一,ノルマンディーサラブレッドレーシング,,202005030710
10,2,2,ディアシューター,牡6,54,田辺裕信,1:47.4,1/2,**,,,,,12-11-11,34.9,30.7,9,504(+6),,,,[東]高木登,ディアレストクラブ,,202005030710
11,4,6,アルトリウス,セ6,54,北村宏司,1:47.4,ハナ,**,,,,,8-8-9,35.1,28.5,8,466(+4),,,,[東]高橋文雅,Ｇ１レーシング,,202005030710
12,3,5,ミラクルブラッド,牝5,51,吉田豊,1:47.4,ハナ,**,,,,,12-13-11,34.9,28.3,7,460(+10),,,,[東]相沢郁,芹澤精一,,202005030710
13,1,1,アシェット,牝5,51,武士沢友,1:47.7,2,**,,,,,14-14-14,34.9,47.6,12,436(-4),,,,[東]高橋文雅,加藤徹,,202005030710
14,4,7,ジャーミネイト,牡6,55,石橋脩,1:48.6,5,**,,,,,15-15-14,35.8,16.3,5,470(-4),,,,[西]中尾秀正,社台レースホース,,202005030710
15,7,12,ソールライト,牡5,53,石川裕紀,1:49.9,8,**,,,,,1-1-1,38.5,190.1,15,520(+28),,,,[東]蛯名利弘,畑佐博,,202005030710
1,2,2,アシャカトブ,牡4,57,戸崎圭太,1:36.1,,**,,,,,5-7,35.4,5.7,2,500(0),,,,[東]小笠倫弘,吉冨学,"2,228.7",202005030711
2,8,12,バレッティ,セ6,57,横山典弘,1:36.1,クビ,**,,,,,3-2,35.7,6.4,4,506(-2),,,,[東]久保田貴,社台レースホース,888.2,202005030711
3,6,9,ゴルトマイスター,牡4,57,三浦皇成,1:36.1,アタマ,**,,,,,4-6,35.5,8.0,5,558(-6),,,,[東]手塚貴久,ヒダカ・ブリーダーズ・ユニオン,554.1,202005030711
4,7,10,デアフルーグ,牡4,56,石橋脩,1:36.2,クビ,**,,,,,13-10,35.2,14.2,7,512(-6),,,,[東]鈴木伸尋,西森功,330.0,202005030711
5,5,6,コズミックフォース,牡5,56,内田博幸,1:36.4,1.1/4,**,,,,,2-1,36.1,35.9,9,474(-6),,,,[東]国枝栄,サンデーレーシング,220.0,202005030711
6,1,1,ウインユニファイド,牡8,57,石川裕紀,1:36.8,2.1/2,**,,,,,10-10,35.9,50.7,10,518(-6),,,,[西]飯田雄三,ウイン,,202005030711
7,5,7,サンチェサピーク,牡6,57,Ｍ．デム,1:36.9,1/2,**,,,,,7-2,36.5,6.2,3,532(-2),,,,[東]加藤征弘,加藤ステーブル,,202005030711
8,6,8,ハットラブ,牝6,54,菊沢一樹,1:37.0,3/4,**,,,,,9-10,36.0,81.1,12,490(+8),,,,[東]菊沢隆徳,服部邦繁,,202005030711
9,7,11,クロスケ,牡5,57,北村宏司,1:37.2,1.1/4,**,,,,,7-7,36.4,142.7,13,462(+10),,,,[東]水野貴広,助川啓一,,202005030711
10,4,5,ハヤヤッコ,牡4,58,田辺裕信,1:37.2,クビ,**,,,,,10-10,36.2,16.2,8,468(-6),,,,[東]国枝栄,金子真人ホールディングス,,202005030711
11,4,4,レピアーウィット,牡5,57,レーン,1:37.5,1.3/4,**,,,,,10-7,36.8,2.8,1,542(-6),,,,[東]堀宣行,金子真人ホールディングス,,202005030711
12,3,3,トゥザクラウン,牡6,57,岩田望来,1:39.6,大,**,,,,,1-2,39.2,71.1,11,524(-4),,,,[西]池江泰寿,キャロットファーム,,202005030711
13,8,13,スマハマ,牡5,58,津村明秀,1:39.8,1,**,,,,,5-2,39.4,13.2,6,534(+10),,,,[西]中内田充,山紫水明,,202005030711
1,8,16,ウインレフィナード,牡4,57,三浦皇成,1:34.6,,**,,,,,13-12,34.0,17.1,6,448(0),,,,[東]畠山吉宏,ウイン,760.0,202005030712
2,6,12,クィーンビー,牝7,55,野中悠太,1:34.8,1.1/4,**,,,,,9-8,34.4,52.7,11,502(+8),,,,[東]松永康利,和田牧場,300.0,202005030712
3,8,15,マーベラスアゲン,牡4,54,小林凌大,1:34.8,ハナ,**,,,,,7-5,34.6,51.9,10,472(+2),,,,[東]加藤和宏,浅川皓司,190.0,202005030712
4,3,6,モンブランテソーロ,牡4,57,津村明秀,1:34.8,クビ,**,,,,,4-5,34.6,4.3,3,472(+4),,,,[東]田中博康,了徳寺健二ホールディングス,110.0,202005030712
5,4,8,ツルネ,牝3,52,吉田豊,1:34.8,ハナ,**,,,,,9-8,34.4,2.9,1,476(0),,,,[東]高橋文雅,吉井理人,76.0,202005030712
6,4,7,アポロヴィクトリア,牝3,52,木幡巧也,1:34.9,クビ,**,,,,,2-2,34.9,12.5,5,424(+4),,,,[東]岩戸孝樹,アポロサラブレッドクラブ,,202005030712
7,5,9,タイキスウォード,牡3,53,菊沢一樹,1:34.9,ハナ,**,,,,,12-12,34.3,10.9,4,456(+4),,,,[東]高橋祥泰,大樹ファーム,,202005030712
8,7,14,コスモスタック,牡3,54,柴田大知,1:34.9,クビ,**,,,,,4-4,34.8,32.3,8,458(-2),,,,[東]堀井雅広,ビッグレッドファーム,,202005030712
9,5,10,トランスナショナル,牡4,57,田辺裕信,1:35.0,3/4,**,,,,,9-8,34.6,3.6,2,482(0),,,,[東]田村康仁,吉田照哉,,202005030712
10,7,13,スズレジーム,牝6,55,武士沢友,1:35.5,3,**,,,,,2-2,35.5,202.5,15,456(+2),,,,[東]高橋裕,森達郎,,202005030712
11,2,4,クリノイヴァンカ,牝4,53,菅原明良,1:35.6,3/4,**,,,,,13-14,34.6,152.9,14,472(+10),,,,[東]天間昭一,栗本博晴,,202005030712
12,2,3,トライゲッター,セ4,57,井上敏樹,1:35.7,クビ,**,,,,,4-5,35.5,63.6,12,492(+2),,,,[東]伊藤大士,畑佐博,,202005030712
13,3,5,ココロノイコロ,牡5,55,藤田菜七,1:35.9,1.1/4,**,,,,,1-1,36.0,49.0,9,444(-12),,,,[東]高橋義博,海谷幸司,,202005030712
14,1,2,メイクアンシー,牡4,55,木幡育也,1:36.1,1.1/4,**,,,,,15-14,35.2,20.3,7,458(+2),,,,[東]小手川準,チームユッキレーシング,,202005030712
15,6,11,パルスレート,牝4,55,柴田善臣,1:42.0,大,**,,,,,7-8,41.6,112.2,13,468(-17),,,,[東]星野忍,坂本守孝,,202005030712
取,1,1,テルツェット,牝3,52,戸崎圭太,,,**,,,,,,,---,,計不,,,,[東]和田正一,シルクレーシング,,202005030712
1,1,1,ドノスティア,牡3,56,内田博幸,1:38.2,,**,,,,,1-1,37.9,5.3,2,534(-2),,,,[東]大和田成,村野康司,510.0,202005030801
2,7,13,シャイニングブルー,牡3,56,田辺裕信,1:38.4,1.1/2,**,,,,,7-6,37.3,6.9,5,506(-2),,,,[東]国枝栄,嶋田賢,200.0,202005030801
3,2,3,ショウナンマトイ,牡3,56,津村明秀,1:38.5,1/2,**,,,,,4-3,37.7,76.6,13,480(-2),,,,[東]稲垣幸雄,湘南,130.0,202005030801
4,8,16,アンブローニュ,牡3,56,北村宏司,1:38.6,3/4,**,,,,,4-3,37.8,3.9,1,482(+2),,,,[東]根本康広,ノルマンディーサラブレッドレーシング,77.0,202005030801
5,8,15,ムーンダイアローグ,牡3,56,三浦皇成,1:38.8,1,**,,,,,9-10,37.0,6.5,4,456(+2),,,,[東]矢野英一,大塚亮一,51.0,202005030801
6,5,9,ジョイボヌール,牡3,56,江田照男,1:39.3,3,**,,,,,6-6,38.1,25.1,9,468(-8),,,,[東]高橋文雅,石瀬浩三,,202005030801
7,1,2,ロッソビアンコネロ,牡3,56,柴田善臣,1:39.4,クビ,**,,,,,9-8,37.8,34.3,11,500(-4),,,,[東]田島俊明,星野隆男,,202005030801
8,4,7,コンチサエッタ,牡3,55,斎藤新,1:39.5,1/2,**,,,,,11-12,37.3,61.0,12,470(+6),,,,[東]勢司和浩,九十九章之,,202005030801
9,2,4,ラクンパルシータ,牡3,54,木幡育也,1:39.7,1.1/4,**,,,,,14-15,37.1,21.1,8,500(+18),,,,[東]古賀慎明,キャロットファーム,,202005030801
10,6,11,ハイテイブルース,牡3,56,吉田豊,1:39.9,1.1/4,**,,,,,11-11,38.0,31.5,10,484(+2),,,,[東]田島俊明,中地賢次郎,,202005030801
11,3,6,レジリエンスブルー,牡3,56,木幡巧也,1:39.9,クビ,**,,,,,2-2,39.3,13.2,6,466(+2),,,,[東]松山将樹,ＹＧＧホースクラブ,,202005030801
12,3,5,ペイシャバレー,牝3,54,伴啓太,1:41.1,7,**,,,,,11-12,39.0,275.3,16,436(-4),,,,[東]高橋義博,北所直人,,202005030801
13,7,14,ソヨギ,牝3,54,横山典弘,1:42.3,7,**,,,,,3-3,41.4,5.3,3,470(+2),,,,[東]粕谷昌央,海谷幸司,,202005030801
14,4,8,キティマグネット,牡3,55,菊沢一樹,1:42.6,1.3/4,**,,,,,14-14,40.2,190.7,15,502(+22),,,,[東]和田正一,吉岡泰治,,202005030801
15,5,10,コスモケルビン,牡3,55,岩田望来,1:42.6,クビ,**,,,,,7-8,41.0,17.2,7,504(+6),,,,[東]佐藤吉勝,ビッグレッドファーム,,202005030801
16,6,12,ゴールドポディウム,牡3,56,杉原誠人,1:44.6,大,**,,,,,16-16,38.6,90.4,14,504(0),,,,[東]尾関知人,Ｇ１レーシング,,202005030801
1,7,14,ナックジーニアス,牡3,56,田中勝春,2:10.7,,**,,,,,5-6-4-3,36.6,2.9,2,512(0),,,,[東]宗像義忠,小松欣也,510.0,202005030802
2,6,12,マーキュリーセブン,牡3,56,津村明秀,2:10.9,1.1/4,**,,,,,1-1-1-1,37.1,31.6,8,450(+4),,,,[東]加藤士津,ライオンレースホース,200.0,202005030802
3,3,5,ワンダーサーイター,牡3,56,菅原隆一,2:12.3,8,**,,,,,3-3-5-5,38.0,43.4,9,454(+2),,,,[東]畠山吉宏,山本能成,130.0,202005030802
4,2,3,ゲンキチボン,牡3,56,木幡巧也,2:12.4,クビ,**,,,,,9-9-7-6,38.0,20.2,5,488(+2),,,,[東]堀井雅広,荒井元明,77.0,202005030802
5,6,11,ショウナンアクア,牡3,56,吉田豊,2:12.5,3/4,**,,,,,15-15-15-10,37.7,22.6,6,466(0),,,,[東]古賀史生,国本哲秀,51.0,202005030802
6,4,8,グッドリドゥンス,牡3,56,的場勇人,2:12.5,クビ,**,,,,,10-11-13-13,37.6,121.8,13,478(+4),,,,[東]的場均,林勝宗,,202005030802
7,3,6,ジチュダケテソーロ,牡3,56,三浦皇成,2:12.6,3/4,**,,,,,10-10-11-9,38.0,2.4,1,500(+2),,,,[東]加藤士津,了徳寺健二ホールディングス,,202005030802
8,5,10,セイウンクルーズ,牡3,56,内田博幸,2:12.8,1,**,,,,,12-11-7-6,38.4,6.4,3,522(0),,,,[東]武藤善則,西山茂行,,202005030802
9,7,13,エクストラノート,牡3,56,北村宏司,2:13.5,4,**,,,,,2-2-2-2,39.6,28.7,7,476(+16),,,,[東]伊藤圭三,ノルマンディーサラブレッドレーシング,,202005030802
10,5,9,フジサンライボー,牡3,54,藤田菜七,2:13.5,クビ,**,,,,,12-14-16-16,38.2,107.6,12,488(-6),,,,[東]的場均,藤田秀行,,202005030802
11,4,7,シゲルカイオウセイ,牡3,54,菅原明良,2:13.6,1/2,**,,,,,7-7-9-10,38.8,68.7,10,508(-6),,,,[東]田中清隆,森中蕃,,202005030802
12,8,15,エアリアルシティー,牡3,56,岩部純二,2:13.8,1,**,,,,,16-16-9-10,39.1,98.8,11,498(+12),,,,[東]石毛善彦,ミルファーム,,202005030802
13,1,2,エクセルスパイダー,牡3,53,小林凌大,2:13.8,ハナ,**,,,,,7-8-12-15,38.8,262.5,16,488(0),,,,[東]石毛善彦,谷川正純,,202005030802
14,2,4,プルークファーレン,牡3,56,石橋脩,2:14.2,2.1/2,**,,,,,3-3-3-3,40.2,9.0,4,474(-2),,,,[東]中舘英二,吉田照哉,,202005030802
15,8,16,セイカタチバナ,牡3,56,丸田恭介,2:14.7,3,**,,,,,12-13-13-13,39.8,136.6,15,484(+14),,,,[東]南田美知,久米大,,202005030802
16,1,1,ケイツーコルナ,牡3,54,木幡育也,2:16.0,8,**,,,,,5-3-5-6,41.5,123.1,14,494(+6),,,,[東]蛯名利弘,楠本勝美,,202005030802
1,8,16,アドマイヤチャチャ,牝3,54,柴田善臣,1:51.9,,**,,,,,3-2-2,38.5,5.8,3,434(0),,,,[東]柄崎孝,近藤旬子,510.0,202005030803
2,4,7,ラゴンダカフェ,牝3,53,菊沢一樹,1:52.0,1/2,**,,,,,13-12-11,37.0,8.6,5,440(-4),,,,[東]和田勇介,西川光一,200.0,202005030803
3,5,9,リライトザスターズ,牝3,54,田辺裕信,1:52.3,2,**,,,,,9-6-3,38.6,3.7,1,486(-2),,,,[東]尾関知人,飯田良枝,130.0,202005030803
4,3,6,シンドラー,牝3,54,三浦皇成,1:52.3,ハナ,**,,,,,9-9-6,38.3,4.9,2,502(+12),,,,[東]木村哲也,吉田勝己,77.0,202005030803
5,1,1,シラカワカツコ,牝3,54,江田照男,1:52.8,3,**,,,,,16-16-14,37.5,13.1,6,400(+4),,,,[東]伊藤伸一,大久保與志雄,51.0,202005030803
6,3,5,ボンヌシャンス,牝3,54,田中勝春,1:53.1,1.3/4,**,,,,,3-4-4,39.2,23.9,10,482(+6),,,,[東]宗像義忠,高橋文男,,202005030803
7,6,12,コパノカリブ,牝3,53,斎藤新,1:53.2,3/4,**,,,,,1-1-1,39.9,42.9,11,458(0),,,,[東]斎藤誠,小林祥晃,,202005030803
8,2,4,ボウイッシュ,牝3,53,岩田望来,1:53.5,2,**,,,,,7-6-8,39.1,14.7,7,432(0),,,,[東]戸田博文,山岡重行,,202005030803
9,5,10,レディーフラッシュ,牝3,54,杉原誠人,1:53.6,1/2,**,,,,,7-10-9,38.9,125.7,14,476(+6),,,,[東]古賀史生,小林博雄,,202005030803
10,8,15,ヒラボクハーツ,牝3,54,北村宏司,1:53.6,クビ,**,,,,,15-14-15,38.1,21.0,8,484(+16),,,,[東]大竹正博,平田牧場,,202005030803
11,6,11,キャツクレードル,牝3,52,藤田菜七,1:53.7,1/2,**,,,,,11-12-12,38.5,23.5,9,452(+4),,,,[東]佐藤吉勝,石瀬浩三,,202005030803
12,7,14,フローラルキスミー,牝3,51,原優介,1:54.4,4,**,,,,,5-6-7,40.2,132.7,15,432(-6),,,,[東]伊藤大士,高橋正雄,,202005030803
13,4,8,ピースサイン,牝3,51,小林凌大,1:54.5,1/2,**,,,,,5-4-9,39.9,85.9,12,400(0),,,,[東]小西一男,和泉憲一,,202005030803
14,7,13,エナミルク,牝3,54,木幡巧也,1:55.9,8,**,,,,,2-2-4,42.0,6.3,4,484(-4),,,,[東]伊藤大士,宮原廣伸,,202005030803
15,1,2,ルナカリーナ,牝3,52,木幡育也,1:57.8,大,**,,,,,13-10-12,42.6,110.5,13,368(+8),,,,[東]小手川準,江川伸夫,,202005030803
16,2,3,ホークスタントン,牝3,54,宮崎北斗,1:59.1,8,**,,,,,11-14-16,43.2,193.0,16,460(+18),,,,[東]中川公成,永見貴昭,,202005030803
1,8,18,フェスティヴスーリ,牡3,56,江田照男,2:32.3,,**,,,,,9-10-9-10,37.9,105.4,15,474(+4),,,,[東]天間昭一,臼井義太郎,510.0,202005030804
2,3,5,エクセレントラン,牡3,56,柴田善臣,2:33.2,5,**,,,,,14-16-13-12,38.6,8.0,3,472(-4),,,,[東]大江原哲,田畑利彦,200.0,202005030804
3,8,17,マイネルケイローン,牡3,56,宮崎北斗,2:33.2,ハナ,**,,,,,12-12-3-1,39.4,13.7,6,434(0),,,,[東]松永康利,サラブレッドクラブ・ラフィアン,130.0,202005030804
4,1,1,コスモレペティール,牝3,54,津村明秀,2:33.6,2.1/2,**,,,,,4-3-5-5,39.5,20.0,9,426(0),,,,[東]萱野浩二,ビッグレッドファーム,77.0,202005030804
5,1,2,マイネルエルガー,牡3,56,柴田大知,2:33.6,クビ,**,,,,,11-10-11-10,39.2,10.7,4,470(+4),,,,[東]畠山吉宏,サラブレッドクラブ・ラフィアン,51.0,202005030804
6,4,7,ダンスグルーヴィ,牝3,54,田辺裕信,2:33.7,クビ,**,,,,,17-17-16-14,38.9,13.2,5,458(+2),,,,[東]大竹正博,社台レースホース,,202005030804
7,6,11,スターリーゴールド,牡3,56,石橋脩,2:33.7,クビ,**,,,,,5-5-5-2,39.8,4.1,2,462(+4),,,,[東]黒岩陽一,サンデーレーシング,,202005030804
8,2,3,アドラツィオーネ,牝3,54,木幡巧也,2:34.1,2.1/2,**,,,,,14-13-14-12,39.5,92.3,14,480(-6),,,,[東]久保田貴,Ｇ１レーシング,,202005030804
9,6,12,フラッグタワー,セ3,54,菅原明良,2:35.5,8,**,,,,,1-1-1-2,41.7,134.9,16,444(+2),,,,[東]和田正一,スピードファーム,,202005030804
10,4,8,エキスパート,牝3,54,内田博幸,2:35.6,3/4,**,,,,,12-15-17-14,40.8,34.5,12,446(-10),,,,[東]小手川準,京都ホースレーシング,,202005030804
11,3,6,インディードシチー,牡3,53,小林凌大,2:35.7,クビ,**,,,,,18-18-18-18,39.8,181.0,17,498(+4),,,,[東]上原博之,友駿ホースクラブ,,202005030804
12,5,10,プモリテソーロ,牡3,56,戸崎圭太,2:35.9,1.1/2,**,,,,,8-7-7-5,41.7,2.9,1,482(-4),,,,[東]田中博康,了徳寺健二ホールディングス,,202005030804
13,2,4,ロッソビアンコ,牝3,54,北村宏司,2:36.3,2.1/2,**,,,,,9-7-9-5,42.1,32.6,10,442(0),,,,[東]鹿戸雄一,平田修,,202005030804
14,7,14,ボンテンマル,牡3,56,丸田恭介,2:36.7,2.1/2,**,,,,,14-13-14-16,41.7,244.4,18,440(+4),,,,[東]尾形和幸,高橋文男,,202005030804
15,7,13,フジマサヒーロー,牡3,56,野中悠太,2:37.3,3.1/2,**,,,,,7-7-7-5,43.1,16.1,7,474(-2),,,,[東]菊川正達,藤原正一,,202005030804
16,5,9,デルマダイヤモンド,牡3,55,岩田望来,2:37.3,ハナ,**,,,,,5-5-11-17,42.0,74.1,13,452(+6),,,,[東]戸田博文,浅沼廣幸,,202005030804
17,8,16,アネモネテソーロ,牝3,52,木幡育也,2:38.4,7,**,,,,,3-3-3-4,44.4,33.8,11,482(-2),,,,[東]高木登,了徳寺健二ホールディングス,,202005030804
18,7,15,クロスキー,セ3,56,三浦皇成,2:39.3,5,**,,,,,2-2-2-5,45.2,16.6,8,520(-6),,,,[東]国枝栄,キャロットファーム,,202005030804
1,2,3,ロードマックス,牡2,53,岩田望来,1:39.9,,**,,,,,1-1,37.8,4.8,2,450(0),,,,[西]藤原英昭,ロードホースクラブ,700.0,202005030805
2,6,12,ミッキーワクチン,牡2,54,横山典弘,1:40.3,2.1/2,**,,,,,2-2,38.1,14.8,6,502(0),,,,[東]菊沢隆徳,野田みづき,280.0,202005030805
3,1,2,コスモカルティエ,牡2,54,柴田大知,1:40.3,クビ,**,,,,,6-5,37.8,14.3,5,448(0),,,,[東]武藤善則,ビッグレッドファーム,180.0,202005030805
4,7,13,コウソクカレン,牝2,53,斎藤新,1:40.6,1.1/2,**,,,,,4-2,38.3,6.0,3,498(0),,,,[東]中舘英二,野崎昭夫,110.0,202005030805
5,8,16,ディアマンテール,牡2,54,三浦皇成,1:40.7,3/4,**,,,,,4-5,38.2,2.7,1,476(0),,,,[東]国枝栄,サンデーレーシング,70.0,202005030805
6,5,10,リーブラテソーロ,牡2,52,木幡育也,1:40.7,クビ,**,,,,,3-2,38.4,24.0,7,456(0),,,,[東]加藤士津,了徳寺健二ホールディングス,,202005030805
7,6,11,ヴォワドアンジェ,牝2,54,石橋脩,1:40.8,1/2,**,,,,,10-7,38.2,30.3,8,456(0),,,,[西]中竹和也,ノースヒルズ,,202005030805
8,3,6,ミュラッカ,牡2,54,北村宏司,1:40.9,1/2,**,,,,,12-7,38.3,8.3,4,488(0),,,,[東]高木登,Ｇ１レーシング,,202005030805
9,4,8,ジョブックルーチェ,牝2,53,菊沢一樹,1:41.1,1.1/4,**,,,,,9-10,38.1,56.3,13,456(0),,,,[東]小桧山悟,萩本企画,,202005030805
10,8,15,エーアイ,牡2,54,野中悠太,1:41.7,3.1/2,**,,,,,8-10,38.8,53.6,11,434(0),,,,[東]佐藤吉勝,サンコウ牧場,,202005030805
11,7,14,フェミニンルック,牝2,54,木幡巧也,1:41.8,1/2,**,,,,,10-12,38.5,39.4,9,400(0),,,,[東]牧光二,社台レースホース,,202005030805
12,4,7,レモンソーダ,牝2,52,藤田菜七,1:42.2,2.1/2,**,,,,,13-13,38.3,40.0,10,424(0),,,,[東]石毛善彦,田頭勇貴,,202005030805
13,3,5,トーセンジェイク,牡2,54,吉田豊,1:42.3,3/4,**,,,,,6-7,39.7,53.8,12,486(0),,,,[東]本間忍,島川隆哉,,202005030805
14,1,1,ジャストビフォー,牡2,54,江田照男,1:43.6,8,**,,,,,14-14,38.7,86.4,14,446(0),,,,[東]田村康仁,山口裕介,,202005030805
15,2,4,チェリーピッキング,牡2,51,小林凌大,1:46.3,大,**,,,,,15-15,39.3,152.0,15,406(0),,,,[東]尾形和幸,古賀慎一,,202005030805
除,5,9,エコロカナワン,牡2,52,菅原明良,,,**,,,,,,,---,,480(0),,,,[東]武市康男,原村正紀,,202005030805
1,6,11,ニーヨル,牡2,54,柴田大知,1:25.6,,**,,,,,3-3,36.8,7.9,4,466(0),,,,[東]畠山吉宏,グランデオーナーズ,700.0,202005030806
2,5,10,ベネフィサンス,牝2,54,内田博幸,1:25.9,2,**,,,,,2-2,37.3,3.6,1,470(0),,,,[東]黒岩陽一,ゴドルフィン,280.0,202005030806
3,7,13,ミエノムガール,牡2,54,木幡巧也,1:26.1,1.1/4,**,,,,,6-5,36.7,8.6,5,486(0),,,,[東]国枝栄,里見美惠子,180.0,202005030806
4,5,9,ニシノミズカゼ,牝2,54,田辺裕信,1:26.4,1.1/2,**,,,,,1-1,37.9,5.4,2,468(0),,,,[東]伊藤圭三,西山茂行,110.0,202005030806
5,7,14,トペコンヒーロ,牡2,54,北村宏司,1:27.1,4,**,,,,,6-7,37.2,17.9,7,458(0),,,,[東]勢司和浩,細川智恵子,70.0,202005030806
6,2,4,トーセンパトリック,牡2,51,小林凌大,1:28.2,7,**,,,,,12-11,37.8,127.0,16,496(0),,,,[東]土田稔,島川隆哉,,202005030806
7,4,7,マイネルデルフト,牡2,54,津村明秀,1:28.4,1.1/4,**,,,,,11-8,38.3,32.5,10,460(0),,,,[東]中野栄治,サラブレッドクラブ・ラフィアン,,202005030806
8,1,1,タイセイコマンド,牡2,54,武士沢友,1:28.6,1.1/4,**,,,,,13-13,37.8,6.1,3,474(0),,,,[東]青木孝文,田中成奉,,202005030806
9,1,2,タカチホ,牝2,52,菅原明良,1:28.6,アタマ,**,,,,,6-8,38.5,34.4,11,466(0),,,,[東]尾形和幸,高橋文男,,202005030806
10,4,8,シグナステソーロ,牡2,54,三浦皇成,1:28.8,1.1/2,**,,,,,4-4,39.9,16.2,6,476(0),,,,[東]加藤士津,了徳寺健二ホールディングス,,202005030806
11,3,6,ベストシーズン,牝2,54,野中悠太,1:28.9,1/2,**,,,,,9-8,38.7,76.8,14,430(0),,,,[東]菊川正達,プレミアムレースホース,,202005030806
12,3,5,エリカルーチェ,牝2,53,岩田望来,1:29.2,1.1/2,**,,,,,5-5,39.7,28.4,9,470(0),,,,[東]国枝栄,三木正浩,,202005030806
13,2,3,メイショウイッコン,牝2,54,秋山真一,1:29.2,クビ,**,,,,,16-15,37.2,50.2,13,432(0),,,,[西]高橋亮,松本好雄,,202005030806
14,8,16,スタンドバイユー,牡2,52,藤田菜七,1:29.5,1.3/4,**,,,,,9-12,38.9,47.4,12,436(0),,,,[東]稲垣幸雄,堀口晴男,,202005030806
15,8,15,サンランシング,牝2,54,田中勝春,1:29.6,3/4,**,,,,,15-15,37.6,98.7,15,466(0),,,,[東]新開幸一,加藤ステーブル,,202005030806
16,6,12,ワイワイライリー,牡2,54,嘉藤貴行,1:29.8,1.1/4,**,,,,,14-14,38.4,28.3,8,466(0),,,,[東]田中清隆,山田泰司,,202005030806
1,6,12,ルコントブルー,牝3,52,戸崎圭太,1:36.4,,**,,,,,3-3,36.4,3.4,2,536(-2),,,,[東]勢司和浩,シルクレーシング,760.0,202005030807
2,6,11,フレンドアリス,牝5,55,内田博幸,1:36.4,クビ,**,,,,,2-2,36.7,69.2,11,458(+2),,,,[東]南田美知,横尾晴人,300.0,202005030807
3,5,9,ニーズヘッグ,牝3,52,横山典弘,1:37.0,3.1/2,**,,,,,6-5,36.7,1.8,1,476(-2),,,,[東]小野次郎,ＹＧＧホースクラブ,190.0,202005030807
4,7,14,ギャラクシーソウル,牝3,51,斎藤新,1:37.5,3,**,,,,,9-8,37.0,18.0,5,452(+6),,,,[東]斎藤誠,吉田安惠,110.0,202005030807
5,8,15,プリンサン,牝3,51,菊沢一樹,1:37.5,ハナ,**,,,,,9-8,37.0,74.6,12,422(0),,,,[東]伊藤圭三,是枝浩平,76.0,202005030807
6,1,2,レッドヴァール,牝5,55,三浦皇成,1:37.6,クビ,**,,,,,3-3,37.5,8.2,3,482(+16),,,,[東]鹿戸雄一,東京ホースレーシング,,202005030807
7,7,13,セイウンシェリー,牝4,54,岩田望来,1:37.7,3/4,**,,,,,14-14,36.6,64.5,9,440(+2),,,,[東]武藤善則,西山茂行,,202005030807
8,8,16,スイーツビュッフェ,牝4,55,津村明秀,1:37.9,1.1/4,**,,,,,11-11,37.1,13.9,4,490(0),,,,[東]中川公成,ＹＧＧホースクラブ,,202005030807
9,2,3,チェインストーリー,牝3,50,木幡育也,1:38.0,1/2,**,,,,,6-6,37.6,44.6,7,506(-2),,,,[東]大江原哲,吉田照哉,,202005030807
10,1,1,コンスタンティナ,牝4,55,江田照男,1:38.2,1,**,,,,,15-14,37.1,66.1,10,496(-2),,,,[東]中野栄治,山本三津子,,202005030807
11,3,6,ジェイエルフラッグ,牝4,52,小林凌大,1:38.3,1/2,**,,,,,15-16,37.1,214.1,15,446(+4),,,,[東]小西一男,橋元幸人,,202005030807
12,3,5,ミツカネラクリス,牝4,55,嘉藤貴行,1:38.8,3,**,,,,,8-10,38.2,48.1,8,490(+22),,,,[東]田島俊明,小山田満,,202005030807
13,4,8,ココラ,牝3,50,藤田菜七,1:38.8,クビ,**,,,,,1-1,39.1,20.4,6,454(+4),,,,[東]大和田成,田中純一,,202005030807
14,2,4,タイセイプルミエ,牝3,52,木幡巧也,1:39.0,1.1/4,**,,,,,11-11,38.2,85.2,13,470(-3),,,,[東]青木孝文,田中成奉,,202005030807
15,4,7,アレグレモエティー,牝4,55,武士沢友,1:39.2,1,**,,,,,11-13,38.3,261.2,16,464(-6),,,,[東]本間忍,斉藤等,,202005030807
16,5,10,フローズンナイト,牝4,52,原優介,1:40.3,7,**,,,,,5-6,39.9,162.9,14,496(+8),,,,[東]伊藤大士,ライオンレースホース,,202005030807
1,5,5,サペラヴィ,牡3,54,石橋脩,2:02.9,,**,,,,,5-6-7,36.6,6.7,4,466(+16),,,,[東]相沢郁,伊達敏明,760.0,202005030808
2,8,8,ディアセオリー,牡3,54,三浦皇成,2:03.1,1.1/4,**,,,,,8-6-4,37.2,2.5,1,488(+2),,,,[東]高木登,ディアレストクラブ,300.0,202005030808
3,4,4,マイネルソラス,牡3,54,柴田大知,2:04.0,5,**,,,,,3-3-2,38.2,5.3,3,460(0),,,,[東]和田正一,サラブレッドクラブ・ラフィアン,190.0,202005030808
4,3,3,ピンシェル,牡4,57,吉田豊,2:04.4,2.1/2,**,,,,,5-5-6,38.3,4.6,2,516(-12),,,,[東]高橋文雅,岩崎伸道,110.0,202005030808
5,2,2,レッドペルーシュ,牝3,50,木幡育也,2:04.5,クビ,**,,,,,9-9-9,37.6,9.3,5,406(-2),,,,[東]宗像義忠,東京ホースレーシング,76.0,202005030808
6,8,9,ナリノモンターニュ,牡3,54,津村明秀,2:04.7,1.1/4,**,,,,,4-4-4,38.8,12.7,7,498(+6),,,,[東]上原博之,成塚清志,,202005030808
7,7,7,ホウオウビクトリー,牡4,56,斎藤新,2:05.8,7,**,,,,,2-2-1,40.1,34.5,8,478(+6),,,,[東]斎藤誠,小笹芳央,,202005030808
8,6,6,ラウドアンドクリア,牡3,54,田辺裕信,2:06.5,4,**,,,,,7-8-8,39.8,12.5,6,520(+2),,,,[東]加藤征弘,ゴドルフィン,,202005030808
9,1,1,スースー,牝4,53,藤田菜七,2:07.1,3.1/2,**,,,,,1-1-2,41.3,50.7,9,428(+4),,,,[東]大和田成,田中純一,,202005030808
1,8,15,グトルフォス,牡4,57,田辺裕信,1:35.6,,**,,,,,10-11,35.8,10.8,5,526(+10),,,,[西]浅見秀一,林正道,"1,540.6",202005030809
2,6,12,トーセンヴィータ,牡5,57,内田博幸,1:35.7,1/2,**,,,,,4-3,36.5,13.2,6,544(+2),,,,[東]古賀慎明,島川隆哉,611.6,202005030809
3,7,13,バクハツ,牡5,57,秋山真一,1:35.7,クビ,**,,,,,7-5,36.3,52.0,10,506(+2),,,,[西]小崎憲,キーファーズ,385.8,202005030809
4,3,5,オーケストラ,セ5,57,斎藤新,1:35.8,クビ,**,,,,,2-2,36.8,27.9,7,494(-4),,,,[東]斎藤誠,原禮子,230.0,202005030809
5,3,6,テイエムグッドマン,牡6,57,北村宏司,1:35.8,クビ,**,,,,,3-3,36.7,7.8,4,490(-4),,,,[西]武英智,竹園正繼,150.0,202005030809
6,5,10,ヤマニンバンタジオ,セ6,57,嘉藤貴行,1:35.8,アタマ,**,,,,,11-8,36.1,168.7,14,542(+4),,,,[東]田島俊明,土井肇,,202005030809
7,2,4,ダイワドノヴァン,牡6,57,野中悠太,1:36.4,3.1/2,**,,,,,11-12,36.5,6.3,2,540(+8),,,,[東]池上昌和,大城敬三,,202005030809
8,8,16,オノリス,牡5,57,石橋脩,1:36.4,ハナ,**,,,,,8-8,36.8,7.4,3,518(+6),,,,[西]吉田直弘,キャロットファーム,,202005030809
9,4,7,ダノンハイパワー,牡6,57,横山典弘,1:36.8,2,**,,,,,16-16,35.8,31.7,8,508(-6),,,,[東]菊沢隆徳,ダノックス,,202005030809
10,5,9,ジョガールボニート,牡4,57,吉田豊,1:36.8,アタマ,**,,,,,4-5,37.4,84.9,11,474(+6),,,,[東]相沢郁,高瀬真尚,,202005030809
11,4,8,ニュートンテソーロ,牡3,54,戸崎圭太,1:36.8,アタマ,**,,,,,13-12,36.9,1.9,1,480(-4),,,,[東]田中博康,了徳寺健二ホールディングス,,202005030809
12,6,11,オールウェイズゼア,牡6,57,蛯名正義,1:37.2,2.1/2,**,,,,,14-14,36.9,239.7,16,478(0),,,,[東]伊藤伸一,グリーンスウォード,,202005030809
13,2,3,カシノブレンド,セ4,57,西田雄一,1:37.7,3,**,,,,,8-8,38.1,101.6,12,448(+2),,,,[東]蛯名利弘,柏木務,,202005030809
14,7,14,ラムセスバローズ,牡5,57,三浦皇成,1:38.1,2.1/2,**,,,,,15-15,37.4,38.4,9,516(+8),,,,[西]斉藤崇史,猪熊広次,,202005030809
15,1,2,ヤマニンリュシオル,牝5,55,伊藤工真,1:38.5,2.1/2,**,,,,,4-5,39.1,179.3,15,492(+16),,,,[東]蛯名利弘,土井肇,,202005030809
16,1,1,シュプリームゾーン,牡6,57,津村明秀,1:38.5,クビ,**,,,,,1-1,39.5,125.2,13,514(-6),,,,[西]高柳大輔,村上憲政,,202005030809
1,7,13,ボッケリーニ,牡4,57,戸崎圭太,1:49.8,,**,,,,,2-4-2,35.9,3.3,2,454(0),,,,[西]池江泰寿,金子真人ホールディングス,"1,855.7",202005030810
2,5,9,ロザムール,牝4,55,北村宏司,1:49.9,1/2,**,,,,,1-1-1,36.3,12.1,5,486(+6),,,,[東]上原博之,栗山良子,740.2,202005030810
3,4,7,モンテグロッソ,牡5,57,杉原誠人,1:49.9,クビ,**,,,,,7-7-5,35.7,26.8,9,502(+2),,,,[東]木村哲也,ゴドルフィン,465.1,202005030810
4,4,8,トラストケンシン,牡5,57,江田照男,1:50.2,2,**,,,,,13-16-15,35.0,23.4,7,462(+6),,,,[東]高橋文雅,菅波立知子,270.0,202005030810
5,8,15,ロライマ,セ7,57,斎藤新,1:50.3,クビ,**,,,,,9-10-8,35.9,53.5,14,456(0),,,,[西]松田国英,社台レースホース,182.0,202005030810
6,6,12,ハンターバレー,牡4,57,丸田恭介,1:50.5,1.1/4,**,,,,,13-14-14,35.5,49.7,12,488(-4),,,,[東]宗像義忠,村木隆,,202005030810
7,3,5,オーヴォドーロ,牝5,55,横山典弘,1:50.5,ハナ,**,,,,,2-2-2,36.5,46.1,11,468(-2),,,,[東]久保田貴,レッドマジック,,202005030810
8,5,10,サトノケンシロウ,牡7,57,秋山真一,1:50.6,3/4,**,,,,,11-11-12,35.9,66.8,15,474(0),,,,[西]池江泰寿,サトミホースカンパニー,,202005030810
9,2,3,キングリッド,牡6,57,蛯名正義,1:50.7,1/2,**,,,,,9-9-8,36.3,78.7,16,452(-2),,,,[東]池上昌和,吉田安惠,,202005030810
10,7,14,レッドベルディエス,牝4,55,三浦皇成,1:50.8,1/2,**,,,,,5-5-5,36.6,11.6,4,466(+6),,,,[東]鹿戸雄一,東京ホースレーシング,,202005030810
11,3,6,ゴールドスミス,セ6,57,津村明秀,1:51.0,1.1/4,**,,,,,5-5-5,36.8,6.2,3,522(+4),,,,[東]高柳瑞樹,ゴドルフィン,,202005030810
12,8,16,マイネルラフレシア,牡7,57,野中悠太,1:51.2,1,**,,,,,15-11-11,36.6,50.1,13,474(-2),,,,[東]高橋裕,サラブレッドクラブ・ラフィアン,,202005030810
13,6,11,ドラグーンシチー,牡5,57,荻野極,1:51.5,1.3/4,**,,,,,2-2-2,37.6,16.6,6,504(+10),,,,[西]北出成人,友駿ホースクラブ,,202005030810
14,1,1,アイスフィヨルド,牡5,57,内田博幸,1:52.2,4,**,,,,,7-7-8,37.8,43.6,10,450(+2),,,,[東]武藤善則,佐々木雄二,,202005030810
15,2,4,グロンディオーズ,牡5,57,木幡育也,1:52.3,3/4,**,,,,,15-15-15,37.2,24.4,8,558(+28),,,,[東]田村康仁,サンデーレーシング,,202005030810
16,1,2,ニシノカツナリ,牡4,57,田辺裕信,1:52.7,2.1/2,**,,,,,12-13-12,37.9,3.2,1,484(+8),,,,[東]水野貴広,西山茂行,,202005030810
1,1,1,アルーシャ,牝5,54,戸崎圭太,1:23.4,,**,,,,,12-6,35.5,8.5,5,450(+8),,,,[東]藤沢和雄,サンデーレーシング,"2,534.3",202005030811
2,3,5,レインボーフラッグ,牡7,54,岩田望来,1:23.5,1/2,**,,,,,11-11,35.3,16.9,9,468(0),,,,[西]小崎憲,グリーンファーム,"1,009.8",202005030811
3,3,6,ストーミーシー,牡7,56.5,田辺裕信,1:23.8,1.3/4,**,,,,,5-4,36.1,4.5,1,552(0),,,,[東]斎藤誠,ミルファーム,634.9,202005030811
4,7,14,アンリミット,牝5,52,城戸義政,1:23.8,ハナ,**,,,,,2-3,36.3,6.5,2,488(-2),,,,[西]清水久詞,前原敏行,380.0,202005030811
5,2,3,アマルフィコースト,牝5,53,蛯名正義,1:23.8,クビ,**,,,,,2-2,36.4,9.2,6,468(-10),,,,[西]牧田和弥,社台レースホース,250.0,202005030811
6,6,12,グランドロワ,牡6,55,三浦皇成,1:23.8,クビ,**,,,,,1-1,37.2,8.0,4,498(-2),,,,[西]鈴木孝志,田畑利彦,,202005030811
7,6,11,ワンアフター,牡7,54,北村宏司,1:23.9,クビ,**,,,,,12-13,35.5,30.4,11,472(-4),,,,[西]西村真幸,薪浦亨,,202005030811
8,8,16,スマートオーディン,牡7,57,秋山真一,1:23.9,クビ,**,,,,,15-15,35.2,9.5,7,504(-8),,,,[西]池江泰寿,大川徹,,202005030811
9,5,9,ゴールドサーベラス,牡8,53,菅原明良,1:24.1,1.1/4,**,,,,,7-11,35.9,69.9,14,450(+6),,,,[東]清水英克,田頭勇貴,,202005030811
10,2,4,ボンセルヴィーソ,牡6,55,木幡巧也,1:24.1,クビ,**,,,,,4-4,36.4,7.0,3,484(-4),,,,[西]池添学,名古屋友豊,,202005030811
11,4,8,キョウヘイ,牡6,55,武士沢友,1:24.1,ハナ,**,,,,,14-6,36.2,14.2,8,454(-2),,,,[西]宮本博,瀬谷隆雄,,202005030811
12,4,7,メイショウケイメイ,牝4,51,菊沢一樹,1:24.3,1,**,,,,,15-15,35.6,98.3,15,434(+12),,,,[西]南井克巳,松本好雄,,202005030811
13,5,10,ショウナンライズ,牡7,55,内田博幸,1:24.5,1.1/4,**,,,,,7-6,36.5,20.4,10,466(-10),,,,[東]上原博之,国本哲秀,,202005030811
14,1,2,トウショウピスト,牡8,53,江田照男,1:24.8,1.3/4,**,,,,,7-6,36.8,68.7,13,490(+6),,,,[東]土田稔,トウショウ産業,,202005030811
15,7,13,ボールライトニング,牡7,54,田中勝春,1:25.1,2,**,,,,,10-13,36.6,168.3,16,514(-10),,,,[西]宮本博,グリーンファーム,,202005030811
16,8,15,ムーンクエイク,セ7,56,木幡育也,1:25.2,クビ,**,,,,,5-6,37.3,38.7,12,518(+6),,,,[東]藤沢和雄,キャロットファーム,,202005030811
1,5,9,アキノスマート,牡3,54,横山典弘,1:23.5,,**,,,,,3-3,35.9,1.7,1,498(-2),,,,[東]田中剛,穐吉正孝,760.0,202005030812
2,7,13,ネヴァタップアウト,牡3,54,津村明秀,1:23.8,2,**,,,,,2-2,36.5,4.8,2,510(+4),,,,[東]鈴木伸尋,西森功,300.0,202005030812
3,5,10,ファイヴレター,牡3,52,木幡育也,1:24.1,1.3/4,**,,,,,10-10,35.8,9.4,3,442(-2),,,,[東]佐藤吉勝,熊坂俊一,190.0,202005030812
4,6,12,ブライティアランド,牝3,49,原優介,1:24.1,クビ,**,,,,,1-1,36.9,49.0,8,460(-2),,,,[東]武井亮,小林昌志,110.0,202005030812
5,2,3,ホーカスポーカス,牡5,55,藤田菜七,1:24.2,クビ,**,,,,,14-14,35.6,12.8,5,438(+2),,,,[東]根本康広,平賀久枝,76.0,202005030812
6,1,1,ペイシャリルキス,セ4,55,菅原明良,1:24.2,クビ,**,,,,,6-5,36.4,49.5,9,494(+12),,,,[東]本間忍,北所直人,,202005030812
7,7,14,インウィクトス,牡3,54,田辺裕信,1:24.3,3/4,**,,,,,12-12,35.9,9.7,4,452(-2),,,,[東]小桧山悟,加藤厚子,,202005030812
8,3,6,エヌワイパフューム,牝4,55,北村宏司,1:24.5,1.1/4,**,,,,,11-10,36.2,76.0,11,508(0),,,,[東]武井亮,サンアンドコム,,202005030812
9,4,8,リネンコジーン,牡5,57,吉田豊,1:24.6,クビ,**,,,,,12-13,36.1,106.7,12,490(-2),,,,[東]南田美知,戸山光男,,202005030812
10,4,7,チェスナットロール,牝3,52,内田博幸,1:24.6,アタマ,**,,,,,4-3,37.1,16.1,6,444(0),,,,[東]浅野洋一,田頭勇貴,,202005030812
11,8,16,サノハニー,牝3,51,斎藤新,1:24.7,クビ,**,,,,,8-7,36.5,39.6,7,470(0),,,,[東]中野栄治,佐野信幸,,202005030812
12,8,15,デザートトリップ,牡6,57,的場勇人,1:25.6,5,**,,,,,7-7,37.5,122.9,13,494(+14),,,,[東]的場均,長谷川守正,,202005030812
13,2,4,アントニウス,牡3,51,小林脩斗,1:25.6,クビ,**,,,,,8-7,37.5,189.3,14,458(+6),,,,[東]久保田貴,中西純穂,,202005030812
14,3,5,ネイビーアッシュ,牝5,54,岩田望来,1:25.7,クビ,**,,,,,4-5,37.9,50.1,10,492(+2),,,,[東]萩原清,吉田勝己,,202005030812
取,1,2,コウソクスピード,牡3,54,戸崎圭太,,,**,,,,,,,---,,計不,,,,[東]中舘英二,野崎昭夫,,202005030812
除,6,11,ミヤケ,牡4,57,田中勝春,,,**,,,,,,,---,,486(+2),,,,[東]和田勇介,小林祥晃,,202005030812
1,4,7,オイデヤスダイジン,牝3,54,伊藤工真,1:13.3,,**,,,,,5-5,38.9,3.6,2,460(+2),,,,[東]金成貴史,ニットー商事,510.0,202006010101
2,1,1,グルアーブ,牝3,54,柴田善臣,1:13.3,クビ,**,,,,,12-11,38.0,17.2,5,432(+4),,,,[東]林徹,ノルマンディーサラブレッドレーシング,200.0,202006010101
3,2,3,トーレスデルパイネ,牝3,54,岩部純二,1:13.7,2.1/2,**,,,,,9-9,38.7,199.0,12,458(0),,,,[東]萱野浩二,ミルファーム,130.0,202006010101
4,3,6,デュープス,牝3,54,武士沢友,1:13.8,クビ,**,,,,,6-6,39.2,50.4,8,418(0),,,,[東]星野忍,内田玄祥,77.0,202006010101
5,6,12,ディヴィニティ,牝3,54,マーフィ,1:13.8,クビ,**,,,,,4-4,39.7,1.6,1,536(-2),,,,[東]加藤征弘,Ｊ．ウー,51.0,202006010101
6,7,13,ノヘア,牝3,54,北村宏司,1:13.9,クビ,**,,,,,2-3,39.9,74.3,9,428(+8),,,,[東]伊藤大士,ニッシンホールディングス,,202006010101
7,7,14,エクメディノツルギ,牝3,54,内田博幸,1:14.2,2,**,,,,,6-8,39.6,121.7,11,424(0),,,,[東]深山雅史,橋本慎太郎,,202006010101
8,3,5,シンキングアイル,牝3,52,菅原明良,1:14.4,1.1/4,**,,,,,12-13,39.1,82.2,10,460(-2),,,,[東]武市康男,佐藤雄司,,202006010101
9,5,10,ラヴアンドゲーム,牝3,54,大野拓弥,1:14.7,2,**,,,,,2-2,40.7,28.8,6,434(0),,,,[東]畠山吉宏,社台レースホース,,202006010101
10,5,9,サノレーヌ,牝3,51,藤田菜七,1:14.8,1/2,**,,,,,1-1,40.9,9.5,3,438(0),,,,[東]尾形和幸,佐野信幸,,202006010101
11,2,4,セルレア,牝3,53,菊沢一樹,1:14.9,1/2,**,,,,,6-6,40.2,14.5,4,464(+10),,,,[東]菊沢隆徳,パニオロ,,202006010101
12,1,2,スルーザリミッツ,牝3,54,三浦皇成,1:14.9,ハナ,**,,,,,16-15,39.3,31.4,7,424(-4),,,,[東]高柳瑞樹,岡田牧雄,,202006010101
13,8,15,ラブカワールド,牝3,51,小林凌大,1:15.3,2,**,,,,,15-16,39.9,474.2,15,436(+4),,,,[東]蛯名利弘,増田陽一,,202006010101
14,8,16,シラカワカツコ,牝3,51,山田敬士,1:15.4,3/4,**,,,,,9-10,40.4,233.1,13,404(+4),,,,[東]伊藤伸一,大久保與志雄,,202006010101
15,4,8,イズジョーボヌール,牝3,54,菅原隆一,1:15.6,1.1/2,**,,,,,12-13,40.3,561.3,16,450(+2),,,,[東]石栗龍彦,泉一郎,,202006010101
16,6,11,コトブキノニ,牝3,54,横山和生,1:16.2,3.1/2,**,,,,,9-11,41.2,392.6,14,482(+18),,,,[東]佐藤吉勝,江川伸夫,,202006010101
1,4,7,リッターシュラーク,牡3,56,横山典弘,1:56.8,,**,,,,,11-12-15-8,39.0,5.9,3,490(+2),,,,[東]中川公成,西森功,510.0,202006010102
2,1,2,ブリジャール,牡3,56,マーフィ,1:56.8,クビ,**,,,,,7-6-4-3,40.2,1.5,1,494(-2),,,,[東]加藤征弘,シルクレーシング,200.0,202006010102
3,8,16,ジーマックス,牡3,56,松岡正海,1:57.4,3.1/2,**,,,,,3-5-4-4,40.8,5.0,2,536(+8),,,,[東]中舘英二,佐野信幸,130.0,202006010102
4,2,3,トキメキナイス,牡3,56,江田照男,1:57.7,1.3/4,**,,,,,14-13-12-9,40.0,153.8,9,462(-4),,,,[東]佐藤吉勝,片岡正雄,77.0,202006010102
5,5,10,ドロス,牡3,56,木幡巧也,1:57.7,ハナ,**,,,,,9-9-7-4,40.8,14.7,4,500(+4),,,,[東]新開幸一,外池榮一郎,51.0,202006010102
6,7,13,トリプルシックス,牝3,54,横山和生,1:58.0,1.3/4,**,,,,,2-2-2-1,41.8,32.9,7,466(0),,,,[東]古賀史生,西森功,,202006010102
7,6,12,セイウンヒロイン,牝3,54,大野拓弥,1:58.2,1.1/4,**,,,,,6-6-4-7,41.6,18.8,5,510(+2),,,,[東]奥平雅士,西山茂行,,202006010102
8,1,1,ジョウハリ,牡3,56,勝浦正樹,1:59.6,9,**,,,,,11-11-10-11,42.2,234.0,11,432(-10),,,,[東]田島俊明,林弘之,,202006010102
9,4,8,エリンクロノス,牡3,54,木幡育也,2:00.2,3.1/2,**,,,,,3-3-3-6,43.8,263.5,12,508(0),,,,[東]大江原哲,田頭勇貴,,202006010102
10,5,9,ラインキャンドル,牝3,54,武藤雅,2:00.6,2.1/2,**,,,,,7-8-9-9,43.4,396.9,14,476(-2),,,,[東]水野貴広,大澤繁昌,,202006010102
11,6,11,スズベルベット,牝3,54,三浦皇成,2:01.3,4,**,,,,,1-1-1-2,45.2,27.1,6,518(+2),,,,[東]高橋裕,森達郎,,202006010102
12,8,15,シゲルカメレオンザ,牡3,55,菊沢一樹,2:01.4,クビ,**,,,,,13-13-12-14,43.8,533.9,16,472(+4),,,,[東]和田勇介,森中蕃,,202006010102
13,7,14,サンタラハシー,牝3,53,野中悠太,2:02.8,9,**,,,,,9-10-12-15,45.1,109.2,8,472(+4),,,,[東]上原博之,加藤ステーブル,,202006010102
14,3,6,エスケイサムソン,牡3,56,岩部純二,2:03.0,1,**,,,,,16-16-16-16,44.0,385.7,13,444(+8),,,,[東]石毛善彦,伊藤輔則,,202006010102
15,3,5,ヒロノホマレボシ,牡3,53,山田敬士,2:03.1,3/4,**,,,,,14-15-10-11,45.7,482.7,15,442(+20),,,,[東]蛯名利弘,小野博郷,,202006010102
16,2,4,ティンパニ,牡3,56,宮崎北斗,2:04.9,大,**,,,,,5-4-7-13,47.9,212.7,10,506(0),,,,[東]粕谷昌央,池田草龍,,202006010102
1,8,15,サザンレインボー,牡3,56,丸山元気,1:12.1,,**,,,,,1-1,37.3,3.9,3,542(+22),,,,[東]高柳瑞樹,キャロットファーム,510.0,202006010103
2,3,6,シルバージャック,牡3,53,藤田菜七,1:12.4,1.3/4,**,,,,,3-2,37.4,3.1,2,492(-2),,,,[東]和田正一,阿津昌弘,200.0,202006010103
3,8,16,ゼンダンロマン,牡3,56,松岡正海,1:13.7,8,**,,,,,11-9,38.0,77.5,9,452(0),,,,[東]藤原辰雄,渡邊善男,130.0,202006010103
4,1,1,バルドダンサー,牡3,56,原田和真,1:13.8,3/4,**,,,,,6-4,38.5,14.4,5,460(+4),,,,[東]和田雄二,コスモヴューファーム,77.0,202006010103
5,2,3,クリアミッション,牡3,56,大庭和弥,1:14.0,1.1/4,**,,,,,9-9,38.4,138.6,12,504(-6),,,,[東]土田稔,大原詔宏,51.0,202006010103
6,4,7,タニセンシロッコ,牡3,56,江田照男,1:14.1,1/2,**,,,,,4-4,39.0,133.1,11,446(-2),,,,[東]加藤士津,染谷幸雄,,202006010103
7,7,14,ゴラッソゴール,牡3,54,菅原明良,1:14.2,1/2,**,,,,,6-7,38.8,6.8,4,466(-2),,,,[東]武市康男,東海林貴大,,202006010103
8,2,4,レインボービーム,牡3,56,横山和生,1:14.4,1.1/4,**,,,,,12-12,38.5,304.5,15,470(0),,,,[東]加藤和宏,北原光一郎,,202006010103
9,6,12,ロマンスピネル,牝3,54,柴田善臣,1:14.5,3/4,**,,,,,4-4,39.4,82.5,10,440(0),,,,[東]田中剛,菅實,,202006010103
10,5,9,パシスタ,牡3,56,宮崎北斗,1:14.7,1.1/4,**,,,,,2-2,39.8,23.6,6,488(0),,,,[東]高橋祥泰,山上和良,,202006010103
11,3,5,トゥーヤング,牝3,51,山田敬士,1:15.1,2,**,,,,,9-9,39.5,296.1,14,438(+4),,,,[東]小桧山悟,三岡陽,,202006010103
12,1,2,トミケンリューヤー,牡3,56,横山武史,1:15.2,1/2,**,,,,,6-7,39.9,31.0,7,498(+2),,,,[東]水野貴広,冨樫賢二,,202006010103
13,7,13,ミコキャビンクルー,牝3,52,木幡育也,1:15.3,3/4,**,,,,,13-13,39.2,163.5,13,454(0),,,,[東]萱野浩二,古賀慎一,,202006010103
14,6,11,シゲルエリス,牡3,56,田中勝春,1:15.5,1.1/4,**,,,,,13-15,39.3,36.3,8,482(+6),,,,[東]的場均,森中蕃,,202006010103
15,5,10,エスケイムーン,セ3,56,武士沢友,1:15.8,2,**,,,,,16-16,39.4,516.9,16,436(-2),,,,[東]林徹,伊藤輔則,,202006010103
16,4,8,ロイヤルパープル,牡3,56,マーフィ,1:16.0,3/4,**,,,,,13-13,39.9,3.1,1,516(+2),,,,[東]加藤征弘,ゴドルフィン,,202006010103
1,1,1,ミッキープリンス,牡3,56,マーフィ,1:58.1,,**,,,,,4-3-5-3,40.2,2.7,1,508(0),,,,[東]国枝栄,野田みづき,600.0,202006010104
2,5,10,レオファイナリスト,牡3,56,木幡巧也,1:58.2,1/2,**,,,,,2-3-2-1,40.6,12.7,5,478(0),,,,[東]牧光二,レオ,240.0,202006010104
3,8,15,ホテルカリホルニア,牡3,56,フォーリ,1:58.7,3,**,,,,,6-6-5-3,40.8,6.0,3,490(0),,,,[東]萩原清,池谷誠一,150.0,202006010104
4,2,3,タイタンブレイン,牡3,56,三浦皇成,1:58.7,アタマ,**,,,,,9-6-7-5,40.6,19.9,7,538(0),,,,[東]奥平雅士,エンジェルレーシング,90.0,202006010104
5,4,7,スウィング,牡3,56,ミナリク,1:59.1,2.1/2,**,,,,,12-12-11-9,40.7,13.6,6,476(0),,,,[東]高柳瑞樹,カナヤマホールディングス,60.0,202006010104
6,3,5,トーセンスプリント,牡3,56,横山和生,1:59.5,2.1/2,**,,,,,8-9-7-7,41.4,142.5,13,476(0),,,,[東]小野次郎,島川隆哉,,202006010104
7,2,4,サンメディル,牡3,56,大野拓弥,2:00.1,3.1/2,**,,,,,2-2-1-2,42.5,6.4,4,492(0),,,,[東]菊沢隆徳,ノルマンディーサラブレッドレーシング,,202006010104
8,7,13,エメラルホープ,牡3,56,石橋脩,2:00.6,3,**,,,,,13-13-13-13,41.4,66.8,10,534(0),,,,[東]相沢郁,高橋勉,,202006010104
9,6,11,ココアブラウン,牡3,54,菅原明良,2:00.7,1/2,**,,,,,6-6-7-8,42.6,180.6,14,456(0),,,,[西]荒川義之,松田整二,,202006010104
10,4,8,ライフオブリバイブ,牡3,56,畑端省吾,2:01.4,4,**,,,,,11-11-12-9,42.8,28.3,8,462(0),,,,[西]牧浦充徳,中辻明,,202006010104
11,6,12,ニシノハヤシゲル,牡3,56,田辺裕信,2:02.1,4,**,,,,,4-5-2-5,44.4,4.2,2,500(0),,,,[東]矢野英一,西山茂行,,202006010104
12,5,9,スターズウィッシュ,牡3,56,江田照男,2:03.0,5,**,,,,,15-15-15-14,42.3,75.7,11,440(0),,,,[東]大江原哲,伊東純一,,202006010104
13,8,16,パディオアヘッド,牡3,53,藤田菜七,2:03.2,1.1/4,**,,,,,14-14-14-15,42.7,35.6,9,498(0),,,,[西]森秀行,門野重雄,,202006010104
14,3,6,サンノーフォーク,牡3,56,黛弘人,2:04.5,8,**,,,,,9-10-7-12,46.4,222.4,15,458(0),,,,[東]中野栄治,加藤ステーブル,,202006010104
15,7,14,ペイシャワイルド,牝3,54,伴啓太,2:04.7,1,**,,,,,15-16-15-16,44.1,327.8,16,510(0),,,,[東]高橋義博,北所直人,,202006010104
16,1,2,アトラップレーヴ,牡3,56,岩部純二,2:05.5,5,**,,,,,1-1-4-9,47.7,82.5,12,448(0),,,,[東]浅野洋一,山中明広,,202006010104
1,6,6,サトノフラッグ,牡3,56,マーフィ,2:01.4,,**,,,,,3-5-4-2,35.3,1.6,1,494(+2),,,,[東]国枝栄,サトミホースカンパニー,730.0,202006010105
2,5,5,アンサンブル,牝3,54,フォーリ,2:01.9,3,**,,,,,6-6-6-4,35.5,13.1,6,466(+4),,,,[西]杉山晴紀,ロードホースクラブ,290.0,202006010105
3,7,8,マイネルデステリョ,牡3,56,津村明秀,2:02.2,2,**,,,,,3-3-4-4,36.1,12.7,5,452(+2),,,,[東]畠山吉宏,サラブレッドクラブ・ラフィアン,180.0,202006010105
4,8,9,フローズンスタイル,牝3,54,田辺裕信,2:02.3,1/2,**,,,,,2-2-2-2,36.4,4.4,2,460(+14),,,,[東]黒岩陽一,吉田照哉,110.0,202006010105
5,1,1,ルトロヴァイユ,牝3,54,吉田豊,2:02.4,3/4,**,,,,,9-9-8-9,35.9,11.5,4,470(+14),,,,[東]竹内正洋,古川一弘,73.0,202006010105
6,4,4,シークレットローザ,牝3,54,三浦皇成,2:02.4,ハナ,**,,,,,1-1-1-1,36.6,100.7,9,452(-8),,,,[東]田村康仁,二木英実,,202006010105
7,3,3,ヒシエレガンス,牡3,56,Ｍ．デム,2:02.5,1/2,**,,,,,6-6-8-7,36.0,9.4,3,490(+2),,,,[東]堀宣行,阿部雅英,,202006010105
8,8,10,マイネルミンドール,牡3,56,ミナリク,2:03.0,3,**,,,,,3-3-3-4,37.0,25.7,7,446(+4),,,,[東]相沢郁,サラブレッドクラブ・ラフィアン,,202006010105
9,2,2,コスモスタック,牡3,55,野中悠太,2:03.1,クビ,**,,,,,6-6-6-7,36.8,65.7,8,456(+6),,,,[東]堀井雅広,ビッグレッドファーム,,202006010105
10,7,7,ガッツ,牡3,56,杉原誠人,2:04.1,6,**,,,,,10-9-8-10,37.6,311.3,10,486(0),,,,[東]伊藤大士,ミルファーム,,202006010105
1,5,8,サクラルーフェン,牡4,56,石橋脩,1:55.3,,**,,,,,1-1-1-1,39.5,1.7,1,452(0),,,,[東]尾関知人,さくらコマース,760.0,202006010106
2,8,14,キングスバレイ,牡4,56,木幡巧也,1:56.0,4,**,,,,,3-3-2-2,40.0,5.3,3,514(+2),,,,[東]斎藤誠,村野康司,300.0,202006010106
3,6,10,ベルジュネス,セ4,56,丹内祐次,1:56.4,2.1/2,**,,,,,7-7-9-9,39.7,90.5,9,450(+8),,,,[東]畠山吉宏,岡田牧雄,190.0,202006010106
4,8,15,アールグランツ,牡4,56,横山武史,1:56.7,1.3/4,**,,,,,5-4-4-3,40.5,22.9,5,474(-8),,,,[東]鈴木伸尋,前原敏行,110.0,202006010106
5,3,5,カウンターエア,牡4,56,津村明秀,1:57.0,1.3/4,**,,,,,14-14-13-9,40.0,4.8,2,566(+8),,,,[東]奥村武,社台レースホース,76.0,202006010106
6,4,6,ホーカスポーカス,牡5,57,丸山元気,1:57.0,クビ,**,,,,,8-7-6-5,40.6,14.0,4,434(+4),,,,[東]根本康広,平賀久枝,,202006010106
7,5,9,ビービーデフィ,セ5,57,西田雄一,1:57.1,クビ,**,,,,,12-12-4-3,41.0,27.4,7,500(+4),,,,[東]小笠倫弘,坂東牧場,,202006010106
8,2,2,ボーイズオブサマー,牡4,56,柴田大知,1:57.5,2.1/2,**,,,,,13-12-14-13,40.3,122.5,11,516(+18),,,,[東]天間昭一,ノルマンディーサラブレッドレーシング,,202006010106
9,4,7,ヒロノライデン,牡5,57,丸田恭介,1:57.6,1/2,**,,,,,5-4-6-8,41.1,148.3,12,486(-2),,,,[東]蛯名利弘,小野博郷,,202006010106
10,7,13,トラストシンゲン,牡4,54,菅原明良,1:57.9,2,**,,,,,15-15-15-13,40.5,94.1,10,510(0),,,,[東]高木登,菅波雅巳,,202006010106
11,2,3,クラウドスケープ,牡4,56,黛弘人,1:58.0,クビ,**,,,,,10-10-9-7,41.4,149.5,14,476(0),,,,[東]藤原辰雄,下河辺俊行,,202006010106
12,3,4,アララトテソーロ,牡4,53,藤田菜七,1:58.0,アタマ,**,,,,,10-11-11-12,41.2,27.1,6,488(+16),,,,[東]和田雄二,了徳寺健二ホールディングス,,202006010106
13,1,1,ウイニングメイビー,牡4,56,大野拓弥,1:58.6,3.1/2,**,,,,,3-4-6-9,42.2,40.2,8,488(+22),,,,[東]稲垣幸雄,井上久光,,202006010106
14,6,11,グーガルラヴィ,セ4,56,嶋田純次,1:58.7,1/2,**,,,,,2-2-2-5,42.7,148.7,13,508(-2),,,,[東]手塚貴久,藤田在子,,202006010106
15,7,12,ファントムメナス,牡5,57,菅原隆一,1:58.7,クビ,**,,,,,9-9-11-15,41.9,344.8,15,542(+16),,,,[東]石栗龍彦,ノルマンディーサラブレッドレーシング,,202006010106
1,1,1,サトノセシル,牝4,54,大野拓弥,2:01.4,,**,,,,,3-2-4-3,34.9,5.4,2,452(+4),,,,[東]堀宣行,サトミホースカンパニー,760.0,202006010107
2,4,8,ペレ,牝4,54,マーフィ,2:01.7,2,**,,,,,8-7-7-7,35.0,2.2,1,450(+4),,,,[東]奥村武,ＮＩＣＫＳ,300.0,202006010107
3,8,16,ガロシェ,牝4,54,田辺裕信,2:01.8,クビ,**,,,,,8-10-10-9,35.0,9.0,5,450(+6),,,,[東]戸田博文,サンデーレーシング,190.0,202006010107
4,3,5,マイネルエキサイト,牡4,56,柴田大知,2:01.8,ハナ,**,,,,,5-5-4-3,35.3,168.7,15,486(+2),,,,[東]加藤士津,サラブレッドクラブ・ラフィアン,110.0,202006010107
5,7,14,シトラスクーラー,セ7,55,菅原明良,2:01.8,アタマ,**,,,,,11-15-12-11,34.8,45.8,11,462(+8),,,,[東]高木登,Ｇ１レーシング,76.0,202006010107
6,7,13,イルーシヴグレイス,牝5,55,Ｍ．デム,2:01.9,1/2,**,,,,,2-2-2-2,35.6,27.5,8,416(-2),,,,[東]堀宣行,キャロットファーム,,202006010107
7,6,12,マリノジュリア,牝4,54,杉原誠人,2:02.1,1.1/4,**,,,,,1-1-1-1,35.9,77.0,12,434(-4),,,,[東]斎藤誠,クラウン,,202006010107
8,8,15,カナロアガール,牝4,54,北村宏司,2:02.3,1.1/4,**,,,,,6-7-6-3,35.7,17.4,6,470(+8),,,,[東]田村康仁,広尾レース,,202006010107
9,3,6,メイオール,牝4,54,津村明秀,2:02.4,1/2,**,,,,,11-12-12-13,35.3,29.9,9,456(+4),,,,[東]岩戸孝樹,千明牧場,,202006010107
10,6,11,フィデリオグリーン,牡4,55,野中悠太,2:02.5,3/4,**,,,,,14-15-7-7,35.8,8.9,4,504(+12),,,,[東]根本康広,斎藤光政,,202006010107
11,5,9,ミチビキ,牝4,51,藤田菜七,2:02.7,1.1/4,**,,,,,10-10-12-13,35.7,78.2,13,500(+16),,,,[東]蛯名利弘,ブルースターズファーム,,202006010107
12,1,2,ヤップヤップヤップ,牡4,56,丸田恭介,2:03.1,2.1/2,**,,,,,11-9-11-11,36.2,22.9,7,464(+6),,,,[東]宗像義忠,薗部博之,,202006010107
13,4,7,ジュピターズライト,牡4,56,丸山元気,2:04.3,7,**,,,,,3-2-3-3,37.9,6.7,3,466(+14),,,,[東]金成貴史,シルクレーシング,,202006010107
14,2,4,オーサムバローズ,セ6,57,フォーリ,2:04.6,2,**,,,,,15-12-15-16,37.3,156.7,14,496(-12),,,,[東]堀井雅広,本田恒雄,,202006010107
中,2,3,ラッキーアドバンス,牡6,54,大塚海渡,,,**,,,,,6-5-7-9,,318.7,16,492(+14),,,,[東]勢司和浩,柳内正基,,202006010107
中,5,10,スズロザーナ,牝4,54,三浦皇成,,,**,,,,,15-12-15-13,,39.7,10,428(0),,,,[東]高橋裕,森達郎,,202006010107
1,2,3,ロンドンテソーロ,牡4,56,石橋脩,1:10.9,,**,,,,,1-1,37.7,5.1,1,506(+4),,,,[東]栗田徹,了徳寺健二ホールディングス,"1,100.0",202006010108
2,3,6,エアコンヴィーナ,牝5,52,藤田菜七,1:11.5,3.1/2,**,,,,,6-5,37.7,16.9,7,456(+4),,,,[東]大竹正博,ラッキーフィールド,440.0,202006010108
3,1,1,キタノオドリコ,牝4,54,ミナリク,1:11.7,1.1/4,**,,,,,9-7,37.7,28.5,11,492(+10),,,,[東]相沢郁,河内孝夫,280.0,202006010108
4,8,16,ルーチェソラーレ,牝5,55,大野拓弥,1:11.8,3/4,**,,,,,9-11,37.8,7.4,5,500(+8),,,,[東]小笠倫弘,岡田牧雄,170.0,202006010108
5,6,12,コウギョウブライト,牡5,57,Ｍ．デム,1:11.9,1/2,**,,,,,6-10,38.1,5.3,2,474(+20),,,,[東]伊藤大士,小林秀樹,110.0,202006010108
6,7,13,スマートマルシェ,牝4,54,マーフィ,1:11.9,クビ,**,,,,,3-3,38.5,6.5,4,482(0),,,,[東]加藤征弘,大川徹,,202006010108
7,7,14,レヴァンテ,牡5,57,横山典弘,1:12.0,クビ,**,,,,,14-14,37.4,24.5,10,490(+8),,,,[東]萩原清,寺田寿男,,202006010108
8,6,11,グラスレオ,牡5,55,菅原明良,1:12.1,3/4,**,,,,,12-11,37.7,23.9,9,506(+6),,,,[東]尾形和幸,半沢,,202006010108
9,3,5,オレノマニラ,牡5,57,柴田善臣,1:12.2,クビ,**,,,,,12-11,37.8,48.1,13,438(+6),,,,[東]土田稔,諸岡慶,,202006010108
10,1,2,パイロジェン,牡4,56,田辺裕信,1:12.2,アタマ,**,,,,,9-7,38.2,5.8,3,458(+6),,,,[東]伊藤圭三,ゴドルフィン,,202006010108
11,5,9,カフェライジング,牡8,57,横山和生,1:12.2,ハナ,**,,,,,2-2,38.9,9.2,6,516(+6),,,,[西]松永幹夫,西川恭子,,202006010108
12,5,10,リガス,牡6,57,津村明秀,1:12.4,1,**,,,,,6-5,38.7,31.0,12,520(-10),,,,[西]坂口智康,カナヤマホールディングス,,202006010108
13,4,7,タンタラスノオカ,牡7,57,フォーリ,1:12.6,1,**,,,,,15-14,37.9,79.4,14,520(+10),,,,[東]田中清隆,嶋田賢,,202006010108
14,4,8,アストロローグ,セ5,56,野中悠太,1:12.6,クビ,**,,,,,15-16,37.8,110.8,16,492(+6),,,,[東]武井亮,ヒダカ・ブリーダーズ・ユニオン,,202006010108
15,2,4,ザベストエバー,牡6,57,横山武史,1:12.9,2,**,,,,,3-3,39.5,91.0,15,466(+4),,,,[東]武井亮,古賀慎一,,202006010108
16,8,15,セイウンリリシイ,牝5,55,武藤雅,1:13.1,1,**,,,,,5-7,39.6,22.6,8,478(+12),,,,[東]水野貴広,西山茂行,,202006010108
1,6,12,ミッキーポジション,牡5,56,菊沢一樹,1:53.2,,**,,,,,2-2-2-2,37.7,8.4,5,504(+10),,,,[東]菊沢隆徳,野田みづき,"1,854.3",202006010109
2,6,11,エムオーグリッタ,牡6,55,津村明秀,1:53.3,3/4,**,,,,,1-1-1-1,37.9,7.9,4,502(+8),,,,[東]古賀慎明,大浅貢,739.8,202006010109
3,4,7,メイショウササユリ,牝6,53,横山典弘,1:53.8,3,**,,,,,4-5-4-3,38.0,7.0,3,516(+6),,,,[西]松永幹夫,松本好雄,464.9,202006010109
4,2,4,エンダウメント,牡4,54,田中勝春,1:53.8,クビ,**,,,,,14-13-13-9,37.2,12.9,8,498(0),,,,[西]角田晃一,ゴドルフィン,270.0,202006010109
5,2,3,ウインユニファイド,牡8,55,ミナリク,1:53.9,1/2,**,,,,,6-6-7-7,37.9,28.6,11,524(+2),,,,[西]飯田雄三,ウイン,182.0,202006010109
6,1,2,マイネルアンファン,牡5,53,丹内祐次,1:54.0,クビ,**,,,,,12-12-6-6,38.1,15.9,9,528(+6),,,,[東]和田正一,サラブレッドクラブ・ラフィアン,,202006010109
7,5,10,ブライトンロック,牡6,56,田辺裕信,1:54.1,3/4,**,,,,,7-6-4-3,38.4,5.2,1,478(+8),,,,[東]田中清隆,坂巻勝彦,,202006010109
8,4,8,アッシェンプッテル,牝4,53,松岡正海,1:54.2,3/4,**,,,,,8-8-9-9,38.0,5.6,2,496(-4),,,,[西]奥村豊,フジワラ・ファーム,,202006010109
9,7,13,メガオパールカフェ,牡9,52,内田博幸,1:54.3,1/2,**,,,,,4-3-3-3,38.7,240.1,16,542(0),,,,[東]和田勇介,西川光一,,202006010109
10,7,14,スマートセラヴィー,牡4,54,石橋脩,1:54.3,ハナ,**,,,,,15-15-15-14,37.2,35.9,12,510(-2),,,,[西]矢作芳人,大川徹,,202006010109
11,3,6,シベリウス,牡7,54,柴田善臣,1:54.3,ハナ,**,,,,,10-10-11-9,38.0,46.7,13,474(0),,,,[東]藤原辰雄,浅田次郎,,202006010109
12,1,1,フクサンローズ,牝6,52,野中悠太,1:54.6,1.3/4,**,,,,,8-8-11-9,38.2,18.0,10,454(+2),,,,[東]小西一男,小沼博,,202006010109
13,8,16,アポロユッキー,牝6,50,藤田菜七,1:54.7,1/2,**,,,,,13-14-14-14,37.8,103.6,14,534(+4),,,,[東]鈴木伸尋,アポロサラブレッドクラブ,,202006010109
14,8,15,ラスティユース,牡5,53,北村宏司,1:54.9,3/4,**,,,,,10-10-9-8,38.7,228.4,15,502(+6),,,,[東]松永康利,小林竜太郎,,202006010109
15,5,9,リフトトゥヘヴン,牡6,54,Ｍ．デム,1:55.1,1.1/4,**,,,,,15-15-15-16,38.0,9.0,6,490(+2),,,,[東]加藤征弘,丸山担,,202006010109
16,3,5,ロジペルレスト,牡5,54,丸山元気,1:56.8,大,**,,,,,3-3-7-9,40.8,11.4,7,520(+2),,,,[東]大竹正博,久米田正明,,202006010109
1,8,15,エンゲルヘン,牝6,55,横山武史,1:08.0,,**,,,,,1-1,34.7,4.3,2,476(0),,,,[西]五十嵐忠,サラブレッドクラブ・ラフィアン,"1,853.6",202006010110
2,8,16,ジョーアラビカ,牡6,57,横山典弘,1:08.0,クビ,**,,,,,6-6,34.2,4.0,1,492(-6),,,,[西]清水久詞,上田けい子,739.6,202006010110
3,5,9,インスピレーション,牡5,57,田中勝春,1:08.0,ハナ,**,,,,,10-10,33.9,10.7,6,492(+4),,,,[西]昆貢,寺田千代乃,464.8,202006010110
4,4,8,ビリーバー,牝5,55,杉原誠人,1:08.2,1.1/4,**,,,,,15-14,33.5,19.9,9,470(+6),,,,[東]石毛善彦,ミルファーム,270.0,202006010110
5,2,4,ダイトウキョウ,牡8,57,田辺裕信,1:08.3,クビ,**,,,,,12-12,33.9,27.7,11,466(+4),,,,[東]戸田博文,市川義美,182.0,202006010110
6,6,11,バーミーブリーズ,牝6,55,西田雄一,1:08.3,ハナ,**,,,,,10-10,34.2,57.1,13,470(+6),,,,[東]青木孝文,吉田照哉,,202006010110
7,3,5,タケショウベスト,牝6,55,武藤雅,1:08.4,3/4,**,,,,,12-13,34.0,19.5,8,478(+6),,,,[東]田中清隆,ナイト商事,,202006010110
8,1,1,スワーヴアーサー,牡7,57,マーフィ,1:08.6,1.1/4,**,,,,,9-9,34.6,6.2,3,498(+6),,,,[西]庄野靖志,ＮＩＣＫＳ,,202006010110
9,6,12,アリンナ,牝6,55,フォーリ,1:08.8,1.1/4,**,,,,,4-4,35.2,56.2,12,438(+2),,,,[東]上原博之,ノルマンディーサラブレッドレーシング,,202006010110
10,2,3,プレディクト,牡5,57,丹内祐次,1:09.0,1.1/4,**,,,,,2-2,35.6,307.7,15,496(+4),,,,[東]伊藤伸一,西田順彦,,202006010110
11,5,10,スリーケープマンボ,セ5,57,松田大作,1:09.4,2.1/2,**,,,,,6-6,35.6,8.9,4,484(-8),,,,[西]武英智,永井商事,,202006010110
12,7,13,クラウンルシフェル,牡9,57,木幡巧也,1:09.6,1.1/4,**,,,,,16-15,34.7,312.1,16,498(+12),,,,[東]天間昭一,クラウン,,202006010110
13,4,7,レコードチェイサー,牝4,54,菅原明良,1:09.7,1/2,**,,,,,2-2,36.3,21.7,10,450(+4),,,,[東]伊藤圭三,グランド牧場,,202006010110
14,1,2,エムティアン,牝4,54,津村明秀,1:09.7,アタマ,**,,,,,6-4,36.0,12.6,7,442(-2),,,,[西]鮫島一歩,門別牧場,,202006010110
15,7,14,コロラトゥーレ,牝6,55,藤岡康太,1:09.9,3/4,**,,,,,4-6,36.4,105.4,14,476(-4),,,,[西]梅田智之,廣崎利洋ＨＤ,,202006010110
16,3,6,ブリッツアウェイ,牝4,54,石橋脩,1:10.2,1.3/4,**,,,,,12-15,35.8,10.3,5,448(-2),,,,[西]音無秀孝,吉田照哉,,202006010110
1,4,7,トリオンフ,セ6,58,Ｍ．デム,1:59.5,,**,,,,,2-2-2-2,35.6,4.3,2,554(+4),,,,[西]須貝尚介,桑田牧場,"4,161.6",202006010111
2,4,8,ウインイクシード,牡6,55,松岡正海,1:59.5,アタマ,**,,,,,5-5-5-4,35.3,10.9,6,498(+2),,,,[東]鈴木伸尋,ウイン,"1,617.6",202006010111
3,1,1,テリトーリアル,牡6,56,藤岡康太,1:59.6,3/4,**,,,,,6-5-8-6,35.2,39.7,11,480(-4),,,,[西]西浦勝一,ゴドルフィン,"1,008.8",202006010111
4,2,4,ノーブルマーズ,牡7,56,ミナリク,1:59.7,クビ,**,,,,,2-2-3-3,35.7,34.0,10,496(-4),,,,[西]宮本博,吉木伸彦,620.0,202006010111
5,3,6,マイネルハニー,牡7,56,横山武史,1:59.7,クビ,**,,,,,9-9-8-6,35.3,209.3,15,482(0),,,,[東]栗田徹,サラブレッドクラブ・ラフィアン,410.0,202006010111
6,8,16,マイネルサーパス,牡4,55,丹内祐次,1:59.8,3/4,**,,,,,10-9-11-12,35.2,26.9,8,482(+6),,,,[東]高木登,サラブレッドクラブ・ラフィアン,,202006010111
7,2,3,クレッシェンドラヴ,牡6,57,内田博幸,1:59.9,クビ,**,,,,,16-16-14-15,34.9,3.1,1,494(-2),,,,[東]林徹,広尾レース,,202006010111
8,8,17,ザダル,牡4,55,マーフィ,2:00.0,1/2,**,,,,,10-9-8-10,35.6,5.7,3,488(+8),,,,[東]大竹正博,キャロットファーム,,202006010111
9,6,11,アンノートル,牡6,54,柴田大知,2:00.0,アタマ,**,,,,,14-14-14-14,35.1,173.8,14,512(-2),,,,[東]田中博康,ビッグレッドファーム,,202006010111
10,5,9,ギベオン,牡5,57.5,フォーリ,2:00.0,クビ,**,,,,,6-5-5-6,35.7,8.0,4,502(-6),,,,[西]藤原英昭,社台レースホース,,202006010111
11,8,15,カデナ,牡6,57,鮫島克駿,2:00.1,クビ,**,,,,,17-17-16-15,34.8,20.1,7,474(+2),,,,[西]中竹和也,前田幸治,,202006010111
12,5,10,シャイニープリンス,牡10,55,勝浦正樹,2:00.2,3/4,**,,,,,12-12-12-12,35.5,356.0,17,510(0),,,,[東]深山雅史,小林昌志,,202006010111
13,7,14,メイショウエイコウ,牡6,53,大野拓弥,2:00.4,1,**,,,,,15-15-16-17,35.1,326.7,16,448(-6),,,,[西]荒川義之,松本好雄,,202006010111
14,3,5,レッドローゼス,牡6,56,田辺裕信,2:00.4,クビ,**,,,,,12-12-12-10,35.7,10.3,5,486(+4),,,,[東]国枝栄,東京ホースレーシング,,202006010111
15,6,12,タニノフランケル,牡5,55,石橋脩,2:00.7,1.3/4,**,,,,,4-4-3-4,36.7,58.8,12,520(0),,,,[西]角居勝彦,谷水雄三,,202006010111
16,1,2,ブラックスピネル,牡7,57,津村明秀,2:00.9,3/4,**,,,,,1-1-1-1,37.2,28.2,9,526(+6),,,,[西]音無秀孝,サンデーレーシング,,202006010111
17,7,13,イレイション,牡8,55,北村宏司,2:01.0,1/2,**,,,,,6-5-5-6,36.8,128.0,13,502(+2),,,,[東]池上昌和,ゴドルフィン,,202006010111
1,4,7,タイセイソニック,牡5,57,石橋脩,1:08.8,,**,,,,,3-2,34.6,37.3,11,470(+10),,,,[西]西村真幸,田中成奉,"1,100.0",202006010112
2,3,6,ハイヤーアプシス,牝6,55,田辺裕信,1:08.8,クビ,**,,,,,11-11,33.9,12.9,5,438(-2),,,,[東]鹿戸雄一,吉田晴哉,440.0,202006010112
3,4,8,ヴェルスパー,牝5,55,Ｍ．デム,1:08.8,アタマ,**,,,,,6-4,34.3,11.3,4,452(+2),,,,[東]加藤征弘,サンデーレーシング,280.0,202006010112
4,3,5,シセイヒテン,牡5,57,丸山元気,1:08.9,クビ,**,,,,,8-8,34.3,14.6,6,444(-2),,,,[東]宗像義忠,猪苗代勇,170.0,202006010112
5,5,10,フォレブルート,牝4,54,マーフィ,1:08.9,クビ,**,,,,,3-4,34.7,2.6,1,444(+12),,,,[西]安田隆行,林正道,110.0,202006010112
6,8,16,ビヨンジオール,牡8,57,大野拓弥,1:09.1,1.1/2,**,,,,,13-13,33.9,99.9,14,524(+12),,,,[東]的場均,林正道,,202006010112
7,1,2,ムスコローソ,牡5,57,武藤雅,1:09.2,1/2,**,,,,,10-10,34.5,27.9,8,518(+10),,,,[東]手塚貴久,落合幸弘,,202006010112
8,5,9,ザイツィンガー,牡4,56,北村宏司,1:09.3,クビ,**,,,,,11-11,34.4,63.5,13,426(+4),,,,[西]牧田和弥,永田和彦,,202006010112
9,6,12,ショウナンマッシブ,牡6,57,吉田豊,1:09.4,3/4,**,,,,,8-8,34.8,35.4,10,478(+2),,,,[東]田中剛,国本哲秀,,202006010112
10,7,13,ロードアクア,牡4,56,鮫島克駿,1:09.4,アタマ,**,,,,,5-6,35.1,4.9,3,464(+8),,,,[西]浅見秀一,ロードホースクラブ,,202006010112
11,7,14,カステヘルミ,牝4,54,津村明秀,1:09.4,ハナ,**,,,,,2-2,35.3,18.6,7,428(+8),,,,[東]岩戸孝樹,田頭勇貴,,202006010112
12,2,4,ワールドフォーラブ,牝6,55,フォーリ,1:09.4,ハナ,**,,,,,6-6,34.9,4.9,2,450(-6),,,,[西]音無秀孝,吉澤克己,,202006010112
13,1,1,ピースユニヴァース,牡5,57,内田博幸,1:09.5,クビ,**,,,,,13-13,34.3,54.7,12,498(+14),,,,[東]尾形和幸,久米田正平,,202006010112
14,6,11,アズマヘリテージ,牝4,54,藤岡康太,1:09.7,1.1/4,**,,,,,15-15,34.0,111.6,15,476(+20),,,,[西]河内洋,東哲次,,202006010112
15,2,3,イノバティブ,セ6,57,木幡巧也,1:10.0,2,**,,,,,16-16,33.6,120.0,16,450(+14),,,,[東]相沢郁,畑佐博,,202006010112
16,8,15,オトナノジジョウ,牝4,51,藤田菜七,1:10.6,3.1/2,**,,,,,1-1,36.6,34.0,9,452(+12),,,,[西]森秀行,内田玄祥,,202006010112
