着順,枠番,馬番,馬名,性齢,斤量,騎手,タイム,着差,ﾀｲﾑ指数タイム指数(通常)タイム指数マスター,ﾀｲﾑ指数Mタイム指数(通常)タイム指数マスター,ｽﾀｰﾄ指数,追走指数,上がり指数,通過,上り,単勝,人気,馬体重,調教ﾀｲﾑ,厩舎ｺﾒﾝﾄ,備考,調教師,馬主,賞金(万円),race_id
1,7,14,シュバルツガイスト,牡3,56,武豊,1:12.6,,**,,,,,5-5,38.1,1.8,1,486(-4),,,,[東]国枝栄,インゼルレーシング,550.0,202306010101
2,3,5,ジェイケイファイン,牡3,56,内田博幸,1:12.9,1.3/4,**,,,,,4-3,38.9,7.4,3,472(-8),,,,[東]奥平雅士,小谷野次郎,220.0,202306010101
3,1,1,レディアス,牝3,54,津村明秀,1:12.9,クビ,**,,,,,10-7,37.7,36.1,6,428(+6),,,,[東]鈴木慎太,中山栄一,140.0,202306010101
4,8,15,ハローマイラブリー,牝3,54,三浦皇成,1:13.4,3,**,,,,,1-1,39.7,4.2,2,536(0),,,,[東]伊坂重信,平賀久枝,83.0,202306010101
5,5,9,ベアカワイコチャン,牝3,54,松岡正海,1:13.9,3,**,,,,,2-2,40.1,7.9,4,478(+10),,,,[東]杉浦宏昭,熊木浩,55.0,202306010101
6,1,2,ラディーヴァ,牝3,52,原優介,1:14.0,1/2,**,,,,,6-6,39.3,255.6,13,456(-2),,,,[東]武市康男,小林竜太郎,,202306010101
7,6,12,メルティーショコラ,牝3,54,武藤雅,1:14.0,クビ,**,,,,,2-3,40.1,58.8,7,470(+14),,,,[東]武藤善則,明栄商事,,202306010101
8,8,16,ニシノスイセイ,牡3,56,野中悠太,1:14.1,1/2,**,,,,,11-11,38.4,137.1,11,468(+6),,,,[東]青木孝文,西山茂行,,202306010101
9,7,13,タッカーカムカム,牝3,52,山田敬士,1:14.2,クビ,**,,,,,12-11,38.4,322.0,14,426(-2),,,,[東]鈴木伸尋,小松崎孝,,202306010101
10,3,6,ペイシャコリン,牝3,52,小林凌大,1:14.4,1.1/2,**,,,,,9-9,39.4,86.0,10,454(-10),,,,[東]伊藤伸一,北所直人,,202306010101
11,6,11,オメガキャプテン,牡3,56,横山和生,1:14.7,1.1/2,**,,,,,6-7,40.1,10.7,5,474(+16),,,,[東]大和田成,原禮子,,202306010101
12,4,8,デルマウッチャリ,牝3,54,的場勇人,1:14.9,1.1/2,**,,,,,14-14,38.8,391.7,16,406(+8),,,,[東]的場均,浅沼廣幸,,202306010101
13,2,3,シティオブヨーク,牡3,56,木幡巧也,1:15.0,1/2,**,,,,,15-14,38.7,83.1,9,464(+12),,,,[東]鈴木慎太,田頭勇貴,,202306010101
14,4,7,マリノルルワ,牝3,51,土田真翔,1:15.1,1/2,**,,,,,13-13,39.1,208.6,12,398(+8),,,,[東]尾形和幸,矢野雅子,,202306010101
15,2,4,エーデルシュタイン,牝3,54,大野拓弥,1:16.1,6,**,,,,,15-16,39.7,348.9,15,392(0),,,,[東]浅野洋一,田頭勇貴,,202306010101
16,5,10,コノハナミカミ,牝3,54,丸田恭介,1:17.2,7,**,,,,,8-10,42.4,63.3,8,422(+10),,,,[東]上原博之,自由が丘サラブレッド倶楽部,,202306010101
1,4,8,プレミアペガサス,牡3,56,バシュロ,1:55.3,,**,,,,,4-3-3-5,38.3,13.8,5,510(-2),,,,[東]田中博康,鈴木剛史,550.0,202306010102
2,4,7,ジェントルタッチ,牡3,56,黛弘人,1:55.5,1.1/2,**,,,,,1-1-1-1,38.9,13.3,4,512(+2),,,,[東]武井亮,フィールドレーシング,220.0,202306010102
3,7,13,ニシノファンフェア,牡3,56,内田博幸,1:55.7,1,**,,,,,9-9-7-7,38.3,16.3,6,482(+2),,,,[東]和田勇介,西山茂行,140.0,202306010102
4,1,2,ピックアップライン,牡3,56,武士沢友,1:56.0,2,**,,,,,4-3-3-3,39.0,58.8,11,514(+6),,,,[東]田中剛,社台レースホース,83.0,202306010102
5,2,3,コレクテイニア,牡3,56,吉田豊,1:56.4,2,**,,,,,13-13-10-9,38.8,5.0,3,478(+10),,,,[東]戸田博文,Ｇ１レーシング,55.0,202306010102
6,8,15,コスモメイゲツ,牡3,56,丹内祐次,1:56.4,ハナ,**,,,,,7-6-7-7,39.1,53.6,10,462(0),,,,[東]中野栄治,ビッグレッドファーム,,202306010102
7,5,10,パーティーキング,牡3,56,木幡巧也,1:56.5,1/2,**,,,,,14-14-11-12,38.6,51.6,9,474(+2),,,,[東]岩戸孝樹,田頭勇貴,,202306010102
8,6,11,アフタヌーンドレス,牝3,54,田辺裕信,1:56.8,2,**,,,,,2-2-2-2,40.0,3.2,2,502(-10),,,,[東]栗田徹,ゴドルフィン,,202306010102
9,8,16,バンクサイド,牡3,56,木幡初也,1:56.9,1/2,**,,,,,7-8-9-9,39.4,226.2,15,508(+2),,,,[東]竹内正洋,永田博之,,202306010102
10,3,6,エイチエヌバンピー,牡3,54,藤田菜七,1:57.1,1,**,,,,,11-11-11-11,39.3,80.3,13,448(+10),,,,[東]小桧山悟,鳴田啓志,,202306010102
11,6,12,フクノブルジュ,牡3,56,菊沢一樹,1:57.1,アタマ,**,,,,,2-3-3-3,40.2,2.7,1,446(-8),,,,[東]竹内正洋,福島祐子,,202306010102
12,7,14,インテンスシチー,牡3,56,柴田大知,1:57.2,クビ,**,,,,,6-6-6-5,40.1,31.9,8,492(+4),,,,[東]和田雄二,友駿ホースクラブ,,202306010102
13,1,1,ツカサレヴズ,牡3,55,永野猛蔵,1:57.6,2.1/2,**,,,,,9-9-11-12,39.8,79.4,12,472(+12),,,,[東]田島俊明,小泉禎剛,,202306010102
14,3,5,タイムトラベラー,牡3,56,斎藤新,1:58.8,7,**,,,,,11-11-14-15,40.4,216.9,14,476(+34),,,,[東]佐藤吉勝,田頭勇貴,,202306010102
15,2,4,ヴィナクローナ,牡3,56,石橋脩,1:59.1,1.3/4,**,,,,,14-14-14-14,40.8,23.8,7,468(+4),,,,[東]武市康男,社台レースホース,,202306010102
16,5,9,マイプリンセス,牝3,52,山田敬士,1:59.1,クビ,**,,,,,16-16-16-16,40.4,420.9,16,472(-2),,,,[東]松永康利,大倉佑介,,202306010102
1,8,16,フェブルウス,牡3,56,木幡巧也,1:57.1,,**,,,,,6-5-5-5,40.4,15.9,7,464(0),,,,[東]上原博之,Ｇ１レーシング,620.0,202306010103
2,5,9,ルルシュシュ,牝3,54,丸山元気,1:57.5,2.1/2,**,,,,,4-4-3-3,41.0,36.7,10,490(0),,,,[東]金成貴史,Ｇリビエール・レーシング,250.0,202306010103
3,1,2,トウショウリッジ,牡3,56,岩部純二,1:57.6,1/2,**,,,,,1-1-1-1,41.4,16.0,8,490(0),,,,[東]萱野浩二,トウショウ産業,160.0,202306010103
4,3,6,デスティノ,牡3,56,戸崎圭太,1:57.7,クビ,**,,,,,2-2-2-2,41.4,11.5,6,544(0),,,,[東]田島俊明,Ｇリビエール・レーシング,93.0,202306010103
5,4,7,ルトラセ,セ3,56,丹内祐次,1:58.3,3.1/2,**,,,,,13-13-13-9,40.5,60.8,12,542(0),,,,[東]池上昌和,Ｇ１レーシング,62.0,202306010103
6,3,5,セントアイヴス,牡3,56,吉田豊,1:58.3,ハナ,**,,,,,12-11-11-11,40.9,22.3,9,500(0),,,,[東]中舘英二,広尾レース,,202306010103
7,2,3,クリムゾンレッド,牡3,56,宮崎北斗,1:58.4,1/2,**,,,,,9-9-8-7,41.2,45.9,11,518(0),,,,[東]中川公成,山上和良,,202306010103
8,8,15,セイウンデイスター,牡3,56,野中悠太,1:58.9,3,**,,,,,11-11-11-11,41.5,93.5,13,458(0),,,,[東]萱野浩二,西山茂行,,202306010103
9,2,4,ビートポップ,牝3,53,永野猛蔵,1:59.3,2.1/2,**,,,,,5-5-8-11,42.2,10.0,4,490(0),,,,[東]堀内岳志,吉田千津,,202306010103
10,4,8,サウザンサニー,牡3,56,菊沢一樹,1:59.5,1,**,,,,,2-3-3-4,43.1,10.6,5,510(0),,,,[東]岩戸孝樹,千明牧場,,202306010103
11,5,10,グランデアマポーラ,牝3,54,三浦皇成,2:00.0,3,**,,,,,9-9-8-9,42.8,4.0,2,504(0),,,,[東]鹿戸雄一,社台レースホース,,202306010103
12,1,1,デュメイカズマ,牡3,56,横山武史,2:00.5,3,**,,,,,6-7-6-6,43.6,4.0,1,464(0),,,,[西]安田隆行,雅苑興業,,202306010103
13,6,12,ビッグアメリカン,牡3,53,西塚洸二,2:00.7,1,**,,,,,14-14-14-14,42.7,98.8,14,574(0),,,,[東]高橋文雅,鈴木康弘,,202306010103
14,6,11,メインボード,牡3,54,小林凌大,2:02.0,8,**,,,,,14-14-15-15,43.4,167.3,15,500(0),,,,[東]天間昭一,栗嶋豊明,,202306010103
15,7,14,ヤマニンビロー,セ3,56,伊藤工真,2:11.5,大,**,,,,,16-16-16-16,47.0,222.6,16,534(0),,,,[東]田島俊明,土井肇,,202306010103
中,7,13,アドマイヤゾネ,牡3,56,Ｍ．デム,,,**,,,,,8-7-6-7,,4.7,3,466(0),,,,[東]加藤征弘,近藤旬子,,202306010103
1,4,7,サトノアレックス,セ6,58,菊沢一樹,1:55.3,,**,,,,,15-13-10-8,39.0,15.9,7,500(+4),,,,[東]古賀慎明,里見治,800.0,202306010104
2,7,13,タイセイマーベル,牡5,58,Ｍ．デム,1:55.9,3.1/2,**,,,,,7-7-6-6,39.9,9.4,5,508(+20),,,,[東]池上昌和,田中成奉,320.0,202306010104
3,1,1,サトノギベオン,牡4,57,武豊,1:55.9,クビ,**,,,,,16-16-12-11,39.3,3.7,1,526(-2),,,,[東]戸田博文,里見治,200.0,202306010104
4,8,16,ネオヒューズ,牡5,56,小林凌大,1:56.0,アタマ,**,,,,,13-15-15-14,39.0,47.8,9,522(+8),,,,[東]小西一男,西田俊二,120.0,202306010104
5,7,14,ディープグラビティ,牡4,57,横山武史,1:56.0,アタマ,**,,,,,4-3-4-4,40.3,7.5,4,468(0),,,,[東]菊沢隆徳,社台レースホース,80.0,202306010104
6,6,12,アウグスト,牡4,57,斎藤新,1:56.1,1/2,**,,,,,3-3-2-2,40.6,4.6,3,520(+10),,,,[東]斎藤誠,ＧＥＴＮＥＸＴ,,202306010104
7,2,3,ダンディジャック,牡4,54,西塚洸二,1:56.3,1.1/2,**,,,,,7-8-8-8,40.2,16.9,8,506(+18),,,,[東]佐藤吉勝,サンコウ牧場,,202306010104
8,8,15,アイファーグローブ,牡4,56,秋山稔樹,1:56.4,1/2,**,,,,,5-5-4-4,40.6,270.9,15,482(+12),,,,[東]蛯名利弘,中島稔,,202306010104
9,3,5,マサカウマザンマイ,牡5,56,原優介,1:56.5,1/2,**,,,,,9-9-9-10,40.3,139.6,13,496(+8),,,,[東]青木孝文,鈴木慈雄,,202306010104
10,2,4,リゼレインボー,牡4,57,石橋脩,1:56.9,2.1/2,**,,,,,1-1-1-1,41.6,54.8,10,486(+2),,,,[東]松山将樹,飯田訓大,,202306010104
11,4,8,マイネルサハラ,牡4,57,戸崎圭太,1:57.2,1.1/2,**,,,,,2-2-2-2,41.8,3.9,2,482(+6),,,,[東]和田雄二,サラブレッドクラブ・ラフィアン,,202306010104
12,3,6,キタノポケット,牝6,54,小林脩斗,1:57.3,1/2,**,,,,,13-13-12-11,40.6,219.3,14,424(+4),,,,[東]粕谷昌央,北所直人,,202306010104
13,5,10,アーバンデザイン,牡4,57,丹内祐次,1:57.3,クビ,**,,,,,6-6-6-6,41.4,13.2,6,532(+12),,,,[東]和田雄二,社台レースホース,,202306010104
14,1,2,ニシノムネヲウツ,牡4,57,野中悠太,1:57.7,2,**,,,,,9-10-14-15,40.8,71.1,11,506(0),,,,[東]上原博之,西山茂行,,202306010104
15,6,11,トラストドーベル,牝5,56,吉田豊,1:57.8,1/2,**,,,,,12-11-10-11,41.4,124.7,12,510(+22),,,,[東]高橋文雅,菅波雅巳,,202306010104
16,5,9,ヴィグルズマン,セ5,58,内田博幸,2:01.3,大,**,,,,,9-11-16-16,43.6,325.6,16,462(+12),,,,[東]萱野浩二,ＫＡＪＩＭＯＴＯホールディングス,,202306010104
1,1,1,メタルスピード,牡3,56,戸崎圭太,1:34.1,,**,,,,,6-5-3,35.3,6.9,4,510(+4),,,,[東]斎藤誠,ＨｉｍＲｏｃｋＲａｃｉｎｇホールディングス,550.0,202306010105
2,2,3,サルヴァトーレ,牡3,56,三浦皇成,1:34.1,アタマ,**,,,,,1-1-1,35.7,3.7,1,474(-2),,,,[東]和田正一,ノースヒルズ,220.0,202306010105
3,8,16,コントラポスト,牡3,56,田辺裕信,1:34.6,2.1/2,**,,,,,14-9-7,35.4,4.1,2,460(-10),,,,[東]菊沢隆徳,ライオンレースホース,140.0,202306010105
4,3,5,ウィンターダフネ,牝3,54,横山和生,1:34.8,1.1/2,**,,,,,6-5-5,36.0,7.3,5,476(-2),,,,[東]国枝栄,金子真人ホールディングス,83.0,202306010105
5,2,4,シルバーステラ,牝3,52,原優介,1:34.8,クビ,**,,,,,2-2-2,36.3,70.6,11,414(-6),,,,[東]武市康男,井山登,55.0,202306010105
6,8,15,コンスピキュアス,牡3,56,大野拓弥,1:34.9,1/2,**,,,,,11-11-10,35.6,25.2,8,456(+4),,,,[東]栗田徹,村野康司,,202306010105
7,4,8,コスモスプモーニ,牡3,56,丹内祐次,1:35.0,クビ,**,,,,,2-3-3,36.4,162.6,15,462(-2),,,,[東]松山将樹,ビッグレッドファーム,,202306010105
8,7,14,ニシノトレンディー,牝3,54,武豊,1:35.2,1.1/4,**,,,,,4-3-5,36.5,4.7,3,494(+4),,,,[東]小手川準,西山茂行,,202306010105
9,7,13,トクシーカイザー,牡3,56,菊沢一樹,1:35.2,アタマ,**,,,,,9-7-7,36.3,18.6,6,460(+2),,,,[東]小島茂之,ＡＩレーシング,,202306010105
10,3,6,コースタルタウン,牝3,53,永野猛蔵,1:35.4,1.1/4,**,,,,,12-13-12,35.9,222.6,16,416(+2),,,,[東]黒岩陽一,Ｇ１レーシング,,202306010105
11,1,2,ヒルズカーン,牡3,56,吉田豊,1:35.6,3/4,**,,,,,14-15-13,36.0,42.8,10,480(+4),,,,[東]松永康利,湯澤寛,,202306010105
12,5,10,ニシノカナン,牡3,56,勝浦正樹,1:35.7,1/2,**,,,,,9-9-7,36.6,79.4,13,506(+8),,,,[東]杉浦宏昭,西山茂行,,202306010105
13,4,7,ニシノスナイパー,牡3,56,武藤雅,1:36.2,3,**,,,,,16-16-15,36.0,72.5,12,464(+2),,,,[東]手塚貴久,西山茂行,,202306010105
14,6,12,ロマンスオーサー,牡3,56,バシュロ,1:36.4,1.1/2,**,,,,,12-12-13,37.0,31.3,9,496(+2),,,,[東]加藤征弘,ゴドルフィン,,202306010105
15,6,11,クリノリアルレディ,牝3,54,松岡正海,1:36.5,3/4,**,,,,,4-7-10,37.5,138.5,14,476(+2),,,,[東]伊藤伸一,栗本博晴,,202306010105
16,5,9,ソルエストレーラ,牝3,54,田中勝春,1:43.6,大,**,,,,,6-13-16,44.1,20.5,7,428(0),,,,[東]宗像義忠,ウエスト．フォレスト．ステイブル,,202306010105
1,5,5,アヴニールドブリエ,牡3,56,バシュロ,2:00.8,,**,,,,,8-8-4-2,35.8,4.0,2,510(+2),,,,[東]宮田敬介,シルクレーシング,780.0,202306010106
2,2,2,キミノナハマリア,牝3,54,鮫島良太,2:01.0,1.1/4,**,,,,,3-2-4-4,36.0,7.3,3,486(-4),,,,[西]千田輝彦,浦野和由,310.0,202306010106
3,7,7,ハウゼ,牡3,56,三浦皇成,2:01.0,クビ,**,,,,,2-2-2-1,36.2,7.5,4,510(+12),,,,[東]田中博康,ＣＨＥＶＡＬＡＴＴＡＣＨＥ,200.0,202306010106
4,7,8,イージーオンミー,牝3,54,石橋脩,2:01.2,3/4,**,,,,,5-5-4-5,36.2,48.0,8,428(-6),,,,[東]中舘英二,坂東牧場,120.0,202306010106
5,8,10,シリアルノヴェル,牡3,56,横山武史,2:01.4,1.1/2,**,,,,,5-5-4-5,36.3,8.2,5,476(+4),,,,[東]伊藤圭三,社台レースホース,78.0,202306010106
6,4,4,ビターグラッセ,牝3,54,田辺裕信,2:01.8,2.1/2,**,,,,,7-7-8-5,36.5,2.1,1,500(0),,,,[東]栗田徹,山口功一郎,,202306010106
7,1,1,トーセンウォルト,牡3,56,田中勝春,2:02.1,1.3/4,**,,,,,9-9-9-8,36.6,91.4,9,458(-4),,,,[東]小桧山悟,島川隆哉,,202306010106
8,3,3,マジカルワード,牝3,54,大野拓弥,2:02.1,クビ,**,,,,,1-1-1-2,37.4,27.3,7,452(-10),,,,[東]大竹正博,村野康司,,202306010106
9,8,9,ビップクロエ,牝3,54,戸崎圭太,2:05.9,大,**,,,,,3-2-2-8,41.0,13.5,6,452(-2),,,,[西]松下武士,鈴木邦英,,202306010106
取,6,6,マイネルモーント,牡3,56,Ｍ．デム,,,**,,,,,,,---,,計不,,,,[東]高木登,サラブレッドクラブ・ラフィアン,,202306010106
1,6,11,ブルーカルセドニー,牝5,56,Ｍ．デム,1:54.5,,**,,,,,8-9-9-11,39.0,18.0,8,452(+10),,,,[東]小野次郎,ＫＲジャパン,"1,140.0",202306010107
2,4,8,オレデイイノカ,牡5,58,内田博幸,1:54.5,ハナ,**,,,,,3-3-3-3,39.8,6.3,3,504(+6),,,,[東]古賀慎明,福島徳佑,460.0,202306010107
3,1,1,ローズボウル,牡5,58,石川裕紀,1:54.5,ハナ,**,,,,,13-12-14-14,38.5,19.6,9,518(+10),,,,[東]林徹,グリーンファーム,290.0,202306010107
4,3,5,ターニングアップ,牡5,58,杉原誠人,1:54.6,アタマ,**,,,,,2-2-2-2,40.1,23.4,11,486(+10),,,,[東]石毛善彦,ミルファーム,170.0,202306010107
5,4,7,ミヤビマドンナ,牝6,56,吉田豊,1:54.6,クビ,**,,,,,8-7-8-7,39.3,59.9,13,448(+6),,,,[東]中舘英二,村上義勝,114.0,202306010107
6,2,3,アイアムイチリュウ,牡6,58,バシュロ,1:54.6,ハナ,**,,,,,15-15-9-7,39.0,9.3,5,518(+4),,,,[東]奥平雅士,堀紘一,,202306010107
7,5,10,ジョイウイン,牡6,58,石橋脩,1:54.7,クビ,**,,,,,1-1-1-1,40.4,22.2,10,496(+4),,,,[東]牧光二,石瀬浩三,,202306010107
8,6,12,サクセスエース,牡5,58,戸崎圭太,1:54.7,クビ,**,,,,,4-3-4-4,39.8,8.4,4,490(-2),,,,[東]竹内正洋,ブルースターズファーム,,202306010107
9,8,15,スイートフィル,牝5,53,佐々木大,1:54.8,クビ,**,,,,,7-7-4-4,39.9,11.0,6,472(+4),,,,[東]菊川正達,シンボリ牧場,,202306010107
10,3,6,サラフィエル,牡4,57,菊沢一樹,1:54.8,クビ,**,,,,,10-9-9-11,39.2,5.6,2,452(+10),,,,[東]鈴木慎太,木部厳生,,202306010107
11,7,13,トーホウボルツ,牡5,58,野中悠太,1:54.9,1/2,**,,,,,10-11-13-11,39.2,111.7,15,488(+6),,,,[東]嘉藤貴行,東豊物産,,202306010107
12,1,2,サイモンルモンド,セ6,58,丸山元気,1:54.9,クビ,**,,,,,16-16-16-16,38.5,227.0,16,460(+6),,,,[東]小桧山悟,澤田昭紀,,202306010107
13,7,14,バルサミックムーン,セ6,56,小林脩斗,1:55.0,1/2,**,,,,,4-6-7-7,39.8,16.4,7,518(+20),,,,[東]武藤善則,高橋文男,,202306010107
14,5,9,プリンスミノル,牡4,57,田辺裕信,1:55.2,1,**,,,,,12-12-9-7,39.6,3.6,1,468(+8),,,,[東]中舘英二,吉岡實,,202306010107
15,8,16,アシタガアルサ,牡5,58,江田照男,1:55.5,2,**,,,,,13-14-14-14,39.4,72.0,14,480(+14),,,,[東]小笠倫弘,千葉正人,,202306010107
16,2,4,サバンナモンキー,牡4,55,横山琉人,1:56.1,3.1/2,**,,,,,4-3-4-6,41.1,39.3,12,470(+4),,,,[東]相沢郁,石瀬浩三,,202306010107
1,6,11,スズカコテキタイ,牡4,58,バシュロ,1:11.1,,**,,,,,8-6,36.7,3.0,1,502(+2),,,,[東]奥村武,永井啓弍,"1,140.0",202306010108
2,5,9,スマートラプター,牡4,58,武豊,1:11.3,1.1/4,**,,,,,2-2,37.5,4.1,2,514(0),,,,[西]西園正都,大川徹,460.0,202306010108
3,4,7,ミロワール,牝4,56,横山武史,1:11.4,クビ,**,,,,,1-1,37.8,4.3,3,438(+4),,,,[西]安田隆行,雅苑興業,290.0,202306010108
4,3,5,ブルースコード,牡5,56,小林凌大,1:11.7,2,**,,,,,3-3,37.7,32.7,7,490(+6),,,,[東]伊藤圭三,ビクトリーホースランチ,170.0,202306010108
5,8,15,サウスジェラート,牝5,56,三浦皇成,1:11.8,クビ,**,,,,,3-3,37.8,7.7,4,488(+2),,,,[東]伊坂重信,谷岡牧場,114.0,202306010108
6,3,4,ペガサスターボ,牡6,56,原優介,1:11.9,1,**,,,,,14-14,36.9,43.1,10,532(+22),,,,[東]勢司和浩,坪野谷和平,,202306010108
7,2,3,ポピュラーソング,牝6,56,丸山元気,1:12.0,クビ,**,,,,,10-9,37.5,224.3,14,452(+2),,,,[東]土田稔,酒井孝敏,,202306010108
8,4,6,テイルウインド,牡5,58,武藤雅,1:12.0,クビ,**,,,,,10-9,37.4,142.5,13,494(-10),,,,[東]武藤善則,高橋文男,,202306010108
9,5,8,ダイシンウィット,牡6,58,大野拓弥,1:12.0,ハナ,**,,,,,6-6,37.7,57.0,11,502(-10),,,,[東]小笠倫弘,大八木信行,,202306010108
10,8,14,マリーアミノル,牝5,54,小林脩斗,1:12.1,3/4,**,,,,,6-6,37.9,37.8,9,420(-2),,,,[東]中舘英二,吉岡實,,202306010108
11,2,2,コルニリア,牡6,58,杉原誠人,1:12.2,クビ,**,,,,,8-9,37.8,91.6,12,458(-2),,,,[東]大和田成,ミルファーム,,202306010108
12,6,10,フォックススリープ,セ5,58,内田博幸,1:12.4,1,**,,,,,12-12,37.6,10.9,5,470(0),,,,[東]武井亮,石瀬浩三,,202306010108
13,7,12,パクスジャポニカ,牡5,58,黛弘人,1:12.4,アタマ,**,,,,,14-15,37.3,314.2,15,490(+2),,,,[東]浅野洋一,田頭勇貴,,202306010108
14,7,13,ウメタロウ,牡8,58,丸田恭介,1:12.4,クビ,**,,,,,5-5,38.3,33.6,8,518(+4),,,,[東]伊藤大士,ミルファーム,,202306010108
15,1,1,セイウンシデン,牡4,57,永野猛蔵,1:12.6,3/4,**,,,,,12-12,37.7,11.7,6,518(+2),,,,[東]稲垣幸雄,西山茂行,,202306010108
1,7,9,ウィルソンテソーロ,牡4,57,戸崎圭太,1:52.3,,**,,,,,3-3-3-2,37.4,1.5,1,494(+8),,,,[東]田中博康,了徳寺健二ホールディングス,"1,868.0",202306010109
2,8,11,ベストリーガード,牡4,57,津村明秀,1:52.6,1.3/4,**,,,,,1-1-1-1,38.1,5.2,2,480(+2),,,,[東]牧光二,石瀬浩三,748.0,202306010109
3,3,3,トラモント,セ6,58,北村宏司,1:52.7,1,**,,,,,5-5-5-4,37.6,13.2,5,512(+6),,,,[東]新開幸一,シルクレーシング,464.0,202306010109
4,4,4,オンザライン,牡5,58,横山武史,1:52.8,1/2,**,,,,,3-3-3-2,37.9,8.4,3,458(+2),,,,[東]大和田成,久保田定,280.0,202306010109
5,8,12,ダノンブレット,牡5,58,バシュロ,1:53.4,3.1/2,**,,,,,8-8-8-10,37.9,9.3,4,516(+10),,,,[東]菊沢隆徳,ダノックス,184.0,202306010109
6,5,6,カフェスペランツァ,牡6,58,吉田豊,1:53.6,1.1/4,**,,,,,8-8-7-6,38.2,257.7,11,514(+2),,,,[東]中舘英二,西川恭子,,202306010109
7,6,8,ヴィジョンオブラヴ,牡8,58,丸田恭介,1:53.8,1.1/4,**,,,,,12-12-12-11,37.2,139.3,10,506(+10),,,,[東]新開幸一,大塚亮一,,202306010109
8,5,5,ペイシャクェーサー,牝5,56,丹内祐次,1:53.9,クビ,**,,,,,7-7-8-7,38.4,290.8,12,478(0),,,,[東]蛯名利弘,北所直人,,202306010109
9,2,2,タヒチアンダンス,牝4,55,Ｍ．デム,1:53.9,アタマ,**,,,,,10-10-8-9,38.4,14.5,6,472(0),,,,[東]加藤征弘,吉田照哉,,202306010109
10,6,7,スズカデレヤ,牡6,58,武豊,1:53.9,ハナ,**,,,,,11-11-11-11,37.6,43.6,7,528(+4),,,,[西]大橋勇樹,永井啓弍,,202306010109
11,7,10,フィストバンプ,牡7,58,田中勝春,1:54.6,4,**,,,,,5-5-5-7,39.4,122.5,9,494(+8),,,,[東]松永康利,小林竜太郎,,202306010109
12,1,1,タイセイスラッガー,牡5,58,松岡正海,1:54.6,アタマ,**,,,,,2-2-2-4,39.9,68.0,8,544(+4),,,,[東]高橋裕,田中成奉,,202306010109
1,8,13,クルゼイロドスル,牡3,56,Ｍ．デム,1:33.7,,**,,,,,1-1-1,35.6,3.5,2,474(+6),,,,[西]高橋義忠,ゴドルフィン,"2,031.5",202306010110
2,7,11,ニシノライコウ,牡3,56,永野猛蔵,1:34.4,4,**,,,,,2-2-2,36.2,13.1,4,484(0),,,,[東]古賀慎明,西山茂行,809.0,202306010110
3,2,2,フルメタルボディー,牡3,56,北村宏司,1:34.4,ハナ,**,,,,,3-4-3,36.0,13.9,5,500(-4),,,,[西]清水久詞,社台レースホース,504.5,202306010110
4,4,4,トーセントラム,牡3,56,田中勝春,1:34.7,1.1/2,**,,,,,12-12-8,35.1,111.4,13,434(+6),,,,[東]小桧山悟,島川隆哉,300.0,202306010110
5,1,1,フィンガークリック,牝3,54,津村明秀,1:34.8,3/4,**,,,,,7-10-5,35.8,27.9,8,504(+6),,,,[東]水野貴広,吉田照哉,200.0,202306010110
6,7,10,ノッキングポイント,牡3,56,横山武史,1:34.9,クビ,**,,,,,3-6-5,36.4,2.1,1,482(+8),,,,[東]木村哲也,サンデーレーシング,,202306010110
7,5,7,オメガリッチマン,牡3,56,横山和生,1:35.2,2,**,,,,,12-7-8,36.3,20.9,7,444(+10),,,,[西]安田翔伍,原禮子,,202306010110
8,5,6,マイネルフォルツァ,牡3,56,丹内祐次,1:35.3,アタマ,**,,,,,9-7-11,36.4,107.7,12,498(+4),,,,[東]金成貴史,サラブレッドクラブ・ラフィアン,,202306010110
9,4,5,ドンデンガエシ,牡3,56,大野拓弥,1:35.4,1/2,**,,,,,7-7-8,36.5,6.8,3,476(+2),,,,[東]尾関知人,岩切企画,,202306010110
10,6,8,グローリーカフェ,牝3,54,田辺裕信,1:35.6,1.1/4,**,,,,,10-13-13,35.4,81.1,11,446(+4),,,,[東]中舘英二,西川光一,,202306010110
11,3,3,アスクメークシェア,牡3,56,戸崎圭太,1:35.6,クビ,**,,,,,10-11-11,36.3,28.9,9,494(+14),,,,[西]藤原英昭,廣崎利洋,,202306010110
12,8,12,サトノヴィレ,牡3,56,武豊,1:35.7,3/4,**,,,,,3-3-3,37.4,19.9,6,498(+10),,,,[東]鹿戸雄一,里見治,,202306010110
13,6,9,ナイトオブバンド,牡3,57,バシュロ,1:35.8,クビ,**,,,,,3-4-5,37.4,71.2,10,506(+3),,,,[地]米谷康秀,程田真司,,202306010110
1,2,3,ラーグルフ,牡4,56,戸崎圭太,2:00.2,,**,**,**,**,**,7-7-5-5,35.4,4.5,1,500(+8),,,,[東]宗像義忠,村木隆,"4,362.3",202306010111
2,1,2,クリノプレミアム,牝6,55,Ｍ．デム,2:00.2,ハナ,**,**,**,**,**,4-5-5-5,35.4,13.7,7,484(0),,,,[東]伊藤伸一,栗本博晴,"1,717.8",202306010111
3,3,5,フェーングロッテン,牡4,56,松若風馬,2:00.2,アタマ,**,**,**,**,**,1-1-1-1,35.9,4.6,2,480(+8),,,,[西]宮本博,サンデーレーシング,"1,108.9",202306010111
4,4,7,アラタ,牡6,57,横山武史,2:00.2,クビ,**,**,**,**,**,7-7-8-8,35.2,10.4,5,484(+24),,,,[東]和田勇介,村田能光,650.0,202306010111
5,1,1,マテンロウレオ,牡4,57.5,横山和生,2:00.3,クビ,**,**,**,**,**,10-10-8-9,35.2,6.0,3,478(+2),,,,[西]昆貢,寺田千代乃,430.0,202306010111
6,8,15,レッドランメルト,牡4,55,北村宏司,2:00.5,1,**,**,**,**,**,4-5-5-2,35.8,8.3,4,510(0),,,,[東]国枝栄,東京ホースレーシング,,202306010111
7,4,8,カレンルシェルブル,牡5,56,斎藤新,2:00.5,ハナ,**,**,**,**,**,13-13-13-13,35.2,10.5,6,508(-4),,,,[西]安田翔伍,鈴木隆司,,202306010111
8,7,13,フォワードアゲン,セ6,54,江田照男,2:00.5,クビ,**,**,**,**,**,11-11-13-13,35.1,147.0,17,436(0),,,,[東]中野栄治,浅川皓司,,202306010111
9,6,11,ラーゴム,牡5,58,バシュロ,2:00.5,アタマ,**,**,**,**,**,13-13-11-9,35.3,18.8,9,528(-1),,,,[西]斉藤崇史,林正道,,202306010111
10,8,17,エヴァーガーデン,牝6,53,丹内祐次,2:00.9,2,**,**,**,**,**,4-3-3-2,36.4,74.1,14,496(+6),,,,[東]深山雅史,コスモヴューファーム,,202306010111
11,3,6,スカーフェイス,牡7,56,石橋脩,2:00.9,クビ,**,**,**,**,**,17-17-17-17,35.1,63.6,13,462(+8),,,,[西]橋田満,伊藤佳幸,,202306010111
12,2,4,レインカルナティオ,牡6,55,石川裕紀,2:00.9,アタマ,**,**,**,**,**,7-9-8-9,35.8,23.6,10,506(+6),,,,[東]小西一男,サンデーレーシング,,202306010111
13,5,9,ヒュミドール,セ7,56,田辺裕信,2:01.2,1.3/4,**,**,**,**,**,15-16-15-15,35.7,138.3,16,464(+2),,,,[東]小手川準,サンライズ,,202306010111
14,6,12,ウインキートス,牝6,55,松岡正海,2:01.3,3/4,**,**,**,**,**,2-2-3-5,36.7,14.8,8,486(+8),,,,[東]宗像義忠,ウイン,,202306010111
15,5,10,コスモカレンドゥラ,牡7,56,柴田大知,2:01.4,3/4,**,**,**,**,**,3-3-2-4,37.0,99.5,15,474(+4),,,,[東]田中博康,ビッグレッドファーム,,202306010111
16,7,14,ワンダフルタウン,牡5,58,津村明秀,2:01.6,3/4,**,**,**,**,**,15-13-15-15,36.1,38.9,11,482(+8),,,,[西]高橋義忠,三田昌宏,,202306010111
17,8,16,ゴールドスミス,セ9,57,大野拓弥,2:01.8,1.1/2,**,**,**,**,**,11-11-11-12,36.6,40.5,12,534(+6),,,,[東]高柳瑞樹,ゴドルフィン,,202306010111
1,1,1,ローシャムパーク,牡4,57,戸崎圭太,2:00.2,,**,,,,,6-6-4-4,34.8,1.4,1,502(+8),,,,[東]田中博康,サンデーレーシング,"1,140.0",202306010112
2,8,13,ボーンディスウェイ,牡4,57,石橋脩,2:00.4,1.1/4,**,,,,,4-4-3-2,35.1,8.2,3,494(+4),,,,[東]牧光二,平田修,460.0,202306010112
3,6,10,アドマイヤハレー,牡5,58,バシュロ,2:01.0,3.1/2,**,,,,,10-10-9-8,35.1,11.2,4,478(+6),,,,[東]宮田敬介,近藤旬子,290.0,202306010112
4,8,14,マイネルクリソーラ,牡4,57,Ｍ．デム,2:01.1,3/4,**,,,,,8-8-9-10,35.3,5.5,2,458(0),,,,[東]中野栄治,サラブレッドクラブ・ラフィアン,170.0,202306010112
5,5,7,ヴェールランス,牡4,57,横山武史,2:01.2,1/2,**,,,,,3-3-2-2,36.0,18.2,5,442(-6),,,,[西]藤岡健一,社台レースホース,114.0,202306010112
6,3,4,マイネルステレール,牡7,58,丹内祐次,2:01.3,1/2,**,,,,,4-5-6-4,35.8,201.5,12,488(+2),,,,[東]菊川正達,サラブレッドクラブ・ラフィアン,,202306010112
7,3,3,ポッドヴァイン,牡4,57,横山和生,2:01.4,3/4,**,,,,,8-9-12-13,35.4,89.1,10,420(+8),,,,[東]小野次郎,小川眞査雄,,202306010112
8,2,2,ヤマニンプレシオサ,牝6,56,木幡巧也,2:01.4,ハナ,**,,,,,7-7-6-6,35.8,162.9,11,480(0),,,,[東]辻哲英,土井肇,,202306010112
9,4,5,タイセイドリーマー,牡5,58,三浦皇成,2:01.6,1.1/4,**,,,,,10-12-13-12,35.4,57.3,7,512(+6),,,,[西]矢作芳人,田中成奉,,202306010112
10,7,12,ノーダブルディップ,牡5,58,津村明秀,2:01.7,クビ,**,,,,,13-13-6-6,36.2,42.3,6,544(+6),,,,[東]古賀慎明,丸山担,,202306010112
11,7,11,ウインチェレステ,牡5,58,松岡正海,2:01.8,1/2,**,,,,,1-1-1-1,36.7,58.7,8,504(-8),,,,[東]畠山吉宏,ウイン,,202306010112
12,5,8,パトリックハンサム,牡4,57,勝浦正樹,2:02.5,4,**,,,,,10-10-9-8,36.6,59.8,9,472(+10),,,,[東]菊沢隆徳,宮崎俊也,,202306010112
13,6,9,パワータイショウ,牡4,56,永野猛蔵,2:02.6,1,**,,,,,13-13-14-14,36.3,291.7,14,498(-2),,,,[西]村山明,西村新一郎,,202306010112
14,4,6,スラップショット,セ5,58,大野拓弥,2:03.4,5,**,,,,,2-2-4-10,38.0,225.2,13,498(-4),,,,[東]大竹正博,ノースヒルズ,,202306010112
1,3,6,リネンマリン,牝3,54,内田博幸,1:12.4,,**,,,,,2-2,38.1,1.8,1,488(+8),,,,[東]深山雅史,戸山光男,550.0,202306010201
2,1,2,スティルディマーレ,牡3,56,横山武史,1:12.8,2.1/2,**,,,,,1-1,38.6,3.5,2,528(+6),,,,[東]国枝栄,キャロットファーム,220.0,202306010201
3,8,15,ベルウッドタイガー,牡3,56,Ｍ．デム,1:12.8,クビ,**,,,,,5-4,38.0,7.7,3,438(+6),,,,[東]和田雄二,鈴木照雄,140.0,202306010201
4,2,4,シティウォリアー,牝3,54,杉原誠人,1:13.7,5,**,,,,,6-6,38.6,79.9,9,454(+10),,,,[東]稲垣幸雄,高昭牧場,83.0,202306010201
5,7,13,ピーチコーラル,牝3,51,佐々木大,1:13.9,1,**,,,,,10-10,38.4,267.4,12,408(-4),,,,[東]辻哲英,前田ファーム,55.0,202306010201
6,4,8,シンデレラスマイル,牝3,54,武藤雅,1:14.0,1/2,**,,,,,14-13,38.1,10.3,4,432(+4),,,,[東]武藤善則,佐々木雄二,,202306010201
7,2,3,シェイクオンイット,牡3,56,丹内祐次,1:14.3,1.3/4,**,,,,,12-10,38.7,252.8,11,484(+8),,,,[東]清水英克,コスモヴューファーム,,202306010201
8,4,7,モノノフイエロー,牡3,56,伊藤工真,1:14.5,1.1/4,**,,,,,10-9,39.0,29.0,7,450(0),,,,[東]伊坂重信,ウエスト．フォレスト．ステイブル,,202306010201
9,6,11,テリオスノア,牝3,54,三浦皇成,1:14.5,ハナ,**,,,,,3-3,39.9,31.4,8,458(-6),,,,[東]田島俊明,鈴木美江子,,202306010201
10,8,16,オスカーレイ,牝3,52,山田敬士,1:14.6,1/2,**,,,,,6-7,39.5,503.5,15,406(+6),,,,[東]小桧山悟,森保彦,,202306010201
11,7,14,ジャッカルズサン,牡3,55,秋山稔樹,1:14.7,3/4,**,,,,,8-10,39.5,427.0,14,426(+6),,,,[東]浅野洋一,木部厳生,,202306010201
12,1,1,ライヴケチャップ,牝3,53,永野猛蔵,1:15.2,3,**,,,,,12-14,39.5,26.7,6,500(+8),,,,[東]尾形和幸,澤田孝之,,202306010201
13,6,12,デルマツキオトシ,牡3,56,的場勇人,1:15.2,クビ,**,,,,,8-7,40.0,383.9,13,460(+4),,,,[東]的場均,浅沼廣幸,,202306010201
14,3,5,グランフォーブル,牡3,56,丸山元気,1:16.4,7,**,,,,,15-15,40.0,20.0,5,464(-6),,,,[東]土田稔,飯田訓大,,202306010201
15,5,9,トムワールド,牡3,54,小林凌大,1:17.1,4,**,,,,,16-16,39.9,564.2,16,450(-2),,,,[東]伊藤伸一,柳橋俊昭,,202306010201
16,5,10,リュバンスリーズ,牝3,52,原優介,1:17.7,3.1/2,**,,,,,3-4,43.2,116.2,10,418(+4),,,,[東]小手川準,小野寺悠太,,202306010201
1,2,4,エスシービビ,牝3,54,横山武史,1:56.3,,**,,,,,1-1-1-1,39.6,6.5,4,458(-14),,,,[東]加藤士津,工藤圭司,550.0,202306010202
2,7,13,レジュークレール,牝3,52,原優介,1:56.8,3,**,,,,,3-3-3-3,39.7,3.9,2,442(-4),,,,[東]青木孝文,山下貴,220.0,202306010202
3,4,8,ジュタドール,牝3,54,木幡巧也,1:57.1,1.3/4,**,,,,,2-2-2-2,40.3,5.9,3,478(+4),,,,[東]牧光二,諸岡慶,140.0,202306010202
4,1,1,テンホワイトラブ,牝3,54,田辺裕信,1:57.3,1,**,,,,,4-3-3-3,40.3,2.2,1,506(+2),,,,[東]小西一男,天白泰司,83.0,202306010202
5,8,16,ジューンリリー,牝3,54,松岡正海,1:57.5,1.1/4,**,,,,,6-5-5-5,40.3,27.0,6,450(-6),,,,[東]堀内岳志,手嶋美季,55.0,202306010202
6,2,3,ヒラリーステップ,牝3,54,柴田大知,1:57.7,1.1/4,**,,,,,11-11-7-8,40.1,92.3,8,462(-2),,,,[東]天間昭一,ビッグレッドファーム,,202306010202
7,3,6,カヤドーブラック,牝3,53,永野猛蔵,1:58.2,3,**,,,,,11-11-11-10,40.2,239.6,14,464(+6),,,,[東]黒岩陽一,黒澤尚,,202306010202
8,4,7,アルマドゥーラ,牝3,52,藤田菜七,1:58.5,2,**,,,,,16-15-15-14,39.4,167.3,11,454(0),,,,[東]根本康広,田頭勇貴,,202306010202
9,6,12,カナデルアイ,牝3,54,武藤雅,1:58.6,1/2,**,,,,,7-7-7-6,41.1,51.9,7,464(+4),,,,[東]水野貴広,佐山元章,,202306010202
10,6,11,デオヴォレンティ,牝3,54,江田照男,1:58.6,クビ,**,,,,,9-10-11-12,40.6,311.6,15,454(0),,,,[東]大江原哲,岡田牧雄,,202306010202
11,1,2,クレアチョウサン,牝3,54,石川裕紀,1:58.8,3/4,**,,,,,13-13-13-13,40.4,206.9,12,476(+12),,,,[東]石毛善彦,チョウサン,,202306010202
12,7,14,メグ,牝3,54,菊沢一樹,1:58.8,ハナ,**,,,,,8-8-7-8,41.3,224.0,13,488(-2),,,,[東]勢司和浩,木村廣太,,202306010202
13,8,15,セントマーガレット,牝3,54,丸山元気,1:59.4,3.1/2,**,,,,,9-9-5-6,42.1,8.9,5,462(0),,,,[東]金成貴史,シルクレーシング,,202306010202
14,5,9,サイモンカリン,牝3,54,野中悠太,1:59.6,1.1/4,**,,,,,15-15-16-16,39.9,346.7,16,448(+6),,,,[東]根本康広,澤田昭紀,,202306010202
15,3,5,ケレンシア,牝3,54,杉原誠人,2:00.0,2.1/2,**,,,,,4-5-7-10,42.5,121.7,10,466(+20),,,,[東]村田一誠,ミルファーム,,202306010202
16,5,10,フレンドリーサン,牝3,52,横山琉人,2:00.0,クビ,**,,,,,13-13-14-15,41.2,96.6,9,450(+6),,,,[東]大和田成,増山武志,,202306010202
1,2,4,ハードワイヤード,牡3,56,ムルザバ,1:12.8,,**,,,,,1-1,38.0,3.8,2,510(0),,,,[東]加藤征弘,ゴドルフィン,620.0,202306010203
2,3,6,ニットウバジル,牡3,54,横山琉人,1:13.1,2,**,,,,,7-7,37.5,33.5,9,510(0),,,,[東]高橋文雅,日東牧場,250.0,202306010203
3,7,13,カサブランカキッド,牡3,56,横山武史,1:13.6,2.1/2,**,,,,,5-3,38.2,4.7,3,518(0),,,,[東]和田勇介,山本雅道,160.0,202306010203
4,2,3,ジェイエルトランス,牝3,52,小林凌大,1:13.6,ハナ,**,,,,,3-2,38.5,49.5,11,408(0),,,,[東]小西一男,橋元幸人,93.0,202306010203
5,5,10,パネース,牡3,56,木幡巧也,1:14.3,4,**,,,,,7-3,38.6,12.2,5,458(0),,,,[東]牧光二,天堀忠博,62.0,202306010203
6,6,11,マロンドレ,牡3,56,菅原明良,1:14.3,ハナ,**,,,,,5-3,39.0,33.3,8,456(0),,,,[東]大竹正博,伊藤功一,,202306010203
7,8,16,テマリ,牝3,52,藤田菜七,1:14.4,クビ,**,,,,,7-9,38.7,38.9,10,412(0),,,,[東]深山雅史,武田浩典,,202306010203
8,5,9,カツノトクシン,牡3,56,江田照男,1:14.6,1.1/4,**,,,,,12-12,38.2,32.2,7,430(0),,,,[東]萱野浩二,聖心台牧場,,202306010203
9,3,5,オスマン,牡3,55,永野猛蔵,1:14.7,1/2,**,,,,,7-7,39.0,90.5,13,488(0),,,,[東]加藤和宏,小原準一郎,,202306010203
10,4,7,エイジアンスター,牡3,56,田辺裕信,1:14.7,クビ,**,,,,,11-11,38.7,2.8,1,520(0),,,,[東]手塚貴久,藤田在子,,202306010203
11,7,14,モイスチャー,牡3,53,水沼元輝,1:15.2,3,**,,,,,14-14,38.7,236.3,15,504(0),,,,[東]加藤和宏,ミルファーム,,202306010203
12,4,8,サンライズアップ,牡3,56,原田和真,1:15.4,1.1/2,**,,,,,12-13,39.0,272.8,16,440(0),,,,[東]堀内岳志,本杉芳郎,,202306010203
13,1,2,クラウンエンペラー,牡3,54,小林脩斗,1:15.8,2.1/2,**,,,,,15-14,39.1,27.1,6,430(0),,,,[東]田島俊明,矢野恭裕,,202306010203
14,6,12,ロッシーニ,牝3,54,内田博幸,1:15.9,1/2,**,,,,,2-3,40.9,64.0,12,462(0),,,,[東]深山雅史,田頭勇貴,,202306010203
15,1,1,エイシンデネボラ,牝3,54,菊沢一樹,1:16.5,3.1/2,**,,,,,16-14,39.6,93.0,14,526(0),,,,[東]勢司和浩,栄進堂,,202306010203
16,8,15,メイショウイセ,牡3,56,石川裕紀,1:16.8,1.1/2,**,,,,,3-9,41.7,7.7,4,444(0),,,,[東]高柳瑞樹,松本好雄,,202306010203
1,7,9,スリーエクスプレス,牡4,56,永野猛蔵,2:36.9,,**,,,,,7-7-1-1,40.1,2.0,1,492(+6),,,,[東]伊藤圭三,永井商事,800.0,202306010204
2,6,7,フクノエヴリー,牡4,57,松岡正海,2:37.3,2.1/2,**,,,,,8-7-2-2,40.2,3.8,2,520(-8),,,,[東]堀内岳志,福島祐子,320.0,202306010204
3,4,4,サトノバトラー,セ5,58,石川裕紀,2:37.9,4,**,,,,,4-4-5-5,40.3,41.4,7,508(+6),,,,[東]堀宣行,里見治,200.0,202306010204
4,2,2,カイザーレオン,牡4,57,ムルザバ,2:37.9,ハナ,**,,,,,4-4-5-5,40.3,5.0,3,478(+4),,,,[東]伊坂重信,ノルマンディーサラブレッドレーシング,120.0,202306010204
5,8,10,ヴラディア,牡4,57,丸山元気,2:38.3,2,**,,,,,10-10-10-7,40.1,69.9,9,484(+4),,,,[東]小西一男,小泉修,80.0,202306010204
6,3,3,コパノオースティン,セ4,55,横山琉人,2:39.3,6,**,,,,,9-9-9-7,41.3,246.5,11,506(+2),,,,[西]村山明,小林祥晃,,202306010204
7,5,5,ロードレアル,牡4,57,バシュロ,2:39.4,1/2,**,,,,,2-2-3-3,42.0,14.9,5,464(+2),,,,[東]堀内岳志,ロードホースクラブ,,202306010204
8,7,8,キアヌマウナ,牝5,56,黛弘人,2:39.8,2.1/2,**,,,,,10-10-10-11,41.6,114.5,10,498(+20),,,,[東]和田雄二,ターフ・スポート,,202306010204
9,1,1,パワーエンブレム,牡4,57,宮崎北斗,2:40.0,1,**,,,,,2-2-3-3,42.6,43.8,8,506(+4),,,,[東]中川公成,京都ホースレーシング,,202306010204
10,8,11,エコロエース,牡4,57,丹内祐次,2:40.8,5,**,,,,,4-4-5-10,43.1,16.3,6,510(0),,,,[東]矢野英一,原村正紀,,202306010204
11,6,6,タイキマクスウェル,牡4,57,木幡巧也,2:41.8,6,**,,,,,1-1-5-7,44.1,9.3,4,514(+4),,,,[東]伊藤大士,大樹ファーム,,202306010204
1,2,3,シルバージュエリー,牝3,54,杉原誠人,1:35.5,,**,,,,,2-1-1,35.6,7.1,4,452(0),,,,[東]加藤士津,Ｇ１レーシング,620.0,202306010205
2,1,1,リーリオブランコ,牝3,53,秋山稔樹,1:36.0,3.1/2,**,,,,,3-3-4,35.5,24.7,7,430(0),,,,[東]清水英克,スマイルファーム,250.0,202306010205
3,8,16,ウインレイアー,牝3,54,津村明秀,1:36.2,1,**,,,,,3-3-3,35.7,10.4,5,450(0),,,,[東]和田雄二,ウイン,160.0,202306010205
4,6,11,アシャカタカ,牡3,56,横山武史,1:36.3,1,**,,,,,1-2-2,36.0,3.2,1,472(0),,,,[東]鈴木伸尋,吉冨学,93.0,202306010205
5,2,4,クーラント,牝3,54,勝浦正樹,1:36.6,1.3/4,**,,,,,5-7-6,35.8,64.0,13,418(0),,,,[東]西田雄一,市瀬章,62.0,202306010205
6,3,6,ノーサンブリア,牝3,54,石橋脩,1:36.8,1,**,,,,,14-13-13,35.1,26.8,8,422(0),,,,[東]稲垣幸雄,シルクレーシング,,202306010205
7,6,12,ゼファーラーテル,牡3,56,北村宏司,1:37.1,2,**,,,,,14-15-14,35.1,45.7,9,448(0),,,,[東]高柳瑞樹,吉井盛治,,202306010205
8,3,5,ラブウェイ,牝3,54,柴田大知,1:37.2,クビ,**,,,,,11-10-10,36.0,58.1,12,434(0),,,,[東]和田雄二,増田陽一,,202306010205
9,4,7,ボールズピラミッド,牡3,56,三浦皇成,1:37.3,1/2,**,,,,,5-5-5,36.6,4.0,2,466(0),,,,[東]戸田博文,窪田芳郎,,202306010205
10,7,13,サラアデール,牝3,54,田辺裕信,1:37.3,ハナ,**,,,,,11-12-6,36.0,4.8,3,462(0),,,,[東]伊藤大士,玉腰勇吉,,202306010205
11,8,15,コロラドテソーロ,牝3,54,木幡巧也,1:37.4,クビ,**,,,,,10-10-10,36.2,84.7,15,452(0),,,,[東]勢司和浩,了徳寺健二ホールディングス,,202306010205
12,5,9,エルフィンドール,牝3,54,的場勇人,1:37.5,1,**,,,,,11-8-10,36.6,52.0,10,456(0),,,,[東]的場均,静内白井牧場,,202306010205
13,7,14,リンポポヴァリー,牝3,54,武藤雅,1:39.0,9,**,,,,,8-13-15,37.4,140.8,16,424(0),,,,[東]水野貴広,ディアレストクラブ,,202306010205
14,4,8,ヒマワリムスメ,牝3,54,松岡正海,1:39.2,1.1/2,**,,,,,5-8-9,38.2,74.7,14,418(0),,,,[東]堀内岳志,前田亘輝,,202306010205
15,5,10,オータムエッジ,牡3,56,原田和真,1:39.7,3,**,,,,,9-5-6,39.1,57.0,11,468(0),,,,[東]金成貴史,レッドマジック,,202306010205
16,1,2,デザイアーフェーム,牡3,56,田中勝春,1:40.0,1.1/2,**,,,,,16-16-16,37.4,17.2,6,500(0),,,,[東]松永康利,小林竜太郎,,202306010205
1,1,2,モルトヴェローチェ,牡3,56,大野拓弥,2:01.2,,**,,,,,9-8-7-6,35.3,4.6,2,452(-6),,,,[東]大竹正博,ＤＭＭドリームクラブ,550.0,202306010206
2,3,5,ヤングローゼス,セ3,56,バシュロ,2:01.6,2.1/2,**,,,,,3-4-3-3,36.1,6.9,4,502(+6),,,,[東]手塚貴久,藤田晋,220.0,202306010206
3,2,3,ヴァンナチュール,牡3,56,津村明秀,2:01.8,1.1/4,**,,,,,1-1-1-1,36.4,7.0,5,460(+8),,,,[東]林徹,徳永雅樹,140.0,202306010206
4,4,7,シルバーニース,牝3,54,横山武史,2:02.0,1,**,,,,,5-5-4-4,36.3,4.7,3,446(-4),,,,[東]田村康仁,亀井哲也,83.0,202306010206
5,1,1,ハイファイヴ,牡3,56,松岡正海,2:02.0,ハナ,**,,,,,3-3-4-4,36.4,50.5,10,502(+14),,,,[東]堀内岳志,吉田安惠,55.0,202306010206
6,6,11,ペリプルス,牡3,56,柴田大知,2:02.5,3,**,,,,,15-14-14-12,36.0,143.0,12,438(-2),,,,[東]佐藤吉勝,ビッグレッドファーム,,202306010206
7,8,15,グリーングラシア,牡3,56,木幡巧也,2:02.5,クビ,**,,,,,8-8-7-8,36.5,55.1,11,490(0),,,,[東]武市康男,矢野恭裕,,202306010206
8,3,6,トーセンダリア,牝3,54,北村宏司,2:02.5,ハナ,**,,,,,16-16-16-15,35.7,19.6,8,440(0),,,,[東]古賀慎明,島川隆哉,,202306010206
9,8,16,モリーダーリン,牝3,54,菅原明良,2:02.8,1.3/4,**,,,,,2-2-2-2,37.4,4.2,1,484(-2),,,,[東]国枝栄,タイヘイ牧場,,202306010206
10,6,12,コスモオピニオン,牡3,56,丹内祐次,2:02.8,アタマ,**,,,,,5-5-6-6,37.0,18.8,7,484(+2),,,,[東]黒岩陽一,ビッグレッドファーム,,202306010206
11,8,17,フィールザクラウン,牡3,55,永野猛蔵,2:02.9,クビ,**,,,,,12-14-15-13,36.2,186.0,13,432(+6),,,,[東]伊藤大士,櫻井正,,202306010206
12,4,8,シンキングサベージ,牡3,56,三浦皇成,2:03.0,1/2,**,,,,,9-10-10-10,36.8,11.0,6,502(-2),,,,[東]鹿戸雄一,佐藤雄司,,202306010206
13,5,10,スマートローラ,牝3,54,武士沢友,2:03.0,クビ,**,,,,,5-7-7-8,37.1,531.0,17,416(-6),,,,[東]粕谷昌央,大川徹,,202306010206
14,5,9,フェアリーパイン,牝3,54,野中悠太,2:03.1,1/2,**,,,,,12-10-10-10,36.9,508.4,16,452(-8),,,,[東]新開幸一,飯島利彦,,202306010206
15,7,13,アリーチェ,牝3,51,佐々木大,2:03.4,1.3/4,**,,,,,11-10-10-13,37.2,238.2,14,432(-6),,,,[東]戸田博文,小濱忠一,,202306010206
16,7,14,メイショウカガ,牡3,56,石橋脩,2:04.0,3.1/2,**,,,,,17-17-16-17,37.2,19.8,9,480(-2),,,,[東]高柳瑞樹,松本好雄,,202306010206
17,2,4,ヒーステソーロ,牡3,54,原優介,2:04.3,2,**,,,,,12-13-13-16,37.9,392.5,15,496(+12),,,,[東]西田雄一,了徳寺健二ホールディングス,,202306010206
1,6,12,カイタロー,牡4,58,田辺裕信,1:11.5,,**,,,,,2-2,37.8,7.6,4,478(+16),,,,[東]和田雄二,本田恒雄,800.0,202306010207
2,5,9,トーアスカーレット,牝4,56,菊沢一樹,1:11.7,1.1/4,**,,,,,13-12,36.7,12.1,6,480(+2),,,,[東]勢司和浩,高山ランド,320.0,202306010207
3,2,3,パイツィーレン,牝4,56,横山武史,1:11.8,3/4,**,,,,,6-6,37.6,22.2,11,452(+10),,,,[東]鈴木伸尋,ウエスト．フォレスト．ステイブル,200.0,202306010207
4,3,5,キャプテンローレル,牡4,58,三浦皇成,1:11.9,クビ,**,,,,,8-6,37.5,59.5,12,476(-13),,,,[東]田村康仁,ローレルレーシング,120.0,202306010207
5,6,11,ヴァンデリオン,牡6,58,Ｍ．デム,1:11.9,クビ,**,,,,,3-3,38.0,4.6,2,496(-2),,,,[東]根本康広,サザンホールディング,80.0,202306010207
6,4,8,ニシノリース,牝5,56,丸山元気,1:12.0,3/4,**,,,,,10-11,37.3,16.3,9,440(0),,,,[東]土田稔,西山茂行,,202306010207
7,7,14,ジェネラルウィル,牝4,56,バシュロ,1:12.1,クビ,**,,,,,10-8,37.5,9.3,5,474(-4),,,,[東]嘉藤貴行,キャロットファーム,,202306010207
8,1,2,リオンラファール,セ4,56,小林凌大,1:12.1,クビ,**,,,,,8-8,37.7,7.4,3,530(0),,,,[東]矢野英一,ノルマンディーサラブレッドレーシング,,202306010207
9,4,7,アニージョ,牡4,58,柴田大知,1:12.2,1/2,**,,,,,15-16,37.1,15.3,8,524(0),,,,[東]畠山吉宏,ローレルレーシング,,202306010207
10,3,6,トランペットシェル,セ6,55,佐々木大,1:12.9,4,**,,,,,6-8,38.6,16.4,10,500(+8),,,,[東]大江原哲,谷掛龍夫,,202306010207
11,1,1,ケイティマジック,牡4,58,丹内祐次,1:12.9,クビ,**,,,,,16-12,37.5,65.9,13,492(+10),,,,[東]清水英克,瀧本和義,,202306010207
12,5,10,マスケティアーズ,牡5,56,山田敬士,1:13.1,3/4,**,,,,,13-12,38.1,504.2,16,476(+14),,,,[東]小桧山悟,加藤徹,,202306010207
13,2,4,スクリーンショット,牝4,56,木幡巧也,1:13.2,1/2,**,,,,,1-1,39.5,4.3,1,500(+6),,,,[東]杉浦宏昭,小林善一,,202306010207
14,8,15,ハクサンセレーネ,牝4,54,小林脩斗,1:13.9,4,**,,,,,5-4,39.9,108.3,14,438(+4),,,,[東]新開幸一,河崎五市,,202306010207
15,7,13,サクラトップメジャ,牝5,54,横山琉人,1:14.0,1/2,**,,,,,12-15,39.1,231.4,15,434(-6),,,,[東]武市康男,トップフェロウ,,202306010207
16,8,16,トランザクト,牡5,58,内田博幸,1:14.0,クビ,**,,,,,3-5,40.1,13.7,7,530(+24),,,,[東]武藤善則,明栄商事,,202306010207
1,8,11,ダイシンクローバー,セ7,61,森一馬,3:38.4,,,,,,,5-5-2-2,13.7,4.4,2,486(-4),,,,[西]安田隆行,大八木信行,"1,674.5",202306010208
2,8,10,ヤマニンマヒア,牡7,60,石神深一,3:38.5,クビ,,,,,,10-10-8-5,13.7,6.5,4,460(+4),,,,[東]辻哲英,土井肇,667.0,202306010208
3,7,9,ジェミニキング,セ7,61,難波剛健,3:38.7,1.1/4,,,,,,8-8-9-8,13.7,3.9,1,476(-12),,,,[西]服部利之,三宅勝俊,413.5,202306010208
4,6,6,エミーリオ,牡9,60,上野翔,3:38.9,1.1/4,,,,,,7-7-4-2,13.7,76.6,11,496(-2),,,,[東]田中剛,加藤誠,250.0,202306010208
5,5,5,テリオスルイ,牡5,60,中村将之,3:39.1,1.1/2,,,,,,2-3-2-4,13.7,5.0,3,472(-10),,,,[西]松下武士,鈴木美江子,165.0,202306010208
6,3,3,フィードバック,セ7,60,草野太郎,3:39.3,1.1/4,,,,,,8-8-9-8,13.7,14.8,7,492(+2),,,,[東]鈴木伸尋,社台レースホース,,202306010208
7,2,2,シャンボールナイト,セ8,60,蓑島靖典,3:39.3,ハナ,,,,,,1-1-1-1,13.7,38.7,9,478(+6),,,,[東]武井亮,グリーンファーム,,202306010208
8,1,1,サンティーニ,セ8,61,五十嵐雄,3:39.4,アタマ,,,,,,5-5-5-6,13.7,7.5,5,502(+12),,,,[東]尾関知人,ターフ・スポート,,202306010208
9,6,7,アノ,牡7,60,北沢伸也,3:39.6,1.1/2,,,,,,10-11-11-11,13.7,26.4,8,454(0),,,,[西]鈴木孝志,武田浩典,,202306010208
10,7,8,ギガバッケン,セ8,60,伴啓太,3:39.8,1.1/4,,,,,,4-3-5-6,13.7,7.9,6,548(+16),,,,[東]岩戸孝樹,ノルマンディーサラブレッドレーシング,,202306010208
11,4,4,ヤマノグリッターズ,牡5,60,大庭和弥,3:41.9,大,,,,,,2-2-5-10,13.9,54.0,10,506(+14),,,,[東]松山将樹,澤村敏雄,,202306010208
1,6,12,ミトノオー,牡3,56,木幡巧也,1:53.3,,**,,,,,1-1-1-1,39.5,3.6,1,498(+2),,,,[東]牧光二,ロイヤルパーク,"1,106.4",202306010209
2,5,10,タイセイマンボ,牡3,56,バシュロ,1:53.9,3.1/2,**,,,,,4-3-3-3,39.7,5.7,3,538(-4),,,,[西]高野友和,田中成奉,440.4,202306010209
3,3,5,オメガタキシード,牡3,56,横山和生,1:54.4,3,**,,,,,14-14-9-8,39.1,15.0,6,446(+2),,,,[西]松永幹夫,原禮子,275.2,202306010209
4,5,9,サノノエスポ,牝3,54,津村明秀,1:54.6,1.1/4,**,,,,,8-7-5-4,39.9,13.6,5,434(0),,,,[東]中野栄治,佐野信幸,160.0,202306010209
5,2,4,ドライブアローカス,牡3,56,横山武史,1:54.9,2,**,,,,,8-7-13-13,39.2,4.6,2,442(+2),,,,[東]小笠倫弘,吉田照哉,107.0,202306010209
6,6,11,セイカティターニア,牝3,54,横山琉人,1:55.1,1.1/4,**,,,,,6-7-8-8,40.0,254.4,16,408(-4),,,,[東]相沢郁,久米大,,202306010209
7,4,8,ピッチパーフェクト,牝3,54,丹内祐次,1:55.1,アタマ,**,,,,,10-10-9-11,39.8,7.4,4,484(+12),,,,[東]伊藤圭三,ＯＵＭＡ,,202306010209
8,4,7,アレクサ,牡3,56,斎藤新,1:55.2,クビ,**,,,,,10-10-9-8,40.0,87.3,15,494(+2),,,,[東]斎藤誠,エクワインレーシング,,202306010209
9,7,13,トゥルース,牡3,56,内田博幸,1:55.2,クビ,**,,,,,16-16-13-12,39.4,46.6,12,486(0),,,,[東]斎藤誠,飯田正剛,,202306010209
10,8,15,グランヒマラヤ,牡3,56,石川裕紀,1:55.5,1.3/4,**,,,,,2-2-2-2,41.6,18.1,8,508(+8),,,,[東]松山将樹,飯田訓大,,202306010209
11,2,3,アフトクラーティラ,牝3,54,田辺裕信,1:55.8,1.3/4,**,,,,,15-15-16-16,39.8,24.8,10,468(-2),,,,[東]菊沢隆徳,Ｇ１レーシング,,202306010209
12,8,16,シェットランド,牡3,56,ムルザバ,1:55.9,1.1/4,**,,,,,3-3-3-4,41.7,19.1,9,538(-4),,,,[東]久保田貴,村木隆,,202306010209
13,7,14,ナチュラルハイ,牡3,56,永野猛蔵,1:56.7,5,**,,,,,5-5-5-6,42.0,54.5,14,470(-2),,,,[東]黒岩陽一,山口裕介,,202306010209
14,1,2,アントニオヒロキ,牡3,56,北村宏司,1:57.2,3,**,,,,,6-5-5-6,42.5,53.8,13,464(+4),,,,[西]北出成人,ＨｉｍＲｏｃｋＲａｃｉｎｇホールディングス,,202306010209
15,1,1,フクチャンキング,牡3,56,田中勝春,1:57.3,クビ,**,,,,,12-10-12-13,41.7,35.0,11,520(0),,,,[東]加藤征弘,福田義明,,202306010209
16,3,6,トニトゥルス,牡3,56,Ｍ．デム,1:57.4,3/4,**,,,,,12-13-13-13,41.7,16.6,7,482(+14),,,,[東]新開幸一,ディアレストクラブ,,202306010209
1,7,12,テイエムトッキュウ,牡5,58,津村明秀,1:10.4,,**,,,,,1-1,37.2,17.1,9,508(+4),,,,[西]木原一良,竹園正繼,"1,875.7",202306010210
2,1,1,ニューフロンティア,牡5,58,ムルザバ,1:10.8,2.1/2,**,,,,,9-9,36.3,13.3,6,492(-4),,,,[西]田中克典,平井裕,750.2,202306010210
3,6,11,ラヴケリー,牝5,56,横山武史,1:11.0,1,**,,,,,13-13,36.0,5.0,3,460(0),,,,[西]高柳大輔,水谷昌晃,465.1,202306010210
4,5,8,アシタバ,牝5,56,丸田恭介,1:11.0,ハナ,**,,,,,3-2,37.4,14.5,7,470(-2),,,,[西]奥村豊,佐久間拓士,280.0,202306010210
5,5,9,メズメライザー,牡4,58,大野拓弥,1:11.0,クビ,**,,,,,3-4,37.3,3.2,1,528(+8),,,,[西]千田輝彦,ゴドルフィン,184.0,202306010210
6,2,2,パワフルヒロコ,牝9,56,菊沢一樹,1:11.1,クビ,**,,,,,8-7,36.9,84.8,11,458(+4),,,,[西]飯田雄三,三宅勝俊,,202306010210
7,3,5,ジオラマ,牡10,58,石川裕紀,1:11.4,2,**,,,,,15-15,36.2,230.8,14,544(0),,,,[西]西園正都,Ｇ１レーシング,,202306010210
8,4,6,キミワテル,牡5,58,武藤雅,1:11.5,クビ,**,,,,,9-9,37.1,4.4,2,492(-2),,,,[東]武藤善則,浦邊輝實,,202306010210
9,3,4,ノーリス,牡5,58,田辺裕信,1:11.5,ハナ,**,,,,,5-7,37.5,8.3,4,538(0),,,,[東]手塚貴久,榊原源一郎,,202306010210
10,8,14,ナックドロップス,牝4,56,勝浦正樹,1:11.6,1/2,**,,,,,5-5,37.7,14.9,8,462(+6),,,,[東]杉浦宏昭,小松欣也,,202306010210
11,6,10,メイショウヒバリ,牝6,56,柴田善臣,1:11.6,クビ,**,,,,,2-2,38.3,134.5,12,468(0),,,,[西]本田優,松本好雄,,202306010210
12,8,15,エスケーアタランタ,牝7,56,丹内祐次,1:11.8,3/4,**,,,,,11-11,37.0,175.9,13,480(+2),,,,[西]木原一良,菅藤孝雄,,202306010210
13,4,7,ケイサンフリーゼ,牝5,56,三浦皇成,1:11.8,アタマ,**,,,,,5-5,37.9,11.9,5,488(0),,,,[西]杉山晴紀,中西桂子,,202306010210
14,7,13,ヨドノビクトリー,牡9,58,松岡正海,1:11.9,1/2,**,,,,,13-13,36.8,372.4,15,518(+8),,,,[東]中野栄治,海原聖一,,202306010210
15,2,3,プラチナムレイアー,牡5,58,石橋脩,1:12.3,2.1/2,**,,,,,11-11,37.5,47.6,10,498(+8),,,,[西]吉岡辰弥,岡田牧雄,,202306010210
1,1,1,ウイングレイテスト,牡6,57,松岡正海,1:33.2,,**,,,,,1-1-1,34.3,5.7,2,512(+2),,,,[東]畠山吉宏,ウイン,"2,730.1",202306010211
2,4,4,サクラトゥジュール,牡6,57,田辺裕信,1:33.2,クビ,**,,,,,10-10-6,33.6,9.4,6,526(+2),,,,[東]堀宣行,さくらコマース,"1,108.6",202306010211
3,3,3,グラティアス,牡5,57,ムルザバ,1:33.6,2,**,,,,,6-8-9,34.1,3.9,1,506(+10),,,,[東]宮田敬介,スリーエイチレーシング,684.3,202306010211
4,2,2,エイシンチラー,牝5,55,Ｍ．デム,1:33.7,1/2,**,,,,,3-5-5,34.5,6.2,3,482(+2),,,,[東]田中剛,栄進堂,410.0,202306010211
5,7,11,アオイクレアトール,牡6,57,横山和生,1:33.8,3/4,**,,,,,12-12-11,33.8,65.5,12,500(+10),,,,[東]古賀慎明,新谷幸義,270.0,202306010211
6,5,7,ココロノトウダイ,牡6,58,バシュロ,1:34.0,1.1/4,**,,,,,3-5-6,34.8,9.0,5,540(+2),,,,[東]手塚貴久,星野壽市,,202306010211
7,5,6,インテンスライト,牡7,57,菊沢一樹,1:34.3,1.3/4,**,,,,,6-8-9,34.8,29.2,10,502(+12),,,,[東]菊沢隆徳,堂守貴志,,202306010211
8,8,12,グランデマーレ,牡6,57,菅原明良,1:34.4,3/4,**,,,,,8-3-2,35.4,16.4,8,506(-2),,,,[西]藤岡健一,キャロットファーム,,202306010211
9,6,8,シュヴァリエローズ,牡5,57,三浦皇成,1:34.4,クビ,**,,,,,8-7-6,35.0,17.0,9,454(-8),,,,[西]清水久詞,キャロットファーム,,202306010211
10,8,13,ダノンチェイサー,牡7,58,津村明秀,1:34.5,クビ,**,,,,,11-11-11,34.6,76.6,13,482(+4),,,,[西]池江泰寿,ダノックス,,202306010211
11,6,9,ノルカソルカ,牡6,57,石橋脩,1:34.7,1.1/2,**,,,,,2-2-2,35.8,29.8,11,502(+4),,,,[西]藤岡健一,幅田昌伸,,202306010211
12,7,10,キングエルメス,牡4,56,内田博幸,1:34.8,アタマ,**,,,,,3-3-2,35.8,7.3,4,496(0),,,,[西]矢作芳人,広尾レース,,202306010211
13,4,5,ワールドバローズ,牡5,57,石川裕紀,1:35.0,1.1/2,**,,,,,12-13-13,34.8,10.7,7,460(0),,,,[西]石坂公一,猪熊広次,,202306010211
1,8,10,トーセンメラニー,牝5,54,原優介,1:47.2,,**,,,,,11-11-11-11,34.5,46.0,7,506(-2),,,,[東]小桧山悟,島川隆哉,"1,140.0",202306010212
2,7,9,ヒットザシーン,牝5,56,柴田大知,1:47.4,1,**,,,,,8-8-7-5,35.2,24.1,5,484(+6),,,,[東]畠山吉宏,サラブレッドクラブ・ラフィアン,460.0,202306010212
3,3,3,グランスラムアスク,牝4,51,古川奈穂,1:47.4,ハナ,**,,,,,10-9-9-8,35.0,10.7,4,458(-6),,,,[西]矢作芳人,廣崎利洋ＨＤ,290.0,202306010212
4,4,4,サンカルパ,牝4,55,ムルザバ,1:47.5,1/2,**,,,,,2-2-1-1,36.0,3.9,2,494(+12),,,,[東]田中博康,シルクレーシング,170.0,202306010212
5,8,11,エトワールマタン,牝5,56,石橋脩,1:47.5,クビ,**,,,,,9-9-9-8,35.0,52.9,8,460(0),,,,[東]高柳瑞樹,丹羽久一郎,114.0,202306010212
6,5,5,ベルクレスタ,牝4,55,横山武史,1:47.6,1/2,**,,,,,3-3-5-5,35.6,1.6,1,476(-6),,,,[西]須貝尚介,サンデーレーシング,,202306010212
7,7,8,アイアゲート,牝5,56,バシュロ,1:47.8,1.1/4,**,,,,,7-6-5-2,35.7,82.2,10,506(-2),,,,[東]田中博康,シルクレーシング,,202306010212
8,2,2,マリノソフィア,牝6,56,木幡巧也,1:47.8,アタマ,**,,,,,3-6-7-8,35.6,192.4,11,472(+4),,,,[東]奥平雅士,矢野恭裕,,202306010212
9,6,6,エープラス,牝5,56,石川裕紀,1:48.0,1.1/4,**,,,,,3-3-3-4,36.1,34.5,6,482(-4),,,,[東]池上昌和,馬目卓,,202306010212
10,6,7,カナテープ,牝4,55,横山和生,1:48.0,ハナ,**,,,,,3-3-2-2,36.2,5.8,3,460(-8),,,,[東]堀宣行,Ｃ．フィプケ,,202306010212
11,1,1,ミズリーナ,牝6,56,的場勇人,1:48.4,2.1/2,**,,,,,1-1-3-5,36.5,66.0,9,496(-8),,,,[東]的場均,北山敏隆,,202306010212
1,4,8,フェイマスアレグロ,牝3,54,津村明秀,1:12.9,,**,,,,,4-3,38.6,80.9,10,402(+10),,,,[東]深山雅史,堀江貞幸,550.0,202306010301
2,4,7,カイザーブリッツ,牡3,56,田辺裕信,1:13.1,1.1/2,**,,,,,6-5,38.6,7.0,3,490(-2),,,,[東]伊藤圭三,ライオンレースホース,220.0,202306010301
3,3,6,リネンスピリット,牡3,56,柴田大知,1:13.2,3/4,**,,,,,9-7,38.4,20.7,6,480(0),,,,[東]粕谷昌央,戸山光男,140.0,202306010301
4,5,10,マイショウチャン,牡3,56,戸崎圭太,1:13.3,アタマ,**,,,,,13-11,38.3,6.6,2,446(+8),,,,[東]相沢郁,星野壽市,83.0,202306010301
5,3,5,ディアナゼロス,牝3,54,木幡巧也,1:13.4,1,**,,,,,2-2,39.3,1.7,1,468(+2),,,,[東]牧光二,天堀忠博,55.0,202306010301
6,8,16,アフロビート,牡3,53,西塚洸二,1:13.6,1,**,,,,,7-7,39.0,7.9,4,454(0),,,,[東]栗田徹,山口功一郎,,202306010301
7,7,13,マジックアワー,牡3,56,丹内祐次,1:13.6,クビ,**,,,,,3-3,39.4,69.7,9,442(0),,,,[東]岩戸孝樹,田頭勇貴,,202306010301
8,5,9,ニトロジャーニー,牡3,56,横山武史,1:13.7,クビ,**,,,,,12-11,38.8,8.3,5,484(-6),,,,[東]武井亮,ＴＮレーシング,,202306010301
9,6,11,ベアエクセレント,牝3,54,松岡正海,1:13.9,1,**,,,,,4-5,39.5,63.1,8,476(-2),,,,[東]杉浦宏昭,熊木浩,,202306010301
10,1,2,サノノタルマエ,牝3,53,永野猛蔵,1:13.9,クビ,**,,,,,1-1,39.9,35.1,7,444(0),,,,[東]尾形和幸,佐野信幸,,202306010301
11,2,3,ショウナンカムイ,牡3,53,佐々木大,1:14.4,2.1/2,**,,,,,9-11,39.6,274.1,14,488(+4),,,,[東]久保田貴,国本哲秀,,202306010301
12,8,15,ユーメイドマイデイ,牝3,54,杉原誠人,1:14.4,クビ,**,,,,,7-10,39.7,147.3,11,420(-2),,,,[東]大江原哲,ミルファーム,,202306010301
13,7,14,イチザラブオー,牡3,56,的場勇人,1:14.5,クビ,**,,,,,16-16,38.7,697.2,16,448(+8),,,,[東]的場均,奈良崎孝一郎,,202306010301
14,6,12,サーフライド,牡3,56,大野拓弥,1:14.7,1.1/4,**,,,,,14-14,39.3,196.7,12,472(+26),,,,[東]和田正一,和田牧場,,202306010301
15,2,4,アスノヒロイン,牝3,54,原田和真,1:14.7,ハナ,**,,,,,14-14,39.3,572.8,15,490(+8),,,,[東]小野次郎,佐藤啓子,,202306010301
16,1,1,パミーラ,牝3,54,黛弘人,1:15.1,2.1/2,**,,,,,9-7,40.3,272.1,13,424(+2),,,,[東]和田雄二,門野重雄,,202306010301
1,1,1,ドレミファニー,牝3,54,三浦皇成,1:55.8,,**,,,,,1-1-1-1,38.3,11.3,4,476(-2),,,,[東]西田雄一,青芝商事,550.0,202306010302
2,3,6,ニシノパプルブリリ,牝3,54,津村明秀,1:56.4,3.1/2,**,,,,,6-6-4-3,38.4,2.7,1,462(+2),,,,[東]矢野英一,西山茂行,220.0,202306010302
3,7,14,ナックダンス,牝3,54,勝浦正樹,1:56.5,1,**,,,,,3-3-2-2,38.8,5.3,3,484(+8),,,,[東]杉浦宏昭,小松欣也,140.0,202306010302
4,3,5,ランスノーブル,牝3,54,内田博幸,1:57.5,6,**,,,,,12-12-12-11,38.6,31.6,9,442(0),,,,[東]上原博之,佐々木基,83.0,202306010302
5,4,7,ファームフレッシュ,牝3,54,伊藤工真,1:57.7,1.1/2,**,,,,,9-9-9-9,39.1,23.3,7,440(-8),,,,[東]金成貴史,ゴドルフィン,55.0,202306010302
6,1,2,ジラソーレ,牝3,53,永野猛蔵,1:57.8,1/2,**,,,,,6-6-7-7,39.5,14.5,5,492(+2),,,,[東]大和田成,村野康司,,202306010302
7,6,11,カールポメロ,牝3,52,小林凌大,1:58.2,2,**,,,,,4-4-4-6,40.2,243.9,14,480(-4),,,,[東]小西一男,ウエスト．フォレスト．ステイブル,,202306010302
8,8,15,キタノパッション,牝3,54,黛弘人,1:58.2,クビ,**,,,,,16-16-16-15,38.7,98.0,11,438(-8),,,,[東]石栗龍彦,北所直人,,202306010302
9,6,12,ブルーブルースカイ,牝3,52,藤田菜七,1:58.5,1.3/4,**,,,,,14-14-14-14,39.3,22.5,6,446(+4),,,,[東]村田一誠,浅田次郎,,202306010302
10,2,3,チェリーロマンス,牝3,52,山田敬士,1:58.9,2.1/2,**,,,,,9-9-9-9,40.3,105.2,12,490(-2),,,,[東]勢司和浩,櫻井悦朗,,202306010302
11,7,13,クラシカルタイプ,牝3,52,原優介,1:59.3,2.1/2,**,,,,,12-12-12-12,40.5,177.3,13,454(-10),,,,[東]池上昌和,大塚亮一,,202306010302
12,4,8,コパノイノリ,牝3,54,丹内祐次,1:59.3,アタマ,**,,,,,9-11-9-12,40.7,59.3,10,462(+6),,,,[東]青木孝文,小林照弘,,202306010302
13,5,10,アドラブリーズ,牝3,54,木幡巧也,1:59.4,1/2,**,,,,,2-2-2-4,41.7,3.0,2,480(0),,,,[東]牧光二,ノルマンディーサラブレッドレーシング,,202306010302
14,5,9,バークエム,牝3,54,石川裕紀,1:59.5,クビ,**,,,,,4-4-4-4,41.5,24.1,8,456(0),,,,[東]田島俊明,ＹＧＧホースクラブ,,202306010302
15,8,16,リボンドハピネス,牝3,54,丸山元気,1:59.7,1.1/4,**,,,,,6-8-7-8,41.4,341.8,16,450(-10),,,,[東]土田稔,谷口祐人,,202306010302
16,2,4,クリノミスゴールド,牝3,54,菅原隆一,2:00.7,6,**,,,,,15-15-15-16,41.4,254.8,15,440(-4),,,,[東]蛯名利弘,栗本博晴,,202306010302
1,7,13,ジャクソン,牡3,56,木幡初也,1:56.8,,**,,,,,9-10-7-5,39.9,17.8,8,492(+6),,,,[東]武市康男,薪浦亨,550.0,202306010303
2,6,11,フォードテソーロ,牡3,56,戸崎圭太,1:56.8,ハナ,**,,,,,3-3-3-3,40.3,3.6,1,474(-2),,,,[東]加藤士津,了徳寺健二ホールディングス,220.0,202306010303
3,6,12,アヴェッリーノ,牡3,56,木幡巧也,1:56.8,クビ,**,,,,,11-11-7-7,39.9,18.9,9,486(+10),,,,[東]的場均,八嶋長久,140.0,202306010303
4,2,4,ホウオウプレシャス,牡3,56,横山武史,1:57.1,2,**,,,,,2-1-1-1,40.8,8.5,5,494(-2),,,,[東]栗田徹,小笹芳央,83.0,202306010303
5,4,8,アストロアイガー,牡3,56,田辺裕信,1:57.2,クビ,**,,,,,13-13-11-10,39.7,15.8,7,510(-4),,,,[東]中舘英二,畑佐博,55.0,202306010303
6,8,15,トロピカルタウン,牡3,56,宮崎北斗,1:57.3,1/2,**,,,,,12-12-10-7,40.0,14.9,6,466(-4),,,,[東]伊坂重信,山上和良,,202306010303
7,3,6,ナイトフォールサン,牡3,54,横山琉人,1:57.6,2,**,,,,,15-15-13-11,40.0,87.5,11,456(+10),,,,[東]相沢郁,星野祐介,,202306010303
8,5,10,モンテイゾラ,牡3,56,バシュロ,1:57.9,2,**,,,,,3-4-6-5,41.1,4.5,2,494(+12),,,,[東]高柳瑞樹,サンデーレーシング,,202306010303
9,1,2,ライルアケカイ,牡3,56,柴田大知,1:57.9,ハナ,**,,,,,9-7-4-3,41.3,327.1,16,450(-4),,,,[東]粕谷昌央,土井久美子,,202306010303
10,1,1,イデアテッシン,牡3,56,内田博幸,1:58.4,3,**,,,,,16-16-16-11,40.6,92.4,12,502(+8),,,,[東]上原博之,益田修一,,202306010303
11,4,7,ユイノシノビアシ,牡3,56,吉田豊,1:58.8,2,**,,,,,1-2-2-2,42.5,4.9,3,488(0),,,,[東]竹内正洋,由井健太郎,,202306010303
12,8,16,シンフォニー,牡3,54,山田敬士,1:59.1,2,**,,,,,13-13-13-11,41.5,277.0,15,484(+18),,,,[東]加藤和宏,近藤英二,,202306010303
13,5,9,フィールザダイヤ,牡3,56,北村宏司,1:59.4,1.3/4,**,,,,,6-9-9-11,42.3,7.8,4,504(+6),,,,[東]岩戸孝樹,櫻井正,,202306010303
14,7,14,ヤマタケアオイバラ,牡3,56,岩部純二,2:01.2,大,**,,,,,3-5-11-15,43.7,183.8,13,446(+4),,,,[東]萱野浩二,山中和子,,202306010303
15,2,3,ステキナココロ,牡3,56,丹内祐次,2:01.5,1.1/2,**,,,,,6-5-4-7,44.9,33.8,10,494(+2),,,,[東]清水英克,コスモヴューファーム,,202306010303
16,3,5,サウスシーパール,牡3,56,江田照男,2:02.8,8,**,,,,,8-7-13-15,45.2,198.5,14,466(+14),,,,[東]大江原哲,田頭勇貴,,202306010303
1,6,9,スマートキャノン,牡4,57,小牧加矢,3:15.4,,,,,,,5-5-2-3,13.6,3.3,1,472(+6),,,,[西]音無秀孝,大川徹,790.0,202306010304
2,1,1,ビクトリーシューズ,牡6,60,難波剛健,3:15.5,1/2,,,,,,7-7-5-3,13.6,25.0,7,472(+2),,,,[西]中村直也,呉本昌時,320.0,202306010304
3,5,7,ブルメンダール,牡5,60,蓑島靖典,3:15.7,1.1/4,,,,,,3-2-1-1,13.6,4.4,3,472(+8),,,,[東]国枝栄,キャロットファーム,200.0,202306010304
4,7,11,オノーレペスカ,牝7,58,草野太郎,3:15.8,3/4,,,,,,11-10-2-2,13.6,57.5,11,456(-4),,,,[東]小桧山悟,三岡陽,120.0,202306010304
5,8,13,ショウナンバルディ,牡7,60,中村将之,3:19.6,大,,,,,,2-1-2-5,13.9,3.5,2,462(+6),,,,[西]松下武士,国本哲秀,79.0,202306010304
6,6,10,ヤップヤップヤップ,牡7,60,江田勇亮,3:22.0,大,,,,,,5-4-6-6,14.0,10.3,5,458(0),,,,[東]宗像義忠,薗部博之,,202306010304
7,4,5,メイショウコホク,牡6,60,北沢伸也,3:23.4,8,,,,,,14-12-8-7,14.1,102.4,12,514(+2),,,,[西]藤沢則雄,松本好雄,,202306010304
8,8,14,セイウンフィーバー,牡4,59,鈴木慶太,3:23.9,3,,,,,,10-11-9-9,14.2,259.8,14,456(+12),,,,[東]尾形和幸,西山茂行,,202306010304
9,3,4,ホッコーライデン,牡9,60,金子光希,3:24.1,1.1/4,,,,,,11-13-10-10,14.2,243.4,13,530(+4),,,,[東]松永康利,北幸商事,,202306010304
10,3,3,ピースディオン,牡6,60,伴啓太,3:25.1,6,,,,,,7-9-7-8,14.2,25.8,8,494(+2),,,,[東]尾形和幸,久米田正平,,202306010304
中,2,2,ヴェスターヴァルト,セ6,60,西村太一,,,,,,,,13,,51.2,10,470(+6),,,,[東]加藤征弘,キャロットファーム,,202306010304
中,4,6,アイアムハヤスギル,牡7,60,上野翔,,,,,,,,1-3,,24.8,6,478(+4),,,,[東]奥平雅士,堀紘一,,202306010304
中,5,8,ショウナンタイジュ,牡4,59,五十嵐雄,,,,,,,,3-7-11,,46.5,9,492(+22),,,,[東]嘉藤貴行,国本哲秀,,202306010304
中,7,12,グラスディアブロ,牡6,60,大江原圭,,,,,,,,7-6,,6.3,4,476(0),,,,[東]佐藤吉勝,半沢,,202306010304
1,1,1,ロゼル,牡3,56,横山武史,2:15.3,,**,,,,,10-9-7-5,35.7,3.5,2,460(+10),,,,[東]大和田成,田中純一,550.0,202306010305
2,1,2,ボールドステート,牡3,55,永野猛蔵,2:15.3,クビ,**,,,,,3-3-2-2,36.0,71.2,12,474(-2),,,,[東]尾形和幸,増田陽一,220.0,202306010305
3,7,13,ラファドゥラ,牝3,54,田辺裕信,2:15.9,3.1/2,**,,,,,5-5-4-3,36.4,5.2,3,468(+2),,,,[東]小島茂之,丸山担,140.0,202306010305
4,2,4,シーズオブホープ,牡3,56,木幡巧也,2:16.4,3,**,,,,,10-10-8-10,36.6,36.6,9,484(+8),,,,[東]武市康男,トップフェロウ,83.0,202306010305
5,6,12,ララテロワール,牡3,56,菅原明良,2:16.4,クビ,**,,,,,5-6-8-5,36.6,22.5,6,488(+4),,,,[東]大竹正博,フジイ興産,55.0,202306010305
6,4,8,ジュドー,牡3,56,バシュロ,2:16.5,クビ,**,,,,,1-1-1-1,37.5,3.1,1,478(0),,,,[東]手塚貴久,シルクレーシング,,202306010305
7,6,11,ドゥフレーシュ,牡3,56,杉原誠人,2:16.5,クビ,**,,,,,3-3-4-3,37.1,28.8,7,470(-2),,,,[東]加藤士津,橋詰弘一,,202306010305
8,8,16,クールサムタイム,牡3,56,津村明秀,2:16.6,クビ,**,,,,,13-14-14-13,36.2,92.0,14,480(-2),,,,[東]矢野英一,川上哲司,,202306010305
9,5,10,ドーバーホーク,牡3,56,北村宏司,2:16.8,1.1/4,**,,,,,2-2-2-5,37.6,9.6,5,476(+8),,,,[東]清水英克,嶋田賢,,202306010305
10,4,7,シルバープリペット,牡3,54,原優介,2:17.0,1.1/4,**,,,,,7-8-8-8,37.2,79.5,13,458(+6),,,,[東]松山将樹,ミルファーム,,202306010305
11,5,9,センツイ,牡3,56,木幡初也,2:17.1,3/4,**,,,,,12-12-12-10,37.0,263.8,16,492(+8),,,,[東]竹内正洋,菅井牧場,,202306010305
12,3,5,ロッカフラダンサー,牡3,56,横山和生,2:17.2,1/2,**,,,,,7-6-4-8,37.8,61.3,11,456(+8),,,,[東]鹿戸雄一,山田弘,,202306010305
13,7,14,フクシマブルース,牝3,54,嶋田純次,2:17.3,1/2,**,,,,,15-14-14-13,36.9,326.9,17,414(+4),,,,[東]石毛善彦,西本資史,,202306010305
14,8,15,レアリーズレーヴ,牝3,54,Ｍ．デム,2:17.3,アタマ,**,,,,,9-10-12-12,37.2,7.8,4,476(-8),,,,[東]和田雄二,サラブレッドクラブ・ラフィアン,,202306010305
15,2,3,サンマルグレイト,牡3,56,武士沢友,2:17.9,3.1/2,**,,,,,15-16-14-13,37.5,48.6,10,444(+2),,,,[東]佐藤吉勝,相馬勇,,202306010305
16,3,6,ウインペルセ,牡3,56,丸山元気,2:18.1,1.1/2,**,,,,,13-12-11-16,38.2,109.7,15,462(+10),,,,[東]金成貴史,ウイン,,202306010305
17,8,17,ゲットザナック,牝3,54,戸崎圭太,2:21.5,大,**,,,,,17-17-17-17,40.3,32.6,8,438(0),,,,[東]田中博康,ビッグレッドファーム,,202306010305
1,6,11,オルソビアンコ,牝3,54,田辺裕信,2:03.1,,**,,,,,9-9-7-6,35.2,40.8,10,384(0),,,,[東]田村康仁,子安裕樹,620.0,202306010306
2,7,13,リュクススティール,牡3,56,横山和生,2:03.1,ハナ,**,,,,,3-3-3-3,35.8,5.6,3,500(0),,,,[東]高柳瑞樹,田畑憲士,250.0,202306010306
3,4,8,オクタヴィアヌス,牡3,56,北村宏司,2:03.3,3/4,**,,,,,7-7-9-7,35.3,10.6,5,508(0),,,,[東]木村哲也,山本英俊,160.0,202306010306
4,4,7,ダット,牝3,52,原優介,2:03.5,1.1/4,**,,,,,1-1-1-1,36.5,26.1,9,432(0),,,,[東]小手川準,鈴木康弘,93.0,202306010306
5,1,1,ラスブリサス,牡3,56,戸崎圭太,2:03.6,3/4,**,,,,,2-2-2-2,36.5,3.3,1,518(0),,,,[東]中川公成,多田賢司,62.0,202306010306
6,2,3,エリソン,牡3,56,バシュロ,2:04.1,2.1/2,**,,,,,8-7-10-10,35.9,12.9,6,510(0),,,,[東]黒岩陽一,吉田和美,,202306010306
7,5,9,レヴィーアキング,牡3,56,松岡正海,2:04.1,クビ,**,,,,,14-11-3-3,36.8,6.3,4,492(0),,,,[西]清水久詞,奥田貴敏,,202306010306
8,2,4,アワビキング,牡3,56,木幡巧也,2:04.5,2,**,,,,,5-5-7-7,36.6,174.3,16,468(0),,,,[東]尾形和幸,陳立文,,202306010306
8,3,5,レッドアーバイン,牡3,56,Ｍ．デム,2:04.5,同着,**,,,,,3-3-3-3,37.2,4.7,2,492(0),,,,[東]手塚貴久,東京ホースレーシング,,202306010306
10,8,16,ビーチブルース,牡3,54,山田敬士,2:04.6,1/2,**,,,,,9-9-10-11,36.3,260.8,17,466(0),,,,[東]松永康利,井上久光,,202306010306
11,6,12,ゼッタイ,牝3,54,菊沢一樹,2:04.8,1.1/2,**,,,,,11-11-13-11,36.3,148.1,15,414(0),,,,[東]村田一誠,菅藤孝雄,,202306010306
12,8,17,ブレストサンダー,牡3,56,丹内祐次,2:04.9,クビ,**,,,,,12-11-10-11,36.7,130.1,14,480(0),,,,[東]加藤征弘,山藤賢,,202306010306
13,7,14,リアルデグニティ,牡3,56,横山武史,2:05.0,1/2,**,,,,,13-14-13-14,36.5,19.6,8,542(0),,,,[東]萩原清,サンデーレーシング,,202306010306
14,8,15,イノセンス,牝3,54,菅原明良,2:05.1,3/4,**,,,,,5-5-6-7,37.4,14.8,7,468(0),,,,[東]高木登,Ｇリビエール・レーシング,,202306010306
15,1,2,ナビー,牝3,54,田中勝春,2:05.7,3.1/2,**,,,,,14-14-13-15,37.2,100.1,11,462(0),,,,[東]鹿戸雄一,田中春美,,202306010306
16,3,6,ウインネモフィラ,牝3,52,小林脩斗,2:17.4,大,**,,,,,16-16-16-16,44.6,107.0,12,420(0),,,,[東]奥平雅士,ウイン,,202306010306
17,5,10,ウインプリームス,牝3,53,永野猛蔵,2:17.9,3,**,,,,,17-17-17-17,45.0,113.8,13,456(0),,,,[東]和田正一,ウイン,,202306010306
1,3,6,バーリンギャップ,牝4,55,横山武史,1:54.4,,**,,,,,2-2-1-1,38.4,5.3,2,502(+6),,,,[東]萩原清,サンデーレーシング,800.0,202306010307
2,1,2,リトルポピー,牝4,55,バシュロ,1:54.9,2.1/2,**,,,,,3-3-3-2,38.6,3.5,1,470(+6),,,,[東]奥村武,サンデーレーシング,320.0,202306010307
3,8,16,フミチャン,牝5,56,三浦皇成,1:55.0,1/2,**,,,,,11-12-12-5,38.0,11.5,6,486(+2),,,,[東]鹿戸雄一,林文彦,200.0,202306010307
4,5,10,チャプリ,牝4,55,菅原明良,1:55.0,クビ,**,,,,,5-5-3-3,38.6,8.5,5,458(-16),,,,[東]高木登,ウエスト．フォレスト．ステイブル,120.0,202306010307
5,4,8,クインズミモザ,牝5,56,野中悠太,1:55.1,クビ,**,,,,,8-7-7-8,38.4,5.9,4,514(0),,,,[東]池上昌和,ケイアイスタリオン,80.0,202306010307
6,6,11,アイソウザスター,牝5,54,横山琉人,1:55.2,3/4,**,,,,,5-5-5-4,38.7,34.6,10,490(+4),,,,[東]小笠倫弘,吉岡泰治,,202306010307
7,6,12,タマモバンケット,牝4,55,菊沢一樹,1:55.5,2,**,,,,,7-7-7-5,38.8,5.5,3,484(0),,,,[東]菊沢隆徳,タマモ,,202306010307
8,4,7,ハローサブリナ,牝4,54,永野猛蔵,1:55.7,1,**,,,,,8-7-7-8,39.0,61.5,11,528(+8),,,,[東]黒岩陽一,小林誠,,202306010307
9,2,4,ブライズルーム,牝5,56,Ｍ．デム,1:55.9,1,**,,,,,15-15-15-12,38.4,24.5,8,444(+8),,,,[東]竹内正洋,ヤナガワ牧場,,202306010307
10,7,14,ラブエスポー,牝6,54,原優介,1:56.1,1.1/2,**,,,,,14-14-13-12,38.9,34.0,9,460(0),,,,[東]蛯名利弘,増田陽一,,202306010307
11,5,9,ココリジャスミン,牝7,56,北村宏司,1:56.1,ハナ,**,,,,,13-13-13-12,38.9,356.4,15,496(+10),,,,[東]古賀慎明,美崎光二郎,,202306010307
12,1,1,スノーハレーション,牝5,53,佐々木大,1:56.2,クビ,**,,,,,16-16-15-16,38.6,89.7,12,434(+4),,,,[東]金成貴史,レッドマジック,,202306010307
13,7,13,キュン,牝5,56,大野拓弥,1:56.8,4,**,,,,,11-10-10-12,39.9,90.2,13,460(+2),,,,[東]戸田博文,吉澤ホールディングス,,202306010307
14,8,15,ファンタジア,牝4,55,横山和生,1:56.9,1/2,**,,,,,10-10-10-11,40.0,13.1,7,486(-8),,,,[東]堀宣行,石川達絵,,202306010307
15,2,3,チャーチャンテン,牝5,53,土田真翔,1:58.1,7,**,,,,,3-3-5-8,41.6,435.4,16,428(+3),,,,[東]大江原哲,田頭勇貴,,202306010307
16,3,5,ネイチャーミヤビ,牝4,53,藤田菜七,1:59.4,8,**,,,,,1-1-2-5,43.3,111.0,14,522(+16),,,,[東]根本康広,サザンホールディング,,202306010307
1,2,3,ダルダヌス,牡4,58,戸崎圭太,1:11.7,,**,,,,,6-5,37.1,3.0,2,548(-2),,,,[東]尾関知人,Ｇ１レーシング,800.0,202306010308
2,1,1,トーセンニック,牡5,58,横山和生,1:11.8,クビ,**,,,,,1-1,37.6,5.5,3,474(+8),,,,[東]田村康仁,島川隆哉,320.0,202306010308
3,4,8,スマイルアップ,牝4,56,内田博幸,1:12.0,1.1/4,**,,,,,4-3,37.5,36.1,7,452(+14),,,,[東]萱野浩二,馬目卓,200.0,202306010308
4,5,10,カリカ,牝4,56,吉田豊,1:12.3,2,**,,,,,13-13,37.0,18.0,6,490(+8),,,,[東]小西一男,平岡茂樹,120.0,202306010308
5,2,4,フォトスフィア,牡4,58,丹内祐次,1:12.3,クビ,**,,,,,11-9,37.2,14.2,5,518(+4),,,,[東]畠山吉宏,岡田牧雄,80.0,202306010308
6,8,16,ベアグッジョブ,牡4,58,松岡正海,1:12.4,1/2,**,,,,,4-3,38.0,37.5,8,514(+8),,,,[東]杉浦宏昭,熊木浩,,202306010308
7,1,2,ヤンチャプリヒメ,牝7,56,黛弘人,1:12.4,ハナ,**,,,,,9-7,37.6,67.5,10,456(+4),,,,[東]浅野洋一,田頭勇貴,,202306010308
8,3,5,ヤマニンエルモサ,牝6,56,大野拓弥,1:12.4,アタマ,**,,,,,13-13,37.2,157.8,13,480(-4),,,,[東]辻哲英,土井肇,,202306010308
9,4,7,カンパニョーラ,牝4,56,津村明秀,1:12.5,クビ,**,,,,,15-15,37.0,63.3,9,436(-10),,,,[東]伊坂重信,辻高史,,202306010308
10,3,6,カリュウ,牝4,54,小林脩斗,1:12.6,3/4,**,,,,,2-2,38.3,2.6,1,432(0),,,,[東]田島俊明,林弘之,,202306010308
11,7,14,クリノアンカーマン,セ6,57,秋山稔樹,1:13.4,5,**,,,,,6-7,38.8,423.4,16,462(-6),,,,[東]伊藤伸一,栗本博晴,,202306010308
12,7,13,カップッチョ,牡6,58,杉原誠人,1:13.4,ハナ,**,,,,,11-9,38.4,188.3,14,478(+2),,,,[東]大江原哲,ミルファーム,,202306010308
13,8,15,トーアアネラ,牝5,56,江田照男,1:13.5,3/4,**,,,,,15-15,38.0,269.0,15,470(+10),,,,[東]天間昭一,高山ランド,,202306010308
14,6,11,モネ,牝4,56,木幡巧也,1:13.8,2,**,,,,,9-11,39.0,8.8,4,466(+2),,,,[東]牧光二,ニッシンホールディングス,,202306010308
15,6,12,ブリラーノ,牝4,56,丸山元気,1:14.3,3,**,,,,,2-5,40.0,71.7,11,502(+6),,,,[東]土田稔,前田清二,,202306010308
16,5,9,カード,牝5,56,菊沢一樹,1:14.9,3.1/2,**,,,,,6-11,40.3,135.7,12,460(+10),,,,[東]清水英克,井高義光,,202306010308
1,1,1,ニジュウダンサー,牝3,54,横山武史,1:08.8,,**,,,,,3-2,34.3,8.5,6,464(+4),,,,[東]尾関知人,前迫義幸,"1,097.3",202306010309
2,8,12,スプレモフレイバー,牡3,56,田辺裕信,1:09.0,1,**,,,,,10-7,34.0,3.4,1,474(0),,,,[東]久保田貴,尾田信夫,437.8,202306010309
3,3,3,クリノゴッホ,牡3,56,丹内祐次,1:09.1,1/2,**,,,,,7-5,34.3,3.8,2,462(0),,,,[東]岩戸孝樹,栗原正雄,273.9,202306010309
4,4,4,エコロレジーナ,牝3,54,菊沢一樹,1:09.1,アタマ,**,,,,,1-1,34.9,23.3,7,478(+2),,,,[東]菊沢隆徳,原村正紀,160.0,202306010309
5,5,6,スムースベルベット,牝3,54,嶋田純次,1:09.6,3.1/2,**,,,,,3-2,35.2,7.7,4,486(-2),,,,[東]手塚貴久,ミルファーム,107.0,202306010309
6,7,10,レイフォール,牡3,56,武藤雅,1:09.8,1.1/4,**,,,,,2-2,35.5,46.2,10,468(-4),,,,[東]武藤善則,落合幸弘,,202306010309
7,6,8,ロッソランパンテ,牝3,54,勝浦正樹,1:09.8,クビ,**,,,,,7-7,35.0,116.7,12,470(+10),,,,[東]杉浦宏昭,堀田浩司,,202306010309
8,8,11,クールムーア,牡3,56,Ｍ．デム,1:09.9,クビ,**,,,,,10-12,34.9,5.3,3,466(+4),,,,[東]矢野英一,川上哲司,,202306010309
9,2,2,モンサンスヴニール,牝3,54,木幡巧也,1:10.1,1.1/4,**,,,,,5-5,35.5,40.8,9,468(+4),,,,[東]牧光二,山下新一,,202306010309
10,7,9,ソフィアエール,牝3,54,横山和生,1:10.1,クビ,**,,,,,7-11,35.2,8.2,5,422(0),,,,[東]小野次郎,ＫＲジャパン,,202306010309
11,5,5,デイドリームビーチ,牡3,56,杉原誠人,1:10.1,ハナ,**,,,,,12-9,34.9,82.5,11,444(0),,,,[東]石毛善彦,ミルファーム,,202306010309
12,6,7,サイモンオリーブ,牝3,54,戸崎圭太,1:10.6,3,**,,,,,5-9,36.0,29.1,8,458(-4),,,,[東]勢司和浩,澤田昭紀,,202306010309
1,7,10,ゾンニッヒ,牡5,57,菅原明良,1:32.7,,**,,,,,6-6-5,33.8,3.4,1,476(+16),,,,[西]池江泰寿,金子真人ホールディングス,"1,870.1",202306010310
2,4,4,ジネストラ,牝5,55,三浦皇成,1:32.7,ハナ,**,,,,,1-1-1,34.3,4.5,2,464(+8),,,,[東]鹿戸雄一,サンデーレーシング,748.6,202306010310
3,2,2,アールバロン,牡5,55,Ｍ．デム,1:33.2,3,**,,,,,3-3-3,34.5,5.3,3,506(-2),,,,[東]伊藤大士,前原敏行,464.3,202306010310
4,5,6,フィールシンパシー,牝4,53,横山琉人,1:33.5,2,**,,,,,2-2-2,35.0,7.9,4,448(+4),,,,[東]小島茂之,岡田牧雄,280.0,202306010310
5,8,11,クロスマジェスティ,牝4,54,柴田善臣,1:33.8,1.3/4,**,,,,,8-9-9,34.4,25.6,8,468(-2),,,,[東]水野貴広,辻高史,184.0,202306010310
6,1,1,ヤマニンペダラーダ,牡9,54,吉田豊,1:33.9,1/2,**,,,,,8-7-7,34.8,96.8,12,486(-2),,,,[西]中村直也,土井肇,,202306010310
7,8,12,ウインエクレール,牝4,54,松岡正海,1:34.0,1,**,,,,,6-7-7,34.9,8.1,5,482(+2),,,,[東]畠山吉宏,ウイン,,202306010310
8,7,9,アールクインダム,牝6,53,大野拓弥,1:34.1,クビ,**,,,,,3-3-3,35.5,67.9,11,486(+4),,,,[東]伊藤大士,前原敏行,,202306010310
9,6,7,シャチ,牡6,51,原優介,1:34.1,ハナ,**,,,,,10-9-11,34.7,35.2,10,472(-2),,,,[東]小桧山悟,中村勝彦,,202306010310
10,6,8,レディバランタイン,牝4,52,丹内祐次,1:34.6,3,**,,,,,11-11-9,35.1,26.2,9,474(-2),,,,[東]加藤征弘,丸山担,,202306010310
11,5,5,ユキノファラオ,牡5,55,田辺裕信,1:34.9,1.3/4,**,,,,,12-12-12,35.1,19.5,7,488(-4),,,,[東]石毛善彦,井上基之,,202306010310
12,3,3,ハーモニーマゼラン,牡6,57,石橋脩,1:35.2,2,**,,,,,3-5-5,36.4,8.3,6,520(-4),,,,[東]牧光二,日下部勝徳,,202306010310
1,6,9,ニューモニュメント,牡7,58,小崎綾也,1:51.9,,**,,,,,10-10-8-10,36.6,3.8,2,492(-4),,,,[西]小崎憲,前田葉子,"2,231.5",202306010311
2,1,1,ウィリアムバローズ,牡5,58,三浦皇成,1:51.9,クビ,**,,,,,1-1-1-1,37.2,3.0,1,498(+10),,,,[西]上村洋行,猪熊広次,889.0,202306010311
3,3,3,アシャカトブ,牡7,59,丹内祐次,1:52.4,3,**,,,,,4-4-4-2,37.4,16.2,6,498(-6),,,,[東]小笠倫弘,吉冨学,554.5,202306010311
4,6,10,ルコルセール,牡5,57,横山武史,1:52.5,クビ,**,,,,,3-3-3-2,37.6,8.9,4,530(+6),,,,[東]堀宣行,Ｇ１レーシング,330.0,202306010311
5,3,4,アメリカンフェイス,牡6,57,バシュロ,1:52.6,1/2,**,,,,,8-7-8-6,37.3,66.8,11,522(+14),,,,[東]戸田博文,吉澤ホールディングス,220.0,202306010311
6,4,5,キタノヴィジョン,牡6,58,吉田豊,1:52.8,1.1/4,**,,,,,12-12-12-12,37.2,16.7,7,500(+4),,,,[東]萱野浩二,北所直人,,202306010311
7,7,12,リッターシュラーク,牡6,57,宮崎北斗,1:52.9,1/2,**,,,,,14-14-14-14,37.0,111.3,13,528(+12),,,,[東]中川公成,ウエスト．フォレスト．ステイブル,,202306010311
8,8,14,ルリアン,牡6,57,戸崎圭太,1:53.0,1/2,**,,,,,8-9-4-5,38.0,7.6,3,520(-6),,,,[西]佐々木晶,サンデーレーシング,,202306010311
9,2,2,ケンシンコウ,牡6,59,田辺裕信,1:53.3,2,**,,,,,11-10-12-12,37.8,8.9,5,500(+4),,,,[東]小西一男,天野克彦,,202306010311
10,7,11,タガノディアマンテ,牡7,59,丸山元気,1:53.3,クビ,**,,,,,7-7-8-9,38.1,72.7,12,482(-6),,,,[西]鮫島一歩,八木良司,,202306010311
11,5,7,ワーケア,牡6,57,津村明秀,1:53.4,アタマ,**,,,,,6-6-4-6,38.3,18.2,9,490(-2),,,,[東]手塚貴久,落合幸弘,,202306010311
12,5,8,ディアセオリー,牡6,57,大野拓弥,1:53.7,2,**,,,,,12-12-8-6,38.4,18.1,8,502(+6),,,,[東]高木登,ディアレストクラブ,,202306010311
13,8,13,ニュートンテソーロ,牡6,57,原優介,1:53.8,クビ,**,,,,,2-2-2-2,39.0,212.3,14,502(-6),,,,[東]畠山吉宏,了徳寺健二ホールディングス,,202306010311
14,4,6,メイショウムラクモ,牡5,58,柴田善臣,1:54.4,3.1/2,**,,,,,4-4-4-10,39.4,33.6,10,494(-2),,,,[東]和田勇介,松本好雄,,202306010311
1,2,4,アバンチュリエ,牡4,57,大野拓弥,1:33.9,,**,,,,,8-6-5,35.7,5.3,3,478(+6),,,,[東]大竹正博,ＤＭＭドリームクラブ,"1,140.0",202306010312
2,3,6,スリートップキズナ,牡5,57,永野猛蔵,1:34.0,1/2,**,,,,,5-4-3,35.9,7.7,4,464(-8),,,,[東]伊藤圭三,永井商事,460.0,202306010312
3,1,1,ティーガーデン,牡4,57,バシュロ,1:34.2,1.1/4,**,,,,,5-2-3,36.2,2.8,1,512(0),,,,[東]萩原清,サンデーレーシング,290.0,202306010312
4,5,9,ジャッカル,牡5,58,菅原明良,1:34.4,1.1/4,**,,,,,8-8-7,35.7,19.8,6,506(+4),,,,[西]吉岡辰弥,平井裕,170.0,202306010312
5,4,8,スーパーホープ,牡5,58,戸崎圭太,1:34.4,クビ,**,,,,,2-2-2,36.5,8.0,5,506(-10),,,,[西]藤岡健一,青山洋一,114.0,202306010312
6,3,5,ヤウガウ,セ6,55,佐々木大,1:34.7,1.3/4,**,,,,,12-12-14,35.3,210.3,15,484(+2),,,,[東]金成貴史,Ｇリビエール・レーシング,,202306010312
7,2,3,ニシノオイカゼ,牡5,58,内田博幸,1:34.7,ハナ,**,,,,,10-12-11,35.3,120.1,13,476(+2),,,,[東]武市康男,西山茂行,,202306010312
8,6,11,アップストリーム,牝5,56,石川裕紀,1:34.7,ハナ,**,,,,,14-15-14,35.0,34.7,9,474(-2),,,,[東]手塚貴久,下河辺隆行,,202306010312
9,7,13,ペドラフォルカ,牝5,56,石橋脩,1:34.7,ハナ,**,,,,,5-8-7,36.1,43.1,10,474(+10),,,,[西]上村洋行,下河辺隆行,,202306010312
10,7,14,ファロロジー,牝4,55,Ｍ．デム,1:34.8,1/2,**,,,,,12-14-11,35.2,29.0,7,460(-8),,,,[東]高橋裕,水上ふじ子,,202306010312
11,6,12,サンデイビス,牡5,58,江田照男,1:34.9,1/2,**,,,,,14-11-11,35.7,78.3,12,514(-4),,,,[東]村田一誠,加藤ステーブル,,202306010312
12,4,7,ゲンパチアイアン,牡6,58,丹内祐次,1:35.1,1.1/4,**,,,,,1-1-1,37.4,33.5,8,498(+8),,,,[東]西田雄一,平野武志,,202306010312
13,5,10,アルママ,牡7,58,柴田大知,1:35.1,クビ,**,,,,,10-10-7,36.3,4.3,2,486(+4),,,,[東]畠山吉宏,ビッグレッドファーム,,202306010312
14,8,16,ラキャラントシス,牝6,54,藤田菜七,1:35.3,3/4,**,,,,,2-6-5,37.0,59.9,11,482(-2),,,,[東]鈴木伸尋,山王飯店,,202306010312
15,8,15,エクレアスピード,セ7,56,原優介,1:35.3,クビ,**,,,,,2-4-10,37.2,125.5,14,480(+12),,,,[東]大和田成,李柱坤,,202306010312
16,1,2,ドゥリトル,牡8,56,横山琉人,1:36.2,5,**,,,,,16-16-16,36.1,244.4,16,498(+12),,,,[西]村山明,大林一彦,,202306010312
1,5,8,クインズベル,牝3,54,大野拓弥,1:12.7,,**,,,,,1-1,38.1,11.2,7,456(0),,,,[東]和田正一,ケイアイスタリオン,550.0,202306010401
2,3,4,ゴットリープ,牡3,56,横山武史,1:13.4,4,**,,,,,2-2,38.6,3.5,2,472(-2),,,,[東]栗田徹,今村明浩,220.0,202306010401
3,2,2,ドラゴングライダー,牡3,56,丹内祐次,1:13.5,1/2,**,,,,,5-5,38.4,26.1,9,504(+12),,,,[東]岩戸孝樹,田頭勇貴,140.0,202306010401
4,8,15,サルトルーヴィル,牡3,56,津村明秀,1:13.5,クビ,**,,,,,2-2,38.8,3.5,1,492(-2),,,,[東]牧光二,ニッシンホールディングス,83.0,202306010401
5,5,9,フジジュンフェイス,牝3,54,杉原誠人,1:13.8,1.3/4,**,,,,,5-5,38.8,10.3,6,446(0),,,,[東]伊藤大士,ＳＴレーシング,55.0,202306010401
6,3,5,ラプソディンブルー,牡3,54,小林脩斗,1:13.8,アタマ,**,,,,,10-7,38.3,7.5,3,502(+2),,,,[東]奥平雅士,田畑利彦,,202306010401
7,4,6,イナホ,牝3,54,勝浦正樹,1:14.0,1.1/4,**,,,,,8-7,38.6,58.5,11,454(+10),,,,[東]小桧山悟,中村勝彦,,202306010401
8,7,12,プリンシペペケニョ,牡3,54,原優介,1:14.1,クビ,**,,,,,10-11,38.6,25.5,8,430(+4),,,,[東]小笠倫弘,丸山担,,202306010401
9,8,14,ダリ,牡3,53,西塚洸二,1:14.2,1/2,**,,,,,8-7,38.8,235.9,12,426(+2),,,,[東]佐藤吉勝,薪浦亨,,202306010401
10,1,1,ノーブルアクト,牝3,51,水沼元輝,1:14.4,1.1/2,**,,,,,13-13,37.8,8.6,5,492(-4),,,,[東]上原博之,芳賀滿男,,202306010401
11,4,7,ユーカリプタス,牡3,56,松岡正海,1:14.7,1.1/2,**,,,,,5-10,39.6,34.2,10,456(+2),,,,[東]戸田博文,清進電設,,202306010401
12,6,11,ラブファントム,牡3,55,秋山稔樹,1:14.9,1.1/2,**,,,,,13-15,38.3,236.1,13,458(-6),,,,[東]浅野洋一,田頭勇貴,,202306010401
13,7,13,デルマネコダマシ,牝3,54,松山弘平,1:15.1,1.1/2,**,,,,,2-2,40.4,8.6,4,458(0),,,,[東]尾関知人,浅沼廣幸,,202306010401
14,2,3,ルンメニゲ,牡3,54,山田敬士,1:15.3,3/4,**,,,,,13-13,38.8,422.8,15,474(-6),,,,[東]小桧山悟,三岡陽,,202306010401
15,6,10,シバノナスタチウム,牝3,54,菅原隆一,1:15.8,3,**,,,,,12-11,40.2,403.5,14,406(-10),,,,[東]小手川準,柴一男,,202306010401
1,6,12,トゥービートライン,牡3,56,田辺裕信,1:56.4,,**,,,,,1-1-1-1,38.7,6.0,3,472(+2),,,,[東]尾形和幸,藤本直弘,550.0,202306010402
2,1,2,グランサバナ,牡3,56,バシュロ,1:56.5,3/4,**,,,,,3-2-2-2,38.7,2.0,1,494(+4),,,,[東]田村康仁,キャロットファーム,220.0,202306010402
3,2,3,メイテソーロ,牡3,56,戸崎圭太,1:56.8,1.1/2,**,,,,,12-12-5-5,38.9,3.2,2,482(-2),,,,[東]武市康男,了徳寺健二ホールディングス,140.0,202306010402
4,7,14,ブレードキング,牡3,56,北村宏司,1:56.9,3/4,**,,,,,3-4-2-5,39.1,12.0,4,522(+8),,,,[東]岩戸孝樹,大島豊彦,83.0,202306010402
5,3,5,ビップスコーピオン,牡3,56,柴田大知,1:57.0,1/2,**,,,,,8-10-12-12,38.0,23.3,6,452(-6),,,,[東]田島俊明,鈴木邦英,55.0,202306010402
6,3,6,ラフト,牡3,56,石川裕紀,1:57.4,2.1/2,**,,,,,3-4-6-4,39.3,93.4,9,456(+2),,,,[東]畠山吉宏,荒井泰樹,,202306010402
7,8,15,ビルドラポール,牡3,55,永野猛蔵,1:57.7,2,**,,,,,8-8-7-7,39.4,56.8,7,512(0),,,,[東]西田雄一,ビッグレッドファーム,,202306010402
8,5,10,オールアルミュール,牡3,56,木幡巧也,1:58.2,3,**,,,,,8-8-10-9,39.5,12.6,5,512(+2),,,,[東]的場均,林勝宗,,202306010402
9,7,13,ヴィアスパークル,牡3,54,横山琉人,1:58.3,1/2,**,,,,,2-2-2-2,40.5,192.3,12,452(+6),,,,[東]小笠倫弘,ディアレストクラブ,,202306010402
10,8,16,キタノクーヴェル,牡3,56,武士沢友,1:58.4,1/2,**,,,,,11-10-10-9,39.7,128.2,11,428(+2),,,,[東]本間忍,北所直人,,202306010402
11,6,11,リネンマンボ,牡3,54,原優介,1:58.6,1.1/4,**,,,,,12-12-7-7,40.3,62.1,8,446(-4),,,,[東]粕谷昌央,戸山光男,,202306010402
12,1,1,ラインシュトラール,牡3,56,柴田善臣,1:59.1,3,**,,,,,7-7-12-13,40.1,312.0,14,474(+4),,,,[東]水野貴広,大澤繁昌,,202306010402
13,4,8,ショートストップ,牡3,53,西塚洸二,1:59.2,3/4,**,,,,,6-6-9-11,40.7,403.0,15,446(-6),,,,[東]佐藤吉勝,松谷翔太,,202306010402
14,2,4,レオアメニティー,セ3,56,岩部純二,1:59.5,2,**,,,,,12-12-14-13,40.2,574.0,16,468(-2),,,,[東]萱野浩二,レオ,,202306010402
15,4,7,ミツカネアース,牡3,55,秋山稔樹,2:00.3,5,**,,,,,16-16-14-15,41.0,106.7,10,486(-2),,,,[東]清水英克,小山田満,,202306010402
16,5,9,インナーサンクタム,牡3,56,大野拓弥,2:01.3,6,**,,,,,12-12-16-16,41.5,195.8,13,480(+14),,,,[東]上原博之,ゴドルフィン,,202306010402
1,7,14,ポンサン,牡3,56,横山和生,1:56.0,,**,,,,,16-16-16-11,38.9,186.3,15,476(-6),,,,[東]小西一男,天野克彦,550.0,202306010403
2,2,3,タッチャブル,牡3,56,杉原誠人,1:56.1,3/4,**,,,,,12-11-6-4,39.5,28.5,10,520(+4),,,,[東]宮田敬介,大塚亮一,220.0,202306010403
3,5,9,ウィズフィリップ,牡3,56,西村太一,1:56.6,3,**,,,,,12-13-11-7,39.8,20.4,8,518(+4),,,,[東]大竹正博,山科統,140.0,202306010403
4,1,2,フクチャンビーナス,牝3,54,ルメール,1:56.7,1/2,**,,,,,1-1-1-1,40.7,2.2,1,476(+8),,,,[東]加藤征弘,福田義明,83.0,202306010403
5,8,16,ラッキーコイン,牡3,56,松岡正海,1:57.0,1.3/4,**,,,,,3-4-3-2,40.8,23.5,9,480(+20),,,,[東]竹内正洋,吉田千津,55.0,202306010403
6,6,12,カミノモラド,牡3,56,丹内祐次,1:57.4,2.1/2,**,,,,,7-7-6-7,40.8,43.4,12,538(+10),,,,[東]矢野英一,Ｇリビエール・レーシング,,202306010403
7,2,4,ショウナンガロ,牡3,56,内田博幸,1:57.4,ハナ,**,,,,,10-9-11-12,40.6,10.8,4,496(0),,,,[東]武市康男,国本哲秀,,202306010403
8,7,13,キョウエイルーマー,牡3,54,原優介,1:57.4,クビ,**,,,,,9-9-6-7,40.8,16.4,6,462(0),,,,[東]萱野浩二,田中晴夫,,202306010403
9,8,15,ハクシンジャベリン,牡3,54,山田敬士,1:57.6,3/4,**,,,,,12-13-11-12,40.8,367.1,16,470(-6),,,,[東]松山将樹,新井原博,,202306010403
10,4,7,イデアユウシン,牡3,56,菅原明良,1:58.7,7,**,,,,,6-6-6-7,42.1,16.0,5,540(+4),,,,[東]本間忍,益田修一,,202306010403
11,1,1,ベンハー,牡3,56,西村淳也,1:59.0,1.1/2,**,,,,,3-3-4-4,42.7,42.7,11,510(+4),,,,[東]高木登,小菅定雄,,202306010403
12,6,11,セブンメイクハピー,牡3,56,バシュロ,1:59.2,1.1/4,**,,,,,10-11-10-12,42.5,6.8,3,464(-4),,,,[東]奥村武,前迫義幸,,202306010403
13,4,8,サラサビーザベスト,牡3,56,横山武史,1:59.2,クビ,**,,,,,2-2-2-2,43.1,5.2,2,474(-2),,,,[東]村田一誠,横井良明,,202306010403
14,3,5,ロマンスハイウェイ,牡3,55,永野猛蔵,1:59.5,1.1/2,**,,,,,15-15-11-16,42.7,179.3,14,484(0),,,,[東]伊藤圭三,星野隆男,,202306010403
15,5,10,マーゴットバモス,牡3,56,菊沢一樹,1:59.7,1.1/2,**,,,,,7-8-11-12,42.9,178.1,13,502(+4),,,,[東]伊坂重信,前田良平,,202306010403
16,3,6,マローディープ,セ3,56,北村宏司,2:00.2,3,**,,,,,3-4-4-6,43.9,17.9,7,500(-6),,,,[東]木村哲也,シルクレーシング,,202306010403
1,2,3,クリニクラウン,牝3,52,原優介,1:13.8,,**,,,,,12-9,37.0,6.9,4,476(0),,,,[東]小手川準,新木鈴子,620.0,202306010404
2,6,11,ハクサンブリエ,牝3,54,田辺裕信,1:13.8,クビ,**,,,,,6-6,38.7,5.6,2,460(0),,,,[東]菊川正達,河崎五市,250.0,202306010404
3,7,14,ゴールデンレディー,牝3,52,藤田菜七,1:14.1,1.1/2,**,,,,,10-9,37.6,24.4,10,396(0),,,,[東]鈴木伸尋,山本茂,160.0,202306010404
4,8,15,スピリチュアル,牝3,54,武藤雅,1:14.1,クビ,**,,,,,4-3,39.4,7.2,5,450(0),,,,[東]武藤善則,佐々木雄二,93.0,202306010404
5,4,8,マキバシラ,牝3,54,大野拓弥,1:14.3,1.1/2,**,,,,,15-14,36.7,45.6,11,448(0),,,,[東]浅野洋一,植村仁,62.0,202306010404
6,5,9,バスケットカウント,牝3,54,的場勇人,1:14.4,クビ,**,,,,,9-9,38.4,47.6,12,454(0),,,,[東]的場均,長谷川守正,,202306010404
7,1,2,キタノトパーズ,牝3,52,山田敬士,1:14.4,ハナ,**,,,,,4-4,39.7,19.0,9,440(0),,,,[東]松永康利,北所直人,,202306010404
8,6,12,フウライジンモン,牝3,54,井上敏樹,1:14.5,3/4,**,,,,,8-8,38.8,76.0,15,488(0),,,,[東]伊坂重信,大久保幸夫,,202306010404
9,3,5,サツキグレイ,牝3,52,小林凌大,1:14.6,1/2,**,,,,,11-9,37.9,125.2,16,414(0),,,,[東]土田稔,小野博郷,,202306010404
10,2,4,フラットコール,牝3,54,丸山元気,1:14.7,1/2,**,,,,,1-1,40.3,4.6,1,414(0),,,,[東]宮田敬介,Ｇ１レーシング,,202306010404
11,3,6,アルマケルブ,牝3,54,鮫島克駿,1:14.8,1/2,**,,,,,6-6,39.7,18.4,8,448(0),,,,[西]川村禎彦,コウトミックレーシング,,202306010404
12,4,7,アルマセラフ,牝3,54,吉田豊,1:14.9,アタマ,**,,,,,12-13,38.0,9.0,6,506(0),,,,[東]中舘英二,コウトミックレーシング,,202306010404
13,1,1,フクノデイジー,牝3,54,菊沢一樹,1:15.5,3.1/2,**,,,,,14-15,38.2,48.2,13,440(0),,,,[東]村田一誠,福島祐子,,202306010404
14,7,13,ミトノクリール,牝3,54,木幡巧也,1:16.0,3,**,,,,,2-2,41.5,6.4,3,432(0),,,,[東]牧光二,ロイヤルパーク,,202306010404
15,5,10,ラヴィングメモリー,牝3,52,小林脩斗,1:16.7,4,**,,,,,16-16,38.4,14.7,7,468(0),,,,[東]中舘英二,ノルマンディーサラブレッドレーシング,,202306010404
16,8,16,アイアンランラン,牝3,54,岩部純二,1:16.7,ハナ,**,,,,,3-4,42.1,75.4,14,434(0),,,,[東]南田美知,池上一馬,,202306010404
1,1,2,エッセレンチ,牝3,54,杉原誠人,1:34.9,,**,,,,,2-2-2,35.5,10.3,6,422(+4),,,,[東]蛯名正義,三嶋牧場,550.0,202306010405
2,1,1,アフターグロウ,牝3,54,横山武史,1:35.1,1.1/4,**,,,,,2-5-3,35.5,9.5,5,444(+10),,,,[東]宗像義忠,サラブレッドクラブ・ラフィアン,220.0,202306010405
3,2,3,リトルウインディー,牝3,54,三浦皇成,1:35.2,1/2,**,,,,,1-1-1,36.0,4.3,1,482(0),,,,[東]稲垣幸雄,宮田守,140.0,202306010405
4,7,13,オーヴァルブルーム,牝3,54,Ｍ．デム,1:35.4,1.1/2,**,,,,,15-14-4,34.6,5.1,2,434(+2),,,,[東]斎藤誠,ＤＭＭドリームクラブ,83.0,202306010405
5,7,14,シロノクミキョク,牝3,54,津村明秀,1:35.7,1.3/4,**,,,,,9-8-4,35.8,12.3,8,446(+8),,,,[東]鈴木伸尋,ビッグレッドファーム,55.0,202306010405
6,8,15,トロピカルライト,牝3,54,丸田恭介,1:35.8,クビ,**,,,,,9-11-9,35.7,23.2,10,464(0),,,,[東]宗像義忠,高橋文男,,202306010405
7,2,4,ダッチアイリス,牝3,54,石川裕紀,1:35.8,クビ,**,,,,,7-8-7,35.9,35.0,12,432(-2),,,,[東]相沢郁,杵臼牧場,,202306010405
8,3,5,イゾレエオリア,牝3,54,菅原明良,1:36.0,1.1/4,**,,,,,11-8-11,36.0,11.8,7,458(+2),,,,[東]伊藤大士,吉田照哉,,202306010405
9,4,8,アルセリア,牝3,54,丸山元気,1:36.2,1.1/4,**,,,,,7-7-7,36.4,18.6,9,432(-8),,,,[東]和田雄二,栗坂崇,,202306010405
10,6,12,コスモアメジスト,牝3,54,丹内祐次,1:36.7,3,**,,,,,5-2-4,37.2,30.5,11,416(0),,,,[東]加藤士津,ビッグレッドファーム,,202306010405
11,4,7,アウグーリ,牝3,54,戸崎圭太,1:36.7,クビ,**,,,,,13-13-13,36.2,7.4,4,404(0),,,,[東]手塚貴久,吉田勝己,,202306010405
12,3,6,ラウロスカイ,牝3,53,永野猛蔵,1:37.2,3,**,,,,,5-5-11,37.5,7.0,3,456(+16),,,,[東]黒岩陽一,迎徹,,202306010405
13,8,16,ルビータイプ,牝3,54,柴田大知,1:37.6,2.1/2,**,,,,,11-12-13,37.3,211.0,14,444(+4),,,,[東]萱野浩二,ビッグレッドファーム,,202306010405
14,5,9,ハクシンレガロ,牝3,54,西村淳也,1:37.8,1.1/4,**,,,,,13-15-15,35.5,211.5,15,448(-10),,,,[東]加藤士津,新井原博,,202306010405
15,5,10,イーブンナンバー,牝3,52,原優介,1:38.3,3,**,,,,,16-15-15,35.9,107.5,13,470(0),,,,[東]萩原清,池谷誠一,,202306010405
16,6,11,カシノクック,牝3,53,秋山稔樹,1:40.8,大,**,,,,,4-2-9,41.4,298.5,16,436(+20),,,,[東]蛯名利弘,柏木務,,202306010405
1,8,10,カムランベイ,牡3,56,田辺裕信,1:56.0,,**,,,,,3-3-3-2,39.1,2.1,1,512(0),,,,[東]岩戸孝樹,ゴドルフィン,620.0,202306010406
2,3,3,ヒューゴ,牡3,56,バシュロ,1:56.1,クビ,**,,,,,2-2-2-1,39.3,6.0,3,468(0),,,,[東]加藤征弘,林正道,250.0,202306010406
3,8,11,デルマヨリキリ,牡3,56,吉田豊,1:56.8,4,**,,,,,5-5-4-4,39.7,44.3,10,464(0),,,,[東]田島俊明,浅沼廣幸,160.0,202306010406
4,6,6,エイガウマザンマイ,牡3,54,横山琉人,1:58.4,10,**,,,,,8-7-4-4,41.2,39.2,8,484(0),,,,[東]青木孝文,鈴木慈雄,93.0,202306010406
5,1,1,バトルエンジェル,牝3,54,松岡正海,1:58.7,2,**,,,,,10-10-10-9,39.8,19.2,7,496(0),,,,[東]戸田博文,安原浩司,62.0,202306010406
6,6,7,イサチルアルマーレ,牡3,56,木幡初也,1:58.8,クビ,**,,,,,7-7-7-7,40.9,85.6,11,482(0),,,,[東]竹内正洋,小坂功,,202306010406
7,7,9,クラウンブラヴォー,牡3,56,木幡巧也,1:59.0,1.1/4,**,,,,,6-5-4-4,41.9,12.0,5,498(0),,,,[東]牧光二,クラウン,,202306010406
8,2,2,ヒラボクアルセウス,牡3,56,松山弘平,1:59.4,2.1/2,**,,,,,1-1-1-2,42.6,12.9,6,512(0),,,,[東]大竹正博,平田牧場,,202306010406
9,4,4,フェローチェ,牡3,56,岩田望来,1:59.5,クビ,**,,,,,3-3-8-9,41.4,5.1,2,516(0),,,,[西]寺島良,ラ・メール,,202306010406
10,7,8,テイエムジンハク,牡3,56,菊沢一樹,2:00.1,3.1/2,**,,,,,9-9-9-7,41.8,43.3,9,528(0),,,,[東]石栗龍彦,竹園正繼,,202306010406
11,5,5,ヴィクトリーロード,牡3,56,菅原明良,2:06.3,大,**,,,,,11-11-11-11,41.2,8.0,4,470(0),,,,[東]高木登,山田弘,,202306010406
1,3,5,デルマタモン,牡5,58,北村宏司,1:54.6,,**,,,,,9-9-6-4,38.8,24.9,7,514(+10),,,,[東]勢司和浩,浅沼廣幸,800.0,202306010407
2,5,10,ネイチャーセラピー,牡4,57,バシュロ,1:54.7,1/2,**,,,,,5-5-4-3,39.2,21.4,6,532(+2),,,,[東]田村康仁,吉田和美,320.0,202306010407
3,3,6,ロイヤルダンス,牡5,58,丹内祐次,1:54.9,3/4,**,,,,,1-1-1-1,39.8,3.1,1,504(0),,,,[東]清水英克,大脇佑樹,200.0,202306010407
4,1,2,カフェカルマ,牡4,56,永野猛蔵,1:55.0,3/4,**,,,,,7-8-7-7,39.0,8.6,5,526(+16),,,,[東]古賀慎明,西川光一,120.0,202306010407
5,8,15,ペイシャジュン,牡5,58,菅原明良,1:55.0,アタマ,**,,,,,9-9-13-10,38.4,4.8,3,520(+4),,,,[東]高橋裕,北所直人,80.0,202306010407
6,4,7,ベストフィーリング,牡4,57,ルメール,1:55.1,1/2,**,,,,,2-2-2-2,39.9,3.7,2,502(-4),,,,[東]手塚貴久,馬場幸夫,,202306010407
7,6,12,サプライズビュー,牡5,58,田辺裕信,1:55.2,1/2,**,,,,,14-14-13-14,38.6,7.3,4,510(0),,,,[東]栗田徹,ＣＨＥＶＡＬＡＴＴＡＣＨＥ,,202306010407
8,1,1,ヴォーグマチネ,牡5,58,原田和真,1:55.6,2,**,,,,,9-9-9-7,39.4,102.6,12,498(0),,,,[東]堀内岳志,志村幸彦,,202306010407
9,8,16,セザンテイオー,牡5,58,吉田豊,1:55.9,1.3/4,**,,,,,13-12-13-10,39.4,119.2,14,512(+2),,,,[東]浅野洋一,瀬山孝一,,202306010407
10,7,13,キボウノホシ,牡4,57,内田博幸,1:56.1,1.1/4,**,,,,,12-12-10-12,39.7,32.9,8,492(+8),,,,[東]奥平雅士,堀紘一,,202306010407
11,7,14,サンマルソムニア,牝4,54,秋山稔樹,1:56.5,2.1/2,**,,,,,14-14-10-12,40.1,70.1,10,452(+12),,,,[東]佐藤吉勝,相馬勇,,202306010407
12,5,9,シンボリックレルム,牝4,55,武藤雅,1:56.7,1.1/4,**,,,,,3-3-3-6,41.4,137.4,15,494(+6),,,,[東]水野貴広,吉田千津,,202306010407
13,2,3,サクラロワ,牡5,58,横山和生,1:56.7,ハナ,**,,,,,16-16-16-15,39.7,77.9,11,552(+20),,,,[東]堀宣行,さくらコマース,,202306010407
14,2,4,タイガ,牡6,55,佐々木大,1:56.9,3/4,**,,,,,3-3-4-4,41.5,56.4,9,482(-14),,,,[東]堀内岳志,三度屋,,202306010407
15,4,8,セルヴァン,牡5,58,西村淳也,1:57.4,3.1/2,**,,,,,7-6-7-9,41.4,104.8,13,474(+10),,,,[東]大竹正博,社台レースホース,,202306010407
16,6,11,チョコレートミルク,牡4,55,小林脩斗,2:00.7,大,**,,,,,6-6-10-16,44.3,265.0,16,470(+4),,,,[東]粕谷昌央,村田滋,,202306010407
1,4,6,キタノブレイド,牡4,58,菅原明良,1:11.4,,**,,,,,12-10,36.1,5.9,4,460(-2),,,,[東]萱野浩二,北所直人,"1,140.0",202306010408
2,1,1,ニルカンタテソーロ,牡6,56,原優介,1:11.5,1/2,**,,,,,5-5,37.0,6.8,5,448(-2),,,,[東]小手川準,了徳寺健二ホールディングス,460.0,202306010408
3,2,3,ネイチャーカレン,牡6,58,野中悠太,1:11.5,クビ,**,,,,,10-9,36.4,28.9,9,470(0),,,,[東]根本康広,サザンホールディング,290.0,202306010408
4,8,15,ロードミッドナイト,牡5,58,バシュロ,1:11.8,1.1/2,**,,,,,2-2,37.9,8.6,6,534(+14),,,,[東]田中博康,ロードホースクラブ,170.0,202306010408
5,3,4,ジェットマックス,牡6,58,松山弘平,1:12.0,1.1/4,**,,,,,7-7,37.3,21.8,8,530(0),,,,[西]森秀行,大野照旺,114.0,202306010408
6,2,2,ブーケオブアイリス,セ5,58,木幡巧也,1:12.0,クビ,**,,,,,8-7,37.0,74.5,12,496(-4),,,,[東]杉浦宏昭,小林善一,,202306010408
7,3,5,アップリバー,牝5,56,津村明秀,1:12.2,1.1/4,**,,,,,2-4,38.2,29.2,10,498(+2),,,,[東]牧光二,平田修,,202306010408
8,7,12,タヤスゴールド,牡4,58,江田照男,1:12.3,1/2,**,,,,,1-1,38.6,4.5,1,514(+2),,,,[東]岩戸孝樹,横瀬兼二,,202306010408
9,6,10,トップヴィヴィット,牡5,58,宮崎北斗,1:12.4,1/2,**,,,,,2-2,38.5,5.7,3,540(+2),,,,[東]中川公成,紅露純,,202306010408
10,6,11,ネオトゥルー,牡6,56,横山琉人,1:12.9,3,**,,,,,12-12,37.5,170.8,14,490(-8),,,,[東]鈴木伸尋,西田俊二,,202306010408
11,5,8,オンワードセルフ,牡7,57,永野猛蔵,1:12.9,ハナ,**,,,,,15-14,36.7,236.3,15,494(+10),,,,[西]村山明,樫山章子,,202306010408
12,5,9,アウトパフォーム,牡4,58,戸崎圭太,1:12.9,アタマ,**,,,,,10-10,37.8,5.0,2,452(0),,,,[東]栗田徹,ゴドルフィン,,202306010408
13,7,13,クリノイコライザー,セ6,58,松岡正海,1:13.0,1/2,**,,,,,5-5,38.5,56.4,11,456(-4),,,,[西]中尾秀正,栗本博晴,,202306010408
14,4,7,グランドストローク,牡6,58,武藤雅,1:13.3,1.1/2,**,,,,,14-14,37.5,140.8,13,498(+12),,,,[東]水野貴広,コスモヴューファーム,,202306010408
15,8,14,プランセスカグヤ,牝4,54,小林脩斗,1:14.1,5,**,,,,,8-12,39.2,15.0,7,470(0),,,,[東]武藤善則,岡田牧雄,,202306010408
1,2,4,フジマサインパクト,牡5,58,田中勝春,2:34.7,,**,,,,,5-5-3-3,38.1,7.3,3,438(+2),,,,[東]菊川正達,藤原正一,"1,587.1",202306010409
2,4,7,ヒミノフラッシュ,牡5,58,菅原明良,2:35.1,2.1/2,**,,,,,10-10-5-3,38.3,32.6,8,556(+2),,,,[西]川村禎彦,佐々木八郎,630.6,202306010409
3,8,16,ジャスパーグレイト,牡4,57,戸崎圭太,2:35.1,アタマ,**,,,,,1-1-1-1,38.9,3.9,2,476(0),,,,[西]森秀行,加藤和夫,395.3,202306010409
4,5,10,クールファイブ,牡5,58,松岡正海,2:35.3,1.1/2,**,,,,,11-11-9-6,38.3,68.5,11,492(-14),,,,[東]堀内岳志,大塚亮一,230.0,202306010409
5,7,13,トクシースタローン,牡4,57,木幡巧也,2:35.4,クビ,**,,,,,3-3-3-3,38.9,2.5,1,490(+4),,,,[東]辻哲英,ＡＩレーシング,155.0,202306010409
6,3,6,トーセンマーク,牡5,58,菊沢一樹,2:35.9,3,**,,,,,13-13-11-9,38.7,12.7,6,522(0),,,,[東]古賀慎明,島川隆哉,,202306010409
7,8,15,ブルレスカ,牝5,56,三浦皇成,2:36.1,1.1/4,**,,,,,15-15-14-11,38.6,71.8,12,466(-6),,,,[西]寺島良,前田幸治,,202306010409
8,7,14,コバルトブルー,牡7,58,石川裕紀,2:36.5,2,**,,,,,5-5-7-9,39.6,66.2,10,470(+4),,,,[西]池江泰寿,青芝商事,,202306010409
9,5,9,ナムアミダブツ,牡6,58,西村淳也,2:36.5,クビ,**,,,,,8-8-9-11,39.4,7.5,4,468(-8),,,,[西]石坂公一,ニューマレコード,,202306010409
10,4,8,ダノンハイファイブ,牡5,58,内田博幸,2:36.8,1.3/4,**,,,,,8-8-7-6,39.9,103.9,14,480(-2),,,,[西]坂口智康,ダノックス,,202306010409
11,6,11,ハイエストエンド,セ6,58,横山和生,2:36.9,クビ,**,,,,,11-12-13-14,39.6,30.9,7,512(0),,,,[東]小西一男,明栄商事,,202306010409
12,1,1,グッドリドゥンス,牡6,58,勝浦正樹,2:36.9,クビ,**,,,,,16-16-16-14,39.0,212.2,16,494(+4),,,,[東]的場均,林勝宗,,202306010409
13,2,3,ダノンピーカブー,牡4,57,岩田望来,2:37.0,3/4,**,,,,,2-2-2-2,40.7,10.0,5,480(+6),,,,[西]大久保龍,ダノックス,,202306010409
14,1,2,リュードマン,牡6,58,永野猛蔵,2:37.2,1.1/4,**,,,,,13-13-14-13,39.6,48.3,9,496(+4),,,,[東]中川公成,ノルマンディーサラブレッドレーシング,,202306010409
15,3,5,ミエノナイスガイ,牡4,57,バシュロ,2:37.5,1.3/4,**,,,,,5-5-5-6,40.8,72.3,13,472(+3),,,,[東]田中博康,里見美惠子,,202306010409
16,6,12,ナックイルシーブ,牡5,58,柴田大知,2:40.3,大,**,,,,,3-3-11-16,43.1,155.8,15,536(+14),,,,[東]杉浦宏昭,小松欣也,,202306010409
1,8,11,グランオフィシエ,牡5,58,戸崎圭太,2:14.8,,**,,,,,8-5-8-7,34.5,14.6,5,464(-2),,,,[東]久保田貴,社台レースホース,"1,871.5",202306010410
2,4,4,サンストックトン,牡4,57,横山武史,2:14.8,ハナ,**,,,,,10-9-6-6,34.7,1.8,1,478(+12),,,,[東]鹿戸雄一,加藤ステーブル,749.0,202306010410
3,8,12,ホウオウリアリティ,牡5,58,三浦皇成,2:14.8,クビ,**,,,,,1-1-1-1,35.1,17.0,6,480(-2),,,,[東]高木登,小笹芳央,464.5,202306010410
4,2,2,リリーピュアハート,牝6,56,岩田望来,2:15.0,3/4,**,,,,,4-5-12-12,34.1,22.0,7,450(-10),,,,[西]藤原英昭,社台レースホース,280.0,202306010410
5,1,1,ソルドラード,セ7,58,石川裕紀,2:15.0,ハナ,**,,,,,6-8-11-11,34.3,73.7,10,508(+2),,,,[東]蛯名正義,キャロットファーム,184.0,202306010410
6,5,6,スパイラルノヴァ,牡5,58,Ｍ．デム,2:15.1,3/4,**,,,,,3-2-6-4,35.0,4.3,2,480(+4),,,,[西]藤岡健一,フクキタル,,202306010410
7,6,8,ロードトゥフェイム,牡5,58,丹内祐次,2:15.2,1/2,**,,,,,9-9-8-7,34.8,38.8,9,506(+2),,,,[東]尾形和幸,岡田牧雄,,202306010410
8,7,10,アインゲーブング,牝5,56,バシュロ,2:15.4,1.1/4,**,,,,,6-5-3-4,35.6,10.6,4,450(0),,,,[東]黒岩陽一,サラブレッドクラブ・ラフィアン,,202306010410
9,6,7,マイネルコロンブス,牡6,58,柴田大知,2:15.4,クビ,**,,,,,11-11-5-7,35.5,152.0,11,476(+6),,,,[東]清水英克,サラブレッドクラブ・ラフィアン,,202306010410
10,7,9,ディナースタ,牡4,57,横山和生,2:15.5,1/2,**,,,,,12-12-2-2,35.8,7.8,3,468(-2),,,,[西]辻野泰之,ノルマンディーサラブレッドレーシング,,202306010410
11,3,3,シルキーヴォイス,牡5,58,松山弘平,2:15.7,1,**,,,,,4-3-3-2,35.9,24.1,8,478(0),,,,[西]池江泰寿,金子真人ホールディングス,,202306010410
12,5,5,コスモインペリウム,牡6,58,宮崎北斗,2:16.9,7,**,,,,,2-3-10-10,36.4,243.3,12,550(+4),,,,[東]松永康利,ビッグレッドファーム,,202306010410
1,7,14,キタウイング,牝3,55,杉原誠人,1:34.3,,**,**,**,**,**,15-15-9,34.9,35.8,11,432(0),,,,[東]小島茂之,ミルファーム,"3,759.5",202306010411
2,5,10,メイクアスナッチ,牝3,54,戸崎圭太,1:34.3,アタマ,**,**,**,**,**,13-10-9,35.3,12.6,7,436(+6),,,,[東]武市康男,シルクレーシング,"1,517.0",202306010411
3,1,1,スピードオブライト,牝3,54,石川裕紀,1:34.6,1.3/4,**,**,**,**,**,1-2-2,36.2,11.3,6,402(-12),,,,[東]相沢郁,ヒダカ・ブリーダーズ・ユニオン,938.5,202306010411
4,6,12,ブラウンウェーブ,牝3,54,菅原明良,1:34.6,アタマ,**,**,**,**,**,13-12-12,35.4,171.9,15,424(-10),,,,[東]宗像義忠,トップフェロウ,560.0,202306010411
5,1,2,リックスター,牝3,54,三浦皇成,1:34.7,1/2,**,**,**,**,**,7-4-5,36.1,20.2,9,440(+8),,,,[東]鹿戸雄一,下澤晃紀,370.0,202306010411
6,2,4,アンタノバラード,牝3,54,田辺裕信,1:34.7,アタマ,**,**,**,**,**,7-7-6,35.8,23.2,10,430(+2),,,,[東]伊藤大士,ミルファーム,,202306010411
7,3,6,ミシシッピテソーロ,牝3,54,鮫島克駿,1:34.9,1.1/4,**,**,**,**,**,4-6-6,36.2,7.0,4,424(+2),,,,[東]畠山吉宏,了徳寺健二ホールディングス,,202306010411
8,4,8,イコノスタシス,牝3,54,北村宏司,1:35.0,1/2,**,**,**,**,**,4-4-3,36.4,9.6,5,480(+4),,,,[東]古賀慎明,サンデーレーシング,,202306010411
9,2,3,マイレーヌ,牝3,54,横山琉人,1:35.0,ハナ,**,**,**,**,**,2-1-1,36.8,36.1,12,494(+2),,,,[東]斎藤誠,小関昭次,,202306010411
10,4,7,ディナトセレーネ,牝3,54,横山武史,1:35.0,クビ,**,**,**,**,**,2-2-3,36.5,4.8,2,452(+4),,,,[東]尾関知人,社台レースホース,,202306010411
11,3,5,ヒップホップソウル,牝3,54,松山弘平,1:35.1,1/2,**,**,**,**,**,7-7-6,36.3,4.1,1,492(-8),,,,[東]木村哲也,社台レースホース,,202306010411
12,8,15,ミタマ,牝3,54,岩田望来,1:35.2,3/4,**,**,**,**,**,11-12-13,35.9,39.3,13,464(+2),,,,[西]上村洋行,ニッシンホールディングス,,202306010411
13,7,13,チハヤ,牝3,54,丹内祐次,1:36.1,5,**,**,**,**,**,16-16-14,36.3,279.4,16,422(-16),,,,[地]加藤誠一,浦野和由,,202306010411
14,5,9,エナジーチャイム,牝3,54,ルメール,1:36.2,クビ,**,**,**,**,**,11-10-9,37.2,6.6,3,426(-2),,,,[東]手塚貴久,シルクレーシング,,202306010411
15,6,11,ディヴァージオン,牝3,54,Ｍ．デム,1:37.3,7,**,**,**,**,**,7-12-16,38.1,19.3,8,428(+8),,,,[西]藤岡健一,幅田昌伸,,202306010411
16,8,16,ブルーイングリーン,牝3,54,山田敬士,1:38.7,9,**,**,**,**,**,4-7-15,39.8,143.4,14,466(-10),,,,[東]小手川準,上村洋司,,202306010411
1,8,17,レイトカンセイオー,牡4,57,横山武史,2:01.0,,**,,,,,4-4-4-5,34.6,6.9,4,480(+10),,,,[東]和田勇介,村田能光,800.0,202306010412
2,7,14,ウィズグレイス,牝4,55,松山弘平,2:01.1,1/2,**,,,,,1-1-1-1,35.4,5.6,2,458(-2),,,,[東]国枝栄,社台レースホース,320.0,202306010412
3,3,5,イヴニングスター,牡4,57,岩田望来,2:01.1,クビ,**,,,,,2-2-2-2,35.1,11.6,5,506(+4),,,,[東]戸田博文,村野康司,200.0,202306010412
4,6,12,フジマサフリーダム,牡4,57,木幡巧也,2:01.3,3/4,**,,,,,3-3-3-3,35.1,63.6,11,522(+2),,,,[東]菊川正達,藤原正一,120.0,202306010412
5,2,3,コスモフロイデ,牡4,57,Ｍ．デム,2:01.4,3/4,**,,,,,6-6-6-6,34.6,20.9,8,472(-4),,,,[東]天間昭一,ビッグレッドファーム,80.0,202306010412
6,7,13,エンパイアウエスト,牝4,55,北村宏司,2:01.6,1.1/2,**,,,,,9-9-9-8,34.6,20.3,7,490(-8),,,,[東]黒岩陽一,吉田勝己,,202306010412
7,2,4,タフトテソーロ,牡4,57,鮫島克駿,2:01.7,クビ,**,,,,,11-11-12-8,34.6,25.6,9,464(-2),,,,[東]高木登,了徳寺健二ホールディングス,,202306010412
8,6,11,ホーリーエンブレム,牝4,55,ルメール,2:01.8,3/4,**,,,,,6-6-6-6,35.1,2.4,1,428(+2),,,,[東]田村康仁,サンデーレーシング,,202306010412
9,4,8,ブルーゲート,牝4,52,佐々木大,2:02.0,1.1/2,**,,,,,9-9-9-11,35.0,17.6,6,432(+4),,,,[東]武井亮,石瀬浩三,,202306010412
10,4,7,カヨウネンカ,牝4,55,松岡正海,2:02.0,ハナ,**,,,,,15-15-12-11,34.8,6.5,3,452(0),,,,[東]斎藤誠,ミルファーム,,202306010412
11,1,2,カメハメハタイム,牡4,57,戸崎圭太,2:02.1,クビ,**,,,,,4-4-4-3,35.6,29.9,10,510(+2),,,,[東]栗田徹,スリーエイチレーシング,,202306010412
12,8,15,インワンシティング,牡5,56,横山琉人,2:02.2,1/2,**,,,,,13-13-14-13,34.8,94.8,12,454(+8),,,,[東]林徹,Ｇ１レーシング,,202306010412
13,5,9,ヤマニンパニータ,牝4,55,江田照男,2:02.2,クビ,**,,,,,14-13-15-13,34.6,95.0,13,456(+4),,,,[東]辻哲英,土井肇,,202306010412
14,1,1,トーセンクライマー,牡5,58,西村淳也,2:02.6,2.1/2,**,,,,,15-16-17-16,34.8,202.3,16,470(+2),,,,[東]加藤征弘,島川隆哉,,202306010412
15,8,16,フォーチュンリング,牝8,56,丹内祐次,2:02.9,1.3/4,**,,,,,6-6-6-8,36.2,137.1,14,462(-4),,,,[東]嘉藤貴行,岡田壮史,,202306010412
16,3,6,ローズパルファン,牝6,54,藤田菜七,2:02.9,クビ,**,,,,,17-17-15-16,35.3,168.9,15,428(-10),,,,[東]田中剛,友駿ホースクラブ,,202306010412
17,5,10,フレンドジェイ,牡5,58,武士沢友,2:04.2,8,**,,,,,11-11-9-15,37.3,439.9,17,480(-6),,,,[東]南田美知,横尾晴人,,202306010412
1,5,9,シュヴァルツリーベ,牝3,54,津村明秀,1:12.0,,**,,,,,2-2,37.3,1.9,1,440(-4),,,,[東]林徹,ノルマンディーサラブレッドレーシング,550.0,202306010501
2,8,16,レアジーニアス,牝3,54,江田照男,1:12.8,5,**,,,,,3-3,38.0,21.9,5,470(-4),,,,[東]栗田徹,岡田牧雄,220.0,202306010501
3,4,8,ドナルビー,牝3,54,木幡巧也,1:13.5,4,**,,,,,7-7,38.2,31.6,7,444(+4),,,,[東]畠山吉宏,小川眞査雄,140.0,202306010501
4,5,10,ラクサパーナ,牝3,54,杉原誠人,1:13.5,クビ,**,,,,,4-5,38.5,22.0,6,436(+10),,,,[東]矢野英一,キャロットファーム,83.0,202306010501
5,6,12,ダイナマイトレディ,牝3,54,柴田大知,1:13.5,ハナ,**,,,,,4-5,38.4,105.9,11,462(+6),,,,[東]南田美知,飯田総一郎,55.0,202306010501
6,1,2,クウレイナニ,牝3,54,三浦皇成,1:13.8,1.1/2,**,,,,,13-11,38.0,111.8,12,450(-2),,,,[東]田島俊明,小林由明,,202306010501
7,2,4,シャインジュエリー,牝3,54,北村宏司,1:13.9,3/4,**,,,,,15-15,37.6,7.3,3,476(-6),,,,[東]国枝栄,吉田勝己,,202306010501
8,3,6,キイロノトマト,牝3,52,山田敬士,1:14.0,1/2,**,,,,,11-11,38.4,84.5,9,430(-8),,,,[東]石栗龍彦,江川伸夫,,202306010501
9,8,15,フルーツサンド,牝3,54,木幡育也,1:14.3,2,**,,,,,9-9,38.9,451.5,16,424(+4),,,,[東]大江原哲,田頭勇貴,,202306010501
10,7,13,シーギリア,牝3,54,田辺裕信,1:14.4,1/2,**,,,,,7-7,39.2,12.1,4,452(-2),,,,[東]金成貴史,細谷典幸,,202306010501
11,7,14,ロサムンディー,牝3,54,柴田善臣,1:14.6,1.1/4,**,,,,,4-4,39.6,325.8,15,454(+4),,,,[東]石毛善彦,田頭勇貴,,202306010501
12,6,11,レオパルツェ,牝3,52,小林脩斗,1:14.6,ハナ,**,,,,,11-9,38.9,100.7,10,420(-10),,,,[東]奥平雅士,レオ,,202306010501
13,1,1,パルフュメ,牝3,54,横山武史,1:14.8,3/4,**,,,,,1-1,40.2,3.3,2,462(+2),,,,[東]岩戸孝樹,大冨智弘,,202306010501
14,3,5,マリノフェアレディ,牝3,53,永野猛蔵,1:14.8,ハナ,**,,,,,9-13,39.3,265.3,14,430(-6),,,,[東]蛯名利弘,矢野雅子,,202306010501
15,4,7,ペイシャキネマ,牝3,52,横山琉人,1:14.9,1,**,,,,,14-13,39.0,35.1,8,422(+8),,,,[東]伊藤伸一,北所直人,,202306010501
16,2,3,マーニャ,牝3,54,武藤雅,1:15.0,1/2,**,,,,,15-15,38.7,208.7,13,428(0),,,,[東]水野貴広,ディアレストクラブ,,202306010501
1,7,13,ホウオウカブキ,牡3,56,バシュロ,1:54.7,,**,,,,,2-2-2-2,38.8,6.5,2,474(-2),,,,[東]田中博康,小笹芳央,550.0,202306010502
2,6,11,レイズカイザー,牡3,56,田辺裕信,1:54.8,3/4,**,,,,,1-1-1-1,39.0,1.6,1,516(+2),,,,[東]田村康仁,吉井盛治,220.0,202306010502
3,5,10,ヴェールトゥマラン,牡3,56,江田照男,1:56.0,7,**,,,,,7-7-3-3,40.0,10.6,5,488(0),,,,[東]矢野英一,落合幸弘,140.0,202306010502
4,6,12,ナムラテディー,牡3,56,津村明秀,1:56.1,1,**,,,,,4-3-5-4,40.0,9.5,4,464(-6),,,,[東]武市康男,奈村睦弘,83.0,202306010502
5,8,15,ソムリエ,牡3,54,横山琉人,1:56.3,1,**,,,,,9-9-8-7,39.8,266.2,13,450(0),,,,[東]相沢郁,畑佐博,55.0,202306010502
6,2,4,サンクメダイユ,牡3,56,大野拓弥,1:56.7,2.1/2,**,,,,,14-14-13-13,39.1,24.8,6,476(0),,,,[東]田村康仁,Ｇ１レーシング,,202306010502
7,7,14,ウイキャンファイト,牡3,54,小林脩斗,1:57.0,2,**,,,,,3-3-3-4,41.0,172.2,12,468(+4),,,,[東]佐藤吉勝,スピードファーム,,202306010502
8,1,2,イーデンテソーロ,牡3,55,永野猛蔵,1:57.3,1.1/2,**,,,,,4-3-5-4,41.2,142.7,11,462(+2),,,,[東]畠山吉宏,了徳寺健二ホールディングス,,202306010502
9,4,8,ホウオウエニシ,牡3,56,内田博幸,1:57.4,1/2,**,,,,,12-12-12-12,40.3,29.6,7,464(0),,,,[東]池上昌和,小笹芳央,,202306010502
10,3,6,ベッケンバウアー,牡3,56,武士沢友,1:57.6,1,**,,,,,11-11-11-11,40.6,272.8,14,464(-4),,,,[東]小桧山悟,三岡陽,,202306010502
11,2,3,アスクビックヴァン,牡3,56,北村宏司,1:57.7,1,**,,,,,7-7-8-9,41.2,34.2,8,526(-4),,,,[東]中舘英二,廣崎利洋,,202306010502
12,8,16,プレサージオ,牡3,56,横山武史,1:58.0,2,**,,,,,4-6-7-7,41.7,8.5,3,456(-4),,,,[東]小手川準,吉田千津,,202306010502
13,5,9,リワードメラン,牡3,56,横山典弘,1:58.2,3/4,**,,,,,10-10-8-9,41.6,43.1,9,478(+2),,,,[東]村田一誠,宮崎冴子,,202306010502
14,3,5,ファーレンジョー,牡3,56,柴田善臣,1:59.0,5,**,,,,,16-16-16-16,40.2,431.3,16,454(+6),,,,[東]中野栄治,ダイヤストーン組合,,202306010502
15,1,1,ショーエース,牡3,56,武藤雅,1:59.3,2,**,,,,,15-15-15-14,41.0,301.6,15,482(-6),,,,[東]小笠倫弘,吉冨学,,202306010502
16,4,7,ライヴソルト,牡3,56,木幡巧也,1:59.8,2.1/2,**,,,,,13-13-14-14,41.8,124.6,10,422(+14),,,,[東]牧光二,澤田孝之,,202306010502
1,8,16,タリエシン,牡3,56,Ｍ．デム,1:12.5,,**,,,,,3-3,36.9,2.5,1,436(0),,,,[東]金成貴史,野田努,550.0,202306010503
2,8,15,スーパーリベロ,セ3,55,永野猛蔵,1:12.7,1,**,,,,,2-2,37.3,4.7,3,450(-4),,,,[東]伊藤圭三,星野隆男,220.0,202306010503
3,2,4,ザングウィル,牡3,56,バシュロ,1:13.0,2,**,,,,,4-4,37.3,4.3,2,508(+10),,,,[東]大竹正博,ゴドルフィン,140.0,202306010503
4,6,11,テイエムガーネット,牝3,54,武士沢友,1:13.0,クビ,**,,,,,1-1,37.6,18.6,6,464(-4),,,,[東]石栗龍彦,竹園正繼,83.0,202306010503
5,3,5,ドウダンミッチー,牡3,56,木幡初也,1:13.7,4,**,,,,,6-5,37.7,11.6,5,468(-2),,,,[東]武市康男,茂木国久,55.0,202306010503
6,5,10,グレートキングベア,牡3,54,横山琉人,1:14.5,5,**,,,,,14-12,38.2,29.5,7,452(-2),,,,[東]鈴木伸尋,山崎泰博,,202306010503
7,1,2,シティオブハンター,牝3,52,小林脩斗,1:14.6,3/4,**,,,,,12-12,38.4,70.2,10,492(-4),,,,[東]武藤善則,田頭勇貴,,202306010503
8,4,7,サルトルーヴィル,牡3,56,津村明秀,1:14.8,1.1/4,**,,,,,11-9,38.7,6.3,4,490(-2),,,,[東]牧光二,ニッシンホールディングス,,202306010503
9,7,13,ペイシャボビー,牡3,56,横山和生,1:14.9,3/4,**,,,,,15-16,38.4,35.7,8,508(-6),,,,[東]小西一男,北所直人,,202306010503
10,6,12,ナムラオードリー,牝3,54,江田照男,1:15.0,1/2,**,,,,,6-7,39.1,266.7,14,434(-4),,,,[東]石栗龍彦,奈村睦弘,,202306010503
11,4,8,イヌハワントナク,牡3,53,西塚洸二,1:15.1,クビ,**,,,,,4-5,39.3,227.7,13,516(+14),,,,[東]小笠倫弘,熊澤浩樹,,202306010503
12,1,1,ビターモンスター,牡3,56,宮崎北斗,1:15.2,1/2,**,,,,,15-14,38.6,224.2,12,450(+2),,,,[東]萱野浩二,山上和良,,202306010503
13,7,14,エスカッション,牡3,53,土田真翔,1:15.6,2.1/2,**,,,,,6-7,39.6,66.4,9,480(+2),,,,[東]尾形和幸,米津佳昭,,202306010503
14,5,9,サワヤカサワチャン,牝3,54,柴田大知,1:16.9,8,**,,,,,12-14,40.7,317.5,15,476(-4),,,,[東]南田美知,荒井城志,,202306010503
15,3,6,アオイサロン,牝3,54,嶋田純次,1:17.2,1.3/4,**,,,,,6-9,41.3,332.8,16,470(+2),,,,[東]本間忍,鈴木照雄,,202306010503
16,2,3,タターガタ,牝3,54,木幡巧也,1:18.7,9,**,,,,,6-9,42.8,116.7,11,466(+2),,,,[東]大和田成,程田真司,,202306010503
1,7,14,エントラップメント,牝3,54,津村明秀,1:57.9,,**,,,,,4-3-5-3,38.8,3.4,1,442(0),,,,[西]清水久詞,ＯＵＭＡ,620.0,202306010504
2,1,1,イリュージョン,牝3,54,横山和生,1:57.9,アタマ,**,,,,,14-11-8-8,38.3,19.5,9,462(0),,,,[東]西田雄一,岡田隆寛,250.0,202306010504
3,3,5,プチボヌール,牝3,54,北村宏司,1:58.2,1.3/4,**,,,,,10-10-5-5,39.0,11.6,6,412(0),,,,[東]畠山吉宏,村野康司,160.0,202306010504
4,8,15,シャウラ,牝3,54,Ｍ．デム,1:58.7,3,**,,,,,6-5-2-3,39.8,7.5,4,450(0),,,,[西]高橋義忠,ヒダカ・ブリーダーズ・ユニオン,93.0,202306010504
5,6,12,ランカグア,牝3,54,石橋脩,1:58.8,1/2,**,,,,,12-13-2-5,39.9,8.7,5,450(0),,,,[東]奥村武,吉田勝己,62.0,202306010504
6,2,4,エスジースパークル,牝3,54,三浦皇成,1:59.6,5,**,,,,,15-15-11-10,39.7,13.8,7,464(0),,,,[東]鈴木慎太,後藤貞夫,,202306010504
7,2,3,ルリイロ,牝3,54,田辺裕信,1:59.7,1/2,**,,,,,2-2-2-2,40.9,5.0,2,482(0),,,,[東]菊川正達,石井輝昭,,202306010504
8,8,16,イスラブリーサ,牝3,54,菅原明良,1:59.9,1,**,,,,,3-3-5-5,40.8,14.2,8,476(0),,,,[東]武井亮,吉田照哉,,202306010504
9,6,11,アイヴカムバック,牝3,54,大野拓弥,2:00.0,3/4,**,,,,,9-8-8-9,40.5,68.9,12,424(0),,,,[東]松山将樹,サミットレーシング,,202306010504
10,5,9,ボンジュールリーゼ,牝3,54,木幡育也,2:00.6,3.1/2,**,,,,,1-1-1-1,41.8,110.6,15,458(0),,,,[東]田中剛,田中善次郎,,202306010504
11,4,8,トーセンオードリー,牝3,54,吉田豊,2:00.9,2,**,,,,,16-16-14-12,40.8,96.3,14,482(0),,,,[東]土田稔,島川隆哉,,202306010504
12,5,10,モノノフピンク,牝3,52,横山琉人,2:01.8,5,**,,,,,11-11-14-14,41.6,92.7,13,454(0),,,,[東]小笠倫弘,ウエスト．フォレスト．ステイブル,,202306010504
13,3,6,マンディブラリス,牝3,54,横山武史,2:02.5,4,**,,,,,8-8-11-12,42.6,7.0,3,458(0),,,,[東]斎藤誠,石井輝昭,,202306010504
14,4,7,ロギッシュ,牝3,54,内田博幸,2:02.9,2,**,,,,,7-7-11-14,43.0,46.0,11,454(0),,,,[東]田村康仁,大塚亮一,,202306010504
15,7,13,ホシノシュクフク,牝3,54,木幡巧也,2:03.1,1.1/2,**,,,,,12-13-14-16,42.9,163.8,16,432(0),,,,[東]加藤和宏,スピードファーム,,202306010504
16,1,2,ベルシャンソン,牝3,52,小林脩斗,2:04.3,7,**,,,,,4-5-8-11,44.7,41.0,10,476(0),,,,[東]西田雄一,ノルマンディーサラブレッドレーシング,,202306010504
1,7,14,ポルカリズム,牝3,54,津村明秀,1:36.8,,**,,,,,7-6-4,35.1,2.9,1,474(0),,,,[西]中内田充,キャロットファーム,620.0,202306010505
2,6,12,ビービーラドン,牝3,54,柴田善臣,1:36.8,アタマ,**,,,,,2-2-2,35.3,6.2,2,430(0),,,,[東]久保田貴,坂東牧場,250.0,202306010505
3,1,2,カフェクリア,牝3,54,石橋脩,1:37.3,3,**,,,,,2-1-1,35.9,19.1,10,466(0),,,,[東]堀宣行,西川光一,160.0,202306010505
4,3,5,ダイシンヤマト,牡3,56,吉田豊,1:37.3,クビ,**,,,,,9-10-13,35.3,15.8,7,480(0),,,,[東]戸田博文,大八木信行,93.0,202306010505
5,6,11,レアリーゼ,牡3,56,武士沢友,1:37.4,クビ,**,,,,,4-2-4,35.9,16.0,8,458(0),,,,[東]中川公成,ノルマンディーサラブレッドレーシング,62.0,202306010505
6,2,3,ホウオウヒショウ,牝3,52,山田敬士,1:37.4,アタマ,**,,,,,12-10-8,35.4,39.3,13,444(0),,,,[東]奥村武,小笹芳央,,202306010505
7,7,13,ムティアラ,牝3,54,Ｍ．デム,1:37.7,2,**,,,,,13-2-7,36.2,8.5,3,422(0),,,,[西]高橋義忠,社台レースホース,,202306010505
8,5,9,シルバーテーラー,牝3,51,西塚洸二,1:37.7,アタマ,**,,,,,16-10-12,35.7,27.9,12,456(0),,,,[東]高橋文雅,中西浩一,,202306010505
9,8,15,マイモーメント,牡3,56,田辺裕信,1:37.8,1/2,**,,,,,10-6-8,36.0,8.9,4,516(0),,,,[東]国枝栄,嶋田賢,,202306010505
10,1,1,ルージュセイレーン,牝3,54,菅原明良,1:37.8,アタマ,**,,,,,7-10-8,35.8,13.3,6,412(0),,,,[東]栗田徹,東京ホースレーシング,,202306010505
11,4,8,ジンフィンドール,牝3,54,宮崎北斗,1:38.0,3/4,**,,,,,1-2-2,36.5,18.0,9,440(0),,,,[東]田村康仁,高樽さゆり,,202306010505
12,3,6,エレガントヒロイン,牝3,54,横山武史,1:38.3,1.3/4,**,,,,,4-6-4,36.6,10.9,5,466(0),,,,[東]宗像義忠,吉田照哉,,202306010505
13,2,4,リョウライライ,牡3,55,松本大輝,1:38.4,3/4,**,,,,,14-14-14,36.0,109.4,14,500(0),,,,[東]松永康利,ビッグレッドファーム,,202306010505
14,4,7,テイエムクリッパー,牡3,56,江田照男,1:38.8,2.1/2,**,,,,,4-6-8,37.0,148.0,15,466(0),,,,[東]加藤和宏,竹園正繼,,202306010505
15,8,16,イーヴンキール,牡3,56,西村太一,1:39.2,2.1/2,**,,,,,14-16-15,36.2,233.3,16,504(0),,,,[東]池上昌和,ゴドルフィン,,202306010505
16,5,10,ロードイモータル,牡3,56,石川裕紀,1:42.7,大,**,,,,,10-15-16,39.8,24.4,11,504(0),,,,[東]和田勇介,ロードホースクラブ,,202306010505
1,5,10,ルーチェロッサ,牝3,52,横山琉人,2:03.0,,**,,,,,4-4-4-4,36.6,7.6,6,454(-10),,,,[東]相沢郁,ノルマンディーサラブレッドレーシング,550.0,202306010506
2,6,11,ナスノカンゲツ,牡3,56,横山武史,2:03.0,アタマ,**,,,,,3-3-2-2,36.7,6.4,4,514(-8),,,,[東]武井亮,那須野牧場,220.0,202306010506
3,4,7,ゴールドバランサー,牡3,56,内田博幸,2:03.2,1.1/4,**,,,,,2-2-2-1,37.0,3.8,1,462(-4),,,,[東]鈴木慎太,居城寿与,140.0,202306010506
4,7,14,スターグロウ,牝3,54,津村明秀,2:03.4,1,**,,,,,11-11-10-7,36.4,7.3,5,428(-2),,,,[東]田中博康,ゴドルフィン,83.0,202306010506
5,8,17,アサクサアダム,牡3,56,吉田豊,2:03.5,1,**,,,,,9-9-10-9,36.5,37.5,10,488(+18),,,,[東]戸田博文,櫻井素子,55.0,202306010506
6,2,3,ペモンディアル,牡3,56,バシュロ,2:03.7,1,**,,,,,4-4-4-4,37.3,5.5,2,506(-12),,,,[東]手塚貴久,落合幸弘,,202306010506
7,3,6,マツリダパーチェ,牡3,56,武藤雅,2:03.8,1,**,,,,,12-13-12-12,36.6,91.6,13,426(+10),,,,[東]水野貴広,高橋文枝,,202306010506
8,8,15,アマイ,牝3,54,杉原誠人,2:04.0,1,**,,,,,10-10-8-6,37.2,12.1,7,446(+2),,,,[東]大江原哲,ミルファーム,,202306010506
9,7,13,サマニテイオー,牡3,56,的場勇人,2:04.2,1.1/4,**,,,,,14-14-14-14,36.5,49.6,11,422(+4),,,,[東]的場均,渡辺牧場,,202306010506
10,4,8,クリノクオン,牡3,53,西塚洸二,2:04.2,ハナ,**,,,,,12-12-12-12,37.0,121.8,14,446(-2),,,,[東]伊藤伸一,栗本博晴,,202306010506
11,1,1,キタノレジータ,牝3,54,菅原明良,2:04.3,3/4,**,,,,,6-8-6-9,37.6,31.2,8,440(-6),,,,[東]萱野浩二,北所直人,,202306010506
12,5,9,ロジホーム,牡3,55,永野猛蔵,2:04.8,2.1/2,**,,,,,14-14-14-14,37.1,71.0,12,550(+6),,,,[東]大竹正博,久米田正明,,202306010506
13,1,2,チュウワスプリング,牝3,54,伊藤工真,2:05.0,1.1/4,**,,,,,16-16-16-16,36.8,37.0,9,410(+4),,,,[東]林徹,中西忍,,202306010506
14,2,4,レッツプロミス,牝3,54,嶋田純次,2:05.5,3,**,,,,,1-1-1-2,39.3,310.5,17,420(+8),,,,[東]本間忍,ミルファーム,,202306010506
15,3,5,トロピコ,牡3,56,大野拓弥,2:05.5,ハナ,**,,,,,6-7-8-11,38.7,6.4,3,478(-2),,,,[東]伊藤大士,前原敏行,,202306010506
16,6,12,エターナルジェイド,牡3,55,松本大輝,2:06.3,5,**,,,,,6-6-6-7,39.7,278.9,16,454(0),,,,[東]宗像義忠,ブルースターズファーム,,202306010506
17,8,16,ファイナルワンダー,牡3,54,小林脩斗,2:08.8,大,**,,,,,17-17-17-17,39.6,155.5,15,474(+2),,,,[東]古賀慎明,ビッグレッドファーム,,202306010506
1,4,8,アジアノジュンシン,牝5,56,Ｍ．デム,1:11.8,,**,,,,,1-1,37.2,1.8,1,476(+4),,,,[東]奥村武,植村仁,800.0,202306010507
2,2,4,ベアグッジョブ,牡4,58,木幡巧也,1:12.2,2.1/2,**,,,,,3-3,37.4,28.4,8,512(-2),,,,[東]杉浦宏昭,熊木浩,320.0,202306010507
3,8,16,シルバーキングダム,牡4,58,吉田豊,1:12.5,1.3/4,**,,,,,2-2,37.8,13.8,4,492(+6),,,,[東]西田雄一,平賀久枝,200.0,202306010507
4,3,5,カツノサンキュウ,牡5,58,江田照男,1:12.6,1,**,,,,,5-7,37.6,110.5,12,496(+4),,,,[東]萱野浩二,聖心台牧場,120.0,202306010507
5,5,9,ルプランドル,牝4,55,永野猛蔵,1:12.6,ハナ,**,,,,,8-4,37.3,3.8,2,464(-2),,,,[東]萱野浩二,ＫＡＪＩＭＯＴＯホールディングス,80.0,202306010507
6,6,12,フィーカ,牝4,54,山田敬士,1:12.7,クビ,**,,,,,8-8,37.4,11.6,3,488(-2),,,,[東]矢野英一,日進牧場,,202306010507
7,7,13,デルマジゾウ,牡5,58,横山和生,1:12.8,1/2,**,,,,,15-15,36.6,38.1,10,484(+4),,,,[東]小野次郎,浅沼廣幸,,202306010507
8,7,14,ヒノデミッチー,牡4,58,北村宏司,1:12.8,ハナ,**,,,,,14-10,36.8,24.2,7,520(-2),,,,[東]松永康利,茂木国久,,202306010507
9,5,10,ブリラーノ,牝4,56,柴田善臣,1:12.9,3/4,**,,,,,5-4,37.9,228.6,16,498(-4),,,,[東]土田稔,前田清二,,202306010507
10,6,11,ヨシオドライヴ,牡6,58,柴田大知,1:13.0,アタマ,**,,,,,15-15,36.8,21.8,6,504(+4),,,,[東]清水英克,井村誉志雄,,202306010507
11,4,7,ロイヤルブライド,牝5,53,西塚洸二,1:13.1,1/2,**,,,,,3-4,38.2,142.5,14,460(0),,,,[東]南田美知,柴田洋一,,202306010507
12,1,2,カップッチョ,牡6,58,杉原誠人,1:13.1,クビ,**,,,,,11-10,37.6,172.3,15,478(0),,,,[東]大江原哲,ミルファーム,,202306010507
13,8,15,モネ,牝4,56,津村明秀,1:13.2,クビ,**,,,,,13-10,37.4,19.9,5,468(+2),,,,[東]牧光二,ニッシンホールディングス,,202306010507
14,2,3,ゼンダンピューマ,セ5,57,松本大輝,1:13.5,2,**,,,,,12-10,37.9,130.5,13,474(+10),,,,[東]土田稔,渡邊善男,,202306010507
15,3,6,アヴァノス,セ5,58,大野拓弥,1:14.3,5,**,,,,,8-8,39.0,32.3,9,470(+18),,,,[東]和田正一,吉田勝己,,202306010507
16,1,1,マイアミュレット,セ4,56,横山琉人,1:15.1,5,**,,,,,5-14,40.0,42.9,11,478(+4),,,,[東]天間昭一,マークス,,202306010507
1,5,8,ラブベティー,牝4,55,石川裕紀,1:55.4,,**,,,,,8-9-12-10,38.0,19.8,8,460(0),,,,[東]尾形和幸,増田陽一,800.0,202306010508
2,4,6,イエローウィン,牝4,55,木幡巧也,1:55.5,3/4,**,,,,,8-8-8-5,38.5,37.8,12,474(+2),,,,[東]菊川正達,平川浩之,320.0,202306010508
3,2,3,タイセイマーベル,牡5,58,Ｍ．デム,1:55.5,アタマ,**,,,,,11-11-1-2,39.3,3.0,1,504(-4),,,,[東]池上昌和,田中成奉,200.0,202306010508
4,2,2,ピナ,牝5,53,土田真翔,1:55.7,1.1/4,**,,,,,1-1-2-1,39.5,68.1,13,486(+10),,,,[東]蛯名利弘,畑佐博,120.0,202306010508
5,1,1,セイシェルノユウヒ,セ6,58,バシュロ,1:55.8,クビ,**,,,,,5-5-7-5,39.0,7.0,3,474(-2),,,,[東]高橋文雅,宮城寛也,80.0,202306010508
6,7,12,サイモンソーラン,牡4,57,吉田豊,1:55.8,ハナ,**,,,,,14-14-13-12,38.2,15.9,7,480(-10),,,,[東]勢司和浩,澤田昭紀,,202306010508
7,5,9,ビーマイセルフ,牝5,56,嶋田純次,1:56.0,1.1/4,**,,,,,4-4-4-3,39.4,26.8,9,478(0),,,,[東]萱野浩二,ミルファーム,,202306010508
8,6,10,トリグラフ,牡4,56,永野猛蔵,1:56.0,クビ,**,,,,,12-12-8-8,39.0,5.4,2,456(0),,,,[東]松山将樹,山口裕介,,202306010508
9,4,7,ヴォーグマチネ,牡5,56,山田敬士,1:56.1,クビ,**,,,,,7-6-8-10,39.0,37.2,11,502(+4),,,,[東]堀内岳志,志村幸彦,,202306010508
10,8,14,ジェイエルフラッグ,牝7,54,小林脩斗,1:56.5,2.1/2,**,,,,,8-9-6-8,39.8,350.4,15,448(-2),,,,[東]小西一男,橋元幸人,,202306010508
11,3,4,チョモランマ,牡5,55,西塚洸二,1:56.5,クビ,**,,,,,13-13-13-13,38.8,264.2,14,540(+26),,,,[東]加藤和宏,小島將之,,202306010508
12,3,5,コウキ,セ4,57,柴田大知,1:56.8,1.3/4,**,,,,,2-3-4-3,40.2,28.7,10,482(+6),,,,[東]上原博之,ビッグレッドファーム,,202306010508
13,8,15,チュウワジョーダン,セ6,58,伊藤工真,1:58.1,8,**,,,,,5-6-8-13,41.0,7.7,5,454(+10),,,,[東]林徹,中西忍,,202306010508
14,7,13,アシェットデセール,セ6,58,菅原明良,1:58.2,クビ,**,,,,,15-15-15-15,39.2,15.7,6,496(+14),,,,[東]小島茂之,キャロットファーム,,202306010508
15,6,11,ホノノディーヴァ,牝4,53,横山琉人,1:58.7,3,**,,,,,2-2-3-5,42.2,7.2,4,494(-8),,,,[東]林徹,鈴木誠,,202306010508
1,5,7,トラベログ,牝3,54,北村宏司,1:36.0,,**,,,,,1-1-1,35.4,13.6,6,464(-8),,,,[東]岩戸孝樹,下河辺牧場,"1,098.7",202306010509
2,8,13,ニシノコウフク,牝3,54,大野拓弥,1:36.2,1.1/4,**,,,,,3-2-2,35.4,41.4,10,470(+4),,,,[東]伊藤大士,西山茂行,438.2,202306010509
3,1,1,ステラバルセロナ,牝3,54,木幡巧也,1:36.2,ハナ,**,,,,,5-6-4,35.1,18.4,7,416(-2),,,,[東]菊川正達,吉田千津,274.1,202306010509
4,5,6,アリスヴェリテ,牝3,54,石橋脩,1:36.4,1.1/4,**,,,,,3-4-4,35.5,2.9,1,442(-10),,,,[西]中竹和也,加藤誠,160.0,202306010509
5,4,5,メインクーン,牝3,54,Ｍ．デム,1:36.4,ハナ,**,,,,,6-5-4,35.4,3.6,2,428(0),,,,[東]林徹,Ｇ１レーシング,107.0,202306010509
6,2,2,ルージュクレセント,牝3,54,石川裕紀,1:36.4,ハナ,**,,,,,11-12-12,34.5,5.8,3,446(0),,,,[東]国枝栄,東京ホースレーシング,,202306010509
7,3,3,キガン,牝3,54,田辺裕信,1:36.5,1/2,**,,,,,11-10-10,34.9,11.3,5,470(+2),,,,[東]小島茂之,鈴木康弘,,202306010509
8,8,12,エミュー,牝3,54,菅原明良,1:36.5,クビ,**,,,,,6-6-7,35.4,8.5,4,416(+4),,,,[東]和田正一,ノースヒルズ,,202306010509
9,7,10,トラネスハープ,牝3,54,永野猛蔵,1:36.9,2.1/2,**,,,,,2-2-2,36.2,62.5,11,426(+6),,,,[東]武井亮,谷川昭雄,,202306010509
10,7,11,セイウンスイート,牝3,54,三浦皇成,1:37.1,1.1/4,**,,,,,10-8-7,35.7,109.5,12,438(+4),,,,[東]栗田徹,西山茂行,,202306010509
11,4,4,コスモフーレイ,牝3,54,横山武史,1:37.1,アタマ,**,,,,,6-10-11,35.4,19.0,8,416(0),,,,[西]五十嵐忠,ビッグレッドファーム,,202306010509
12,6,8,コウセイマリア,牝3,54,柴田大知,1:37.1,アタマ,**,,,,,6-8-7,35.7,34.1,9,400(-4),,,,[東]和田雄二,杉安浩一郎,,202306010509
13,6,9,カレイジャス,牝3,54,杉原誠人,1:38.1,6,**,,,,,13-13-13,36.0,303.5,13,430(-3),,,,[東]村田一誠,ケンレーシング組合,,202306010509
1,7,10,ロードヴァレンチ,セ4,56,永野猛蔵,1:52.7,,**,,,,,1-1-1-1,37.5,3.4,1,474(+14),,,,[東]中舘英二,ロードホースクラブ,"1,868.0",202306010510
2,4,4,レッドラパルマ,牡4,56,Ｍ．デム,1:53.3,4,**,,,,,6-6-5-3,37.4,3.6,2,494(+8),,,,[東]加藤征弘,東京ホースレーシング,748.0,202306010510
3,8,11,タイセイスラッガー,牡5,55,菅原明良,1:53.7,2.1/2,**,,,,,2-2-2-2,38.4,17.7,7,550(+6),,,,[東]高橋裕,田中成奉,464.0,202306010510
4,5,5,ソニックベガ,牝6,53,横山武史,1:53.7,クビ,**,,,,,5-5-5-4,37.9,13.0,6,470(-10),,,,[西]田中克典,シルクレーシング,280.0,202306010510
5,1,1,カフェスペランツァ,牡6,55,吉田豊,1:54.1,2.1/2,**,,,,,8-8-9-7,38.0,20.9,8,514(0),,,,[東]中舘英二,西川恭子,184.0,202306010510
6,6,8,ナリノモンターニュ,牡6,54,大野拓弥,1:54.2,1/2,**,,,,,11-12-11-10,37.9,44.2,10,520(+6),,,,[東]上原博之,成塚清志,,202306010510
7,6,7,ロンコーネ,牡5,56,田辺裕信,1:54.3,3/4,**,,,,,11-10-8-9,38.3,4.3,3,488(+2),,,,[東]岩戸孝樹,ライオンレースホース,,202306010510
8,5,6,カシノブレンド,セ7,55,北村宏司,1:54.7,2,**,,,,,8-8-5-7,38.8,10.0,4,472(0),,,,[東]蛯名利弘,柏木務,,202306010510
9,7,9,ダノンアレー,牡6,55,三浦皇成,1:54.9,1,**,,,,,3-3-3-4,39.4,22.3,9,524(-4),,,,[東]宮田敬介,ダノックス,,202306010510
10,3,3,スペロデア,牝6,53,小林脩斗,1:55.0,3/4,**,,,,,3-3-4-6,39.3,45.9,11,478(0),,,,[東]伊藤圭三,ノルマンディーサラブレッドレーシング,,202306010510
11,8,12,アズユーフィール,牡5,56,バシュロ,1:55.3,2,**,,,,,6-6-9-10,39.2,11.8,5,510(-4),,,,[西]宮本博,コスモヴューファーム,,202306010510
12,2,2,トミケンボハテル,牡9,51,山田敬士,1:57.4,大,**,,,,,10-10-12-12,40.9,207.1,12,510(0),,,,[東]蛯名利弘,佐野信幸,,202306010510
1,6,11,ジュビリーヘッド,牡6,56,横山和生,1:09.0,,**,,,,,3-3,34.5,4.7,1,476(+6),,,,[西]安田隆行,キャロットファーム,"2,333.6",202306010511
2,1,2,ジュニパーベリー,牝6,54,嶋田純次,1:09.1,1/2,**,,,,,1-1,34.9,40.6,12,484(-2),,,,[東]手塚貴久,ミルファーム,929.6,202306010511
3,3,5,ストーンリッジ,牡6,55,バシュロ,1:09.3,1,**,,,,,5-5,34.5,7.6,4,470(+2),,,,[西]藤原英昭,金子真人ホールディングス,584.8,202306010511
4,2,4,ミニオンペール,牝7,53,津村明秀,1:09.3,クビ,**,,,,,7-7,34.4,17.1,7,478(+8),,,,[東]小手川準,ノルマンディーサラブレッドレーシング,350.0,202306010511
5,1,1,チェアリングソング,牡6,55,永野猛蔵,1:09.4,3/4,**,,,,,12-11,33.9,58.8,14,484(+4),,,,[東]青木孝文,ノルマンディーサラブレッドレーシング,230.0,202306010511
6,3,6,ルッジェーロ,セ8,56,菅原明良,1:09.4,ハナ,**,,,,,14-14,33.6,18.3,8,522(+10),,,,[東]鹿戸雄一,村木隆,,202306010511
7,6,12,スマートリアン,牝6,54,三浦皇成,1:09.5,クビ,**,,,,,7-9,34.5,6.2,3,478(-2),,,,[西]石橋守,大川徹,,202306010511
8,7,13,ショックアクション,牡5,55,武藤雅,1:09.5,クビ,**,,,,,12-12,33.9,85.4,15,512(+12),,,,[西]大久保龍,ゴドルフィン,,202306010511
9,4,8,コムストックロード,牝4,54,Ｍ．デム,1:09.6,クビ,**,,,,,5-5,34.9,5.7,2,450(+4),,,,[東]中野栄治,ビッグレッドファーム,,202306010511
10,5,10,エレナアヴァンティ,牝6,53,伊藤工真,1:09.7,3/4,**,,,,,2-2,35.4,7.7,5,466(+4),,,,[東]宗像義忠,加藤裕司,,202306010511
11,7,14,フレッチア,牡8,56,横山武史,1:09.8,1/2,**,,,,,10-9,34.7,8.1,6,508(+12),,,,[東]木村哲也,橋口,,202306010511
12,5,9,カイザーメランジェ,牡8,56,江田照男,1:09.8,クビ,**,,,,,7-7,34.9,113.0,16,494(+2),,,,[東]中野栄治,ライフエンタープライズ,,202306010511
13,4,7,ディヴィナシオン,牡6,55,北村宏司,1:09.9,1/2,**,,,,,11-12,34.5,19.6,9,476(+8),,,,[西]森秀行,一村哲也,,202306010511
14,8,15,ザイツィンガー,牡7,54,横山典弘,1:09.9,アタマ,**,,,,,16-16,33.8,29.2,11,432(+6),,,,[西]牧田和弥,永田和彦,,202306010511
15,8,16,インターミッション,牝6,54,石川裕紀,1:10.1,1,**,,,,,14-15,34.2,24.9,10,430(+14),,,,[東]手塚貴久,下河辺牧場,,202306010511
16,2,3,ライオンボス,牡8,58,大野拓弥,1:10.4,2,**,,,,,3-3,35.8,45.1,13,550(+22),,,,[東]和田正一,和田牧場,,202306010511
1,4,4,サクセスシュート,牡4,57,田辺裕信,2:17.6,,**,,,,,9-9-7-4,34.7,4.6,3,490(0),,,,[東]久保田貴,柴田実千代,"1,140.0",202306010512
2,6,6,トーセンリョウ,牡4,57,Ｍ．デム,2:17.7,3/4,**,,,,,1-1-2-1,35.3,2.3,1,466(+2),,,,[東]加藤征弘,島川隆哉,460.0,202306010512
3,8,10,ジオフロント,牡5,58,バシュロ,2:17.9,1.1/4,**,,,,,2-2-1-2,35.5,12.6,5,456(-2),,,,[西]清水久詞,サンデーレーシング,290.0,202306010512
4,8,11,シャドウマッドネス,セ4,57,津村明秀,2:18.2,1.3/4,**,,,,,11-11-11-8,34.9,86.1,10,430(-4),,,,[東]和田勇介,飯塚知一,170.0,202306010512
5,3,3,ヒューマンコメディ,牝6,56,三浦皇成,2:18.3,1,**,,,,,3-3-4-4,35.6,23.2,6,500(+2),,,,[東]水野貴広,野村茂雄,114.0,202306010512
6,5,5,ダノングレーター,セ7,58,石川裕紀,2:18.3,ハナ,**,,,,,3-3-4-4,35.6,25.6,7,460(0),,,,[西]茶木太樹,ダノックス,,202306010512
7,2,2,マイネルオーサム,牡4,57,柴田大知,2:18.5,1,**,,,,,5-5-10-8,35.5,60.3,9,466(-6),,,,[東]高木登,サラブレッドクラブ・ラフィアン,,202306010512
8,6,7,リリーブライト,牡5,58,内田博幸,2:18.5,クビ,**,,,,,7-7-7-8,35.6,192.6,11,480(+4),,,,[東]西田雄一,グリーンファーム,,202306010512
9,1,1,ウインエアフォルク,牡6,58,柴田善臣,2:18.6,クビ,**,,,,,9-9-7-8,35.7,48.8,8,480(-2),,,,[東]根本康広,成富直行,,202306010512
10,7,9,キントリヒ,牡4,57,菅原明良,2:18.8,1.1/4,**,,,,,5-5-4-4,36.1,7.4,4,468(+8),,,,[東]矢野英一,Ｇリビエール・レーシング,,202306010512
11,7,8,キャルレイ,牡4,57,横山武史,2:19.0,1.1/4,**,,,,,8-8-2-2,36.6,3.8,2,484(+12),,,,[東]鹿戸雄一,里見治紀,,202306010512
1,2,4,ケンキョ,牡3,56,丸田恭介,1:12.7,,**,,,,,11-10,37.0,8.5,4,456(+2),,,,[東]高橋文雅,佐久間拓士,550.0,202306010601
2,6,11,フェイマスドクター,牡3,56,三浦皇成,1:12.7,アタマ,**,,,,,1-1,38.1,16.9,6,480(+18),,,,[東]中川公成,山崎康,220.0,202306010601
3,5,9,ディアナゼロス,牝3,54,津村明秀,1:12.8,クビ,**,,,,,3-2,37.8,3.4,2,468(0),,,,[東]牧光二,天堀忠博,140.0,202306010601
4,6,12,ドラクロワ,牡3,56,バシュロ,1:12.9,1/2,**,,,,,5-5,37.7,4.4,3,488(-4),,,,[東]田中博康,キーファーズ,83.0,202306010601
5,3,5,シャトーボビー,牡3,56,田辺裕信,1:13.4,3,**,,,,,5-6,38.1,3.0,1,470(+2),,,,[東]菊川正達,徳増栄治,55.0,202306010601
6,8,15,テイエムクリエイト,牡3,56,武士沢友,1:13.7,2,**,,,,,9-10,38.1,115.1,10,442(0),,,,[東]石栗龍彦,竹園正繼,,202306010601
7,7,14,ラージフィールド,セ3,56,吉田豊,1:13.7,アタマ,**,,,,,7-7,38.3,124.6,11,484(-2),,,,[東]松永康利,坂口慎吾,,202306010601
8,5,10,グングニル,牡3,53,西塚洸二,1:13.8,1/2,**,,,,,3-2,38.8,132.8,12,464(0),,,,[東]佐藤吉勝,松谷翔太,,202306010601
9,4,7,ヒャクマンボルト,牡3,54,横山琉人,1:13.8,ハナ,**,,,,,2-2,38.9,8.7,5,500(0),,,,[東]武市康男,小菅誠,,202306010601
10,4,8,ノーブルリスト,牝3,54,武藤雅,1:14.1,1.1/2,**,,,,,7-7,38.6,21.4,7,478(-6),,,,[東]武藤善則,吉木伸彦,,202306010601
11,8,16,キャッチザロマンス,牝3,54,北村宏司,1:14.2,1/2,**,,,,,15-15,37.7,66.3,8,404(-8),,,,[東]小西一男,福田光博,,202306010601
12,3,6,トリニティテソーロ,牝3,52,山田敬士,1:14.3,1,**,,,,,9-7,38.7,71.0,9,466(-2),,,,[東]小手川準,了徳寺健二ホールディングス,,202306010601
13,2,3,スマイルフレンド,牝3,52,小林脩斗,1:14.4,1/2,**,,,,,13-12,38.4,208.4,13,436(-4),,,,[東]本間忍,鈴木正一,,202306010601
14,1,1,ウィリデシルバ,牡3,56,木幡育也,1:14.5,クビ,**,,,,,12-12,38.6,214.5,14,490(+2),,,,[東]小桧山悟,柴原榮,,202306010601
15,1,2,プレザントアンクル,牡3,55,永野猛蔵,1:15.7,7,**,,,,,13-14,39.6,252.1,16,448(+4),,,,[東]蛯名利弘,臼井一眞,,202306010601
16,7,13,ギャロップオー,牡3,56,岩部純二,1:16.9,7,**,,,,,16-16,39.3,243.8,15,462(0),,,,[東]南田美知,田畑富子,,202306010601
1,5,10,マンマリアーレ,牝3,54,三浦皇成,1:56.3,,**,,,,,12-12-2-2,39.2,4.5,2,466(-2),,,,[東]高木登,ディアレストクラブ,550.0,202306010602
2,3,6,スウィーヴェモワ,牝3,54,大野拓弥,1:56.4,3/4,**,,,,,1-1-1-1,39.4,11.9,4,510(-8),,,,[東]田村康仁,ラ・メール,220.0,202306010602
3,1,1,グレイウェザーズ,牝3,54,横山武史,1:56.7,2,**,,,,,9-9-8-5,39.1,5.0,3,432(+6),,,,[東]西田雄一,サンデーレーシング,140.0,202306010602
4,4,8,スペシャリスト,牝3,54,ルメール,1:57.4,4,**,,,,,5-7-5-5,40.0,2.0,1,440(-14),,,,[東]手塚貴久,下河辺隆行,83.0,202306010602
5,5,9,フジブルーダイヤ,牝3,53,永野猛蔵,1:57.6,1.1/4,**,,,,,2-2-2-2,40.5,38.8,8,454(+2),,,,[東]尾形和幸,フジレーシング,55.0,202306010602
6,3,5,キタノマルティス,牝3,52,横山琉人,1:58.8,7,**,,,,,10-10-10-8,40.9,338.6,14,422(-4),,,,[東]粕谷昌央,北所直人,,202306010602
7,2,3,ドライカプチーノ,牝3,54,岩部純二,1:59.0,1.1/4,**,,,,,5-3-5-4,41.6,108.1,11,438(+2),,,,[東]萱野浩二,ミルファーム,,202306010602
8,2,4,リヨン,牝3,54,丸田恭介,1:59.4,2,**,,,,,14-13-10-10,41.5,27.6,7,450(-12),,,,[東]伊藤大士,那須野牧場,,202306010602
9,6,12,スマイルマーク,牝3,54,北村宏司,1:59.7,2,**,,,,,15-15-14-14,41.3,444.2,16,446(-4),,,,[東]池上昌和,保坂和孝,,202306010602
10,7,13,ラインアンジェラ,牝3,54,武藤雅,1:59.7,クビ,**,,,,,2-3-4-5,42.5,16.1,6,458(-4),,,,[東]水野貴広,大澤繁昌,,202306010602
11,1,2,アークシップ,牝3,54,内田博幸,1:59.8,1/2,**,,,,,12-13-14-14,41.5,202.5,12,442(-2),,,,[東]武市康男,イージス,,202306010602
12,6,11,サッチモ,牝3,51,西塚洸二,2:00.1,1.1/2,**,,,,,10-10-10-10,42.2,427.4,15,414(0),,,,[東]佐藤吉勝,サンコウ牧場,,202306010602
13,8,15,ジュタドール,牝3,54,木幡巧也,2:00.7,3.1/2,**,,,,,5-7-8-9,43.0,13.2,5,480(+2),,,,[東]牧光二,諸岡慶,,202306010602
14,8,16,ホープアイランド,牝3,52,小林脩斗,2:01.1,2.1/2,**,,,,,15-16-16-16,42.5,105.4,10,434(+12),,,,[東]武井亮,愛馬レーシングクラブ,,202306010602
15,4,7,ノーブルプロセス,牝3,54,杉原誠人,2:01.5,2.1/2,**,,,,,5-6-13-12,43.4,62.1,9,458(-4),,,,[東]田村康仁,吉木伸彦,,202306010602
16,7,14,エスシールージュ,牝3,54,田中勝春,2:04.4,大,**,,,,,2-3-5-12,46.9,298.8,13,454(-4),,,,[東]宗像義忠,工藤圭司,,202306010602
1,3,6,リーゼノアール,牡3,56,横山武史,1:56.2,,**,,,,,3-3-3-2,39.4,1.5,1,510(+4),,,,[東]国枝栄,嶋田一成,550.0,202306010603
2,6,12,セイウンミライズ,牡3,56,戸崎圭太,1:56.2,クビ,**,,,,,12-11-5-5,39.2,4.6,2,460(-6),,,,[東]奥平雅士,西山茂行,220.0,202306010603
3,1,1,スイッチオン,牡3,56,石橋脩,1:56.5,2,**,,,,,14-15-5-1,39.5,14.0,4,482(0),,,,[東]小手川準,須山悟至,140.0,202306010603
4,7,14,オボッチャマ,牡3,56,津村明秀,1:57.0,3,**,,,,,7-7-8-7,39.8,16.6,5,490(-4),,,,[東]武市康男,村田哲朗,83.0,202306010603
5,2,3,ダオラダオラ,牡3,56,丸田恭介,1:57.4,2,**,,,,,7-7-10-10,39.9,193.6,12,510(+2),,,,[東]石毛善彦,ライオンレースホース,55.0,202306010603
6,2,4,グッドルックス,牡3,56,石川裕紀,1:57.4,ハナ,**,,,,,1-1-1-3,41.0,17.3,6,508(-2),,,,[東]竹内正洋,池田草龍,,202306010603
7,1,2,ファートム,牡3,54,山田敬士,1:57.5,クビ,**,,,,,9-9-13-12,39.6,492.4,16,480(+2),,,,[東]矢野英一,Ｇリビエール・レーシング,,202306010603
8,5,10,ワイルドハンター,牡3,56,武藤雅,1:57.5,クビ,**,,,,,13-13-14-14,39.3,226.6,13,456(+2),,,,[東]小笠倫弘,伊東純一,,202306010603
9,3,5,シンボリタイプ,牡3,56,田辺裕信,1:57.7,3/4,**,,,,,14-13-9-7,40.3,62.4,9,528(-8),,,,[東]菊川正達,シンボリ牧場,,202306010603
10,8,16,マロンアイス,牡3,56,内田博幸,1:57.8,3/4,**,,,,,4-4-3-6,40.9,190.3,11,474(-2),,,,[東]池上昌和,保坂和孝,,202306010603
11,4,7,クリスプブリーズ,牡3,54,小林脩斗,1:57.9,3/4,**,,,,,5-5-10-10,40.4,186.8,10,502(+4),,,,[東]菊川正達,コロンバスサークル,,202306010603
12,8,15,ドロップキック,牡3,56,木幡巧也,1:58.3,2,**,,,,,9-9-10-12,40.8,321.6,14,526(0),,,,[東]的場均,山口敦広,,202306010603
13,4,8,アーユーレディ,牡3,54,横山琉人,1:58.4,3/4,**,,,,,5-5-5-7,41.4,31.2,7,502(-4),,,,[東]相沢郁,吉澤ホールディングス,,202306010603
14,6,11,ハッポウヤブレ,牡3,56,木幡育也,1:58.5,クビ,**,,,,,11-11-15-15,40.1,426.3,15,490(-4),,,,[東]小桧山悟,本杉芳郎,,202306010603
15,7,13,サーブルミラージュ,牡3,55,永野猛蔵,1:58.6,3/4,**,,,,,2-2-2-3,42.1,8.8,3,492(-4),,,,[東]伊藤圭三,ノルマンディーサラブレッドレーシング,,202306010603
16,5,9,アースジェイソンテ,牡3,56,田中勝春,1:58.7,1/2,**,,,,,16-16-16-15,40.1,51.4,8,450(0),,,,[東]宗像義忠,松山増男,,202306010603
1,6,12,サバンナチャンス,牝4,56,横山武史,1:11.3,,**,,,,,2-2,36.8,4.6,1,468(+2),,,,[東]竹内正洋,由井健太郎,800.0,202306010604
2,8,15,ロジヴィクトリア,牝4,56,菅原明良,1:11.9,3.1/2,**,,,,,6-6,37.0,4.6,2,484(-6),,,,[東]新開幸一,久米田正明,320.0,202306010604
3,7,13,ビーマイベイビー,牝5,56,杉原誠人,1:12.0,クビ,**,,,,,1-1,37.6,18.2,8,452(+12),,,,[東]加藤和宏,ミルファーム,200.0,202306010604
4,1,2,リネンファイト,牝4,56,内田博幸,1:12.0,アタマ,**,,,,,6-6,37.1,10.2,6,492(+2),,,,[東]深山雅史,戸山光男,120.0,202306010604
5,3,5,コウソクカレン,牝5,56,バシュロ,1:12.0,クビ,**,,,,,3-3,37.3,8.8,5,512(+18),,,,[東]中舘英二,野崎昭夫,80.0,202306010604
6,2,4,オルコス,牝4,56,ルメール,1:12.1,1/2,**,,,,,9-9,36.9,5.9,4,438(-2),,,,[東]加藤士津,ライオンレースホース,,202306010604
7,3,6,アドマイヤアリエル,牝6,55,永野猛蔵,1:12.3,1.1/4,**,,,,,3-3,37.6,21.1,9,468(+2),,,,[東]加藤征弘,近藤旬子,,202306010604
8,4,8,サンフィニティ,牝5,56,津村明秀,1:12.4,クビ,**,,,,,6-6,37.4,10.4,7,448(+4),,,,[東]鈴木伸尋,社台レースホース,,202306010604
9,5,10,コーラルティアラ,牝6,56,大野拓弥,1:12.5,3/4,**,,,,,9-9,37.3,67.5,12,470(-6),,,,[東]和田勇介,ノルマンディーサラブレッドレーシング,,202306010604
10,6,11,ラブロッソー,牝6,56,石川裕紀,1:12.7,3/4,**,,,,,11-11,37.3,99.1,13,486(+4),,,,[東]鈴木慎太,増田陽一,,202306010604
11,2,3,クイーンアポーン,牝4,56,戸崎圭太,1:12.8,1/2,**,,,,,14-16,37.0,5.8,3,472(+4),,,,[東]土田稔,ジェイアール,,202306010604
12,1,1,シーオブドリームス,牝5,54,横山琉人,1:12.8,ハナ,**,,,,,14-13,37.0,53.4,10,484(+2),,,,[東]矢野英一,大樹ファーム,,202306010604
13,5,9,フェスティヴノンノ,牝5,56,江田照男,1:13.1,1.3/4,**,,,,,11-11,37.6,290.3,16,478(+6),,,,[東]天間昭一,臼井義太郎,,202306010604
14,4,7,レッジャードロ,牝5,56,吉田豊,1:13.2,1/2,**,,,,,16-13,37.3,57.7,11,444(0),,,,[東]戸田博文,大谷正嗣,,202306010604
15,7,14,フロストエッジ,牝5,56,木幡巧也,1:13.4,1.1/2,**,,,,,13-13,37.8,192.1,14,492(+4),,,,[東]松永康利,大樹ファーム,,202306010604
16,8,16,フラスティー,牝4,54,山田敬士,1:14.3,5,**,,,,,3-3,39.7,265.4,15,432(+8),,,,[東]小桧山悟,加藤徹,,202306010604
1,5,9,エエヤン,牡3,56,戸崎圭太,1:35.5,,**,,,,,4-3-4,35.7,4.2,2,500(+6),,,,[東]伊藤大士,ニッシンホールディングス,550.0,202306010605
2,7,13,レッドシュヴェルト,牡3,56,バシュロ,1:35.7,1.1/4,**,,,,,15-10-5,35.1,2.7,1,464(-2),,,,[東]尾関知人,東京ホースレーシング,220.0,202306010605
3,8,16,ハルオーブ,牡3,56,三浦皇成,1:35.9,1.1/2,**,,,,,2-3-2,36.2,7.4,4,452(+2),,,,[東]武井亮,ヒダカ・ブリーダーズ・ユニオン,140.0,202306010605
4,3,5,アスピシャスデイ,牡3,56,石川裕紀,1:36.2,1.1/2,**,,,,,6-7-5,36.0,40.5,10,448(-6),,,,[東]池上昌和,ノルマンディーサラブレッドレーシング,83.0,202306010605
5,4,8,サティンボディス,牝3,54,大野拓弥,1:36.6,2.1/2,**,,,,,7-8-9,36.2,19.0,7,474(-2),,,,[東]栗田徹,ゴドルフィン,55.0,202306010605
6,6,11,イノ,牝3,54,柴田大知,1:36.8,1,**,,,,,12-10-10,36.2,333.1,15,368(-8),,,,[東]村田一誠,ビッグレッドファーム,,202306010605
7,8,15,ダノンフレア,牝3,54,横山武史,1:36.8,クビ,**,,,,,12-10-10,36.1,14.3,5,458(0),,,,[東]萩原清,ダノックス,,202306010605
8,1,2,ライブリームーラン,牝3,54,菅原明良,1:36.9,クビ,**,,,,,2-5-5,37.0,20.2,8,506(0),,,,[東]大竹正博,山科統,,202306010605
9,4,7,アマレロフレイバー,牡3,56,吉田豊,1:37.0,1,**,,,,,14-14-14,36.2,30.4,9,488(+16),,,,[東]久保田貴,尾田信夫,,202306010605
10,5,10,ビップピュアエース,牝3,54,江田照男,1:37.1,3/4,**,,,,,5-6-8,37.0,184.3,13,442(+8),,,,[東]高柳瑞樹,鈴木邦英,,202306010605
11,3,6,フェーレンベルク,牡3,56,田辺裕信,1:37.3,1,**,,,,,7-10-10,36.7,5.3,3,492(+2),,,,[東]高橋裕,岡田牧雄,,202306010605
12,1,1,サンマルリアン,牝3,53,永野猛蔵,1:37.4,1/2,**,,,,,1-1-1,38.2,64.7,11,440(-2),,,,[東]和田勇介,相馬勇,,202306010605
13,2,4,ニシノサキュバス,牝3,52,横山琉人,1:37.4,アタマ,**,,,,,11-14-15,36.5,136.8,12,492(0),,,,[東]上原博之,西山茂行,,202306010605
14,7,14,ロジブライアン,牡3,56,内田博幸,1:37.8,2.1/2,**,,,,,7-2-2,38.3,293.3,14,520(+20),,,,[東]稲垣幸雄,久米田正明,,202306010605
15,6,12,グランドカリナン,牡3,56,津村明秀,1:38.2,2.1/2,**,,,,,7-8-10,37.9,15.9,6,448(-4),,,,[東]田島俊明,田畑利彦,,202306010605
中,2,3,シャンハイドール,牝3,52,小林脩斗,,,**,,,,,,,446.7,16,428(+4),,,,[東]久保田貴,レッドマジック,,202306010605
1,5,7,ボールドゾーン,牡3,56,北村宏司,1:55.6,,**,,,,,8-7-3-3,38.9,9.2,6,508(0),,,,[東]木村哲也,シルクレーシング,620.0,202306010606
2,4,4,ダノンヒューマ,牡3,56,バシュロ,1:56.2,3.1/2,**,,,,,2-2-2-2,39.8,5.0,3,468(0),,,,[西]大久保龍,ダノックス,250.0,202306010606
3,3,3,ペンティメント,牡3,56,石川裕紀,1:56.7,2.1/2,**,,,,,6-5-3-3,40.0,11.2,7,510(0),,,,[東]嘉藤貴行,吉田和美,160.0,202306010606
4,1,1,レッドフローガ,牡3,56,ルメール,1:56.8,3/4,**,,,,,7-7-8-5,39.6,4.3,1,466(0),,,,[東]加藤征弘,東京ホースレーシング,93.0,202306010606
5,8,13,レジェンダリーデイ,牡3,56,三浦皇成,1:57.9,7,**,,,,,1-1-1-1,41.5,4.8,2,546(0),,,,[東]高柳瑞樹,岡田牧雄,62.0,202306010606
6,5,6,ダイヤモンドビーチ,牡3,56,木幡巧也,1:58.3,2.1/2,**,,,,,4-5-7-5,41.4,74.2,12,462(0),,,,[東]鈴木慎太,ノルマンディーサラブレッドレーシング,,202306010606
7,7,11,ショウナンワタリ,牡3,56,菅原明良,1:59.1,5,**,,,,,12-13-11-11,40.6,25.1,8,558(0),,,,[東]国枝栄,国本哲秀,,202306010606
8,8,12,サクラグラシュー,牝3,54,戸崎圭太,1:59.5,2.1/2,**,,,,,12-12-9-9,41.7,7.3,5,490(0),,,,[東]伊藤圭三,さくらコマース,,202306010606
9,7,10,スペースソニック,牡3,56,杉原誠人,2:00.3,5,**,,,,,11-11-13-12,41.7,96.8,13,464(0),,,,[東]田村康仁,松谷翔太,,202306010606
10,2,2,キクノビースト,牡3,56,横山武史,2:00.5,1,**,,,,,4-4-6-8,43.7,6.2,4,520(0),,,,[西]高柳大輔,菊池五郎,,202306010606
11,6,8,ボールドライ,牡3,55,永野猛蔵,2:01.0,3,**,,,,,9-9-11-12,42.6,55.3,10,462(0),,,,[東]清水英克,増田陽一,,202306010606
12,4,5,エイシンセブン,牡3,56,柴田大知,2:01.0,クビ,**,,,,,3-3-3-5,44.4,41.2,9,478(0),,,,[東]田中剛,栄進堂,,202306010606
13,6,9,ウマダッチ,牡3,56,津村明秀,2:03.0,大,**,,,,,9-9-9-10,45.2,58.6,11,472(0),,,,[東]伊坂重信,大田恭充,,202306010606
1,4,7,ラズベリームース,牝4,55,ルメール,1:35.1,,**,,,,,2-1-1,36.3,1.9,1,500(-4),,,,[東]林徹,保坂和孝,800.0,202306010607
2,1,1,エイムトゥルー,牡5,58,田辺裕信,1:35.4,2,**,,,,,12-12-8,35.6,27.9,6,528(-2),,,,[東]奥村武,吉田晴哉,320.0,202306010607
3,6,12,アップストローク,セ4,57,菅原明良,1:35.6,1,**,,,,,10-9-8,36.1,9.4,4,464(+6),,,,[東]杉浦宏昭,吉田照哉,200.0,202306010607
4,2,3,ビジューブリランテ,セ5,58,大野拓弥,1:35.6,クビ,**,,,,,1-3-2,36.6,231.4,13,494(+14),,,,[東]武井亮,シルクレーシング,120.0,202306010607
5,3,6,ユヌエトワール,牝6,56,石川裕紀,1:35.7,1/2,**,,,,,12-10-8,36.1,39.3,7,426(0),,,,[東]小手川準,社台レースホース,80.0,202306010607
6,6,11,エールトゥヘヴン,牡4,57,三浦皇成,1:35.7,クビ,**,,,,,7-10-12,36.1,23.9,5,466(+4),,,,[東]戸田博文,ＤＭＭドリームクラブ,,202306010607
7,5,10,インテグリフォリア,牝5,56,北村宏司,1:35.8,1/2,**,,,,,12-14-12,35.7,147.5,11,472(-8),,,,[東]古賀慎明,サンデーレーシング,,202306010607
8,3,5,インフィニタス,牝5,56,杉原誠人,1:36.0,1.1/4,**,,,,,15-14-12,35.9,177.8,12,468(+8),,,,[東]伊坂重信,Ｇ１レーシング,,202306010607
9,1,2,カトルショセット,牝5,56,木幡巧也,1:36.0,ハナ,**,,,,,6-6-4,36.7,100.9,10,486(+8),,,,[東]黒岩陽一,Ｇ１レーシング,,202306010607
10,2,4,ヴァンガーズハート,牡4,57,横山武史,1:36.1,1/2,**,,,,,16-16-16,35.8,3.9,2,524(+6),,,,[東]鹿戸雄一,キャロットファーム,,202306010607
11,7,14,ロードブライト,牡4,56,永野猛蔵,1:36.7,3.1/2,**,,,,,5-5-4,37.5,323.9,15,524(-6),,,,[東]和田勇介,ロードホースクラブ,,202306010607
12,5,9,モカフラワー,牝4,55,戸崎圭太,1:37.1,2,**,,,,,7-6-8,37.7,5.0,3,458(+6),,,,[東]相沢郁,星野壽市,,202306010607
13,8,15,ゼンノテンバ,牝4,55,内田博幸,1:37.7,3.1/2,**,,,,,2-3-2,38.7,49.7,8,436(-6),,,,[東]小手川準,大迫久美子,,202306010607
14,4,8,ムーランシャタン,牝4,55,津村明秀,1:38.3,3.1/2,**,,,,,7-13-15,38.3,251.8,14,440(-12),,,,[東]鈴木慎太,村上卓史,,202306010607
15,7,13,アルジェントステラ,牝5,56,バシュロ,1:38.9,3.1/2,**,,,,,10-6-4,39.6,62.9,9,448(+8),,,,[東]和田正一,シルクレーシング,,202306010607
16,8,16,ラインアルテア,牡4,55,小林脩斗,1:39.7,5,**,,,,,2-2-4,40.8,651.7,16,460(0),,,,[東]武藤善則,大澤繁昌,,202306010607
1,8,15,ロスコフ,牡5,58,ルメール,1:53.5,,**,,,,,5-6-4-4,37.7,7.0,4,504(+6),,,,[東]久保田貴,吉田晴哉,"1,140.0",202306010608
2,4,7,ブレイクフォース,牡4,57,田辺裕信,1:53.5,クビ,**,,,,,15-16-16-15,36.9,6.6,3,486(-4),,,,[東]中舘英二,水上行雄,460.0,202306010608
3,4,8,ヴァーンフリート,牡4,57,横山武史,1:53.6,クビ,**,,,,,4-5-4-2,37.9,2.3,1,528(+2),,,,[東]手塚貴久,キャロットファーム,290.0,202306010608
4,1,1,フルオール,牡4,57,石川裕紀,1:53.6,クビ,**,,,,,1-1-1-1,38.4,12.9,6,470(+18),,,,[東]斎藤誠,林正道,170.0,202306010608
5,2,4,ヨンク,牡7,58,菅原明良,1:54.2,3.1/2,**,,,,,8-7-9-6,38.1,18.8,7,504(+2),,,,[東]小笠倫弘,古川智洋,114.0,202306010608
6,7,13,パーティーベル,牡4,57,石橋脩,1:54.3,1/2,**,,,,,8-9-4-4,38.5,10.3,5,460(+4),,,,[西]松永幹夫,原禮子,,202306010608
7,5,10,カンピオーネ,牡4,57,バシュロ,1:54.4,クビ,**,,,,,7-7-8-6,38.5,5.5,2,522(0),,,,[東]栗田徹,ＧＥＴＮＥＸＴ,,202306010608
8,5,9,ローズボウル,牡5,58,戸崎圭太,1:54.5,1/2,**,,,,,11-11-9-9,38.4,22.9,8,514(-4),,,,[東]林徹,グリーンファーム,,202306010608
9,6,12,サブロンカズマ,牡5,58,江田照男,1:54.8,2,**,,,,,5-3-2-2,39.2,252.9,14,484(-4),,,,[東]深山雅史,雅苑興業,,202306010608
10,1,2,クアトロマジコ,牡4,57,大野拓弥,1:54.9,1/2,**,,,,,11-11-13-15,38.4,38.1,9,516(+2),,,,[東]宮田敬介,大塚亮一,,202306010608
11,3,5,ウインレゼルヴ,牡6,58,木幡巧也,1:55.0,3/4,**,,,,,10-10-12-11,38.8,393.9,16,504(-4),,,,[東]奥平雅士,ウイン,,202306010608
12,6,11,ニシノアジャスト,牡5,58,内田博幸,1:55.2,3/4,**,,,,,13-13-13-11,38.8,126.3,12,534(0),,,,[東]小手川準,西山茂行,,202306010608
13,2,3,アトラクティーボ,牡4,57,武藤雅,1:55.3,1/2,**,,,,,15-15-13-11,38.8,63.2,11,536(-2),,,,[東]武藤善則,ノースヒルズ,,202306010608
14,3,6,スピードソルジャー,牡4,57,三浦皇成,1:55.5,1,**,,,,,14-13-9-11,39.4,50.5,10,492(-4),,,,[東]小笠倫弘,保坂和孝,,202306010608
15,7,14,ゼローソ,セ5,58,杉原誠人,1:56.7,7,**,,,,,2-2-2-6,41.2,128.0,13,498(+10),,,,[東]栗田徹,ゴドルフィン,,202306010608
16,8,16,ホウオウジャッジ,牡8,57,永野猛蔵,1:58.5,大,**,,,,,3-3-4-9,42.8,328.9,15,484(+8),,,,[東]稲垣幸雄,小笹芳央,,202306010608
1,1,1,キミワクイーン,牝4,56,横山武史,1:08.8,,**,,,,,4-4,34.3,1.9,1,444(+18),,,,[東]奥村武,浦邊輝實,"1,863.8",202306010609
2,5,5,コスモカルナック,牡6,58,柴田大知,1:08.9,3/4,**,,,,,1-1,34.9,28.2,7,502(+6),,,,[東]加藤士津,ビッグレッドファーム,746.8,202306010609
3,6,6,オシリスブレイン,牡6,58,内田博幸,1:09.0,クビ,**,,,,,2-2,34.9,35.7,8,502(+4),,,,[東]田村康仁,エンジェルレーシング,463.4,202306010609
4,2,2,シュアーヴアリア,牝5,56,三浦皇成,1:09.2,1.1/4,**,,,,,7-5,34.3,17.1,5,490(+4),,,,[東]高橋裕,ディアレストクラブ,280.0,202306010609
5,3,3,ワンスカイ,牡6,58,石川裕紀,1:09.3,1/2,**,,,,,9-9,34.1,17.3,6,510(+6),,,,[東]斎藤誠,平井裕,184.0,202306010609
6,4,4,アールクインダム,牝6,56,大野拓弥,1:09.4,3/4,**,,,,,9-10,34.3,68.8,9,482(-4),,,,[東]伊藤大士,前原敏行,,202306010609
7,6,7,フミロア,牝5,56,江田照男,1:09.4,ハナ,**,,,,,6-7,34.6,176.9,11,460(+4),,,,[東]黒岩陽一,林文彦,,202306010609
8,8,11,オルダージュ,セ7,58,木幡巧也,1:09.4,クビ,**,,,,,3-3,35.2,172.8,10,490(+10),,,,[東]青木孝文,ノルマンディーサラブレッドレーシング,,202306010609
9,7,8,グランアリエル,牡4,58,石橋脩,1:09.7,1.1/2,**,,,,,11-10,34.4,11.2,4,476(+4),,,,[東]小野次郎,布施慶士,,202306010609
10,8,10,ゼログラヴィティ,牝5,56,戸崎圭太,1:10.0,1.3/4,**,,,,,7-7,35.1,3.0,2,492(-2),,,,[東]岩戸孝樹,ゴドルフィン,,202306010609
11,7,9,ショウナンバービー,牝6,56,バシュロ,1:11.4,9,**,,,,,4-5,36.9,9.6,3,508(0),,,,[東]田中剛,湘南,,202306010609
1,3,3,アティード,牡5,57,田辺裕信,1:10.0,,**,,,,,3-2,36.1,4.8,2,514(+2),,,,[東]加藤士津,高瀬正志,"2,223.8",202306010610
2,2,2,サイクロトロン,牡6,58,三浦皇成,1:10.2,3/4,**,,,,,2-2,36.5,42.6,9,524(+4),,,,[西]音無秀孝,金子真人ホールディングス,886.8,202306010610
3,1,1,ハコダテブショウ,牡5,58,石川裕紀,1:10.2,クビ,**,,,,,1-1,36.7,2.6,1,506(+8),,,,[東]相沢郁,河内孝夫,553.4,202306010610
4,6,6,スナークダヴィンチ,牡6,57,石橋脩,1:10.2,ハナ,**,,,,,9-8,35.6,9.2,5,494(-2),,,,[西]野中賢二,杉本豊,330.0,202306010610
5,4,4,クインズメリッサ,牝5,55,藤懸貴志,1:10.3,3/4,**,,,,,5-5,36.1,5.1,3,472(-8),,,,[西]宮本博,ケイアイスタリオン,220.0,202306010610
6,5,5,ベイビーボス,牡6,57,菅原明良,1:10.7,2.1/2,**,,,,,5-5,36.5,12.1,6,490(+4),,,,[東]矢野英一,酒井喜生,,202306010610
7,8,10,カイアワセ,牝6,55,津村明秀,1:10.9,3/4,**,,,,,3-4,37.0,18.9,7,460(+2),,,,[東]鈴木慎太,内田玄祥,,202306010610
8,7,9,ドウドウキリシマ,牡7,57,永野猛蔵,1:11.1,1.1/4,**,,,,,11-11,35.9,261.0,11,506(0),,,,[東]天間昭一,西村新一郎,,202306010610
9,8,11,アヌラーダプラ,牝6,56,横山武史,1:11.3,1.1/4,**,,,,,5-5,37.2,6.8,4,480(+2),,,,[東]萩原清,キャロットファーム,,202306010610
10,7,8,スピリットワンベル,牡8,57,バシュロ,1:11.5,1.1/4,**,,,,,8-8,37.1,117.6,10,544(+4),,,,[西]牧田和弥,鈴木昭和,,202306010610
11,6,7,スペクタクル,牡5,57,武藤雅,1:11.5,アタマ,**,,,,,9-8,36.9,24.2,8,504(+8),,,,[東]武藤善則,佐々木雄二,,202306010610
1,4,4,ソールオリエンス,牡3,56,横山武史,2:02.2,,**,**,**,**,**,5-5-5-5,34.5,2.7,2,462(+2),,,,[東]手塚貴久,社台レースホース,"4,031.5",202306010611
2,3,3,オメガリッチマン,牡3,56,石川裕紀,2:02.6,2.1/2,**,**,**,**,**,5-5-5-5,35.0,118.0,9,434(-10),,,,[西]安田翔伍,原禮子,"1,609.0",202306010611
3,7,7,セブンマジシャン,牡3,56,ルメール,2:02.8,1.1/4,**,**,**,**,**,5-7-7-7,34.9,2.7,1,480(-4),,,,[西]高野友和,前迫義幸,"1,004.5",202306010611
4,1,1,サヴォーナ,牡3,56,田辺裕信,2:02.9,1/2,**,**,**,**,**,8-7-7-7,35.0,19.4,7,520(+10),,,,[西]中竹和也,加藤誠,600.0,202306010611
5,5,5,シルヴァーデューク,牡3,56,バシュロ,2:03.0,3/4,**,**,**,**,**,4-3-3-3,35.6,14.2,5,470(+14),,,,[西]西村真幸,田畑利彦,400.0,202306010611
6,8,9,シャンパンカラー,牡3,56,戸崎圭太,2:03.0,クビ,**,**,**,**,**,2-2-2-2,35.8,4.2,3,502(0),,,,[東]田中剛,青山洋一,,202306010611
7,2,2,シーウィザード,牡3,56,三浦皇成,2:03.1,クビ,**,**,**,**,**,3-3-3-3,35.8,11.8,4,474(+2),,,,[東]鹿戸雄一,岡田牧雄,,202306010611
8,8,8,グラニット,牡3,56,嶋田純次,2:03.3,1.1/4,**,**,**,**,**,1-1-1-1,36.5,16.9,6,460(+8),,,,[東]大和田成,ミルファーム,,202306010611
9,6,6,シルバースペード,牡3,56,吉田豊,2:03.4,1/2,**,**,**,**,**,8-9-9-9,35.3,44.5,8,474(+12),,,,[東]小野次郎,Ｎｉｎｏｍｉｙａジャパンレーシング,,202306010611
1,4,4,ビーオンザマーチ,牝4,56,津村明秀,1:09.6,,**,,,,,2-2,35.0,6.2,4,476(+16),,,,[東]林徹,吉田晴哉,"1,140.0",202306010612
2,6,6,ウインバグース,牡4,56,横山琉人,1:09.7,1/2,**,,,,,1-1,35.1,4.4,3,480(-18),,,,[西]西園正都,ウイン,460.0,202306010612
3,1,1,サイヤダンサー,牡6,58,田辺裕信,1:09.7,クビ,**,,,,,7-4,34.2,3.4,1,474(+2),,,,[東]深山雅史,ウエスト．フォレスト．ステイブル,290.0,202306010612
4,2,2,ルルローズ,牝5,56,杉原誠人,1:09.7,クビ,**,,,,,4-4,34.6,11.1,6,464(0),,,,[東]伊藤大士,的場徹,170.0,202306010612
5,6,7,ベルウッドブラボー,牡4,58,柴田大知,1:09.8,1/2,**,,,,,6-6,34.4,6.9,5,466(+8),,,,[東]和田雄二,鈴木照雄,114.0,202306010612
6,7,8,シゲルファンノユメ,牡4,58,横山武史,1:10.0,1,**,,,,,5-6,34.7,3.9,2,488(+2),,,,[東]伊藤圭三,森中啓子,,202306010612
7,5,5,コスモカッティーボ,牡6,58,木幡巧也,1:10.2,1.1/2,**,,,,,7-8,34.7,93.9,10,498(+2),,,,[東]畠山吉宏,ビッグレッドファーム,,202306010612
8,8,10,スズノヤマト,セ6,58,三浦皇成,1:10.3,クビ,**,,,,,10-8,34.6,36.5,8,482(0),,,,[東]高橋裕,小紫嘉之,,202306010612
9,7,9,ミモザイエロー,牝7,56,大野拓弥,1:10.3,アタマ,**,,,,,7-8,34.8,35.0,7,466(-2),,,,[東]戸田博文,青芝商事,,202306010612
10,3,3,セルレア,牝6,53,西塚洸二,1:10.6,2,**,,,,,3-3,35.7,43.8,9,464(0),,,,[東]深山雅史,パニオロ,,202306010612
取,8,11,ヨール,牝4,56,嶋田純次,,,**,,,,,,,---,,計不,,,,[東]手塚貴久,藤田在子,,202306010612
1,4,8,ベアカワイコチャン,牝3,54,松岡正海,1:12.6,,**,,,,,2-2,39.1,13.9,7,478(0),,,,[東]杉浦宏昭,熊木浩,550.0,202306010701
2,5,9,テイエムスイスイ,牝3,54,戸崎圭太,1:12.9,1.1/2,**,,,,,4-4,39.1,2.6,1,508(-6),,,,[東]石栗龍彦,竹園正繼,220.0,202306010701
3,2,3,フェスティヴラジャ,牝3,54,菊沢一樹,1:12.9,クビ,**,,,,,1-1,39.5,12.9,5,458(+8),,,,[東]田島俊明,臼井義太郎,140.0,202306010701
4,2,4,パイアイヤー,牝3,54,横山武史,1:13.6,4,**,,,,,12-13,38.6,6.5,3,462(-8),,,,[東]鈴木伸尋,ウエスト．フォレスト．ステイブル,83.0,202306010701
5,1,1,ローズミカ,牝3,54,杉原誠人,1:13.7,1,**,,,,,7-6,39.5,103.7,12,434(-2),,,,[東]伊藤大士,冨沢敦子,55.0,202306010701
6,8,16,ジェイエルトランス,牝3,54,横山和生,1:14.1,2,**,,,,,11-11,39.4,18.6,8,400(-8),,,,[東]小西一男,橋元幸人,,202306010701
7,3,6,アイリッシュパール,牝3,54,ルメール,1:14.3,1.1/4,**,,,,,4-5,40.4,4.2,2,470(+6),,,,[東]栗田徹,サンデーレーシング,,202306010701
8,7,13,シズカノウミ,牝3,54,田中勝春,1:14.4,1/2,**,,,,,12-11,39.4,9.6,4,444(-4),,,,[東]松山将樹,プレミアムレースホース,,202306010701
9,6,12,ハッピーミーク,牝3,54,内田博幸,1:14.4,クビ,**,,,,,9-9,40.0,39.7,10,448(+30),,,,[東]尾関知人,山口功一郎,,202306010701
10,6,11,ミオファースト,牝3,54,武士沢友,1:14.7,2,**,,,,,10-9,40.1,332.3,16,436(+2),,,,[東]粕谷昌央,服部英利,,202306010701
11,7,14,フェリスクララ,牝3,54,田辺裕信,1:14.8,1/2,**,,,,,3-3,41.2,13.5,6,452(0),,,,[東]菊川正達,ディアレストクラブ,,202306010701
12,8,15,カプリーヌメファ,牝3,54,石川裕紀,1:14.9,クビ,**,,,,,6-7,40.8,23.7,9,486(+10),,,,[東]尾形和幸,手嶋康雄,,202306010701
13,5,10,ミスファイト,牝3,54,柴田大知,1:15.0,3/4,**,,,,,7-7,40.7,270.8,14,464(0),,,,[東]和田雄二,西村新一郎,,202306010701
14,4,7,テイエムエレガント,牝3,54,丸田恭介,1:15.3,1.3/4,**,,,,,15-15,39.4,293.2,15,410(-26),,,,[東]石栗龍彦,竹園正繼,,202306010701
15,3,5,ワンダーフルーリ,牝3,54,菅原隆一,1:15.7,2,**,,,,,12-13,40.7,65.7,11,444(-2),,,,[東]畠山吉宏,山本能成,,202306010701
16,1,2,ヒメカミノテング,牝3,51,西塚洸二,1:18.2,大,**,,,,,15-16,42.3,250.2,13,412(0),,,,[東]武市康男,國分純,,202306010701
1,2,3,ターンソウル,牡3,56,宮崎北斗,1:12.8,,**,,,,,2-1,39.4,12.5,3,488(+10),,,,[東]鈴木慎太,山上和良,550.0,202306010702
2,2,4,スティルディマーレ,牡3,56,横山武史,1:13.4,3.1/2,**,,,,,1-2,40.0,1.2,1,522(-6),,,,[東]国枝栄,キャロットファーム,220.0,202306010702
3,7,14,トロルトゥンガ,牡3,56,田辺裕信,1:13.4,ハナ,**,,,,,2-3,40.0,5.3,2,498(+4),,,,[東]菊川正達,ディアレストクラブ,140.0,202306010702
4,1,1,カツノテンス,牡3,56,松岡正海,1:13.9,3,**,,,,,4-4,40.1,26.5,5,444(-2),,,,[東]伊藤伸一,勝野産業,83.0,202306010702
5,7,13,ロゴマジック,牡3,56,三浦皇成,1:13.9,クビ,**,,,,,6-6,39.8,26.5,4,440(-2),,,,[東]武市康男,坂巻勝彦,55.0,202306010702
6,4,8,スイートレーヴ,牝3,54,岩部純二,1:14.5,3.1/2,**,,,,,8-9,39.5,198.0,13,458(0),,,,[東]石毛善彦,シンボリ牧場,,202306010702
7,3,5,ミトノクリール,牝3,54,木幡巧也,1:14.7,3/4,**,,,,,7-6,40.3,50.3,7,432(0),,,,[東]牧光二,ロイヤルパーク,,202306010702
8,5,9,ケレンシア,牝3,54,武士沢友,1:14.7,ハナ,**,,,,,11-11,39.1,383.3,16,464(-2),,,,[東]村田一誠,ミルファーム,,202306010702
9,5,10,ニケファルコン,牝3,53,永野猛蔵,1:14.7,クビ,**,,,,,4-4,41.0,184.0,11,476(-2),,,,[東]伊藤圭三,岡本真二,,202306010702
10,1,2,ロワシュペール,牡3,53,西塚洸二,1:14.9,3/4,**,,,,,10-10,39.5,30.2,6,490(+4),,,,[東]鹿戸雄一,フェニックスレーシング,,202306010702
11,8,15,ユーメイドマイデイ,牝3,54,杉原誠人,1:15.1,1.1/4,**,,,,,12-12,39.3,184.8,12,420(0),,,,[東]大江原哲,ミルファーム,,202306010702
12,6,11,フウライジンモン,牝3,54,井上敏樹,1:15.2,1/2,**,,,,,12-14,39.4,103.5,10,490(+2),,,,[東]伊坂重信,大久保幸夫,,202306010702
13,4,7,サンライズアップ,牡3,56,西村太一,1:15.5,2,**,,,,,12-13,39.7,368.9,15,442(+2),,,,[東]堀内岳志,本杉芳郎,,202306010702
14,3,6,カンタベリースワン,牝3,52,山田敬士,1:16.1,3.1/2,**,,,,,8-8,41.2,360.1,14,438(-6),,,,[東]萱野浩二,峰哲馬,,202306010702
15,6,12,ライヴビネガー,牡3,54,横山琉人,1:16.2,1/2,**,,,,,16-15,40.0,62.8,9,544(+10),,,,[東]高橋文雅,澤田孝之,,202306010702
16,8,16,ヴィートディエース,牝3,54,菅原明良,1:17.2,6,**,,,,,15-16,41.1,56.1,8,416(-4),,,,[東]小島茂之,住宅データ,,202306010702
1,2,4,デルマヨリキリ,牡3,56,吉田豊,1:57.5,,**,,,,,5-4-5-4,40.6,6.6,3,462(-2),,,,[東]田島俊明,浅沼廣幸,550.0,202306010703
2,6,12,ピックアップライン,牡3,56,武士沢友,1:57.5,ハナ,**,,,,,2-2-2-2,40.9,7.6,5,508(-6),,,,[東]田中剛,社台レースホース,220.0,202306010703
3,3,5,ショーガイッパイ,牡3,56,津村明秀,1:57.6,1/2,**,,,,,8-7-8-6,40.4,29.8,11,496(-10),,,,[東]中野栄治,芳賀克也,140.0,202306010703
4,7,13,ニットウライジン,牡3,55,永野猛蔵,1:57.8,3/4,**,,,,,2-2-2-1,41.3,81.6,12,496(+6),,,,[東]稲垣幸雄,日東牧場,83.0,202306010703
5,5,10,ルトラセ,セ3,56,バシュロ,1:57.8,クビ,**,,,,,7-7-8-7,40.6,9.5,6,540(-2),,,,[東]池上昌和,Ｇ１レーシング,55.0,202306010703
6,4,7,タッチャブル,牡3,56,杉原誠人,1:57.9,1/2,**,,,,,16-16-14-14,39.6,6.9,4,524(+4),,,,[東]宮田敬介,大塚亮一,,202306010703
7,6,11,ピンポイントドロー,牡3,56,丸田恭介,1:57.9,アタマ,**,,,,,8-7-8-10,40.6,198.1,14,488(-4),,,,[東]宗像義忠,薗部博之,,202306010703
8,7,14,エコロマーベリック,牡3,56,ルメール,1:58.0,クビ,**,,,,,4-4-7-7,40.9,25.0,9,504(-4),,,,[東]加藤征弘,原村正紀,,202306010703
9,1,2,ロジドレフォン,牡3,56,内田博幸,1:58.2,1.1/2,**,,,,,13-13-12-12,40.3,25.5,10,508(-6),,,,[東]古賀慎明,久米田正明,,202306010703
10,1,1,アストロアイガー,牡3,56,田辺裕信,1:58.3,クビ,**,,,,,15-15-12-12,40.4,18.6,8,512(+2),,,,[東]中舘英二,畑佐博,,202306010703
11,4,8,ベルウッドシキシマ,牡3,56,木幡巧也,1:58.3,クビ,**,,,,,5-4-5-7,41.3,16.9,7,438(-2),,,,[東]辻哲英,鈴木照雄,,202306010703
12,8,15,キタノワンダー,牡3,56,戸崎圭太,1:59.2,5,**,,,,,8-10-4-4,42.5,3.5,1,468(+4),,,,[東]石栗龍彦,北所直人,,202306010703
13,2,3,ホウオウプレシャス,牡3,56,横山武史,1:59.3,3/4,**,,,,,1-1-1-2,42.8,5.3,2,484(-10),,,,[東]栗田徹,小笹芳央,,202306010703
14,5,9,リネンマンボ,牡3,56,江田照男,1:59.4,クビ,**,,,,,11-11-8-10,42.1,208.1,15,450(+4),,,,[東]粕谷昌央,戸山光男,,202306010703
15,3,6,エイガウマザンマイ,牡3,54,横山琉人,2:00.2,5,**,,,,,13-13-14-15,41.9,148.9,13,484(0),,,,[東]青木孝文,鈴木慈雄,,202306010703
16,8,16,エスケイペガサス,セ3,54,山田敬士,2:00.4,1,**,,,,,11-12-16-16,42.0,457.7,16,464(+6),,,,[東]松永康利,伊藤輔則,,202306010703
1,4,7,プリンスノット,牡3,56,ルメール,1:13.4,,**,,,,,2-2,38.6,3.7,2,472(0),,,,[西]奥村豊,ノルマンディーサラブレッドレーシング,620.0,202306010704
2,2,3,シンコッチョウ,牝3,54,柴田善臣,1:13.8,2,**,,,,,1-1,39.1,95.6,13,420(0),,,,[東]根本康広,福田光博,250.0,202306010704
3,1,1,ゼンリョクダンス,牝3,53,永野猛蔵,1:14.1,2,**,,,,,8-7,38.5,19.4,8,438(0),,,,[東]鈴木慎太,内田玄祥,160.0,202306010704
4,3,5,アンナプルナ,牝3,54,丸田恭介,1:14.3,3/4,**,,,,,6-3,39.0,7.6,3,444(0),,,,[東]清水英克,田畑利彦,93.0,202306010704
5,5,9,ラブロスピカ,牝3,54,戸崎圭太,1:14.4,3/4,**,,,,,4-5,39.3,3.6,1,468(0),,,,[東]畠山吉宏,岡田牧雄,62.0,202306010704
6,7,13,トーアカラカウア,牡3,56,菊沢一樹,1:15.1,4,**,,,,,10-8,39.2,9.0,5,490(0),,,,[東]畠山吉宏,高山ランド,,202306010704
7,5,10,ペイシャモノノフ,牡3,56,内田博幸,1:15.4,2,**,,,,,12-13,39.3,20.2,9,468(0),,,,[西]畑端省吾,北所直人,,202306010704
8,7,14,ビッグゲイン,セ3,56,菅原明良,1:15.6,1.1/4,**,,,,,10-10,39.7,8.3,4,486(0),,,,[東]新開幸一,ジャコモ,,202306010704
9,6,12,ワレラホシノコ,牝3,51,西塚洸二,1:15.6,クビ,**,,,,,15-15,38.9,159.5,16,434(0),,,,[東]中川公成,石井義人,,202306010704
10,8,15,デルマクビナゲ,牡3,55,秋山稔樹,1:15.9,1.1/2,**,,,,,14-14,39.4,30.1,10,414(0),,,,[東]蛯名利弘,浅沼廣幸,,202306010704
11,3,6,ホームランダービー,牡3,56,武藤雅,1:16.2,2,**,,,,,8-10,40.6,155.5,15,466(0),,,,[東]的場均,三岡陽,,202306010704
12,2,4,ラトレイア,牝3,52,横山琉人,1:16.4,1.1/4,**,,,,,2-3,41.6,11.7,6,400(0),,,,[東]高柳瑞樹,キャロットファーム,,202306010704
13,6,11,ギフトオブザナイル,牝3,54,石川裕紀,1:16.7,2,**,,,,,16-16,39.1,14.4,7,440(0),,,,[東]和田正一,社台レースホース,,202306010704
14,8,16,ベアコンコルド,牡3,56,松岡正海,1:16.8,クビ,**,,,,,12-12,40.8,49.2,11,446(0),,,,[東]杉浦宏昭,熊木浩,,202306010704
15,4,8,コタバル,牝3,54,柴田大知,1:17.4,3.1/2,**,,,,,6-8,42.0,119.3,14,460(0),,,,[東]本間忍,乙訓史樹,,202306010704
16,1,2,クインズオーロラ,牝3,52,小林脩斗,1:17.5,1/2,**,,,,,4-5,42.5,69.1,12,422(0),,,,[東]奥平雅士,ケイアイスタリオン,,202306010704
1,2,2,アンバーホーク,牡3,56,横山武史,2:03.6,,**,,,,,1-1-1-1,36.3,5.2,2,530(0),,,,[東]蛯名正義,フジワラ・ファーム,550.0,202306010705
2,5,7,シャンボール,牡3,56,田辺裕信,2:04.0,2,**,,,,,3-3-3-3,36.4,9.6,5,480(+2),,,,[東]上原博之,前田幸治,220.0,202306010705
3,7,10,オールマイデイズ,牡3,56,ルメール,2:04.0,クビ,**,,,,,8-8-7-7,35.8,2.3,1,492(-2),,,,[東]木村哲也,シルクレーシング,140.0,202306010705
4,3,3,ユイノオトコヤマ,牡3,56,吉田豊,2:04.1,クビ,**,,,,,5-5-5-5,36.3,5.9,3,452(0),,,,[東]深山雅史,由井健太郎,83.0,202306010705
5,8,13,ホウオウバーナード,牡3,56,戸崎圭太,2:04.2,1/2,**,,,,,9-9-9-7,35.8,6.7,4,402(0),,,,[東]高柳瑞樹,小笹芳央,55.0,202306010705
6,4,5,ロンギングタイム,牡3,56,横山和生,2:04.2,クビ,**,,,,,12-12-11-9,35.6,9.9,6,472(+4),,,,[東]奥村武,坂本浩一,,202306010705
7,4,4,コスモリボルブ,牡3,56,柴田大知,2:04.6,2.1/2,**,,,,,2-2-2-2,37.2,179.0,9,456(-4),,,,[東]和田雄二,ビッグレッドファーム,,202306010705
8,8,12,フィールザクラウン,牡3,56,北村宏司,2:04.7,1/2,**,,,,,5-6-5-6,36.8,272.0,10,430(-2),,,,[東]伊藤大士,櫻井正,,202306010705
9,1,1,ヴェルティグレ,牡3,55,永野猛蔵,2:04.7,クビ,**,,,,,3-3-3-3,37.1,130.5,8,478(+6),,,,[東]黒岩陽一,小島章義,,202306010705
9,7,11,ショウナンハクウン,牡3,56,菅原明良,2:04.7,同着,**,,,,,11-11-9-9,36.3,10.1,7,514(+12),,,,[東]大竹正博,国本哲秀,,202306010705
11,5,6,ノーサレンダー,牝3,52,小林脩斗,2:06.0,8,**,,,,,12-12-12-12,37.3,439.9,12,392(-4),,,,[東]蛯名利弘,ビッグレッドファーム,,202306010705
12,6,9,セイカベラトリクス,牝3,54,武士沢友,2:06.2,1.1/2,**,,,,,5-7-7-9,38.0,506.5,13,460(-4),,,,[東]南田美知,久米誠,,202306010705
13,6,8,ブルーリヴァーサル,牡3,54,横山琉人,2:06.9,4,**,,,,,9-9-13-13,37.9,348.1,11,460(-4),,,,[東]根本康広,青山郁代,,202306010705
1,5,9,メイショウフジ,牡3,56,大野拓弥,1:58.5,,**,,,,,14-14-11-11,37.8,25.4,9,480(0),,,,[東]和田勇介,松本好雄,620.0,202306010706
2,8,15,コルサファターレ,牡3,56,バシュロ,1:58.6,1/2,**,,,,,11-9-4-1,39.1,2.9,1,514(0),,,,[東]中川公成,シルクレーシング,250.0,202306010706
3,7,14,ジュングンジョウ,牡3,56,木幡巧也,2:00.0,8,**,,,,,8-9-8-8,40.0,133.1,14,450(0),,,,[東]伊坂重信,河合純二,160.0,202306010706
4,6,12,メタルメタリカ,牡3,56,津村明秀,2:00.1,クビ,**,,,,,4-4-5-5,40.4,20.0,7,466(0),,,,[東]斎藤誠,千明牧場,93.0,202306010706
5,3,6,ビップルイス,牡3,54,小林脩斗,2:00.1,アタマ,**,,,,,8-11-8-5,40.1,81.9,13,432(0),,,,[東]田島俊明,鈴木邦英,62.0,202306010706
6,2,3,クリスマスディナー,牡3,56,菅原明良,2:00.3,1.1/4,**,,,,,15-15-12-12,39.4,19.3,6,438(0),,,,[東]和田勇介,吉田千津,,202306010706
7,3,5,ローレルレジーナ,牝3,54,丸田恭介,2:00.7,2.1/2,**,,,,,6-6-8-8,40.6,75.5,12,494(0),,,,[東]稲垣幸雄,ローレルレーシング,,202306010706
8,5,10,オペラミラクル,牡3,56,横山和生,2:01.0,1.3/4,**,,,,,1-1-1-2,41.9,3.8,2,520(0),,,,[東]田村康仁,二木英実,,202306010706
9,7,13,ゴールドスピーダー,牡3,54,横山琉人,2:01.2,1,**,,,,,3-3-3-2,41.9,6.2,3,540(0),,,,[東]青木孝文,居城寿与,,202306010706
10,6,11,オブリージュ,牡3,56,柴田大知,2:01.3,1/2,**,,,,,2-2-2-2,42.1,157.8,15,502(0),,,,[東]深山雅史,前田清二,,202306010706
11,4,8,ヤーゴ,牡3,55,永野猛蔵,2:01.3,クビ,**,,,,,4-4-5-5,41.5,74.0,11,508(0),,,,[東]大和田成,門野重雄,,202306010706
12,8,16,ダンスベルレーヌ,牝3,54,杉原誠人,2:01.4,クビ,**,,,,,8-6-5-8,41.6,22.2,8,448(0),,,,[東]宮田敬介,ノルマンディーサラブレッドレーシング,,202306010706
13,1,1,スターサファイア,牡3,56,木幡育也,2:01.7,2,**,,,,,11-11-15-13,40.5,182.4,16,490(0),,,,[東]大江原哲,田頭勇貴,,202306010706
14,4,7,スライスヘリテージ,牝3,54,石川裕紀,2:02.5,5,**,,,,,13-13-12-13,41.6,14.2,5,488(0),,,,[東]金成貴史,ニットー商事,,202306010706
15,2,4,ヴェレノージ,牝3,54,松岡正海,2:03.0,3,**,,,,,15-15-12-13,42.1,35.9,10,520(0),,,,[東]田中剛,加藤誠,,202306010706
16,1,2,レスタメンテ,牝3,54,ルメール,2:23.1,大,**,,,,,6-6-16-16,60.8,6.6,4,468(0),,,,[東]加藤征弘,ローレルレーシング,,202306010706
1,4,5,オメガシンフォニー,牝3,54,横山武史,1:10.6,,**,,,,,2-1,37.2,2.0,1,490(0),,,,[東]大和田成,原禮子,780.0,202306010707
2,1,1,ネバレチュゴー,牡3,56,松岡正海,1:11.3,4,**,,,,,7-7,37.3,3.6,2,518(+2),,,,[東]西田雄一,ミルファーム,310.0,202306010707
3,6,9,マーブルマカロン,牝3,52,横山琉人,1:11.3,ハナ,**,,,,,4-4,37.6,9.1,4,418(+2),,,,[東]林徹,保坂和孝,200.0,202306010707
4,5,6,タイセイランナー,牡3,56,バシュロ,1:11.7,2,**,,,,,12-12,36.5,47.0,10,488(-10),,,,[西]牧浦充徳,田中成奉,120.0,202306010707
5,7,10,スモーキンビリー,牡3,56,ルメール,1:11.9,1.1/4,**,,,,,2-3,38.4,19.0,5,478(-2),,,,[西]音無秀孝,江馬由将,78.0,202306010707
6,3,3,ヨロ,牡3,56,杉原誠人,1:11.9,クビ,**,,,,,4-6,38.2,37.4,8,498(-2),,,,[東]大和田成,ミルファーム,,202306010707
7,8,13,マーゴットレーヴ,牝3,54,三浦皇成,1:11.9,アタマ,**,,,,,4-4,38.1,29.7,7,446(-6),,,,[東]伊坂重信,前田良平,,202306010707
8,5,7,アドバンスファラオ,牡3,56,戸崎圭太,1:12.1,1,**,,,,,11-10,37.4,7.3,3,480(+8),,,,[西]森秀行,久保田典秀,,202306010707
9,8,12,ビルカール,牡3,56,柴田善臣,1:12.5,2.1/2,**,,,,,10-10,38.1,103.6,12,488(+4),,,,[東]水野貴広,野村茂雄,,202306010707
10,6,8,レヴィナス,牝3,54,田辺裕信,1:12.8,2,**,,,,,7-7,38.9,24.2,6,464(+14),,,,[東]鈴木慎太,池田草龍,,202306010707
11,7,11,セイウンダマシイ,牡3,56,内田博幸,1:13.1,1.1/2,**,,,,,7-9,39.2,40.2,9,476(0),,,,[東]武市康男,西山茂行,,202306010707
12,2,2,エリカキルシェ,牝3,54,大野拓弥,1:13.7,3.1/2,**,,,,,1-2,40.3,50.2,11,464(0),,,,[東]宮田敬介,三木正浩,,202306010707
13,4,4,ボルドーネセバル,牡3,54,小林脩斗,1:16.3,大,**,,,,,13-13,39.8,243.6,13,446(+2),,,,[東]浅野洋一,杉浦和也,,202306010707
1,8,12,マイネルサハラ,牡4,57,戸崎圭太,1:54.8,,**,,,,,2-2-2-2,38.6,3.7,2,476(-6),,,,[東]和田雄二,サラブレッドクラブ・ラフィアン,800.0,202306010708
2,1,1,ペイシャジュン,牡5,58,菅原明良,1:55.2,2.1/2,**,,,,,9-9-8-8,38.3,3.5,1,520(0),,,,[東]高橋裕,北所直人,320.0,202306010708
3,5,6,モネータドーロ,牡4,57,北村宏司,1:55.2,アタマ,**,,,,,8-6-7-6,38.4,9.0,6,486(+4),,,,[東]宗像義忠,Ｇ１レーシング,200.0,202306010708
4,6,9,カイザーレオン,牡4,57,バシュロ,1:55.5,1.1/2,**,,,,,4-3-4-4,39.0,5.7,3,476(-2),,,,[東]伊坂重信,ノルマンディーサラブレッドレーシング,120.0,202306010708
5,8,13,カールスモーキー,牡4,57,田辺裕信,1:55.8,2,**,,,,,3-3-3-3,39.5,7.0,5,496(+2),,,,[東]和田勇介,中村智幸,80.0,202306010708
6,3,3,パワーエンブレム,牡4,57,宮崎北斗,1:56.1,1.3/4,**,,,,,4-3-4-4,39.7,97.1,12,502(-4),,,,[東]中川公成,京都ホースレーシング,,202306010708
7,6,8,サインオブサクセス,牡4,56,永野猛蔵,1:56.3,1,**,,,,,6-6-6-6,39.7,6.8,4,484(+10),,,,[東]伊藤圭三,社台レースホース,,202306010708
8,4,4,サルーテ,セ8,55,西塚洸二,1:56.6,2,**,,,,,10-11-11-11,39.2,197.5,13,552(+2),,,,[東]高木登,小菅定雄,,202306010708
9,2,2,ブルベアカイリ,牡6,58,内田博幸,1:56.7,1/2,**,,,,,1-1-1-1,40.6,39.1,8,514(+10),,,,[東]深山雅史,磯波勇Ｆ,,202306010708
10,7,10,ジェイエルブリッジ,牡5,56,小林脩斗,1:56.9,3/4,**,,,,,10-10-10-10,39.7,65.1,10,458(-16),,,,[東]小西一男,橋元幸人,,202306010708
11,5,7,キュン,牝5,56,大野拓弥,1:57.1,1.1/4,**,,,,,6-6-8-9,40.2,92.6,11,458(-2),,,,[東]戸田博文,吉澤ホールディングス,,202306010708
12,4,5,ユキノオウジサマ,牡4,57,武士沢友,2:01.0,大,**,,,,,12-12-12-12,42.8,23.4,7,528(+32),,,,[東]田島俊明,藤沼利夫,,202306010708
13,7,11,ロードレアル,牡4,55,横山琉人,2:05.1,大,**,,,,,13-13-13-13,44.0,41.4,9,466(+2),,,,[東]堀内岳志,ロードホースクラブ,,202306010708
1,4,8,キャリックアリード,牝4,55,戸崎圭太,1:53.8,,**,,,,,3-3-3-3,38.6,1.6,1,454(+8),,,,[東]高橋文雅,シルクレーシング,"1,585.7",202306010709
2,4,7,カフェプリンセス,牝5,56,田辺裕信,1:54.2,2.1/2,**,,,,,6-6-5-5,38.8,8.1,3,486(0),,,,[東]中舘英二,西川恭子,630.2,202306010709
3,2,3,アラゴナイト,牝5,56,大野拓弥,1:54.3,クビ,**,,,,,8-7-8-7,38.7,41.0,8,466(+4),,,,[東]加藤和宏,重松國建,395.1,202306010709
4,6,11,デアノヴァ,牝4,55,宮崎北斗,1:54.4,1,**,,,,,15-15-12-10,38.5,14.5,4,476(-2),,,,[東]伊坂重信,京都ホースレーシング,230.0,202306010709
5,7,13,フレンチギフト,牝4,55,菅原明良,1:54.5,クビ,**,,,,,6-7-8-10,38.9,4.3,2,472(+6),,,,[東]中川公成,多田賢司,155.0,202306010709
6,3,5,ミヤビマドンナ,牝6,56,吉田豊,1:54.6,3/4,**,,,,,11-11-12-10,38.7,79.0,12,442(-6),,,,[東]中舘英二,村上義勝,,202306010709
7,1,2,オウケンロジータ,牝6,56,田中勝春,1:54.7,クビ,**,,,,,13-14-15-14,38.5,104.5,13,518(0),,,,[東]松永康利,福井明,,202306010709
8,3,6,ラフルオリータ,牝5,56,津村明秀,1:54.7,クビ,**,,,,,11-11-8-7,39.1,37.5,7,486(0),,,,[東]加藤士津,ライオンレースホース,,202306010709
9,5,10,ネイリッカ,牝4,55,菊沢一樹,1:54.8,1/2,**,,,,,1-1-1-1,39.8,60.5,10,460(-2),,,,[東]和田勇介,ノルマンディーサラブレッドレーシング,,202306010709
10,2,4,グリモリオ,牝5,56,横山武史,1:55.0,1.1/4,**,,,,,4-3-3-3,39.7,67.4,11,514(+2),,,,[東]菊沢隆徳,吉田勝己,,202306010709
11,7,14,ロジカルガール,牝7,56,秋山稔樹,1:55.4,2.1/2,**,,,,,13-13-12-14,39.5,492.4,16,486(0),,,,[東]大和田成,平川浩之,,202306010709
12,5,9,ユースフルラヴ,牝6,56,内田博幸,1:55.5,1/2,**,,,,,8-10-8-10,39.9,198.1,14,440(-4),,,,[東]辻哲英,吉田晴哉,,202306010709
13,6,12,ラボンダンス,牝6,56,三浦皇成,1:56.3,5,**,,,,,16-16-16-16,39.4,314.2,15,498(-10),,,,[西]橋口慎介,ノースヒルズ,,202306010709
14,1,1,プリーチトヤーン,牝4,55,横山琉人,1:56.6,2,**,,,,,2-2-2-2,41.5,19.5,5,474(+6),,,,[東]斎藤誠,高瀬真尚,,202306010709
15,8,15,ミアマンテ,牝6,56,バシュロ,1:56.8,1,**,,,,,8-7-5-5,41.4,52.1,9,454(+4),,,,[東]木村哲也,吉田勝己,,202306010709
16,8,16,セナリスト,牝5,56,ルメール,1:57.3,3,**,,,,,5-5-5-7,41.9,31.4,6,468(+10),,,,[東]金成貴史,サンデーレーシング,,202306010709
1,8,10,ゴーゴーユタカ,牡4,57,横山武史,1:48.9,,**,,,,,1-1-2-2,35.7,2.1,1,476(-6),,,,[東]武井亮,井山登,"1,575.2",202306010710
2,1,1,グランドライン,牡4,56,三浦皇成,1:49.0,1/2,**,,,,,2-4-5-4,35.5,4.0,3,540(-2),,,,[東]高木登,ラ・メール,627.2,202306010710
3,3,3,ミトロジー,セ7,56,バシュロ,1:49.0,ハナ,**,,,,,8-7-1-1,35.8,22.4,5,484(+6),,,,[東]尾関知人,シルクレーシング,393.6,202306010710
4,6,6,シンティレーション,牝4,54,ルメール,1:49.2,1.1/4,**,,,,,2-2-3-3,35.8,3.1,2,472(+14),,,,[東]池上昌和,シルクレーシング,230.0,202306010710
5,5,5,ヒューマンコメディ,牝6,54,柴田善臣,1:49.2,クビ,**,,,,,5-4-5-7,35.6,34.5,7,502(+2),,,,[東]水野貴広,野村茂雄,155.0,202306010710
6,4,4,ゲバラ,牡7,56,菅原明良,1:49.3,クビ,**,,,,,5-7-8-7,35.5,28.2,6,486(0),,,,[東]伊藤大士,ニッシンホールディングス,,202306010710
7,8,9,ヤマニンガラッシア,牡6,56,戸崎圭太,1:49.3,アタマ,**,,,,,5-4-5-4,35.8,9.0,4,456(+6),,,,[東]辻哲英,土井肇,,202306010710
8,2,2,ブラックデビル,セ8,54,秋山稔樹,1:49.4,1/2,**,,,,,2-2-3-4,36.0,148.9,8,478(+6),,,,[東]中野栄治,岡田壮史,,202306010710
9,7,8,サイモンルモンド,セ6,54,吉田豊,1:49.6,1.1/4,**,,,,,9-9-9-9,35.5,203.0,9,464(+4),,,,[東]小桧山悟,澤田昭紀,,202306010710
除,7,7,トランシルヴァニア,セ6,55,津村明秀,,,**,,,,,,,---,,520(+22),,,,[東]田中剛,サンデーレーシング,,202306010710
1,4,6,スルーセブンシーズ,牝5,56,バシュロ,2:01.0,,**,,,,,8-8-8-6,35.1,6.2,2,444(-10),,,,[東]尾関知人,キャロットファーム,"1,870.1",202306010711
2,4,5,ルドヴィクス,牡5,56,菅原明良,2:01.2,1.1/2,**,,,,,5-5-5-3,35.6,27.4,8,526(+10),,,,[東]久保田貴,村木克子,748.6,202306010711
3,6,9,パラレルヴィジョン,牡4,56,ルメール,2:01.2,クビ,**,,,,,5-5-5-6,35.5,1.5,1,502(+4),,,,[東]国枝栄,キャロットファーム,464.3,202306010711
4,5,8,レインフロムヘヴン,牡5,57,横山和生,2:01.3,3/4,**,,,,,14-14-13-10,34.9,8.0,3,466(+6),,,,[東]堀宣行,社台レースホース,280.0,202306010711
5,3,3,ヘッズオアテールズ,牝5,55,三浦皇成,2:01.4,クビ,**,,,,,2-2-2-2,36.1,15.4,4,492(0),,,,[西]須貝尚介,社台レースホース,184.0,202306010711
6,7,12,タガノフィナーレ,牝4,52,吉田豊,2:01.8,2.1/2,**,,,,,3-2-3-3,36.3,99.8,11,502(-6),,,,[西]中村直也,八木良司,,202306010711
7,3,4,クライミングリリー,牝5,54,戸崎圭太,2:01.8,ハナ,**,,,,,11-11-13-13,35.5,23.6,7,472(+6),,,,[東]国枝栄,社台レースホース,,202306010711
8,7,11,スペシャルドラマ,牡5,55,津村明秀,2:02.0,1.1/2,**,,,,,8-8-8-8,36.1,152.5,13,518(0),,,,[東]宮田敬介,大塚亮一,,202306010711
9,6,10,ホウオウリアリティ,牡5,57,大野拓弥,2:02.0,ハナ,**,,,,,3-4-3-3,36.6,20.1,5,482(+2),,,,[東]高木登,小笹芳央,,202306010711
10,5,7,セブンデイズ,牡5,56,北村宏司,2:02.0,ハナ,**,,,,,11-11-11-13,35.8,170.4,14,498(+6),,,,[東]田中博康,前迫義幸,,202306010711
11,8,13,パープルレディー,牝5,53,丸田恭介,2:02.0,ハナ,**,,,,,11-11-11-12,35.8,38.3,9,426(+2),,,,[東]奥村武,井山登,,202306010711
12,2,2,ヴェイルネビュラ,セ5,56,石橋脩,2:02.0,ハナ,**,,,,,5-5-7-8,36.2,77.5,10,500(0),,,,[東]大竹正博,吉田勝己,,202306010711
13,1,1,カルリーノ,牡7,54,石川裕紀,2:02.5,2.1/2,**,,,,,8-10-10-10,36.5,149.0,12,520(0),,,,[東]高橋裕,Ｇリビエール・レーシング,,202306010711
14,8,14,オンリーオピニオン,牝4,53,横山武史,2:03.1,3.1/2,**,,,,,1-1-1-1,37.9,21.2,6,488(0),,,,[東]伊藤大士,サラブレッドクラブ・ラフィアン,,202306010711
1,7,12,ハイエスティーム,牝4,55,田辺裕信,2:15.4,,**,,,,,2-3-3-2,36.5,38.8,10,438(-2),,,,[東]金成貴史,社台レースホース,800.0,202306010712
2,4,5,イルチルコ,牝4,55,ルメール,2:15.5,3/4,**,,,,,2-3-3-4,36.6,2.8,1,490(+6),,,,[東]田村康仁,シルクレーシング,320.0,202306010712
3,7,11,ボンベール,牡7,58,内田博幸,2:15.5,ハナ,**,,,,,5-5-5-4,36.3,10.5,6,504(+6),,,,[東]辻哲英,木部厳生,200.0,202306010712
4,6,9,リニュー,牡4,57,戸崎圭太,2:15.6,クビ,**,,,,,10-9-8-7,36.2,10.3,5,444(+4),,,,[東]清水英克,コスモヴューファーム,120.0,202306010712
5,4,6,エバーハンティング,牝4,55,石川裕紀,2:15.6,クビ,**,,,,,9-9-10-10,36.0,23.5,8,410(-2),,,,[東]小島茂之,宇田豊,80.0,202306010712
6,3,3,イヴニングスター,牡4,57,横山武史,2:15.8,1.1/4,**,,,,,6-5-7-7,36.5,4.2,2,496(-10),,,,[東]戸田博文,村野康司,,202306010712
7,8,14,タイセイアーサー,牡5,57,永野猛蔵,2:15.9,1/2,**,,,,,10-9-5-4,36.8,45.2,11,482(0),,,,[東]斎藤誠,田中成奉,,202306010712
8,5,8,ザスリーサーティ,牡8,58,吉田豊,2:16.0,3/4,**,,,,,10-12-10-10,36.4,16.4,7,490(-2),,,,[東]尾形和幸,諸江幸祐,,202306010712
9,5,7,ゾロ,牡7,58,石橋脩,2:16.4,2.1/2,**,,,,,2-2-2-2,37.7,139.2,13,472(-2),,,,[東]小手川準,北山敏隆,,202306010712
10,1,1,タフトテソーロ,牡4,57,横山和生,2:16.5,3/4,**,,,,,14-14-13-13,35.8,9.1,4,462(-2),,,,[東]高木登,了徳寺健二ホールディングス,,202306010712
11,8,13,ゴーシェナイト,牡4,57,バシュロ,2:16.8,1.3/4,**,,,,,8-7-8-7,37.4,6.3,3,492(0),,,,[東]黒岩陽一,サンデーレーシング,,202306010712
12,3,4,ヴァンデスプワール,牝5,56,菅原明良,2:16.9,クビ,**,,,,,1-1-1-1,38.3,33.1,9,430(+10),,,,[東]高橋文雅,キャロットファーム,,202306010712
13,6,10,クロステック,牡4,57,武士沢友,2:16.9,クビ,**,,,,,13-13-12-12,37.0,265.2,14,480(+10),,,,[東]田中剛,社台レースホース,,202306010712
14,2,2,ビヨンドザリミット,牝4,53,小林脩斗,2:20.0,大,**,,,,,6-8-14-14,38.8,87.2,12,460(+2),,,,[東]武井亮,フィールドレーシング,,202306010712
1,7,14,フェイマスドクター,牡3,56,三浦皇成,1:12.6,,**,,,,,2-2,38.1,3.1,1,478(-2),,,,[東]中川公成,山崎康,550.0,202306010801
2,1,2,ルーチェステラーレ,牝3,54,戸崎圭太,1:12.7,3/4,**,,,,,1-1,38.4,5.3,3,460(+4),,,,[東]伊藤大士,大樹ファーム,220.0,202306010801
3,7,13,オコジュ,牝3,54,岩部純二,1:12.8,1/2,**,,,,,2-2,38.4,50.0,9,450(0),,,,[東]中野栄治,ミルファーム,140.0,202306010801
4,1,1,ゴットリープ,牡3,56,横山武史,1:12.9,アタマ,**,,,,,2-4,38.4,5.5,4,470(-2),,,,[東]栗田徹,今村明浩,83.0,202306010801
5,8,16,マーゴットバモス,牡3,56,丸田恭介,1:13.2,2,**,,,,,10-7,37.9,124.7,13,494(-8),,,,[東]伊坂重信,前田良平,55.0,202306010801
6,6,12,ファンタジスタ,牡3,56,杉原誠人,1:13.3,クビ,**,,,,,11-12,37.5,14.6,6,500(+8),,,,[東]宮田敬介,キャロットファーム,,202306010801
7,3,5,カイザーブリッツ,牡3,56,田辺裕信,1:13.4,1/2,**,,,,,9-7,38.2,3.5,2,488(-2),,,,[東]伊藤圭三,ライオンレースホース,,202306010801
8,8,15,ヤマタケアオイバラ,牡3,54,山田敬士,1:13.5,1/2,**,,,,,7-9,38.4,206.0,15,444(-2),,,,[東]萱野浩二,山中和子,,202306010801
9,6,11,エルフサイエン,牝3,52,横山琉人,1:13.5,クビ,**,,,,,6-6,38.7,12.5,5,438(+6),,,,[東]小島茂之,加藤徹,,202306010801
10,4,7,ラブルパイル,牡3,56,菊沢一樹,1:13.8,2,**,,,,,11-11,38.0,136.1,14,446(+8),,,,[東]清水英克,田頭勇貴,,202306010801
11,2,4,ヘイワ,牡3,56,石川裕紀,1:13.8,ハナ,**,,,,,14-13,37.8,93.8,11,436(+4),,,,[東]金成貴史,井高義光,,202306010801
12,2,3,フエルテテソーロ,牝3,54,木幡巧也,1:14.1,1.1/2,**,,,,,5-4,39.5,46.2,8,464(-6),,,,[東]稲垣幸雄,了徳寺健二ホールディングス,,202306010801
13,3,6,グランフォーブル,牡3,56,Ｍ．デム,1:14.1,クビ,**,,,,,16-16,37.6,28.9,7,462(-2),,,,[東]土田稔,飯田訓大,,202306010801
14,4,8,テイエムリオンディ,牡3,56,武士沢友,1:14.5,2,**,,,,,15-15,38.3,97.8,12,502(+12),,,,[東]石栗龍彦,竹園正繼,,202306010801
15,5,9,ショウリノシナリオ,牡3,55,秋山稔樹,1:14.6,3/4,**,,,,,7-9,39.5,260.6,16,490(+20),,,,[東]根本康広,福田光博,,202306010801
16,5,10,ネオスウィープ,牝3,53,永野猛蔵,1:15.4,5,**,,,,,11-13,39.6,71.7,10,408(-4),,,,[東]鈴木伸尋,西田俊二,,202306010801
1,7,12,フェブランシェ,牝3,54,坂井瑠星,1:55.3,,**,,,,,2-2-2-2,38.9,3.4,1,526(+8),,,,[東]黒岩陽一,キャロットファーム,550.0,202306010802
2,2,2,エンジェルラウンド,牝3,54,ルメール,1:56.4,7,**,,,,,3-3-5-4,39.6,8.5,5,440(0),,,,[東]新開幸一,吉田勝己,220.0,202306010802
3,6,10,ナックダンス,牝3,54,木幡巧也,1:56.7,1.1/2,**,,,,,3-3-3-3,40.2,7.9,4,484(0),,,,[東]杉浦宏昭,小松欣也,140.0,202306010802
4,2,3,ルルシュシュ,牝3,54,戸崎圭太,1:56.8,1/2,**,,,,,8-8-10-10,39.4,6.0,2,498(+8),,,,[東]金成貴史,Ｇリビエール・レーシング,83.0,202306010802
5,5,9,テンホワイトラブ,牝3,54,田辺裕信,1:56.9,1/2,**,,,,,6-5-1-1,40.5,8.6,6,504(-2),,,,[東]小西一男,天白泰司,55.0,202306010802
6,4,6,ビーティングハート,牝3,54,丸田恭介,1:57.1,1,**,,,,,9-9-8-6,39.9,6.3,3,450(-10),,,,[東]嘉藤貴行,藤本栄史,,202306010802
7,3,4,ブレードランナー,牝3,54,大野拓弥,1:57.3,1.1/4,**,,,,,13-13-11-11,39.7,18.5,8,454(-2),,,,[東]尾関知人,田頭勇貴,,202306010802
8,8,14,ニシノツキアカリ,牝3,54,武藤雅,1:57.6,2,**,,,,,11-12-11-9,40.0,138.3,13,466(-2),,,,[東]水野貴広,西山茂行,,202306010802
9,5,8,ラブウェイ,牝3,53,秋山稔樹,1:57.7,1/2,**,,,,,15-15-15-13,39.5,180.9,14,422(-12),,,,[東]和田雄二,増田陽一,,202306010802
10,7,13,ジューンリリー,牝3,53,永野猛蔵,1:58.2,3,**,,,,,6-5-5-4,41.4,111.1,12,452(+2),,,,[東]堀内岳志,手嶋美季,,202306010802
11,3,5,ワクワクルンルン,牝3,54,柴田大知,1:58.8,3.1/2,**,,,,,1-1-8-11,41.6,102.7,11,452(+4),,,,[東]畠山吉宏,ローレルレーシング,,202306010802
12,1,1,シンプルガール,牝3,54,菅原隆一,1:58.9,3/4,**,,,,,11-11-11-14,41.3,423.8,15,424(-8),,,,[東]小野次郎,小川眞査雄,,202306010802
13,8,15,ネイビー,牝3,54,菅原明良,1:59.2,2,**,,,,,5-5-5-6,42.5,21.3,9,484(0),,,,[東]国枝栄,飯田正剛,,202306010802
14,6,11,エルフォルク,牝3,54,石橋脩,2:00.6,8,**,,,,,14-14-3-6,44.0,28.4,10,430(-2),,,,[東]中舘英二,キャロットファーム,,202306010802
15,4,7,エンジェリックアイ,牝3,54,津村明秀,2:07.4,大,**,,,,,9-9-11-15,49.8,9.4,7,482(+4),,,,[東]牧光二,社台レースホース,,202306010802
1,2,4,ヒューゴ,牡3,56,バシュロ,1:56.0,,**,,,,,6-6-7-9,39.1,1.9,1,466(-2),,,,[東]加藤征弘,林正道,550.0,202306010803
2,2,3,アクションプラン,牡3,55,秋山稔樹,1:56.3,1.3/4,**,,,,,3-3-4-4,39.7,6.4,3,496(-2),,,,[東]池上昌和,関田光男,220.0,202306010803
3,3,6,ペイシャハーメルン,牡3,56,江田照男,1:57.0,4,**,,,,,12-13-12-9,39.9,462.5,16,462(0),,,,[東]蛯名利弘,北所直人,140.0,202306010803
4,6,11,デスティノ,牡3,56,戸崎圭太,1:57.3,1.1/2,**,,,,,3-3-2-2,40.8,10.6,4,540(-4),,,,[東]田島俊明,Ｇリビエール・レーシング,83.0,202306010803
5,1,1,サイレントウィンド,牡3,56,北村宏司,1:57.3,クビ,**,,,,,16-16-10-9,40.3,16.1,5,506(+8),,,,[東]木村哲也,ゴドルフィン,55.0,202306010803
6,6,12,アッティラ,牡3,54,横山琉人,1:57.4,1/2,**,,,,,15-15-16-13,40.0,142.7,12,446(0),,,,[東]相沢郁,高瀬真尚,,202306010803
7,3,5,インテンスシチー,牡3,56,柴田大知,1:57.5,クビ,**,,,,,5-5-6-4,40.8,84.0,11,490(-2),,,,[東]和田雄二,友駿ホースクラブ,,202306010803
8,8,16,オボッチャマ,牡3,56,津村明秀,1:57.7,1.1/4,**,,,,,8-6-4-2,41.1,24.3,7,490(0),,,,[東]武市康男,村田哲朗,,202306010803
9,8,15,コレクテイニア,牡3,56,ルメール,1:57.9,1.1/4,**,,,,,12-12-7-4,41.1,4.1,2,476(-2),,,,[東]戸田博文,Ｇ１レーシング,,202306010803
10,5,10,ジラソーレ,牝3,53,永野猛蔵,1:58.3,2.1/2,**,,,,,8-9-10-12,41.3,75.8,10,492(0),,,,[東]大和田成,村野康司,,202306010803
11,4,7,タイセイドクター,牡3,56,大野拓弥,1:58.4,クビ,**,,,,,6-6-7-4,41.6,40.6,8,494(-6),,,,[東]新開幸一,田中成奉,,202306010803
12,7,13,シュンコッチャン,牡3,56,吉田豊,1:58.9,3,**,,,,,14-13-13-15,41.7,186.9,13,438(-4),,,,[東]小野次郎,矢野琢也,,202306010803
13,7,14,ハットグットゲット,牡3,56,木幡巧也,1:59.0,1,**,,,,,1-1-1-1,42.7,44.6,9,536(+4),,,,[東]杉浦宏昭,小林善一,,202306010803
14,1,2,テイエムジンハク,牡3,56,菊沢一樹,1:59.1,1/2,**,,,,,8-9-13-13,41.9,305.6,15,524(-4),,,,[東]石栗龍彦,竹園正繼,,202306010803
15,4,8,ベンハー,牡3,56,菅原明良,1:59.2,クビ,**,,,,,8-9-13-15,42.0,216.5,14,508(-2),,,,[東]高木登,小菅定雄,,202306010803
16,5,9,サラサビーザベスト,牡3,56,坂井瑠星,2:02.2,大,**,,,,,2-2-2-4,45.7,21.5,6,464(-10),,,,[東]村田一誠,横井良明,,202306010803
1,5,10,カンザシ,牝4,56,横山武史,1:11.1,,**,,,,,2-2,37.4,8.4,6,496(+8),,,,[東]宮田敬介,嶋田賢,800.0,202306010804
2,2,3,インコントラーレ,牡4,58,三浦皇成,1:11.1,クビ,**,,,,,1-1,37.6,2.8,1,524(+18),,,,[東]菊沢隆徳,高瀬正志,320.0,202306010804
3,2,4,スマイルアップ,牝4,56,内田博幸,1:11.3,1,**,,,,,4-3,37.5,34.2,8,452(0),,,,[東]萱野浩二,馬目卓,200.0,202306010804
4,6,12,ヴァンデリオン,牡6,58,Ｍ．デム,1:11.6,2,**,,,,,4-5,37.7,8.3,5,498(+2),,,,[東]根本康広,サザンホールディング,120.0,202306010804
5,4,8,トーアスカーレット,牝4,56,菊沢一樹,1:11.7,クビ,**,,,,,13-12,36.4,7.9,3,480(0),,,,[東]勢司和浩,高山ランド,80.0,202306010804
6,7,13,カリカ,牝4,56,吉田豊,1:11.8,1/2,**,,,,,13-12,36.5,45.7,9,490(0),,,,[東]小西一男,平岡茂樹,,202306010804
7,8,15,ビーマイベイビー,牝5,56,杉原誠人,1:12.1,1.3/4,**,,,,,2-3,38.4,60.9,10,452(0),,,,[東]加藤和宏,ミルファーム,,202306010804
8,6,11,パイツィーレン,牝4,56,津村明秀,1:12.1,クビ,**,,,,,7-6,37.9,8.1,4,458(+6),,,,[東]鈴木伸尋,ウエスト．フォレスト．ステイブル,,202306010804
9,1,1,カツノサンキュウ,牡5,58,江田照男,1:12.1,ハナ,**,,,,,9-8,37.5,108.6,12,498(+2),,,,[東]萱野浩二,聖心台牧場,,202306010804
10,5,9,エコロブラスト,牡5,58,石橋脩,1:12.2,クビ,**,,,,,11-9,37.2,104.8,11,504(-6),,,,[東]矢野英一,原村正紀,,202306010804
11,3,5,チアフルローズ,牝7,56,武藤雅,1:12.3,1/2,**,,,,,15-15,36.7,221.9,15,482(-2),,,,[東]水野貴広,ディアレストクラブ,,202306010804
12,3,6,ワイルドアイズ,牝4,54,横山琉人,1:12.7,2.1/2,**,,,,,10-9,38.0,122.5,13,470(-19),,,,[東]清水英克,ノルマンディーサラブレッドレーシング,,202306010804
13,7,14,トーセンニック,牡5,58,横山和生,1:12.7,クビ,**,,,,,4-6,38.8,4.2,2,478(+4),,,,[東]田村康仁,島川隆哉,,202306010804
14,1,2,ミツカネムーン,牝4,56,木幡巧也,1:13.7,6,**,,,,,12-12,38.6,129.0,14,448(+18),,,,[東]清水英克,小山田満,,202306010804
15,8,16,マイネルバッカーノ,牡7,58,岩部純二,1:15.8,大,**,,,,,16-16,40.0,494.3,16,500(-8),,,,[東]南田美知,Ｍｒ．ホース,,202306010804
16,4,7,ブエナベントゥーラ,牡5,58,ルメール,1:15.9,3/4,**,,,,,7-9,41.6,14.3,7,536(+2),,,,[東]堀宣行,サンデーレーシング,,202306010804
1,7,12,ペリプルス,牡3,56,柴田大知,2:16.2,,**,,,,,13-13-10-7,36.0,53.3,9,438(0),,,,[東]佐藤吉勝,ビッグレッドファーム,550.0,202306010805
2,8,14,ヤングローゼス,セ3,56,バシュロ,2:16.3,1/2,**,,,,,3-3-2-2,37.1,2.0,1,500(-2),,,,[東]手塚貴久,藤田晋,220.0,202306010805
3,1,1,ロジシルバー,牝3,54,内田博幸,2:16.5,1.1/2,**,,,,,6-6-6-6,36.8,6.9,3,496(0),,,,[東]宮田敬介,久米田正明,140.0,202306010805
4,5,8,グリーングラシア,牡3,56,木幡巧也,2:16.7,1.1/4,**,,,,,7-7-5-5,37.2,10.9,5,492(+2),,,,[東]武市康男,矢野恭裕,83.0,202306010805
5,2,2,キラメクホシ,牡3,56,杉原誠人,2:16.8,1/2,**,,,,,10-10-10-9,36.6,16.8,7,458(0),,,,[東]伊藤大士,ミルファーム,55.0,202306010805
6,6,11,ビギドリ,牝3,51,西塚洸二,2:16.9,クビ,**,,,,,8-8-9-9,36.9,179.9,12,466(-2),,,,[東]武井亮,ＴＳレーシング,,202306010805
7,7,13,ロコルルハーツ,牡3,56,丸田恭介,2:17.1,1.1/4,**,,,,,3-3-4-3,37.7,121.5,11,476(+8),,,,[東]大竹正博,佐々木幸弘,,202306010805
8,4,6,ボールドステート,牡3,55,永野猛蔵,2:17.1,ハナ,**,,,,,1-1-1-1,38.0,4.4,2,472(-2),,,,[東]尾形和幸,増田陽一,,202306010805
9,5,9,ピーターサイト,牡3,56,坂井瑠星,2:17.1,クビ,**,,,,,11-12-13-11,36.5,57.0,10,472(+18),,,,[東]村田一誠,ノースヒルズ,,202306010805
10,3,5,フクシマブルース,牝3,54,嶋田純次,2:17.3,1.1/4,**,,,,,11-10-7-7,37.4,444.4,15,406(-8),,,,[東]石毛善彦,西本資史,,202306010805
11,6,10,ルーフォン,牝3,54,横山和生,2:17.7,2.1/2,**,,,,,14-14-14-14,36.5,41.3,8,448(0),,,,[東]蛯名正義,ＮＩＣＫＳ,,202306010805
12,3,4,コトブキヘスペラス,牡3,56,江田照男,2:18.3,3.1/2,**,,,,,9-8-12-13,37.9,216.1,14,462(+6),,,,[東]金成貴史,尾上松壽,,202306010805
13,4,7,キャラメルシフォン,牝3,54,三浦皇成,2:19.2,5,**,,,,,5-5-7-12,39.3,13.6,6,476(-4),,,,[東]林徹,保坂和孝,,202306010805
14,8,15,シュマンドロワ,牡3,56,岩田康誠,2:19.5,2,**,,,,,2-2-2-3,40.4,10.8,4,462(-4),,,,[東]奥村武,ノルマンディーサラブレッドレーシング,,202306010805
15,2,3,ウインペルセ,牡3,56,津村明秀,2:24.8,大,**,,,,,14-15-15-15,42.4,193.6,13,464(+2),,,,[東]金成貴史,ウイン,,202306010805
1,7,13,ピクシレーション,牝3,54,横山武史,2:05.7,,**,,,,,8-7-6-6,34.8,3.7,2,468(0),,,,[東]菊沢隆徳,社台レースホース,620.0,202306010806
2,7,14,ダールフルート,牡3,56,大野拓弥,2:06.0,1.1/2,**,,,,,3-3-3-3,35.4,3.3,1,524(0),,,,[東]高木登,ヒダカ・ブリーダーズ・ユニオン,250.0,202306010806
3,8,15,クラウンモチーフ,牝3,54,菅原明良,2:06.5,3,**,,,,,5-5-4-3,35.8,15.9,7,412(0),,,,[東]高木登,シルクレーシング,160.0,202306010806
4,8,17,オブリクア,牝3,54,柴田大知,2:06.7,1.1/4,**,,,,,4-4-6-6,35.9,71.8,15,454(0),,,,[東]萩原清,ノースヒルズ,93.0,202306010806
5,2,4,マオノアラシ,牡3,56,戸崎圭太,2:06.7,クビ,**,,,,,5-7-8-8,35.6,6.3,3,496(0),,,,[東]加藤士津,湯浅健司,62.0,202306010806
6,5,9,パヴァーヌ,牝3,54,嶋田純次,2:06.7,クビ,**,,,,,2-2-2-2,36.4,109.5,16,444(0),,,,[東]大和田成,栗坂崇,,202306010806
7,6,12,フォスティーヌ,牝3,54,吉田豊,2:06.8,1/2,**,,,,,11-10-8-8,35.7,10.5,4,436(0),,,,[東]戸田博文,吉田照哉,,202306010806
8,1,1,ヒーリングアート,牝3,54,坂井瑠星,2:06.8,ハナ,**,,,,,8-9-8-10,35.7,13.4,5,500(0),,,,[東]鹿戸雄一,村野康司,,202306010806
9,5,10,レッドルキフェル,牡3,56,内田博幸,2:06.9,1/2,**,,,,,14-15-15-13,35.0,28.3,9,444(0),,,,[東]田中博康,東京ホースレーシング,,202306010806
10,2,3,ブルーエンジェルス,牝3,54,杉原誠人,2:06.9,クビ,**,,,,,5-5-4-5,36.2,15.9,6,486(0),,,,[東]加藤士津,ターフ・スポート,,202306010806
11,3,6,シンガーズバラッド,牡3,55,永野猛蔵,2:06.9,クビ,**,,,,,16-16-16-13,34.8,41.6,11,456(0),,,,[東]村田一誠,コスモヴューファーム,,202306010806
12,1,2,ゼファーブラウン,牡3,56,岩田康誠,2:07.0,1/2,**,,,,,12-12-11-11,35.6,20.6,8,502(0),,,,[東]中川公成,吉井盛治,,202306010806
13,3,5,リネンデイジー,牝3,54,菊沢一樹,2:07.1,クビ,**,,,,,14-13-14-11,35.3,52.5,14,458(0),,,,[東]粕谷昌央,戸山昌彦,,202306010806
14,6,11,ウテナ,牝3,54,武藤雅,2:07.1,クビ,**,,,,,8-10-11-13,35.6,46.2,13,404(0),,,,[東]田島俊明,林弘之,,202306010806
15,8,16,レブロン,牡3,54,小林脩斗,2:07.2,1/2,**,,,,,1-1-1-1,37.0,38.1,10,478(0),,,,[東]天間昭一,ビッグレッドファーム,,202306010806
16,4,7,ティエラ,牝3,54,横山和生,2:07.6,2.1/2,**,,,,,12-13-13-13,35.9,44.5,12,434(0),,,,[東]小野次郎,清宮義男,,202306010806
17,4,8,ヤマニンアルマーレ,牝3,54,伊藤工真,2:08.7,7,**,,,,,16-16-17-17,36.5,134.0,17,436(0),,,,[東]蛯名利弘,土井肇,,202306010806
1,7,10,クインズミモザ,牝5,56,石川裕紀,1:55.0,,**,,,,,12-12-12-11,36.7,2.5,1,512(-2),,,,[東]池上昌和,ケイアイスタリオン,800.0,202306010807
2,3,3,アイソウザスター,牝5,54,横山琉人,1:55.0,クビ,**,,,,,4-4-5-3,37.7,10.6,5,492(+2),,,,[東]小笠倫弘,吉岡泰治,320.0,202306010807
3,6,8,フミチャン,牝5,56,三浦皇成,1:55.1,3/4,**,,,,,10-10-1-1,38.3,4.3,2,488(+2),,,,[東]鹿戸雄一,林文彦,200.0,202306010807
4,8,13,クーシフォン,牝4,55,津村明秀,1:55.4,1.3/4,**,,,,,3-3-4-3,38.2,14.6,6,464(+2),,,,[東]牧光二,水上行雄,120.0,202306010807
5,5,6,ジューンポンポン,牝4,55,横山和生,1:55.5,1/2,**,,,,,2-2-2-2,38.7,4.3,3,480(+6),,,,[東]和田勇介,吉川潤,80.0,202306010807
6,8,12,ジェイエルフラッグ,牝7,54,小林脩斗,1:56.0,2.1/2,**,,,,,7-6-7-6,38.5,345.0,13,450(+2),,,,[東]小西一男,橋元幸人,,202306010807
7,7,11,ビーマイセルフ,牝5,56,嶋田純次,1:56.1,1,**,,,,,7-6-8-10,38.4,23.5,7,476(-2),,,,[東]萱野浩二,ミルファーム,,202306010807
8,4,5,ハローサブリナ,牝4,55,菅原明良,1:56.2,クビ,**,,,,,12-12-5-6,38.8,27.5,8,530(+2),,,,[東]黒岩陽一,小林誠,,202306010807
9,1,1,イエローウィン,牝4,55,木幡巧也,1:56.3,1/2,**,,,,,10-10-8-8,38.6,10.3,4,472(-2),,,,[東]菊川正達,平川浩之,,202306010807
10,2,2,チャーチャンテン,牝5,53,西塚洸二,1:57.1,5,**,,,,,6-6-11-11,39.1,296.7,12,426(-2),,,,[東]大江原哲,田頭勇貴,,202306010807
11,6,9,サイモンポーリア,牝5,56,Ｍ．デム,1:57.4,1.3/4,**,,,,,5-4-8-8,39.7,45.3,9,474(+4),,,,[東]根本康広,澤田昭紀,,202306010807
12,5,7,ニシノミズカゼ,牝5,55,永野猛蔵,1:58.5,7,**,,,,,7-9-12-13,40.3,49.9,10,490(-4),,,,[東]根本康広,西山茂行,,202306010807
13,4,4,ソリッドグロウ,牝4,55,坂井瑠星,2:01.0,大,**,,,,,1-1-2-5,44.2,56.0,11,454(+12),,,,[東]池上昌和,サンデーレーシング,,202306010807
1,4,7,ウラカワノキセキ,牝4,56,戸崎圭太,1:10.9,,**,,,,,2-2,36.7,12.1,4,460(+4),,,,[東]田島俊明,ライオンレースホース,"1,140.0",202306010808
2,7,13,ドリームビリーバー,牡4,58,ルメール,1:11.1,1.1/2,**,,,,,3-2,36.8,2.5,1,468(+2),,,,[東]戸田博文,平井裕,460.0,202306010808
3,8,15,サザンエルフ,牝4,56,菅原明良,1:11.2,1/2,**,,,,,4-4,36.8,6.2,3,464(-2),,,,[東]中川公成,多田賢司,290.0,202306010808
4,2,4,ロードミッドナイト,牡5,58,バシュロ,1:11.3,クビ,**,,,,,4-4,36.9,13.4,5,536(+2),,,,[東]田中博康,ロードホースクラブ,170.0,202306010808
5,7,14,ロレンツォ,牡5,58,石川裕紀,1:11.3,クビ,**,,,,,15-15,35.8,18.9,7,478(+2),,,,[東]加藤征弘,丸山担,114.0,202306010808
6,1,2,バーンパッション,牡6,58,津村明秀,1:11.7,2.1/2,**,,,,,12-11,36.6,113.5,13,494(0),,,,[東]中川公成,岡田牧雄,,202306010808
7,4,8,ブルースコード,牡5,57,永野猛蔵,1:11.8,1/2,**,,,,,4-4,37.4,23.3,9,492(+2),,,,[東]伊藤圭三,ビクトリーホースランチ,,202306010808
8,3,6,クロッチ,セ6,58,木幡巧也,1:11.9,クビ,**,,,,,9-8,37.2,184.2,14,460(+4),,,,[東]杉浦宏昭,リトルブルーファーム,,202306010808
9,1,1,レイテントロアー,牡6,58,杉原誠人,1:11.9,クビ,**,,,,,12-11,36.9,26.2,10,488(-6),,,,[東]嘉藤貴行,矢野秀春,,202306010808
10,5,9,パイプライン,セ6,58,Ｍ．デム,1:12.1,1.1/4,**,,,,,7-7,37.6,3.9,2,492(+2),,,,[東]田中剛,青山洋一,,202306010808
11,3,5,フィアレスハート,セ6,56,小林脩斗,1:12.2,1/2,**,,,,,16-16,36.2,250.4,15,498(+6),,,,[東]小手川準,社台レースホース,,202306010808
12,5,10,ゴールドクロス,牡8,58,田辺裕信,1:12.5,2,**,,,,,9-8,37.7,53.0,11,500(0),,,,[東]小西一男,河内孝夫,,202306010808
13,6,11,クロノフルール,牝5,56,三浦皇成,1:12.7,1,**,,,,,12-11,37.7,72.2,12,506(+4),,,,[東]高柳瑞樹,明栄商事,,202306010808
14,8,16,ストリートピアノ,牝6,56,丸田恭介,1:12.8,3/4,**,,,,,7-8,38.2,260.0,16,470(+2),,,,[東]武藤善則,高橋文男,,202306010808
15,6,12,トウカイファクター,牡4,58,田中勝春,1:12.9,1/2,**,,,,,9-14,38.1,16.3,6,462(-10),,,,[東]菊川正達,内村正則,,202306010808
16,2,3,トラストパッキャオ,牝4,56,大野拓弥,1:14.2,8,**,,,,,1-1,40.1,22.3,8,464(0),,,,[東]高木登,菅波雅巳,,202306010808
1,2,2,パクスオトマニカ,牡3,56,横山武史,1:48.1,,**,,,,,1-1-1-1,35.5,5.6,4,478(-2),,,,[東]久保田貴,窪田芳郎,"1,093.1",202306010809
2,4,4,ショウナンアレクサ,牡3,56,岩田康誠,1:48.4,1.1/2,**,,,,,4-4-3-3,35.4,7.4,5,484(+10),,,,[西]清水久詞,国本哲秀,436.6,202306010809
3,5,5,ネイビースター,牡3,56,バシュロ,1:48.8,2.1/2,**,,,,,7-7-6-5,35.2,4.9,3,542(+18),,,,[東]林徹,保坂和孝,273.3,202306010809
4,7,8,マイネルカーライル,牡3,56,柴田大知,1:49.0,1.1/2,**,,,,,2-2-2-2,36.3,63.0,8,488(-2),,,,[西]西園正都,サラブレッドクラブ・ラフィアン,160.0,202306010809
5,8,9,レッドロスタム,牡3,56,ルメール,1:49.1,クビ,**,,,,,3-3-3-3,36.0,4.7,2,498(-4),,,,[東]国枝栄,東京ホースレーシング,107.0,202306010809
6,7,7,スズハローム,牡3,56,戸崎圭太,1:49.4,2,**,,,,,6-6-6-7,35.7,2.2,1,460(+4),,,,[東]高橋裕,森達郎,,202306010809
7,3,3,トーセントラム,牡3,56,田中勝春,1:49.4,ハナ,**,,,,,10-10-10-8,35.1,25.8,6,438(+4),,,,[東]小桧山悟,島川隆哉,,202306010809
8,6,6,オリオンネビュラ,牡3,56,菅原明良,1:50.1,4,**,,,,,4-4-5-6,36.7,53.1,7,464(+12),,,,[西]橋口慎介,Ｇ１レーシング,,202306010809
9,8,10,コンチトーホク,牡3,56,北村宏司,1:50.3,1.1/4,**,,,,,8-8-8-8,36.3,188.3,10,478(+26),,,,[東]勢司和浩,九十九章之,,202306010809
10,1,1,トーセンウォルト,牡3,56,横山和生,1:50.3,アタマ,**,,,,,9-9-8-8,36.2,175.8,9,454(-4),,,,[東]小桧山悟,島川隆哉,,202306010809
1,6,11,ジャスパーゴールド,牡5,58,横山和生,1:10.9,,**,,,,,2-3,37.0,20.7,9,470(+6),,,,[西]森秀行,加藤和夫,"1,874.3",202306010810
2,3,5,ホワイトガーベラ,牡4,58,石橋脩,1:11.3,2,**,,,,,2-2,37.4,6.1,3,502(0),,,,[東]高橋裕,楠本勝美,749.8,202306010810
3,4,8,ヴァリアント,牡7,58,坂井瑠星,1:11.3,クビ,**,,,,,11-8,36.5,5.2,2,484(-6),,,,[西]茶木太樹,カナヤマホールディングス,464.9,202306010810
4,2,3,エリモグリッター,セ6,58,内田博幸,1:11.4,クビ,**,,,,,8-8,36.8,26.0,10,486(+6),,,,[東]中野栄治,山本三津子,280.0,202306010810
5,5,10,グルアーブ,牝6,56,津村明秀,1:11.4,アタマ,**,,,,,5-4,37.2,67.7,13,444(+4),,,,[東]林徹,ノルマンディーサラブレッドレーシング,184.0,202306010810
6,7,13,ニューフロンティア,牡5,58,横山武史,1:11.4,クビ,**,,,,,8-6,36.9,4.1,1,496(+4),,,,[西]田中克典,平井裕,,202306010810
7,1,1,サイファーシチー,牡5,58,永野猛蔵,1:11.6,1.1/4,**,,,,,1-1,37.7,11.6,7,494(-2),,,,[東]伊藤圭三,友駿ホースクラブ,,202306010810
8,2,4,シゲルヒラトリ,牡5,58,柴田善臣,1:11.7,クビ,**,,,,,13-13,36.8,59.0,11,492(+2),,,,[東]水野貴広,森中啓子,,202306010810
9,6,12,キタノブレイド,牡4,58,菅原明良,1:11.7,ハナ,**,,,,,11-12,37.0,8.1,4,466(+6),,,,[東]萱野浩二,北所直人,,202306010810
10,5,9,テンテキセンセキ,牡6,58,石川裕紀,1:11.8,1/2,**,,,,,14-13,36.8,130.4,15,476(+24),,,,[西]松永昌博,岡田牧雄,,202306010810
11,1,2,レッドランサー,牡8,58,武藤雅,1:11.9,1/2,**,,,,,5-6,37.6,260.9,16,474(0),,,,[東]稲垣幸雄,東京ホースレーシング,,202306010810
12,8,15,マーチリリー,牝5,56,バシュロ,1:12.0,3/4,**,,,,,4-5,37.9,8.4,5,492(-4),,,,[西]牧浦充徳,手嶋美季,,202306010810
13,4,7,スーパーアキラ,牡8,58,江田照男,1:12.5,3,**,,,,,16-15,37.1,66.2,12,526(+2),,,,[東]矢野英一,井山登,,202306010810
14,7,14,トライハード,牝6,56,北村宏司,1:12.6,1/2,**,,,,,14-15,37.5,105.1,14,490(+2),,,,[西]小林真也,長谷川光司,,202306010810
15,3,6,ライフレッスンズ,牡6,58,戸崎圭太,1:12.8,1.1/4,**,,,,,8-8,38.2,8.8,6,512(+16),,,,[東]国枝栄,金子真人ホールディングス,,202306010810
16,8,16,ミエノワールド,牡6,58,ルメール,1:14.0,7,**,,,,,5-8,39.7,16.1,8,516(+4),,,,[西]西園正都,里見美惠子,,202306010810
1,3,4,ノースブリッジ,牡5,57,岩田康誠,2:13.5,,**,**,**,**,**,4-4-4-3,34.8,8.6,4,496(+4),,,,[東]奥村武,井山登,"6,298.0",202306010811
2,6,9,エヒト,牡6,57,田中勝春,2:13.6,3/4,**,**,**,**,**,10-10-11-10,34.4,13.6,5,470(+8),,,,[西]森秀行,平井裕,"2,528.0",202306010811
3,4,6,ユーバーレーベン,牝5,55,Ｍ．デム,2:13.7,3/4,**,**,**,**,**,11-11-4-3,34.9,8.0,3,478(+2),,,,[東]手塚貴久,サラブレッドクラブ・ラフィアン,"1,614.0",202306010811
4,8,14,ラーゴム,牡5,57,バシュロ,2:13.9,3/4,**,**,**,**,**,7-4-2-2,35.4,35.0,8,526(-2),,,,[西]斉藤崇史,林正道,930.0,202306010811
5,6,10,ガイアフォース,牡4,57,ルメール,2:14.0,3/4,**,**,**,**,**,6-4-4-6,35.2,1.8,1,496(+2),,,,[西]杉山晴紀,ＫＲジャパン,620.0,202306010811
6,5,7,スタッドリー,牡5,57,坂井瑠星,2:14.0,ハナ,**,**,**,**,**,8-8-8-8,35.0,16.6,7,522(+2),,,,[西]奥村豊,シルクレーシング,,202306010811
7,8,13,アリストテレス,牡6,57,横山和生,2:14.4,2.1/2,**,**,**,**,**,12-12-11-11,35.2,59.7,10,484(0),,,,[西]音無秀孝,近藤英子,,202306010811
8,4,5,バビット,牡6,57,横山典弘,2:14.5,1/2,**,**,**,**,**,2-2-2-1,36.0,14.1,6,476(+14),,,,[西]浜田多実,宮田直也,,202306010811
9,1,1,レインカルナティオ,牡6,57,石川裕紀,2:14.7,1,**,**,**,**,**,13-13-13-14,35.2,53.9,9,500(-6),,,,[東]小西一男,サンデーレーシング,,202306010811
10,3,3,ブラックマジック,牡6,57,三浦皇成,2:14.8,3/4,**,**,**,**,**,8-8-8-8,35.9,66.2,11,460(+6),,,,[東]戸田博文,窪田芳郎,,202306010811
11,7,11,エピファニー,牡4,56,戸崎圭太,2:15.4,3.1/2,**,**,**,**,**,3-3-4-6,36.7,5.8,2,514(0),,,,[東]宮田敬介,シルクレーシング,,202306010811
12,7,12,レッドガラン,牡8,57,田辺裕信,2:15.8,2.1/2,**,**,**,**,**,14-14-13-13,36.3,85.9,12,520(0),,,,[西]安田隆行,東京ホースレーシング,,202306010811
13,2,2,シャムロックヒル,牝6,55,藤懸貴志,2:16.2,2.1/2,**,**,**,**,**,1-1-1-3,37.9,175.0,13,516(+4),,,,[西]佐々木晶,社台レースホース,,202306010811
14,5,8,オウケンムーン,牡8,57,北村宏司,2:16.2,ハナ,**,**,**,**,**,4-7-8-11,37.2,317.7,14,452(-2),,,,[東]岩戸孝樹,福井明,,202306010811
1,1,1,スリートップキズナ,牡5,57,永野猛蔵,1:34.9,,**,,,,,2-2-1,35.6,4.6,3,466(+2),,,,[東]伊藤圭三,永井商事,"1,140.0",202306010812
2,3,3,コミカライズ,牝6,56,田辺裕信,1:34.9,アタマ,**,,,,,9-9-6,34.6,5.6,4,476(-4),,,,[東]和田勇介,吉田照哉,460.0,202306010812
3,4,4,ディオスバリエンテ,セ5,58,大野拓弥,1:35.1,3/4,**,,,,,2-4-4,35.6,2.4,1,474(-2),,,,[東]堀宣行,キャロットファーム,290.0,202306010812
4,2,2,ニシノレバンテ,牡4,57,杉原誠人,1:35.3,1.1/2,**,,,,,5-4-4,35.7,23.9,6,494(+4),,,,[東]栗田徹,西山茂行,170.0,202306010812
5,6,6,エンギダルマ,牡4,57,横山武史,1:35.6,1.3/4,**,,,,,2-2-3,36.4,8.2,5,512(-4),,,,[東]手塚貴久,星野壽市,114.0,202306010812
6,7,7,レーヴドゥラプレリ,牝5,56,戸崎圭太,1:35.9,2,**,,,,,5-6-6,36.2,4.3,2,476(+12),,,,[東]宮田敬介,吉田勝己,,202306010812
7,5,5,ニシノオイカゼ,牡5,58,内田博幸,1:36.2,1.1/2,**,,,,,5-7-6,36.3,74.2,9,478(+2),,,,[東]武市康男,西山茂行,,202306010812
8,8,8,アップストリーム,牝5,56,武藤雅,1:36.7,3,**,,,,,8-7-9,36.8,47.3,8,476(+2),,,,[東]手塚貴久,下河辺隆行,,202306010812
9,8,9,トップキャスト,牝4,55,石橋脩,1:39.9,大,**,,,,,1-1-2,40.8,46.9,7,434(-4),,,,[西]高橋康之,Ｇ１レーシング,,202306010812
1,4,7,キープスマイリング,牝3,54,横山武史,1:55.8,,**,,,,,4-4-4-4,38.8,1.6,1,534(+6),,,,[東]武井亮,キャロットファーム,550.0,202306020101
2,7,13,レジュークレール,牝3,52,原優介,1:56.5,4,**,,,,,2-2-2-2,40.4,3.8,2,440(-2),,,,[東]青木孝文,山下貴,220.0,202306020101
3,1,1,プリュネルウィンク,牝3,54,田辺裕信,1:57.0,2.1/2,**,,,,,3-2-3-3,40.5,17.2,5,446(+4),,,,[東]中舘英二,嶋田賢,140.0,202306020101
4,6,12,ランスノーブル,牝3,54,内田博幸,1:57.7,4,**,,,,,7-6-7-5,40.2,8.6,3,438(-2),,,,[東]上原博之,佐々木基,83.0,202306020101
5,3,5,ロゴナンバーワン,牝3,54,菊沢一樹,1:57.8,クビ,**,,,,,13-13-11-11,39.5,115.1,11,446(0),,,,[東]小野次郎,イーデン産業,55.0,202306020101
6,8,16,エスジースパークル,牝3,54,三浦皇成,1:58.4,3.1/2,**,,,,,1-1-1-1,42.4,56.7,10,458(-6),,,,[東]鈴木慎太,後藤貞夫,,202306020101
7,8,15,アマソナ,牝3,54,大野拓弥,1:58.5,3/4,**,,,,,12-11-10-9,40.3,29.8,6,486(+8),,,,[東]高柳瑞樹,越村洋子,,202306020101
8,3,6,レッドリターン,牝3,54,江田照男,1:58.8,1.1/2,**,,,,,7-6-5-5,41.6,137.7,12,442(0),,,,[東]萱野浩二,紅露純,,202306020101
9,6,11,ブルーエンジェルス,牝3,54,杉原誠人,1:58.8,クビ,**,,,,,9-8-8-9,40.7,49.6,8,472(-14),,,,[東]加藤士津,ターフ・スポート,,202306020101
10,1,2,エターナルスノー,牝3,54,木幡巧也,1:58.9,クビ,**,,,,,9-8-8-8,40.8,48.8,7,426(+2),,,,[東]岩戸孝樹,ノルマンディーサラブレッドレーシング,,202306020101
11,2,4,シルヴァティカ,牝3,54,北村宏司,1:59.1,1.1/4,**,,,,,15-14-14-13,39.4,153.4,13,464(0),,,,[東]古賀慎明,グリーンファーム,,202306020101
12,4,8,カナデルアイ,牝3,54,武藤雅,1:59.1,クビ,**,,,,,11-11-11-11,40.7,258.0,14,462(-2),,,,[東]水野貴広,佐山元章,,202306020101
13,7,14,クローネウィルマ,牝3,54,菅原明良,2:00.1,6,**,,,,,5-5-6-7,42.7,13.8,4,426(0),,,,[東]萱野浩二,大樹ファーム,,202306020101
14,5,10,バーチャミ,牝3,53,永野猛蔵,2:03.5,大,**,,,,,15-14-14-14,43.7,462.5,16,432(+8),,,,[東]土田稔,諸岡慶,,202306020101
15,2,3,グリームクィーン,牝3,52,小林脩斗,2:03.7,1.1/4,**,,,,,5-8-13-15,44.9,348.9,15,444(+12),,,,[東]久保田貴,柳内光子,,202306020101
16,5,9,クレスティア,牝3,54,戸崎圭太,2:10.6,大,**,,,,,13-14-16-16,48.8,50.7,9,572(0),,,,[東]黒岩陽一,小島章義,,202306020101
1,3,6,カイザーブリッツ,牡3,55,永野猛蔵,1:11.8,,**,,,,,1-1,37.6,6.3,4,490(+2),,,,[東]伊藤圭三,ライオンレースホース,550.0,202306020102
2,4,8,リリージェーン,牝3,54,戸崎圭太,1:12.0,1.1/2,**,,,,,2-2,37.5,2.6,1,420(+2),,,,[東]小手川準,馬目時宗,220.0,202306020102
3,7,13,オメガキャプテン,牡3,56,菅原明良,1:12.6,3.1/2,**,,,,,2-3,38.0,8.0,5,458(-16),,,,[東]大和田成,原禮子,140.0,202306020102
4,2,3,イグニション,牡3,56,大野拓弥,1:13.5,5,**,,,,,6-4,38.7,37.7,7,478(+4),,,,[東]粕谷昌央,ノルマンディーサラブレッドレーシング,83.0,202306020102
5,4,7,フェルマータ,牡3,54,横山琉人,1:13.6,クビ,**,,,,,11-11,38.0,39.1,8,476(+8),,,,[東]田島俊明,野嶋祥二,55.0,202306020102
6,8,16,ダイシンカタナ,牡3,56,松岡正海,1:14.0,2.1/2,**,,,,,4-4,39.3,3.9,2,446(0),,,,[東]戸田博文,大八木信行,,202306020102
7,5,9,シンプルガール,牝3,54,菅原隆一,1:14.1,1/2,**,,,,,8-7,38.9,419.0,15,422(-2),,,,[東]小野次郎,小川眞査雄,,202306020102
8,5,10,コトノサンショ,牡3,56,武士沢友,1:14.2,クビ,**,,,,,13-12,38.4,442.5,16,478(+10),,,,[東]石栗龍彦,加藤興一,,202306020102
9,1,1,スイートレーヴ,牝3,54,岩部純二,1:14.2,クビ,**,,,,,4-4,39.5,154.4,11,458(0),,,,[東]石毛善彦,シンボリ牧場,,202306020102
10,8,15,ゼンリョクダンス,牝3,54,横山武史,1:14.6,2.1/2,**,,,,,6-7,39.8,5.8,3,434(-4),,,,[東]鈴木慎太,内田玄祥,,202306020102
11,6,12,スマイルスライヴ,牡3,56,津村明秀,1:14.9,1.1/2,**,,,,,8-9,39.7,49.1,9,464(-4),,,,[東]松山将樹,松野真一,,202306020102
12,3,5,マジックアワー,牡3,56,木幡巧也,1:15.0,1/2,**,,,,,8-9,39.7,18.6,6,432(-10),,,,[東]岩戸孝樹,田頭勇貴,,202306020102
13,2,4,ホームランダービー,牡3,56,江田照男,1:15.7,4,**,,,,,12-12,40.0,202.9,13,456(-10),,,,[東]的場均,三岡陽,,202306020102
14,1,2,アリアロマンティカ,牝3,54,杉原誠人,1:15.8,3/4,**,,,,,15-15,38.5,151.8,10,432(-2),,,,[東]伊藤大士,ヒダカ・ブリーダーズ・ユニオン,,202306020102
15,7,14,ダルマジュン,牝3,54,木幡育也,1:15.9,クビ,**,,,,,13-14,40.1,193.3,12,418(+8),,,,[東]大江原哲,ミルファーム,,202306020102
16,6,11,ダイノコクオウ,牡3,55,秋山稔樹,1:16.1,1.1/2,**,,,,,16-16,38.0,210.5,14,520(0),,,,[東]清水英克,町田武,,202306020102
1,8,16,ナスノカンゲツ,牡3,56,横山武史,1:56.3,,**,,,,,2-2-1-1,40.5,3.6,2,506(-8),,,,[東]武井亮,那須野牧場,550.0,202306020103
2,8,15,ステラデルシエロ,牡3,56,バシュロ,1:56.7,2.1/2,**,,,,,5-5-3-3,40.6,5.7,3,476(0),,,,[東]畠山吉宏,社台レースホース,220.0,202306020103
3,5,9,オールアルミュール,牡3,56,木幡巧也,1:56.8,1/2,**,,,,,8-8-6-4,40.0,45.1,8,516(+4),,,,[東]的場均,林勝宗,140.0,202306020103
4,6,12,ユイアングレイス,牡3,56,横山和生,1:57.2,2.1/2,**,,,,,12-13-10-9,39.7,11.8,4,452(-14),,,,[東]栗田徹,由比泉子,83.0,202306020103
5,3,5,フォードテソーロ,牡3,56,戸崎圭太,1:57.2,クビ,**,,,,,3-3-4-4,40.7,1.9,1,478(0),,,,[東]加藤士津,了徳寺健二ホールディングス,55.0,202306020103
6,4,8,ドラゴンヘッド,牡3,56,武藤雅,1:57.4,1.1/4,**,,,,,6-7-8-7,40.5,23.1,6,450(+2),,,,[東]武藤善則,杉山忠国,,202306020103
7,7,13,ファートム,牡3,54,原優介,1:57.7,2,**,,,,,15-15-14-13,39.4,123.5,12,474(-6),,,,[東]矢野英一,Ｇリビエール・レーシング,,202306020103
8,6,11,グランフォーブル,牡3,56,Ｍ．デム,1:57.7,クビ,**,,,,,1-1-2-2,41.9,84.8,9,464(+2),,,,[東]土田稔,飯田訓大,,202306020103
9,5,10,キタノクーヴェル,牡3,56,柴田大知,1:57.8,クビ,**,,,,,12-12-10-9,40.3,369.7,15,424(0),,,,[東]本間忍,北所直人,,202306020103
10,1,1,モンセラット,牝3,54,石川裕紀,1:58.2,2.1/2,**,,,,,6-6-4-4,41.7,100.7,11,470(-2),,,,[東]斎藤誠,大野富生,,202306020103
11,2,3,アクラシア,牡3,56,嶋田純次,1:58.5,2,**,,,,,8-8-8-7,41.5,318.0,14,490(-6),,,,[東]高橋文雅,ミルファーム,,202306020103
12,2,4,アニマルキリシマ,牡3,55,秋山稔樹,1:59.0,2.1/2,**,,,,,10-10-13-14,41.0,618.7,16,464(0),,,,[東]蛯名利弘,西村新一郎,,202306020103
13,7,14,ルージュアマルフィ,牝3,54,三浦皇成,2:00.2,7,**,,,,,3-3-6-11,43.4,31.1,7,484(+12),,,,[東]鹿戸雄一,東京ホースレーシング,,202306020103
14,1,2,リマスタリング,牝3,53,永野猛蔵,2:00.2,ハナ,**,,,,,10-10-10-11,42.8,22.7,5,486(-6),,,,[東]伊藤圭三,ゴドルフィン,,202306020103
15,4,7,ヘニーイクシード,牡3,56,江田照男,2:00.3,1/2,**,,,,,16-16-15-15,40.9,196.7,13,478(+2),,,,[東]田村康仁,大塚亮一,,202306020103
16,3,6,グランシャスール,牡3,56,内田博幸,2:00.3,ハナ,**,,,,,12-13-16-16,39.9,96.2,10,476(+2),,,,[東]奥村武,京都ホースレーシング,,202306020103
1,4,7,サウザンサニー,牡3,56,菊沢一樹,1:12.3,,**,,,,,2-2,37.7,13.5,5,512(+2),,,,[東]岩戸孝樹,千明牧場,550.0,202306020104
2,1,1,ストリートジャガー,牡3,56,津村明秀,1:12.6,1.3/4,**,,,,,1-1,38.1,5.0,3,482(-4),,,,[東]松山将樹,吉岡泰治,220.0,202306020104
3,5,9,クラウンブラヴォー,牡3,56,木幡巧也,1:12.9,1.3/4,**,,,,,5-5,37.9,15.3,6,490(-4),,,,[東]牧光二,クラウン,140.0,202306020104
4,4,8,シンデレラスマイル,牝3,54,武藤雅,1:13.0,クビ,**,,,,,2-3,38.3,17.4,8,428(-4),,,,[東]武藤善則,佐々木雄二,83.0,202306020104
5,3,5,カサブランカキッド,牡3,56,横山武史,1:13.2,1.1/2,**,,,,,9-9,37.6,2.3,1,518(0),,,,[東]和田勇介,山本雅道,55.0,202306020104
6,3,6,ジュレーヴ,牡3,56,三浦皇成,1:13.3,1/2,**,,,,,4-3,38.4,11.1,4,438(0),,,,[東]堀内岳志,中村祐子,,202306020104
7,8,16,ラヴィングメモリー,牝3,54,北村宏司,1:13.6,1.3/4,**,,,,,12-11,37.8,66.6,10,462(-6),,,,[東]中舘英二,ノルマンディーサラブレッドレーシング,,202306020104
8,6,11,プリヴィエレジェ,牡3,54,横山琉人,1:14.0,2.1/2,**,,,,,7-6,38.7,4.8,2,468(-2),,,,[東]矢野英一,落合幸弘,,202306020104
9,7,13,アフロビート,牡3,56,杉原誠人,1:14.7,4,**,,,,,7-8,39.3,15.4,7,448(-6),,,,[東]栗田徹,山口功一郎,,202306020104
10,8,15,ニケファルコン,牝3,53,永野猛蔵,1:15.0,1.1/2,**,,,,,9-11,39.4,101.6,11,472(-4),,,,[東]伊藤圭三,岡本真二,,202306020104
11,2,4,ヒープパラドックス,牡3,54,原優介,1:15.0,クビ,**,,,,,14-14,38.5,43.2,9,436(+20),,,,[東]田村康仁,藤田岳彦,,202306020104
12,2,3,テイエムクリッパー,牡3,56,武士沢友,1:15.0,ハナ,**,,,,,13-13,39.0,238.4,14,458(-8),,,,[東]加藤和宏,竹園正繼,,202306020104
13,7,14,キーウオルサム,牡3,56,丸田恭介,1:15.1,1/2,**,,,,,15-14,38.2,205.3,13,502(0),,,,[東]青木孝文,北前孔一郎,,202306020104
14,1,2,ミサイルビスケッツ,牝3,54,伊藤工真,1:16.0,5,**,,,,,9-10,40.5,128.5,12,412(+2),,,,[東]林徹,松谷翔太,,202306020104
15,5,10,コタバル,牝3,53,秋山稔樹,1:17.2,7,**,,,,,5-6,42.2,515.9,16,462(+2),,,,[東]本間忍,乙訓史樹,,202306020104
16,6,12,リトルブレイバー,牡3,56,岩部純二,1:17.4,1.1/4,**,,,,,16-16,39.8,450.1,15,462(+8),,,,[東]佐藤吉勝,松谷翔太,,202306020104
1,4,8,ルージュイストリア,牝3,54,大野拓弥,1:34.7,,**,,,,,2-2-2,36.1,28.9,7,456(+12),,,,[東]大竹正博,東京ホースレーシング,550.0,202306020105
2,3,5,ミヤビブレイブ,牝3,54,松岡正海,1:34.8,1/2,**,,,,,7-7-7,35.7,34.4,8,460(+10),,,,[東]小島茂之,村上義勝,220.0,202306020105
3,1,1,セイウンシリウス,牡3,55,永野猛蔵,1:35.0,1,**,,,,,4-4-3,36.2,5.9,2,446(-8),,,,[東]尾形和幸,西山茂行,140.0,202306020105
4,8,16,レッドバレンティア,牡3,56,戸崎圭太,1:35.2,1.1/2,**,,,,,6-6-5,36.3,1.9,1,442(-4),,,,[東]手塚貴久,東京ホースレーシング,83.0,202306020105
5,5,9,クライノート,牝3,54,柴田大知,1:35.2,ハナ,**,,,,,4-4-3,36.4,8.0,4,440(-4),,,,[東]畠山吉宏,サラブレッドクラブ・ラフィアン,55.0,202306020105
6,3,6,プリマウェイ,牝3,54,内田博幸,1:35.2,アタマ,**,,,,,11-10-10,35.8,101.0,12,458(-6),,,,[東]深山雅史,新井原博,,202306020105
7,7,14,フェルドランス,牡3,56,菊沢一樹,1:35.3,クビ,**,,,,,11-10-10,35.9,6.2,3,470(+12),,,,[東]鈴木慎太,木部厳生,,202306020105
8,1,2,オールスイート,牝3,54,江田照男,1:35.3,クビ,**,,,,,7-7-7,36.2,44.7,9,444(-6),,,,[東]田中剛,落合幸弘,,202306020105
9,5,10,ラウラーナ,牝3,54,丸田恭介,1:35.6,1.1/2,**,,,,,7-7-9,36.4,16.4,6,432(+4),,,,[東]宗像義忠,ディアレスト,,202306020105
10,4,7,ウインシャルマン,牡3,56,武藤雅,1:35.9,2,**,,,,,15-13-14,36.2,81.9,10,456(+10),,,,[東]水野貴広,ウイン,,202306020105
11,7,13,チャイボーグ,牝3,54,木幡育也,1:36.1,1.1/4,**,,,,,13-13-13,36.4,367.1,13,470(-6),,,,[東]的場均,田頭勇貴,,202306020105
12,2,3,クラウンローゼン,牡3,56,木幡巧也,1:36.1,クビ,**,,,,,13-15-15,35.5,100.1,11,482(+18),,,,[東]奥平雅士,クラウン,,202306020105
13,2,4,レゼルノワール,牝3,54,石橋脩,1:36.4,2,**,,,,,1-1-1,38.0,11.7,5,440(-2),,,,[東]辻哲英,ヒダカ・ブリーダーズ・ユニオン,,202306020105
14,8,15,オフェーリア,牝3,54,嶋田純次,1:36.9,3,**,,,,,3-3-5,38.2,526.1,16,428(+6),,,,[東]石毛善彦,ミルファーム,,202306020105
15,6,11,キタノレーニア,牝3,52,小林脩斗,1:37.6,4,**,,,,,7-10-12,38.2,478.0,15,414(-12),,,,[東]粕谷昌央,北所直人,,202306020105
16,6,12,ケイティヴィーナス,牝3,53,秋山稔樹,1:41.3,大,**,,,,,16-16-16,39.9,467.2,14,416(0),,,,[東]清水英克,瀧本和義,,202306020105
1,8,17,ドゥムーラン,牝3,54,横山和生,2:03.4,,**,,,,,15-16-16-9,34.2,14.6,6,448(0),,,,[東]尾関知人,サンデーレーシング,550.0,202306020106
2,7,14,アンナジーク,牝3,54,大野拓弥,2:03.7,1.3/4,**,,,,,3-3-3-3,35.7,15.5,7,400(-4),,,,[東]中舘英二,グリーンファーム,220.0,202306020106
3,5,9,ウインレイアー,牝3,54,Ｍ．デム,2:03.7,ハナ,**,,,,,1-1-1-1,35.8,7.0,3,440(-8),,,,[東]和田雄二,ウイン,140.0,202306020106
4,6,11,メテオールライト,牝3,54,菅原明良,2:03.7,アタマ,**,,,,,7-8-7-6,35.4,11.4,5,422(-2),,,,[東]萩原清,シルクレーシング,83.0,202306020106
5,6,12,リスノワール,牝3,54,石川裕紀,2:03.8,3/4,**,,,,,2-2-2-2,35.9,29.4,10,456(-8),,,,[東]村田一誠,社台レースホース,55.0,202306020106
6,1,2,モリーダーリン,牝3,54,戸崎圭太,2:03.8,ハナ,**,,,,,7-7-9-6,35.3,2.9,1,478(-6),,,,[東]国枝栄,タイヘイ牧場,,202306020106
7,1,1,ショウナンマカロン,牝3,54,三浦皇成,2:03.9,クビ,**,,,,,10-9-10-9,35.3,24.8,9,470(+4),,,,[東]田中剛,湘南,,202306020106
8,5,10,イゾレエオリア,牝3,54,田辺裕信,2:03.9,ハナ,**,,,,,5-5-3-3,35.8,9.3,4,452(-6),,,,[東]伊藤大士,吉田照哉,,202306020106
9,4,7,ノーブルマルシェ,牝3,54,北村宏司,2:04.0,1/2,**,,,,,5-5-5-5,35.8,44.3,11,446(-2),,,,[東]久保田貴,吉木伸彦,,202306020106
10,2,3,ワイウン,牝3,54,津村明秀,2:04.5,3.1/2,**,,,,,10-11-10-13,35.9,264.9,14,404(0),,,,[東]尾形和幸,ニッシンホールディングス,,202306020106
11,2,4,アドラブリーズ,牝3,54,木幡巧也,2:04.6,クビ,**,,,,,4-4-5-6,36.4,15.5,8,476(-4),,,,[東]牧光二,ノルマンディーサラブレッドレーシング,,202306020106
12,7,13,ソワドリヨン,牝3,54,横山武史,2:04.7,3/4,**,,,,,9-9-7-9,36.4,3.9,2,468(+4),,,,[東]古賀慎明,シルクレーシング,,202306020106
13,3,6,レジーナローズ,牝3,53,永野猛蔵,2:04.9,1.1/4,**,,,,,14-15-16-15,35.7,113.3,12,428(-4),,,,[東]鈴木慎太,永山勝敏,,202306020106
14,8,16,リリカル,牝3,51,西塚洸二,2:05.1,1.1/4,**,,,,,10-11-10-9,36.5,226.9,13,502(-8),,,,[東]戸田博文,ヒダカ・ブリーダーズ・ユニオン,,202306020106
15,8,15,サイモンカリン,牝3,54,内田博幸,2:05.1,アタマ,**,,,,,17-17-14-15,36.1,411.2,16,444(-4),,,,[東]根本康広,澤田昭紀,,202306020106
16,3,5,ケイグンノイッカク,牝3,52,原優介,2:05.1,クビ,**,,,,,15-13-13-14,36.2,436.1,17,442(+4),,,,[東]青木孝文,野崎宗信,,202306020106
17,4,8,フロル,牝3,52,横山琉人,2:05.2,クビ,**,,,,,13-13-14-15,36.2,267.9,15,400(0),,,,[東]大和田成,大塚亮一,,202306020106
1,6,7,オメガギネス,牡3,56,戸崎圭太,1:53.2,,**,,,,,7-7-5-5,37.7,6.6,4,494(0),,,,[東]大和田成,原禮子,780.0,202306020107
2,7,10,プレミアペガサス,牡3,56,バシュロ,1:53.2,クビ,**,,,,,2-2-2-1,38.2,5.8,3,512(+2),,,,[東]田中博康,鈴木剛史,310.0,202306020107
3,7,9,アレクサ,牡3,56,石川裕紀,1:54.5,8,**,,,,,7-7-8-8,38.8,67.1,12,498(+4),,,,[東]斎藤誠,エクワインレーシング,200.0,202306020107
4,4,4,ジャスリー,牡3,56,菅原明良,1:54.9,2.1/2,**,,,,,6-6-5-5,39.4,4.1,1,526(-6),,,,[東]田島俊明,越村洋子,120.0,202306020107
5,6,8,オソルノ,牡3,56,内田博幸,1:55.0,3/4,**,,,,,11-12-10-10,38.8,9.4,6,512(-2),,,,[東]萩原清,池谷誠一,78.0,202306020107
6,2,2,ドライブアローカス,牡3,56,横山武史,1:55.0,ハナ,**,,,,,4-4-4-3,39.7,5.2,2,440(-2),,,,[東]小笠倫弘,吉田照哉,,202306020107
7,8,12,グランデスフィーダ,牡3,56,三浦皇成,1:55.3,1.1/2,**,,,,,9-9-8-9,39.6,7.3,5,522(-4),,,,[西]池江泰寿,ＤＭＭドリームクラブ,,202306020107
8,5,5,キープブライトン,牡3,56,横山和生,1:55.7,2.1/2,**,,,,,2-2-5-7,40.2,12.0,7,468(-4),,,,[東]栗田徹,高嶋航,,202306020107
9,5,6,サノノエスポ,牝3,54,津村明秀,1:55.7,ハナ,**,,,,,4-4-3-3,40.5,16.6,8,432(-2),,,,[東]中野栄治,佐野信幸,,202306020107
10,3,3,ゴルデールスカー,牡3,56,石橋脩,1:55.7,アタマ,**,,,,,10-10-10-10,39.5,30.9,10,470(+8),,,,[西]大久保龍,サンデーレーシング,,202306020107
11,8,11,ピッチパーフェクト,牝3,53,永野猛蔵,1:55.7,ハナ,**,,,,,11-10-12-12,39.3,33.7,11,476(-8),,,,[東]伊藤圭三,ＯＵＭＡ,,202306020107
12,1,1,ゴッドインパルス,セ3,56,田辺裕信,1:56.5,5,**,,,,,1-1-1-2,41.5,27.1,9,470(+6),,,,[東]中舘英二,高瀬正志,,202306020107
1,2,4,トップオブジェラス,牡4,57,横山武史,1:54.1,,**,,,,,2-2-2-2,38.4,3.7,1,530(+18),,,,[東]高木登,嶋田賢,800.0,202306020108
2,5,10,コブラ,牡4,57,菊沢一樹,1:54.7,3.1/2,**,,,,,11-10-7-3,38.3,24.1,7,484(+2),,,,[東]菊沢隆徳,高瀬正志,320.0,202306020108
3,1,1,サプライズビュー,牡5,58,田辺裕信,1:55.2,2.1/2,**,,,,,13-13-13-9,38.2,10.8,6,512(+2),,,,[東]栗田徹,ＣＨＥＶＡＬＡＴＴＡＣＨＥ,200.0,202306020108
4,5,9,ペイシャジュン,牡5,58,菅原明良,1:55.5,2,**,,,,,13-13-13-11,38.6,5.0,3,520(0),,,,[東]高橋裕,北所直人,120.0,202306020108
5,8,16,キタサンドーシン,牡4,57,バシュロ,1:55.6,3/4,**,,,,,1-1-1-1,40.0,5.7,4,472(+4),,,,[東]奥村武,大野商事,80.0,202306020108
6,6,11,リバーサルバレット,牡4,57,Ｍ．デム,1:55.7,1/2,**,,,,,5-5-7-5,39.3,7.4,5,518(+14),,,,[東]久保田貴,草間庸文,,202306020108
7,4,8,ロードレアル,牡4,57,木幡巧也,1:56.1,2.1/2,**,,,,,11-12-9-7,39.5,261.4,15,462(-4),,,,[東]堀内岳志,ロードホースクラブ,,202306020108
8,6,12,ダンディジャック,牡4,57,三浦皇成,1:56.3,1,**,,,,,8-9-4-3,40.0,33.6,9,506(+2),,,,[東]佐藤吉勝,サンコウ牧場,,202306020108
9,1,2,ウッドショック,牡4,57,大野拓弥,1:56.6,1.1/2,**,,,,,16-15-16-15,39.1,69.9,10,510(+16),,,,[東]杉浦宏昭,小林善一,,202306020108
10,3,6,サインオブサクセス,牡4,56,永野猛蔵,1:56.6,クビ,**,,,,,10-10-9-11,39.9,27.6,8,474(-10),,,,[東]伊藤圭三,社台レースホース,,202306020108
11,3,5,ブラックルパン,牡4,54,西塚洸二,1:56.7,1/2,**,,,,,5-5-11-9,39.9,112.2,13,560(+6),,,,[東]大江原哲,田畑利彦,,202306020108
12,2,3,ワンダーウォール,牡5,56,原優介,1:56.9,1.1/4,**,,,,,15-15-15-14,39.7,432.9,16,480(+5),,,,[東]鈴木慎太,ノルマンディーサラブレッドレーシング,,202306020108
13,4,7,フォーチュネイト,セ6,58,柴田大知,1:57.5,3.1/2,**,,,,,5-5-4-5,41.3,73.4,11,440(-4),,,,[東]松永康利,小林竜太郎,,202306020108
14,8,15,ローズピリオド,牡4,57,戸崎圭太,1:58.2,4,**,,,,,8-5-4-7,42.0,4.6,2,490(+8),,,,[東]中川公成,ビッグレッドファーム,,202306020108
15,7,14,ブルベアカイリ,牡6,58,内田博幸,2:00.7,大,**,,,,,4-3-3-13,44.6,91.3,12,518(+4),,,,[東]深山雅史,磯波勇Ｆ,,202306020108
16,7,13,アイファーエポック,牡4,57,北村宏司,2:00.8,1/2,**,,,,,3-3-11-15,44.0,214.8,14,476(+13),,,,[東]根本康広,中島稔,,202306020108
1,7,7,ハウゼ,牡3,56,バシュロ,2:14.2,,**,,,,,2-2-2-1,35.3,2.0,1,506(-4),,,,[東]田中博康,ＣＨＥＶＡＬＡＴＴＡＣＨＥ,"1,088.2",202306020109
2,6,6,メイテソーロ,牡3,56,横山和生,2:14.3,1/2,**,,,,,3-3-3-3,35.1,5.9,3,488(0),,,,[東]武市康男,了徳寺健二ホールディングス,435.2,202306020109
3,5,5,ダニーデン,牡3,56,北村宏司,2:14.5,1.1/4,**,,,,,3-4-3-3,35.4,3.4,2,508(-4),,,,[東]辻哲英,吉田和美,272.6,202306020109
4,4,4,インスタキング,牡3,56,横山武史,2:14.7,1.1/4,**,,,,,1-1-1-2,35.8,8.4,5,498(-2),,,,[東]蛯名正義,嶋田賢,160.0,202306020109
5,3,3,フラッシングレート,牝3,54,三浦皇成,2:15.3,3.1/2,**,,,,,5-4-5-5,35.6,8.3,4,468(-2),,,,[西]音無秀孝,吉田勝己,107.0,202306020109
6,8,8,フェアエールング,牝3,54,柴田大知,2:15.4,1/2,**,,,,,5-6-5-6,35.7,25.6,6,434(-2),,,,[東]和田正一,サラブレッドクラブ・ラフィアン,,202306020109
7,2,2,ユイノオトコヤマ,牡3,56,江田照男,2:15.9,3,**,,,,,7-7-7-7,35.1,31.7,7,452(-4),,,,[東]深山雅史,由井健太郎,,202306020109
8,1,1,ピーストークス,牡3,56,石川裕紀,2:19.7,大,**,,,,,8-8-8-8,38.5,145.1,8,438(-8),,,,[東]伊坂重信,稲場澄,,202306020109
1,5,5,デコラシオン,牡4,57,戸崎圭太,1:47.8,,**,,,,,3-4-4-3,34.9,5.0,3,516(+6),,,,[東]高木登,社台レースホース,"1,572.4",202306020110
2,1,1,ボーンディスウェイ,牡4,57,石橋脩,1:47.8,ハナ,**,,,,,3-4-4-3,34.9,1.9,1,494(0),,,,[東]牧光二,平田修,626.4,202306020110
3,7,8,ヤマニンガラッシア,牡6,58,菅原明良,1:47.8,アタマ,**,,,,,2-2-2-2,35.2,25.6,6,452(-4),,,,[東]辻哲英,土井肇,393.2,202306020110
4,8,9,マイネルダグラス,牡5,58,バシュロ,1:48.2,2,**,,,,,1-1-1-1,35.7,17.3,5,516(-4),,,,[東]相沢郁,サラブレッドクラブ・ラフィアン,230.0,202306020110
5,4,4,グランドライン,牡4,57,三浦皇成,1:48.3,3/4,**,,,,,7-6-6-3,35.3,3.5,2,542(+2),,,,[東]高木登,ラ・メール,155.0,202306020110
6,3,3,ヒットザシーン,牝5,56,柴田大知,1:48.5,1.1/2,**,,,,,6-6-6-7,35.4,8.2,4,484(-2),,,,[東]畠山吉宏,サラブレッドクラブ・ラフィアン,,202306020110
7,6,6,シャーマンズケイブ,牡4,57,内田博幸,1:48.6,クビ,**,,,,,7-8-8-8,35.2,52.0,7,534(-2),,,,[東]尾関知人,サンデーレーシング,,202306020110
8,8,10,フィデリオグリーン,牡7,58,原優介,1:48.8,1.1/2,**,,,,,9-10-10-8,35.1,113.9,8,500(+4),,,,[東]根本康広,斎藤光政,,202306020110
9,7,7,ヤマニンプレシオサ,牝6,56,木幡巧也,1:48.9,1/2,**,,,,,3-3-3-3,36.1,133.9,9,482(0),,,,[東]辻哲英,土井肇,,202306020110
10,2,2,サイモンルモンド,セ6,58,永野猛蔵,1:49.6,4,**,,,,,9-9-8-8,36.1,290.6,10,462(0),,,,[東]小桧山悟,澤田昭紀,,202306020110
1,2,4,ジネストラ,牝5,56,三浦皇成,1:33.2,,**,,,,,2-4-4,35.4,2.0,1,460(-4),,,,[東]鹿戸雄一,サンデーレーシング,"1,874.3",202306020111
2,5,9,フィールシンパシー,牝4,56,横山琉人,1:33.4,1.1/2,**,,,,,12-11-9,34.4,25.6,9,442(-6),,,,[東]小島茂之,岡田牧雄,749.8,202306020111
3,4,7,ヴィアルークス,牡5,58,バシュロ,1:33.5,クビ,**,,,,,4-3-2,35.9,8.2,3,502(+2),,,,[西]藤原英昭,フクキタル,464.9,202306020111
4,7,13,エリオトローピオ,牝4,56,菅原明良,1:33.7,1.1/4,**,,,,,7-8-11,34.9,79.7,13,410(-2),,,,[東]深山雅史,サラブレッドクラブ・ラフィアン,280.0,202306020111
5,5,10,ソウルトレイン,牡6,58,大野拓弥,1:33.7,アタマ,**,,,,,4-7-7,35.1,15.1,7,490(-2),,,,[西]昆貢,安原浩司,184.0,202306020111
6,3,6,ルーカス,セ8,58,田辺裕信,1:33.7,ハナ,**,,,,,9-11-11,34.7,15.0,6,512(-2),,,,[東]堀宣行,シルクレーシング,,202306020111
7,6,11,ボーデン,牡5,58,北村宏司,1:33.8,クビ,**,,,,,16-14-14,34.4,8.1,2,504(-6),,,,[東]木村哲也,吉田勝己,,202306020111
8,8,15,エンペザー,牡4,58,戸崎圭太,1:33.8,ハナ,**,,,,,2-5-5,35.7,9.9,5,486(-8),,,,[西]田中克典,リーヴァ,,202306020111
9,6,12,アオイシンゴ,セ9,58,横山武史,1:33.8,クビ,**,,,,,7-6-5,35.4,21.6,8,500(-2),,,,[東]古賀慎明,新谷幸義,,202306020111
10,3,5,アールバロン,牡5,58,Ｍ．デム,1:34.1,1.1/2,**,,,,,6-1-1,37.0,9.3,4,506(0),,,,[東]伊藤大士,前原敏行,,202306020111
11,1,1,クロスマジェスティ,牝4,56,武藤雅,1:34.2,3/4,**,,,,,9-8-9,35.3,36.2,10,468(0),,,,[東]水野貴広,辻高史,,202306020111
12,1,2,ルース,牝5,56,木幡巧也,1:34.3,1/2,**,,,,,1-2-3,37.1,54.0,11,486(-8),,,,[西]池添兼雄,山田和夫,,202306020111
13,7,14,トーセンヴァンノ,牡4,58,永野猛蔵,1:34.3,クビ,**,,,,,9-8-7,35.5,178.9,14,492(0),,,,[東]小桧山悟,島川隆哉,,202306020111
14,4,8,リトルクレバー,牡6,58,津村明秀,1:34.7,2.1/2,**,,,,,12-13-13,35.5,73.5,12,470(-4),,,,[西]佐々木晶,岡浩二,,202306020111
15,8,16,シャチ,牡6,58,原優介,1:34.8,3/4,**,,,,,12-14-14,35.4,304.9,15,476(+4),,,,[東]小桧山悟,中村勝彦,,202306020111
16,2,3,トミケンボハテル,牡9,58,秋山稔樹,1:35.4,3.1/2,**,,,,,12-14-16,36.1,562.5,16,506(+6),,,,[東]蛯名利弘,佐野信幸,,202306020111
1,4,6,アイヴォリードレス,牝4,56,横山武史,1:11.8,,**,,,,,2-1,37.6,2.6,1,466(-4),,,,[東]菊沢隆徳,サンデーレーシング,"1,140.0",202306020112
2,5,8,カンザシ,牝4,56,戸崎圭太,1:11.8,クビ,**,,,,,3-2,37.5,3.5,3,496(0),,,,[東]宮田敬介,嶋田賢,460.0,202306020112
3,4,5,ハイアムズビーチ,牝4,56,三浦皇成,1:12.1,1.3/4,**,,,,,7-7,37.3,3.1,2,498(+4),,,,[東]萩原清,シルクレーシング,290.0,202306020112
4,2,2,ロープスピニング,牝4,54,小林脩斗,1:12.3,1,**,,,,,4-4,37.8,33.3,6,446(0),,,,[東]武藤善則,吉田照哉,170.0,202306020112
5,5,7,ノボベルサイユ,牝5,56,菅原明良,1:12.4,3/4,**,,,,,6-7,37.7,53.5,7,480(+14),,,,[東]小野次郎,矢野琢也,114.0,202306020112
6,1,1,ポピュラーソング,牝6,56,菊沢一樹,1:12.4,アタマ,**,,,,,7-6,37.5,163.9,12,444(-8),,,,[東]土田稔,酒井孝敏,,202306020112
7,6,10,アルマセクメト,牝5,56,津村明秀,1:12.5,1/2,**,,,,,10-9,37.4,15.1,5,496(+2),,,,[東]田村康仁,コウトミックレーシング,,202306020112
8,8,13,マリーアミノル,牝5,55,永野猛蔵,1:12.7,1.1/4,**,,,,,12-12,37.5,96.8,11,416(-4),,,,[東]中舘英二,吉岡實,,202306020112
9,8,14,サウスジェラート,牝5,56,石川裕紀,1:12.8,3/4,**,,,,,4-4,38.3,10.8,4,476(-12),,,,[東]伊坂重信,谷岡牧場,,202306020112
10,6,9,メルテッドハニー,牝6,56,岩部純二,1:12.9,アタマ,**,,,,,14-14,36.7,172.3,13,410(-4),,,,[東]浅野洋一,田頭勇貴,,202306020112
11,3,4,ライクアジュエリー,牝6,56,松岡正海,1:13.1,1.1/2,**,,,,,13-13,37.3,251.2,14,472(0),,,,[東]戸田博文,青芝商事,,202306020112
12,7,12,プランセスカグヤ,牝4,56,武藤雅,1:13.3,1.1/4,**,,,,,7-11,38.5,56.9,8,462(+2),,,,[東]武藤善則,岡田牧雄,,202306020112
13,7,11,アレクサンドラ,牝4,54,原優介,1:13.6,1.3/4,**,,,,,10-9,38.5,57.8,9,502(-4),,,,[東]矢野英一,大樹ファーム,,202306020112
14,3,3,ディアナグラン,牝5,54,横山琉人,1:14.2,3.1/2,**,,,,,1-2,40.0,68.1,10,490(-2),,,,[東]大竹正博,湊義明,,202306020112
1,6,12,デイズオブドリーム,牝3,54,横山武史,1:12.6,,**,,,,,6-6,37.8,2.6,1,414(+2),,,,[東]加藤征弘,諸江幸祐,550.0,202306020201
2,3,5,リトルウインディー,牝3,54,三浦皇成,1:12.9,2,**,,,,,1-1,38.6,5.4,3,482(-4),,,,[東]稲垣幸雄,宮田守,220.0,202306020201
3,2,4,レディアス,牝3,54,津村明秀,1:12.9,クビ,**,,,,,6-7,38.0,3.1,2,430(+6),,,,[東]鈴木慎太,中山栄一,140.0,202306020201
4,8,16,エマウリオマレプ,牝3,54,北村宏司,1:13.0,アタマ,**,,,,,4-2,38.3,8.0,4,508(0),,,,[東]伊藤大士,ミルファーム,83.0,202306020201
5,7,14,オリビアジュテーム,牝3,54,江田照男,1:13.5,3,**,,,,,11-10,37.9,145.9,12,432(0),,,,[東]西田雄一,高昭牧場,55.0,202306020201
6,4,8,チークルージュ,牝3,54,松山弘平,1:13.8,2,**,,,,,8-8,38.8,16.3,6,434(0),,,,[東]木村哲也,中村智幸,,202306020201
7,4,7,スングリダンダン,牝3,54,杉原誠人,1:14.0,1.1/4,**,,,,,9-9,38.6,349.7,16,436(+4),,,,[東]南田美知,ミルファーム,,202306020201
8,3,6,ファビュラスエリカ,牝3,53,秋山稔樹,1:14.6,3.1/2,**,,,,,14-14,38.2,101.6,10,418(+2),,,,[東]伊坂重信,ヒダカ・ブリーダーズ・ユニオン,,202306020201
9,1,2,スターオブデイズ,牝3,54,吉田隼人,1:14.7,1/2,**,,,,,13-10,38.6,88.4,9,416(+12),,,,[東]土田稔,光安了,,202306020201
10,7,13,キャットナップ,牝3,54,石川裕紀,1:14.9,1.1/4,**,,,,,4-2,40.3,285.3,15,434(-4),,,,[東]田中剛,ゴドルフィン,,202306020201
11,8,15,ニシノクラウディア,牝3,54,岩部純二,1:15.0,3/4,**,,,,,9-10,39.7,12.0,5,458(-4),,,,[東]萱野浩二,西山茂行,,202306020201
12,5,10,ピュアハルカ,牝3,54,菊沢一樹,1:15.1,アタマ,**,,,,,3-4,40.6,184.1,13,434(-4),,,,[東]竹内正洋,鶴見芳子,,202306020201
13,5,9,ディーノカヨウ,牝3,52,横山琉人,1:15.3,1.1/4,**,,,,,12-13,39.4,135.6,11,482(0),,,,[東]鈴木慎太,坂本守孝,,202306020201
14,6,11,ニシノレールガン,牝3,54,武藤雅,1:15.4,3/4,**,,,,,2-4,41.0,27.0,7,460(-14),,,,[東]武藤善則,西山茂行,,202306020201
15,2,3,プリンシアティアモ,牝3,54,木幡育也,1:15.5,クビ,**,,,,,15-15,38.7,208.3,14,384(-8),,,,[東]高橋文雅,芳川貴行,,202306020201
16,1,1,ハクサンオリヒメ,牝3,54,菅原明良,1:16.0,3,**,,,,,16-16,37.8,72.5,8,454(0),,,,[東]新開幸一,河崎五市,,202306020201
1,2,4,フェザーモチーフ,牡3,56,横山武史,1:55.9,,**,,,,,3-3-2-2,38.9,1.1,1,456(+4),,,,[東]武井亮,シルクレーシング,550.0,202306020202
2,5,9,ウィンターダフネ,牝3,54,菅原明良,1:56.1,1.1/4,**,,,,,1-1-1-1,39.5,13.8,3,478(+4),,,,[東]国枝栄,金子真人ホールディングス,220.0,202306020202
3,6,11,モジャータルマエ,牡3,56,石川裕紀,1:57.1,6,**,,,,,2-2-2-2,40.2,47.1,7,502(+4),,,,[東]斎藤誠,ＭＯＪＡ,140.0,202306020202
4,7,13,デザイアーフェーム,牡3,56,田中勝春,1:57.8,4,**,,,,,13-14-6-5,40.1,147.6,10,498(-2),,,,[東]松永康利,小林竜太郎,83.0,202306020202
5,3,5,サトノウェーブ,牡3,56,バシュロ,1:57.9,1/2,**,,,,,3-3-4-4,40.7,10.5,2,500(+16),,,,[東]田中博康,里見治,55.0,202306020202
6,8,15,ウインクリエ,牡3,56,松岡正海,1:58.6,4,**,,,,,13-13-10-8,40.6,185.0,12,456(+4),,,,[東]小手川準,ウイン,,202306020202
7,1,1,グランキューブ,牡3,56,吉田隼人,1:58.9,1.1/2,**,,,,,6-5-6-7,41.3,95.8,9,490(+16),,,,[東]高柳瑞樹,原禮子,,202306020202
8,1,2,テイエムエレガント,牝3,54,丸田恭介,1:59.2,1.3/4,**,,,,,9-8-8-8,41.4,381.6,15,412(+2),,,,[東]石栗龍彦,竹園正繼,,202306020202
9,2,3,ヒラボクアルセウス,牡3,56,松山弘平,1:59.6,2.1/2,**,,,,,5-5-13-13,41.0,46.6,6,516(+4),,,,[東]大竹正博,平田牧場,,202306020202
10,3,6,ベッケンバウアー,牡3,56,武士沢友,1:59.7,3/4,**,,,,,11-11-10-11,41.6,273.3,14,460(-4),,,,[東]小桧山悟,三岡陽,,202306020202
11,4,8,バンブトンプロ,牡3,56,柴田大知,2:00.0,2,**,,,,,6-5-4-5,42.9,74.8,8,480(+2),,,,[東]粕谷昌央,樋口正蔵,,202306020202
12,7,14,ノーブルプロセス,牝3,54,杉原誠人,2:00.7,4,**,,,,,15-15-15-14,41.4,252.5,13,456(-2),,,,[東]田村康仁,吉木伸彦,,202306020202
13,8,16,パーティーキング,牡3,56,木幡巧也,2:00.7,クビ,**,,,,,11-11-10-11,42.7,16.5,4,472(-2),,,,[東]岩戸孝樹,田頭勇貴,,202306020202
14,6,12,ブルーテネーシャス,牡3,54,小林脩斗,2:01.1,2.1/2,**,,,,,8-8-8-10,43.3,402.5,16,502(+14),,,,[東]根本康広,青山郁代,,202306020202
15,5,10,ジェイエルドラフト,牡3,56,田辺裕信,2:01.3,1.1/4,**,,,,,9-10-14-14,42.4,18.3,5,524(+2),,,,[東]小西一男,橋元幸人,,202306020202
16,4,7,アシャカドリュー,牡3,56,武藤雅,2:03.8,大,**,,,,,16-16-16-16,42.4,165.6,11,468(0),,,,[東]小笠倫弘,吉冨学,,202306020202
1,8,15,ダークンストーミー,牡3,56,横山武史,1:12.2,,**,,,,,2-2,38.0,1.9,1,444(-8),,,,[東]小笠倫弘,荒井眞澄,550.0,202306020203
2,7,14,ニシノトレンディー,牝3,54,武豊,1:12.8,3.1/2,**,,,,,1-1,38.6,3.3,2,488(-6),,,,[東]小手川準,西山茂行,220.0,202306020203
3,2,3,イスラデルノルテ,牡3,56,菊沢一樹,1:13.3,3,**,,,,,3-3,38.9,9.6,4,448(0),,,,[東]菊沢隆徳,堂守貴志,140.0,202306020203
4,1,1,マーシヴィガラス,牡3,56,的場勇人,1:13.6,1.3/4,**,,,,,15-13,37.4,41.4,7,482(-2),,,,[東]的場均,佐藤好美,83.0,202306020203
5,6,11,ゼウスビスティー,牡3,56,北村宏司,1:13.7,クビ,**,,,,,8-9,38.8,32.9,6,480(0),,,,[東]小野次郎,犬塚悠治郎,55.0,202306020203
6,2,4,シェイクオンイット,牡3,55,秋山稔樹,1:13.7,アタマ,**,,,,,6-5,39.0,152.0,11,478(-6),,,,[東]清水英克,コスモヴューファーム,,202306020203
7,3,5,ロゴマジック,牡3,56,三浦皇成,1:13.7,ハナ,**,,,,,6-5,39.0,29.6,5,434(-6),,,,[東]武市康男,坂巻勝彦,,202306020203
8,4,7,ミオファースト,牝3,54,武士沢友,1:14.1,2.1/2,**,,,,,8-9,39.1,300.8,13,442(+6),,,,[東]粕谷昌央,服部英利,,202306020203
9,1,2,ウィリデシルバ,牡3,56,木幡育也,1:14.2,3/4,**,,,,,8-8,39.2,411.4,14,478(-12),,,,[東]小桧山悟,柴原榮,,202306020203
10,3,6,ニシノサキュバス,牝3,53,永野猛蔵,1:14.3,3/4,**,,,,,11-11,38.9,93.7,10,490(-2),,,,[東]上原博之,西山茂行,,202306020203
11,5,9,ジャッカルズサン,牡3,56,杉原誠人,1:14.3,ハナ,**,,,,,14-15,38.3,425.1,15,422(0),,,,[東]浅野洋一,木部厳生,,202306020203
12,4,8,ダリ,牡3,53,西塚洸二,1:14.4,1/2,**,,,,,5-5,39.9,248.8,12,420(-6),,,,[東]佐藤吉勝,薪浦亨,,202306020203
13,7,13,ベルウッドアラシ,牡3,56,柴田大知,1:15.0,3.1/2,**,,,,,13-13,39.2,71.1,9,440(-2),,,,[東]和田雄二,鈴木照雄,,202306020203
14,6,12,エリカボニータ,牝3,54,吉田隼人,1:15.1,クビ,**,,,,,11-12,39.8,5.6,3,486(-6),,,,[東]伊藤圭三,三木正浩,,202306020203
15,8,16,コウユーアツイキミ,牡3,56,木幡初也,1:15.6,3,**,,,,,3-3,41.3,49.3,8,518(-2),,,,[東]竹内正洋,加治屋貞光,,202306020203
16,5,10,ロージードロップ,牝3,54,岩部純二,1:16.7,7,**,,,,,16-16,40.3,720.6,16,418(+2),,,,[東]石毛善彦,田頭勇貴,,202306020203
1,6,11,ナムラテディー,牡3,56,津村明秀,1:55.9,,**,,,,,3-3-2-2,38.7,4.4,3,466(-2),,,,[東]武市康男,奈村睦弘,550.0,202306020204
2,4,8,ブレードキング,牡3,56,北村宏司,1:55.9,アタマ,**,,,,,1-1-1-1,38.8,8.0,4,524(+2),,,,[東]岩戸孝樹,大島豊彦,220.0,202306020204
3,6,12,ペイシャハーメルン,牡3,56,江田照男,1:57.0,7,**,,,,,7-7-6-6,39.5,30.9,9,466(+2),,,,[東]蛯名利弘,北所直人,140.0,202306020204
4,2,3,マロンロシェ,牡3,56,宮崎北斗,1:57.1,1/2,**,,,,,14-14-8-8,39.1,14.3,7,526(0),,,,[東]中川公成,ウエスト．フォレスト．ステイブル,83.0,202306020204
5,7,13,タイキラフター,牡3,56,松山弘平,1:57.2,クビ,**,,,,,5-5-4-3,39.9,3.6,1,522(-4),,,,[東]大竹正博,大樹ファーム,55.0,202306020204
6,7,14,タマモヴェナトル,牡3,56,菊沢一樹,1:57.3,3/4,**,,,,,7-7-4-5,40.0,3.9,2,436(0),,,,[東]菊沢隆徳,タマモ,,202306020204
7,1,1,キタノパッション,牝3,51,西塚洸二,1:57.8,3,**,,,,,12-12-13-13,39.0,151.3,13,428(-4),,,,[東]石栗龍彦,北所直人,,202306020204
8,8,15,クリノアルバトロス,牡3,56,松岡正海,1:57.9,1/2,**,,,,,16-15-15-14,38.9,67.3,11,508(0),,,,[東]伊藤伸一,栗本博晴,,202306020204
9,5,10,ドゥフレーシュ,牡3,56,杉原誠人,1:57.9,クビ,**,,,,,2-2-2-3,40.8,13.9,6,474(+4),,,,[東]加藤士津,橋詰弘一,,202306020204
10,5,9,ダズリングスカイ,牝3,54,横山武史,1:58.1,1,**,,,,,5-5-8-9,40.1,9.5,5,474(0),,,,[東]斎藤誠,ＣＨＥＶＡＬＡＴＴＡＣＨＥ,,202306020204
11,3,5,リンクスソレイユ,牡3,56,大野拓弥,1:58.2,3/4,**,,,,,3-3-6-6,40.6,29.5,8,478(-4),,,,[東]松山将樹,目谷一幸,,202306020204
12,2,4,ニシノスナイパー,牡3,54,原優介,1:58.3,クビ,**,,,,,10-10-11-10,40.0,63.0,10,466(+2),,,,[東]小桧山悟,西山茂行,,202306020204
13,3,6,イデアテッシン,牡3,56,内田博幸,1:58.9,3.1/2,**,,,,,11-11-13-14,40.2,202.8,14,498(-4),,,,[東]上原博之,益田修一,,202306020204
14,1,2,ショーユーシ,牡3,56,武藤雅,1:59.0,3/4,**,,,,,12-12-12-10,40.6,211.7,15,492(0),,,,[東]小笠倫弘,吉冨学,,202306020204
15,8,16,ビッグアメリカン,牡3,56,武士沢友,2:00.0,6,**,,,,,9-9-8-12,42.1,426.5,16,572(0),,,,[東]高橋文雅,鈴木康弘,,202306020204
16,4,7,フルハウス,牡3,56,石橋脩,2:06.5,大,**,,,,,15-15-16-16,45.6,97.3,12,474(+8),,,,[東]奥村武,石川達絵,,202306020204
1,2,4,マイモーメント,牡3,56,田辺裕信,2:01.3,,**,,,,,1-1-1-1,36.2,11.8,5,506(-10),,,,[東]国枝栄,嶋田賢,550.0,202306020205
2,1,2,ガールズレジェンド,牝3,54,横山武史,2:01.4,クビ,**,,,,,6-6-7-5,35.9,6.6,3,454(+2),,,,[東]金成貴史,レッドマジック,220.0,202306020205
3,7,14,セイウンパシュート,牡3,55,永野猛蔵,2:01.4,クビ,**,,,,,8-8-7-5,35.8,11.2,4,464(+2),,,,[東]上原博之,西山茂行,140.0,202306020205
4,2,3,ルヴェルリドー,牡3,56,バシュロ,2:01.6,1,**,,,,,3-3-4-3,36.2,2.1,1,474(+4),,,,[東]萩原清,Ｇ１レーシング,83.0,202306020205
5,3,6,プロトカルチャー,牡3,56,北村友一,2:01.6,アタマ,**,,,,,2-2-2-2,36.4,39.1,11,490(-4),,,,[東]新開幸一,外池榮一郎,55.0,202306020205
6,4,7,シュネーガッツ,牡3,56,木幡巧也,2:02.0,2.1/2,**,,,,,10-9-9-9,36.2,323.0,16,464(-12),,,,[東]菊川正達,八嶋長久,,202306020205
7,5,10,ホウオウヒショウ,牝3,54,丸田恭介,2:02.1,3/4,**,,,,,5-3-4-3,36.7,19.4,7,442(-2),,,,[東]奥村武,小笹芳央,,202306020205
8,1,1,ブルーハートリリー,牝3,54,津村明秀,2:02.4,1.3/4,**,,,,,14-13-12-11,36.2,226.4,14,450(-4),,,,[東]奥平雅士,吉田千津,,202306020205
9,7,15,アオラキ,牡3,56,武豊,2:02.4,ハナ,**,,,,,15-15-12-5,36.2,19.6,8,460(+14),,,,[東]田村康仁,石井輝昭,,202306020205
10,4,8,カップコルス,牝3,54,松山弘平,2:02.5,1/2,**,,,,,16-16-15-15,35.8,93.7,12,440(0),,,,[東]高柳瑞樹,社台レースホース,,202306020205
11,3,5,コスモオピニオン,牡3,56,Ｍ．デム,2:03.3,5,**,,,,,10-11-12-14,37.1,13.3,6,486(+6),,,,[東]黒岩陽一,ビッグレッドファーム,,202306020205
12,6,12,イサイ,牡3,56,大野拓弥,2:03.4,1/2,**,,,,,18-18-18-18,36.0,245.8,15,422(0),,,,[東]栗田徹,ライオンレースホース,,202306020205
13,8,18,ウイングランブルー,牡3,56,松岡正海,2:03.5,3/4,**,,,,,6-6-4-5,38.1,22.8,9,464(+2),,,,[東]深山雅史,ウイン,,202306020205
14,8,16,ポーラライツ,牡3,56,三浦皇成,2:03.6,3/4,**,,,,,10-12-11-11,37.6,6.3,2,450(+6),,,,[東]宮田敬介,シルクレーシング,,202306020205
15,8,17,マイネルアラウダ,牡3,56,柴田大知,2:03.7,クビ,**,,,,,8-9-9-9,37.9,556.3,18,480(+10),,,,[東]伊藤大士,サラブレッドクラブ・ラフィアン,,202306020205
16,5,9,フィールザダイヤ,牡3,56,北村宏司,2:03.9,1.1/2,**,,,,,13-13-15-17,37.1,32.0,10,500(-4),,,,[東]岩戸孝樹,櫻井正,,202306020205
17,6,11,サッチモ,牝3,54,菊沢一樹,2:03.9,アタマ,**,,,,,16-16-17-15,36.9,492.1,17,418(+4),,,,[東]佐藤吉勝,サンコウ牧場,,202306020205
18,7,13,エイブル,牡3,56,菅原明良,2:04.0,クビ,**,,,,,3-3-3-11,38.7,125.9,13,462(+4),,,,[東]大竹正博,近藤英子,,202306020205
1,2,3,イエローウィン,牝4,55,Ｍ．デム,1:56.1,,**,,,,,12-12-8-7,39.8,6.4,3,468(-4),,,,[東]菊川正達,平川浩之,800.0,202306020206
2,8,14,ウィズザワールド,牝5,56,大野拓弥,1:56.1,ハナ,**,,,,,5-5-4-5,40.3,2.5,1,478(-2),,,,[東]松山将樹,阿部善武,320.0,202306020206
3,5,9,ラジエル,牝4,55,バシュロ,1:56.2,1/2,**,,,,,8-8-6-5,40.3,5.8,2,460(+16),,,,[東]宮田敬介,シルクレーシング,200.0,202306020206
4,6,11,ビーマイセルフ,牝5,56,三浦皇成,1:56.4,1.1/2,**,,,,,10-10-6-7,40.5,13.4,6,472(+10),,,,[東]萱野浩二,ミルファーム,120.0,202306020206
5,7,12,ルージュフェリーク,牝5,56,菅原明良,1:56.7,1.1/2,**,,,,,13-13-12-10,40.0,25.0,8,462(-2),,,,[東]尾関知人,東京ホースレーシング,80.0,202306020206
6,6,10,グレースブロード,牝4,55,木幡巧也,1:56.7,クビ,**,,,,,3-3-2-2,41.2,56.8,9,452(0),,,,[東]牧光二,伊東純一,,202306020206
7,1,1,ミュアウッズ,牝6,56,内田博幸,1:57.2,3,**,,,,,1-1-1-1,41.9,7.7,5,592(+16),,,,[東]尾関知人,吉田勝己,,202306020206
8,4,6,サンマルソムニア,牝4,54,秋山稔樹,1:57.3,クビ,**,,,,,10-10-12-10,40.7,63.9,11,450(-2),,,,[東]佐藤吉勝,相馬勇,,202306020206
9,8,15,キガサ,牝4,53,横山琉人,1:57.7,2.1/2,**,,,,,5-7-8-7,41.5,15.4,7,438(0),,,,[東]鈴木慎太,ビッグレッドファーム,,202306020206
10,3,4,フェッテ,牝4,53,原優介,1:57.8,1/2,**,,,,,8-8-10-10,41.4,60.5,10,500(+16),,,,[東]池上昌和,Ｇ１レーシング,,202306020206
11,5,8,ウイスキータイム,牝4,55,北村宏司,1:58.1,1.3/4,**,,,,,4-3-4-2,42.4,137.9,12,482(+7),,,,[東]根本康広,サザンホールディング,,202306020206
12,7,13,ルージュブラン,牝5,56,丸田恭介,1:58.1,ハナ,**,,,,,15-15-15-14,41.0,163.7,14,462(-4),,,,[東]伊坂重信,東京ホースレーシング,,202306020206
13,3,5,ピナ,牝5,53,土田真翔,1:59.0,5,**,,,,,5-5-10-10,42.5,6.4,4,488(+2),,,,[東]蛯名利弘,畑佐博,,202306020206
14,4,7,エイシンディアデム,牝5,54,小林脩斗,1:59.2,1,**,,,,,14-14-12-14,42.5,146.3,13,436(-4),,,,[東]根本康広,成富直行,,202306020206
15,2,2,チャーチャンテン,牝5,53,西塚洸二,1:59.5,1.3/4,**,,,,,2-2-2-2,44.0,199.3,15,420(+6),,,,[東]大江原哲,田頭勇貴,,202306020206
1,4,4,エエヤン,牡3,56,Ｍ．デム,1:34.0,,**,,,,,2-2-1,34.7,1.4,1,492(-8),,,,[東]伊藤大士,ニッシンホールディングス,780.0,202306020207
2,5,6,マイネルフォルツァ,牡3,56,バシュロ,1:34.5,3,**,,,,,8-3-3,35.0,6.4,3,494(+4),,,,[東]金成貴史,サラブレッドクラブ・ラフィアン,310.0,202306020207
3,5,5,ベレザニーニャ,牝3,54,石川裕紀,1:34.6,3/4,**,,,,,3-4-4,35.0,10.0,4,452(0),,,,[西]小崎憲,一村哲也,200.0,202306020207
4,7,10,ラテラルシンキング,牡3,55,永野猛蔵,1:34.7,クビ,**,,,,,1-1-2,35.4,4.2,2,426(-2),,,,[東]黒岩陽一,社台レースホース,120.0,202306020207
5,7,9,コンチトーホク,牡3,56,北村宏司,1:35.2,3.1/2,**,,,,,3-5-5,35.3,59.7,5,476(-2),,,,[東]勢司和浩,九十九章之,78.0,202306020207
6,2,2,ベルウッドミカサ,牡3,56,木幡巧也,1:36.0,5,**,,,,,3-8-6,35.9,77.1,7,432(-8),,,,[東]牧光二,鈴木照雄,,202306020207
7,8,11,バレーオブファイア,牡3,56,丸田恭介,1:36.0,クビ,**,,,,,11-10-10,35.3,71.0,6,456(-6),,,,[東]加藤和宏,田畑利彦,,202306020207
8,3,3,ダンシングハピリー,牝3,54,杉原誠人,1:36.5,3,**,,,,,3-5-6,36.6,287.5,11,396(+2),,,,[東]清水英克,ミルファーム,,202306020207
9,6,8,シャイニーヤマト,牡3,56,武士沢友,1:36.6,1/2,**,,,,,9-8-6,36.4,102.5,8,490(-8),,,,[東]佐藤吉勝,小林昌志,,202306020207
10,1,1,ソッケルカーカ,牝3,54,嶋田純次,1:36.8,1,**,,,,,3-5-6,37.0,202.1,9,464(0),,,,[東]大江原哲,ミルファーム,,202306020207
11,6,7,テイエムリオンディ,牡3,55,秋山稔樹,1:38.6,大,**,,,,,9-10-11,37.9,208.5,10,490(-12),,,,[東]石栗龍彦,竹園正繼,,202306020207
12,8,12,ヘンデル,牡3,56,内田博幸,1:39.2,3.1/2,**,,,,,12-12-12,37.6,392.5,12,396(0),,,,[東]和田勇介,ＫＡＪＩＭＯＴＯホールディングス,,202306020207
1,4,8,アリススプリングス,牝4,56,菅原明良,1:12.1,,**,,,,,1-1,37.7,4.9,3,448(-12),,,,[東]高橋裕,アラキファーム,800.0,202306020208
2,1,2,カラパタール,牝5,56,バシュロ,1:12.3,1.1/2,**,,,,,4-5,37.6,4.1,2,446(0),,,,[東]池上昌和,シルクレーシング,320.0,202306020208
3,2,4,アポロリヤム,牡4,58,田辺裕信,1:12.4,1/2,**,,,,,8-7,37.4,4.1,1,462(-4),,,,[東]和田勇介,中村智幸,200.0,202306020208
4,7,14,ヒロノゴウカイ,牡4,57,秋山稔樹,1:12.5,1/2,**,,,,,4-2,37.8,10.7,5,498(+10),,,,[東]蛯名利弘,小野博郷,120.0,202306020208
5,3,5,セオリーリターン,牝4,56,松岡正海,1:12.8,1.1/2,**,,,,,10-9,37.4,11.7,7,450(-9),,,,[東]水野貴広,藤田在子,80.0,202306020208
6,6,11,ヒノデミッチー,牡4,58,北村宏司,1:12.9,3/4,**,,,,,15-14,36.5,10.7,6,518(-2),,,,[東]松永康利,茂木国久,,202306020208
7,3,6,ヨシオドライヴ,牡6,58,菊沢一樹,1:13.2,2,**,,,,,13-10,37.7,38.6,9,506(+2),,,,[東]清水英克,井村誉志雄,,202306020208
8,6,12,カップッチョ,牡6,58,杉原誠人,1:13.3,クビ,**,,,,,4-5,38.6,78.3,10,480(-6),,,,[東]大江原哲,ミルファーム,,202306020208
9,5,9,ハンデンキング,牡5,56,小林脩斗,1:13.5,1.1/2,**,,,,,10-13,38.2,199.5,15,508(-6),,,,[東]土田稔,坂田行夫,,202306020208
10,2,3,ニシノラーナ,牝4,56,大野拓弥,1:13.6,クビ,**,,,,,8-10,38.6,6.6,4,488(+2),,,,[東]加藤和宏,西山茂行,,202306020208
11,8,15,ニシノアヤカマル,牝4,56,岩部純二,1:13.6,ハナ,**,,,,,2-2,39.1,93.9,11,490(-4),,,,[東]奥平雅士,西山茂行,,202306020208
12,5,10,ミッキーエイト,牡4,58,吉田隼人,1:13.8,1.1/4,**,,,,,10-10,38.5,98.6,13,470(+2),,,,[東]久保田貴,野田みづき,,202306020208
13,8,16,エシェロン,牡4,58,嶋田純次,1:13.9,3/4,**,,,,,2-2,39.4,147.7,14,486(+14),,,,[東]南田美知,ミルファーム,,202306020208
14,7,13,スカイトライア,牡5,57,永野猛蔵,1:14.1,3/4,**,,,,,14-15,38.2,17.8,8,526(+8),,,,[東]黒岩陽一,水上行雄,,202306020208
15,1,1,ブリラーノ,牝4,56,北村友一,1:14.6,3,**,,,,,4-7,39.9,97.3,12,502(+4),,,,[東]土田稔,前田清二,,202306020208
16,4,7,プロデューサー,セ5,58,井上敏樹,1:15.7,7,**,,,,,15-16,39.3,371.5,16,480(+10),,,,[東]天間昭一,吉田勝利,,202306020208
1,6,6,エミュー,牝3,54,菅原明良,1:50.3,,**,,,,,6-7-7-6,35.2,6.8,4,416(0),,,,[東]和田正一,ノースヒルズ,"1,091.7",202306020209
2,8,9,ゴールデンハインド,牝3,54,横山武史,1:50.5,1.1/4,**,,,,,3-3-3-3,35.6,1.6,1,472(-8),,,,[東]武市康男,サラブレッドクラブ・ラフィアン,436.2,202306020209
3,7,7,ニシノコウフク,牝3,54,大野拓弥,1:50.7,1.1/2,**,,,,,5-5-3-3,35.7,4.6,2,464(-6),,,,[東]伊藤大士,西山茂行,273.1,202306020209
4,5,5,ツインクルトーズ,牝3,54,木幡巧也,1:50.8,3/4,**,,,,,2-2-2-2,36.1,16.3,5,514(-8),,,,[東]牧光二,岡田牧雄,160.0,202306020209
5,3,3,マンマリアーレ,牝3,54,三浦皇成,1:50.9,クビ,**,,,,,6-5-3-6,35.9,6.7,3,462(-4),,,,[東]高木登,ディアレストクラブ,107.0,202306020209
6,4,4,フィレット,牝3,54,横山琉人,1:51.2,2,**,,,,,8-8-8-8,35.8,21.9,6,474(+16),,,,[西]藤岡健一,ロードホースクラブ,,202306020209
7,1,1,ネッロランパンテ,牝3,54,柴田大知,1:51.3,1/2,**,,,,,3-3-3-3,36.4,130.5,8,464(+2),,,,[東]杉浦宏昭,堀田浩司,,202306020209
8,2,2,アースビート,牝3,54,永野猛蔵,1:52.0,4,**,,,,,1-1-1-1,37.4,77.5,7,450(+10),,,,[東]伊藤圭三,大樹ファーム,,202306020209
9,8,8,セセラギ,牝3,54,菅原隆一,1:52.8,5,**,,,,,9-9-9-8,37.1,316.9,9,402(-8),,,,[東]石毛善彦,ミルファーム,,202306020209
1,2,4,スズカコテキタイ,牡4,56,バシュロ,1:11.0,,**,,,,,4-4,37.5,2.5,1,502(0),,,,[東]奥村武,永井啓弍,"1,875.0",202306020210
2,8,15,ペプチドヤマト,牡4,55,石川裕紀,1:11.4,2.1/2,**,,,,,2-2,38.2,12.6,6,488(+14),,,,[西]武英智,沼川一彦,750.0,202306020210
3,3,5,フルム,牡4,55,水口優也,1:11.5,3/4,**,,,,,14-15,36.9,12.3,5,474(+2),,,,[西]浜田多実,京都ホースレーシング,465.0,202306020210
4,1,2,ジェットエンブレム,牡5,55,菅原明良,1:11.5,ハナ,**,,,,,11-10,37.2,10.5,4,536(-2),,,,[西]石坂公一,犬塚悠治郎,280.0,202306020210
5,6,12,チェリーブリーズ,牝6,51,西村太一,1:11.7,1.1/4,**,,,,,6-7,37.9,35.5,10,498(+2),,,,[東]堀内岳志,木村牧場,184.0,202306020210
6,3,6,クロデメニル,牝4,53,武豊,1:11.8,クビ,**,,,,,1-1,38.8,35.1,9,494(+10),,,,[西]森秀行,藤田晋,,202306020210
7,6,11,タイキスウォード,牡6,56,吉田隼人,1:12.0,1,**,,,,,14-12,37.5,6.6,3,476(+6),,,,[西]橋田満,大樹ファーム,,202306020210
8,2,3,ホッコーアカツキ,牡6,54,北村友一,1:12.0,クビ,**,,,,,6-5,38.2,59.5,12,518(+14),,,,[西]畑端省吾,北幸商事,,202306020210
9,5,9,タイセイグラシア,牝5,53,三浦皇成,1:12.0,クビ,**,,,,,9-9,38.0,89.9,13,450(-10),,,,[西]矢作芳人,田中成奉,,202306020210
10,4,7,リンカーンテソーロ,牡5,56,松山弘平,1:12.1,クビ,**,,,,,11-12,37.8,4.5,2,470(0),,,,[東]加藤士津,了徳寺健二ホールディングス,,202306020210
11,1,1,ビップエレナ,牝5,53,永野猛蔵,1:12.2,3/4,**,,,,,16-16,37.2,115.0,14,474(-2),,,,[東]田島俊明,鈴木邦英,,202306020210
12,7,14,マイステージ,牝5,54,松岡正海,1:12.4,1.1/4,**,,,,,9-10,38.4,13.2,7,448(+4),,,,[東]伊藤伸一,冨沢敦子,,202306020210
13,7,13,ショウナンバービー,牝6,54,Ｍ．デム,1:12.7,1.3/4,**,,,,,2-2,39.5,29.5,8,508(0),,,,[東]田中剛,湘南,,202306020210
14,8,16,ローレルジャック,牡10,52,武士沢友,1:12.8,クビ,**,,,,,11-12,38.5,278.1,16,512(+12),,,,[東]高橋裕,ローレルレーシング,,202306020210
15,5,10,サウンドカナロア,セ7,53,大野拓弥,1:12.8,クビ,**,,,,,4-5,39.3,241.2,15,468(-2),,,,[西]村山明,増田雄一,,202306020210
16,4,8,プレフェリータ,牝5,53,江田照男,1:13.5,4,**,,,,,6-7,39.7,37.2,11,486(+2),,,,[東]萩原清,Ｇ１レーシング,,202306020210
1,7,11,ヒシイグアス,牡7,57,松山弘平,1:47.1,,**,**,**,**,**,10-9-8-8,34.6,9.2,5,504(+14),,,,[東]堀宣行,阿部雅英,"6,799.4",202306020211
2,8,13,ラーグルフ,牡4,56,菅原明良,1:47.2,3/4,**,**,**,**,**,11-11-8-8,34.7,19.9,8,504(+4),,,,[東]宗像義忠,村木隆,"2,728.4",202306020211
3,3,4,ドーブネ,牡4,56,武豊,1:47.3,クビ,**,**,**,**,**,1-1-1-1,35.6,17.2,7,474(-4),,,,[西]武幸四郎,藤田晋,"1,714.2",202306020211
4,4,5,シュネルマイスター,牡5,58,バシュロ,1:47.3,ハナ,**,**,**,**,**,7-7-8-8,34.9,9.2,4,504(+14),,,,[東]手塚貴久,サンデーレーシング,"1,000.0",202306020211
5,7,12,スタニングローズ,牝4,55,吉田隼人,1:47.3,クビ,**,**,**,**,**,3-3-3-3,35.4,7.8,3,494(+6),,,,[西]高野友和,サンデーレーシング,670.0,202306020211
6,8,14,リューベック,牡4,56,田辺裕信,1:47.3,ハナ,**,**,**,**,**,7-7-4-5,35.1,58.0,9,494(-8),,,,[西]須貝尚介,金子真人ホールディングス,,202306020211
7,6,9,ショウナンマグマ,牡4,56,石橋脩,1:47.4,クビ,**,**,**,**,**,2-2-2-2,35.6,63.5,10,516(-8),,,,[東]尾関知人,国本哲秀,,202306020211
8,3,3,イルーシヴパンサー,牡5,57,Ｍ．デム,1:47.6,1,**,**,**,**,**,5-5-4-3,35.4,9.5,6,484(-4),,,,[東]久保田貴,草間庸文,,202306020211
9,4,6,ソーヴァリアント,牡5,57,横山武史,1:47.9,1.3/4,**,**,**,**,**,5-5-4-5,35.8,2.3,1,518(+12),,,,[東]大竹正博,社台レースホース,,202306020211
10,6,10,モズベッロ,牡7,57,大野拓弥,1:48.1,1.1/2,**,**,**,**,**,14-14-12-12,35.3,335.0,11,488(0),,,,[西]森田直行,キャピタル・システム,,202306020211
11,1,1,ダノンザキッド,牡5,57,北村友一,1:48.2,1/2,**,**,**,**,**,3-3-4-5,36.1,4.4,2,524(+3),,,,[西]安田隆行,ダノックス,,202306020211
12,5,7,ナイママ,牡7,57,柴田大知,1:48.4,3/4,**,**,**,**,**,13-13-12-12,35.7,521.3,14,480(-4),,,,[東]武藤善則,ビッグレッドファーム,,202306020211
13,2,2,ソロフレーズ,牡8,57,武士沢友,1:49.1,4,**,**,**,**,**,12-12-12-12,36.3,465.8,13,474(-13),,,,[東]佐藤吉勝,松谷翔太,,202306020211
14,5,8,トーラスジェミニ,牡7,57,原優介,1:49.2,1/2,**,**,**,**,**,7-9-8-11,36.8,337.4,12,472(+10),,,,[東]小桧山悟,柴原榮,,202306020211
1,1,1,ブレイクフォース,牡4,57,田辺裕信,1:54.2,,**,,,,,11-9-9-5,38.1,3.9,2,490(+4),,,,[東]中舘英二,水上行雄,"1,140.0",202306020212
2,6,12,ヴァーンフリート,牡4,57,バシュロ,1:54.6,2.1/2,**,,,,,7-7-4-2,38.8,2.2,1,528(0),,,,[東]手塚貴久,キャロットファーム,460.0,202306020212
3,3,5,ヨンク,牡7,58,武豊,1:54.7,3/4,**,,,,,8-8-4-5,38.9,19.8,6,500(-6),,,,[東]小笠倫弘,古川智洋,290.0,202306020212
4,6,11,キタノセレナード,牡4,57,吉田隼人,1:55.4,4,**,,,,,9-9-9-8,39.3,9.0,4,442(-2),,,,[西]坂口智康,北所直人,170.0,202306020212
5,1,2,アースライザー,セ6,58,石川裕紀,1:55.5,1/2,**,,,,,5-5-4-5,39.7,58.6,10,486(-4),,,,[東]鈴木慎太,ノルマンディーサラブレッドレーシング,114.0,202306020212
6,4,7,エクセレントラン,セ6,55,西塚洸二,1:55.5,ハナ,**,,,,,16-16-15-14,38.9,153.8,13,484(+12),,,,[東]大江原哲,田畑利彦,,202306020212
7,3,6,サクセスエース,牡5,58,石橋脩,1:55.7,1,**,,,,,3-3-3-2,40.2,22.4,8,490(0),,,,[東]竹内正洋,ブルースターズファーム,,202306020212
8,5,9,ナンヨーヴィヨレ,牡5,58,丸田恭介,1:56.1,2.1/2,**,,,,,13-13-13-11,39.7,364.3,16,466(+14),,,,[東]宗像義忠,中村徳也,,202306020212
9,5,10,マブストーク,牡5,58,木幡巧也,1:56.1,ハナ,**,,,,,14-15-15-11,39.6,20.2,7,486(-2),,,,[東]牧光二,マブレーシング,,202306020212
10,4,8,ヤウガウ,セ6,57,永野猛蔵,1:56.1,ハナ,**,,,,,5-5-4-8,40.3,209.6,15,484(-2),,,,[東]金成貴史,Ｇリビエール・レーシング,,202306020212
11,2,4,スクリーンプロセス,セ5,58,菅原明良,1:56.1,ハナ,**,,,,,11-12-13-13,39.7,92.7,11,544(+8),,,,[東]中川公成,社台レースホース,,202306020212
12,8,15,タシロ,牡6,58,杉原誠人,1:56.2,クビ,**,,,,,1-2-2-2,40.8,107.9,12,536(+8),,,,[東]伊藤大士,ミルファーム,,202306020212
13,7,13,トーセンマーク,牡5,58,菊沢一樹,1:56.2,アタマ,**,,,,,14-13-11-8,40.0,50.3,9,522(0),,,,[東]古賀慎明,島川隆哉,,202306020212
14,7,14,メイショウヨシテル,牡5,58,松山弘平,1:56.4,1,**,,,,,9-9-11-15,40.2,14.5,5,476(-6),,,,[西]池添兼雄,松本好隆,,202306020212
15,2,3,バーリンギャップ,牝4,55,横山武史,1:56.8,2.1/2,**,,,,,2-1-1-1,41.4,6.1,3,498(-4),,,,[東]萩原清,サンデーレーシング,,202306020212
16,8,16,オンリーワンボーイ,セ6,56,横山琉人,1:59.8,大,**,,,,,4-4-4-15,44.0,203.4,14,452(-10),,,,[東]斎藤誠,金山克己,,202306020212
1,6,12,ルルシュシュ,牝3,54,丸山元気,1:55.8,,**,,,,,8-9-8-6,40.0,5.8,3,500(-4),,,,[東]金成貴史,Ｇリビエール・レーシング,550.0,202306020301
2,2,3,アイベラ,牝3,54,津村明秀,1:56.0,1.1/4,**,,,,,5-5-4-4,40.5,4.0,1,456(-2),,,,[東]田中博康,Ｇ１レーシング,220.0,202306020301
3,5,9,オズモポリタン,牝3,54,内田博幸,1:56.4,2.1/2,**,,,,,3-3-2-1,41.2,28.8,10,490(+6),,,,[東]本間忍,琴浦諒,140.0,202306020301
4,4,7,ヒラリーステップ,牝3,54,石川裕紀,1:56.5,クビ,**,,,,,7-5-5-5,40.9,8.7,5,466(+4),,,,[東]天間昭一,ビッグレッドファーム,83.0,202306020301
5,3,6,ヴォンヌヴォー,牝3,54,木幡巧也,1:56.7,1.1/4,**,,,,,1-1-1-2,41.5,20.3,7,452(0),,,,[東]菊川正達,平川浩之,55.0,202306020301
6,3,5,ビーティングハート,牝3,54,北村宏司,1:56.7,クビ,**,,,,,14-12-12-10,40.5,4.4,2,452(+2),,,,[東]嘉藤貴行,藤本栄史,,202306020301
7,1,2,ドゥラミチャン,牝3,54,ルメール,1:56.7,クビ,**,,,,,3-3-5-6,41.0,6.0,4,454(-4),,,,[東]加藤征弘,阿部友弘,,202306020301
8,1,1,ニシノツキアカリ,牝3,54,武藤雅,1:56.7,ハナ,**,,,,,8-8-9-8,40.7,124.4,14,462(-4),,,,[東]水野貴広,西山茂行,,202306020301
9,2,4,ナムラオリビア,牝3,54,木幡初也,1:57.5,5,**,,,,,16-16-16-15,39.5,186.3,16,438(+2),,,,[東]武市康男,奈村睦弘,,202306020301
10,4,8,スペロ,牝3,51,佐々木大,1:57.6,クビ,**,,,,,2-2-2-2,42.4,34.8,11,454(+6),,,,[東]矢野英一,Ｇリビエール・レーシング,,202306020301
11,8,15,コトシロ,牝3,54,丹内祐次,1:57.7,1/2,**,,,,,5-5-5-8,42.1,27.6,8,482(0),,,,[東]尾形和幸,平川浩之,,202306020301
12,7,14,フェアリーパイン,牝3,51,石田拓郎,1:58.3,3.1/2,**,,,,,13-14-15-15,41.1,108.1,13,440(-12),,,,[東]新開幸一,飯島利彦,,202306020301
13,8,16,ウォーカーカップ,牝3,54,岩田康誠,1:58.4,3/4,**,,,,,15-15-14-13,41.6,61.9,12,428(0),,,,[東]伊藤大士,吉田和美,,202306020301
14,7,13,サクラグラシュー,牝3,53,永野猛蔵,1:58.5,クビ,**,,,,,12-12-12-10,42.3,28.0,9,486(-4),,,,[東]伊藤圭三,さくらコマース,,202306020301
15,5,10,スマイリングウェイ,牝3,52,横山琉人,1:59.1,4,**,,,,,8-9-9-12,43.1,135.8,15,428(-6),,,,[東]大竹正博,ターフ・スポート,,202306020301
16,6,11,ポルトロッソ,牝3,54,三浦皇成,2:01.7,大,**,,,,,8-9-9-13,45.6,10.2,6,462(+2),,,,[東]宮田敬介,サンデーレーシング,,202306020301
1,8,16,イデアミラーグロ,牡3,56,丹内祐次,1:13.0,,**,,,,,1-1,39.2,3.8,2,486(+6),,,,[東]本間忍,益田修一,550.0,202306020302
2,3,6,カツノテンス,牡3,56,松岡正海,1:13.1,1/2,**,,,,,3-3,39.1,7.3,5,436(0),,,,[東]伊藤伸一,勝野産業,220.0,202306020302
3,6,12,ケイツードラム,牡3,56,江田照男,1:13.2,1/2,**,,,,,8-6,38.5,4.6,3,454(-4),,,,[東]蛯名利弘,楠本勝美,140.0,202306020302
4,7,14,モノノフイエロー,牡3,56,伊藤工真,1:13.2,クビ,**,,,,,2-2,39.3,24.4,7,446(-4),,,,[東]伊坂重信,ウエスト．フォレスト．ステイブル,83.0,202306020302
5,4,7,マロンドレ,牡3,56,菅原明良,1:13.9,4,**,,,,,6-7,39.4,11.9,6,456(0),,,,[東]大竹正博,伊藤功一,55.0,202306020302
6,2,3,トリオーレ,牡3,56,横山和生,1:14.0,クビ,**,,,,,3-4,39.9,6.4,4,480(0),,,,[東]嘉藤貴行,ノルマンディーサラブレッドレーシング,,202306020302
7,5,10,シークレットトーク,牡3,53,小林勝太,1:14.0,アタマ,**,,,,,3-4,40.0,100.6,11,472(+6),,,,[東]加藤士津,石川佳弘,,202306020302
8,1,2,ダイチストリーム,牡3,53,佐々木大,1:14.1,1/2,**,,,,,9-10,38.8,273.4,15,462(-4),,,,[東]和田雄二,服部英利,,202306020302
9,2,4,アトリーテソーロ,牡3,54,原優介,1:14.3,1.1/4,**,,,,,9-8,39.1,179.3,12,472(0),,,,[東]武市康男,了徳寺健二ホールディングス,,202306020302
10,6,11,ミニストリー,牝3,52,横山琉人,1:14.5,1.1/2,**,,,,,6-8,40.0,3.4,1,454(+2),,,,[東]高柳瑞樹,三嶋牧場,,202306020302
11,8,15,ワクワクタロー,牡3,52,小林美駒,1:14.6,クビ,**,,,,,9-11,39.3,66.4,8,484(+2),,,,[東]武市康男,西村新一郎,,202306020302
12,1,1,ステイジョリー,牡3,56,木幡巧也,1:15.0,2.1/2,**,,,,,12-12,39.3,375.5,16,440(0),,,,[東]杉浦宏昭,吉田照哉,,202306020302
13,4,8,シュウ,牡3,56,北村宏司,1:15.2,1.1/4,**,,,,,15-13,39.0,67.3,9,472(0),,,,[東]勢司和浩,木村廣太,,202306020302
14,7,13,オスカーレイ,牝3,51,佐藤翔馬,1:15.3,1/2,**,,,,,13-14,39.2,208.0,13,404(-2),,,,[東]小桧山悟,森保彦,,202306020302
15,3,5,オールオナーズ,牝3,51,水沼元輝,1:15.3,クビ,**,,,,,16-16,38.4,98.2,10,514(0),,,,[東]加藤和宏,小原準一郎,,202306020302
16,5,9,キタノサウンド,牝3,52,小林凌大,1:16.0,4,**,,,,,13-15,39.9,222.4,14,416(0),,,,[東]小西一男,北所直人,,202306020302
1,5,10,ゴールドバランサー,牡3,56,内田博幸,1:55.4,,**,,,,,3-3-2-1,37.5,2.9,2,458(-4),,,,[東]鈴木慎太,居城寿与,550.0,202306020303
2,3,6,ロフティーイデアル,牝3,54,丸山元気,1:56.9,9,**,,,,,7-4-4-3,38.8,35.9,9,470(0),,,,[東]林徹,Ｇ１レーシング,220.0,202306020303
3,1,2,フィールザクラウン,牡3,56,北村宏司,1:57.2,1.3/4,**,,,,,10-9-11-10,38.7,91.6,11,424(-6),,,,[東]伊藤大士,櫻井正,140.0,202306020303
4,7,14,バルフォアテソーロ,牡3,54,原優介,1:57.2,アタマ,**,,,,,4-7-4-3,39.2,27.9,8,482(0),,,,[東]高木登,了徳寺健二ホールディングス,83.0,202306020303
5,5,9,ニットウライジン,牡3,55,永野猛蔵,1:57.2,アタマ,**,,,,,2-2-1-2,39.4,17.0,5,496(0),,,,[東]稲垣幸雄,日東牧場,55.0,202306020303
6,4,7,ボールズピラミッド,牡3,56,松岡正海,1:57.3,3/4,**,,,,,13-13-11-9,38.7,24.0,6,468(+2),,,,[東]戸田博文,窪田芳郎,,202306020303
7,8,16,キャルドーン,牡3,56,三浦皇成,1:57.6,1.1/2,**,,,,,8-9-9-5,39.3,2.1,1,510(0),,,,[東]高柳瑞樹,里見治紀,,202306020303
8,8,15,デルマオクリダシ,牡3,56,菊沢一樹,1:58.3,4,**,,,,,8-7-9-7,40.0,14.0,4,464(-4),,,,[東]菊沢隆徳,浅沼廣幸,,202306020303
9,2,4,パープルアドミラル,牡3,56,横山和生,1:58.3,クビ,**,,,,,4-4-7-10,40.1,78.1,10,438(-2),,,,[東]堀内岳志,岡田牧雄,,202306020303
10,4,8,シャインソテツ,セ3,53,小林勝太,1:58.4,1/2,**,,,,,14-14-13-13,39.6,25.0,7,474(-6),,,,[東]小野次郎,皆川博文,,202306020303
11,6,11,カウノスライト,牡3,53,石田拓郎,1:59.2,5,**,,,,,4-4-4-7,41.1,172.5,13,484(+2),,,,[東]宗像義忠,高橋文男,,202306020303
12,6,12,カフェフィッツロイ,牡3,56,田辺裕信,1:59.5,2,**,,,,,12-11-7-5,41.3,7.8,3,550(0),,,,[東]中舘英二,西川恭子,,202306020303
13,1,1,サクラマイウェイ,牡3,54,横山琉人,1:59.7,1,**,,,,,15-15-13-14,40.9,102.8,12,496(+8),,,,[東]尾関知人,さくらコマース,,202306020303
14,7,13,メーリッハベイ,牡3,56,宮崎北斗,1:59.7,アタマ,**,,,,,16-16-16-14,40.3,285.8,14,450(-12),,,,[東]中川公成,京都ホースレーシング,,202306020303
15,3,5,スペースソニック,牡3,56,江田照男,2:00.1,2,**,,,,,10-11-13-16,41.2,309.2,15,460(-4),,,,[東]田村康仁,松谷翔太,,202306020303
16,2,3,レーガンテソーロ,牡3,56,木幡巧也,2:04.1,大,**,,,,,1-1-2-10,46.2,399.5,16,434(0),,,,[東]牧光二,了徳寺健二ホールディングス,,202306020303
1,8,13,ヤップヤップヤップ,牡7,60,江田勇亮,3:10.6,,,,,,,3-3-3-2,13.2,12.0,4,464(+6),,,,[東]宗像義忠,薗部博之,790.0,202306020304
2,5,7,ブルメンダール,牡5,60,蓑島靖典,3:10.6,クビ,,,,,,1-2-1-1,13.2,1.4,1,470(-2),,,,[東]国枝栄,キャロットファーム,320.0,202306020304
3,3,3,ラジェドール,セ5,60,草野太郎,3:11.8,7,,,,,,4-4-4-4,13.3,21.0,5,504(0),,,,[東]小笠倫弘,根岸朋弘,200.0,202306020304
4,4,6,ショウナンバルディ,牡7,58,小牧加矢,3:11.9,クビ,,,,,,8-5-4-5,13.3,6.4,3,460(-8),,,,[西]松下武士,国本哲秀,120.0,202306020304
5,6,9,アドマイヤレビン,牡5,60,小野寺祐,3:12.0,1/2,,,,,,2-1-2-2,13.3,32.9,6,492(-4),,,,[東]加藤征弘,近藤旬子,79.0,202306020304
6,7,12,イザトナレバ,セ4,59,金子光希,3:12.7,4,,,,,,9-8-6-6,13.4,48.1,7,464(+2),,,,[東]伊坂重信,大久保幸夫,,202306020304
7,7,11,トーセンオリジン,牡6,60,上野翔,3:14.2,9,,,,,,10-10-9-8,13.5,5.7,2,464(+2),,,,[東]和田雄二,本田恒雄,,202306020304
8,5,8,ノアチェリー,牝4,57,大江原圭,3:14.8,3.1/2,,,,,,6-7-6-7,13.5,85.2,10,470(+2),,,,[東]小笠倫弘,佐山公男,,202306020304
9,3,4,セイウンフィーバー,牡4,59,鈴木慶太,3:16.0,7,,,,,,11-11-10-10,13.6,198.3,13,466(+10),,,,[東]尾形和幸,西山茂行,,202306020304
10,2,2,クリノサンシャイン,牝6,58,井上敏樹,3:16.2,1,,,,,,12-12-11-11,13.6,166.9,12,448(+10),,,,[東]石毛善彦,栗本博晴,,202306020304
11,1,1,サンメディル,セ6,60,大庭和弥,3:17.3,7,,,,,,5-6-8-9,13.7,352.9,14,500(-2),,,,[東]尾形和幸,ノルマンディーサラブレッドレーシング,,202306020304
中,4,5,ミルトクリーガー,牡4,59,平沢健治,,,,,,,,13-13,,118.4,11,454(-14),,,,[西]中竹和也,永山勝敏,,202306020304
中,6,10,アイアムスゴスギル,牡6,60,五十嵐雄,,,,,,,,6-8-12,,69.2,9,512(+22),,,,[東]奥平雅士,堀紘一,,202306020304
中,8,14,ストラテジーマップ,セ6,60,伴啓太,,,,,,,,,,48.2,8,478(+2),,,,[東]加藤士津,社台レースホース,,202306020304
1,3,5,ダイシンヤマト,牡3,56,吉田豊,1:34.4,,**,,,,,4-7-6,35.1,4.3,2,478(0),,,,[東]戸田博文,大八木信行,550.0,202306020305
2,1,2,ハルオーブ,牡3,56,三浦皇成,1:34.5,1/2,**,,,,,2-4-3,35.6,2.3,1,454(0),,,,[東]武井亮,ヒダカ・ブリーダーズ・ユニオン,220.0,202306020305
3,6,12,フライウィズミー,牝3,52,横山琉人,1:34.7,1.1/4,**,,,,,11-10-10,35.0,6.6,3,424(0),,,,[東]小島茂之,ゴドルフィン,140.0,202306020305
4,1,1,ティックルハート,牝3,54,菅原明良,1:34.8,1/2,**,,,,,7-8-8,35.4,17.1,6,444(+8),,,,[東]高木登,Ｇ１レーシング,83.0,202306020305
5,7,14,アリダンジェロ,牝3,54,吉田隼人,1:34.9,3/4,**,,,,,1-2-2,36.3,20.8,7,506(+4),,,,[東]西田雄一,グリーンファーム,55.0,202306020305
6,2,4,ディバイングレース,牝3,54,ルメール,1:35.0,1/2,**,,,,,14-12-12,35.2,6.8,4,422(0),,,,[東]蛯名正義,キャロットファーム,,202306020305
7,5,9,ゴールドシアター,牝3,54,津村明秀,1:35.1,クビ,**,,,,,11-10-10,35.4,241.7,14,422(0),,,,[東]村田一誠,居城寿与,,202306020305
8,6,11,ゴールデンパリー,牝3,54,丹内祐次,1:35.2,1,**,,,,,7-4-3,36.4,211.8,12,428(-8),,,,[東]田中剛,簗詰貴彦,,202306020305
9,5,10,クレイプマートル,牝3,54,黛弘人,1:35.4,1.1/4,**,,,,,13-12-12,35.6,42.7,8,522(-6),,,,[東]中川公成,ミルファーム,,202306020305
10,3,6,アイルトンライト,牝3,54,団野大成,1:36.5,7,**,,,,,7-8-8,37.1,52.2,9,418(0),,,,[東]中舘英二,吉田勝己,,202306020305
11,7,13,ルージュナディア,牝3,54,横山和生,1:36.5,アタマ,**,,,,,4-6-6,37.4,8.4,5,432(-6),,,,[東]国枝栄,東京ホースレーシング,,202306020305
12,8,15,アジアノカイゾク,牡3,56,内田博幸,1:36.6,1/2,**,,,,,14-16-16,35.6,178.0,11,506(0),,,,[東]古賀慎明,福島徳佑,,202306020305
13,2,3,ピーク,牝3,54,松岡正海,1:36.8,1.1/4,**,,,,,16-14-14,36.7,415.8,15,418(0),,,,[東]堀内岳志,和泉憲一,,202306020305
14,4,7,グラスミラー,牡3,56,田中勝春,1:36.9,3/4,**,,,,,2-1-1,38.5,129.0,10,484(0),,,,[東]菊川正達,半沢,,202306020305
15,8,16,オモルフォス,牝3,52,小林脩斗,1:37.5,3.1/2,**,,,,,4-2-3,38.9,619.3,16,390(-4),,,,[東]武藤善則,ビッグレッドファーム,,202306020305
16,4,8,トーセンジャネット,牝3,54,石川裕紀,1:37.7,1,**,,,,,7-14-14,37.5,234.2,13,418(0),,,,[東]池上昌和,島川隆哉,,202306020305
1,1,1,ライツオブキングス,牡3,56,ルメール,1:48.3,,**,,,,,1-1-1-1,36.0,1.6,1,500(+10),,,,[東]鹿戸雄一,社台レースホース,550.0,202306020306
2,1,2,コスモアバンサ,牡3,56,ムルザバ,1:48.9,3.1/2,**,,,,,7-6-7-8,36.1,4.7,2,480(+4),,,,[東]奥村武,ビッグレッドファーム,220.0,202306020306
3,3,6,サクセスパルス,牡3,56,三浦皇成,1:48.9,ハナ,**,,,,,10-10-10-9,35.8,11.9,4,450(+2),,,,[東]高柳瑞樹,柴田実千代,140.0,202306020306
4,7,14,ネザーランドリマ,牝3,51,佐藤翔馬,1:49.1,1.1/2,**,,,,,7-8-7-3,36.2,33.9,6,412(0),,,,[東]小桧山悟,小川敏夫,83.0,202306020306
5,6,11,ミッキーグロリア,牝3,54,吉田隼人,1:49.4,1.3/4,**,,,,,5-4-4-3,36.8,5.4,3,426(+12),,,,[東]久保田貴,野田みづき,55.0,202306020306
6,2,4,アンクルコンシャス,牝3,54,横山和生,1:49.5,クビ,**,,,,,3-4-4-3,36.9,16.0,5,470(+2),,,,[東]栗田徹,吉田照哉,,202306020306
7,5,10,ナンヨーノサラ,牝3,54,武藤雅,1:49.5,クビ,**,,,,,5-6-4-3,36.8,62.7,7,486(+16),,,,[東]武藤善則,中村徳也,,202306020306
8,4,7,スキップアビート,牝3,53,永野猛蔵,1:49.8,1.3/4,**,,,,,13-14-14-14,35.6,71.5,9,368(-2),,,,[東]南田美知,ミルファーム,,202306020306
9,3,5,アポテカ,牝3,54,菊沢一樹,1:49.9,クビ,**,,,,,13-13-13-13,35.9,452.9,16,430(+6),,,,[東]松山将樹,井上久光,,202306020306
10,8,15,コスモエランドール,牝3,52,小林凌大,1:50.1,1.1/2,**,,,,,10-12-11-11,36.3,217.9,12,402(-6),,,,[東]深山雅史,ビッグレッドファーム,,202306020306
11,2,3,テルテ,牝3,54,嶋田純次,1:50.5,2.1/2,**,,,,,2-2-2-2,38.1,65.6,8,424(-2),,,,[東]手塚貴久,榊原源一郎,,202306020306
12,8,16,レジーナヌーボ,牝3,52,原優介,1:50.5,アタマ,**,,,,,7-8-7-9,37.6,289.6,14,422(-2),,,,[東]武市康男,永山勝敏,,202306020306
13,4,8,ベニエ,牝3,54,野中悠太,1:50.8,1.3/4,**,,,,,3-3-3-3,38.3,391.9,15,454(-4),,,,[東]稲垣幸雄,フジワラ・ファーム,,202306020306
14,7,13,ビクトリーキャッチ,牝3,54,丹内祐次,1:51.1,1.3/4,**,,,,,10-11-11-11,37.4,87.9,10,460(0),,,,[東]鈴木慎太,コスモヴューファーム,,202306020306
15,6,12,イサムサンカ,牡3,56,丸田恭介,1:51.4,1.3/4,**,,,,,15-15-15-15,37.0,137.1,11,476(0),,,,[東]宗像義忠,岡田勇,,202306020306
16,5,9,ロジメリオール,牡3,53,石田拓郎,1:51.8,2.1/2,**,,,,,16-16-16-16,36.5,223.1,13,454(-6),,,,[東]新開幸一,久米田正明,,202306020306
1,3,5,ハチメンロッピ,牡3,54,原優介,1:11.0,,**,,,,,12-12,36.4,19.0,8,486(+4),,,,[東]矢野英一,ターフ・スポート,780.0,202306020307
2,4,7,ビルカール,牡3,56,柴田善臣,1:11.2,1.1/4,**,,,,,5-4,37.5,99.5,13,482(-4),,,,[東]水野貴広,野村茂雄,310.0,202306020307
3,5,9,ハードワイヤード,牡3,56,ムルザバ,1:11.2,クビ,**,,,,,2-2,38.1,4.8,2,504(-6),,,,[東]加藤征弘,ゴドルフィン,200.0,202306020307
4,8,15,グッドロマンス,牝3,54,津村明秀,1:11.3,1/2,**,,,,,5-4,37.5,24.7,10,460(-2),,,,[東]稲垣幸雄,ビリオンスター,120.0,202306020307
5,2,3,サイモンギフト,牡3,56,田辺裕信,1:11.6,1.1/2,**,,,,,1-1,38.5,8.9,4,492(-4),,,,[東]勢司和浩,澤田昭紀,78.0,202306020307
6,7,13,スズカコーズ,牡3,55,永野猛蔵,1:11.7,3/4,**,,,,,9-9,37.4,2.7,1,506(+8),,,,[東]伊藤圭三,永井啓弍,,202306020307
7,2,4,ミルトプライム,牡3,56,菊沢一樹,1:11.8,クビ,**,,,,,9-9,37.6,9.0,5,472(+2),,,,[西]杉山晴紀,永山勝敏,,202306020307
8,8,16,ベアカワイコチャン,牝3,54,松岡正海,1:11.8,クビ,**,,,,,7-6,37.7,95.2,12,476(-2),,,,[東]杉浦宏昭,熊木浩,,202306020307
9,3,6,ダンスインザリング,牡3,56,岩田康誠,1:11.8,アタマ,**,,,,,7-6,37.7,122.1,14,450(+4),,,,[東]武井亮,古賀慎一,,202306020307
10,7,14,トロピカルヒーロー,牡3,56,武藤雅,1:12.2,2.1/2,**,,,,,12-13,37.5,32.3,11,494(-2),,,,[東]武藤善則,田頭勇貴,,202306020307
11,1,1,ユイノマチブセ,牡3,56,木幡初也,1:12.3,3/4,**,,,,,14-13,37.4,8.8,3,438(-6),,,,[東]竹内正洋,由井健太郎,,202306020307
12,5,10,テンコマンドゥール,牡3,56,三浦皇成,1:12.6,1.3/4,**,,,,,9-9,38.3,128.7,15,484(-2),,,,[東]矢野英一,天白泰司,,202306020307
13,4,8,キーチキング,牡3,53,佐藤翔馬,1:12.7,3/4,**,,,,,16-16,36.9,20.4,9,464(+14),,,,[東]小手川準,山本益臣,,202306020307
14,6,12,アンビバレント,牡3,56,菅原明良,1:13.1,2.1/2,**,,,,,4-6,39.5,18.0,7,458(0),,,,[東]青木孝文,ノルマンディーサラブレッドレーシング,,202306020307
15,6,11,マジックタッチ,牡3,56,内田博幸,1:13.3,1,**,,,,,2-3,40.1,13.5,6,534(+2),,,,[東]加藤士津,藤本栄史,,202306020307
16,1,2,カレイジャス,牝3,51,小林勝太,1:13.3,クビ,**,,,,,15-15,38.1,403.5,16,424(-6),,,,[東]村田一誠,ケンレーシング組合,,202306020307
1,5,9,ホウオウプレミア,牡4,58,内田博幸,1:32.8,,**,,,,,16-11-2,35.0,1.8,1,482(+2),,,,[東]奥村武,小笹芳央,800.0,202306020308
2,2,3,ビジュノワール,牝4,56,津村明秀,1:33.1,1.3/4,**,,,,,15-16-14,34.7,11.8,4,444(-2),,,,[東]中舘英二,吉田勝己,320.0,202306020308
3,7,14,アルファウェーブ,セ6,58,北村宏司,1:33.2,クビ,**,,,,,7-8-9,35.5,51.6,10,540(-4),,,,[東]辻哲英,吉田勝己,200.0,202306020308
4,3,5,ユヌエトワール,牝6,56,石川裕紀,1:33.5,1.3/4,**,,,,,13-15-14,35.3,22.3,7,430(-2),,,,[東]小手川準,社台レースホース,120.0,202306020308
5,4,8,モンタナアゲート,牡4,58,ルメール,1:33.5,ハナ,**,,,,,2-5-5,36.0,4.1,2,556(-12),,,,[東]和田正一,吉田勝己,80.0,202306020308
6,1,1,ハリウッドヒルズ,牡6,58,菅原明良,1:33.5,クビ,**,,,,,7-2-4,36.1,15.3,6,498(+2),,,,[東]田中博康,ゴドルフィン,,202306020308
7,5,10,マンドローネ,牝4,56,ムルザバ,1:33.7,1.1/4,**,,,,,7-5-7,36.2,12.0,5,448(0),,,,[東]尾関知人,シルクレーシング,,202306020308
8,4,7,セキテイオー,牡4,58,田中勝春,1:33.8,3/4,**,,,,,2-2-2,36.5,11.6,3,476(+2),,,,[東]田中剛,杉山元洋,,202306020308
9,3,6,モメントグスタール,セ5,58,大野拓弥,1:33.9,3/4,**,,,,,11-11-11,36.0,106.6,11,468(0),,,,[東]高木登,ディアレストクラブ,,202306020308
10,7,13,ホウオウジュレップ,牝5,56,木幡巧也,1:34.2,2,**,,,,,7-8-7,36.6,393.7,15,426(+10),,,,[東]牧光二,小笹芳央,,202306020308
11,8,15,マコトチガネマル,牝4,56,吉田隼人,1:34.4,1,**,,,,,13-14-14,36.4,379.9,14,442(-16),,,,[東]村田一誠,ディアマント,,202306020308
12,6,12,ツキニホエル,牡4,57,秋山稔樹,1:34.4,ハナ,**,,,,,11-11-11,36.5,559.7,16,440(+10),,,,[東]武市康男,植村仁,,202306020308
13,1,2,アリシアン,牝4,54,横山琉人,1:34.4,ハナ,**,,,,,2-1-1,37.3,33.9,9,486(-2),,,,[東]加藤征弘,広尾レース,,202306020308
14,6,11,テールデトワール,牝4,56,石橋脩,1:35.3,5,**,,,,,2-8-11,37.6,27.4,8,430(-13),,,,[東]上原佑紀,サンデーレーシング,,202306020308
15,2,4,マブセレナード,牝4,53,西塚洸二,1:35.7,2.1/2,**,,,,,2-2-5,38.4,341.1,12,470(+16),,,,[東]伊藤大士,マブレーシング,,202306020308
16,8,16,ロジローズ,牡5,58,野中悠太,1:35.9,1.1/4,**,,,,,1-5-9,38.4,353.8,13,472(+10),,,,[東]大竹正博,久米田正明,,202306020308
1,8,10,ブローザホーン,牡4,55,菅原明良,2:31.5,,**,,,,,2-2-2-1,35.5,4.7,3,420(-8),,,,[東]中野栄治,岡田牧雄,"1,575.2",202306020309
2,4,4,エンドロール,牡4,54,永野猛蔵,2:31.8,1.3/4,**,,,,,4-5-6-5,35.2,17.1,6,468(-2),,,,[東]青木孝文,石川秀守,627.2,202306020309
3,3,3,サンセットクラウド,牡4,56,吉田隼人,2:32.1,2,**,,,,,4-3-4-3,35.8,2.5,1,450(-2),,,,[西]矢作芳人,前田晋二,393.6,202306020309
4,8,11,ワープスピード,牡4,54,横山和生,2:32.4,1.3/4,**,,,,,11-11-11-8,35.4,4.9,4,500(+4),,,,[東]高木登,山田弘,230.0,202306020309
5,2,2,シャインユニバンス,牝5,54,武藤雅,2:32.4,クビ,**,,,,,8-8-8-8,35.6,12.3,5,424(-2),,,,[東]田村康仁,亀井哲也,155.0,202306020309
6,5,5,セツメンノトビウオ,牡6,54,津村明秀,2:32.5,1/2,**,,,,,6-6-6-5,36.0,50.0,8,468(-2),,,,[西]牧田和弥,三宅勝俊,,202306020309
7,6,7,ウインチェレステ,牡5,55,松岡正海,2:33.1,3.1/2,**,,,,,1-1-1-2,37.2,41.8,7,502(-5),,,,[東]畠山吉宏,ウイン,,202306020309
8,7,9,ポレンティア,牝6,54,ルメール,2:33.4,2,**,,,,,2-3-4-5,37.1,4.2,2,508(+6),,,,[東]田中博康,シルクレーシング,,202306020309
9,7,8,ナックイルシーブ,牡5,54,木幡巧也,2:33.9,3,**,,,,,9-9-9-10,37.0,161.5,10,516(-4),,,,[東]杉浦宏昭,小松欣也,,202306020309
10,6,6,シュブリーム,牡7,54,田中勝春,2:34.3,2.1/2,**,,,,,10-10-2-3,38.3,55.2,9,488(+10),,,,[東]大和田成,栗坂崇,,202306020309
11,1,1,クリノキングボス,牡6,51,武士沢友,2:35.2,5,**,,,,,6-6-9-11,38.3,268.1,11,484(0),,,,[東]天間昭一,栗本博晴,,202306020309
1,5,9,ベストリーガード,牡4,57,津村明秀,1:51.8,,**,,,,,1-1-1-1,37.6,3.7,2,482(+2),,,,[東]牧光二,石瀬浩三,"1,873.6",202306020310
2,4,8,ミッキーヌチバナ,牡5,56,ルメール,1:51.9,3/4,**,,,,,5-3-4-3,37.4,7.5,3,520(+4),,,,[西]高橋亮,野田みづき,749.6,202306020310
3,5,10,コパノニコルソン,牡4,56,石川裕紀,1:52.5,3.1/2,**,,,,,12-12-10-10,37.4,22.4,8,520(0),,,,[西]宮徹,小林祥晃,464.8,202306020310
4,3,5,サトノフウジン,牡6,55,三浦皇成,1:52.5,アタマ,**,,,,,14-15-12-10,37.1,86.8,12,478(+4),,,,[東]堀宣行,里見治,280.0,202306020310
5,2,4,オンザライン,牡5,57,石橋脩,1:52.5,ハナ,**,,,,,6-6-7-6,37.7,14.1,6,460(+2),,,,[東]大和田成,久保田定,184.0,202306020310
6,3,6,トラモント,セ6,56,北村宏司,1:52.5,アタマ,**,,,,,8-6-7-6,37.7,11.7,4,508(-4),,,,[東]新開幸一,シルクレーシング,,202306020310
7,8,15,ソニックベガ,牝6,53,吉田隼人,1:52.8,1.1/2,**,,,,,3-3-2-3,38.4,73.5,10,470(0),,,,[西]田中克典,シルクレーシング,,202306020310
8,6,12,ガンダルフ,牡5,57,ムルザバ,1:53.2,2.1/2,**,,,,,6-6-6-6,38.5,2.4,1,488(+2),,,,[東]国枝栄,サンデーレーシング,,202306020310
9,2,3,タイセイスラッガー,牡5,55,菅原明良,1:53.4,1,**,,,,,3-3-4-3,38.9,40.0,9,546(-4),,,,[東]高橋裕,田中成奉,,202306020310
10,4,7,タヒチアンダンス,牝4,54,永野猛蔵,1:53.5,1/2,**,,,,,9-9-9-9,38.6,84.6,11,470(-2),,,,[東]加藤征弘,吉田照哉,,202306020310
11,7,14,カフェスペランツァ,牡6,55,吉田豊,1:53.5,ハナ,**,,,,,16-16-16-13,37.8,121.2,15,520(+6),,,,[東]中舘英二,西川恭子,,202306020310
12,6,11,ラグラスドシエル,牝5,53,丹内祐次,1:54.3,5,**,,,,,10-11-13-15,38.8,128.4,16,456(-18),,,,[西]中村直也,ＫＡＪＩＭＯＴＯホールディングス,,202306020310
13,1,2,フジマサインパクト,牡5,55,田中勝春,1:54.4,3/4,**,,,,,12-13-13-15,38.9,13.5,5,442(+4),,,,[東]菊川正達,藤原正一,,202306020310
14,7,13,ナリノモンターニュ,牡6,54,田辺裕信,1:54.6,3/4,**,,,,,14-14-13-13,39.1,87.4,13,522(+2),,,,[東]上原博之,成塚清志,,202306020310
15,1,1,ホウオウライジン,牡7,55,岩田康誠,1:54.6,クビ,**,,,,,10-10-10-10,39.5,117.1,14,504(+10),,,,[西]矢作芳人,小笹芳央,,202306020310
中,8,16,コーラスケイト,牝5,53,江田照男,,,**,,,,,2-2-2-2,,15.0,7,530(+8),,,,[東]田村康仁,大塚亮一,,202306020310
1,5,9,ヴェントヴォーチェ,牡6,57,ルメール,1:07.4,,**,**,**,**,**,8-4,33.3,4.4,2,514(-4),,,,[西]牧浦充徳,エデンアソシエーション,"4,356.7",202306020311
2,1,1,ディヴィナシオン,牡6,57,菅原明良,1:07.7,2,**,**,**,**,**,8-8,33.5,154.7,15,472(-4),,,,[西]森秀行,一村哲也,"1,716.2",202306020311
3,7,13,エイシンスポッター,牡4,57,角田大河,1:07.8,1/2,**,**,**,**,**,10-10,33.4,7.5,5,492(-6),,,,[西]吉村圭司,栄進堂,"1,108.1",202306020311
4,8,16,マリアズハート,牝7,55,吉田隼人,1:07.8,ハナ,**,**,**,**,**,13-13,33.2,22.5,8,498(+2),,,,[東]菊沢隆徳,ノルマンディーサラブレッドレーシング,650.0,202306020311
5,3,6,ジュビリーヘッド,牡6,57,横山和生,1:08.0,1.1/4,**,**,**,**,**,4-4,34.3,4.3,1,474(-2),,,,[西]安田隆行,キャロットファーム,430.0,202306020311
6,2,4,ロードマックス,牡5,57,団野大成,1:08.1,クビ,**,**,**,**,**,12-12,33.6,30.8,10,442(-8),,,,[西]藤原英昭,ロードホースクラブ,,202306020311
7,4,8,カイザーメランジェ,牡8,57,黛弘人,1:08.1,アタマ,**,**,**,**,**,6-8,34.1,380.7,16,490(-2),,,,[東]中野栄治,ライフエンタープライズ,,202306020311
8,7,14,スンリ,牝5,55,ムルザバ,1:08.1,アタマ,**,**,**,**,**,10-10,33.8,27.7,9,488(+2),,,,[西]清水久詞,白日光,,202306020311
9,1,2,ナランフレグ,牡7,59,丸田恭介,1:08.1,ハナ,**,**,**,**,**,14-13,33.2,5.4,3,498(+15),,,,[東]宗像義忠,村木克成,,202306020311
10,5,10,レイハリア,牝5,55,吉田豊,1:08.1,ハナ,**,**,**,**,**,1-1,34.7,147.3,14,458(+10),,,,[東]田島俊明,ヒダカ・ブリーダーズ・ユニオン,,202306020311
11,6,12,タイムトゥヘヴン,牡5,57,大野拓弥,1:08.1,クビ,**,**,**,**,**,14-15,33.1,18.0,7,494(+2),,,,[東]戸田博文,ＤＭＭドリームクラブ,,202306020311
12,6,11,キミワクイーン,牝4,55,岩田康誠,1:08.2,クビ,**,**,**,**,**,6-4,34.2,5.4,4,446(+2),,,,[東]奥村武,浦邊輝實,,202306020311
13,8,15,ジャスパージャック,牡7,57,北村宏司,1:08.2,ハナ,**,**,**,**,**,2-2,34.7,13.1,6,542(-2),,,,[西]森秀行,加藤和夫,,202306020311
14,2,3,グラスミヤラビ,牝4,55,柴田善臣,1:08.4,1.1/4,**,**,**,**,**,14-15,33.5,77.7,12,490(-2),,,,[東]杉浦宏昭,半沢,,202306020311
15,4,7,オパールシャルム,牝6,55,武藤雅,1:08.5,1/2,**,**,**,**,**,2-3,34.9,85.8,13,486(+10),,,,[東]武藤善則,落合幸弘,,202306020311
16,3,5,ジャズエチュード,牝5,55,石川裕紀,1:08.8,1.3/4,**,**,**,**,**,4-4,35.1,73.5,11,536(+20),,,,[東]黒岩陽一,吉田勝己,,202306020311
1,6,12,パワーブローキング,牡4,58,横山和生,1:53.2,,**,,,,,8-9-8-7,37.6,3.6,2,524(-2),,,,[東]栗田徹,ゴドルフィン,"1,140.0",202306020312
2,4,8,シンヨモギネス,牡5,58,ルメール,1:53.3,クビ,**,,,,,10-10-6-5,38.1,6.2,3,486(-2),,,,[東]伊藤圭三,岡本真二,460.0,202306020312
3,6,11,クリーンドリーム,牡5,54,小林美駒,1:53.3,ハナ,**,,,,,5-4-4-3,38.3,14.5,5,480(0),,,,[東]鈴木伸尋,石橋和夫,290.0,202306020312
4,1,1,アラゴナイト,牝5,56,大野拓弥,1:53.6,1.3/4,**,,,,,12-13-13-13,37.6,17.6,9,468(+4),,,,[東]加藤和宏,重松國建,170.0,202306020312
5,8,15,フリーフロー,牡6,58,丸田恭介,1:53.6,クビ,**,,,,,12-12-11-11,37.9,45.7,12,474(-8),,,,[東]宗像義忠,里見美惠子,114.0,202306020312
6,2,3,コスモコラッジョ,牡5,58,丹内祐次,1:53.7,クビ,**,,,,,1-1-1-1,38.9,9.1,4,516(+8),,,,[東]嘉藤貴行,ビッグレッドファーム,,202306020312
7,1,2,オレデイイノカ,牡5,58,内田博幸,1:53.8,3/4,**,,,,,4-4-4-2,38.8,3.4,1,504(0),,,,[東]古賀慎明,福島徳佑,,202306020312
8,3,5,デルマタモン,牡5,58,北村宏司,1:54.3,3,**,,,,,11-11-11-11,38.6,17.5,8,510(-4),,,,[東]勢司和浩,浅沼廣幸,,202306020312
9,5,9,サトノアレックス,セ6,58,菅原明良,1:54.6,1.3/4,**,,,,,15-14-15-13,38.4,17.2,7,498(-2),,,,[東]古賀慎明,里見治,,202306020312
10,8,16,サラフィエル,牡4,58,菊沢一樹,1:54.7,クビ,**,,,,,2-2-2-3,39.8,16.3,6,454(+2),,,,[東]鈴木慎太,木部厳生,,202306020312
11,2,4,スウェアー,牡6,57,永野猛蔵,1:55.1,2.1/2,**,,,,,7-7-8-7,39.6,179.8,14,524(+10),,,,[東]石栗龍彦,松谷翔太,,202306020312
12,4,7,オメガロマンス,牝5,56,吉田隼人,1:55.2,クビ,**,,,,,16-16-16-16,38.4,36.7,11,462(+2),,,,[東]斎藤誠,原禮子,,202306020312
13,7,13,キョウエイパラスト,牡6,58,宮崎北斗,1:55.2,クビ,**,,,,,14-14-13-15,39.2,439.8,16,510(-4),,,,[東]中川公成,田中晴夫,,202306020312
14,7,14,マイネルイリャルギ,牡6,58,柴田大知,1:55.3,クビ,**,,,,,8-7-8-7,39.8,210.3,15,528(+20),,,,[東]高橋裕,サラブレッドクラブ・ラフィアン,,202306020312
15,5,10,カランセ,牝4,56,伊藤工真,1:55.7,2.1/2,**,,,,,5-6-6-7,40.5,29.5,10,472(-8),,,,[東]金成貴史,野田努,,202306020312
16,3,6,トロワシャルム,セ6,55,西塚洸二,1:56.6,5,**,,,,,2-2-2-5,41.7,50.1,13,470(-4),,,,[東]鹿戸雄一,村野康司,,202306020312
1,2,3,ゴンドワナ,牡3,54,横山琉人,1:57.7,,**,,,,,2-2-2-2,39.4,10.0,3,488(+4),,,,[東]小島茂之,岡田牧雄,550.0,202306020401
2,1,1,ダオラダオラ,牡3,56,丸田恭介,1:58.0,2,**,,,,,4-3-3-3,39.5,93.8,11,510(+4),,,,[東]石毛善彦,ライオンレースホース,220.0,202306020401
3,4,8,クールトラッカー,牡3,56,横山和生,1:58.2,1.1/4,**,,,,,4-5-6-3,39.6,15.0,4,510(-8),,,,[東]萩原清,寺田寿男,140.0,202306020401
4,8,16,オーサムデアラー,牡3,56,横山武史,1:58.3,1/2,**,,,,,6-5-6-6,39.6,1.5,1,502(0),,,,[東]上原博之,吉田照哉,83.0,202306020401
5,3,5,ニシノソレガシ,セ3,56,江田照男,1:58.3,ハナ,**,,,,,13-14-11-6,39.1,40.2,10,526(0),,,,[東]小島茂之,西山茂行,55.0,202306020401
6,5,10,エイジアンスター,牡3,56,嶋田純次,1:58.4,クビ,**,,,,,6-8-8-6,39.5,23.8,6,512(-16),,,,[東]手塚貴久,藤田在子,,202306020401
7,6,12,セバーンテソーロ,牝3,54,戸崎圭太,1:58.5,1/2,**,,,,,9-9-9-9,39.5,5.3,2,472(-2),,,,[東]田中博康,了徳寺健二ホールディングス,,202306020401
8,7,13,コスモバイオレット,牝3,54,丹内祐次,1:58.7,1.1/2,**,,,,,6-5-3-3,40.2,37.3,9,442(-2),,,,[東]高木登,ビッグレッドファーム,,202306020401
9,5,9,カミノモラド,牡3,53,佐々木大,1:58.8,1/2,**,,,,,13-12-9-11,39.8,20.4,5,532(-4),,,,[東]矢野英一,Ｇリビエール・レーシング,,202306020401
10,3,6,ホウオウエニシ,牡3,56,内田博幸,1:58.8,クビ,**,,,,,11-12-13-13,39.3,30.5,7,470(+6),,,,[東]池上昌和,小笹芳央,,202306020401
10,8,15,ディヴァーザウェイ,牡3,55,永野猛蔵,1:58.8,同着,**,,,,,11-11-13-15,39.3,245.5,13,536(-4),,,,[東]伊藤圭三,岡田牧雄,,202306020401
12,2,4,アースジェイソンテ,牡3,56,田中勝春,1:59.1,1.1/2,**,,,,,9-10-11-11,39.9,298.5,15,448(+2),,,,[東]宗像義忠,松山増男,,202306020401
13,7,14,キャリアパス,牡3,56,田辺裕信,1:59.3,1.1/2,**,,,,,15-15-15-13,39.7,173.7,12,530(-12),,,,[東]小西一男,明栄商事,,202306020401
14,4,7,バーンキャット,牝3,54,大野拓弥,1:59.4,クビ,**,,,,,15-15-16-16,39.3,277.6,14,432(-4),,,,[東]和田勇介,ゴドルフィン,,202306020401
15,1,2,モノノフグリーン,牡3,56,菅原明良,1:59.9,3,**,,,,,1-1-1-1,41.6,35.7,8,494(+6),,,,[東]清水英克,ウエスト．フォレスト．ステイブル,,202306020401
16,6,11,セブンハイ,牡3,53,石田拓郎,2:00.3,2.1/2,**,,,,,3-3-3-9,41.8,311.1,16,490(-12),,,,[東]新開幸一,前迫義幸,,202306020401
1,5,9,ジャーニーメモリー,牡3,56,北村宏司,1:12.5,,**,,,,,2-2,38.1,7.9,4,448(-4),,,,[東]粕谷昌央,海谷幸司,550.0,202306020402
2,3,6,ハローマイラブリー,牝3,54,三浦皇成,1:12.5,クビ,**,,,,,1-1,38.2,2.7,1,530(-6),,,,[東]伊坂重信,平賀久枝,220.0,202306020402
3,4,8,コパノエルパソ,牡3,56,木幡巧也,1:12.6,クビ,**,,,,,10-8,37.4,27.5,7,530(+32),,,,[東]上原博之,小林祥晃,140.0,202306020402
4,4,7,ビップナージャ,牝3,54,菊沢一樹,1:12.7,1/2,**,,,,,3-3,38.2,12.1,5,426(+4),,,,[東]高柳瑞樹,鈴木邦英,83.0,202306020402
5,1,2,アグニレディアンス,牝3,54,戸崎圭太,1:12.8,3/4,**,,,,,6-6,38.0,5.3,3,466(+6),,,,[東]田島俊明,レッドマジック,55.0,202306020402
6,7,13,エマウリオマレプ,牝3,54,松山弘平,1:12.9,1/2,**,,,,,6-6,38.1,3.0,2,506(-2),,,,[東]伊藤大士,ミルファーム,,202306020402
7,6,12,ハートビート,牝3,51,佐々木大,1:13.1,1,**,,,,,5-4,38.4,105.8,9,552(+2),,,,[東]菊沢隆徳,キーウエスト,,202306020402
8,5,10,ブリングライト,牡3,53,佐藤翔馬,1:13.2,1/2,**,,,,,8-8,38.2,54.9,8,478(0),,,,[東]青木孝文,前田清二,,202306020402
9,1,1,ミユキアモーレミオ,牡3,53,小林勝太,1:13.5,2,**,,,,,12-12,37.7,141.9,11,454(+12),,,,[東]小野次郎,長井純一,,202306020402
10,8,15,マッティーナ,牡3,56,斎藤新,1:13.9,2.1/2,**,,,,,3-4,39.3,18.7,6,522(-6),,,,[東]斎藤誠,大野富生,,202306020402
11,8,16,ハクサンミューズ,牝3,54,丸山元気,1:14.0,3/4,**,,,,,11-11,38.5,191.0,13,454(+8),,,,[東]土田稔,河崎五市,,202306020402
12,2,4,ポケッティーノ,牡3,56,丸田恭介,1:14.3,1.3/4,**,,,,,14-14,38.3,107.7,10,474(0),,,,[東]畠山吉宏,ヒダカ・ブリーダーズ・ユニオン,,202306020402
13,7,14,フレンドリーサン,牝3,54,杉原誠人,1:14.4,1/2,**,,,,,12-12,38.7,142.5,12,446(-4),,,,[東]大和田成,増山武志,,202306020402
14,6,11,クラウンジン,牡3,52,小林美駒,1:15.0,3.1/2,**,,,,,8-8,40.1,204.9,14,442(-4),,,,[東]武市康男,矢野雅子,,202306020402
15,3,5,アイアンマジン,セ3,53,水沼元輝,1:15.0,アタマ,**,,,,,14-15,38.9,303.8,15,472(0),,,,[東]南田美知,池上一馬,,202306020402
16,2,3,ホバーコルテ,牝3,51,石田拓郎,1:17.0,大,**,,,,,16-16,38.2,323.2,16,440(+8),,,,[東]新開幸一,ミルファーム,,202306020402
1,6,12,エリンアキレウス,牡3,56,菅原明良,1:56.6,,**,,,,,2-2-1-1,40.2,6.0,4,514(0),,,,[東]浅野洋一,田頭勇貴,550.0,202306020403
2,3,6,ダールフルート,牡3,56,大野拓弥,1:56.9,2,**,,,,,4-4-4-2,39.9,2.7,1,520(0),,,,[東]高木登,ヒダカ・ブリーダーズ・ユニオン,220.0,202306020403
3,2,4,セブンメイクハピー,牡3,56,Ｍ．デム,1:57.1,1.1/4,**,,,,,7-7-9-9,39.6,54.9,11,468(+4),,,,[東]奥村武,前迫義幸,140.0,202306020403
4,4,7,ブライテストドーン,牡3,56,戸崎圭太,1:57.2,クビ,**,,,,,6-5-4-5,40.2,3.4,2,516(0),,,,[東]田島俊明,吉田千津,83.0,202306020403
5,6,11,エドノトップラン,牡3,56,宮崎北斗,1:57.3,3/4,**,,,,,12-12-6-7,40.1,5.0,3,486(-4),,,,[東]嘉藤貴行,遠藤喜松,55.0,202306020403
6,4,8,アサクサアダム,牡3,52,小林美駒,1:57.3,クビ,**,,,,,8-8-10-9,39.5,23.6,6,480(-2),,,,[東]戸田博文,櫻井素子,,202306020403
7,1,1,ウィズフィリップ,牡3,56,西村太一,1:57.8,3,**,,,,,15-15-13-12,39.8,33.6,7,518(+6),,,,[東]大竹正博,山科統,,202306020403
8,3,5,ティアップエックス,牡3,56,内田博幸,1:58.2,2,**,,,,,15-16-15-14,39.8,49.6,10,528(-4),,,,[東]奥平雅士,田中昇,,202306020403
9,8,15,ニシノサザナミ,牝3,52,藤田菜七,1:58.7,3,**,,,,,12-12-10-11,40.9,152.8,12,458(0),,,,[東]深山雅史,西山茂行,,202306020403
10,5,10,アテンヒーロー,牡3,56,三浦皇成,1:59.1,2.1/2,**,,,,,8-8-7-5,41.7,41.5,8,478(+12),,,,[東]萱野浩二,玉置潔,,202306020403
11,2,3,リアルマーヴェル,牡3,53,佐藤翔馬,1:59.6,2.1/2,**,,,,,10-10-15-14,41.2,177.1,13,494(+4),,,,[東]小桧山悟,小林博雄,,202306020403
12,8,16,シティオブヨーク,牡3,56,丸山元気,2:00.3,4,**,,,,,10-10-10-13,42.4,378.5,16,460(-4),,,,[東]鈴木慎太,田頭勇貴,,202306020403
13,1,2,カワチャンフェイス,牡3,56,津村明秀,2:00.4,1/2,**,,,,,5-5-7-7,43.0,235.1,14,528(-8),,,,[東]牧光二,ＳＴレーシング,,202306020403
14,7,14,グランデアマポーラ,牝3,54,松山弘平,2:00.6,1.1/4,**,,,,,2-3-3-4,44.0,22.1,5,496(-8),,,,[東]鹿戸雄一,社台レースホース,,202306020403
15,5,9,ダンスクラブ,牡3,56,斎藤新,2:01.9,8,**,,,,,1-1-2-2,45.5,44.9,9,524(-4),,,,[東]斎藤誠,村野康司,,202306020403
16,7,13,ミヤビエポレット,牡3,56,吉田豊,2:03.5,10,**,,,,,14-12-14-16,45.4,265.5,15,522(0),,,,[東]高橋文雅,村上義勝,,202306020403
1,8,16,シュロス,牡7,56,原優介,1:11.5,,**,,,,,8-8,36.7,7.0,3,512(-4),,,,[東]嘉藤貴行,嶋田賢,800.0,202306020404
2,5,9,キャロライナリーパ,牝5,56,横山和生,1:11.8,1.3/4,**,,,,,5-3,37.6,2.4,1,476(0),,,,[東]田村康仁,野嶋祥二,320.0,202306020404
3,7,13,イルザ,牝4,56,三浦皇成,1:12.0,1.1/2,**,,,,,10-10,37.0,21.8,7,450(+6),,,,[東]小手川準,中辻明,200.0,202306020404
4,8,15,ハジメテノチュウ,牡4,58,杉原誠人,1:12.2,1.1/4,**,,,,,2-2,38.3,34.8,10,514(-2),,,,[東]石毛善彦,ミルファーム,120.0,202306020404
5,2,3,スコラーリ,牡4,58,松山弘平,1:12.3,3/4,**,,,,,5-3,38.1,5.8,2,486(+6),,,,[東]萩原清,吉田和美,80.0,202306020404
6,6,11,ミューティー,牝6,56,丹内祐次,1:12.5,3/4,**,,,,,5-7,38.2,22.5,8,492(+10),,,,[東]石毛善彦,鈴木康弘,,202306020404
7,1,1,ベルウッドウズメ,牡4,58,柴田善臣,1:12.6,3/4,**,,,,,12-12,37.2,30.1,9,500(-4),,,,[東]本間忍,鈴木照雄,,202306020404
8,3,5,ルチア,牝4,56,江田照男,1:12.6,クビ,**,,,,,9-9,37.7,19.4,6,502(+6),,,,[東]大竹正博,ノースヒルズ,,202306020404
9,3,6,エコロドラゴン,牡4,58,木幡巧也,1:12.6,アタマ,**,,,,,3-3,38.6,7.1,4,562(-14),,,,[東]岩戸孝樹,原村正紀,,202306020404
10,5,10,ベアグッジョブ,牡4,58,松岡正海,1:12.8,3/4,**,,,,,3-3,38.7,8.1,5,518(+4),,,,[東]杉浦宏昭,熊木浩,,202306020404
11,6,12,ノーブルハーバー,牝5,52,小林美駒,1:12.9,1/2,**,,,,,1-1,39.0,67.9,12,472(0),,,,[東]鈴木伸尋,吉木伸彦,,202306020404
12,7,14,フリージアテソーロ,牝5,55,永野猛蔵,1:12.9,ハナ,**,,,,,10-10,37.9,73.0,13,482(+13),,,,[東]武市康男,了徳寺健二ホールディングス,,202306020404
13,1,2,トラストドーベル,牝5,56,吉田豊,1:13.3,2,**,,,,,13-13,37.6,127.5,14,498(-12),,,,[東]高橋文雅,菅波雅巳,,202306020404
14,4,7,メイショウムート,牡5,55,佐藤翔馬,1:13.5,1.1/2,**,,,,,15-15,37.4,453.9,16,456(+2),,,,[東]佐藤吉勝,松谷翔太,,202306020404
15,4,8,エメラルアポロン,牡4,58,石川裕紀,1:13.6,クビ,**,,,,,13-13,37.9,62.1,11,498(+6),,,,[東]相沢郁,高橋勉,,202306020404
16,2,4,ブルーデイジー,牝4,56,的場勇人,1:15.9,大,**,,,,,16-16,39.1,380.7,15,454(-8),,,,[東]的場均,青山郁代,,202306020404
1,3,5,ダッチアイリス,牝3,52,横山琉人,2:16.0,,**,,,,,4-4-4-3,35.7,9.1,4,420(-4),,,,[東]相沢郁,杵臼牧場,550.0,202306020405
2,1,1,ボールドステート,牡3,56,石川裕紀,2:16.2,1,**,,,,,7-7-7-6,35.7,2.2,1,474(+2),,,,[東]尾形和幸,増田陽一,220.0,202306020405
3,2,4,コルテローザ,牝3,54,柴田大知,2:16.2,クビ,**,,,,,7-7-7-6,35.6,33.5,8,486(0),,,,[東]上原博之,ビッグレッドファーム,140.0,202306020405
4,7,13,ウイニングライブ,牡3,56,松岡正海,2:16.3,1/2,**,,,,,12-10-10-9,35.5,5.4,3,438(0),,,,[東]金成貴史,レッドマジック,83.0,202306020405
5,6,11,グレイトインディ,牡3,56,菊沢一樹,2:16.7,2.1/2,**,,,,,2-2-2-2,36.6,134.8,13,470(+2),,,,[東]勢司和浩,今井優,55.0,202306020405
6,8,16,シーズオブホープ,牡3,56,菅原明良,2:16.8,3/4,**,,,,,10-10-10-9,36.0,3.6,2,478(-2),,,,[東]武市康男,トップフェロウ,,202306020405
7,1,2,スリアンヴォス,牡3,53,佐々木大,2:16.9,1,**,,,,,15-14-15-15,35.7,208.2,15,486(-4),,,,[東]和田雄二,大久保和夫,,202306020405
8,3,6,ブレストサンダー,牡3,56,丹内祐次,2:17.0,クビ,**,,,,,4-4-4-3,36.7,106.6,11,480(0),,,,[東]加藤征弘,山藤賢,,202306020405
9,4,8,パディントンブーツ,牡3,56,木幡巧也,2:17.2,1.1/4,**,,,,,4-6-6-6,36.8,45.4,9,486(-4),,,,[東]菊川正達,吉見典子,,202306020405
10,5,10,プレザントロンドン,牝3,54,三浦皇成,2:17.2,クビ,**,,,,,1-1-1-1,37.2,24.7,6,430(+6),,,,[東]斎藤誠,スリーエイチレーシング,,202306020405
11,2,3,レジオンドヌール,牡3,54,原優介,2:17.2,ハナ,**,,,,,15-15-15-15,36.0,313.7,16,488(-10),,,,[東]深山雅史,岡田牧雄,,202306020405
12,6,12,ビービーデシジョン,牡3,56,武藤雅,2:17.3,1/2,**,,,,,14-15-13-12,36.3,16.8,5,496(0),,,,[東]戸田博文,坂東牧場,,202306020405
13,4,7,ディオスシチー,牡3,56,嶋田純次,2:17.6,2,**,,,,,12-10-10-12,36.8,142.1,14,502(0),,,,[東]手塚貴久,友駿ホースクラブ,,202306020405
14,7,14,ブルーブルースカイ,牝3,54,武士沢友,2:17.7,1/2,**,,,,,10-13-13-12,36.8,54.8,10,442(-2),,,,[東]村田一誠,浅田次郎,,202306020405
15,7,15,クリーンショコラ,牝3,54,大野拓弥,2:17.8,3/4,**,,,,,7-9-9-9,37.1,407.3,17,448(-2),,,,[東]大竹正博,石橋和夫,,202306020405
16,8,17,トップガン,牡3,56,北村宏司,2:17.9,アタマ,**,,,,,2-3-2-3,37.7,124.7,12,436(-4),,,,[東]勢司和浩,芹澤精一,,202306020405
17,5,9,インオービット,牡3,56,松山弘平,2:26.2,大,**,,,,,17-17-17-17,43.2,33.0,7,468(0),,,,[東]堀内岳志,ノルマンディーサラブレッドレーシング,,202306020405
除,8,18,エリソン,牡3,56,内田博幸,,,**,,,,,,,---,,514(+4),,,,[東]黒岩陽一,吉田和美,,202306020405
1,6,6,メタルスピード,牡3,56,戸崎圭太,1:33.9,,**,,,,,4-4-3,35.1,2.3,1,508(-2),,,,[東]斎藤誠,ＨｉｍＲｏｃｋＲａｃｉｎｇホールディングス,780.0,202306020406
2,8,9,ハーエクセレンシー,牝3,54,横山和生,1:34.0,3/4,**,,,,,8-8-6,34.5,7.9,5,428(+14),,,,[東]大和田成,社台レースホース,310.0,202306020406
3,7,7,キョウエイブリッサ,牡3,56,三浦皇成,1:34.2,1.1/4,**,,,,,6-6-6,35.0,3.4,2,466(-4),,,,[東]武市康男,田中晴夫,200.0,202306020406
4,5,5,テンカノギジン,牡3,56,菅原明良,1:34.4,1,**,,,,,6-5-5,35.4,40.7,7,472(-8),,,,[東]手塚貴久,星野壽市,120.0,202306020406
5,2,2,ショウナンハクウン,牡3,56,岩田康誠,1:34.7,2,**,,,,,1-1-1,36.6,7.0,4,510(-6),,,,[東]大竹正博,国本哲秀,78.0,202306020406
6,3,3,マイネルズーメン,牡3,56,柴田大知,1:35.0,1.3/4,**,,,,,2-3-3,36.4,33.6,6,432(+10),,,,[東]和田勇介,サラブレッドクラブ・ラフィアン,,202306020406
7,8,8,チャイボーグ,牝3,54,木幡巧也,1:35.2,1.1/2,**,,,,,9-9-9,35.3,429.6,9,468(-2),,,,[東]的場均,田頭勇貴,,202306020406
8,4,4,ロッククリーク,牡3,56,ルメール,1:35.2,ハナ,**,,,,,2-2-2,37.0,4.9,3,490(+4),,,,[東]栗田徹,サンデーレーシング,,202306020406
9,1,1,アルムダウン,牝3,54,杉原誠人,1:37.3,大,**,,,,,4-6-8,38.1,363.0,8,366(0),,,,[東]南田美知,ミルファーム,,202306020406
1,2,3,メイプルエクセル,牡5,58,丸田恭介,1:55.6,,**,,,,,8-8-7-9,38.1,27.1,8,552(+32),,,,[東]南田美知,節英司,800.0,202306020407
2,6,12,コースタルテラス,牡4,58,津村明秀,1:55.6,ハナ,**,,,,,2-2-2-2,38.6,5.2,3,512(+12),,,,[東]手塚貴久,吉田勝己,320.0,202306020407
3,4,7,ブリンディジ,牡4,55,佐々木大,1:55.6,クビ,**,,,,,1-1-1-1,38.6,14.5,5,564(+24),,,,[東]岩戸孝樹,山田弘,200.0,202306020407
4,5,10,スパークインザアイ,セ6,58,武藤雅,1:55.6,アタマ,**,,,,,5-5-4-3,38.3,15.7,6,484(+2),,,,[東]小島茂之,西見徹也,120.0,202306020407
5,1,2,サイモンソーラン,牡4,58,吉田豊,1:55.8,1,**,,,,,14-14-13-13,37.6,77.2,12,482(0),,,,[東]勢司和浩,澤田昭紀,80.0,202306020407
6,4,8,シンボリックレルム,牝4,56,江田照男,1:55.8,ハナ,**,,,,,11-11-10-10,38.0,320.1,15,490(-4),,,,[東]水野貴広,吉田千津,,202306020407
7,6,11,メジャークロニクル,牡4,58,ルメール,1:55.8,アタマ,**,,,,,8-8-7-6,38.3,2.5,1,540(+4),,,,[東]栗田徹,サンデーレーシング,,202306020407
8,8,16,ロードブライト,牡4,58,大野拓弥,1:55.9,1/2,**,,,,,13-13-13-13,37.8,20.4,7,530(+6),,,,[東]和田勇介,ロードホースクラブ,,202306020407
9,3,6,ユニコーン,牡5,58,丹内祐次,1:55.9,ハナ,**,,,,,3-3-4-3,38.6,96.4,13,460(-3),,,,[東]武井亮,古賀慎一,,202306020407
10,7,13,サトノギベオン,牡4,58,武豊,1:55.9,ハナ,**,,,,,11-11-10-10,38.1,4.3,2,536(+4),,,,[東]戸田博文,里見治,,202306020407
11,7,14,サパテアール,牡4,58,柴田大知,1:56.2,1.1/2,**,,,,,3-3-2-3,39.1,41.1,9,518(+16),,,,[東]畠山吉宏,ビッグレッドファーム,,202306020407
12,1,1,ピュアブラッド,セ5,58,横山武史,1:56.2,ハナ,**,,,,,8-8-10-10,38.4,8.3,4,488(-6),,,,[東]尾関知人,Ｇ１レーシング,,202306020407
13,2,4,サフランブライト,牡4,56,小林凌大,1:56.3,クビ,**,,,,,5-7-7-6,38.8,321.2,16,522(-4),,,,[東]小西一男,海原聖一,,202306020407
14,3,5,ゲットアップ,セ5,58,木幡巧也,1:56.3,アタマ,**,,,,,5-5-4-6,39.0,66.4,11,490(+10),,,,[東]牧光二,ニッシンホールディングス,,202306020407
15,8,15,アシェットデセール,セ6,58,ムルザバ,1:57.7,8,**,,,,,16-16-16-15,39.1,55.8,10,492(0),,,,[東]小島茂之,キャロットファーム,,202306020407
16,5,9,サーストンシカゴ,セ6,58,的場勇人,1:58.5,5,**,,,,,15-15-15-15,40.2,222.0,14,502(-5),,,,[東]的場均,齊藤宣彰,,202306020407
1,3,5,ニシノスーベニア,牡4,58,ムルザバ,1:33.6,,**,,,,,8-8-7,34.0,3.6,1,536(0),,,,[東]上原博之,西山茂行,"1,140.0",202306020408
2,4,6,エールトゥヘヴン,牡4,58,ルメール,1:33.8,1,**,,,,,5-4-3,34.5,10.7,5,464(-2),,,,[東]戸田博文,ＤＭＭドリームクラブ,460.0,202306020408
3,4,7,ノーダブルディップ,牡5,58,津村明秀,1:34.0,1.1/4,**,,,,,13-10-7,34.2,12.2,6,554(+4),,,,[東]古賀慎明,丸山担,290.0,202306020408
4,5,8,アンクロワ,牝4,56,横山和生,1:34.0,クビ,**,,,,,2-2-2,35.0,7.1,4,440(-2),,,,[東]伊坂重信,キャロットファーム,170.0,202306020408
5,3,4,ラキャラントシス,牝6,52,小林美駒,1:34.0,ハナ,**,,,,,1-1-1,35.1,143.3,13,486(+4),,,,[東]鈴木伸尋,山王飯店,114.0,202306020408
6,2,2,コミカライズ,牝6,56,田辺裕信,1:34.1,クビ,**,,,,,8-8-7,34.6,4.4,2,478(+2),,,,[東]和田勇介,吉田照哉,,202306020408
7,5,9,タケルジャック,牡5,55,佐藤翔馬,1:34.1,クビ,**,,,,,11-10-11,34.3,261.1,15,482(+6),,,,[東]小桧山悟,森保彦,,202306020408
8,2,3,ワザモノ,牡5,58,Ｍ．デム,1:34.2,クビ,**,,,,,15-15-14,34.0,14.5,7,498(-4),,,,[東]尾関知人,ノルマンディーサラブレッドレーシング,,202306020408
9,7,12,セナリスト,牝5,56,武藤雅,1:34.2,ハナ,**,,,,,3-2-3,35.1,38.5,9,466(-2),,,,[東]金成貴史,サンデーレーシング,,202306020408
10,8,15,ジッピーレーサー,セ6,58,菅原明良,1:34.2,ハナ,**,,,,,5-4-6,34.9,94.1,12,470(0),,,,[東]高木登,岡田牧雄,,202306020408
11,7,13,オブデュモンド,セ5,58,横山武史,1:34.5,1.3/4,**,,,,,11-13-14,34.4,42.4,10,516(-4),,,,[東]蛯名正義,多田信尊,,202306020408
12,1,1,ジャスティンエース,牡4,58,戸崎圭太,1:34.6,3/4,**,,,,,3-4-3,35.4,4.6,3,468(-2),,,,[西]杉山晴紀,三木正浩,,202306020408
13,6,10,ジャングルキング,牡5,58,北村宏司,1:34.7,クビ,**,,,,,5-4-7,35.4,16.3,8,522(-4),,,,[東]木村哲也,清家聖仁,,202306020408
14,8,14,ニシノオイカゼ,牡5,58,大野拓弥,1:34.7,クビ,**,,,,,8-10-12,35.0,224.2,14,482(+4),,,,[東]武市康男,西山茂行,,202306020408
15,6,11,エンギダルマ,牡4,58,丸山元気,1:34.7,ハナ,**,,,,,13-13-12,34.6,68.3,11,508(+2),,,,[東]手塚貴久,星野壽市,,202306020408
1,7,14,バラジ,牡4,57,川田将雅,2:12.3,,**,,,,,5-5-4-4,34.6,3.5,1,518(0),,,,[東]鹿戸雄一,岡田牧雄,"1,877.8",202306020409
2,4,7,レインフロムヘヴン,牡5,58,松山弘平,2:12.4,1/2,**,,,,,8-7-9-4,34.3,4.5,2,466(0),,,,[東]堀宣行,社台レースホース,750.8,202306020409
3,6,12,アーティット,牡4,57,武豊,2:12.7,1.3/4,**,,,,,11-11-9-6,34.5,7.7,5,488(+8),,,,[西]友道康夫,金子真人ホールディングス,465.4,202306020409
4,2,3,サクセスシュート,牡4,57,田辺裕信,2:12.8,3/4,**,,,,,16-16-16-14,34.0,7.5,4,486(-4),,,,[東]久保田貴,柴田実千代,280.0,202306020409
5,3,6,カーディナル,牡5,58,ムルザバ,2:12.8,クビ,**,,,,,12-12-12-11,34.4,7.0,3,506(+6),,,,[東]林徹,キャロットファーム,184.0,202306020409
6,8,16,ヒシゲッコウ,セ7,58,横山武史,2:12.9,クビ,**,,,,,12-12-12-11,34.5,29.1,9,476(+4),,,,[東]堀宣行,阿部雅英,,202306020409
7,5,10,アウスヴァール,セ5,58,古川吉洋,2:13.1,1.1/4,**,,,,,2-2-2-1,35.5,18.5,8,490(-2),,,,[西]昆貢,ノルマンディーサラブレッドレーシング,,202306020409
8,3,5,リリーピュアハート,牝6,56,戸崎圭太,2:13.1,クビ,**,,,,,8-9-11-8,34.8,10.4,6,448(-2),,,,[西]藤原英昭,社台レースホース,,202306020409
9,4,8,ワイドエンペラー,牡5,58,斎藤新,2:13.2,3/4,**,,,,,5-5-6-8,35.2,13.1,7,502(+16),,,,[西]藤岡健一,幅田昌伸,,202306020409
10,6,11,ロードトゥフェイム,牡5,58,木幡巧也,2:13.3,クビ,**,,,,,14-14-12-11,34.9,85.6,12,500(-6),,,,[東]尾形和幸,岡田牧雄,,202306020409
11,1,1,エターナルヴィテス,牡7,58,田中勝春,2:13.3,アタマ,**,,,,,15-15-15-14,34.7,373.2,18,490(+10),,,,[東]松山将樹,永井廣司,,202306020409
12,8,18,ダノンドリーマー,牡5,58,石橋脩,2:13.5,1.1/4,**,,,,,8-9-6-6,35.6,122.2,15,480(-24),,,,[西]藤原英昭,ダノックス,,202306020409
13,1,2,ウォルフズハウル,牡7,58,大野拓弥,2:13.6,1/2,**,,,,,17-17-17-17,34.6,62.7,11,474(+4),,,,[東]栗田徹,ゴドルフィン,,202306020409
14,8,17,ソルドラード,セ7,58,石川裕紀,2:13.8,1.1/2,**,,,,,7-7-1-2,36.3,52.7,10,506(-2),,,,[東]蛯名正義,キャロットファーム,,202306020409
15,2,4,スワヤンブナート,セ4,57,菅原明良,2:14.0,3/4,**,,,,,3-4-6-14,36.0,87.5,13,510(-2),,,,[西]須貝尚介,吉田勝己,,202306020409
16,7,15,ラインハイト,牡6,58,岩田康誠,2:14.1,3/4,**,,,,,3-3-2-2,36.5,237.5,17,492(+4),,,,[西]吉岡辰弥,キャロットファーム,,202306020409
17,7,13,ピュアブレンド,牝6,56,柴田大知,2:14.1,クビ,**,,,,,18-17-17-17,35.1,167.4,16,518(+16),,,,[東]中川公成,シルクレーシング,,202306020409
18,5,9,ドンナセレーノ,牝5,56,横山和生,2:14.7,3.1/2,**,,,,,1-1-4-8,37.0,117.3,14,426(-4),,,,[西]安田翔伍,原禮子,,202306020409
1,7,13,ホウオウルバン,牡5,57,川田将雅,1:53.6,,**,,,,,5-5-5-3,36.8,5.4,3,524(0),,,,[東]池上昌和,小笹芳央,"2,233.6",202306020410
2,5,9,ヴァルツァーシャル,牡4,57,三浦皇成,1:53.7,クビ,**,,,,,3-3-3-3,37.0,2.6,1,486(0),,,,[東]高木登,ウエスト．フォレスト．ステイブル,889.6,202306020410
3,2,3,タイセイサムソン,牡5,57,横山和生,1:53.7,クビ,**,,,,,1-1-1-1,37.3,5.9,4,518(+18),,,,[東]奥村武,田中成奉,554.8,202306020410
4,8,16,ノーブルシルエット,牝5,55,武藤雅,1:53.8,1/2,**,,,,,2-2-2-2,37.4,17.4,6,470(0),,,,[東]水野貴広,吉木伸彦,330.0,202306020410
5,3,5,キタノリューオー,牡5,57,丸山元気,1:53.8,ハナ,**,,,,,10-10-9-7,36.7,38.6,9,472(-2),,,,[東]萱野浩二,北所直人,220.0,202306020410
6,6,11,フィロロッソ,牡6,57,ルメール,1:54.0,3/4,**,,,,,5-5-6-6,37.1,4.3,2,482(-2),,,,[西]中竹和也,社台レースホース,,202306020410
7,5,10,サンダーブリッツ,牡6,58,田辺裕信,1:54.3,2,**,,,,,11-11-12-9,37.0,17.8,7,514(+4),,,,[東]久保田貴,草間庸文,,202306020410
8,7,14,ロードエクレール,牡5,57,石川裕紀,1:54.5,1.1/2,**,,,,,15-15-15-12,36.9,15.9,5,482(+12),,,,[東]斎藤誠,ロードホースクラブ,,202306020410
9,4,8,レッドヴェイロン,牡8,57,吉田豊,1:54.7,1.1/4,**,,,,,13-14-9-12,37.5,86.1,11,514(+6),,,,[東]鹿戸雄一,東京ホースレーシング,,202306020410
10,4,7,パトリック,牡7,57,北村宏司,1:54.9,1.1/4,**,,,,,16-16-15-14,37.3,170.9,13,472(-8),,,,[西]岡田稲男,カナヤマホールディングス,,202306020410
11,2,4,ホウオウトゥルース,セ7,57,菅原明良,1:54.9,アタマ,**,,,,,13-12-12-10,37.6,113.9,12,484(+6),,,,[東]高木登,小笹芳央,,202306020410
12,1,2,レッドジェニアル,セ7,58,津村明秀,1:55.3,2.1/2,**,,,,,7-7-6-7,38.4,234.5,14,478(-10),,,,[西]高橋義忠,東京ホースレーシング,,202306020410
13,1,1,ダイメイコリーダ,牡6,57,丹内祐次,1:55.4,クビ,**,,,,,3-3-3-3,38.7,305.9,16,524(0),,,,[西]森田直行,宮本昇,,202306020410
14,3,6,シークレットラン,牡7,57,松山弘平,1:55.5,1/2,**,,,,,7-7-12-16,38.2,43.6,10,512(-2),,,,[東]田村康仁,亀井哲也,,202306020410
15,8,15,キョウヘイ,牡9,57,武士沢友,1:56.3,5,**,,,,,11-12-6-10,39.3,261.9,15,444(-8),,,,[西]宮本博,瀬谷隆雄,,202306020410
16,6,12,エマージングロール,牡5,57,戸崎圭太,1:56.6,1.1/2,**,,,,,7-7-9-14,39.5,29.3,8,498(-18),,,,[西]橋口慎介,吉田晴哉,,202306020410
1,6,6,タスティエーラ,牡3,56,松山弘平,2:00.4,,**,**,**,**,**,3-4-3-2,34.7,4.2,3,484(-2),,,,[東]堀宣行,キャロットファーム,"5,472.8",202306020411
2,4,4,トップナイフ,牡3,56,横山典弘,2:00.6,1,**,**,**,**,**,3-2-3-4,34.9,2.9,1,484(-10),,,,[西]昆貢,安原浩司,"2,220.8",202306020411
3,2,2,ワンダイレクト,牡3,56,ルメール,2:00.6,クビ,**,**,**,**,**,5-6-5-4,34.6,4.2,2,444(-2),,,,[西]藤岡健一,青山洋一,"1,410.4",202306020411
4,3,3,アームブランシュ,牡3,56,吉田豊,2:00.6,クビ,**,**,**,**,**,10-10-9-8,34.2,91.2,9,456(-10),,,,[東]竹内正洋,古川一弘,810.0,202306020411
5,5,5,フォトンブルー,牡3,56,戸崎圭太,2:00.8,1.1/4,**,**,**,**,**,8-9-9-10,34.4,126.5,10,524(+8),,,,[西]武幸四郎,ＴＮレーシング,540.0,202306020411
6,1,1,レヴォルタード,牡3,56,横山武史,2:00.8,アタマ,**,**,**,**,**,5-5-5-6,34.8,7.1,4,500(-8),,,,[東]手塚貴久,キャロットファーム,,202306020411
7,7,8,セッション,牡3,56,ムルザバ,2:00.9,クビ,**,**,**,**,**,2-2-2-2,35.3,17.2,7,512(0),,,,[西]斉藤崇史,林正道,,202306020411
8,8,10,グリューネグリーン,牡3,56,Ｍ．デム,2:00.9,クビ,**,**,**,**,**,8-8-8-6,34.7,10.0,6,484(+10),,,,[東]相沢郁,斎藤光政,,202306020411
9,8,9,ヨリマル,牡3,56,横山和生,2:01.0,1/2,**,**,**,**,**,7-7-5-8,35.0,52.0,8,494(+6),,,,[西]上村洋行,辻子依旦,,202306020411
10,7,7,ゴッドファーザー,牡3,56,武豊,2:01.6,3.1/2,**,**,**,**,**,1-1-1-1,36.2,9.2,5,502(+4),,,,[東]萩原清,ＮＩＣＫＳ,,202306020411
1,4,7,セイカフォルゴーレ,牡4,56,横山琉人,1:10.8,,**,,,,,2-2,36.5,7.0,3,514(-2),,,,[東]相沢郁,久米大,"1,140.0",202306020412
2,6,12,ドリームビリーバー,牡4,58,ルメール,1:10.9,1/2,**,,,,,1-1,36.7,1.9,1,470(+2),,,,[東]戸田博文,平井裕,460.0,202306020412
3,2,3,ブルーダイヤカフェ,牡6,58,大野拓弥,1:11.3,2.1/2,**,,,,,12-12,35.8,24.9,7,542(-4),,,,[東]和田勇介,西川恭子,290.0,202306020412
4,7,13,ウィンダミア,牡4,58,丸山元気,1:11.4,1/2,**,,,,,10-8,36.1,6.7,2,468(+2),,,,[東]林徹,広尾レース,170.0,202306020412
5,8,15,サトノワールド,牡6,55,西塚洸二,1:11.5,クビ,**,,,,,14-12,35.8,123.4,15,522(+8),,,,[東]国枝栄,里見治,114.0,202306020412
6,1,2,クローリスノキセキ,牝5,56,横山武史,1:11.5,クビ,**,,,,,4-5,36.9,38.2,11,454(+4),,,,[東]西田雄一,嶋田賢,,202306020412
7,5,9,アウトパフォーム,牡4,58,田辺裕信,1:11.6,クビ,**,,,,,3-3,37.2,32.2,9,448(-4),,,,[東]栗田徹,ゴドルフィン,,202306020412
8,3,6,アポロプラネット,牡4,57,永野猛蔵,1:11.6,クビ,**,,,,,12-12,36.0,13.6,5,502(-6),,,,[東]伊藤圭三,星野隆男,,202306020412
9,3,5,クリスタルウエイ,牡4,58,吉田豊,1:11.7,1/2,**,,,,,7-7,36.6,68.3,13,488(+2),,,,[東]高橋文雅,岡田勇,,202306020412
10,8,16,ネイチャーカレン,牡6,58,野中悠太,1:11.8,1/2,**,,,,,9-8,36.6,21.5,6,468(-2),,,,[東]根本康広,サザンホールディング,,202306020412
11,5,10,コーリングローリー,牡6,55,小林勝太,1:11.9,クビ,**,,,,,15-15,35.9,121.1,14,464(0),,,,[東]小野次郎,伊藤恵子,,202306020412
12,7,14,ニルカンタテソーロ,牡6,56,原優介,1:12.0,1/2,**,,,,,7-8,36.9,8.7,4,452(+4),,,,[東]小手川準,了徳寺健二ホールディングス,,202306020412
13,1,1,タイセイジャスパー,牡4,58,戸崎圭太,1:12.2,1.1/4,**,,,,,10-8,36.8,26.5,8,506(+2),,,,[東]伊藤圭三,田中成奉,,202306020412
14,4,8,ダイチヴィヴァン,牡4,57,秋山稔樹,1:12.2,クビ,**,,,,,6-6,37.4,64.8,12,488(+22),,,,[東]蛯名利弘,服部英利,,202306020412
15,6,11,ゼンカイテン,牡4,55,佐々木大,1:12.3,クビ,**,,,,,4-3,37.8,33.2,10,472(+10),,,,[東]矢野英一,川上哲司,,202306020412
16,2,4,ブーケオブアイリス,セ5,58,木幡巧也,1:12.3,アタマ,**,,,,,15-15,36.3,174.8,16,508(+12),,,,[東]杉浦宏昭,小林善一,,202306020412
1,3,3,レジュークレール,牝3,52,原優介,1:55.5,,**,,,,,1-1-1-1,38.3,3.9,3,436(-4),,,,[東]青木孝文,山下貴,550.0,202306020501
2,6,7,スペシャリスト,牝3,54,津村明秀,1:55.6,3/4,**,,,,,2-2-2-2,38.3,6.5,4,456(+6),,,,[東]手塚貴久,下河辺隆行,220.0,202306020501
3,6,8,ナックダンス,牝3,54,木幡巧也,1:56.4,5,**,,,,,3-3-3-3,38.9,2.4,1,482(0),,,,[東]杉浦宏昭,小松欣也,140.0,202306020501
4,1,1,コンフィズリー,牝3,54,ルメール,1:56.6,1.1/2,**,,,,,3-3-4-4,39.0,3.6,2,450(+2),,,,[東]木村哲也,ヒダカファーム,83.0,202306020501
5,7,10,ムーランブルー,牝3,52,小林脩斗,1:56.7,3/4,**,,,,,8-7-6-6,38.8,23.2,6,504(+8),,,,[東]久保田貴,村上卓史,55.0,202306020501
6,2,2,シグナルファイアー,牝3,54,武士沢友,1:56.9,1,**,,,,,10-9-9-8,38.7,100.7,8,474(-2),,,,[東]水野貴広,藤田在子,,202306020501
7,8,11,ウィンクルティアラ,牝3,54,内田博幸,1:56.9,クビ,**,,,,,5-7-6-6,39.0,230.7,10,434(-2),,,,[東]辻哲英,吉田千津,,202306020501
8,5,6,サンバデルンバ,牝3,54,三浦皇成,1:58.0,7,**,,,,,5-5-4-5,40.4,12.7,5,456(-2),,,,[東]伊藤大士,チャンピオンズファーム,,202306020501
9,4,4,ミハルンルン,牝3,50,小林美駒,1:58.5,3.1/2,**,,,,,5-5-6-8,40.5,77.2,7,446(+4),,,,[東]中野栄治,八巻弘一,,202306020501
10,8,12,テイエムエレガント,牝3,54,丸田恭介,1:58.7,1.1/4,**,,,,,8-10-9-10,40.4,345.9,12,414(+2),,,,[東]石栗龍彦,竹園正繼,,202306020501
11,7,9,サンデンロマン,牝3,54,松岡正海,1:59.6,5,**,,,,,11-11-11-12,41.0,252.8,11,482(0),,,,[東]伊藤伸一,山田春枝,,202306020501
12,5,5,ミニクイアヒルノコ,牝3,51,土田真翔,1:59.8,3/4,**,,,,,12-12-11-10,41.1,157.3,9,420(0),,,,[東]尾形和幸,藤本直弘,,202306020501
1,1,1,エコロドゥネス,牡3,56,横山武史,1:11.3,,**,,,,,3-2,37.4,3.4,2,496(+4),,,,[東]加藤征弘,原村正紀,550.0,202306020502
2,6,12,ルーチェステラーレ,牝3,54,柴田善臣,1:12.2,5,**,,,,,1-1,38.6,3.0,1,454(-6),,,,[東]伊藤大士,大樹ファーム,220.0,202306020502
3,5,9,モノノフレッド,牡3,56,内田博幸,1:12.4,1.1/4,**,,,,,5-4,38.1,31.2,6,484(-6),,,,[東]深山雅史,ウエスト．フォレスト．ステイブル,140.0,202306020502
4,2,4,アシャカタカ,牡3,52,小林美駒,1:12.5,1/2,**,,,,,2-2,38.8,3.7,3,462(0),,,,[東]鈴木伸尋,吉冨学,83.0,202306020502
5,2,3,トーセンサウダージ,牡3,56,木幡巧也,1:12.6,1/2,**,,,,,11-11,36.9,16.7,5,500(-4),,,,[東]杉浦宏昭,島川隆哉,55.0,202306020502
6,7,13,ニシノスイセイ,牡3,53,佐藤翔馬,1:13.1,3.1/2,**,,,,,9-9,37.6,123.6,10,466(-4),,,,[東]青木孝文,西山茂行,,202306020502
7,4,8,ノアローズ,牝3,52,原優介,1:13.3,1.1/4,**,,,,,8-8,38.2,397.0,15,436(-10),,,,[東]天間昭一,佐山公男,,202306020502
8,6,11,モイスチャー,牡3,56,杉原誠人,1:13.4,クビ,**,,,,,12-13,37.6,56.0,7,490(-2),,,,[東]加藤和宏,ミルファーム,,202306020502
9,5,10,ロワシュペール,牡3,56,木幡育也,1:13.7,2,**,,,,,9-9,38.3,239.9,13,498(+8),,,,[東]鹿戸雄一,フェニックスレーシング,,202306020502
10,8,15,オメガキャプテン,牡3,56,菅原明良,1:13.8,3/4,**,,,,,3-5,39.9,4.9,4,454(-4),,,,[東]大和田成,原禮子,,202306020502
11,7,14,アルマセラフ,牝3,54,吉田豊,1:14.0,1.1/4,**,,,,,14-14,37.7,98.6,9,498(-8),,,,[東]中舘英二,コウトミックレーシング,,202306020502
12,3,5,ロマンスハイウェイ,牡3,55,永野猛蔵,1:14.2,1.1/4,**,,,,,13-12,38.3,382.7,14,482(-2),,,,[東]伊藤圭三,星野隆男,,202306020502
13,8,16,トップビート,牡3,56,岩部純二,1:14.4,1.1/4,**,,,,,16-16,37.6,519.1,16,450(0),,,,[東]萱野浩二,紅露純,,202306020502
14,1,2,リーフカレント,牝3,54,菊沢一樹,1:14.7,1.3/4,**,,,,,6-7,40.0,191.3,12,444(0),,,,[東]菊沢隆徳,谷岡牧場,,202306020502
15,4,7,フォーバーズ,牝3,52,横山琉人,1:14.8,1/2,**,,,,,6-6,40.1,86.3,8,410(-4),,,,[東]田島俊明,小原準一郎,,202306020502
16,3,6,ギフトオブザナイル,牝3,54,丹内祐次,1:14.9,1/2,**,,,,,14-15,38.6,166.1,11,432(-8),,,,[東]和田正一,社台レースホース,,202306020502
1,5,10,ハッスルダンク,牡3,56,杉原誠人,1:54.3,,**,,,,,1-1-1-1,38.7,3.3,2,438(-2),,,,[東]中川公成,高篠憲一,550.0,202306020503
2,4,8,ショウナンカブト,牡3,56,ルメール,1:55.2,5,**,,,,,8-9-7-5,39.1,2.6,1,532(-4),,,,[東]戸田博文,湘南,220.0,202306020503
3,5,9,アッティラ,牡3,54,横山琉人,1:55.4,1,**,,,,,5-5-5-5,39.5,7.0,4,446(0),,,,[東]相沢郁,高瀬真尚,140.0,202306020503
4,1,2,ラッキーコイン,牡3,56,松岡正海,1:55.4,アタマ,**,,,,,10-9-8-8,39.2,5.5,3,486(+4),,,,[東]竹内正洋,吉田千津,83.0,202306020503
5,8,16,タリスアマゾン,牡3,55,永野猛蔵,1:55.8,2.1/2,**,,,,,3-3-2-2,40.1,36.2,8,452(-8),,,,[東]中舘英二,高橋文男,55.0,202306020503
6,3,5,イデアユウシン,牡3,56,菅原明良,1:56.5,4,**,,,,,14-14-13-13,38.6,11.0,5,532(-4),,,,[東]本間忍,益田修一,,202306020503
7,3,6,マイネルアラウダ,牡3,56,柴田大知,1:56.6,3/4,**,,,,,3-3-5-3,40.7,157.1,12,478(-2),,,,[東]伊藤大士,サラブレッドクラブ・ラフィアン,,202306020503
8,7,13,クリノアルバトロス,牡3,56,吉田豊,1:56.9,2,**,,,,,5-5-8-8,40.7,27.6,7,500(-8),,,,[東]伊藤伸一,栗本博晴,,202306020503
9,2,3,シゲルタイムフライ,牡3,56,丸田恭介,1:57.0,クビ,**,,,,,13-12-11-11,40.1,69.2,10,464(-2),,,,[東]宗像義忠,森中啓子,,202306020503
10,7,14,アクラシア,牡3,56,武士沢友,1:57.8,5,**,,,,,16-16-14-14,39.6,334.3,14,490(0),,,,[東]高橋文雅,ミルファーム,,202306020503
11,6,12,チェリーロシアン,牡3,54,小林脩斗,1:57.9,1/2,**,,,,,8-5-2-3,42.2,528.3,15,508(-10),,,,[東]小西一男,櫻井悦朗,,202306020503
12,8,15,フジマサメジャー,牡3,56,木幡巧也,1:58.0,クビ,**,,,,,2-2-2-5,42.3,25.6,6,488(0),,,,[東]菊川正達,藤原正一,,202306020503
13,4,7,ロケッツアン,牡3,53,小林勝太,1:58.3,1.3/4,**,,,,,5-5-10-10,41.8,213.2,13,492(-8),,,,[東]加藤士津,ＴＵＲＦレーシング,,202306020503
14,2,4,シャインフェーブス,牡3,56,大野拓弥,1:58.6,2,**,,,,,11-11-11-12,41.6,45.9,9,492(-2),,,,[東]高木登,ウエスト．フォレスト．ステイブル,,202306020503
15,6,11,グリューンヴァルト,牡3,53,佐藤翔馬,1:58.7,1/2,**,,,,,15-14-14-15,40.6,148.9,11,462(-6),,,,[東]小桧山悟,柴原榮,,202306020503
16,1,1,マナキーアハ,セ3,56,岩部純二,2:01.2,大,**,,,,,11-12-16-16,42.5,541.2,16,470(0),,,,[東]萱野浩二,佐藤弘樹,,202306020503
1,6,12,ルーラルハピネス,牝3,54,川田将雅,1:11.3,,**,,,,,3-3,37.4,2.8,1,472(-10),,,,[東]伊藤大士,キャロットファーム,550.0,202306020504
2,3,6,ニシノトレンディー,牝3,54,田辺裕信,1:11.7,2,**,,,,,2-2,37.9,3.2,2,488(0),,,,[東]小手川準,西山茂行,220.0,202306020504
3,1,1,テイエムスイスイ,牝3,54,戸崎圭太,1:12.2,3,**,,,,,3-3,38.2,5.8,4,512(+4),,,,[東]石栗龍彦,竹園正繼,140.0,202306020504
4,6,11,シンデレラスマイル,牝3,54,武藤雅,1:12.8,3.1/2,**,,,,,9-8,37.9,26.7,7,428(0),,,,[東]武藤善則,佐々木雄二,83.0,202306020504
5,2,4,ブランディー,牝3,50,小林美駒,1:12.9,1/2,**,,,,,11-10,37.7,97.5,8,432(0),,,,[東]和田雄二,北駿競走馬組合,55.0,202306020504
6,1,2,ハクサンアイ,牝3,54,三浦皇成,1:13.0,1/2,**,,,,,12-10,37.5,102.7,9,472(0),,,,[東]加藤士津,河崎五市,,202306020504
7,8,15,ヴァルカン,牝3,54,石川裕紀,1:13.0,アタマ,**,,,,,1-1,39.3,142.9,10,444(0),,,,[東]稲垣幸雄,山本てるみ,,202306020504
8,4,7,ディーズメイト,牝3,52,横山琉人,1:13.0,ハナ,**,,,,,8-8,38.3,15.4,5,476(-2),,,,[東]新開幸一,中村祐子,,202306020504
9,2,3,シャドウダッチェス,牝3,54,ルメール,1:13.5,3,**,,,,,6-6,38.9,4.7,3,468(+18),,,,[東]深山雅史,飯塚知一,,202306020504
10,8,16,キョウエイノーブル,牝3,54,原田和真,1:13.5,アタマ,**,,,,,6-6,39.0,172.0,11,492(-6),,,,[東]萱野浩二,田中晴夫,,202306020504
11,4,8,リネンプラン,牝3,52,小林脩斗,1:13.8,1.3/4,**,,,,,12-13,38.3,477.3,15,420(0),,,,[東]粕谷昌央,戸山光男,,202306020504
12,7,14,メイレベッカ,牝3,54,木幡巧也,1:13.8,クビ,**,,,,,5-5,39.6,16.7,6,414(+4),,,,[東]岩戸孝樹,千明牧場,,202306020504
13,5,10,フクノヘップバーン,牝3,51,小林勝太,1:14.2,2.1/2,**,,,,,14-14,38.5,406.9,13,402(0),,,,[東]小野次郎,福島祐子,,202306020504
14,3,5,ペイシャカリントウ,牝3,54,黛弘人,1:14.6,2.1/2,**,,,,,10-10,39.5,593.5,16,426(0),,,,[東]石栗龍彦,北所直人,,202306020504
15,5,9,ベルプリュネル,牝3,54,宮崎北斗,1:16.1,9,**,,,,,14-15,40.4,421.1,14,442(0),,,,[東]伊藤伸一,京都ホースレーシング,,202306020504
16,7,13,ミラクルキューブ,牝3,54,木幡初也,1:19.2,大,**,,,,,16-16,40.6,242.0,12,454(0),,,,[東]竹内正洋,ローレルレーシング,,202306020504
1,6,12,ガレストロ,牡3,56,ルメール,1:49.9,,**,,,,,3-3-2-2,34.8,1.9,1,496(-10),,,,[東]萩原清,金子真人ホールディングス,550.0,202306020505
2,1,2,アルヴィエンヌ,牝3,54,川田将雅,1:49.9,1/2,**,,,,,3-3-4-4,34.6,4.1,2,462(-6),,,,[東]林徹,橋口,220.0,202306020505
3,4,8,レッドアーバイン,牡3,56,Ｍ．デム,1:49.9,ハナ,**,,,,,1-1-2-1,34.9,15.2,5,482(-10),,,,[東]手塚貴久,東京ホースレーシング,140.0,202306020505
4,5,9,ウインルピナス,牝3,54,横山武史,1:50.2,1.1/2,**,,,,,2-2-1-2,35.2,23.7,6,420(-6),,,,[東]鈴木伸尋,ウイン,83.0,202306020505
5,2,3,ランビリーゾ,牡3,56,戸崎圭太,1:50.3,1/2,**,,,,,5-6-6-6,34.8,7.7,4,454(-6),,,,[東]斎藤誠,シルクレーシング,55.0,202306020505
6,7,14,ロンギングタイム,牡3,56,横山和生,1:50.4,1/2,**,,,,,8-8-6-6,35.0,6.6,3,472(0),,,,[東]奥村武,坂本浩一,,202306020505
7,6,11,トーセンダビット,牡3,56,吉田豊,1:50.4,クビ,**,,,,,12-11-11-9,34.5,125.1,10,448(-4),,,,[東]小野次郎,島川隆哉,,202306020505
8,8,16,マイバラード,牡3,56,丹内祐次,1:50.5,1/2,**,,,,,5-5-4-4,35.3,25.9,7,456(-6),,,,[東]松永康利,ビッグレッドファーム,,202306020505
9,3,5,サムワンライクユー,牡3,56,嶋田純次,1:50.6,3/4,**,,,,,8-9-9-9,34.8,30.2,8,456(-2),,,,[東]石毛善彦,ミルファーム,,202306020505
10,3,6,ラビットヘアー,牝3,54,菅原明良,1:50.7,クビ,**,,,,,10-9-9-9,35.0,103.1,9,422(+8),,,,[東]尾関知人,ノースヒルズ,,202306020505
11,5,10,キラータイトル,牡3,56,武藤雅,1:50.7,クビ,**,,,,,5-6-6-8,35.3,126.6,11,482(-10),,,,[東]西田雄一,明栄商事,,202306020505
12,2,4,トラファルガー,セ3,56,丸田恭介,1:51.1,2.1/2,**,,,,,10-11-12-12,35.0,405.3,15,488(-10),,,,[東]加藤和宏,田畑利彦,,202306020505
13,7,13,トーセンジュノ,牝3,53,永野猛蔵,1:51.8,4,**,,,,,13-13-13-13,35.5,342.1,13,438(+6),,,,[東]中川公成,島川隆哉,,202306020505
14,4,7,キャラハンテソーロ,牡3,54,原優介,1:51.8,アタマ,**,,,,,15-15-16-14,35.0,244.4,12,454(0),,,,[東]加藤士津,了徳寺健二ホールディングス,,202306020505
15,1,1,イーヴンキール,牡3,56,石川裕紀,1:52.5,4,**,,,,,14-13-14-14,36.0,376.4,14,502(-2),,,,[東]池上昌和,ゴドルフィン,,202306020505
16,8,15,クリノミスゴールド,牝3,54,菅原隆一,1:53.8,8,**,,,,,15-15-14-16,37.4,681.6,16,440(0),,,,[東]蛯名利弘,栗本博晴,,202306020505
1,3,6,コスタノヴァ,牡3,56,杉原誠人,1:53.7,,**,,,,,1-1-1-1,39.2,19.1,4,492(+8),,,,[東]木村哲也,吉田勝己,550.0,202306020506
2,8,15,グランサバナ,牡3,56,川田将雅,1:54.5,5,**,,,,,4-4-4-4,38.8,1.1,1,498(+4),,,,[東]田村康仁,キャロットファーム,220.0,202306020506
3,6,11,サクセスベージュ,セ3,56,菅原明良,1:55.3,5,**,,,,,3-2-2-2,40.1,37.4,8,466(0),,,,[東]久保田貴,タカシマ,140.0,202306020506
4,2,4,ノアタイクーン,牡3,56,武士沢友,1:55.6,1.3/4,**,,,,,5-5-5-5,39.7,29.9,6,484(-8),,,,[東]鈴木慎太,佐山公男,83.0,202306020506
5,6,12,マンダリンボレロ,牡3,56,松岡正海,1:55.8,1.1/4,**,,,,,8-7-7-5,39.6,15.2,3,508(-6),,,,[東]伊藤伸一,田頭勇貴,55.0,202306020506
6,4,7,ショーネノー,牡3,56,横山武史,1:56.1,1.1/2,**,,,,,2-2-2-2,41.0,36.5,7,508(0),,,,[東]鈴木伸尋,吉冨学,,202306020506
7,5,10,ニクソンテソーロ,牡3,54,原優介,1:56.1,クビ,**,,,,,8-7-7-8,39.8,68.8,9,486(-4),,,,[東]小手川準,了徳寺健二ホールディングス,,202306020506
8,7,13,メイショウカガ,牡3,56,三浦皇成,1:56.5,2,**,,,,,7-5-6-7,40.5,11.3,2,488(+8),,,,[東]高柳瑞樹,松本好雄,,202306020506
9,5,9,ミツカネアース,牡3,56,丹内祐次,1:56.7,1.1/2,**,,,,,10-10-10-10,40.0,286.8,15,478(-8),,,,[東]清水英克,小山田満,,202306020506
10,4,8,フリューゲル,牡3,56,木幡巧也,1:56.8,クビ,**,,,,,12-13-9-9,40.2,83.4,11,476(+14),,,,[東]上原博之,黒川暁子,,202306020506
11,7,14,ワラッテユルシテ,牝3,50,小林美駒,1:57.1,2,**,,,,,14-14-13-14,39.7,195.4,13,504(-2),,,,[東]佐藤吉勝,片山博志,,202306020506
12,1,2,ヴェルティグレ,牡3,55,永野猛蔵,1:57.4,1.1/2,**,,,,,5-7-16-14,39.8,29.5,5,480(+2),,,,[東]黒岩陽一,小島章義,,202306020506
13,3,5,サンタモニカビーチ,牡3,56,黛弘人,1:57.4,クビ,**,,,,,15-15-10-10,40.7,134.6,12,516(-10),,,,[東]中野栄治,ライフエンタープライズ,,202306020506
14,1,1,サクラトップロール,牡3,54,小林脩斗,1:57.6,1,**,,,,,16-16-13-12,40.2,277.4,14,472(+8),,,,[東]奥平雅士,トップフェロウ,,202306020506
15,2,3,ツヴィリング,牡3,56,津村明秀,1:58.6,6,**,,,,,12-10-12-12,41.5,70.5,10,488(0),,,,[東]田中博康,ＫＲジャパン,,202306020506
16,8,16,ヴィアスパークル,牡3,54,横山琉人,1:59.3,4,**,,,,,10-12-15-16,41.8,292.4,16,442(-10),,,,[東]小笠倫弘,ディアレストクラブ,,202306020506
1,5,5,メイテソーロ,牡3,56,戸崎圭太,2:00.7,,**,,,,,7-7-2-2,35.6,3.4,3,482(-6),,,,[東]武市康男,了徳寺健二ホールディングス,780.0,202306020507
2,7,9,ロードプレイヤー,牡3,56,田辺裕信,2:00.9,1.1/4,**,,,,,5-4-4-3,35.5,3.3,2,446(-6),,,,[東]尾形和幸,ロードホースクラブ,310.0,202306020507
3,4,4,ボーンイングランデ,牡3,56,石川裕紀,2:01.1,1.1/4,**,,,,,5-4-6-5,35.6,15.5,4,466(+2),,,,[西]吉田直弘,グランデオーナーズ,200.0,202306020507
4,6,6,ピクシレーション,牝3,54,横山武史,2:01.2,1/2,**,,,,,9-9-8-7,35.5,2.3,1,466(-2),,,,[東]菊沢隆徳,社台レースホース,120.0,202306020507
5,8,11,シャイニーゼネラル,セ3,56,黛弘人,2:01.3,クビ,**,,,,,11-11-11-11,35.0,478.4,11,460(0),,,,[東]武井亮,小林昌志,78.0,202306020507
6,7,8,マイネルビジョン,牡3,56,柴田大知,2:01.4,1/2,**,,,,,3-3-4-5,36.1,16.4,5,458(0),,,,[東]高木登,サラブレッドクラブ・ラフィアン,,202306020507
7,8,10,マジカルワード,牝3,54,菅原明良,2:01.4,クビ,**,,,,,1-1-1-1,36.4,16.5,6,450(-2),,,,[東]大竹正博,村野康司,,202306020507
8,6,7,マイネルカンパーナ,牡3,56,丹内祐次,2:01.5,クビ,**,,,,,10-10-10-9,35.4,90.1,9,422(+18),,,,[東]青木孝文,サラブレッドクラブ・ラフィアン,,202306020507
9,1,1,ベルウッドミカサ,牡3,56,木幡巧也,2:01.5,クビ,**,,,,,7-7-8-9,35.8,438.5,10,428(-4),,,,[東]牧光二,鈴木照雄,,202306020507
10,3,3,ヒメナデシコ,牝3,54,津村明秀,2:01.7,1,**,,,,,3-4-6-7,36.2,32.9,7,426(-4),,,,[西]森田直行,林正道,,202306020507
11,2,2,ゴールドレコーダー,牝3,54,田中勝春,2:01.8,3/4,**,,,,,2-2-3-3,36.6,88.1,8,412(-6),,,,[東]南田美知,居城寿与,,202306020507
1,4,5,クラリティスケール,牝4,56,横山和生,1:11.3,,**,,,,,4-4,36.9,8.1,3,450(0),,,,[東]菊沢隆徳,ノルマンディーサラブレッドレーシング,800.0,202306020508
2,2,2,サクラファシナンテ,牝5,56,戸崎圭太,1:11.4,3/4,**,,,,,8-6,36.6,3.6,2,514(-4),,,,[東]尾関知人,さくらコマース,320.0,202306020508
3,3,3,ヤマニンエルモサ,牝6,56,大野拓弥,1:11.5,クビ,**,,,,,12-9,36.4,81.7,11,480(0),,,,[東]辻哲英,土井肇,200.0,202306020508
4,6,9,スマイルアップ,牝4,56,内田博幸,1:11.6,3/4,**,,,,,2-2,37.3,2.2,1,444(-8),,,,[東]萱野浩二,馬目卓,120.0,202306020508
5,6,8,エスパダアスール,牝5,56,武藤雅,1:11.6,ハナ,**,,,,,1-1,37.5,55.1,10,444(0),,,,[東]武藤善則,アスール,80.0,202306020508
6,1,1,デュードメール,牝4,56,杉原誠人,1:11.7,1/2,**,,,,,13-13,36.2,22.6,7,470(+12),,,,[東]辻哲英,シルクレーシング,,202306020508
7,4,4,クイーンアポーン,牝4,56,Ｍ．デム,1:12.1,2,**,,,,,10-9,37.2,12.8,5,466(-6),,,,[東]土田稔,ジェイアール,,202306020508
8,8,13,クィーンアドバンス,牝6,56,菊沢一樹,1:12.1,アタマ,**,,,,,8-9,37.3,26.7,8,480(-8),,,,[東]勢司和浩,柳内光子,,202306020508
9,7,11,ハロースクロール,牝4,56,嶋田純次,1:12.1,クビ,**,,,,,5-4,37.6,244.9,12,434(-14),,,,[東]手塚貴久,下河辺牧場,,202306020508
10,5,7,マキアージュ,牝4,56,菅原明良,1:12.4,1.3/4,**,,,,,7-6,37.8,15.5,6,450(-14),,,,[東]菊川正達,中村祐子,,202306020508
11,5,6,ミッテルライン,牝4,56,三浦皇成,1:13.1,4,**,,,,,5-6,38.6,34.0,9,442(+11),,,,[東]和田正一,キャロットファーム,,202306020508
12,8,12,グルノイユジョーヌ,牝4,56,木幡巧也,1:13.1,アタマ,**,,,,,10-12,38.1,385.5,13,432(+4),,,,[東]的場均,谷口祐人,,202306020508
13,7,10,ビーマイベイビー,牝5,55,永野猛蔵,1:13.6,3,**,,,,,2-2,39.3,9.1,4,448(-4),,,,[東]加藤和宏,ミルファーム,,202306020508
1,4,7,トップオブジェラス,牡4,58,横山武史,1:53.0,,**,,,,,3-3-3-2,37.5,2.1,1,530(0),,,,[東]高木登,嶋田賢,"1,585.0",202306020509
2,1,1,サクセスエース,牡5,58,ルメール,1:53.2,1.1/4,**,,,,,1-1-1-1,37.9,23.4,7,492(+2),,,,[東]竹内正洋,ブルースターズファーム,630.0,202306020509
3,2,3,サイモンルモンド,セ6,58,原優介,1:53.4,1.1/2,**,,,,,11-11-12-8,37.2,558.3,15,460(-2),,,,[東]小桧山悟,澤田昭紀,395.0,202306020509
4,7,13,デアノヴァ,牝4,56,戸崎圭太,1:53.5,クビ,**,,,,,13-13-10-10,37.4,8.0,4,476(-2),,,,[東]伊坂重信,京都ホースレーシング,230.0,202306020509
5,5,8,オクトニオン,牡4,58,菅原明良,1:53.5,クビ,**,,,,,7-6-6-6,37.6,15.1,5,540(+4),,,,[東]斎藤誠,小田吉男,155.0,202306020509
6,3,5,スズノイナズマ,セ5,58,津村明秀,1:53.6,クビ,**,,,,,4-4-3-4,38.0,224.8,14,474(-4),,,,[東]深山雅史,小紫嘉之,,202306020509
7,8,14,タシロ,牡6,58,杉原誠人,1:53.6,クビ,**,,,,,2-2-2-2,38.2,111.6,11,532(-4),,,,[東]伊藤大士,ミルファーム,,202306020509
8,6,11,カンピオーネ,牡4,58,横山和生,1:53.8,1.1/4,**,,,,,15-15-14-13,36.9,6.0,3,518(-4),,,,[東]栗田徹,ＧＥＴＮＥＸＴ,,202306020509
9,2,2,トーアシオン,セ7,58,木幡巧也,1:53.8,アタマ,**,,,,,8-8-10-10,37.7,17.1,6,480(-2),,,,[東]辻哲英,高山ランド,,202306020509
10,3,4,フームスムート,牡6,58,丹内祐次,1:53.9,1/2,**,,,,,10-10-3-4,38.3,46.2,8,538(-4),,,,[東]水野貴広,ディアレストクラブ,,202306020509
11,7,12,ジュールサイクル,牝6,56,石川裕紀,1:54.1,1,**,,,,,8-8-6-6,38.2,208.3,13,458(-4),,,,[東]田中剛,吉田照哉,,202306020509
12,6,10,アメリカンエール,牡5,58,武藤雅,1:54.5,2.1/2,**,,,,,14-14-13-13,37.9,57.7,9,506(+4),,,,[東]戸田博文,吉澤ホールディングス,,202306020509
13,4,6,ガルヴィハーラ,牡7,58,内田博幸,1:54.9,2.1/2,**,,,,,11-11-6-10,39.1,63.6,10,500(+4),,,,[東]萩原清,キャロットファーム,,202306020509
14,8,15,セイウンロミオ,牡5,58,大野拓弥,1:56.2,8,**,,,,,4-4-6-8,40.3,161.2,12,538(+8),,,,[東]田村康仁,西山茂行,,202306020509
15,5,9,イスカンダル,牡4,58,川田将雅,2:37.8,大,**,,,,,6-6-15-15,77.4,3.8,2,470(+4),,,,[東]岩戸孝樹,田頭勇貴,,202306020509
1,3,6,レディバランタイン,牝4,53,吉田豊,1:07.4,,**,,,,,15-14,33.1,42.6,13,472(-2),,,,[東]加藤征弘,丸山担,"1,875.0",202306020510
2,2,4,メイショウゲンセン,牝6,53,田中勝春,1:07.4,クビ,**,,,,,1-1,34.4,21.8,9,432(-8),,,,[西]武幸四郎,松本好雄,750.0,202306020510
3,6,12,イルクオーレ,セ5,58,荻野極,1:07.5,クビ,**,,,,,2-2,34.4,11.9,6,498(+6),,,,[東]高橋文雅,ヒダカ・ブリーダーズ・ユニオン,465.0,202306020510
4,4,8,ミッキーハーモニー,牝4,55,横山和生,1:07.5,クビ,**,,,,,13-10,33.5,2.5,1,468(+4),,,,[東]萩原清,野田みづき,280.0,202306020510
5,8,16,ユキノファラオ,牡5,55,内田博幸,1:07.7,1.1/4,**,,,,,7-6,34.2,144.0,14,490(+2),,,,[東]石毛善彦,井上基之,184.0,202306020510
6,3,5,ホウオウノーサイド,牡4,56,田辺裕信,1:07.7,アタマ,**,,,,,14-14,33.6,7.3,2,478(+4),,,,[東]斎藤誠,小笹芳央,,202306020510
7,8,15,ブルースピリット,セ5,57,川田将雅,1:07.8,クビ,**,,,,,4-3,34.5,7.4,3,492(+6),,,,[西]中内田充,ゴドルフィン,,202306020510
8,7,13,ショウナンラスボス,牡5,56,菅原明良,1:07.8,クビ,**,,,,,6-6,34.4,7.8,4,472(+4),,,,[東]奥村武,国本哲秀,,202306020510
9,5,9,スリーパーダ,牝4,54,横山武史,1:07.9,1/2,**,,,,,2-3,34.8,19.8,8,424(+2),,,,[西]斉藤崇史,キャロットファーム,,202306020510
10,6,11,オシリスブレイン,牡6,56,三浦皇成,1:07.9,アタマ,**,,,,,9-6,34.3,37.3,11,504(+2),,,,[東]田村康仁,エンジェルレーシング,,202306020510
11,1,1,フミロア,牝5,53,永野猛蔵,1:07.9,アタマ,**,,,,,9-6,34.3,158.5,15,460(0),,,,[東]黒岩陽一,林文彦,,202306020510
12,5,10,アビエルト,牡6,56,石川裕紀,1:08.1,1,**,,,,,11-10,34.3,30.0,10,498(0),,,,[西]杉山佳明,野嶋祥二,,202306020510
13,7,14,ジョニーズララバイ,牡7,55,横山琉人,1:08.2,1,**,,,,,15-16,33.9,175.8,16,468(+6),,,,[西]音無秀孝,金子真人ホールディングス,,202306020510
14,4,7,グランアリエル,牡4,55,柴田善臣,1:08.3,クビ,**,,,,,7-10,34.8,38.9,12,484(+8),,,,[東]小野次郎,布施慶士,,202306020510
15,2,3,コスモカルナック,牡6,58,丹内祐次,1:08.3,クビ,**,,,,,11-10,34.5,17.8,7,500(-2),,,,[東]加藤士津,ビッグレッドファーム,,202306020510
16,1,2,ゼログラヴィティ,牝5,55,ルメール,1:09.9,10,**,,,,,4-3,36.6,9.9,5,484(-8),,,,[東]岩戸孝樹,ゴドルフィン,,202306020510
1,5,8,スルーセブンシーズ,牝5,54,ルメール,1:46.5,,**,**,**,**,**,9-9-8-5,33.8,3.7,2,448(+4),,,,[東]尾関知人,キャロットファーム,"3,849.7",202306020511
2,7,12,ストーリア,牝4,52,横山武史,1:46.7,1.1/4,**,**,**,**,**,6-7-3-3,34.4,13.2,6,490(+2),,,,[西]杉山晴紀,ロードホースクラブ,"1,514.2",202306020511
3,4,5,サトノセシル,牝7,55,田辺裕信,1:47.0,1.1/2,**,**,**,**,**,8-7-5-5,34.5,11.1,5,466(0),,,,[東]堀宣行,里見治,957.1,202306020511
4,3,4,アートハウス,牝4,57,川田将雅,1:47.0,アタマ,**,**,**,**,**,3-3-3-3,34.7,2.9,1,470(-12),,,,[西]中内田充,Ｈ．Ｈ．シェイク・ファハド,570.0,202306020511
5,6,9,クリノプレミアム,牝6,55.5,Ｍ．デム,1:47.2,1.1/2,**,**,**,**,**,5-3-2-2,35.0,5.7,3,488(+4),,,,[東]伊藤伸一,栗本博晴,380.0,202306020511
6,7,11,スライリー,牝5,53,津村明秀,1:47.4,3/4,**,**,**,**,**,6-6-8-9,34.8,62.2,9,454(+6),,,,[東]相沢郁,ヒダカ・ブリーダーズ・ユニオン,,202306020511
7,3,3,リノキアナ,牝6,50,原優介,1:47.4,ハナ,**,**,**,**,**,11-11-10-10,34.6,309.8,14,438(-2),,,,[西]谷潔,松岡雅昭,,202306020511
8,8,14,ウインピクシス,牝4,53,松岡正海,1:47.4,アタマ,**,**,**,**,**,1-1-1-1,35.4,6.1,4,448(0),,,,[東]上原博之,ウイン,,202306020511
9,8,13,イリマ,牝5,50,木幡巧也,1:47.6,1,**,**,**,**,**,12-11-10-10,34.8,77.7,11,462(-8),,,,[西]高橋亮,前田幸治,,202306020511
10,4,6,シャーレイポピー,牝5,53,戸崎圭太,1:47.6,ハナ,**,**,**,**,**,2-2-5-5,35.2,70.5,10,438(-4),,,,[西]石坂公一,キャロットファーム,,202306020511
11,6,10,ラルナブリラーレ,牝6,54,菅原明良,1:47.6,クビ,**,**,**,**,**,10-10-12-10,34.7,40.1,8,486(0),,,,[西]石坂公一,社台レースホース,,202306020511
12,1,1,コトブキテティス,牝6,52,武藤雅,1:47.7,クビ,**,**,**,**,**,13-13-13-13,34.5,224.1,13,446(+4),,,,[東]田島俊明,尾上松壽,,202306020511
13,5,7,エイシンチラー,牝5,53,三浦皇成,1:47.9,1.1/4,**,**,**,**,**,3-3-5-5,35.4,17.8,7,484(+2),,,,[東]田中剛,栄進堂,,202306020511
14,2,2,クロスマジェスティ,牝4,51,柴田善臣,1:48.2,2,**,**,**,**,**,14-13-13-13,35.0,112.5,12,478(+10),,,,[東]水野貴広,辻高史,,202306020511
1,2,4,ウィリン,牝4,56,丹内祐次,1:08.3,,**,,,,,1-1,34.1,3.1,1,448(+10),,,,[東]林徹,ジャコモ,"1,140.0",202306020512
2,6,11,ヨール,牝4,52,小林美駒,1:08.4,1/2,**,,,,,2-2,34.2,6.7,3,442(-6),,,,[東]手塚貴久,藤田在子,460.0,202306020512
3,8,16,イズンシーラブリー,牝5,56,横山武史,1:08.8,2.1/2,**,,,,,13-12,33.4,3.4,2,422(0),,,,[東]加藤征弘,諸江幸祐,290.0,202306020512
4,1,2,ヒノクニ,牝4,53,西塚洸二,1:08.8,クビ,**,,,,,4-3,34.3,118.9,12,446(-4),,,,[東]深山雅史,由井健太郎,170.0,202306020512
5,2,3,ブランデーロック,牡4,55,佐藤翔馬,1:08.9,クビ,**,,,,,15-14,33.1,8.0,4,478(-2),,,,[東]小桧山悟,新井衛,114.0,202306020512
6,4,7,フリートオブフット,牝4,56,菅原明良,1:08.9,ハナ,**,,,,,7-7,34.1,12.4,6,444(+4),,,,[東]奥村武,シルクレーシング,,202306020512
7,5,10,スズノフブキ,セ9,58,松岡正海,1:08.9,クビ,**,,,,,4-5,34.3,429.8,16,490(+14),,,,[東]高橋裕,小紫嘉之,,202306020512
8,7,13,トーセンサンダー,牡4,58,木幡巧也,1:08.9,アタマ,**,,,,,3-3,34.6,10.2,5,472(+2),,,,[東]杉浦宏昭,島川隆哉,,202306020512
9,5,9,ヤマニンプティパ,牝6,56,田中勝春,1:09.1,1,**,,,,,7-7,34.3,16.5,7,434(-4),,,,[西]千田輝彦,土井肇,,202306020512
10,6,12,アルムファーツリー,牝5,56,戸崎圭太,1:09.1,アタマ,**,,,,,12-12,33.8,45.0,9,458(-10),,,,[西]川村禎彦,崎川美枝子,,202306020512
11,4,8,サウンドブライアン,牡5,56,横山琉人,1:09.1,クビ,**,,,,,10-11,34.0,245.9,15,488(+2),,,,[西]村山明,増田雄一,,202306020512
12,3,5,カシノフォワード,セ5,55,土田真翔,1:09.1,ハナ,**,,,,,4-5,34.6,48.7,10,436(-2),,,,[東]蛯名利弘,柏木務,,202306020512
13,3,6,ジャガード,牡5,57,永野猛蔵,1:09.2,クビ,**,,,,,14-14,33.5,221.9,14,424(+2),,,,[東]和田雄二,栗坂崇,,202306020512
14,7,14,コスモカッティーボ,牡6,58,柴田大知,1:09.3,1/2,**,,,,,10-9,34.2,191.6,13,494(-2),,,,[東]畠山吉宏,ビッグレッドファーム,,202306020512
15,1,1,アレクサンドラ,牝4,54,原優介,1:09.7,2.1/2,**,,,,,9-9,34.7,113.1,11,500(-2),,,,[東]矢野英一,大樹ファーム,,202306020512
16,8,15,シゲルファンノユメ,牡4,58,三浦皇成,1:09.9,1,**,,,,,15-14,34.1,19.0,8,490(0),,,,[東]伊藤圭三,森中啓子,,202306020512
1,6,12,ウィンターダフネ,牝3,54,菅原明良,1:54.5,,**,,,,,2-2-1-1,39.2,1.4,1,476(-2),,,,[東]国枝栄,金子真人ホールディングス,550.0,202306020601
2,6,11,コロンビアテソーロ,牝3,52,原優介,1:54.7,1.1/2,**,,,,,10-10-3-2,39.1,30.6,5,452(+2),,,,[東]栗田徹,了徳寺健二ホールディングス,220.0,202306020601
3,4,8,ペイシャアンジェロ,牝3,54,松岡正海,1:56.4,10,**,,,,,7-7-6-5,40.4,19.5,4,432(0),,,,[東]伊藤伸一,北所直人,140.0,202306020601
4,3,6,イゾレエオリア,牝3,54,田辺裕信,1:56.8,2.1/2,**,,,,,13-13-3-4,41.2,13.6,3,456(+4),,,,[東]伊藤大士,吉田照哉,83.0,202306020601
5,1,2,メダルラッシュ,牝3,54,三浦皇成,1:56.9,1/2,**,,,,,10-10-10-10,40.5,51.5,6,468(+4),,,,[東]村田一誠,青山洋一,55.0,202306020601
6,7,13,キタノパッション,牝3,54,黛弘人,1:57.2,2,**,,,,,16-16-14-12,40.4,92.4,8,426(-2),,,,[東]石栗龍彦,北所直人,,202306020601
7,4,7,ボンジュールリーゼ,牝3,54,木幡育也,1:57.4,1,**,,,,,1-1-2-2,42.0,106.5,10,454(-4),,,,[東]田中剛,田中善次郎,,202306020601
8,5,9,トモエ,牝3,54,大野拓弥,1:57.4,アタマ,**,,,,,13-14-14-14,40.7,243.7,12,498(-4),,,,[東]和田勇介,梅澤明,,202306020601
9,2,4,ラインアンジェラ,牝3,54,武藤雅,1:57.6,1.1/4,**,,,,,5-4-6-7,41.7,53.3,7,460(+2),,,,[東]水野貴広,大澤繁昌,,202306020601
10,3,5,ナムラオリビア,牝3,54,酒井学,1:57.6,クビ,**,,,,,7-7-8-8,41.5,92.6,9,432(-6),,,,[東]武市康男,奈村睦弘,,202306020601
11,5,10,ポロネーズ,牝3,54,菊沢一樹,1:57.8,1,**,,,,,10-10-10-10,41.5,345.8,14,424(-10),,,,[東]小手川準,村島昭男,,202306020601
12,8,15,レーベンスベルーフ,牝3,54,ルメール,1:57.8,クビ,**,,,,,4-4-5-6,42.1,3.1,2,494(+18),,,,[東]黒岩陽一,吉田勝己,,202306020601
13,2,3,ドライカプチーノ,牝3,54,岩部純二,1:58.0,3/4,**,,,,,5-4-8-8,41.9,497.2,15,430(+2),,,,[東]萱野浩二,ミルファーム,,202306020601
14,8,16,キーアビリティー,牝3,54,宮崎北斗,1:58.2,1.1/2,**,,,,,15-15-16-15,41.1,585.2,16,432(-12),,,,[東]嘉藤貴行,北前孔一郎,,202306020601
15,1,1,エターナルスノー,牝3,54,木幡巧也,1:58.3,クビ,**,,,,,7-7-13-12,41.8,122.4,11,424(-2),,,,[東]岩戸孝樹,ノルマンディーサラブレッドレーシング,,202306020601
16,7,14,モキハナ,牝3,51,土田真翔,2:02.0,大,**,,,,,3-3-10-16,45.6,323.5,13,500(-8),,,,[東]尾形和幸,小林由明,,202306020601
1,1,1,ニットウバジル,牡3,56,柴田善臣,1:11.9,,**,,,,,7-3,36.8,2.4,1,510(0),,,,[東]高橋文雅,日東牧場,550.0,202306020602
2,7,13,フェスティヴラジャ,牝3,54,菊沢一樹,1:12.0,3/4,**,,,,,1-1,37.5,5.5,3,454(-4),,,,[東]田島俊明,臼井義太郎,220.0,202306020602
3,7,14,クラウンブラヴォー,牡3,56,木幡巧也,1:12.5,3,**,,,,,4-3,37.7,6.2,4,484(-6),,,,[東]牧光二,クラウン,140.0,202306020602
4,5,10,メモリーグラス,牡3,56,菅原隆一,1:12.6,1/2,**,,,,,2-2,38.0,64.0,9,452(+4),,,,[東]松永康利,田頭勇貴,83.0,202306020602
5,8,16,スピリチュアル,牝3,54,武藤雅,1:13.0,2.1/2,**,,,,,7-6,37.9,7.1,5,438(-6),,,,[東]武藤善則,佐々木雄二,55.0,202306020602
6,4,7,デルマネコダマシ,牝3,54,吉田豊,1:13.2,1,**,,,,,10-10,37.6,36.9,7,452(-6),,,,[東]尾関知人,浅沼廣幸,,202306020602
7,2,4,デルマツキダシ,牡3,55,秋山稔樹,1:13.2,ハナ,**,,,,,11-10,37.4,64.0,8,444(+6),,,,[東]深山雅史,浅沼廣幸,,202306020602
8,1,2,レアジーニアス,牝3,54,江田照男,1:13.6,2.1/2,**,,,,,4-6,38.7,4.4,2,470(0),,,,[東]栗田徹,岡田牧雄,,202306020602
9,2,3,シュンセツ,牝3,54,勝浦正樹,1:13.6,アタマ,**,,,,,9-9,38.1,473.3,15,456(+8),,,,[東]小桧山悟,中村勝彦,,202306020602
10,8,15,ジェイウォーリア,牝3,54,内田博幸,1:13.7,1/2,**,,,,,15-15,37.3,351.5,13,464(-2),,,,[東]武市康男,飯田総一郎,,202306020602
11,3,5,ニューカラー,牝3,54,丸田恭介,1:14.4,4,**,,,,,14-12,38.4,479.9,16,410(-8),,,,[東]嘉藤貴行,グリーンスウォード,,202306020602
12,3,6,ジュレップスター,牝3,54,丹内祐次,1:14.4,ハナ,**,,,,,11-12,38.7,92.7,10,406(-16),,,,[東]清水英克,永見貴昭,,202306020602
13,6,11,ホウオウアリシア,牝3,51,佐藤翔馬,1:14.4,ハナ,**,,,,,4-6,39.5,17.7,6,436(-10),,,,[東]斎藤誠,小笹芳央,,202306020602
14,6,12,マリノシュライエン,牝3,51,小林勝太,1:14.4,ハナ,**,,,,,11-12,38.6,184.5,11,422(0),,,,[東]小野次郎,矢野恭裕,,202306020602
15,4,8,ワイワイスマイル,牡3,56,柴田大知,1:15.8,8,**,,,,,2-3,41.2,439.4,14,480(0),,,,[東]天間昭一,山田泰司,,202306020602
16,5,9,ララベルダム,牝3,54,黛弘人,1:16.9,7,**,,,,,16-16,38.8,199.4,12,456(0),,,,[東]和田雄二,フジイ興産,,202306020602
1,3,5,ペンティメント,牡3,56,ルメール,1:53.8,,**,,,,,4-4-4-3,37.5,3.6,3,504(-6),,,,[東]嘉藤貴行,吉田和美,550.0,202306020603
2,6,12,アクションプラン,牡3,55,秋山稔樹,1:53.8,ハナ,**,,,,,2-2-2-1,37.8,3.4,1,498(+2),,,,[東]池上昌和,関田光男,220.0,202306020603
3,7,13,ブライアンセンス,牡3,56,横山武史,1:53.8,アタマ,**,,,,,5-5-6-6,37.3,3.6,2,490(0),,,,[東]斎藤誠,林正道,140.0,202306020603
4,6,11,マイショウチャン,牡3,56,戸崎圭太,1:54.8,6,**,,,,,3-3-3-3,38.6,13.6,5,430(-8),,,,[東]相沢郁,星野壽市,83.0,202306020603
5,5,10,オボッチャマ,牡3,56,津村明秀,1:54.8,ハナ,**,,,,,5-5-4-5,38.5,42.5,10,486(-4),,,,[東]武市康男,村田哲朗,55.0,202306020603
6,2,4,マロンロシェ,牡3,56,宮崎北斗,1:54.8,クビ,**,,,,,8-8-6-6,38.3,9.3,4,524(-2),,,,[東]中川公成,ウエスト．フォレスト．ステイブル,,202306020603
7,2,3,エクメディゴールド,牡3,56,柴田大知,1:55.5,4,**,,,,,11-10-10-8,38.7,45.2,11,492(-10),,,,[東]畠山吉宏,橋本慎太郎,,202306020603
8,4,8,ミッキーホーリー,牡3,56,菊沢一樹,1:55.6,1/2,**,,,,,14-14-12-13,38.4,36.3,7,502(0),,,,[東]菊沢隆徳,野田みづき,,202306020603
9,1,1,タッチャブル,牡3,56,杉原誠人,1:56.1,3,**,,,,,15-15-12-11,38.9,14.0,6,518(-6),,,,[東]宮田敬介,大塚亮一,,202306020603
10,8,16,ペイシャハーメルン,牡3,56,江田照男,1:56.4,2,**,,,,,7-7-8-8,39.8,40.4,9,468(+2),,,,[東]蛯名利弘,北所直人,,202306020603
11,5,9,セントアイヴス,牡3,56,吉田豊,1:56.5,1/2,**,,,,,8-8-8-8,39.9,37.2,8,498(0),,,,[東]中舘英二,広尾レース,,202306020603
12,3,6,ロンリープラネット,セ3,56,丹内祐次,1:56.7,1.1/4,**,,,,,1-1-1-2,40.7,185.0,13,482(-6),,,,[東]小笠倫弘,グリーンファーム,,202306020603
13,7,14,オールアルミュール,牡3,56,木幡巧也,1:56.9,1.1/2,**,,,,,10-10-10-11,40.1,45.7,12,514(-2),,,,[東]的場均,林勝宗,,202306020603
14,4,7,ララポムドゥテール,牡3,53,小林勝太,1:57.4,2.1/2,**,,,,,11-12-12-14,40.2,432.1,14,444(0),,,,[東]鈴木慎太,フジイ興産,,202306020603
15,8,15,ハッポウヤブレ,牡3,53,佐藤翔馬,1:58.4,6,**,,,,,11-12-15-16,40.8,844.8,16,488(-2),,,,[東]小桧山悟,本杉芳郎,,202306020603
16,1,2,ヤエノシャイン,牡3,56,武士沢友,1:58.7,2,**,,,,,16-16-16-15,41.0,604.6,15,450(-2),,,,[東]田中剛,山本弥恵子,,202306020603
1,2,2,フロールシュタット,牡4,59,上野翔,3:12.6,,,,,,,3-3-2-2,13.4,5.7,3,468(-4),,,,[東]戸田博文,吉田勝己,790.0,202306020604
2,5,5,モルタル,セ6,60,小野寺祐,3:12.7,クビ,,,,,,5-4-5-4,13.4,2.6,1,466(+6),,,,[東]加藤征弘,阿部友弘,320.0,202306020604
3,8,9,デザートスター,セ4,59,石神深一,3:12.8,3/4,,,,,,1-1-1-1,13.4,7.2,4,458(+4),,,,[東]武井亮,中西功,200.0,202306020604
4,4,4,ダノンセレスタ,牡6,58,小牧加矢,3:13.0,1.1/2,,,,,,5-6-6-6,13.4,3.2,2,504(-6),,,,[西]音無秀孝,ダノックス,120.0,202306020604
5,6,6,コスモスタック,牡6,60,伴啓太,3:13.2,3/4,,,,,,3-4-2-2,13.4,14.3,6,474(+6),,,,[東]鈴木慎太,ビッグレッドファーム,79.0,202306020604
6,3,3,エターナルボンド,セ6,60,五十嵐雄,3:13.6,2.1/2,,,,,,2-2-4-5,13.4,9.0,5,518(0),,,,[東]伊藤圭三,社台レースホース,,202306020604
7,1,1,オノーレペスカ,牝7,58,大江原圭,3:15.2,10,,,,,,7-7-7-7,13.6,29.5,7,452(+4),,,,[東]小桧山悟,三岡陽,,202306020604
8,8,8,ネフィリム,牡4,59,蓑島靖典,3:18.1,大,,,,,,8-8-8-8,13.8,108.5,9,560(-14),,,,[東]和田勇介,フィールドレーシング,,202306020604
9,7,7,ゴールドラグーン,牡7,60,金子光希,3:24.8,大,,,,,,9-9-9-9,14.2,38.0,8,496(-12),,,,[東]伊坂重信,吉田晴哉,,202306020604
1,3,5,イケイケドンドン,牡3,56,大野拓弥,2:00.8,,**,,,,,12-12-9-5,35.0,7.9,3,456(-4),,,,[東]松山将樹,新井原博,550.0,202306020605
2,7,14,ホウオウバーナード,牡3,56,戸崎圭太,2:00.8,ハナ,**,,,,,10-10-7-3,35.2,10.9,6,394(-8),,,,[東]高柳瑞樹,小笹芳央,220.0,202306020605
3,5,9,ゴールドシーン,牡3,56,内田博幸,2:01.0,1.1/2,**,,,,,16-16-14-10,34.8,24.0,8,462(0),,,,[東]林徹,キャロットファーム,140.0,202306020605
4,4,7,シャンボール,牡3,56,田辺裕信,2:01.1,1/2,**,,,,,2-2-4-3,35.7,4.7,2,470(-10),,,,[東]上原博之,前田幸治,83.0,202306020605
5,1,1,アヴィオンドール,牝3,54,ルメール,2:01.1,ハナ,**,,,,,18-18-16-12,34.7,2.8,1,530(0),,,,[東]手塚貴久,サンデーレーシング,55.0,202306020605
6,8,18,ハイファイヴ,牡3,56,松岡正海,2:01.3,1.1/4,**,,,,,5-3-2-2,36.2,11.5,7,506(0),,,,[東]堀内岳志,吉田安惠,,202306020605
7,2,3,パーリーブラック,牡3,56,三浦皇成,2:01.3,ハナ,**,,,,,1-1-1-1,36.2,8.4,5,470(0),,,,[東]伊坂重信,吉田勝己,,202306020605
8,8,17,タイセイキューティ,牝3,54,横山和生,2:01.4,1/2,**,,,,,12-12-11-5,35.5,42.5,10,460(-8),,,,[東]奥村武,田中成奉,,202306020605
9,3,6,マツリダパーチェ,牡3,54,横山琉人,2:01.9,3,**,,,,,10-11-13-12,35.8,106.5,13,428(0),,,,[東]水野貴広,高橋文枝,,202306020605
10,8,16,カドゥケウス,牡3,56,丹内祐次,2:02.0,1/2,**,,,,,8-8-4-5,36.5,414.1,15,486(-2),,,,[東]粕谷昌央,ビッグレッドファーム,,202306020605
11,2,4,ルージュリオンヌ,牝3,54,菅原明良,2:02.7,4,**,,,,,14-14-16-16,36.3,130.6,14,440(0),,,,[東]黒岩陽一,東京ホースレーシング,,202306020605
12,6,12,ノーサンブリア,牝3,54,杉原誠人,2:02.8,1/2,**,,,,,6-6-9-10,37.0,50.0,11,410(-12),,,,[東]稲垣幸雄,シルクレーシング,,202306020605
13,6,11,アルファインディ,牡3,56,丸山元気,2:02.8,アタマ,**,,,,,16-16-16-12,36.4,35.2,9,448(+6),,,,[東]宮田敬介,シルクレーシング,,202306020605
14,1,2,エコロマーベリック,牡3,56,横山武史,2:02.9,1/2,**,,,,,8-8-3-5,37.7,8.2,4,504(+2),,,,[東]加藤征弘,原村正紀,,202306020605
15,5,10,ブライトクラウン,牡3,56,嶋田純次,2:02.9,アタマ,**,,,,,3-4-4-5,37.4,650.5,17,438(+4),,,,[東]和田正一,阿津昌弘,,202306020605
16,4,8,ウインネモフィラ,牝3,54,菊沢一樹,2:02.9,ハナ,**,,,,,14-14-15-18,36.6,446.8,16,422(+2),,,,[東]奥平雅士,ウイン,,202306020605
17,7,13,ワクワクルンルン,牝3,54,柴田大知,2:03.4,3,**,,,,,6-6-11-16,37.5,86.1,12,444(-8),,,,[東]畠山吉宏,ローレルレーシング,,202306020605
18,7,15,トキメキセンヒメ,牝3,54,丸田恭介,2:03.9,3,**,,,,,3-4-7-12,38.2,821.1,18,418(-12),,,,[東]佐藤吉勝,片岡正雄,,202306020605
1,6,11,フェブランシェ,牝3,54,ルメール,1:53.2,,**,,,,,4-4-4-4,38.5,2.4,1,524(-2),,,,[東]黒岩陽一,キャロットファーム,780.0,202306020606
2,5,10,ヴァナルガンド,牡3,56,戸崎圭太,1:53.2,ハナ,**,,,,,3-3-2-2,38.7,4.1,2,460(+4),,,,[東]稲垣幸雄,ノルマンディーサラブレッドレーシング,310.0,202306020606
3,7,14,ミラーオブマインド,牡3,56,横山和生,1:53.6,2.1/2,**,,,,,11-13-6-5,38.6,4.6,3,480(-6),,,,[東]新開幸一,社台レースホース,200.0,202306020606
4,4,8,ナチュラルハイ,牡3,56,丹内祐次,1:53.7,3/4,**,,,,,11-11-12-8,38.2,67.6,14,462(-10),,,,[東]黒岩陽一,山口裕介,120.0,202306020606
5,3,6,サンデュエル,牡3,56,石川裕紀,1:53.8,クビ,**,,,,,2-2-2-2,39.4,45.7,11,486(-12),,,,[東]栗田徹,シルクレーシング,78.0,202306020606
6,3,5,メイショウフジ,牡3,56,大野拓弥,1:54.0,1.1/2,**,,,,,16-16-15-13,37.9,20.8,6,472(-8),,,,[東]和田勇介,松本好雄,,202306020606
7,1,1,ドレミファニー,牝3,54,三浦皇成,1:54.0,ハナ,**,,,,,1-1-1-1,39.7,26.2,7,472(-4),,,,[東]西田雄一,青芝商事,,202306020606
8,4,7,グレノークス,牝3,54,丸山元気,1:54.1,1/2,**,,,,,5-6-5-5,39.2,31.4,8,494(+4),,,,[東]宮田敬介,吉田照哉,,202306020606
9,5,9,ベルウッドグラス,牡3,56,木幡巧也,1:54.6,3,**,,,,,7-7-9-11,39.4,52.6,12,466(-10),,,,[東]牧光二,鈴木照雄,,202306020606
10,1,2,コスモメイゲツ,牡3,56,柴田大知,1:54.7,1/2,**,,,,,7-7-9-7,39.5,268.2,16,460(-3),,,,[東]中野栄治,ビッグレッドファーム,,202306020606
11,2,3,エッグスラット,牡3,56,田辺裕信,1:55.1,2.1/2,**,,,,,14-14-9-9,39.9,45.4,10,486(-14),,,,[東]矢野英一,Ｇ１レーシング,,202306020606
12,8,16,レストア,牡3,54,横山琉人,1:55.3,1.1/4,**,,,,,10-10-12-13,39.8,11.8,4,502(-10),,,,[東]小笠倫弘,ノースヒルズ,,202306020606
13,7,13,フランコルシャン,牡3,56,菅原明良,1:55.5,1,**,,,,,11-11-14-15,39.8,20.4,5,472(+2),,,,[東]高木登,ラ・メール,,202306020606
14,6,12,トゥルース,牡3,56,本田正重,1:56.0,3,**,,,,,7-7-6-11,41.0,58.2,13,484(-2),,,,[東]斎藤誠,飯田正剛,,202306020606
15,8,15,リーゼノアール,牡3,56,横山武史,1:56.1,3/4,**,,,,,5-4-6-9,41.0,38.5,9,504(-6),,,,[東]国枝栄,嶋田一成,,202306020606
16,2,4,フクチャンキング,牡3,56,田中勝春,1:56.8,4,**,,,,,15-15-15-16,40.8,77.2,15,524(+4),,,,[東]加藤征弘,福田義明,,202306020606
1,2,2,ワックスフラワー,牝3,54,黛弘人,1:09.4,,**,,,,,1-1,34.2,18.1,7,440(+8),,,,[東]深山雅史,ミルファーム,780.0,202306020607
2,6,7,アンタノバラード,牝3,54,田辺裕信,1:09.4,クビ,**,,,,,7-6,33.6,3.2,1,426(0),,,,[東]伊藤大士,ミルファーム,310.0,202306020607
3,8,11,クリノリアルレディ,牝3,52,原優介,1:09.5,3/4,**,,,,,2-2,34.1,223.4,11,468(-4),,,,[東]伊藤伸一,栗本博晴,200.0,202306020607
4,7,10,エコロレジーナ,牝3,54,菊沢一樹,1:09.7,3/4,**,,,,,9-8,33.7,7.6,5,478(0),,,,[東]菊沢隆徳,原村正紀,120.0,202306020607
5,7,9,プレジャークルーズ,牝3,54,菅原明良,1:09.8,1/2,**,,,,,4-4,34.2,19.0,8,488(+4),,,,[東]大竹正博,吉田照哉,78.0,202306020607
6,8,12,クリノゴッホ,牡3,56,丹内祐次,1:09.8,クビ,**,,,,,3-3,34.3,3.2,2,466(+4),,,,[東]岩戸孝樹,栗原正雄,,202306020607
7,5,6,ゴルトリッチ,牡3,56,戸崎圭太,1:09.8,クビ,**,,,,,9-9,33.8,7.5,4,490(+6),,,,[西]牧浦充徳,前原敏行,,202306020607
8,6,8,レイカットスルー,牡3,56,津村明秀,1:10.0,1,**,,,,,11-10,33.6,7.1,3,446(0),,,,[東]加藤士津,ライオンレースホース,,202306020607
9,3,3,ノーブルラン,牡3,56,柴田善臣,1:10.0,クビ,**,,,,,4-4,34.4,11.3,6,466(-2),,,,[東]尾形和幸,岡村善行,,202306020607
10,4,4,スングリダンダン,牝3,54,杉原誠人,1:10.1,1/2,**,,,,,6-6,34.4,446.1,12,436(0),,,,[東]南田美知,ミルファーム,,202306020607
11,5,5,シルバーレイズ,牝3,54,大野拓弥,1:10.3,1,**,,,,,11-10,33.9,41.7,9,462(+2),,,,[東]牧光二,林正道,,202306020607
12,1,1,キモンアップル,牝3,52,横山琉人,1:14.7,大,**,,,,,7-10,38.8,135.4,10,470(+4),,,,[西]村山明,小林祥晃,,202306020607
1,7,13,グリューヴルム,牡4,57,戸崎圭太,2:35.9,,**,,,,,3-3-2-2,38.9,2.2,1,494(+6),,,,[西]大久保龍,キャロットファーム,800.0,202306020608
2,8,15,インペリアルライン,セ4,57,横山武史,2:36.5,3.1/2,**,,,,,9-9-3-3,39.3,23.8,8,464(0),,,,[東]中舘英二,社台レースホース,320.0,202306020608
3,7,14,デリシュレーヌ,牝5,56,吉田豊,2:36.7,3/4,**,,,,,15-15-14-12,37.9,37.1,9,484(-2),,,,[東]高橋文雅,加藤徹,200.0,202306020608
4,4,7,アコークロー,牝4,55,丸田恭介,2:36.7,クビ,**,,,,,9-9-10-8,38.5,13.5,6,484(-6),,,,[東]大竹正博,Ｇ１レーシング,120.0,202306020608
5,5,10,クロスザルビコン,牡6,56,横山琉人,2:36.8,クビ,**,,,,,7-4-5-4,39.2,8.8,4,458(+10),,,,[東]大和田成,小村アセットＭ,80.0,202306020608
6,2,4,トーセンクライスト,牡4,57,田中勝春,2:37.3,3,**,,,,,4-4-5-4,39.7,8.9,5,522(+14),,,,[東]宗像義忠,島川隆哉,,202306020608
7,3,6,ヴォーグマチネ,牡5,58,原田和真,2:37.4,1/2,**,,,,,7-8-7-8,39.4,258.7,14,494(-4),,,,[東]堀内岳志,志村幸彦,,202306020608
8,1,1,ゴーシェナイト,牡4,57,ルメール,2:37.4,ハナ,**,,,,,13-12-10-11,39.2,8.5,3,492(0),,,,[東]黒岩陽一,サンデーレーシング,,202306020608
9,6,12,フクノエヴリー,牡4,57,松岡正海,2:37.8,2.1/2,**,,,,,2-2-4-4,40.3,13.6,7,524(+4),,,,[東]堀内岳志,福島祐子,,202306020608
10,4,8,ウインアラジン,牡4,57,横山和生,2:37.9,3/4,**,,,,,4-4-7-7,40.0,5.6,2,500(+4),,,,[西]寺島良,ウイン,,202306020608
11,5,9,アンノウンウォリア,牡4,55,藤田菜七,2:38.0,クビ,**,,,,,13-14-14-15,39.3,77.9,12,456(0),,,,[西]平田修,吉田昌久,,202306020608
12,6,11,セイハロートゥユー,牡5,58,津村明秀,2:38.3,2,**,,,,,1-1-1-1,41.3,58.1,11,494(-6),,,,[東]牧光二,平田修,,202306020608
13,3,5,ウッドショック,牡4,57,木幡巧也,2:38.3,アタマ,**,,,,,12-12-12-12,40.0,198.5,13,514(+4),,,,[東]杉浦宏昭,小林善一,,202306020608
14,8,16,ノクターナリティ,牡4,57,大野拓弥,2:38.7,2.1/2,**,,,,,4-4-7-8,40.7,55.5,10,482(-8),,,,[東]上原博之,ゴドルフィン,,202306020608
15,2,3,テイエムダイアタリ,牡5,58,武士沢友,2:38.7,ハナ,**,,,,,16-16-16-15,39.5,414.8,16,526(-6),,,,[東]石栗龍彦,竹園正繼,,202306020608
16,1,2,ルレーヴドゥリリ,牝6,56,上野翔,2:39.2,3,**,,,,,9-9-13-12,40.7,310.1,15,496(-18),,,,[東]田中剛,加藤誠,,202306020608
1,2,2,サンカルパ,牝4,56,ルメール,1:48.3,,**,,,,,2-3-2-2,34.3,1.9,1,488(-6),,,,[東]田中博康,シルクレーシング,"1,580.8",202306020609
2,4,6,ロジレット,牝4,56,石川裕紀,1:48.4,3/4,**,,,,,1-1-1-1,34.6,37.5,10,452(+4),,,,[東]稲垣幸雄,久米田正明,628.8,202306020609
3,4,5,ハッピーオーサム,牝5,56,戸崎圭太,1:48.6,1.1/4,**,,,,,4-4-4-2,34.5,33.6,9,502(-6),,,,[西]藤原英昭,馬場幸夫,394.4,202306020609
4,6,10,シンシアウィッシュ,牝4,56,横山武史,1:48.6,ハナ,**,,,,,7-7-8-8,34.2,3.3,2,446(-2),,,,[西]吉村圭司,前田幸大,230.0,202306020609
5,7,12,エンジェルサークル,牝6,56,丸山元気,1:48.7,1/2,**,,,,,11-11-10-8,34.0,94.3,12,450(+8),,,,[東]中川公成,吉田照哉,155.0,202306020609
6,3,3,ラレイナ,牝5,56,本田正重,1:48.8,1/2,**,,,,,9-9-10-11,34.1,26.2,7,468(+20),,,,[東]木村哲也,シルクレーシング,,202306020609
7,6,9,ミアマンテ,牝6,56,津村明秀,1:49.0,3/4,**,,,,,13-13-12-11,34.1,42.5,11,450(-4),,,,[東]木村哲也,吉田勝己,,202306020609
8,5,7,エトワールマタン,牝5,56,菅原明良,1:49.0,アタマ,**,,,,,5-5-5-5,34.8,11.0,3,458(-2),,,,[東]高柳瑞樹,丹羽久一郎,,202306020609
9,8,14,アラビアンナイト,牝5,56,田辺裕信,1:49.1,1/2,**,,,,,13-13-13-13,33.9,16.7,6,452(0),,,,[東]田村康仁,ＨｉｍＲｏｃｋＲａｃｉｎｇホールディングス,,202306020609
10,3,4,チアチアクラシカ,牝6,56,吉田豊,1:49.1,クビ,**,,,,,5-5-7-5,34.8,30.6,8,508(0),,,,[東]西田雄一,藤田在子,,202306020609
11,5,8,ヒューマンコメディ,牝6,56,三浦皇成,1:49.2,クビ,**,,,,,7-7-5-5,35.0,15.7,5,500(-2),,,,[東]水野貴広,野村茂雄,,202306020609
12,1,1,オウケンロジータ,牝6,56,田中勝春,1:49.5,1.3/4,**,,,,,9-9-9-8,34.9,212.1,14,522(+2),,,,[東]松永康利,福井明,,202306020609
13,7,11,グレースオブナイル,牝6,56,丹内祐次,1:49.8,2,**,,,,,11-11-13-14,34.7,200.3,13,456(+2),,,,[東]小笠倫弘,グリーンファーム,,202306020609
14,8,13,コルベイユ,牝4,56,勝浦正樹,1:50.3,3,**,,,,,2-2-2-2,36.3,14.9,4,450(+18),,,,[東]新開幸一,井手慶祐,,202306020609
1,4,4,ラインベック,セ6,57,津村明秀,1:33.0,,**,,,,,2-2-2,34.2,18.4,5,482(0),,,,[西]友道康夫,金子真人ホールディングス,"2,724.5",202306020610
2,5,5,ゾンニッヒ,牡5,57,菅原明良,1:33.1,1/2,**,,,,,5-5-5,33.4,2.2,1,472(-4),,,,[西]池江泰寿,金子真人ホールディングス,"1,107.0",202306020610
3,6,6,ノルカソルカ,牡6,57,内田博幸,1:33.1,アタマ,**,,,,,1-1-1,35.5,22.5,6,502(0),,,,[西]藤岡健一,幅田昌伸,683.5,202306020610
4,8,10,エピファニー,牡4,57,ルメール,1:33.4,2,**,,,,,6-6-7,33.5,2.2,2,514(0),,,,[東]宮田敬介,シルクレーシング,410.0,202306020610
5,3,3,ココロノトウダイ,牡6,58,戸崎圭太,1:33.7,2,**,,,,,3-3-3,34.3,8.9,3,536(+4),,,,[東]手塚貴久,星野壽市,270.0,202306020610
6,2,2,ビターエンダー,牡6,57,横山琉人,1:33.8,1/2,**,,,,,3-3-3,34.4,48.2,8,500(+16),,,,[東]相沢郁,ヒダカ・ブリーダーズ・ユニオン,,202306020610
7,7,9,アルピニズム,牡6,57,丹内祐次,1:34.0,1.1/4,**,,,,,8-6-6,34.2,159.7,10,488(0),,,,[東]金成貴史,吉田照哉,,202306020610
8,6,7,インテンスライト,牡7,57,菊沢一樹,1:34.2,1,**,,,,,7-8-8,34.0,59.7,9,496(0),,,,[東]菊沢隆徳,堂守貴志,,202306020610
9,7,8,カイザーバローズ,牡5,58,三浦皇成,1:34.3,1,**,,,,,11-11-11,33.4,35.1,7,450(0),,,,[西]中内田充,猪熊広次,,202306020610
10,1,1,アオイクレアトール,牡6,57,横山和生,1:34.5,1,**,,,,,9-10-9,33.8,12.9,4,496(-4),,,,[東]古賀慎明,新谷幸義,,202306020610
11,8,11,ソロフレーズ,牡8,58,武士沢友,1:35.0,2.1/2,**,,,,,9-9-9,34.5,419.9,11,472(-2),,,,[東]佐藤吉勝,松谷翔太,,202306020610
1,3,5,トーセンローリエ,牝3,54,横山和生,1:33.8,,**,,,,,2-2-2,35.0,4.5,1,426(-2),,,,[東]小笠倫弘,島川隆哉,"2,035.7",202306020611
2,8,16,コンクシェル,牝3,54,丸山元気,1:33.9,1/2,**,,,,,12-15-13,34.0,161.3,13,452(-10),,,,[西]清水久詞,前田晋二,810.2,202306020611
3,7,14,クイーンオブソウル,牝3,54,津村明秀,1:34.0,クビ,**,,,,,11-11-5,34.4,5.3,3,456(-4),,,,[東]林徹,ジャコモ,505.1,202306020611
4,1,1,スピードオブライト,牝3,54,石川裕紀,1:34.1,1/2,**,,,,,1-1-1,35.4,4.5,2,398(-4),,,,[東]相沢郁,ヒダカ・ブリーダーズ・ユニオン,300.0,202306020611
5,6,12,エッセレンチ,牝3,54,田辺裕信,1:34.1,ハナ,**,,,,,6-5-3,35.0,14.5,8,420(-2),,,,[東]蛯名正義,三嶋牧場,200.0,202306020611
6,5,9,シルバージュエリー,牝3,54,杉原誠人,1:34.1,クビ,**,,,,,12-11-10,34.6,11.3,6,454(+2),,,,[東]加藤士津,Ｇ１レーシング,,202306020611
7,2,3,ディナトセレーネ,牝3,54,横山武史,1:34.2,クビ,**,,,,,4-5-5,35.1,9.6,5,450(-2),,,,[東]尾関知人,社台レースホース,,202306020611
8,8,15,ラビュリントス,牝3,54,本田正重,1:34.3,3/4,**,,,,,15-14-15,34.5,197.2,14,428(-17),,,,[地]内田勝義,キャロットファーム,,202306020611
9,4,8,ジュエルピーチ,牝3,54,三浦皇成,1:34.5,1.1/4,**,,,,,12-11-13,35.0,34.4,11,436(+2),,,,[西]西村真幸,山本剛士,,202306020611
10,4,7,ミスヨコハマ,牝3,54,菅原明良,1:34.5,クビ,**,,,,,7-10-8,35.1,7.2,4,464(+2),,,,[東]斎藤誠,大野富生,,202306020611
11,3,6,オルノア,牝3,54,ルメール,1:34.8,1.1/2,**,,,,,7-7-10,35.5,21.1,9,476(-14),,,,[西]新谷功一,ノルマンディーサラブレッドレーシング,,202306020611
12,6,11,スムースベルベット,牝3,54,嶋田純次,1:35.0,1.1/2,**,,,,,3-3-3,36.0,126.8,12,488(-2),,,,[東]手塚貴久,ミルファーム,,202306020611
13,7,13,フジラプンツェル,牝3,54,吉田豊,1:35.3,1.3/4,**,,,,,16-15-16,35.3,305.1,16,498(-8),,,,[東]高橋文雅,フジレーシング,,202306020611
14,5,10,レッドヒルシューズ,牝3,54,酒井学,1:35.6,1.1/2,**,,,,,7-7-8,36.3,13.0,7,446(0),,,,[西]武英智,呉本昌時,,202306020611
15,1,2,シルヴァーゴースト,牝3,54,柴田大知,1:35.9,2,**,,,,,4-3-5,36.9,209.1,15,440(-4),,,,[東]岩戸孝樹,ブルースターズファーム,,202306020611
16,2,4,オックスリップ,牝3,54,戸崎圭太,1:36.2,2,**,,,,,7-7-10,36.9,25.4,10,452(-6),,,,[西]杉山晴紀,ライオンレースホース,,202306020611
1,5,9,アメトリーチェ,牝4,53,小林勝太,1:11.9,,**,,,,,1-1,37.2,31.8,9,480(+16),,,,[東]加藤士津,ノルマンディーサラブレッドレーシング,800.0,202306020612
2,2,3,ドラゴンゴクウ,牡4,56,藤田菜七,1:12.2,2,**,,,,,7-7,36.8,72.2,10,466(-6),,,,[東]根本康広,福本次雄,320.0,202306020612
3,6,10,ヒロノゴウカイ,牡4,57,秋山稔樹,1:12.3,1/2,**,,,,,6-4,37.0,7.1,4,496(-2),,,,[東]蛯名利弘,小野博郷,200.0,202306020612
4,4,6,ムーヴ,牡4,58,三浦皇成,1:12.4,クビ,**,,,,,9-9,36.6,4.4,3,464(-8),,,,[東]池上昌和,前田葉子,120.0,202306020612
5,2,2,アポロリヤム,牡4,58,田辺裕信,1:12.5,1/2,**,,,,,4-4,37.3,2.9,1,460(-2),,,,[東]和田勇介,中村智幸,80.0,202306020612
6,8,14,シルバーキングダム,牡4,58,吉田豊,1:12.6,1/2,**,,,,,2-2,37.8,3.8,2,494(+2),,,,[東]西田雄一,平賀久枝,,202306020612
7,3,5,カフェベラノッテ,牡4,56,小林脩斗,1:12.6,アタマ,**,,,,,2-2,37.7,13.2,5,466(+6),,,,[東]中舘英二,西川光一,,202306020612
8,8,15,グランドライズ,牡5,58,横山和生,1:12.6,ハナ,**,,,,,14-14,35.7,30.8,8,464(-2),,,,[東]伊坂重信,竹下佳利,,202306020612
9,5,8,ライヴクラッカー,牡5,58,木幡巧也,1:12.8,1.1/4,**,,,,,8-7,37.2,21.0,7,498(+4),,,,[東]牧光二,澤田孝之,,202306020612
10,6,11,ソニックムーヴ,牡5,58,菅原明良,1:12.8,アタマ,**,,,,,10-10,36.8,17.7,6,488(-2),,,,[東]伊坂重信,ノルマンディーサラブレッドレーシング,,202306020612
11,7,13,メイショウムート,牡5,56,原優介,1:12.8,クビ,**,,,,,12-13,36.5,98.1,11,448(-8),,,,[東]佐藤吉勝,松谷翔太,,202306020612
12,7,12,ハンデンキング,牡5,58,丸山元気,1:12.9,クビ,**,,,,,12-10,36.6,131.3,12,506(-2),,,,[東]土田稔,坂田行夫,,202306020612
13,1,1,ジェラペッシュ,牝6,56,黛弘人,1:13.5,3.1/2,**,,,,,14-15,36.7,260.1,15,452(+6),,,,[東]南田美知,柴田洋一,,202306020612
14,3,4,ミッキーエイト,牡4,56,横山琉人,1:13.5,ハナ,**,,,,,10-10,37.4,206.3,14,466(-4),,,,[東]久保田貴,野田みづき,,202306020612
15,4,7,オリエンタルキング,牡4,58,内田博幸,1:13.7,1.1/4,**,,,,,4-4,38.6,149.5,13,500(-6),,,,[東]伊坂重信,京都ホースレーシング,,202306020612
1,4,8,リトルウインディー,牝3,54,三浦皇成,1:11.8,,**,,,,,1-1,37.3,3.7,2,478(-4),,,,[東]稲垣幸雄,宮田守,550.0,202306020701
2,8,16,オリビアジュテーム,牝3,54,江田照男,1:12.2,2.1/2,**,,,,,9-10,36.7,15.2,5,434(+2),,,,[東]西田雄一,高昭牧場,220.0,202306020701
3,7,13,ビップナージャ,牝3,54,菊沢一樹,1:12.3,1/2,**,,,,,2-2,37.8,15.0,4,422(-4),,,,[東]高柳瑞樹,鈴木邦英,140.0,202306020701
4,1,2,ハニーベリー,牝3,54,木幡初也,1:12.4,1/2,**,,,,,9-8,36.9,66.2,10,434(0),,,,[東]粕谷昌央,日進牧場,83.0,202306020701
5,2,3,リリージェーン,牝3,54,戸崎圭太,1:12.5,3/4,**,,,,,5-4,37.5,1.6,1,422(+2),,,,[東]小手川準,馬目時宗,55.0,202306020701
6,7,14,ラルミナ,牝3,54,丹内祐次,1:13.2,4,**,,,,,5-6,38.2,226.6,12,440(+4),,,,[東]田村康仁,ディアレストクラブ,,202306020701
7,6,11,サツキフラッシュ,牝3,51,石田拓郎,1:13.2,クビ,**,,,,,8-8,37.8,56.9,8,442(-14),,,,[東]新開幸一,小野博郷,,202306020701
8,5,10,ランドオブラヴ,牝3,54,横山武史,1:13.3,クビ,**,,,,,3-3,38.6,7.4,3,432(0),,,,[東]蛯名正義,広尾レース,,202306020701
9,4,7,ロイヤルワラント,牝3,52,小林脩斗,1:13.6,2,**,,,,,12-10,37.8,411.1,15,412(+4),,,,[東]和田雄二,吉田千津,,202306020701
10,6,12,サウザンセーラ,牝3,54,丸田恭介,1:13.7,クビ,**,,,,,14-14,37.4,55.3,7,446(0),,,,[東]宗像義忠,尾中直也,,202306020701
11,3,6,トゥインクルナイト,牝3,54,岩部純二,1:13.9,1,**,,,,,15-15,37.4,325.6,14,438(0),,,,[東]浅野洋一,田頭勇貴,,202306020701
12,2,4,マテキ,牝3,53,永野猛蔵,1:13.9,クビ,**,,,,,7-7,38.7,169.6,11,388(-10),,,,[東]萱野浩二,ＫＡＪＩＭＯＴＯホールディングス,,202306020701
13,1,1,ピオニーシャルム,牝3,54,石川裕紀,1:14.3,2.1/2,**,,,,,4-4,39.5,30.4,6,520(+12),,,,[東]高橋裕,ウエスト．フォレスト．ステイブル,,202306020701
14,8,15,アイガイッパイ,牝3,50,小林美駒,1:14.3,クビ,**,,,,,12-12,38.5,61.4,9,492(0),,,,[東]鈴木伸尋,藤井謙,,202306020701
15,5,9,サンドロップ,牝3,54,松岡正海,1:15.9,10,**,,,,,9-12,40.4,285.7,13,470(0),,,,[東]伊藤伸一,田畑利彦,,202306020701
取,3,5,カントリーマダム,牝3,54,井上敏樹,,,**,,,,,,,---,,計不,,,,[東]天間昭一,吉田勝利,,202306020701
1,5,9,レイズカイザー,牡3,56,田辺裕信,1:54.1,,**,,,,,1-1-1-1,37.3,1.2,1,518(+2),,,,[東]田村康仁,吉井盛治,550.0,202306020702
2,6,12,コルサファターレ,牡3,56,ルメール,1:54.5,2.1/2,**,,,,,4-4-2-2,37.6,4.0,2,506(-8),,,,[東]中川公成,シルクレーシング,220.0,202306020702
3,3,6,バルフォアテソーロ,牡3,54,原優介,1:55.2,4,**,,,,,5-5-5-5,37.8,36.7,6,484(+2),,,,[東]高木登,了徳寺健二ホールディングス,140.0,202306020702
4,7,14,コレクテイニア,牡3,56,吉田豊,1:55.3,1/2,**,,,,,11-11-7-7,37.7,22.4,3,474(-2),,,,[東]戸田博文,Ｇ１レーシング,83.0,202306020702
5,1,2,ショウナンガロ,牡3,56,内田博幸,1:55.3,アタマ,**,,,,,12-12-12-11,37.3,27.9,4,492(-2),,,,[東]武市康男,国本哲秀,55.0,202306020702
6,2,4,ミエノサンダー,牡3,56,丸田恭介,1:55.3,クビ,**,,,,,14-14-9-8,37.4,154.6,11,486(0),,,,[東]宗像義忠,里見美惠子,,202306020702
7,3,5,ナイトフォールサン,牡3,54,横山琉人,1:55.5,1,**,,,,,5-5-6-5,38.0,113.5,9,452(+4),,,,[東]相沢郁,星野祐介,,202306020702
8,1,1,モダナイズクィーン,牝3,54,横山武史,1:55.5,ハナ,**,,,,,2-2-4-3,38.3,32.8,5,472(-2),,,,[東]武井亮,小田吉男,,202306020702
9,6,11,マウンテンエース,牡3,52,小林美駒,1:55.9,2.1/2,**,,,,,15-15-14-14,37.0,187.3,12,460(0),,,,[東]中野栄治,西村新一郎,,202306020702
10,4,8,セイルアウェイ,牡3,56,大野拓弥,1:56.0,1/2,**,,,,,9-9-13-11,37.9,140.9,10,424(-10),,,,[東]松山将樹,スリースターズレーシング,,202306020702
11,8,15,ケイアイインダラ,牡3,56,木幡巧也,1:56.2,1.1/4,**,,,,,9-9-9-10,38.3,258.0,14,468(-6),,,,[東]上原博之,亀田和弘,,202306020702
12,4,7,メタルメタリカ,牡3,56,津村明秀,1:56.5,1.3/4,**,,,,,7-8-9-11,38.6,66.0,7,458(-8),,,,[東]斎藤誠,千明牧場,,202306020702
13,8,16,ベルボールドナイン,牡3,56,菊沢一樹,1:56.6,1/2,**,,,,,2-2-2-3,39.7,76.6,8,470(+4),,,,[東]菊沢隆徳,宮崎俊也,,202306020702
14,5,10,カフェカズショコラ,牡3,56,柴田大知,1:56.6,クビ,**,,,,,7-7-8-8,38.8,254.1,13,516(0),,,,[東]和田雄二,西川恭子,,202306020702
15,2,3,カームリー,牡3,56,武藤雅,1:59.7,大,**,,,,,16-16-16-15,39.6,274.1,15,484(0),,,,[東]宗像義忠,吉田和美,,202306020702
16,7,13,ニットウアイアン,牡3,54,小林凌大,2:00.7,6,**,,,,,12-13-15-16,40.7,700.7,16,468(0),,,,[東]鈴木伸尋,藤井謙,,202306020702
1,6,11,カサブランカキッド,牡3,56,横山武史,1:12.0,,**,,,,,10-9,37.3,2.4,2,512(-6),,,,[東]和田勇介,山本雅道,550.0,202306020703
2,7,13,マローディープ,セ3,56,北村宏司,1:12.0,ハナ,**,,,,,3-2,38.0,17.3,5,498(-2),,,,[東]木村哲也,シルクレーシング,220.0,202306020703
3,3,5,キイロノトマト,牝3,54,山田敬士,1:12.1,クビ,**,,,,,2-2,38.3,86.7,13,444(+14),,,,[東]石栗龍彦,江川伸夫,140.0,202306020703
4,8,15,シズカノウミ,牝3,54,田中勝春,1:12.2,1/2,**,,,,,6-6,38.0,15.9,4,446(+2),,,,[東]松山将樹,プレミアムレースホース,83.0,202306020703
5,3,6,ヤマニンファシオ,牡3,56,伊藤工真,1:12.2,クビ,**,,,,,12-11,37.4,102.9,14,452(-2),,,,[東]村田一誠,土井肇,55.0,202306020703
6,2,4,ハブル,牡3,56,三浦皇成,1:12.6,2,**,,,,,6-4,38.5,2.2,1,488(0),,,,[東]高柳瑞樹,ゴドルフィン,,202306020703
7,8,16,ワクワクドキドキ,牡3,54,小林脩斗,1:12.8,1.1/2,**,,,,,10-9,38.1,85.8,12,428(0),,,,[東]和田正一,スピードファーム,,202306020703
8,6,12,ロジブライアン,牡3,56,内田博幸,1:12.9,1/2,**,,,,,8-6,38.6,12.6,3,512(-8),,,,[東]稲垣幸雄,久米田正明,,202306020703
9,4,8,ペインティトブルー,牝3,54,木幡初也,1:13.1,3/4,**,,,,,3-4,39.2,51.2,8,436(-2),,,,[東]武市康男,ＧＥＴＮＥＸＴ,,202306020703
10,4,7,クウレイナニ,牝3,54,吉田豊,1:13.1,クビ,**,,,,,13-11,38.1,32.3,7,450(0),,,,[東]田島俊明,小林由明,,202306020703
11,5,9,マキバシラ,牝3,54,大野拓弥,1:13.3,1.1/4,**,,,,,14-14,38.1,67.6,10,464(+18),,,,[東]浅野洋一,植村仁,,202306020703
12,1,1,コウテツレディー,牝3,50,小林美駒,1:13.8,3,**,,,,,14-14,38.6,57.9,9,404(-14),,,,[東]斎藤誠,佐藤守宏,,202306020703
13,1,2,ショーウェイコ,牝3,54,津村明秀,1:13.9,1/2,**,,,,,8-11,39.6,109.8,15,496(-6),,,,[東]小笠倫弘,吉冨学,,202306020703
14,2,3,ジンジャーパン,牡3,55,永野猛蔵,1:14.9,6,**,,,,,3-6,41.0,122.2,16,434(-4),,,,[東]伊藤圭三,是枝浩平,,202306020703
15,5,10,フェリスクララ,牝3,54,田辺裕信,1:15.0,1/2,**,,,,,1-1,41.6,19.0,6,442(-10),,,,[東]菊川正達,ディアレストクラブ,,202306020703
16,7,14,キュムラス,牝3,54,石川裕紀,1:16.6,10,**,,,,,16-16,39.5,83.7,11,424(+16),,,,[東]池上昌和,吉田和美,,202306020703
1,4,8,アサカラキング,牡3,56,石川裕紀,2:02.8,,**,,,,,1-1-1-1,37.5,2.4,1,516(0),,,,[東]斎藤誠,山口雄司,550.0,202306020704
2,2,3,ウインレイアー,牝3,54,Ｍ．デム,2:03.4,3.1/2,**,,,,,3-3-2-2,37.7,10.7,5,444(+4),,,,[東]和田雄二,ウイン,220.0,202306020704
3,5,10,エリダヌス,牝3,54,丹内祐次,2:03.7,2,**,,,,,5-6-5-4,37.8,15.6,6,480(+2),,,,[東]青木孝文,ビッグレッドファーム,140.0,202306020704
4,3,6,ヴァイルマティ,牝3,54,戸崎圭太,2:04.1,2,**,,,,,10-10-10-8,37.7,7.8,4,484(-2),,,,[東]鹿戸雄一,サラブレッドクラブ・ラフィアン,83.0,202306020704
5,4,7,コチョウラン,牝3,54,田辺裕信,2:04.2,3/4,**,,,,,16-16-13-11,37.0,60.1,9,462(0),,,,[東]蛯名正義,キーファーズ,55.0,202306020704
6,7,14,ガールズレジェンド,牝3,54,横山武史,2:04.4,3/4,**,,,,,5-4-2-3,38.7,3.8,2,458(+4),,,,[東]金成貴史,レッドマジック,,202306020704
7,1,2,シロノクミキョク,牝3,54,津村明秀,2:04.7,2,**,,,,,11-11-11-11,38.0,22.6,7,430(-8),,,,[東]鈴木伸尋,ビッグレッドファーム,,202306020704
8,1,1,デオヴォレンティ,牝3,52,小林凌大,2:05.2,3,**,,,,,15-15-15-14,37.7,260.4,12,442(+6),,,,[東]蛯名利弘,岡田牧雄,,202306020704
9,5,9,アイラブユー,牝3,54,嶋田純次,2:05.2,ハナ,**,,,,,17-17-17-14,37.3,710.6,17,422(-6),,,,[東]蛯名利弘,ミルファーム,,202306020704
10,3,5,マテンロウカノン,牝3,54,横山和生,2:05.4,1.1/4,**,,,,,5-6-5-5,39.5,37.5,8,448(+4),,,,[東]萩原清,寺田千代乃,,202306020704
11,2,4,グラニットピーク,牡3,56,ルメール,2:05.4,アタマ,**,,,,,4-4-5-7,39.5,6.1,3,508(+14),,,,[東]林徹,シルクレーシング,,202306020704
12,6,11,コスモオピニオン,牡3,56,木幡巧也,2:05.9,3,**,,,,,9-9-9-8,39.7,90.0,11,484(-2),,,,[東]黒岩陽一,ビッグレッドファーム,,202306020704
13,8,18,トーセンカタリーナ,牝3,54,吉田豊,2:06.5,4,**,,,,,8-6-5-5,40.5,63.2,10,444(-4),,,,[東]菊沢隆徳,島川隆哉,,202306020704
14,7,15,モーニングビーチ,牡3,55,永野猛蔵,2:07.0,2.1/2,**,,,,,13-13-15-17,39.5,448.6,16,434(0),,,,[東]和田正一,スピードファーム,,202306020704
15,6,12,ロッカバラード,牡3,54,原優介,2:07.1,1/2,**,,,,,2-2-2-8,41.4,298.4,13,450(-8),,,,[東]田島俊明,岡田牧雄,,202306020704
16,8,16,ラブヒカリ,牝3,54,杉原誠人,2:07.6,3,**,,,,,12-12-11-13,40.9,372.8,15,410(0),,,,[東]嘉藤貴行,増田陽一,,202306020704
17,8,17,シバノナスタチウム,牝3,51,佐藤翔馬,2:08.0,2.1/2,**,,,,,14-14-14-16,40.7,797.1,18,400(+1),,,,[東]小手川準,柴一男,,202306020704
18,7,13,ハワイアンブルー,牡3,56,内田博幸,2:13.5,大,**,,,,,18-18-18-18,41.8,352.1,14,508(0),,,,[東]小笠倫弘,青芝商事,,202306020704
1,8,17,セイウンパシュート,牡3,55,永野猛蔵,2:18.6,,**,,,,,6-5-3-1,38.2,5.0,2,458(-6),,,,[東]上原博之,西山茂行,550.0,202306020705
2,7,14,キラメクホシ,牡3,56,北村宏司,2:19.0,2.1/2,**,,,,,14-12-8-5,38.0,10.9,4,452(+4),,,,[東]伊藤大士,ミルファーム,220.0,202306020705
3,5,10,クリノクオン,牡3,56,松岡正海,2:19.2,1.1/4,**,,,,,11-10-13-11,37.5,316.8,17,452(+6),,,,[東]伊藤伸一,栗本博晴,140.0,202306020705
4,4,8,ドーバーイーグル,牡3,56,横山武史,2:19.2,ハナ,**,,,,,7-9-10-9,37.8,6.4,3,496(-4),,,,[東]奥村武,嶋田賢,83.0,202306020705
5,6,11,フォスティーヌ,牝3,54,吉田豊,2:19.4,1.1/2,**,,,,,16-14-8-2,38.4,67.8,10,428(-12),,,,[東]戸田博文,吉田照哉,55.0,202306020705
6,2,4,シュネーガッツ,牡3,56,木幡巧也,2:19.6,3/4,**,,,,,11-12-10-11,38.2,51.0,9,464(0),,,,[東]菊川正達,八嶋長久,,202306020705
7,4,7,グレイトインディ,牡3,56,菊沢一樹,2:19.6,クビ,**,,,,,4-7-7-9,38.7,91.3,11,466(-4),,,,[東]勢司和浩,今井優,,202306020705
8,8,18,ロコルルハーツ,牡3,56,丸田恭介,2:19.6,アタマ,**,,,,,7-3-4-2,39.0,41.5,8,474(-2),,,,[東]大竹正博,佐々木幸弘,,202306020705
9,7,15,リュクススティール,牡3,56,横山和生,2:19.6,ハナ,**,,,,,13-14-13-13,37.8,11.0,5,502(+4),,,,[東]高柳瑞樹,田畑憲士,,202306020705
10,7,13,クラウンローゼン,牡3,56,黛弘人,2:19.9,1.3/4,**,,,,,14-16-15-14,37.8,176.5,15,474(-8),,,,[東]奥平雅士,クラウン,,202306020705
11,8,16,ショウナンガチャ,牡3,56,西村淳也,2:20.6,4,**,,,,,7-7-6-5,39.8,145.7,13,492(-2),,,,[東]嘉藤貴行,国本哲秀,,202306020705
12,1,2,ジュドー,牡3,56,ルメール,2:20.6,クビ,**,,,,,2-5-4-5,39.9,1.9,1,478(0),,,,[東]手塚貴久,シルクレーシング,,202306020705
13,5,9,ショウナンマカロン,牝3,54,三浦皇成,2:21.6,6,**,,,,,4-3-2-2,41.3,18.1,6,462(-8),,,,[東]田中剛,湘南,,202306020705
14,3,6,グランデボスコ,牡3,53,石田拓郎,2:22.4,5,**,,,,,7-10-16-15,40.1,676.2,18,456(0),,,,[東]新開幸一,大森悌次,,202306020705
15,3,5,ノアバラード,牡3,56,大野拓弥,2:22.5,3/4,**,,,,,18-18-17-17,39.4,281.9,16,464(0),,,,[東]石毛善彦,佐山公男,,202306020705
16,1,1,コスモアイビー,牡3,56,丹内祐次,2:22.8,2,**,,,,,1-1-1-5,42.5,22.5,7,506(-2),,,,[東]相沢郁,ビッグレッドファーム,,202306020705
17,2,3,コトブキヘスペラス,牡3,56,江田照男,2:23.2,2,**,,,,,2-2-10-15,41.8,120.3,12,456(-8),,,,[東]金成貴史,尾上松壽,,202306020705
中,6,12,セントマーガレット,牝3,54,武藤雅,,,**,,,,,17-17,,160.3,14,454(-8),,,,[東]金成貴史,シルクレーシング,,202306020705
1,5,5,ロードディフィート,牡3,56,田辺裕信,1:36.7,,**,,,,,7-7-7,36.5,24.5,7,428(-2),,,,[東]和田勇介,ロードホースクラブ,780.0,202306020706
2,7,9,トラマンダーレ,牡3,56,ルメール,1:36.7,アタマ,**,,,,,2-2-4,36.8,1.6,1,490(+2),,,,[東]鹿戸雄一,シルクレーシング,310.0,202306020706
3,4,4,フォーカルフラワー,牝3,54,横山武史,1:36.8,クビ,**,,,,,2-3-1,36.8,13.5,5,436(+8),,,,[東]国枝栄,社台レースホース,200.0,202306020706
4,2,2,マルチャン,牡3,56,丸田恭介,1:37.2,2.1/2,**,,,,,8-8-7,36.6,5.7,3,462(+12),,,,[東]武市康男,瀬谷隆雄,120.0,202306020706
5,8,11,ゴキゲンサン,牝3,54,Ｍ．デム,1:37.4,1.1/2,**,,,,,1-1-2,37.5,21.5,6,496(-2),,,,[東]伊藤大士,ニッシンホールディングス,78.0,202306020706
6,8,12,コンチトーホク,牡3,56,北村宏司,1:37.6,1,**,,,,,5-3-6,37.6,99.3,8,474(-2),,,,[東]勢司和浩,九十九章之,,202306020706
7,1,1,マイネルフォルツァ,牡3,56,丹内祐次,1:37.6,ハナ,**,,,,,5-3-2,37.6,8.4,4,492(-2),,,,[東]金成貴史,サラブレッドクラブ・ラフィアン,,202306020706
8,6,7,ダンシングハピリー,牝3,54,杉原誠人,1:38.1,3,**,,,,,8-9-9,36.9,632.0,12,400(+4),,,,[東]清水英克,ミルファーム,,202306020706
9,6,8,チャイボーグ,牝3,54,木幡巧也,1:38.2,1/2,**,,,,,12-11-10,36.5,492.6,10,468(0),,,,[東]的場均,田頭勇貴,,202306020706
10,5,6,スマラグドス,牡3,56,戸崎圭太,1:38.3,3/4,**,,,,,2-3-4,38.3,5.3,2,468(-6),,,,[西]西園正都,グリーンファーム,,202306020706
11,3,3,ノーブルミステリー,牝3,52,小林脩斗,1:39.8,9,**,,,,,8-11-12,38.0,307.8,9,450(+2),,,,[東]菊川正達,吉木伸彦,,202306020706
12,7,10,セセラギ,牝3,54,菅原隆一,1:40.4,3.1/2,**,,,,,11-10-10,38.9,618.1,11,390(-12),,,,[東]石毛善彦,ミルファーム,,202306020706
1,4,6,ロイヤルダンス,牡5,58,丹内祐次,1:53.1,,**,,,,,1-1-1-1,37.1,4.8,3,506(-2),,,,[東]清水英克,大脇佑樹,800.0,202306020707
2,6,11,モネータドーロ,牡4,58,北村宏司,1:53.1,アタマ,**,,,,,3-3-2-2,37.0,5.2,4,488(+2),,,,[東]宗像義忠,Ｇ１レーシング,320.0,202306020707
3,8,15,フォーワンセルフ,牡4,58,横山和生,1:53.3,1,**,,,,,6-6-4-6,36.9,4.5,2,526(+4),,,,[東]小桧山悟,アドバンス・サッポロ,200.0,202306020707
4,5,8,サプライズビュー,牡5,58,田辺裕信,1:53.3,クビ,**,,,,,11-11-11-9,36.4,8.7,5,510(-2),,,,[東]栗田徹,ＣＨＥＶＡＬＡＴＴＡＣＨＥ,120.0,202306020707
5,3,4,トリグラフ,牡4,57,永野猛蔵,1:53.3,ハナ,**,,,,,12-12-11-12,36.4,17.9,6,462(+6),,,,[東]松山将樹,山口裕介,80.0,202306020707
6,5,9,セイウンオードリー,牡5,58,江田照男,1:53.4,1/2,**,,,,,7-8-7-7,36.8,19.3,7,512(-10),,,,[東]深山雅史,西山茂行,,202306020707
7,2,3,セイシェルノユウヒ,セ6,58,三浦皇成,1:53.5,クビ,**,,,,,4-3-4-4,37.2,41.1,9,474(-2),,,,[東]高橋文雅,宮城寛也,,202306020707
8,2,2,ララモンドール,牡5,58,黛弘人,1:53.6,3/4,**,,,,,7-6-7-7,37.0,38.9,8,440(+6),,,,[東]和田雄二,フジイ興産,,202306020707
9,4,7,ヨドノドリーム,牡6,58,内田博幸,1:53.7,1/2,**,,,,,2-2-2-2,37.6,199.9,12,504(-2),,,,[東]稲垣幸雄,海原聖一,,202306020707
10,6,10,キタサンドーシン,牡4,58,ルメール,1:53.9,3/4,**,,,,,4-5-4-4,37.6,3.0,1,468(-4),,,,[東]奥村武,大野商事,,202306020707
11,1,1,ブレットフライ,牡4,58,松岡正海,1:53.9,ハナ,**,,,,,13-13-13-13,36.7,66.9,10,502(-2),,,,[東]萱野浩二,マークス,,202306020707
12,7,12,テイエムダイアタリ,牡5,58,武士沢友,1:53.9,クビ,**,,,,,10-10-7-9,37.4,278.8,13,526(0),,,,[東]石栗龍彦,竹園正繼,,202306020707
13,3,5,サイモンルグラン,牡6,56,原優介,1:55.4,9,**,,,,,7-8-7-11,38.8,82.6,11,504(+8),,,,[東]勢司和浩,澤田昭紀,,202306020707
取,7,13,ロードレアル,牡4,58,木幡巧也,,,**,,,,,,,---,,計不,,,,[東]堀内岳志,ロードホースクラブ,,202306020707
取,8,14,ダフニス,牡4,58,菅原隆一,,,**,,,,,,,---,,計不,,,,[東]蛯名利弘,ターフ・スポート,,202306020707
1,4,6,ビレッジイーグル,牡6,60,大江原圭,3:48.3,,,,,,,1-1-2-1,13.6,7.5,4,518(+12),,,,[東]竹内正洋,村山輝雄,"1,680.1",202306020708
2,2,2,ダイシンクローバー,セ7,60,平沢健治,3:48.7,2.1/2,,,,,,7-6-4-5,13.7,9.4,6,486(0),,,,[西]安田隆行,大八木信行,668.6,202306020708
3,3,4,イロゴトシ,牡6,60,黒岩悠,3:48.7,クビ,,,,,,9-8-7-6,13.7,8.8,5,472(-4),,,,[西]牧田和弥,内田玄祥,414.3,202306020708
4,8,13,ヤマニンマヒア,牡7,60,石神深一,3:48.8,クビ,,,,,,2-2-1-2,13.7,3.6,1,466(+6),,,,[東]辻哲英,土井肇,250.0,202306020708
5,8,14,スマートアペックス,牡6,60,中村将之,3:48.8,クビ,,,,,,4-3-4-3,13.7,11.6,8,476(-2),,,,[西]中村直也,大川徹,165.0,202306020708
6,7,11,クリノオウジャ,牡7,60,難波剛健,3:49.0,1.1/4,,,,,,9-10-7-8,13.7,27.5,9,456(-2),,,,[西]高橋義忠,栗本守,,202306020708
7,6,9,アサクサゲンキ,セ8,60,熊沢重文,3:49.5,3,,,,,,3-3-2-3,13.7,7.2,3,466(-6),,,,[西]音無秀孝,田原慶子,,202306020708
8,7,12,フィードバック,セ7,60,小牧加矢,3:51.4,大,,,,,,11-11-11-10,13.8,68.5,13,492(0),,,,[東]鈴木伸尋,社台レースホース,,202306020708
9,5,8,エミーリオ,牡9,60,上野翔,3:51.6,3/4,,,,,,8-8-4-6,13.8,56.2,12,496(0),,,,[東]田中剛,加藤誠,,202306020708
10,4,5,ナギサ,牝5,58,森一馬,3:52.5,5,,,,,,6-6-10-11,13.9,11.4,7,494(-12),,,,[西]本田優,本間茂,,202306020708
11,1,1,マイネルダンク,牡5,60,五十嵐雄,3:52.6,1/2,,,,,,14-14-14-12,13.9,41.0,11,454(+4),,,,[東]青木孝文,サラブレッドクラブ・ラフィアン,,202306020708
12,5,7,コウユーヌレエフ,牡9,60,北沢伸也,3:54.5,大,,,,,,12-12-12-13,14.0,28.6,10,500(+4),,,,[西]斉藤崇史,加治屋貞光,,202306020708
13,3,3,ジャディード,牡8,60,伴啓太,3:55.3,5,,,,,,12-12-12-14,14.0,103.6,14,458(+2),,,,[東]小島茂之,丸山担,,202306020708
中,6,10,エイシンクリック,牡9,62,西谷誠,,,,,,,,4-3-7-9,,5.5,2,480(+8),,,,[西]坂口智康,栄進堂,,202306020708
1,1,1,リカンカブール,牡4,58,戸崎圭太,2:05.4,,**,,,,,7-7-6-4,37.2,4.4,2,494(-2),,,,[西]田中克典,ラ・メール,"1,577.3",202306020709
2,8,11,キントリヒ,牡4,58,田辺裕信,2:05.6,3/4,**,,,,,8-9-8-4,37.3,26.0,7,470(-2),,,,[東]矢野英一,Ｇリビエール・レーシング,627.8,202306020709
3,3,3,ストップザタイム,牡4,58,古川吉洋,2:05.8,1.1/2,**,,,,,4-4-4-4,37.8,7.3,4,516(+4),,,,[西]昆貢,ゴドルフィン,393.9,202306020709
4,6,6,アイアゲート,牝5,56,石川裕紀,2:05.8,ハナ,**,,,,,1-1-1-1,38.4,39.5,8,512(+6),,,,[東]田中博康,シルクレーシング,230.0,202306020709
5,7,8,リリーブライト,牡5,58,内田博幸,2:06.2,2.1/2,**,,,,,10-11-11-11,37.1,149.7,9,476(-4),,,,[東]西田雄一,グリーンファーム,155.0,202306020709
6,6,7,ジュンブロッサム,牡4,58,ルメール,2:06.3,クビ,**,,,,,6-6-6-7,38.1,2.3,1,476(-4),,,,[西]友道康夫,河合純二,,202306020709
7,5,5,グランドライン,牡4,58,三浦皇成,2:07.2,5,**,,,,,8-8-9-9,38.7,8.2,5,544(+2),,,,[東]高木登,ラ・メール,,202306020709
8,7,9,レイトカンセイオー,牡4,58,横山和生,2:07.3,1/2,**,,,,,3-3-3-2,39.6,5.2,3,478(-2),,,,[東]和田勇介,村田能光,,202306020709
9,2,2,ネオストーリー,牡6,58,大野拓弥,2:07.8,3,**,,,,,10-9-9-10,39.3,311.7,11,462(0),,,,[東]林徹,藤澤眞佐子,,202306020709
10,4,4,カイザー,牡4,58,西村淳也,2:07.8,クビ,**,,,,,4-4-4-7,39.8,14.4,6,484(-2),,,,[西]森田直行,近藤英子,,202306020709
11,8,10,スカイテラス,牡6,58,津村明秀,2:08.6,5,**,,,,,2-2-2-2,41.1,187.4,10,504(+6),,,,[東]和田正一,スピードファーム,,202306020709
1,2,3,パワーブローキング,牡4,58,Ｍ．デム,1:50.2,,**,,,,,7-6-7-7,37.1,9.0,5,526(+2),,,,[東]栗田徹,ゴドルフィン,"1,875.7",202306020710
2,8,16,ホウオウルーレット,牡4,58,横山和生,1:50.3,3/4,**,,,,,6-6-5-4,37.4,3.2,1,494(-2),,,,[東]栗田徹,小笹芳央,750.2,202306020710
3,5,10,レッドラパルマ,牡4,58,ルメール,1:50.4,クビ,**,,,,,2-2-2-1,37.9,3.5,2,500(+6),,,,[東]加藤征弘,東京ホースレーシング,465.1,202306020710
4,5,9,ブレイクフォース,牡4,58,田辺裕信,1:50.4,クビ,**,,,,,14-14-13-11,36.7,8.6,4,490(0),,,,[東]中舘英二,水上行雄,280.0,202306020710
5,2,4,ブレイブメジャー,牡7,58,内田博幸,1:50.6,1,**,,,,,11-10-11-8,37.0,160.7,16,494(+2),,,,[東]萩原清,シルクレーシング,184.0,202306020710
6,3,5,ロコポルティ,牡5,58,西村淳也,1:50.6,クビ,**,,,,,1-1-1-2,38.1,57.0,9,528(0),,,,[西]西園正都,シルクレーシング,,202306020710
7,6,12,ソウルトレイン,牡6,58,大野拓弥,1:50.7,1/2,**,,,,,3-3-3-3,38.1,15.1,7,496(+6),,,,[西]昆貢,安原浩司,,202306020710
8,4,8,グラスデスティーノ,牡6,58,木幡巧也,1:50.8,クビ,**,,,,,3-3-5-6,37.9,76.9,12,476(-6),,,,[東]牧光二,半沢,,202306020710
9,3,6,マイネルクロンヌ,牡6,58,丹内祐次,1:51.0,1.1/2,**,,,,,3-3-4-4,38.3,57.9,10,514(0),,,,[東]青木孝文,サラブレッドクラブ・ラフィアン,,202306020710
10,7,14,ヴェイルネビュラ,セ5,58,横山武史,1:51.4,2.1/2,**,,,,,10-10-9-8,38.0,25.9,8,498(-2),,,,[東]大竹正博,吉田勝己,,202306020710
11,6,11,ラズルダズル,牡6,58,三浦皇成,1:51.8,2.1/2,**,,,,,7-8-7-8,38.6,13.5,6,466(0),,,,[西]茶木太樹,サンデーレーシング,,202306020710
12,1,1,ペイシャクェーサー,牝5,56,丸田恭介,1:51.8,クビ,**,,,,,15-15-16-15,37.4,110.0,15,478(+2),,,,[東]蛯名利弘,北所直人,,202306020710
13,4,7,テイエムベンチャー,牡5,58,古川吉洋,1:52.6,5,**,,,,,12-12-11-12,39.1,74.6,11,502(-20),,,,[西]鈴木孝志,竹園正繼,,202306020710
14,1,2,スペロデア,牝6,56,津村明秀,1:53.0,2.1/2,**,,,,,15-15-14-12,39.0,105.7,14,472(-6),,,,[西]緒方努,ノルマンディーサラブレッドレーシング,,202306020710
15,7,13,エスシーヴィオラ,牝5,56,田中勝春,1:53.7,4,**,,,,,7-9-9-14,40.3,86.5,13,482(-8),,,,[東]宗像義忠,工藤圭司,,202306020710
16,8,15,フルオール,牡4,58,戸崎圭太,1:55.4,10,**,,,,,12-13-14-16,41.4,6.1,3,464(-8),,,,[東]斎藤誠,林正道,,202306020710
1,2,4,エミュー,牝3,54,Ｍ．デム,1:53.2,,**,**,**,**,**,15-16-14-11,36.3,6.4,2,414(-2),,,,[東]和田正一,ノースヒルズ,"3,756.7",202306020711
2,8,16,ヒップホップソウル,牝3,54,津村明秀,1:53.3,1/2,**,**,**,**,**,13-11-8-6,36.9,11.1,8,490(-2),,,,[東]木村哲也,社台レースホース,"1,516.2",202306020711
3,3,6,パルクリチュード,牝3,54,西村淳也,1:53.5,1.1/4,**,**,**,**,**,3-2-3-4,37.7,6.9,3,424(0),,,,[西]松永幹夫,キャロットファーム,938.1,202306020711
4,6,12,ゴールデンハインド,牝3,54,丹内祐次,1:53.6,1,**,**,**,**,**,3-4-3-2,37.9,9.6,7,476(+4),,,,[東]武市康男,サラブレッドクラブ・ラフィアン,560.0,202306020711
5,8,15,ココクレーター,牝3,54,ルメール,1:53.6,ハナ,**,**,**,**,**,15-13-12-9,36.9,7.1,4,422(-6),,,,[東]木村哲也,キャロットファーム,370.0,202306020711
6,4,8,マテンロウアルテ,牝3,54,横山典弘,1:53.7,クビ,**,**,**,**,**,7-8-8-9,37.4,5.6,1,470(-10),,,,[西]坂口智康,寺田千代乃,,202306020711
7,7,13,ニシノコウフク,牝3,54,田辺裕信,1:53.8,3/4,**,**,**,**,**,5-5-3-4,38.0,19.2,10,468(+4),,,,[東]伊藤大士,西山茂行,,202306020711
8,1,2,パルティキュリエ,牝3,54,横山武史,1:54.0,1.1/4,**,**,**,**,**,1-1-1-2,38.5,7.4,5,448(-2),,,,[東]田中博康,サンデーレーシング,,202306020711
9,5,10,クリニクラウン,牝3,54,原優介,1:54.2,1.1/2,**,**,**,**,**,10-11-12-13,37.5,281.3,16,468(-12),,,,[東]小手川準,新木鈴子,,202306020711
10,3,5,ディヴァージオン,牝3,54,内田博幸,1:54.4,1,**,**,**,**,**,2-2-2-1,38.8,154.6,15,436(+8),,,,[西]藤岡健一,幅田昌伸,,202306020711
11,7,14,エメリヨン,牝3,54,横山和生,1:54.6,1.1/4,**,**,**,**,**,12-13-14-13,37.6,36.6,11,450(-6),,,,[東]加藤士津,社台レースホース,,202306020711
12,1,1,ドナウパール,牝3,54,戸崎圭太,1:54.6,ハナ,**,**,**,**,**,7-5-6-6,38.5,8.5,6,430(-4),,,,[西]斉藤崇史,サンデーレーシング,,202306020711
13,2,3,マルカシャルマン,牝3,54,石川裕紀,1:54.8,1,**,**,**,**,**,10-9-11-11,38.2,153.4,14,432(-6),,,,[西]浜田多実,日下部猛,,202306020711
14,5,9,セリオーソ,牝3,54,三浦皇成,1:55.8,6,**,**,**,**,**,9-10-7-6,39.6,12.9,9,432(-2),,,,[東]高柳瑞樹,ＶｉｒｉｄｉａｎＫｅｉｂａＣｌｕｂ,,202306020711
15,4,7,ミカッテヨンデイイ,牝3,54,松岡正海,1:56.4,3.1/2,**,**,**,**,**,5-7-8-13,40.1,121.4,13,416(+2),,,,[東]堀内岳志,ニューマレコード,,202306020711
16,6,11,フラッシングレート,牝3,54,石橋脩,1:57.5,7,**,**,**,**,**,13-15-16-16,39.7,118.1,12,456(-12),,,,[西]音無秀孝,吉田勝己,,202306020711
1,6,11,ファイアーボーラー,セ7,58,石橋脩,1:10.3,,**,,,,,6-5,36.3,58.8,11,466(-8),,,,[東]上原佑紀,シルクレーシング,"1,140.0",202306020712
2,4,7,カイタロー,牡4,58,田辺裕信,1:10.3,ハナ,**,,,,,3-3,36.7,8.4,4,470(-8),,,,[東]和田雄二,本田恒雄,460.0,202306020712
3,2,4,ブルーダイヤカフェ,牡6,58,大野拓弥,1:10.3,アタマ,**,,,,,9-9,36.0,18.8,8,542(0),,,,[東]和田勇介,西川恭子,290.0,202306020712
4,3,6,ロレンツォ,牡5,58,横山武史,1:10.5,1.1/4,**,,,,,12-12,35.9,8.9,5,482(+4),,,,[東]加藤征弘,丸山担,170.0,202306020712
5,2,3,ブルースコード,牡5,57,永野猛蔵,1:10.6,1/2,**,,,,,2-2,37.2,32.5,10,492(0),,,,[東]伊藤圭三,ビクトリーホースランチ,114.0,202306020712
6,1,2,ローヴェロ,牡4,58,ルメール,1:10.7,1/2,**,,,,,1-1,37.3,3.7,2,502(-2),,,,[東]加藤征弘,Ｃ．チェン,,202306020712
7,3,5,カンザシ,牝4,56,戸崎圭太,1:10.9,1,**,,,,,15-15,35.4,3.3,1,500(+4),,,,[東]宮田敬介,嶋田賢,,202306020712
8,1,1,ユスティニアン,牡5,58,西村淳也,1:10.9,クビ,**,,,,,4-4,37.2,15.3,7,438(-4),,,,[西]新谷功一,岡田牧雄,,202306020712
9,7,14,パイプライン,セ6,58,Ｍ．デム,1:11.0,クビ,**,,,,,11-10,36.5,7.8,3,492(0),,,,[東]田中剛,青山洋一,,202306020712
10,5,9,パロットビーク,牝5,56,三浦皇成,1:11.0,クビ,**,,,,,8-7,36.9,61.1,13,468(-2),,,,[西]西園翔太,社台レースホース,,202306020712
11,4,8,ゴーストレート,牡5,58,菊沢一樹,1:11.0,アタマ,**,,,,,12-12,36.4,31.7,9,496(0),,,,[東]菊沢隆徳,堂守貴志,,202306020712
12,7,13,バーンパッション,牡6,58,津村明秀,1:11.4,2,**,,,,,14-14,36.3,83.6,15,482(-12),,,,[東]中川公成,岡田牧雄,,202306020712
13,5,10,ロープスピニング,牝4,54,小林脩斗,1:11.7,2,**,,,,,5-5,37.9,62.4,14,442(-4),,,,[東]武藤善則,吉田照哉,,202306020712
14,6,12,ピンクダイヤ,牡4,58,田中勝春,1:11.7,ハナ,**,,,,,9-10,37.3,59.6,12,484(-2),,,,[西]森秀行,木村久子,,202306020712
15,8,16,アジアノジュンシン,牝5,56,内田博幸,1:12.6,5,**,,,,,6-7,38.6,15.1,6,474(-2),,,,[東]奥村武,植村仁,,202306020712
取,8,15,サバンナチャンス,牝4,56,丹内祐次,,,**,,,,,,,---,,計不,,,,[東]竹内正洋,由井健太郎,,202306020712
1,2,4,スウィーヴェモワ,牝3,54,大野拓弥,1:52.9,,**,,,,,1-1-1-1,38.0,2.3,1,508(-2),,,,[東]田村康仁,ラ・メール,550.0,202306020801
2,5,10,グレイウェザーズ,牝3,54,横山武史,1:53.5,3.1/2,**,,,,,7-7-6-5,38.0,4.3,3,436(+4),,,,[東]西田雄一,サンデーレーシング,220.0,202306020801
3,8,16,レディエンフェイス,牝3,53,永野猛蔵,1:53.5,クビ,**,,,,,3-3-2-3,38.4,4.1,2,540(+6),,,,[東]加藤征弘,キャロットファーム,140.0,202306020801
4,7,13,サティンボディス,牝3,54,戸崎圭太,1:53.9,2.1/2,**,,,,,2-2-2-2,38.9,7.2,4,474(0),,,,[東]栗田徹,ゴドルフィン,83.0,202306020801
5,4,8,プリュネルウィンク,牝3,54,田辺裕信,1:53.9,ハナ,**,,,,,5-5-4-3,38.7,13.9,5,444(-2),,,,[東]中舘英二,嶋田賢,55.0,202306020801
6,1,1,ヒメワカバ,牝3,54,吉田豊,1:55.0,7,**,,,,,16-16-8-6,39.1,39.0,7,484(0),,,,[東]高橋文雅,岡田勇,,202306020801
7,3,5,ロゴナンバーワン,牝3,54,菊沢一樹,1:55.0,クビ,**,,,,,9-9-13-13,38.8,29.2,6,442(-4),,,,[東]小野次郎,イーデン産業,,202306020801
8,6,11,ウワサノアノコ,牝3,52,小林凌大,1:55.3,1.3/4,**,,,,,14-14-13-8,39.0,211.0,15,414(-6),,,,[東]石栗龍彦,栗山道郎,,202306020801
9,3,6,ジューンリリー,牝3,51,佐藤翔馬,1:55.4,クビ,**,,,,,12-13-16-13,38.9,93.8,10,446(-6),,,,[東]堀内岳志,手嶋美季,,202306020801
10,2,3,ローレルレジーナ,牝3,54,丸田恭介,1:55.4,ハナ,**,,,,,9-9-8-8,39.5,93.4,9,494(0),,,,[東]稲垣幸雄,ローレルレーシング,,202306020801
11,4,7,ケイツータラ,牝3,50,小林美駒,1:55.5,1/2,**,,,,,3-3-4-6,40.2,205.8,14,412(-4),,,,[東]鈴木伸尋,楠本勝美,,202306020801
12,7,14,エレガントヒロイン,牝3,54,西村淳也,1:57.6,大,**,,,,,11-11-13-11,41.4,45.3,8,460(-6),,,,[東]宗像義忠,吉田照哉,,202306020801
13,6,12,ヴァーナルブルーム,牝3,54,伊藤工真,1:57.6,アタマ,**,,,,,15-15-12-16,41.5,179.2,13,438(0),,,,[東]林徹,ヒダカ・ブリーダーズ・ユニオン,,202306020801
14,8,15,ベルエト,牝3,54,津村明秀,1:57.9,1.1/2,**,,,,,5-5-7-10,42.1,127.0,12,440(+4),,,,[東]牧光二,辻子依旦,,202306020801
15,5,9,キーコンパス,牝3,52,原優介,1:58.3,2.1/2,**,,,,,12-11-8-13,42.3,358.7,16,450(+12),,,,[東]青木孝文,北前孔一郎,,202306020801
16,1,2,ヘルミオーネ,牝3,54,野中悠太,1:59.2,5,**,,,,,7-7-8-11,43.3,117.5,11,476(-18),,,,[東]稲垣幸雄,フロンティア,,202306020801
1,3,6,アフタヌーンドレス,牝3,54,田辺裕信,1:10.9,,**,,,,,1-1,36.8,3.0,2,500(-2),,,,[東]栗田徹,ゴドルフィン,550.0,202306020802
2,1,2,サクセスバラード,牡3,56,丹内祐次,1:11.2,2,**,,,,,2-2,36.8,6.4,3,456(+2),,,,[東]竹内正洋,ブルースターズファーム,220.0,202306020802
3,4,8,ストリートジャガー,牡3,56,津村明秀,1:11.4,3/4,**,,,,,5-5,36.8,2.7,1,478(-4),,,,[東]松山将樹,吉岡泰治,140.0,202306020802
4,7,14,イグニション,牡3,56,大野拓弥,1:12.1,4,**,,,,,2-2,37.8,14.2,5,474(-4),,,,[東]粕谷昌央,ノルマンディーサラブレッドレーシング,83.0,202306020802
5,8,15,アンプレッセシチー,牡3,55,永野猛蔵,1:12.1,ハナ,**,,,,,5-6,37.5,23.7,8,506(+2),,,,[東]伊藤圭三,友駿ホースクラブ,55.0,202306020802
6,6,11,ロマンスオーサー,牡3,56,西村淳也,1:12.2,クビ,**,,,,,7-8,37.3,19.1,6,500(+4),,,,[東]加藤征弘,ゴドルフィン,,202306020802
7,5,9,ハッピーミーク,牝3,54,内田博幸,1:12.2,アタマ,**,,,,,2-2,37.9,27.8,10,440(-8),,,,[東]尾関知人,山口功一郎,,202306020802
8,2,4,ライヴペッパー,牡3,56,木幡巧也,1:12.2,クビ,**,,,,,9-10,37.0,9.4,4,440(+8),,,,[東]牧光二,澤田孝之,,202306020802
9,3,5,マーニャ,牝3,54,武藤雅,1:12.7,3,**,,,,,7-6,37.8,347.7,14,420(-8),,,,[東]水野貴広,ディアレストクラブ,,202306020802
10,4,7,キョウエイジョイ,牝3,54,菅原明良,1:12.9,1,**,,,,,11-12,37.5,26.5,9,464(-2),,,,[東]中川公成,田中晴夫,,202306020802
11,7,13,ミットシュラー,牝3,54,菊沢一樹,1:13.1,1,**,,,,,9-9,37.9,149.5,11,422(-10),,,,[東]小手川準,滝沢裕也,,202306020802
12,8,16,イヌハワントナク,牡3,54,原優介,1:13.2,1/2,**,,,,,11-13,37.8,293.4,12,500(-16),,,,[東]小笠倫弘,熊澤浩樹,,202306020802
13,5,10,アイアンランラン,牝3,54,岩部純二,1:13.3,3/4,**,,,,,15-13,37.4,519.5,15,424(-10),,,,[東]南田美知,池上一馬,,202306020802
14,2,3,ヒメカミノテング,牝3,54,木幡初也,1:13.6,1.1/2,**,,,,,11-11,38.2,527.6,16,410(-2),,,,[東]武市康男,國分純,,202306020802
15,6,12,サイタブラウン,牡3,53,佐藤翔馬,1:13.8,1,**,,,,,14-15,38.1,22.9,7,466(-2),,,,[東]杉浦宏昭,サイタグローバル,,202306020802
16,1,1,シトラスフルーツ,牝3,54,山田敬士,1:15.0,7,**,,,,,16-16,37.6,336.9,13,470(0),,,,[東]青木孝文,小林祐一,,202306020802
1,8,16,パープルナイト,牡3,56,西村太一,1:52.8,,**,,,,,1-1-1-1,38.1,4.4,2,498(-6),,,,[東]堀内岳志,木村牧場,550.0,202306020803
2,2,4,ニシノファンフェア,牡3,56,横山武史,1:53.5,4,**,,,,,8-9-5-5,38.3,3.4,1,476(-6),,,,[東]和田勇介,西山茂行,220.0,202306020803
3,4,8,ピックアップライン,牡3,56,武士沢友,1:53.8,1.3/4,**,,,,,2-2-2-2,39.0,5.2,3,514(+6),,,,[東]田中剛,社台レースホース,140.0,202306020803
4,6,12,デザイアーフェーム,牡3,56,田中勝春,1:54.0,1,**,,,,,10-10-10-10,38.1,64.3,12,500(+2),,,,[東]松永康利,小林竜太郎,83.0,202306020803
5,4,7,ユイアングレイス,牡3,56,横山和生,1:54.1,1/2,**,,,,,3-5-3-3,39.0,10.5,5,454(+2),,,,[東]栗田徹,由比泉子,55.0,202306020803
6,3,5,ヴェールトゥマラン,牡3,56,丹内祐次,1:54.1,アタマ,**,,,,,6-7-7-6,38.7,5.6,4,488(0),,,,[東]矢野英一,落合幸弘,,202306020803
7,5,9,ウォーハンマー,牡3,56,野中悠太,1:54.2,1/2,**,,,,,3-3-3-3,39.2,24.8,7,486(0),,,,[東]宮田敬介,サンデーレーシング,,202306020803
8,8,15,ラフィネクリール,牡3,56,武藤雅,1:54.8,4,**,,,,,14-14-10-10,38.9,98.1,14,502(-2),,,,[東]武藤善則,ノースヒルズ,,202306020803
9,7,13,レゾリュート,牡3,56,内田博幸,1:55.0,1.1/4,**,,,,,15-15-12-12,38.9,33.1,9,526(0),,,,[東]萩原清,シルクレーシング,,202306020803
10,1,1,ローディアマント,牡3,56,石川裕紀,1:55.1,クビ,**,,,,,8-7-7-8,39.6,39.8,11,486(-4),,,,[東]尾関知人,シルクレーシング,,202306020803
11,5,10,ラスターブラスター,牡3,53,石田拓郎,1:55.4,2,**,,,,,12-12-15-15,38.8,76.8,13,518(+42),,,,[東]宗像義忠,薗部博之,,202306020803
12,6,11,ダオラダオラ,牡3,56,丸田恭介,1:56.3,5,**,,,,,12-12-14-13,40.1,36.2,10,504(-6),,,,[東]石毛善彦,ライオンレースホース,,202306020803
13,7,14,カドノユトリ,牡3,56,江田照男,1:56.3,アタマ,**,,,,,6-5-7-8,40.9,204.0,16,478(-2),,,,[東]岩戸孝樹,芳賀克也,,202306020803
14,1,2,シュマンドロワ,牡3,56,岩田康誠,1:57.3,6,**,,,,,3-3-5-6,42.1,25.7,8,464(+2),,,,[東]奥村武,ノルマンディーサラブレッドレーシング,,202306020803
15,2,3,ブルーリヴァーサル,牡3,54,藤田菜七,1:57.6,2,**,,,,,16-16-16-16,40.2,178.1,15,464(+4),,,,[東]根本康広,青山郁代,,202306020803
16,3,6,アオイテン,牡3,56,田辺裕信,1:58.2,3.1/2,**,,,,,10-10-12-14,42.2,16.1,6,496(-4),,,,[東]中舘英二,新谷幸義,,202306020803
1,3,6,タリエシン,牡3,56,Ｍ．デム,1:10.6,,**,,,,,7-7,35.9,18.1,5,430(-6),,,,[東]金成貴史,野田努,780.0,202306020804
2,6,11,ネバレチュゴー,牡3,56,松岡正海,1:10.7,1/2,**,,,,,5-4,36.2,2.1,1,520(+2),,,,[東]西田雄一,ミルファーム,310.0,202306020804
3,8,16,マヴォロンテ,牝3,54,横山武史,1:10.7,クビ,**,,,,,3-4,36.3,6.2,3,448(-6),,,,[西]松永幹夫,桑田牧場,200.0,202306020804
4,2,4,エミサキホコル,牡3,56,川又賢治,1:10.8,クビ,**,,,,,2-2,37.0,4.9,2,488(-6),,,,[西]杉山佳明,亀岡和彦,120.0,202306020804
5,1,1,ハイインザスカイ,牡3,56,菅原明良,1:11.1,1.3/4,**,,,,,7-6,36.4,32.1,8,486(0),,,,[西]牧田和弥,深見富朗,78.0,202306020804
6,3,5,ジャーニーメモリー,牡3,56,北村宏司,1:11.3,1.1/4,**,,,,,3-3,36.9,69.0,13,448(0),,,,[東]粕谷昌央,海谷幸司,,202306020804
7,4,7,トロピカルヒーロー,牡3,56,丹内祐次,1:11.4,クビ,**,,,,,12-10,36.1,104.4,14,496(+2),,,,[東]武藤善則,田頭勇貴,,202306020804
8,5,9,サニーサフラン,牡3,56,内田博幸,1:11.6,1.1/4,**,,,,,16-15,36.0,20.8,7,496(-2),,,,[東]中野栄治,海原聖一,,202306020804
9,6,12,カマラードマリー,牝3,52,小林脩斗,1:11.7,3/4,**,,,,,1-1,38.1,51.0,11,472(+18),,,,[東]小笠倫弘,岡浩二,,202306020804
10,1,2,サザンレイク,牝3,52,藤田菜七,1:11.8,クビ,**,,,,,11-11,36.7,255.3,16,478(+2),,,,[東]根本康広,サザンホールディング,,202306020804
11,8,15,ユイノマチブセ,牡3,56,木幡初也,1:11.8,アタマ,**,,,,,5-8,37.2,19.9,6,438(0),,,,[東]竹内正洋,由井健太郎,,202306020804
12,7,13,サルモン,牡3,56,戸崎圭太,1:12.0,1.1/2,**,,,,,9-11,37.2,7.4,4,518(+4),,,,[東]加藤士津,野村茂雄,,202306020804
13,4,8,アントニオヒロキ,牡3,56,吉田豊,1:12.1,クビ,**,,,,,12-13,36.8,64.5,12,462(-2),,,,[西]北出成人,ＨｉｍＲｏｃｋＲａｃｉｎｇホールディングス,,202306020804
14,5,10,ダンスインザリング,牡3,56,岩田康誠,1:12.1,クビ,**,,,,,9-8,37.3,39.4,9,448(-2),,,,[東]武井亮,古賀慎一,,202306020804
15,2,3,サノノウォーリア,牡3,56,石川裕紀,1:12.2,1/2,**,,,,,12-13,36.8,215.2,15,480(0),,,,[東]尾形和幸,佐野信幸,,202306020804
16,7,14,グラスシフォン,牝3,54,津村明秀,1:12.3,1,**,,,,,12-15,37.0,46.3,10,414(0),,,,[東]松山将樹,半沢,,202306020804
1,3,5,キタノブライド,牝3,54,田辺裕信,1:36.3,,**,,,,,7-4-4,36.2,3.3,1,406(-4),,,,[東]高橋裕,北所直人,550.0,202306020805
2,6,11,ミヤビブレイブ,牝3,54,松岡正海,1:36.4,1,**,,,,,5-6-6,36.1,3.8,2,456(-4),,,,[東]小島茂之,村上義勝,220.0,202306020805
3,2,4,ネザーランドリマ,牝3,51,佐藤翔馬,1:36.5,3/4,**,,,,,11-10-8,35.5,26.7,7,410(-2),,,,[東]小桧山悟,小川敏夫,140.0,202306020805
4,4,8,クライノート,牝3,54,柴田大知,1:36.8,1.1/2,**,,,,,2-4-2,36.7,6.2,4,438(-2),,,,[東]畠山吉宏,サラブレッドクラブ・ラフィアン,83.0,202306020805
5,2,3,セイウンシリウス,牡3,55,永野猛蔵,1:36.8,アタマ,**,,,,,2-2-2,36.9,4.4,3,444(-2),,,,[東]尾形和幸,西山茂行,55.0,202306020805
6,8,16,ゲンパチジャンヌ,牝3,54,丹内祐次,1:36.8,アタマ,**,,,,,14-11-10,35.5,62.8,10,448(0),,,,[東]西田雄一,平野武志,,202306020805
7,7,14,フェミナフォルテ,牝3,54,北村友一,1:36.8,アタマ,**,,,,,11-13-13,34.6,90.8,14,426(0),,,,[東]小島茂之,ノルマンディーサラブレッドレーシング,,202306020805
8,1,2,マロンドレ,牡3,56,西村淳也,1:36.9,1/2,**,,,,,4-2-4,36.9,31.4,8,458(+2),,,,[東]大竹正博,伊藤功一,,202306020805
9,3,6,ピーエムギャレット,牝3,54,津村明秀,1:37.2,1.3/4,**,,,,,1-1-1,37.5,12.6,5,464(+12),,,,[東]和田正一,松山毅,,202306020805
10,6,12,イサチルキュート,牝3,54,木幡初也,1:37.3,クビ,**,,,,,5-7-7,36.6,16.7,6,474(0),,,,[東]竹内正洋,小坂功,,202306020805
11,7,13,オスカーウィナー,牡3,54,原優介,1:37.8,3.1/2,**,,,,,7-8-8,36.9,38.4,9,456(0),,,,[東]大和田成,嶋田賢,,202306020805
12,5,9,メイショウサトユキ,牡3,56,木幡育也,1:38.0,1,**,,,,,9-8-10,37.1,63.8,11,500(0),,,,[東]蛯名正義,松本好雄,,202306020805
13,4,7,キタノランディ,牝3,54,丸田恭介,1:38.3,1.3/4,**,,,,,9-11-12,37.1,81.7,12,430(0),,,,[東]高橋裕,北所直人,,202306020805
14,5,10,サクラストリーム,牡3,56,菅原明良,1:39.8,9,**,,,,,13-14-14,37.2,82.9,13,506(0),,,,[東]金成貴史,さくらコマース,,202306020805
15,8,15,エマルジョン,牝3,54,宮崎北斗,1:41.0,7,**,,,,,14-15-14,38.2,339.4,15,452(0),,,,[東]伊藤伸一,グリーンスウォード,,202306020805
除,1,1,フェルマータ,牡3,56,大野拓弥,,,**,,,,,,,---,,476(0),,,,[東]田島俊明,野嶋祥二,,202306020805
1,8,16,ウィズグレイス,牝4,56,西村淳也,2:02.7,,**,,,,,1-1-1-1,36.7,5.4,2,450(-8),,,,[東]国枝栄,社台レースホース,800.0,202306020806
2,6,12,タシット,牡4,58,横山和生,2:02.8,クビ,**,,,,,2-2-3-2,36.6,6.7,4,462(+14),,,,[東]中川公成,多田賢司,320.0,202306020806
3,6,11,エンパイアウエスト,牝4,56,北村宏司,2:03.5,4,**,,,,,5-5-3-3,37.2,11.5,6,498(+8),,,,[東]黒岩陽一,吉田勝己,200.0,202306020806
4,1,2,カトルショセット,牝5,56,津村明秀,2:03.5,ハナ,**,,,,,7-7-6-5,36.9,125.3,15,480(-6),,,,[東]黒岩陽一,Ｇ１レーシング,120.0,202306020806
5,4,8,ローブエリタージュ,牝4,56,石川裕紀,2:03.6,1/2,**,,,,,12-13-12-14,36.6,35.6,9,400(-4),,,,[東]手塚貴久,シルクレーシング,80.0,202306020806
6,4,7,マイネルシーマー,牡4,58,丹内祐次,2:03.6,ハナ,**,,,,,12-12-6-5,37.0,60.2,13,492(0),,,,[東]青木孝文,サラブレッドクラブ・ラフィアン,,202306020806
7,3,5,カヨウネンカ,牝4,56,菅原明良,2:03.6,ハナ,**,,,,,10-10-11-8,36.8,5.7,3,452(0),,,,[東]斎藤誠,ミルファーム,,202306020806
8,3,6,エバーハンティング,牝4,56,北村友一,2:03.8,1,**,,,,,10-10-12-8,36.8,21.0,8,412(+2),,,,[東]小島茂之,宇田豊,,202306020806
9,1,1,ヒシシュシュ,牝5,56,田辺裕信,2:04.4,3.1/2,**,,,,,16-16-14-8,37.2,13.5,7,422(+16),,,,[東]中舘英二,阿部雅英,,202306020806
10,2,4,ザスリーサーティ,牡8,54,小林美駒,2:04.4,クビ,**,,,,,15-15-16-16,36.9,42.9,12,488(-2),,,,[東]尾形和幸,諸江幸祐,,202306020806
11,5,10,ロジマンボ,牡4,58,内田博幸,2:04.5,クビ,**,,,,,3-3-5-5,38.1,35.6,10,486(-2),,,,[東]古賀慎明,久米田正明,,202306020806
12,7,14,ヤマニンパニータ,牝4,56,江田照男,2:04.6,3/4,**,,,,,5-5-10-12,37.9,75.3,14,454(-2),,,,[東]辻哲英,土井肇,,202306020806
13,2,3,スピアヘッド,牡4,58,田中勝春,2:04.9,1.1/2,**,,,,,12-13-14-14,37.8,36.6,11,438(-4),,,,[東]菊川正達,ヒダカ・ブリーダーズ・ユニオン,,202306020806
14,8,15,イルチルコ,牝4,56,戸崎圭太,2:05.4,3,**,,,,,3-3-2-3,39.3,3.4,1,492(+2),,,,[東]田村康仁,シルクレーシング,,202306020806
15,7,13,イヴニングスター,牡4,58,横山武史,2:05.8,2.1/2,**,,,,,7-7-6-8,39.3,9.7,5,500(+4),,,,[東]戸田博文,村野康司,,202306020806
16,5,9,マルターズデイ,牡4,58,嶋田純次,2:06.6,5,**,,,,,7-7-6-12,40.0,221.5,16,506(0),,,,[東]水野貴広,藤田在子,,202306020806
1,3,5,ヴァンデリオン,牡6,58,Ｍ．デム,1:11.0,,**,,,,,4-4,35.8,4.5,3,502(+4),,,,[東]根本康広,サザンホールディング,800.0,202306020807
2,4,8,ロジヴィクトリア,牝4,56,菅原明良,1:11.1,クビ,**,,,,,4-4,35.8,4.3,2,482(-2),,,,[東]新開幸一,久米田正明,320.0,202306020807
3,4,7,トーセンニック,牡5,58,横山和生,1:11.4,1.3/4,**,,,,,1-1,36.5,2.6,1,474(-4),,,,[東]田村康仁,島川隆哉,200.0,202306020807
4,2,3,サンダビューク,牡4,56,小林凌大,1:11.5,1/2,**,,,,,7-7,36.0,11.5,4,468(+4),,,,[東]蛯名利弘,加藤信之,120.0,202306020807
5,1,1,マイアミュレット,セ4,58,内田博幸,1:11.5,クビ,**,,,,,14-14,35.1,199.5,14,472(-8),,,,[東]天間昭一,マークス,80.0,202306020807
6,7,13,エコログロリアス,セ4,58,西村淳也,1:11.8,1.3/4,**,,,,,2-2,36.8,17.4,7,474(-6),,,,[東]加藤征弘,原村正紀,,202306020807
7,6,12,カリカ,牝4,56,吉田豊,1:11.9,1/2,**,,,,,7-7,36.4,12.5,5,484(-6),,,,[東]小西一男,平岡茂樹,,202306020807
8,1,2,サンフィニティ,牝5,52,小林美駒,1:12.0,1,**,,,,,7-7,36.5,12.7,6,444(-4),,,,[東]鈴木伸尋,社台レースホース,,202306020807
9,5,10,ヨシオドライヴ,牡6,58,菊沢一樹,1:12.0,ハナ,**,,,,,11-11,35.9,110.7,13,506(0),,,,[東]清水英克,井村誉志雄,,202306020807
10,8,15,モール,牡4,56,原優介,1:12.1,1/2,**,,,,,15-15,35.5,69.3,11,484(+9),,,,[東]小手川準,ローレルレーシング,,202306020807
11,2,4,スエトニウス,セ4,57,永野猛蔵,1:12.1,ハナ,**,,,,,11-11,36.1,78.4,12,480(+6),,,,[東]伊藤圭三,社台レースホース,,202306020807
12,5,9,ヒノデミッチー,牡4,58,北村宏司,1:12.4,1.1/2,**,,,,,11-7,36.4,23.5,8,518(0),,,,[東]松永康利,茂木国久,,202306020807
13,6,11,ホノノディーヴァ,牝4,53,石田拓郎,1:12.5,1/2,**,,,,,4-4,37.3,54.5,9,506(+12),,,,[東]林徹,鈴木誠,,202306020807
14,7,14,ショウユアセルフ,牝5,56,山田敬士,1:12.5,ハナ,**,,,,,3-3,37.4,306.1,16,486(+3),,,,[東]松永康利,和田牧場,,202306020807
15,3,6,ヴィオマージュ,牡5,58,丹内祐次,1:12.7,1.1/2,**,,,,,10-11,36.9,54.6,10,490(-8),,,,[東]矢野英一,ノルマンディーサラブレッドレーシング,,202306020807
中,8,16,ダイイチターミナル,牡9,58,嶋田純次,,,**,,,,,16-16,,274.1,15,476(+10),,,,[東]石毛善彦,ミルファーム,,202306020807
1,7,10,トゥデイイズザデイ,牡4,58,横山武史,1:35.0,,**,,,,,12-11-10,34.8,3.3,1,460(-8),,,,[西]池江泰寿,前田葉子,"1,140.0",202306020808
2,8,13,コミカライズ,牝6,56,田辺裕信,1:35.2,1,**,,,,,8-9-9,35.5,12.0,5,482(+4),,,,[東]和田勇介,吉田照哉,460.0,202306020808
3,1,1,ロードカテドラル,牡4,58,菅原明良,1:35.4,1.1/4,**,,,,,3-3-6,36.0,4.2,3,502(0),,,,[東]斎藤誠,ロードホースクラブ,290.0,202306020808
4,6,8,レーヴドゥラプレリ,牝5,56,戸崎圭太,1:35.5,1/2,**,,,,,6-7-6,36.0,14.1,6,464(-12),,,,[東]宮田敬介,吉田勝己,170.0,202306020808
5,5,6,アルママ,牡7,58,柴田大知,1:35.6,3/4,**,,,,,3-3-2,36.3,14.6,7,482(-4),,,,[東]畠山吉宏,ビッグレッドファーム,114.0,202306020808
6,8,12,ニシノレバンテ,牡4,58,大野拓弥,1:35.7,クビ,**,,,,,2-2-2,36.6,27.3,9,490(-4),,,,[東]栗田徹,西山茂行,,202306020808
7,2,2,ラキャラントシス,牝6,52,小林美駒,1:35.8,1/2,**,,,,,1-1-1,36.7,63.5,10,484(-2),,,,[東]鈴木伸尋,山王飯店,,202306020808
8,5,7,ジッピーレーサー,セ6,57,永野猛蔵,1:35.9,1/2,**,,,,,8-7-6,36.3,93.0,12,476(+6),,,,[東]高木登,岡田牧雄,,202306020808
9,4,4,マイネルダグラス,牡5,58,丹内祐次,1:36.0,1/2,**,,,,,3-3-2,36.7,26.5,8,512(-4),,,,[東]相沢郁,サラブレッドクラブ・ラフィアン,,202306020808
10,3,3,タケルジャック,牡5,55,佐藤翔馬,1:36.3,2,**,,,,,10-11-12,36.1,77.8,11,482(0),,,,[東]小桧山悟,森保彦,,202306020808
11,7,11,ティーガーデン,牡4,58,岩田康誠,1:36.5,1.1/2,**,,,,,6-3-5,37.1,3.7,2,504(-8),,,,[東]萩原清,サンデーレーシング,,202306020808
12,6,9,ヴィクトゥーラ,牡5,58,西村淳也,1:36.8,1.1/2,**,,,,,10-10-10,36.9,9.0,4,484(-12),,,,[東]金成貴史,近藤英子,,202306020808
13,4,5,セイウンパワフル,牡6,58,野中悠太,1:37.5,4,**,,,,,12-13-13,37.0,367.6,13,470(+2),,,,[東]根本康広,西山茂行,,202306020808
1,7,13,ノースザワールド,牡5,58,横山和生,1:48.6,,**,,,,,2-2-2-2,37.1,6.4,2,478(-4),,,,[西]大久保龍,スリーエイチレーシング,"1,875.7",202306020809
2,5,9,クライミングリリー,牝5,56,田辺裕信,1:48.8,1,**,,,,,10-10-7-6,35.9,33.6,7,470(-2),,,,[東]国枝栄,社台レースホース,750.2,202306020809
3,6,12,スパイラルノヴァ,牡5,58,Ｍ．デム,1:49.0,1.1/4,**,,,,,4-4-4-4,36.4,10.3,3,488(+8),,,,[西]藤岡健一,フクキタル,465.1,202306020809
4,6,11,ダークエクリプス,牡4,58,津村明秀,1:49.0,ハナ,**,,,,,3-3-3-3,36.8,17.4,6,490(0),,,,[西]今野貞一,矢野秀春,280.0,202306020809
5,5,10,ローシャムパーク,牡4,58,戸崎圭太,1:49.2,3/4,**,,,,,9-7-4-4,36.5,1.4,1,500(-2),,,,[東]田中博康,サンデーレーシング,184.0,202306020809
6,8,16,ファユエン,牝5,56,北村宏司,1:49.2,クビ,**,,,,,12-12-12-12,35.4,77.4,11,474(+4),,,,[東]勢司和浩,谷岡毅,,202306020809
7,1,2,カルリーノ,牡7,58,岩田康誠,1:49.3,1/2,**,,,,,11-11-11-11,36.0,449.0,15,520(-2),,,,[東]高橋裕,Ｇリビエール・レーシング,,202306020809
8,4,8,ルドヴィクス,牡5,58,菅原明良,1:49.5,1.1/2,**,,,,,13-13-13-12,35.6,15.8,4,526(0),,,,[東]久保田貴,村木克子,,202306020809
9,2,3,テーオーシリウス,牡5,58,西村淳也,1:50.0,2.1/2,**,,,,,1-1-1-1,38.9,60.2,9,468(-2),,,,[西]奥村豊,小笹公也,,202306020809
10,8,15,ゴーゴーユタカ,牡4,58,横山武史,1:50.0,ハナ,**,,,,,6-6-7-7,37.1,16.0,5,476(0),,,,[東]武井亮,井山登,,202306020809
11,3,5,エリオトローピオ,牝4,56,丹内祐次,1:50.2,1.1/4,**,,,,,8-7-9-9,37.2,62.8,10,406(-4),,,,[東]深山雅史,サラブレッドクラブ・ラフィアン,,202306020809
12,4,7,フリーフリッカー,牡9,58,野中悠太,1:50.5,2,**,,,,,13-14-14-14,36.2,569.9,16,486(-2),,,,[西]安田隆行,ノースヒルズ,,202306020809
13,1,1,トーセンメラニー,牝5,56,原優介,1:50.5,アタマ,**,,,,,15-16-16-14,35.7,50.7,8,506(0),,,,[東]小桧山悟,島川隆哉,,202306020809
14,2,4,ヤマニンデンファレ,牝5,56,江田照男,1:50.6,1/2,**,,,,,6-7-9-9,37.6,99.6,12,488(+6),,,,[東]辻哲英,土井肇,,202306020809
15,3,6,ヴィクターバローズ,セ6,58,北村友一,1:51.2,3.1/2,**,,,,,4-4-4-7,38.5,274.7,13,476(+26),,,,[西]上村洋行,猪熊広次,,202306020809
16,7,14,シャチ,牡6,58,勝浦正樹,1:51.9,4,**,,,,,15-15-14-16,37.6,396.5,14,478(+2),,,,[東]小桧山悟,中村勝彦,,202306020809
1,4,8,スズカコテキタイ,牡4,56,岩田康誠,1:09.3,,**,,,,,6-6,35.4,3.8,1,500(-2),,,,[東]奥村武,永井啓弍,"2,235.0",202306020810
2,1,1,テイエムトッキュウ,牡5,56,北村友一,1:09.4,1,**,,,,,1-1,36.3,4.5,2,504(-4),,,,[西]木原一良,竹園正繼,890.0,202306020810
3,8,15,ワルツフォーラン,牝6,53,津村明秀,1:09.5,クビ,**,,,,,2-2,36.2,25.3,8,488(+12),,,,[東]小西一男,松尾正,555.0,202306020810
4,5,9,アイオライト,牡6,58,丹内祐次,1:09.5,クビ,**,,,,,4-5,35.8,11.2,6,494(-2),,,,[東]武藤善則,田頭勇貴,330.0,202306020810
5,6,11,クロジシジョー,牡4,56,西村淳也,1:09.6,クビ,**,,,,,8-8,35.5,6.0,4,456(+8),,,,[西]岡田稲男,河内孝夫,220.0,202306020810
6,2,4,カイアワセ,牝6,53,大野拓弥,1:09.6,クビ,**,,,,,10-10,35.1,51.7,10,460(0),,,,[東]鈴木慎太,内田玄祥,,202306020810
7,7,14,ボイラーハウス,牡5,56,江田照男,1:09.7,クビ,**,,,,,12-11,34.8,18.4,7,504(+4),,,,[東]竹内正洋,永田博之,,202306020810
8,2,3,スナークダヴィンチ,牡6,56,小崎綾也,1:09.8,3/4,**,,,,,8-8,35.7,7.8,5,500(+6),,,,[西]野中賢二,杉本豊,,202306020810
9,7,13,アーバンイェーガー,牡9,55,吉田豊,1:09.8,クビ,**,,,,,14-13,34.7,69.7,13,516(0),,,,[東]高橋文雅,村木克成,,202306020810
10,1,2,シャイニーブランコ,牡7,55,北村宏司,1:09.9,1/2,**,,,,,6-6,35.9,66.8,12,458(-2),,,,[西]小林真也,小林昌志,,202306020810
11,8,16,ショウナンアニメ,牡6,54,内田博幸,1:10.1,1,**,,,,,10-11,35.5,98.3,14,504(-2),,,,[西]吉村圭司,湘南,,202306020810
12,6,12,オーロラテソーロ,牡6,58.5,横山武史,1:10.3,1.1/2,**,,,,,3-4,36.8,5.7,3,500(-2),,,,[東]畠山吉宏,了徳寺健二ホールディングス,,202306020810
13,4,7,ベイビーボス,牡6,55,菅原明良,1:10.8,3,**,,,,,12-14,35.9,30.6,9,488(-2),,,,[東]矢野英一,酒井喜生,,202306020810
14,3,6,アイアムハヤスギル,牡7,54,柴田善臣,1:10.8,ハナ,**,,,,,15-15,35.6,123.5,15,472(-6),,,,[東]奥平雅士,堀紘一,,202306020810
15,5,10,ドウドウキリシマ,牡7,54,永野猛蔵,1:11.1,2,**,,,,,16-16,35.4,277.5,16,508(+2),,,,[東]天間昭一,西村新一郎,,202306020810
16,3,5,マイネルジェロディ,牡5,56,石川裕紀,1:11.3,1,**,,,,,4-2,37.7,56.5,11,476(+2),,,,[西]西園正都,サラブレッドクラブ・ラフィアン,,202306020810
1,2,4,ベラジオオペラ,牡3,56,横山武史,1:48.9,,**,**,**,**,**,7-7-7-5,35.7,3.7,2,500(-4),,,,[西]上村洋行,林田祥来,"5,512.0",202306020811
2,5,10,ホウオウビスケッツ,牡3,56,横山和生,1:49.1,1.1/4,**,**,**,**,**,3-3-2-2,36.9,5.5,3,494(-2),,,,[東]奥村武,小笹芳央,"2,232.0",202306020811
3,1,2,メタルスピード,牡3,56,津村明秀,1:49.2,3/4,**,**,**,**,**,8-7-7-8,36.1,21.2,8,504(-4),,,,[東]斎藤誠,ＨｉｍＲｏｃｋＲａｃｉｎｇホールディングス,"1,416.0",202306020811
4,1,1,グラニット,牡3,56,嶋田純次,1:49.3,1/2,**,**,**,**,**,1-1-1-1,37.6,62.9,13,456(-4),,,,[東]大和田成,ミルファーム,810.0,202306020811
5,7,14,パクスオトマニカ,牡3,56,田辺裕信,1:49.6,1.3/4,**,**,**,**,**,10-10-9-5,36.3,17.1,6,480(+2),,,,[東]久保田貴,窪田芳郎,540.0,202306020811
6,8,15,セブンマジシャン,牡3,56,戸崎圭太,1:49.8,1.1/4,**,**,**,**,**,12-13-11-10,36.2,3.3,1,486(+6),,,,[西]高野友和,前迫義幸,,202306020811
7,6,11,オールパルフェ,牡3,56,大野拓弥,1:49.8,ハナ,**,**,**,**,**,4-4-4-4,37.1,8.5,4,488(+4),,,,[東]和田雄二,遠藤良一,,202306020811
8,4,7,ドンデンガエシ,牡3,56,北村宏司,1:49.8,ハナ,**,**,**,**,**,5-5-5-5,37.0,148.4,15,472(0),,,,[東]尾関知人,岩切企画,,202306020811
9,4,8,シルトホルン,牡3,56,菅原明良,1:49.8,クビ,**,**,**,**,**,2-2-2-2,37.7,31.4,10,454(-6),,,,[東]新開幸一,ディアレストクラブ,,202306020811
10,5,9,アイスグリーン,牡3,56,西村淳也,1:49.8,ハナ,**,**,**,**,**,8-9-10-10,36.4,10.9,5,480(-6),,,,[西]池添学,シルクレーシング,,202306020811
10,6,12,シーウィザード,牡3,56,柴田善臣,1:49.8,同着,**,**,**,**,**,16-16-16-14,35.7,58.2,12,478(+4),,,,[東]鹿戸雄一,岡田牧雄,,202306020811
12,3,5,ウィステリアリヴァ,牡3,56,吉田豊,1:50.0,3/4,**,**,**,**,**,14-14-13-12,36.1,112.6,14,490(-8),,,,[東]小野次郎,ウエスト．フォレスト．ステイブル,,202306020811
13,3,6,ジョウショーホープ,牡3,56,石川裕紀,1:50.5,3.1/2,**,**,**,**,**,12-11-11-12,36.8,29.2,9,464(+4),,,,[西]新谷功一,熊田義孝,,202306020811
14,7,13,トーセンアウローラ,牡3,56,丹内祐次,1:51.1,3.1/2,**,**,**,**,**,14-14-15-15,37.1,57.0,11,462(-8),,,,[東]尾形和幸,島川隆哉,,202306020811
15,8,16,ハウゼ,牡3,56,岩田康誠,1:51.2,1/2,**,**,**,**,**,5-5-6-8,38.2,19.3,7,502(-4),,,,[東]田中博康,ＣＨＥＶＡＬＡＴＴＡＣＨＥ,,202306020811
16,2,3,アヴェッリーノ,牡3,56,木幡巧也,1:54.5,大,**,**,**,**,**,10-11-13-16,40.7,367.8,16,482(-2),,,,[東]的場均,八嶋長久,,202306020811
1,5,10,ヒミノフラッシュ,牡5,58,津村明秀,2:33.3,,**,,,,,2-2-2-1,38.5,4.1,1,556(-4),,,,[西]川村禎彦,佐々木八郎,"1,140.0",202306020812
2,3,5,ローズボウル,牡5,58,武藤雅,2:33.4,1/2,**,,,,,9-9-7-7,37.9,15.9,6,512(-2),,,,[東]林徹,グリーンファーム,460.0,202306020812
3,1,1,スリーエクスプレス,牡4,56,永野猛蔵,2:33.7,2,**,,,,,8-6-7-4,38.2,4.3,2,492(0),,,,[東]伊藤圭三,永井商事,290.0,202306020812
4,1,2,ナムアミダブツ,牡6,58,大野拓弥,2:33.7,アタマ,**,,,,,9-9-5-8,38.4,25.1,7,470(+2),,,,[西]石坂公一,ニューマレコード,170.0,202306020812
5,8,15,コウユーパパニニテ,牡4,57,吉田豊,2:33.8,クビ,**,,,,,11-11-7-10,38.3,34.6,8,526(+2),,,,[東]辻哲英,加治屋貞光,114.0,202306020812
6,7,14,ヤマニンバンタジオ,セ9,58,勝浦正樹,2:33.8,アタマ,**,,,,,15-14-11-12,38.0,159.1,16,556(+4),,,,[東]田島俊明,土井肇,,202306020812
7,4,7,ヤマノマタカ,牡6,58,丹内祐次,2:33.9,3/4,**,,,,,5-5-3-4,38.9,41.0,11,494(-6),,,,[東]相沢郁,澤村敏雄,,202306020812
8,6,12,オヤノナナヒカリ,牡4,57,戸崎圭太,2:34.0,1/2,**,,,,,4-2-3-3,39.0,4.7,3,456(-4),,,,[東]宮田敬介,スリーエイチレーシング,,202306020812
9,6,11,アイスシェルフ,牡6,58,内田博幸,2:34.4,2.1/2,**,,,,,12-12-11-8,38.5,57.7,12,544(0),,,,[東]稲垣幸雄,吉田勝己,,202306020812
10,3,6,クールファイブ,牡5,58,松岡正海,2:34.8,2.1/2,**,,,,,14-14-11-10,38.9,39.7,10,486(-10),,,,[東]堀内岳志,大塚亮一,,202306020812
11,5,9,コバルトブルー,牡7,56,小林脩斗,2:35.0,1.1/4,**,,,,,13-12-15-13,38.9,58.7,13,476(+2),,,,[西]池江泰寿,青芝商事,,202306020812
12,2,4,リュードマン,牡6,58,北村宏司,2:35.3,1.3/4,**,,,,,16-16-16-16,39.0,116.9,14,492(-4),,,,[東]中川公成,ノルマンディーサラブレッドレーシング,,202306020812
13,4,8,メラーキ,牡6,58,横山武史,2:35.7,2.1/2,**,,,,,1-1-1-2,40.9,7.0,5,494(-6),,,,[東]稲垣幸雄,大塚亮一,,202306020812
14,8,16,プラチナドリーム,牡4,57,菅原明良,2:35.8,1/2,**,,,,,5-6-11-13,39.9,5.9,4,474(+10),,,,[西]平田修,飯田正剛,,202306020812
15,7,13,ラブベティー,牝4,55,石川裕紀,2:37.6,大,**,,,,,5-6-5-4,42.3,39.2,9,462(+2),,,,[東]尾形和幸,増田陽一,,202306020812
16,2,3,サバンナモンキー,牡4,57,木幡巧也,2:38.8,7,**,,,,,2-2-10-13,43.1,124.5,15,472(+6),,,,[東]相沢郁,石瀬浩三,,202306020812
1,4,7,ビーティングハート,牝3,54,野中悠太,1:54.3,,**,,,,,7-7-6-6,39.2,15.5,5,452(0),,,,[東]嘉藤貴行,藤本栄史,550.0,202306030101
2,2,2,ヒラリーステップ,牝3,54,丹内祐次,1:54.3,クビ,**,,,,,10-10-6-6,39.2,15.3,4,464(-2),,,,[東]天間昭一,ビッグレッドファーム,220.0,202306030101
3,3,4,マーゴットミニモ,牝3,54,横山和生,1:54.5,1.1/2,**,,,,,1-1-1-2,40.2,1.2,1,482(+4),,,,[東]伊坂重信,前田良平,140.0,202306030101
4,7,13,テンホワイトラブ,牝3,52,小林凌大,1:54.7,3/4,**,,,,,3-3-2-1,40.4,9.2,3,502(-2),,,,[東]小西一男,天白泰司,83.0,202306030101
5,5,9,シグナルファイアー,牝3,54,武士沢友,1:55.1,2.1/2,**,,,,,10-10-11-12,39.7,93.3,10,474(0),,,,[東]水野貴広,藤田在子,55.0,202306030101
6,5,8,ランカグア,牝3,54,石橋脩,1:55.1,ハナ,**,,,,,8-7-4-3,40.3,9.0,2,454(+4),,,,[東]奥村武,吉田勝己,,202306030101
7,6,10,ジラソーレ,牝3,53,永野猛蔵,1:55.2,クビ,**,,,,,14-13-13-10,39.5,189.4,12,492(0),,,,[東]大和田成,村野康司,,202306030101
8,7,12,メダルラッシュ,牝3,54,池添謙一,1:55.5,2,**,,,,,5-4-4-3,40.6,41.2,7,468(0),,,,[東]村田一誠,青山洋一,,202306030101
9,4,6,ワレラホシノコ,牝3,51,西塚洸二,1:55.6,クビ,**,,,,,5-4-6-6,40.6,262.2,14,434(0),,,,[東]中川公成,石井義人,,202306030101
10,6,11,ベアエクセレント,牝3,54,菅原明良,1:56.3,4,**,,,,,2-2-3-3,41.7,69.5,8,480(+4),,,,[東]杉浦宏昭,熊木浩,,202306030101
11,8,14,フジブルーダイヤ,牝3,52,横山琉人,1:56.9,3.1/2,**,,,,,12-12-11-9,41.5,78.2,9,454(0),,,,[東]尾形和幸,フジレーシング,,202306030101
12,2,3,サクラグラシュー,牝3,54,内田博幸,1:57.0,1/2,**,,,,,13-13-13-14,41.3,305.4,15,484(-2),,,,[東]伊藤圭三,さくらコマース,,202306030101
13,8,15,シティウォリアー,牝3,54,杉原誠人,1:57.3,1.3/4,**,,,,,8-9-9-10,42.1,178.3,11,454(+4),,,,[東]稲垣幸雄,高昭牧場,,202306030101
14,1,1,キタノデネブ,牝3,54,菊沢一樹,1:57.4,3/4,**,,,,,15-15-15-15,40.0,201.3,13,406(0),,,,[東]土田稔,北所直人,,202306030101
15,3,5,ヴォンヌヴォー,牝3,54,木幡巧也,1:57.4,ハナ,**,,,,,4-4-9-12,42.2,35.5,6,446(-6),,,,[東]菊川正達,平川浩之,,202306030101
1,6,12,キョウエイカンフ,牡3,56,横山和生,1:11.1,,**,,,,,4-4,36.7,3.5,2,500(+6),,,,[東]勢司和浩,田中晴夫,550.0,202306030102
2,3,5,コパノエルパソ,牡3,56,森泰斗,1:11.2,1/2,**,,,,,2-2,37.1,3.2,1,522(-8),,,,[東]上原博之,小林祥晃,220.0,202306030102
3,4,7,エクトゥシュタール,牡3,56,柴田大知,1:11.4,1.1/4,**,,,,,5-5,36.8,15.3,6,444(+8),,,,[東]和田雄二,ヒダカ・ブリーダーズ・ユニオン,140.0,202306030102
4,8,16,クラウンブラヴォー,牡3,56,木幡巧也,1:11.6,1.1/4,**,,,,,2-2,37.5,5.0,3,484(0),,,,[東]牧光二,クラウン,83.0,202306030102
5,2,4,ユーカリプタス,牡3,56,松岡正海,1:12.0,2.1/2,**,,,,,6-5,37.1,40.0,8,458(+2),,,,[東]戸田博文,清進電設,55.0,202306030102
6,2,3,トーセンサウダージ,牡3,56,大野拓弥,1:12.2,1.1/2,**,,,,,12-10,36.5,7.4,5,498(-2),,,,[東]杉浦宏昭,島川隆哉,,202306030102
7,1,2,タイガーシュガー,牡3,52,小林美駒,1:12.7,3,**,,,,,6-7,37.8,155.6,11,552(-6),,,,[東]高橋文雅,吉田和美,,202306030102
8,5,9,イスラデルノルテ,牡3,56,菊沢一樹,1:12.8,クビ,**,,,,,1-1,38.8,7.0,4,444(-4),,,,[東]菊沢隆徳,堂守貴志,,202306030102
9,1,1,ミオファースト,牝3,52,小林脩斗,1:12.8,クビ,**,,,,,9-8,37.3,233.9,13,432(-10),,,,[東]粕谷昌央,服部英利,,202306030102
10,3,6,ニシノクラウディア,牝3,54,江田照男,1:13.2,2,**,,,,,15-13,37.0,42.2,9,460(+2),,,,[東]萱野浩二,西山茂行,,202306030102
11,7,13,チーフインザスカイ,牡3,56,杉原誠人,1:13.2,ハナ,**,,,,,9-10,37.6,365.0,16,426(-2),,,,[東]大和田成,阿部善武,,202306030102
12,6,11,ダリ,牡3,53,西塚洸二,1:13.5,2,**,,,,,8-8,38.1,293.1,15,418(-2),,,,[東]佐藤吉勝,薪浦亨,,202306030102
13,8,15,アフロビート,牡3,53,佐藤翔馬,1:13.8,2,**,,,,,9-10,38.3,28.6,7,448(0),,,,[東]栗田徹,山口功一郎,,202306030102
14,5,10,シャインルピナス,牝3,52,藤田菜七,1:14.1,1.3/4,**,,,,,12-13,38.3,176.7,12,380(-6),,,,[東]小桧山悟,大久保典義,,202306030102
15,7,14,メイショウイセ,牡3,55,永野猛蔵,1:14.4,1.1/2,**,,,,,16-16,36.8,110.7,10,448(+4),,,,[東]高柳瑞樹,松本好雄,,202306030102
16,4,8,ショウリノシナリオ,牡3,56,野中悠太,1:14.8,2.1/2,**,,,,,14-15,38.9,291.8,14,484(-6),,,,[東]根本康広,福田光博,,202306030102
1,1,1,クリスプブリーズ,牡3,56,木幡巧也,1:55.0,,**,,,,,1-1-1-1,39.3,239.2,13,500(+4),,,,[東]菊川正達,コロンバスサークル,550.0,202306030103
2,2,3,ブライテストドーン,牡3,56,戸崎圭太,1:55.3,2,**,,,,,4-4-4-2,39.2,4.3,2,516(0),,,,[東]田島俊明,吉田千津,220.0,202306030103
3,3,6,ジーククローネ,牡3,56,大野拓弥,1:55.3,アタマ,**,,,,,4-5-4-4,39.2,6.6,3,462(-6),,,,[東]宮田敬介,ＤＭＭドリームクラブ,140.0,202306030103
4,7,14,ベルウッドシキシマ,牡3,56,内田博幸,1:55.4,アタマ,**,,,,,9-10-8-8,38.6,86.2,8,430(-4),,,,[東]辻哲英,鈴木照雄,83.0,202306030103
5,8,15,ブレードキング,牡3,56,北村宏司,1:55.4,クビ,**,,,,,2-2-2-2,39.5,2.0,1,528(+4),,,,[東]岩戸孝樹,大島豊彦,55.0,202306030103
6,3,5,エアアレクサンドラ,牝3,54,森泰斗,1:55.8,2.1/2,**,,,,,8-7-7-7,39.4,9.7,4,462(+8),,,,[東]田中博康,ラッキーフィールド,,202306030103
7,1,2,ショウナンバトン,牡3,56,池添謙一,1:56.1,1.1/2,**,,,,,15-14-13-12,38.5,101.1,11,496(0),,,,[東]加藤士津,湘南,,202306030103
8,5,10,クールトラッカー,牡3,56,横山和生,1:56.1,クビ,**,,,,,10-11-12-12,38.7,11.2,6,508(-2),,,,[東]萩原清,寺田寿男,,202306030103
9,2,4,セイウンデイスター,牡3,56,野中悠太,1:56.2,クビ,**,,,,,13-13-14-14,38.4,266.2,14,448(-14),,,,[東]萱野浩二,西山茂行,,202306030103
10,7,13,サトノロワ,牡3,53,西塚洸二,1:56.6,2.1/2,**,,,,,12-11-11-10,39.5,10.3,5,502(+2),,,,[東]国枝栄,里見治,,202306030103
11,4,7,アスクビックヴァン,牡3,55,永野猛蔵,1:56.6,アタマ,**,,,,,7-8-8-8,39.8,92.7,9,530(+4),,,,[東]中舘英二,廣崎利洋,,202306030103
12,6,12,ヨシイチ,牡3,56,杉原誠人,1:57.0,2.1/2,**,,,,,4-5-4-4,40.9,41.0,7,478(-10),,,,[東]高柳瑞樹,玉腰勇吉,,202306030103
13,4,8,ワンダーブレス,牡3,53,佐藤翔馬,1:57.1,3/4,**,,,,,13-14-15-15,39.2,317.5,16,482(0),,,,[東]斎藤誠,山本能成,,202306030103
14,6,11,スマートソニック,牡3,52,小林美駒,1:57.8,4,**,,,,,2-2-2-4,41.9,95.6,10,512(0),,,,[東]村田一誠,大川徹,,202306030103
15,5,9,ハートヴオーシャン,牝3,54,津村明秀,1:59.1,8,**,,,,,10-9-8-10,42.2,275.1,15,448(-6),,,,[東]田中剛,兼松康太,,202306030103
16,8,16,ミラクルブラウン,牡3,54,横山琉人,2:01.7,大,**,,,,,16-16-16-16,41.9,222.2,12,418(0),,,,[東]堀内岳志,プレミアムレースホース,,202306030103
1,2,4,ジュンフシナ,牡3,56,田辺裕信,1:38.2,,**,,,,,1-1-1,37.6,27.2,8,478(+14),,,,[東]中舘英二,河合純二,550.0,202306030104
2,6,11,マルディランダ,牡3,56,戸崎圭太,1:38.7,3,**,,,,,5-4-5,37.5,3.5,2,480(+12),,,,[東]金成貴史,社台レースホース,220.0,202306030104
3,1,2,ティックルハート,牝3,54,菅原明良,1:39.3,3.1/2,**,,,,,3-4-2,38.2,10.6,5,448(+4),,,,[東]高木登,Ｇ１レーシング,140.0,202306030104
4,2,3,エフロレセンス,牝3,54,横山和生,1:39.7,2.1/2,**,,,,,5-7-6,38.3,35.2,9,442(0),,,,[東]古賀慎明,ゴドルフィン,83.0,202306030104
5,5,9,ヴィキャンデル,牝3,54,木幡巧也,1:40.1,2,**,,,,,14-12-12,38.1,68.0,10,390(0),,,,[東]牧光二,坂東牧場,55.0,202306030104
6,5,10,ハルオーブ,牡3,56,横山武史,1:40.2,3/4,**,,,,,3-2-2,39.3,2.6,1,456(+2),,,,[東]武井亮,ヒダカ・ブリーダーズ・ユニオン,,202306030104
7,4,8,フライウィズミー,牝3,52,横山琉人,1:40.3,3/4,**,,,,,5-7-8,38.9,6.2,3,422(-2),,,,[東]小島茂之,ゴドルフィン,,202306030104
8,3,6,アリダンジェロ,牝3,54,森泰斗,1:40.4,アタマ,**,,,,,2-2-2,39.5,15.2,6,502(-4),,,,[東]西田雄一,グリーンファーム,,202306030104
9,3,5,ジャガンナート,牡3,56,丹内祐次,1:40.9,3,**,,,,,5-4-6,39.7,193.5,13,504(-6),,,,[東]高木登,山藤賢,,202306030104
10,6,12,ケンドチョウライ,牝3,53,永野猛蔵,1:41.2,2,**,,,,,16-14-10,38.8,261.1,15,420(0),,,,[東]本間忍,岡田壮史,,202306030104
11,1,1,オテア,牡3,56,菊沢一樹,1:41.4,1.1/4,**,,,,,12-12-14,39.4,157.1,12,462(0),,,,[東]松山将樹,プレミアムレースホース,,202306030104
12,7,13,レッドルーセント,牡3,56,Ｍ．デム,1:41.6,1,**,,,,,15-7-8,40.1,9.5,4,470(0),,,,[東]尾関知人,東京ホースレーシング,,202306030104
13,8,16,アロハラニ,牝3,54,北村宏司,1:41.6,クビ,**,,,,,12-10-10,39.8,146.2,11,450(-12),,,,[東]蛯名正義,道永幸治,,202306030104
14,8,15,プロトカルチャー,牡3,56,大野拓弥,1:42.2,3.1/2,**,,,,,10-10-12,40.4,16.5,7,490(0),,,,[東]新開幸一,外池榮一郎,,202306030104
15,7,14,ウインドアカネール,牝3,54,武藤雅,1:43.6,8,**,,,,,5-14-15,41.2,387.4,16,480(0),,,,[東]松永康利,福原正博,,202306030104
16,4,7,アカラレイア,牝3,52,小林脩斗,1:48.7,大,**,,,,,10-16-16,45.6,225.7,14,442(-10),,,,[東]畠山吉宏,河合裕明,,202306030104
1,6,6,アンビバレント,牡3,56,森泰斗,1:10.9,,**,,,,,1-1,36.8,14.2,5,458(0),,,,[東]青木孝文,ノルマンディーサラブレッドレーシング,780.0,202306030105
2,3,3,スムースベルベット,牝3,54,嶋田純次,1:11.5,3.1/2,**,,,,,3-3,37.0,6.3,3,496(+8),,,,[東]手塚貴久,ミルファーム,310.0,202306030105
3,7,9,アンタノバラード,牝3,54,田辺裕信,1:12.1,4,**,,,,,6-5,37.4,1.6,1,426(0),,,,[東]伊藤大士,ミルファーム,200.0,202306030105
4,8,10,シルヴァーゴースト,牝3,51,今村聖奈,1:12.3,1.1/4,**,,,,,2-2,38.1,11.3,4,440(0),,,,[東]岩戸孝樹,ブルースターズファーム,120.0,202306030105
5,8,11,リーリオブランコ,牝3,53,永野猛蔵,1:12.5,1.1/4,**,,,,,3-3,38.0,20.6,6,440(+8),,,,[東]清水英克,スマイルファーム,78.0,202306030105
6,4,4,スングリダンダン,牝3,54,杉原誠人,1:12.6,3/4,**,,,,,6-7,37.8,116.1,9,436(0),,,,[東]南田美知,ミルファーム,,202306030105
7,6,7,クリノゴッホ,牡3,56,丹内祐次,1:12.7,1/2,**,,,,,6-7,37.9,4.3,2,464(-2),,,,[東]岩戸孝樹,栗原正雄,,202306030105
8,2,2,ヴォーノハート,牝3,52,横山琉人,1:12.8,クビ,**,,,,,10-10,37.1,39.1,7,438(-14),,,,[西]杉山佳明,平口信行,,202306030105
9,1,1,ペインティトブルー,牝3,54,木幡初也,1:12.8,ハナ,**,,,,,3-5,38.3,81.8,8,436(0),,,,[東]武市康男,ＧＥＴＮＥＸＴ,,202306030105
10,7,8,トゥインクルナイト,牝3,54,岩部純二,1:12.9,1,**,,,,,9-9,37.6,250.7,11,436(-2),,,,[東]浅野洋一,田頭勇貴,,202306030105
11,5,5,コーヒーカフェ,牡3,56,菅原隆一,1:13.7,5,**,,,,,11-11,37.7,163.7,10,460(+4),,,,[東]南田美知,ミルファーム,,202306030105
1,6,6,セオ,牡3,56,横山和生,1:54.6,,**,,,,,1-1-1-1,35.7,5.6,3,474(-2),,,,[西]上村洋行,吉田千津,780.0,202306030106
2,7,9,レーベンスティール,牡3,56,戸崎圭太,1:54.6,アタマ,**,,,,,2-2-2-2,35.7,1.6,1,480(+2),,,,[東]田中博康,キャロットファーム,310.0,202306030106
3,2,2,ムーンスカイ,牡3,56,津村明秀,1:55.7,7,**,,,,,5-5-7-7,36.3,99.2,7,428(-2),,,,[西]牧田和弥,永田和彦,200.0,202306030106
4,6,7,アンバーホーク,牡3,56,横山武史,1:56.2,3,**,,,,,7-5-3-3,37.1,3.6,2,528(-2),,,,[東]蛯名正義,フジワラ・ファーム,120.0,202306030106
5,7,8,マイネルビジョン,牡3,56,菅原明良,1:56.2,アタマ,**,,,,,3-3-4-4,37.0,9.9,4,458(0),,,,[東]高木登,サラブレッドクラブ・ラフィアン,78.0,202306030106
6,3,3,ベルウッドミカサ,牡3,56,木幡巧也,1:56.3,クビ,**,,,,,4-3-4-4,37.1,142.2,8,430(+2),,,,[東]牧光二,鈴木照雄,,202306030106
7,4,4,ハクサンビーナス,牝3,51,今村聖奈,1:57.0,4,**,,,,,11-11-7-7,37.5,32.6,6,424(-12),,,,[西]寺島良,河崎五市,,202306030106
8,8,11,マイネルカンパーナ,牡3,56,丹内祐次,1:57.2,1.1/2,**,,,,,8-8-6-6,37.9,22.5,5,414(-8),,,,[東]青木孝文,サラブレッドクラブ・ラフィアン,,202306030106
9,5,5,チャイボーグ,牝3,54,菊沢一樹,1:57.4,1,**,,,,,10-8-9-9,37.7,227.8,10,468(0),,,,[東]的場均,田頭勇貴,,202306030106
10,8,10,ドライカプチーノ,牝3,54,岩部純二,1:57.4,クビ,**,,,,,5-5-9-9,37.8,282.7,11,424(-6),,,,[東]萱野浩二,ミルファーム,,202306030106
11,1,1,ショウナンガチャ,牡3,53,西塚洸二,1:57.7,1.3/4,**,,,,,8-8-11-11,37.9,168.2,9,492(0),,,,[東]嘉藤貴行,国本哲秀,,202306030106
1,1,1,フレーゲル,牡5,58,津村明秀,1:11.2,,**,,,,,6-7,36.6,23.9,8,490(+16),,,,[東]鈴木慎太,内田玄祥,800.0,202306030107
2,7,13,ニシノコニャック,牡4,58,大野拓弥,1:11.3,1/2,**,,,,,3-3,37.1,11.0,5,456(-8),,,,[東]伊藤大士,西山茂行,320.0,202306030107
3,8,16,ピカリエ,牝4,56,柴田大知,1:11.4,1/2,**,,,,,11-9,36.2,104.4,15,496(+18),,,,[東]金成貴史,リトルブルーファーム,200.0,202306030107
4,2,4,セオリーリターン,牝4,56,松岡正海,1:11.4,クビ,**,,,,,9-7,36.3,37.9,11,460(+10),,,,[東]水野貴広,藤田在子,120.0,202306030107
5,6,12,カツノサンキュウ,牡5,58,江田照男,1:11.5,クビ,**,,,,,6-5,36.8,45.9,13,486(-12),,,,[東]萱野浩二,聖心台牧場,80.0,202306030107
6,5,9,ネオレインボウ,セ7,58,田辺裕信,1:11.5,1/2,**,,,,,2-2,37.4,31.5,10,504(+8),,,,[東]小西一男,西田俊二,,202306030107
7,7,14,トーアスカーレット,牝4,56,菊沢一樹,1:11.6,1/2,**,,,,,12-12,36.1,7.6,4,474(-6),,,,[東]勢司和浩,高山ランド,,202306030107
8,8,15,イルザ,牝4,56,森泰斗,1:11.7,クビ,**,,,,,14-14,36.0,23.5,7,452(+2),,,,[東]小手川準,中辻明,,202306030107
9,1,2,ドラゴンゴクウ,牡4,56,藤田菜七,1:11.7,ハナ,**,,,,,8-9,36.8,24.2,9,466(0),,,,[東]根本康広,福本次雄,,202306030107
10,3,5,パイツィーレン,牝4,56,横山武史,1:11.8,1/2,**,,,,,3-3,37.5,5.9,3,452(-6),,,,[東]鈴木伸尋,ウエスト．フォレスト．ステイブル,,202306030107
11,3,6,キャロライナリーパ,牝5,56,横山和生,1:11.8,クビ,**,,,,,5-5,37.4,3.0,1,474(-2),,,,[東]田村康仁,野嶋祥二,,202306030107
12,5,10,エリカコレクト,牝4,53,西塚洸二,1:12.0,1.1/4,**,,,,,12-12,36.6,11.4,6,494(+4),,,,[東]国枝栄,三木正浩,,202306030107
13,4,7,セイウンゴールド,牡5,57,永野猛蔵,1:12.2,1.1/2,**,,,,,9-9,37.1,58.8,14,486(-10),,,,[東]上原博之,西山茂行,,202306030107
14,4,8,グラサージュ,牝4,56,伊藤工真,1:12.7,2.1/2,**,,,,,1-1,38.7,38.9,12,534(+6),,,,[東]林徹,保坂和孝,,202306030107
15,6,11,カリュウ,牝4,56,戸崎圭太,1:14.0,8,**,,,,,15-15,37.3,5.3,2,418(-14),,,,[東]田島俊明,林弘之,,202306030107
16,2,3,プロデューサー,セ5,58,井上敏樹,1:16.0,大,**,,,,,16-16,38.4,347.2,16,474(-6),,,,[東]天間昭一,吉田勝利,,202306030107
1,4,6,スズノテレサ,牝4,56,津村明秀,1:53.7,,**,,,,,6-5-4-3,38.6,5.8,3,452(+16),,,,[東]深山雅史,小紫嘉之,800.0,202306030108
2,8,14,ハローサブリナ,牝4,55,永野猛蔵,1:53.9,1.1/2,**,,,,,2-2-2-2,39.1,34.8,12,508(-6),,,,[東]黒岩陽一,小林誠,320.0,202306030108
3,1,1,ファミリークレスト,牝4,56,横山武史,1:54.1,1,**,,,,,3-3-6-6,38.8,5.3,2,440(+4),,,,[東]和田勇介,吉田和美,200.0,202306030108
4,3,3,ミツカネヴィーナス,牝4,52,小林美駒,1:54.3,1.1/4,**,,,,,1-1-1-1,39.5,10.1,6,452(-8),,,,[東]鈴木伸尋,小山田満,120.0,202306030108
5,7,11,ビーマイセルフ,牝5,56,北村宏司,1:54.3,ハナ,**,,,,,13-13-11-10,38.3,13.2,8,472(0),,,,[東]萱野浩二,ミルファーム,80.0,202306030108
6,5,8,トゥザヒロイン,牝4,56,杉原誠人,1:54.3,クビ,**,,,,,10-10-9-8,38.5,27.1,10,536(+22),,,,[東]木村哲也,ＤＭＭドリームクラブ,,202306030108
7,4,5,エレボアブランシュ,牝5,56,石橋脩,1:54.4,クビ,**,,,,,3-3-3-3,39.5,7.3,5,438(0),,,,[東]加藤士津,サンデーレーシング,,202306030108
8,5,7,ウィズザワールド,牝5,56,大野拓弥,1:54.4,クビ,**,,,,,6-7-6-6,39.1,5.2,1,472(-6),,,,[東]松山将樹,阿部善武,,202306030108
9,3,4,ルージュフェリーク,牝5,56,菅原明良,1:54.5,1/2,**,,,,,8-7-8-8,39.0,65.5,13,458(-4),,,,[東]尾関知人,東京ホースレーシング,,202306030108
10,7,12,シンボリックレルム,牝4,56,江田照男,1:54.9,2.1/2,**,,,,,11-12-12-13,38.8,29.4,11,494(+4),,,,[東]水野貴広,吉田千津,,202306030108
11,6,9,チャーチャンテン,牝5,56,菊沢一樹,1:55.0,3/4,**,,,,,9-9-9-10,39.3,191.3,14,414(-6),,,,[東]浅野洋一,田頭勇貴,,202306030108
12,8,13,クインズジョイフル,牝4,56,丸田恭介,1:55.3,1.3/4,**,,,,,3-5-4-3,40.2,13.1,7,446(+22),,,,[東]小島茂之,ケイアイスタリオン,,202306030108
13,2,2,イシュタル,牝5,56,内田博幸,1:55.4,クビ,**,,,,,14-14-12-12,39.3,6.9,4,532(-4),,,,[東]萩原清,シルクレーシング,,202306030108
14,6,10,オーロラアーク,牝4,56,武士沢友,1:55.4,アタマ,**,,,,,11-11-14-14,39.1,18.6,9,428(+6),,,,[東]石栗龍彦,松谷翔太,,202306030108
1,3,5,ヴァガボンド,牡5,58,北村宏司,1:09.8,,**,,,,,1-1,36.1,25.7,10,490(-6),,,,[西]清水久詞,カナヤマホールディングス,"1,873.6",202306030109
2,6,12,ウラカワノキセキ,牝4,56,丸田恭介,1:10.0,1,**,,,,,2-2,36.2,5.9,2,456(-4),,,,[東]田島俊明,ライオンレースホース,749.6,202306030109
3,5,10,ジゲン,牡6,58,戸崎圭太,1:10.3,2,**,,,,,4-4,36.2,2.5,1,472(-2),,,,[西]中村直也,林正道,464.8,202306030109
4,8,15,セイカフォルゴーレ,牡4,58,横山琉人,1:10.3,アタマ,**,,,,,2-2,36.5,6.0,3,512(-2),,,,[東]相沢郁,久米大,280.0,202306030109
5,2,4,フルム,牡4,58,水口優也,1:10.5,1.1/4,**,,,,,13-12,35.6,13.2,6,474(0),,,,[西]浜田多実,京都ホースレーシング,184.0,202306030109
6,2,3,アイヴォリードレス,牝4,56,森泰斗,1:10.8,1.1/2,**,,,,,9-7,36.4,13.3,7,466(0),,,,[東]菊沢隆徳,サンデーレーシング,,202306030109
7,1,2,アメリカンファクト,牡8,58,内田博幸,1:10.9,1/2,**,,,,,7-7,36.7,92.2,12,516(0),,,,[東]戸田博文,吉澤ホールディングス,,202306030109
8,4,7,ヴァリアント,牡7,58,横山武史,1:11.0,1/2,**,,,,,4-4,37.0,10.3,4,486(+2),,,,[西]茶木太樹,カナヤマホールディングス,,202306030109
9,5,9,ワイドソロモン,牡6,58,池添謙一,1:11.2,1,**,,,,,16-15,35.9,22.6,9,498(+2),,,,[西]奥村豊,幅田昌伸,,202306030109
10,3,6,タイセイグラシア,牝5,56,藤懸貴志,1:11.2,クビ,**,,,,,8-7,36.9,156.1,14,448(-2),,,,[西]矢作芳人,田中成奉,,202306030109
11,7,14,マイヨアポア,牝5,56,田辺裕信,1:11.3,1/2,**,,,,,15-15,36.3,12.2,5,478(-8),,,,[東]和田正一,スピードファーム,,202306030109
12,4,8,シゲルヒラトリ,牡5,58,柴田善臣,1:11.4,3/4,**,,,,,13-14,36.5,118.9,13,492(0),,,,[東]水野貴広,森中啓子,,202306030109
13,6,11,ヒロノトウリョウ,牡7,58,江田照男,1:11.5,クビ,**,,,,,11-11,36.9,170.1,15,500(0),,,,[東]蛯名利弘,小野博郷,,202306030109
14,7,13,レッドランサー,牡8,58,永野猛蔵,1:11.7,1.1/4,**,,,,,11-12,37.0,212.8,16,476(+2),,,,[東]稲垣幸雄,東京ホースレーシング,,202306030109
15,8,16,グルアーブ,牝6,56,津村明秀,1:11.7,ハナ,**,,,,,9-10,37.3,41.4,11,442(-2),,,,[東]林徹,ノルマンディーサラブレッドレーシング,,202306030109
16,1,1,キミワテル,牡5,58,武藤雅,1:16.2,大,**,,,,,4-4,42.2,19.3,8,494(+2),,,,[東]武藤善則,浦邊輝實,,202306030109
1,5,7,ミトノオー,牡3,56,木幡巧也,1:51.9,,**,,,,,1-1-1-1,38.8,2.5,1,492(-6),,,,[東]牧光二,ロイヤルパーク,"1,830.1",202306030110
2,2,2,モックモック,牡3,56,今村聖奈,1:52.3,2.1/2,**,,,,,11-11-13-12,37.8,8.5,5,478(-8),,,,[西]寺島良,山口正行,728.6,202306030110
3,1,1,ヒーローコール,牡3,57,森泰斗,1:52.7,2.1/2,**,,,,,13-13-5-4,39.0,7.4,4,490(-6),,,,[地]小久保智,山口裕介,454.3,202306030110
4,6,9,アイファーテイオー,牡3,56,藤懸貴志,1:52.8,1/2,**,,,,,11-11-11-9,38.6,37.6,10,448(+2),,,,[西]鮫島一歩,中島稔,270.0,202306030110
5,7,12,オーロイプラータ,牡3,56,石橋脩,1:52.8,クビ,**,,,,,14-14-14-13,38.0,20.3,8,534(+8),,,,[西]宮本博,吉田勝己,180.0,202306030110
6,4,6,カレンアルカンタラ,牡3,56,戸崎圭太,1:52.9,クビ,**,,,,,10-10-7-7,39.0,6.7,2,490(-2),,,,[西]新谷功一,鈴木隆司,,202306030110
7,6,10,ベンダバリラビア,牡3,56,田辺裕信,1:53.0,3/4,**,,,,,2-2-2-2,39.8,7.1,3,516(-4),,,,[西]寺島良,幅田昌伸,,202306030110
8,5,8,マオノアラシ,牡3,56,大野拓弥,1:53.1,1/2,**,,,,,2-2-3-4,39.6,66.3,11,490(+2),,,,[東]加藤士津,湯浅健司,,202306030110
9,3,4,モンドプリューム,牡3,56,津村明秀,1:53.4,1.1/2,**,,,,,4-4-3-3,39.9,15.1,7,484(-8),,,,[東]水野貴広,落合幸弘,,202306030110
10,4,5,ティルドーン,牡3,56,松岡正海,1:53.8,2.1/2,**,,,,,8-6-9-10,39.8,113.1,13,512(-6),,,,[西]森秀行,藤田晋,,202306030110
11,3,3,フジラプンツェル,牝3,54,永野猛蔵,1:54.0,1.1/4,**,,,,,8-6-7-7,40.1,346.9,14,500(+2),,,,[東]高橋文雅,フジレーシング,,202306030110
12,8,13,ダスク,牡3,56,武藤雅,1:54.5,3,**,,,,,6-6-9-10,40.5,85.6,12,466(+2),,,,[東]戸田博文,吉澤ホールディングス,,202306030110
13,7,11,ゴールドバランサー,牡3,56,内田博幸,1:54.6,クビ,**,,,,,4-4-5-6,41.0,9.3,6,458(0),,,,[東]鈴木慎太,居城寿与,,202306030110
14,8,14,ルクスフロンティア,牡3,56,菅原明良,1:54.6,クビ,**,,,,,6-9-11-13,40.5,31.9,9,486(-4),,,,[西]松永幹夫,ルクス,,202306030110
1,2,2,タイトルホルダー,牡5,59,横山和生,2:36.8,,**,**,**,**,**,2-1-1-1,36.8,2.4,2,478(+2),,,,[東]栗田徹,山田弘,"6,785.4",202306030111
2,5,6,ボッケリーニ,牡7,58,浜中俊,2:38.1,8,**,**,**,**,**,7-7-7-5,37.0,17.1,5,466(-2),,,,[西]池江泰寿,金子真人ホールディングス,"2,724.4",202306030111
3,5,5,ディアスティマ,牡6,57,北村友一,2:38.2,3/4,**,**,**,**,**,1-2-2-2,38.0,34.4,7,492(+6),,,,[西]高野友和,サンデーレーシング,"1,712.2",202306030111
4,4,4,ライラック,牝4,54,Ｍ．デム,2:38.3,3/4,**,**,**,**,**,12-12-11-7,36.9,5.9,3,434(-4),,,,[東]相沢郁,芹澤精一,"1,000.0",202306030111
5,8,11,マカオンドール,牡5,57,戸崎圭太,2:38.3,クビ,**,**,**,**,**,5-5-5-7,37.6,69.2,10,500(+12),,,,[西]今野貞一,關陽彦,670.0,202306030111
6,8,12,ヒートオンビート,牡6,57,池添謙一,2:38.7,2.1/2,**,**,**,**,**,5-5-5-3,38.0,13.0,4,486(+6),,,,[西]友道康夫,社台レースホース,,202306030111
7,3,3,キングオブドラゴン,牡6,57,松岡正海,2:39.1,2.1/2,**,**,**,**,**,3-3-3-3,38.7,34.3,6,508(-4),,,,[西]矢作芳人,窪田芳郎,,202306030111
8,7,10,マイネルファンロン,牡8,57,丹内祐次,2:39.2,1/2,**,**,**,**,**,11-10-11-11,37.7,63.3,8,492(+2),,,,[東]手塚貴久,サラブレッドクラブ・ラフィアン,,202306030111
9,7,9,アスクビクターモア,牡4,58,田辺裕信,2:39.4,3/4,**,**,**,**,**,9-9-9-9,38.2,2.3,1,482(+6),,,,[東]田村康仁,廣崎利洋ＨＤ,,202306030111
10,6,8,カントル,牡7,57,石橋脩,2:39.8,2.1/2,**,**,**,**,**,3-3-3-5,39.3,165.9,11,486(0),,,,[西]藤原英昭,金子真人ホールディングス,,202306030111
11,6,7,アリストテレス,牡6,57,菅原明良,2:41.0,7,**,**,**,**,**,8-8-7-10,40.0,63.3,9,486(+2),,,,[西]音無秀孝,近藤英子,,202306030111
12,1,1,コトブキテティス,牝6,55,柴田善臣,2:41.3,1.3/4,**,**,**,**,**,10-10-9-11,40.1,356.3,12,446(0),,,,[東]田島俊明,尾上松壽,,202306030111
1,4,6,サトノスライヴ,牡6,58,石橋脩,1:52.5,,**,,,,,5-3-3-3,37.0,9.8,5,520(-8),,,,[東]上原佑紀,里見治,"1,140.0",202306030112
2,6,11,スイートフィル,牝5,56,津村明秀,1:52.5,クビ,**,,,,,1-1-1-1,37.4,23.2,10,472(0),,,,[東]菊川正達,シンボリ牧場,460.0,202306030112
3,6,10,クインズミモザ,牝5,56,野中悠太,1:52.7,3/4,**,,,,,11-11-11-11,36.6,13.3,6,508(-4),,,,[東]池上昌和,ケイアイスタリオン,290.0,202306030112
4,7,12,スノーグレース,牝4,56,武藤雅,1:52.7,アタマ,**,,,,,2-2-2-2,37.5,4.4,2,484(0),,,,[東]中舘英二,シルクレーシング,170.0,202306030112
5,8,14,ヨンク,牡7,58,戸崎圭太,1:52.8,1/2,**,,,,,8-9-8-6,36.9,4.4,1,502(+2),,,,[東]小笠倫弘,古川智洋,114.0,202306030112
6,2,3,イエローウィン,牝4,55,永野猛蔵,1:52.9,1,**,,,,,3-3-3-3,37.5,29.8,11,466(-2),,,,[東]菊川正達,平川浩之,,202306030112
7,5,8,レオカクテル,牡5,58,木幡巧也,1:53.2,1.1/2,**,,,,,6-6-6-6,37.6,45.0,13,500(-2),,,,[東]萱野浩二,レオ,,202306030112
8,8,15,アラゴナイト,牝5,56,大野拓弥,1:53.3,3/4,**,,,,,3-3-3-3,37.9,5.6,3,462(-6),,,,[東]加藤和宏,重松國建,,202306030112
9,7,13,フリーフロー,牡6,58,丸田恭介,1:53.5,3/4,**,,,,,11-11-11-11,37.4,22.2,9,474(0),,,,[東]宗像義忠,里見美惠子,,202306030112
10,5,9,デルマタモン,牡5,58,北村宏司,1:53.5,クビ,**,,,,,14-13-14-14,37.1,32.7,12,512(+2),,,,[東]勢司和浩,浅沼廣幸,,202306030112
11,3,4,スピードソルジャー,牡4,58,菅原明良,1:53.7,1,**,,,,,8-8-8-9,37.9,21.9,8,508(+16),,,,[東]小笠倫弘,保坂和孝,,202306030112
12,3,5,リアルシング,牡6,58,浜中俊,1:53.8,1,**,,,,,8-9-10-9,37.8,7.6,4,548(-2),,,,[西]緒方努,ヒダカ・ブリーダーズ・ユニオン,,202306030112
13,1,1,リズムオブザナイト,牡5,58,松岡正海,1:53.9,クビ,**,,,,,15-15-15-15,36.9,69.3,14,482(0),,,,[東]田中剛,吉田照哉,,202306030112
14,2,2,スウェアー,牡6,58,柴田善臣,1:54.0,1,**,,,,,6-6-6-6,38.3,131.8,15,526(+2),,,,[東]石栗龍彦,松谷翔太,,202306030112
15,4,7,ウインジョイフル,牡6,58,内田博幸,1:54.1,1/2,**,,,,,13-13-11-13,38.0,13.5,7,506(+4),,,,[東]鈴木慎太,庄司修二,,202306030112
1,5,10,ダノンフレア,牝3,54,横山武史,1:11.2,,**,,,,,2-2,37.7,8.2,4,456(-2),,,,[東]萩原清,ダノックス,550.0,202306030201
2,6,11,メルティーショコラ,牝3,52,小林脩斗,1:11.5,1.1/2,**,,,,,3-2,37.9,12.3,5,466(-4),,,,[東]武藤善則,明栄商事,220.0,202306030201
3,8,16,ライブリームーラン,牝3,54,菅原明良,1:11.6,1/2,**,,,,,4-5,37.7,4.2,3,506(0),,,,[東]大竹正博,山科統,140.0,202306030201
4,4,8,アルメリア,牝3,54,北村宏司,1:11.6,クビ,**,,,,,4-4,37.8,3.0,2,484(-4),,,,[東]木村哲也,シルクレーシング,83.0,202306030201
5,4,7,テイエムスイスイ,牝3,54,幸英明,1:12.4,5,**,,,,,1-1,38.9,2.8,1,512(0),,,,[東]石栗龍彦,竹園正繼,55.0,202306030201
6,7,14,ホクトブルース,牝3,54,宮崎北斗,1:13.0,4,**,,,,,7-6,38.8,28.6,7,490(0),,,,[東]小野次郎,井上久光,,202306030201
7,1,2,サワヤカサワチャン,牝3,54,柴田大知,1:13.5,2.1/2,**,,,,,9-9,39.0,167.3,12,472(-4),,,,[東]南田美知,荒井城志,,202306030201
8,3,6,ハーツファンタジア,牝3,54,田辺裕信,1:13.6,1/2,**,,,,,4-6,39.7,24.7,6,464(-4),,,,[東]加藤士津,ライオンレースホース,,202306030201
9,6,12,コロラドテソーロ,牝3,52,横山琉人,1:13.7,1,**,,,,,10-9,38.9,90.4,8,442(-10),,,,[東]勢司和浩,了徳寺健二ホールディングス,,202306030201
10,5,9,パープルブリーズ,牝3,54,原田和真,1:13.7,アタマ,**,,,,,7-6,39.4,94.8,9,424(0),,,,[東]堀内岳志,木村牧場,,202306030201
11,7,13,ヘルスケア,牝3,54,山田敬士,1:13.8,クビ,**,,,,,14-13,38.2,208.8,15,440(-10),,,,[東]小桧山悟,福田光博,,202306030201
12,2,4,ツクバセイヴァー,牝3,52,小林凌大,1:14.0,1,**,,,,,11-11,38.7,249.3,16,394(-2),,,,[東]和田雄二,細谷武史,,202306030201
13,8,15,モリヤトツイキ,牝3,54,木幡初也,1:14.1,1,**,,,,,15-15,37.9,168.2,13,478(0),,,,[東]竹内正洋,由井健太郎,,202306030201
14,2,3,デライトアルバム,牝3,54,大野拓弥,1:14.1,ハナ,**,,,,,11-11,38.9,103.3,10,454(0),,,,[東]小島茂之,ターフ・スポート,,202306030201
15,3,5,カントリーマダム,牝3,54,井上敏樹,1:14.3,1,**,,,,,13-13,38.9,184.5,14,450(0),,,,[東]天間昭一,吉田勝利,,202306030201
16,1,1,レボロテアール,牝3,54,武士沢友,1:14.5,1.1/4,**,,,,,16-16,37.5,112.3,11,462(0),,,,[東]高橋文雅,ホースアディクト,,202306030201
1,2,3,エドノトップラン,牡3,56,宮崎北斗,1:53.7,,**,,,,,4-2-2-2,38.3,4.0,2,484(-2),,,,[東]嘉藤貴行,遠藤喜松,550.0,202306030202
2,5,10,タマモヴェナトル,牡3,56,菊沢一樹,1:53.7,アタマ,**,,,,,7-7-3-1,38.1,6.2,5,426(-10),,,,[東]菊沢隆徳,タマモ,220.0,202306030202
3,4,8,シンボリタイプ,牡3,54,横山琉人,1:54.5,5,**,,,,,11-11-9-7,38.3,124.6,13,530(+4),,,,[東]菊川正達,シンボリ牧場,140.0,202306030202
4,8,15,デスティノ,牡3,56,横山武史,1:54.9,2.1/2,**,,,,,2-2-3-4,39.3,4.0,1,538(-2),,,,[東]田島俊明,Ｇリビエール・レーシング,83.0,202306030202
5,7,13,シャノンフォールズ,牡3,56,野中悠太,1:55.0,1/2,**,,,,,14-15-11-10,38.3,6.0,3,480(-18),,,,[東]上原博之,水上ふじ子,55.0,202306030202
6,1,2,ボールズピラミッド,牡3,56,松岡正海,1:55.2,1.1/4,**,,,,,9-9-6-4,39.3,13.8,6,468(0),,,,[東]戸田博文,窪田芳郎,,202306030202
7,8,16,キョウエイルーマー,牡3,54,原優介,1:55.3,クビ,**,,,,,4-5-3-6,39.7,22.1,8,452(-12),,,,[東]萱野浩二,田中晴夫,,202306030202
8,5,9,エイチエヌバンピー,牡3,53,佐藤翔馬,1:55.6,2,**,,,,,13-13-13-13,38.6,178.8,15,444(-1),,,,[東]小桧山悟,鳴田啓志,,202306030202
9,2,4,トーアモルペウス,セ3,56,大野拓弥,1:55.7,クビ,**,,,,,9-10-11-11,39.1,100.0,12,486(0),,,,[東]辻哲英,高山ランド,,202306030202
10,6,11,モジャータルマエ,牡3,56,斎藤新,1:55.7,ハナ,**,,,,,2-4-6-8,39.8,6.2,4,496(-6),,,,[東]斎藤誠,ＭＯＪＡ,,202306030202
11,6,12,ショウナンワタリ,牡3,56,北村宏司,1:55.8,3/4,**,,,,,1-1-1-2,40.5,14.9,7,546(-6),,,,[東]国枝栄,国本哲秀,,202306030202
12,3,5,ロジドレフォン,牡3,56,内田博幸,1:56.1,1.3/4,**,,,,,11-11-14-13,38.9,41.2,9,502(-6),,,,[東]古賀慎明,久米田正明,,202306030202
13,1,1,グランキューブ,牡3,56,菅原明良,1:56.6,3,**,,,,,4-5-6-8,40.7,59.8,10,484(-6),,,,[東]高柳瑞樹,原禮子,,202306030202
14,3,6,ジェイエルバルカー,牡3,54,小林凌大,1:58.3,10,**,,,,,16-16-15-15,40.7,125.6,14,496(0),,,,[東]小西一男,橋元幸人,,202306030202
15,4,7,ゴールドフォックス,牡3,56,山田敬士,1:58.3,クビ,**,,,,,14-14-15-15,40.7,330.6,16,438(-8),,,,[東]小桧山悟,新井衛,,202306030202
16,7,14,コウユーマサニキミ,牡3,56,木幡初也,1:58.8,2.1/2,**,,,,,7-7-9-11,42.5,81.9,11,488(0),,,,[東]竹内正洋,加治屋貞光,,202306030202
1,7,14,アイノセンシ,牡3,56,石橋脩,1:12.1,,**,,,,,1-1,37.7,5.1,3,516(+2),,,,[東]牧光二,日下部勝徳,550.0,202306030203
2,5,9,ロジェ,牝3,53,永野猛蔵,1:12.4,1.1/2,**,,,,,4-4,37.6,7.3,4,432(-2),,,,[東]岩戸孝樹,吉田勝利,220.0,202306030203
3,8,15,リュウノステルス,牡3,52,小林美駒,1:12.6,1.1/4,**,,,,,2-2,38.2,4.2,1,440(-4),,,,[東]岩戸孝樹,蓑島竜一,140.0,202306030203
4,6,11,クレテイユ,牡3,56,宮崎北斗,1:12.7,1/2,**,,,,,9-8,37.4,27.1,10,456(0),,,,[東]萱野浩二,グリーンスウォード,83.0,202306030203
5,7,13,トーアカラカウア,牡3,56,菊沢一樹,1:12.7,ハナ,**,,,,,9-8,37.4,9.4,5,482(-8),,,,[東]畠山吉宏,高山ランド,55.0,202306030203
6,6,12,スマートローラ,牝3,52,小林脩斗,1:13.0,1.1/2,**,,,,,6-5,38.0,59.8,13,408(-8),,,,[東]粕谷昌央,大川徹,,202306030203
7,4,7,ラージフィールド,セ3,56,大野拓弥,1:13.2,1.1/2,**,,,,,4-5,38.4,25.6,9,480(-2),,,,[東]松永康利,坂口慎吾,,202306030203
8,3,6,ラディーヴァ,牝3,54,木幡初也,1:13.3,1/2,**,,,,,2-3,38.9,9.6,6,450(0),,,,[東]武市康男,小林竜太郎,,202306030203
9,3,5,トレオン,牡3,53,西塚洸二,1:13.4,1/2,**,,,,,14-13,37.2,142.3,16,446(0),,,,[東]佐藤吉勝,石瀬浩三,,202306030203
10,4,8,マケン,牡3,56,北村宏司,1:13.4,アタマ,**,,,,,12-11,37.5,25.5,8,478(0),,,,[東]古賀慎明,井手慶祐,,202306030203
11,2,4,ヒダカエクスプレス,牡3,56,菅原明良,1:14.0,3.1/2,**,,,,,13-15,37.9,4.4,2,506(-12),,,,[東]中野栄治,岡田牧雄,,202306030203
12,5,10,チキチキチータ,牝3,51,佐藤翔馬,1:14.1,クビ,**,,,,,6-7,39.1,122.1,14,414(+2),,,,[東]杉浦宏昭,小林善一,,202306030203
13,2,3,モデリスタ,牡3,56,斎藤新,1:14.2,1/2,**,,,,,14-13,38.0,48.5,12,514(0),,,,[東]加藤士津,高瀬正志,,202306030203
14,1,1,ヒロノサクセス,牡3,56,嶋田純次,1:14.3,3/4,**,,,,,9-11,39.0,136.5,15,420(+4),,,,[東]大和田成,石川博,,202306030203
15,1,2,ナムラアダム,牡3,56,幸英明,1:14.5,1.1/2,**,,,,,6-10,39.5,19.3,7,420(-10),,,,[東]石栗龍彦,奈村睦弘,,202306030203
16,8,16,トロワフレーシュ,牡3,56,杉原誠人,1:14.7,1,**,,,,,16-16,38.1,45.6,11,530(-4),,,,[東]加藤士津,橋詰弘一,,202306030203
1,3,3,ショウナンアストラ,牡5,60,五十嵐雄,3:18.0,,,,,,,1-1-1-1,13.8,3.6,1,488(+8),,,,[東]西田雄一,国本哲秀,790.0,202306030204
2,5,7,ポールトゥウィン,牡6,58,小牧加矢,3:20.2,大,,,,,,4-4-3-3,13.9,15.1,6,520(+2),,,,[西]坂口智康,カナヤマホールディングス,320.0,202306030204
3,4,6,テイエムクロマル,牡4,59,大江原圭,3:20.3,1/2,,,,,,2-2-2-2,13.9,21.4,7,490(+10),,,,[東]石栗龍彦,竹園正繼,200.0,202306030204
4,8,13,メイショウコホク,牡6,60,北沢伸也,3:20.6,2,,,,,,6-4-3-4,13.9,8.8,5,506(-8),,,,[西]藤沢則雄,松本好雄,120.0,202306030204
5,6,9,ブリヨンカズマ,牡4,59,平沢健治,3:21.2,3.1/2,,,,,,7-8-6-6,14.0,6.2,4,522(+2),,,,[東]高橋文雅,雅苑興業,79.0,202306030204
6,4,5,アースブレイブ,セ6,60,江田勇亮,3:21.5,1.1/2,,,,,,7-7-6-6,14.0,4.9,3,464(+6),,,,[東]宗像義忠,松山増男,,202306030204
7,3,4,ラジェドール,セ5,60,石神深一,3:21.7,1,,,,,,4-3-3-4,14.0,4.0,2,496(-8),,,,[東]小笠倫弘,根岸朋弘,,202306030204
8,2,2,スターファースト,牡4,59,黒岩悠,3:21.8,1,,,,,,7-9-8-8,14.0,30.5,8,492(+4),,,,[西]小崎憲,ＣＨＥＶＡＬＡＴＴＡＣＨＥ,,202306030204
9,5,8,アサクサトラマル,牡5,60,蓑島靖典,3:23.6,大,,,,,,10-12-12-12,14.1,60.2,12,466(-4),,,,[東]戸田博文,田原慶子,,202306030204
10,6,10,ホウオウヴォーヌ,牡5,60,伴啓太,3:23.7,1/2,,,,,,14-14-14-12,14.1,46.3,10,488(+6),,,,[東]天間昭一,小笹芳央,,202306030204
11,1,1,タイキモンストル,牡4,59,金子光希,3:24.0,1.1/2,,,,,,10-9-9-9,14.2,180.0,14,500(-4),,,,[東]松永康利,大樹ファーム,,202306030204
12,7,12,クリノサンシャイン,牝6,58,大庭和弥,3:24.6,3.1/2,,,,,,3-4-10-11,14.2,138.3,13,448(0),,,,[東]石毛善彦,栗本博晴,,202306030204
13,8,14,スマートブリーズ,セ5,60,難波剛健,3:24.7,1/2,,,,,,13-12-10-9,14.2,47.5,11,514(-10),,,,[西]畑端省吾,大川徹,,202306030204
14,7,11,イサチルプリンス,セ5,60,上野翔,3:28.6,大,,,,,,10-11-13-14,14.5,32.0,9,494(-8),,,,[東]竹内正洋,小坂功,,202306030204
1,1,1,コスモフリーゲン,牡3,56,柴田大知,1:53.9,,**,,,,,11-11-8-5,37.4,22.7,8,510(0),,,,[東]畠山吉宏,ビッグレッドファーム,550.0,202306030205
2,6,12,レッドバレンティア,牡3,56,石川裕紀,1:54.4,3,**,,,,,3-4-3-3,38.3,4.3,2,440(-2),,,,[東]手塚貴久,東京ホースレーシング,220.0,202306030205
3,2,3,コスモスプモーニ,牡3,56,野中悠太,1:54.6,1.1/4,**,,,,,1-1-1-1,38.9,23.1,9,468(+6),,,,[東]松山将樹,ビッグレッドファーム,140.0,202306030205
4,4,7,ルヴェルリドー,牡3,56,津村明秀,1:54.6,アタマ,**,,,,,3-3-3-3,38.6,2.0,1,470(-4),,,,[東]萩原清,Ｇ１レーシング,83.0,202306030205
5,8,15,エンライトメント,牡3,56,松岡正海,1:54.6,アタマ,**,,,,,15-15-13-12,37.7,17.3,6,478(-2),,,,[東]斎藤誠,ミルファーム,55.0,202306030205
6,5,9,サクセスパルス,牡3,56,菅原明良,1:54.7,クビ,**,,,,,8-7-8-7,38.2,9.6,4,452(+2),,,,[東]高柳瑞樹,柴田実千代,,202306030205
7,4,8,プレサージオ,牡3,56,幸英明,1:54.8,3/4,**,,,,,7-7-8-7,38.3,13.3,5,460(+4),,,,[東]小手川準,吉田千津,,202306030205
8,3,5,ファンシーカラー,牝3,54,菊沢一樹,1:55.9,7,**,,,,,5-5-5-7,39.6,376.1,15,416(-2),,,,[東]佐藤吉勝,サンコウ牧場,,202306030205
9,5,10,スピニングマーリン,牝3,54,勝浦正樹,1:56.0,1,**,,,,,11-11-5-5,39.8,142.5,11,504(0),,,,[東]西田雄一,コージーレーシング,,202306030205
10,2,4,レグルレガリス,セ3,56,柴田善臣,1:56.3,1.3/4,**,,,,,2-2-2-2,40.4,9.0,3,444(0),,,,[東]尾形和幸,ノルマンディーサラブレッドレーシング,,202306030205
11,7,14,サーキュラーキー,牡3,56,田辺裕信,1:56.4,クビ,**,,,,,14-13-11-7,39.8,18.2,7,480(+2),,,,[東]古賀慎明,丸山担,,202306030205
12,8,16,ツワモノ,牡3,56,木幡巧也,1:56.9,3,**,,,,,8-7-5-7,40.6,139.7,10,492(+2),,,,[東]上原博之,ノルマンディーサラブレッドレーシング,,202306030205
13,3,6,ショートストップ,牡3,53,西塚洸二,1:58.3,8,**,,,,,10-10-14-14,41.0,435.1,16,444(-2),,,,[東]佐藤吉勝,松谷翔太,,202306030205
14,7,13,マリノフェアレディ,牝3,52,小林凌大,1:58.4,1/2,**,,,,,5-6-11-13,41.8,222.3,14,428(-2),,,,[東]蛯名利弘,矢野雅子,,202306030205
15,1,2,ブラックデコ,牝3,52,横山琉人,1:58.7,1.1/2,**,,,,,13-13-15-15,40.8,165.1,13,412(+2),,,,[東]尾関知人,林正道,,202306030205
16,6,11,サバンナテソーロ,牝3,52,原優介,2:05.5,大,**,,,,,16-16-16-16,46.5,156.8,12,436(-12),,,,[東]高木登,了徳寺健二ホールディングス,,202306030205
1,4,7,ビルカール,牡3,56,柴田善臣,1:11.9,,**,,,,,3-2,38.1,12.4,7,474(-8),,,,[東]水野貴広,野村茂雄,780.0,202306030206
2,8,15,エリスグリ,牡3,56,横山典弘,1:11.9,アタマ,**,,,,,1-1,38.5,10.4,6,484(-8),,,,[西]牧田和弥,中西功,310.0,202306030206
3,6,12,メタマックス,牡3,56,菅原明良,1:12.1,3/4,**,,,,,9-9,37.7,6.5,3,518(-4),,,,[西]森秀行,藤田晋,200.0,202306030206
4,5,9,トモジャミ,牝3,54,津村明秀,1:12.1,クビ,**,,,,,7-8,38.0,14.0,8,504(+10),,,,[東]鈴木伸尋,吉冨学,120.0,202306030206
5,7,14,メイデンタワー,牝3,54,石川裕紀,1:12.2,クビ,**,,,,,12-12,37.5,7.2,4,450(+6),,,,[東]稲垣幸雄,サンデーレーシング,78.0,202306030206
6,1,1,コスモジョセフ,牡3,54,原優介,1:12.3,1/2,**,,,,,7-2,38.2,64.9,11,472(0),,,,[東]伊藤大士,ビッグレッドファーム,,202306030206
7,7,13,バトゥーキ,牡3,56,幸英明,1:12.3,クビ,**,,,,,12-11,37.7,3.4,1,482(+2),,,,[西]浜田多実,京都ホースレーシング,,202306030206
8,4,8,ボルドーネセバル,牡3,56,菊沢一樹,1:12.4,3/4,**,,,,,16-16,37.2,394.5,16,446(+4),,,,[東]浅野洋一,杉浦和也,,202306030206
9,3,5,ダークンストーミー,牡3,56,横山武史,1:12.5,クビ,**,,,,,14-14,37.7,9.9,5,444(0),,,,[東]小笠倫弘,荒井眞澄,,202306030206
10,1,2,カイザーブリッツ,牡3,55,永野猛蔵,1:12.9,2.1/2,**,,,,,6-5,39.0,15.0,9,486(-4),,,,[東]伊藤圭三,ライオンレースホース,,202306030206
11,2,3,サルフトピッチ,牝3,51,石田拓郎,1:12.9,クビ,**,,,,,2-2,39.4,50.6,10,438(-4),,,,[東]新開幸一,明栄商事,,202306030206
12,2,4,モズスナイパー,牡3,54,横山琉人,1:13.0,クビ,**,,,,,14-14,38.2,88.7,14,502(+2),,,,[西]村山明,キャピタル・システム,,202306030206
13,8,16,セイウンダマシイ,牡3,53,佐藤翔馬,1:13.1,3/4,**,,,,,9-12,38.7,136.2,15,466(-6),,,,[東]武市康男,西山茂行,,202306030206
14,3,6,エリカキルシェ,牝3,54,大野拓弥,1:13.5,2.1/2,**,,,,,9-9,39.1,81.8,13,464(0),,,,[東]宮田敬介,三木正浩,,202306030206
15,5,10,サイモンギフト,牡3,56,田辺裕信,1:14.0,3,**,,,,,3-5,40.2,5.7,2,486(-6),,,,[東]勢司和浩,澤田昭紀,,202306030206
16,6,11,カレンハサウェイ,牝3,54,斎藤新,1:14.2,1.1/4,**,,,,,3-5,40.4,72.2,12,448(-4),,,,[西]安田隆行,鈴木隆司,,202306030206
1,6,8,エスティメート,牡4,58,杉原誠人,1:53.5,,**,,,,,5-5-2-2,39.0,17.9,7,458(+10),,,,[東]大和田成,ミルファーム,800.0,202306030207
2,5,5,ペイシャジュン,牡5,58,菅原明良,1:53.6,3/4,**,,,,,9-9-8-7,38.7,3.8,2,520(0),,,,[東]高橋裕,北所直人,320.0,202306030207
3,1,1,セキテイオー,牡4,58,田中勝春,1:53.7,クビ,**,,,,,1-1-1-1,39.5,7.0,3,472(-4),,,,[東]田中剛,杉山元洋,200.0,202306030207
4,4,4,ブレットフライ,牡4,58,石川裕紀,1:53.7,クビ,**,,,,,9-9-10-8,38.3,67.6,10,500(-2),,,,[東]萱野浩二,マークス,120.0,202306030207
5,8,11,フロンタルクリス,牡5,58,菊沢一樹,1:54.0,1.3/4,**,,,,,7-7-6-5,39.2,122.5,11,496(-15),,,,[東]伊坂重信,高橋正雄,80.0,202306030207
6,3,3,サクセスミノル,牡4,58,北村宏司,1:54.1,クビ,**,,,,,5-5-6-4,39.3,15.8,6,486(0),,,,[東]中舘英二,吉岡實,,202306030207
7,8,12,ポイズンアロウ,牡4,58,内田博幸,1:54.6,3,**,,,,,12-12-10-9,39.2,40.6,9,532(-4),,,,[東]加藤征弘,長谷川祐司,,202306030207
8,7,9,ロードブライト,牡4,57,永野猛蔵,1:54.6,クビ,**,,,,,7-7-8-5,39.6,14.2,5,528(-2),,,,[東]和田勇介,ロードホースクラブ,,202306030207
9,5,6,コースタルテラス,牡4,58,津村明秀,1:55.2,3.1/2,**,,,,,3-3-2-3,40.7,2.0,1,504(-8),,,,[東]手塚貴久,吉田勝己,,202306030207
10,2,2,ダフニス,牡4,58,菅原隆一,1:57.2,大,**,,,,,11-11-12-12,41.4,327.7,12,440(+14),,,,[東]蛯名利弘,ターフ・スポート,,202306030207
11,6,7,ベネロングポイント,牡4,58,横山武史,1:58.6,9,**,,,,,3-3-5-9,44.0,10.6,4,498(+14),,,,[東]和田正一,社台レースホース,,202306030207
12,7,10,デライトアゲン,牡4,58,木幡巧也,1:59.6,6,**,,,,,2-2-2-9,45.1,25.0,8,490(+4),,,,[東]岩戸孝樹,浅川皓司,,202306030207
1,7,7,トーセンリョウ,牡4,58,横山武史,1:53.7,,**,,,,,4-4-4-3,38.4,1.7,1,462(-4),,,,[東]加藤征弘,島川隆哉,"1,140.0",202306030208
2,3,3,アドマイヤハレー,牡5,58,田辺裕信,1:53.9,1.1/4,**,,,,,2-2-2-2,38.8,4.2,2,466(-12),,,,[東]宮田敬介,近藤旬子,460.0,202306030208
3,5,5,アルディエンテ,牡6,56,横山琉人,1:54.0,クビ,**,,,,,7-5-4-3,38.6,17.7,6,502(+8),,,,[東]古賀慎明,Ｇ１レーシング,290.0,202306030208
4,2,2,ゲバラ,牡7,58,菅原明良,1:54.0,アタマ,**,,,,,1-1-1-1,39.2,13.5,5,486(0),,,,[東]伊藤大士,ニッシンホールディングス,170.0,202306030208
5,8,8,ミトロジー,セ7,58,石橋脩,1:55.3,8,**,,,,,5-5-6-6,39.7,6.1,3,488(+4),,,,[東]尾関知人,シルクレーシング,114.0,202306030208
6,8,9,クリノキングボス,牡6,54,小林美駒,1:55.8,2.1/2,**,,,,,8-8-7-9,39.9,123.1,7,480(+6),,,,[東]天間昭一,栗本博晴,,202306030208
7,4,4,イザニコス,牝5,56,幸英明,1:55.8,クビ,**,,,,,2-2-2-5,40.6,7.9,4,468(+10),,,,[東]和田正一,サラブレッドクラブ・ラフィアン,,202306030208
8,1,1,ドゥリトル,牡8,56,原優介,1:55.9,1/2,**,,,,,8-8-7-7,40.1,143.3,8,504(+4),,,,[西]村山明,大林一彦,,202306030208
9,6,6,オンワードセルフ,牡7,57,永野猛蔵,1:56.5,3.1/2,**,,,,,5-5-7-7,40.7,228.2,9,498(+10),,,,[西]村山明,樫山章子,,202306030208
1,8,11,アグラシアド,牝3,54,津村明秀,2:06.9,,**,,,,,9-9-6-2,39.2,6.1,3,474(+4),,,,[西]中村直也,ライオンレースホース,"1,095.2",202306030209
2,2,2,イージーオンミー,牝3,54,石橋脩,2:06.9,クビ,**,,,,,11-11-10-7,38.6,7.5,5,430(+2),,,,[東]中舘英二,坂東牧場,437.2,202306030209
3,4,4,ツインクルトーズ,牝3,54,木幡巧也,2:06.9,クビ,**,,,,,1-1-1-1,40.3,17.0,8,512(-2),,,,[東]牧光二,岡田牧雄,273.6,202306030209
4,7,9,マンマリアーレ,牝3,54,菅原明良,2:07.1,1,**,,,,,8-8-8-4,39.2,16.4,7,456(-6),,,,[東]高木登,ディアレストクラブ,160.0,202306030209
5,1,1,アスパルディーコ,牝3,54,田辺裕信,2:07.5,2,**,,,,,10-10-10-6,39.3,5.0,2,474(-4),,,,[東]蛯名正義,金子真人ホールディングス,107.0,202306030209
6,3,3,ビターグラッセ,牝3,54,幸英明,2:08.1,4,**,,,,,7-7-6-2,40.5,4.1,1,500(0),,,,[東]栗田徹,山口功一郎,,202306030209
7,5,5,フェアエールング,牝3,54,柴田大知,2:08.2,1/2,**,,,,,5-5-3-4,40.9,18.1,9,436(+2),,,,[東]和田正一,サラブレッドクラブ・ラフィアン,,202306030209
8,8,10,マイレーヌ,牝3,54,斎藤新,2:11.0,大,**,,,,,3-3-3-7,43.7,8.9,6,482(-10),,,,[東]斎藤誠,小関昭次,,202306030209
9,7,8,オンザブロッサム,牝3,54,永野猛蔵,2:11.1,クビ,**,,,,,2-2-2-11,44.1,28.9,11,472(-4),,,,[東]大和田成,久保田定,,202306030209
10,6,6,フラミニア,牝3,54,横山武史,2:11.3,1.1/2,**,,,,,4-4-5-7,43.9,6.4,4,472(+4),,,,[東]国枝栄,シルクレーシング,,202306030209
11,6,7,ルーチェロッサ,牝3,54,横山琉人,2:11.9,3.1/2,**,,,,,6-6-8-10,44.1,23.9,10,442(-12),,,,[東]相沢郁,ノルマンディーサラブレッドレーシング,,202306030209
1,1,2,サーマルウインド,牝4,54,北村宏司,1:36.7,,**,,,,,1-1-1,36.9,5.3,2,526(+12),,,,[東]奥村武,キャロットファーム,"1,874.3",202306030210
2,2,4,ドゥラモンド,牡5,56,津村明秀,1:37.4,4,**,,,,,8-9-9,36.7,6.9,4,490(-6),,,,[東]手塚貴久,シルクレーシング,749.8,202306030210
3,4,7,トオヤリトセイト,牡7,55,菊沢一樹,1:37.5,1,**,,,,,11-11-9,36.7,48.4,12,496(+2),,,,[西]松下武士,村田能光,464.9,202306030210
4,6,12,デコラシオン,牡4,56,横山武史,1:37.6,3/4,**,,,,,8-6-4,37.3,4.6,1,514(-2),,,,[東]高木登,社台レースホース,280.0,202306030210
5,7,13,フィールシンパシー,牝4,55,横山琉人,1:37.8,3/4,**,,,,,5-8-8,37.3,5.8,3,446(+4),,,,[東]小島茂之,岡田牧雄,184.0,202306030210
6,8,15,パープルレディー,牝5,53,松岡正海,1:38.2,2.1/2,**,,,,,12-12-12,37.3,50.4,14,426(0),,,,[東]奥村武,井山登,,202306030210
7,5,10,リーガルバトル,牡6,56,石川裕紀,1:38.2,ハナ,**,,,,,6-9-9,37.6,49.7,13,530(0),,,,[東]高橋文雅,吉田和美,,202306030210
8,2,3,コスモエスパーダ,牡7,56,菅原明良,1:38.2,クビ,**,,,,,2-2-2,38.2,17.7,10,508(+8),,,,[東]天間昭一,ビッグレッドファーム,,202306030210
9,1,1,ユキノファラオ,牡5,55,柴田善臣,1:38.3,クビ,**,,,,,12-15-15,37.1,35.1,11,488(-2),,,,[東]石毛善彦,井上基之,,202306030210
10,6,11,フォラブリューテ,牝4,54,杉原誠人,1:38.5,1,**,,,,,15-13-14,37.5,105.4,15,464(0),,,,[東]宮田敬介,キャロットファーム,,202306030210
11,3,6,ニシノラブウインク,牝4,55,永野猛蔵,1:38.5,ハナ,**,,,,,6-6-4,38.1,17.2,9,468(+8),,,,[東]小手川準,西山茂行,,202306030210
12,7,14,アバンチュリエ,牡4,56,大野拓弥,1:38.9,2.1/2,**,,,,,8-4-4,38.7,16.3,8,474(-4),,,,[東]大竹正博,ＤＭＭドリームクラブ,,202306030210
13,3,5,スリートップキズナ,牡5,55,内田博幸,1:39.0,1/2,**,,,,,12-13-12,38.0,11.5,5,462(-4),,,,[東]伊藤圭三,永井商事,,202306030210
14,8,16,ヤマニンペダラーダ,牡9,54,斎藤新,1:39.1,アタマ,**,,,,,16-16-16,37.5,181.9,16,492(-6),,,,[西]中村直也,土井肇,,202306030210
15,4,8,ストゥーティ,牝5,54,幸英明,1:39.4,2,**,,,,,4-4-4,39.2,12.1,7,452(+14),,,,[西]奥村豊,キャロットファーム,,202306030210
16,5,9,ハーモニーマゼラン,牡6,57,石橋脩,1:40.6,7,**,,,,,3-3-2,40.5,11.8,6,524(+4),,,,[東]牧光二,日下部勝徳,,202306030210
1,6,12,ハヤブサナンデクン,牡7,57,津村明秀,1:51.4,,**,**,**,**,**,2-3-2-2,37.5,8.8,5,514(-2),,,,[西]吉村圭司,武田修,"3,856.7",202306030211
2,4,8,ウィリアムバローズ,牡5,57.5,横山武史,1:51.4,ハナ,**,**,**,**,**,2-2-2-2,37.6,3.1,1,498(0),,,,[西]上村洋行,猪熊広次,"1,516.2",202306030211
3,3,6,キタノヴィジョン,牡6,57,江田照男,1:51.5,1,**,**,**,**,**,14-14-12-10,36.5,38.5,11,496(+2),,,,[東]萱野浩二,北所直人,958.1,202306030211
4,2,3,ロードヴァレンチ,セ4,55,永野猛蔵,1:51.6,クビ,**,**,**,**,**,1-1-1-1,37.9,8.7,4,474(0),,,,[東]中舘英二,ロードホースクラブ,570.0,202306030211
5,8,15,カフジオクタゴン,牡4,57,北村宏司,1:51.7,1/2,**,**,**,**,**,4-4-4-4,37.7,21.6,9,556(+16),,,,[西]矢作芳人,加藤守,380.0,202306030211
6,5,9,ホウオウルバン,牡5,57,内田博幸,1:51.9,1,**,**,**,**,**,12-12-12-10,36.9,40.0,12,534(+10),,,,[東]池上昌和,小笹芳央,,202306030211
7,4,7,ハピ,牡4,58.5,横山典弘,1:52.0,1/2,**,**,**,**,**,4-4-5-5,37.8,4.4,2,468(+2),,,,[西]大久保龍,寺田寿男,,202306030211
8,6,11,ダノンスプレンダー,牡7,57.5,斎藤新,1:52.0,ハナ,**,**,**,**,**,6-6-5-5,37.7,165.6,15,512(0),,,,[西]安田隆行,ダノックス,,202306030211
9,1,2,カテドラル,牡7,58.5,石川裕紀,1:52.3,2,**,**,**,**,**,9-9-9-8,37.6,26.4,10,492(-2),,,,[西]池添学,キャロットファーム,,202306030211
10,3,5,ケンシンコウ,牡6,58,田辺裕信,1:52.6,1.1/2,**,**,**,**,**,6-6-7-7,38.1,17.2,7,500(-2),,,,[東]小西一男,天野克彦,,202306030211
11,7,13,ゲンパチルシファー,牡7,58,大野拓弥,1:52.7,1/2,**,**,**,**,**,6-8-7-8,38.3,88.3,14,534(0),,,,[西]佐々木晶,平野武志,,202306030211
12,7,14,プリティーチャンス,牝6,55.5,石橋脩,1:52.8,3/4,**,**,**,**,**,15-15-15-15,37.4,21.5,8,472(+4),,,,[西]野中賢二,廣崎利洋ＨＤ,,202306030211
13,1,1,ダノンファラオ,牡6,58,田中勝春,1:53.4,3.1/2,**,**,**,**,**,16-16-16-16,37.7,173.9,16,556(+16),,,,[西]矢作芳人,ダノックス,,202306030211
14,8,16,サンライズホープ,牡6,59,幸英明,1:53.7,2,**,**,**,**,**,12-13-12-14,38.8,11.6,6,538(-1),,,,[西]羽月友彦,松岡隆雄,,202306030211
15,2,4,デルマルーヴル,牡7,56,松岡正海,1:53.8,クビ,**,**,**,**,**,9-9-9-12,39.2,83.9,13,502(+3),,,,[東]戸田博文,浅沼廣幸,,202306030211
16,5,10,ヴァルツァーシャル,牡4,56,菅原明良,1:53.8,クビ,**,**,**,**,**,9-9-9-12,39.2,8.5,3,490(+4),,,,[東]高木登,ウエスト．フォレスト．ステイブル,,202306030211
1,5,6,アイルビーザワン,セ5,56,横山琉人,1:11.9,,**,,,,,2-2,37.1,41.9,9,490(0),,,,[東]田島俊明,ノルマンディーサラブレッドレーシング,"1,140.0",202306030212
2,4,5,イズンシーラブリー,牝5,56,横山武史,1:12.0,1/2,**,,,,,11-11,36.4,3.9,2,426(+4),,,,[東]加藤征弘,諸江幸祐,460.0,202306030212
3,8,13,スマートルシーダ,牡5,58,菅原明良,1:12.1,クビ,**,,,,,8-8,36.6,8.0,5,464(0),,,,[西]音無秀孝,大川徹,290.0,202306030212
4,1,1,ゼンカイテン,牡4,56,原優介,1:12.1,クビ,**,,,,,1-1,37.4,12.9,7,470(-2),,,,[東]矢野英一,川上哲司,170.0,202306030212
5,6,8,グレタ,牝4,56,杉原誠人,1:12.1,ハナ,**,,,,,12-12,36.3,52.9,11,460(-6),,,,[東]清水英克,大脇佑樹,114.0,202306030212
6,3,3,スーリールダンジュ,牝4,56,津村明秀,1:12.2,クビ,**,,,,,8-8,36.7,3.5,1,480(-6),,,,[西]中内田充,ゴドルフィン,,202306030212
7,7,10,アップリバー,牝5,56,柴田善臣,1:12.3,3/4,**,,,,,3-3,37.3,7.7,4,492(-6),,,,[東]牧光二,平田修,,202306030212
8,8,12,ジャガード,牡5,57,永野猛蔵,1:12.4,クビ,**,,,,,13-13,36.3,101.6,13,420(-4),,,,[東]和田雄二,栗坂崇,,202306030212
9,6,9,ポピュラーソング,牝6,56,菊沢一樹,1:12.5,3/4,**,,,,,5-4,37.3,46.3,10,454(+10),,,,[東]土田稔,酒井孝敏,,202306030212
10,4,4,ブロンズレッド,牡5,58,幸英明,1:12.7,1.1/4,**,,,,,8-8,37.3,16.5,8,526(+2),,,,[西]牧浦充徳,下河辺隆行,,202306030212
11,2,2,カシノフォワード,セ5,54,小林美駒,1:12.7,アタマ,**,,,,,5-6,37.5,11.8,6,436(0),,,,[東]蛯名利弘,柏木務,,202306030212
12,5,7,ヒノクニ,牝4,53,西塚洸二,1:13.1,2.1/2,**,,,,,5-4,37.9,6.7,3,448(+2),,,,[東]深山雅史,由井健太郎,,202306030212
13,7,11,アレクサンドラ,牝4,56,江田照男,1:13.2,1/2,**,,,,,3-6,38.1,75.1,12,504(+4),,,,[東]矢野英一,大樹ファーム,,202306030212
1,7,12,コロンビアテソーロ,牝3,52,原優介,1:55.2,,**,,,,,9-9-3-6,38.8,1.9,1,450(-2),,,,[東]栗田徹,了徳寺健二ホールディングス,550.0,202306030301
2,4,6,スペシャリスト,牝3,54,津村明秀,1:55.6,2.1/2,**,,,,,1-1-1-1,39.5,3.1,2,450(-6),,,,[東]手塚貴久,下河辺隆行,220.0,202306030301
3,6,10,ペイシャアンジェロ,牝3,54,松岡正海,1:56.1,3,**,,,,,9-9-8-6,39.5,23.4,6,432(0),,,,[東]伊藤伸一,北所直人,140.0,202306030301
4,8,13,イリュージョン,牝3,54,横山和生,1:56.2,1/2,**,,,,,4-4-3-2,39.9,6.1,3,454(-4),,,,[東]西田雄一,岡田隆寛,83.0,202306030301
5,2,2,ニシノツキアカリ,牝3,54,菅原明良,1:56.5,1.1/2,**,,,,,5-5-7-6,40.0,54.8,7,462(0),,,,[東]水野貴広,西山茂行,55.0,202306030301
6,6,9,シルヴァティカ,牝3,54,北村宏司,1:56.9,2.1/2,**,,,,,13-13-11-12,39.8,160.9,10,460(-4),,,,[東]古賀慎明,グリーンファーム,,202306030301
7,3,4,チェリーロマンス,牝3,52,横山琉人,1:57.0,クビ,**,,,,,14-14-13-13,39.5,209.2,12,484(-6),,,,[東]勢司和浩,櫻井悦朗,,202306030301
8,3,3,オズモポリタン,牝3,54,内田博幸,1:57.0,アタマ,**,,,,,5-5-3-4,40.7,11.4,4,488(-2),,,,[東]本間忍,琴浦諒,,202306030301
9,5,7,マグノリアレーン,牝3,51,石田拓郎,1:57.8,5,**,,,,,7-7-9-9,40.9,183.1,11,430(0),,,,[東]新開幸一,会田浩史,,202306030301
10,5,8,ポーラーナイト,牝3,53,永野猛蔵,1:58.1,1.1/2,**,,,,,2-2-2-2,41.9,71.0,8,470(0),,,,[東]稲垣幸雄,下河辺牧場,,202306030301
11,1,1,ジュタドール,牝3,54,木幡巧也,1:58.2,1/2,**,,,,,2-2-3-4,41.8,19.0,5,476(-4),,,,[東]牧光二,諸岡慶,,202306030301
12,4,5,マニータ,牝3,54,武藤雅,1:58.9,4,**,,,,,11-11-13-14,41.4,87.2,9,466(0),,,,[東]尾形和幸,サンデーレーシング,,202306030301
13,7,11,ラブヒカリ,牝3,54,杉原誠人,1:59.0,1,**,,,,,11-11-11-10,41.9,361.5,14,410(0),,,,[東]嘉藤貴行,増田陽一,,202306030301
14,8,14,トーセンオードリー,牝3,54,吉田豊,1:59.1,1/2,**,,,,,7-7-10-10,42.1,295.7,13,460(-22),,,,[東]土田稔,島川隆哉,,202306030301
1,7,14,ハローマイラブリー,牝3,54,三浦皇成,1:11.8,,**,,,,,1-1,37.6,2.8,2,526(-4),,,,[東]伊坂重信,平賀久枝,550.0,202306030302
2,4,8,モノノフレッド,牡3,56,内田博幸,1:12.2,2.1/2,**,,,,,3-2,37.7,5.2,3,482(-2),,,,[東]深山雅史,ウエスト．フォレスト．ステイブル,220.0,202306030302
3,2,3,ナムラレオ,牡3,56,田辺裕信,1:12.5,1.1/2,**,,,,,12-11,36.1,10.0,4,450(+8),,,,[東]大和田成,奈村睦弘,140.0,202306030302
4,5,10,メモリーグラス,牡3,56,菅原隆一,1:12.6,1/2,**,,,,,4-5,37.9,14.2,6,452(0),,,,[東]松永康利,田頭勇貴,83.0,202306030302
5,3,6,フジジュンフェイス,牝3,54,杉原誠人,1:13.2,3.1/2,**,,,,,8-8,37.7,46.3,9,450(+8),,,,[東]伊藤大士,ＳＴレーシング,55.0,202306030302
6,2,4,ルーチェステラーレ,牝3,54,柴田善臣,1:13.2,ハナ,**,,,,,5-4,38.4,2.7,1,450(-4),,,,[東]伊藤大士,大樹ファーム,,202306030302
7,1,1,ケイツーユーロ,牡3,56,武士沢友,1:13.2,ハナ,**,,,,,6-6,38.1,176.1,12,454(+2),,,,[東]鈴木慎太,楠本勝美,,202306030302
8,6,12,ボーダーパトロール,牡3,56,横山武史,1:13.5,2,**,,,,,2-2,39.1,33.1,7,526(+8),,,,[東]伊藤圭三,ゴドルフィン,,202306030302
9,3,5,エコロヴィーガ,牝3,52,原優介,1:13.8,1.1/2,**,,,,,6-6,38.7,14.2,5,474(+8),,,,[東]矢野英一,原村正紀,,202306030302
10,7,13,フウライジンモン,牝3,54,井上敏樹,1:13.8,クビ,**,,,,,10-10,37.7,239.6,14,482(-8),,,,[東]伊坂重信,大久保幸夫,,202306030302
11,1,2,オスマン,牡3,55,永野猛蔵,1:13.9,クビ,**,,,,,8-8,38.4,42.1,8,482(-6),,,,[東]加藤和宏,小原準一郎,,202306030302
12,8,15,スカイウイングス,牡3,56,山田敬士,1:14.7,5,**,,,,,15-15,36.9,179.7,13,486(0),,,,[東]小桧山悟,野田清水,,202306030302
13,8,16,アステルグロリアス,牝3,51,佐々木大,1:14.7,ハナ,**,,,,,10-11,38.6,115.0,11,400(-8),,,,[東]和田雄二,小島正宏,,202306030302
14,6,11,エメイン,牡3,56,柴田大知,1:14.7,アタマ,**,,,,,14-14,37.5,389.1,15,404(-4),,,,[東]田中剛,ノースヒルズ,,202306030302
15,4,7,チャントアチャーム,牡3,54,横山琉人,1:14.9,1.1/4,**,,,,,13-13,38.1,111.0,10,526(0),,,,[東]小笠倫弘,ウエスト．フォレスト．ステイブル,,202306030302
16,5,9,サンマルマインド,牝3,51,佐藤翔馬,1:16.5,10,**,,,,,16-16,37.3,523.1,16,430(-13),,,,[東]中野栄治,相馬勇,,202306030302
1,5,8,グランサバナ,牡3,56,川田将雅,1:54.5,,**,,,,,3-3-2-2,37.9,1.2,1,494(-4),,,,[東]田村康仁,キャロットファーム,550.0,202306030303
2,1,1,オボッチャマ,牡3,56,津村明秀,1:54.7,1,**,,,,,4-4-5-4,37.9,8.0,3,482(-4),,,,[東]武市康男,村田哲朗,220.0,202306030303
3,7,13,セイウンミライズ,牡3,56,戸崎圭太,1:54.7,ハナ,**,,,,,7-7-2-3,38.0,6.1,2,464(-2),,,,[東]奥平雅士,西山茂行,140.0,202306030303
4,3,4,タリスアマゾン,牡3,56,西村淳也,1:55.6,5,**,,,,,1-1-1-1,39.1,18.2,4,448(-4),,,,[東]中舘英二,高橋文男,83.0,202306030303
5,4,7,シュンコッチャン,牡3,53,小林勝太,1:56.5,5,**,,,,,2-2-2-5,39.8,316.2,12,430(-8),,,,[東]小野次郎,矢野琢也,55.0,202306030303
6,7,12,メタルメタリカ,牡3,56,斎藤新,1:56.6,1,**,,,,,4-4-6-6,39.5,152.1,8,460(+2),,,,[東]斎藤誠,千明牧場,,202306030303
7,4,6,ホウオウエニシ,牡3,56,内田博幸,1:57.2,3.1/2,**,,,,,13-12-13-11,39.3,31.0,5,468(-2),,,,[東]池上昌和,小笹芳央,,202306030303
8,8,15,アニマルキリシマ,牡3,55,秋山稔樹,1:57.4,1.1/4,**,,,,,8-9-9-9,39.8,694.9,15,452(-2),,,,[東]蛯名利弘,西村新一郎,,202306030303
9,5,9,クリノアルバトロス,牡3,56,松岡正海,1:57.4,クビ,**,,,,,14-14-12-9,39.7,82.0,7,498(-2),,,,[東]伊藤伸一,栗本博晴,,202306030303
10,6,10,クルメミッチー,牡3,52,小林美駒,1:57.7,1.1/2,**,,,,,8-8-9-11,40.1,61.3,6,484(-8),,,,[東]鈴木伸尋,茂木国久,,202306030303
11,3,5,ヴェルティグレ,牡3,55,永野猛蔵,1:57.7,アタマ,**,,,,,12-13-14-14,39.6,175.8,10,474(-6),,,,[東]黒岩陽一,小島章義,,202306030303
12,8,14,トラファルガー,セ3,56,丸田恭介,1:57.9,1.1/2,**,,,,,10-10-7-7,40.6,152.2,9,484(-4),,,,[東]加藤和宏,田畑利彦,,202306030303
13,2,3,ミツカネアース,牡3,56,丹内祐次,1:58.0,クビ,**,,,,,15-15-15-15,39.7,337.2,13,482(+4),,,,[東]清水英克,小山田満,,202306030303
14,2,2,フリューゲル,牡3,56,木幡巧也,1:58.4,2,**,,,,,10-10-9-11,40.8,216.2,11,466(-10),,,,[東]上原博之,黒川暁子,,202306030303
15,6,11,ウィリデシルバ,牡3,56,木幡育也,1:59.0,4,**,,,,,4-4-8-7,41.6,422.7,14,478(0),,,,[東]小桧山悟,柴原榮,,202306030303
1,1,1,ニシノトレンディー,牝3,54,田辺裕信,1:11.1,,**,,,,,1-1,37.5,1.7,1,480(-8),,,,[東]小手川準,西山茂行,550.0,202306030304
2,5,9,オリビアジュテーム,牝3,54,江田照男,1:11.9,5,**,,,,,4-3,37.8,8.5,3,434(0),,,,[東]西田雄一,高昭牧場,220.0,202306030304
3,2,4,デトネイター,牝3,51,佐々木大,1:11.9,アタマ,**,,,,,2-2,38.1,20.5,7,470(-2),,,,[東]中舘英二,中村祐子,140.0,202306030304
4,3,5,ローズミカ,牝3,54,杉原誠人,1:12.7,5,**,,,,,9-10,37.9,134.1,13,428(0),,,,[東]伊藤大士,冨沢敦子,83.0,202306030304
5,4,8,ゲッティン,牝3,51,小林勝太,1:12.8,1/2,**,,,,,4-5,38.7,18.0,6,478(-2),,,,[東]加藤征弘,ローレルレーシング,55.0,202306030304
6,3,6,アマギール,牝3,54,横山武史,1:13.1,1.3/4,**,,,,,11-11,38.0,9.8,4,486(0),,,,[東]菊沢隆徳,サンデーレーシング,,202306030304
7,7,13,ゼラスエフォーツ,牝3,54,北村宏司,1:13.1,ハナ,**,,,,,16-16,36.2,102.1,11,476(0),,,,[東]古賀慎明,Ｇ１レーシング,,202306030304
8,1,2,ケイトポムドゥパン,牝3,54,宮崎北斗,1:13.3,1,**,,,,,14-13,37.5,283.7,15,482(0),,,,[東]中川公成,ウエスト．フォレスト．ステイブル,,202306030304
9,6,12,カップケーキ,牝3,52,藤田菜七,1:13.3,クビ,**,,,,,9-7,38.6,221.3,14,436(-4),,,,[東]青木孝文,小林祐一,,202306030304
10,6,11,ブランディー,牝3,50,小林美駒,1:13.4,クビ,**,,,,,11-11,38.4,67.4,9,434(+2),,,,[東]和田雄二,北駿競走馬組合,,202306030304
11,8,16,エスジースパークル,牝3,54,三浦皇成,1:13.6,1.1/2,**,,,,,4-5,39.5,14.5,5,458(0),,,,[東]鈴木慎太,後藤貞夫,,202306030304
12,2,3,アルファエリザベス,牝3,52,横山琉人,1:13.9,1.1/2,**,,,,,14-13,38.0,61.6,8,466(+6),,,,[東]小島茂之,貴悦,,202306030304
13,7,14,ライヴケチャップ,牝3,51,土田真翔,1:14.1,1.1/2,**,,,,,7-7,39.7,101.3,10,486(-14),,,,[東]尾形和幸,澤田孝之,,202306030304
14,4,7,ジンフィンドール,牝3,54,ルメール,1:14.4,1.3/4,**,,,,,3-4,40.5,4.9,2,434(-8),,,,[東]田村康仁,高樽さゆり,,202306030304
15,5,10,ハクサンミューズ,牝3,54,丸山元気,1:15.3,5,**,,,,,8-9,40.8,489.3,16,444(-10),,,,[東]土田稔,河崎五市,,202306030304
16,8,15,レスタメンテ,牝3,54,西村太一,1:16.4,7,**,,,,,11-13,41.4,120.8,12,468(0),,,,[東]加藤征弘,ローレルレーシング,,202306030304
1,4,7,フレーヴァード,牡3,56,ルメール,2:02.1,,**,,,,,14-13-10-9,34.4,1.5,1,446(-2),,,,[東]大竹正博,キャロットファーム,550.0,202306030305
2,7,14,ホウオウムサシ,牡3,56,杉原誠人,2:02.2,1/2,**,,,,,6-6-5-4,35.2,25.8,6,436(0),,,,[東]蛯名正義,小笹芳央,220.0,202306030305
3,2,4,オーヴァルブルーム,牝3,54,斎藤新,2:02.7,3,**,,,,,12-10-7-6,35.4,4.9,2,426(-2),,,,[東]斎藤誠,ＤＭＭドリームクラブ,140.0,202306030305
4,8,16,コスモアバンサ,牡3,56,丹内祐次,2:02.8,3/4,**,,,,,9-8-3-2,35.9,17.5,5,474(-6),,,,[東]奥村武,ビッグレッドファーム,83.0,202306030305
5,2,3,グランドカリナン,牡3,56,戸崎圭太,2:03.0,1.1/4,**,,,,,6-8-7-9,35.7,15.1,4,454(+6),,,,[東]田島俊明,田畑利彦,55.0,202306030305
6,8,17,マツリダパーチェ,牡3,53,西塚洸二,2:03.1,1/2,**,,,,,4-4-5-6,36.0,320.1,14,424(-4),,,,[東]水野貴広,高橋文枝,,202306030305
7,6,11,ハイファイヴ,牡3,56,松岡正海,2:03.1,ハナ,**,,,,,2-3-3-4,36.2,7.6,3,496(-10),,,,[東]堀内岳志,吉田安惠,,202306030305
8,5,10,ブレストサンダー,牡3,53,小林勝太,2:03.2,1/2,**,,,,,1-1-1-2,36.5,243.0,13,470(-10),,,,[東]加藤征弘,山藤賢,,202306030305
9,6,12,オールスイート,牝3,54,江田照男,2:03.3,3/4,**,,,,,2-2-2-1,36.5,112.9,9,440(-4),,,,[東]田中剛,落合幸弘,,202306030305
10,1,2,ゼファーラーテル,牡3,56,北村宏司,2:03.3,ハナ,**,,,,,10-10-10-11,35.6,33.9,7,458(+10),,,,[東]高柳瑞樹,吉井盛治,,202306030305
11,5,9,フェスティヴビーム,牡3,56,柴田大知,2:03.5,1.1/4,**,,,,,6-6-7-8,36.3,153.8,10,448(+4),,,,[東]畠山吉宏,臼井義太郎,,202306030305
12,1,1,オールデイズ,牝3,52,横山琉人,2:04.4,5,**,,,,,16-15-14-13,36.3,43.5,8,472(0),,,,[東]相沢郁,サラブレッドクラブ・ラフィアン,,202306030305
13,3,5,スレートグレイ,牝3,51,佐々木大,2:04.6,1.1/2,**,,,,,14-15-17-15,36.2,428.3,16,436(-8),,,,[東]杉浦宏昭,山岸桂市,,202306030305
14,8,15,シエルリーナ,牝3,54,野中悠太,2:04.8,1.1/4,**,,,,,17-15-16-13,36.6,545.1,17,408(+4),,,,[東]根本康広,八嶋長久,,202306030305
15,4,8,マイネルジュリアン,牡3,53,水沼元輝,2:06.5,10,**,,,,,4-5-10-12,38.8,209.9,11,468(0),,,,[東]加藤士津,サラブレッドクラブ・ラフィアン,,202306030305
16,7,13,マハロヌイロワ,牝3,54,津村明秀,2:06.9,2.1/2,**,,,,,10-10-14-17,38.8,228.2,12,428(0),,,,[東]鈴木伸尋,コスモヴューファーム,,202306030305
17,3,6,イデアテッシン,牡3,56,内田博幸,2:09.0,大,**,,,,,13-13-13-16,41.1,373.7,15,496(-2),,,,[東]上原博之,益田修一,,202306030305
1,4,6,アクションプラン,牡3,56,川田将雅,1:53.5,,**,,,,,2-2-3-3,37.8,1.3,1,498(0),,,,[東]池上昌和,関田光男,550.0,202306030306
2,3,3,ショウナンカブト,牡3,56,ルメール,1:54.3,5,**,,,,,4-4-6-4,38.3,4.8,2,528(-4),,,,[東]戸田博文,湘南,220.0,202306030306
3,7,11,ミッキーホーリー,牡3,56,菊沢一樹,1:55.2,5,**,,,,,2-2-2-1,39.7,15.6,4,504(+2),,,,[東]菊沢隆徳,野田みづき,140.0,202306030306
4,2,2,グランラウディー,牡3,55,永野猛蔵,1:55.3,1/2,**,,,,,10-9-9-8,38.6,77.6,8,504(-12),,,,[東]黒岩陽一,小島章義,83.0,202306030306
5,8,14,クリムゾンレッド,牡3,56,宮崎北斗,1:55.7,2.1/2,**,,,,,7-7-8-7,39.3,59.0,7,516(-2),,,,[東]中川公成,グリーンスウォード,55.0,202306030306
6,8,13,ニシノソレガシ,セ3,56,江田照男,1:55.8,クビ,**,,,,,1-1-1-2,40.4,31.7,5,520(-6),,,,[東]小島茂之,西山茂行,,202306030306
7,6,9,パーリーブラック,牡3,56,三浦皇成,1:56.6,5,**,,,,,14-12-4-5,40.8,6.3,3,468(-2),,,,[東]伊坂重信,吉田勝己,,202306030306
8,7,12,マイネルアラウダ,牡3,56,柴田大知,1:56.7,クビ,**,,,,,4-4-4-5,40.9,228.4,10,472(-6),,,,[東]伊藤大士,サラブレッドクラブ・ラフィアン,,202306030306
9,4,5,サクラトップロール,牡3,54,小林脩斗,1:57.1,2.1/2,**,,,,,13-14-11-10,39.9,304.7,12,460(-12),,,,[東]奥平雅士,トップフェロウ,,202306030306
10,3,4,ナギ,牡3,56,内田博幸,1:57.9,5,**,,,,,9-9-13-12,40.2,43.0,6,530(0),,,,[東]栗田徹,ゴドルフィン,,202306030306
11,6,10,カフェカズショコラ,牡3,56,丸山元気,1:58.3,2,**,,,,,4-6-6-9,42.2,448.6,13,510(-6),,,,[東]和田雄二,西川恭子,,202306030306
12,5,7,リリーミストレス,牝3,52,原優介,1:58.5,1.1/2,**,,,,,10-12-14-14,40.3,183.2,9,470(+4),,,,[東]矢野英一,ノルマンディーサラブレッドレーシング,,202306030306
13,1,1,フジマサグッド,牡3,53,佐々木大,1:58.8,1.3/4,**,,,,,7-7-9-11,42.0,278.4,11,512(-6),,,,[東]菊川正達,藤原正一,,202306030306
14,5,8,エスケイペガサス,セ3,56,木幡育也,1:59.3,3,**,,,,,10-9-12-12,42.0,525.8,14,452(-10),,,,[東]松永康利,伊藤輔則,,202306030306
1,5,7,エッセレンチ,牝3,54,杉原誠人,1:33.9,,**,,,,,10-12-10,33.9,4.9,3,418(-2),,,,[東]蛯名正義,三嶋牧場,780.0,202306030307
2,4,6,ニシノライコウ,牡3,55,永野猛蔵,1:34.1,1.1/2,**,,,,,6-8-7,34.7,8.0,5,478(-6),,,,[東]古賀慎明,西山茂行,310.0,202306030307
3,2,2,テンカノギジン,牡3,56,菅原明良,1:34.2,クビ,**,,,,,10-6-5,35.1,20.9,7,470(-2),,,,[東]手塚貴久,星野壽市,200.0,202306030307
4,7,12,マイネルフォルツァ,牡3,56,丹内祐次,1:34.2,クビ,**,,,,,6-11-10,34.4,27.7,9,494(+2),,,,[東]金成貴史,サラブレッドクラブ・ラフィアン,120.0,202306030307
5,6,10,トーセンアウローラ,牡3,56,石川裕紀,1:34.3,1,**,,,,,3-3-3,35.6,35.5,10,454(-8),,,,[東]尾形和幸,島川隆哉,78.0,202306030307
6,1,1,ランプシー,牡3,56,斎藤新,1:34.4,1/2,**,,,,,13-13-13,34.2,11.9,6,464(+2),,,,[東]斎藤誠,社台レースホース,,202306030307
7,3,4,コンチトーホク,牡3,56,北村宏司,1:34.5,アタマ,**,,,,,3-4-4,35.5,167.1,12,472(-2),,,,[東]勢司和浩,九十九章之,,202306030307
8,6,9,レッドロスタム,牡3,56,ルメール,1:34.7,1.1/4,**,,,,,6-9-10,35.2,3.9,2,498(0),,,,[東]国枝栄,東京ホースレーシング,,202306030307
9,7,11,レイフォール,牡3,56,武藤雅,1:34.7,アタマ,**,,,,,1-2-2,36.2,220.1,13,464(-2),,,,[東]武藤善則,落合幸弘,,202306030307
10,4,5,フェステスバント,牝3,54,戸崎圭太,1:35.0,2,**,,,,,6-4-5,36.1,24.0,8,412(+6),,,,[西]藤岡健一,吉田照哉,,202306030307
11,8,13,クラックオブドーン,牡3,56,坂井瑠星,1:35.1,クビ,**,,,,,3-7-7,35.8,6.9,4,484(+24),,,,[東]中舘英二,Ｇ１レーシング,,202306030307
12,5,8,ダンシングハピリー,牝3,51,佐々木大,1:35.2,1/2,**,,,,,14-14-14,34.7,445.9,14,394(-6),,,,[東]清水英克,ミルファーム,,202306030307
13,8,14,クロスライセンス,牡3,56,三浦皇成,1:35.2,クビ,**,,,,,10-9-7,35.7,77.1,11,448(+2),,,,[東]鹿戸雄一,サンデーレーシング,,202306030307
14,3,3,ダルタニアン,牡3,56,木幡巧也,1:35.7,3,**,,,,,2-1-1,37.3,3.7,1,490(-2),,,,[東]牧光二,吉田千津,,202306030307
1,8,11,ケリーズノベル,セ4,58,横山武史,2:35.8,,**,,,,,1-1-1-1,40.1,2.6,1,514(-10),,,,[東]武井亮,シルクレーシング,800.0,202306030308
2,2,2,デリシュレーヌ,牝5,56,吉田豊,2:35.8,ハナ,**,,,,,10-10-9-7,39.0,9.5,5,482(-2),,,,[東]高橋文雅,加藤徹,320.0,202306030308
3,3,3,クロスザルビコン,牡6,56,横山琉人,2:35.9,1/2,**,,,,,5-5-6-6,39.5,9.7,6,458(0),,,,[東]大和田成,小村アセットＭ,200.0,202306030308
4,7,9,ハナキリ,牡4,58,菅原明良,2:36.1,1.1/2,**,,,,,3-3-3-3,40.0,30.3,8,488(-4),,,,[西]森秀行,大野照旺,120.0,202306030308
5,5,5,トーセンクライスト,牡4,58,田中勝春,2:36.3,1.1/4,**,,,,,5-5-3-4,40.1,5.4,3,522(0),,,,[東]宗像義忠,島川隆哉,80.0,202306030308
6,7,8,インペリアルライン,セ4,58,西村淳也,2:36.4,1/2,**,,,,,4-3-3-4,40.3,6.3,4,462(-2),,,,[東]中舘英二,社台レースホース,,202306030308
7,6,6,ウインヴェルデ,牡4,58,丹内祐次,2:36.7,1.1/2,**,,,,,2-2-2-2,40.9,13.6,7,482(-2),,,,[西]加用正,ウイン,,202306030308
8,4,4,サトノギベオン,牡4,58,坂井瑠星,2:37.6,5,**,,,,,5-5-7-7,41.0,5.3,2,526(-10),,,,[東]戸田博文,里見治,,202306030308
9,1,1,ヴラディア,牡4,56,小林凌大,2:37.7,クビ,**,,,,,9-9-10-9,40.7,118.8,10,476(-2),,,,[東]小西一男,小泉修,,202306030308
10,8,10,ニシノムネヲウツ,牡4,55,佐藤翔馬,2:38.2,3.1/2,**,,,,,11-11-11-11,40.5,209.1,11,496(-12),,,,[東]上原博之,西山茂行,,202306030308
11,6,7,サクラロワ,牡5,58,石川裕紀,2:41.2,大,**,,,,,5-5-7-9,44.5,60.9,9,538(-14),,,,[東]堀宣行,さくらコマース,,202306030308
1,2,2,トップスティール,牡4,58,丸田恭介,1:53.4,,**,,,,,11-11-2-2,38.2,40.1,10,516(+22),,,,[東]深山雅史,井山登,"1,581.5",202306030309
2,1,1,テーオーサンドニ,牡4,58,坂井瑠星,1:53.6,1,**,,,,,1-1-1-1,38.5,3.5,2,468(-6),,,,[西]高柳大輔,小笹公也,629.0,202306030309
3,7,10,ミラキュラスライト,牡4,58,横山武史,1:53.7,3/4,**,,,,,3-5-5-6,38.3,6.8,3,490(+8),,,,[東]萩原清,Ｇ１レーシング,394.5,202306030309
4,7,11,サイモンルモンド,セ6,58,原優介,1:53.8,クビ,**,,,,,10-10-10-8,37.9,26.5,8,456(-4),,,,[東]小桧山悟,澤田昭紀,230.0,202306030309
5,4,4,オクトニオン,牡4,58,菅原明良,1:53.8,クビ,**,,,,,7-6-7-7,38.1,15.8,7,540(0),,,,[東]斎藤誠,小田吉男,155.0,202306030309
6,6,9,テンウォークライ,牡5,58,丸山元気,1:53.8,ハナ,**,,,,,9-9-11-8,37.8,169.9,12,480(+4),,,,[東]金成貴史,天白泰司,,202306030309
7,3,3,オレデイイノカ,牡5,58,内田博幸,1:54.0,3/4,**,,,,,2-2-2-2,38.8,9.5,4,498(-6),,,,[東]古賀慎明,福島徳佑,,202306030309
8,8,12,アースライザー,セ6,58,横山和生,1:54.2,1.1/4,**,,,,,13-13-13-13,37.7,12.9,6,484(-2),,,,[東]鈴木慎太,ノルマンディーサラブレッドレーシング,,202306030309
9,5,6,シンヨモギネス,牡5,58,ルメール,1:54.2,アタマ,**,,,,,12-12-12-12,38.1,2.7,1,486(0),,,,[東]伊藤圭三,岡本真二,,202306030309
10,5,7,ミヤビマドンナ,牝6,56,吉田豊,1:54.2,クビ,**,,,,,3-3-5-2,38.9,35.3,9,448(+6),,,,[東]中舘英二,村上義勝,,202306030309
11,4,5,サクセスエース,牡5,58,戸崎圭太,1:54.4,1.1/4,**,,,,,3-3-2-2,39.2,10.6,5,488(-4),,,,[東]竹内正洋,ブルースターズファーム,,202306030309
12,6,8,スズノイナズマ,セ5,58,津村明秀,1:55.1,4,**,,,,,7-8-7-8,39.4,51.1,11,472(-2),,,,[東]深山雅史,小紫嘉之,,202306030309
13,8,13,マイネルイリャルギ,牡6,58,柴田大知,1:56.1,6,**,,,,,6-6-7-8,40.5,211.7,13,534(+6),,,,[東]高橋裕,サラブレッドクラブ・ラフィアン,,202306030309
1,7,8,エンドロール,牡4,58,永野猛蔵,2:32.3,,**,,,,,7-7-7-6,35.5,5.5,4,466(-2),,,,[東]青木孝文,石川秀守,"1,573.8",202306030310
2,3,3,ジオフロント,牡5,58,坂井瑠星,2:32.5,1.1/4,**,,,,,5-5-4-2,36.0,7.4,5,460(+2),,,,[西]清水久詞,サンデーレーシング,626.8,202306030310
3,6,7,エクランドール,牝5,56,ルメール,2:32.8,1.1/2,**,,,,,8-8-7-2,36.1,2.8,1,436(-4),,,,[東]手塚貴久,サンデーレーシング,393.4,202306030310
4,1,1,ブラックボイス,牡4,58,戸崎圭太,2:33.2,2.1/2,**,,,,,4-4-3-1,36.9,5.2,3,512(+2),,,,[東]宮田敬介,スリーエイチレーシング,230.0,202306030310
5,4,4,キャルレイ,牡4,58,横山武史,2:33.3,1/2,**,,,,,10-10-10-7,36.3,5.2,2,480(-4),,,,[東]鹿戸雄一,里見治紀,155.0,202306030310
6,2,2,ハイエスティーム,牝4,56,田辺裕信,2:33.5,1.1/4,**,,,,,5-5-4-2,37.0,10.4,6,432(-6),,,,[東]金成貴史,社台レースホース,,202306030310
7,6,6,オウケンロジータ,牝6,56,田中勝春,2:33.9,2,**,,,,,10-10-10-9,36.8,160.8,10,524(+2),,,,[東]松永康利,福井明,,202306030310
8,5,5,ネオストーリー,牡6,58,大野拓弥,2:34.8,5,**,,,,,8-8-7-7,38.0,193.6,11,460(-2),,,,[東]林徹,藤澤眞佐子,,202306030310
9,8,11,シュブリーム,牡7,58,Ｍ．デム,2:37.3,大,**,,,,,2-2-2-2,41.1,45.0,9,484(-4),,,,[東]大和田成,栗坂崇,,202306030310
10,8,10,ダノングレーター,セ7,58,石川裕紀,2:38.5,7,**,,,,,1-1-1-10,42.5,22.0,7,464(+4),,,,[西]茶木太樹,ダノックス,,202306030310
11,7,9,ウインチェレステ,牡5,58,松岡正海,2:41.7,大,**,,,,,2-3-4-11,45.2,44.0,8,502(0),,,,[東]畠山吉宏,ウイン,,202306030310
1,4,8,インダストリア,牡4,56,戸崎圭太,1:33.2,,**,**,**,**,**,7-6-6,33.4,8.1,3,498(-8),,,,[東]宮田敬介,サンデーレーシング,"4,156.0",202306030311
2,2,4,ジャスティンカフェ,牡5,58,ルメール,1:33.3,3/4,**,**,**,**,**,9-8-7,33.4,3.6,2,500(-2),,,,[西]安田翔伍,三木正浩,"1,616.0",202306030311
3,8,16,ゾンニッヒ,牡5,56,菅原明良,1:33.4,1/2,**,**,**,**,**,3-4-4,33.7,9.5,5,472(0),,,,[西]池江泰寿,金子真人ホールディングス,"1,008.0",202306030311
4,5,9,マテンロウオリオン,牡4,58,横山典弘,1:33.6,1.1/4,**,**,**,**,**,13-12-13,33.2,21.8,7,490(+6),,,,[西]昆貢,寺田千代乃,620.0,202306030311
5,6,11,ウイングレイテスト,牡6,57,松岡正海,1:33.6,クビ,**,**,**,**,**,3-3-3,34.1,21.3,6,512(+6),,,,[東]畠山吉宏,ウイン,410.0,202306030311
6,6,12,ミッキーブリランテ,牡7,57.5,坂井瑠星,1:33.6,ハナ,**,**,**,**,**,2-2-2,34.2,92.2,14,470(-8),,,,[西]矢作芳人,野田みづき,,202306030311
7,2,3,レッドモンレーヴ,牡4,56,川田将雅,1:33.6,ハナ,**,**,**,**,**,15-14-14,33.0,2.8,1,510(0),,,,[東]蛯名正義,東京ホースレーシング,,202306030311
8,3,6,ミスニューヨーク,牝6,56,Ｍ．デム,1:33.7,クビ,**,**,**,**,**,6-8-7,33.8,8.2,4,472(-6),,,,[西]杉山晴紀,高昭牧場,,202306030311
9,7,13,タイムトゥヘヴン,牡5,58,大野拓弥,1:33.7,クビ,**,**,**,**,**,7-6-7,33.9,40.3,11,492(-2),,,,[東]戸田博文,ＤＭＭドリームクラブ,,202306030311
10,4,7,アナザーリリック,牝5,56,津村明秀,1:33.7,アタマ,**,**,**,**,**,11-11-10,33.5,28.0,9,498(+4),,,,[東]林徹,シルクレーシング,,202306030311
11,1,2,ルプリュフォール,セ7,57,石橋脩,1:34.0,1.3/4,**,**,**,**,**,11-12-14,33.6,25.1,8,496(-6),,,,[西]松永幹夫,名古屋友豊,,202306030311
12,8,15,ファルコニア,牡6,58.5,吉田隼人,1:34.0,アタマ,**,**,**,**,**,3-4-4,34.3,32.5,10,468(-4),,,,[西]高野友和,社台レースホース,,202306030311
13,3,5,スカーフェイス,牡7,57,横山和生,1:34.2,1.1/4,**,**,**,**,**,14-15-10,33.4,51.8,13,458(-6),,,,[西]中竹和也,永井商事,,202306030311
14,7,14,ベレヌス,牡6,58,西村淳也,1:34.5,1.1/2,**,**,**,**,**,1-1-1,35.4,48.0,12,524(-6),,,,[西]杉山晴紀,キャロットファーム,,202306030311
15,1,1,ソロフレーズ,牡8,53,武士沢友,1:34.8,2,**,**,**,**,**,9-10-10,34.7,347.7,16,476(+4),,,,[東]佐藤吉勝,松谷翔太,,202306030311
16,5,10,トーラスジェミニ,牡7,58,佐藤翔馬,1:37.3,大,**,**,**,**,**,16-16-16,36.0,328.7,15,468(-4),,,,[東]小桧山悟,柴原榮,,202306030311
1,5,10,ヒロノゴウカイ,牡4,57,秋山稔樹,1:11.3,,**,,,,,2-2,37.2,15.9,7,496(0),,,,[東]蛯名利弘,小野博郷,800.0,202306030312
2,3,5,デュアルキャリアー,牡7,56,原優介,1:11.3,アタマ,**,,,,,1-1,37.5,6.9,4,552(-2),,,,[東]加藤士津,ライオンレースホース,320.0,202306030312
3,3,6,ムーヴ,牡4,58,三浦皇成,1:11.3,クビ,**,,,,,10-8,36.2,6.1,3,470(+6),,,,[東]池上昌和,前田葉子,200.0,202306030312
4,2,4,クィーンアドバンス,牝6,56,菊沢一樹,1:11.7,2,**,,,,,5-4,37.3,107.9,13,478(-2),,,,[東]勢司和浩,柳内光子,120.0,202306030312
5,6,12,スコラーリ,牡4,58,川田将雅,1:11.7,ハナ,**,,,,,5-6,37.3,5.1,2,480(-6),,,,[東]萩原清,吉田和美,80.0,202306030312
6,6,11,ハジメテノチュウ,牡4,58,杉原誠人,1:11.9,1.1/2,**,,,,,3-3,37.7,20.6,8,512(-2),,,,[東]石毛善彦,ミルファーム,,202306030312
7,8,15,リオンラファール,セ4,58,Ｍ．デム,1:12.0,1/2,**,,,,,7-8,37.3,8.4,5,528(+8),,,,[東]矢野英一,ノルマンディーサラブレッドレーシング,,202306030312
8,1,2,サノノヒーロー,セ5,55,土田真翔,1:12.0,クビ,**,,,,,7-6,37.4,144.6,14,470(+4),,,,[東]尾形和幸,佐野信幸,,202306030312
9,8,16,サクラファシナンテ,牝5,56,戸崎圭太,1:12.1,クビ,**,,,,,10-10,37.1,2.9,1,514(0),,,,[東]尾関知人,さくらコマース,,202306030312
10,4,7,スノーホルンロード,セ4,55,佐々木大,1:12.2,1/2,**,,,,,13-13,37.0,12.9,6,498(-2),,,,[東]清水英克,嶋田賢,,202306030312
11,5,9,クイーンアポーン,牝4,56,丸山元気,1:12.3,1/2,**,,,,,10-10,37.3,51.5,11,464(-2),,,,[東]土田稔,ジェイアール,,202306030312
12,7,13,ミューティー,牝6,56,丹内祐次,1:12.4,3/4,**,,,,,14-14,36.8,62.9,12,488(-4),,,,[東]石毛善彦,鈴木康弘,,202306030312
13,2,3,イカロス,牡4,56,横山琉人,1:13.1,4,**,,,,,3-4,38.8,39.7,9,480(+4),,,,[東]武藤善則,那須野牧場,,202306030312
14,7,14,タイキマクスウェル,牡4,57,永野猛蔵,1:13.2,3/4,**,,,,,14-15,37.6,45.7,10,510(-4),,,,[東]伊藤大士,大樹ファーム,,202306030312
15,4,8,アヴァノス,セ5,58,木幡育也,1:13.3,クビ,**,,,,,9-10,38.4,257.6,16,464(-6),,,,[東]和田正一,吉田勝己,,202306030312
16,1,1,イチゴキネンビ,牡4,58,山田敬士,1:13.5,1.1/2,**,,,,,16-16,37.4,240.1,15,474(0),,,,[東]小桧山悟,ノルディック,,202306030312
1,2,3,アッティラ,牡3,54,横山琉人,1:54.8,,**,,,,,8-8-7-6,38.4,9.2,5,440(-6),,,,[東]相沢郁,高瀬真尚,550.0,202306030401
2,6,11,ジェントルタッチ,牡3,56,黛弘人,1:55.0,1.1/4,**,,,,,1-1-1-1,39.7,2.8,1,514(+2),,,,[東]武井亮,フィールドレーシング,220.0,202306030401
3,2,2,ヴァンナチュール,牡3,56,津村明秀,1:55.6,3.1/2,**,,,,,4-4-2-2,40.0,5.8,3,454(+12),,,,[東]林徹,徳永雅樹,140.0,202306030401
4,5,9,セブンメイクハピー,牡3,56,Ｍ．デム,1:55.7,1/2,**,,,,,7-7-6-7,39.4,7.8,4,464(-4),,,,[東]奥村武,前迫義幸,83.0,202306030401
5,4,7,マンダリンボレロ,牡3,56,松岡正海,1:55.8,クビ,**,,,,,5-5-5-2,40.0,31.4,11,504(-4),,,,[東]伊藤伸一,田頭勇貴,55.0,202306030401
6,1,1,ラスブリサス,牡3,56,杉原誠人,1:56.3,3.1/2,**,,,,,10-10-7-8,39.8,5.8,2,514(-6),,,,[東]中川公成,多田賢司,,202306030401
7,7,13,キングダラス,牡3,56,田辺裕信,1:56.5,3/4,**,,,,,2-2-2-4,40.9,23.8,9,482(+4),,,,[東]田村康仁,ＨｉｍＲｏｃｋＲａｃｉｎｇホールディングス,,202306030401
8,3,4,リアルデグニティ,牡3,56,木幡巧也,1:56.7,1.1/2,**,,,,,13-12-11-10,39.5,29.1,10,526(-16),,,,[東]萩原清,サンデーレーシング,,202306030401
9,8,15,アサクサアダム,牡3,52,小林美駒,1:58.0,8,**,,,,,2-2-2-4,42.4,22.4,8,486(+6),,,,[東]戸田博文,櫻井素子,,202306030401
10,8,14,ダグフォース,牡3,55,永野猛蔵,1:58.0,ハナ,**,,,,,15-14-13-13,40.3,12.0,6,488(0),,,,[東]手塚貴久,藤田晋,,202306030401
11,4,6,アルマドゥーラ,牝3,52,藤田菜七,1:58.4,2.1/2,**,,,,,11-11-11-11,41.1,171.8,14,446(+4),,,,[東]根本康広,田頭勇貴,,202306030401
12,6,10,リンクスソレイユ,牡3,56,大野拓弥,1:58.5,1/2,**,,,,,8-8-10-9,41.7,119.0,13,480(+2),,,,[東]松山将樹,目谷一幸,,202306030401
13,3,5,アンクルコンシャス,牝3,54,菅原明良,1:59.5,6,**,,,,,11-12-14-14,41.7,18.6,7,470(0),,,,[東]栗田徹,吉田照哉,,202306030401
14,5,8,ノーアーギュメント,牡3,53,西塚洸二,2:01.0,9,**,,,,,6-6-7-11,44.5,74.4,12,484(+4),,,,[東]南田美知,柴田洋一,,202306030401
15,7,12,クリノシークレット,牝3,54,丹内祐次,2:05.4,大,**,,,,,14-15-15-15,45.3,341.4,15,442(0),,,,[東]本間忍,栗本博晴,,202306030401
1,3,6,マーシヴィガラス,牡3,56,的場勇人,1:11.9,,**,,,,,5-5,37.8,5.2,2,486(+10),,,,[東]的場均,佐藤好美,550.0,202306030402
2,4,8,フェスティヴラジャ,牝3,54,菊沢一樹,1:12.0,1/2,**,,,,,7-7,37.6,1.5,1,458(+4),,,,[東]田島俊明,臼井義太郎,220.0,202306030402
3,4,7,ワタシハマジョ,牝3,54,Ｍ．デム,1:12.1,1/2,**,,,,,1-1,38.4,16.6,5,464(+6),,,,[東]矢野英一,村田哲朗,140.0,202306030402
4,6,11,モノノフイエロー,牡3,56,伊藤工真,1:12.3,1.1/2,**,,,,,2-2,38.6,23.5,7,444(-2),,,,[東]伊坂重信,ウエスト．フォレスト．ステイブル,83.0,202306030402
5,7,14,ヤマニンファシオ,牡3,56,江田照男,1:12.8,2.1/2,**,,,,,5-5,38.6,9.9,3,458(+6),,,,[東]村田一誠,土井肇,55.0,202306030402
6,1,2,プリンシペペケニョ,牡3,54,原優介,1:12.9,1/2,**,,,,,7-8,38.6,28.0,8,426(+1),,,,[東]小笠倫弘,丸山担,,202306030402
7,8,16,アンプレッセシチー,牡3,55,永野猛蔵,1:12.9,クビ,**,,,,,4-3,39.0,11.0,4,504(-2),,,,[東]伊藤圭三,友駿ホースクラブ,,202306030402
8,2,3,オブシディアン,牡3,56,岩部純二,1:13.2,2,**,,,,,12-10,37.8,121.8,9,512(+8),,,,[東]浅野洋一,田頭勇貴,,202306030402
9,1,1,サラアデール,牝3,54,杉原誠人,1:13.3,クビ,**,,,,,9-9,38.2,17.7,6,454(-8),,,,[東]伊藤大士,玉腰勇吉,,202306030402
10,7,13,アスクトゥマッチ,牡3,53,佐々木大,1:13.8,3,**,,,,,2-3,40.0,371.6,15,422(-8),,,,[東]中舘英二,廣崎利洋,,202306030402
11,5,9,ダイノコクオウ,牡3,55,秋山稔樹,1:14.2,2.1/2,**,,,,,14-13,38.5,508.4,16,518(-2),,,,[東]清水英克,町田武,,202306030402
12,2,4,ロデオフリップ,牝3,54,柴田善臣,1:14.3,1/2,**,,,,,15-15,38.1,345.3,14,438(-12),,,,[東]石毛善彦,田頭勇貴,,202306030402
13,6,12,チェアアップソング,牡3,56,丹内祐次,1:15.1,5,**,,,,,12-13,39.6,150.2,12,476(0),,,,[東]大竹正博,ノルマンディーサラブレッドレーシング,,202306030402
14,3,5,ゴールドバッハ,牡3,52,小林美駒,1:15.1,クビ,**,,,,,16-16,37.6,128.4,11,484(0),,,,[東]鈴木慎太,吉川朋宏,,202306030402
15,5,10,ナックレガシー,牡3,56,木幡巧也,1:15.2,クビ,**,,,,,9-11,40.0,126.4,10,502(-10),,,,[東]杉浦宏昭,小松欣也,,202306030402
16,8,15,ラブラックヒルー,牝3,51,佐藤翔馬,1:16.2,6,**,,,,,11-12,40.9,205.4,13,452(-2),,,,[東]大和田成,増田陽一,,202306030402
1,4,5,ブライアンセンス,牡3,56,横山武史,1:55.9,,**,,,,,2-2-2-2,38.4,1.1,1,492(+2),,,,[東]斎藤誠,林正道,550.0,202306030403
2,1,1,トロピカルタウン,牡3,56,田辺裕信,1:56.5,4,**,,,,,4-3-4-3,38.8,20.1,2,466(0),,,,[東]伊坂重信,グリーンスウォード,220.0,202306030403
3,5,7,ニットウライジン,牡3,55,永野猛蔵,1:56.6,クビ,**,,,,,1-1-1-1,39.2,30.4,6,490(-6),,,,[東]稲垣幸雄,日東牧場,140.0,202306030403
4,7,10,ティアップエックス,牡3,56,内田博幸,1:56.7,3/4,**,,,,,2-3-3-3,39.1,58.5,8,530(+2),,,,[東]奥平雅士,田中昇,83.0,202306030403
5,4,4,ビルドラポール,牡3,56,丹内祐次,1:57.0,1.1/2,**,,,,,6-6-6-6,39.0,29.5,4,506(+6),,,,[東]西田雄一,ビッグレッドファーム,55.0,202306030403
6,6,8,サリーピルエット,牡3,56,津村明秀,1:57.4,2.1/2,**,,,,,4-5-4-5,39.6,22.6,3,510(-4),,,,[東]鈴木伸尋,黒須不二男,,202306030403
7,6,9,ペイシャハーメルン,牡3,56,江田照男,1:57.4,クビ,**,,,,,8-8-8-8,39.3,97.2,9,466(-2),,,,[東]蛯名利弘,北所直人,,202306030403
8,8,12,フィールザクラウン,牡3,56,北村宏司,1:57.5,1/2,**,,,,,10-8-9-9,39.3,29.7,5,424(0),,,,[東]伊藤大士,櫻井正,,202306030403
9,8,13,ラスターブラスター,牡3,53,石田拓郎,1:57.6,3/4,**,,,,,11-11-10-10,39.2,279.9,12,512(-6),,,,[東]宗像義忠,薗部博之,,202306030403
10,7,11,タイムトラベラー,牡3,53,西塚洸二,1:57.7,1/2,**,,,,,13-13-10-10,39.3,216.1,10,464(+10),,,,[東]佐藤吉勝,田頭勇貴,,202306030403
11,3,3,ノアタイクーン,牡3,56,武士沢友,1:57.7,ハナ,**,,,,,7-7-6-6,39.8,48.9,7,478(-6),,,,[東]鈴木慎太,佐山公男,,202306030403
12,2,2,ニシノスナイパー,牡3,53,佐藤翔馬,1:58.7,6,**,,,,,8-8-10-10,40.2,230.9,11,466(0),,,,[東]小桧山悟,西山茂行,,202306030403
13,5,6,トップビート,牡3,56,岩部純二,1:59.8,7,**,,,,,12-12-13-13,40.9,400.4,13,444(-6),,,,[東]萱野浩二,紅露純,,202306030403
1,6,6,ブルメンダール,牡5,60,蓑島靖典,3:14.6,,,,,,,2-2-2-2,13.5,1.5,1,466(-4),,,,[東]国枝栄,キャロットファーム,790.0,202306030404
2,8,8,アルジャンナ,セ6,60,小坂忠士,3:14.7,クビ,,,,,,1-1-1-1,13.5,7.3,3,458(-6),,,,[西]奥村豊,黒川暁子,320.0,202306030404
3,2,2,ダノンセレスタ,牡6,58,小牧加矢,3:16.3,10,,,,,,3-3-3-3,13.6,3.9,2,496(-8),,,,[西]音無秀孝,ダノックス,200.0,202306030404
4,8,9,ルレーヴドゥリリ,牝6,58,上野翔,3:16.6,1.1/2,,,,,,6-5-5-5,13.7,42.6,6,506(+10),,,,[東]田中剛,加藤誠,120.0,202306030404
5,4,4,スマートルミエール,牡6,60,五十嵐雄,3:19.0,大,,,,,,7-7-6-6,13.8,11.7,4,464(+16),,,,[東]高橋文雅,大川徹,79.0,202306030404
6,7,7,ブラックジャッカル,セ5,60,石神深一,3:19.3,2,,,,,,4-4-4-4,13.8,21.4,5,472(+6),,,,[東]和田正一,中村昭博,,202306030404
7,5,5,ウインレゼルヴ,牡6,60,江田勇亮,3:31.0,大,,,,,,8-8-8-7,14.7,70.3,8,518(+14),,,,[東]奥平雅士,ウイン,,202306030404
中,1,1,アップフルーク,牡4,59,大江原圭,,,,,,,,5-5-7,,125.9,9,512(+12),,,,[東]松山将樹,村山正道,,202306030404
中,3,3,サマーサプライズ,牡9,60,小野寺祐,,,,,,,,,,57.5,7,470(-2),,,,[西]宮本博,吉澤ホールディングス,,202306030404
1,5,6,シーズオブホープ,牡3,56,津村明秀,2:14.7,,**,,,,,7-7-8-3,35.5,5.4,3,470(-8),,,,[東]武市康男,トップフェロウ,550.0,202306030405
2,8,12,ボールドステート,牡3,56,石川裕紀,2:14.7,クビ,**,,,,,3-3-2-2,35.9,3.3,2,476(+2),,,,[東]尾形和幸,増田陽一,220.0,202306030405
3,3,3,ファンネルマーク,セ3,56,木幡巧也,2:15.4,4,**,,,,,10-10-10-10,35.9,26.6,8,516(-6),,,,[東]古賀慎明,キャロットファーム,140.0,202306030405
4,4,4,キラメクホシ,牡3,56,北村宏司,2:15.6,1.1/4,**,,,,,8-8-4-5,36.6,12.6,6,448(-4),,,,[東]伊藤大士,ミルファーム,83.0,202306030405
5,5,5,ロジシルバー,牝3,54,横山武史,2:15.7,クビ,**,,,,,2-1-1-1,37.1,3.2,1,488(-8),,,,[東]宮田敬介,久米田正明,55.0,202306030405
6,7,10,コルテローザ,牝3,54,柴田大知,2:15.9,1,**,,,,,5-5-6-5,36.8,6.2,4,480(-6),,,,[東]上原博之,ビッグレッドファーム,,202306030405
7,8,11,カドゥケウス,牡3,56,丹内祐次,2:16.0,1/2,**,,,,,6-5-6-8,36.9,64.7,11,484(-2),,,,[東]粕谷昌央,ビッグレッドファーム,,202306030405
8,6,7,シャイニーゼネラル,セ3,56,黛弘人,2:16.4,2.1/2,**,,,,,3-3-4-3,37.4,11.2,5,458(-2),,,,[東]武井亮,小林昌志,,202306030405
9,6,8,クリノクオン,牡3,56,松岡正海,2:16.4,アタマ,**,,,,,8-8-8-8,37.1,53.7,10,452(0),,,,[東]伊藤伸一,栗本博晴,,202306030405
10,1,1,ホシノスナ,牡3,56,菊沢一樹,2:16.5,クビ,**,,,,,11-10-11-10,36.9,23.9,7,546(0),,,,[西]杉山晴紀,ゴドルフィン,,202306030405
11,7,9,タイセイラプソディ,牡3,56,菅原明良,2:18.3,大,**,,,,,1-2-2-5,39.5,53.1,9,482(+6),,,,[東]栗田徹,田中成奉,,202306030405
12,2,2,レジオンドヌール,牡3,54,原優介,2:18.6,2,**,,,,,12-12-12-12,38.4,208.5,12,482(-6),,,,[東]粕谷昌央,岡田牧雄,,202306030405
1,7,13,シェットランド,牡3,56,田辺裕信,1:53.5,,**,,,,,1-1-1-1,38.1,20.4,5,546(+8),,,,[東]久保田貴,村木隆,780.0,202306030406
2,4,8,プレミアペガサス,牡3,56,吉田豊,1:53.9,2.1/2,**,,,,,5-5-3-3,38.1,1.5,1,508(-4),,,,[東]田中博康,鈴木剛史,310.0,202306030406
3,6,12,フラッパールック,牝3,54,横山武史,1:53.9,ハナ,**,,,,,2-2-3-3,38.2,5.0,2,458(+4),,,,[東]林徹,吉田千津,200.0,202306030406
4,4,7,ナチュラルハイ,牡3,56,丹内祐次,1:54.5,3.1/2,**,,,,,11-11-10-9,38.1,12.2,3,462(0),,,,[東]黒岩陽一,山口裕介,120.0,202306030406
5,1,2,マリアナトレンチ,牡3,55,角田大和,1:54.5,ハナ,**,,,,,9-9-10-7,38.1,23.2,7,468(0),,,,[西]音無秀孝,谷掛龍夫,78.0,202306030406
6,3,5,アレクサ,牡3,56,斎藤新,1:54.7,1.1/4,**,,,,,9-9-6-5,38.7,21.5,6,496(-2),,,,[東]斎藤誠,エクワインレーシング,,202306030406
7,8,15,セイカティターニア,牝3,52,横山琉人,1:54.9,1.1/2,**,,,,,3-3-5-5,39.0,87.4,11,406(-2),,,,[東]相沢郁,久米大,,202306030406
8,6,11,ピッチパーフェクト,牝3,53,永野猛蔵,1:55.7,5,**,,,,,12-11-2-2,40.3,63.7,10,476(0),,,,[東]伊藤圭三,ＯＵＭＡ,,202306030406
9,3,6,エスシービビ,牝3,51,小林勝太,1:55.9,1.1/4,**,,,,,3-3-6-7,39.9,92.2,13,460(+4),,,,[東]加藤士津,工藤圭司,,202306030406
10,2,3,ナムラアンソニー,牡3,56,津村明秀,1:56.3,2.1/2,**,,,,,7-6-6-9,40.3,44.1,8,492(-2),,,,[西]中竹和也,奈村睦弘,,202306030406
11,2,4,フランコルシャン,牡3,56,菅原明良,1:56.7,2.1/2,**,,,,,16-16-16-15,39.2,129.2,16,468(-4),,,,[東]高木登,ラ・メール,,202306030406
12,5,10,ツインビスケッツ,牝3,54,大野拓弥,1:56.7,ハナ,**,,,,,13-14-15-13,39.5,120.2,15,452(+14),,,,[東]新開幸一,会田浩史,,202306030406
13,1,1,タカシ,牡3,56,三浦皇成,1:56.8,1/2,**,,,,,15-14-13-11,39.9,15.9,4,532(+4),,,,[東]鹿戸雄一,三木正浩,,202306030406
14,5,9,ノイジーアプローチ,牡3,56,石橋脩,1:56.9,1/2,**,,,,,13-13-13-15,40.0,88.9,12,488(-2),,,,[東]手塚貴久,ゴドルフィン,,202306030406
15,7,14,フェブルウス,牡3,56,木幡巧也,1:59.1,大,**,,,,,7-8-12-13,42.5,62.5,9,464(0),,,,[東]上原博之,Ｇ１レーシング,,202306030406
16,8,16,マイネルズーメン,牡3,56,柴田大知,2:00.2,7,**,,,,,5-6-9-12,43.9,116.8,14,426(-6),,,,[東]和田勇介,サラブレッドクラブ・ラフィアン,,202306030406
1,6,12,モンタナアゲート,牡4,58,横山武史,1:33.9,,**,,,,,6-4-4,34.9,4.6,2,550(-6),,,,[東]和田正一,吉田勝己,800.0,202306030407
2,5,9,アルファウェーブ,セ6,58,北村宏司,1:34.0,1/2,**,,,,,3-4-4,35.0,8.4,4,538(-2),,,,[東]辻哲英,吉田勝己,320.0,202306030407
3,8,15,ニューノーマル,牝4,56,Ｍ．デム,1:34.0,クビ,**,,,,,3-6-6,34.7,11.0,5,452(0),,,,[東]上原佑紀,フィールドレーシング,200.0,202306030407
4,8,16,エールトゥヘヴン,牡4,58,田辺裕信,1:34.1,クビ,**,,,,,8-8-7,34.5,4.7,3,464(0),,,,[東]戸田博文,ＤＭＭドリームクラブ,120.0,202306030407
5,1,1,レディナビゲーター,牝4,56,三浦皇成,1:34.1,クビ,**,,,,,8-9-7,34.4,14.4,6,498(+2),,,,[東]萩原清,吉田勝己,80.0,202306030407
6,4,8,ビジュノワール,牝4,56,津村明秀,1:34.4,2,**,,,,,12-13-10,34.2,3.1,1,446(+2),,,,[東]中舘英二,吉田勝己,,202306030407
7,2,3,レッツリブオン,セ4,57,永野猛蔵,1:34.5,1/2,**,,,,,10-12-10,34.5,46.0,10,466(+4),,,,[東]伊藤大士,ミルファーム,,202306030407
8,7,14,インフィニタス,牝5,56,杉原誠人,1:34.6,クビ,**,,,,,12-10-10,34.7,76.8,11,478(+10),,,,[東]伊坂重信,Ｇ１レーシング,,202306030407
9,5,10,バーミリオンクリフ,牡4,58,柴田大知,1:34.8,1.1/4,**,,,,,10-10-10,34.9,22.1,9,486(-4),,,,[東]金成貴史,サンデーレーシング,,202306030407
10,2,4,ハッピープリベイル,牡4,58,丸山元気,1:34.8,ハナ,**,,,,,16-13-14,34.6,15.6,7,478(+6),,,,[東]根本康広,平賀久枝,,202306030407
11,1,2,ゼアズノープレイス,牡4,58,黛弘人,1:35.0,1.1/2,**,,,,,2-2-2,36.4,227.2,14,470(-5),,,,[東]村田一誠,谷口祐人,,202306030407
12,3,5,エスペラント,牡4,58,武藤雅,1:35.1,クビ,**,,,,,3-3-2,36.3,16.3,8,474(+10),,,,[東]武藤善則,キャロットファーム,,202306030407
13,3,6,ウォーカーテソーロ,牝4,54,原優介,1:35.3,1.1/4,**,,,,,7-6-7,35.9,117.4,12,430(-4),,,,[東]稲垣幸雄,了徳寺健二ホールディングス,,202306030407
14,4,7,マイネルヘリテージ,牡4,58,柴田善臣,1:35.4,1,**,,,,,1-1-1,36.8,176.8,13,424(+6),,,,[東]本間忍,梶原大輔,,202306030407
15,7,13,レッドアダン,セ6,56,横山琉人,1:35.6,1.1/4,**,,,,,12-15-16,34.9,228.9,15,466(-6),,,,[東]尾関知人,東京ホースレーシング,,202306030407
16,6,11,ニシノメグレス,牝4,53,佐藤翔馬,1:35.7,1/2,**,,,,,15-15-15,35.0,254.0,16,418(0),,,,[東]萱野浩二,西山茂行,,202306030407
1,5,5,ドゥレッツァ,牡3,56,横山武史,2:16.3,,**,,,,,4-4-4-2,33.9,1.7,1,464(+4),,,,[東]尾関知人,キャロットファーム,"1,084.7",202306030408
2,3,3,フロムナウオン,牡3,56,津村明秀,2:16.5,1,**,,,,,1-1-1-1,34.9,13.2,4,534(-8),,,,[東]手塚貴久,平田修,434.2,202306030408
3,6,6,アームブランシュ,牡3,56,吉田豊,2:16.5,クビ,**,,,,,6-6-5-2,34.0,2.2,2,458(+2),,,,[東]竹内正洋,古川一弘,272.1,202306030408
4,4,4,ペリプルス,牡3,56,柴田大知,2:17.1,3.1/2,**,,,,,3-3-3-2,34.9,18.5,5,436(-2),,,,[東]佐藤吉勝,ビッグレッドファーム,160.0,202306030408
5,2,2,エッグスラット,牡3,56,菅原明良,2:17.3,3/4,**,,,,,2-2-2-2,35.4,41.0,6,484(-2),,,,[東]矢野英一,Ｇ１レーシング,107.0,202306030408
6,1,1,ダッチアイリス,牝3,54,横山琉人,2:17.6,2,**,,,,,5-5-5-6,35.1,9.9,3,414(-6),,,,[東]相沢郁,杵臼牧場,,202306030408
1,3,3,ミルニュイ,牝4,56,原田和真,1:54.2,,**,,,,,1-1-1-1,39.0,19.1,6,520(0),,,,[東]栗田徹,小林昌子,800.0,202306030409
2,7,10,サイモンソーラン,牡4,58,吉田豊,1:55.2,6,**,,,,,10-10-9-8,38.9,17.1,5,482(0),,,,[東]勢司和浩,澤田昭紀,320.0,202306030409
3,2,2,カフェカルマ,牡4,57,永野猛蔵,1:55.3,クビ,**,,,,,13-13-11-10,38.8,4.3,3,532(+2),,,,[東]古賀慎明,西川光一,200.0,202306030409
4,8,13,コブラ,牡4,58,菊沢一樹,1:55.3,クビ,**,,,,,7-7-5-4,39.5,3.4,2,480(-4),,,,[東]菊沢隆徳,高瀬正志,120.0,202306030409
5,6,8,ホウオウニンジャ,牡4,58,丹内祐次,1:55.3,ハナ,**,,,,,3-3-3-3,39.7,9.5,4,544(+2),,,,[東]大竹正博,小笹芳央,80.0,202306030409
6,1,1,エコロカナワン,牡5,56,原優介,1:55.5,3/4,**,,,,,11-11-12-9,38.9,53.5,10,504(+8),,,,[東]武市康男,原村正紀,,202306030409
7,4,4,ヨドノドリーム,牡6,58,内田博幸,1:55.5,クビ,**,,,,,7-7-8-6,39.6,61.1,11,500(-4),,,,[東]稲垣幸雄,海原聖一,,202306030409
8,7,11,ブリンディジ,牡4,55,佐々木大,1:55.6,1/2,**,,,,,2-2-2-2,40.2,2.7,1,558(-6),,,,[東]岩戸孝樹,山田弘,,202306030409
9,4,5,ニシノフウジン,牡4,55,佐藤翔馬,1:56.6,6,**,,,,,12-11-12-12,39.9,90.4,12,466(-8),,,,[東]中野栄治,西山茂行,,202306030409
10,6,9,モメントグスタール,セ5,58,菅原明良,1:56.7,3/4,**,,,,,5-5-5-6,40.9,31.4,8,470(-2),,,,[東]高木登,ディアレストクラブ,,202306030409
11,5,6,メイプルプリン,牝4,56,丸田恭介,1:57.0,2,**,,,,,3-3-4-4,41.3,26.7,7,460(-2),,,,[東]南田美知,節英司,,202306030409
12,5,7,ライヴクラッカー,牡5,58,木幡巧也,1:58.7,10,**,,,,,9-9-9-10,42.5,42.8,9,494(-2),,,,[東]牧光二,澤田孝之,,202306030409
13,8,12,マイネルエール,セ4,57,秋山稔樹,1:59.1,2.1/2,**,,,,,5-5-5-12,43.3,107.4,13,446(-8),,,,[東]蛯名利弘,稲場澄,,202306030409
1,8,9,ラズベリームース,牝4,56,津村明秀,1:33.1,,**,,,,,2-2-2,35.4,4.1,2,506(+6),,,,[東]林徹,保坂和孝,"1,572.4",202306030410
2,3,3,ホウオウプレミア,牡4,58,内田博幸,1:33.5,2.1/2,**,,,,,7-6-4,35.4,1.7,1,482(0),,,,[東]奥村武,小笹芳央,626.4,202306030410
3,8,8,ノーダブルディップ,牡5,58,北村宏司,1:33.6,1/2,**,,,,,4-3-3,35.8,15.5,5,546(-8),,,,[東]古賀慎明,丸山担,393.2,202306030410
4,5,5,ワザモノ,牡5,58,Ｍ．デム,1:33.6,アタマ,**,,,,,9-9-9,34.6,12.3,4,494(-4),,,,[東]尾関知人,ノルマンディーサラブレッドレーシング,230.0,202306030410
5,7,7,ゲバラ,牡7,58,三浦皇成,1:33.7,1/2,**,,,,,8-8-6,35.2,28.0,7,482(-4),,,,[東]伊藤大士,ニッシンホールディングス,155.0,202306030410
6,6,6,アルママ,牡7,58,柴田大知,1:33.7,クビ,**,,,,,4-5-4,35.8,24.3,6,480(-2),,,,[東]畠山吉宏,ビッグレッドファーム,,202306030410
7,2,2,ロードカテドラル,牡4,58,菅原明良,1:33.8,1/2,**,,,,,4-7-6,35.6,5.5,3,504(+2),,,,[東]斎藤誠,ロードホースクラブ,,202306030410
8,1,1,マイネルダグラス,牡5,58,丹内祐次,1:34.5,4,**,,,,,1-1-1,37.1,63.5,8,514(+2),,,,[東]相沢郁,サラブレッドクラブ・ラフィアン,,202306030410
9,4,4,ライクアジュエリー,牝6,56,吉田豊,1:36.6,大,**,,,,,2-3-6,38.8,244.8,9,456(-16),,,,[東]戸田博文,青芝商事,,202306030410
1,4,5,テーオーシリウス,牡5,58,斎藤新,1:59.7,,**,,,,,1-1-1-1,35.8,59.8,10,468(0),,,,[西]奥村豊,小笹公也,"1,867.3",202306030411
2,7,11,エンペザー,牡4,58,菅原明良,2:00.6,5,**,,,,,2-2-2-2,34.7,11.8,6,490(+4),,,,[西]田中克典,リーヴァ,747.8,202306030411
3,8,13,サクセスシュート,牡4,58,田辺裕信,2:00.6,ハナ,**,,,,,10-10-9-8,33.8,3.9,2,486(0),,,,[東]久保田貴,柴田実千代,463.9,202306030411
4,2,2,サンストックトン,牡4,58,横山武史,2:00.7,クビ,**,,,,,10-10-9-8,33.9,2.9,1,466(-14),,,,[東]鹿戸雄一,加藤ステーブル,280.0,202306030411
5,6,9,ホウオウラスカーズ,牝5,56,大野拓弥,2:00.7,クビ,**,,,,,9-8-9-8,34.0,19.7,7,452(0),,,,[東]高木登,小笹芳央,184.0,202306030411
6,8,12,スパイラルノヴァ,牡5,58,Ｍ．デム,2:00.8,1/2,**,,,,,7-8-6-6,34.2,5.8,3,486(-2),,,,[西]藤岡健一,フクキタル,,202306030411
7,6,8,アインゲーブング,牝5,56,柴田大知,2:01.1,1.3/4,**,,,,,6-6-6-6,34.5,26.6,8,448(0),,,,[東]黒岩陽一,サラブレッドクラブ・ラフィアン,,202306030411
8,4,4,リノキアナ,牝6,56,原優介,2:01.1,クビ,**,,,,,7-6-6-8,34.6,119.9,12,438(0),,,,[西]谷潔,松岡雅昭,,202306030411
9,1,1,ダノンドリーマー,牡5,58,吉田豊,2:01.3,1.1/4,**,,,,,12-12-12-12,34.2,96.0,11,484(+4),,,,[西]藤原英昭,ダノックス,,202306030411
10,5,6,モーソンピーク,牡6,58,石川裕紀,2:01.4,3/4,**,,,,,4-4-4-2,35.1,8.3,5,500(-6),,,,[東]国枝栄,シルクレーシング,,202306030411
11,7,10,マイネルマーティン,牡5,58,丹内祐次,2:01.5,クビ,**,,,,,3-3-3-2,35.3,39.7,9,514(+4),,,,[東]菊沢隆徳,サラブレッドクラブ・ラフィアン,,202306030411
12,3,3,ブルーロワイヤル,セ4,58,角田大和,2:01.6,3/4,**,,,,,5-4-4-2,35.3,7.3,4,510(-10),,,,[西]音無秀孝,サンデーレーシング,,202306030411
除,5,7,ファユエン,牝5,56,北村宏司,,,,,,,,,,---,,472(-2),,,,[東]勢司和浩,谷岡毅,,202306030411
1,7,14,ヴァンデリオン,牡6,58,Ｍ．デム,1:11.1,,**,,,,,2-4,36.8,8.7,3,498(-4),,,,[東]根本康広,サザンホールディング,"1,140.0",202306030412
2,8,16,ニルカンタテソーロ,牡6,58,丹内祐次,1:11.1,アタマ,**,,,,,7-7,36.1,9.6,4,448(-4),,,,[東]小手川準,了徳寺健二ホールディングス,460.0,202306030412
3,8,15,スズカサウスソング,牡6,54,小林美駒,1:11.1,アタマ,**,,,,,2-2,36.8,45.9,11,498(-6),,,,[東]伊藤圭三,永井啓弍,290.0,202306030412
4,5,9,ブルースコード,牡5,57,永野猛蔵,1:11.4,1.3/4,**,,,,,1-1,37.2,10.9,5,494(+2),,,,[東]伊藤圭三,ビクトリーホースランチ,170.0,202306030412
5,6,11,ウィンダミア,牡4,58,丸山元気,1:11.7,1.1/2,**,,,,,11-11,36.1,3.6,2,466(-2),,,,[東]林徹,広尾レース,114.0,202306030412
6,6,12,バスマティ,牝4,56,木幡育也,1:11.8,1,**,,,,,5-5,37.1,55.3,14,454(-2),,,,[東]蛯名正義,多田信尊,,202306030412
7,5,10,パルデンス,牡5,56,横山琉人,1:11.9,クビ,**,,,,,7-7,36.9,51.5,13,498(0),,,,[東]中野栄治,山本三津子,,202306030412
8,1,2,グアドループ,牡5,58,大野拓弥,1:12.0,3/4,**,,,,,7-9,37.0,62.1,16,550(+10),,,,[東]田村康仁,平井裕,,202306030412
9,3,6,サトノワールド,牡6,55,西塚洸二,1:12.2,1.1/4,**,,,,,13-12,36.2,19.6,6,506(-16),,,,[東]国枝栄,里見治,,202306030412
10,4,7,アーサーテソーロ,牡4,58,江田照男,1:12.2,アタマ,**,,,,,13-14,36.2,49.3,12,528(+2),,,,[東]栗田徹,了徳寺健二ホールディングス,,202306030412
11,3,5,アリススプリングス,牝4,56,菅原明良,1:12.3,クビ,**,,,,,2-2,38.1,23.2,8,444(-4),,,,[東]高橋裕,アラキファーム,,202306030412
12,2,3,ティントリップ,牝4,56,横山武史,1:12.4,1/2,**,,,,,11-12,36.8,2.9,1,482(+6),,,,[東]上原佑紀,中村祐子,,202306030412
13,4,8,アメトリーチェ,牝4,53,小林勝太,1:12.4,クビ,**,,,,,10-9,37.3,24.2,9,478(-2),,,,[東]加藤士津,ノルマンディーサラブレッドレーシング,,202306030412
14,7,13,シュロス,牡7,56,原優介,1:12.8,2.1/2,**,,,,,15-16,36.4,22.9,7,508(-4),,,,[東]嘉藤貴行,嶋田賢,,202306030412
15,2,4,ペガサスターボ,牡6,58,内田博幸,1:13.0,1.1/4,**,,,,,16-15,36.5,59.1,15,514(-8),,,,[東]勢司和浩,坪野谷和平,,202306030412
16,1,1,ヴァンヌ,牡5,58,武藤雅,1:13.1,1,**,,,,,5-6,38.3,28.4,10,500(-4),,,,[東]武藤善則,杉山忠国,,202306030412
1,2,3,エンプレスペイ,牝3,54,武豊,1:55.3,,**,,,,,1-1-1-1,39.1,3.2,2,436(0),,,,[西]武幸四郎,ＤＭＭドリームクラブ,550.0,202306030501
2,3,6,パールシェル,牝3,54,ルメール,1:55.5,1,**,,,,,2-2-2-2,39.2,6.5,3,452(+4),,,,[東]萩原清,Ｇ１レーシング,220.0,202306030501
3,1,1,シグナルファイアー,牝3,54,武士沢友,1:55.6,1,**,,,,,6-6-8-4,38.8,31.1,7,478(+4),,,,[東]水野貴広,藤田在子,140.0,202306030501
4,1,2,グレイウェザーズ,牝3,54,横山武史,1:56.3,4,**,,,,,6-6-6-7,39.6,2.4,1,430(-6),,,,[東]西田雄一,サンデーレーシング,83.0,202306030501
5,6,12,ムーランブルー,牝3,54,田辺裕信,1:56.7,2.1/2,**,,,,,9-9-8-9,39.8,12.1,5,494(-10),,,,[東]久保田貴,村上卓史,55.0,202306030501
6,7,13,ワラッテユルシテ,牝3,53,永野猛蔵,1:56.9,1,**,,,,,11-11-10-9,39.8,263.8,15,504(0),,,,[東]佐藤吉勝,片山博志,,202306030501
7,8,15,ジュエルマイスター,牝3,54,内田博幸,1:57.1,1,**,,,,,16-16-14-12,38.9,122.0,12,472(0),,,,[東]辻哲英,池田草龍,,202306030501
8,3,5,レジーナヌーボ,牝3,54,津村明秀,1:57.4,1.3/4,**,,,,,3-3-3-3,40.9,84.0,10,416(-6),,,,[東]武市康男,永山勝敏,,202306030501
9,2,4,ジャパンノウレッジ,牝3,54,小崎綾也,1:57.4,クビ,**,,,,,3-3-3-4,40.9,15.4,6,460(-2),,,,[西]寺島良,グリーンファーム,,202306030501
10,5,10,ダイヤプリーモ,牝3,51,小林勝太,1:57.6,1.1/4,**,,,,,9-9-12-12,40.0,93.0,11,452(+8),,,,[東]小野次郎,大野數芳,,202306030501
11,6,11,ジラソーレ,牝3,54,石橋脩,1:57.6,ハナ,**,,,,,13-11-11-11,40.3,134.7,13,492(0),,,,[東]大和田成,村野康司,,202306030501
12,7,14,ラビアンムーン,牝3,54,横山和生,1:58.3,4,**,,,,,6-6-6-7,41.6,36.4,8,456(+2),,,,[東]嘉藤貴行,嶋田賢,,202306030501
13,4,8,サティンボディス,牝3,54,戸崎圭太,1:58.6,1.3/4,**,,,,,3-3-3-4,42.1,8.3,4,476(+2),,,,[東]栗田徹,ゴドルフィン,,202306030501
14,5,9,スティールユアラブ,牝3,54,野中悠太,2:00.0,8,**,,,,,15-15-14-14,41.8,500.0,16,460(-1),,,,[東]根本康広,田頭勇貴,,202306030501
15,4,7,クインズクシナダ,牝3,54,大野拓弥,2:00.0,クビ,**,,,,,11-11-13-16,41.9,208.7,14,448(+6),,,,[東]池上昌和,ケイアイスタリオン,,202306030501
16,8,16,コラエテーナ,牝3,54,北村宏司,2:01.6,10,**,,,,,13-11-14-15,43.4,70.4,9,504(0),,,,[東]伊藤大士,ニッシンホールディングス,,202306030501
1,6,12,ウォーターリーダー,牡3,56,戸崎圭太,1:11.8,,**,,,,,5-4,37.5,3.0,2,436(-2),,,,[西]安田隆行,山岡正人,550.0,202306030502
2,1,2,ロジブライアン,牡3,55,永野猛蔵,1:12.1,2,**,,,,,1-1,38.3,36.3,8,520(+8),,,,[東]稲垣幸雄,久米田正明,220.0,202306030502
3,4,7,マローディープ,セ3,56,北村宏司,1:12.5,2,**,,,,,8-6,38.0,2.6,1,494(-4),,,,[東]木村哲也,シルクレーシング,140.0,202306030502
4,3,6,トリオーレ,牡3,56,横山和生,1:12.7,1,**,,,,,3-2,38.6,8.0,4,478(-2),,,,[東]嘉藤貴行,ノルマンディーサラブレッドレーシング,83.0,202306030502
5,8,15,バンブトンプロ,牡3,56,柴田大知,1:12.7,クビ,**,,,,,9-8,38.0,29.9,6,474(-6),,,,[東]粕谷昌央,樋口正蔵,55.0,202306030502
6,5,9,ハクサンブリエ,牝3,54,Ｍ．デム,1:12.8,1/2,**,,,,,12-12,37.5,6.5,3,456(-6),,,,[東]菊川正達,河崎五市,,202306030502
7,1,1,ジュレーヴ,牡3,56,坂井瑠星,1:13.0,1,**,,,,,3-4,38.9,10.6,5,438(0),,,,[東]堀内岳志,中村祐子,,202306030502
8,8,16,デルマネコダマシ,牝3,54,吉田豊,1:13.1,1/2,**,,,,,11-11,38.2,43.8,9,458(+6),,,,[東]尾関知人,浅沼廣幸,,202306030502
9,2,4,マッティーナ,牡3,56,石橋脩,1:13.2,3/4,**,,,,,6-8,38.8,30.9,7,516(-6),,,,[東]斎藤誠,大野富生,,202306030502
10,7,13,ケレンシア,牝3,54,武士沢友,1:13.4,3/4,**,,,,,14-14,38.0,351.8,14,460(-4),,,,[東]村田一誠,ミルファーム,,202306030502
11,7,14,フジマサメジャー,牡3,56,野中悠太,1:13.5,1/2,**,,,,,9-8,38.8,45.0,10,484(-4),,,,[東]菊川正達,藤原正一,,202306030502
12,5,10,アトリーテソーロ,牡3,56,荻野極,1:13.5,ハナ,**,,,,,16-16,37.6,142.0,12,466(-6),,,,[東]武市康男,了徳寺健二ホールディングス,,202306030502
13,4,8,シークレットトーク,牡3,53,小林勝太,1:13.8,1.3/4,**,,,,,2-2,39.9,55.4,11,468(-4),,,,[東]加藤士津,石川佳弘,,202306030502
14,2,3,シゲルプレジール,牡3,56,武藤雅,1:14.3,3,**,,,,,12-12,39.0,217.4,13,456(0),,,,[東]水野貴広,森中啓子,,202306030502
15,6,11,レオニーノ,セ3,56,小崎綾也,1:14.3,クビ,**,,,,,15-14,38.7,382.7,15,468(0),,,,[西]牧田和弥,畑佐博,,202306030502
16,3,5,アイアンランラン,牝3,54,岩部純二,1:15.6,8,**,,,,,6-6,41.2,594.6,16,420(-4),,,,[東]南田美知,池上一馬,,202306030502
1,1,1,ジェントルタッチ,牡3,56,坂井瑠星,1:54.2,,**,,,,,1-1-1-1,38.2,2.0,2,508(-6),,,,[東]武井亮,フィールドレーシング,550.0,202306030503
2,4,4,ロジホーム,牡3,56,西村太一,1:54.8,3.1/2,**,,,,,2-2-2-2,38.6,61.3,7,550(0),,,,[東]大竹正博,久米田正明,220.0,202306030503
3,5,5,コルサファターレ,牡3,56,ルメール,1:55.1,1.3/4,**,,,,,3-3-3-3,38.0,1.7,1,512(+6),,,,[東]中川公成,シルクレーシング,140.0,202306030503
4,7,9,チーフインザスカイ,牡3,56,北村宏司,1:57.1,大,**,,,,,4-4-3-4,39.9,173.1,11,422(-4),,,,[東]大和田成,阿部善武,83.0,202306030503
5,6,6,ハットグットゲット,牡3,56,菅原明良,1:57.1,クビ,**,,,,,6-6-5-5,39.6,26.8,3,530(-1),,,,[東]杉浦宏昭,小林善一,55.0,202306030503
6,2,2,テイエムバクソウ,牡3,56,丸田恭介,1:57.3,3/4,**,,,,,8-8-9-8,39.4,43.0,5,494(-6),,,,[西]高橋康之,竹園正繼,,202306030503
7,6,7,クリスマスディナー,牡3,55,永野猛蔵,1:57.6,1.3/4,**,,,,,8-9-5-6,40.0,118.8,10,442(0),,,,[東]和田勇介,吉田千津,,202306030503
8,7,8,キョウエイルーマー,牡3,56,江田照男,1:57.8,1.1/4,**,,,,,7-6-9-9,40.0,36.3,4,450(-2),,,,[東]萱野浩二,田中晴夫,,202306030503
9,3,3,ラフィネクリール,牡3,56,武藤雅,1:58.6,5,**,,,,,10-10-5-6,41.1,52.4,6,494(-8),,,,[東]武藤善則,ノースヒルズ,,202306030503
10,8,10,オセアマジェスティ,牡3,56,野中悠太,1:59.5,5,**,,,,,11-11-11-11,41.3,96.6,9,450(0),,,,[東]菊川正達,ＸＩＡＯジャパン,,202306030503
11,8,11,レッドジャルダン,牡3,56,三浦皇成,2:01.1,10,**,,,,,4-4-5-10,43.6,61.9,8,510(-10),,,,[西]西園翔太,東京ホースレーシング,,202306030503
1,7,13,ワールズコライド,牡3,56,ルメール,1:11.8,,**,,,,,6-6,37.7,2.6,1,534(0),,,,[東]堀宣行,ゴドルフィン,550.0,202306030504
2,6,12,エクトゥシュタール,牡3,56,柴田大知,1:11.9,3/4,**,,,,,4-3,38.0,4.5,2,450(+6),,,,[東]和田雄二,ヒダカ・ブリーダーズ・ユニオン,220.0,202306030504
3,3,5,フォーサイティド,牝3,54,菅原明良,1:12.3,2.1/2,**,,,,,9-9,37.4,5.6,3,486(-6),,,,[西]茶木太樹,飯田正剛,140.0,202306030504
4,8,16,シャトーボビー,牡3,56,Ｍ．デム,1:12.6,1.3/4,**,,,,,4-3,38.7,7.7,4,462(-8),,,,[東]菊川正達,徳増栄治,83.0,202306030504
5,4,8,イナホ,牝3,54,坂井瑠星,1:12.6,クビ,**,,,,,1-1,39.2,47.1,8,454(+6),,,,[東]小桧山悟,中村勝彦,55.0,202306030504
6,2,4,ニトロジャーニー,牡3,56,横山武史,1:12.8,1.1/4,**,,,,,2-3,39.2,11.1,6,492(+8),,,,[東]武井亮,ＴＮレーシング,,202306030504
7,1,1,リュウキシ,牡3,56,内田博幸,1:13.1,2,**,,,,,10-9,38.1,259.5,11,502(0),,,,[西]畑端省吾,二口雅一,,202306030504
8,2,3,プラチナリボン,牡3,56,小崎綾也,1:13.2,クビ,**,,,,,8-8,38.5,455.7,15,468(+2),,,,[西]高橋康之,三宅勝俊,,202306030504
9,6,11,メイショウカジキ,牡3,56,三浦皇成,1:13.3,3/4,**,,,,,11-11,37.9,48.1,9,460(-6),,,,[西]梅田智之,松本好雄,,202306030504
10,8,15,ロッカバラード,牡3,56,木幡育也,1:13.4,1/2,**,,,,,6-7,39.3,85.1,10,448(-2),,,,[東]田島俊明,岡田牧雄,,202306030504
11,3,6,マテンロウブルース,牡3,56,荻野極,1:13.7,1.3/4,**,,,,,15-15,37.7,421.2,14,444(0),,,,[東]浅野洋一,田頭勇貴,,202306030504
12,7,14,マリノシュライエン,牝3,51,小林勝太,1:13.9,1.1/4,**,,,,,13-13,38.3,622.1,16,416(-6),,,,[東]小野次郎,矢野恭裕,,202306030504
13,5,9,レグルレガリス,セ3,56,田辺裕信,1:14.1,1.1/2,**,,,,,3-2,40.4,14.7,7,440(-4),,,,[東]尾形和幸,ノルマンディーサラブレッドレーシング,,202306030504
14,4,7,ドラヴァイト,牡3,56,丸田恭介,1:14.2,1/2,**,,,,,13-14,38.6,417.1,13,440(-11),,,,[東]加藤和宏,岡田牧雄,,202306030504
15,1,2,ロマンスハイウェイ,牡3,55,永野猛蔵,1:14.3,3/4,**,,,,,16-15,37.7,389.0,12,478(-4),,,,[東]伊藤圭三,星野隆男,,202306030504
16,5,10,トウショウリッジ,牡3,56,岩部純二,1:15.3,6,**,,,,,11-11,39.9,7.8,5,488(-6),,,,[東]萱野浩二,トウショウ産業,,202306030504
1,7,14,ハガネ,牡3,56,津村明秀,2:03.0,,**,,,,,10-9-7-6,36.5,11.1,5,456(-4),,,,[東]斎藤誠,佐藤守宏,550.0,202306030505
2,1,2,オクタヴィアヌス,牡3,56,北村宏司,2:03.1,クビ,**,,,,,5-6-5-5,36.7,2.8,1,508(0),,,,[東]木村哲也,山本英俊,220.0,202306030505
3,2,4,スピーディブレイク,牡3,56,横山武史,2:03.2,1,**,,,,,12-12-10-8,36.4,3.2,2,428(-8),,,,[東]村田一誠,嶋田賢,140.0,202306030505
4,7,15,プラニスフェリオ,牡3,56,戸崎圭太,2:03.5,1.3/4,**,,,,,3-2-2-2,37.4,10.8,4,502(-2),,,,[西]牧浦充徳,水上行雄,83.0,202306030505
5,4,7,セントアイヴス,牡3,56,吉田豊,2:03.7,1.1/4,**,,,,,12-12-10-10,36.9,94.1,10,498(0),,,,[東]中舘英二,広尾レース,55.0,202306030505
6,6,11,エディストーン,牡3,56,ルメール,2:04.0,1.1/2,**,,,,,5-4-4-4,37.7,4.9,3,500(0),,,,[東]田中博康,シルクレーシング,,202306030505
7,8,17,オウケンライト,牡3,56,木幡育也,2:04.1,3/4,**,,,,,12-14-13-10,37.2,280.2,14,476(0),,,,[東]勢司和浩,福井明,,202306030505
8,5,10,ベルウッドミカサ,牡3,56,石橋脩,2:04.1,ハナ,**,,,,,8-6-7-6,37.5,28.5,7,430(0),,,,[東]牧光二,鈴木照雄,,202306030505
9,8,16,レインボーウォリア,セ3,55,永野猛蔵,2:04.8,4,**,,,,,18-18-18-16,37.2,231.5,13,434(-12),,,,[東]伊坂重信,ミルファーム,,202306030505
10,4,8,ナイトブレーカー,牡3,56,三浦皇成,2:04.9,3/4,**,,,,,1-1-1-1,38.8,14.1,6,470(+8),,,,[東]武井亮,ＴＮレーシング,,202306030505
11,3,5,マイネルボンバー,牡3,56,野中悠太,2:05.3,2.1/2,**,,,,,11-11-13-10,38.4,335.4,15,462(+4),,,,[東]武藤善則,サラブレッドクラブ・ラフィアン,,202306030505
12,8,18,ボンフェット,牡3,53,小林勝太,2:05.4,3/4,**,,,,,8-9-10-13,38.7,226.0,11,474(-14),,,,[東]加藤征弘,栗坂崇,,202306030505
13,6,12,ジャガンナート,牡3,56,武藤雅,2:05.6,3/4,**,,,,,2-2-2-2,39.5,226.4,12,498(-6),,,,[東]高木登,山藤賢,,202306030505
14,3,6,カガカーニバル,セ3,56,丸田恭介,2:05.6,クビ,**,,,,,3-4-5-8,39.2,472.9,18,462(+2),,,,[東]萱野浩二,香川憲次,,202306030505
15,2,3,ジョイパピエーダ,牡3,56,柴田大知,2:05.7,1/2,**,,,,,16-15-15-13,38.6,413.9,17,448(+10),,,,[東]佐藤吉勝,西村亮二,,202306030505
16,1,1,スペロ,牝3,54,菅原明良,2:05.8,1/2,**,,,,,15-15-15-16,38.7,44.1,9,460(+6),,,,[東]矢野英一,Ｇリビエール・レーシング,,202306030505
17,7,13,モーニングビーチ,牡3,56,江田照男,2:06.7,5,**,,,,,5-6-7-13,40.1,398.9,16,434(0),,,,[東]和田正一,スピードファーム,,202306030505
18,5,9,キャナルロックス,牡3,56,坂井瑠星,2:10.3,大,**,,,,,16-15-17-18,43.1,31.1,8,478(0),,,,[東]黒岩陽一,水上行雄,,202306030505
1,4,7,マンノライトニング,牡3,53,小林勝太,1:55.2,,**,,,,,1-1-1-1,39.4,6.8,3,462(-8),,,,[西]角田晃一,萬野順啓,550.0,202306030506
2,3,5,トーセンサウダージ,牡3,56,大野拓弥,1:55.3,1,**,,,,,7-6-7-3,39.0,7.1,5,490(-8),,,,[東]杉浦宏昭,島川隆哉,220.0,202306030506
3,2,3,ミエノサンダー,牡3,56,丸田恭介,1:55.5,1,**,,,,,9-9-8-6,38.9,9.2,6,490(+4),,,,[東]宗像義忠,里見美惠子,140.0,202306030506
4,7,12,アストロアイガー,牡3,56,田辺裕信,1:55.6,1/2,**,,,,,3-3-2-2,39.6,20.5,9,510(-10),,,,[東]中舘英二,畑佐博,83.0,202306030506
5,1,1,ディズレーリ,牡3,56,横山武史,1:55.7,クビ,**,,,,,3-3-5-3,39.5,3.8,1,520(+12),,,,[東]池上昌和,社台レースホース,55.0,202306030506
6,6,10,バルフォアテソーロ,牡3,56,戸崎圭太,1:55.7,ハナ,**,,,,,8-8-4-3,39.6,3.8,2,482(-2),,,,[東]高木登,了徳寺健二ホールディングス,,202306030506
7,3,4,グランデボスコ,牡3,56,菅原明良,1:56.2,3,**,,,,,9-9-9-9,39.5,199.0,12,454(-2),,,,[東]新開幸一,大森悌次,,202306030506
8,4,6,セイウンデイスター,牡3,56,江田照男,1:56.2,ハナ,**,,,,,13-13-12-11,38.9,142.2,10,448(0),,,,[東]萱野浩二,西山茂行,,202306030506
9,2,2,アイゼンヴァンド,牡3,55,永野猛蔵,1:56.3,3/4,**,,,,,11-11-11-10,39.3,268.5,13,490(0),,,,[東]稲垣幸雄,ウエスト．フォレスト．ステイブル,,202306030506
10,5,9,ロゴナンバーワン,牝3,54,横山和生,1:56.4,1/2,**,,,,,3-5-5-6,40.2,14.8,7,434(-8),,,,[東]小野次郎,イーデン産業,,202306030506
11,6,11,クールサムタイム,牡3,56,Ｍ．デム,1:57.5,7,**,,,,,11-11-9-11,40.8,7.1,4,482(0),,,,[東]矢野英一,川上哲司,,202306030506
12,5,8,サクラストリーム,牡3,56,柴田大知,1:58.4,5,**,,,,,15-14-14-13,40.5,181.4,11,512(+6),,,,[東]金成貴史,さくらコマース,,202306030506
13,8,15,ショウナンバトン,牡3,56,坂井瑠星,1:58.8,2.1/2,**,,,,,2-2-2-6,42.8,19.6,8,490(-6),,,,[東]加藤士津,湘南,,202306030506
14,8,14,ヒロノサクセス,牡3,56,北村宏司,1:59.9,7,**,,,,,14-14-15-15,41.5,540.7,14,414(-6),,,,[東]大和田成,石川博,,202306030506
15,7,13,ショウリノシナリオ,牡3,56,野中悠太,2:01.4,9,**,,,,,6-6-12-13,44.1,610.4,15,476(-8),,,,[東]根本康広,福田光博,,202306030506
1,7,7,ミッキーゴージャス,牝3,54,戸崎圭太,1:49.5,,**,,,,,3-3-2-3,35.0,1.4,1,436(-4),,,,[西]安田隆行,野田みづき,780.0,202306030507
2,1,1,アップトゥミー,牝3,54,田辺裕信,1:49.7,1.1/4,**,,,,,8-7-4-3,35.1,5.3,2,474(-8),,,,[東]国枝栄,金子真人ホールディングス,310.0,202306030507
3,7,8,メランポジューム,牝3,54,坂井瑠星,1:50.4,4,**,,,,,5-4-5-5,35.6,8.4,4,450(0),,,,[西]高野友和,ノースヒルズ,200.0,202306030507
4,2,2,ベレザニーニャ,牝3,54,小崎綾也,1:50.5,1/2,**,,,,,2-2-2-2,36.1,19.8,5,452(-6),,,,[西]小崎憲,一村哲也,120.0,202306030507
5,4,4,チャイボーグ,牝3,54,菅原隆一,1:51.0,3,**,,,,,9-9-9-9,35.6,284.2,9,466(-2),,,,[東]的場均,田頭勇貴,78.0,202306030507
6,6,6,アイラブユー,牝3,53,永野猛蔵,1:51.4,2.1/2,**,,,,,6-6-7-6,36.2,265.6,8,416(-6),,,,[東]蛯名利弘,ミルファーム,,202306030507
7,8,10,エナジーチャイム,牝3,54,ルメール,1:51.4,クビ,**,,,,,1-1-1-1,37.1,5.4,3,426(0),,,,[東]手塚貴久,シルクレーシング,,202306030507
8,5,5,スキップアビート,牝3,54,江田照男,1:51.8,2.1/2,**,,,,,7-7-7-6,36.6,209.0,7,364(-4),,,,[東]南田美知,ミルファーム,,202306030507
9,8,9,シエルリーナ,牝3,54,野中悠太,1:52.3,3,**,,,,,10-10-10-10,36.0,336.8,10,406(-2),,,,[東]根本康広,八嶋長久,,202306030507
10,3,3,ヒラボクケリー,牝3,54,津村明秀,1:53.3,6,**,,,,,4-4-5-6,38.6,66.4,6,458(-8),,,,[西]寺島良,平田牧場,,202306030507
1,2,2,ローズピリオド,牡4,58,横山武史,1:54.5,,**,,,,,3-3-4-2,37.5,4.6,2,496(+6),,,,[東]中川公成,ビッグレッドファーム,800.0,202306030508
2,1,1,アーバンデザイン,牡4,58,坂井瑠星,1:55.2,4,**,,,,,1-1-1-1,38.5,4.7,3,522(+10),,,,[東]和田雄二,社台レースホース,320.0,202306030508
3,7,10,フォーワンセルフ,牡4,58,横山和生,1:55.2,クビ,**,,,,,9-8-4-2,38.1,4.5,1,524(-2),,,,[東]小桧山悟,アドバンス・サッポロ,200.0,202306030508
4,8,12,トリグラフ,牡4,57,永野猛蔵,1:55.3,1/2,**,,,,,12-12-11-9,37.9,9.8,6,458(-4),,,,[東]松山将樹,山口裕介,120.0,202306030508
5,5,5,クーシフォン,牝4,56,石橋脩,1:55.4,1/2,**,,,,,3-3-2-2,38.6,42.2,9,456(-12),,,,[東]牧光二,水上行雄,80.0,202306030508
6,8,11,サプライズビュー,牡5,58,田辺裕信,1:56.0,3.1/2,**,,,,,10-10-9-5,38.7,5.3,4,506(-4),,,,[東]栗田徹,ＣＨＥＶＡＬＡＴＴＡＣＨＥ,,202306030508
7,5,6,クールシェルタ,牡4,58,戸崎圭太,1:56.3,1.1/2,**,,,,,7-8-9-11,39.0,7.1,5,496(-10),,,,[東]高橋裕,ディアレストクラブ,,202306030508
8,7,9,モール,牡4,58,内田博幸,1:56.3,クビ,**,,,,,10-10-12-12,38.6,124.6,10,486(+2),,,,[東]小手川準,ローレルレーシング,,202306030508
9,6,8,ラジエル,牝4,56,菅原明良,1:56.4,1/2,**,,,,,5-5-4-5,39.4,11.3,7,458(-2),,,,[東]宮田敬介,シルクレーシング,,202306030508
10,3,3,ゲキザル,牡4,58,野中悠太,1:56.7,1.1/2,**,,,,,2-2-2-5,39.9,196.2,11,458(-12),,,,[東]青木孝文,橘倍男,,202306030508
11,6,7,クリノヴィンセント,牡6,58,木幡初也,1:57.3,3.1/2,**,,,,,5-5-4-9,40.2,350.3,12,500(+10),,,,[東]本間忍,栗本博晴,,202306030508
中,4,4,セイウンオードリー,牡5,58,江田照男,,,,,,,,7-5-8-5,,20.4,8,508(-4),,,,[東]深山雅史,西山茂行,,202306030508
1,8,16,ドリームビリーバー,牡4,58,ルメール,1:10.7,,**,,,,,2-2,36.9,1.7,1,470(0),,,,[東]戸田博文,平井裕,"1,587.1",202306030509
2,3,6,ダイシンウィット,牡6,58,武藤雅,1:10.9,1.1/2,**,,,,,6-3,36.7,209.1,14,518(+16),,,,[東]小笠倫弘,大八木信行,630.6,202306030509
3,6,12,エクサープト,牝4,56,石橋脩,1:10.9,アタマ,**,,,,,1-1,37.1,21.4,6,480(-6),,,,[西]石坂公一,水上行雄,395.3,202306030509
4,7,14,ヨーデル,牡4,58,武豊,1:11.1,1,**,,,,,7-7,36.7,17.4,4,514(+2),,,,[西]森秀行,小松達昌,230.0,202306030509
5,2,4,エバーサニーハート,牡5,58,大庭和弥,1:11.2,3/4,**,,,,,4-3,37.1,100.1,11,498(+10),,,,[東]小手川準,堀口晴男,155.0,202306030509
6,8,15,レイテントロアー,牡6,58,横山和生,1:11.2,ハナ,**,,,,,12-12,36.0,17.8,5,486(-2),,,,[東]嘉藤貴行,矢野秀春,,202306030509
7,5,10,トウカイファクター,牡4,58,内田博幸,1:11.3,アタマ,**,,,,,4-3,37.2,43.4,8,468(+2),,,,[東]菊川正達,内村正則,,202306030509
8,2,3,ナツイチバン,牝4,56,武士沢友,1:11.4,1/2,**,,,,,9-9,36.8,173.3,12,460(0),,,,[東]村田一誠,鈴木康弘,,202306030509
9,4,7,カイタロー,牡4,58,田辺裕信,1:11.7,1.3/4,**,,,,,3-3,37.7,3.5,2,470(0),,,,[東]和田雄二,本田恒雄,,202306030509
10,6,11,ウメタロウ,牡8,58,丸田恭介,1:11.8,1/2,**,,,,,9-10,37.1,227.3,15,512(-6),,,,[東]伊藤大士,ミルファーム,,202306030509
11,5,9,ゲンパチプライド,牡4,58,戸崎圭太,1:11.8,ハナ,**,,,,,14-14,36.2,7.4,3,494(0),,,,[東]西田雄一,平野武志,,202306030509
12,1,1,タイセイジャスパー,牡4,58,永野猛蔵,1:11.9,3/4,**,,,,,15-15,36.1,84.6,10,502(-4),,,,[東]伊藤圭三,田中成奉,,202306030509
13,7,13,バーンパッション,牡6,58,菅原明良,1:12.0,クビ,**,,,,,13-13,36.6,186.2,13,480(-2),,,,[東]中川公成,岡田牧雄,,202306030509
14,3,5,ノボベルサイユ,牝5,56,Ｍ．デム,1:12.0,クビ,**,,,,,11-11,37.0,46.4,9,480(0),,,,[東]小野次郎,矢野琢也,,202306030509
15,1,2,セイウンハルカニ,牡4,58,野中悠太,1:12.1,クビ,**,,,,,7-7,37.7,39.2,7,470(0),,,,[東]竹内正洋,西山茂行,,202306030509
取,4,8,ローヴェロ,牡4,58,横山武史,,,,,,,,,,---,,計不,,,,[東]加藤征弘,Ｃ．チェン,,202306030509
1,7,10,ヨシノイースター,牡5,58,ルメール,1:08.1,,**,,,,,9-8,33.7,2.3,1,480(-4),,,,[西]中尾秀正,清水義徳,"1,870.1",202306030510
2,3,3,シュバルツカイザー,セ5,58,大野拓弥,1:08.3,1.1/4,**,,,,,3-3,34.4,90.1,12,506(-8),,,,[東]大竹正博,ゴドルフィン,748.6,202306030510
3,7,11,ハーモニーマゼラン,牡6,58,石橋脩,1:08.3,クビ,**,,,,,1-1,34.8,64.9,9,520(-4),,,,[東]牧光二,日下部勝徳,464.3,202306030510
4,8,12,ウィリン,牝4,56,坂井瑠星,1:08.5,3/4,**,,,,,2-2,34.7,5.8,3,444(-4),,,,[東]林徹,ジャコモ,280.0,202306030510
5,4,5,バンデルオーラ,牡4,58,横山武史,1:08.5,ハナ,**,,,,,11-13,33.8,20.2,8,468(-10),,,,[西]牧浦充徳,社台レースホース,184.0,202306030510
6,1,1,ソウテン,牡4,58,武豊,1:08.5,ハナ,**,,,,,9-8,34.2,11.4,6,504(0),,,,[東]加藤征弘,林正道,,202306030510
7,6,8,ホウオウノーサイド,牡4,58,田辺裕信,1:08.5,クビ,**,,,,,11-11,33.8,8.8,4,482(+4),,,,[東]斎藤誠,小笹芳央,,202306030510
8,6,9,ブレスレスリー,牝4,56,Ｍ．デム,1:08.6,1/2,**,,,,,7-5,34.4,18.0,7,458(-6),,,,[西]藤岡健一,ゴドルフィン,,202306030510
9,5,7,アネゴハダ,牝4,56,菅原明良,1:08.7,1/2,**,,,,,6-5,34.6,5.4,2,444(-6),,,,[西]佐々木晶,岡浩二,,202306030510
10,5,6,ドグマ,牡4,58,戸崎圭太,1:08.8,1/2,**,,,,,11-11,34.0,10.9,5,492(-4),,,,[西]武幸四郎,広尾レース,,202306030510
11,4,4,リーゼントフラム,牡6,58,吉田豊,1:08.8,クビ,**,,,,,4-5,34.8,87.0,11,476(0),,,,[西]矢作芳人,三浦大輔,,202306030510
12,2,2,アイルビーザワン,セ5,58,永野猛蔵,1:08.9,1/2,**,,,,,4-3,34.9,108.3,13,484(-6),,,,[東]田島俊明,ノルマンディーサラブレッドレーシング,,202306030510
13,8,13,ビーオンザマーチ,牝4,56,津村明秀,1:08.9,アタマ,**,,,,,7-8,34.7,66.7,10,462(-14),,,,[東]林徹,吉田晴哉,,202306030510
1,3,5,エエヤン,牡3,56,Ｍ．デム,1:33.7,,**,**,**,**,**,4-2-3,36.0,5.2,2,482(-10),,,,[東]伊藤大士,ニッシンホールディングス,"5,513.4",202306030511
2,8,15,ウンブライル,牝3,54,ルメール,1:33.9,1.1/4,**,**,**,**,**,9-10-8,35.3,13.7,5,472(-6),,,,[東]木村哲也,サンデーレーシング,"2,232.4",202306030511
3,3,6,シャンパンカラー,牡3,56,内田博幸,1:34.0,クビ,**,**,**,**,**,6-6-4,35.7,22.6,7,504(+2),,,,[東]田中剛,青山洋一,"1,416.2",202306030511
4,7,14,モリアーナ,牝3,54,武藤雅,1:34.0,アタマ,**,**,**,**,**,6-9-4,35.6,8.0,3,468(-6),,,,[東]武藤善則,高橋文男,810.0,202306030511
5,6,11,ミシシッピテソーロ,牝3,54,柴田大知,1:34.2,1.1/4,**,**,**,**,**,12-13-12,35.4,119.3,14,412(-6),,,,[東]畠山吉宏,了徳寺健二ホールディングス,540.0,202306030511
6,1,2,ルミノメテオール,牝3,54,横山武史,1:34.2,アタマ,**,**,**,**,**,6-6-8,35.9,12.4,4,446(0),,,,[東]金成貴史,尾上松壽,,202306030511
7,4,8,ドルチェモア,牡3,56,横山和生,1:34.3,3/4,**,**,**,**,**,1-1-1,36.6,1.7,1,482(+8),,,,[西]須貝尚介,スリーエイチレーシング,,202306030511
8,6,12,ジョウショーホープ,牡3,56,荻野極,1:34.3,アタマ,**,**,**,**,**,4-4-4,36.2,104.2,13,458(-6),,,,[西]新谷功一,熊田義孝,,202306030511
9,4,7,エイシンエイト,牝3,54,津村明秀,1:34.4,1/2,**,**,**,**,**,12-10-8,35.8,497.6,16,482(-3),,,,[東]田中剛,栄進堂,,202306030511
10,8,16,シーウィザード,牡3,56,武豊,1:34.5,クビ,**,**,**,**,**,15-16-15,35.4,60.0,10,474(-4),,,,[東]鹿戸雄一,岡田牧雄,,202306030511
11,7,13,メイクアスナッチ,牝3,54,戸崎圭太,1:34.5,ハナ,**,**,**,**,**,9-6-8,36.2,17.2,6,432(-4),,,,[東]武市康男,シルクレーシング,,202306030511
12,5,10,バグラダス,牡3,56,三浦皇成,1:34.7,1.1/4,**,**,**,**,**,2-2-2,37.0,55.1,9,476(-4),,,,[東]嘉藤貴行,村田牧場,,202306030511
13,1,1,ミスヨコハマ,牝3,54,石橋脩,1:34.8,1/2,**,**,**,**,**,14-13-12,36.0,172.1,15,456(-8),,,,[東]斎藤誠,大野富生,,202306030511
14,5,9,オマツリオトコ,牡3,56,永野猛蔵,1:35.1,1.1/2,**,**,**,**,**,9-10-12,36.5,71.3,12,482(-2),,,,[東]伊藤圭三,是枝浩平,,202306030511
15,2,4,サンライズジーク,牡3,56,坂井瑠星,1:36.0,5,**,**,**,**,**,2-4-4,37.9,42.9,8,502(+2),,,,[西]矢作芳人,ライフハウス,,202306030511
16,2,3,ロードディフィート,牡3,56,田辺裕信,1:36.9,5,**,**,**,**,**,16-15-16,38.0,68.1,11,420(-8),,,,[東]和田勇介,ロードホースクラブ,,202306030511
1,5,8,カラパタール,牝5,56,ルメール,1:10.5,,**,,,,,3-3,36.5,4.7,2,444(-2),,,,[東]池上昌和,シルクレーシング,800.0,202306030512
2,7,12,セオリーリターン,牝4,56,武藤雅,1:10.9,2.1/2,**,,,,,6-6,36.5,17.5,6,460(0),,,,[東]水野貴広,藤田在子,320.0,202306030512
3,3,4,スマイルアップ,牝4,56,内田博幸,1:11.0,1/2,**,,,,,1-1,37.3,5.0,3,442(-2),,,,[東]萱野浩二,馬目卓,200.0,202306030512
4,7,13,ロジヴィクトリア,牝4,56,菅原明良,1:11.1,1/2,**,,,,,9-10,36.6,3.0,1,482(0),,,,[東]新開幸一,久米田正明,120.0,202306030512
5,2,3,コーラルティアラ,牝6,56,津村明秀,1:11.2,1,**,,,,,6-6,36.8,149.7,14,474(+4),,,,[東]和田勇介,ノルマンディーサラブレッドレーシング,80.0,202306030512
6,5,9,カリカ,牝4,56,吉田豊,1:11.3,クビ,**,,,,,11-8,36.6,41.7,9,498(+14),,,,[東]小西一男,平岡茂樹,,202306030512
7,4,6,ヤンチャプリヒメ,牝7,56,荻野極,1:11.4,1/2,**,,,,,5-3,37.3,207.8,15,452(+10),,,,[東]浅野洋一,田頭勇貴,,202306030512
8,2,2,ピカリエ,牝4,56,柴田大知,1:11.6,1.1/4,**,,,,,14-14,36.2,44.5,11,496(0),,,,[東]金成貴史,リトルブルーファーム,,202306030512
9,1,1,トーアスカーレット,牝4,56,北村宏司,1:11.6,ハナ,**,,,,,14-14,36.1,19.7,7,472(-2),,,,[東]勢司和浩,高山ランド,,202306030512
10,6,11,シーオブドリームス,牝5,55,永野猛蔵,1:11.7,3/4,**,,,,,13-12,36.7,63.1,12,482(-2),,,,[東]矢野英一,大樹ファーム,,202306030512
11,3,5,ビーマイベイビー,牝5,56,丸田恭介,1:11.8,3/4,**,,,,,2-2,38.0,35.2,8,446(-2),,,,[東]加藤和宏,ミルファーム,,202306030512
12,8,15,ヤマニンエルモサ,牝6,56,大野拓弥,1:11.9,クビ,**,,,,,11-10,37.2,43.5,10,476(-4),,,,[東]辻哲英,土井肇,,202306030512
13,6,10,リトルポピー,牝4,56,戸崎圭太,1:12.2,2,**,,,,,6-8,37.9,5.3,4,474(+6),,,,[東]奥村武,サンデーレーシング,,202306030512
14,8,14,キャミ,牝4,53,小林勝太,1:12.9,4,**,,,,,9-12,38.3,104.8,13,422(0),,,,[東]田中博康,ＨｏｒｓｅＮｅｔ,,202306030512
15,4,7,オルコス,牝4,56,田辺裕信,1:13.1,1,**,,,,,3-3,39.2,11.5,5,436(-4),,,,[東]加藤士津,ライオンレースホース,,202306030512
1,6,11,リリージェーン,牝3,54,三浦皇成,1:11.7,,**,,,,,3-3,38.1,2.7,1,416(-6),,,,[東]小手川準,馬目時宗,550.0,202306030601
2,4,8,ハクサンオリヒメ,牝3,54,大野拓弥,1:12.2,3,**,,,,,11-10,37.2,51.5,8,452(-2),,,,[東]新開幸一,河崎五市,220.0,202306030601
3,5,10,キイロノトマト,牝3,54,田辺裕信,1:12.2,クビ,**,,,,,5-5,38.0,7.2,4,450(+6),,,,[東]石栗龍彦,江川伸夫,140.0,202306030601
4,8,16,イースターエッグ,牝3,51,小林勝太,1:12.5,1.3/4,**,,,,,1-1,39.1,4.5,3,434(+2),,,,[東]加藤和宏,スピードファーム,83.0,202306030601
5,8,15,シズカノウミ,牝3,54,田中勝春,1:13.2,4,**,,,,,8-8,38.9,13.0,5,448(+2),,,,[東]松山将樹,プレミアムレースホース,55.0,202306030601
6,1,1,コスモレンブランサ,牝3,51,水沼元輝,1:13.3,1/2,**,,,,,5-5,39.1,99.3,9,420(-1),,,,[東]武藤善則,ビッグレッドファーム,,202306030601
7,7,14,ハッピーミーク,牝3,54,内田博幸,1:13.3,ハナ,**,,,,,4-4,39.5,43.9,7,432(-8),,,,[東]尾関知人,山口功一郎,,202306030601
8,3,6,ディアナゼロス,牝3,54,木幡巧也,1:13.6,1.3/4,**,,,,,2-2,40.1,2.9,2,470(+2),,,,[東]牧光二,天堀忠博,,202306030601
9,5,9,ハーツファンタジア,牝3,54,国分優作,1:13.8,3/4,**,,,,,5-5,39.6,133.0,10,462(-2),,,,[東]加藤士津,ライオンレースホース,,202306030601
10,3,5,サワヤカサワチャン,牝3,54,柴田大知,1:14.1,1.3/4,**,,,,,9-11,39.4,195.7,12,470(-2),,,,[東]南田美知,荒井城志,,202306030601
11,1,2,シュンセツ,牝3,54,木幡初也,1:14.1,クビ,**,,,,,9-8,39.5,384.4,15,456(0),,,,[東]小桧山悟,中村勝彦,,202306030601
12,7,13,ソリッドステート,牝3,54,岩田康誠,1:14.3,1.1/4,**,,,,,13-13,38.6,42.4,6,440(-14),,,,[東]土田稔,ジェイアール,,202306030601
13,6,12,グリームクィーン,牝3,54,野中悠太,1:14.5,1.1/4,**,,,,,12-12,39.1,283.8,13,432(-12),,,,[東]久保田貴,柳内光子,,202306030601
14,4,7,ダンシングラブリー,牝3,54,武士沢友,1:15.0,3,**,,,,,15-14,38.4,327.2,14,482(-2),,,,[東]田島俊明,伊東純一,,202306030601
15,2,3,ニューカラー,牝3,54,松岡正海,1:15.0,クビ,**,,,,,15-16,38.3,402.7,16,408(-2),,,,[東]嘉藤貴行,グリーンスウォード,,202306030601
16,2,4,スイートレーヴ,牝3,54,岩部純二,1:15.7,4,**,,,,,14-15,39.3,141.7,11,456(-2),,,,[東]石毛善彦,シンボリ牧場,,202306030601
1,7,13,グラシアス,牡3,56,大野拓弥,1:54.9,,**,,,,,2-2-2-1,40.2,12.3,6,440(+8),,,,[東]中舘英二,瀬谷隆雄,550.0,202306030602
2,4,6,ショウナンガロ,牡3,56,内田博幸,1:55.4,3,**,,,,,7-7-5-4,40.4,9.4,5,496(+4),,,,[東]武市康男,国本哲秀,220.0,202306030602
3,5,9,ヴェールトゥマラン,牡3,56,浜中俊,1:55.6,1.1/2,**,,,,,3-3-3-4,40.7,4.1,2,494(+6),,,,[東]矢野英一,落合幸弘,140.0,202306030602
4,6,10,イデアユウシン,牡3,56,菅原明良,1:55.6,アタマ,**,,,,,9-9-7-7,40.4,17.6,7,530(-2),,,,[東]本間忍,益田修一,83.0,202306030602
5,5,8,ダノンワンナップ,牡3,56,津村明秀,1:55.8,1.1/4,**,,,,,5-5-3-2,41.0,2.7,1,468(0),,,,[東]田中博康,ダノックス,55.0,202306030602
6,2,3,センツイ,セ3,56,木幡初也,1:57.3,9,**,,,,,10-10-8-8,41.8,147.2,11,476(-16),,,,[東]竹内正洋,菅井牧場,,202306030602
7,3,4,デザイアーフェーム,牡3,56,田中勝春,1:57.3,ハナ,**,,,,,14-14-12-9,40.2,8.0,4,500(0),,,,[東]松永康利,小林竜太郎,,202306030602
8,3,5,バロックダンス,牝3,54,田辺裕信,1:57.4,アタマ,**,,,,,1-1-1-2,42.8,4.5,3,460(-4),,,,[東]小手川準,吉田照哉,,202306030602
9,8,15,ジューンリリー,牝3,54,松岡正海,1:57.4,ハナ,**,,,,,5-6-5-4,42.4,74.1,9,448(+2),,,,[東]堀内岳志,手嶋美季,,202306030602
10,1,1,ビーチブルース,牡3,56,岩田康誠,1:57.8,2.1/2,**,,,,,15-15-14-14,40.2,183.7,12,468(-2),,,,[東]松永康利,井上久光,,202306030602
11,4,7,イーヴンキール,牡3,56,石川裕紀,1:57.9,1/2,**,,,,,13-13-12-12,40.8,98.9,10,498(-4),,,,[東]池上昌和,ゴドルフィン,,202306030602
12,8,14,アイアンマジン,セ3,53,水沼元輝,1:58.4,3,**,,,,,10-11-11-9,42.0,523.1,15,458(-6),,,,[東]南田美知,池上一馬,,202306030602
13,2,2,ブルースペース,牡3,56,城戸義政,1:59.6,7,**,,,,,7-7-10-12,43.7,302.6,13,460(-6),,,,[西]清水久詞,岡田甲子男,,202306030602
14,6,11,アトモスジブリール,牡3,56,木幡巧也,2:02.3,大,**,,,,,3-4-8-9,46.8,56.8,8,430(-4),,,,[東]牧光二,志村鑑彦,,202306030602
中,7,12,ジェイエルバルカー,牡3,56,野中悠太,,,,,,,,10-11-15-15,,328.6,14,494(-2),,,,[東]小西一男,橋元幸人,,202306030602
1,4,8,リラックス,牡3,56,田辺裕信,1:11.5,,**,,,,,2-2,38.1,1.9,1,502(0),,,,[東]久保田貴,中西純穂,550.0,202306030603
2,3,5,ライブリームーラン,牝3,54,菅原明良,1:12.1,3.1/2,**,,,,,3-3,38.5,3.8,2,508(+2),,,,[東]大竹正博,山科統,220.0,202306030603
3,8,16,モイスチャー,牡3,53,水沼元輝,1:12.4,2,**,,,,,7-5,38.3,94.5,11,476(-14),,,,[東]加藤和宏,ミルファーム,140.0,202306030603
4,7,13,オコジュ,牝3,54,岩部純二,1:13.0,3.1/2,**,,,,,4-5,39.2,19.8,5,450(-2),,,,[東]中野栄治,ミルファーム,83.0,202306030603
5,5,9,リキサンクー,牡3,56,北村宏司,1:13.2,1.1/4,**,,,,,10-10,38.4,64.2,10,454(-10),,,,[東]奥平雅士,ハイパワー商事,55.0,202306030603
6,7,14,クレテイユ,牡3,56,宮崎北斗,1:13.2,クビ,**,,,,,8-5,38.9,11.1,4,454(-2),,,,[東]萱野浩二,グリーンスウォード,,202306030603
7,6,11,マラマプア,牝3,54,内田博幸,1:13.3,クビ,**,,,,,4-4,39.5,38.8,8,480(0),,,,[東]伊藤圭三,加藤治,,202306030603
8,2,4,ベルウッドタイガー,牡3,56,Ｍ．デム,1:13.5,1.1/4,**,,,,,13-13,38.1,6.4,3,436(+2),,,,[東]和田雄二,鈴木照雄,,202306030603
9,3,6,ラージフィールド,セ3,56,松岡正海,1:13.9,2.1/2,**,,,,,11-10,38.9,391.5,14,480(0),,,,[東]松永康利,坂口慎吾,,202306030603
10,4,7,ラブファントム,牡3,56,国分優作,1:13.9,ハナ,**,,,,,13-13,38.6,417.5,15,452(-6),,,,[東]浅野洋一,田頭勇貴,,202306030603
11,8,15,スカイウイングス,牡3,56,木幡初也,1:13.9,クビ,**,,,,,15-15,37.4,575.9,16,484(-2),,,,[東]小桧山悟,野田清水,,202306030603
12,5,10,テイエムガーネット,牝3,54,武士沢友,1:13.9,クビ,**,,,,,8-9,39.6,20.5,6,460(-8),,,,[東]石栗龍彦,竹園正繼,,202306030603
13,2,3,シャイニーヤマト,牡3,56,柴田大知,1:14.2,1.3/4,**,,,,,11-10,39.2,95.2,12,486(-4),,,,[東]佐藤吉勝,小林昌志,,202306030603
14,1,1,ライヴペッパー,牡3,56,木幡巧也,1:14.5,2,**,,,,,4-8,40.7,23.9,7,440(0),,,,[東]牧光二,澤田孝之,,202306030603
15,1,2,ビヴァアカプルコ,牝3,51,小林勝太,1:15.4,5,**,,,,,1-1,42.0,54.4,9,494(+2),,,,[東]杉浦宏昭,吉田千津,,202306030603
16,6,12,ランペイジシチー,牡3,56,野中悠太,1:17.7,大,**,,,,,16-16,39.3,147.1,13,468(0),,,,[東]菊川正達,友駿ホースクラブ,,202306030603
1,2,4,レッドアーバイン,牡3,56,Ｍ．デム,1:35.5,,**,,,,,1-2-3,36.4,1.8,1,480(-2),,,,[東]手塚貴久,東京ホースレーシング,550.0,202306030604
2,1,1,アイソラシー,牝3,54,浜中俊,1:35.6,1/2,**,,,,,12-11-7,35.5,17.6,7,440(0),,,,[東]加藤征弘,諸江幸祐,220.0,202306030604
3,8,15,カプリーヌメファ,牝3,54,石川裕紀,1:35.6,アタマ,**,,,,,8-8-11,35.9,124.6,12,480(-6),,,,[東]尾形和幸,手嶋康雄,140.0,202306030604
4,3,5,クライノート,牝3,54,柴田大知,1:35.7,1/2,**,,,,,2-5-2,36.4,6.6,3,434(-4),,,,[東]畠山吉宏,サラブレッドクラブ・ラフィアン,83.0,202306030604
5,4,8,トーセンジニアール,牡3,56,岩田康誠,1:35.8,1/2,**,,,,,8-8-4,36.1,6.1,2,434(-6),,,,[東]土田稔,島川隆哉,55.0,202306030604
6,1,2,マルメラーダ,牝3,54,松岡正海,1:35.8,ハナ,**,,,,,6-7-7,36.3,15.1,5,432(-4),,,,[東]高橋裕,サラブレッドクラブ・ラフィアン,,202306030604
7,2,3,フェーレンベルク,牡3,56,大野拓弥,1:35.9,1/2,**,,,,,5-5-4,36.5,9.0,4,478(-14),,,,[東]高橋裕,岡田牧雄,,202306030604
8,3,6,アウグーリ,牝3,54,津村明秀,1:36.0,1/2,**,,,,,8-8-7,36.3,16.0,6,402(-2),,,,[東]手塚貴久,吉田勝己,,202306030604
9,5,10,コースタルタウン,牝3,54,石橋脩,1:36.0,クビ,**,,,,,15-13-10,35.5,64.5,10,412(-4),,,,[東]黒岩陽一,Ｇ１レーシング,,202306030604
10,4,7,シールテソーロ,牝3,54,三浦皇成,1:36.6,4,**,,,,,12-13-11,36.1,22.6,8,426(+4),,,,[東]高木登,了徳寺健二ホールディングス,,202306030604
11,6,11,トレジャートリップ,牝3,54,武士沢友,1:36.7,クビ,**,,,,,2-1-1,37.7,259.3,14,400(-8),,,,[東]田中剛,島井新一郎,,202306030604
12,8,16,ラブルパイル,牡3,56,木幡巧也,1:36.7,ハナ,**,,,,,8-11-11,36.6,301.8,15,440(-6),,,,[東]清水英克,田頭勇貴,,202306030604
13,7,14,ダンスベルレーヌ,牝3,54,北村宏司,1:36.7,クビ,**,,,,,12-13-15,36.2,73.8,11,438(-10),,,,[東]宮田敬介,ノルマンディーサラブレッドレーシング,,202306030604
14,7,13,モルフェブーケ,牝3,54,内田博幸,1:37.3,3.1/2,**,,,,,2-2-4,38.2,138.1,13,454(+4),,,,[東]本間忍,並河賢一郎,,202306030604
15,6,12,オッドナンバー,牝3,54,菅原明良,1:37.7,2.1/2,**,,,,,16-16-16,36.3,57.6,9,472(0),,,,[東]萩原清,池谷誠一,,202306030604
16,5,9,ベアコンコルド,牡3,53,水沼元輝,1:39.2,9,**,,,,,6-2-11,40.0,452.2,16,444(-2),,,,[東]杉浦宏昭,熊木浩,,202306030604
1,6,11,ヴァイルマティ,牝3,54,石川裕紀,2:03.6,,**,,,,,2-2-2-2,35.4,5.5,3,490(+6),,,,[東]鹿戸雄一,サラブレッドクラブ・ラフィアン,550.0,202306030605
2,5,9,カップコルス,牝3,54,大野拓弥,2:03.9,1.3/4,**,,,,,1-1-1-1,35.8,11.5,5,428(-12),,,,[東]高柳瑞樹,社台レースホース,220.0,202306030605
3,8,14,バロンゾラーレ,牝3,54,田辺裕信,2:04.0,3/4,**,,,,,2-2-3-3,35.6,2.1,1,476(-4),,,,[東]久保田貴,キャロットファーム,140.0,202306030605
4,6,10,サンバデルンバ,牝3,54,Ｍ．デム,2:04.1,1/2,**,,,,,5-6-5-4,35.5,7.9,4,452(-4),,,,[東]伊藤大士,チャンピオンズファーム,83.0,202306030605
5,4,6,コスタレイ,牝3,54,石橋脩,2:04.1,クビ,**,,,,,14-14-11-12,35.1,14.8,6,484(0),,,,[東]池上昌和,シルクレーシング,55.0,202306030605
6,1,1,ブルーウィン,牝3,54,城戸義政,2:04.1,ハナ,**,,,,,4-4-4-4,35.6,51.9,9,438(0),,,,[西]清水久詞,岡田甲子男,,202306030605
7,8,15,フェルミディラック,牝3,54,木幡巧也,2:04.2,3/4,**,,,,,7-7-5-7,35.5,32.1,7,454(-8),,,,[東]勢司和浩,キャロットファーム,,202306030605
8,4,7,コチョウラン,牝3,54,津村明秀,2:04.3,1/2,**,,,,,13-13-8-7,35.5,4.4,2,462(0),,,,[東]蛯名正義,キーファーズ,,202306030605
9,5,8,ギアチェンジ,牝3,54,北村宏司,2:04.4,クビ,**,,,,,7-9-8-9,35.6,60.9,10,444(-6),,,,[東]蛯名正義,藤田在子,,202306030605
10,2,3,テイエムエレガント,牝3,54,木幡初也,2:04.4,クビ,**,,,,,11-10-11-9,35.4,444.7,15,408(-6),,,,[東]石栗龍彦,竹園正繼,,202306030605
11,2,2,デオヴォレンティ,牝3,51,水沼元輝,2:04.5,1/2,**,,,,,7-7-8-9,35.7,170.8,11,440(-2),,,,[東]蛯名利弘,岡田牧雄,,202306030605
12,7,13,ガイアメモリ,牝3,54,松岡正海,2:04.9,2.1/2,**,,,,,10-10-11-12,35.9,187.5,12,448(+2),,,,[東]田中剛,コスモヴューファーム,,202306030605
13,3,4,フェスティヴチャン,牝3,54,野中悠太,2:04.9,クビ,**,,,,,5-4-5-4,36.3,246.3,13,462(+6),,,,[東]根本康広,臼井義太郎,,202306030605
14,3,5,セイカパルナッソス,牝3,54,武士沢友,2:05.0,1/2,**,,,,,11-12-14-14,35.8,361.5,14,396(-2),,,,[東]南田美知,久米大,,202306030605
15,7,12,カレンノンノ,牝3,54,岩田康誠,2:06.4,8,**,,,,,15-15-15-15,36.7,39.6,8,482(0),,,,[西]安田翔伍,鈴木隆司,,202306030605
1,5,5,メイショウフジ,牡3,56,大野拓弥,1:54.0,,**,,,,,7-7-7-5,37.8,6.4,4,476(+4),,,,[東]和田勇介,松本好雄,780.0,202306030606
2,8,8,パープルナイト,牡3,56,西村太一,1:54.0,クビ,**,,,,,1-1-1-1,38.4,3.5,3,492(-6),,,,[東]堀内岳志,木村牧場,310.0,202306030606
3,3,3,レッドダンルース,牡3,56,浜中俊,1:54.2,1.1/4,**,,,,,5-5-5-4,38.2,3.4,2,480(+2),,,,[西]矢作芳人,東京ホースレーシング,200.0,202306030606
4,8,9,クロックフォード,牡3,56,菅原明良,1:54.8,3.1/2,**,,,,,2-2-2-2,39.1,3.3,1,506(+2),,,,[東]高木登,社台レースホース,120.0,202306030606
5,4,4,ポンサン,牡3,56,津村明秀,1:54.9,1/2,**,,,,,9-9-8-7,38.1,49.7,7,474(-2),,,,[東]小西一男,天野克彦,78.0,202306030606
6,6,6,ティルドーン,牡3,56,松岡正海,1:55.0,1,**,,,,,6-5-4-5,39.1,9.1,5,518(+6),,,,[西]森秀行,藤田晋,,202306030606
7,2,2,カムランベイ,牡3,56,田辺裕信,1:55.0,ハナ,**,,,,,8-8-8-7,38.3,13.2,6,506(-4),,,,[東]岩戸孝樹,ゴドルフィン,,202306030606
8,7,7,ノーブルアクト,牝3,51,水沼元輝,1:56.4,8,**,,,,,4-4-2-2,40.7,130.5,9,492(-2),,,,[東]上原博之,芳賀滿男,,202306030606
9,1,1,コスモバラタ,牡3,56,三浦皇成,1:58.9,大,**,,,,,3-3-5-9,42.9,82.2,8,460(0),,,,[東]武市康男,ビッグレッドファーム,,202306030606
1,1,1,スピードオブライト,牝3,54,石川裕紀,1:08.7,,**,,,,,3-3,35.1,1.8,1,398(0),,,,[東]相沢郁,ヒダカ・ブリーダーズ・ユニオン,780.0,202306030607
2,8,8,トーセンエスクード,牡3,56,菅原明良,1:08.9,1.1/2,**,,,,,8-7,35.0,3.5,2,434(-4),,,,[東]菊沢隆徳,島川隆哉,310.0,202306030607
3,8,9,ペイシャフェリ,牝3,54,石橋脩,1:09.0,クビ,**,,,,,6-4,35.2,15.9,6,480(+14),,,,[東]高橋裕,北所直人,200.0,202306030607
4,2,2,トレブランシュ,牝3,54,津村明秀,1:09.3,1.3/4,**,,,,,1-1,36.0,5.8,3,424(-10),,,,[東]稲垣幸雄,ＹＧＧホースクラブ,120.0,202306030607
5,5,5,シルバーレイズ,牝3,54,岩田康誠,1:09.5,1.1/2,**,,,,,2-2,36.1,59.5,8,464(+2),,,,[東]牧光二,林正道,78.0,202306030607
6,3,3,ゴキゲンサン,牝3,54,Ｍ．デム,1:09.6,1/2,**,,,,,4-4,35.9,12.1,4,494(-2),,,,[東]伊藤大士,ニッシンホールディングス,,202306030607
7,6,6,クリノゴッホ,牡3,56,木幡巧也,1:09.9,1.1/2,**,,,,,4-6,36.2,14.5,5,460(-4),,,,[東]岩戸孝樹,栗原正雄,,202306030607
8,7,7,ニシキギミッチー,牡3,56,浜中俊,1:10.0,1/2,**,,,,,6-7,36.2,29.1,7,486(0),,,,[東]鈴木伸尋,茂木国久,,202306030607
9,4,4,ワンオアエイト,牝3,54,的場勇人,1:10.2,1.1/2,**,,,,,9-9,35.3,380.2,9,442(+8),,,,[東]的場均,村岡曉憲,,202306030607
1,4,5,インザオベーション,牝4,56,浜中俊,1:47.7,,**,,,,,7-7-7-5,34.8,5.0,3,460(-4),,,,[西]武幸四郎,フィールドレーシング,800.0,202306030608
2,5,7,タシット,牡4,58,菅原明良,1:47.8,1,**,,,,,1-1-1-1,35.7,3.6,1,464(+2),,,,[東]中川公成,多田賢司,320.0,202306030608
3,2,2,デインティハート,牝4,56,岩田康誠,1:48.2,2,**,,,,,5-6-5-5,35.6,12.9,6,510(+2),,,,[東]黒岩陽一,Ｇ１レーシング,200.0,202306030608
4,5,6,グルーヴビート,牡5,58,津村明秀,1:48.3,1/2,**,,,,,10-11-11-7,35.1,8.8,5,482(+4),,,,[西]中村直也,サンデーレーシング,120.0,202306030608
5,8,12,アップストローク,セ4,58,Ｍ．デム,1:48.3,クビ,**,,,,,10-9-10-7,35.3,5.1,4,454(-10),,,,[東]杉浦宏昭,吉田照哉,80.0,202306030608
6,3,3,ヴァンガーズハート,牡4,58,三浦皇成,1:48.4,1/2,**,,,,,9-9-2-2,36.2,3.7,2,528(+4),,,,[東]鹿戸雄一,キャロットファーム,,202306030608
7,4,4,ヴィブラツィオーネ,牡4,58,大野拓弥,1:48.5,1/2,**,,,,,13-12-13-11,34.9,22.9,7,480(-4),,,,[東]辻哲英,加藤裕司,,202306030608
8,6,9,キセキノエンジェル,牝4,56,内田博幸,1:48.9,2.1/2,**,,,,,12-12-11-11,35.8,73.3,11,460(+2),,,,[東]石毛善彦,川島与市,,202306030608
9,8,13,ホウオウパレード,牡4,58,石橋脩,1:49.2,1.1/2,**,,,,,5-4-4-3,36.7,34.2,8,500(0),,,,[東]池上昌和,小笹芳央,,202306030608
10,7,11,シュガービート,牡4,55,小林勝太,1:49.5,1.3/4,**,,,,,2-2-3-3,37.1,58.1,10,462(+2),,,,[東]土田稔,酒井孝敏,,202306030608
11,1,1,ジェットグリッター,牝4,56,北村宏司,1:49.8,1.3/4,**,,,,,3-4-5-10,37.2,190.6,12,430(+4),,,,[東]勢司和浩,成富直行,,202306030608
12,7,10,マイネルヒッツェ,牡5,58,石川裕紀,1:50.0,1.1/4,**,,,,,7-7-7-7,37.1,54.3,9,478(+2),,,,[東]清水英克,サラブレッドクラブ・ラフィアン,,202306030608
13,6,8,ファイティング,セ6,55,水沼元輝,1:50.5,3,**,,,,,3-3-7-11,37.6,447.4,13,484(-2),,,,[東]石毛善彦,田畑利彦,,202306030608
1,5,9,インディゴブラック,牡4,55,内田博幸,2:33.4,,**,,,,,1-1-1-1,38.9,6.3,3,516(+8),,,,[西]奥村豊,シルクレーシング,"1,586.4",202306030609
2,6,12,ラフルオリータ,牝5,53,北村宏司,2:34.0,3.1/2,**,,,,,3-3-2-2,39.4,41.2,12,474(-12),,,,[東]加藤士津,ライオンレースホース,630.4,202306030609
3,3,6,イーサンバーニング,牡4,55,田辺裕信,2:34.2,1,**,,,,,16-16-15-13,38.0,23.6,7,510(-2),,,,[東]中野栄治,国本勇,395.2,202306030609
4,4,8,ローズボウル,牡5,57,石川裕紀,2:34.2,ハナ,**,,,,,7-7-2-2,39.5,6.5,4,512(0),,,,[東]林徹,グリーンファーム,230.0,202306030609
5,8,16,グリューヴルム,牡4,56,石橋脩,2:34.3,クビ,**,,,,,4-5-5-6,39.4,2.5,1,490(-4),,,,[西]大久保龍,キャロットファーム,155.0,202306030609
6,2,3,トクシースタローン,牡4,56,木幡巧也,2:34.5,1.1/4,**,,,,,8-8-5-8,39.5,4.9,2,492(+2),,,,[東]辻哲英,ＡＩレーシング,,202306030609
7,1,2,アメリカンエール,牡5,55,岩田康誠,2:34.6,1/2,**,,,,,4-3-5-4,39.7,93.7,14,504(-2),,,,[東]戸田博文,吉澤ホールディングス,,202306030609
8,4,7,ナムアミダブツ,牡6,56,大野拓弥,2:34.7,1,**,,,,,14-14-14-15,38.7,16.8,5,472(+2),,,,[西]石坂公一,ニューマレコード,,202306030609
9,8,15,ナンヨーヴィヨレ,牡5,54,三浦皇成,2:35.1,2,**,,,,,11-11-11-9,39.6,132.0,15,466(0),,,,[東]宗像義忠,中村徳也,,202306030609
10,5,10,キングダムウイナー,牡6,56,津村明秀,2:35.2,1/2,**,,,,,9-9-10-10,39.8,26.8,9,504(+8),,,,[西]田中克典,ライオンレースホース,,202306030609
11,2,4,キミコソシャチョウ,牡4,55,浜中俊,2:35.2,クビ,**,,,,,2-2-2-4,40.6,24.4,8,514(-2),,,,[西]森秀行,ミキハウスＨＫサービス,,202306030609
12,3,5,ヤマノマタカ,牡6,55,国分優作,2:35.3,クビ,**,,,,,10-9-9-10,40.1,37.0,10,498(+4),,,,[東]相沢郁,澤村敏雄,,202306030609
13,7,13,トーセンマーク,牡5,55,Ｍ．デム,2:35.3,クビ,**,,,,,15-15-11-10,39.7,17.5,6,522(0),,,,[東]古賀慎明,島川隆哉,,202306030609
14,6,11,クールファイブ,牡5,55,松岡正海,2:35.4,3/4,**,,,,,13-13-13-13,39.7,78.4,13,488(+2),,,,[東]堀内岳志,大塚亮一,,202306030609
15,7,14,スクリーンプロセス,セ5,54,菅原明良,2:35.6,1.1/4,**,,,,,4-5-5-7,40.7,144.9,16,546(+2),,,,[東]中川公成,社台レースホース,,202306030609
16,1,1,ワカミヤプレスト,牡4,55,野中悠太,2:49.0,大,**,,,,,11-11-16-16,51.2,39.2,11,522(+14),,,,[東]稲垣幸雄,芳川貴行,,202306030609
1,5,5,キングズパレス,牡4,58,松岡正海,1:59.7,,**,,,,,6-6-6-5,35.0,1.5,1,504(+2),,,,[東]戸田博文,社台レースホース,"1,573.8",202306030610
2,1,1,リリーブライト,牡5,58,内田博幸,2:00.4,4,**,,,,,6-6-6-7,35.7,121.9,10,474(-2),,,,[東]西田雄一,グリーンファーム,626.8,202306030610
3,6,6,ヤマニンガラッシア,牡6,58,菅原明良,2:00.5,3/4,**,,,,,2-2-2-1,36.8,8.2,3,452(0),,,,[東]辻哲英,土井肇,393.4,202306030610
4,7,7,レイトカンセイオー,牡4,58,田辺裕信,2:00.6,クビ,**,,,,,5-5-5-5,36.2,4.2,2,482(+4),,,,[東]和田勇介,村田能光,230.0,202306030610
5,8,9,キントリヒ,牡4,58,三浦皇成,2:00.6,クビ,**,,,,,9-9-10-8,35.3,11.7,4,472(+2),,,,[東]矢野英一,Ｇリビエール・レーシング,155.0,202306030610
6,2,2,レーヴドゥラプレリ,牝5,56,大野拓弥,2:00.9,1.3/4,**,,,,,2-3-3-2,37.0,30.3,6,464(0),,,,[東]宮田敬介,吉田勝己,,202306030610
7,7,8,タガノチュール,牡5,58,石橋脩,2:01.0,クビ,**,,,,,4-4-3-2,37.1,83.3,9,476(-6),,,,[西]西園翔太,八木良司,,202306030610
8,4,4,サマービート,セ6,58,津村明秀,2:01.4,2.1/2,**,,,,,9-9-8-8,36.4,42.6,8,470(+10),,,,[東]武藤善則,ゴドルフィン,,202306030610
9,3,3,アルディエンテ,牡6,58,Ｍ．デム,2:01.6,1,**,,,,,8-8-8-8,36.6,15.3,5,502(0),,,,[東]古賀慎明,Ｇ１レーシング,,202306030610
10,8,10,ウン,牡4,58,国分優作,2:01.7,1/2,**,,,,,1-1-1-2,38.0,31.1,7,480(+4),,,,[西]吉田直弘,ビッグレッドファーム,,202306030610
1,6,8,テイエムトッキュウ,牡5,57,津村明秀,1:10.0,,**,,,,,1-1,36.3,4.1,2,502(-2),,,,[西]木原一良,竹園正繼,"2,430.1",202306030611
2,7,10,クロジシジョー,牡4,57,浜中俊,1:10.5,3,**,,,,,10-9,35.3,11.4,5,450(-6),,,,[西]岡田稲男,河内孝夫,968.6,202306030611
3,8,12,サイクロトロン,牡6,58,三浦皇成,1:10.6,1/2,**,,,,,3-3,36.4,15.4,6,520(-10),,,,[西]音無秀孝,金子真人ホールディングス,604.3,202306030611
4,4,4,カルネアサーダ,牝4,55,松岡正海,1:10.6,クビ,**,,,,,2-2,36.6,35.2,9,460(-6),,,,[西]加用正,吉田照哉,360.0,202306030611
5,3,3,レッドゲイル,牡4,57,Ｍ．デム,1:10.7,クビ,**,,,,,7-7,35.9,7.0,4,472(+8),,,,[東]手塚貴久,東京ホースレーシング,240.0,202306030611
6,1,1,ジャスパーゴールド,牡5,57,菅原明良,1:10.7,アタマ,**,,,,,4-4,36.2,33.4,8,478(+8),,,,[西]森秀行,加藤和夫,,202306030611
7,5,7,ボイラーハウス,牡5,57,田辺裕信,1:10.8,クビ,**,,,,,10-9,35.5,20.0,7,500(-4),,,,[東]竹内正洋,永田博之,,202306030611
8,4,5,コパノマーキュリー,牡6,57,石川裕紀,1:10.9,1/2,**,,,,,7-7,36.1,82.5,11,508(0),,,,[西]村山明,小林祥晃,,202306030611
9,5,6,イバル,牡6,57,内田博幸,1:11.0,1,**,,,,,13-13,35.4,57.8,10,516(-4),,,,[西]小崎憲,ケーエスＨＤ,,202306030611
10,2,2,サンライズホーク,セ4,57,国分優作,1:11.1,クビ,**,,,,,4-4,36.6,4.2,3,500(-6),,,,[西]牧浦充徳,ライフハウス,,202306030611
11,8,13,スズカコテキタイ,牡4,58,岩田康誠,1:11.1,クビ,**,,,,,4-4,36.6,2.9,1,498(-2),,,,[東]奥村武,永井啓弍,,202306030611
12,6,9,プリマジア,牡6,57,柴田大知,1:11.3,1,**,,,,,12-11,35.9,353.3,13,462(-10),,,,[東]金成貴史,藤沼利夫,,202306030611
13,7,11,スリーグランド,牡6,58,大野拓弥,1:11.6,2,**,,,,,9-11,36.6,102.2,12,482(-2),,,,[西]高橋義忠,永井商事,,202306030611
1,7,12,レイメイ,牡4,58,三浦皇成,1:54.4,,**,,,,,12-11-8-5,38.5,31.5,8,478(-2),,,,[東]的場均,岡浩二,800.0,202306030612
2,4,6,エターナルプライド,牝4,56,武士沢友,1:54.8,2.1/2,**,,,,,6-6-6-7,39.3,122.4,11,464(-2),,,,[東]田島俊明,伊東純一,320.0,202306030612
3,4,5,サパテアール,牡4,58,柴田大知,1:54.9,3/4,**,,,,,3-3-2-3,40.6,32.8,9,518(0),,,,[東]畠山吉宏,ビッグレッドファーム,200.0,202306030612
4,3,3,パーカッション,セ4,58,津村明秀,1:55.2,1.3/4,**,,,,,2-2-2-2,40.9,2.9,1,532(-12),,,,[東]田中博康,キャロットファーム,120.0,202306030612
5,8,13,ウッドショック,牡4,55,小林勝太,1:55.2,クビ,**,,,,,12-13-13-12,38.6,138.7,12,512(-2),,,,[東]杉浦宏昭,小林善一,80.0,202306030612
6,6,10,ルージュブラゾン,牝4,56,大野拓弥,1:55.5,1.3/4,**,,,,,4-4-4-4,40.8,8.1,4,478(+4),,,,[東]小島茂之,東京ホースレーシング,,202306030612
7,7,11,セイゲン,牡4,58,菅原明良,1:55.5,ハナ,**,,,,,1-1-1-1,41.2,6.1,3,482(+2),,,,[東]中川公成,伊藤誠吉,,202306030612
8,3,4,タイセイマーベル,牡5,58,Ｍ．デム,1:55.6,1/2,**,,,,,14-14-11-9,39.2,3.1,2,506(+6),,,,[東]池上昌和,田中成奉,,202306030612
9,6,9,リュウセイグン,牡5,58,松岡正海,1:55.7,アタマ,**,,,,,9-9-10-11,39.5,220.7,13,536(+16),,,,[東]堀内岳志,二口雅一,,202306030612
10,1,1,ララモンドール,牡5,58,石川裕紀,1:56.0,1.3/4,**,,,,,8-8-7-8,40.2,22.5,6,434(-6),,,,[東]和田雄二,フジイ興産,,202306030612
11,5,7,インワンシティング,セ5,58,伊藤工真,1:56.1,3/4,**,,,,,11-11-11-13,39.6,30.6,7,442(-12),,,,[東]林徹,Ｇ１レーシング,,202306030612
12,8,14,ポイズンアロウ,牡4,58,内田博幸,1:56.1,クビ,**,,,,,9-9-8-9,40.2,45.0,10,528(-4),,,,[東]加藤征弘,長谷川祐司,,202306030612
13,5,8,サイモンルグラン,牡6,58,北村宏司,1:56.4,1.3/4,**,,,,,6-6-5-5,41.2,300.3,14,500(-4),,,,[東]勢司和浩,澤田昭紀,,202306030612
中,2,2,イヴニングスター,牡4,58,浜中俊,,,,,,,,5-4-14-14,,8.2,5,498(-2),,,,[東]戸田博文,村野康司,,202306030612
1,1,1,メルティーショコラ,牝3,52,小林脩斗,1:11.7,,**,,,,,1-1,37.2,2.4,2,468(+2),,,,[東]武藤善則,明栄商事,550.0,202306030701
2,2,2,レディアス,牝3,54,津村明秀,1:11.9,3/4,**,,,,,3-3,37.1,2.3,1,424(-6),,,,[東]鈴木慎太,中山栄一,220.0,202306030701
3,8,15,ティタン,牝3,54,丸田恭介,1:12.6,4,**,,,,,6-4,37.5,220.2,14,472(-2),,,,[西]杉山佳明,ＣＯＣＯＲＯ組合,140.0,202306030701
4,3,5,フジジュンフェイス,牝3,54,杉原誠人,1:12.6,アタマ,**,,,,,9-9,36.9,17.7,5,450(0),,,,[東]伊藤大士,ＳＴレーシング,83.0,202306030701
5,4,6,ワレラホシノコ,牝3,54,大野拓弥,1:13.0,2,**,,,,,10-10,37.1,43.2,8,438(+4),,,,[東]中川公成,石井義人,55.0,202306030701
6,7,13,イルルージュ,牝3,54,野中悠太,1:13.1,1,**,,,,,2-2,38.5,12.4,4,416(-4),,,,[東]嘉藤貴行,ビッグレッドファーム,,202306030701
7,4,7,スマートローラ,牝3,54,武士沢友,1:13.2,3/4,**,,,,,7-6,37.8,40.5,7,410(+2),,,,[東]粕谷昌央,大川徹,,202306030701
8,5,9,ホットチョコ,牝3,54,石川裕紀,1:13.4,3/4,**,,,,,14-14,36.2,140.5,13,468(-8),,,,[西]牧田和弥,三嶋牧場,,202306030701
9,5,8,メルキュリオ,牝3,54,松岡正海,1:13.4,アタマ,**,,,,,7-6,38.0,36.5,6,490(-6),,,,[西]杉山佳明,中辻明,,202306030701
10,8,14,チキチキチータ,牝3,51,小林勝太,1:13.4,アタマ,**,,,,,3-4,38.5,232.9,15,418(+4),,,,[東]杉浦宏昭,小林善一,,202306030701
11,6,11,ライヴケチャップ,牝3,54,石橋脩,1:13.5,クビ,**,,,,,11-11,37.4,59.3,9,496(+10),,,,[東]尾形和幸,澤田孝之,,202306030701
12,2,3,ロジェ,牝3,53,永野猛蔵,1:13.6,3/4,**,,,,,12-11,37.4,6.4,3,438(+6),,,,[東]岩戸孝樹,吉田勝利,,202306030701
13,6,10,ケレンシア,牝3,54,水口優也,1:14.1,3,**,,,,,13-13,37.6,131.6,12,466(+6),,,,[東]南田美知,ミルファーム,,202306030701
14,3,4,デルマヒキオトシ,牝3,54,木幡巧也,1:15.1,6,**,,,,,15-15,36.4,126.5,11,488(0),,,,[東]勢司和浩,浅沼廣幸,,202306030701
15,7,12,ランドヴァッサー,牝3,54,吉田豊,1:15.3,3/4,**,,,,,3-6,40.5,112.5,10,418(-4),,,,[西]牧田和弥,畑佐博,,202306030701
1,6,10,ニットウライジン,牡3,55,永野猛蔵,1:53.9,,**,,,,,2-2-2-2,39.4,11.7,4,490(0),,,,[東]稲垣幸雄,日東牧場,550.0,202306030702
2,6,9,シゲルショウグン,牡3,56,田中勝春,1:54.0,3/4,**,,,,,1-1-1-1,39.6,13.7,5,482(+4),,,,[西]大橋勇樹,森中啓子,220.0,202306030702
3,1,1,ステラデルシエロ,牡3,56,レーン,1:54.2,1,**,,,,,6-6-5-5,39.2,3.1,2,474(-2),,,,[東]畠山吉宏,社台レースホース,140.0,202306030702
4,2,2,オボッチャマ,牡3,56,津村明秀,1:54.2,アタマ,**,,,,,3-4-3-3,39.5,2.0,1,482(0),,,,[東]武市康男,村田哲朗,83.0,202306030702
5,4,5,レイジングスラスト,牡3,56,菅原明良,1:54.4,1,**,,,,,3-3-3-3,39.7,17.4,6,534(+2),,,,[西]矢作芳人,吉澤ホールディングス,55.0,202306030702
6,5,8,ラヴァ,牡3,56,松岡正海,1:54.4,クビ,**,,,,,11-11-9-7,38.9,166.4,10,438(-12),,,,[東]伊藤伸一,樋口雅彦,,202306030702
7,7,12,グレートフリオーソ,牡3,56,内田博幸,1:55.3,5,**,,,,,13-13-13-13,39.1,173.0,11,454(+8),,,,[東]古賀慎明,廣松金次,,202306030702
8,5,7,ゴルトレオパルト,牡3,56,大野拓弥,1:55.8,3.1/2,**,,,,,9-9-10-9,40.0,30.6,7,496(-2),,,,[東]高木登,ノルマンディーサラブレッドレーシング,,202306030702
9,7,11,オブシディアン,牡3,56,水口優也,1:56.0,3/4,**,,,,,8-8-8-7,40.6,42.8,8,506(-6),,,,[東]浅野洋一,田頭勇貴,,202306030702
10,4,6,ヴェイヤーズ,牡3,56,北村宏司,1:56.9,5,**,,,,,6-6-5-6,41.9,46.8,9,542(-12),,,,[西]清水久詞,犬塚悠治郎,,202306030702
11,8,13,ミヤビラピート,牡3,56,吉田豊,1:57.6,4,**,,,,,12-12-10-10,41.8,326.2,13,536(+6),,,,[東]高橋文雅,村上義勝,,202306030702
12,8,14,ヒロノサクセス,牡3,56,杉原誠人,1:57.8,1.1/4,**,,,,,9-9-10-10,42.0,468.1,14,420(+6),,,,[東]大和田成,石川博,,202306030702
13,3,4,デスティノ,牡3,56,横山武史,1:58.4,3.1/2,**,,,,,3-5-7-10,43.3,7.5,3,528(-10),,,,[東]田島俊明,Ｇリビエール・レーシング,,202306030702
14,3,3,オークリッチ,牡3,56,木幡巧也,1:59.6,7,**,,,,,14-14-14-14,42.2,313.7,12,488(0),,,,[東]小笠倫弘,宇田豊,,202306030702
1,5,10,コパノエルパソ,牡3,56,木幡巧也,1:12.0,,**,,,,,9-7,36.9,1.4,1,514(-8),,,,[東]上原博之,小林祥晃,550.0,202306030703
2,7,13,ユーカリプタス,牡3,56,松岡正海,1:12.2,1,**,,,,,4-4,37.7,8.9,3,460(+2),,,,[東]戸田博文,清進電設,220.0,202306030703
3,3,5,ケイツーユーロ,牡3,56,武士沢友,1:12.6,2.1/2,**,,,,,2-2,38.4,49.6,8,456(+2),,,,[東]鈴木慎太,楠本勝美,140.0,202306030703
4,7,14,ドラヴァイト,牡3,56,丸田恭介,1:12.8,1,**,,,,,6-5,37.9,256.9,13,438(-2),,,,[東]加藤和宏,岡田牧雄,83.0,202306030703
5,6,11,サンエスペランス,牡3,53,小林勝太,1:12.9,1/2,**,,,,,3-3,38.6,5.6,2,456(-2),,,,[東]小野次郎,加藤ステーブル,55.0,202306030703
6,5,9,ワクワクドキドキ,牡3,54,小林脩斗,1:13.0,1/2,**,,,,,7-7,38.0,17.4,5,432(+4),,,,[東]和田正一,スピードファーム,,202306030703
7,1,2,オータムエッジ,牡3,55,永野猛蔵,1:13.0,アタマ,**,,,,,12-7,37.5,35.6,6,454(-14),,,,[東]金成貴史,レッドマジック,,202306030703
8,4,7,ロッカバラード,牡3,56,野中悠太,1:13.3,2,**,,,,,11-12,38.1,80.2,10,448(0),,,,[東]田島俊明,岡田牧雄,,202306030703
9,8,16,モデリスタ,牡3,56,大野拓弥,1:13.5,3/4,**,,,,,9-7,38.4,75.8,9,508(-6),,,,[東]加藤士津,高瀬正志,,202306030703
10,1,1,エースオブスペーズ,セ3,56,吉田豊,1:13.6,1,**,,,,,1-1,39.5,11.9,4,456(-4),,,,[西]茶木太樹,ヒダカ・ブリーダーズ・ユニオン,,202306030703
11,6,12,ブルーゴールド,牡3,56,的場勇人,1:13.7,1/2,**,,,,,12-13,38.3,375.9,16,476(+6),,,,[東]的場均,青山郁代,,202306030703
12,2,4,ラブファントム,牡3,56,岩部純二,1:13.7,ハナ,**,,,,,14-14,37.1,318.5,15,450(-2),,,,[東]浅野洋一,田頭勇貴,,202306030703
13,3,6,ライトブラーヴ,牡3,56,杉原誠人,1:13.8,1/2,**,,,,,14-14,37.2,38.0,7,416(0),,,,[東]伊藤伸一,ミルファーム,,202306030703
14,8,15,シゲルプレジール,牡3,56,柴田善臣,1:15.3,9,**,,,,,7-7,40.3,264.6,14,454(-2),,,,[東]水野貴広,森中啓子,,202306030703
15,4,8,コロラドテソーロ,牝3,54,石川裕紀,1:16.5,7,**,,,,,5-5,41.8,208.7,12,444(+2),,,,[東]勢司和浩,了徳寺健二ホールディングス,,202306030703
16,2,3,コロナオペルタ,牡3,56,井上敏樹,1:17.1,3.1/2,**,,,,,16-16,38.4,137.7,11,492(0),,,,[東]和田勇介,岡田牧雄,,202306030703
1,8,13,ニシノファンフェア,牡3,56,横山武史,1:55.0,,**,,,,,4-4-3-2,38.5,1.7,1,474(-2),,,,[東]和田勇介,西山茂行,550.0,202306030704
2,6,8,エアアレクサンドラ,牝3,54,石橋脩,1:55.2,1.1/4,**,,,,,1-1-1-1,39.1,13.0,5,456(-6),,,,[東]田中博康,ラッキーフィールド,220.0,202306030704
3,5,6,ベルウッドシキシマ,牡3,56,内田博幸,1:55.3,クビ,**,,,,,6-7-11-8,38.3,13.0,6,432(+2),,,,[東]辻哲英,鈴木照雄,140.0,202306030704
4,7,11,ユイノオトコヤマ,牡3,56,吉田豊,1:55.3,ハナ,**,,,,,6-6-5-5,38.6,5.4,2,448(-4),,,,[東]深山雅史,由井健太郎,83.0,202306030704
5,5,7,ワンボイス,牡3,53,小林勝太,1:55.7,2.1/2,**,,,,,11-11-9-12,38.9,10.0,4,472(+2),,,,[西]角田晃一,岡浩二,55.0,202306030704
6,7,10,ソブリンルーラー,セ3,56,杉原誠人,1:56.2,3,**,,,,,6-8-5-8,39.6,109.5,10,444(-16),,,,[東]中川公成,社台レースホース,,202306030704
7,1,1,シンボリタイプ,牡3,56,田辺裕信,1:56.2,クビ,**,,,,,12-12-11-8,39.3,9.3,3,522(-8),,,,[東]菊川正達,シンボリ牧場,,202306030704
8,4,5,マテンロウブルース,牡3,56,岩部純二,1:56.3,1/2,**,,,,,5-4-5-5,39.6,322.1,13,444(0),,,,[東]浅野洋一,田頭勇貴,,202306030704
9,3,3,ユメカナウトキ,牡3,56,菅原明良,1:56.3,クビ,**,,,,,9-8-5-5,39.6,69.3,9,470(-2),,,,[東]天間昭一,矢野琢也,,202306030704
10,8,12,ショーエース,牡3,56,木幡巧也,1:56.6,1.3/4,**,,,,,2-2-3-2,40.2,134.6,11,476(-6),,,,[東]小笠倫弘,吉冨学,,202306030704
11,4,4,サクラトップロール,牡3,54,小林脩斗,1:56.8,1.1/4,**,,,,,9-10-13-13,39.6,215.1,12,462(+2),,,,[東]奥平雅士,トップフェロウ,,202306030704
12,2,2,フジブルーダイヤ,牝3,53,永野猛蔵,1:57.1,1.3/4,**,,,,,13-12-9-8,40.3,43.4,8,446(-8),,,,[東]尾形和幸,フジレーシング,,202306030704
13,6,9,ヒズハイネス,牡3,56,Ｍ．デム,1:57.6,3,**,,,,,2-3-2-2,41.4,16.2,7,450(+4),,,,[西]斉藤崇史,フクキタル,,202306030704
1,4,7,レッドバレンティア,牡3,56,レーン,1:36.4,,**,,,,,1-1-1,35.8,2.2,1,444(+4),,,,[東]手塚貴久,東京ホースレーシング,550.0,202306030705
2,1,2,ミヤビブレイブ,牝3,54,松岡正海,1:37.1,4,**,,,,,2-2-2,36.2,3.1,2,456(0),,,,[東]小島茂之,村上義勝,220.0,202306030705
3,8,16,グランドカリナン,牡3,56,津村明秀,1:37.2,クビ,**,,,,,11-11-8,35.6,13.4,5,450(-4),,,,[東]田島俊明,田畑利彦,140.0,202306030705
4,6,12,アンチフラジャイル,牡3,56,Ｍ．デム,1:37.5,1.3/4,**,,,,,5-4-4,36.4,6.7,3,480(+8),,,,[東]尾関知人,山本英俊,83.0,202306030705
5,4,8,オニユリ,牝3,54,野中悠太,1:37.8,2,**,,,,,9-9-10,36.3,68.6,11,468(0),,,,[東]小西一男,河内孝夫,55.0,202306030705
6,2,4,エフロレセンス,牝3,54,石橋脩,1:37.9,クビ,**,,,,,5-6-6,36.6,46.3,8,440(-2),,,,[東]古賀慎明,ゴドルフィン,,202306030705
7,1,1,テマリ,牝3,54,杉原誠人,1:38.1,1.1/4,**,,,,,5-6-5,36.8,209.8,14,398(-6),,,,[東]深山雅史,武田浩典,,202306030705
8,6,11,シルバーテーラー,牝3,54,吉田豊,1:38.1,クビ,**,,,,,13-12-11,36.2,56.0,10,452(-4),,,,[東]高橋文雅,中西浩一,,202306030705
9,8,15,スパークタイムリー,牝3,54,田辺裕信,1:38.1,クビ,**,,,,,5-6-6,36.8,31.7,6,452(0),,,,[東]小島茂之,西見徹也,,202306030705
10,5,9,フロンテアブライト,牡3,56,内田博幸,1:38.1,アタマ,**,,,,,16-15-14,35.9,51.3,9,480(0),,,,[東]奥村武,三協ファーム,,202306030705
11,7,13,ティックルハート,牝3,54,菅原明良,1:38.5,2,**,,,,,4-2-3,37.7,8.8,4,450(+2),,,,[東]高木登,Ｇ１レーシング,,202306030705
12,7,14,ロードイモータル,牡3,55,永野猛蔵,1:38.6,1,**,,,,,13-16-15,36.3,140.5,13,496(-8),,,,[東]和田勇介,ロードホースクラブ,,202306030705
13,3,6,アイワナアイドル,牝3,51,小林勝太,1:38.7,1/2,**,,,,,2-4-8,37.5,104.0,12,396(+2),,,,[東]戸田博文,ＤＭＭドリームクラブ,,202306030705
14,2,3,カルテレヴァンテ,牝3,54,丸田恭介,1:38.8,1/2,**,,,,,13-12-11,36.9,254.5,15,434(-20),,,,[東]伊藤大士,大塚亮一,,202306030705
15,3,5,シャンディエン,牡3,56,木幡巧也,1:39.4,3.1/2,**,,,,,9-9-11,37.9,40.7,7,496(-12),,,,[東]林徹,サンデーレーシング,,202306030705
16,5,10,アシュームエアズ,牝3,54,大野拓弥,1:39.6,1,**,,,,,11-12-15,37.7,264.9,16,456(0),,,,[東]辻哲英,ゴドルフィン,,202306030705
1,4,5,ハッスルダンク,牡3,56,杉原誠人,1:52.2,,**,,,,,3-4-4-4,37.1,6.6,4,438(0),,,,[東]中川公成,高篠憲一,780.0,202306030706
2,6,9,ワンライトスター,牡3,56,石川裕紀,1:52.8,4,**,,,,,2-2-2-2,38.1,22.8,8,474(+8),,,,[西]茶木太樹,宮本育也,310.0,202306030706
3,1,1,マオノアラシ,牡3,56,田辺裕信,1:53.0,1,**,,,,,9-9-8-8,37.5,5.5,3,488(-2),,,,[東]加藤士津,湯浅健司,200.0,202306030706
4,8,13,ジャスパーバローズ,牡3,56,津村明秀,1:53.1,1/2,**,,,,,6-4-4-2,38.1,13.0,7,494(-6),,,,[西]清水久詞,猪熊広次,120.0,202306030706
5,5,7,アオイイーグル,牡3,56,荻野琢真,1:53.8,4,**,,,,,10-10-11-11,38.2,3.8,1,478(-6),,,,[西]大久保龍,新谷正子,78.0,202306030706
6,3,3,スウィーヴェモワ,牝3,54,大野拓弥,1:53.9,クビ,**,,,,,1-1-1-1,39.2,4.0,2,500(-8),,,,[東]田村康仁,ラ・メール,,202306030706
7,4,4,トーホウレーゲン,牡3,56,レーン,1:54.1,1.1/2,**,,,,,10-11-11-11,38.4,22.9,9,456(+12),,,,[西]石坂公一,東豊物産,,202306030706
8,7,10,ヒューゴ,牡3,56,菅原明良,1:54.2,3/4,**,,,,,6-8-6-6,38.9,10.4,5,462(-4),,,,[東]加藤征弘,林正道,,202306030706
9,8,12,クリスプブリーズ,牡3,56,木幡巧也,1:54.3,クビ,**,,,,,3-2-3-4,39.4,79.5,12,496(-4),,,,[東]菊川正達,コロンバスサークル,,202306030706
10,2,2,ナスノカンゲツ,牡3,56,横山武史,1:54.3,クビ,**,,,,,5-6-8-9,38.9,12.7,6,504(0),,,,[東]武井亮,那須野牧場,,202306030706
11,6,8,スナイチゴールド,牡3,56,丸田恭介,1:54.5,1.1/4,**,,,,,6-6-6-6,39.3,43.9,11,520(-6),,,,[東]加藤和宏,ゴールドレーシング,,202306030706
12,5,6,ゴンドワナ,牡3,56,柴田善臣,1:54.7,1,**,,,,,13-12-11-9,39.1,142.1,13,476(-12),,,,[東]小島茂之,岡田牧雄,,202306030706
13,7,11,シリアルノヴェル,牡3,55,永野猛蔵,1:55.6,5,**,,,,,12-12-8-11,40.2,26.3,10,474(+2),,,,[東]伊藤圭三,社台レースホース,,202306030706
1,6,6,シャドウマッドネス,セ4,58,Ｍ．デム,2:16.8,,**,,,,,11-11-11-10,36.5,4.4,3,432(+8),,,,[東]和田勇介,飯塚知一,800.0,202306030707
2,4,4,エクスインパクト,セ5,58,木幡巧也,2:17.0,1.1/2,**,,,,,7-7-6-5,37.7,10.5,6,478(-2),,,,[東]尾関知人,シルクレーシング,320.0,202306030707
3,8,10,ヴィトーリア,牡5,58,横山武史,2:17.1,クビ,**,,,,,10-10-9-5,37.4,3.5,2,450(0),,,,[西]武英智,寺田寿男,200.0,202306030707
4,2,2,ボンベール,牡7,58,内田博幸,2:17.3,1.1/4,**,,,,,1-1-1-1,38.4,3.2,1,498(-8),,,,[東]辻哲英,木部厳生,120.0,202306030707
5,7,8,キュンストラー,牝5,56,菅原明良,2:17.4,1,**,,,,,8-7-8-5,37.8,23.1,7,406(+2),,,,[東]松永康利,サラブレッドクラブ・ラフィアン,80.0,202306030707
6,6,7,ゼアズノープレイス,牡4,58,柴田善臣,2:17.5,1/2,**,,,,,5-5-4-2,38.3,67.0,10,476(+6),,,,[東]村田一誠,谷口祐人,,202306030707
7,1,1,カトルショセット,牝5,56,津村明秀,2:17.7,1,**,,,,,6-6-6-2,38.4,10.3,5,476(-4),,,,[東]黒岩陽一,Ｇ１レーシング,,202306030707
8,8,11,ウインマイルート,牡4,58,石川裕紀,2:18.8,7,**,,,,,2-2-2-2,39.9,7.5,4,458(+2),,,,[東]鈴木慎太,ウイン,,202306030707
9,7,9,ナミブ,セ7,58,杉原誠人,2:19.1,1.3/4,**,,,,,8-9-9-11,39.4,43.7,8,466(-4),,,,[東]南田美知,ミルファーム,,202306030707
10,5,5,クラウンセト,牡4,58,武士沢友,2:20.2,7,**,,,,,4-4-4-5,41.0,55.8,9,454(-15),,,,[東]本間忍,和田志保,,202306030707
11,3,3,ユキノオウジサマ,牡4,58,原田和真,2:20.9,4,**,,,,,3-3-3-5,41.9,83.9,11,514(-2),,,,[東]田島俊明,藤沼利夫,,202306030707
1,1,1,ジャスパークローネ,牡4,58,レーン,1:09.8,,**,,,,,1-1,35.6,2.6,1,482(-6),,,,[西]森秀行,加藤和夫,"1,140.0",202306030708
2,1,2,ロードラスター,牡5,58,菅原明良,1:10.1,1.3/4,**,,,,,6-5,35.4,16.1,6,512(-2),,,,[西]千田輝彦,ロードホースクラブ,460.0,202306030708
3,2,3,クムシラコ,牡5,58,内田博幸,1:10.6,3,**,,,,,3-3,36.0,71.8,12,476(+6),,,,[東]石毛善彦,ミルファーム,290.0,202306030708
4,3,5,イズンシーラブリー,牝5,56,横山武史,1:10.6,クビ,**,,,,,13-12,35.2,2.9,2,430(+4),,,,[東]加藤征弘,諸江幸祐,170.0,202306030708
5,7,13,ルルローズ,牝5,56,杉原誠人,1:10.7,クビ,**,,,,,3-5,36.2,9.4,3,466(0),,,,[東]伊藤大士,的場徹,114.0,202306030708
6,4,8,ミズノコキュウ,牝4,56,Ｍ．デム,1:10.7,アタマ,**,,,,,3-3,36.2,27.9,8,420(-4),,,,[東]水野貴広,サラブレッドクラブ・ラフィアン,,202306030708
7,3,6,トーセンサンダー,牡4,55,小林勝太,1:10.7,ハナ,**,,,,,6-7,35.9,11.2,4,472(0),,,,[東]杉浦宏昭,島川隆哉,,202306030708
8,5,10,アスターディゴン,牡4,58,石橋脩,1:10.8,1/2,**,,,,,9-8,35.8,26.4,7,478(0),,,,[西]中竹和也,加藤久枝,,202306030708
9,7,14,ポピュラーソング,牝6,56,木幡巧也,1:10.8,アタマ,**,,,,,8-8,35.9,177.2,16,450(-4),,,,[東]土田稔,酒井孝敏,,202306030708
10,8,16,ウメタロウ,牡8,58,水口優也,1:10.9,3/4,**,,,,,13-12,35.4,130.0,15,510(-2),,,,[東]伊藤大士,ミルファーム,,202306030708
11,6,12,ジャガード,牡5,57,永野猛蔵,1:10.9,ハナ,**,,,,,15-15,35.1,93.2,13,426(+6),,,,[東]和田雄二,栗坂崇,,202306030708
12,8,15,カシノフォワード,セ5,58,丸田恭介,1:11.0,1/2,**,,,,,11-11,35.9,98.4,14,434(-2),,,,[東]蛯名利弘,柏木務,,202306030708
13,2,4,タッカーシルバー,牝4,56,津村明秀,1:11.0,アタマ,**,,,,,9-8,36.0,15.1,5,456(0),,,,[東]鈴木伸尋,小松崎孝,,202306030708
14,6,11,アップリバー,牝5,56,柴田善臣,1:11.2,3/4,**,,,,,2-2,36.9,29.3,9,492(0),,,,[東]牧光二,平田修,,202306030708
15,5,9,グレタ,牝4,56,大野拓弥,1:11.2,クビ,**,,,,,16-16,35.3,29.4,10,460(0),,,,[東]清水英克,大脇佑樹,,202306030708
16,4,7,フェイマスダンディ,牡5,58,野中悠太,1:11.3,クビ,**,,,,,12-12,36.0,55.6,11,474(+2),,,,[東]深山雅史,堀江貞幸,,202306030708
1,1,1,スズカハービン,牡3,56,津村明秀,2:04.2,,**,,,,,9-9-10-8,36.7,24.9,10,460(-4),,,,[西]高橋義忠,永井啓弍,"1,099.4",202306030709
2,6,7,シルバーティムール,牡3,56,吉田豊,2:04.2,アタマ,**,,,,,11-11-10-5,36.7,13.8,7,500(-4),,,,[東]久保田貴,越村洋子,438.4,202306030709
3,8,12,ダニーデン,牡3,56,北村宏司,2:04.2,ハナ,**,,,,,4-5-5-2,37.2,6.5,3,500(-8),,,,[東]辻哲英,吉田和美,274.2,202306030709
4,6,8,オールマイデイズ,牡3,56,レーン,2:04.5,1.3/4,**,,,,,9-9-8-5,37.2,3.0,1,490(-2),,,,[東]木村哲也,シルクレーシング,160.0,202306030709
5,5,5,マイネルビジョン,牡3,56,菅原明良,2:04.8,1.3/4,**,,,,,7-7-6-5,37.6,36.1,11,456(-2),,,,[東]高木登,サラブレッドクラブ・ラフィアン,107.0,202306030709
6,3,3,ボーンイングランデ,牡3,56,石川裕紀,2:04.9,3/4,**,,,,,12-12-12-12,37.0,23.6,9,468(+2),,,,[西]吉田直弘,グランデオーナーズ,,202306030709
7,2,2,イージーオンミー,牝3,54,石橋脩,2:05.0,クビ,**,,,,,4-4-3-2,38.4,8.7,5,426(-4),,,,[東]中舘英二,坂東牧場,,202306030709
8,7,10,ロゼル,牡3,56,杉原誠人,2:06.1,7,**,,,,,7-8-6-10,39.0,15.5,8,458(+2),,,,[東]大和田成,田中純一,,202306030709
9,5,6,インスタキング,牡3,56,横山武史,2:06.2,1/2,**,,,,,2-2-2-2,39.7,12.2,6,504(+6),,,,[東]蛯名正義,嶋田賢,,202306030709
10,4,4,ジュンフシナ,牡3,56,田辺裕信,2:06.7,3,**,,,,,1-1-1-1,40.5,7.6,4,470(-8),,,,[東]中舘英二,河合純二,,202306030709
11,7,9,レイフォール,牡3,56,永野猛蔵,2:07.7,6,**,,,,,3-3-3-8,41.0,146.2,12,462(-2),,,,[東]武藤善則,落合幸弘,,202306030709
12,8,11,ガレストロ,牡3,56,Ｍ．デム,2:07.9,1,**,,,,,6-6-8-10,40.6,5.3,2,490(-6),,,,[東]萩原清,金子真人ホールディングス,,202306030709
1,4,6,ガンダルフ,牡5,58,レーン,1:50.8,,**,,,,,7-6-4-4,37.1,4.5,2,490(+2),,,,[東]国枝栄,サンデーレーシング,"1,872.2",202306030710
2,3,5,マイネルクロンヌ,牡6,58,津村明秀,1:51.0,1,**,,,,,2-3-3-3,37.5,25.8,8,508(-6),,,,[東]青木孝文,サラブレッドクラブ・ラフィアン,749.2,202306030710
3,5,9,タイセイスラッガー,牡5,58,菅原明良,1:51.2,1,**,,,,,2-2-2-2,37.8,50.4,9,538(-8),,,,[東]高橋裕,田中成奉,464.6,202306030710
4,6,10,トラモント,セ6,58,北村宏司,1:51.3,3/4,**,,,,,13-13-13-11,37.0,16.1,6,504(-4),,,,[東]新開幸一,シルクレーシング,280.0,202306030710
5,8,15,レッドラパルマ,牡4,58,横山武史,1:51.4,クビ,**,,,,,7-6-8-8,37.4,4.5,3,494(-6),,,,[東]加藤征弘,東京ホースレーシング,184.0,202306030710
6,2,3,プラチナトレジャー,牡5,58,田辺裕信,1:51.4,クビ,**,,,,,12-9-9-6,37.3,15.0,5,482(+8),,,,[東]国枝栄,嶋田賢,,202306030710
7,3,4,カフェスペランツァ,牡6,58,吉田豊,1:51.6,1,**,,,,,15-15-13-8,37.3,245.1,14,520(0),,,,[東]中舘英二,西川恭子,,202306030710
8,7,12,オンザライン,牡5,58,石橋脩,1:51.7,1/2,**,,,,,9-9-9-8,37.6,8.5,4,456(0),,,,[東]大和田成,久保田定,,202306030710
9,6,11,グラスデスティーノ,牡6,58,木幡巧也,1:51.7,クビ,**,,,,,4-4-4-6,38.0,54.9,10,472(-4),,,,[東]牧光二,半沢,,202306030710
10,7,13,ホウオウルーレット,牡4,58,大野拓弥,1:51.8,1/2,**,,,,,13-13-13-11,37.5,2.5,1,496(+2),,,,[東]栗田徹,小笹芳央,,202306030710
11,1,1,エスシーヴィオラ,牝5,56,丸田恭介,1:51.9,1/2,**,,,,,1-1-1-1,38.5,175.7,13,484(+2),,,,[東]宗像義忠,工藤圭司,,202306030710
12,2,2,マーキュリーセブン,セ6,58,永野猛蔵,1:52.3,2.1/2,**,,,,,5-4-4-4,38.6,290.3,15,454(0),,,,[東]加藤和宏,ライオンレースホース,,202306030710
13,5,8,ヴェノム,牡5,58,武士沢友,1:52.9,3.1/2,**,,,,,9-9-9-11,38.8,123.5,12,526(-11),,,,[東]天間昭一,栗嶋豊明,,202306030710
14,8,14,スズカデレヤ,牡6,58,田中勝春,1:52.9,クビ,**,,,,,9-9-9-11,38.8,64.6,11,518(-10),,,,[西]大橋勇樹,永井啓弍,,202306030710
15,4,7,サトノスライヴ,牡6,58,Ｍ．デム,1:56.8,大,**,,,,,6-6-7-11,43.0,16.5,7,518(-2),,,,[東]上原佑紀,里見治,,202306030710
1,2,2,イロゴトシ,牡6,63,黒岩悠,4:54.1,,,,,,,5-5-1-1,13.8,17.1,6,474(+2),,,,[西]牧田和弥,内田玄祥,"6,635.7",202306030711
2,8,10,ミッキーメテオ,牡6,63,五十嵐雄,4:57.2,大,,,,,,3-3-5-3,14.0,4.3,2,516(+2),,,,[東]西田雄一,野田みづき,"2,610.2",202306030711
3,7,7,ダイシンクローバー,セ7,63,森一馬,4:57.5,1.1/2,,,,,,6-6-5-6,14.0,11.9,5,484(-2),,,,[西]安田隆行,大八木信行,"1,705.1",202306030711
4,7,8,テーオーソクラテス,牡6,63,小坂忠士,4:57.5,アタマ,,,,,,2-2-2-2,14.0,9.6,4,460(-2),,,,[西]奥村豊,小笹公也,990.0,202306030711
5,4,4,スマートアペックス,牡6,63,中村将之,4:57.9,2.1/2,,,,,,6-6-7-7,14.0,32.4,8,476(0),,,,[西]中村直也,大川徹,660.0,202306030711
6,1,1,ジューンベロシティ,牡5,63,西谷誠,4:59.0,7,,,,,,9-9-10-10,14.1,27.6,7,472(+2),,,,[西]武英智,吉川潤,,202306030711
7,5,5,ビレッジイーグル,牡6,63,大江原圭,4:59.7,4,,,,,,1-1-4-3,14.1,7.0,3,508(-10),,,,[東]竹内正洋,村山輝雄,,202306030711
8,6,6,エミーリオ,牡9,63,上野翔,4:59.8,クビ,,,,,,10-10-9-8,14.1,166.8,10,494(-2),,,,[東]田中剛,加藤誠,,202306030711
9,3,3,ニシノデイジー,牡7,63,石神深一,5:00.2,2.1/2,,,,,,3-3-3-5,14.1,1.8,1,504(+4),,,,[東]高木登,西山茂行,,202306030711
10,8,9,クリノオウジャ,牡7,63,難波剛健,5:02.3,大,,,,,,8-8-8-8,14.2,59.1,9,452(-4),,,,[西]高橋義忠,栗本守,,202306030711
1,8,12,ロードオブザチェコ,牡5,58,丸田恭介,1:09.5,,**,,,,,1-1,35.8,9.6,4,494(-4),,,,[東]石栗龍彦,谷脇智恵子,"1,580.8",202306030712
2,3,3,ブルーダイヤカフェ,牡6,58,大野拓弥,1:10.3,5,**,,,,,8-8,35.7,4.9,3,538(-4),,,,[東]和田勇介,西川恭子,628.8,202306030712
3,1,1,サザンエルフ,牝4,56,菅原明良,1:10.3,ハナ,**,,,,,4-4,36.2,3.1,1,462(-4),,,,[東]中川公成,多田賢司,394.4,202306030712
4,5,5,フレーゲル,牡5,58,津村明秀,1:10.3,クビ,**,,,,,11-11,35.2,13.5,6,484(-6),,,,[東]鈴木慎太,内田玄祥,230.0,202306030712
5,2,2,ダイシンウィット,牡6,58,内田博幸,1:10.5,1,**,,,,,7-6,36.2,21.6,9,514(-4),,,,[東]小笠倫弘,大八木信行,155.0,202306030712
6,8,11,ネイチャーカレン,牡6,58,野中悠太,1:10.7,1.1/4,**,,,,,8-8,36.1,35.5,10,464(+6),,,,[東]根本康広,サザンホールディング,,202306030712
7,6,8,フレーズメーカー,牡5,58,杉原誠人,1:10.9,1.1/4,**,,,,,4-4,36.8,16.1,7,502(+8),,,,[東]栗田徹,山口功一郎,,202306030712
8,5,6,スズカサウスソング,牡6,58,永野猛蔵,1:11.1,1.1/4,**,,,,,8-8,36.5,20.8,8,498(0),,,,[東]伊藤圭三,永井啓弍,,202306030712
9,7,9,パイプライン,セ6,58,Ｍ．デム,1:11.3,1,**,,,,,2-2,37.5,9.9,5,492(0),,,,[東]田中剛,青山洋一,,202306030712
10,6,7,ローヴェロ,牡4,58,横山武史,1:11.4,クビ,**,,,,,2-2,37.6,4.1,2,506(+4),,,,[東]加藤征弘,Ｃ．チェン,,202306030712
11,7,10,ゴールドクロス,牡8,58,田辺裕信,1:11.7,1.3/4,**,,,,,11-11,36.6,99.7,12,490(-2),,,,[東]小西一男,河内孝夫,,202306030712
12,4,4,エバーサニーハート,牡5,58,大庭和弥,1:11.8,1,**,,,,,6-7,37.6,51.4,11,496(-2),,,,[東]小手川準,堀口晴男,,202306030712
1,4,7,ヒラリーステップ,牝3,54,石川裕紀,1:52.9,,**,,,,,4-4-2-2,37.5,4.2,2,468(+4),,,,[東]天間昭一,ビッグレッドファーム,550.0,202306030801
2,8,15,マーゴットミニモ,牝3,54,武豊,1:52.9,クビ,**,,,,,1-1-1-1,37.6,1.6,1,472(-10),,,,[東]伊坂重信,前田良平,220.0,202306030801
3,2,3,イリュージョン,牝3,54,横山和生,1:53.8,5,**,,,,,5-5-5-4,38.0,10.4,4,454(0),,,,[東]西田雄一,岡田隆寛,140.0,202306030801
4,4,6,コトシロ,牝3,54,杉原誠人,1:54.6,5,**,,,,,7-7-7-7,38.3,61.1,8,480(-2),,,,[東]尾形和幸,平川浩之,83.0,202306030801
5,3,4,シュテルンロット,牝3,54,藤岡佑介,1:54.7,1/2,**,,,,,2-2-2-3,39.3,132.6,11,424(0),,,,[西]奥村豊,会田浩史,55.0,202306030801
6,7,12,ニシノツキアカリ,牝3,54,菅原明良,1:55.1,2.1/2,**,,,,,7-7-6-6,39.0,32.6,7,462(0),,,,[東]水野貴広,西山茂行,,202306030801
7,1,1,リスノワール,牝3,54,横山武史,1:55.1,ハナ,**,,,,,2-2-4-4,39.5,6.7,3,458(+2),,,,[東]村田一誠,社台レースホース,,202306030801
8,6,11,シルバービスケッツ,牝3,54,丸田恭介,1:55.2,クビ,**,,,,,9-9-10-10,38.4,211.3,13,424(+6),,,,[東]新開幸一,島川利子,,202306030801
9,3,5,チェリーロマンス,牝3,51,小林勝太,1:55.3,1/2,**,,,,,12-13-14-11,37.9,287.5,14,488(+4),,,,[東]勢司和浩,櫻井悦朗,,202306030801
10,8,14,リンガススウィート,牝3,54,木幡巧也,1:55.3,クビ,**,,,,,10-10-9-9,38.7,29.7,6,496(0),,,,[東]中舘英二,伊藤巖,,202306030801
11,6,10,フェアリーパイン,牝3,54,野中悠太,1:56.0,4,**,,,,,10-10-13-13,38.7,389.1,15,444(+4),,,,[東]新開幸一,飯島利彦,,202306030801
12,5,9,ロマンチックタイム,牝3,54,石橋脩,1:56.1,クビ,**,,,,,12-10-7-7,39.7,63.8,9,506(0),,,,[東]中川公成,堀口晴男,,202306030801
13,5,8,ゼッタイ,牝3,54,武士沢友,1:56.9,5,**,,,,,12-13-12-12,39.8,191.7,12,416(0),,,,[東]村田一誠,菅藤孝雄,,202306030801
14,7,13,ホウオウヴィーナス,牝3,53,永野猛蔵,1:57.9,6,**,,,,,15-15-15-14,40.2,92.9,10,514(0),,,,[東]高木登,小笹芳央,,202306030801
15,2,2,カゲツ,牝3,54,松山弘平,2:05.6,大,**,,,,,6-6-10-15,48.9,27.2,5,444(0),,,,[西]坂口智康,ノルマンディーサラブレッドレーシング,,202306030801
1,1,1,クラウンブラヴォー,牡3,56,木幡巧也,1:11.2,,**,,,,,2-2,36.9,7.2,4,484(0),,,,[東]牧光二,クラウン,550.0,202306030802
2,7,14,シャーンゴッセ,牡3,56,武豊,1:11.3,クビ,**,,,,,5-4,36.8,3.9,2,492(+8),,,,[東]蛯名正義,インゼルレーシング,220.0,202306030802
3,6,12,シャドウダッチェス,牝3,54,戸崎圭太,1:11.3,ハナ,**,,,,,2-2,37.1,4.3,3,470(+2),,,,[東]深山雅史,飯塚知一,140.0,202306030802
4,7,13,イナホ,牝3,54,吉田豊,1:11.7,2,**,,,,,1-1,37.6,21.5,5,450(-4),,,,[東]小桧山悟,中村勝彦,83.0,202306030802
5,2,3,サクセスバラード,牡3,56,横山武史,1:11.7,ハナ,**,,,,,7-6,37.1,2.1,1,458(+2),,,,[東]竹内正洋,ブルースターズファーム,55.0,202306030802
6,5,9,クリノアルバトロス,牡3,56,松岡正海,1:11.8,1/2,**,,,,,11-10,36.5,248.9,11,496(-2),,,,[東]伊藤伸一,栗本博晴,,202306030802
7,5,10,イーデンテソーロ,牡3,56,松山弘平,1:11.8,クビ,**,,,,,4-4,37.4,37.7,7,456(-4),,,,[東]畠山吉宏,了徳寺健二ホールディングス,,202306030802
8,1,2,ハクサンモンチュ,牡3,56,井上敏樹,1:11.9,クビ,**,,,,,7-6,37.3,301.7,13,480(+2),,,,[東]武藤善則,河崎五市,,202306030802
9,4,8,グングニル,牡3,56,菅原明良,1:12.2,2,**,,,,,7-8,37.5,74.0,8,464(+2),,,,[東]佐藤吉勝,松谷翔太,,202306030802
10,3,6,フィオリーノ,牝3,54,内田博幸,1:12.4,1.1/4,**,,,,,10-8,37.6,260.0,12,478(0),,,,[東]辻哲英,加藤徹,,202306030802
11,6,11,モモロイヤル,牝3,54,三浦皇成,1:13.0,3.1/2,**,,,,,12-12,37.3,24.9,6,464(0),,,,[東]尾形和幸,ニッシンホールディングス,,202306030802
12,8,15,ペイシャボビー,牡3,56,横山和生,1:13.1,3/4,**,,,,,12-12,37.4,123.5,10,508(0),,,,[東]小西一男,北所直人,,202306030802
13,8,16,コーヒーカフェ,牡3,56,水口優也,1:13.5,2.1/2,**,,,,,14-14,37.5,383.0,14,458(-2),,,,[東]南田美知,ミルファーム,,202306030802
14,2,4,ミユキアモーレミオ,牡3,53,小林勝太,1:13.9,2.1/2,**,,,,,16-16,37.5,413.7,15,446(-6),,,,[東]小野次郎,長井純一,,202306030802
15,3,5,ロデオフリップ,牝3,54,丸田恭介,1:14.0,1,**,,,,,14-15,38.0,429.6,16,438(0),,,,[東]石毛善彦,田頭勇貴,,202306030802
16,4,7,エコロヴィーガ,牝3,54,石川裕紀,1:14.8,5,**,,,,,5-11,40.3,90.7,9,472(-2),,,,[東]矢野英一,原村正紀,,202306030802
1,6,9,オセアフラッグ,牡3,56,岩田望来,1:52.7,,**,,,,,3-3-2-2,38.7,9.2,4,484(+10),,,,[東]加藤征弘,ＸＩＡＯジャパン,550.0,202306030803
2,7,11,セイウンミライズ,牡3,56,レーン,1:52.8,クビ,**,,,,,10-10-8-6,38.2,1.9,1,466(+2),,,,[東]奥平雅士,西山茂行,220.0,202306030803
3,4,4,オールアルミュール,牡3,56,木幡巧也,1:53.1,2,**,,,,,6-6-7-8,38.7,114.1,11,514(0),,,,[東]的場均,林勝宗,140.0,202306030803
4,6,8,トロピカルタウン,牡3,56,田辺裕信,1:53.7,3.1/2,**,,,,,4-4-4-4,39.5,8.4,3,466(0),,,,[東]伊坂重信,グリーンスウォード,83.0,202306030803
5,7,10,トレオン,牡3,55,永野猛蔵,1:54.0,2,**,,,,,12-12-10-9,39.0,110.3,10,438(-8),,,,[東]佐藤吉勝,石瀬浩三,55.0,202306030803
6,2,2,グッドルックス,牡3,56,三浦皇成,1:54.2,1.1/4,**,,,,,1-1-1-1,40.3,55.5,9,506(0),,,,[東]竹内正洋,池田草龍,,202306030803
7,5,7,ハイファイヴ,牡3,56,松岡正海,1:54.7,3,**,,,,,6-6-4-4,40.5,19.5,7,494(-2),,,,[東]堀内岳志,吉田安惠,,202306030803
8,1,1,ブライテストドーン,牡3,56,戸崎圭太,1:55.0,2,**,,,,,4-4-4-6,40.8,3.5,2,518(+2),,,,[東]田島俊明,吉田千津,,202306030803
9,3,3,オネストリー,牡3,56,松山弘平,1:55.4,2.1/2,**,,,,,2-2-2-2,41.4,32.7,8,478(-4),,,,[西]茶木太樹,金山政信,,202306030803
10,4,5,ロードアスタリスク,牡3,56,菅原明良,1:56.2,5,**,,,,,13-13-11-11,40.7,16.4,5,470(0),,,,[西]安田隆行,ロードホースクラブ,,202306030803
11,8,13,シャノンフォールズ,牡3,56,野中悠太,1:56.3,クビ,**,,,,,8-8-8-10,41.7,19.2,6,478(-2),,,,[東]上原博之,水上ふじ子,,202306030803
12,5,6,ペイシャウォーリア,牡3,56,武士沢友,1:58.6,大,**,,,,,8-9-11-12,43.2,316.6,12,466(+4),,,,[東]本間忍,北所直人,,202306030803
13,8,12,マライアガーネット,牡3,56,岩部純二,1:59.4,5,**,,,,,10-11-13-13,43.2,626.6,13,502(-10),,,,[東]浅野洋一,田頭勇貴,,202306030803
1,8,16,タナサンブラック,牡3,56,戸崎圭太,2:16.3,,**,,,,,8-8-9-6,36.1,9.3,4,490(0),,,,[東]伊坂重信,田中俊彰,550.0,202306030804
2,4,8,ボールドステート,牡3,56,石川裕紀,2:16.7,2.1/2,**,,,,,2-2-2-1,37.1,3.7,2,476(0),,,,[東]尾形和幸,増田陽一,220.0,202306030804
3,7,15,ホウオウムサシ,牡3,56,杉原誠人,2:16.7,クビ,**,,,,,8-8-5-4,36.7,4.4,3,436(0),,,,[東]蛯名正義,小笹芳央,140.0,202306030804
4,6,12,ヤングローゼス,セ3,56,レーン,2:16.7,クビ,**,,,,,4-3-3-3,36.9,2.3,1,498(-2),,,,[東]手塚貴久,藤田晋,83.0,202306030804
5,7,13,シロノクミキョク,牝3,54,横山武史,2:17.5,5,**,,,,,5-5-5-6,37.5,33.6,8,436(+6),,,,[東]鈴木伸尋,ビッグレッドファーム,55.0,202306030804
6,7,14,クリノクオン,牡3,56,松岡正海,2:17.5,クビ,**,,,,,11-11-13-10,37.0,67.2,10,454(+2),,,,[東]伊藤伸一,栗本博晴,,202306030804
7,2,3,グレイトインディ,牡3,56,横山和生,2:17.5,アタマ,**,,,,,3-3-3-4,37.7,96.1,11,468(+2),,,,[東]勢司和浩,今井優,,202306030804
8,8,18,メタルクラフト,牡3,56,津村明秀,2:17.7,1.1/4,**,,,,,11-11-8-6,37.6,25.7,6,448(-10),,,,[東]田中博康,犬塚悠治郎,,202306030804
9,8,17,プリマウェイ,牝3,54,内田博幸,2:18.0,2,**,,,,,15-15-14-13,37.3,309.1,17,444(+2),,,,[東]深山雅史,新井原博,,202306030804
10,1,1,フォスティーヌ,牝3,54,吉田豊,2:18.0,ハナ,**,,,,,17-16-15-13,37.2,46.4,9,430(+2),,,,[東]戸田博文,吉田照哉,,202306030804
11,6,11,オセアジャーディン,牡3,56,木幡巧也,2:18.1,1/2,**,,,,,14-13-9-10,37.8,27.9,7,504(0),,,,[東]菊川正達,ＸＩＡＯジャパン,,202306030804
12,1,2,カドゥケウス,牡3,56,柴田大知,2:18.3,1.1/4,**,,,,,5-5-5-6,38.4,163.6,13,484(0),,,,[東]粕谷昌央,ビッグレッドファーム,,202306030804
13,4,7,ハッピータイム,牡3,53,小林勝太,2:18.5,1.1/4,**,,,,,15-16-17-15,37.3,290.3,16,540(0),,,,[東]鹿戸雄一,嶋田賢,,202306030804
14,5,10,ヴァリドゥス,牡3,56,松山弘平,2:18.8,1.1/2,**,,,,,8-8-9-10,38.6,16.8,5,544(+4),,,,[東]堀宣行,Ｇ１レーシング,,202306030804
15,2,4,ナンヨーノサラ,牝3,54,柴田善臣,2:18.9,1/2,**,,,,,1-1-1-2,39.4,213.1,14,470(0),,,,[東]武藤善則,中村徳也,,202306030804
16,5,9,ノアバラード,牡3,55,永野猛蔵,2:20.1,7,**,,,,,11-13-15-16,39.2,747.4,18,460(-4),,,,[東]石毛善彦,佐山公男,,202306030804
17,3,5,エレオノール,牝3,54,丸田恭介,2:20.6,3,**,,,,,18-18-17-16,39.5,149.7,12,460(0),,,,[東]大竹正博,中村昭博,,202306030804
18,3,6,ブルーエンジェルス,牝3,54,岩田望来,2:21.5,5,**,,,,,5-5-9-18,41.3,287.1,15,476(+4),,,,[東]加藤士津,ターフ・スポート,,202306030804
1,1,2,スクーバー,牡3,56,レーン,1:10.6,,**,,,,,6-5,36.2,3.0,1,482(-8),,,,[東]武藤善則,Ｇ１レーシング,780.0,202306030805
2,4,7,ネバレチュゴー,牡3,56,松岡正海,1:10.6,アタマ,**,,,,,10-8,35.8,3.6,2,510(-10),,,,[東]西田雄一,ミルファーム,310.0,202306030805
3,6,12,トモジャミ,牝3,54,武豊,1:10.9,1.3/4,**,,,,,8-5,36.4,10.0,4,504(0),,,,[東]鈴木伸尋,吉冨学,200.0,202306030805
4,2,3,バトゥーキ,牡3,56,川田将雅,1:11.1,1.1/4,**,,,,,10-10,36.3,5.8,3,486(+4),,,,[西]浜田多実,京都ホースレーシング,120.0,202306030805
5,3,5,マーブルマカロン,牝3,54,三浦皇成,1:11.3,1.1/2,**,,,,,10-10,36.5,10.4,5,416(-2),,,,[東]林徹,保坂和孝,78.0,202306030805
6,6,11,キョウエイカンフ,牡3,56,横山和生,1:11.4,クビ,**,,,,,16-14,36.0,21.9,9,500(0),,,,[東]勢司和浩,田中晴夫,,202306030805
7,7,14,シュヴァルツリーベ,牝3,54,津村明秀,1:11.4,クビ,**,,,,,5-2,37.1,18.3,7,442(+2),,,,[東]林徹,ノルマンディーサラブレッドレーシング,,202306030805
8,3,6,カマラードマリー,牝3,54,藤岡佑介,1:11.4,ハナ,**,,,,,1-1,37.5,80.0,12,466(-6),,,,[東]小笠倫弘,岡浩二,,202306030805
9,8,16,サイモンギフト,牡3,56,菅原明良,1:11.8,2,**,,,,,3-7,37.6,20.2,8,474(-12),,,,[東]勢司和浩,澤田昭紀,,202306030805
10,5,10,レヴィナス,牝3,54,内田博幸,1:11.9,1,**,,,,,14-13,36.8,240.0,13,458(-6),,,,[東]鈴木慎太,池田草龍,,202306030805
11,4,8,ピーストークス,牡3,56,杉原誠人,1:12.1,1.1/4,**,,,,,14-12,37.0,406.6,15,436(-2),,,,[東]伊坂重信,稲場澄,,202306030805
12,7,13,サザンレイク,牝3,54,野中悠太,1:12.4,1.1/2,**,,,,,2-2,38.3,315.7,14,482(+4),,,,[東]根本康広,サザンホールディング,,202306030805
13,1,1,コスモジョセフ,牡3,56,ルメール,1:12.6,1.1/2,**,,,,,3-2,38.4,41.4,10,472(0),,,,[東]伊藤大士,ビッグレッドファーム,,202306030805
14,2,4,マヴォロンテ,牝3,54,岩田望来,1:12.7,アタマ,**,,,,,6-8,38.3,13.1,6,450(+2),,,,[西]松永幹夫,桑田牧場,,202306030805
15,5,9,ワンオアエイト,牝3,54,的場勇人,1:13.5,5,**,,,,,13-14,38.5,623.0,16,440(-2),,,,[東]的場均,村岡曉憲,,202306030805
16,8,15,チカポコ,牝3,54,石橋脩,1:13.9,2.1/2,**,,,,,9-14,39.2,67.6,11,416(-6),,,,[西]西園正都,幅田京子,,202306030805
1,5,5,ペイシャジュン,牡5,58,戸崎圭太,1:52.7,,**,,,,,6-6-6-6,37.2,4.8,3,520(0),,,,[東]高橋裕,北所直人,800.0,202306030806
2,7,8,フォーワンセルフ,牡4,58,横山和生,1:52.7,クビ,**,,,,,10-10-10-9,36.6,6.2,4,526(+2),,,,[東]小桧山悟,アドバンス・サッポロ,320.0,202306030806
3,1,1,シンボリックレルム,牝4,56,藤岡佑介,1:53.2,3,**,,,,,4-4-4-4,38.1,78.6,8,490(-4),,,,[東]水野貴広,吉田千津,200.0,202306030806
4,6,6,ハローサブリナ,牝4,55,永野猛蔵,1:53.3,1/2,**,,,,,2-2-2-1,38.5,22.3,5,512(+4),,,,[東]黒岩陽一,小林誠,120.0,202306030806
5,7,7,モネータドーロ,牡4,58,レーン,1:53.5,1.1/4,**,,,,,4-5-4-5,38.3,1.8,1,484(-4),,,,[東]宗像義忠,Ｇ１レーシング,80.0,202306030806
6,8,9,ブレットフライ,牡4,58,石川裕紀,1:53.5,ハナ,**,,,,,7-8-8-8,37.7,29.5,6,494(-6),,,,[東]萱野浩二,マークス,,202306030806
7,8,10,メジャークロニクル,牡4,58,ルメール,1:53.7,1.1/4,**,,,,,2-2-3-3,38.8,4.3,2,540(0),,,,[東]栗田徹,サンデーレーシング,,202306030806
8,3,3,ジェイエルブリッジ,牡5,58,田辺裕信,1:54.0,2,**,,,,,7-6-6-6,38.6,160.6,9,474(+6),,,,[東]小西一男,橋元幸人,,202306030806
9,4,4,サクセスミノル,牡4,58,内田博幸,1:54.5,3,**,,,,,9-9-8-9,38.8,47.9,7,486(0),,,,[東]中舘英二,吉岡實,,202306030806
10,2,2,クリノヴィンセント,牡6,58,杉原誠人,1:54.9,2.1/2,**,,,,,1-1-1-2,40.1,377.8,10,500(0),,,,[東]本間忍,栗本博晴,,202306030806
1,6,10,マイアミュレット,セ4,58,内田博幸,1:10.0,,**,,,,,2-2,36.1,19.7,6,472(0),,,,[東]天間昭一,マークス,800.0,202306030807
2,1,1,ムーヴ,牡4,58,三浦皇成,1:10.4,2.1/2,**,,,,,9-7,35.6,4.1,2,472(+2),,,,[東]池上昌和,前田葉子,320.0,202306030807
3,3,5,デュアルキャリアー,牡7,55,小林勝太,1:10.6,1.1/2,**,,,,,1-1,36.9,3.5,1,556(+4),,,,[東]加藤士津,ライオンレースホース,200.0,202306030807
4,8,14,ダイチラファール,牡4,58,柴田大知,1:10.8,1.1/4,**,,,,,3-3,36.6,8.6,5,452(+12),,,,[東]粕谷昌央,服部英利,120.0,202306030807
5,2,2,クイーンアポーン,牝4,55,永野猛蔵,1:11.1,1.3/4,**,,,,,11-11,36.0,125.4,12,468(+4),,,,[東]土田稔,ジェイアール,80.0,202306030807
6,4,7,コーラルティアラ,牝6,56,津村明秀,1:11.2,クビ,**,,,,,9-10,36.4,21.2,7,476(+2),,,,[東]和田勇介,ノルマンディーサラブレッドレーシング,,202306030807
7,4,6,クィーンアドバンス,牝6,56,木幡巧也,1:11.4,1.1/4,**,,,,,7-6,36.9,38.6,10,482(+4),,,,[東]勢司和浩,柳内光子,,202306030807
8,5,8,アニージョ,牡4,58,石川裕紀,1:11.5,1/2,**,,,,,11-11,36.4,22.0,8,518(-6),,,,[東]畠山吉宏,ローレルレーシング,,202306030807
9,8,15,マイネルシトラス,牡4,58,菅原明良,1:11.7,1.1/2,**,,,,,6-7,37.3,6.5,4,526(+4),,,,[東]武市康男,サラブレッドクラブ・ラフィアン,,202306030807
10,6,11,ミュージアムピース,セ4,58,杉原誠人,1:11.9,1.1/4,**,,,,,13-13,36.1,190.3,13,458(-5),,,,[東]石毛善彦,清水敏,,202306030807
11,7,13,ニシノコニャック,牡4,58,田辺裕信,1:11.9,クビ,**,,,,,3-3,37.8,4.8,3,458(+2),,,,[東]伊藤大士,西山茂行,,202306030807
12,5,9,ネオレインボウ,セ7,58,吉田豊,1:12.0,1/2,**,,,,,3-5,37.9,23.9,9,508(+4),,,,[東]小西一男,西田俊二,,202306030807
13,3,4,フリージアテソーロ,牝5,56,丸田恭介,1:12.2,3/4,**,,,,,7-7,37.6,194.0,14,484(+2),,,,[東]武市康男,了徳寺健二ホールディングス,,202306030807
14,2,3,ヒノデミッチー,牡4,58,野中悠太,1:12.2,クビ,**,,,,,14-14,35.7,46.2,11,518(0),,,,[東]松永康利,茂木国久,,202306030807
除,7,12,ナイトコマンダー,牡6,58,松岡正海,,,,,,,,,,---,,504(+6),,,,[東]浅野洋一,田頭勇貴,,202306030807
1,3,6,モカフラワー,牝4,56,レーン,2:00.6,,**,,,,,7-8-8-3,35.7,2.6,1,460(+6),,,,[東]相沢郁,星野壽市,"1,585.0",202306030808
2,8,15,シンティレーション,牝4,56,ルメール,2:00.9,1.1/2,**,,,,,10-10-10-10,35.7,3.7,2,474(+2),,,,[東]池上昌和,シルクレーシング,630.0,202306030808
3,8,16,エープラス,牝5,56,永野猛蔵,2:01.3,2.1/2,**,,,,,15-15-15-15,35.4,25.9,9,488(+6),,,,[東]池上昌和,馬目卓,395.0,202306030808
4,7,13,エトワールマタン,牝5,56,菅原明良,2:01.5,1.1/4,**,,,,,11-11-11-11,36.1,10.5,5,454(-4),,,,[東]高柳瑞樹,丹羽久一郎,230.0,202306030808
5,1,1,ウインミニヨン,牝5,56,Ｍ．デム,2:01.7,1.1/4,**,,,,,7-8-8-6,36.7,48.4,11,426(-2),,,,[西]長谷川浩,ウイン,155.0,202306030808
6,5,10,グランスラムアスク,牝4,56,横山武史,2:01.7,クビ,**,,,,,5-5-5-3,37.2,19.7,6,450(-2),,,,[西]矢作芳人,廣崎利洋ＨＤ,,202306030808
7,2,4,アイアゲート,牝5,56,戸崎圭太,2:01.9,1.1/4,**,,,,,2-2-2-1,37.8,9.4,4,512(0),,,,[東]田中博康,シルクレーシング,,202306030808
8,1,2,ハッピーオーサム,牝5,56,岩田望来,2:02.1,1.1/4,**,,,,,7-6-6-3,37.3,25.0,8,496(-6),,,,[西]藤原英昭,馬場幸夫,,202306030808
9,4,8,ロジレット,牝4,56,石川裕紀,2:02.2,1,**,,,,,4-4-3-2,37.8,7.8,3,454(+2),,,,[東]稲垣幸雄,久米田正明,,202306030808
10,3,5,サトノゼノビア,牝4,56,横山和生,2:02.7,2.1/2,**,,,,,13-13-13-11,37.1,28.7,10,484(+4),,,,[東]国枝栄,里見治,,202306030808
11,2,3,ヒューマンコメディ,牝6,56,三浦皇成,2:02.7,アタマ,**,,,,,13-13-13-11,37.1,69.6,14,500(0),,,,[東]水野貴広,野村茂雄,,202306030808
12,5,9,アトミカ,牝8,56,藤岡佑介,2:03.0,2,**,,,,,12-11-11-11,37.6,51.1,12,446(+2),,,,[西]笹田和秀,東堂レーシング,,202306030808
13,6,12,スウィートブルーム,牝5,56,野中悠太,2:03.5,3,**,,,,,6-6-6-6,38.8,67.1,13,428(-4),,,,[東]和田雄二,サラブレッドクラブ・ラフィアン,,202306030808
14,6,11,アメリカンスター,牝4,56,松山弘平,2:04.1,3.1/2,**,,,,,3-3-3-6,39.8,22.1,7,492(-2),,,,[東]岩戸孝樹,ゴドルフィン,,202306030808
15,7,14,コルベイユ,牝4,56,吉田豊,2:05.1,6,**,,,,,1-1-1-6,41.1,143.9,15,444(-6),,,,[東]新開幸一,井手慶祐,,202306030808
除,4,7,グリモリオ,牝5,56,津村明秀,,,,,,,,,,---,,522(+8),,,,[東]菊沢隆徳,吉田勝己,,202306030808
1,8,15,ゴールドブリーズ,牡5,58,岩田望来,1:50.9,,**,,,,,1-1-1-1,37.6,15.2,5,504(+2),,,,[東]深山雅史,居城寿与,"1,585.0",202306030809
2,4,8,タケルジャック,牡5,58,吉田豊,1:51.2,2,**,,,,,13-13-12-11,36.8,122.2,15,472(-10),,,,[東]小桧山悟,森保彦,630.0,202306030809
3,3,5,ヨンク,牡7,58,武豊,1:51.4,1,**,,,,,12-12-9-9,37.3,9.0,3,502(0),,,,[東]小笠倫弘,古川智洋,395.0,202306030809
4,7,14,エスティメート,牡4,58,杉原誠人,1:51.4,ハナ,**,,,,,3-3-5-5,37.7,53.5,9,454(-4),,,,[東]大和田成,ミルファーム,230.0,202306030809
5,8,16,クインズミモザ,牝5,56,野中悠太,1:51.6,1.1/4,**,,,,,14-15-14-14,37.0,5.5,2,510(+2),,,,[東]池上昌和,ケイアイスタリオン,155.0,202306030809
6,3,6,マイネルサハラ,牡4,58,戸崎圭太,1:51.8,1.1/2,**,,,,,2-2-2-2,38.3,34.7,8,472(-10),,,,[東]和田雄二,サラブレッドクラブ・ラフィアン,,202306030809
7,2,3,ヴァーンフリート,牡4,58,横山武史,1:51.9,アタマ,**,,,,,5-5-6-8,38.0,1.7,1,524(-4),,,,[東]手塚貴久,キャロットファーム,,202306030809
8,2,4,イエローウィン,牝4,56,永野猛蔵,1:52.0,3/4,**,,,,,10-10-12-11,37.7,73.2,12,470(+4),,,,[東]菊川正達,平川浩之,,202306030809
9,6,12,スピードソルジャー,牡4,58,三浦皇成,1:52.1,1/2,**,,,,,11-11-9-9,38.0,126.9,16,502(-6),,,,[東]小笠倫弘,保坂和孝,,202306030809
10,7,13,フームスムート,牡6,58,藤岡佑介,1:52.2,1/2,**,,,,,5-6-3-2,38.6,90.9,13,536(+8),,,,[東]水野貴広,ディアレストクラブ,,202306030809
11,1,1,トーアシオン,セ7,58,木幡巧也,1:52.3,1/2,**,,,,,7-6-6-6,38.4,25.0,6,482(+2),,,,[東]辻哲英,高山ランド,,202306030809
12,4,7,サトノアレックス,セ6,58,菅原明良,1:52.6,2,**,,,,,14-14-14-14,38.0,106.9,14,494(-4),,,,[東]古賀慎明,里見治,,202306030809
13,5,10,スイートフィル,牝5,56,津村明秀,1:52.7,クビ,**,,,,,7-6-6-6,38.8,9.4,4,474(+2),,,,[東]菊川正達,シンボリ牧場,,202306030809
14,1,2,スズカルビコン,牡5,58,松岡正海,1:52.7,アタマ,**,,,,,3-3-3-4,39.1,61.3,10,512(-10),,,,[東]堀内岳志,永井啓弍,,202306030809
15,5,9,デルマタモン,牡5,58,横山和生,1:52.9,3/4,**,,,,,16-16-16-16,36.5,63.5,11,508(-4),,,,[東]勢司和浩,浅沼廣幸,,202306030809
16,6,11,テンウォークライ,牡5,58,田辺裕信,1:54.0,7,**,,,,,9-9-9-11,39.9,30.8,7,482(+2),,,,[東]金成貴史,天白泰司,,202306030809
1,5,10,マッドクール,牡4,57.5,レーン,1:08.8,,**,,,,,2-2,35.0,1.5,1,528(-8),,,,[西]池添学,サンデーレーシング,"2,733.6",202306030810
2,1,1,キミワクイーン,牝4,54,横山武史,1:08.8,クビ,**,,,,,3-2,34.8,12.0,3,440(-6),,,,[東]奥村武,浦邊輝實,"1,109.6",202306030810
3,2,4,レディバランタイン,牝4,53,吉田豊,1:08.9,3/4,**,,,,,14-15,34.0,17.8,5,472(0),,,,[東]加藤征弘,丸山担,684.8,202306030810
4,2,3,ビューティフルデイ,牝5,53,菅原明良,1:09.0,1/2,**,,,,,3-4,35.0,29.8,8,454(0),,,,[東]国枝栄,タイヘイ牧場,410.0,202306030810
5,4,7,カイザーメランジェ,牡8,55,田中勝春,1:09.2,1,**,,,,,6-4,35.0,128.7,16,494(+4),,,,[東]中野栄治,ライフエンタープライズ,270.0,202306030810
6,7,13,ミニオンペール,牝7,53,津村明秀,1:09.3,1/2,**,,,,,12-13,34.5,41.4,11,484(+6),,,,[東]小手川準,ノルマンディーサラブレッドレーシング,,202306030810
7,6,11,トキメキ,牝6,54,松岡正海,1:09.4,1/2,**,,,,,6-6,35.3,43.1,12,516(+2),,,,[東]斎藤誠,ミルファーム,,202306030810
8,8,16,レッドベルオーブ,牡5,57.5,岩田望来,1:09.4,クビ,**,,,,,14-11,34.4,13.8,4,482(0),,,,[西]藤原英昭,東京ホースレーシング,,202306030810
9,3,6,ジュビリーヘッド,牡6,57,横山和生,1:09.5,クビ,**,,,,,9-8,35.1,7.7,2,474(0),,,,[西]安田隆行,キャロットファーム,,202306030810
10,5,9,プルパレイ,セ4,56,Ｍ．デム,1:09.5,ハナ,**,,,,,12-13,34.8,31.6,10,488(-10),,,,[西]須貝尚介,Ｇリビエール・レーシング,,202306030810
11,1,2,ホープフルサイン,牡7,57,三浦皇成,1:09.6,1/2,**,,,,,16-16,34.5,29.8,7,508(-2),,,,[東]本間忍,アドバンス・サッポロ,,202306030810
12,6,12,コムストックロード,牝4,54,ルメール,1:09.7,3/4,**,,,,,9-10,35.3,47.1,13,448(+10),,,,[東]中野栄治,ビッグレッドファーム,,202306030810
13,4,8,ジャスパージャック,牡7,57,武豊,1:09.8,3/4,**,,,,,1-1,36.2,30.3,9,538(-4),,,,[西]森秀行,加藤和夫,,202306030810
14,8,15,カリボール,牡7,55,戸崎圭太,1:10.0,1.1/4,**,,,,,11-11,35.5,52.2,14,494(-2),,,,[西]西村真幸,大和屋暁,,202306030810
15,3,5,ルピナスリード,牝4,54,川田将雅,1:10.4,2.1/2,**,,,,,6-8,36.3,22.1,6,454(-2),,,,[西]吉岡辰弥,ターフ・スポート,,202306030810
16,7,14,レイハリア,牝5,55,永野猛蔵,1:10.5,クビ,**,,,,,3-7,36.5,87.9,15,462(+4),,,,[東]田島俊明,ヒダカ・ブリーダーズ・ユニオン,,202306030810
1,1,1,ソールオリエンス,牡3,57,横山武史,2:00.6,,**,**,**,**,**,15-15-15-17,35.5,5.2,2,462(0),,,,[東]手塚貴久,社台レースホース,"22,538.2",202306030811
2,7,14,タスティエーラ,牡3,57,松山弘平,2:00.8,1.1/4,**,**,**,**,**,5-6-6-4,36.6,9.0,5,478(-6),,,,[東]堀宣行,キャロットファーム,"8,725.2",202306030811
3,4,7,ファントムシーフ,牡3,57,ルメール,2:01.1,1.3/4,**,**,**,**,**,11-10-10-10,36.4,3.8,1,494(-8),,,,[西]西村真幸,ターフ・スポート,"5,362.6",202306030811
4,8,17,メタルスピード,牡3,57,津村明秀,2:01.1,アタマ,**,**,**,**,**,9-9-8-8,36.7,107.2,13,504(0),,,,[東]斎藤誠,ＨｉｍＲｏｃｋＲａｃｉｎｇホールディングス,"3,000.0",202306030811
5,2,4,ショウナンバシット,牡3,57,Ｍ．デム,2:01.3,3/4,**,**,**,**,**,13-13-10-4,36.7,48.0,12,498(+2),,,,[西]須貝尚介,国本哲秀,"2,000.0",202306030811
6,6,11,シャザーン,牡3,57,岩田望来,2:01.3,アタマ,**,**,**,**,**,12-12-14-10,36.4,17.8,8,500(+4),,,,[西]友道康夫,金子真人ホールディングス,,202306030811
7,4,8,トップナイフ,牡3,57,横山典弘,2:01.5,1.1/4,**,**,**,**,**,16-16-15-16,36.4,18.4,9,488(+4),,,,[西]昆貢,安原浩司,,202306030811
8,3,6,ウインオーディン,牡3,57,三浦皇成,2:01.9,2.1/2,**,**,**,**,**,13-13-13-10,37.1,138.2,15,482(+8),,,,[東]鹿戸雄一,ウイン,,202306030811
9,3,5,フリームファクシ,牡3,57,レーン,2:02.0,1/2,**,**,**,**,**,10-10-10-10,37.4,7.7,4,506(+4),,,,[西]須貝尚介,金子真人ホールディングス,,202306030811
10,7,15,ベラジオオペラ,牡3,57,田辺裕信,2:02.4,2.1/2,**,**,**,**,**,2-2-3-4,38.7,6.3,3,496(-4),,,,[西]上村洋行,林田祥来,,202306030811
11,2,3,グリューネグリーン,牡3,57,石川裕紀,2:02.8,2,**,**,**,**,**,3-4-3-3,39.1,185.2,16,480(-4),,,,[東]相沢郁,斎藤光政,,202306030811
12,7,13,グラニット,牡3,57,嶋田純次,2:02.9,1/2,**,**,**,**,**,1-1-1-2,39.5,185.9,17,448(-8),,,,[東]大和田成,ミルファーム,,202306030811
13,8,16,タッチウッド,牡3,57,武豊,2:02.9,クビ,**,**,**,**,**,5-2-2-1,39.3,9.6,6,524(-4),,,,[西]武幸四郎,吉田和美,,202306030811
14,8,18,マイネルラウレア,牡3,57,戸崎圭太,2:02.9,ハナ,**,**,**,**,**,16-17-18-18,37.4,36.8,11,510(+8),,,,[西]宮徹,サラブレッドクラブ・ラフィアン,,202306030811
15,1,2,ワンダイレクト,牡3,57,藤岡佑介,2:03.4,3,**,**,**,**,**,18-17-15-15,38.2,113.2,14,436(-8),,,,[西]藤岡健一,青山洋一,,202306030811
16,5,10,ラスハンメル,牡3,57,石橋脩,2:03.4,クビ,**,**,**,**,**,8-8-8-8,39.0,259.1,18,514(-10),,,,[西]松永幹夫,キャロットファーム,,202306030811
17,5,9,ホウオウビスケッツ,牡3,57,横山和生,2:03.7,1.3/4,**,**,**,**,**,5-6-6-4,39.6,17.7,7,494(0),,,,[東]奥村武,小笹芳央,,202306030811
18,6,12,ダノンタッチダウン,牡3,57,川田将雅,2:06.1,大,**,**,**,**,**,3-4-5-10,42.2,22.1,10,540(+4),,,,[西]安田隆行,ダノックス,,202306030811
1,8,13,ビジン,牝4,54,藤岡佑介,2:36.2,,**,,,,,2-2-2-2,37.9,16.0,7,466(+2),,,,[西]武英智,菅藤孝雄,"1,870.1",202306030812
2,6,9,ホウオウエクレール,牡6,57,戸崎圭太,2:36.2,クビ,**,,,,,3-3-3-3,36.7,5.5,4,510(-2),,,,[西]宮徹,小笹芳央,748.6,202306030812
3,6,10,ヒシゲッコウ,セ7,55,レーン,2:37.0,5,**,,,,,11-11-9-9,36.0,5.4,2,466(-10),,,,[東]堀宣行,阿部雅英,464.3,202306030812
4,4,5,ホウオウリアリティ,牡5,57,三浦皇成,2:37.0,ハナ,**,,,,,5-5-5-4,37.3,8.8,6,482(+2),,,,[東]高木登,小笹芳央,280.0,202306030812
5,1,1,セブンデイズ,牡5,56,Ｍ．デム,2:37.1,1/2,**,,,,,9-9-11-11,35.8,7.9,5,490(+2),,,,[東]田中博康,前迫義幸,184.0,202306030812
6,2,2,マイネルコロンブス,牡6,55,柴田大知,2:37.1,クビ,**,,,,,7-7-7-7,37.2,72.8,11,474(-2),,,,[東]清水英克,サラブレッドクラブ・ラフィアン,,202306030812
7,7,11,タイムオブフライト,牡4,57,川田将雅,2:37.1,アタマ,**,,,,,11-11-11-11,35.7,4.0,1,434(0),,,,[西]辻野泰之,Ｇ１レーシング,,202306030812
8,5,7,ジャンカズマ,牡5,55,野中悠太,2:37.1,ハナ,**,,,,,13-13-13-13,35.5,18.9,8,482(+4),,,,[西]安田翔伍,雅苑興業,,202306030812
9,4,6,サザンナイツ,セ5,55,津村明秀,2:37.5,2.1/2,**,,,,,1-1-1-1,40.3,5.5,3,448(-2),,,,[東]林徹,ジャコモ,,202306030812
10,3,4,コーストライン,牝5,52,杉原誠人,2:38.0,3,**,,,,,5-5-3-4,38.5,82.0,12,476(+10),,,,[東]上原博之,吉田照哉,,202306030812
11,7,12,アスティ,セ7,55,松岡正海,2:38.0,アタマ,**,,,,,7-7-5-7,38.3,25.3,9,422(-6),,,,[東]堀内岳志,山口謙太郎,,202306030812
12,5,8,ホウオウエーデル,牡7,55,丸田恭介,2:38.3,2,**,,,,,10-9-9-10,37.4,88.6,13,498(+4),,,,[東]池上昌和,小笹芳央,,202306030812
13,3,3,シルキーヴォイス,牡5,55,岩田望来,2:39.2,5,**,,,,,4-3-7-4,39.3,44.1,10,480(0),,,,[西]池江泰寿,金子真人ホールディングス,,202306030812
14,8,14,ラブパイロー,牝4,54,小林勝太,2:39.6,2.1/2,**,,,,,14-14-14-14,37.6,130.2,14,482(-2),,,,[東]大和田成,増田陽一,,202306030812
