着順,枠番,馬番,馬名,性齢,斤量,騎手,タイム,着差,ﾀｲﾑ指数タイム指数(通常)タイム指数マスター,ﾀｲﾑ指数Mタイム指数(通常)タイム指数マスター,ｽﾀｰﾄ指数,追走指数,上がり指数,通過,上り,単勝,人気,馬体重,調教ﾀｲﾑ,厩舎ｺﾒﾝﾄ,備考,調教師,馬主,賞金(万円),race_id
1,2,2,クリアミッション,牡3,56,大庭和弥,1:20.4,,**,,,,,12-9,37.0,9.4,5,506(+2),,,,[東]土田稔,大原詔宏,510.0,202005010101
2,1,1,エストラード,牡3,56,江田照男,1:20.4,アタマ,**,,,,,8-7,37.3,8.3,4,478(+2),,,,[東]武市康男,島川隆哉,200.0,202005010101
3,5,9,マッチャパフェ,牝3,54,武藤雅,1:20.4,アタマ,**,,,,,1-1,38.2,10.5,6,446(-4),,,,[東]林徹,保坂和孝,130.0,202005010101
4,3,4,コルニリア,牡3,56,嘉藤貴行,1:20.6,3/4,**,,,,,3-3,38.1,19.3,9,440(+2),,,,[東]大和田成,ミルファーム,77.0,202005010101
5,7,12,ローズオブシャロン,牝3,54,石橋脩,1:20.6,クビ,**,,,,,2-2,38.2,7.3,3,458(0),,,,[東]大竹正博,ノースヒルズ,51.0,202005010101
6,3,5,バーンパッション,牡3,56,大野拓弥,1:20.7,クビ,**,,,,,12-11,37.1,20.2,10,468(+2),,,,[東]中川公成,岡田牧雄,,202005010101
7,6,10,ユタカサン,牡3,56,吉田豊,1:20.7,アタマ,**,,,,,3-5,37.9,17.4,8,486(+8),,,,[東]竹内正洋,井山登,,202005010101
8,4,7,サイモンバトラー,牡3,56,田辺裕信,1:20.7,ハナ,**,,,,,9-9,37.4,15.0,7,462(+12),,,,[東]矢野英一,澤田昭紀,,202005010101
9,4,6,コパノラクラク,牝3,54,宮崎北斗,1:20.8,1/2,**,,,,,6-5,38.0,97.2,12,442(+4),,,,[東]和田勇介,小林祥晃,,202005010101
10,8,14,コーラルティアラ,牝3,54,横山典弘,1:20.8,アタマ,**,,,,,9-11,37.3,3.4,1,460(-2),,,,[東]和田勇介,ノルマンディーサラブレッドレーシング,,202005010101
11,2,3,ストームファルコン,牡3,56,Ｍ．デム,1:20.9,3/4,**,,,,,14-14,37.1,4.4,2,472(+2),,,,[東]水野貴広,Ｋ．Ｃ．タン,,202005010101
12,8,15,マサノゴールデン,牝3,54,北村宏司,1:21.4,3,**,,,,,3-3,38.9,31.4,11,476(-18),,,,[東]木村哲也,中村時子,,202005010101
13,5,8,マインレッド,牝3,54,菅原隆一,1:23.1,大,**,,,,,6-7,40.0,451.2,15,436(+8),,,,[東]小野次郎,峰哲馬,,202005010101
14,6,11,アイアンカレン,牝3,54,丹内祐次,1:23.7,3.1/2,**,,,,,9-11,40.1,271.9,13,408(+2),,,,[東]青木孝文,池上一馬,,202005010101
15,7,13,サンテンプル,牝3,53,野中悠太,1:26.2,大,**,,,,,15-15,40.0,389.3,14,418(-6),,,,[東]伊藤伸一,加藤ステーブル,,202005010101
1,8,16,エヴァジョーネ,牝3,54,武豊,1:27.2,,**,,,,,2-2,37.7,8.0,3,428(0),,,,[西]安田翔伍,社台レースホース,600.0,202005010102
2,3,6,ラブアドベンチャー,牝3,54,横山典弘,1:27.3,1/2,**,,,,,1-1,38.0,12.9,4,468(0),,,,[東]尾関知人,ノースヒルズ,240.0,202005010102
3,1,1,ヴィエントアスール,牡3,56,ルメール,1:27.3,クビ,**,,,,,5-5,37.7,4.2,2,470(0),,,,[西]鈴木孝志,アスール,150.0,202005010102
4,6,11,ムーンダイアローグ,牡3,56,ミナリク,1:27.6,2,**,,,,,9-8,37.2,20.4,6,436(0),,,,[東]矢野英一,大塚亮一,90.0,202005010102
5,5,9,キアナポラリス,牝3,54,柴田善臣,1:28.2,3.1/2,**,,,,,11-11,37.6,67.1,8,432(0),,,,[東]国枝栄,ノルマンディーサラブレッドレーシング,60.0,202005010102
6,5,10,ジャックオレンジ,牡3,55,野中悠太,1:28.2,アタマ,**,,,,,7-7,38.2,37.6,7,482(0),,,,[東]武井亮,ＹＧＧホースクラブ,,202005010102
7,4,7,ワンチーム,牡3,54,木幡育也,1:28.4,1.1/4,**,,,,,2-2,39.0,78.7,9,458(0),,,,[東]清水英克,鈴木伸昭,,202005010102
8,7,13,マテンロウヴァモス,牡3,56,マーフィ,1:28.6,1.1/2,**,,,,,2-2,39.1,1.6,1,512(0),,,,[西]藤原英昭,寺田千代乃,,202005010102
9,2,3,エメラルディ,牝3,54,横山和生,1:29.7,7,**,,,,,5-5,40.0,16.2,5,484(0),,,,[東]勢司和浩,ＹＧＧホースクラブ,,202005010102
10,6,12,ウインオーサム,牡3,56,松岡正海,1:29.7,クビ,**,,,,,9-8,39.3,105.2,11,462(0),,,,[東]中舘英二,ウイン,,202005010102
11,8,15,ジニービーチ,牝3,54,丹内祐次,1:29.7,ハナ,**,,,,,8-8,39.3,153.6,13,480(0),,,,[東]上原博之,サラブレッドクラブ・ラフィアン,,202005010102
12,2,4,ベルダリーター,牝3,54,嘉藤貴行,1:30.4,4,**,,,,,15-15,38.3,79.8,10,466(0),,,,[東]水野貴広,桜井忠隆,,202005010102
13,4,8,サンディロン,牝3,54,田中勝春,1:30.5,クビ,**,,,,,14-13,38.7,163.9,14,426(0),,,,[東]宗像義忠,加藤ステーブル,,202005010102
14,7,14,ツウカイヴィータ,牝3,54,石川裕紀,1:30.8,1.3/4,**,,,,,11-13,39.1,108.7,12,454(0),,,,[東]高橋裕,木村直樹,,202005010102
15,3,5,マリノエヴァ,牝3,54,菅原隆一,1:31.5,4,**,,,,,11-12,40.5,325.1,16,426(0),,,,[東]的場均,クラウン,,202005010102
16,1,2,エクセルチェイサー,牡3,56,村田一誠,1:34.7,大,**,,,,,16-16,41.1,274.9,15,486(0),,,,[東]天間昭一,谷川正純,,202005010102
1,6,12,シゲルミカヅキ,牡3,56,ルメール,1:39.5,,**,,,,,4-4,38.2,3.1,1,452(+4),,,,[東]伊藤圭三,森中蕃,510.0,202005010103
2,4,8,ハイエストエンド,牡3,56,田辺裕信,1:39.6,1/2,**,,,,,2-2,38.5,6.4,3,500(-6),,,,[東]小西一男,明栄商事,200.0,202005010103
3,8,16,クロッチ,セ3,56,丹内祐次,1:39.6,クビ,**,,,,,4-4,38.4,90.1,13,458(-12),,,,[東]杉浦宏昭,リトルブルーファーム,130.0,202005010103
4,2,4,ハットルヴァン,牡3,56,大野拓弥,1:39.9,1.3/4,**,,,,,8-9,38.2,8.4,5,496(-6),,,,[東]菊沢隆徳,服部邦繁,77.0,202005010103
5,7,14,リンガスウォリアー,牡3,56,石川裕紀,1:40.0,クビ,**,,,,,10-9,38.3,45.0,10,476(+10),,,,[東]中舘英二,伊藤巖,51.0,202005010103
6,1,1,キンブレル,牡3,56,武豊,1:40.0,クビ,**,,,,,1-1,39.0,7.0,4,466(0),,,,[東]矢野英一,Ｇリビエール・レーシング,,202005010103
7,4,7,ベルウッドヨウサン,セ3,56,北村宏司,1:40.1,1/2,**,,,,,2-2,39.0,69.9,12,476(-20),,,,[東]中舘英二,鈴木照雄,,202005010103
8,5,10,ワンモアエフォート,牡3,56,横山和生,1:40.2,3/4,**,,,,,16-16,37.3,10.9,6,490(+6),,,,[東]勢司和浩,内藤好江,,202005010103
9,5,9,リュードマン,牡3,56,横山典弘,1:40.3,1/2,**,,,,,6-6,38.8,20.9,7,470(+2),,,,[東]中川公成,ノルマンディーサラブレッドレーシング,,202005010103
10,3,6,アナザーチャンス,牡3,56,江田照男,1:40.3,クビ,**,,,,,6-6,38.8,104.3,14,452(+8),,,,[東]小笠倫弘,岡田牧雄,,202005010103
11,3,5,グラスディアブロ,牡3,56,ミナリク,1:40.6,2,**,,,,,14-13,38.6,41.6,9,460(-4),,,,[東]手塚貴久,半沢,,202005010103
12,8,15,トーセンスプリント,牡3,56,柴田善臣,1:40.8,1.1/4,**,,,,,15-15,38.1,64.0,11,472(-2),,,,[東]小野次郎,島川隆哉,,202005010103
13,6,11,セイプレシャス,牝3,53,菊沢一樹,1:41.1,1.3/4,**,,,,,10-9,39.3,289.1,16,420(-2),,,,[東]浅野洋一,金田成基,,202005010103
14,7,13,リュウノチョッパー,牡3,56,松岡正海,1:41.3,1.1/4,**,,,,,8-6,39.8,23.2,8,460(-8),,,,[東]伊藤伸一,蓑島竜一,,202005010103
15,2,3,フジコウキ,牡3,55,野中悠太,1:41.5,1.1/4,**,,,,,10-9,39.8,112.8,15,464(0),,,,[東]高市圭二,荒木誠,,202005010103
16,1,2,オプティマス,牡3,56,マーフィ,1:41.8,2,**,,,,,13-13,39.8,4.4,2,478(+4),,,,[東]国枝栄,社台レースホース,,202005010103
1,7,9,ロンゴノット,牡3,56,武豊,1:37.4,,**,,,,,1-1,37.2,2.7,2,486(-2),,,,[東]高柳瑞樹,ゴドルフィン,730.0,202005010104
2,8,10,ラブリーエンジェル,牝3,54,武藤雅,1:37.7,2,**,,,,,2-2,37.4,19.9,8,432(0),,,,[東]堀井雅広,長谷川光司,290.0,202005010104
3,2,2,タイセイポリシー,牡3,56,内田博幸,1:38.0,2,**,,,,,8-8,36.4,17.6,6,488(+6),,,,[東]栗田徹,田中成奉,180.0,202005010104
4,6,7,ニシノレオニダス,牡3,56,松岡正海,1:38.0,ハナ,**,,,,,5-4,37.2,14.4,5,514(+6),,,,[東]中舘英二,西山茂行,110.0,202005010104
5,7,8,ケンシンコウ,牡3,56,丸山元気,1:38.1,1/2,**,,,,,10-10,36.1,12.7,3,472(-2),,,,[東]小西一男,天野克彦,73.0,202005010104
6,4,4,フリーフロー,牡3,56,大野拓弥,1:38.2,1/2,**,,,,,7-6,36.9,18.7,7,478(-6),,,,[東]宗像義忠,里見美惠子,,202005010104
7,1,1,サンライズラポール,牡3,56,ルメール,1:38.5,1.3/4,**,,,,,3-3,37.9,2.2,1,496(0),,,,[西]平田修,松岡隆雄,,202005010104
8,6,6,ジャッジ,牡3,56,北村宏司,1:38.5,ハナ,**,,,,,8-8,36.9,13.8,4,488(+8),,,,[東]和田雄二,田島榮二郎,,202005010104
9,3,3,ケイツーキナ,牝3,52,木幡育也,1:39.1,3.1/2,**,,,,,5-6,37.8,184.2,11,466(+2),,,,[東]大江原哲,楠本勝美,,202005010104
10,8,11,エウロパ,牝3,54,木幡巧也,1:39.7,3.1/2,**,,,,,4-5,38.7,28.1,9,464(+10),,,,[東]尾形和幸,コロンバスサークル,,202005010104
11,5,5,アジュバント,牡3,56,吉田豊,1:40.6,5,**,,,,,11-11,38.3,58.9,10,454(0),,,,[東]上原博之,伊達敏明,,202005010104
1,7,14,ラキャラントシス,牝3,54,津村明秀,1:36.5,,**,,,,,1-1,34.7,14.8,5,480(-2),,,,[東]鈴木伸尋,山王飯店,510.0,202005010105
2,4,8,スピードオブラブ,牝3,54,北村宏司,1:36.6,1/2,**,,,,,5-5,34.2,5.1,2,436(-2),,,,[東]中川公成,石井義人,200.0,202005010105
3,8,15,ロジアイリッシュ,牝3,54,ルメール,1:36.8,1,**,,,,,11-11,33.9,8.8,4,494(-6),,,,[東]国枝栄,久米田正平,130.0,202005010105
4,2,3,タイキスウォード,牡3,56,マーフィ,1:36.9,1/2,**,,,,,5-5,34.6,2.0,1,450(0),,,,[東]高橋祥泰,大樹ファーム,77.0,202005010105
5,4,7,オメガエリタージュ,牡3,56,武豊,1:36.9,ハナ,**,,,,,4-3,34.7,5.9,3,448(0),,,,[東]斎藤誠,原禮子,51.0,202005010105
6,1,2,トランペットシェル,牡3,56,柴田善臣,1:37.0,3/4,**,,,,,3-3,34.9,19.9,7,494(-4),,,,[東]大江原哲,谷掛龍夫,,202005010105
7,7,13,ボウイッシュ,牝3,54,武藤雅,1:37.3,2,**,,,,,8-8,34.7,23.4,8,430(-8),,,,[東]戸田博文,山岡重行,,202005010105
8,3,5,レリスタット,牝3,54,石橋脩,1:37.3,クビ,**,,,,,11-11,34.4,52.0,9,442(+2),,,,[東]奥村武,下河辺牧場,,202005010105
9,3,6,ココニアル,牝3,54,大野拓弥,1:37.3,アタマ,**,,,,,11-11,34.3,54.9,10,444(+8),,,,[東]和田勇介,村田能光,,202005010105
10,6,11,カミノホウオー,牡3,55,野中悠太,1:37.6,2,**,,,,,2-2,35.6,90.7,11,510(+14),,,,[東]竹内正洋,村上正喜,,202005010105
11,5,9,リネンミッション,牝3,54,丹内祐次,1:37.6,クビ,**,,,,,9-8,34.9,303.9,13,412(-14),,,,[東]南田美知,戸山光男,,202005010105
12,8,16,デルマアメジスト,牝3,54,江田照男,1:37.7,1/2,**,,,,,5-5,35.3,397.5,14,448(-8),,,,[東]蛯名利弘,浅沼廣幸,,202005010105
13,5,10,エフティクルーク,牡3,56,伊藤工真,1:37.8,3/4,**,,,,,14-14,34.6,15.1,6,458(-6),,,,[東]金成貴史,吉野英子,,202005010105
14,1,1,ワイルドブリット,牡3,56,井上敏樹,1:38.6,5,**,,,,,9-8,36.0,529.9,16,450(+8),,,,[東]根本康広,田頭勇貴,,202005010105
15,6,12,サンバーバンク,牝3,52,木幡育也,1:38.6,クビ,**,,,,,16-16,35.1,508.7,15,418(0),,,,[東]粕谷昌央,加藤ステーブル,,202005010105
16,2,4,ジャジャウマ,牝3,53,菊沢一樹,1:39.0,2.1/2,**,,,,,14-15,35.7,250.6,12,420(+12),,,,[東]深山雅史,新井原博,,202005010105
1,5,5,ダノングロワール,牡3,56,マーフィ,2:26.5,,**,,,,,1-1-1-1,33.8,2.2,1,488(-4),,,,[東]国枝栄,ダノックス,510.0,202005010106
2,2,2,リスペクト,牡3,56,ルメール,2:27.2,4,**,,,,,4-3-3-3,34.2,3.4,2,468(+6),,,,[東]奥村武,石川達絵,200.0,202005010106
3,7,9,ホウオウハルカス,牡3,56,松岡正海,2:27.7,3,**,,,,,5-5-5-4,34.5,3.6,3,470(-6),,,,[東]斎藤誠,小笹芳央,130.0,202005010106
4,5,6,ブレーナード,牡3,56,ミナリク,2:28.0,1.3/4,**,,,,,5-5-5-4,34.8,17.9,4,434(-2),,,,[東]高橋祥泰,吉田勝己,77.0,202005010106
5,3,3,セイウンノワール,牝3,54,田中勝春,2:28.9,5,**,,,,,8-7-7-7,35.5,28.3,6,510(0),,,,[東]尾形和幸,西山茂行,51.0,202005010106
6,4,4,インディードシチー,牡3,56,吉田豊,2:29.2,1.3/4,**,,,,,9-9-7-7,35.7,176.9,11,502(+10),,,,[東]上原博之,友駿ホースクラブ,,202005010106
7,1,1,トロピカルビーチ,牝3,54,丹内祐次,2:29.5,2,**,,,,,5-7-7-7,36.0,37.3,8,422(+2),,,,[東]和田雄二,サラブレッドクラブ・ラフィアン,,202005010106
8,6,7,カガジャスティス,牡3,56,岩部純二,2:29.6,クビ,**,,,,,2-3-3-4,36.5,32.0,7,512(-2),,,,[東]萱野浩二,香川憲次,,202005010106
9,8,11,エアリアルシティー,牡3,56,江田照男,2:29.7,3/4,**,,,,,12-12-12-10,35.9,115.8,10,472(-8),,,,[東]石毛善彦,ミルファーム,,202005010106
10,7,10,クリノファイヤー,牝3,54,柴田善臣,2:30.3,3.1/2,**,,,,,2-2-2-2,37.4,47.4,9,462(0),,,,[東]本間忍,栗本博晴,,202005010106
11,8,12,フィジーマジック,牡3,54,木幡育也,2:30.6,2,**,,,,,9-10-10-11,36.7,289.4,12,438(+4),,,,[東]加藤和宏,スピードファーム,,202005010106
12,6,8,ワイルドフレーズ,牡3,56,石川裕紀,2:31.1,3,**,,,,,11-11-11-12,36.7,20.7,5,476(+4),,,,[東]黒岩陽一,ヒダカ・ブリーダーズ・ユニオン,,202005010106
1,1,2,シセイタケル,牡5,57,マーフィ,1:24.9,,**,,,,,3-2,36.9,3.3,1,472(+2),,,,[東]高橋文雅,猪苗代勇,760.0,202005010107
2,5,10,ポップアップスター,牡6,57,ルメール,1:25.1,1,**,,,,,8-10,36.3,3.6,2,534(+14),,,,[東]金成貴史,社台レースホース,300.0,202005010107
3,2,3,クワトロダッシュ,牡5,57,木幡巧也,1:25.2,1/2,**,,,,,5-4,37.0,29.7,7,490(0),,,,[東]牧光二,ザ・チャンピオンズ,190.0,202005010107
4,6,11,ディナミーデン,牡5,57,田辺裕信,1:25.3,3/4,**,,,,,14-14,36.0,7.7,5,480(-4),,,,[東]田島俊明,ライオンレースホース,110.0,202005010107
5,8,16,フジノタカネ,牡4,57,武豊,1:25.4,3/4,**,,,,,8-7,36.7,6.8,4,520(-4),,,,[東]手塚貴久,星野壽市,76.0,202005010107
6,7,13,ハルメキ,牝5,53,木幡育也,1:25.5,3/4,**,,,,,3-4,37.3,5.6,3,454(+2),,,,[東]深山雅史,ヒダカ・ブリーダーズ・ユニオン,,202005010107
7,2,4,チャンダナ,牝4,55,津村明秀,1:25.6,3/4,**,,,,,1-1,37.8,125.4,12,474(-2),,,,[東]粕谷昌央,ターフ・スポート,,202005010107
8,8,15,ラブインブルーム,牝4,54,菊沢一樹,1:26.1,3,**,,,,,16-16,36.4,173.3,13,416(-34),,,,[東]萱野浩二,大樹ファーム,,202005010107
9,4,7,ロードシュタルク,牡4,57,武藤雅,1:26.4,1.3/4,**,,,,,7-7,37.8,59.3,11,448(+8),,,,[東]高柳瑞樹,ロードホースクラブ,,202005010107
10,6,12,テキーラ,牡4,57,横山和生,1:26.4,ハナ,**,,,,,2-2,38.4,213.1,15,538(+15),,,,[東]勢司和浩,芹澤精一,,202005010107
11,3,6,ヤマチョウヴォイス,牡4,57,石川裕紀,1:26.5,1/2,**,,,,,8-7,37.8,203.3,14,458(+6),,,,[東]相沢郁,長谷川彰,,202005010107
12,3,5,ストームウォリアー,セ4,57,北村宏司,1:26.8,1.3/4,**,,,,,5-6,38.3,31.5,8,488(-5),,,,[東]中川公成,伊東純一,,202005010107
13,4,8,ライクトゥシャイン,牡4,57,大野拓弥,1:27.0,1.1/2,**,,,,,14-14,37.7,37.1,9,440(-6),,,,[東]小笠倫弘,グリーンファーム,,202005010107
14,7,14,マノアフォールズ,牡4,57,松岡正海,1:27.4,2.1/2,**,,,,,11-11,38.4,16.1,6,470(+10),,,,[東]斎藤誠,吉田勝己,,202005010107
15,1,1,ジュンノサップ,牡4,57,内田博幸,1:27.6,1.1/4,**,,,,,11-11,38.6,40.7,10,484(-4),,,,[東]畠山吉宏,河合純二,,202005010107
16,5,9,クリーンガーベラ,牝4,54,野中悠太,1:27.8,1.1/4,**,,,,,11-11,38.7,345.5,16,456(-14),,,,[東]鈴木伸尋,石橋和夫,,202005010107
1,8,15,アイファーキングズ,牡4,56,マーフィ,2:11.3,,**,,,,,7-3-4-3,36.2,2.3,1,490(-2),,,,[西]鮫島一歩,中島稔,"1,100.0",202005010108
2,4,7,ヴォウジラール,牡5,57,ルメール,2:11.3,ハナ,**,,,,,7-7-6-5,36.1,4.2,2,530(0),,,,[東]尾関知人,サンデーレーシング,440.0,202005010108
3,4,8,サクラアリュール,牡5,57,北村宏司,2:11.6,1.1/2,**,,,,,13-12-6-7,36.3,5.0,3,470(-2),,,,[西]村山明,さくらコマース,280.0,202005010108
4,5,9,ヴィジョンオブラヴ,牡5,57,Ｍ．デム,2:12.3,4,**,,,,,16-16-6-11,36.6,15.9,6,502(+6),,,,[東]新開幸一,大塚亮一,170.0,202005010108
5,3,6,トモノコテツ,牡5,57,武豊,2:12.6,2,**,,,,,4-3-6-7,37.3,13.2,4,474(-2),,,,[西]浜田多実,共田義夫,110.0,202005010108
6,3,5,スピンドクター,セ5,57,ミナリク,2:12.6,クビ,**,,,,,14-15-10-9,37.1,15.7,5,456(-18),,,,[西]野中賢二,ゴドルフィン,,202005010108
7,7,13,インザバブル,牡7,57,木幡巧也,2:12.6,ハナ,**,,,,,2-2-2-2,37.6,74.8,13,506(-4),,,,[東]新開幸一,Ｇ１レーシング,,202005010108
8,6,12,フーズサイド,牡4,56,武士沢友,2:12.8,3/4,**,,,,,14-14-15-15,36.8,43.6,8,490(+2),,,,[東]堀井雅広,西森功,,202005010108
9,1,2,ゴールデンライオン,牡4,56,内田博幸,2:12.9,1/2,**,,,,,12-13-16-15,36.8,102.6,14,488(-6),,,,[西]川村禎彦,石瀬浩三,,202005010108
10,2,3,アルデエンブレム,牡4,56,宮崎北斗,2:13.1,1.1/4,**,,,,,4-3-5-5,37.9,47.4,10,478(-4),,,,[西]清水久詞,中村忠彦,,202005010108
11,7,14,シティーオブスター,牡4,56,津村明秀,2:13.3,1.1/2,**,,,,,9-10-10-11,37.6,16.0,7,508(-4),,,,[東]矢野英一,吉田和美,,202005010108
12,5,10,シンアンドケン,牡5,56,野中悠太,2:13.3,クビ,**,,,,,4-7-10-11,37.6,44.6,9,486(-2),,,,[西]本田優,フジワラ・ファーム,,202005010108
13,1,1,ラムセスバローズ,牡5,57,丸山元気,2:13.4,クビ,**,,,,,11-9-10-9,37.8,62.2,11,508(+2),,,,[東]木村哲也,猪熊広次,,202005010108
14,8,16,ネコマヒカ,牡5,57,石川裕紀,2:13.6,1.1/4,**,,,,,3-3-2-3,38.5,151.5,16,524(-8),,,,[西]山内研二,節英司,,202005010108
15,6,11,シゲルポインター,牡6,55,木幡育也,2:13.8,1.1/2,**,,,,,1-1-1-1,38.9,132.7,15,480(0),,,,[東]蛯名利弘,森中蕃,,202005010108
16,2,4,アリスカン,牡6,57,嘉藤貴行,2:14.2,2.1/2,**,,,,,9-10-14-14,38.4,72.4,12,528(+18),,,,[東]田島俊明,高瀬真尚,,202005010108
1,4,8,ロードグラディオ,牡4,57,ルメール,1:23.5,,**,,,,,7-7,36.1,10.1,5,486(0),,,,[西]西浦勝一,ロードホースクラブ,"1,854.3",202005010109
2,8,15,エテルニテ,牝5,55,柴田善臣,1:23.7,1.1/4,**,,,,,2-2,36.8,31.8,11,492(-10),,,,[西]平田修,青山洋一,739.8,202005010109
3,4,7,バーンフライ,牡5,57,野中悠太,1:23.8,1/2,**,,,,,11-10,36.1,97.7,14,492(+8),,,,[西]矢作芳人,ノースヒルズ,464.9,202005010109
4,7,14,サザンヴィグラス,牡5,57,丸山元気,1:23.8,クビ,**,,,,,4-4,36.6,7.2,3,498(+2),,,,[東]根本康広,村山忠弘,270.0,202005010109
5,5,10,ゴールドラグーン,牡4,57,横山典弘,1:24.0,1.1/4,**,,,,,2-2,37.1,8.2,4,490(-10),,,,[西]斉藤崇史,吉田晴哉,182.0,202005010109
6,1,1,マイウェイアムール,牝5,55,内田博幸,1:24.0,アタマ,**,,,,,11-10,36.3,51.0,12,484(-4),,,,[東]林徹,田畑利彦,,202005010109
7,5,9,メイショウミライ,牡5,57,武豊,1:24.0,ハナ,**,,,,,7-7,36.5,5.6,2,484(-8),,,,[西]南井克巳,松本好雄,,202005010109
8,6,12,ナンヨーイザヨイ,牡4,57,石橋脩,1:24.1,3/4,**,,,,,4-4,37.0,11.2,6,468(-4),,,,[西]松永幹夫,中村徳也,,202005010109
9,3,6,パイルーチェ,牝6,55,横山和生,1:24.1,ハナ,**,,,,,16-16,35.9,22.5,9,488(+4),,,,[東]鈴木伸尋,西森功,,202005010109
10,2,3,ハルクンノテソーロ,牡6,57,大野拓弥,1:24.4,1.3/4,**,,,,,14-13,36.5,20.7,8,476(0),,,,[東]高木登,了徳寺健二ホールディングス,,202005010109
11,1,2,ラレータ,牡6,57,ミナリク,1:24.7,1.3/4,**,,,,,15-13,36.8,13.7,7,480(-6),,,,[東]林徹,Ｇ１レーシング,,202005010109
12,3,5,コウエイアンカ,セ5,57,田中勝春,1:24.8,クビ,**,,,,,10-10,37.1,27.0,10,480(+12),,,,[西]森秀行,伊東政清,,202005010109
13,7,13,マイネルバールマン,牡6,57,丹内祐次,1:25.6,5,**,,,,,4-4,38.4,188.5,16,546(-4),,,,[東]青木孝文,サラブレッドクラブ・ラフィアン,,202005010109
14,6,11,カタナ,牡5,57,松岡正海,1:25.6,ハナ,**,,,,,11-15,37.5,51.1,13,512(+10),,,,[東]上原博之,椎名節,,202005010109
15,2,4,ペイシャネガノ,牝4,55,Ｍ．デム,1:25.8,1.1/4,**,,,,,7-7,38.3,3.0,1,462(-2),,,,[東]深山雅史,北所直人,,202005010109
16,8,16,ゲキリン,牡6,57,北村宏司,1:26.0,1.1/4,**,,,,,1-1,39.4,155.2,15,484(+2),,,,[西]吉村圭司,市川義美ホールディングス,,202005010109
1,8,9,ラウダシオン,牡3,56,武豊,1:21.2,,**,,,,,1-1,33.5,5.5,3,490(0),,,,[西]斉藤崇史,シルクレーシング,"2,023.8",202005010110
2,7,7,ハーモニーマゼラン,牡3,56,大野拓弥,1:21.5,2,**,,,,,4-4,33.4,16.3,6,510(-4),,,,[東]牧光二,日下部勝徳,806.8,202005010110
3,1,1,ゼンノジャスタ,牡3,56,田中健,1:21.7,1.1/4,**,,,,,5-5,33.4,9.5,4,468(-8),,,,[西]浅見秀一,大迫久美子,503.4,202005010110
4,8,10,アブソルティスモ,牡3,56,ルメール,1:21.8,1/2,**,,,,,7-7,33.3,2.0,1,502(+2),,,,[東]藤沢和雄,キャロットファーム,300.0,202005010110
5,4,4,シャドウブロッサム,牝3,54,Ｍ．デム,1:21.8,アタマ,**,,,,,10-9,33.0,19.7,7,446(0),,,,[西]藤岡健一,飯塚知一,200.0,202005010110
6,7,8,アルムブラスト,牡3,56,マーフィ,1:22.1,1.3/4,**,,,,,2-2,34.2,4.0,2,518(+10),,,,[東]高橋文雅,サンデーレーシング,,202005010110
7,2,2,ヴァルナ,牡3,56,横山典弘,1:22.3,1.1/4,**,,,,,3-2,34.4,14.4,5,476(-2),,,,[西]寺島良,野嶋祥二,,202005010110
8,6,6,セイウンパワフル,牡3,56,ミナリク,1:22.4,3/4,**,,,,,5-6,34.0,69.0,9,478(0),,,,[東]斎藤誠,西山茂行,,202005010110
9,5,5,コスモリモーネ,牡3,56,丹内祐次,1:22.7,1.3/4,**,,,,,7-7,34.1,182.8,10,498(0),,,,[東]高橋裕,岡田繁幸,,202005010110
10,3,3,プリンスチャーム,牡3,56,田辺裕信,1:22.9,1.1/4,**,,,,,9-9,34.1,29.5,8,448(+2),,,,[東]栗田徹,ゴドルフィン,,202005010110
1,5,8,インビジブルレイズ,牡6,56,マーフィ,1:59.1,,**,,,,,7-7-5,34.2,17.1,8,462(-6),,,,[西]吉村圭司,シルクレーシング,"2,631.5",202005010111
2,7,12,マイネルサーパス,牡4,56,丹内祐次,1:59.2,3/4,**,,,,,7-7-7,34.2,30.8,9,480(-2),,,,[東]高木登,サラブレッドクラブ・ラフィアン,"1,009.0",202005010111
3,6,9,レッドガラン,牡5,56,Ｍ．デム,1:59.2,クビ,**,,,,,13-12-14,33.7,11.9,5,514(+4),,,,[西]安田隆行,東京ホースレーシング,654.5,202005010111
4,4,5,ゴーフォザサミット,牡5,57,北村宏司,1:59.2,アタマ,**,,,,,4-3-3,34.5,6.7,3,508(+8),,,,[東]藤沢和雄,山本英俊,390.0,202005010111
5,8,14,アイスストーム,牡5,56,武豊,1:59.4,3/4,**,,,,,14-14-12,34.0,7.2,4,524(-6),,,,[西]吉村圭司,ゴドルフィン,260.0,202005010111
6,5,7,サトノワルキューレ,牝5,55,石川裕紀,1:59.5,3/4,**,,,,,5-5-5,34.7,55.8,12,462(+2),,,,[西]角居勝彦,サトミホースカンパニー,,202005010111
7,2,2,ダイワキャグニー,牡6,58,内田博幸,1:59.7,1,**,,,,,1-1-1,35.3,3.4,1,508(0),,,,[東]菊沢隆徳,大城敬三,,202005010111
8,6,10,ミライヘノツバサ,牡7,56,木幡巧也,1:59.7,クビ,**,,,,,7-9-10,34.5,265.8,14,500(+2),,,,[東]伊藤大士,三島宣彦,,202005010111
9,7,11,フランツ,牡5,56,ルメール,1:59.8,クビ,**,,,,,12-12-12,34.4,3.5,2,438(+2),,,,[西]音無秀孝,近藤英子,,202005010111
10,1,1,ロードヴァンドール,牡7,57,横山和生,1:59.9,1/2,**,,,,,5-5-7,34.9,41.0,11,506(-2),,,,[西]昆貢,ロードホースクラブ,,202005010111
11,3,4,ドミナートゥス,牡5,56,大野拓弥,1:59.9,ハナ,**,,,,,2-2-2,35.4,15.6,7,488(+12),,,,[西]宮本博,サンデーレーシング,,202005010111
12,4,6,マイネルハニー,牡7,58,石橋脩,2:00.0,3/4,**,,,,,3-3-3,35.3,31.3,10,484(+2),,,,[東]栗田徹,サラブレッドクラブ・ラフィアン,,202005010111
13,3,3,カヴァル,牡5,56,津村明秀,2:00.0,クビ,**,,,,,10-9-10,34.8,13.8,6,506(0),,,,[東]勢司和浩,サンデーレーシング,,202005010111
14,8,13,エンジニア,牡7,56,田辺裕信,2:00.1,1/2,**,,,,,10-9-9,35.0,126.7,13,486(+4),,,,[東]牧光二,高嶋祐子,,202005010111
1,3,5,ドナアトラエンテ,牝4,54,マーフィ,1:47.2,,**,,,,,2-2-2,34.3,2.3,1,448(+10),,,,[東]国枝栄,サンデーレーシング,760.0,202005010112
2,4,7,ミトロジー,牡4,56,丸山元気,1:47.5,1.3/4,**,,,,,3-3-3,34.4,7.7,4,486(+6),,,,[東]尾関知人,シルクレーシング,300.0,202005010112
3,6,10,マイネルミュトス,牡4,56,丹内祐次,1:47.5,クビ,**,,,,,13-12-13,33.5,20.9,7,474(+2),,,,[東]鹿戸雄一,サラブレッドクラブ・ラフィアン,190.0,202005010112
4,8,14,キタサンバルカン,牡4,56,北村宏司,1:47.7,1.1/4,**,,,,,8-9-9,34.1,5.2,2,440(+12),,,,[東]奥村武,大野商事,110.0,202005010112
5,7,13,カナロアガール,牝4,54,田辺裕信,1:47.7,クビ,**,,,,,15-14-13,33.6,13.2,5,468(-2),,,,[東]田村康仁,広尾レース,76.0,202005010112
6,2,3,レローヴ,牝6,55,横山和生,1:47.8,クビ,**,,,,,8-6-7,34.4,307.8,14,510(+4),,,,[東]黒岩陽一,今中俊平,,202005010112
7,5,8,イサク,牡4,56,津村明秀,1:47.9,1/2,**,,,,,7-6-6,34.6,5.9,3,476(+2),,,,[東]岩戸孝樹,ゴドルフィン,,202005010112
8,8,15,スズカノロッソ,牡5,56,野中悠太,1:47.9,クビ,**,,,,,12-12-12,34.0,50.1,11,494(+6),,,,[東]小島茂之,永井啓弍,,202005010112
9,4,6,シトラスクーラー,セ7,57,大野拓弥,1:48.0,1/2,**,,,,,8-9-10,34.3,24.4,8,458(-4),,,,[東]高木登,Ｇ１レーシング,,202005010112
10,6,11,コスモアイトーン,牡4,56,木幡巧也,1:48.6,3.1/2,**,,,,,3-6-7,35.2,349.5,15,472(+4),,,,[東]佐藤吉勝,ビッグレッドファーム,,202005010112
11,3,4,グレンフィナン,セ5,57,ミナリク,1:48.7,1/2,**,,,,,3-3-3,35.5,25.9,9,488(+10),,,,[東]鹿戸雄一,Ｇ１レーシング,,202005010112
12,7,12,リーゼントシャルフ,牡6,57,松岡正海,1:48.7,クビ,**,,,,,11-9-10,35.0,295.2,13,476(0),,,,[東]林徹,三浦大輔,,202005010112
13,5,9,オールステリーナ,牝5,55,武藤雅,1:48.9,1.1/2,**,,,,,13-15-15,34.6,99.4,12,464(-34),,,,[東]松山将樹,宮田守,,202005010112
14,2,2,アイスブラスト,牡4,56,吉田豊,1:49.0,1/2,**,,,,,3-3-3,35.8,14.5,6,490(0),,,,[東]戸田博文,ＤＭＭドリームクラブ,,202005010112
15,1,1,コスモミローディア,牡4,56,宮崎北斗,1:49.7,4,**,,,,,1-1-1,36.8,43.6,10,460(+8),,,,[東]清水英克,ビッグレッドファーム,,202005010112
1,6,11,ダイチヴィット,牡3,56,江田照男,1:27.5,,**,,,,,6-6,36.7,20.7,6,456(+4),,,,[東]竹内正洋,荻伏服部牧場,510.0,202005010201
2,7,13,トーセンリヤン,牡3,56,横山和生,1:28.0,3,**,,,,,4-3,37.5,11.1,5,442(-4),,,,[東]池上昌和,島川隆哉,200.0,202005010201
3,3,5,グローサーベア,セ3,56,津村明秀,1:28.1,3/4,**,,,,,13-10,36.8,5.9,2,466(-6),,,,[東]矢野英一,社台レースホース,130.0,202005010201
4,5,9,クァンタムリープ,牡3,54,木幡育也,1:28.3,1,**,,,,,2-2,37.9,21.3,7,474(-2),,,,[東]鹿戸雄一,シルクレーシング,77.0,202005010201
5,2,2,ドロス,牡3,56,ルメール,1:28.3,クビ,**,,,,,1-1,37.9,1.9,1,490(-10),,,,[東]新開幸一,外池榮一郎,51.0,202005010201
6,8,14,チェリーガイア,牝3,53,野中悠太,1:28.7,2.1/2,**,,,,,2-3,38.2,73.2,9,462(-2),,,,[東]小西一男,櫻井悦朗,,202005010201
7,2,3,トーセンレビュー,牡3,56,木幡巧也,1:29.0,2,**,,,,,10-8,37.9,115.2,10,514(0),,,,[東]松永康利,島川隆哉,,202005010201
8,1,1,マロンジェム,牡3,56,内田博幸,1:29.1,1/2,**,,,,,6-6,38.4,25.3,8,488(+12),,,,[東]稲垣幸雄,フロンティア,,202005010201
9,4,6,フィーバス,牡3,56,ミナリク,1:29.8,4,**,,,,,4-5,39.2,7.2,4,476(+8),,,,[東]田中剛,松村真司,,202005010201
10,6,10,パレット,牝3,54,北村宏司,1:29.8,アタマ,**,,,,,9-8,38.7,205.6,13,448(+4),,,,[東]黒岩陽一,水上行雄,,202005010201
11,7,12,キタノタカワシ,牡3,56,吉田豊,1:30.0,1,**,,,,,10-10,38.6,180.1,12,458(+8),,,,[東]土田稔,北所直人,,202005010201
12,5,8,エバーバリュー,牝3,54,松岡正海,1:30.0,クビ,**,,,,,13-14,38.2,249.9,15,386(+6),,,,[東]小島茂之,宇田豊,,202005010201
13,4,7,キンバリープロセス,牡3,56,石橋脩,1:30.3,2,**,,,,,15-15,38.2,6.0,3,490(-14),,,,[東]手塚貴久,ゴドルフィン,,202005010201
14,8,15,スタニングビスタ,牝3,54,武藤雅,1:30.7,2.1/2,**,,,,,8-13,39.2,240.8,14,448(0),,,,[東]武藤善則,岡田牧雄,,202005010201
15,3,4,ネイチャーローズ,牡3,56,井上敏樹,1:30.7,ハナ,**,,,,,10-10,39.3,155.3,11,468(+12),,,,[東]根本康広,井上修一,,202005010201
1,8,15,ヤマノマタカ,牡3,56,石川裕紀,2:16.6,,**,,,,,3-3-2-2,38.4,3.2,1,464(-4),,,,[東]相沢郁,澤村敏雄,510.0,202005010202
2,1,1,ショウナンアクア,牡3,56,吉田豊,2:16.9,1.3/4,**,,,,,9-12-12-11,37.6,6.2,3,474(+2),,,,[東]古賀史生,国本哲秀,200.0,202005010202
3,4,7,セイウンカゲロウ,牡3,56,松岡正海,2:17.4,3,**,,,,,7-9-9-8,38.2,11.8,6,496(+2),,,,[東]奥平雅士,西山茂行,130.0,202005010202
4,2,4,スウィング,牡3,56,ミナリク,2:17.4,ハナ,**,,,,,9-9-6-5,38.5,4.2,2,478(+2),,,,[東]高柳瑞樹,カナヤマホールディングス,77.0,202005010202
5,7,14,クラウンマハロ,牡3,54,木幡育也,2:18.4,6,**,,,,,14-16-15-15,38.2,20.0,9,504(-6),,,,[東]尾形和幸,クラウン,51.0,202005010202
6,8,16,ディヒター,牡3,56,武藤雅,2:18.4,クビ,**,,,,,5-5-6-8,39.3,11.5,5,518(+6),,,,[東]林徹,林正道,,202005010202
7,7,13,グラスフレイバー,牡3,56,坂井瑠星,2:18.5,1/2,**,,,,,2-2-2-2,40.4,69.2,14,470(0),,,,[東]松永康利,尾田信夫,,202005010202
8,5,10,ゲンキチボン,牡3,56,佐藤友則,2:18.5,ハナ,**,,,,,14-14-14-13,38.7,48.9,11,468(-4),,,,[東]堀井雅広,荒井元明,,202005010202
9,3,6,ソルメンシス,牡3,56,田辺裕信,2:18.6,3/4,**,,,,,13-8-4-4,40.2,11.4,4,496(+8),,,,[東]菊川正達,ディアレストクラブ,,202005010202
10,3,5,ニシノゼノビア,牝3,54,岩部純二,2:18.6,クビ,**,,,,,9-9-9-8,39.4,261.1,16,458(-4),,,,[東]萱野浩二,西山茂行,,202005010202
11,6,11,キラークイーン,牝3,54,北村宏司,2:19.4,5,**,,,,,9-5-4-5,40.5,53.9,13,442(-2),,,,[東]久保田貴,村木隆,,202005010202
12,1,2,ユーアーマイソウル,牡3,56,嘉藤貴行,2:19.8,2.1/2,**,,,,,1-1-1-1,41.7,17.0,8,488(+2),,,,[東]伊藤伸一,ミルファーム,,202005010202
13,4,8,ドラゴンウォリアー,牡3,56,木幡巧也,2:20.4,3.1/2,**,,,,,5-5-11-12,40.8,13.4,7,504(0),,,,[東]岩戸孝樹,田頭勇貴,,202005010202
14,6,12,ニシノストロング,牡3,55,野中悠太,2:20.5,3/4,**,,,,,14-12-13-13,40.7,160.3,15,490(-6),,,,[東]小島茂之,西山茂行,,202005010202
15,2,3,コスモコンクエスト,牡3,56,宮崎北斗,2:20.8,1.3/4,**,,,,,3-3-6-5,42.0,40.2,10,504(-1),,,,[東]宗像義忠,ビッグレッドファーム,,202005010202
16,5,9,キズナビーム,牡3,56,横山和生,2:27.2,大,**,,,,,7-14-16-16,45.6,52.2,12,524(-6),,,,[東]鈴木伸尋,北原光一郎,,202005010202
1,1,2,アヴァニイ,牝3,54,ルメール,1:38.8,,**,,,,,9-8,37.7,3.8,2,514(-4),,,,[東]加藤征弘,Ｃ．チェン,510.0,202005010203
2,3,6,クールマキシマム,牝3,54,嘉藤貴行,1:39.0,1.1/4,**,,,,,8-5,38.2,8.0,3,478(+2),,,,[東]奥平雅士,保谷フミ子,200.0,202005010203
3,4,8,ディンブラ,牝3,53,野中悠太,1:39.2,1.1/4,**,,,,,2-2,39.0,25.6,8,478(+2),,,,[東]上原博之,ノースヒルズ,130.0,202005010203
4,2,3,ナーラック,牝3,53,菊沢一樹,1:40.0,5,**,,,,,12-11,38.5,47.7,9,444(+2),,,,[東]柄崎孝,辻牧場,77.0,202005010203
5,2,4,ヤマトホープシップ,牝3,54,石橋脩,1:40.2,1.1/4,**,,,,,15-15,37.6,48.0,10,460(+2),,,,[東]田村康仁,醍醐徹,51.0,202005010203
6,3,5,シャンボールロッソ,牝3,54,丸山元気,1:40.2,ハナ,**,,,,,5-5,39.4,19.1,7,432(+6),,,,[東]武藤善則,シルクレーシング,,202005010203
7,7,14,ナスノフォルテ,牝3,54,マーフィ,1:40.3,1/2,**,,,,,3-3,39.9,2.1,1,472(0),,,,[東]武井亮,那須野牧場,,202005010203
8,8,16,ヒラボクハーツ,牝3,54,福永祐一,1:40.3,クビ,**,,,,,3-3,39.9,65.7,11,476(-2),,,,[東]大竹正博,平田牧場,,202005010203
9,1,1,タマノシュシュ,牝3,54,田辺裕信,1:40.6,1.1/2,**,,,,,10-9,39.4,13.7,5,424(-2),,,,[東]菊川正達,玉腰勇吉,,202005010203
10,5,9,クーレクー,牝3,54,木幡巧也,1:41.0,2.1/2,**,,,,,1-1,40.9,10.4,4,460(+4),,,,[東]伊藤大士,程田真司,,202005010203
11,5,10,キャツクレードル,牝3,52,木幡育也,1:41.1,1/2,**,,,,,10-12,39.4,142.2,12,442(-10),,,,[東]佐藤吉勝,石瀬浩三,,202005010203
12,6,11,スピランセス,牝3,54,石川裕紀,1:41.1,クビ,**,,,,,14-14,39.0,308.9,13,444(-4),,,,[東]田村康仁,ディアレスト,,202005010203
13,8,15,ピュアハート,牝3,54,横山和生,1:41.2,3/4,**,,,,,6-5,40.3,343.1,14,498(-6),,,,[東]杉浦宏昭,山岸桂市,,202005010203
14,6,12,ペイシャフレンチ,牝3,54,井上敏樹,1:41.3,クビ,**,,,,,16-16,38.5,535.7,16,476(-4),,,,[東]高橋義博,北所直人,,202005010203
15,4,7,アネモネテソーロ,牝3,54,江田照男,1:41.6,2,**,,,,,6-9,40.3,15.3,6,476(-4),,,,[東]高木登,了徳寺健二ホールディングス,,202005010203
16,7,13,テイエムロング,牝3,54,武士沢友,1:44.4,大,**,,,,,12-12,42.7,478.6,15,412(0),,,,[東]石栗龍彦,竹園正繼,,202005010203
1,5,10,コラルノクターン,牡3,56,福永祐一,1:40.6,,**,,,,,5-4,36.5,2.7,1,510(0),,,,[西]藤原英昭,グリーンフィールズ,600.0,202005010204
2,1,1,トミケンレゲンダ,牡3,56,石橋脩,1:40.9,1.3/4,**,,,,,1-1,37.1,26.4,9,464(0),,,,[東]大和田成,冨樫賢二,240.0,202005010204
3,8,15,ティラミス,牝3,54,Ｍ．デム,1:41.7,5,**,,,,,9-4,37.6,8.1,5,458(0),,,,[西]安田隆行,寺田寿男,150.0,202005010204
4,5,9,キタサンロッキー,牡3,56,北村宏司,1:41.8,クビ,**,,,,,2-2,38.0,6.4,2,498(0),,,,[西]清水久詞,大野商事,90.0,202005010204
5,3,6,オウケンロジータ,牝3,54,武士沢友,1:42.0,1.1/2,**,,,,,11-11,37.4,173.8,13,508(0),,,,[西]藤岡健一,福井明,60.0,202005010204
6,4,7,ムーンレース,牡3,56,坂井瑠星,1:42.2,1,**,,,,,11-9,37.7,7.9,3,514(0),,,,[西]高柳大輔,レッドマジック,,202005010204
7,2,4,トーセンライブ,牡3,54,木幡育也,1:42.6,2.1/2,**,,,,,15-13,37.7,11.0,7,504(0),,,,[東]尾形和幸,島川隆哉,,202005010204
8,7,14,プラズマテイル,牝3,54,嘉藤貴行,1:43.0,2.1/2,**,,,,,5-4,38.9,34.4,10,414(0),,,,[東]大和田成,岡田牧雄,,202005010204
9,8,16,フルオブウィット,牡3,56,ミナリク,1:43.1,1/2,**,,,,,7-4,39.0,10.9,6,492(0),,,,[東]池上昌和,吉田晴哉,,202005010204
10,6,12,キタサンレイワ,牝3,54,石川裕紀,1:44.0,5,**,,,,,3-4,39.9,62.9,11,522(0),,,,[東]小笠倫弘,大野商事,,202005010204
11,6,11,シルヴァーミリオン,牡3,56,武豊,1:44.0,クビ,**,,,,,3-2,40.1,7.9,4,452(0),,,,[西]鈴木孝志,岡田牧雄,,202005010204
12,3,5,オーサムパッション,牡3,56,横山典弘,1:44.1,1/2,**,,,,,9-11,39.5,16.4,8,498(0),,,,[東]斎藤誠,落合幸弘,,202005010204
13,7,13,レジュノア,牝3,54,木幡巧也,1:44.6,3,**,,,,,8-9,40.1,306.6,16,444(0),,,,[東]杉浦宏昭,ニューワールドレーシング,,202005010204
14,2,3,ドントクライマリア,セ3,56,井上敏樹,1:44.8,1.1/4,**,,,,,11-13,39.9,198.7,14,444(0),,,,[東]林徹,丸山担,,202005010204
15,1,2,チャンピオンフジ,牡3,55,菊沢一樹,1:46.0,7,**,,,,,11-15,40.8,137.4,12,528(0),,,,[東]勢司和浩,坪野谷和平,,202005010204
16,4,8,キエンセラ,牡3,56,松岡正海,1:47.0,6,**,,,,,16-15,41.9,297.6,15,442(0),,,,[東]堀井雅広,藤田在子,,202005010204
1,2,4,マイネルブラシウス,牡3,56,津村明秀,1:47.3,,**,,,,,4-3-3,34.3,7.2,4,488(+24),,,,[東]尾関知人,サラブレッドクラブ・ラフィアン,510.0,202005010205
2,4,7,ラザフォード,牝3,54,ルメール,1:47.4,3/4,**,,,,,2-2-2,34.6,3.8,1,444(-2),,,,[東]藤沢和雄,潘蘇通,200.0,202005010205
3,6,11,ダイワミラクル,牡3,56,北村宏司,1:47.9,3,**,,,,,9-10-10,33.8,7.3,5,500(-2),,,,[東]鹿戸雄一,大城敬三,130.0,202005010205
4,1,1,コスモストライカー,牡3,54,石橋脩,1:48.0,3/4,**,,,,,1-1-1,35.3,11.5,7,478(0),,,,[東]加藤士津,ビッグレッドファーム,77.0,202005010205
5,8,16,ドリームメッセージ,牡3,56,丸山元気,1:48.3,2,**,,,,,12-12-12,34.0,8.4,6,444(0),,,,[東]中川公成,堀口晴男,51.0,202005010205
6,7,14,ルカ,牡3,56,マーフィ,1:48.5,1,**,,,,,8-10-9,34.7,4.6,2,490(-2),,,,[東]戸田博文,窪田芳郎,,202005010205
7,5,10,ブライドグルーム,牡3,56,ミナリク,1:48.6,3/4,**,,,,,4-8-8,35.0,13.6,8,452(+2),,,,[東]堀宣行,社台レースホース,,202005010205
8,1,2,テイエムクロホマレ,牡3,56,嘉藤貴行,1:49.3,4,**,,,,,9-6-5,36.0,319.2,13,472(+4),,,,[東]石栗龍彦,竹園正繼,,202005010205
9,6,12,ラストエクセル,牝3,54,Ｍ．デム,1:49.6,2,**,,,,,4-6-5,36.3,6.1,3,436(-10),,,,[東]伊藤大士,ニッシンホールディングス,,202005010205
10,7,13,ベルウッドアサヒ,牡3,56,吉田豊,1:49.8,3/4,**,,,,,14-15-14,35.2,98.0,10,440(-12),,,,[東]武市康男,鈴木照雄,,202005010205
11,3,6,ホウオウマライア,牝3,54,木幡巧也,1:49.9,1/2,**,,,,,12-12-13,35.5,178.3,11,436(0),,,,[東]牧光二,小笹芳央,,202005010205
12,3,5,ゼンダンスネーク,牝3,54,横山和生,1:49.9,ハナ,**,,,,,9-3-5,36.6,273.1,12,456(-10),,,,[東]土田稔,渡邊善男,,202005010205
13,8,15,ジツリキニコマル,牝3,54,武士沢友,1:49.9,ハナ,**,,,,,14-14-14,35.4,411.0,15,440(-14),,,,[東]稲垣幸雄,河合實貴男,,202005010205
14,4,8,フィーユレヴーズ,牝3,54,福永祐一,1:50.0,3/4,**,,,,,2-3-3,37.0,31.3,9,442(+2),,,,[東]斎藤誠,小田吉男,,202005010205
15,2,3,ファイナルブション,牝3,54,宮崎北斗,1:50.5,3,**,,,,,16-16-16,35.3,487.3,16,430(-8),,,,[東]青木孝文,廣崎利洋ＨＤ,,202005010205
16,5,9,ディムッター,牝3,54,江田照男,1:53.7,大,**,,,,,4-8-10,39.7,359.3,14,458(0),,,,[東]佐藤吉勝,薪浦亨,,202005010205
1,6,11,オーロアドーネ,牡3,56,マーフィ,1:35.3,,**,,,,,5-4,34.4,2.9,1,486(0),,,,[東]戸田博文,ＤＭＭドリームクラブ,600.0,202005010206
2,7,14,イルミナル,牝3,54,石橋脩,1:35.6,2,**,,,,,13-13,34.0,8.6,3,418(0),,,,[東]奥村武,キャロットファーム,240.0,202005010206
3,7,13,レッドルピナス,牝3,54,北村宏司,1:35.6,ハナ,**,,,,,5-7,34.6,3.3,2,416(0),,,,[西]中内田充,東京ホースレーシング,150.0,202005010206
4,6,12,ブレイクザボーダー,牡3,56,佐藤友則,1:35.8,1.1/4,**,,,,,2-2,35.1,28.1,10,476(0),,,,[東]畠山吉宏,グランデオーナーズ,90.0,202005010206
5,1,2,キタノポケット,牝3,53,菊沢一樹,1:36.3,3,**,,,,,10-10,34.8,95.2,13,382(0),,,,[東]深山雅史,北所直人,60.0,202005010206
6,5,9,ラインシュプール,牝3,54,武士沢友,1:36.6,1.3/4,**,,,,,15-14,34.8,17.2,7,410(0),,,,[東]水野貴広,大澤繁昌,,202005010206
7,3,6,ランジョウ,牝3,54,坂井瑠星,1:36.6,ハナ,**,,,,,8-8,35.4,11.2,5,434(0),,,,[東]矢野英一,ノルマンディーサラブレッドレーシング,,202005010206
8,2,4,エイシンジャスミン,牝3,54,石川裕紀,1:36.7,クビ,**,,,,,5-4,35.8,11.1,4,434(0),,,,[西]大久保龍,栄進堂,,202005010206
9,1,1,ゲンパチビーム,牡3,56,岩部純二,1:36.7,ハナ,**,,,,,13-14,34.9,169.9,15,416(0),,,,[東]萱野浩二,平野武志,,202005010206
10,4,8,ジュネス,牝3,54,吉田豊,1:36.9,1.1/2,**,,,,,8-8,35.7,34.4,11,500(0),,,,[東]本間忍,島川隆哉,,202005010206
11,8,15,シゲルパック,牝3,54,江田照男,1:37.6,4,**,,,,,10-10,36.1,14.6,6,498(0),,,,[東]田中清隆,森中蕃,,202005010206
12,3,5,ナムラサバイバー,牡3,56,横山和生,1:37.7,1/2,**,,,,,10-10,36.2,27.2,8,462(0),,,,[東]石栗龍彦,奈村信重,,202005010206
13,4,7,シュライクス,牡3,56,嘉藤貴行,1:37.8,1/2,**,,,,,1-1,37.2,27.9,9,426(0),,,,[東]水野貴広,中山栄一,,202005010206
14,2,3,サクヤコノハナ,牝3,54,柴田善臣,1:38.4,3.1/2,**,,,,,3-4,37.5,59.9,12,422(0),,,,[東]粕谷昌央,岡田牧雄,,202005010206
15,8,16,ワイアヴィー,牝3,54,木幡巧也,1:39.6,7,**,,,,,3-2,38.9,269.4,16,426(0),,,,[東]岩戸孝樹,岡田隆寛,,202005010206
16,5,10,キューティーカノン,牝3,53,野中悠太,1:41.3,大,**,,,,,16-16,38.1,108.7,14,432(0),,,,[東]星野忍,中地賢次郎,,202005010206
1,2,4,ゴールドスミス,セ6,57,武豊,2:14.8,,**,,,,,1-1-1-1,37.4,4.0,2,524(0),,,,[東]高柳瑞樹,ゴドルフィン,760.0,202005010207
2,4,7,エグジットラック,牡6,57,江田照男,2:14.9,1/2,**,,,,,16-16-15-16,36.0,36.9,11,520(-8),,,,[東]田村康仁,戸賀智子,300.0,202005010207
3,6,12,トランスポーター,牡4,56,吉田豊,2:15.0,3/4,**,,,,,2-2-2-2,37.5,33.5,10,494(-2),,,,[東]戸田博文,安原浩司,190.0,202005010207
4,7,13,ニューツーリズム,牡4,56,Ｍ．デム,2:15.2,1.1/4,**,,,,,3-3-3-3,37.5,7.6,4,508(+6),,,,[東]黒岩陽一,吉田晴哉,110.0,202005010207
5,3,6,ドーバーテソーロ,牡4,56,田辺裕信,2:15.3,3/4,**,,,,,9-9-10-7,37.3,22.4,7,486(-4),,,,[東]奥平雅士,了徳寺健二ホールディングス,76.0,202005010207
6,8,16,ジェイケイエース,牡4,56,丸山元気,2:15.6,2,**,,,,,8-6-6-6,37.7,8.9,5,548(+6),,,,[東]松永康利,小谷野次郎,,202005010207
7,4,8,ロジポルカ,牡4,56,内田博幸,2:15.7,クビ,**,,,,,14-14-15-13,37.1,13.4,6,468(0),,,,[東]菊沢隆徳,久米田正明,,202005010207
8,5,10,ボヘミアラプソディ,牡4,56,ルメール,2:15.7,アタマ,**,,,,,14-14-14-13,37.1,3.4,1,488(+10),,,,[東]伊藤圭三,平井裕,,202005010207
9,3,5,ユメノサキ,牡5,57,福永祐一,2:15.9,1.1/4,**,,,,,3-3-3-3,38.2,7.0,3,554(-2),,,,[東]新開幸一,山田広太郎,,202005010207
10,8,15,ヤマニンバンタジオ,セ6,57,嘉藤貴行,2:16.3,2.1/2,**,,,,,12-12-12-11,38.1,84.5,14,540(-4),,,,[東]田島俊明,土井肇,,202005010207
11,2,3,フクサンダーク,牡4,55,野中悠太,2:16.4,1/2,**,,,,,9-9-10-11,38.1,25.0,8,494(-2),,,,[東]小西一男,小沼博,,202005010207
12,1,2,ゴールデンフィジー,牝5,55,木幡巧也,2:16.4,ハナ,**,,,,,6-6-6-7,38.4,41.7,12,440(+4),,,,[東]牧光二,吉田照哉,,202005010207
13,6,11,アララトテソーロ,牡4,56,武藤雅,2:16.5,クビ,**,,,,,6-6-8-7,38.4,51.8,13,490(+4),,,,[東]和田雄二,了徳寺健二ホールディングス,,202005010207
14,5,9,シャイニーロケット,牡5,57,柴田善臣,2:17.1,3.1/2,**,,,,,12-12-13-13,38.6,126.6,16,464(+2),,,,[東]佐藤吉勝,小林昌志,,202005010207
15,7,14,ベルゲンハーバー,牡4,56,ミナリク,2:17.2,3/4,**,,,,,11-9-8-7,39.2,27.5,9,466(+10),,,,[東]斎藤誠,林正道,,202005010207
16,1,1,ウイニングメイビー,牡4,56,北村宏司,2:17.7,3,**,,,,,3-3-3-3,40.0,117.4,15,482(-6),,,,[東]稲垣幸雄,井上久光,,202005010207
1,5,10,フローラルパーク,牝4,55,武豊,1:24.7,,**,,,,,2-2,36.4,5.7,2,490(-4),,,,[東]加藤征弘,高橋正雄,"1,100.0",202005010208
2,2,4,コーラルプリンセス,牝6,55,丸山元気,1:24.7,アタマ,**,,,,,4-4,36.1,8.5,6,532(+2),,,,[東]高橋裕,吉田勝己,440.0,202005010208
3,8,15,ボンディマンシュ,セ4,57,坂井瑠星,1:24.8,3/4,**,,,,,4-4,36.2,6.5,3,490(+4),,,,[西]中内田充,シルクレーシング,280.0,202005010208
4,7,13,エピックアン,牡5,57,田辺裕信,1:24.9,クビ,**,,,,,14-12,35.5,6.8,5,506(-8),,,,[東]大和田成,ＴＵＲＦレーシング,170.0,202005010208
5,6,11,アオイサンシャイン,牝7,55,マーフィ,1:25.0,1/2,**,,,,,3-2,36.7,9.7,7,524(-4),,,,[東]古賀慎明,新谷幸義,110.0,202005010208
6,5,9,ハヤブサレジェンド,牡5,56,菊沢一樹,1:25.1,3/4,**,,,,,1-1,36.9,19.4,10,506(+4),,,,[東]伊藤圭三,グランド牧場,,202005010208
7,3,5,ベイオブコトル,牡4,57,福永祐一,1:25.2,1/2,**,,,,,7-7,36.4,5.7,1,444(+2),,,,[東]高柳瑞樹,ゴドルフィン,,202005010208
8,8,16,ニシノジャガーズ,牡5,57,岩部純二,1:25.3,1/2,**,,,,,16-16,35.5,6.7,4,494(0),,,,[東]萱野浩二,西山茂行,,202005010208
9,1,2,クレディブル,牡5,57,ルメール,1:25.4,クビ,**,,,,,12-10,36.2,13.2,8,510(0),,,,[東]萩原清,清水二朗,,202005010208
10,4,8,テキスタイルアート,セ8,57,北村宏司,1:25.4,クビ,**,,,,,12-13,35.9,201.6,16,494(+12),,,,[東]加藤和宏,岡田壮史,,202005010208
11,7,14,ワンダープラヤアン,牡6,56,野中悠太,1:25.4,ハナ,**,,,,,10-10,36.2,168.3,14,486(-6),,,,[西]森田直行,山本能成,,202005010208
12,4,7,ミッキーボニータ,セ5,57,横山典弘,1:25.5,クビ,**,,,,,14-13,36.0,55.4,11,452(-2),,,,[東]萩原清,野田みづき,,202005010208
13,1,1,サンタナブルー,牡8,57,川須栄彦,1:25.9,2.1/2,**,,,,,10-7,37.0,176.1,15,488(+12),,,,[東]和田雄二,ＹＧＧホースクラブ,,202005010208
14,6,12,モリトシラユリ,牝6,53,木幡育也,1:26.2,2,**,,,,,7-7,37.4,86.2,12,486(-8),,,,[東]堀井雅広,浜本牧場,,202005010208
15,2,3,コールドターキー,牡5,57,Ｍ．デム,1:29.2,大,**,,,,,4-4,40.6,17.2,9,470(-4),,,,[東]佐藤吉勝,薪浦亨,,202005010208
16,3,6,ヘニッヒ,セ4,57,内田博幸,1:29.2,クビ,**,,,,,7-13,39.6,165.4,13,468(+14),,,,[東]武井亮,小田吉男,,202005010208
1,8,13,ショウナンハレルヤ,牝3,54,丸山元気,1:47.2,,**,,,,,2-2-2,34.1,99.4,10,456(-2),,,,[東]矢野英一,国本哲秀,"1,039.4",202005010209
2,2,2,アオイクレアトール,牡3,56,武豊,1:47.4,1.1/4,**,,,,,3-3-4,34.1,5.7,4,474(+12),,,,[東]古賀慎明,新谷幸義,408.4,202005010209
3,4,4,セントオブゴールド,牡3,56,ルメール,1:47.5,1/2,**,,,,,10-11-11,33.7,4.4,2,466(+26),,,,[東]木村哲也,シルクレーシング,254.2,202005010209
4,7,11,ヴァルコス,牡3,56,マーフィ,1:47.5,アタマ,**,,,,,6-6-4,34.2,4.7,3,500(+6),,,,[西]友道康夫,佐々木主浩,150.0,202005010209
5,3,3,ルビーカサブランカ,牝3,54,福永祐一,1:47.6,1/2,**,,,,,7-7-7,34.1,11.3,6,462(-2),,,,[西]須貝尚介,金子真人ホールディングス,101.0,202005010209
6,7,10,ウインカーネリアン,牡3,56,松岡正海,1:47.6,ハナ,**,,,,,1-1-1,34.6,10.9,5,478(-8),,,,[東]鹿戸雄一,ウイン,,202005010209
7,1,1,フォースオブウィル,牡3,56,宮崎北斗,1:47.6,クビ,**,,,,,3-3-4,34.3,18.3,7,458(+2),,,,[東]粕谷昌央,柳原克哉,,202005010209
8,4,5,ラグビーボーイ,牡3,56,北村宏司,1:47.7,クビ,**,,,,,7-7-7,34.2,53.1,8,494(-10),,,,[東]勢司和浩,齋藤秀昭,,202005010209
9,5,7,サトノフウジン,牡3,56,石橋脩,1:47.8,1/2,**,,,,,12-11-11,34.1,2.8,1,470(0),,,,[東]堀宣行,サトミホースカンパニー,,202005010209
10,5,6,マイネルソラス,牡3,56,津村明秀,1:48.2,2.1/2,**,,,,,12-13-13,34.1,71.1,9,470(0),,,,[東]和田正一,サラブレッドクラブ・ラフィアン,,202005010209
11,6,9,ナーリー,牡3,56,佐藤友則,1:48.8,3.1/2,**,,,,,3-3-3,35.6,322.2,13,462(-9),,,,[地]井上孝彦,グランデオーナーズ,,202005010209
12,6,8,タイムマシン,牡3,56,ミナリク,1:50.1,8,**,,,,,10-10-7,36.6,137.5,11,446(+4),,,,[東]手塚貴久,馬場幸夫,,202005010209
13,8,12,コスモスタック,牡3,56,野中悠太,1:50.2,3/4,**,,,,,7-7-7,36.7,179.9,12,456(0),,,,[東]堀井雅広,ビッグレッドファーム,,202005010209
1,7,10,ボスジラ,牡4,55,武豊,2:24.7,,**,,,,,9-8-7-7,34.1,3.3,1,516(-2),,,,[東]国枝栄,金子真人ホールディングス,"1,848.0",202005010210
2,3,3,サンアップルトン,牡4,55,柴田善臣,2:24.7,クビ,**,,,,,5-5-7-7,34.1,8.6,5,472(+18),,,,[東]中野栄治,加藤ステーブル,738.0,202005010210
3,6,8,トラストケンシン,牡5,56,マーフィ,2:25.0,1.1/2,**,,,,,3-3-4-5,34.6,3.7,2,476(+4),,,,[東]高橋文雅,菅波立知子,464.0,202005010210
4,4,5,マコトガラハッド,セ7,54,ミナリク,2:25.3,2,**,,,,,4-3-4-5,34.9,80.2,10,492(-8),,,,[西]鮫島一歩,ディアマント,270.0,202005010210
5,2,2,ヘリファルテ,牡6,56,ルメール,2:25.3,クビ,**,,,,,6-8-9-9,34.4,7.1,4,492(+18),,,,[東]堀宣行,サンデーレーシング,182.0,202005010210
6,4,4,ベイビーステップ,牡6,55,武藤雅,2:25.4,クビ,**,,,,,11-11-10-9,34.5,25.4,9,492(+2),,,,[東]菊川正達,大塚亮一,,202005010210
7,8,13,グランドサッシュ,牡9,54,津村明秀,2:25.5,1/2,**,,,,,10-10-10-12,34.4,141.7,11,472(0),,,,[東]武市康男,シルクレーシング,,202005010210
8,6,9,ミスマンマミーア,牝5,53,福永祐一,2:25.7,1.1/4,**,,,,,6-5-4-3,35.5,11.7,6,456(-4),,,,[西]寺島良,吉田勝利,,202005010210
9,5,7,エクセレントミスズ,牡7,53,内田博幸,2:25.9,1.1/4,**,,,,,12-12-13-12,34.7,224.3,12,454(-14),,,,[西]藤沢則雄,永井啓弍,,202005010210
10,8,12,ホウオウドリーム,牡6,57,吉田豊,2:25.9,ハナ,**,,,,,12-12-12-11,34.9,16.7,8,508(-14),,,,[西]矢作芳人,小笹芳央,,202005010210
11,5,6,ミッキーバード,牡5,54,横山典弘,2:25.9,ハナ,**,,,,,2-2-3-3,35.7,6.4,3,522(-8),,,,[東]尾関知人,野田みづき,,202005010210
12,1,1,エストスペリオル,牡5,54,Ｍ．デム,2:26.7,5,**,,,,,6-5-2-2,36.6,14.6,7,456(0),,,,[東]堀宣行,社台レースホース,,202005010210
13,7,11,オウケンブラック,牡9,52,北村宏司,2:27.2,3,**,,,,,1-1-1-1,39.0,313.0,13,488(+6),,,,[東]田中剛,福井明,,202005010210
1,6,11,モズアスコット,牡6,58,ルメール,1:22.7,,**,,,,,9-8,34.7,9.9,3,494(-4),,,,[西]矢作芳人,キャピタル・システム,"3,858.1",202005010211
2,3,5,コパノキッキング,セ5,58,マーフィ,1:22.9,1.1/4,**,,,,,2-2,35.6,1.9,1,482(-2),,,,[西]村山明,小林祥晃,"1,516.6",202005010211
3,4,7,スマートアヴァロン,牡8,56,石橋脩,1:23.1,1,**,,,,,12-12,34.6,39.0,9,512(-4),,,,[西]西園正都,大川徹,958.3,202005010211
4,8,15,ダノンフェイス,牡7,56,田辺裕信,1:23.2,3/4,**,,,,,5-6,35.3,11.8,5,534(-4),,,,[西]大久保龍,ダノックス,570.0,202005010211
5,3,6,ワイドファラオ,牡4,58,福永祐一,1:23.2,アタマ,**,,,,,4-4,35.5,10.1,4,508(+6),,,,[西]角居勝彦,幅田昌伸,380.0,202005010211
6,1,1,テーオージーニアス,牡5,56,川須栄彦,1:23.4,1.1/4,**,,,,,8-8,35.4,25.6,7,508(+4),,,,[西]梅田智之,小笹公也,,202005010211
7,5,10,ノボバカラ,牡8,56,内田博幸,1:23.4,クビ,**,,,,,9-10,35.1,299.3,15,510(-10),,,,[西]森秀行,ＬＳ．Ｍ,,202005010211
8,2,4,ワンダーリーデル,牡7,57,横山典弘,1:23.5,1/2,**,,,,,12-13,34.7,12.6,6,530(-2),,,,[西]安田翔伍,山本能成,,202005010211
9,4,8,ブルベアイリーデ,牡4,56,丸山元気,1:23.6,1/2,**,,,,,11-10,35.2,34.0,8,492(+6),,,,[西]杉山晴紀,ブルアンドベア,,202005010211
10,5,9,カフジテイク,牡8,56,津村明秀,1:23.6,クビ,**,,,,,14-14,34.6,60.9,11,500(-6),,,,[西]湯窪幸雄,加藤守,,202005010211
11,2,3,ミッキーワイルド,牡5,56,Ｍ．デム,1:24.0,2.1/2,**,,,,,5-5,36.2,4.9,2,514(+8),,,,[西]安田隆行,野田みづき,,202005010211
12,6,12,アードラー,牡6,56,ミナリク,1:24.0,ハナ,**,,,,,14-14,34.9,97.4,12,482(-6),,,,[西]音無秀孝,吉澤克己,,202005010211
13,1,2,テーオーヘリオス,牡8,56,石川裕紀,1:24.2,1.1/4,**,,,,,5-6,36.3,266.3,14,520(-2),,,,[西]梅田智之,小笹公也,,202005010211
14,8,16,ドリームキラリ,牡8,56,坂井瑠星,1:24.3,3/4,**,,,,,1-1,37.0,41.2,10,488(-6),,,,[西]矢作芳人,ライオンレースホース,,202005010211
15,7,13,ヨシオ,牡7,56,佐藤友則,1:24.7,2.1/2,**,,,,,3-3,37.2,134.9,13,486(-4),,,,[西]森秀行,岩見裕輔,,202005010211
16,7,14,サングラス,牡9,56,北村宏司,1:24.7,ハナ,**,,,,,16-16,35.3,387.2,16,508(-4),,,,[西]谷潔,玉置潔,,202005010211
1,6,6,エクセランフィーユ,牝4,54,マーフィ,1:47.8,,**,,,,,1-1-1,33.2,2.8,1,422(+16),,,,[東]木村哲也,サンデーレーシング,"1,100.0",202005010212
2,8,9,ダディーズマインド,牡4,56,宮崎北斗,1:47.9,1/2,**,,,,,2-2-2,33.1,8.8,5,496(+24),,,,[東]青木孝文,田島大史,440.0,202005010212
3,4,4,トーセングラン,牡4,56,横山和生,1:48.2,2,**,,,,,4-5-5,33.1,3.7,2,436(+4),,,,[東]田村康仁,島川隆哉,280.0,202005010212
4,7,8,エピックスター,セ5,57,田辺裕信,1:48.3,1/2,**,,,,,6-7-5,33.2,7.6,4,438(0),,,,[東]田村康仁,子安裕樹,170.0,202005010212
5,3,3,ショウナンバビアナ,牝4,54,吉田豊,1:48.4,1/2,**,,,,,3-3-3,33.5,9.5,6,476(-2),,,,[東]上原博之,国本哲秀,110.0,202005010212
6,1,1,エニグマバリエート,牡8,57,坂井瑠星,1:48.7,2,**,,,,,6-6-5,33.6,144.5,9,494(0),,,,[東]戸田博文,平井裕,,202005010212
7,2,2,エターナルヴィテス,牡4,56,田中勝春,1:49.1,2,**,,,,,8-7-8,33.8,12.7,7,492(+4),,,,[東]松山将樹,永井廣司,,202005010212
8,5,5,タニノホウザン,牡6,57,武士沢友,1:49.4,2,**,,,,,10-10-10,33.9,290.6,10,472(+1),,,,[東]星野忍,谷口祐人,,202005010212
9,7,7,エフティスパークル,牡7,57,Ｍ．デム,1:49.4,ハナ,**,,,,,9-9-8,34.0,19.2,8,468(-4),,,,[東]鹿戸雄一,吉野英子,,202005010212
10,8,10,キングテセウス,牡4,56,ルメール,1:49.6,1.1/4,**,,,,,4-3-3,34.7,6.8,3,516(-2),,,,[東]木村哲也,保坂和孝,,202005010212
1,7,13,トリプルシックス,牝3,54,横山和生,1:19.6,,**,,,,,2-2,37.4,8.3,3,468(+2),,,,[東]古賀史生,西森功,510.0,202005010301
2,1,2,ヨシオドライヴ,牡3,56,大庭和弥,1:19.7,3/4,**,,,,,9-9,36.5,16.0,7,490(-6),,,,[東]清水英克,井村誉志雄,200.0,202005010301
3,4,7,ダイシンウィット,牡3,56,津村明秀,1:19.9,1.1/2,**,,,,,1-1,37.8,5.7,2,498(-2),,,,[東]小笠倫弘,大八木信行,130.0,202005010301
4,2,4,スズカキングボス,牡3,56,内田博幸,1:20.0,クビ,**,,,,,2-2,37.8,2.0,1,462(-4),,,,[東]田中剛,永井啓弍,77.0,202005010301
5,5,9,ニーケススマイル,牡3,56,松岡正海,1:20.3,2,**,,,,,5-4,37.9,9.8,4,458(0),,,,[東]蛯名利弘,高橋ファーム,51.0,202005010301
6,1,1,ヤサカパフィー,牝3,54,武藤雅,1:20.8,3,**,,,,,4-4,38.4,12.0,6,472(+4),,,,[東]水野貴広,志邑宣彦,,202005010301
7,4,8,ゴラッソゴール,牡3,56,田辺裕信,1:20.9,1/2,**,,,,,12-12,37.0,28.4,8,470(+4),,,,[東]武市康男,東海林貴大,,202005010301
8,5,10,スイスライツ,牡3,56,江田照男,1:21.2,1.3/4,**,,,,,5-4,38.8,10.3,5,462(-2),,,,[東]竹内正洋,永田博之,,202005010301
9,3,5,ローズブランシェ,牝3,54,武士沢友,1:21.3,1/2,**,,,,,8-7,38.5,84.5,11,436(-8),,,,[東]小桧山悟,島川隆哉,,202005010301
10,3,6,ビッグセント,牡3,56,北村宏司,1:21.3,アタマ,**,,,,,10-10,37.8,226.8,13,452(+4),,,,[東]田中清隆,ビッグ,,202005010301
11,2,3,シゲルナガレボシ,牝3,53,菊沢一樹,1:21.7,2.1/2,**,,,,,7-7,38.8,118.3,12,450(+6),,,,[東]浅野洋一,森中蕃,,202005010301
12,8,16,ダンブルドア,牡3,56,嘉藤貴行,1:21.7,ハナ,**,,,,,14-14,37.4,46.5,10,534(+4),,,,[東]田中清隆,嶋田賢,,202005010301
13,6,12,レイニーウェイ,牡3,56,大野拓弥,1:22.2,3,**,,,,,10-11,38.5,33.4,9,456(+4),,,,[東]田島俊明,鈴木邦英,,202005010301
14,6,11,ナックライオン,牡3,54,木幡育也,1:22.2,クビ,**,,,,,12-13,38.0,321.1,14,524(+3),,,,[東]杉浦宏昭,小松欣也,,202005010301
14,8,15,クンクンクン,牝3,54,岩部純二,1:22.2,同着,**,,,,,16-16,36.6,381.3,15,438(-4),,,,[東]加藤和宏,ミルファーム,,202005010301
16,7,14,ゴーイングヒーロー,牡3,56,宮崎北斗,1:22.5,1.3/4,**,,,,,14-14,38.1,472.7,16,422(+14),,,,[東]松山将樹,スリースターズレーシング,,202005010301
1,5,10,レッチェバロック,牝3,54,ルメール,1:25.1,,**,,,,,1-1,36.9,2.1,1,484(0),,,,[東]藤沢和雄,吉田和美,600.0,202005010302
2,6,12,プレシャスガール,牝3,54,津村明秀,1:27.1,大,**,,,,,4-4,38.4,2.5,2,458(0),,,,[西]藤岡健一,ニューワールドレーシング,240.0,202005010302
3,8,16,バルボア,牡3,56,横山和生,1:27.8,4,**,,,,,3-2,39.4,42.6,8,476(0),,,,[西]飯田祐史,カナヤマホールディングス,150.0,202005010302
4,1,2,ニシノリーチキング,牡3,56,松岡正海,1:27.9,1/2,**,,,,,5-5,39.0,7.4,3,506(0),,,,[東]松山将樹,西山茂行,90.0,202005010302
5,7,14,ヤマタケヴォイス,牡3,56,岩部純二,1:28.3,2.1/2,**,,,,,2-2,39.9,15.2,4,478(0),,,,[東]萱野浩二,山中和子,60.0,202005010302
6,2,4,アイドルヲサガセ,牝3,54,田辺裕信,1:28.4,3/4,**,,,,,8-8,38.5,24.3,5,446(0),,,,[東]小西一男,福田光博,,202005010302
7,1,1,ポッシビリテ,牝3,54,江田照男,1:29.0,3.1/2,**,,,,,7-7,39.6,64.5,10,510(0),,,,[東]田中剛,ノースヒルズ,,202005010302
8,8,15,サーブルルミエール,牡3,56,武藤雅,1:29.2,1.1/2,**,,,,,5-6,40.2,81.4,11,460(0),,,,[東]伊藤大士,落合幸弘,,202005010302
9,3,5,ジネン,牡3,56,吉田豊,1:30.9,大,**,,,,,11-12,39.1,37.9,7,476(0),,,,[西]高橋義忠,杉山忠国,,202005010302
10,4,7,スズカワッペン,牝3,53,野中悠太,1:31.3,2.1/2,**,,,,,8-10,39.9,273.1,15,390(0),,,,[東]小島茂之,永井啓弍,,202005010302
11,7,13,ノアエリザベス,牝3,54,武士沢友,1:31.8,3,**,,,,,12-10,40.3,197.2,12,416(0),,,,[東]古賀史生,佐山公男,,202005010302
12,5,9,グラスエメラルダ,牝3,53,菊沢一樹,1:32.0,1.1/2,**,,,,,14-14,39.0,54.4,9,418(0),,,,[東]松山将樹,半沢,,202005010302
13,3,6,ヴォロンティエ,牝3,54,大野拓弥,1:32.0,ハナ,**,,,,,13-14,39.0,34.6,6,418(0),,,,[東]小島茂之,清宮義男,,202005010302
14,6,11,ミニマムーン,牝3,54,内田博幸,1:32.0,クビ,**,,,,,14-13,39.2,225.8,14,428(0),,,,[東]松山将樹,明栄商事,,202005010302
15,2,3,ハリスン,牡3,56,柴田未崎,1:32.7,4,**,,,,,8-9,41.5,216.1,13,454(0),,,,[東]和田雄二,薪浦亨,,202005010302
16,4,8,ハピネスサンダー,牡3,56,伊藤工真,1:34.2,9,**,,,,,16-16,39.6,355.2,16,498(0),,,,[東]本間忍,大島芳子,,202005010302
1,3,5,カフェスペランツァ,牡3,56,北村宏司,1:38.9,,**,,,,,4-4,37.2,13.8,6,502(+4),,,,[東]中舘英二,西川恭子,510.0,202005010303
2,8,16,ディーエスプルーフ,牡3,56,ルメール,1:39.6,4,**,,,,,7-7,37.7,3.0,1,452(+4),,,,[東]伊藤圭三,秋谷壽之,200.0,202005010303
3,1,1,カッチョカバロ,牡3,56,石橋脩,1:39.7,3/4,**,,,,,1-1,38.3,3.6,2,496(+6),,,,[東]牧光二,平田修,130.0,202005010303
4,8,15,サイモンルグラン,牡3,56,田辺裕信,1:39.8,3/4,**,,,,,10-7,37.9,5.7,3,494(-4),,,,[東]勢司和浩,澤田昭紀,77.0,202005010303
5,7,14,アバグネイル,牡3,56,ミナリク,1:39.9,1/2,**,,,,,10-10,37.7,9.7,5,506(+6),,,,[東]手塚貴久,シルクレーシング,51.0,202005010303
6,6,12,トリトン,牡3,56,内田博幸,1:39.9,アタマ,**,,,,,4-4,38.3,7.1,4,510(+18),,,,[東]古賀慎明,村野康司,,202005010303
7,2,3,セイカタチバナ,牡3,56,津村明秀,1:40.0,クビ,**,,,,,7-7,38.1,81.7,13,482(0),,,,[東]南田美知,久米大,,202005010303
8,1,2,コスモケルビン,牡3,56,木幡巧也,1:40.5,3,**,,,,,2-2,39.0,64.2,11,514(+28),,,,[東]佐藤吉勝,ビッグレッドファーム,,202005010303
9,4,8,レベンディス,牡3,56,丸山元気,1:40.5,クビ,**,,,,,12-10,38.3,31.0,7,502(-2),,,,[東]高柳瑞樹,シルクレーシング,,202005010303
10,3,6,セントガブリエル,牝3,53,菊沢一樹,1:40.7,1,**,,,,,4-6,38.9,34.1,8,448(-10),,,,[東]菊沢隆徳,馬目卓,,202005010303
11,5,10,イッツオーライト,牡3,56,柴田善臣,1:40.8,3/4,**,,,,,13-13,38.3,39.0,9,450(-6),,,,[東]竹内正洋,田島榮二郎,,202005010303
12,2,4,アカリリチャード,牡3,55,野中悠太,1:41.6,5,**,,,,,13-13,39.2,280.3,16,472(0),,,,[東]上原博之,小林祥晃,,202005010303
13,4,7,セイウンハテンコウ,牡3,56,武士沢友,1:42.0,2.1/2,**,,,,,15-15,39.2,81.0,12,506(0),,,,[東]武市康男,西山茂行,,202005010303
14,5,9,ソルレオーネ,牡3,56,大野拓弥,1:42.3,2,**,,,,,2-2,40.8,56.1,10,486(-2),,,,[東]大竹正博,ＹＧＧホースクラブ,,202005010303
15,7,13,ユニバーサルタイム,牡3,56,宮崎北斗,1:42.5,3/4,**,,,,,15-16,39.5,152.2,14,494(+2),,,,[東]中川公成,山上和良,,202005010303
16,6,11,キタノリベラル,牡3,56,江田照男,1:45.8,大,**,,,,,7-10,43.7,201.0,15,516(+10),,,,[東]小笠倫弘,北所直人,,202005010303
1,7,13,ムーランアンディゴ,牡3,56,大野拓弥,1:26.0,,**,,,,,8-8,36.8,2.2,1,486(+2),,,,[東]田中博康,村上卓史,730.0,202005010304
2,4,7,カイアワセ,牝3,54,武士沢友,1:26.1,3/4,**,,,,,8-8,37.0,120.6,14,436(-2),,,,[東]星野忍,内田玄祥,290.0,202005010304
3,3,4,テンサイドカップ,牝3,54,内田博幸,1:26.2,1/2,**,,,,,5-5,37.3,21.3,8,466(0),,,,[東]矢野英一,天白泰司,180.0,202005010304
4,6,11,スズカコーズマンボ,牡3,56,北村宏司,1:26.3,1/2,**,,,,,15-15,36.4,13.2,5,476(+12),,,,[東]伊藤圭三,永井啓弍,110.0,202005010304
5,6,10,ミツカネプリンス,牡3,56,津村明秀,1:26.4,3/4,**,,,,,12-11,37.0,27.2,11,450(0),,,,[東]鈴木伸尋,小山田満,73.0,202005010304
6,5,8,ファイヴレター,牡3,55,菊沢一樹,1:26.7,2,**,,,,,8-8,37.5,72.9,13,448(+4),,,,[東]佐藤吉勝,熊坂俊一,,202005010304
7,3,5,プリンサン,牝3,54,武藤雅,1:26.8,クビ,**,,,,,12-11,37.4,166.3,15,424(0),,,,[東]伊藤圭三,是枝浩平,,202005010304
8,1,1,ハヤブサペコムスメ,牝3,54,松岡正海,1:27.0,1.1/4,**,,,,,2-2,38.3,28.9,12,454(+2),,,,[東]尾形和幸,武田修,,202005010304
9,5,9,メイショウユリシス,牝3,54,柴田善臣,1:27.0,アタマ,**,,,,,14-14,37.3,9.9,4,466(-2),,,,[西]高橋亮,松本好隆,,202005010304
10,8,15,ナムラボス,牡3,56,丸山元気,1:27.2,1.1/2,**,,,,,1-1,38.8,25.6,10,460(+2),,,,[西]羽月友彦,奈村睦弘,,202005010304
11,8,14,サトノポーラスター,牡3,56,ミナリク,1:27.3,1/2,**,,,,,2-2,38.7,9.1,3,512(-2),,,,[東]大和田成,サトミホースカンパニー,,202005010304
12,4,6,ペイシャチャーム,牝3,54,横山和生,1:27.4,クビ,**,,,,,5-5,38.4,17.4,7,442(0),,,,[東]高市圭二,北所直人,,202005010304
13,7,12,アポロティアモ,牡3,56,石川裕紀,1:27.5,3/4,**,,,,,5-5,38.5,6.4,2,492(0),,,,[東]岩戸孝樹,アポロサラブレッドクラブ,,202005010304
14,2,3,ハディア,牡3,56,石橋脩,1:28.1,3.1/2,**,,,,,2-2,39.5,22.0,9,468(+14),,,,[東]粕谷昌央,ターフ・スポート,,202005010304
15,2,2,セレンディピア,牡3,54,木幡育也,1:28.4,1.3/4,**,,,,,11-11,39.1,13.9,6,460(-2),,,,[東]尾形和幸,ノルマンディーサラブレッドレーシング,,202005010304
1,8,16,スパングルドスター,牝3,54,Ｍ．デム,1:49.3,,**,,,,,4-4-2,34.4,4.6,2,434(-10),,,,[東]藤沢和雄,社台レースホース,510.0,202005010305
2,6,11,レッドペルーシュ,牝3,54,田中勝春,1:49.3,クビ,**,,,,,14-13-13,33.7,79.7,11,406(-2),,,,[東]宗像義忠,東京ホースレーシング,200.0,202005010305
3,7,13,コトブキテティス,牝3,54,武藤雅,1:49.3,ハナ,**,,,,,10-11-11,33.8,2.4,1,426(-6),,,,[東]田島俊明,尾上松壽,130.0,202005010305
4,3,6,アプローズユウ,牝3,54,丸山元気,1:49.7,2.1/2,**,,,,,6-6-5,34.6,20.4,7,464(-6),,,,[東]手塚貴久,星野壽市,77.0,202005010305
5,1,1,オウケンザパール,牝3,54,木幡巧也,1:49.8,1/2,**,,,,,16-15-15,34.0,149.2,14,442(-2),,,,[東]国枝栄,福井明,51.0,202005010305
6,3,5,ガルナッチャ,牝3,54,横山和生,1:49.8,ハナ,**,,,,,10-8-8,34.5,7.0,4,438(-4),,,,[東]高市圭二,チームユッキレーシング,,202005010305
7,6,12,カナワン,牝3,54,吉田豊,1:50.0,1,**,,,,,10-11-11,34.5,119.3,12,448(+10),,,,[東]竹内正洋,由井健太郎,,202005010305
8,5,9,ソスピタ,牝3,53,野中悠太,1:50.1,3/4,**,,,,,4-4-5,35.1,5.6,3,428(-14),,,,[東]畠山吉宏,ビッグレッドファーム,,202005010305
9,4,8,デュアルネイチャー,牝3,54,内田博幸,1:50.1,クビ,**,,,,,6-6-5,35.1,45.9,10,440(-6),,,,[東]国枝栄,Ｇ１レーシング,,202005010305
10,8,15,ユースフルラヴ,牝3,54,津村明秀,1:50.1,アタマ,**,,,,,6-8-8,34.9,34.0,8,412(-2),,,,[東]田中博康,吉田晴哉,,202005010305
11,2,4,ルレーヴドゥリリ,牝3,54,松岡正海,1:50.2,クビ,**,,,,,6-8-8,35.0,35.5,9,486(+2),,,,[東]田中剛,加藤誠,,202005010305
12,7,14,パンゲア,牝3,54,北村宏司,1:50.6,2.1/2,**,,,,,1-3-2,35.8,13.3,5,438(-4),,,,[東]伊藤大士,ニッシンホールディングス,,202005010305
13,1,2,グロワールポン,牝3,54,柴田善臣,1:50.9,2,**,,,,,14-15-15,35.0,189.9,15,474(-14),,,,[東]田中清隆,花野友象,,202005010305
14,2,3,セルフィーバイブス,牝3,53,菊沢一樹,1:51.0,クビ,**,,,,,10-13-13,35.3,147.3,13,448(+12),,,,[東]国枝栄,飯田正剛,,202005010305
15,4,7,デイジーテソーロ,牝3,52,木幡育也,1:51.3,2,**,,,,,2-2-2,36.4,272.6,16,414(-4),,,,[東]畠山吉宏,了徳寺健二ホールディングス,,202005010305
16,5,10,リメインオブザデイ,牝3,54,石川裕紀,1:51.5,1.1/4,**,,,,,2-1-1,36.9,18.1,6,402(+4),,,,[東]田島俊明,ビッグレッドファーム,,202005010305
1,2,2,エターナルボンド,牡3,56,田辺裕信,2:27.2,,**,,,,,3-4-4-2,34.2,5.6,4,510(+2),,,,[東]伊藤圭三,社台レースホース,510.0,202005010306
2,6,10,リアム,牡3,56,ルメール,2:27.5,1.3/4,**,,,,,10-2-2-2,34.6,2.3,1,520(0),,,,[東]萩原清,サンデーレーシング,200.0,202005010306
3,5,9,ウシュバテソーロ,牡3,56,江田照男,2:27.8,1.3/4,**,,,,,9-8-8-7,34.3,5.3,3,514(0),,,,[東]高木登,了徳寺健二ホールディングス,130.0,202005010306
4,1,1,ラインストリーム,牡3,56,武藤雅,2:28.5,4,**,,,,,13-13-11-10,34.9,32.9,8,452(+2),,,,[東]武藤善則,大澤繁昌,77.0,202005010306
5,2,3,カランクール,牝3,54,吉田豊,2:28.5,ハナ,**,,,,,4-6-7-7,35.1,25.2,6,474(-2),,,,[東]粕谷昌央,日進牧場,51.0,202005010306
6,4,6,マイロングタイム,牡3,56,村田一誠,2:28.6,1/2,**,,,,,4-6-6-5,35.4,259.5,12,450(-2),,,,[東]藤原辰雄,佐藤良二,,202005010306
7,6,11,ミスヒアリング,牝3,54,丸山元気,2:28.7,3/4,**,,,,,2-2-4-5,35.5,55.4,10,514(+28),,,,[東]根本康広,犬塚悠治郎,,202005010306
8,4,7,ハーツシンフォニー,牡3,56,柴田善臣,2:29.1,2.1/2,**,,,,,10-11-11-10,35.5,5.2,2,478(-2),,,,[東]戸田博文,ＤＭＭドリームクラブ,,202005010306
9,8,14,ケイアイタカプナ,牡3,56,大野拓弥,2:29.1,ハナ,**,,,,,6-4-3-2,36.2,45.5,9,462(0),,,,[東]田村康仁,亀田和弘,,202005010306
10,5,8,ハラハラドキドキ,牡3,55,野中悠太,2:29.1,クビ,**,,,,,7-10-10-10,35.4,74.1,11,452(0),,,,[東]久保田貴,廣崎利洋ＨＤ,,202005010306
11,8,15,コスモタイシ,牡3,56,ミナリク,2:29.3,1.1/2,**,,,,,1-1-1-1,36.4,31.8,7,468(+10),,,,[東]高橋祥泰,岡田繁幸,,202005010306
12,3,5,ベリンダアン,牝3,54,Ｍ．デム,2:30.5,7,**,,,,,14-14-13-13,36.5,8.9,5,420(-6),,,,[東]大竹正博,ＴＵＲＦレーシング,,202005010306
13,7,13,スカッターガン,牡3,56,井上敏樹,2:31.2,4,**,,,,,7-8-8-7,37.8,402.9,14,526(0),,,,[東]和田正一,木部厳生,,202005010306
中,3,4,ゴールドミッション,牡3,56,松岡正海,,,**,,,,,12-12-14-13,,272.5,13,480(+8),,,,[東]伊藤伸一,コスモヴューファーム,,202005010306
取,7,12,エドノフェリーチェ,牝3,54,津村明秀,,,**,,,,,,,---,,計不,,,,[東]相沢郁,遠藤喜松,,202005010306
1,8,16,アポロチーター,牡4,57,木幡巧也,1:19.6,,**,,,,,3-3,36.9,6.2,3,530(0),,,,[東]岩戸孝樹,アポロサラブレッドクラブ,760.0,202005010307
2,3,6,タイキメサイア,牡5,57,丸山元気,1:19.7,3/4,**,,,,,7-4,36.9,7.4,4,514(0),,,,[東]高橋祥泰,大樹ファーム,300.0,202005010307
3,4,8,カーリングストーン,牡4,56,菊沢一樹,1:19.8,1/2,**,,,,,7-8,36.3,48.9,12,470(+6),,,,[東]菊沢隆徳,國分純,190.0,202005010307
4,5,9,バットオールソー,牡5,57,石橋脩,1:20.1,2,**,,,,,14-12,36.2,31.4,10,476(+8),,,,[東]大和田成,久保田定,110.0,202005010307
5,6,11,デルマカミカゼ,牡5,57,横山和生,1:20.2,クビ,**,,,,,9-7,37.0,15.3,6,466(+8),,,,[東]小野次郎,浅沼廣幸,76.0,202005010307
6,7,13,フレンドアリス,牝5,55,柴田善臣,1:20.4,1,**,,,,,5-4,37.5,28.1,9,464(0),,,,[東]南田美知,横尾晴人,,202005010307
7,4,7,スポーカンテソーロ,牝4,55,江田照男,1:20.4,クビ,**,,,,,9-8,36.9,18.1,7,514(-12),,,,[東]加藤士津,了徳寺健二ホールディングス,,202005010307
8,3,5,スパーダ,牡5,57,武藤雅,1:20.6,1.1/4,**,,,,,3-4,37.7,2.4,1,496(-4),,,,[東]加藤士津,了徳寺健二ホールディングス,,202005010307
9,8,15,ワールドイズマイン,牝4,55,Ｍ．デム,1:20.7,クビ,**,,,,,2-2,38.3,5.4,2,458(+4),,,,[東]金成貴史,レッドマジック,,202005010307
10,1,1,ヤマニンシーベリー,牝6,54,野中悠太,1:20.7,アタマ,**,,,,,11-12,36.9,215.2,15,458(+2),,,,[東]黒岩陽一,土井肇,,202005010307
11,2,4,ガチコ,牝6,55,ミナリク,1:20.8,1/2,**,,,,,16-15,36.7,15.2,5,482(+8),,,,[東]高橋文雅,日東牧場,,202005010307
12,6,12,バルトフォンテン,牡5,57,石川裕紀,1:21.4,3.1/2,**,,,,,11-10,37.8,34.8,11,516(+10),,,,[東]高橋裕,吉橋興生,,202005010307
13,2,3,ディアバビアナ,牝5,55,吉田豊,1:21.6,1.1/4,**,,,,,13-12,37.8,126.5,14,502(+26),,,,[東]高橋裕,ディアレストクラブ,,202005010307
14,1,2,ゴールドタンバリン,牝5,53,木幡育也,1:21.9,1.3/4,**,,,,,14-15,37.8,81.8,13,428(-2),,,,[東]池上昌和,吉田和美,,202005010307
15,7,14,ミユキメガバックス,牡4,57,内田博幸,1:22.0,3/4,**,,,,,1-1,39.6,24.7,8,548(+1),,,,[東]清水英克,長井純一,,202005010307
16,5,10,クリノジョヴァンナ,牝5,55,宮崎北斗,1:27.8,大,**,,,,,5-10,44.2,364.9,16,462(+6),,,,[東]蛯名利弘,栗本博晴,,202005010307
1,6,11,ゴールドフレーム,セ4,57,大野拓弥,1:38.5,,**,,,,,3-3,36.3,10.9,7,478(0),,,,[東]新開幸一,外池榮一郎,760.0,202005010308
2,3,4,パイロテクニクス,セ4,57,ルメール,1:38.8,2,**,,,,,5-6,36.2,4.6,2,512(+8),,,,[東]武藤善則,シルクレーシング,300.0,202005010308
3,5,9,ロジギムレット,牡4,57,丸山元気,1:39.0,1,**,,,,,4-4,36.7,10.8,6,474(+16),,,,[東]国枝栄,久米田正明,190.0,202005010308
4,6,10,ライトカラカゼ,牡5,57,石川裕紀,1:39.2,1.1/4,**,,,,,5-6,36.5,5.7,4,474(-4),,,,[東]相沢郁,星野壽市,110.0,202005010308
5,8,15,オープンザウェイ,セ8,57,木幡巧也,1:39.4,1,**,,,,,11-11,36.2,167.6,13,472(+4),,,,[東]菊川正達,ディアレストクラブ,76.0,202005010308
6,4,7,ヨクエロマンボ,セ7,57,横山典弘,1:39.4,クビ,**,,,,,13-11,36.1,5.6,3,468(0),,,,[東]藤原辰雄,平井裕,,202005010308
7,1,1,ドーファン,セ5,57,吉田豊,1:39.5,1/2,**,,,,,12-13,36.0,38.6,8,532(+12),,,,[東]中川公成,シルクレーシング,,202005010308
8,2,2,ブルーエクセレンス,牡4,57,津村明秀,1:39.5,アタマ,**,,,,,5-4,37.1,3.9,1,482(0),,,,[東]金成貴史,ゴドルフィン,,202005010308
9,8,14,デストロイ,牡6,57,Ｍ．デム,1:39.6,1/2,**,,,,,9-9,36.6,6.6,5,524(+8),,,,[東]高橋裕,諸岡慶,,202005010308
10,5,8,アールグランツ,牡4,57,武藤雅,1:39.9,2,**,,,,,2-2,38.0,62.9,10,476(+2),,,,[東]鈴木伸尋,前原敏行,,202005010308
11,3,5,クリスエステソーロ,牡5,57,江田照男,1:40.0,3/4,**,,,,,1-1,38.2,69.4,11,512(0),,,,[東]加藤士津,了徳寺健二ホールディングス,,202005010308
12,4,6,ヤサカリベルテ,牡4,57,柴田善臣,1:40.8,5,**,,,,,9-9,37.9,267.6,14,464(+10),,,,[東]水野貴広,志邑宣彦,,202005010308
13,2,3,サンマルライバル,牡6,57,嘉藤貴行,1:41.0,1.1/4,**,,,,,8-6,38.3,374.3,15,482(+10),,,,[東]佐藤吉勝,相馬勇,,202005010308
14,7,13,ジョイナイト,牡4,56,菊沢一樹,1:45.7,大,**,,,,,15-15,40.9,113.7,12,502(+6),,,,[東]武市康男,西村亮二,,202005010308
15,7,12,ジェイエルノブレス,牝5,55,田辺裕信,1:45.9,1.1/2,**,,,,,13-14,42.3,39.5,9,464(+2),,,,[東]小西一男,橋元幸人,,202005010308
1,5,10,ビッククインバイオ,牝3,54,大野拓弥,1:21.7,,**,,,,,3-3,34.2,4.6,2,476(-2),,,,[東]牧光二,バイオ,"1,045.7",202005010309
2,3,6,クリノプレミアム,牝3,54,丸山元気,1:21.8,1/2,**,,,,,5-6,34.1,7.7,4,454(-8),,,,[東]伊藤伸一,栗本博晴,410.2,202005010309
3,8,16,バトルカグヤ,牝3,54,津村明秀,1:22.1,2,**,,,,,1-1,35.2,34.1,10,452(0),,,,[西]本田優,宮川秋信,255.1,202005010309
4,4,8,ダイワクンナナ,牝3,54,北村宏司,1:22.2,クビ,**,,,,,7-6,34.5,8.7,5,486(-8),,,,[東]国枝栄,大城敬三,150.0,202005010309
5,6,11,シベール,牝3,54,Ｍ．デム,1:22.2,クビ,**,,,,,10-8,34.4,4.1,1,450(-4),,,,[東]久保田貴,ロードホースクラブ,101.0,202005010309
6,1,2,フィオリキアリ,牝3,54,宮崎北斗,1:22.2,アタマ,**,,,,,7-10,34.2,13.8,7,432(-2),,,,[西]清水久詞,槙和美,,202005010309
7,5,9,コミカライズ,牝3,54,横山典弘,1:22.5,2,**,,,,,9-8,34.7,5.6,3,454(0),,,,[東]和田勇介,吉田照哉,,202005010309
8,2,4,スウィートメリナ,牝3,54,田辺裕信,1:22.6,クビ,**,,,,,10-10,34.6,22.8,9,424(0),,,,[東]菊川正達,岡田牧雄,,202005010309
9,8,15,エレガンテレイナ,牝3,54,武藤雅,1:22.6,ハナ,**,,,,,14-13,34.3,38.2,11,432(0),,,,[東]高柳瑞樹,グリーンファーム,,202005010309
10,6,12,ビオグラフィー,牝3,54,ミナリク,1:22.6,アタマ,**,,,,,3-3,35.1,19.5,8,464(+2),,,,[西]藤岡健一,シルクレーシング,,202005010309
11,1,1,クイックレス,牝3,54,石川裕紀,1:22.7,1/2,**,,,,,10-13,34.4,150.5,15,444(+4),,,,[東]中舘英二,中村祐子,,202005010309
12,3,5,セイラブミー,牝3,54,内田博幸,1:22.7,ハナ,**,,,,,14-13,34.4,350.6,16,438(-6),,,,[東]伊藤大士,ミルファーム,,202005010309
13,4,7,スリリングドリーム,牝3,54,ルメール,1:23.1,2.1/2,**,,,,,10-10,35.0,9.0,6,446(+2),,,,[東]小野次郎,サラブレッドクラブ・ラフィアン,,202005010309
14,7,13,ハニーリン,牝3,54,吉田豊,1:23.3,1.1/4,**,,,,,5-5,35.7,62.1,12,466(-2),,,,[東]堀井雅広,西森功,,202005010309
15,2,3,メイプルプレゼント,牝3,54,森裕太朗,1:23.3,クビ,**,,,,,14-16,34.7,92.1,13,446(+2),,,,[東]高市圭二,節英司,,202005010309
16,7,14,フィドル,牝3,54,横山和生,1:24.4,7,**,,,,,2-2,37.1,148.7,14,422(-8),,,,[東]高市圭二,山本武司,,202005010309
1,1,1,サトノラディウス,牡4,56,ルメール,2:25.5,,**,,,,,4-5-8-9,34.6,1.4,1,490(+6),,,,[東]国枝栄,サトミホースカンパニー,"1,524.5",202005010310
2,5,5,パルティアーモ,牝4,52,津村明秀,2:25.6,3/4,**,,,,,6-5-2-2,35.1,8.7,2,494(+20),,,,[東]池上昌和,サンデーレーシング,607.0,202005010310
3,2,2,クリノオスマン,セ6,54,Ｍ．デム,2:26.0,2.1/2,**,,,,,2-2-4-5,35.3,12.7,4,456(0),,,,[東]伊藤伸一,栗本博晴,383.5,202005010310
4,8,11,カーロバンビーナ,牝5,54,石橋脩,2:26.1,1/2,**,,,,,9-9-9-7,35.3,36.5,9,412(0),,,,[東]戸田博文,社台レースホース,230.0,202005010310
5,7,8,タンタフエルサ,牡5,55,田辺裕信,2:26.1,クビ,**,,,,,10-10-10-10,35.0,26.8,8,450(-6),,,,[東]国枝栄,Ｇ１レーシング,150.0,202005010310
6,6,7,レッドボヌール,牝6,53,田中勝春,2:26.3,1.1/4,**,,,,,10-10-10-10,35.2,16.3,5,432(+2),,,,[東]宗像義忠,東京ホースレーシング,,202005010310
7,4,4,ヴァンクールシルク,セ6,55,丸山元気,2:27.2,5,**,,,,,7-7-7-7,36.4,24.5,7,576(+2),,,,[東]木村哲也,シルクレーシング,,202005010310
8,8,10,コスモジャーベ,牡7,54,武藤雅,2:27.4,1.1/4,**,,,,,7-7-2-2,36.9,50.9,11,492(0),,,,[東]和田雄二,ビッグレッドファーム,,202005010310
9,7,9,アランブレラ,牡5,55,北村宏司,2:27.6,1.1/4,**,,,,,4-4-4-4,37.0,10.4,3,556(+16),,,,[東]尾関知人,キャロットファーム,,202005010310
10,6,6,ヴィエナブロー,牝4,52,野中悠太,2:27.9,1.3/4,**,,,,,1-1-1-1,37.5,19.0,6,454(+2),,,,[東]林徹,吉田千津,,202005010310
11,3,3,エスティーム,牡6,55,内田博幸,2:28.5,3.1/2,**,,,,,2-2-4-5,37.8,46.0,10,524(-2),,,,[東]高橋祥泰,岡田繁幸,,202005010310
1,3,5,ウーリリ,牡4,57,津村明秀,1:33.5,,**,,,,,3-2,34.1,7.6,4,500(-6),,,,[西]友道康夫,金子真人ホールディングス,"1,855.0",202005010311
2,8,16,ルーカス,牡5,57,Ｍ．デム,1:33.5,ハナ,**,,,,,3-2,34.1,8.2,5,514(+2),,,,[東]堀宣行,シルクレーシング,740.0,202005010311
3,7,13,ヴィッテルスバッハ,牡4,57,石橋脩,1:33.6,1/2,**,,,,,12-10,33.7,7.3,3,474(+10),,,,[東]池上昌和,キャロットファーム,465.0,202005010311
4,1,2,トーセンブレス,牝5,55,大野拓弥,1:33.6,アタマ,**,,,,,10-12,33.6,15.4,6,472(+4),,,,[東]加藤征弘,島川隆哉,270.0,202005010311
5,1,1,アントリューズ,牡4,57,田辺裕信,1:33.7,3/4,**,,,,,13-13,33.4,3.3,2,500(+4),,,,[東]栗田徹,山口功一郎,182.0,202005010311
6,5,10,ボーダーオブライフ,牡6,57,伊藤工真,1:33.8,1/2,**,,,,,5-5,34.3,135.8,12,498(0),,,,[東]金成貴史,レッドマジック,,202005010311
7,4,8,ドルチャーリオ,牡7,57,田中勝春,1:33.8,ハナ,**,,,,,6-6,34.2,205.5,14,446(-14),,,,[西]池添兼雄,ゴドルフィン,,202005010311
8,2,3,スイープセレリタス,牝4,55,ルメール,1:34.0,1.1/4,**,,,,,6-7,34.2,2.8,1,504(+12),,,,[東]藤沢和雄,シルクレーシング,,202005010311
9,8,15,トーラスジェミニ,牡4,57,木幡育也,1:34.0,クビ,**,,,,,1-1,34.8,78.9,10,490(+2),,,,[東]小桧山悟,柴原榮,,202005010311
10,2,4,オールザゴー,牡6,57,丸山元気,1:34.0,ハナ,**,,,,,6-7,34.3,49.2,9,506(-2),,,,[西]矢作芳人,サンデーレーシング,,202005010311
11,6,11,レノーア,牝4,55,石川裕紀,1:34.0,アタマ,**,,,,,2-2,34.7,24.5,7,418(+2),,,,[東]相沢郁,畑佐博,,202005010311
12,7,14,スモークフリー,牡8,57,武藤雅,1:34.1,1/2,**,,,,,16-16,33.6,483.8,16,538(-4),,,,[東]戸田博文,社台レースホース,,202005010311
13,6,12,リカビトス,牝6,55,北村宏司,1:34.2,クビ,**,,,,,13-13,34.0,29.1,8,444(+12),,,,[東]奥村武,キャロットファーム,,202005010311
14,4,7,エクレアスパークル,牡6,57,内田博幸,1:34.4,1.1/4,**,,,,,13-13,34.2,157.5,13,468(+2),,,,[東]大和田成,李柱坤,,202005010311
15,5,9,チャンピオンルパン,牡9,57,横山和生,1:34.6,1.1/4,**,,,,,9-7,34.9,82.6,11,510(-4),,,,[東]勢司和浩,坪野谷和平,,202005010311
16,3,6,ルグランパントル,セ8,57,野中悠太,1:35.0,2.1/2,**,,,,,10-10,35.1,465.8,15,480(-10),,,,[東]稲垣幸雄,ノルマンディーサラブレッドレーシング,,202005010311
1,1,1,サンチェサピーク,牡6,57,Ｍ．デム,1:37.1,,**,,,,,4-4,37.1,7.7,4,528(+2),,,,[東]加藤征弘,加藤ステーブル,"1,100.0",202005010312
2,8,15,セイヴァリアント,牡4,57,吉田豊,1:37.3,1.1/4,**,,,,,13-13,36.6,4.0,1,498(+2),,,,[東]中川公成,金田成基,440.0,202005010312
3,3,4,テイエムグッドマン,牡6,57,横山典弘,1:37.3,アタマ,**,,,,,7-6,37.2,21.9,9,498(+16),,,,[西]武英智,竹園正繼,280.0,202005010312
4,2,3,エンドーツダ,牝4,55,岩部純二,1:37.3,アタマ,**,,,,,14-14,36.4,17.8,8,450(-4),,,,[東]萱野浩二,望月雅博,170.0,202005010312
5,5,8,シャドウセッション,牡4,57,ミナリク,1:37.3,ハナ,**,,,,,11-11,36.7,4.3,2,522(-2),,,,[東]鹿戸雄一,飯塚知一,110.0,202005010312
6,7,12,トーセンヴィータ,牡5,57,武藤雅,1:38.1,5,**,,,,,2-2,38.4,15.8,5,540(+2),,,,[東]古賀慎明,島川隆哉,,202005010312
7,7,13,キタサンタイドー,牡5,57,田中勝春,1:38.1,アタマ,**,,,,,8-9,37.7,17.2,7,514(+4),,,,[西]清水久詞,大野商事,,202005010312
8,6,11,イッツリット,牡4,57,田辺裕信,1:38.1,クビ,**,,,,,2-2,38.4,35.8,11,496(+16),,,,[東]和田正一,ノースヒルズ,,202005010312
9,3,5,スパイスマジック,セ5,57,大野拓弥,1:38.2,1/2,**,,,,,8-6,38.0,23.3,10,488(+18),,,,[東]杉浦宏昭,社台レースホース,,202005010312
10,6,10,オンザウェイ,牡4,57,津村明秀,1:38.3,3/4,**,,,,,11-11,37.8,69.5,14,528(0),,,,[東]大和田成,久保田定,,202005010312
11,8,14,リープリングスター,セ4,57,ルメール,1:38.4,クビ,**,,,,,8-9,38.0,4.7,3,554(+14),,,,[東]木村哲也,保坂和孝,,202005010312
12,2,2,サニークラウド,牡4,57,石橋脩,1:38.7,2,**,,,,,15-15,37.7,36.0,12,496(+4),,,,[東]牧光二,高嶋祐子,,202005010312
13,4,7,グランサム,セ5,57,北村宏司,1:38.9,1,**,,,,,6-6,38.8,42.7,13,470(+6),,,,[東]古賀慎明,キャロットファーム,,202005010312
14,5,9,アポロマーキュリー,牝6,55,丸山元気,1:39.3,2.1/2,**,,,,,4-4,39.4,75.7,15,470(-8),,,,[東]鈴木伸尋,アポロサラブレッドクラブ,,202005010312
15,4,6,スズカアーチスト,牝5,53,木幡育也,1:39.4,クビ,**,,,,,1-1,39.8,16.2,6,470(-4),,,,[東]伊藤圭三,永井啓弍,,202005010312
1,7,14,ペルシャンジュエル,牝3,54,Ｍ．デム,1:26.9,,**,,,,,10-7,37.1,3.2,2,436(-4),,,,[東]金成貴史,深澤朝房,510.0,202005010401
2,5,9,セルフィー,牝3,54,ルメール,1:27.0,3/4,**,,,,,3-3,37.7,2.1,1,454(-6),,,,[東]藤沢和雄,フクキタル,200.0,202005010401
3,4,7,トリッチトラッチ,牝3,54,田辺裕信,1:27.3,1.3/4,**,,,,,13-11,37.3,5.8,3,420(-6),,,,[東]伊藤圭三,ライオンレースホース,130.0,202005010401
4,1,1,ユールファーナ,牝3,54,丸山元気,1:27.8,3,**,,,,,7-7,38.1,18.0,5,416(-6),,,,[東]和田勇介,キャロットファーム,77.0,202005010401
5,6,12,クロキシ,牝3,54,木幡巧也,1:28.0,1,**,,,,,13-14,37.7,359.8,15,406(0),,,,[東]和田雄二,門野重雄,51.0,202005010401
6,3,6,モノポリーアイズ,牝3,54,横山典弘,1:28.2,1.1/4,**,,,,,7-7,38.4,12.5,4,440(+6),,,,[東]武井亮,吉田照哉,,202005010401
7,8,16,パーティネント,牝3,54,津村明秀,1:28.4,1.1/4,**,,,,,4-4,38.9,22.2,6,470(+6),,,,[東]岩戸孝樹,ゴドルフィン,,202005010401
8,3,5,ジニアテソーロ,牝3,54,武藤雅,1:28.7,1.3/4,**,,,,,1-1,40.0,91.2,12,462(+10),,,,[東]奥平雅士,了徳寺健二ホールディングス,,202005010401
9,1,2,カンタベリーアロマ,牝3,54,武士沢友,1:28.7,アタマ,**,,,,,10-11,38.7,178.6,14,426(-2),,,,[東]星野忍,峰哲馬,,202005010401
10,2,3,タイセイプルミエ,牝3,54,ミナリク,1:28.7,ハナ,**,,,,,13-14,38.4,38.6,8,464(-6),,,,[東]青木孝文,田中成奉,,202005010401
11,4,8,ラッキービープラン,牝3,54,伊藤工真,1:28.7,クビ,**,,,,,7-7,38.9,56.9,9,474(0),,,,[東]宗像義忠,薗部博之,,202005010401
12,6,11,ヴィエリチカ,牝3,54,石川裕紀,1:28.8,クビ,**,,,,,10-11,38.8,69.9,10,442(-10),,,,[東]相沢郁,畑佐博,,202005010401
13,2,4,カスミ,牝3,53,菊沢一樹,1:29.2,2.1/2,**,,,,,4-4,39.8,70.7,11,466(-6),,,,[東]松山将樹,ノルマンディーサラブレッドレーシング,,202005010401
14,7,13,ハヤブサピアーノ,牝3,54,大野拓弥,1:30.4,7,**,,,,,4-4,40.9,27.5,7,460(+2),,,,[東]高柳瑞樹,武田修,,202005010401
15,5,10,ララスカート,牝3,54,内田博幸,1:30.8,2.1/2,**,,,,,16-16,39.1,683.7,16,414(-6),,,,[東]田中剛,松村真司,,202005010401
16,8,15,ナックローズ,牝3,52,木幡育也,1:31.4,4,**,,,,,2-2,42.3,170.0,13,416(+6),,,,[東]杉浦宏昭,小松欣也,,202005010401
1,2,3,トラモント,牡3,56,ミナリク,2:15.0,,**,,,,,15-11-11-8,36.6,2.4,1,502(-16),,,,[東]新開幸一,シルクレーシング,510.0,202005010402
2,5,9,レオファイナリスト,牡3,56,木幡巧也,2:15.3,2,**,,,,,5-5-4-4,37.6,8.1,4,476(-4),,,,[東]牧光二,レオ,200.0,202005010402
3,3,4,ロドルフォブレイン,牡3,56,石橋脩,2:15.8,3,**,,,,,9-8-2-2,38.3,8.3,5,530(-10),,,,[東]尾関知人,エンジェルレーシング,130.0,202005010402
4,8,14,トーセンワンダー,牡3,56,吉田豊,2:16.1,2,**,,,,,7-8-4-3,38.5,4.1,2,512(+8),,,,[東]古賀史生,島川隆哉,77.0,202005010402
5,7,12,キークラウン,牡3,55,野中悠太,2:16.4,1.3/4,**,,,,,11-10-9-6,38.2,11.4,6,494(-4),,,,[東]黒岩陽一,北前孔一郎,51.0,202005010402
6,6,11,ハイテイブルース,牡3,54,木幡育也,2:16.4,アタマ,**,,,,,10-11-11-12,37.3,41.3,8,476(+2),,,,[東]田島俊明,中地賢次郎,,202005010402
7,2,2,マルターズデセオ,牡3,56,武藤雅,2:17.6,7,**,,,,,7-6-7-8,39.1,17.5,7,484(-2),,,,[東]手塚貴久,藤田在子,,202005010402
8,6,10,アルコンシチー,牡3,56,石川裕紀,2:17.7,1/2,**,,,,,3-3-2-4,39.9,45.7,10,460(0),,,,[東]相沢郁,友駿ホースクラブ,,202005010402
9,3,5,カラヤン,牡3,56,武士沢友,2:17.8,クビ,**,,,,,11-14-13-10,39.1,43.1,9,476(-8),,,,[東]小桧山悟,三岡陽,,202005010402
10,7,13,セイリングバリュー,牝3,54,津村明秀,2:17.9,1/2,**,,,,,1-2-1-1,40.5,7.6,3,502(-2),,,,[東]鈴木伸尋,吉田照哉,,202005010402
11,4,7,サバイバルボス,牡3,56,井上敏樹,2:18.0,3/4,**,,,,,3-3-4-7,39.7,169.8,12,494(-12),,,,[東]和田雄二,福田光博,,202005010402
12,5,8,メイショウフガク,牡3,55,菊沢一樹,2:18.4,2.1/2,**,,,,,11-14-13-14,39.0,246.1,13,464(-6),,,,[東]和田勇介,松本好雄,,202005010402
13,1,1,ファナティックエロ,牡3,56,横山和生,2:18.5,クビ,**,,,,,11-11-9-10,39.7,168.4,11,494(-8),,,,[東]奥村武,ラ・メール,,202005010402
14,8,15,ムービングブレイド,牡3,56,宮崎北斗,2:22.4,大,**,,,,,5-6-15-15,42.0,444.4,15,490(-4),,,,[東]高橋祥泰,山上和良,,202005010402
15,4,6,ソリスト,牡3,56,江田照男,2:22.4,クビ,**,,,,,2-1-7-13,43.2,272.2,14,472(-2),,,,[東]佐藤吉勝,スピードファーム,,202005010402
1,8,16,バルサミックムーン,牡3,56,吉田豊,1:40.1,,**,,,,,7-7,36.6,19.3,7,510(0),,,,[東]武藤善則,高橋文男,600.0,202005010403
2,5,9,キャッツアイ,牝3,54,岩田康誠,1:40.8,4,**,,,,,1-1,38.0,5.9,3,470(0),,,,[西]小崎憲,広尾レース,240.0,202005010403
3,2,3,ペンタグラム,牡3,56,田辺裕信,1:41.6,5,**,,,,,4-4,38.5,5.2,2,464(0),,,,[東]栗田徹,社台レースホース,150.0,202005010403
4,4,8,レハール,牡3,56,横山和生,1:41.8,1.1/4,**,,,,,2-2,38.8,48.9,11,430(0),,,,[東]勢司和浩,木村廣太,90.0,202005010403
5,7,13,ティケイプルメリア,牝3,54,Ｍ．デム,1:42.2,2.1/2,**,,,,,7-8,38.5,6.5,4,438(0),,,,[東]林徹,田畑勝彦,60.0,202005010403
6,2,4,ファイティング,牡3,56,江田照男,1:42.5,1.3/4,**,,,,,5-4,39.3,3.0,1,488(0),,,,[東]石毛善彦,田畑利彦,,202005010403
7,6,11,ラブエスポー,牝3,54,伊藤工真,1:42.5,アタマ,**,,,,,12-11,37.9,13.9,6,466(0),,,,[東]蛯名利弘,増田陽一,,202005010403
8,3,6,マッチザハッチ,牡3,56,ミナリク,1:42.6,1/2,**,,,,,9-9,38.4,21.3,8,478(0),,,,[東]萩原清,金子真人ホールディングス,,202005010403
9,3,5,ジョインザフロウ,牝3,54,丸山元気,1:43.1,3,**,,,,,12-11,38.4,10.5,5,498(0),,,,[東]奥村武,シルクレーシング,,202005010403
10,8,15,アシャカトライミー,牡3,56,田中勝春,1:43.5,2.1/2,**,,,,,5-4,40.4,29.5,10,494(0),,,,[東]加藤和宏,吉冨学,,202005010403
11,6,12,ヒスイクロシェット,牝3,54,武藤雅,1:44.0,3,**,,,,,11-10,39.6,59.4,12,412(0),,,,[東]相沢郁,吉井理人,,202005010403
12,1,2,ワンダーサーイター,牡3,56,菅原隆一,1:44.1,1/2,**,,,,,15-15,38.3,100.4,14,456(0),,,,[東]畠山吉宏,山本能成,,202005010403
13,5,10,ドナラフィナート,牝3,54,松田大作,1:44.5,2.1/2,**,,,,,2-2,41.5,116.3,15,402(0),,,,[東]高木登,山田貢一,,202005010403
14,1,1,ハロータイム,牡3,56,大庭和弥,1:44.9,2.1/2,**,,,,,12-14,39.7,96.8,13,488(0),,,,[東]高橋文雅,西城公雄,,202005010403
15,4,7,レイルチル,牡3,56,岩部純二,1:44.9,クビ,**,,,,,15-16,38.8,135.3,16,466(0),,,,[東]南田美知,上田忠男,,202005010403
16,7,14,オオカネヒラ,牡3,55,野中悠太,1:45.0,クビ,**,,,,,10-13,40.0,28.2,9,528(0),,,,[西]中竹和也,山口裕介,,202005010403
1,8,16,ホウオウクリスティ,牝4,55,津村明秀,1:38.3,,**,,,,,9-7,36.8,17.9,6,482(+16),,,,[東]池上昌和,小笹芳央,760.0,202005010404
2,7,14,シングシングシング,牝5,55,武藤雅,1:38.4,3/4,**,,,,,2-2,37.6,4.9,2,480(+6),,,,[東]伊藤大士,グリーンファーム,300.0,202005010404
3,7,13,グロリアーナ,牝4,55,ルメール,1:38.4,クビ,**,,,,,4-4,37.4,1.8,1,504(-12),,,,[東]木村哲也,サンデーレーシング,190.0,202005010404
4,5,9,ウエスタンマリーヤ,牝5,55,横山和生,1:38.9,3,**,,,,,6-6,37.6,205.1,13,482(-6),,,,[東]小野次郎,西川賢,110.0,202005010404
5,6,11,ハンドリー,牝5,55,ミナリク,1:39.1,1.1/2,**,,,,,11-9,37.4,31.0,7,464(+7),,,,[東]青木孝文,大倉佑介,76.0,202005010404
6,3,6,コンスタンティナ,牝4,55,Ｍ．デム,1:39.2,クビ,**,,,,,14-9,37.4,6.1,3,506(+24),,,,[東]中野栄治,山本三津子,,202005010404
7,3,5,ゴムマリ,牝5,55,吉田豊,1:39.2,ハナ,**,,,,,16-16,37.1,147.0,11,492(+2),,,,[東]浅野洋一,田頭勇貴,,202005010404
8,8,15,クロスパール,牝4,55,丸山元気,1:39.4,1.1/4,**,,,,,10-9,37.7,17.5,5,448(+6),,,,[東]勢司和浩,キャロットファーム,,202005010404
9,4,7,チビラーサン,牝4,55,田辺裕信,1:39.5,1/2,**,,,,,11-9,37.8,8.8,4,438(+2),,,,[東]中舘英二,瀬谷隆雄,,202005010404
10,2,4,カッチョエペペ,牝4,55,木幡巧也,1:39.6,1/2,**,,,,,4-4,38.6,33.8,8,446(+2),,,,[東]牧光二,平田修,,202005010404
11,2,3,アヴォンリー,牝4,55,江田照男,1:40.2,3.1/2,**,,,,,8-7,38.7,116.6,10,472(+10),,,,[東]竹内正洋,田中準市,,202005010404
12,5,10,ブーケオブジュエル,牝4,55,大野拓弥,1:40.2,アタマ,**,,,,,2-2,39.5,48.8,9,484(+4),,,,[東]加藤士津,社台レースホース,,202005010404
13,6,12,スターリバー,牝5,55,武士沢友,1:40.8,3.1/2,**,,,,,13-14,38.8,491.0,16,478(+18),,,,[東]星野忍,田頭勇貴,,202005010404
14,1,1,ケイツーシリング,牝5,54,菊沢一樹,1:40.9,3/4,**,,,,,14-14,38.9,420.0,15,414(+2),,,,[東]深山雅史,楠本勝美,,202005010404
15,4,8,マーヴェラスクイン,牝4,55,内田博幸,1:42.0,7,**,,,,,1-1,41.4,164.3,12,422(+4),,,,[東]古賀慎明,山本又一郎,,202005010404
16,1,2,ガビーズメモリー,牝4,55,柴田善臣,1:42.7,4,**,,,,,6-9,40.9,216.5,14,492(+2),,,,[東]藤原辰雄,長島和彦,,202005010404
1,3,6,オシリスブレイン,牡3,56,大野拓弥,1:35.1,,**,,,,,2-2,33.7,2.2,1,492(+2),,,,[東]田村康仁,エンジェルレーシング,510.0,202005010405
2,3,5,ツルネ,牝3,54,吉田豊,1:35.2,3/4,**,,,,,3-4,33.5,8.9,3,478(-2),,,,[東]高橋文雅,吉井理人,200.0,202005010405
3,2,3,シネマトグラフ,牝3,54,ルメール,1:35.4,1.1/2,**,,,,,1-1,34.1,3.3,2,456(-2),,,,[東]奥村武,江馬由将,130.0,202005010405
4,8,15,グランエクセレント,牡3,56,田辺裕信,1:35.6,1,**,,,,,8-7,33.6,13.3,5,512(0),,,,[東]石毛善彦,田畑利彦,77.0,202005010405
5,1,2,プラットフォーマー,牝3,54,津村明秀,1:35.8,1.1/4,**,,,,,7-7,33.9,23.4,7,448(+10),,,,[東]矢野英一,青山洋一,51.0,202005010405
6,7,14,シチリアフレイバー,牡3,56,福永祐一,1:35.9,3/4,**,,,,,6-4,34.1,9.8,4,472(+4),,,,[東]久保田貴,尾田信夫,,202005010405
7,1,1,ネバーランド,牡3,56,木幡巧也,1:36.2,2,**,,,,,3-4,34.5,163.5,12,430(+2),,,,[東]岩戸孝樹,田頭勇貴,,202005010405
8,6,12,マイネルアルモニコ,牡3,55,野中悠太,1:36.4,1.1/4,**,,,,,11-11,34.2,337.7,15,422(-12),,,,[東]鹿戸雄一,サラブレッドクラブ・ラフィアン,,202005010405
9,6,11,ハクサンフルリール,牡3,56,武藤雅,1:36.5,クビ,**,,,,,11-11,34.3,83.0,11,446(+6),,,,[東]武藤善則,河崎五市,,202005010405
10,5,10,ロッソビアンコ,牝3,54,柴田善臣,1:36.6,3/4,**,,,,,13-13,34.2,34.3,9,432(+2),,,,[東]鹿戸雄一,平田修,,202005010405
11,8,16,リベリアスハート,牡3,56,岩田康誠,1:36.7,3/4,**,,,,,8-7,34.7,197.1,13,450(-4),,,,[東]上原博之,ノルマンディーサラブレッドレーシング,,202005010405
12,2,4,インテリジェンス,牝3,54,石橋脩,1:36.8,1/2,**,,,,,15-14,34.3,15.6,6,450(0),,,,[東]菊沢隆徳,近藤英子,,202005010405
13,4,8,アエローザ,牝3,54,ミナリク,1:36.8,ハナ,**,,,,,16-16,34.0,34.1,8,428(0),,,,[東]池上昌和,ゴドルフィン,,202005010405
14,4,7,オウケンアマゾネス,牝3,54,北村宏司,1:36.8,ハナ,**,,,,,3-3,35.2,265.8,14,428(0),,,,[東]和田勇介,福井明,,202005010405
15,7,13,アイシーブルー,牡3,54,木幡育也,1:36.9,3/4,**,,,,,14-14,34.4,541.6,16,444(+18),,,,[東]田村康仁,ディアレストクラブ,,202005010405
16,5,9,スカイテラス,牡3,56,フォーリ,1:37.2,2,**,,,,,10-10,35.1,71.6,10,464(+12),,,,[東]和田正一,スピードファーム,,202005010405
1,8,16,アクロアイト,牝3,54,丸山元気,1:49.5,,**,,,,,3-3-3,34.3,15.8,6,482(0),,,,[東]大竹正博,キャロットファーム,600.0,202005010406
2,3,6,レヴィオーサ,牡3,56,岩田康誠,1:49.5,クビ,**,,,,,5-5-5,34.0,4.2,2,454(0),,,,[西]友道康夫,佐々木主浩,240.0,202005010406
3,2,4,ラパンセソバージュ,牡3,56,Ｍ．デム,1:49.6,1/2,**,,,,,4-3-3,34.3,11.2,5,452(0),,,,[東]大竹正博,酒井牧場,150.0,202005010406
4,6,11,トーホウラデン,牡3,56,福永祐一,1:49.7,1/2,**,,,,,11-10-8,33.9,4.7,3,494(0),,,,[西]高橋亮,東豊物産,90.0,202005010406
5,1,2,マカレナダンス,牡3,56,大野拓弥,1:49.7,クビ,**,,,,,1-1-1,34.8,111.6,10,474(0),,,,[東]鈴木伸尋,ニューワールドレーシング,60.0,202005010406
6,4,7,ロードウィリアム,牡3,56,内田博幸,1:49.8,クビ,**,,,,,8-5-5,34.2,37.2,8,442(0),,,,[東]高柳瑞樹,ロードホースクラブ,,202005010406
7,6,12,ペイシャフラッシュ,牡3,56,武士沢友,1:50.4,3.1/2,**,,,,,5-7-7,34.7,166.4,13,486(0),,,,[東]高橋裕,北所直人,,202005010406
8,5,10,ストロマンテ,牡3,56,北村宏司,1:50.6,1.1/4,**,,,,,14-15-15,34.0,192.4,14,456(0),,,,[東]国枝栄,嶋田賢,,202005010406
9,7,14,ストラテジーマップ,牡3,56,横山典弘,1:50.8,1.1/2,**,,,,,8-10-8,34.9,6.3,4,498(0),,,,[東]菊沢隆徳,社台レースホース,,202005010406
10,8,15,コスモヒビキ,牡3,54,津村明秀,1:50.9,1/2,**,,,,,2-2-2,35.9,122.9,11,460(0),,,,[東]宗像義忠,岡田繁幸,,202005010406
11,1,1,デルマダイヤモンド,牡3,56,武藤雅,1:51.0,3/4,**,,,,,11-7-8,35.2,28.9,7,450(0),,,,[東]戸田博文,浅沼廣幸,,202005010406
12,7,13,ヴェルズネイ,牝3,54,ルメール,1:51.1,クビ,**,,,,,11-12-13,34.8,2.6,1,432(0),,,,[東]堀宣行,社台レースホース,,202005010406
13,5,9,ミキノルミナス,牡3,56,宮崎北斗,1:51.4,2,**,,,,,14-12-12,35.3,156.7,12,488(0),,,,[東]南田美知,谷口久和,,202005010406
14,4,8,ピオニーテソーロ,牝3,53,野中悠太,1:51.6,1,**,,,,,10-12-13,35.3,91.2,9,412(0),,,,[東]金成貴史,了徳寺健二ホールディングス,,202005010406
15,3,5,キッチンドリンカー,牝3,52,木幡育也,1:52.3,4,**,,,,,7-7-8,36.5,271.9,16,416(0),,,,[東]本間忍,寳寄山拓樹,,202005010406
16,2,3,モンジベロ,牡3,56,田中勝春,1:54.6,大,**,,,,,16-16-16,36.2,214.5,15,452(0),,,,[東]加藤和宏,手嶋康雄,,202005010406
1,2,2,ハーツイストワール,牡4,56,田辺裕信,2:25.4,,**,,,,,3-3-4-4,34.3,6.2,4,482(-2),,,,[東]国枝栄,嶋田賢,760.0,202005010407
2,8,12,スマイル,牡4,56,Ｍ．デム,2:25.6,1.1/4,**,,,,,5-3-4-4,34.6,4.1,2,526(+4),,,,[東]堀宣行,石川達絵,300.0,202005010407
3,3,3,ピンシェル,牡4,56,吉田豊,2:26.3,4,**,,,,,1-1-2-2,35.5,4.5,3,528(+12),,,,[東]高橋文雅,岩崎伸道,190.0,202005010407
4,8,11,アルスラーン,牡5,57,北村宏司,2:26.5,1.1/4,**,,,,,4-5-6-6,35.3,42.8,9,506(+8),,,,[東]小西一男,小泉修,110.0,202005010407
5,7,9,レオビヨンド,牡4,56,ルメール,2:26.8,2,**,,,,,7-5-6-6,35.6,3.0,1,480(+4),,,,[西]高柳大輔,レオ,76.0,202005010407
6,5,5,ハンターバレー,牡4,56,田中勝春,2:27.1,1.3/4,**,,,,,7-5-9-9,35.4,34.4,7,496(+16),,,,[東]宗像義忠,村木隆,,202005010407
7,6,8,ハギノアップロード,牡4,56,福永祐一,2:27.3,1.1/4,**,,,,,10-9-11-11,35.2,17.4,6,490(-2),,,,[西]松田国英,日隈良江,,202005010407
8,1,1,インフルエンサー,牡6,55,木幡育也,2:27.8,3,**,,,,,5-5-8-8,36.4,90.3,11,448(+14),,,,[東]深山雅史,中西功,,202005010407
9,5,6,ラヴィアンレーヴ,牡4,56,丸山元気,2:27.8,クビ,**,,,,,12-9-1-1,37.2,7.6,5,448(+2),,,,[東]田村康仁,キャロットファーム,,202005010407
10,6,7,アイスブラスト,牡4,56,武藤雅,2:28.9,7,**,,,,,2-2-2-2,38.1,35.9,8,498(+8),,,,[東]戸田博文,ＤＭＭドリームクラブ,,202005010407
11,7,10,ベルゲンハーバー,牡4,56,岩田康誠,2:30.1,7,**,,,,,10-9-9-10,38.1,240.7,12,464(-2),,,,[東]斎藤誠,林正道,,202005010407
中,4,4,クリノクーニング,牡5,57,横山典弘,,,**,,,,,9-9-12-12,,46.7,10,452(0),,,,[東]伊藤伸一,栗本博晴,,202005010407
1,1,2,フィルムフランセ,牝6,55,岩田康誠,1:18.3,,**,,,,,6-6,35.7,8.4,6,492(0),,,,[西]牧浦充徳,吉田照哉,"1,100.0",202005010408
2,5,9,ニシノコトダマ,牡4,57,石川裕紀,1:18.3,クビ,**,,,,,4-4,36.0,8.5,7,516(+6),,,,[東]手塚貴久,西山茂行,440.0,202005010408
3,6,12,オルクリスト,牡4,57,横山典弘,1:18.7,2.1/2,**,,,,,15-16,34.8,6.2,3,492(+6),,,,[東]杉浦宏昭,日進牧場,280.0,202005010408
4,2,3,ペイシャボム,牡6,57,柴田善臣,1:19.0,1.1/2,**,,,,,2-2,37.8,15.2,8,498(+14),,,,[東]本間忍,北所直人,170.0,202005010408
5,6,11,プロトイチバンボシ,牡4,57,内田博幸,1:19.1,1/2,**,,,,,9-8,36.1,26.4,10,510(0),,,,[東]浅野洋一,飯田真也,110.0,202005010408
6,5,10,フレッシビレ,牝5,55,横山和生,1:19.1,クビ,**,,,,,9-8,36.1,145.5,14,516(-2),,,,[東]藤原辰雄,グランド牧場,,202005010408
7,8,16,ウメタロウ,牡5,57,江田照男,1:19.2,クビ,**,,,,,12-13,35.8,7.6,4,504(+4),,,,[東]伊藤大士,ミルファーム,,202005010408
8,7,14,シャインサンデー,牝6,55,大野拓弥,1:19.4,1,**,,,,,4-4,37.0,21.0,9,422(+2),,,,[東]加藤征弘,森保彦,,202005010408
9,4,7,ハイアーグラウンド,セ6,57,ミナリク,1:19.6,1.1/4,**,,,,,6-6,36.9,43.4,12,512(+4),,,,[東]大和田成,小村アセットＭ,,202005010408
10,3,5,カシノブレンド,セ4,57,Ｍ．デム,1:19.6,クビ,**,,,,,14-14,35.9,5.4,2,448(0),,,,[東]蛯名利弘,柏木務,,202005010408
11,1,1,ステラルーチェ,牡8,57,武士沢友,1:19.7,3/4,**,,,,,3-3,37.9,199.7,15,492(+2),,,,[東]蛯名利弘,池田草龍,,202005010408
12,8,15,デルマカシャーサ,牝5,53,木幡育也,1:19.8,1/2,**,,,,,8-8,36.8,259.5,16,468(+8),,,,[東]田中博康,浅沼廣幸,,202005010408
13,4,8,ラインギャラント,牝5,55,武藤雅,1:20.1,2,**,,,,,15-14,36.5,42.8,11,456(+4),,,,[東]水野貴広,大澤繁昌,,202005010408
14,2,4,フォーティプリンス,牡6,57,丸山元気,1:20.2,クビ,**,,,,,12-11,37.0,136.0,13,484(0),,,,[東]小西一男,ホースアディクト,,202005010408
15,7,13,パイロジェン,牡4,57,田辺裕信,1:20.5,1.3/4,**,,,,,9-11,37.3,7.8,5,458(0),,,,[東]伊藤圭三,ゴドルフィン,,202005010408
16,3,6,ジュンパッション,牡5,57,津村明秀,1:20.8,1.3/4,**,,,,,1-1,39.9,5.2,1,480(+2),,,,[東]高柳瑞樹,河合純二,,202005010408
1,1,1,リリーピュアハート,牝3,54,福永祐一,2:27.0,,**,,,,,5-5-6-7,34.2,3.4,2,438(+8),,,,[西]藤原英昭,社台レースホース,"1,028.9",202005010409
2,6,6,ヴォリアーモ,牝3,54,ルメール,2:27.3,1.3/4,**,,,,,7-7-6-6,34.6,3.1,1,460(+8),,,,[東]木村哲也,サンデーレーシング,405.4,202005010409
3,8,8,サトノシャローム,牡3,56,Ｍ．デム,2:27.3,ハナ,**,,,,,2-2-1-1,35.0,4.6,3,504(0),,,,[西]池江泰寿,サトミホースカンパニー,252.7,202005010409
4,8,9,ルトロヴァイユ,牝3,54,吉田豊,2:27.4,3/4,**,,,,,5-5-5-3,34.9,29.4,8,466(-4),,,,[東]竹内正洋,古川一弘,150.0,202005010409
5,7,7,アルサトワ,牡3,56,フォーリ,2:27.5,3/4,**,,,,,1-1-3-3,35.0,6.1,4,506(-6),,,,[西]斉藤崇史,ゴドルフィン,101.0,202005010409
6,4,4,ハギノエスペラント,牡3,56,ミナリク,2:27.5,ハナ,**,,,,,3-3-2-2,35.1,32.1,9,478(+6),,,,[西]松田国英,日隈良江,,202005010409
7,2,2,クロスザルビコン,牡3,56,田辺裕信,2:27.7,1.1/4,**,,,,,8-8-8-7,34.8,16.3,7,434(-10),,,,[東]大和田成,小村アセットＭ,,202005010409
8,3,3,ローレリスト,牡3,56,横山典弘,2:28.6,5,**,,,,,9-9-9-9,35.4,15.3,6,454(-6),,,,[東]中川公成,多田賢司,,202005010409
9,5,5,ヴィズサクセス,牡3,56,北村宏司,2:30.1,9,**,,,,,3-3-4-3,37.6,13.7,5,458(0),,,,[東]手塚貴久,嶋田賢,,202005010409
1,1,1,フォギーナイト,牡6,54,ルメール,1:36.3,,**,,,,,7-8,35.9,4.0,2,496(-8),,,,[東]堀宣行,金子真人ホールディングス,"1,854.3",202005010410
2,6,12,マッスルビーチ,牡4,55,福永祐一,1:36.4,1/2,**,,,,,12-12,35.6,3.8,1,468(+14),,,,[西]鈴木孝志,岡浩二,739.8,202005010410
3,3,5,ヴァイトブリック,牡4,55,丸山元気,1:36.6,1.1/4,**,,,,,5-4,36.4,17.5,8,508(+10),,,,[東]和田正一,キャロットファーム,464.9,202005010410
4,7,14,デターミネーション,牡4,55,フォーリ,1:36.8,1.1/4,**,,,,,2-2,36.9,6.0,3,476(+12),,,,[西]小崎憲,サンデーレーシング,270.0,202005010410
5,8,16,バーンフライ,牡5,55,野中悠太,1:37.0,1.1/4,**,,,,,9-9,36.4,23.7,9,492(0),,,,[西]矢作芳人,ノースヒルズ,182.0,202005010410
6,6,11,トワイライトタイム,牡5,55,岩田康誠,1:37.0,クビ,**,,,,,7-6,36.7,17.0,7,468(+4),,,,[西]五十嵐忠,三田昌宏,,202005010410
7,5,10,ハーグリーブス,牡5,54,大野拓弥,1:37.1,クビ,**,,,,,9-9,36.4,25.0,10,510(-2),,,,[東]尾関知人,水上ふじ子,,202005010410
8,8,15,ビービーガウディ,牡6,54,柴田善臣,1:37.1,ハナ,**,,,,,15-15,36.1,123.7,15,484(0),,,,[東]久保田貴,坂東牧場,,202005010410
9,4,7,カレンガリアード,牡5,54,津村明秀,1:37.1,ハナ,**,,,,,1-1,37.4,36.5,11,468(+4),,,,[西]安田翔伍,鈴木隆司,,202005010410
10,3,6,フィールザファラオ,牡5,54,北村宏司,1:37.3,1,**,,,,,12-12,36.5,11.8,6,466(0),,,,[東]岩戸孝樹,櫻井正,,202005010410
11,1,2,マリオ,牡5,54,石橋脩,1:37.3,アタマ,**,,,,,5-6,37.0,10.9,5,498(-6),,,,[西]安達昭夫,サン,,202005010410
12,2,3,バンブトンハート,牝4,52,田中勝春,1:37.3,クビ,**,,,,,16-16,36.1,7.7,4,506(0),,,,[東]粕谷昌央,樋口正蔵,,202005010410
13,2,4,エネスク,牡7,54,内田博幸,1:37.4,3/4,**,,,,,9-9,36.8,67.6,12,522(+2),,,,[西]山内研二,節英司,,202005010410
14,4,8,デンバーテソーロ,牝4,53,木幡巧也,1:38.0,3.1/2,**,,,,,3-4,37.8,81.2,13,464(+8),,,,[東]栗田徹,了徳寺健二ホールディングス,,202005010410
15,7,13,セイウンクールガイ,牡5,54,武藤雅,1:38.1,1/2,**,,,,,3-2,38.2,90.8,14,458(+6),,,,[東]奥平雅士,西山茂行,,202005010410
16,5,9,メガオパールカフェ,牡9,52,吉田豊,1:38.9,5,**,,,,,12-12,38.1,254.8,16,548(+6),,,,[東]和田勇介,西川光一,,202005010410
1,1,1,プリモシーン,牝5,56,Ｍ．デム,1:33.0,,**,,,,,6-6,33.6,7.8,4,504(+8),,,,[東]木村哲也,シルクレーシング,"3,956.7",202005010411
2,6,12,シャドウディーヴァ,牝4,54,岩田康誠,1:33.1,1/2,**,,,,,12-11,33.3,14.2,6,470(-4),,,,[東]斎藤誠,スリーエイチレーシング,"1,616.2",202005010411
3,7,13,クリノガウディー,牡4,56,横山典弘,1:33.1,ハナ,**,,,,,4-4,33.9,8.7,5,496(+8),,,,[西]藤沢則雄,栗本博晴,988.1,202005010411
4,3,5,サトノアーサー,牡6,56,田辺裕信,1:33.2,1/2,**,,,,,4-4,34.0,7.7,3,494(+10),,,,[西]池江泰寿,サトミホースカンパニー,590.0,202005010411
5,2,4,クルーガー,牡8,57,フォーリ,1:33.2,ハナ,**,,,,,2-2,34.3,84.1,12,528(0),,,,[西]高野友和,キャロットファーム,390.0,202005010411
6,1,2,ヴァンドギャルド,牡4,56,福永祐一,1:33.2,クビ,**,,,,,8-8,33.6,3.8,2,476(0),,,,[西]藤原英昭,社台レースホース,,202005010411
7,4,8,スウィングビート,牡5,56,大野拓弥,1:33.4,1.1/2,**,,,,,8-8,33.8,177.1,14,490(-4),,,,[東]加藤征弘,社台レースホース,,202005010411
8,3,6,レイエンダ,牡5,57,丸山元気,1:33.5,1/2,**,,,,,3-2,34.6,17.4,7,496(+12),,,,[東]藤沢和雄,キャロットファーム,,202005010411
9,5,9,レッドヴェイロン,牡5,56,ルメール,1:33.5,ハナ,**,,,,,11-12,33.5,2.9,1,494(0),,,,[西]石坂正,東京ホースレーシング,,202005010411
10,5,10,ロワアブソリュー,牡7,56,吉田豊,1:33.5,アタマ,**,,,,,14-13,33.3,402.7,15,518(+6),,,,[西]須貝尚介,サンデーレーシング,,202005010411
11,8,15,ケイアイノーテック,牡5,58,津村明秀,1:33.6,クビ,**,,,,,16-15,33.2,20.9,8,474(0),,,,[西]平田修,亀田和弘,,202005010411
12,4,7,ケイデンスコール,牡4,56,石橋脩,1:33.6,ハナ,**,,,,,7-6,34.2,26.4,9,468(-6),,,,[西]安田隆行,サンデーレーシング,,202005010411
13,8,16,ドーヴァー,牡7,57,北村宏司,1:34.0,2.1/2,**,,,,,14-15,33.6,58.4,10,504(0),,,,[東]伊藤圭三,ゴドルフィン,,202005010411
14,7,14,ゴールドサーベラス,牡8,56,内田博幸,1:34.2,1,**,,,,,13-13,34.0,503.1,16,456(+10),,,,[東]清水英克,田頭勇貴,,202005010411
15,6,11,キャンベルジュニア,牡8,56,ミナリク,1:34.4,1.1/2,**,,,,,8-8,34.7,89.6,13,552(+8),,,,[東]堀宣行,吉田和美,,202005010411
16,2,3,モルフェオルフェ,牝5,54,江田照男,1:35.5,7,**,,,,,1-1,37.4,59.4,11,454(+8),,,,[東]大江原哲,並河賢一郎,,202005010411
1,4,4,ブルスクーロ,牡4,57,フォーリ,1:21.5,,**,,,,,1-1,34.2,5.3,3,518(+8),,,,[西]池添学,サンデーレーシング,"1,100.0",202005010412
2,7,11,ココフィーユ,牝4,55,岩田康誠,1:21.5,アタマ,**,,,,,3-3,33.7,14.7,6,438(+4),,,,[東]斎藤誠,スリーエイチレーシング,440.0,202005010412
3,4,5,スイーズドリームス,牡6,57,田辺裕信,1:21.7,1,**,,,,,8-6,33.4,6.4,4,504(-6),,,,[西]須貝尚介,大塚亮一,280.0,202005010412
4,6,9,フォッサマグナ,牡4,57,ルメール,1:21.8,1/2,**,,,,,2-2,34.2,2.4,1,474(-2),,,,[東]藤沢和雄,吉田和美,170.0,202005010412
5,8,13,カルリーノ,牡4,57,石橋脩,1:22.0,1.1/4,**,,,,,10-10,33.4,3.6,2,510(-6),,,,[東]高橋裕,Ｇリビエール・レーシング,110.0,202005010412
6,5,6,ヴォイスオブジョイ,牝4,55,津村明秀,1:22.1,3/4,**,,,,,10-10,33.5,13.0,5,462(+4),,,,[東]水野貴広,サラブレッドクラブ・ラフィアン,,202005010412
7,1,1,ドウディ,牡6,57,柴田善臣,1:22.5,2.1/2,**,,,,,8-6,34.3,61.1,8,490(-4),,,,[東]小野次郎,ｅ馬主組合,,202005010412
8,7,10,マイティーワークス,牝5,55,ミナリク,1:22.7,1.1/4,**,,,,,12-12,33.9,72.6,9,474(-4),,,,[東]菊川正達,中村祐子,,202005010412
9,6,8,ボールドジャパン,牡9,57,江田照男,1:22.8,1/2,**,,,,,6-6,34.6,108.7,10,520(-4),,,,[東]蛯名利弘,増田陽一,,202005010412
10,2,2,スノードーナツ,牝6,55,岩部純二,1:22.9,1/2,**,,,,,12-12,34.2,377.9,12,494(+8),,,,[東]石毛善彦,ミルファーム,,202005010412
11,5,7,ホウオウスクラム,牡5,57,大野拓弥,1:23.0,1/2,**,,,,,5-5,34.9,31.5,7,516(+2),,,,[東]奥村武,小笹芳央,,202005010412
12,3,3,スワンボート,牡10,56,菊沢一樹,1:23.2,1.1/4,**,,,,,3-4,35.3,449.9,13,494(+22),,,,[東]浅野洋一,田頭勇貴,,202005010412
13,8,12,ナイスドゥ,牝5,53,木幡育也,1:25.1,大,**,,,,,6-9,36.7,212.9,11,434(+6),,,,[東]清水英克,田畑利彦,,202005010412
1,7,14,トミケンレゲンダ,牡3,56,石橋脩,1:25.4,,**,,,,,3-3,36.6,3.2,1,468(+4),,,,[東]大和田成,冨樫賢二,510.0,202005010501
2,6,11,クロッチ,セ3,56,大野拓弥,1:26.0,3.1/2,**,,,,,2-2,37.3,7.3,5,460(+2),,,,[東]杉浦宏昭,リトルブルーファーム,200.0,202005010501
3,6,12,トーセンリズム,牡3,55,菊沢一樹,1:26.2,1.1/4,**,,,,,1-1,37.8,20.9,7,476(+12),,,,[東]深山雅史,島川隆哉,130.0,202005010501
4,5,10,チートコード,牡3,56,吉田豊,1:26.3,3/4,**,,,,,3-3,37.4,4.3,2,510(-4),,,,[東]尾関知人,明栄商事,77.0,202005010501
5,7,13,トーセンマイベスト,牡3,55,野中悠太,1:26.9,3.1/2,**,,,,,6-5,37.8,23.5,8,480(+8),,,,[東]上原博之,島川隆哉,51.0,202005010501
6,4,8,バルドダンサー,牡3,56,Ｍ．デム,1:27.0,クビ,**,,,,,6-5,37.9,5.2,3,462(+2),,,,[東]和田雄二,コスモヴューファーム,,202005010501
7,5,9,ネオトゥルー,牡3,56,津村明秀,1:27.0,クビ,**,,,,,8-8,37.7,24.4,9,480(-4),,,,[東]鈴木伸尋,西田俊二,,202005010501
8,3,5,ナックジーニアス,牡3,56,田中勝春,1:27.4,2.1/2,**,,,,,11-11,37.7,19.8,6,522(+2),,,,[東]宗像義忠,小松欣也,,202005010501
9,4,7,トーセンリヤン,牡3,56,横山和生,1:27.7,1.1/2,**,,,,,5-5,38.5,7.1,4,434(-8),,,,[東]池上昌和,島川隆哉,,202005010501
10,1,2,マクラーレンベール,牡3,56,北村宏司,1:27.7,ハナ,**,,,,,11-11,38.1,66.4,11,512(+10),,,,[東]勢司和浩,キャロットファーム,,202005010501
11,8,15,キタノフウライジン,牡3,56,木幡巧也,1:28.1,2.1/2,**,,,,,14-14,38.0,150.1,13,480(0),,,,[東]松永康利,北所直人,,202005010501
12,2,4,ヘニービュット,牡3,56,ミナリク,1:28.2,1/2,**,,,,,8-9,38.8,66.5,12,490(-6),,,,[東]池上昌和,林正道,,202005010501
13,8,16,ゼクスバンデ,牡3,56,嘉藤貴行,1:28.9,4,**,,,,,14-13,38.9,176.6,15,428(0),,,,[東]高市圭二,藤井孝治,,202005010501
14,2,3,タイムカプセル,牡3,56,菅原隆一,1:29.4,3,**,,,,,8-9,40.0,469.5,16,442(+4),,,,[東]土田稔,ミルファーム,,202005010501
15,3,6,タイダルフォース,牡3,56,フォーリ,1:29.5,1/2,**,,,,,13-14,39.4,58.5,10,452(0),,,,[東]中舘英二,キャロットファーム,,202005010501
16,1,1,シャイニーコースト,セ3,56,江田照男,1:30.6,7,**,,,,,16-16,38.3,168.3,14,472(-10),,,,[東]菊川正達,小林昌志,,202005010501
1,7,14,ダルムシュタット,牡3,56,田中勝春,2:15.6,,**,,,,,4-5-3-3,39.1,3.5,2,468(-4),,,,[東]栗田徹,村野康司,510.0,202005010502
2,7,13,メジャーブレイク,牡3,56,ルメール,2:16.0,2.1/2,**,,,,,6-5-3-4,39.4,2.4,1,530(0),,,,[東]水野貴広,吉田照哉,200.0,202005010502
3,1,2,タイタンブレイン,牡3,56,内田博幸,2:16.1,1/2,**,,,,,15-16-12-12,38.6,7.7,3,520(-18),,,,[東]奥平雅士,エンジェルレーシング,130.0,202005010502
4,2,4,ミヤビキング,牡3,55,野中悠太,2:16.2,1/2,**,,,,,1-1-1-1,39.9,59.2,8,528(+2),,,,[東]小島茂之,村上義勝,77.0,202005010502
5,1,1,サクラヴァルール,牡3,56,横山典弘,2:16.3,3/4,**,,,,,14-14-14-12,38.7,11.0,6,480(+6),,,,[東]尾関知人,さくらコマース,51.0,202005010502
6,3,5,ゲンキチボン,牡3,56,木幡巧也,2:16.4,1/2,**,,,,,9-11-10-9,39.1,71.9,9,466(-2),,,,[東]堀井雅広,荒井元明,,202005010502
7,4,7,キューブリック,牡3,56,ミナリク,2:17.6,7,**,,,,,2-2-2-2,41.2,81.9,11,518(+2),,,,[東]高柳瑞樹,キキアシ,,202005010502
8,6,11,ウインラディアント,牡3,56,フォーリ,2:17.7,1/2,**,,,,,4-3-3-4,41.1,8.9,5,548(+8),,,,[東]畠山吉宏,ウイン,,202005010502
9,6,12,クンクンクン,牝3,54,菅原隆一,2:18.1,2.1/2,**,,,,,9-12-16-15,40.1,346.5,14,436(-2),,,,[東]加藤和宏,ミルファーム,,202005010502
10,5,9,エアリアルシティー,牡3,56,岩部純二,2:18.3,1,**,,,,,9-8-8-7,41.2,315.0,13,476(+4),,,,[東]石毛善彦,ミルファーム,,202005010502
11,8,16,フリーファッション,牡3,56,嘉藤貴行,2:18.5,1.1/4,**,,,,,9-10-8-7,41.4,611.7,16,470(-6),,,,[東]佐藤吉勝,平本敏夫,,202005010502
12,3,6,ドリームロマン,牝3,54,丸山元気,2:18.7,1.1/4,**,,,,,15-14-10-9,41.4,167.0,12,468(-6),,,,[東]根本康広,平賀久枝,,202005010502
13,4,8,キールカーディナル,牡3,56,岩田康誠,2:18.8,1/2,**,,,,,8-8-12-15,40.8,24.8,7,468(0),,,,[東]田中博康,サンデーレーシング,,202005010502
14,2,3,ネイチャーローズ,牡3,56,武士沢友,2:19.6,5,**,,,,,13-13-14-14,41.8,484.8,15,464(-4),,,,[東]根本康広,井上修一,,202005010502
15,5,10,エンパイアブレイズ,牡3,56,井上敏樹,2:21.6,大,**,,,,,3-3-3-6,44.6,76.4,10,436(-6),,,,[東]田島俊明,小原準一郎,,202005010502
16,8,15,インビジブルナイツ,牡3,55,菊沢一樹,2:26.2,大,**,,,,,6-7-7-9,48.9,8.1,4,522(0),,,,[東]菊沢隆徳,ライオンレースホース,,202005010502
1,8,15,アイノア,牝3,54,津村明秀,1:38.4,,**,,,,,1-1,38.0,29.0,7,482(-4),,,,[東]青木孝文,ビッグレッドファーム,510.0,202005010503
2,5,10,サトノアレックス,牡3,56,Ｍ．デム,1:38.4,アタマ,**,,,,,7-3,37.6,2.0,1,494(+2),,,,[東]古賀慎明,サトミホースカンパニー,200.0,202005010503
3,8,16,シゲルタイタン,牡3,56,ルメール,1:38.8,2.1/2,**,,,,,2-2,38.3,4.6,2,476(0),,,,[東]伊藤圭三,森中蕃,130.0,202005010503
4,1,2,テンチシンメイ,牡3,56,石橋脩,1:39.1,2,**,,,,,10-9,37.5,21.8,6,500(-2),,,,[東]小笠倫弘,岡浩二,77.0,202005010503
5,1,1,ヒロキング,牡3,56,内田博幸,1:39.2,クビ,**,,,,,12-9,37.7,6.7,3,492(-4),,,,[東]黒岩陽一,澤田孝之,51.0,202005010503
6,3,6,トキメキナイス,牡3,56,江田照男,1:39.6,2.1/2,**,,,,,12-13,37.8,31.0,8,462(0),,,,[東]佐藤吉勝,片岡正雄,,202005010503
7,6,12,セイユメアカリ,牡3,56,北村宏司,1:39.9,1.3/4,**,,,,,3-3,39.2,9.7,4,446(-2),,,,[東]浅野洋一,金田成基,,202005010503
8,6,11,エコロキングダム,牡3,56,木幡巧也,1:40.0,1/2,**,,,,,5-6,39.0,196.3,13,476(0),,,,[東]岩戸孝樹,原村正紀,,202005010503
9,5,9,センノベステス,牡3,56,横山和生,1:40.0,クビ,**,,,,,10-8,38.7,81.9,11,480(+2),,,,[東]南田美知,浅野正敏,,202005010503
10,4,8,ブライトオーシャン,牡3,56,大野拓弥,1:40.6,3.1/2,**,,,,,3-3,39.8,10.6,5,504(-2),,,,[東]新開幸一,岡田牧雄,,202005010503
11,3,5,タイキグロワール,牡3,56,丸山元気,1:40.7,1/2,**,,,,,16-14,38.6,86.4,12,482(-2),,,,[東]矢野英一,大樹ファーム,,202005010503
12,7,14,ビレッジイーグル,牡3,56,武藤雅,1:40.9,1.1/4,**,,,,,5-6,39.9,72.2,10,496(+8),,,,[東]竹内正洋,村山輝雄,,202005010503
13,2,3,オンリーワンボーイ,牡3,56,岩田康誠,1:41.0,3/4,**,,,,,8-9,39.5,31.5,9,448(0),,,,[東]斎藤誠,金山克己,,202005010503
14,4,7,フェスティヴスーリ,牡3,56,田中勝春,1:41.9,5,**,,,,,14-16,39.4,224.6,14,464(+6),,,,[東]天間昭一,臼井義太郎,,202005010503
15,2,4,セイウンソルジャー,牡3,56,フォーリ,1:42.2,2,**,,,,,14-15,39.8,293.4,15,512(-6),,,,[東]水野貴広,西山茂行,,202005010503
16,7,13,アテンミラクル,牡3,55,菊沢一樹,1:42.8,3.1/2,**,,,,,8-9,41.3,395.0,16,448(+6),,,,[東]高橋祥泰,玉置潔,,202005010503
1,8,15,テーオーケインズ,牡3,56,ルメール,1:37.4,,**,,,,,7-5,36.0,3.6,2,482(0),,,,[西]高柳大輔,小笹公也,730.0,202005010504
2,6,11,ダノンファスト,牡3,56,横山典弘,1:37.4,クビ,**,,,,,13-13,35.4,1.7,1,456(-4),,,,[東]菊沢隆徳,ダノックス,290.0,202005010504
3,5,9,アイスシェルフ,牡3,56,丸山元気,1:38.0,3.1/2,**,,,,,7-5,36.6,19.2,6,518(-4),,,,[東]稲垣幸雄,吉田勝己,180.0,202005010504
4,1,1,ヒシタイザン,牡3,56,田中勝春,1:38.5,3,**,,,,,13-13,36.5,74.0,11,496(-8),,,,[西]角田晃一,阿部雅英,110.0,202005010504
5,8,16,サンダーブリッツ,牡3,56,大野拓弥,1:38.6,1/2,**,,,,,9-9,36.9,16.8,5,480(-2),,,,[東]久保田貴,草間庸文,73.0,202005010504
6,3,5,ジャッジ,牡3,56,北村宏司,1:39.0,2.1/2,**,,,,,4-5,37.7,66.4,10,488(0),,,,[東]和田雄二,田島榮二郎,,202005010504
7,6,12,ヴィンカマヨール,牡3,56,石橋脩,1:39.0,アタマ,**,,,,,15-15,36.7,37.4,8,496(+4),,,,[東]田島俊明,シルクレーシング,,202005010504
8,1,2,フェイバリット,牡3,56,横山和生,1:39.1,クビ,**,,,,,16-16,36.3,599.8,16,450(0),,,,[東]小桧山悟,島川隆哉,,202005010504
9,4,8,アイスナイン,牡3,56,吉田豊,1:39.1,クビ,**,,,,,9-9,37.5,35.3,7,498(+6),,,,[東]高橋文雅,石瀬浩三,,202005010504
10,4,7,セイエスコート,牡3,55,野中悠太,1:39.2,クビ,**,,,,,12-9,37.5,440.7,15,470(-2),,,,[東]菊川正達,金田成基,,202005010504
11,5,10,ベイサイドブルー,牡3,56,田辺裕信,1:39.3,1/2,**,,,,,2-2,38.2,11.1,3,530(-12),,,,[西]矢作芳人,シルクレーシング,,202005010504
12,7,14,ラブリーエンジェル,牝3,54,武豊,1:39.3,クビ,**,,,,,4-4,38.1,14.0,4,438(+6),,,,[東]堀井雅広,長谷川光司,,202005010504
13,3,6,タイキルークス,牡3,55,菊沢一樹,1:39.6,2,**,,,,,4-5,38.2,143.0,12,508(-4),,,,[東]菊沢隆徳,大樹ファーム,,202005010504
14,7,13,シゲルミカヅキ,牡3,56,江田照男,1:39.8,1.1/4,**,,,,,9-9,38.1,155.4,13,448(-4),,,,[東]伊藤圭三,森中蕃,,202005010504
15,2,4,コードジェニック,牡3,56,加藤祥太,1:40.2,2.1/2,**,,,,,2-2,39.1,274.7,14,492(-2),,,,[西]杉山晴紀,水上行雄,,202005010504
16,2,3,ノクターンノーツ,牝3,54,福永祐一,1:40.8,3.1/2,**,,,,,1-1,39.7,60.0,9,480(-10),,,,[西]中内田充,飯田正剛,,202005010504
1,7,13,ネイジュ,牝3,54,武藤雅,1:22.7,,**,,,,,1-1,36.0,29.3,7,434(-10),,,,[東]中川公成,島川隆哉,510.0,202005010505
2,1,2,フィオーレカフェ,牝3,54,柴田善臣,1:22.7,クビ,**,,,,,7-5,34.5,95.7,9,408(+2),,,,[東]和田勇介,西川光一,200.0,202005010505
3,6,12,デイトライン,牝3,54,ルメール,1:22.8,クビ,**,,,,,5-5,34.6,1.9,1,446(+6),,,,[東]高橋文雅,キャロットファーム,130.0,202005010505
4,3,5,ヨンウォニ,牝3,54,木幡巧也,1:22.8,アタマ,**,,,,,7-7,34.4,96.7,10,432(0),,,,[東]田中清隆,ミルファーム,77.0,202005010505
5,4,7,ブンロート,牡3,56,大野拓弥,1:23.2,2.1/2,**,,,,,2-2,35.4,4.2,2,514(+6),,,,[東]牧光二,石瀬浩三,51.0,202005010505
6,7,14,ザンセツ,牡3,56,内田博幸,1:23.3,クビ,**,,,,,10-10,34.7,4.7,3,434(+6),,,,[東]古賀慎明,ゴドルフィン,,202005010505
7,8,15,マヤチャン,牝3,54,田辺裕信,1:23.4,3/4,**,,,,,12-12,34.6,8.8,4,416(-14),,,,[東]中舘英二,瀬谷隆雄,,202005010505
8,5,9,ネイチャークイーン,牝3,53,野中悠太,1:23.4,クビ,**,,,,,2-2,35.6,27.1,6,412(-12),,,,[東]根本康広,井上修一,,202005010505
9,1,1,ノボユキ,牝3,54,ミナリク,1:23.7,1.1/2,**,,,,,4-4,35.7,44.2,8,438(-6),,,,[東]尾関知人,ＬＳ．Ｍ,,202005010505
10,2,4,ミスファビュラス,牝3,54,吉田豊,1:23.7,アタマ,**,,,,,10-10,35.0,105.6,11,464(+6),,,,[東]古賀史生,畑末廣郎,,202005010505
11,2,3,トレンディー,牡3,55,菊沢一樹,1:24.7,6,**,,,,,5-7,36.2,353.4,14,460(+12),,,,[東]佐藤吉勝,平本敏夫,,202005010505
12,6,11,ネネサマ,牝3,54,横山和生,1:24.9,1.1/4,**,,,,,7-7,36.5,24.0,5,456(-2),,,,[東]勢司和浩,村田哲朗,,202005010505
13,3,6,ニシノルーチェ,牝3,54,江田照男,1:25.5,3.1/2,**,,,,,12-14,36.4,168.5,12,454(-2),,,,[東]高木登,西山茂行,,202005010505
14,5,10,アプローズパワー,牝3,54,伊藤工真,1:25.7,1.1/2,**,,,,,12-12,36.8,402.8,15,434(+10),,,,[東]金成貴史,吉野弘司,,202005010505
15,8,16,キタノストラーダ,牝3,54,田中勝春,1:31.1,大,**,,,,,15-15,39.2,187.3,13,404(0),,,,[東]石栗龍彦,北所直人,,202005010505
取,4,8,バイカル,牝3,54,津村明秀,,,**,,,,,,,---,,計不,,,,[東]勢司和浩,ビッグレッドファーム,,202005010505
1,3,4,ロッタチャンセズ,牝3,54,石橋脩,1:51.5,,**,,,,,4-4-4,34.2,7.4,4,390(0),,,,[東]堀宣行,Ｇ１レーシング,600.0,202005010506
2,7,11,タツオウカケンラン,牝3,54,岩田康誠,1:51.5,クビ,**,,,,,1-1-1,34.5,6.9,3,430(0),,,,[西]鮫島一歩,鈴木高幸,240.0,202005010506
3,6,10,メイショウカイコウ,牡3,56,柴田善臣,1:51.5,アタマ,**,,,,,2-5-4,34.2,31.3,6,426(0),,,,[東]和田勇介,松本好雄,150.0,202005010506
4,3,3,アルベロベッロ,牡3,56,ルメール,1:51.8,1.1/2,**,,,,,6-8-7,34.3,1.8,1,508(0),,,,[東]堀宣行,金子真人ホールディングス,90.0,202005010506
5,5,7,マイネルロベルト,牡3,56,宮崎北斗,1:52.0,1.1/4,**,,,,,13-13-11,34.1,37.8,7,430(0),,,,[東]上原博之,サラブレッドクラブ・ラフィアン,60.0,202005010506
6,4,5,クラウンフォース,牡3,56,木幡巧也,1:52.1,3/4,**,,,,,5-5-6,34.7,15.6,5,526(0),,,,[東]牧光二,矢野恭裕,,202005010506
7,1,1,メイプルスター,牡3,56,横山和生,1:52.3,1.1/4,**,,,,,9-11-11,34.4,44.9,8,478(0),,,,[東]高市圭二,節英司,,202005010506
8,7,12,ジュウワンエース,牡3,56,大野拓弥,1:52.4,3/4,**,,,,,12-11-11,34.5,102.8,10,400(0),,,,[東]新開幸一,ジュウワンレイシング組合,,202005010506
9,8,14,グレースケール,牝3,54,石川裕紀,1:52.7,2,**,,,,,6-2-2,35.6,139.0,11,404(0),,,,[東]相沢郁,橋詰弘一,,202005010506
10,2,2,ショウナンハリマオ,牡3,56,田辺裕信,1:53.0,1.1/2,**,,,,,9-9-7,35.4,4.5,2,498(0),,,,[東]国枝栄,国本哲秀,,202005010506
11,8,13,スマイルフェイス,牝3,54,伊藤工真,1:53.3,1.1/2,**,,,,,2-2-2,36.2,51.2,9,500(0),,,,[東]金成貴史,ヒダカ・ブリーダーズ・ユニオン,,202005010506
12,5,8,ブローガンダーツ,牝3,53,野中悠太,1:53.5,1.1/2,**,,,,,9-9-10,35.8,177.4,12,396(0),,,,[東]土田稔,バード商事,,202005010506
13,4,6,マラビジョーソ,牡3,56,吉田豊,1:58.2,大,**,,,,,14-14-14,38.8,201.0,13,452(0),,,,[東]高橋文雅,窪田康志,,202005010506
14,6,9,デルマヒスイ,牝3,54,菅原隆一,2:02.7,大,**,,,,,6-5-7,45.1,206.0,14,432(0),,,,[東]堀井雅広,浅沼廣幸,,202005010506
1,3,5,ヘイワノツカイ,牡4,57,石橋脩,1:33.8,,**,,,,,3-3,35.5,3.8,2,460(0),,,,[東]相沢郁,星野壽市,760.0,202005010507
2,7,13,レディードリー,牝4,55,柴田善臣,1:33.8,ハナ,**,,,,,6-5,35.2,28.9,8,444(+4),,,,[東]深山雅史,小林博雄,300.0,202005010507
3,6,12,レッドヴァール,牝5,55,ルメール,1:33.8,アタマ,**,,,,,2-2,35.6,1.9,1,470(-2),,,,[東]鹿戸雄一,東京ホースレーシング,190.0,202005010507
4,2,3,カンパーニャ,牡4,57,北村宏司,1:33.8,アタマ,**,,,,,15-15,34.4,42.1,10,450(+5),,,,[東]畠山吉宏,村野康司,110.0,202005010507
5,4,7,ウエスタンランポ,牝4,54,菊沢一樹,1:34.0,1.1/4,**,,,,,8-9,35.2,256.3,16,404(-4),,,,[東]深山雅史,西川賢,76.0,202005010507
6,6,11,オフウィドゥス,牡4,56,丸山元気,1:34.1,1/2,**,,,,,14-10,35.2,13.4,3,534(+8),,,,[東]木村哲也,吉田和美,,202005010507
7,5,10,トウカイオルデン,牡5,57,大野拓弥,1:34.2,1/2,**,,,,,10-11,35.2,47.0,11,488(+12),,,,[東]菊川正達,内村正則,,202005010507
8,4,8,サクステッド,セ5,57,津村明秀,1:34.3,3/4,**,,,,,11-7,35.6,15.2,6,496(+14),,,,[東]小西一男,キャロットファーム,,202005010507
9,7,14,シャンデフレーズ,牝4,55,フォーリ,1:34.4,1/2,**,,,,,6-7,35.7,16.6,7,422(+6),,,,[東]中舘英二,キャロットファーム,,202005010507
10,8,16,クィーンビー,牝7,55,岩田康誠,1:34.6,1.1/4,**,,,,,16-16,35.0,253.5,15,508(+14),,,,[東]田中清隆,和田牧場,,202005010507
11,1,1,ダイイチターミナル,牡6,57,江田照男,1:34.8,1.1/2,**,,,,,13-13,35.6,30.2,9,478(+10),,,,[東]高市圭二,ミルファーム,,202005010507
12,3,6,パラレルキャリア,牝4,55,Ｍ．デム,1:34.9,3/4,**,,,,,5-5,36.4,13.8,4,440(-2),,,,[東]加藤征弘,社台レースホース,,202005010507
13,8,15,アイアムヒメ,牝5,55,田中勝春,1:35.2,1.3/4,**,,,,,3-3,36.9,174.3,13,454(+2),,,,[東]菊川正達,玉腰勇吉,,202005010507
14,1,2,フジマサディープ,牡4,56,野中悠太,1:35.3,クビ,**,,,,,1-1,37.2,14.9,5,500(0),,,,[東]菊川正達,藤原正一,,202005010507
15,2,4,レーヌジャルダン,牝6,55,武藤雅,1:35.4,1/2,**,,,,,11-13,36.1,95.2,12,454(+14),,,,[東]高柳瑞樹,グリーンファーム,,202005010507
16,5,9,ボニーソックス,牝4,55,ミナリク,1:37.1,大,**,,,,,9-11,38.1,234.6,14,446(+3),,,,[東]矢野英一,飯田正剛,,202005010507
1,8,16,アイアムピッカピカ,牝4,55,柴田善臣,1:25.6,,**,,,,,3-3,36.3,4.6,2,452(0),,,,[東]奥平雅士,堀紘一,760.0,202005010508
2,3,6,イベリスリーフ,牝4,55,フォーリ,1:25.8,1,**,,,,,1-1,36.7,13.9,7,458(+8),,,,[東]中舘英二,サンデーレーシング,300.0,202005010508
3,7,14,スマイルプリティ,牝6,55,宮崎北斗,1:26.0,1,**,,,,,2-2,36.8,276.6,16,492(+10),,,,[東]本間忍,臼倉勲,190.0,202005010508
4,4,8,ネイビーアッシュ,牝5,55,津村明秀,1:26.2,1.1/4,**,,,,,10-10,36.1,17.5,8,492(+8),,,,[東]萩原清,吉田勝己,110.0,202005010508
5,2,3,グレイスアン,牝4,55,福永祐一,1:26.5,2,**,,,,,5-4,37.0,3.2,1,488(-2),,,,[東]斎藤誠,ＴＵＲＦレーシング,76.0,202005010508
6,8,15,タツオウカランブ,牝5,55,吉田豊,1:26.5,ハナ,**,,,,,12-12,36.3,39.6,9,492(-2),,,,[東]古賀史生,鈴木高幸,,202005010508
7,7,13,アンジェリーブル,牝4,55,横山典弘,1:26.5,ハナ,**,,,,,14-14,36.0,5.0,3,450(-6),,,,[東]藤原辰雄,グランド牧場,,202005010508
8,5,9,アテンフェアリー,牝4,55,岩部純二,1:26.8,1.3/4,**,,,,,8-7,37.0,10.1,5,460(-4),,,,[東]萱野浩二,齊藤直信,,202005010508
9,6,12,コウジンシックス,牝4,55,武藤雅,1:27.3,3,**,,,,,13-13,36.9,156.1,12,422(-18),,,,[東]和田雄二,加藤興一,,202005010508
10,5,10,スターアイランド,牝4,55,内田博幸,1:27.3,ハナ,**,,,,,6-4,37.8,72.2,11,422(-1),,,,[東]古賀慎明,荒井眞澄,,202005010508
11,4,7,マーチャンスルー,牝4,54,菊沢一樹,1:27.3,アタマ,**,,,,,3-4,37.8,185.4,14,436(-6),,,,[東]堀井雅広,庄司修二,,202005010508
12,6,11,ホウオウモントレー,牝4,55,丸山元気,1:27.5,1.1/4,**,,,,,8-7,37.6,7.3,4,492(-6),,,,[東]矢野英一,小笹芳央,,202005010508
13,2,4,フィリーズラン,牝4,55,木幡巧也,1:27.6,1/2,**,,,,,16-15,36.9,12.2,6,428(0),,,,[東]牧光二,岡村善行,,202005010508
14,3,5,コスモフェリーク,牝5,55,横山和生,1:27.7,1/2,**,,,,,14-15,37.1,204.7,15,452(+10),,,,[東]天間昭一,栗嶋豊明,,202005010508
15,1,1,プリティドール,牝4,54,野中悠太,1:27.8,1/2,**,,,,,6-7,38.0,43.5,10,458(-23),,,,[東]菊川正達,丸岡啓一,,202005010508
16,1,2,アポロノワキザシ,牝4,55,石川裕紀,1:28.0,1.1/4,**,,,,,10-10,37.9,157.2,13,470(-8),,,,[東]岩戸孝樹,アポロサラブレッドクラブ,,202005010508
1,8,14,ショウナンバビアナ,牝4,54,Ｍ．デム,1:47.3,,**,,,,,1-1-1,34.2,12.9,6,476(0),,,,[東]上原博之,国本哲秀,"1,532.9",202005010509
2,6,11,シングフォーユー,牝4,54,ルメール,1:47.3,クビ,**,,,,,3-2-3,34.0,4.2,2,466(+2),,,,[東]牧光二,社台レースホース,609.4,202005010509
3,8,15,アストラサンタン,牝5,55,武豊,1:47.5,1,**,,,,,5-4-5,34.0,5.5,3,466(0),,,,[東]戸田博文,丹羽久一郎,384.7,202005010509
4,3,4,エバーミランダ,牝5,55,岩田康誠,1:47.5,ハナ,**,,,,,3-4-3,34.1,28.9,11,434(+6),,,,[東]久保田貴,宇田豊,230.0,202005010509
5,7,12,ミモザイエロー,牝4,54,吉田豊,1:47.5,クビ,**,,,,,15-15-15,33.0,22.3,8,458(+2),,,,[東]戸田博文,青芝商事,150.0,202005010509
6,6,10,アップライトスピン,牝4,54,大野拓弥,1:47.6,1/2,**,,,,,10-10-10,33.6,3.0,1,470(-4),,,,[東]池上昌和,キャロットファーム,,202005010509
7,5,8,アルミレーナ,牝6,55,石橋脩,1:47.6,クビ,**,,,,,2-2-2,34.4,11.3,4,456(-2),,,,[東]国枝栄,サンデーレーシング,,202005010509
8,7,13,テンワールドレイナ,牝5,55,津村明秀,1:47.6,ハナ,**,,,,,7-7-7,33.9,35.8,12,480(+4),,,,[東]矢野英一,天白泰司,,202005010509
9,5,9,ジョブックコメン,牝5,55,田辺裕信,1:47.8,1,**,,,,,12-12-11,33.7,22.4,9,430(+4),,,,[東]小桧山悟,萩本企画,,202005010509
10,4,6,シーオブザムーン,牝4,54,丸山元気,1:47.8,ハナ,**,,,,,7-7-7,34.0,28.4,10,460(-2),,,,[東]金成貴史,サンデーレーシング,,202005010509
11,1,1,アシェット,牝5,55,ミナリク,1:48.0,1.1/4,**,,,,,12-12-13,33.7,142.5,14,446(0),,,,[東]高橋文雅,加藤徹,,202005010509
12,2,3,ビックピクチャー,牝4,54,福永祐一,1:48.1,1/2,**,,,,,9-7-7,34.3,12.6,5,412(-8),,,,[西]藤原英昭,廣崎利洋ＨＤ,,202005010509
13,3,5,クリッパー,牝5,55,フォーリ,1:48.1,アタマ,**,,,,,5-4-6,34.5,18.8,7,494(+4),,,,[東]高橋文雅,吉田和美,,202005010509
14,2,2,グラマラスライフ,牝5,55,北村宏司,1:48.9,5,**,,,,,10-10-11,34.8,78.0,13,484(0),,,,[東]田中博康,シルクレーシング,,202005010509
15,4,7,モリトシラユリ,牝6,55,内田博幸,1:48.9,アタマ,**,,,,,14-14-13,34.6,158.6,15,490(+4),,,,[東]堀井雅広,浜本牧場,,202005010509
1,2,3,ベストアクター,セ6,55,武豊,1:20.8,,**,,,,,15-14,33.4,4.1,1,454(+4),,,,[東]鹿戸雄一,社台レースホース,"1,857.8",202005010510
2,2,4,チカノワール,牝6,52,田中勝春,1:20.8,クビ,**,,,,,11-11,33.7,26.8,10,464(+2),,,,[西]笹田和秀,キーファーズ,740.8,202005010510
3,7,14,トウカイオラージュ,牡4,55,石川裕紀,1:21.0,1.1/4,**,,,,,2-2,35.2,8.0,4,472(0),,,,[西]長谷川浩,内村正則,465.4,202005010510
4,5,10,フレッチア,牡5,57,ルメール,1:21.1,クビ,**,,,,,1-1,35.3,5.7,3,496(+4),,,,[東]木村哲也,橋口,270.0,202005010510
5,6,12,シトラスノート,牝4,52,津村明秀,1:21.1,アタマ,**,,,,,3-3,34.7,12.4,6,442(-8),,,,[西]石坂正,吉田勝己,182.0,202005010510
6,4,7,デスティニーソング,牝6,52,野中悠太,1:21.1,ハナ,**,,,,,9-8,34.2,61.3,14,456(-4),,,,[西]松下武士,ノルマンディーサラブレッドレーシング,,202005010510
7,3,6,ペプチドバンブー,牡5,54,柴田善臣,1:21.3,1.1/4,**,,,,,16-16,33.6,28.4,12,510(+4),,,,[西]武英智,沼川一彦,,202005010510
8,1,1,ホープフルサイン,牡4,56,江田照男,1:21.3,ハナ,**,,,,,11-11,34.2,23.0,8,484(-6),,,,[東]本間忍,アドバンス・サッポロ,,202005010510
9,7,13,ナンヨーイザヨイ,牡4,54,石橋脩,1:21.4,1/2,**,,,,,5-4,34.9,27.9,11,468(0),,,,[西]松永幹夫,中村徳也,,202005010510
10,1,2,ムーンチャイム,牝5,54,福永祐一,1:21.5,1/2,**,,,,,3-4,35.0,12.3,5,456(-6),,,,[西]千田輝彦,ゴドルフィン,,202005010510
11,8,15,アンリミット,牝5,54,城戸義政,1:21.5,クビ,**,,,,,9-8,34.6,13.3,7,474(-8),,,,[西]清水久詞,前原敏行,,202005010510
12,6,11,ミリッサ,牝6,53,武藤雅,1:21.6,クビ,**,,,,,11-11,34.5,33.2,13,428(-4),,,,[西]石坂正,キャロットファーム,,202005010510
13,5,9,ジョーアラビカ,牡6,56,横山典弘,1:21.6,アタマ,**,,,,,6-6,35.0,4.5,2,492(0),,,,[西]清水久詞,上田けい子,,202005010510
14,4,8,ショウナンタイガ,牡4,55,吉田豊,1:21.8,1.1/4,**,,,,,6-7,35.0,25.2,9,480(-10),,,,[西]池添兼雄,国本哲秀,,202005010510
15,8,16,ウインフェニックス,牡9,55,フォーリ,1:22.0,1.1/2,**,,,,,14-14,34.6,63.9,15,490(0),,,,[東]奥平雅士,ウイン,,202005010510
16,3,5,マイネルバールマン,牡6,55,内田博幸,1:22.3,1.3/4,**,,,,,6-8,35.4,227.2,16,540(-6),,,,[東]青木孝文,サラブレッドクラブ・ラフィアン,,202005010510
1,1,1,ミヤマザクラ,牝3,54,福永祐一,1:34.0,,**,,,,,2-2,34.3,3.8,2,464(+4),,,,[西]藤原英昭,金子真人ホールディングス,"3,549.0",202005010511
2,6,9,マジックキャッスル,牝3,54,フォーリ,1:34.0,クビ,**,,,,,10-13,33.4,5.8,4,430(+2),,,,[東]国枝栄,社台レースホース,"1,414.0",202005010511
3,4,5,セイウンヴィーナス,牝3,54,野中悠太,1:34.1,3/4,**,,,,,4-6,34.1,265.5,12,446(0),,,,[東]本間忍,西山茂行,887.0,202005010511
4,6,10,アカノニジュウイチ,牝3,54,横山典弘,1:34.3,1.1/4,**,,,,,14-14,33.6,7.8,5,448(+10),,,,[東]尾関知人,岩切企画,530.0,202005010511
5,4,6,シャンドフルール,牝3,54,武豊,1:34.4,クビ,**,,,,,7-7,34.3,11.3,6,494(-4),,,,[西]松永幹夫,前田葉子,350.0,202005010511
6,7,12,ホウオウピースフル,牝3,54,田辺裕信,1:34.6,1.1/4,**,,,,,7-7,34.5,4.3,3,476(+12),,,,[東]大竹正博,小笹芳央,,202005010511
7,8,13,チアチアクラシカ,牝3,54,吉田豊,1:34.7,3/4,**,,,,,13-11,34.3,59.2,8,494(-4),,,,[東]堀井雅広,藤田在子,,202005010511
8,5,8,サナチャン,牝3,54,武士沢友,1:34.7,クビ,**,,,,,9-9,34.5,236.3,11,420(-12),,,,[東]武藤善則,瀬谷隆雄,,202005010511
9,7,11,アールクインダム,牝3,54,北村宏司,1:34.8,1/2,**,,,,,4-4,34.9,67.6,9,468(-4),,,,[東]伊藤大士,前原敏行,,202005010511
10,3,3,ルナシオン,牝3,54,ルメール,1:34.9,クビ,**,,,,,10-9,34.6,3.5,1,458(+8),,,,[東]藤沢和雄,シルクレーシング,,202005010511
11,3,4,アミークス,牝3,54,岩田康誠,1:35.4,3,**,,,,,4-4,35.5,23.5,7,450(+8),,,,[東]栗田徹,スリーエイチレーシング,,202005010511
12,5,7,ヤマニンプレシオサ,牝3,54,江田照男,1:35.4,アタマ,**,,,,,10-11,35.0,316.2,13,462(-8),,,,[東]星野忍,土井肇,,202005010511
13,2,2,メルテッドハニー,牝3,54,柴田善臣,1:35.5,1/2,**,,,,,2-2,35.7,449.3,14,398(+2),,,,[東]大江原哲,田頭勇貴,,202005010511
14,8,14,インザムービー,牝3,54,石橋脩,1:35.8,1.3/4,**,,,,,1-1,38.1,105.4,10,468(-12),,,,[西]牧田和弥,安原浩司,,202005010511
1,3,6,トラストロン,牝5,55,吉田豊,1:24.1,,**,,,,,9-7,36.5,11.7,5,452(+8),,,,[東]高橋文雅,菅波立知子,"1,100.0",202005010512
2,4,8,フクノグリュック,牡8,57,横山和生,1:24.4,1.3/4,**,,,,,14-14,36.0,48.4,12,522(+2),,,,[東]杉浦宏昭,福島祐子,440.0,202005010512
3,2,4,オールウェイズゼア,牡6,56,野中悠太,1:24.4,クビ,**,,,,,13-12,36.2,29.1,9,486(0),,,,[東]高市圭二,グリーンスウォード,280.0,202005010512
4,7,14,ミスパイロ,牝6,55,石橋脩,1:24.6,1,**,,,,,15-15,36.0,4.3,3,486(-4),,,,[東]小野次郎,村田哲朗,170.0,202005010512
5,5,9,ケイアイビリジアン,牡4,57,大野拓弥,1:24.6,ハナ,**,,,,,4-4,37.3,6.0,4,522(+6),,,,[東]奥平雅士,亀田和弘,110.0,202005010512
6,6,11,プタハ,牡5,57,岩田康誠,1:24.6,クビ,**,,,,,9-10,36.8,4.0,1,532(+2),,,,[東]斎藤誠,高瀬真尚,,202005010512
7,8,16,クリムズンフラッグ,牡5,57,木幡巧也,1:24.8,3/4,**,,,,,8-7,37.3,11.9,6,536(0),,,,[東]青木孝文,加藤徹,,202005010512
8,5,10,コスモビスティー,牡5,57,津村明秀,1:24.8,アタマ,**,,,,,11-11,36.9,45.5,11,484(-4),,,,[東]松山将樹,岡田繁幸,,202005010512
9,2,3,ベアクアウフ,牡4,57,江田照男,1:25.4,3.1/2,**,,,,,11-12,37.3,216.0,14,482(0),,,,[東]清水英克,ディアレストクラブ,,202005010512
10,4,7,ロジヒューズ,牝5,55,内田博幸,1:25.8,2.1/2,**,,,,,2-2,38.8,41.2,10,484(-8),,,,[東]古賀慎明,久米田正明,,202005010512
11,6,12,カゼノドリーム,セ8,57,武士沢友,1:25.8,ハナ,**,,,,,15-15,37.2,369.0,16,460(-6),,,,[東]石栗龍彦,深井孟,,202005010512
12,3,5,セイウンリリシイ,牝5,55,武藤雅,1:26.3,3,**,,,,,2-2,39.4,27.9,8,468(-10),,,,[東]水野貴広,西山茂行,,202005010512
13,1,1,タマモジャイブ,牝4,54,菊沢一樹,1:26.4,1/2,**,,,,,1-1,39.5,4.2,2,510(-4),,,,[東]伊藤圭三,タマモ,,202005010512
14,1,2,インバウンド,牝4,55,伊藤工真,1:27.1,4,**,,,,,4-4,39.9,20.2,7,498(+14),,,,[東]林徹,保坂和孝,,202005010512
15,8,15,スリーミニオン,牡5,57,村田一誠,1:27.7,3.1/2,**,,,,,4-7,40.2,367.6,15,484(+4),,,,[東]柄崎孝,永井商事,,202005010512
16,7,13,キョウエイオビエド,牡5,57,丸山元気,1:30.8,大,**,,,,,4-4,43.5,140.8,13,482(+6),,,,[東]勢司和浩,田中晴夫,,202005010512
1,2,3,マッチャパフェ,牝3,54,武藤雅,1:27.6,,**,,,,,1-1,38.2,4.9,3,450(+4),,,,[東]林徹,保坂和孝,510.0,202005010601
2,7,14,ユウチャファスト,牝3,54,北村宏司,1:28.1,3,**,,,,,6-5,38.3,7.9,5,456(+2),,,,[東]中舘英二,長谷川祐司,200.0,202005010601
3,8,15,ヨシノパナギア,牝3,54,丸山元気,1:28.2,1/2,**,,,,,7-7,38.1,9.5,6,488(+2),,,,[東]宗像義忠,清水義徳,130.0,202005010601
4,8,16,シャランドール,牝3,54,大野拓弥,1:28.3,クビ,**,,,,,12-11,37.6,69.8,10,458(-2),,,,[東]大竹正博,湊義明,77.0,202005010601
5,3,6,ミネルバ,牝3,54,ルメール,1:28.3,アタマ,**,,,,,4-3,38.6,7.0,4,446(+6),,,,[東]加藤征弘,新谷正子,51.0,202005010601
6,6,11,シェーネメロディ,牝3,54,武豊,1:28.3,ハナ,**,,,,,2-2,38.7,4.0,2,472(+6),,,,[東]伊藤大士,キャロットファーム,,202005010601
7,7,13,アイヅオイワケ,牝3,53,野中悠太,1:28.3,ハナ,**,,,,,3-3,38.6,54.0,9,416(+6),,,,[東]武市康男,福島徳佑,,202005010601
8,6,12,ラルナジェナ,牝3,54,ミナリク,1:28.3,アタマ,**,,,,,4-5,38.5,50.6,8,434(-8),,,,[東]奥村武,サンデーレーシング,,202005010601
9,3,5,ユメミルユメコ,牝3,54,菅原隆一,1:28.4,1/2,**,,,,,13-13,37.4,198.7,12,432(+6),,,,[東]南田美知,ミルファーム,,202005010601
10,4,7,バーグマン,牝3,54,吉田豊,1:28.7,1.3/4,**,,,,,7-7,38.6,3.6,1,442(-6),,,,[東]菊沢隆徳,中辻明,,202005010601
11,5,10,ザハロワ,牝3,53,菊沢一樹,1:29.3,3.1/2,**,,,,,9-9,38.9,347.3,14,468(-2),,,,[東]天間昭一,ホースアディクト,,202005010601
12,1,1,キタノナデシコ,牝3,54,田中勝春,1:29.4,3/4,**,,,,,15-15,38.0,83.8,11,434(0),,,,[東]松永康利,北所直人,,202005010601
13,2,4,リングアップ,牝3,54,Ｍ．デム,1:29.5,クビ,**,,,,,14-14,38.4,14.5,7,476(-12),,,,[東]稲垣幸雄,梶本尚嗣,,202005010601
14,1,2,ジョイ,牝3,54,井上敏樹,1:29.6,3/4,**,,,,,11-11,38.9,264.4,13,452(+6),,,,[東]古賀史生,西村專次,,202005010601
15,4,8,ララソワニエ,牝3,54,柴田大知,1:30.2,4,**,,,,,9-9,39.8,355.8,15,396(-32),,,,[東]粕谷昌央,フジイ興産,,202005010601
取,5,9,ブルーミスト,牝3,54,田辺裕信,,,**,,,,,,,---,,計不,,,,[東]伊藤圭三,ゴドルフィン,,202005010601
1,4,8,ルヴァンヴェール,牡3,56,松山弘平,1:20.0,,**,,,,,2-2,38.1,22.3,8,482(-4),,,,[東]竹内正洋,グリーンファーム,510.0,202005010602
2,6,11,イデアイホマジョル,牡3,56,Ｍ．デム,1:20.2,1.1/4,**,,,,,3-3,38.1,18.9,7,440(-8),,,,[東]和田雄二,益田修一,200.0,202005010602
3,1,1,スターファイター,牡3,56,田辺裕信,1:20.2,クビ,**,,,,,7-6,37.8,7.0,4,472(-4),,,,[東]田島俊明,ＹＧＧホースクラブ,130.0,202005010602
4,4,7,ダウラギリ,牡3,56,石橋脩,1:20.3,1/2,**,,,,,1-1,38.6,5.9,3,504(+6),,,,[東]和田正一,スピードファーム,77.0,202005010602
5,8,15,グレートコート,牡3,56,ルメール,1:20.4,1/2,**,,,,,7-8,37.9,4.5,2,470(+4),,,,[東]大江原哲,伊東純一,51.0,202005010602
6,7,13,アルジョンブラン,牡3,56,丸山元気,1:20.5,3/4,**,,,,,14-13,37.5,3.1,1,490(+8),,,,[東]鹿戸雄一,吉田和美,,202005010602
7,2,3,サンドストーム,牡3,56,石川裕紀,1:20.7,1.1/4,**,,,,,7-8,38.2,11.0,6,428(-4),,,,[東]尾形和幸,古賀慎一,,202005010602
8,3,6,ペイシャハミング,牝3,54,横山和生,1:20.8,3/4,**,,,,,11-10,38.0,89.6,12,430(-2),,,,[東]石栗龍彦,北所直人,,202005010602
9,2,4,ソラン,牡3,56,吉田豊,1:20.9,1/2,**,,,,,4-4,38.6,24.8,9,524(+4),,,,[東]古賀史生,鈴木康弘,,202005010602
10,5,9,コルニリア,牡3,56,嘉藤貴行,1:21.2,1.3/4,**,,,,,4-4,38.9,46.5,11,442(+2),,,,[東]大和田成,ミルファーム,,202005010602
11,8,16,エストラード,牡3,56,江田照男,1:21.2,クビ,**,,,,,11-10,38.4,10.7,5,480(+2),,,,[東]武市康男,島川隆哉,,202005010602
12,7,14,グランドストローク,牡3,56,武藤雅,1:21.3,1/2,**,,,,,16-15,38.0,95.9,13,448(+2),,,,[東]水野貴広,コスモヴューファーム,,202005010602
13,1,2,シゲルメイオウセイ,牡3,56,内田博幸,1:21.7,2.1/2,**,,,,,10-10,38.9,34.3,10,482(0),,,,[東]松山将樹,森中蕃,,202005010602
14,5,10,タイニーパワー,牡3,56,柴田大知,1:22.1,2.1/2,**,,,,,14-15,38.8,312.7,15,432(+2),,,,[東]粕谷昌央,岡田壮史,,202005010602
15,3,5,パシスタ,牡3,56,宮崎北斗,1:22.3,1.1/4,**,,,,,13-13,39.3,146.2,14,486(0),,,,[東]高橋祥泰,山上和良,,202005010602
16,6,12,フルートフル,牝3,53,野中悠太,1:22.4,3/4,**,,,,,6-6,40.0,376.9,16,448(+30),,,,[東]石毛善彦,和田牧場,,202005010602
1,1,1,リアンフィーユ,牝3,54,田辺裕信,1:39.3,,**,,,,,10-9,38.0,3.1,1,450(-2),,,,[東]斎藤誠,ＣＨＥＶＡＬＡＴＴＡＣＨＥ,510.0,202005010603
2,7,13,シャーレ,牝3,54,石橋脩,1:39.3,クビ,**,,,,,12-11,37.8,11.8,6,452(+8),,,,[東]武市康男,東海林貴大,200.0,202005010603
3,8,16,ココラ,牝3,54,松山弘平,1:39.5,1.1/4,**,,,,,4-6,38.6,41.1,11,452(-6),,,,[東]大和田成,田中純一,130.0,202005010603
4,7,14,パラスアテナ,牝3,54,吉田豊,1:39.9,2.1/2,**,,,,,12-11,38.4,6.6,4,442(-8),,,,[東]高柳瑞樹,広尾レース,77.0,202005010603
5,4,8,トップブランド,牝3,54,ルメール,1:40.1,1.1/4,**,,,,,2-2,39.5,5.7,3,482(-6),,,,[東]伊藤圭三,ヒダカ・ブリーダーズ・ユニオン,51.0,202005010603
6,5,10,ディーズギャラント,牝3,54,大野拓弥,1:40.3,1.1/4,**,,,,,12-11,38.8,11.5,5,438(-6),,,,[東]藤原辰雄,秋谷壽之,,202005010603
7,5,9,ナーシサステソーロ,牝3,54,武藤雅,1:40.4,1/2,**,,,,,7-7,39.4,12.3,7,426(+2),,,,[東]奥平雅士,了徳寺健二ホールディングス,,202005010603
8,3,6,モアナグレイス,牝3,54,柴田大知,1:40.4,クビ,**,,,,,15-14,38.3,351.6,15,418(0),,,,[東]和田雄二,日下幸徳,,202005010603
9,6,11,ウィップラッシュ,牝3,53,菊沢一樹,1:40.4,アタマ,**,,,,,9-9,39.2,79.9,13,472(-4),,,,[東]菊沢隆徳,グランド牧場,,202005010603
10,6,12,チャームインレース,牝3,54,北村宏司,1:40.5,クビ,**,,,,,3-3,39.7,18.3,8,490(+4),,,,[東]中川公成,高橋明裕,,202005010603
11,4,7,ベルアンブル,牝3,54,ミナリク,1:40.6,3/4,**,,,,,8-7,39.5,36.6,10,442(+8),,,,[東]奥村武,社台レースホース,,202005010603
12,2,4,タッシーアレッタ,牝3,54,武豊,1:41.4,5,**,,,,,4-3,40.6,5.6,2,434(0),,,,[東]中舘英二,吉岡輝美,,202005010603
13,3,5,ヨモギ,牝3,52,木幡育也,1:41.5,1/2,**,,,,,16-15,39.1,152.7,14,404(-12),,,,[東]伊藤圭三,岡本真二,,202005010603
14,2,3,クリノテルチャン,牝3,54,横山和生,1:41.7,1.1/4,**,,,,,4-3,40.9,35.7,9,482(+2),,,,[東]高市圭二,栗本博晴,,202005010603
15,1,2,シェクロエ,牝3,54,丸山元気,1:41.9,1.1/2,**,,,,,1-1,41.4,47.3,12,446(+8),,,,[東]小野次郎,小川眞査雄,,202005010603
16,8,15,マオノエピ,牝3,54,木幡巧也,1:48.8,大,**,,,,,10-15,46.5,436.0,16,466(-12),,,,[東]黒岩陽一,湯浅健司,,202005010603
1,4,7,アキノスマート,牡3,56,横山典弘,1:39.9,,**,,,,,1-1,38.4,3.1,1,484(0),,,,[東]田中剛,穐吉正孝,600.0,202005010604
2,7,14,レーシングマインド,牡3,56,岡田祥嗣,1:40.7,5,**,,,,,7-7,38.6,5.0,2,464(0),,,,[西]浅見秀一,ゴドルフィン,240.0,202005010604
3,2,3,コスモオリ,牡3,56,柴田大知,1:41.5,5,**,,,,,11-9,39.1,6.1,3,436(0),,,,[東]高橋祥泰,ビッグレッドファーム,150.0,202005010604
4,3,5,ヤギリエピファクン,牡3,56,丸山元気,1:41.5,クビ,**,,,,,5-5,39.6,14.8,7,474(0),,,,[東]小西一男,内田ヤエ子,90.0,202005010604
5,7,13,ゴールドスナイパー,牡3,56,木幡巧也,1:41.7,1.1/4,**,,,,,5-5,39.8,31.1,9,474(0),,,,[東]田中剛,馬目卓,60.0,202005010604
6,5,9,アントルドゥメール,牝3,53,菊沢一樹,1:41.9,1,**,,,,,4-2,40.1,9.4,5,442(0),,,,[東]菊沢隆徳,村野康司,,202005010604
7,6,12,カッティングロック,牡3,56,石橋脩,1:42.2,1.3/4,**,,,,,15-15,37.9,38.5,10,504(0),,,,[東]相沢郁,石瀬浩三,,202005010604
8,5,10,エドノスカッシュ,牝3,54,内田博幸,1:42.5,2,**,,,,,9-9,40.2,74.5,12,476(0),,,,[東]松山将樹,遠藤喜松,,202005010604
9,1,1,ヨドノウイング,牡3,56,柴田善臣,1:43.1,3.1/2,**,,,,,14-13,39.3,20.3,8,480(0),,,,[東]中野栄治,海原聖一,,202005010604
10,4,8,ロングイ,牡3,56,井上敏樹,1:43.3,1.1/4,**,,,,,13-11,40.1,202.2,16,492(0),,,,[東]伊藤大士,佐久間拓士,,202005010604
11,2,4,クックテソーロ,牡3,56,鮫島良太,1:43.8,3,**,,,,,8-7,41.6,130.1,15,476(0),,,,[東]和田雄二,了徳寺健二ホールディングス,,202005010604
12,8,15,シゲルガラテア,牡3,56,村田一誠,1:44.3,3,**,,,,,2-2,42.6,84.9,13,486(0),,,,[東]水野貴広,森中蕃,,202005010604
13,1,2,マリノスペクトル,牝3,54,伊藤工真,1:44.4,1/2,**,,,,,12-12,41.0,54.7,11,464(0),,,,[東]林徹,クラウン,,202005010604
14,6,11,ノーブレイナー,牡3,56,石川裕紀,1:45.5,7,**,,,,,3-2,43.7,86.6,14,454(0),,,,[東]蛯名利弘,畑佐博,,202005010604
15,8,16,ジュンスターリッチ,牝3,54,松山弘平,1:46.7,7,**,,,,,10-13,42.9,10.3,6,458(0),,,,[東]畠山吉宏,河合純二,,202005010604
16,3,6,アラーラム,牝3,54,北村宏司,1:49.1,大,**,,,,,16-16,40.0,7.6,4,458(0),,,,[東]上原博之,ゴドルフィン,,202005010604
1,7,14,フェアリーグルーヴ,牝3,54,丸山元気,1:50.2,,**,,,,,9-14-13,35.6,43.6,7,440(+10),,,,[東]高橋文雅,サンデーレーシング,510.0,202005010605
2,1,2,セイウンノワール,牝3,54,田中勝春,1:50.2,クビ,**,,,,,1-1-1,36.4,39.4,6,506(-4),,,,[東]尾形和幸,西山茂行,200.0,202005010605
3,8,16,ブランシュフルール,牝3,54,ルメール,1:50.3,1/2,**,,,,,15-10-10,35.8,3.4,2,450(+10),,,,[東]大竹正博,サンデーレーシング,130.0,202005010605
4,3,5,クロトノーナ,牝3,54,石橋脩,1:50.5,1.1/4,**,,,,,8-3-4,36.4,15.5,4,414(+12),,,,[東]大和田成,キャロットファーム,77.0,202005010605
5,5,9,アールブリッツ,牡3,56,木幡巧也,1:50.8,1.1/2,**,,,,,2-2-2,36.9,9.4,3,526(+6),,,,[東]伊藤大士,前原敏行,51.0,202005010605
6,1,1,テンカビト,牡3,56,横山和生,1:51.1,1.3/4,**,,,,,16-14-16,36.1,125.3,13,496(-14),,,,[東]小野次郎,村田哲朗,,202005010605
7,7,13,アンティシペイト,牡3,56,武豊,1:51.1,クビ,**,,,,,7-10-7,36.8,1.7,1,496(+10),,,,[東]国枝栄,Ｇ１レーシング,,202005010605
8,8,15,ユイノリオン,牡3,56,吉田豊,1:51.3,1,**,,,,,11-14-15,36.4,111.6,12,438(0),,,,[東]尾関知人,由井健太郎,,202005010605
9,3,6,サトノバシリス,牝3,54,田辺裕信,1:51.3,ハナ,**,,,,,11-6-7,37.0,95.6,11,438(+2),,,,[東]奥村武,サトミホースカンパニー,,202005010605
10,4,7,コスモクウ,牡3,56,柴田大知,1:51.4,3/4,**,,,,,11-10-9,37.0,64.9,10,464(+6),,,,[東]上原博之,岡田繁幸,,202005010605
11,6,11,ルピナスガーデン,牝3,54,武藤雅,1:51.5,3/4,**,,,,,3-3-2,37.6,333.3,14,466(+2),,,,[東]竹内正洋,スリースターズレーシング,,202005010605
12,2,4,クラウンララファル,牡3,55,菊沢一樹,1:51.7,1.1/2,**,,,,,3-6-10,37.2,407.2,15,472(+10),,,,[東]田島俊明,矢野雅子,,202005010605
13,2,3,クロワルース,牝3,54,北村宏司,1:51.8,クビ,**,,,,,3-5-5,37.6,17.0,5,480(+10),,,,[東]古賀慎明,シルクレーシング,,202005010605
14,5,10,マイネルスタイル,牡3,56,ミナリク,1:51.9,3/4,**,,,,,3-6-5,37.7,44.9,9,474(+2),,,,[東]小笠倫弘,サラブレッドクラブ・ラフィアン,,202005010605
15,6,12,スノージュエリー,牝3,53,野中悠太,1:52.1,1.1/4,**,,,,,11-13-13,37.4,44.3,8,440(-6),,,,[東]根本康広,広尾レース,,202005010605
16,4,8,ドナグラツィア,牝3,54,菅原隆一,1:52.9,5,**,,,,,9-9-10,38.4,424.7,16,412(0),,,,[東]畠山吉宏,小川眞査雄,,202005010605
1,4,5,ヴェスターヴァルト,牡3,56,ルメール,1:23.0,,**,,,,,9-7,35.0,3.9,3,464(-2),,,,[東]加藤征弘,キャロットファーム,730.0,202005010606
2,1,1,グランチェイサー,牡3,56,石橋脩,1:23.2,1,**,,,,,13-13,34.5,12.7,5,456(+10),,,,[東]矢野英一,落合幸弘,290.0,202005010606
3,4,6,コウソクスピード,牡3,56,丸山元気,1:23.5,1.3/4,**,,,,,13-13,34.9,11.9,4,520(+10),,,,[東]中舘英二,野崎昭夫,180.0,202005010606
4,7,11,モーベット,牝3,52,木幡育也,1:23.5,クビ,**,,,,,12-12,35.0,3.7,1,458(+4),,,,[東]藤沢和雄,シルクレーシング,110.0,202005010606
5,3,3,セイウンパワフル,牡3,56,ミナリク,1:23.6,クビ,**,,,,,11-10,35.3,34.8,10,472(-6),,,,[東]斎藤誠,西山茂行,73.0,202005010606
6,3,4,ヴァルナ,牡3,56,幸英明,1:23.6,ハナ,**,,,,,3-3,36.0,12.8,6,478(+2),,,,[西]寺島良,野嶋祥二,,202005010606
7,5,8,アメージングサン,牡3,56,Ｍ．デム,1:23.8,1.1/2,**,,,,,1-1,36.4,3.7,2,466(+10),,,,[東]奥村武,ローレルレーシング,,202005010606
8,8,14,コスモカルナック,牡3,56,柴田大知,1:23.9,クビ,**,,,,,9-10,35.6,21.5,9,472(0),,,,[東]菊沢隆徳,ビッグレッドファーム,,202005010606
9,6,10,タケルラスティ,牡3,56,松山弘平,1:24.2,2,**,,,,,3-3,36.6,16.0,7,496(0),,,,[西]矢作芳人,森保彦,,202005010606
10,8,13,ロードエクスプレス,牡3,56,石川裕紀,1:24.5,2,**,,,,,5-5,36.6,19.4,8,448(+2),,,,[西]坂口智康,ロードホースクラブ,,202005010606
11,2,2,カップッチョ,牡3,56,江田照男,1:24.7,1,**,,,,,7-5,36.9,78.3,11,456(0),,,,[東]高市圭二,ミルファーム,,202005010606
12,6,9,プライモーディアル,牡3,55,野中悠太,1:25.0,1.3/4,**,,,,,2-2,37.5,99.6,12,490(+8),,,,[東]黒岩陽一,ゴドルフィン,,202005010606
13,7,12,インザムード,牡3,56,岡田祥嗣,1:25.2,1.1/2,**,,,,,7-7,37.1,243.7,13,476(-4),,,,[西]浅見秀一,三田昌宏,,202005010606
14,5,7,リュウノゾロ,セ3,56,菅原隆一,1:25.4,1.1/4,**,,,,,5-7,37.3,274.4,14,460(-20),,,,[東]小野次郎,蓑島竜一,,202005010606
1,3,6,リトルモンスター,牝4,55,ルメール,1:38.0,,**,,,,,7-5,37.5,2.4,1,480(+10),,,,[東]武井亮,吉田千津,760.0,202005010607
2,8,16,ヴィーダ,セ5,57,木幡巧也,1:38.1,3/4,**,,,,,2-2,38.1,13.1,5,436(-6),,,,[東]堀井雅広,中村広樹,300.0,202005010607
3,6,11,ダンスメーカー,牡5,57,武藤雅,1:38.3,1.1/4,**,,,,,12-9,37.5,12.5,4,490(+2),,,,[東]戸田博文,Ｇ１レーシング,190.0,202005010607
4,2,4,ペイシャキュウ,牝4,54,野中悠太,1:38.3,アタマ,**,,,,,7-7,37.6,3.7,2,424(0),,,,[東]蛯名利弘,北所直人,110.0,202005010607
5,6,12,ロブラリア,牝5,55,江田照男,1:38.4,3/4,**,,,,,14-13,37.2,16.2,7,476(+4),,,,[東]田村康仁,ディアレストクラブ,76.0,202005010607
6,2,3,セイカヤマノ,牡4,57,武士沢友,1:38.5,クビ,**,,,,,16-15,37.0,30.6,11,500(0),,,,[東]南田美知,久米誠,,202005010607
7,3,5,プリミエラムール,牝4,55,武豊,1:38.8,2,**,,,,,1-1,39.0,20.9,10,444(-8),,,,[東]田島俊明,ライオンレースホース,,202005010607
8,8,15,ポートロイヤル,セ4,57,田辺裕信,1:39.3,3,**,,,,,5-3,39.0,12.3,3,480(+6),,,,[東]高柳瑞樹,社台レースホース,,202005010607
9,4,8,ローリエテソーロ,牡4,57,内田博幸,1:39.8,3,**,,,,,14-15,38.4,196.5,14,524(-2),,,,[東]加藤和宏,了徳寺健二ホールディングス,,202005010607
10,7,14,サンマルフラッシュ,牡4,57,嘉藤貴行,1:39.9,1/2,**,,,,,10-10,39.0,242.9,16,458(-20),,,,[東]佐藤吉勝,相馬勇,,202005010607
11,5,10,フラベリフォーム,牡5,57,田中勝春,1:40.7,5,**,,,,,11-10,39.7,17.4,8,462(+8),,,,[東]萩原清,水上行雄,,202005010607
12,5,9,ミッキーセオリー,牡4,57,大野拓弥,1:41.8,7,**,,,,,4-5,41.3,20.8,9,464(+18),,,,[東]久保田貴,野田みづき,,202005010607
13,1,2,クロヒョウ,牡4,57,柴田善臣,1:42.0,3/4,**,,,,,7-10,41.1,15.6,6,486(0),,,,[東]小西一男,河内孝夫,,202005010607
14,7,13,チバタリアン,牝4,55,石川裕紀,1:42.0,クビ,**,,,,,5-7,41.4,198.5,15,426(0),,,,[東]稲垣幸雄,井上久光,,202005010607
15,4,7,エレガントエルフ,セ4,57,ミナリク,1:42.1,3/4,**,,,,,12-14,40.8,186.7,13,458(+6),,,,[東]高柳瑞樹,岡田牧雄,,202005010607
16,1,1,ボールドスパルタン,牡5,56,菊沢一樹,1:43.1,6,**,,,,,3-3,42.8,131.8,12,472(+2),,,,[東]大和田成,増田陽一,,202005010607
1,2,2,サクラアリュール,牡5,57,武豊,2:11.1,,**,,,,,4-3-5-3,36.5,2.4,1,468(-2),,,,[西]村山明,さくらコマース,"1,100.0",202005010608
2,7,9,フィストバンプ,牡4,56,田中勝春,2:11.5,2.1/2,**,,,,,1-1-1-1,37.2,17.3,7,490(-2),,,,[東]松永康利,小林竜太郎,440.0,202005010608
3,8,11,ロードリバーサル,牡4,56,Ｍ．デム,2:11.8,1.3/4,**,,,,,2-2-2-2,37.4,5.0,2,492(+2),,,,[西]藤岡健一,ロードホースクラブ,280.0,202005010608
4,1,1,ネオブレイブ,牡4,56,田辺裕信,2:11.9,クビ,**,,,,,9-9-9-9,36.6,38.7,10,508(+4),,,,[東]小西一男,西田俊二,170.0,202005010608
5,7,10,ストロングライン,牡4,56,石橋脩,2:12.1,1.1/4,**,,,,,3-3-3-4,37.3,5.2,3,512(-10),,,,[西]西村真幸,ターフ・スポート,110.0,202005010608
6,5,6,キタサンヴィクター,牡5,56,菊沢一樹,2:12.5,2.1/2,**,,,,,8-8-8-8,37.3,13.4,6,522(+4),,,,[西]本田優,大野商事,,202005010608
7,4,4,ミラクルブラッド,牝5,55,大野拓弥,2:12.9,2.1/2,**,,,,,7-7-6-6,37.9,22.8,9,460(+2),,,,[東]相沢郁,芹澤精一,,202005010608
8,8,12,メスキータ,牡4,56,松山弘平,2:13.1,1.1/2,**,,,,,10-10-9-9,37.8,19.8,8,520(-2),,,,[西]山内研二,岡浩二,,202005010608
9,3,3,マックスアン,牡4,56,ミナリク,2:13.2,クビ,**,,,,,11-11-11-11,37.6,10.2,4,470(0),,,,[東]大和田成,ＴＵＲＦレーシング,,202005010608
10,6,7,キャプチュード,牡5,57,武藤雅,2:13.4,1.1/4,**,,,,,12-12-12-12,37.6,121.9,12,486(+2),,,,[東]和田正一,ローレルレーシング,,202005010608
11,5,5,ベルウッドカザン,牡4,56,柴田大知,2:13.4,アタマ,**,,,,,4-6-6-6,38.5,11.2,5,498(0),,,,[東]和田雄二,鈴木照雄,,202005010608
12,6,8,ワイルドゲーム,牡7,57,柴田善臣,2:13.5,3/4,**,,,,,4-3-3-4,38.7,88.0,11,490(-2),,,,[東]石栗龍彦,小林英一ホールディングス,,202005010608
1,2,2,サムシングジャスト,牝4,54,松山弘平,1:48.2,,**,,,,,12-11-6,34.7,5.8,2,506(-8),,,,[西]松田国英,グリーンファーム,"1,853.6",202005010609
2,5,9,サトノダムゼル,牝4,54,Ｍ．デム,1:48.2,クビ,**,,,,,10-11-6,34.7,2.6,1,456(+12),,,,[東]堀宣行,サトミホースカンパニー,739.6,202005010609
3,3,4,ロフティフレーズ,牝5,55,丸山元気,1:48.4,1.1/4,**,,,,,10-2-2,35.6,18.4,7,468(-2),,,,[東]上原博之,水上ふじ子,464.8,202005010609
4,1,1,リープフラウミルヒ,牝5,55,石川裕紀,1:48.5,1/2,**,,,,,1-1-1,35.7,27.4,10,430(+2),,,,[東]相沢郁,サラブレッドクラブ・ラフィアン,270.0,202005010609
5,3,5,サマーセント,牝4,54,幸英明,1:48.5,クビ,**,,,,,6-8-10,34.7,18.6,8,448(-4),,,,[西]斉藤崇史,ゴドルフィン,182.0,202005010609
6,4,6,ローズテソーロ,牝4,54,武藤雅,1:48.6,1/2,**,,,,,4-6-8,35.0,7.3,4,458(+10),,,,[東]金成貴史,了徳寺健二ホールディングス,,202005010609
7,4,7,リンディーホップ,牝5,55,ルメール,1:48.8,1.1/4,**,,,,,6-8-10,35.0,6.6,3,484(+16),,,,[東]金成貴史,社台レースホース,,202005010609
8,5,8,ヤマカツグレース,牝6,55,横山典弘,1:48.9,1/2,**,,,,,2-4-4,35.6,125.2,15,464(0),,,,[西]池添兼雄,山田博康,,202005010609
9,7,13,エリティエール,牝6,55,石橋脩,1:49.0,クビ,**,,,,,9-8-10,35.2,13.7,6,448(+6),,,,[東]大竹正博,キャロットファーム,,202005010609
10,2,3,レオコックブルー,牝5,55,内田博幸,1:49.0,クビ,**,,,,,15-15-14,34.9,67.9,12,434(-6),,,,[西]牧田和弥,親川智行,,202005010609
11,7,12,イストワールファム,牝6,55,武豊,1:49.0,ハナ,**,,,,,14-14-10,35.2,23.2,9,464(+8),,,,[東]古賀慎明,シルクレーシング,,202005010609
12,8,15,ブラックスビーチ,牝6,55,北村宏司,1:49.4,2.1/2,**,,,,,2-2-3,36.5,27.5,11,464(-4),,,,[西]角居勝彦,山本英俊,,202005010609
13,8,14,モアナアネラ,牝4,54,田辺裕信,1:49.7,1.3/4,**,,,,,12-11-14,35.6,12.6,5,420(-4),,,,[西]石坂正,サンデーレーシング,,202005010609
14,6,10,ウインゼノビア,牝4,54,柴田大知,1:50.0,1.3/4,**,,,,,4-5-4,36.6,92.7,13,482(+22),,,,[東]青木孝文,ウイン,,202005010609
15,6,11,ハイヒール,牝5,55,ミナリク,1:51.1,7,**,,,,,6-6-8,37.5,100.7,14,454(+4),,,,[西]清水久詞,石川達絵,,202005010609
1,4,8,ショーム,牡5,57,横山典弘,1:23.6,,**,,,,,13-12,35.5,6.7,4,498(+10),,,,[東]鈴木伸尋,西森功,"2,237.8",202005010610
2,3,5,イーグルバローズ,牡6,57,石橋脩,1:23.7,1/2,**,,,,,15-15,35.1,34.2,9,558(+20),,,,[東]堀宣行,猪熊広次,890.8,202005010610
3,8,15,ベストマッチョ,セ7,58,北村宏司,1:23.8,1/2,**,,,,,3-3,36.8,35.4,10,500(+14),,,,[東]手塚貴久,馬場幸夫,555.4,202005010610
4,6,12,ドリュウ,牡5,57,Ｍ．デム,1:23.9,3/4,**,,,,,12-12,35.8,6.3,3,450(-2),,,,[東]土田稔,ミルファーム,330.0,202005010610
5,8,16,ブルベアイリーデ,牡4,57,ルメール,1:23.9,クビ,**,,,,,4-4,36.6,3.8,2,492(0),,,,[西]杉山晴紀,ブルアンドベア,220.0,202005010610
6,3,6,サヴィ,牡6,57,ミナリク,1:24.0,1/2,**,,,,,4-4,36.7,18.7,7,468(+4),,,,[西]中内田充,ゴドルフィン,,202005010610
7,7,14,ロードグラディオ,牡4,57,丸山元気,1:24.3,1.3/4,**,,,,,6-6,36.7,13.8,5,486(0),,,,[西]西浦勝一,ロードホースクラブ,,202005010610
8,2,3,ラプタス,セ4,57,幸英明,1:24.6,2,**,,,,,1-1,37.8,3.1,1,462(-2),,,,[西]松永昌博,ヒダカ・ブリーダーズ・ユニオン,,202005010610
9,6,11,サングラス,牡9,59,石川裕紀,1:24.6,クビ,**,,,,,13-14,36.2,201.0,16,510(+2),,,,[西]谷潔,玉置潔,,202005010610
10,2,4,アキトクレッセント,牡8,59,大野拓弥,1:24.7,3/4,**,,,,,6-6,37.2,137.4,15,508(0),,,,[西]清水久詞,岡田昭利,,202005010610
11,4,7,ノーブルサターン,牡6,57,鮫島良太,1:24.8,1/2,**,,,,,9-8,36.9,45.8,12,508(0),,,,[西]牧浦充徳,吉木伸彦,,202005010610
12,5,9,タガノアム,牝5,55,岡田祥嗣,1:24.9,1/2,**,,,,,9-10,36.9,28.6,8,480(-6),,,,[西]浅見秀一,八木良司,,202005010610
13,5,10,ロワアブソリュー,牡7,59,吉田豊,1:25.4,3,**,,,,,9-10,37.4,70.4,13,516(-2),,,,[西]須貝尚介,サンデーレーシング,,202005010610
14,1,1,クリノケンリュウ,牡6,57,武藤雅,1:25.4,クビ,**,,,,,6-8,37.6,44.1,11,508(0),,,,[西]藤沢則雄,栗本博晴,,202005010610
15,7,13,トミケンキルカス,牡8,57,田辺裕信,1:26.8,9,**,,,,,2-2,39.9,102.5,14,518(+2),,,,[東]大和田成,冨樫賢二,,202005010610
中,1,2,ジャスパープリンス,牡5,57,松山弘平,,,**,,,,,,,14.5,6,494(+12),,,,[西]森秀行,加藤和夫,,202005010610
1,6,6,ダーリントンホール,牡3,56,ルメール,1:49.6,,**,,,,,4-4-3,34.1,6.0,3,526(+2),,,,[東]木村哲也,ゴドルフィン,"3,834.3",202005010611
2,2,2,ビターエンダー,牡3,56,ミナリク,1:49.6,ハナ,**,,,,,2-1-1,34.3,14.1,4,460(-10),,,,[東]相沢郁,ヒダカ・ブリーダーズ・ユニオン,"1,509.8",202005010611
3,7,7,フィリオアレグロ,牡3,56,Ｍ．デム,1:50.3,4,**,,,,,2-4-5,34.6,4.6,2,490(+18),,,,[東]堀宣行,サンデーレーシング,954.9,202005010611
4,8,8,マイラプソディ,牡3,57,武豊,1:50.3,アタマ,**,,,,,6-7-7,34.3,1.5,1,508(-2),,,,[西]友道康夫,キーファーズ,570.0,202005010611
5,3,3,ココロノトウダイ,牡3,56,丸山元気,1:50.4,1/2,**,,,,,1-2-3,34.9,14.6,5,528(+12),,,,[東]手塚貴久,星野壽市,380.0,202005010611
6,4,4,シングンバズーカ,牡3,56,柴田善臣,1:50.4,ハナ,**,,,,,6-4-5,34.6,32.5,7,474(+6),,,,[東]高市圭二,伊坂重憲,,202005010611
7,1,1,エン,牡3,54,柴田大知,1:51.4,6,**,,,,,4-2-2,36.0,25.0,6,466(+3),,,,[地]河津裕昭,岡田繁幸,,202005010611
8,8,9,シコウ,牡3,56,木幡巧也,1:51.5,1/2,**,,,,,6-9-7,35.4,217.5,8,456(-4),,,,[東]牧光二,岡田牧雄,,202005010611
9,5,5,アジュバント,牡3,56,幸英明,1:52.0,3,**,,,,,9-7-7,36.0,258.1,9,452(-2),,,,[東]上原博之,伊達敏明,,202005010611
1,7,10,ニシノカツナリ,牡4,57,田辺裕信,1:35.1,,**,,,,,9-9,34.8,3.6,1,480(+4),,,,[東]水野貴広,西山茂行,"1,100.0",202005010612
2,6,7,パルマリア,牡5,57,丸山元気,1:35.4,2,**,,,,,6-5,35.5,4.5,3,534(+6),,,,[東]武井亮,吉田和美,440.0,202005010612
3,8,12,ロザムール,牝4,55,北村宏司,1:35.5,クビ,**,,,,,1-1,36.2,13.5,6,482(-2),,,,[東]上原博之,栗山良子,280.0,202005010612
4,6,8,サトノフォース,牡4,57,ルメール,1:35.6,1/2,**,,,,,7-7,35.5,3.9,2,460(+4),,,,[東]藤沢和雄,サトミホースカンパニー,170.0,202005010612
5,4,4,ステイオンザトップ,牡6,57,Ｍ．デム,1:35.6,ハナ,**,,,,,2-2,36.0,4.6,4,476(+4),,,,[西]須貝尚介,シルクレーシング,110.0,202005010612
6,8,11,ソーラーフレア,牡5,57,松山弘平,1:35.8,1.1/4,**,,,,,7-7,35.6,21.2,7,458(-2),,,,[東]高柳瑞樹,ゴドルフィン,,202005010612
7,1,1,エイムアンドエンド,牡5,57,石橋脩,1:35.9,1/2,**,,,,,3-5,36.1,28.3,8,500(+6),,,,[東]奥村武,キャロットファーム,,202005010612
8,5,6,ショワドゥロワ,牡6,57,武豊,1:36.0,1/2,**,,,,,9-9,35.7,50.5,10,520(+12),,,,[東]鹿戸雄一,村野康司,,202005010612
9,2,2,エメラルスター,牡6,57,石川裕紀,1:36.3,2,**,,,,,4-2,36.7,39.3,9,462(0),,,,[東]相沢郁,高橋勉,,202005010612
10,5,5,ナンヨーマーズ,牡6,55,木幡育也,1:36.4,クビ,**,,,,,12-11,35.6,211.1,11,464(+4),,,,[東]杉浦宏昭,中村徳也,,202005010612
11,7,9,スワンボート,牡10,57,幸英明,1:37.9,9,**,,,,,11-11,37.2,321.2,12,488(-6),,,,[東]浅野洋一,田頭勇貴,,202005010612
12,3,3,アンブロークン,牡4,57,武藤雅,1:39.7,大,**,,,,,4-2,40.0,13.0,5,514(-4),,,,[東]手塚貴久,馬場幸夫,,202005010612
1,3,5,クールマキシマム,牝3,54,嘉藤貴行,1:25.8,,**,,,,,4-4,36.6,3.0,1,474(-4),,,,[東]奥平雅士,保谷フミ子,510.0,202005010701
2,2,4,ディアコニア,牝3,54,フォーリ,1:26.7,5,**,,,,,7-7,37.2,3.3,2,462(+10),,,,[東]古賀慎明,サンデーレーシング,200.0,202005010701
3,7,14,ナーラック,牝3,53,菊沢一樹,1:26.7,アタマ,**,,,,,2-2,37.8,17.2,5,442(-2),,,,[東]柄崎孝,辻牧場,130.0,202005010701
4,8,16,トリッチトラッチ,牝3,54,田辺裕信,1:27.5,5,**,,,,,14-14,37.2,3.3,3,420(0),,,,[東]伊藤圭三,ライオンレースホース,77.0,202005010701
5,3,6,ハワイアンムーン,牝3,54,ミナリク,1:27.8,1.3/4,**,,,,,1-1,38.9,22.6,6,456(-6),,,,[東]鹿戸雄一,窪田芳郎,51.0,202005010701
6,7,13,アオイサンゴショウ,牝3,54,武藤雅,1:28.1,2,**,,,,,9-9,38.2,182.8,13,430(+14),,,,[東]田中清隆,芹澤精一,,202005010701
7,2,3,セイレーンズベルン,牝3,54,北村宏司,1:28.4,1.3/4,**,,,,,4-4,39.2,29.4,7,416(+4),,,,[東]加藤和宏,四本昭弘,,202005010701
8,1,1,ロマンスストーリー,牝3,53,野中悠太,1:28.4,クビ,**,,,,,9-9,38.5,40.3,10,436(-4),,,,[東]新開幸一,明栄商事,,202005010701
9,1,2,キアナポラリス,牝3,54,柴田善臣,1:28.6,1,**,,,,,12-13,38.4,31.9,8,434(+2),,,,[東]国枝栄,ノルマンディーサラブレッドレーシング,,202005010701
10,4,8,タマサイ,牝3,54,江田照男,1:28.8,1.1/2,**,,,,,11-11,38.7,237.0,14,430(+4),,,,[東]尾関知人,ミルファーム,,202005010701
11,5,10,サツキオーゴン,牝3,54,藤井勘一,1:28.9,クビ,**,,,,,2-2,39.9,322.6,15,422(+4),,,,[東]石栗龍彦,小野博郷,,202005010701
12,4,7,セブンシースケイプ,牝3,54,横山和生,1:29.0,1/2,**,,,,,14-15,38.6,151.5,12,452(0),,,,[東]勢司和浩,Ｇ１レーシング,,202005010701
13,8,15,ルージュキッス,牝3,54,宮崎北斗,1:29.2,1.1/2,**,,,,,12-11,39.1,108.1,11,438(+8),,,,[東]和田雄二,ヒダカ・ブリーダーズ・ユニオン,,202005010701
14,6,11,ベスティー,牝3,52,木幡育也,1:30.0,5,**,,,,,16-16,39.1,363.9,16,464(-6),,,,[東]林徹,林正道,,202005010701
15,6,12,ミッキーベル,牝3,54,横山典弘,1:30.7,4,**,,,,,7-8,41.0,40.2,9,416(-14),,,,[東]菊沢隆徳,野田みづき,,202005010701
16,5,9,グリエクレール,牝3,54,津村明秀,1:31.5,5,**,,,,,4-4,42.3,12.1,4,452(+6),,,,[東]菊沢隆徳,ノルマンディーサラブレッドレーシング,,202005010701
1,1,2,リュードマン,牡3,56,横山典弘,2:16.7,,**,,,,,3-3-4-4,38.8,7.8,4,472(+2),,,,[東]中川公成,ノルマンディーサラブレッドレーシング,510.0,202005010702
2,3,6,ロドルフォブレイン,牡3,56,石橋脩,2:16.8,3/4,**,,,,,3-3-3-3,39.0,5.0,3,526(-4),,,,[東]尾関知人,エンジェルレーシング,200.0,202005010702
3,6,11,トップリーチ,牡3,56,横山和生,2:17.0,1,**,,,,,14-13-7-7,38.7,63.9,11,438(-8),,,,[東]萱野浩二,紅露純,130.0,202005010702
4,2,4,ケイアイタカプナ,牡3,56,江田照男,2:17.1,1/2,**,,,,,2-2-2-1,39.8,48.6,10,462(0),,,,[東]田村康仁,亀田和弘,77.0,202005010702
5,4,8,ショウナンアクア,牡3,56,吉田豊,2:17.4,2,**,,,,,11-11-11-12,38.4,5.0,2,472(-2),,,,[東]古賀史生,国本哲秀,51.0,202005010702
6,4,7,サバイバルボス,牡3,56,内田博幸,2:17.7,1.3/4,**,,,,,12-11-13-13,38.6,320.6,15,500(+6),,,,[東]和田雄二,福田光博,,202005010702
7,5,9,キークラウン,牡3,55,野中悠太,2:17.8,1/2,**,,,,,16-13-9-9,39.1,20.9,7,492(-2),,,,[東]黒岩陽一,北前孔一郎,,202005010702
8,2,3,スウィング,牡3,56,田辺裕信,2:17.9,クビ,**,,,,,5-5-8-8,39.5,8.4,5,480(+2),,,,[東]高柳瑞樹,カナヤマホールディングス,,202005010702
9,5,10,ワンダーサーイター,牡3,56,菅原隆一,2:17.9,ハナ,**,,,,,12-13-13-15,38.6,434.4,16,452(-4),,,,[東]畠山吉宏,山本能成,,202005010702
10,3,5,ユーアーマイソウル,牡3,56,嘉藤貴行,2:18.0,3/4,**,,,,,1-1-1-2,40.7,141.5,13,486(-2),,,,[東]伊藤伸一,ミルファーム,,202005010702
11,8,15,ソルメンシス,牡3,55,菊沢一樹,2:18.2,1.1/4,**,,,,,8-8-9-9,39.5,80.9,12,492(-4),,,,[東]菊川正達,ディアレストクラブ,,202005010702
12,7,14,レオファイナリスト,牡3,56,木幡巧也,2:18.7,3,**,,,,,5-5-4-4,40.8,2.7,1,474(-2),,,,[東]牧光二,レオ,,202005010702
13,1,1,クラウンマハロ,牡3,56,武藤雅,2:19.0,2,**,,,,,10-10-13-13,39.9,47.3,9,510(+6),,,,[東]尾形和幸,クラウン,,202005010702
14,8,16,ボントンルレ,牡3,56,丸山元気,2:19.0,ハナ,**,,,,,5-5-4-4,41.0,32.5,8,468(+2),,,,[東]林徹,ジャコモ,,202005010702
15,6,12,ジョウハリ,牡3,56,武士沢友,2:19.1,1/2,**,,,,,14-13-16-15,39.7,205.9,14,438(+6),,,,[東]田島俊明,林弘之,,202005010702
16,7,13,オルプランタン,牝3,54,ミナリク,2:20.7,10,**,,,,,9-8-11-9,41.9,12.1,6,424(-6),,,,[東]田中清隆,岡田牧雄,,202005010702
1,8,15,プロヴィデンス,牡3,56,田辺裕信,1:25.3,,**,,,,,1-1,36.6,4.6,2,476(-4),,,,[東]加藤士津,藤本栄史,730.0,202005010703
2,6,12,ブランクチェック,牝3,54,フォーリ,1:25.7,2.1/2,**,,,,,6-7,36.4,6.5,4,482(+2),,,,[東]栗田徹,ゴドルフィン,290.0,202005010703
3,8,16,パルディエス,牡3,56,横山典弘,1:25.7,アタマ,**,,,,,3-3,36.7,3.2,1,464(+6),,,,[東]田中博康,吉田照哉,180.0,202005010703
4,7,14,トリプルシックス,牝3,54,横山和生,1:25.8,クビ,**,,,,,2-2,37.0,39.8,10,466(-2),,,,[東]古賀史生,西森功,110.0,202005010703
5,3,6,インウィクトス,牡3,56,Ｍ．デム,1:26.2,2.1/2,**,,,,,3-3,37.2,5.9,3,458(-6),,,,[東]小桧山悟,加藤厚子,73.0,202005010703
6,4,8,カイアワセ,牝3,54,武士沢友,1:26.3,クビ,**,,,,,3-3,37.2,13.0,6,436(0),,,,[東]星野忍,内田玄祥,,202005010703
7,2,4,ダイチヴィット,牡3,56,江田照男,1:26.3,クビ,**,,,,,10-9,36.8,44.0,12,454(-2),,,,[東]竹内正洋,荻伏服部牧場,,202005010703
8,5,9,スズカコーズマンボ,牡3,56,北村宏司,1:26.4,3/4,**,,,,,15-15,36.1,11.4,5,468(-8),,,,[東]伊藤圭三,永井啓弍,,202005010703
9,1,1,バウンティハンター,牡3,56,黛弘人,1:26.5,1/2,**,,,,,12-11,36.6,25.7,8,480(-4),,,,[東]藤原辰雄,浅田次郎,,202005010703
10,1,2,アポロセイラン,牡3,56,吉田豊,1:26.6,3/4,**,,,,,13-13,36.5,95.9,14,452(0),,,,[東]中舘英二,アポロサラブレッドクラブ,,202005010703
11,2,3,ニシノホライゾン,牡3,56,丸山元気,1:26.7,クビ,**,,,,,8-7,37.4,39.9,11,514(+4),,,,[東]的場均,西山茂行,,202005010703
12,7,13,ドンマニフィコ,牡3,56,石橋脩,1:26.8,1/2,**,,,,,6-3,37.7,27.0,9,436(+2),,,,[西]牧浦充徳,山田貢一,,202005010703
13,6,11,テンサイドカップ,牝3,54,内田博幸,1:26.8,アタマ,**,,,,,10-9,37.3,16.7,7,470(+4),,,,[東]矢野英一,天白泰司,,202005010703
14,4,7,クリアミッション,牡3,56,大庭和弥,1:26.9,3/4,**,,,,,15-13,36.8,67.5,13,506(0),,,,[東]土田稔,大原詔宏,,202005010703
15,3,5,ハディア,牡3,55,菊沢一樹,1:28.3,8,**,,,,,9-11,38.4,140.1,15,464(-4),,,,[東]粕谷昌央,ターフ・スポート,,202005010703
16,5,10,エコロアーサー,牡3,55,野中悠太,1:29.3,6,**,,,,,13-15,38.9,322.7,16,452(-2),,,,[東]武市康男,原村正紀,,202005010703
1,8,16,パイロテクニクス,セ4,57,川田将雅,1:38.2,,**,,,,,5-5,36.3,2.2,1,506(-6),,,,[東]武藤善則,シルクレーシング,760.0,202005010704
2,4,7,シングシングシング,牝5,55,武藤雅,1:38.3,3/4,**,,,,,1-1,37.1,4.1,2,476(-4),,,,[東]伊藤大士,グリーンファーム,300.0,202005010704
3,8,15,マイネルレンカ,牡6,57,フォーリ,1:38.7,2.1/2,**,,,,,2-2,37.4,54.7,9,470(+6),,,,[東]堀井雅広,サラブレッドクラブ・ラフィアン,190.0,202005010704
4,4,8,チェリートリトン,牡6,57,田辺裕信,1:38.8,クビ,**,,,,,3-3,37.3,9.2,5,490(+2),,,,[東]小西一男,櫻井悦朗,110.0,202005010704
5,3,6,ショーヒデキラ,牡4,57,津村明秀,1:39.2,2.1/2,**,,,,,7-7,37.1,8.4,3,482(-4),,,,[東]鈴木伸尋,吉冨学,76.0,202005010704
6,7,13,モリノカワセミ,牝4,55,江田照男,1:39.4,1.1/2,**,,,,,9-9,36.9,12.0,6,464(+10),,,,[東]大江原哲,森和久,,202005010704
7,1,2,オープンザウェイ,セ8,57,木幡巧也,1:39.5,クビ,**,,,,,16-15,36.1,59.8,11,474(+2),,,,[東]菊川正達,ディアレストクラブ,,202005010704
8,7,14,ヴィーヴルサヴィ,セ5,56,野中悠太,1:39.6,3/4,**,,,,,4-4,37.9,189.4,13,510(+6),,,,[東]林徹,ライオンレースホース,,202005010704
9,2,3,ニューツーリズム,牡4,57,Ｍ．デム,1:39.7,1/2,**,,,,,13-12,36.8,8.4,4,510(+2),,,,[東]黒岩陽一,吉田晴哉,,202005010704
10,5,10,ハンドリー,牝5,55,ミナリク,1:39.8,クビ,**,,,,,11-11,37.0,56.6,10,464(0),,,,[東]青木孝文,大倉佑介,,202005010704
11,6,12,アミュリオン,牡4,57,黛弘人,1:39.8,ハナ,**,,,,,9-9,37.3,105.9,12,472(+6),,,,[東]藤原辰雄,吉澤克己,,202005010704
12,1,1,ゴルトグランツ,牡4,56,菊沢一樹,1:40.0,1.1/4,**,,,,,7-8,37.8,213.5,14,470(-18),,,,[東]萱野浩二,ヤブウチ,,202005010704
13,5,9,ナムラブル,牡4,57,横山典弘,1:40.3,2,**,,,,,14-14,37.3,28.8,7,478(0),,,,[東]石栗龍彦,奈村信重,,202005010704
14,3,5,スズカアポロ,牡9,55,木幡育也,1:41.9,10,**,,,,,11-12,39.0,291.6,16,484(+14),,,,[東]柄崎孝,永井啓弍,,202005010704
15,6,11,ストライクショット,牝7,55,田中勝春,1:43.5,10,**,,,,,5-6,41.5,263.2,15,506(-6),,,,[東]石毛善彦,イージス,,202005010704
16,2,4,コングールテソーロ,牡4,57,内田博幸,1:43.8,1.3/4,**,,,,,14-15,40.4,44.2,8,480(0),,,,[東]奥平雅士,了徳寺健二ホールディングス,,202005010704
1,7,14,クロノメーター,牡3,56,田辺裕信,1:35.1,,**,,,,,5-5,35.0,2.9,1,442(+6),,,,[東]尾形和幸,サンデーレーシング,510.0,202005010705
2,8,16,ノーエクスキューズ,牡3,56,丸山元気,1:35.3,1.1/2,**,,,,,10-7,35.0,8.3,5,496(+4),,,,[東]和田正一,キャロットファーム,200.0,202005010705
3,3,5,ロジアイリッシュ,牝3,54,川田将雅,1:35.7,2.1/2,**,,,,,8-7,35.3,6.7,4,492(-2),,,,[東]国枝栄,久米田正平,130.0,202005010705
4,1,2,ダイワミラクル,牡3,56,北村宏司,1:35.8,3/4,**,,,,,10-10,35.3,3.8,2,494(-6),,,,[東]鹿戸雄一,大城敬三,77.0,202005010705
5,7,13,オメガエリタージュ,牡3,56,池添謙一,1:36.0,1,**,,,,,2-2,36.1,16.0,7,444(-4),,,,[東]斎藤誠,原禮子,51.0,202005010705
6,1,1,スリジエ,牝3,54,ミナリク,1:36.2,1.1/2,**,,,,,4-4,36.2,41.9,8,480(+12),,,,[東]奥村武,ラ・メール,,202005010705
6,5,10,スピードオブラブ,牝3,54,吉田豊,1:36.2,同着,**,,,,,2-2,36.3,6.0,3,432(-4),,,,[東]中川公成,石井義人,,202005010705
8,2,4,ヒナノコバン,牡3,56,柴田善臣,1:36.5,1.3/4,**,,,,,7-7,36.2,254.3,14,452(+2),,,,[東]本間忍,日向英二,,202005010705
9,6,11,ナックペガサス,牡3,56,横山和生,1:36.5,ハナ,**,,,,,13-13,35.8,271.6,15,450(+2),,,,[東]杉浦宏昭,小松欣也,,202005010705
10,4,8,エースインザハート,牡3,56,嘉藤貴行,1:36.5,クビ,**,,,,,5-5,36.4,251.5,13,448(0),,,,[東]大江原哲,西村隆平,,202005010705
11,4,7,キタノポケット,牝3,52,木幡育也,1:36.6,クビ,**,,,,,14-15,35.6,50.5,9,376(-6),,,,[東]深山雅史,北所直人,,202005010705
12,8,15,ノーブレスサンデー,牡3,56,菅原隆一,1:36.9,1.3/4,**,,,,,10-10,36.4,636.6,16,448(+20),,,,[東]清水英克,ミルファーム,,202005010705
13,3,6,エリーストーム,牝3,53,野中悠太,1:37.2,2,**,,,,,1-1,37.4,94.4,11,430(+8),,,,[東]本間忍,谷川正純,,202005010705
14,6,12,トーセンオリジン,牡3,56,田中勝春,1:37.3,1/2,**,,,,,14-13,36.5,64.9,10,452(+10),,,,[東]宗像義忠,島川隆哉,,202005010705
15,5,9,コスモプロケッラ,牡3,56,フォーリ,1:38.1,5,**,,,,,8-12,37.5,116.9,12,442(+2),,,,[東]蛯名利弘,ビッグレッドファーム,,202005010705
16,2,3,ナショナルアンセム,牝3,54,Ｍ．デム,1:38.2,3/4,**,,,,,16-16,36.8,15.7,6,444(0),,,,[東]矢野英一,グリーンファーム,,202005010705
1,6,8,レッドサーシャ,牝3,54,内田博幸,1:50.1,,**,,,,,9-9-9,35.8,5.8,3,456(0),,,,[東]黒岩陽一,東京ホースレーシング,600.0,202005010706
2,2,2,ブラックアモーレ,牝3,54,石橋脩,1:50.1,クビ,**,,,,,2-3-3,36.5,7.1,5,464(0),,,,[西]角居勝彦,グランド牧場,240.0,202005010706
3,5,6,ワーウルフ,牡3,56,川田将雅,1:50.3,1.1/4,**,,,,,6-4-4,36.6,2.8,1,468(0),,,,[西]斉藤崇史,窪田芳郎,150.0,202005010706
4,8,12,エンドレスレイン,牡3,56,吉田豊,1:50.3,クビ,**,,,,,4-4-4,36.6,7.4,6,484(0),,,,[東]小島茂之,丸山担,90.0,202005010706
5,4,4,キングズフォース,牡3,56,Ｍ．デム,1:50.3,アタマ,**,,,,,8-6-6,36.3,6.7,4,472(0),,,,[東]金成貴史,ゴドルフィン,60.0,202005010706
6,1,1,ダンレアリー,牡3,56,フォーリ,1:50.5,1,**,,,,,1-1-1,37.2,5.3,2,524(0),,,,[西]中竹和也,ゴドルフィン,,202005010706
7,7,9,ウインフウジン,牡3,56,宮崎北斗,1:51.8,8,**,,,,,7-6-6,37.7,60.3,9,462(0),,,,[東]上原博之,ウイン,,202005010706
8,6,7,ショウナンマルーン,牡3,56,丸山元気,1:52.0,1.1/4,**,,,,,11-11-11,36.7,17.8,7,492(0),,,,[東]上原博之,国本哲秀,,202005010706
9,5,5,ボヘミアンヒーロー,牡3,56,中谷雄太,1:52.8,5,**,,,,,5-6-6,38.7,78.9,10,512(0),,,,[西]森田直行,林正道,,202005010706
10,8,11,キューゴーパドック,牡3,55,野中悠太,1:52.9,1/2,**,,,,,9-9-10,38.1,157.4,11,502(0),,,,[東]根本康広,福田光博,,202005010706
11,3,3,キクノキング,牡3,56,池添謙一,1:53.1,1.1/4,**,,,,,2-2-2,39.8,45.2,8,486(0),,,,[西]森田直行,菊池五郎,,202005010706
12,7,10,キティマグネット,牡3,54,木幡育也,1:58.8,大,**,,,,,11-12-12,41.0,180.3,12,480(0),,,,[東]和田正一,吉岡泰治,,202005010706
1,8,16,グラデュエイト,牡5,57,川田将雅,1:24.6,,**,,,,,1-1,36.4,2.1,1,514(+6),,,,[東]加藤征弘,阿部友弘,760.0,202005010707
2,4,8,パイオニアバローズ,セ4,57,池添謙一,1:25.5,5,**,,,,,2-2,37.2,33.3,10,524(-12),,,,[東]木村哲也,猪熊広次,300.0,202005010707
3,2,3,ポップアップスター,牡6,57,石橋脩,1:25.7,1.1/4,**,,,,,15-13,36.4,5.3,2,526(-8),,,,[東]金成貴史,社台レースホース,190.0,202005010707
4,1,1,デルマカミカゼ,牡5,57,横山和生,1:25.7,クビ,**,,,,,3-3,37.3,24.3,8,464(-2),,,,[東]小野次郎,浅沼廣幸,110.0,202005010707
5,5,9,フジノタカネ,牡4,57,丸山元気,1:25.8,3/4,**,,,,,10-11,36.7,6.5,3,522(+2),,,,[東]手塚貴久,星野壽市,76.0,202005010707
6,1,2,キングキャラット,牡4,55,木幡育也,1:26.1,1.3/4,**,,,,,13-14,36.7,114.7,13,516(+2),,,,[東]南田美知,田畑富子,,202005010707
7,7,13,コスモクウェンチ,牡6,57,武士沢友,1:26.1,ハナ,**,,,,,7-6,37.3,25.1,9,490(-2),,,,[東]小桧山悟,Ｍｒ．ホース,,202005010707
8,7,14,クラウンクラシック,牡5,56,野中悠太,1:26.3,1.1/4,**,,,,,3-4,37.7,69.0,12,490(+6),,,,[東]菊川正達,矢野恭裕,,202005010707
9,6,12,クワトロダッシュ,牡5,57,木幡巧也,1:26.3,ハナ,**,,,,,10-11,37.1,20.5,5,494(+4),,,,[東]牧光二,ザ・チャンピオンズ,,202005010707
10,2,4,ナイスプリンセス,牝4,55,田辺裕信,1:26.3,アタマ,**,,,,,10-9,37.3,22.1,7,448(+2),,,,[東]石栗龍彦,田畑利彦,,202005010707
11,3,6,ステラストラータ,セ5,57,柴田善臣,1:26.4,クビ,**,,,,,13-14,37.0,21.4,6,476(-2),,,,[東]大江原哲,岡田牧雄,,202005010707
12,8,15,デルマアンバリッド,牝4,55,武藤雅,1:26.8,2.1/2,**,,,,,3-9,37.8,282.4,15,482(-14),,,,[東]堀井雅広,浅沼廣幸,,202005010707
13,4,7,カーリングストーン,牡4,56,菊沢一樹,1:26.9,クビ,**,,,,,9-6,38.0,7.1,4,476(+6),,,,[東]菊沢隆徳,國分純,,202005010707
14,6,11,モッズストーン,セ4,57,津村明秀,1:27.1,1.1/2,**,,,,,7-6,38.3,55.2,11,486(+4),,,,[東]武井亮,吉田和美,,202005010707
15,3,5,スマートグランダム,牝4,55,内田博幸,1:27.3,1,**,,,,,15-16,37.6,210.5,14,516(-2),,,,[東]加藤征弘,大川徹,,202005010707
16,5,10,ファーベライト,牝5,55,江田照男,1:30.0,大,**,,,,,3-4,41.4,409.2,16,482(-6),,,,[東]高橋裕,高樽さゆり,,202005010707
1,3,3,サトノフウジン,牡3,56,石橋脩,2:01.1,,**,,,,,4-3-4,36.3,3.5,2,470(0),,,,[東]堀宣行,サトミホースカンパニー,"1,026.1",202005010708
2,6,6,アメリカンシード,牡3,56,川田将雅,2:01.3,1.1/4,**,,,,,4-3-4,36.5,2.2,1,474(-2),,,,[西]藤岡健一,吉澤克己,404.6,202005010708
3,4,4,マイネルミンドール,牡3,56,津村明秀,2:01.4,3/4,**,,,,,7-7-6,36.4,32.1,6,446(+2),,,,[東]相沢郁,サラブレッドクラブ・ラフィアン,252.3,202005010708
4,7,7,ジェラペッシュ,牝3,54,吉田豊,2:01.7,2,**,,,,,6-6-6,36.8,6.8,4,446(0),,,,[東]尾関知人,柴田洋一,150.0,202005010708
5,2,2,カンバラ,牝3,54,丸山元気,2:02.4,4,**,,,,,2-2-2,37.8,8.0,5,472(-8),,,,[東]黒岩陽一,ゴドルフィン,101.0,202005010708
6,5,5,フローズンスタイル,牝3,54,田辺裕信,2:02.9,3,**,,,,,3-3-3,38.2,5.0,3,450(-10),,,,[東]黒岩陽一,吉田照哉,,202005010708
7,1,1,ショウナンバレリオ,牡3,56,池添謙一,2:03.7,5,**,,,,,1-1-1,39.2,59.8,7,464(-4),,,,[西]池添兼雄,国本哲秀,,202005010708
1,1,2,アフターバーナー,セ6,57,田辺裕信,1:36.9,,**,,,,,11-9,36.7,9.9,5,520(+2),,,,[東]伊藤圭三,ゴドルフィン,"1,100.0",202005010709
2,6,11,オンザロックス,牡7,57,川田将雅,1:36.9,クビ,**,,,,,5-7,36.9,7.0,3,494(0),,,,[西]森秀行,稻井田有司,440.0,202005010709
3,5,10,セイヴァリアント,牡4,57,吉田豊,1:36.9,アタマ,**,,,,,14-15,36.2,3.1,1,500(+2),,,,[東]中川公成,金田成基,280.0,202005010709
4,8,16,テイエムグッドマン,牡6,57,横山典弘,1:37.0,クビ,**,,,,,2-2,37.3,4.5,2,496(-2),,,,[西]武英智,竹園正繼,170.0,202005010709
5,4,8,フラワーストリーム,セ5,56,野中悠太,1:37.3,2,**,,,,,11-12,36.8,10.3,6,464(-4),,,,[東]池上昌和,花村誠,110.0,202005010709
6,4,7,モリトユウブ,牡5,57,内田博幸,1:37.4,1/2,**,,,,,3-2,37.6,96.8,14,500(+6),,,,[東]堀井雅広,吉川朋宏,,202005010709
7,8,15,フクノグリュック,牡8,57,横山和生,1:37.6,1,**,,,,,7-2,37.8,44.1,10,522(0),,,,[東]杉浦宏昭,福島祐子,,202005010709
8,1,1,データヴァリュー,牡6,57,津村明秀,1:37.7,1/2,**,,,,,11-12,37.3,50.7,11,488(+2),,,,[東]中舘英二,社台レースホース,,202005010709
9,5,9,リードザウインド,牝5,55,武藤雅,1:37.9,1.1/4,**,,,,,8-7,37.9,73.4,12,480(+14),,,,[東]小島茂之,吉田照哉,,202005010709
10,3,5,ダイワインパルス,牡8,56,菊沢一樹,1:38.2,2,**,,,,,16-15,37.4,43.6,9,482(-6),,,,[東]宗像義忠,大城敬三,,202005010709
11,2,4,ランバージャック,牡6,57,丸山元気,1:38.3,3/4,**,,,,,14-12,37.8,89.7,13,470(-6),,,,[西]鮫島一歩,前田幸治,,202005010709
12,7,14,コスモハヤテ,牡4,57,木幡巧也,1:39.2,5,**,,,,,3-2,39.5,153.0,15,478(+2),,,,[東]小野次郎,ビッグレッドファーム,,202005010709
13,3,6,ヤマニンリュシオル,牝5,55,伊藤工真,1:39.3,1/2,**,,,,,8-9,39.1,158.1,16,476(-8),,,,[東]蛯名利弘,土井肇,,202005010709
14,2,3,スコッチリール,牝4,55,フォーリ,1:39.7,2.1/2,**,,,,,8-9,39.5,12.5,7,462(+10),,,,[東]林徹,サンデーレーシング,,202005010709
15,6,12,モズエロイコ,牡4,57,中谷雄太,1:39.9,1.1/2,**,,,,,1-1,40.4,7.3,4,464(+2),,,,[西]矢作芳人,キャピタル・システム,,202005010709
16,7,13,ゴールドブラッド,牡6,57,田中勝春,1:40.0,クビ,**,,,,,5-2,40.3,23.5,8,490(-2),,,,[東]宗像義忠,居城寿与,,202005010709
1,5,10,マスターフェンサー,牡4,56,川田将雅,2:11.4,,**,,,,,7-7-7-7,37.5,1.8,1,492(-6),,,,[西]角田晃一,吉澤克己,"1,854.3",202005010710
2,1,2,ウラノメトリア,セ4,55,北村宏司,2:11.8,2.1/2,**,,,,,5-5-4-3,38.2,6.4,3,488(-4),,,,[西]矢作芳人,サンデーレーシング,739.8,202005010710
3,7,14,アイファーキングズ,牡4,55,丸山元気,2:11.8,アタマ,**,,,,,5-6-4-3,38.1,5.7,2,492(+2),,,,[西]鮫島一歩,中島稔,464.9,202005010710
4,1,1,フォースライン,牡6,54,フォーリ,2:11.9,1/2,**,,,,,8-7-7-7,38.1,11.2,5,512(0),,,,[西]吉田直弘,吉田勝己,270.0,202005010710
5,3,6,アドラメレク,牡6,55,田辺裕信,2:12.3,2.1/2,**,,,,,11-11-9-9,38.3,20.9,6,468(+6),,,,[西]石坂正,Ｇ１レーシング,182.0,202005010710
6,8,16,アポロユッキー,牝6,50,伊藤工真,2:12.4,1/2,**,,,,,8-9-9-10,38.3,254.1,16,532(-2),,,,[東]鈴木伸尋,アポロサラブレッドクラブ,,202005010710
7,2,3,スズカフリオーソ,牡6,54,横山典弘,2:12.6,1.1/4,**,,,,,13-14-13-12,38.2,9.9,4,498(+2),,,,[西]藤沢則雄,永井啓弍,,202005010710
8,5,9,スペリオルシチー,牡6,54,ミナリク,2:12.8,1.1/4,**,,,,,10-9-9-10,38.7,126.6,14,480(+16),,,,[東]相沢郁,友駿ホースクラブ,,202005010710
9,6,12,アノ,牡4,54,藤井勘一,2:12.8,クビ,**,,,,,11-12-14-15,38.0,70.2,12,438(0),,,,[西]鈴木孝志,武田茂男,,202005010710
10,3,5,ロジティナ,牡5,54,池添謙一,2:13.1,1.3/4,**,,,,,3-1-2-2,39.8,36.9,8,542(+2),,,,[東]新開幸一,久米田正明,,202005010710
11,8,15,アッシェンプッテル,牝4,53,城戸義政,2:13.1,ハナ,**,,,,,13-15-14-14,38.6,35.9,7,504(-8),,,,[西]奥村豊,フジワラ・ファーム,,202005010710
12,4,8,ジュンスターホース,牡6,55,内田博幸,2:13.1,アタマ,**,,,,,16-16-14-15,38.3,44.4,9,484(+8),,,,[東]高柳瑞樹,河合純二,,202005010710
13,6,11,オーパスメーカー,牝4,52,長岡禎仁,2:13.3,1,**,,,,,2-3-3-3,39.7,70.1,11,474(-8),,,,[西]羽月友彦,松岡隆雄,,202005010710
14,4,7,スターライトブルー,牡6,53,吉田豊,2:13.3,クビ,**,,,,,1-2-1-1,40.2,124.8,13,510(+4),,,,[東]戸田博文,青芝商事,,202005010710
15,7,13,メイショウマトイ,牡6,54,野中悠太,2:13.5,1.1/4,**,,,,,13-12-12-12,39.1,47.8,10,490(-4),,,,[西]本田優,松本好雄,,202005010710
16,2,4,フクサンローズ,牝6,51,武藤雅,2:13.5,アタマ,**,,,,,3-4-4-3,39.9,164.8,15,448(-4),,,,[東]小西一男,小沼博,,202005010710
1,8,16,ミライヘノツバサ,牡7,54,木幡巧也,3:31.2,,**,,,,,10-10-10-10,37.4,325.5,16,498(-2),,,,[東]伊藤大士,三島宣彦,"4,156.7",202005010711
2,7,14,メイショウテンゲン,牡4,55,池添謙一,3:31.2,ハナ,**,,,,,14-14-13-13,37.2,8.2,3,456(+2),,,,[西]池添兼雄,松本好雄,"1,616.2",202005010711
3,1,1,オセアグレイト,牡4,54,野中悠太,3:32.0,5,**,,,,,4-4-2-2,38.7,4.9,2,484(-4),,,,[東]菊川正達,ＩＨＲ,"1,008.1",202005010711
4,3,6,レノヴァール,牡5,54,横山典弘,3:32.0,ハナ,**,,,,,8-9-9-3,38.5,9.3,4,530(-2),,,,[西]高野友和,キャロットファーム,620.0,202005010711
5,6,11,タイセイトレイル,牡5,55,中谷雄太,3:32.5,3,**,,,,,12-12-10-7,38.8,10.9,5,492(-8),,,,[西]矢作芳人,田中成奉,410.0,202005010711
6,5,9,ステイブラビッシモ,牡7,52,江田照男,3:33.1,3.1/2,**,,,,,15-15-13-7,39.4,159.0,15,468(-8),,,,[東]久保田貴,草間庸文,,202005010711
7,4,7,タガノディアマンテ,牡4,55,川田将雅,3:33.3,1.1/4,**,,,,,16-16-16-15,39.2,2.1,1,470(-8),,,,[西]鮫島一歩,八木良司,,202005010711
8,5,10,サトノティターン,牡7,57,石橋脩,3:33.5,1.1/4,**,,,,,13-12-13-15,39.4,68.1,11,588(+8),,,,[東]堀宣行,里見治紀,,202005010711
9,7,13,ヴァントシルム,牡6,55,Ｍ．デム,3:33.7,1.1/2,**,,,,,6-6-6-3,40.2,19.3,7,480(+6),,,,[西]須貝尚介,キャロットファーム,,202005010711
10,1,2,ウインテンダネス,牡7,56,内田博幸,3:34.0,2,**,,,,,6-7-6-13,40.0,147.0,14,512(-2),,,,[西]杉山晴紀,ウイン,,202005010711
11,2,3,ポポカテペトル,牡6,55,北村宏司,3:34.2,1.1/4,**,,,,,8-7-6-3,40.7,33.1,8,486(+4),,,,[西]友道康夫,金子真人ホールディングス,,202005010711
12,2,4,ロサグラウカ,牝5,52,丸山元気,3:34.3,クビ,**,,,,,1-1-1-1,41.2,37.6,9,450(0),,,,[東]尾関知人,サンデーレーシング,,202005010711
13,3,5,リッジマン,牡7,57,フォーリ,3:35.1,5,**,,,,,10-10-10-10,41.2,71.5,12,452(+10),,,,[西]庄野靖志,辻牧場,,202005010711
14,4,8,アドマイヤジャスタ,牡4,54,田辺裕信,3:35.4,2,**,,,,,4-4-5-3,41.8,89.9,13,518(-2),,,,[西]須貝尚介,近藤旬子,,202005010711
15,6,12,ダノンキングダム,牡6,54,津村明秀,3:35.9,3,**,,,,,3-3-2-10,42.0,57.0,10,484(-4),,,,[西]安田隆行,ダノックス,,202005010711
16,8,15,バレリオ,牡5,54,ミナリク,3:37.5,10,**,,,,,2-2-2-7,43.8,13.3,6,500(+2),,,,[東]相沢郁,サンデーレーシング,,202005010711
1,8,12,ソーラーフレア,牡5,57,津村明秀,1:21.9,,**,,,,,9-9,34.1,19.1,7,454(-4),,,,[東]高柳瑞樹,ゴドルフィン,"1,100.0",202005010712
2,3,3,スイーズドリームス,牡6,57,川田将雅,1:21.9,クビ,**,,,,,6-4,34.3,3.6,2,504(0),,,,[西]須貝尚介,大塚亮一,440.0,202005010712
3,5,7,エスタジ,牝4,55,Ｍ．デム,1:22.0,1/2,**,,,,,3-3,34.8,2.8,1,436(+2),,,,[東]木村哲也,吉田勝己,280.0,202005010712
4,5,6,スズカアーチスト,牝5,55,江田照男,1:22.0,クビ,**,,,,,2-2,35.1,65.2,12,470(0),,,,[東]伊藤圭三,永井啓弍,170.0,202005010712
5,6,8,アイスフィヨルド,牡5,57,武藤雅,1:22.6,3.1/2,**,,,,,11-11,34.4,26.7,8,454(-2),,,,[東]武藤善則,佐々木雄二,110.0,202005010712
6,8,13,リンシャンカイホウ,牡5,57,フォーリ,1:22.7,クビ,**,,,,,1-1,36.8,42.1,10,454(-2),,,,[東]田中剛,三嶋牧場,,202005010712
7,2,2,シセイタイガ,牡4,57,ミナリク,1:22.7,クビ,**,,,,,6-7,35.0,9.9,4,470(+2),,,,[東]高橋文雅,猪苗代勇,,202005010712
8,6,9,スペキュラース,牝4,55,木幡巧也,1:22.8,1/2,**,,,,,4-4,35.3,30.2,9,458(+6),,,,[東]高橋祥泰,ビッグレッドファーム,,202005010712
9,7,10,イチゴミルフィーユ,牝4,55,伊藤工真,1:23.0,1.1/4,**,,,,,6-7,35.3,43.6,11,442(-2),,,,[東]林徹,保坂和孝,,202005010712
10,4,4,ココフィーユ,牝4,55,池添謙一,1:23.1,3/4,**,,,,,4-4,35.6,5.8,3,440(+2),,,,[東]斎藤誠,スリーエイチレーシング,,202005010712
11,4,5,クラヴィスオレア,セ4,55,木幡育也,1:23.2,1/2,**,,,,,9-10,35.2,17.6,6,482(0),,,,[東]藤沢和雄,多田信尊,,202005010712
12,1,1,プレトリア,セ5,57,田辺裕信,1:23.2,ハナ,**,,,,,11-12,34.9,9.9,5,460(-6),,,,[東]中川公成,多田賢司,,202005010712
13,7,11,ケンデスティニー,牡5,57,内田博幸,1:24.6,8,**,,,,,13-13,35.3,69.2,13,496(0),,,,[西]森秀行,中西宏彰,,202005010712
1,5,10,プリマジア,牡3,56,ルメール,1:25.5,,**,,,,,8-8,35.6,2.8,1,456(+2),,,,[東]金成貴史,藤沼利夫,510.0,202005010801
2,2,4,タイキラッシュ,牡3,56,大野拓弥,1:25.5,ハナ,**,,,,,2-2,36.4,3.5,2,508(+4),,,,[東]高木登,大樹ファーム,200.0,202005010801
3,4,8,ダイシンウィット,牡3,56,福永祐一,1:26.3,5,**,,,,,1-1,37.4,11.3,5,494(-4),,,,[東]小笠倫弘,大八木信行,130.0,202005010801
4,8,15,ヨシオドライヴ,牡3,56,大庭和弥,1:26.6,2,**,,,,,4-6,37.1,6.1,3,486(-4),,,,[東]清水英克,井村誉志雄,77.0,202005010801
5,2,3,スイ,牝3,54,Ｍ．デム,1:26.7,1/2,**,,,,,4-3,37.4,34.5,8,480(+2),,,,[東]戸田博文,吉田和美,51.0,202005010801
6,7,14,グーガルドリームズ,牡3,56,北村宏司,1:26.9,1.1/4,**,,,,,14-14,36.5,7.1,4,494(-2),,,,[東]伊藤伸一,藤田在子,,202005010801
7,7,13,カッチョカバロ,牡3,56,木幡巧也,1:27.0,クビ,**,,,,,3-3,37.7,13.6,6,498(+2),,,,[東]牧光二,平田修,,202005010801
8,8,16,ムーンダイアローグ,牡3,56,ミナリク,1:27.2,1.1/2,**,,,,,11-12,37.0,23.2,7,442(+6),,,,[東]矢野英一,大塚亮一,,202005010801
9,6,11,ヌンカプト,牡3,56,フォーリ,1:27.3,1/2,**,,,,,11-10,37.3,96.1,12,454(+18),,,,[東]矢野英一,ヌンクラブ,,202005010801
10,3,5,ショウナンアサヤケ,牡3,56,和田竜二,1:27.3,ハナ,**,,,,,4-3,38.0,83.6,11,504(+6),,,,[東]武市康男,国本哲秀,,202005010801
11,3,6,グロリアスブレイク,牝3,54,江田照男,1:27.6,2,**,,,,,7-6,38.0,212.2,14,442(-4),,,,[東]田島俊明,レッドマジック,,202005010801
12,1,1,クァンタムリープ,牡3,54,木幡育也,1:27.9,2,**,,,,,8-8,38.0,52.4,10,472(-2),,,,[東]鹿戸雄一,シルクレーシング,,202005010801
13,6,12,ダイワリチャード,牡3,55,野中悠太,1:28.0,クビ,**,,,,,8-10,38.0,41.7,9,452(+2),,,,[東]上原博之,大城敬三,,202005010801
14,5,9,レディトゥラン,牝3,54,佐藤友則,1:29.5,9,**,,,,,15-15,38.5,311.4,16,420(0),,,,[東]加藤和宏,グランデオーナーズ,,202005010801
15,1,2,マイネルグッドデイ,牡3,56,津村明秀,1:30.6,7,**,,,,,11-12,40.3,275.5,15,494(-12),,,,[東]田島俊明,サラブレッドクラブ・ラフィアン,,202005010801
16,4,7,アースウルフ,牡3,56,横山典弘,1:32.5,大,**,,,,,16-16,39.1,121.2,13,434(+12),,,,[東]粕谷昌央,松山増男,,202005010801
1,1,1,ミティル,牝3,54,武豊,1:26.3,,**,,,,,1-1,37.6,2.0,1,498(0),,,,[西]野中賢二,カナヤマホールディングス,600.0,202005010802
2,4,8,チョーズンワン,牡3,56,ミナリク,1:27.3,6,**,,,,,7-6,37.1,9.3,4,460(0),,,,[東]萩原清,ノースヒルズ,240.0,202005010802
3,6,11,ジュンハルト,牡3,56,津村明秀,1:27.4,クビ,**,,,,,4-4,37.6,16.6,7,456(0),,,,[東]田中博康,河合純二,150.0,202005010802
4,2,3,キクノダンカーク,牡3,56,畑端省吾,1:27.7,2,**,,,,,6-6,37.6,11.6,5,452(0),,,,[西]吉田直弘,菊池五郎,90.0,202005010802
5,3,6,スリーブラザー,セ3,56,松山弘平,1:27.8,1/2,**,,,,,3-3,38.6,7.5,3,486(0),,,,[西]小崎憲,スリーエイチレーシング,60.0,202005010802
6,2,4,デルマラピスラズリ,牡3,56,横山和生,1:27.9,1/2,**,,,,,2-2,38.9,16.0,6,508(0),,,,[東]小野次郎,浅沼廣幸,,202005010802
7,7,14,キタノユニヴァース,牡3,55,野中悠太,1:27.9,ハナ,**,,,,,12-12,36.2,33.4,8,500(0),,,,[東]本間忍,北所直人,,202005010802
8,8,16,マベルロンジュ,牝3,54,Ｍ．デム,1:28.0,1/2,**,,,,,7-6,37.9,5.1,2,472(0),,,,[東]斎藤誠,落合幸弘,,202005010802
9,5,9,ツウカイエオス,牝3,54,フォーリ,1:28.9,5,**,,,,,9-9,38.4,86.4,12,438(0),,,,[東]小笠倫弘,木村直樹,,202005010802
10,4,7,ハヤト,牡3,56,長岡禎仁,1:29.1,1.1/4,**,,,,,10-11,37.8,82.2,11,498(0),,,,[西]杉山晴紀,中西宏彰,,202005010802
11,1,2,マリノコジーン,牝3,54,武士沢友,1:29.7,3.1/2,**,,,,,10-10,38.9,143.0,13,438(0),,,,[東]水野貴広,クラウン,,202005010802
12,6,12,チャーミングポポ,牝3,54,大庭和弥,1:29.8,クビ,**,,,,,4-5,39.9,160.5,14,454(0),,,,[東]蛯名利弘,中脇満,,202005010802
13,3,5,ブレイドラン,牡3,56,吉田豊,1:30.0,1,**,,,,,13-13,37.8,60.4,9,526(0),,,,[東]高橋文雅,岡村善行,,202005010802
14,5,10,ラインサラマンダー,牡3,56,宮崎北斗,1:30.7,4,**,,,,,15-15,38.2,211.5,16,462(0),,,,[東]蛯名利弘,大澤繁昌,,202005010802
15,8,15,ヴァリアントナイト,牡3,56,北村友一,1:31.1,2.1/2,**,,,,,13-13,38.8,62.9,10,452(0),,,,[東]池上昌和,ライオンレースホース,,202005010802
16,7,13,ラブマリリン,牝3,54,和田竜二,1:31.3,1,**,,,,,16-16,37.6,190.5,15,456(0),,,,[東]加藤和宏,オールラブクラブ,,202005010802
1,2,4,ブレイクザボーダー,牡3,56,佐藤友則,1:39.1,,**,,,,,1-1,38.3,10.4,5,472(-4),,,,[東]畠山吉宏,グランデオーナーズ,510.0,202005010803
2,6,12,サイモンルグラン,牡3,56,和田竜二,1:39.3,1.1/2,**,,,,,7-5,38.0,10.4,6,500(+6),,,,[東]勢司和浩,澤田昭紀,200.0,202005010803
3,8,16,サウンドトラック,牡3,56,松山弘平,1:39.4,1/2,**,,,,,7-7,38.0,8.4,4,506(-4),,,,[東]尾関知人,グリーンファーム,130.0,202005010803
4,1,2,ハイエストエンド,牡3,56,田辺裕信,1:39.5,クビ,**,,,,,2-2,38.6,3.6,1,496(-4),,,,[東]小西一男,明栄商事,77.0,202005010803
5,3,5,リヴィエラボーイ,牡3,56,幸英明,1:39.9,2.1/2,**,,,,,5-5,38.7,24.3,8,454(-2),,,,[東]松山将樹,吉岡泰治,51.0,202005010803
6,5,9,ディンブラ,牝3,53,野中悠太,1:39.9,クビ,**,,,,,2-2,38.9,3.6,2,474(-4),,,,[東]上原博之,ノースヒルズ,,202005010803
7,2,3,リンガスウォリアー,牡3,56,北村宏司,1:40.3,2.1/2,**,,,,,13-14,38.2,30.4,9,474(-2),,,,[東]中舘英二,伊藤巖,,202005010803
8,7,14,サンダーボマー,牡3,56,北村友一,1:40.3,クビ,**,,,,,9-8,38.7,23.6,7,428(+8),,,,[東]土田稔,岡浩二,,202005010803
9,8,15,アベックフォルス,牡3,56,Ｍ．デム,1:40.8,3,**,,,,,4-2,39.8,6.2,3,494(+4),,,,[東]加藤士津,田中義明,,202005010803
10,4,8,マイネルグランサム,牡3,56,フォーリ,1:40.8,クビ,**,,,,,12-11,38.9,181.3,14,446(-4),,,,[東]奥村武,サラブレッドクラブ・ラフィアン,,202005010803
11,7,13,マイネルエスペルト,牡3,56,津村明秀,1:41.1,1.3/4,**,,,,,9-8,39.5,45.5,13,498(0),,,,[東]水野貴広,サラブレッドクラブ・ラフィアン,,202005010803
12,4,7,キタノコドウ,牡3,56,江田照男,1:41.4,1.3/4,**,,,,,16-16,38.6,41.6,12,472(+14),,,,[東]高木登,北所直人,,202005010803
13,6,11,エクセルマジック,牡3,54,木幡育也,1:41.5,3/4,**,,,,,13-13,39.5,228.6,15,460(-4),,,,[東]深山雅史,谷川正純,,202005010803
14,5,10,ナンナ,牝3,54,内田博幸,1:42.2,4,**,,,,,15-15,39.7,41.4,11,482(+4),,,,[東]国枝栄,フクキタル,,202005010803
15,1,1,ケンシ,牡3,56,木幡巧也,1:42.5,2,**,,,,,5-8,40.9,252.5,16,462(+8),,,,[東]黒岩陽一,鈴木芳夫,,202005010803
16,3,6,ガニアン,牡3,56,ミナリク,1:42.9,2.1/2,**,,,,,9-11,41.0,36.8,10,464(+2),,,,[東]田村康仁,ラ・メール,,202005010803
1,1,2,リスペクト,牡3,56,ルメール,2:28.8,,**,,,,,5-5-5-5,35.0,1.6,1,470(+2),,,,[東]奥村武,石川達絵,510.0,202005010804
2,8,16,プモリテソーロ,牡3,56,大野拓弥,2:29.0,1,**,,,,,5-5-2-1,35.5,4.5,2,484(0),,,,[東]田中博康,了徳寺健二ホールディングス,200.0,202005010804
3,8,15,コスモレペティール,牝3,54,津村明秀,2:29.2,1.1/2,**,,,,,3-3-4-4,35.6,72.5,8,430(-2),,,,[東]萱野浩二,ビッグレッドファーム,130.0,202005010804
4,6,11,パーディシャー,牡3,56,福永祐一,2:29.3,1/2,**,,,,,10-8-7-7,35.4,13.4,4,416(-12),,,,[東]久保田貴,社台レースホース,77.0,202005010804
5,4,8,レイコックアビー,牡3,56,和田竜二,2:29.5,1.1/4,**,,,,,10-8-7-8,35.5,6.7,3,496(+16),,,,[東]大竹正博,シルクレーシング,51.0,202005010804
6,2,4,アイゼングラフ,セ3,56,江田照男,2:29.7,1.1/4,**,,,,,15-15-14-10,35.4,47.5,7,436(-6),,,,[東]金成貴史,藤沼利夫,,202005010804
7,2,3,スキルショット,牡3,56,松山弘平,2:29.7,クビ,**,,,,,1-1-1-2,36.2,25.1,6,484(+4),,,,[東]加藤士津,横田恵子,,202005010804
8,1,1,インディードシチー,牡3,56,幸英明,2:29.8,クビ,**,,,,,16-16-16-14,35.1,75.6,9,494(-8),,,,[東]上原博之,友駿ホースクラブ,,202005010804
9,5,10,リチュアルダンス,牡3,56,田辺裕信,2:29.9,1/2,**,,,,,10-12-10-10,35.6,13.7,5,498(-2),,,,[東]尾関知人,ゴドルフィン,,202005010804
10,3,5,ワイルドフレーズ,牡3,56,内田博幸,2:30.1,1.1/4,**,,,,,8-8-10-10,35.9,84.0,10,474(-2),,,,[東]黒岩陽一,ヒダカ・ブリーダーズ・ユニオン,,202005010804
11,4,7,ベルウッドアサヒ,牡3,56,吉田豊,2:30.2,1/2,**,,,,,13-13-13-13,35.8,197.3,14,444(+4),,,,[東]武市康男,鈴木照雄,,202005010804
12,3,6,シゲルセイウン,牝3,54,柴田善臣,2:30.6,2.1/2,**,,,,,3-3-5-5,36.8,156.1,11,406(0),,,,[東]石毛善彦,森中蕃,,202005010804
13,5,9,アトラクトボイス,牡3,56,木幡巧也,2:30.7,3/4,**,,,,,5-7-7-8,36.7,179.9,13,426(+2),,,,[東]土田稔,大原詔宏,,202005010804
14,6,12,キングフェーヴル,牝3,53,野中悠太,2:30.7,アタマ,**,,,,,2-2-2-2,37.2,173.1,12,436(-10),,,,[東]青木孝文,廣崎利洋ＨＤ,,202005010804
15,7,13,プリティスラッガー,牝3,54,宮崎北斗,2:32.9,大,**,,,,,8-8-12-15,38.0,344.9,16,394(-10),,,,[東]菊川正達,丸岡啓一,,202005010804
16,7,14,フォーチュネイト,牡3,56,田中勝春,2:35.3,大,**,,,,,14-14-14-16,39.9,252.3,15,460(-4),,,,[東]松永康利,小林竜太郎,,202005010804
1,1,1,オーロラフラッシュ,牝3,54,ルメール,1:35.2,,**,,,,,2-3,33.6,2.8,2,448(+6),,,,[東]藤沢和雄,嶋田賢,730.0,202005010805
2,5,5,アオイクレアトール,牡3,56,武豊,1:35.2,クビ,**,,,,,1-1,33.8,2.1,1,466(-8),,,,[東]古賀慎明,新谷幸義,290.0,202005010805
3,3,3,レッドライデン,牡3,56,田中勝春,1:35.8,3.1/2,**,,,,,7-7,33.8,11.0,5,480(-4),,,,[東]鹿戸雄一,東京ホースレーシング,180.0,202005010805
4,6,6,エンジェルサークル,牝3,54,田辺裕信,1:36.2,2.1/2,**,,,,,8-8,34.1,5.9,3,440(-2),,,,[東]中川公成,吉田照哉,110.0,202005010805
5,8,10,ハローキャンディ,牝3,54,繁田健一,1:36.5,2,**,,,,,2-3,34.9,56.3,7,422(-12),,,,[東]久保田貴,中西純穂,73.0,202005010805
6,7,7,グレイトホーン,牡3,56,丸山元気,1:36.6,クビ,**,,,,,5-5,34.7,10.4,4,486(+14),,,,[東]根本康広,犬塚悠治郎,,202005010805
7,4,4,アドマイヤアリエル,牝3,54,福永祐一,1:36.9,1.3/4,**,,,,,2-2,35.4,22.6,6,430(+2),,,,[東]加藤征弘,近藤旬子,,202005010805
8,7,8,ナーリー,牡3,56,佐藤友則,1:37.3,2.1/2,**,,,,,8-9,35.0,211.4,8,462(0),,,,[地]井上孝彦,グランデオーナーズ,,202005010805
9,2,2,グランドホース,牡3,53,三津谷隼,1:38.1,5,**,,,,,10-10,35.4,256.0,9,486(+4),,,,[東]伊藤伸一,田畑利彦,,202005010805
10,8,9,タイムカプセル,牡3,56,菅原隆一,1:38.3,1.1/4,**,,,,,5-5,36.4,275.3,10,440(-2),,,,[東]土田稔,ミルファーム,,202005010805
1,8,11,スタンサンセイ,牡4,56,ルメール,2:13.4,,**,,,,,3-3-5-5,37.5,1.4,1,536(-10),,,,[東]高橋文雅,吉田和美,760.0,202005010806
2,2,2,デストロイ,牡6,57,Ｍ．デム,2:13.7,1.3/4,**,,,,,5-5-3-2,38.0,11.5,4,522(-2),,,,[東]高橋裕,諸岡慶,300.0,202005010806
3,5,5,シャイニーロケット,牡5,55,木幡育也,2:14.1,2.1/2,**,,,,,8-8-9-9,37.6,177.6,11,470(+6),,,,[東]佐藤吉勝,小林昌志,190.0,202005010806
4,1,1,トランスポーター,牡4,56,吉田豊,2:14.2,1/2,**,,,,,3-3-3-2,38.5,6.7,2,492(-2),,,,[東]戸田博文,安原浩司,110.0,202005010806
5,6,7,アイヅリュウコ,牡4,56,ミナリク,2:14.2,ハナ,**,,,,,6-6-6-6,38.0,90.4,9,474(-6),,,,[東]小笠倫弘,真部晴徳,76.0,202005010806
6,7,9,エグジットラック,牡6,57,江田照男,2:14.5,2,**,,,,,10-10-10-10,37.8,7.0,3,518(-2),,,,[東]田村康仁,戸賀智子,,202005010806
7,4,4,ボヘミアラプソディ,牡4,56,大野拓弥,2:14.7,1.1/2,**,,,,,11-11-11-11,37.3,14.5,5,486(-2),,,,[東]伊藤圭三,平井裕,,202005010806
8,7,8,ロジポルカ,牡4,56,内田博幸,2:15.5,5,**,,,,,1-1-2-2,39.9,37.7,8,468(0),,,,[東]菊沢隆徳,久米田正明,,202005010806
9,6,6,ジェイケイエース,牡4,56,丸山元気,2:15.6,1/2,**,,,,,9-9-8-6,39.4,17.0,6,546(-2),,,,[東]松永康利,小谷野次郎,,202005010806
10,3,3,トゥービーシック,牝4,54,横山和生,2:16.0,2.1/2,**,,,,,6-6-6-6,39.8,159.1,10,438(-4),,,,[東]古賀史生,西森功,,202005010806
11,8,10,ユイノチョッパー,牡5,56,野中悠太,2:16.3,1.3/4,**,,,,,2-2-1-1,40.9,37.3,7,508(+16),,,,[東]竹内正洋,由井健太郎,,202005010806
1,6,11,ミスマリア,牝4,54,ルメール,1:48.1,,**,,,,,7-9-8,34.4,1.7,1,460(+12),,,,[東]栗田徹,山口功一郎,760.0,202005010807
2,7,14,カナロアガール,牝4,54,田辺裕信,1:48.1,クビ,**,,,,,11-16-16,34.0,18.6,6,468(0),,,,[東]田村康仁,広尾レース,300.0,202005010807
3,4,7,ミトロジー,牡4,56,丸山元気,1:48.4,2,**,,,,,11-12-13,34.5,5.1,2,484(-2),,,,[東]尾関知人,シルクレーシング,190.0,202005010807
4,5,9,ペルソナデザイン,牡4,56,和田竜二,1:48.5,1/2,**,,,,,3-5-4,35.0,10.7,4,478(+2),,,,[東]大竹正博,Ｇ１レーシング,110.0,202005010807
5,1,1,シャドウアイランド,牝5,55,Ｍ．デム,1:48.6,クビ,**,,,,,11-12-8,34.9,20.4,8,464(+6),,,,[東]林徹,飯塚知一,76.0,202005010807
6,1,2,アグリューム,牝4,54,津村明秀,1:48.8,1.1/4,**,,,,,5-7-8,35.1,8.9,3,452(-4),,,,[東]武井亮,キャロットファーム,,202005010807
7,3,5,フィリアーノ,牡4,56,ミナリク,1:48.8,クビ,**,,,,,7-5-4,35.4,68.1,10,454(-4),,,,[東]手塚貴久,吉田勝己,,202005010807
8,2,4,ラレゾン,牝6,55,大野拓弥,1:48.9,クビ,**,,,,,11-9-8,35.2,20.2,7,440(+2),,,,[東]高木登,社台レースホース,,202005010807
9,3,6,オールステリーナ,牝5,55,武藤雅,1:49.1,1,**,,,,,11-15-13,35.3,365.3,15,468(+4),,,,[東]松山将樹,宮田守,,202005010807
10,2,3,グレンフィナン,セ5,57,福永祐一,1:49.3,1.1/4,**,,,,,3-2-2,36.1,73.5,12,486(-2),,,,[東]鹿戸雄一,Ｇ１レーシング,,202005010807
11,5,10,イサク,牡4,56,石橋脩,1:49.6,2,**,,,,,11-12-13,35.7,17.8,5,480(+4),,,,[東]岩戸孝樹,ゴドルフィン,,202005010807
12,6,12,コスモミローディア,牡4,55,野中悠太,1:49.7,3/4,**,,,,,5-9-8,36.0,151.6,13,454(-6),,,,[東]清水英克,ビッグレッドファーム,,202005010807
13,8,15,モレッキ,セ6,57,フォーリ,1:49.8,1/2,**,,,,,7-2-2,36.5,62.6,9,494(+22),,,,[東]稲垣幸雄,サンデーレーシング,,202005010807
14,4,8,クロムウェル,牡4,56,岩部純二,1:50.5,4,**,,,,,1-2-4,37.1,420.7,16,444(+6),,,,[東]加藤和宏,ミルファーム,,202005010807
15,8,16,タイセイシャトル,セ4,56,木幡巧也,1:51.9,9,**,,,,,10-7-7,38.3,209.3,14,474(-4),,,,[東]斎藤誠,田中成奉,,202005010807
16,7,13,エールグリーツ,牝5,55,北村友一,1:53.2,8,**,,,,,2-1-1,40.0,71.6,11,440(+12),,,,[東]林徹,社台レースホース,,202005010807
1,4,4,グレンガリー,セ5,57,津村明秀,2:00.8,,**,,,,,1-1-1,35.9,7.2,3,440(-2),,,,[東]萩原清,吉田勝己,"1,100.0",202005010808
2,1,1,アーチキング,セ7,57,丸山元気,2:01.1,2,**,,,,,2-3-2,35.5,9.5,4,524(+6),,,,[東]木村哲也,シルクレーシング,440.0,202005010808
3,7,7,コーカス,牡6,57,フォーリ,2:01.3,1.1/4,**,,,,,6-5-6,35.2,2.0,1,518(+6),,,,[西]藤原英昭,ゴドルフィン,280.0,202005010808
4,5,5,ダイイチターミナル,牡6,57,江田照男,2:01.5,1.1/4,**,,,,,8-9-8,35.2,74.2,8,476(-2),,,,[東]大江原哲,ミルファーム,170.0,202005010808
5,7,8,ジャストアジゴロ,牡4,56,Ｍ．デム,2:01.6,クビ,**,,,,,8-7-4,35.7,2.8,2,450(+6),,,,[西]安田翔伍,原禮子,110.0,202005010808
6,8,10,クラサーヴィツァ,牝4,54,秋山真一,2:01.8,1,**,,,,,2-2-2,36.3,11.1,5,450(+6),,,,[東]武井亮,椎名節,,202005010808
7,2,2,エニグマバリエート,牡8,57,吉田豊,2:02.1,1.3/4,**,,,,,7-7-8,35.8,61.1,7,494(0),,,,[東]戸田博文,平井裕,,202005010808
8,8,9,エフティスパークル,牡7,55,木幡育也,2:02.2,3/4,**,,,,,4-4-4,36.3,34.5,6,464(-4),,,,[東]鹿戸雄一,吉野英子,,202005010808
9,3,3,タニノホウザン,牡6,57,武士沢友,2:02.4,1.1/2,**,,,,,10-10-10,35.9,174.0,10,472(0),,,,[東]星野忍,谷口祐人,,202005010808
10,6,6,ヴァンベールシチー,セ6,57,佐藤友則,2:02.5,3/4,**,,,,,5-5-6,36.3,78.8,9,422(+4),,,,[東]池上昌和,友駿ホースクラブ,,202005010808
1,3,3,カフェファラオ,牡3,56,Ｍ．デム,1:37.7,,**,,,,,12-8,35.2,2.1,1,504(-2),,,,[東]堀宣行,西川光一,"1,930.8",202005010809
2,7,12,タガノビューティー,牡3,56,和田竜二,1:37.9,1.1/4,**,,,,,14-13,34.9,3.1,2,506(-2),,,,[西]西園正都,八木良司,768.8,202005010809
3,6,10,ヤウガウ,牡3,56,ルメール,1:38.3,2.1/2,**,,,,,6-5,36.0,6.0,3,486(+6),,,,[西]須貝尚介,Ｇリビエール・レーシング,484.4,202005010809
4,5,8,ロンゴノット,牡3,56,石橋脩,1:38.4,1/2,**,,,,,3-2,36.4,17.5,5,486(0),,,,[東]高柳瑞樹,ゴドルフィン,290.0,202005010809
5,6,9,ヘルシャフト,牡3,56,大野拓弥,1:38.7,2,**,,,,,6-8,36.1,18.4,6,506(-6),,,,[西]野中賢二,カナヤマホールディングス,190.0,202005010809
6,4,6,メイショウテンスイ,牡3,56,武豊,1:38.8,クビ,**,,,,,2-2,36.9,19.5,7,510(+13),,,,[西]南井克巳,松本好雄,,202005010809
7,3,4,ウルトラマリン,牝3,54,内田博幸,1:38.9,1/2,**,,,,,1-1,37.1,244.7,14,466(-4),,,,[西]今野貞一,吉澤克己,,202005010809
8,5,7,タイセイポリシー,牡3,56,津村明秀,1:38.9,クビ,**,,,,,9-8,36.4,129.6,13,486(-2),,,,[東]栗田徹,田中成奉,,202005010809
9,2,2,ダイメイコリーダ,牡3,56,田辺裕信,1:39.0,1/2,**,,,,,4-4,36.9,51.6,9,490(+22),,,,[西]森田直行,宮本昇,,202005010809
10,8,13,レーヌブランシュ,牝3,54,松山弘平,1:39.3,1.1/2,**,,,,,9-11,36.5,15.6,4,454(0),,,,[西]橋口慎介,前田晋二,,202005010809
11,1,1,ジェットマックス,牡3,56,佐藤友則,1:39.3,ハナ,**,,,,,6-7,36.9,122.4,12,492(+2),,,,[西]森秀行,大野剛嗣,,202005010809
12,8,14,モリノブレイク,牡3,56,江田照男,1:39.5,1.1/2,**,,,,,11-11,36.7,121.1,11,554(+4),,,,[東]大江原哲,森和久,,202005010809
13,7,11,ナイルリバー,牡3,56,フォーリ,1:40.8,8,**,,,,,12-13,37.8,44.5,8,542(-10),,,,[西]藤原英昭,馬場幸夫,,202005010809
14,4,5,キメラヴェリテ,牡3,57,福永祐一,1:41.0,1.1/4,**,,,,,4-5,38.7,85.8,10,538(+13),,,,[西]中竹和也,加藤誠,,202005010809
1,5,5,アトミックフォース,牡4,56,田辺裕信,2:02.1,,**,,,,,2-2-2,33.7,7.0,3,482(+8),,,,[東]武藤善則,吉田千津,"1,842.4",202005010810
2,2,2,ウインガナドル,牡6,57,津村明秀,2:02.3,1.1/4,**,,,,,1-1-1,34.2,9.4,4,470(0),,,,[東]上原博之,ウイン,736.4,202005010810
3,8,10,レッドサイオン,牡4,56,ルメール,2:02.5,1.1/4,**,,,,,6-5-4,33.7,3.5,2,456(-6),,,,[東]藤沢和雄,東京ホースレーシング,463.2,202005010810
4,7,7,ベイビーステップ,牡6,57,和田竜二,2:02.6,3/4,**,,,,,4-4-2,34.1,54.1,8,492(0),,,,[東]菊川正達,大塚亮一,270.0,202005010810
5,6,6,ダイワダグラス,牡4,56,内田博幸,2:02.6,ハナ,**,,,,,4-5-6,33.7,10.9,6,498(-8),,,,[東]鹿戸雄一,大城敬三,182.0,202005010810
6,4,4,ゴータイミング,牡4,56,武豊,2:02.7,3/4,**,,,,,7-7-7,33.7,2.4,1,454(+2),,,,[西]松永幹夫,キーファーズ,,202005010810
7,8,9,リフトトゥヘヴン,牡6,57,横山和生,2:03.1,2.1/2,**,,,,,3-3-4,34.4,151.7,10,488(-2),,,,[東]加藤征弘,丸山担,,202005010810
8,7,8,ハナズレジェンド,牡7,57,松山弘平,2:03.3,1.1/4,**,,,,,8-8-8,34.0,10.2,5,458(-4),,,,[西]矢作芳人,広尾レース,,202005010810
9,1,1,スパイラルダイブ,牡6,57,フォーリ,2:03.6,1.3/4,**,,,,,8-8-8,34.3,12.4,7,444(+8),,,,[東]古賀慎明,Ｇ１レーシング,,202005010810
10,3,3,スモークフリー,牡8,57,吉田豊,2:03.8,1.1/2,**,,,,,10-10-10,34.3,72.1,9,538(0),,,,[東]戸田博文,社台レースホース,,202005010810
1,6,12,モズアスコット,牡6,57,ルメール,1:35.2,,**,,,,,8-8,35.4,2.8,1,494(0),,,,[西]矢作芳人,キャピタル・システム,"10,340.2",202005010811
2,8,15,ケイティブレイブ,牡7,57,長岡禎仁,1:35.6,2.1/2,**,,,,,9-9,35.6,142.6,16,524(+4),,,,[西]杉山晴紀,瀧本和義,"4,097.2",202005010811
3,5,9,サンライズノヴァ,牡6,57,松山弘平,1:35.8,1.1/4,**,,,,,12-13,35.3,6.8,3,534(+10),,,,[西]音無秀孝,松岡隆雄,"2,548.6",202005010811
4,8,16,ワンダーリーデル,牡7,57,横山典弘,1:35.8,ハナ,**,,,,,12-11,35.5,28.0,7,530(0),,,,[西]安田翔伍,山本能成,"1,500.0",202005010811
5,2,4,タイムフライヤー,牡5,57,フォーリ,1:36.1,1.3/4,**,,,,,3-3,37.0,30.3,10,472(-2),,,,[西]松田国英,サンデーレーシング,"1,000.0",202005010811
6,4,8,キングズガード,牡9,57,秋山真一,1:36.5,2.1/2,**,,,,,14-13,35.9,111.5,14,470(-8),,,,[西]寺島良,日進牧場,,202005010811
6,6,11,モジアナフレイバー,牡5,57,繁田健一,1:36.5,同着,**,,,,,14-13,36.0,45.4,11,516(-3),,,,[地]福永敏,尾田信夫,,202005010811
8,5,10,ノンコノユメ,セ8,57,真島大輔,1:36.6,1/2,**,,,,,11-11,36.3,29.1,9,446(+3),,,,[地]荒山勝徳,山田広太郎,,202005010811
9,1,2,アルクトス,牡5,57,田辺裕信,1:37.0,2.1/2,**,,,,,2-1,38.3,9.0,4,548(+8),,,,[東]栗田徹,山口功一郎,,202005010811
10,4,7,ヴェンジェンス,牡7,57,幸英明,1:37.0,アタマ,**,,,,,7-6,37.5,17.0,5,496(-4),,,,[西]大根田裕,宮川純造,,202005010811
11,7,14,ミューチャリー,牡4,57,御神本訓,1:37.1,1/2,**,,,,,14-16,36.4,112.9,15,464(-1),,,,[地]矢野義幸,石瀬丈太郎,,202005010811
12,2,3,ワイドファラオ,牡4,57,福永祐一,1:37.3,1.1/4,**,,,,,1-2,38.5,24.1,6,500(-8),,,,[西]角居勝彦,幅田昌伸,,202005010811
13,1,1,ブルドッグボス,牡8,57,和田竜二,1:38.3,6,**,,,,,6-4,38.9,110.3,13,514(-18),,,,[西]加用正,ＨｉｍＲｏｃｋＲａｃｉｎｇホールディングス,,202005010811
14,3,5,インティ,牡6,57,武豊,1:38.3,クビ,**,,,,,4-4,39.0,3.0,2,514(-4),,,,[西]野中賢二,武田茂男,,202005010811
15,7,13,デルマルーヴル,牡4,57,Ｍ．デム,1:38.6,1.3/4,**,,,,,9-10,38.4,29.1,8,494(0),,,,[東]戸田博文,浅沼廣幸,,202005010811
16,3,6,ミッキーワイルド,牡5,57,北村友一,1:38.9,1.3/4,**,,,,,4-6,39.3,48.3,12,508(-6),,,,[西]安田隆行,野田みづき,,202005010811
1,2,4,コーラルプリンセス,牝6,55,丸山元気,1:24.2,,**,,,,,6-6,36.0,5.6,3,536(+4),,,,[東]高橋裕,吉田勝己,"1,544.8",202005010812
2,4,8,ドウドウキリシマ,牡4,57,松山弘平,1:24.4,1.1/4,**,,,,,5-5,36.4,7.5,4,474(-10),,,,[西]村山明,西村新一郎,612.8,202005010812
3,2,3,スズカゴーディー,牡6,57,石橋脩,1:24.5,1/2,**,,,,,7-6,36.4,27.6,10,486(-2),,,,[東]伊藤圭三,永井啓弍,386.4,202005010812
4,1,2,アスクジョーダン,セ8,57,福永祐一,1:24.7,1,**,,,,,4-4,36.8,17.5,8,496(-10),,,,[西]野中賢二,廣崎利洋,230.0,202005010812
5,5,9,エピックアン,牡5,57,田辺裕信,1:24.7,クビ,**,,,,,11-11,36.2,5.4,2,506(0),,,,[東]大和田成,ＴＵＲＦレーシング,150.0,202005010812
6,6,11,オールウェイズゼア,牡6,57,野中悠太,1:24.9,1.1/4,**,,,,,14-14,36.0,51.8,12,480(-6),,,,[東]大江原哲,グリーンスウォード,,202005010812
7,5,10,ニューモニュメント,牡4,57,和田竜二,1:25.0,3/4,**,,,,,12-12,36.4,8.1,5,488(+16),,,,[西]小崎憲,前田葉子,,202005010812
8,3,6,オルクリスト,牡4,57,大野拓弥,1:25.0,クビ,**,,,,,12-12,36.3,12.2,6,484(-8),,,,[東]杉浦宏昭,日進牧場,,202005010812
9,4,7,サンタナブルー,牡8,57,ミナリク,1:25.4,2.1/2,**,,,,,9-8,37.1,96.0,16,482(-6),,,,[東]和田雄二,ＹＧＧホースクラブ,,202005010812
10,7,13,ティアップサンダー,牡8,57,佐藤友則,1:25.4,クビ,**,,,,,14-14,36.6,92.5,15,494(+8),,,,[東]奥平雅士,田中昇,,202005010812
11,1,1,ホノカ,牝6,55,江田照男,1:25.5,3/4,**,,,,,1-1,38.5,86.4,14,482(+8),,,,[東]菊川正達,岡田壮史,,202005010812
12,8,16,アイアムハヤスギル,牡4,57,横山典弘,1:25.8,1.3/4,**,,,,,2-2,38.3,3.8,1,482(0),,,,[東]奥平雅士,堀紘一,,202005010812
13,8,15,ニシノジャガーズ,牡5,57,岩部純二,1:26.7,5,**,,,,,16-16,36.5,23.1,9,488(-6),,,,[東]萱野浩二,西山茂行,,202005010812
14,7,14,アポロチーター,牡4,57,木幡巧也,1:26.8,クビ,**,,,,,2-3,39.1,17.1,7,530(0),,,,[東]岩戸孝樹,アポロサラブレッドクラブ,,202005010812
15,6,12,クリップスプリンガ,牡6,57,津村明秀,1:26.8,アタマ,**,,,,,7-9,38.4,31.6,11,456(-2),,,,[東]岩戸孝樹,山下良子,,202005010812
16,3,5,スーパーアキラ,牡5,57,北村友一,1:26.8,アタマ,**,,,,,10-9,38.4,66.9,13,512(0),,,,[東]矢野英一,井山登,,202005010812
1,7,12,シャーレ,牝3,54,石橋脩,1:39.7,,**,,,,,5-4,37.9,1.5,1,448(-6),,,,[東]武市康男,東海林貴大,510.0,202005020101
2,7,13,ソヨギ,牝3,54,吉田豊,1:39.8,1/2,**,,,,,1-1,38.3,8.4,3,462(0),,,,[東]粕谷昌央,海谷幸司,200.0,202005020101
3,8,15,ダイユウローズ,牝3,54,木幡巧也,1:40.2,2.1/2,**,,,,,3-2,38.5,16.9,5,514(+14),,,,[東]松永康利,大友靖岐,130.0,202005020101
4,4,6,ユウチャファスト,牝3,54,北村宏司,1:40.2,クビ,**,,,,,7-6,38.2,4.4,2,456(+10),,,,[東]中舘英二,長谷川祐司,77.0,202005020101
5,8,14,シャランドール,牝3,54,大野拓弥,1:40.5,1.3/4,**,,,,,2-2,38.9,16.2,4,468(+8),,,,[東]大竹正博,湊義明,51.0,202005020101
6,3,5,キアナポラリス,牝3,54,野中悠太,1:40.6,1/2,**,,,,,10-9,38.2,100.4,12,442(+6),,,,[東]宮田敬介,ノルマンディーサラブレッドレーシング,,202005020101
7,3,4,ロッソビアンコ,牝3,54,三浦皇成,1:40.6,ハナ,**,,,,,7-6,38.5,18.5,6,432(-4),,,,[東]鹿戸雄一,平田修,,202005020101
8,2,2,リンドウ,牝3,54,宮崎北斗,1:40.8,1.1/2,**,,,,,9-9,38.5,173.4,13,430(0),,,,[東]中川公成,千葉正人,,202005020101
9,5,9,キイエクスプロード,牝3,54,田辺裕信,1:41.0,1,**,,,,,14-13,38.2,48.6,7,424(+2),,,,[東]小桧山悟,安田嘉太郎,,202005020101
10,6,11,スマートクレイン,牝3,54,横山武史,1:41.0,クビ,**,,,,,14-15,38.1,89.9,11,500(-10),,,,[東]尾関知人,大川徹,,202005020101
11,4,7,クインズモモナ,牝3,51,小林脩斗,1:41.2,3/4,**,,,,,5-6,39.2,59.8,8,492(0),,,,[東]奥平雅士,亀田和弘,,202005020101
12,2,3,アオイサンゴショウ,牝3,54,武藤雅,1:41.3,3/4,**,,,,,13-12,38.7,244.4,15,428(-2),,,,[東]田中清隆,芹澤精一,,202005020101
13,1,1,プラズマテイル,牝3,54,嘉藤貴行,1:42.1,5,**,,,,,10-9,39.8,197.4,14,400(-14),,,,[東]大和田成,岡田牧雄,,202005020101
14,6,10,クインズウィッシュ,牝3,54,江田照男,1:42.3,1.1/4,**,,,,,10-13,39.6,64.4,9,414(-2),,,,[東]武藤善則,吉田千津,,202005020101
15,5,8,ピュアサンクス,牝3,51,山田敬士,1:42.5,1,**,,,,,3-4,40.7,75.5,10,412(-4),,,,[東]伊藤伸一,田畑利彦,,202005020101
1,4,7,グローサーベア,セ3,56,ルメール,1:26.1,,**,,,,,5-3,37.3,2.5,1,466(0),,,,[東]矢野英一,社台レースホース,510.0,202005020102
2,2,4,カッチョカバロ,牡3,56,津村明秀,1:26.3,1.1/4,**,,,,,1-1,38.1,5.2,3,492(-6),,,,[東]牧光二,平田修,200.0,202005020102
3,2,3,ペガサスターボ,牡3,56,横山和生,1:26.3,ハナ,**,,,,,3-3,37.6,95.6,10,512(+4),,,,[東]勢司和浩,千明牧場,130.0,202005020102
4,1,1,ノーブルウルフ,牡3,56,横山武史,1:26.9,3.1/2,**,,,,,2-2,38.6,13.7,5,486(0),,,,[東]久保田貴,吉木伸彦,77.0,202005020102
5,6,11,シャークスコーブ,牡3,56,レーン,1:27.2,1.3/4,**,,,,,6-6,38.2,3.3,2,468(+6),,,,[東]上原博之,シルクレーシング,51.0,202005020102
6,7,14,タシロ,牡3,56,岩部純二,1:27.2,ハナ,**,,,,,14-13,37.1,176.5,12,526(+20),,,,[東]的場均,ミルファーム,,202005020102
7,8,16,マニールリッヒ,牡3,56,石橋脩,1:27.3,3/4,**,,,,,15-13,37.2,19.8,7,484(0),,,,[東]青木孝文,吉田勝己,,202005020102
8,1,2,ロングイ,牡3,56,野中悠太,1:27.6,2,**,,,,,12-9,38.0,301.6,14,480(-12),,,,[東]伊藤大士,佐久間拓士,,202005020102
9,3,5,タイキスピネル,牡3,56,ヒューイ,1:27.8,1.1/4,**,,,,,3-3,39.0,40.9,8,464(-8),,,,[東]伊藤圭三,大樹ファーム,,202005020102
10,4,8,マロンジェム,牡3,56,田辺裕信,1:28.2,2.1/2,**,,,,,7-7,39.1,15.1,6,488(+4),,,,[東]稲垣幸雄,フロンティア,,202005020102
11,3,6,ドルレアン,牡3,56,内田博幸,1:28.2,アタマ,**,,,,,16-16,37.2,67.2,9,476(-14),,,,[東]池上昌和,シルクレーシング,,202005020102
12,5,9,ハッピーミニスター,牡3,56,大野拓弥,1:28.4,1.1/4,**,,,,,8-9,38.8,9.6,4,462(0),,,,[東]池上昌和,堀祥子,,202005020102
13,7,13,キセキガクル,牡3,56,吉田豊,1:28.5,1/2,**,,,,,9-8,39.1,282.2,13,484(-4),,,,[東]加藤士津,田畑利彦,,202005020102
14,6,12,ゴールドスナイパー,牡3,56,木幡巧也,1:28.5,クビ,**,,,,,9-9,38.9,169.6,11,474(-4),,,,[東]田中剛,馬目卓,,202005020102
15,5,10,エンパイアブレイズ,牡3,56,井上敏樹,1:29.3,5,**,,,,,11-12,39.5,359.7,15,428(-8),,,,[東]田島俊明,小原準一郎,,202005020102
16,8,15,タチ,牡3,53,山田敬士,1:29.9,3.1/2,**,,,,,13-15,39.6,560.8,16,452(+2),,,,[東]小桧山悟,中村勝彦,,202005020102
1,5,8,サンチャップリン,牡3,56,内田博幸,2:14.8,,**,,,,,2-2-2-2,38.4,162.8,11,560(-6),,,,[東]中舘英二,加藤ステーブル,510.0,202005020103
2,6,10,シュバルツイェガー,牡3,56,大野拓弥,2:14.9,1/2,**,,,,,4-3-3-3,38.3,18.8,5,480(-6),,,,[東]高木登,西森功,200.0,202005020103
3,4,6,ロドルフォブレイン,牡3,56,石橋脩,2:15.0,1/2,**,,,,,1-1-1-1,38.7,3.9,2,532(+6),,,,[東]尾関知人,エンジェルレーシング,130.0,202005020103
4,6,9,トップリーチ,牡3,56,横山和生,2:15.0,クビ,**,,,,,10-11-8-5,37.9,25.7,6,434(+2),,,,[東]萱野浩二,紅露純,77.0,202005020103
5,3,3,ゲンキチボン,牡3,56,木幡巧也,2:15.1,1/2,**,,,,,8-8-8-9,37.7,38.1,7,472(0),,,,[東]堀井雅広,荒井元明,51.0,202005020103
6,3,4,メジャーブレイク,牡3,56,ルメール,2:15.3,1.1/2,**,,,,,2-3-3-3,38.7,1.6,1,526(-4),,,,[東]水野貴広,吉田照哉,,202005020103
7,4,5,キークラウン,牡3,56,野中悠太,2:15.5,3/4,**,,,,,10-9-8-9,38.0,132.7,10,496(+2),,,,[東]黒岩陽一,北前孔一郎,,202005020103
8,2,2,ワンダーサーイター,牡3,56,菅原隆一,2:15.5,クビ,**,,,,,6-6-6-7,38.3,233.1,12,450(0),,,,[東]畠山吉宏,山本能成,,202005020103
9,1,1,ファクトベース,牡3,56,ヒューイ,2:15.7,1,**,,,,,4-5-5-5,38.7,8.7,4,494(-2),,,,[東]久保田貴,社台レースホース,,202005020103
10,8,14,ソイチーノ,セ3,56,岩部純二,2:16.3,3.1/2,**,,,,,7-7-6-7,39.0,505.2,14,498(-4),,,,[東]中川公成,ミルファーム,,202005020103
11,7,12,トキメキナイス,牡3,56,江田照男,2:16.4,1/2,**,,,,,9-9-11-12,38.4,47.7,8,462(+2),,,,[東]佐藤吉勝,片岡正雄,,202005020103
12,8,13,ショウナンアクア,牡3,56,三浦皇成,2:16.4,ハナ,**,,,,,12-12-11-11,38.6,8.4,3,470(0),,,,[東]古賀史生,国本哲秀,,202005020103
13,5,7,ノーブルフローラ,牝3,54,武士沢友,2:18.1,大,**,,,,,13-13-13-13,39.8,425.1,13,486(0),,,,[東]武藤善則,吉木伸彦,,202005020103
14,7,11,マイネルエピキュア,牡3,56,横山武史,2:18.5,2.1/2,**,,,,,13-14-13-13,40.3,83.4,9,480(-2),,,,[東]和田雄二,サラブレッドクラブ・ラフィアン,,202005020103
1,5,6,レッドペルーシュ,牝3,54,田中勝春,2:01.8,,**,,,,,6-6-6,33.9,6.5,3,408(0),,,,[東]宗像義忠,東京ホースレーシング,510.0,202005020104
2,8,11,コトブキテティス,牝3,54,武藤雅,2:01.9,1/2,**,,,,,9-10-8,33.8,2.0,1,426(-8),,,,[東]田島俊明,尾上松壽,200.0,202005020104
3,6,8,トクシーズファー,牝3,54,吉田豊,2:01.9,アタマ,**,,,,,1-1-1,34.6,81.0,9,438(+8),,,,[東]戸田博文,ＡＩレーシング,130.0,202005020104
4,2,2,バルバレスコ,牝3,54,ヒューイ,2:02.4,3,**,,,,,4-3-4,34.8,8.2,5,478(0),,,,[東]宗像義忠,シルクレーシング,77.0,202005020104
5,7,9,レットミーアウト,牝3,54,横山武史,2:02.5,1/2,**,,,,,6-8-8,34.5,6.7,4,472(-4),,,,[東]水野貴広,サラブレッドクラブ・ラフィアン,51.0,202005020104
6,6,7,ココリミネルヴァ,牝3,54,北村宏司,2:02.5,アタマ,**,,,,,3-3-2,35.0,54.8,8,418(-6),,,,[東]古賀慎明,美崎光二郎,,202005020104
7,8,12,マリノソフィア,牝3,54,津村明秀,2:02.6,1/2,**,,,,,2-2-2,35.2,6.1,2,458(+4),,,,[東]奥平雅士,矢野恭裕,,202005020104
8,7,10,フレッシュスタート,牝3,54,石川裕紀,2:02.8,1.1/4,**,,,,,9-8-8,34.8,115.0,10,422(+4),,,,[東]高橋祥泰,サラブレッドクラブ・ラフィアン,,202005020104
9,1,1,キミノミラクル,牝3,54,野中悠太,2:02.9,1/2,**,,,,,11-10-8,34.8,139.2,11,500(-6),,,,[東]根本康広,平賀久枝,,202005020104
10,4,4,ペルージュ,牝3,54,大野拓弥,2:03.0,1/2,**,,,,,4-3-4,35.4,29.0,7,418(-6),,,,[東]中川公成,岡田牧雄,,202005020104
11,5,5,モアナグレイス,牝3,54,木幡巧也,2:03.0,アタマ,**,,,,,12-12-12,34.7,303.9,12,410(-6),,,,[東]和田雄二,日下幸徳,,202005020104
12,3,3,ラストエクセル,牝3,54,Ｍ．デム,2:03.3,2,**,,,,,8-6-6,35.4,11.2,6,452(+16),,,,[東]伊藤大士,ニッシンホールディングス,,202005020104
