race_id,年,券種,組み合わせ,確率,推定オッズ,期待値,払戻
202205010707,2022,馬連,04-09,0.0006038183015798233,5251.6386583084195,3.171035535170732,0.0
202206050312,2022,馬単,03-12,0.005495148938008747,443.2638500104958,2.4358008746428443,0.0
202306040610,2023,馬単,03-05,0.043642240920468554,46.7374967983404,2.0397290952927993,0.0
202203010103,2022,馬単,10-07,0.012749075321584516,173.6345603603094,2.2136800884637977,0.0
202203020203,2022,馬単,09-05,0.023088806012195557,92.4455593668067,2.134457586909108,0.0
202506050403,2025,馬単,08-07,0.01889342713533936,118.00668849991288,2.229550770655793,0.0
202105010707,2021,馬単,04-05,0.1908748995663645,11.459151442214388,2.187264380648432,0.0
202104010608,2021,馬連,07-09,0.08560184423465948,36.14358673219316,3.0939576815311036,0.0
202104020407,2021,馬単,04-13,0.012037642334606188,554.6020985845671,6.676101700783019,0.0
202104040308,2021,ワイド,02-13,0.1136579606291963,20.607877463759547,2.342249325427284,0.0
202104050408,2021,馬単,10-01,0.08089739131645093,25.672167675598804,2.076811394394459,0.0
202103020509,2021,馬単,02-10,0.017297011720729654,172.42675518321303,2.9824676053714185,0.0
202405050106,2024,馬連,07-10,0.012214988086617716,637.6614485937558,7.789026997868123,0.0
202205020508,2022,馬単,10-04,0.04166513513522023,51.11995440882704,2.129919808550076,0.0
202403020410,2024,馬単,07-06,0.06845815574386376,39.211554254128394,2.684350688088085,4420.0
202305020703,2023,馬連,04-16,0.03752163854685899,57.593221120298786,2.1609920256251764,0.0
202106010606,2021,馬単,11-08,0.011924866771559316,302.20278190357857,3.603727912194771,0.0
202106030312,2021,馬連,09-12,0.0178087281627158,117.30164425636578,2.0889930956012113,0.0
202101020607,2021,馬単,05-02,0.007348810326267016,358.312257534769,2.633168818199557,0.0
202206020712,2022,馬単,06-02,0.031338335580099304,173.47831869493857,5.436521767133399,0.0
202204010610,2022,馬連,08-13,0.0026620796512943357,1007.3433023442143,2.6816281070381707,0.0
202201010309,2022,馬連,02-07,0.08015648285724644,47.82728052757188,3.833666591717032,0.0
202505040604,2025,馬単,17-06,0.004198802893082898,544.6088400672817,2.286705173273024,0.0
202104010211,2021,馬単,13-14,0.03442989984366112,77.07932899178569,2.653833577203786,0.0
202105020210,2021,馬単,09-15,0.1856578540042099,16.928870303316472,3.142977731229334,0.0
202106040311,2021,馬連,03-14,0.07107778678218954,31.785306597597252,2.25922924515054,0.0
202105050611,2021,馬単,14-11,0.007943125539562357,427.2056882827416,3.39334841324496,0.0
202206010610,2022,ワイド,13-14,0.013506581101817709,167.67352811975076,2.264696106177326,0.0
202206020710,2022,馬単,07-14,0.007254820251170145,437.3951084020453,3.173222890197919,0.0
202205050704,2022,馬連,06-12,0.037785078387097576,62.26821255829606,2.35280929253967,0.0
202404010811,2024,馬連,13-14,0.08310319533922707,29.12538461230775,2.420412526766729,0.0
202110010403,2021,馬連,01-07,0.006139353512778693,332.77125432397753,2.043000369185683,0.0
202110010608,2021,馬単,09-01,0.03637125027993763,63.037923703899736,2.2927681001621503,0.0
202106020412,2021,ワイド,05-14,0.0025432485386728113,1259.9299930843729,3.2043151137418766,0.0
202105040312,2021,馬単,01-03,0.021479093809157662,108.2963441864931,2.3261073359705113,0.0
202206020412,2022,馬連,08-16,0.0030523110484818507,666.2212952677394,2.03351462027961,0.0
202206040812,2022,馬単,11-04,0.003252849057495914,657.2538184385078,2.137947463843291,0.0
202205050708,2022,馬単,12-07,0.0037982857972992984,924.7937121430369,3.512630822264593,0.0
202104040206,2021,馬連,02-14,0.098807381018856,30.283618623666023,2.992245043978292,0.0
202305050309,2023,馬連,02-05,0.0003001094644101424,9428.073260924084,2.829454016755512,0.0
202407010210,2024,馬連,05-08,0.010022508471418263,282.02093628359074,2.8265572230195986,0.0
202409020409,2024,馬連,01-04,0.002822922554094901,730.6790223637402,2.0626502920346144,0.0
202405030709,2024,馬単,09-01,0.1320619975928844,16.182824215373,2.1371360925766605,0.0
202406040812,2024,馬単,10-14,0.08526740539161472,24.449132663623228,2.0847141063025307,0.0
202503020311,2025,馬連,04-13,0.005570280969550527,384.15217785747006,2.1398355657308548,0.0
202506050810,2025,馬単,12-03,0.003698398996493304,932.7219792918719,3.449578032220307,0.0
202106050403,2021,馬連,03-12,0.0014325552717133613,3577.147198064238,5.124461076281603,0.0
202107020610,2021,ワイド,08-10,0.0016842730028044262,1191.7330447070603,2.0072037937500222,0.0
202107030812,2021,馬単,12-08,0.007946965156238552,335.70449202926784,2.6678319009493543,0.0
202408020704,2024,馬単,06-04,0.024033600705100088,96.86931821103492,2.3281185144592937,0.0
202506010801,2025,馬単,09-12,0.021834648413164088,128.93935968866663,2.8153455854205385,0.0
202505010701,2025,馬単,07-04,0.05303338658819117,77.32027822671763,4.100556206304017,0.0
202504010703,2025,馬単,12-06,0.08190581549612391,31.113666637106036,2.548390238986713,0.0
202505030507,2025,馬単,04-08,0.01564286053099404,178.91430267143724,2.798731483689347,0.0
202503020503,2025,馬単,12-11,0.30397716233312255,7.627284817309993,2.318520395072401,0.0
202504020405,2025,馬単,03-01,0.024404679866593226,105.56975280861867,2.5763960208897196,0.0
202304030204,2023,馬単,08-12,0.12829075049546262,15.895390146030145,2.0392315312523888,0.0
202404040205,2024,馬単,08-14,0.016230699303431507,126.0633681782889,2.0460966220795833,0.0
202403030601,2024,馬連,11-13,0.0011805279398178147,2046.9512834327295,2.416483181538272,0.0
202406050501,2024,馬連,11-14,0.07482485216398008,28.79750304016725,2.154768907672281,0.0
202506010401,2025,馬単,09-01,0.012945277148670073,236.62790168085078,3.0632137683668663,0.0
202505010201,2025,馬単,10-07,0.0852524541025592,59.636742687486276,5.084178668791057,0.0
202504040204,2025,馬単,10-05,0.006465720840056211,837.9913351534348,5.418218039488091,0.0
202507050102,2025,馬単,10-06,0.03657371816471508,58.84299283418778,2.152107035885933,0.0
202106010507,2021,馬連,15-16,0.014090980370007614,150.28006630324123,2.117593464282415,0.0
202105030512,2021,馬単,05-04,0.04115727638315072,50.67216893910517,2.0855284619604566,0.0
202104040212,2021,馬単,15-04,0.025036972872328065,125.18435080297346,3.1342371950940464,0.0
202104040812,2021,ワイド,05-17,0.005303389794192807,657.5411196751444,3.4871968633472723,0.0
202109040211,2021,馬単,09-12,0.011371825075636702,230.34148479365885,2.6194030727359197,0.0
202105050211,2021,馬単,10-06,0.1082299032570604,33.007134896527845,3.572359016643951,0.0
202106050111,2021,馬単,05-06,0.01659849900536529,332.65298540055176,5.521540247302853,0.0
202308020311,2023,馬連,05-12,0.0015509877362119883,1727.769164309172,2.6797487848487616,0.0
202306050811,2023,馬連,01-16,0.08124821828544344,30.515082309818084,2.479296068506373,0.0
202406050111,2024,馬単,14-12,0.016404685621314922,123.9484304249766,2.0333350343771666,0.0
202106020101,2021,馬単,09-12,0.03886080103873992,58.5188182599701,2.2740881534228787,0.0
202106020701,2021,馬連,01-03,0.006576769584893828,306.8439905587016,2.0180422244139176,0.0
202106030701,2021,馬単,12-10,0.3941767672165407,5.232864630208866,2.0626736632175096,0.0
202104050607,2021,馬連,02-13,0.13820891586108353,17.567737404081527,2.4280179407503137,0.0
202105050512,2021,馬連,17-18,0.03385026969755152,79.34500352336381,2.6858497684190406,0.0
202206020404,2022,馬単,06-10,0.0124636868112077,177.13888206809764,2.207803548184225,0.0
202505040502,2025,馬単,08-04,0.13921970276902787,15.12783428407084,2.106092592567452,0.0
202506050803,2025,馬単,13-01,0.008273519232053139,255.3424663050021,2.112580805734315,0.0
202206030302,2022,馬単,05-07,0.0049041798203149235,431.3270081364334,2.1153052092595073,0.0
202109030112,2021,馬単,02-01,0.09947032408302049,25.838125712715307,2.5701267383416164,2150.0
202110040709,2021,馬単,08-16,0.0309654632746748,94.43210084395702,2.924133750633938,0.0
202209010312,2022,馬連,01-05,0.24063662360412116,9.532724525412553,2.2939226435434747,0.0
202209040709,2022,馬単,13-01,0.015444738845955592,238.2866183319814,3.680274590623347,0.0
202303030510,2023,馬単,08-02,0.07277700775073982,30.87750057386756,2.247172098587833,0.0
202309020604,2023,馬連,09-13,0.0310252501413713,85.12344461678255,2.640976162130845,0.0
202304010202,2023,馬連,03-04,0.0009974211671991266,2901.680137111631,2.894197189196405,0.0
202106020208,2021,馬単,15-11,0.02004163181388096,117.3147275526316,2.3511785759555988,0.0
202306030502,2023,馬単,06-09,0.055233143349590307,56.37077309428246,3.1135349910437315,0.0
202305040201,2023,馬単,12-05,0.05209336244173253,40.93103163434377,2.13223506604189,0.0
202309010105,2023,馬単,15-04,0.1523834834470094,17.39381165214515,2.6505296099750595,0.0
202304020412,2023,馬連,05-07,0.059652206395304344,34.67002565759942,2.0681435262576175,0.0
202107010512,2021,馬単,16-02,0.00288240121922324,812.8452039594524,2.342946006932489,0.0
202105020111,2021,馬単,02-05,0.12136763376179506,18.52308819653218,2.2481033843741463,0.0
202107050111,2021,馬連,11-12,0.030466302218083798,95.17354865630365,2.89958609653045,0.0
202206030211,2022,馬連,01-07,0.003769396156157112,944.7837441412174,3.561264213565629,0.0
202207030411,2022,馬連,01-15,0.015229816547216012,299.11401854134226,4.555451629085211,0.0
202201010611,2022,馬連,01-08,0.013478145353674063,335.1077835452706,4.516631415770703,0.0
202409010511,2024,馬単,10-11,0.00433818585046121,708.5883561016701,3.073987980241834,0.0
202408030811,2024,馬単,07-03,0.0017508621500462338,1168.702189721385,2.0462364286593253,0.0
202506010102,2025,馬連,01-16,0.0005943515488476081,4360.493330399202,2.5916659646624307,0.0
202509010806,2025,馬単,15-01,0.021552079138448053,123.18516147093851,2.6548963487041686,0.0
202501010407,2025,馬連,04-06,0.13627489091654144,16.84555382321901,2.295626009687898,0.0
202505050401,2025,馬単,12-13,0.0048357166466593896,467.6945970664827,2.261638548587046,0.0
202107020507,2021,馬単,06-04,0.058146331737581984,42.81121106053168,2.489314880413314,0.0
202103020110,2021,馬単,11-05,0.007015946064942192,321.7831131457862,2.257612966440027,0.0
202103020607,2021,馬単,16-04,0.01214409372594971,253.25084609972726,3.0755020112111535,0.0
202210010612,2022,馬連,03-06,0.05539660864079181,45.53235777388923,2.522338204092656,0.0
202405010602,2024,馬単,04-01,0.02762480479395989,74.73802261457519,2.0646232854141995,0.0
202508030806,2025,馬単,15-05,0.020157609959260518,104.96707583034215,2.115885373152159,0.0
202508040701,2025,馬単,08-14,0.00983665425264635,213.42323453675192,2.0993705676194803,0.0
202506020103,2025,馬単,10-15,0.0038652999193132262,699.082239043134,2.7021625221667356,0.0
202506020801,2025,馬単,12-01,0.0027637927679181845,920.8863947764845,2.545139157957498,0.0
202109020312,2021,馬連,03-10,0.020746070727405457,101.34519318934154,2.1025145457886496,0.0
202105010406,2021,馬連,05-14,0.001949512588460979,1266.7490452611576,2.469543210157553,0.0
202103010211,2021,馬単,07-10,0.01265057049393001,200.8730291428614,2.5411584155010254,0.0
202107050411,2021,馬単,17-02,0.005662502299119019,551.6625881550453,3.123790673765893,0.0
202204040411,2022,馬単,12-01,0.009211406700691559,266.52019892137673,2.455025946214017,0.0
202307010511,2023,馬単,11-13,0.03802427881277088,70.93660883084414,2.6973133922164823,0.0
202307040211,2023,馬単,15-14,0.03476275696974406,66.19678929161262,2.3011828983216858,0.0
202301020204,2023,馬連,09-14,0.04652291702845465,48.61659843000269,2.261785974964714,0.0
202505040409,2025,馬単,16-13,0.0029705675323396107,780.3011501480793,2.3179372620771397,0.0
202309030309,2023,馬単,01-05,0.04394675058464748,58.95838541716309,2.5910294588015836,0.0
202403030110,2024,馬連,05-12,0.030031967398110735,70.95913327305409,2.131042377054555,0.0
202508020809,2025,馬連,03-09,0.2105694464850086,11.709729079193313,2.4657111706951453,0.0
202406040805,2024,馬連,03-16,0.00020735824577976475,13000.93819468081,2.6958517375401545,0.0
202503020705,2025,ワイド,06-15,0.06912433976185164,37.68291392864338,2.6048065456201566,0.0
202310020209,2023,馬連,12-13,0.07431577756874502,43.505020229947924,3.2331094065325625,0.0
202309050210,2023,馬連,13-16,0.00123521462100521,1706.151252270957,2.1074629724514344,0.0
202407030410,2024,馬連,02-15,0.004789325871351717,506.47564351484834,2.4256769026951726,0.0
202201020506,2022,馬連,01-05,0.0007227510883156636,3509.354303895096,2.536389642425439,0.0
202105040212,2021,馬単,05-06,0.021130616962054358,144.96188509325577,3.0631340680029253,0.0
202105040812,2021,馬連,13-14,0.0017237283065556653,2053.3341999351755,3.539390283247092,0.0
202305010108,2023,馬単,01-11,0.03853520787065997,151.35700771943945,5.832573755149685,0.0
202110010609,2021,馬単,02-05,0.05373758369417685,52.077233415356304,2.798504689218893,0.0
202110020308,2021,馬連,03-05,0.0211773490818729,106.17732008592114,2.248554172037307,0.0
202104050501,2021,馬連,03-07,0.007303479200731223,402.8018423610766,2.9418548777003397,0.0
202210020610,2022,馬連,07-08,0.028196231536154567,120.52117304653021,3.398242900228917,0.0
202301020109,2023,馬単,08-07,0.07663695254842809,28.471742664538084,2.1819875915532605,0.0
202205040311,2022,馬連,01-10,0.0019284645471377,2235.20687007847,4.310517204464952,0.0
202106010508,2021,馬単,03-06,0.07329113475824031,33.239110186719564,2.4361321039388617,0.0
202104010209,2021,馬連,06-07,0.11316031011260758,23.836676548968377,2.6973657103351822,0.0
202106040707,2021,馬単,06-14,0.14186827113930875,16.668947094047756,2.3647947059451595,0.0
202104050807,2021,ワイド,01-13,0.0009383374158431524,2245.1126370791035,2.1066731901536113,0.0
202105010711,2021,馬単,03-04,0.13766372950986283,19.015818864289827,2.6177885445421416,0.0
202102010611,2021,馬単,01-08,0.15669826414150334,17.656112763761094,2.7666822215680043,0.0
202101020811,2021,馬単,05-01,0.0289449807683205,93.37812411832894,2.7028280067868757,0.0
202405050603,2024,馬連,01-08,0.06154101682824317,40.23562421505332,2.476141226913465,0.0
202405050804,2024,馬単,06-10,0.022289075357379166,101.17166853849523,2.255022944086307,0.0
202505030603,2025,馬連,05-15,0.12211285332739918,19.030556154275512,2.3238755124058796,0.0
202106020806,2021,馬連,10-13,0.04746095465210976,43.06228122614751,2.0437769764905847,0.0
202307040501,2023,馬単,14-05,0.021247089619340766,138.30567754434026,2.9385931256482434,0.0
202406010303,2024,馬単,06-04,0.06818769711902034,30.83411890478785,2.102507560811533,0.0
202505010607,2025,馬単,10-05,0.03883856024929864,60.17669365978555,2.3371761423091684,0.0
202506050107,2025,馬単,05-01,0.12200740367200355,20.295791494509434,2.476236825713429,0.0
202106010401,2021,馬単,15-10,0.22736834530906058,9.071936094366446,2.0626710985256405,0.0
202105010704,2021,馬単,09-10,0.006265587885789811,384.0285939177321,2.406164905847837,0.0
202206030207,2022,馬単,08-12,0.03602190764757246,57.98462766270089,2.088716902644687,0.0
202204010212,2022,馬単,03-12,0.0077321213697110055,316.5815779830603,2.447847184379652,0.0
202205050807,2022,馬単,09-03,0.006980625790424393,362.2229841039332,2.5285431047204012,0.0
202206050808,2022,馬連,03-16,0.0009960049436258294,2871.8640871007938,2.86039082817387,0.0
202305020112,2023,馬連,09-16,0.00333119600825959,926.3343309837318,3.085801225686825,0.0
202305030509,2023,馬連,10-16,0.02201045858644473,186.98440082734692,4.115612410721501,0.0
202306040712,2023,ワイド,07-08,0.02511964420528151,84.4801460901791,2.122111212195503,0.0
202507010406,2025,馬連,02-12,0.017908936073374168,138.69552198901638,2.4838892369645555,0.0
202509010205,2025,馬連,01-11,0.0012724301303756154,2212.2753937622747,2.814965867711697,0.0
202509020802,2025,馬単,13-15,0.06988109640555869,30.76390187566307,2.1498151927843585,0.0
202508020603,2025,馬連,01-06,0.002192614995364833,1582.3144610576971,3.4694064146977306,0.0
202509030206,2025,馬連,01-04,0.008509774026284346,284.42351443020635,2.420379835562681,0.0
202510020207,2025,馬連,01-04,0.10341706027383661,21.52326136677823,2.225872418057643,0.0
202510020703,2025,馬単,06-17,0.016856448762566072,197.35255826483223,3.32666328655248,0.0
202310010708,2023,馬単,13-15,0.0025190644652839586,846.841510075614,2.133248355758887,0.0
202304040609,2023,馬連,01-05,0.008481363096656772,304.3742614087047,2.5815086282839492,0.0
202107010301,2021,馬単,10-13,0.021615810425654376,247.92533192327647,5.359106974570981,0.0
202109010501,2021,馬連,01-08,0.023845465519276896,101.93459647390502,2.4306779054399064,0.0
202207010512,2022,馬連,03-06,0.02335699498923751,262.38602302929695,6.128549025141247,0.0
202207050712,2022,馬単,04-14,0.0014162267376376517,2263.090364515837,3.205049083917468,0.0
202209050110,2022,馬単,06-13,0.03335963226052568,76.23692581804357,2.5432358099629093,0.0
202303020610,2023,馬連,12-16,0.012565219028758658,241.7438120065955,3.0375639467099296,0.0
202306040311,2023,馬単,04-01,0.01345829336753829,165.05805049395605,2.221399666221609,0.0
202306050411,2023,馬連,01-13,0.0011741588870730598,3252.9070228861806,3.819429689744178,0.0
202401020609,2024,馬単,13-06,0.25109531910346294,8.199694091048057,2.0589048043424913,1010.0
202404040512,2024,馬単,10-06,0.0232670265528685,99.56646049459337,2.3166154801028367,0.0
202510010803,2025,馬連,05-11,0.00867572638552676,335.27617199412225,2.9087643318078147,0.0
202503010508,2025,馬連,03-11,0.0008465853018879527,4488.71020116556,3.8000760807412783,0.0
202503030104,2025,馬連,04-08,0.0008219818569727649,2745.4841186660183,2.2567381341503285,0.0
202405050701,2024,馬単,16-14,0.004977323352487495,1020.320990726441,5.078467494175892,0.0
202406050602,2024,馬単,14-07,0.01433880799320906,166.89497819196978,2.393075047325468,0.0
202506020204,2025,馬単,12-14,0.045165087128902145,61.03917958612485,2.7568398642840344,0.0
202505020701,2025,馬連,04-11,0.04751598716890491,58.29839848117875,2.7701059541993946,0.0
202504020604,2025,馬単,08-02,0.08008052708121315,32.502720673497244,2.6028350031071024,0.0
202105020401,2021,馬単,03-14,0.09565177090066353,30.820804786730626,2.9480645584344316,0.0
202209020807,2022,馬単,10-05,0.04783937299854548,42.31392275266725,2.024271533596489,0.0
202209030312,2022,馬連,01-04,0.0005474524236276776,4787.7330605984225,2.6210560677069648,0.0
202207050808,2022,馬単,12-10,0.004309995132021,737.2939156502658,3.1777331873213472,0.0
202406050506,2024,馬単,14-03,0.024458896893543153,109.62115539573846,2.6812125371754387,0.0
202507010801,2025,馬連,03-13,0.0065181882472057934,310.18221404251716,2.021826062064207,0.0
202501010804,2025,馬連,05-06,0.0017134811411800145,1429.2160198067252,2.4489346966111856,0.0
202106010504,2021,馬単,16-15,0.014512958529675903,144.9776981770474,2.1040553213713586,0.0
202204040208,2022,馬単,07-14,0.004064698340139929,693.3228939559282,2.818148416243673,0.0
202406030107,2024,馬単,12-11,0.033244150076149406,69.69077758157694,2.316810668845492,0.0
202403020512,2024,馬連,08-15,0.11906906367488092,21.465619395202754,2.5558912025881555,0.0
202110040403,2021,馬単,15-04,0.058650822129326284,35.1288110118254,2.06033364626929,0.0
202110040803,2021,馬単,12-09,0.05919720163706716,45.773287119035,2.7096505071768835,0.0
202110010311,2021,馬連,05-13,0.09998381670818055,21.55661964200564,2.155313107134256,0.0
202110020111,2021,馬単,05-06,0.012172560047527915,224.76627523549448,2.735980981963243,0.0
202210010305,2022,馬単,01-04,0.03107260981368887,68.36061634318078,2.124142758254939,0.0
202204010701,2022,馬単,03-01,0.021304838550254925,114.49542293069544,2.439306500281622,0.0
202310030105,2023,馬単,03-02,0.0533810156438779,45.13960286729208,2.4095978468173542,0.0
202310030509,2023,馬連,09-18,0.0018464327110515985,2159.361809728435,3.9871162804781606,0.0
202410010709,2024,馬単,11-08,0.06114555962214025,34.67546815319422,2.1202509053867624,0.0
202110020307,2021,馬連,03-06,0.0026609116497937233,1031.529631549104,2.7448092136964375,0.0
202107020212,2021,ワイド,05-15,0.012402804198227944,184.72148921845954,2.291064461981628,0.0
202103010412,2021,ワイド,10-14,0.011682691344863374,285.4256594774045,3.3345398815785945,0.0
202106020202,2021,馬単,14-03,0.04893063513988631,42.11618525310926,2.0607716941037495,0.0
202104040107,2021,馬連,03-09,0.0065842830852319055,482.3792721651303,3.176121682383345,0.0
202409020401,2024,馬連,03-11,0.06041319587046165,33.327669747984274,2.0134310403910334,0.0
202510010802,2025,馬連,16-18,0.2915945025470981,8.446557302083809,2.4629696747366876,850.0
202505030106,2025,馬単,15-09,0.03434876611151444,103.7882219161184,3.564997359726708,0.0
202503030502,2025,馬連,03-04,0.0034210797164015367,725.2335421003476,2.481081760533539,0.0
202509010601,2025,馬単,16-11,0.04889082493629168,88.15095802187858,4.309773056614063,0.0
202509020701,2025,馬単,11-05,0.10622043424694362,19.371091977808955,2.0576058017203533,0.0
202510020103,2025,馬単,12-13,0.0009658756525547353,2188.507779205532,2.113826379361258,0.0
202510020302,2025,馬連,08-09,0.02354493443195163,205.1527475958015,4.830307990677869,0.0
202406050805,2024,馬連,13-15,0.02642215713319359,100.36936407617732,2.651975108979473,0.0
202508030109,2025,馬単,04-05,0.08577463660824443,24.88655879520222,2.1346355370881795,0.0
202104050302,2021,ワイド,02-08,0.018632998433892288,144.4809466593623,2.692113252831173,0.0
202306050308,2023,馬連,03-05,0.005635192507752174,451.75748167013836,2.545740376028554,0.0
202504010711,2025,馬連,06-09,0.014743575193333903,231.77747355088744,3.4172286094184687,0.0
202503030110,2025,馬単,10-15,0.0570262210246782,65.17563134316772,3.7167199583984267,0.0
202105010604,2021,馬単,12-03,0.039118012028865216,88.17208214911975,3.449116570119358,0.0
202106020606,2021,馬連,07-12,0.00028866881355310955,7004.551767876968,2.0219956483043804,0.0
202406050706,2024,馬単,01-02,0.3399451979654307,8.248101319890285,2.803902436029033,0.0
202506010301,2025,馬単,06-05,0.0033930452402569284,633.0323437510242,2.1479073808931006,0.0
202508010803,2025,馬連,04-09,0.08132447485326778,27.064824704566284,2.2010326560946014,0.0
202204020303,2022,馬単,12-04,0.2040531134653025,17.95405553209849,3.663580930653635,0.0
202403020701,2024,馬連,02-06,0.0012396640849405881,2629.5818634024777,3.259798194471199,0.0
202508040506,2025,馬連,09-12,0.0017834224667744637,1177.1568967078038,2.099368056507204,0.0
202110010305,2021,馬連,03-12,0.1223263473535127,39.08887563964199,4.781599379153107,4950.0
202110020305,2021,ワイド,06-09,0.06069903181559561,37.996660445078085,2.306360501242178,0.0
202107040201,2021,馬単,10-01,0.009601155006804904,256.3049290824703,2.460823353128936,0.0
202103010504,2021,馬単,06-01,0.00970365166477156,325.74820690569123,3.160947130236761,0.0
202104050504,2021,馬単,07-10,0.08418847465445264,27.06585777863101,2.2786332815972967,0.0
202103020105,2021,馬単,09-01,0.07236950320587647,31.150039165191522,2.2543128592285053,0.0
202305020107,2023,馬単,01-02,0.10812408311751354,19.395536800064498,2.097124633078966,0.0
202302020509,2023,馬単,08-14,0.009521016057848934,373.19087211714054,3.5531562860699433,0.0
202306040406,2023,馬単,06-10,0.12682011714796473,61.08459003894117,7.746754864673919,0.0
202406030310,2024,馬単,15-07,0.0823707584296545,26.194341890708788,2.1576478081033525,0.0
202406040710,2024,馬連,10-12,0.035362648512098666,57.13026959027622,2.020277642922377,0.0
202406050610,2024,馬連,02-15,0.18238681034210202,12.50687973960072,2.2810899030380347,0.0
202403010201,2024,馬単,06-14,0.11105799072285026,22.887802999514868,2.5418734131865466,0.0
202401010304,2024,馬連,04-11,0.32016180453124005,7.760438891782683,2.4845961195475605,0.0
202401020602,2024,馬連,11-12,0.0005651594214867619,5381.321942077948,3.041304795618791,0.0
202504010704,2025,馬連,01-09,0.0004444141508832045,5504.118567188275,2.4461081793974575,0.0
202507030201,2025,馬連,07-12,0.043190300865386465,79.15310863145997,3.4186465762233746,0.0
202107010110,2021,馬連,01-05,0.00027654101482875763,14132.933723249049,3.908335834334864,0.0
202205010710,2022,馬連,03-14,0.0015787457690597945,5176.69747841562,8.172689241751167,0.0
202205020309,2022,馬単,07-14,0.11868860734111102,18.866612634694917,2.239251978856149,0.0
202306010104,2023,馬単,01-15,0.005370785044618671,939.7565966583594,5.0472306749144575,0.0
202404010308,2024,馬単,10-01,0.02073886554342308,115.62871431594255,2.398008359157212,0.0
202404020212,2024,馬連,03-07,0.05948882538756316,38.01752857760685,2.2616181192199463,0.0
202403030410,2024,馬連,01-14,0.025064102166451843,112.96526569699093,2.8313729606897584,0.0
202406050110,2024,馬連,04-10,0.013470294037554426,351.74382829682344,4.738092793053268,0.0
202503010311,2025,馬連,04-10,0.08320964076000636,36.76913928028189,3.059546870566895,2780.0
202503020508,2025,馬単,15-07,0.041301087550746136,59.148419375223185,2.4428940471043417,0.0
202503030210,2025,馬連,02-12,0.0652338602639774,91.93968539800403,5.997580589967439,0.0
202506050110,2025,馬単,03-12,0.018057254593020787,136.46192559010373,2.4641277326343616,0.0
202505050803,2025,馬単,09-10,0.010196994743227444,332.3873935396169,3.389352504638545,0.0
202310030406,2023,馬単,11-07,0.08918746722784918,29.029652602163946,2.5890811900913433,0.0
202506020110,2025,馬単,13-06,0.0050262675962598775,440.23039447201796,2.212715766623407,0.0
202509030302,2025,馬単,16-12,0.0009580712779137275,2186.603141241155,2.094921665819084,0.0
202109010204,2021,馬連,03-09,0.03978663642892817,73.16773134774883,2.9110979254623732,0.0
202104030304,2021,馬連,04-15,0.03237478458639021,93.03398136436302,3.0119551058854936,0.0
202310010603,2023,馬連,06-09,0.006230377400830461,335.8026927722623,2.0921775081863174,0.0
202310020603,2023,馬単,07-11,0.12221250353729385,33.101732273206984,4.045445572529863,0.0
202304010703,2023,馬単,12-15,0.006424249336669159,420.61341511768586,2.702125453063943,0.0
202304040208,2023,馬連,03-14,0.07371264908991584,43.89774714039743,3.235819230797972,0.0
202407010109,2024,馬単,01-12,0.019382173920501757,192.92283216785953,3.7392638863132244,0.0
202507010611,2025,馬単,16-12,0.04263955007469042,59.046209722389925,2.5177038161785172,0.0
202505030111,2025,馬連,07-14,0.008111054472841595,285.5939694173889,2.316468243059498,0.0
202506050310,2025,馬単,11-01,0.027343272644407234,97.19397878343653,2.657601461270237,0.0
202209040701,2022,馬単,01-03,0.021112573185579346,259.55636915368945,5.479902839540518,0.0
202310010801,2023,馬単,02-12,0.004905042842084319,1178.1913194978483,5.7790788983088,0.0
202310020608,2023,馬連,03-04,0.01144236120827143,399.86455718352573,4.575394697679408,0.0
202410010311,2024,馬単,01-06,0.023126480149094186,96.49984434604305,2.231701734659443,0.0
202410020711,2024,馬単,15-10,0.06373732082532294,31.4488273095719,2.0044639958103616,2790.0
202408030710,2024,馬連,08-09,0.00798757617823597,257.43207889733196,2.0562583409140918,0.0
202405030810,2024,馬連,03-08,0.010297108405300872,223.76810815529814,2.304164467324195,0.0
202403030311,2024,馬単,15-01,0.02409152127936516,108.52011877651795,2.614414750743717,0.0
202509010111,2025,馬連,09-11,0.0011518054004557026,2072.741259923881,2.3873945769276834,0.0
202505020410,2025,馬連,01-12,0.006092113612337613,445.2076964246741,2.7122558677062285,0.0
202310030712,2023,馬連,02-03,0.005172782928822823,576.8825124598628,2.984088012388798,0.0
202309050407,2023,馬単,07-05,0.012180951310006943,164.91427478743924,2.008812751510903,0.0
202410020307,2024,馬連,09-13,0.0056152239009758876,460.36414293884405,2.585047738582477,0.0
202409010308,2024,馬単,14-09,0.005263340737773794,404.77330721647314,2.1304598374358905,0.0
202407010508,2024,馬連,05-10,0.01635121952393466,224.40238545980833,3.669252666347929,0.0
202503030112,2025,馬連,05-14,0.04807791039019088,76.93522917611787,3.698885054178194,0.0
202205030808,2022,馬連,02-10,0.0018660394859299114,3197.7525619229723,5.967132546781801,0.0
202203020408,2022,馬単,08-15,0.003203302195218708,2158.511148739238,6.914363501160455,0.0
202304020102,2023,馬単,16-17,0.017040875193315624,130.0104908047303,2.2154925476251175,0.0
202109030202,2021,ワイド,04-09,0.15120325010893684,16.075767224135905,2.4307082522840706,0.0
202109040706,2021,馬単,12-09,0.011500755419238324,216.12808006103725,2.4856361880115485,0.0
202303030501,2023,馬単,07-01,0.09623115340538643,24.49955924448417,2.3576208440203095,0.0
202403030212,2024,馬単,01-07,0.15027751386904034,14.917701351478938,2.2417950717410777,0.0
202403030607,2024,馬連,11-15,0.0043590378935113045,603.1707575178884,2.629244188278394,0.0
202509010802,2025,馬単,02-13,0.0013374660733830278,2019.9270701440516,2.7015839270256485,0.0
202503010104,2025,馬単,11-08,0.0017325060230845603,1784.3886493269274,3.091464082482625,0.0
202503010502,2025,馬単,15-06,0.01839586862602539,296.80194365800395,5.45992956348163,0.0
202510020106,2025,馬連,02-05,0.017621218431944294,191.33177480100696,3.3714989967401188,0.0
202509040203,2025,馬連,08-13,0.0005125000354356884,8784.023922250315,4.501812571421221,0.0
202109020801,2021,馬連,01-14,0.03914519180407756,60.43814162055371,2.3658626460185777,0.0
202204010812,2022,馬連,05-13,0.0017225063194248953,1169.622747470709,2.014682573861405,0.0
202204030112,2022,馬単,01-08,0.015630236129235222,160.20559133527152,2.5040512217940543,0.0
202209010503,2022,馬連,11-12,0.031511368063764394,72.29603251970681,2.2781468902783613,6220.0
202209040107,2022,馬単,14-11,0.023379398898350293,111.18341880130478,2.599401499038044,0.0
202110030606,2021,馬単,05-15,0.03053637678389522,97.03519360857857,2.963103233329776,0.0
202204010508,2022,馬単,05-07,0.017614375100990273,152.9348244626358,2.69385136408897,0.0
202207040307,2022,ワイド,11-15,0.003820835282466927,601.3086483397747,2.297501299229109,0.0
202210030112,2022,馬単,01-11,0.012311068900921134,183.78942030397144,2.262644216622546,0.0
202210030607,2022,馬連,06-09,0.012047569551323701,201.6742855075235,2.429684981365403,0.0
202204040212,2022,馬単,07-08,0.27388540250771953,8.311592162708807,2.276423764963509,0.0
202309010708,2023,馬連,07-08,0.06944841964068921,33.095534238203925,2.2984325500075835,0.0
202308010107,2023,馬連,01-02,0.07183245534155344,36.78627294582398,2.6424483085630968,0.0
202304010512,2023,馬単,12-15,0.11808633383576739,17.282342666364503,2.040808485564445,0.0
202309040712,2023,ワイド,11-14,0.007122692668353094,297.96261033030487,2.1222961000430125,0.0
202506030306,2025,馬単,16-01,0.001561574293632138,1383.1229338892647,2.159849218494539,0.0
202205030203,2022,馬単,01-11,0.029417333552423118,120.17828680820111,3.535324748795623,0.0
202507040412,2025,馬単,14-07,0.026109524259106835,157.44423599768513,4.110794099238102,0.0
202206020203,2022,馬単,01-13,0.16305750093567448,12.353769749010548,2.0143748224083944,0.0
202310020604,2023,馬連,06-08,0.210613893977442,9.88852815860844,2.0826614211901076,0.0
202107050105,2021,馬連,11-12,0.00794653146080342,440.4643967807366,3.5001641863819235,0.0
202305010204,2023,馬単,16-07,0.0012197026540836434,2355.756200987644,2.8733220907186303,0.0
202404010304,2024,馬単,06-05,0.026067366115674097,98.05096570945874,2.5559304211438674,0.0
202106010712,2021,馬連,13-14,0.053665371737939845,43.765207569149204,2.3486761333864905,0.0
202105010607,2021,馬単,03-13,0.09117307770798723,23.51206303122077,2.143667149820585,0.0
202107020209,2021,馬単,01-03,0.06514764666051753,47.47002269368592,3.092560265414999,0.0
202104020410,2021,馬連,05-06,0.015965277400921424,188.05205285298968,3.0023031896107173,0.0
202105050610,2021,馬単,05-09,0.004130514603751383,635.0565733562095,2.6231104504561347,0.0
202206030310,2022,馬連,03-08,0.08692137997470531,27.408309456163426,2.3823680807034897,0.0
202309010609,2023,馬連,09-10,0.009196190874955091,230.36785852611038,2.1185067984607615,0.0
202305030311,2023,馬単,14-05,0.006768925353131727,318.73937476358054,2.1575230348785555,0.0
202301020111,2023,馬単,14-10,0.04926593012925552,43.0524629882471,2.121019633471341,0.0
202509020601,2025,馬単,01-10,0.31334955510455925,7.842912581417875,2.4575731681112414,0.0
202510020803,2025,馬単,03-12,0.0011868217165841594,7421.054551656007,8.807468701861072,0.0
202507030805,2025,馬単,12-15,0.0029793387082519373,978.1168482173795,2.9141413870874238,0.0
202508040507,2025,馬連,04-11,0.00041389001455521796,7590.879748655222,3.141789329657819,0.0
202509050407,2025,馬単,05-06,0.006952626382771471,416.48066412891785,2.895634453336898,0.0
202405020207,2024,馬単,04-07,0.02576194228262441,82.2514228195507,2.118956407341001,0.0
202509030101,2025,馬単,13-06,0.3699925743251864,7.164257863745291,2.650722210136581,0.0
202507030102,2025,馬単,01-14,0.08136818875272439,28.941786063332216,2.354940711242184,0.0
202507030804,2025,馬単,11-07,0.0628815781715224,41.992417707197944,2.640549496666389,0.0
202107020506,2021,馬単,14-03,0.10187694598672073,32.58494757149303,3.3196549437211225,0.0
202103020410,2021,馬連,13-14,0.0013639763751023249,1761.8353870897965,2.403101844809742,0.0
202206020607,2022,馬単,05-04,0.0342049824492509,77.98505337925506,2.667477382141314,0.0
202204010409,2022,馬単,06-13,0.0510512377078344,77.27734175409088,3.9451039433176502,0.0
202204010709,2022,馬単,09-16,0.0552592468785237,48.55012069405986,2.6828431054151767,0.0
202304010612,2023,馬連,02-12,0.061741210145029375,37.709177152680525,2.3282102309797885,0.0
202304020112,2023,馬単,03-04,0.011730433672006997,216.70232141041177,2.542012207874777,0.0
202303030407,2023,馬連,05-09,0.050696017251969316,44.85351601926234,2.2738946219240055,0.0
202404010205,2024,馬単,14-10,0.05202066125431023,40.243955936418196,2.093517199301798,0.0
202207020111,2022,馬連,06-11,0.05354843731493662,38.30010949964939,2.050911012697184,0.0
202104040501,2021,馬単,05-15,0.15555195887429588,13.183630681761215,2.050739577623226,0.0
202103020202,2021,馬連,03-04,0.0610518194179176,38.11885894210441,2.327225692550432,0.0
202109010311,2021,馬連,04-15,0.07778756564083872,30.024437118417374,2.335527873178126,2870.0
202106020311,2021,馬連,04-07,0.016779247318816786,119.31043758682154,2.0019393399855328,0.0
202103010611,2021,ワイド,02-10,0.016380229361574673,142.64183635719857,2.3365059960871135,0.0
202104050411,2021,ワイド,03-08,0.10372883232031965,20.67815874195186,2.1449212608368766,0.0
202109040711,2021,ワイド,02-15,0.011621861398818554,186.46107608722872,2.1670247825603326,0.0
202109050812,2021,馬単,15-16,0.07658093811857074,110.46443260532648,8.459469877651534,0.0
202209020211,2022,馬連,01-04,0.00460592969761797,648.5522651828232,2.987186138662971,0.0
202205030811,2022,馬単,06-08,0.003499655992557735,1521.162263147667,5.32354462987742,0.0
202203020611,2022,馬単,06-05,0.002716779956628214,1106.4418373331798,3.0059590068416777,0.0
202209040811,2022,馬単,04-15,0.0027021150254525005,844.9713970327799,2.283209907999865,0.0
202205050411,2022,馬単,12-14,0.0037759190482251894,2453.985016795226,9.266048768976304,0.0
202305020803,2023,馬単,07-02,0.025296179023685576,89.7282645854349,2.2697822444377875,0.0
202110030402,2021,馬連,10-12,0.04880540585204805,41.81123213412984,2.0406141534804,0.0
202107010401,2021,馬単,16-01,0.07952121054422429,31.316415985166977,2.490319309046974,0.0
202107020301,2021,馬単,08-02,0.006606132170760416,445.80884508901323,2.945072153552077,0.0
202207030112,2022,馬単,01-10,0.04282557290209094,55.91557857158832,2.3946166864801497,0.0
202304010412,2023,馬単,14-02,0.05028138987068338,46.03851436060295,2.314880489632533,5600.0
202307030212,2023,馬連,13-14,0.003695454696928042,700.8179636176922,2.589841035342546,0.0
202209050703,2022,馬単,09-02,0.05025025025941302,47.34911029201571,2.379304641734338,0.0
202302020203,2023,馬連,03-09,0.0012315437847492273,1969.2100489547965,2.425168396656001,0.0
202107020110,2021,馬連,08-13,0.05688222854500284,68.09427706880317,3.873354230834408,0.0
202105020810,2021,馬連,03-09,0.011183175482844686,186.0689023836854,2.080841187257052,0.0
202109050607,2021,馬単,03-10,0.014342654319115229,144.22876981696749,2.068623388356005,0.0
202207010412,2022,馬単,09-07,0.1600812062712595,14.128134287091745,2.2616487790399873,0.0
202205020212,2022,馬単,04-16,0.0015820079182743392,1489.7533713207404,2.3568016297053034,0.0
202306010701,2023,馬連,03-12,0.009469614939100642,304.22643246797406,2.8809071697680197,0.0
202303020403,2023,馬単,04-12,0.009637207355769103,368.6424296555788,3.5526835347253383,0.0
202107010502,2021,馬単,04-07,0.04475357473283586,48.999319236351305,2.19289469530213,0.0
202106030209,2021,馬連,03-05,0.002427700887707822,1198.107218363287,2.9086459575897012,0.0
202206020609,2022,馬単,07-09,0.052971747704470336,42.03498503465434,2.226666622016896,0.0
202307010709,2023,馬連,07-09,0.20185489350672806,10.45458506012738,2.1103091539690424,0.0
202401020604,2024,馬連,01-07,0.011616479138650142,203.045643297866,2.3586754795634586,0.0
202401020805,2024,馬連,05-07,0.015505178186770333,274.9257420802606,4.262772619084503,0.0
202406030501,2024,馬連,01-12,0.007976768738547902,265.1351582836084,2.114921842086637,0.0
202307030803,2023,馬連,01-17,0.0004311158937066798,4799.238774962875,2.069028113579871,0.0
202107010803,2021,馬連,06-13,0.006896156686575084,294.511167705699,2.030995158444692,0.0
202110040103,2021,馬連,01-04,0.0011784204193328951,6271.326410087964,7.390259097949318,0.0
202110010505,2021,馬連,14-15,0.24301157503343535,9.11723657094552,2.215594019057908,0.0
202508040102,2025,馬単,10-09,0.0072105415780536405,360.83420114455373,2.601810010136575,0.0
202503010106,2025,馬連,11-16,0.0010405362175907006,2615.1566335202656,2.721165191850407,0.0
202510020303,2025,馬連,02-09,0.03094378740873705,65.5793319257271,2.0292729055167023,0.0
202507040107,2025,馬単,01-15,0.008913138761377398,233.8275212060031,2.0841371427380215,0.0
202407040312,2024,馬連,05-18,0.013616148242358114,203.1903630966281,2.7666701053422598,0.0
202408050801,2024,馬単,03-05,0.005302546863792645,406.6535536635095,2.1562995256285764,0.0
202509010405,2025,馬連,01-06,0.007050318276327256,301.85657025716483,2.1281848941135517,0.0
202106030304,2021,馬単,02-05,0.011193087465765023,195.35915728711004,2.186672134752769,0.0
202107030805,2021,馬連,08-10,0.02659609023080357,115.02430123249816,3.0591966943146516,0.0
202106050107,2021,馬連,01-06,0.24554543143229715,8.17370873973711,2.0070168389006864,0.0
202210020503,2022,馬単,12-02,0.04145619136729478,49.875567177248115,2.0676510574523643,0.0
202204010407,2022,馬単,11-13,0.004203473521292899,543.3161471766682,2.2838150383480005,0.0
202110020408,2021,馬単,02-04,0.004108820868243912,652.5179745513653,2.6810794707408996,0.0
202110020508,2021,馬単,05-12,0.05124483015463967,42.249332980352854,2.165059892724998,0.0
202104020408,2021,ワイド,02-11,0.04334123077104069,48.90182674112162,2.1194653579124005,0.0
202106040708,2021,馬単,03-01,0.08254085578231987,26.035959829595054,2.1490304054488787,0.0
202104050206,2021,馬単,07-12,0.010788868017415593,255.58786059071866,2.75750369476688,0.0
202210010607,2022,馬連,10-12,0.0014446572741380176,2424.0116081469087,3.5018660023044257,0.0
202507040204,2025,馬連,06-12,0.011424025937453959,203.49211279346235,2.3246991746198207,0.0
202507020306,2025,馬連,01-07,0.003943752356617068,586.2995126052072,2.312220084520224,0.0
202206020105,2022,馬連,02-11,0.004616681845834572,456.98176265776016,2.109739407539564,0.0
202204010707,2022,馬単,15-04,0.06737181172709074,41.34093532815783,2.7852137115504836,0.0
202201020604,2022,馬連,04-09,0.016519726634979484,148.98677477920458,2.4612207915797155,0.0
202205010101,2022,馬連,05-10,0.003056145825070874,657.4492637363428,2.009260822563744,0.0
202204020102,2022,馬連,07-14,0.06399732901585958,53.22747787690049,3.4064164143723876,0.0
202107010412,2021,馬単,14-10,0.005354453452954435,472.70408567362585,2.531072023760815,0.0
202110010810,2021,馬単,08-02,0.08268475463323828,35.80149329456196,2.960237688564381,0.0
202110020808,2021,馬連,02-08,0.03779393717139882,64.47336423647522,2.436702277182056,0.0
202101010410,2021,馬連,01-05,0.14185643703331918,24.83920248510847,3.523600763286655,0.0
202102010308,2021,馬連,06-07,0.11231562915640858,18.830167578973583,2.114922118753025,1950.0
202307040405,2023,馬連,06-13,0.0013419831588436537,1596.0332159741013,2.1418496967923195,0.0
202206040703,2022,馬連,01-07,0.00013076555660263743,24808.752001054985,3.2441302640347502,0.0
202106020605,2021,馬単,15-09,0.07814808467043076,29.75652473185898,2.3254154142430825,0.0
202104040712,2021,馬単,18-14,0.003307958846825234,838.1682880223499,2.772626203491893,0.0
202305040204,2023,馬単,07-15,0.009675998453468523,211.65159615777455,2.047940517096771,0.0
202306040201,2023,馬連,05-08,0.002923495484319995,792.1522573173768,2.315853547161242,0.0
202109010402,2021,馬連,03-07,0.02232708905010655,92.89888643754718,2.0741617101468512,0.0
202302010408,2023,馬単,06-03,0.11623711271334229,18.83629082343275,2.189476059544648,0.0
202302020508,2023,馬連,11-13,0.010742994572902122,187.71964232879918,2.0166710987654173,0.0
202301010612,2023,馬連,01-07,0.00567930881842723,385.0497278238285,2.186816314762874,0.0
202410020412,2024,馬連,04-13,0.033248628777485426,65.48309015849568,2.1772229558824323,0.0
202510010809,2025,馬連,10-16,0.011778096570472917,216.60611354010675,2.5512077230301986,0.0
202301010106,2023,馬単,03-14,0.024608268748403626,114.95779447002451,2.8289123010421116,0.0
202301020703,2023,馬連,07-13,0.004578281315412751,664.5113696333559,3.0423199874717293,0.0
202106010805,2021,馬単,13-08,0.13110421955743132,18.635146489870497,2.443146336892877,0.0
202105030608,2021,馬連,01-07,0.10294934268317459,22.6217720013356,2.328896557866143,0.0
202102010409,2021,馬連,01-04,0.028164835312199547,85.50106002162553,2.4081232745275716,0.0
202104050409,2021,ワイド,01-14,0.022498910022877086,131.59595003911744,2.9607654393051317,0.0
202210020307,2022,馬連,01-03,0.0008882179329913586,2379.4400442435312,2.1134613177748562,0.0
202301020511,2023,馬連,02-10,0.014223696652612056,160.39124443168714,2.2813564065312706,0.0
202309040810,2023,馬連,10-15,0.0012487563849817684,1887.626274937789,2.357185363287915,0.0
202304010408,2023,馬連,08-13,0.00494667354888878,425.8423197188066,2.10650293895046,0.0
202307040508,2023,馬連,02-03,0.0025535011596915466,811.4335389138919,2.0719964826292387,0.0
202105010505,2021,馬単,07-13,0.003916922917904867,728.8197747031132,2.8547308785568863,0.0
202104040204,2021,馬連,03-04,0.009901437749801666,266.8292806838303,2.6419935125153016,0.0
202508020701,2025,馬連,05-08,0.04717444747692257,69.25514869422051,3.2670733745819684,0.0
202107040101,2021,馬単,05-14,0.11964829975996408,18.06640982735917,2.1616152186102306,0.0
202102010803,2021,馬単,12-09,0.04439107097035965,61.42082454126682,2.726536181269383,0.0
202109040806,2021,馬連,05-09,0.002360617378492575,1463.0724799355826,3.4537543221301656,0.0
202209040108,2022,馬連,08-09,0.01698425225705944,139.65084686235903,2.3718652110222838,0.0
202310030707,2023,馬単,14-05,0.07819247080284907,28.165809979211797,2.2023542744381133,0.0
202106040806,2021,馬単,10-06,0.028674593380850745,279.2520318429844,8.007438463873962,0.0
202106050206,2021,馬単,03-01,0.05407745967084599,39.48403948781677,2.1351965530445023,0.0
202206010707,2022,馬連,14-15,0.0037480727404450203,652.4971698991674,2.4456068557165924,0.0
202205040412,2022,馬単,16-12,0.003864004050612287,2367.480109560765,9.147952733086816,0.0
202405010109,2024,馬連,08-13,0.0017600068558503434,1451.4709955906792,2.554598903307519,0.0
202405020210,2024,馬単,02-10,0.059756331121817136,33.789335675982244,2.019126731040224,0.0
202107020611,2021,馬単,03-04,0.038458717813351834,91.67598242786705,3.5257407384551405,0.0
202110040411,2021,馬単,07-17,0.13537785141557845,36.52775353733736,4.945048790922527,0.0
202309040804,2023,馬連,09-10,0.010458198405811407,212.7229995271019,2.224699334533758,0.0
202508030503,2025,馬連,10-15,0.0005982333776823009,6761.12072145999,4.0447280861168045,0.0
202509050704,2025,馬連,05-14,0.022639791167254238,88.37360968231161,2.000760067903972,0.0
202510010312,2025,馬単,13-17,0.009062229103727601,284.6266800292394,2.579352183458337,0.0
202504040203,2025,馬連,03-16,0.009632280799773647,245.59847521617596,2.3656734772784556,0.0
202106050704,2021,馬単,12-01,0.023183374924525397,88.55387110321982,2.0529775948040405,0.0
202206040406,2022,馬連,08-09,0.0032868912860421363,1253.408802295405,4.119818470113278,0.0
202309040412,2023,馬単,12-09,0.0022856596132884498,929.3234956487244,2.124117181684334,0.0
202408020712,2024,ワイド,02-08,0.020283920671085028,100.23809250550121,2.0332215166024694,0.0
202407020810,2024,馬連,02-13,0.003750414264456746,557.2395136704752,2.08987902078869,0.0
202405040810,2024,馬連,04-14,0.05216214243737619,48.095122705119,2.508744641087503,0.0
202304030707,2023,馬連,03-05,0.00024273875824081724,10407.815576670397,2.526380229080407,0.0
202207020404,2022,馬連,07-09,0.020317386946331874,341.207010740138,6.9324348660086,28280.0
202202010302,2022,馬単,02-06,0.03240034193278668,77.81439417070423,2.52121297842346,0.0
202403030501,2024,馬単,08-14,0.09690486825638664,26.907317280539296,2.6074500362034563,0.0
202107050806,2021,馬連,07-11,0.056152253518977235,40.138568129398976,2.253871053490751,0.0
202410010106,2024,馬連,03-14,0.005524788976491481,385.34048162723656,2.1289248450900744,0.0
202406020501,2024,馬連,09-10,0.03570417271692981,58.951280816496194,2.104806712156411,0.0
202406030401,2024,馬単,11-05,0.019175950458850215,110.96732132751099,2.1279038563276638,0.0
202402010804,2024,馬連,06-12,0.03301822968986168,80.25669850586364,2.6499341054165844,0.0
202401010104,2024,馬単,13-08,0.10231436074722651,23.82938850891992,2.4380886522874468,0.0
202504010702,2025,馬単,14-08,0.00531032710814603,396.9664278855132,2.108021583024337,0.0
202505030301,2025,馬単,09-05,0.01279165072652994,270.49765980618446,3.460111586584428,0.0
202105020311,2021,馬単,10-08,0.027155050185075715,130.4389936081722,3.542077417520687,0.0
202310010111,2023,馬単,06-13,0.031156029952548486,82.53639253053063,2.5715063178565116,0.0
202306020409,2023,馬単,14-10,0.04236046252830749,59.88824285606355,2.5368936673904585,0.0
202408050811,2024,馬連,03-17,0.0001980361521893758,13963.11912923545,2.765202384915656,0.0
202407030202,2024,馬単,02-09,0.0028339546467364045,719.0040897637432,2.037624981208439,0.0
202206020210,2022,馬連,02-10,0.00654357830916631,355.07772786083547,2.323478918098221,0.0
202109030207,2021,馬連,05-16,0.07760700350574094,52.05010891334217,4.039452984911944,0.0
202110030308,2021,馬単,12-09,0.08928126276134236,37.5055823513136,3.348545752924794,0.0
202105010502,2021,馬連,06-16,0.19269038514884015,22.800521977823347,4.393441361501376,0.0
202103010503,2021,馬単,11-14,0.06611708526534071,58.46639490139548,3.8656276168526467,0.0
202305050705,2023,馬連,04-10,0.004076578291892668,602.5460807444437,2.456326272627806,0.0
202102010601,2021,馬単,05-10,0.17183140811589775,32.58975717267581,5.599943865136063,0.0
202210020409,2022,馬連,02-08,0.004203849997011686,605.3856408788014,2.544950424599267,0.0
202205020507,2022,馬連,07-08,0.02965056271181061,126.36673933056095,3.7468449292078216,0.0
202202010207,2022,馬単,02-08,0.05389632085284241,56.746828086251654,3.0584452539177085,0.0
202203020312,2022,馬連,05-08,0.5006028111774764,4.950637593081605,2.4783030962175467,0.0
202206040407,2022,馬単,07-13,0.27888276335819884,8.367106777044343,2.3334418592952395,0.0
202206050609,2022,馬単,05-07,0.009993397621367243,489.7210411950118,4.893977088211721,0.0
202306010408,2023,馬単,09-05,0.02336238648559392,146.3039448742112,3.4180093045183497,0.0
202106010301,2021,馬連,01-10,0.004605263522404112,825.4599611039364,3.8014606480770756,0.0
202104010103,2021,馬連,08-10,0.030075697488158762,73.51084206715169,2.2108898481114694,0.0
202204010612,2022,馬連,09-10,0.019006652776574998,127.84874659599758,2.4299767344704506,0.0
202201010312,2022,馬連,07-15,0.02446890710483536,134.70439381150908,3.296069298786975,0.0
202305020211,2023,馬単,14-11,0.13741719393424354,21.64336649097025,2.974170690479567,0.0
202507030707,2025,馬単,05-09,0.034612941536321266,66.99880083116574,2.3190255761727725,0.0
202506010804,2025,馬連,02-05,0.033641810326963326,218.04674551962648,7.3354872551829144,0.0
202506020101,2025,馬単,12-06,0.024855156000855395,182.65742086055354,4.539978690202957,0.0
202505020103,2025,馬単,12-14,0.0504937875718312,50.59885896125212,2.554928035766512,0.0
202503020502,2025,馬連,03-06,0.02302680690536765,111.65501307206824,2.5710584260268163,0.0
202110020501,2021,馬連,13-15,0.2307533587592172,20.979212249094655,4.841023690601103,0.0
202106020703,2021,馬単,01-05,0.058434098636144544,78.24881760473986,4.572399126077053,0.0
202107020101,2021,馬連,05-11,0.05377466098356469,50.37244291712577,2.7087610407824023,0.0
202105020203,2021,馬連,11-12,0.0024833843985871754,1222.314351767889,3.0354763913495724,0.0
202105020506,2021,馬連,02-13,0.009510481134013109,324.491622406033,3.0860714530378823,0.0
202103010312,2021,馬連,04-14,0.17953434036204724,12.137381665596946,2.179076811055354,0.0
202305020709,2023,馬単,14-15,0.007982327080490004,330.76533739061506,2.6402771099405196,0.0
202504030107,2025,馬単,01-07,0.020757387601706364,136.30406574617697,2.829316324381863,0.0
202308010503,2023,馬単,06-04,0.013097122451686309,231.2367989717332,3.0285366714687605,0.0
202109050504,2021,馬連,01-14,0.00046000421833526054,6427.5371416463795,2.9566941986638975,0.0
202209040207,2022,馬連,02-16,0.13192952804335276,17.25974217170822,2.2770696388634177,0.0
202307010404,2023,馬単,13-14,0.015151769866027896,150.73081906829304,2.2838386822406656,0.0
202308020208,2023,馬連,05-09,0.009187460137215702,232.78723058245532,2.1387234014291483,0.0
202410010312,2024,馬連,02-15,0.005876490256949842,353.2006809005624,2.075580360060205,0.0
202410030712,2024,馬連,09-11,0.007570196958260346,391.0602438428904,2.9604030684359977,0.0
202503010201,2025,馬連,05-07,0.0014720825805976687,3002.6693812666704,4.420177291456645,0.0
202305040601,2023,馬連,05-13,0.12760864619737575,20.569730021876317,2.624875400737153,0.0
202309040207,2023,馬単,11-02,0.01483895655313185,137.71216896415805,2.043504892096694,0.0
202308020201,2023,馬連,04-11,0.005720404488858488,495.42039572628727,2.834005055584702,0.0
202308030802,2023,馬連,06-15,0.01948913717161944,125.24175498751765,2.440853742566085,0.0
202305010201,2023,馬単,01-15,0.05889231351419641,78.4503786882078,4.6201242970133665,0.0
202106010705,2021,馬単,05-01,0.08785368501676638,31.611576090680163,2.7771934487541583,0.0
202205010512,2022,馬単,05-10,0.006675993256541721,305.4916612433317,2.0394602703902103,0.0
202207020612,2022,馬単,08-06,0.03168351426594992,77.680955320677,2.461205656095288,0.0
202205020512,2022,馬単,05-09,0.15312035045003555,16.834669414117094,2.577730480400104,0.0
202105010307,2021,馬単,05-16,0.02262648972890617,142.47963202731384,3.223813930644347,0.0
202105050711,2021,馬単,09-04,0.06799431662054897,40.38387833959644,2.74587421018825,0.0
202205010411,2022,馬単,06-13,0.1533112468787566,14.626471181613285,2.242402534289333,0.0
202205040611,2022,馬連,03-05,0.0015752003828810308,1442.5945796541891,2.2723755342133787,0.0
202306010211,2023,馬連,10-11,0.007532856054145012,274.2969515040895,2.066239451771102,0.0
202306020610,2023,馬連,04-06,0.008625812437262213,249.63837003127162,2.153333757033609,0.0
202304010211,2023,馬連,02-07,0.025054690030302907,79.92888366376545,2.002593404663785,0.0
202309010705,2023,馬単,10-16,0.0016711841056338142,1936.0839123525031,3.235552661496834,0.0
202105020411,2021,馬単,04-03,0.1242679105374312,21.232116837312237,2.638470795659404,0.0
202206030809,2022,馬連,04-05,0.009721349916761164,206.4107054411936,2.0065906941593608,0.0
202202010110,2022,馬単,02-11,0.021194606368107924,110.45302628585479,2.34100841429497,0.0
202209010504,2022,馬連,04-15,0.0011504683647786925,2009.716868971272,2.3121156799135334,0.0
202209030404,2022,馬連,07-17,0.04494924949694806,50.36326497911631,2.2637909630272057,0.0
202307030605,2023,馬連,03-07,0.00276456232074407,907.2347968775182,2.5081071355154867,0.0
202405010101,2024,馬単,12-01,0.0022002383971637517,1117.2836859622537,2.4582904663787977,0.0
202105020306,2021,馬連,03-14,0.049910982588328004,69.98444030247089,3.492992181390505,0.0
202106040206,2021,馬単,04-01,0.04724179004041406,62.04666460387354,2.9311955019241847,0.0
202106030409,2021,馬単,05-07,0.03564869792350976,56.98610907401281,2.0314805882156612,0.0
202205050809,2022,馬連,03-15,0.011281357780348755,195.75148398922562,2.208342526916665,0.0
202205040810,2022,馬連,03-05,0.053080778935010675,43.03261687522758,2.2842048233489654,0.0
202306020111,2023,馬連,05-10,0.027735188747376696,79.7678238926835,2.2123756516310813,0.0
202107040112,2021,馬単,08-09,0.02750725793067198,101.36528320720821,2.7882809903962893,0.0
202110040511,2021,馬単,07-08,0.13420463999381105,20.219856588811556,2.713598574227943,0.0
202205030302,2022,馬連,04-07,0.0032547100950828496,1246.1787974645788,4.055950712386171,0.0
202505020101,2025,馬単,15-09,0.009766734067358864,477.23974055345246,4.661073632360909,0.0
202505030103,2025,馬単,11-09,0.0007605796271008784,3618.578890998801,2.7522173835509784,0.0
202504020609,2025,馬連,01-02,0.000680043528304575,3444.6174504159585,2.342489804640378,0.0
202504030204,2025,馬連,05-08,0.12205609327045332,17.77617316995132,2.169690250423308,0.0
202506040207,2025,馬連,03-11,0.0009744097143699197,2945.587585595087,2.8702091579312903,0.0
202105030404,2021,馬連,13-18,0.3460899583505278,6.141400486793902,2.1254770386884125,0.0
202104010304,2021,馬単,04-05,0.06841695998598231,32.289407910162026,2.209143128960616,0.0
202505040306,2025,馬単,04-03,0.0422190752834158,259.67746383326516,10.963342394983105,0.0
202505010508,2025,ワイド,06-13,0.00020298986629151494,9957.579056208482,2.0212876412069494,0.0
202306040502,2023,馬連,11-12,0.007023095263030929,315.6436843155863,2.216795664122424,0.0
202404010802,2024,馬単,10-13,0.09405193446741784,25.58338820050249,2.406167150488171,0.0
202106050605,2021,馬単,12-07,0.0673886487122826,39.73857592592525,2.677928933398547,0.0
202105030606,2021,馬単,12-02,0.06778296309728037,37.80344445638748,2.562429480537401,0.0
202310030806,2023,馬連,02-15,0.004382899906546651,486.72847658671543,2.133282194545509,0.0
202507010701,2025,馬単,10-13,0.010954721413922648,196.31414311587244,2.150566747447323,0.0
202510020812,2025,馬単,02-13,0.07425461876885546,35.07613007860637,2.6045646668737,0.0
202205030402,2022,馬単,10-07,0.24396642707412028,10.180628855503507,2.483731647244881,0.0
202203020407,2022,馬連,02-08,0.008167559413425066,309.112976756243,2.524698603117296,0.0
202305030307,2023,馬単,16-14,0.06301825407637643,32.00248641387333,2.0167408199052543,0.0
202405030707,2024,馬単,09-01,0.006073056331380663,435.7107254289871,2.6460957797169713,0.0
202407040506,2024,馬連,08-13,0.03494782192498118,119.44812094729086,4.174451660139535,0.0
202505020412,2025,馬連,05-11,0.0609503226808089,38.758156014239816,2.3623221155810508,0.0
202106010107,2021,ワイド,06-16,0.0001886551314077033,11004.707067310532,2.0760944578867497,0.0
202505040704,2025,馬連,03-15,0.0038800125111500116,1489.6878594435823,5.780007532349379,0.0
202506050602,2025,馬単,16-05,0.08746763251318572,28.91922965738936,2.5294965522369544,0.0
202509010204,2025,馬単,15-11,0.0065168323475320285,328.9668866578892,2.1438220482390347,0.0
202204040601,2022,馬連,08-12,0.010273063134320908,286.1618048197034,2.93975828754403,0.0
202302020606,2023,馬連,04-05,0.006468622506812821,403.95990710141814,2.61306414692625,0.0
202107030510,2021,馬連,05-09,0.030546272478600076,76.32622792755703,2.3314817555388916,0.0
202105040311,2021,馬連,10-14,0.015472706336400542,134.17917145384442,2.076114916366873,0.0
202205040411,2022,馬連,03-05,0.009889979844228937,269.26595007026646,2.6630348189320907,0.0
202209050411,2022,馬単,14-01,0.0033799914036572037,2381.9203508289766,8.050870309998091,0.0
202506010505,2025,馬連,07-15,0.0026659686794906602,862.6326208070798,2.2997515489786178,0.0
202105010511,2021,馬単,04-10,0.02480621715114737,260.2350429036018,6.455446984604899,0.0
202109040411,2021,馬単,12-14,0.06305627931137137,54.162121823317186,3.415261881787611,4890.0
202205010202,2022,馬単,09-05,0.09027783245836402,44.83001538791879,4.047156618296413,0.0
202306050101,2023,馬単,15-05,0.0351488466550245,277.76355829919146,9.763068717012239,0.0
202203020702,2022,馬単,12-08,0.061036371591450464,32.89205488986896,2.007611684664427,0.0
202310010203,2023,馬連,01-03,0.03133568908234319,72.29543838247105,2.2654273792248127,0.0
202310010803,2023,馬単,09-02,0.045076272932731344,51.20936877786884,2.308327483744107,0.0
202410010203,2024,馬連,04-06,0.010922146805604847,231.1925207766133,2.5251186522800193,0.0
202107010508,2021,馬単,13-03,0.021618520900170305,126.8652570202524,2.742639210397804,0.0
202109020212,2021,馬単,05-08,0.03642804393920877,75.938873355627,2.76630461529279,0.0
202503010408,2025,馬連,09-14,0.005406718785951382,988.2624047314149,5.343256909110829,0.0
202509030406,2025,馬連,01-04,0.02476861153398978,85.51551153297095,2.1181004852905803,0.0
202405050404,2024,馬単,13-08,0.043828572074737594,50.86096768680718,2.229163588052128,0.0
202109030105,2021,馬連,08-14,0.0007184531956145083,3306.3572871824563,2.3754629588195524,0.0
202107050201,2021,馬単,02-07,0.024568296393413614,135.41968456796013,3.327030947968224,0.0
202209020403,2022,馬連,08-14,0.05093880508496443,46.975428584918184,2.3928722004698137,0.0
202201020306,2022,馬単,01-12,0.09166943737412896,26.330625146517836,2.4137135928903817,0.0
202106020512,2021,馬連,11-14,0.011542219366270295,243.62755223422144,2.8120026515548586,0.0
202106030609,2021,馬連,03-05,0.07297806162255735,28.20624279243192,2.0584369246469105,0.0
202103010111,2021,馬単,07-13,0.02460124058895622,134.15805097849707,3.30045448906746,0.0
202106040211,2021,馬単,07-16,0.01685722107338587,201.75949867549625,3.4011044728283437,0.0
202110010309,2021,馬単,04-02,0.09645263792049402,22.442665696271813,2.1646543083731973,0.0
202207040305,2022,馬連,03-04,0.02268345485988456,103.61538759216214,2.3503549672362527,0.0
202306040503,2023,馬単,09-01,0.07640430516822172,45.938338295470146,3.5098868180481073,0.0
202302020511,2023,馬連,01-07,0.05954564463019933,43.937071554936885,2.6162612489019113,0.0
202106010310,2021,馬連,05-10,0.0006613615938753767,6043.567444297459,3.996983397653904,0.0
202103020307,2021,馬連,08-11,0.012924691134720894,183.2640045430142,2.3686306548305454,0.0
202203020802,2022,馬単,14-11,0.023901245988660346,119.78070204025228,2.8629080241585,0.0
202106010408,2021,ワイド,04-09,0.028465920255522966,78.96305556708607,2.247756042905101,0.0
202105020112,2021,ワイド,04-16,0.010338698342117873,456.0479903908904,4.714942602180486,0.0
202104040509,2021,馬単,15-07,0.05795390545298443,39.55843092689542,2.2925655658057122,0.0
202105050507,2021,馬連,06-15,0.010293861029608544,293.91805566337456,3.025551619091526,0.0
202206020312,2022,馬連,02-08,0.0041047116159564625,974.1757306712999,3.998710437669359,0.0
202109040109,2021,馬単,07-08,0.07055007808782386,36.99128759942076,2.609738228708285,0.0
202207010406,2022,馬連,03-04,0.021811446917055256,112.76759688908881,2.459624453510246,0.0
202210040209,2022,馬連,06-16,0.004433168826845796,462.8727191069243,2.0519929091421676,0.0
202210040708,2022,馬連,10-14,0.04940945346162801,52.16952048646561,2.5776674945914717,0.0
202303010407,2023,馬連,09-12,0.006134692608069577,334.2220856872702,2.0503497585192934,0.0
202310030112,2023,馬連,12-18,0.15290751835601013,13.286395356439508,2.0315897418499818,0.0
202410030308,2024,馬連,01-14,0.019869081634169367,109.4206193149664,2.174087217630437,0.0
202110010204,2021,馬単,04-10,0.100400453893077,29.12841717874337,2.9245063059327356,0.0
202110010704,2021,馬単,10-02,0.016226557841828707,266.8655598355701,4.330309442663878,0.0
202109020504,2021,馬単,09-01,0.00274515478591323,1402.3176035412762,3.849578880731706,0.0
202203020803,2022,馬単,11-13,0.01633636028524129,166.34868756469967,2.7175320930339715,0.0
202203030501,2022,馬連,02-13,0.16815205490953583,13.435500680564095,2.2592070481753197,0.0
202210030103,2022,馬単,09-01,0.024810010888769957,96.64768094451077,2.397830016607677,0.0
202509040803,2025,馬単,12-07,0.1677388105502691,23.09623872423795,3.874135611788738,0.0
202105010102,2021,馬単,12-16,0.006075906721219676,355.8242311180175,2.161954837422786,0.0
202104040706,2021,馬単,08-02,0.018252214479176694,158.09882734162122,2.885653705545595,0.0
202205040308,2022,馬単,09-10,0.007834813112951509,257.07556160424963,2.0141389810763486,0.0
202506010308,2025,馬連,01-08,0.042789075230375576,73.26596785674374,3.1349830104484866,0.0
202504010301,2025,馬連,12-13,0.01935145574728759,121.91981986473566,2.3593259988297066,0.0
202506040808,2025,馬単,07-03,0.05061864346069507,44.22990629613424,2.2388578571039712,0.0
202507050202,2025,馬単,12-05,0.002500087440750733,2127.6431411418585,5.319293895568199,0.0
202107030710,2021,馬単,04-01,0.14330476738258383,15.13564868960016,2.1690106146476604,0.0
202105030811,2021,馬単,09-01,0.0066287101527884315,572.272022284971,3.7934253642771543,0.0
202106050511,2021,馬連,02-16,0.018288834496164794,110.05385875481441,2.0127568084310976,0.0
202209010311,2022,馬単,08-04,0.03285884608799762,100.06283274721619,3.287949220369825,0.0
202510010407,2025,馬連,09-12,0.0005510558060714955,4764.6407680972015,2.625582959104913,0.0
202509030510,2025,馬単,03-02,0.05084107995813191,47.81484668219743,2.4309584433554177,0.0
202508040510,2025,馬連,03-09,0.004528350024737258,534.9069359551812,2.4222458366647754,0.0
202407020603,2024,馬単,08-04,0.11288564660671853,18.015547352743226,2.0336967118883753,0.0
202107030706,2021,馬単,09-15,0.01799090657106312,170.1001958831937,3.0602567318540737,0.0
202107050107,2021,馬単,09-02,0.03403603132682274,70.91542786710278,2.4136797244397483,0.0
202103020308,2021,馬連,03-08,0.00767862012290536,267.66510378466023,2.055298652120444,0.0
202210040112,2022,馬単,04-09,0.053858257880530155,51.885173048670936,2.7944450302312522,0.0
202506050410,2025,馬連,07-09,0.0026926541639591016,1133.6601554527142,3.0525547380942735,0.0
202107030405,2021,馬単,04-12,0.030443295778243163,73.83709533405613,2.247844532661009,0.0
202104030212,2021,馬連,05-11,0.0016814579386285572,1251.5642003612154,2.104452560400668,0.0
202210010809,2022,馬連,01-12,0.0017836429399651502,1136.0909752702078,2.026380647198828,0.0
202203010306,2022,馬単,15-08,0.011266545749561705,249.5912496229674,2.812031232567438,0.0
202304020406,2023,馬連,07-11,0.0016868805806977537,1244.2955020556042,2.0989779190671607,0.0
202110020502,2021,馬単,01-09,0.021592540265818076,106.62319128100047,2.3022655510050254,0.0
202102010205,2021,馬連,02-12,0.0014349429633700806,1457.4627343019213,2.091375894960659,0.0
202210040812,2022,馬連,02-03,0.006690044044856359,301.13645738164945,2.0146161633952446,0.0
202510020105,2025,馬単,01-09,0.0066428264039411055,910.3808304563166,6.047501818197051,0.0
202510020709,2025,馬連,04-15,0.0005621081598405791,11830.95470351794,6.650276177551714,0.0
202506040107,2025,馬連,07-09,0.002844239556136597,831.7400522691327,2.365667957086988,0.0
202106030602,2021,馬単,16-17,0.08216780732956835,24.960960006538,2.0509873525782756,0.0
202303020105,2023,馬単,11-02,0.0022697088643321888,906.1948554646051,2.0567984962602406,0.0
202410010202,2024,馬連,07-17,0.003772586682256936,604.1345112778187,2.279149811538501,0.0
202403010501,2024,馬連,05-13,0.00010952046770329632,24003.714257829655,2.6288980121337864,0.0
202408030801,2024,馬単,01-13,0.0032524317347444667,856.51734526957,2.785764195113833,0.0
202205010206,2022,馬連,02-15,0.0015066819280191279,1948.3102598795538,2.935483858734774,0.0
202201020307,2022,馬単,05-16,0.01573977418938957,155.26365468178048,2.4438148645105837,0.0
202507050105,2025,馬単,09-06,0.01908618875763836,144.54721283530458,2.7588553885651494,0.0
202309050703,2023,馬単,06-02,0.0013098347157055748,2280.9496945212604,2.987667094661973,0.0
202409010503,2024,馬単,08-16,0.008631880093474565,251.59404345066594,2.171729615298578,0.0
202404020110,2024,馬連,10-14,0.04093571240800098,104.85154507457351,4.2921726947072925,0.0
202508010809,2025,馬連,04-09,0.1398752742328615,15.234512657877119,2.130931635824562,0.0
202505050411,2025,馬単,16-11,0.02483074874114023,266.75618177046255,6.623755724688287,0.0
202510010502,2025,馬単,11-01,0.006757385167548781,414.61099246210904,2.801686170766135,0.0
202307020505,2023,馬連,08-17,9.806244441909207e-05,69950.27653573934,6.859495104886059,0.0
202505050203,2025,馬単,16-09,0.043597008740735285,67.67215207687636,2.950303405599946,0.0
202505010605,2025,馬単,11-13,0.0017899580611503649,1260.9681503142472,2.2570801055088516,0.0
202309010203,2023,馬単,06-05,0.09840355330346398,21.82615607881187,2.1477713131110883,0.0
202109020409,2021,馬単,06-05,0.08416193249320537,40.49898762475138,3.4084730625174853,0.0
202209020602,2022,馬単,05-16,0.009002677225832239,283.77340771739665,2.5547203949542134,0.0
202201020602,2022,馬単,09-12,0.011871284394907897,264.0782644908764,3.1349481802849013,0.0
202307020611,2023,ワイド,06-13,0.02099498648089806,108.92283395125635,2.2868334262677315,0.0
202309040211,2023,馬単,05-06,0.11362429176308801,19.440172764194738,2.2088758620837,0.0
202508010711,2025,馬単,08-14,0.004834365651429262,491.62336000281255,2.3766870850378394,0.0
202509010611,2025,馬単,04-07,0.006645103922566797,358.00002474601666,2.3789473687187654,0.0
202104050512,2021,馬単,02-03,0.026619027842506617,78.98116795824876,2.1024019089143153,0.0
202303010304,2023,馬連,11-12,0.0004888387936077676,4892.203767804984,2.3914989879371635,0.0
202509050505,2025,馬単,15-08,0.002311320842883864,890.7330081882567,2.058769767270161,0.0
202106030203,2021,馬単,09-12,0.1591603541321782,14.089960854705163,2.2425631593434017,0.0
202206020707,2022,馬連,03-13,0.003902645195052996,517.2723873657833,2.0187305970866665,0.0
202303030411,2023,馬連,04-16,0.014943096526782374,308.95518935821934,4.616747217030198,0.0
202110020402,2021,馬単,09-17,0.036733982546836956,159.8682567561247,5.872597753472735,0.0
202106020705,2021,馬単,15-03,0.00753056472125111,426.23993174645534,3.2098273927983376,0.0
202102010704,2021,馬単,13-16,0.015668409882531514,133.59849930031987,2.0932760467285116,0.0
202307040512,2023,馬単,14-18,0.005590681782293813,478.5496223496175,2.6754186555935906,0.0
202106010608,2021,馬連,04-10,0.009598496974766803,226.42062069108087,2.1732976427281616,0.0
202106020509,2021,ワイド,04-05,0.029262926944887666,73.1692090578482,2.141145219275025,0.0
202310010804,2023,馬単,10-04,0.06348301745519556,43.099183887648856,2.736066243044296,0.0
202310020504,2023,馬連,06-09,0.03805873963026596,86.84531455598214,3.3052232147946707,0.0
202303030505,2023,ワイド,09-12,0.013184663923281466,198.1386445360565,2.6123914384224345,0.0
202205020403,2022,馬単,02-07,0.08964050214597821,30.242618128757506,2.7109634752708867,0.0
202204030404,2022,馬単,11-15,0.008025824878901215,430.43890700245146,3.454627288667321,0.0
202203030506,2022,馬連,10-12,0.009220545759786987,254.56460212587828,2.3472245627236283,0.0
202305040309,2023,馬単,15-10,0.03869178900961793,70.21026847214412,2.7165608940328303,0.0
202107030712,2021,馬連,07-12,0.18073995238402799,35.670557100310944,6.447094791821951,0.0
202206010210,2022,ワイド,06-12,0.02797973270118957,106.82361337717006,2.9888961484684367,0.0
202203030211,2022,馬単,08-01,0.007225562083958435,362.778819778857,2.6212808850572995,0.0
202305020311,2023,馬連,06-07,0.0027535031087673897,1407.410785516453,3.8753099732323073,0.0
202305030408,2023,馬連,06-07,0.10559276846710995,20.629344264158117,2.178309572513551,0.0
202303030512,2023,馬単,09-02,0.032113655615333005,78.86444345557332,2.5326255774271846,0.0
202409010211,2024,馬連,10-14,0.00022356848473692063,12219.180515086762,2.7318236724848526,0.0
202407030211,2024,馬連,06-10,0.001495770180417921,1533.4269135169009,2.2936542510888707,0.0
202404040411,2024,馬単,16-14,0.0058453044992386955,442.3900066182647,2.585904296103979,0.0
202508020301,2025,馬単,06-10,0.07488969619251017,30.171918345173246,2.2595657984152484,0.0
202405050612,2024,馬単,05-06,0.035723050177212154,66.07861809511432,2.360529789852608,0.0
202406050112,2024,馬連,02-15,0.02129208882809725,191.7333570157924,4.082403668889535,0.0
202204030205,2022,馬連,07-13,0.0015952723557413548,1461.1744285640336,2.330971172804374,0.0
202306010506,2023,ワイド,07-17,0.07699849100680418,29.221478288568782,2.250009733207887,0.0
202306020403,2023,馬単,07-11,0.14453702608483354,15.407421317402221,2.2269428568533853,0.0
202306030401,2023,馬単,11-04,0.033925038905245036,69.44382926013623,2.355884609379315,0.0
202305020103,2023,馬連,03-04,0.19022815535376403,10.64996078001031,2.025922393771295,0.0
202506020701,2025,馬単,06-11,0.13600820371635491,18.128130744740645,2.4655744993274022,0.0
202506030802,2025,馬単,14-11,0.012899111914094466,190.1673085735106,2.4529893956918496,0.0
202506040608,2025,馬連,10-12,0.07084579782215585,30.620902605067343,2.1693622750905264,0.0
202206030108,2022,馬単,03-01,0.1104168334877605,19.136263643190482,2.1129656362680485,0.0
202203010305,2022,馬単,07-12,0.07077503859605201,31.42743892635972,2.2242782029881765,0.0
202204020108,2022,馬単,12-01,0.09017000668139219,26.185368445552196,2.361134847690158,0.0
202210040508,2022,馬単,09-08,0.059436330023941455,40.218007685023196,2.3904107776724524,0.0
202206050108,2022,馬単,08-02,0.26071758606507683,7.707815435106174,2.0095630340760215,0.0
202306050108,2023,馬連,05-06,0.04486226575981138,50.746804337344784,2.2766166226431106,0.0
202408030708,2024,馬連,02-06,0.09985654976758655,23.608087052747088,2.3574221197001552,0.0
202405040309,2024,馬単,07-04,0.08942068817478856,27.89646270607499,2.4945208928195495,0.0
202105020504,2021,馬単,03-04,0.04687410969085721,45.83021086212812,2.148250331106509,0.0
202106040101,2021,馬連,01-07,0.0007360110618535986,3721.1813888069432,2.738830665325647,0.0
202206040801,2022,馬連,07-11,0.012254634276203243,236.55762289846749,2.898927153868721,0.0
202310010204,2023,馬単,11-03,0.04900358227734341,53.9651829933155,2.6444872849248293,0.0
202105020806,2021,馬単,11-04,0.011928438275191243,192.03550144975858,2.290683625688844,0.0
202205040702,2022,馬単,15-06,0.02708846136441801,120.8398187924766,3.273364762643276,0.0
202405030612,2024,馬単,12-04,0.03714275234883666,71.20768327940226,2.6448493453812354,0.0
202405040806,2024,馬単,17-14,0.00137482973828653,1961.8293690477449,2.6971813580107393,0.0
202506030507,2025,馬連,11-12,0.01896527910342926,138.66210570684873,2.6297655357995975,0.0
202110010107,2021,馬連,02-16,0.00562439002603545,842.2137396363214,4.736938557000543,0.0
202110020206,2021,馬連,10-14,0.004321682087948126,565.59191017892,2.4443084273086035,0.0
202110020807,2021,馬連,01-15,0.004802904977760086,499.463397213263,2.398875236684544,0.0
202107040106,2021,馬単,01-09,0.0037555842184965778,696.2341156030517,2.6147658569377428,0.0
202207010209,2022,馬単,08-09,0.004756080246614989,510.54159654823934,2.4281768024183603,0.0
202207010810,2022,馬単,11-07,0.07550201278222023,27.23095398462438,2.0559918358191607,0.0
202304020209,2023,馬単,05-03,0.03361376661776962,60.01452525728288,2.017314245674547,0.0
202109010710,2021,馬単,04-13,0.2501740581365173,13.634808525270495,3.4110753806813023,0.0
202110040507,2021,馬連,03-11,0.0055405969438265985,386.4095219735987,2.140939416512418,0.0
202107050408,2021,馬単,08-12,0.028618470306722706,117.49481693794719,3.362521929732462,0.0
202109040206,2021,馬連,08-10,0.24505587551900065,9.705871378525261,2.378480808339318,0.0
202210020207,2022,馬連,02-08,0.004637789319568224,440.83197271403424,2.044485814777339,0.0
202307010210,2023,馬単,13-06,0.10006035718442222,24.806856824052623,2.482182954437527,0.0
202105040403,2021,馬単,04-05,0.04285762491683892,94.89150604594818,4.0668245739112,0.0
202206040811,2022,馬単,14-15,0.014660216243202214,169.03303207951035,2.4780608025297584,0.0
202307030111,2023,馬単,05-07,0.03294940695394115,70.81822662062046,2.333418568679252,0.0
202408020511,2024,馬単,11-08,0.004276837810242541,474.2593067471679,2.028330134955703,0.0
202405030811,2024,馬単,06-01,0.005448569375054323,642.853003346696,3.502629186696502,0.0
202405050411,2024,ワイド,07-15,0.011275112491968884,212.61892940937355,2.397302347012678,0.0
202505030411,2025,馬連,01-08,0.009285603077734288,400.14996366596455,3.7156337341719436,0.0
202106030811,2021,馬連,10-12,0.00020187949268886878,10511.765676525527,2.122109922041237,0.0
202106040511,2021,馬単,07-03,0.04570139671090409,47.86843914351079,2.187654527229357,0.0
202109040611,2021,馬単,03-06,0.004424829904358132,782.3799938999111,3.4618983935798595,0.0
202206030111,2022,馬単,11-09,0.022906327045168557,92.7399290402575,2.124331144741863,0.0
202306050611,2023,馬連,02-03,0.02120924664231098,106.26218607765796,2.2537409132721917,0.0
202109010401,2021,馬単,07-09,0.14172753072106187,17.423114794470994,2.469335037289975,0.0
202107030303,2021,馬連,13-14,0.009446536339300574,236.5689816715973,2.2347574821120753,0.0
202102010502,2021,馬単,01-06,0.0018460057982763163,1464.6919353322432,2.7038298053118806,0.0
202204040407,2022,複勝,11,0.672429394766256,3.4854839425380955,2.343741857948395,330.0
202105010310,2021,馬連,02-16,0.03999760200354012,68.51304189350262,2.7403573817081885,0.0
202104010408,2021,馬単,06-09,0.09049043321300769,30.24236837592033,2.7366450157243944,0.0
202101020406,2021,馬単,08-12,0.09815321841381965,28.826180845505803,2.8293824245651953,0.0
202210010808,2022,馬連,08-11,0.0024304967213048647,1773.6517499675876,4.310854763032857,0.0
202306010508,2023,馬連,02-11,0.00930784165463341,279.7209896077211,2.603598678746026,0.0
202106020104,2021,馬連,02-04,0.005215657195206096,460.8906805028379,2.4038477939680605,0.0
202105020301,2021,馬単,16-12,0.004574380860289539,523.2372295800583,2.393486368381942,0.0
202106040308,2021,馬連,02-16,0.04469431969618277,55.372375780731396,2.4748306654811767,0.0
202106050807,2021,馬連,03-16,0.05056870497297269,54.41981769808947,2.751939705857644,0.0
202205010508,2022,馬単,05-04,0.0031269465625782976,972.0137871171951,3.0394351704048264,0.0
202307010707,2023,馬単,16-15,0.01672870133279527,151.34379926229525,2.531785216429458,0.0
202303030311,2023,馬連,14-15,0.004782940861377711,669.0412146714655,3.199984563597929,0.0
202103020304,2021,馬単,04-06,0.00275606690839543,1533.6282885750481,4.226782175920808,0.0
202207050210,2022,馬連,04-11,0.01812783401647951,180.2574561823482,3.2676772459064365,0.0
202206050810,2022,馬連,06-08,0.00347203877400122,619.7663100000341,2.1518526591397786,0.0
202309020412,2023,馬連,08-16,0.002662919984084435,1274.6060773146996,3.3941739951167844,0.0
202303020811,2023,馬単,11-04,0.04090963165220643,52.56771504001662,2.150525859085232,0.0
202110020801,2021,馬単,05-16,0.009182539340407263,225.47271968757138,2.0704121187197435,0.0
202304040109,2023,馬連,02-05,0.0015362886826147991,1469.9793234383092,2.2583125982760337,0.0
202303030612,2023,馬連,03-16,0.03245519185604551,85.3364616994269,2.7696112367709795,0.0
202403010611,2024,馬連,02-08,0.01668311903709931,125.89759756785901,2.1003646067094164,0.0
202403030511,2024,馬単,14-11,0.041131613826373,54.54669795623471,2.2435937158396557,0.0
202503030111,2025,馬連,06-11,0.010370005438103819,350.6385767030994,3.6361239472201237,0.0
202305050401,2023,馬単,11-04,0.0029466988223023583,729.3281983173082,2.149110543053513,0.0
202309010102,2023,馬単,07-01,0.04153358466760607,49.58237386489288,2.059333722938427,3380.0
202309030604,2023,馬単,10-11,0.0009366653312363276,12858.819813759223,12.044410720163034,0.0
202106010311,2021,ワイド,10-14,0.03422592356835908,58.53785324332714,2.0035120909619355,0.0
202107050811,2021,馬連,11-13,0.022651529128056944,168.18363395021711,3.8096164832858097,0.0
202109050211,2021,馬単,10-08,0.00503387305548365,481.9287256054914,2.425968026489057,0.0
202205020111,2022,ワイド,04-11,0.008546074268803732,278.4476256691881,2.379634088940942,0.0
202206040411,2022,馬連,11-15,0.11669089832848195,19.645001788005043,2.292392906306943,0.0
202205050311,2022,馬単,07-02,0.07531805879569445,33.403315562908176,2.5158728855382533,0.0
202306010311,2023,馬単,14-13,0.0017065172146593624,1711.2350533595118,2.9202520768865394,0.0
202503020207,2025,馬連,03-12,0.00041936064305815476,4946.03992413003,2.0741744831744766,0.0
202504030212,2025,馬単,07-15,0.018469215312394646,144.82253528478756,2.6747585862616123,0.0
202410030312,2024,馬連,02-11,0.0026644583395265802,790.2449211124216,2.1055746703265164,0.0
202408050508,2024,馬単,12-06,0.05349070611766111,38.456068513802364,2.0570422593124427,0.0
202509040609,2025,馬連,03-14,0.002648217652705136,915.0721058632439,2.4233101042451057,0.0
202508040804,2025,ワイド,04-07,0.0039774899627131695,505.20429418462095,2.009445009238921,0.0
202106050609,2021,馬単,04-08,0.0014359907912298822,1973.990809808549,2.8346326248574942,0.0
202104010712,2021,馬単,11-03,0.030481748815545925,139.16730665738578,4.242062884866486,0.0
202104020412,2021,馬単,02-15,0.00447617463700058,703.1086956099813,3.1472373103439595,0.0
202508040706,2025,馬単,05-01,0.021771237709692047,102.71729456339871,2.236282636836212,0.0
202506020203,2025,馬単,03-11,0.0021124296323302275,1736.3965397645934,3.6680155040743996,0.0
202310030508,2023,馬単,16-05,0.0038957697607699517,981.1680822767463,3.8224049451663924,0.0
202103010207,2021,馬単,07-14,0.02981883744882605,80.48145358501742,2.399863382096873,0.0
202405030502,2024,馬単,11-14,0.06307069762104581,58.61070883516973,3.696618294298148,0.0
202209030305,2022,馬単,09-10,0.007292720392270462,398.9553582427963,2.909469876662808,0.0
202210030801,2022,馬単,12-01,0.22352833426670718,9.495670595046446,2.122551430856084,0.0
202106050508,2021,馬単,08-09,0.05190976955958971,43.42613646731223,2.254240736881473,0.0
202306010507,2023,馬単,09-15,0.03090793822071416,71.8079274385976,2.2194349850297,0.0
202306020712,2023,馬単,02-12,0.012114515216377398,205.56087951112153,2.4902704027294025,0.0
202304020410,2023,馬連,16-17,0.015163426496450912,155.93012921329642,2.3644350529079134,0.0
202304040111,2023,馬単,04-08,0.001551415681288392,1368.6523053832418,2.1233486488030704,0.0
202304040611,2023,馬連,06-13,0.0700701604655222,33.042160823579835,2.31526951103583,0.0
202410010611,2024,馬連,11-14,0.018870836020807805,156.6587029933563,2.9562806954200593,0.0
202404030210,2024,馬単,14-06,0.02037875957738874,101.00640905991928,2.0583853260074747,0.0
202308020401,2023,馬単,07-08,0.009738075806447746,210.04147532009844,2.045399809165242,0.0
202407030701,2024,馬単,03-07,0.03409717845577787,80.59643030421331,2.748110866981425,0.0
202508020103,2025,馬単,09-15,0.042833223174085625,51.30069436055302,2.197374090531123,0.0
202509030103,2025,馬連,10-14,0.011819448048330825,250.63217211974268,2.962333937609608,0.0
202209030201,2022,馬単,13-05,0.14673730627028103,19.679674272166523,2.8877423909742688,0.0
202110020401,2021,馬連,04-09,0.4988455083282569,4.992426977462067,2.490449773363768,660.0
202406010305,2024,馬単,11-04,0.007954375538556721,256.54022353791805,2.0406172787658887,0.0
202109030209,2021,馬単,15-13,0.034062444426128186,74.4462364214871,2.535820790841304,0.0
202210030511,2022,馬連,08-14,0.044454966834203344,65.72017212711708,2.9215880722491248,0.0
202509020304,2025,馬連,03-07,0.01055161656894698,261.21409241549406,2.756230945573775,0.0
202509050212,2025,馬単,15-14,0.05553661891280682,60.17349210038632,3.3418322994319465,0.0
202104050601,2021,馬単,13-15,0.06503477208609142,43.32662893209951,2.8177374378577458,0.0
202410030805,2024,馬連,10-12,0.005624791949095993,795.4947692929642,4.47449257386704,0.0
202507030312,2025,馬連,10-12,0.018017339054407944,161.35841046549817,2.9072491906372075,0.0
202107050704,2021,馬連,01-06,0.00043143282210558265,4884.681084661479,2.10741174544126,0.0
202210010506,2022,馬連,02-16,0.0004104638626799624,6434.349532539474,2.641067962959163,0.0
202109020302,2021,馬単,14-15,0.05468682076973048,70.8911442853594,3.8768113016945525,0.0
202104010803,2021,馬単,09-05,0.030237692959678184,113.03571087598885,3.417939118947107,0.0
202107040102,2021,馬単,08-05,0.0017938505119006964,1256.422734066031,2.253834564668022,0.0
202109020706,2021,馬単,11-08,0.02910657090098986,128.1098950293854,3.7288397427911746,0.0
202210010803,2022,馬単,14-01,0.02014654670694748,125.71578091176151,2.53273885193918,0.0
202209040412,2022,馬連,01-13,0.002375354709142882,1492.8303702404423,3.5460016499021467,0.0
202305010208,2023,馬単,09-04,0.0041770073051211444,533.6515978763649,2.229066622719148,0.0
202507020507,2025,馬単,10-04,0.3448417681123676,5.835649237242925,2.0123756010544396,0.0
202302020603,2023,馬連,02-08,0.006228076634646974,338.7617180806117,2.1098339410907228,0.0
202404040712,2024,馬単,08-06,0.032010679577757425,80.85425047298926,2.588199504390601,0.0
202403030312,2024,馬単,14-16,0.0032600434812396586,727.2013719244395,2.3707080920908057,0.0
202504020108,2025,馬連,07-11,0.05824856436093826,37.21193890445057,2.1675420182711913,0.0
202503020409,2025,馬連,01-11,0.0030832649239011583,650.3266672673531,2.0051294022629693,0.0
202508010203,2025,馬単,03-10,0.2716966705988674,7.671312618668289,2.084270097615253,0.0
202503020407,2025,馬連,09-14,0.19153584855854794,10.93348192276522,2.0941537377763804,0.0
202301020709,2023,馬連,01-16,0.008574356175563218,355.86494316207245,3.0513127730681697,0.0
202309050312,2023,馬単,07-03,0.008784710629781688,363.3084666439214,3.1915597488165424,0.0
202408030310,2024,馬連,01-11,0.014338704113641037,186.38327232047237,2.672494593535435,0.0
202401010310,2024,馬単,12-10,0.13903553259259535,16.863204058333896,2.3445845574680684,0.0
202407040612,2024,馬単,02-15,0.003645833965087168,615.2923015605721,2.24325357148619,0.0
202507010512,2025,馬単,06-14,0.030618629383212786,69.03532076831218,2.113766900956163,0.0
202508010408,2025,馬単,05-06,0.013420576518555695,183.1932197427965,2.458558623238788,0.0
202308010207,2023,馬単,17-10,0.027088147231011245,98.76225670886014,2.6752865505965313,0.0
202409010309,2024,馬単,01-03,0.023481570389645545,108.73952306006196,2.5533747648713296,0.0
202506050204,2025,馬連,06-11,0.004761699951047997,674.9368320654623,3.213846680206602,0.0
202207040301,2022,馬連,04-13,0.0009589459100983002,3978.9354733732134,3.8155838987362873,0.0
202210040107,2022,馬連,04-09,0.2816103893742611,9.008092011669047,2.536772298925291,0.0
202406040511,2024,馬単,01-02,0.020250228813167532,211.0385800219169,4.273579533849784,0.0
202408050611,2024,馬単,13-01,0.02626911720523923,92.27083474913123,2.423873372650189,0.0
202509040311,2025,馬単,13-06,0.0037512943506186665,642.994216963374,2.412060573575178,0.0
202509020303,2025,馬単,10-03,0.006258768228116249,353.28267453656076,2.2111143789333596,0.0
202110020106,2021,馬連,02-07,0.012758996700316709,278.6230462353134,3.554950527548553,0.0
202104030312,2021,馬単,09-05,0.026721187700823747,97.775919889217,2.6126887079804733,0.0
202104050112,2021,馬単,08-15,0.0216243722555043,114.28370933289358,2.471313473354342,0.0
202210010608,2022,馬連,01-02,0.007546000508019658,322.9792859539921,2.4372018558886506,0.0
202201020510,2022,馬単,13-08,0.01279083159918827,165.88713228950078,2.121834373587271,0.0
202310010511,2023,馬単,05-02,0.008806150745149455,282.99302782809343,2.4920792628804653,0.0
202310030809,2023,馬単,06-11,0.10776387748585357,19.556227643127627,2.1074549198194688,0.0
202406030212,2024,馬連,05-07,0.0038767182524734487,652.6007021979109,2.5299490537876306,0.0
202510010106,2025,馬連,01-18,0.015557488275206881,132.15798050342457,2.056046232157047,0.0
202505050209,2025,馬単,14-04,0.06264452007677301,41.457115156679244,2.597061082757684,0.0
202408040511,2024,馬単,09-07,0.04097061399413014,50.46514125388426,2.067587822472145,0.0
202507010111,2025,馬連,04-11,0.0005807974420646207,6263.7771652760275,3.6379857552550976,0.0
202508010511,2025,馬連,12-14,0.04448343055874601,47.21663512633881,2.10035790986014,0.0
202506020411,2025,馬単,02-12,0.01763748313019413,196.95005027899037,3.4737031892865784,0.0
202107010207,2021,馬連,05-12,0.00999501169097813,273.9139481708782,2.7377731142899053,0.0
202109010806,2021,馬連,03-09,0.02996504595930253,150.37917221545462,4.506118806757968,0.0
202110030612,2021,ワイド,01-13,0.03361837472869377,60.61529495842879,2.0377877002027613,0.0
202101020407,2021,馬連,03-11,0.01265827378255436,164.83100735047807,2.0864760188965814,0.0
202509050502,2025,馬単,09-08,0.12952883640773605,18.221548379568933,2.360215959152832,0.0
202310010312,2023,馬連,10-17,0.019642721420006712,122.05563459821788,2.3975048281549265,0.0
202210020108,2022,馬単,09-10,0.051668405019063744,55.04074513753472,2.8438675123172072,0.0
202404010203,2024,馬単,13-04,0.05262371557930003,44.608281949634765,2.3474535417988034,0.0
202305010801,2023,馬連,01-11,0.004945320670003563,437.71609332891046,2.1646464439326696,0.0
202307020604,2023,馬連,08-15,0.003310284809804236,717.3343559982371,2.3745810222116686,0.0
202309050810,2023,馬単,11-02,0.03889630346269989,69.02926593338644,2.6849832755524106,0.0
202401010311,2024,馬単,08-02,0.012080480266691247,166.96890250108655,2.0170645318154707,0.0
202107050304,2021,馬連,07-10,0.023933154885631205,98.72461390756297,2.3627914756738453,0.0
202504020807,2025,馬連,04-10,0.1270913664673509,18.037471097409327,2.2924068493850984,0.0
202107030302,2021,馬単,15-05,0.027110449339200156,106.35175305291672,2.8832438132762244,0.0
202104030507,2021,馬単,05-07,0.09297725463090578,30.012327674818824,2.79046383228781,0.0
202110040808,2021,馬単,01-05,0.02787906969513847,98.95507333535178,2.7587753862038107,0.0
202304010712,2023,馬単,08-09,0.023278456257890674,100.18430493178053,2.332135960081634,0.0
202307040103,2023,馬連,04-12,0.005313516141256555,463.6485176993855,2.4636038826653603,0.0
202406010511,2024,馬単,06-12,0.02957348254649044,68.82168937914395,2.0352970296741,0.0
202404040510,2024,馬単,07-03,0.007543639520489241,507.1268739933449,3.825582328558364,0.0
202408040407,2024,馬単,04-16,0.0029364282864201012,815.1458148336619,2.393617228234527,0.0
202401010309,2024,馬連,04-09,0.18352435960515628,11.941296150176948,2.1915187288167424,0.0
202507010508,2025,馬単,14-05,0.010942149647199957,183.96671290749978,2.0129913027373343,0.0
202205010606,2022,馬単,08-05,0.015581408957965993,138.00163399796165,2.150259896189784,0.0
202206030707,2022,馬連,01-07,0.008346129144616124,261.0751290274721,2.1789667433105997,0.0
202207030504,2022,馬単,13-15,0.006764513244017388,333.2534469905894,2.2542973557822883,0.0
202203030509,2022,馬単,13-16,0.0067698086485579925,305.3157203251967,2.0669290039982298,0.0
202408020212,2024,馬単,05-01,0.10852355185326414,35.07883154460515,3.8068793940828747,0.0
202506010211,2025,馬単,03-04,0.04700981819799989,54.242104148194294,2.5499114546835893,0.0
202206030811,2022,馬連,05-13,0.000287934955913054,9370.362177476629,2.6980548204610817,0.0
202209040711,2022,馬単,01-06,0.0059469069438815,403.76557073709955,2.4011562763167342,0.0
202309050310,2023,馬連,03-05,0.029817552162423138,70.05201406780476,2.088779583549568,0.0
202408020610,2024,馬単,06-04,0.013763473867254935,176.81595368931815,2.433601757916689,0.0
202410030210,2024,馬連,05-07,0.23384723005167316,8.958805284002695,2.0949918002363233,0.0
202509010610,2025,馬連,11-13,0.0402649637995114,54.292377908263056,2.1860806310656047,0.0
202206050706,2022,馬単,11-03,0.007362026685984871,443.99487539195525,3.2687021210761023,0.0
202310030804,2023,馬連,11-16,0.0028079645566286776,772.6006449236842,2.169435227374163,0.0
202209050705,2022,馬単,04-14,0.09201526818295475,22.519981281148553,2.072182117060005,0.0
202307010505,2023,馬連,17-18,0.00031025049182912623,7449.616372076335,2.311247143374994,0.0
202307030808,2023,馬連,04-11,0.005664759497924233,509.54973420812746,2.8864766965202584,0.0
202507030612,2025,馬連,07-14,0.042242172524485,49.22482317605171,2.079363473090044,0.0
202401010112,2024,馬連,05-07,0.05943412687762068,34.75771196156932,2.065794262699705,0.0
202504040407,2025,馬単,07-10,0.012046491612598194,194.34037419249464,2.341119687699081,0.0
202205030704,2022,馬単,03-08,0.007380175651935697,478.95583118197925,3.5347781636418674,0.0
202204020304,2022,馬単,05-03,0.022889756223195085,90.21495269116215,2.064998274787779,0.0
202105030304,2021,馬連,08-13,0.09596142801440621,26.29992605597741,2.5237784610048823,0.0
202407030311,2024,馬連,02-09,0.0368574549377247,127.71732062147498,4.707335389572952,0.0
202403030411,2024,馬単,03-15,0.00691102057120441,321.81879090202153,2.2240962841240015,0.0
202407040311,2024,馬連,07-16,0.000650881250880921,6888.127338484333,4.483352938299753,0.0
202510010811,2025,馬単,11-07,0.023104228475454416,89.73175318830737,2.0731829271657385,0.0
202509050711,2025,馬単,07-01,0.009825682064189031,224.13745133219408,2.2023033354677812,0.0
202509020805,2025,馬連,09-17,0.01473666685008424,192.2657836550298,2.833356800394546,0.0
202408050104,2024,馬単,11-10,0.1272190406271077,18.035816012563817,2.294499210045396,0.0
202507030410,2025,馬連,02-15,0.01422934970172085,142.477117109427,2.027356723843072,0.0
202503010602,2025,馬連,13-15,0.04000126249700835,117.20957303818402,4.688530898262671,0.0
202504010203,2025,馬連,02-04,0.006260108796369776,590.4677355157787,3.6963922650748686,0.0
202309050411,2023,馬単,10-02,0.016308399598069286,148.13899962739836,2.4159100019818496,0.0
202109010510,2021,馬連,02-10,0.015003320899647014,138.44683613704774,2.0771623101049737,0.0
202107020311,2021,馬連,05-07,0.008157779309369409,441.6376427621057,3.6027824243633844,0.0
202107030711,2021,馬単,02-11,0.06057778458848987,58.053618875116,3.5167596187990666,0.0
202210020211,2022,馬連,02-14,0.04047058754443231,49.73596389521641,2.01284368092808,0.0
202207030211,2022,馬連,10-14,0.0015839786889360588,1801.6429670560046,2.8537640648882414,0.0
202204020111,2022,馬連,13-14,0.00034733676356215405,5846.615077482827,2.0307443588065777,0.0
202303020611,2023,馬連,14-16,0.017486268304330574,144.3934828998795,2.524903183384062,0.0
202308020611,2023,馬連,02-11,0.06980497628648995,30.38527073126848,2.1210431028547734,0.0
202509010102,2025,馬単,14-04,0.007516819963157651,287.73285805168496,2.162836091459312,0.0
202509010603,2025,馬単,02-04,0.00813497174781021,249.7835769306033,2.0319823413974363,0.0
202508020106,2025,馬単,02-04,0.009701508398151181,392.8406054736224,3.811146433137143,0.0
202110020103,2021,馬連,07-12,0.005007642189092765,473.6781653652748,2.37201076493521,0.0
202105040104,2021,馬単,16-03,0.015331375805043724,130.72514253792917,2.0041962874168995,0.0
202203010101,2022,馬単,06-02,0.016237455096111617,143.05354760141304,2.3228255555174098,0.0
202309050307,2023,馬連,05-08,0.019817028413496047,118.20209053755806,2.3424141867174204,0.0
202408010203,2024,馬単,11-05,0.0033995854066758853,1605.753709027238,5.458896875924674,0.0
202110020209,2021,馬単,07-14,0.002991816910606431,865.4550211671493,2.589282967697124,0.0
202110030601,2021,馬連,02-11,0.005845207803226146,723.5169287191236,4.229106797515237,0.0
202507010501,2025,馬連,09-16,0.008078314921767712,2712.563748298306,21.91294420412436,0.0
202109020710,2021,馬単,06-10,0.0225459389741531,101.03041125238681,2.277825486629904,0.0
202110030610,2021,馬連,08-10,0.023386051404208692,109.90439362305418,2.570229798817131,0.0
202104030111,2021,馬連,03-06,0.004091066257356838,797.9438706630967,3.264441244534504,0.0
202104040310,2021,馬連,09-15,0.002271694294945799,1983.885828327099,4.506782118034492,0.0
202103020211,2021,馬連,03-16,0.07179323298859869,48.74173465598458,3.499326712425556,0.0
202209020412,2022,馬単,12-05,0.07592670567135572,27.288603086125775,2.071933734702721,0.0
202204010404,2022,馬単,08-02,0.01755857532322607,120.89385229818325,2.1227238116926177,0.0
202209050805,2022,馬連,05-07,0.40903745237706424,5.638731857639299,2.3064525136861698,0.0
202310020104,2023,馬単,10-04,0.06356182843933815,36.514262810223244,2.3209133083323152,0.0
202309010804,2023,馬連,01-08,0.05049821468816642,39.69326803437834,2.004439170874971,0.0
202104030203,2021,馬連,08-11,0.03149547477048725,85.75541709274911,2.700907575477291,0.0
202307010604,2023,馬連,02-09,0.05795511461770729,35.82856580329156,2.07644863771783,0.0
202309010505,2023,馬単,15-04,0.03504430445294764,71.80022972825904,2.516189110388692,0.0
202109050503,2021,馬単,02-09,0.020100456102785512,104.39615030831436,2.098410236572071,0.0
202210010102,2022,馬連,11-16,0.0036555787971453407,563.2858076147413,2.059135655049338,0.0
202203030212,2022,馬連,07-12,0.0022700762232889904,1022.5847783490248,2.3213453916273634,0.0
202310020311,2023,馬連,01-10,0.011319887795435524,206.4368306545359,2.336841759854671,0.0
202410010404,2024,馬単,01-11,0.00853648353323846,255.60016089859033,2.181926564603917,0.0
202410020404,2024,馬単,12-09,0.025668501845533348,115.03307658800158,2.9527267386964975,0.0
202110040105,2021,馬連,15-16,0.005200765863487962,409.41215215142154,2.129256745006253,0.0
202210040307,2022,馬単,18-07,0.012646083485688417,167.3890790616668,2.116816268406337,0.0
202107040408,2021,馬単,02-09,0.036438788521488887,56.06578287886765,2.042969205614771,0.0
202104030409,2021,馬単,07-10,0.3362551938752284,6.420978102962211,2.1590872368801546,0.0
202201020206,2022,馬単,09-12,0.035401253884478706,63.74197272069344,2.2565457593827842,0.0
202209040706,2022,馬単,08-07,0.007754910467332125,392.3310446377304,3.042492124720482,0.0
202407020305,2024,馬連,09-13,0.0007688795473848068,5168.861197084409,3.9742316577091508,0.0
202507020503,2025,馬単,04-01,0.06959949824548178,34.23454226648047,2.3827069644107794,0.0
202307030307,2023,馬単,15-11,0.029296571843743853,75.98013979615396,2.225957624235726,0.0
202508020609,2025,馬連,04-14,0.03744815376424837,57.59471316545391,2.156815674627698,0.0
202501020611,2025,馬連,04-09,0.12589064412643597,36.687128879206405,4.618566285752865,0.0
202506050712,2025,馬連,09-13,0.00016667610691899535,12348.538450469428,2.0582063150637677,0.0
202109050702,2021,馬単,14-15,0.1286409360856047,18.347784447170202,2.360276166380874,0.0
202202010308,2022,馬単,12-01,0.002259054926377619,914.1094145381213,2.065023376160504,62720.0
202110020301,2021,馬単,08-05,0.01773144687104359,190.57105271297377,3.3791004963389417,0.0
202109030306,2021,馬単,06-09,0.0033884533333346256,692.1899853145239,2.3454534630398443,0.0
202101020704,2021,馬単,10-12,0.0019057977191566883,1055.5438372244762,2.011653037452305,0.0
202110040410,2021,馬連,13-14,0.08424874077949346,31.66631922969519,2.667847520223279,0.0
202209010511,2022,馬連,03-05,0.014247776893179603,225.32129639908837,3.210327560376204,0.0
202209020204,2022,馬連,09-12,0.04941491820972513,41.928506851482034,2.071893736721884,0.0
202209020202,2022,馬単,11-03,0.008005936510434032,304.90364094548175,2.4410391912097014,0.0
202507050206,2025,馬単,14-09,0.0035774130534143808,1442.676088473496,5.161048270753885,0.0
202101010211,2021,馬単,03-09,0.0216048272701004,141.75338194249696,3.062557331820216,0.0
202101010511,2021,馬単,05-08,0.03888467273611727,81.32748171606339,3.162392510981686,0.0
202101020211,2021,馬連,01-02,0.016091745918374242,171.88305174351524,2.76589839633142,0.0
202109040111,2021,馬単,11-16,0.07976217108035727,26.445831740170984,2.1093769556218604,0.0
202106050211,2021,馬連,11-14,0.026297331276076447,80.55610302948949,2.1184105276762306,0.0
202201020211,2022,馬連,01-07,0.0018606093784527262,1386.9102578791324,2.580498232882203,0.0
202507010706,2025,馬連,01-05,0.025904485779044494,89.2950324773779,2.313141898949552,0.0
202102010312,2021,馬連,01-08,0.011392726059487424,285.221145125983,3.2494463727936314,0.0
202103020212,2021,馬連,05-09,0.07694589205206764,32.44277404578998,2.496338189596978,0.0
202106050809,2021,馬連,03-16,0.004712077228526663,561.7556331484801,2.6470359269555312,0.0
202301010311,2023,馬連,05-13,0.0033128868594090918,1213.7668862818389,4.021072367948993,0.0
202308030510,2023,馬単,02-06,0.12110221129978085,18.34177377610068,2.221229363446124,0.0
202408010110,2024,馬単,10-03,0.0035033995005565666,659.4796462123159,2.3104206631674487,0.0
202406050711,2024,馬単,02-03,0.008317225580818308,370.10569698028394,3.0782525705310064,0.0
202205030405,2022,馬連,03-11,0.004302463453800542,483.84597006647977,2.0817296034797,0.0
202206050703,2022,馬単,07-04,0.03520041377142264,66.04834033778246,2.3249289088056875,0.0
202506030303,2025,馬単,03-02,0.08685614998028397,23.82258360625897,2.069137894623083,0.0
202107040109,2021,馬単,07-02,0.07249251034528277,28.961688406919446,2.099505496455464,0.0
202104030610,2021,馬単,02-13,0.1121662201926368,21.29606805368529,2.3886994585470425,0.0
202205030711,2022,馬連,06-08,0.12471624908653076,21.97188811018081,2.7402514704506933,0.0
202209050810,2022,馬連,08-13,0.07683282913604932,30.730814187844768,2.361135395706357,0.0
202304020311,2023,馬連,01-06,0.0035040174830226027,594.9133468673836,2.084586768306802,0.0
202305040307,2023,馬連,01-09,0.024797387972793565,83.78459928718136,2.0776392146692797,0.0
202404020312,2024,馬単,06-12,0.009919406165083633,212.83249948000773,2.1111720074721476,0.0
202506010107,2025,馬連,03-05,0.08656375579027965,24.554084411120087,2.1254937666181117,0.0
202110040712,2021,馬連,10-16,0.004399870472800917,542.1082496328174,2.385206080621222,0.0
202103020603,2021,馬単,03-07,0.029301439963040594,91.67615432271953,2.6862433319296106,0.0
202107030810,2021,馬連,16-18,0.04565544442869973,147.485203726822,6.73350252280538,0.0
202209020311,2022,馬単,04-03,0.043304001348620454,77.13355678158376,3.3401916468935955,0.0
202207040401,2022,馬単,01-06,0.12677539374201288,16.41742072961415,2.081324977225118,0.0
202204040101,2022,馬単,03-05,0.03269108519868513,79.38976958979146,2.5953377215638547,0.0
202303010104,2023,馬連,08-09,0.02048770521121803,122.65927352631904,2.5130070374293845,0.0
202408020303,2024,馬単,14-09,0.01416641446308089,175.1750808674293,2.481602799171715,0.0
202509010812,2025,馬連,04-15,0.1889488888841201,13.066982801014703,2.4689918813196354,0.0
202104040801,2021,馬連,07-13,0.005870890785536568,625.1646639942437,3.6702734652868703,0.0
202106040401,2021,馬単,15-10,0.015447027186350857,193.02220844424838,2.9816193014077865,0.0
202205020303,2022,馬単,06-13,0.0013289445228018403,1745.7713842380133,2.320033319147295,0.0
202506020312,2025,馬単,09-14,0.016902318290548928,129.36269357648135,2.186529421752437,0.0
202504020212,2025,馬連,09-10,0.01554528949666596,135.67200454466052,2.109060587239728,0.0
202504030202,2025,馬単,08-14,0.010252615585435186,508.2538013668965,5.210930845250922,0.0
202405020705,2024,馬単,04-08,0.04321402049266051,65.77585545493147,2.842439165551684,0.0
202206050204,2022,馬連,06-07,0.00100688845664488,2804.1686038655557,2.823484997718217,0.0
202306010703,2023,馬連,02-14,0.005834061880363688,382.55625491636283,2.2318568639022462,0.0
202109030212,2021,馬連,02-16,0.008598682275691778,258.258699070072,2.220684498237045,0.0
202109050512,2021,馬単,06-16,0.025599989647484202,113.83130143103112,2.91408013819405,0.0
202207010505,2022,馬連,01-10,0.005633492815762994,499.99025673814384,2.816691519285828,0.0
202207030106,2022,馬単,05-07,0.003652017062887634,697.6028014446116,2.5476573339939357,0.0
202410020207,2024,馬単,08-07,0.005787929840832591,387.33448442136,2.2418648207658958,0.0
202105010412,2021,馬連,05-12,0.0024086405540941773,1844.9773236561412,4.44388720314232,0.0
202104030510,2021,馬単,01-05,0.01733961903864604,163.77957785013555,2.8398754862316213,0.0
202206030203,2022,馬単,01-16,0.0416795791950657,61.3158228698891,2.555617695216163,0.0
202504040102,2025,馬単,09-08,0.02569550624913803,177.68515491794508,4.565710008573117,0.0
202305010511,2023,馬連,01-06,0.0018515390105949452,1090.6145150166801,2.01931532007447,0.0
202306010605,2023,馬連,08-14,0.0009171078035621182,3347.64815559061,3.0701542470724803,0.0
202303030101,2023,馬連,09-10,0.009995491222578746,238.40423040914644,2.382967392480264,0.0
202506010104,2025,馬連,10-11,0.0003676205890704872,5488.866231324512,2.017820237288622,0.0
202510010807,2025,馬単,08-16,0.018748146330227988,149.90163331132902,2.8103777564609747,0.0
202506030508,2025,馬単,10-12,0.039480848190578975,90.21506324827716,3.561767216608711,0.0
202106030202,2021,馬単,01-08,0.03523030121314958,61.022678098303196,2.1498473302362875,0.0
202202010504,2022,馬連,05-06,0.3204335262900424,8.037866369634676,2.5756018646701806,0.0
202206010302,2022,馬連,07-10,0.006481194873360121,385.1346069231757,2.4961324399440517,0.0
202109020301,2021,馬単,03-12,0.12591405286546903,18.69427356135735,2.3538717494862893,0.0
202107030202,2021,馬単,09-01,0.010712073577056494,336.0816074136356,3.60013090651028,0.0
202410020204,2024,馬単,10-04,0.08239715648122942,27.39436005262556,2.2572173719593285,0.0
202406030508,2024,馬連,02-16,0.12670809513242615,18.95374585540692,2.4015930329627277,0.0
202107030308,2021,馬連,03-11,0.07774999902418687,46.11839936626328,3.585705505724031,0.0
202107010112,2021,馬連,06-15,0.02280334795308738,150.9122674865981,3.441304945886292,0.0
202110020107,2021,馬単,05-07,0.011641301397319885,171.88744901253472,2.000993600371371,0.0
202101020107,2021,馬連,07-10,0.010181873609698924,299.5293361839336,3.0497698434218306,0.0
202207010307,2022,馬連,10-12,0.004841341229991405,452.21532741955906,2.189328709470374,0.0
202209010712,2022,馬単,02-06,0.058674566184783804,35.70290749960086,2.094852609074545,0.0
202209030210,2022,馬単,11-05,0.07259798256310578,29.01631002158152,2.1065255689924465,0.0
202509030603,2025,馬連,03-18,0.01574203829981141,184.10435229078473,2.898177764923506,0.0
202506030705,2025,馬単,07-13,0.01894829998924667,114.83625773602834,2.1759518612247137,0.0
202510010610,2025,馬連,10-13,0.00406256733418732,505.35048013848905,2.0530203529265036,0.0
202110010809,2021,馬連,10-11,0.0036229221514924915,638.3354892794115,2.312639784194178,0.0
202104020207,2021,ワイド,01-15,0.0007346810769415145,3064.2741293134686,2.251264217368041,0.0
202104020508,2021,馬連,11-15,0.1263422738101148,17.10733164545641,2.1613791789106958,0.0
202103020508,2021,ワイド,06-11,0.01457751573967339,144.6640388351506,2.1088423030841303,0.0
202210010112,2022,馬連,10-17,0.01821155185344256,120.5868754528649,2.196074135154469,0.0
202210020608,2022,馬単,02-03,0.007815960158457898,264.3921334181275,2.0664783810057696,0.0
202204010810,2022,馬連,14-16,0.008403533817722826,305.86060846400164,2.5703099667365183,0.0
202404030806,2024,馬連,02-12,0.000180136985323274,13888.716341543817,2.5018714917757943,0.0
202502010101,2025,馬単,12-16,0.009181216096066546,230.4879648557051,2.11615981288282,0.0
202501010503,2025,馬単,03-10,0.012310359396923381,235.24380800877785,2.895935822488898,0.0
202505030508,2025,馬単,08-15,0.2800290797860338,7.498101515466113,2.099686467518241,0.0
202507010203,2025,馬連,15-16,0.022749790396890908,88.98775402663702,2.024452751996077,0.0
202104010406,2021,馬連,13-16,0.0008025458178626467,2958.0253026267615,2.3739508357549974,0.0
202105020704,2021,馬単,11-09,0.009463265727893258,212.97399365930866,2.0154294951286915,0.0
202102010209,2021,馬連,02-10,0.0026034169673779966,1158.9659585814068,3.017271641184339,0.0
202105010602,2021,馬単,03-16,0.009700754758723,212.75935186612872,2.0639262950781694,0.0
202207020602,2022,馬単,11-02,0.0728970806242797,27.790828002842147,2.025870229538674,0.0
202207040407,2022,馬連,02-13,0.08498054162325655,27.666925484201208,2.351150312697698,0.0
202307010107,2023,馬連,09-10,0.01976571594454215,109.21396620230857,2.158692233131658,0.0
202404020112,2024,馬単,04-11,0.05714803551959823,35.3909271160099,2.022521959897246,0.0
202506010404,2025,馬連,05-13,0.03870708262703472,91.77920416551461,3.552505239078063,0.0
202309050804,2023,馬単,07-10,0.005867797180403354,783.1573090519962,4.595408249867582,0.0
202107010607,2021,馬連,09-13,0.02926979724278974,69.68444005961699,2.0396494315223244,0.0
202107010707,2021,馬単,03-12,0.01867819478624675,148.2577579836969,2.7691872821917203,0.0
202109010507,2021,馬連,07-13,0.015041270936169037,195.56214627491812,2.941503226979764,0.0
202409010303,2024,馬連,06-14,0.0321445573067796,71.45684830246846,2.2969487552205536,0.0
202503020212,2025,馬単,04-07,0.013978312259767095,202.91908188325095,2.8364662900293296,0.0
202506040810,2025,馬単,02-11,0.14962191419887652,14.867160307642605,2.2244529839310445,0.0
202103020602,2021,馬単,10-02,0.04511372018205417,52.85375567439814,2.3844295440654557,0.0
202107010706,2021,馬単,09-11,0.0032143958254518376,896.5126645083336,2.8817465662602912,0.0
202106030505,2021,馬単,02-11,0.0658971425669735,35.46659438445352,2.3371472265173554,0.0
202501010303,2025,馬連,06-07,0.013716189983685215,177.8473869934677,2.43938854810439,0.0
202501020506,2025,馬連,01-05,0.004434064148405722,910.8161963372888,4.03861744196644,0.0
202503010604,2025,馬連,13-14,0.1990866809416878,18.993556146048363,3.7813640523963636,0.0
202505020405,2025,馬単,01-04,0.08558473647332944,44.25317686928246,3.7873964804651776,0.0
202104010811,2021,馬単,08-09,0.01802455204297724,297.05775279004854,5.354332924934097,0.0
202109030211,2021,馬連,01-11,0.003806474190776407,734.1948411941197,2.7946937140065993,0.0
202109040311,2021,馬連,01-15,0.09464038678097354,27.958065429381016,2.6459621258843846,0.0
202106050311,2021,ワイド,05-13,0.003042850785861412,773.389163374254,2.353307823550049,0.0
202204030511,2022,馬単,14-09,0.009160194639637654,377.8916475897261,3.4615610446152503,0.0
202209040411,2022,馬連,05-13,0.023696396757828656,116.4980651770859,2.7605843739556097,0.0
202206050311,2022,馬単,12-01,0.021020868583437234,336.15988992125614,7.066372869057452,0.0
202103010502,2021,馬連,11-12,0.02934107743618293,70.54397563547415,2.0698362517766493,0.0
202304010405,2023,馬単,04-02,0.006743882149679069,341.8214206304916,2.305203376967913,0.0
202110010209,2021,馬単,03-11,0.011856852756070634,231.4957526797155,2.7448110531791308,0.0
202110020310,2021,馬連,03-04,0.0032441051219447153,747.6477968251639,2.425448047091196,0.0
202308010702,2023,馬単,10-03,0.5121746503788984,4.567606792291506,2.3394124119101836,0.0
202307030702,2023,馬単,06-15,0.07804876210804429,32.408935380142104,2.529477287659691,0.0
202310020201,2023,馬連,06-11,0.026375778166681657,77.29930415511615,2.038829298834197,0.0
202307030712,2023,馬連,09-15,0.0006327928032853285,3306.7694247849295,2.0924998941278687,0.0
202309050809,2023,馬連,06-10,0.001869729131776296,1691.4634791123622,3.16257854223207,0.0
202404040111,2024,馬単,05-09,0.024079039963156478,109.06108887648806,2.6260863174823164,0.0
202405050810,2024,馬単,10-11,0.0027054468412158563,809.7529355668639,2.190743521694639,0.0
202503030401,2025,馬単,10-09,0.014624460419532045,302.2038078366826,4.419567626339433,0.0
202406050312,2024,馬連,12-16,0.05304984295920895,42.556717775613166,2.2576271948556546,0.0
202508010512,2025,馬連,07-13,0.012606964388785374,185.24626966327165,2.335393124800198,0.0
202109020512,2021,馬連,01-14,0.10202673082179091,24.44188271897303,2.4937253889464444,0.0
202210020410,2022,馬連,02-04,0.004834477099598336,660.8611081810222,3.1949178935163305,0.0
202209020512,2022,馬連,13-15,0.12304896608351337,24.078770813375048,2.962867853147678,0.0
202210040511,2022,馬単,14-01,0.010664351552106797,460.6623130770502,4.912664853460347,0.0
202310030511,2023,馬連,04-06,0.043090202383180155,55.44307279551176,2.3890532275039917,0.0
202309050811,2023,馬連,08-11,0.0012821741284999898,1949.0690805025963,2.499045949679693,0.0
202409020707,2024,馬単,11-10,0.02678592980584722,87.57959487822154,2.3459008808325787,0.0
202508030407,2025,馬連,01-04,0.036239176811098416,74.32881589538572,2.6936151013924654,0.0
202508040607,2025,馬単,07-08,0.00533745738847194,407.11360431344747,2.172951515290252,0.0
202403030102,2024,馬連,09-12,0.0470626537561384,54.72254702216254,2.5753882831580377,0.0
202510010602,2025,馬連,02-08,0.01983505787225586,115.84936719138851,2.2978789027054107,0.0
202504010305,2025,馬単,11-14,0.0016275702457368788,1607.201805286902,2.6158338371795584,0.0
202505040205,2025,ワイド,05-11,0.03769702936164738,65.69977140875154,2.476686211849228,0.0
202308030303,2023,馬連,02-06,0.018504884372251472,112.43681241269377,2.0806302128814274,0.0
202105020104,2021,馬単,12-10,0.07968296664074938,28.961024829739106,2.3077003753900156,0.0
202303010110,2023,馬単,12-16,0.031117847782535367,80.02582306439203,2.4902313807898593,0.0
202205050306,2022,馬連,01-10,0.007587593884666174,273.9990480818803,2.078993501630428,0.0
202402010111,2024,馬単,08-14,0.016290896047676747,147.7561803980264,2.4070805752660207,0.0
202205030206,2022,馬連,05-15,0.0012258310737768756,1725.6253154259887,2.1153251333451992,0.0
202408040210,2024,馬単,05-12,0.07015739999119917,34.94500712731383,2.4516508427262624,0.0
202305010709,2023,馬連,07-08,0.008634800191625037,424.98136056598025,3.669629133652195,0.0
202402010308,2024,馬単,09-03,0.11758842040209863,17.723910359610628,2.0841266225350057,0.0
202404040112,2024,馬連,04-06,0.027105243714207125,95.0497192373891,2.576345804896393,0.0
202504020711,2025,馬単,05-07,0.021640358934703036,169.3869542717511,3.6655944892968235,0.0
202504030207,2025,馬連,02-17,0.0156355684132859,375.48543941014816,5.87092827609009,0.0
202504040309,2025,馬連,07-18,0.007090989857655151,291.77305498165265,2.0689597736119576,0.0
202506010503,2025,馬連,10-15,0.0048652260898333355,550.6408971156447,2.678992458776268,0.0
202106030509,2021,馬単,03-13,0.03948795436366827,51.59808360849756,2.0375027707850912,0.0
202206010612,2022,馬単,01-03,0.004837454038292054,605.5548449259275,2.929343729994246,0.0
202507010301,2025,馬単,06-07,0.0032153116573039797,1043.5489955317992,3.3553352503012523,0.0
202506030807,2025,馬単,16-04,0.019226193113894896,135.93333152085853,2.613480482435122,0.0
202310030301,2023,馬単,14-04,0.0010758673183492089,5330.077938951268,5.734456658771779,0.0
202204030305,2022,馬単,15-09,0.17055167273442962,16.012898694482594,2.7310266576709705,1390.0
202105040504,2021,馬単,17-13,0.08575497026080128,32.299294499075245,2.76982503921306,0.0
202205020412,2022,ワイド,04-14,0.013452093411631982,149.4451485465176,2.0103500981629723,0.0
202203020412,2022,ワイド,06-16,0.048345928905372336,42.04859872085211,2.0328785643288465,0.0
202203020711,2022,ワイド,05-08,0.05209177056903062,41.395377716186935,2.1563585186099723,0.0
202206050411,2022,馬連,04-15,0.00033915288538123085,18610.37840720753,6.311763534840988,0.0
202309030211,2023,馬連,11-16,0.007804331174050886,409.0176623102088,3.1921092927049806,0.0
202408040211,2024,馬連,12-13,0.004730740685324985,489.0287073485122,2.313468002145492,0.0
202105030410,2021,馬単,01-07,0.01173522371817932,387.602986407915,4.548607759331301,0.0
202210010207,2022,馬単,07-02,0.015696603592659192,147.4611230735703,2.314638794214163,0.0
202201010607,2022,ワイド,01-10,0.004603838586206644,448.60785467866714,2.0653181514450303,0.0
202301020509,2023,馬連,05-13,0.0013947897317701952,1541.811524313352,2.150502882437216,0.0
202105010308,2021,馬連,12-14,0.0006014141255505843,4249.6567186379825,2.5558035793298277,0.0
202107020606,2021,馬連,04-08,0.00412671728780464,531.827070076748,2.1946999642082057,0.0
202104010308,2021,馬連,04-13,0.010678961960395833,189.28259886360203,2.0213416730292697,0.0
202105020307,2021,馬連,02-06,0.00028655508370514814,7011.3364486932505,2.0091341029402505,0.0
202103020409,2021,ワイド,10-14,0.003096834351399507,888.881490862699,2.752718735226813,0.0
202207020212,2022,馬単,05-04,0.003085706969353521,684.7125014029435,2.1128221375825453,0.0
202203020108,2022,馬単,06-02,0.018458670382934413,142.36805258002295,2.627924955634919,0.0
202110020611,2021,ワイド,07-09,0.016395452171691006,127.71492279721997,2.0939439083330296,0.0
202104010711,2021,馬単,02-15,0.1310988380965182,24.405367912845023,3.19951537669203,0.0
202102010111,2021,馬連,02-14,0.15159389232048737,14.742136930590775,2.234817918429858,0.0
202102010711,2021,馬単,12-09,0.16427829654685464,14.66500350662335,2.4091417949217337,0.0
202104050211,2021,ワイド,05-06,0.003134137792848036,762.3394392037561,2.3892768473870696,0.0
202103020511,2021,ワイド,09-10,0.009932543426600412,244.8242554374508,2.431727549017592,0.0
202106050209,2021,馬連,08-10,0.04033577699958106,54.04601921035169,2.1799881785838195,0.0
202109030311,2021,馬単,16-15,0.15971591117374703,21.82173696841211,3.4852786033037804,0.0
202109040810,2021,馬単,12-03,0.01437650691254447,178.7456316376366,2.56973780882561,0.0
202207020511,2022,馬連,08-09,0.01946271084501568,139.88952495915234,2.7226293745265857,0.0
202106010601,2021,馬単,16-03,0.01876958452998253,182.66679480614835,3.428579845934975,0.0
202103010102,2021,馬単,11-14,0.04629363999373345,53.106109731715115,2.4584751253877237,0.0
202105040707,2021,馬単,08-09,0.01628852275867074,197.6538885267369,3.2194898616075234,0.0
202203010112,2022,馬単,05-12,0.017492980171195906,130.41930297906094,2.281422280953904,0.0
202305050103,2023,馬単,12-01,0.11300585918362382,18.584323633474856,2.100137459547352,0.0
202505040407,2025,馬連,10-13,0.029091029685636767,70.95739924753921,2.0642238079257433,0.0
202506050507,2025,馬連,09-11,0.010124012894643174,289.7960364287713,2.9338988096213634,0.0
202505020704,2025,馬単,03-11,0.0014831564193945883,1384.332506137387,2.053181643054264,0.0
202109020209,2021,馬単,05-03,0.009404251994778965,225.60018196468855,2.1216009612639195,0.0
202207050610,2022,馬単,02-04,0.07999847973891372,33.83485534601148,2.7067369898669758,0.0
202302020510,2023,馬単,09-14,0.01165402218929478,187.52134593687407,2.185377926514753,0.0
202304030302,2023,馬連,07-09,0.009289213836628304,282.54709242024035,2.624640360409193,0.0
202106030311,2021,馬単,01-12,0.04579778122411413,44.49718053708401,2.037872139327283,0.0
202104040211,2021,ワイド,15-18,0.008299535244397718,251.01620118408857,2.083317808642171,0.0
202206010111,2022,馬連,10-11,0.0024936109645082487,1251.265952569877,3.1201704988441037,0.0
202101020208,2021,馬連,05-13,0.020431078135575837,123.63394129074842,2.5259747147204767,0.0
202101020408,2021,馬連,03-12,0.017765467400266455,120.81870393289265,2.1464007460622487,0.0
202105010112,2021,馬単,11-14,0.11866821339552334,17.595889017260397,2.0880727127842023,0.0
202204030512,2022,馬単,06-01,0.05331464887673745,41.71897439180076,2.224232471196459,0.0
202204040201,2022,馬連,11-14,0.008531893487499977,393.41106120148413,3.3565412709753972,0.0
202210020601,2022,馬連,09-10,0.06908380137666821,36.47421137944629,2.519777174308279,0.0
202104040702,2021,馬連,07-08,0.0060706560306057564,339.1803712374402,2.059047366115666,0.0
202109050209,2021,馬単,01-12,0.014059051269091427,165.65611222330472,2.328967774785804,0.0
202308020204,2023,馬連,03-05,0.0054433317296171835,1899.7947627358028,10.341213111760345,0.0
202309050304,2023,馬単,04-02,0.006529212280689922,518.265532990474,3.3838656826597107,0.0
202501010404,2025,馬単,04-02,0.0015239912996036545,1355.893845626445,2.066370423920843,0.0
202203010404,2022,馬単,04-06,0.10027634567265754,36.86448835031515,3.6966361768618587,0.0
202506040704,2025,馬連,04-11,0.0023227508766330944,1638.370883162236,3.8055274051152206,0.0
202202010404,2022,馬単,06-10,0.06597941392310651,32.165761556479495,2.1222780958869074,0.0
202509010504,2025,馬連,01-13,0.008407387347376928,423.6855820662732,3.562088801930014,0.0
202508020703,2025,馬単,07-12,0.0739826739918472,29.14669052537105,2.156350103079788,0.0
202104010312,2021,馬単,14-01,0.08759151221623655,24.685153993280306,2.1622099675620925,0.0
202205020707,2022,馬単,08-14,0.01897433071816338,107.3313892443122,2.0365412759615036,0.0
202106030107,2021,馬連,03-15,0.0008246034719946362,2666.3316591529474,2.1986663436267393,0.0
202105030807,2021,馬連,09-11,0.0037302798848740763,672.6356219795717,2.5091191305201597,0.0
202104030512,2021,馬連,11-15,0.056326398602915814,43.42843200055571,2.4461671715629256,0.0
202106040612,2021,馬連,14-16,0.00926580485214993,281.00094193279824,2.6036998912196228,0.0
202105050810,2021,馬単,12-04,0.022887010373610676,107.98768808764838,2.4715153374842425,0.0
202505030512,2025,馬連,04-08,0.009537249114885977,273.453056624539,2.6079899222552494,0.0
202506050404,2025,馬連,04-05,0.003143875746433532,1062.5508992325779,3.3405280014484418,0.0
202502010301,2025,馬連,05-13,0.008666792708749496,278.22395069463863,2.4113093072797733,0.0
202209010702,2022,馬連,06-13,0.038341742875025786,57.020381445295584,2.1862608040114146,0.0
202205030606,2022,馬単,03-02,0.003678243026857009,775.7829752355751,2.853518319014638,0.0
202205050309,2022,馬単,02-14,0.027807412789538584,80.36884871103767,2.2348497515278005,0.0
202309040609,2023,馬単,09-13,0.0670288817761226,34.27711863559219,2.2975569326512373,0.0
202305040807,2023,馬連,07-11,0.09133354821732594,25.400314930106127,2.3199008884041117,0.0
202508020811,2025,馬連,06-16,0.0039745547139034745,527.5125971932056,2.09662767981772,0.0
202504020101,2025,馬単,03-05,0.36498586441236636,10.57120935107262,3.8583419828853303,0.0
202507020404,2025,馬連,05-08,0.020291496665082155,112.00313791137525,2.2727112994074075,0.0
202505030503,2025,馬連,06-08,0.017342572949513583,135.09707630987882,2.3429309011700767,0.0
202401020506,2024,馬単,03-14,0.16251526229219737,13.894942553577373,2.2581402336296414,0.0
202507010712,2025,馬連,07-11,0.014924345143940067,167.91662291681195,2.5060456358153376,0.0
202109020104,2021,馬単,05-07,0.029288716031449172,87.45905943811643,2.5615635562606265,0.0
202106040204,2021,馬単,08-05,0.02694081085502134,139.7388795772834,3.7646787237841965,0.0
202103020112,2021,馬単,13-11,0.01841818011709425,140.21292601512846,2.5824669260914463,0.0
202306010604,2023,馬連,04-14,0.003761624043070973,645.9885092679093,2.4299659080097435,0.0
202109030411,2021,馬単,02-10,0.09085086657668248,22.42240065634832,2.037094530358819,0.0
202205010711,2022,馬連,11-12,0.014415535160937291,167.67965394456596,2.417191947211688,0.0
202209020610,2022,馬連,05-06,0.021777063864031533,179.6608899903896,3.9124866751894576,0.0
202206040711,2022,馬単,08-06,0.016198739542168755,218.50281606940442,3.5394702067386876,0.0
202403020504,2024,馬連,02-07,0.30755853992161064,8.735481849168645,2.68667204304204,0.0
202508020201,2025,馬単,02-03,0.007917938037087124,332.3567881666025,2.6315804549084496,0.0
202505040605,2025,馬単,05-15,0.002136090244493866,967.5069841520636,2.0666822303269043,0.0
202506040307,2025,馬連,08-14,0.004894465820433586,439.16833613826566,2.1494944106454295,0.0
202405010509,2024,馬連,04-09,0.24751113757609003,9.159491304036479,2.2670761122803733,0.0
202401020311,2024,馬単,08-14,0.02713979208405028,92.29566165795912,2.5048850676568617,0.0
202505030410,2025,馬単,01-04,0.013850125182700719,163.20227285064522,2.260371909082715,0.0
202107020210,2021,馬連,05-09,0.23638453620331465,8.914709537032673,2.1072994792987343,0.0
202109050703,2021,馬単,08-14,0.13151520916553835,17.750595587935436,2.334473291560211,0.0
202408050106,2024,馬連,02-11,0.006979491732601847,341.2543951175264,2.38178222943682,0.0
202104010411,2021,馬連,08-11,0.05867192407287222,46.914257116531026,2.752549731476314,0.0
202107030209,2021,馬連,01-07,0.00834026441513214,248.12697788816746,2.0694446041149623,0.0
202107040211,2021,馬単,02-05,0.026819221724251528,120.69811460847265,3.2370294973837503,0.0
202106020809,2021,馬単,08-10,0.007362979930861871,292.68735255220656,2.15505110285899,0.0
202106010607,2021,馬単,12-02,0.002989566234687744,1484.2792019803937,4.437350985089855,0.0
202103010409,2021,馬単,03-08,0.03804163532582475,55.245167619769695,2.1016165201053405,0.0
202105040412,2021,馬単,03-10,0.05397001981472033,64.0692373763289,3.4578180107144907,0.0
202509020610,2025,馬連,01-05,0.22884904457800104,10.432179474447572,2.38739430559356,1380.0
202405040203,2024,馬単,12-13,0.006401138969856682,393.67692698082925,2.5199807188304093,0.0
202102010204,2021,馬連,10-15,0.0010983433736555103,3447.1660780383354,3.7861720197034594,0.0
202310010108,2023,馬単,01-05,0.0022472511915092594,1286.5206781212423,2.8911351268092624,0.0
202106050611,2021,馬単,06-14,0.015626286639384965,137.9178864596072,2.1551444265159723,0.0
202206020807,2022,馬連,09-14,0.011164900809202908,324.0997642337195,3.6185417199555263,0.0
202406010711,2024,馬連,02-03,0.06759433756005648,31.54806810491191,2.132470764851067,0.0
202405050211,2024,馬単,13-09,0.04644616832499927,63.105909781293406,2.931027708004171,0.0
202107050311,2021,馬単,04-07,0.013883831428363724,214.12728095353418,2.9729070729727467,0.0
202209010111,2022,馬単,06-09,0.004403017474736027,572.7714315114991,2.5219226219747,0.0
202307030811,2023,馬単,16-03,0.020396155969872647,102.43351079391282,2.0892498626942793,0.0
202506010111,2025,馬連,03-08,0.020261264729423994,171.52901810461447,3.4753948445957548,0.0
202110010112,2021,馬単,07-04,0.022633036639539538,123.02281630028428,2.784379908823676,0.0
202104010512,2021,馬連,01-02,0.07284599631991275,37.26957326913544,2.714939197208159,0.0
202107030612,2021,馬単,08-05,0.02337070158387859,114.74804236238059,2.6817422553854553,0.0
202308010310,2023,馬連,08-14,0.09335904958886725,21.605522210412396,2.0170710194352637,0.0
202110010412,2021,馬連,01-06,0.022838747294140475,119.93894151149043,2.739255175907625,0.0
202104040811,2021,馬連,04-05,0.0015614415284474813,1449.892430702882,2.263922253081142,0.0
202403010603,2024,馬単,13-06,0.007069288108916578,459.5941681790471,3.2490035880355435,0.0
202110020204,2021,馬連,09-10,0.0011444114439334483,2209.6297863756654,2.5287256143845322,0.0
202110010307,2021,馬単,16-05,0.009460183364557269,438.29906949014895,4.146389565891638,0.0
202104010207,2021,馬連,05-11,0.008316394482383898,324.11935798538246,2.6955044403834463,0.0
202110040610,2021,馬単,08-07,0.008300604879631482,369.06588925275133,3.0634701212369198,0.0
202204030711,2022,馬単,14-09,0.0014297714963104463,1671.9890836314048,2.3905623339184054,0.0
202307010510,2023,馬単,14-15,0.0035902912489081634,583.962591479648,2.096595781879113,0.0
202210040506,2022,馬連,05-08,0.011907279855320144,205.34709763349068,2.4451253589997224,0.0
202203030112,2022,馬単,12-05,0.007081586089314803,359.41262671251843,2.5452114576514644,0.0
202110010208,2021,馬単,07-04,0.10900019654783326,50.68622354768393,5.524808328964963,0.0
202110020507,2021,馬単,04-09,0.020332793824062126,106.1779956903112,2.1588952950232545,0.0
202210020607,2022,馬単,06-02,0.02956987510258657,69.11592514194824,2.0437492740471326,0.0
202209010310,2022,馬連,04-07,0.0010229709718377828,3875.8434728714083,3.9648753641343917,0.0
202305010211,2023,馬単,13-09,0.013222285605905064,188.27681240292773,2.4894497865609195,0.0
202305020111,2023,馬連,02-10,0.0015301574636659388,1382.105812592937,2.1148395247151597,0.0
202105030812,2021,馬単,06-11,0.016100018180662392,132.03328521344415,2.1257382923890336,0.0
202206040707,2022,馬連,04-14,0.023446367668159857,115.20754961760217,2.70119856648207,0.0
202204040307,2022,馬単,18-04,0.054936865251162634,41.212955908217666,2.2641106053318607,0.0
202206050604,2022,馬単,10-06,0.08344037764030268,25.198397750541083,2.1025638242357014,0.0
202404010101,2024,馬連,06-07,0.06584185211116833,37.10948169244176,2.443357005515859,0.0
202405030803,2024,馬単,10-17,0.013295924065614827,186.1180982625709,2.4746121017357816,0.0
202507030601,2025,馬単,11-01,0.006679172130601481,442.74546177919905,2.9571731492659095,0.0
202506040807,2025,馬連,12-16,0.01139735266905428,226.95082002033828,2.58663853430286,0.0
202110030206,2021,馬単,10-11,0.014396932113363703,143.51424587967722,2.0661648552302996,0.0
202509030304,2025,馬単,18-15,0.006932832102293605,377.896523317507,2.6198931482007564,0.0
202105020310,2021,馬連,03-09,0.0347308771242979,127.1886323471797,4.4173727616574,0.0
202105030101,2021,馬単,02-03,0.018051122721064003,137.3625903508742,2.479548975706872,0.0
202109030101,2021,馬単,09-10,0.004655670045872485,657.627564127839,3.061696951650067,0.0
202110040801,2021,馬単,10-01,0.01977619743889245,116.30562448344807,2.3000829930383526,0.0
202106040801,2021,馬連,12-14,0.12536280313850595,33.26134094849639,4.169734937449079,0.0
202204010804,2022,馬単,07-03,0.08925929897717788,25.923782079518823,2.3139386152549766,0.0
202210010603,2022,馬連,01-11,0.0003647191258414304,7783.769139148425,2.8388894761817167,0.0
202110040802,2021,馬連,01-05,0.011118904160208573,225.99903537177997,2.5128616145984086,0.0
202206030706,2022,馬単,16-15,0.014434863096114919,227.30787435319866,3.281158046957314,0.0
202310010112,2023,馬連,14-15,0.0009998102264318093,2023.611195073364,2.0232271671562443,0.0
202308030210,2023,馬連,09-16,0.01976065489584653,166.07219235671488,3.2816952809576847,0.0
202403010210,2024,馬連,06-12,0.07177087528058743,33.378405636546724,2.3955973880054513,0.0
202402010411,2024,馬連,04-14,0.004164331417106724,657.0913813694613,2.736346283346903,0.0
202401010111,2024,馬単,16-10,0.03543302574979139,74.35351905313803,2.6345701551974443,0.0
202404040511,2024,馬単,01-05,0.00202121354792059,1174.3127260641318,2.3735367914163836,0.0
202510010311,2025,馬連,12-17,0.039398694590932266,66.05981511025679,2.60267048026246,0.0
202509010410,2025,馬単,03-11,0.04765496200218688,53.23812697596061,2.537060918107003,0.0
202106010802,2021,馬単,10-12,0.07190881183099514,31.328570204730067,2.252800259786055,0.0
202106020201,2021,馬連,02-06,0.0033973001905112264,714.3915228059651,2.4270024565283106,0.0
202104030204,2021,馬連,03-07,0.09535255788511596,24.742766994591328,2.3592861220897063,0.0
202106050402,2021,ワイド,08-11,0.11076413848349533,18.38750464949858,2.036676111362975,0.0
202206020303,2022,馬連,03-11,7.232933166197015e-05,33434.058005950916,2.418263070317972,0.0
202205020103,2022,馬単,05-15,0.016409940710545946,303.8839295254139,4.986717266399765,0.0
202109020505,2021,馬単,07-09,0.048941601678874486,43.28744034405796,2.118556663016926,0.0
202207020110,2022,馬単,03-16,0.03448817499573719,101.72800788950725,3.5084133380610596,0.0
202508020711,2025,馬単,06-05,0.020052808538293467,109.15059355613926,2.1887759544223493,0.0
202508040805,2025,馬単,08-06,0.04981173050701192,112.03580476145842,5.580697313913969,0.0
202209050702,2022,馬単,13-09,0.15551207430240838,15.084971951841583,2.3458952790245347,0.0
202506030604,2025,馬連,07-13,0.009018214749126095,484.54395106305094,4.369721406076638,0.0
202504010604,2025,馬単,11-05,0.004095405821871004,587.1146561327411,2.4044727808318203,0.0
202504020401,2025,馬単,04-03,0.016138344474559627,220.43971802397226,3.557532105345655,0.0
202509050805,2025,馬単,08-09,0.012222169591737657,199.76154769816696,2.441519513874988,0.0
202109040101,2021,馬単,09-04,0.019520402800034434,106.54683517709279,2.079837139725729,0.0
202107010811,2021,馬連,11-12,0.04105789986762885,51.56210167048372,2.117031607351219,4520.0
202109020811,2021,馬単,07-11,0.012040161370795862,280.7010980701427,3.3796865177241124,0.0
202209020811,2022,馬連,02-15,0.004506964633242264,462.7070671024588,2.0854043869820367,0.0
202203030202,2022,馬連,08-14,0.0030501900733014673,868.3971871747304,2.648776480003279,0.0
202303020603,2023,馬連,09-11,0.0034210035725036406,798.4666924847872,2.731557407515623,0.0
202109010109,2021,馬連,07-09,0.36543538433209954,7.804410624796836,2.852007796158153,0.0
202109010709,2021,馬連,02-08,0.04977983724091782,41.492397381937195,2.0654847884083183,0.0
202109020110,2021,馬単,08-05,0.042439322442017514,51.212005043226505,2.1734027949317167,0.0
202101020112,2021,馬単,13-07,0.0603433784322309,33.765028676569955,2.0374959032053894,0.0
202106020611,2021,馬連,02-07,0.024087796461198283,104.94599133709927,2.5279176787467255,0.0
202105020611,2021,馬単,15-18,0.09654528301764101,34.14592540011394,3.296628031653257,0.0
202203010311,2022,馬連,07-12,0.009239061355035605,217.10202264949032,2.0058189075609705,0.0
202206050511,2022,馬単,13-08,0.002973011725878387,758.9418141986941,2.256342912872134,0.0
202306030311,2023,馬単,03-06,0.11135677166651638,19.830506140899836,2.2082611443636337,0.0
202304030211,2023,馬単,14-13,0.015420776816920756,141.58391073124432,2.18333388825335,0.0
202306050511,2023,馬連,04-15,0.029492607426364906,86.98261578198613,2.565344140176449,0.0
202403010401,2024,馬単,05-13,0.006417436815756343,359.05544297570924,2.304215618650019,0.0
202410030808,2024,馬連,01-05,0.1077871572138184,28.049822714362158,3.0234106507326883,0.0
202407030407,2024,馬連,03-12,0.0021967772116720918,998.742735826007,2.194015282385612,0.0
202404040212,2024,馬単,14-06,0.016676615634905596,131.86287157683898,2.1990264258018617,0.0
202506020501,2025,馬連,06-07,0.010927742177792953,201.51614096530386,2.2021164331326215,0.0
202508010301,2025,馬単,08-10,0.018263440825935923,213.3228102330265,3.8960085215132376,0.0
202404020308,2024,馬単,04-08,0.023785476080230964,115.55257125087405,2.748472919496849,0.0
202508020806,2025,馬単,05-15,0.022520042252296233,94.23605745248955,2.12219999551988,0.0
202107020609,2021,馬単,05-06,0.04274148699357586,51.89635784004596,2.218127503634283,0.0
202509020110,2025,馬単,05-08,0.019847634466500768,115.74307749538627,2.297226294156298,0.0
202504020808,2025,馬単,05-03,0.040846812009515066,81.37432560136692,3.3238817802401037,0.0
202504040410,2025,馬単,02-05,0.018540187616183933,124.67056731824759,2.3114157082963995,0.0
202105020605,2021,馬連,02-05,0.03552945600980903,66.92047124772434,2.3776479393517116,0.0
202305030710,2023,馬単,16-02,0.031940819883873206,79.25026845603327,2.531318550502757,0.0
202304030711,2023,馬連,03-04,0.0009605007671560192,2374.382034309204,2.28059576547546,0.0
202104040701,2021,馬単,05-13,0.0023689470256871704,2769.6858527156464,6.561239062878565,0.0
202204040604,2022,馬連,08-14,0.1347339450784825,21.610761663978327,2.911703175138631,0.0
202305020802,2023,馬単,08-12,0.008520675851312597,237.12433445741647,2.02045959036988,0.0
202305050601,2023,馬単,12-03,0.09994680124724516,22.912250864685387,2.2900061832997314,0.0
202104010208,2021,馬連,07-14,0.00912731532565602,405.73599275257317,3.7032803448208207,0.0
202104030112,2021,馬単,05-15,0.11196269153682151,30.102652677346907,3.370374016153866,0.0
202510010506,2025,馬単,10-12,0.0017295116863275393,2673.563200794751,4.623958799909784,0.0
202508020802,2025,馬連,12-13,0.005455491950562828,383.9288926302883,2.0945209833330383,0.0
202510020506,2025,馬単,13-16,0.012164163257622838,207.60602955336043,2.525353636753948,0.0
202507040104,2025,馬連,06-09,0.013073694354106113,665.7244688631786,8.703478229966828,0.0
202407020105,2024,馬単,04-13,0.001902884395614817,1058.9415355644253,2.015043323893938,0.0
202403030502,2024,馬単,01-06,0.19395657260187182,12.752023200056419,2.4733387136224967,0.0
202502010404,2025,馬連,07-11,0.0004041600704727559,4954.89535659151,2.0025708565051556,0.0
202203010201,2022,馬連,06-07,0.0012667932646296435,1665.58842364041,2.1099561967127767,0.0
202105040202,2021,ワイド,11-13,0.04141819891856403,52.80114107213322,2.186928164052775,0.0
202504010804,2025,馬単,07-05,0.01842426943323272,119.07395910002549,2.1938507049406026,0.0
202106030510,2021,ワイド,11-15,0.1069303841761785,35.59095899448662,3.80575491847907,0.0
202204020211,2022,馬単,13-04,0.017026234517523893,144.0881309398372,2.453278308573359,0.0
202209040211,2022,馬単,02-06,0.016406179966747116,174.22168300841255,2.8583122855455847,0.0
202406030304,2024,馬連,08-16,0.013877305211574346,187.87743100528044,2.607232452426778,0.0
202110040811,2021,馬連,05-08,0.04627183206560423,72.72705657520086,3.365214148473392,0.0
202209020611,2022,馬連,03-06,0.06072206440803844,46.197271435793105,2.8051936915998636,0.0
202205040410,2022,馬連,02-12,0.0057233322802336785,817.0731283404743,4.676381010742552,0.0
202309040710,2023,馬単,14-04,0.02601909106761513,209.00472377357377,5.438112941426361,0.0
202405020711,2024,馬単,01-09,0.03235494860961435,75.80772373823733,2.4527550057625103,0.0
202504010211,2025,馬単,07-11,0.04578328213170855,44.209868151391134,2.0240728665807763,0.0
202304040512,2023,馬連,01-11,0.016434553576158955,179.60244585149664,2.951686018755609,0.0
202410030509,2024,馬単,02-05,0.004578626795180747,528.3305081372627,2.419028221268731,0.0
202101020511,2021,馬単,10-08,0.09286966172873995,22.539166846966733,2.0932048007254305,0.0
202107050612,2021,馬単,11-12,0.002062053725877993,1741.2295730265562,3.590508928668357,0.0
202106040309,2021,馬単,04-02,0.28874689465364833,7.20182610358224,2.0795049232449556,0.0
202105040208,2021,馬単,05-01,0.1067396420707774,48.28181890685053,5.153584068643318,0.0
202510020804,2025,馬連,06-07,0.0023409736785308883,2962.048414160479,6.9340773720838405,0.0
202408050804,2024,馬単,06-02,0.008804501839405785,236.64252011531673,2.0835195036369267,0.0
202109010811,2021,ワイド,01-07,0.04517948567720012,50.284696415353686,2.2718367214798283,0.0
202109020211,2021,馬連,04-07,0.07485567603098045,33.46508298628707,2.505051410371381,0.0
202104010511,2021,馬単,07-16,0.06707715399261784,33.255948964749294,2.2307144098791283,0.0
202105050411,2021,馬連,03-17,0.17835434131534045,11.816362530646206,2.1074995558966734,0.0
202504020302,2025,馬連,05-14,0.08878833828354604,44.68928074502753,3.967886976437865,0.0
202504020802,2025,馬連,02-06,0.011825513131808565,195.12631570283767,2.3074688087053308,0.0
202506050212,2025,馬単,14-08,0.03404738620677809,64.01636730009022,2.1795899810211314,0.0
202105050808,2021,馬単,06-04,0.08009529673090823,37.93252469012294,3.0382168208078997,0.0
202201020110,2022,馬単,01-04,0.031101292008766004,76.57049523355307,2.3814413315145595,0.0
202306030210,2023,馬連,03-10,0.00425620314869596,522.787887187004,2.2250914515454348,0.0
202405010210,2024,馬連,09-14,0.29906180385680237,7.471662804968824,2.2344889562637524,0.0
202407020711,2024,馬連,14-18,0.0014787366226680031,2452.726337611553,3.6269362608085682,0.0
202405020311,2024,馬単,16-15,0.020543275698495088,104.15038871393995,2.1395901494558998,0.0
202407040605,2024,馬連,06-11,0.0009254402949514645,3089.6940913432722,2.859327411202515,0.0
202206040605,2022,馬単,08-12,0.014926625071359036,206.9369877272626,3.0888708292012748,0.0
202205040302,2022,馬単,02-05,0.012108078958440141,175.17131454756017,2.1209881077956125,0.0
202302020404,2023,馬連,02-16,0.0034568618661813505,593.2382622983654,2.0507427264989087,0.0
202305020503,2023,馬連,04-13,0.005228097225684602,419.03138819375386,2.1907368380905323,0.0
202105020604,2021,馬単,05-06,0.09587747589904652,21.643712382770087,2.075144512344934,0.0
202104040404,2021,馬連,12-18,0.031573841227343385,71.91411055143523,2.2706047085566357,0.0
202110010511,2021,馬連,02-07,0.03558252416573694,63.230043292923945,2.2498845434710595,0.0
202104030609,2021,馬単,04-03,0.0013704995653679919,1808.3567055250915,2.4783520789524314,0.0
202206030808,2022,馬単,12-14,0.03393887575711872,59.94517311106487,2.0344717824554044,0.0
202203020609,2022,馬単,02-09,0.013365078621933377,182.22975796993356,2.4355150425240524,0.0
202307010310,2023,馬単,10-11,0.017444858035089477,117.49780264584732,2.049732486591767,0.0
202506040403,2025,馬単,04-12,0.023825317856131407,174.5069198694003,4.157682833982915,0.0
202105010805,2021,馬単,01-06,0.2771528939261352,8.348072276849829,2.3136923902334705,0.0
202106020711,2021,馬単,08-03,0.05652008748997702,96.2242397242765,5.43860244787263,0.0
202105030110,2021,馬連,05-06,0.017441506440339656,145.70151816203423,2.5412539673903853,0.0
202109030310,2021,ワイド,06-09,0.04371452972342219,51.66306833226847,2.258426736214142,0.0
202105040310,2021,馬連,05-07,0.005739233058239301,456.29972769381686,2.6188104816459448,0.0
202207010310,2022,馬連,03-16,0.0020752246490152075,2441.650852779312,5.0669740339766305,0.0
202204040211,2022,馬連,01-13,0.0011047049953201535,2296.6212558707325,2.5370889737188427,0.0
202206050211,2022,馬連,12-15,0.010931861463043431,214.97505338902803,2.3500775016592197,0.0
202303030211,2023,馬連,06-07,0.009719424578290187,235.54295370974896,2.2893419735296017,0.0
202309050511,2023,馬連,06-11,0.04405312552565758,55.78982689198227,2.457716247127202,0.0
202410020211,2024,馬連,11-18,0.011490294099690983,189.40680290351887,2.176339869843636,0.0
202406020810,2024,馬単,01-06,0.001042970610662573,2113.2352668383637,2.2040422767280936,0.0
202404040811,2024,馬単,13-02,0.015300150506939355,291.4764440549221,4.459633463267798,0.0
202505010506,2025,馬連,12-13,0.0015514685263694867,1641.8456606381487,2.547271867636405,0.0
202509050506,2025,馬単,08-07,0.003298431833327352,2607.717483044146,8.60137835839709,0.0
202210030401,2022,馬連,08-10,0.01389272698545187,232.7969239882781,3.234184108022139,0.0
202106020807,2021,馬単,16-04,0.01441619789201962,143.70419478457754,2.0716681099278036,0.0
202106030806,2021,馬単,15-10,0.013299141869605496,179.09980046761478,2.381873655236846,0.0
202206040607,2022,馬単,04-07,0.00676458986481349,333.96481903373586,2.259135030039881,0.0
202109050802,2021,馬単,09-14,0.016361062919419446,155.24763194848384,2.5400162744000165,0.0
202104040305,2021,馬単,14-09,0.024556135081380243,96.07297163346502,2.359180869100979,0.0
202104050202,2021,馬単,09-02,0.0030433965894798433,1946.0131781313537,5.9224898694077925,0.0
202503020411,2025,馬単,09-12,0.029021352180387688,89.23286201788797,2.5896583146850665,0.0
202507010503,2025,馬単,11-03,0.03611636021828866,79.96916262670038,2.888195083780818,0.0
202109040608,2021,馬連,04-07,0.03410902816882093,60.458895300885665,2.0621941628737046,0.0
202309040706,2023,馬単,13-11,0.0074390504350525626,302.00011859434227,2.2465941136151675,0.0
202109020408,2021,馬単,10-07,0.06889288829554104,29.154774995033065,2.008556657014446,0.0
202110040710,2021,馬単,08-03,0.013849007109202883,171.70268716506234,2.377911735218187,0.0
202210010311,2022,馬連,05-07,0.06836895622121475,36.437473756674635,2.4911920480817495,0.0
202210010810,2022,馬連,09-10,0.031951853175740966,77.62582684041705,2.480289021850498,0.0
202203010304,2022,馬連,04-14,0.014087223664132804,145.70610402708795,2.052594476658989,0.0
202105050303,2021,馬連,01-04,0.06941651252591222,48.825365813759916,3.389286617593111,0.0
202206010201,2022,馬連,06-11,0.05973544653968105,51.06218845141587,3.0502226284386715,0.0
202202010603,2022,馬連,03-12,0.12147029979279117,16.879455236662476,2.0503524879363897,0.0
202306010102,2023,馬連,07-11,0.13861168230612012,21.75500994426189,3.015498526960513,0.0
202301020212,2023,馬単,13-07,0.034740889135222976,88.56654220424653,3.0768804238077756,0.0
202302010101,2023,馬単,01-15,0.011204356501049504,343.6551990735673,3.8504353638593853,0.0
202306010209,2023,馬単,08-11,0.0013637455852923614,1989.2514721005443,2.7128329131134485,0.0
202507020312,2025,馬連,06-16,0.004706632684747871,679.9734710270099,3.200385363497184,0.0
202504010807,2025,馬連,02-10,0.004857281114926745,627.2079596606217,3.0465253775912733,0.0
202505050107,2025,馬単,06-13,0.005997588148893242,530.366158305826,3.1809177856290596,0.0
202104040610,2021,馬単,13-15,0.016091072007468853,226.98744517622535,3.652471325122031,0.0
202207010611,2022,馬連,06-13,0.0005515442453185692,12789.410955666119,7.05392601361191,0.0
202209010211,2022,馬連,01-13,0.004733325546244515,423.7625337101085,2.005806026351359,0.0
202205050211,2022,馬連,09-14,0.0017057573629187723,1225.1283738092109,2.0897717441457635,0.0
202309010211,2023,馬単,12-11,0.07271274947625211,28.32349027629917,2.0594788527536045,0.0
202301020411,2023,馬連,05-15,0.020498021060080314,278.9307381626765,5.717528145162291,0.0
202510020411,2025,馬単,15-12,0.009773926279207498,289.635868594694,2.8308796274587693,0.0
202508040812,2025,馬単,12-17,0.014446913251610656,287.61620274065604,4.15516633075192,0.0
202105010712,2021,馬連,09-10,0.12184745640270629,18.351754489671563,2.2361146050934253,0.0
202110030202,2021,馬連,08-16,0.0702676846958259,30.67015681255445,2.1551209084761127,0.0
202110030408,2021,馬単,03-13,0.0193710833265486,125.29536849626768,2.4271070235718137,0.0
202404030603,2024,馬連,01-08,0.0022500660150321827,1324.0240030147902,2.979141412270448,0.0
202105010407,2021,馬単,03-04,0.03274953063250627,61.19870225908417,2.004228774303508,0.0
202105010806,2021,馬連,01-08,0.024832779118768265,85.98097301645478,2.135146511334396,0.0
202101020602,2021,馬単,05-09,0.018414909224121482,188.12937605705253,3.4643853824812356,0.0
202107010511,2021,馬連,07-15,0.02874275263361968,94.7566501927076,2.723566956879425,0.0
202106020511,2021,馬連,02-09,0.1204694416713385,18.774993253017588,2.261812954574176,0.0
202206020511,2022,馬単,03-12,0.022600171263224972,117.90843131345125,2.6647507410621962,0.0
202307020507,2023,馬連,01-14,0.004524422366604837,514.5858452417509,2.328203707750033,0.0
202306050606,2023,馬連,05-07,0.0023554248749490516,1036.7349424235904,2.4419512721133976,0.0
202409010602,2024,馬単,12-15,0.16409058913439084,12.519634703160442,2.054354234188961,0.0
202410030803,2024,馬連,03-12,0.0009335479153202728,3074.7500792242326,2.870426526590626,0.0
202107010711,2021,馬単,02-16,0.01349316619219613,410.91211210632974,5.544505419037034,0.0
202109010410,2021,馬連,02-09,0.023210592245822177,96.35788082006104,2.2365234813859662,0.0
202210020204,2022,馬単,07-03,0.23866662362952198,8.874597323190248,2.11807017919741,0.0
202304030307,2023,馬連,07-10,0.08849986233576851,32.484753168705716,2.8748961834418756,0.0
202109020603,2021,馬単,03-04,0.014422266886245922,216.9989605475071,3.1296169230540967,0.0
202307010801,2023,馬単,09-05,0.0994093741664215,22.916681980777902,2.2781330136800397,0.0
202105020412,2021,馬単,02-05,0.010526519452647591,212.73246038530834,2.2393323824555313,0.0
202104030209,2021,馬単,11-14,0.012941748464160647,219.23080711283856,2.8372299612492773,0.0
202101020809,2021,馬単,05-06,0.0034204061701938217,1054.6393182403813,3.6072948314384057,0.0
202201020111,2022,馬連,01-11,0.01708138173167565,186.52609592393918,3.1861234473959548,0.0
202205050509,2022,馬連,15-16,0.00017181011228470898,42435.05072148305,7.290770829265323,0.0
202102010703,2021,馬連,01-09,0.015385478417886768,167.34707808828202,2.5747148582236745,0.0
202101020102,2021,馬連,02-10,0.015679980707624212,202.88952143831284,3.181303781931854,0.0
202206030506,2022,馬連,01-06,0.0007357198600957656,3771.847747742976,2.7750232972719906,0.0
202205030507,2022,馬単,03-08,0.03587183077660078,115.68263381929285,4.149747864157147,0.0
202205050806,2022,馬単,08-13,0.0012081146052850566,2389.580624407427,2.8868872528527976,0.0
202304020203,2023,馬連,09-14,0.001829957647695796,1351.7795995404947,2.4736994161782886,0.0
202106030404,2021,馬単,01-11,0.06644675452353728,49.23024946677117,3.271190301451046,0.0
202105020204,2021,馬単,04-07,0.26067790600510127,8.713799322954403,2.271494960856423,0.0
202104040606,2021,馬単,05-03,0.011281858450963692,209.391896166087,2.362329733324681,0.0
202106050701,2021,馬単,09-04,0.023391536641508597,92.0120364513652,2.152302922111934,0.0
202206020601,2022,馬連,03-08,0.005160657263316215,1207.8173425441908,6.233131341559967,0.0
202203020207,2022,馬連,05-12,0.00033074426993926495,8789.00908172799,2.9069143922256937,0.0
202106020404,2021,馬単,14-13,0.16928956373696427,13.540438115361038,2.2922548613568328,0.0
202204030612,2022,馬単,06-01,0.01944443219312178,169.56871183623764,3.2971673193747293,0.0
202104010404,2021,ワイド,06-07,0.1732231768448849,12.314782506137165,2.133205747866893,1040.0
202105030201,2021,馬連,02-07,0.013315474545993175,203.3753494015017,2.7080392882381643,0.0
202105030409,2021,馬連,02-16,0.0019133332159522844,3143.0661234689924,6.013732813967607,0.0
202206010109,2022,馬単,03-04,0.008331896376420086,269.14370009493865,2.242477419557314,0.0
202105030511,2021,馬単,10-02,0.006950126826576777,743.7623084074963,5.16924237225961,0.0
202406030209,2024,馬連,01-10,0.05347003214847172,39.54091660297789,2.114254081941267,0.0
202106010210,2021,馬単,10-06,0.039812538501981416,54.31371716668168,2.1623669558842433,0.0
202106020810,2021,馬単,05-13,0.01824799022414698,155.99769319266525,2.8466443803692356,0.0
202106030810,2021,馬連,03-15,0.015392818662207323,129.96215328244205,2.0004838584266227,0.0
202106050411,2021,ワイド,06-07,0.019799079747267627,131.4395977481587,2.6023830777645722,0.0
202206030810,2022,ワイド,08-14,0.17170334626410866,15.62668970264976,2.6831549129758527,0.0
202106050404,2021,ワイド,05-08,0.020301416049970846,138.48770337817754,2.8114964840853354,0.0
202210020404,2022,馬単,04-08,0.011361595581131924,218.80471664143028,2.485970701724097,0.0
202105040801,2021,馬単,07-05,0.07486129807626168,28.678340271370374,2.146897779387517,0.0
202305010612,2023,馬連,13-14,0.008520314307488612,299.85543786435903,2.5548625774139606,0.0
202405010412,2024,馬連,01-11,0.024275862857507675,88.35830895025431,2.1449741903976665,0.0
202408030212,2024,馬単,04-09,0.012174675780866543,174.94614970774484,2.1299126518027336,0.0
202506020712,2025,馬単,04-15,0.024391524511588415,87.557994593914,2.1356729713229794,0.0
202506030412,2025,馬単,10-04,0.055008129980220304,37.73860828874632,2.075930270019977,0.0
202510020205,2025,馬単,09-17,0.002514021560978718,1936.6797489884664,4.868854645667856,0.0
202206020307,2022,馬連,08-15,0.006147644041583249,374.6289817252179,2.3030856273074356,0.0
202205020506,2022,馬単,11-13,0.11137295828752283,18.22258442604495,2.0295031351727673,0.0
202109010212,2021,馬連,01-02,0.0007621249357377859,3189.807103577166,2.4310315338296804,0.0
202106020805,2021,馬単,01-13,0.0693878760600517,30.28625138304617,2.101498657290377,0.0
202104020605,2021,馬単,11-13,0.038229601957073464,54.38537756916133,2.0791313367541893,0.0
202206010107,2022,馬連,09-15,0.0018863156742729625,1142.6033446940419,2.1553105985730836,0.0
202106040704,2021,馬連,11-12,0.04042206365826824,59.55669276794325,2.4074044263417256,0.0
202206020701,2022,馬単,13-12,0.018832815526467876,120.54156365929015,2.2701370316673954,0.0
202101020401,2021,馬単,05-06,0.005863324556928145,455.36930191145154,2.66997801036864,0.0
202106050707,2021,馬単,16-07,0.036527568428015494,81.68886175064233,2.9838954874032853,0.0
202106030608,2021,馬単,06-07,0.14158261558008742,16.965339373477935,2.4019971227008474,2210.0
202101020508,2021,馬連,07-14,0.03279747206443064,62.6256682201242,2.0539636039658253,0.0
202202010507,2022,馬単,05-06,0.027383043046479035,89.42299760467913,2.44867379275412,0.0
202105050111,2021,馬連,08-12,0.02862388445944216,101.4513708032819,2.903932316125165,0.0
202205020706,2022,馬連,01-05,0.005203323550680872,576.0992991341809,2.997631050715628,0.0
202304030812,2023,馬単,09-10,0.03068661057361051,66.30139009526455,2.0345649383424202,0.0
202304040507,2023,馬連,07-09,0.009169433653107056,352.25966335589584,3.2300216118077136,0.0
202401020112,2024,馬連,10-16,0.0014121243651688646,1461.7433454360303,2.0641633937136667,0.0
202508040104,2025,馬単,11-05,0.06404281163845559,36.09955599281034,2.311917064679433,0.0
202110020609,2021,ワイド,03-11,0.00611329746211398,358.45366463394396,2.1913338782921454,0.0
202110020712,2021,馬単,10-07,0.02605796349094231,114.75815873342347,2.9903639105633113,0.0
202206040109,2022,馬単,04-06,0.008043636518423786,271.99270019620593,2.1878104160428946,0.0
202505050703,2025,馬連,06-11,0.0017895456416903268,1297.679479023345,2.322256655997201,0.0
202305030802,2023,馬連,02-14,0.013810225854556024,192.3091586650741,2.655832915064323,0.0
202105050604,2021,馬連,03-09,0.0008769888780976959,2872.0862407804534,2.518787690101879,0.0
202205020101,2022,馬単,02-01,0.0307395961237148,86.22378401322976,2.6504842968250997,0.0
202304030602,2023,馬連,03-07,0.03171293231994955,77.50075946484935,2.4577763396534573,0.0
202401020509,2024,馬単,07-08,0.07013258433798128,33.22737290640252,2.330321532687829,0.0
202507050605,2025,馬単,07-01,0.007305215502502149,324.00515304996,2.366927466951149,0.0
202210020408,2022,馬連,09-10,0.0022275251625561805,975.3766168180009,2.172675956931015,0.0
202204030709,2022,馬単,02-11,0.25350945992437,8.013874121477206,2.031592900437572,0.0
202203030108,2022,馬連,12-13,0.0010932884312946597,2342.3899445194734,2.56090782792408,0.0
202110010508,2021,馬単,09-06,0.024211709820485115,114.91085096592413,2.7821881788119667,0.0
202104030102,2021,馬単,02-09,0.4691460277790874,6.084111760871015,2.854336865176666,0.0
202207030103,2022,馬単,01-11,0.0038101158345171097,613.2302994976275,2.33647847432158,0.0
202308030101,2023,馬単,11-02,0.03181822317708091,72.70859321052974,2.313458245664225,0.0
202402010103,2024,馬単,07-08,0.0687810575554223,43.70670682387613,3.006193517610993,0.0
202102010604,2021,馬連,10-11,0.033457139894744956,67.2053542559913,2.248498939018594,0.0
202205010103,2022,馬連,07-12,0.0013861349085697607,1687.9195139843775,2.33968416118985,0.0
202503010110,2025,馬単,08-14,0.08369176832305156,35.470501331474274,2.9685889797362366,0.0
202503030311,2025,馬連,04-08,0.059406048893312385,46.62817426458758,2.76999560016798,0.0
202507010608,2025,馬単,15-09,0.004046238282707014,563.1918561670687,2.2788084489320157,0.0
202305050709,2023,馬連,08-11,0.005393792005549395,377.88059754709303,2.0382093461017385,0.0
202407010104,2024,馬単,09-11,0.0010464178433664602,2088.9824261296526,2.1859484851810267,0.0
202307040602,2023,馬連,06-07,0.0008544310707558272,2848.0340174452253,2.4334487550747443,0.0
202509010307,2025,馬連,01-06,0.01353561242601701,160.50119421594232,2.1724819588198785,0.0
202109010807,2021,馬単,02-09,0.005954812377444088,452.26988114796774,2.6931822862050847,0.0
202109040312,2021,馬連,05-07,0.005325495550071701,488.15378035025816,2.5996607850059785,0.0
202405020104,2024,馬連,17-18,0.001838604595255003,1578.1185239767365,2.9015359700406704,0.0
202506010601,2025,馬単,13-08,0.0013610730252387356,2073.3826368597674,2.8220251780281904,0.0
202109020701,2021,馬連,04-14,0.0023345444898468758,1456.4787590868918,3.4002144616053185,0.0
202506010702,2025,馬連,10-16,0.012609049708298447,199.80329941883113,2.5193297342540797,0.0
202504020305,2025,馬連,01-14,0.047103053665776884,52.47775881861889,2.4718626898931015,0.0
202106030502,2021,馬単,01-07,0.006964898351084254,359.70264412062426,2.505292352916382,0.0
202105030502,2021,馬単,08-02,0.09708978331926954,22.598408474123936,2.1940745821130374,0.0
202110010409,2021,馬単,05-08,0.09954920074755028,22.203295826102217,2.2103203534498945,0.0
202104010708,2021,馬連,10-12,0.005828763619199562,418.7081679985858,2.440550936691855,0.0
202308010801,2023,馬単,07-12,0.02268178238761115,161.74048816595317,3.668562555846146,0.0
202406030407,2024,馬単,07-10,0.03337838591966081,66.7289957597022,2.22730617249875,0.0
202507040311,2025,馬連,14-15,0.0031732600055745337,670.5364632223498,2.1277865410228816,0.0
202106030605,2021,馬単,02-03,0.01478313880153939,192.4589789713808,2.845147799736473,0.0
202103020609,2021,馬単,10-14,0.1465791667728364,16.51290786612059,2.420448276012572,0.0
202204040612,2022,馬連,09-10,0.002892712850238827,1071.3855006069778,3.099210605165363,0.0
202402010402,2024,馬単,07-12,0.024343859346409348,106.823375945472,2.600493238925178,0.0
202510020401,2025,馬連,10-14,0.032886455397616796,146.86418479044423,4.829842462618295,0.0
202106050304,2021,馬単,03-11,0.0056769485842349116,535.1583963001467,3.0380667002175437,0.0
202201020304,2022,馬連,03-10,0.0026975475552504834,927.7123420149047,2.5025481601780064,0.0
202310030704,2023,馬連,02-10,0.004070915916848854,547.8962803986789,2.2304396886572646,0.0
202307010212,2023,馬単,10-07,0.017563810159062457,117.683601623096,2.0669724377427925,0.0
202202010101,2022,馬単,08-01,0.15043344664487826,24.132244986149377,3.6302967885450332,0.0
202202010804,2022,馬単,12-14,0.004575200356529375,622.9554491952476,2.850145993260014,0.0
202104050703,2021,馬単,09-07,0.022039257858586996,99.5734539994229,2.1945250285634317,0.0
202404040804,2024,馬連,03-05,0.008434260687785054,337.47710494614137,2.846369879274751,0.0
202210030107,2022,馬連,13-16,0.007785953639116412,297.8076151866403,2.318716285219002,0.0
202104040601,2021,馬単,09-07,0.025678604089704866,117.61442269983228,3.02017419574819,0.0
202508040404,2025,馬連,02-11,0.01974116553074324,216.50190824046106,4.274000008296726,0.0
202109010307,2021,馬単,06-01,0.14086471310713827,15.016739602442575,2.115328715902675,0.0
202103010103,2021,馬連,06-08,0.0007486058884691997,3007.523167675185,2.251449553029184,0.0
202105050108,2021,馬連,02-15,0.007532737763623142,397.6970716529992,2.9957477501228857,0.0
202206020608,2022,馬連,01-09,0.0005257795677092563,4222.51215631694,2.2201106161954,0.0
202202010608,2022,馬単,09-05,0.0366757985985685,61.6197629077108,2.259954014094743,0.0
202201010510,2022,馬単,10-09,0.02544364318844,86.64802462156155,2.204641421454176,0.0
202209040112,2022,馬単,04-02,0.06915619482896093,34.526187244287335,2.3876997317671207,0.0
202302020410,2023,馬単,05-06,0.06670617616938665,31.571542321394684,2.1060168640302,3940.0
202405030409,2024,馬連,04-07,0.0011757743589281516,1992.146958376686,2.342315312876015,0.0
202509050304,2025,馬連,02-03,0.005003368176405057,663.8433375273297,3.321452629102762,0.0
202503010204,2025,馬単,13-03,0.17547299167711483,11.649499696211139,2.0441725632358088,0.0
202106010810,2021,馬単,06-02,0.11192147170244747,20.99758689270552,2.350080827231623,0.0
202107030511,2021,馬単,16-03,0.02285252061796181,162.8327970590181,3.7211398520716026,0.0
202305010610,2023,馬連,02-09,0.0023392973698154193,906.8169884599911,2.121314596008397,0.0
202308010111,2023,馬連,04-06,0.006006173296460327,553.4205334526108,3.3239396297359,0.0
202309030711,2023,馬連,05-09,0.0027653367969965896,1493.0149067533491,4.128689060109468,0.0
202408050501,2024,馬単,04-03,0.05822097717196693,43.37469414119029,2.5253170774352873,0.0
202508010412,2025,馬連,02-16,0.007876271250070352,384.3167465059098,3.026982941425073,0.0
202507050110,2025,馬連,02-11,0.009005349744096313,238.3772510824115,2.1466705170333773,0.0
202307040301,2023,馬連,04-07,0.01686210405820013,129.40924592569837,2.182112170892337,0.0
202410010601,2024,馬単,06-09,0.0407661790292616,52.798660715364306,2.1523996552277826,0.0
202107010212,2021,馬連,01-12,0.006437026220889412,332.8666360397903,2.1426712642473826,0.0
202509040504,2025,馬連,15-16,0.024756597560689046,97.67154938333655,2.4180152412122293,0.0
202509030409,2025,馬単,05-11,0.024309261182038515,154.25812722465884,3.7499011041563577,0.0
202405040604,2024,馬単,11-15,0.03607989763676349,84.44236814828865,3.0466719989961524,0.0
202507030510,2025,馬単,11-15,0.009124944764087484,419.55205855119755,3.8283893599388756,0.0
202107020206,2021,馬単,10-04,0.05010897478847008,41.34457720077107,2.0717343765933927,0.0
202110030208,2021,馬単,12-08,0.0012918381567136679,1903.8338758143798,2.4594452448210866,0.0
202410020705,2024,馬単,01-09,0.047807384332710506,44.13418083510612,2.1099397453932647,0.0
202510010304,2025,馬連,05-08,0.0006846492254468013,16982.644624276938,11.62715448804949,0.0
202503030505,2025,馬連,04-06,0.05346377185877034,40.40269334158047,2.160080379294118,0.0
202509050504,2025,馬連,03-13,0.15408517469357585,14.598718513287338,2.2494460924222195,0.0
202105040810,2021,馬連,11-13,0.024704200009246363,152.8990735578964,3.7772492944027447,0.0
202205010410,2022,馬連,10-15,0.010913801344745497,295.79414881921394,3.228238579150987,0.0
202207030611,2022,馬連,07-10,0.02260207412095472,144.0723727783179,3.256334448317361,0.0
202205040510,2022,馬連,07-14,0.012253137845776887,215.9087741109532,2.6455599712942135,0.0
202205050710,2022,馬連,10-14,0.001080388750066681,1872.4135151044766,2.022934497191686,0.0
202210010211,2022,馬単,05-04,0.020663164754294205,141.79125742392392,2.929856112869081,0.0
202205020410,2022,馬単,16-11,0.00803318298982014,506.3674579226567,4.067742449582751,0.0
202104030607,2021,馬単,03-15,0.07159468574025396,29.38245212194472,2.1036274259486905,0.0
202107050606,2021,馬連,03-07,0.002572061082229827,1205.9454892350932,3.1017654601521922,0.0
202103020506,2021,馬連,05-06,0.04514738520139694,53.668239358080605,2.422980675380037,0.0
202509020504,2025,馬単,12-13,0.04015951287596878,59.351895290051964,2.3835432031139927,0.0
202508020101,2025,馬連,11-13,0.2704153598964223,8.437461569216454,2.2816192068518997,0.0
202109030204,2021,馬単,11-06,0.03840105088400643,56.730286689458204,2.178502625826157,0.0
202101020703,2021,馬連,03-09,0.028920246384270952,97.22879165706175,2.8118806103671736,9310.0
202508040606,2025,馬連,01-07,0.005953902967516775,845.0638640764429,5.031428248065925,0.0
202506020206,2025,馬連,11-12,0.060889185730227786,33.84394790653211,2.0607304299249876,0.0
202509010505,2025,馬連,04-10,0.004321683474235706,519.1612429014093,2.24365056391069,0.0
202107020612,2021,馬単,14-16,0.01307596007344888,272.04391136586923,3.557235323244972,0.0
202107050412,2021,馬連,07-16,0.010556295363226002,262.3420244449465,2.769359896227511,0.0
202303020402,2023,馬連,03-08,0.003661528949227979,714.3169028946105,2.6154920188714876,0.0
202105010605,2021,馬単,06-04,0.002489556384272374,1014.4695845256174,2.5255792308058935,0.0
202509030102,2025,馬単,01-12,0.13033317005810083,26.249872305328935,3.4212290711738675,3020.0
202504020112,2025,馬単,13-12,0.12624324689404218,16.04278181943723,2.0252928660984653,0.0
202506020604,2025,馬連,03-09,0.0115026474116951,504.1882117477419,5.799499228867344,0.0
202206010611,2022,馬連,01-16,0.00031755753046643043,9337.583934168104,2.965220094657439,0.0
202507020602,2025,馬単,04-12,0.008374347330330243,248.7542228388048,2.0831542619385193,0.0
202104040708,2021,馬単,14-06,0.042273352362824056,48.58089957509306,2.0536774858408786,0.0
202205030707,2022,馬連,12-15,0.01408891304935234,332.6066304157919,4.686065895566162,0.0
202206040306,2022,馬単,03-13,0.007362042215256967,333.31561615558485,2.4538836371418027,0.0
202405010208,2024,馬単,11-04,0.00332468265893643,635.5597785819994,2.1130345745690504,0.0
202508020801,2025,馬連,03-05,0.2772417964428763,8.461631375365789,2.3459178833438172,0.0
202106040609,2021,馬単,04-08,0.01321508447647822,184.86965357719174,2.4430680891598526,0.0
202205010612,2022,馬単,12-10,0.006788515274286486,613.6791955955971,4.165970592812555,0.0
202305050109,2023,馬単,12-13,0.018988125623264174,113.49731401780494,2.155101256473142,0.0
202105050312,2021,ワイド,02-14,0.011847294134771154,218.48625824372945,2.5884709658190315,0.0
202107030407,2021,馬単,08-06,0.009705621735081509,217.19267967928576,2.107989992595872,0.0
202106010410,2021,ワイド,05-13,0.006788143207812274,344.58587356063117,2.339098257118658,0.0
202505010401,2025,馬単,03-06,0.07083761087324482,32.55920894786344,2.3064165737894213,0.0
202106030707,2021,馬単,03-02,0.026503022416030114,263.60682800478656,6.9863776716294534,0.0
202103020411,2021,馬連,03-16,0.015163338202565456,169.5946736221959,2.5716213934870633,0.0
202203030411,2022,馬連,02-15,0.0024603364437100674,1244.9079132795218,3.0628923081046597,0.0
202306010111,2023,馬単,15-17,0.0041280280033225885,660.0568945067207,2.724733344309887,0.0
202302020611,2023,馬単,02-14,0.007523403670726507,968.0477696659534,7.283014143743442,0.0
202506030111,2025,馬単,07-04,0.03303295837826483,68.02698880791738,2.247132689890622,0.0
202401020606,2024,馬単,15-08,0.01787858956876454,196.5009560380415,3.513159942873988,0.0
202109020103,2021,馬連,06-12,0.05127581431464226,40.06326124078707,2.054276344221602,0.0
202507020403,2025,馬単,16-05,0.04080507966218782,50.60507613686709,2.0649441630759413,0.0
202109010102,2021,馬単,03-02,0.1588233550566669,19.023444298249316,3.0213672481815763,0.0
202407010505,2024,馬単,08-11,0.011317901557700261,178.1441805170534,2.016218298169195,0.0
202410030804,2024,馬連,11-17,0.0004857908223330912,4215.099495557922,2.047656650162881,0.0
202407040307,2024,馬単,17-03,0.0015398896067855428,1471.6075599054775,2.266113186765478,0.0
202508020712,2025,馬連,04-08,0.010643156873547003,230.97092391516674,2.4582597764572087,0.0
202509050808,2025,馬単,10-04,0.06871913979157693,37.169364470597166,2.5542467530190396,0.0
202110040504,2021,馬単,07-02,0.012177132397269688,210.7804089276225,2.566700946262305,0.0
202507030511,2025,馬単,06-17,0.022161079585323585,123.6724571138295,2.7407151646120935,0.0
202506050306,2025,馬単,13-09,0.0056727601383386025,666.1342341450942,3.7788197302410036,0.0
202205020703,2022,馬連,01-06,0.0005351085265372832,4275.217601283023,2.287705391248817,0.0
202107010407,2021,馬連,03-08,0.005278072796576222,531.1790522251999,2.803601705660968,0.0
202303030302,2023,馬単,15-02,0.08763077640735004,22.9328311310635,2.009621797233742,0.0
202508020505,2025,馬単,12-09,0.1314479670852723,19.292647888571256,2.5359793446446623,0.0
202508020303,2025,馬連,04-15,0.011180064986063627,198.34733040946503,2.2175360437900533,0.0
202501010201,2025,馬連,05-13,0.02798941988416926,72.19582655197979,2.0207193032480184,0.0
202104020202,2021,馬単,05-06,0.04168604004635782,101.95122064064441,4.2499426664009645,0.0
202210010408,2022,馬連,02-06,0.0050716235930622034,430.4693799513662,2.183178663452207,0.0
202201010610,2022,馬連,02-03,0.05879271751713365,39.03560743233541,2.2950094408790185,0.0
202304040201,2023,馬単,01-03,0.07785896796912233,38.44400303748185,2.9932104011001406,2850.0
202508020410,2025,馬単,07-08,0.032609279974542056,61.50428379227912,2.005610409816119,0.0
202205030403,2022,馬連,03-08,0.003552781337151939,617.1634884272469,2.1926469236559094,0.0
202406010207,2024,馬連,01-04,0.011065641267377193,225.81976036813563,2.4988404593188704,0.0
202509050411,2025,馬連,05-10,0.005100784818122352,472.9184322734733,2.412255159550756,0.0
202106010207,2021,馬単,16-12,0.022349009917959763,130.32479560214819,2.9126301494684887,0.0
202103020306,2021,馬単,09-07,0.044457064042019656,51.568631368719736,2.292589947318477,4160.0
202104010212,2021,馬単,07-03,0.01130011212735436,179.9470014064502,2.0334212928740802,0.0
202104020209,2021,馬単,13-08,0.2062985072714685,13.61824047497867,2.809422681651994,0.0
202104050310,2021,馬単,12-03,0.09658792431703342,23.419188709326907,2.2620108266227907,0.0
202204010512,2022,馬単,06-11,0.007737689977373644,295.8461361817274,2.28916568277807,0.0
202303020104,2023,馬連,07-08,0.05665274722956683,35.60722740824517,2.0172472539050177,0.0
202309050504,2023,馬連,02-06,0.004928996297703504,1212.891675437216,5.978338577745437,0.0
202207010106,2022,馬単,07-09,0.00923273258267142,275.7456344305864,2.545885703536677,0.0
202210020209,2022,馬単,07-02,0.013174968248539531,203.35366645382425,2.679178098753233,0.0
202303010112,2023,馬連,03-06,0.008431496221785607,274.34699301101847,2.3131556350306446,0.0
202408030106,2024,馬単,03-10,0.009218787538724774,304.24308814564347,2.804752389740201,0.0
202505040506,2025,馬連,11-14,0.0283695826305719,80.58317523755791,2.2861110485357545,0.0
202506040202,2025,馬連,12-14,0.022072603088605165,102.08596131027596,2.2533029049204245,0.0
202105050605,2021,馬単,05-07,0.0018930221186805771,1571.5235233898936,2.974928789803902,0.0
202104040209,2021,ワイド,01-02,0.006713296145020417,344.30398360347664,2.3114146058403926,0.0
202105040408,2021,馬単,12-08,0.11739610337520312,19.12028327602788,2.2446467520357363,0.0
202206020310,2022,馬単,14-09,0.03217627950929975,83.03357984747431,2.6717116738300923,0.0
202104020503,2021,馬単,11-08,0.054944665915603326,36.86015454369084,2.025268877000601,0.0
202104030407,2021,馬連,07-11,0.02982776266791367,72.61033852858357,2.1658039448674584,0.0
202203020508,2022,馬単,02-03,0.007622674259438526,532.787199798631,4.061263273663355,0.0
202206030205,2022,馬連,03-10,0.00275532011473909,1024.701519465048,2.823380708185756,0.0
202305020608,2023,馬単,02-08,0.006198421412020253,336.93685190664223,2.088476597356828,0.0
202306040409,2023,馬単,02-14,0.013204049174958434,152.71269507915375,2.0164259354655787,0.0
202503010603,2025,馬単,07-12,0.0295310054286719,69.15383611572929,2.0421823097470884,0.0
202508030504,2025,馬単,08-10,0.039545818092806134,64.87715796097214,2.5656202871028535,0.0
202106010811,2021,馬単,09-15,0.16259882463851938,20.49171784868016,3.331929237019563,0.0
202408030211,2024,馬単,03-17,0.03837916857345269,67.41799808024226,2.5874467132063277,0.0
202106030205,2021,馬単,01-05,0.018134810930386436,115.47466937970984,2.0941112964499218,0.0
202405040506,2024,馬連,06-11,0.004302240094549324,534.5336868596308,2.299692259494777,0.0
202405050301,2024,馬単,12-07,0.01709795722862198,332.6420492579664,5.687499530653875,0.0
202505030203,2025,馬単,04-10,0.01768590114433703,123.26019064435712,2.179967546768236,0.0
202407020404,2024,馬連,01-13,0.03971243652858851,64.28474774315633,2.5529039645064193,0.0
202309020109,2023,馬単,02-01,0.002574146261466027,1032.9103418877837,2.6588622950000342,0.0
202310030109,2023,馬連,10-13,0.0029731636131569887,1626.2373990522283,4.835069861217147,0.0
202408040611,2024,馬連,10-13,0.02574980982236262,83.45811853873239,2.149030680504555,0.0
202305020504,2023,馬単,18-05,0.0012463975720468825,1732.2537328192122,2.159076846755015,0.0
202403030406,2024,馬連,06-13,0.041273017856775486,82.50887539230523,3.405390287409077,0.0
202301010204,2023,馬連,01-07,0.06012261478792895,36.97531003621567,2.223052321971638,0.0
202406040402,2024,馬単,08-01,0.02810376372314453,85.19924728676662,2.3944195151370518,0.0
202206010305,2022,馬単,04-14,0.010698033294856017,192.24182071116033,2.056609398631734,0.0
202201010604,2022,馬連,08-13,0.01048125111579943,325.5492717239736,3.4121636675045903,0.0
202206050404,2022,馬単,03-13,0.057579362984034675,40.472504794597256,2.330381044441199,0.0
202403030604,2024,馬単,02-08,0.019144818061830368,119.52322014028776,2.2882503037499085,0.0
202506010704,2025,馬単,03-09,0.05230627661704969,47.07579494258152,2.4623595522341777,0.0
202503030204,2025,馬単,06-05,0.06392149122164023,32.78706697019994,2.095798213518966,0.0
202504020605,2025,馬連,08-15,0.02199334610467551,94.14976449164374,2.0706683561384094,0.0
202105010811,2021,ワイド,10-15,0.007117209854408072,512.6613348469281,3.648718304346553,0.0
202205010811,2022,ワイド,06-12,0.10158869714186057,31.669334408847124,3.2172464219446746,0.0
202505050312,2025,馬単,08-05,0.05083442856570996,60.61659315828111,3.081409874801344,0.0
202203020709,2022,馬単,03-02,0.07032283624149378,32.498079212685106,2.285357102636748,0.0
202205050512,2022,馬連,01-03,0.0033126439580397895,649.7493264053836,2.152388180357217,0.0
202109010210,2021,馬単,04-06,0.009057046099311069,375.05446941917455,3.3968856192821173,0.0
202105050509,2021,馬連,03-10,0.0075092809114531405,393.48655766657976,2.954801096399053,0.0
202505040210,2025,馬単,02-05,0.07864400968642399,26.245146782971617,2.064023577821639,0.0
202503030201,2025,馬単,03-01,0.00587215529497857,409.48527291855095,2.4045611135844136,0.0
202107050810,2021,馬単,01-07,0.04383026523107968,85.29946766921127,3.738698292011436,0.0
202310020411,2023,馬単,02-03,0.010707911068466868,230.02981552861243,2.463138807776221,0.0
202507030106,2025,馬連,12-15,0.028172685919384162,76.8784154134231,2.165871451422311,0.0
202509020205,2025,馬連,11-13,0.0012815923114715966,1837.2746523312794,2.3546370684894184,0.0
202409020303,2024,馬連,07-18,0.0014373771744315364,2295.116001470185,3.29894735318582,0.0
202405020406,2024,馬単,04-10,0.006393903093068169,339.8156625875259,2.172748416091391,0.0
202505020512,2025,馬連,01-05,0.002058514218153649,1561.1688397093842,3.213688253480202,0.0
202204010408,2022,馬連,01-09,0.14501192099473265,13.809643179023103,2.0025628856419466,0.0
202206030407,2022,馬連,01-08,0.007460537251070725,395.95378492848505,2.9540279621614087,0.0
202305020607,2023,馬単,05-07,0.015037420693495484,236.00125389080017,3.5488501389484,0.0
202404010505,2024,馬連,11-12,0.007650025427445256,315.59444268609707,2.414305511309057,0.0
202109010111,2021,馬単,04-07,0.2701354926355252,7.6181310320122595,2.057927579294614,0.0
202105040511,2021,馬連,05-10,0.06782805029694465,36.74302897068497,2.4922080170857144,0.0
202205050711,2022,馬連,08-11,0.002728631863896622,949.4373397799487,2.590664978096812,0.0
202304010707,2023,馬連,10-13,0.0037165952253745234,697.4918193320336,2.592294765467226,0.0
202504020207,2025,馬連,01-05,0.0008782934952877583,3408.3721582024777,2.9935510960691345,0.0
202302020202,2023,馬単,11-12,0.018764068744287273,210.840067235096,3.956217515649492,0.0
202107020106,2021,馬単,09-11,0.01920468691086396,125.08927030815299,2.402300272176509,0.0
202107050508,2021,馬単,08-12,0.03759417649417553,58.673928853449716,2.2057980369232864,0.0
202304020403,2023,馬単,01-05,0.02567203698972181,110.94692083023784,2.848233455449603,0.0
202504040401,2025,馬単,02-03,0.03850755440600955,60.23006147772785,2.3193123692309054,0.0
202105040602,2021,馬連,08-13,0.03441758038523637,75.4772693290842,2.5977449843918907,5060.0
202506050105,2025,馬連,10-18,0.003566986336706331,700.0497703495294,2.497067965851176,0.0
202505030303,2025,馬連,02-16,0.012700707808089308,176.39834474987876,2.2403838344988145,0.0
202501010203,2025,馬単,13-14,0.011105558330074898,253.11720693419338,2.811007905953323,0.0
202401020402,2024,馬連,11-12,0.0032909485471451913,805.9972795112985,2.6524955760106845,0.0
202204030107,2022,馬単,08-07,0.05292601422054487,39.275859747511596,2.0787147115209246,0.0
202204030504,2022,馬単,10-06,0.006364872053395471,416.14622280281645,2.6487174636437314,0.0
202508040111,2025,馬単,04-11,0.04564430396231235,47.20520244724174,2.154648609104393,0.0
202306030610,2023,馬連,02-06,0.013896838437508191,149.52113143332508,2.0778710065223462,0.0
202207040110,2022,馬単,09-06,0.013951921768956729,167.6025263332989,2.338377335681696,0.0
202110020108,2021,馬連,05-07,0.002094333686917035,1342.636423383224,2.8119286907732883,0.0
202109030404,2021,馬単,10-13,0.03811939951182288,54.50488707263589,2.0776935656685978,0.0
202506030206,2025,馬単,03-13,0.03649775698239986,106.34267940823709,3.881269269899095,0.0
202506010703,2025,馬単,02-08,0.014848371410287746,137.28689427760054,2.03848679599872,0.0
202505040507,2025,馬単,10-03,0.004342758623239134,846.9797983612235,3.6782288230425464,0.0
202401020702,2024,馬連,08-14,0.04962169536363219,101.13233723103873,5.018358029490722,0.0
202510020706,2025,馬単,10-09,0.009889235295718033,397.1883222880515,3.9278887758180283,0.0
202501010802,2025,馬単,03-01,0.04585415935769777,43.73160827902947,2.0052761349950328,0.0
202506050705,2025,馬単,10-13,0.0301536553140826,67.45323118986974,2.033961483120458,0.0
202510010302,2025,馬連,01-04,0.0027510258923717154,840.4064533497475,2.3119799132814376,0.0
202505020105,2025,馬連,04-10,6.908923826588683e-05,38836.060133808256,2.6831538118929874,0.0
202404010503,2024,馬単,13-14,0.011206280195098037,182.1154657016897,2.040836936513901,0.0
202408010311,2024,馬単,05-17,0.06083949730052951,47.33414612524064,2.8797856554094476,0.0
202407020808,2024,馬単,11-05,0.015478728474412935,139.00599885351278,2.15163611256808,0.0
202209030409,2022,馬単,04-13,0.01083343300760685,220.6311911053376,2.3901932282281795,0.0
202210040809,2022,馬連,11-12,0.057798231363598726,41.8096832829899,2.4165257476290365,0.0
202308020110,2023,馬連,14-15,0.005414022726876393,806.6847324556074,4.367409474938862,0.0
202110020604,2021,馬単,09-02,0.07740492731189332,44.26761804090881,3.4265317567272033,0.0
202103010401,2021,馬単,06-09,0.0023691790902005093,874.65224378113,2.0722078071632115,0.0
202206010208,2022,馬連,08-09,0.01305171998843847,165.95221595647678,2.1659618541248054,0.0
202206030104,2022,馬連,01-05,0.0011343208239590406,2757.86015619754,3.128298204741802,0.0
202107020302,2021,馬単,16-15,0.013967780029045255,150.2672270483966,2.098899572986603,0.0
202106020410,2021,馬連,06-13,0.014997176761791998,184.04162183190365,2.7601047341399365,0.0
202101010611,2021,馬単,09-07,0.059692983136258114,56.49217359578665,3.3721863657838584,0.0
202102010311,2021,馬単,14-07,0.05291838136085684,67.107438968699,3.551217047496039,0.0
202207020411,2022,馬連,01-04,0.022727056533460264,92.78841820401891,2.1088076261730913,0.0
202403010111,2024,馬連,02-15,0.004690303599240286,878.4923824076366,4.120395983111711,0.0
202408010111,2024,馬単,15-02,0.020367343074075252,129.67097964971052,2.6410533292770846,0.0
202405030411,2024,馬連,01-18,0.007355696893295821,279.66885947292116,2.0571593607765517,0.0
202405040511,2024,馬連,01-10,0.002216872964510186,921.6363255850966,2.043150653300108,0.0
202506020211,2025,馬単,01-09,0.09567989727212638,24.926105451761256,2.384927209018706,0.0
202102010309,2021,馬単,04-02,0.025403879220856615,79.09342056066163,2.0092797030874654,0.0
202101020209,2021,馬連,02-03,0.003626692202811613,652.9365100095731,2.3679997497827454,0.0
202303030303,2023,馬単,11-14,0.0032526871235661037,673.3247088844713,2.190114610567415,0.0
202507010305,2025,馬単,09-15,0.0011308257004458062,2293.240875353534,2.593255719162614,0.0
202508010106,2025,馬単,04-09,0.02167738270474783,107.47265883312545,2.329725955822458,0.0
202507020603,2025,馬単,01-08,0.08632091437890475,33.36172259717053,2.879814399843129,0.0
202501010403,2025,馬連,01-02,0.053696898895275125,43.47813046146915,2.3346407755450906,0.0
202205030406,2022,馬単,01-11,0.023947286561290665,111.18140944953825,2.6624930723762823,0.0
202201020106,2022,馬単,03-15,0.01898215831879307,177.36864197515357,3.366839642761691,0.0
202201020704,2022,馬単,06-14,0.004641708144350204,585.5472514612433,2.7179394460095296,0.0
202105030401,2021,馬単,14-02,0.015711810925785386,147.20601435340112,2.312873064659088,0.0
202201020202,2022,馬連,06-09,0.06560571835901544,32.871314040673276,2.1565461710431606,0.0
202110010501,2021,ワイド,05-07,0.028563678465744185,79.79966300729828,2.279371915815209,0.0
202106030803,2021,馬単,10-16,0.05822155558755591,34.8813041687611,2.03084378962797,0.0
202203010608,2022,馬単,08-09,0.021876074246780834,112.34950199998319,2.457766047340484,0.0
202209020310,2022,馬単,11-08,0.011568087331307873,222.14557545659574,2.5697994171455423,0.0
202102010107,2021,馬連,09-14,0.02667662462962428,85.37758636346508,2.2775858232014867,0.0
202204010307,2022,馬連,13-16,0.0236616874452278,131.87151125715286,3.1203024822965904,0.0
202308010706,2023,馬連,08-15,0.00044477810488568965,4609.453076150805,2.0501838037698676,0.0
202303030304,2023,馬単,15-05,0.13108831739468407,20.443651092012658,2.679923823055935,1860.0
202101020311,2021,馬連,04-07,0.03142990303726055,141.99384937533452,4.462852917754144,17700.0
202210020310,2022,馬単,06-03,0.025872651444988872,106.43496669252241,2.7537547947946326,0.0
202207030409,2022,馬連,02-05,0.01745967803329551,280.9535891574756,4.905359208988309,0.0
202201020311,2022,馬連,03-09,0.0035362296229871915,774.3305079917445,2.738210480343127,0.0
202310010410,2023,馬連,08-12,0.04665389631856135,52.72864766441186,2.459996861153423,0.0
202410020802,2024,馬単,12-13,0.01563809272345942,149.68870556087296,2.3408458572155473,0.0
202401020302,2024,馬単,01-06,0.014352971215674066,203.49538308703086,2.920763375970721,0.0
202509030401,2025,馬単,01-02,0.03153271588794259,89.97065812897742,2.8370192010322572,0.0
202410030603,2024,馬連,02-14,0.011238579802738818,183.45205519229015,2.061740562254999,0.0
202106010609,2021,馬単,12-09,0.04191929091182692,65.72548637464752,2.7551657836601655,0.0
202106030611,2021,馬単,11-10,0.21120891513657553,11.717198875745986,2.474776862985812,0.0
202206030611,2022,馬単,06-02,0.00881871298497949,594.1519895590525,5.2396558653758145,0.0
202204040611,2022,馬単,17-01,0.015084425310236446,184.1676155529617,2.778062641372991,0.0
202304010603,2023,馬連,11-15,0.022913389449103413,121.35255619540723,2.780598380749573,0.0
202404010204,2024,馬連,05-08,0.08483101263200803,27.06674887204343,2.2960997154717053,0.0
202403020801,2024,馬単,14-09,0.04712694515288582,44.347006968909355,2.0899389651184364,0.0
202405030303,2024,馬単,12-02,0.007864957178788356,261.2632588475035,2.054824343226313,0.0
202104030505,2021,馬連,11-13,0.017237699675633697,120.58967345381936,2.0786885749796755,0.0
202210040803,2022,馬連,05-11,0.05468422927850497,48.332728418187735,2.643038002475891,0.0
202107020203,2021,馬単,07-02,0.006345933389085618,506.09333394947737,3.211634585903646,0.0
202504020402,2025,馬単,04-06,0.006420614704807455,472.67241957772814,3.0348474876976805,0.0
202510010601,2025,馬単,05-03,0.009355512414433137,239.27936421858675,2.2385810624646565,0.0
202105050309,2021,馬単,03-01,0.03284992832108322,69.55720225533972,2.284949108302998,6640.0
202205050408,2022,馬連,03-12,0.001726609908334936,1361.3350902963878,2.350494655469778,0.0
202206050310,2022,馬連,08-11,0.033673219974337226,75.11470373706862,2.529353942245482,0.0
202307020111,2023,馬連,01-16,0.0005807730588247607,3941.0831605940407,2.288874922260957,0.0
202304030411,2023,馬連,10-13,0.008654699900461573,395.58673566036066,3.423684481743642,0.0
202408030111,2024,馬連,06-13,0.0021789799680890782,1156.001325835193,2.518903732079301,0.0
202307030302,2023,馬単,05-04,0.0352147370251582,61.701352764552425,2.1727969117002313,0.0
202207010604,2022,馬単,08-04,0.0072616153478881435,322.11051703403683,2.339042674210547,0.0
202207040402,2022,馬単,03-01,0.16219337125485495,14.893247293359158,2.4155859874421655,0.0
202401020503,2024,馬単,01-09,0.02554082800746163,94.44768375502997,2.412272046490348,0.0
202104040810,2021,馬連,01-06,0.009149236190563317,250.10007141771231,2.2882246246774036,0.0
202504010410,2025,馬単,09-05,0.02663819746040816,77.81894331238604,2.072956378115648,0.0
202106010510,2021,馬連,15-16,0.038314810286748276,53.649342511767166,2.055564380347138,0.0
202106030310,2021,馬連,07-08,0.004000294511012686,1202.243711369175,4.80932891948963,0.0
202505020503,2025,馬連,03-09,0.0025653234625836845,1620.4818392128568,4.157060082823503,0.0
202209010603,2022,馬単,05-08,0.003814241707614298,537.1596715188753,2.04885682275569,0.0
202201020803,2022,馬単,04-08,0.0059129833801887,445.3172279716378,2.633153367907997,0.0
202505010702,2025,馬連,01-03,0.0031719050751681573,655.0270905562924,2.077683752908136,0.0
202406020705,2024,馬単,05-03,0.030117437988200234,82.50623639992341,2.4848764584144822,0.0
202106030412,2021,馬単,13-07,0.0545769724464718,58.91605293515414,3.2154597976967816,0.0
202105030302,2021,馬単,07-14,0.006955653243203633,348.6605976997568,2.4251622171676304,0.0
202306050510,2023,馬連,06-16,0.010756321995168964,198.16333840480237,2.1315086755196866,0.0
202305020701,2023,馬単,02-03,0.003279662529864993,1488.6923882460944,4.8824086442259444,0.0
202305030201,2023,馬単,16-02,0.02961170740701324,67.98517907219582,2.0131572306992624,0.0
202110020607,2021,馬連,03-09,0.03754737035332595,64.56032540797187,2.424070448224359,0.0
202206050103,2022,馬単,02-05,0.020233215503762458,216.41824061688862,4.378836901346625,0.0
202110020110,2021,馬連,09-10,0.2626094619242545,8.958794073363933,2.3526640910963024,0.0
202110020612,2021,馬単,08-03,0.2742644163704062,9.005622113695232,2.469921693065047,910.0
202105010804,2021,ワイド,06-08,0.2255970312138401,8.923525267032145,2.0131208082041416,0.0
202408040705,2024,馬単,09-03,0.019742129866063347,142.00014462595533,2.8033852962053873,0.0
202410030801,2024,馬単,07-08,0.023784044228875843,90.73879577028964,2.158135531875501,0.0
202408050302,2024,馬単,02-09,0.03181905961569198,63.86238678650203,2.032041092360088,0.0
202506030601,2025,馬連,02-07,0.0006939372511617289,3368.558970302336,2.337568552227787,0.0
202504020104,2025,馬単,03-06,0.014707178738735753,334.5708372243524,4.920593103827016,0.0
202501020606,2025,馬単,04-02,0.017326984659133154,184.33979988892884,3.1940528847431455,0.0
202105010706,2021,馬連,07-12,0.02785031882363434,98.29413680941916,2.7375230486362554,0.0
202509020611,2025,馬単,07-16,0.005619837274026016,469.6151147727087,2.639160526445674,0.0
202508010207,2025,馬単,03-06,0.010345617079593387,223.74743941743253,2.3148053307522765,0.0
202104040111,2021,ワイド,03-14,0.014193355006604227,201.1077703601271,2.854393979307923,0.0
202104050811,2021,ワイド,03-09,0.007453983039001975,369.5806291366793,2.754847741128487,0.0
202203030302,2022,馬連,06-10,0.011183311709460637,185.01412449448156,2.069070624874744,0.0
202309040506,2023,馬連,02-12,0.0038285514826003624,533.0690690120894,2.0408823744946294,0.0
202303030403,2023,馬連,10-11,0.0009059693043501015,2298.9170669616615,2.082748295913832,0.0
202403010312,2024,馬単,12-14,0.004576756926876617,614.9531396741901,2.814491041708373,0.0
202407030706,2024,馬連,05-07,0.14309533323154072,19.362834386139554,2.770731238791775,0.0
202404040302,2024,馬単,03-08,0.11284839118784588,18.27309014813179,2.062088825247149,0.0
202403030101,2024,馬単,06-03,0.0009802345124669994,3050.1215506667386,2.9898344111828985,0.0
202508020601,2025,馬単,11-07,0.03298201390900114,65.49640304618944,2.160203276258965,0.0
202104010705,2021,馬連,10-12,0.15135266972176042,21.34674752803407,3.230887228244346,0.0
202102010707,2021,馬単,02-12,0.08954226986959729,23.82914754919202,2.1337159606122045,2470.0
202204010712,2022,馬単,11-03,0.028138634637514856,121.81793190304204,3.4277902781173646,0.0
202309040808,2023,馬連,13-17,0.015728445564723862,135.51226130885226,2.1313972253489184,0.0
202107030412,2021,馬単,01-05,0.07938693982752837,36.41189205109162,2.890628683266469,0.0
202209020207,2022,馬連,06-11,0.011400841962903986,189.18077396783124,2.156820106427104,0.0
202209020706,2022,馬連,03-13,0.0006840936575543622,10778.731574714038,7.373661906742816,0.0
202307020208,2023,馬単,02-11,0.016192417875808107,134.2702596021891,2.174160151771882,0.0
202407010111,2024,馬連,01-04,0.128908398596581,18.30587867395722,2.359781504763129,0.0
202109010301,2021,馬単,05-15,0.007178402633991911,313.8202243236645,2.2527279248849252,0.0
202205010104,2022,馬連,01-16,0.1403499073474539,15.25039134908378,2.1403910128563206,0.0
202209010106,2022,ワイド,05-16,0.03145056446359446,73.02453872566902,2.2966629626159034,0.0
202309050110,2023,馬単,15-02,0.03466218036577141,72.91787471334393,2.5274925252026494,0.0
202410030311,2024,馬単,05-12,0.04852994676294726,44.857992449438605,2.1769559854639455,0.0
202505030310,2025,馬連,02-03,0.10139310558347484,37.82613809427788,3.8353096136082168,0.0
202107040212,2021,馬単,02-08,0.013930431845220716,161.09072524457832,2.2440633689167746,0.0
202109050107,2021,馬単,13-06,0.03612777255707011,67.96503140971154,2.4554251966041845,0.0
202209020407,2022,馬連,15-16,0.008517818924748923,340.59630148852466,2.901137622518445,0.0
202209030410,2022,ワイド,01-14,0.041644250205103574,63.98819319850906,2.664740327731218,0.0
202310030410,2023,馬単,04-11,0.011512043625156941,245.8801923189616,2.830583500537865,0.0
202506020511,2025,馬単,08-09,0.05036033806530249,57.3546602547103,2.888400080047779,0.0
202401020404,2024,馬連,05-11,0.015433142541048467,141.60800637900687,2.1854565474009133,0.0
202504020612,2025,馬単,06-02,0.03258182832858234,78.06297883016698,2.5434345750622582,0.0
202305040401,2023,馬連,01-04,0.01314000694859997,171.63388839490008,2.255270486124219,7050.0
202406020603,2024,馬連,08-10,0.0014881842713782853,2152.695501379402,3.2036075862196176,0.0
202306020505,2023,馬単,08-12,0.0879457026409767,33.15286643589643,2.9156521332673644,0.0
202503030512,2025,馬単,14-06,0.0026149344640908965,1003.3206904127784,2.623617851895847,0.0
202405050604,2024,馬単,10-13,0.01684248317168311,187.93965498211637,3.1653704763282247,0.0
202210020111,2022,馬単,12-10,0.011063049835289357,220.14300847279887,2.435453073625101,0.0
202106010211,2021,ワイド,02-13,0.006761370833885057,400.0810928014603,2.7050966320566543,0.0
202102010811,2021,馬単,09-08,0.04294061572376848,54.868019476470195,2.356066539863351,0.0
202106040710,2021,馬単,09-08,0.011143729761963112,239.69443154968022,2.6710899706370013,0.0
202206010510,2022,馬単,03-08,0.01651105105779123,188.0552652043968,3.1049900854762655,0.0
202107010504,2021,馬連,01-07,0.052183205540538395,41.2158362980496,2.1507744570663054,0.0
202109050509,2021,馬単,02-04,0.008621660565755519,313.5042656957595,2.7029273647452703,0.0
202209040110,2022,馬連,04-16,0.008379961454868474,327.8591564416756,2.747447093606935,0.0
202304030610,2023,馬連,02-17,0.0019443285006648919,1603.840612019626,3.118393012473582,0.0
202304040211,2023,馬単,13-02,0.026284808708202722,86.9919788667808,2.286567523661347,5740.0
202404030511,2024,馬連,08-11,0.009532320753256853,375.249707331724,3.5770005728517527,0.0
202107020304,2021,馬連,01-09,0.16774504231138135,15.840022897193409,2.6570853111029575,0.0
202109020303,2021,馬連,06-11,0.016371174179343796,161.6105241681363,2.6457540403716093,0.0
202107030803,2021,馬連,06-12,0.0014492937314794772,3137.1196662933085,4.5466078672598815,0.0
202109030401,2021,馬連,03-10,0.0001558139460829486,15711.105251267862,2.448009306524581,0.0
202505030612,2025,馬単,13-06,0.15647273077597185,15.574537677069552,2.436990440904334,0.0
202308010306,2023,馬単,07-08,0.020849891019811533,106.72018615823605,2.225104251013221,0.0
202407030710,2024,馬単,12-11,0.059680027091452204,34.50344681688873,2.0591666407803997,0.0
202505040701,2025,馬単,07-08,0.07188531969327275,31.49900321173116,2.2643159158947195,0.0
202206050407,2022,馬連,06-09,0.010205148235216432,272.863352568564,2.78461096092032,0.0
202306020107,2023,馬連,01-11,0.003889311948629647,547.8034563876878,2.130578528429254,0.0
202306030406,2023,馬連,13-15,0.004173034623073816,1074.939381655883,4.485759257355558,0.0
202410010810,2024,馬連,04-08,0.01125256709079293,203.90976405826174,2.294508300533347,0.0
202409020312,2024,馬単,01-13,0.08571710771453087,31.006069138225907,2.6577505681255014,0.0
202401010510,2024,馬連,01-09,0.009530202144464286,273.6128579669361,2.607585845749496,0.0
202504010505,2025,馬連,13-16,0.03193102177857614,85.05958696666058,2.7160395239091297,0.0
202406030811,2024,馬単,08-03,0.009423045131460387,254.30575612745673,2.3963346171791837,0.0
202410010111,2024,馬単,12-07,0.11195831531604723,22.722870260435133,2.544014273503429,0.0
202304040105,2023,馬単,08-03,0.10110285614759262,27.666066618505223,2.797118353500448,0.0
202502010512,2025,馬連,12-13,0.004159981142612429,826.6317469794776,3.4387724793193954,0.0
202504020106,2025,馬単,08-11,0.017478009800696238,119.70942859096873,2.0922825661486977,0.0
202107030201,2021,馬単,13-05,0.050509888788870895,69.32570506528545,3.5016336530576315,0.0
202104010403,2021,馬連,11-13,0.006552994495088591,375.8615886961111,2.463018921640868,0.0
202105010803,2021,馬単,14-06,0.00973996146638544,217.66352555646105,2.1200343515575333,0.0
202204010704,2022,馬単,10-01,0.008362065763369592,271.68486301238323,2.271846691421607,0.0
202309020104,2023,馬連,12-13,0.006724308022413544,315.84169373361334,2.1238168349856177,0.0
202309030201,2023,馬連,09-10,0.013028900467896763,272.3874569058417,3.54890906472973,0.0
202107040202,2021,馬単,15-10,0.022019863082818635,123.46444112312784,2.718670089127998,0.0
202104030504,2021,馬連,14-16,0.06069618491752317,35.912976349042516,2.1797806534201207,0.0
202404040812,2024,馬連,04-06,0.09957934626060691,27.09259230821007,2.6978626305567057,0.0
202403030603,2024,馬連,05-10,0.03477134300341769,65.23479196728118,2.2683013272509314,0.0
202510010712,2025,馬連,07-09,0.004265766046109525,913.7751878390612,3.8979511700612206,0.0
202109010606,2021,馬単,16-15,0.013436336045677512,201.88166193242085,2.712549851183868,0.0
202207020605,2022,馬単,04-13,0.08288492945345174,26.366511971376106,2.1853864846810995,0.0
202203020707,2022,馬単,02-06,0.05368514151652787,39.59078106438987,2.125436684191642,0.0
202503010310,2025,馬連,02-04,0.02394995956126349,103.41616446766011,2.476812956981434,0.0
202504010310,2025,馬単,05-04,0.0028327027536793094,1263.829665257594,3.580053772956786,0.0
202110030107,2021,馬連,02-09,0.010399388996658798,208.38479888097532,2.1670745845537716,0.0
202101020804,2021,馬連,01-11,0.000892229622887746,3290.3722033315803,2.935767550138858,0.0
202509030202,2025,馬単,03-13,0.04622388608325326,78.0584104593004,3.6081630729105263,0.0
202507030111,2025,馬連,01-05,0.02950825276439816,76.52478514938413,2.2581127029292896,0.0
202508030508,2025,馬単,03-12,0.07963089557109232,54.92400157301585,4.373647433607336,0.0
202408020808,2024,馬連,04-12,0.000224763067801876,13378.915921793334,3.0070861864456333,0.0
202409010612,2024,馬単,10-08,0.037160088031655054,60.96182335760092,2.2653467225386557,0.0
202508010309,2025,馬連,01-02,0.007281807674943424,307.9933927725208,2.242748651322806,0.0
202508020412,2025,馬連,02-10,0.0006127389982424141,6390.659205999685,3.9158061199929084,0.0
202504020705,2025,馬連,08-09,0.000532507675358402,5976.028135975828,3.1822808505648927,0.0
202506040802,2025,馬単,13-09,0.02299878375160063,130.24633866867302,2.99550737747855,0.0
202507030802,2025,馬連,11-13,0.0009335571482941257,3653.136803550534,3.410411976650954,0.0
202206020201,2022,馬単,08-16,0.0027605368428379475,827.0000017834138,2.2829639739501624,0.0
202110010102,2021,馬連,03-12,0.003798712212205984,600.3673006334145,2.280622596725293,0.0
202110010602,2021,ワイド,02-16,0.011531257925025492,226.29995615120802,2.6095231628015387,0.0
202207050309,2022,馬連,07-11,0.09737103120074946,29.007530733617624,2.8244931801197803,0.0
202209050111,2022,馬単,05-01,0.015430588327779009,373.37984536215055,5.7614706836731315,0.0
202409010809,2024,馬単,05-06,0.04286529882681671,56.54677934279108,2.423894594222806,0.0
202502010703,2025,馬連,11-13,0.00640189847916915,340.78134253444216,2.1816475585004667,0.0
202105040103,2021,馬単,03-10,0.11795092620507946,19.215610838686036,2.266499096019382,0.0
202103020102,2021,馬単,01-14,0.07099443019615798,28.41415305269411,2.017246605482441,0.0
202109050602,2021,馬連,03-13,0.0027158163758800157,1412.110314269701,3.8350323160427293,0.0
202405050703,2024,馬単,14-10,0.04241119670966109,48.807047338311605,2.0699652854828745,0.0
202509010605,2025,馬連,02-13,0.03414931615430996,61.323488223674666,2.0941551870353696,0.0
202110010401,2021,馬単,07-05,0.03452116134987425,147.17049182302728,5.080496294163074,0.0
202109020204,2021,馬単,02-12,0.06539058803217873,41.19226081238897,2.693586156896987,0.0
202305010705,2023,馬単,16-18,0.07004002648335528,39.96888193138558,2.7994215489843466,0.0
202305030303,2023,馬連,05-07,0.011402395984490787,177.35200228966247,2.022237758749048,0.0
202405040504,2024,馬連,06-14,0.0013093424555820673,2131.601851408903,2.790996802447014,0.0
202405050304,2024,馬連,02-05,0.0903810326713467,22.72960617212744,2.0543252780498937,0.0
202506010303,2025,馬単,15-06,0.0039009651822602322,936.3168231181169,3.6525393265482866,0.0
202506040408,2025,馬単,16-07,0.003840510211983678,567.100877831471,2.177956712536673,0.0
202504020310,2025,ワイド,07-13,0.0022799148299281545,921.0545314377574,2.0999258853974707,0.0
202505040312,2025,馬単,08-07,0.025029223231963042,132.9565116954213,3.327798211367805,0.0
202103010408,2021,馬単,01-13,0.12253728315163646,18.03718034308616,2.21022707495788,0.0
202204020109,2022,馬単,14-11,0.08198338457760576,24.885040152794105,2.0401598170756805,0.0
202306050312,2023,馬単,06-16,0.09213697135198479,29.414126113447868,2.710128495058414,0.0
202508040612,2025,馬単,03-01,0.02998029859184146,76.70543538606614,2.2996518564914648,0.0
202107020307,2021,馬単,06-12,0.05514523722616967,58.53612933312908,3.2279887383771526,0.0
202101020806,2021,馬連,08-14,0.04136190599140872,54.498766756355295,2.254172867224079,0.0
202403010204,2024,馬単,10-13,0.006930999025263673,399.7806977719324,2.7708796265764946,0.0
202404010604,2024,馬単,04-11,0.030797914254891718,85.862990115811,2.6444010072553623,0.0
202410020106,2024,馬連,01-10,0.014262342449370172,148.68298769708562,2.1205676869313272,0.0
202410010605,2024,馬連,04-11,0.0030637050885820435,652.906231416899,2.0003121435588787,0.0
202107010709,2021,馬単,08-06,0.15420607043142975,17.01781673891812,2.624250646630772,0.0
202410020606,2024,馬連,02-09,0.20182615895744055,11.201221403579096,2.26069949151624,0.0
202109030111,2021,ワイド,02-07,0.03522967916282791,64.85903116473362,2.284962858745422,0.0
202204010611,2022,馬連,01-06,0.03427592788770786,80.13015839241424,2.7465355306889996,0.0
202104030208,2021,馬連,09-11,0.009832243257673182,317.6308331359508,3.123023617530068,0.0
202104040508,2021,馬単,15-11,0.008466481984709277,286.3862940423407,2.4246843991771314,0.0
202406050709,2024,馬連,08-18,0.057939249996758445,49.89952303172477,2.8911409396541075,0.0
202105030305,2021,馬単,02-17,0.009612904238976702,283.5925796674498,2.726148311227566,0.0
202104030402,2021,馬単,11-18,0.22804895886627444,10.019694936386152,2.284980998400544,0.0
202109020108,2021,馬単,08-06,0.02568163015396317,115.09949497421323,2.955942660835687,0.0
202407030707,2024,馬連,03-09,0.005835241755456069,651.8905953802848,3.803939222152155,0.0
202505010408,2025,馬連,05-10,0.003318500963862775,643.6569829167513,2.135976318206245,0.0
202309030607,2023,馬単,03-06,0.21439523494797513,15.652861433125667,3.355898904563076,2090.0
202307040106,2023,馬単,10-01,0.09558917678344775,26.182032991848743,2.502718980207891,0.0
202110010708,2021,馬単,03-04,0.16776665738846339,15.182903890366317,2.547185035137054,0.0
202110020309,2021,馬単,08-06,0.03936326391529717,66.83324509625126,2.6307746650394788,0.0
202105050807,2021,馬単,14-16,0.010937118624355069,188.12912675634752,2.057590576030504,0.0
202205010308,2022,馬連,10-15,0.06366725111990909,36.424442413512395,2.319044122043761,0.0
202508020504,2025,馬単,02-05,0.05382790239716604,43.47938258880787,2.3404039622793906,0.0
202510020607,2025,馬連,04-10,0.016342975325890748,168.2592137017591,2.7498561778816275,0.0
202110020710,2021,馬単,13-14,0.022555039134995517,129.59275434389681,2.922969645838453,0.0
202104010810,2021,馬単,08-05,0.007288140856409391,425.54498443182814,3.1014317872777046,0.0
202107050512,2021,馬単,07-02,0.02137609402701761,130.2972462696968,2.7852461877225085,0.0
202407020310,2024,馬連,04-10,0.013627988109029592,153.47675514376635,2.0915793941116942,0.0
202107010601,2021,馬単,12-11,0.010359899762557415,242.2556816707152,2.5097445790186272,0.0
202102010608,2021,馬単,02-01,0.018203291333655364,156.26101022606983,2.844464693236449,0.0
202509050203,2025,馬連,04-07,0.0006150014499156837,6980.728023370767,4.293157855840066,0.0
202506050702,2025,馬連,02-16,0.004225121634235212,1570.0806191730524,6.633781591561481,0.0
202303030602,2023,馬連,10-14,0.00199055993100286,1065.2398814920311,2.1204238250042726,0.0
202505020806,2025,馬単,09-13,0.019986174322501295,133.82231775664323,2.6745961709254322,0.0
202505050208,2025,馬単,10-07,0.004973526669076855,410.52255672005384,2.0417448841048036,0.0
202107050511,2021,馬単,08-15,0.012340580745514975,235.12199465465946,2.9015419600823655,0.0
202109050811,2021,馬単,14-07,0.020936642894461437,219.4731332371676,4.5950306155151335,0.0
202107030806,2021,馬単,11-10,0.03478353289001796,124.6971576642493,4.337407684906171,0.0
202205050212,2022,馬単,04-07,0.022616968392286593,208.58080190879753,4.717465404009065,0.0
202203010401,2022,馬連,02-05,0.0712265180152279,28.250079911534694,2.012154825750554,0.0
202309020804,2023,馬連,03-10,0.016240814668380767,180.8544409953206,2.9372234581586065,19270.0
202306010411,2023,馬連,13-14,0.0003449847304154058,6080.885213901431,2.0978125462048123,0.0
202403030112,2024,馬単,15-11,0.005795878649862748,421.38922937798316,2.442320837833969,0.0
202503010507,2025,馬単,11-12,0.022895885599271082,91.65111222627223,2.098433380578684,0.0
202501020603,2025,馬単,08-12,0.009357603928809561,311.79557562159414,2.917659503422068,0.0
202408010402,2024,馬単,12-08,0.0024251361809798522,849.5712747499243,2.0603260367172163,0.0
202206050504,2022,馬連,08-12,0.08490560385560234,33.40498271225473,2.8362702289699446,0.0
202406050803,2024,馬連,10-15,0.016200748431414575,123.51257499565062,2.000996155620762,0.0
202504010707,2025,馬単,11-04,0.01217279586040095,166.99935402801407,2.0328490454018424,0.0
202505030404,2025,馬単,18-17,0.0861998683844512,23.212032528267773,2.000874148872282,0.0
202503020604,2025,馬単,12-10,0.06628223703143005,34.01278052303409,2.254443180725753,0.0
202504040207,2025,馬単,10-02,0.047411720117878475,45.92020185029238,2.177155757882548,0.0
202403030606,2024,馬単,14-16,0.007968446852715468,504.0576665127412,4.016556726310556,0.0
202510010702,2025,馬単,06-10,0.006248917306015653,503.26300576663317,3.144848906212569,0.0
202203020503,2022,馬単,01-14,0.06619844476417136,36.33306982558899,2.405192715962034,0.0
202106020607,2021,馬連,01-10,0.0025160355307922867,1606.6513321623293,4.04239183731518,0.0
202404010402,2024,馬連,06-07,0.002479839108853757,938.0842992073765,2.3262981325761216,0.0
202106030411,2021,馬連,05-10,0.011472305816447485,214.76798267195545,2.463883976794167,0.0
202105030311,2021,馬単,08-03,0.014295103063747424,177.44760103442954,2.536631745201904,0.0
202203010211,2022,馬連,11-16,0.007275755785889721,620.5219842287486,4.514766417024088,0.0
202203020411,2022,馬単,11-14,0.0069694397905050555,294.7789917532068,2.054444434529761,0.0
202405040611,2024,馬連,01-13,0.01794420156474858,185.8967218669384,3.335768247406348,0.0
202310030807,2023,馬連,05-17,0.009921201978431205,211.21804019281578,2.0955368382413257,0.0
202205020110,2022,馬連,02-17,0.0013031207758454149,2373.427133670617,3.0928622078414136,0.0
202203020602,2022,馬単,08-04,0.008741745521257916,253.21952382019487,2.2135806382502508,0.0
202506050112,2025,馬単,02-04,0.00877899442097991,243.29608701181078,2.13589499052293,0.0
202304020206,2023,馬単,09-01,0.002969116378173476,976.5043308271112,2.8993550020161063,0.0
202307040601,2023,馬連,01-16,0.08016066760815238,35.760643660938236,2.8665970699580514,0.0
202106030405,2021,馬単,08-02,0.0018575718183743153,2299.731147878323,4.271915770136388,0.0
202101010305,2021,馬連,03-12,0.009665149024706127,321.3606470712235,3.105998544619366,0.0
202107050301,2021,馬単,03-11,0.14676955842736664,13.79718024258201,2.025006051746549,0.0
202505010606,2025,馬連,04-13,0.0008330862111201095,3173.581323935871,2.6438668408392756,0.0
202309020511,2023,馬単,07-09,0.06566585969472141,34.35663482374503,2.2560579619188212,0.0
202305020811,2023,馬連,01-09,0.00019026424662249737,16424.450180961496,3.12498563986938,0.0
202305040411,2023,馬単,11-03,0.07321246811089119,30.012710879845596,2.197304638212093,0.0
202507010708,2025,馬単,06-15,0.018763131929844894,157.58667399845038,2.9568195546183826,0.0
202306010704,2023,馬単,07-04,0.06004277200430058,40.983307301752205,2.460751376301295,0.0
202209050802,2022,馬連,01-16,0.21338451252329277,10.405275038845035,2.220324541834734,0.0
202210030207,2022,馬単,08-01,0.15931121949457194,15.555044181279928,2.478093057811651,0.0
202206050408,2022,馬単,07-11,0.06382167213544784,46.459292716363535,2.9651097473885537,0.0
202310010808,2023,馬単,10-04,0.008489906353844471,279.1204702108452,2.3697066535311113,0.0
202310020307,2023,馬単,11-04,0.016217513368624686,165.31497384613002,2.6809977983834536,0.0
202301020406,2023,馬単,04-01,0.019052801773903973,117.24940242786299,2.2339296225667686,0.0
202303030104,2023,馬単,04-05,0.018489041726001097,130.86351408342324,2.4195409722995445,0.0
202301020407,2023,馬単,11-04,0.020770246939139,130.51328184103195,2.7107930926756794,0.0
202408050401,2024,馬連,07-10,0.013212911746952535,181.3240482285866,2.39581864684448,0.0
202510010401,2025,馬単,05-06,0.13649606266320638,22.24732291631724,3.0366719828742257,0.0
202506030609,2025,馬連,09-10,0.02869748007629557,80.94686094235527,2.3229709291319085,0.0
202504010808,2025,馬単,05-09,0.0032538426505868737,673.2586234189547,2.1906776237560015,0.0
202305020805,2023,馬連,10-12,0.005993101459197046,345.81806697475247,2.0725227618030906,0.0
202505050712,2025,馬単,03-05,0.16459112365467118,16.878579679103535,2.77806439507855,0.0
202106050109,2021,馬単,01-06,0.005445360729511913,388.4481142061401,2.1152401065510738,0.0
202206050201,2022,馬連,06-10,0.007207839767253737,286.8964468602165,2.067903618762867,0.0
202506030212,2025,馬単,03-08,0.03897806706530089,51.539772745685156,2.008920718611683,0.0
202104010409,2021,馬単,07-02,0.08732106603974683,24.53918740867186,2.1427880042743594,0.0
202509010502,2025,馬連,05-14,0.04943595950489271,40.75501123997982,2.01476308528109,0.0
202507010603,2025,馬単,05-08,0.0024647632339673447,885.0405481244346,2.1814154035874127,0.0
202105020211,2021,馬単,08-06,0.024717783812771454,127.95166670216295,3.162681636027852,0.0
202206040408,2022,馬連,03-11,0.00040396702291132234,5018.947074025459,2.027489107643557,0.0
202408010212,2024,馬連,01-10,0.004272385271599763,573.4442557020017,2.44997479214472,0.0
202209010205,2022,馬連,09-13,0.03869182357506716,62.419360247962196,2.415118874382714,0.0
202210030602,2022,馬連,03-12,0.007312749181205186,383.5678968248925,2.8049358234428277,0.0
202305020807,2023,馬連,01-08,0.00045392335882553207,6217.157861901839,2.8221131790230465,0.0
202304040107,2023,馬単,05-15,0.005489570161389225,483.7648676645106,2.6556611826595042,0.0
202404010108,2024,馬単,09-02,0.005983312457114579,351.0358685162734,2.1003572849874543,0.0
202501010312,2025,馬単,12-01,0.1844829241565168,11.38643311038721,2.1006024759168156,0.0
202106020510,2021,馬単,14-11,0.01837229493850713,136.35665068048718,2.5051846031288996,0.0
202104050604,2021,馬単,05-07,0.03614429094773219,112.08728190088301,4.051315328565992,0.0
202105050404,2021,馬単,13-01,0.036905222415146294,81.25163729386814,2.998609745924999,0.0
202204030408,2022,馬単,08-01,0.02129036618709984,180.17247804284736,3.835938034369426,0.0
202207050701,2022,馬単,01-02,0.028765571172685665,80.6207485676977,2.319101880919304,0.0
202209030205,2022,馬連,04-11,0.037881427480242945,61.60191639066487,2.3335685283969605,0.0
202205050401,2022,馬単,12-14,0.07829093892687251,28.647131327552177,2.242810809195484,0.0
202304010602,2023,馬連,03-10,0.004394341719079441,473.30490600137784,2.079863494286828,0.0
202503020103,2025,馬連,05-11,0.017068472543141054,130.14264567552485,2.221336174404431,0.0
202509040104,2025,馬単,16-01,0.02285175484168541,124.21711052272175,2.838578956807779,0.0
202508010701,2025,馬単,06-04,0.08738655155566577,29.153447443853135,2.5476192380776643,0.0
202408030501,2024,馬単,16-08,0.022899913332009122,96.48666864437567,2.209536349650485,0.0
202104010407,2021,馬単,05-10,0.015745255590753973,177.39904603534498,2.793193321382437,0.0
202106050409,2021,馬単,16-08,0.013954750252161278,148.4510531776617,2.071597371764582,0.0
202104020110,2021,馬単,01-04,0.010149716963892568,353.53869945751563,3.5883177352764624,0.0
202306030312,2023,馬単,05-09,0.007883105343431826,377.23081565855784,2.9737502586251234,0.0
202505050104,2025,馬連,10-15,0.003330528260250493,641.9823547797389,2.1381403751760786,0.0
202107010610,2021,馬連,13-15,0.005845369016057233,485.7043820354737,2.8391213457133837,0.0
202107040110,2021,馬連,03-10,0.004425711958954421,523.5050340436978,2.316882489740035,0.0
202104030410,2021,馬単,05-15,0.0483032597284359,63.34542712982107,3.059790619260457,0.0
202209010509,2022,馬単,05-08,0.0038945830051633295,699.8643771899195,2.7256799093230786,0.0
202107020105,2021,馬単,09-01,0.02304578942954067,127.76182476810241,2.944372110739562,0.0
202306050408,2023,馬連,05-07,0.002884061936655789,873.7239763422031,2.519874063312091,0.0
202107010411,2021,馬単,07-04,0.05024053207069093,57.75094241764974,2.9014380746465567,0.0
202109010411,2021,馬連,06-14,0.001541934719226807,1713.4976500189616,2.6421015178777814,0.0
202107020511,2021,ワイド,04-09,0.2213995838276622,19.20042846663113,4.2509668718249305,0.0
202110030411,2021,ワイド,02-15,0.03402564750801754,70.94476765628467,2.4139416568109455,0.0
202304030308,2023,馬単,05-08,0.07283138844115872,28.97173795815336,2.11005190104573,0.0
202205040301,2022,馬連,01-07,0.4701617464107378,4.34250282135628,2.041678710282425,490.0
202105010309,2021,馬連,05-15,0.001468023299556994,1762.0619300987198,2.586747968647288,0.0
202106030511,2021,馬単,06-15,0.12294292759565506,17.673561405709144,2.1728393802594628,1590.0
202308020811,2023,馬連,01-05,0.005391111107876418,461.2271065342539,2.4865265772905163,0.0
202101010403,2021,馬単,04-02,0.05460141648410426,82.29584162369743,4.493469523405387,0.0
202406010507,2024,馬連,02-03,0.0193866068535477,131.94142975331832,2.557896626322563,0.0
202405010212,2024,馬単,05-01,0.012741942215929912,210.2317495092746,2.6787608042010285,0.0
202506010708,2025,馬連,01-12,0.0004163269673899707,13427.273956396286,5.5901362465807996,0.0
202409020201,2024,馬連,01-05,0.0007585416680871135,4457.530040148843,3.3812222722029213,0.0
202506010603,2025,馬単,02-12,0.031317814846372444,83.75641228053614,2.6230678119982658,0.0
202503010402,2025,馬単,04-14,0.0012840276107022952,3226.31830825178,4.142681788709604,0.0
202401010606,2024,馬連,01-10,0.10207365773024471,28.04439128395724,2.8625935971717094,0.0
202105010205,2021,馬単,16-01,0.014904775942634955,170.206081494742,2.536883508752995,0.0
202403030207,2024,馬連,05-11,0.021304338472556167,106.41026959619934,2.2670004004333832,0.0
202506040508,2025,馬連,04-05,0.0012255058720069053,2039.394420797245,2.4992898380251454,0.0
202110020407,2021,馬連,13-14,0.1327422992950476,15.746743822005996,2.090258981343162,0.0
202504040112,2025,馬単,07-03,0.0010446974775955612,2100.3694104908127,2.194250625158628,0.0
202101020201,2021,馬連,08-09,0.012390456270875958,172.8559332615193,2.1417638822383083,0.0
202407040104,2024,馬単,06-16,0.023054067205405166,96.28252022424745,2.2197036919555826,0.0
202308010312,2023,馬単,01-03,0.021208654297566243,120.31372758207856,2.5516922555398645,0.0
202508040301,2025,馬単,06-05,0.058582059069773165,38.04297985800405,2.2286360932317844,3400.0
202509050102,2025,馬単,14-02,0.003185041324126775,3472.6387809864977,11.060498021207223,0.0
202105050112,2021,馬連,12-14,0.0417814536983309,51.276672129387826,2.1424139023785123,0.0
202503030206,2025,馬単,08-07,0.020732411922627855,112.33810531714649,2.3290398740426315,0.0
202401020505,2024,単勝,07,0.3903510630596851,5.193097707467783,2.0271312106828625,510.0
202507010702,2025,馬連,01-12,0.0008196991549365448,2634.012800594189,2.1590980667390984,0.0
202508020304,2025,馬単,11-12,0.008662593037915457,331.1589299417886,2.8686950409572702,0.0
202404030306,2024,馬単,13-11,0.11893884272341018,22.425418027500026,2.667253267779553,0.0
202406050104,2024,馬連,05-12,0.002003190711701971,2213.422702674092,4.433907799067014,0.0
202106040608,2021,馬単,09-11,0.0078094698947796335,472.5726322278878,3.6905417444804574,0.0
202105050508,2021,馬単,10-01,0.09919157537999398,32.3868549059682,3.2125031597262725,0.0
202509010703,2025,馬単,15-02,0.01126139740447991,226.2957002967567,2.54840581196686,0.0
202106030512,2021,馬単,16-12,0.0039175579431896135,573.5798974606325,2.247032483350785,0.0
202304030408,2023,馬連,06-12,0.05041500796659666,43.37790710184071,2.1868975321135893,0.0
202110010709,2021,馬単,08-05,0.06762640454482367,57.72305591259835,3.903602730708852,0.0
202101010607,2021,馬単,05-14,0.030247878376349065,67.31971507480405,2.036278553913146,0.0
202203010604,2022,馬連,06-09,0.0026110973553599955,1089.8288235619646,2.8456491589977406,0.0
202203020501,2022,馬単,02-05,0.017455690458797413,121.31889835441334,2.117705136476946,0.0
202304010404,2023,馬連,03-04,0.05716131758250054,36.54655926086277,2.0890494804578528,0.0
202110020512,2021,ワイド,02-11,0.0076088239520813,378.4281640407828,2.8793932786956593,0.0
202210020510,2022,馬連,02-12,0.002552010859400105,784.301220205729,2.0015452310057733,0.0
202202010410,2022,馬単,12-14,0.048169900230139846,52.91872084618132,2.549089503467176,0.0
202307040109,2023,馬連,01-05,0.11170289250778914,18.383741472383722,2.0535170975806643,0.0
202405040510,2024,馬単,15-14,0.00812943832193005,287.13384376072713,2.334236872991531,0.0
202103010610,2021,馬単,11-14,0.03574700012004229,132.86857642535708,4.749653017427088,0.0
202107050611,2021,馬単,16-15,0.12818605729295632,31.750365868359573,4.069954218273865,0.0
202210010611,2022,馬単,01-02,0.018031760562096807,513.8650402517951,9.265891367052607,0.0
202206020510,2022,馬連,06-07,0.0024671008359804627,1544.5352723227331,3.8105242615487263,0.0
202204010809,2022,馬単,02-12,0.04993575609753069,44.93341738299522,2.243784171065795,0.0
202209040506,2022,馬単,01-04,0.0014370843410063795,1454.3396402902888,2.0900087235660245,0.0
202310020412,2023,馬連,05-18,0.09515358151494194,22.415480766196833,2.1329132762829235,0.0
202507040206,2025,馬連,01-14,0.001465205447012276,2292.907338716757,3.3595803221822136,0.0
202509040209,2025,馬単,10-03,0.018633119529909745,113.95202818504633,2.1232817618476125,0.0
202207010205,2022,馬単,07-11,0.025608427532610053,86.38462563828153,2.212174425589581,0.0
202210040610,2022,馬単,04-05,0.050645849128134655,59.9271353640428,3.035060656328614,0.0
202407040211,2024,馬単,02-16,0.1051700055145851,23.226130477438925,2.4426922703947245,0.0
202309040208,2023,馬連,02-05,0.015979603609650415,139.3235750621767,2.2263355029729595,0.0
202110010812,2021,馬単,08-16,0.05334028309700037,51.92257970429902,2.7695651005538755,0.0
202504030305,2025,馬連,12-18,0.026433376782479104,117.82314970114591,3.11446370974883,0.0
202110010111,2021,馬単,03-06,0.006638853458605455,480.7505105575439,3.1916321897412887,0.0
202209030111,2022,馬連,10-16,0.003767072370657992,559.958737684373,2.1094050894393277,0.0
202210030811,2022,馬連,14-15,0.08680446537412413,23.237276408317832,2.0170993553747767,0.0
202209020410,2022,馬連,06-08,0.02075045823528393,146.5933297058616,3.0418787656326884,0.0
202507010407,2025,馬単,09-04,0.016977958816848892,233.12172946350168,3.9579311221439206,0.0
202504010409,2025,馬単,01-09,0.03465409600971036,118.73368372862656,4.114608475518409,0.0
202207050411,2022,馬単,04-10,0.0046504024352094185,451.77767179295597,2.1009479850792037,0.0
202308030411,2023,馬単,01-08,0.019177445850237104,138.17343760261465,2.649813617565258,0.0
202406010102,2024,馬単,14-16,0.032313986162634006,76.93416337644595,2.4860494907802986,0.0
202509020508,2025,馬連,02-15,0.05112631767362703,45.32265850098311,2.317180636334575,0.0
202404020103,2024,馬連,10-14,0.003425148907193186,758.9139742072349,2.5993933694095483,0.0
202408050601,2024,馬単,08-04,0.007477997087921557,280.3796090707832,2.0966779001439013,0.0
202107030411,2021,馬単,04-11,0.018920648075496264,111.95660640610355,2.118291549536736,0.0
202309010411,2023,馬連,09-11,0.002215526886624032,935.9684700658718,2.0736633104632993,0.0
202408040302,2024,馬単,12-15,0.024842909106285425,116.18070392083251,2.886266667409501,0.0
202210010508,2022,馬単,08-10,0.007309710102905392,352.44709880382186,2.576286118865992,0.0
202106020710,2021,馬連,03-09,0.0011085068596220478,2069.9841930737034,2.2945916773314097,0.0
202105020509,2021,馬単,14-05,0.031849777072793274,65.94928782024736,2.100470115184359,0.0
202104040711,2021,馬単,04-06,0.023196082006158372,86.53510085233793,2.007275295782016,0.0
202109040612,2021,馬単,09-01,0.059188962487669826,37.43327737776835,2.2156368505032704,0.0
202106050810,2021,ワイド,05-07,0.03709686023066939,60.73851946714106,2.253208367290324,0.0
202205010610,2022,馬連,03-10,0.004393109980569421,487.1914219286101,2.140285498122385,0.0
202207040211,2022,馬単,03-01,0.02813470192243622,119.52726017868444,3.3628638367327675,0.0
202209030311,2022,馬単,07-06,0.001148955424192992,2265.0736388039727,2.6024686435003823,0.0
202207050111,2022,馬連,03-05,0.0008216421248471109,6030.540516639483,4.954946124068258,0.0
202408040103,2024,馬単,03-06,0.002497692197986377,901.0245343793101,2.250481949713511,0.0
202504010612,2025,馬単,05-12,0.030179218568082034,117.99579903077289,3.5610210090651773,0.0
202110020304,2021,馬単,11-09,0.014706870446435732,259.5475577773942,3.81713230692093,0.0
202406050811,2024,馬連,03-08,0.1518317578198244,15.207090567781734,2.3089192922315718,0.0
202509030411,2025,馬連,13-17,0.09255158382903064,27.90939579728306,2.5830587847498387,0.0
202307020307,2023,馬単,07-04,0.026980821119469225,82.46376243013339,2.2249400229658356,0.0
202205030607,2022,馬単,01-14,0.04886442790258616,66.15972591237679,3.232857156900197,6450.0
202107010209,2021,ワイド,12-13,0.01300603417493504,191.00755821120288,2.4842508297657986,0.0
202104020210,2021,馬連,08-15,0.00643257099630209,580.8627941076792,3.7364411622080493,0.0
202104050312,2021,馬単,18-03,0.03190784775839361,70.26615291357997,2.242041709734515,0.0
202103020312,2021,馬連,05-14,0.006041410378487604,465.3940987728911,2.811636738413429,0.0
202204010311,2022,馬連,09-10,0.04756164936803772,57.827049565358024,2.7503498554156964,0.0
202204020409,2022,馬連,01-10,0.008581319793383535,267.56795151307585,2.296086158394244,0.0
202204040111,2022,馬連,01-04,0.002128405098177459,1309.2257702614336,2.786562804089746,0.0
202104050403,2021,馬単,10-03,0.05340929149319491,54.91265669637606,2.9328460881624907,0.0
202410010101,2024,馬単,07-04,0.021757642633152052,96.86268074110792,2.107503592054126,0.0
202103010203,2021,馬単,06-10,0.12527672277019586,16.49550229647683,2.066502468150857,1460.0
202204010511,2022,馬単,12-14,0.03287052122121062,94.09341354320367,3.092899546648023,0.0
202105010802,2021,馬連,02-15,0.08262570621276713,29.689749875229037,2.453136550721214,0.0
202104040201,2021,馬連,11-13,0.0154980964903687,168.9142076344723,2.617848688513225,0.0
202106050604,2021,馬連,06-09,0.01657115906114586,177.47422016401018,2.9409535315906328,0.0
202504030209,2025,馬連,04-06,0.009997540958087338,219.70980222312093,2.19655774661892,0.0
202206050109,2022,馬単,05-07,0.020883111492825443,318.7658839122221,6.656823493847986,0.0
202306020411,2023,馬連,03-05,0.00029325355100235626,7120.7419699482825,2.0881828684588473,0.0
202407010510,2024,馬単,10-04,0.04325532347216653,55.25103600982196,2.3899014347771703,0.0
202405030311,2024,馬単,01-03,0.017516666142596147,117.12356333544442,2.051614356378195,0.0
202203010308,2022,馬単,11-03,0.005097292178065483,657.757768014567,3.352783525962463,0.0
202104040806,2021,馬単,07-12,0.08055317226418836,34.069615143420485,2.7444155776225507,0.0
202507020311,2025,馬連,10-16,6.70983819737795e-05,36575.70863964999,2.454170869264902,0.0
202106040410,2021,馬連,03-05,0.1855793006828202,19.45430990271898,3.610317227013452,0.0
202106050410,2021,馬連,07-11,0.0017187765536025715,1182.1362985220767,2.0318281530622757,0.0
202206010310,2022,馬連,07-12,0.0038204735223165342,927.0589410414943,3.5418041378758343,0.0
202206030210,2022,ワイド,01-06,0.1187260525787212,17.38274586478523,2.06378479950504,0.0
202306010310,2023,馬連,02-04,0.1921640590265038,12.223872201887477,2.3489888993359442,0.0
202106010111,2021,馬連,08-10,0.006801638451279507,630.2047197035042,4.286424653713178,0.0
202406040410,2024,馬連,01-11,0.005258388602168302,409.6003354438372,2.153837735342187,0.0
202310010612,2023,馬単,02-10,0.06689813175666416,30.616118428102595,2.048161124480841,0.0
202109040603,2021,馬単,06-10,0.08311620663468777,27.68785203096532,2.301309230676373,0.0
202101020710,2021,馬連,12-16,0.014970845488715382,372.3044878452714,5.573712962286872,0.0
202210040711,2022,馬連,05-11,0.004716562669892648,613.6476327940815,2.894307517304556,0.0
202104020509,2021,馬連,06-08,0.05236723608002364,50.36662009191122,2.637560684905977,0.0
202107040310,2021,馬単,01-11,0.014972203250260049,136.133800919735,2.0382229366007105,0.0
202107050210,2021,馬連,10-16,0.04970697043127687,42.06527065228592,2.0909371644968346,0.0
202305030109,2023,馬単,12-14,0.028500710690353308,96.8899020796449,2.7614310679886205,0.0
202407030506,2024,馬単,15-08,0.021707089293215433,154.23362047073286,3.347962971574098,0.0
202508020502,2025,馬単,08-15,0.010928952654977621,226.33203709539458,2.473572117720206,0.0
202302020412,2023,馬単,01-09,0.027417223524775613,79.98028112457983,2.1928372451669973,0.0
202308030712,2023,馬連,06-08,0.02160263282304109,135.49805029499433,2.927114628760717,0.0
202504030309,2025,馬単,16-11,0.019181744964278647,191.2253731450527,3.66803633836742,0.0
202503030212,2025,馬連,05-16,0.0008487985204789195,2481.8650849459323,2.1066034121303954,0.0
202308010206,2023,馬連,03-05,0.2629664675150172,7.845689351548048,2.0631532139967756,0.0
202310030607,2023,馬単,09-01,0.01920745211726144,109.32273847313257,2.099811264550589,0.0
202508010108,2025,馬連,02-16,0.0016678251896168942,1973.3948063050086,3.291277567014645,0.0
202508010507,2025,馬連,01-10,0.0038358826545705684,1611.5907101557561,6.181872851353529,0.0
202509010308,2025,馬単,07-12,0.011892478979732725,184.53472251138186,2.19457530849742,0.0
202309010308,2023,馬連,05-11,0.0007729241999282468,4948.520193180637,3.8248310111429173,0.0
202408030107,2024,馬連,01-09,0.08217639051995518,36.83570460675469,3.0270252468423853,0.0
202306020206,2023,馬連,04-05,0.02084595636030103,224.51040916496933,4.680134191886279,0.0
202306030809,2023,馬単,03-02,0.03057921311469506,65.4699314447923,2.002018986254779,0.0
202408020503,2024,馬連,05-11,0.02313485554633258,89.96059139229294,2.081225286723347,0.0
202504010708,2025,馬連,04-15,0.009016306134578711,344.7240226620843,3.108137320264801,0.0
202507040407,2025,馬単,04-08,0.05912686455251158,56.5248019810388,3.3421343105904193,0.0
202202010408,2022,馬単,12-02,0.19073160846992585,12.456733838046029,2.375892881212272,0.0
202405030208,2024,馬単,07-01,0.015116538615691079,231.044333995796,3.492590596784077,0.0
202105020110,2021,ワイド,06-08,0.05525771771684725,46.20718781587921,2.553303740819197,0.0
202206010303,2022,馬単,07-01,0.027134768390413604,74.11112276712028,2.0109881514393173,0.0
202205030207,2022,馬単,05-12,0.11167170943187558,18.446575524685645,2.0599606220058435,0.0
202204030811,2022,馬単,16-03,0.005266471727966628,554.3610078523506,2.91952657494149,0.0
202509040603,2025,馬単,01-08,0.022213787298120843,92.31598258657577,2.0506876013952215,0.0
202404010403,2024,馬単,14-07,0.06409026452121258,31.790454614589578,2.037458645498649,0.0
202506020807,2025,馬連,02-16,0.020692092804158298,115.0244251027355,2.3800960789707584,0.0
202105030501,2021,馬単,02-07,0.03170084878636616,78.66703167206902,2.4938116755085376,0.0
202405020610,2024,馬連,13-15,0.07727023129550367,34.61879437209225,2.6750022483030493,0.0
202110010207,2021,馬単,04-09,0.020640744061096974,421.6917546172978,8.704031579730552,0.0
202105030611,2021,馬連,05-10,0.0030046877991371295,1125.1177990281294,3.3806277233318416,0.0
202104020206,2021,馬単,09-14,0.08216190559454789,35.47168015619019,2.914420836272896,0.0
202101010208,2021,ワイド,04-08,0.01880771427366134,112.10731903861661,2.108482424464495,0.0
202101010408,2021,馬連,01-02,0.046633079820908474,56.478631428288416,2.6337725275710437,0.0
202302010603,2023,馬単,08-09,0.01907371911018976,109.45042836739461,2.08762672716963,0.0
202406050102,2024,馬連,07-08,0.22033107971603694,10.107315322237303,2.2269556979789886,0.0
202506020301,2025,馬単,08-04,0.1015232864688912,44.47143333878763,4.514886066535935,0.0
202205040603,2022,馬単,08-09,0.18931764091285486,11.853942201935052,2.2441603731876762,0.0
202505040712,2025,馬単,14-10,0.08117802237851506,37.991398482729444,3.084066596222094,0.0
202201020409,2022,馬単,02-08,0.0014654088221461546,4088.4384761910674,5.9912338118121715,0.0
202404040311,2024,馬単,12-02,0.010152334794788323,216.67250696379315,2.1997318315225325,0.0
202504040411,2025,馬連,03-04,0.0054755577249637226,988.9269497841123,5.414926599315208,0.0
202503030608,2025,馬連,05-12,0.06646620338333295,30.723100432635757,2.0420478419221326,0.0
202508040601,2025,馬単,05-01,0.029880339828074465,86.31186838410363,2.579027958513053,0.0
202504020702,2025,馬連,10-18,0.009403511854260508,358.9453399611265,3.3753467593560207,0.0
202302010504,2023,馬単,01-02,0.015362568656886972,188.07131570500192,2.889258499909157,0.0
202406050201,2024,馬単,06-04,0.02144251116308846,138.51121237327303,2.9700282175268233,0.0
202505010801,2025,馬単,15-04,0.003754039089618588,547.7595255397148,2.0563106705870204,0.0
202505030307,2025,馬単,12-04,0.022497474668194347,120.82671539617354,2.718295968866542,0.0
202505020209,2025,馬連,03-07,0.0032822508821390736,752.3322648632501,2.46934324000909,0.0
202110010105,2021,馬連,04-05,0.13791088322124562,46.591452198503305,6.425468323256037,0.0
202105010501,2021,馬連,03-10,0.09225615908973708,27.88623718389048,2.572677134051142,0.0
202105030312,2021,馬連,02-05,0.07864565878552171,28.53386261881687,2.2440644233524245,0.0
202305010312,2023,馬連,05-16,0.01876448837205487,150.2025856968928,2.81847467276192,0.0
202110010611,2021,馬単,13-03,0.15732452456745638,14.822211069513044,2.3318973095496287,0.0
202507030306,2025,馬単,09-02,0.019622423511464857,112.2161080938549,2.2019519978259403,0.0
202503020204,2025,馬連,08-13,0.0006351214659135319,4448.842536346077,2.8255553933025963,0.0
202506040407,2025,馬単,10-02,0.04493894107972059,69.63025249326867,3.1291098141610685,0.0
202201020404,2022,馬単,04-11,0.02570924786878253,120.89358073004999,3.1080830327335263,0.0
202503020201,2025,馬単,01-15,0.0018868480283046806,2380.0746642683202,4.490839187492605,0.0
202106040412,2021,馬単,15-06,0.033647789928641154,82.18890814631848,2.765475115771708,0.0
202103020407,2021,ワイド,10-15,0.0064321582183349746,444.8560204881461,2.8613843081586205,0.0
202207030306,2022,馬連,07-11,0.039580016391587425,55.9024787486895,2.212621025203498,0.0
202107050207,2021,馬単,06-10,0.03167255843524027,185.9991858820033,5.891070083754867,0.0
202104050706,2021,馬単,07-08,0.09534406069148701,23.610246287453222,2.251096754971896,0.0
202106050207,2021,馬単,02-04,0.021518456276499936,141.42958014691095,3.0433462365950468,0.0
202207010808,2022,馬連,04-07,0.03528465504103244,61.02612331240943,2.1532857095698748,0.0
202206020606,2022,馬連,01-16,0.009211532166796352,226.53895876671996,2.0867709057121933,0.0
202205020106,2022,馬連,01-03,0.003744833965460432,771.5847655856069,2.889456837396806,0.0
202207050310,2022,馬単,01-11,0.002815913758534882,990.3006274702656,2.7886011619792472,0.0
202504040106,2025,馬単,06-15,0.017245977657808192,136.96247057321258,2.362051707463836,0.0
202309010306,2023,馬単,02-03,0.0008556584460226768,2617.8363211897436,2.239973758530937,0.0
202307030503,2023,馬単,10-04,0.028897943598231755,95.34515864473364,2.7552790168799715,0.0
202310030703,2023,馬連,16-18,0.0018377089737948021,1110.9120527113348,2.0415330483644243,0.0
202303030105,2023,馬連,01-07,0.00536277122258616,489.9343012641532,2.627405571777259,0.0
202210020303,2022,馬連,11-13,0.0002579835196091611,9657.804172403334,2.4915543120926533,0.0
202404010311,2024,馬連,04-06,0.017395779563986167,121.9356913071828,2.121166406962016,0.0
202406050411,2024,馬単,08-06,0.09024296105024542,24.145224778635342,2.1789365792478095,0.0
202204020407,2022,馬単,10-13,0.0778173263896157,36.989946832467965,2.878458765796691,0.0
202408010308,2024,馬連,06-16,0.018694506817437992,222.73801903450106,4.163977415343114,0.0
202507010304,2025,馬連,02-12,0.0032722778886011706,649.5703790229913,2.1255747883672163,0.0
202505010603,2025,馬連,03-09,0.0008729142981001958,2990.24287480386,2.610225760208523,0.0
202504040210,2025,馬単,10-03,0.006796948874175038,427.51232683051023,2.9057794285465874,0.0
202301010402,2023,馬連,11-12,0.0036954137018987976,564.4664768951693,2.0859371529809496,0.0
202507020501,2025,馬単,01-08,0.04945556157479515,41.75174994697012,2.064856240357831,0.0
202109040410,2021,馬単,08-05,0.010597020504865164,265.0201749767431,2.8084242284315,0.0
202205010609,2022,馬単,15-01,0.04662173970716458,47.250071617958824,2.202880540117361,0.0
202303030502,2023,馬連,08-11,0.08898625956349963,24.736101052517693,2.201173108848296,0.0
202203010402,2022,馬単,07-16,0.011834514912175716,243.89086573933497,2.886330087535605,0.0
202207030701,2022,馬単,11-16,0.08718905065520836,29.163208891429093,2.542712497303234,0.0
202508010805,2025,馬連,03-15,0.0013277385876505326,2014.1938378347022,2.6743228815010536,0.0
202203030401,2022,馬単,04-12,0.013730888982555325,174.42432603560698,2.395001056651954,0.0
202309010402,2023,ワイド,03-14,0.019446324933426087,126.25074705067195,2.455113050235152,0.0
202307030404,2023,馬連,06-07,0.016167510966406076,134.78520011667243,2.179141200995539,0.0
202105030506,2021,馬単,07-16,0.02968418739681607,69.51029965771735,2.0633567610485217,0.0
202504040103,2025,馬連,08-13,0.011312517851897118,182.23281280497937,2.061511948057755,0.0
202405020411,2024,馬連,07-09,0.006549792728263453,505.06869116270275,3.30809524065101,0.0
202505050608,2025,馬単,02-15,0.01658958981276684,145.13760820542913,2.407773386534132,0.0
202404040509,2024,馬単,09-06,0.011546610602638755,247.40075833906667,2.8566402193387357,0.0
202107050501,2021,馬連,04-12,0.09945921776214284,26.995246923590887,2.6849261423162427,0.0
202504020603,2025,馬単,15-09,0.016937040309867497,559.774544734478,9.48092402860558,0.0
202103020303,2021,馬連,03-06,0.004051429035991418,508.38614748925966,2.059690399433802,0.0
202106030503,2021,馬単,04-11,0.02074909408830729,293.03840684975046,6.080281475213144,0.0
202206010601,2022,馬単,14-05,0.0963498021115154,29.062937675628646,2.8002082938261257,0.0
202304030305,2023,馬連,09-16,0.0041853029550055045,809.9974275624155,3.3900846271238345,0.0
202209020605,2022,馬連,04-14,0.0009319858651599974,5062.925395089216,4.718574904582745,0.0
202307020303,2023,馬単,15-16,0.004884945852371937,669.2200621016414,3.269103766687503,0.0
202508040602,2025,馬単,03-04,0.034544056544280714,79.15621977946941,2.734376931893503,0.0
202509050801,2025,馬単,10-01,0.050356571294964014,59.37247514587058,2.989794277641511,0.0
202403020202,2024,馬連,13-15,0.030276307434725896,88.08354158844372,2.6668443850711863,0.0
202209030307,2022,馬連,03-07,0.07383368357303344,27.865532319325634,2.0574148958592255,0.0
202310010810,2023,馬連,06-12,0.02160558557954004,164.1218169660921,3.5459479619305094,0.0
202303020711,2023,馬単,01-06,0.07352417755535116,35.92514265422324,2.641366567210429,0.0
202306050610,2023,馬単,04-05,0.007449291149500023,307.0416952130124,2.287242982677777,0.0
202410020311,2024,馬連,10-15,0.02954264425703733,99.67039379412508,2.944526986818658,0.0
202509020810,2025,馬単,15-03,0.008460939666258754,278.9870159341366,2.3604923094882992,0.0
202506020804,2025,馬単,04-14,0.041146233399515536,61.46441197152268,2.529029040744249,0.0
202102010511,2021,馬単,08-07,0.003716157975540897,1269.6547235239527,4.71823752700671,0.0
202210010709,2022,馬単,16-07,0.010837789612300084,192.13513591613264,2.0823201801897273,0.0
202109010310,2021,馬連,04-11,0.007103801540844319,367.14422299211503,2.608119697003477,0.0
202109040110,2021,馬連,04-07,0.16024477410028976,19.660670531612347,3.1505197079984444,0.0
202104050311,2021,馬単,15-06,0.01261108144521812,202.7984425545589,2.557507676018931,0.0
202209010710,2022,馬連,01-07,0.0011411852388969964,2650.1948154610855,3.02436320360554,0.0
202501020201,2025,馬連,05-14,0.0608090933749008,36.408090000247014,2.2139429444268126,0.0
202107020309,2021,馬単,07-13,0.00324647965156269,663.5485314572795,2.1541968052003635,0.0
202408040212,2024,馬単,01-13,0.037512492014815914,90.7644347716481,3.404800134600729,0.0
202110010304,2021,馬連,07-09,0.5562273249633053,4.10650956537103,2.2841528304825536,0.0
202107040401,2021,馬連,02-07,0.006272206417947858,518.5701196041464,3.2525788323371154,0.0
202107030604,2021,馬単,14-01,0.013933755884418763,145.9640114562118,2.033826903541359,0.0
202210010804,2022,馬連,06-10,0.022691353148010913,127.05487738589814,2.8830470919406403,0.0
202204040504,2022,馬連,04-05,0.10374367832009398,19.889605080594645,2.063420791394918,0.0
202209050308,2022,馬単,09-05,0.0021463925990940027,1119.6189312608406,2.403141787863805,0.0
202306050502,2023,馬連,04-07,0.00633354896079313,709.5967886212514,4.494266003154269,0.0
202401020102,2024,馬単,05-11,0.14762188415221,18.82635359817485,2.7791817898783098,0.0
202104010805,2021,馬連,09-10,0.09010422607157678,23.898983887583384,2.153399447087784,0.0
202107050707,2021,馬単,03-08,0.09090849953759335,49.67408875282171,4.515796874416264,0.0
202109040712,2021,馬単,08-10,0.003325980363438687,609.1832275076691,2.02613145242671,0.0
202209020608,2022,馬単,07-08,0.11759716433095553,20.257838147710192,2.382264321646175,0.0
202307010108,2023,馬単,12-10,0.02842709829715425,73.65288004868117,2.0937376610123706,0.0
202308030111,2023,馬連,02-06,0.0007972867694618219,3274.370116668627,2.6106119723410584,0.0
202203030303,2022,馬単,10-11,0.014887427449668872,195.10341121880703,2.9045878797029014,0.0
202407010412,2024,馬単,07-13,0.02242974954703356,94.38428021872424,2.1170157664830187,0.0
202201010201,2022,馬単,08-09,0.038706977635527384,61.403672532382934,2.3767505794501935,0.0
202308010610,2023,馬単,03-02,0.0445226382616127,57.15339428854654,2.544619899332279,0.0
202404030610,2024,馬単,11-10,0.03154458043730428,84.23353340426542,2.657111469989207,0.0
202509010709,2025,馬連,13-17,0.03494557073304307,63.30058554933841,2.2120750897574495,0.0
202110020203,2021,馬単,01-08,0.015934998164088717,153.0020222129385,2.438086943065036,0.0
202306050303,2023,馬単,08-13,0.007278253552125461,681.8987392299285,4.963031920990101,0.0
202410010503,2024,馬単,10-05,0.007421443020565702,284.53097577355913,2.1116304242894293,0.0
202404010106,2024,馬単,02-03,0.008939396450227947,450.94494743874594,4.031175662382154,0.0
202201020403,2022,馬単,06-02,0.03474411030261755,65.23675568287673,2.2665930352307817,0.0
202405020708,2024,馬連,01-06,0.0022954366032929075,1214.644682180121,2.78813986347133,0.0
202506040309,2025,馬単,11-05,0.07088024620792624,40.23916510638746,2.8521619299421377,3670.0
202104010203,2021,馬連,01-04,0.0026572999130624626,764.0871851976078,2.030408810797745,0.0
202104050212,2021,馬単,05-10,0.011692844027116523,272.0335060549887,3.1808453564506416,0.0
202210040802,2022,馬単,06-05,0.21229322953980642,12.196845711186814,2.589307766226586,0.0
202109050406,2021,馬単,08-04,0.06761206686797089,34.94006116252533,2.3623697516916553,0.0
202409020302,2024,馬連,02-09,0.2241871061847197,9.271023216187752,2.078443866208485,0.0
202510010412,2025,馬連,10-16,0.0007245654289128388,2877.9765192017358,2.0852822910364845,0.0
202306010401,2023,馬連,02-14,0.0005538775254552794,3728.301608062105,2.0650224688243775,0.0
202310010703,2023,馬連,05-06,0.025304208844878072,89.82971578596974,2.2730698887242187,0.0
202305050307,2023,馬単,11-12,0.004991537597038542,454.56804929058995,2.268993508446449,0.0
202507050301,2025,馬連,09-10,0.05321105403491155,39.8677050216062,2.1214026061526017,0.0
202505010507,2025,馬単,05-11,0.01599971900227592,264.3595458033285,4.229678448422547,0.0
202505020406,2025,馬連,06-09,0.01572927658391538,140.9224487124927,2.2166081726814277,0.0
202501010806,2025,馬連,06-10,0.019156809744431506,133.94800517088612,2.566016450704793,0.0
202501020307,2025,馬単,04-09,0.11074592075505425,21.425430391735745,2.3727790163060978,0.0
202305010603,2023,馬単,08-05,0.0192442784649485,110.69490920008933,2.1302436572987085,0.0
202410010607,2024,馬連,08-10,0.005695071278357734,384.642087598944,2.1905641055323053,0.0
202204030411,2022,馬連,10-15,0.046656240473109775,56.759451550768404,2.6481826206744743,0.0
202205050611,2022,馬連,01-04,0.004496603823749301,679.5685934208876,3.055750735676297,0.0
202307010211,2023,馬単,12-14,0.044525815924829674,49.742459833819254,2.2148236102088696,0.0
202306030611,2023,馬単,08-12,0.03309612938695613,62.00685300809983,2.052186830034042,0.0
202310030101,2023,馬連,05-06,0.03821202725826604,114.65110210523868,4.381051038835624,0.0
202305040304,2023,馬連,07-11,0.0015130697978499377,1693.8334314060724,2.5628882076490522,0.0
202510010603,2025,馬単,09-08,0.02610561565204337,274.7810087831705,7.173327403774202,0.0
202507020411,2025,ワイド,05-14,0.02114218431263143,137.81267004660262,2.913660870741133,0.0
202109020606,2021,馬連,13-14,0.010903391131155132,220.6379194945064,2.405701534612921,0.0
202503020504,2025,馬連,11-16,0.01582470720461817,129.84969266774246,2.054833367076679,0.0
202505040809,2025,馬単,07-09,0.02130563777126425,114.58186861146989,2.4412397877905705,0.0
202209050208,2022,馬単,11-09,0.00993922928043037,238.7276750827721,2.3727690982317564,0.0
202310020508,2023,馬連,02-09,0.0266625218707175,109.2340750453857,2.9124559149251925,0.0
202307030704,2023,馬連,06-07,0.03903696529648702,73.58074269635738,2.872368899127444,0.0
202109020511,2021,馬連,08-10,0.32142329622988974,6.820556288352144,2.1922856843236485,0.0
202505050206,2025,馬単,15-10,0.0017949639510601973,1693.4985961020784,3.039768931174284,0.0
202505030202,2025,馬連,03-04,0.0019683059086270634,1163.062746423737,2.2892632758898617,0.0
202110020201,2021,馬連,01-11,0.01617181270067663,155.4558662754771,2.514003152628448,0.0
202109010801,2021,馬単,16-05,0.023348804904567855,94.18074753332044,2.199007899921859,0.0
202207040208,2022,馬連,06-09,0.002100194874430556,5091.381287197595,10.692892883144035,0.0
202508040406,2025,馬連,09-15,0.02616908328149819,94.60405110846449,2.4757012922245183,0.0
202308010402,2023,馬連,04-15,0.06315691935705486,93.27358059979545,5.890872008085038,0.0
202307030103,2023,馬単,09-06,0.030763850010589965,107.14088469891816,3.2960661068794317,0.0
202301020103,2023,馬連,01-07,0.005082912526108688,529.9171556375849,2.6935225481901672,0.0
202506050610,2025,馬連,04-12,0.0013995568167672612,1735.1547338042542,2.4284476358417266,0.0
202104040411,2021,馬連,11-13,0.06547239604053992,47.83788710698766,3.1320610904113346,0.0
202209050410,2022,馬連,03-06,0.027104784596560565,95.24416336726225,2.5815725321492677,0.0
202105010109,2021,ワイド,09-10,0.050829041180935536,41.735289450211056,2.1213647461630423,0.0
202109020311,2021,馬単,06-05,0.03787399746711132,122.22349837343687,4.629092467817033,0.0
202109050410,2021,馬単,16-01,0.02112471669600428,206.86347633754752,4.369932332381277,0.0
202209040611,2022,馬連,13-14,0.0009462760457160956,2190.5668808618907,2.0728809658986314,0.0
202205050610,2022,馬単,10-07,0.08127117894737011,32.57189707544724,2.647156475873994,0.0
202401020811,2024,馬連,08-14,0.07703931947324139,28.728472267284726,2.2132219529775035,0.0
202305050605,2023,馬連,10-12,0.0016733898713693954,1349.9459727337128,2.258985917668501,0.0
202405010201,2024,馬単,04-02,0.07067881730586224,38.54374260149243,2.724226141615063,0.0
202507050302,2025,馬連,03-15,0.07819071865731225,32.88443425792419,2.571257547266231,0.0
202207030604,2022,ワイド,10-11,0.019261531689040243,127.80734914232595,2.4617653055971416,0.0
202308010808,2023,馬単,06-05,0.03454512849467615,66.48449181995133,2.296715312823464,0.0
202507010410,2025,馬連,01-13,0.0017055454495509747,1262.1742814915774,2.152695602338231,0.0
202507050412,2025,馬連,10-13,0.01004699370271128,357.83805958549755,3.5951967312459177,0.0
202110020112,2021,馬連,03-06,0.00821790341319564,299.41164473030676,2.460535977179708,0.0
202110020312,2021,馬単,10-04,0.025603282631154287,90.65435445677109,2.3210490589015516,0.0
202309040607,2023,馬連,06-09,0.03159754420079405,63.78688050974642,2.015508776337481,0.0
202403030209,2024,馬単,01-10,0.011048043407042882,313.8077771129162,3.4669619430111362,0.0
202501010208,2025,馬単,01-08,0.2100026395364541,12.768348646698174,2.681386918328328,0.0
202506030612,2025,馬単,08-01,0.029972469974344672,70.45482500485767,2.1117051270058047,0.0
202407030703,2024,ワイド,06-09,0.08264246759931647,24.277845998288846,2.0063811012947808,0.0
202105010302,2021,馬連,12-16,0.0015687480961982872,2247.197189275023,3.5252863124573346,0.0
202206030212,2022,馬連,05-13,0.0008373988383677112,3090.2790921719225,2.587796122016793,0.0
202202010711,2022,馬連,03-14,0.002171869530654495,1818.9378290118798,3.9504956489857377,0.0
202502010411,2025,馬単,13-06,0.026489442179624387,75.97084646775589,2.012425344844741,0.0
202406010704,2024,馬単,01-15,0.006154219984395732,375.1052269346648,2.3084800838526105,0.0
202506040612,2025,馬連,10-15,0.16533989058252554,12.590124394269745,2.0816497897689454,0.0
202303020612,2023,馬単,15-14,0.008068293750711998,509.2449549498108,4.108737887603172,0.0
202503030205,2025,馬連,06-07,0.10010161365692799,25.27356465516617,2.5299246048448345,0.0
202209010212,2022,馬単,11-07,0.09113741665712742,31.572317126545478,2.8774194207929353,0.0
202410030110,2024,馬単,10-09,0.013025492965768649,160.18160350322108,2.086444349676749,0.0
202205040505,2022,馬連,08-18,0.017738147984752498,172.53118071435006,3.0603836154952173,0.0
202106010312,2021,馬連,03-06,0.03868688593464213,71.81733846296474,2.778389181246304,0.0
202203010411,2022,馬連,01-12,0.02863313227036074,71.71210636027757,2.053342226800005,0.0
202202010809,2022,馬連,12-15,0.05620012602857448,39.73266878731355,2.232980993298629,0.0
202109010708,2021,馬単,03-06,0.0754769190545137,31.338549774299832,2.365337184600677,0.0
202105050110,2021,馬単,01-08,0.021969276827911315,116.92311925851503,2.5687163745732056,0.0
202205030211,2022,馬連,05-18,0.0017371689366583367,1894.5950421027344,3.291231654687764,0.0
202204030211,2022,馬単,08-03,0.03858716768083662,53.53722637447708,2.065849931278856,0.0
202306020211,2023,ワイド,05-14,0.02792251313538591,74.52926767154787,2.081044455529488,0.0
202305030211,2023,馬単,14-16,0.0035719846246992726,917.6385155313973,3.2777906685100158,0.0
202305040611,2023,馬連,01-10,0.004477219531389362,968.0084990843014,4.333986558651136,0.0
202406020211,2024,馬単,03-14,0.02120697246984161,102.92090303698622,2.1826407572766047,0.0
202110040510,2021,馬連,04-06,0.08539800039052542,24.005671251836937,2.0500363229391954,0.0
202105040610,2021,馬連,06-08,0.19388558351364027,28.10406882885403,5.448973783989872,0.0
202204010411,2022,馬連,06-10,0.013485175657037933,210.14626503804539,2.833859297708491,0.0
202207050810,2022,馬連,05-17,0.000871651134012577,6071.527941407115,5.292254215316558,0.0
202406030711,2024,馬連,05-08,0.013939676729853093,151.07253684630032,2.1059023263962464,0.0
202205030705,2022,馬単,15-01,0.024216356626293026,167.4957834432674,4.056137625262511,0.0
202205030106,2022,馬連,05-15,0.004236516297706905,503.5572580812762,2.1333285306899286,0.0
202401020306,2024,馬単,04-09,0.087576213702509,26.71988586111333,2.3400264342795096,0.0
202204030706,2022,馬単,11-03,0.06298420801026419,54.44210205318689,3.4289926802339545,0.0
202105010703,2021,馬連,03-15,0.028022470788825415,74.97003738788736,2.1008456827392226,0.0
202103020405,2021,馬単,10-07,0.04425510598383123,57.11083036379581,2.52744585057439,0.0
202106020712,2021,馬単,16-09,0.02806345460771065,92.4408926302193,2.5942107942244133,0.0
202105030310,2021,馬単,03-05,0.0013693871056066284,1715.6431491253925,2.3493796062346624,0.0
202104050511,2021,馬単,07-02,0.04121611039878181,50.4281602138362,2.0784526185809296,0.0
202306020405,2023,馬単,16-09,0.018087048065751583,112.30478425214729,2.0312620307824494,0.0
202304030502,2023,馬連,01-08,0.01932511821881827,122.57465645401166,2.3687697266048113,0.0
202406040406,2024,馬連,10-15,0.021947566699804,104.77068811721948,2.299461665637037,0.0
202105040605,2021,馬連,04-11,0.03009915253237459,66.99443793590646,2.0164758062535513,0.0
202103020608,2021,馬連,03-16,0.00669901229486333,338.7150447344615,2.2690562491313404,0.0
202410020203,2024,馬連,11-14,0.040040162235266685,53.12234576133127,2.1270273426016355,0.0
202505010602,2025,馬単,16-10,0.007430970492551924,417.8615711877718,3.1051170054677173,0.0
202504030402,2025,馬単,07-05,0.0077433713762887265,274.10912523456204,2.1225287543208498,32560.0
202106020212,2021,ワイド,04-11,0.0009043078475589932,3265.6992820068795,2.9531974884865906,0.0
202307040507,2023,ワイド,10-15,0.027959802573477934,78.84337850968498,2.204445297356785,0.0
202105020404,2021,馬単,01-03,0.06173556237122484,82.5339720040475,5.0952811764008,0.0
202110010110,2021,ワイド,12-15,0.03451442805971006,62.68133311956582,2.1634103626419763,0.0
202101010612,2021,ワイド,06-07,0.005924074457628559,394.08433443968994,2.3345849398057177,0.0
202106010202,2021,馬連,02-06,0.21224190719150926,11.475031876493153,2.43548265055027,0.0
202501020305,2025,馬単,13-02,0.01297730374076031,784.039494182892,10.174718660763466,0.0
202107010405,2021,馬連,03-13,0.14973816981711846,13.912185389807817,2.083185178426277,0.0
202106030604,2021,馬単,09-10,0.054547031119487326,43.12750832655737,2.3524775387946737,0.0
202205050209,2022,馬連,06-07,0.024809188181941142,102.01220759236756,2.5308400550142918,0.0
202306030709,2023,馬連,05-06,0.01639447598759492,258.3495544606714,4.235505567011324,0.0
202404040711,2024,馬単,02-10,0.04732284761970712,42.466222472381574,2.0096225750450953,0.0
202106040210,2021,馬連,05-06,0.024984498369793794,118.97536649163523,2.9725398501558793,0.0
202309010502,2023,馬単,13-01,0.0038804507415589606,1453.3971648698525,5.63983610619891,0.0
202307030402,2023,馬連,12-13,0.0006476005127477197,4290.606261792346,2.7785988151353003,0.0
202408050304,2024,馬連,03-11,0.0008679314409808718,2653.1816841185314,2.3027798022810533,0.0
202504010606,2025,馬単,08-06,0.0036826007415469166,852.1070698261424,3.137970127219122,0.0
202406030602,2024,馬単,04-05,0.028846430433186437,81.41286154932101,2.3484704470491273,0.0
202509030312,2025,馬連,09-16,0.01118183861178039,185.7283220914037,2.0767841232628426,0.0
202206030311,2022,馬連,05-10,0.08844725996081707,32.05763167114859,2.835409682146202,0.0
202305010411,2023,馬連,09-11,0.0013762813696605288,3951.3020974761203,5.438103462656955,0.0
202107010202,2021,馬連,06-07,0.00783708329682667,288.37857765153524,2.26004693407548,0.0
202201010408,2022,馬単,10-11,0.12459324353327375,19.016929644685653,2.3693809464754527,0.0
202407030711,2024,馬連,05-11,0.04636075293991452,52.07338420782073,2.4141613000040234,0.0
202506010212,2025,馬単,10-09,0.04010102364779938,55.10272137856631,2.209675533059988,0.0
202305030103,2023,馬連,01-12,0.0991100463950388,22.639424475445853,2.2437944101184155,0.0
202303020503,2023,馬単,02-08,0.006706504305909175,345.27475147979544,2.3155866075209683,0.0
202304020302,2023,馬単,03-04,0.03067296140030328,65.54299768604822,2.0103978380843244,0.0
202110030604,2021,馬単,08-07,0.033838153228342216,66.50059211888548,2.2502572258943334,0.0
202209020507,2022,馬連,02-09,0.01968684632935941,108.32206470589539,2.132519841943889,0.0
202106030210,2021,ワイド,04-05,0.1269113248032313,21.723357665801302,2.7569401005412737,0.0
202101020712,2021,馬単,05-08,0.012122888995589548,194.96816748482127,2.3635774520919997,0.0
202507010804,2025,馬単,07-16,0.025086842187048666,144.60290107477212,3.627630159052218,0.0
202509020103,2025,馬連,10-11,0.03523266978457283,80.14765701408727,2.823815933584539,0.0
202204020411,2022,馬連,04-06,0.0034676509717729066,711.8424976843071,2.4684213288442405,0.0
202305020309,2023,馬単,06-16,0.017407950042153515,139.18571193449733,2.4229379199373,0.0
202305040610,2023,馬連,13-15,0.010188472600664852,205.24352226994714,2.0911180031113026,0.0
202405030101,2024,馬連,04-05,0.11314737005879791,18.267171494864723,2.0668824130569834,0.0
202304030206,2023,馬連,04-16,0.005044032215430484,399.8322553510395,2.0167667767588706,0.0
202109010611,2021,馬連,01-13,0.0020680832583021003,1723.1373904782943,3.563591589002529,0.0
202105030211,2021,馬単,05-13,0.25838501314537726,8.747656705137198,2.260263392748122,0.0
202207030107,2022,馬単,12-09,0.008360664214060882,332.359396344235,2.7787453112221225,0.0
202204030508,2022,馬単,06-07,0.03151553444827478,73.71770720068814,2.323252940731121,0.0
202406010401,2024,馬連,06-15,0.14878877265420254,17.361480158013446,2.583193324171111,0.0
202207020606,2022,馬単,06-05,0.014242986129789824,311.18800239466435,4.432246401864207,0.0
202106040701,2021,馬単,06-01,0.1370900654889857,17.993379455281286,2.4667135678926813,0.0
202310010705,2023,馬単,07-08,0.061710542656819314,36.6837819825477,2.2637760928474697,0.0
202104050208,2021,馬単,12-11,0.005957330553294998,565.6397998044008,3.369703261534423,0.0
202406010209,2024,馬連,08-13,0.024555067735590085,186.05535656908097,4.568601883123149,0.0
202106020312,2021,馬単,06-14,0.025755815651156037,77.78970848204992,2.003537391220847,0.0
202106030610,2021,馬単,08-09,0.0666923528815411,33.329577071558994,2.2228279154489337,0.0
202105040709,2021,馬連,04-08,0.07904991182661185,35.50043463683486,2.806306227848193,0.0
202203030410,2022,ワイド,02-05,0.04782461793563464,44.538266376845684,2.1300255729881674,2510.0
202110030104,2021,馬単,10-03,0.10308559863390304,19.6721487145598,2.0279152266555633,0.0
202106050504,2021,馬単,08-16,0.03476597869590925,156.22212504485904,5.43121507113924,0.0
202106030805,2021,馬単,08-11,0.018355669804954202,215.64984638643375,3.958397373758474,0.0
202104020310,2021,馬単,06-07,0.14283832860766982,14.744250497177298,2.10604409758961,0.0
202508010503,2025,馬単,15-14,0.00795128630861702,327.2987513761683,2.6024460806447727,0.0
202509010701,2025,馬単,15-05,0.06392894603939052,37.96689436689783,2.4271835412646516,0.0
202305040306,2023,馬単,05-14,0.2255383184937551,9.401901443186759,2.120489042140351,0.0
202410020503,2024,馬連,02-09,0.0013014038226451822,1912.3633981548055,2.4887570366453944,0.0
202204010110,2022,馬単,02-04,0.01866464113835099,140.97190222039495,2.631189965534377,0.0
202310020611,2023,馬単,01-09,0.05255735031877957,69.18422908771278,3.63613976469762,0.0
202307020506,2023,馬単,06-09,0.005617413598206671,433.6753445332715,2.4361337775881626,0.0
202101010104,2021,馬単,05-12,0.04407683767434216,64.42597928632658,2.839693431013947,0.0
202406030801,2024,馬単,16-11,0.01043723129251609,195.5546682313341,2.041049302661682,0.0
202201020203,2022,馬単,04-12,0.02169469718912427,158.38082249631572,3.4360239846220106,0.0
202209050510,2022,馬単,03-11,0.019324138753441026,104.20089423272206,2.013592538385754,0.0
202305020610,2023,馬単,13-02,0.03766691637710457,79.75907987750536,3.0042785920607984,0.0
202209010505,2022,馬連,05-16,0.002982146872244509,913.5719109087739,2.7244056166870396,0.0
202309010712,2023,馬連,01-10,0.056636270247799866,51.22120129457343,2.900977798936417,0.0
202502010606,2025,馬単,14-13,0.001241911289922315,2292.144950904295,2.8466406926664742,0.0
202207030806,2022,馬連,08-12,0.004065890303970954,637.8854728885667,2.5935723592615503,0.0
202104050306,2021,ワイド,05-12,0.04528070539978357,59.853980702736386,2.710230467204937,0.0
202210040612,2022,馬単,04-11,0.04899716428656913,44.68942101959776,2.1896549035688873,0.0
202107020508,2021,馬連,04-07,0.06470085959258487,31.66050777767081,2.0484620683530204,0.0
202503030107,2025,馬単,07-11,0.019818298231722348,125.10244773280267,2.4793176186871406,0.0
202106040307,2021,馬単,05-11,0.02347173610747802,86.3698063073804,2.0272493013008233,0.0
202202010609,2022,馬単,08-07,0.041107460615593366,60.57358736815362,2.490026357081579,0.0
202205030602,2022,馬単,15-09,0.000950610245396277,2220.147490853175,2.1104949510958653,0.0
202104050502,2021,馬単,07-05,0.004342351467697974,696.9383335204561,3.0263511954575324,0.0
202305030808,2023,馬単,10-05,0.1791064501978722,17.509007593768636,3.1359761966074884,0.0
202504010401,2025,馬連,03-08,0.0684107589334754,51.05476239266548,3.492695042450504,0.0
202509030511,2025,馬連,01-08,0.08029430852486627,29.35528129530951,2.3570620131598177,0.0
202105020601,2021,馬連,05-13,0.0006524035889511452,3576.055877825012,2.3330316889828757,0.0
202102010510,2021,馬単,01-10,0.09657821145749683,22.91662013466366,2.2132461852566765,0.0
202205040708,2022,馬連,03-10,0.1655656238398603,13.316640282966327,2.2047778559003337,0.0
202206050507,2022,馬単,05-18,0.015477421077914567,129.83961728836775,2.0095824293673434,0.0
202107020407,2021,馬連,09-13,0.007165087462308439,425.5063105847501,3.0487899311039133,0.0
202409010107,2024,馬単,02-09,0.00541189743194129,392.19933738629965,2.1225425868099905,0.0
202504010404,2025,馬単,14-06,0.008668334267924708,261.49182284213714,2.266698528724594,0.0
202507050312,2025,馬連,04-10,0.003935786843742513,741.771509046996,2.919454546370197,0.0
202106040411,2021,馬単,12-15,0.10077996947939484,39.76631570677343,4.007648083236607,0.0
202109030104,2021,馬単,02-04,0.058688137852459535,47.10995018305001,2.7647952505653404,0.0
202104050704,2021,馬単,10-07,0.2268632019175796,10.440298998480904,2.3685196597722773,0.0
202110040202,2021,馬連,04-06,0.013209270601647168,243.15998380355296,3.2119660255532736,0.0
202110040806,2021,ワイド,10-13,0.003894811060243602,529.3176435433419,2.0615922124546886,0.0
202109010512,2021,馬単,07-04,0.002267270431501801,1197.375875853324,2.714774918715813,0.0
202202010708,2022,馬単,11-02,0.011630510690005829,213.11947836167593,2.478688371333938,0.0
202201020406,2022,馬連,01-03,0.06142317388441,35.39971022125476,2.174362556377857,4810.0
202206040508,2022,馬単,10-02,0.08624357726080689,28.995840934770914,2.5007050478999826,0.0
202109020810,2021,馬単,02-08,0.00826978991856987,289.4068389973619,2.3933337595055573,0.0
202109040210,2021,馬連,09-10,0.02328829622087064,97.58200741208802,2.2725186944399,0.0
202109050810,2021,馬連,01-11,0.0008954506488576649,2977.0701323691637,2.665819381724742,0.0
202302010511,2023,馬連,11-13,0.014501566444349254,164.65382706904208,2.3877384135581057,0.0
202505030201,2025,馬連,01-10,0.033607185459032345,63.567831827291855,2.1363359134483764,3750.0
202406040612,2024,馬単,05-13,0.025382938343042193,247.05018738925872,6.270859674138574,0.0
202310010102,2023,馬連,11-17,0.0018865120242803415,1295.534828563476,2.444042031958968,0.0
202310020502,2023,馬単,12-06,0.012002109343386887,176.6336948197333,2.119976918952869,0.0
202406030807,2024,馬単,14-06,0.005717426419245207,358.424084614883,2.049263330670912,0.0
202408040603,2024,馬単,13-03,0.03735443081095397,57.61524730828955,2.152184769233504,0.0
202509040512,2025,馬単,07-01,0.03200077353217092,67.20879165071503,2.1507333209853914,0.0
202109010412,2021,馬連,04-12,0.03413884468700175,59.72514322670171,2.038947388525304,0.0
202506040105,2025,馬連,02-07,0.0031355539464469192,749.9475715765512,2.3515010676851387,0.0
202103010506,2021,馬単,11-01,0.04688701413754978,50.80590669271562,2.3821372653723922,0.0
202110040509,2021,馬単,05-14,0.01275863109072949,228.13915567888276,2.9107433246573686,0.0
202106040702,2021,馬連,03-09,0.10003242455190473,45.275152320386184,4.528983258565025,0.0
202506050707,2025,馬単,14-08,0.01345664821920548,181.55644491982213,2.443141211215602,0.0
202209020805,2022,馬連,11-13,0.003916862129581951,616.7679692462123,2.415795101479654,0.0
202104020610,2021,馬単,06-10,0.07753191859492845,28.230960967077678,2.188800567556069,0.0
202101020707,2021,馬単,09-03,0.025511839398766275,106.78482763487288,2.724277372845816,0.0
202410030503,2024,馬連,13-15,0.0832465972433839,32.50068368454712,2.7055713248221123,0.0
202404010603,2024,馬単,13-15,0.02203537495493767,114.37155046459999,2.5202199986650364,0.0
202201010606,2022,馬単,01-14,0.01388795114451559,150.94025447071644,2.0962508798300608,0.0
202106020301,2021,馬単,10-12,0.018128410617429626,291.54283361846285,5.285208200404461,0.0
202206050107,2022,馬連,03-05,0.016951656080014248,154.1398241526542,2.6129252872696673,0.0
202305010202,2023,馬単,13-03,0.005159511230945799,567.2825401469369,2.926900637007582,0.0
202307030109,2023,馬単,03-01,0.0074770151720073815,347.61497774166384,2.5991224625914287,0.0
202510010604,2025,馬単,07-04,0.03249901544999207,64.5206809167968,2.096858605958988,0.0
202308030105,2023,馬連,01-07,0.001064105405141088,1954.045208526707,2.0793100682833137,0.0
202107010807,2021,馬単,01-05,0.11561398250817229,17.79383933479542,2.0572166296062653,0.0
202109010107,2021,馬単,01-07,0.19114251493982237,16.926219796766198,3.2353202203781,0.0
202101010508,2021,馬連,03-12,0.013232261083531007,156.2113038423031,2.067028756640145,0.0
202505030609,2025,馬単,08-12,0.04310646309208922,52.22214552794035,2.251111988789873,0.0
202103010311,2021,馬連,06-13,0.12947033516387568,23.19106584527566,3.0025550677953494,0.0
202306030211,2023,馬単,08-01,0.004457445201000191,475.0031681819878,2.1173005924726884,0.0
202410030512,2024,馬単,05-02,0.025164079579541566,88.2313965106141,2.220261883207179,0.0
202501020109,2025,馬連,04-06,0.14643680883868157,18.204570468431164,2.6658192056759624,0.0
202406020807,2024,馬連,13-14,0.001306683072129965,1977.81500008884,2.5843773804208126,0.0
202410030802,2024,馬連,09-14,0.011311800403811492,225.03994737291694,2.5456069675666786,0.0
202304010803,2023,馬単,05-06,0.014227442264535619,156.22426920593583,2.2226717704467216,0.0
202507050609,2025,馬単,01-04,0.0017531837225374682,1430.378600493632,2.50771647945136,0.0
202501020312,2025,馬連,06-15,0.01683365996448023,141.6336474671774,2.384212660991531,0.0
202106040103,2021,馬単,01-05,0.004046994132988821,1077.6220305097181,4.36113003505233,0.0
202106040803,2021,馬連,02-15,0.0028953245676143075,886.2798119626057,2.566067713355921,0.0
202206020403,2022,馬単,06-11,0.008373586833902326,282.0085279209106,2.3614228964467134,0.0
202302010407,2023,馬単,06-01,0.011752456777838463,257.3566947871612,3.024573431973477,0.0
202301020812,2023,馬連,10-12,0.1472599003300918,14.908772919903011,2.195464414228889,0.0
202508030408,2025,馬単,08-03,0.07736918338426536,27.134893191708848,2.0994045274617754,0.0
202106010108,2021,馬連,05-11,0.06023851361867484,43.948592581444544,2.6473978927389394,4200.0
202105050101,2021,馬単,15-09,0.132601394603398,16.44214034274523,2.18025073971281,0.0
202406050512,2024,馬単,07-03,0.17136371924809482,17.482846889791947,2.995925666079735,0.0
202410010407,2024,馬単,15-13,0.03229126802922251,66.75349625472145,2.1555550394489114,0.0
202104030511,2021,ワイド,05-08,0.036766514954068664,76.7948615062224,2.823479423964158,0.0
202207050110,2022,馬単,05-07,0.049535239451953844,40.5695937289568,2.00962453983236,0.0
202509010811,2025,馬単,09-02,0.08405223326684667,28.279292793300087,2.376937714483915,0.0
202102010501,2021,馬連,04-05,0.039719521898162816,82.19443063059684,3.264723487339016,0.0
202109020405,2021,馬単,03-12,0.0999660710474064,21.283059594610346,2.1275838475410023,0.0
202205020709,2022,馬単,14-15,0.005988929475949741,391.86805339223724,2.3468701356438166,0.0
202207040112,2022,馬単,10-13,0.0935524565463253,33.033773786618944,3.0903906867338082,0.0
202502010510,2025,ワイド,07-13,0.12201109788100108,17.75828262575704,2.166707559649723,0.0
202202010107,2022,馬単,03-08,0.01334419601410543,245.0923190750563,3.2705599472892226,0.0
202303010208,2023,馬連,04-06,0.036026319318301914,58.489242872939876,2.1071521404262463,0.0
202410010212,2024,馬単,15-14,0.0790550439579692,28.109465685299558,2.2221950453863832,0.0
202207030402,2022,馬単,09-01,0.12110253045387383,19.938642698031366,2.4146200845472525,2660.0
202307040607,2023,馬連,03-07,0.001684349629733824,1310.5721300609807,2.207461682007682,0.0
202305050602,2023,馬単,03-12,0.36017372862025315,6.067044461472552,2.1851900253934247,0.0
202105010807,2021,ワイド,02-13,0.029158988064527117,94.4330655363185,2.753572630870218,0.0
202104010607,2021,馬単,11-09,0.03057353759377853,71.82646843591853,2.1959892329539024,0.0
202309040501,2023,馬連,10-11,0.034322199026851095,73.46075703717644,2.521334723693122,0.0
202101020108,2021,馬単,11-06,0.006042547423660844,496.96651478785645,3.002943733577071,0.0
202503010305,2025,馬連,11-16,0.019821093387642853,169.0013282859435,3.3497911105913736,0.0
202505020302,2025,馬連,06-11,0.0055560030892459165,980.3526124188082,5.446842143149203,0.0
202106020211,2021,馬単,11-10,0.030707204703764663,87.35064777604708,2.6822942222655235,0.0
202505010505,2025,馬単,15-01,0.047534602185947065,52.70797793046858,2.5054527629505015,0.0
202507020205,2025,馬連,05-17,0.012385425949632847,195.99819145045817,2.4275210864716112,0.0
202506010508,2025,馬連,08-10,0.0016827358007091217,1193.2406257759037,2.0079087198536687,0.0
202503030403,2025,馬単,08-06,0.03141785877980339,176.6488490171526,5.549928592035711,0.0
202503030308,2025,馬単,07-06,0.031493884821179215,110.38800253336768,3.476547037425921,0.0
202110020810,2021,馬単,09-02,0.038148121661483944,83.69723064590292,3.1928921374091868,0.0
202103020107,2021,馬連,03-10,0.01641751110294232,174.85934308998108,2.870755206632965,0.0
202205020409,2022,馬単,01-12,0.023977361025605787,108.23859407492223,2.5952758470384056,0.0
202306050711,2023,馬単,04-02,0.010676858189762837,237.4762244165729,2.535499971536044,0.0
202509010110,2025,馬連,07-09,0.24301376287250842,8.864192338930359,2.154120735109128,0.0
202410010204,2024,馬単,09-11,0.002810557351469592,940.1294705883822,2.6422877948953936,0.0
202510010404,2025,馬単,05-08,0.03678671570780508,64.60200201876637,2.3764954824194087,0.0
202203030201,2022,馬単,10-04,0.06501173543317017,42.20461992809517,2.7437955848228244,0.0
202407040305,2024,馬連,07-16,0.01794111097343461,118.1149009599642,2.119112545738956,0.0
202309020803,2023,馬連,03-05,0.027603860072254564,115.41821859723375,3.1859883559469298,0.0
202503020202,2025,馬単,01-10,0.016027932918048635,224.01417160315222,3.5904841151475595,0.0
202103010210,2021,ワイド,05-10,0.08908004494103351,33.58068346165297,2.991368791914667,0.0
202102010612,2021,馬単,06-12,0.1421471523639649,16.532741254760392,2.3500820901344337,0.0
202106040810,2021,馬単,02-13,0.02071232191333384,129.97436891921237,2.692070969537139,0.0
202308020711,2023,馬単,11-13,0.006797785954821233,447.08818856993327,3.0392098088271595,0.0
202407010110,2024,馬単,09-01,0.04241317263998717,48.377637471872866,2.0518490900092563,0.0
202407020503,2024,馬単,06-09,0.01248857598156213,222.18950443533248,2.7748305084462856,0.0
202501020211,2025,馬連,02-14,0.004871160714200172,596.7279511502879,2.906757752708442,0.0
202210040101,2022,馬単,12-08,0.0574379367102831,36.58778882805131,2.101527099074814,0.0
202406020403,2024,馬連,09-13,0.0901939060184692,23.24039136846269,2.0961416749195667,0.0
202207010401,2022,馬連,04-09,0.007526198026433275,332.47885485207297,2.502301701218467,0.0
202210010602,2022,馬連,09-14,0.06222725308087264,36.839002965981514,2.2923899608111493,0.0
202508010505,2025,馬単,07-09,0.061177935906937785,37.70688052533656,2.3068291200296005,0.0
202505010803,2025,馬連,05-12,0.03618137989811909,56.94973903160597,2.0605201430012765,0.0
202504010302,2025,馬単,06-03,0.007890644515109306,298.93602950673886,2.3587979415959026,0.0
202109020401,2021,馬単,10-11,0.06323749778108934,40.16921733063156,2.5402007918139087,0.0
202102010207,2021,馬単,10-07,0.028626102805962342,121.88311525324305,3.4890385875502923,0.0
202102010708,2021,馬連,07-14,0.04398227411459556,55.89659371743007,2.4584593069521894,0.0
202507050506,2025,馬連,04-11,0.03196041586971719,203.38306262658645,6.500207262402439,0.0
202209010104,2022,馬連,08-12,0.0022750518369579467,1036.480409610455,2.3580466598551904,0.0
202105050502,2021,ワイド,08-10,0.3152158048429285,6.928413929397749,2.1839455730400683,0.0
202508030804,2025,馬単,03-07,0.06420189569807912,33.427587832832884,2.1461145074819155,2580.0
202110010310,2021,馬連,15-16,0.009695341869482784,241.38940592704287,2.3403528141340346,0.0
202106010711,2021,馬単,14-05,0.012213841767047349,169.24273224516836,2.0671039518652483,0.0
202107050410,2021,馬単,06-04,0.006003406395401786,392.76360494644575,2.357919537816553,0.0
202204030510,2022,馬連,06-10,0.009298257660704443,299.31661924816837,2.7831230479004367,0.0
202506020111,2025,馬連,06-07,0.0022914146032661322,1278.8941099638266,2.930476639602155,0.0
202407030403,2024,馬単,02-07,0.009816748847773905,214.25673704100097,2.103304576475043,0.0
202501020612,2025,馬単,05-09,0.0042084860780207305,616.1259596956723,2.592957523686399,0.0
202301020612,2023,馬単,05-06,0.010735004573645268,221.27599850170762,2.3753988559537547,0.0
202104020603,2021,馬連,09-12,0.0006915392180741713,3703.091360087157,2.560832903611892,0.0
202105020507,2021,馬連,01-07,0.012806782838401745,297.25806244967237,3.8069194527570183,0.0
202209050501,2022,馬連,08-10,0.07367914113835639,38.296757848867806,2.8216722266881886,0.0
202106050610,2021,馬単,05-04,0.050439214488763595,52.295859255711946,2.637762061873048,0.0
202305050712,2023,馬連,02-13,0.009302388933811592,290.785997444033,2.7050044447307386,0.0
202307040410,2023,馬連,01-11,0.0040288277661045205,1117.2225268568639,4.5010971371183865,0.0
202404010701,2024,馬単,04-01,0.003240415676738229,649.8811334392518,2.1058850128129603,0.0
202308020202,2023,馬単,08-05,0.04591825236492215,61.8272850266496,2.8390008768916686,0.0
202503030606,2025,馬連,02-14,0.017314713687561736,133.61255641501626,2.3134631593891966,0.0
202508030108,2025,馬単,10-12,0.06167366030560084,33.074904985204135,2.0398504546975036,0.0
202105010312,2021,馬連,03-07,0.0005992754569384207,5892.490507006074,3.5312249410913714,0.0
202105020212,2021,馬単,06-12,0.0407971297856363,67.93221403742587,2.771439352710487,0.0
202101020111,2021,馬連,06-12,0.002003869393362369,1754.8145272485938,3.516419122181112,0.0
202110040209,2021,馬単,12-10,0.018577754149372218,139.80560338145807,2.597274128325369,0.0
202110040707,2021,馬単,03-07,0.05066608029967556,52.73767245554481,2.6720111474506214,0.0
202505050406,2025,馬単,15-08,0.02502914115611284,180.05236409271447,4.506556036368373,0.0
202507050407,2025,馬連,01-14,0.005436271434357808,399.40838852459615,2.171292413179147,0.0
202502010810,2025,馬単,07-02,0.09337714473368758,30.00779277149549,2.8020420087624385,0.0
202207020311,2022,馬連,17-18,0.0014192351261419346,1849.794597817633,2.6252934693703778,0.0
202409010712,2024,馬単,14-09,0.008556371379731356,319.7656851742183,2.7360339568448686,0.0
202504030306,2025,馬連,13-17,0.0063786998116880985,342.12695960459695,2.182325172803264,0.0
202204030312,2022,馬単,06-08,0.011052830605844709,217.16378296790282,2.400274506868654,0.0
202403030605,2024,馬単,09-10,0.025740676303275572,83.03674739768807,2.137422036040749,0.0
202404040206,2024,馬単,05-03,0.0070789706562505925,315.88404217948363,2.236133865366389,0.0
202507020605,2025,馬連,12-17,0.010736727711690961,247.31307816592826,2.6553331798077147,0.0
202309030306,2023,馬連,04-18,0.004711178376732711,559.544802875389,2.6361153761197,0.0
202107010108,2021,馬連,02-05,0.027411164068517055,161.16890101470844,4.417827188456758,0.0
202206010408,2022,馬連,04-09,0.00821782923966969,284.8152563593351,2.3405631416137624,0.0
202206020802,2022,馬連,02-12,0.0022301980908666394,1549.2438040954478,3.4551205741806377,0.0
202104010410,2021,馬単,10-09,0.019770734562737317,111.66556838237085,2.2077103122850468,0.0
202510010705,2025,馬連,04-07,0.016691592839614702,223.6046921315505,3.7323184780872385,0.0
202203010503,2022,馬連,01-09,0.04062088875705779,52.109345560263606,2.1167279292065513,0.0
202501020503,2025,馬単,10-04,0.001434708092678919,2038.2931692090217,2.9243557051163447,0.0
202110010807,2021,馬単,01-05,0.021296829225290848,135.1972834286384,2.8792734569029563,0.0
202104020606,2021,馬連,06-12,0.004693779731257941,427.55099303870395,2.0068301852042736,0.0
202309030611,2023,馬連,03-06,0.003924617718320799,629.3459946716688,2.4699424416426585,0.0
202103020206,2021,馬連,10-12,0.0046941126001813025,490.31948347437543,2.3016148654914534,0.0
202204040309,2022,馬単,09-16,0.014849790103274444,216.3969742027001,3.213449645893791,0.0
202501010110,2025,馬単,12-13,0.01455332163589778,147.82948817157035,2.1514100886310095,0.0
202209020604,2022,馬連,05-10,0.003360651087295826,666.529311615866,2.2399724557963987,0.0
202207030210,2022,馬単,07-02,0.014432790319610775,158.5840783832505,2.288810751334174,0.0
202207030711,2022,馬単,15-14,0.003164346753674969,1058.8201207173463,3.3504740117176737,0.0
202201020611,2022,馬単,16-15,0.03850497368086565,56.52002202379672,2.1763019604682396,0.0
202505030211,2025,馬単,01-03,0.015115714169345347,151.0166029572221,2.2827238051268823,0.0
202109020107,2021,馬連,05-08,0.15021371142059792,13.518751760792302,2.0307018757623547,0.0
202104050309,2021,馬連,03-18,0.0019251275020833786,1247.0078724607833,2.400649150588736,0.0
202401020202,2024,馬連,01-12,0.025833733173318496,80.15417525503835,2.0706815762660686,0.0
202403030211,2024,馬連,07-08,0.004193850797863703,501.9290545023932,2.105015565695836,0.0
202504010811,2025,馬単,12-07,0.012011387530458138,195.61590582013434,2.349618451927235,0.0
202106020503,2021,馬単,05-11,0.029889417033455178,67.98623290557634,2.0320688678483845,0.0
202205040205,2022,馬連,14-15,0.0002807984924584812,7763.600415628892,2.180007292758631,0.0
202504030308,2025,馬連,01-04,0.010101270560463387,224.50074438653422,2.267742760073814,0.0
202309050801,2023,馬連,07-09,0.16602550045049794,17.813109992077646,2.9574305010144566,0.0
202510020808,2025,馬単,07-11,0.04767836968078729,49.27965063117197,2.34957340053306,0.0
202306050602,2023,馬連,03-07,0.004753043756227041,517.3966695437625,2.459209009667646,0.0
202105030109,2021,ワイド,02-06,0.09121073830575575,25.17395868118834,2.296135357389778,0.0
202105040407,2021,馬単,02-04,0.03782259661042301,57.79338390225215,2.185895846086198,0.0
202106020708,2021,馬単,06-07,0.001216119331036212,4644.313449691797,5.6480393655616705,0.0
202104020101,2021,馬連,01-09,0.02648884769164324,95.72816943544751,2.535728899975387,0.0
202310030502,2023,馬連,01-14,0.0008760380768894555,3649.8586280792706,3.1974151334609506,0.0
202105050408,2021,馬単,02-01,0.03333775612747332,65.12740820370911,2.1712016519096595,0.0
202403030201,2024,馬単,11-16,0.0015724250914686702,1913.8435362036216,3.009375597471703,0.0
202105050412,2021,馬連,03-12,0.0069579421736944425,433.9449831091213,3.0193640990380777,0.0
202206020812,2022,馬単,10-12,0.034260289520853714,123.63726080624298,4.235848350787184,0.0
202206030509,2022,馬連,06-09,0.00311851079726965,1052.9998559001972,3.283791420148151,0.0
202205030409,2022,馬単,01-11,0.006282398937646836,327.42607413734703,2.057021220318343,0.0
202206050510,2022,馬単,13-09,0.005493038293514949,510.3255218212472,2.8032376335221096,0.0
202105050310,2021,馬連,03-09,0.007548515136213119,372.72928502179417,2.813552649696907,0.0
202508020203,2025,馬連,10-13,0.05499687685285766,47.636774593615726,2.6198738259924226,0.0
202507030711,2025,馬単,15-01,0.013453476702267339,162.76816530857337,2.189797719849691,0.0
202106050612,2021,馬単,10-02,0.09654083197572984,31.695151371788658,3.0598762830291717,0.0
202203010609,2022,馬連,03-15,0.012490593246331299,199.2192316619457,2.4883663895360097,0.0
202110040603,2021,馬単,06-04,0.048434835925254244,64.67956420979178,3.1327440802182114,0.0
202203010410,2022,馬単,07-11,0.030262609196851687,119.65532268300718,3.6210822686790296,0.0
202110020506,2021,ワイド,13-15,0.009531910870607115,314.253935197383,2.995440501038999,0.0
202309020202,2023,馬単,02-15,0.004002860530899332,573.353483149578,2.2950540279531007,0.0
202307040306,2023,馬連,15-16,0.006135606173851969,464.7638625506937,2.8516080244493245,0.0
202407010201,2024,馬単,01-13,0.018246069097757982,125.97532529147465,2.298554489880785,0.0
202308010309,2023,馬連,01-07,0.07155224742390265,29.456969956466345,2.1077124026835468,0.0
202305020302,2023,馬連,05-08,0.26753554818943936,7.579230825989353,2.027713673885359,1170.0
202505010610,2025,馬単,05-15,0.10741549656569489,20.95674751997834,2.251079441260368,0.0
202410010708,2024,馬単,12-11,0.004370272220736659,523.5294534350586,2.2879662270846826,0.0
202202010407,2022,馬単,03-05,0.05767456124759073,35.8390129331555,2.0669993464664733,0.0
202505020612,2025,馬単,08-15,0.015399842267062454,132.3344394382479,2.0379294938491466,0.0
202507020203,2025,馬連,11-14,0.10411972666234888,25.886579503094108,2.6953035820853217,0.0
202106050407,2021,馬連,05-08,0.009220454083699408,244.43686007598572,2.2538188446942833,0.0
202205010809,2022,馬連,01-08,0.00016510165069725434,14618.193041945528,2.4134878014363244,0.0
202308030811,2023,馬単,01-03,0.0010330969875700126,2228.214372680173,2.3019615560760918,0.0
202104040307,2021,馬単,08-02,0.024072488202766033,107.85371185867892,2.5963072063425754,0.0
202107010402,2021,馬単,09-03,0.009829120520637277,255.12996343136578,2.5077031589926753,0.0
202107030206,2021,馬連,06-07,0.0018687502091947442,1102.9646677272904,2.061165453549785,0.0
202104050209,2021,馬連,11-13,0.04181486421890776,76.05075749254084,3.1800520982956773,0.0
202203030510,2022,ワイド,05-14,0.0034016560564996516,1014.3772098256096,3.450562379378503,0.0
202101020202,2021,馬連,04-09,0.024124230998206157,114.56698405396091,2.763840388085554,0.0
202104040804,2021,馬単,15-08,0.007363690516920463,516.4105737848691,3.802687645017096,0.0
202504010602,2025,馬単,05-08,0.037826121792645176,58.420728281162546,2.209829583178285,0.0
202110010705,2021,馬単,11-05,0.1642367579207459,22.70592593051944,3.7291476604171088,0.0
202304030807,2023,馬連,03-15,0.007040599021092589,286.2181900065348,2.015147508378902,0.0
202104020507,2021,馬連,12-14,0.009087156976396733,302.2051342461709,2.7461854939680035,0.0
202104050412,2021,馬単,10-05,0.10581913457632129,20.101595059924477,2.1271333928448635,0.0
202109050208,2021,馬連,03-07,0.011651756058672257,221.2208759057503,2.5776116811396097,0.0
202310030205,2023,馬連,04-11,0.0034899587433943656,6697.031510705366,23.37236367557377,0.0
202507050306,2025,馬連,02-10,0.05668121301446604,51.85142419220983,2.9390016197420827,0.0
202107010105,2021,馬単,10-04,0.04124133240162389,48.952075142236154,2.0188488026902314,0.0
202102010206,2021,馬単,01-13,0.0891314399203622,51.88365334057557,4.62446473057441,0.0
202210020401,2022,馬単,10-04,0.02179483467059055,128.6542800552761,2.803998763468598,0.0
202509010104,2025,馬単,12-07,0.03646715051799546,60.92001066184213,2.221579198363285,0.0
202110040703,2021,馬単,07-01,0.006900014882320697,345.1703620524234,2.3816806350977444,0.0
202107010312,2021,馬連,06-12,0.009531302322773697,263.4936808205569,2.511437932041165,0.0
202107030211,2021,馬連,04-13,0.14400747963815735,21.176382009715365,3.049557401073927,0.0
202505040401,2025,馬単,05-10,0.15298809642694317,14.719751556855368,2.251946770560836,0.0
202104020204,2021,馬単,12-04,0.06263702252139261,85.90682310595882,5.380947613629234,0.0
202303010503,2023,馬連,06-10,0.1068339755494575,22.074959018925615,2.3583556320831756,0.0
202201010411,2022,馬単,10-02,0.22093736495715444,11.357670968597567,2.5093338958523184,0.0
202109020702,2021,馬単,14-08,0.01620420622780531,173.32761596526927,2.808636434075064,0.0
202110030511,2021,馬連,01-06,0.08968826821603826,40.94477464783899,3.6722659306606267,0.0
202210030111,2022,馬単,01-13,0.013464865780364843,152.9408516149465,2.0593280393299502,0.0
202109020105,2021,馬単,08-03,0.006659271486629116,354.9010780807168,2.3633826298368508,0.0
202308030803,2023,馬単,12-07,0.003200278568133035,644.3494550071596,2.062097751247614,0.0
202505010411,2025,馬単,07-06,0.1017007438166996,19.82272807811135,2.0159861900201004,0.0
202507030807,2025,馬連,05-09,0.020148917167487203,125.69497132230644,2.5326175655428322,0.0
202505040611,2025,馬単,14-07,0.016597629308593303,125.68774224959077,2.0861185544927285,0.0
202101010301,2021,馬単,11-03,0.055407571831424765,42.179255248306326,2.337050114966533,0.0
202102010603,2021,ワイド,08-09,0.01099649225967383,215.70954482222893,2.3720483399754055,0.0
202501010708,2025,馬単,07-09,0.11555503451313899,42.636152613202874,4.926822086726119,3180.0
202304010312,2023,馬連,03-15,0.036503999252834735,65.33627437323449,2.385035310903557,0.0
202510010711,2025,馬連,04-17,0.0036043455047574217,646.934204490245,2.331774391828233,0.0
202510020211,2025,馬連,01-05,0.2257195211169643,9.18289415388242,2.072758470882111,0.0
202109030303,2021,馬連,05-14,0.0015262650201369986,1462.5618693313625,2.2322570209466384,0.0
202209040212,2022,馬連,02-14,0.0069186448735761505,318.71653841395187,2.2050865446216243,0.0
202207020509,2022,馬単,13-04,0.3085746144993973,11.010207680977363,3.3974705907158933,0.0
202206040309,2022,馬連,10-13,0.14611603964396397,27.254260683585226,3.9822846345096674,0.0
202410020806,2024,馬単,08-10,0.02092685683110818,121.87597704633484,2.550481122800076,0.0
202106050711,2021,馬連,06-07,0.00874176204274079,356.91237629316777,3.1200430636640317,0.0
202206010410,2022,馬単,11-01,0.012046634802035393,184.66687598861745,2.224614415067633,0.0
202206030411,2022,馬単,04-08,0.06321042583288468,39.05980905469915,2.468987163298698,0.0
202105050206,2021,馬単,13-01,0.07474314995549795,28.292384677479113,2.114661950547454,0.0
202501020309,2025,馬単,01-07,0.06503397556179089,33.896866374736234,2.2044479794358876,0.0
202506040609,2025,馬単,11-04,0.01692125990170461,122.63750125667804,2.075181032459875,0.0
202109050203,2021,馬単,12-02,0.21468627096902723,14.98995282824423,3.2181370746973768,0.0
202207030610,2022,馬連,01-04,0.005018027549175016,501.83456277897767,2.518219661153109,0.0
202410020710,2024,馬連,08-13,0.01388617827866072,188.08141644744245,2.6117320796922163,0.0
202403020612,2024,馬単,05-02,0.036570555788257915,75.90434710332626,2.775864160313486,0.0
202401010512,2024,馬単,03-08,0.020736480263107177,113.2647418241905,2.348712083343256,0.0
202308020304,2023,馬連,03-16,0.07358252045422703,30.3974965983362,2.23672441520437,0.0
202310010809,2023,馬連,07-12,0.024034403760092967,92.17033756474959,2.2152591077352555,0.0
202509010810,2025,馬連,14-16,0.0014270049204556951,1585.2904611521503,2.2622172884155964,0.0
202509020412,2025,馬連,07-09,0.1032212060944074,21.435253569370236,2.2125727263698467,0.0
202309020503,2023,馬連,06-14,0.0752240430399736,48.007021580224475,3.611282257571747,0.0
202304040605,2023,馬連,12-17,0.00649788662549425,559.2953360316145,3.63423768370114,0.0
202410020206,2024,馬単,08-11,0.03343704718348282,106.91063478633876,3.5747759397669086,0.0
202405050501,2024,馬単,10-08,0.07024214433871007,32.13217413443771,2.25703281346774,0.0
202106030705,2021,馬単,15-05,0.16839107683429674,13.626480603082825,2.2945777422147744,0.0
202201020609,2022,馬単,15-09,0.001938162111484338,2000.1385457456406,3.876592747083584,0.0
202105040512,2021,馬単,08-12,0.23337444240078276,15.779952214479682,3.6826375491651926,0.0
202203020809,2022,ワイド,03-09,0.21875956302013091,9.345087824942725,2.0443273289692163,0.0
202306010108,2023,馬単,11-04,0.018168562367576264,115.35748037987743,2.095879576848258,0.0
202210030101,2022,馬単,05-10,0.404630954644322,5.23985494534446,2.1202075087325007,0.0
202206040609,2022,馬連,02-07,0.0941597210659138,30.075100951583984,2.831863116630347,0.0
202408040501,2024,馬単,05-01,0.03425275187817642,70.38137965273148,2.410755934088746,0.0
202205020810,2022,馬連,05-11,0.1454366653185829,19.621532460757567,2.853690249532909,0.0
202104050506,2021,馬単,06-01,0.03580692672553342,63.663137489706415,2.2795812992114772,0.0
202110030109,2021,ワイド,06-13,0.015115751955235207,145.32472465852706,2.1966924909011487,0.0
202109050307,2021,馬単,06-05,0.034374950574167014,112.62599342861438,3.8715129574750784,0.0
202106010610,2021,馬単,14-01,0.07924375036019224,28.455282680684046,2.2549033171768285,0.0
202109040511,2021,馬連,01-15,0.0752647465896853,54.564293694522284,4.106767737763383,0.0
202209040111,2022,馬連,01-09,0.013046333101231902,286.2490420721617,3.734500352781967,0.0
202307030703,2023,馬連,08-14,0.011446047265480614,283.0614554062854,3.2399347976160757,0.0
202310030706,2023,馬単,09-11,0.03335374927618495,61.67082636363253,2.056953280187736,0.0
202506050601,2025,馬単,03-16,0.05696763967373813,49.84921011067918,2.839791839605635,0.0
202110020711,2021,馬単,03-05,0.011818342117436044,202.32495790919177,2.391145571466676,0.0
202502010306,2025,馬単,03-06,0.004081840932028521,534.8411701196469,2.183136580328404,0.0
202508020710,2025,馬連,05-13,0.003473325265609057,974.4546269677347,3.3845978760366817,0.0
202106020501,2021,馬単,08-14,0.023325965843174305,90.7580501144896,2.1170191769636864,0.0
202109020407,2021,馬連,10-13,0.07081798622892457,28.544447509250514,2.0214602906223633,0.0
202207020107,2022,馬連,05-12,0.0173945939135573,115.37020295599396,2.006817830144203,0.0
202207050412,2022,馬連,09-13,0.06824275386876985,40.081109086068935,2.735245262147917,0.0
202305030709,2023,馬連,03-04,0.006698609104948376,305.5956346427197,2.0470657006501995,0.0
202309040504,2023,馬連,01-08,0.016029229607077658,141.39368536459537,2.266431847699995,0.0
202304030609,2023,馬単,15-16,0.002458250716021112,1212.1630342688138,2.9798006469256353,0.0
202205010211,2022,馬連,03-04,0.020221607659267636,219.5331267651275,4.439312757656675,0.0
202107040411,2021,馬連,02-16,0.01929082883938484,181.27976665408008,3.497036950567482,0.0
202508020512,2025,馬単,05-04,0.05173708775375057,55.925460553226394,2.89342046031119,0.0
202501010703,2025,馬単,01-12,0.042672626555114175,46.9796740332199,2.0047460857005874,0.0
202105050311,2021,馬連,06-16,0.03264930425737015,81.47999548718617,2.6602651635502883,0.0
202105020303,2021,馬単,05-13,0.11737230587447739,20.27959552835036,2.3802628893642224,0.0
202106020307,2021,馬単,12-07,0.018291660188369547,138.35348530808056,2.5307149391319883,0.0
202104050509,2021,馬単,07-03,0.018236442086246387,211.52740119278818,3.8575072015064866,0.0
202507050103,2025,馬連,01-12,0.013989993078019942,242.65902515574624,3.3947980822479566,0.0
202509020101,2025,馬連,01-12,0.003777097445369297,539.0583482139567,2.036075909943929,0.0
202109040610,2021,馬単,02-01,0.010961012890631042,191.63095324549096,2.100469348767741,0.0
202309010811,2023,馬連,14-16,0.006071671795082336,598.3992507234468,3.633283852815955,0.0
202307040110,2023,馬連,10-11,0.04001630257696277,53.02798455011283,2.1219838748038224,0.0
202106010302,2021,ワイド,11-14,0.0843505663700569,31.450383871817852,2.652857692143539,0.0
202206010308,2022,馬単,05-10,0.03711686078035592,56.7376575621349,2.105923736737269,0.0
202107050306,2021,馬連,01-13,0.11930699621678095,19.509241712871724,2.327589027229852,0.0
202109050608,2021,馬単,12-10,0.06565525793289274,33.80371072036785,2.219391346434643,0.0
202509030502,2025,馬単,10-08,0.006220921068027249,354.8617666713513,2.207567040523179,0.0
202505020711,2025,馬単,07-12,0.06852932591860975,29.22880136697171,2.0030300550875104,0.0
202204040107,2022,馬単,01-08,0.05255838204643265,39.101961117019485,2.0551358111530647,0.0
202206020410,2022,馬連,06-08,0.015568334282780141,214.69711040501764,3.342476384332269,0.0
202207040411,2022,馬単,10-09,0.021242604605533975,119.3792402699122,2.535925999162784,0.0
202507030611,2025,馬単,05-15,0.009641628105864136,207.87153909815714,2.004220073778028,0.0
202503030304,2025,馬単,05-13,0.023330887558721175,105.356039251815,2.4580499054163103,0.0
202110020410,2021,馬連,11-13,0.005430903758958333,424.3515256456763,2.304612295748807,0.0
202301020503,2023,馬単,10-04,0.03869439391817658,75.37695422514174,2.916665559139999,0.0
202407040304,2024,馬単,09-08,0.023942802223728313,86.25513826434722,2.065189716243606,0.0
202509030504,2025,馬単,06-08,0.008813907519772263,523.9909815298216,4.618408052398544,0.0
202109010505,2021,馬単,01-15,0.023938233971090902,105.50881980562916,2.5256948145208207,0.0
202107020602,2021,馬単,06-12,0.0009494839346056151,2340.6314937867764,2.222392000182487,0.0
202205030708,2022,馬単,04-10,0.01577285293248913,169.30540754951716,2.6704292939536693,0.0
202305030708,2023,馬連,04-11,0.014528817955605202,159.92911329673993,2.323580972889694,0.0
202207010206,2022,馬連,08-16,0.03445083837025722,72.14448299695763,2.4854379230339574,0.0
202507020406,2025,馬連,04-11,0.03200679652144016,140.55189291877915,4.49861583735461,0.0
202207010102,2022,ワイド,02-05,0.034965900031913216,62.33003078556653,2.1794256254341926,0.0
202204040311,2022,馬単,02-14,0.018707082698115232,129.22133470852515,2.4173541947532082,0.0
202306020311,2023,馬単,15-10,0.0012012419732686675,2167.082497758976,2.603190455843985,0.0
202401020611,2024,馬単,09-12,0.017158132693074608,126.68303538278552,2.1736443310592994,0.0
202309040507,2023,馬単,06-10,0.1721370578640434,11.855439438142701,2.0407604645672324,0.0
202203030310,2022,馬単,14-09,0.0035152336232821173,698.4869307734488,2.455344744477956,0.0
202110010202,2021,馬単,03-09,0.013426946784905842,202.1413969418413,2.7141417797646317,0.0
202109010703,2021,馬連,07-08,0.03180919634101602,67.72843874772117,2.15438720599674,0.0
202105030707,2021,馬連,01-09,0.21270453286588445,10.148757273259998,2.158686674978015,780.0
202307020305,2023,馬単,08-13,0.00567959339867506,629.4432347647224,3.574981641010394,0.0
202207010109,2022,馬連,07-14,0.005452233349716657,454.2983475952276,2.47694060147987,0.0
202110030110,2021,馬単,08-11,0.011503782762064034,200.06039913305372,2.301451370918474,0.0
202207040310,2022,馬連,14-15,0.0039826532068784615,770.8893212340244,3.0701848273610475,0.0
202408040205,2024,馬単,10-07,0.0019857748793131085,1119.0745685335517,2.2222301662720825,0.0
202510010306,2025,馬連,03-16,0.0031990227707465197,1006.5759727243702,3.220059457231588,0.0
202101010604,2021,馬単,10-07,0.046364257265755895,45.05074868648144,2.08874450211494,0.0
202209030208,2022,馬単,01-05,0.00962009058898302,252.16357342544185,2.4258364195944218,0.0
202309020706,2023,馬連,12-13,0.0034652046724008225,785.5617581780403,2.7221322748979504,0.0
202206010405,2022,馬単,09-05,0.061173020509217475,32.71217018702282,2.0011022577517594,0.0
202210030802,2022,馬連,01-04,0.012797565472749076,185.7933070993729,2.3777020120028003,0.0
202508020705,2025,馬単,01-07,0.02228259968276816,89.90574834272107,2.0033337995005507,0.0
202510020602,2025,馬単,09-15,0.01107199577400655,351.51479679959647,3.891970344665903,0.0
202405050702,2024,馬単,05-14,0.06277995677075489,60.685755484323025,3.809849105906401,0.0
202509020403,2025,馬連,08-15,0.0002640529091815843,9494.551031915005,2.5070638213501706,0.0
202207020408,2022,馬単,07-06,0.0037887986422501445,637.0887712683912,2.4138010715744933,0.0
202405050111,2024,馬連,05-09,0.0025560303050406767,960.7557079181336,2.455720705179558,0.0
202207020611,2022,馬連,04-16,0.0006174225757393106,19118.827935109395,11.804395988811928,0.0
202209050812,2022,馬連,01-15,0.000995584767907598,8521.48443216416,8.483860100624364,0.0
202406050504,2024,馬連,07-13,0.032835928885227954,113.04678408134512,3.711996162798768,0.0
202407040504,2024,馬単,09-03,0.04878075180714636,71.84223405477285,3.5045181886967924,0.0
202210020206,2022,馬連,05-06,0.0008687635970840138,3266.227820973909,2.8375798306451734,0.0
202410010812,2024,馬連,03-13,0.004949210536512795,495.76464251160036,2.4536435923489117,0.0
202107050303,2021,馬連,03-07,0.09149706816013717,28.737332710582262,2.6293816897606845,0.0
202105020403,2021,馬単,11-04,0.002121225334300786,977.1590661642258,2.0727745667892536,0.0
202104050107,2021,馬連,09-15,0.06528290377605489,39.420586649634394,2.573490365043716,0.0
202210030105,2022,馬単,03-07,0.01172928271202616,436.44587330836526,5.119197036530969,0.0
202210030501,2022,馬単,07-03,0.010536087256306679,204.4568039198399,2.1541747262450186,0.0
202210040509,2022,馬単,16-08,0.008062392753118226,381.9553201730149,3.079473805377867,0.0
202104050108,2021,馬連,02-04,0.0009268069910037117,6463.909317883015,5.990796345028012,0.0
202307020601,2023,馬連,12-14,0.0005722715968198367,4197.35164870828,2.4020251304206615,0.0
202309030702,2023,馬連,05-14,0.0002237700539689075,25291.746637177497,5.659535509969143,0.0
202107050507,2021,馬単,08-07,0.011693501829406308,175.9659222673016,2.0576578339458593,0.0
202401010504,2024,馬単,05-14,0.019263350483657463,112.0262155785498,2.1580002540473724,6110.0
202107040402,2021,馬単,07-03,0.04271258161336107,58.289410181914924,2.489691189589721,0.0
202110030204,2021,馬単,06-01,0.01013124444406535,216.00950859628924,2.1884451338314417,0.0
202107010708,2021,馬単,11-01,0.008865553384293944,230.39341088617957,2.0425650836009943,0.0
202107030809,2021,馬連,05-08,0.0028917154634834257,705.4799236331484,2.0400472043470814,0.0
202107050209,2021,馬単,01-08,0.027289203154898935,106.37755986186289,2.902958842192799,0.0
202109050408,2021,馬単,07-03,0.16614153124427394,16.036115693921104,2.6642648165983847,0.0
202408030803,2024,馬連,14-16,0.0011856007412174192,2498.5833168522377,2.962322232453491,0.0
202408040304,2024,馬連,03-07,0.007672589458093423,264.12674276459745,2.026536062136204,0.0
202407040505,2024,馬単,08-14,0.01631450831530849,132.14203036369665,2.155832253170276,0.0
202408010108,2024,馬連,04-13,0.04662521049231781,43.38288253825839,2.0227360301097965,0.0
202105050707,2021,馬単,09-08,0.006437685360245282,329.3011223466672,2.11993701444348,0.0
202305010112,2023,馬単,07-05,0.10638315817606221,19.532579879752053,2.077937534934233,0.0
202109020708,2021,馬連,02-08,0.04080073406092277,62.33252649311865,2.5432128367911573,0.0
202107030307,2021,馬連,07-12,0.006299486004253218,447.7344461641461,2.8204968772331043,0.0
202309050706,2023,馬連,01-05,0.001064363430677312,1977.4919077370214,2.1047700710555985,0.0
202109040807,2021,馬単,01-10,0.05956679901314576,53.658063557446724,3.19623908736103,0.0
202204040506,2022,馬単,09-05,0.05297805648176455,58.22278820573462,3.084530162089224,0.0
202509030212,2025,馬連,01-09,0.013211765221535197,165.05977496963433,2.1807309944182407,0.0
202105040611,2021,馬単,12-13,0.10366227876484786,61.17598177341949,6.341641676309463,0.0
202203020811,2022,馬単,15-13,0.030859082809725758,77.14167095038349,2.3805212119385,0.0
202304040304,2023,馬単,02-08,0.031223023073637987,114.64218070123607,3.5794754532468693,0.0
202509040105,2025,馬単,01-10,0.007829993378453021,356.53379485310876,2.7916572528945696,0.0
202406010309,2024,馬単,09-01,0.007986946001155555,488.92224136340303,3.904995540533443,0.0
202408030110,2024,馬単,07-11,0.003833878880352624,772.9160298997867,2.9632664433187896,0.0
202204010406,2022,馬単,05-02,0.037790736191106726,89.71880507520491,3.390539693978396,0.0
202301020211,2023,馬連,07-10,0.0071781972667537145,370.08223835710737,2.6565233118490847,0.0
202306050401,2023,馬単,12-04,0.05849517129894645,34.871561689521904,2.0398179744903624,0.0
202406040603,2024,馬単,08-04,0.005454249527302003,488.7039799866251,2.6655134518326573,0.0
202104040710,2021,馬単,06-10,0.008899566840718121,429.68225933551537,3.823985987227197,0.0
202206030308,2022,馬単,02-04,0.008527256164553925,376.7637529615069,3.2127610350214817,0.0
202205040809,2022,馬連,10-16,0.012845290555025826,193.90489695685864,2.490764741453192,0.0
202104020201,2021,馬単,04-08,0.024617454825931605,108.42965833681008,2.6692622158976205,0.0
202509010301,2025,馬連,06-15,0.03406211231835021,86.18290868246999,2.935571915464412,0.0
202104040603,2021,馬単,12-14,0.07357236009688392,49.94348961112102,3.6744604021643763,0.0
202109050612,2021,馬単,06-14,0.083439713920504,35.57742584791723,2.9685702347781584,0.0
202204030803,2022,馬連,02-04,0.007275434755222316,623.0585966915775,4.533022168909946,0.0
202106030710,2021,馬連,03-12,0.006317062777137127,574.1994712418655,3.6272541064338086,0.0
202105030709,2021,馬単,14-06,0.045541356810489486,57.20248403493555,2.605078735881328,0.0
202104040110,2021,馬単,11-15,0.06074798370799021,32.95810283889643,2.002138294303546,0.0
202105020402,2021,馬単,13-11,0.03443647955651901,66.93637992220408,2.3050532787783706,0.0
202207030710,2022,馬単,12-04,0.036625252954110274,55.66882513795212,2.038884802335629,0.0
202109050609,2021,馬連,04-05,0.035184274032032635,64.16980371100824,2.257767958349859,0.0
202401010404,2024,馬連,05-14,0.010180178585560092,241.44186228099028,2.457921276050686,0.0
202106050506,2021,馬連,02-11,0.06347660206461819,42.01940330884564,2.6672489428282957,6370.0
202409020705,2024,馬単,07-04,0.00985862066448537,243.6249085164388,2.4018055574835215,0.0
202104010503,2021,馬単,12-09,0.012915795068105364,266.69961785021883,3.444637608895442,0.0
202206050308,2022,馬連,08-09,0.0017057187520023807,1771.7185660238658,3.022053581337676,0.0
202306010204,2023,馬単,09-03,0.006143437960048501,364.01932531258956,2.2363301413166066,0.0
202106020203,2021,馬単,01-11,0.025045148552244077,103.94591009052537,2.6033407596154143,0.0
202106040209,2021,馬単,02-09,0.06401828602113052,45.33193057113242,2.9020724971927856,0.0
202205010207,2022,馬単,12-06,0.04250294444948624,48.57140384385704,2.064427679409018,0.0
202205040108,2022,馬単,09-01,0.05178716227578769,49.9363550284319,2.5860621213187494,0.0
202304010812,2023,馬連,11-14,0.1593731276846751,13.629553129508016,2.172184511194144,0.0
202309040602,2023,馬単,08-03,0.1510083549108482,14.92246040545447,2.2534161970499484,0.0
202509050302,2025,馬単,06-01,0.15716646134946502,14.572877641870138,2.290367610651466,0.0
202206020504,2022,馬連,05-10,0.007459500383094909,278.34805875828044,2.0763374509411174,0.0
202404030305,2024,馬単,04-02,0.044353336163935844,53.40627491808008,2.368746464705181,0.0
202408010601,2024,馬連,04-06,0.009963917322240187,701.5369305836514,6.9900559748336555,0.0
202506010412,2025,馬単,09-12,0.058742642681118104,34.603914601891205,2.0327253908268204,0.0
202106010409,2021,馬単,08-14,0.13549680199916964,22.916635526864958,3.1051308264707576,0.0
202210020508,2022,馬連,01-02,0.03951810602698875,79.87656695158509,3.156570641864605,0.0
202106050103,2021,馬単,03-01,0.08493532591778331,25.286968761023218,2.1477569331903124,0.0
202508040201,2025,ワイド,04-14,0.08940899462714814,26.53709895613263,2.372655337988961,0.0
202107050206,2021,馬単,01-13,0.08160204101907824,35.919537524208664,2.9311075744367954,0.0
202104050806,2021,ワイド,09-11,0.022943631324703756,153.22499467056045,3.515537787451037,0.0
202207010304,2022,馬連,06-07,0.0023676620619490158,1052.1019667552614,2.491021911988377,0.0
202509040810,2025,馬単,09-16,0.025032701822830516,118.69719507734004,2.9713114915773993,0.0
202509020108,2025,馬単,07-09,0.09626950656989723,23.405121586877215,2.2531995063771197,0.0
202504010304,2025,馬連,05-12,0.02870037128426009,119.02927977512942,3.4161845232442847,0.0
202507050608,2025,馬連,03-06,0.04528240897624377,51.127576856101676,2.3151798451623318,0.0
202506040610,2025,馬連,03-05,0.00616104966875732,507.7744090622362,3.1284233547563343,0.0
202502010108,2025,馬単,05-10,0.01055184005353658,233.53850574815687,2.4642609589964843,0.0
202502010807,2025,馬連,04-10,0.011376037534722504,265.57032473279526,3.021137982268723,0.0
202408010504,2024,馬単,01-07,0.06673519864305306,37.75634112060191,2.519676924718241,0.0
202209020704,2022,馬連,03-14,0.038054261443160944,54.61431533013074,2.078307434112028,0.0
202109010610,2021,馬連,03-07,0.07918840063211428,28.369570747534738,2.2465409341168905,0.0
202502010803,2025,馬連,07-09,0.007175576638776198,285.0869803798787,2.045663476433106,0.0
202501020102,2025,馬単,06-01,0.02733584160771253,92.70784531195235,2.534246975239844,0.0
202110010512,2021,馬連,05-07,0.034575263899552865,87.03602709719816,3.0092936056542605,0.0
202207050112,2022,ワイド,05-10,0.0021687975991225485,1043.197980172401,2.2624852748073954,0.0
202406010304,2024,馬単,06-05,0.008150257101984866,261.6377842166175,2.1324152089590704,0.0
202306020710,2023,馬単,16-13,0.00936973201175262,250.60363518924834,2.3480889028942755,0.0
202106040112,2021,馬連,02-09,0.01841082095211738,112.80088825332992,2.076756956871858,0.0
202501020406,2025,馬単,08-12,0.034543807122565655,60.13873587317612,2.0774208925979156,0.0
202102010402,2021,馬単,11-10,0.05467099287867654,39.06564246258807,2.1357574608730765,0.0
202505020211,2025,馬単,18-04,0.024637016025389896,98.40000865709486,2.4242825901833505,0.0
202105050607,2021,馬単,10-14,0.006008126235703001,370.8311707695282,2.2280004861168625,0.0
202105020607,2021,馬単,12-06,0.0031000395443762296,756.2419626317097,2.3443799892749912,0.0
202107030704,2021,馬単,07-04,0.02415447118889835,105.54938273047739,2.549489524169321,0.0
202107010408,2021,馬単,03-16,0.0430011071609621,57.527187053166955,2.473732735141944,0.0
202109040112,2021,馬単,02-09,0.020437972753661392,104.35126763935415,2.132728364823148,0.0
202502010607,2025,馬連,09-10,0.009889497634297043,251.7374944949522,2.4895573562716944,0.0
202403030301,2024,馬連,08-11,0.0014665143583002835,2575.2594707859566,3.776654990256395,0.0
202406050101,2024,馬単,05-06,0.13394299347663793,17.413233885696723,2.332380672759047,0.0
202505010101,2025,馬単,02-16,0.09905410758713688,23.14815199898777,2.2929195385511325,0.0
202105030710,2021,馬連,02-10,0.005237215454045031,613.5327570581708,3.2132032368279075,0.0
202205010208,2022,馬単,06-07,0.0709649652017255,29.15614904761145,2.0690651025800686,0.0
202209010612,2022,馬単,12-04,0.14501726521912756,14.400223515629786,2.0882810327808023,0.0
202506030504,2025,馬単,01-12,0.002444584176119164,1816.866770908118,4.441483758278708,0.0
202504010701,2025,馬連,09-10,0.022042768594270824,96.35071967210482,2.123836617623664,0.0
202503020301,2025,馬連,09-10,0.008064659157907567,277.8241756525625,2.2405572824645583,0.0
202205010306,2022,馬連,15-16,0.009801232946113823,215.8317972171749,2.1154177217039325,0.0
202101010407,2021,馬連,04-06,0.005612512008219401,379.4144222875231,2.12946800118035,0.0
202102010407,2021,馬単,07-09,0.21027946697292982,19.35115627508376,4.069150826834479,0.0
202103020208,2021,馬連,13-14,0.009358675889105692,234.73042165714622,2.196765937602347,0.0
202201010612,2022,馬連,14-15,0.03529162863059425,79.25269809998191,2.7969567893171643,0.0
202109050404,2021,馬単,06-12,0.16467735755092872,13.149047301742698,2.1653503639631566,0.0
202106020608,2021,馬単,12-11,0.029241050697220727,74.62089626842676,2.1819934108571157,0.0
202205040304,2022,馬連,01-09,0.03848066838144763,56.39164346896192,2.169988131813951,0.0
202107040311,2021,馬単,02-04,0.05575110416122044,48.93245376087485,2.7280383264866366,0.0
202104040311,2021,馬単,04-03,0.04648890340853638,51.03222346215258,2.3724321072548555,0.0
202306020606,2023,馬連,01-04,0.001871700115411014,1233.396746284266,2.3085488323678303,0.0
202405040706,2024,馬単,04-03,0.10432387887529049,20.46488668199612,2.1349763594091087,0.0
202505040307,2025,馬単,01-03,0.01865793740116405,121.56102556279052,2.2680780053718483,0.0
202407010312,2024,馬単,14-09,0.09040735115414787,24.784686133997006,2.240717822561607,0.0
202105010408,2021,馬単,10-04,0.10114569262189355,21.34117939796101,2.1585683715748516,0.0
202104030301,2021,馬単,11-12,0.09871925975431387,22.628154887990515,2.2338347001483827,0.0
202206040512,2022,馬単,03-15,0.1460676710824436,14.07915509186377,2.056509395077068,0.0
202308020107,2023,馬連,04-09,0.01549627180528256,199.40456897802963,3.090027400098762,0.0
202105040706,2021,馬単,15-07,0.008801731193722072,364.80746855375975,3.210937275672411,0.0
202105020409,2021,馬単,10-01,0.0429290219120686,49.20472556143091,2.1123107418039897,0.0
202309030703,2023,馬連,07-11,0.0002622889948550334,11575.529153158755,3.0361339064971458,0.0
202505030406,2025,馬単,05-04,0.04993360015998578,62.77841354327738,3.134752200548249,0.0
202505050706,2025,馬単,08-15,0.021150047201647936,99.45411839989235,2.1034592985560057,0.0
202207020507,2022,馬連,04-11,0.05052868496075111,48.7250363454127,2.4620120111985058,0.0
202204010308,2022,馬連,03-11,0.03343099766082642,91.79930917395568,3.0689424902599933,0.0
202309020103,2023,馬連,01-09,0.08994015488966141,22.549853278668056,2.028137296622544,1950.0
202109020206,2021,馬連,03-05,0.0037326355879305512,715.2433918190171,2.6697429383358187,0.0
202107050204,2021,馬単,10-02,0.03666696360772476,68.507329640667,2.511955762796741,0.0
202509030104,2025,馬単,04-15,0.017087601640119653,162.78392429201995,2.7815868517174334,0.0
202407030811,2024,馬連,13-14,0.0007083631058417752,3033.121723627103,2.1485515245446534,0.0
202104050801,2021,馬単,13-12,0.0021537404842483557,1475.7385850948392,3.1783579348861424,0.0
202507010102,2025,馬単,12-10,0.004293684751307253,1281.6000962541862,5.502786790560507,0.0
202304030703,2023,馬単,11-08,0.017644529044362905,158.9130218517853,2.8039454295913027,0.0
202403020206,2024,馬単,05-09,0.006207493337195068,349.22163121605246,2.167790948978039,0.0
202207050408,2022,馬連,09-10,0.013456241534802408,197.95545502892045,2.6637364160008694,0.0
202106030302,2021,馬連,04-08,0.07395544625947298,35.15659531425883,2.6000216954297084,0.0
202106040406,2021,馬単,11-09,0.09723309253406798,27.5828763505677,2.6819683685505047,0.0
202109020102,2021,馬単,14-09,0.0546834662394563,39.02137461093834,2.1338240211544237,0.0
202207030501,2022,馬連,09-11,0.0459915508894028,46.217598229765954,2.1256190209702535,0.0
202103020406,2021,馬連,01-05,0.015611883900819856,146.0132560120596,2.2795420008409613,0.0
202109020509,2021,馬単,07-11,0.00496927871848727,407.0662941822364,2.0228258726932657,0.0
202303020411,2023,ワイド,06-10,0.02377869524210031,86.34615313953773,2.053198860832791,0.0
202105020812,2021,馬単,12-01,0.03011228259807591,271.6759372763102,8.180782598361398,0.0
202105040410,2021,馬単,04-07,0.03814555738357381,78.7442962158832,3.003745069932106,0.0
202207010610,2022,馬連,04-08,0.005096466261962467,407.0511709495944,2.074522559636925,0.0
202106030612,2021,馬単,12-13,0.0022156315196565413,1099.2255715741687,2.435478823592206,0.0
202503010501,2025,馬連,08-14,0.09424002579618627,25.938440176834806,2.4444392713777465,0.0
202106030712,2021,ワイド,05-11,0.14218383074716698,14.396765465326954,2.046987264228706,0.0
202107020409,2021,馬単,15-03,0.010678095097614818,496.7663241130348,5.30451805017153,0.0
202104050712,2021,馬単,09-01,0.0068830995088788385,307.09620520197893,2.113773739204296,0.0
202209030310,2022,馬連,01-15,0.004267195403799901,514.6408809630001,2.196073201852846,0.0
202210030711,2022,馬連,02-04,0.02347988539134651,105.87576939121367,2.4859509310263297,0.0
202508030703,2025,馬単,04-08,0.21584933390679414,10.249804708552157,2.2124135190157053,0.0
202305020702,2023,馬単,05-03,0.027141484253503247,78.272363796934,2.1244281294789618,0.0
202105020705,2021,馬単,16-05,0.14660596259368286,14.852082063736729,2.177403787474495,0.0
202509040101,2025,馬単,05-04,0.15824161803994993,14.333604315636169,2.2681727392506765,0.0
202509040809,2025,馬単,02-04,0.08724268114036055,33.08923588921017,2.886793655860538,3220.0
202410030703,2024,馬単,10-01,0.035167603647861895,64.7652878057078,2.277639971690835,0.0
202404040508,2024,馬単,08-06,0.004832344368557193,459.961683335577,2.2226932502187626,0.0
202509040701,2025,馬単,03-01,0.05063008163127111,41.13268367015284,2.0825511319330907,0.0
202502010604,2025,馬単,09-07,0.07440953001870833,37.59428314937047,2.7973729405349026,0.0
202505050507,2025,馬単,14-12,0.014086419360454941,190.68367377312632,2.686050193960441,0.0
202206050301,2022,馬単,12-05,0.024473901391719937,92.70608614161355,2.2688796106421445,0.0
202306020201,2023,馬連,01-14,0.00034941361768805275,6504.258467150428,2.27267648138518,0.0
202306020410,2023,馬単,13-12,0.014024723209628082,163.19706679009371,2.2887936903542516,0.0
202306020711,2023,馬単,16-03,0.0011158908589444716,1875.6839008855857,2.093058519267533,0.0
202506020311,2025,馬連,08-11,0.004319968291666032,485.3719344612836,2.0967913665373485,0.0
202106010503,2021,馬連,04-16,0.17259304185997829,19.183121186355738,3.310873237921732,0.0
202308030705,2023,馬単,03-07,0.008453567775949113,680.6921211151465,5.754276980401453,0.0
202207040403,2022,馬単,03-01,0.012224942194463208,236.5410214990698,2.8917003144454076,0.0
202107030112,2021,ワイド,11-14,0.012668845863775258,207.30723375293803,2.6263433908615994,0.0
202207010312,2022,馬連,07-13,0.09351081677451574,23.902547248718925,2.2351467162191607,0.0
202203010210,2022,馬単,15-10,0.007982253456845091,256.1244536453511,2.044450305493164,0.0
202508010102,2025,馬単,04-02,0.009447177923163682,581.6912281126936,5.495340528324208,0.0
202309050308,2023,馬単,01-09,0.009986628372340156,340.30307112878137,3.398480305329178,0.0
202406030804,2024,馬単,03-16,0.03291316576765332,78.62760775268687,2.587883487878206,0.0
202407010203,2024,馬単,07-18,0.00851237280720423,553.9639680871353,4.7155478181158825,0.0
202401010604,2024,馬連,06-07,0.0020611683177684547,1434.2445110976153,2.9562193462077113,0.0
202204040402,2022,ワイド,02-14,0.008799926048447145,426.5043933457947,3.753207120780806,0.0
202105010212,2021,馬単,05-07,0.03158901762731769,79.62756098708891,2.515356427641466,0.0
202105020309,2021,馬単,08-02,0.02321584294625287,125.89584621318613,2.9227781932709336,0.0
202205010506,2022,馬単,03-10,0.07775607219663853,33.62802607844703,2.6147832235861705,0.0
202105010411,2021,馬単,12-13,0.20413944917279905,12.254761517956032,2.501680266019559,0.0
202304020110,2023,馬単,15-12,0.1774126926016605,11.33020621844725,2.0101223929468044,0.0
202105020405,2021,馬単,09-10,0.0866829972658884,23.195977089133134,2.0106968185969376,0.0
202109010705,2021,馬単,08-02,0.14653864088297897,23.88923068451535,3.5006953962488367,0.0
202203020810,2022,馬単,04-01,0.12882218051901193,27.93029616593834,3.5980416546379757,0.0
202306020809,2023,馬連,06-12,0.0018509289651497131,1684.8846860858534,3.118601868413488,0.0
202202010205,2022,馬単,03-01,0.010730128176639115,259.34180374181386,2.7827707957104484,0.0
202306030206,2023,馬連,10-12,0.10271227978438419,19.832786310299163,2.037070696407352,0.0
202408040807,2024,馬連,04-15,0.06160145178728354,38.624269448050214,2.3793110722231137,0.0
202305020307,2023,馬単,16-10,0.07428799350490391,31.348022563643784,2.3287816965995507,0.0
202308030206,2023,馬単,14-03,0.02487749076399073,126.7540072757532,3.153321645301364,0.0
202305010502,2023,馬連,03-09,0.10376272694164818,21.92526799912686,2.275025596515857,0.0
202402010502,2024,馬単,02-04,0.056180951685913354,39.848221300052046,2.2387109956278075,0.0
202408010506,2024,馬連,05-13,0.00842503267136847,327.4661126276725,2.758912697654168,0.0
202207030101,2022,馬単,07-01,0.014636925457526392,147.37228495443821,2.15707714938345,0.0
202505020502,2025,馬単,12-04,0.2463672014572915,8.83933603917737,2.177722482712708,0.0
202503020603,2025,馬単,14-15,0.009111045935251423,225.10262506508852,2.0509203571137,0.0
202506010803,2025,馬単,11-07,0.04677649190576764,45.87646307599164,2.1459400037393705,0.0
202505030401,2025,馬単,11-05,0.017568070883452174,114.17641838614871,2.0058594114265524,0.0
202305010503,2023,馬単,15-12,0.050074335731336385,55.88389110696574,2.7983487252636463,0.0
202505010705,2025,馬単,10-11,0.018043392707893315,114.73159231345153,2.07014717611352,0.0
202405050803,2024,馬単,02-05,0.007760208805304261,284.6526574945492,2.208964059142459,0.0
202505020106,2025,馬連,06-07,7.858997375116586e-05,27395.42097877967,2.153005415624433,0.0
202107030210,2021,馬単,12-03,0.015099623501679768,162.0128317118403,2.446332761289793,0.0
202110010803,2021,馬単,10-13,0.09997809750553807,31.490721595897007,3.1483824342343443,0.0
202110040608,2021,馬連,07-12,0.005658169051967284,621.5048425716789,3.5165794658868723,0.0
202210010403,2022,馬単,05-07,0.06932873268122632,35.99544497413155,2.4955185823533577,0.0
202308020210,2023,馬連,05-10,0.0007494453257158724,4216.201435931979,3.159812458435771,0.0
202109010304,2021,馬連,03-11,0.0005018404367781912,3986.2976078288266,2.000485332640677,0.0
202101010303,2021,馬単,01-10,0.014330631724225626,190.06572761664827,2.7237619458711664,0.0
202105020610,2021,馬連,06-16,0.07064155704838856,40.70768862791731,2.8756545085170586,0.0
202406040701,2024,馬単,12-11,0.015519159427328288,150.79793446997067,2.3402571863512787,0.0
202210020609,2022,馬単,14-07,0.05776801942967662,64.82860196875328,3.745019938129711,0.0
202308020412,2023,馬連,06-12,0.13936075811569654,21.557383161399162,3.004253260363138,0.0
202508010101,2025,馬単,05-07,0.10331849134292082,20.86485586994222,2.155725430569916,0.0
202103010204,2021,馬単,05-15,0.03868851595323903,62.81009189157652,2.4300292421716674,0.0
202101020307,2021,馬連,15-16,0.0025801482900836316,964.564186115182,2.4887186354809967,0.0
202110010303,2021,馬単,01-06,0.003914277302065501,1526.6773803258227,5.975838617386188,0.0
202209020406,2022,馬単,07-03,0.017014246610923153,138.69435953820866,2.3597800367271238,0.0
202507050406,2025,馬連,02-07,0.050555740468840676,54.09326588190631,2.7347251110376494,0.0
202203010207,2022,馬単,01-13,0.02421588229928464,92.06495248287045,2.229434053214424,0.0
202207040209,2022,馬単,07-05,0.15491807253487966,18.330673857121532,2.839752662210776,0.0
202107030410,2021,馬単,09-16,0.003307557030086948,744.5060262926881,2.4624961412064788,0.0
202207030812,2022,馬単,06-09,0.008771977864145188,317.9664509542828,2.789194669311775,22240.0
202106020808,2021,馬単,01-14,0.03359965489542116,73.9615571228016,2.4850827948541125,0.0
202210020102,2022,馬単,14-17,0.14909752640123666,17.635365013649846,2.629389300718103,0.0
202502010702,2025,馬単,12-05,0.006862005661612229,434.96144588084616,2.984707904217408,0.0
202507010703,2025,馬単,13-16,0.09226536207826859,24.80913721527361,2.2890240280166676,0.0
202501020203,2025,馬連,04-06,0.011436397221882678,202.8365181988641,2.3197189932258446,0.0
202304030106,2023,馬連,10-11,0.0006927587996384424,3594.7691096602325,2.490307933385575,0.0
202107010603,2021,馬単,05-07,0.277475399410034,10.875665819771372,3.0177297171911164,0.0
202106010707,2021,馬単,13-02,0.0059290421368908474,392.25323894094436,2.325685982012773,0.0
202410010305,2024,馬連,09-12,0.026170879701067212,98.65932103956409,2.582001222315401,0.0
202410020704,2024,馬単,01-11,0.007141311939683868,304.42016880682354,2.1739593861807474,0.0
202504010104,2025,馬連,07-08,0.04110471943128434,50.162774123675646,2.0619267562485777,0.0
202107010111,2021,馬単,10-16,0.09653128779783886,22.067512199400102,2.1302053711026114,0.0
202101020310,2021,馬連,14-15,0.011285307197152539,204.69355159148813,2.3100296109861356,0.0
202503020608,2025,馬単,05-11,0.04089124396063005,150.05573115350475,6.135965510288678,0.0
202507050408,2025,馬連,10-14,0.004362135474025576,566.3074483247417,2.4703098095422615,0.0
202505020610,2025,馬単,09-02,0.18924315663385766,13.864678379527742,2.623795502255028,0.0
202306030501,2023,馬単,08-09,0.0004643557998076082,4572.308077768374,2.1231777744189206,0.0
202509030403,2025,馬単,14-06,0.010271126741344052,513.7039546689383,5.276318425934325,0.0
202102010508,2021,馬単,10-03,0.05050872377457555,56.91621860595318,2.874765563861447,0.0
202507020106,2025,馬連,03-05,0.018465776401490188,288.6047266426505,5.329310350596383,0.0
202504040208,2025,馬連,03-07,0.0064708663676127706,458.22543522754836,2.9651155575986667,0.0
202405050610,2024,馬単,01-11,0.047844231075320924,50.58257056818443,2.420084194647943,0.0
202404030301,2024,馬単,05-01,0.05237421399689842,60.38042922661843,3.1623775215394936,0.0
202110040108,2021,馬連,11-12,0.005192490199056567,1744.4355344273363,9.05796441539995,0.0
202310010811,2023,馬単,13-06,0.025901573911465626,115.26834065621051,2.985631445158835,0.0
202207010402,2022,馬単,03-06,0.001305043088993417,2129.3260625805715,2.7788622621843393,0.0
202505030408,2025,馬単,07-04,0.061133888134725214,35.3133402673956,2.15884179357045,0.0
202306030703,2023,馬単,10-02,0.11436641497345912,26.55037642771857,3.036471368234009,0.0
202104010111,2021,馬単,06-13,0.012594443629681455,176.757192685716,2.2261584994209933,0.0
202305030810,2023,馬連,01-03,0.010549077832619838,230.7312278444595,2.434001680947145,0.0
202110020511,2021,馬単,01-18,0.01441667122396401,139.51295579563575,2.0113124151891046,0.0
202310020106,2023,ワイド,02-12,0.08269197556564507,25.36684229539844,2.0976343032686597,0.0
202509010607,2025,馬単,14-15,0.06522349178914282,32.30718991745766,2.1071877363115776,0.0
202507040202,2025,馬単,03-16,0.01950490340910001,112.41598457707423,2.1926629208147093,0.0
202101010610,2021,馬単,04-06,0.038149873106516616,90.60394720466884,3.456529088807647,0.0
202109040310,2021,馬単,02-06,0.01810776866792746,130.14551547642364,2.356644887415252,0.0
202110020707,2021,馬連,02-14,0.023822747266821556,116.718133287021,2.780546590751894,0.0
202104050609,2021,馬単,13-12,0.07109530469447445,31.708844730149774,2.254349977599779,0.0
202301020306,2023,馬単,14-02,0.04818087995885556,49.40304826887712,2.3802823382443155,0.0
202110010203,2021,馬連,05-12,0.003583290545515766,593.5167238136038,2.126742865046779,0.0
202106040712,2021,馬単,16-02,0.012133007715066617,217.55383025604536,2.6395823009388915,0.0
202106020604,2021,馬単,10-06,0.020826104779751973,97.72174334099012,2.03516326607949,0.0
202110040204,2021,馬単,04-12,0.05305730225110929,40.399822948073236,2.143505617047223,0.0
202408010304,2024,馬連,01-02,0.0426097890162468,50.926519771773535,2.169968262806991,0.0
202203020211,2022,馬単,01-08,0.00483546661434326,471.83188961205985,2.28152734980161,0.0
202304010206,2023,馬連,01-05,0.03871520902448829,61.84129277811014,2.394198576249112,0.0
202101010109,2021,馬連,01-11,0.18685931245201567,24.867830609153025,4.646785729799524,0.0
202403020402,2024,馬単,12-01,0.013896890013633662,155.1808293623472,2.1565309178729923,0.0
202107020308,2021,馬連,01-07,0.09345804137388258,21.85251348977583,2.042293109850797,0.0
202406030601,2024,馬連,02-14,0.0009954463209317461,2899.531631708774,2.8863280952097217,0.0
202509040404,2025,馬連,13-14,0.09644572688324346,31.409176384872715,3.029280847243054,0.0
202405050309,2024,馬連,09-14,0.09442965754404774,25.970093839657043,2.4523470676655985,1950.0
202107050202,2021,馬単,06-07,0.01640387956779272,123.42246471320938,2.0246072471156333,0.0
202302010309,2023,馬連,03-07,0.0006901046121433724,3322.6835130390837,2.292999217041015,0.0
202503010506,2025,馬連,04-09,0.014524942301059749,188.04309544876983,2.7313151115060528,0.0
202306030603,2023,馬連,03-16,0.00037712102394859946,5587.021488759193,2.1069832646636955,0.0
202507020109,2025,馬単,09-04,0.06488834720684641,32.29035371505223,2.095267683294192,0.0
202307020201,2023,馬連,08-11,0.02027936977704776,119.84859911456512,2.430454058705425,0.0
202301020102,2023,馬単,03-02,0.06110285284484403,34.88945642719543,2.13184532190752,0.0
202106050812,2021,馬連,06-16,0.008918301132702144,520.2842306071052,4.64005144315041,0.0
202206040210,2022,馬連,05-08,0.0018986813115592555,1082.9253345320055,2.0561300944899736,0.0
202206030711,2022,馬連,04-08,0.008848287920632093,286.53697067898634,2.535361616473387,0.0
202205040509,2022,馬連,04-06,0.002453609867016197,1219.8947468590868,2.993145787614681,0.0
202309050309,2023,馬単,02-04,0.060055535596882204,83.23346309664369,4.998630205852266,0.0
202410010705,2024,馬単,07-06,0.07711783720165205,30.80912320646099,2.3759329477614988,0.0
202104030611,2021,馬連,02-08,0.033609119105727135,210.60795918833944,7.07834798497502,0.0
202504010603,2025,馬連,09-12,0.04751542057885769,134.55995604167913,6.393672904392986,0.0
202203010203,2022,馬連,07-14,0.0038980789333840325,517.2161487794968,2.016149373563378,0.0
202207040302,2022,馬連,01-14,0.003366378799886883,654.4103515564377,2.202993133906114,0.0
202105040606,2021,馬単,03-02,0.002716689580779125,855.8913484647913,2.3251911086532937,0.0
202306050211,2023,馬単,02-10,0.03828525626209425,59.54186057487766,2.279575390431078,0.0
202307040604,2023,馬連,03-09,0.0007234387186721707,4370.404630085844,3.161719925668225,0.0
202507040408,2025,馬単,02-04,0.09162971360434545,22.38592018222026,2.051215455066579,0.0
202103020301,2021,馬連,03-07,0.05305761432004896,39.67657197449583,2.1051442533644633,0.0
202109010508,2021,馬単,11-03,0.018553584298165875,125.915709924355,2.336187738544922,0.0
202402010406,2024,馬連,10-11,0.11545342733765504,24.108857205863842,2.783450193611102,0.0
202506050407,2025,馬単,07-08,0.03878796183730495,58.39924335103111,2.2651876224272796,0.0
202207020505,2022,馬連,08-11,0.002371070759985526,845.8772386372543,2.005634787070093,0.0
202408050403,2024,馬連,04-06,0.001511140148411838,1355.7289865621703,2.048696501959789,0.0
202104020311,2021,馬単,10-06,0.11651421972929221,28.997845944922446,3.378661394102859,0.0
202205050812,2022,馬連,02-17,0.009166584068972843,276.30499596636884,2.5327729742029224,0.0
202107050808,2021,馬単,10-09,0.0038728790511396035,590.5825829170509,2.2872549133473643,0.0
202104020501,2021,馬単,12-05,0.002950494627259025,1467.0113082630276,4.328408983158296,0.0
202103010501,2021,馬連,04-08,0.011050371066899992,200.68514205982365,2.21764528737459,0.0
202210010604,2022,馬単,11-07,0.012623314011164299,175.1750866041243,2.2112901251367614,0.0
202507010108,2025,馬単,08-03,0.06945984429898922,38.15393725491722,2.6501665411199538,0.0
202308020605,2023,馬単,05-02,0.009837247242861636,209.4692016756111,2.060600326647833,0.0
202301020704,2023,馬連,02-11,0.0019525553521841919,2091.2150289023243,4.083213097251253,0.0
202410010507,2024,馬単,07-02,0.0661308730862473,64.58576665815964,4.2711131380487375,0.0
202407010512,2024,馬単,10-16,0.0057659230392018,350.2117490575106,2.0192939924898594,0.0
202506050608,2025,馬連,05-07,0.0014874560722366599,1548.8903423884449,2.3039063450144113,0.0
202510020810,2025,馬連,05-10,0.012571297135835276,212.24200604215304,2.668157322661652,0.0
202202010306,2022,馬単,05-02,0.08763018452878983,26.77125753920585,2.3459702382283645,0.0
202305050609,2023,馬連,02-05,0.0030333415984557218,660.4560403974003,2.003388781288787,0.0
202303020501,2023,馬連,08-12,0.012335324584233098,291.1975788042484,3.5920166526932,0.0
202410010704,2024,馬連,06-12,0.14008745932368707,20.8668642610957,2.9231859983891435,0.0
202408050112,2024,馬連,02-07,0.01410497493152758,193.6659480585778,2.7316533424567626,0.0
202105040112,2021,馬単,08-03,0.04232190862871316,63.09263398867509,2.67020069081355,0.0
202105050612,2021,馬連,12-15,0.08552959288430587,24.443625206420382,2.090653312521692,0.0
202408010404,2024,馬連,10-15,0.0014723324425568135,1568.741353043674,2.309708788066673,0.0
202202010411,2022,馬連,04-14,0.018571841124695357,115.74849184850996,2.1496626010336226,0.0
202105040607,2021,馬連,02-08,0.048297926903444796,46.4571316252876,2.243783147381854,0.0
202210030512,2022,馬連,04-05,0.0877759839445599,25.10583237087344,2.2036891391005993,2610.0
202506040707,2025,馬連,06-11,0.017921991331833774,385.86373924267343,6.915446589976161,0.0
202508010201,2025,馬連,01-12,0.13813462414259509,27.513122944866893,3.800514896978197,0.0
202305040708,2023,馬単,13-04,0.021783685423499892,98.13822739414331,2.1378122735739176,0.0
202403010307,2024,馬連,14-15,0.0021622920721514225,1138.9428229805605,2.462727036764627,0.0
202207020403,2022,馬単,08-06,0.008960232570838169,244.88716888340218,2.1942459868094075,0.0
202109010106,2021,馬連,03-12,0.025013735210905264,108.68825308018639,2.7186991830836407,0.0
202104010506,2021,馬単,03-09,0.011200186060239578,203.08203061126588,2.2745565283374476,0.0
202503030602,2025,馬連,10-13,0.024256527623602364,127.34256216331109,3.0888883767746567,0.0
202504010109,2025,馬連,03-04,0.009184608654059059,319.0588944714032,2.930431083316566,0.0
202105020512,2021,馬単,06-07,0.05558788072509329,40.49814762404489,2.2512061997126276,0.0
202105050409,2021,馬単,14-10,0.04789023612373637,62.45088603848033,2.990787678519374,0.0
202507010109,2025,馬単,02-04,0.08848580906170095,23.55984481532181,2.0847119298518706,0.0
202506050609,2025,馬単,02-08,0.009768451888075187,222.12423971702216,2.1698099488510105,0.0
202502010503,2025,馬単,09-01,0.02370246247075885,93.8076630452285,2.22347261279912,0.0
202205030702,2022,馬連,05-09,0.013865387884979645,184.94333117326008,2.5643110234574986,0.0
202209020408,2022,馬単,13-08,0.02429980437047072,98.29735334656563,2.3886064564565803,0.0
202508030412,2025,馬連,03-14,0.05515962408645736,36.57636108393158,2.017538327840194,0.0
202206050210,2022,馬連,04-10,0.03203909580647969,87.76458874027455,2.811898067065945,0.0
202501010706,2025,馬単,10-04,0.07438207106175153,38.1091330489289,2.8346362425471736,0.0
202506020306,2025,馬単,10-14,0.02053537839282836,139.0757081705264,2.8559722925323308,0.0
202402010806,2024,馬単,03-08,0.005015026211259266,404.79935737222667,2.0300793875226235,0.0
202307020511,2023,馬連,07-11,0.027631707541823338,72.78023750176726,2.011042237473276,0.0
202109020703,2021,馬単,11-02,0.011318640621924152,188.47843822777867,2.133319707281758,0.0
202408050404,2024,馬単,15-04,0.0017426133242494134,1388.8300121531786,2.4201936842956036,0.0
202303030607,2023,馬連,03-09,0.0006790406105642078,2968.6957544187544,2.0158649776598825,0.0
202106040812,2021,馬単,16-12,0.03289671871232899,87.32923537274691,2.872845291420026,0.0
202206040212,2022,馬単,04-07,0.051388639728153176,57.095657782232,2.9340681878130455,0.0
202106010407,2021,馬単,08-12,0.009378089218540199,217.26970039755307,2.0375746348137516,0.0
202107030403,2021,馬連,06-15,0.18685905312078416,15.531392063776199,2.9021812146848824,0.0
202107050407,2021,馬連,02-16,0.042465336508701684,55.858434370743055,2.372047212402832,0.0
202309040101,2023,馬単,07-01,0.00685955635404531,298.3826115723535,2.046772339147771,0.0
202507020504,2025,馬連,05-06,0.033929337287147726,78.87906005082714,2.6763142333576937,0.0
202104010601,2021,馬単,09-07,0.08852576014092957,26.81208593318366,2.3735602881990085,0.0
202503030208,2025,馬連,04-15,0.005773956011097918,495.60340711343616,2.861592271623233,0.0
202205030102,2022,馬連,06-13,0.003103960114945804,661.2531440951572,2.0525033851538783,0.0
202107050712,2021,馬単,14-16,0.06769094585025881,42.49896626114385,2.8767952238750643,0.0
202410020409,2024,馬連,03-12,0.0035305436555514687,575.9079977293417,2.033268327564677,0.0
202507010302,2025,馬連,03-10,0.04846256141003623,65.63231628929202,3.1807101586527358,0.0
202510010103,2025,馬単,04-13,0.060925939151413165,52.59048703226755,3.204124812871116,0.0
202510020408,2025,ワイド,07-09,0.0059596403394584045,382.6406687689884,2.280400765113005,0.0
202309010703,2023,馬連,07-16,0.00868077491849944,269.8667579208362,2.3426525834959553,0.0
202105010410,2021,馬単,11-03,0.016341337067284026,137.89497342077175,2.253388240553003,0.0
202203010408,2022,馬連,01-07,0.00033799403317117787,7583.294580016358,2.5631083198248623,0.0
202107020207,2021,ワイド,04-10,0.03197126812540348,102.93219690417378,3.290872865960166,0.0
202110040303,2021,ワイド,07-12,0.13171568165623818,15.299344249604705,2.0151635567301316,0.0
202110040706,2021,馬連,01-07,0.004035276807008494,842.2382921514128,3.39866464629304,0.0
202304020211,2023,馬単,06-05,0.002544123903274028,1096.8620625774242,2.7905529919976777,0.0
202410020304,2024,馬連,06-07,0.001949580873212146,2529.7750234248133,4.9320009991988245,0.0
202405030708,2024,馬単,03-11,0.026416275266452374,87.57360501886296,2.3133684562538592,0.0
202110020208,2021,馬連,10-11,0.018319039467117125,132.3217335575611,2.4240070593983183,0.0
202503010503,2025,馬連,10-14,0.0008132701758267063,2541.3021935419183,2.0667652817706306,0.0
202210020412,2022,馬単,12-02,0.006172002329320404,347.7524105302853,2.146328687819706,0.0
202204040507,2022,馬単,18-01,0.010898517727269935,196.0409761228283,2.1365560535459465,0.0
202106010208,2021,馬単,06-14,0.02537678207209485,83.75778218359336,2.1255029853150376,0.0
202310030501,2023,馬単,06-03,0.0988412774510001,23.680073217309474,2.3405686869320825,0.0
202509040606,2025,馬連,06-14,0.2899192491655279,7.127042744483921,2.066266881251402,0.0
202408040301,2024,馬連,09-11,0.003567013970447293,579.1196906145155,2.065728026983091,0.0
202109050808,2021,馬単,05-07,0.002630993904491082,920.2090921259119,2.4210645122405468,0.0
202206030109,2022,ワイド,07-09,0.004307247531862432,655.1624049706701,2.821946651778974,0.0
202105040211,2021,馬単,01-07,0.38762471838908125,5.937681432771384,2.301592093262084,670.0
202201020703,2022,馬連,05-07,0.004122202940392759,520.4743867640967,2.1455010475180774,0.0
202306010708,2023,馬連,05-06,0.02008093262359035,122.83568845599464,2.466655183657163,0.0
202307030301,2023,馬連,07-08,0.05484598342973433,38.678597366181855,2.121365710230976,0.0
202407020401,2024,馬連,04-11,0.06077637486525227,33.03906859829674,2.0079948183288674,0.0
202503020804,2025,馬単,01-04,0.0360148033503416,64.14020705803408,2.30999694404529,0.0
202205040503,2022,馬単,11-06,0.0700915665734825,35.789894845373205,2.5085697972124144,0.0
202501010810,2025,馬単,08-02,0.128345353136685,15.741292000296689,2.020321680605753,2200.0
202105030308,2021,馬単,03-15,0.01586877776268982,129.4116583004007,2.053604845470212,0.0
202104050105,2021,馬単,01-05,0.018385603015612678,124.61242353060688,2.29107454984713,0.0
202106010106,2021,ワイド,04-07,0.13860955935798172,14.871254993464213,2.06129810174426,0.0
202510020501,2025,馬単,08-07,0.0034915740233295673,599.3334861514019,2.0926172315577856,0.0
202106040106,2021,ワイド,04-15,0.040196099458825525,72.00288382707197,2.8942350796352447,0.0
202107020108,2021,馬連,02-06,0.05900816049203189,64.07667630247813,3.781046799052606,0.0
202203020401,2022,馬連,10-13,0.05552870921143438,41.05852816051335,2.2799270708746353,0.0
202209040501,2022,馬連,01-06,0.0036321751076997654,654.4475452862301,2.37706808328386,0.0
202110020803,2021,馬単,08-01,0.03399909010728661,89.82756139920325,3.054055354129332,0.0
202504010605,2025,馬単,03-11,0.03375573402631257,60.64288906829732,2.0470452339766227,0.0
202308030706,2023,馬連,03-06,0.0035667556132421645,569.2668144152066,2.0304356057479236,0.0
202505050201,2025,馬単,02-10,0.07304550960215156,29.074291370497413,2.123746429479421,3520.0
202210030610,2022,馬単,03-02,0.006185659859520643,330.8130836612328,2.0462972126075316,0.0
202110040312,2021,馬単,13-12,0.01759806640250439,156.37696290339923,2.7519321769959855,0.0
202310030810,2023,馬単,05-13,0.08661005973414013,24.536957295144184,2.1251473370264833,0.0
202109040304,2021,馬単,02-07,0.1782693839805626,11.701117794615254,2.0859510611300607,0.0
202107030106,2021,馬単,06-09,0.0036750364980580397,896.2334516825359,3.2936906457138564,0.0
202408050307,2024,馬単,06-13,0.006532626299704574,423.5966082075635,2.767198343242384,0.0
202203020201,2022,馬単,06-08,0.03664796472927626,60.078582411962024,2.2017577692185015,0.0
202106030308,2021,馬単,02-09,0.025351491235341587,169.89796517218045,4.3071667749649025,0.0
202105040507,2021,馬単,06-03,0.006939791593307267,347.51943698007443,2.411712467265195,0.0
202209020808,2022,馬連,07-15,0.14449855915340645,15.540822535069506,2.245626464376333,0.0
202201010507,2022,馬単,01-02,0.005533579538941397,487.1117775565827,2.6954717654644793,0.0
202503010601,2025,馬連,01-05,0.0468904582568804,68.91286682012391,3.231355904990979,0.0
202305050311,2023,馬単,01-08,0.019563274807774908,120.89824001109636,2.365165493113406,0.0
202106020612,2021,馬単,12-15,0.00237632524467238,1457.1589777222177,3.462683664262304,0.0
202306030405,2023,馬単,07-09,0.005031358238332263,666.4353654944191,3.3530750664963187,0.0
202504040403,2025,馬単,06-07,0.18611864511756987,12.735872157433196,2.3703832703320478,0.0
202405020609,2024,馬連,05-07,0.0013026044688224457,1722.339394543643,2.243526992161495,0.0
202207010408,2022,馬連,01-08,0.0004987617179791929,9984.041198891879,4.979657540734355,0.0
202204020310,2022,馬単,12-04,0.17533262877242026,15.535470995798198,2.7238749689109873,0.0
202209050309,2022,馬単,04-03,0.027267249733818406,107.44458753993055,2.9297184009983996,0.0
202508020311,2025,馬連,08-12,0.23254874676993523,9.32650879949276,2.1688679330608145,0.0
202107010409,2021,馬連,11-16,0.025754037737943623,80.03870011247884,2.0613197031927326,0.0
202201020212,2022,馬単,09-12,0.05401845672459465,40.50277297794689,2.1878972893353055,0.0
202303010311,2023,馬単,16-06,0.0013343268830154711,1841.0642744978445,2.4565815548218484,0.0
202101010309,2021,馬単,10-06,0.07895593524048855,31.816569505137696,2.5121070014221547,0.0
202309030610,2023,馬連,09-13,0.0036442664835570795,677.9790781390375,2.4707364310150206,0.0
202209040804,2022,馬連,10-11,0.0029665232942634144,796.6644509027299,2.3633236513145204,0.0
202209010209,2022,馬連,02-04,0.034392637558685206,67.48695381795785,2.321054342600751,0.0
202110030303,2021,馬単,04-08,0.0031764283189199783,1145.0098620394022,3.6370417512246145,0.0
202205040309,2022,馬連,09-12,0.02935391222778643,89.25191478446115,2.6198928727449466,0.0
202203010111,2022,馬連,05-08,0.01668747386670991,295.1579523718713,4.925440616757211,0.0
202104040306,2021,馬単,13-10,0.06595894138226334,32.7297697202745,2.158820962434563,2980.0
202105020101,2021,馬単,06-09,0.044420461737202294,48.956108159226915,2.1746529292892762,0.0
202408050301,2024,馬単,14-08,0.024919848080135244,88.85779656466822,2.2143227911270955,0.0
202207030609,2022,馬連,03-08,0.061911117002950836,37.56238268631869,2.3255290694022914,0.0
202207010802,2022,馬連,03-06,0.0265360965410509,114.57940751845395,3.040490219526107,0.0
202307040409,2023,馬単,12-16,0.005306849706024403,638.9239414253266,3.390673330724947,0.0
202206030601,2022,馬連,02-13,0.02960616060965298,90.59663371444596,2.682218488443789,0.0
202510020111,2025,馬単,04-08,0.003695984340602899,627.3137874416162,2.318541935028509,0.0
202202010501,2022,馬単,11-07,0.03307600651867586,72.12429445125197,2.385583633424507,0.0
202205010412,2022,馬単,09-11,0.012341259987846206,225.30364308431322,2.780530835512417,0.0
202509040301,2025,馬連,05-07,0.029143671081279972,72.3589571212807,2.108805646127046,0.0
202410030602,2024,馬連,03-08,0.004917292652568758,447.9850182220361,2.202873438564099,0.0
202406030309,2024,馬単,01-03,0.011984780983119595,173.40250938695712,2.078191096926021,0.0
202305010607,2023,馬連,07-10,0.028088279974363507,121.55801463501685,3.41435554819613,0.0
202406040208,2024,馬単,15-12,0.03786136314142768,57.270922569840344,2.1683551968613117,0.0
202110010604,2021,馬単,10-11,0.12133775955171745,32.29301180739091,3.918361701885971,0.0
202104040101,2021,馬連,02-03,0.006376535007083731,313.668415031594,2.000117629065428,0.0
202304020212,2023,馬単,10-15,0.02557084842776423,110.11574644055763,2.8157530617416175,0.0
202410010211,2024,馬連,01-07,0.0009518970510439591,2328.5701825932765,2.2165590899594334,0.0
202505050812,2025,馬単,15-02,0.2496628198844165,9.123627456683371,2.2778305584104572,0.0
202203020212,2022,馬単,09-13,0.13283986263833342,20.844826639042253,2.7690239074502463,0.0
202103010309,2021,馬単,01-08,0.05167351292811209,41.20409845227379,2.129160514064773,0.0
202509020104,2025,馬単,12-03,0.033279415035956446,95.13697917524625,3.1661030152401652,0.0
202309050302,2023,馬連,01-06,0.24002662117166396,10.175325219896866,2.442348931854663,0.0
202109050506,2021,馬連,01-12,0.0030281595538984075,666.5297195682745,2.0183583382678965,0.0
202507020609,2025,馬連,06-11,0.0043162337724919515,672.4481533605417,2.902443429784617,0.0
202404040204,2024,馬単,08-07,0.036544013383101946,62.74774643482081,2.2930544854735793,0.0
202110040212,2021,馬単,10-07,0.04424989598326274,58.69367239196039,2.5971888982199474,0.0
202305020205,2023,馬単,01-04,0.00465458477720846,474.83133007858754,2.210142680725439,0.0
202304020108,2023,馬連,13-15,0.007376494711627527,552.4876775408829,4.075422431619697,0.0
202510020101,2025,馬連,01-10,0.04506380425495996,53.69757838823729,2.419817161452894,0.0
202107050211,2021,馬単,10-05,0.007831322383354553,499.8807862895583,3.9147275906782912,0.0
202307040311,2023,馬連,01-07,0.04504854705346488,69.51910913817673,3.131734859126115,0.0
202204010104,2022,馬単,07-06,0.041534848316166335,48.855370683059014,2.029200410750936,0.0
202109020202,2021,馬連,07-09,0.0013805210091595794,2600.1728518431914,3.589593249415904,0.0
202401010312,2024,馬単,02-06,0.07389059521541393,32.062680734044626,2.369130563640342,0.0
202207010612,2022,馬連,01-03,0.024199447575556893,142.38171933175778,3.4455589526865276,0.0
202204020210,2022,馬単,03-02,0.09955083542581118,21.335257957261273,2.1239427536705455,0.0
202104020506,2021,馬連,07-11,0.018863351250605273,118.2474441730858,2.230543073923255,0.0
202303010106,2023,ワイド,10-11,0.06428604424045835,33.25568737184552,2.137876589633313,0.0
202506040311,2025,馬単,04-09,0.04641787356216912,59.78575330638316,2.7751275377947278,0.0
202407010309,2024,馬単,02-07,0.05854264902957112,45.768608731519365,2.6794155975411025,0.0
202508040511,2025,馬単,16-02,0.01000254653996743,259.30064940535834,2.5936668135208745,0.0
202104050507,2021,馬単,12-07,0.06663982755148683,35.52071998730949,2.3670946544589557,0.0
202503020802,2025,馬連,02-06,0.02205548068510247,145.88597103629456,3.217585216418413,0.0
202110040807,2021,馬連,01-03,0.06276060673825823,41.55428773548144,2.6079723108549775,0.0
202505040504,2025,馬連,11-12,0.004762863590410058,450.93327438229767,2.147733674259834,0.0
202105010311,2021,馬単,08-09,0.004332401536374869,465.21756331939145,2.015509286073504,0.0
202406030410,2024,馬連,15-16,0.01172773732849745,244.84442201396988,2.8714710677276174,0.0
202507030402,2025,馬単,01-02,0.12841414788559205,36.65508563603198,4.707031587624451,0.0
202307020403,2023,馬単,04-15,0.08104021952901479,48.59517042962983,3.9381632796670893,0.0
202105030507,2021,馬単,08-14,0.23777871881501678,20.272510430398203,4.820371557304149,0.0
202205050511,2022,馬単,08-04,0.04537382810610367,62.07175737723023,2.8164332494782167,0.0
202110040404,2021,馬単,02-09,0.009800140437226315,231.25037014264032,2.2662861035584423,0.0
202505050504,2025,馬単,09-01,0.06785209328875254,36.17139521592251,2.4543048825751113,0.0
202110030507,2021,馬単,10-09,0.12685639604758953,23.011881347133507,2.919204333972106,0.0
202502010808,2025,馬連,05-08,0.008196722540855746,673.99916572143,5.524584154186813,0.0
202105020408,2021,馬単,12-01,0.27526757796896845,8.024443401665495,2.208869099725531,0.0
202210020110,2022,馬連,05-18,0.0018771294239761935,1372.7834586475203,2.5768922229750664,0.0
202307010312,2023,馬単,07-13,0.1772667025203597,11.92047945264488,2.1131040850320604,0.0
202106010808,2021,馬単,15-02,0.011452289066430634,227.88014725254078,2.609749318836876,0.0
202105020103,2021,馬単,02-06,0.04286147043427537,72.94596434748495,3.1265712941794312,0.0
202304010207,2023,馬連,05-06,0.03892386309370778,55.725666877079576,2.169058228329012,0.0
202504030210,2025,馬連,01-10,0.02336040947654768,194.77303344026603,4.549977816153929,0.0
202205010802,2022,馬単,01-16,0.2698676786370838,9.244010099287975,2.494659546792604,0.0
202302020501,2023,馬単,01-04,0.01351107438163566,168.2021852171429,2.2725922356224757,0.0
202106020602,2021,馬連,02-08,0.02365380550510724,342.06989792823606,8.091254834746382,0.0
202201010601,2022,馬単,11-03,0.12152150927544322,17.3585547813826,2.109437775874075,0.0
202202010304,2022,馬単,08-12,0.0382173693934939,59.04072583288047,2.2563812284151905,0.0
202104040409,2021,馬連,03-05,0.0011452400870873845,3118.0397332460434,3.570904095644624,0.0
202110020610,2021,馬単,03-01,0.006393018323608096,448.87579398252046,2.869671175954386,0.0
202210030707,2022,馬連,05-15,0.001356191287028314,1978.2103211176816,2.682831601409283,0.0
202308010303,2023,馬連,04-07,0.07479230375645163,26.7421391934805,2.000106197656104,0.0
202110040812,2021,馬連,03-08,0.009094231269943156,237.21966398420085,2.157330486050528,0.0
202205020505,2022,馬単,08-01,0.01587076365965732,130.73401356420737,2.0748486315559695,0.0
202205040212,2022,馬単,09-15,0.032194828667029045,68.02219377489101,2.1899628741380655,0.0
202506050805,2025,馬単,15-12,0.0897893359700038,37.71870270820119,3.386737269819369,0.0
202110020606,2021,馬単,10-04,0.007426611229722953,440.5357597690205,3.2716878205951407,0.0
202402010203,2024,馬単,10-07,0.03779570524922999,56.114010093420845,2.120868585843251,0.0
202209050407,2022,馬単,07-02,0.06600854890830744,32.568967681590095,2.149830296103324,0.0
202205040102,2022,馬連,05-07,0.4012045383201346,5.06207276263085,2.030926565674238,580.0
202310010704,2023,馬単,09-05,0.060409555224596276,52.541909767895525,3.1740333997294394,0.0
202104040303,2021,馬単,13-02,0.010133412824099065,362.746618772746,3.675861238570319,0.0
202404010703,2024,馬単,09-11,0.024849170975408834,92.05895427605206,2.2875886946229618,0.0
202503030301,2025,馬単,04-12,0.045509895171208674,51.78636198172112,2.3567919050863946,0.0
202305020306,2023,馬単,01-12,0.003295257334481588,670.2594910705675,2.208677503956184,0.0
202510010305,2025,馬連,07-11,0.04080339813903523,51.70272178152274,2.109646741723241,0.0
202503030402,2025,馬連,04-10,0.10237002278432775,20.71362935035767,2.1204547085422347,0.0
202105010107,2021,馬連,02-09,0.05876339272939418,50.72034295164905,2.9804994322373135,0.0
202306040203,2023,馬連,06-13,0.008197691950535527,263.84449536453894,2.162915895842989,0.0
202102010808,2021,ワイド,06-12,0.00778683152053358,330.9215945118655,2.5768307029702266,0.0
202106010309,2021,馬単,04-03,0.028545479426012627,117.67155141609648,3.358990849975169,0.0
202106030507,2021,馬単,10-02,0.07410211764051733,44.30051323911578,3.282761843580253,0.0
202310010712,2023,馬連,01-18,0.04972652661354718,40.37075959696663,2.007497651507676,0.0
202509010408,2025,馬連,04-07,0.019807235924565902,110.19284740621524,2.182615725774595,0.0
202508040610,2025,馬単,09-02,0.0022590485731051,1115.2510559510067,2.519406306600078,0.0
202202010211,2022,馬連,03-15,0.0004533598169095482,8896.467983296752,4.033301096049073,0.0
202105030708,2021,馬連,04-06,0.005880994781401754,738.8207370852322,4.345000899189648,0.0
202210020104,2022,馬単,08-06,0.010261542779361909,258.0418217946647,2.647907193210434,0.0
202205050508,2022,馬連,01-04,0.008252370382536161,262.6414978918575,2.1674149184276983,0.0
202210030504,2022,馬単,10-08,0.04803343219216957,46.36900381912221,2.2272624007642587,0.0
202209050505,2022,馬連,05-08,0.005707215089361171,475.6266306081946,2.7145034831091,0.0
202109050711,2021,馬単,07-05,0.21862407922935023,9.641845406989642,2.1079395741748503,0.0
202510010403,2025,馬連,08-13,0.016016659173332046,190.78775379561466,3.0557824269899476,0.0
202105030103,2021,馬単,05-07,0.008125862188235747,351.7587524486631,2.8583431459035697,0.0
202509050410,2025,馬連,10-16,0.021835756856237648,140.51679645811814,3.068290601676903,0.0
202110020303,2021,馬単,02-07,0.019360018872910965,114.63240659929518,2.219285555209558,0.0
202403020106,2024,馬単,05-04,0.02402432852652261,92.45781616692737,2.221236950439097,0.0
202305050805,2023,馬連,13-14,0.00731159910933897,327.57746551768236,2.3951151051186037,0.0
202404030502,2024,馬連,10-15,0.04895428484439862,48.924121009517826,2.395045355661763,0.0
202210040710,2022,馬単,14-05,0.02671246170023819,137.06863668369232,3.6614407077169946,0.0
202304010208,2023,馬単,10-01,0.01956312073178357,106.19449176061944,2.077495663363394,0.0
202103010507,2021,馬単,01-12,0.03857277335337797,53.622731112221736,2.0683774537808586,0.0
202109020508,2021,馬単,08-10,0.024118762854583368,132.90743345474493,3.2055628691063127,0.0
202106050806,2021,馬単,16-15,0.06970976364838032,36.260862080804124,2.5277361253393713,2640.0
202203030412,2022,馬単,05-14,0.009767042430464399,257.18117233493234,2.5118994225118607,0.0
202403010404,2024,馬連,01-03,0.011653052993542863,252.5782430453573,2.9433076512234977,0.0
202206020311,2022,馬単,07-12,0.009428557900415697,289.43550539177755,2.7289594210224544,0.0
202508010202,2025,馬連,03-11,0.2422002877932578,8.328294035397992,2.0171152122002662,0.0
202207030510,2022,馬連,02-09,0.010361422869529777,351.5844898113125,3.642915573302892,0.0
202507010711,2025,馬連,01-07,0.03126706645889038,69.94082460172012,2.1868444110115783,0.0
202107020312,2021,馬単,16-02,0.05903903703497295,77.90804169407346,4.5996157588986195,0.0
202106050301,2021,馬単,12-08,0.03691061209730597,79.56910650844068,2.936944425262278,0.0
202210020605,2022,馬連,03-10,0.10572021183702493,30.108414349293522,3.1830679430842324,0.0
202106030406,2021,馬連,03-05,0.020644906438590557,125.91015875927293,2.599403447253273,0.0
202102010712,2021,馬連,02-12,0.011658993522571605,216.82028152060082,2.527906257810837,0.0
202204020312,2022,馬単,02-06,0.014198288833810128,242.15149517601262,3.438136870048007,0.0
202503020108,2025,馬連,05-12,0.0006623219356887632,3932.437710198143,2.604539756193922,0.0
202505050211,2025,馬単,16-02,0.0011633634421638183,3427.730763724866,3.987696660097774,0.0
202510020508,2025,馬連,05-13,0.021911897337705863,152.89005048618853,3.3501110902100293,0.0
202205020711,2022,馬単,02-11,0.0029457995513203594,711.0770703135636,2.0946905146838914,0.0
202110040302,2021,ワイド,03-13,0.005683768943744464,364.8796662509602,2.0738917152410528,0.0
202104030608,2021,馬単,01-03,0.08587071433294723,26.351091869427343,2.262787082280844,0.0
202409010405,2024,馬連,06-09,0.001245729317298588,1898.381717850083,2.3648697613495044,0.0
202109020506,2021,馬単,11-06,0.02213994758514159,151.77903686061842,3.3603799206173655,0.0
202308030806,2023,馬連,09-15,0.001696022174368434,1226.7029355903846,2.080515380124145,0.0
202110040406,2021,馬単,04-02,0.046141125977532976,44.12493061442295,2.035973982229991,0.0
202307010109,2023,馬単,02-01,0.003662143735121249,579.2134447553857,2.1211628880089335,0.0
202105050710,2021,馬単,11-06,0.008338705989805814,254.63471439799278,2.1233240181630353,0.0
202106050401,2021,馬単,10-07,0.032576267562517226,120.28511166600096,3.9184399814189095,0.0
202104020109,2021,馬連,07-08,0.011921922331071307,303.9252827408593,3.6233736152854115,0.0
202408050605,2024,馬単,08-09,0.008596040415175383,273.4349285530665,2.3504576967627533,0.0
202501010611,2025,馬単,11-16,0.0035817236697997007,565.0317153067728,2.023787468901794,0.0
202110030504,2021,馬連,10-12,0.08348776204085787,43.656395134311,3.6447747285350216,0.0
202410010702,2024,馬連,01-06,0.01802586623858011,116.7943284483548,2.105318942034835,0.0
202210020304,2022,馬単,05-09,0.14148070703363555,21.52459257216617,3.04531457572101,0.0
202501020308,2025,馬連,05-10,0.12480491584205453,17.11199421514994,2.135660997911512,0.0
202110020105,2021,馬単,09-08,0.2162118245918818,22.131055522692026,4.784995894705485,0.0
202109050308,2021,馬連,01-12,0.02601927941011821,84.80784500395922,2.2066390153280127,0.0
202410010412,2024,馬単,15-13,0.017656165671238084,117.09085647545577,2.0673755605178075,0.0
202110040405,2021,馬単,04-01,0.09396317443173881,32.345605448417416,3.039295766849847,0.0
202207050106,2022,馬連,07-08,0.006950447167259288,324.44662536257835,2.255049128178168,0.0
202508040108,2025,馬連,06-08,0.002059203504995029,1133.109548265622,2.333303153331903,0.0
202304030809,2023,馬単,09-02,0.12681670170006532,20.920868991080656,2.653115602148022,0.0
202110020804,2021,馬単,05-12,0.046527565016128945,136.3841636447266,6.345623041150387,0.0
202103020204,2021,馬単,03-09,0.044996178187193654,54.72969939914491,2.4626273062954698,0.0
202110010710,2021,馬連,06-08,0.12340208557979336,28.330065501401396,3.4959891674850865,0.0
202106030306,2021,馬単,14-03,0.038967995625034904,51.79180967020437,2.0182230126411644,0.0
202109050803,2021,馬単,01-06,0.033120883091023054,85.95784109859093,2.846999605783167,0.0
202104030110,2021,馬単,06-01,0.046776981195777396,48.431143850755035,2.265462705196758,0.0
202401020304,2024,馬連,04-12,0.013523700867304141,395.2295227795113,5.344965839997479,0.0
202109020410,2021,馬連,02-03,0.004187994556657044,567.9173876564041,2.3784349281359085,0.0
202107030402,2021,馬連,09-10,0.19101770754690964,10.907159995700166,2.0834606982260064,0.0
202410030507,2024,馬連,01-07,0.021779465660634375,218.35656454255593,4.75568929922869,0.0
202110010104,2021,馬連,04-10,0.019925437694073504,165.96645078143675,3.3069541743520348,0.0
202310010304,2023,馬単,09-07,0.13091923365846786,30.062738896697436,3.9357907380302417,0.0
202107010804,2021,馬単,09-01,0.09840176756386755,21.83904185388798,2.1490003203238603,0.0
202107010109,2021,馬連,02-05,0.01779915388507683,406.96277594952915,7.243593074623713,0.0
202310010105,2023,馬単,06-02,0.1055869059193925,25.175420371211523,2.6581947422162684,0.0
202310020511,2023,馬連,08-10,0.011874928455439453,304.61173684420174,3.6172425817120457,0.0
202410010103,2024,馬連,05-09,0.0004402242228118292,6058.5028120716825,2.667099691847538,0.0
202508010806,2025,馬連,03-08,0.08152948526235912,32.57240224242892,2.655611188583742,0.0
202110040702,2021,馬単,07-08,0.09688250939426131,21.054065209607792,2.039770670457217,0.0
202110040612,2021,馬単,06-04,0.06858609170718179,42.2079861936288,2.8948808118516873,0.0
202206030712,2022,馬連,04-14,0.00950472605259994,225.24484392450526,2.1408905362630524,0.0
202204030111,2022,馬連,06-14,0.011251077214867625,185.71052146025406,2.0894434165626494,0.0
202109040507,2021,馬単,10-12,0.30272430163995284,7.682217714701149,2.3255939927289795,0.0
202105050609,2021,馬単,07-04,0.054393984894717966,50.988731815037205,2.7734803081479593,0.0
202407020511,2024,馬連,09-14,0.006565873218501762,342.7139870698221,2.250216589307704,0.0
202104040807,2021,馬単,07-14,0.00765626440911735,471.0852672051932,3.6067533649626573,0.0
202209040710,2022,馬連,05-09,0.027876848145086473,75.39423122254418,2.1017535348064014,0.0
202304010810,2023,馬連,04-07,0.012769944497507141,201.70943758765017,2.5758183226176734,0.0
202205040607,2022,馬単,08-06,0.022269605094991953,140.08073773274998,3.1195427107234805,0.0
202509050408,2025,馬単,09-04,0.10621267570579813,20.895689506895867,2.2193870932449795,0.0
202104050812,2021,馬連,01-02,0.064844229392987,34.09304778368145,2.210737411191107,0.0
202501020512,2025,馬連,03-04,0.013506754320764789,173.7134745706388,2.34630522323204,0.0
202307040107,2023,馬連,05-12,0.0063321319886710786,402.4430446809099,2.548322476842174,0.0
202304040312,2023,馬単,13-08,0.020394268931028466,99.1774541470652,2.0226516717699923,0.0
202102010412,2021,馬単,07-05,0.03730383620336103,58.26833868125465,2.173632562007489,0.0
202110040409,2021,馬単,09-03,0.07745628298235932,29.232632098251155,2.2642510241213416,0.0
202505010109,2025,馬単,06-10,0.003923895592629879,573.1575727740809,2.2490104736906553,0.0
202302020307,2023,馬単,08-02,0.007466192332574411,312.972291177941,2.3367113207009886,0.0
202106040312,2021,馬連,04-11,0.040114072787916094,60.08136621318093,2.4101082974729824,0.0
202106020210,2021,馬連,03-13,0.0024567054078101056,903.8220062172629,2.2204244103717286,0.0
202201020112,2022,馬単,15-04,0.026916801630321195,110.14636943349542,2.96478797634147,0.0
202205030103,2022,馬連,04-09,0.04019961669933738,50.88158030812885,2.0454200254433323,0.0
202405010711,2024,馬単,06-09,0.10372828333618711,22.77115055529469,2.362012356690582,0.0
202106030110,2021,馬連,06-09,0.049274953682504494,76.35345248250228,3.7623128345746073,0.0
202104030404,2021,馬単,10-12,0.03601684080670154,55.59725001343984,2.002437303024448,0.0
202308010810,2023,馬単,11-13,0.006243325494133595,338.2973783859549,2.1121006470755916,0.0
202505050711,2025,馬単,01-07,0.0024382892992802457,843.414782714311,2.0564892395470777,0.0
202103020207,2021,馬単,13-11,0.01222728813350063,165.02029675618402,2.0177507163136412,0.0
202207050606,2022,馬単,08-01,0.086816128133678,29.91502234646908,2.5971064131529005,0.0
202509040703,2025,馬連,09-11,0.09001767447626866,61.23500940604111,5.5122331432642575,0.0
202209030104,2022,馬単,04-02,0.049229882187279854,59.43597239061471,2.9260259184763804,0.0
202403020112,2024,馬連,14-16,0.00019089866804030146,18285.40857839074,3.4906601421874943,0.0
202502010212,2025,馬連,08-11,0.015742841007056495,167.92291578287194,2.6435837646110905,0.0
202501010308,2025,馬単,08-02,0.056292315376252164,36.48184192236589,2.053647351000398,0.0
202405020510,2024,馬単,06-05,0.37338828828375215,5.4599602446410005,2.0386852098438397,0.0
202107020512,2021,馬単,09-11,0.03699330276632669,87.66724828753026,3.243101058591342,0.0
202110010312,2021,馬単,05-11,0.03940689267054577,55.720155267627746,2.195758178217552,0.0
202405040702,2024,馬単,01-08,0.04833731352409541,59.3628545341967,2.8694409113047348,0.0
202505010710,2025,馬連,05-11,0.01260452372467875,257.6009789383959,3.2469376505294822,0.0
202405010207,2024,馬連,07-08,0.032514089212295406,77.64176638797606,2.5244513189388527,0.0
202502010112,2025,馬連,03-09,0.022111910327998238,114.91324776271614,2.5409514300282234,0.0
202209050406,2022,馬単,06-04,0.0016712935811040563,1291.3779165424746,2.1582716226969674,0.0
202104050810,2021,馬単,05-13,0.009528590741155502,236.047634951962,2.2492013088749188,0.0
202205010607,2022,馬単,12-01,0.004358262492817206,721.4087385451697,3.1440886471919876,0.0
202110020509,2021,馬単,10-09,0.06847668482972362,42.05873589449841,2.8800428021841515,0.0
202305050108,2023,馬連,04-09,0.0007236451567709983,3259.650508733384,2.358830303411034,0.0
202204010310,2022,馬単,04-03,0.012770242514482317,297.63282040722453,3.800843296869619,0.0
202407020706,2024,馬単,07-06,0.006598795964473496,352.30809934447535,2.3248092642056517,0.0
202105010402,2021,馬単,11-15,0.060206533076024596,33.516694533083644,2.017923978005113,0.0
202309030606,2023,馬単,10-11,0.09290136737173023,23.64031640771311,2.1962177193768975,0.0
202106010701,2021,馬連,14-15,0.26471529160685814,16.767884798737178,4.4387155141279155,0.0
202203020210,2022,馬単,14-07,0.09175862672867814,26.079453142592616,2.393014806199208,0.0
202301020807,2023,馬単,04-05,0.014179428584968642,167.7843780306594,2.3790866059591167,0.0
202206030508,2022,馬単,13-15,0.00408001173675025,1060.3890207829481,4.326399650315533,0.0
202204010309,2022,馬単,08-04,0.03939205344332518,51.06016802766766,2.011364867771048,0.0
202506040104,2025,馬単,16-14,0.06404421836817843,33.039352736402066,2.1159795213934074,0.0
202104030308,2021,馬単,06-04,0.0029231755262470976,1476.5848214352222,4.316316612447382,0.0
202107010406,2021,馬単,07-02,0.002484483026537486,1802.3189529492324,4.477830847009182,0.0
202506050604,2025,馬連,07-08,0.0038145657619332854,536.5893101375954,2.046855210670272,0.0
202410010811,2024,馬連,06-08,0.031915983794902084,107.5195724609185,3.431592932297475,0.0
202206050212,2022,馬連,01-03,0.017459957546202054,129.4265723635266,2.259782458817622,0.0
202405020710,2024,馬連,08-09,0.024784940392460993,105.7823426898766,2.6218090581434734,0.0
202403010607,2024,馬単,04-08,0.03850692295698636,67.56663517324964,2.6017832150791285,0.0
202505050611,2025,馬単,04-07,0.020225334070681653,121.03992145343697,2.44807284728483,0.0
202106030301,2021,馬単,15-14,0.11138658899091705,18.610845650707603,2.072998615268764,0.0
202209040708,2022,馬単,03-02,0.005237258099894384,403.411839959365,2.1127719264204816,0.0
202109020602,2021,馬単,12-11,0.10049952777132437,20.82542839755304,2.092945719589609,0.0
202206020107,2022,馬単,09-05,0.01897750143069841,149.28767291927542,2.8331070264111853,0.0
202307010106,2023,馬単,03-08,0.04205936683998861,62.97865746214242,2.6488424572902343,0.0
202105020107,2021,馬連,04-15,0.0064704894297876415,394.1597047994613,2.5504062035531314,0.0
202109050110,2021,馬単,15-12,0.04840720197231706,59.93730181787521,2.9013970747736115,0.0
202207050306,2022,馬単,06-02,0.07583077643618,28.728655075786094,2.178516220364063,0.0
202105010808,2021,馬連,04-07,0.0523677079322622,63.953475275057954,3.3490969144573866,0.0
202109030307,2021,ワイド,05-06,0.031004574934520305,65.26282447268713,2.0234461318018737,0.0
202103010509,2021,馬連,05-15,0.004039589527211547,503.83285393078495,2.035277920203904,0.0
202205040511,2022,馬連,09-14,0.00042849784254909984,4679.737386995652,2.0052573740239987,0.0
202209050310,2022,馬連,01-07,0.0020876825128745644,1240.6979651278664,2.590183445556503,0.0
202109020601,2021,馬連,03-06,0.041232202497148776,56.315526275180126,2.3220131831117294,0.0
202408030712,2024,馬単,02-03,0.029149570278655938,69.28119904409692,2.0195171805254537,0.0
202303020208,2023,馬単,04-03,0.0815098019054335,42.481622134160084,3.4626686047768676,0.0
202109030412,2021,馬連,03-12,0.01460305342381007,303.0806424799356,4.425902813857179,0.0
202109050707,2021,ワイド,04-10,0.02595954909784094,81.79038593655623,2.1232415394513904,0.0
202407020509,2024,馬単,01-04,0.0016453799214166682,1408.5873204889622,2.317661294694644,0.0
202407040303,2024,馬単,04-02,0.3736079020389203,5.611342903619359,2.0964420498422123,0.0
202203010403,2022,馬連,01-06,0.012245288405509966,184.67049286212975,2.2613434450844485,0.0
202204010710,2022,馬連,01-02,0.006192659091755974,368.37670413200436,2.2812313460341573,0.0
202409020510,2024,馬連,10-14,0.004534782118996019,441.5843169121628,2.0024886643623474,0.0
202508020109,2025,馬単,07-04,0.07132207750320395,35.62933559372295,2.5411582346031714,0.0
202104020211,2021,馬単,01-10,0.21469158987281173,14.661666107739535,3.14773640685492,0.0
202107040312,2021,馬単,06-05,0.021993540219315336,127.17644705770867,2.797060303313343,0.0
202109020210,2021,馬連,01-03,0.17087060907296453,13.966964897894838,2.386543799004007,0.0
202207040201,2022,馬単,02-09,0.008829170309791018,288.66479778489025,2.5486706620841812,0.0
202107050308,2021,馬連,05-08,0.1736261618055247,12.182256604506746,2.1151584563705104,0.0
202404040501,2024,馬単,02-05,0.08242076112773809,30.06397955849502,2.477896077739919,0.0
202504010204,2025,馬連,01-02,0.02063247399523572,124.15388030679219,2.561601706837498,0.0
202504020607,2025,馬単,06-11,0.009013406554658617,361.07307715115536,3.2544984403049804,0.0
202204040301,2022,馬単,03-05,0.03837787275480323,84.26045185173838,3.2337368994282394,0.0
202209020509,2022,馬単,10-04,0.008757833028301599,261.3449084104218,2.2888150706552484,0.0
202403010209,2024,馬単,11-06,0.0295788235590186,103.0625100016894,3.0484677988895608,0.0
202505010404,2025,馬連,11-13,0.011814161161282638,185.88542741166378,2.1960803969753013,0.0
202307010207,2023,馬単,01-05,0.023936691934052987,88.78317087123715,2.1251754100731906,0.0
202408030409,2024,馬単,10-04,0.018510828730886882,164.66770642777115,3.0481357111924328,0.0
202210030201,2022,馬単,02-03,0.043120826630292014,116.6402241475094,5.029622883583153,0.0
202207050211,2022,馬単,11-02,0.015978980540436075,160.88585198924335,2.570791898167598,0.0
202209010411,2022,馬連,02-04,0.01845975472203476,166.35498438109147,3.070872208462872,0.0
202210010101,2022,馬単,04-02,0.05162901062943135,38.823512811826525,2.004419555633656,0.0
202509050804,2025,馬単,09-10,0.09063921226485419,23.125452967902497,2.096072840278617,0.0
202105040210,2021,馬単,10-06,0.04047035131231815,80.75909685368796,3.2683490213342794,0.0
202110040109,2021,馬単,10-01,0.17497763225191898,12.485323681619363,2.184652375708568,0.0
202309020801,2023,馬連,03-14,0.11721718859467223,19.476957845343204,2.283034241008075,0.0
202503010304,2025,馬単,04-07,0.07053362865567253,30.557980857926356,2.1553652743001273,0.0
202107010404,2021,馬連,04-08,0.038678331127769305,58.456574892685786,2.2610027602945464,0.0
202109030107,2021,馬連,14-15,0.02521867261209381,100.8255590650492,2.542686764992803,0.0
202401020608,2024,馬単,02-11,0.03996366434147336,62.04606315615441,2.479588041682412,0.0
202209010410,2022,馬単,08-02,0.05453707900439086,51.0577290921822,2.784539405285126,0.0
202303020404,2023,馬連,09-10,0.0013687812410707197,1828.193662127574,2.5023971897646047,0.0
202204030704,2022,ワイド,06-11,0.003897144041210675,774.153493692932,3.0169876749278357,0.0
202110040101,2021,馬単,01-02,0.06412860512138685,44.30955332961629,2.841509848579995,0.0
202308020710,2023,馬単,05-12,0.1535915228925535,13.367734710662436,2.0531707318342916,0.0
202310030104,2023,馬単,04-05,0.010243291826099439,213.45776446040503,2.186510173914726,0.0
202304010811,2023,馬単,16-15,0.08083196076271643,32.29289196398991,2.6102977761478727,0.0
202109050304,2021,馬単,09-04,0.016825953046885743,216.59471367759716,3.644412482542911,0.0
202102010607,2021,馬単,11-05,0.00811917942138072,323.1593370030324,2.6237886388220577,0.0
202505050106,2025,馬単,09-03,0.05055037030466474,42.16078529894431,2.1312433091971004,0.0
202309030203,2023,馬連,01-12,0.014014881525292292,178.1290559872168,2.496457615873001,0.0
202107030212,2021,馬単,01-02,0.00812653527660588,335.47569104889345,2.726255037752568,0.0
202109040701,2021,馬単,08-05,0.007868581658287346,256.8367967822221,2.0209413083338674,0.0
202307010602,2023,馬単,09-12,0.025053379937740355,91.97120530220107,2.3041895497679636,0.0
202203030404,2022,馬連,03-04,0.11652186617901983,18.641949466916017,2.1721947411000384,0.0
