券種,レース条件,馬,オッズ,人気,点数,的中,ROI,CI下,最悪年,年100超
複勝,長距離1900+,MF複勝1位,1-5,人気1-3,2498,1696,88.1,85.6,86.7,0
複勝,長距離1900+,MF複勝1位,1-5,人気不問,2499,1697,88.1,85.6,86.7,0
複勝,堅いR(1人気=MF1位),MF複勝1位,1-20,人気1-6,8137,5629,86.8,85.5,85.1,0
複勝,少頭数-12,MF複勝1位,1-20,人気1-3,3654,2544,87.5,85.5,84.2,0
複勝,少頭数-12,MF複勝1位,1-10,人気1-3,3654,2544,87.5,85.5,84.2,0
複勝,堅いR(1人気=MF1位),MF複勝1位,1-20,人気1-3,8137,5629,86.8,85.5,85.1,0
複勝,堅いR(1人気=MF1位),MF複勝1位,1-5,人気1-3,8115,5622,86.8,85.5,85.0,0
複勝,堅いR(1人気=MF1位),MF複勝1位,1-5,人気不問,8115,5622,86.8,85.5,85.0,0
複勝,長距離1900+,MF複勝1位,1-5,人気1-6,2499,1697,88.1,85.5,86.7,0
複勝,堅いR(1人気=MF1位),MF複勝1位,1-20,人気不問,8137,5629,86.8,85.4,85.1,0
複勝,堅いR(1人気=MF1位),MF複勝1位,1-5,人気1-6,8115,5622,86.8,85.4,85.0,0
複勝,堅いR(1人気=MF1位),MF複勝1位,1-10,人気1-6,8137,5629,86.8,85.4,85.1,0
複勝,堅いR(1人気=MF1位),MF複勝1位,1-10,人気不問,8137,5629,86.8,85.4,85.1,0
複勝,堅いR(1人気=MF1位),MF複勝2位以内,1-5,人気不問,11185,7391,86.5,85.3,85.0,0
複勝,堅いR(1人気=MF1位),MF複勝2位以内,1-5,人気1-3,11178,7386,86.5,85.3,85.0,0
複勝,堅いR(1人気=MF1位),MF複勝1位,1-10,人気1-3,8137,5629,86.8,85.3,85.1,0
複勝,堅いR(1人気=MF1位),MF複勝2位以内,1-5,人気1-6,11185,7391,86.5,85.2,85.0,0
複勝,少頭数-12,MF複勝1位,1-5,人気1-3,3450,2443,87.0,85.1,85.5,0
複勝,ダート,MF複勝1位,1-5,人気不問,5394,3577,86.7,85.1,85.4,0
複勝,少頭数-12,MF複勝1位,1-5,人気不問,3460,2450,87.1,85.1,85.5,0
複勝,少頭数-12,MF複勝1位,1-5,人気1-6,3460,2450,87.1,85.1,85.5,0
複勝,少頭数-12,MF複勝1位,1-20,人気1-6,3894,2637,87.1,85.0,84.8,0
複勝,ダート,MF複勝1位,1-5,人気1-3,5388,3572,86.7,85.0,85.2,0
複勝,長距離1900+,MF複勝1位,1-20,人気1-3,2731,1789,87.3,84.9,85.5,0
複勝,長距離1900+,MF複勝1位,1-10,人気1-3,2730,1789,87.4,84.9,85.5,0
複勝,少頭数-12,MF複勝1位,1-10,人気1-6,3852,2621,86.9,84.9,84.0,0
複勝,少頭数-12,MF複勝1位,1-10,人気不問,3852,2621,86.9,84.9,84.0,0
複勝,堅いR(1人気=MF1位),MF複勝3位以内,1-5,人気不問,13124,8428,86.0,84.9,84.8,0
複勝,堅いR(1人気=MF1位),MF複勝3位以内,1-5,人気1-3,13100,8416,86.0,84.9,84.8,0
複勝,堅いR(1人気=MF1位),MF複勝3位以内,1-5,人気1-6,13124,8428,86.0,84.9,84.8,0
複勝,ダート,MF複勝1位,1-20,人気1-3,5941,3810,86.5,84.8,84.4,0
複勝,全体,MF複勝1位,1-5,人気1-6,10920,7194,86.0,84.8,84.2,0
複勝,全体,MF複勝1位,1-5,人気不問,10920,7194,86.0,84.8,84.2,0
複勝,ダート,MF複勝1位,1-5,人気1-6,5394,3577,86.7,84.8,85.4,0
複勝,ダート,MF複勝1位,1-10,人気1-3,5937,3809,86.5,84.8,84.4,0
複勝,ダート,MF複勝3位以内,1-5,人気1-6,11478,7080,86.0,84.7,85.3,0
複勝,ダート,MF複勝3位以内,1-5,人気不問,11478,7080,86.0,84.7,85.3,0
複勝,全体,MF複勝1位,1-5,人気1-3,10905,7182,85.9,84.7,84.1,0
複勝,少頭数-12,MF複勝2位以内,1-5,人気不問,6116,4136,86.1,84.6,84.9,0
複勝,少頭数-12,MF複勝2位以内,1-10,人気1-3,7050,4589,86.3,84.6,84.2,0
複勝,少頭数-12,MF複勝2位以内,1-20,人気1-3,7069,4597,86.3,84.6,84.3,0
複勝,少頭数-12,MF複勝1位,1-20,人気不問,3908,2638,86.8,84.6,84.6,0
複勝,ダート,MF複勝3位以内,1-5,人気1-3,11451,7063,86.0,84.6,85.3,0
複勝,ダート,MF複勝2位以内,1-5,人気不問,9299,5848,85.9,84.5,84.8,0
複勝,ダート,MF複勝2位以内,1-5,人気1-3,9286,5839,85.9,84.5,84.8,0
複勝,ダート,MF複勝2位以内,1-5,人気1-6,9299,5848,85.9,84.5,84.8,0
複勝,堅いR(1人気=MF1位),MF複勝5位以内,1-5,人気1-6,14506,9130,85.6,84.5,84.1,0
複勝,堅いR(1人気=MF1位),MF複勝5位以内,1-5,人気1-3,14464,9109,85.6,84.5,84.2,0
複勝,少頭数-12,MF複勝2位以内,1-5,人気1-6,6116,4136,86.1,84.5,84.9,0
複勝,少頭数-12,MF複勝2位以内,1-5,人気1-3,6096,4122,86.1,84.5,84.8,0
複勝,長距離1900+,MF複勝1位,1-20,人気不問,2955,1867,87.1,84.4,85.4,0
複勝,堅いR(1人気=MF1位),MF複勝5位以内,1-5,人気不問,14506,9130,85.6,84.4,84.1,0
複勝,長距離1900+,MF複勝1位,1-20,人気1-6,2936,1861,86.9,84.3,85.5,0
複勝,少頭数-12,MF複勝2位以内,1-20,人気1-6,8006,4957,85.8,84.3,84.3,0
複勝,全体,MF複勝2位以内,1-5,人気不問,18920,11900,85.3,84.3,83.9,0
複勝,全体,MF複勝1位,1-10,人気1-3,12066,7656,85.4,84.2,83.2,0
複勝,長距離1900+,MF複勝1位,1-10,人気不問,2890,1843,86.5,84.2,84.7,0
複勝,全体,MF複勝1位,1-20,人気1-3,12073,7658,85.4,84.2,83.2,0
複勝,少頭数-12,MF複勝2位以内,1-10,人気不問,7718,4863,85.8,84.2,83.6,0
複勝,少頭数-12,MF複勝3位以内,1-20,人気1-3,9637,5960,85.6,84.2,83.3,0
複勝,少頭数-12,MF複勝2位以内,1-10,人気1-6,7718,4863,85.8,84.2,83.6,0
複勝,全体,MF複勝2位以内,1-5,人気1-3,18888,11877,85.2,84.2,83.8,0
複勝,全体,MF複勝2位以内,1-5,人気1-6,18920,11900,85.3,84.2,83.9,0
複勝,堅いR(1人気=MF1位),MF複勝2位以内,1-20,人気1-3,13343,8307,85.3,84.1,83.6,0
複勝,堅いR(1人気=MF1位),MF複勝2位以内,1-10,人気1-3,13279,8280,85.3,84.1,83.6,0
複勝,全体,MF複勝3位以内,1-5,人気不問,23527,14473,85.0,84.1,84.3,0
複勝,全体,MF複勝3位以内,1-5,人気1-6,23527,14473,85.0,84.1,84.3,0
複勝,少頭数-12,MF複勝3位以内,1-5,人気1-3,7641,5036,85.5,84.1,84.0,0
複勝,少頭数-12,MF複勝3位以内,1-5,人気1-6,7687,5063,85.5,84.1,83.9,0
複勝,全体,MF複勝3位以内,1-5,人気1-3,23455,14431,85.0,84.1,84.2,0
複勝,ダート,MF複勝5位以内,1-5,人気不問,13304,8011,85.3,84.0,84.3,0
複勝,ダート,MF複勝5位以内,1-5,人気1-6,13304,8011,85.3,84.0,84.3,0
複勝,少頭数-12,MF複勝3位以内,1-5,人気不問,7687,5063,85.5,84.0,83.9,0
複勝,少頭数-12,MF複勝5位以内,1-5,人気1-3,8856,5730,85.2,83.9,83.7,0
複勝,ダート,MF複勝1位,1-20,人気1-6,6426,3968,85.6,83.9,83.5,0
複勝,少頭数-12,MF複勝5位以内,1-10,人気1-3,11884,7138,85.2,83.9,82.3,0
複勝,ダート,MF複勝5位以内,1-5,人気1-3,13251,7977,85.2,83.9,84.3,0
複勝,少頭数-12,MF複勝5位以内,1-20,人気1-3,12065,7200,85.3,83.9,82.4,0
複勝,少頭数-12,MF複勝3位以内,1-10,人気1-3,9542,5926,85.5,83.9,83.4,0
複勝,少頭数-12,MF複勝5位以内,1-5,人気1-6,8933,5774,85.3,83.8,83.6,0
複勝,ダート,MF複勝1位,1-10,人気不問,6310,3935,85.7,83.8,83.6,0
複勝,ダート,MF複勝1位,1-10,人気1-6,6309,3934,85.6,83.8,83.6,0
複勝,少頭数-12,MF複勝2位以内,1-20,人気不問,8060,4963,85.5,83.8,83.6,0
複勝,少頭数-12,MF複勝5位以内,1-5,人気不問,8933,5774,85.3,83.8,83.6,0
複勝,全体,MF複勝5位以内,1-5,人気1-6,27249,16440,84.6,83.8,84.0,0
複勝,堅いR(1人気=MF1位),MF複勝2位以内,1-10,人気1-6,14102,8595,85.0,83.8,83.1,0
複勝,全体,MF複勝5位以内,1-5,人気不問,27249,16440,84.6,83.8,84.0,0
複勝,長距離1900+,MF複勝1位,1-10,人気1-6,2890,1843,86.5,83.8,84.7,0
複勝,全体,MF複勝5位以内,1-5,人気1-3,27128,16368,84.6,83.7,84.0,0
複勝,堅いR(1人気=MF1位),MF複勝2位以内,1-10,人気不問,14104,8595,85.0,83.7,83.1,0
複勝,芝,MF複勝1位,1-5,人気不問,5526,3617,85.2,83.6,83.1,0
複勝,ダート,MF複勝1位,1-20,人気不問,6476,3979,85.5,83.6,83.2,0
複勝,短距離-1400,MF複勝2位以内,1-5,人気不問,6434,3946,85.3,83.6,82.4,0
複勝,ダート,MF複勝2位以内,1-10,人気1-3,11376,6728,85.0,83.6,83.5,0
複勝,ダート,MF複勝3位以内,1-10,人気1-3,15238,8657,84.9,83.6,83.7,0
複勝,ダート,MF複勝3位以内,1-20,人気1-3,15394,8707,84.8,83.6,83.6,0
複勝,芝,MF複勝1位,1-5,人気1-3,5517,3610,85.2,83.5,83.1,0
複勝,芝,MF複勝1位,1-5,人気1-6,5526,3617,85.2,83.5,83.1,0
複勝,短距離-1400,MF複勝2位以内,1-5,人気1-6,6434,3946,85.3,83.5,82.4,0
複勝,堅いR(1人気=MF1位),MF複勝2位以内,1-20,人気1-6,14752,8779,84.8,83.5,83.7,0
複勝,ダート,MF複勝2位以内,1-20,人気1-3,11427,6746,84.9,83.5,83.5,0
複勝,短距離-1400,MF複勝3位以内,1-5,人気不問,8027,4819,85.0,83.4,83.8,0
複勝,短距離-1400,MF複勝3位以内,1-5,人気1-6,8027,4819,85.0,83.4,83.8,0
複勝,全体,MF複勝2位以内,1-10,人気1-3,23213,13695,84.3,83.4,83.0,0
複勝,短距離-1400,MF複勝2位以内,1-5,人気1-3,6422,3937,85.2,83.4,82.1,0
複勝,堅いR(1人気=MF1位),MF複勝2位以内,1-20,人気不問,14864,8798,84.6,83.3,83.4,0
複勝,芝,MF複勝2位以内,1-5,人気不問,9621,6052,84.7,83.3,82.8,0
複勝,少頭数-12,MF複勝3位以内,1-10,人気1-6,11079,6544,84.6,83.3,82.6,0
複勝,全体,MF複勝2位以内,1-20,人気1-3,23294,13726,84.3,83.3,83.0,0
複勝,全体,MF複勝1位,1-10,人気不問,12853,7918,84.6,83.3,82.1,0
複勝,全体,MF複勝1位,1-10,人気1-6,12851,7916,84.5,83.3,82.1,0
複勝,芝,MF複勝2位以内,1-5,人気1-6,9621,6052,84.7,83.3,82.8,0
複勝,長距離1900+,MF複勝2位以内,1-5,人気1-3,4365,2792,85.2,83.3,83.8,0
複勝,短距離-1400,MF複勝5位以内,1-5,人気1-6,9353,5508,84.7,83.2,83.1,0
複勝,堅いR(1人気=MF1位),MF複勝3位以内,1-20,人気1-3,17755,10341,84.4,83.2,83.5,0
複勝,長距離1900+,MF複勝2位以内,1-5,人気1-6,4372,2797,85.2,83.2,83.9,0
複勝,全体,MF複勝1位,1-20,人気1-6,13085,7984,84.5,83.2,82.1,0
複勝,全体,MF複勝1位,1-20,人気不問,13193,8007,84.5,83.2,81.8,0
複勝,堅いR(1人気=MF1位),MF複勝3位以内,1-10,人気1-3,17527,10262,84.3,83.2,83.1,0
複勝,芝,MF複勝2位以内,1-5,人気1-3,9602,6038,84.6,83.2,82.8,0
複勝,短距離-1400,MF複勝3位以内,1-5,人気1-3,8005,4803,84.9,83.2,83.7,0
複勝,長距離1900+,MF複勝2位以内,1-5,人気不問,4372,2797,85.2,83.2,83.9,0
複勝,短距離-1400,MF複勝5位以内,1-5,人気不問,9353,5508,84.7,83.2,83.1,0
複勝,短距離-1400,MF複勝1位,1-5,人気1-6,3691,2349,85.2,83.1,79.8,0
複勝,少頭数-12,MF複勝3位以内,1-10,人気不問,11082,6544,84.6,83.1,82.5,0
複勝,短距離-1400,MF複勝5位以内,1-5,人気1-3,9320,5485,84.6,83.1,83.1,0
複勝,短距離-1400,MF複勝1位,1-5,人気1-3,3683,2342,85.1,83.1,79.5,0
複勝,短距離-1400,MF複勝1位,1-5,人気不問,3691,2349,85.2,83.0,79.8,0
複勝,ダート,MF複勝5位以内,1-20,人気1-3,19425,10504,84.1,83.0,82.9,0
複勝,芝,MF複勝5位以内,1-5,人気1-6,13945,8429,84.0,82.9,83.6,0
複勝,ダート,MF複勝5位以内,1-10,人気1-3,19120,10397,84.1,82.9,82.9,0
複勝,ダート,MF複勝2位以内,1-10,人気不問,12649,7188,84.4,82.9,83.5,0
複勝,ダート,MF複勝2位以内,1-10,人気1-6,12644,7185,84.3,82.9,83.5,0
複勝,芝,MF複勝5位以内,1-5,人気不問,13945,8429,84.0,82.9,83.6,0
複勝,芝,MF複勝3位以内,1-5,人気不問,12049,7393,84.0,82.8,83.2,0
複勝,堅いR(1人気=MF1位),MF複勝5位以内,1-20,人気1-3,21895,12126,83.9,82.8,82.9,0
複勝,芝,MF複勝5位以内,1-5,人気1-3,13877,8391,84.0,82.8,83.7,0
複勝,芝,MF複勝3位以内,1-5,人気1-6,12049,7393,84.0,82.8,83.2,0
複勝,ダート,MF複勝2位以内,1-20,人気1-6,13301,7376,84.3,82.8,83.2,0
複勝,全体,MF複勝3位以内,1-20,人気1-3,31575,17755,83.7,82.8,82.6,0
複勝,芝,MF複勝3位以内,1-5,人気1-3,12004,7368,84.0,82.8,83.2,0
複勝,長距離1900+,MF複勝2位以内,1-10,人気1-3,5282,3192,84.7,82.7,82.7,0
複勝,芝,MF複勝1位,1-10,人気1-3,6129,3847,84.4,82.7,82.1,0
複勝,長距離1900+,MF複勝3位以内,1-5,人気1-3,5445,3394,84.5,82.7,83.9,0
複勝,全体,MF複勝3位以内,1-10,人気1-3,31289,17655,83.6,82.7,82.6,0
複勝,芝,MF複勝1位,1-20,人気1-3,6132,3848,84.4,82.7,82.1,0
複勝,少頭数-12,MF複勝3位以内,1-20,人気1-6,12074,6831,84.1,82.6,82.7,0
複勝,ダート,MF複勝2位以内,1-20,人気不問,13483,7411,84.1,82.6,82.8,0
複勝,長距離1900+,MF複勝3位以内,1-5,人気不問,5466,3402,84.4,82.6,83.7,0
複勝,全体,MF複勝2位以内,1-10,人気不問,25792,14626,83.7,82.6,82.5,0
複勝,長距離1900+,MF複勝2位以内,1-20,人気1-3,5289,3194,84.7,82.6,82.7,0
複勝,全体,MF複勝2位以内,1-10,人気1-6,25782,14620,83.6,82.6,82.4,0
複勝,短距離-1400,MF複勝2位以内,1-20,人気1-3,8117,4626,84.2,82.5,81.5,0
複勝,長距離1900+,MF複勝3位以内,1-5,人気1-6,5466,3402,84.4,82.5,83.7,0
複勝,長距離1900+,MF複勝1位,3-10,人気1-3,1175,641,87.3,82.5,84.0,0
複勝,全体,MF複勝2位以内,1-20,人気1-6,27061,14977,83.5,82.5,82.2,0
複勝,堅いR(1人気=MF1位),MF複勝5位以内,1-10,人気1-3,21453,11971,83.6,82.5,82.8,0
複勝,堅いR(1人気=MF1位),MF複勝3位以内,1-10,人気1-6,19828,11101,83.6,82.5,81.7,0
複勝,全体,MF複勝5位以内,1-20,人気1-3,39762,21484,83.3,82.5,82.4,0
複勝,多頭数16+,MF複勝5位以内,1-5,人気不問,10423,5994,83.9,82.5,82.9,0
複勝,堅いR(1人気=MF1位),MF複勝3位以内,1-10,人気不問,19831,11101,83.6,82.4,81.7,0
複勝,多頭数16+,MF複勝3位以内,1-5,人気1-3,8974,5248,83.9,82.4,82.0,0
複勝,多頭数16+,MF複勝5位以内,1-5,人気1-3,10400,5979,83.9,82.4,82.8,0
複勝,短距離-1400,MF複勝2位以内,1-10,人気1-3,8091,4614,84.1,82.4,81.3,0
複勝,長距離1900+,MF複勝5位以内,1-5,人気1-3,6254,3829,84.2,82.4,83.2,0
複勝,多頭数16+,MF複勝3位以内,1-5,人気不問,8988,5256,83.9,82.4,82.0,0
複勝,多頭数16+,MF複勝3位以内,1-5,人気1-6,8988,5256,83.9,82.4,82.0,0
複勝,多頭数16+,MF複勝5位以内,1-5,人気1-6,10423,5994,83.9,82.4,82.9,0
複勝,芝,MF複勝2位以内,1-10,人気1-3,11837,6967,83.7,82.4,82.5,0
複勝,少頭数-12,MF複勝5位以内,1-10,人気1-6,15263,8444,83.7,82.4,81.4,0
複勝,少頭数-12,MF複勝5位以内,1-10,人気不問,15275,8449,83.7,82.4,81.3,0
複勝,長距離1900+,MF複勝5位以内,1-5,人気不問,6288,3844,84.1,82.4,83.5,0
複勝,ダート,MF複勝3位以内,1-10,人気1-6,17896,9588,83.5,82.3,82.7,0
複勝,ダート,MF複勝3位以内,3-10,人気1-3,10347,5168,84.0,82.3,83.1,0
複勝,長距離1900+,MF複勝5位以内,1-5,人気1-6,6288,3844,84.1,82.3,83.5,0
複勝,ダート,MF複勝3位以内,1-10,人気不問,17903,9592,83.5,82.3,82.8,0
複勝,芝,MF複勝2位以内,1-20,人気1-3,11867,6980,83.8,82.3,82.6,0
複勝,全体,MF複勝2位以内,1-20,人気不問,27456,15052,83.3,82.3,81.9,0
複勝,多頭数16+,MF複勝2位以内,1-5,人気不問,7258,4329,84.0,82.3,81.3,0
複勝,少頭数-12,MF複勝3位以内,1-20,人気不問,12206,6855,83.9,82.3,82.1,0
複勝,長距離1900+,MF複勝2位以内,1-20,人気1-6,6051,3461,84.3,82.3,82.8,0
複勝,全体,MF複勝5位以内,1-10,人気1-3,39202,21287,83.2,82.3,82.3,0
複勝,少頭数-12,MF複勝5位以内,5-15,人気1-3,3187,1467,86.1,82.3,79.5,0
複勝,長距離1900+,MF複勝2位以内,1-20,人気不問,6123,3477,84.2,82.2,82.3,0
複勝,多頭数16+,MF複勝2位以内,1-5,人気1-3,7253,4325,83.9,82.2,81.2,0
複勝,多頭数16+,MF複勝2位以内,1-5,人気1-6,7258,4329,84.0,82.2,81.3,0
複勝,長距離1900+,MF複勝2位以内,1-10,人気1-6,5815,3394,84.3,82.2,83.6,0
複勝,長距離1900+,MF複勝2位以内,1-10,人気不問,5818,3396,84.4,82.2,83.5,0
複勝,長距離1900+,MF複勝3位以内,1-20,人気1-3,7201,4138,83.8,82.1,82.3,0
複勝,多頭数16+,MF複勝1位,1-5,人気不問,4207,2615,84.0,82.1,81.5,0
複勝,少頭数-12,MF複勝2位以内,3-10,人気1-3,3716,2075,84.9,82.1,81.8,0
複勝,少頭数-12,MF複勝5位以内,3-10,人気1-3,7954,4201,84.1,82.1,80.9,0
複勝,多頭数16+,MF複勝1位,1-5,人気1-3,4204,2612,84.0,81.9,81.4,0
複勝,ダート,MF複勝2位以内,3-10,人気1-3,6898,3526,84.0,81.9,81.3,0
複勝,短距離-1400,MF複勝1位,1-10,人気1-3,4189,2535,84.1,81.9,78.5,0
複勝,短距離-1400,MF複勝1位,1-20,人気1-3,4190,2536,84.1,81.9,78.5,0
複勝,短距離-1400,MF複勝2位以内,1-20,人気1-6,9605,5117,83.5,81.9,81.2,0
複勝,短距離-1400,MF複勝2位以内,1-10,人気1-6,9084,4971,83.6,81.9,81.0,0
複勝,芝,MF複勝3位以内,10-20,人気1-3,130,50,110.1,81.9,96.2,4
複勝,短距離-1400,MF複勝2位以内,1-10,人気不問,9087,4972,83.6,81.9,81.0,0
複勝,道悪,MF複勝2位以内,1-5,人気1-6,2275,1403,84.7,81.9,81.5,0
複勝,短距離-1400,MF複勝3位以内,1-20,人気1-3,10983,5987,83.5,81.9,81.8,0
複勝,少頭数-12,MF複勝5位以内,5-30,人気1-3,3216,1473,85.7,81.9,78.7,0
複勝,長距離1900+,MF複勝3位以内,1-10,人気1-3,7154,4119,83.6,81.9,81.5,0
複勝,少頭数-12,MF複勝3位以内,5-15,人気1-3,1981,923,86.6,81.9,80.0,0
複勝,少頭数-12,MF複勝3位以内,3-10,人気1-3,5844,3150,84.1,81.9,80.9,0
複勝,長距離1900+,MF複勝5位以内,1-20,人気1-3,8982,4974,83.6,81.9,82.2,0
複勝,少頭数-12,MF複勝2位以内,5-15,人気1-3,970,475,88.2,81.9,78.3,1
複勝,道悪,MF複勝2位以内,1-5,人気不問,2275,1403,84.7,81.9,81.5,0
複勝,多頭数16+,MF複勝1位,1-5,人気1-6,4207,2615,84.0,81.9,81.5,0
複勝,堅いR(1人気=MF1位),MF複勝3位以内,1-20,人気1-6,22087,11712,83.0,81.8,81.5,0
複勝,ダート,MF複勝3位以内,1-20,人気1-6,19844,10115,83.1,81.8,82.5,0
複勝,堅いR(1人気=MF1位),MF複勝5位以内,1-10,人気不問,26736,13891,82.9,81.8,82.3,0
複勝,堅いR(1人気=MF1位),MF複勝5位以内,1-10,人気1-6,26726,13889,82.9,81.8,82.3,0
複勝,短距離-1400,MF複勝3位以内,1-10,人気1-3,10901,5957,83.3,81.8,81.5,0
複勝,芝,MF複勝1位,1-20,人気1-6,6659,4016,83.5,81.8,80.7,0
複勝,ダート,MF複勝3位以内,1-20,人気不問,20294,10208,82.9,81.7,82.6,0
複勝,ダート,MF複勝1位,3-10,人気1-3,2655,1401,85.0,81.7,80.9,0
複勝,多頭数16+,MF複勝2位以内,1-20,人気1-3,9381,5190,83.3,81.7,81.1,0
複勝,全体,MF複勝3位以内,1-10,人気1-6,36698,19585,82.6,81.7,81.8,0
複勝,芝,MF複勝1位,1-10,人気不問,6543,3983,83.5,81.7,80.7,0
複勝,芝,MF複勝2位以内,1-10,人気不問,13143,7438,83.0,81.7,81.3,0
複勝,少頭数-12,MF複勝2位以内,3-10,人気1-6,4384,2349,84.2,81.7,81.1,0
複勝,全体,MF複勝3位以内,1-10,人気不問,36713,19592,82.6,81.7,81.7,0
複勝,道悪,MF複勝2位以内,1-10,人気1-3,2807,1630,84.4,81.6,81.1,0
複勝,道悪,MF複勝2位以内,1-20,人気1-3,2815,1633,84.3,81.6,81.0,0
複勝,芝,MF複勝1位,1-10,人気1-6,6542,3982,83.4,81.6,80.7,0
複勝,道悪,MF複勝2位以内,1-5,人気1-3,2271,1399,84.6,81.6,81.5,0
複勝,少頭数-12,MF複勝2位以内,3-10,人気不問,4384,2349,84.2,81.6,81.1,0
複勝,芝,MF複勝1位,1-20,人気不問,6717,4028,83.5,81.6,80.6,0
複勝,多頭数16+,MF複勝2位以内,1-10,人気1-3,9337,5169,83.2,81.6,81.0,0
複勝,少頭数-12,MF複勝5位以内,1-20,人気1-6,18633,9409,83.0,81.6,82.4,0
複勝,堅いR(1人気=MF1位),MF複勝3位以内,1-20,人気不問,22466,11788,82.8,81.6,81.2,0
複勝,少頭数-12,MF複勝2位以内,5-30,人気1-3,974,476,87.9,81.6,77.8,1
複勝,長距離1900+,MF複勝5位以内,1-10,人気1-3,8872,4937,83.3,81.6,81.5,0
複勝,短距離-1400,MF複勝5位以内,1-20,人気1-3,14000,7319,82.9,81.5,81.6,0
複勝,ダート,MF複勝5位以内,3-10,人気1-3,13975,6736,83.1,81.5,81.8,0
複勝,芝,MF複勝5位以内,1-20,人気1-3,20337,10980,82.6,81.5,81.9,0
複勝,芝,MF複勝2位以内,1-10,人気1-6,13138,7435,83.0,81.5,81.3,0
複勝,少頭数-12,MF複勝5位以内,1-20,人気不問,19106,9511,82.8,81.4,82.0,0
複勝,少頭数-12,MF複勝3位以内,5-30,人気1-3,1999,926,86.2,81.4,79.4,0
複勝,短距離-1400,MF複勝2位以内,1-20,人気不問,9782,5147,83.2,81.4,80.4,0
複勝,短距離-1400,MF複勝1位,1-10,人気不問,4506,2647,83.6,81.4,77.9,0
複勝,短距離-1400,MF複勝5位以内,1-10,人気1-3,13824,7255,82.8,81.4,81.4,0
複勝,短距離-1400,MF複勝1位,1-10,人気1-6,4505,2646,83.5,81.3,77.9,0
複勝,短距離-1400,MF複勝1位,1-20,人気1-6,4608,2674,83.6,81.3,77.5,0
複勝,ダート,MF複勝5位以内,1-10,人気不問,24623,12316,82.4,81.3,81.4,0
複勝,芝,MF複勝3位以内,1-20,人気1-3,16181,9048,82.6,81.3,81.7,0
複勝,全体,MF複勝2位以内,3-10,人気1-3,14081,7127,82.7,81.3,80.8,0
複勝,全体,MF複勝5位以内,1-10,人気不問,50501,25305,82.0,81.3,81.6,0
複勝,堅いR(1人気=MF1位),MF複勝1位,3-10,人気1-3,1824,998,84.8,81.3,79.2,0
複勝,芝,MF複勝5位以内,1-10,人気1-3,20082,10890,82.3,81.3,81.6,0
複勝,芝,MF複勝2位以内,1-20,人気1-6,13760,7601,82.7,81.3,81.1,0
複勝,堅いR(1人気=MF1位),MF複勝1位,3-10,人気不問,1824,998,84.8,81.3,79.2,0
複勝,全体,MF複勝3位以内,1-20,人気1-6,40480,20600,82.2,81.3,81.5,0
複勝,多頭数16+,MF複勝3位以内,1-20,人気1-3,12644,6687,82.6,81.2,80.9,0
複勝,全体,MF複勝5位以内,1-10,人気1-6,50462,25289,82.0,81.2,81.6,0
複勝,ダート,MF複勝5位以内,1-10,人気1-6,24604,12307,82.4,81.2,81.4,0
複勝,多頭数16+,MF複勝1位,1-10,人気1-3,4815,2848,83.2,81.2,79.1,0
複勝,長距離1900+,MF複勝3位以内,1-10,人気不問,8321,4557,83.1,81.2,81.1,0
複勝,長距離1900+,MF複勝3位以内,1-10,人気1-6,8318,4555,83.1,81.2,81.1,0
複勝,多頭数16+,MF複勝1位,1-20,人気1-3,4821,2850,83.2,81.2,79.1,0
複勝,ダート,MF複勝2位以内,3-10,人気不問,8171,3986,83.1,81.2,81.5,0
複勝,全体,MF複勝3位以内,1-20,人気不問,41416,20790,82.0,81.2,81.2,0
複勝,道悪,MF複勝3位以内,1-5,人気不問,2808,1676,83.5,81.1,81.5,0
複勝,多頭数16+,MF複勝5位以内,1-20,人気1-3,16020,8157,82.4,81.1,81.6,0
複勝,芝,MF複勝2位以内,1-20,人気不問,13973,7641,82.5,81.1,80.7,0
複勝,多頭数16+,MF複勝2位以内,1-20,人気1-6,11108,5739,82.7,81.1,80.2,0
複勝,短距離-1400,MF複勝3位以内,1-10,人気1-6,12883,6662,82.6,81.1,80.4,0
複勝,短距離-1400,MF複勝3位以内,1-10,人気不問,12888,6664,82.6,81.1,80.4,0
複勝,芝,MF複勝3位以内,1-10,人気1-3,16051,8998,82.4,81.1,81.5,0
複勝,ダート,MF複勝2位以内,3-10,人気1-6,8166,3983,83.1,81.1,81.4,0
複勝,短距離-1400,MF複勝3位以内,1-20,人気1-6,14295,7046,82.6,81.1,81.0,0
複勝,堅いR(1人気=MF1位),MF複勝1位,3-10,人気1-6,1824,998,84.8,81.0,79.2,0
複勝,堅いR(1人気=MF1位),MF複勝5位以内,1-20,人気1-6,33460,15693,82.2,81.0,81.5,0
複勝,多頭数16+,MF複勝3位以内,1-10,人気1-3,12530,6642,82.4,81.0,80.6,0
複勝,少頭数-12,MF複勝3位以内,3-10,人気1-6,7381,3768,83.1,81.0,78.9,0
複勝,少頭数-12,MF複勝2位以内,5-15,人気1-6,1820,807,85.9,81.0,82.1,0
複勝,堅いR(1人気=MF1位),MF複勝2位以内,3-10,人気1-3,6639,3414,83.0,81.0,81.0,0
複勝,長距離1900+,MF複勝1位,3-10,人気不問,1335,695,85.4,81.0,81.8,0
複勝,堅いR(1人気=MF1位),MF複勝2位以内,3-10,人気不問,7464,3729,82.8,80.9,80.4,0
複勝,多頭数16+,MF複勝2位以内,1-10,人気不問,10491,5564,82.5,80.9,80.3,0
複勝,少頭数-12,MF複勝3位以内,3-10,人気不問,7384,3768,83.1,80.9,78.8,0
複勝,多頭数16+,MF複勝5位以内,1-10,人気1-3,15787,8069,82.3,80.9,81.6,0
複勝,道悪,MF複勝3位以内,1-5,人気1-3,2799,1670,83.4,80.9,81.5,0
複勝,長距離1900+,MF複勝3位以内,1-20,人気1-6,9093,4767,82.6,80.9,81.2,0
複勝,短距離-1400,MF複勝1位,1-20,人気不問,4660,2682,83.2,80.9,77.1,0
複勝,堅いR(1人気=MF1位),MF複勝5位以内,1-20,人気不問,34739,15953,82.0,80.9,81.0,0
複勝,堅いR(1人気=MF1位),MF複勝2位以内,3-10,人気1-6,7462,3729,82.8,80.9,80.4,0
複勝,全体,MF複勝5位以内,3-10,人気1-3,28633,13724,81.8,80.8,80.9,0
複勝,全体,MF複勝3位以内,3-10,人気1-3,21269,10461,82.0,80.8,81.1,0
複勝,多頭数16+,MF複勝2位以内,1-20,人気不問,11328,5779,82.4,80.8,79.6,0
複勝,多頭数16+,MF複勝2位以内,1-10,人気1-6,10487,5561,82.5,80.8,80.3,0
複勝,道悪,MF複勝3位以内,1-5,人気1-6,2808,1676,83.5,80.8,81.5,0
複勝,ダート,MF複勝5位以内,1-20,人気1-6,30179,13793,82.0,80.8,81.4,0
複勝,ダート,MF複勝3位以内,3-10,人気不問,13012,6103,82.3,80.8,81.1,0
複勝,全体,MF複勝1位,3-10,人気1-3,5462,2816,82.9,80.7,79.2,0
複勝,全体,MF複勝5位以内,1-20,人気1-6,61709,28277,81.5,80.7,80.8,0
複勝,長距離1900+,MF複勝3位以内,1-20,人気不問,9251,4799,82.5,80.7,81.0,0
複勝,少頭数-12,MF複勝1位,5-30,人気1-3,204,101,95.3,80.7,58.1,3
複勝,短距離-1400,MF複勝3位以内,1-20,人気不問,14728,7130,82.3,80.7,80.6,0
複勝,短距離-1400,MF複勝5位以内,1-10,人気不問,17887,8684,82.0,80.7,81.2,0
複勝,道悪,MF複勝2位以内,1-20,人気不問,3313,1791,83.6,80.7,79.9,0
複勝,長距離1900+,MF複勝1位,3-10,人気1-6,1335,695,85.4,80.7,81.8,0
複勝,道悪,MF複勝2位以内,1-20,人気1-6,3270,1781,83.6,80.6,80.1,0
複勝,ダート,MF複勝5位以内,1-20,人気不問,31572,14073,81.7,80.6,80.5,0
複勝,短距離-1400,MF複勝5位以内,1-10,人気1-6,17872,8676,82.0,80.6,81.1,0
複勝,堅いR(1人気=MF1位),MF複勝3位以内,3-10,人気1-3,10802,5331,82.3,80.6,81.1,0
複勝,長距離1900+,MF複勝5位以内,1-10,人気1-6,11393,5846,82.0,80.6,80.7,0
複勝,全体,MF複勝2位以内,3-10,人気不問,16660,8058,81.9,80.6,80.3,0
複勝,少頭数-12,MF複勝5位以内,3-10,人気1-6,11333,5507,82.3,80.6,80.0,0
複勝,少頭数-12,MF複勝5位以内,3-10,人気不問,11345,5512,82.3,80.6,80.0,0
複勝,芝,MF複勝5位以内,1-10,人気不問,25878,12989,81.7,80.6,81.5,0
複勝,ダート,MF複勝3位以内,3-10,人気1-6,13005,6099,82.3,80.6,81.0,0
複勝,少頭数-12,MF複勝1位,3-10,人気1-3,1304,736,85.0,80.6,79.8,0
複勝,芝,MF複勝5位以内,1-10,人気1-6,25858,12982,81.7,80.6,81.4,0
複勝,全体,MF複勝2位以内,3-10,人気1-6,16650,8052,81.9,80.5,80.3,0
複勝,長距離1900+,MF複勝5位以内,1-10,人気不問,11402,5850,82.1,80.5,80.7,0
複勝,全体,MF複勝5位以内,10-20,人気1-3,560,197,93.5,80.5,88.6,1
複勝,芝,MF複勝3位以内,1-10,人気1-6,18802,9997,81.7,80.5,80.8,0
単勝,少頭数-12,MF複勝2位以内,1-20,人気1-3,7069,2125,83.8,80.5,79.9,0
複勝,芝,MF複勝3位以内,1-10,人気不問,18810,10000,81.7,80.5,80.8,0
複勝,道悪,MF複勝5位以内,1-5,人気1-6,3248,1893,82.9,80.4,80.6,0
複勝,道悪,MF複勝5位以内,1-5,人気不問,3248,1893,82.9,80.4,80.6,0
複勝,道悪,MF複勝1位,1-5,人気1-6,1310,831,84.0,80.4,81.0,0
複勝,長距離1900+,MF複勝2位以内,3-10,人気1-3,3100,1610,83.4,80.4,80.8,0
複勝,少頭数-12,MF複勝2位以内,5-15,人気不問,1849,811,85.2,80.4,80.7,0
複勝,全体,MF複勝5位以内,1-20,人気不問,64612,28858,81.2,80.4,80.5,0
複勝,短距離-1400,MF複勝2位以内,3-10,人気1-3,5175,2558,82.8,80.4,79.7,0
複勝,道悪,MF複勝1位,1-5,人気不問,1310,831,84.0,80.4,81.0,0
複勝,道悪,MF複勝2位以内,1-10,人気不問,3131,1738,83.2,80.4,79.6,0
複勝,芝,MF複勝5位以内,10-20,人気1-3,255,90,101.2,80.4,82.9,3
複勝,ダート,MF複勝1位,3-10,人気不問,3028,1527,83.5,80.4,79.7,0
複勝,堅いR(1人気=MF1位),MF複勝5位以内,3-10,人気1-3,14695,7016,81.8,80.4,80.5,0
複勝,道悪,MF複勝2位以内,1-10,人気1-6,3130,1737,83.1,80.3,79.6,0
複勝,短距離-1400,MF複勝5位以内,1-20,人気1-6,21858,9723,81.6,80.3,80.2,0
複勝,道悪,MF複勝3位以内,1-20,人気1-3,3808,2085,82.8,80.3,79.6,0
単勝,ダート,MF複勝1位,1-5,人気不問,5394,1844,83.5,80.3,80.2,0
単勝,ダート,MF複勝1位,1-5,人気1-6,5394,1844,83.5,80.3,80.2,0
複勝,道悪,MF複勝1位,1-5,人気1-3,1307,828,83.8,80.3,80.6,0
複勝,長距離1900+,MF複勝2位以内,3-10,人気不問,3636,1814,83.0,80.2,80.3,0
複勝,ダート,MF複勝1位,3-10,人気1-6,3027,1526,83.4,80.2,79.7,0
複勝,少頭数-12,MF複勝1位,5-15,人気1-3,204,101,95.3,80.2,58.1,3
複勝,道悪,MF複勝3位以内,1-10,人気1-3,3780,2075,82.8,80.1,79.9,0
複勝,道悪,MF複勝5位以内,1-10,人気1-3,4734,2496,82.5,80.1,80.5,0
複勝,長距離1900+,MF複勝2位以内,3-10,人気1-6,3633,1812,82.9,80.1,80.4,0
複勝,多頭数16+,MF複勝1位,1-10,人気不問,5193,2964,82.2,80.1,78.2,0
複勝,道悪,MF複勝5位以内,1-20,人気1-3,4798,2516,82.5,80.1,79.9,0
複勝,道悪,MF複勝5位以内,1-5,人気1-3,3236,1885,82.8,80.1,80.6,0
複勝,芝,MF複勝3位以内,1-20,人気1-6,20636,10485,81.4,80.1,79.8,0
単勝,荒れR(1人気=MF4位以下),MF複勝3位以内,1-20,人気4以下,2126,220,91.5,80.1,73.5,1
複勝,多頭数16+,MF複勝1位,1-10,人気1-6,5192,2963,82.1,80.1,78.2,0
単勝,少頭数-12,MF複勝2位以内,1-10,人気1-3,7050,2123,83.6,80.0,79.4,0
複勝,多頭数16+,MF複勝1位,1-20,人気1-6,5319,2996,82.0,80.0,78.1,0
複勝,芝,MF複勝5位以内,1-20,人気1-6,31530,14484,81.0,80.0,80.2,0
単勝,ダート,MF複勝1位,1-5,人気1-3,5388,1841,83.4,80.0,80.3,0
複勝,短距離-1400,MF複勝2位以内,3-10,人気1-6,6168,2915,82.2,80.0,79.6,0
複勝,堅いR(1人気=MF1位),MF複勝3位以内,3-10,人気1-6,13103,6170,81.5,79.9,79.4,0
複勝,堅いR(1人気=MF1位),MF複勝5位以内,3-10,人気不問,19978,8936,81.2,79.9,80.4,0
複勝,多頭数16+,MF複勝5位以内,1-10,人気1-6,20266,9569,81.2,79.9,80.4,0
複勝,全体,MF複勝3位以内,3-10,人気不問,26693,12398,81.0,79.9,79.9,0
単勝,道悪,MF複勝5位以内,5-15,人気4-6,2346,237,91.5,79.9,81.5,1
複勝,多頭数16+,MF複勝5位以内,1-10,人気不問,20277,9575,81.2,79.9,80.4,0
複勝,堅いR(1人気=MF1位),MF複勝5位以内,3-10,人気1-6,19968,8934,81.2,79.9,80.4,0
複勝,短距離-1400,MF複勝2位以内,3-10,人気不問,6171,2916,82.2,79.9,79.6,0
複勝,芝,MF複勝3位以内,1-20,人気不問,21122,10582,81.2,79.9,79.3,0
複勝,短距離-1400,MF複勝5位以内,1-20,人気不問,23118,9968,81.2,79.9,80.2,0
複勝,多頭数16+,MF複勝3位以内,1-10,人気不問,14779,7386,81.3,79.9,79.0,0
複勝,長距離1900+,MF複勝5位以内,3-10,人気1-3,6348,3112,81.9,79.8,79.8,0
単勝,少頭数-12,MF複勝2位以内,1-5,人気不問,6116,1989,83.0,79.8,79.9,0
複勝,多頭数16+,MF複勝3位以内,1-20,人気1-6,16443,7823,81.2,79.8,79.5,0
複勝,全体,MF複勝5位以内,3-10,人気不問,39932,17742,80.7,79.8,80.4,0
複勝,全体,MF複勝5位以内,3-10,人気1-6,39893,17726,80.7,79.8,80.3,0
複勝,全体,MF複勝5位以内,1-5,人気4-6,121,72,94.0,79.8,84.1,1
単勝,少頭数-12,MF複勝1位,1-20,人気1-3,3654,1295,84.0,79.8,76.3,0
複勝,ダート,MF複勝5位以内,3-10,人気不問,19478,8655,81.2,79.8,79.8,0
単勝,道悪,MF複勝5位以内,5-15,人気4以下,2500,247,90.6,79.8,79.1,0
複勝,短距離-1400,MF複勝3位以内,3-10,人気1-3,7686,3696,81.9,79.8,79.7,0
複勝,全体,MF複勝3位以内,3-10,人気1-6,26678,12391,80.9,79.8,79.9,0
複勝,道悪,MF複勝1位,1-10,人気1-3,1448,886,83.4,79.8,80.6,0
単勝,長距離1900+,MF複勝1位,1-5,人気不問,2499,873,84.7,79.8,79.6,0
単勝,長距離1900+,MF複勝1位,1-5,人気1-3,2498,873,84.7,79.8,79.7,0
単勝,少頭数-12,MF複勝1位,1-5,人気1-6,3460,1267,83.5,79.8,77.4,0
複勝,荒れR(1人気=MF4位以下),MF複勝1位,1-5,人気不問,570,314,86.0,79.8,72.0,0
複勝,ダート,MF複勝5位以内,3-10,人気1-6,19459,8646,81.2,79.8,79.8,0
複勝,堅いR(1人気=MF1位),MF複勝3位以内,3-10,人気不問,13106,6170,81.5,79.8,79.3,0
単勝,長距離1900+,MF複勝1位,1-5,人気1-6,2499,873,84.7,79.7,79.6,0
複勝,多頭数16+,MF複勝3位以内,1-10,人気1-6,14774,7382,81.2,79.7,79.0,0
単勝,少頭数-12,MF複勝2位以内,1-10,人気1-6,7718,2196,82.8,79.7,78.1,0
単勝,少頭数-12,MF複勝2位以内,1-20,人気1-6,8006,2216,83.0,79.7,79.1,0
複勝,芝,MF複勝5位以内,1-20,人気不問,33040,14785,80.8,79.7,79.5,0
複勝,道悪,MF複勝1位,1-20,人気1-3,1449,886,83.4,79.7,80.6,0
複勝,多頭数16+,MF複勝2位以内,3-10,人気1-3,6123,2942,81.9,79.7,78.8,0
複勝,多頭数16+,MF複勝1位,1-20,人気不問,5375,3004,81.7,79.7,77.1,0
複勝,短距離-1400,MF複勝5位以内,3-10,人気1-3,10417,4862,81.5,79.7,79.8,0
単勝,少頭数-12,MF複勝2位以内,1-5,人気1-6,6116,1989,83.0,79.6,79.9,0
複勝,少頭数-12,MF複勝1位,3-10,人気不問,1502,813,83.9,79.6,79.8,0
複勝,堅いR(1人気=MF1位),MF複勝5位以内,10-20,人気1-3,442,155,94.7,79.6,85.1,1
複勝,芝,MF複勝2位以内,3-10,人気1-3,7183,3601,81.5,79.6,80.3,0
複勝,荒れR(1人気=MF4位以下),MF複勝2位以内,1-10,人気不問,2488,1114,83.4,79.6,78.9,0
単勝,少頭数-12,MF複勝1位,1-10,人気1-3,3654,1295,84.0,79.6,76.3,0
複勝,多頭数16+,MF複勝5位以内,1-20,人気1-6,24890,10759,80.9,79.6,79.8,0
複勝,少頭数-12,MF複勝1位,3-10,人気1-6,1502,813,83.9,79.6,79.8,0
複勝,道悪,MF複勝5位以内,1-20,人気不問,7882,3432,81.8,79.6,80.1,0
複勝,道悪,MF複勝2位以内,3-10,人気1-3,1757,890,83.2,79.5,77.2,0
単勝,少頭数-12,MF複勝2位以内,1-10,人気不問,7718,2196,82.8,79.5,78.1,0
単勝,ダート,MF複勝1位,1-10,人気1-3,5937,1915,82.9,79.5,78.5,0
複勝,少頭数-12,MF複勝2位以内,5-30,人気1-6,1923,827,84.4,79.5,80.4,0
複勝,多頭数16+,MF複勝3位以内,1-20,人気不問,16952,7921,80.9,79.5,79.2,0
単勝,少頭数-12,MF複勝2位以内,1-5,人気1-3,6096,1982,82.8,79.5,80.2,0
複勝,長距離1900+,MF複勝3位以内,3-10,人気1-3,4772,2388,81.9,79.5,79.3,0
複勝,短距離-1400,MF複勝3位以内,3-10,人気1-6,9668,4401,81.2,79.4,79.3,0
複勝,荒れR(1人気=MF4位以下),MF複勝2位以内,3-10,人気不問,2453,1088,83.3,79.4,78.7,0
複勝,多頭数16+,MF複勝5位以内,3-10,人気1-3,12114,5531,81.1,79.4,79.8,0
複勝,短距離-1400,MF複勝3位以内,3-10,人気不問,9673,4403,81.2,79.4,79.2,0
複勝,長距離1900+,MF複勝5位以内,1-20,人気1-6,13892,6506,81.1,79.4,80.0,0
複勝,荒れR(1人気=MF4位以下),MF複勝1位,1-5,人気1-3,564,310,85.8,79.4,72.0,0
複勝,荒れR(1人気=MF4位以下),MF複勝3位以内,1-10,人気1-3,2338,1105,83.0,79.4,76.0,0
複勝,長距離1900+,MF複勝5位以内,1-20,人気不問,14452,6625,81.0,79.4,80.2,0
単勝,全体,MF複勝5位以内,1-5,人気1-6,27249,7557,81.1,79.4,80.0,0
単勝,全体,MF複勝5位以内,1-5,人気不問,27249,7557,81.1,79.4,80.0,0
単勝,ダート,MF複勝1位,1-20,人気1-3,5941,1915,82.9,79.4,78.5,0
単勝,少頭数-12,MF複勝2位以内,3-10,人気1-3,3716,761,85.1,79.3,73.4,0
複勝,長距離1900+,MF複勝3位以内,3-10,人気1-6,5936,2824,81.5,79.3,79.2,0
単勝,短距離-1400,MF複勝2位以内,1-5,人気1-3,6422,1908,82.7,79.3,79.8,0
複勝,荒れR(1人気=MF4位以下),MF複勝1位,1-5,人気1-6,570,314,86.0,79.3,72.0,0
単勝,短距離-1400,MF複勝2位以内,1-5,人気不問,6434,1910,82.7,79.3,79.6,0
単勝,短距離-1400,MF複勝2位以内,1-10,人気1-3,8091,2137,82.5,79.3,78.3,0
単勝,少頭数-12,MF複勝1位,1-5,人気不問,3460,1267,83.5,79.3,77.4,0
複勝,荒れR(1人気=MF4位以下),MF複勝2位以内,1-10,人気1-3,1735,829,83.5,79.3,76.3,0
複勝,荒れR(1人気=MF4位以下),MF複勝2位以内,1-10,人気1-6,2482,1109,83.1,79.3,78.5,0
複勝,短距離-1400,MF複勝5位以内,3-10,人気不問,14480,6291,80.8,79.3,80.3,0
単勝,全体,MF複勝2位以内,1-5,人気1-6,18920,5681,81.2,79.3,80.5,0
複勝,ダート,MF複勝5位以内,5-15,人気1-3,6153,2523,82.0,79.3,79.4,0
単勝,ダート,MF複勝5位以内,1-5,人気不問,13304,3727,81.7,79.3,78.7,0
複勝,全体,MF複勝1位,3-10,人気1-6,6247,3076,81.4,79.3,77.6,0
単勝,全体,MF複勝5位以内,1-5,人気1-3,27128,7531,81.0,79.3,79.9,0
複勝,多頭数16+,MF複勝5位以内,1-20,人気不問,26360,11044,80.5,79.2,79.2,0
複勝,荒れR(1人気=MF4位以下),MF複勝3位以内,3-10,人気1-3,2297,1075,82.9,79.2,76.1,0
複勝,道悪,MF複勝5位以内,1-20,人気1-6,7501,3344,81.6,79.2,80.9,0
単勝,少頭数-12,MF複勝3位以内,1-10,人気1-3,9542,2593,82.1,79.2,78.7,0
複勝,短距離-1400,MF複勝5位以内,3-10,人気1-6,14465,6283,80.8,79.2,80.1,0
単勝,少頭数-12,MF複勝1位,1-5,人気1-3,3450,1264,83.4,79.2,77.4,0
単勝,短距離-1400,MF複勝3位以内,1-5,人気1-3,8005,2260,82.1,79.2,79.3,0
単勝,全体,MF複勝3位以内,1-5,人気不問,23527,6722,80.9,79.2,79.6,0
単勝,短距離-1400,MF複勝2位以内,1-5,人気1-6,6434,1910,82.7,79.2,79.6,0
複勝,荒れR(1人気=MF4位以下),MF複勝3位以内,1-20,人気1-3,2353,1108,82.9,79.2,75.9,0
単勝,ダート,MF複勝3位以内,1-5,人気1-6,11478,3322,81.7,79.2,79.2,0
単勝,全体,MF複勝2位以内,1-5,人気不問,18920,5681,81.2,79.2,80.5,0
複勝,道悪,MF複勝1位,1-20,人気1-6,1568,925,82.9,79.2,79.5,0
複勝,ダート,MF複勝5位以内,5-30,人気1-3,6182,2529,81.8,79.2,79.1,0
複勝,道悪,MF複勝1位,1-20,人気不問,1581,929,83.1,79.2,78.6,0
単勝,ダート,MF複勝3位以内,1-5,人気不問,11478,3322,81.7,79.2,79.2,0
単勝,ダート,MF複勝5位以内,1-5,人気1-6,13304,3727,81.7,79.2,78.7,0
単勝,ダート,MF複勝5位以内,1-5,人気1-3,13251,3716,81.6,79.2,78.8,0
複勝,芝,MF複勝5位以内,3-10,人気1-3,14658,6988,80.6,79.2,79.8,0
複勝,全体,MF複勝1位,3-10,人気不問,6249,3078,81.5,79.2,77.6,0
複勝,多頭数16+,MF複勝3位以内,3-10,人気1-3,9023,4211,81.0,79.1,79.0,0
単勝,全体,MF複勝2位以内,1-5,人気1-3,18888,5671,81.1,79.1,80.4,0
複勝,荒れR(1人気=MF4位以下),MF複勝5位以内,1-10,人気1-3,3784,1835,81.6,79.1,79.0,0
複勝,全体,MF複勝5位以内,1-5,人気4以下,121,72,94.0,79.1,84.1,1
単勝,全体,MF複勝1位,1-20,人気1-3,12073,3791,81.3,79.1,79.5,0
単勝,芝,MF複勝2位以内,1-20,人気1-3,11867,3188,81.7,79.1,78.2,0
単勝,全体,MF複勝3位以内,1-5,人気1-6,23527,6722,80.9,79.1,79.6,0
複勝,道悪,MF複勝1位,1-10,人気不問,1548,920,82.9,79.1,79.4,0
複勝,荒れR(1人気=MF4位以下),MF複勝2位以内,3-10,人気1-6,2447,1083,82.9,79.1,78.3,0
単勝,ダート,MF複勝3位以内,1-5,人気1-3,11451,3314,81.6,79.1,79.3,0
単勝,少頭数-12,MF複勝2位以内,1-20,人気不問,8060,2218,82.8,79.1,78.4,0
複勝,荒れR(1人気=MF4位以下),MF複勝2位以内,1-20,人気1-3,1741,831,83.5,79.1,76.9,0
単勝,短距離-1400,MF複勝5位以内,1-5,人気1-6,9353,2548,81.8,79.1,77.5,0
単勝,短距離-1400,MF複勝5位以内,1-5,人気不問,9353,2548,81.8,79.1,77.5,0
単勝,短距離-1400,MF複勝3位以内,1-5,人気1-6,8027,2264,82.1,79.1,79.0,0
単勝,全体,MF複勝1位,1-5,人気1-6,10920,3634,81.4,79.1,79.8,0
複勝,長距離1900+,MF複勝3位以内,3-10,人気不問,5939,2826,81.5,79.1,79.2,0
複勝,荒れR(1人気=MF4位以下),MF複勝2位以内,1-20,人気1-6,2764,1183,82.8,79.0,77.9,0
単勝,短距離-1400,MF複勝2位以内,1-20,人気1-3,8117,2139,82.5,79.0,78.1,0
複勝,芝,MF複勝5位以内,3-10,人気不問,20454,9087,80.3,79.0,79.4,0
単勝,少頭数-12,MF複勝3位以内,1-20,人気1-3,9637,2599,82.0,79.0,80.2,0
複勝,多頭数16+,MF複勝2位以内,3-10,人気1-6,7273,3334,81.0,79.0,78.3,0
単勝,ダート,MF複勝1位,3-10,人気1-3,2655,574,85.2,79.0,78.0,0
単勝,短距離-1400,MF複勝3位以内,1-5,人気不問,8027,2264,82.1,79.0,79.0,0
単勝,全体,MF複勝1位,1-5,人気不問,10920,3634,81.4,79.0,79.8,0
複勝,荒れR(1人気=MF4位以下),MF複勝2位以内,1-20,人気不問,2918,1216,82.7,79.0,79.2,0
単勝,道悪,MF複勝5位以内,5-30,人気4-6,2846,257,89.3,78.9,79.9,0
単勝,ダート,MF複勝2位以内,1-5,人気1-6,9299,2813,81.6,78.9,78.5,0
単勝,ダート,MF複勝2位以内,1-5,人気1-3,9286,2809,81.5,78.9,78.6,0
単勝,全体,MF複勝5位以内,1-20,人気1-6,61709,10998,80.6,78.9,77.9,0
単勝,全体,MF複勝1位,1-5,人気1-3,10905,3630,81.4,78.9,79.7,0
複勝,多頭数16+,MF複勝2位以内,3-10,人気不問,7277,3337,81.1,78.9,78.3,0
複勝,道悪,MF複勝1位,1-10,人気1-6,1547,919,82.8,78.9,79.4,0
複勝,芝,MF複勝2位以内,3-10,人気不問,8489,4072,80.8,78.9,78.8,0
複勝,芝,MF複勝5位以内,3-10,人気1-6,20434,9080,80.3,78.9,79.4,0
単勝,全体,MF複勝3位以内,1-5,人気1-3,23455,6702,80.7,78.9,79.3,0
複勝,芝,MF複勝2位以内,3-10,人気1-6,8484,4069,80.7,78.9,78.8,0
単勝,少頭数-12,MF複勝1位,1-10,人気不問,3852,1313,82.7,78.9,77.1,0
単勝,全体,MF複勝1位,1-10,人気1-3,12066,3791,81.3,78.9,79.6,0
複勝,全体,MF複勝5位以内,5-15,人気1-3,12588,5108,80.7,78.9,78.9,0
単勝,ダート,MF複勝1位,1-20,人気1-6,6426,1961,82.2,78.8,78.0,0
単勝,ダート,MF複勝2位以内,1-5,人気不問,9299,2813,81.6,78.8,78.5,0
複勝,道悪,MF複勝5位以内,1-10,人気不問,6200,2994,81.1,78.8,79.9,0
複勝,長距離1900+,MF複勝5位以内,3-10,人気1-6,8869,4021,80.7,78.8,79.3,0
単勝,全体,MF複勝2位以内,1-20,人気1-6,27061,6612,80.9,78.8,80.1,0
複勝,荒れR(1人気=MF4位以下),MF複勝3位以内,1-10,人気不問,3638,1580,82.0,78.8,79.6,0
単勝,短距離-1400,MF複勝5位以内,1-5,人気1-3,9320,2543,81.9,78.8,77.8,0
複勝,全体,MF複勝5位以内,5-30,人気1-3,12646,5120,80.6,78.8,78.8,0
単勝,芝,MF複勝2位以内,1-10,人気1-3,11837,3184,81.5,78.8,77.0,0
複勝,荒れR(1人気=MF4位以下),MF複勝3位以内,1-10,人気1-6,3628,1574,81.7,78.7,79.4,0
単勝,全体,MF複勝2位以内,1-20,人気1-3,23294,6247,80.6,78.7,78.2,0
単勝,全体,MF複勝5位以内,1-20,人気不問,64612,11144,80.3,78.7,77.4,0
単勝,堅いR(1人気=MF1位),MF複勝5位以内,1-5,人気1-6,14506,4333,80.7,78.7,78.2,0
単勝,少頭数-12,MF複勝1位,1-10,人気1-6,3852,1313,82.7,78.7,77.1,0
複勝,荒れR(1人気=MF4位以下),MF複勝5位以内,1-20,人気1-3,3804,1840,81.6,78.7,79.1,0
単勝,少頭数-12,MF複勝3位以内,1-20,人気1-6,12074,2828,82.1,78.7,80.8,0
単勝,少頭数-12,MF複勝5位以内,1-20,人気1-6,18633,3597,81.8,78.7,77.7,0
単勝,全体,MF複勝2位以内,1-10,人気1-3,23213,6241,80.6,78.7,78.4,0
複勝,長距離1900+,MF複勝5位以内,3-10,人気不問,8878,4025,80.7,78.7,79.2,0
複勝,少頭数-12,MF複勝3位以内,5-15,人気1-6,4115,1702,82.0,78.7,78.6,0
単勝,多頭数16+,MF複勝5位以内,1-5,人気1-6,10423,2789,81.5,78.7,79.4,0
単勝,多頭数16+,MF複勝5位以内,1-5,人気1-3,10400,2783,81.4,78.7,79.6,0
単勝,多頭数16+,MF複勝5位以内,1-5,人気不問,10423,2789,81.5,78.7,79.4,0
単勝,全体,MF複勝2位以内,1-20,人気不問,27456,6631,80.7,78.6,79.5,0
複勝,荒れR(1人気=MF4位以下),MF複勝3位以内,3-10,人気不問,3597,1550,81.9,78.6,79.3,0
単勝,少頭数-12,MF複勝3位以内,1-20,人気不問,12206,2836,82.2,78.6,81.3,0
単勝,少頭数-12,MF複勝5位以内,1-10,人気1-3,11884,3016,81.6,78.6,79.0,0
単勝,全体,MF複勝5位以内,1-10,人気1-6,50462,10279,80.1,78.6,78.8,0
単勝,短距離-1400,MF複勝1位,1-10,人気1-3,4189,1269,82.9,78.6,77.7,0
複勝,長距離1900+,MF複勝5位以内,5-30,人気1-3,2730,1146,82.4,78.6,76.8,0
複勝,荒れR(1人気=MF4位以下),MF複勝2位以内,3-10,人気1-3,1700,803,83.3,78.6,76.4,0
複勝,道悪,MF複勝5位以内,1-10,人気1-6,6195,2991,81.0,78.6,80.0,0
複勝,多頭数16+,MF複勝5位以内,3-10,人気不問,16604,7037,80.1,78.6,79.5,0
単勝,ダート,MF複勝1位,1-10,人気1-6,6309,1952,82.1,78.6,78.6,0
単勝,ダート,MF複勝1位,1-10,人気不問,6310,1952,82.1,78.6,78.6,0
単勝,堅いR(1人気=MF1位),MF複勝5位以内,1-5,人気不問,14506,4333,80.7,78.5,78.2,0
複勝,道悪,MF複勝3位以内,1-10,人気不問,4477,2305,81.1,78.5,78.9,0
単勝,芝,MF複勝2位以内,1-20,人気1-6,13760,3359,81.3,78.5,77.0,0
複勝,荒れR(1人気=MF4位以下),MF複勝1位,1-20,人気不問,1341,592,84.1,78.5,81.3,0
複勝,少頭数-12,MF複勝3位以内,5-15,人気不問,4177,1716,81.8,78.5,78.1,0
複勝,荒れR(1人気=MF4位以下),MF複勝2位以内,5-30,人気1-3,733,308,85.7,78.5,75.6,1
単勝,少頭数-12,MF複勝5位以内,1-20,人気1-3,12065,3027,81.4,78.5,78.5,0
単勝,全体,MF複勝5位以内,1-10,人気不問,50501,10283,80.1,78.5,78.8,0
単勝,全体,MF複勝3位以内,1-10,人気1-3,31289,7717,80.1,78.5,77.6,0
単勝,荒れR(1人気=MF4位以下),MF複勝3位以内,1-20,人気不問,4479,625,85.5,78.5,72.7,0
複勝,荒れR(1人気=MF4位以下),MF複勝3位以内,3-10,人気1-6,3587,1544,81.6,78.5,79.1,0
複勝,道悪,MF複勝3位以内,1-10,人気1-6,4476,2304,81.0,78.5,78.9,0
単勝,全体,MF複勝5位以内,1-10,人気1-3,39202,9079,80.1,78.4,77.5,0
単勝,短距離-1400,MF複勝1位,1-20,人気1-3,4190,1269,82.9,78.4,77.7,0
単勝,短距離-1400,MF複勝2位以内,1-10,人気不問,9087,2241,81.7,78.4,77.3,0
単勝,少頭数-12,MF複勝5位以内,1-20,人気不問,19106,3620,81.5,78.4,78.3,0
単勝,全体,MF複勝2位以内,1-10,人気不問,25792,6521,80.3,78.4,78.2,0
複勝,荒れR(1人気=MF4位以下),MF複勝2位以内,5-30,人気1-6,1752,657,83.3,78.4,76.6,0
単勝,全体,MF複勝5位以内,1-20,人気1-3,39762,9114,80.0,78.4,77.5,0
単勝,少頭数-12,MF複勝5位以内,1-10,人気不問,15275,3386,81.1,78.4,78.3,0
単勝,堅いR(1人気=MF1位),MF複勝5位以内,1-5,人気1-3,14464,4322,80.6,78.4,77.7,0
単勝,全体,MF複勝3位以内,1-20,人気1-3,31575,7736,80.1,78.4,77.6,0
単勝,道悪,MF複勝2位以内,1-20,人気1-6,3270,807,84.3,78.4,71.2,0
単勝,少頭数-12,MF複勝2位以内,3-10,人気不問,4384,834,83.5,78.4,72.1,0
複勝,ダート,MF複勝3位以内,5-15,人気1-3,3929,1642,81.7,78.4,78.9,0
単勝,全体,MF複勝3位以内,1-20,人気不問,41416,8592,80.1,78.4,79.0,0
複勝,少頭数-12,MF複勝5位以内,5-15,人気1-6,8610,3355,80.7,78.4,78.4,0
複勝,多頭数16+,MF複勝5位以内,3-10,人気1-6,16593,7031,80.1,78.4,79.5,0
単勝,全体,MF複勝5位以内,5-15,人気4以下,19832,1789,82.1,78.4,76.2,0
単勝,長距離1900+,MF複勝1位,1-20,人気1-6,2936,922,83.4,78.3,77.4,0
単勝,堅いR(1人気=MF1位),MF複勝1位,1-20,人気1-6,8137,3000,80.7,78.3,79.0,0
単勝,堅いR(1人気=MF1位),MF複勝1位,1-20,人気1-3,8137,3000,80.7,78.3,79.0,0
単勝,少頭数-12,MF複勝3位以内,3-10,人気1-3,5844,1116,82.8,78.3,74.7,0
単勝,ダート,MF複勝1位,1-20,人気不問,6476,1962,81.9,78.3,77.6,0
複勝,長距離1900+,MF複勝5位以内,5-15,人気1-3,2723,1143,82.3,78.3,76.4,0
単勝,少頭数-12,MF複勝1位,1-20,人気1-6,3894,1315,82.6,78.3,78.1,0
単勝,堅いR(1人気=MF1位),MF複勝1位,1-5,人気1-6,8115,2997,80.7,78.3,79.2,0
単勝,堅いR(1人気=MF1位),MF複勝1位,1-10,人気1-6,8137,3000,80.7,78.3,79.0,0
単勝,堅いR(1人気=MF1位),MF複勝1位,1-10,人気1-3,8137,3000,80.7,78.3,79.0,0
単勝,堅いR(1人気=MF1位),MF複勝1位,1-5,人気1-3,8115,2997,80.7,78.3,79.2,0
単勝,堅いR(1人気=MF1位),MF複勝1位,1-5,人気不問,8115,2997,80.7,78.3,79.2,0
単勝,短距離-1400,MF複勝3位以内,1-10,人気1-3,10901,2639,81.3,78.3,77.9,0
単勝,全体,MF複勝2位以内,1-10,人気1-6,25782,6520,80.3,78.3,78.3,0
単勝,芝,MF複勝2位以内,1-5,人気不問,9621,2868,80.9,78.3,75.6,0
単勝,少頭数-12,MF複勝3位以内,1-10,人気1-6,11079,2758,81.2,78.3,79.1,0
単勝,芝,MF複勝2位以内,3-10,人気1-3,7183,1395,82.4,78.3,75.7,0
単勝,芝,MF複勝2位以内,1-20,人気不問,13973,3369,81.1,78.3,76.9,0
単勝,芝,MF複勝3位以内,1-20,人気1-6,20636,4354,80.8,78.3,78.5,0
単勝,芝,MF複勝5位以内,1-5,人気1-6,13945,3830,80.5,78.3,78.7,0
単勝,全体,MF複勝3位以内,1-20,人気1-6,40480,8541,80.2,78.3,78.4,0
複勝,芝,MF複勝3位以内,3-10,人気1-3,10922,5293,80.1,78.3,79.2,0
単勝,芝,MF複勝5位以内,1-20,人気1-6,31530,5613,80.6,78.2,77.4,0
単勝,少頭数-12,MF複勝1位,1-20,人気不問,3908,1315,82.3,78.2,77.8,0
複勝,荒れR(1人気=MF4位以下),MF複勝5位以内,1-5,人気1-3,2450,1289,81.1,78.2,77.7,0
単勝,全体,MF複勝5位以内,5-15,人気4-6,18768,1716,81.9,78.2,76.9,0
単勝,短距離-1400,MF複勝1位,1-5,人気不問,3691,1194,82.1,78.2,78.8,0
単勝,堅いR(1人気=MF1位),MF複勝1位,1-20,人気不問,8137,3000,80.7,78.2,79.0,0
単勝,堅いR(1人気=MF1位),MF複勝1位,1-10,人気不問,8137,3000,80.7,78.2,79.0,0
単勝,短距離-1400,MF複勝2位以内,1-10,人気1-6,9084,2241,81.7,78.2,77.4,0
複勝,ダート,MF複勝3位以内,5-30,人気1-3,3945,1646,81.6,78.2,78.7,0
単勝,芝,MF複勝5位以内,1-5,人気不問,13945,3830,80.5,78.2,78.7,0
単勝,長距離1900+,MF複勝1位,1-20,人気不問,2955,923,83.5,78.2,79.8,0
単勝,芝,MF複勝2位以内,1-5,人気1-6,9621,2868,80.9,78.2,75.6,0
単勝,ダート,MF複勝5位以内,1-20,人気1-6,30179,5385,80.5,78.2,78.5,0
単勝,短距離-1400,MF複勝5位以内,1-10,人気不問,17887,3563,80.9,78.2,77.1,0
複勝,道悪,MF複勝3位以内,1-20,人気不問,5039,2447,80.9,78.2,79.3,0
単勝,短距離-1400,MF複勝5位以内,1-10,人気1-6,17872,3561,80.8,78.2,77.2,0
複勝,堅いR(1人気=MF1位),MF複勝5位以内,5-15,人気1-6,16995,6108,79.8,78.2,78.9,0
単勝,少頭数-12,MF複勝5位以内,1-10,人気1-6,15263,3384,81.0,78.2,78.4,0
単勝,全体,MF複勝5位以内,3-10,人気不問,39932,6262,80.0,78.2,78.5,0
単勝,芝,MF複勝5位以内,1-10,人気1-3,20082,4640,80.4,78.2,79.0,0
複勝,多頭数16+,MF複勝3位以内,3-10,人気不問,11272,4955,79.7,78.1,77.2,0
単勝,少頭数-12,MF複勝5位以内,1-5,人気不問,8933,2617,80.9,78.1,77.5,0
複勝,芝,MF複勝3位以内,3-10,人気1-6,13673,6292,79.6,78.1,78.6,0
複勝,芝,MF複勝3位以内,3-10,人気不問,13681,6295,79.7,78.1,78.6,0
複勝,堅いR(1人気=MF1位),MF複勝5位以内,5-15,人気1-3,7393,3011,80.6,78.1,78.0,0
複勝,全体,MF複勝5位以内,5-15,人気1-6,31356,11138,79.3,78.1,78.7,0
単勝,少頭数-12,MF複勝3位以内,1-5,人気不問,7687,2334,81.2,78.1,78.2,0
複勝,全体,MF複勝5位以内,5-15,人気不問,32420,11392,79.4,78.1,79.0,0
複勝,少頭数-12,MF複勝5位以内,5-15,人気不問,8793,3397,80.6,78.1,78.2,0
単勝,短距離-1400,MF複勝2位以内,1-20,人気1-6,9605,2274,81.7,78.1,76.3,0
単勝,芝,MF複勝5位以内,1-10,人気不問,25878,5256,80.3,78.1,77.8,0
単勝,全体,MF複勝3位以内,1-10,人気1-6,36698,8295,79.8,78.1,78.0,0
単勝,道悪,MF複勝2位以内,1-20,人気不問,3313,809,83.9,78.1,70.6,0
単勝,全体,MF複勝3位以内,1-10,人気不問,36713,8297,79.9,78.1,78.1,0
単勝,芝,MF複勝5位以内,1-5,人気1-3,13877,3815,80.4,78.1,78.5,0
単勝,全体,MF複勝5位以内,3-10,人気1-6,39893,6258,80.0,78.1,78.5,0
単勝,少頭数-12,MF複勝5位以内,1-5,人気1-6,8933,2617,80.9,78.1,77.5,0
複勝,荒れR(1人気=MF4位以下),MF複勝3位以内,1-5,人気1-3,1297,671,82.3,78.1,78.8,0
複勝,堅いR(1人気=MF1位),MF複勝5位以内,5-30,人気1-3,7439,3020,80.4,78.0,77.7,0
単勝,長距離1900+,MF複勝1位,1-10,人気不問,2890,917,82.8,78.0,78.8,0
単勝,堅いR(1人気=MF1位),MF複勝5位以内,1-10,人気不問,26736,5763,80.1,78.0,77.2,0
複勝,少頭数-12,MF複勝2位以内,5-30,人気不問,2006,836,82.7,78.0,79.7,0
単勝,少頭数-12,MF複勝2位以内,3-10,人気1-6,4384,834,83.5,78.0,72.1,0
単勝,芝,MF複勝5位以内,1-10,人気1-6,25858,5255,80.3,78.0,77.8,0
単勝,少頭数-12,MF複勝3位以内,1-5,人気1-6,7687,2334,81.2,78.0,78.2,0
単勝,堅いR(1人気=MF1位),MF複勝2位以内,1-5,人気不問,11185,3649,80.3,78.0,77.0,0
単勝,短距離-1400,MF複勝1位,1-5,人気1-6,3691,1194,82.1,78.0,78.8,0
複勝,堅いR(1人気=MF1位),MF複勝5位以内,5-15,人気不問,17411,6207,79.8,78.0,78.8,0
複勝,荒れR(1人気=MF4位以下),MF複勝5位以内,3-10,人気1-3,3357,1555,81.2,78.0,78.2,0
単勝,短距離-1400,MF複勝3位以内,1-20,人気1-3,10983,2644,81.1,78.0,77.7,0
単勝,短距離-1400,MF複勝3位以内,1-10,人気不問,12888,2851,80.7,78.0,77.9,0
複勝,荒れR(1人気=MF4位以下),MF複勝3位以内,1-5,人気1-6,1314,680,82.3,78.0,79.2,0
複勝,道悪,MF複勝3位以内,1-20,人気1-6,4924,2419,80.7,78.0,78.9,0
複勝,道悪,MF複勝5位以内,3-10,人気1-3,3549,1660,81.0,78.0,79.2,0
単勝,堅いR(1人気=MF1位),MF複勝2位以内,1-20,人気1-6,14752,4057,80.7,78.0,78.2,0
単勝,少頭数-12,MF複勝3位以内,1-10,人気不問,11082,2758,81.2,78.0,79.1,0
複勝,荒れR(1人気=MF4位以下),MF複勝5位以内,1-10,人気不問,5635,2485,80.4,77.9,78.2,0
単勝,長距離1900+,MF複勝1位,1-10,人気1-3,2730,898,83.0,77.9,78.7,0
単勝,全体,MF複勝1位,1-20,人気1-6,13085,3878,80.4,77.9,79.0,0
単勝,堅いR(1人気=MF1位),MF複勝3位以内,1-5,人気不問,13124,4038,80.1,77.9,77.6,0
複勝,荒れR(1人気=MF4位以下),MF複勝5位以内,1-10,人気1-6,5621,2478,80.3,77.9,78.1,0
複勝,全体,MF複勝3位以内,5-30,人気1-3,8124,3327,80.0,77.9,77.7,0
単勝,少頭数-12,MF複勝3位以内,1-5,人気1-3,7641,2320,80.8,77.9,77.3,0
複勝,多頭数16+,MF複勝3位以内,3-10,人気1-6,11267,4951,79.7,77.9,77.2,0
複勝,荒れR(1人気=MF4位以下),MF複勝1位,1-20,人気1-3,883,436,83.7,77.9,68.8,0
複勝,全体,MF複勝3位以内,5-15,人気1-3,8090,3320,80.1,77.9,77.8,0
単勝,堅いR(1人気=MF1位),MF複勝2位以内,1-20,人気不問,14864,4062,80.5,77.9,78.1,0
複勝,荒れR(1人気=MF4位以下),MF複勝1位,1-10,人気1-3,881,435,83.7,77.9,69.2,0
単勝,芝,MF複勝2位以内,1-10,人気1-6,13138,3313,80.5,77.9,75.5,0
単勝,堅いR(1人気=MF1位),MF複勝3位以内,1-5,人気1-6,13124,4038,80.1,77.9,77.6,0
単勝,芝,MF複勝2位以内,1-5,人気1-3,9602,2862,80.8,77.9,75.3,0
複勝,道悪,MF複勝3位以内,3-10,人気1-3,2642,1275,81.3,77.9,78.5,0
単勝,短距離-1400,MF複勝5位以内,3-10,人気1-6,14465,2277,80.8,77.9,76.7,0
単勝,全体,MF複勝5位以内,3-10,人気1-3,28633,5058,80.1,77.9,76.3,0
単勝,堅いR(1人気=MF1位),MF複勝5位以内,5-15,人気4以下,10018,888,83.3,77.9,73.3,0
単勝,全体,MF複勝5位以内,1-20,人気4-6,21947,1884,81.6,77.9,73.8,0
複勝,荒れR(1人気=MF4位以下),MF複勝5位以内,1-5,人気不問,2469,1300,81.2,77.9,77.8,0
単勝,短距離-1400,MF複勝2位以内,3-10,人気1-3,5175,997,82.3,77.9,75.6,0
単勝,堅いR(1人気=MF1位),MF複勝2位以内,1-5,人気1-6,11185,3649,80.3,77.9,77.0,0
単勝,芝,MF複勝5位以内,1-20,人気不問,33040,5690,80.4,77.9,77.7,0
単勝,芝,MF複勝5位以内,1-20,人気1-3,20337,4654,80.2,77.9,78.5,0
単勝,堅いR(1人気=MF1位),MF複勝2位以内,1-5,人気1-3,11178,3646,80.2,77.9,76.9,0
単勝,芝,MF複勝3位以内,1-20,人気不問,21122,4380,80.7,77.9,78.5,0
単勝,全体,MF複勝1位,1-20,人気不問,13193,3882,80.2,77.8,78.5,0
単勝,長距離1900+,MF複勝1位,1-10,人気1-6,2890,917,82.8,77.8,78.8,0
単勝,長距離1900+,MF複勝1位,1-20,人気1-3,2731,898,82.9,77.8,78.6,0
単勝,少頭数-12,MF複勝5位以内,3-10,人気1-3,7954,1456,81.8,77.8,74.1,0
複勝,全体,MF複勝2位以内,5-15,人気1-3,4399,1848,80.6,77.8,77.4,0
単勝,全体,MF複勝3位以内,3-10,人気1-3,21269,3876,80.0,77.8,76.2,0
複勝,芝,MF複勝1位,3-10,人気1-3,2807,1415,81.0,77.8,77.7,0
単勝,ダート,MF複勝5位以内,1-20,人気不問,31572,5454,80.2,77.8,77.1,0
複勝,荒れR(1人気=MF4位以下),MF複勝1位,1-20,人気1-6,1287,576,82.9,77.8,79.9,0
単勝,芝,MF複勝2位以内,1-10,人気不問,13143,3313,80.4,77.8,75.5,0
単勝,ダート,MF複勝3位以内,1-20,人気1-3,15394,3796,80.3,77.8,77.1,0
単勝,短距離-1400,MF複勝3位以内,1-10,人気1-6,12883,2850,80.7,77.8,77.9,0
複勝,荒れR(1人気=MF4位以下),MF複勝2位以内,5-15,人気1-3,733,308,85.7,77.8,75.6,1
複勝,荒れR(1人気=MF4位以下),MF複勝3位以内,1-5,人気不問,1314,680,82.3,77.8,79.2,0
単勝,短距離-1400,MF複勝2位以内,1-20,人気不問,9782,2281,81.3,77.8,75.2,0
単勝,堅いR(1人気=MF1位),MF複勝3位以内,1-20,人気1-3,17755,4615,79.9,77.8,77.4,0
単勝,堅いR(1人気=MF1位),MF複勝5位以内,1-10,人気1-6,26726,5761,80.1,77.8,77.2,0
複勝,荒れR(1人気=MF4位以下),MF複勝2位以内,5-15,人気1-6,1705,645,83.0,77.8,78.3,0
単勝,短距離-1400,MF複勝1位,1-5,人気1-3,3683,1192,82.1,77.8,78.4,0
複勝,荒れR(1人気=MF4位以下),MF複勝5位以内,1-5,人気1-6,2469,1300,81.2,77.8,77.8,0
単勝,全体,MF複勝5位以内,5-15,人気不問,32420,3371,80.5,77.8,76.9,0
単勝,芝,MF複勝3位以内,1-5,人気1-6,12049,3400,80.0,77.7,77.6,0
単勝,芝,MF複勝3位以内,10-20,人気1-6,1834,131,93.1,77.7,74.5,1
単勝,少頭数-12,MF複勝5位以内,1-5,人気1-3,8856,2599,80.6,77.7,76.8,0
複勝,少頭数-12,MF複勝5位以内,5-30,人気1-6,10404,3782,80.0,77.7,78.2,0
単勝,芝,MF複勝5位以内,3-10,人気1-6,20434,3218,80.5,77.7,77.4,0
単勝,芝,MF複勝5位以内,3-10,人気1-3,14658,2603,80.7,77.7,79.2,0
単勝,荒れR(1人気=MF4位以下),MF複勝3位以内,1-20,人気1-6,4196,603,84.2,77.7,71.3,0
単勝,短距離-1400,MF複勝5位以内,1-10,人気1-3,13824,3120,80.5,77.7,75.8,0
単勝,道悪,MF複勝5位以内,1-20,人気4-6,2703,253,88.5,77.7,75.7,0
単勝,道悪,MF複勝5位以内,10-20,人気4-6,1242,94,95.9,77.7,89.4,2
単勝,堅いR(1人気=MF1位),MF複勝3位以内,1-5,人気1-3,13100,4030,80.0,77.7,77.2,0
単勝,堅いR(1人気=MF1位),MF複勝2位以内,1-10,人気不問,14104,4010,80.1,77.7,77.4,0
複勝,ダート,MF複勝5位以内,5-15,人気不問,15860,5554,79.5,77.7,78.0,0
単勝,ダート,MF複勝3位以内,1-10,人気不問,17903,4074,80.1,77.7,77.9,0
複勝,少頭数-12,MF複勝3位以内,5-30,人気1-6,4508,1787,80.8,77.7,77.7,0
単勝,ダート,MF複勝3位以内,1-10,人気1-3,15238,3787,80.4,77.7,77.3,0
単勝,ダート,MF複勝2位以内,1-20,人気1-6,13301,3253,80.5,77.7,77.4,0
単勝,多頭数16+,MF複勝3位以内,1-5,人気不問,8988,2458,80.4,77.6,77.4,0
複勝,荒れR(1人気=MF4位以下),MF複勝3位以内,1-20,人気1-6,4196,1709,80.6,77.6,76.8,0
単勝,短距離-1400,MF複勝1位,1-20,人気1-6,4608,1306,82.2,77.6,77.3,0
複勝,ダート,MF複勝5位以内,5-15,人気1-6,15364,5439,79.6,77.6,78.1,0
単勝,ダート,MF複勝3位以内,1-10,人気1-6,17896,4072,80.1,77.6,77.9,0
複勝,道悪,MF複勝5位以内,10-20,人気4以下,1618,418,84.8,77.6,79.1,0
複勝,多頭数16+,MF複勝5位以内,5-15,人気不問,13823,4657,79.5,77.6,78.0,0
単勝,全体,MF複勝1位,1-10,人気1-6,12851,3859,80.0,77.6,78.3,0
単勝,全体,MF複勝1位,1-10,人気不問,12853,3859,80.0,77.6,78.2,0
単勝,芝,MF複勝3位以内,1-5,人気不問,12049,3400,80.0,77.6,77.6,0
複勝,荒れR(1人気=MF4位以下),MF複勝3位以内,5-15,人気1-3,1054,437,83.8,77.6,72.8,0
単勝,堅いR(1人気=MF1位),MF複勝5位以内,1-10,人気1-3,21453,5199,79.7,77.6,77.6,0
単勝,堅いR(1人気=MF1位),MF複勝2位以内,1-10,人気1-6,14102,4010,80.1,77.6,77.4,0
複勝,道悪,MF複勝2位以内,3-10,人気1-6,2080,997,81.5,77.6,77.6,0
単勝,道悪,MF複勝5位以内,1-20,人気1-6,7501,1322,82.3,77.6,81.0,0
単勝,全体,MF複勝5位以内,5-15,人気1-6,31356,3298,80.4,77.5,77.3,0
単勝,ダート,MF複勝5位以内,1-10,人気不問,24623,5027,79.8,77.5,78.0,0
単勝,芝,MF複勝5位以内,5-15,人気不問,16560,1749,81.2,77.5,76.0,0
単勝,堅いR(1人気=MF1位),MF複勝5位以内,1-20,人気1-6,33460,6170,79.8,77.5,77.0,0
複勝,芝,MF複勝5位以内,5-15,人気不問,16560,5838,79.3,77.5,78.7,0
単勝,少頭数-12,MF複勝5位以内,3-10,人気1-6,11333,1824,80.9,77.5,74.8,0
単勝,荒れR(1人気=MF4位以下),MF複勝5位以内,1-20,人気4以下,3448,325,87.0,77.5,69.1,0
単勝,全体,MF複勝2位以内,3-10,人気1-3,14081,2689,80.4,77.5,76.8,0
単勝,芝,MF複勝3位以内,1-20,人気1-3,16181,3940,79.9,77.5,78.1,0
単勝,芝,MF複勝3位以内,1-10,人気1-3,16051,3930,79.9,77.5,77.9,0
単勝,芝,MF複勝5位以内,3-10,人気不問,20454,3219,80.5,77.5,77.4,0
単勝,道悪,MF複勝5位以内,5-15,人気1-6,3904,431,85.5,77.5,80.2,0
単勝,ダート,MF複勝5位以内,1-20,人気1-3,19425,4460,79.8,77.5,76.3,0
単勝,荒れR(1人気=MF4位以下),MF複勝5位以内,1-20,人気4-6,2857,290,87.3,77.5,71.3,1
単勝,多頭数16+,MF複勝3位以内,1-5,人気1-6,8988,2458,80.4,77.5,77.4,0
単勝,短距離-1400,MF複勝5位以内,3-10,人気不問,14480,2279,80.8,77.5,76.6,0
単勝,多頭数16+,MF複勝3位以内,1-5,人気1-3,8974,2454,80.3,77.5,77.3,0
単勝,全体,MF複勝1位,3-10,人気1-3,5462,1128,82.1,77.5,77.5,0
単勝,少頭数-12,MF複勝3位以内,5-15,人気1-3,1981,279,87.4,77.5,81.8,0
単勝,ダート,MF複勝2位以内,1-10,人気不問,12649,3208,80.2,77.5,77.9,0
単勝,ダート,MF複勝5位以内,1-10,人気1-6,24604,5024,79.8,77.5,77.9,0
単勝,全体,MF複勝3位以内,3-10,人気不問,26693,4456,79.7,77.5,77.4,0
複勝,道悪,MF複勝2位以内,3-10,人気不問,2081,998,81.6,77.5,77.6,0
単勝,堅いR(1人気=MF1位),MF複勝3位以内,1-10,人気1-3,17527,4598,79.8,77.4,77.7,0
単勝,全体,MF複勝5位以内,10-20,人気4-6,10687,684,83.5,77.4,70.8,0
単勝,ダート,MF複勝5位以内,1-10,人気1-3,19120,4439,79.8,77.4,75.8,0
単勝,堅いR(1人気=MF1位),MF複勝2位以内,1-20,人気1-3,13343,3918,79.8,77.4,77.5,0
複勝,荒れR(1人気=MF4位以下),MF複勝5位以内,3-10,人気不問,5208,2205,80.0,77.4,77.7,0
複勝,短距離-1400,MF複勝5位以内,5-15,人気1-6,11482,3983,79.5,77.4,76.8,0
単勝,堅いR(1人気=MF1位),MF複勝3位以内,1-10,人気1-6,19828,4839,79.7,77.4,76.1,0
単勝,堅いR(1人気=MF1位),MF複勝3位以内,1-10,人気不問,19831,4839,79.7,77.4,76.1,0
複勝,短距離-1400,MF複勝1位,3-10,人気1-3,2097,1041,81.3,77.4,73.5,0
単勝,全体,MF複勝3位以内,3-10,人気1-6,26678,4454,79.6,77.4,77.3,0
複勝,全体,MF複勝2位以内,5-30,人気1-3,4408,1851,80.5,77.4,77.2,0
複勝,荒れR(1人気=MF4位以下),MF複勝1位,3-10,人気1-3,860,420,83.5,77.4,68.7,0
単勝,短距離-1400,MF複勝1位,1-20,人気不問,4660,1307,81.7,77.4,76.3,0
単勝,芝,MF複勝3位以内,1-5,人気1-3,12004,3388,79.9,77.4,77.3,0
単勝,堅いR(1人気=MF1位),MF複勝5位以内,1-20,人気1-3,21895,5229,79.7,77.4,77.8,0
単勝,堅いR(1人気=MF1位),MF複勝5位以内,5-15,人気不問,17411,1794,81.1,77.4,73.7,0
単勝,道悪,MF複勝2位以内,5-15,人気4以下,451,54,102.7,77.4,32.2,3
単勝,短距離-1400,MF複勝3位以内,3-10,人気1-3,7686,1410,81.1,77.3,76.0,0
単勝,短距離-1400,MF複勝5位以内,1-20,人気1-6,21858,3802,80.2,77.3,74.7,0
単勝,少頭数-12,MF複勝5位以内,3-10,人気不問,11345,1826,81.0,77.3,74.7,0
単勝,全体,MF複勝2位以内,3-10,人気1-6,16650,2968,80.1,77.3,76.8,0
単勝,全体,MF複勝2位以内,3-10,人気不問,16660,2969,80.1,77.3,76.7,0
複勝,荒れR(1人気=MF4位以下),MF複勝5位以内,1-20,人気1-6,6661,2738,79.7,77.3,78.5,0
単勝,ダート,MF複勝1位,3-10,人気不問,3028,611,83.3,77.3,78.2,0
複勝,荒れR(1人気=MF4位以下),MF複勝2位以内,1-5,人気1-6,1016,528,82.1,77.3,78.0,0
単勝,芝,MF複勝3位以内,10-20,人気4-6,1704,121,93.8,77.3,76.5,1
単勝,ダート,MF複勝2位以内,1-10,人気1-6,12644,3207,80.2,77.3,77.9,0
単勝,短距離-1400,MF複勝5位以内,1-20,人気1-3,14000,3128,80.1,77.3,75.5,0
複勝,荒れR(1人気=MF4位以下),MF複勝5位以内,5-15,人気1-3,1352,551,82.6,77.3,75.6,0
複勝,長距離1900+,MF複勝2位以内,5-15,人気不問,1658,661,82.2,77.3,73.4,0
複勝,長距離1900+,MF複勝2位以内,5-30,人気1-6,1695,670,82.6,77.3,76.8,0
複勝,多頭数16+,MF複勝5位以内,5-15,人気1-6,13288,4525,79.3,77.3,77.6,0
複勝,荒れR(1人気=MF4位以下),MF複勝5位以内,3-10,人気1-6,5194,2198,79.9,77.3,77.6,0
複勝,荒れR(1人気=MF4位以下),MF複勝5位以内,5-30,人気1-3,1354,551,82.4,77.3,75.6,0
単勝,ダート,MF複勝5位以内,5-15,人気4-6,9211,848,82.6,77.3,76.8,0
単勝,荒れR(1人気=MF4位以下),MF複勝3位以内,1-20,人気4-6,1843,198,89.4,77.3,74.5,1
単勝,ダート,MF複勝2位以内,1-20,人気不問,13483,3262,80.3,77.3,76.8,0
複勝,芝,MF複勝5位以内,5-15,人気1-6,15992,5699,79.1,77.2,78.4,0
単勝,芝,MF複勝3位以内,1-10,人気不問,18810,4223,79.6,77.2,77.6,0
単勝,長距離1900+,MF複勝2位以内,1-5,人気不問,4372,1326,80.9,77.2,78.2,0
単勝,芝,MF複勝3位以内,1-10,人気1-6,18802,4223,79.6,77.2,77.6,0
複勝,堅いR(1人気=MF1位),MF複勝5位以内,5-30,人気1-6,20017,6758,78.9,77.2,77.2,0
複勝,荒れR(1人気=MF4位以下),MF複勝2位以内,1-5,人気不問,1016,528,82.1,77.2,78.0,0
単勝,堅いR(1人気=MF1位),MF複勝5位以内,3-10,人気1-6,19968,3051,79.9,77.2,76.2,0
単勝,堅いR(1人気=MF1位),MF複勝5位以内,1-20,人気不問,34739,6234,79.6,77.2,76.8,0
複勝,長距離1900+,MF複勝5位以内,5-15,人気不問,7077,2552,79.8,77.2,77.8,0
複勝,荒れR(1人気=MF4位以下),MF複勝3位以内,1-20,人気不問,4479,1770,80.5,77.2,76.3,0
単勝,堅いR(1人気=MF1位),MF複勝3位以内,1-20,人気1-6,22087,4976,79.5,77.2,75.4,0
単勝,短距離-1400,MF複勝1位,1-10,人気1-6,4505,1297,81.5,77.2,77.1,0
複勝,短距離-1400,MF複勝1位,3-10,人気1-6,2413,1152,80.7,77.2,73.0,0
単勝,ダート,MF複勝5位以内,5-15,人気4以下,9707,879,82.3,77.2,77.0,0
複勝,荒れR(1人気=MF4位以下),MF複勝3位以内,5-30,人気1-3,1056,437,83.6,77.2,72.8,0
単勝,堅いR(1人気=MF1位),MF複勝2位以内,1-10,人気1-3,13279,3912,79.6,77.2,75.9,0
単勝,全体,MF複勝5位以内,10-20,人気1-6,11247,719,82.9,77.2,69.9,0
単勝,道悪,MF複勝2位以内,1-10,人気不問,3131,793,82.7,77.2,74.5,0
単勝,全体,MF複勝5位以内,5-30,人気4-6,23401,1907,80.8,77.2,75.4,0
複勝,全体,MF複勝5位以内,5-30,人気1-6,36047,12134,78.5,77.2,77.3,0
複勝,短距離-1400,MF複勝5位以内,5-15,人気不問,11966,4090,79.3,77.2,76.7,0
複勝,多頭数16+,MF複勝5位以内,5-15,人気1-3,5608,2175,79.8,77.2,77.5,0
単勝,多頭数16+,MF複勝5位以内,1-20,人気1-3,16020,3474,79.7,77.1,76.2,0
単勝,多頭数16+,MF複勝5位以内,1-20,人気1-6,24890,4218,79.8,77.1,75.9,0
複勝,荒れR(1人気=MF4位以下),MF複勝2位以内,1-5,人気1-3,1008,523,82.0,77.1,78.0,0
単勝,全体,MF複勝5位以内,1-20,人気4以下,24850,2030,80.7,77.1,72.9,0
単勝,芝,MF複勝2位以内,5-30,人気1-3,2266,326,85.8,77.1,67.5,0
複勝,荒れR(1人気=MF4位以下),MF複勝2位以内,5-30,人気不問,1966,696,82.2,77.1,77.6,0
単勝,芝,MF複勝2位以内,5-15,人気1-3,2263,326,85.9,77.1,67.8,0
複勝,荒れR(1人気=MF4位以下),MF複勝1位,1-10,人気不問,1193,547,82.3,77.1,77.5,0
複勝,多頭数16+,MF複勝1位,3-10,人気1-3,2483,1201,80.5,77.1,73.5,0
単勝,芝,MF複勝5位以内,5-15,人気1-6,15992,1707,80.7,77.1,76.2,0
単勝,道悪,MF複勝5位以内,5-15,人気不問,4058,441,85.1,77.1,78.9,0
単勝,少頭数-12,MF複勝3位以内,3-10,人気1-6,7381,1281,81.3,77.1,76.0,0
複勝,長距離1900+,MF複勝2位以内,5-30,人気不問,1813,693,82.2,77.1,75.3,0
複勝,道悪,MF複勝5位以内,3-10,人気不問,5015,2158,79.6,77.1,78.0,0
単勝,道悪,MF複勝2位以内,5-15,人気4-6,428,52,102.6,77.1,34.1,4
複勝,荒れR(1人気=MF4位以下),MF複勝2位以内,5-15,人気不問,1779,661,82.5,77.1,77.2,0
単勝,短距離-1400,MF複勝1位,3-10,人気1-3,2097,435,84.3,77.1,78.9,0
単勝,道悪,MF複勝2位以内,1-10,人気1-6,3130,793,82.7,77.0,74.5,0
複勝,長距離1900+,MF複勝5位以内,5-15,人気1-6,6879,2501,79.6,77.0,77.1,0
単勝,長距離1900+,MF複勝5位以内,1-20,人気1-6,13892,2522,80.5,77.0,78.2,0
単勝,短距離-1400,MF複勝5位以内,1-20,人気不問,23118,3865,79.8,77.0,75.7,0
複勝,短距離-1400,MF複勝1位,3-10,人気不問,2414,1153,80.8,77.0,73.0,0
複勝,堅いR(1人気=MF1位),MF複勝5位以内,5-15,人気4以下,10018,3196,79.3,77.0,76.5,0
複勝,道悪,MF複勝5位以内,3-10,人気1-6,5010,2155,79.6,77.0,77.8,0
複勝,芝,MF複勝5位以内,5-30,人気1-3,6464,2591,79.4,77.0,76.7,0
単勝,堅いR(1人気=MF1位),MF複勝5位以内,3-10,人気不問,19978,3053,79.9,77.0,76.1,0
複勝,全体,MF複勝2位以内,5-30,人気1-6,8211,3090,79.3,77.0,76.8,0
複勝,多頭数16+,MF複勝5位以内,5-30,人気1-3,5622,2178,79.7,77.0,77.2,0
単勝,短距離-1400,MF複勝5位以内,5-15,人気4以下,7296,665,83.1,77.0,75.7,0
複勝,堅いR(1人気=MF1位),MF複勝3位以内,5-15,人気1-3,4629,1921,80.1,77.0,78.7,0
単勝,長距離1900+,MF複勝2位以内,1-20,人気1-6,6051,1529,81.3,77.0,75.9,0
単勝,長距離1900+,MF複勝2位以内,1-5,人気1-6,4372,1326,80.9,77.0,78.2,0
単勝,少頭数-12,MF複勝1位,3-10,人気1-3,1304,285,85.9,77.0,76.0,1
複勝,荒れR(1人気=MF4位以下),MF複勝1位,1-10,人気1-6,1192,546,82.1,77.0,77.5,0
複勝,少頭数-12,MF複勝5位以内,5-30,人気不問,11377,3950,79.1,76.9,75.9,0
複勝,少頭数-12,MF複勝3位以内,5-30,人気不問,4759,1827,80.1,76.9,76.3,0
単勝,荒れR(1人気=MF4位以下),MF複勝5位以内,5-30,人気4-6,2889,286,86.9,76.9,69.6,1
単勝,道悪,MF複勝5位以内,1-20,人気不問,7882,1341,81.9,76.9,80.2,0
複勝,道悪,MF複勝5位以内,10-20,人気不問,1682,438,84.7,76.9,77.0,0
単勝,多頭数16+,MF複勝5位以内,1-10,人気1-6,20266,3922,79.4,76.9,76.6,0
複勝,長距離1900+,MF複勝2位以内,5-15,人気1-6,1629,652,82.0,76.9,75.2,0
複勝,道悪,MF複勝5位以内,5-15,人気不問,4058,1406,80.6,76.9,77.9,0
複勝,全体,MF複勝2位以内,5-15,人気不問,8094,3063,79.2,76.9,77.3,0
単勝,道悪,MF複勝1位,1-20,人気不問,1581,470,84.6,76.9,73.0,0
単勝,多頭数16+,MF複勝5位以内,1-20,人気不問,26360,4291,79.5,76.9,75.7,0
複勝,長距離1900+,MF複勝3位以内,5-15,人気1-3,1753,743,81.7,76.9,76.2,0
単勝,全体,MF複勝5位以内,5-30,人気1-6,36047,3490,79.8,76.9,76.1,0
単勝,短距離-1400,MF複勝3位以内,1-20,人気不問,14728,2956,80.0,76.9,75.5,0
単勝,ダート,MF複勝3位以内,1-20,人気不問,20294,4212,79.4,76.9,77.0,0
単勝,少頭数-12,MF複勝2位以内,5-15,人気1-3,970,143,90.3,76.9,78.6,0
単勝,短距離-1400,MF複勝1位,1-10,人気不問,4506,1297,81.4,76.9,77.0,0
単勝,ダート,MF複勝5位以内,3-10,人気不問,19478,3043,79.6,76.9,76.7,0
単勝,長距離1900+,MF複勝5位以内,1-10,人気不問,11402,2365,80.2,76.9,77.3,0
単勝,ダート,MF複勝3位以内,1-20,人気1-6,19844,4187,79.5,76.9,77.4,0
単勝,長距離1900+,MF複勝5位以内,1-10,人気1-6,11393,2364,80.1,76.9,77.4,0
複勝,堅いR(1人気=MF1位),MF複勝3位以内,5-30,人気1-3,4659,1928,79.9,76.9,78.6,0
複勝,ダート,MF複勝5位以内,5-30,人気1-6,17639,5919,78.8,76.9,77.8,0
単勝,長距離1900+,MF複勝2位以内,1-20,人気不問,6123,1533,81.2,76.9,76.3,0
複勝,全体,MF複勝5位以内,5-15,人気4以下,19832,6284,78.6,76.9,77.3,0
単勝,堅いR(1人気=MF1位),MF複勝5位以内,5-15,人気4-6,9602,854,82.4,76.9,72.4,0
単勝,ダート,MF複勝1位,3-10,人気1-6,3027,611,83.3,76.9,78.2,0
単勝,短距離-1400,MF複勝2位以内,3-10,人気1-6,6168,1101,81.3,76.9,74.6,0
単勝,短距離-1400,MF複勝3位以内,1-20,人気1-6,14295,2931,79.9,76.8,74.7,0
複勝,堅いR(1人気=MF1位),MF複勝5位以内,1-20,人気4-6,11565,3567,79.0,76.8,74.9,0
複勝,芝,MF複勝5位以内,5-15,人気4以下,10125,3253,79.2,76.8,77.0,0
単勝,少頭数-12,MF複勝5位以内,5-15,人気1-3,3187,428,84.2,76.8,76.8,0
単勝,多頭数16+,MF複勝5位以内,1-10,人気不問,20277,3923,79.4,76.8,76.6,0
複勝,ダート,MF複勝2位以内,5-30,人気1-3,2142,908,80.9,76.8,75.4,0
単勝,道悪,MF複勝1位,1-20,人気1-6,1568,469,84.6,76.8,73.6,0
単勝,長距離1900+,MF複勝5位以内,1-20,人気不問,14452,2552,80.4,76.8,79.4,0
単勝,長距離1900+,MF複勝2位以内,1-10,人気1-6,5815,1511,80.8,76.8,76.4,0
複勝,堅いR(1人気=MF1位),MF複勝5位以内,1-10,人気4以下,5283,1920,79.7,76.8,73.4,0
単勝,堅いR(1人気=MF1位),MF複勝5位以内,5-15,人気1-6,16995,1760,80.5,76.8,73.3,0
複勝,全体,MF複勝2位以内,5-15,人気1-6,7907,3020,79.2,76.8,77.4,0
単勝,短距離-1400,MF複勝3位以内,3-10,人気1-6,9668,1621,80.4,76.8,77.6,0
単勝,芝,MF複勝3位以内,5-30,人気1-6,8739,959,81.8,76.8,79.8,0
複勝,芝,MF複勝5位以内,5-15,人気1-3,6435,2585,79.4,76.8,77.1,0
単勝,道悪,MF複勝2位以内,1-5,人気不問,2275,680,82.1,76.8,72.1,0
単勝,少頭数-12,MF複勝5位以内,5-30,人気1-6,10404,1002,81.9,76.8,76.3,0
単勝,多頭数16+,MF複勝5位以内,1-10,人気1-3,15787,3456,79.5,76.8,76.2,0
単勝,短距離-1400,MF複勝5位以内,3-10,人気1-3,10417,1836,80.3,76.8,74.7,0
単勝,長距離1900+,MF複勝2位以内,1-10,人気不問,5818,1511,80.7,76.8,76.3,0
単勝,少頭数-12,MF複勝3位以内,5-30,人気1-3,1999,279,86.6,76.8,81.0,0
複勝,ダート,MF複勝2位以内,5-30,人気1-6,4030,1531,80.2,76.8,74.3,0
単勝,堅いR(1人気=MF1位),MF複勝3位以内,1-20,人気不問,22466,4995,79.4,76.8,75.2,0
単勝,ダート,MF複勝2位以内,1-10,人気1-3,11376,3057,79.5,76.8,77.0,0
複勝,ダート,MF複勝2位以内,5-15,人気1-3,2136,906,81.0,76.8,75.6,0
複勝,堅いR(1人気=MF1位),MF複勝5位以内,3-10,人気4-6,5273,1918,79.7,76.8,73.6,0
複勝,長距離1900+,MF複勝3位以内,5-30,人気1-3,1757,744,81.7,76.8,76.7,0
単勝,長距離1900+,MF複勝3位以内,1-20,人気1-6,9093,1968,80.7,76.8,77.1,0
複勝,荒れR(1人気=MF4位以下),MF複勝5位以内,1-20,人気不問,7252,2851,79.1,76.7,77.6,0
単勝,荒れR(1人気=MF4位以下),MF複勝5位以内,1-20,人気不問,7252,1039,82.2,76.7,73.3,0
単勝,芝,MF複勝2位以内,3-10,人気1-6,8484,1524,80.6,76.7,73.6,0
単勝,道悪,MF複勝5位以内,5-30,人気4以下,3541,288,87.7,76.7,78.2,0
複勝,芝,MF複勝1位,3-10,人気不問,3221,1551,79.6,76.7,75.6,0
単勝,道悪,MF複勝5位以内,5-30,人気1-6,4410,452,85.0,76.7,82.9,0
複勝,芝,MF複勝5位以内,1-10,人気4-6,5776,2092,79.5,76.7,78.2,0
複勝,長距離1900+,MF複勝3位以内,5-15,人気1-6,3447,1324,80.4,76.7,76.4,0
複勝,道悪,MF複勝5位以内,5-30,人気1-3,1564,632,82.0,76.7,71.8,0
複勝,荒れR(1人気=MF4位以下),MF複勝1位,3-10,人気不問,1172,532,82.1,76.7,77.3,0
単勝,芝,MF複勝5位以内,5-30,人気1-6,18408,1808,80.3,76.7,74.8,0
単勝,短距離-1400,MF複勝2位以内,3-10,人気不問,6171,1101,81.2,76.7,74.6,0
複勝,堅いR(1人気=MF1位),MF複勝5位以内,3-10,人気4以下,5283,1920,79.7,76.7,73.4,0
複勝,少頭数-12,MF複勝1位,5-30,人気1-6,437,187,86.5,76.7,73.9,1
複勝,堅いR(1人気=MF1位),MF複勝5位以内,5-15,人気4-6,9602,3097,79.2,76.7,76.7,0
単勝,少頭数-12,MF複勝3位以内,3-10,人気不問,7384,1281,81.2,76.7,76.0,0
複勝,全体,MF複勝3位以内,5-15,人気不問,16511,6029,78.4,76.7,76.5,0
単勝,ダート,MF複勝5位以内,3-10,人気1-6,19459,3040,79.5,76.7,76.6,0
複勝,短距離-1400,MF複勝5位以内,5-15,人気1-3,4670,1834,79.9,76.7,77.7,0
複勝,短距離-1400,MF複勝5位以内,5-30,人気1-3,4681,1835,79.7,76.7,77.4,0
複勝,短距離-1400,MF複勝5位以内,5-30,人気1-6,12951,4295,78.9,76.7,76.9,0
単勝,長距離1900+,MF複勝5位以内,1-10,人気1-3,8872,2087,79.9,76.6,74.9,0
複勝,全体,MF複勝5位以内,10-20,人気1-6,11247,2988,79.1,76.6,76.8,0
単勝,ダート,MF複勝3位以内,3-10,人気不問,13012,2176,79.9,76.6,77.2,0
複勝,全体,MF複勝3位以内,5-15,人気1-6,16104,5929,78.3,76.6,76.7,0
単勝,長距離1900+,MF複勝2位以内,1-20,人気1-3,5289,1446,80.3,76.6,76.3,0
複勝,芝,MF複勝5位以内,5-30,人気1-6,18408,6215,78.2,76.6,76.9,0
複勝,堅いR(1人気=MF1位),MF複勝5位以内,1-10,人気4-6,5273,1918,79.7,76.6,73.6,0
複勝,長距離1900+,MF複勝3位以内,5-30,人気1-6,3697,1380,80.1,76.6,77.0,0
複勝,芝,MF複勝5位以内,3-10,人気4以下,5796,2099,79.5,76.6,78.4,0
複勝,ダート,MF複勝2位以内,5-15,人気1-6,3878,1495,79.9,76.6,74.5,0
複勝,ダート,MF複勝2位以内,5-15,人気不問,3963,1517,80.1,76.6,74.1,0
複勝,全体,MF複勝5位以内,5-15,人気4-6,18768,6030,78.4,76.6,77.6,0
複勝,多頭数16+,MF複勝2位以内,5-30,人気1-3,2128,865,81.0,76.6,75.3,0
複勝,堅いR(1人気=MF1位),MF複勝5位以内,5-30,人気不問,22690,7220,78.3,76.6,76.1,0
単勝,長距離1900+,MF複勝2位以内,1-5,人気1-3,4365,1323,80.7,76.6,77.7,0
複勝,道悪,MF複勝5位以内,5-15,人気1-6,3904,1366,80.3,76.6,78.2,0
単勝,芝,MF複勝3位以内,10-20,人気4以下,2182,147,90.0,76.6,77.3,1
複勝,芝,MF複勝5位以内,1-10,人気4以下,5796,2099,79.5,76.6,78.4,0
単勝,芝,MF複勝5位以内,5-15,人気4以下,10125,910,81.9,76.6,72.2,0
単勝,少頭数-12,MF複勝3位以内,5-30,人気不問,4759,511,84.2,76.6,77.2,0
単勝,長距離1900+,MF複勝3位以内,1-20,人気不問,9251,1975,80.4,76.6,77.7,0
単勝,ダート,MF複勝2位以内,1-20,人気1-3,11427,3059,79.4,76.6,76.7,0
複勝,多頭数16+,MF複勝5位以内,5-15,人気4以下,8215,2482,79.3,76.5,74.8,0
単勝,ダート,MF複勝3位以内,3-10,人気1-6,13005,2174,79.8,76.5,76.9,0
複勝,短距離-1400,MF複勝3位以内,5-30,人気1-6,6346,2243,79.4,76.5,77.6,0
複勝,ダート,MF複勝5位以内,5-30,人気不問,20351,6397,78.4,76.5,77.0,0
複勝,ダート,MF複勝1位,5-15,人気1-3,553,238,84.6,76.5,78.4,0
単勝,道悪,MF複勝1位,1-10,人気1-6,1547,466,83.4,76.5,74.6,0
複勝,芝,MF複勝5位以内,5-15,人気4-6,9557,3114,78.9,76.5,77.9,0
単勝,ダート,MF複勝5位以内,1-20,人気4-6,10754,925,81.8,76.5,74.8,0
単勝,道悪,MF複勝2位以内,1-5,人気1-3,2271,678,81.8,76.5,72.1,0
複勝,道悪,MF複勝1位,3-10,人気1-3,682,350,82.5,76.5,79.7,0
単勝,荒れR(1人気=MF4位以下),MF複勝3位以内,5-30,人気4以下,2263,219,88.8,76.5,67.8,1
単勝,道悪,MF複勝2位以内,1-20,人気1-3,2815,753,82.0,76.5,74.9,0
複勝,荒れR(1人気=MF4位以下),MF複勝1位,3-10,人気1-6,1171,531,81.9,76.5,77.3,0
単勝,多頭数16+,MF複勝2位以内,1-5,人気1-3,7253,2050,79.3,76.5,74.1,0
単勝,短距離-1400,MF複勝3位以内,3-10,人気不問,9673,1622,80.4,76.5,77.5,0
複勝,長距離1900+,MF複勝3位以内,5-15,人気不問,3511,1338,80.2,76.5,76.4,0
複勝,多頭数16+,MF複勝2位以内,5-30,人気1-6,3867,1412,80.2,76.5,76.8,0
単勝,荒れR(1人気=MF4位以下),MF複勝5位以内,1-20,人気1-6,6661,1004,81.9,76.5,74.1,0
複勝,道悪,MF複勝5位以内,5-30,人気1-6,4410,1481,80.3,76.5,78.3,0
単勝,芝,MF複勝2位以内,3-10,人気不問,8489,1524,80.5,76.5,73.6,0
複勝,全体,MF複勝5位以内,5-30,人気不問,41584,13084,77.8,76.5,75.7,0
単勝,芝,MF複勝3位以内,3-10,人気1-3,10922,1987,79.9,76.5,77.1,0
複勝,芝,MF複勝5位以内,3-10,人気4-6,5776,2092,79.5,76.5,78.2,0
単勝,多頭数16+,MF複勝2位以内,1-20,人気1-6,11108,2493,79.7,76.5,76.5,0
単勝,芝,MF複勝1位,1-10,人気1-3,6129,1876,79.8,76.5,74.6,0
複勝,短距離-1400,MF複勝3位以内,5-15,人気不問,6155,2194,79.1,76.5,76.5,0
単勝,長距離1900+,MF複勝5位以内,1-20,人気1-3,8982,2094,79.7,76.4,75.4,0
単勝,ダート,MF複勝3位以内,3-10,人気1-3,10347,1889,80.2,76.4,75.2,0
複勝,道悪,MF複勝5位以内,5-15,人気1-3,1558,628,81.8,76.4,71.2,0
単勝,多頭数16+,MF複勝2位以内,1-20,人気不問,11328,2504,79.7,76.4,77.0,0
単勝,道悪,MF複勝5位以内,5-30,人気不問,5105,483,84.5,76.4,80.1,0
複勝,全体,MF複勝3位以内,5-30,人気1-6,17244,6179,78.1,76.4,76.7,0
単勝,長距離1900+,MF複勝2位以内,1-10,人気1-3,5282,1446,80.4,76.4,76.3,0
複勝,堅いR(1人気=MF1位),MF複勝3位以内,5-15,人気不問,8558,3196,78.8,76.4,75.1,0
複勝,短距離-1400,MF複勝5位以内,5-15,人気4-6,6812,2149,79.3,76.4,74.6,0
複勝,ダート,MF複勝5位以内,10-20,人気1-6,5575,1486,80.2,76.4,76.6,0
複勝,芝,MF複勝1位,3-10,人気1-6,3220,1550,79.5,76.4,75.6,0
単勝,多頭数16+,MF複勝3位以内,1-20,人気1-3,12644,2910,79.3,76.4,77.1,0
単勝,多頭数16+,MF複勝5位以内,3-10,人気1-3,12114,2100,79.5,76.4,74.5,0
複勝,全体,MF複勝5位以内,1-20,人気4-6,21947,6793,78.1,76.4,75.9,0
単勝,荒れR(1人気=MF4位以下),MF複勝3位以内,5-30,人気不問,3319,359,85.2,76.4,72.3,1
複勝,ダート,MF複勝1位,5-30,人気1-3,553,238,84.6,76.4,78.4,0
単勝,芝,MF複勝5位以内,1-20,人気4-6,11193,959,81.5,76.4,72.8,0
単勝,道悪,MF複勝5位以内,1-20,人気4以下,3084,272,86.5,76.4,74.2,0
複勝,堅いR(1人気=MF1位),MF複勝5位以内,1-20,人気4以下,12844,3827,78.8,76.4,74.8,0
単勝,道悪,MF複勝2位以内,1-5,人気1-6,2275,680,82.1,76.4,72.1,0
単勝,芝,MF複勝3位以内,3-10,人気1-6,13673,2280,79.5,76.4,77.0,0
単勝,多頭数16+,MF複勝5位以内,3-10,人気不問,16604,2567,79.4,76.4,75.5,0
複勝,ダート,MF複勝3位以内,5-15,人気1-6,7921,2924,78.6,76.3,77.3,0
複勝,荒れR(1人気=MF4位以下),MF複勝5位以内,5-15,人気不問,4251,1461,79.4,76.3,77.1,0
単勝,ダート,MF複勝5位以内,3-10,人気1-3,13975,2455,79.4,76.3,73.3,0
複勝,堅いR(1人気=MF1位),MF複勝3位以内,5-15,人気1-6,8417,3158,78.6,76.3,75.1,0
単勝,多頭数16+,MF複勝3位以内,1-20,人気不問,16952,3270,79.2,76.3,77.4,0
単勝,短距離-1400,MF複勝5位以内,5-15,人気4-6,6812,630,82.7,76.3,77.2,0
複勝,短距離-1400,MF複勝5位以内,1-20,人気4-6,7858,2404,79.2,76.3,75.8,0
単勝,芝,MF複勝3位以内,3-10,人気不問,13681,2280,79.5,76.3,77.0,0
複勝,道悪,MF複勝5位以内,10-20,人気1-6,1306,353,84.2,76.3,74.2,0
単勝,多頭数16+,MF複勝2位以内,1-5,人気1-6,7258,2052,79.4,76.3,74.1,0
単勝,長距離1900+,MF複勝5位以内,1-5,人気1-3,6254,1743,79.7,76.3,74.1,0
複勝,多頭数16+,MF複勝2位以内,5-15,人気不問,3861,1410,79.5,76.3,75.7,0
複勝,全体,MF複勝5位以内,1-20,人気4以下,24850,7374,77.9,76.3,75.8,0
複勝,道悪,MF複勝5位以内,5-30,人気不問,5105,1611,79.8,76.3,75.3,0
複勝,多頭数16+,MF複勝2位以内,5-15,人気1-3,2126,864,80.9,76.3,75.3,0
単勝,長距離1900+,MF複勝5位以内,1-5,人気不問,6288,1749,79.7,76.3,73.8,0
単勝,長距離1900+,MF複勝3位以内,1-5,人気不問,5466,1563,79.8,76.3,75.3,0
単勝,芝,MF複勝1位,1-20,人気1-3,6132,1876,79.8,76.3,74.6,0
単勝,多頭数16+,MF複勝5位以内,5-15,人気4以下,8215,726,81.7,76.2,76.8,0
単勝,堅いR(1人気=MF1位),MF複勝5位以内,3-10,人気1-3,14695,2489,79.3,76.2,76.5,0
複勝,短距離-1400,MF複勝3位以内,5-15,人気1-6,5963,2149,79.1,76.2,76.6,0
単勝,多頭数16+,MF複勝3位以内,1-10,人気1-3,12530,2899,78.9,76.2,77.2,0
複勝,ダート,MF複勝3位以内,5-15,人気不問,8112,2970,78.6,76.2,77.8,0
複勝,短距離-1400,MF複勝5位以内,5-15,人気4以下,7296,2256,79.0,76.2,74.6,0
単勝,荒れR(1人気=MF4位以下),MF複勝3位以内,1-10,人気不問,3638,563,82.7,76.2,69.7,0
単勝,多頭数16+,MF複勝5位以内,3-10,人気1-6,16593,2566,79.4,76.2,75.5,0
単勝,荒れR(1人気=MF4位以下),MF複勝3位以内,5-30,人気1-6,2898,334,85.0,76.2,72.2,0
複勝,少頭数-12,MF複勝1位,5-15,人気1-6,425,183,86.1,76.2,75.6,1
単勝,長距離1900+,MF複勝5位以内,1-5,人気1-6,6288,1749,79.7,76.2,73.8,0
単勝,長距離1900+,MF複勝3位以内,1-5,人気1-3,5445,1559,79.7,76.2,75.5,0
単勝,ダート,MF複勝2位以内,5-15,人気4以下,1827,192,88.2,76.2,69.2,1
単勝,堅いR(1人気=MF1位),MF複勝2位以内,5-15,人気4以下,1318,135,91.4,76.1,72.0,2
単勝,長距離1900+,MF複勝3位以内,1-10,人気1-6,8318,1915,79.9,76.1,76.7,0
単勝,長距離1900+,MF複勝3位以内,1-10,人気不問,8321,1915,79.9,76.1,76.7,0
単勝,多頭数16+,MF複勝2位以内,1-10,人気1-3,9337,2328,79.1,76.1,76.5,0
単勝,多頭数16+,MF複勝2位以内,1-5,人気不問,7258,2052,79.4,76.1,74.1,0
複勝,多頭数16+,MF複勝2位以内,5-15,人気1-6,3755,1385,79.5,76.1,76.6,0
複勝,多頭数16+,MF複勝5位以内,5-15,人気4-6,7680,2350,78.9,76.1,75.4,0
複勝,短距離-1400,MF複勝3位以内,5-15,人気1-3,2970,1184,79.8,76.1,75.4,0
単勝,多頭数16+,MF複勝2位以内,1-20,人気1-3,9381,2332,79.3,76.1,76.2,0
単勝,少頭数-12,MF複勝2位以内,5-30,人気1-3,974,143,89.9,76.1,78.6,0
複勝,全体,MF複勝5位以内,1-10,人気4-6,11260,4002,77.9,76.1,75.8,0
単勝,道悪,MF複勝1位,1-10,人気不問,1548,466,83.3,76.1,74.6,0
単勝,多頭数16+,MF複勝3位以内,1-20,人気1-6,16443,3240,79.0,76.1,76.5,0
単勝,荒れR(1人気=MF4位以下),MF複勝3位以内,5-30,人気4-6,1842,194,89.4,76.1,73.0,1
複勝,ダート,MF複勝5位以内,10-20,人気4-6,5270,1379,79.8,76.1,75.9,0
単勝,芝,MF複勝1位,1-5,人気1-6,5526,1790,79.3,76.1,74.9,0
複勝,ダート,MF複勝3位以内,5-30,人気1-6,8505,3059,78.7,76.1,78.0,0
複勝,全体,MF複勝2位以内,5-30,人気不問,8836,3194,78.5,76.1,76.3,0
複勝,多頭数16+,MF複勝5位以内,5-30,人気1-6,14974,4842,78.1,76.1,76.2,0
単勝,短距離-1400,MF複勝5位以内,5-15,人気不問,11966,1250,80.6,76.1,75.4,0
単勝,全体,MF複勝5位以内,10-20,人気不問,14111,861,81.0,76.1,69.3,0
複勝,全体,MF複勝5位以内,3-10,人気4以下,11299,4018,78.1,76.1,76.1,0
複勝,全体,MF複勝5位以内,3-10,人気4-6,11260,4002,77.9,76.1,75.8,0
単勝,芝,MF複勝3位以内,5-15,人気不問,8399,945,80.9,76.1,77.0,0
複勝,堅いR(1人気=MF1位),MF複勝5位以内,10-20,人気1-6,6734,1804,79.4,76.1,77.3,0
複勝,道悪,MF複勝5位以内,10-20,人気4-6,1242,333,84.3,76.1,76.7,0
単勝,芝,MF複勝3位以内,10-20,人気不問,2312,157,89.7,76.1,80.2,1
単勝,ダート,MF複勝2位以内,5-15,人気4-6,1742,186,88.4,76.1,70.9,1
単勝,長距離1900+,MF複勝3位以内,1-5,人気1-6,5466,1563,79.8,76.1,75.3,0
複勝,長距離1900+,MF複勝2位以内,5-15,人気1-3,924,402,82.3,76.1,77.4,1
単勝,荒れR(1人気=MF4位以下),MF複勝3位以内,3-10,人気1-6,3587,547,82.4,76.0,68.6,0
単勝,全体,MF複勝5位以内,5-30,人気不問,41584,3712,78.7,76.0,74.9,0
複勝,全体,MF複勝5位以内,1-10,人気4以下,11299,4018,78.1,76.0,76.1,0
複勝,芝,MF複勝2位以内,5-30,人気1-3,2266,943,80.2,76.0,74.4,0
複勝,堅いR(1人気=MF1位),MF複勝5位以内,10-20,人気不問,8003,2062,79.2,76.0,73.8,0
複勝,道悪,MF複勝3位以内,3-10,人気1-6,3338,1504,79.2,76.0,75.6,0
単勝,ダート,MF複勝5位以内,5-15,人気1-6,15364,1591,80.0,76.0,77.1,0
複勝,少頭数-12,MF複勝2位以内,5-15,人気4-6,850,332,83.3,76.0,66.5,0
単勝,少頭数-12,MF複勝3位以内,5-30,人気1-6,4508,496,82.8,76.0,75.1,0
単勝,荒れR(1人気=MF4位以下),MF複勝3位以内,1-10,人気1-6,3628,561,82.5,76.0,69.0,0
単勝,短距離-1400,MF複勝5位以内,5-15,人気1-6,11482,1215,80.3,76.0,74.7,0
単勝,芝,MF複勝1位,1-5,人気不問,5526,1790,79.3,76.0,74.9,0
複勝,全体,MF複勝3位以内,5-30,人気不問,18867,6464,77.6,76.0,75.3,0
単勝,堅いR(1人気=MF1位),MF複勝3位以内,3-10,人気不問,13106,2139,79.2,76.0,74.2,0
複勝,道悪,MF複勝3位以内,3-10,人気不問,3339,1505,79.2,76.0,75.6,0
単勝,少頭数-12,MF複勝5位以内,5-15,人気不問,8793,931,80.9,76.0,72.7,0
単勝,道悪,MF複勝2位以内,1-10,人気1-3,2807,752,81.6,76.0,75.1,0
複勝,荒れR(1人気=MF4位以下),MF複勝3位以内,5-15,人気不問,2923,1045,80.2,76.0,76.4,0
複勝,ダート,MF複勝5位以内,10-20,人気不問,6949,1757,79.3,75.9,76.9,0
複勝,多頭数16+,MF複勝5位以内,10-20,人気1-3,233,88,93.0,75.9,77.9,2
複勝,短距離-1400,MF複勝5位以内,1-20,人気4以下,9118,2649,78.6,75.9,74.2,0
単勝,芝,MF複勝1位,1-5,人気1-3,5517,1789,79.4,75.9,74.9,0
単勝,道悪,MF複勝5位以内,10-20,人気1-6,1306,97,94.3,75.9,84.5,2
複勝,ダート,MF複勝3位以内,5-30,人気不問,9306,3203,78.3,75.9,77.3,0
複勝,長距離1900+,MF複勝5位以内,5-30,人気1-6,7993,2740,78.4,75.9,76.2,0
単勝,ダート,MF複勝5位以内,5-15,人気不問,15860,1622,79.8,75.9,76.7,0
複勝,芝,MF複勝2位以内,5-15,人気1-3,2263,942,80.2,75.9,74.4,0
単勝,荒れR(1人気=MF4位以下),MF複勝5位以内,5-30,人気1-6,4243,464,83.6,75.9,73.0,0
複勝,短距離-1400,MF複勝2位以内,5-30,人気1-6,3188,1173,79.9,75.9,76.4,0
複勝,荒れR(1人気=MF4位以下),MF複勝3位以内,5-30,人気1-6,2898,1033,79.9,75.9,76.0,0
単勝,道悪,MF複勝1位,1-5,人気1-6,1310,434,82.4,75.9,76.3,0
複勝,道悪,MF複勝5位以内,1-20,人気4以下,3084,916,80.8,75.9,77.5,0
複勝,芝,MF複勝3位以内,5-15,人気不問,8399,3059,78.2,75.9,75.3,0
単勝,芝,MF複勝5位以内,1-20,人気4以下,12703,1036,80.7,75.9,74.2,0
複勝,長距離1900+,MF複勝3位以内,5-30,人気不問,3994,1432,79.5,75.9,76.3,0
複勝,堅いR(1人気=MF1位),MF複勝3位以内,5-30,人気1-6,9160,3319,78.2,75.9,75.9,0
単勝,堅いR(1人気=MF1位),MF複勝3位以内,3-10,人気1-6,13103,2139,79.2,75.9,74.3,0
複勝,短距離-1400,MF複勝2位以内,5-15,人気1-6,3080,1146,79.7,75.9,75.7,0
複勝,芝,MF複勝5位以内,1-20,人気4-6,11193,3504,78.2,75.9,74.9,0
複勝,短距離-1400,MF複勝2位以内,5-15,人気1-3,1693,689,80.5,75.9,75.7,0
複勝,多頭数16+,MF複勝3位以内,5-30,人気1-3,3670,1439,79.3,75.8,78.2,0
複勝,短距離-1400,MF複勝5位以内,5-30,人気不問,15292,4692,77.9,75.8,75.0,0
単勝,全体,MF複勝5位以内,10-20,人気4以下,13551,826,81.4,75.8,70.0,0
単勝,全体,MF複勝5位以内,3-10,人気4-6,11260,1200,79.9,75.8,75.9,0
単勝,全体,MF複勝5位以内,3-10,人気4以下,11299,1204,79.9,75.8,76.0,0
単勝,ダート,MF複勝5位以内,1-20,人気4以下,12147,994,80.8,75.8,71.6,0
単勝,長距離1900+,MF複勝5位以内,5-15,人気不問,7077,752,81.1,75.8,75.4,0
複勝,全体,MF複勝5位以内,10-20,人気不問,14111,3553,78.3,75.8,74.9,0
単勝,ダート,MF複勝5位以内,5-30,人気4-6,11457,938,81.0,75.8,75.7,0
単勝,芝,MF複勝5位以内,5-30,人気4-6,11944,969,80.6,75.8,71.8,0
複勝,堅いR(1人気=MF1位),MF複勝5位以内,5-30,人気4-6,12578,3738,77.9,75.8,74.5,0
単勝,少頭数-12,MF複勝5位以内,5-30,人気1-3,3216,428,83.4,75.8,76.7,0
複勝,多頭数16+,MF複勝1位,3-10,人気不問,2861,1317,79.0,75.8,72.9,0
単勝,荒れR(1人気=MF4位以下),MF複勝3位以内,3-10,人気不問,3597,549,82.6,75.8,69.3,0
単勝,多頭数16+,MF複勝3位以内,1-10,人気不問,14779,3131,78.6,75.8,76.5,0
複勝,全体,MF複勝5位以内,5-30,人気4-6,23401,7014,77.4,75.8,75.7,0
単勝,多頭数16+,MF複勝2位以内,1-10,人気1-6,10487,2447,78.9,75.8,75.9,0
複勝,多頭数16+,MF複勝3位以内,5-15,人気1-3,3663,1437,79.3,75.8,78.4,0
複勝,少頭数-12,MF複勝5位以内,1-20,人気4以下,7041,2311,78.5,75.7,76.0,0
単勝,長距離1900+,MF複勝5位以内,3-10,人気不問,8878,1390,79.8,75.7,76.7,0
複勝,短距離-1400,MF複勝3位以内,1-20,人気4-6,3312,1059,79.8,75.7,73.0,0
単勝,堅いR(1人気=MF1位),MF複勝3位以内,3-10,人気1-3,10802,1898,79.2,75.7,76.3,0
複勝,短距離-1400,MF複勝2位以内,5-30,人気1-3,1695,689,80.4,75.7,75.5,0
複勝,芝,MF複勝3位以内,5-15,人気1-6,8183,3005,78.0,75.7,75.7,0
複勝,短距離-1400,MF複勝3位以内,5-30,人気1-3,2979,1185,79.6,75.7,75.1,0
単勝,芝,MF複勝3位以内,1-20,人気4-6,4455,414,84.0,75.7,73.9,1
複勝,堅いR(1人気=MF1位),MF複勝2位以内,5-15,人気不問,3476,1369,79.3,75.7,75.9,0
単勝,ダート,MF複勝2位以内,3-10,人気不問,8171,1445,79.7,75.7,76.1,0
単勝,全体,MF複勝3位以内,5-15,人気不問,16511,1807,79.1,75.7,75.5,0
単勝,長距離1900+,MF複勝5位以内,3-10,人気1-6,8869,1389,79.7,75.7,76.8,0
複勝,短距離-1400,MF複勝5位以内,5-30,人気4-6,8270,2460,78.5,75.7,75.8,0
単勝,多頭数16+,MF複勝3位以内,1-10,人気1-6,14774,3130,78.6,75.7,76.5,0
複勝,長距離1900+,MF複勝2位以内,5-30,人気1-3,924,402,82.3,75.7,77.4,1
単勝,堅いR(1人気=MF1位),MF複勝5位以内,1-10,人気4以下,5283,564,81.8,75.7,75.1,0
単勝,堅いR(1人気=MF1位),MF複勝2位以内,3-10,人気1-6,7462,1340,79.7,75.7,75.3,0
複勝,全体,MF複勝5位以内,10-20,人気4-6,10687,2791,78.3,75.7,76.1,0
複勝,芝,MF複勝5位以内,1-20,人気4以下,12703,3805,77.9,75.7,75.0,0
複勝,芝,MF複勝3位以内,5-15,人気1-3,4161,1678,78.6,75.6,76.9,0
単勝,荒れR(1人気=MF4位以下),MF複勝5位以内,3-10,人気不問,5208,799,81.0,75.6,72.6,0
単勝,全体,MF複勝5位以内,1-10,人気4-6,11260,1200,79.9,75.6,75.9,0
単勝,多頭数16+,MF複勝2位以内,1-10,人気不問,10491,2447,78.9,75.6,75.9,0
複勝,少頭数-12,MF複勝5位以内,1-20,人気4-6,6568,2209,78.6,75.6,76.6,0
複勝,ダート,MF複勝2位以内,5-30,人気不問,4322,1577,79.0,75.6,73.1,0
複勝,荒れR(1人気=MF4位以下),MF複勝3位以内,5-15,人気1-6,2782,1008,79.8,75.6,75.7,0
複勝,多頭数16+,MF複勝1位,3-10,人気1-6,2860,1316,78.9,75.6,72.9,0
単勝,堅いR(1人気=MF1位),MF複勝5位以内,3-10,人気4以下,5283,564,81.8,75.6,75.1,0
単勝,少頭数-12,MF複勝5位以内,5-15,人気1-6,8610,919,80.9,75.6,72.1,0
単勝,道悪,MF複勝1位,1-20,人気1-3,1449,453,82.4,75.6,77.5,0
単勝,道悪,MF複勝1位,1-10,人気1-3,1448,453,82.5,75.6,77.8,0
複勝,短距離-1400,MF複勝5位以内,3-10,人気4以下,4063,1429,79.2,75.6,75.2,0
複勝,ダート,MF複勝5位以内,1-20,人気4-6,10754,3289,78.0,75.6,77.0,0
単勝,少頭数-12,MF複勝5位以内,1-20,人気4-6,6568,570,82.4,75.6,75.8,0
複勝,ダート,MF複勝5位以内,1-20,人気4以下,12147,3569,77.9,75.6,75.3,0
単勝,道悪,MF複勝1位,1-5,人気不問,1310,434,82.4,75.6,76.3,0
単勝,全体,MF複勝5位以内,5-30,人気4以下,28938,2129,79.1,75.6,73.8,0
複勝,荒れR(1人気=MF4位以下),MF複勝5位以内,5-15,人気1-6,3992,1398,79.2,75.5,76.7,0
複勝,道悪,MF複勝1位,3-10,人気不問,782,384,81.6,75.5,76.5,0
複勝,多頭数16+,MF複勝5位以内,5-30,人気不問,17753,5314,77.4,75.5,74.8,0
単勝,ダート,MF複勝2位以内,3-10,人気1-6,8166,1444,79.6,75.5,76.1,0
複勝,堅いR(1人気=MF1位),MF複勝2位以内,5-15,人気1-6,3432,1356,79.0,75.5,75.9,0
複勝,堅いR(1人気=MF1位),MF複勝3位以内,5-30,人気不問,9894,3450,78.0,75.5,75.2,0
単勝,芝,MF複勝3位以内,1-20,人気4以下,4941,440,83.2,75.5,74.4,0
複勝,荒れR(1人気=MF4位以下),MF複勝5位以内,5-30,人気1-6,4243,1447,78.6,75.5,75.3,0
単勝,多頭数16+,MF複勝5位以内,5-15,人気不問,13823,1416,79.5,75.5,74.0,0
複勝,芝,MF複勝3位以内,5-30,人気1-3,4179,1681,78.5,75.5,76.8,0
単勝,芝,MF複勝5位以内,5-15,人気4-6,9557,868,81.2,75.5,72.2,0
複勝,荒れR(1人気=MF4位以下),MF複勝2位以内,3-10,人気4以下,753,285,83.2,75.5,72.7,0
単勝,荒れR(1人気=MF4位以下),MF複勝5位以内,1-10,人気1-6,5621,931,80.5,75.5,72.4,0
単勝,全体,MF複勝5位以内,1-10,人気4以下,11299,1204,79.9,75.5,76.0,0
単勝,長距離1900+,MF複勝3位以内,1-10,人気1-3,7154,1779,79.2,75.5,75.2,0
複勝,短距離-1400,MF複勝5位以内,3-10,人気4-6,4048,1421,79.0,75.5,75.1,0
複勝,ダート,MF複勝5位以内,5-15,人気4以下,9707,3031,77.9,75.5,77.1,0
単勝,ダート,MF複勝5位以内,10-20,人気4-6,5270,340,83.9,75.5,74.4,0
複勝,ダート,MF複勝5位以内,5-15,人気4-6,9211,2916,77.9,75.5,77.1,0
複勝,荒れR(1人気=MF4位以下),MF複勝2位以内,1-10,人気4以下,753,285,83.2,75.5,72.7,0
複勝,短距離-1400,MF複勝5位以内,1-10,人気4以下,4063,1429,79.2,75.5,75.2,0
複勝,多頭数16+,MF複勝5位以内,1-20,人気4-6,8870,2602,78.0,75.4,75.8,0
単勝,芝,MF複勝3位以内,5-15,人気1-6,8183,928,80.5,75.4,77.3,0
複勝,多頭数16+,MF複勝2位以内,5-30,人気不問,4223,1468,79.0,75.4,75.7,0
複勝,芝,MF複勝5位以内,5-30,人気不問,21233,6687,77.2,75.4,74.2,0
複勝,短距離-1400,MF複勝5位以内,1-10,人気4-6,4048,1421,79.0,75.4,75.1,0
複勝,道悪,MF複勝3位以内,5-15,人気1-3,1008,414,81.2,75.4,68.3,0
複勝,ダート,MF複勝5位以内,10-20,人気4以下,6644,1650,79.0,75.4,76.2,0
複勝,短距離-1400,MF複勝3位以内,5-30,人気不問,7082,2364,78.2,75.4,74.8,0
複勝,堅いR(1人気=MF1位),MF複勝2位以内,5-30,人気1-6,3617,1397,79.0,75.4,78.6,0
単勝,道悪,MF複勝1位,1-5,人気1-3,1307,432,81.9,75.4,76.3,0
単勝,ダート,MF複勝5位以内,5-30,人気1-6,17639,1682,79.2,75.4,76.2,0
単勝,荒れR(1人気=MF4位以下),MF複勝5位以内,5-30,人気4以下,3828,331,85.1,75.4,64.3,0
複勝,短距離-1400,MF複勝3位以内,10-20,人気1-6,1412,384,83.0,75.4,73.2,0
単勝,荒れR(1人気=MF4位以下),MF複勝5位以内,1-10,人気不問,5635,933,80.6,75.4,72.8,0
単勝,荒れR(1人気=MF4位以下),MF複勝5位以内,3-10,人気1-6,5194,797,80.9,75.4,72.2,0
単勝,芝,MF複勝1位,1-20,人気不問,6717,1920,78.7,75.4,72.1,0
単勝,堅いR(1人気=MF1位),MF複勝2位以内,3-10,人気不問,7464,1340,79.7,75.4,75.3,0
単勝,ダート,MF複勝5位以内,5-30,人気4以下,14169,1052,80.3,75.3,74.9,0
複勝,道悪,MF複勝1位,3-10,人気1-6,781,383,81.3,75.3,76.5,0
複勝,多頭数16+,MF複勝3位以内,5-15,人気不問,7347,2548,77.9,75.3,74.4,0
複勝,多頭数16+,MF複勝5位以内,10-20,人気1-6,4624,1190,79.5,75.3,75.2,0
複勝,全体,MF複勝5位以内,10-20,人気4以下,13551,3356,77.7,75.3,74.4,0
単勝,少頭数-12,MF複勝5位以内,5-30,人気不問,11377,1038,80.6,75.3,75.9,0
単勝,ダート,MF複勝5位以内,5-30,人気不問,20351,1796,78.9,75.3,74.8,0
単勝,長距離1900+,MF複勝5位以内,3-10,人気1-3,6348,1112,79.2,75.3,73.2,0
単勝,ダート,MF複勝5位以内,10-20,人気1-6,5575,361,83.7,75.3,73.6,0
単勝,道悪,MF複勝2位以内,5-15,人気1-6,971,126,89.7,75.3,59.0,2
複勝,芝,MF複勝5位以内,5-30,人気4-6,11944,3624,77.5,75.3,74.2,0
複勝,多頭数16+,MF複勝3位以内,5-15,人気1-6,7117,2490,77.7,75.2,75.2,0
複勝,芝,MF複勝3位以内,5-30,人気1-6,8739,3120,77.6,75.2,74.6,0
単勝,長距離1900+,MF複勝3位以内,1-20,人気1-3,7201,1781,78.9,75.2,74.7,0
複勝,道悪,MF複勝5位以内,1-20,人気4-6,2703,828,79.9,75.2,79.1,0
単勝,堅いR(1人気=MF1位),MF複勝1位,3-10,人気不問,1824,433,81.7,75.2,75.9,0
複勝,少頭数-12,MF複勝1位,5-15,人気不問,432,184,85.3,75.2,73.9,1
複勝,多頭数16+,MF複勝2位以内,10-20,人気1-6,621,178,86.3,75.2,69.3,1
単勝,全体,MF複勝3位以内,5-30,人気1-6,17244,1826,78.8,75.2,76.4,0
複勝,短距離-1400,MF複勝2位以内,5-15,人気不問,3171,1161,79.1,75.2,75.6,0
単勝,道悪,MF複勝5位以内,1-10,人気1-6,6195,1225,79.8,75.2,76.3,0
単勝,道悪,MF複勝2位以内,5-15,人気不問,994,128,90.0,75.2,57.5,2
複勝,短距離-1400,MF複勝5位以内,10-20,人気1-6,3986,1047,80.0,75.2,73.6,0
単勝,長距離1900+,MF複勝5位以内,5-15,人気1-6,6879,737,80.8,75.2,75.9,0
複勝,多頭数16+,MF複勝5位以内,1-20,人気4以下,10340,2887,77.6,75.1,74.4,0
複勝,長距離1900+,MF複勝5位以内,5-30,人気不問,9106,2932,77.6,75.1,74.3,0
複勝,芝,MF複勝2位以内,5-30,人気1-6,4181,1559,78.5,75.1,75.7,0
複勝,道悪,MF複勝5位以内,5-15,人気4以下,2500,778,79.8,75.1,76.3,0
単勝,芝,MF複勝1位,1-20,人気1-6,6659,1917,78.6,75.1,73.0,0
複勝,芝,MF複勝2位以内,5-15,人気1-6,4029,1525,78.6,75.1,75.7,0
単勝,道悪,MF複勝5位以内,1-5,人気不問,3248,877,79.8,75.1,73.5,0
単勝,芝,MF複勝3位以内,5-30,人気4-6,4560,407,83.4,75.1,73.7,1
単勝,全体,MF複勝3位以内,5-15,人気1-6,16104,1775,78.7,75.1,75.1,0
単勝,道悪,MF複勝5位以内,1-10,人気不問,6200,1226,79.9,75.1,76.2,0
単勝,長距離1900+,MF複勝5位以内,5-30,人気1-6,7993,786,80.9,75.1,77.9,0
複勝,多頭数16+,MF複勝3位以内,5-30,人気1-6,7552,2583,77.7,75.1,74.8,0
単勝,多頭数16+,MF複勝1位,1-5,人気1-6,4207,1297,78.8,75.1,72.2,0
単勝,全体,MF複勝1位,3-10,人気1-6,6247,1196,79.3,75.0,75.6,0
複勝,道悪,MF複勝2位以内,5-15,人気1-3,543,233,83.2,75.0,68.7,0
複勝,ダート,MF複勝2位以内,1-20,人気4-6,1874,630,80.5,75.0,74.2,0
複勝,堅いR(1人気=MF1位),MF複勝2位以内,5-30,人気不問,3828,1431,78.5,75.0,76.3,0
複勝,堅いR(1人気=MF1位),MF複勝5位以内,10-20,人気4以下,7561,1907,78.3,75.0,73.1,0
単勝,堅いR(1人気=MF1位),MF複勝5位以内,3-10,人気4-6,5273,562,81.6,75.0,75.3,0
単勝,長距離1900+,MF複勝2位以内,3-10,人気1-6,3633,660,80.7,75.0,75.2,0
単勝,少頭数-12,MF複勝5位以内,1-20,人気4以下,7041,593,81.5,75.0,73.5,0
単勝,全体,MF複勝3位以内,5-30,人気不問,18867,1899,78.6,75.0,77.1,0
単勝,堅いR(1人気=MF1位),MF複勝5位以内,1-10,人気4-6,5273,562,81.6,75.0,75.3,0
単勝,堅いR(1人気=MF1位),MF複勝5位以内,5-30,人気1-6,20017,1870,78.6,75.0,74.8,0
複勝,芝,MF複勝2位以内,5-15,人気不問,4131,1546,78.3,75.0,74.3,0
複勝,全体,MF複勝5位以内,5-30,人気4以下,28938,7964,76.5,75.0,73.8,0
単勝,堅いR(1人気=MF1位),MF複勝1位,3-10,人気1-3,1824,433,81.7,75.0,75.9,0
単勝,荒れR(1人気=MF4位以下),MF複勝5位以内,3-10,人気4以下,1851,219,85.7,75.0,66.9,1
単勝,長距離1900+,MF複勝3位以内,3-10,人気不問,5939,992,79.4,75.0,73.6,0
単勝,荒れR(1人気=MF4位以下),MF複勝5位以内,5-30,人気不問,5182,509,82.9,75.0,70.7,0
複勝,短距離-1400,MF複勝5位以内,10-20,人気4-6,3810,983,79.5,75.0,72.1,0
複勝,少頭数-12,MF複勝2位以内,1-20,人気4-6,937,360,82.1,75.0,65.0,0
単勝,全体,MF複勝1位,3-10,人気不問,6249,1196,79.3,75.0,75.6,0
複勝,全体,MF複勝1位,5-15,人気1-3,1168,476,80.7,74.9,71.5,0
複勝,短距離-1400,MF複勝3位以内,5-30,人気4-6,3367,1058,79.3,74.9,72.1,0
単勝,多頭数16+,MF複勝5位以内,5-15,人気4-6,7680,688,81.2,74.9,72.8,0
複勝,ダート,MF複勝5位以内,5-30,人気4-6,11457,3390,77.2,74.9,75.9,0
複勝,全体,MF複勝3位以内,10-20,人気1-3,286,100,92.0,74.9,87.6,1
複勝,少頭数-12,MF複勝5位以内,1-10,人気4以下,3391,1311,78.2,74.9,74.9,0
単勝,少頭数-12,MF複勝3位以内,5-15,人気不問,4177,481,82.4,74.9,73.9,0
単勝,多頭数16+,MF複勝3位以内,3-10,人気1-6,11267,1825,78.2,74.9,76.2,0
複勝,少頭数-12,MF複勝5位以内,10-20,人気1-6,3370,965,79.7,74.9,74.2,0
複勝,少頭数-12,MF複勝5位以内,10-20,人気不問,3831,1062,79.4,74.9,73.5,0
複勝,道悪,MF複勝3位以内,5-30,人気1-3,1010,416,81.4,74.9,69.0,0
単勝,堅いR(1人気=MF1位),MF複勝5位以内,1-20,人気4-6,11565,941,79.9,74.9,69.7,0
単勝,芝,MF複勝3位以内,5-30,人気不問,9561,991,80.1,74.9,76.6,0
複勝,堅いR(1人気=MF1位),MF複勝2位以内,5-15,人気1-3,2158,920,79.1,74.9,76.3,0
単勝,多頭数16+,MF複勝1位,1-5,人気不問,4207,1297,78.8,74.9,72.2,0
単勝,荒れR(1人気=MF4位以下),MF複勝5位以内,1-10,人気4-6,1837,217,85.4,74.9,67.1,1
複勝,全体,MF複勝1位,5-30,人気1-3,1168,476,80.7,74.9,71.5,0
単勝,多頭数16+,MF複勝3位以内,3-10,人気不問,11272,1826,78.2,74.8,76.2,0
単勝,長距離1900+,MF複勝3位以内,3-10,人気1-6,5936,992,79.4,74.8,73.6,0
単勝,短距離-1400,MF複勝1位,3-10,人気1-6,2413,463,81.5,74.8,75.4,0
単勝,堅いR(1人気=MF1位),MF複勝1位,3-10,人気1-6,1824,433,81.7,74.8,75.9,0
単勝,ダート,MF複勝2位以内,1-20,人気4-6,1874,194,86.9,74.8,68.8,0
単勝,多頭数16+,MF複勝1位,1-10,人気1-3,4815,1380,78.7,74.8,76.6,0
単勝,荒れR(1人気=MF4位以下),MF複勝5位以内,1-10,人気4以下,1851,219,85.7,74.8,66.9,1
単勝,全体,MF複勝3位以内,1-20,人気4-6,8905,805,80.3,74.8,76.7,0
単勝,短距離-1400,MF複勝5位以内,3-10,人気4以下,4063,443,82.3,74.8,74.6,0
複勝,堅いR(1人気=MF1位),MF複勝5位以内,10-20,人気4-6,6292,1649,78.3,74.8,76.1,0
単勝,芝,MF複勝5位以内,5-30,人気不問,21233,1916,78.6,74.8,75.0,0
複勝,堅いR(1人気=MF1位),MF複勝5位以内,5-30,人気4以下,15251,4200,77.3,74.8,73.9,0
単勝,短距離-1400,MF複勝5位以内,1-20,人気4-6,7858,674,80.4,74.8,73.2,0
複勝,道悪,MF複勝2位以内,5-30,人気1-3,544,234,83.4,74.8,69.9,0
単勝,道悪,MF複勝5位以内,1-5,人気1-3,3236,874,79.6,74.7,73.8,0
単勝,堅いR(1人気=MF1位),MF複勝2位以内,5-15,人気不問,3476,406,82.5,74.7,73.0,0
単勝,芝,MF複勝5位以内,5-15,人気1-3,6435,839,80.0,74.7,73.0,0
単勝,短距離-1400,MF複勝5位以内,1-10,人気4-6,4048,441,82.1,74.7,74.8,0
複勝,長距離1900+,MF複勝5位以内,5-15,人気4以下,4354,1409,78.3,74.7,77.2,0
単勝,多頭数16+,MF複勝3位以内,3-10,人気1-3,9023,1594,78.6,74.7,75.7,0
単勝,少頭数-12,MF複勝3位以内,5-15,人気1-6,4115,476,82.1,74.7,73.2,0
複勝,多頭数16+,MF複勝5位以内,10-20,人気4-6,4391,1102,78.8,74.7,75.0,0
単勝,多頭数16+,MF複勝5位以内,5-15,人気1-6,13288,1378,79.1,74.7,74.7,0
単勝,道悪,MF複勝5位以内,1-10,人気1-3,4734,1066,79.1,74.7,76.0,0
単勝,道悪,MF複勝5位以内,1-5,人気1-6,3248,877,79.8,74.7,73.5,0
複勝,少頭数-12,MF複勝2位以内,5-15,人気4以下,879,336,82.0,74.7,67.2,0
単勝,芝,MF複勝5位以内,5-30,人気1-3,6464,839,79.7,74.7,72.7,0
複勝,長距離1900+,MF複勝2位以内,5-30,人気4-6,771,268,83.1,74.7,73.3,0
複勝,少頭数-12,MF複勝5位以内,3-10,人気4以下,3391,1311,78.2,74.7,74.9,0
単勝,多頭数16+,MF複勝1位,1-20,人気1-3,4821,1380,78.6,74.7,76.4,0
単勝,短距離-1400,MF複勝5位以内,1-10,人気4以下,4063,443,82.3,74.7,74.6,0
単勝,長距離1900+,MF複勝2位以内,3-10,人気不問,3636,660,80.7,74.7,75.1,0
複勝,少頭数-12,MF複勝5位以内,1-10,人気4-6,3379,1306,78.1,74.7,75.1,0
複勝,ダート,MF複勝5位以内,5-30,人気4以下,14169,3868,76.8,74.7,75.6,0
単勝,荒れR(1人気=MF4位以下),MF複勝3位以内,10-20,人気4以下,826,62,99.2,74.6,73.6,2
単勝,芝,MF複勝1位,1-10,人気1-6,6542,1907,78.0,74.6,72.1,0
複勝,芝,MF複勝3位以内,5-30,人気不問,9561,3261,76.9,74.6,73.4,0
複勝,荒れR(1人気=MF4位以下),MF複勝2位以内,3-10,人気4-6,747,280,82.1,74.6,71.4,0
複勝,少頭数-12,MF複勝3位以内,3-10,人気4-6,1537,618,79.6,74.6,71.6,0
複勝,荒れR(1人気=MF4位以下),MF複勝2位以内,1-20,人気4-6,1023,352,81.5,74.6,72.0,0
複勝,芝,MF複勝2位以内,5-30,人気不問,4514,1617,78.0,74.6,75.4,0
複勝,荒れR(1人気=MF4位以下),MF複勝2位以内,1-10,人気4-6,747,280,82.1,74.6,71.4,0
複勝,多頭数16+,MF複勝5位以内,10-20,人気不問,6083,1469,78.2,74.6,72.8,0
複勝,少頭数-12,MF複勝3位以内,1-10,人気4以下,1540,618,79.4,74.6,71.1,0
単勝,芝,MF複勝5位以内,10-20,人気4-6,5417,344,83.0,74.6,67.3,0
複勝,短距離-1400,MF複勝5位以内,5-30,人気4以下,10611,2857,77.1,74.6,72.8,0
単勝,全体,MF複勝2位以内,5-15,人気1-6,7907,917,79.4,74.6,77.9,0
複勝,全体,MF複勝2位以内,1-20,人気4-6,3767,1251,78.4,74.6,73.3,0
単勝,ダート,MF複勝2位以内,3-10,人気1-3,6898,1294,78.4,74.6,74.3,0
単勝,多頭数16+,MF複勝1位,1-5,人気1-3,4204,1296,78.7,74.6,72.3,0
複勝,荒れR(1人気=MF4位以下),MF複勝2位以内,5-30,人気4-6,1019,349,81.6,74.6,72.1,0
単勝,荒れR(1人気=MF4位以下),MF複勝3位以内,5-15,人気不問,2923,337,83.1,74.6,69.1,0
単勝,ダート,MF複勝2位以内,1-10,人気4以下,1273,151,86.5,74.6,66.4,1
複勝,少頭数-12,MF複勝5位以内,5-30,人気4-6,7188,2309,77.4,74.6,74.8,0
複勝,道悪,MF複勝5位以内,5-30,人気4以下,3541,979,78.9,74.6,76.2,0
単勝,堅いR(1人気=MF1位),MF複勝2位以内,3-10,人気1-3,6639,1242,78.6,74.6,72.1,0
単勝,短距離-1400,MF複勝5位以内,3-10,人気4-6,4048,441,82.1,74.5,74.8,0
複勝,多頭数16+,MF複勝3位以内,5-30,人気不問,8433,2733,77.1,74.5,73.2,0
複勝,短距離-1400,MF複勝5位以内,10-20,人気不問,5231,1284,78.4,74.5,71.3,0
単勝,堅いR(1人気=MF1位),MF複勝2位以内,1-20,人気4-6,1409,139,89.4,74.5,62.4,2
単勝,全体,MF複勝2位以内,5-15,人気不問,8094,930,79.5,74.5,77.7,0
単勝,長距離1900+,MF複勝2位以内,3-10,人気1-3,3100,595,80.0,74.5,74.7,0
単勝,道悪,MF複勝2位以内,1-20,人気4-6,455,54,98.6,74.5,33.6,4
単勝,荒れR(1人気=MF4位以下),MF複勝2位以内,1-20,人気不問,2918,417,82.5,74.5,59.0,0
複勝,荒れR(1人気=MF4位以下),MF複勝2位以内,1-20,人気4以下,1177,385,81.4,74.5,75.2,0
複勝,少頭数-12,MF複勝5位以内,3-10,人気4-6,3379,1306,78.1,74.5,75.1,0
単勝,芝,MF複勝1位,1-10,人気不問,6543,1907,78.0,74.5,72.1,0
複勝,短距離-1400,MF複勝2位以内,5-30,人気不問,3480,1215,78.5,74.5,76.2,0
単勝,道悪,MF複勝3位以内,1-10,人気1-6,4476,984,79.2,74.5,75.4,0
単勝,堅いR(1人気=MF1位),MF複勝2位以内,5-15,人気4-6,1274,130,89.6,74.5,68.0,2
複勝,荒れR(1人気=MF4位以下),MF複勝3位以内,3-10,人気4以下,1300,475,80.1,74.5,73.3,0
複勝,短距離-1400,MF複勝3位以内,1-20,人気4以下,3745,1143,78.7,74.5,71.2,0
単勝,多頭数16+,MF複勝5位以内,1-20,人気4-6,8870,744,80.2,74.5,75.5,0
複勝,多頭数16+,MF複勝5位以内,1-10,人気4以下,4490,1506,77.5,74.4,74.3,0
複勝,堅いR(1人気=MF1位),MF複勝2位以内,5-30,人気1-3,2167,923,79.0,74.4,76.1,0
複勝,荒れR(1人気=MF4位以下),MF複勝3位以内,5-30,人気不問,3319,1105,78.1,74.4,74.0,0
複勝,多頭数16+,MF複勝5位以内,5-30,人気4-6,9352,2664,77.1,74.4,74.4,0
複勝,多頭数16+,MF複勝5位以内,3-10,人気4以下,4490,1506,77.5,74.4,74.3,0
単勝,芝,MF複勝2位以内,5-30,人気1-6,4181,491,81.4,74.4,78.5,0
複勝,全体,MF複勝3位以内,1-20,人気4-6,8905,2845,77.0,74.4,74.8,0
単勝,道悪,MF複勝5位以内,1-20,人気1-3,4798,1069,78.9,74.4,74.9,0
単勝,全体,MF複勝3位以内,5-15,人気1-3,8090,1033,78.4,74.4,70.9,0
単勝,堅いR(1人気=MF1位),MF複勝3位以内,5-15,人気不問,8558,928,79.7,74.4,69.2,0
単勝,多頭数16+,MF複勝2位以内,3-10,人気1-3,6123,1120,78.7,74.4,76.6,0
複勝,少頭数-12,MF複勝3位以内,1-10,人気4-6,1537,618,79.6,74.4,71.6,0
複勝,少頭数-12,MF複勝3位以内,3-10,人気4以下,1540,618,79.4,74.4,71.1,0
複勝,多頭数16+,MF複勝3位以内,10-20,人気1-6,1669,441,81.4,74.4,71.2,0
単勝,全体,MF複勝2位以内,5-30,人気1-6,8211,931,79.4,74.4,77.3,0
複勝,少頭数-12,MF複勝5位以内,5-15,人気4-6,5423,1888,77.6,74.4,75.8,0
複勝,芝,MF複勝5位以内,10-20,人気1-6,5672,1502,78.0,74.4,72.3,0
複勝,短距離-1400,MF複勝3位以内,5-15,人気4-6,2993,965,78.4,74.4,70.6,0
単勝,芝,MF複勝5位以内,3-10,人気4以下,5796,616,79.9,74.3,72.0,0
単勝,短距離-1400,MF複勝1位,3-10,人気不問,2414,463,81.5,74.3,75.3,0
複勝,ダート,MF複勝2位以内,1-20,人気4以下,2056,665,79.5,74.3,72.2,0
複勝,ダート,MF複勝2位以内,10-20,人気4-6,606,173,85.0,74.3,75.4,0
単勝,堅いR(1人気=MF1位),MF複勝5位以内,1-20,人気4以下,12844,1005,79.4,74.3,70.5,0
単勝,全体,MF複勝5位以内,5-15,人気1-3,12588,1582,78.1,74.3,72.2,0
単勝,道悪,MF複勝3位以内,1-5,人気1-6,2808,780,79.2,74.3,72.5,0
複勝,全体,MF複勝3位以内,10-20,人気1-6,3782,1015,78.6,74.3,72.7,0
単勝,少頭数-12,MF複勝1位,3-10,人気1-6,1502,303,82.5,74.3,75.8,0
単勝,少頭数-12,MF複勝5位以内,5-30,人気4-6,7188,574,81.3,74.3,75.1,0
複勝,多頭数16+,MF複勝5位以内,1-10,人気4-6,4479,1500,77.3,74.3,74.2,0
単勝,多頭数16+,MF複勝2位以内,3-10,人気不問,7277,1239,78.4,74.3,75.1,0
複勝,少頭数-12,MF複勝5位以内,10-20,人気4以下,3650,1000,78.8,74.3,73.2,0
単勝,荒れR(1人気=MF4位以下),MF複勝3位以内,1-5,人気不問,1314,270,83.0,74.3,76.8,0
単勝,全体,MF複勝5位以内,5-30,人気1-3,12646,1583,77.8,74.3,71.8,0
複勝,道悪,MF複勝5位以内,5-30,人気4-6,2846,849,79.4,74.3,78.7,0
単勝,道悪,MF複勝3位以内,1-20,人気1-3,3808,910,79.3,74.3,75.5,0
複勝,荒れR(1人気=MF4位以下),MF複勝2位以内,5-15,人気4-6,972,337,80.9,74.2,74.7,0
単勝,全体,MF複勝3位以内,5-15,人気4以下,8421,774,79.7,74.2,74.2,0
複勝,芝,MF複勝3位以内,5-15,人気4以下,4238,1381,77.8,74.2,72.2,0
複勝,道悪,MF複勝5位以内,5-15,人気4-6,2346,738,79.3,74.2,76.8,0
単勝,道悪,MF複勝3位以内,1-10,人気不問,4477,984,79.2,74.2,75.4,0
単勝,芝,MF複勝5位以内,3-10,人気4-6,5776,615,80.0,74.2,72.2,0
複勝,全体,MF複勝3位以内,1-20,人気4以下,9841,3035,76.7,74.2,74.3,0
単勝,堅いR(1人気=MF1位),MF複勝5位以内,5-30,人気不問,22690,1972,77.6,74.2,74.6,0
単勝,全体,MF複勝3位以内,1-20,人気4以下,9841,856,80.0,74.2,76.0,0
単勝,短距離-1400,MF複勝5位以内,5-30,人気1-6,12951,1267,78.5,74.2,74.1,0
複勝,全体,MF複勝3位以内,5-15,人気4以下,8421,2709,76.7,74.2,72.9,0
複勝,少頭数-12,MF複勝5位以内,5-15,人気4以下,5606,1930,77.5,74.2,76.3,0
単勝,芝,MF複勝5位以内,1-10,人気4-6,5776,615,80.0,74.2,72.2,0
単勝,長距離1900+,MF複勝5位以内,1-20,人気4-6,4910,428,81.8,74.2,73.2,0
単勝,ダート,MF複勝5位以内,10-20,人気4以下,6644,406,81.5,74.1,68.9,0
単勝,ダート,MF複勝2位以内,1-20,人気4以下,2056,203,85.3,74.1,65.7,1
単勝,芝,MF複勝3位以内,5-15,人気1-3,4161,552,80.5,74.1,71.1,0
複勝,全体,MF複勝3位以内,1-10,人気4以下,5424,1937,76.8,74.1,74.5,0
複勝,短距離-1400,MF複勝5位以内,10-20,人気4以下,5055,1220,78.0,74.1,70.0,0
複勝,道悪,MF複勝2位以内,5-15,人気不問,994,377,80.8,74.1,72.7,0
複勝,全体,MF複勝3位以内,3-10,人気4以下,5424,1937,76.8,74.1,74.5,0
複勝,芝,MF複勝5位以内,10-20,人気不問,7162,1796,77.4,74.1,72.2,0
複勝,少頭数-12,MF複勝5位以内,10-20,人気4-6,3189,903,79.1,74.1,74.0,0
単勝,芝,MF複勝5位以内,1-10,人気4以下,5796,616,79.9,74.1,72.0,0
単勝,道悪,MF複勝3位以内,1-5,人気1-3,2799,777,79.0,74.1,72.5,0
単勝,少頭数-12,MF複勝5位以内,10-20,人気4-6,3189,202,86.1,74.1,67.7,1
単勝,荒れR(1人気=MF4位以下),MF複勝3位以内,1-5,人気1-6,1314,270,83.0,74.1,76.8,0
単勝,荒れR(1人気=MF4位以下),MF複勝5位以内,5-15,人気4以下,2899,286,83.0,74.1,71.0,0
単勝,荒れR(1人気=MF4位以下),MF複勝5位以内,3-10,人気4-6,1837,217,85.4,74.1,67.1,1
単勝,荒れR(1人気=MF4位以下),MF複勝3位以内,3-10,人気4以下,1300,158,86.6,74.1,70.7,2
複勝,長距離1900+,MF複勝5位以内,5-15,人気4-6,4156,1358,77.9,74.1,75.3,0
複勝,多頭数16+,MF複勝5位以内,3-10,人気4-6,4479,1500,77.3,74.1,74.2,0
単勝,多頭数16+,MF複勝5位以内,5-30,人気1-6,14974,1444,78.3,74.0,74.6,0
単勝,少頭数-12,MF複勝1位,3-10,人気不問,1502,303,82.5,74.0,75.8,0
複勝,全体,MF複勝2位以内,1-20,人気4以下,4162,1326,77.6,74.0,72.8,0
単勝,長距離1900+,MF複勝3位以内,1-20,人気4-6,1892,187,87.3,74.0,80.6,0
単勝,多頭数16+,MF複勝2位以内,3-10,人気1-6,7273,1239,78.4,74.0,75.1,0
単勝,全体,MF複勝2位以内,1-20,人気4-6,3767,365,82.7,74.0,73.6,0
単勝,道悪,MF複勝3位以内,1-5,人気不問,2808,780,79.2,74.0,72.5,0
複勝,芝,MF複勝5位以内,5-30,人気4以下,14769,4096,76.2,74.0,72.1,0
単勝,荒れR(1人気=MF4位以下),MF複勝5位以内,5-15,人気4-6,2640,269,83.7,74.0,67.7,0
複勝,全体,MF複勝3位以内,1-10,人気4-6,5409,1930,76.7,74.0,74.5,0
単勝,長距離1900+,MF複勝5位以内,1-20,人気4以下,5470,458,81.5,74.0,76.0,0
単勝,芝,MF複勝3位以内,5-30,人気1-3,4179,552,80.1,74.0,70.9,0
複勝,荒れR(1人気=MF4位以下),MF複勝3位以内,1-10,人気4以下,1300,475,80.1,74.0,73.3,0
複勝,芝,MF複勝3位以内,3-10,人気4以下,2759,1002,77.9,74.0,74.3,0
複勝,短距離-1400,MF複勝3位以内,5-15,人気4以下,3185,1010,78.4,74.0,71.5,0
単勝,荒れR(1人気=MF4位以下),MF複勝3位以内,5-15,人気4以下,1869,197,86.2,74.0,70.8,1
単勝,多頭数16+,MF複勝5位以内,1-20,人気4以下,10340,817,79.2,73.9,74.8,0
複勝,ダート,MF複勝2位以内,5-30,人気4-6,1888,623,79.4,73.9,73.1,0
複勝,短距離-1400,MF複勝3位以内,3-10,人気4以下,1987,707,78.4,73.9,71.4,0
複勝,全体,MF複勝2位以内,5-15,人気4以下,3695,1215,77.5,73.9,74.6,0
複勝,芝,MF複勝3位以内,1-10,人気4-6,2751,999,77.8,73.9,74.4,0
複勝,全体,MF複勝3位以内,5-30,人気4-6,9120,2852,76.4,73.9,74.1,0
単勝,ダート,MF複勝5位以内,1-10,人気4以下,5503,588,79.9,73.9,75.0,0
単勝,芝,MF複勝5位以内,10-20,人気4以下,6907,420,81.4,73.9,71.2,0
複勝,芝,MF複勝3位以内,1-10,人気4以下,2759,1002,77.9,73.9,74.3,0
単勝,短距離-1400,MF複勝5位以内,1-20,人気4以下,9118,737,79.4,73.9,74.1,0
単勝,ダート,MF複勝2位以内,3-10,人気4以下,1273,151,86.5,73.9,66.4,1
単勝,長距離1900+,MF複勝1位,3-10,人気不問,1335,271,82.5,73.9,79.3,0
複勝,全体,MF複勝2位以内,5-30,人気4-6,3803,1239,77.9,73.9,73.8,0
単勝,荒れR(1人気=MF4位以下),MF複勝3位以内,10-20,人気不問,841,62,97.5,73.9,72.8,2
単勝,堅いR(1人気=MF1位),MF複勝3位以内,5-15,人気1-6,8417,916,79.2,73.9,68.7,0
単勝,ダート,MF複勝5位以内,3-10,人気4-6,5484,585,79.7,73.9,75.2,0
複勝,多頭数16+,MF複勝5位以内,10-20,人気4以下,5850,1381,77.6,73.9,72.6,0
単勝,道悪,MF複勝3位以内,1-20,人気1-6,4924,1011,79.0,73.8,73.5,0
複勝,少頭数-12,MF複勝5位以内,5-30,人気4以下,8161,2477,76.5,73.8,72.2,0
複勝,少頭数-12,MF複勝3位以内,1-20,人気4-6,2437,871,78.2,73.8,69.5,0
複勝,長距離1900+,MF複勝3位以内,3-10,人気4以下,1167,438,79.9,73.8,73.9,0
単勝,短距離-1400,MF複勝5位以内,5-30,人気4-6,8270,682,79.7,73.8,76.0,0
単勝,ダート,MF複勝2位以内,3-10,人気4-6,1268,150,86.2,73.8,66.4,1
単勝,荒れR(1人気=MF4位以下),MF複勝2位以内,1-20,人気4以下,1177,123,89.5,73.8,69.3,2
複勝,長距離1900+,MF複勝3位以内,1-10,人気4以下,1167,438,79.9,73.8,73.9,0
複勝,全体,MF複勝3位以内,3-10,人気4-6,5409,1930,76.7,73.8,74.5,0
複勝,多頭数16+,MF複勝5位以内,5-30,人気4以下,12131,3136,76.3,73.8,72.9,0
単勝,長距離1900+,MF複勝5位以内,5-30,人気不問,9106,829,79.5,73.8,73.7,0
単勝,荒れR(1人気=MF4位以下),MF複勝2位以内,1-20,人気1-6,2764,407,81.7,73.8,59.4,0
複勝,荒れR(1人気=MF4位以下),MF複勝1位,1-20,人気4以下,458,156,84.7,73.7,70.2,2
単勝,道悪,MF複勝3位以内,1-10,人気1-3,3780,908,79.1,73.7,76.1,0
単勝,堅いR(1人気=MF1位),MF複勝3位以内,5-15,人気1-3,4629,584,79.7,73.7,72.2,0
単勝,荒れR(1人気=MF4位以下),MF複勝5位以内,5-15,人気1-6,3992,447,81.4,73.7,67.9,0
複勝,長距離1900+,MF複勝2位以内,5-30,人気4以下,889,291,82.0,73.7,72.2,0
単勝,道悪,MF複勝3位以内,1-20,人気不問,5039,1017,78.8,73.7,75.1,0
複勝,少頭数-12,MF複勝2位以内,5-30,人気4-6,949,351,80.7,73.7,68.1,0
単勝,ダート,MF複勝5位以内,1-10,人気4-6,5484,585,79.7,73.7,75.2,0
複勝,堅いR(1人気=MF1位),MF複勝3位以内,5-15,人気4以下,3929,1275,77.3,73.7,69.9,0
単勝,道悪,MF複勝5位以内,10-20,人気4以下,1618,112,90.2,73.7,84.3,0
複勝,短距離-1400,MF複勝3位以内,10-20,人気4-6,1330,354,82.0,73.7,72.3,0
複勝,全体,MF複勝3位以内,5-15,人気4-6,8014,2609,76.4,73.7,73.0,0
複勝,ダート,MF複勝5位以内,3-10,人気4-6,5484,1910,76.3,73.7,72.7,0
複勝,多頭数16+,MF複勝2位以内,1-20,人気4-6,1727,549,79.5,73.7,75.8,0
単勝,全体,MF複勝3位以内,5-30,人気4以下,10743,865,78.8,73.7,73.8,0
単勝,道悪,MF複勝2位以内,5-30,人気1-6,999,127,89.0,73.7,58.2,2
複勝,長距離1900+,MF複勝5位以内,3-10,人気4以下,2530,913,77.8,73.7,75.2,0
複勝,堅いR(1人気=MF1位),MF複勝2位以内,3-10,人気4-6,823,315,80.9,73.7,76.1,0
複勝,ダート,MF複勝5位以内,1-10,人気4以下,5503,1919,76.5,73.7,72.7,0
単勝,長距離1900+,MF複勝1位,3-10,人気1-3,1175,252,83.0,73.7,75.6,0
複勝,堅いR(1人気=MF1位),MF複勝3位以内,1-20,人気4-6,4332,1371,77.2,73.6,72.8,0
単勝,芝,MF複勝2位以内,5-15,人気不問,4131,489,80.6,73.6,75.6,0
単勝,芝,MF複勝2位以内,5-15,人気1-6,4029,482,80.5,73.6,77.3,0
単勝,全体,MF複勝3位以内,5-15,人気4-6,8014,742,78.9,73.6,73.5,0
単勝,芝,MF複勝5位以内,10-20,人気1-6,5672,358,82.0,73.6,66.2,0
単勝,多頭数16+,MF複勝5位以内,5-30,人気不問,17753,1556,77.6,73.6,73.0,0
単勝,長距離1900+,MF複勝1位,3-10,人気1-6,1335,271,82.5,73.6,79.3,0
単勝,長距離1900+,MF複勝5位以内,5-30,人気4-6,5263,435,81.5,73.6,76.5,0
単勝,多頭数16+,MF複勝5位以内,5-30,人気4-6,9352,753,79.4,73.6,74.4,0
複勝,芝,MF複勝3位以内,5-15,人気4-6,4022,1327,77.4,73.6,72.1,0
単勝,堅いR(1人気=MF1位),MF複勝5位以内,5-30,人気4-6,12578,963,79.0,73.6,71.5,0
単勝,少頭数-12,MF複勝5位以内,10-20,人気1-6,3370,213,85.1,73.6,65.4,1
複勝,荒れR(1人気=MF4位以下),MF複勝3位以内,1-10,人気4-6,1290,469,79.4,73.6,72.7,0
複勝,短距離-1400,MF複勝2位以内,1-20,人気4-6,1488,491,79.9,73.6,72.2,0
単勝,荒れR(1人気=MF4位以下),MF複勝5位以内,5-15,人気不問,4251,464,81.1,73.6,68.6,0
複勝,荒れR(1人気=MF4位以下),MF複勝5位以内,5-15,人気4以下,2899,910,77.9,73.6,73.7,0
複勝,ダート,MF複勝5位以内,3-10,人気4以下,5503,1919,76.5,73.6,72.7,0
複勝,芝,MF複勝3位以内,3-10,人気4-6,2751,999,77.8,73.6,74.4,0
複勝,全体,MF複勝2位以内,5-15,人気4-6,3508,1172,77.5,73.6,73.1,0
複勝,長距離1900+,MF複勝5位以内,1-10,人気4以下,2530,913,77.8,73.6,75.2,0
単勝,堅いR(1人気=MF1位),MF複勝2位以内,5-15,人気1-6,3432,401,81.7,73.6,72.3,0
単勝,荒れR(1人気=MF4位以下),MF複勝3位以内,1-10,人気1-3,2338,405,80.6,73.5,59.1,0
複勝,長距離1900+,MF複勝3位以内,1-10,人気4-6,1164,436,79.6,73.5,73.1,0
複勝,短距離-1400,MF複勝3位以内,1-10,人気4-6,1982,705,78.3,73.5,71.6,0
単勝,芝,MF複勝3位以内,5-15,人気4以下,4238,393,81.3,73.5,72.2,0
複勝,ダート,MF複勝3位以内,1-20,人気4以下,4900,1501,76.8,73.5,71.8,0
複勝,長距離1900+,MF複勝3位以内,5-15,人気4以下,1758,595,78.8,73.5,73.5,0
単勝,全体,MF複勝3位以内,5-30,人気1-3,8124,1034,78.3,73.5,70.6,0
複勝,長距離1900+,MF複勝3位以内,5-30,人気4-6,1940,636,78.7,73.5,75.3,0
複勝,道悪,MF複勝2位以内,5-15,人気1-6,971,370,80.3,73.5,71.3,0
複勝,長距離1900+,MF複勝2位以内,5-15,人気4以下,734,259,82.0,73.5,68.0,0
複勝,道悪,MF複勝2位以内,5-30,人気1-6,999,378,80.8,73.5,70.9,0
複勝,短距離-1400,MF複勝2位以内,5-30,人気4-6,1493,484,79.4,73.5,71.1,0
単勝,荒れR(1人気=MF4位以下),MF複勝3位以内,3-10,人気4-6,1290,156,85.9,73.5,70.9,1
複勝,荒れR(1人気=MF4位以下),MF複勝3位以内,3-10,人気4-6,1290,469,79.4,73.5,72.7,0
複勝,多頭数16+,MF複勝2位以内,10-20,人気4-6,577,157,85.6,73.5,66.6,1
複勝,多頭数16+,MF複勝3位以内,10-20,人気4-6,1555,396,80.3,73.5,70.0,0
複勝,堅いR(1人気=MF1位),MF複勝3位以内,1-10,人気4-6,2301,839,77.7,73.5,71.3,0
複勝,ダート,MF複勝3位以内,1-20,人気4-6,4450,1408,77.0,73.5,72.5,0
単勝,荒れR(1人気=MF4位以下),MF複勝3位以内,1-10,人気4以下,1300,158,86.6,73.5,70.7,2
単勝,道悪,MF複勝5位以内,3-10,人気不問,5015,760,78.9,73.5,75.6,0
単勝,全体,MF複勝3位以内,5-30,人気4-6,9120,792,79.2,73.5,74.7,0
単勝,芝,MF複勝1位,3-10,人気1-3,2807,554,79.1,73.4,67.5,0
単勝,堅いR(1人気=MF1位),MF複勝5位以内,5-15,人気1-3,7393,906,78.1,73.4,74.3,0
単勝,荒れR(1人気=MF4位以下),MF複勝3位以内,1-5,人気1-3,1297,265,82.2,73.4,75.8,0
複勝,全体,MF複勝2位以内,3-10,人気4以下,2579,931,77.5,73.4,76.2,0
単勝,堅いR(1人気=MF1位),MF複勝2位以内,5-30,人気1-6,3617,408,80.9,73.4,69.2,0
複勝,短距離-1400,MF複勝3位以内,1-10,人気4以下,1987,707,78.4,73.4,71.4,0
単勝,ダート,MF複勝2位以内,5-30,人気4-6,1888,190,85.2,73.4,68.1,0
複勝,長距離1900+,MF複勝5位以内,1-10,人気4-6,2521,909,77.7,73.4,74.5,0
単勝,長距離1900+,MF複勝5位以内,5-15,人気4以下,4354,401,81.9,73.4,72.1,0
複勝,堅いR(1人気=MF1位),MF複勝3位以内,3-10,人気4-6,2301,839,77.7,73.4,71.3,0
複勝,全体,MF複勝2位以内,1-10,人気4以下,2579,931,77.5,73.4,76.2,0
複勝,ダート,MF複勝1位,5-15,人気不問,1040,393,79.7,73.4,76.2,0
単勝,ダート,MF複勝5位以内,10-20,人気不問,6949,427,81.5,73.4,68.5,0
複勝,長距離1900+,MF複勝3位以内,5-15,人気4-6,1694,581,79.1,73.4,75.7,0
単勝,道悪,MF複勝5位以内,10-20,人気不問,1682,115,89.2,73.4,81.6,0
複勝,長距離1900+,MF複勝5位以内,3-10,人気4-6,2521,909,77.7,73.4,74.5,0
単勝,道悪,MF複勝2位以内,3-10,人気1-6,2080,369,81.4,73.4,68.9,0
複勝,長距離1900+,MF複勝3位以内,3-10,人気4-6,1164,436,79.6,73.4,73.1,0
単勝,少頭数-12,MF複勝3位以内,10-20,人気4以下,1029,72,93.8,73.4,73.6,1
複勝,全体,MF複勝2位以内,10-20,人気1-6,1279,357,80.9,73.4,66.2,0
複勝,芝,MF複勝3位以内,1-20,人気4-6,4455,1437,77.0,73.4,71.1,0
複勝,全体,MF複勝3位以内,5-30,人気4以下,10743,3137,75.8,73.4,72.1,0
複勝,短距離-1400,MF複勝3位以内,3-10,人気4-6,1982,705,78.3,73.4,71.6,0
単勝,全体,MF複勝2位以内,10-20,人気1-6,1279,92,92.2,73.4,61.4,2
単勝,芝,MF複勝5位以内,5-30,人気4以下,14769,1077,78.1,73.3,72.7,0
複勝,ダート,MF複勝1位,5-15,人気1-6,1012,387,80.0,73.3,76.6,0
複勝,短距離-1400,MF複勝3位以内,10-20,人気不問,1840,466,80.0,73.3,69.3,0
単勝,ダート,MF複勝5位以内,3-10,人気4以下,5503,588,79.9,73.3,75.0,0
単勝,多頭数16+,MF複勝1位,1-20,人気1-6,5319,1417,77.4,73.3,73.8,0
複勝,堅いR(1人気=MF1位),MF複勝2位以内,1-10,人気4-6,823,315,80.9,73.3,76.1,0
複勝,多頭数16+,MF複勝2位以内,5-30,人気4-6,1739,547,79.2,73.3,75.2,0
複勝,堅いR(1人気=MF1位),MF複勝3位以内,3-10,人気4以下,2304,839,77.6,73.3,71.0,0
単勝,少頭数-12,MF複勝5位以内,10-20,人気4以下,3650,223,83.7,73.3,64.3,1
単勝,長距離1900+,MF複勝3位以内,1-20,人気4以下,2050,194,85.4,73.3,77.7,1
単勝,堅いR(1人気=MF1位),MF複勝2位以内,1-20,人気4以下,1521,144,87.0,73.3,62.8,2
複勝,芝,MF複勝3位以内,5-30,人気4-6,4560,1439,76.7,73.3,70.6,0
単勝,道悪,MF複勝2位以内,3-10,人気不問,2081,369,81.4,73.3,68.9,0
複勝,ダート,MF複勝3位以内,10-20,人気1-6,1948,527,79.1,73.3,74.6,0
複勝,長距離1900+,MF複勝2位以内,5-15,人気4-6,705,250,81.6,73.3,68.7,0
複勝,ダート,MF複勝2位以内,5-15,人気4-6,1742,589,78.6,73.3,72.7,0
複勝,堅いR(1人気=MF1位),MF複勝2位以内,3-10,人気4以下,825,315,80.7,73.3,75.7,0
複勝,長距離1900+,MF複勝5位以内,1-20,人気4以下,5470,1651,76.7,73.3,74.6,0
単勝,荒れR(1人気=MF4位以下),MF複勝2位以内,1-10,人気不問,2488,388,81.0,73.3,59.1,0
複勝,ダート,MF複勝5位以内,1-10,人気4-6,5484,1910,76.3,73.3,72.7,0
単勝,長距離1900+,MF複勝3位以内,5-30,人気4-6,1940,184,85.4,73.2,76.5,0
複勝,芝,MF複勝3位以内,1-20,人気4以下,4941,1534,76.6,73.2,69.8,0
複勝,荒れR(1人気=MF4位以下),MF複勝1位,5-30,人気不問,785,278,81.2,73.2,74.6,0
複勝,堅いR(1人気=MF1位),MF複勝3位以内,1-20,人気4以下,4711,1447,76.8,73.2,72.1,0
複勝,堅いR(1人気=MF1位),MF複勝2位以内,1-10,人気4以下,825,315,80.7,73.2,75.7,0
複勝,芝,MF複勝5位以内,10-20,人気4-6,5417,1412,76.9,73.2,70.7,0
単勝,堅いR(1人気=MF1位),MF複勝3位以内,5-30,人気1-3,4659,585,79.6,73.2,71.9,0
複勝,長距離1900+,MF複勝2位以内,1-20,人気4-6,762,267,81.5,73.2,66.6,0
単勝,長距離1900+,MF複勝3位以内,5-30,人気1-6,3697,406,81.1,73.2,74.7,0
複勝,短距離-1400,MF複勝3位以内,5-30,人気4以下,4103,1179,77.2,73.2,67.7,0
複勝,堅いR(1人気=MF1位),MF複勝2位以内,5-15,人気4以下,1318,449,79.7,73.2,74.8,0
単勝,荒れR(1人気=MF4位以下),MF複勝3位以内,1-20,人気1-3,2353,405,80.1,73.2,58.5,0
単勝,長距離1900+,MF複勝5位以内,5-15,人気4-6,4156,386,81.3,73.2,72.8,0
単勝,道悪,MF複勝5位以内,3-10,人気1-6,5010,759,78.8,73.2,75.7,0
複勝,堅いR(1人気=MF1位),MF複勝2位以内,1-20,人気4-6,1409,472,79.9,73.2,72.4,0
複勝,堅いR(1人気=MF1位),MF複勝3位以内,1-10,人気4以下,2304,839,77.6,73.2,71.0,0
複勝,荒れR(1人気=MF4位以下),MF複勝5位以内,5-30,人気不問,5182,1597,76.4,73.2,72.7,0
複勝,全体,MF複勝3位以内,10-20,人気不問,4703,1198,77.4,73.2,72.0,0
単勝,全体,MF複勝2位以内,10-20,人気4-6,1198,86,92.0,73.2,65.9,1
単勝,長距離1900+,MF複勝3位以内,3-10,人気1-3,4772,856,78.2,73.2,73.4,0
単勝,全体,MF複勝2位以内,1-20,人気4以下,4162,384,81.2,73.2,73.0,0
複勝,芝,MF複勝5位以内,10-20,人気4以下,6907,1706,76.5,73.1,71.8,0
単勝,全体,MF複勝3位以内,10-20,人気1-6,3782,246,83.3,73.1,68.5,1
複勝,堅いR(1人気=MF1位),MF複勝3位以内,5-15,人気4-6,3788,1237,76.8,73.1,69.8,0
単勝,少頭数-12,MF複勝2位以内,5-15,人気不問,1849,226,83.6,73.1,72.4,1
複勝,長距離1900+,MF複勝5位以内,1-20,人気4-6,4910,1532,76.5,73.1,73.3,0
複勝,少頭数-12,MF複勝1位,5-30,人気不問,457,188,83.2,73.1,70.8,1
複勝,荒れR(1人気=MF4位以下),MF複勝2位以内,5-30,人気4以下,1233,388,80.1,73.1,74.3,0
複勝,ダート,MF複勝2位以内,1-10,人気4以下,1273,460,78.6,73.1,73.5,0
単勝,堅いR(1人気=MF1位),MF複勝3位以内,5-30,人気不問,9894,973,77.8,73.1,69.0,0
複勝,ダート,MF複勝2位以内,5-15,人気4以下,1827,611,79.1,73.1,72.4,0
複勝,全体,MF複勝2位以内,3-10,人気4-6,2569,925,77.2,73.0,75.8,0
複勝,多頭数16+,MF複勝3位以内,1-20,人気4-6,3799,1136,76.8,73.0,71.0,0
複勝,少頭数-12,MF複勝3位以内,1-20,人気4以下,2569,895,77.4,73.0,68.7,0
単勝,短距離-1400,MF複勝5位以内,5-30,人気不問,15292,1360,77.2,73.0,73.7,0
単勝,ダート,MF複勝2位以内,1-10,人気4-6,1268,150,86.2,73.0,66.4,1
複勝,全体,MF複勝3位以内,10-20,人気4-6,3496,915,77.5,73.0,71.5,0
複勝,長距離1900+,MF複勝5位以内,5-30,人気4-6,5263,1594,76.3,73.0,73.5,0
複勝,少頭数-12,MF複勝2位以内,1-20,人気4以下,991,366,79.8,73.0,64.8,0
複勝,荒れR(1人気=MF4位以下),MF複勝2位以内,5-15,人気4以下,1046,353,80.2,73.0,73.4,0
複勝,少頭数-12,MF複勝2位以内,1-10,人気4-6,668,274,80.2,73.0,60.7,0
複勝,少頭数-12,MF複勝2位以内,3-10,人気4-6,668,274,80.2,73.0,60.7,0
単勝,堅いR(1人気=MF1位),MF複勝5位以内,5-30,人気1-3,7439,907,77.8,73.0,73.9,0
複勝,道悪,MF複勝2位以内,5-30,人気不問,1066,389,79.8,73.0,69.2,0
複勝,荒れR(1人気=MF4位以下),MF複勝5位以内,5-15,人気4-6,2640,847,77.5,73.0,72.8,0
複勝,全体,MF複勝2位以内,10-20,人気4-6,1198,326,81.0,72.9,67.3,0
複勝,荒れR(1人気=MF4位以下),MF複勝5位以内,1-10,人気4以下,1851,650,78.0,72.9,70.4,0
複勝,少頭数-12,MF複勝3位以内,5-15,人気4-6,2134,779,77.6,72.9,69.1,0
複勝,全体,MF複勝2位以内,1-10,人気4-6,2569,925,77.2,72.9,75.8,0
単勝,多頭数16+,MF複勝1位,1-20,人気不問,5375,1419,77.1,72.9,73.1,0
単勝,全体,MF複勝2位以内,5-30,人気不問,8836,953,77.6,72.9,73.6,0
単勝,荒れR(1人気=MF4位以下),MF複勝2位以内,3-10,人気1-6,2447,375,80.7,72.9,58.9,0
単勝,荒れR(1人気=MF4位以下),MF複勝2位以内,1-10,人気1-6,2482,387,80.8,72.9,59.3,0
単勝,荒れR(1人気=MF4位以下),MF複勝5位以内,1-5,人気不問,2469,542,78.9,72.9,71.0,0
複勝,全体,MF複勝1位,5-15,人気1-6,2130,782,77.2,72.9,73.1,0
単勝,荒れR(1人気=MF4位以下),MF複勝5位以内,1-10,人気1-3,3784,714,78.2,72.9,64.0,0
単勝,全体,MF複勝3位以内,10-20,人気4以下,4417,276,82.2,72.9,71.8,0
単勝,多頭数16+,MF複勝2位以内,5-30,人気1-6,3867,441,80.1,72.9,71.1,0
複勝,荒れR(1人気=MF4位以下),MF複勝3位以内,5-15,人気4以下,1869,608,78.1,72.9,70.0,0
単勝,荒れR(1人気=MF4位以下),MF複勝3位以内,5-15,人気1-6,2782,323,81.6,72.9,65.8,0
単勝,長距離1900+,MF複勝2位以内,5-15,人気不問,1658,204,83.4,72.9,70.7,1
複勝,荒れR(1人気=MF4位以下),MF複勝5位以内,1-20,人気4-6,2857,898,77.3,72.8,71.9,0
単勝,少頭数-12,MF複勝5位以内,5-30,人気4以下,8161,610,79.4,72.8,73.6,0
複勝,多頭数16+,MF複勝2位以内,1-20,人気4以下,1947,589,78.3,72.8,73.4,0
単勝,多頭数16+,MF複勝3位以内,5-15,人気不問,7347,785,77.9,72.8,72.2,0
複勝,ダート,MF複勝1位,5-30,人気1-6,1033,391,79.6,72.8,75.1,0
単勝,荒れR(1人気=MF4位以下),MF複勝2位以内,3-10,人気不問,2453,376,80.8,72.8,58.6,0
複勝,少頭数-12,MF複勝2位以内,1-10,人気4以下,668,274,80.2,72.8,60.7,0
複勝,堅いR(1人気=MF1位),MF複勝3位以内,5-30,人気4-6,4501,1391,76.4,72.8,71.9,0
複勝,荒れR(1人気=MF4位以下),MF複勝3位以内,1-20,人気4以下,2126,662,77.8,72.8,68.9,0
複勝,少頭数-12,MF複勝2位以内,3-10,人気4以下,668,274,80.2,72.8,60.7,0
複勝,荒れR(1人気=MF4位以下),MF複勝5位以内,3-10,人気4-6,1837,643,77.5,72.8,70.3,0
複勝,短距離-1400,MF複勝2位以内,1-20,人気4以下,1665,521,78.5,72.8,71.3,0
単勝,全体,MF複勝3位以内,10-20,人気4-6,3496,227,83.7,72.8,70.4,1
単勝,少頭数-12,MF複勝3位以内,10-20,人気1-6,995,70,92.5,72.8,61.3,2
複勝,全体,MF複勝2位以内,5-30,人気4以下,4428,1343,76.5,72.7,72.0,0
単勝,長距離1900+,MF複勝3位以内,5-15,人気不問,3511,397,80.2,72.7,72.1,0
単勝,芝,MF複勝3位以内,5-30,人気4以下,5382,439,80.2,72.7,68.9,0
単勝,道悪,MF複勝1位,3-10,人気不問,782,154,84.3,72.7,64.0,0
単勝,全体,MF複勝2位以内,5-15,人気4以下,3695,355,81.2,72.7,72.1,0
複勝,長距離1900+,MF複勝3位以内,5-30,人気4以下,2237,688,77.8,72.7,72.8,0
複勝,長距離1900+,MF複勝3位以内,1-20,人気4-6,1892,629,78.1,72.7,73.9,0
単勝,多頭数16+,MF複勝1位,1-10,人気1-6,5192,1405,76.4,72.7,73.2,0
複勝,荒れR(1人気=MF4位以下),MF複勝5位以内,3-10,人気4以下,1851,650,78.0,72.6,70.4,0
複勝,ダート,MF複勝2位以内,3-10,人気4以下,1273,460,78.6,72.6,73.5,0
単勝,全体,MF複勝2位以内,5-15,人気1-3,4399,575,78.1,72.6,68.2,0
複勝,堅いR(1人気=MF1位),MF複勝3位以内,10-20,人気1-3,228,79,91.0,72.6,69.3,1
単勝,荒れR(1人気=MF4位以下),MF複勝5位以内,3-10,人気1-3,3357,580,78.4,72.6,62.7,0
単勝,道悪,MF複勝1位,3-10,人気1-6,781,154,84.5,72.6,64.0,0
複勝,荒れR(1人気=MF4位以下),MF複勝5位以内,1-10,人気4-6,1837,643,77.5,72.6,70.3,0
複勝,短距離-1400,MF複勝2位以内,5-15,人気4-6,1387,457,78.8,72.6,70.5,0
複勝,少頭数-12,MF複勝3位以内,5-15,人気4以下,2196,793,77.4,72.6,68.9,0
複勝,ダート,MF複勝2位以内,10-20,人気1-6,657,191,83.5,72.6,71.5,0
単勝,荒れR(1人気=MF4位以下),MF複勝5位以内,1-5,人気1-6,2469,542,78.9,72.6,71.0,0
複勝,ダート,MF複勝3位以内,5-30,人気4-6,4560,1413,76.2,72.6,70.9,0
複勝,ダート,MF複勝3位以内,5-30,人気4以下,5361,1557,76.0,72.6,70.6,0
複勝,全体,MF複勝1位,5-30,人気1-6,2170,790,77.0,72.6,72.4,0
複勝,長距離1900+,MF複勝2位以内,1-20,人気4以下,834,283,81.1,72.6,68.0,0
単勝,多頭数16+,MF複勝5位以内,1-10,人気4以下,4490,467,79.1,72.6,73.0,0
複勝,荒れR(1人気=MF4位以下),MF複勝3位以内,5-30,人気4-6,1842,596,77.8,72.5,69.2,0
単勝,荒れR(1人気=MF4位以下),MF複勝5位以内,1-20,人気1-3,3804,714,77.8,72.5,63.5,0
複勝,ダート,MF複勝3位以内,10-20,人気4-6,1792,477,79.3,72.5,74.0,0
複勝,荒れR(1人気=MF4位以下),MF複勝1位,5-30,人気1-6,718,262,80.4,72.5,72.4,0
複勝,堅いR(1人気=MF1位),MF複勝2位以内,5-30,人気4-6,1450,474,79.0,72.5,73.4,0
単勝,少頭数-12,MF複勝3位以内,10-20,人気4-6,900,64,94.8,72.5,68.8,1
複勝,多頭数16+,MF複勝3位以内,5-15,人気4以下,3684,1111,76.5,72.5,70.3,0
複勝,短距離-1400,MF複勝2位以内,3-10,人気4以下,996,358,79.2,72.5,68.1,0
複勝,堅いR(1人気=MF1位),MF複勝3位以内,5-30,人気4以下,5235,1522,76.4,72.5,70.7,0
単勝,ダート,MF複勝3位以内,5-15,人気不問,8112,862,77.2,72.5,73.4,0
単勝,堅いR(1人気=MF1位),MF複勝5位以内,5-30,人気4以下,15251,1065,77.5,72.5,71.8,0
単勝,少頭数-12,MF複勝2位以内,5-15,人気1-6,1820,224,83.6,72.5,73.6,1
単勝,多頭数16+,MF複勝5位以内,5-30,人気4以下,12131,865,78.1,72.5,74.2,0
単勝,多頭数16+,MF複勝1位,1-10,人気不問,5193,1405,76.4,72.5,73.2,0
単勝,全体,MF複勝2位以内,5-15,人気4-6,3508,342,81.0,72.5,71.2,0
複勝,長距離1900+,MF複勝3位以内,1-20,人気4以下,2050,661,77.7,72.5,73.0,0
単勝,全体,MF複勝2位以内,5-30,人気4-6,3803,355,80.6,72.5,70.9,0
複勝,道悪,MF複勝3位以内,5-30,人気不問,2338,787,77.1,72.5,72.1,0
単勝,荒れR(1人気=MF4位以下),MF複勝3位以内,3-10,人気1-3,2297,391,80.4,72.5,58.3,0
複勝,多頭数16+,MF複勝3位以内,1-20,人気4以下,4308,1234,76.1,72.4,70.6,0
単勝,堅いR(1人気=MF1位),MF複勝2位以内,3-10,人気4-6,823,98,88.6,72.4,68.0,2
単勝,長距離1900+,MF複勝3位以内,5-15,人気1-6,3447,393,80.4,72.4,73.2,0
単勝,多頭数16+,MF複勝5位以内,3-10,人気4-6,4479,466,79.1,72.4,73.2,0
単勝,荒れR(1人気=MF4位以下),MF複勝3位以内,5-15,人気4-6,1728,183,84.1,72.4,64.7,1
複勝,芝,MF複勝3位以内,5-30,人気4以下,5382,1580,75.7,72.4,69.0,0
単勝,堅いR(1人気=MF1位),MF複勝2位以内,1-10,人気4以下,825,98,88.3,72.4,68.0,1
単勝,長距離1900+,MF複勝3位以内,5-30,人気不問,3994,417,80.1,72.4,69.2,0
単勝,全体,MF複勝3位以内,1-10,人気4以下,5424,580,78.3,72.4,73.7,0
複勝,短距離-1400,MF複勝3位以内,10-20,人気4以下,1758,436,79.0,72.4,68.4,0
複勝,多頭数16+,MF複勝3位以内,10-20,人気不問,2173,535,78.6,72.4,70.2,0
複勝,荒れR(1人気=MF4位以下),MF複勝5位以内,5-30,人気4-6,2889,896,76.8,72.4,71.0,0
単勝,長距離1900+,MF複勝5位以内,1-10,人気4-6,2521,277,81.0,72.4,73.2,0
複勝,堅いR(1人気=MF1位),MF複勝2位以内,5-15,人気4-6,1274,436,78.9,72.3,74.7,0
単勝,芝,MF複勝5位以内,10-20,人気不問,7162,434,80.6,72.3,70.1,0
複勝,ダート,MF複勝2位以内,3-10,人気4-6,1268,457,78.3,72.3,73.0,0
単勝,堅いR(1人気=MF1位),MF複勝2位以内,3-10,人気4以下,825,98,88.3,72.3,68.0,1
単勝,少頭数-12,MF複勝3位以内,1-20,人気4以下,2569,237,82.7,72.3,67.0,0
単勝,荒れR(1人気=MF4位以下),MF複勝5位以内,10-20,人気不問,1617,106,87.5,72.3,61.4,1
複勝,長距離1900+,MF複勝5位以内,5-30,人気4以下,6376,1786,75.5,72.3,73.1,0
単勝,荒れR(1人気=MF4位以下),MF複勝3位以内,1-10,人気4-6,1290,156,85.9,72.3,70.9,1
複勝,堅いR(1人気=MF1位),MF複勝3位以内,10-20,人気1-6,2259,611,78.1,72.3,72.3,0
単勝,少頭数-12,MF複勝5位以内,5-15,人気4-6,5423,491,79.0,72.2,69.2,0
複勝,短距離-1400,MF複勝2位以内,1-10,人気4-6,993,357,79.1,72.2,68.1,0
単勝,全体,MF複勝2位以内,5-30,人気1-3,4408,576,78.3,72.2,67.9,0
単勝,多頭数16+,MF複勝2位以内,5-15,人気1-6,3755,434,79.3,72.2,71.1,0
単勝,少頭数-12,MF複勝3位以内,1-20,人気4-6,2437,229,82.6,72.2,65.0,0
複勝,荒れR(1人気=MF4位以下),MF複勝3位以内,5-15,人気4-6,1728,571,77.4,72.2,68.2,0
単勝,全体,MF複勝3位以内,3-10,人気4-6,5409,578,78.1,72.2,73.2,0
単勝,荒れR(1人気=MF4位以下),MF複勝2位以内,5-30,人気1-6,1752,207,83.1,72.2,54.7,0
単勝,短距離-1400,MF複勝5位以内,5-30,人気4以下,10611,775,77.5,72.2,73.6,0
単勝,短距離-1400,MF複勝3位以内,5-15,人気不問,6155,669,77.8,72.2,69.2,0
複勝,荒れR(1人気=MF4位以下),MF複勝1位,5-15,人気1-6,705,258,79.9,72.2,72.2,0
複勝,ダート,MF複勝3位以内,10-20,人気不問,2391,616,78.0,72.2,72.9,0
複勝,荒れR(1人気=MF4位以下),MF複勝3位以内,1-20,人気4-6,1843,601,77.8,72.2,68.9,0
単勝,荒れR(1人気=MF4位以下),MF複勝5位以内,1-5,人気1-3,2450,536,78.4,72.2,70.4,0
単勝,多頭数16+,MF複勝5位以内,10-20,人気1-6,4624,296,81.7,72.2,73.0,0
複勝,道悪,MF複勝3位以内,5-30,人気1-6,2143,748,76.8,72.2,74.1,0
複勝,長距離1900+,MF複勝5位以内,10-20,人気不問,3050,775,77.1,72.2,74.0,0
複勝,多頭数16+,MF複勝2位以内,5-15,人気4-6,1629,521,77.6,72.2,71.1,0
単勝,長距離1900+,MF複勝5位以内,3-10,人気4以下,2530,278,81.1,72.2,73.2,0
単勝,堅いR(1人気=MF1位),MF複勝3位以内,5-30,人気1-6,9160,939,77.1,72.1,68.1,0
複勝,少頭数-12,MF複勝3位以内,5-30,人気4-6,2509,861,76.6,72.1,70.7,0
単勝,荒れR(1人気=MF4位以下),MF複勝2位以内,1-20,人気4-6,1023,113,88.3,72.1,71.7,1
複勝,ダート,MF複勝3位以内,5-15,人気4以下,4183,1328,75.6,72.1,71.3,0
単勝,少頭数-12,MF複勝5位以内,10-20,人気不問,3831,234,83.0,72.1,62.3,1
単勝,芝,MF複勝3位以内,5-15,人気4-6,4022,376,80.5,72.1,71.8,0
複勝,短距離-1400,MF複勝2位以内,3-10,人気4-6,993,357,79.1,72.1,68.1,0
単勝,多頭数16+,MF複勝2位以内,5-15,人気不問,3861,441,79.4,72.1,71.1,0
複勝,ダート,MF複勝2位以内,1-10,人気4-6,1268,457,78.3,72.1,73.0,0
単勝,長距離1900+,MF複勝3位以内,5-15,人気4-6,1694,171,84.4,72.1,69.9,0
複勝,短距離-1400,MF複勝2位以内,1-10,人気4以下,996,358,79.2,72.1,68.1,0
単勝,長距離1900+,MF複勝3位以内,5-15,人気4以下,1758,175,83.9,72.1,73.2,1
単勝,長距離1900+,MF複勝5位以内,5-15,人気1-3,2723,351,79.9,72.1,74.0,0
単勝,全体,MF複勝2位以内,10-20,人気不問,1664,110,86.4,72.1,56.2,1
複勝,ダート,MF複勝2位以内,5-30,人気4以下,2180,669,77.2,72.1,70.1,0
単勝,芝,MF複勝2位以内,5-30,人気不問,4514,502,78.9,72.1,76.3,0
複勝,全体,MF複勝3位以内,10-20,人気4以下,4417,1098,76.5,72.1,71.0,0
複勝,多頭数16+,MF複勝3位以内,5-30,人気4-6,3882,1144,76.3,72.1,70.3,0
単勝,全体,MF複勝3位以内,10-20,人気不問,4703,295,81.9,72.1,70.2,0
単勝,荒れR(1人気=MF4位以下),MF複勝1位,1-20,人気1-6,1287,202,82.6,72.1,66.3,0
複勝,堅いR(1人気=MF1位),MF複勝2位以内,1-20,人気4以下,1521,491,78.5,72.0,70.0,0
複勝,堅いR(1人気=MF1位),MF複勝3位以内,10-20,人気不問,2635,687,77.4,72.0,71.1,0
単勝,堅いR(1人気=MF1位),MF複勝2位以内,5-30,人気不問,3828,415,79.5,72.0,68.1,0
単勝,全体,MF複勝3位以内,1-10,人気4-6,5409,578,78.1,72.0,73.2,0
単勝,多頭数16+,MF複勝5位以内,3-10,人気4以下,4490,467,79.1,72.0,73.0,0
複勝,ダート,MF複勝3位以内,10-20,人気4以下,2235,566,78.1,72.0,72.1,0
単勝,長距離1900+,MF複勝5位以内,5-30,人気1-3,2730,351,79.7,72.0,73.8,0
単勝,多頭数16+,MF複勝5位以内,10-20,人気不問,6083,368,79.7,72.0,72.6,0
複勝,全体,MF複勝1位,5-15,人気不問,2185,792,76.8,72.0,72.3,0
単勝,多頭数16+,MF複勝5位以内,1-10,人気4-6,4479,466,79.1,72.0,73.2,0
複勝,道悪,MF複勝3位以内,5-15,人気不問,2069,733,77.0,72.0,74.2,0
複勝,ダート,MF複勝3位以内,1-10,人気4以下,2665,935,75.7,72.0,71.6,0
複勝,多頭数16+,MF複勝3位以内,5-15,人気4-6,3454,1053,76.0,72.0,71.2,0
単勝,長距離1900+,MF複勝5位以内,3-10,人気4-6,2521,277,81.0,72.0,73.2,0
複勝,多頭数16+,MF複勝2位以内,5-15,人気4以下,1735,546,77.8,72.0,69.7,0
単勝,全体,MF複勝3位以内,3-10,人気4以下,5424,580,78.3,71.9,73.7,0
複勝,堅いR(1人気=MF1位),MF複勝2位以内,5-30,人気4以下,1661,508,78.0,71.9,69.0,0
単勝,荒れR(1人気=MF4位以下),MF複勝1位,1-20,人気不問,1341,205,83.4,71.9,64.4,1
単勝,荒れR(1人気=MF4位以下),MF複勝2位以内,5-30,人気4-6,1019,110,87.2,71.9,71.4,1
単勝,荒れR(1人気=MF4位以下),MF複勝5位以内,10-20,人気4以下,1597,106,88.6,71.9,61.8,1
複勝,荒れR(1人気=MF4位以下),MF複勝5位以内,1-20,人気4以下,3448,1011,76.3,71.9,71.0,0
単勝,長距離1900+,MF複勝5位以内,5-30,人気4以下,6376,478,79.3,71.8,71.5,0
単勝,多頭数16+,MF複勝3位以内,5-30,人気不問,8433,826,77.5,71.8,76.2,0
複勝,道悪,MF複勝3位以内,5-15,人気1-6,2014,717,76.4,71.8,73.8,0
複勝,ダート,MF複勝1位,5-30,人気不問,1101,402,78.1,71.8,71.2,0
単勝,多頭数16+,MF複勝2位以内,5-30,人気不問,4223,455,79.0,71.8,67.2,0
単勝,多頭数16+,MF複勝3位以内,5-15,人気1-6,7117,765,77.0,71.8,70.8,0
複勝,ダート,MF複勝3位以内,5-15,人気4-6,3992,1282,75.5,71.8,70.9,0
単勝,堅いR(1人気=MF1位),MF複勝2位以内,5-30,人気4-6,1450,136,85.9,71.8,58.8,1
複勝,全体,MF複勝1位,5-30,人気不問,2314,815,76.3,71.8,70.3,0
単勝,長距離1900+,MF複勝3位以内,1-10,人気4以下,1167,136,84.5,71.8,74.6,0
単勝,荒れR(1人気=MF4位以下),MF複勝2位以内,1-10,人気4以下,753,94,87.8,71.8,60.5,2
単勝,長距離1900+,MF複勝3位以内,5-30,人気4以下,2237,195,83.1,71.8,71.1,1
単勝,短距離-1400,MF複勝2位以内,5-30,人気1-3,1695,231,81.8,71.8,72.0,0
単勝,ダート,MF複勝3位以内,5-15,人気1-6,7921,847,76.8,71.7,72.9,0
単勝,ダート,MF複勝3位以内,5-30,人気不問,9306,908,77.0,71.7,72.5,0
単勝,少頭数-12,MF複勝5位以内,5-15,人気4以下,5606,503,79.0,71.7,70.3,0
単勝,長距離1900+,MF複勝2位以内,5-15,人気4以下,734,81,90.0,71.7,65.9,1
単勝,少頭数-12,MF複勝3位以内,5-30,人気4以下,2760,232,82.4,71.7,66.4,0
単勝,道悪,MF複勝3位以内,3-10,人気不問,3339,535,77.6,71.6,73.2,0
単勝,多頭数16+,MF複勝1位,3-10,人気1-3,2483,478,78.0,71.6,70.5,0
単勝,少頭数-12,MF複勝5位以内,3-10,人気4以下,3391,370,79.2,71.6,68.1,0
複勝,ダート,MF複勝3位以内,3-10,人気4以下,2665,935,75.7,71.6,71.6,0
単勝,多頭数16+,MF複勝5位以内,10-20,人気4-6,4391,278,81.2,71.6,72.9,0
複勝,多頭数16+,MF複勝3位以内,5-30,人気4以下,4763,1294,75.4,71.6,68.2,0
複勝,多頭数16+,MF複勝3位以内,10-20,人気4以下,2059,490,77.7,71.6,69.3,0
単勝,堅いR(1人気=MF1位),MF複勝3位以内,5-15,人気4以下,3929,344,79.8,71.6,65.7,1
複勝,芝,MF複勝3位以内,10-20,人気1-6,1834,488,78.1,71.6,68.7,0
単勝,長距離1900+,MF複勝5位以内,1-10,人気4以下,2530,278,81.1,71.5,73.2,0
複勝,ダート,MF複勝3位以内,1-10,人気4-6,2658,931,75.5,71.5,71.6,0
複勝,芝,MF複勝2位以内,1-20,人気4-6,1893,621,76.4,71.5,72.0,0
複勝,芝,MF複勝3位以内,10-20,人気不問,2312,582,76.9,71.5,66.6,0
単勝,長距離1900+,MF複勝2位以内,5-15,人気1-6,1629,201,82.8,71.5,72.4,0
複勝,短距離-1400,MF複勝2位以内,5-15,人気4以下,1478,472,77.5,71.5,70.7,0
複勝,長距離1900+,MF複勝5位以内,10-20,人気1-6,2499,660,76.9,71.5,74.4,0
複勝,長距離1900+,MF複勝2位以内,1-10,人気4以下,536,204,80.7,71.5,67.3,0
単勝,荒れR(1人気=MF4位以下),MF複勝2位以内,3-10,人気4-6,747,93,87.3,71.5,60.9,2
複勝,ダート,MF複勝5位以内,10-20,人気1-3,305,107,87.0,71.5,76.7,1
単勝,短距離-1400,MF複勝3位以内,5-30,人気1-3,2979,384,78.5,71.5,68.9,0
単勝,道悪,MF複勝2位以内,5-30,人気4-6,455,52,96.5,71.4,33.1,4
単勝,道悪,MF複勝3位以内,3-10,人気1-6,3338,535,77.7,71.4,73.2,0
単勝,道悪,MF複勝5位以内,3-10,人気1-3,3549,600,77.4,71.4,70.0,0
単勝,短距離-1400,MF複勝2位以内,5-15,人気1-3,1693,231,81.9,71.4,72.3,0
複勝,ダート,MF複勝3位以内,3-10,人気4-6,2658,931,75.5,71.4,71.6,0
単勝,短距離-1400,MF複勝3位以内,5-30,人気1-6,6346,671,77.5,71.4,70.2,0
複勝,少頭数-12,MF複勝2位以内,10-20,人気1-6,288,94,87.6,71.4,70.0,2
単勝,多頭数16+,MF複勝3位以内,5-30,人気1-6,7552,784,77.0,71.4,73.5,0
複勝,荒れR(1人気=MF4位以下),MF複勝1位,5-30,人気4以下,466,152,81.9,71.4,66.4,2
複勝,荒れR(1人気=MF4位以下),MF複勝1位,5-15,人気不問,729,263,79.5,71.4,70.5,0
単勝,少頭数-12,MF複勝3位以内,10-20,人気不問,1124,78,91.9,71.4,66.5,2
単勝,荒れR(1人気=MF4位以下),MF複勝2位以内,1-10,人気4-6,747,93,87.3,71.3,60.9,2
単勝,道悪,MF複勝3位以内,5-30,人気不問,2338,245,82.8,71.3,69.3,0
単勝,堅いR(1人気=MF1位),MF複勝2位以内,1-10,人気4-6,823,98,88.6,71.3,68.0,2
単勝,多頭数16+,MF複勝5位以内,5-30,人気1-3,5622,691,76.5,71.3,69.5,0
単勝,ダート,MF複勝2位以内,5-30,人気4以下,2180,201,82.0,71.3,62.1,1
単勝,少頭数-12,MF複勝5位以内,1-10,人気4-6,3379,368,78.9,71.3,66.9,0
単勝,多頭数16+,MF複勝3位以内,5-15,人気4以下,3684,330,79.5,71.3,71.5,0
単勝,長距離1900+,MF複勝3位以内,1-10,人気4-6,1164,136,84.7,71.3,74.6,0
単勝,短距離-1400,MF複勝3位以内,5-15,人気1-6,5963,653,77.1,71.3,68.0,0
単勝,少頭数-12,MF複勝5位以内,1-10,人気4以下,3391,370,79.2,71.3,68.1,0
単勝,短距離-1400,MF複勝3位以内,5-15,人気1-3,2970,384,78.7,71.2,69.3,0
単勝,ダート,MF複勝5位以内,5-15,人気1-3,6153,743,76.0,71.2,71.2,0
複勝,多頭数16+,MF複勝2位以内,10-20,人気不問,837,215,81.1,71.2,65.8,1
単勝,堅いR(1人気=MF1位),MF複勝5位以内,10-20,人気1-6,6734,409,78.5,71.2,62.2,0
単勝,道悪,MF複勝2位以内,3-10,人気1-3,1757,328,79.3,71.1,64.6,0
複勝,芝,MF複勝2位以内,5-30,人気4-6,1915,616,76.5,71.1,71.5,0
複勝,芝,MF複勝2位以内,5-15,人気4-6,1766,583,76.4,71.1,70.6,0
単勝,荒れR(1人気=MF4位以下),MF複勝2位以内,3-10,人気4以下,753,94,87.8,71.1,60.5,2
複勝,長距離1900+,MF複勝2位以内,1-10,人気4-6,533,202,80.2,71.1,65.2,0
複勝,長距離1900+,MF複勝2位以内,3-10,人気4以下,536,204,80.7,71.1,67.3,0
単勝,道悪,MF複勝2位以内,5-30,人気不問,1066,129,85.6,71.1,55.1,0
複勝,道悪,MF複勝5位以内,1-10,人気4以下,1466,498,76.4,71.1,72.8,0
単勝,少頭数-12,MF複勝5位以内,3-10,人気4-6,3379,368,78.9,71.1,66.9,0
単勝,荒れR(1人気=MF4位以下),MF複勝2位以内,5-15,人気1-6,1705,203,81.5,71.1,55.9,0
単勝,ダート,MF複勝2位以内,5-15,人気不問,3963,441,78.3,71.0,68.0,0
複勝,道悪,MF複勝5位以内,3-10,人気4以下,1466,498,76.4,71.0,72.8,0
単勝,荒れR(1人気=MF4位以下),MF複勝2位以内,5-30,人気不問,1966,217,81.7,71.0,53.0,0
複勝,道悪,MF複勝2位以内,10-20,人気4以下,174,50,92.1,71.0,50.7,1
単勝,短距離-1400,MF複勝2位以内,5-30,人気1-6,3188,364,79.3,71.0,68.4,0
複勝,少頭数-12,MF複勝3位以内,5-30,人気4以下,2760,901,75.7,71.0,70.0,0
単勝,堅いR(1人気=MF1位),MF複勝5位以内,10-20,人気不問,8003,471,77.7,71.0,64.8,0
単勝,短距離-1400,MF複勝3位以内,5-30,人気不問,7082,703,76.8,71.0,69.4,0
単勝,ダート,MF複勝2位以内,5-15,人気1-6,3878,435,78.2,70.9,68.6,0
単勝,道悪,MF複勝2位以内,1-20,人気4以下,498,56,94.9,70.9,31.3,3
単勝,荒れR(1人気=MF4位以下),MF複勝5位以内,10-20,人気4-6,1020,73,90.9,70.9,63.2,2
複勝,芝,MF複勝2位以内,3-10,人気4-6,1301,468,76.1,70.9,71.5,0
複勝,芝,MF複勝2位以内,5-30,人気4以下,2248,674,75.8,70.9,71.6,0
単勝,多頭数16+,MF複勝3位以内,1-20,人気4以下,4308,360,79.0,70.9,74.5,0
単勝,ダート,MF複勝3位以内,5-30,人気1-6,8505,867,75.6,70.9,72.5,0
複勝,多頭数16+,MF複勝2位以内,5-30,人気4以下,2095,603,76.9,70.9,70.7,0
単勝,短距離-1400,MF複勝5位以内,5-15,人気1-3,4670,585,76.7,70.9,70.7,0
複勝,長距離1900+,MF複勝2位以内,3-10,人気4-6,533,202,80.2,70.8,65.2,0
単勝,堅いR(1人気=MF1位),MF複勝5位以内,10-20,人気4以下,7561,441,77.7,70.8,64.6,0
複勝,短距離-1400,MF複勝2位以内,5-30,人気4以下,1785,526,76.6,70.8,67.3,0
単勝,長距離1900+,MF複勝3位以内,3-10,人気4以下,1167,136,84.5,70.8,74.6,0
複勝,長距離1900+,MF複勝1位,5-30,人気不問,461,170,81.0,70.8,71.2,0
複勝,全体,MF複勝2位以内,10-20,人気4以下,1583,395,77.7,70.8,66.6,0
複勝,芝,MF複勝2位以内,5-15,人気4以下,1868,604,76.0,70.8,68.3,0
単勝,長距離1900+,MF複勝5位以内,10-20,人気4以下,2940,180,81.8,70.8,78.2,0
複勝,堅いR(1人気=MF1位),MF複勝3位以内,10-20,人気4-6,2031,532,76.6,70.8,70.8,0
複勝,全体,MF複勝2位以内,10-20,人気不問,1664,426,77.8,70.8,65.7,0
単勝,荒れR(1人気=MF4位以下),MF複勝2位以内,5-15,人気不問,1779,208,81.5,70.8,58.1,0
複勝,多頭数16+,MF複勝2位以内,3-10,人気4以下,1154,395,77.0,70.8,68.4,0
単勝,多頭数16+,MF複勝5位以内,5-15,人気1-3,5608,690,76.4,70.7,69.8,0
複勝,多頭数16+,MF複勝2位以内,10-20,人気4以下,793,194,80.3,70.7,63.4,1
複勝,ダート,MF複勝2位以内,10-20,人気4以下,783,205,81.0,70.7,69.8,0
単勝,多頭数16+,MF複勝5位以内,10-20,人気4以下,5850,350,79.3,70.7,72.5,0
単勝,少頭数-12,MF複勝2位以内,5-30,人気1-6,1923,227,81.6,70.7,72.0,0
単勝,道悪,MF複勝5位以内,3-10,人気4-6,1461,159,82.2,70.7,54.3,1
複勝,長距離1900+,MF複勝5位以内,10-20,人気4以下,2940,738,75.8,70.7,74.1,0
単勝,短距離-1400,MF複勝5位以内,5-30,人気1-3,4681,585,76.6,70.6,70.6,0
複勝,芝,MF複勝2位以内,1-20,人気4以下,2106,661,75.7,70.6,70.5,0
単勝,短距離-1400,MF複勝1位,5-15,人気1-3,507,77,88.6,70.6,73.0,1
複勝,少頭数-12,MF複勝2位以内,5-30,人気4以下,1032,360,77.7,70.6,69.8,0
複勝,短距離-1400,MF複勝2位以内,10-20,人気1-6,521,146,82.7,70.6,48.8,1
複勝,芝,MF複勝2位以内,3-10,人気4以下,1306,471,76.5,70.6,71.3,0
単勝,ダート,MF複勝5位以内,5-30,人気1-3,6182,744,75.9,70.6,70.8,0
単勝,短距離-1400,MF複勝2位以内,5-15,人気不問,3171,362,78.1,70.6,67.0,0
単勝,短距離-1400,MF複勝2位以内,5-15,人気1-6,3080,358,78.7,70.5,68.8,0
単勝,堅いR(1人気=MF1位),MF複勝3位以内,1-20,人気4-6,4332,361,77.7,70.5,66.1,0
複勝,多頭数16+,MF複勝2位以内,3-10,人気4-6,1150,392,76.5,70.5,68.4,0
複勝,芝,MF複勝2位以内,1-10,人気4以下,1306,471,76.5,70.5,71.3,0
複勝,多頭数16+,MF複勝2位以内,1-10,人気4以下,1154,395,77.0,70.5,68.4,0
単勝,堅いR(1人気=MF1位),MF複勝5位以内,10-20,人気4-6,6292,379,78.6,70.5,61.7,0
単勝,長距離1900+,MF複勝5位以内,10-20,人気不問,3050,187,81.3,70.5,77.2,0
複勝,道悪,MF複勝5位以内,1-10,人気4-6,1461,495,76.1,70.5,72.0,0
複勝,芝,MF複勝2位以内,1-10,人気4-6,1301,468,76.1,70.4,71.5,0
複勝,荒れR(1人気=MF4位以下),MF複勝1位,1-20,人気4-6,404,140,81.2,70.4,65.9,1
複勝,ダート,MF複勝2位以内,10-20,人気不問,834,223,80.1,70.4,68.9,0
複勝,短距離-1400,MF複勝5位以内,10-20,人気1-3,176,64,90.8,70.4,75.8,1
単勝,短距離-1400,MF複勝1位,5-30,人気1-3,507,77,88.6,70.4,73.0,1
複勝,多頭数16+,MF複勝2位以内,1-10,人気4-6,1150,392,76.5,70.4,68.4,0
単勝,長距離1900+,MF複勝5位以内,10-20,人気1-6,2499,158,81.9,70.4,72.2,0
単勝,全体,MF複勝2位以内,10-20,人気4以下,1583,104,85.9,70.4,59.3,2
単勝,道悪,MF複勝5位以内,1-10,人気4以下,1466,160,82.5,70.4,54.1,1
単勝,長距離1900+,MF複勝2位以内,1-20,人気4-6,762,83,88.7,70.4,68.5,1
複勝,多頭数16+,MF複勝1位,5-15,人気1-3,617,238,78.2,70.3,67.6,0
複勝,少頭数-12,MF複勝2位以内,10-20,人気4-6,269,86,86.8,70.3,72.3,1
複勝,荒れR(1人気=MF4位以下),MF複勝3位以内,5-30,人気4以下,2263,668,75.5,70.3,67.6,0
単勝,道悪,MF複勝5位以内,1-10,人気4-6,1461,159,82.2,70.3,54.3,1
複勝,道悪,MF複勝5位以内,3-10,人気4-6,1461,495,76.1,70.3,72.0,0
単勝,道悪,MF複勝3位以内,3-10,人気1-3,2642,459,77.0,70.3,69.1,0
単勝,道悪,MF複勝5位以内,3-10,人気4以下,1466,160,82.5,70.3,54.1,1
単勝,長距離1900+,MF複勝3位以内,3-10,人気4-6,1164,136,84.7,70.3,74.6,0
複勝,多頭数16+,MF複勝3位以内,3-10,人気4以下,2249,744,74.8,70.2,69.9,0
単勝,ダート,MF複勝2位以内,5-30,人気1-6,4030,440,77.3,70.2,65.9,0
単勝,多頭数16+,MF複勝3位以内,5-30,人気1-3,3670,456,76.7,70.2,68.0,0
単勝,荒れR(1人気=MF4位以下),MF複勝5位以内,10-20,人気1-6,1040,73,89.1,70.2,62.6,1
単勝,多頭数16+,MF複勝2位以内,5-30,人気1-3,2128,282,79.4,70.2,63.0,0
単勝,多頭数16+,MF複勝2位以内,5-15,人気1-3,2126,281,78.6,70.2,63.2,0
単勝,道悪,MF複勝3位以内,5-15,人気不問,2069,232,80.1,70.2,71.4,0
複勝,荒れR(1人気=MF4位以下),MF複勝5位以内,5-30,人気4以下,3828,1046,74.3,70.2,68.4,0
単勝,長距離1900+,MF複勝5位以内,10-20,人気4-6,2389,151,82.5,70.1,73.2,0
単勝,ダート,MF複勝3位以内,1-10,人気4以下,2665,287,78.8,70.1,71.2,0
複勝,堅いR(1人気=MF1位),MF複勝3位以内,10-20,人気4以下,2407,608,76.1,70.1,69.6,0
複勝,多頭数16+,MF複勝3位以内,1-10,人気4以下,2249,744,74.8,70.1,69.9,0
単勝,多頭数16+,MF複勝3位以内,1-20,人気4-6,3799,330,78.4,70.1,71.4,0
単勝,芝,MF複勝3位以内,3-10,人気4以下,2759,293,77.7,70.1,71.0,0
単勝,ダート,MF複勝3位以内,3-10,人気4以下,2665,287,78.8,70.1,71.2,0
複勝,多頭数16+,MF複勝1位,5-30,人気1-3,617,238,78.2,70.1,67.6,0
単勝,道悪,MF複勝1位,3-10,人気1-3,682,141,82.6,70.1,70.4,0
複勝,長距離1900+,MF複勝5位以内,10-20,人気4-6,2389,623,75.3,70.0,72.1,0
単勝,堅いR(1人気=MF1位),MF複勝3位以内,1-20,人気4以下,4711,380,77.4,70.0,64.2,0
複勝,多頭数16+,MF複勝3位以内,1-10,人気4-6,2244,740,74.4,70.0,69.9,0
単勝,ダート,MF複勝3位以内,5-30,人気1-3,3945,482,76.4,70.0,70.4,0
単勝,全体,MF複勝2位以内,1-10,人気4以下,2579,280,78.3,69.9,68.7,0
単勝,荒れR(1人気=MF4位以下),MF複勝2位以内,5-30,人気4以下,1233,120,84.3,69.9,66.1,1
単勝,堅いR(1人気=MF1位),MF複勝3位以内,5-15,人気4-6,3788,332,78.6,69.9,64.5,1
単勝,ダート,MF複勝3位以内,5-15,人気4以下,4183,381,78.1,69.9,69.3,0
単勝,芝,MF複勝3位以内,1-10,人気4-6,2751,293,78.0,69.9,71.2,0
単勝,芝,MF複勝1位,3-10,人気不問,3221,585,75.5,69.9,63.6,0
単勝,少頭数-12,MF複勝2位以内,5-30,人気不問,2006,229,79.5,69.8,69.9,0
単勝,荒れR(1人気=MF4位以下),MF複勝2位以内,5-15,人気4-6,972,106,84.7,69.8,67.1,1
単勝,堅いR(1人気=MF1位),MF複勝3位以内,1-10,人気4以下,2304,241,79.1,69.8,64.6,0
単勝,堅いR(1人気=MF1位),MF複勝3位以内,3-10,人気4-6,2301,241,79.2,69.8,64.9,0
単勝,長距離1900+,MF複勝2位以内,5-30,人気1-6,1695,203,81.7,69.8,68.5,1
単勝,ダート,MF複勝3位以内,5-30,人気4以下,5361,426,77.3,69.8,68.8,0
複勝,長距離1900+,MF複勝1位,5-30,人気1-6,438,164,79.6,69.8,66.0,1
単勝,全体,MF複勝2位以内,3-10,人気4-6,2569,279,78.3,69.7,68.9,0
単勝,ダート,MF複勝3位以内,5-15,人気4-6,3992,366,77.4,69.7,68.3,0
単勝,ダート,MF複勝3位以内,5-15,人気1-3,3929,481,76.3,69.7,70.7,0
単勝,芝,MF複勝1位,3-10,人気1-6,3220,585,75.5,69.7,63.6,0
単勝,多頭数16+,MF複勝3位以内,10-20,人気不問,2173,139,83.2,69.7,75.9,0
単勝,多頭数16+,MF複勝2位以内,1-20,人気4-6,1727,161,82.0,69.7,65.5,0
複勝,多頭数16+,MF複勝3位以内,3-10,人気4-6,2244,740,74.4,69.7,69.9,0
単勝,多頭数16+,MF複勝3位以内,5-30,人気4以下,4763,370,78.1,69.7,68.4,0
単勝,荒れR(1人気=MF4位以下),MF複勝2位以内,3-10,人気1-3,1700,282,77.8,69.6,51.7,1
単勝,堅いR(1人気=MF1位),MF複勝3位以内,1-10,人気4-6,2301,241,79.2,69.6,64.9,0
複勝,短距離-1400,MF複勝1位,5-15,人気1-6,904,321,76.4,69.6,70.6,0
単勝,荒れR(1人気=MF4位以下),MF複勝2位以内,1-10,人気1-3,1735,294,78.0,69.6,52.5,1
単勝,長距離1900+,MF複勝2位以内,5-15,人気4-6,705,78,89.0,69.6,69.5,2
複勝,少頭数-12,MF複勝3位以内,10-20,人気1-6,995,287,78.2,69.6,64.5,0
単勝,荒れR(1人気=MF4位以下),MF複勝1位,1-5,人気不問,570,119,82.9,69.6,67.2,0
単勝,ダート,MF複勝3位以内,3-10,人気4-6,2658,285,78.3,69.6,71.2,0
複勝,短距離-1400,MF複勝1位,5-30,人気1-6,918,325,76.8,69.6,69.1,0
単勝,多頭数16+,MF複勝2位以内,1-20,人気4以下,1947,172,81.2,69.5,62.6,0
単勝,荒れR(1人気=MF4位以下),MF複勝1位,1-10,人気1-6,1192,193,80.0,69.5,63.5,0
単勝,全体,MF複勝2位以内,3-10,人気4以下,2579,280,78.3,69.5,68.7,0
単勝,芝,MF複勝3位以内,1-10,人気4以下,2759,293,77.7,69.5,71.0,0
単勝,堅いR(1人気=MF1位),MF複勝3位以内,3-10,人気4以下,2304,241,79.1,69.5,64.6,0
単勝,多頭数16+,MF複勝2位以内,5-30,人気4-6,1739,159,80.9,69.5,65.0,0
複勝,芝,MF複勝1位,5-15,人気1-3,615,238,77.2,69.4,59.4,0
複勝,荒れR(1人気=MF4位以下),MF複勝1位,5-30,人気1-3,319,126,80.1,69.4,63.4,0
単勝,全体,MF複勝1位,5-30,人気1-3,1168,161,80.7,69.4,65.3,1
単勝,全体,MF複勝2位以内,1-10,人気4-6,2569,279,78.3,69.4,68.9,0
単勝,多頭数16+,MF複勝3位以内,5-15,人気1-3,3663,455,76.3,69.4,68.1,0
単勝,長距離1900+,MF複勝2位以内,1-20,人気4以下,834,87,87.3,69.3,63.8,1
単勝,道悪,MF複勝3位以内,5-30,人気1-6,2143,233,79.8,69.3,66.9,0
複勝,長距離1900+,MF複勝1位,5-15,人気1-6,428,161,79.1,69.3,64.1,1
単勝,ダート,MF複勝2位以内,5-30,人気不問,4322,451,76.3,69.3,63.0,0
複勝,長距離1900+,MF複勝3位以内,10-20,人気1-6,775,212,78.2,69.3,62.7,0
単勝,多頭数16+,MF複勝3位以内,5-15,人気4-6,3454,310,77.6,69.3,68.5,0
単勝,荒れR(1人気=MF4位以下),MF複勝1位,3-10,人気不問,1172,187,80.0,69.3,62.3,0
単勝,全体,MF複勝1位,5-15,人気1-3,1168,161,80.7,69.3,65.3,1
単勝,荒れR(1人気=MF4位以下),MF複勝1位,1-5,人気1-6,570,119,82.9,69.2,67.2,0
単勝,荒れR(1人気=MF4位以下),MF複勝2位以内,1-5,人気不問,1016,200,78.9,69.2,68.0,0
単勝,ダート,MF複勝3位以内,1-20,人気4-6,4450,391,76.7,69.2,71.2,0
複勝,芝,MF複勝3位以内,10-20,人気4以下,2182,532,74.9,69.2,64.2,0
単勝,荒れR(1人気=MF4位以下),MF複勝1位,1-5,人気1-3,564,117,82.0,69.2,67.2,0
複勝,芝,MF複勝3位以内,10-20,人気4-6,1704,438,75.6,69.1,65.9,0
単勝,荒れR(1人気=MF4位以下),MF複勝1位,1-10,人気不問,1193,193,80.0,69.1,63.5,0
単勝,荒れR(1人気=MF4位以下),MF複勝2位以内,1-20,人気1-3,1741,294,77.8,69.1,52.2,1
複勝,芝,MF複勝1位,5-30,人気1-3,615,238,77.2,69.1,59.4,0
単勝,芝,MF複勝2位以内,10-20,人気不問,830,56,91.0,69.1,67.1,2
単勝,ダート,MF複勝3位以内,1-10,人気4-6,2658,285,78.3,69.0,71.2,0
単勝,荒れR(1人気=MF4位以下),MF複勝2位以内,1-5,人気1-6,1016,200,78.9,69.0,68.0,0
単勝,多頭数16+,MF複勝3位以内,5-30,人気4-6,3882,328,77.3,69.0,73.3,0
複勝,少頭数-12,MF複勝5位以内,10-20,人気1-3,181,62,91.4,69.0,78.4,1
単勝,ダート,MF複勝3位以内,1-20,人気4以下,4900,416,76.8,69.0,70.1,0
単勝,少頭数-12,MF複勝3位以内,5-30,人気4-6,2509,217,79.7,68.9,61.8,0
単勝,道悪,MF複勝3位以内,5-15,人気1-6,2014,227,79.2,68.9,66.1,0
複勝,荒れR(1人気=MF4位以下),MF複勝1位,5-15,人気1-3,319,126,80.1,68.9,63.4,0
単勝,荒れR(1人気=MF4位以下),MF複勝1位,3-10,人気1-6,1171,187,80.1,68.9,62.3,0
複勝,道悪,MF複勝2位以内,10-20,人気不問,182,53,91.0,68.8,45.7,1
複勝,短距離-1400,MF複勝2位以内,10-20,人気4-6,495,134,81.6,68.8,50.2,0
複勝,荒れR(1人気=MF4位以下),MF複勝5位以内,10-20,人気4-6,1020,255,76.8,68.8,68.7,0
単勝,短距離-1400,MF複勝5位以内,10-20,人気4-6,3810,233,78.6,68.8,64.3,0
単勝,道悪,MF複勝3位以内,5-30,人気4以下,1328,112,84.9,68.7,58.3,1
単勝,全体,MF複勝2位以内,5-30,人気4以下,4428,377,77.0,68.7,68.2,0
単勝,芝,MF複勝3位以内,3-10,人気4-6,2751,293,78.0,68.7,71.2,0
単勝,堅いR(1人気=MF1位),MF複勝2位以内,5-15,人気1-3,2158,271,77.0,68.7,69.5,0
複勝,芝,MF複勝1位,5-15,人気1-6,1118,395,74.8,68.6,69.8,0
単勝,堅いR(1人気=MF1位),MF複勝2位以内,5-30,人気1-3,2167,272,77.5,68.6,69.5,0
複勝,長距離1900+,MF複勝1位,1-20,人気4以下,224,78,84.7,68.6,56.9,1
単勝,荒れR(1人気=MF4位以下),MF複勝2位以内,5-15,人気4以下,1046,111,84.3,68.6,62.6,2
単勝,短距離-1400,MF複勝2位以内,5-30,人気不問,3480,372,76.6,68.6,63.1,0
単勝,長距離1900+,MF複勝3位以内,10-20,人気4-6,728,51,91.3,68.5,79.9,1
単勝,長距離1900+,MF複勝2位以内,5-30,人気不問,1813,207,79.2,68.5,68.5,0
複勝,道悪,MF複勝2位以内,1-20,人気4以下,498,158,79.4,68.5,56.8,0
単勝,短距離-1400,MF複勝3位以内,5-15,人気4以下,3185,285,77.0,68.4,63.7,0
複勝,長距離1900+,MF複勝1位,5-15,人気不問,434,161,78.0,68.4,62.2,0
単勝,堅いR(1人気=MF1位),MF複勝3位以内,5-30,人気4以下,5235,388,76.2,68.4,62.0,0
単勝,短距離-1400,MF複勝3位以内,3-10,人気4以下,1987,212,77.8,68.3,59.9,0
複勝,多頭数16+,MF複勝1位,5-30,人気1-6,1112,381,74.6,68.3,68.2,0
複勝,荒れR(1人気=MF4位以下),MF複勝1位,5-15,人気4-6,386,132,79.7,68.3,65.4,1
複勝,長距離1900+,MF複勝3位以内,10-20,人気不問,930,242,77.0,68.3,64.8,0
複勝,多頭数16+,MF複勝1位,5-15,人気1-6,1096,378,74.6,68.3,69.1,0
複勝,芝,MF複勝1位,5-30,人気1-6,1137,399,74.7,68.2,69.8,0
単勝,多頭数16+,MF複勝2位以内,5-15,人気4以下,1735,160,80.4,68.2,64.9,0
複勝,芝,MF複勝1位,5-15,人気不問,1145,399,74.2,68.2,68.6,0
複勝,少頭数-12,MF複勝3位以内,10-20,人気不問,1124,311,76.4,68.2,63.1,0
単勝,堅いR(1人気=MF1位),MF複勝2位以内,5-30,人気4以下,1661,143,82.2,68.2,57.2,1
単勝,短距離-1400,MF複勝5位以内,10-20,人気4以下,5055,294,77.1,68.2,71.6,0
複勝,短距離-1400,MF複勝1位,5-15,人気不問,935,325,75.3,68.2,69.5,0
単勝,多頭数16+,MF複勝3位以内,10-20,人気4以下,2059,128,81.4,68.1,72.9,0
複勝,道悪,MF複勝2位以内,1-20,人気4-6,455,148,79.0,68.1,56.0,0
複勝,荒れR(1人気=MF4位以下),MF複勝5位以内,10-20,人気1-6,1040,260,76.7,68.1,68.1,0
単勝,短距離-1400,MF複勝3位以内,1-20,人気4以下,3745,312,76.7,68.0,67.2,0
複勝,短距離-1400,MF複勝1位,5-15,人気1-3,507,194,76.7,68.0,67.8,0
複勝,短距離-1400,MF複勝1位,5-30,人気1-3,507,194,76.7,68.0,67.8,0
複勝,荒れR(1人気=MF4位以下),MF複勝1位,5-30,人気4-6,399,136,80.7,68.0,63.1,1
単勝,短距離-1400,MF複勝3位以内,3-10,人気4-6,1982,211,77.6,67.9,60.1,0
複勝,道悪,MF複勝3位以内,1-20,人気4以下,1231,362,74.7,67.9,68.4,0
単勝,荒れR(1人気=MF4位以下),MF複勝2位以内,1-5,人気1-3,1008,197,78.0,67.9,68.0,0
単勝,ダート,MF複勝3位以内,5-30,人気4-6,4560,385,74.9,67.9,68.4,0
単勝,短距離-1400,MF複勝3位以内,5-30,人気4-6,3367,287,76.5,67.9,65.7,0
単勝,多頭数16+,MF複勝1位,3-10,人気1-6,2860,503,73.9,67.9,64.3,0
複勝,多頭数16+,MF複勝1位,5-15,人気不問,1124,382,74.0,67.9,68.0,0
複勝,全体,MF複勝1位,10-20,人気4-6,227,66,84.8,67.9,49.3,1
複勝,芝,MF複勝1位,5-30,人気不問,1213,413,74.6,67.8,69.4,0
単勝,道悪,MF複勝3位以内,5-30,人気1-3,1010,133,80.0,67.8,72.7,0
複勝,道悪,MF複勝3位以内,10-20,人気不問,562,142,79.1,67.8,55.1,0
複勝,堅いR(1人気=MF1位),MF複勝2位以内,10-20,人気1-6,650,184,79.0,67.8,61.1,0
単勝,短距離-1400,MF複勝3位以内,1-10,人気4以下,1987,212,77.8,67.8,59.9,0
複勝,荒れR(1人気=MF4位以下),MF複勝5位以内,10-20,人気4以下,1597,361,74.4,67.7,67.2,0
複勝,短距離-1400,MF複勝1位,5-30,人気不問,989,334,74.4,67.7,66.4,0
単勝,長距離1900+,MF複勝2位以内,5-30,人気4-6,771,80,85.8,67.7,65.4,1
単勝,短距離-1400,MF複勝3位以内,1-10,人気4-6,1982,211,77.6,67.7,60.1,0
複勝,少頭数-12,MF複勝1位,1-20,人気4-6,240,93,80.9,67.7,43.5,1
複勝,荒れR(1人気=MF4位以下),MF複勝1位,5-15,人気4以下,410,137,79.1,67.6,63.2,1
複勝,芝,MF複勝2位以内,10-20,人気1-6,622,166,78.2,67.6,60.1,0
単勝,少頭数-12,MF複勝3位以内,5-15,人気4以下,2196,202,77.9,67.6,61.3,0
複勝,全体,MF複勝1位,1-20,人気4以下,1120,349,74.3,67.6,68.3,0
単勝,多頭数16+,MF複勝3位以内,10-20,人気1-6,1669,110,83.3,67.6,66.0,0
単勝,荒れR(1人気=MF4位以下),MF複勝1位,1-10,人気1-3,881,156,78.7,67.5,55.4,0
複勝,短距離-1400,MF複勝2位以内,10-20,人気不問,695,175,78.3,67.5,52.8,0
単勝,多頭数16+,MF複勝3位以内,1-10,人気4以下,2249,232,76.8,67.4,72.7,0
単勝,多頭数16+,MF複勝1位,3-10,人気不問,2861,503,73.9,67.4,64.3,0
単勝,多頭数16+,MF複勝2位以内,5-15,人気4-6,1629,153,80.1,67.4,64.7,0
単勝,多頭数16+,MF複勝3位以内,3-10,人気4以下,2249,232,76.8,67.4,72.7,0
単勝,多頭数16+,MF複勝3位以内,1-10,人気4-6,2244,231,76.6,67.3,72.7,0
単勝,短距離-1400,MF複勝5位以内,10-20,人気1-6,3986,241,77.4,67.3,63.7,0
複勝,少頭数-12,MF複勝3位以内,10-20,人気4-6,900,253,75.9,67.3,63.5,0
複勝,全体,MF複勝1位,1-20,人気4-6,1012,326,73.9,67.3,63.9,0
単勝,短距離-1400,MF複勝5位以内,10-20,人気不問,5231,302,76.2,67.3,70.8,0
単勝,短距離-1400,MF複勝1位,5-30,人気1-6,918,112,82.3,67.3,69.4,1
複勝,短距離-1400,MF複勝1位,1-20,人気4-6,418,138,78.3,67.2,54.6,1
複勝,道悪,MF複勝2位以内,5-15,人気4以下,451,144,77.9,67.2,58.4,0
複勝,荒れR(1人気=MF4位以下),MF複勝5位以内,10-20,人気不問,1617,366,74.4,67.2,66.8,0
単勝,芝,MF複勝2位以内,1-20,人気4-6,1893,171,78.5,67.2,69.2,0
単勝,長距離1900+,MF複勝2位以内,1-10,人気4-6,533,65,84.8,67.2,48.0,2
単勝,多頭数16+,MF複勝2位以内,5-30,人気4以下,2095,173,78.6,67.1,58.0,0
単勝,芝,MF複勝1位,5-15,人気1-3,615,87,83.2,67.0,56.2,2
単勝,短距離-1400,MF複勝3位以内,1-20,人気4-6,3312,287,75.9,67.0,64.6,0
単勝,荒れR(1人気=MF4位以下),MF複勝1位,1-20,人気1-3,883,156,78.5,67.0,55.1,0
単勝,多頭数16+,MF複勝3位以内,3-10,人気4-6,2244,231,76.6,67.0,72.7,0
複勝,長距離1900+,MF複勝1位,5-30,人気4以下,228,77,82.5,67.0,55.4,1
単勝,長距離1900+,MF複勝3位以内,5-30,人気1-3,1757,222,76.3,66.9,66.9,0
単勝,短距離-1400,MF複勝3位以内,5-30,人気4以下,4103,319,75.6,66.9,65.4,0
複勝,多頭数16+,MF複勝1位,5-30,人気不問,1190,391,73.0,66.9,63.5,0
複勝,堅いR(1人気=MF1位),MF複勝2位以内,10-20,人気不問,760,203,76.7,66.9,57.8,0
単勝,荒れR(1人気=MF4位以下),MF複勝1位,3-10,人気1-3,860,150,78.7,66.8,53.5,0
単勝,荒れR(1人気=MF4位以下),MF複勝5位以内,5-30,人気1-3,1354,178,76.7,66.7,39.6,0
複勝,長距離1900+,MF複勝2位以内,10-20,人気4-6,229,65,84.6,66.7,60.0,1
単勝,長距離1900+,MF複勝3位以内,5-15,人気1-3,1753,222,76.5,66.7,66.9,0
単勝,多頭数16+,MF複勝2位以内,10-20,人気不問,837,57,89.5,66.7,24.9,4
複勝,荒れR(1人気=MF4位以下),MF複勝1位,3-10,人気4以下,312,112,78.3,66.6,63.2,1
複勝,道悪,MF複勝3位以内,10-20,人気4以下,534,132,78.8,66.6,54.1,0
複勝,道悪,MF複勝2位以内,5-30,人気4-6,455,144,77.6,66.6,55.2,0
複勝,短距離-1400,MF複勝2位以内,10-20,人気4以下,669,163,77.3,66.6,54.0,0
単勝,芝,MF複勝1位,5-30,人気1-3,615,87,83.2,66.6,56.2,2
単勝,堅いR(1人気=MF1位),MF複勝2位以内,10-20,人気不問,760,52,88.4,66.5,43.4,2
複勝,道悪,MF複勝3位以内,5-30,人気4以下,1328,371,73.8,66.5,67.8,0
単勝,少頭数-12,MF複勝3位以内,5-15,人気4-6,2134,197,77.1,66.4,57.5,0
複勝,長距離1900+,MF複勝1位,5-30,人気1-3,233,93,79.6,66.4,56.7,1
複勝,全体,MF複勝1位,10-20,人気1-6,234,68,84.1,66.4,52.0,1
単勝,道悪,MF複勝3位以内,5-15,人気4以下,1061,100,81.7,66.4,59.9,0
複勝,長距離1900+,MF複勝1位,5-15,人気1-3,233,93,79.6,66.4,56.7,1
単勝,道悪,MF複勝2位以内,5-30,人気4以下,522,54,88.7,66.3,29.4,2
複勝,道悪,MF複勝1位,5-15,人気不問,264,97,79.5,66.3,59.7,0
複勝,道悪,MF複勝3位以内,1-20,人気4-6,1116,334,73.2,66.3,65.8,0
単勝,道悪,MF複勝5位以内,5-15,人気1-3,1558,194,76.3,66.3,72.0,0
単勝,荒れR(1人気=MF4位以下),MF複勝5位以内,5-15,人気1-3,1352,178,76.8,66.3,39.6,0
単勝,道悪,MF複勝5位以内,5-30,人気1-3,1564,195,77.2,66.3,71.7,0
複勝,堅いR(1人気=MF1位),MF複勝2位以内,10-20,人気4-6,586,157,78.5,66.3,60.7,0
単勝,堅いR(1人気=MF1位),MF複勝3位以内,5-30,人気4-6,4501,354,74.4,66.2,62.6,0
複勝,芝,MF複勝2位以内,10-20,人気不問,830,203,75.5,66.2,62.4,0
単勝,短距離-1400,MF複勝3位以内,5-15,人気4-6,2993,269,75.4,66.1,62.6,0
複勝,長距離1900+,MF複勝3位以内,10-20,人気4以下,883,223,74.7,66.1,62.7,0
複勝,芝,MF複勝2位以内,10-20,人気4-6,592,153,77.0,66.1,58.7,1
単勝,荒れR(1人気=MF4位以下),MF複勝3位以内,5-15,人気1-3,1054,140,77.6,66.1,39.2,1
複勝,道悪,MF複勝2位以内,5-15,人気4-6,428,137,76.7,66.1,56.8,0
複勝,道悪,MF複勝3位以内,5-15,人気4以下,1061,319,72.9,66.1,68.0,0
複勝,全体,MF複勝1位,5-15,人気4-6,962,306,73.1,66.1,64.0,0
単勝,荒れR(1人気=MF4位以下),MF複勝1位,5-30,人気1-6,718,83,82.4,66.1,65.7,1
複勝,荒れR(1人気=MF4位以下),MF複勝1位,1-10,人気4以下,312,112,78.3,66.0,63.2,1
複勝,少頭数-12,MF複勝3位以内,10-20,人気4以下,1029,277,74.3,66.0,62.1,0
単勝,多頭数16+,MF複勝3位以内,10-20,人気4-6,1555,99,81.0,66.0,61.3,0
単勝,芝,MF複勝2位以内,10-20,人気4以下,800,52,88.5,66.0,69.7,1
複勝,長距離1900+,MF複勝3位以内,10-20,人気4-6,728,193,75.5,66.0,59.9,0
複勝,長距離1900+,MF複勝2位以内,10-20,人気不問,305,81,81.4,65.9,59.2,1
単勝,長距離1900+,MF複勝2位以内,5-30,人気1-3,924,123,78.2,65.9,64.8,0
単勝,長距離1900+,MF複勝3位以内,10-20,人気1-6,775,53,88.3,65.9,76.2,1
複勝,荒れR(1人気=MF4位以下),MF複勝1位,1-10,人気4-6,311,111,77.6,65.9,63.2,1
単勝,全体,MF複勝1位,5-30,人気1-6,2170,244,75.1,65.9,66.9,0
単勝,道悪,MF複勝3位以内,5-15,人気1-3,1008,132,78.4,65.9,71.8,0
単勝,荒れR(1人気=MF4位以下),MF複勝3位以内,5-30,人気1-3,1056,140,77.4,65.8,39.2,1
複勝,長距離1900+,MF複勝2位以内,10-20,人気1-6,236,67,83.8,65.8,60.0,0
複勝,道悪,MF複勝3位以内,5-30,人気4-6,1133,332,72.6,65.8,64.7,0
単勝,芝,MF複勝2位以内,1-20,人気4以下,2106,181,77.2,65.8,69.4,0
単勝,荒れR(1人気=MF4位以下),MF複勝1位,5-30,人気不問,785,86,82.3,65.7,59.6,1
単勝,長距離1900+,MF複勝3位以内,10-20,人気4以下,883,58,86.5,65.7,67.7,1
複勝,全体,MF複勝1位,5-30,人気4-6,1002,314,72.8,65.7,63.6,0
複勝,荒れR(1人気=MF4位以下),MF複勝1位,3-10,人気4-6,311,111,77.6,65.7,63.2,1
複勝,全体,MF複勝1位,10-20,人気不問,340,89,80.8,65.7,66.3,1
複勝,短距離-1400,MF複勝1位,1-10,人気4以下,317,112,77.1,65.6,60.9,0
単勝,全体,MF複勝1位,5-15,人気1-6,2130,242,74.9,65.6,68.1,0
複勝,全体,MF複勝1位,5-15,人気4以下,1017,316,72.4,65.6,64.7,0
単勝,長距離1900+,MF複勝2位以内,3-10,人気4-6,533,65,84.8,65.5,48.0,2
単勝,全体,MF複勝1位,5-30,人気不問,2314,249,74.1,65.5,62.0,0
複勝,少頭数-12,MF複勝1位,5-30,人気4-6,233,86,78.7,65.5,43.0,1
複勝,短距離-1400,MF複勝1位,3-10,人気4以下,317,112,77.1,65.5,60.9,0
単勝,短距離-1400,MF複勝1位,5-15,人気1-6,904,110,79.7,65.4,61.6,1
複勝,全体,MF複勝1位,5-30,人気4以下,1146,339,71.8,65.4,64.2,0
単勝,少頭数-12,MF複勝3位以内,3-10,人気4以下,1540,165,75.3,65.3,63.1,0
複勝,長距離1900+,MF複勝2位以内,10-20,人気4以下,298,79,81.9,65.3,59.2,1
複勝,堅いR(1人気=MF1位),MF複勝2位以内,10-20,人気4以下,696,176,76.0,65.3,57.1,0
複勝,道悪,MF複勝1位,5-15,人気1-6,256,94,77.9,65.3,50.0,0
複勝,ダート,MF複勝1位,1-20,人気4以下,535,169,74.9,65.3,70.5,0
複勝,全体,MF複勝1位,10-20,人気4以下,333,87,81.3,65.3,64.6,1
単勝,少頭数-12,MF複勝3位以内,1-10,人気4-6,1537,165,75.4,65.2,63.1,0
単勝,長距離1900+,MF複勝2位以内,3-10,人気4以下,536,65,84.4,65.2,47.5,1
複勝,道悪,MF複勝2位以内,5-30,人気4以下,522,155,76.1,65.2,53.2,0
単勝,道悪,MF複勝2位以内,5-30,人気1-3,544,75,82.7,65.2,65.4,1
複勝,短距離-1400,MF複勝1位,5-30,人気4-6,411,131,76.8,65.2,54.1,1
複勝,荒れR(1人気=MF4位以下),MF複勝2位以内,10-20,人気4以下,424,100,78.3,65.1,68.5,0
単勝,長距離1900+,MF複勝2位以内,5-15,人気1-3,924,123,78.2,65.1,64.8,0
単勝,堅いR(1人気=MF1位),MF複勝3位以内,10-20,人気不問,2635,156,76.8,65.1,56.9,0
単勝,芝,MF複勝2位以内,5-30,人気4-6,1915,165,76.1,65.0,66.5,0
複勝,少頭数-12,MF複勝2位以内,10-20,人気不問,342,100,80.0,65.0,72.0,0
複勝,道悪,MF複勝1位,5-30,人気1-6,258,94,77.3,64.9,50.0,0
複勝,ダート,MF複勝1位,1-20,人気4-6,485,158,74.8,64.9,67.3,0
単勝,長距離1900+,MF複勝2位以内,1-10,人気4以下,536,65,84.4,64.9,47.5,1
複勝,長距離1900+,MF複勝1位,1-20,人気4-6,205,72,80.3,64.9,45.5,1
複勝,ダート,MF複勝1位,5-15,人気4-6,459,149,74.5,64.9,66.0,0
複勝,短距離-1400,MF複勝1位,1-10,人気4-6,316,111,76.3,64.8,60.9,0
複勝,荒れR(1人気=MF4位以下),MF複勝2位以内,10-20,人気不問,430,102,78.5,64.8,67.8,0
単勝,多頭数16+,MF複勝2位以内,10-20,人気4以下,793,53,88.0,64.8,26.8,3
複勝,芝,MF複勝2位以内,10-20,人気4以下,800,190,74.5,64.7,61.5,0
単勝,荒れR(1人気=MF4位以下),MF複勝1位,5-15,人気1-6,705,82,81.4,64.6,66.7,1
単勝,道悪,MF複勝3位以内,5-15,人気4-6,1006,95,80.0,64.6,48.9,0
複勝,道悪,MF複勝3位以内,5-15,人気4-6,1006,303,71.6,64.6,64.3,0
単勝,少頭数-12,MF複勝3位以内,1-10,人気4以下,1540,165,75.3,64.5,63.1,0
複勝,道悪,MF複勝1位,5-30,人気不問,277,98,77.1,64.5,57.7,0
複勝,短距離-1400,MF複勝1位,1-20,人気4以下,470,146,75.4,64.4,57.5,0
複勝,少頭数-12,MF複勝1位,1-20,人気4以下,254,94,77.5,64.4,47.1,1
複勝,長距離1900+,MF複勝1位,5-30,人気4-6,205,71,79.6,64.4,43.5,1
単勝,全体,MF複勝1位,5-15,人気不問,2185,243,73.5,64.4,66.4,0
単勝,堅いR(1人気=MF1位),MF複勝3位以内,10-20,人気1-6,2259,137,77.2,64.4,59.6,1
単勝,長距離1900+,MF複勝2位以内,5-30,人気4以下,889,84,80.4,64.3,59.3,1
複勝,芝,MF複勝1位,1-20,人気4以下,585,180,73.8,64.3,61.9,0
複勝,荒れR(1人気=MF4位以下),MF複勝2位以内,10-20,人気4-6,276,72,79.7,64.3,69.8,0
複勝,荒れR(1人気=MF4位以下),MF複勝3位以内,10-20,人気不問,841,190,74.0,64.3,61.4,0
複勝,芝,MF複勝1位,1-20,人気4-6,527,168,73.0,64.3,57.8,0
複勝,全体,MF複勝1位,3-10,人気4以下,787,262,71.4,64.3,63.9,0
複勝,短距離-1400,MF複勝1位,5-15,人気4-6,397,127,76.0,64.2,54.1,1
単勝,少頭数-12,MF複勝3位以内,3-10,人気4-6,1537,165,75.4,64.2,63.1,0
単勝,多頭数16+,MF複勝2位以内,1-10,人気4-6,1150,119,76.9,64.1,66.5,0
複勝,ダート,MF複勝1位,5-15,人気4以下,487,155,74.3,64.1,67.0,0
複勝,全体,MF複勝1位,3-10,人気4-6,785,260,70.8,64.1,63.9,0
単勝,道悪,MF複勝3位以内,5-30,人気4-6,1133,100,79.6,64.1,52.4,0
単勝,道悪,MF複勝3位以内,1-20,人気4-6,1116,101,78.1,64.1,55.9,0
複勝,短距離-1400,MF複勝1位,3-10,人気4-6,316,111,76.3,64.1,60.9,0
単勝,短距離-1400,MF複勝2位以内,1-20,人気4-6,1488,135,77.3,64.0,63.2,0
単勝,短距離-1400,MF複勝1位,5-30,人気不問,989,113,78.3,64.0,63.8,0
複勝,少頭数-12,MF複勝1位,5-15,人気4-6,221,82,77.6,64.0,43.0,1
複勝,全体,MF複勝1位,1-10,人気4以下,787,262,71.4,64.0,63.9,0
複勝,少頭数-12,MF複勝2位以内,10-20,人気4以下,323,92,78.9,64.0,74.1,0
単勝,多頭数16+,MF複勝2位以内,3-10,人気4-6,1150,119,76.9,64.0,66.5,0
複勝,荒れR(1人気=MF4位以下),MF複勝3位以内,10-20,人気4以下,826,187,74.2,63.9,62.1,0
単勝,長距離1900+,MF複勝3位以内,10-20,人気不問,930,60,84.3,63.9,65.0,1
複勝,道悪,MF複勝3位以内,1-10,人気4以下,697,230,71.6,63.8,58.1,0
複勝,道悪,MF複勝3位以内,10-20,人気1-6,448,115,77.1,63.8,58.3,0
複勝,道悪,MF複勝3位以内,3-10,人気4以下,697,230,71.6,63.8,58.1,0
複勝,ダート,MF複勝1位,5-30,人気4-6,480,153,73.9,63.8,66.5,0
複勝,道悪,MF複勝3位以内,10-20,人気4-6,420,105,76.5,63.7,57.3,0
単勝,道悪,MF複勝3位以内,3-10,人気4-6,696,76,80.1,63.7,59.5,1
単勝,短距離-1400,MF複勝2位以内,1-20,人気4以下,1665,142,75.6,63.7,58.0,0
複勝,長距離1900+,MF複勝1位,5-15,人気4-6,195,68,78.6,63.6,38.4,1
複勝,少頭数-12,MF複勝1位,1-10,人気4-6,198,77,76.4,63.6,41.4,1
単勝,多頭数16+,MF複勝2位以内,1-10,人気4以下,1154,119,76.6,63.6,66.2,0
単勝,道悪,MF複勝2位以内,5-15,人気1-3,543,74,79.5,63.5,58.2,1
複勝,道悪,MF複勝1位,5-30,人気1-3,142,58,79.3,63.5,68.0,0
複勝,少頭数-12,MF複勝1位,5-15,人気4以下,228,83,76.4,63.5,46.9,1
複勝,荒れR(1人気=MF4位以下),MF複勝2位以内,10-20,人気1-6,282,74,80.1,63.5,71.0,0
単勝,ダート,MF複勝1位,5-15,人気1-6,1012,117,76.9,63.5,57.9,0
複勝,少頭数-12,MF複勝1位,3-10,人気4-6,198,77,76.4,63.5,41.4,1
単勝,短距離-1400,MF複勝2位以内,5-30,人気4-6,1493,133,76.4,63.4,62.4,0
単勝,芝,MF複勝1位,5-30,人気不問,1213,131,75.9,63.3,51.6,0
複勝,全体,MF複勝1位,1-10,人気4-6,785,260,70.8,63.3,63.9,0
複勝,道悪,MF複勝3位以内,1-10,人気4-6,696,229,71.2,63.1,58.1,0
単勝,荒れR(1人気=MF4位以下),MF複勝2位以内,5-30,人気1-3,733,97,77.4,63.1,32.9,1
単勝,道悪,MF複勝3位以内,3-10,人気4以下,697,76,79.9,63.1,59.5,1
複勝,道悪,MF複勝3位以内,3-10,人気4-6,696,229,71.2,63.0,58.1,0
単勝,短距離-1400,MF複勝1位,5-15,人気不問,935,110,77.1,63.0,59.6,0
単勝,道悪,MF複勝3位以内,1-20,人気4以下,1231,107,77.4,63.0,63.8,0
単勝,道悪,MF複勝3位以内,1-10,人気4以下,697,76,79.9,63.0,59.5,1
単勝,芝,MF複勝2位以内,5-15,人気4以下,1868,163,74.3,63.0,64.7,0
単勝,荒れR(1人気=MF4位以下),MF複勝2位以内,5-15,人気1-3,733,97,77.4,62.9,32.9,1
複勝,道悪,MF複勝1位,5-15,人気1-3,142,58,79.3,62.9,68.0,0
単勝,芝,MF複勝2位以内,5-15,人気4-6,1766,156,73.7,62.8,63.5,0
単勝,堅いR(1人気=MF1位),MF複勝3位以内,10-20,人気4以下,2407,139,75.7,62.8,55.4,0
複勝,芝,MF複勝1位,5-30,人気4以下,598,175,72.0,62.7,60.8,0
複勝,少頭数-12,MF複勝1位,1-10,人気4以下,198,77,76.4,62.7,41.4,1
単勝,多頭数16+,MF複勝1位,5-15,人気1-3,617,84,78.2,62.7,55.3,1
単勝,多頭数16+,MF複勝2位以内,3-10,人気4以下,1154,119,76.6,62.6,66.2,0
単勝,堅いR(1人気=MF1位),MF複勝3位以内,10-20,人気4-6,2031,120,76.0,62.6,58.1,1
単勝,多頭数16+,MF複勝1位,5-30,人気1-3,617,84,78.2,62.6,55.3,1
複勝,荒れR(1人気=MF4位以下),MF複勝3位以内,10-20,人気4-6,553,132,74.0,62.6,59.5,0
単勝,ダート,MF複勝3位以内,10-20,人気不問,2391,138,74.3,62.6,60.6,0
単勝,ダート,MF複勝1位,5-30,人気1-6,1033,117,75.3,62.6,57.0,0
単勝,ダート,MF複勝2位以内,10-20,人気4以下,783,52,83.2,62.5,48.2,1
単勝,短距離-1400,MF複勝2位以内,3-10,人気4-6,993,104,75.7,62.5,66.3,0
複勝,ダート,MF複勝1位,3-10,人気4以下,373,126,72.8,62.5,63.7,0
単勝,荒れR(1人気=MF4位以下),MF複勝1位,5-15,人気不問,729,82,78.7,62.5,65.7,1
単勝,道悪,MF複勝3位以内,1-10,人気4-6,696,76,80.1,62.4,59.5,1
複勝,芝,MF複勝1位,5-30,人気4-6,522,161,71.7,62.4,56.3,0
複勝,短距離-1400,MF複勝1位,5-15,人気4以下,428,131,73.7,62.4,55.3,0
複勝,ダート,MF複勝1位,5-30,人気4以下,548,164,71.6,62.3,64.8,0
複勝,荒れR(1人気=MF4位以下),MF複勝3位以内,10-20,人気1-6,568,135,73.7,62.3,58.4,0
単勝,ダート,MF複勝2位以内,5-30,人気1-3,2142,250,70.4,62.3,63.9,0
複勝,ダート,MF複勝1位,1-10,人気4以下,373,126,72.8,62.3,63.7,0
単勝,ダート,MF複勝3位以内,10-20,人気4以下,2235,129,74.5,62.2,60.7,0
単勝,短距離-1400,MF複勝2位以内,1-10,人気4-6,993,104,75.7,62.2,66.3,0
単勝,短距離-1400,MF複勝2位以内,5-15,人気4-6,1387,127,74.7,62.2,62.5,0
単勝,短距離-1400,MF複勝2位以内,3-10,人気4以下,996,104,75.5,62.1,66.3,0
複勝,少頭数-12,MF複勝1位,3-10,人気4以下,198,77,76.4,62.1,41.4,1
複勝,ダート,MF複勝1位,3-10,人気4-6,372,125,72.2,62.1,60.3,0
複勝,芝,MF複勝1位,5-15,人気4-6,503,157,71.8,62.0,57.4,0
単勝,芝,MF複勝1位,5-30,人気1-6,1137,127,74.9,62.0,55.2,0
単勝,少頭数-12,MF複勝2位以内,1-20,人気4-6,937,91,77.5,61.9,49.2,1
単勝,ダート,MF複勝2位以内,5-15,人気1-3,2136,249,69.8,61.8,64.0,0
単勝,短距離-1400,MF複勝3位以内,10-20,人気不問,1840,105,75.0,61.8,58.4,0
単勝,ダート,MF複勝1位,5-15,人気不問,1040,117,74.8,61.7,55.6,0
複勝,短距離-1400,MF複勝1位,5-30,人気4以下,482,140,72.1,61.7,57.1,0
単勝,短距離-1400,MF複勝3位以内,10-20,人気4以下,1758,100,75.4,61.7,58.4,0
単勝,短距離-1400,MF複勝2位以内,5-15,人気4以下,1478,131,73.7,61.6,59.0,0
複勝,ダート,MF複勝1位,1-10,人気4-6,372,125,72.2,61.5,60.3,0
複勝,道悪,MF複勝2位以内,3-10,人気4以下,324,108,72.7,61.4,58.7,0
単勝,短距離-1400,MF複勝2位以内,1-10,人気4以下,996,104,75.5,61.3,66.3,0
単勝,芝,MF複勝2位以内,5-30,人気4以下,2248,176,72.0,61.3,62.9,0
単勝,ダート,MF複勝3位以内,10-20,人気4-6,1792,106,74.2,61.2,63.5,0
単勝,ダート,MF複勝1位,5-30,人気1-3,553,74,77.9,61.1,58.9,0
単勝,ダート,MF複勝3位以内,10-20,人気1-6,1948,115,74.0,61.1,63.2,0
単勝,ダート,MF複勝1位,5-15,人気1-3,553,74,77.9,61.1,58.9,0
複勝,芝,MF複勝1位,5-15,人気4以下,530,161,70.7,61.0,57.7,0
単勝,ダート,MF複勝2位以内,10-20,人気不問,834,54,81.8,61.0,44.8,1
複勝,多頭数16+,MF複勝1位,1-20,人気4-6,498,146,70.7,60.8,64.0,0
複勝,長距離1900+,MF複勝1位,5-15,人気4以下,201,68,76.3,60.6,36.3,1
単勝,少頭数-12,MF複勝2位以内,1-20,人気4以下,991,93,75.8,60.6,53.1,1
単勝,少頭数-12,MF複勝2位以内,5-15,人気4以下,879,83,76.2,60.5,56.1,1
複勝,芝,MF複勝1位,1-10,人気4以下,414,136,70.1,60.5,61.3,0
複勝,道悪,MF複勝2位以内,3-10,人気4-6,323,107,72.0,60.4,58.7,0
複勝,多頭数16+,MF複勝1位,5-15,人気4-6,479,140,69.9,60.3,64.0,0
複勝,道悪,MF複勝2位以内,1-10,人気4以下,324,108,72.7,60.3,58.7,0
単勝,芝,MF複勝1位,5-15,人気1-6,1118,125,73.1,60.3,56.1,0
単勝,短距離-1400,MF複勝2位以内,5-30,人気4以下,1785,141,71.5,60.1,53.3,0
複勝,道悪,MF複勝2位以内,1-10,人気4-6,323,107,72.0,60.1,58.7,0
複勝,芝,MF複勝1位,3-10,人気4-6,413,135,69.4,60.1,61.3,0
複勝,少頭数-12,MF複勝1位,5-30,人気4以下,253,87,73.5,60.0,46.9,1
単勝,多頭数16+,MF複勝1位,5-15,人気1-6,1096,119,71.5,60.0,44.0,0
複勝,多頭数16+,MF複勝1位,5-30,人気4-6,495,143,70.1,59.9,64.0,0
複勝,芝,MF複勝1位,3-10,人気4以下,414,136,70.1,59.9,61.3,0
複勝,芝,MF複勝1位,1-10,人気4-6,413,135,69.4,59.7,61.3,0
単勝,芝,MF複勝2位以内,3-10,人気4以下,1306,129,70.3,59.6,62.9,0
単勝,少頭数-12,MF複勝2位以内,5-15,人気4-6,850,81,75.9,59.3,51.1,1
単勝,芝,MF複勝1位,5-15,人気不問,1145,126,72.3,59.2,55.2,0
単勝,芝,MF複勝2位以内,1-10,人気4以下,1306,129,70.3,59.1,62.9,0
単勝,多頭数16+,MF複勝1位,5-30,人気1-6,1112,120,72.1,59.1,43.5,0
複勝,多頭数16+,MF複勝1位,1-20,人気4以下,554,154,68.9,59.0,61.8,0
単勝,芝,MF複勝2位以内,1-10,人気4-6,1301,129,70.6,59.0,63.1,0
単勝,芝,MF複勝2位以内,3-10,人気4-6,1301,129,70.6,58.8,63.1,0
単勝,ダート,MF複勝1位,5-30,人気不問,1101,118,72.2,58.8,54.0,0
複勝,多頭数16+,MF複勝1位,5-15,人気4以下,507,144,68.8,58.7,65.5,0
単勝,少頭数-12,MF複勝2位以内,1-10,人気4-6,668,73,74.3,58.6,56.1,0
単勝,少頭数-12,MF複勝2位以内,3-10,人気4-6,668,73,74.3,58.6,56.1,0
単勝,多頭数16+,MF複勝1位,5-15,人気不問,1124,120,70.7,58.5,42.7,0
単勝,多頭数16+,MF複勝1位,5-30,人気不問,1190,123,71.6,58.4,48.5,0
単勝,少頭数-12,MF複勝2位以内,3-10,人気4以下,668,73,74.3,58.1,56.1,0
複勝,多頭数16+,MF複勝1位,3-10,人気4以下,378,116,68.7,58.1,50.6,0
複勝,多頭数16+,MF複勝1位,1-10,人気4-6,377,115,68.0,58.0,50.6,0
単勝,少頭数-12,MF複勝2位以内,1-10,人気4以下,668,73,74.3,58.0,56.1,0
複勝,多頭数16+,MF複勝1位,3-10,人気4-6,377,115,68.0,57.9,50.6,0
複勝,多頭数16+,MF複勝1位,5-30,人気4以下,573,153,67.4,57.8,59.2,0
複勝,多頭数16+,MF複勝1位,1-10,人気4以下,378,116,68.7,57.7,50.6,0
単勝,少頭数-12,MF複勝2位以内,5-30,人気4-6,949,84,73.1,57.6,46.5,1
単勝,短距離-1400,MF複勝3位以内,10-20,人気4-6,1330,76,73.4,57.4,44.8,0
複勝,ダート,MF複勝3位以内,10-20,人気1-3,156,50,76.9,57.2,64.8,0
単勝,短距離-1400,MF複勝3位以内,10-20,人気1-6,1412,81,73.0,57.0,45.6,1
複勝,長距離1900+,MF複勝1位,1-10,人気4以下,160,54,71.1,56.0,41.6,1
単勝,長距離1900+,MF複勝1位,5-30,人気不問,461,50,76.3,55.7,45.6,1
複勝,長距離1900+,MF複勝1位,3-10,人気4以下,160,54,71.1,55.7,41.6,1
単勝,全体,MF複勝1位,1-20,人気4-6,1012,87,69.7,55.4,65.1,0
単勝,全体,MF複勝1位,1-20,人気4以下,1120,91,68.9,55.3,62.6,0
複勝,長距離1900+,MF複勝1位,1-10,人気4-6,160,54,71.1,55.1,41.6,1
複勝,長距離1900+,MF複勝1位,3-10,人気4-6,160,54,71.1,55.0,41.6,1
単勝,少頭数-12,MF複勝2位以内,5-30,人気4以下,1032,86,69.7,54.4,49.9,0
単勝,全体,MF複勝1位,5-30,人気4-6,1002,83,68.5,53.8,62.8,0
単勝,全体,MF複勝1位,5-30,人気4以下,1146,88,67.5,53.6,55.9,0
単勝,全体,MF複勝1位,5-15,人気4-6,962,81,67.8,53.6,63.3,0
単勝,全体,MF複勝1位,5-15,人気4以下,1017,82,65.2,51.8,59.7,0
単勝,全体,MF複勝1位,1-10,人気4-6,785,68,60.1,46.9,53.8,0
単勝,全体,MF複勝1位,3-10,人気4-6,785,68,60.1,46.6,53.8,0
単勝,全体,MF複勝1位,1-10,人気4以下,787,68,59.9,46.3,53.1,0
単勝,全体,MF複勝1位,3-10,人気4以下,787,68,59.9,46.0,53.1,0
