母父名,母父_産駒数,母父_勝率,母父_連対率,母父_複勝率,母父_芝勝率,母父_ダート勝率,母父_短距離勝率,母父_中距離勝率,母父_長距離勝率,母父_良馬場勝率,母父_重馬場勝率,母父_平均着順
Acquant,9,0.1111111111111111,0.6666666666666666,0.8888888888888888,,0.1111111111111111,,0.1111111111111111,,0.14285714285714285,0.0,2.4444444444444446
Always Auditioning,7,0.0,0.0,0.2857142857142857,,0.0,,0.0,0.0,0.0,0.0,7.0
Appealing Stella,5,0.0,0.0,0.0,,0.0,0.0,,,0.0,0.0,10.6
Beauty and Light,8,0.375,0.5,0.5,0.0,0.42857142857142855,0.375,,,0.5,0.0,5.375
Bellini Sunrise,11,0.0,0.0,0.0,,0.0,0.0,0.0,,0.0,0.0,8.363636363636363
Blading Gold Ring,6,0.0,0.0,0.0,0.0,0.0,0.0,0.0,0.0,0.0,0.0,11.0
Bodacious Babe,5,0.2,0.2,0.2,,0.2,,0.2,,0.0,1.0,7.6
Broadway Lullaby,6,0.0,0.16666666666666666,0.16666666666666666,0.0,,0.0,,,0.0,0.0,5.5
Cabaret Starlet,6,0.0,0.16666666666666666,0.16666666666666666,0.0,0.0,0.0,0.0,,0.0,0.0,9.166666666666666
Cape Elizabeth,5,0.0,0.0,0.0,,0.0,0.0,,,0.0,0.0,13.4
Careless Jewel,7,0.2857142857142857,0.2857142857142857,0.2857142857142857,0.3333333333333333,0.0,0.5,0.2,,0.2857142857142857,,7.714285714285714
Cat's Fair,7,0.0,0.14285714285714285,0.2857142857142857,,0.0,0.0,0.0,,0.0,0.0,6.857142857142857
Coco as in Chanel,7,0.0,0.14285714285714285,0.14285714285714285,0.0,0.0,0.0,0.0,,0.0,0.0,10.428571428571429
Cocoa Cowgirl,7,0.14285714285714285,0.14285714285714285,0.2857142857142857,0.0,0.16666666666666666,0.14285714285714285,,,0.0,1.0,9.714285714285714
Combat's Love,6,0.0,0.16666666666666666,0.16666666666666666,0.0,0.0,0.0,0.0,,0.0,0.0,9.166666666666666
Country Cafe,10,0.2,0.3,0.3,0.0,0.2222222222222222,0.0,0.3333333333333333,0.0,0.0,0.3333333333333333,6.3
Cowgirl Lucky,8,0.25,0.375,0.5,,0.25,0.0,0.3333333333333333,,0.4,0.0,4.875
Crescent Moon,5,0.0,0.0,0.0,0.0,0.0,0.0,0.0,,0.0,0.0,12.4
Date to Remember,5,0.0,0.2,0.2,0.0,0.0,,0.0,,0.0,0.0,6.8
Diamante,6,0.0,0.0,0.0,0.0,0.0,0.0,0.0,0.0,0.0,0.0,9.166666666666666
Dupe,5,0.2,0.6,0.8,0.2,,,0.2,,0.2,,2.4
Espial,17,0.058823529411764705,0.17647058823529413,0.29411764705882354,0.0,0.1,0.09090909090909091,0.0,,0.0,0.2,6.0
Fashionable,6,0.3333333333333333,0.5,0.5,0.3333333333333333,,0.0,0.6666666666666666,,0.25,,5.5
For Passion,13,0.23076923076923078,0.23076923076923078,0.38461538461538464,,0.23076923076923078,0.25,0.0,,0.25,0.0,6.769230769230769
Fraulein,5,0.0,0.2,0.2,0.0,0.0,,0.0,,0.0,,6.6
Frolic's Revenge,8,0.25,0.375,0.375,,0.25,,0.2,0.3333333333333333,0.16666666666666666,1.0,5.625
Glinda the Good,5,0.2,0.8,1.0,,0.2,0.2,,,0.0,,2.0
Glorious Success,5,0.0,0.0,0.0,0.0,0.0,,0.0,,0.0,,7.6
Golden Made,5,0.0,0.0,0.0,0.0,0.0,0.0,0.0,0.0,0.0,0.0,11.4
Gracious Lady,8,0.375,0.375,0.375,,0.375,0.375,,,0.2,1.0,5.0
Her Smile,6,0.0,0.0,0.0,,0.0,0.0,,,0.0,0.0,11.833333333333334
Ilikecandy,12,0.25,0.3333333333333333,0.5833333333333334,,0.25,0.3333333333333333,0.2222222222222222,,0.2222222222222222,0.5,6.166666666666667
Into Reality,5,0.0,0.2,0.4,0.0,0.0,0.0,0.0,,0.0,0.0,8.4
Invitation,6,0.0,0.0,0.16666666666666666,0.0,0.0,,0.0,0.0,0.0,0.0,9.333333333333334
Jillnextdoor,5,0.2,0.2,0.2,0.0,0.25,0.5,0.0,,0.0,1.0,6.6
Kerry's Dream,6,0.16666666666666666,0.5,0.6666666666666666,0.0,0.2,0.2,0.0,,0.0,0.0,5.5
Kitten's Peak,14,0.14285714285714285,0.2857142857142857,0.35714285714285715,0.0,0.15384615384615385,0.14285714285714285,,,0.1111111111111111,0.25,5.071428571428571
Little Miss Muffet,10,0.4,0.5,0.7,0.4,,0.3333333333333333,0.5,0.0,0.16666666666666666,0.5,3.9
Love and Pride,5,0.2,0.4,0.6,0.0,0.25,,0.2,,0.3333333333333333,0.0,3.6
Maltese Googol,9,0.0,0.2222222222222222,0.3333333333333333,,0.0,0.0,0.0,0.0,0.0,0.0,7.777777777777778
Mare and Cher,8,0.125,0.125,0.125,,0.125,0.14285714285714285,0.0,,0.16666666666666666,0.0,7.5
Maria's Dance,8,0.0,0.375,0.375,0.0,0.0,0.0,,,0.0,,6.5
Mary's Follies,6,0.6666666666666666,0.6666666666666666,0.6666666666666666,0.0,1.0,,0.6666666666666666,,0.5,1.0,5.5
Mayoress,5,0.0,0.0,0.2,,0.0,,0.0,0.0,0.0,0.0,7.2
Midnight Visit,6,0.0,0.3333333333333333,0.6666666666666666,,0.0,,0.0,,0.0,0.0,4.166666666666667
Miss Singhsix,5,0.2,0.8,0.8,,0.2,1.0,0.0,,0.25,,3.4
Miss With Attitude,10,0.0,0.1,0.3,0.0,0.0,0.0,0.0,,0.0,0.0,5.2
Missamerica Bertie,7,0.0,0.14285714285714285,0.14285714285714285,,0.0,0.0,,,0.0,0.0,9.285714285714286
Muravka,7,0.0,0.2857142857142857,0.2857142857142857,0.0,0.0,0.0,0.0,0.0,0.0,0.0,8.571428571428571
Muscovado,5,0.4,0.4,0.4,0.4,,,0.4,,0.4,,6.4
My Anguilla,5,0.0,0.0,0.2,0.0,,,,0.0,0.0,,6.8
My Fast One,7,0.2857142857142857,0.2857142857142857,0.2857142857142857,,0.2857142857142857,0.4,0.0,,0.4,0.0,8.0
Mystical Star,5,0.2,0.2,0.2,,0.2,0.0,0.25,,0.3333333333333333,0.0,7.2
Nokaze,17,0.23529411764705882,0.4117647058823529,0.47058823529411764,0.2857142857142857,0.0,0.0,0.3076923076923077,0.0,0.26666666666666666,,4.9411764705882355
Our Miss Jones,10,0.2,0.2,0.2,,0.2,0.2,,,0.16666666666666666,0.0,4.5
Painted Woman,8,0.0,0.0,0.0,,0.0,0.0,0.0,,0.0,0.0,9.625
Pirika,9,0.0,0.0,0.0,0.0,0.0,,0.0,0.0,0.0,0.0,8.666666666666666
Polish Silk,5,0.0,0.2,0.4,,0.0,0.0,,,0.0,,6.6
Princess Cammie,6,0.0,0.16666666666666666,0.16666666666666666,0.0,0.0,0.0,0.0,,0.0,0.0,6.5
Profitability,6,0.0,0.16666666666666666,0.3333333333333333,0.0,0.0,,0.0,,0.0,0.0,6.833333333333333
Pyrography,11,0.09090909090909091,0.2727272727272727,0.5454545454545454,0.1,0.0,,0.09090909090909091,,0.2,0.0,5.181818181818182
Reset In Blue,5,0.0,0.0,0.0,0.0,,0.0,0.0,,0.0,,10.4
Santa Vindi,8,0.0,0.0,0.375,,0.0,0.0,,,0.0,0.0,6.625
Screen Goddess,15,0.2,0.26666666666666666,0.26666666666666666,0.0,0.21428571428571427,,0.2,0.2,0.2222222222222222,0.25,6.4
Sindy With an S,13,0.0,0.15384615384615385,0.23076923076923078,0.0,0.0,,0.0,0.0,0.0,0.0,6.923076923076923
Sisheba,6,0.0,0.0,0.0,0.0,,0.0,,,0.0,0.0,7.5
Squeeze,6,0.16666666666666666,0.16666666666666666,0.3333333333333333,0.16666666666666666,,0.0,0.3333333333333333,,0.2,0.0,6.166666666666667
Stopchargingmaria,5,0.2,0.2,0.4,0.0,0.25,,0.2,,0.5,0.0,3.6
Summer On the Lawn,5,0.2,0.4,0.4,0.0,0.25,,0.2,,0.5,0.0,4.6
Sweet Talker,9,0.1111111111111111,0.3333333333333333,0.4444444444444444,0.0,0.2,0.0,0.16666666666666666,,0.0,0.5,7.111111111111111
Sweet Win,11,0.09090909090909091,0.18181818181818182,0.45454545454545453,0.0,0.1111111111111111,0.0,0.14285714285714285,0.0,0.25,0.0,4.818181818181818
Swinging,9,0.0,0.0,0.0,0.0,0.0,0.0,,0.0,0.0,0.0,10.222222222222221
Switcheroo,6,0.0,0.0,0.0,0.0,0.0,0.0,0.0,0.0,0.0,0.0,8.333333333333334
Tee Off,5,0.0,0.0,0.0,,0.0,0.0,0.0,,0.0,0.0,7.8
Unbridled Empire,5,0.0,0.0,0.0,0.0,0.0,0.0,0.0,,0.0,0.0,9.4
Under Wraps,13,0.23076923076923078,0.46153846153846156,0.6153846153846154,1.0,0.16666666666666666,0.18181818181818182,0.0,1.0,0.16666666666666666,0.25,4.461538461538462
Unrivaled Belle,9,0.1111111111111111,0.3333333333333333,0.3333333333333333,0.1111111111111111,,,0.125,0.0,0.14285714285714285,0.0,5.111111111111111
Waveband,11,0.0,0.18181818181818182,0.36363636363636365,0.0,,,0.0,0.0,0.0,0.0,4.909090909090909
アイアムアクトレス,5,0.2,0.2,0.2,,0.2,0.25,0.0,,0.25,0.0,8.0
アイアムカミノマゴ,13,0.07692307692307693,0.38461538461538464,0.6153846153846154,0.0,0.08333333333333333,0.25,0.0,,0.0,0.0,3.923076923076923
アイアムトゥルー,11,0.0,0.09090909090909091,0.09090909090909091,,0.0,0.0,,,0.0,,5.2727272727272725
アイアムネオ,11,0.09090909090909091,0.18181818181818182,0.18181818181818182,,0.09090909090909091,0.09090909090909091,,,0.2,0.0,6.636363636363637
アイアムネフライト,15,0.0,0.0,0.06666666666666667,,0.0,0.0,0.0,,0.0,0.0,9.866666666666667
アイアムノココロ,11,0.09090909090909091,0.2727272727272727,0.2727272727272727,0.0,0.1111111111111111,0.125,0.0,,0.0,0.0,5.909090909090909
アイアムラヴィング,8,0.0,0.0,0.0,0.0,0.0,0.0,0.0,0.0,0.0,,10.625
アイアムルビー,9,0.0,0.1111111111111111,0.1111111111111111,0.0,0.0,0.0,0.0,,0.0,0.0,6.777777777777778
アイアンクリッパー,9,0.0,0.1111111111111111,0.1111111111111111,0.0,0.0,0.0,,,0.0,,10.777777777777779
アイアンドユー,5,0.0,0.0,0.0,0.0,,,0.0,0.0,0.0,0.0,9.6
アイシークレット,8,0.125,0.25,0.25,,0.125,0.125,,,0.25,,7.75
アイシースズカ,29,0.034482758620689655,0.06896551724137931,0.1724137931034483,0.0,0.041666666666666664,0.043478260869565216,0.0,,0.047619047619047616,0.0,8.206896551724139
アイスドール,11,0.18181818181818182,0.18181818181818182,0.2727272727272727,0.0,0.2222222222222222,0.3333333333333333,0.2,0.0,0.2857142857142857,0.0,6.7272727272727275
アイスフォーリス,10,0.1,0.1,0.3,0.2,0.0,,0.0,0.2,0.0,0.0,7.1
アイスメアー,14,0.14285714285714285,0.21428571428571427,0.42857142857142855,0.0,0.16666666666666666,0.25,0.125,0.0,0.125,0.0,6.214285714285714
アイズオンリー,22,0.045454545454545456,0.045454545454545456,0.09090909090909091,0.06666666666666667,0.0,0.0,0.05555555555555555,,0.06666666666666667,,6.863636363636363
アイティアビー,14,0.0,0.0,0.0,,0.0,0.0,0.0,0.0,0.0,0.0,10.714285714285714
アイナマーリエ,8,0.125,0.375,0.5,,0.125,0.0,0.25,0.0,0.5,0.0,6.0
アイノココロ,6,0.0,0.16666666666666666,0.16666666666666666,,0.0,,0.0,,0.0,,7.666666666666667
アイファーイービス,5,0.0,0.0,0.0,,0.0,0.0,0.0,,0.0,,10.4
アイファーシンシア,5,0.0,0.0,0.0,0.0,0.0,0.0,0.0,0.0,0.0,,11.8
アイファーペガサス,9,0.1111111111111111,0.3333333333333333,0.4444444444444444,0.0,0.125,,0.0,0.16666666666666666,0.0,0.0,6.777777777777778
アイファーヴァース,5,0.0,0.0,0.0,,0.0,0.0,0.0,,0.0,0.0,12.8
アイムオールレディセクシー,7,0.0,0.0,0.0,0.0,0.0,0.0,0.0,,0.0,0.0,9.428571428571429
アイムユアドリーム,6,0.16666666666666666,0.16666666666666666,0.16666666666666666,,0.16666666666666666,,0.2,0.0,0.0,0.0,6.5
アイラシンガー,5,0.0,0.0,0.0,,0.0,0.0,0.0,,0.0,0.0,13.2
アイラブリリ,12,0.25,0.25,0.4166666666666667,0.0,0.3333333333333333,0.4,0.2,0.0,0.3333333333333333,0.0,6.333333333333333
アイランドファッション,11,0.09090909090909091,0.18181818181818182,0.2727272727272727,0.0,0.25,0.16666666666666666,0.0,,0.14285714285714285,0.0,7.363636363636363
アイリスモレア,23,0.08695652173913043,0.08695652173913043,0.17391304347826086,0.10526315789473684,0.0,0.13333333333333333,0.0,,0.11764705882352941,0.0,8.304347826086957
アイリッシュペコ,10,0.0,0.1,0.3,0.0,0.0,,0.0,0.0,0.0,0.0,5.4
アイルゴーバック,6,0.0,0.16666666666666666,0.16666666666666666,0.0,0.0,0.0,,0.0,0.0,,9.0
アインライツ,8,0.0,0.0,0.0,0.0,0.0,0.0,0.0,0.0,0.0,0.0,9.5
アウトオブザウィム,12,0.0,0.0,0.16666666666666666,0.0,0.0,0.0,0.0,,0.0,0.0,7.75
アウトオブタイム,6,0.16666666666666666,0.3333333333333333,0.5,,0.16666666666666666,0.0,0.5,,0.16666666666666666,,5.166666666666667
アウトシャイン,6,0.0,0.0,0.3333333333333333,0.0,0.0,0.0,,,0.0,0.0,6.333333333333333
アオゾラ,6,0.3333333333333333,0.5,0.6666666666666666,0.3333333333333333,,,0.3333333333333333,0.3333333333333333,0.0,,3.8333333333333335
アオゾラペダル,7,0.0,0.14285714285714285,0.14285714285714285,0.0,0.0,0.0,0.0,0.0,0.0,0.0,8.142857142857142
アオバ,5,0.0,0.0,0.0,0.0,0.0,0.0,0.0,,0.0,0.0,13.4
アオバコリン,8,0.375,0.5,0.5,0.375,,,0.6,0.0,0.3333333333333333,0.0,4.0
アガサ,13,0.0,0.07692307692307693,0.07692307692307693,,0.0,0.0,0.0,,0.0,0.0,7.923076923076923
アガペー,6,0.0,0.0,0.16666666666666666,0.0,0.0,0.0,0.0,0.0,0.0,,7.833333333333333
アガルタ,8,0.25,0.375,0.5,0.25,,,0.25,0.25,0.4,0.0,4.875
アガーテ,5,0.0,0.0,0.0,0.0,0.0,0.0,0.0,,0.0,0.0,9.6
アクアブルーハート,5,0.0,0.2,0.2,0.0,0.0,0.0,0.0,,0.0,,6.0
アクアリング,7,0.0,0.2857142857142857,0.2857142857142857,0.0,,0.0,0.0,,0.0,,7.428571428571429
アクティビューティ,6,0.16666666666666666,0.16666666666666666,0.16666666666666666,,0.16666666666666666,0.16666666666666666,,,0.25,0.0,8.333333333333334
アクロスザライト,8,0.0,0.0,0.125,0.0,0.0,0.0,0.0,,0.0,0.0,7.375
アクロバットラン,5,0.0,0.4,0.4,0.0,,,0.0,,0.0,,3.2
アグネスカルミア,7,0.0,0.0,0.0,0.0,0.0,0.0,0.0,,0.0,,8.857142857142858
アグネスショコラ,9,0.0,0.4444444444444444,0.5555555555555556,0.0,0.0,0.0,0.0,,0.0,,5.444444444444445
アグネスバラード,6,0.0,0.0,0.0,,0.0,0.0,0.0,,0.0,0.0,12.666666666666666
アグネスパサー,7,0.0,0.0,0.0,0.0,0.0,,0.0,0.0,0.0,0.0,8.142857142857142
アグネスメープル,5,0.0,0.0,0.0,0.0,0.0,0.0,0.0,0.0,0.0,,11.8
アグネスラブ,6,0.0,0.0,0.16666666666666666,0.0,,,0.0,,0.0,0.0,6.5
アグネスリース,7,0.14285714285714285,0.14285714285714285,0.42857142857142855,0.25,0.0,0.0,0.0,0.5,0.0,0.0,7.571428571428571
アグネスワルツ,8,0.125,0.25,0.5,0.14285714285714285,0.0,,0.14285714285714285,0.0,0.0,0.0,4.375
アサカラヴァーズ,8,0.0,0.0,0.0,,0.0,0.0,0.0,,0.0,0.0,8.375
アサクサロータス,5,0.0,0.0,0.0,,0.0,0.0,0.0,,0.0,0.0,8.0
アシュレイリバー,11,0.2727272727272727,0.45454545454545453,0.5454545454545454,0.3,0.0,,0.3333333333333333,0.25,0.3333333333333333,0.5,4.454545454545454
アジアンプリンセス,5,0.2,0.4,0.4,,0.2,,0.2,,0.3333333333333333,0.0,7.0
アスカトップレディ,7,0.14285714285714285,0.14285714285714285,0.14285714285714285,0.0,0.16666666666666666,0.5,0.0,0.0,0.0,0.25,8.142857142857142
アスクレピアス,7,0.0,0.0,0.0,0.0,0.0,0.0,0.0,0.0,0.0,,10.0
アスコルティ,5,0.4,0.4,0.4,0.6666666666666666,0.0,0.6666666666666666,0.0,,0.5,0.0,6.6
アスターヒューモア,11,0.09090909090909091,0.09090909090909091,0.18181818181818182,0.0,0.1111111111111111,0.2,0.0,0.0,0.125,0.0,8.272727272727273
アステオン,7,0.14285714285714285,0.2857142857142857,0.42857142857142855,0.16666666666666666,0.0,0.0,0.16666666666666666,,0.25,,7.714285714285714
アステュート,5,0.0,0.0,0.0,0.0,0.0,,0.0,0.0,0.0,0.0,9.4
アステリオン,5,0.2,0.2,0.4,,0.2,,0.0,0.25,0.25,,9.2
アスピリンスノー,8,0.0,0.125,0.25,0.0,0.0,0.0,0.0,,0.0,0.0,7.625
アズマガール,6,0.0,0.0,0.0,,0.0,0.0,0.0,,0.0,,12.333333333333334
アゼリ,10,0.1,0.3,0.3,0.1111111111111111,0.0,,0.14285714285714285,0.0,0.0,,6.6
アソルータ,21,0.0,0.14285714285714285,0.19047619047619047,0.0,0.0,,0.0,0.0,0.0,0.0,7.380952380952381
アップルトウショウ,8,0.0,0.0,0.125,0.0,0.0,0.0,0.0,,0.0,0.0,8.375
アップワードスパイラル,12,0.08333333333333333,0.25,0.3333333333333333,0.08333333333333333,,,0.1,0.0,0.125,0.0,5.75
アディクティド,11,0.18181818181818182,0.18181818181818182,0.18181818181818182,0.18181818181818182,,0.0,0.2222222222222222,,0.25,0.0,8.636363636363637
アディシオン,5,0.0,0.0,0.0,,0.0,0.0,0.0,,0.0,0.0,10.8
アデュラリア,8,0.0,0.0,0.25,,0.0,0.0,,,0.0,0.0,7.5
アトムスパンカー,7,0.0,0.0,0.0,0.0,0.0,0.0,0.0,,0.0,0.0,14.142857142857142
アトランティード,7,0.0,0.0,0.14285714285714285,0.0,0.0,0.0,0.0,,0.0,0.0,6.285714285714286
アドニータ,15,0.13333333333333333,0.26666666666666666,0.4,0.25,0.09090909090909091,,0.14285714285714285,0.0,0.125,0.0,5.2
アドバンスクラーレ,7,0.0,0.2857142857142857,0.7142857142857143,,0.0,0.0,0.0,,0.0,0.0,3.5714285714285716
アドマイヤアモーレ,16,0.0,0.1875,0.25,0.0,0.0,0.0,0.0,0.0,0.0,0.0,6.5
アドマイヤイチ,9,0.0,0.0,0.0,0.0,0.0,0.0,0.0,,0.0,0.0,11.444444444444445
アドマイヤインディ,5,0.0,0.0,0.0,,0.0,0.0,0.0,,0.0,,8.0
アドマイヤオウカ,5,0.0,0.0,0.0,0.0,,0.0,0.0,,0.0,,8.8
アドマイヤオンリー,8,0.0,0.0,0.5,0.0,0.0,0.0,0.0,,0.0,0.0,5.75
アドマイヤキュート,15,0.13333333333333333,0.2,0.2,0.13333333333333333,,,0.16666666666666666,0.0,0.2,0.0,6.733333333333333
アドマイヤキラメキ,6,0.0,0.3333333333333333,0.3333333333333333,0.0,0.0,0.0,0.0,,0.0,,7.666666666666667
アドマイヤシズカ,6,0.0,0.0,0.0,0.0,0.0,0.0,0.0,,0.0,0.0,11.0
アドマイヤシルク,10,0.2,0.3,0.3,0.4,0.0,0.0,0.4,0.0,0.16666666666666666,1.0,6.2
アドマイヤシーマ,7,0.0,0.42857142857142855,0.7142857142857143,0.0,,,0.0,0.0,0.0,0.0,3.142857142857143
アドマイヤジュエル,14,0.0,0.07142857142857142,0.07142857142857142,0.0,0.0,0.0,0.0,0.0,0.0,0.0,8.214285714285714
アドマイヤセプター,11,0.09090909090909091,0.5454545454545454,0.5454545454545454,0.09090909090909091,,0.125,0.0,,0.0,0.0,4.7272727272727275
アドマイヤダンサー,6,0.0,0.0,0.0,0.0,,,0.0,0.0,0.0,,6.833333333333333
アドマイヤテレサ,5,0.0,0.0,0.2,0.0,,,0.0,0.0,0.0,0.0,8.6
アドマイヤトパーズ,9,0.0,0.0,0.2222222222222222,0.0,0.0,0.0,0.0,,0.0,0.0,7.0
アドマイヤパンチ,14,0.07142857142857142,0.2857142857142857,0.35714285714285715,0.16666666666666666,0.0,,0.0,0.2,0.0,0.3333333333333333,6.5
アドマイヤヒラリー,6,0.0,0.0,0.0,,0.0,0.0,0.0,0.0,0.0,0.0,9.0
アドマイヤビアン,8,0.375,0.375,0.375,0.375,,0.5,0.2,1.0,0.75,0.0,5.25
アドマイヤマダム,9,0.0,0.0,0.0,,0.0,,0.0,,0.0,0.0,11.11111111111111
アドマイヤラック,8,0.125,0.125,0.125,,0.125,0.14285714285714285,0.0,,0.2,0.0,6.25
アドマイヤレッド,5,0.0,0.0,0.2,,0.0,0.0,0.0,,0.0,,7.6
アナアメリカーナ,11,0.09090909090909091,0.18181818181818182,0.2727272727272727,0.1111111111111111,0.0,0.0,0.16666666666666666,0.0,0.1,,6.454545454545454
アナザーガール,6,0.0,0.0,0.3333333333333333,,0.0,,0.0,0.0,0.0,0.0,6.0
アナンジュパス,6,0.0,0.16666666666666666,0.16666666666666666,0.0,0.0,,0.0,0.0,0.0,0.0,7.166666666666667
アニマトゥール,5,0.0,0.0,0.0,0.0,0.0,,0.0,0.0,0.0,,9.8
アニメイトバイオ,7,0.2857142857142857,0.2857142857142857,0.2857142857142857,0.2857142857142857,,0.4,0.0,,0.2,,5.142857142857143
アバンダンティア,6,0.0,0.0,0.0,,0.0,0.0,0.0,,0.0,,9.5
アパパネ,16,0.1875,0.25,0.3125,0.2,0.0,,0.25,0.0,0.23076923076923078,0.0,6.5
アビラ,13,0.0,0.15384615384615385,0.15384615384615385,0.0,0.0,0.0,0.0,,0.0,0.0,10.0
アピールII,10,0.0,0.2,0.2,0.0,0.0,0.0,0.0,,0.0,0.0,10.5
アフィニティ,6,0.0,0.0,0.0,,0.0,0.0,,,0.0,0.0,11.333333333333334
アフェクショネット,8,0.375,0.5,0.5,,0.375,0.5,0.0,,0.0,0.0,3.25
アフェランドラ,5,0.0,0.0,0.2,0.0,,,0.0,0.0,0.0,0.0,7.2
アフレイタス,9,0.2222222222222222,0.2222222222222222,0.3333333333333333,,0.2222222222222222,0.2222222222222222,,,0.2,0.0,5.444444444444445
アフロディシアス,7,0.2857142857142857,0.42857142857142855,0.5714285714285714,,0.2857142857142857,,0.4,0.0,0.2,,4.142857142857143
アブソリュートレディ,6,0.3333333333333333,0.3333333333333333,0.3333333333333333,0.25,0.5,0.0,0.5,,0.0,0.0,6.5
アプリコットフィズ,16,0.0625,0.125,0.25,0.07692307692307693,0.0,0.0,0.0,0.25,0.07692307692307693,0.0,5.8125
アペラシオン,11,0.09090909090909091,0.09090909090909091,0.18181818181818182,,0.09090909090909091,0.1111111111111111,0.0,,0.14285714285714285,0.0,9.181818181818182
アポセカリー,7,0.0,0.0,0.0,0.0,0.0,0.0,0.0,,0.0,0.0,8.142857142857142
アポロジャスミン,9,0.0,0.2222222222222222,0.3333333333333333,,0.0,0.0,0.0,,0.0,,5.888888888888889
アポロティアラ,5,0.2,0.2,0.4,0.2,,,0.0,0.25,0.2,,6.2
アポロノカンザシ,18,0.05555555555555555,0.16666666666666666,0.2222222222222222,0.0,0.058823529411764705,0.0,0.0,0.3333333333333333,0.0,0.0,7.666666666666667
アマダブラム,6,0.0,0.0,0.0,0.0,0.0,0.0,0.0,,0.0,0.0,9.5
アマノチェリーラン,6,0.0,0.0,0.0,,0.0,0.0,0.0,,0.0,0.0,7.833333333333333
アマルフィターナ,5,0.0,0.6,0.6,0.0,,0.0,0.0,,0.0,0.0,5.0
アミリス,6,0.16666666666666666,0.16666666666666666,0.3333333333333333,,0.16666666666666666,0.0,0.2,,0.0,0.0,8.666666666666666
アムールポエジー,10,0.0,0.0,0.3,,0.0,,0.0,0.0,0.0,0.0,5.8
アムールレジェンド,10,0.0,0.0,0.1,0.0,0.0,0.0,0.0,0.0,0.0,0.0,9.2
アメリ,19,0.21052631578947367,0.3684210526315789,0.3684210526315789,0.21428571428571427,0.2,,0.25,0.0,0.2,0.3333333333333333,5.473684210526316
アメージングムーン,5,0.6,0.6,0.6,0.6,,,0.6666666666666666,0.5,0.3333333333333333,1.0,4.8
アモールミーオ,7,0.0,0.0,0.0,0.0,0.0,0.0,0.0,,0.0,0.0,11.428571428571429
アモーレヴォレ,5,0.0,0.2,0.2,0.0,0.0,0.0,0.0,,0.0,,5.8
アユサン,10,0.0,0.1,0.2,0.0,,0.0,0.0,,0.0,0.0,6.4
アラドヴァル,6,0.0,0.0,0.3333333333333333,,0.0,,0.0,0.0,0.0,0.0,4.833333333333333
アラマサスナイパー,5,0.0,0.0,0.4,0.0,0.0,0.0,0.0,,0.0,0.0,6.0
アラマサダンサー,13,0.07692307692307693,0.07692307692307693,0.07692307692307693,0.0,0.09090909090909091,0.08333333333333333,0.0,,0.0,0.5,10.692307692307692
アリオーン,5,0.0,0.0,0.0,,0.0,0.0,0.0,,0.0,0.0,9.6
アリゲーターアリー,7,0.0,0.0,0.0,0.0,0.0,0.0,0.0,,0.0,0.0,8.428571428571429
アリスマイン,5,0.0,0.0,0.0,0.0,0.0,,0.0,0.0,0.0,0.0,11.8
アリデッド,5,0.0,0.0,0.0,0.0,,0.0,0.0,,0.0,0.0,8.0
アリュージョン,7,0.0,0.0,0.14285714285714285,0.0,0.0,0.0,0.0,,0.0,,8.571428571428571
アリー,14,0.0,0.07142857142857142,0.21428571428571427,0.0,0.0,0.0,0.0,,0.0,,7.928571428571429
アリーペデ,7,0.0,0.0,0.0,0.0,0.0,,0.0,0.0,0.0,,8.571428571428571
アルアマーナ,12,0.16666666666666666,0.3333333333333333,0.4166666666666667,0.0,0.2,0.0,0.2,,0.2222222222222222,0.0,5.916666666666667
アルカネット,10,0.0,0.0,0.0,0.0,,,0.0,,0.0,,6.6
アルカンジュ,9,0.1111111111111111,0.2222222222222222,0.2222222222222222,0.0,0.14285714285714285,0.0,0.14285714285714285,0.0,0.0,0.0,9.0
アルギュロス,6,0.0,0.0,0.16666666666666666,0.0,,0.0,0.0,,0.0,,9.0
アルシッペ,7,0.14285714285714285,0.2857142857142857,0.2857142857142857,,0.14285714285714285,,0.16666666666666666,0.0,0.0,0.0,5.857142857142857
アルティメイトラブ,13,0.23076923076923078,0.3076923076923077,0.38461538461538464,0.0,0.2727272727272727,,0.2727272727272727,0.0,0.2222222222222222,0.5,4.923076923076923
アルデグロリア,9,0.0,0.2222222222222222,0.3333333333333333,0.0,0.0,0.0,0.0,0.0,0.0,0.0,6.555555555555555
アルデュイナ,11,0.09090909090909091,0.18181818181818182,0.2727272727272727,,0.09090909090909091,0.0,0.1,,0.0,0.3333333333333333,6.181818181818182
アルトゥーナ,6,0.0,0.0,0.16666666666666666,0.0,0.0,0.0,0.0,,0.0,0.0,7.5
アルビアーノ,6,0.3333333333333333,0.3333333333333333,0.3333333333333333,0.3333333333333333,,0.3333333333333333,0.3333333333333333,,0.2,,5.333333333333333
アルピナブルー,8,0.125,0.125,0.5,0.2,0.0,0.16666666666666666,0.0,,0.2,0.0,6.0
アルフィルク,7,0.0,0.0,0.0,,0.0,,0.0,0.0,0.0,0.0,8.285714285714286
アルペンローズ,8,0.125,0.125,0.125,0.125,,0.2,0.0,0.0,0.0,0.0,8.375
アルマシャウラ,8,0.0,0.0,0.125,0.0,0.0,,0.0,0.0,0.0,0.0,5.875
アルマフローラ,8,0.0,0.0,0.0,0.0,0.0,0.0,0.0,,0.0,0.0,9.625
アルレガーロ,11,0.0,0.0,0.09090909090909091,0.0,0.0,0.0,0.0,0.0,0.0,0.0,10.272727272727273
アルヴェナ,12,0.3333333333333333,0.5,0.5,,0.3333333333333333,0.5,0.25,,0.5,0.0,4.916666666666667
アルーア,10,0.1,0.3,0.3,0.0,0.3333333333333333,,0.1111111111111111,0.0,0.16666666666666666,0.0,5.2
アルーシュ,10,0.2,0.5,0.6,0.0,0.2222222222222222,0.5,0.14285714285714285,0.0,0.5,0.0,3.4
アルーリングアクト,6,0.0,0.0,0.0,0.0,0.0,0.0,,,0.0,0.0,9.333333333333334
アルーリングハート,7,0.14285714285714285,0.5714285714285714,0.7142857142857143,0.25,0.0,0.14285714285714285,,,0.0,0.5,2.5714285714285716
アルーリングボイス,13,0.0,0.07692307692307693,0.23076923076923078,0.0,0.0,0.0,0.0,,0.0,,9.0
アレキサンドリア,8,0.125,0.5,0.625,0.0,0.14285714285714285,0.0,0.16666666666666666,,0.0,0.5,6.5
アレキパ,12,0.0,0.0,0.0,0.0,0.0,0.0,0.0,0.0,0.0,0.0,7.0
アレグリアス,5,0.0,0.0,0.2,0.0,0.0,,0.0,0.0,0.0,0.0,6.8
アロマティコ,14,0.42857142857142855,0.5714285714285714,0.6428571428571429,0.42857142857142855,,0.0,0.5,0.42857142857142855,0.45454545454545453,0.5,3.142857142857143
アワーオアシス,6,0.16666666666666666,0.3333333333333333,0.3333333333333333,0.16666666666666666,,0.16666666666666666,,,0.2,,6.833333333333333
アワーグラス,6,0.0,0.0,0.0,0.0,0.0,0.0,0.0,,0.0,0.0,7.0
アンカジャポニカ,9,0.0,0.0,0.0,0.0,,0.0,0.0,,0.0,,9.444444444444445
アンケセナーメン,8,0.125,0.375,0.375,0.0,0.14285714285714285,0.14285714285714285,0.0,,0.25,0.0,5.625
アンコールピース,18,0.0,0.1111111111111111,0.1111111111111111,0.0,0.0,0.0,0.0,0.0,0.0,0.0,7.388888888888889
アンシャンタン,8,0.0,0.0,0.0,,0.0,0.0,0.0,,0.0,0.0,7.5
アンジェラスキッス,17,0.0,0.058823529411764705,0.17647058823529413,0.0,0.0,0.0,0.0,0.0,0.0,0.0,6.117647058823529
アンジェリック,6,0.0,0.16666666666666666,0.3333333333333333,0.0,0.0,,0.0,0.0,0.0,0.0,6.833333333333333
アンジュエ,7,0.0,0.0,0.0,,0.0,0.0,0.0,0.0,0.0,0.0,7.857142857142857
アンジュシュエット,10,0.3,0.5,0.6,,0.3,0.42857142857142855,0.0,,0.0,1.0,5.6
アンスポークン,6,0.0,0.16666666666666666,0.16666666666666666,0.0,0.0,,0.0,,0.0,0.0,9.5
アンソロジー,5,0.2,0.4,0.4,0.25,0.0,0.0,0.25,,0.0,1.0,6.6
アンティフォナ,15,0.26666666666666666,0.4,0.5333333333333333,0.375,0.14285714285714285,0.25,0.3333333333333333,,0.4,0.0,5.666666666666667
アンティフリーズ,14,0.07142857142857142,0.21428571428571427,0.35714285714285715,,0.07142857142857142,0.07142857142857142,,,0.0,0.5,6.928571428571429
アンティークカラー,10,0.0,0.0,0.2,,0.0,,0.0,,0.0,0.0,7.2
アンテプリッツ,7,0.0,0.0,0.0,0.0,0.0,0.0,0.0,,0.0,0.0,10.142857142857142
アントワープ,15,0.13333333333333333,0.13333333333333333,0.3333333333333333,0.0,0.14285714285714285,0.14285714285714285,0.14285714285714285,0.0,0.16666666666666666,0.14285714285714285,7.533333333333333
アンドレルノートル,8,0.125,0.125,0.5,,0.125,0.0,0.16666666666666666,,0.25,0.0,5.375
アンナヴァン,6,0.16666666666666666,0.16666666666666666,0.16666666666666666,0.0,0.25,0.3333333333333333,0.0,0.0,0.0,0.5,8.0
アンナータ,6,0.16666666666666666,0.16666666666666666,0.3333333333333333,,0.16666666666666666,0.0,0.3333333333333333,,0.2,0.0,5.166666666666667
アンニュイブルース,10,0.1,0.1,0.2,0.0,0.1111111111111111,0.1111111111111111,0.0,,0.2,0.0,10.0
アンビータブル,7,0.0,0.14285714285714285,0.2857142857142857,0.0,0.0,,0.0,0.0,0.0,,6.285714285714286
アンフィルージュ,11,0.0,0.18181818181818182,0.18181818181818182,0.0,,,0.0,0.0,0.0,0.0,6.2727272727272725
アンブルサイド,7,0.2857142857142857,0.42857142857142855,0.42857142857142855,,0.2857142857142857,0.25,0.3333333333333333,,0.5,0.0,4.857142857142857
アンプリペアード,17,0.058823529411764705,0.11764705882352941,0.17647058823529413,0.09090909090909091,0.0,0.1,0.0,,0.06666666666666667,0.0,5.882352941176471
アンリミテッドバジェット,16,0.0625,0.1875,0.3125,0.0,0.09090909090909091,,0.08333333333333333,0.0,0.0,0.25,6.5
アンルーリー,9,0.0,0.0,0.1111111111111111,0.0,0.0,,0.0,0.0,0.0,0.0,8.555555555555555
アンレール,8,0.125,0.375,0.5,0.125,,,0.5,0.0,0.0,0.0,6.75
アヴェクトワ,12,0.0,0.08333333333333333,0.08333333333333333,0.0,0.0,,0.0,0.0,0.0,0.0,7.916666666666667
アヴェンチュラ,6,0.0,0.3333333333333333,0.3333333333333333,0.0,0.0,,0.0,,0.0,,5.666666666666667
アヴニールセルタン,11,0.45454545454545453,0.45454545454545453,0.6363636363636364,0.45454545454545453,,,0.5,0.0,0.4,,4.2727272727272725
アースザスリー,5,0.0,0.2,0.2,0.0,0.0,,0.0,0.0,0.0,0.0,6.2
アースビーガ,9,0.0,0.1111111111111111,0.1111111111111111,,0.0,,0.0,0.0,0.0,,7.555555555555555
アースファイヤー,9,0.1111111111111111,0.1111111111111111,0.1111111111111111,0.0,0.16666666666666666,0.3333333333333333,0.0,0.0,0.16666666666666666,,7.444444444444445
アースプレイ,5,0.4,0.6,0.8,0.5,0.0,0.4,,,0.0,0.0,2.2
アースマリン,7,0.14285714285714285,0.14285714285714285,0.14285714285714285,0.16666666666666666,0.0,,0.0,0.25,0.16666666666666666,,8.428571428571429
アーダーチャリス,8,0.0,0.0,0.0,0.0,0.0,0.0,0.0,0.0,0.0,0.0,8.125
アートスタジオ,12,0.08333333333333333,0.25,0.3333333333333333,0.25,0.0,0.125,0.0,0.0,0.0,0.0,6.75
アートプリンセス,18,0.2777777777777778,0.3333333333333333,0.3888888888888889,0.0,0.29411764705882354,0.4,0.2727272727272727,0.0,0.2727272727272727,0.2,4.555555555555555
アーリーアメリカン,11,0.09090909090909091,0.09090909090909091,0.2727272727272727,0.2,0.0,0.0,0.0,0.2,0.16666666666666666,0.0,7.2727272727272725
アーリースプリング,12,0.3333333333333333,0.4166666666666667,0.4166666666666667,0.0,0.4,0.3333333333333333,0.2857142857142857,0.5,0.5,0.0,7.5
アーヴェイ,20,0.05,0.1,0.1,0.0625,0.0,,0.0,0.07142857142857142,0.07142857142857142,0.0,7.1
イエスアイキャン,11,0.09090909090909091,0.09090909090909091,0.18181818181818182,0.0,0.1111111111111111,0.1111111111111111,0.0,,0.0,0.0,7.2727272727272725
イオ,5,0.0,0.0,0.0,,0.0,0.0,,,0.0,,12.4
イオス,9,0.0,0.3333333333333333,0.4444444444444444,0.0,0.0,0.0,0.0,,0.0,0.0,4.666666666666667
イクスキューズ,22,0.045454545454545456,0.18181818181818182,0.2727272727272727,0.045454545454545456,,0.0,0.0,0.14285714285714285,0.05263157894736842,,7.2727272727272725
イグジビットワン,5,0.0,0.0,0.2,0.0,,,0.0,,0.0,0.0,5.6
イコールパートナー,12,0.16666666666666666,0.3333333333333333,0.3333333333333333,0.2857142857142857,0.0,0.0,0.0,0.5,0.25,0.0,6.25
イサベル,7,0.14285714285714285,0.5714285714285714,0.8571428571428571,0.14285714285714285,,,0.14285714285714285,,0.16666666666666666,,2.5714285714285716
イシス,8,0.125,0.125,0.375,0.125,,0.0,0.25,,0.125,,5.625
イスタンブール,9,0.2222222222222222,0.2222222222222222,0.4444444444444444,0.2,0.25,,0.16666666666666666,0.3333333333333333,0.25,0.3333333333333333,4.333333333333333
イストワール,5,0.2,0.2,0.6,,0.2,0.25,0.0,,0.25,,4.4
イズミバード,10,0.1,0.2,0.4,0.0,0.25,0.2,0.0,0.0,0.0,1.0,4.6
イソシギ,13,0.0,0.07692307692307693,0.3076923076923077,0.0,0.0,0.0,0.0,,0.0,0.0,7.153846153846154
イソノスワロー,13,0.15384615384615385,0.23076923076923078,0.3076923076923077,0.15384615384615385,,,0.0,0.2,0.14285714285714285,,7.615384615384615
イゾラトウショウ,18,0.05555555555555555,0.1111111111111111,0.1111111111111111,0.0,0.08333333333333333,0.06666666666666667,0.0,,0.0,0.0,10.444444444444445
イタリアンオリーブ,9,0.0,0.0,0.2222222222222222,,0.0,0.0,0.0,,0.0,,7.111111111111111
イチオクノホシ,6,0.0,0.0,0.0,0.0,0.0,0.0,0.0,,0.0,0.0,10.833333333333334
イチノヤジョウ,10,0.3,0.5,0.6,,0.3,0.3,,,0.5,0.0,5.5
イニシャルダブル,8,0.125,0.125,0.25,0.0,0.25,0.0,0.14285714285714285,,0.0,0.5,7.0
イマーキュレイトキャット,7,0.14285714285714285,0.42857142857142855,0.42857142857142855,0.14285714285714285,,,0.14285714285714285,,0.0,1.0,5.0
イミラカチャ,5,0.0,0.0,0.0,0.0,0.0,0.0,,,,0.0,6.8
イリデ,8,0.125,0.125,0.25,,0.125,0.125,,,0.0,0.0,8.25
イリュミナンス,7,0.2857142857142857,0.42857142857142855,0.42857142857142855,0.3333333333333333,0.0,,0.2857142857142857,,0.25,0.0,4.571428571428571
イルドロール,15,0.06666666666666667,0.06666666666666667,0.13333333333333333,0.0,0.125,0.07142857142857142,0.0,,0.08333333333333333,0.0,9.4
イルネージュ,5,0.0,0.2,0.2,0.0,0.0,,0.0,,0.0,0.0,7.0
イルバチオ,5,0.0,0.2,0.4,,0.0,0.0,,,0.0,0.0,6.6
イルミナティ,10,0.0,0.0,0.0,0.0,0.0,0.0,0.0,0.0,0.0,,9.6
イルーシヴウェーヴ,8,0.375,0.375,0.375,0.375,,,0.42857142857142855,0.0,0.42857142857142855,0.0,5.5
イルーシヴキャット,13,0.15384615384615385,0.23076923076923078,0.23076923076923078,0.15384615384615385,,,0.15384615384615385,,0.18181818181818182,0.0,6.076923076923077
イロジカケ,6,0.16666666666666666,0.16666666666666666,0.3333333333333333,0.16666666666666666,,,0.0,0.3333333333333333,0.0,0.5,6.166666666666667
インクレセント,7,0.14285714285714285,0.2857142857142857,0.2857142857142857,0.0,0.16666666666666666,,0.16666666666666666,0.0,0.2,,6.714285714285714
インコグニート,9,0.0,0.0,0.1111111111111111,0.0,0.0,0.0,0.0,,0.0,0.0,7.555555555555555
インシスト,8,0.0,0.0,0.0,0.0,0.0,0.0,0.0,0.0,0.0,0.0,7.25
インソムニア,11,0.09090909090909091,0.18181818181818182,0.2727272727272727,0.0,0.1,0.0,0.125,,0.125,0.0,7.636363636363637
インダクティ,5,0.0,0.2,0.2,0.0,0.0,,0.0,,0.0,,10.0
インティワタナ,12,0.08333333333333333,0.08333333333333333,0.08333333333333333,0.0,0.1111111111111111,0.0,0.2,0.0,0.0,0.25,9.083333333333334
インディアナギャル,8,0.0,0.0,0.0,0.0,0.0,0.0,0.0,,0.0,0.0,8.5
インディストラーダ,5,0.0,0.0,0.0,0.0,0.0,,0.0,0.0,0.0,0.0,6.2
イントロダクション,5,0.0,0.2,0.2,,0.0,0.0,0.0,,0.0,0.0,6.4
インドリヤ,10,0.2,0.5,0.5,0.0,0.25,0.2,,,0.4,0.0,4.1
インナーアージ,5,0.0,0.0,0.0,0.0,,0.0,0.0,0.0,0.0,,6.2
インプレスゴールド,11,0.2727272727272727,0.45454545454545453,0.45454545454545453,0.3333333333333333,0.25,0.375,0.0,,0.42857142857142855,0.0,5.7272727272727275
インプレッシヴ,7,0.0,0.0,0.0,0.0,0.0,0.0,0.0,0.0,0.0,0.0,11.571428571428571
インマイラヴ,5,0.0,0.0,0.0,0.0,0.0,0.0,,0.0,0.0,0.0,10.8
イヴニングミスト,7,0.0,0.0,0.0,0.0,0.0,0.0,0.0,,0.0,0.0,11.428571428571429
イースタリーブリーズ,6,0.0,0.0,0.0,0.0,0.0,0.0,0.0,0.0,0.0,0.0,8.166666666666666
イーデンズコーズウェイ,10,0.0,0.2,0.4,0.0,0.0,0.0,0.0,,0.0,0.0,5.3
ウアジェト,10,0.1,0.3,0.3,0.1111111111111111,0.0,0.0,0.125,0.0,0.2,0.0,6.2
ウィキウィキ,7,0.2857142857142857,0.2857142857142857,0.2857142857142857,0.2857142857142857,,0.0,0.4,0.0,0.25,,9.428571428571429
ウィキッドリーパーフェクト,6,0.0,0.3333333333333333,0.6666666666666666,0.0,,,0.0,0.0,0.0,0.0,5.166666666666667
ウィケットキーパー,9,0.3333333333333333,0.3333333333333333,0.3333333333333333,0.0,0.375,0.0,0.375,,0.2,1.0,6.111111111111111
ウィステリアアーチ,7,0.14285714285714285,0.14285714285714285,0.2857142857142857,0.5,0.0,0.0,0.0,1.0,0.16666666666666666,0.0,7.857142857142857
ウィストラム,16,0.0,0.125,0.1875,0.0,0.0,0.0,0.0,,0.0,0.0,9.1875
ウィズザフロウ,14,0.07142857142857142,0.21428571428571427,0.21428571428571427,0.08333333333333333,0.0,,0.0,0.14285714285714285,0.08333333333333333,0.0,7.285714285714286
ウィッシュ,10,0.1,0.1,0.1,0.0,0.125,0.0,0.125,,0.14285714285714285,0.0,8.3
ウィッチフルシンキング,6,0.0,0.0,0.16666666666666666,,0.0,0.0,0.0,0.0,0.0,0.0,6.5
ウィラビーオーサム,5,0.0,0.0,0.2,0.0,,0.0,0.0,,0.0,0.0,6.0
ウィルパワー,7,0.2857142857142857,0.2857142857142857,0.42857142857142855,0.2857142857142857,,0.3333333333333333,0.25,,0.4,,4.142857142857143
ウィルビーゼア,6,0.0,0.0,0.16666666666666666,0.0,0.0,,0.0,,0.0,0.0,6.666666666666667
ウィンターコスモス,7,0.0,0.0,0.0,0.0,,0.0,,0.0,0.0,,6.571428571428571
ウィーミスフランキー,6,0.3333333333333333,0.5,0.5,0.2,1.0,0.5,0.25,,0.4,0.0,6.0
ウイッチ,5,0.2,0.2,0.2,,0.2,0.25,0.0,,0.5,0.0,9.2
ウインアキレア,10,0.3,0.4,0.5,0.0,0.375,0.3333333333333333,0.0,,0.2,0.0,5.3
ウインアンジェラス,18,0.0,0.0,0.05555555555555555,0.0,0.0,0.0,0.0,,0.0,0.0,7.222222222222222
ウインエルドール,6,0.0,0.0,0.0,0.0,,0.0,,0.0,0.0,0.0,11.333333333333334
ウインガイア,22,0.09090909090909091,0.18181818181818182,0.2727272727272727,0.0,0.11764705882352941,0.1,0.0,0.125,0.08333333333333333,0.125,6.818181818181818
ウインクリアビュー,10,0.0,0.0,0.2,0.0,0.0,0.0,0.0,,0.0,0.0,5.0
ウイングドウィール,8,0.125,0.125,0.25,0.16666666666666666,0.0,,0.2,0.0,0.0,0.5,7.375
ウイングドキャット,8,0.0,0.125,0.125,0.0,,0.0,0.0,,0.0,,6.875
ウインセラヴィ,5,0.0,0.0,0.0,0.0,0.0,0.0,0.0,,0.0,0.0,11.2
ウインティアラ,5,0.0,0.0,0.2,0.0,0.0,0.0,0.0,,0.0,,9.6
ウインディーヒル,19,0.05263157894736842,0.05263157894736842,0.15789473684210525,0.0,0.07692307692307693,0.0,0.0,0.125,0.0,0.3333333333333333,8.421052631578947
ウインデンファーレ,9,0.1111111111111111,0.1111111111111111,0.1111111111111111,0.1111111111111111,,,0.25,0.0,0.14285714285714285,0.0,7.0
ウインドクラスト,15,0.26666666666666666,0.4666666666666667,0.4666666666666667,,0.26666666666666666,0.26666666666666666,,,0.2857142857142857,0.25,4.2
ウインドストリーム,9,0.1111111111111111,0.4444444444444444,0.4444444444444444,,0.1111111111111111,,0.125,0.0,0.14285714285714285,0.0,6.666666666666667
ウインファンタジア,5,0.0,0.0,0.0,,0.0,0.0,,,0.0,0.0,13.2
ウインブリーザ,6,0.16666666666666666,0.16666666666666666,0.16666666666666666,1.0,0.0,0.16666666666666666,,,0.25,0.0,8.833333333333334
ウインブロッサム,5,0.0,0.0,0.0,,0.0,0.0,,,0.0,,7.6
ウインマリアベール,7,0.0,0.2857142857142857,0.2857142857142857,0.0,0.0,,0.0,,0.0,,6.857142857142857
ウインミーティア,6,0.16666666666666666,0.16666666666666666,0.5,0.16666666666666666,,,0.0,0.25,0.2,0.0,4.5
ウインルナ,15,0.06666666666666667,0.13333333333333333,0.4,0.14285714285714285,0.0,0.0,0.0,0.25,0.1,0.0,7.733333333333333
ウインヴァネッサ,9,0.0,0.0,0.0,,0.0,0.0,0.0,,0.0,0.0,8.555555555555555
ウェアレイ,6,0.0,0.16666666666666666,0.16666666666666666,,0.0,0.0,,,0.0,0.0,5.5
ウェイクアップマギー,9,0.1111111111111111,0.2222222222222222,0.2222222222222222,0.125,0.0,,0.14285714285714285,0.0,0.16666666666666666,0.0,5.888888888888889
ウェディングフジコ,16,0.0625,0.0625,0.1875,0.06666666666666667,0.0,,0.0625,,0.1,0.0,8.3125
ウェルカムフラワー,5,0.0,0.2,0.2,0.0,0.0,,0.0,0.0,0.0,0.0,5.2
ウェンブリー,14,0.07142857142857142,0.07142857142857142,0.21428571428571427,0.07142857142857142,,,0.0,0.14285714285714285,0.14285714285714285,0.0,7.285714285714286
ウェーブクイーン,5,0.0,0.0,0.0,0.0,,,0.0,0.0,0.0,,7.0
ウエスタンダンサー,8,0.375,0.625,0.625,0.0,0.42857142857142855,0.4,0.5,0.0,0.4,0.5,4.5
ウエスタンデンコー,7,0.0,0.0,0.2857142857142857,0.0,0.0,0.0,0.0,,0.0,0.0,6.0
ウエスタンベッラ,6,0.0,0.0,0.16666666666666666,0.0,0.0,0.0,0.0,0.0,0.0,,10.5
ウエストローズ,5,0.0,0.6,0.6,0.0,0.0,0.0,0.0,,0.0,0.0,5.0
ウォッチハー,11,0.09090909090909091,0.18181818181818182,0.18181818181818182,0.0,0.1,,0.1,0.0,0.25,0.0,6.0
ウォンビーロング,11,0.0,0.0,0.09090909090909091,,0.0,0.0,,,0.0,0.0,8.636363636363637
ウォータープリプリ,5,0.0,0.0,0.0,,0.0,0.0,,,0.0,,7.4
ウォータープレミア,10,0.1,0.2,0.2,0.16666666666666666,0.0,0.0,0.0,0.3333333333333333,0.125,0.0,6.9
ウッドシップ,6,0.16666666666666666,0.16666666666666666,0.16666666666666666,0.0,0.2,0.0,0.5,0.0,0.25,0.0,6.0
ウマクイクトオモウ,12,0.16666666666666666,0.25,0.4166666666666667,0.18181818181818182,0.0,0.0,0.2222222222222222,,0.1,0.5,5.333333333333333
ウミラージ,5,0.0,0.0,0.0,0.0,0.0,,0.0,,0.0,,9.0
ウメノファイバー,8,0.0,0.0,0.0,0.0,,0.0,0.0,0.0,0.0,0.0,8.5
ウルトラブレンド,7,0.42857142857142855,0.42857142857142855,0.42857142857142855,0.25,0.6666666666666666,,0.5,0.0,0.2,1.0,7.0
ウーマンインレッド,8,0.0,0.0,0.0,0.0,0.0,0.0,0.0,,0.0,0.0,10.125
エアトゥーレ,18,0.05555555555555555,0.05555555555555555,0.2222222222222222,0.09090909090909091,0.0,0.0,0.0,0.07692307692307693,0.08333333333333333,0.0,6.666666666666667
エアベルヘザー,8,0.0,0.0,0.0,0.0,0.0,0.0,0.0,0.0,0.0,0.0,8.5
エアマグダラ,6,0.16666666666666666,0.16666666666666666,0.16666666666666666,0.5,0.0,,0.0,0.25,0.0,0.5,9.333333333333334
エアマチュール,5,0.0,0.0,0.0,0.0,0.0,0.0,0.0,,0.0,0.0,11.6
エアラホーヤ,15,0.13333333333333333,0.3333333333333333,0.4666666666666667,0.0,0.2222222222222222,0.0,0.6666666666666666,0.0,0.16666666666666666,,5.4
エアレモネード,9,0.1111111111111111,0.2222222222222222,0.3333333333333333,,0.1111111111111111,0.1111111111111111,,,0.2,0.0,7.0
エアワンピース,9,0.2222222222222222,0.2222222222222222,0.4444444444444444,0.25,0.0,0.0,0.25,,0.16666666666666666,,4.333333333333333
エイグレット,15,0.26666666666666666,0.3333333333333333,0.3333333333333333,0.2857142857142857,0.25,0.0,0.4,0.0,0.3,0.0,8.133333333333333
エイコオウイング,8,0.0,0.0,0.0,,0.0,0.0,,,0.0,0.0,8.5
エイシンゴージャス,5,0.0,0.0,0.0,0.0,0.0,0.0,0.0,0.0,0.0,0.0,10.2
エイシンサンバレー,6,0.0,0.3333333333333333,0.3333333333333333,0.0,,,0.0,,0.0,,4.833333333333333
エイシンサーメット,6,0.0,0.0,0.0,,0.0,0.0,0.0,,0.0,0.0,10.333333333333334
エイシンスイーツ,5,0.2,0.2,0.2,0.2,,0.0,0.25,,0.25,0.0,5.0
エイシンパンジー,10,0.0,0.1,0.2,0.0,0.0,,0.0,0.0,0.0,,7.4
エイジアンウインズ,12,0.16666666666666666,0.16666666666666666,0.16666666666666666,0.1,0.5,1.0,0.09090909090909091,,0.14285714285714285,0.5,7.833333333333333
エイユーモモチャン,7,0.14285714285714285,0.14285714285714285,0.2857142857142857,,0.14285714285714285,0.2,0.0,,0.25,0.0,9.428571428571429
エインセル,6,0.0,0.16666666666666666,0.5,,0.0,0.0,0.0,0.0,0.0,0.0,6.5
エオリアンハープ,20,0.1,0.25,0.3,0.14285714285714285,0.07692307692307693,0.0,0.18181818181818182,0.0,0.09090909090909091,0.0,5.9
エカポールパンダ,7,0.14285714285714285,0.14285714285714285,0.14285714285714285,0.16666666666666666,0.0,0.3333333333333333,0.0,,0.16666666666666666,,7.714285714285714
エカルラート,16,0.1875,0.375,0.5,0.375,0.0,0.0,0.16666666666666666,0.4,0.3,0.0,5.375
エガオヨシ,9,0.0,0.0,0.3333333333333333,0.0,0.0,0.0,,0.0,0.0,0.0,5.666666666666667
エキスカベイター,7,0.14285714285714285,0.2857142857142857,0.2857142857142857,,0.14285714285714285,0.14285714285714285,,,0.0,0.0,9.571428571428571
エキナシア,6,0.16666666666666666,0.3333333333333333,0.5,0.2,0.0,0.16666666666666666,,,0.3333333333333333,0.0,6.333333333333333
エクセレンスII,17,0.23529411764705882,0.29411764705882354,0.4117647058823529,0.23529411764705882,,,0.25,0.2222222222222222,0.3333333333333333,0.0,4.764705882352941
エクセレントピーク,7,0.0,0.0,0.0,0.0,0.0,0.0,0.0,,0.0,0.0,8.142857142857142
エクセレントブルー,5,0.0,0.0,0.0,0.0,0.0,0.0,0.0,,0.0,0.0,13.4
エスケイミネルバ,8,0.0,0.0,0.125,,0.0,,0.0,,0.0,0.0,7.625
エスコルピオン,12,0.08333333333333333,0.25,0.25,,0.08333333333333333,0.09090909090909091,0.0,,0.0,0.0,6.333333333333333
エスジーナミ,11,0.0,0.0,0.18181818181818182,0.0,,0.0,0.0,0.0,0.0,,7.7272727272727275
エスジーブルーム,6,0.3333333333333333,0.5,0.6666666666666666,0.2,1.0,,0.3333333333333333,,0.3333333333333333,,3.1666666666666665
エスティマリリン,6,0.16666666666666666,0.16666666666666666,0.16666666666666666,0.5,0.0,0.3333333333333333,0.0,0.0,0.2,0.0,8.0
エスピナアスール,9,0.0,0.2222222222222222,0.3333333333333333,0.0,0.0,0.0,0.0,0.0,0.0,0.0,6.444444444444445
エタニティ,5,0.0,0.0,0.2,0.0,,,0.0,,0.0,0.0,7.2
エターナルブーケ,6,0.16666666666666666,0.3333333333333333,0.5,0.16666666666666666,,,0.2,0.0,0.0,1.0,5.333333333333333
エターナルムーン,8,0.125,0.125,0.25,,0.125,0.25,0.0,,0.0,1.0,6.375
エターナルロマンス,10,0.0,0.1,0.4,,0.0,,0.0,0.0,0.0,0.0,5.5
エディン,6,0.3333333333333333,0.5,0.5,0.3333333333333333,,,0.3333333333333333,,0.4,0.0,4.833333333333333
エトピリカ,17,0.0,0.17647058823529413,0.29411764705882354,0.0,0.0,0.0,,,0.0,0.0,5.0588235294117645
エナジーハート,9,0.0,0.0,0.2222222222222222,0.0,0.0,0.0,0.0,,0.0,0.0,7.666666666666667
エニシノイト,12,0.16666666666666666,0.3333333333333333,0.3333333333333333,,0.16666666666666666,0.0,0.2222222222222222,,0.0,0.16666666666666666,5.583333333333333
エノラ,5,0.2,0.4,0.4,,0.2,0.3333333333333333,0.0,,0.0,0.0,7.6
エバーグレーズ,5,0.0,0.0,0.0,,0.0,0.0,0.0,,0.0,0.0,10.6
エバーシャイニング,16,0.0625,0.0625,0.0625,0.0,0.3333333333333333,0.0,0.09090909090909091,,0.08333333333333333,0.0,8.1875
エバーローズ,8,0.25,0.375,0.5,0.0,0.3333333333333333,0.3333333333333333,0.0,,0.25,0.5,6.0
エビスオール,9,0.2222222222222222,0.3333333333333333,0.3333333333333333,,0.2222222222222222,0.2857142857142857,0.0,,0.14285714285714285,0.0,8.333333333333334
エピックラヴ,34,0.14705882352941177,0.2647058823529412,0.38235294117647056,0.14705882352941177,,0.0,0.2,0.0,0.13333333333333333,0.0,6.5
エフティマイア,21,0.0,0.0,0.047619047619047616,0.0,0.0,0.0,0.0,0.0,0.0,0.0,9.238095238095237
エブリナイスガール,6,0.0,0.0,0.0,0.0,0.0,0.0,0.0,,0.0,0.0,12.666666666666666
エポカブラヴァ,9,0.0,0.0,0.0,0.0,0.0,0.0,0.0,,0.0,0.0,10.11111111111111
エポキシ,9,0.1111111111111111,0.2222222222222222,0.3333333333333333,0.1111111111111111,,,0.0,0.14285714285714285,0.125,,4.555555555555555
エポレット,8,0.0,0.25,0.375,0.0,0.0,,0.0,0.0,0.0,0.0,5.0
エミナ,5,0.0,0.0,0.2,0.0,0.0,0.0,,0.0,0.0,0.0,7.8
エミネントシチー,7,0.0,0.0,0.14285714285714285,0.0,0.0,,0.0,,0.0,0.0,7.571428571428571
エミーズスマイル,14,0.21428571428571427,0.35714285714285715,0.42857142857142855,0.2727272727272727,0.0,0.0,0.2727272727272727,,0.0,0.3333333333333333,6.214285714285714
エメラルドタワー,10,0.2,0.2,0.2,0.2,0.2,0.3333333333333333,0.0,0.25,0.16666666666666666,0.0,6.6
エメラルハヤブサ,6,0.0,0.0,0.0,0.0,0.0,0.0,0.0,,0.0,0.0,11.333333333333334
エラドゥーラ,10,0.2,0.3,0.3,0.2222222222222222,0.0,,0.2,,0.25,0.0,6.6
エリドゥバビロン,13,0.0,0.0,0.15384615384615385,0.0,0.0,,0.0,0.0,0.0,,7.769230769230769
エリモエクセル,5,0.0,0.0,0.0,0.0,0.0,,0.0,0.0,0.0,,9.6
エリモエトワール,17,0.17647058823529413,0.17647058823529413,0.23529411764705882,0.1875,0.0,,0.17647058823529413,,0.15384615384615385,0.3333333333333333,9.235294117647058
エリモシャイニー,5,0.0,0.0,0.2,,0.0,0.0,0.0,,0.0,,7.4
エリモジェンヌ,6,0.0,0.0,0.0,,0.0,,0.0,,0.0,,10.833333333333334
エリモハルカ,12,0.08333333333333333,0.08333333333333333,0.16666666666666666,0.1,0.0,0.0,0.125,,0.14285714285714285,0.0,5.166666666666667
エリモパンサー,7,0.14285714285714285,0.14285714285714285,0.14285714285714285,,0.14285714285714285,0.0,0.25,,0.0,0.3333333333333333,8.857142857142858
エリモピクシー,8,0.0,0.0,0.0,0.0,0.0,0.0,0.0,,0.0,0.0,9.125
エリモフィナーレ,11,0.2727272727272727,0.2727272727272727,0.36363636363636365,0.0,0.3,,0.3,0.0,0.2857142857142857,0.0,7.090909090909091
エリモプリンセス,5,0.0,0.0,0.2,0.0,0.0,,0.0,0.0,0.0,0.0,8.2
エリモマドンナ,6,0.16666666666666666,0.16666666666666666,0.16666666666666666,0.0,0.2,0.2,0.0,,0.2,,9.166666666666666
エルシェロアスール,7,0.2857142857142857,0.5714285714285714,0.5714285714285714,,0.2857142857142857,,0.2857142857142857,,0.25,0.0,3.7142857142857144
エルダンジュ,10,0.3,0.6,0.6,0.0,0.5,0.5,0.0,0.6666666666666666,0.375,0.0,3.3
エルファンタジヤ,9,0.0,0.0,0.0,0.0,0.0,0.0,0.0,0.0,0.0,,11.11111111111111
エルフィン,8,0.125,0.125,0.25,,0.125,0.0,0.14285714285714285,,0.16666666666666666,0.0,7.25
エルベレス,5,0.0,0.0,0.0,,0.0,,0.0,0.0,0.0,0.0,12.2
エルメスグリーン,11,0.09090909090909091,0.18181818181818182,0.18181818181818182,0.25,0.0,,0.0,0.2,0.16666666666666666,0.0,9.545454545454545
エルーセラ,6,0.0,0.0,0.3333333333333333,0.0,0.0,,0.0,,0.0,,5.333333333333333
エレイン,5,0.0,0.0,0.0,0.0,,,0.0,0.0,0.0,0.0,10.8
エレガンテヴィータ,9,0.1111111111111111,0.1111111111111111,0.1111111111111111,0.0,0.16666666666666666,0.14285714285714285,0.0,,0.0,0.5,9.88888888888889
エレガントソング,6,0.0,0.0,0.0,0.0,0.0,,0.0,,0.0,,8.166666666666666
エレガントフラッグ,8,0.0,0.0,0.0,,0.0,,0.0,0.0,0.0,0.0,10.125
エレガントマナー,8,0.125,0.125,0.125,0.0,0.25,0.0,0.2,,0.16666666666666666,0.0,7.375
エレンウィルモット,9,0.1111111111111111,0.2222222222222222,0.4444444444444444,0.14285714285714285,0.0,,0.1111111111111111,,0.25,0.0,5.777777777777778
エレーデ,8,0.0,0.375,0.375,,0.0,0.0,0.0,,0.0,0.0,5.875
エロージュ,9,0.0,0.1111111111111111,0.2222222222222222,0.0,0.0,0.0,0.0,0.0,0.0,0.0,6.666666666666667
エンジェリックレイ,8,0.125,0.125,0.125,0.0,0.16666666666666666,0.14285714285714285,0.0,,0.16666666666666666,,7.75
エンダレ,5,0.0,0.0,0.2,,0.0,0.0,0.0,,0.0,0.0,8.8
エンドレストライ,5,0.0,0.0,0.0,0.0,0.0,,0.0,,0.0,0.0,7.0
エンドレスビジネス,7,0.14285714285714285,0.14285714285714285,0.42857142857142855,0.0,0.3333333333333333,,0.3333333333333333,0.0,0.25,0.0,6.571428571428571
エンブレイス,17,0.058823529411764705,0.17647058823529413,0.23529411764705882,0.0,0.1,0.0,0.08333333333333333,0.0,0.0,0.0,6.235294117647059
エンプレスティアラ,16,0.0625,0.3125,0.4375,0.07142857142857142,0.0,1.0,0.0,0.0,0.0,0.0,5.125
エンプレスロッチ,8,0.0,0.125,0.125,0.0,,0.0,0.0,,0.0,,10.0
エヴァ,12,0.08333333333333333,0.25,0.4166666666666667,0.08333333333333333,,,0.0,0.25,0.1111111111111111,0.0,5.833333333333333
エヴァディングタンペット,7,0.2857142857142857,0.42857142857142855,0.42857142857142855,0.0,0.3333333333333333,,0.3333333333333333,0.0,0.3333333333333333,0.5,5.0
エヴァモア,10,0.2,0.3,0.6,,0.2,0.0,0.2857142857142857,,0.2857142857142857,0.0,4.3
エヴィータアルゼンティーナ,8,0.0,0.25,0.25,,0.0,0.0,0.0,,0.0,0.0,7.5
エーシンエポナ,5,0.0,0.4,0.4,0.0,,0.0,0.0,,0.0,,8.0
エーシンクールディ,8,0.25,0.25,0.375,0.25,,,0.25,,0.3333333333333333,0.0,8.125
エーシンサーフィン,8,0.25,0.25,0.375,0.25,,,0.25,,0.2857142857142857,0.0,5.75
エーシンシャイナー,13,0.15384615384615385,0.15384615384615385,0.23076923076923078,0.16666666666666666,0.0,0.3333333333333333,0.1111111111111111,0.0,0.0,0.5,6.6923076923076925
エーシンシルビア,5,0.2,0.4,0.4,0.0,0.25,,0.3333333333333333,0.0,0.3333333333333333,0.0,6.0
エーシンチェロキー,8,0.0,0.125,0.25,0.0,0.0,0.0,0.0,0.0,0.0,,7.625
エーシンパナギア,12,0.16666666666666666,0.25,0.4166666666666667,,0.16666666666666666,0.2,0.0,,0.25,0.0,5.583333333333333
エーシンピュリティ,5,0.0,0.0,0.0,0.0,0.0,,0.0,0.0,0.0,0.0,7.4
エーシンベタラネリ,5,0.0,0.0,0.0,0.0,0.0,0.0,0.0,,0.0,0.0,8.0
エーシンメンフィス,6,0.0,0.0,0.0,0.0,0.0,0.0,0.0,0.0,0.0,0.0,12.5
エーシンラクーリエ,9,0.0,0.0,0.1111111111111111,,0.0,,0.0,,0.0,0.0,7.777777777777778
エーピーモモ,10,0.0,0.1,0.1,0.0,0.0,0.0,0.0,,0.0,0.0,7.5
エールスタンス,16,0.0625,0.25,0.25,0.0,0.07142857142857142,,0.0625,,0.0,0.3333333333333333,7.1875
オアシスムーン,7,0.0,0.0,0.14285714285714285,,0.0,0.0,0.0,,0.0,0.0,4.857142857142857
オウケンクイーン,5,0.2,0.2,0.2,0.0,0.25,0.0,0.3333333333333333,,0.0,0.0,10.6
オウケンハート,8,0.0,0.125,0.125,0.0,0.0,,0.0,0.0,0.0,,9.0
オオシマパンジー,5,0.2,0.2,0.2,1.0,0.0,0.0,0.0,1.0,0.0,0.0,8.2
オギノシュタイン,10,0.0,0.1,0.3,0.0,0.0,0.0,0.0,0.0,0.0,0.0,6.9
オクシペタルム,7,0.2857142857142857,0.42857142857142855,0.5714285714285714,,0.2857142857142857,,0.2857142857142857,,0.2,,4.142857142857143
オクリモノ,12,0.0,0.0,0.08333333333333333,0.0,0.0,,0.0,0.0,0.0,,9.0
オスカルフランソワ,7,0.0,0.0,0.14285714285714285,0.0,0.0,,0.0,0.0,0.0,,9.285714285714286
オッティマルーチェ,10,0.2,0.5,0.5,0.0,0.25,,0.25,0.0,0.2,0.5,6.5
オトメチャン,6,0.16666666666666666,0.16666666666666666,0.3333333333333333,,0.16666666666666666,0.2,0.0,,0.25,0.0,7.5
オナーリーブ,7,0.0,0.14285714285714285,0.14285714285714285,0.0,0.0,0.0,0.0,0.0,0.0,0.0,7.0
オフジオールドブロック,9,0.1111111111111111,0.1111111111111111,0.1111111111111111,,0.1111111111111111,0.0,0.2,,0.0,,8.0
オブザーヴァント,9,0.1111111111111111,0.1111111111111111,0.2222222222222222,0.0,0.5,0.0,0.16666666666666666,,0.2,,6.777777777777778
オペラアイ,5,0.0,0.0,0.2,0.0,0.0,,0.0,,0.0,0.0,6.8
オペラガール,8,0.125,0.125,0.125,,0.125,0.16666666666666666,0.0,,0.25,0.0,7.0
オメガアイランド,11,0.09090909090909091,0.18181818181818182,0.2727272727272727,0.1111111111111111,0.0,,0.0,0.2,0.125,0.0,6.7272727272727275
オメガインベガス,7,0.0,0.14285714285714285,0.14285714285714285,0.0,0.0,0.0,,,0.0,0.0,8.0
オメガエンブレム,14,0.07142857142857142,0.42857142857142855,0.42857142857142855,0.16666666666666666,0.0,0.25,0.0,,0.1,0.0,4.857142857142857
オメガクリスマス,6,0.0,0.0,0.16666666666666666,0.0,0.0,,0.0,0.0,0.0,0.0,8.333333333333334
オメガスピリット,10,0.2,0.3,0.3,0.3333333333333333,0.0,,0.2,,0.16666666666666666,0.0,7.3
オメガセニョリーナ,8,0.125,0.25,0.25,0.25,0.0,0.25,0.0,,0.16666666666666666,0.0,6.625
オメガハートランド,5,0.0,0.0,0.0,0.0,0.0,,0.0,,0.0,0.0,9.8
オメガハートロック,12,0.16666666666666666,0.25,0.3333333333333333,0.0,0.2857142857142857,0.25,0.16666666666666666,0.0,0.16666666666666666,0.0,5.833333333333333
オメガフレグランス,8,0.0,0.0,0.0,,0.0,0.0,0.0,0.0,0.0,0.0,9.75
オメガラヴィータ,9,0.0,0.0,0.0,,0.0,,0.0,0.0,0.0,,7.666666666666667
オメガロンド,10,0.0,0.0,0.0,,0.0,0.0,0.0,0.0,0.0,0.0,9.4
オリエンタルポピー,7,0.2857142857142857,0.2857142857142857,0.2857142857142857,0.2857142857142857,,,0.2857142857142857,,0.0,,6.714285714285714
オリエントチャーム,12,0.0,0.0,0.08333333333333333,0.0,0.0,,0.0,0.0,0.0,0.0,6.583333333333333
オリジナルスピン,5,0.2,0.2,0.2,0.3333333333333333,0.0,,0.0,0.3333333333333333,0.25,,7.4
オリジンファースト,6,0.0,0.16666666666666666,0.16666666666666666,0.0,0.0,0.0,0.0,,0.0,0.0,6.0
オリヒメチャーム,6,0.16666666666666666,0.16666666666666666,0.16666666666666666,,0.16666666666666666,0.16666666666666666,,,0.2,,8.166666666666666
オリヴェット,16,0.0,0.0625,0.0625,0.0,0.0,0.0,0.0,0.0,0.0,0.0,8.9375
オルダニー,11,0.0,0.0,0.0,0.0,,0.0,0.0,,0.0,0.0,8.636363636363637
オルレアンノオトメ,5,0.0,0.0,0.0,0.0,0.0,0.0,0.0,0.0,0.0,0.0,9.8
オレゴンレディ,6,0.0,0.0,0.0,0.0,0.0,,0.0,0.0,0.0,0.0,6.5
オンケンバヤソワカ,18,0.0,0.05555555555555555,0.05555555555555555,0.0,0.0,,0.0,0.0,0.0,0.0,8.444444444444445
オンザスローン,6,0.0,0.0,0.0,0.0,0.0,,0.0,,0.0,,10.5
オンワードスワン,5,0.0,0.0,0.0,0.0,,0.0,0.0,,0.0,,10.4
オンワードマルタ,13,0.0,0.0,0.0,0.0,0.0,0.0,0.0,0.0,0.0,0.0,9.307692307692308
オンワードミシェル,8,0.125,0.125,0.125,0.16666666666666666,0.0,,0.14285714285714285,0.0,0.0,0.0,8.25
オンヴェラ,5,0.0,0.2,0.4,0.0,0.0,,0.0,0.0,0.0,0.0,7.2
オヴァンボクイーン,10,0.1,0.1,0.2,0.1,,,0.0,0.125,0.2,0.0,6.1
オーガンディー,7,0.0,0.0,0.0,0.0,,0.0,,,0.0,0.0,9.857142857142858
オークヒルパーク,7,0.0,0.0,0.2857142857142857,0.0,0.0,0.0,0.0,,0.0,0.0,7.714285714285714
オークルーム,6,0.0,0.16666666666666666,0.16666666666666666,0.0,,0.0,0.0,,0.0,0.0,11.5
オーサムフェザー,6,0.0,0.0,0.0,0.0,,0.0,0.0,,0.0,,9.166666666666666
オーシャンフリート,6,0.16666666666666666,0.16666666666666666,0.3333333333333333,0.0,0.2,0.0,0.25,0.0,0.3333333333333333,0.0,5.833333333333333
オーシャンルミナス,16,0.0,0.0625,0.1875,0.0,0.0,,0.0,0.0,0.0,0.0,7.125
オーシュペール,18,0.05555555555555555,0.05555555555555555,0.16666666666666666,0.0,0.1111111111111111,0.0,0.2,0.0,0.07692307692307693,0.0,8.38888888888889
オースミアザレア,8,0.125,0.25,0.25,0.0,0.2,0.125,,,0.2,0.0,9.0
オースミリンド,6,0.16666666666666666,0.16666666666666666,0.16666666666666666,,0.16666666666666666,0.0,0.25,0.0,0.3333333333333333,0.0,8.666666666666666
オーゾラヲマウトキ,6,0.16666666666666666,0.16666666666666666,0.3333333333333333,,0.16666666666666666,,0.16666666666666666,,0.25,0.0,6.666666666666667
オータムメロディー,10,0.0,0.1,0.3,0.0,0.0,,0.0,0.0,0.0,0.0,6.2
オーデコロン,9,0.0,0.2222222222222222,0.4444444444444444,0.0,0.0,0.0,0.0,,0.0,0.0,7.444444444444445
オートキュイジーヌ,11,0.2727272727272727,0.2727272727272727,0.2727272727272727,0.0,0.3333333333333333,0.375,0.0,,0.3,0.0,6.090909090909091
オードリーローズ,18,0.1111111111111111,0.2222222222222222,0.3888888888888889,0.11764705882352941,0.0,0.0,0.25,0.125,0.0,0.2,5.833333333333333
オーバルカット,5,0.0,0.0,0.0,,0.0,0.0,,,0.0,0.0,12.4
オーバービュー,6,0.0,0.0,0.0,,0.0,,0.0,0.0,0.0,0.0,9.833333333333334
オーパスクイーン,11,0.09090909090909091,0.09090909090909091,0.09090909090909091,,0.09090909090909091,,0.1,0.0,0.0,0.16666666666666666,8.545454545454545
オービーレディー,9,0.1111111111111111,0.2222222222222222,0.3333333333333333,,0.1111111111111111,0.14285714285714285,0.0,,0.0,0.0,4.777777777777778
オーファメイ,6,0.16666666666666666,0.16666666666666666,0.3333333333333333,,0.16666666666666666,0.2,,0.0,0.0,1.0,7.666666666666667
オープニングベル,7,0.0,0.0,0.14285714285714285,,0.0,0.0,0.0,,0.0,0.0,8.142857142857142
オープンアップ,6,0.0,0.0,0.0,,0.0,0.0,0.0,,0.0,0.0,12.666666666666666
オープンシャッセ,9,0.1111111111111111,0.2222222222222222,0.2222222222222222,,0.1111111111111111,,0.0,0.14285714285714285,0.16666666666666666,0.0,7.888888888888889
オープンユアアイズ,6,0.0,0.0,0.16666666666666666,,0.0,,0.0,,0.0,0.0,7.166666666666667
オーミチェリッシュ,14,0.0,0.21428571428571427,0.2857142857142857,0.0,0.0,0.0,0.0,,0.0,0.0,7.5
オールアイキャンセイイズワウ,6,0.0,0.0,0.0,0.0,0.0,0.0,0.0,,0.0,0.0,10.5
オールオールオール,7,0.0,0.2857142857142857,0.5714285714285714,,0.0,0.0,0.0,,0.0,0.0,3.857142857142857
オールザウェイベイビー,8,0.0,0.0,0.125,0.0,0.0,0.0,0.0,,0.0,,9.0
オールザットジャズ,11,0.18181818181818182,0.36363636363636365,0.36363636363636365,0.0,0.5,0.2,0.16666666666666666,,0.1111111111111111,,6.0
オールドパサデナ,11,0.18181818181818182,0.2727272727272727,0.5454545454545454,,0.18181818181818182,0.0,0.0,0.2857142857142857,0.14285714285714285,0.25,5.181818181818182
オールピュール,6,0.0,0.0,0.16666666666666666,0.0,0.0,0.0,0.0,0.0,0.0,0.0,8.166666666666666
オーヴァーアンダー,9,0.2222222222222222,0.2222222222222222,0.2222222222222222,0.0,0.25,0.16666666666666666,0.3333333333333333,,0.4,0.0,6.777777777777778
カアチャンコワイ,5,0.0,0.0,0.2,,0.0,0.0,0.0,,0.0,,9.0
カイロローズ,6,0.0,0.16666666666666666,0.16666666666666666,0.0,0.0,0.0,0.0,0.0,0.0,0.0,8.5
カウアイレーン,16,0.125,0.1875,0.25,0.07692307692307693,0.3333333333333333,0.0,0.2857142857142857,0.0,0.18181818181818182,0.0,6.4375
カウガールズドントクライ,9,0.1111111111111111,0.1111111111111111,0.1111111111111111,0.0,0.2,0.2,0.0,,0.2,0.0,12.333333333333334
カウントオンミー,5,0.0,0.0,0.0,0.0,0.0,0.0,0.0,,0.0,0.0,9.2
カカリア,5,0.0,0.0,0.0,0.0,0.0,0.0,0.0,,0.0,,5.8
カクテルローズ,6,0.0,0.0,0.0,0.0,0.0,0.0,0.0,,0.0,,9.833333333333334
カザリムスビ,5,0.2,0.2,0.2,1.0,0.0,0.0,0.5,,0.0,0.0,8.4
カシノヴィガ,5,0.0,0.6,0.6,,0.0,0.0,0.0,,0.0,0.0,6.2
カシマフラワー,5,0.0,0.0,0.4,0.0,0.0,0.0,0.0,,0.0,,7.2
カジノブギ,9,0.2222222222222222,0.4444444444444444,0.6666666666666666,0.2222222222222222,,,0.2222222222222222,,0.16666666666666666,0.0,3.6666666666666665
カスタラナ,9,0.1111111111111111,0.2222222222222222,0.2222222222222222,0.1111111111111111,,0.0,0.125,,0.125,0.0,7.444444444444445
カストリア,13,0.0,0.07692307692307693,0.3076923076923077,0.0,0.0,0.0,,,0.0,,7.923076923076923
カタズオノンデ,15,0.06666666666666667,0.26666666666666666,0.26666666666666666,0.0,0.2,,0.0,0.1111111111111111,0.0,0.2,5.266666666666667
カタマチボタン,5,0.0,0.0,0.0,0.0,0.0,0.0,0.0,,0.0,0.0,9.4
カチューシャ,5,0.0,0.0,0.4,0.0,0.0,0.0,0.0,,0.0,0.0,6.2
カディーシャ,5,0.0,0.0,0.0,0.0,,0.0,,,0.0,0.0,7.8
カデンツァ,5,0.0,0.0,0.0,0.0,0.0,0.0,0.0,,0.0,0.0,12.2
カトマンブルー,11,0.0,0.0,0.2727272727272727,0.0,0.0,,0.0,0.0,0.0,0.0,7.0
カナエチャン,6,0.0,0.3333333333333333,0.3333333333333333,0.0,0.0,0.0,,0.0,0.0,,6.166666666666667
カネツスペシャル,8,0.125,0.25,0.5,0.125,,,0.25,0.0,0.14285714285714285,0.0,5.25
カネトシガーネット,18,0.05555555555555555,0.1111111111111111,0.2222222222222222,0.08333333333333333,0.0,0.0,0.1111111111111111,0.0,0.0,0.0,6.777777777777778
カネトシキフジン,5,0.2,0.2,0.2,0.0,0.3333333333333333,0.25,0.0,,0.0,0.5,7.0
カネトシバニラ,5,0.0,0.0,0.0,0.0,0.0,,0.0,,0.0,,11.6
カノヤトップレディ,11,0.09090909090909091,0.2727272727272727,0.2727272727272727,,0.09090909090909091,0.09090909090909091,,,0.0,0.0,8.818181818181818
カノン,13,0.0,0.0,0.07692307692307693,0.0,0.0,0.0,0.0,0.0,0.0,0.0,7.6923076923076925
カハラビスティー,12,0.0,0.08333333333333333,0.16666666666666666,0.0,0.0,0.0,0.0,,0.0,0.0,8.916666666666666
カフェドマーニ,13,0.07692307692307693,0.3076923076923077,0.38461538461538464,0.07692307692307693,,0.125,0.0,,0.08333333333333333,0.0,5.0
カフェヒミコ,22,0.13636363636363635,0.2727272727272727,0.2727272727272727,,0.13636363636363635,,0.13636363636363635,,0.23076923076923078,0.0,5.363636363636363
カフェピノコ,5,0.0,0.0,0.0,,0.0,0.0,0.0,,0.0,0.0,10.0
カフェローレル,12,0.0,0.0,0.16666666666666666,,0.0,,0.0,0.0,0.0,0.0,7.416666666666667
カフジウインド,7,0.14285714285714285,0.14285714285714285,0.14285714285714285,0.16666666666666666,0.0,0.14285714285714285,,,0.0,,4.857142857142857
カフラピコ,8,0.125,0.125,0.375,,0.125,,0.125,,0.14285714285714285,,5.375
カフヴァール,5,0.0,0.0,0.0,0.0,,0.0,0.0,,0.0,,10.0
カブリオレ,6,0.0,0.0,0.0,,0.0,0.0,,,0.0,0.0,9.5
カプリースレディー,7,0.42857142857142855,0.42857142857142855,0.5714285714285714,,0.42857142857142855,0.42857142857142855,,,0.6666666666666666,0.5,7.285714285714286
カホマックス,10,0.2,0.4,0.5,0.0,0.2222222222222222,0.125,0.5,,0.25,0.0,4.7
カメリアビジュ,7,0.14285714285714285,0.14285714285714285,0.14285714285714285,,0.14285714285714285,,0.14285714285714285,,0.25,0.0,10.571428571428571
カメリアローズII,5,0.0,0.0,0.0,0.0,0.0,,0.0,0.0,0.0,,11.8
カラズマッチポイント,5,0.0,0.2,0.4,,0.0,0.0,0.0,,,0.0,6.8
カラダダイヤモンド,7,0.0,0.0,0.0,0.0,0.0,,0.0,,0.0,0.0,9.285714285714286
カラフル,9,0.0,0.0,0.0,,0.0,0.0,0.0,,0.0,0.0,7.0
カラフルトーク,5,0.0,0.0,0.0,,0.0,0.0,0.0,0.0,0.0,0.0,9.8
カラフルブラッサム,7,0.0,0.0,0.0,0.0,,0.0,0.0,,0.0,0.0,8.0
カラベルラティーナ,7,0.2857142857142857,0.42857142857142855,0.42857142857142855,,0.2857142857142857,0.5,0.2,,0.3333333333333333,,6.0
カラライナ,5,0.2,0.6,0.6,0.2,,,0.2,,0.0,1.0,4.6
カリオンレディ,8,0.0,0.125,0.25,0.0,0.0,0.0,,,0.0,0.0,8.875
カリビアンセレブ,5,0.2,0.4,0.4,,0.2,0.3333333333333333,0.0,,0.0,0.3333333333333333,6.2
カリビアンロマンス,7,0.14285714285714285,0.14285714285714285,0.14285714285714285,,0.14285714285714285,,0.0,0.5,0.5,0.0,10.571428571428571
カリフォルニアネクター,5,0.0,0.4,0.6,0.0,0.0,,0.0,,0.0,0.0,4.6
カリブストーリー,7,0.0,0.0,0.14285714285714285,0.0,0.0,,0.0,0.0,0.0,0.0,7.428571428571429
カルティカ,12,0.16666666666666666,0.16666666666666666,0.25,0.16666666666666666,,,0.2222222222222222,0.0,0.25,0.0,7.833333333333333
カルテブランシェ,11,0.0,0.0,0.09090909090909091,0.0,0.0,0.0,0.0,0.0,0.0,0.0,8.636363636363637
カルディア,9,0.2222222222222222,0.2222222222222222,0.3333333333333333,0.5,0.14285714285714285,0.25,0.2,,0.14285714285714285,0.0,5.333333333333333
カルディーン,5,0.0,0.0,0.0,0.0,0.0,0.0,0.0,,0.0,,6.8
カルトマリーヌ,7,0.0,0.0,0.0,0.0,0.0,,0.0,0.0,0.0,0.0,10.0
カルナアヴァンセ,5,0.4,0.4,0.4,0.5,0.3333333333333333,0.3333333333333333,0.5,,0.5,,7.0
カルブンクルス,12,0.08333333333333333,0.25,0.3333333333333333,,0.08333333333333333,0.08333333333333333,,,0.0,,6.416666666666667
カルマート,6,0.0,0.0,0.16666666666666666,0.0,,,0.0,,0.0,0.0,6.5
カレイメモワール,24,0.0,0.041666666666666664,0.16666666666666666,0.0,0.0,,0.0,0.0,0.0,0.0,7.375
カレンケカリーナ,5,0.0,0.2,0.2,0.0,,,0.0,0.0,0.0,,4.8
カレンコティヤール,6,0.16666666666666666,0.16666666666666666,0.3333333333333333,,0.16666666666666666,0.16666666666666666,,,0.0,0.0,6.333333333333333
カレンシェリーメイ,6,0.16666666666666666,0.16666666666666666,0.16666666666666666,0.3333333333333333,0.0,0.25,0.0,,0.3333333333333333,0.0,6.0
カレンタントミール,6,0.16666666666666666,0.16666666666666666,0.16666666666666666,0.25,0.0,0.16666666666666666,,,0.2,,9.333333333333334
カワカミショコラ,5,0.0,0.0,0.0,,0.0,,0.0,,0.0,0.0,7.6
カワキタラブポップ,7,0.0,0.0,0.2857142857142857,0.0,0.0,0.0,0.0,,0.0,0.0,8.857142857142858
カンタベリーセーラ,6,0.0,0.0,0.0,,0.0,0.0,,,0.0,0.0,9.666666666666666
カンビーナ,21,0.19047619047619047,0.23809523809523808,0.42857142857142855,0.19047619047619047,,,0.25,0.15384615384615385,0.1875,0.0,5.9523809523809526
カーディナルコーヴ,6,0.0,0.16666666666666666,0.16666666666666666,,0.0,0.0,,,0.0,0.0,9.833333333333334
カーナヴァル,12,0.0,0.0,0.0,,0.0,0.0,,,0.0,0.0,7.5
カールファターレ,17,0.23529411764705882,0.47058823529411764,0.5294117647058824,0.14285714285714285,0.3,0.6666666666666666,0.125,0.16666666666666666,0.21428571428571427,1.0,5.411764705882353
カーヴィシャス,9,0.2222222222222222,0.3333333333333333,0.3333333333333333,0.0,0.25,0.3333333333333333,0.2,0.0,0.0,0.5,6.333333333333333
ガスパリライン,7,0.2857142857142857,0.42857142857142855,0.42857142857142855,,0.2857142857142857,0.2857142857142857,,,0.2,1.0,4.857142857142857
ガラアフェアー,5,0.2,0.2,0.2,0.2,,,0.2,,0.0,,5.2
ガリカローズ,7,0.0,0.14285714285714285,0.14285714285714285,,0.0,0.0,,,0.0,0.0,7.428571428571429
ガリレオズソング,7,0.14285714285714285,0.2857142857142857,0.42857142857142855,,0.14285714285714285,,0.14285714285714285,,0.2,0.0,5.285714285714286
ガヴィオラ,12,0.0,0.0,0.0,0.0,0.0,0.0,0.0,0.0,0.0,0.0,9.5
ガーネットスター,5,0.2,0.2,0.2,,0.2,0.2,,,0.2,,7.0
ガーネットチャーム,5,0.0,0.0,0.0,0.0,0.0,0.0,0.0,,0.0,0.0,9.4
ガールオンファイア,9,0.0,0.0,0.2222222222222222,,0.0,,0.0,,0.0,0.0,8.333333333333334
キアラ,7,0.0,0.14285714285714285,0.14285714285714285,0.0,0.0,0.0,0.0,,0.0,,7.142857142857143
キシュウグラシア,8,0.125,0.125,0.125,,0.125,0.14285714285714285,0.0,,0.25,0.0,9.375
キスショット,17,0.0,0.0,0.11764705882352941,0.0,0.0,0.0,0.0,0.0,0.0,0.0,8.176470588235293
キストゥヘヴン,29,0.034482758620689655,0.2413793103448276,0.3793103448275862,0.034482758620689655,,0.0,0.038461538461538464,,0.041666666666666664,0.0,5.689655172413793
キズナII,10,0.0,0.1,0.1,0.0,0.0,,0.0,0.0,0.0,0.0,9.6
キタサンエデン,5,0.0,0.0,0.0,0.0,0.0,,0.0,0.0,0.0,,9.6
キタサンプリンセス,8,0.0,0.125,0.125,,0.0,0.0,0.0,,0.0,0.0,8.25
キタサンユキ,6,0.0,0.0,0.0,0.0,0.0,,0.0,0.0,0.0,,9.166666666666666
キタノオペラ,16,0.0625,0.1875,0.3125,0.0,0.07692307692307693,0.0,0.1,0.0,0.1,0.0,6.875
キティ,7,0.14285714285714285,0.2857142857142857,0.2857142857142857,,0.14285714285714285,,0.14285714285714285,,0.16666666666666666,0.0,7.571428571428571
キトゥンズダンプリングス,7,0.14285714285714285,0.14285714285714285,0.2857142857142857,,0.14285714285714285,0.0,0.2,,0.0,0.0,7.142857142857143
キトゥンブルー,6,0.16666666666666666,0.16666666666666666,0.3333333333333333,0.16666666666666666,,0.3333333333333333,0.0,0.0,0.16666666666666666,,7.333333333333333
キネオスイトピー,7,0.0,0.0,0.0,,0.0,0.0,0.0,,0.0,,13.0
キネオソレイユ,9,0.0,0.0,0.0,,0.0,0.0,,,0.0,0.0,11.11111111111111
キネオダンサー,6,0.0,0.0,0.0,0.0,0.0,0.0,0.0,0.0,0.0,0.0,9.666666666666666
キマグレ,6,0.16666666666666666,0.16666666666666666,0.16666666666666666,0.16666666666666666,,,0.16666666666666666,,0.0,1.0,5.0
キミーズキッド,7,0.0,0.0,0.0,0.0,0.0,0.0,0.0,,0.0,0.0,9.428571428571429
キモンオレンジ,5,0.0,0.2,0.2,0.0,0.0,0.0,0.0,,0.0,,8.4
キャサリンアイドル,5,0.0,0.0,0.0,,0.0,0.0,0.0,,0.0,0.0,10.6
キャッチザカクテル,5,0.0,0.0,0.0,0.0,,0.0,0.0,,0.0,,8.2
キャッチザゴールド,7,0.0,0.0,0.0,,0.0,,0.0,0.0,0.0,0.0,6.857142857142857
キャッツ,8,0.25,0.25,0.375,,0.25,0.0,0.25,0.5,0.3333333333333333,0.0,7.875
キャトルセゾン,5,0.0,0.0,0.4,,0.0,0.0,0.0,,0.0,,5.6
キャニオンリリー,8,0.125,0.125,0.125,0.14285714285714285,0.0,0.0,1.0,,0.125,,6.125
キャプテンガール,9,0.0,0.0,0.2222222222222222,0.0,0.0,0.0,0.0,,0.0,0.0,8.222222222222221
キャメロンガール,12,0.0,0.0,0.0,0.0,0.0,0.0,0.0,0.0,0.0,0.0,9.916666666666666
キャリーウェーブ,5,0.0,0.0,0.2,0.0,,0.0,0.0,,0.0,0.0,7.2
キャレモンショコラ,9,0.1111111111111111,0.4444444444444444,0.6666666666666666,,0.1111111111111111,0.1111111111111111,,,0.25,0.0,3.4444444444444446
キャロルロゼ,6,0.0,0.0,0.16666666666666666,0.0,,,0.0,,0.0,,6.666666666666667
キャンティユッキ,13,0.07692307692307693,0.07692307692307693,0.15384615384615385,0.0,0.125,0.0,0.14285714285714285,,0.0,0.0,7.769230769230769
キャンディネバダ,12,0.08333333333333333,0.08333333333333333,0.16666666666666666,0.0,0.14285714285714285,,0.1111111111111111,0.0,0.0,0.3333333333333333,5.833333333333333
キャンディームーン,6,0.0,0.0,0.0,0.0,0.0,0.0,0.0,,0.0,0.0,10.833333333333334
キャンドルアイス,9,0.1111111111111111,0.2222222222222222,0.2222222222222222,0.0,0.125,0.125,0.0,,0.125,0.0,7.666666666666667
キュー,5,0.0,0.0,0.0,0.0,0.0,0.0,0.0,,0.0,0.0,11.4
キューティゴールド,9,0.1111111111111111,0.4444444444444444,0.5555555555555556,0.16666666666666666,0.0,,0.1111111111111111,,0.0,1.0,3.2222222222222223
キューバンリズムII,6,0.0,0.0,0.0,0.0,0.0,0.0,0.0,,0.0,0.0,9.333333333333334
キョウエイアン,5,0.0,0.2,0.2,0.0,0.0,0.0,0.0,,0.0,0.0,7.6
キョウエイデビュー,12,0.0,0.0,0.08333333333333333,0.0,0.0,,0.0,0.0,0.0,0.0,9.5
キョウエイトリガー,6,0.0,0.0,0.0,0.0,0.0,0.0,0.0,,0.0,0.0,11.5
キョウエイトルース,31,0.0967741935483871,0.16129032258064516,0.22580645161290322,0.2,0.047619047619047616,,0.047619047619047616,0.2,0.15384615384615385,0.0,7.354838709677419
キョウエイハツラツ,8,0.0,0.0,0.125,0.0,0.0,,0.0,0.0,0.0,,6.5
キョウワグレイス,7,0.0,0.14285714285714285,0.2857142857142857,,0.0,,0.0,,0.0,0.0,6.142857142857143
キョウワハピネス,11,0.0,0.0,0.09090909090909091,0.0,0.0,0.0,0.0,,0.0,0.0,9.909090909090908
キラーグレイシス,9,0.0,0.0,0.0,0.0,0.0,0.0,0.0,0.0,0.0,0.0,9.222222222222221
キルシュワッサー,9,0.3333333333333333,0.3333333333333333,0.3333333333333333,0.5,0.2,0.42857142857142855,0.0,,0.2857142857142857,0.0,5.222222222222222
キングスミール,11,0.0,0.0,0.0,0.0,0.0,0.0,0.0,,0.0,0.0,9.727272727272727
キングスローズ,12,0.0,0.16666666666666666,0.3333333333333333,0.0,0.0,0.0,0.0,0.0,0.0,0.0,5.25
キングダンサー,18,0.1111111111111111,0.2222222222222222,0.2222222222222222,0.058823529411764705,1.0,,0.13333333333333333,0.0,0.08333333333333333,0.3333333333333333,5.944444444444445
キングベイビー,6,0.16666666666666666,0.3333333333333333,0.5,0.0,0.25,0.2,0.0,,0.0,0.0,5.666666666666667
キンショーオトヒメ,12,0.16666666666666666,0.16666666666666666,0.25,0.0,0.2222222222222222,0.5,0.125,0.0,0.1111111111111111,1.0,7.916666666666667
キーステージ,5,0.0,0.0,0.0,,0.0,0.0,0.0,,0.0,,7.4
キーパップ,5,0.0,0.0,0.0,0.0,0.0,0.0,0.0,,0.0,,12.2
キープクワイエット,5,0.2,0.2,0.2,0.2,,0.2,,,0.25,,8.2
キープサニーハート,10,0.1,0.2,0.5,0.0,0.1111111111111111,0.1111111111111111,,0.0,0.2,0.0,5.5
キープザサミット,8,0.0,0.0,0.25,0.0,0.0,,0.0,,0.0,0.0,7.375
キープザフェイス,5,0.0,0.0,0.0,0.0,0.0,0.0,0.0,,0.0,0.0,12.0
キーラッキー,13,0.07692307692307693,0.23076923076923078,0.46153846153846156,0.0,0.09090909090909091,,0.14285714285714285,0.0,0.125,0.0,6.769230769230769
ギフトオブザラック,7,0.0,0.14285714285714285,0.14285714285714285,0.0,0.0,0.0,,0.0,0.0,0.0,8.285714285714286
ギフトオブソング,17,0.11764705882352941,0.29411764705882354,0.35294117647058826,0.0,0.125,0.0,0.2,,0.1,0.0,7.176470588235294
ギブミーアチャンス,5,0.0,0.0,0.0,0.0,0.0,,0.0,0.0,0.0,0.0,7.4
ギミーシェルター,5,0.2,0.2,0.2,0.0,0.3333333333333333,0.3333333333333333,0.0,,0.0,,8.8
ギャビーズゴールデンギャル,9,0.0,0.1111111111111111,0.2222222222222222,0.0,0.0,0.0,0.0,,0.0,0.0,9.222222222222221
ギャラクシーセレブ,7,0.14285714285714285,0.42857142857142855,0.5714285714285714,,0.14285714285714285,0.14285714285714285,,,0.0,0.0,3.2857142857142856
ギャラリートーク,10,0.1,0.2,0.2,0.0,0.14285714285714285,0.0,0.1111111111111111,,0.0,0.0,6.3
ギュイエンヌ,5,0.2,0.2,0.2,,0.2,,0.2,,0.0,,8.2
ギンザフェアレディ,5,0.0,0.2,0.4,0.0,0.0,,0.0,0.0,0.0,0.0,5.0
ギンザボナンザ,9,0.2222222222222222,0.2222222222222222,0.3333333333333333,0.2222222222222222,,,0.0,0.2857142857142857,0.25,,5.222222222222222
ギンザヴィクトリア,8,0.25,0.5,0.625,,0.25,0.25,,,0.5,0.0,4.375
ギーニョ,10,0.1,0.2,0.4,0.0,0.1111111111111111,0.16666666666666666,0.0,,0.0,0.5,4.3
クァンタムミス,5,0.2,0.4,0.8,,0.2,0.0,0.25,,0.0,0.25,3.4
クィーンアマポーラ,8,0.0,0.25,0.5,0.0,0.0,,0.0,0.0,0.0,0.0,5.875
クィーンオブライフ,17,0.11764705882352941,0.29411764705882354,0.47058823529411764,,0.11764705882352941,0.11764705882352941,,,0.08333333333333333,0.3333333333333333,6.294117647058823
クィーンスプマンテ,12,0.0,0.08333333333333333,0.25,0.0,,,,0.0,0.0,0.0,6.416666666666667
クィーンズバーン,5,0.0,0.0,0.2,0.0,0.0,0.0,0.0,,0.0,,7.8
クイックセイコー,13,0.07692307692307693,0.07692307692307693,0.3076923076923077,,0.07692307692307693,0.09090909090909091,0.0,,0.0,0.0,4.615384615384615
クインズメンテ,10,0.0,0.0,0.3,0.0,0.0,,0.0,0.0,0.0,0.0,5.5
クインポルカ,12,0.16666666666666666,0.3333333333333333,0.4166666666666667,,0.16666666666666666,0.2,0.0,,0.1111111111111111,0.0,6.166666666666667
クインリーグレイス,9,0.1111111111111111,0.1111111111111111,0.3333333333333333,0.1111111111111111,,,0.125,0.0,0.2,0.0,7.0
クイーンアイリス,21,0.047619047619047616,0.09523809523809523,0.19047619047619047,0.0,0.07142857142857142,0.0625,0.0,,0.06666666666666667,0.0,7.0
クイーンオブトロイ,15,0.06666666666666667,0.13333333333333333,0.2,0.0,0.1,0.0,0.09090909090909091,,0.1111111111111111,0.0,7.866666666666666
クイーンオブナプレス,11,0.0,0.0,0.09090909090909091,0.0,0.0,0.0,0.0,,0.0,0.0,6.7272727272727275
クイーンオブハルカ,9,0.0,0.1111111111111111,0.1111111111111111,0.0,0.0,0.0,0.0,,0.0,0.0,9.11111111111111
クイーンオリーブ,6,0.0,0.16666666666666666,0.16666666666666666,0.0,0.0,,0.0,0.0,0.0,0.0,5.833333333333333
クイーンカトリーン,6,0.0,0.16666666666666666,0.3333333333333333,0.0,0.0,,0.0,0.0,0.0,0.0,7.166666666666667
クイーンキセキ,8,0.0,0.125,0.125,,0.0,,0.0,0.0,0.0,0.0,6.75
クイーンズアドヴァイス,5,0.0,0.6,0.6,0.0,,,0.0,0.0,0.0,,3.6
クイーンナイサー,5,0.0,0.0,0.0,0.0,0.0,,0.0,0.0,0.0,0.0,9.0
クイーンビーII,16,0.125,0.25,0.5,0.07692307692307693,0.3333333333333333,0.2,0.0,,0.0,0.3333333333333333,5.25
クイーンマルサ,5,0.2,0.2,0.2,,0.2,0.2,,,0.2,,10.2
クエルクス,5,0.0,0.0,0.0,0.0,0.0,0.0,0.0,,0.0,,8.6
クォリティシーズン,7,0.0,0.0,0.2857142857142857,,0.0,0.0,0.0,,0.0,0.0,5.571428571428571
クツワホームラン,5,0.0,0.0,0.0,,0.0,0.0,,,0.0,,7.8
クニコチャン,13,0.07692307692307693,0.15384615384615385,0.15384615384615385,,0.07692307692307693,0.14285714285714285,0.0,,0.125,0.0,7.230769230769231
クライウィズジョイ,11,0.09090909090909091,0.2727272727272727,0.2727272727272727,0.16666666666666666,0.0,0.0,0.14285714285714285,0.0,0.125,,7.636363636363637
クライシスオブスピリット,12,0.08333333333333333,0.08333333333333333,0.08333333333333333,0.14285714285714285,0.0,0.0,0.14285714285714285,0.0,0.16666666666666666,0.0,9.083333333333334
クラウディーハート,10,0.0,0.1,0.1,0.0,0.0,0.0,0.0,,0.0,0.0,7.0
クラウンアスリート,8,0.25,0.5,0.875,0.0,0.4,,0.2857142857142857,0.0,0.0,1.0,3.25
クラウンアルテミス,8,0.0,0.0,0.0,0.0,,,0.0,,0.0,,8.75
クラウンイヴ,10,0.1,0.1,0.2,0.125,0.0,0.0,,0.125,0.14285714285714285,0.0,6.5
クラウンセシリア,8,0.0,0.0,0.0,,0.0,0.0,0.0,0.0,0.0,0.0,10.375
クラウンフォルテ,5,0.0,0.0,0.0,0.0,,,0.0,0.0,0.0,0.0,12.0
クラウンプリンセス,8,0.0,0.0,0.375,0.0,0.0,0.0,0.0,,0.0,0.0,5.25
クラウンミストラル,5,0.0,0.2,0.4,0.0,0.0,0.0,,,,0.0,7.0
クラウンモンロー,6,0.0,0.0,0.0,,0.0,0.0,0.0,,0.0,0.0,8.833333333333334
クラシックチュチュ,10,0.2,0.4,0.6,0.0,0.2222222222222222,,0.2,,0.16666666666666666,0.3333333333333333,3.9
クラックコード,13,0.0,0.07692307692307693,0.07692307692307693,0.0,0.0,0.0,0.0,0.0,0.0,0.0,9.461538461538462
クラッシーシャーロット,13,0.15384615384615385,0.15384615384615385,0.23076923076923078,0.0,0.16666666666666666,0.2222222222222222,0.0,0.0,0.2,0.0,6.846153846153846
クラリスピンク,11,0.09090909090909091,0.18181818181818182,0.18181818181818182,0.0,0.1,0.0,0.125,0.0,0.14285714285714285,0.0,7.7272727272727275
クラリネット,17,0.17647058823529413,0.29411764705882354,0.4117647058823529,0.1875,0.0,,0.15384615384615385,0.25,0.16666666666666666,,4.294117647058823
クラリン,5,0.2,0.2,0.4,0.2,,0.0,0.5,,0.3333333333333333,,7.0
クラレンスハウス,5,0.0,0.0,0.0,0.0,0.0,0.0,0.0,0.0,0.0,0.0,12.0
クリアソウル,13,0.07692307692307693,0.23076923076923078,0.23076923076923078,0.16666666666666666,0.0,0.0,0.1,,0.0,0.0,6.153846153846154
クリアリーコンフューズド,7,0.14285714285714285,0.2857142857142857,0.2857142857142857,0.14285714285714285,,0.5,0.0,,0.0,0.0,5.0
クリアーパッション,7,0.0,0.0,0.0,0.0,0.0,0.0,0.0,,0.0,,10.142857142857142
クリスコンフリクト,13,0.07692307692307693,0.15384615384615385,0.38461538461538464,0.08333333333333333,0.0,,0.0,0.1,0.09090909090909091,0.0,5.3076923076923075
クリスタルコースト,13,0.07692307692307693,0.3076923076923077,0.3076923076923077,0.0,0.125,0.125,0.0,0.0,0.16666666666666666,0.0,6.0
クリスタルストーン,9,0.0,0.0,0.0,0.0,0.0,0.0,0.0,0.0,0.0,0.0,12.666666666666666
クリスタルヴィオレ,8,0.125,0.125,0.125,,0.125,0.25,0.0,,0.3333333333333333,0.0,8.125
クリスチャンパール,12,0.16666666666666666,0.3333333333333333,0.3333333333333333,0.0,0.18181818181818182,0.25,0.0,,0.2857142857142857,0.0,7.166666666666667
クリスティビーム,16,0.0,0.125,0.375,,0.0,0.0,0.0,,0.0,0.0,5.0625
クリスティロマンス,6,0.0,0.0,0.0,0.0,0.0,0.0,0.0,,0.0,0.0,12.166666666666666
クリスマスキャロル,7,0.14285714285714285,0.14285714285714285,0.14285714285714285,,0.14285714285714285,0.25,0.0,,0.0,0.25,8.0
クリソプレーズ,9,0.1111111111111111,0.3333333333333333,0.3333333333333333,0.0,0.25,,0.16666666666666666,0.0,0.125,0.0,4.888888888888889
クリニエルドゥオル,13,0.07692307692307693,0.07692307692307693,0.07692307692307693,,0.07692307692307693,0.2,0.0,,0.125,0.0,8.23076923076923
クリノクレオパトラ,5,0.0,0.2,0.2,,0.0,,0.0,,0.0,,5.4
クリノクロフネ,6,0.16666666666666666,0.16666666666666666,0.16666666666666666,0.0,0.3333333333333333,0.25,0.0,,0.3333333333333333,0.0,7.5
クリノスペシャル,6,0.16666666666666666,0.16666666666666666,0.16666666666666666,,0.16666666666666666,0.0,0.5,,0.0,1.0,7.5
クリノスレンダー,7,0.0,0.0,0.0,0.0,0.0,0.0,0.0,,0.0,0.0,11.142857142857142
クリノビスケット,8,0.0,0.0,0.125,,0.0,,0.0,,0.0,0.0,6.875
クリノビリオネア,21,0.0,0.0,0.09523809523809523,0.0,0.0,0.0,0.0,,0.0,0.0,8.476190476190476
クリノメダリスト,9,0.0,0.0,0.0,0.0,0.0,0.0,0.0,0.0,0.0,0.0,10.11111111111111
クリムゾンルージュ,9,0.1111111111111111,0.3333333333333333,0.3333333333333333,,0.1111111111111111,,0.25,0.0,0.2,0.0,6.333333333333333
クルザダアメリカーナ,7,0.0,0.14285714285714285,0.2857142857142857,,0.0,0.0,0.0,,0.0,,8.285714285714286
クルミナル,14,0.14285714285714285,0.42857142857142855,0.6428571428571429,0.14285714285714285,,,0.09090909090909091,0.3333333333333333,0.125,,3.857142857142857
クルージンミジー,18,0.05555555555555555,0.2777777777777778,0.2777777777777778,0.0,0.07692307692307693,0.08333333333333333,0.0,0.0,0.08333333333333333,0.0,4.833333333333333
クレインテオドーラ,6,0.0,0.0,0.0,,0.0,0.0,0.0,,0.0,0.0,11.166666666666666
クレタパラドックス,6,0.0,0.16666666666666666,0.3333333333333333,0.0,,0.0,0.0,,0.0,,9.333333333333334
クレバークリス,9,0.1111111111111111,0.3333333333333333,0.4444444444444444,0.125,0.0,,0.16666666666666666,0.0,0.0,1.0,6.0
クレバースプリント,7,0.14285714285714285,0.14285714285714285,0.14285714285714285,0.2,0.0,0.0,0.2,0.0,0.2,0.0,11.428571428571429
クレバーピルエット,8,0.125,0.375,0.5,,0.125,0.125,,,0.0,0.25,4.5
クレヨンルージュ,10,0.1,0.2,0.4,0.1,,0.0,0.2,,0.1111111111111111,,4.5
クレーンズラヴァー,20,0.05,0.15,0.2,0.0,0.06666666666666667,0.08333333333333333,0.0,,0.07142857142857142,0.0,9.05
クロウキャニオン,16,0.125,0.1875,0.375,0.13333333333333333,0.0,0.16666666666666666,0.1,,0.125,0.5,6.25
クロエチャン,19,0.10526315789473684,0.15789473684210525,0.2631578947368421,,0.10526315789473684,0.15384615384615385,0.0,,0.14285714285714285,0.0,6.7894736842105265
クロスウォーターII,6,0.0,0.0,0.16666666666666666,0.0,0.0,0.0,,,0.0,0.0,7.833333333333333
クロスザレイチェル,8,0.0,0.25,0.25,0.0,0.0,0.0,,0.0,0.0,0.0,8.5
クロネコ,13,0.0,0.0,0.07692307692307693,0.0,0.0,0.0,0.0,,0.0,0.0,7.769230769230769
クロノロジスト,6,0.5,0.6666666666666666,0.8333333333333334,0.5,,,0.0,1.0,0.3333333333333333,1.0,2.0
クロフォード,7,0.0,0.0,0.0,0.0,0.0,,0.0,0.0,0.0,0.0,10.714285714285714
クロンヌドール,14,0.0,0.07142857142857142,0.21428571428571427,0.0,0.0,0.0,0.0,0.0,0.0,0.0,6.928571428571429
クーデグレイス,13,0.15384615384615385,0.23076923076923078,0.23076923076923078,0.16666666666666666,0.0,,0.18181818181818182,0.0,0.125,0.0,5.461538461538462
クーファゲルニカ,9,0.0,0.0,0.1111111111111111,0.0,0.0,0.0,0.0,0.0,0.0,0.0,10.333333333333334
クールグレース,13,0.0,0.0,0.0,0.0,0.0,0.0,0.0,0.0,0.0,0.0,8.307692307692308
クールダウン,10,0.0,0.0,0.0,0.0,0.0,0.0,0.0,,0.0,,7.3
クールネージュ,6,0.16666666666666666,0.16666666666666666,0.16666666666666666,0.2,0.0,0.2,0.0,,0.0,0.5,9.333333333333334
クールリーヴ,6,0.0,0.16666666666666666,0.16666666666666666,,0.0,0.0,,,0.0,0.0,6.333333333333333
グッドイヴニング,9,0.0,0.2222222222222222,0.3333333333333333,,0.0,0.0,0.0,,0.0,0.0,6.555555555555555
グッドチョイス,10,0.0,0.0,0.0,0.0,0.0,0.0,0.0,,0.0,,8.3
グッドルッキング,23,0.0,0.043478260869565216,0.043478260869565216,0.0,,0.0,0.0,0.0,0.0,0.0,8.869565217391305
グラスケリー,7,0.14285714285714285,0.14285714285714285,0.14285714285714285,0.14285714285714285,,0.14285714285714285,,,0.0,,8.142857142857142
グラスブロード,17,0.0,0.0,0.058823529411764705,,0.0,0.0,0.0,0.0,0.0,0.0,10.882352941176471
グラスプリマ,11,0.0,0.0,0.09090909090909091,0.0,0.0,,0.0,0.0,0.0,0.0,7.090909090909091
グラスルビー,10,0.1,0.1,0.2,,0.1,0.2,0.0,0.0,0.25,0.0,9.1
グラッブユアハート,5,0.0,0.0,0.0,0.0,0.0,0.0,,0.0,0.0,,7.4
グラナダ,5,0.0,0.0,0.0,,0.0,0.0,0.0,,0.0,0.0,8.0
グラニースミス,5,0.0,0.0,0.0,0.0,0.0,0.0,0.0,,0.0,,8.8
グランシャルム,8,0.0,0.125,0.125,0.0,0.0,,0.0,,0.0,0.0,9.0
グランデアモーレ,12,0.08333333333333333,0.25,0.25,0.14285714285714285,0.0,0.0,0.2,,0.125,0.0,6.25
グラントリノ,7,0.0,0.0,0.0,0.0,0.0,0.0,0.0,,0.0,0.0,7.0
グランドホイッスル,9,0.1111111111111111,0.1111111111111111,0.1111111111111111,,0.1111111111111111,0.0,0.125,,0.2,0.0,8.222222222222221
グランプリエンゼル,11,0.09090909090909091,0.2727272727272727,0.45454545454545453,,0.09090909090909091,0.14285714285714285,0.0,,0.0,0.25,5.909090909090909
グリサージュ,7,0.0,0.0,0.0,0.0,0.0,0.0,0.0,,0.0,0.0,10.0
グリューネワルト,11,0.0,0.0,0.0,0.0,0.0,0.0,0.0,0.0,0.0,0.0,9.818181818181818
グリーリーレイ,5,0.4,0.8,0.8,,0.4,0.4,,,0.5,0.0,2.6
グリーンオリーヴ,13,0.07692307692307693,0.15384615384615385,0.3076923076923077,,0.07692307692307693,,0.1111111111111111,0.0,0.0,0.0,5.153846153846154
グリーンサンライズ,5,0.0,0.0,0.0,0.0,0.0,0.0,0.0,,0.0,0.0,11.2
グルヴェイグ,6,0.16666666666666666,0.16666666666666666,0.3333333333333333,0.16666666666666666,,,0.16666666666666666,,0.2,0.0,7.333333333333333
グレイシアブルー,7,0.14285714285714285,0.2857142857142857,0.42857142857142855,0.14285714285714285,,,0.0,0.3333333333333333,0.0,,4.714285714285714
グレイスティアラ,6,0.0,0.0,0.0,,0.0,0.0,0.0,,0.0,0.0,9.166666666666666
グレイスファミリー,6,0.0,0.16666666666666666,0.16666666666666666,0.0,0.0,0.0,0.0,,0.0,0.0,7.833333333333333
グレイスフルアート,13,0.0,0.3076923076923077,0.46153846153846156,,0.0,0.0,0.0,,0.0,0.0,4.6923076923076925
グレインライン,5,0.0,0.0,0.0,0.0,0.0,0.0,0.0,0.0,0.0,,11.4
グレナディーン,8,0.0,0.25,0.25,0.0,0.0,,0.0,0.0,0.0,0.0,5.625
グレースグランド,10,0.0,0.1,0.1,0.0,0.0,0.0,0.0,0.0,0.0,0.0,8.0
グレートキャティ,11,0.18181818181818182,0.2727272727272727,0.45454545454545453,0.18181818181818182,,1.0,0.1,,0.2,0.0,4.818181818181818
グレートテン,8,0.125,0.375,0.625,0.125,,,0.125,,0.0,0.0,5.5
グレートハーベスト,5,0.0,0.0,0.0,0.0,0.0,0.0,0.0,,0.0,0.0,7.4
グロッタアズーラ,6,0.16666666666666666,0.3333333333333333,0.3333333333333333,,0.16666666666666666,0.2,0.0,,0.2,0.0,6.833333333333333
グロリエッテ,19,0.10526315789473684,0.3157894736842105,0.42105263157894735,0.25,0.06666666666666667,0.18181818181818182,0.0,,0.16666666666666666,0.0,6.105263157894737
グローバルピース,10,0.1,0.3,0.4,0.0,0.1111111111111111,,0.0,0.14285714285714285,0.16666666666666666,0.0,5.7
グローブ,9,0.0,0.1111111111111111,0.1111111111111111,0.0,0.0,0.0,0.0,,0.0,0.0,9.0
グローリアスデイズ,10,0.3,0.3,0.3,0.25,0.3333333333333333,,0.2857142857142857,0.3333333333333333,0.375,0.0,6.6
グローリアスローズ,8,0.125,0.25,0.25,0.125,,,0.125,,0.16666666666666666,0.0,5.125
グローリサンディ,9,0.1111111111111111,0.2222222222222222,0.3333333333333333,0.2,0.0,0.0,,0.2,0.25,0.0,7.111111111111111
グローリーブラッド,6,0.0,0.0,0.3333333333333333,0.0,0.0,0.0,0.0,,0.0,,7.0
グーテデロワ,14,0.0,0.14285714285714285,0.2857142857142857,0.0,0.0,0.0,0.0,0.0,0.0,0.0,8.642857142857142
ケイアイアテナ,14,0.07142857142857142,0.07142857142857142,0.2857142857142857,0.0,0.09090909090909091,0.1,0.0,0.0,0.1111111111111111,0.0,6.0
ケイアイエーデル,7,0.0,0.14285714285714285,0.14285714285714285,,0.0,0.0,,,0.0,0.0,11.857142857142858
ケイアイカミーリア,5,0.0,0.0,0.4,0.0,0.0,0.0,0.0,,0.0,0.0,10.0
ケイアイガーベラ,10,0.1,0.1,0.2,0.0,0.16666666666666666,0.0,0.16666666666666666,0.0,0.0,0.5,7.4
ケイアイデイジー,9,0.0,0.2222222222222222,0.3333333333333333,,0.0,0.0,0.0,,0.0,0.0,8.333333333333334
ケイアイベローナ,10,0.1,0.3,0.4,,0.1,0.0,0.125,,0.16666666666666666,0.0,5.8
ケイアイミサイル,7,0.0,0.0,0.0,0.0,0.0,0.0,0.0,,0.0,,11.714285714285714
ケイアイリブラ,6,0.16666666666666666,0.16666666666666666,0.16666666666666666,,0.16666666666666666,0.0,0.2,,0.25,0.0,8.0
ケイエスアカリ,10,0.1,0.2,0.2,0.0,0.25,0.14285714285714285,0.0,,0.14285714285714285,0.0,9.2
ケイエスシンアカリ,8,0.125,0.125,0.125,,0.125,,0.0,0.25,0.0,0.3333333333333333,9.125
ケイエスホノカ,14,0.0,0.0,0.35714285714285715,0.0,0.0,0.0,0.0,,0.0,0.0,7.5
ケイティクラシー,5,0.0,0.0,0.0,,0.0,0.0,0.0,,0.0,0.0,10.0
ケイティクロス,9,0.1111111111111111,0.2222222222222222,0.2222222222222222,0.0,0.14285714285714285,0.5,0.0,,0.0,0.3333333333333333,6.111111111111111
ケイティマイヒメ,12,0.08333333333333333,0.08333333333333333,0.08333333333333333,0.0,0.1,0.25,0.0,0.0,0.0,0.0,8.75
ケイティローレル,5,0.0,0.2,0.4,,0.0,,0.0,,0.0,0.0,8.4
ケイティーズギフト,13,0.15384615384615385,0.3076923076923077,0.6153846153846154,0.18181818181818182,0.0,0.0,0.25,,0.16666666666666666,0.0,4.384615384615385
ケイティーズジェム,9,0.0,0.1111111111111111,0.2222222222222222,0.0,0.0,0.0,0.0,,0.0,0.0,7.555555555555555
ケイティーズミスト,5,0.0,0.0,0.0,0.0,0.0,0.0,0.0,,0.0,0.0,11.8
ケトルワンアップ,5,0.2,0.4,0.4,0.0,0.25,0.5,0.0,0.0,0.0,0.5,6.8
ケリーズビューティ,8,0.0,0.125,0.25,0.0,0.0,0.0,0.0,,0.0,,8.0
ケンアマツカゼ,5,0.0,0.2,0.4,0.0,,,0.0,,0.0,,6.0
ケンコウランハート,6,0.16666666666666666,0.16666666666666666,0.5,0.2,0.0,,0.0,0.3333333333333333,0.0,1.0,6.166666666666667
ケンチャメワン,5,0.0,0.0,0.2,0.0,0.0,0.0,0.0,0.0,0.0,0.0,7.4
ケンホープ,11,0.0,0.09090909090909091,0.18181818181818182,0.0,0.0,0.0,0.0,,0.0,0.0,6.545454545454546
ケージーハッピー,6,0.0,0.0,0.0,0.0,0.0,0.0,0.0,,0.0,,12.166666666666666
ケージーメグミ,6,0.0,0.0,0.0,,0.0,,0.0,,0.0,0.0,12.5
ケープジャスミン,7,0.0,0.14285714285714285,0.14285714285714285,0.0,0.0,0.0,0.0,,0.0,,5.571428571428571
ケープタウンシチー,11,0.0,0.0,0.09090909090909091,0.0,0.0,0.0,0.0,0.0,0.0,0.0,7.363636363636363
ゲイリークィンビー,10,0.0,0.0,0.0,,0.0,0.0,0.0,,0.0,0.0,8.5
ゲイリーピクシー,9,0.1111111111111111,0.1111111111111111,0.1111111111111111,0.125,0.0,0.3333333333333333,0.0,,0.16666666666666666,0.0,9.222222222222221
ゲットミー,6,0.0,0.0,0.0,,0.0,0.0,,,0.0,0.0,7.166666666666667
コウエイオトメ,7,0.0,0.0,0.0,,0.0,0.0,0.0,,0.0,,8.142857142857142
コウエイテンプウ,6,0.0,0.0,0.0,,0.0,0.0,0.0,,0.0,0.0,10.166666666666666
コウユーヒカリママ,7,0.14285714285714285,0.14285714285714285,0.14285714285714285,0.14285714285714285,,0.16666666666666666,0.0,,0.2,0.0,7.428571428571429
コウヨウルビー,12,0.16666666666666666,0.16666666666666666,0.16666666666666666,0.2,0.0,0.1111111111111111,0.3333333333333333,,0.1111111111111111,0.0,7.0
ココシュニック,5,0.2,0.2,0.2,0.25,0.0,,0.2,,0.2,,8.6
ココモオレンジ,5,0.2,0.2,0.2,0.0,0.25,0.3333333333333333,0.0,,0.0,,7.2
ココロノアイ,5,0.0,0.0,0.2,0.0,,0.0,0.0,,0.0,0.0,10.4
コスモアクセス,10,0.1,0.2,0.4,0.0,0.125,0.0,0.2,,0.3333333333333333,0.0,7.4
コスモエンドレス,6,0.0,0.3333333333333333,0.5,0.0,,0.0,0.0,,0.0,0.0,6.5
コスモカラーズ,7,0.0,0.0,0.0,0.0,0.0,0.0,0.0,,0.0,0.0,10.0
コスモキララ,12,0.0,0.08333333333333333,0.16666666666666666,,0.0,,0.0,0.0,0.0,0.0,5.25
コスモクラッベ,11,0.0,0.0,0.0,0.0,0.0,0.0,0.0,0.0,0.0,0.0,7.818181818181818
コスモクリスタル,16,0.25,0.3125,0.3125,0.2857142857142857,0.0,0.0,0.26666666666666666,,0.36363636363636365,0.0,5.3125
コスモコルデス,10,0.1,0.1,0.2,0.0,0.14285714285714285,0.0,0.125,0.0,0.14285714285714285,,8.0
コスモスプラッシュ,7,0.0,0.2857142857142857,0.2857142857142857,0.0,,,0.0,0.0,0.0,,7.714285714285714
コスモチェーロ,12,0.25,0.25,0.25,0.25,,,0.3333333333333333,0.16666666666666666,0.2222222222222222,0.0,7.833333333333333
コスモネモシン,5,0.0,0.0,0.0,0.0,0.0,0.0,0.0,,0.0,0.0,11.6
コスモハート,11,0.09090909090909091,0.18181818181818182,0.18181818181818182,0.0,0.14285714285714285,0.0,0.2,,0.0,0.5,7.090909090909091
コスモバルバラ,10,0.1,0.3,0.3,0.1,,,0.1,,0.16666666666666666,0.0,6.2
コスモプラチナ,7,0.0,0.14285714285714285,0.2857142857142857,0.0,0.0,,0.0,0.0,0.0,,5.714285714285714
コスモポリタン,7,0.0,0.0,0.14285714285714285,0.0,0.0,0.0,0.0,,0.0,0.0,6.142857142857143
コスモマイルール,5,0.0,0.0,0.2,0.0,,,0.0,0.0,0.0,0.0,8.0
コスモマクスウェル,11,0.0,0.09090909090909091,0.18181818181818182,0.0,0.0,0.0,0.0,,0.0,0.0,7.454545454545454
コスモミザール,5,0.0,0.0,0.0,,0.0,0.0,,,0.0,0.0,9.8
コスモミール,6,0.0,0.16666666666666666,0.3333333333333333,0.0,,,0.0,,0.0,,4.666666666666667
コスモメリー,5,0.0,0.0,0.2,0.0,0.0,0.0,0.0,,0.0,,9.4
コスモライセンス,9,0.0,0.0,0.0,0.0,,,0.0,0.0,0.0,0.0,5.444444444444445
コスモルーシー,15,0.13333333333333333,0.26666666666666666,0.3333333333333333,0.14285714285714285,0.0,0.0,0.2,0.0,0.18181818181818182,0.0,5.066666666666666
コスモヴァレンチ,7,0.14285714285714285,0.2857142857142857,0.42857142857142855,0.0,0.2,,0.2,0.0,0.2,,5.571428571428571
コズミックショア,6,0.0,0.0,0.6666666666666666,0.0,0.0,0.0,0.0,,0.0,0.0,4.833333333333333
コズミックフレイム,10,0.1,0.2,0.2,0.2,0.0,0.14285714285714285,0.0,,0.14285714285714285,0.0,7.7
コチョウサン,5,0.0,0.2,0.2,0.0,0.0,0.0,0.0,,0.0,,8.4
コックニー,5,0.0,0.0,0.0,0.0,0.0,0.0,,,0.0,0.0,13.0
コテキタイ,9,0.3333333333333333,0.3333333333333333,0.3333333333333333,,0.3333333333333333,0.42857142857142855,0.0,,0.2857142857142857,1.0,6.333333333333333
コパノオーシャンズ,8,0.125,0.125,0.25,0.16666666666666666,0.0,,0.125,,0.16666666666666666,0.0,7.25
コフィーチャン,9,0.0,0.0,0.0,0.0,0.0,0.0,0.0,0.0,0.0,0.0,10.11111111111111
コペノイコロ,17,0.058823529411764705,0.058823529411764705,0.17647058823529413,0.0,0.09090909090909091,0.0,0.0,0.5,0.08333333333333333,0.0,8.117647058823529
コマノスクアーロ,7,0.0,0.2857142857142857,0.42857142857142855,0.0,0.0,0.0,0.0,,0.0,0.0,6.142857142857143
コマノリリー,8,0.125,0.125,0.25,0.3333333333333333,0.0,0.0,0.25,,0.14285714285714285,,6.375
コマーサント,8,0.0,0.0,0.0,0.0,0.0,0.0,0.0,,0.0,,8.875
コリンシアン,5,0.0,0.4,0.4,0.0,0.0,0.0,0.0,,0.0,,7.8
コリンズグラス,5,0.0,0.0,0.2,0.0,0.0,0.0,0.0,,0.0,,9.6
コリンナ,5,0.0,0.4,0.4,,0.0,0.0,,,0.0,0.0,5.8
コルチカ,5,0.0,0.0,0.0,0.0,0.0,0.0,,,0.0,0.0,10.6
コンカラン,7,0.0,0.0,0.0,0.0,,,0.0,,0.0,0.0,7.857142857142857
コンテスティッド,18,0.16666666666666666,0.2777777777777778,0.2777777777777778,0.1875,0.0,,0.17647058823529413,0.0,0.15384615384615385,0.3333333333333333,5.666666666666667
コンドコマンド,12,0.08333333333333333,0.25,0.3333333333333333,0.1,0.0,,0.09090909090909091,0.0,0.125,,6.583333333333333
コンドルウイング,12,0.0,0.0,0.0,0.0,0.0,0.0,0.0,0.0,0.0,0.0,10.083333333333334
コンフォータブル,15,0.06666666666666667,0.13333333333333333,0.2,0.0,0.08333333333333333,0.09090909090909091,0.0,,0.125,0.0,7.4
コンプリカーター,5,0.4,0.6,0.6,,0.4,0.0,0.5,,0.3333333333333333,1.0,4.4
コンヴィクションII,6,0.0,0.0,0.0,0.0,,,0.0,0.0,0.0,,6.833333333333333
コヴェンティナ,6,0.0,0.0,0.0,,0.0,,0.0,0.0,0.0,,11.5
コージーロージー,9,0.2222222222222222,0.3333333333333333,0.5555555555555556,0.0,0.4,,0.3333333333333333,0.0,0.2857142857142857,0.0,4.888888888888889
コーテサン,6,0.0,0.3333333333333333,0.5,,0.0,0.0,0.0,,0.0,0.0,5.333333333333333
コーディーライン,13,0.15384615384615385,0.23076923076923078,0.3076923076923077,0.14285714285714285,0.16666666666666666,0.25,0.0,,0.2222222222222222,0.0,7.0
コードネーム,13,0.0,0.0,0.0,0.0,0.0,0.0,0.0,0.0,0.0,0.0,9.23076923076923
コーラルグリッタ,16,0.125,0.3125,0.3125,0.14285714285714285,0.1111111111111111,0.1111111111111111,0.0,0.3333333333333333,0.0,0.3333333333333333,5.5
コーンドリー,13,0.15384615384615385,0.23076923076923078,0.3076923076923077,,0.15384615384615385,0.125,0.2,,0.2222222222222222,0.0,5.461538461538462
ゴジップガール,12,0.16666666666666666,0.25,0.6666666666666666,0.0,0.4,,0.2,0.14285714285714285,0.2,0.0,4.75
ゴッドダンシング,7,0.0,0.0,0.0,0.0,0.0,0.0,,,0.0,0.0,12.571428571428571
ゴッドビラブドミー,5,0.0,0.0,0.2,,0.0,,0.0,,0.0,0.0,7.8
ゴッドフェニックス,7,0.14285714285714285,0.42857142857142855,0.42857142857142855,,0.14285714285714285,0.14285714285714285,,,0.2,,7.714285714285714
ゴッドフローラ,16,0.0,0.125,0.3125,0.0,0.0,0.0,0.0,,0.0,0.0,7.125
ゴンチャローワ,5,0.0,0.0,0.0,,0.0,0.0,0.0,,0.0,0.0,9.8
ゴーカロライナ,15,0.0,0.0,0.06666666666666667,0.0,,0.0,0.0,,0.0,0.0,10.133333333333333
ゴーファイトウィン,6,0.0,0.0,0.0,0.0,0.0,0.0,0.0,,0.0,0.0,7.833333333333333
ゴールウェイ,20,0.15,0.2,0.3,0.0,0.16666666666666666,0.1,0.2222222222222222,0.0,0.09090909090909091,0.25,7.65
ゴールデンイエラ,5,0.0,0.0,0.2,0.0,0.0,0.0,0.0,,0.0,0.0,6.2
ゴールデンオーラ,5,0.0,0.0,0.2,0.0,0.0,0.0,0.0,,0.0,,5.6
ゴールデンロッド,11,0.0,0.18181818181818182,0.18181818181818182,0.0,0.0,,0.0,0.0,0.0,0.0,9.0
ゴールドアシュレイ,13,0.0,0.0,0.07692307692307693,,0.0,0.0,0.0,,0.0,0.0,6.384615384615385
ゴールドカルラ,10,0.1,0.1,0.2,0.0,0.125,0.0,0.16666666666666666,,0.16666666666666666,0.0,7.9
ゴールドグレース,8,0.0,0.0,0.0,0.0,0.0,0.0,0.0,0.0,0.0,0.0,9.625
ゴールドグローリー,7,0.2857142857142857,0.42857142857142855,0.5714285714285714,,0.2857142857142857,,0.2857142857142857,,0.5,0.0,4.0
ゴールドコイン,5,0.2,0.4,0.4,0.0,0.5,0.3333333333333333,0.0,,0.3333333333333333,,5.6
ゴールドジャパン,10,0.2,0.3,0.4,0.0,0.2222222222222222,0.0,0.2857142857142857,0.0,0.0,1.0,7.1
ゴールドターフ,5,0.0,0.0,0.0,,0.0,0.0,0.0,,0.0,,10.4
ゴールドチェイス,5,0.0,0.0,0.2,0.0,0.0,0.0,0.0,0.0,0.0,,7.4
ゴールドトパーズ,6,0.0,0.0,0.16666666666666666,0.0,0.0,0.0,0.0,,0.0,,5.5
ゴールドフォレスト,6,0.3333333333333333,0.3333333333333333,0.3333333333333333,,0.3333333333333333,0.0,0.4,,0.3333333333333333,0.5,6.666666666666667
ゴールドレリック,14,0.0,0.07142857142857142,0.2857142857142857,0.0,0.0,0.0,0.0,0.0,0.0,0.0,6.642857142857143
サイモンガーランド,7,0.0,0.0,0.0,,0.0,,0.0,,0.0,0.0,9.714285714285714
サイモンドルチェ,31,0.12903225806451613,0.16129032258064516,0.1935483870967742,0.16666666666666666,0.0,0.4,0.1,0.0,0.2,0.0,7.838709677419355
サイレンスブランド,6,0.0,0.0,0.0,0.0,0.0,,0.0,0.0,0.0,,9.0
サイレントイヴ,6,0.16666666666666666,0.5,0.5,0.25,0.0,0.0,0.25,,0.0,0.0,5.0
サイレントクロップ,15,0.2,0.26666666666666666,0.26666666666666666,,0.2,0.3333333333333333,0.2222222222222222,0.0,0.125,0.5,7.2
サイレントセンティネル,8,0.0,0.25,0.25,0.0,,0.0,0.0,,0.0,,7.875
サイレントソニック,5,0.0,0.0,0.4,0.0,0.0,0.0,,,0.0,0.0,6.0
サイレントベッド,13,0.07692307692307693,0.15384615384615385,0.3076923076923077,0.0,0.14285714285714285,0.0,0.09090909090909091,0.0,0.0,0.0,6.6923076923076925
サイレントラヴ,10,0.0,0.0,0.1,0.0,0.0,0.0,0.0,,0.0,,10.7
サウスエンピリカル,5,0.2,0.4,0.4,0.5,0.0,0.25,0.0,,0.25,,5.8
サウスティーダ,10,0.1,0.1,0.3,,0.1,0.1,,,0.14285714285714285,,6.8
サウンドオブハート,14,0.07142857142857142,0.14285714285714285,0.21428571428571427,0.08333333333333333,0.0,0.25,0.0,,0.08333333333333333,0.0,7.928571428571429
サウンドオブフリーダム,5,0.0,0.2,0.4,0.0,,,0.0,0.0,0.0,,6.0
サウンドガガ,5,0.0,0.0,0.0,0.0,0.0,0.0,0.0,,0.0,0.0,9.8
サウンドバイト,6,0.0,0.0,0.0,,0.0,,0.0,0.0,0.0,0.0,5.833333333333333
サウンドバリアー,9,0.3333333333333333,0.4444444444444444,0.5555555555555556,0.375,0.0,1.0,0.25,,0.3333333333333333,1.0,4.333333333333333
サウンドリアーナ,6,0.0,0.16666666666666666,0.5,,0.0,0.0,,,0.0,0.0,5.666666666666667
サオヒメ,9,0.1111111111111111,0.2222222222222222,0.2222222222222222,0.0,0.25,,0.14285714285714285,0.0,0.25,0.0,7.111111111111111
サクセスアイニー,9,0.2222222222222222,0.3333333333333333,0.3333333333333333,,0.2222222222222222,0.2857142857142857,0.0,,0.16666666666666666,0.5,8.0
サクセスシルエット,7,0.0,0.0,0.0,0.0,,0.0,0.0,,0.0,0.0,9.714285714285714
サクセスストレイン,8,0.0,0.0,0.0,0.0,,,0.0,0.0,0.0,,9.125
サクラクローバー,5,0.0,0.2,0.4,0.0,0.0,0.0,0.0,,0.0,0.0,6.8
サクラコールミー,5,0.2,0.2,0.2,,0.2,,0.2,,0.3333333333333333,,10.4
サクラサクII,11,0.0,0.0,0.09090909090909091,0.0,0.0,0.0,0.0,,0.0,,8.545454545454545
サクラジュレップ,7,0.0,0.0,0.0,0.0,,0.0,,,0.0,0.0,9.571428571428571
サクラパピルス,11,0.18181818181818182,0.18181818181818182,0.18181818181818182,0.2222222222222222,0.0,,0.2,0.0,0.1111111111111111,0.0,5.0
サクラフォルトゥナ,9,0.2222222222222222,0.3333333333333333,0.4444444444444444,,0.2222222222222222,,0.2222222222222222,,0.2,0.0,6.666666666666667
サクラフルーレ,8,0.0,0.0,0.0,,0.0,0.0,0.0,,0.0,0.0,8.625
サクラプレジール,10,0.1,0.2,0.3,0.25,0.0,0.0,0.25,0.0,0.1,,5.9
サクラレイリ,5,0.2,0.4,0.4,,0.2,0.0,0.25,,0.3333333333333333,,6.0
サクラレーヌ,14,0.07142857142857142,0.2857142857142857,0.35714285714285715,0.0,0.25,,0.0,0.3333333333333333,0.0,0.5,7.785714285714286
サクラヴィッキー,5,0.2,0.4,0.6,,0.2,,0.2,,0.0,0.5,5.8
サザナミ,5,0.0,0.0,0.0,0.0,,,0.0,0.0,0.0,,5.2
サザンジュエリー,8,0.125,0.125,0.125,,0.125,0.0,0.2,,0.0,1.0,11.75
サザンスターズ,6,0.16666666666666666,0.6666666666666666,1.0,0.2,0.0,,0.16666666666666666,,0.2,0.0,2.1666666666666665
サザンスピード,5,0.0,0.0,0.2,0.0,0.0,,0.0,0.0,0.0,0.0,7.4
サザンベル,7,0.0,0.0,0.0,0.0,0.0,0.0,0.0,,0.0,0.0,12.571428571428571
サザンレイスター,13,0.0,0.07692307692307693,0.15384615384615385,0.0,0.0,0.0,0.0,0.0,0.0,0.0,7.230769230769231
サセッティ,13,0.0,0.0,0.0,0.0,,0.0,0.0,,0.0,0.0,8.076923076923077
サダムグランジュテ,13,0.15384615384615385,0.3076923076923077,0.46153846153846156,0.0,0.16666666666666666,0.2222222222222222,0.0,0.0,0.0,0.25,5.6923076923076925
サダムルーティン,11,0.0,0.0,0.09090909090909091,,0.0,0.0,0.0,,0.0,0.0,9.636363636363637
サチノスイーティー,10,0.2,0.2,0.4,0.0,0.2222222222222222,0.0,0.25,0.0,0.25,0.5,7.9
サッカーマム,6,0.0,0.0,0.0,0.0,0.0,0.0,0.0,,0.0,0.0,9.166666666666666
サトノアスカ,8,0.0,0.0,0.0,0.0,0.0,0.0,0.0,,0.0,0.0,9.875
サトノアーチ,14,0.14285714285714285,0.21428571428571427,0.21428571428571427,,0.14285714285714285,,0.2,0.0,0.1111111111111111,0.25,5.428571428571429
サトノエカテリーナ,13,0.15384615384615385,0.3076923076923077,0.3076923076923077,0.15384615384615385,,0.16666666666666666,0.14285714285714285,,0.0,0.0,6.6923076923076925
サトノコンドル,13,0.0,0.0,0.15384615384615385,0.0,0.0,,0.0,0.0,0.0,0.0,6.769230769230769
サトノサンシャイン,7,0.0,0.14285714285714285,0.14285714285714285,0.0,0.0,,0.0,0.0,0.0,0.0,7.714285714285714
サトノジュピター,10,0.2,0.2,0.2,0.2,,0.0,0.25,,0.16666666666666666,0.0,7.8
サトノフォワード,5,0.0,0.0,0.0,,0.0,0.0,0.0,,0.0,0.0,10.4
サトノフラリッシュ,10,0.3,0.3,0.4,0.25,0.3333333333333333,0.0,0.3333333333333333,,0.0,0.6,6.6
サトノベリーニ,5,0.0,0.0,0.2,,0.0,0.0,,,0.0,,7.8
サトノラミア,5,0.0,0.0,0.2,,0.0,0.0,,,0.0,0.0,6.2
サトノレジーナ,5,0.0,0.0,0.0,0.0,0.0,0.0,0.0,0.0,0.0,0.0,11.0
サトノローズヒップ,7,0.0,0.0,0.0,0.0,0.0,0.0,0.0,0.0,0.0,0.0,9.285714285714286
サニーデイサンデー,7,0.0,0.0,0.0,0.0,0.0,0.0,0.0,,0.0,,8.571428571428571
サニーラブカフェ,8,0.0,0.0,0.0,0.0,0.0,,0.0,0.0,0.0,,9.375
サバナパディーダ,8,0.0,0.125,0.125,0.0,,,0.0,0.0,0.0,0.0,10.0
サファリミス,5,0.0,0.2,0.4,0.0,,,0.0,,0.0,0.0,7.2
サフランパートナー,5,0.0,0.0,0.0,0.0,0.0,0.0,0.0,,0.0,0.0,7.6
サブトゥエンティ,5,0.0,0.2,0.2,0.0,0.0,0.0,0.0,,0.0,0.0,9.2
サブラタ,8,0.0,0.0,0.0,0.0,0.0,0.0,0.0,,0.0,0.0,8.5
サマーエタニティ,9,0.2222222222222222,0.2222222222222222,0.2222222222222222,0.2857142857142857,0.0,,0.25,0.0,0.16666666666666666,,5.666666666666667
サマーコード,13,0.07692307692307693,0.15384615384615385,0.15384615384615385,0.0,0.125,0.0,0.14285714285714285,,0.1111111111111111,0.0,9.076923076923077
サマーソワレ,5,0.0,0.0,0.0,0.0,0.0,0.0,0.0,,0.0,,9.6
サマーソング,7,0.14285714285714285,0.14285714285714285,0.14285714285714285,0.14285714285714285,,,0.14285714285714285,,0.16666666666666666,0.0,7.285714285714286
サマーティアラ,11,0.2727272727272727,0.45454545454545453,0.6363636363636364,0.0,0.3,0.0,0.375,,0.3333333333333333,0.0,4.2727272727272725
サマーナイトシティ,11,0.18181818181818182,0.36363636363636365,0.36363636363636365,0.18181818181818182,,0.0,0.2857142857142857,,0.125,1.0,6.636363636363637
サマーハ,6,0.3333333333333333,0.5,0.5,0.5,0.25,0.0,0.4,,0.0,0.5,3.8333333333333335
サマーリガード,8,0.125,0.375,0.5,0.0,0.14285714285714285,0.125,,,0.3333333333333333,0.0,6.5
サマーロコガール,17,0.17647058823529413,0.35294117647058826,0.35294117647058826,,0.17647058823529413,,0.18181818181818182,0.16666666666666666,0.18181818181818182,0.3333333333333333,6.294117647058823
サミター,5,0.0,0.0,0.0,0.0,,0.0,0.0,,0.0,0.0,9.8
サムワントゥラブ,5,0.0,0.0,0.2,0.0,0.0,,0.0,0.0,0.0,0.0,10.6
サラトガヴィーナス,6,0.0,0.0,0.16666666666666666,0.0,,0.0,,,0.0,0.0,7.0
サラフィナ,6,0.0,0.0,0.0,0.0,,0.0,0.0,0.0,0.0,0.0,7.0
サリエル,7,0.2857142857142857,0.2857142857142857,0.42857142857142855,,0.2857142857142857,0.3333333333333333,0.0,,0.25,1.0,4.142857142857143
サリール,5,0.2,0.2,0.6,,0.2,0.2,,,0.0,0.3333333333333333,6.0
サルサクイーン,8,0.0,0.125,0.625,0.0,0.0,,0.0,,0.0,0.0,4.0
サルサファンタジア,12,0.0,0.25,0.3333333333333333,0.0,0.0,,0.0,,0.0,0.0,7.416666666666667
サルスエラ,8,0.125,0.125,0.125,0.25,0.0,,0.0,0.25,0.2,0.0,9.875
サワキック,6,0.0,0.0,0.0,,0.0,,0.0,,0.0,0.0,7.5
サワノプリマベーラ,10,0.0,0.1,0.1,,0.0,,0.0,0.0,0.0,0.0,5.6
サワヤカスズカ,6,0.0,0.0,0.0,0.0,0.0,0.0,0.0,0.0,0.0,0.0,7.666666666666667
サワヤカラスカル,8,0.125,0.125,0.25,,0.125,0.16666666666666666,0.0,,0.2,0.0,5.875
サンキューアスク,6,0.0,0.0,0.3333333333333333,,0.0,0.0,0.0,,0.0,0.0,7.666666666666667
サンキュースマイル,7,0.0,0.0,0.0,0.0,0.0,,0.0,,0.0,,8.571428571428571
サンクイーンII,12,0.08333333333333333,0.08333333333333333,0.08333333333333333,0.1111111111111111,0.0,0.2,0.0,0.0,0.25,,7.75
サンクスアロット,6,0.16666666666666666,0.3333333333333333,0.5,0.0,0.25,0.25,,0.0,0.0,0.3333333333333333,5.0
サンクボヌール,8,0.125,0.125,0.125,0.125,,,0.0,0.16666666666666666,0.16666666666666666,0.0,5.875
サンコロネット,12,0.0,0.16666666666666666,0.25,0.0,0.0,0.0,0.0,,0.0,,6.083333333333333
サンシャイン,9,0.2222222222222222,0.2222222222222222,0.2222222222222222,0.25,0.0,,0.16666666666666666,0.3333333333333333,0.16666666666666666,0.0,8.555555555555555
サンスプリング,5,0.0,0.0,0.0,,0.0,,0.0,0.0,0.0,0.0,6.2
サンタエヴィータ,5,0.2,0.2,0.2,0.2,,,0.2,,0.3333333333333333,,7.4
サンタテレサ,5,0.2,0.2,0.6,,0.2,0.2,,,0.0,0.0,4.0
サンタドレス,5,0.0,0.2,0.4,,0.0,0.0,,,0.0,0.0,4.6
サンタローズ,15,0.06666666666666667,0.13333333333333333,0.26666666666666666,0.07692307692307693,0.0,0.0,0.07692307692307693,0.0,0.0,,5.333333333333333
サンテミリオン,8,0.0,0.0,0.25,0.0,0.0,,0.0,0.0,0.0,0.0,6.25
サンデーストーリー,7,0.0,0.14285714285714285,0.14285714285714285,0.0,0.0,,0.0,0.0,0.0,,5.857142857142857
サンデースマイルII,15,0.06666666666666667,0.13333333333333333,0.13333333333333333,0.09090909090909091,0.0,0.0,0.125,0.0,0.0,0.3333333333333333,10.0
サンデーメモリー,6,0.16666666666666666,0.16666666666666666,0.16666666666666666,0.16666666666666666,,,0.0,0.2,0.25,,6.333333333333333
サンデーローザ,12,0.0,0.16666666666666666,0.25,0.0,0.0,0.0,0.0,0.0,0.0,0.0,6.833333333333333
サンデーローズ,12,0.0,0.0,0.0,,0.0,,0.0,,0.0,0.0,9.833333333333334
サンドヴィーナス,7,0.0,0.0,0.0,0.0,0.0,0.0,0.0,0.0,0.0,,7.714285714285714
サンマディソン,11,0.09090909090909091,0.36363636363636365,0.5454545454545454,,0.09090909090909091,0.09090909090909091,,,0.0,,5.2727272727272725
サンマルクイーン,6,0.0,0.0,0.0,0.0,0.0,0.0,0.0,,0.0,0.0,10.166666666666666
サンレガーロ,7,0.0,0.0,0.2857142857142857,0.0,0.0,0.0,0.0,,0.0,0.0,5.714285714285714
サンヴァンサン,5,0.0,0.0,0.0,0.0,0.0,,0.0,0.0,0.0,,8.6
サーガノヴェル,6,0.16666666666666666,0.16666666666666666,0.16666666666666666,,0.16666666666666666,0.16666666666666666,,,0.5,0.0,6.5
サーストンララア,12,0.0,0.16666666666666666,0.3333333333333333,0.0,0.0,0.0,0.0,0.0,0.0,0.0,6.25
サーレムフォレスト,7,0.0,0.0,0.14285714285714285,0.0,0.0,0.0,0.0,,0.0,0.0,8.0
ザガールインザットソング,6,0.0,0.0,0.0,0.0,0.0,,0.0,0.0,0.0,,9.0
ザズー,16,0.0625,0.1875,0.25,0.06666666666666667,0.0,0.5,0.0,,0.0,0.25,7.75
ザッツザウェイ,11,0.0,0.0,0.0,0.0,0.0,0.0,0.0,0.0,0.0,0.0,10.181818181818182
ザッハトルテ,14,0.07142857142857142,0.14285714285714285,0.21428571428571427,0.08333333333333333,0.0,0.1111111111111111,0.0,,0.0,0.3333333333333333,7.785714285714286
ザナ,9,0.1111111111111111,0.1111111111111111,0.1111111111111111,0.2,0.0,0.14285714285714285,0.0,,0.16666666666666666,,7.0
ザフラッツ,14,0.07142857142857142,0.14285714285714285,0.14285714285714285,0.0,0.3333333333333333,0.1,0.0,,0.0,0.3333333333333333,7.142857142857143
ザミリア,6,0.3333333333333333,0.3333333333333333,0.5,0.3333333333333333,0.3333333333333333,,0.2,1.0,0.3333333333333333,0.0,6.666666666666667
ザリーン,11,0.09090909090909091,0.36363636363636365,0.5454545454545454,0.09090909090909091,,,0.0,0.125,0.0,,4.363636363636363
ザレマ,9,0.0,0.2222222222222222,0.2222222222222222,0.0,0.0,0.0,0.0,,0.0,0.0,7.777777777777778
シアトルサンセット,7,0.0,0.0,0.2857142857142857,0.0,0.0,,0.0,0.0,0.0,0.0,6.857142857142857
シアヌークビル,5,0.0,0.2,0.2,,0.0,0.0,,,0.0,0.0,6.8
シアワセナンダッケ,5,0.0,0.0,0.0,,0.0,0.0,0.0,,0.0,,8.2
シアージュ,14,0.07142857142857142,0.07142857142857142,0.14285714285714285,0.0,0.5,0.1,0.0,0.0,0.0,0.5,9.214285714285714
シアードラマ,7,0.14285714285714285,0.42857142857142855,0.42857142857142855,0.14285714285714285,,,0.0,0.5,0.0,,5.571428571428571
シウダニーニャ,5,0.0,0.0,0.0,,0.0,0.0,0.0,0.0,0.0,,9.2
シェアザストーリー,7,0.5714285714285714,0.5714285714285714,0.7142857142857143,,0.5714285714285714,,0.5714285714285714,,0.6666666666666666,1.0,2.4285714285714284
シェイクズセレナーデ,12,0.16666666666666666,0.25,0.3333333333333333,0.2,0.0,0.2,0.14285714285714285,,0.2,0.0,6.666666666666667
シェムリアップ,5,0.0,0.0,0.0,,0.0,0.0,0.0,,0.0,,9.6
シェリール,21,0.047619047619047616,0.09523809523809523,0.3333333333333333,0.0625,0.0,0.0,0.0,1.0,0.08333333333333333,0.0,6.142857142857143
シェルエメール,11,0.09090909090909091,0.2727272727272727,0.45454545454545453,0.2,0.0,0.0,0.125,,0.2,0.0,5.636363636363637
シェルシーカー,6,0.16666666666666666,0.3333333333333333,0.3333333333333333,0.0,0.25,0.25,0.0,,0.0,1.0,5.666666666666667
シェルズレイ,9,0.4444444444444444,0.5555555555555556,0.6666666666666666,0.4444444444444444,,0.5,0.5,0.0,0.42857142857142855,0.5,5.111111111111111
シェーナビアンカ,11,0.0,0.0,0.09090909090909091,0.0,0.0,0.0,0.0,,0.0,0.0,9.0
シギル,11,0.0,0.0,0.0,0.0,,0.0,0.0,0.0,0.0,0.0,10.272727272727273
シゲルエスペレ,5,0.0,0.0,0.0,0.0,0.0,,0.0,0.0,0.0,0.0,11.4
シゲルカゼノボン,5,0.0,0.0,0.0,,0.0,0.0,0.0,,0.0,0.0,9.0
シゲルチャグチャグ,5,0.0,0.0,0.2,0.0,0.0,0.0,,,0.0,0.0,7.8
シシャモチャン,5,0.0,0.0,0.6,0.0,0.0,0.0,0.0,,0.0,,4.6
シスタリーラヴ,12,0.16666666666666666,0.3333333333333333,0.5,0.2222222222222222,0.0,,0.1,0.5,0.2,0.0,5.916666666666667
シスターエレキング,7,0.14285714285714285,0.14285714285714285,0.14285714285714285,0.0,0.16666666666666666,0.14285714285714285,,,0.2,0.0,8.857142857142858
シセイカグヤ,5,0.2,0.4,0.4,0.2,,0.2,,,0.25,0.0,5.4
シセイヒミコ,8,0.125,0.125,0.125,,0.125,0.2,0.0,,0.0,0.0,8.0
シダクティヴリー,8,0.0,0.25,0.875,0.0,0.0,,0.0,0.0,0.0,0.0,3.5
シックスポケット,10,0.1,0.1,0.5,,0.1,0.1,,,0.2,0.0,5.4
シックファイター,7,0.0,0.14285714285714285,0.14285714285714285,0.0,0.0,0.0,0.0,,0.0,0.0,4.714285714285714
シップスログ,7,0.14285714285714285,0.2857142857142857,0.42857142857142855,0.14285714285714285,,,0.2,0.0,0.0,0.5,5.0
シティウェルズ,8,0.125,0.25,0.25,0.125,,,0.125,,0.14285714285714285,0.0,5.25
シナジーウィスパー,7,0.14285714285714285,0.14285714285714285,0.14285714285714285,,0.14285714285714285,0.2,0.0,,0.0,1.0,6.285714285714286
シナスタジア,16,0.1875,0.3125,0.3125,0.0,0.23076923076923078,0.21428571428571427,0.0,,0.09090909090909091,0.0,7.0
シナル,15,0.06666666666666667,0.26666666666666666,0.3333333333333333,0.07142857142857142,0.0,,0.0,0.125,0.09090909090909091,0.0,5.8
シニスタークイーン,7,0.2857142857142857,0.42857142857142855,0.5714285714285714,,0.2857142857142857,0.0,0.5,0.0,0.3333333333333333,0.0,5.142857142857143
シプカクラッチュ,8,0.125,0.25,0.375,0.0,0.14285714285714285,,0.125,,0.0,0.5,5.875
シベリアンクラシカ,6,0.3333333333333333,0.5,0.5,0.3333333333333333,,0.6666666666666666,0.0,,0.3333333333333333,,4.333333333333333
シャイナムスメ,7,0.0,0.0,0.14285714285714285,0.0,0.0,0.0,,0.0,0.0,0.0,5.285714285714286
シャイニンググラス,7,0.0,0.0,0.0,0.0,0.0,0.0,0.0,,0.0,0.0,9.0
シャイニングピアス,8,0.25,0.5,0.5,,0.25,0.2,0.3333333333333333,,0.2,0.0,5.125
シャイニングピサ,8,0.0,0.125,0.125,0.0,0.0,0.0,0.0,0.0,0.0,0.0,7.75
シャインセレブ,6,0.16666666666666666,0.16666666666666666,0.3333333333333333,,0.16666666666666666,0.2,0.0,,0.25,0.0,6.5
シャインプレジャー,9,0.4444444444444444,0.4444444444444444,0.6666666666666666,0.5,0.0,0.0,0.5714285714285714,0.0,0.5,0.0,3.5555555555555554
シャインリザルト,10,0.1,0.1,0.2,0.0,0.16666666666666666,0.3333333333333333,0.0,0.0,0.0,0.0,7.4
シャッセロール,5,0.2,0.4,0.8,0.2,,,0.2,,0.0,,2.6
シャッツ,6,0.0,0.0,0.0,0.0,,0.0,0.0,0.0,0.0,0.0,9.166666666666666
シャトーブランシュ,9,0.2222222222222222,0.2222222222222222,0.3333333333333333,0.25,0.0,0.0,0.3333333333333333,1.0,0.16666666666666666,0.5,6.333333333333333
シャドウムーン,9,0.0,0.1111111111111111,0.2222222222222222,0.0,0.0,0.0,0.0,0.0,0.0,0.0,6.111111111111111
シャフィガ,7,0.14285714285714285,0.42857142857142855,0.42857142857142855,,0.14285714285714285,0.14285714285714285,,,0.25,0.0,4.571428571428571
シャムロッカー,10,0.2,0.3,0.7,0.2,,,0.5,0.0,0.16666666666666666,1.0,4.4
シャムローグ,9,0.1111111111111111,0.3333333333333333,0.3333333333333333,0.125,0.0,,0.125,0.0,0.0,0.0,5.666666666666667
シャリオドール,9,0.1111111111111111,0.1111111111111111,0.1111111111111111,,0.1111111111111111,0.125,0.0,,0.14285714285714285,,8.666666666666666
シャルマンスタイル,12,0.16666666666666666,0.16666666666666666,0.3333333333333333,0.0,0.2,0.0,0.2222222222222222,0.0,0.2222222222222222,0.0,8.083333333333334
シャルマンレーヌ,5,0.2,0.2,0.2,0.5,0.0,0.2,,,0.0,1.0,8.0
シャルルヴォア,9,0.0,0.0,0.0,0.0,0.0,0.0,0.0,0.0,0.0,,10.11111111111111
シャルロットノアル,7,0.14285714285714285,0.2857142857142857,0.42857142857142855,,0.14285714285714285,,0.16666666666666666,0.0,0.0,0.0,4.714285714285714
シャンパンセラー,9,0.1111111111111111,0.1111111111111111,0.1111111111111111,0.0,0.125,,0.25,0.0,0.14285714285714285,0.0,7.555555555555555
シャンパンドーロ,9,0.2222222222222222,0.2222222222222222,0.2222222222222222,0.0,0.3333333333333333,,0.3333333333333333,0.16666666666666666,0.125,1.0,8.88888888888889
シャンパンフルート,12,0.08333333333333333,0.16666666666666666,0.25,0.0,0.09090909090909091,0.0,0.14285714285714285,0.0,0.0,0.0,7.75
シャンパンマリー,5,0.0,0.0,0.2,,0.0,0.0,0.0,,0.0,0.0,7.0
シャンパンルージュ,7,0.14285714285714285,0.14285714285714285,0.14285714285714285,0.25,0.0,0.0,0.0,0.5,0.16666666666666666,,8.142857142857142
シャンボールフィズ,6,0.0,0.0,0.16666666666666666,0.0,0.0,0.0,0.0,,0.0,,7.666666666666667
シャンロッサ,5,0.4,0.6,0.6,0.4,,,0.25,1.0,0.4,,3.4
シャーペンセンス,6,0.0,0.0,0.0,0.0,0.0,,0.0,,0.0,0.0,8.0
シュガーショック,8,0.25,0.25,0.25,0.2857142857142857,0.0,,0.3333333333333333,0.0,0.3333333333333333,,6.0
シュガーハート,10,0.3,0.4,0.5,0.0,0.3333333333333333,,0.3333333333333333,0.0,0.2,0.0,5.6
シュテルンターラー,9,0.1111111111111111,0.1111111111111111,0.2222222222222222,0.0,0.125,0.125,0.0,,0.125,0.0,8.11111111111111
シュネーバル,8,0.125,0.375,0.375,,0.125,,0.125,,0.0,0.0,4.875
シュピッツェ,17,0.11764705882352941,0.17647058823529413,0.29411764705882354,0.25,0.0,0.0,0.0,0.14285714285714285,0.08333333333333333,0.0,7.235294117647059
シュプリームギフト,8,0.125,0.125,0.25,0.2,0.0,0.0,0.2,,0.16666666666666666,0.0,6.375
シュペトレーゼ,9,0.0,0.0,0.1111111111111111,0.0,,0.0,0.0,,0.0,,6.888888888888889
シュヴァリエ,17,0.17647058823529413,0.4117647058823529,0.5294117647058824,0.25,0.0,0.0,0.2857142857142857,0.25,0.16666666666666666,1.0,3.9411764705882355
シユーマ,14,0.0,0.0,0.21428571428571427,0.0,,,0.0,0.0,0.0,0.0,9.071428571428571
ショアー,9,0.0,0.0,0.0,0.0,0.0,0.0,0.0,0.0,0.0,,8.555555555555555
ショウサンミーベル,14,0.07142857142857142,0.07142857142857142,0.14285714285714285,0.0,0.1111111111111111,0.09090909090909091,0.0,,0.1111111111111111,0.0,8.0
ショウナンアイ,6,0.0,0.0,0.3333333333333333,,0.0,,0.0,,0.0,0.0,4.166666666666667
ショウナンアオバ,18,0.16666666666666666,0.2777777777777778,0.2777777777777778,0.16666666666666666,,0.16666666666666666,0.25,0.0,0.07142857142857142,0.5,7.555555555555555
ショウナンアネーロ,7,0.0,0.0,0.0,0.0,0.0,0.0,0.0,,0.0,0.0,11.714285714285714
ショウナンアヤカ,9,0.0,0.1111111111111111,0.1111111111111111,0.0,0.0,0.0,0.0,0.0,0.0,0.0,7.222222222222222
ショウナンガッド,7,0.14285714285714285,0.14285714285714285,0.14285714285714285,0.0,0.25,,0.2,0.0,0.0,1.0,4.0
ショウナンガーデン,12,0.08333333333333333,0.08333333333333333,0.08333333333333333,0.14285714285714285,0.0,,0.08333333333333333,,0.14285714285714285,0.0,7.166666666666667
ショウナンサリーレ,9,0.0,0.3333333333333333,0.4444444444444444,0.0,0.0,0.0,,,0.0,0.0,5.666666666666667
ショウナンタレント,8,0.0,0.0,0.0,0.0,0.0,0.0,0.0,,0.0,,11.125
ショウナンマオ,12,0.08333333333333333,0.16666666666666666,0.4166666666666667,0.0,0.125,0.0,0.09090909090909091,,0.1111111111111111,0.0,5.75
ショウナンマハ,6,0.0,0.0,0.16666666666666666,0.0,0.0,0.0,0.0,,0.0,0.0,7.833333333333333
ショウナンラノビア,5,0.0,0.0,0.0,0.0,0.0,0.0,0.0,,0.0,,8.8
ショウナンラヴオン,13,0.0,0.07692307692307693,0.3076923076923077,,0.0,0.0,0.0,0.0,0.0,0.0,6.153846153846154
ショウリノウタゲ,5,0.0,0.0,0.0,0.0,0.0,,0.0,,0.0,0.0,8.8
ショウリュウムーン,10,0.2,0.2,0.3,0.2222222222222222,0.0,0.2,0.0,0.5,0.25,0.0,6.2
ショコラディスコ,5,0.0,0.4,0.4,0.0,0.0,0.0,0.0,0.0,0.0,,7.6
ショーコ,8,0.0,0.0,0.0,0.0,0.0,0.0,0.0,,0.0,0.0,8.0
シラユキヒメ,13,0.0,0.07692307692307693,0.23076923076923078,0.0,0.0,0.0,0.0,0.0,0.0,0.0,7.076923076923077
シリアスアティテュード,10,0.0,0.1,0.2,0.0,0.0,,0.0,0.0,0.0,,7.2
シルキーウィズ,14,0.0,0.2857142857142857,0.35714285714285715,0.0,0.0,0.0,0.0,,0.0,0.0,5.571428571428571
シルキーグルーヴ,7,0.0,0.0,0.0,0.0,0.0,0.0,0.0,0.0,0.0,0.0,9.285714285714286
シルクシンフォニー,12,0.08333333333333333,0.16666666666666666,0.25,,0.08333333333333333,0.0,0.2,,0.2,0.0,7.0
シルクプレアデス,5,0.0,0.0,0.0,,0.0,0.0,0.0,,0.0,0.0,8.0
シルクロザリオ,6,0.0,0.0,0.16666666666666666,0.0,0.0,0.0,0.0,,0.0,0.0,9.833333333333334
シルクヴィーナス,8,0.125,0.25,0.375,0.2,0.0,0.25,0.0,,0.0,0.0,7.375
シルショコラティエ,6,0.0,0.0,0.16666666666666666,,0.0,0.0,0.0,,0.0,0.0,8.5
シルバーストリーク,5,0.2,0.4,0.4,0.0,0.3333333333333333,0.0,0.25,,0.25,,3.6
シルバーバレーガール,6,0.0,0.0,0.0,,0.0,0.0,0.0,,0.0,0.0,10.5
シルバービート,7,0.0,0.0,0.0,0.0,0.0,0.0,0.0,0.0,0.0,0.0,9.714285714285714
シルバーフォックス,8,0.125,0.125,0.25,,0.125,0.0,0.2,,0.0,0.5,6.875
シルヴァンソング,5,0.0,0.2,0.2,,0.0,,0.0,,0.0,0.0,5.6
シルヴァーカップ,16,0.125,0.25,0.375,0.07692307692307693,0.3333333333333333,0.125,0.125,,0.0,0.5,6.0625
シルヴァースカヤ,5,0.0,0.0,0.0,0.0,0.0,,0.0,0.0,0.0,,8.4
シロガネーゼカフェ,18,0.1111111111111111,0.16666666666666666,0.3888888888888889,0.0,0.13333333333333333,,0.1,0.125,0.125,0.0,6.666666666666667
シンギングセンセーション,8,0.0,0.5,0.5,0.0,0.0,0.0,0.0,,0.0,,4.5
シンクスマイル,5,0.0,0.2,0.4,,0.0,0.0,,,0.0,0.0,6.6
シングフォアジョイ,6,0.0,0.0,0.0,0.0,0.0,0.0,0.0,0.0,0.0,0.0,10.666666666666666
シングライクバード,10,0.2,0.5,0.7,0.2,,,0.0,0.25,0.2,,3.9
シンコームーン,10,0.1,0.2,0.3,,0.1,0.125,0.0,,0.1,,6.8
シンコールビー,6,0.0,0.0,0.0,0.0,0.0,,0.0,0.0,0.0,0.0,8.5
シンジュボシ,5,0.0,0.0,0.0,,0.0,,0.0,,0.0,,8.0
シンディ,9,0.0,0.0,0.1111111111111111,,0.0,,0.0,0.0,0.0,0.0,8.222222222222221
シンハディーパ,5,0.4,0.4,0.4,0.4,,,0.4,,0.5,0.3333333333333333,6.2
シンメイフジ,8,0.125,0.125,0.125,,0.125,0.2,0.0,0.0,0.0,,8.125
シンワウォッカ,5,0.0,0.2,0.2,,0.0,0.0,0.0,,0.0,0.0,10.2
シーアクトレス,11,0.18181818181818182,0.18181818181818182,0.2727272727272727,,0.18181818181818182,0.18181818181818182,,,0.25,0.0,7.636363636363637
シーイズトウショウ,18,0.1111111111111111,0.2222222222222222,0.2777777777777778,0.0,0.3333333333333333,0.0,0.14285714285714285,1.0,0.18181818181818182,0.0,5.5
シーエスシルク,7,0.14285714285714285,0.2857142857142857,0.2857142857142857,0.2,0.0,,0.0,0.3333333333333333,0.14285714285714285,,7.285714285714286
シーエンプレス,9,0.1111111111111111,0.2222222222222222,0.2222222222222222,0.0,0.14285714285714285,,0.0,0.16666666666666666,0.16666666666666666,0.0,6.222222222222222
シーオブラブ,5,0.2,0.4,0.4,0.2,,,0.0,1.0,0.25,,7.4
シーカーマ,7,0.14285714285714285,0.14285714285714285,0.14285714285714285,,0.14285714285714285,0.3333333333333333,0.0,,0.0,0.0,8.285714285714286
シーガルサリー,6,0.0,0.16666666666666666,0.16666666666666666,,0.0,0.0,0.0,,0.0,,9.833333333333334
シーキングフェイム,6,0.16666666666666666,0.16666666666666666,0.16666666666666666,0.16666666666666666,,,0.16666666666666666,,0.0,,9.0
シーギリヤガール,9,0.2222222222222222,0.3333333333333333,0.4444444444444444,0.2222222222222222,,0.25,0.0,0.3333333333333333,0.0,1.0,5.444444444444445
シークレットアセット,5,0.4,0.4,0.8,0.0,0.5,,0.4,,0.0,0.0,2.4
シークレットコード,5,0.0,0.0,0.0,,0.0,0.0,0.0,,0.0,0.0,7.0
シークレットジプシー,6,0.3333333333333333,0.3333333333333333,0.3333333333333333,,0.3333333333333333,0.6666666666666666,0.0,,0.25,1.0,8.0
シークレットソング,5,0.0,0.0,0.0,0.0,0.0,0.0,0.0,,0.0,0.0,9.0
シーザシー,5,0.2,0.2,0.2,0.25,0.0,0.0,0.25,,0.25,0.0,7.4
シーザリオ,15,0.06666666666666667,0.06666666666666667,0.13333333333333333,0.06666666666666667,,0.0,0.0,0.2,0.1,0.0,6.2
シージョー,8,0.0,0.125,0.25,0.0,,0.0,0.0,,0.0,,6.5
シーズインクルーデッド,14,0.07142857142857142,0.2857142857142857,0.2857142857142857,0.2,0.0,0.25,0.0,,0.0,0.25,7.5
シーズオールエルティッシュ,17,0.058823529411764705,0.058823529411764705,0.17647058823529413,0.0,0.16666666666666666,0.1,0.0,,0.0,1.0,7.823529411764706
シーズンズベスト,5,0.0,0.2,0.4,0.0,0.0,0.0,0.0,,0.0,0.0,9.4
シーソング,6,0.16666666666666666,0.5,0.6666666666666666,,0.16666666666666666,0.16666666666666666,,,,0.0,3.8333333333333335
シータトウショウ,7,0.0,0.0,0.14285714285714285,,0.0,0.0,,,0.0,0.0,8.571428571428571
シーダーアラジ,6,0.3333333333333333,0.3333333333333333,0.5,0.3333333333333333,,,0.0,0.6666666666666666,0.25,,3.1666666666666665
シーダーローズ,9,0.0,0.1111111111111111,0.3333333333333333,,0.0,0.0,0.0,0.0,0.0,0.0,5.555555555555555
シーティス,6,0.16666666666666666,0.5,0.6666666666666666,0.0,0.2,0.2,0.0,,0.3333333333333333,0.0,4.166666666666667
シードオブハピネス,5,0.0,0.0,0.0,0.0,0.0,0.0,0.0,,0.0,0.0,11.4
シーニーンガール,9,0.1111111111111111,0.2222222222222222,0.2222222222222222,0.14285714285714285,0.0,,0.14285714285714285,0.0,0.0,0.0,7.333333333333333
シーノットラブユー,12,0.25,0.4166666666666667,0.5833333333333334,0.0,0.3,0.3333333333333333,0.25,0.0,0.1,1.0,5.0
シーフロント,8,0.125,0.25,0.5,0.14285714285714285,0.0,,0.0,0.2,0.14285714285714285,0.0,5.25
シーブリーズライフ,5,0.0,0.0,0.2,0.0,0.0,0.0,,0.0,0.0,0.0,5.8
シーブルー,6,0.0,0.0,0.0,,0.0,0.0,0.0,,0.0,0.0,8.666666666666666
シープシャンクス,20,0.1,0.1,0.15,0.125,0.08333333333333333,0.0,0.08333333333333333,0.16666666666666666,0.06666666666666667,0.0,7.55
シーリーコート,9,0.1111111111111111,0.1111111111111111,0.1111111111111111,0.0,0.16666666666666666,0.0,0.16666666666666666,0.0,0.16666666666666666,0.0,8.0
シーヴ,7,0.0,0.42857142857142855,0.7142857142857143,0.0,0.0,0.0,0.0,,0.0,0.0,4.142857142857143
シーヴァージア,8,0.125,0.125,0.25,,0.125,0.2,0.0,,0.0,0.0,5.625
ジェイケイクリス,9,0.0,0.2222222222222222,0.2222222222222222,,0.0,,0.0,0.0,0.0,0.0,5.777777777777778
ジェイケイドリーム,8,0.0,0.0,0.0,0.0,0.0,0.0,0.0,,0.0,,9.625
ジェイム,5,0.0,0.0,0.0,0.0,0.0,,0.0,,0.0,,11.4
ジェットスパークル,12,0.08333333333333333,0.3333333333333333,0.4166666666666667,0.0,0.09090909090909091,0.0,0.09090909090909091,,0.125,0.0,5.833333333333333
ジェニーソング,5,0.0,0.0,0.0,0.0,0.0,0.0,,,0.0,,9.8
ジェネロシティー,7,0.14285714285714285,0.14285714285714285,0.2857142857142857,,0.14285714285714285,0.14285714285714285,,,0.3333333333333333,0.0,7.428571428571429
ジェミーブロッサム,5,0.0,0.0,0.0,0.0,0.0,,0.0,,0.0,0.0,10.8
ジェラスガール,7,0.0,0.0,0.14285714285714285,0.0,0.0,0.0,0.0,,0.0,,8.571428571428571
ジェラスキャット,7,0.14285714285714285,0.2857142857142857,0.2857142857142857,0.0,0.2,,0.14285714285714285,,0.3333333333333333,0.0,7.571428571428571
ジェルミナル,6,0.16666666666666666,0.16666666666666666,0.5,0.16666666666666666,,,0.0,0.5,0.25,0.0,5.5
ジェルヴェーズ,10,0.0,0.0,0.0,0.0,0.0,0.0,0.0,,0.0,,9.4
ジェンティルドンナ,6,0.0,0.0,0.0,0.0,,,0.0,0.0,0.0,,5.5
ジプシー,10,0.1,0.1,0.1,,0.1,0.0,0.3333333333333333,,0.16666666666666666,0.0,6.1
ジプシーハイウェイ,12,0.08333333333333333,0.08333333333333333,0.16666666666666666,0.0,1.0,0.0,0.16666666666666666,0.0,0.0,0.0,6.166666666666667
ジプシーマイラブ,7,0.0,0.14285714285714285,0.14285714285714285,,0.0,0.0,0.0,,0.0,0.0,10.142857142857142
ジャジャマーチャン,21,0.0,0.2857142857142857,0.42857142857142855,0.0,0.0,0.0,0.0,,0.0,0.0,4.904761904761905
ジャストジョーイ,12,0.0,0.16666666666666666,0.3333333333333333,0.0,0.0,0.0,0.0,,0.0,,7.166666666666667
ジャズキャット,9,0.1111111111111111,0.1111111111111111,0.2222222222222222,0.0,0.16666666666666666,,0.16666666666666666,0.0,0.25,0.0,8.333333333333334
ジャドール,16,0.0625,0.125,0.3125,0.0,0.06666666666666667,0.07692307692307693,0.0,,0.1111111111111111,0.0,7.4375
ジャニュアリージョーンズ,8,0.125,0.5,0.5,0.0,0.16666666666666666,0.14285714285714285,0.0,,0.0,0.3333333333333333,5.0
ジュエリスト,6,0.0,0.0,0.16666666666666666,0.0,,0.0,0.0,,0.0,0.0,5.5
ジュエリークイーン,5,0.0,0.0,0.4,0.0,0.0,,0.0,0.0,0.0,,7.0
ジュエルオブナイル,5,0.2,0.2,0.2,0.2,,,0.2,,0.25,,9.0
ジュエルボックスII,13,0.0,0.0,0.07692307692307693,0.0,0.0,,0.0,0.0,0.0,0.0,8.23076923076923
ジュディソング,11,0.09090909090909091,0.09090909090909091,0.09090909090909091,0.0,0.125,1.0,0.0,0.0,0.0,0.0,7.636363636363637
ジュピターズビコー,7,0.14285714285714285,0.5714285714285714,0.7142857142857143,0.25,0.0,0.0,0.25,,0.25,0.0,5.285714285714286
ジュモー,11,0.0,0.18181818181818182,0.18181818181818182,0.0,0.0,,0.0,0.0,0.0,0.0,7.090909090909091
ジュリアビコー,14,0.0,0.0,0.07142857142857142,0.0,0.0,,0.0,0.0,0.0,0.0,7.428571428571429
ジュントップヒトミ,8,0.125,0.125,0.375,0.16666666666666666,0.0,,0.125,,0.16666666666666666,0.0,6.25
ジュンレンカ,12,0.16666666666666666,0.5,0.5,,0.16666666666666666,0.0,0.18181818181818182,,0.0,0.6666666666666666,4.416666666666667
ジュヴァンクル,5,0.0,0.4,0.6,,0.0,0.0,,,0.0,0.0,5.2
ジューシージーン,6,0.0,0.0,0.0,0.0,0.0,0.0,0.0,,0.0,0.0,11.833333333333334
ジューンブライド,6,0.0,0.0,0.0,0.0,0.0,,0.0,,0.0,,8.666666666666666
ジョイフルビクトリー,5,0.0,0.0,0.0,,0.0,0.0,0.0,,0.0,0.0,11.4
ジョウショーコトミ,12,0.0,0.0,0.08333333333333333,0.0,0.0,,0.0,0.0,0.0,,7.583333333333333
ジョウノオーロラ,5,0.0,0.4,0.4,,0.0,0.0,,,0.0,0.0,5.6
ジョウノナンシー,7,0.14285714285714285,0.14285714285714285,0.14285714285714285,0.0,0.25,,0.2,0.0,0.0,0.0,8.428571428571429
ジョウノファミリー,7,0.0,0.14285714285714285,0.42857142857142855,0.0,0.0,,0.0,,0.0,0.0,7.285714285714286
ジョコンダII,10,0.1,0.2,0.3,0.1111111111111111,0.0,,0.14285714285714285,0.0,0.125,0.0,5.0
ジョディーズライン,6,0.0,0.0,0.0,0.0,0.0,0.0,0.0,,0.0,,10.333333333333334
ジョディーズロマン,8,0.0,0.125,0.25,,0.0,0.0,0.0,,0.0,0.0,5.625
ジョリファム,7,0.0,0.0,0.2857142857142857,0.0,0.0,0.0,0.0,,0.0,0.0,5.714285714285714
ジョリブロンド,5,0.2,0.2,0.2,0.0,0.25,0.25,,0.0,0.2,,7.2
ジョリージョコンド,8,0.125,0.25,0.25,0.14285714285714285,0.0,,0.0,0.5,0.0,0.5,8.125
ジョリーノエル,6,0.0,0.0,0.0,0.0,0.0,0.0,0.0,0.0,0.0,,6.5
ジョンコ,9,0.0,0.0,0.1111111111111111,0.0,0.0,0.0,0.0,,0.0,0.0,8.333333333333334
ジョーアラマート,5,0.0,0.0,0.2,0.0,0.0,0.0,0.0,,0.0,0.0,11.0
ジョーゲルダ,7,0.0,0.2857142857142857,0.42857142857142855,,0.0,0.0,,,0.0,,5.0
ジンジャーパンチ,17,0.17647058823529413,0.47058823529411764,0.5294117647058824,0.14285714285714285,0.3333333333333333,,0.3333333333333333,0.09090909090909091,0.2,,4.764705882352941
ジンジャーミスト,7,0.14285714285714285,0.14285714285714285,0.14285714285714285,0.0,0.25,,0.2,0.0,0.0,1.0,8.857142857142858
ジヴェルニーアート,5,0.0,0.0,0.0,,0.0,0.0,0.0,,,0.0,9.4
ジーエスレインボー,6,0.16666666666666666,0.16666666666666666,0.3333333333333333,,0.16666666666666666,0.0,0.25,,0.0,0.0,7.5
ジーガーウイング,6,0.16666666666666666,0.16666666666666666,0.16666666666666666,,0.16666666666666666,0.2,0.0,,0.0,0.0,9.166666666666666
ジーニアル,16,0.0625,0.0625,0.0625,,0.0625,0.0,0.2,,0.1,0.0,8.4375
スイレン,5,0.2,0.2,0.4,,0.2,0.2,,,0.25,,7.4
スイングサンデー,5,0.0,0.0,0.0,,0.0,0.0,0.0,,0.0,0.0,9.6
スイートウィリアム,10,0.0,0.0,0.0,0.0,0.0,0.0,0.0,,0.0,0.0,9.9
スイートサルサ,6,0.16666666666666666,0.16666666666666666,0.16666666666666666,0.16666666666666666,,,,0.16666666666666666,0.25,0.0,10.333333333333334
スイートピグレット,8,0.0,0.0,0.25,,0.0,0.0,0.0,0.0,0.0,0.0,7.75
スイートフラッグ,19,0.05263157894736842,0.21052631578947367,0.2631578947368421,0.0,0.05555555555555555,0.0,0.0625,0.0,0.0,0.0,5.526315789473684
スイートブレナム,5,0.0,0.2,0.4,0.0,0.0,,0.0,0.0,0.0,0.0,7.4
スイートマカロン,9,0.1111111111111111,0.4444444444444444,0.5555555555555556,0.0,0.14285714285714285,0.0,0.25,0.0,0.0,0.0,4.111111111111111
スイートマルセル,23,0.08695652173913043,0.13043478260869565,0.17391304347826086,,0.08695652173913043,0.1,0.0,,0.15384615384615385,0.0,6.956521739130435
スイートメドゥーサ,6,0.0,0.0,0.0,0.0,0.0,0.0,0.0,,0.0,,9.5
スイートライラ,5,0.0,0.0,0.0,0.0,,0.0,0.0,0.0,0.0,0.0,11.2
スイープトウショウ,9,0.2222222222222222,0.4444444444444444,0.6666666666666666,0.2222222222222222,,0.2,0.25,,0.2857142857142857,0.0,5.0
スウィフトテンパー,13,0.07692307692307693,0.07692307692307693,0.07692307692307693,0.0,0.125,0.0,0.14285714285714285,,0.1,0.0,9.76923076923077
スウィフトレディー,9,0.1111111111111111,0.2222222222222222,0.2222222222222222,,0.1111111111111111,,0.14285714285714285,0.0,0.0,0.0,5.888888888888889
スウィングダンス,11,0.0,0.09090909090909091,0.36363636363636365,,0.0,0.0,0.0,,0.0,0.0,6.181818181818182
スウィートアンドセイヴォリー,5,0.0,0.0,0.0,0.0,0.0,0.0,0.0,0.0,0.0,,11.0
スウィートアンドフローレス,6,0.0,0.0,0.16666666666666666,0.0,0.0,,0.0,0.0,0.0,0.0,8.166666666666666
スウィートクレメンタイン,6,0.0,0.0,0.0,0.0,0.0,0.0,0.0,,0.0,0.0,9.333333333333334
スウィートデジャヴ,6,0.0,0.0,0.0,,0.0,0.0,0.0,,0.0,0.0,9.5
スウィートハース,12,0.0,0.0,0.08333333333333333,0.0,0.0,,0.0,0.0,0.0,0.0,7.583333333333333
スウィートリーズン,5,0.2,0.2,0.6,0.2,,,0.0,0.25,0.5,0.0,6.8
スウィープイン,8,0.0,0.125,0.25,,0.0,0.0,,,0.0,0.0,8.125
スウェアトウショウ,9,0.0,0.4444444444444444,0.6666666666666666,0.0,,,0.0,0.0,0.0,0.0,4.555555555555555
スカイクレイバー,9,0.0,0.1111111111111111,0.2222222222222222,,0.0,0.0,0.0,,0.0,0.0,8.777777777777779
スカイディーバ,5,0.0,0.2,0.2,0.0,0.0,,0.0,,0.0,,7.2
スカイノダン,6,0.0,0.0,0.0,0.0,0.0,,0.0,0.0,0.0,0.0,9.0
スカイノリン,5,0.0,0.0,0.0,0.0,0.0,0.0,0.0,,0.0,0.0,11.0
スカーレル,11,0.09090909090909091,0.09090909090909091,0.2727272727272727,0.0,0.2,0.0,0.1111111111111111,,0.0,1.0,6.818181818181818
スキア,15,0.06666666666666667,0.13333333333333333,0.26666666666666666,0.08333333333333333,0.0,0.0,0.1111111111111111,0.0,0.09090909090909091,0.0,6.866666666666666
スキャニングジョイ,6,0.0,0.0,0.0,,0.0,0.0,0.0,0.0,0.0,0.0,11.0
スキャンダルシート,5,0.0,0.2,0.2,,0.0,,0.0,,0.0,0.0,6.0
スクービドゥー,6,0.3333333333333333,0.3333333333333333,0.3333333333333333,0.3333333333333333,,,0.3333333333333333,,0.2,,4.833333333333333
スコアズビー,8,0.125,0.25,0.25,0.0,0.2,0.2,0.0,0.0,0.3333333333333333,0.0,8.375
スコルピオンキッス,10,0.2,0.2,0.2,0.2857142857142857,0.0,0.0,0.25,,0.25,0.0,5.9
スズカエルマンボ,11,0.0,0.0,0.0,0.0,0.0,0.0,0.0,,0.0,,9.181818181818182
スズカエンジェル,6,0.0,0.16666666666666666,0.16666666666666666,0.0,0.0,,0.0,0.0,0.0,0.0,11.333333333333334
スズカクエーサー,14,0.07142857142857142,0.14285714285714285,0.21428571428571427,0.0,0.09090909090909091,,0.07142857142857142,,0.0,0.3333333333333333,6.142857142857143
スズカグレイス,8,0.0,0.125,0.25,0.0,0.0,0.0,0.0,0.0,0.0,0.0,7.0
スズカシャンティー,25,0.08,0.08,0.12,,0.08,0.10526315789473684,0.0,,0.0,0.0,8.6
スズカダーリン,7,0.0,0.0,0.14285714285714285,0.0,0.0,0.0,0.0,0.0,0.0,0.0,6.428571428571429
スズカフォイル,5,0.2,0.2,0.4,0.0,0.25,0.0,0.25,,0.2,,7.0
スズカフローラ,16,0.0625,0.25,0.25,0.14285714285714285,0.0,,0.07142857142857142,0.0,0.0,0.5,7.6875
スズカブルーム,7,0.42857142857142855,0.5714285714285714,1.0,0.6666666666666666,0.25,0.25,,0.6666666666666666,0.5,0.0,2.0
スズカローズマリー,5,0.0,0.0,0.0,0.0,0.0,0.0,0.0,0.0,0.0,,10.4
スズカローラン,9,0.0,0.0,0.1111111111111111,0.0,,,0.0,0.0,0.0,0.0,8.444444444444445
スズノエミー,6,0.0,0.0,0.16666666666666666,,0.0,0.0,,,0.0,0.0,10.0
スズノネイロ,12,0.08333333333333333,0.08333333333333333,0.16666666666666666,0.08333333333333333,,0.09090909090909091,0.0,,0.1111111111111111,,7.416666666666667
スズノメガミ,14,0.07142857142857142,0.07142857142857142,0.2857142857142857,,0.07142857142857142,0.0,0.14285714285714285,,0.0,0.0,6.857142857142857
スズノメヒョー,16,0.0625,0.125,0.1875,0.0,0.06666666666666667,0.07692307692307693,0.0,0.0,0.1111111111111111,0.0,8.5625
スタイルアンドクラス,6,0.16666666666666666,0.3333333333333333,0.5,0.2,0.0,,0.16666666666666666,,0.2,0.0,7.166666666666667
スタイルリスティック,24,0.041666666666666664,0.08333333333333333,0.25,0.06666666666666667,0.0,0.0,0.0,0.09090909090909091,0.05555555555555555,0.0,7.958333333333333
スタセリタ,6,0.3333333333333333,0.3333333333333333,0.6666666666666666,0.3333333333333333,,,0.4,0.0,0.3333333333333333,,5.166666666666667
スタッドドフランス,5,0.0,0.0,0.2,,0.0,,0.0,0.0,0.0,0.0,8.4
スタミナスピード,5,0.0,0.0,0.0,0.0,0.0,0.0,0.0,0.0,0.0,,8.2
スタリア,7,0.0,0.14285714285714285,0.2857142857142857,0.0,0.0,0.0,0.0,,0.0,0.0,7.857142857142857
スターアイル,9,0.1111111111111111,0.3333333333333333,0.3333333333333333,0.0,0.3333333333333333,0.125,0.0,,0.16666666666666666,0.0,5.111111111111111
スターアクトレス,5,0.0,0.0,0.0,,0.0,0.0,,,0.0,0.0,6.8
スターウインド,8,0.125,0.125,0.125,0.0,0.14285714285714285,0.0,0.14285714285714285,,0.25,0.0,8.75
スターオブサファイア,7,0.0,0.0,0.2857142857142857,0.0,,,0.0,0.0,0.0,0.0,5.714285714285714
スターオブジェンヌ,5,0.0,0.0,0.0,,0.0,,0.0,0.0,0.0,0.0,9.0
スターオブジュニパー,9,0.0,0.0,0.0,0.0,0.0,0.0,0.0,,0.0,0.0,12.88888888888889
スターキャスト,8,0.0,0.0,0.0,0.0,0.0,,0.0,,0.0,0.0,7.75
スターコレクション,7,0.14285714285714285,0.2857142857142857,0.2857142857142857,0.25,0.0,0.0,0.5,,0.25,0.0,7.428571428571429
スターシップトラッフルズ,15,0.13333333333333333,0.26666666666666666,0.4,0.0,0.18181818181818182,0.125,0.14285714285714285,,0.1111111111111111,0.16666666666666666,6.266666666666667
スターズアラインド,15,0.13333333333333333,0.3333333333333333,0.5333333333333333,0.07692307692307693,0.5,0.0,0.15384615384615385,,0.2,0.0,7.266666666666667
スターズインハーアイズ,8,0.0,0.0,0.25,0.0,0.0,0.0,0.0,0.0,0.0,0.0,6.0
スタートラッカー,5,0.2,0.6,0.6,,0.2,0.25,0.0,,0.0,0.0,5.4
スターペスキサコ,6,0.0,0.0,0.0,,0.0,0.0,0.0,,0.0,0.0,9.5
スターマレイン,10,0.0,0.1,0.2,,0.0,0.0,0.0,,0.0,0.0,8.9
スターライト,7,0.14285714285714285,0.42857142857142855,0.42857142857142855,,0.14285714285714285,0.0,0.0,0.25,0.0,1.0,4.714285714285714
スティーリンキッシーズ,9,0.0,0.0,0.0,0.0,0.0,,0.0,0.0,0.0,0.0,8.666666666666666
スティールパス,10,0.1,0.2,0.3,0.0,0.125,,0.0,0.25,0.0,0.0,8.7
ステイアライヴ,5,0.2,0.2,0.2,0.0,0.25,0.25,,0.0,0.25,,11.2
ステイハッピー,6,0.0,0.16666666666666666,0.16666666666666666,,0.0,,0.0,,0.0,0.0,6.5
ステキナポケット,5,0.0,0.0,0.2,,0.0,0.0,0.0,,0.0,0.0,6.8
ステッバイステップ,22,0.0,0.045454545454545456,0.13636363636363635,0.0,0.0,0.0,0.0,0.0,0.0,0.0,7.7727272727272725
ステファニーズキトゥン,5,0.0,0.4,0.4,0.0,,,0.0,0.0,0.0,0.0,3.4
ステラアクトレス,6,0.16666666666666666,0.16666666666666666,0.16666666666666666,,0.16666666666666666,0.3333333333333333,0.0,,0.0,0.3333333333333333,8.166666666666666
ステラスターライト,10,0.1,0.3,0.4,0.0,0.1111111111111111,,0.1111111111111111,0.0,0.16666666666666666,0.0,4.5
ステラマリス,7,0.2857142857142857,0.2857142857142857,0.2857142857142857,0.0,0.3333333333333333,0.0,0.4,,0.4,0.0,8.285714285714286
ストック,6,0.0,0.16666666666666666,0.16666666666666666,0.0,,,0.0,0.0,0.0,,6.166666666666667
ストライクルート,23,0.17391304347826086,0.30434782608695654,0.391304347826087,0.17647058823529413,0.16666666666666666,0.23076923076923078,0.1,,0.11764705882352941,0.0,5.739130434782608
ストリートスタイル,6,0.0,0.0,0.0,0.0,0.0,0.0,0.0,,0.0,0.0,9.833333333333334
ストリートパレード,12,0.08333333333333333,0.08333333333333333,0.3333333333333333,0.0,0.14285714285714285,0.1,0.0,0.0,0.14285714285714285,0.0,6.833333333333333
ストレイトフロムテキサス,6,0.0,0.16666666666666666,0.3333333333333333,0.0,0.0,0.0,0.0,,,0.0,9.166666666666666
ストレンジラブ,6,0.0,0.0,0.16666666666666666,0.0,,,0.0,0.0,0.0,0.0,6.0
ストロベリーズ,7,0.0,0.0,0.0,0.0,0.0,0.0,0.0,,0.0,0.0,10.857142857142858
ストロベリーフェア,9,0.3333333333333333,0.3333333333333333,0.5555555555555556,0.3333333333333333,,,0.2857142857142857,0.5,0.5,0.0,4.111111111111111
ストークアンドレイ,7,0.0,0.0,0.0,0.0,0.0,,0.0,0.0,0.0,0.0,6.714285714285714
ストーミーレニー,7,0.14285714285714285,0.14285714285714285,0.14285714285714285,0.0,0.5,0.0,0.16666666666666666,,0.25,0.0,10.428571428571429
ストームイメージ,9,0.0,0.0,0.0,0.0,,0.0,0.0,,0.0,0.0,10.555555555555555
ストームツイスター,8,0.25,0.25,0.25,0.25,0.25,0.3333333333333333,0.0,,0.16666666666666666,0.5,6.5
スナークスズラン,7,0.0,0.2857142857142857,0.42857142857142855,0.0,0.0,0.0,,,0.0,0.0,6.0
スナークヒロイン,23,0.08695652173913043,0.08695652173913043,0.21739130434782608,0.0,0.09523809523809523,0.1,0.0,,0.15384615384615385,0.0,8.869565217391305
スネガエクスプレス,5,0.0,0.0,0.0,0.0,0.0,0.0,0.0,0.0,0.0,0.0,11.2
スノークラフト,7,0.0,0.0,0.0,0.0,0.0,0.0,0.0,,0.0,0.0,8.142857142857142
スノーパイン,6,0.0,0.0,0.16666666666666666,0.0,0.0,0.0,0.0,,0.0,0.0,8.333333333333334
スパイオブラヴ,6,0.0,0.0,0.3333333333333333,,0.0,,0.0,,0.0,0.0,5.833333333333333
スパイクラベンダー,6,0.0,0.0,0.0,0.0,,0.0,0.0,,0.0,,9.666666666666666
スパイスフェアリー,7,0.14285714285714285,0.2857142857142857,0.2857142857142857,,0.14285714285714285,,0.14285714285714285,,0.0,1.0,6.428571428571429
スパニッシュクイーン,8,0.125,0.25,0.5,0.0,1.0,0.0,0.2,,0.14285714285714285,,6.0
スパークオンアイス,9,0.0,0.2222222222222222,0.3333333333333333,0.0,0.0,0.0,0.0,,0.0,0.0,4.888888888888889
スパークルキャット,8,0.125,0.375,0.625,0.0,0.14285714285714285,0.14285714285714285,0.0,,0.0,0.3333333333333333,5.75
スパークルレディー,6,0.0,0.0,0.16666666666666666,,0.0,0.0,0.0,,0.0,0.0,8.166666666666666
スピニングレディ,7,0.14285714285714285,0.2857142857142857,0.5714285714285714,,0.14285714285714285,0.0,0.16666666666666666,,0.16666666666666666,0.0,5.285714285714286
スピニングワイルドキャット,9,0.3333333333333333,0.6666666666666666,0.6666666666666666,0.3333333333333333,,1.0,0.14285714285714285,,0.4,,4.333333333333333
スピードリッパー,8,0.25,0.25,0.5,0.14285714285714285,1.0,0.5,0.16666666666666666,,0.2,,4.625
スフィンクス,5,0.2,0.2,0.2,0.0,0.25,0.2,,,0.5,,8.6
スプライトダンス,7,0.14285714285714285,0.2857142857142857,0.2857142857142857,,0.14285714285714285,0.14285714285714285,,,0.2,0.0,5.714285714285714
スプリングサンダー,14,0.21428571428571427,0.2857142857142857,0.35714285714285715,0.25,0.0,0.0,0.2857142857142857,0.3333333333333333,0.1,1.0,6.428571428571429
スプリングシティ,13,0.15384615384615385,0.15384615384615385,0.38461538461538464,,0.15384615384615385,0.2,0.0,,0.125,0.3333333333333333,5.846153846153846
スプリングシーズンII,15,0.13333333333333333,0.26666666666666666,0.4666666666666667,0.13333333333333333,,,0.16666666666666666,0.0,0.15384615384615385,0.0,4.533333333333333
スプリングフェスタ,18,0.1111111111111111,0.3333333333333333,0.3333333333333333,0.125,0.1,0.1111111111111111,0.0,0.3333333333333333,0.07142857142857142,0.5,7.111111111111111
スプリングボード,6,0.0,0.0,0.0,0.0,,,0.0,0.0,0.0,0.0,7.833333333333333
スプリングマンボ,5,0.4,0.6,0.6,,0.4,,0.4,,0.0,0.0,3.4
スプリングミント,7,0.0,0.0,0.0,,0.0,0.0,0.0,0.0,0.0,0.0,10.714285714285714
スプレンダー,14,0.07142857142857142,0.07142857142857142,0.07142857142857142,0.08333333333333333,0.0,0.0,0.08333333333333333,,0.1,0.0,7.928571428571429
スプンキーウーマン,5,0.0,0.2,0.4,0.0,0.0,,0.0,0.0,0.0,0.0,5.4
スペクトロライト,6,0.3333333333333333,0.3333333333333333,0.3333333333333333,,0.3333333333333333,0.0,0.4,,0.25,,8.166666666666666
スペシャルクイン,11,0.18181818181818182,0.18181818181818182,0.18181818181818182,,0.18181818181818182,0.0,0.2,,0.0,,7.818181818181818
スペシャルグルーヴ,11,0.0,0.18181818181818182,0.36363636363636365,0.0,,0.0,0.0,,0.0,0.0,7.0
スペシャルディナー,12,0.16666666666666666,0.3333333333333333,0.5,0.0,0.2,0.2,0.14285714285714285,,0.1,1.0,5.583333333333333
スペシャルフロート,5,0.0,0.0,0.2,0.0,0.0,0.0,0.0,0.0,0.0,0.0,11.0
スペシャルポケット,12,0.0,0.0,0.0,0.0,0.0,0.0,0.0,0.0,0.0,0.0,12.083333333333334
スペルバインド,5,0.0,0.2,0.2,,0.0,,0.0,,0.0,,5.2
スマイルゲート,6,0.0,0.0,0.0,,0.0,0.0,,,0.0,0.0,9.5
スマッシュ,8,0.25,0.25,0.25,0.0,0.3333333333333333,0.3333333333333333,0.2,,0.16666666666666666,0.5,10.25
スマッシュハート,12,0.08333333333333333,0.08333333333333333,0.08333333333333333,0.1111111111111111,0.0,,0.16666666666666666,0.0,0.14285714285714285,0.0,7.416666666666667
スマーティコジーン,5,0.0,0.2,0.2,0.0,0.0,0.0,0.0,0.0,0.0,,9.0
スマーティーシスター,6,0.0,0.0,0.0,,0.0,0.0,0.0,,0.0,0.0,7.666666666666667
スマートアイリス,5,0.0,0.0,0.0,0.0,0.0,0.0,0.0,,0.0,,6.6
スマートアルティラ,7,0.14285714285714285,0.14285714285714285,0.14285714285714285,,0.14285714285714285,0.14285714285714285,,,0.25,0.0,6.428571428571429
スマートアルテミス,6,0.16666666666666666,0.3333333333333333,0.3333333333333333,1.0,0.0,0.0,,1.0,0.25,0.0,7.833333333333333
スマートオーシャン,29,0.13793103448275862,0.2413793103448276,0.3103448275862069,0.06666666666666667,0.21428571428571427,0.2,0.07692307692307693,0.0,0.14285714285714285,0.25,7.551724137931035
スマートバベル,10,0.1,0.1,0.2,,0.1,0.3333333333333333,0.0,,0.0,0.0,9.1
スマートムービー,7,0.2857142857142857,0.2857142857142857,0.2857142857142857,0.3333333333333333,0.0,0.0,,0.3333333333333333,0.4,0.0,4.571428571428571
スマートレモラ,8,0.0,0.0,0.0,,0.0,0.0,,,0.0,0.0,8.5
スモークンフローリック,6,0.16666666666666666,0.16666666666666666,0.16666666666666666,0.16666666666666666,,,0.0,0.3333333333333333,0.0,0.0,7.333333333333333
スモーダリング,7,0.42857142857142855,0.42857142857142855,0.42857142857142855,,0.42857142857142855,0.4,0.5,,0.6666666666666666,0.25,5.428571428571429
スリーオーシャン,9,0.0,0.1111111111111111,0.1111111111111111,0.0,0.0,0.0,0.0,0.0,0.0,0.0,9.222222222222221
スリーサンハーツ,9,0.1111111111111111,0.4444444444444444,0.5555555555555556,0.0,0.125,0.125,0.0,,0.125,0.0,7.0
スリーサンローズ,5,0.0,0.2,0.2,0.0,0.0,0.0,0.0,,0.0,0.0,9.0
スリールドランジュ,6,0.0,0.0,0.0,0.0,0.0,,0.0,0.0,0.0,,12.666666666666666
スルターナ,7,0.14285714285714285,0.14285714285714285,0.2857142857142857,0.0,0.16666666666666666,,0.0,0.25,0.3333333333333333,0.0,6.142857142857143
スルーザシーズン,5,0.0,0.0,0.2,,0.0,0.0,,,0.0,0.0,11.4
スルーレート,7,0.0,0.0,0.0,0.0,0.0,0.0,0.0,0.0,0.0,0.0,10.857142857142858
スローライフ,5,0.0,0.0,0.0,,0.0,0.0,,,0.0,,6.6
スワンソング,6,0.0,0.0,0.0,0.0,0.0,0.0,0.0,0.0,0.0,0.0,10.833333333333334
スーパーマダム,6,0.3333333333333333,0.5,0.5,0.5,0.0,0.6666666666666666,0.0,,0.3333333333333333,,7.833333333333333
スーリア,11,0.09090909090909091,0.09090909090909091,0.09090909090909091,0.1111111111111111,0.0,0.0,0.0,0.1111111111111111,0.0,0.5,8.636363636363637
スーリール,5,0.0,0.0,0.0,0.0,0.0,0.0,0.0,,0.0,0.0,6.8
スールキートス,5,0.2,0.2,0.4,,0.2,0.25,0.0,,0.25,0.0,5.8
スーヴェニアギフト,6,0.16666666666666666,0.16666666666666666,0.16666666666666666,0.2,0.0,0.2,0.0,,0.25,0.0,8.333333333333334
セイウンデライラ,8,0.0,0.0,0.0,0.0,0.0,0.0,0.0,0.0,0.0,,12.875
セイカイリス,10,0.0,0.0,0.0,,0.0,,0.0,0.0,0.0,0.0,9.7
セイカフォルトゥナ,7,0.2857142857142857,0.2857142857142857,0.5714285714285714,,0.2857142857142857,0.25,0.3333333333333333,,0.6666666666666666,0.0,4.428571428571429
セイクリッドサイト,7,0.14285714285714285,0.42857142857142855,0.5714285714285714,0.0,0.16666666666666666,0.14285714285714285,,,0.0,0.3333333333333333,5.142857142857143
セインツプレイ,5,0.2,0.2,0.4,,0.2,0.0,0.25,,0.0,0.0,6.8
セイントリーフ,12,0.0,0.08333333333333333,0.08333333333333333,0.0,0.0,0.0,0.0,,0.0,0.0,8.083333333333334
セカンドノホシ,9,0.1111111111111111,0.3333333333333333,0.4444444444444444,0.1111111111111111,,,0.0,0.2,0.16666666666666666,0.0,3.888888888888889
セキサンキセキ,6,0.0,0.0,0.3333333333333333,0.0,0.0,0.0,0.0,0.0,0.0,0.0,9.0
セキショウ,5,0.2,0.4,0.4,0.25,0.0,0.2,,,0.0,1.0,9.4
セクシーザムライ,6,0.16666666666666666,0.5,0.5,0.0,0.2,0.0,0.0,0.3333333333333333,0.2,,6.0
セクシーディナー,8,0.375,0.625,0.625,0.5,0.3333333333333333,0.5,0.3333333333333333,,0.3333333333333333,0.3333333333333333,4.0
セシリア,5,0.2,0.2,0.2,0.25,0.0,0.5,0.0,,0.3333333333333333,0.0,8.8
セットプレイ,5,0.0,0.0,0.0,0.0,0.0,0.0,,,0.0,0.0,11.6
セデュイールII,16,0.0625,0.0625,0.1875,0.06666666666666667,0.0,,0.1111111111111111,0.0,0.07142857142857142,,7.375
セトウチソーラー,29,0.034482758620689655,0.034482758620689655,0.034482758620689655,0.0,0.125,,0.034482758620689655,,0.0,0.0,8.517241379310345
セトウチダイヤ,12,0.0,0.0,0.25,,0.0,0.0,0.0,,0.0,0.0,8.5
セトノウインド,7,0.0,0.0,0.14285714285714285,0.0,0.0,0.0,,,0.0,0.0,8.428571428571429
セブンシークィーン,5,0.0,0.0,0.0,0.0,0.0,0.0,0.0,,0.0,0.0,10.2
セミニョン,12,0.08333333333333333,0.25,0.3333333333333333,0.09090909090909091,0.0,,0.14285714285714285,0.0,0.0,0.3333333333333333,6.916666666666667
セラフィーヌ,9,0.0,0.1111111111111111,0.2222222222222222,0.0,0.0,0.0,0.0,,0.0,,7.666666666666667
セラミックガール,5,0.2,0.2,0.4,0.2,,,0.0,1.0,0.2,,6.6
セリエンホルデ,8,0.25,0.5,0.75,0.25,,,0.25,,0.25,,2.875
セリメーヌ,7,0.2857142857142857,0.42857142857142855,0.42857142857142855,0.0,0.5,,0.4,0.0,0.25,0.5,6.857142857142857
セルキス,5,0.0,0.0,0.0,0.0,0.0,0.0,0.0,0.0,0.0,,8.0
セルフプリザヴェーション,11,0.09090909090909091,0.36363636363636365,0.45454545454545453,0.0,0.3333333333333333,0.125,0.0,,0.1111111111111111,,6.363636363636363
セレスタ,8,0.125,0.25,0.5,0.14285714285714285,0.0,,0.0,0.16666666666666666,0.14285714285714285,,5.375
セレスティアルキャット,7,0.0,0.14285714285714285,0.14285714285714285,0.0,0.0,,0.0,0.0,0.0,0.0,7.0
セレブデート,15,0.0,0.2,0.26666666666666666,0.0,0.0,,0.0,,0.0,0.0,7.4
センコウノマイヒメ,6,0.0,0.0,0.0,0.0,0.0,0.0,0.0,,0.0,,7.166666666666667
センシュアルドレス,8,0.125,0.125,0.25,0.0,0.16666666666666666,0.0,0.2,0.0,0.16666666666666666,0.0,6.5
センターグランタス,5,0.0,0.2,0.4,0.0,0.0,0.0,0.0,,0.0,,9.2
センティナリー,6,0.16666666666666666,0.16666666666666666,0.3333333333333333,0.25,0.0,0.0,0.25,,0.3333333333333333,0.0,7.5
セントフロンティア,13,0.07692307692307693,0.07692307692307693,0.15384615384615385,0.0,0.08333333333333333,0.0,0.14285714285714285,0.0,0.14285714285714285,0.0,7.0
セーヌパリジャンヌ,6,0.0,0.0,0.0,0.0,0.0,0.0,0.0,,0.0,,10.0
ゼフィランサス,21,0.09523809523809523,0.23809523809523808,0.38095238095238093,0.09090909090909091,0.1,0.1,0.0,0.16666666666666666,0.16666666666666666,0.0,5.523809523809524
ゼマティス,7,0.0,0.0,0.0,0.0,0.0,0.0,0.0,,0.0,0.0,7.428571428571429
ゼラスキャット,7,0.14285714285714285,0.2857142857142857,0.2857142857142857,0.0,0.2,0.25,0.0,,0.0,,9.0
ソウタツ,21,0.09523809523809523,0.09523809523809523,0.14285714285714285,0.1,0.0,,0.09523809523809523,,0.125,0.0,9.571428571428571
ソソノ,5,0.0,0.0,0.0,,0.0,,0.0,,0.0,0.0,6.4
ソフィアルージュ,5,0.0,0.0,0.0,0.0,0.0,0.0,0.0,0.0,0.0,,11.0
ソフトライム,8,0.0,0.0,0.25,,0.0,0.0,0.0,0.0,0.0,0.0,8.75
ソベラニア,9,0.3333333333333333,0.3333333333333333,0.4444444444444444,0.3333333333333333,,,0.3333333333333333,0.3333333333333333,0.2857142857142857,0.0,5.0
ソムニア,13,0.07692307692307693,0.23076923076923078,0.3076923076923077,0.09090909090909091,0.0,0.0,0.125,0.0,0.0,0.0,6.076923076923077
ソラコマチ,9,0.3333333333333333,0.4444444444444444,0.4444444444444444,0.0,0.375,0.5,0.0,,0.4,0.0,7.444444444444445
ソラリア,8,0.125,0.375,0.375,0.125,,,0.0,0.14285714285714285,0.14285714285714285,0.0,5.25
ソリーソアンジェロ,6,0.0,0.0,0.0,,0.0,,0.0,,0.0,,9.666666666666666
ソルシエトウショウ,9,0.0,0.0,0.0,0.0,0.0,0.0,0.0,0.0,0.0,0.0,11.555555555555555
ソロデビュー,7,0.0,0.14285714285714285,0.14285714285714285,,0.0,,0.0,,0.0,0.0,8.0
ソングフォーミー,7,0.14285714285714285,0.2857142857142857,0.42857142857142855,,0.14285714285714285,,0.16666666666666666,0.0,0.0,0.3333333333333333,6.0
ソーゴル,6,0.0,0.3333333333333333,0.3333333333333333,0.0,0.0,,0.0,0.0,0.0,0.0,5.666666666666667
ソーマジック,11,0.09090909090909091,0.2727272727272727,0.2727272727272727,0.1,0.0,,0.0,0.5,0.0,0.5,7.2727272727272725
ソーメニーウェイズ,12,0.25,0.25,0.4166666666666667,0.375,0.0,,0.0,0.375,0.2857142857142857,0.0,5.833333333333333
ゾイゾイ,5,0.0,0.0,0.0,,0.0,0.0,,,0.0,,10.8
タイキアヴェニュー,8,0.125,0.125,0.125,,0.125,0.0,0.14285714285714285,,0.25,0.0,7.625
タイキエイワン,11,0.0,0.09090909090909091,0.09090909090909091,,0.0,0.0,0.0,,0.0,0.0,9.0
タイキクララ,9,0.1111111111111111,0.1111111111111111,0.1111111111111111,0.1111111111111111,,,0.1111111111111111,,0.0,0.0,7.777777777777778
タイキグラミー,11,0.0,0.18181818181818182,0.18181818181818182,0.0,0.0,0.0,0.0,,0.0,0.0,5.454545454545454
タイキシャイン,7,0.14285714285714285,0.14285714285714285,0.14285714285714285,0.0,0.16666666666666666,0.16666666666666666,0.0,,0.0,0.5,7.285714285714286
タイキトゥインクル,6,0.0,0.0,0.3333333333333333,0.0,0.0,0.0,0.0,,0.0,0.0,6.5
タイキプリンセス,5,0.0,0.0,0.4,0.0,0.0,,0.0,0.0,0.0,,5.8
タイキラナキラ,22,0.045454545454545456,0.045454545454545456,0.09090909090909091,0.0,0.047619047619047616,0.0,0.1,0.0,0.1,0.0,6.409090909090909
タイキロザリオ,7,0.0,0.0,0.0,,0.0,,0.0,,0.0,0.0,6.571428571428571
タイセイハニー,5,0.0,0.0,0.0,0.0,0.0,,0.0,,0.0,0.0,11.4
タイタンクイーン,16,0.0625,0.3125,0.4375,0.06666666666666667,0.0,0.16666666666666666,0.0,,0.07692307692307693,0.0,5.625
タイトルパート,5,0.2,0.2,0.2,0.3333333333333333,0.0,,0.2,,0.0,0.0,9.6
タイホウパーリオ,14,0.07142857142857142,0.21428571428571427,0.2857142857142857,0.0,0.1,0.0,0.07692307692307693,,0.0,0.0,7.214285714285714
タイムウィルテル,12,0.3333333333333333,0.4166666666666667,0.5,0.3333333333333333,,,0.3333333333333333,0.3333333333333333,0.3333333333333333,0.0,3.9166666666666665
タイムトラベリング,7,0.0,0.0,0.14285714285714285,,0.0,0.0,0.0,,0.0,0.0,7.285714285714286
タイムフェアレディ,12,0.08333333333333333,0.3333333333333333,0.5833333333333334,0.09090909090909091,0.0,,0.1,0.0,0.0,1.0,4.5
タカノベンチャー,5,0.0,0.0,0.0,0.0,0.0,,0.0,,0.0,0.0,6.8
タカラインディ,5,0.0,0.0,0.0,0.0,0.0,0.0,0.0,,0.0,0.0,11.4
タガノキャンドル,8,0.0,0.0,0.125,,0.0,0.0,0.0,,0.0,0.0,6.75
タガノシムナ,6,0.0,0.16666666666666666,0.16666666666666666,,0.0,0.0,0.0,,0.0,0.0,6.166666666666667
タガノジョイナー,5,0.2,0.6,0.6,,0.2,0.0,0.3333333333333333,,0.25,0.0,3.0
タガノティアーズ,16,0.125,0.3125,0.375,,0.125,0.125,,,0.0,0.5,4.8125
タガノディナー,6,0.0,0.0,0.0,0.0,,,0.0,,0.0,0.0,6.0
タガノディーバ,6,0.0,0.16666666666666666,0.16666666666666666,0.0,0.0,0.0,,0.0,0.0,0.0,7.666666666666667
タガノミューチャン,6,0.16666666666666666,0.16666666666666666,0.16666666666666666,0.25,0.0,0.5,0.0,,0.3333333333333333,0.0,8.0
タガノレヴェントン,17,0.11764705882352941,0.17647058823529413,0.29411764705882354,0.2222222222222222,0.0,,0.0,0.25,0.25,0.0,5.352941176470588
タキオンメーカー,9,0.0,0.1111111111111111,0.2222222222222222,0.0,0.0,0.0,0.0,,0.0,,7.0
タクトフリー,6,0.16666666666666666,0.3333333333333333,0.3333333333333333,,0.16666666666666666,0.16666666666666666,,,0.3333333333333333,0.0,5.5
タケショウレジーナ,10,0.1,0.1,0.1,0.1,,0.125,0.0,,0.25,0.0,8.2
タケノローマン,7,0.14285714285714285,0.2857142857142857,0.2857142857142857,0.2,0.0,,0.14285714285714285,,0.0,,5.714285714285714
タスクミストレス,5,0.0,0.0,0.2,0.0,0.0,,,0.0,0.0,0.0,5.4
タチアナ,5,0.2,0.2,0.4,0.0,0.5,0.3333333333333333,0.0,,0.2,,8.2
タックスシェルター,8,0.125,0.125,0.125,0.125,,,0.125,,0.16666666666666666,0.0,6.75
タッソーニー,5,0.0,0.0,0.0,0.0,,0.0,0.0,,0.0,0.0,11.6
タッチII,9,0.0,0.1111111111111111,0.1111111111111111,0.0,0.0,,0.0,,0.0,,7.0
タッチアス,14,0.21428571428571427,0.2857142857142857,0.35714285714285715,0.0,0.25,,0.2727272727272727,0.0,0.18181818181818182,0.3333333333333333,6.928571428571429
タツキセキ,10,0.0,0.1,0.2,,0.0,0.0,0.0,,0.0,0.0,6.0
タツグレース,10,0.1,0.1,0.2,0.1,,0.0,0.1111111111111111,,0.14285714285714285,0.0,6.4
タニノカリス,14,0.07142857142857142,0.14285714285714285,0.21428571428571427,0.0,0.08333333333333333,0.0,0.125,0.0,0.14285714285714285,0.0,7.428571428571429
タニノジュレップ,20,0.1,0.25,0.3,0.13333333333333333,0.0,0.125,0.0,0.25,0.125,0.0,7.2
タニノハイクレア,10,0.0,0.0,0.0,0.0,0.0,,0.0,0.0,0.0,0.0,8.3
タピルージュ,11,0.18181818181818182,0.18181818181818182,0.18181818181818182,0.0,0.2222222222222222,0.2222222222222222,0.0,,0.14285714285714285,0.0,8.818181818181818
タフネスデジタル,5,0.0,0.8,0.8,,0.0,0.0,0.0,,0.0,,2.8
タプローム,5,0.0,0.0,0.0,0.0,0.0,0.0,0.0,,0.0,0.0,12.8
タマヒカル,21,0.09523809523809523,0.23809523809523808,0.3333333333333333,0.0,0.2222222222222222,0.2857142857142857,0.0,0.0,0.0,0.2,5.571428571428571
タママリア,9,0.0,0.0,0.0,,0.0,0.0,0.0,,0.0,0.0,9.11111111111111
タマモボレロ,6,0.16666666666666666,0.16666666666666666,0.16666666666666666,,0.16666666666666666,,0.0,1.0,0.3333333333333333,0.0,4.0
タマモマナムスメ,9,0.1111111111111111,0.1111111111111111,0.2222222222222222,,0.1111111111111111,0.16666666666666666,0.0,,0.14285714285714285,,8.444444444444445
タマユラ,21,0.23809523809523808,0.42857142857142855,0.5238095238095238,0.0,0.25,0.3333333333333333,0.1111111111111111,,0.1875,0.0,4.857142857142857
タミーン,5,0.0,0.2,0.4,0.0,,,0.0,0.0,0.0,0.0,5.4
タムロウイング,5,0.0,0.2,0.2,,0.0,0.0,,,0.0,,6.4
タムロブライト,7,0.14285714285714285,0.14285714285714285,0.14285714285714285,0.16666666666666666,0.0,0.0,0.0,0.3333333333333333,0.14285714285714285,,11.142857142857142
タムロマンサーナ,6,0.0,0.0,0.0,,0.0,,0.0,0.0,0.0,,7.5
タヤスブルーム,8,0.0,0.0,0.25,0.0,0.0,0.0,0.0,,0.0,0.0,9.0
タワーライトブルー,8,0.0,0.0,0.0,0.0,0.0,0.0,0.0,,0.0,,7.625
タンザナイト,11,0.0,0.0,0.2727272727272727,0.0,,0.0,0.0,0.0,0.0,,8.363636363636363
タンタスエルテ,5,0.0,0.0,0.0,0.0,,,,0.0,0.0,,7.2
ターキー,9,0.0,0.0,0.0,0.0,,,0.0,0.0,0.0,,5.555555555555555
ターフデライト,6,0.16666666666666666,0.16666666666666666,0.16666666666666666,0.16666666666666666,,0.0,0.2,,0.2,,6.0
ターフローズ,9,0.0,0.0,0.0,0.0,,0.0,0.0,0.0,0.0,0.0,7.777777777777778
ターントゥタイド,5,0.0,0.0,0.0,0.0,,0.0,0.0,0.0,0.0,,8.8
ダイアゴナルクロス,7,0.14285714285714285,0.2857142857142857,0.2857142857142857,0.0,0.2,0.0,0.3333333333333333,0.0,0.0,0.5,6.857142857142857
ダイイチボタン,7,0.0,0.0,0.0,0.0,,,,0.0,0.0,0.0,5.428571428571429
ダイシンキャンディ,10,0.0,0.0,0.1,0.0,0.0,0.0,0.0,,0.0,0.0,7.2
ダイシンタイムズ,5,0.2,0.4,0.6,0.0,0.25,0.25,0.0,,0.0,,4.4
ダイシンモード,5,0.0,0.0,0.0,0.0,,0.0,,,0.0,,11.6
ダイストウショウ,5,0.0,0.0,0.0,0.0,0.0,0.0,0.0,,0.0,,9.2
ダイメイザバリヤル,11,0.0,0.09090909090909091,0.09090909090909091,0.0,0.0,0.0,0.0,,0.0,0.0,9.272727272727273
ダイメイダーク,15,0.0,0.06666666666666667,0.06666666666666667,0.0,0.0,0.0,0.0,,0.0,0.0,10.6
ダイヤモンドギフト,21,0.047619047619047616,0.23809523809523808,0.38095238095238093,0.047619047619047616,,,0.0,0.0625,0.0,,6.571428571428571
ダイヤモンドディーバ,17,0.0,0.11764705882352941,0.29411764705882354,0.0,0.0,0.0,0.0,,0.0,0.0,7.764705882352941
ダイヤモンドムーン,10,0.0,0.0,0.2,0.0,0.0,0.0,,,0.0,0.0,8.3
ダイヤモンドローズ,15,0.06666666666666667,0.2,0.26666666666666666,0.07692307692307693,0.0,0.1111111111111111,0.0,,0.0,0.0,7.066666666666666
ダイワエタニティー,8,0.0,0.0,0.125,0.0,0.0,0.0,0.0,0.0,0.0,,9.75
ダイワエルシエーロ,7,0.14285714285714285,0.14285714285714285,0.2857142857142857,0.0,0.16666666666666666,0.14285714285714285,,,0.14285714285714285,,9.0
ダイワジェラート,8,0.0,0.25,0.25,0.0,0.0,0.0,0.0,,0.0,0.0,6.875
ダイワジャンヌ,20,0.05,0.2,0.2,0.3333333333333333,0.0,0.0,0.125,0.0,0.09090909090909091,0.0,5.55
ダイワスカーレット,10,0.2,0.4,0.4,0.2,,0.0,0.4,,0.25,,4.9
ダイワズーム,20,0.15,0.25,0.4,0.0,0.17647058823529413,,0.08333333333333333,0.25,0.125,0.2,4.5
ダイワバーガンディ,24,0.08333333333333333,0.125,0.2916666666666667,0.3333333333333333,0.047619047619047616,0.0,0.1111111111111111,0.07142857142857142,0.08333333333333333,0.1,6.458333333333333
ダイワパッション,5,0.0,0.4,0.4,0.0,,,0.0,0.0,0.0,,4.6
ダッシングハニー,11,0.0,0.18181818181818182,0.5454545454545454,,0.0,0.0,0.0,,0.0,0.0,5.909090909090909
ダニエラズフラワー,6,0.0,0.16666666666666666,0.16666666666666666,0.0,0.0,0.0,0.0,,0.0,,8.5
ダノンジャンヌ,5,0.0,0.0,0.0,0.0,,,0.0,0.0,0.0,0.0,8.8
ダノンスズラン,5,0.2,0.2,0.2,0.0,0.3333333333333333,,0.2,,0.0,0.5,6.6
ダノンフローラ,5,0.2,0.2,0.2,0.0,0.3333333333333333,,0.3333333333333333,0.0,0.0,,8.6
ダノンボンジュール,9,0.0,0.1111111111111111,0.2222222222222222,0.0,0.0,0.0,0.0,,0.0,0.0,6.444444444444445
ダブルアクセル,7,0.0,0.14285714285714285,0.14285714285714285,0.0,0.0,0.0,,,0.0,,7.428571428571429
ダブルヨウコ,7,0.0,0.0,0.0,,0.0,,0.0,0.0,0.0,0.0,12.714285714285714
ダマスクローズ,5,0.0,0.0,0.2,0.0,0.0,0.0,0.0,,0.0,,6.4
ダルシャ,10,0.1,0.1,0.1,,0.1,,,0.1,0.14285714285714285,0.0,7.2
ダンシングクイーン,12,0.16666666666666666,0.3333333333333333,0.4166666666666667,0.1111111111111111,0.3333333333333333,0.0,0.2222222222222222,,0.2,0.0,7.583333333333333
ダンシングハピネス,8,0.0,0.0,0.0,0.0,0.0,,0.0,0.0,0.0,0.0,8.125
ダンシングハート,9,0.0,0.0,0.2222222222222222,0.0,0.0,0.0,0.0,0.0,0.0,0.0,6.222222222222222
ダンシングブルーム,13,0.15384615384615385,0.23076923076923078,0.3076923076923077,0.1,0.3333333333333333,0.16666666666666666,0.0,,0.0,0.5,5.615384615384615
ダンシングミッシー,10,0.0,0.0,0.1,,0.0,0.0,,,0.0,0.0,7.2
ダンシングロイヤル,8,0.0,0.0,0.125,,0.0,0.0,0.0,,0.0,,9.625
ダンスインザムード,5,0.0,0.0,0.0,0.0,0.0,,0.0,0.0,0.0,0.0,7.0
ダンスオブザマンボ,5,0.0,0.2,0.4,,0.0,,0.0,,0.0,0.0,8.2
ダンスオンザルーフ,21,0.19047619047619047,0.23809523809523808,0.3333333333333333,0.2,0.18181818181818182,,0.18181818181818182,0.2,0.2,0.0,6.0476190476190474
ダンスファンタジア,11,0.18181818181818182,0.36363636363636365,0.36363636363636365,,0.18181818181818182,0.0,0.2222222222222222,0.0,0.0,0.3333333333333333,7.2727272727272725
ダンスミュージカル,6,0.16666666666666666,0.3333333333333333,0.3333333333333333,0.2,0.0,0.0,0.2,,0.2,,4.666666666666667
ダンゼロゴールド,11,0.0,0.0,0.18181818181818182,,0.0,0.0,0.0,,0.0,0.0,6.909090909090909
ダンツクインビー,10,0.1,0.2,0.5,,0.1,,0.1111111111111111,0.0,0.25,0.0,5.4
ダークサファイア,12,0.08333333333333333,0.16666666666666666,0.16666666666666666,0.09090909090909091,0.0,0.2,0.0,0.0,0.16666666666666666,0.0,7.083333333333333
ダークマレイン,5,0.0,0.0,0.0,0.0,0.0,0.0,0.0,0.0,0.0,0.0,11.4
ダーティダンシング,5,0.0,0.0,0.0,0.0,,0.0,0.0,,0.0,0.0,9.8
ダービーゾーン,5,0.0,0.0,0.2,0.0,,,0.0,0.0,0.0,,5.6
チアズイーガー,5,0.0,0.0,0.0,,0.0,0.0,,,0.0,,11.8
チアズスワロー,7,0.14285714285714285,0.2857142857142857,0.5714285714285714,0.0,0.16666666666666666,,,0.14285714285714285,0.0,1.0,5.285714285714286
チアズヒカリ,6,0.0,0.16666666666666666,0.16666666666666666,,0.0,0.0,,,0.0,,8.833333333333334
チアズメッセージ,10,0.2,0.2,0.2,0.125,0.5,0.16666666666666666,0.3333333333333333,0.0,0.1111111111111111,,8.1
チアフル,14,0.07142857142857142,0.14285714285714285,0.2857142857142857,0.0,0.08333333333333333,0.0,0.09090909090909091,0.0,0.1111111111111111,0.0,6.714285714285714
チアフルアイズ,13,0.0,0.0,0.07692307692307693,0.0,0.0,0.0,0.0,,0.0,0.0,7.153846153846154
チアフルスマイル,9,0.1111111111111111,0.1111111111111111,0.1111111111111111,0.1111111111111111,,0.0,0.2,,0.16666666666666666,0.0,7.0
チェストケリリー,11,0.09090909090909091,0.09090909090909091,0.09090909090909091,0.0,0.125,0.1111111111111111,0.0,,0.14285714285714285,0.0,9.909090909090908
チェリーエンジェル,5,0.0,0.4,0.4,0.0,0.0,0.0,0.0,,0.0,,5.8
チェリーコレクト,11,0.45454545454545453,0.5454545454545454,0.6363636363636364,0.4,0.5,0.5,0.42857142857142855,,0.5,0.25,4.2727272727272725
チェリーシェル,10,0.1,0.3,0.3,,0.1,0.14285714285714285,0.0,,0.16666666666666666,0.0,8.2
チェリーフォレスト,9,0.0,0.0,0.2222222222222222,0.0,0.0,0.0,0.0,0.0,0.0,0.0,8.666666666666666
チェリーペトルズ,5,0.4,0.6,0.6,0.4,,0.4,,,0.3333333333333333,0.0,5.4
チケットトゥダンス,5,0.0,0.0,0.0,0.0,0.0,,0.0,0.0,0.0,,10.6
チャイナドール,6,0.0,0.0,0.0,0.0,0.0,,0.0,0.0,0.0,0.0,7.5
チャオプラヤ,15,0.06666666666666667,0.26666666666666666,0.26666666666666666,0.08333333333333333,0.0,0.0,0.07142857142857142,,0.0,0.0,5.666666666666667
チャプレット,11,0.0,0.0,0.0,0.0,0.0,0.0,0.0,,0.0,0.0,11.636363636363637
チャリティークエスト,17,0.17647058823529413,0.35294117647058826,0.47058823529411764,,0.17647058823529413,0.2857142857142857,0.1111111111111111,0.0,0.125,0.0,5.294117647058823
チャーム,6,0.0,0.16666666666666666,0.16666666666666666,,0.0,0.0,0.0,,0.0,0.0,8.0
チャームアンサー,6,0.16666666666666666,0.16666666666666666,0.16666666666666666,0.2,0.0,0.16666666666666666,,,0.0,,7.0
チャームエンジェル,7,0.2857142857142857,0.5714285714285714,0.5714285714285714,,0.2857142857142857,,0.3333333333333333,0.0,0.0,1.0,4.0
チャームキャップ,9,0.1111111111111111,0.1111111111111111,0.2222222222222222,,0.1111111111111111,0.1111111111111111,,,0.0,0.25,5.222222222222222
チャームドリーム,10,0.0,0.0,0.1,,0.0,0.0,0.0,0.0,0.0,0.0,7.9
チャームナデシコ,7,0.0,0.0,0.0,,0.0,0.0,0.0,,0.0,0.0,8.714285714285714
チャームピクチャー,14,0.07142857142857142,0.21428571428571427,0.2857142857142857,,0.07142857142857142,0.0,0.16666666666666666,0.0,0.14285714285714285,0.0,6.571428571428571
チャームペンダント,6,0.0,0.16666666666666666,0.3333333333333333,,0.0,0.0,,,0.0,0.0,8.0
チャーリーズ,6,0.0,0.0,0.0,0.0,0.0,0.0,0.0,,0.0,0.0,8.5
チュウワプリンセス,6,0.0,0.0,0.6666666666666666,0.0,0.0,,0.0,,0.0,,6.166666666666667
チューニー,8,0.0,0.0,0.125,0.0,0.0,0.0,0.0,,0.0,0.0,8.0
チョウカイクリス,9,0.0,0.1111111111111111,0.1111111111111111,0.0,0.0,0.0,0.0,,0.0,0.0,9.555555555555555
チョコレートリリー,22,0.13636363636363635,0.22727272727272727,0.2727272727272727,0.1111111111111111,0.25,0.3333333333333333,0.06666666666666667,0.25,0.0,0.3333333333333333,6.363636363636363
チヨノドラゴン,7,0.14285714285714285,0.42857142857142855,0.5714285714285714,,0.14285714285714285,,0.14285714285714285,,0.0,0.0,4.142857142857143
チラリ,10,0.1,0.2,0.3,0.1111111111111111,0.0,0.0,0.125,,0.125,0.0,5.6
チリビリビン,13,0.07692307692307693,0.15384615384615385,0.38461538461538464,,0.07692307692307693,0.125,0.0,,0.14285714285714285,0.0,7.538461538461538
チーズマヨ,12,0.0,0.0,0.08333333333333333,0.0,0.0,0.0,0.0,0.0,0.0,0.0,8.916666666666666
チーティンハート,10,0.0,0.1,0.1,0.0,0.0,0.0,0.0,0.0,0.0,0.0,10.8
ツィンクルヴェール,10,0.1,0.3,0.3,,0.1,,0.1111111111111111,0.0,0.14285714285714285,0.0,6.3
ツインエンジェルズ,9,0.0,0.0,0.0,0.0,0.0,,0.0,,0.0,,6.222222222222222
ツクバエルドラド,6,0.0,0.0,0.0,0.0,0.0,,0.0,,0.0,0.0,8.5
ツクバオトメ,19,0.0,0.0,0.05263157894736842,,0.0,0.0,0.0,0.0,0.0,0.0,9.0
ツクバビューティ,7,0.0,0.42857142857142855,0.5714285714285714,0.0,,,0.0,0.0,0.0,,6.0
ツルマルオジョウ,11,0.0,0.0,0.09090909090909091,0.0,0.0,,0.0,0.0,0.0,0.0,6.181818181818182
ツルマルサンチャン,8,0.125,0.125,0.375,,0.125,0.125,,,0.0,0.5,7.0
ツルマルハロー,6,0.0,0.0,0.0,0.0,0.0,,0.0,0.0,0.0,0.0,6.5
ツルマルローズ,6,0.3333333333333333,0.3333333333333333,0.5,,0.3333333333333333,0.4,0.0,,0.5,0.0,4.833333333333333
ティアップダイヤ,5,0.2,0.2,0.4,,0.2,0.2,,,0.5,0.0,5.0
ティアドロップス,7,0.0,0.14285714285714285,0.14285714285714285,0.0,0.0,0.0,,,0.0,0.0,8.714285714285714
ティアラトウショウ,5,0.0,0.0,0.0,0.0,0.0,0.0,0.0,,0.0,0.0,8.2
ティアーモ,9,0.1111111111111111,0.3333333333333333,0.3333333333333333,0.0,0.25,0.25,0.0,0.0,0.0,0.0,5.111111111111111
ティエッチグリーン,5,0.0,0.0,0.0,,0.0,,0.0,,0.0,0.0,9.6
ティエッチグレース,9,0.0,0.0,0.2222222222222222,0.0,0.0,0.0,0.0,,0.0,0.0,7.555555555555555
ティッカーコード,8,0.0,0.0,0.0,0.0,,0.0,0.0,,0.0,,9.0
ティッカーテープ,5,0.2,0.4,0.4,0.2,,,0.2,,0.25,,6.8
ティックルピンク,7,0.14285714285714285,0.2857142857142857,0.2857142857142857,,0.14285714285714285,,0.0,0.3333333333333333,0.0,0.5,5.857142857142857
ティップトップ,8,0.0,0.375,0.75,,0.0,0.0,0.0,,0.0,0.0,2.875
ティノ,5,0.0,0.0,0.0,0.0,0.0,0.0,,,0.0,,7.8
ティフィン,7,0.0,0.14285714285714285,0.14285714285714285,0.0,0.0,0.0,0.0,0.0,0.0,,6.428571428571429
ティボリサンライズ,8,0.0,0.25,0.375,,0.0,0.0,,,0.0,0.0,5.75
ティボリペガサス,6,0.0,0.0,0.0,0.0,0.0,,0.0,,0.0,,6.5
ティンクルチャーミ,8,0.125,0.125,0.25,0.0,0.14285714285714285,0.125,,,0.25,0.0,6.625
ティンタジェル,7,0.0,0.5714285714285714,0.5714285714285714,0.0,,,0.0,,0.0,,3.0
テイエムサンビカ,5,0.0,0.0,0.0,,0.0,0.0,0.0,,0.0,0.0,12.2
テイエムハナフブキ,5,0.0,0.0,0.2,,0.0,0.0,,,0.0,,7.0
テキサスルビー,8,0.0,0.25,0.25,0.0,0.0,0.0,0.0,,0.0,,6.0
テキスタイル,10,0.1,0.2,0.2,0.1111111111111111,0.0,,0.0,0.2,0.0,0.0,7.1
テクニカルラン,8,0.0,0.0,0.25,0.0,0.0,0.0,0.0,,0.0,0.0,5.375
テスティコ,18,0.0,0.1111111111111111,0.2222222222222222,0.0,0.0,0.0,0.0,0.0,0.0,0.0,7.611111111111111
テツナゴオ,6,0.16666666666666666,0.16666666666666666,0.16666666666666666,,0.16666666666666666,0.0,0.25,,0.5,0.0,9.5
テツムーン,13,0.07692307692307693,0.07692307692307693,0.15384615384615385,0.08333333333333333,0.0,,0.1,0.0,0.0,0.0,9.0
テディーズプロミス,5,0.2,0.2,0.2,0.2,,,0.2,,0.3333333333333333,,4.2
テネシーワルツ,5,0.2,0.2,0.2,0.3333333333333333,0.0,0.0,0.3333333333333333,0.0,0.2,,9.0
テメリアイランド,5,0.0,0.2,0.2,0.0,,,0.0,,0.0,,6.8
テルアケリー,8,0.125,0.25,0.5,0.2,0.0,0.0,0.25,0.0,0.2,0.0,5.375
テルヌーヴ,9,0.0,0.0,0.0,0.0,0.0,0.0,0.0,,0.0,0.0,8.88888888888889
テンイムホウ,9,0.0,0.1111111111111111,0.1111111111111111,0.0,0.0,,0.0,0.0,0.0,,9.0
テンザンオトヒメ,6,0.16666666666666666,0.16666666666666666,0.16666666666666666,,0.16666666666666666,0.0,0.0,0.3333333333333333,0.25,0.0,10.666666666666666
テンザンコノハナ,16,0.0625,0.125,0.1875,0.2,0.0,0.0,0.14285714285714285,0.0,0.09090909090909091,0.0,6.875
テンダリーヴォイス,8,0.0,0.125,0.25,0.0,,,0.0,0.0,0.0,,7.5
テーオーヴィーナス,7,0.14285714285714285,0.14285714285714285,0.14285714285714285,0.16666666666666666,0.0,0.0,0.16666666666666666,,0.16666666666666666,0.0,7.142857142857143
テールバインダー,9,0.0,0.0,0.0,0.0,0.0,0.0,,,0.0,0.0,9.222222222222221
デアリングバード,8,0.25,0.25,0.375,0.25,,,0.2857142857142857,0.0,0.14285714285714285,1.0,5.0
デアリングワールド,7,0.14285714285714285,0.2857142857142857,0.5714285714285714,,0.14285714285714285,0.0,0.3333333333333333,,0.0,0.5,4.571428571428571
ディアエスペランサ,7,0.0,0.0,0.0,0.0,0.0,0.0,0.0,,0.0,0.0,8.714285714285714
ディアジーナ,5,0.0,0.8,0.8,0.0,,,0.0,,0.0,0.0,2.4
ディアジーローズ,17,0.058823529411764705,0.11764705882352941,0.11764705882352941,,0.058823529411764705,0.0,0.07692307692307693,,0.0,0.125,8.705882352941176
ディアテイスティー,9,0.1111111111111111,0.1111111111111111,0.2222222222222222,0.3333333333333333,0.0,,0.1111111111111111,,0.16666666666666666,0.0,6.0
ディアデラノビア,18,0.1111111111111111,0.4444444444444444,0.5,0.11764705882352941,0.0,0.0,0.18181818181818182,0.0,0.125,0.0,6.166666666666667
ディアデラマドレ,8,0.125,0.375,0.375,0.125,,,0.16666666666666666,0.0,0.14285714285714285,,5.0
ディアマイベイビー,7,0.0,0.2857142857142857,0.42857142857142855,0.0,0.0,0.0,0.0,0.0,0.0,0.0,5.142857142857143
ディアルーモ,15,0.0,0.0,0.0,0.0,0.0,0.0,0.0,0.0,0.0,0.0,8.333333333333334
ディオニージア,8,0.125,0.375,0.5,0.14285714285714285,0.0,,0.0,0.2,0.0,0.0,5.625
ディテール,7,0.14285714285714285,0.2857142857142857,0.42857142857142855,0.3333333333333333,0.0,,0.0,0.25,0.0,0.0,5.857142857142857
ディパッション,17,0.058823529411764705,0.058823529411764705,0.058823529411764705,,0.058823529411764705,0.058823529411764705,,,0.0,0.2,9.235294117647058
ディフィカルト,10,0.0,0.1,0.3,,0.0,0.0,,,0.0,0.0,4.8
ディマクコンダ,6,0.16666666666666666,0.16666666666666666,0.16666666666666666,0.2,0.0,0.2,0.0,,0.25,0.0,10.666666666666666
ディラローシェ,5,0.0,0.0,0.4,0.0,,,0.0,0.0,0.0,,4.4
ディヴィナプレシオーサ,6,0.16666666666666666,0.3333333333333333,0.5,0.3333333333333333,0.0,,0.3333333333333333,0.0,0.0,,5.333333333333333
ディヴォーション,9,0.2222222222222222,0.3333333333333333,0.3333333333333333,,0.2222222222222222,0.2222222222222222,,,0.14285714285714285,0.5,7.555555555555555
ディーバ,8,0.0,0.0,0.125,0.0,0.0,0.0,0.0,0.0,0.0,0.0,8.875
ディープインアスク,14,0.0,0.0,0.0,0.0,,0.0,,,0.0,,11.285714285714286
ディープストーリー,6,0.0,0.0,0.3333333333333333,0.0,0.0,,0.0,0.0,0.0,0.0,6.666666666666667
ディープラヴ,9,0.3333333333333333,0.4444444444444444,0.5555555555555556,0.375,0.0,,0.0,0.42857142857142855,0.3333333333333333,,4.0
デイトユアドリーム,5,0.2,0.4,0.4,,0.2,0.0,0.25,,0.3333333333333333,0.0,7.0
デイドリーマー,14,0.0,0.07142857142857142,0.21428571428571427,0.0,0.0,0.0,,,0.0,0.0,7.285714285714286
デグラーティア,5,0.2,0.4,0.4,0.0,0.3333333333333333,0.3333333333333333,0.0,,0.2,,7.2
デザートチル,13,0.0,0.0,0.15384615384615385,0.0,0.0,,0.0,0.0,0.0,0.0,6.6923076923076925
デスティニーラブ,11,0.0,0.0,0.2727272727272727,0.0,0.0,0.0,,,0.0,0.0,7.7272727272727275
デトロイトカフェ,10,0.1,0.3,0.3,0.1,,0.0,0.1111111111111111,,0.1111111111111111,,4.8
デフィニット,6,0.16666666666666666,0.16666666666666666,0.16666666666666666,0.0,0.5,0.25,0.0,,0.0,0.3333333333333333,11.666666666666666
デュアルストーリー,6,0.3333333333333333,0.3333333333333333,0.3333333333333333,0.0,0.4,0.5,0.3333333333333333,0.0,0.3333333333333333,0.3333333333333333,6.5
デュエット,8,0.0,0.0,0.0,0.0,0.0,0.0,0.0,0.0,0.0,0.0,11.125
デュリュクス,17,0.11764705882352941,0.17647058823529413,0.23529411764705882,0.16666666666666666,0.09090909090909091,0.1,0.14285714285714285,,0.16666666666666666,0.0,6.352941176470588
デュークタイフーン,13,0.07692307692307693,0.46153846153846156,0.46153846153846156,,0.07692307692307693,,0.08333333333333333,0.0,0.0,,4.538461538461538
デライトポイント,9,0.0,0.1111111111111111,0.1111111111111111,0.0,0.0,,0.0,0.0,0.0,0.0,8.555555555555555
デラモーレ,13,0.15384615384615385,0.15384615384615385,0.3076923076923077,0.3333333333333333,0.1,0.0,0.3333333333333333,0.16666666666666666,0.25,0.0,7.538461538461538
デリケートアーチ,5,0.0,0.0,0.0,0.0,0.0,0.0,0.0,,0.0,,10.2
デルマアマノジャク,18,0.0,0.05555555555555555,0.05555555555555555,0.0,0.0,0.0,0.0,,0.0,0.0,8.833333333333334
デルマオコマ,7,0.0,0.0,0.0,,0.0,0.0,,,0.0,0.0,6.857142857142857
デルマシズカチャン,5,0.0,0.0,0.2,,0.0,,0.0,,0.0,0.0,6.6
デルマトモエゴゼン,15,0.13333333333333333,0.26666666666666666,0.3333333333333333,,0.13333333333333333,,0.14285714285714285,0.0,0.25,0.0,7.533333333333333
デルマプロティナ,12,0.08333333333333333,0.16666666666666666,0.4166666666666667,,0.08333333333333333,0.08333333333333333,,,0.125,,6.333333333333333
デルマユリア,8,0.0,0.0,0.0,,0.0,0.0,0.0,,0.0,,12.625
デルモニコキャット,5,0.2,0.2,0.2,,0.2,,0.2,,0.3333333333333333,0.0,4.6
デンコウデア,10,0.1,0.1,0.2,0.0,0.125,0.125,0.0,,0.1111111111111111,0.0,8.5
デヴェロッペ,13,0.07692307692307693,0.46153846153846156,0.46153846153846156,0.07692307692307693,,0.0,0.0,0.16666666666666666,0.0,0.0,4.923076923076923
トゥザハピネス,10,0.1,0.1,0.2,,0.1,,0.3333333333333333,0.0,0.2,0.0,6.4
トゥルヴァーユ,7,0.0,0.2857142857142857,0.2857142857142857,0.0,0.0,0.0,0.0,,0.0,0.0,6.714285714285714
トゥーピー,12,0.08333333333333333,0.25,0.25,0.0,0.3333333333333333,0.3333333333333333,0.0,0.0,0.1,0.0,8.166666666666666
トウカイアンジュ,11,0.0,0.0,0.09090909090909091,0.0,0.0,0.0,0.0,0.0,0.0,,8.818181818181818
トウカイデンヒル,10,0.1,0.3,0.4,0.0,0.1111111111111111,0.1111111111111111,,0.0,0.0,0.0,5.6
トウカイベルタ,17,0.058823529411764705,0.11764705882352941,0.11764705882352941,0.14285714285714285,0.0,0.0,0.0,0.14285714285714285,0.0,0.0,6.823529411764706
トウカイポプリ,9,0.1111111111111111,0.1111111111111111,0.1111111111111111,0.0,0.16666666666666666,0.14285714285714285,0.0,,0.2,0.0,9.444444444444445
トウカイミステリー,7,0.42857142857142855,0.42857142857142855,0.5714285714285714,,0.42857142857142855,0.42857142857142855,,,0.4,0.0,5.571428571428571
トウカイメガミ,9,0.0,0.0,0.0,0.0,0.0,0.0,0.0,0.0,0.0,,8.333333333333334
トウカイライフ,7,0.0,0.0,0.0,0.0,0.0,0.0,0.0,,0.0,0.0,10.142857142857142
トウケイスペシャル,13,0.07692307692307693,0.07692307692307693,0.07692307692307693,,0.07692307692307693,0.125,0.0,,0.0,0.0,8.923076923076923
トウケイルーブル,6,0.16666666666666666,0.16666666666666666,0.3333333333333333,0.16666666666666666,,,0.16666666666666666,,0.0,,4.666666666666667
トウシンハンター,6,0.3333333333333333,0.5,0.6666666666666666,0.3333333333333333,,,0.3333333333333333,,0.2,,4.333333333333333
トウホクビジン,13,0.0,0.07692307692307693,0.07692307692307693,0.0,0.0,,0.0,0.0,0.0,0.0,8.615384615384615
トウヨウテースト,9,0.0,0.0,0.1111111111111111,,0.0,0.0,,,0.0,0.0,7.333333333333333
トキノナスティア,12,0.16666666666666666,0.16666666666666666,0.16666666666666666,0.4,0.0,,0.0,0.25,0.0,0.25,5.833333333333333
トキノミスフレンチ,5,0.0,0.0,0.0,,0.0,0.0,0.0,,0.0,0.0,11.0
トシキャンディ,17,0.058823529411764705,0.058823529411764705,0.11764705882352941,0.0,0.08333333333333333,0.1,0.0,,0.08333333333333333,0.0,7.705882352941177
トップアクトレス,9,0.0,0.1111111111111111,0.1111111111111111,,0.0,0.0,0.0,0.0,0.0,0.0,10.333333333333334
トップオブザヘヴン,18,0.1111111111111111,0.2222222222222222,0.2222222222222222,0.125,0.0,0.0,0.125,,0.14285714285714285,0.0,7.111111111111111
トップオブドーラ,13,0.07692307692307693,0.15384615384615385,0.23076923076923078,0.08333333333333333,0.0,0.0,0.125,,0.1,0.0,7.615384615384615
トップコマチ,10,0.1,0.2,0.4,1.0,0.0,0.0,,1.0,0.16666666666666666,0.0,6.2
トップサンキスト,6,0.0,0.0,0.0,0.0,,,0.0,0.0,0.0,,7.5
トップセラー,13,0.15384615384615385,0.23076923076923078,0.5384615384615384,0.15384615384615385,,,0.125,0.2,0.2,,4.384615384615385
トップデサイル,9,0.0,0.1111111111111111,0.1111111111111111,0.0,0.0,,0.0,0.0,0.0,0.0,8.777777777777779
トップモーション,6,0.3333333333333333,0.5,0.8333333333333334,0.3333333333333333,,,0.0,0.4,0.2,,2.5
トップライナーII,6,0.0,0.0,0.0,0.0,0.0,0.0,0.0,,0.0,0.0,10.833333333333334
トップレディスター,7,0.14285714285714285,0.14285714285714285,0.2857142857142857,,0.14285714285714285,0.25,0.0,,0.3333333333333333,0.0,8.0
トラウム,10,0.0,0.1,0.1,0.0,0.0,,0.0,0.0,0.0,0.0,7.6
トラディション,9,0.1111111111111111,0.3333333333333333,0.4444444444444444,,0.1111111111111111,0.0,0.16666666666666666,,0.14285714285714285,,5.222222222222222
トリアンドルス,5,0.2,0.4,0.4,,0.2,,0.25,0.0,0.25,,7.4
トリプルアクト,7,0.0,0.0,0.0,0.0,0.0,0.0,0.0,,0.0,0.0,11.0
トリプルハート,5,0.0,0.4,0.4,,0.0,0.0,,,0.0,0.0,6.0
トリプルピルエット,6,0.0,0.0,0.0,0.0,,0.0,0.0,,0.0,0.0,10.0
トリプレックス,18,0.05555555555555555,0.1111111111111111,0.1111111111111111,0.06666666666666667,0.0,0.0,0.09090909090909091,,0.0,0.25,7.944444444444445
トレサンセール,9,0.0,0.0,0.1111111111111111,0.0,0.0,0.0,0.0,0.0,0.0,0.0,8.333333333333334
トレノエンジェル,7,0.0,0.0,0.0,0.0,,,0.0,,0.0,,8.428571428571429
トレノトマト,14,0.14285714285714285,0.35714285714285715,0.5,,0.14285714285714285,0.0,0.125,0.3333333333333333,0.0,0.0,6.0
トレノローザ,6,0.16666666666666666,0.3333333333333333,0.5,,0.16666666666666666,,0.3333333333333333,0.0,0.0,,5.333333333333333
トレラピッド,12,0.0,0.08333333333333333,0.16666666666666666,0.0,,,0.0,0.0,0.0,0.0,7.0
トロピカルタイム,8,0.125,0.125,0.25,,0.125,1.0,0.0,,0.0,0.0,5.0
トロピカルラヴ,10,0.1,0.1,0.3,,0.1,,0.125,0.0,0.16666666666666666,0.0,7.3
トロワボヌール,5,0.0,0.0,0.4,0.0,0.0,,0.0,0.0,0.0,,7.2
トワイスアップ,7,0.0,0.0,0.0,0.0,,0.0,0.0,,0.0,0.0,11.285714285714286
トワインブルーム,6,0.0,0.0,0.16666666666666666,,0.0,0.0,,,0.0,0.0,6.166666666666667
トーアティアレ,9,0.0,0.0,0.1111111111111111,,0.0,0.0,0.0,,0.0,0.0,7.888888888888889
トーアビバリーヒル,8,0.0,0.125,0.125,0.0,,,,0.0,0.0,0.0,6.0
トークショウ,5,0.0,0.0,0.4,0.0,,,0.0,,0.0,,5.4
トーセンアルニカ,8,0.125,0.375,0.75,,0.125,0.125,,,0.16666666666666666,0.0,4.5
トーセンイレイシャ,12,0.08333333333333333,0.08333333333333333,0.16666666666666666,0.0,0.1,0.16666666666666666,0.0,0.0,0.0,0.5,7.916666666666667
トーセンウィンドウ,7,0.0,0.0,0.14285714285714285,,0.0,0.0,0.0,0.0,0.0,0.0,8.285714285714286
トーセンウーノ,9,0.0,0.1111111111111111,0.1111111111111111,0.0,0.0,0.0,0.0,,0.0,0.0,7.444444444444445
トーセンオマージュ,6,0.16666666666666666,0.16666666666666666,0.3333333333333333,0.0,0.2,,0.16666666666666666,,0.25,0.0,6.0
トーセンガラシャ,6,0.16666666666666666,0.3333333333333333,0.5,0.16666666666666666,,,0.2,0.0,0.0,,3.8333333333333335
トーセンビート,5,0.2,0.4,0.4,,0.2,0.0,0.25,,0.5,0.0,6.0
トーセンフリージア,10,0.0,0.1,0.1,0.0,0.0,,0.0,0.0,0.0,0.0,8.4
トーセンブリリアン,7,0.14285714285714285,0.14285714285714285,0.14285714285714285,0.0,0.2,0.0,0.25,0.0,0.0,0.5,7.0
トーセンベルファム,5,0.0,0.0,0.0,0.0,0.0,0.0,0.0,,0.0,,8.2
トーセンミネルバ,5,0.2,0.2,0.4,0.0,0.5,,0.2,,0.25,0.0,6.4
トーセンラフィット,6,0.16666666666666666,0.16666666666666666,0.3333333333333333,,0.16666666666666666,0.25,0.0,,0.0,,6.5
トーセンリリー,6,0.0,0.0,0.0,0.0,0.0,0.0,0.0,,0.0,,11.5
トーセンレディ,13,0.0,0.07692307692307693,0.07692307692307693,0.0,0.0,,0.0,0.0,0.0,0.0,8.23076923076923
トーセンロビン,9,0.0,0.3333333333333333,0.4444444444444444,0.0,0.0,,0.0,0.0,0.0,0.0,4.888888888888889
トーホウアマポーラ,8,0.0,0.25,0.25,0.0,0.0,0.0,0.0,,0.0,,5.75
トーホウシャイン,5,0.0,0.0,0.0,,0.0,,0.0,0.0,0.0,,11.2
トーホウドルチェ,8,0.0,0.125,0.25,0.0,0.0,,0.0,,0.0,0.0,8.625
トーホウプリンセス,8,0.25,0.25,0.375,0.2857142857142857,0.0,0.0,0.2857142857142857,,0.4,0.0,7.375
トーホウロサード,5,0.2,0.2,0.2,0.0,0.25,0.2,,,0.0,,10.6
トーホークイーン,5,0.0,0.0,0.0,0.0,0.0,,0.0,,0.0,0.0,10.6
トーヨーサンバ,10,0.2,0.4,0.4,,0.2,,0.2222222222222222,0.0,0.0,0.0,4.6
トーワフォーチュン,12,0.0,0.0,0.08333333333333333,,0.0,0.0,,,0.0,0.0,8.916666666666666
ドクターベローナ,6,0.0,0.0,0.0,0.0,0.0,0.0,,,0.0,,9.833333333333334
ドナウブルー,8,0.125,0.125,0.25,0.125,,0.25,0.0,,0.0,0.0,7.375
ドナフュージョン,8,0.125,0.125,0.125,0.14285714285714285,0.0,,0.0,0.3333333333333333,0.2,0.0,9.375
ドナブリーニ,8,0.25,0.5,0.5,0.25,,0.0,0.2857142857142857,,0.2,0.5,3.875
ドナメジャー,7,0.14285714285714285,0.14285714285714285,0.14285714285714285,,0.14285714285714285,0.0,1.0,,0.0,0.0,8.0
ドナリサ,7,0.14285714285714285,0.2857142857142857,0.42857142857142855,,0.14285714285714285,0.0,0.5,,0.2,0.0,5.428571428571429
ドバイマジェスティ,7,0.42857142857142855,0.42857142857142855,0.5714285714285714,0.42857142857142855,,0.0,0.5,,0.5,,3.857142857142857
ドバウィハイツ,9,0.0,0.0,0.0,0.0,,0.0,0.0,,0.0,0.0,7.888888888888889
ドライアッド,8,0.0,0.0,0.125,0.0,0.0,0.0,0.0,0.0,0.0,,6.875
ドリーボヌール,6,0.16666666666666666,0.16666666666666666,0.16666666666666666,,0.16666666666666666,,0.5,0.0,0.25,0.0,6.166666666666667
ドリームカムカム,6,0.16666666666666666,0.16666666666666666,0.3333333333333333,0.25,0.0,0.3333333333333333,0.0,0.0,0.25,0.0,8.5
ドリームダンシーズ,5,0.0,0.0,0.0,,0.0,,0.0,0.0,0.0,0.0,8.6
ドリームピーチ,7,0.0,0.14285714285714285,0.14285714285714285,0.0,0.0,0.0,0.0,0.0,0.0,0.0,7.857142857142857
ドリームモーメント,5,0.0,0.0,0.0,0.0,0.0,0.0,0.0,,0.0,,11.6
ドリームライター,17,0.11764705882352941,0.17647058823529413,0.17647058823529413,0.16666666666666666,0.09090909090909091,0.0,0.14285714285714285,,0.1,0.2,7.529411764705882
ドリームレディ,6,0.0,0.0,0.0,0.0,,0.0,0.0,,0.0,0.0,7.5
ドルチェメンテ,5,0.0,0.0,0.0,0.0,0.0,0.0,,,0.0,,10.4
ドルチェリモーネ,10,0.1,0.1,0.1,0.0,0.16666666666666666,,0.125,0.0,0.1111111111111111,,9.4
ドルドラムズ,7,0.2857142857142857,0.5714285714285714,0.5714285714285714,,0.2857142857142857,0.25,0.3333333333333333,,0.4,0.0,4.857142857142857
ドルフィンルージュ,7,0.0,0.14285714285714285,0.2857142857142857,,0.0,0.0,0.0,,0.0,0.0,10.142857142857142
ドレスアップ,13,0.0,0.23076923076923078,0.38461538461538464,,0.0,0.0,0.0,,0.0,0.0,4.461538461538462
ナイキトライアンフ,15,0.0,0.06666666666666667,0.2,0.0,0.0,0.0,0.0,,0.0,0.0,7.266666666666667
ナイキトリック,8,0.125,0.125,0.125,,0.125,0.2,0.0,0.0,0.2,0.0,6.25
ナイキフェイバー,8,0.0,0.125,0.125,0.0,,0.0,0.0,0.0,0.0,0.0,6.125
ナイスゴールド,7,0.14285714285714285,0.14285714285714285,0.14285714285714285,0.0,0.16666666666666666,0.0,0.16666666666666666,,0.0,0.0,9.142857142857142
ナイスミイチャン,7,0.0,0.0,0.0,,0.0,,0.0,0.0,0.0,,7.142857142857143
ナイトマジック,11,0.36363636363636365,0.45454545454545453,0.45454545454545453,0.36363636363636365,,,0.5,0.3333333333333333,0.4,,5.363636363636363
ナオミノユメ,7,0.0,0.0,0.2857142857142857,0.0,0.0,0.0,,0.0,0.0,0.0,6.142857142857143
ナカヤマジェンヌ,7,0.14285714285714285,0.14285714285714285,0.14285714285714285,,0.14285714285714285,0.14285714285714285,,,0.0,,7.0
ナショナルホリデー,10,0.0,0.3,0.6,0.0,0.0,,0.0,,0.0,,5.1
ナスカ,5,0.0,0.0,0.2,0.0,0.0,,0.0,0.0,0.0,0.0,9.2
ナスケンアイリス,11,0.09090909090909091,0.09090909090909091,0.18181818181818182,0.0,0.1111111111111111,0.0,0.1,,0.125,0.0,7.090909090909091
ナスノシベリウス,13,0.15384615384615385,0.23076923076923078,0.38461538461538464,0.0,0.3333333333333333,,0.16666666666666666,0.0,0.2222222222222222,0.0,7.076923076923077
ナスノフィオナ,11,0.0,0.09090909090909091,0.09090909090909091,0.0,0.0,,0.0,0.0,0.0,0.0,7.636363636363637
ナチュラルブリッジ,5,0.0,0.0,0.0,,0.0,0.0,0.0,,0.0,,9.8
ナデシコチョウサン,5,0.0,0.0,0.0,0.0,0.0,,0.0,0.0,0.0,0.0,11.4
ナナヨーティアラ,15,0.13333333333333333,0.26666666666666666,0.4,0.2222222222222222,0.0,0.0,0.1111111111111111,0.2,0.3333333333333333,0.0,5.4
ナナリー,11,0.09090909090909091,0.09090909090909091,0.18181818181818182,0.0,0.1,0.1,0.0,,0.0,0.0,8.272727272727273
ナムラエラン,11,0.09090909090909091,0.18181818181818182,0.18181818181818182,0.0,0.1111111111111111,0.14285714285714285,0.0,,0.0,0.0,8.363636363636363
ナムラカエデジョウ,5,0.0,0.0,0.0,,0.0,0.0,0.0,,0.0,0.0,9.0
ナムラカメーリア,15,0.06666666666666667,0.13333333333333333,0.2,0.0,0.1,,0.06666666666666667,,0.125,0.0,8.0
ナムラシゲコ,15,0.13333333333333333,0.2,0.26666666666666666,0.25,0.09090909090909091,0.0,0.1,0.25,0.1111111111111111,0.3333333333333333,6.533333333333333
ナムラチアーズ,7,0.14285714285714285,0.14285714285714285,0.14285714285714285,0.0,0.2,0.0,0.2,,0.5,0.0,9.571428571428571
ナムラネネ,6,0.0,0.16666666666666666,0.16666666666666666,,0.0,0.0,,,0.0,0.0,8.333333333333334
ナムララピス,7,0.0,0.14285714285714285,0.2857142857142857,,0.0,,0.0,,0.0,0.0,5.857142857142857
ナリタカサブランカ,10,0.2,0.3,0.5,0.2,,,0.3333333333333333,0.0,0.2857142857142857,0.0,4.1
ナリタシルエット,6,0.0,0.0,0.3333333333333333,0.0,0.0,0.0,0.0,,0.0,,8.0
ナリタシークレット,13,0.07692307692307693,0.23076923076923078,0.38461538461538464,0.125,0.0,0.16666666666666666,0.0,,0.0,0.0,6.0
ナリタジューン,6,0.0,0.0,0.0,,0.0,0.0,0.0,,0.0,0.0,11.5
ナリタブルースター,5,0.0,0.0,0.0,0.0,0.0,0.0,0.0,,0.0,0.0,6.4
ナンシー,7,0.0,0.0,0.0,,0.0,0.0,0.0,,0.0,0.0,8.857142857142858
ナンヨーカノン,5,0.2,0.2,0.2,0.0,0.3333333333333333,0.5,0.0,,0.0,0.5,8.2
ナンヨーサフラウア,10,0.1,0.3,0.3,0.1,,1.0,0.0,,0.14285714285714285,0.0,5.6
ナンヨーナイト,9,0.0,0.1111111111111111,0.2222222222222222,,0.0,0.0,0.0,0.0,0.0,0.0,8.11111111111111
ニアメ,11,0.0,0.0,0.09090909090909091,0.0,0.0,0.0,0.0,,0.0,,10.0
ニイガッタメール,8,0.0,0.0,0.0,,0.0,,0.0,,0.0,0.0,8.875
ニコールバローズ,7,0.14285714285714285,0.14285714285714285,0.14285714285714285,0.0,0.2,0.16666666666666666,0.0,,0.25,0.0,6.0
ニシノアカツキ,12,0.0,0.08333333333333333,0.25,0.0,0.0,,0.0,0.0,0.0,0.0,7.833333333333333
ニシノキュアノス,5,0.0,0.0,0.0,,0.0,0.0,0.0,,0.0,0.0,7.4
ニシノケイト,7,0.0,0.0,0.0,0.0,0.0,0.0,,,0.0,0.0,8.428571428571429
ニシノシュクラン,5,0.0,0.0,0.2,0.0,0.0,,0.0,0.0,0.0,0.0,7.4
ニシノシルエット,8,0.0,0.25,0.375,0.0,0.0,0.0,0.0,0.0,0.0,0.0,8.0
ニシノステディー,12,0.0,0.0,0.25,0.0,0.0,0.0,0.0,,0.0,0.0,9.666666666666666
ニシノテキーラ,8,0.125,0.375,0.375,,0.125,0.16666666666666666,0.0,,0.0,0.0,6.875
ニシノナースコール,8,0.125,0.125,0.125,0.0,0.14285714285714285,0.2,0.0,,0.0,1.0,9.0
ニシノヒナギク,5,0.2,0.2,0.2,0.2,,,0.0,0.5,0.25,0.0,10.6
ニシノビギン,13,0.07692307692307693,0.23076923076923078,0.23076923076923078,0.0,0.1111111111111111,0.16666666666666666,0.0,,0.0,0.5,7.153846153846154
ニシノフジムスメ,11,0.0,0.0,0.2727272727272727,0.0,0.0,0.0,0.0,,0.0,0.0,7.181818181818182
ニシノブルームーン,5,0.0,0.0,0.0,0.0,0.0,,0.0,0.0,0.0,,10.4
ニシノプルメリア,9,0.1111111111111111,0.2222222222222222,0.2222222222222222,0.0,0.3333333333333333,0.3333333333333333,0.0,,0.16666666666666666,,8.11111111111111
ニシノプレシャス,10,0.0,0.0,0.1,0.0,0.0,,0.0,0.0,0.0,0.0,8.2
ニシノマザーアース,12,0.0,0.0,0.16666666666666666,0.0,0.0,0.0,0.0,0.0,0.0,0.0,7.416666666666667
ニシノマドカ,11,0.0,0.0,0.0,0.0,0.0,0.0,0.0,0.0,0.0,0.0,9.818181818181818
ニシノマナムスメ,11,0.09090909090909091,0.18181818181818182,0.2727272727272727,0.09090909090909091,,0.0,0.1,,0.0,0.0,8.090909090909092
ニシノマメフク,7,0.0,0.0,0.2857142857142857,,0.0,0.0,0.0,,0.0,0.0,5.714285714285714
ニシノミチシルベ,8,0.0,0.0,0.0,0.0,0.0,,0.0,,0.0,0.0,9.25
ニシノミナミカゼ,13,0.07692307692307693,0.07692307692307693,0.07692307692307693,0.07692307692307693,,,0.08333333333333333,0.0,0.08333333333333333,0.0,8.384615384615385
ニシノミラクル,9,0.0,0.3333333333333333,0.3333333333333333,,0.0,0.0,,,0.0,,6.555555555555555
ニシノムーンライト,8,0.125,0.125,0.125,0.125,,0.14285714285714285,0.0,,0.0,0.0,7.75
ニシノメルモ,16,0.0625,0.25,0.3125,0.0,0.09090909090909091,0.0,0.0,0.1111111111111111,0.1,0.0,5.25
ニシノモレッタ,5,0.0,0.2,0.2,0.0,0.0,0.0,0.0,,0.0,0.0,8.0
ニシノモンクス,15,0.13333333333333333,0.13333333333333333,0.2,0.0,0.14285714285714285,0.13333333333333333,,,0.125,0.0,6.266666666666667
ニシノリコルディ,6,0.16666666666666666,0.3333333333333333,0.3333333333333333,0.0,0.25,0.0,0.25,,0.0,0.5,7.166666666666667
ニシノリンド,5,0.0,0.0,0.0,,0.0,0.0,0.0,,0.0,0.0,7.0
ニシノワン,5,0.0,0.0,0.0,0.0,0.0,0.0,0.0,,0.0,0.0,13.8
ニホンピロアブミ,8,0.125,0.125,0.125,0.0,0.16666666666666666,0.16666666666666666,0.0,,0.0,0.3333333333333333,8.375
ニホンピロアンバー,6,0.0,0.0,0.0,,0.0,0.0,,,,0.0,8.833333333333334
ニホンピロエミリー,19,0.05263157894736842,0.05263157894736842,0.05263157894736842,0.25,0.0,0.0,0.2,0.0,0.0,0.0,8.0
ニホンピロコナユキ,10,0.0,0.0,0.1,0.0,0.0,0.0,0.0,,0.0,0.0,10.3
ニホンピロシェリー,6,0.16666666666666666,0.5,0.6666666666666666,0.0,0.2,,0.16666666666666666,,0.5,0.0,5.333333333333333
ニホンピロタルト,5,0.0,0.0,0.2,,0.0,0.0,0.0,,0.0,,9.8
ニホンピロディール,10,0.0,0.1,0.2,0.0,0.0,0.0,0.0,,0.0,0.0,8.1
ニホンピロヴィータ,8,0.0,0.0,0.0,0.0,0.0,0.0,0.0,,0.0,0.0,11.375
ニューアイデア,7,0.0,0.2857142857142857,0.2857142857142857,0.0,0.0,0.0,0.0,0.0,0.0,0.0,5.0
ニューチャプターＩＩ,8,0.375,0.375,0.5,0.0,0.42857142857142855,0.0,0.42857142857142855,,0.6,0.0,4.625
ニースセブンティン,13,0.0,0.07692307692307693,0.15384615384615385,,0.0,0.0,0.0,,0.0,0.0,8.307692307692308
ヌレエフクイン,16,0.0625,0.125,0.1875,,0.0625,,0.0625,,0.08333333333333333,0.0,6.5625
ヌーベルバーグ,12,0.08333333333333333,0.3333333333333333,0.3333333333333333,0.0,0.1,,0.1111111111111111,0.0,0.14285714285714285,0.0,7.0
ヌーヴォレコルト,6,0.16666666666666666,0.16666666666666666,0.16666666666666666,0.16666666666666666,,,0.25,0.0,0.25,0.0,8.666666666666666
ネイチャーガイド,8,0.25,0.25,0.25,0.25,,0.0,0.5,0.2,0.3333333333333333,0.0,7.0
ネオカラー,6,0.5,0.6666666666666666,0.6666666666666666,,0.5,0.5,,,0.75,,3.1666666666666665
ネオヴィクトリア,5,0.2,0.2,0.2,,0.2,0.25,0.0,,0.0,0.5,7.4
ネオヴェリーベリー,10,0.0,0.0,0.0,,0.0,,0.0,0.0,0.0,0.0,5.9
ネヴァーピリオド,5,0.0,0.0,0.0,,0.0,0.0,,,0.0,0.0,8.0
ネームヴァリュー,8,0.0,0.125,0.125,,0.0,0.0,0.0,,0.0,0.0,7.625
ノアウイニング,5,0.0,0.0,0.0,,0.0,0.0,0.0,,0.0,,8.6
ノッテビアンカ,9,0.3333333333333333,0.3333333333333333,0.3333333333333333,0.3333333333333333,0.3333333333333333,,0.375,0.0,0.5,0.0,8.0
ノブレスオブリッジ,7,0.0,0.14285714285714285,0.2857142857142857,0.0,,0.0,0.0,,0.0,0.0,6.142857142857143
ノベンバースルー,9,0.0,0.1111111111111111,0.3333333333333333,0.0,0.0,0.0,0.0,0.0,0.0,0.0,7.777777777777778
ノボキッス,7,0.0,0.0,0.0,0.0,0.0,0.0,0.0,,0.0,0.0,11.714285714285714
ノボプレシャス,11,0.18181818181818182,0.36363636363636365,0.36363636363636365,0.0,0.2,0.18181818181818182,,,0.2222222222222222,,7.2727272727272725
ノンコ,7,0.0,0.0,0.0,0.0,0.0,,0.0,0.0,0.0,0.0,12.428571428571429
ノースパストラル,10,0.1,0.2,0.4,,0.1,0.0,0.25,0.0,0.1,,6.8
ノータブルアート,11,0.0,0.09090909090909091,0.09090909090909091,,0.0,0.0,,,0.0,0.0,7.181818181818182
ノートルアンジュ,20,0.0,0.0,0.0,0.0,0.0,0.0,0.0,,0.0,0.0,7.65
ノードブライティア,10,0.0,0.0,0.1,0.0,0.0,0.0,0.0,,0.0,0.0,9.2
ノードラメール,12,0.08333333333333333,0.25,0.4166666666666667,0.1,0.0,0.0,0.2,,0.09090909090909091,,5.75
ノーブルガイア,8,0.0,0.0,0.125,,0.0,0.0,0.0,0.0,0.0,0.0,8.125
ノーブルコロネット,10,0.2,0.2,0.2,0.2,,,0.14285714285714285,0.3333333333333333,0.16666666666666666,0.5,5.3
ノーブルジュエリー,14,0.07142857142857142,0.14285714285714285,0.21428571428571427,0.07692307692307693,0.0,,0.1111111111111111,0.0,0.1,,6.357142857142857
ノーブルジュピタ,6,0.0,0.3333333333333333,0.3333333333333333,0.0,,0.0,0.0,,0.0,,6.166666666666667
ノーブルステラ,12,0.08333333333333333,0.08333333333333333,0.16666666666666666,0.1,0.0,0.0,0.125,0.0,0.1,,8.0
ノーブルストーン,9,0.0,0.0,0.0,0.0,0.0,,0.0,0.0,0.0,0.0,9.222222222222221
ハイアーラヴ,6,0.0,0.0,0.0,0.0,,,0.0,0.0,0.0,0.0,10.333333333333334
ハイエストホワイト,11,0.18181818181818182,0.5454545454545454,0.6363636363636364,0.18181818181818182,,,0.18181818181818182,,0.1111111111111111,,4.181818181818182
ハイジトウショウ,11,0.0,0.0,0.09090909090909091,,0.0,0.0,0.0,,0.0,0.0,8.727272727272727
ハイタッチクイーン,18,0.1111111111111111,0.2222222222222222,0.2222222222222222,0.1111111111111111,,0.0,0.15384615384615385,0.0,0.1,0.25,7.111111111111111
ハイデルベーレ,5,0.2,0.2,0.2,0.0,0.3333333333333333,0.0,0.3333333333333333,,0.3333333333333333,0.0,5.8
ハイドバウンド,6,0.16666666666666666,0.16666666666666666,0.16666666666666666,,0.16666666666666666,0.16666666666666666,,,0.3333333333333333,,5.333333333333333
ハイノリッジ,12,0.16666666666666666,0.25,0.3333333333333333,0.0,0.18181818181818182,0.2,0.0,,0.3333333333333333,0.0,6.0
ハイフィールド,6,0.0,0.0,0.0,0.0,0.0,,0.0,0.0,0.0,,9.0
ハイマーク,8,0.0,0.0,0.125,0.0,0.0,0.0,0.0,,0.0,,10.875
ハイランドダンス,5,0.0,0.0,0.4,,0.0,,0.0,,0.0,,5.2
ハイリリー,5,0.2,0.2,0.2,0.5,0.0,,0.2,,0.25,0.0,7.0
ハギノアーク,11,0.18181818181818182,0.18181818181818182,0.36363636363636365,0.3333333333333333,0.125,0.0,0.16666666666666666,1.0,0.0,0.4,6.7272727272727275
ハギノウィッシュ,8,0.0,0.125,0.5,0.0,0.0,,0.0,0.0,0.0,0.0,5.625
ハギノクィーン,9,0.0,0.0,0.0,0.0,0.0,,0.0,0.0,0.0,0.0,7.777777777777778
ハクシュウベリー,6,0.0,0.0,0.16666666666666666,,0.0,0.0,0.0,,0.0,0.0,9.5
ハシッテホシーノ,6,0.0,0.16666666666666666,0.3333333333333333,0.0,,0.0,0.0,0.0,0.0,0.0,3.8333333333333335
ハッシュバンバン,8,0.0,0.25,0.25,0.0,,0.0,0.0,,0.0,,6.75
ハットシテグー,5,0.2,0.2,0.2,0.0,0.25,,0.2,,0.25,0.0,11.2
ハッピーダイアリー,13,0.07692307692307693,0.15384615384615385,0.15384615384615385,0.0,0.08333333333333333,0.16666666666666666,0.0,,0.14285714285714285,0.0,8.076923076923077
ハッピーティア,6,0.0,0.0,0.0,0.0,0.0,,0.0,0.0,0.0,0.0,9.0
ハッピーテレサ,7,0.0,0.14285714285714285,0.2857142857142857,0.0,0.0,0.0,,,0.0,,8.571428571428571
ハッピーパス,10,0.1,0.5,0.6,0.1,,0.0,0.1111111111111111,,0.16666666666666666,0.0,3.5
ハッピーパレード,5,0.0,0.0,0.2,0.0,0.0,,0.0,,0.0,0.0,8.0
ハッピーヴァリュー,8,0.0,0.25,0.75,,0.0,0.0,,,0.0,0.0,4.0
ハナイチリン,9,0.2222222222222222,0.3333333333333333,0.5555555555555556,,0.2222222222222222,0.2222222222222222,,,0.5,0.0,5.777777777777778
ハナマル,5,0.0,0.0,0.2,,0.0,0.0,0.0,,0.0,0.0,8.4
ハナムケ,5,0.0,0.2,0.6,,0.0,0.0,,,0.0,,5.8
ハニーダンサー,6,0.16666666666666666,0.16666666666666666,0.3333333333333333,0.2,0.0,0.2,0.0,,0.0,0.0,7.0
ハピネスフォーユー,14,0.0,0.07142857142857142,0.21428571428571427,0.0,0.0,,0.0,0.0,0.0,0.0,8.214285714285714
ハマナス,13,0.23076923076923078,0.23076923076923078,0.3076923076923077,,0.23076923076923078,,0.2727272727272727,0.0,0.3333333333333333,0.0,6.076923076923077
ハヤブサエミネンス,8,0.125,0.375,0.375,,0.125,,0.125,,0.25,0.0,5.75
ハリウッドローズ,5,0.0,0.0,0.0,0.0,0.0,0.0,0.0,0.0,0.0,0.0,11.6
ハリケーンタマ,5,0.0,0.2,0.4,0.0,0.0,0.0,0.0,,0.0,0.0,5.6
ハルサンサン,10,0.2,0.3,0.3,,0.2,0.25,0.0,,0.25,0.0,4.2
ハルジオン,11,0.0,0.0,0.18181818181818182,,0.0,0.0,0.0,,0.0,0.0,7.818181818181818
ハルトリーゲル,7,0.14285714285714285,0.14285714285714285,0.14285714285714285,,0.14285714285714285,0.3333333333333333,0.0,,0.0,0.5,7.285714285714286
ハルマッタン,5,0.0,0.0,0.0,0.0,0.0,0.0,0.0,,0.0,0.0,9.4
ハロースピード,7,0.0,0.14285714285714285,0.14285714285714285,0.0,0.0,,0.0,,0.0,0.0,7.571428571428571
ハロードリーム,6,0.16666666666666666,0.16666666666666666,0.3333333333333333,0.16666666666666666,,0.16666666666666666,,,0.25,0.0,6.166666666666667
ハワイアンウインド,8,0.375,0.5,0.5,0.42857142857142855,0.0,0.0,0.42857142857142855,,0.3333333333333333,0.0,6.125
ハンドオブフェイト,6,0.0,0.16666666666666666,0.3333333333333333,,0.0,0.0,,,0.0,,7.0
ハンドスター,6,0.0,0.0,0.0,0.0,0.0,0.0,0.0,,0.0,,9.0
ハンナリト,5,0.0,0.0,0.0,0.0,0.0,0.0,0.0,,0.0,,8.8
ハーツブラッド,6,0.0,0.0,0.0,0.0,0.0,0.0,0.0,,0.0,,9.166666666666666
ハートアイリス,11,0.09090909090909091,0.2727272727272727,0.36363636363636365,0.0,0.14285714285714285,0.0,0.0,0.14285714285714285,0.14285714285714285,0.0,5.7272727272727275
ハートアンドハート,6,0.0,0.16666666666666666,0.16666666666666666,,0.0,0.0,,,0.0,,8.166666666666666
ハートシェイプト,8,0.0,0.0,0.0,0.0,0.0,0.0,0.0,0.0,0.0,0.0,10.75
ハービンジャーラス,11,0.0,0.09090909090909091,0.18181818181818182,0.0,0.0,,0.0,0.0,0.0,0.0,7.454545454545454
ハープスター,6,0.3333333333333333,0.5,0.6666666666666666,0.5,0.0,,0.2,1.0,0.5,0.0,2.5
ハーベストシーズン,7,0.0,0.0,0.2857142857142857,,0.0,0.0,0.0,,0.0,0.0,9.0
ハーモニーフェア,5,0.0,0.0,0.0,0.0,0.0,,0.0,,0.0,,7.4
ハーランズルビー,16,0.125,0.25,0.375,0.08333333333333333,0.25,1.0,0.0,0.125,0.16666666666666666,0.0,5.9375
ハーランズロマン,7,0.0,0.0,0.14285714285714285,0.0,0.0,0.0,0.0,,0.0,,6.285714285714286
ハーロンベイ,7,0.0,0.0,0.0,0.0,0.0,0.0,0.0,,0.0,0.0,9.428571428571429
バアゼルザウバー,6,0.0,0.0,0.16666666666666666,0.0,0.0,0.0,,,0.0,0.0,9.833333333333334
バアゼルローズ,6,0.3333333333333333,0.3333333333333333,0.5,0.0,0.5,,0.25,0.5,0.5,1.0,4.5
バイオレントムーヴ,8,0.125,0.125,0.125,,0.125,0.16666666666666666,0.0,,0.0,0.0,8.875
バイカターキン,10,0.1,0.2,0.4,,0.1,0.0,0.125,,0.0,0.0,6.3
バイナリーコード,6,0.16666666666666666,0.16666666666666666,0.16666666666666666,0.25,0.0,,0.0,0.3333333333333333,0.0,0.5,7.0
バイモユリ,10,0.1,0.3,0.6,0.1,,0.0,0.125,,0.16666666666666666,0.0,5.4
バウンシーチューン,5,0.0,0.0,0.0,0.0,0.0,0.0,0.0,0.0,0.0,,9.8
バクシンオージョ,5,0.0,0.0,0.0,0.0,0.0,0.0,0.0,,0.0,0.0,11.2
バタラバ,8,0.125,0.5,0.5,,0.125,0.125,,,0.0,0.5,4.5
バトルアンコール,7,0.14285714285714285,0.2857142857142857,0.42857142857142855,,0.14285714285714285,0.14285714285714285,,,0.3333333333333333,0.0,6.857142857142857
バノヴィナ,7,0.14285714285714285,0.42857142857142855,0.42857142857142855,0.14285714285714285,,,0.2,0.0,0.14285714285714285,,5.571428571428571
バプティスタ,9,0.1111111111111111,0.3333333333333333,0.4444444444444444,,0.1111111111111111,0.14285714285714285,0.0,,0.0,0.0,5.777777777777778
バライロー,10,0.3,0.4,0.4,,0.3,0.3,,,0.42857142857142855,0.0,6.4
バラダセール,13,0.23076923076923078,0.38461538461538464,0.38461538461538464,0.2727272727272727,0.0,,0.25,0.0,0.14285714285714285,0.25,5.6923076923076925
バラッドローズ,8,0.0,0.0,0.0,0.0,0.0,0.0,0.0,,0.0,0.0,10.875
バラベルサイユ,8,0.125,0.125,0.25,,0.125,0.14285714285714285,0.0,,0.0,0.0,7.0
バリーバーン,6,0.0,0.0,0.0,0.0,0.0,0.0,0.0,0.0,0.0,0.0,9.0
バルドウィナ,6,0.0,0.0,0.16666666666666666,0.0,,,0.0,0.0,0.0,0.0,7.166666666666667
バルフューレント,9,0.1111111111111111,0.2222222222222222,0.4444444444444444,,0.1111111111111111,0.14285714285714285,0.0,,0.16666666666666666,,4.777777777777778
バレドクール,5,0.2,0.2,0.2,,0.2,0.2,,,0.0,0.0,7.6
バロネスサッチャー,5,0.0,0.0,0.0,,0.0,0.0,0.0,,0.0,0.0,9.8
バンデリータ,10,0.1,0.2,0.3,0.0,0.14285714285714285,0.125,0.0,,0.2,0.0,7.6
バーグドール,6,0.0,0.0,0.0,0.0,,,0.0,0.0,0.0,,10.5
バージニアキャット,5,0.0,0.0,0.4,0.0,,0.0,0.0,0.0,0.0,0.0,6.6
バースデイパーティ,5,0.0,0.0,0.0,,0.0,0.0,0.0,,0.0,0.0,13.0
バーニングラブ,12,0.08333333333333333,0.08333333333333333,0.4166666666666667,,0.08333333333333333,0.0,0.1111111111111111,0.0,0.0,0.0,5.75
バーミスキャット,7,0.0,0.14285714285714285,0.14285714285714285,0.0,0.0,0.0,,,0.0,,6.714285714285714
バーンアウル,14,0.0,0.0,0.0,0.0,0.0,0.0,0.0,0.0,0.0,0.0,9.285714285714286
パイクスピーク,11,0.09090909090909091,0.09090909090909091,0.2727272727272727,0.1111111111111111,0.0,0.14285714285714285,0.0,,0.14285714285714285,0.0,7.818181818181818
パイクーニャン,21,0.09523809523809523,0.14285714285714285,0.23809523809523808,,0.09523809523809523,0.15384615384615385,0.0,,0.16666666666666666,0.0,7.666666666666667
パイメイメイ,6,0.16666666666666666,0.3333333333333333,0.5,,0.16666666666666666,0.16666666666666666,,,0.25,0.0,5.5
パイレートクイーン,5,0.0,0.0,0.0,0.0,0.0,0.0,0.0,,0.0,0.0,11.2
パシオンルージュ,10,0.1,0.4,0.5,0.14285714285714285,0.0,0.0,0.125,,0.14285714285714285,0.0,5.6
パシティア,8,0.125,0.25,0.375,,0.125,0.0,0.2,,0.0,0.5,6.5
パシフィックギャル,9,0.0,0.1111111111111111,0.3333333333333333,0.0,0.0,,0.0,,0.0,0.0,6.111111111111111
パシャドーラ,7,0.0,0.2857142857142857,0.2857142857142857,0.0,0.0,,0.0,0.0,0.0,0.0,5.714285714285714
パスオブドリームズ,18,0.1111111111111111,0.2222222222222222,0.3888888888888889,0.1111111111111111,,,0.1111111111111111,,0.08333333333333333,0.2,5.5
パスザトーチ,6,0.0,0.16666666666666666,0.16666666666666666,,0.0,0.0,,,0.0,0.0,7.333333333333333
パチャママ,5,0.0,0.2,0.4,,0.0,0.0,0.0,,0.0,0.0,6.4
パッショナルダンス,5,0.2,0.2,0.2,0.3333333333333333,0.0,,0.3333333333333333,0.0,0.3333333333333333,0.0,8.6
パッションローズ,7,0.0,0.0,0.14285714285714285,,0.0,0.0,0.0,,0.0,0.0,9.714285714285714
パドブレ,20,0.05,0.15,0.15,0.125,0.0,0.0,0.07692307692307693,,0.06666666666666667,0.0,8.85
パピュラ,5,0.0,0.0,0.0,,0.0,0.0,0.0,,0.0,0.0,9.8
パフュームスター,6,0.16666666666666666,0.16666666666666666,0.6666666666666666,,0.16666666666666666,0.2,0.0,,0.2,0.0,3.0
パラフレーズ,12,0.08333333333333333,0.08333333333333333,0.16666666666666666,0.0,0.2,0.25,0.0,,0.0,0.3333333333333333,9.5
パリサンジェルマン,16,0.0625,0.0625,0.125,0.0,0.09090909090909091,0.14285714285714285,0.0,0.0,0.09090909090909091,0.0,8.6875
パリュール,6,0.16666666666666666,0.3333333333333333,0.3333333333333333,0.2,0.0,0.0,0.25,0.0,0.0,0.0,6.833333333333333
パリージョ,11,0.0,0.0,0.09090909090909091,0.0,,0.0,0.0,0.0,0.0,,9.727272727272727
パリーナチャン,14,0.14285714285714285,0.14285714285714285,0.2857142857142857,,0.14285714285714285,0.15384615384615385,0.0,,0.2222222222222222,0.0,5.571428571428571
パレスルーマー,15,0.13333333333333333,0.2,0.26666666666666666,0.13333333333333333,,,0.2,0.1,0.1111111111111111,0.0,7.466666666666667
パワフルリーフ,9,0.0,0.0,0.0,,0.0,0.0,,,0.0,0.0,8.444444444444445
パンカティリオ,7,0.14285714285714285,0.42857142857142855,0.7142857142857143,0.0,0.16666666666666666,0.0,0.25,0.0,0.0,0.0,3.0
パンテール,5,0.0,0.0,0.0,,0.0,,0.0,,0.0,0.0,8.6
パンデイア,11,0.2727272727272727,0.2727272727272727,0.45454545454545453,0.42857142857142855,0.0,,0.2727272727272727,,0.375,0.0,6.181818181818182
パンドラズホープ,5,0.0,0.0,0.0,,0.0,,0.0,,0.0,0.0,5.2
パーシステントリー,7,0.14285714285714285,0.14285714285714285,0.2857142857142857,0.0,0.16666666666666666,0.16666666666666666,0.0,,0.16666666666666666,0.0,4.714285714285714
パーソナルブレーン,9,0.1111111111111111,0.1111111111111111,0.1111111111111111,0.16666666666666666,0.0,0.0,0.25,0.0,0.14285714285714285,0.0,7.777777777777778
パーソナルレジェンド,8,0.0,0.0,0.125,0.0,0.0,,0.0,0.0,0.0,0.0,7.375
パーフェクトジョイ,5,0.4,0.4,0.4,0.0,0.6666666666666666,,0.4,,0.25,,7.0
パーフェクトチャンス,6,0.0,0.0,0.0,,0.0,0.0,0.0,,0.0,0.0,11.0
パーフェクトトリビュート,16,0.125,0.1875,0.3125,0.2222222222222222,0.0,0.16666666666666666,0.1,,0.08333333333333333,1.0,8.0625
パープル,10,0.1,0.4,0.5,0.0,0.125,,0.1111111111111111,0.0,0.125,0.0,5.5
パープルカフェ,10,0.0,0.0,0.1,0.0,0.0,,0.0,0.0,0.0,0.0,8.8
パールイアリング,11,0.0,0.0,0.09090909090909091,,0.0,0.0,0.0,,0.0,0.0,8.909090909090908
パールシャドウ,16,0.0,0.0,0.1875,0.0,0.0,0.0,0.0,0.0,0.0,0.0,6.75
ヒアトゥウィン,8,0.0,0.0,0.0,0.0,,0.0,0.0,,0.0,,7.75
ヒアーズトウショウ,7,0.14285714285714285,0.14285714285714285,0.2857142857142857,0.0,0.16666666666666666,,0.16666666666666666,0.0,0.16666666666666666,0.0,7.857142857142857
ヒカリヴィグラス,18,0.05555555555555555,0.2777777777777778,0.4444444444444444,,0.05555555555555555,,0.058823529411764705,0.0,0.09090909090909091,0.0,6.166666666666667
ヒカルアマランサス,15,0.06666666666666667,0.2,0.26666666666666666,0.08333333333333333,0.0,0.0,0.16666666666666666,,0.0,0.3333333333333333,8.0
ヒカルウェイブ,5,0.0,0.0,0.0,0.0,0.0,0.0,0.0,,0.0,0.0,10.8
ヒカルカグヤヒメ,5,0.0,0.2,0.2,0.0,0.0,,0.0,,0.0,0.0,7.8
ヒカルカリーナ,9,0.1111111111111111,0.2222222222222222,0.2222222222222222,0.1111111111111111,,,0.1111111111111111,,0.16666666666666666,0.0,7.111111111111111
ヒカルダイヤモンド,12,0.16666666666666666,0.25,0.5,,0.16666666666666666,0.2,0.0,,0.0,0.5,5.083333333333333
ヒカルドウキセイ,8,0.0,0.0,0.0,0.0,0.0,0.0,0.0,,0.0,0.0,9.0
ヒカルユメアカリ,5,0.0,0.0,0.0,,0.0,,0.0,,0.0,,8.8
ヒカルラブリーアイ,6,0.0,0.0,0.3333333333333333,0.0,,0.0,0.0,,0.0,0.0,5.333333333333333
ヒシアニマ,15,0.0,0.06666666666666667,0.26666666666666666,,0.0,0.0,0.0,,0.0,0.0,7.6
ヒシエリート,5,0.2,0.2,0.2,0.0,0.25,,0.25,0.0,0.0,0.0,7.0
ヒシシルバーメイド,7,0.2857142857142857,0.2857142857142857,0.2857142857142857,0.16666666666666666,1.0,0.4,0.0,,0.3333333333333333,0.0,6.714285714285714
ヒシタイトル,9,0.1111111111111111,0.1111111111111111,0.1111111111111111,0.0,0.16666666666666666,0.0,0.2,0.0,0.2,,8.222222222222221
ヒシディーバ,12,0.25,0.4166666666666667,0.5833333333333334,0.3333333333333333,0.0,0.0,0.0,0.3333333333333333,0.5,0.0,4.583333333333333
ヒシマンハッタン,8,0.125,0.25,0.25,,0.125,,0.125,,0.2,0.0,6.125
ヒシラストレディ,7,0.14285714285714285,0.42857142857142855,0.42857142857142855,0.14285714285714285,,,0.3333333333333333,0.0,0.2,0.0,3.857142857142857
ヒシワンスモア,6,0.0,0.16666666666666666,0.3333333333333333,0.0,,,0.0,0.0,0.0,,6.5
ヒシヴェリタス,6,0.0,0.0,0.0,0.0,0.0,0.0,0.0,,0.0,0.0,10.0
ヒストリアドリーム,9,0.0,0.0,0.1111111111111111,0.0,0.0,0.0,0.0,,0.0,,6.666666666666667
ヒストリックスター,12,0.08333333333333333,0.25,0.3333333333333333,0.1111111111111111,0.0,0.0,0.1111111111111111,,0.0,0.0,5.916666666666667
ヒストリックレディ,6,0.16666666666666666,0.16666666666666666,0.16666666666666666,0.3333333333333333,0.0,0.0,0.3333333333333333,,0.3333333333333333,0.0,10.333333333333334
ヒミノオトヒメ,10,0.1,0.1,0.2,0.16666666666666666,0.0,,0.1,,0.14285714285714285,,6.4
ヒミノダンス,7,0.0,0.0,0.0,0.0,0.0,0.0,0.0,0.0,0.0,,9.428571428571429
ヒミノプリンセス,15,0.06666666666666667,0.4,0.4666666666666667,,0.06666666666666667,,0.0,0.25,0.0,0.25,4.133333333333334
ヒメスズラン,11,0.09090909090909091,0.09090909090909091,0.09090909090909091,,0.09090909090909091,0.16666666666666666,0.0,,0.0,0.3333333333333333,7.454545454545454
ヒラボクキャロル,7,0.14285714285714285,0.14285714285714285,0.14285714285714285,0.0,0.5,,0.3333333333333333,0.0,0.25,,9.571428571428571
ヒラボクビジン,8,0.0,0.125,0.125,0.0,0.0,,0.0,0.0,0.0,0.0,7.875
ヒラボクミラクル,7,0.0,0.0,0.0,,0.0,0.0,,,0.0,0.0,7.142857142857143
ヒルダズパッション,6,0.16666666666666666,0.16666666666666666,0.16666666666666666,0.16666666666666666,,0.0,0.25,,0.2,0.0,7.333333333333333
ヒロアンジェロ,5,0.2,0.6,0.6,,0.2,,0.2,,0.5,0.0,4.0
ヒーラ,18,0.16666666666666666,0.3888888888888889,0.4444444444444444,0.16666666666666666,0.16666666666666666,0.3333333333333333,0.1,0.2,0.13333333333333333,0.0,4.666666666666667
ヒーリング,6,0.0,0.3333333333333333,0.3333333333333333,0.0,,,0.0,0.0,0.0,0.0,5.666666666666667
ビアンカシェボン,10,0.0,0.2,0.4,0.0,0.0,0.0,0.0,0.0,0.0,0.0,4.5
ビエンナーレ,10,0.0,0.1,0.2,0.0,0.0,0.0,0.0,0.0,0.0,,7.0
ビジャリカ,5,0.0,0.2,0.2,0.0,0.0,0.0,0.0,0.0,0.0,0.0,11.8
ビジュートウショウ,7,0.0,0.14285714285714285,0.2857142857142857,0.0,,,0.0,,0.0,,6.857142857142857
ビジューブリアン,6,0.0,0.16666666666666666,0.16666666666666666,,0.0,0.0,0.0,,0.0,0.0,6.666666666666667
ビジョナリー,6,0.3333333333333333,0.5,0.5,0.3333333333333333,,,0.3333333333333333,,0.3333333333333333,,4.0
ビスカヤ,5,0.0,0.0,0.0,0.0,0.0,0.0,0.0,,0.0,0.0,9.4
ビタースウィート,11,0.0,0.09090909090909091,0.18181818181818182,0.0,0.0,,0.0,0.0,0.0,0.0,6.363636363636363
ビッグクィーン,8,0.0,0.0,0.0,0.0,0.0,,0.0,0.0,0.0,0.0,8.875
ビッグマリーン,8,0.0,0.0,0.125,,0.0,0.0,0.0,,0.0,0.0,9.375
ビップピュアレディ,10,0.1,0.1,0.2,0.0,0.1111111111111111,0.0,0.125,0.0,0.0,0.0,8.9
ビナセブン,7,0.14285714285714285,0.42857142857142855,0.7142857142857143,,0.14285714285714285,,0.0,0.2,0.2,0.0,3.0
ビフォーダーク,5,0.0,0.0,0.2,0.0,,,0.0,,0.0,0.0,6.0
ビューティアイ,15,0.13333333333333333,0.2,0.2,0.16666666666666666,0.0,0.08333333333333333,0.0,0.5,0.1111111111111111,0.0,7.2
ビューティコマンダ,6,0.0,0.0,0.0,0.0,0.0,,0.0,0.0,0.0,,9.5
ビューティサン,7,0.14285714285714285,0.14285714285714285,0.14285714285714285,0.0,0.3333333333333333,0.25,0.0,,0.14285714285714285,,8.857142857142858
ビューティーコンテスト,7,0.14285714285714285,0.14285714285714285,0.2857142857142857,0.16666666666666666,0.0,,0.0,0.25,0.0,0.0,7.142857142857143
ビューティーモズ,7,0.0,0.0,0.0,0.0,0.0,0.0,0.0,,0.0,0.0,11.142857142857142
ビラゴーティアラ,12,0.0,0.08333333333333333,0.16666666666666666,0.0,,0.0,0.0,0.0,0.0,0.0,7.5
ビリーヴ,6,0.5,0.5,0.6666666666666666,0.5,,0.6666666666666666,0.3333333333333333,,0.5,,4.333333333333333
ビリーヴミー,7,0.0,0.0,0.14285714285714285,0.0,0.0,0.0,0.0,,0.0,0.0,6.857142857142857
ビーウインド,9,0.1111111111111111,0.3333333333333333,0.4444444444444444,0.125,0.0,0.125,0.0,,0.14285714285714285,,5.222222222222222
ビーキュート,7,0.0,0.14285714285714285,0.42857142857142855,,0.0,0.0,,,0.0,0.0,5.142857142857143
ビーコンターン,10,0.1,0.1,0.2,0.14285714285714285,0.0,0.0,0.14285714285714285,,0.1,,7.4
ビートリックスキッド,6,0.0,0.0,0.0,0.0,,,0.0,0.0,0.0,0.0,10.333333333333334
ビービーシグナス,9,0.1111111111111111,0.1111111111111111,0.2222222222222222,,0.1111111111111111,0.14285714285714285,0.0,,0.14285714285714285,0.0,9.333333333333334
ビーラヴリー,15,0.0,0.0,0.13333333333333333,,0.0,0.0,0.0,,0.0,0.0,7.466666666666667
ピアノコンクール,11,0.2727272727272727,0.36363636363636365,0.5454545454545454,0.0,0.3,0.0,0.0,0.42857142857142855,0.2857142857142857,0.0,6.363636363636363
ピエナアマゾン,6,0.0,0.16666666666666666,0.16666666666666666,0.0,0.0,0.0,0.0,0.0,0.0,0.0,9.166666666666666
ピエナサクラ,11,0.09090909090909091,0.18181818181818182,0.18181818181818182,0.2,0.0,0.0,0.0,0.5,0.14285714285714285,0.0,7.363636363636363
ピエリーナ,9,0.0,0.0,0.3333333333333333,,0.0,0.0,0.0,,0.0,,8.0
ピクシーダスト,8,0.0,0.0,0.0,0.0,0.0,0.0,0.0,,0.0,,8.375
ピクトリアル,5,0.0,0.2,0.2,0.0,0.0,,0.0,0.0,0.0,,6.0
ピサノアリュメール,5,0.0,0.0,0.0,0.0,0.0,0.0,0.0,0.0,0.0,0.0,10.4
ピサノグラフ,5,0.0,0.0,0.4,0.0,0.0,0.0,0.0,0.0,0.0,0.0,7.2
ピサノバーキン,7,0.14285714285714285,0.14285714285714285,0.2857142857142857,0.0,0.16666666666666666,0.2,0.0,,0.2,0.0,9.142857142857142
ピサノプリヴェ,12,0.0,0.0,0.0,,0.0,0.0,0.0,,0.0,0.0,8.833333333333334
ピサノルビー,5,0.0,0.0,0.0,0.0,0.0,0.0,0.0,,0.0,,8.0
ピサノレインボー,13,0.15384615384615385,0.23076923076923078,0.23076923076923078,0.0,0.2857142857142857,0.4,0.0,,0.18181818181818182,,6.230769230769231
ピシーズクイーン,13,0.07692307692307693,0.3076923076923077,0.38461538461538464,0.0,0.1111111111111111,0.14285714285714285,0.0,0.0,0.0,0.5,6.846153846153846
ピノブラン,7,0.0,0.0,0.0,0.0,0.0,,0.0,,0.0,,8.285714285714286
ピュアゴシップ,6,0.0,0.0,0.5,0.0,0.0,,0.0,0.0,0.0,0.0,6.833333333333333
ピュアシンフォニー,7,0.0,0.0,0.0,0.0,0.0,0.0,,,0.0,0.0,9.428571428571429
ピュアブリーゼ,9,0.1111111111111111,0.2222222222222222,0.3333333333333333,0.1111111111111111,,,0.125,0.0,0.0,0.0,5.555555555555555
ピュアマインド,9,0.1111111111111111,0.1111111111111111,0.1111111111111111,0.0,0.125,,0.125,0.0,0.16666666666666666,,7.444444444444445
ピュアーフレーム,6,0.0,0.0,0.0,0.0,0.0,0.0,0.0,0.0,0.0,,10.333333333333334
ピューリティー,9,0.2222222222222222,0.2222222222222222,0.3333333333333333,0.2222222222222222,,,0.2,0.25,0.2857142857142857,0.0,6.555555555555555
ピンウィール,6,0.16666666666666666,0.3333333333333333,0.5,0.0,0.2,0.0,0.2,,0.2,0.0,4.0
ピンクカメオ,16,0.0,0.1875,0.1875,0.0,0.0,,0.0,0.0,0.0,0.0,6.625
ピンクサプライズ,15,0.06666666666666667,0.13333333333333333,0.2,,0.06666666666666667,0.16666666666666666,0.0,,0.1,0.0,6.533333333333333
ピンクチャリス,5,0.0,0.0,0.0,0.0,0.0,0.0,0.0,0.0,0.0,0.0,11.2
ピンクトルマリン,11,0.09090909090909091,0.18181818181818182,0.45454545454545453,0.0,0.14285714285714285,0.0,0.125,,0.125,,4.454545454545454
ピンクプルメリア,7,0.0,0.14285714285714285,0.14285714285714285,0.0,0.0,,0.0,,0.0,0.0,9.714285714285714
ピントゥハティ,9,0.0,0.0,0.0,0.0,0.0,0.0,0.0,,0.0,0.0,8.222222222222221
ピースオブアイ,5,0.0,0.0,0.0,0.0,0.0,0.0,0.0,,0.0,0.0,12.2
ピースオブワールド,9,0.1111111111111111,0.2222222222222222,0.3333333333333333,,0.1111111111111111,,0.14285714285714285,0.0,0.0,0.5,5.222222222222222
ピーチフィズ,16,0.0,0.0,0.0,0.0,0.0,0.0,0.0,,0.0,0.0,10.0625
ピーチブローフィズ,9,0.1111111111111111,0.2222222222222222,0.3333333333333333,0.0,0.3333333333333333,,0.125,0.0,0.16666666666666666,0.0,7.333333333333333
ファイトソング,10,0.0,0.2,0.3,0.0,0.0,0.0,0.0,0.0,0.0,0.0,6.9
ファイナルスコア,5,0.2,0.2,0.8,0.0,1.0,,1.0,0.0,0.25,,3.2
ファイナルリリー,9,0.0,0.0,0.0,,0.0,0.0,0.0,,0.0,0.0,9.0
ファイノメナ,6,0.6666666666666666,0.6666666666666666,0.6666666666666666,0.6666666666666666,,,0.5,0.75,0.6666666666666666,,5.333333333333333
ファイブスター,13,0.07692307692307693,0.07692307692307693,0.23076923076923078,0.0,0.1111111111111111,0.0,0.125,,0.0,0.5,8.923076923076923
ファインビンテージ,13,0.07692307692307693,0.07692307692307693,0.07692307692307693,0.07692307692307693,,0.0,0.09090909090909091,0.0,0.1,,8.76923076923077
ファインレディー,7,0.0,0.14285714285714285,0.2857142857142857,,0.0,0.0,,,0.0,0.0,6.571428571428571
ファシネイション,7,0.0,0.0,0.14285714285714285,0.0,,0.0,0.0,0.0,0.0,0.0,6.142857142857143
ファシネートダイア,7,0.14285714285714285,0.2857142857142857,0.2857142857142857,0.5,0.0,0.0,1.0,,0.25,0.0,7.571428571428571
ファスキナーレ,7,0.14285714285714285,0.14285714285714285,0.14285714285714285,0.0,0.16666666666666666,0.14285714285714285,,,0.0,1.0,9.285714285714286
ファダラン,9,0.1111111111111111,0.1111111111111111,0.1111111111111111,,0.1111111111111111,0.0,0.125,,0.14285714285714285,0.0,7.444444444444445
ファッションプレート,9,0.0,0.0,0.1111111111111111,0.0,0.0,0.0,0.0,0.0,0.0,,6.888888888888889
ファニーストーリー,15,0.13333333333333333,0.2,0.26666666666666666,0.0,0.14285714285714285,0.0,0.25,0.0,0.09090909090909091,0.3333333333333333,6.533333333333333
ファニーモーク,8,0.0,0.25,0.25,,0.0,0.0,,,0.0,0.0,6.375
ファビュラスセンス,6,0.0,0.16666666666666666,0.16666666666666666,0.0,0.0,,0.0,,0.0,0.0,9.0
ファビラスタイム,8,0.0,0.25,0.25,0.0,,,0.0,0.0,0.0,,5.25
ファミリズム,12,0.0,0.3333333333333333,0.3333333333333333,0.0,0.0,0.0,,,0.0,0.0,6.75
ファルネーゼ,5,0.0,0.0,0.0,0.0,,,0.0,,0.0,0.0,8.2
ファルファラ,7,0.0,0.0,0.14285714285714285,0.0,0.0,,0.0,0.0,0.0,0.0,7.428571428571429
ファンアットコート,7,0.0,0.0,0.0,0.0,0.0,0.0,0.0,0.0,0.0,0.0,10.714285714285714
ファンシーミューズ,5,0.0,0.0,0.0,,0.0,,0.0,0.0,0.0,,13.0
ファンシーリシェス,5,0.0,0.0,0.2,0.0,,,0.0,,0.0,,5.6
ファンフェア,5,0.0,0.0,0.0,,0.0,0.0,0.0,,0.0,0.0,6.6
ファーゴ,6,0.16666666666666666,0.16666666666666666,0.16666666666666666,0.2,0.0,,0.2,0.0,0.0,0.0,6.333333333333333
ファーストチェア,12,0.08333333333333333,0.25,0.3333333333333333,0.0,0.1,0.0,0.1111111111111111,,0.125,0.0,4.833333333333333
ファーストナイト,5,0.0,0.2,0.2,0.0,0.0,,0.0,0.0,0.0,,6.6
ファーストナイナー,5,0.0,0.0,0.0,0.0,,0.0,0.0,,0.0,0.0,9.2
ファーストレディ,6,0.16666666666666666,0.3333333333333333,0.5,,0.16666666666666666,,0.16666666666666666,,0.3333333333333333,0.0,5.333333333333333
ファービヨンド,7,0.0,0.0,0.0,,0.0,0.0,,,0.0,0.0,12.285714285714286
ファーマジェンヌ,7,0.0,0.0,0.2857142857142857,0.0,0.0,,0.0,,0.0,,7.285714285714286
ファーマベリー,5,0.0,0.0,0.0,,0.0,0.0,,,0.0,0.0,9.8
ファーマペニー,6,0.0,0.0,0.3333333333333333,0.0,0.0,0.0,0.0,0.0,0.0,0.0,9.5
ファーレサルティ,20,0.05,0.25,0.4,0.0,0.058823529411764705,0.0,0.0625,,0.0,0.25,6.9
フィアレス,7,0.0,0.14285714285714285,0.42857142857142855,,0.0,0.0,0.0,,0.0,,6.714285714285714
フィオドラ,12,0.0,0.0,0.08333333333333333,0.0,,0.0,0.0,0.0,0.0,0.0,7.916666666666667
フィックルベリー,5,0.0,0.2,0.2,0.0,,0.0,0.0,,0.0,,9.2
フィリス,6,0.0,0.16666666666666666,0.3333333333333333,,0.0,0.0,,,0.0,0.0,5.333333333333333
フィルハーマジック,11,0.0,0.09090909090909091,0.2727272727272727,0.0,0.0,,0.0,0.0,0.0,0.0,6.7272727272727275
フィロンルージュ,16,0.125,0.25,0.3125,0.0,0.15384615384615385,0.0,0.1111111111111111,0.25,0.2,0.0,6.3125
フィーユ,8,0.0,0.125,0.25,0.0,0.0,,0.0,0.0,0.0,0.0,6.625
フィールグリュック,10,0.0,0.0,0.1,0.0,0.0,0.0,0.0,0.0,0.0,0.0,6.4
フィールザタレント,5,0.0,0.0,0.0,0.0,0.0,0.0,0.0,,0.0,0.0,8.0
フィールザビュウ,29,0.034482758620689655,0.06896551724137931,0.2413793103448276,0.0,0.037037037037037035,0.05555555555555555,0.0,0.0,0.06666666666666667,0.0,6.724137931034483
フィールザファン,7,0.0,0.0,0.0,,0.0,0.0,0.0,,0.0,0.0,8.857142857142858
フィールザレース,5,0.6,0.6,0.8,0.6666666666666666,0.5,,0.6,,0.5,1.0,2.4
フィールザロマンス,7,0.0,0.14285714285714285,0.14285714285714285,,0.0,0.0,,,0.0,0.0,8.428571428571429
フィールドボニータ,11,0.18181818181818182,0.18181818181818182,0.18181818181818182,0.2857142857142857,0.0,0.2222222222222222,0.0,,0.125,0.3333333333333333,8.181818181818182
フィールドメジャー,7,0.0,0.14285714285714285,0.14285714285714285,0.0,0.0,0.0,0.0,,0.0,0.0,9.571428571428571
フィールフリーリー,5,0.0,0.0,0.0,0.0,0.0,0.0,0.0,0.0,0.0,,10.2
フェアエレン,31,0.03225806451612903,0.16129032258064516,0.2903225806451613,0.1,0.0,0.0,0.0,0.25,0.045454545454545456,0.0,6.645161290322581
フェアナタリー,14,0.0,0.07142857142857142,0.14285714285714285,,0.0,0.0,0.0,,0.0,0.0,9.714285714285714
フェアノータム,6,0.16666666666666666,0.16666666666666666,0.16666666666666666,,0.16666666666666666,0.5,0.0,,0.25,0.0,8.0
フェアリーダンス,9,0.2222222222222222,0.2222222222222222,0.5555555555555556,0.25,0.2,,0.2222222222222222,,0.14285714285714285,0.5,6.888888888888889
フェアリーバニヤン,10,0.0,0.1,0.2,,0.0,0.0,0.0,,0.0,0.0,9.2
フェアリーブレス,7,0.0,0.0,0.2857142857142857,0.0,0.0,0.0,0.0,,0.0,0.0,6.571428571428571
フェイドレス,11,0.0,0.09090909090909091,0.18181818181818182,0.0,0.0,0.0,0.0,,0.0,0.0,6.636363636363637
フェスタデルドンナ,5,0.0,0.0,0.0,0.0,0.0,,0.0,0.0,0.0,,7.2
フェスティヴキティ,5,0.0,0.0,0.0,,0.0,0.0,,,0.0,0.0,12.0
フェスティヴマロン,9,0.0,0.0,0.1111111111111111,0.0,0.0,0.0,0.0,,0.0,0.0,6.444444444444445
フェスティヴレディ,6,0.0,0.16666666666666666,0.3333333333333333,0.0,0.0,0.0,,,0.0,0.0,4.833333333333333
フェバリットガール,10,0.1,0.2,0.3,,0.1,0.0,0.125,,0.125,0.0,6.1
フェミニンガール,14,0.14285714285714285,0.14285714285714285,0.21428571428571427,0.0,0.15384615384615385,0.0,0.2857142857142857,,0.16666666666666666,0.3333333333333333,7.928571428571429
フェリアード,11,0.0,0.0,0.0,0.0,0.0,0.0,,0.0,0.0,0.0,8.636363636363637
フェリシタス,7,0.14285714285714285,0.14285714285714285,0.14285714285714285,0.0,0.5,0.5,0.0,,0.25,,7.571428571428571
フェリス,7,0.0,0.14285714285714285,0.14285714285714285,0.0,0.0,0.0,0.0,0.0,0.0,0.0,9.857142857142858
フェリスタス,6,0.0,0.0,0.3333333333333333,,0.0,,0.0,,0.0,0.0,5.0
フェルガーナ,8,0.25,0.375,0.375,,0.25,0.25,,,0.5,0.0,4.75
フェルミオン,15,0.06666666666666667,0.26666666666666666,0.4,0.08333333333333333,0.0,0.0,0.08333333333333333,,0.09090909090909091,0.0,5.866666666666666
フェレット,16,0.125,0.125,0.125,,0.125,0.125,,,0.0,0.0,6.375
フェータルローズ,13,0.07692307692307693,0.3076923076923077,0.38461538461538464,0.07692307692307693,,0.25,0.0,0.0,0.1,,4.615384615384615
フォクシーレッグス,5,0.0,0.0,0.0,,0.0,0.0,0.0,,0.0,0.0,9.0
フォルクスオーパー,7,0.0,0.0,0.0,,0.0,0.0,0.0,,0.0,0.0,8.571428571428571
フォルクローレ,6,0.0,0.0,0.16666666666666666,0.0,0.0,0.0,0.0,,0.0,0.0,6.833333333333333
フォルテピアノ,8,0.125,0.375,0.375,,0.125,0.0,0.2,,0.14285714285714285,0.0,7.5
フォレストビーナス,7,0.0,0.0,0.0,0.0,0.0,,0.0,0.0,0.0,0.0,10.857142857142858
フォレノワール,5,0.0,0.2,0.4,,0.0,0.0,0.0,,0.0,,6.8
フォーシンズ,5,0.0,0.2,0.2,0.0,,0.0,0.0,0.0,0.0,0.0,5.6
フォーティエース,6,0.0,0.16666666666666666,0.3333333333333333,,0.0,0.0,0.0,,0.0,0.0,6.166666666666667
フォーハピネス,5,0.0,0.0,0.0,,0.0,0.0,,,0.0,0.0,8.4
フォーミー,13,0.15384615384615385,0.38461538461538464,0.5384615384615384,,0.15384615384615385,0.0,0.16666666666666666,,0.5,0.1111111111111111,5.0
フォーモサアピール,7,0.0,0.14285714285714285,0.2857142857142857,,0.0,0.0,,,0.0,0.0,4.571428571428571
フォーモサマンボ,7,0.0,0.0,0.0,0.0,0.0,0.0,0.0,,0.0,0.0,7.857142857142857
フギン,13,0.07692307692307693,0.23076923076923078,0.38461538461538464,0.08333333333333333,0.0,0.0,0.2,,0.0,0.0,7.076923076923077
フクウマ,8,0.0,0.0,0.0,,0.0,0.0,,,0.0,0.0,8.875
フクシア,12,0.0,0.0,0.16666666666666666,0.0,0.0,,0.0,0.0,0.0,0.0,7.583333333333333
フクノドリーム,6,0.0,0.16666666666666666,0.16666666666666666,,0.0,0.0,,,0.0,0.0,3.6666666666666665
フサイチジェット,18,0.2222222222222222,0.2222222222222222,0.2777777777777778,,0.2222222222222222,0.0,0.3333333333333333,,0.3333333333333333,0.0,6.944444444444445
フサイチパンドラ,6,0.16666666666666666,0.3333333333333333,0.3333333333333333,0.3333333333333333,0.0,0.0,0.3333333333333333,,0.5,0.0,5.333333333333333
フサイチリニモ,9,0.0,0.0,0.0,0.0,,,0.0,0.0,0.0,0.0,8.222222222222221
フジキラメキ,10,0.0,0.0,0.1,0.0,0.0,0.0,0.0,,0.0,0.0,7.4
フジドリーム,8,0.0,0.0,0.125,0.0,0.0,0.0,0.0,,0.0,,8.875
フミノオリヒメ,8,0.0,0.125,0.125,0.0,0.0,0.0,0.0,0.0,0.0,0.0,9.25
フューチャサンデー,9,0.1111111111111111,0.1111111111111111,0.1111111111111111,,0.1111111111111111,,0.125,0.0,0.0,0.5,6.777777777777778
フライングメリッサ,12,0.16666666666666666,0.25,0.25,0.16666666666666666,,,0.2,0.0,0.16666666666666666,0.0,6.0
フラッテローザ,5,0.0,0.2,0.4,0.0,0.0,,0.0,0.0,0.0,0.0,6.2
フラッパーウィング,5,0.0,0.0,0.0,,0.0,,0.0,0.0,0.0,0.0,13.8
フラムドール,6,0.0,0.3333333333333333,0.3333333333333333,0.0,,0.0,0.0,,0.0,,5.333333333333333
フラライン,8,0.0,0.125,0.25,,0.0,0.0,0.0,,0.0,0.0,8.0
フラワーガイア,11,0.0,0.09090909090909091,0.36363636363636365,,0.0,0.0,0.0,,0.0,0.0,7.545454545454546
フラワーロック,5,0.0,0.0,0.2,0.0,0.0,0.0,0.0,,0.0,0.0,10.0
フランシール,5,0.0,0.0,0.0,0.0,0.0,0.0,0.0,0.0,0.0,,8.2
フランチェスカ,6,0.0,0.16666666666666666,0.16666666666666666,0.0,0.0,,0.0,0.0,0.0,0.0,6.0
フラヴィニー,5,0.0,0.0,0.0,0.0,,0.0,0.0,,0.0,,11.4
フラーテイシャスミス,5,0.0,0.2,0.2,0.0,0.0,0.0,0.0,0.0,0.0,,7.2
フリティラリア,8,0.0,0.125,0.25,0.0,,0.0,0.0,0.0,0.0,0.0,5.75
フリーティングスピリット,7,0.14285714285714285,0.14285714285714285,0.14285714285714285,0.2,0.0,0.14285714285714285,,,0.25,0.0,7.857142857142857
フリーヴァケイション,12,0.0,0.08333333333333333,0.16666666666666666,0.0,0.0,,0.0,0.0,0.0,0.0,6.75
フルマークス,8,0.125,0.125,0.125,0.2,0.0,0.0,0.0,0.25,0.16666666666666666,0.0,6.25
フレイムミーティア,15,0.13333333333333333,0.26666666666666666,0.5333333333333333,0.16666666666666666,0.0,0.14285714285714285,0.14285714285714285,0.0,0.18181818181818182,0.0,5.2
フレジェール,12,0.08333333333333333,0.08333333333333333,0.16666666666666666,,0.08333333333333333,0.2,0.0,,0.16666666666666666,0.0,8.75
フレンズ,7,0.0,0.0,0.0,0.0,0.0,0.0,,0.0,0.0,,7.0
フレンチカクタス,5,0.0,0.0,0.0,0.0,0.0,0.0,0.0,,0.0,0.0,10.0
フレンチトウショウ,6,0.0,0.16666666666666666,0.16666666666666666,,0.0,,0.0,0.0,0.0,0.0,10.166666666666666
フレンチドール,8,0.125,0.25,0.375,,0.125,0.5,0.0,,0.0,0.5,7.375
フレンチノワール,15,0.26666666666666666,0.4666666666666667,0.4666666666666667,,0.26666666666666666,0.5,0.0,,0.375,0.0,4.533333333333333
フレンチバレリーナ,12,0.16666666666666666,0.16666666666666666,0.25,0.4,0.0,0.0,0.14285714285714285,1.0,0.2222222222222222,,6.833333333333333
フレンチフレイバー,6,0.0,0.0,0.0,0.0,0.0,,0.0,,0.0,,11.333333333333334
フレンチボウ,6,0.16666666666666666,0.16666666666666666,0.3333333333333333,0.16666666666666666,,,0.0,0.25,0.0,,7.333333333333333
フレンチミシル,9,0.0,0.3333333333333333,0.5555555555555556,,0.0,,0.0,,0.0,0.0,5.333333333333333
フレンチリヴィエラ,9,0.0,0.0,0.0,0.0,0.0,,0.0,0.0,0.0,0.0,7.555555555555555
フレームオブトゥルース,6,0.0,0.0,0.0,,0.0,0.0,0.0,,0.0,0.0,9.5
フロイラインローゼ,7,0.0,0.0,0.14285714285714285,0.0,0.0,0.0,0.0,0.0,0.0,0.0,9.571428571428571
フロリアード,7,0.14285714285714285,0.14285714285714285,0.2857142857142857,,0.14285714285714285,0.2,0.0,,0.0,0.5,6.857142857142857
フローズンムーン,8,0.0,0.125,0.25,0.0,0.0,0.0,0.0,,0.0,0.0,6.25
フローラルウインド,17,0.17647058823529413,0.23529411764705882,0.29411764705882354,,0.17647058823529413,0.3333333333333333,0.16666666666666666,0.0,0.1111111111111111,0.0,6.0
フローラルパレス,14,0.07142857142857142,0.21428571428571427,0.21428571428571427,,0.07142857142857142,0.07692307692307693,0.0,,0.09090909090909091,0.0,5.642857142857143
フローラルホーム,11,0.09090909090909091,0.09090909090909091,0.09090909090909091,0.0,0.1,0.1,,0.0,0.0,0.0,9.727272727272727
フローラルホール,14,0.07142857142857142,0.07142857142857142,0.07142857142857142,0.125,0.0,0.0,0.1111111111111111,0.0,0.0,0.0,6.857142857142857
フローレスダンサー,7,0.2857142857142857,0.42857142857142855,0.5714285714285714,0.3333333333333333,0.0,,0.3333333333333333,0.0,0.5,0.0,3.5714285714285716
フローレンスガール,17,0.11764705882352941,0.17647058823529413,0.35294117647058826,0.18181818181818182,0.0,0.2,0.08333333333333333,,0.07692307692307693,0.0,4.823529411764706
ブエナビスタ,12,0.16666666666666666,0.25,0.4166666666666667,0.18181818181818182,0.0,0.0,0.2,,0.125,,5.166666666666667
ブギーダモーレ,5,0.2,0.2,0.4,0.25,0.0,0.0,0.3333333333333333,,0.25,,5.8
ブセナ,8,0.25,0.375,0.75,,0.25,0.0,0.2857142857142857,,0.25,0.5,3.75
ブチコ,8,0.375,0.5,0.625,0.42857142857142855,0.0,0.5,0.3333333333333333,,0.5,0.0,4.0
ブライアンオークス,8,0.0,0.0,0.0,0.0,0.0,0.0,,,0.0,,9.25
ブライアンズレター,13,0.07692307692307693,0.07692307692307693,0.15384615384615385,0.0,0.09090909090909091,,0.0,0.3333333333333333,0.125,0.0,9.153846153846153
ブライアンハニー,5,0.0,0.0,0.0,0.0,,,0.0,0.0,0.0,0.0,11.8
ブライスキャニオン,5,0.0,0.0,0.2,0.0,0.0,,0.0,0.0,0.0,0.0,7.4
ブライダルドレス,5,0.0,0.0,0.0,,0.0,0.0,0.0,,0.0,0.0,11.8
ブライティアガール,6,0.0,0.0,0.16666666666666666,,0.0,0.0,0.0,0.0,0.0,0.0,9.833333333333334
ブライティアパルス,7,0.14285714285714285,0.14285714285714285,0.2857142857142857,0.16666666666666666,0.0,0.16666666666666666,0.0,,0.25,0.0,8.714285714285714
ブライティアピア,8,0.0,0.25,0.25,,0.0,0.0,,,0.0,0.0,5.75
ブライトサファイヤ,7,0.0,0.14285714285714285,0.2857142857142857,,0.0,0.0,0.0,,0.0,0.0,6.714285714285714
ブライドウッド,6,0.16666666666666666,0.16666666666666666,0.5,,0.16666666666666666,0.16666666666666666,,,0.25,,7.0
ブラジリアンビューティ,14,0.21428571428571427,0.21428571428571427,0.35714285714285715,0.18181818181818182,0.3333333333333333,0.0,0.3333333333333333,0.0,0.2222222222222222,0.5,7.214285714285714
ブラッキーピサ,6,0.0,0.0,0.0,0.0,0.0,0.0,0.0,0.0,0.0,,8.5
ブラックアテナ,11,0.0,0.0,0.18181818181818182,0.0,0.0,0.0,0.0,0.0,0.0,0.0,7.636363636363637
ブラックエンブレム,13,0.15384615384615385,0.23076923076923078,0.46153846153846156,0.16666666666666666,0.0,0.0,0.18181818181818182,,0.16666666666666666,0.0,6.615384615384615
ブラックシュガー,7,0.14285714285714285,0.2857142857142857,0.42857142857142855,,0.14285714285714285,0.0,0.3333333333333333,0.0,0.0,0.3333333333333333,5.571428571428571
ブラックビスケット,5,0.0,0.0,0.0,0.0,0.0,0.0,,,0.0,0.0,10.0
ブラボーデイジー,7,0.0,0.0,0.0,0.0,0.0,0.0,0.0,0.0,0.0,,9.428571428571429
ブランシェール,16,0.125,0.25,0.4375,0.2222222222222222,0.0,0.0,0.3333333333333333,,0.16666666666666666,0.0,5.5
ブランジェリーナ,7,0.0,0.0,0.0,0.0,0.0,0.0,,,0.0,0.0,11.714285714285714
ブランピュール,6,0.16666666666666666,0.3333333333333333,0.3333333333333333,0.0,0.3333333333333333,0.2,,0.0,0.25,,6.666666666666667
ブランフィル,5,0.2,0.2,0.2,0.0,0.3333333333333333,0.25,0.0,,0.25,0.0,8.4
ブリクセン,18,0.1111111111111111,0.1111111111111111,0.1111111111111111,0.08333333333333333,0.16666666666666666,,0.09090909090909091,0.14285714285714285,0.0,0.0,8.666666666666666
ブリッサ,22,0.0,0.18181818181818182,0.3181818181818182,0.0,0.0,0.0,0.0,0.0,0.0,0.0,5.818181818181818
ブリッジクライム,6,0.0,0.0,0.0,0.0,0.0,0.0,0.0,0.0,0.0,0.0,10.666666666666666
ブリッツフィナーレ,12,0.08333333333333333,0.16666666666666666,0.25,0.08333333333333333,,,0.25,0.0,0.125,0.0,6.75
ブリトン,7,0.0,0.0,0.0,0.0,0.0,,0.0,0.0,0.0,0.0,10.571428571428571
ブリュメール,6,0.0,0.0,0.0,0.0,0.0,,0.0,0.0,0.0,,11.5
ブリリアントクラン,9,0.0,0.2222222222222222,0.3333333333333333,0.0,0.0,0.0,0.0,,0.0,0.0,4.666666666666667
ブリリアントレイ,6,0.0,0.0,0.16666666666666666,0.0,0.0,0.0,0.0,,0.0,0.0,10.5
ブリーボーンズ,8,0.0,0.0,0.0,0.0,0.0,0.0,0.0,,0.0,0.0,10.75
ブルーグラスチャッター,16,0.0625,0.0625,0.0625,0.1,0.0,0.0,0.09090909090909091,,0.1,0.0,8.875
ブルーストーン,10,0.2,0.3,0.5,0.2,,0.125,0.5,,0.14285714285714285,,4.4
ブルーダイアモンド,8,0.125,0.25,0.25,0.125,,,0.0,0.16666666666666666,0.0,0.5,6.625
ブルーブルチャンネ,8,0.0,0.0,0.0,0.0,0.0,0.0,0.0,0.0,0.0,0.0,7.125
ブルーボンボヤージ,7,0.0,0.14285714285714285,0.14285714285714285,0.0,0.0,,0.0,0.0,0.0,,8.142857142857142
ブルーポラリス,7,0.0,0.0,0.14285714285714285,0.0,0.0,0.0,0.0,0.0,0.0,0.0,6.142857142857143
ブルーミングアレー,9,0.3333333333333333,0.6666666666666666,0.8888888888888888,0.3333333333333333,,,0.5,0.0,0.5,0.5,2.2222222222222223
ブルーミングスノー,15,0.0,0.06666666666666667,0.13333333333333333,0.0,0.0,0.0,0.0,0.0,0.0,0.0,9.8
ブルーミンバー,23,0.17391304347826086,0.34782608695652173,0.391304347826087,0.15789473684210525,0.25,0.0,0.1875,0.3333333333333333,0.17647058823529413,0.0,5.086956521739131
ブルーメンブラット,13,0.07692307692307693,0.23076923076923078,0.38461538461538464,0.1111111111111111,0.0,0.0,0.0,0.3333333333333333,0.1111111111111111,0.0,5.153846153846154
ブルーモントレー,5,0.0,0.0,0.0,0.0,0.0,,0.0,0.0,0.0,0.0,11.4
ブルーレイ,14,0.07142857142857142,0.07142857142857142,0.14285714285714285,0.14285714285714285,0.0,0.0,0.07692307692307693,,0.08333333333333333,,6.285714285714286
ブルーレインボウ,6,0.0,0.0,0.0,,0.0,0.0,0.0,,0.0,0.0,7.0
ブレンダ,12,0.08333333333333333,0.25,0.3333333333333333,,0.08333333333333333,,0.08333333333333333,,0.1111111111111111,0.0,5.333333333333333
ブロッケン,7,0.14285714285714285,0.2857142857142857,0.2857142857142857,,0.14285714285714285,0.14285714285714285,,,0.25,0.0,6.714285714285714
ブロンコーネ,9,0.1111111111111111,0.3333333333333333,0.4444444444444444,0.0,0.14285714285714285,0.14285714285714285,0.0,,0.0,0.25,6.777777777777778
ブロンシェダーム,10,0.0,0.0,0.4,0.0,,,0.0,,0.0,,4.9
ブロンドヒロイン,17,0.058823529411764705,0.058823529411764705,0.11764705882352941,0.125,0.0,0.0,0.125,,0.1,0.0,6.705882352941177
ブロードストリート,7,0.14285714285714285,0.2857142857142857,0.2857142857142857,0.16666666666666666,0.0,0.0,0.2,,0.25,,8.142857142857142
ブロードピーク,5,0.0,0.0,0.2,0.0,0.0,0.0,0.0,0.0,0.0,,7.6
ブロームフォンテン,6,0.16666666666666666,0.3333333333333333,0.3333333333333333,0.16666666666666666,,0.0,0.3333333333333333,,0.16666666666666666,,6.0
ブーケドレーヌ,7,0.0,0.0,0.0,0.0,0.0,,0.0,0.0,0.0,0.0,6.285714285714286
プチノワール,32,0.15625,0.28125,0.34375,0.13333333333333333,0.5,0.0,0.20833333333333334,0.0,0.13636363636363635,0.5,5.8125
プライムウィッシュ,11,0.09090909090909091,0.18181818181818182,0.18181818181818182,0.0,0.1,0.0,0.0,0.2,0.125,0.0,6.363636363636363
プライムオブユース,5,0.0,0.0,0.0,0.0,,,,0.0,0.0,0.0,7.0
プラウドスペル,19,0.10526315789473684,0.10526315789473684,0.21052631578947367,0.0,0.16666666666666666,0.2857142857142857,0.0,0.0,0.0,0.0,6.578947368421052
プラセンティア,29,0.13793103448275862,0.2413793103448276,0.2413793103448276,,0.13793103448275862,0.125,0.11764705882352941,0.25,0.058823529411764705,0.2,8.172413793103448
プラティーヌ,5,0.4,0.4,0.6,,0.4,0.4,,,0.25,1.0,5.0
プラヤデシエルタ,5,0.0,0.2,0.2,0.0,,,0.0,,0.0,,5.2
プランタンシャルム,5,0.0,0.0,0.4,0.0,,0.0,0.0,,0.0,,5.6
プラージュ,6,0.16666666666666666,0.16666666666666666,0.16666666666666666,0.0,0.2,,0.5,0.0,0.0,0.0,8.0
プリッシーブリッチーズ,5,0.0,0.0,0.0,0.0,0.0,0.0,0.0,,0.0,0.0,10.2
プリティウイッチ,12,0.0,0.0,0.16666666666666666,0.0,0.0,0.0,0.0,0.0,0.0,0.0,7.25
プリティカポレイ,7,0.0,0.14285714285714285,0.14285714285714285,0.0,0.0,0.0,0.0,,0.0,,9.142857142857142
プリティカリーナ,9,0.0,0.2222222222222222,0.3333333333333333,0.0,0.0,0.0,0.0,,0.0,0.0,7.0
プリティジョディー,8,0.0,0.125,0.125,,0.0,,0.0,0.0,0.0,0.0,7.625
プリティスター,8,0.125,0.125,0.25,,0.125,0.3333333333333333,0.0,0.0,0.0,0.0,6.0
プリティプリンセス,5,0.0,0.0,0.0,0.0,,,0.0,0.0,0.0,,8.8
プリティホワイト,5,0.0,0.0,0.2,,0.0,0.0,,,0.0,0.0,7.8
プリティメイズ,8,0.125,0.125,0.125,0.0,0.14285714285714285,0.0,0.5,0.0,0.3333333333333333,0.0,9.0
プリティーキャロル,6,0.16666666666666666,0.16666666666666666,0.3333333333333333,,0.16666666666666666,0.0,0.25,,0.16666666666666666,,8.833333333333334
プリモウェイ,8,0.0,0.0,0.0,,0.0,0.0,0.0,,0.0,0.0,9.625
プリモタイム,8,0.25,0.375,0.5,,0.25,0.2857142857142857,0.0,,0.4,0.0,5.75
プリンセスオブザスターズ,7,0.0,0.2857142857142857,0.42857142857142855,0.0,,0.0,,,0.0,0.0,6.0
プリンセスオブシルマー,12,0.25,0.3333333333333333,0.5,0.0,0.3,,0.0,0.3333333333333333,0.2222222222222222,,5.5
プリンセスカメリア,5,0.0,0.0,0.0,0.0,0.0,,0.0,,0.0,0.0,10.8
プリンセスキナウ,15,0.13333333333333333,0.2,0.26666666666666666,0.0,0.14285714285714285,0.18181818181818182,0.0,0.0,0.1111111111111111,0.3333333333333333,7.8
プリンセスティアラ,5,0.0,0.0,0.0,,0.0,0.0,0.0,,0.0,0.0,10.0
プリンセスドルチェ,8,0.0,0.125,0.125,0.0,,0.0,0.0,,0.0,,8.25
プリンセスプライド,10,0.0,0.1,0.3,0.0,0.0,0.0,0.0,,0.0,0.0,8.7
プリンセスペスカ,9,0.0,0.2222222222222222,0.2222222222222222,0.0,0.0,,0.0,0.0,0.0,0.0,6.777777777777778
プリンセスメーカー,5,0.0,0.0,0.0,0.0,0.0,0.0,0.0,0.0,0.0,,12.8
プリンセスルーシー,8,0.0,0.125,0.25,,0.0,0.0,0.0,0.0,0.0,0.0,8.0
プリームス,10,0.2,0.3,0.3,0.0,0.25,0.3333333333333333,0.0,,0.125,0.0,6.7
プルメリアミコ,5,0.0,0.2,0.6,0.0,,,0.0,,0.0,0.0,4.0
プレイガール,7,0.0,0.0,0.0,0.0,,0.0,0.0,0.0,0.0,0.0,11.571428571428571
プレギエーラ,5,0.0,0.0,0.0,0.0,0.0,0.0,0.0,,0.0,,9.0
プレシャスエルフ,24,0.08333333333333333,0.20833333333333334,0.20833333333333334,0.0,0.1111111111111111,0.0,0.15384615384615385,0.0,0.0,0.16666666666666666,8.458333333333334
プレシャスドロップ,13,0.07692307692307693,0.15384615384615385,0.23076923076923078,0.0,0.08333333333333333,0.08333333333333333,0.0,,0.0,0.25,8.76923076923077
プレシャスライフ,10,0.1,0.1,0.3,0.0,0.14285714285714285,0.2,0.0,0.0,0.0,0.5,5.6
プレシャスラバー,6,0.0,0.0,0.0,,0.0,0.0,0.0,,0.0,0.0,8.5
プレゼンスウーマン,21,0.047619047619047616,0.09523809523809523,0.14285714285714285,0.0,0.05555555555555555,,0.047619047619047616,,0.0625,0.0,7.190476190476191
プレゼンスブルー,5,0.0,0.0,0.2,,0.0,,0.0,0.0,0.0,0.0,8.2
プレミアステイタス,7,0.0,0.0,0.0,0.0,0.0,,0.0,0.0,0.0,0.0,8.428571428571429
プレミアステップス,6,0.0,0.0,0.0,0.0,0.0,0.0,0.0,,0.0,,8.0
プロスペラスマム,5,0.0,0.0,0.0,,0.0,0.0,0.0,,0.0,0.0,7.0
プロプライエタリ,6,0.0,0.0,0.0,,0.0,0.0,0.0,,0.0,0.0,9.333333333333334
プロポーズギフト,5,0.0,0.2,0.4,0.0,0.0,0.0,,,0.0,0.0,8.0
プロモーション,5,0.0,0.4,0.4,0.0,,,0.0,0.0,0.0,0.0,4.4
プンタステラ,7,0.14285714285714285,0.2857142857142857,0.2857142857142857,0.0,0.25,0.0,0.2,,0.5,0.0,6.714285714285714
プントバンコ,10,0.1,0.2,0.2,0.0,0.2,0.0,0.16666666666666666,,0.125,0.0,8.0
ヘイブンズギフト,6,0.16666666666666666,0.3333333333333333,0.5,,0.16666666666666666,,0.16666666666666666,,0.2,,5.666666666666667
ヘッドミストレス,5,0.2,0.2,0.2,,0.2,0.0,0.25,,0.0,0.5,8.0
ヘルスウォール,9,0.0,0.1111111111111111,0.3333333333333333,0.0,0.0,0.0,0.0,,0.0,0.0,8.0
ヘレナモルフォ,5,0.0,0.0,0.0,,0.0,,0.0,,0.0,0.0,8.2
ヘンメイレン,6,0.0,0.0,0.0,0.0,,0.0,0.0,,0.0,,7.333333333333333
ヘヴンリークルーズ,19,0.05263157894736842,0.05263157894736842,0.15789473684210525,0.1111111111111111,0.0,0.0,0.0,0.2,0.07142857142857142,0.0,8.31578947368421
ヘヴンリービーナス,7,0.0,0.0,0.0,0.0,0.0,0.0,0.0,,0.0,0.0,7.571428571428571
ヘーラー,6,0.0,0.0,0.0,,0.0,0.0,0.0,,0.0,0.0,11.166666666666666
ベアフットレディ,8,0.125,0.375,0.375,0.125,,0.0,0.16666666666666666,,0.2,,5.625
ベイトゥベイ,28,0.21428571428571427,0.2857142857142857,0.32142857142857145,0.0,0.2608695652173913,,0.21052631578947367,0.2222222222222222,0.29411764705882354,0.0,6.892857142857143
ベガグレシヤス,17,0.058823529411764705,0.11764705882352941,0.23529411764705882,0.0,0.1,0.1,0.0,0.0,0.06666666666666667,0.0,6.470588235294118
ベガスナイト,14,0.07142857142857142,0.14285714285714285,0.14285714285714285,0.07692307692307693,0.0,,0.0,0.1111111111111111,0.1111111111111111,0.0,7.428571428571429
ベストコレクション,7,0.14285714285714285,0.14285714285714285,0.14285714285714285,0.0,0.16666666666666666,0.2,0.0,,0.25,0.0,9.714285714285714
ベストヒット,5,0.2,0.2,0.4,,0.2,0.2,,,0.25,,3.4
ベストフューチャー,14,0.14285714285714285,0.21428571428571427,0.2857142857142857,,0.14285714285714285,0.0,0.3333333333333333,0.14285714285714285,0.1,0.5,7.214285714285714
ベストブート,6,0.0,0.5,0.6666666666666666,0.0,0.0,0.0,,0.0,0.0,0.0,4.666666666666667
ベストロケーション,5,0.0,0.0,0.0,0.0,0.0,,0.0,,0.0,,10.6
ベターナウ,11,0.18181818181818182,0.2727272727272727,0.36363636363636365,,0.18181818181818182,,0.18181818181818182,,0.3333333333333333,0.0,4.909090909090909
ベットーレ,8,0.0,0.375,0.5,0.0,0.0,0.0,0.0,0.0,0.0,0.0,6.375
ベッラレジーナ,6,0.0,0.0,0.3333333333333333,0.0,,0.0,0.0,,0.0,0.0,6.833333333333333
ベネフィット,19,0.15789473684210525,0.2631578947368421,0.42105263157894735,0.0,0.16666666666666666,0.25,0.14285714285714285,0.0,0.08333333333333333,0.2,7.578947368421052
ベネラ,19,0.10526315789473684,0.21052631578947367,0.3684210526315789,0.0,0.125,0.25,0.09090909090909091,0.0,0.16666666666666666,0.0,8.052631578947368
ベラルーナ,13,0.0,0.07692307692307693,0.07692307692307693,0.0,0.0,0.0,0.0,0.0,0.0,0.0,9.23076923076923
ベリーフ,11,0.18181818181818182,0.18181818181818182,0.2727272727272727,0.0,0.4,,0.2,0.16666666666666666,0.2,0.0,7.7272727272727275
ベルアリュールII,7,0.14285714285714285,0.14285714285714285,0.2857142857142857,0.14285714285714285,,,0.14285714285714285,,0.16666666666666666,,5.285714285714286
ベルエアシズル,6,0.16666666666666666,0.16666666666666666,0.3333333333333333,,0.16666666666666666,,0.16666666666666666,,0.2,,7.166666666666667
ベルスリーブ,5,0.4,0.4,0.4,0.3333333333333333,0.5,,0.4,,0.3333333333333333,1.0,5.6
ベルソング,5,0.2,0.2,0.2,,0.2,0.2,,,0.25,,8.6
ベルベットローブ,11,0.0,0.0,0.0,0.0,0.0,0.0,0.0,,0.0,,6.181818181818182
ベルモントアイリス,6,0.0,0.5,0.5,,0.0,,0.0,0.0,0.0,0.0,6.0
ベルモントエルメス,11,0.09090909090909091,0.18181818181818182,0.36363636363636365,,0.09090909090909091,0.2,0.0,,0.125,0.0,8.545454545454545
ベルモントデーンズ,7,0.0,0.0,0.0,,0.0,,0.0,,0.0,,11.0
ベルモントベロニカ,5,0.2,0.2,0.2,0.25,0.0,,0.0,0.25,0.3333333333333333,,6.0
ペイデュソレイユ,10,0.2,0.4,0.5,,0.2,0.0,0.2857142857142857,,0.2222222222222222,,7.4
ペイトンドーロ,5,0.0,0.0,0.2,0.0,0.0,0.0,0.0,,0.0,0.0,10.4
ペイドリン,16,0.0625,0.1875,0.5,0.0,0.06666666666666667,0.2,0.0,0.0,0.0,0.5,5.1875
ペディクラリス,14,0.0,0.07142857142857142,0.07142857142857142,0.0,0.0,,0.0,0.0,0.0,0.0,7.714285714285714
ペニーウエイト,10,0.0,0.0,0.0,,0.0,0.0,0.0,,0.0,0.0,9.8
ペニーズフォーチュン,5,0.0,0.2,0.4,0.0,0.0,0.0,0.0,,0.0,,5.2
ペニーホイッスル,5,0.0,0.0,0.0,0.0,0.0,,0.0,,0.0,,8.6
ペプチドヒノトリ,15,0.13333333333333333,0.26666666666666666,0.3333333333333333,0.08333333333333333,0.3333333333333333,0.0,0.16666666666666666,0.0,0.1111111111111111,,6.0
ペプチドヴィーナス,5,0.2,0.4,0.6,,0.2,0.2,,,0.0,1.0,4.8
ペルサントクリール,7,0.14285714285714285,0.2857142857142857,0.2857142857142857,0.0,0.2,0.25,0.0,,0.2,,6.285714285714286
ペルセクション,12,0.0,0.0,0.16666666666666666,0.0,0.0,0.0,0.0,,0.0,0.0,8.333333333333334
ペルレストラーダ,7,0.0,0.0,0.14285714285714285,,0.0,0.0,0.0,,0.0,0.0,9.857142857142858
ペルレンケッテ,8,0.0,0.5,0.625,0.0,0.0,0.0,0.0,,0.0,0.0,3.375
ペンテシレイア,7,0.14285714285714285,0.14285714285714285,0.14285714285714285,0.0,0.16666666666666666,0.16666666666666666,0.0,,0.25,0.0,9.285714285714286
ホウショウルビー,7,0.0,0.0,0.2857142857142857,,0.0,0.0,,,0.0,0.0,8.428571428571429
ホウヨウターゲット,12,0.08333333333333333,0.08333333333333333,0.16666666666666666,,0.08333333333333333,0.0,0.25,,0.16666666666666666,0.0,8.416666666666666
ホウライサンデー,14,0.0,0.0,0.14285714285714285,,0.0,,0.0,0.0,0.0,0.0,8.0
ホウライビクトリア,16,0.0625,0.0625,0.1875,,0.0625,0.14285714285714285,0.0,,0.0,0.25,7.75
ホウライマドンナ,5,0.0,0.0,0.0,,0.0,,0.0,0.0,0.0,0.0,13.6
ホエールキャプチャ,7,0.0,0.0,0.14285714285714285,0.0,,0.0,0.0,,0.0,0.0,6.714285714285714
ホクセツダンス,12,0.0,0.0,0.0,,0.0,0.0,0.0,0.0,0.0,0.0,7.916666666666667
ホクセーメジャー,7,0.0,0.0,0.0,0.0,0.0,0.0,0.0,,0.0,0.0,9.428571428571429
ホシノメガミ,5,0.0,0.0,0.0,0.0,0.0,0.0,,,0.0,,11.0
ホッコーエクレール,7,0.0,0.0,0.2857142857142857,0.0,0.0,0.0,0.0,0.0,0.0,,8.285714285714286
ホッコーザムーン,5,0.0,0.2,0.2,0.0,0.0,0.0,0.0,,0.0,,7.8
ホッコーマスタング,10,0.0,0.1,0.1,0.0,0.0,0.0,0.0,,0.0,0.0,10.6
ホッコーメモリー,7,0.0,0.42857142857142855,0.42857142857142855,0.0,,0.0,0.0,0.0,0.0,,5.857142857142857
ホッコーユニバース,8,0.0,0.0,0.125,,0.0,0.0,0.0,,0.0,0.0,7.75
ホットチャチャ,15,0.13333333333333333,0.3333333333333333,0.4666666666666667,0.13333333333333333,,,0.18181818181818182,0.0,0.09090909090909091,0.5,5.333333333333333
ホットマンボ,9,0.1111111111111111,0.1111111111111111,0.1111111111111111,0.2,0.0,0.125,0.0,,0.25,0.0,8.777777777777779
ホワイトアルバム,18,0.05555555555555555,0.16666666666666666,0.16666666666666666,0.1111111111111111,0.0,0.0,0.1111111111111111,0.0,0.0,0.0,7.833333333333333
ホワイトエレガンス,7,0.0,0.0,0.0,0.0,0.0,,0.0,,0.0,0.0,7.0
ホワイトデイズ,7,0.0,0.0,0.0,,0.0,0.0,0.0,,0.0,0.0,11.857142857142858
ホワイトペッパー,16,0.125,0.125,0.125,0.0,0.13333333333333333,0.0,0.15384615384615385,,0.18181818181818182,,7.8125
ホワイトヴェール,7,0.0,0.0,0.0,0.0,0.0,,0.0,0.0,0.0,0.0,7.714285714285714
ホワットアスポット,9,0.0,0.4444444444444444,0.4444444444444444,,0.0,,0.0,0.0,0.0,0.0,7.222222222222222
ホーネットピアス,10,0.0,0.0,0.1,0.0,0.0,0.0,0.0,,0.0,0.0,9.6
ホーマンピクシー,18,0.05555555555555555,0.05555555555555555,0.1111111111111111,0.0,0.06666666666666667,,0.0,0.14285714285714285,0.0,0.0,8.055555555555555
ホーマンフリップ,5,0.2,0.2,0.6,,0.2,0.5,0.0,,0.0,0.3333333333333333,4.4
ホームスイートホーム,9,0.0,0.1111111111111111,0.3333333333333333,0.0,0.0,0.0,0.0,,0.0,0.0,7.0
ホームフロムオズ,5,0.2,0.4,0.4,0.0,0.25,0.25,0.0,,0.0,1.0,7.4
ホーリーブラウン,9,0.1111111111111111,0.3333333333333333,0.4444444444444444,,0.1111111111111111,0.14285714285714285,0.0,,0.14285714285714285,0.0,5.111111111111111
ホーリーミスト,8,0.0,0.0,0.0,0.0,,0.0,0.0,,0.0,,8.375
ボカイウヴァ,6,0.0,0.0,0.0,0.0,0.0,0.0,0.0,0.0,0.0,0.0,9.166666666666666
ボディーダンシング,10,0.0,0.0,0.1,0.0,0.0,,0.0,0.0,0.0,,8.9
ボニーアクション,6,0.0,0.0,0.0,0.0,0.0,,0.0,0.0,0.0,0.0,11.0
ボムガール,5,0.0,0.2,0.2,,0.0,0.0,0.0,,0.0,0.0,6.0
ボンジュールカレン,10,0.1,0.1,0.2,,0.1,0.1111111111111111,0.0,,0.125,,6.7
ボンバルリーナ,10,0.1,0.4,0.4,0.125,0.0,,0.1111111111111111,0.0,0.125,0.0,6.2
ボンビバン,8,0.125,0.375,0.5,0.125,,,0.125,,0.125,,5.25
ボーイントンキャニオン,5,0.0,0.0,0.0,0.0,0.0,,0.0,0.0,0.0,0.0,8.2
ボージェスト,8,0.25,0.5,0.625,0.2857142857142857,0.0,,0.25,,0.3333333333333333,0.0,4.25
ボールルーム,12,0.08333333333333333,0.16666666666666666,0.16666666666666666,0.1111111111111111,0.0,,0.09090909090909091,0.0,0.14285714285714285,0.0,6.0
ボーンザスカイ,5,0.0,0.0,0.0,0.0,0.0,0.0,0.0,,0.0,,11.4
ポエティックターン,15,0.06666666666666667,0.2,0.26666666666666666,0.0,0.07142857142857142,0.1,0.0,0.0,0.125,0.0,7.466666666666667
ポジションリミット,10,0.2,0.2,0.2,,0.2,0.3333333333333333,0.14285714285714285,,0.25,0.0,6.9
ポッドクヒオ,9,0.1111111111111111,0.1111111111111111,0.2222222222222222,0.1111111111111111,,,0.16666666666666666,0.0,0.0,0.0,6.111111111111111
ポップアイコン,20,0.4,0.55,0.6,0.4444444444444444,0.0,0.0,0.4666666666666667,0.3333333333333333,0.4666666666666667,0.0,4.6
ポップコーンジャズ,14,0.2857142857142857,0.5714285714285714,0.7142857142857143,0.3,0.25,,0.4444444444444444,0.0,0.3,0.3333333333333333,3.357142857142857
ポップコーンプリンセス,5,0.0,0.0,0.0,0.0,,,,0.0,0.0,0.0,10.2
ポップチャート,6,0.0,0.0,0.0,0.0,0.0,0.0,0.0,,0.0,0.0,9.833333333333334
ポポチャン,21,0.0,0.0,0.047619047619047616,0.0,0.0,0.0,0.0,,0.0,0.0,8.142857142857142
ポリネイター,6,0.16666666666666666,0.16666666666666666,0.5,0.16666666666666666,,0.0,0.2,,0.16666666666666666,,5.0
ポルケテスエーニョ,5,0.0,0.0,0.0,,0.0,0.0,0.0,,0.0,0.0,10.0
ポレモス,11,0.09090909090909091,0.18181818181818182,0.2727272727272727,,0.09090909090909091,0.1,0.0,,0.2,0.0,5.545454545454546
ポロンナルワ,9,0.1111111111111111,0.1111111111111111,0.1111111111111111,0.3333333333333333,0.0,0.25,0.0,0.0,0.2,0.0,9.777777777777779
ポワティエ,12,0.08333333333333333,0.16666666666666666,0.25,0.09090909090909091,0.0,0.5,0.0,,0.14285714285714285,0.0,6.25
ポーシア,13,0.0,0.15384615384615385,0.23076923076923078,0.0,0.0,0.0,0.0,,0.0,0.0,5.846153846153846
ポーズ,6,0.0,0.0,0.0,,0.0,0.0,0.0,,0.0,0.0,11.666666666666666
ポールポジションII,6,0.0,0.16666666666666666,0.16666666666666666,0.0,0.0,0.0,0.0,0.0,0.0,0.0,5.333333333333333
ポーレン,9,0.1111111111111111,0.1111111111111111,0.2222222222222222,0.1111111111111111,,,0.0,0.3333333333333333,0.14285714285714285,0.0,7.111111111111111
マイグッドネス,13,0.15384615384615385,0.15384615384615385,0.3076923076923077,0.2857142857142857,0.0,0.0,0.25,,0.18181818181818182,,6.230769230769231
マイグリーン,13,0.07692307692307693,0.15384615384615385,0.15384615384615385,,0.07692307692307693,0.1,0.0,,0.0,0.0,6.384615384615385
マイジェン,13,0.0,0.15384615384615385,0.15384615384615385,0.0,0.0,0.0,0.0,0.0,0.0,0.0,9.461538461538462
マイスイートベス,9,0.0,0.0,0.0,,0.0,,0.0,,0.0,0.0,7.333333333333333
マイスクエアワン,6,0.0,0.0,0.0,0.0,0.0,,0.0,0.0,0.0,,8.333333333333334
マイティーカラー,9,0.0,0.0,0.0,0.0,,0.0,0.0,0.0,0.0,0.0,7.666666666666667
マイティースルー,13,0.38461538461538464,0.46153846153846156,0.6153846153846154,0.375,0.4,,0.5,0.0,0.1111111111111111,1.0,5.230769230769231
マイネアクティース,6,0.0,0.16666666666666666,0.16666666666666666,0.0,,,0.0,,0.0,,9.333333333333334
マイネアルナイル,5,0.2,0.2,0.2,0.25,0.0,,0.2,,0.0,0.0,7.6
マイネアンティーク,7,0.14285714285714285,0.42857142857142855,0.42857142857142855,0.2,0.0,0.14285714285714285,,,0.16666666666666666,0.0,4.285714285714286
マイネイディール,12,0.08333333333333333,0.25,0.5833333333333334,0.08333333333333333,,,0.14285714285714285,0.0,0.1111111111111111,0.0,5.0
マイネエストレヤ,6,0.0,0.0,0.3333333333333333,0.0,,0.0,,,0.0,0.0,6.5
マイネエポナ,10,0.0,0.1,0.3,0.0,,,0.0,0.0,0.0,0.0,5.9
マイネエレーナ,12,0.0,0.08333333333333333,0.25,0.0,0.0,0.0,0.0,,0.0,0.0,8.75
マイネオレンジ,6,0.0,0.0,0.3333333333333333,,0.0,0.0,,,0.0,0.0,6.166666666666667
マイネカプリース,5,0.0,0.0,0.2,,0.0,0.0,0.0,,0.0,0.0,6.0
マイネクイーン,9,0.0,0.0,0.0,,0.0,0.0,0.0,0.0,0.0,0.0,10.666666666666666
マイネクォーツ,6,0.0,0.0,0.0,,0.0,0.0,0.0,,0.0,0.0,7.166666666666667
マイネグラティア,6,0.0,0.0,0.16666666666666666,,0.0,,0.0,0.0,0.0,0.0,7.666666666666667
マイネグロリアーナ,10,0.1,0.2,0.5,0.1,,,0.125,0.0,0.0,0.5,4.4
マイネシャローナ,12,0.08333333333333333,0.08333333333333333,0.16666666666666666,0.08333333333333333,,,0.09090909090909091,0.0,0.1,0.0,6.833333333333333
マイネジャンヌ,16,0.0,0.0625,0.125,0.0,0.0,,0.0,0.0,0.0,0.0,5.9375
マイネジャーダ,5,0.0,0.0,0.0,0.0,,,0.0,,0.0,0.0,5.6
マイネソルシエール,8,0.125,0.5,0.5,0.16666666666666666,0.0,0.5,0.0,0.0,0.0,0.0,5.375
マイネチャーム,6,0.0,0.0,0.0,,0.0,,0.0,0.0,0.0,,7.5
マイネチリペッパー,7,0.0,0.0,0.0,,0.0,0.0,0.0,,0.0,0.0,10.0
マイネテレジア,15,0.13333333333333333,0.2,0.4,0.13333333333333333,,,0.25,0.0,0.0,0.3333333333333333,6.8
マイネデセール,9,0.1111111111111111,0.2222222222222222,0.3333333333333333,0.1111111111111111,,0.0,0.25,,0.16666666666666666,,6.111111111111111
マイネトゥインクル,8,0.0,0.0,0.0,0.0,,,0.0,0.0,0.0,0.0,10.25
マイネヌーヴェル,25,0.16,0.24,0.32,0.2222222222222222,0.0,,0.0625,0.3333333333333333,0.0625,0.25,5.96
マイネヒメル,9,0.1111111111111111,0.2222222222222222,0.3333333333333333,0.1111111111111111,,,0.125,0.0,0.14285714285714285,0.0,5.777777777777778
マイネピュール,7,0.0,0.0,0.0,0.0,0.0,0.0,0.0,,0.0,0.0,7.142857142857143
マイネフェリックス,9,0.1111111111111111,0.4444444444444444,0.7777777777777778,,0.1111111111111111,,0.125,0.0,0.0,0.3333333333333333,2.888888888888889
マイネプリンセス,19,0.05263157894736842,0.10526315789473684,0.2631578947368421,0.058823529411764705,0.0,,0.05263157894736842,,0.0,0.0,6.631578947368421
マイネプレセア,6,0.0,0.0,0.0,0.0,0.0,,0.0,0.0,0.0,0.0,8.0
マイネボヌール,7,0.0,0.0,0.14285714285714285,0.0,,,0.0,0.0,0.0,0.0,7.857142857142857
マイネルーチェ,14,0.0,0.0,0.0,0.0,0.0,,0.0,0.0,0.0,,6.714285714285714
マイネレーツェル,8,0.0,0.125,0.25,0.0,0.0,,0.0,,0.0,0.0,7.25
マイノチカラ,8,0.25,0.375,0.5,0.25,,0.4,0.0,,0.3333333333333333,,4.625
マイプラーナ,7,0.0,0.0,0.0,0.0,,0.0,0.0,0.0,0.0,0.0,10.571428571428571
マイホープ,7,0.14285714285714285,0.2857142857142857,0.42857142857142855,,0.14285714285714285,,0.14285714285714285,,0.0,0.3333333333333333,6.571428571428571
マイユクール,25,0.2,0.24,0.4,0.0,0.45454545454545453,0.5,0.14285714285714285,,0.1,0.5,4.72
マイラッキー,12,0.08333333333333333,0.08333333333333333,0.08333333333333333,,0.08333333333333333,0.09090909090909091,0.0,,0.0,0.3333333333333333,9.25
マウンテンエンジェル,6,0.0,0.16666666666666666,0.16666666666666666,0.0,0.0,0.0,,,0.0,,7.0
マウンテンミステリー,6,0.16666666666666666,0.3333333333333333,0.3333333333333333,,0.16666666666666666,0.0,0.3333333333333333,,1.0,0.0,7.5
マオノココロ,5,0.0,0.0,0.0,,0.0,,0.0,0.0,0.0,0.0,9.2
マオリオ,9,0.1111111111111111,0.1111111111111111,0.2222222222222222,0.2,0.0,0.0,0.2,,0.0,,9.555555555555555
マカロンドナンシー,10,0.3,0.4,0.5,0.5,0.16666666666666666,0.375,0.0,,0.42857142857142855,0.0,4.9
マキシムカフェ,7,0.42857142857142855,0.7142857142857143,0.7142857142857143,0.0,0.75,,0.42857142857142855,,0.3333333333333333,1.0,3.5714285714285716
マザイ,15,0.13333333333333333,0.13333333333333333,0.13333333333333333,0.0,0.14285714285714285,0.08333333333333333,0.3333333333333333,,0.14285714285714285,0.0,7.666666666666667
マザーウェル,9,0.1111111111111111,0.1111111111111111,0.3333333333333333,0.125,0.0,0.0,0.0,0.16666666666666666,0.14285714285714285,0.0,5.222222222222222
マザーズウィッシュ,7,0.14285714285714285,0.2857142857142857,0.2857142857142857,,0.14285714285714285,0.14285714285714285,,,0.0,1.0,8.714285714285714
マザーレイク,9,0.1111111111111111,0.2222222222222222,0.3333333333333333,,0.1111111111111111,0.16666666666666666,0.0,,0.16666666666666666,0.0,5.555555555555555
マザーロシア,5,0.0,0.0,0.0,,0.0,0.0,0.0,,0.0,,5.8
マシュケナーダ,6,0.0,0.0,0.0,0.0,0.0,0.0,0.0,,0.0,0.0,9.833333333333334
マシュマロ,12,0.08333333333333333,0.3333333333333333,0.4166666666666667,0.0,0.09090909090909091,,0.0,0.25,0.0,0.5,5.166666666666667
マジッククレスト,5,0.2,0.2,0.4,,0.2,0.0,0.25,,0.3333333333333333,,4.6
マジックタイム,8,0.5,0.5,0.625,0.5,,1.0,0.42857142857142855,,0.42857142857142855,,2.75
マジックミラージュ,8,0.125,0.125,0.125,0.0,0.14285714285714285,0.14285714285714285,0.0,,0.16666666666666666,0.0,7.25
マスクオフ,16,0.25,0.4375,0.5,0.26666666666666666,0.0,0.0,0.375,0.14285714285714285,0.2727272727272727,1.0,3.9375
マスターギラティナ,12,0.08333333333333333,0.16666666666666666,0.16666666666666666,,0.08333333333333333,0.0,0.125,,0.14285714285714285,0.0,11.416666666666666
マスターチアフル,8,0.125,0.125,0.125,0.0,0.16666666666666666,0.25,0.0,,0.0,0.3333333333333333,6.875
マスターマイン,10,0.0,0.0,0.1,0.0,0.0,0.0,,,0.0,0.0,8.8
マストゥドウ,9,0.0,0.0,0.0,0.0,0.0,0.0,0.0,0.0,0.0,0.0,11.222222222222221
マストバイアイテム,12,0.08333333333333333,0.4166666666666667,0.4166666666666667,,0.08333333333333333,0.1,0.0,,0.0,0.3333333333333333,4.916666666666667
マダムチェロキー,6,0.16666666666666666,0.16666666666666666,0.16666666666666666,,0.16666666666666666,0.0,0.2,,0.5,0.0,8.666666666666666
マチカネセキガハラ,6,0.0,0.0,0.16666666666666666,0.0,0.0,0.0,0.0,0.0,0.0,0.0,7.833333333333333
マチカネタマカズラ,11,0.09090909090909091,0.09090909090909091,0.5454545454545454,0.0,0.2,0.0,0.1111111111111111,0.0,0.125,0.0,3.727272727272727
マチカネチコウヨレ,6,0.0,0.0,0.5,0.0,0.0,,0.0,0.0,0.0,0.0,4.5
マチカネハツシマダ,13,0.0,0.0,0.07692307692307693,0.0,0.0,,0.0,0.0,0.0,0.0,9.23076923076923
マチカネハナサソウ,5,0.0,0.0,0.0,,0.0,0.0,0.0,,0.0,0.0,6.8
マチカネハヤテ,9,0.1111111111111111,0.1111111111111111,0.1111111111111111,0.0,0.16666666666666666,0.14285714285714285,0.0,,0.0,0.0,7.222222222222222
マチカネモユルコイ,6,0.0,0.0,0.0,0.0,,0.0,0.0,,0.0,,8.5
マチャプチャレ,6,0.0,0.16666666666666666,0.5,0.0,0.0,0.0,0.0,,0.0,,6.333333333333333
マッキーパシオン,5,0.2,0.2,0.4,,0.2,,0.2,,0.0,,5.8
マトゥリアルカ,10,0.1,0.2,0.3,,0.1,0.0,0.1111111111111111,,0.2,0.0,6.1
マドモアゼルドパリ,5,0.0,0.0,0.2,0.0,0.0,,0.0,0.0,0.0,0.0,7.4
マネーペニー,10,0.0,0.0,0.1,0.0,0.0,0.0,0.0,0.0,0.0,0.0,9.1
マハーバーラタ,11,0.18181818181818182,0.36363636363636365,0.36363636363636365,0.3333333333333333,0.0,0.0,0.3333333333333333,0.0,0.2857142857142857,0.0,6.909090909090909
マミモナ,6,0.0,0.16666666666666666,0.16666666666666666,0.0,0.0,0.0,,,0.0,0.0,6.166666666666667
マヤノカピオラニ,5,0.0,0.0,0.0,0.0,0.0,0.0,0.0,,0.0,0.0,9.2
マヤノソーナ,5,0.0,0.0,0.0,,0.0,0.0,,,0.0,0.0,14.6
マヤノポルカ,6,0.0,0.0,0.0,0.0,0.0,0.0,0.0,0.0,0.0,,8.833333333333334
マヤノマヤ,6,0.0,0.16666666666666666,0.3333333333333333,0.0,0.0,0.0,0.0,,0.0,,9.333333333333334
マヤノメメント,7,0.14285714285714285,0.14285714285714285,0.2857142857142857,0.0,0.16666666666666666,,0.14285714285714285,,0.25,0.0,5.571428571428571
マヤフィオーレ,9,0.0,0.0,0.0,,0.0,0.0,0.0,,0.0,0.0,9.555555555555555
マラコスタムブラダ,19,0.10526315789473684,0.21052631578947367,0.42105263157894735,0.1111111111111111,0.0,1.0,0.05555555555555555,,0.125,0.0,6.052631578947368
マラドーナスピン,6,0.0,0.0,0.0,0.0,0.0,0.0,,,0.0,0.0,6.0
マリアフィオーレ,9,0.1111111111111111,0.1111111111111111,0.1111111111111111,0.0,0.14285714285714285,0.2,0.0,0.0,0.14285714285714285,0.0,8.444444444444445
マリアベール,10,0.0,0.1,0.1,,0.0,0.0,0.0,,0.0,0.0,6.7
マリアロワイヤル,7,0.14285714285714285,0.2857142857142857,0.2857142857142857,0.0,0.2,,0.0,0.2,0.2,,5.857142857142857
マリアンヌカフェ,12,0.0,0.25,0.5,0.0,0.0,0.0,0.0,0.0,0.0,0.0,5.583333333333333
マリアヴェロニカ,10,0.3,0.7,0.9,0.3,,0.6666666666666666,0.14285714285714285,,0.375,0.0,2.1
マリカ,9,0.1111111111111111,0.2222222222222222,0.3333333333333333,0.0,0.125,0.1111111111111111,,,0.0,1.0,7.111111111111111
マリントウショウ,8,0.125,0.125,0.125,,0.125,0.14285714285714285,0.0,,0.125,,11.125
マリーシャンタル,6,0.16666666666666666,0.16666666666666666,0.3333333333333333,0.3333333333333333,0.0,0.25,0.0,,0.25,0.0,9.833333333333334
マリーズケイ,6,0.0,0.0,0.0,,0.0,,0.0,0.0,0.0,0.0,6.833333333333333
マリーファー,6,0.0,0.3333333333333333,0.3333333333333333,,0.0,0.0,0.0,,0.0,0.0,6.666666666666667
マルカキャンディ,6,0.0,0.0,0.0,,0.0,0.0,0.0,,0.0,,7.833333333333333
マルカサワヤカ,5,0.0,0.2,0.8,0.0,,,,0.0,0.0,,3.0
マルクプレンヌ,8,0.25,0.375,0.375,0.0,0.2857142857142857,0.4,0.0,,0.2,0.0,6.125
マルケサ,16,0.25,0.4375,0.5625,0.2,1.0,0.6,0.09090909090909091,,0.2727272727272727,0.0,5.3125
マルシアーノ,6,0.16666666666666666,0.16666666666666666,0.3333333333333333,0.25,0.0,0.0,0.25,,0.25,0.0,6.166666666666667
マルセリーナ,20,0.1,0.2,0.35,0.1,,,0.0,0.13333333333333333,0.09090909090909091,0.0,6.2
マルターズヒート,11,0.0,0.0,0.0,0.0,0.0,0.0,0.0,,0.0,0.0,9.727272727272727
マルティプライ,6,0.0,0.0,0.0,,0.0,,0.0,,0.0,0.0,8.833333333333334
マルティンスターク,15,0.2,0.26666666666666666,0.3333333333333333,0.2,,0.2222222222222222,0.16666666666666666,,0.15384615384615385,,6.066666666666666
マルモセーラ,7,0.0,0.2857142857142857,0.42857142857142855,0.0,0.0,0.0,0.0,,0.0,,5.571428571428571
マロノヴィーナス,6,0.0,0.0,0.0,0.0,0.0,0.0,0.0,,0.0,0.0,12.166666666666666
マンイーター,11,0.09090909090909091,0.2727272727272727,0.36363636363636365,0.0,0.1111111111111111,0.1,0.0,,0.16666666666666666,0.0,5.363636363636363
マンティスハント,7,0.0,0.0,0.0,0.0,,,0.0,0.0,0.0,,7.857142857142857
マンデラ,7,0.0,0.14285714285714285,0.2857142857142857,0.0,0.0,,0.0,0.0,0.0,0.0,7.571428571428571
マンドゥラ,7,0.0,0.0,0.0,0.0,0.0,0.0,0.0,0.0,0.0,,10.571428571428571
マンノアクトレス,6,0.0,0.16666666666666666,0.16666666666666666,0.0,0.0,,0.0,0.0,0.0,0.0,7.0
マンハッタンセレブ,9,0.0,0.0,0.0,0.0,0.0,,0.0,0.0,0.0,0.0,8.777777777777779
マンハッタンフィズ,6,0.0,0.16666666666666666,0.16666666666666666,0.0,,,0.0,0.0,0.0,0.0,8.5
マンハッタンミート,17,0.11764705882352941,0.11764705882352941,0.17647058823529413,0.13333333333333333,0.0,0.0,0.15384615384615385,,0.0,1.0,8.058823529411764
マンバラ,5,0.0,0.0,0.2,0.0,,,0.0,0.0,0.0,,6.8
マンビア,15,0.13333333333333333,0.2,0.2,0.0,0.25,0.16666666666666666,0.0,,0.14285714285714285,0.25,6.466666666666667
マーゼリン,6,0.0,0.0,0.0,0.0,0.0,0.0,0.0,,0.0,0.0,7.5
マーブルカテドラル,11,0.36363636363636365,0.5454545454545454,0.6363636363636364,0.4,0.0,,0.2222222222222222,1.0,0.42857142857142855,0.0,3.6363636363636362
マーブルケーキ,5,0.2,0.8,0.8,0.2,,0.0,0.3333333333333333,,0.25,,2.8
マーヴェリックス,6,0.0,0.16666666666666666,0.3333333333333333,,0.0,,0.0,,0.0,0.0,8.833333333333334
ミオリチャン,6,0.0,0.16666666666666666,0.16666666666666666,0.0,0.0,0.0,0.0,,0.0,,8.5
ミキノセレナーデ,8,0.0,0.0,0.25,0.0,0.0,0.0,0.0,,0.0,0.0,7.75
ミクロコスモス,8,0.0,0.25,0.375,0.0,0.0,,0.0,0.0,0.0,0.0,5.625
ミコノス,14,0.07142857142857142,0.14285714285714285,0.21428571428571427,0.16666666666666666,0.0,0.0,0.0,0.14285714285714285,0.0,0.0,6.785714285714286
ミサ,7,0.0,0.0,0.0,0.0,0.0,,0.0,,0.0,0.0,7.0
ミサノグリーン,7,0.0,0.0,0.0,0.0,,,0.0,0.0,0.0,0.0,8.428571428571429
ミスアイーカメ,6,0.0,0.5,0.6666666666666666,,0.0,0.0,0.0,,0.0,,3.8333333333333335
ミスアンコール,22,0.0,0.22727272727272727,0.36363636363636365,0.0,0.0,,0.0,0.0,0.0,0.0,6.409090909090909
ミスエンピリカル,8,0.0,0.25,0.375,0.0,0.0,,0.0,0.0,0.0,,5.75
ミスエーニョ,8,0.0,0.125,0.25,0.0,0.0,,0.0,,0.0,,7.875
ミスコマチ,8,0.0,0.0,0.125,,0.0,0.0,0.0,,0.0,0.0,7.875
ミスサイベリア,6,0.0,0.0,0.0,,0.0,0.0,0.0,0.0,0.0,0.0,12.166666666666666
ミスジョーカー,7,0.0,0.0,0.0,,0.0,0.0,,,0.0,0.0,6.857142857142857
ミスセレンディピティ,5,0.2,0.2,0.4,,0.2,,0.2,,0.0,0.3333333333333333,5.2
ミスチフ,6,0.0,0.0,0.0,0.0,0.0,0.0,0.0,0.0,0.0,,9.833333333333334
ミスティックリップス,19,0.15789473684210525,0.21052631578947367,0.2631578947368421,0.1875,0.0,0.0,0.2,,0.25,0.0,6.684210526315789
ミスティックリバー,9,0.2222222222222222,0.2222222222222222,0.2222222222222222,0.2222222222222222,,0.5,0.14285714285714285,,0.2857142857142857,0.0,6.111111111111111
ミステリアスオーラ,6,0.16666666666666666,0.16666666666666666,0.16666666666666666,0.0,0.25,0.0,0.25,0.0,0.0,0.3333333333333333,12.0
ミステリューズ,5,0.4,0.4,0.6,,0.4,,0.5,0.0,0.6666666666666666,0.0,4.2
ミスドバウィ,6,0.3333333333333333,0.5,0.6666666666666666,0.3333333333333333,,0.4,0.0,,0.4,,3.5
ミスハレクラニ,9,0.0,0.2222222222222222,0.3333333333333333,,0.0,0.0,0.0,,0.0,0.0,6.333333333333333
ミスパスカリ,9,0.1111111111111111,0.1111111111111111,0.2222222222222222,0.125,0.0,,0.0,0.125,0.1111111111111111,,6.444444444444445
ミスベルツリー,9,0.0,0.2222222222222222,0.2222222222222222,0.0,0.0,,0.0,0.0,0.0,0.0,6.666666666666667
ミスペンバリー,7,0.2857142857142857,0.2857142857142857,0.42857142857142855,0.2857142857142857,,0.0,0.4,0.0,0.4,0.0,5.0
ミスホーユー,5,0.0,0.2,0.2,0.0,0.0,0.0,0.0,0.0,0.0,0.0,6.2
ミスマープル,8,0.0,0.0,0.0,,0.0,0.0,0.0,,0.0,0.0,10.0
ミスラゴ,6,0.3333333333333333,0.5,0.6666666666666666,,0.3333333333333333,0.0,0.0,0.6666666666666666,0.3333333333333333,1.0,3.3333333333333335
ミスリンディ,13,0.15384615384615385,0.38461538461538464,0.38461538461538464,0.0,0.2857142857142857,0.16666666666666666,0.0,,0.14285714285714285,0.0,8.307692307692308
ミセススノー,10,0.0,0.0,0.1,0.0,0.0,0.0,0.0,0.0,0.0,0.0,7.8
ミセスリンゼイ,5,0.2,0.2,0.2,0.0,0.25,0.0,0.5,0.0,0.0,,7.6
ミゼリコルデ,7,0.2857142857142857,0.7142857142857143,0.7142857142857143,0.25,0.3333333333333333,,0.4,0.0,0.16666666666666666,1.0,3.0
ミッキーハナコ,7,0.14285714285714285,0.2857142857142857,0.2857142857142857,0.0,0.2,0.2,0.0,0.0,0.25,,5.142857142857143
ミッキーポーチ,6,0.5,0.5,0.5,,0.5,0.4,1.0,,0.6666666666666666,0.0,3.8333333333333335
ミッキーレモン,8,0.0,0.5,0.5,0.0,0.0,0.0,0.0,0.0,0.0,0.0,6.375
ミッドサマーフェア,6,0.0,0.5,0.8333333333333334,0.0,,,0.0,,0.0,,3.3333333333333335
ミトス,5,0.0,0.0,0.0,0.0,0.0,0.0,0.0,,0.0,0.0,11.2
ミナレット,11,0.18181818181818182,0.18181818181818182,0.2727272727272727,,0.18181818181818182,0.2,0.0,,0.2,0.0,6.2727272727272725
ミネルバサウンド,7,0.0,0.0,0.0,0.0,0.0,0.0,0.0,,0.0,0.0,9.428571428571429
ミミオブパラダイス,13,0.07692307692307693,0.07692307692307693,0.07692307692307693,0.0,0.1111111111111111,,0.08333333333333333,0.0,0.0,0.5,8.923076923076923
ミヤコレッドローズ,10,0.1,0.1,0.1,0.1111111111111111,0.0,0.0,0.1111111111111111,,0.16666666666666666,0.0,7.0
ミヤビキラメキ,11,0.09090909090909091,0.09090909090909091,0.09090909090909091,0.2,0.0,,0.1,0.0,0.125,0.0,7.181818181818182
ミヤビグレイス,12,0.0,0.0,0.0,0.0,0.0,0.0,0.0,0.0,0.0,0.0,9.75
ミヤビハンター,5,0.0,0.0,0.0,,0.0,0.0,0.0,0.0,0.0,0.0,12.2
ミュージカルパレス,10,0.0,0.1,0.2,,0.0,0.0,0.0,0.0,0.0,0.0,6.2
ミュージカルロマンス,7,0.0,0.0,0.0,0.0,0.0,0.0,0.0,,0.0,0.0,9.857142857142858
ミュージックアワー,9,0.0,0.0,0.0,0.0,0.0,,0.0,,0.0,0.0,8.666666666666666
ミュージー,7,0.0,0.0,0.0,0.0,0.0,0.0,0.0,,0.0,0.0,11.285714285714286
ミューズマジック,5,0.0,0.2,0.2,,0.0,0.0,,,0.0,,5.8
ミラクルフラッグ,7,0.14285714285714285,0.2857142857142857,0.2857142857142857,,0.14285714285714285,,0.14285714285714285,,0.2,0.0,8.0
ミラクルベリー,14,0.0,0.07142857142857142,0.07142857142857142,0.0,0.0,0.0,0.0,0.0,0.0,0.0,7.714285714285714
ミラクルレジェンド,25,0.12,0.2,0.2,,0.12,,0.14285714285714285,0.0,0.14285714285714285,0.1111111111111111,7.04
ミラクルワウ,5,0.0,0.0,0.6,0.0,,,0.0,0.0,0.0,,3.6
ミリオンウィッシーズ,10,0.2,0.3,0.5,0.2,,0.4,0.0,0.0,0.2857142857142857,0.0,4.8
ミリオンハッピー,6,0.0,0.16666666666666666,0.3333333333333333,0.0,0.0,0.0,,0.0,0.0,0.0,5.666666666666667
ミルキーブロード,7,0.14285714285714285,0.14285714285714285,0.2857142857142857,,0.14285714285714285,0.2,0.0,,0.3333333333333333,0.0,7.285714285714286
ミルクトーレル,5,0.0,0.0,0.2,0.0,0.0,0.0,0.0,,0.0,0.0,10.4
ミルフィアタッチ,15,0.13333333333333333,0.2,0.5333333333333333,0.08333333333333333,0.3333333333333333,0.0,0.0,0.2857142857142857,0.1111111111111111,0.5,4.933333333333334
ミルフィオリ,9,0.0,0.0,0.1111111111111111,0.0,0.0,0.0,0.0,,0.0,0.0,7.555555555555555
ミルフォードスバル,7,0.0,0.0,0.0,0.0,0.0,0.0,0.0,,0.0,0.0,10.571428571428571
ミルルーテウス,13,0.0,0.07692307692307693,0.23076923076923078,0.0,0.0,0.0,0.0,,0.0,,8.23076923076923
ミントシャイン,12,0.08333333333333333,0.25,0.25,0.1111111111111111,0.0,0.1111111111111111,0.0,,0.1111111111111111,0.0,6.583333333333333
ミーシャレヴュー,5,0.0,0.2,0.4,0.0,0.0,0.0,0.0,,0.0,,4.6
ムゲン,6,0.0,0.0,0.0,,0.0,,0.0,0.0,0.0,,10.833333333333334
ムツミマーベラス,12,0.25,0.3333333333333333,0.3333333333333333,0.0,0.2727272727272727,0.375,0.0,0.0,0.2222222222222222,0.3333333333333333,7.0
ムードインディゴ,12,0.25,0.3333333333333333,0.3333333333333333,0.2222222222222222,0.3333333333333333,,0.2727272727272727,0.0,0.2,,4.083333333333333
ムービングアウト,7,0.14285714285714285,0.2857142857142857,0.2857142857142857,,0.14285714285714285,0.2,0.0,,0.25,0.0,9.285714285714286
ムーングロウ,6,0.0,0.16666666666666666,0.16666666666666666,0.0,0.0,0.0,0.0,,0.0,,9.5
ムーンハウリング,10,0.1,0.2,0.5,0.1,,,0.14285714285714285,0.0,0.16666666666666666,0.0,6.8
ムーンフェイズ,9,0.0,0.2222222222222222,0.4444444444444444,0.0,,,0.0,0.0,0.0,0.0,7.222222222222222
ムーンライトゼファー,6,0.0,0.0,0.16666666666666666,0.0,,,0.0,,0.0,,7.0
ムーンライトバレエ,6,0.0,0.16666666666666666,0.16666666666666666,,0.0,0.0,,,0.0,,7.333333333333333
ムーンライトベイ,7,0.0,0.0,0.0,0.0,,0.0,0.0,,0.0,0.0,8.857142857142858
ムーンライトペスカ,7,0.0,0.2857142857142857,0.42857142857142855,0.0,,,0.0,0.0,0.0,0.0,7.714285714285714
メイアリス,5,0.0,0.2,0.2,,0.0,0.0,0.0,,0.0,,5.8
メイウインド,9,0.0,0.1111111111111111,0.2222222222222222,0.0,0.0,0.0,0.0,,0.0,,9.222222222222221
メイキアシー,9,0.0,0.0,0.1111111111111111,0.0,0.0,0.0,0.0,0.0,0.0,0.0,8.11111111111111
メイクアミラクル,9,0.1111111111111111,0.3333333333333333,0.3333333333333333,0.0,0.16666666666666666,0.16666666666666666,0.0,,0.2,0.0,5.111111111111111
メイクデュース,11,0.0,0.0,0.09090909090909091,0.0,,,0.0,0.0,0.0,,8.454545454545455
メイグレイス,10,0.0,0.0,0.0,0.0,,,0.0,0.0,0.0,,9.2
メイケイソフィア,10,0.0,0.0,0.0,0.0,,0.0,0.0,,0.0,0.0,9.3
メイシャイン,7,0.14285714285714285,0.14285714285714285,0.14285714285714285,0.14285714285714285,,,0.14285714285714285,,0.2,0.0,7.571428571428571
メイショウアキシノ,7,0.0,0.0,0.0,0.0,,0.0,0.0,,0.0,0.0,12.428571428571429
メイショウアサツユ,7,0.0,0.14285714285714285,0.2857142857142857,0.0,0.0,0.0,0.0,0.0,0.0,,5.714285714285714
メイショウアシタバ,6,0.0,0.0,0.0,,0.0,,0.0,,0.0,0.0,5.0
メイショウアモーレ,8,0.0,0.0,0.125,0.0,0.0,0.0,0.0,,0.0,0.0,7.75
メイショウアルペン,12,0.0,0.0,0.0,0.0,0.0,,0.0,0.0,0.0,0.0,7.666666666666667
メイショウアンデス,7,0.0,0.0,0.0,0.0,0.0,0.0,0.0,,0.0,0.0,9.142857142857142
メイショウイザヨイ,10,0.2,0.3,0.3,0.0,0.3333333333333333,0.2222222222222222,0.0,,0.0,0.5,7.4
メイショウエーデル,5,0.0,0.0,0.0,0.0,0.0,0.0,0.0,,0.0,0.0,9.0
メイショウオウヒ,7,0.42857142857142855,0.42857142857142855,0.5714285714285714,0.6666666666666666,0.25,0.0,0.3333333333333333,0.6666666666666666,0.4,0.5,3.5714285714285716
メイショウオリビア,13,0.07692307692307693,0.23076923076923078,0.38461538461538464,0.0,0.3333333333333333,0.14285714285714285,0.0,,0.0,0.5,4.538461538461538
メイショウカレン,5,0.0,0.0,0.0,0.0,0.0,,0.0,0.0,0.0,0.0,11.0
メイショウガンツ,12,0.0,0.08333333333333333,0.08333333333333333,0.0,0.0,0.0,,,0.0,0.0,7.5
メイショウグラナダ,6,0.0,0.0,0.16666666666666666,0.0,0.0,0.0,0.0,,0.0,0.0,8.833333333333334
メイショウコブシ,6,0.16666666666666666,0.16666666666666666,0.16666666666666666,0.0,0.2,0.3333333333333333,0.0,0.0,0.3333333333333333,,7.333333333333333
メイショウゴウヒメ,5,0.2,0.2,0.2,0.0,0.25,0.0,0.5,0.0,1.0,0.0,8.0
メイショウシオギリ,14,0.07142857142857142,0.07142857142857142,0.21428571428571427,,0.07142857142857142,0.0,0.08333333333333333,,0.14285714285714285,0.0,6.642857142857143
メイショウジェイ,10,0.0,0.1,0.2,0.0,0.0,0.0,0.0,,0.0,0.0,6.9
メイショウスコール,7,0.0,0.14285714285714285,0.2857142857142857,0.0,0.0,0.0,0.0,,0.0,0.0,9.0
メイショウスズラン,14,0.07142857142857142,0.14285714285714285,0.14285714285714285,0.0,0.1,0.07692307692307693,0.0,,0.0,0.25,10.0
メイショウチルチェ,9,0.0,0.0,0.0,0.0,0.0,0.0,0.0,0.0,0.0,0.0,9.222222222222221
メイショウデイム,10,0.1,0.3,0.3,0.1,,0.1,,,0.1111111111111111,,6.3
メイショウナナイロ,9,0.0,0.0,0.0,0.0,0.0,0.0,0.0,,0.0,0.0,8.0
メイショウヒミコ,15,0.06666666666666667,0.13333333333333333,0.13333333333333333,,0.06666666666666667,0.0,0.25,,0.125,0.0,8.4
メイショウピレネー,5,0.0,0.0,0.0,,0.0,0.0,,,0.0,0.0,9.0
メイショウフクヒメ,5,0.0,0.0,0.0,0.0,0.0,0.0,0.0,0.0,0.0,0.0,10.4
メイショウブルック,6,0.0,0.0,0.0,,0.0,0.0,0.0,0.0,0.0,0.0,7.0
メイショウベルーガ,15,0.06666666666666667,0.2,0.2,0.07142857142857142,0.0,0.0,0.25,0.0,0.1,0.0,8.8
メイショウホノボノ,21,0.0,0.14285714285714285,0.19047619047619047,,0.0,0.0,0.0,,0.0,0.0,7.476190476190476
メイショウマンテン,8,0.0,0.5,0.5,0.0,0.0,0.0,0.0,0.0,0.0,0.0,5.125
メイショウユウダチ,17,0.058823529411764705,0.17647058823529413,0.29411764705882354,,0.058823529411764705,0.058823529411764705,,,0.0,0.25,6.235294117647059
メイショウランタナ,5,0.0,0.0,0.2,0.0,0.0,0.0,,,0.0,0.0,9.6
メイショウルイーズ,8,0.0,0.0,0.0,,0.0,0.0,0.0,0.0,0.0,0.0,10.625
メイショウワカツキ,13,0.07692307692307693,0.15384615384615385,0.23076923076923078,0.0,0.08333333333333333,,0.08333333333333333,0.0,0.0,0.2,8.846153846153847
メイドインリオ,8,0.0,0.0,0.0,0.0,0.0,0.0,0.0,,0.0,0.0,10.375
メイビーフォーエヴァー,6,0.16666666666666666,0.16666666666666666,0.16666666666666666,0.0,0.5,0.0,0.25,,0.0,1.0,8.0
メイプルロード,11,0.09090909090909091,0.2727272727272727,0.45454545454545453,0.0,0.1,,0.1111111111111111,0.0,0.0,0.0,4.545454545454546
メイマドンナ,9,0.1111111111111111,0.2222222222222222,0.3333333333333333,0.0,0.16666666666666666,0.14285714285714285,0.0,0.0,0.14285714285714285,0.0,6.222222222222222
メジェルダ,7,0.0,0.0,0.14285714285714285,0.0,0.0,0.0,0.0,,0.0,0.0,8.428571428571429
メジャーエンブレム,9,0.2222222222222222,0.5555555555555556,0.6666666666666666,0.2222222222222222,,,0.2222222222222222,,0.2857142857142857,0.0,4.111111111111111
メジャーフォルム,7,0.0,0.0,0.0,0.0,0.0,0.0,0.0,,0.0,,8.857142857142858
メジロアリス,7,0.0,0.0,0.0,0.0,0.0,0.0,,,0.0,,10.142857142857142
メジロシャレード,6,0.0,0.0,0.16666666666666666,0.0,,,0.0,0.0,0.0,,6.333333333333333
メジロジェニファー,6,0.0,0.0,0.0,0.0,0.0,0.0,0.0,,0.0,0.0,10.333333333333334
メジロスプレンダー,17,0.11764705882352941,0.23529411764705882,0.29411764705882354,0.0,0.13333333333333333,0.0,0.15384615384615385,0.0,0.2222222222222222,0.0,6.9411764705882355
メジロツボネ,10,0.1,0.1,0.4,0.1111111111111111,0.0,0.0,0.0,0.25,0.125,,7.0
メジロトンキニーズ,11,0.2727272727272727,0.2727272727272727,0.45454545454545453,0.375,0.0,1.0,0.2,,0.25,0.0,4.7272727272727275
メジロドーベル,5,0.0,0.0,0.2,0.0,,,0.0,0.0,0.0,0.0,6.8
メジロバーミューズ,11,0.09090909090909091,0.09090909090909091,0.36363636363636365,0.125,0.0,,0.14285714285714285,0.0,0.1111111111111111,0.0,6.454545454545454
メジロフランシス,9,0.0,0.2222222222222222,0.2222222222222222,0.0,,0.0,0.0,,0.0,0.0,5.555555555555555
メジロベイシンガー,6,0.16666666666666666,0.5,0.6666666666666666,,0.16666666666666666,0.2,0.0,,0.25,0.0,3.6666666666666665
メジロマリアン,20,0.2,0.2,0.3,0.16666666666666666,0.25,0.2222222222222222,0.0,0.25,0.25,0.5,6.3
メジロミシェル,8,0.125,0.125,0.25,,0.125,,0.125,,0.0,0.0,5.75
メジロミドウ,6,0.0,0.5,0.6666666666666666,0.0,,,0.0,,0.0,0.0,4.833333333333333
メジロルバート,9,0.0,0.0,0.0,0.0,,0.0,0.0,0.0,0.0,,8.0
メジロルーシュバー,5,0.0,0.2,0.4,0.0,0.0,,0.0,,0.0,,5.6
メテオーリカ,14,0.07142857142857142,0.21428571428571427,0.2857142857142857,0.1,0.0,0.0,0.0,0.125,0.1,0.0,5.142857142857143
メモリアルイヤー,7,0.14285714285714285,0.42857142857142855,0.42857142857142855,,0.14285714285714285,0.16666666666666666,0.0,,0.2,0.0,6.428571428571429
メモリアルサマー,12,0.08333333333333333,0.4166666666666667,0.5,0.09090909090909091,0.0,,0.0,0.2,0.1111111111111111,0.0,4.916666666666667
メモリーキャップ,6,0.0,0.16666666666666666,0.5,,0.0,,0.0,,0.0,,4.666666666666667
メモリーパフィア,6,0.16666666666666666,0.16666666666666666,0.16666666666666666,0.2,0.0,0.0,0.3333333333333333,,0.0,,6.5
メリッサ,9,0.2222222222222222,0.2222222222222222,0.2222222222222222,0.2222222222222222,,0.0,0.14285714285714285,1.0,0.3333333333333333,0.0,7.777777777777778
メリーウェザー,12,0.25,0.4166666666666667,0.5833333333333334,0.0,0.375,0.2222222222222222,0.3333333333333333,,0.18181818181818182,,4.583333333333333
メルセンヌナンバー,9,0.1111111111111111,0.2222222222222222,0.2222222222222222,0.16666666666666666,0.0,0.25,0.0,,0.125,,4.666666666666667
メルヴェイユドール,7,0.0,0.14285714285714285,0.14285714285714285,0.0,0.0,,0.0,0.0,0.0,0.0,9.0
メロウメロディ,15,0.13333333333333333,0.13333333333333333,0.13333333333333333,0.0,0.18181818181818182,0.0,0.16666666666666666,0.0,0.08333333333333333,0.5,7.6
メロークーミス,28,0.07142857142857142,0.17857142857142858,0.2857142857142857,0.0,0.07407407407407407,0.058823529411764705,0.0,0.2,0.0,0.1111111111111111,7.035714285714286
メンブランツァ,12,0.0,0.16666666666666666,0.16666666666666666,0.0,0.0,0.0,0.0,,0.0,0.0,7.083333333333333
メープルパール,5,0.0,0.0,0.0,,0.0,0.0,0.0,,0.0,0.0,8.6
メーヴェ,14,0.2857142857142857,0.35714285714285715,0.35714285714285715,0.2857142857142857,,,0.5,0.25,0.2,1.0,7.285714285714286
モアスマイル,5,0.4,0.4,0.4,,0.4,,0.25,1.0,0.5,0.0,5.0
モエトレゾール,16,0.0,0.0625,0.0625,,0.0,,0.0,0.0,0.0,0.0,7.9375
モエレエターナル,9,0.0,0.0,0.1111111111111111,0.0,0.0,0.0,0.0,,0.0,0.0,7.444444444444445
モエレオープンヒメ,6,0.0,0.0,0.0,0.0,,0.0,0.0,,0.0,,11.333333333333334
モエレカトリーナ,9,0.3333333333333333,0.4444444444444444,0.4444444444444444,0.3333333333333333,,,0.3333333333333333,0.3333333333333333,0.2,,5.111111111111111
モエレカバーガール,6,0.16666666666666666,0.16666666666666666,0.3333333333333333,,0.16666666666666666,0.16666666666666666,,,0.5,0.0,7.833333333333333
モエレサンタマリア,6,0.16666666666666666,0.16666666666666666,0.16666666666666666,,0.16666666666666666,0.0,0.3333333333333333,,0.2,,7.0
モクレン,7,0.0,0.0,0.0,0.0,0.0,,0.0,,0.0,0.0,10.714285714285714
モシーン,10,0.2,0.3,0.3,0.25,0.0,,0.2222222222222222,0.0,0.2,,5.6
モスカートローザ,14,0.14285714285714285,0.21428571428571427,0.2857142857142857,0.25,0.0,,0.14285714285714285,,0.3333333333333333,0.0,7.0
モスコーバーニング,6,0.0,0.0,0.0,0.0,,,0.0,0.0,0.0,,11.166666666666666
モズアリュール,10,0.1,0.1,0.1,,0.1,0.0,0.1111111111111111,,0.16666666666666666,0.0,9.1
モズフリムカナイデ,5,0.0,0.8,0.8,0.0,0.0,0.0,,0.0,0.0,0.0,3.0
モトカノテソーロ,8,0.0,0.0,0.0,0.0,0.0,,0.0,0.0,0.0,0.0,8.125
モトヒメ,6,0.16666666666666666,0.16666666666666666,0.16666666666666666,0.16666666666666666,,,0.16666666666666666,,0.2,,5.833333333333333
モモイロアゲハ,7,0.14285714285714285,0.14285714285714285,0.14285714285714285,0.25,0.0,0.0,0.0,0.3333333333333333,0.3333333333333333,0.0,7.142857142857143
モモトンボ,6,0.0,0.0,0.0,0.0,0.0,0.0,0.0,,0.0,,10.666666666666666
モリトオウカ,14,0.14285714285714285,0.21428571428571427,0.35714285714285715,0.0,0.15384615384615385,0.5,0.08333333333333333,,0.2,0.0,5.5
モルガナイト,11,0.18181818181818182,0.36363636363636365,0.36363636363636365,0.2,0.0,0.3333333333333333,0.0,0.2,0.2,,9.090909090909092
モルトフェリーチェ,9,0.3333333333333333,0.4444444444444444,0.5555555555555556,0.42857142857142855,0.0,0.0,,0.42857142857142855,0.3333333333333333,0.5,5.111111111111111
モルフェキイ,10,0.0,0.1,0.1,0.0,,,0.0,0.0,0.0,0.0,8.0
モンサンアルビレオ,11,0.0,0.09090909090909091,0.2727272727272727,,0.0,0.0,0.0,,0.0,0.0,6.181818181818182
モンターニュドール,12,0.16666666666666666,0.25,0.25,,0.16666666666666666,0.1,0.5,,0.0,0.3333333333333333,9.083333333333334
モンテドーター,8,0.0,0.0,0.0,0.0,0.0,0.0,0.0,,0.0,0.0,13.375
モンテミウ,6,0.16666666666666666,0.16666666666666666,0.16666666666666666,,0.16666666666666666,0.2,0.0,,0.25,0.0,6.833333333333333
モンプティクール,5,0.0,0.0,0.0,,0.0,,0.0,,0.0,0.0,9.0
モンローブロンド,14,0.07142857142857142,0.2857142857142857,0.35714285714285715,0.08333333333333333,0.0,,0.09090909090909091,0.0,0.0,0.3333333333333333,6.357142857142857
モンローライン,6,0.0,0.0,0.0,,0.0,0.0,0.0,,0.0,0.0,7.5
モンヴェール,5,0.0,0.0,0.0,0.0,0.0,,0.0,,0.0,0.0,9.8
モーガンズマンボ,7,0.14285714285714285,0.14285714285714285,0.2857142857142857,,0.14285714285714285,0.14285714285714285,,,0.25,0.0,5.428571428571429
モーニングコール,6,0.0,0.0,0.3333333333333333,0.0,,0.0,0.0,,0.0,,5.166666666666667
モーニングフェイス,15,0.13333333333333333,0.13333333333333333,0.13333333333333333,0.0,0.15384615384615385,0.0,0.15384615384615385,0.0,0.14285714285714285,0.0,9.4
ヤサカシャイニー,5,0.0,0.0,0.0,,0.0,0.0,0.0,,0.0,,11.4
ヤサシイキモチ,20,0.05,0.15,0.2,0.0,0.058823529411764705,0.0,0.07142857142857142,0.0,0.0,0.125,6.1
ヤマカツオーキッド,8,0.0,0.25,0.25,0.0,0.0,0.0,0.0,0.0,0.0,0.0,5.5
ヤマカツセイレーン,6,0.16666666666666666,0.3333333333333333,0.3333333333333333,0.0,0.25,0.0,0.5,,0.3333333333333333,0.0,7.166666666666667
ヤマカツマリリン,15,0.06666666666666667,0.2,0.2,0.07142857142857142,0.0,0.0,0.09090909090909091,,0.1,0.0,7.933333333333334
ヤマトマリオン,16,0.0625,0.125,0.125,0.0,0.07142857142857142,,0.06666666666666667,0.0,0.0,0.2,7.8125
ヤマニンアドーレ,7,0.14285714285714285,0.14285714285714285,0.14285714285714285,0.2,0.0,0.0,0.16666666666666666,,0.25,0.0,7.714285714285714
ヤマニンアリエル,7,0.0,0.0,0.14285714285714285,,0.0,0.0,0.0,0.0,0.0,0.0,9.857142857142858
ヤマニンエマイユ,13,0.0,0.0,0.07692307692307693,0.0,0.0,0.0,0.0,,0.0,0.0,7.846153846153846
ヤマニンカルフール,18,0.05555555555555555,0.16666666666666666,0.2222222222222222,0.08333333333333333,0.0,0.0,0.0,0.16666666666666666,0.07142857142857142,0.0,6.944444444444445
ヤマニングルノイユ,7,0.0,0.0,0.2857142857142857,0.0,0.0,0.0,0.0,,0.0,,8.142857142857142
ヤマニンパソドブル,9,0.0,0.1111111111111111,0.1111111111111111,,0.0,0.0,0.0,0.0,0.0,0.0,8.11111111111111
ヤマニンパピオネ,12,0.08333333333333333,0.16666666666666666,0.25,0.125,0.0,0.0,0.1,,0.16666666666666666,0.0,8.666666666666666
ヤマニンプチフール,9,0.0,0.0,0.1111111111111111,0.0,0.0,0.0,0.0,,0.0,,7.0
ヤマニンプロローグ,14,0.07142857142857142,0.07142857142857142,0.21428571428571427,,0.07142857142857142,,0.1,0.0,0.0,0.0,6.571428571428571
ヤマニンメルベイユ,5,0.0,0.0,0.2,0.0,0.0,0.0,0.0,,0.0,,12.0
ヤマニンリップル,6,0.0,0.0,0.0,0.0,0.0,,0.0,,0.0,0.0,11.0
ヤマノローラ,10,0.1,0.2,0.2,0.0,0.1111111111111111,,0.125,0.0,0.0,0.0,7.0
ヤヤラーラ,11,0.09090909090909091,0.09090909090909091,0.18181818181818182,,0.09090909090909091,0.09090909090909091,,,0.0,0.0,9.454545454545455
ユアメモリー,7,0.0,0.0,0.0,0.0,0.0,0.0,0.0,0.0,0.0,0.0,9.142857142857142
ユキチャン,7,0.2857142857142857,0.2857142857142857,0.5714285714285714,0.2,0.5,0.2857142857142857,,,0.3333333333333333,0.0,4.142857142857143
ユキノクイーン,9,0.1111111111111111,0.1111111111111111,0.1111111111111111,0.0,1.0,1.0,0.0,0.0,0.0,0.3333333333333333,7.444444444444445
ユキノシンデレラ,13,0.15384615384615385,0.15384615384615385,0.3076923076923077,0.15384615384615385,,0.2,0.14285714285714285,0.0,0.1,0.5,6.6923076923076925
ユキノチャンプ,11,0.09090909090909091,0.18181818181818182,0.18181818181818182,0.5,0.0,0.0,0.0,1.0,0.16666666666666666,,8.818181818181818
ユキノマーガレット,7,0.0,0.0,0.0,0.0,0.0,,0.0,,0.0,0.0,9.428571428571429
ユキノマーメイド,17,0.23529411764705882,0.29411764705882354,0.29411764705882354,0.3333333333333333,0.125,0.3333333333333333,0.14285714285714285,0.0,0.18181818181818182,0.2,6.294117647058823
ユキノレイコ,11,0.0,0.0,0.0,,0.0,0.0,0.0,0.0,0.0,0.0,10.545454545454545
ユズチャン,5,0.0,0.0,0.0,,0.0,0.0,,,0.0,0.0,7.4
ユッカマウンテン,14,0.14285714285714285,0.21428571428571427,0.2857142857142857,0.0,0.15384615384615385,0.25,0.2,0.0,0.18181818181818182,0.0,6.0
ユニバーサル,8,0.0,0.0,0.125,0.0,,0.0,0.0,0.0,0.0,0.0,8.25
ユニバーサルビーチ,13,0.07692307692307693,0.15384615384615385,0.3076923076923077,0.0,0.08333333333333333,0.1111111111111111,0.0,,0.2,0.0,6.538461538461538
ユメイッポ,5,0.0,0.0,0.0,0.0,0.0,0.0,0.0,,0.0,0.0,13.0
ユメザンマイ,11,0.0,0.09090909090909091,0.09090909090909091,0.0,0.0,0.0,0.0,0.0,0.0,,9.545454545454545
ユメノトキメキ,8,0.0,0.0,0.0,0.0,0.0,0.0,0.0,0.0,0.0,0.0,8.5
ユメノハコブネ,11,0.09090909090909091,0.09090909090909091,0.18181818181818182,0.0,0.125,0.14285714285714285,0.0,0.0,0.0,1.0,8.181818181818182
ユーアーマイン,11,0.0,0.09090909090909091,0.18181818181818182,,0.0,0.0,0.0,,0.0,0.0,8.818181818181818
ユーキャンドゥイット,5,0.2,0.6,0.6,,0.2,,0.2,,0.5,0.0,3.2
ユースティティア,5,0.0,0.2,0.4,,0.0,0.0,0.0,,0.0,,6.6
ユールフェスト,7,0.0,0.0,0.14285714285714285,0.0,0.0,0.0,0.0,,0.0,0.0,7.857142857142857
ユーロシャーリーン,5,0.2,0.2,0.2,0.25,0.0,0.2,,,0.2,,7.6
ユーロペ,6,0.0,0.16666666666666666,0.3333333333333333,,0.0,,0.0,0.0,0.0,0.0,5.166666666666667
ヨウヨウ,13,0.0,0.0,0.0,,0.0,,0.0,,0.0,0.0,10.76923076923077
ヨドノグレイス,6,0.0,0.0,0.0,0.0,0.0,0.0,,,0.0,0.0,9.666666666666666
ヨドノスマイル,9,0.0,0.0,0.0,,0.0,0.0,0.0,0.0,0.0,0.0,8.333333333333334
ライカート,12,0.08333333333333333,0.16666666666666666,0.16666666666666666,0.0,0.09090909090909091,0.0,0.1,,0.0,0.3333333333333333,6.5
ライクザウインド,10,0.1,0.3,0.3,0.1111111111111111,0.0,0.2,0.0,,0.2,,8.1
ライステラス,7,0.0,0.0,0.0,0.0,0.0,0.0,0.0,0.0,0.0,0.0,10.714285714285714
ライトアップ,6,0.0,0.0,0.0,0.0,0.0,0.0,0.0,,0.0,0.0,13.5
ライトニングパール,6,0.0,0.0,0.16666666666666666,0.0,,0.0,,,0.0,,6.666666666666667
ライトリーチューン,5,0.2,0.2,0.2,0.0,0.5,0.2,,,0.0,0.5,7.2
ライフフォーセール,20,0.1,0.1,0.3,0.0625,0.25,0.0,0.125,0.0,0.0625,,5.7
ライブリーチューン,5,0.0,0.2,0.2,,0.0,,0.0,0.0,0.0,0.0,6.6
ライボー,7,0.0,0.0,0.0,0.0,0.0,0.0,0.0,0.0,0.0,0.0,12.285714285714286
ライラックスアンドレース,10,0.1,0.5,0.6,0.125,0.0,,0.125,0.0,0.125,0.0,4.7
ライラプス,7,0.2857142857142857,0.2857142857142857,0.2857142857142857,0.0,0.4,,0.3333333333333333,0.0,0.3333333333333333,0.0,6.285714285714286
ラインアンジュ,8,0.0,0.125,0.125,0.0,0.0,0.0,0.0,,0.0,0.0,8.75
ラインキュート,5,0.0,0.0,0.0,0.0,0.0,,0.0,,0.0,0.0,10.8
ラインダール,6,0.16666666666666666,0.3333333333333333,0.3333333333333333,,0.16666666666666666,0.16666666666666666,,,0.25,0.0,6.0
ライヴマジック,5,0.2,0.2,0.2,,0.2,0.2,,,0.25,,8.0
ラカ,10,0.3,0.4,0.4,0.0,0.5,,0.25,0.3333333333333333,0.25,0.0,5.7
ラクスクライン,8,0.0,0.0,0.125,0.0,0.0,,0.0,0.0,0.0,,12.125
ラグジャリー,13,0.07692307692307693,0.23076923076923078,0.3076923076923077,0.08333333333333333,0.0,,0.08333333333333333,0.0,0.0,0.5,7.230769230769231
ラゴディラゴライ,10,0.0,0.0,0.0,0.0,0.0,0.0,0.0,,0.0,0.0,10.8
ラサンバ,7,0.0,0.0,0.14285714285714285,0.0,0.0,,0.0,0.0,0.0,0.0,9.571428571428571
ラシンティランテ,12,0.0,0.16666666666666666,0.3333333333333333,0.0,0.0,0.0,0.0,,0.0,0.0,7.25
ラシーク,14,0.14285714285714285,0.21428571428571427,0.2857142857142857,0.0,0.15384615384615385,0.16666666666666666,0.16666666666666666,0.0,0.14285714285714285,1.0,6.071428571428571
ラスティックフレイム,7,0.0,0.14285714285714285,0.14285714285714285,0.0,,,0.0,0.0,0.0,0.0,5.571428571428571
ラスティングソング,6,0.16666666666666666,0.3333333333333333,0.5,0.16666666666666666,,,0.0,0.25,0.25,,3.5
ラストアロー,7,0.0,0.0,0.14285714285714285,,0.0,0.0,0.0,0.0,0.0,,7.142857142857143
ラストグルーヴ,22,0.22727272727272727,0.36363636363636365,0.45454545454545453,0.23809523809523808,0.0,1.0,0.23529411764705882,0.0,0.29411764705882354,0.0,5.818181818181818
ラストワルツ,6,0.0,0.3333333333333333,0.3333333333333333,0.0,0.0,0.0,0.0,,0.0,0.0,6.0
ラズベリータイム,5,0.0,0.0,0.0,0.0,0.0,0.0,0.0,,0.0,,11.8
ラダームブランシェ,12,0.08333333333333333,0.3333333333333333,0.5833333333333334,0.25,0.0,0.0,0.1,,0.14285714285714285,0.0,3.9166666666666665
ラッキーペニー,7,0.0,0.14285714285714285,0.14285714285714285,0.0,,0.0,0.0,,0.0,0.0,6.714285714285714
ラッキーレディ,18,0.0,0.0,0.05555555555555555,0.0,0.0,,0.0,,0.0,0.0,7.666666666666667
ラックスフィールドロード,7,0.2857142857142857,0.42857142857142855,0.5714285714285714,0.0,0.4,0.3333333333333333,0.0,,0.2,,6.571428571428571
ラッドルチェンド,9,0.2222222222222222,0.2222222222222222,0.3333333333333333,0.25,0.0,0.0,0.25,,0.25,,6.0
ラテアート,7,0.0,0.0,0.0,0.0,0.0,0.0,0.0,0.0,0.0,0.0,8.428571428571429
ラトーナ,5,0.2,0.2,0.2,0.25,0.0,0.0,0.0,1.0,0.0,1.0,7.0
ラトーヌインパクト,7,0.14285714285714285,0.14285714285714285,0.2857142857142857,0.16666666666666666,0.0,0.0,0.25,,0.25,0.0,7.571428571428571
ラドランファーマ,10,0.1,0.1,0.2,0.1111111111111111,0.0,,0.14285714285714285,0.0,0.0,0.3333333333333333,8.1
ラドラーダ,24,0.16666666666666666,0.3333333333333333,0.375,0.0,0.5,0.3333333333333333,0.17647058823529413,0.0,0.06666666666666667,0.5,6.0
ラドルチェ,6,0.0,0.16666666666666666,0.16666666666666666,0.0,,0.0,0.0,,0.0,,7.666666666666667
ラノララク,5,0.0,0.0,0.0,,0.0,0.0,0.0,,0.0,,7.4
ラビアンローズ,11,0.0,0.09090909090909091,0.09090909090909091,,0.0,0.0,,,0.0,0.0,7.818181818181818
ラビングトスカーナ,28,0.0,0.07142857142857142,0.21428571428571427,0.0,0.0,0.0,0.0,,0.0,0.0,6.428571428571429
ラフアウェイ,5,0.0,0.0,0.0,0.0,0.0,0.0,0.0,,0.0,0.0,7.0
ラフィカ,11,0.09090909090909091,0.18181818181818182,0.36363636363636365,0.0,0.1,0.0,0.16666666666666666,,0.2,0.0,6.454545454545454
ラフェクレール,9,0.1111111111111111,0.1111111111111111,0.2222222222222222,,0.1111111111111111,0.14285714285714285,0.0,,0.2,0.0,5.111111111111111
ラフォルトゥナ,13,0.15384615384615385,0.15384615384615385,0.3076923076923077,,0.15384615384615385,,0.2,0.0,0.25,0.0,5.615384615384615
ラフレッシュブルー,5,0.0,0.2,0.4,0.0,0.0,,0.0,0.0,0.0,0.0,6.6
ラフレーズカフェ,9,0.0,0.2222222222222222,0.3333333333333333,0.0,0.0,0.0,0.0,,0.0,0.0,6.666666666666667
ラブアクチュアリー,17,0.11764705882352941,0.23529411764705882,0.29411764705882354,0.11764705882352941,,1.0,0.1111111111111111,0.0,0.07692307692307693,0.3333333333333333,5.176470588235294
ラブエーヤン,5,0.0,0.4,0.4,0.0,0.0,0.0,0.0,,0.0,0.0,8.2
ラブカーナ,11,0.09090909090909091,0.09090909090909091,0.09090909090909091,0.0,0.1,0.0,0.14285714285714285,,0.0,,7.909090909090909
ラブジュリエット,7,0.14285714285714285,0.14285714285714285,0.14285714285714285,,0.14285714285714285,0.0,0.16666666666666666,,0.25,0.0,8.142857142857142
ラブディラン,8,0.125,0.25,0.375,0.0,0.14285714285714285,0.0,0.3333333333333333,,0.3333333333333333,0.0,7.25
ラブハミング,6,0.16666666666666666,0.3333333333333333,0.5,,0.16666666666666666,0.0,0.25,,0.0,0.0,6.0
ラブハート,13,0.0,0.0,0.0,0.0,0.0,0.0,,,0.0,0.0,11.846153846153847
ラブフール,16,0.1875,0.25,0.25,0.14285714285714285,0.2222222222222222,0.0,0.2,,0.18181818181818182,0.0,6.375
ラブミラー,5,0.0,0.0,0.2,0.0,0.0,0.0,0.0,,0.0,0.0,8.6
ラブミーダン,7,0.0,0.0,0.0,,0.0,0.0,0.0,,0.0,0.0,11.285714285714286
ラブミーナンシー,8,0.125,0.125,0.375,,0.125,,0.125,,0.0,0.5,4.75
ラブリイステラ,12,0.0,0.16666666666666666,0.3333333333333333,,0.0,,0.0,0.0,0.0,0.0,6.833333333333333
ラブリネスオブパリ,18,0.16666666666666666,0.2222222222222222,0.2777777777777778,0.0,0.3,0.0,0.23076923076923078,0.0,0.18181818181818182,0.25,6.833333333333333
ラブリーアリュール,5,0.0,0.2,0.2,,0.0,0.0,0.0,,0.0,0.0,6.2
ラブリースター,11,0.09090909090909091,0.18181818181818182,0.45454545454545453,,0.09090909090909091,0.0,0.1,,0.0,0.5,7.0
ラブルビー,5,0.0,0.2,0.2,0.0,0.0,0.0,0.0,0.0,0.0,0.0,10.0
ラブレター,11,0.09090909090909091,0.18181818181818182,0.18181818181818182,0.125,0.0,0.1111111111111111,0.0,,0.0,,6.909090909090909
ラブーム,12,0.0,0.25,0.25,0.0,,,0.0,,0.0,,5.916666666666667
ラプザントゥール,12,0.08333333333333333,0.25,0.3333333333333333,,0.08333333333333333,0.08333333333333333,,,0.0,0.5,7.083333333333333
ラプターセイハート,16,0.0,0.0625,0.125,0.0,0.0,0.0,0.0,,0.0,0.0,7.25
ラプリマステラ,10,0.1,0.3,0.4,,0.1,0.1,,,0.14285714285714285,0.0,6.5
ラベ,5,0.4,0.4,0.4,0.3333333333333333,0.5,0.5,0.0,,0.4,,6.8
ラベンダーカラー,7,0.0,0.0,0.14285714285714285,,0.0,0.0,0.0,,0.0,0.0,5.285714285714286
ラメント,7,0.0,0.14285714285714285,0.2857142857142857,,0.0,0.0,0.0,0.0,0.0,0.0,7.714285714285714
ララア,16,0.1875,0.1875,0.25,0.375,0.0,1.0,0.18181818181818182,0.0,0.25,0.0,8.0625
ラリズ,15,0.3333333333333333,0.5333333333333333,0.6666666666666666,0.3333333333333333,0.3333333333333333,0.3333333333333333,0.4444444444444444,0.0,0.38461538461538464,,3.7333333333333334
ラルケット,13,0.15384615384615385,0.23076923076923078,0.38461538461538464,0.0,0.4,0.3333333333333333,0.0,0.0,0.3333333333333333,0.0,4.769230769230769
ラルティスタ,9,0.2222222222222222,0.3333333333333333,0.3333333333333333,0.25,0.0,0.2857142857142857,0.0,,0.125,,7.111111111111111
ランウェイスナップ,12,0.0,0.5833333333333334,0.5833333333333334,0.0,0.0,0.0,0.0,,0.0,0.0,4.75
ランズエッジ,5,0.2,0.6,0.6,0.2,,,0.0,0.3333333333333333,0.0,,2.6
ラントゥザリード,5,0.2,0.2,0.4,0.2,,,0.25,0.0,0.0,1.0,6.0
ランニングボブキャッツ,15,0.06666666666666667,0.2,0.3333333333333333,,0.06666666666666667,0.0,0.09090909090909091,,0.0,0.0,7.266666666666667
ランペイア,5,0.0,0.4,0.8,0.0,,,,0.0,0.0,,3.4
ラヴァリーノ,8,0.25,0.25,0.25,0.4,0.0,0.0,0.4,,0.2857142857142857,,6.75
ラヴァーズレーン,9,0.1111111111111111,0.1111111111111111,0.2222222222222222,,0.1111111111111111,0.0,0.14285714285714285,,0.16666666666666666,0.0,9.222222222222221
ラヴアズギフト,6,0.0,0.16666666666666666,0.3333333333333333,0.0,0.0,0.0,,,0.0,0.0,7.5
ラヴアンドフェイス,6,0.0,0.16666666666666666,0.16666666666666666,,0.0,0.0,,,0.0,0.0,7.5
ラヴィアンフルール,12,0.16666666666666666,0.4166666666666667,0.5,0.18181818181818182,0.0,,0.0,0.25,0.2222222222222222,0.0,5.0
ラヴィングサンデー,8,0.0,0.0,0.125,,0.0,0.0,0.0,,0.0,0.0,10.375
ラヴィーズラヴィン,6,0.0,0.0,0.0,0.0,0.0,0.0,0.0,,0.0,,12.833333333333334
ラヴズオンリーミー,14,0.21428571428571427,0.2857142857142857,0.2857142857142857,0.21428571428571427,,,0.1,0.5,0.3,0.0,6.642857142857143
ラヴソレイユ,9,0.1111111111111111,0.1111111111111111,0.2222222222222222,0.2,0.0,0.0,0.0,0.2,0.16666666666666666,0.0,8.0
ラヴフェアリー,9,0.0,0.1111111111111111,0.1111111111111111,,0.0,,0.0,,0.0,0.0,7.0
ラヴフルーヴ,9,0.1111111111111111,0.2222222222222222,0.3333333333333333,,0.1111111111111111,0.1111111111111111,,,0.0,0.5,9.333333333333334
ラヴリードリーム,5,0.0,0.0,0.0,0.0,0.0,0.0,0.0,0.0,0.0,0.0,9.4
ラーチャプルック,9,0.0,0.0,0.2222222222222222,0.0,0.0,0.0,0.0,,0.0,0.0,6.333333333333333
ラーナック,5,0.0,0.0,0.0,0.0,0.0,0.0,0.0,,0.0,,10.0
リアアントニア,8,0.0,0.0,0.125,0.0,,,0.0,,0.0,0.0,7.875
リアライズカレボ,5,0.2,0.2,0.2,0.0,0.25,,0.2,,1.0,0.0,8.8
リアライズナラック,11,0.0,0.09090909090909091,0.18181818181818182,,0.0,0.0,0.0,,0.0,0.0,7.818181818181818
リアライズノユメ,7,0.0,0.14285714285714285,0.42857142857142855,,0.0,0.0,0.0,,0.0,0.0,4.142857142857143
リアリサトリス,18,0.2222222222222222,0.2222222222222222,0.2777777777777778,0.3076923076923077,0.0,0.0,0.26666666666666666,0.0,0.26666666666666666,0.0,6.277777777777778
リアリーラヴユー,6,0.0,0.16666666666666666,0.16666666666666666,,0.0,,0.0,0.0,0.0,0.0,5.833333333333333
リアルアーネスト,6,0.16666666666666666,0.16666666666666666,0.16666666666666666,,0.16666666666666666,,0.16666666666666666,,0.3333333333333333,0.0,7.5
リアルメンテ,5,0.0,0.0,0.0,0.0,0.0,0.0,0.0,,0.0,,11.2
リエートフィーネ,12,0.0,0.16666666666666666,0.3333333333333333,,0.0,0.0,0.0,,0.0,0.0,5.25
リキオリンピア,8,0.0,0.0,0.0,0.0,0.0,0.0,0.0,,0.0,,9.625
リキサンピュアティ,8,0.25,0.25,0.25,0.0,0.3333333333333333,1.0,0.0,0.2,0.2,0.5,6.0
リキセレナード,5,0.0,0.0,0.0,0.0,,,0.0,,0.0,0.0,10.6
リクエストアワー,5,0.0,0.0,0.0,,0.0,0.0,0.0,,0.0,0.0,12.4
リコリス,9,0.1111111111111111,0.1111111111111111,0.1111111111111111,0.0,0.25,,0.1111111111111111,,0.25,0.0,9.333333333333334
リスティアアスリー,12,0.0,0.16666666666666666,0.25,0.0,0.0,0.0,0.0,,0.0,0.0,8.75
リズムオブザレイン,13,0.07692307692307693,0.15384615384615385,0.38461538461538464,0.0,0.09090909090909091,0.0,0.125,0.0,0.16666666666666666,0.0,5.538461538461538
リズムオブライト,11,0.09090909090909091,0.09090909090909091,0.2727272727272727,0.1,0.0,0.0,0.125,0.0,0.125,,5.090909090909091
リッスン,15,0.06666666666666667,0.26666666666666666,0.26666666666666666,0.06666666666666667,,,0.14285714285714285,0.0,0.08333333333333333,,6.733333333333333
リッチダンサー,9,0.1111111111111111,0.1111111111111111,0.1111111111111111,0.1111111111111111,,0.5,0.0,0.0,0.0,0.0,12.222222222222221
リップスポイズン,8,0.0,0.0,0.0,0.0,0.0,0.0,0.0,,0.0,,7.625
リップル,11,0.2727272727272727,0.36363636363636365,0.36363636363636365,0.2222222222222222,0.5,0.3333333333333333,0.2,,0.3,,4.181818181818182
リトルアマポーラ,8,0.125,0.125,0.125,0.25,0.0,,0.0,0.3333333333333333,0.0,0.3333333333333333,7.75
リトルゲルダ,8,0.125,0.125,0.375,0.125,,0.25,0.0,,0.16666666666666666,0.0,7.0
リトルジュン,12,0.16666666666666666,0.3333333333333333,0.3333333333333333,0.2222222222222222,0.0,,0.0,0.2857142857142857,0.125,0.5,7.083333333333333
リトルダーリン,5,0.2,0.4,0.6,0.3333333333333333,0.0,,0.2,,0.25,,4.2
リトルディッパー,26,0.038461538461538464,0.15384615384615385,0.2692307692307692,0.058823529411764705,0.0,0.0,0.045454545454545456,0.0,0.05,0.0,6.346153846153846
リトルビスケット,7,0.0,0.0,0.14285714285714285,0.0,0.0,,0.0,0.0,0.0,0.0,10.285714285714286
リトルブレッシング,10,0.2,0.2,0.3,0.0,0.2222222222222222,0.2222222222222222,0.0,,0.14285714285714285,0.5,6.7
リネンパズル,12,0.0,0.25,0.25,0.0,0.0,0.0,0.0,0.0,0.0,0.0,7.75
リバティープリント,5,0.0,0.0,0.2,,0.0,0.0,0.0,,0.0,,8.6
リバティーベル,7,0.14285714285714285,0.14285714285714285,0.14285714285714285,,0.14285714285714285,,0.14285714285714285,,0.16666666666666666,0.0,8.285714285714286
リビアーモ,10,0.2,0.5,0.5,0.1111111111111111,1.0,,0.2,0.2,0.16666666666666666,0.0,5.7
リビングプルーフ,12,0.16666666666666666,0.16666666666666666,0.3333333333333333,0.2,0.0,0.0,0.16666666666666666,0.5,0.14285714285714285,0.0,8.25
リボンティアラ,6,0.0,0.0,0.0,0.0,0.0,0.0,0.0,0.0,0.0,,10.833333333333334
リボントリコロール,9,0.1111111111111111,0.2222222222222222,0.3333333333333333,0.125,0.0,,0.14285714285714285,0.0,0.14285714285714285,0.0,6.111111111111111
リボンノキシ,5,0.2,0.4,0.4,,0.2,0.25,0.0,,0.2,,6.2
リミックスアルバム,5,0.0,0.0,0.0,0.0,0.0,0.0,0.0,0.0,0.0,,9.6
リメレンス,5,0.2,0.2,0.6,0.0,0.25,,0.25,0.0,0.0,1.0,4.6
リュウメイ,11,0.18181818181818182,0.36363636363636365,0.45454545454545453,,0.18181818181818182,0.0,0.25,,0.5,0.0,6.636363636363637
リュクスメジャー,12,0.08333333333333333,0.16666666666666666,0.3333333333333333,,0.08333333333333333,0.0,0.25,,0.125,,6.5
リュシオル,5,0.2,0.4,0.4,0.2,,,0.25,0.0,0.0,0.0,5.6
リュズキナ,6,0.0,0.0,0.0,0.0,0.0,,0.0,0.0,0.0,,9.666666666666666
リュヌドール,10,0.3,0.3,0.6,0.3,,,0.3333333333333333,0.25,0.3333333333333333,,4.5
リュポメルー,8,0.0,0.125,0.375,,0.0,0.0,0.0,,0.0,0.0,6.875
リュラ,6,0.0,0.0,0.0,0.0,0.0,0.0,0.0,,0.0,0.0,8.333333333333334
リュンヌ,7,0.14285714285714285,0.42857142857142855,0.42857142857142855,0.2,0.0,0.0,0.16666666666666666,,0.0,0.3333333333333333,5.857142857142857
リラコサージュ,6,0.16666666666666666,0.5,0.5,,0.16666666666666666,0.16666666666666666,,,0.25,0.0,4.0
リラヴァティ,5,0.0,0.0,0.4,0.0,,,0.0,,0.0,0.0,7.2
リリアンタイム,7,0.0,0.14285714285714285,0.2857142857142857,0.0,0.0,,0.0,0.0,0.0,0.0,8.857142857142858
リリアーレ,14,0.0,0.0,0.07142857142857142,0.0,0.0,0.0,0.0,0.0,0.0,0.0,8.857142857142858
リリウム,7,0.0,0.14285714285714285,0.14285714285714285,0.0,0.0,,0.0,0.0,0.0,0.0,8.857142857142858
リリカルホイッスル,6,0.0,0.0,0.3333333333333333,0.0,0.0,0.0,0.0,,0.0,0.0,6.166666666666667
リリサイド,5,0.0,0.0,0.0,0.0,,0.0,0.0,0.0,0.0,0.0,13.0
リリーオブザナイル,11,0.09090909090909091,0.09090909090909091,0.09090909090909091,0.0,0.14285714285714285,,0.14285714285714285,0.0,0.14285714285714285,0.0,9.181818181818182
リリーオブザヴァレー,13,0.07692307692307693,0.15384615384615385,0.23076923076923078,0.07692307692307693,,,0.0,0.1,0.1111111111111111,,6.076923076923077
リワードクリエン,8,0.0,0.0,0.125,,0.0,0.0,0.0,,0.0,0.0,8.875
リングジアラーム,6,0.16666666666666666,0.16666666666666666,0.5,0.0,0.25,,0.16666666666666666,,0.16666666666666666,,5.666666666666667
リングネブラ,10,0.1,0.2,0.2,0.125,0.0,0.0,0.1111111111111111,,0.2,0.0,6.9
リンダムーン,7,0.0,0.0,0.0,,0.0,0.0,0.0,,0.0,0.0,12.0
リントス,14,0.07142857142857142,0.14285714285714285,0.21428571428571427,,0.07142857142857142,0.0,0.3333333333333333,,0.0,0.125,4.928571428571429
リヴァプール,7,0.0,0.0,0.0,0.0,0.0,0.0,0.0,,0.0,0.0,10.571428571428571
リヴィアローズ,5,0.0,0.0,0.0,0.0,0.0,,0.0,0.0,0.0,,9.6
リーガルデイム,5,0.0,0.2,0.2,0.0,0.0,0.0,0.0,,,0.0,7.4
リーグルメアリー,16,0.0625,0.1875,0.3125,,0.0625,0.0,0.25,,0.0,0.16666666666666666,7.5625
リーチコンセンサス,8,0.25,0.375,0.375,0.0,0.3333333333333333,0.2857142857142857,0.0,,0.3333333333333333,0.0,4.75
リーチマイハーバー,7,0.0,0.0,0.14285714285714285,0.0,,,0.0,0.0,0.0,0.0,7.428571428571429
リードストーリー,14,0.0,0.2857142857142857,0.42857142857142855,0.0,0.0,0.0,0.0,,0.0,0.0,5.571428571428571
リープオブフェイス,10,0.2,0.3,0.4,0.2857142857142857,0.0,0.3333333333333333,0.0,0.16666666666666666,0.14285714285714285,0.3333333333333333,4.7
リーベストラウム,32,0.0625,0.3125,0.46875,0.0625,,0.0,0.11764705882352941,,0.045454545454545456,0.0,5.0
ルアス,6,0.0,0.0,0.16666666666666666,0.0,0.0,0.0,,,0.0,,7.166666666666667
ルアーズストリート,19,0.0,0.2631578947368421,0.3684210526315789,0.0,0.0,,0.0,0.0,0.0,0.0,6.368421052631579
ルシュクル,14,0.07142857142857142,0.14285714285714285,0.35714285714285715,0.07142857142857142,,0.16666666666666666,0.0,,0.0,,7.214285714285714
ルスナイクリスティ,13,0.0,0.15384615384615385,0.15384615384615385,0.0,0.0,0.0,0.0,,0.0,0.0,6.923076923076923
ルスナイプリンセス,5,0.0,0.2,0.2,,0.0,0.0,0.0,,0.0,0.0,6.6
ルックアミリオン,12,0.08333333333333333,0.3333333333333333,0.5,,0.08333333333333333,0.16666666666666666,0.0,,0.0,0.5,5.833333333333333
ルドラ,5,0.0,0.0,0.0,0.0,0.0,,0.0,,0.0,0.0,9.4
ルナフェリーナ,8,0.0,0.125,0.125,0.0,0.0,0.0,0.0,0.0,0.0,0.0,6.125
ルナレガーロ,12,0.08333333333333333,0.16666666666666666,0.25,0.1,0.0,0.1111111111111111,0.0,,0.14285714285714285,0.0,7.833333333333333
ルナースフィア,10,0.1,0.1,0.1,,0.1,0.0,0.1111111111111111,,0.0,0.5,10.1
ルネッサンスファウンド,5,0.0,0.0,0.0,0.0,0.0,0.0,0.0,0.0,0.0,,9.4
ルミエールヴェリテ,16,0.0625,0.25,0.3125,0.0,0.14285714285714285,0.3333333333333333,0.0,0.0,0.09090909090909091,,9.0
ルミナスハッピー,10,0.0,0.2,0.5,0.0,0.0,,0.0,0.0,0.0,0.0,5.5
ルミナスパレード,14,0.21428571428571427,0.5,0.5714285714285714,0.23076923076923078,0.0,0.0,0.3,,0.2727272727272727,0.0,4.785714285714286
ルミナスレッド,5,0.0,0.2,0.2,,0.0,,0.0,,0.0,0.0,11.4
ルミノハレブタイ,7,0.14285714285714285,0.14285714285714285,0.2857142857142857,0.0,0.16666666666666666,,0.2,0.0,0.0,0.5,7.0
ルリニガナ,6,0.0,0.0,0.16666666666666666,,0.0,0.0,0.0,,0.0,0.0,6.833333333333333
ルリビタキ,12,0.0,0.0,0.08333333333333333,,0.0,0.0,0.0,,0.0,0.0,10.416666666666666
ルルパンブルー,8,0.25,0.375,0.375,0.2857142857142857,0.0,0.25,0.0,1.0,0.4,0.0,7.25
ルンバロッカ,12,0.0,0.0,0.08333333333333333,0.0,0.0,0.0,0.0,,0.0,0.0,6.833333333333333
ルヴァンクレール,11,0.0,0.18181818181818182,0.36363636363636365,0.0,0.0,,0.0,0.0,0.0,0.0,5.363636363636363
ルヴェソンヴェール,18,0.05555555555555555,0.3333333333333333,0.5,0.0,0.07692307692307693,0.0,0.0,0.14285714285714285,0.06666666666666667,0.0,4.722222222222222
ルージュクール,10,0.1,0.1,0.1,,0.1,0.16666666666666666,0.0,,0.0,0.3333333333333333,8.9
ルージュバンブー,5,0.0,0.0,0.0,0.0,0.0,,0.0,,0.0,0.0,9.0
ルーヴインペリアル,16,0.0625,0.1875,0.1875,0.0,0.06666666666666667,,0.0,0.09090909090909091,0.08333333333333333,0.0,6.8125
レアシルウィア,9,0.1111111111111111,0.2222222222222222,0.5555555555555556,0.16666666666666666,0.0,0.14285714285714285,0.0,,0.16666666666666666,0.0,7.111111111111111
レアファインド,5,0.0,0.0,0.0,0.0,0.0,0.0,0.0,,0.0,,11.8
レイカーラ,9,0.1111111111111111,0.1111111111111111,0.2222222222222222,0.1111111111111111,,0.0,0.14285714285714285,,0.0,0.0,9.666666666666666
レイクサイドカップ,7,0.0,0.0,0.14285714285714285,,0.0,0.0,0.0,,0.0,0.0,8.714285714285714
レイジーリヴァー,9,0.0,0.2222222222222222,0.3333333333333333,,0.0,0.0,0.0,,0.0,0.0,7.111111111111111
レイズアンドコール,8,0.0,0.0,0.125,0.0,0.0,0.0,0.0,,0.0,0.0,9.625
レイズユアグラス,6,0.0,0.0,0.0,,0.0,0.0,,,0.0,,7.5
レイテッド,9,0.1111111111111111,0.1111111111111111,0.1111111111111111,,0.1111111111111111,,0.1111111111111111,,0.0,0.0,9.666666666666666
レイナソフィア,7,0.0,0.14285714285714285,0.14285714285714285,0.0,,,0.0,0.0,0.0,0.0,7.571428571428571
レイナデアブリル,10,0.1,0.1,0.2,0.0,0.1111111111111111,,0.1,,0.0,0.25,9.4
レイナワルツ,11,0.0,0.0,0.09090909090909091,0.0,0.0,0.0,0.0,,0.0,0.0,7.545454545454546
レイヨンヴェール,7,0.0,0.2857142857142857,0.2857142857142857,0.0,0.0,0.0,,0.0,0.0,0.0,7.857142857142857
レインデート,10,0.1,0.2,0.3,0.16666666666666666,0.0,,0.0,0.3333333333333333,0.125,0.0,5.5
レインボーシーカー,15,0.0,0.13333333333333333,0.13333333333333333,0.0,0.0,0.0,0.0,0.0,0.0,0.0,7.333333333333333
レインボーハート,5,0.0,0.0,0.0,0.0,0.0,0.0,0.0,0.0,0.0,0.0,13.6
レオフォーレンス,11,0.09090909090909091,0.2727272727272727,0.2727272727272727,,0.09090909090909091,,0.09090909090909091,,0.2,0.0,6.818181818181818
レキシールー,7,0.42857142857142855,0.42857142857142855,0.42857142857142855,0.42857142857142855,,0.0,0.5,,0.4,,6.714285714285714
レジェトウショウ,17,0.17647058823529413,0.23529411764705882,0.35294117647058826,0.2,0.0,0.18181818181818182,0.16666666666666666,,0.2727272727272727,0.0,5.882352941176471
レジェンドトレイル,13,0.23076923076923078,0.46153846153846156,0.46153846153846156,,0.23076923076923078,0.0,0.42857142857142855,0.0,0.5,0.16666666666666666,5.153846153846154
レジネッタ,24,0.125,0.20833333333333334,0.20833333333333334,0.0,0.25,0.18181818181818182,0.1,0.0,0.07692307692307693,0.14285714285714285,8.333333333333334
レジリアンス,5,0.0,0.0,0.0,,0.0,0.0,0.0,,0.0,,11.4
レスペランス,6,0.16666666666666666,0.3333333333333333,0.3333333333333333,0.0,0.3333333333333333,0.5,0.0,,0.3333333333333333,0.0,5.166666666666667
レゾリューション,5,0.2,0.4,0.6,,0.2,,0.0,0.5,0.25,0.0,5.0
レチャーダ,7,0.0,0.0,0.0,0.0,0.0,,0.0,0.0,0.0,0.0,10.0
レックスレイノス,6,0.0,0.0,0.0,0.0,0.0,0.0,0.0,,0.0,,8.166666666666666
レッダンゴールド,6,0.0,0.3333333333333333,0.5,0.0,0.0,0.0,0.0,,0.0,0.0,5.0
レッツサッチャー,8,0.125,0.125,0.25,0.0,0.14285714285714285,,0.125,,0.25,0.0,9.25
レッドアゲート,19,0.05263157894736842,0.05263157894736842,0.15789473684210525,0.0,0.1111111111111111,,0.07142857142857142,0.0,0.09090909090909091,0.0,8.368421052631579
レッドアシェット,7,0.0,0.0,0.0,0.0,0.0,0.0,0.0,0.0,0.0,0.0,10.285714285714286
レッドカチューシャ,8,0.125,0.125,0.25,0.0,0.25,,0.16666666666666666,0.0,0.16666666666666666,0.0,6.625
レッドガナドーラ,8,0.0,0.125,0.125,0.0,0.0,,0.0,0.0,0.0,0.0,9.375
レッドシャトル,5,0.0,0.4,0.4,0.0,0.0,0.0,0.0,0.0,0.0,0.0,7.6
レッドシャンデル,7,0.14285714285714285,0.2857142857142857,0.2857142857142857,,0.14285714285714285,0.0,0.16666666666666666,,0.16666666666666666,,6.142857142857143
レッドジゼル,7,0.0,0.0,0.2857142857142857,0.0,,,0.0,,0.0,,10.142857142857142
レッドセシリア,5,0.0,0.0,0.0,0.0,0.0,0.0,0.0,,0.0,0.0,8.8
レッドソンブレロ,10,0.1,0.3,0.3,,0.1,0.0,0.0,0.3333333333333333,0.125,0.0,6.1
レッドターキー,9,0.0,0.1111111111111111,0.1111111111111111,0.0,0.0,0.0,0.0,,0.0,,11.222222222222221
レッドハート,5,0.2,0.2,0.2,0.0,0.25,,0.2,,0.25,0.0,8.6
レッドファンタジア,14,0.14285714285714285,0.14285714285714285,0.21428571428571427,0.15384615384615385,0.0,0.0,0.15384615384615385,,0.2,0.0,6.5
レッドフェザー,8,0.125,0.25,0.5,,0.125,0.3333333333333333,0.0,0.0,0.25,0.0,5.0
レッドプラネット,11,0.09090909090909091,0.09090909090909091,0.18181818181818182,0.0,0.1,,0.0,0.1,0.0,0.3333333333333333,7.0
レッドベルフィーユ,13,0.07692307692307693,0.07692307692307693,0.23076923076923078,0.1,0.0,0.0,0.09090909090909091,0.0,0.0,0.0,8.153846153846153
レッドマロン,6,0.16666666666666666,0.16666666666666666,0.16666666666666666,,0.16666666666666666,0.2,0.0,,0.25,,8.5
レッドマーキュリー,14,0.0,0.0,0.07142857142857142,0.0,0.0,0.0,0.0,,0.0,0.0,10.285714285714286
レッドメアラス,8,0.125,0.125,0.125,0.125,,,0.125,,0.16666666666666666,0.0,10.375
レッドメデューサ,12,0.0,0.16666666666666666,0.3333333333333333,0.0,0.0,0.0,0.0,,0.0,0.0,7.5
レッドリップス,7,0.0,0.0,0.0,0.0,0.0,0.0,0.0,,0.0,0.0,11.714285714285714
レッドレイチェル,9,0.2222222222222222,0.3333333333333333,0.4444444444444444,0.25,0.0,0.3333333333333333,0.0,,0.2857142857142857,0.0,7.777777777777778
レツィーナ,22,0.18181818181818182,0.22727272727272727,0.22727272727272727,0.23076923076923078,0.1111111111111111,0.0,0.0,0.2857142857142857,0.25,0.0,6.818181818181818
レディアルバローザ,10,0.1,0.3,0.3,0.1,,,0.125,0.0,0.0,,6.1
レディイン,8,0.125,0.375,0.625,0.125,,0.0,0.0,0.5,0.0,0.0,5.875
レディオブオペラ,6,0.16666666666666666,0.16666666666666666,0.16666666666666666,0.16666666666666666,,1.0,0.0,,0.25,,6.166666666666667
レディオブパーシャ,5,0.0,0.0,0.0,0.0,0.0,0.0,0.0,,0.0,0.0,8.6
レディオブフィフティ,5,0.2,0.2,0.6,,0.2,0.2,,,0.3333333333333333,0.0,3.0
レディオブヴェニス,9,0.3333333333333333,0.4444444444444444,0.5555555555555556,0.3333333333333333,,,0.4,0.25,0.6,0.0,4.777777777777778
レディオーカモア,8,0.125,0.375,0.5,0.0,0.14285714285714285,0.0,0.16666666666666666,0.0,0.0,0.0,5.625
レディカーニバル,5,0.0,0.2,0.4,0.0,0.0,0.0,0.0,0.0,0.0,0.0,7.8
レディキルシェ,6,0.0,0.16666666666666666,0.16666666666666666,0.0,0.0,0.0,0.0,,0.0,0.0,6.5
レディクローリス,6,0.0,0.16666666666666666,0.3333333333333333,0.0,0.0,,0.0,0.0,0.0,0.0,5.5
レディサマンサ,8,0.0,0.0,0.125,,0.0,0.0,,0.0,0.0,0.0,8.0
レディシビル,5,0.0,0.0,0.2,0.0,0.0,0.0,0.0,,0.0,0.0,8.0
レディシャツィ,7,0.14285714285714285,0.14285714285714285,0.2857142857142857,0.16666666666666666,0.0,,0.25,0.0,0.0,0.5,8.714285714285714
レディスキッパー,13,0.07692307692307693,0.3076923076923077,0.3076923076923077,0.14285714285714285,0.0,,0.09090909090909091,0.0,0.0,1.0,6.0
レディストレイツ,5,0.0,0.0,0.0,0.0,0.0,0.0,0.0,,0.0,,13.8
レディセラヴィ,5,0.0,0.0,0.0,0.0,0.0,,0.0,0.0,0.0,0.0,13.4
レディチャーム,6,0.0,0.16666666666666666,0.16666666666666666,,0.0,0.0,,,0.0,0.0,7.0
レディトゥプリーズ,16,0.1875,0.25,0.375,0.2222222222222222,0.14285714285714285,0.16666666666666666,0.14285714285714285,0.3333333333333333,0.16666666666666666,0.3333333333333333,5.1875
レディバラード,7,0.14285714285714285,0.14285714285714285,0.2857142857142857,0.0,0.16666666666666666,0.0,0.25,,0.0,0.5,4.857142857142857
レディブラッサム,7,0.0,0.0,0.0,0.0,0.0,0.0,0.0,,0.0,0.0,10.714285714285714
レディマーメイド,6,0.3333333333333333,0.5,0.5,,0.3333333333333333,,0.5,0.0,0.3333333333333333,0.0,6.5
レディマールボロ,6,0.0,0.16666666666666666,0.16666666666666666,0.0,0.0,0.0,0.0,0.0,0.0,0.0,8.0
レディルージュ,12,0.0,0.16666666666666666,0.5,,0.0,0.0,,,0.0,0.0,8.0
レディワシントン,5,0.0,0.0,0.0,0.0,0.0,0.0,,0.0,0.0,0.0,12.4
レディーエンブレム,6,0.0,0.0,0.0,,0.0,0.0,,,0.0,0.0,9.666666666666666
レディークライスト,11,0.0,0.0,0.09090909090909091,0.0,0.0,,0.0,0.0,0.0,0.0,6.636363636363637
レディーソルジャー,8,0.125,0.125,0.375,,0.125,0.125,,,0.2,0.0,8.375
レディーノパンチ,10,0.4,0.5,0.6,0.4,,,0.4444444444444444,0.0,0.25,1.0,6.3
レディーメグネイト,6,0.16666666666666666,0.16666666666666666,0.16666666666666666,0.0,0.25,0.25,0.0,,0.2,,8.5
レニーズゴットジップ,7,0.14285714285714285,0.14285714285714285,0.14285714285714285,0.14285714285714285,,,0.16666666666666666,0.0,0.16666666666666666,,6.142857142857143
レネットグルーヴ,13,0.23076923076923078,0.23076923076923078,0.3076923076923077,0.3,0.0,0.0,0.375,0.0,0.2222222222222222,0.0,6.6923076923076925
レモンリーフ,10,0.1,0.2,0.2,,0.1,0.1,,,0.0,0.5,5.9
レリッシュザソート,5,0.2,0.4,0.4,0.0,1.0,0.5,0.0,0.0,0.0,,6.0
レースウィング,10,0.0,0.1,0.2,0.0,0.0,,0.0,0.0,0.0,0.0,5.8
レーヴデトワール,7,0.14285714285714285,0.14285714285714285,0.14285714285714285,0.14285714285714285,,0.0,0.16666666666666666,,0.16666666666666666,0.0,6.714285714285714
レーヴドベティ,9,0.2222222222222222,0.5555555555555556,0.5555555555555556,,0.2222222222222222,0.0,0.3333333333333333,0.0,0.5,0.0,6.0
ロアジス,7,0.0,0.0,0.0,,0.0,0.0,0.0,,0.0,0.0,8.285714285714286
ロイヤルアタック,7,0.0,0.0,0.0,0.0,,0.0,0.0,,0.0,,8.0
ロイヤルインパクト,8,0.0,0.125,0.125,0.0,0.0,0.0,0.0,0.0,0.0,0.0,8.125
ロイヤルペルラ,8,0.125,0.375,0.875,,0.125,0.25,0.0,,0.16666666666666666,0.0,3.0
ロイヤルヴォルト,8,0.25,0.375,0.375,,0.25,0.0,0.3333333333333333,0.0,0.25,0.3333333333333333,6.75
ロカ,5,0.4,0.4,0.8,0.5,0.0,,0.4,,0.5,,3.8
ロザリンド,7,0.14285714285714285,0.2857142857142857,0.42857142857142855,0.16666666666666666,0.0,0.0,0.0,0.5,0.2,0.0,7.285714285714286
ロジカルクィーン,9,0.1111111111111111,0.1111111111111111,0.1111111111111111,0.0,0.14285714285714285,0.0,0.16666666666666666,0.0,0.16666666666666666,,7.888888888888889
ロジディオン,15,0.0,0.0,0.06666666666666667,0.0,0.0,0.0,0.0,0.0,0.0,0.0,9.0
ロジナン,6,0.0,0.0,0.0,0.0,0.0,,0.0,,0.0,0.0,6.5
ロジフェローズ,6,0.16666666666666666,0.16666666666666666,0.3333333333333333,0.25,0.0,0.0,0.2,,0.2,0.0,7.833333333333333
ロジプリンセス,10,0.1,0.2,0.6,0.1111111111111111,0.0,0.0,0.16666666666666666,0.0,0.1111111111111111,0.0,5.3
ロスグラシアレス,7,0.14285714285714285,0.14285714285714285,0.14285714285714285,,0.14285714285714285,0.14285714285714285,,,0.25,0.0,9.571428571428571
ロスヴァイセ,11,0.18181818181818182,0.36363636363636365,0.6363636363636364,0.3333333333333333,0.125,,0.2,0.0,0.14285714285714285,0.0,3.5454545454545454
ロゼシャンパーニュ,12,0.0,0.08333333333333333,0.3333333333333333,0.0,0.0,0.0,0.0,,0.0,0.0,6.25
ロッシェノワール,7,0.14285714285714285,0.42857142857142855,0.42857142857142855,0.0,0.5,0.3333333333333333,0.0,,0.0,0.0,6.714285714285714
ロバーブ,10,0.1,0.1,0.1,0.0,0.125,0.16666666666666666,0.0,,0.16666666666666666,0.0,10.3
ロフティーエイム,14,0.07142857142857142,0.21428571428571427,0.2857142857142857,0.1111111111111111,0.0,0.1111111111111111,0.0,,0.1111111111111111,0.0,5.857142857142857
ロベルタ,9,0.0,0.0,0.1111111111111111,0.0,,,0.0,,0.0,0.0,8.555555555555555
ロマンシエール,7,0.0,0.0,0.0,0.0,0.0,,0.0,0.0,0.0,,10.142857142857142
ロマンシングジェム,7,0.0,0.14285714285714285,0.14285714285714285,0.0,0.0,0.0,0.0,0.0,0.0,0.0,6.142857142857143
ロリポップガール,6,0.0,0.16666666666666666,0.3333333333333333,,0.0,0.0,,,0.0,,4.333333333333333
ロレットチャペル,6,0.16666666666666666,0.3333333333333333,0.5,0.16666666666666666,,0.0,0.0,0.5,0.0,1.0,5.0
ロンギングシャネル,12,0.16666666666666666,0.16666666666666666,0.16666666666666666,0.14285714285714285,0.2,0.2,0.16666666666666666,0.0,0.125,0.0,8.416666666666666
ロングビクトリア,8,0.0,0.0,0.0,0.0,0.0,0.0,0.0,,0.0,0.0,11.125
ロングモニュメント,5,0.0,0.0,0.2,,0.0,0.0,0.0,,0.0,0.0,8.8
ロンド,6,0.0,0.0,0.0,0.0,0.0,0.0,0.0,,0.0,0.0,11.666666666666666
ローガンサファイア,5,0.0,0.0,0.2,0.0,0.0,0.0,0.0,,0.0,,6.2
ローザブランカ,10,0.3,0.4,0.5,0.42857142857142855,0.0,,0.375,0.0,0.2222222222222222,,5.2
ローザボニータ,7,0.0,0.0,0.42857142857142855,0.0,0.0,0.0,0.0,,0.0,,6.428571428571429
ロージーローズ,5,0.0,0.0,0.0,0.0,0.0,0.0,0.0,,0.0,,9.8
ローズアダージョ,9,0.0,0.2222222222222222,0.5555555555555556,0.0,,,0.0,,0.0,0.0,3.7777777777777777
ローズアライヴァル,18,0.05555555555555555,0.1111111111111111,0.4444444444444444,,0.05555555555555555,0.058823529411764705,0.0,,0.08333333333333333,0.0,5.611111111111111
ローズカットダイヤ,13,0.15384615384615385,0.15384615384615385,0.15384615384615385,0.14285714285714285,0.16666666666666666,0.14285714285714285,0.16666666666666666,,0.1111111111111111,0.3333333333333333,9.76923076923077
ローズカリーナ,10,0.3,0.3,0.4,0.3,,0.0,0.375,,0.375,,5.9
ローズノーブル,12,0.16666666666666666,0.25,0.4166666666666667,0.18181818181818182,0.0,0.2,0.0,,0.1111111111111111,0.0,6.083333333333333
ローズヘイロー,5,0.0,0.2,0.2,0.0,0.0,0.0,,0.0,0.0,0.0,5.6
ローズロー,5,0.0,0.0,0.0,0.0,0.0,0.0,0.0,,0.0,0.0,9.4
ロードクロサイト,12,0.08333333333333333,0.16666666666666666,0.4166666666666667,0.16666666666666666,0.0,0.0,0.0,0.16666666666666666,0.0,0.0,5.166666666666667
ローブティサージュ,9,0.2222222222222222,0.2222222222222222,0.4444444444444444,0.25,0.0,0.25,0.2,,0.3333333333333333,0.0,6.777777777777778
ローブドヴルール,10,0.1,0.2,0.3,0.3333333333333333,0.0,0.14285714285714285,0.0,,0.0,0.0,4.7
ローマンエンプレス,12,0.08333333333333333,0.08333333333333333,0.16666666666666666,0.1,0.0,,0.09090909090909091,0.0,0.1,0.0,6.416666666666667
ローマンクィーン,5,0.0,0.0,0.0,0.0,,,0.0,,0.0,,13.0
ローランシノワーズ,9,0.0,0.0,0.0,,0.0,0.0,,,0.0,0.0,6.888888888888889
ローリエ,6,0.0,0.0,0.3333333333333333,0.0,0.0,,0.0,,0.0,,5.833333333333333
ローレルアイ,7,0.0,0.0,0.0,,0.0,,0.0,,0.0,0.0,10.714285714285714
ローレルオードリー,7,0.0,0.42857142857142855,0.42857142857142855,0.0,0.0,,0.0,0.0,0.0,,3.4285714285714284
ワイ,10,0.0,0.1,0.2,0.0,,,0.0,,0.0,,6.0
ワイオラ,7,0.14285714285714285,0.14285714285714285,0.2857142857142857,0.0,0.16666666666666666,0.14285714285714285,,,0.0,0.0,5.571428571428571
ワイキューブ,13,0.23076923076923078,0.23076923076923078,0.23076923076923078,,0.23076923076923078,0.2,0.3333333333333333,,0.2857142857142857,0.3333333333333333,7.076923076923077
ワイドロータス,9,0.0,0.1111111111111111,0.3333333333333333,0.0,,,0.0,,0.0,0.0,8.11111111111111
ワイメアビーチ,11,0.18181818181818182,0.6363636363636364,0.6363636363636364,,0.18181818181818182,,0.18181818181818182,,0.3333333333333333,0.0,3.6363636363636362
ワイルドアフリカ,7,0.0,0.2857142857142857,0.5714285714285714,0.0,,,,0.0,0.0,0.0,4.0
ワイルドウインド,7,0.14285714285714285,0.42857142857142855,0.7142857142857143,0.2,0.0,,0.0,0.3333333333333333,0.0,0.5,3.0
ワイルドゲッツ,8,0.25,0.25,0.25,0.0,0.4,,0.3333333333333333,0.0,0.0,1.0,8.0
ワイルドココ,18,0.05555555555555555,0.2222222222222222,0.2777777777777778,0.06666666666666667,0.0,0.0,0.1111111111111111,,0.0,0.0,7.166666666666667
ワイルドシンガー,7,0.2857142857142857,0.2857142857142857,0.2857142857142857,,0.2857142857142857,0.4,0.0,,0.25,0.0,8.857142857142858
ワイルドポポ,7,0.0,0.0,0.14285714285714285,0.0,0.0,,0.0,0.0,0.0,0.0,10.571428571428571
ワイルドラズベリー,11,0.18181818181818182,0.2727272727272727,0.2727272727272727,0.3333333333333333,0.0,0.0,0.4,,0.2,,8.272727272727273
ワインレッド,10,0.1,0.1,0.3,,0.1,0.2,0.0,,0.14285714285714285,0.0,9.2
ワカサイティング,5,0.0,0.0,0.0,,0.0,0.0,0.0,,0.0,0.0,10.8
ワスレナグサ,13,0.07692307692307693,0.6153846153846154,0.6923076923076923,0.0,0.08333333333333333,,0.09090909090909091,0.0,0.125,0.0,3.076923076923077
ワタシマッテルワ,10,0.3,0.4,0.4,0.375,0.0,0.0,0.0,0.42857142857142855,0.16666666666666666,0.3333333333333333,6.1
ワッツダチャンセズ,5,0.2,0.2,0.2,0.2,,,0.25,0.0,0.2,,8.6
ワディ,5,0.4,0.6,0.6,,0.4,0.5,0.0,,0.3333333333333333,,3.2
ワナダンス,10,0.0,0.1,0.1,0.0,0.0,0.0,0.0,0.0,0.0,0.0,10.6
ワレンダラッド,9,0.0,0.1111111111111111,0.1111111111111111,,0.0,0.0,0.0,,0.0,0.0,9.444444444444445
ワンサイドゲーム,11,0.09090909090909091,0.09090909090909091,0.09090909090909091,0.0,0.1,,0.0,0.25,0.0,0.0,7.545454545454546
ワンダーセーハ,9,0.0,0.0,0.0,,0.0,0.0,,0.0,0.0,0.0,11.222222222222221
ワンダーテルヌーラ,6,0.3333333333333333,0.5,0.5,,0.3333333333333333,0.5,0.0,,0.5,0.3333333333333333,5.0
ワンダービーナス,5,0.4,0.4,0.6,,0.4,0.4,,,0.6666666666666666,,3.4
ワンダーフウラン,5,0.0,0.0,0.0,0.0,0.0,0.0,0.0,,0.0,0.0,9.8
ワンダープリンセス,11,0.09090909090909091,0.18181818181818182,0.18181818181818182,,0.09090909090909091,,0.0,0.3333333333333333,0.0,0.5,6.818181818181818
ワンダーマッスル,9,0.0,0.0,0.1111111111111111,0.0,0.0,,0.0,0.0,0.0,0.0,8.333333333333334
ワンモアグリッター,7,0.0,0.0,0.14285714285714285,0.0,0.0,0.0,,,0.0,0.0,7.428571428571429
ワンモアミイチュー,9,0.1111111111111111,0.1111111111111111,0.1111111111111111,0.0,0.125,0.0,0.25,,0.2,0.0,8.11111111111111
ヴァイオレットラブ,6,0.0,0.0,0.0,0.0,0.0,0.0,0.0,0.0,0.0,,11.0
ヴァイスハイト,11,0.0,0.09090909090909091,0.36363636363636365,0.0,0.0,0.0,0.0,0.0,0.0,,8.272727272727273
ヴァイセフラウ,12,0.08333333333333333,0.25,0.4166666666666667,0.125,0.0,,0.08333333333333333,,0.14285714285714285,0.0,7.25
ヴァインドレッサー,6,0.0,0.0,0.0,0.0,0.0,,0.0,0.0,0.0,0.0,6.833333333333333
ヴァゼム,5,0.2,0.6,0.6,,0.2,,0.25,0.0,0.0,1.0,6.4
ヴァップ,26,0.0,0.038461538461538464,0.07692307692307693,0.0,0.0,0.0,0.0,,0.0,0.0,7.730769230769231
ヴァリアントレディ,5,0.0,0.0,0.0,0.0,0.0,0.0,0.0,,0.0,0.0,11.6
ヴァリディオル,9,0.4444444444444444,0.4444444444444444,0.6666666666666666,0.4444444444444444,,,0.4444444444444444,,0.25,0.0,2.6666666666666665
ヴァルネリーナ,9,0.1111111111111111,0.1111111111111111,0.1111111111111111,0.14285714285714285,0.0,,0.1111111111111111,,0.125,0.0,11.11111111111111
ヴァルパライソ,5,0.2,0.2,0.2,,0.2,,0.25,0.0,0.0,0.0,8.2
ヴァルホーリング,7,0.14285714285714285,0.14285714285714285,0.14285714285714285,0.16666666666666666,0.0,,0.14285714285714285,,0.14285714285714285,,6.285714285714286
ヴァレッタ,17,0.0,0.0,0.0,0.0,0.0,0.0,0.0,0.0,0.0,,10.705882352941176
ヴィアンローズ,11,0.09090909090909091,0.09090909090909091,0.09090909090909091,0.1,0.0,0.0,0.125,,0.14285714285714285,0.0,7.636363636363637
ヴィクトリーマーチ,9,0.3333333333333333,0.3333333333333333,0.3333333333333333,0.4,0.25,0.42857142857142855,0.0,,0.4,1.0,6.0
ヴィクトワール,11,0.0,0.09090909090909091,0.09090909090909091,0.0,0.0,0.0,0.0,,0.0,0.0,8.090909090909092
ヴィトンクイーン,12,0.08333333333333333,0.25,0.25,0.0,0.09090909090909091,0.0,0.3333333333333333,,0.16666666666666666,0.0,6.333333333333333
ヴィヤダーナ,8,0.0,0.0,0.125,0.0,0.0,0.0,0.0,0.0,0.0,,8.625
ヴィラ,7,0.0,0.0,0.0,0.0,,0.0,0.0,,0.0,,7.857142857142857
ヴィルシーナ,14,0.07142857142857142,0.14285714285714285,0.2857142857142857,0.07692307692307693,0.0,0.0,0.08333333333333333,0.0,0.1111111111111111,0.0,7.642857142857143
ヴィルジニア,9,0.2222222222222222,0.3333333333333333,0.4444444444444444,0.125,1.0,0.0,0.2857142857142857,,0.16666666666666666,1.0,7.777777777777778
ヴィヴァシャスヴィヴィアン,9,0.1111111111111111,0.2222222222222222,0.2222222222222222,0.1111111111111111,,,0.1111111111111111,,0.16666666666666666,,10.11111111111111
ヴィヴィッドカラー,9,0.0,0.0,0.0,0.0,0.0,0.0,0.0,,0.0,0.0,10.11111111111111
ヴィートマルシェ,5,0.2,0.2,0.4,0.2,,0.0,0.3333333333333333,,0.0,0.0,7.0
ヴィーヴル,8,0.0,0.0,0.0,0.0,0.0,0.0,0.0,,0.0,,6.625
ヴイプラド,6,0.0,0.0,0.0,,0.0,0.0,0.0,,0.0,0.0,9.0
ヴェアリアスローズ,9,0.0,0.0,0.1111111111111111,0.0,0.0,0.0,0.0,0.0,0.0,0.0,10.444444444444445
ヴェイパー,12,0.0,0.3333333333333333,0.3333333333333333,0.0,0.0,0.0,0.0,,0.0,0.0,7.5
ヴェイルドクリス,9,0.1111111111111111,0.1111111111111111,0.1111111111111111,0.0,0.125,0.0,0.2,0.0,0.14285714285714285,,7.222222222222222
ヴェスタ,7,0.14285714285714285,0.2857142857142857,0.42857142857142855,,0.14285714285714285,0.14285714285714285,,,0.0,0.5,4.285714285714286
ヴェラブランカ,14,0.14285714285714285,0.2857142857142857,0.5714285714285714,0.2,0.1111111111111111,0.0,0.16666666666666666,0.16666666666666666,0.1,0.0,4.428571428571429
ヴェリタスマリコ,8,0.25,0.25,0.5,,0.25,0.0,0.2857142857142857,,0.2,,3.875
ヴェルザンディ,13,0.07692307692307693,0.15384615384615385,0.3076923076923077,0.1,0.0,0.25,0.0,0.0,0.1,,7.538461538461538
ヴェルダ,5,0.4,0.4,0.6,0.6666666666666666,0.0,,0.4,,0.3333333333333333,,6.6
ヴェルヴェットクイーン,7,0.2857142857142857,0.5714285714285714,0.5714285714285714,0.3333333333333333,0.0,,0.0,0.3333333333333333,0.3333333333333333,0.0,3.2857142857142856
ヴェントス,10,0.0,0.1,0.1,0.0,0.0,0.0,0.0,,0.0,0.0,7.4
ヴォーグジャック,8,0.0,0.0,0.125,,0.0,0.0,0.0,,0.0,0.0,5.25
ヴンダーゾンネ,14,0.0,0.0,0.07142857142857142,0.0,0.0,0.0,0.0,0.0,0.0,0.0,8.5
