種牡馬名,父_産駒数,父_勝率,父_連対率,父_複勝率,父_芝勝率,父_ダート勝率,父_短距離勝率,父_中距離勝率,父_長距離勝率,父_良馬場勝率,父_重馬場勝率,父_平均着順,種別,母父_産駒数,母父_勝率,母父_連対率,母父_複勝率,母父_芝勝率,母父_ダート勝率,母父_短距離勝率,母父_中距離勝率,母父_長距離勝率,母父_良馬場勝率,母父_重馬場勝率,母父_平均着順
Air Force Blue,12.0,0.16666666666666666,0.25,0.3333333333333333,0.0,0.2,0.25,0.0,0.0,0.1111111111111111,,6.833333333333333,父,,,,,,,,,,,,
American Pharoah,49.0,0.1836734693877551,0.22448979591836735,0.2653061224489796,0.14285714285714285,0.2,0.2857142857142857,0.1794871794871795,0.0,0.13157894736842105,0.16666666666666666,7.816326530612245,父,,,,,,,,,,,,
Archarcharch,11.0,0.0,0.09090909090909091,0.18181818181818182,0.0,0.0,0.0,0.0,,0.0,0.0,8.818181818181818,父,,,,,,,,,,,,
Arrogate,7.0,0.14285714285714285,0.14285714285714285,0.14285714285714285,,0.14285714285714285,,0.14285714285714285,,0.0,1.0,8.0,父,,,,,,,,,,,,
Bernardini,12.0,0.16666666666666666,0.3333333333333333,0.3333333333333333,0.0,0.18181818181818182,0.16666666666666666,0.25,0.0,0.0,0.6666666666666666,7.833333333333333,父,,,,,,,,,,,,
Blame,8.0,0.125,0.25,0.25,0.0,0.16666666666666666,0.0,0.2,0.0,0.25,0.0,8.0,父,,,,,,,,,,,,
Candy Ride,7.0,0.0,0.0,0.0,,0.0,0.0,0.0,,0.0,0.0,7.571428571428571,父,,,,,,,,,,,,
Canford Cliffs,5.0,0.0,0.0,0.0,0.0,0.0,,0.0,,0.0,,11.4,父,,,,,,,,,,,,
Carpe Diem,18.0,0.05555555555555555,0.2222222222222222,0.5,0.0,0.0625,0.06666666666666667,0.0,0.0,0.16666666666666666,0.0,5.833333333333333,父,,,,,,,,,,,,
Central Banker,10.0,0.2,0.2,0.2,,0.2,0.2,,,0.16666666666666666,0.0,4.5,父,,,,,,,,,,,,
City Zip,18.0,0.05555555555555555,0.16666666666666666,0.2777777777777778,0.0,0.09090909090909091,0.08333333333333333,0.0,,0.0,0.2,5.944444444444445,父,,,,,,,,,,,,
Constitution,12.0,0.0,0.08333333333333333,0.25,0.0,0.0,0.0,0.0,0.0,0.0,0.0,8.75,父,,,,,,,,,,,,
Curlin,26.0,0.07692307692307693,0.19230769230769232,0.2692307692307692,0.0,0.09090909090909091,0.0,0.09523809523809523,0.0,0.125,0.0,7.461538461538462,父,,,,,,,,,,,,
Dark Angel,23.0,0.17391304347826086,0.21739130434782608,0.30434782608695654,0.21428571428571427,0.1111111111111111,0.08333333333333333,0.2727272727272727,,0.1111111111111111,1.0,7.304347826086956,父,,,,,,,,,,,,
Dawn Approach,6.0,0.0,0.0,0.0,0.0,0.0,0.0,0.0,,0.0,,10.166666666666666,父,,,,,,,,,,,,
Dialed In,5.0,0.0,0.2,0.4,0.0,0.0,0.0,0.0,,0.0,0.0,8.4,父,,,,,,,,,,,,
Distorted Humor,24.0,0.125,0.25,0.375,,0.125,0.07692307692307693,0.18181818181818182,,0.15384615384615385,0.16666666666666666,7.208333333333333,父,,,,,,,,,,,,
Dubawi,13.0,0.23076923076923078,0.46153846153846156,0.46153846153846156,0.18181818181818182,0.5,0.0,0.3,,0.375,,5.615384615384615,父,,,,,,,,,,,,
Dutch Art,5.0,0.2,0.6,0.8,,0.2,0.2,,,0.3333333333333333,0.0,2.4,父,,,,,,,,,,,,
Emcee,9.0,0.2222222222222222,0.3333333333333333,0.4444444444444444,0.0,0.25,0.0,0.3333333333333333,,0.3333333333333333,0.0,5.777777777777778,父,,,,,,,,,,,,
English Channel,11.0,0.0,0.0,0.09090909090909091,0.0,0.0,,0.0,0.0,0.0,0.0,7.636363636363637,父,,,,,,,,,,,,
Exceed And Excel,9.0,0.1111111111111111,0.2222222222222222,0.2222222222222222,0.0,0.125,0.14285714285714285,0.0,,0.2,0.0,7.555555555555555,父,,,,,,,,,,,,
Fastnet Rock,9.0,0.1111111111111111,0.2222222222222222,0.6666666666666666,0.14285714285714285,0.0,0.16666666666666666,0.0,0.0,0.0,1.0,4.888888888888889,父,,,,,,,,,,,,
Fed Biz,6.0,0.0,0.3333333333333333,0.5,,0.0,0.0,,,0.0,,5.833333333333333,父,,,,,,,,,,,,
First Samurai,16.0,0.125,0.25,0.3125,0.0,0.15384615384615385,0.125,,,0.09090909090909091,0.25,5.0,父,,,,,,,,,,,,
Flatter,5.0,0.4,0.4,0.4,,0.4,0.5,0.0,,0.3333333333333333,0.0,7.0,父,,,,,,,,,,,,
Frankel,56.0,0.125,0.21428571428571427,0.32142857142857145,0.10638297872340426,0.2222222222222222,0.125,0.13793103448275862,0.0,0.14285714285714285,0.16666666666666666,6.625,父,,,,,,,,,,,,
Free Eagle,7.0,0.0,0.2857142857142857,0.2857142857142857,,0.0,0.0,0.0,,0.0,0.0,6.857142857142857,父,,,,,,,,,,,,
Frosted,6.0,0.0,0.0,0.0,0.0,0.0,0.0,0.0,,0.0,0.0,12.166666666666666,父,,,,,,,,,,,,
Fusaichi Pegasus,6.0,0.0,0.16666666666666666,0.3333333333333333,,0.0,0.0,,,0.0,0.0,7.833333333333333,父,,,,,,,,,,,,
Ghostzapper,9.0,0.1111111111111111,0.2222222222222222,0.2222222222222222,0.0,0.14285714285714285,0.0,0.0,0.5,0.0,0.0,5.222222222222222,父,,,,,,,,,,,,
Giant's Causeway,19.0,0.15789473684210525,0.21052631578947367,0.2631578947368421,0.16666666666666666,0.15384615384615385,0.0,0.25,0.0,0.1,0.25,6.578947368421052,父,,,,,,,,,,,,
Gleneagles,21.0,0.0,0.09523809523809523,0.23809523809523808,0.0,0.0,0.0,0.0,0.0,0.0,0.0,6.714285714285714,父,,,,,,,,,,,,
Golden Horn,20.0,0.05,0.1,0.2,0.0,0.06666666666666667,0.0,0.0,0.25,0.07142857142857142,0.0,7.5,父,,,,,,,,,,,,
Hard Spun,44.0,0.022727272727272728,0.13636363636363635,0.1590909090909091,0.1,0.0,0.04,0.0,0.0,0.04,0.0,7.681818181818182,父,,,,,,,,,,,,
Havana Gold,5.0,0.4,0.4,0.4,0.4,,,0.4,,0.4,,6.4,父,,,,,,,,,,,,
Haynesfield,9.0,0.0,0.0,0.0,0.0,0.0,0.0,,0.0,0.0,0.0,10.222222222222221,父,,,,,,,,,,,,
I Am Invincible,6.0,0.0,0.0,0.0,0.0,0.0,0.0,0.0,,0.0,,11.166666666666666,父,,,,,,,,,,,,
Iffraaj,9.0,0.0,0.2222222222222222,0.3333333333333333,0.0,0.0,0.0,0.0,,0.0,0.0,6.111111111111111,父,,,,,,,,,,,,
Into Mischief,40.0,0.15,0.25,0.325,0.5,0.13157894736842105,0.09090909090909091,0.14285714285714285,0.5,0.13043478260869565,0.2222222222222222,6.2,父,,,,,,,,,,,,
Invincible Spirit,12.0,0.08333333333333333,0.3333333333333333,0.4166666666666667,0.0,0.2,0.09090909090909091,0.0,,0.0,0.0,6.0,父,,,,,,,,,,,,
Khozan,8.0,0.375,0.375,0.375,,0.375,0.375,,,0.2,1.0,5.0,父,,,,,,,,,,,,
Kingman,17.0,0.17647058823529413,0.29411764705882354,0.4117647058823529,0.21428571428571427,0.0,0.0,0.21428571428571427,,0.15384615384615385,,5.411764705882353,父,,,,,,,,,,,,
Kitten's Joy,27.0,0.14814814814814814,0.2222222222222222,0.2962962962962963,0.2,0.08333333333333333,0.3,0.06666666666666667,0.0,0.13333333333333333,0.3333333333333333,7.148148148148148,父,,,,,,,,,,,,
Le Havre,17.0,0.11764705882352941,0.23529411764705882,0.29411764705882354,0.07692307692307693,0.25,0.0,0.2,,0.0,0.0,6.529411764705882,父,,,,,,,,,,,,
Lemon Drop Kid,15.0,0.26666666666666666,0.26666666666666666,0.26666666666666666,0.0,0.3333333333333333,0.5,0.125,0.0,0.375,0.0,7.8,父,,,,,,,,,,,,
Liam's Map,7.0,0.0,0.14285714285714285,0.2857142857142857,0.0,0.0,0.0,0.0,,0.0,0.0,9.142857142857142,父,,,,,,,,,,,,
Maclean's Music,8.0,0.125,0.125,0.25,0.0,0.16666666666666666,0.14285714285714285,0.0,,0.0,1.0,10.625,父,,,,,,,,,,,,
Magician,6.0,0.0,0.0,0.0,0.0,,0.0,,,0.0,0.0,7.5,父,,,,,,,,,,,,
Malibu Moon,23.0,0.13043478260869565,0.13043478260869565,0.21739130434782608,0.0,0.14285714285714285,0.15789473684210525,0.0,0.0,0.125,0.0,7.913043478260869,父,,,,,,,,,,,,
Medaglia d'Oro,18.0,0.0,0.05555555555555555,0.16666666666666666,0.0,0.0,0.0,0.0,,0.0,0.0,8.055555555555555,父,,,,,,,,,,,,
Midnight Lute,14.0,0.0,0.07142857142857142,0.14285714285714285,0.0,0.0,0.0,0.0,0.0,0.0,0.0,7.928571428571429,父,,,,,,,,,,,,
Mineshaft,10.0,0.1,0.1,0.1,,0.1,0.1111111111111111,0.0,,0.16666666666666666,0.0,8.9,父,,,,,,,,,,,,
More Than Ready,8.0,0.0,0.0,0.25,,0.0,0.0,0.0,0.0,0.0,0.0,7.875,父,,,,,,,,,,,,
Munnings,6.0,0.0,0.0,0.16666666666666666,0.0,0.0,0.0,,0.0,0.0,,7.833333333333333,父,,,,,,,,,,,,
Nathaniel,13.0,0.07692307692307693,0.07692307692307693,0.15384615384615385,0.1,0.0,,0.125,0.0,0.125,0.0,8.461538461538462,父,,,,,,,,,,,,
New Approach,10.0,0.2,0.3,0.3,0.0,0.4,0.4,0.0,0.0,0.14285714285714285,0.0,6.2,父,,,,,,,,,,,,
No Nay Never,12.0,0.0,0.16666666666666666,0.16666666666666666,0.0,0.0,0.0,0.0,0.0,0.0,0.0,9.083333333333334,父,,,,,,,,,,,,
Orb,5.0,0.0,0.0,0.0,0.0,0.0,,0.0,,0.0,,7.6,父,,,,,,,,,,,,
Overanalyze,7.0,0.0,0.0,0.0,0.0,0.0,0.0,,,0.0,0.0,7.428571428571429,父,,,,,,,,,,,,
Pioneerof the Nile,23.0,0.0,0.0,0.043478260869565216,0.0,0.0,0.0,0.0,0.0,0.0,0.0,9.26086956521739,父,,,,,,,,,,,,
Pivotal,10.0,0.0,0.1,0.1,0.0,0.0,0.0,0.0,,0.0,0.0,12.5,父,,,,,,,,,,,,
Point of Entry,20.0,0.2,0.3,0.5,0.2857142857142857,0.0,0.3333333333333333,0.2,0.0,0.08333333333333333,0.3333333333333333,6.4,父,,,,,,,,,,,,
Quality Road,15.0,0.2,0.5333333333333333,0.5333333333333333,,0.2,0.25,0.18181818181818182,,0.3333333333333333,0.0,5.066666666666666,父,,,,,,,,,,,,
Raven's Pass,5.0,0.0,0.0,0.2,0.0,0.0,0.0,0.0,0.0,0.0,,9.0,父,,,,,,,,,,,,
Roman Ruler,8.0,0.0,0.125,0.25,,0.0,0.0,,,0.0,0.0,7.875,父,,,,,,,,,,,,
Runhappy,5.0,0.0,0.0,0.0,0.0,0.0,0.0,0.0,,0.0,0.0,9.4,父,,,,,,,,,,,,
Scat Daddy,6.0,0.0,0.0,0.0,0.0,0.0,0.0,0.0,,0.0,,9.333333333333334,父,,,,,,,,,,,,
Sebring,10.0,0.0,0.1,0.3,0.0,0.0,0.0,0.0,,0.0,0.0,5.2,父,,,,,,,,,,,,
Shackleford,8.0,0.0,0.125,0.125,0.0,0.0,0.0,0.0,,0.0,0.0,9.125,父,,,,,,,,,,,,
Shamardal,17.0,0.058823529411764705,0.11764705882352941,0.11764705882352941,0.09090909090909091,0.0,0.1111111111111111,0.0,,0.09090909090909091,0.0,8.588235294117647,父,,,,,,,,,,,,
Siyouni,15.0,0.0,0.06666666666666667,0.06666666666666667,0.0,0.0,0.0,0.0,0.0,0.0,0.0,8.2,父,,,,,,,,,,,,
Smart Missile,11.0,0.09090909090909091,0.2727272727272727,0.5454545454545454,0.1,0.0,,0.09090909090909091,,0.2,0.0,5.181818181818182,父,,,,,,,,,,,,
Speightstown,63.0,0.1111111111111111,0.3492063492063492,0.38095238095238093,0.0,0.1320754716981132,0.1111111111111111,0.1111111111111111,,0.1,0.09090909090909091,6.777777777777778,父,,,,,,,,,,,,
Street Cry,7.0,0.2857142857142857,0.42857142857142855,0.42857142857142855,,0.2857142857142857,0.25,0.3333333333333333,,0.5,0.0,7.0,父,,,,,,,,,,,,
Super Saver,7.0,0.0,0.0,0.0,0.0,0.0,0.0,0.0,0.0,0.0,0.0,10.0,父,,,,,,,,,,,,
Take Charge Indy,5.0,0.0,0.0,0.0,,0.0,0.0,,,0.0,0.0,10.6,父,,,,,,,,,,,,
Tapit,84.0,0.10714285714285714,0.20238095238095238,0.2619047619047619,0.047619047619047616,0.12698412698412698,0.09090909090909091,0.11320754716981132,0.1111111111111111,0.1111111111111111,0.125,6.738095238095238,父,,,,,,,,,,,,
Tapizar,8.0,0.0,0.0,0.0,,0.0,0.0,0.0,,0.0,0.0,11.125,父,,,,,,,,,,,,
Temple City,7.0,0.14285714285714285,0.2857142857142857,0.42857142857142855,,0.14285714285714285,0.0,0.2,,0.25,,7.428571428571429,父,,,,,,,,,,,,
Teofilo,7.0,0.0,0.0,0.14285714285714285,0.0,,,0.0,0.0,0.0,0.0,7.285714285714286,父,,,,,,,,,,,,
Tonalist,8.0,0.0,0.25,0.375,,0.0,0.0,0.0,0.0,0.0,0.0,7.0,父,,,,,,,,,,,,
Uncle Mo,34.0,0.17647058823529413,0.35294117647058826,0.47058823529411764,0.3333333333333333,0.16129032258064516,0.3333333333333333,0.12,,0.15789473684210525,0.0,6.147058823529412,父,,,,,,,,,,,,
Union Rags,12.0,0.08333333333333333,0.5,0.6666666666666666,,0.08333333333333333,,0.1,0.0,0.125,0.0,3.8333333333333335,父,,,,,,,,,,,,
Verrazano,5.0,0.4,0.4,0.4,,0.4,0.5,0.0,,0.5,0.0,7.2,父,,,,,,,,,,,,
Violence,10.0,0.0,0.0,0.0,0.0,0.0,0.0,0.0,0.0,0.0,0.0,11.0,父,,,,,,,,,,,,
War Command,5.0,0.0,0.0,0.0,0.0,0.0,0.0,0.0,,0.0,0.0,13.6,父,,,,,,,,,,,,
War Front,5.0,0.0,0.0,0.2,0.0,0.0,0.0,0.0,,0.0,0.0,8.2,父,,,,,,,,,,,,
Zoffany,6.0,0.16666666666666666,0.16666666666666666,0.3333333333333333,0.0,0.25,0.0,0.0,0.5,0.2,,6.333333333333333,父,,,,,,,,,,,,
アイルハヴアナザー,458.0,0.07423580786026202,0.13755458515283842,0.17685589519650655,0.058823529411764705,0.0777479892761394,0.057971014492753624,0.08646616541353383,0.05555555555555555,0.06296296296296296,0.09090909090909091,7.799126637554585,父,,,,,,,,,,,,
アグネスデジタル,80.0,0.0,0.0375,0.1125,0.0,0.0,0.0,0.0,0.0,0.0,0.0,9.4375,父,,,,,,,,,,,,
アサクサキングス,57.0,0.03508771929824561,0.17543859649122806,0.22807017543859648,0.0,0.05,0.05263157894736842,0.0,0.08333333333333333,0.027777777777777776,0.0,8.228070175438596,父,,,,,,,,,,,,
アジアエクスプレス,182.0,0.08241758241758242,0.14835164835164835,0.21428571428571427,0.0,0.08571428571428572,0.09836065573770492,0.05263157894736842,0.0,0.07692307692307693,0.10344827586206896,7.945054945054945,父,,,,,,,,,,,,
アスカクリチャン,21.0,0.0,0.09523809523809523,0.09523809523809523,0.0,0.0,0.0,0.0,,0.0,0.0,9.523809523809524,父,,,,,,,,,,,,
アッミラーレ,8.0,0.0,0.0,0.0,0.0,0.0,0.0,0.0,0.0,0.0,,10.5,父,,,,,,,,,,,,
アドマイヤオーラ,13.0,0.0,0.07692307692307693,0.15384615384615385,0.0,0.0,0.0,0.0,,0.0,0.0,8.538461538461538,父,,,,,,,,,,,,
アドマイヤコジーン,24.0,0.0,0.041666666666666664,0.125,0.0,0.0,0.0,0.0,,0.0,0.0,8.791666666666666,父,,,,,,,,,,,,
アドマイヤジャパン,6.0,0.0,0.0,0.16666666666666666,0.0,0.0,0.0,0.0,,0.0,0.0,8.166666666666666,父,,,,,,,,,,,,
アドマイヤマックス,41.0,0.024390243902439025,0.12195121951219512,0.1951219512195122,0.043478260869565216,0.0,0.05555555555555555,0.0,0.0,0.0,0.3333333333333333,8.463414634146341,父,,,,,,,,,,,,
アドマイヤムーン,254.0,0.023622047244094488,0.06692913385826772,0.1220472440944882,0.034482758620689655,0.009174311926605505,0.015748031496062992,0.01904761904761905,0.09090909090909091,0.033783783783783786,0.0,8.82283464566929,父,,,,,,,,,,,,
アニマルキングダム,7.0,0.0,0.14285714285714285,0.14285714285714285,,0.0,0.0,0.0,0.0,0.0,0.0,7.285714285714286,父,,,,,,,,,,,,
アポロキングダム,109.0,0.10091743119266056,0.1834862385321101,0.22935779816513763,0.047619047619047616,0.11363636363636363,0.15,0.0,0.1111111111111111,0.11594202898550725,0.07692307692307693,7.321100917431193,父,,,,,,,,,,,,
アポロソニック,8.0,0.125,0.375,0.625,0.0,0.2,,0.16666666666666666,0.0,0.2,,5.875,父,,,,,,,,,,,,
アメリカンペイトリオット,50.0,0.06,0.16,0.24,0.05263157894736842,0.06451612903225806,0.0,0.07407407407407407,0.2,0.0,0.2857142857142857,8.02,父,,,,,,,,,,,,
アメリカンボス,9.0,0.0,0.1111111111111111,0.1111111111111111,0.0,0.0,,0.0,0.0,0.0,0.0,8.444444444444445,父,,,,,,,,,,,,
アルデバランII,31.0,0.03225806451612903,0.12903225806451613,0.1935483870967742,0.0,0.05,0.0,0.0,0.3333333333333333,0.05555555555555555,0.0,8.96774193548387,父,,,,,,,,,,,,
アロマカフェ,8.0,0.125,0.125,0.125,0.0,0.2,0.25,0.0,,0.16666666666666666,0.0,8.5,父,,,,,,,,,,,,
アンライバルド,99.0,0.04040404040404041,0.09090909090909091,0.13131313131313133,0.03333333333333333,0.043478260869565216,0.03225806451612903,0.06060606060606061,0.0,0.05970149253731343,0.0,9.0,父,,,,,,,,,,,,
アーネストリー,55.0,0.09090909090909091,0.10909090909090909,0.16363636363636364,0.1111111111111111,0.08695652173913043,0.14285714285714285,0.0,0.0,0.125,0.0,8.672727272727272,父,,,,,,,,,,,,
イスラボニータ,45.0,0.022222222222222223,0.08888888888888889,0.17777777777777778,0.03571428571428571,0.0,0.0,0.038461538461538464,0.0,0.02857142857142857,0.0,7.911111111111111,父,,,,,,,,,,,,
ウィルテイクチャージ,15.0,0.2,0.4666666666666667,0.6,0.0,0.21428571428571427,0.5,0.16666666666666666,0.0,0.08333333333333333,0.5,4.133333333333334,父,,,,,,,,,,,,
ウインバリアシオン,43.0,0.023255813953488372,0.09302325581395349,0.20930232558139536,0.0,0.04,0.0,0.03333333333333333,0.0,0.0,0.0,8.55813953488372,父,,,,,,,,,,,,
ウォーターリーグ,5.0,0.0,0.2,0.6,,0.0,0.0,0.0,,0.0,0.0,3.8,父,,,,,,,,,,,,
エイシンアポロン,11.0,0.18181818181818182,0.18181818181818182,0.18181818181818182,0.0,0.2222222222222222,0.2857142857142857,0.0,,0.0,0.5,8.363636363636363,父,,,,,,,,,,,,
エイシンヒカリ,88.0,0.045454545454545456,0.13636363636363635,0.22727272727272727,0.047619047619047616,0.043478260869565216,0.06666666666666667,0.02631578947368421,0.0,0.05,0.0,7.443181818181818,父,,,,,,,,,,,,
エイシンフラッシュ,630.0,0.049206349206349205,0.11587301587301588,0.1619047619047619,0.04833836858006042,0.05016722408026756,0.07511737089201878,0.03363914373088685,0.044444444444444446,0.041666666666666664,0.0660377358490566,7.907936507936508,父,,,,,,,,,,,,
エスケンデレヤ,218.0,0.07339449541284404,0.16972477064220184,0.2018348623853211,0.0,0.08333333333333333,0.04,0.0851063829787234,0.07407407407407407,0.06474820143884892,0.030303030303030304,7.853211009174312,父,,,,,,,,,,,,
エスポワールシチー,189.0,0.07407407407407407,0.1111111111111111,0.18518518518518517,0.06666666666666667,0.07471264367816093,0.07446808510638298,0.07526881720430108,0.0,0.08181818181818182,0.06060606060606061,8.476190476190476,父,,,,,,,,,,,,
エピファネイア,744.0,0.05510752688172043,0.14919354838709678,0.23387096774193547,0.064030131826742,0.03286384976525822,0.01875,0.06490872210953347,0.06593406593406594,0.055984555984555984,0.057692307692307696,7.560483870967742,父,,,,,,,,,,,,
エンパイアメーカー,141.0,0.09219858156028368,0.1773049645390071,0.24113475177304963,0.041666666666666664,0.10256410256410256,0.16071428571428573,0.06060606060606061,0.0,0.06666666666666667,0.10256410256410256,7.120567375886525,父,,,,,,,,,,,,
エーシンフォワード,6.0,0.0,0.0,0.16666666666666666,,0.0,0.0,,,0.0,0.0,7.666666666666667,父,,,,,,,,,,,,
オウケンブルースリ,19.0,0.0,0.0,0.05263157894736842,0.0,0.0,0.0,0.0,0.0,0.0,0.0,9.842105263157896,父,,,,,,,,,,,,
オルフェーヴル,876.0,0.07990867579908675,0.14726027397260275,0.2317351598173516,0.08668076109936575,0.07196029776674938,0.09693877551020408,0.06581740976645435,0.09569377990430622,0.08348457350272233,0.055900621118012424,7.487442922374429,父,,,,,,,,,,,,
オレハマッテルゼ,11.0,0.0,0.0,0.0,0.0,0.0,0.0,,,0.0,0.0,12.0,父,,,,,,,,,,,,
オンファイア,28.0,0.07142857142857142,0.14285714285714285,0.17857142857142858,0.0,0.08333333333333333,0.0,0.08333333333333333,0.0,0.125,0.0,8.928571428571429,父,,,,,,,,,,,,
オーシャンブルー,29.0,0.034482758620689655,0.034482758620689655,0.06896551724137931,0.07692307692307693,0.0,0.0,0.0,0.125,0.0,0.0,8.068965517241379,父,,,,,,,,,,,,
オールステイ,9.0,0.3333333333333333,0.4444444444444444,0.6666666666666666,,0.3333333333333333,,0.0,0.42857142857142855,0.4,0.0,4.888888888888889,父,,,,,,,,,,,,
カジノドライヴ,205.0,0.05853658536585366,0.1073170731707317,0.18048780487804877,0.0,0.06091370558375635,0.06172839506172839,0.06140350877192982,0.0,0.06140350877192982,0.09302325581395349,8.385365853658536,父,,,,,,,,,,,,
カネヒキリ,99.0,0.030303030303030304,0.08080808080808081,0.1717171717171717,0.0,0.03409090909090909,0.023809523809523808,0.0425531914893617,0.0,0.03333333333333333,0.047619047619047616,8.090909090909092,父,,,,,,,,,,,,
カリズマティック,7.0,0.0,0.0,0.0,,0.0,,0.0,0.0,0.0,0.0,8.857142857142858,父,,,,,,,,,,,,
カレンブラックヒル,260.0,0.07692307692307693,0.14615384615384616,0.21153846153846154,0.03076923076923077,0.09230769230769231,0.06666666666666667,0.08653846153846154,0.16666666666666666,0.07006369426751592,0.041666666666666664,7.688461538461539,父,,,,,,,,,,,,
カンパニー,14.0,0.0,0.07142857142857142,0.14285714285714285,0.0,0.0,0.0,0.0,0.0,0.0,0.0,5.285714285714286,父,,,,,,,,,,,,
ガルボ,15.0,0.13333333333333333,0.2,0.4,0.0,0.18181818181818182,0.0,0.2222222222222222,0.0,0.14285714285714285,0.3333333333333333,6.733333333333333,父,,,,,,,,,,,,
キズナ,906.0,0.09933774834437085,0.18984547461368653,0.2726269315673289,0.1072961373390558,0.09090909090909091,0.06302521008403361,0.10460992907801418,0.15384615384615385,0.1040268456375839,0.13846153846153847,6.948123620309051,父,,,,,,,,,,,,
キタサンブラック,40.0,0.225,0.25,0.325,0.24242424242424243,0.14285714285714285,0.5,0.1724137931034483,0.2857142857142857,0.25925925925925924,0.2,6.85,父,,,,,,,,,,,,
キモンノカシワ,8.0,0.0,0.375,0.375,,0.0,,0.0,0.0,0.0,0.0,6.125,父,,,,,,,,,,,,
キャプテントゥーレ,39.0,0.02564102564102564,0.02564102564102564,0.10256410256410256,0.0,0.02631578947368421,0.037037037037037035,0.0,0.0,0.04,0.0,9.846153846153847,父,,,,,,,,,,,,
キングカメハメハ,876.0,0.10273972602739725,0.20319634703196346,0.273972602739726,0.11699779249448124,0.08747044917257683,0.06779661016949153,0.10695187165775401,0.1116751269035533,0.0867992766726944,0.13043478260869565,6.787671232876712,父,,,,,,,,,,,,
キングズベスト,172.0,0.0755813953488372,0.11046511627906977,0.1569767441860465,0.10344827586206896,0.047058823529411764,0.05333333333333334,0.10112359550561797,0.0,0.06930693069306931,0.09090909090909091,8.901162790697674,父,,,,,,,,,,,,
キングヘイロー,129.0,0.031007751937984496,0.09302325581395349,0.17054263565891473,0.024390243902439025,0.03409090909090909,0.0,0.0392156862745098,0.08695652173913043,0.02531645569620253,0.045454545454545456,9.527131782945736,父,,,,,,,,,,,,
キンシャサノキセキ,709.0,0.06629055007052186,0.14527503526093088,0.21861777150916784,0.07177033492822966,0.064,0.0598669623059867,0.060085836909871244,0.24,0.06787330316742081,0.047619047619047616,7.107193229901269,父,,,,,,,,,,,,
クリエイターII,113.0,0.04424778761061947,0.10619469026548672,0.1504424778761062,0.0,0.04807692307692308,0.06666666666666667,0.04819277108433735,0.0,0.028985507246376812,0.11538461538461539,8.442477876106194,父,,,,,,,,,,,,
クリストワイニング,6.0,0.16666666666666666,0.16666666666666666,0.3333333333333333,0.16666666666666666,,0.0,0.25,,0.25,0.0,6.5,父,,,,,,,,,,,,
クリーンエコロジー,14.0,0.0,0.0,0.0,0.0,0.0,0.0,,,0.0,0.0,11.357142857142858,父,,,,,,,,,,,,
クレスコグランド,8.0,0.125,0.125,0.125,0.0,0.16666666666666666,0.0,0.25,0.0,0.14285714285714285,,7.5,父,,,,,,,,,,,,
クロフネ,490.0,0.07959183673469387,0.13877551020408163,0.20408163265306123,0.0603448275862069,0.0855614973262032,0.08074534161490683,0.07913669064748201,0.0784313725490196,0.09090909090909091,0.05434782608695652,7.814285714285714,父,,,,,,,,,,,,
グラスワンダー,94.0,0.010638297872340425,0.0425531914893617,0.06382978723404255,0.0,0.02040816326530612,0.025,0.0,0.0,0.01639344262295082,0.0,9.191489361702128,父,,,,,,,,,,,,
グランデッツァ,14.0,0.07142857142857142,0.07142857142857142,0.14285714285714285,0.0,0.1,0.125,0.0,,0.2,0.0,10.357142857142858,父,,,,,,,,,,,,
グランプリボス,163.0,0.04294478527607362,0.12269938650306748,0.17791411042944785,0.0,0.05343511450381679,0.0449438202247191,0.047619047619047616,0.0,0.030612244897959183,0.08571428571428572,8.478527607361963,父,,,,,,,,,,,,
グロリアスノア,7.0,0.0,0.0,0.0,0.0,0.0,,0.0,,0.0,0.0,7.0,父,,,,,,,,,,,,
ケイムホーム,42.0,0.023809523809523808,0.047619047619047616,0.047619047619047616,0.0,0.025,0.03225806451612903,0.0,0.0,0.037037037037037035,0.0,10.30952380952381,父,,,,,,,,,,,,
ケープブランコ,112.0,0.044642857142857144,0.08928571428571429,0.125,0.0392156862745098,0.04918032786885246,0.06451612903225806,0.031746031746031744,0.05555555555555555,0.07575757575757576,0.0,8.767857142857142,父,,,,,,,,,,,,
コパノリチャード,15.0,0.0,0.0,0.0,,0.0,0.0,0.0,,0.0,0.0,11.066666666666666,父,,,,,,,,,,,,
コパノリッキー,81.0,0.037037037037037035,0.07407407407407407,0.18518518518518517,0.0,0.03896103896103896,0.04,0.019230769230769232,0.25,0.07142857142857142,0.0,8.074074074074074,父,,,,,,,,,,,,
コンデュイット,20.0,0.0,0.05,0.05,0.0,,0.0,0.0,0.0,0.0,0.0,8.85,父,,,,,,,,,,,,
ゴスホークケン,12.0,0.0,0.08333333333333333,0.08333333333333333,0.0,0.0,0.0,0.0,,0.0,0.0,9.5,父,,,,,,,,,,,,
ゴールドアリュール,555.0,0.08468468468468468,0.14954954954954955,0.24684684684684685,0.06,0.08712871287128712,0.08363636363636363,0.08333333333333333,0.1,0.08496732026143791,0.075,7.718918918918919,父,,,,,,,,,,,,
ゴールドシップ,443.0,0.056433408577878104,0.16478555304740405,0.2686230248306998,0.062162162162162166,0.0273972602739726,0.10714285714285714,0.05,0.05806451612903226,0.052980132450331126,0.029411764705882353,7.045146726862303,父,,,,,,,,,,,,
ゴールドヘイロー,30.0,0.0,0.1,0.3,0.0,0.0,0.0,0.0,,0.0,0.0,7.2,父,,,,,,,,,,,,
サウスヴィグラス,410.0,0.07560975609756097,0.17073170731707318,0.22926829268292684,0.125,0.07462686567164178,0.08450704225352113,0.0,0.2,0.07727272727272727,0.07446808510638298,8.173170731707318,父,,,,,,,,,,,,
サウンドボルケーノ,8.0,0.0,0.125,0.125,0.0,0.0,0.0,0.0,,0.0,,12.25,父,,,,,,,,,,,,
サクラオリオン,9.0,0.0,0.0,0.0,0.0,0.0,0.0,0.0,,0.0,0.0,10.222222222222221,父,,,,,,,,,,,,
サクラオールイン,10.0,0.0,0.0,0.0,0.0,0.0,0.0,0.0,,0.0,,7.3,父,,,,,,,,,,,,
サクラバクシンオー,8.0,0.0,0.0,0.0,0.0,0.0,0.0,,,0.0,,11.25,父,,,,,,,,,,,,
サクラプレジデント,13.0,0.07692307692307693,0.15384615384615385,0.15384615384615385,0.14285714285714285,0.0,0.0,0.1111111111111111,0.0,0.0,0.0,7.3076923076923075,父,,,,,,,,,,,,
サトノアラジン,37.0,0.10810810810810811,0.10810810810810811,0.24324324324324326,0.13636363636363635,0.06666666666666667,0.21428571428571427,0.05263157894736842,0.0,0.1111111111111111,0.0,7.027027027027027,父,,,,,,,,,,,,
サマーバード,40.0,0.075,0.125,0.2,0.0,0.08823529411764706,0.13333333333333333,0.0,0.1,0.045454545454545456,0.1,7.05,父,,,,,,,,,,,,
サムライハート,76.0,0.039473684210526314,0.11842105263157894,0.21052631578947367,0.0,0.057692307692307696,0.05555555555555555,0.043478260869565216,0.0,0.023255813953488372,0.0,8.0,父,,,,,,,,,,,,
サンカルロ,6.0,0.0,0.0,0.0,0.0,0.0,0.0,0.0,,0.0,,8.666666666666666,父,,,,,,,,,,,,
サンライズペガサス,12.0,0.0,0.16666666666666666,0.25,,0.0,0.0,0.0,,0.0,0.0,7.416666666666667,父,,,,,,,,,,,,
ザサンデーフサイチ,26.0,0.038461538461538464,0.07692307692307693,0.07692307692307693,0.05555555555555555,0.0,0.0,0.05555555555555555,0.0,0.047619047619047616,0.0,8.23076923076923,父,,,,,,,,,,,,
ザファクター,86.0,0.03488372093023256,0.08139534883720931,0.11627906976744186,0.03225806451612903,0.03636363636363636,0.017241379310344827,0.07142857142857142,,0.0392156862745098,0.0,7.988372093023256,父,,,,,,,,,,,,
シニスターミニスター,415.0,0.08674698795180723,0.15421686746987953,0.2289156626506024,0.0,0.08933002481389578,0.09223300970873786,0.08064516129032258,0.08695652173913043,0.0847457627118644,0.06862745098039216,7.7373493975903616,父,,,,,,,,,,,,
シビルウォー,51.0,0.0196078431372549,0.0196078431372549,0.058823529411764705,0.0,0.020833333333333332,0.0,0.045454545454545456,0.0,0.037037037037037035,0.0,10.509803921568627,父,,,,,,,,,,,,
シャンハイボビー,11.0,0.0,0.2727272727272727,0.2727272727272727,0.0,0.0,0.0,0.0,,0.0,,6.636363636363637,父,,,,,,,,,,,,
ショウナンカンプ,45.0,0.022222222222222223,0.044444444444444446,0.06666666666666667,0.0,0.037037037037037035,0.0,0.2,0.0,0.03125,0.0,10.644444444444444,父,,,,,,,,,,,,
シルバーステート,74.0,0.06756756756756757,0.13513513513513514,0.20270270270270271,0.05454545454545454,0.10526315789473684,0.0967741935483871,0.05,0.0,0.05660377358490566,0.09090909090909091,7.945945945945946,父,,,,,,,,,,,,
シルバーチャーム,5.0,0.0,0.2,0.2,0.0,0.0,,0.0,0.0,0.0,,5.8,父,,,,,,,,,,,,
シルポート,31.0,0.0,0.0967741935483871,0.1935483870967742,0.0,0.0,0.0,0.0,0.0,0.0,0.0,7.709677419354839,父,,,,,,,,,,,,
シングンオペラ,18.0,0.0,0.05555555555555555,0.1111111111111111,0.0,0.0,0.0,0.0,0.0,0.0,0.0,9.722222222222221,父,,,,,,,,,,,,
シンボリクリスエス,188.0,0.03723404255319149,0.07446808510638298,0.1702127659574468,0.019230769230769232,0.04411764705882353,0.05128205128205128,0.03389830508474576,0.03225806451612903,0.028037383177570093,0.06818181818181818,8.547872340425531,父,,,,,,,,,,,,
ジャスタウェイ,493.0,0.07099391480730223,0.12778904665314403,0.19066937119675456,0.056,0.08641975308641975,0.06666666666666667,0.05536332179930796,0.13095238095238096,0.07,0.060240963855421686,8.0973630831643,父,,,,,,,,,,,,
ジャングルポケット,251.0,0.03187250996015936,0.0796812749003984,0.10756972111553785,0.0457516339869281,0.01020408163265306,0.03389830508474576,0.022900763358778626,0.04918032786885246,0.024691358024691357,0.046511627906976744,9.314741035856574,父,,,,,,,,,,,,
ジョーカプチーノ,165.0,0.06060606060606061,0.12727272727272726,0.21818181818181817,0.017241379310344827,0.08411214953271028,0.05747126436781609,0.056338028169014086,0.14285714285714285,0.045871559633027525,0.12121212121212122,7.927272727272728,父,,,,,,,,,,,,
スウィフトカレント,5.0,0.0,0.0,0.0,0.0,0.0,,0.0,,0.0,,9.8,父,,,,,,,,,,,,
スウェプトオーヴァーボード,244.0,0.028688524590163935,0.07377049180327869,0.12704918032786885,0.022222222222222223,0.03015075376884422,0.027777777777777776,0.034482758620689655,0.0,0.028169014084507043,0.019230769230769232,8.594262295081966,父,,,,,,,,,,,,
スクリーンヒーロー,570.0,0.08771929824561403,0.1631578947368421,0.24912280701754386,0.09841269841269841,0.07450980392156863,0.07216494845360824,0.09446254071661238,0.10144927536231885,0.08174386920980926,0.06382978723404255,7.371929824561404,父,,,,,,,,,,,,
スクワートルスクワート,11.0,0.09090909090909091,0.09090909090909091,0.18181818181818182,0.5,0.0,0.1,0.0,,0.0,0.0,8.0,父,,,,,,,,,,,,
スズカコーズウェイ,104.0,0.08653846153846154,0.15384615384615385,0.20192307692307693,0.0,0.09090909090909091,0.1,0.047619047619047616,0.0,0.11267605633802817,0.125,7.894230769230769,父,,,,,,,,,,,,
スズカフェニックス,44.0,0.06818181818181818,0.1590909090909091,0.25,0.08695652173913043,0.047619047619047616,0.14285714285714285,0.04,0.0,0.07407407407407407,0.2,7.818181818181818,父,,,,,,,,,,,,
スズカマンボ,39.0,0.07692307692307693,0.1282051282051282,0.23076923076923078,0.15789473684210525,0.0,0.0,0.0,0.2727272727272727,0.07692307692307693,0.0,7.641025641025641,父,,,,,,,,,,,,
スタチューオブリバティ,22.0,0.0,0.045454545454545456,0.09090909090909091,0.0,0.0,0.0,0.0,,0.0,0.0,7.681818181818182,父,,,,,,,,,,,,
スターリングローズ,12.0,0.0,0.08333333333333333,0.25,0.0,0.0,0.0,0.0,0.0,0.0,0.0,8.25,父,,,,,,,,,,,,
ステイゴールド,209.0,0.05263157894736842,0.14832535885167464,0.21052631578947367,0.03870967741935484,0.09259259259259259,0.05,0.0673076923076923,0.03529411764705882,0.05303030303030303,0.034482758620689655,7.626794258373206,父,,,,,,,,,,,,
ストリートセンス,35.0,0.02857142857142857,0.08571428571428572,0.2,0.0,0.034482758620689655,0.0625,0.0,0.0,0.0,0.1111111111111111,7.942857142857143,父,,,,,,,,,,,,
ストロングリターン,261.0,0.019157088122605363,0.08045977011494253,0.12260536398467432,0.012987012987012988,0.021739130434782608,0.02727272727272727,0.014492753623188406,0.0,0.017857142857142856,0.02702702702702703,8.455938697318008,父,,,,,,,,,,,,
ストーミングホーム,56.0,0.03571428571428571,0.05357142857142857,0.08928571428571429,0.058823529411764705,0.02564102564102564,0.05555555555555555,0.027777777777777776,0.0,0.05714285714285714,0.0,7.803571428571429,父,,,,,,,,,,,,
スニッツェル,6.0,0.16666666666666666,0.3333333333333333,0.6666666666666666,0.16666666666666666,,,0.16666666666666666,,0.2,,4.0,父,,,,,,,,,,,,
スパイキュール,12.0,0.0,0.0,0.0,0.0,0.0,0.0,0.0,0.0,0.0,0.0,9.75,父,,,,,,,,,,,,
スピルバーグ,176.0,0.056818181818181816,0.125,0.23295454545454544,0.06818181818181818,0.045454545454545456,0.0,0.08264462809917356,0.0,0.061946902654867256,0.03333333333333333,8.034090909090908,父,,,,,,,,,,,,
スペシャルウィーク,21.0,0.09523809523809523,0.14285714285714285,0.19047619047619047,0.18181818181818182,0.0,0.0,0.1,0.2,0.0,0.0,8.904761904761905,父,,,,,,,,,,,,
スマートファルコン,267.0,0.04868913857677903,0.09363295880149813,0.1760299625468165,0.0,0.05058365758754864,0.06923076923076923,0.03125,0.0,0.057971014492753624,0.04477611940298507,8.46816479400749,父,,,,,,,,,,,,
ゼンノロブロイ,181.0,0.03867403314917127,0.09392265193370165,0.143646408839779,0.058823529411764705,0.020833333333333332,0.02564102564102564,0.038834951456310676,0.05128205128205128,0.027522935779816515,0.05263157894736842,9.005524861878452,父,,,,,,,,,,,,
ソングオブウインド,11.0,0.09090909090909091,0.09090909090909091,0.09090909090909091,0.0,0.125,0.16666666666666666,0.0,0.0,0.0,0.0,9.090909090909092,父,,,,,,,,,,,,
タイキシャトル,101.0,0.009900990099009901,0.07920792079207921,0.10891089108910891,0.018518518518518517,0.0,0.0,0.037037037037037035,0.0,0.0,0.07692307692307693,9.277227722772277,父,,,,,,,,,,,,
タイセイレジェンド,31.0,0.0967741935483871,0.16129032258064516,0.25806451612903225,0.0,0.10714285714285714,0.06666666666666667,0.13333333333333333,0.0,0.08695652173913043,0.16666666666666666,8.451612903225806,父,,,,,,,,,,,,
タイムパラドックス,122.0,0.03278688524590164,0.08196721311475409,0.12295081967213115,0.0,0.03636363636363636,0.02857142857142857,0.014285714285714285,0.11764705882352941,0.05555555555555555,0.0,8.204918032786885,父,,,,,,,,,,,,
タガノロックオン,6.0,0.0,0.0,0.3333333333333333,,0.0,0.0,0.0,,0.0,0.0,7.666666666666667,父,,,,,,,,,,,,
タニノギムレット,110.0,0.01818181818181818,0.07272727272727272,0.09090909090909091,0.016666666666666666,0.02,0.022727272727272728,0.0,0.09090909090909091,0.0136986301369863,0.0,9.227272727272727,父,,,,,,,,,,,,
タートルボウル,222.0,0.07657657657657657,0.12612612612612611,0.1891891891891892,0.08955223880597014,0.07096774193548387,0.015873015873015872,0.09774436090225563,0.11538461538461539,0.07801418439716312,0.11428571428571428,7.86936936936937,父,,,,,,,,,,,,
ダイシンオレンジ,5.0,0.2,0.4,0.6,0.0,0.25,0.25,0.0,,0.0,,4.4,父,,,,,,,,,,,,
ダイワメジャー,826.0,0.07627118644067797,0.1585956416464891,0.21428571428571427,0.07641921397379912,0.07608695652173914,0.0893371757925072,0.06218905472636816,0.09090909090909091,0.06628787878787878,0.10416666666666667,7.694915254237288,父,,,,,,,,,,,,
ダノンシャンティ,192.0,0.015625,0.07291666666666667,0.16145833333333334,0.023529411764705882,0.009345794392523364,0.010752688172043012,0.02247191011235955,0.0,0.01639344262295082,0.027777777777777776,8.354166666666666,父,,,,,,,,,,,,
ダノンシャーク,24.0,0.0,0.041666666666666664,0.041666666666666664,0.0,0.0,0.0,0.0,,0.0,0.0,9.958333333333334,父,,,,,,,,,,,,
ダノンバラード,32.0,0.0625,0.15625,0.25,0.0,0.4,0.0,0.09523809523809523,0.0,0.08,0.0,6.9375,父,,,,,,,,,,,,
ダノンレジェンド,102.0,0.049019607843137254,0.08823529411764706,0.1568627450980392,0.0,0.06578947368421052,0.05714285714285714,0.03333333333333333,0.0,0.06756756756756757,0.0,8.450980392156863,父,,,,,,,,,,,,
ダブルスター,5.0,0.0,0.2,0.4,,0.0,0.0,,,0.0,0.0,5.6,父,,,,,,,,,,,,
ダンカーク,321.0,0.059190031152647975,0.09968847352024922,0.1557632398753894,0.07042253521126761,0.056,0.03759398496240601,0.0625,0.14285714285714285,0.04040404040404041,0.12903225806451613,8.355140186915888,父,,,,,,,,,,,,
ダンスインザダーク,5.0,0.0,0.0,0.0,0.0,,,0.0,0.0,0.0,0.0,8.0,父,,,,,,,,,,,,
チェリークラウン,8.0,0.0,0.0,0.0,,0.0,0.0,0.0,,0.0,0.0,10.5,父,,,,,,,,,,,,
ディスクリートキャット,232.0,0.10344827586206896,0.1939655172413793,0.28448275862068967,0.046511627906976744,0.1164021164021164,0.11486486486486487,0.0821917808219178,0.09090909090909091,0.10067114093959731,0.1320754716981132,6.823275862068965,父,,,,,,,,,,,,
ディープインパクト,1649.0,0.12795633717404487,0.21467556094602788,0.30624620982413586,0.12849964106245512,0.125,0.09216589861751152,0.1400189214758751,0.11466666666666667,0.13408304498269896,0.14893617021276595,6.451788963007884,父,,,,,,,,,,,,
ディープスカイ,83.0,0.024096385542168676,0.08433734939759036,0.13253012048192772,0.045454545454545456,0.01639344262295082,0.06666666666666667,0.0,0.0,0.021739130434782608,0.0,8.710843373493976,父,,,,,,,,,,,,
ディープブリランテ,410.0,0.036585365853658534,0.08048780487804878,0.14146341463414633,0.034653465346534656,0.038461538461538464,0.043478260869565216,0.025,0.061224489795918366,0.03914590747330961,0.031746031746031744,8.25609756097561,父,,,,,,,,,,,,
ディーマジェスティ,26.0,0.038461538461538464,0.15384615384615385,0.2692307692307692,0.0,0.1111111111111111,0.3333333333333333,0.0,0.0,0.0,0.2,7.0,父,,,,,,,,,,,,
デクラレーションオブウォー,32.0,0.03125,0.09375,0.125,0.0,0.043478260869565216,0.0,0.06666666666666667,0.0,0.058823529411764705,0.0,10.25,父,,,,,,,,,,,,
トゥザグローリー,248.0,0.04435483870967742,0.13306451612903225,0.20161290322580644,0.06976744186046512,0.030864197530864196,0.034482758620689655,0.058823529411764705,0.0,0.025974025974025976,0.07407407407407407,7.725806451612903,父,,,,,,,,,,,,
トゥザワールド,179.0,0.03910614525139665,0.12849162011173185,0.1787709497206704,0.0425531914893617,0.03787878787878788,0.04938271604938271,0.03409090909090909,0.0,0.027522935779816515,0.07894736842105263,8.497206703910615,父,,,,,,,,,,,,
トウケイヘイロー,12.0,0.08333333333333333,0.16666666666666666,0.25,0.125,0.0,0.0,0.1111111111111111,,0.0,0.0,6.583333333333333,父,,,,,,,,,,,,
トビーズコーナー,43.0,0.046511627906976744,0.06976744186046512,0.06976744186046512,0.0,0.05,0.08333333333333333,0.0,0.0,0.09090909090909091,0.0,8.627906976744185,父,,,,,,,,,,,,
トランセンド,194.0,0.07216494845360824,0.13402061855670103,0.18556701030927836,0.08333333333333333,0.06962025316455696,0.0684931506849315,0.07216494845360824,0.08333333333333333,0.052083333333333336,0.041666666666666664,7.793814432989691,父,,,,,,,,,,,,
トーセンジョーダン,158.0,0.0379746835443038,0.08860759493670886,0.189873417721519,0.043478260869565216,0.03571428571428571,0.020833333333333332,0.033707865168539325,0.09523809523809523,0.030612244897959183,0.09090909090909091,8.626582278481013,父,,,,,,,,,,,,
トーセンファントム,29.0,0.13793103448275862,0.20689655172413793,0.3448275862068966,0.14285714285714285,0.13636363636363635,0.14285714285714285,0.14285714285714285,0.0,0.19047619047619047,0.0,7.206896551724138,父,,,,,,,,,,,,
トーセンブライト,39.0,0.02564102564102564,0.1282051282051282,0.2564102564102564,0.0,0.02631578947368421,0.0,0.038461538461538464,0.0,0.043478260869565216,0.0,6.256410256410256,父,,,,,,,,,,,,
トーセンホマレボシ,184.0,0.02717391304347826,0.07608695652173914,0.14130434782608695,0.06172839506172839,0.0,0.030303030303030304,0.017241379310344827,0.05714285714285714,0.03571428571428571,0.03125,8.043478260869565,父,,,,,,,,,,,,
トーセンラー,115.0,0.02608695652173913,0.05217391304347826,0.08695652173913043,0.036585365853658534,0.0,0.06060606060606061,0.014705882352941176,0.0,0.041666666666666664,0.0,9.513043478260869,父,,,,,,,,,,,,
トーセンレーヴ,5.0,0.0,0.0,0.2,0.0,,,0.0,0.0,0.0,,5.6,父,,,,,,,,,,,,
トーホウジャッカル,16.0,0.125,0.1875,0.3125,0.18181818181818182,0.0,0.0,0.14285714285714285,0.0,0.16666666666666666,0.0,8.5,父,,,,,,,,,,,,
ドゥラメンテ,517.0,0.10058027079303675,0.19148936170212766,0.2765957446808511,0.10884353741496598,0.08968609865470852,0.09523809523809523,0.10294117647058823,0.09803921568627451,0.10160427807486631,0.13636363636363635,6.945841392649903,父,,,,,,,,,,,,
ドリームジャーニー,128.0,0.078125,0.1875,0.265625,0.0761904761904762,0.08695652173913043,0.043478260869565216,0.04918032786885246,0.13636363636363635,0.056818181818181816,0.1875,6.4921875,父,,,,,,,,,,,,
ドレフォン,124.0,0.14516129032258066,0.18548387096774194,0.25,0.15384615384615385,0.1411764705882353,0.1388888888888889,0.13333333333333333,0.23076923076923078,0.189873417721519,0.07692307692307693,7.217741935483871,父,,,,,,,,,,,,
ナカヤマフェスタ,110.0,0.0,0.02727272727272727,0.045454545454545456,0.0,0.0,0.0,0.0,0.0,0.0,0.0,8.818181818181818,父,,,,,,,,,,,,
ナムラタイタン,11.0,0.09090909090909091,0.09090909090909091,0.18181818181818182,,0.09090909090909091,0.0,0.1,,0.0,0.0,7.818181818181818,父,,,,,,,,,,,,
ニホンピロアワーズ,30.0,0.03333333333333333,0.03333333333333333,0.1,0.2,0.0,0.0,0.1,0.0,0.0,0.0,8.9,父,,,,,,,,,,,,
ネオユニヴァース,233.0,0.055793991416309016,0.09012875536480687,0.12875536480686695,0.0136986301369863,0.075,0.056818181818181816,0.061946902654867256,0.03125,0.05925925925925926,0.07317073170731707,8.991416309012875,父,,,,,,,,,,,,
ネヴァブション,7.0,0.0,0.0,0.0,0.0,0.0,0.0,0.0,0.0,0.0,,11.285714285714286,父,,,,,,,,,,,,
ノボジャック,28.0,0.0,0.03571428571428571,0.03571428571428571,0.0,0.0,0.0,0.0,,0.0,0.0,9.678571428571429,父,,,,,,,,,,,,
ノヴェリスト,364.0,0.07417582417582418,0.15384615384615385,0.22252747252747251,0.07960199004975124,0.06748466257668712,0.07563025210084033,0.06521739130434782,0.09836065573770492,0.08482142857142858,0.014705882352941176,8.002747252747254,父,,,,,,,,,,,,
ノーザンリバー,14.0,0.07142857142857142,0.07142857142857142,0.14285714285714285,0.0,0.07692307692307693,0.08333333333333333,0.0,,0.25,0.0,8.928571428571429,父,,,,,,,,,,,,
ノーブルミッション,8.0,0.0,0.0,0.125,0.0,0.0,,0.0,0.0,0.0,0.0,8.875,父,,,,,,,,,,,,
ハイアーゲーム,9.0,0.0,0.0,0.1111111111111111,,0.0,0.0,0.0,,0.0,0.0,9.333333333333334,父,,,,,,,,,,,,
ハクサンムーン,12.0,0.0,0.16666666666666666,0.16666666666666666,0.0,0.0,0.0,,,0.0,0.0,9.333333333333334,父,,,,,,,,,,,,
ハタノヴァンクール,11.0,0.0,0.09090909090909091,0.09090909090909091,0.0,0.0,0.0,0.0,,0.0,0.0,8.363636363636363,父,,,,,,,,,,,,
ハットトリック,11.0,0.36363636363636365,0.5454545454545454,0.5454545454545454,0.36363636363636365,,,0.36363636363636365,,0.4444444444444444,,3.909090909090909,父,,,,,,,,,,,,
ハーツクライ,1135.0,0.08546255506607929,0.17092511013215858,0.24933920704845816,0.07979407979407979,0.09776536312849161,0.06521739130434782,0.09565217391304348,0.07279693486590039,0.09043250327653997,0.07096774193548387,6.899559471365639,父,,,,,,,,,,,,
ハービンジャー,568.0,0.0721830985915493,0.14612676056338028,0.2130281690140845,0.0765661252900232,0.058394160583941604,0.08,0.07079646017699115,0.07142857142857142,0.07751937984496124,0.07692307692307693,7.373239436619718,父,,,,,,,,,,,,
バゴ,123.0,0.056910569105691054,0.08130081300813008,0.16260162601626016,0.09230769230769231,0.017241379310344827,0.018867924528301886,0.058823529411764705,0.15789473684210525,0.0379746835443038,0.1,8.43089430894309,父,,,,,,,,,,,,
バトルプラン,143.0,0.04895104895104895,0.09090909090909091,0.13986013986013987,0.025,0.05825242718446602,0.06097560975609756,0.03636363636363636,0.0,0.012048192771084338,0.14285714285714285,8.412587412587413,父,,,,,,,,,,,,
バンブーエール,8.0,0.0,0.0,0.125,0.0,0.0,0.0,0.0,0.0,0.0,0.0,9.625,父,,,,,,,,,,,,
バーディバーディ,14.0,0.14285714285714285,0.21428571428571427,0.21428571428571427,,0.14285714285714285,,0.2,0.0,0.1111111111111111,0.25,5.428571428571429,父,,,,,,,,,,,,
パイロ,464.0,0.0603448275862069,0.13577586206896552,0.20043103448275862,0.0,0.06407322654462243,0.0392156862745098,0.09326424870466321,0.0,0.061068702290076333,0.06382978723404255,7.907327586206897,父,,,,,,,,,,,,
パドトロワ,53.0,0.05660377358490566,0.05660377358490566,0.07547169811320754,0.0,0.06976744186046512,0.06666666666666667,0.0,,0.034482758620689655,0.09090909090909091,9.962264150943396,父,,,,,,,,,,,,
ヒルノダムール,24.0,0.041666666666666664,0.041666666666666664,0.041666666666666664,0.058823529411764705,0.0,0.0,0.058823529411764705,0.0,0.047619047619047616,0.0,9.958333333333334,父,,,,,,,,,,,,
ビッグアーサー,22.0,0.09090909090909091,0.09090909090909091,0.13636363636363635,0.18181818181818182,0.0,0.15384615384615385,0.0,,0.125,0.0,8.0,父,,,,,,,,,,,,
ファスリエフ,29.0,0.034482758620689655,0.10344827586206896,0.13793103448275862,1.0,0.0,0.0,0.0,1.0,0.0,0.0,9.89655172413793,父,,,,,,,,,,,,
ファルブラヴ,7.0,0.0,0.0,0.0,,0.0,0.0,0.0,,0.0,,9.857142857142858,父,,,,,,,,,,,,
ファーガソン,5.0,0.0,0.0,0.0,0.0,0.0,0.0,,0.0,0.0,,6.4,父,,,,,,,,,,,,
フィガロ,15.0,0.13333333333333333,0.3333333333333333,0.3333333333333333,0.0,0.25,0.16666666666666666,0.0,,0.14285714285714285,0.0,8.533333333333333,父,,,,,,,,,,,,
フェノーメノ,228.0,0.039473684210526314,0.08771929824561403,0.13596491228070176,0.0,0.0625,0.046875,0.05042016806722689,0.0,0.037037037037037035,0.043478260869565216,9.469298245614034,父,,,,,,,,,,,,
フォーティナイナーズサン,8.0,0.0,0.0,0.0,,0.0,0.0,0.0,,0.0,0.0,13.875,父,,,,,,,,,,,,
フサイチセブン,51.0,0.0784313725490196,0.17647058823529413,0.35294117647058826,0.0,0.0851063829787234,0.034482758620689655,0.14285714285714285,0.0,0.12121212121212122,0.0,6.392156862745098,父,,,,,,,,,,,,
フサイチリシャール,6.0,0.0,0.0,0.0,,0.0,0.0,,,0.0,0.0,9.666666666666666,父,,,,,,,,,,,,
フジキセキ,6.0,0.0,0.0,0.0,0.0,0.0,0.0,0.0,0.0,0.0,0.0,9.333333333333334,父,,,,,,,,,,,,
フリオーソ,223.0,0.04484304932735426,0.09865470852017937,0.15695067264573992,0.0,0.045871559633027525,0.047619047619047616,0.04672897196261682,0.03125,0.046153846153846156,0.041666666666666664,7.807174887892376,父,,,,,,,,,,,,
フレンチデピュティ,55.0,0.03636363636363636,0.05454545454545454,0.10909090909090909,0.08333333333333333,0.023255813953488372,0.043478260869565216,0.0,0.0625,0.034482758620689655,0.0,9.0,父,,,,,,,,,,,,
ブラックタイド,514.0,0.05058365758754864,0.1264591439688716,0.22957198443579765,0.03319502074688797,0.06593406593406594,0.033783783783783786,0.06716417910447761,0.030612244897959183,0.05198776758409786,0.033707865168539325,7.556420233463035,父,,,,,,,,,,,,
ブラックタキシード,11.0,0.0,0.09090909090909091,0.09090909090909091,0.0,0.0,0.0,0.0,0.0,0.0,0.0,7.545454545454546,父,,,,,,,,,,,,
ブリーズフレイバー,6.0,0.0,0.0,0.0,0.0,0.0,0.0,0.0,0.0,0.0,0.0,8.833333333333334,父,,,,,,,,,,,,
ブレイクランアウト,21.0,0.047619047619047616,0.047619047619047616,0.09523809523809523,0.06666666666666667,0.0,0.0,0.07142857142857142,0.0,0.08333333333333333,0.0,8.952380952380953,父,,,,,,,,,,,,
プリサイスエンド,230.0,0.04782608695652174,0.1,0.15217391304347827,0.0,0.05365853658536585,0.02857142857142857,0.07407407407407407,0.1111111111111111,0.03355704697986577,0.08888888888888889,8.121739130434783,父,,,,,,,,,,,,
ヘニーハウンド,12.0,0.08333333333333333,0.16666666666666666,0.25,0.0,0.09090909090909091,0.1111111111111111,0.0,,0.125,0.0,7.0,父,,,,,,,,,,,,
ヘニーヒューズ,855.0,0.08771929824561403,0.1649122807017544,0.247953216374269,0.03773584905660377,0.09102244389027432,0.08582089552238806,0.09302325581395349,0.05555555555555555,0.09259259259259259,0.059113300492610835,7.665497076023392,父,,,,,,,,,,,,
ベルシャザール,242.0,0.0371900826446281,0.128099173553719,0.21487603305785125,0.046511627906976744,0.035175879396984924,0.033707865168539325,0.0390625,0.04,0.04081632653061224,0.05,8.260330578512397,父,,,,,,,,,,,,
ベーカバド,181.0,0.04419889502762431,0.09392265193370165,0.16022099447513813,0.056338028169014086,0.03636363636363636,0.06153846153846154,0.020202020202020204,0.11764705882352941,0.02830188679245283,0.08333333333333333,8.220994475138122,父,,,,,,,,,,,,
ペルーサ,15.0,0.06666666666666667,0.06666666666666667,0.06666666666666667,0.0,0.07692307692307693,0.0,0.125,,0.125,0.0,8.8,父,,,,,,,,,,,,
ホッコータルマエ,221.0,0.09954751131221719,0.15384615384615385,0.2398190045248869,0.0,0.10377358490566038,0.039473684210526314,0.1349206349206349,0.10526315789473684,0.0945945945945946,0.1111111111111111,7.171945701357466,父,,,,,,,,,,,,
ホワイトマズル,27.0,0.037037037037037035,0.1111111111111111,0.2222222222222222,0.0,0.05555555555555555,0.16666666666666666,0.0,0.0,0.05555555555555555,0.0,7.962962962962963,父,,,,,,,,,,,,
マクフィ,212.0,0.05660377358490566,0.1179245283018868,0.19811320754716982,0.01694915254237288,0.0718954248366013,0.021505376344086023,0.0847457627118644,0.0,0.05555555555555555,0.023809523809523808,8.433962264150944,父,,,,,,,,,,,,
マジェスティックウォリアー,338.0,0.08284023668639054,0.15088757396449703,0.22781065088757396,0.06976744186046512,0.0847457627118644,0.06976744186046512,0.08379888268156424,0.13333333333333333,0.056338028169014086,0.13793103448275862,7.997041420118343,父,,,,,,,,,,,,
マスタリー,6.0,0.0,0.3333333333333333,0.5,,0.0,0.0,0.0,,0.0,0.0,5.333333333333333,父,,,,,,,,,,,,
マツリダゴッホ,290.0,0.05862068965517241,0.07586206896551724,0.1310344827586207,0.06666666666666667,0.042105263157894736,0.06451612903225806,0.064,0.024390243902439025,0.0582010582010582,0.06976744186046512,8.875862068965517,父,,,,,,,,,,,,
マヤノトップガン,5.0,0.4,0.4,0.4,0.5,0.3333333333333333,0.0,0.6666666666666666,,0.6666666666666666,,7.0,父,,,,,,,,,,,,
マンハッタンカフェ,165.0,0.03636363636363636,0.10909090909090909,0.2,0.038834951456310676,0.03225806451612903,0.03773584905660377,0.02531645569620253,0.06060606060606061,0.028846153846153848,0.07692307692307693,7.363636363636363,父,,,,,,,,,,,,
マーベラスサンデー,9.0,0.0,0.1111111111111111,0.2222222222222222,0.0,,,0.0,0.0,0.0,0.0,5.444444444444445,父,,,,,,,,,,,,
ミッキーアイル,126.0,0.1349206349206349,0.21428571428571427,0.2619047619047619,0.16,0.11842105263157894,0.1388888888888889,0.1320754716981132,0.0,0.14473684210526316,0.04,7.515873015873016,父,,,,,,,,,,,,
ミュゼスルタン,6.0,0.0,0.0,0.0,0.0,0.0,0.0,0.0,,0.0,0.0,6.833333333333333,父,,,,,,,,,,,,
ミリオンディスク,6.0,0.0,0.0,0.0,,0.0,0.0,0.0,,0.0,,13.5,父,,,,,,,,,,,,
メイショウサムソン,222.0,0.05405405405405406,0.1036036036036036,0.1891891891891892,0.04878048780487805,0.05714285714285714,0.06349206349206349,0.04838709677419355,0.05714285714285714,0.056910569105691054,0.045454545454545456,7.986486486486487,父,,,,,,,,,,,,
メイショウボーラー,284.0,0.04225352112676056,0.08450704225352113,0.13732394366197184,0.06944444444444445,0.0330188679245283,0.035897435897435895,0.041666666666666664,0.11764705882352941,0.04046242774566474,0.038461538461538464,8.70774647887324,父,,,,,,,,,,,,
メジロダイボサツ,6.0,0.0,0.16666666666666666,0.16666666666666666,0.0,0.0,0.0,0.0,0.0,0.0,0.0,9.666666666666666,父,,,,,,,,,,,,
モンテロッソ,219.0,0.0502283105022831,0.1324200913242009,0.2009132420091324,0.05263157894736842,0.04895104895104895,0.04918032786885246,0.05511811023622047,0.03225806451612903,0.0625,0.0,7.995433789954338,父,,,,,,,,,,,,
モーリス,427.0,0.11007025761124122,0.18032786885245902,0.2786885245901639,0.11724137931034483,0.0948905109489051,0.136,0.0823045267489712,0.1694915254237288,0.12374581939799331,0.08064516129032258,7.070257611241217,父,,,,,,,,,,,,
ヨハネスブルグ,189.0,0.047619047619047616,0.1111111111111111,0.14814814814814814,0.0,0.06521739130434782,0.047244094488188976,0.05263157894736842,0.0,0.045454545454545456,0.08333333333333333,8.62962962962963,父,,,,,,,,,,,,
ラニ,53.0,0.07547169811320754,0.1509433962264151,0.16981132075471697,0.0,0.0975609756097561,0.09090909090909091,0.08333333333333333,0.0,0.12903225806451613,0.0,7.716981132075472,父,,,,,,,,,,,,
ラブリーデイ,178.0,0.028089887640449437,0.033707865168539325,0.07865168539325842,0.017543859649122806,0.03305785123966942,0.05194805194805195,0.0,0.030303030303030304,0.025423728813559324,0.037037037037037035,9.617977528089888,父,,,,,,,,,,,,
リアルインパクト,272.0,0.07352941176470588,0.1323529411764706,0.1948529411764706,0.08928571428571429,0.0625,0.05102040816326531,0.09146341463414634,0.0,0.0975609756097561,0.034482758620689655,8.147058823529411,父,,,,,,,,,,,,
リオンディーズ,272.0,0.08823529411764706,0.17279411764705882,0.23161764705882354,0.08461538461538462,0.09154929577464789,0.0970873786407767,0.07894736842105263,0.11764705882352941,0.08717948717948718,0.16216216216216217,7.485294117647059,父,,,,,,,,,,,,
リヤンドファミユ,9.0,0.0,0.2222222222222222,0.3333333333333333,0.0,0.0,0.0,0.0,,0.0,0.0,10.0,父,,,,,,,,,,,,
リーチザクラウン,180.0,0.03333333333333333,0.07222222222222222,0.14444444444444443,0.024691358024691357,0.04040404040404041,0.01818181818181818,0.04040404040404041,0.038461538461538464,0.01694915254237288,0.027777777777777776,8.444444444444445,父,,,,,,,,,,,,
ルーラーシップ,1224.0,0.06862745098039216,0.13970588235294118,0.22875816993464052,0.07876230661040788,0.05458089668615984,0.08374384236453201,0.06719367588932806,0.061068702290076333,0.06844106463878327,0.07179487179487179,7.161764705882353,父,,,,,,,,,,,,
レッドスパーダ,39.0,0.10256410256410256,0.1282051282051282,0.1794871794871795,0.1111111111111111,0.08333333333333333,0.05555555555555555,0.14285714285714285,,0.14814814814814814,0.0,8.615384615384615,父,,,,,,,,,,,,
ロゴタイプ,23.0,0.0,0.0,0.08695652173913043,0.0,0.0,0.0,0.0,0.0,0.0,,8.347826086956522,父,,,,,,,,,,,,
ロジユニヴァース,76.0,0.039473684210526314,0.06578947368421052,0.11842105263157894,0.034482758620689655,0.0425531914893617,0.07407407407407407,0.034482758620689655,0.0,0.05555555555555555,0.0,9.026315789473685,父,,,,,,,,,,,,
ローエングリン,166.0,0.04819277108433735,0.0963855421686747,0.13855421686746988,0.0673076923076923,0.016129032258064516,0.04838709677419355,0.050505050505050504,0.0,0.045871559633027525,0.038461538461538464,8.590361445783133,父,,,,,,,,,,,,
ロージズインメイ,231.0,0.05194805194805195,0.09090909090909091,0.14285714285714285,0.03571428571428571,0.05714285714285714,0.0379746835443038,0.04878048780487805,0.10344827586206896,0.05442176870748299,0.08108108108108109,8.324675324675324,父,,,,,,,,,,,,
ローズキングダム,86.0,0.05813953488372093,0.12790697674418605,0.19767441860465115,0.09803921568627451,0.0,0.037037037037037035,0.08888888888888889,0.0,0.018518518518518517,0.11764705882352941,7.453488372093023,父,,,,,,,,,,,,
ロードアルティマ,42.0,0.047619047619047616,0.11904761904761904,0.21428571428571427,0.0,0.0625,0.041666666666666664,0.05555555555555555,,0.043478260869565216,0.1,8.380952380952381,父,,,,,,,,,,,,
ロードカナロア,1305.0,0.10344827586206896,0.20613026819923372,0.285823754789272,0.11010362694300518,0.09380863039399624,0.10787671232876712,0.09833585476550681,0.11666666666666667,0.10411899313501144,0.10465116279069768,7.181609195402299,父,,,,,,,,,,,,
ローレルゲレイロ,49.0,0.04081632653061224,0.08163265306122448,0.12244897959183673,0.0,0.05714285714285714,0.07407407407407407,0.0,0.0,0.030303030303030304,0.08333333333333333,9.408163265306122,父,,,,,,,,,,,,
ワイルドラッシュ,25.0,0.0,0.04,0.16,0.0,0.0,0.0,0.0,0.0,0.0,0.0,6.08,父,,,,,,,,,,,,
ワイルドワンダー,6.0,0.0,0.0,0.16666666666666666,,0.0,0.0,0.0,,0.0,0.0,5.333333333333333,父,,,,,,,,,,,,
ワンアンドオンリー,8.0,0.125,0.125,0.125,0.16666666666666666,0.0,,0.0,0.5,0.14285714285714285,,7.5,父,,,,,,,,,,,,
ワンダーアキュート,30.0,0.06666666666666667,0.1,0.13333333333333333,0.0,0.06896551724137931,0.2222222222222222,0.0,0.0,0.06666666666666667,0.1111111111111111,9.066666666666666,父,,,,,,,,,,,,
ワークフォース,162.0,0.04938271604938271,0.1419753086419753,0.19135802469135801,0.04597701149425287,0.05333333333333334,0.0,0.044444444444444446,0.10810810810810811,0.049019607843137254,0.0,8.197530864197532,父,,,,,,,,,,,,
ワールドエース,332.0,0.03313253012048193,0.08433734939759036,0.14156626506024098,0.05714285714285714,0.006369426751592357,0.02877697841726619,0.023391812865497075,0.13636363636363635,0.03211009174311927,0.03571428571428571,8.174698795180722,父,,,,,,,,,,,,
ヴァンセンヌ,106.0,0.10377358490566038,0.1320754716981132,0.19811320754716982,0.14705882352941177,0.02631578947368421,0.1,0.05555555555555555,0.3333333333333333,0.05970149253731343,0.15,7.481132075471698,父,,,,,,,,,,,,
ヴァーミリアン,107.0,0.08411214953271028,0.205607476635514,0.27102803738317754,0.0,0.0989010989010989,0.14285714285714285,0.0784313725490196,0.0,0.13559322033898305,0.0,6.878504672897196,父,,,,,,,,,,,,
ヴィクトワールピサ,583.0,0.0548885077186964,0.11320754716981132,0.1835334476843911,0.05555555555555555,0.05405405405405406,0.07462686567164178,0.04815864022662889,0.052083333333333336,0.04825737265415549,0.09302325581395349,7.828473413379074,父,,,,,,,,,,,,
ヴィットリオドーロ,5.0,0.0,0.0,0.0,,0.0,0.0,,,0.0,,7.4,父,,,,,,,,,,,,
Acquant,,,,,,,,,,,,,母父,9.0,0.1111111111111111,0.6666666666666666,0.8888888888888888,,0.1111111111111111,,0.1111111111111111,,0.14285714285714285,0.0,2.4444444444444446
Always Auditioning,,,,,,,,,,,,,母父,7.0,0.0,0.0,0.2857142857142857,,0.0,,0.0,0.0,0.0,0.0,7.0
Appealing Stella,,,,,,,,,,,,,母父,5.0,0.0,0.0,0.0,,0.0,0.0,,,0.0,0.0,10.6
Beauty and Light,,,,,,,,,,,,,母父,8.0,0.375,0.5,0.5,0.0,0.42857142857142855,0.375,,,0.5,0.0,5.375
Bellini Sunrise,,,,,,,,,,,,,母父,11.0,0.0,0.0,0.0,,0.0,0.0,0.0,,0.0,0.0,8.363636363636363
Blading Gold Ring,,,,,,,,,,,,,母父,6.0,0.0,0.0,0.0,0.0,0.0,0.0,0.0,0.0,0.0,0.0,11.0
Bodacious Babe,,,,,,,,,,,,,母父,5.0,0.2,0.2,0.2,,0.2,,0.2,,0.0,1.0,7.6
Broadway Lullaby,,,,,,,,,,,,,母父,6.0,0.0,0.16666666666666666,0.16666666666666666,0.0,,0.0,,,0.0,0.0,5.5
Cabaret Starlet,,,,,,,,,,,,,母父,6.0,0.0,0.16666666666666666,0.16666666666666666,0.0,0.0,0.0,0.0,,0.0,0.0,9.166666666666666
Cape Elizabeth,,,,,,,,,,,,,母父,5.0,0.0,0.0,0.0,,0.0,0.0,,,0.0,0.0,13.4
Careless Jewel,,,,,,,,,,,,,母父,7.0,0.2857142857142857,0.2857142857142857,0.2857142857142857,0.3333333333333333,0.0,0.5,0.2,,0.2857142857142857,,7.714285714285714
Cat's Fair,,,,,,,,,,,,,母父,7.0,0.0,0.14285714285714285,0.2857142857142857,,0.0,0.0,0.0,,0.0,0.0,6.857142857142857
Coco as in Chanel,,,,,,,,,,,,,母父,7.0,0.0,0.14285714285714285,0.14285714285714285,0.0,0.0,0.0,0.0,,0.0,0.0,10.428571428571429
Cocoa Cowgirl,,,,,,,,,,,,,母父,7.0,0.14285714285714285,0.14285714285714285,0.2857142857142857,0.0,0.16666666666666666,0.14285714285714285,,,0.0,1.0,9.714285714285714
Combat's Love,,,,,,,,,,,,,母父,6.0,0.0,0.16666666666666666,0.16666666666666666,0.0,0.0,0.0,0.0,,0.0,0.0,9.166666666666666
Country Cafe,,,,,,,,,,,,,母父,10.0,0.2,0.3,0.3,0.0,0.2222222222222222,0.0,0.3333333333333333,0.0,0.0,0.3333333333333333,6.3
Cowgirl Lucky,,,,,,,,,,,,,母父,8.0,0.25,0.375,0.5,,0.25,0.0,0.3333333333333333,,0.4,0.0,4.875
Crescent Moon,,,,,,,,,,,,,母父,5.0,0.0,0.0,0.0,0.0,0.0,0.0,0.0,,0.0,0.0,12.4
Date to Remember,,,,,,,,,,,,,母父,5.0,0.0,0.2,0.2,0.0,0.0,,0.0,,0.0,0.0,6.8
Diamante,,,,,,,,,,,,,母父,6.0,0.0,0.0,0.0,0.0,0.0,0.0,0.0,0.0,0.0,0.0,9.166666666666666
Dupe,,,,,,,,,,,,,母父,5.0,0.2,0.6,0.8,0.2,,,0.2,,0.2,,2.4
Espial,,,,,,,,,,,,,母父,17.0,0.058823529411764705,0.17647058823529413,0.29411764705882354,0.0,0.1,0.09090909090909091,0.0,,0.0,0.2,6.0
Fashionable,,,,,,,,,,,,,母父,6.0,0.3333333333333333,0.5,0.5,0.3333333333333333,,0.0,0.6666666666666666,,0.25,,5.5
For Passion,,,,,,,,,,,,,母父,13.0,0.23076923076923078,0.23076923076923078,0.38461538461538464,,0.23076923076923078,0.25,0.0,,0.25,0.0,6.769230769230769
Fraulein,,,,,,,,,,,,,母父,5.0,0.0,0.2,0.2,0.0,0.0,,0.0,,0.0,,6.6
Frolic's Revenge,,,,,,,,,,,,,母父,8.0,0.25,0.375,0.375,,0.25,,0.2,0.3333333333333333,0.16666666666666666,1.0,5.625
Glinda the Good,,,,,,,,,,,,,母父,5.0,0.2,0.8,1.0,,0.2,0.2,,,0.0,,2.0
Glorious Success,,,,,,,,,,,,,母父,5.0,0.0,0.0,0.0,0.0,0.0,,0.0,,0.0,,7.6
Golden Made,,,,,,,,,,,,,母父,5.0,0.0,0.0,0.0,0.0,0.0,0.0,0.0,0.0,0.0,0.0,11.4
Gracious Lady,,,,,,,,,,,,,母父,8.0,0.375,0.375,0.375,,0.375,0.375,,,0.2,1.0,5.0
Her Smile,,,,,,,,,,,,,母父,6.0,0.0,0.0,0.0,,0.0,0.0,,,0.0,0.0,11.833333333333334
Ilikecandy,,,,,,,,,,,,,母父,12.0,0.25,0.3333333333333333,0.5833333333333334,,0.25,0.3333333333333333,0.2222222222222222,,0.2222222222222222,0.5,6.166666666666667
Into Reality,,,,,,,,,,,,,母父,5.0,0.0,0.2,0.4,0.0,0.0,0.0,0.0,,0.0,0.0,8.4
Invitation,,,,,,,,,,,,,母父,6.0,0.0,0.0,0.16666666666666666,0.0,0.0,,0.0,0.0,0.0,0.0,9.333333333333334
Jillnextdoor,,,,,,,,,,,,,母父,5.0,0.2,0.2,0.2,0.0,0.25,0.5,0.0,,0.0,1.0,6.6
Kerry's Dream,,,,,,,,,,,,,母父,6.0,0.16666666666666666,0.5,0.6666666666666666,0.0,0.2,0.2,0.0,,0.0,0.0,5.5
Kitten's Peak,,,,,,,,,,,,,母父,14.0,0.14285714285714285,0.2857142857142857,0.35714285714285715,0.0,0.15384615384615385,0.14285714285714285,,,0.1111111111111111,0.25,5.071428571428571
Little Miss Muffet,,,,,,,,,,,,,母父,10.0,0.4,0.5,0.7,0.4,,0.3333333333333333,0.5,0.0,0.16666666666666666,0.5,3.9
Love and Pride,,,,,,,,,,,,,母父,5.0,0.2,0.4,0.6,0.0,0.25,,0.2,,0.3333333333333333,0.0,3.6
Maltese Googol,,,,,,,,,,,,,母父,9.0,0.0,0.2222222222222222,0.3333333333333333,,0.0,0.0,0.0,0.0,0.0,0.0,7.777777777777778
Mare and Cher,,,,,,,,,,,,,母父,8.0,0.125,0.125,0.125,,0.125,0.14285714285714285,0.0,,0.16666666666666666,0.0,7.5
Maria's Dance,,,,,,,,,,,,,母父,8.0,0.0,0.375,0.375,0.0,0.0,0.0,,,0.0,,6.5
Mary's Follies,,,,,,,,,,,,,母父,6.0,0.6666666666666666,0.6666666666666666,0.6666666666666666,0.0,1.0,,0.6666666666666666,,0.5,1.0,5.5
Mayoress,,,,,,,,,,,,,母父,5.0,0.0,0.0,0.2,,0.0,,0.0,0.0,0.0,0.0,7.2
Midnight Visit,,,,,,,,,,,,,母父,6.0,0.0,0.3333333333333333,0.6666666666666666,,0.0,,0.0,,0.0,0.0,4.166666666666667
Miss Singhsix,,,,,,,,,,,,,母父,5.0,0.2,0.8,0.8,,0.2,1.0,0.0,,0.25,,3.4
Miss With Attitude,,,,,,,,,,,,,母父,10.0,0.0,0.1,0.3,0.0,0.0,0.0,0.0,,0.0,0.0,5.2
Missamerica Bertie,,,,,,,,,,,,,母父,7.0,0.0,0.14285714285714285,0.14285714285714285,,0.0,0.0,,,0.0,0.0,9.285714285714286
Muravka,,,,,,,,,,,,,母父,7.0,0.0,0.2857142857142857,0.2857142857142857,0.0,0.0,0.0,0.0,0.0,0.0,0.0,8.571428571428571
Muscovado,,,,,,,,,,,,,母父,5.0,0.4,0.4,0.4,0.4,,,0.4,,0.4,,6.4
My Anguilla,,,,,,,,,,,,,母父,5.0,0.0,0.0,0.2,0.0,,,,0.0,0.0,,6.8
My Fast One,,,,,,,,,,,,,母父,7.0,0.2857142857142857,0.2857142857142857,0.2857142857142857,,0.2857142857142857,0.4,0.0,,0.4,0.0,8.0
Mystical Star,,,,,,,,,,,,,母父,5.0,0.2,0.2,0.2,,0.2,0.0,0.25,,0.3333333333333333,0.0,7.2
Nokaze,,,,,,,,,,,,,母父,17.0,0.23529411764705882,0.4117647058823529,0.47058823529411764,0.2857142857142857,0.0,0.0,0.3076923076923077,0.0,0.26666666666666666,,4.9411764705882355
Our Miss Jones,,,,,,,,,,,,,母父,10.0,0.2,0.2,0.2,,0.2,0.2,,,0.16666666666666666,0.0,4.5
Painted Woman,,,,,,,,,,,,,母父,8.0,0.0,0.0,0.0,,0.0,0.0,0.0,,0.0,0.0,9.625
Pirika,,,,,,,,,,,,,母父,9.0,0.0,0.0,0.0,0.0,0.0,,0.0,0.0,0.0,0.0,8.666666666666666
Polish Silk,,,,,,,,,,,,,母父,5.0,0.0,0.2,0.4,,0.0,0.0,,,0.0,,6.6
Princess Cammie,,,,,,,,,,,,,母父,6.0,0.0,0.16666666666666666,0.16666666666666666,0.0,0.0,0.0,0.0,,0.0,0.0,6.5
Profitability,,,,,,,,,,,,,母父,6.0,0.0,0.16666666666666666,0.3333333333333333,0.0,0.0,,0.0,,0.0,0.0,6.833333333333333
Pyrography,,,,,,,,,,,,,母父,11.0,0.09090909090909091,0.2727272727272727,0.5454545454545454,0.1,0.0,,0.09090909090909091,,0.2,0.0,5.181818181818182
Reset In Blue,,,,,,,,,,,,,母父,5.0,0.0,0.0,0.0,0.0,,0.0,0.0,,0.0,,10.4
Santa Vindi,,,,,,,,,,,,,母父,8.0,0.0,0.0,0.375,,0.0,0.0,,,0.0,0.0,6.625
Screen Goddess,,,,,,,,,,,,,母父,15.0,0.2,0.26666666666666666,0.26666666666666666,0.0,0.21428571428571427,,0.2,0.2,0.2222222222222222,0.25,6.4
Sindy With an S,,,,,,,,,,,,,母父,13.0,0.0,0.15384615384615385,0.23076923076923078,0.0,0.0,,0.0,0.0,0.0,0.0,6.923076923076923
Sisheba,,,,,,,,,,,,,母父,6.0,0.0,0.0,0.0,0.0,,0.0,,,0.0,0.0,7.5
Squeeze,,,,,,,,,,,,,母父,6.0,0.16666666666666666,0.16666666666666666,0.3333333333333333,0.16666666666666666,,0.0,0.3333333333333333,,0.2,0.0,6.166666666666667
Stopchargingmaria,,,,,,,,,,,,,母父,5.0,0.2,0.2,0.4,0.0,0.25,,0.2,,0.5,0.0,3.6
Summer On the Lawn,,,,,,,,,,,,,母父,5.0,0.2,0.4,0.4,0.0,0.25,,0.2,,0.5,0.0,4.6
Sweet Talker,,,,,,,,,,,,,母父,9.0,0.1111111111111111,0.3333333333333333,0.4444444444444444,0.0,0.2,0.0,0.16666666666666666,,0.0,0.5,7.111111111111111
Sweet Win,,,,,,,,,,,,,母父,11.0,0.09090909090909091,0.18181818181818182,0.45454545454545453,0.0,0.1111111111111111,0.0,0.14285714285714285,0.0,0.25,0.0,4.818181818181818
Swinging,,,,,,,,,,,,,母父,9.0,0.0,0.0,0.0,0.0,0.0,0.0,,0.0,0.0,0.0,10.222222222222221
Switcheroo,,,,,,,,,,,,,母父,6.0,0.0,0.0,0.0,0.0,0.0,0.0,0.0,0.0,0.0,0.0,8.333333333333334
Tee Off,,,,,,,,,,,,,母父,5.0,0.0,0.0,0.0,,0.0,0.0,0.0,,0.0,0.0,7.8
Unbridled Empire,,,,,,,,,,,,,母父,5.0,0.0,0.0,0.0,0.0,0.0,0.0,0.0,,0.0,0.0,9.4
Under Wraps,,,,,,,,,,,,,母父,13.0,0.23076923076923078,0.46153846153846156,0.6153846153846154,1.0,0.16666666666666666,0.18181818181818182,0.0,1.0,0.16666666666666666,0.25,4.461538461538462
Unrivaled Belle,,,,,,,,,,,,,母父,9.0,0.1111111111111111,0.3333333333333333,0.3333333333333333,0.1111111111111111,,,0.125,0.0,0.14285714285714285,0.0,5.111111111111111
Waveband,,,,,,,,,,,,,母父,11.0,0.0,0.18181818181818182,0.36363636363636365,0.0,,,0.0,0.0,0.0,0.0,4.909090909090909
アイアムアクトレス,,,,,,,,,,,,,母父,5.0,0.2,0.2,0.2,,0.2,0.25,0.0,,0.25,0.0,8.0
アイアムカミノマゴ,,,,,,,,,,,,,母父,13.0,0.07692307692307693,0.38461538461538464,0.6153846153846154,0.0,0.08333333333333333,0.25,0.0,,0.0,0.0,3.923076923076923
アイアムトゥルー,,,,,,,,,,,,,母父,11.0,0.0,0.09090909090909091,0.09090909090909091,,0.0,0.0,,,0.0,,5.2727272727272725
アイアムネオ,,,,,,,,,,,,,母父,11.0,0.09090909090909091,0.18181818181818182,0.18181818181818182,,0.09090909090909091,0.09090909090909091,,,0.2,0.0,6.636363636363637
アイアムネフライト,,,,,,,,,,,,,母父,15.0,0.0,0.0,0.06666666666666667,,0.0,0.0,0.0,,0.0,0.0,9.866666666666667
アイアムノココロ,,,,,,,,,,,,,母父,11.0,0.09090909090909091,0.2727272727272727,0.2727272727272727,0.0,0.1111111111111111,0.125,0.0,,0.0,0.0,5.909090909090909
アイアムラヴィング,,,,,,,,,,,,,母父,8.0,0.0,0.0,0.0,0.0,0.0,0.0,0.0,0.0,0.0,,10.625
アイアムルビー,,,,,,,,,,,,,母父,9.0,0.0,0.1111111111111111,0.1111111111111111,0.0,0.0,0.0,0.0,,0.0,0.0,6.777777777777778
アイアンクリッパー,,,,,,,,,,,,,母父,9.0,0.0,0.1111111111111111,0.1111111111111111,0.0,0.0,0.0,,,0.0,,10.777777777777779
アイアンドユー,,,,,,,,,,,,,母父,5.0,0.0,0.0,0.0,0.0,,,0.0,0.0,0.0,0.0,9.6
アイシークレット,,,,,,,,,,,,,母父,8.0,0.125,0.25,0.25,,0.125,0.125,,,0.25,,7.75
アイシースズカ,,,,,,,,,,,,,母父,29.0,0.034482758620689655,0.06896551724137931,0.1724137931034483,0.0,0.041666666666666664,0.043478260869565216,0.0,,0.047619047619047616,0.0,8.206896551724139
アイスドール,,,,,,,,,,,,,母父,11.0,0.18181818181818182,0.18181818181818182,0.2727272727272727,0.0,0.2222222222222222,0.3333333333333333,0.2,0.0,0.2857142857142857,0.0,6.7272727272727275
アイスフォーリス,,,,,,,,,,,,,母父,10.0,0.1,0.1,0.3,0.2,0.0,,0.0,0.2,0.0,0.0,7.1
アイスメアー,,,,,,,,,,,,,母父,14.0,0.14285714285714285,0.21428571428571427,0.42857142857142855,0.0,0.16666666666666666,0.25,0.125,0.0,0.125,0.0,6.214285714285714
アイズオンリー,,,,,,,,,,,,,母父,22.0,0.045454545454545456,0.045454545454545456,0.09090909090909091,0.06666666666666667,0.0,0.0,0.05555555555555555,,0.06666666666666667,,6.863636363636363
アイティアビー,,,,,,,,,,,,,母父,14.0,0.0,0.0,0.0,,0.0,0.0,0.0,0.0,0.0,0.0,10.714285714285714
アイナマーリエ,,,,,,,,,,,,,母父,8.0,0.125,0.375,0.5,,0.125,0.0,0.25,0.0,0.5,0.0,6.0
アイノココロ,,,,,,,,,,,,,母父,6.0,0.0,0.16666666666666666,0.16666666666666666,,0.0,,0.0,,0.0,,7.666666666666667
アイファーイービス,,,,,,,,,,,,,母父,5.0,0.0,0.0,0.0,,0.0,0.0,0.0,,0.0,,10.4
アイファーシンシア,,,,,,,,,,,,,母父,5.0,0.0,0.0,0.0,0.0,0.0,0.0,0.0,0.0,0.0,,11.8
アイファーペガサス,,,,,,,,,,,,,母父,9.0,0.1111111111111111,0.3333333333333333,0.4444444444444444,0.0,0.125,,0.0,0.16666666666666666,0.0,0.0,6.777777777777778
アイファーヴァース,,,,,,,,,,,,,母父,5.0,0.0,0.0,0.0,,0.0,0.0,0.0,,0.0,0.0,12.8
アイムオールレディセクシー,,,,,,,,,,,,,母父,7.0,0.0,0.0,0.0,0.0,0.0,0.0,0.0,,0.0,0.0,9.428571428571429
アイムユアドリーム,,,,,,,,,,,,,母父,6.0,0.16666666666666666,0.16666666666666666,0.16666666666666666,,0.16666666666666666,,0.2,0.0,0.0,0.0,6.5
アイラシンガー,,,,,,,,,,,,,母父,5.0,0.0,0.0,0.0,,0.0,0.0,0.0,,0.0,0.0,13.2
アイラブリリ,,,,,,,,,,,,,母父,12.0,0.25,0.25,0.4166666666666667,0.0,0.3333333333333333,0.4,0.2,0.0,0.3333333333333333,0.0,6.333333333333333
アイランドファッション,,,,,,,,,,,,,母父,11.0,0.09090909090909091,0.18181818181818182,0.2727272727272727,0.0,0.25,0.16666666666666666,0.0,,0.14285714285714285,0.0,7.363636363636363
アイリスモレア,,,,,,,,,,,,,母父,23.0,0.08695652173913043,0.08695652173913043,0.17391304347826086,0.10526315789473684,0.0,0.13333333333333333,0.0,,0.11764705882352941,0.0,8.304347826086957
アイリッシュペコ,,,,,,,,,,,,,母父,10.0,0.0,0.1,0.3,0.0,0.0,,0.0,0.0,0.0,0.0,5.4
アイルゴーバック,,,,,,,,,,,,,母父,6.0,0.0,0.16666666666666666,0.16666666666666666,0.0,0.0,0.0,,0.0,0.0,,9.0
アインライツ,,,,,,,,,,,,,母父,8.0,0.0,0.0,0.0,0.0,0.0,0.0,0.0,0.0,0.0,0.0,9.5
アウトオブザウィム,,,,,,,,,,,,,母父,12.0,0.0,0.0,0.16666666666666666,0.0,0.0,0.0,0.0,,0.0,0.0,7.75
アウトオブタイム,,,,,,,,,,,,,母父,6.0,0.16666666666666666,0.3333333333333333,0.5,,0.16666666666666666,0.0,0.5,,0.16666666666666666,,5.166666666666667
アウトシャイン,,,,,,,,,,,,,母父,6.0,0.0,0.0,0.3333333333333333,0.0,0.0,0.0,,,0.0,0.0,6.333333333333333
アオゾラ,,,,,,,,,,,,,母父,6.0,0.3333333333333333,0.5,0.6666666666666666,0.3333333333333333,,,0.3333333333333333,0.3333333333333333,0.0,,3.8333333333333335
アオゾラペダル,,,,,,,,,,,,,母父,7.0,0.0,0.14285714285714285,0.14285714285714285,0.0,0.0,0.0,0.0,0.0,0.0,0.0,8.142857142857142
アオバ,,,,,,,,,,,,,母父,5.0,0.0,0.0,0.0,0.0,0.0,0.0,0.0,,0.0,0.0,13.4
アオバコリン,,,,,,,,,,,,,母父,8.0,0.375,0.5,0.5,0.375,,,0.6,0.0,0.3333333333333333,0.0,4.0
アガサ,,,,,,,,,,,,,母父,13.0,0.0,0.07692307692307693,0.07692307692307693,,0.0,0.0,0.0,,0.0,0.0,7.923076923076923
アガペー,,,,,,,,,,,,,母父,6.0,0.0,0.0,0.16666666666666666,0.0,0.0,0.0,0.0,0.0,0.0,,7.833333333333333
アガルタ,,,,,,,,,,,,,母父,8.0,0.25,0.375,0.5,0.25,,,0.25,0.25,0.4,0.0,4.875
アガーテ,,,,,,,,,,,,,母父,5.0,0.0,0.0,0.0,0.0,0.0,0.0,0.0,,0.0,0.0,9.6
アクアブルーハート,,,,,,,,,,,,,母父,5.0,0.0,0.2,0.2,0.0,0.0,0.0,0.0,,0.0,,6.0
アクアリング,,,,,,,,,,,,,母父,7.0,0.0,0.2857142857142857,0.2857142857142857,0.0,,0.0,0.0,,0.0,,7.428571428571429
アクティビューティ,,,,,,,,,,,,,母父,6.0,0.16666666666666666,0.16666666666666666,0.16666666666666666,,0.16666666666666666,0.16666666666666666,,,0.25,0.0,8.333333333333334
アクロスザライト,,,,,,,,,,,,,母父,8.0,0.0,0.0,0.125,0.0,0.0,0.0,0.0,,0.0,0.0,7.375
アクロバットラン,,,,,,,,,,,,,母父,5.0,0.0,0.4,0.4,0.0,,,0.0,,0.0,,3.2
アグネスカルミア,,,,,,,,,,,,,母父,7.0,0.0,0.0,0.0,0.0,0.0,0.0,0.0,,0.0,,8.857142857142858
アグネスショコラ,,,,,,,,,,,,,母父,9.0,0.0,0.4444444444444444,0.5555555555555556,0.0,0.0,0.0,0.0,,0.0,,5.444444444444445
アグネスバラード,,,,,,,,,,,,,母父,6.0,0.0,0.0,0.0,,0.0,0.0,0.0,,0.0,0.0,12.666666666666666
アグネスパサー,,,,,,,,,,,,,母父,7.0,0.0,0.0,0.0,0.0,0.0,,0.0,0.0,0.0,0.0,8.142857142857142
アグネスメープル,,,,,,,,,,,,,母父,5.0,0.0,0.0,0.0,0.0,0.0,0.0,0.0,0.0,0.0,,11.8
アグネスラブ,,,,,,,,,,,,,母父,6.0,0.0,0.0,0.16666666666666666,0.0,,,0.0,,0.0,0.0,6.5
アグネスリース,,,,,,,,,,,,,母父,7.0,0.14285714285714285,0.14285714285714285,0.42857142857142855,0.25,0.0,0.0,0.0,0.5,0.0,0.0,7.571428571428571
アグネスワルツ,,,,,,,,,,,,,母父,8.0,0.125,0.25,0.5,0.14285714285714285,0.0,,0.14285714285714285,0.0,0.0,0.0,4.375
アサカラヴァーズ,,,,,,,,,,,,,母父,8.0,0.0,0.0,0.0,,0.0,0.0,0.0,,0.0,0.0,8.375
アサクサロータス,,,,,,,,,,,,,母父,5.0,0.0,0.0,0.0,,0.0,0.0,0.0,,0.0,0.0,8.0
アシュレイリバー,,,,,,,,,,,,,母父,11.0,0.2727272727272727,0.45454545454545453,0.5454545454545454,0.3,0.0,,0.3333333333333333,0.25,0.3333333333333333,0.5,4.454545454545454
アジアンプリンセス,,,,,,,,,,,,,母父,5.0,0.2,0.4,0.4,,0.2,,0.2,,0.3333333333333333,0.0,7.0
アスカトップレディ,,,,,,,,,,,,,母父,7.0,0.14285714285714285,0.14285714285714285,0.14285714285714285,0.0,0.16666666666666666,0.5,0.0,0.0,0.0,0.25,8.142857142857142
アスクレピアス,,,,,,,,,,,,,母父,7.0,0.0,0.0,0.0,0.0,0.0,0.0,0.0,0.0,0.0,,10.0
アスコルティ,,,,,,,,,,,,,母父,5.0,0.4,0.4,0.4,0.6666666666666666,0.0,0.6666666666666666,0.0,,0.5,0.0,6.6
アスターヒューモア,,,,,,,,,,,,,母父,11.0,0.09090909090909091,0.09090909090909091,0.18181818181818182,0.0,0.1111111111111111,0.2,0.0,0.0,0.125,0.0,8.272727272727273
アステオン,,,,,,,,,,,,,母父,7.0,0.14285714285714285,0.2857142857142857,0.42857142857142855,0.16666666666666666,0.0,0.0,0.16666666666666666,,0.25,,7.714285714285714
アステュート,,,,,,,,,,,,,母父,5.0,0.0,0.0,0.0,0.0,0.0,,0.0,0.0,0.0,0.0,9.4
アステリオン,,,,,,,,,,,,,母父,5.0,0.2,0.2,0.4,,0.2,,0.0,0.25,0.25,,9.2
アスピリンスノー,,,,,,,,,,,,,母父,8.0,0.0,0.125,0.25,0.0,0.0,0.0,0.0,,0.0,0.0,7.625
アズマガール,,,,,,,,,,,,,母父,6.0,0.0,0.0,0.0,,0.0,0.0,0.0,,0.0,,12.333333333333334
アゼリ,,,,,,,,,,,,,母父,10.0,0.1,0.3,0.3,0.1111111111111111,0.0,,0.14285714285714285,0.0,0.0,,6.6
アソルータ,,,,,,,,,,,,,母父,21.0,0.0,0.14285714285714285,0.19047619047619047,0.0,0.0,,0.0,0.0,0.0,0.0,7.380952380952381
アップルトウショウ,,,,,,,,,,,,,母父,8.0,0.0,0.0,0.125,0.0,0.0,0.0,0.0,,0.0,0.0,8.375
アップワードスパイラル,,,,,,,,,,,,,母父,12.0,0.08333333333333333,0.25,0.3333333333333333,0.08333333333333333,,,0.1,0.0,0.125,0.0,5.75
アディクティド,,,,,,,,,,,,,母父,11.0,0.18181818181818182,0.18181818181818182,0.18181818181818182,0.18181818181818182,,0.0,0.2222222222222222,,0.25,0.0,8.636363636363637
アディシオン,,,,,,,,,,,,,母父,5.0,0.0,0.0,0.0,,0.0,0.0,0.0,,0.0,0.0,10.8
アデュラリア,,,,,,,,,,,,,母父,8.0,0.0,0.0,0.25,,0.0,0.0,,,0.0,0.0,7.5
アトムスパンカー,,,,,,,,,,,,,母父,7.0,0.0,0.0,0.0,0.0,0.0,0.0,0.0,,0.0,0.0,14.142857142857142
アトランティード,,,,,,,,,,,,,母父,7.0,0.0,0.0,0.14285714285714285,0.0,0.0,0.0,0.0,,0.0,0.0,6.285714285714286
アドニータ,,,,,,,,,,,,,母父,15.0,0.13333333333333333,0.26666666666666666,0.4,0.25,0.09090909090909091,,0.14285714285714285,0.0,0.125,0.0,5.2
アドバンスクラーレ,,,,,,,,,,,,,母父,7.0,0.0,0.2857142857142857,0.7142857142857143,,0.0,0.0,0.0,,0.0,0.0,3.5714285714285716
アドマイヤアモーレ,,,,,,,,,,,,,母父,16.0,0.0,0.1875,0.25,0.0,0.0,0.0,0.0,0.0,0.0,0.0,6.5
アドマイヤイチ,,,,,,,,,,,,,母父,9.0,0.0,0.0,0.0,0.0,0.0,0.0,0.0,,0.0,0.0,11.444444444444445
アドマイヤインディ,,,,,,,,,,,,,母父,5.0,0.0,0.0,0.0,,0.0,0.0,0.0,,0.0,,8.0
アドマイヤオウカ,,,,,,,,,,,,,母父,5.0,0.0,0.0,0.0,0.0,,0.0,0.0,,0.0,,8.8
アドマイヤオンリー,,,,,,,,,,,,,母父,8.0,0.0,0.0,0.5,0.0,0.0,0.0,0.0,,0.0,0.0,5.75
アドマイヤキュート,,,,,,,,,,,,,母父,15.0,0.13333333333333333,0.2,0.2,0.13333333333333333,,,0.16666666666666666,0.0,0.2,0.0,6.733333333333333
アドマイヤキラメキ,,,,,,,,,,,,,母父,6.0,0.0,0.3333333333333333,0.3333333333333333,0.0,0.0,0.0,0.0,,0.0,,7.666666666666667
アドマイヤシズカ,,,,,,,,,,,,,母父,6.0,0.0,0.0,0.0,0.0,0.0,0.0,0.0,,0.0,0.0,11.0
アドマイヤシルク,,,,,,,,,,,,,母父,10.0,0.2,0.3,0.3,0.4,0.0,0.0,0.4,0.0,0.16666666666666666,1.0,6.2
アドマイヤシーマ,,,,,,,,,,,,,母父,7.0,0.0,0.42857142857142855,0.7142857142857143,0.0,,,0.0,0.0,0.0,0.0,3.142857142857143
アドマイヤジュエル,,,,,,,,,,,,,母父,14.0,0.0,0.07142857142857142,0.07142857142857142,0.0,0.0,0.0,0.0,0.0,0.0,0.0,8.214285714285714
アドマイヤセプター,,,,,,,,,,,,,母父,11.0,0.09090909090909091,0.5454545454545454,0.5454545454545454,0.09090909090909091,,0.125,0.0,,0.0,0.0,4.7272727272727275
アドマイヤダンサー,,,,,,,,,,,,,母父,6.0,0.0,0.0,0.0,0.0,,,0.0,0.0,0.0,,6.833333333333333
アドマイヤテレサ,,,,,,,,,,,,,母父,5.0,0.0,0.0,0.2,0.0,,,0.0,0.0,0.0,0.0,8.6
アドマイヤトパーズ,,,,,,,,,,,,,母父,9.0,0.0,0.0,0.2222222222222222,0.0,0.0,0.0,0.0,,0.0,0.0,7.0
アドマイヤパンチ,,,,,,,,,,,,,母父,14.0,0.07142857142857142,0.2857142857142857,0.35714285714285715,0.16666666666666666,0.0,,0.0,0.2,0.0,0.3333333333333333,6.5
アドマイヤヒラリー,,,,,,,,,,,,,母父,6.0,0.0,0.0,0.0,,0.0,0.0,0.0,0.0,0.0,0.0,9.0
アドマイヤビアン,,,,,,,,,,,,,母父,8.0,0.375,0.375,0.375,0.375,,0.5,0.2,1.0,0.75,0.0,5.25
アドマイヤマダム,,,,,,,,,,,,,母父,9.0,0.0,0.0,0.0,,0.0,,0.0,,0.0,0.0,11.11111111111111
アドマイヤラック,,,,,,,,,,,,,母父,8.0,0.125,0.125,0.125,,0.125,0.14285714285714285,0.0,,0.2,0.0,6.25
アドマイヤレッド,,,,,,,,,,,,,母父,5.0,0.0,0.0,0.2,,0.0,0.0,0.0,,0.0,,7.6
アナアメリカーナ,,,,,,,,,,,,,母父,11.0,0.09090909090909091,0.18181818181818182,0.2727272727272727,0.1111111111111111,0.0,0.0,0.16666666666666666,0.0,0.1,,6.454545454545454
アナザーガール,,,,,,,,,,,,,母父,6.0,0.0,0.0,0.3333333333333333,,0.0,,0.0,0.0,0.0,0.0,6.0
アナンジュパス,,,,,,,,,,,,,母父,6.0,0.0,0.16666666666666666,0.16666666666666666,0.0,0.0,,0.0,0.0,0.0,0.0,7.166666666666667
アニマトゥール,,,,,,,,,,,,,母父,5.0,0.0,0.0,0.0,0.0,0.0,,0.0,0.0,0.0,,9.8
アニメイトバイオ,,,,,,,,,,,,,母父,7.0,0.2857142857142857,0.2857142857142857,0.2857142857142857,0.2857142857142857,,0.4,0.0,,0.2,,5.142857142857143
アバンダンティア,,,,,,,,,,,,,母父,6.0,0.0,0.0,0.0,,0.0,0.0,0.0,,0.0,,9.5
アパパネ,,,,,,,,,,,,,母父,16.0,0.1875,0.25,0.3125,0.2,0.0,,0.25,0.0,0.23076923076923078,0.0,6.5
アビラ,,,,,,,,,,,,,母父,13.0,0.0,0.15384615384615385,0.15384615384615385,0.0,0.0,0.0,0.0,,0.0,0.0,10.0
アピールII,,,,,,,,,,,,,母父,10.0,0.0,0.2,0.2,0.0,0.0,0.0,0.0,,0.0,0.0,10.5
アフィニティ,,,,,,,,,,,,,母父,6.0,0.0,0.0,0.0,,0.0,0.0,,,0.0,0.0,11.333333333333334
アフェクショネット,,,,,,,,,,,,,母父,8.0,0.375,0.5,0.5,,0.375,0.5,0.0,,0.0,0.0,3.25
アフェランドラ,,,,,,,,,,,,,母父,5.0,0.0,0.0,0.2,0.0,,,0.0,0.0,0.0,0.0,7.2
アフレイタス,,,,,,,,,,,,,母父,9.0,0.2222222222222222,0.2222222222222222,0.3333333333333333,,0.2222222222222222,0.2222222222222222,,,0.2,0.0,5.444444444444445
アフロディシアス,,,,,,,,,,,,,母父,7.0,0.2857142857142857,0.42857142857142855,0.5714285714285714,,0.2857142857142857,,0.4,0.0,0.2,,4.142857142857143
アブソリュートレディ,,,,,,,,,,,,,母父,6.0,0.3333333333333333,0.3333333333333333,0.3333333333333333,0.25,0.5,0.0,0.5,,0.0,0.0,6.5
アプリコットフィズ,,,,,,,,,,,,,母父,16.0,0.0625,0.125,0.25,0.07692307692307693,0.0,0.0,0.0,0.25,0.07692307692307693,0.0,5.8125
アペラシオン,,,,,,,,,,,,,母父,11.0,0.09090909090909091,0.09090909090909091,0.18181818181818182,,0.09090909090909091,0.1111111111111111,0.0,,0.14285714285714285,0.0,9.181818181818182
アポセカリー,,,,,,,,,,,,,母父,7.0,0.0,0.0,0.0,0.0,0.0,0.0,0.0,,0.0,0.0,8.142857142857142
アポロジャスミン,,,,,,,,,,,,,母父,9.0,0.0,0.2222222222222222,0.3333333333333333,,0.0,0.0,0.0,,0.0,,5.888888888888889
アポロティアラ,,,,,,,,,,,,,母父,5.0,0.2,0.2,0.4,0.2,,,0.0,0.25,0.2,,6.2
アポロノカンザシ,,,,,,,,,,,,,母父,18.0,0.05555555555555555,0.16666666666666666,0.2222222222222222,0.0,0.058823529411764705,0.0,0.0,0.3333333333333333,0.0,0.0,7.666666666666667
アマダブラム,,,,,,,,,,,,,母父,6.0,0.0,0.0,0.0,0.0,0.0,0.0,0.0,,0.0,0.0,9.5
アマノチェリーラン,,,,,,,,,,,,,母父,6.0,0.0,0.0,0.0,,0.0,0.0,0.0,,0.0,0.0,7.833333333333333
アマルフィターナ,,,,,,,,,,,,,母父,5.0,0.0,0.6,0.6,0.0,,0.0,0.0,,0.0,0.0,5.0
アミリス,,,,,,,,,,,,,母父,6.0,0.16666666666666666,0.16666666666666666,0.3333333333333333,,0.16666666666666666,0.0,0.2,,0.0,0.0,8.666666666666666
アムールポエジー,,,,,,,,,,,,,母父,10.0,0.0,0.0,0.3,,0.0,,0.0,0.0,0.0,0.0,5.8
アムールレジェンド,,,,,,,,,,,,,母父,10.0,0.0,0.0,0.1,0.0,0.0,0.0,0.0,0.0,0.0,0.0,9.2
アメリ,,,,,,,,,,,,,母父,19.0,0.21052631578947367,0.3684210526315789,0.3684210526315789,0.21428571428571427,0.2,,0.25,0.0,0.2,0.3333333333333333,5.473684210526316
アメージングムーン,,,,,,,,,,,,,母父,5.0,0.6,0.6,0.6,0.6,,,0.6666666666666666,0.5,0.3333333333333333,1.0,4.8
アモールミーオ,,,,,,,,,,,,,母父,7.0,0.0,0.0,0.0,0.0,0.0,0.0,0.0,,0.0,0.0,11.428571428571429
アモーレヴォレ,,,,,,,,,,,,,母父,5.0,0.0,0.2,0.2,0.0,0.0,0.0,0.0,,0.0,,5.8
アユサン,,,,,,,,,,,,,母父,10.0,0.0,0.1,0.2,0.0,,0.0,0.0,,0.0,0.0,6.4
アラドヴァル,,,,,,,,,,,,,母父,6.0,0.0,0.0,0.3333333333333333,,0.0,,0.0,0.0,0.0,0.0,4.833333333333333
アラマサスナイパー,,,,,,,,,,,,,母父,5.0,0.0,0.0,0.4,0.0,0.0,0.0,0.0,,0.0,0.0,6.0
アラマサダンサー,,,,,,,,,,,,,母父,13.0,0.07692307692307693,0.07692307692307693,0.07692307692307693,0.0,0.09090909090909091,0.08333333333333333,0.0,,0.0,0.5,10.692307692307692
アリオーン,,,,,,,,,,,,,母父,5.0,0.0,0.0,0.0,,0.0,0.0,0.0,,0.0,0.0,9.6
アリゲーターアリー,,,,,,,,,,,,,母父,7.0,0.0,0.0,0.0,0.0,0.0,0.0,0.0,,0.0,0.0,8.428571428571429
アリスマイン,,,,,,,,,,,,,母父,5.0,0.0,0.0,0.0,0.0,0.0,,0.0,0.0,0.0,0.0,11.8
アリデッド,,,,,,,,,,,,,母父,5.0,0.0,0.0,0.0,0.0,,0.0,0.0,,0.0,0.0,8.0
アリュージョン,,,,,,,,,,,,,母父,7.0,0.0,0.0,0.14285714285714285,0.0,0.0,0.0,0.0,,0.0,,8.571428571428571
アリー,,,,,,,,,,,,,母父,14.0,0.0,0.07142857142857142,0.21428571428571427,0.0,0.0,0.0,0.0,,0.0,,7.928571428571429
アリーペデ,,,,,,,,,,,,,母父,7.0,0.0,0.0,0.0,0.0,0.0,,0.0,0.0,0.0,,8.571428571428571
アルアマーナ,,,,,,,,,,,,,母父,12.0,0.16666666666666666,0.3333333333333333,0.4166666666666667,0.0,0.2,0.0,0.2,,0.2222222222222222,0.0,5.916666666666667
アルカネット,,,,,,,,,,,,,母父,10.0,0.0,0.0,0.0,0.0,,,0.0,,0.0,,6.6
アルカンジュ,,,,,,,,,,,,,母父,9.0,0.1111111111111111,0.2222222222222222,0.2222222222222222,0.0,0.14285714285714285,0.0,0.14285714285714285,0.0,0.0,0.0,9.0
アルギュロス,,,,,,,,,,,,,母父,6.0,0.0,0.0,0.16666666666666666,0.0,,0.0,0.0,,0.0,,9.0
アルシッペ,,,,,,,,,,,,,母父,7.0,0.14285714285714285,0.2857142857142857,0.2857142857142857,,0.14285714285714285,,0.16666666666666666,0.0,0.0,0.0,5.857142857142857
アルティメイトラブ,,,,,,,,,,,,,母父,13.0,0.23076923076923078,0.3076923076923077,0.38461538461538464,0.0,0.2727272727272727,,0.2727272727272727,0.0,0.2222222222222222,0.5,4.923076923076923
アルデグロリア,,,,,,,,,,,,,母父,9.0,0.0,0.2222222222222222,0.3333333333333333,0.0,0.0,0.0,0.0,0.0,0.0,0.0,6.555555555555555
アルデュイナ,,,,,,,,,,,,,母父,11.0,0.09090909090909091,0.18181818181818182,0.2727272727272727,,0.09090909090909091,0.0,0.1,,0.0,0.3333333333333333,6.181818181818182
アルトゥーナ,,,,,,,,,,,,,母父,6.0,0.0,0.0,0.16666666666666666,0.0,0.0,0.0,0.0,,0.0,0.0,7.5
アルビアーノ,,,,,,,,,,,,,母父,6.0,0.3333333333333333,0.3333333333333333,0.3333333333333333,0.3333333333333333,,0.3333333333333333,0.3333333333333333,,0.2,,5.333333333333333
アルピナブルー,,,,,,,,,,,,,母父,8.0,0.125,0.125,0.5,0.2,0.0,0.16666666666666666,0.0,,0.2,0.0,6.0
アルフィルク,,,,,,,,,,,,,母父,7.0,0.0,0.0,0.0,,0.0,,0.0,0.0,0.0,0.0,8.285714285714286
アルペンローズ,,,,,,,,,,,,,母父,8.0,0.125,0.125,0.125,0.125,,0.2,0.0,0.0,0.0,0.0,8.375
アルマシャウラ,,,,,,,,,,,,,母父,8.0,0.0,0.0,0.125,0.0,0.0,,0.0,0.0,0.0,0.0,5.875
アルマフローラ,,,,,,,,,,,,,母父,8.0,0.0,0.0,0.0,0.0,0.0,0.0,0.0,,0.0,0.0,9.625
アルレガーロ,,,,,,,,,,,,,母父,11.0,0.0,0.0,0.09090909090909091,0.0,0.0,0.0,0.0,0.0,0.0,0.0,10.272727272727273
アルヴェナ,,,,,,,,,,,,,母父,12.0,0.3333333333333333,0.5,0.5,,0.3333333333333333,0.5,0.25,,0.5,0.0,4.916666666666667
アルーア,,,,,,,,,,,,,母父,10.0,0.1,0.3,0.3,0.0,0.3333333333333333,,0.1111111111111111,0.0,0.16666666666666666,0.0,5.2
アルーシュ,,,,,,,,,,,,,母父,10.0,0.2,0.5,0.6,0.0,0.2222222222222222,0.5,0.14285714285714285,0.0,0.5,0.0,3.4
アルーリングアクト,,,,,,,,,,,,,母父,6.0,0.0,0.0,0.0,0.0,0.0,0.0,,,0.0,0.0,9.333333333333334
アルーリングハート,,,,,,,,,,,,,母父,7.0,0.14285714285714285,0.5714285714285714,0.7142857142857143,0.25,0.0,0.14285714285714285,,,0.0,0.5,2.5714285714285716
アルーリングボイス,,,,,,,,,,,,,母父,13.0,0.0,0.07692307692307693,0.23076923076923078,0.0,0.0,0.0,0.0,,0.0,,9.0
アレキサンドリア,,,,,,,,,,,,,母父,8.0,0.125,0.5,0.625,0.0,0.14285714285714285,0.0,0.16666666666666666,,0.0,0.5,6.5
アレキパ,,,,,,,,,,,,,母父,12.0,0.0,0.0,0.0,0.0,0.0,0.0,0.0,0.0,0.0,0.0,7.0
アレグリアス,,,,,,,,,,,,,母父,5.0,0.0,0.0,0.2,0.0,0.0,,0.0,0.0,0.0,0.0,6.8
アロマティコ,,,,,,,,,,,,,母父,14.0,0.42857142857142855,0.5714285714285714,0.6428571428571429,0.42857142857142855,,0.0,0.5,0.42857142857142855,0.45454545454545453,0.5,3.142857142857143
アワーオアシス,,,,,,,,,,,,,母父,6.0,0.16666666666666666,0.3333333333333333,0.3333333333333333,0.16666666666666666,,0.16666666666666666,,,0.2,,6.833333333333333
アワーグラス,,,,,,,,,,,,,母父,6.0,0.0,0.0,0.0,0.0,0.0,0.0,0.0,,0.0,0.0,7.0
アンカジャポニカ,,,,,,,,,,,,,母父,9.0,0.0,0.0,0.0,0.0,,0.0,0.0,,0.0,,9.444444444444445
アンケセナーメン,,,,,,,,,,,,,母父,8.0,0.125,0.375,0.375,0.0,0.14285714285714285,0.14285714285714285,0.0,,0.25,0.0,5.625
アンコールピース,,,,,,,,,,,,,母父,18.0,0.0,0.1111111111111111,0.1111111111111111,0.0,0.0,0.0,0.0,0.0,0.0,0.0,7.388888888888889
アンシャンタン,,,,,,,,,,,,,母父,8.0,0.0,0.0,0.0,,0.0,0.0,0.0,,0.0,0.0,7.5
アンジェラスキッス,,,,,,,,,,,,,母父,17.0,0.0,0.058823529411764705,0.17647058823529413,0.0,0.0,0.0,0.0,0.0,0.0,0.0,6.117647058823529
アンジェリック,,,,,,,,,,,,,母父,6.0,0.0,0.16666666666666666,0.3333333333333333,0.0,0.0,,0.0,0.0,0.0,0.0,6.833333333333333
アンジュエ,,,,,,,,,,,,,母父,7.0,0.0,0.0,0.0,,0.0,0.0,0.0,0.0,0.0,0.0,7.857142857142857
アンジュシュエット,,,,,,,,,,,,,母父,10.0,0.3,0.5,0.6,,0.3,0.42857142857142855,0.0,,0.0,1.0,5.6
アンスポークン,,,,,,,,,,,,,母父,6.0,0.0,0.16666666666666666,0.16666666666666666,0.0,0.0,,0.0,,0.0,0.0,9.5
アンソロジー,,,,,,,,,,,,,母父,5.0,0.2,0.4,0.4,0.25,0.0,0.0,0.25,,0.0,1.0,6.6
アンティフォナ,,,,,,,,,,,,,母父,15.0,0.26666666666666666,0.4,0.5333333333333333,0.375,0.14285714285714285,0.25,0.3333333333333333,,0.4,0.0,5.666666666666667
アンティフリーズ,,,,,,,,,,,,,母父,14.0,0.07142857142857142,0.21428571428571427,0.35714285714285715,,0.07142857142857142,0.07142857142857142,,,0.0,0.5,6.928571428571429
アンティークカラー,,,,,,,,,,,,,母父,10.0,0.0,0.0,0.2,,0.0,,0.0,,0.0,0.0,7.2
アンテプリッツ,,,,,,,,,,,,,母父,7.0,0.0,0.0,0.0,0.0,0.0,0.0,0.0,,0.0,0.0,10.142857142857142
アントワープ,,,,,,,,,,,,,母父,15.0,0.13333333333333333,0.13333333333333333,0.3333333333333333,0.0,0.14285714285714285,0.14285714285714285,0.14285714285714285,0.0,0.16666666666666666,0.14285714285714285,7.533333333333333
アンドレルノートル,,,,,,,,,,,,,母父,8.0,0.125,0.125,0.5,,0.125,0.0,0.16666666666666666,,0.25,0.0,5.375
アンナヴァン,,,,,,,,,,,,,母父,6.0,0.16666666666666666,0.16666666666666666,0.16666666666666666,0.0,0.25,0.3333333333333333,0.0,0.0,0.0,0.5,8.0
アンナータ,,,,,,,,,,,,,母父,6.0,0.16666666666666666,0.16666666666666666,0.3333333333333333,,0.16666666666666666,0.0,0.3333333333333333,,0.2,0.0,5.166666666666667
アンニュイブルース,,,,,,,,,,,,,母父,10.0,0.1,0.1,0.2,0.0,0.1111111111111111,0.1111111111111111,0.0,,0.2,0.0,10.0
アンビータブル,,,,,,,,,,,,,母父,7.0,0.0,0.14285714285714285,0.2857142857142857,0.0,0.0,,0.0,0.0,0.0,,6.285714285714286
アンフィルージュ,,,,,,,,,,,,,母父,11.0,0.0,0.18181818181818182,0.18181818181818182,0.0,,,0.0,0.0,0.0,0.0,6.2727272727272725
アンブルサイド,,,,,,,,,,,,,母父,7.0,0.2857142857142857,0.42857142857142855,0.42857142857142855,,0.2857142857142857,0.25,0.3333333333333333,,0.5,0.0,4.857142857142857
アンプリペアード,,,,,,,,,,,,,母父,17.0,0.058823529411764705,0.11764705882352941,0.17647058823529413,0.09090909090909091,0.0,0.1,0.0,,0.06666666666666667,0.0,5.882352941176471
アンリミテッドバジェット,,,,,,,,,,,,,母父,16.0,0.0625,0.1875,0.3125,0.0,0.09090909090909091,,0.08333333333333333,0.0,0.0,0.25,6.5
アンルーリー,,,,,,,,,,,,,母父,9.0,0.0,0.0,0.1111111111111111,0.0,0.0,,0.0,0.0,0.0,0.0,8.555555555555555
アンレール,,,,,,,,,,,,,母父,8.0,0.125,0.375,0.5,0.125,,,0.5,0.0,0.0,0.0,6.75
アヴェクトワ,,,,,,,,,,,,,母父,12.0,0.0,0.08333333333333333,0.08333333333333333,0.0,0.0,,0.0,0.0,0.0,0.0,7.916666666666667
アヴェンチュラ,,,,,,,,,,,,,母父,6.0,0.0,0.3333333333333333,0.3333333333333333,0.0,0.0,,0.0,,0.0,,5.666666666666667
アヴニールセルタン,,,,,,,,,,,,,母父,11.0,0.45454545454545453,0.45454545454545453,0.6363636363636364,0.45454545454545453,,,0.5,0.0,0.4,,4.2727272727272725
アースザスリー,,,,,,,,,,,,,母父,5.0,0.0,0.2,0.2,0.0,0.0,,0.0,0.0,0.0,0.0,6.2
アースビーガ,,,,,,,,,,,,,母父,9.0,0.0,0.1111111111111111,0.1111111111111111,,0.0,,0.0,0.0,0.0,,7.555555555555555
アースファイヤー,,,,,,,,,,,,,母父,9.0,0.1111111111111111,0.1111111111111111,0.1111111111111111,0.0,0.16666666666666666,0.3333333333333333,0.0,0.0,0.16666666666666666,,7.444444444444445
アースプレイ,,,,,,,,,,,,,母父,5.0,0.4,0.6,0.8,0.5,0.0,0.4,,,0.0,0.0,2.2
アースマリン,,,,,,,,,,,,,母父,7.0,0.14285714285714285,0.14285714285714285,0.14285714285714285,0.16666666666666666,0.0,,0.0,0.25,0.16666666666666666,,8.428571428571429
アーダーチャリス,,,,,,,,,,,,,母父,8.0,0.0,0.0,0.0,0.0,0.0,0.0,0.0,0.0,0.0,0.0,8.125
アートスタジオ,,,,,,,,,,,,,母父,12.0,0.08333333333333333,0.25,0.3333333333333333,0.25,0.0,0.125,0.0,0.0,0.0,0.0,6.75
アートプリンセス,,,,,,,,,,,,,母父,18.0,0.2777777777777778,0.3333333333333333,0.3888888888888889,0.0,0.29411764705882354,0.4,0.2727272727272727,0.0,0.2727272727272727,0.2,4.555555555555555
アーリーアメリカン,,,,,,,,,,,,,母父,11.0,0.09090909090909091,0.09090909090909091,0.2727272727272727,0.2,0.0,0.0,0.0,0.2,0.16666666666666666,0.0,7.2727272727272725
アーリースプリング,,,,,,,,,,,,,母父,12.0,0.3333333333333333,0.4166666666666667,0.4166666666666667,0.0,0.4,0.3333333333333333,0.2857142857142857,0.5,0.5,0.0,7.5
アーヴェイ,,,,,,,,,,,,,母父,20.0,0.05,0.1,0.1,0.0625,0.0,,0.0,0.07142857142857142,0.07142857142857142,0.0,7.1
イエスアイキャン,,,,,,,,,,,,,母父,11.0,0.09090909090909091,0.09090909090909091,0.18181818181818182,0.0,0.1111111111111111,0.1111111111111111,0.0,,0.0,0.0,7.2727272727272725
イオ,,,,,,,,,,,,,母父,5.0,0.0,0.0,0.0,,0.0,0.0,,,0.0,,12.4
イオス,,,,,,,,,,,,,母父,9.0,0.0,0.3333333333333333,0.4444444444444444,0.0,0.0,0.0,0.0,,0.0,0.0,4.666666666666667
イクスキューズ,,,,,,,,,,,,,母父,22.0,0.045454545454545456,0.18181818181818182,0.2727272727272727,0.045454545454545456,,0.0,0.0,0.14285714285714285,0.05263157894736842,,7.2727272727272725
イグジビットワン,,,,,,,,,,,,,母父,5.0,0.0,0.0,0.2,0.0,,,0.0,,0.0,0.0,5.6
イコールパートナー,,,,,,,,,,,,,母父,12.0,0.16666666666666666,0.3333333333333333,0.3333333333333333,0.2857142857142857,0.0,0.0,0.0,0.5,0.25,0.0,6.25
イサベル,,,,,,,,,,,,,母父,7.0,0.14285714285714285,0.5714285714285714,0.8571428571428571,0.14285714285714285,,,0.14285714285714285,,0.16666666666666666,,2.5714285714285716
イシス,,,,,,,,,,,,,母父,8.0,0.125,0.125,0.375,0.125,,0.0,0.25,,0.125,,5.625
イスタンブール,,,,,,,,,,,,,母父,9.0,0.2222222222222222,0.2222222222222222,0.4444444444444444,0.2,0.25,,0.16666666666666666,0.3333333333333333,0.25,0.3333333333333333,4.333333333333333
イストワール,,,,,,,,,,,,,母父,5.0,0.2,0.2,0.6,,0.2,0.25,0.0,,0.25,,4.4
イズミバード,,,,,,,,,,,,,母父,10.0,0.1,0.2,0.4,0.0,0.25,0.2,0.0,0.0,0.0,1.0,4.6
イソシギ,,,,,,,,,,,,,母父,13.0,0.0,0.07692307692307693,0.3076923076923077,0.0,0.0,0.0,0.0,,0.0,0.0,7.153846153846154
イソノスワロー,,,,,,,,,,,,,母父,13.0,0.15384615384615385,0.23076923076923078,0.3076923076923077,0.15384615384615385,,,0.0,0.2,0.14285714285714285,,7.615384615384615
イゾラトウショウ,,,,,,,,,,,,,母父,18.0,0.05555555555555555,0.1111111111111111,0.1111111111111111,0.0,0.08333333333333333,0.06666666666666667,0.0,,0.0,0.0,10.444444444444445
イタリアンオリーブ,,,,,,,,,,,,,母父,9.0,0.0,0.0,0.2222222222222222,,0.0,0.0,0.0,,0.0,,7.111111111111111
イチオクノホシ,,,,,,,,,,,,,母父,6.0,0.0,0.0,0.0,0.0,0.0,0.0,0.0,,0.0,0.0,10.833333333333334
イチノヤジョウ,,,,,,,,,,,,,母父,10.0,0.3,0.5,0.6,,0.3,0.3,,,0.5,0.0,5.5
イニシャルダブル,,,,,,,,,,,,,母父,8.0,0.125,0.125,0.25,0.0,0.25,0.0,0.14285714285714285,,0.0,0.5,7.0
イマーキュレイトキャット,,,,,,,,,,,,,母父,7.0,0.14285714285714285,0.42857142857142855,0.42857142857142855,0.14285714285714285,,,0.14285714285714285,,0.0,1.0,5.0
イミラカチャ,,,,,,,,,,,,,母父,5.0,0.0,0.0,0.0,0.0,0.0,0.0,,,,0.0,6.8
イリデ,,,,,,,,,,,,,母父,8.0,0.125,0.125,0.25,,0.125,0.125,,,0.0,0.0,8.25
イリュミナンス,,,,,,,,,,,,,母父,7.0,0.2857142857142857,0.42857142857142855,0.42857142857142855,0.3333333333333333,0.0,,0.2857142857142857,,0.25,0.0,4.571428571428571
イルドロール,,,,,,,,,,,,,母父,15.0,0.06666666666666667,0.06666666666666667,0.13333333333333333,0.0,0.125,0.07142857142857142,0.0,,0.08333333333333333,0.0,9.4
イルネージュ,,,,,,,,,,,,,母父,5.0,0.0,0.2,0.2,0.0,0.0,,0.0,,0.0,0.0,7.0
イルバチオ,,,,,,,,,,,,,母父,5.0,0.0,0.2,0.4,,0.0,0.0,,,0.0,0.0,6.6
イルミナティ,,,,,,,,,,,,,母父,10.0,0.0,0.0,0.0,0.0,0.0,0.0,0.0,0.0,0.0,,9.6
イルーシヴウェーヴ,,,,,,,,,,,,,母父,8.0,0.375,0.375,0.375,0.375,,,0.42857142857142855,0.0,0.42857142857142855,0.0,5.5
イルーシヴキャット,,,,,,,,,,,,,母父,13.0,0.15384615384615385,0.23076923076923078,0.23076923076923078,0.15384615384615385,,,0.15384615384615385,,0.18181818181818182,0.0,6.076923076923077
イロジカケ,,,,,,,,,,,,,母父,6.0,0.16666666666666666,0.16666666666666666,0.3333333333333333,0.16666666666666666,,,0.0,0.3333333333333333,0.0,0.5,6.166666666666667
インクレセント,,,,,,,,,,,,,母父,7.0,0.14285714285714285,0.2857142857142857,0.2857142857142857,0.0,0.16666666666666666,,0.16666666666666666,0.0,0.2,,6.714285714285714
インコグニート,,,,,,,,,,,,,母父,9.0,0.0,0.0,0.1111111111111111,0.0,0.0,0.0,0.0,,0.0,0.0,7.555555555555555
インシスト,,,,,,,,,,,,,母父,8.0,0.0,0.0,0.0,0.0,0.0,0.0,0.0,0.0,0.0,0.0,7.25
インソムニア,,,,,,,,,,,,,母父,11.0,0.09090909090909091,0.18181818181818182,0.2727272727272727,0.0,0.1,0.0,0.125,,0.125,0.0,7.636363636363637
インダクティ,,,,,,,,,,,,,母父,5.0,0.0,0.2,0.2,0.0,0.0,,0.0,,0.0,,10.0
インティワタナ,,,,,,,,,,,,,母父,12.0,0.08333333333333333,0.08333333333333333,0.08333333333333333,0.0,0.1111111111111111,0.0,0.2,0.0,0.0,0.25,9.083333333333334
インディアナギャル,,,,,,,,,,,,,母父,8.0,0.0,0.0,0.0,0.0,0.0,0.0,0.0,,0.0,0.0,8.5
インディストラーダ,,,,,,,,,,,,,母父,5.0,0.0,0.0,0.0,0.0,0.0,,0.0,0.0,0.0,0.0,6.2
イントロダクション,,,,,,,,,,,,,母父,5.0,0.0,0.2,0.2,,0.0,0.0,0.0,,0.0,0.0,6.4
インドリヤ,,,,,,,,,,,,,母父,10.0,0.2,0.5,0.5,0.0,0.25,0.2,,,0.4,0.0,4.1
インナーアージ,,,,,,,,,,,,,母父,5.0,0.0,0.0,0.0,0.0,,0.0,0.0,0.0,0.0,,6.2
インプレスゴールド,,,,,,,,,,,,,母父,11.0,0.2727272727272727,0.45454545454545453,0.45454545454545453,0.3333333333333333,0.25,0.375,0.0,,0.42857142857142855,0.0,5.7272727272727275
インプレッシヴ,,,,,,,,,,,,,母父,7.0,0.0,0.0,0.0,0.0,0.0,0.0,0.0,0.0,0.0,0.0,11.571428571428571
インマイラヴ,,,,,,,,,,,,,母父,5.0,0.0,0.0,0.0,0.0,0.0,0.0,,0.0,0.0,0.0,10.8
イヴニングミスト,,,,,,,,,,,,,母父,7.0,0.0,0.0,0.0,0.0,0.0,0.0,0.0,,0.0,0.0,11.428571428571429
イースタリーブリーズ,,,,,,,,,,,,,母父,6.0,0.0,0.0,0.0,0.0,0.0,0.0,0.0,0.0,0.0,0.0,8.166666666666666
イーデンズコーズウェイ,,,,,,,,,,,,,母父,10.0,0.0,0.2,0.4,0.0,0.0,0.0,0.0,,0.0,0.0,5.3
ウアジェト,,,,,,,,,,,,,母父,10.0,0.1,0.3,0.3,0.1111111111111111,0.0,0.0,0.125,0.0,0.2,0.0,6.2
ウィキウィキ,,,,,,,,,,,,,母父,7.0,0.2857142857142857,0.2857142857142857,0.2857142857142857,0.2857142857142857,,0.0,0.4,0.0,0.25,,9.428571428571429
ウィキッドリーパーフェクト,,,,,,,,,,,,,母父,6.0,0.0,0.3333333333333333,0.6666666666666666,0.0,,,0.0,0.0,0.0,0.0,5.166666666666667
ウィケットキーパー,,,,,,,,,,,,,母父,9.0,0.3333333333333333,0.3333333333333333,0.3333333333333333,0.0,0.375,0.0,0.375,,0.2,1.0,6.111111111111111
ウィステリアアーチ,,,,,,,,,,,,,母父,7.0,0.14285714285714285,0.14285714285714285,0.2857142857142857,0.5,0.0,0.0,0.0,1.0,0.16666666666666666,0.0,7.857142857142857
ウィストラム,,,,,,,,,,,,,母父,16.0,0.0,0.125,0.1875,0.0,0.0,0.0,0.0,,0.0,0.0,9.1875
ウィズザフロウ,,,,,,,,,,,,,母父,14.0,0.07142857142857142,0.21428571428571427,0.21428571428571427,0.08333333333333333,0.0,,0.0,0.14285714285714285,0.08333333333333333,0.0,7.285714285714286
ウィッシュ,,,,,,,,,,,,,母父,10.0,0.1,0.1,0.1,0.0,0.125,0.0,0.125,,0.14285714285714285,0.0,8.3
ウィッチフルシンキング,,,,,,,,,,,,,母父,6.0,0.0,0.0,0.16666666666666666,,0.0,0.0,0.0,0.0,0.0,0.0,6.5
ウィラビーオーサム,,,,,,,,,,,,,母父,5.0,0.0,0.0,0.2,0.0,,0.0,0.0,,0.0,0.0,6.0
ウィルパワー,,,,,,,,,,,,,母父,7.0,0.2857142857142857,0.2857142857142857,0.42857142857142855,0.2857142857142857,,0.3333333333333333,0.25,,0.4,,4.142857142857143
ウィルビーゼア,,,,,,,,,,,,,母父,6.0,0.0,0.0,0.16666666666666666,0.0,0.0,,0.0,,0.0,0.0,6.666666666666667
ウィンターコスモス,,,,,,,,,,,,,母父,7.0,0.0,0.0,0.0,0.0,,0.0,,0.0,0.0,,6.571428571428571
ウィーミスフランキー,,,,,,,,,,,,,母父,6.0,0.3333333333333333,0.5,0.5,0.2,1.0,0.5,0.25,,0.4,0.0,6.0
ウイッチ,,,,,,,,,,,,,母父,5.0,0.2,0.2,0.2,,0.2,0.25,0.0,,0.5,0.0,9.2
ウインアキレア,,,,,,,,,,,,,母父,10.0,0.3,0.4,0.5,0.0,0.375,0.3333333333333333,0.0,,0.2,0.0,5.3
ウインアンジェラス,,,,,,,,,,,,,母父,18.0,0.0,0.0,0.05555555555555555,0.0,0.0,0.0,0.0,,0.0,0.0,7.222222222222222
ウインエルドール,,,,,,,,,,,,,母父,6.0,0.0,0.0,0.0,0.0,,0.0,,0.0,0.0,0.0,11.333333333333334
ウインガイア,,,,,,,,,,,,,母父,22.0,0.09090909090909091,0.18181818181818182,0.2727272727272727,0.0,0.11764705882352941,0.1,0.0,0.125,0.08333333333333333,0.125,6.818181818181818
ウインクリアビュー,,,,,,,,,,,,,母父,10.0,0.0,0.0,0.2,0.0,0.0,0.0,0.0,,0.0,0.0,5.0
ウイングドウィール,,,,,,,,,,,,,母父,8.0,0.125,0.125,0.25,0.16666666666666666,0.0,,0.2,0.0,0.0,0.5,7.375
ウイングドキャット,,,,,,,,,,,,,母父,8.0,0.0,0.125,0.125,0.0,,0.0,0.0,,0.0,,6.875
ウインセラヴィ,,,,,,,,,,,,,母父,5.0,0.0,0.0,0.0,0.0,0.0,0.0,0.0,,0.0,0.0,11.2
ウインティアラ,,,,,,,,,,,,,母父,5.0,0.0,0.0,0.2,0.0,0.0,0.0,0.0,,0.0,,9.6
ウインディーヒル,,,,,,,,,,,,,母父,19.0,0.05263157894736842,0.05263157894736842,0.15789473684210525,0.0,0.07692307692307693,0.0,0.0,0.125,0.0,0.3333333333333333,8.421052631578947
ウインデンファーレ,,,,,,,,,,,,,母父,9.0,0.1111111111111111,0.1111111111111111,0.1111111111111111,0.1111111111111111,,,0.25,0.0,0.14285714285714285,0.0,7.0
ウインドクラスト,,,,,,,,,,,,,母父,15.0,0.26666666666666666,0.4666666666666667,0.4666666666666667,,0.26666666666666666,0.26666666666666666,,,0.2857142857142857,0.25,4.2
ウインドストリーム,,,,,,,,,,,,,母父,9.0,0.1111111111111111,0.4444444444444444,0.4444444444444444,,0.1111111111111111,,0.125,0.0,0.14285714285714285,0.0,6.666666666666667
ウインファンタジア,,,,,,,,,,,,,母父,5.0,0.0,0.0,0.0,,0.0,0.0,,,0.0,0.0,13.2
ウインブリーザ,,,,,,,,,,,,,母父,6.0,0.16666666666666666,0.16666666666666666,0.16666666666666666,1.0,0.0,0.16666666666666666,,,0.25,0.0,8.833333333333334
ウインブロッサム,,,,,,,,,,,,,母父,5.0,0.0,0.0,0.0,,0.0,0.0,,,0.0,,7.6
ウインマリアベール,,,,,,,,,,,,,母父,7.0,0.0,0.2857142857142857,0.2857142857142857,0.0,0.0,,0.0,,0.0,,6.857142857142857
ウインミーティア,,,,,,,,,,,,,母父,6.0,0.16666666666666666,0.16666666666666666,0.5,0.16666666666666666,,,0.0,0.25,0.2,0.0,4.5
ウインルナ,,,,,,,,,,,,,母父,15.0,0.06666666666666667,0.13333333333333333,0.4,0.14285714285714285,0.0,0.0,0.0,0.25,0.1,0.0,7.733333333333333
ウインヴァネッサ,,,,,,,,,,,,,母父,9.0,0.0,0.0,0.0,,0.0,0.0,0.0,,0.0,0.0,8.555555555555555
ウェアレイ,,,,,,,,,,,,,母父,6.0,0.0,0.16666666666666666,0.16666666666666666,,0.0,0.0,,,0.0,0.0,5.5
ウェイクアップマギー,,,,,,,,,,,,,母父,9.0,0.1111111111111111,0.2222222222222222,0.2222222222222222,0.125,0.0,,0.14285714285714285,0.0,0.16666666666666666,0.0,5.888888888888889
ウェディングフジコ,,,,,,,,,,,,,母父,16.0,0.0625,0.0625,0.1875,0.06666666666666667,0.0,,0.0625,,0.1,0.0,8.3125
ウェルカムフラワー,,,,,,,,,,,,,母父,5.0,0.0,0.2,0.2,0.0,0.0,,0.0,0.0,0.0,0.0,5.2
ウェンブリー,,,,,,,,,,,,,母父,14.0,0.07142857142857142,0.07142857142857142,0.21428571428571427,0.07142857142857142,,,0.0,0.14285714285714285,0.14285714285714285,0.0,7.285714285714286
ウェーブクイーン,,,,,,,,,,,,,母父,5.0,0.0,0.0,0.0,0.0,,,0.0,0.0,0.0,,7.0
ウエスタンダンサー,,,,,,,,,,,,,母父,8.0,0.375,0.625,0.625,0.0,0.42857142857142855,0.4,0.5,0.0,0.4,0.5,4.5
ウエスタンデンコー,,,,,,,,,,,,,母父,7.0,0.0,0.0,0.2857142857142857,0.0,0.0,0.0,0.0,,0.0,0.0,6.0
ウエスタンベッラ,,,,,,,,,,,,,母父,6.0,0.0,0.0,0.16666666666666666,0.0,0.0,0.0,0.0,0.0,0.0,,10.5
ウエストローズ,,,,,,,,,,,,,母父,5.0,0.0,0.6,0.6,0.0,0.0,0.0,0.0,,0.0,0.0,5.0
ウォッチハー,,,,,,,,,,,,,母父,11.0,0.09090909090909091,0.18181818181818182,0.18181818181818182,0.0,0.1,,0.1,0.0,0.25,0.0,6.0
ウォンビーロング,,,,,,,,,,,,,母父,11.0,0.0,0.0,0.09090909090909091,,0.0,0.0,,,0.0,0.0,8.636363636363637
ウォータープリプリ,,,,,,,,,,,,,母父,5.0,0.0,0.0,0.0,,0.0,0.0,,,0.0,,7.4
ウォータープレミア,,,,,,,,,,,,,母父,10.0,0.1,0.2,0.2,0.16666666666666666,0.0,0.0,0.0,0.3333333333333333,0.125,0.0,6.9
ウッドシップ,,,,,,,,,,,,,母父,6.0,0.16666666666666666,0.16666666666666666,0.16666666666666666,0.0,0.2,0.0,0.5,0.0,0.25,0.0,6.0
ウマクイクトオモウ,,,,,,,,,,,,,母父,12.0,0.16666666666666666,0.25,0.4166666666666667,0.18181818181818182,0.0,0.0,0.2222222222222222,,0.1,0.5,5.333333333333333
ウミラージ,,,,,,,,,,,,,母父,5.0,0.0,0.0,0.0,0.0,0.0,,0.0,,0.0,,9.0
ウメノファイバー,,,,,,,,,,,,,母父,8.0,0.0,0.0,0.0,0.0,,0.0,0.0,0.0,0.0,0.0,8.5
ウルトラブレンド,,,,,,,,,,,,,母父,7.0,0.42857142857142855,0.42857142857142855,0.42857142857142855,0.25,0.6666666666666666,,0.5,0.0,0.2,1.0,7.0
ウーマンインレッド,,,,,,,,,,,,,母父,8.0,0.0,0.0,0.0,0.0,0.0,0.0,0.0,,0.0,0.0,10.125
エアトゥーレ,,,,,,,,,,,,,母父,18.0,0.05555555555555555,0.05555555555555555,0.2222222222222222,0.09090909090909091,0.0,0.0,0.0,0.07692307692307693,0.08333333333333333,0.0,6.666666666666667
エアベルヘザー,,,,,,,,,,,,,母父,8.0,0.0,0.0,0.0,0.0,0.0,0.0,0.0,0.0,0.0,0.0,8.5
エアマグダラ,,,,,,,,,,,,,母父,6.0,0.16666666666666666,0.16666666666666666,0.16666666666666666,0.5,0.0,,0.0,0.25,0.0,0.5,9.333333333333334
エアマチュール,,,,,,,,,,,,,母父,5.0,0.0,0.0,0.0,0.0,0.0,0.0,0.0,,0.0,0.0,11.6
エアラホーヤ,,,,,,,,,,,,,母父,15.0,0.13333333333333333,0.3333333333333333,0.4666666666666667,0.0,0.2222222222222222,0.0,0.6666666666666666,0.0,0.16666666666666666,,5.4
エアレモネード,,,,,,,,,,,,,母父,9.0,0.1111111111111111,0.2222222222222222,0.3333333333333333,,0.1111111111111111,0.1111111111111111,,,0.2,0.0,7.0
エアワンピース,,,,,,,,,,,,,母父,9.0,0.2222222222222222,0.2222222222222222,0.4444444444444444,0.25,0.0,0.0,0.25,,0.16666666666666666,,4.333333333333333
エイグレット,,,,,,,,,,,,,母父,15.0,0.26666666666666666,0.3333333333333333,0.3333333333333333,0.2857142857142857,0.25,0.0,0.4,0.0,0.3,0.0,8.133333333333333
エイコオウイング,,,,,,,,,,,,,母父,8.0,0.0,0.0,0.0,,0.0,0.0,,,0.0,0.0,8.5
エイシンゴージャス,,,,,,,,,,,,,母父,5.0,0.0,0.0,0.0,0.0,0.0,0.0,0.0,0.0,0.0,0.0,10.2
エイシンサンバレー,,,,,,,,,,,,,母父,6.0,0.0,0.3333333333333333,0.3333333333333333,0.0,,,0.0,,0.0,,4.833333333333333
エイシンサーメット,,,,,,,,,,,,,母父,6.0,0.0,0.0,0.0,,0.0,0.0,0.0,,0.0,0.0,10.333333333333334
エイシンスイーツ,,,,,,,,,,,,,母父,5.0,0.2,0.2,0.2,0.2,,0.0,0.25,,0.25,0.0,5.0
エイシンパンジー,,,,,,,,,,,,,母父,10.0,0.0,0.1,0.2,0.0,0.0,,0.0,0.0,0.0,,7.4
エイジアンウインズ,,,,,,,,,,,,,母父,12.0,0.16666666666666666,0.16666666666666666,0.16666666666666666,0.1,0.5,1.0,0.09090909090909091,,0.14285714285714285,0.5,7.833333333333333
エイユーモモチャン,,,,,,,,,,,,,母父,7.0,0.14285714285714285,0.14285714285714285,0.2857142857142857,,0.14285714285714285,0.2,0.0,,0.25,0.0,9.428571428571429
エインセル,,,,,,,,,,,,,母父,6.0,0.0,0.16666666666666666,0.5,,0.0,0.0,0.0,0.0,0.0,0.0,6.5
エオリアンハープ,,,,,,,,,,,,,母父,20.0,0.1,0.25,0.3,0.14285714285714285,0.07692307692307693,0.0,0.18181818181818182,0.0,0.09090909090909091,0.0,5.9
エカポールパンダ,,,,,,,,,,,,,母父,7.0,0.14285714285714285,0.14285714285714285,0.14285714285714285,0.16666666666666666,0.0,0.3333333333333333,0.0,,0.16666666666666666,,7.714285714285714
エカルラート,,,,,,,,,,,,,母父,16.0,0.1875,0.375,0.5,0.375,0.0,0.0,0.16666666666666666,0.4,0.3,0.0,5.375
エガオヨシ,,,,,,,,,,,,,母父,9.0,0.0,0.0,0.3333333333333333,0.0,0.0,0.0,,0.0,0.0,0.0,5.666666666666667
エキスカベイター,,,,,,,,,,,,,母父,7.0,0.14285714285714285,0.2857142857142857,0.2857142857142857,,0.14285714285714285,0.14285714285714285,,,0.0,0.0,9.571428571428571
エキナシア,,,,,,,,,,,,,母父,6.0,0.16666666666666666,0.3333333333333333,0.5,0.2,0.0,0.16666666666666666,,,0.3333333333333333,0.0,6.333333333333333
エクセレンスII,,,,,,,,,,,,,母父,17.0,0.23529411764705882,0.29411764705882354,0.4117647058823529,0.23529411764705882,,,0.25,0.2222222222222222,0.3333333333333333,0.0,4.764705882352941
エクセレントピーク,,,,,,,,,,,,,母父,7.0,0.0,0.0,0.0,0.0,0.0,0.0,0.0,,0.0,0.0,8.142857142857142
エクセレントブルー,,,,,,,,,,,,,母父,5.0,0.0,0.0,0.0,0.0,0.0,0.0,0.0,,0.0,0.0,13.4
エスケイミネルバ,,,,,,,,,,,,,母父,8.0,0.0,0.0,0.125,,0.0,,0.0,,0.0,0.0,7.625
エスコルピオン,,,,,,,,,,,,,母父,12.0,0.08333333333333333,0.25,0.25,,0.08333333333333333,0.09090909090909091,0.0,,0.0,0.0,6.333333333333333
エスジーナミ,,,,,,,,,,,,,母父,11.0,0.0,0.0,0.18181818181818182,0.0,,0.0,0.0,0.0,0.0,,7.7272727272727275
エスジーブルーム,,,,,,,,,,,,,母父,6.0,0.3333333333333333,0.5,0.6666666666666666,0.2,1.0,,0.3333333333333333,,0.3333333333333333,,3.1666666666666665
エスティマリリン,,,,,,,,,,,,,母父,6.0,0.16666666666666666,0.16666666666666666,0.16666666666666666,0.5,0.0,0.3333333333333333,0.0,0.0,0.2,0.0,8.0
エスピナアスール,,,,,,,,,,,,,母父,9.0,0.0,0.2222222222222222,0.3333333333333333,0.0,0.0,0.0,0.0,0.0,0.0,0.0,6.444444444444445
エタニティ,,,,,,,,,,,,,母父,5.0,0.0,0.0,0.2,0.0,,,0.0,,0.0,0.0,7.2
エターナルブーケ,,,,,,,,,,,,,母父,6.0,0.16666666666666666,0.3333333333333333,0.5,0.16666666666666666,,,0.2,0.0,0.0,1.0,5.333333333333333
エターナルムーン,,,,,,,,,,,,,母父,8.0,0.125,0.125,0.25,,0.125,0.25,0.0,,0.0,1.0,6.375
エターナルロマンス,,,,,,,,,,,,,母父,10.0,0.0,0.1,0.4,,0.0,,0.0,0.0,0.0,0.0,5.5
エディン,,,,,,,,,,,,,母父,6.0,0.3333333333333333,0.5,0.5,0.3333333333333333,,,0.3333333333333333,,0.4,0.0,4.833333333333333
エトピリカ,,,,,,,,,,,,,母父,17.0,0.0,0.17647058823529413,0.29411764705882354,0.0,0.0,0.0,,,0.0,0.0,5.0588235294117645
エナジーハート,,,,,,,,,,,,,母父,9.0,0.0,0.0,0.2222222222222222,0.0,0.0,0.0,0.0,,0.0,0.0,7.666666666666667
エニシノイト,,,,,,,,,,,,,母父,12.0,0.16666666666666666,0.3333333333333333,0.3333333333333333,,0.16666666666666666,0.0,0.2222222222222222,,0.0,0.16666666666666666,5.583333333333333
エノラ,,,,,,,,,,,,,母父,5.0,0.2,0.4,0.4,,0.2,0.3333333333333333,0.0,,0.0,0.0,7.6
エバーグレーズ,,,,,,,,,,,,,母父,5.0,0.0,0.0,0.0,,0.0,0.0,0.0,,0.0,0.0,10.6
エバーシャイニング,,,,,,,,,,,,,母父,16.0,0.0625,0.0625,0.0625,0.0,0.3333333333333333,0.0,0.09090909090909091,,0.08333333333333333,0.0,8.1875
エバーローズ,,,,,,,,,,,,,母父,8.0,0.25,0.375,0.5,0.0,0.3333333333333333,0.3333333333333333,0.0,,0.25,0.5,6.0
エビスオール,,,,,,,,,,,,,母父,9.0,0.2222222222222222,0.3333333333333333,0.3333333333333333,,0.2222222222222222,0.2857142857142857,0.0,,0.14285714285714285,0.0,8.333333333333334
エピックラヴ,,,,,,,,,,,,,母父,34.0,0.14705882352941177,0.2647058823529412,0.38235294117647056,0.14705882352941177,,0.0,0.2,0.0,0.13333333333333333,0.0,6.5
エフティマイア,,,,,,,,,,,,,母父,21.0,0.0,0.0,0.047619047619047616,0.0,0.0,0.0,0.0,0.0,0.0,0.0,9.238095238095237
エブリナイスガール,,,,,,,,,,,,,母父,6.0,0.0,0.0,0.0,0.0,0.0,0.0,0.0,,0.0,0.0,12.666666666666666
エポカブラヴァ,,,,,,,,,,,,,母父,9.0,0.0,0.0,0.0,0.0,0.0,0.0,0.0,,0.0,0.0,10.11111111111111
エポキシ,,,,,,,,,,,,,母父,9.0,0.1111111111111111,0.2222222222222222,0.3333333333333333,0.1111111111111111,,,0.0,0.14285714285714285,0.125,,4.555555555555555
エポレット,,,,,,,,,,,,,母父,8.0,0.0,0.25,0.375,0.0,0.0,,0.0,0.0,0.0,0.0,5.0
エミナ,,,,,,,,,,,,,母父,5.0,0.0,0.0,0.2,0.0,0.0,0.0,,0.0,0.0,0.0,7.8
エミネントシチー,,,,,,,,,,,,,母父,7.0,0.0,0.0,0.14285714285714285,0.0,0.0,,0.0,,0.0,0.0,7.571428571428571
エミーズスマイル,,,,,,,,,,,,,母父,14.0,0.21428571428571427,0.35714285714285715,0.42857142857142855,0.2727272727272727,0.0,0.0,0.2727272727272727,,0.0,0.3333333333333333,6.214285714285714
エメラルドタワー,,,,,,,,,,,,,母父,10.0,0.2,0.2,0.2,0.2,0.2,0.3333333333333333,0.0,0.25,0.16666666666666666,0.0,6.6
エメラルハヤブサ,,,,,,,,,,,,,母父,6.0,0.0,0.0,0.0,0.0,0.0,0.0,0.0,,0.0,0.0,11.333333333333334
エラドゥーラ,,,,,,,,,,,,,母父,10.0,0.2,0.3,0.3,0.2222222222222222,0.0,,0.2,,0.25,0.0,6.6
エリドゥバビロン,,,,,,,,,,,,,母父,13.0,0.0,0.0,0.15384615384615385,0.0,0.0,,0.0,0.0,0.0,,7.769230769230769
エリモエクセル,,,,,,,,,,,,,母父,5.0,0.0,0.0,0.0,0.0,0.0,,0.0,0.0,0.0,,9.6
エリモエトワール,,,,,,,,,,,,,母父,17.0,0.17647058823529413,0.17647058823529413,0.23529411764705882,0.1875,0.0,,0.17647058823529413,,0.15384615384615385,0.3333333333333333,9.235294117647058
エリモシャイニー,,,,,,,,,,,,,母父,5.0,0.0,0.0,0.2,,0.0,0.0,0.0,,0.0,,7.4
エリモジェンヌ,,,,,,,,,,,,,母父,6.0,0.0,0.0,0.0,,0.0,,0.0,,0.0,,10.833333333333334
エリモハルカ,,,,,,,,,,,,,母父,12.0,0.08333333333333333,0.08333333333333333,0.16666666666666666,0.1,0.0,0.0,0.125,,0.14285714285714285,0.0,5.166666666666667
エリモパンサー,,,,,,,,,,,,,母父,7.0,0.14285714285714285,0.14285714285714285,0.14285714285714285,,0.14285714285714285,0.0,0.25,,0.0,0.3333333333333333,8.857142857142858
エリモピクシー,,,,,,,,,,,,,母父,8.0,0.0,0.0,0.0,0.0,0.0,0.0,0.0,,0.0,0.0,9.125
エリモフィナーレ,,,,,,,,,,,,,母父,11.0,0.2727272727272727,0.2727272727272727,0.36363636363636365,0.0,0.3,,0.3,0.0,0.2857142857142857,0.0,7.090909090909091
エリモプリンセス,,,,,,,,,,,,,母父,5.0,0.0,0.0,0.2,0.0,0.0,,0.0,0.0,0.0,0.0,8.2
エリモマドンナ,,,,,,,,,,,,,母父,6.0,0.16666666666666666,0.16666666666666666,0.16666666666666666,0.0,0.2,0.2,0.0,,0.2,,9.166666666666666
エルシェロアスール,,,,,,,,,,,,,母父,7.0,0.2857142857142857,0.5714285714285714,0.5714285714285714,,0.2857142857142857,,0.2857142857142857,,0.25,0.0,3.7142857142857144
エルダンジュ,,,,,,,,,,,,,母父,10.0,0.3,0.6,0.6,0.0,0.5,0.5,0.0,0.6666666666666666,0.375,0.0,3.3
エルファンタジヤ,,,,,,,,,,,,,母父,9.0,0.0,0.0,0.0,0.0,0.0,0.0,0.0,0.0,0.0,,11.11111111111111
エルフィン,,,,,,,,,,,,,母父,8.0,0.125,0.125,0.25,,0.125,0.0,0.14285714285714285,,0.16666666666666666,0.0,7.25
エルベレス,,,,,,,,,,,,,母父,5.0,0.0,0.0,0.0,,0.0,,0.0,0.0,0.0,0.0,12.2
エルメスグリーン,,,,,,,,,,,,,母父,11.0,0.09090909090909091,0.18181818181818182,0.18181818181818182,0.25,0.0,,0.0,0.2,0.16666666666666666,0.0,9.545454545454545
エルーセラ,,,,,,,,,,,,,母父,6.0,0.0,0.0,0.3333333333333333,0.0,0.0,,0.0,,0.0,,5.333333333333333
エレイン,,,,,,,,,,,,,母父,5.0,0.0,0.0,0.0,0.0,,,0.0,0.0,0.0,0.0,10.8
エレガンテヴィータ,,,,,,,,,,,,,母父,9.0,0.1111111111111111,0.1111111111111111,0.1111111111111111,0.0,0.16666666666666666,0.14285714285714285,0.0,,0.0,0.5,9.88888888888889
エレガントソング,,,,,,,,,,,,,母父,6.0,0.0,0.0,0.0,0.0,0.0,,0.0,,0.0,,8.166666666666666
エレガントフラッグ,,,,,,,,,,,,,母父,8.0,0.0,0.0,0.0,,0.0,,0.0,0.0,0.0,0.0,10.125
エレガントマナー,,,,,,,,,,,,,母父,8.0,0.125,0.125,0.125,0.0,0.25,0.0,0.2,,0.16666666666666666,0.0,7.375
エレンウィルモット,,,,,,,,,,,,,母父,9.0,0.1111111111111111,0.2222222222222222,0.4444444444444444,0.14285714285714285,0.0,,0.1111111111111111,,0.25,0.0,5.777777777777778
エレーデ,,,,,,,,,,,,,母父,8.0,0.0,0.375,0.375,,0.0,0.0,0.0,,0.0,0.0,5.875
エロージュ,,,,,,,,,,,,,母父,9.0,0.0,0.1111111111111111,0.2222222222222222,0.0,0.0,0.0,0.0,0.0,0.0,0.0,6.666666666666667
エンジェリックレイ,,,,,,,,,,,,,母父,8.0,0.125,0.125,0.125,0.0,0.16666666666666666,0.14285714285714285,0.0,,0.16666666666666666,,7.75
エンダレ,,,,,,,,,,,,,母父,5.0,0.0,0.0,0.2,,0.0,0.0,0.0,,0.0,0.0,8.8
エンドレストライ,,,,,,,,,,,,,母父,5.0,0.0,0.0,0.0,0.0,0.0,,0.0,,0.0,0.0,7.0
エンドレスビジネス,,,,,,,,,,,,,母父,7.0,0.14285714285714285,0.14285714285714285,0.42857142857142855,0.0,0.3333333333333333,,0.3333333333333333,0.0,0.25,0.0,6.571428571428571
エンブレイス,,,,,,,,,,,,,母父,17.0,0.058823529411764705,0.17647058823529413,0.23529411764705882,0.0,0.1,0.0,0.08333333333333333,0.0,0.0,0.0,6.235294117647059
エンプレスティアラ,,,,,,,,,,,,,母父,16.0,0.0625,0.3125,0.4375,0.07142857142857142,0.0,1.0,0.0,0.0,0.0,0.0,5.125
エンプレスロッチ,,,,,,,,,,,,,母父,8.0,0.0,0.125,0.125,0.0,,0.0,0.0,,0.0,,10.0
エヴァ,,,,,,,,,,,,,母父,12.0,0.08333333333333333,0.25,0.4166666666666667,0.08333333333333333,,,0.0,0.25,0.1111111111111111,0.0,5.833333333333333
エヴァディングタンペット,,,,,,,,,,,,,母父,7.0,0.2857142857142857,0.42857142857142855,0.42857142857142855,0.0,0.3333333333333333,,0.3333333333333333,0.0,0.3333333333333333,0.5,5.0
エヴァモア,,,,,,,,,,,,,母父,10.0,0.2,0.3,0.6,,0.2,0.0,0.2857142857142857,,0.2857142857142857,0.0,4.3
エヴィータアルゼンティーナ,,,,,,,,,,,,,母父,8.0,0.0,0.25,0.25,,0.0,0.0,0.0,,0.0,0.0,7.5
エーシンエポナ,,,,,,,,,,,,,母父,5.0,0.0,0.4,0.4,0.0,,0.0,0.0,,0.0,,8.0
エーシンクールディ,,,,,,,,,,,,,母父,8.0,0.25,0.25,0.375,0.25,,,0.25,,0.3333333333333333,0.0,8.125
エーシンサーフィン,,,,,,,,,,,,,母父,8.0,0.25,0.25,0.375,0.25,,,0.25,,0.2857142857142857,0.0,5.75
エーシンシャイナー,,,,,,,,,,,,,母父,13.0,0.15384615384615385,0.15384615384615385,0.23076923076923078,0.16666666666666666,0.0,0.3333333333333333,0.1111111111111111,0.0,0.0,0.5,6.6923076923076925
エーシンシルビア,,,,,,,,,,,,,母父,5.0,0.2,0.4,0.4,0.0,0.25,,0.3333333333333333,0.0,0.3333333333333333,0.0,6.0
エーシンチェロキー,,,,,,,,,,,,,母父,8.0,0.0,0.125,0.25,0.0,0.0,0.0,0.0,0.0,0.0,,7.625
エーシンパナギア,,,,,,,,,,,,,母父,12.0,0.16666666666666666,0.25,0.4166666666666667,,0.16666666666666666,0.2,0.0,,0.25,0.0,5.583333333333333
エーシンピュリティ,,,,,,,,,,,,,母父,5.0,0.0,0.0,0.0,0.0,0.0,,0.0,0.0,0.0,0.0,7.4
エーシンベタラネリ,,,,,,,,,,,,,母父,5.0,0.0,0.0,0.0,0.0,0.0,0.0,0.0,,0.0,0.0,8.0
エーシンメンフィス,,,,,,,,,,,,,母父,6.0,0.0,0.0,0.0,0.0,0.0,0.0,0.0,0.0,0.0,0.0,12.5
エーシンラクーリエ,,,,,,,,,,,,,母父,9.0,0.0,0.0,0.1111111111111111,,0.0,,0.0,,0.0,0.0,7.777777777777778
エーピーモモ,,,,,,,,,,,,,母父,10.0,0.0,0.1,0.1,0.0,0.0,0.0,0.0,,0.0,0.0,7.5
エールスタンス,,,,,,,,,,,,,母父,16.0,0.0625,0.25,0.25,0.0,0.07142857142857142,,0.0625,,0.0,0.3333333333333333,7.1875
オアシスムーン,,,,,,,,,,,,,母父,7.0,0.0,0.0,0.14285714285714285,,0.0,0.0,0.0,,0.0,0.0,4.857142857142857
オウケンクイーン,,,,,,,,,,,,,母父,5.0,0.2,0.2,0.2,0.0,0.25,0.0,0.3333333333333333,,0.0,0.0,10.6
オウケンハート,,,,,,,,,,,,,母父,8.0,0.0,0.125,0.125,0.0,0.0,,0.0,0.0,0.0,,9.0
オオシマパンジー,,,,,,,,,,,,,母父,5.0,0.2,0.2,0.2,1.0,0.0,0.0,0.0,1.0,0.0,0.0,8.2
オギノシュタイン,,,,,,,,,,,,,母父,10.0,0.0,0.1,0.3,0.0,0.0,0.0,0.0,0.0,0.0,0.0,6.9
オクシペタルム,,,,,,,,,,,,,母父,7.0,0.2857142857142857,0.42857142857142855,0.5714285714285714,,0.2857142857142857,,0.2857142857142857,,0.2,,4.142857142857143
オクリモノ,,,,,,,,,,,,,母父,12.0,0.0,0.0,0.08333333333333333,0.0,0.0,,0.0,0.0,0.0,,9.0
オスカルフランソワ,,,,,,,,,,,,,母父,7.0,0.0,0.0,0.14285714285714285,0.0,0.0,,0.0,0.0,0.0,,9.285714285714286
オッティマルーチェ,,,,,,,,,,,,,母父,10.0,0.2,0.5,0.5,0.0,0.25,,0.25,0.0,0.2,0.5,6.5
オトメチャン,,,,,,,,,,,,,母父,6.0,0.16666666666666666,0.16666666666666666,0.3333333333333333,,0.16666666666666666,0.2,0.0,,0.25,0.0,7.5
オナーリーブ,,,,,,,,,,,,,母父,7.0,0.0,0.14285714285714285,0.14285714285714285,0.0,0.0,0.0,0.0,0.0,0.0,0.0,7.0
オフジオールドブロック,,,,,,,,,,,,,母父,9.0,0.1111111111111111,0.1111111111111111,0.1111111111111111,,0.1111111111111111,0.0,0.2,,0.0,,8.0
オブザーヴァント,,,,,,,,,,,,,母父,9.0,0.1111111111111111,0.1111111111111111,0.2222222222222222,0.0,0.5,0.0,0.16666666666666666,,0.2,,6.777777777777778
オペラアイ,,,,,,,,,,,,,母父,5.0,0.0,0.0,0.2,0.0,0.0,,0.0,,0.0,0.0,6.8
オペラガール,,,,,,,,,,,,,母父,8.0,0.125,0.125,0.125,,0.125,0.16666666666666666,0.0,,0.25,0.0,7.0
オメガアイランド,,,,,,,,,,,,,母父,11.0,0.09090909090909091,0.18181818181818182,0.2727272727272727,0.1111111111111111,0.0,,0.0,0.2,0.125,0.0,6.7272727272727275
オメガインベガス,,,,,,,,,,,,,母父,7.0,0.0,0.14285714285714285,0.14285714285714285,0.0,0.0,0.0,,,0.0,0.0,8.0
オメガエンブレム,,,,,,,,,,,,,母父,14.0,0.07142857142857142,0.42857142857142855,0.42857142857142855,0.16666666666666666,0.0,0.25,0.0,,0.1,0.0,4.857142857142857
オメガクリスマス,,,,,,,,,,,,,母父,6.0,0.0,0.0,0.16666666666666666,0.0,0.0,,0.0,0.0,0.0,0.0,8.333333333333334
オメガスピリット,,,,,,,,,,,,,母父,10.0,0.2,0.3,0.3,0.3333333333333333,0.0,,0.2,,0.16666666666666666,0.0,7.3
オメガセニョリーナ,,,,,,,,,,,,,母父,8.0,0.125,0.25,0.25,0.25,0.0,0.25,0.0,,0.16666666666666666,0.0,6.625
オメガハートランド,,,,,,,,,,,,,母父,5.0,0.0,0.0,0.0,0.0,0.0,,0.0,,0.0,0.0,9.8
オメガハートロック,,,,,,,,,,,,,母父,12.0,0.16666666666666666,0.25,0.3333333333333333,0.0,0.2857142857142857,0.25,0.16666666666666666,0.0,0.16666666666666666,0.0,5.833333333333333
オメガフレグランス,,,,,,,,,,,,,母父,8.0,0.0,0.0,0.0,,0.0,0.0,0.0,0.0,0.0,0.0,9.75
オメガラヴィータ,,,,,,,,,,,,,母父,9.0,0.0,0.0,0.0,,0.0,,0.0,0.0,0.0,,7.666666666666667
オメガロンド,,,,,,,,,,,,,母父,10.0,0.0,0.0,0.0,,0.0,0.0,0.0,0.0,0.0,0.0,9.4
オリエンタルポピー,,,,,,,,,,,,,母父,7.0,0.2857142857142857,0.2857142857142857,0.2857142857142857,0.2857142857142857,,,0.2857142857142857,,0.0,,6.714285714285714
オリエントチャーム,,,,,,,,,,,,,母父,12.0,0.0,0.0,0.08333333333333333,0.0,0.0,,0.0,0.0,0.0,0.0,6.583333333333333
オリジナルスピン,,,,,,,,,,,,,母父,5.0,0.2,0.2,0.2,0.3333333333333333,0.0,,0.0,0.3333333333333333,0.25,,7.4
オリジンファースト,,,,,,,,,,,,,母父,6.0,0.0,0.16666666666666666,0.16666666666666666,0.0,0.0,0.0,0.0,,0.0,0.0,6.0
オリヒメチャーム,,,,,,,,,,,,,母父,6.0,0.16666666666666666,0.16666666666666666,0.16666666666666666,,0.16666666666666666,0.16666666666666666,,,0.2,,8.166666666666666
オリヴェット,,,,,,,,,,,,,母父,16.0,0.0,0.0625,0.0625,0.0,0.0,0.0,0.0,0.0,0.0,0.0,8.9375
オルダニー,,,,,,,,,,,,,母父,11.0,0.0,0.0,0.0,0.0,,0.0,0.0,,0.0,0.0,8.636363636363637
オルレアンノオトメ,,,,,,,,,,,,,母父,5.0,0.0,0.0,0.0,0.0,0.0,0.0,0.0,0.0,0.0,0.0,9.8
オレゴンレディ,,,,,,,,,,,,,母父,6.0,0.0,0.0,0.0,0.0,0.0,,0.0,0.0,0.0,0.0,6.5
オンケンバヤソワカ,,,,,,,,,,,,,母父,18.0,0.0,0.05555555555555555,0.05555555555555555,0.0,0.0,,0.0,0.0,0.0,0.0,8.444444444444445
オンザスローン,,,,,,,,,,,,,母父,6.0,0.0,0.0,0.0,0.0,0.0,,0.0,,0.0,,10.5
オンワードスワン,,,,,,,,,,,,,母父,5.0,0.0,0.0,0.0,0.0,,0.0,0.0,,0.0,,10.4
オンワードマルタ,,,,,,,,,,,,,母父,13.0,0.0,0.0,0.0,0.0,0.0,0.0,0.0,0.0,0.0,0.0,9.307692307692308
オンワードミシェル,,,,,,,,,,,,,母父,8.0,0.125,0.125,0.125,0.16666666666666666,0.0,,0.14285714285714285,0.0,0.0,0.0,8.25
オンヴェラ,,,,,,,,,,,,,母父,5.0,0.0,0.2,0.4,0.0,0.0,,0.0,0.0,0.0,0.0,7.2
オヴァンボクイーン,,,,,,,,,,,,,母父,10.0,0.1,0.1,0.2,0.1,,,0.0,0.125,0.2,0.0,6.1
オーガンディー,,,,,,,,,,,,,母父,7.0,0.0,0.0,0.0,0.0,,0.0,,,0.0,0.0,9.857142857142858
オークヒルパーク,,,,,,,,,,,,,母父,7.0,0.0,0.0,0.2857142857142857,0.0,0.0,0.0,0.0,,0.0,0.0,7.714285714285714
オークルーム,,,,,,,,,,,,,母父,6.0,0.0,0.16666666666666666,0.16666666666666666,0.0,,0.0,0.0,,0.0,0.0,11.5
オーサムフェザー,,,,,,,,,,,,,母父,6.0,0.0,0.0,0.0,0.0,,0.0,0.0,,0.0,,9.166666666666666
オーシャンフリート,,,,,,,,,,,,,母父,6.0,0.16666666666666666,0.16666666666666666,0.3333333333333333,0.0,0.2,0.0,0.25,0.0,0.3333333333333333,0.0,5.833333333333333
オーシャンルミナス,,,,,,,,,,,,,母父,16.0,0.0,0.0625,0.1875,0.0,0.0,,0.0,0.0,0.0,0.0,7.125
オーシュペール,,,,,,,,,,,,,母父,18.0,0.05555555555555555,0.05555555555555555,0.16666666666666666,0.0,0.1111111111111111,0.0,0.2,0.0,0.07692307692307693,0.0,8.38888888888889
オースミアザレア,,,,,,,,,,,,,母父,8.0,0.125,0.25,0.25,0.0,0.2,0.125,,,0.2,0.0,9.0
オースミリンド,,,,,,,,,,,,,母父,6.0,0.16666666666666666,0.16666666666666666,0.16666666666666666,,0.16666666666666666,0.0,0.25,0.0,0.3333333333333333,0.0,8.666666666666666
オーゾラヲマウトキ,,,,,,,,,,,,,母父,6.0,0.16666666666666666,0.16666666666666666,0.3333333333333333,,0.16666666666666666,,0.16666666666666666,,0.25,0.0,6.666666666666667
オータムメロディー,,,,,,,,,,,,,母父,10.0,0.0,0.1,0.3,0.0,0.0,,0.0,0.0,0.0,0.0,6.2
オーデコロン,,,,,,,,,,,,,母父,9.0,0.0,0.2222222222222222,0.4444444444444444,0.0,0.0,0.0,0.0,,0.0,0.0,7.444444444444445
オートキュイジーヌ,,,,,,,,,,,,,母父,11.0,0.2727272727272727,0.2727272727272727,0.2727272727272727,0.0,0.3333333333333333,0.375,0.0,,0.3,0.0,6.090909090909091
オードリーローズ,,,,,,,,,,,,,母父,18.0,0.1111111111111111,0.2222222222222222,0.3888888888888889,0.11764705882352941,0.0,0.0,0.25,0.125,0.0,0.2,5.833333333333333
オーバルカット,,,,,,,,,,,,,母父,5.0,0.0,0.0,0.0,,0.0,0.0,,,0.0,0.0,12.4
オーバービュー,,,,,,,,,,,,,母父,6.0,0.0,0.0,0.0,,0.0,,0.0,0.0,0.0,0.0,9.833333333333334
オーパスクイーン,,,,,,,,,,,,,母父,11.0,0.09090909090909091,0.09090909090909091,0.09090909090909091,,0.09090909090909091,,0.1,0.0,0.0,0.16666666666666666,8.545454545454545
オービーレディー,,,,,,,,,,,,,母父,9.0,0.1111111111111111,0.2222222222222222,0.3333333333333333,,0.1111111111111111,0.14285714285714285,0.0,,0.0,0.0,4.777777777777778
オーファメイ,,,,,,,,,,,,,母父,6.0,0.16666666666666666,0.16666666666666666,0.3333333333333333,,0.16666666666666666,0.2,,0.0,0.0,1.0,7.666666666666667
オープニングベル,,,,,,,,,,,,,母父,7.0,0.0,0.0,0.14285714285714285,,0.0,0.0,0.0,,0.0,0.0,8.142857142857142
オープンアップ,,,,,,,,,,,,,母父,6.0,0.0,0.0,0.0,,0.0,0.0,0.0,,0.0,0.0,12.666666666666666
オープンシャッセ,,,,,,,,,,,,,母父,9.0,0.1111111111111111,0.2222222222222222,0.2222222222222222,,0.1111111111111111,,0.0,0.14285714285714285,0.16666666666666666,0.0,7.888888888888889
オープンユアアイズ,,,,,,,,,,,,,母父,6.0,0.0,0.0,0.16666666666666666,,0.0,,0.0,,0.0,0.0,7.166666666666667
オーミチェリッシュ,,,,,,,,,,,,,母父,14.0,0.0,0.21428571428571427,0.2857142857142857,0.0,0.0,0.0,0.0,,0.0,0.0,7.5
オールアイキャンセイイズワウ,,,,,,,,,,,,,母父,6.0,0.0,0.0,0.0,0.0,0.0,0.0,0.0,,0.0,0.0,10.5
オールオールオール,,,,,,,,,,,,,母父,7.0,0.0,0.2857142857142857,0.5714285714285714,,0.0,0.0,0.0,,0.0,0.0,3.857142857142857
オールザウェイベイビー,,,,,,,,,,,,,母父,8.0,0.0,0.0,0.125,0.0,0.0,0.0,0.0,,0.0,,9.0
オールザットジャズ,,,,,,,,,,,,,母父,11.0,0.18181818181818182,0.36363636363636365,0.36363636363636365,0.0,0.5,0.2,0.16666666666666666,,0.1111111111111111,,6.0
オールドパサデナ,,,,,,,,,,,,,母父,11.0,0.18181818181818182,0.2727272727272727,0.5454545454545454,,0.18181818181818182,0.0,0.0,0.2857142857142857,0.14285714285714285,0.25,5.181818181818182
オールピュール,,,,,,,,,,,,,母父,6.0,0.0,0.0,0.16666666666666666,0.0,0.0,0.0,0.0,0.0,0.0,0.0,8.166666666666666
オーヴァーアンダー,,,,,,,,,,,,,母父,9.0,0.2222222222222222,0.2222222222222222,0.2222222222222222,0.0,0.25,0.16666666666666666,0.3333333333333333,,0.4,0.0,6.777777777777778
カアチャンコワイ,,,,,,,,,,,,,母父,5.0,0.0,0.0,0.2,,0.0,0.0,0.0,,0.0,,9.0
カイロローズ,,,,,,,,,,,,,母父,6.0,0.0,0.16666666666666666,0.16666666666666666,0.0,0.0,0.0,0.0,0.0,0.0,0.0,8.5
カウアイレーン,,,,,,,,,,,,,母父,16.0,0.125,0.1875,0.25,0.07692307692307693,0.3333333333333333,0.0,0.2857142857142857,0.0,0.18181818181818182,0.0,6.4375
カウガールズドントクライ,,,,,,,,,,,,,母父,9.0,0.1111111111111111,0.1111111111111111,0.1111111111111111,0.0,0.2,0.2,0.0,,0.2,0.0,12.333333333333334
カウントオンミー,,,,,,,,,,,,,母父,5.0,0.0,0.0,0.0,0.0,0.0,0.0,0.0,,0.0,0.0,9.2
カカリア,,,,,,,,,,,,,母父,5.0,0.0,0.0,0.0,0.0,0.0,0.0,0.0,,0.0,,5.8
カクテルローズ,,,,,,,,,,,,,母父,6.0,0.0,0.0,0.0,0.0,0.0,0.0,0.0,,0.0,,9.833333333333334
カザリムスビ,,,,,,,,,,,,,母父,5.0,0.2,0.2,0.2,1.0,0.0,0.0,0.5,,0.0,0.0,8.4
カシノヴィガ,,,,,,,,,,,,,母父,5.0,0.0,0.6,0.6,,0.0,0.0,0.0,,0.0,0.0,6.2
カシマフラワー,,,,,,,,,,,,,母父,5.0,0.0,0.0,0.4,0.0,0.0,0.0,0.0,,0.0,,7.2
カジノブギ,,,,,,,,,,,,,母父,9.0,0.2222222222222222,0.4444444444444444,0.6666666666666666,0.2222222222222222,,,0.2222222222222222,,0.16666666666666666,0.0,3.6666666666666665
カスタラナ,,,,,,,,,,,,,母父,9.0,0.1111111111111111,0.2222222222222222,0.2222222222222222,0.1111111111111111,,0.0,0.125,,0.125,0.0,7.444444444444445
カストリア,,,,,,,,,,,,,母父,13.0,0.0,0.07692307692307693,0.3076923076923077,0.0,0.0,0.0,,,0.0,,7.923076923076923
カタズオノンデ,,,,,,,,,,,,,母父,15.0,0.06666666666666667,0.26666666666666666,0.26666666666666666,0.0,0.2,,0.0,0.1111111111111111,0.0,0.2,5.266666666666667
カタマチボタン,,,,,,,,,,,,,母父,5.0,0.0,0.0,0.0,0.0,0.0,0.0,0.0,,0.0,0.0,9.4
カチューシャ,,,,,,,,,,,,,母父,5.0,0.0,0.0,0.4,0.0,0.0,0.0,0.0,,0.0,0.0,6.2
カディーシャ,,,,,,,,,,,,,母父,5.0,0.0,0.0,0.0,0.0,,0.0,,,0.0,0.0,7.8
カデンツァ,,,,,,,,,,,,,母父,5.0,0.0,0.0,0.0,0.0,0.0,0.0,0.0,,0.0,0.0,12.2
カトマンブルー,,,,,,,,,,,,,母父,11.0,0.0,0.0,0.2727272727272727,0.0,0.0,,0.0,0.0,0.0,0.0,7.0
カナエチャン,,,,,,,,,,,,,母父,6.0,0.0,0.3333333333333333,0.3333333333333333,0.0,0.0,0.0,,0.0,0.0,,6.166666666666667
カネツスペシャル,,,,,,,,,,,,,母父,8.0,0.125,0.25,0.5,0.125,,,0.25,0.0,0.14285714285714285,0.0,5.25
カネトシガーネット,,,,,,,,,,,,,母父,18.0,0.05555555555555555,0.1111111111111111,0.2222222222222222,0.08333333333333333,0.0,0.0,0.1111111111111111,0.0,0.0,0.0,6.777777777777778
カネトシキフジン,,,,,,,,,,,,,母父,5.0,0.2,0.2,0.2,0.0,0.3333333333333333,0.25,0.0,,0.0,0.5,7.0
カネトシバニラ,,,,,,,,,,,,,母父,5.0,0.0,0.0,0.0,0.0,0.0,,0.0,,0.0,,11.6
カノヤトップレディ,,,,,,,,,,,,,母父,11.0,0.09090909090909091,0.2727272727272727,0.2727272727272727,,0.09090909090909091,0.09090909090909091,,,0.0,0.0,8.818181818181818
カノン,,,,,,,,,,,,,母父,13.0,0.0,0.0,0.07692307692307693,0.0,0.0,0.0,0.0,0.0,0.0,0.0,7.6923076923076925
カハラビスティー,,,,,,,,,,,,,母父,12.0,0.0,0.08333333333333333,0.16666666666666666,0.0,0.0,0.0,0.0,,0.0,0.0,8.916666666666666
カフェドマーニ,,,,,,,,,,,,,母父,13.0,0.07692307692307693,0.3076923076923077,0.38461538461538464,0.07692307692307693,,0.125,0.0,,0.08333333333333333,0.0,5.0
カフェヒミコ,,,,,,,,,,,,,母父,22.0,0.13636363636363635,0.2727272727272727,0.2727272727272727,,0.13636363636363635,,0.13636363636363635,,0.23076923076923078,0.0,5.363636363636363
カフェピノコ,,,,,,,,,,,,,母父,5.0,0.0,0.0,0.0,,0.0,0.0,0.0,,0.0,0.0,10.0
カフェローレル,,,,,,,,,,,,,母父,12.0,0.0,0.0,0.16666666666666666,,0.0,,0.0,0.0,0.0,0.0,7.416666666666667
カフジウインド,,,,,,,,,,,,,母父,7.0,0.14285714285714285,0.14285714285714285,0.14285714285714285,0.16666666666666666,0.0,0.14285714285714285,,,0.0,,4.857142857142857
カフラピコ,,,,,,,,,,,,,母父,8.0,0.125,0.125,0.375,,0.125,,0.125,,0.14285714285714285,,5.375
カフヴァール,,,,,,,,,,,,,母父,5.0,0.0,0.0,0.0,0.0,,0.0,0.0,,0.0,,10.0
カブリオレ,,,,,,,,,,,,,母父,6.0,0.0,0.0,0.0,,0.0,0.0,,,0.0,0.0,9.5
カプリースレディー,,,,,,,,,,,,,母父,7.0,0.42857142857142855,0.42857142857142855,0.5714285714285714,,0.42857142857142855,0.42857142857142855,,,0.6666666666666666,0.5,7.285714285714286
カホマックス,,,,,,,,,,,,,母父,10.0,0.2,0.4,0.5,0.0,0.2222222222222222,0.125,0.5,,0.25,0.0,4.7
カメリアビジュ,,,,,,,,,,,,,母父,7.0,0.14285714285714285,0.14285714285714285,0.14285714285714285,,0.14285714285714285,,0.14285714285714285,,0.25,0.0,10.571428571428571
カメリアローズII,,,,,,,,,,,,,母父,5.0,0.0,0.0,0.0,0.0,0.0,,0.0,0.0,0.0,,11.8
カラズマッチポイント,,,,,,,,,,,,,母父,5.0,0.0,0.2,0.4,,0.0,0.0,0.0,,,0.0,6.8
カラダダイヤモンド,,,,,,,,,,,,,母父,7.0,0.0,0.0,0.0,0.0,0.0,,0.0,,0.0,0.0,9.285714285714286
カラフル,,,,,,,,,,,,,母父,9.0,0.0,0.0,0.0,,0.0,0.0,0.0,,0.0,0.0,7.0
カラフルトーク,,,,,,,,,,,,,母父,5.0,0.0,0.0,0.0,,0.0,0.0,0.0,0.0,0.0,0.0,9.8
カラフルブラッサム,,,,,,,,,,,,,母父,7.0,0.0,0.0,0.0,0.0,,0.0,0.0,,0.0,0.0,8.0
カラベルラティーナ,,,,,,,,,,,,,母父,7.0,0.2857142857142857,0.42857142857142855,0.42857142857142855,,0.2857142857142857,0.5,0.2,,0.3333333333333333,,6.0
カラライナ,,,,,,,,,,,,,母父,5.0,0.2,0.6,0.6,0.2,,,0.2,,0.0,1.0,4.6
カリオンレディ,,,,,,,,,,,,,母父,8.0,0.0,0.125,0.25,0.0,0.0,0.0,,,0.0,0.0,8.875
カリビアンセレブ,,,,,,,,,,,,,母父,5.0,0.2,0.4,0.4,,0.2,0.3333333333333333,0.0,,0.0,0.3333333333333333,6.2
カリビアンロマンス,,,,,,,,,,,,,母父,7.0,0.14285714285714285,0.14285714285714285,0.14285714285714285,,0.14285714285714285,,0.0,0.5,0.5,0.0,10.571428571428571
カリフォルニアネクター,,,,,,,,,,,,,母父,5.0,0.0,0.4,0.6,0.0,0.0,,0.0,,0.0,0.0,4.6
カリブストーリー,,,,,,,,,,,,,母父,7.0,0.0,0.0,0.14285714285714285,0.0,0.0,,0.0,0.0,0.0,0.0,7.428571428571429
カルティカ,,,,,,,,,,,,,母父,12.0,0.16666666666666666,0.16666666666666666,0.25,0.16666666666666666,,,0.2222222222222222,0.0,0.25,0.0,7.833333333333333
カルテブランシェ,,,,,,,,,,,,,母父,11.0,0.0,0.0,0.09090909090909091,0.0,0.0,0.0,0.0,0.0,0.0,0.0,8.636363636363637
カルディア,,,,,,,,,,,,,母父,9.0,0.2222222222222222,0.2222222222222222,0.3333333333333333,0.5,0.14285714285714285,0.25,0.2,,0.14285714285714285,0.0,5.333333333333333
カルディーン,,,,,,,,,,,,,母父,5.0,0.0,0.0,0.0,0.0,0.0,0.0,0.0,,0.0,,6.8
カルトマリーヌ,,,,,,,,,,,,,母父,7.0,0.0,0.0,0.0,0.0,0.0,,0.0,0.0,0.0,0.0,10.0
カルナアヴァンセ,,,,,,,,,,,,,母父,5.0,0.4,0.4,0.4,0.5,0.3333333333333333,0.3333333333333333,0.5,,0.5,,7.0
カルブンクルス,,,,,,,,,,,,,母父,12.0,0.08333333333333333,0.25,0.3333333333333333,,0.08333333333333333,0.08333333333333333,,,0.0,,6.416666666666667
カルマート,,,,,,,,,,,,,母父,6.0,0.0,0.0,0.16666666666666666,0.0,,,0.0,,0.0,0.0,6.5
カレイメモワール,,,,,,,,,,,,,母父,24.0,0.0,0.041666666666666664,0.16666666666666666,0.0,0.0,,0.0,0.0,0.0,0.0,7.375
カレンケカリーナ,,,,,,,,,,,,,母父,5.0,0.0,0.2,0.2,0.0,,,0.0,0.0,0.0,,4.8
カレンコティヤール,,,,,,,,,,,,,母父,6.0,0.16666666666666666,0.16666666666666666,0.3333333333333333,,0.16666666666666666,0.16666666666666666,,,0.0,0.0,6.333333333333333
カレンシェリーメイ,,,,,,,,,,,,,母父,6.0,0.16666666666666666,0.16666666666666666,0.16666666666666666,0.3333333333333333,0.0,0.25,0.0,,0.3333333333333333,0.0,6.0
カレンタントミール,,,,,,,,,,,,,母父,6.0,0.16666666666666666,0.16666666666666666,0.16666666666666666,0.25,0.0,0.16666666666666666,,,0.2,,9.333333333333334
カワカミショコラ,,,,,,,,,,,,,母父,5.0,0.0,0.0,0.0,,0.0,,0.0,,0.0,0.0,7.6
カワキタラブポップ,,,,,,,,,,,,,母父,7.0,0.0,0.0,0.2857142857142857,0.0,0.0,0.0,0.0,,0.0,0.0,8.857142857142858
カンタベリーセーラ,,,,,,,,,,,,,母父,6.0,0.0,0.0,0.0,,0.0,0.0,,,0.0,0.0,9.666666666666666
カンビーナ,,,,,,,,,,,,,母父,21.0,0.19047619047619047,0.23809523809523808,0.42857142857142855,0.19047619047619047,,,0.25,0.15384615384615385,0.1875,0.0,5.9523809523809526
カーディナルコーヴ,,,,,,,,,,,,,母父,6.0,0.0,0.16666666666666666,0.16666666666666666,,0.0,0.0,,,0.0,0.0,9.833333333333334
カーナヴァル,,,,,,,,,,,,,母父,12.0,0.0,0.0,0.0,,0.0,0.0,,,0.0,0.0,7.5
カールファターレ,,,,,,,,,,,,,母父,17.0,0.23529411764705882,0.47058823529411764,0.5294117647058824,0.14285714285714285,0.3,0.6666666666666666,0.125,0.16666666666666666,0.21428571428571427,1.0,5.411764705882353
カーヴィシャス,,,,,,,,,,,,,母父,9.0,0.2222222222222222,0.3333333333333333,0.3333333333333333,0.0,0.25,0.3333333333333333,0.2,0.0,0.0,0.5,6.333333333333333
ガスパリライン,,,,,,,,,,,,,母父,7.0,0.2857142857142857,0.42857142857142855,0.42857142857142855,,0.2857142857142857,0.2857142857142857,,,0.2,1.0,4.857142857142857
ガラアフェアー,,,,,,,,,,,,,母父,5.0,0.2,0.2,0.2,0.2,,,0.2,,0.0,,5.2
ガリカローズ,,,,,,,,,,,,,母父,7.0,0.0,0.14285714285714285,0.14285714285714285,,0.0,0.0,,,0.0,0.0,7.428571428571429
ガリレオズソング,,,,,,,,,,,,,母父,7.0,0.14285714285714285,0.2857142857142857,0.42857142857142855,,0.14285714285714285,,0.14285714285714285,,0.2,0.0,5.285714285714286
ガヴィオラ,,,,,,,,,,,,,母父,12.0,0.0,0.0,0.0,0.0,0.0,0.0,0.0,0.0,0.0,0.0,9.5
ガーネットスター,,,,,,,,,,,,,母父,5.0,0.2,0.2,0.2,,0.2,0.2,,,0.2,,7.0
ガーネットチャーム,,,,,,,,,,,,,母父,5.0,0.0,0.0,0.0,0.0,0.0,0.0,0.0,,0.0,0.0,9.4
ガールオンファイア,,,,,,,,,,,,,母父,9.0,0.0,0.0,0.2222222222222222,,0.0,,0.0,,0.0,0.0,8.333333333333334
キアラ,,,,,,,,,,,,,母父,7.0,0.0,0.14285714285714285,0.14285714285714285,0.0,0.0,0.0,0.0,,0.0,,7.142857142857143
キシュウグラシア,,,,,,,,,,,,,母父,8.0,0.125,0.125,0.125,,0.125,0.14285714285714285,0.0,,0.25,0.0,9.375
キスショット,,,,,,,,,,,,,母父,17.0,0.0,0.0,0.11764705882352941,0.0,0.0,0.0,0.0,0.0,0.0,0.0,8.176470588235293
キストゥヘヴン,,,,,,,,,,,,,母父,29.0,0.034482758620689655,0.2413793103448276,0.3793103448275862,0.034482758620689655,,0.0,0.038461538461538464,,0.041666666666666664,0.0,5.689655172413793
キズナII,,,,,,,,,,,,,母父,10.0,0.0,0.1,0.1,0.0,0.0,,0.0,0.0,0.0,0.0,9.6
キタサンエデン,,,,,,,,,,,,,母父,5.0,0.0,0.0,0.0,0.0,0.0,,0.0,0.0,0.0,,9.6
キタサンプリンセス,,,,,,,,,,,,,母父,8.0,0.0,0.125,0.125,,0.0,0.0,0.0,,0.0,0.0,8.25
キタサンユキ,,,,,,,,,,,,,母父,6.0,0.0,0.0,0.0,0.0,0.0,,0.0,0.0,0.0,,9.166666666666666
キタノオペラ,,,,,,,,,,,,,母父,16.0,0.0625,0.1875,0.3125,0.0,0.07692307692307693,0.0,0.1,0.0,0.1,0.0,6.875
キティ,,,,,,,,,,,,,母父,7.0,0.14285714285714285,0.2857142857142857,0.2857142857142857,,0.14285714285714285,,0.14285714285714285,,0.16666666666666666,0.0,7.571428571428571
キトゥンズダンプリングス,,,,,,,,,,,,,母父,7.0,0.14285714285714285,0.14285714285714285,0.2857142857142857,,0.14285714285714285,0.0,0.2,,0.0,0.0,7.142857142857143
キトゥンブルー,,,,,,,,,,,,,母父,6.0,0.16666666666666666,0.16666666666666666,0.3333333333333333,0.16666666666666666,,0.3333333333333333,0.0,0.0,0.16666666666666666,,7.333333333333333
キネオスイトピー,,,,,,,,,,,,,母父,7.0,0.0,0.0,0.0,,0.0,0.0,0.0,,0.0,,13.0
キネオソレイユ,,,,,,,,,,,,,母父,9.0,0.0,0.0,0.0,,0.0,0.0,,,0.0,0.0,11.11111111111111
キネオダンサー,,,,,,,,,,,,,母父,6.0,0.0,0.0,0.0,0.0,0.0,0.0,0.0,0.0,0.0,0.0,9.666666666666666
キマグレ,,,,,,,,,,,,,母父,6.0,0.16666666666666666,0.16666666666666666,0.16666666666666666,0.16666666666666666,,,0.16666666666666666,,0.0,1.0,5.0
キミーズキッド,,,,,,,,,,,,,母父,7.0,0.0,0.0,0.0,0.0,0.0,0.0,0.0,,0.0,0.0,9.428571428571429
キモンオレンジ,,,,,,,,,,,,,母父,5.0,0.0,0.2,0.2,0.0,0.0,0.0,0.0,,0.0,,8.4
キャサリンアイドル,,,,,,,,,,,,,母父,5.0,0.0,0.0,0.0,,0.0,0.0,0.0,,0.0,0.0,10.6
キャッチザカクテル,,,,,,,,,,,,,母父,5.0,0.0,0.0,0.0,0.0,,0.0,0.0,,0.0,,8.2
キャッチザゴールド,,,,,,,,,,,,,母父,7.0,0.0,0.0,0.0,,0.0,,0.0,0.0,0.0,0.0,6.857142857142857
キャッツ,,,,,,,,,,,,,母父,8.0,0.25,0.25,0.375,,0.25,0.0,0.25,0.5,0.3333333333333333,0.0,7.875
キャトルセゾン,,,,,,,,,,,,,母父,5.0,0.0,0.0,0.4,,0.0,0.0,0.0,,0.0,,5.6
キャニオンリリー,,,,,,,,,,,,,母父,8.0,0.125,0.125,0.125,0.14285714285714285,0.0,0.0,1.0,,0.125,,6.125
キャプテンガール,,,,,,,,,,,,,母父,9.0,0.0,0.0,0.2222222222222222,0.0,0.0,0.0,0.0,,0.0,0.0,8.222222222222221
キャメロンガール,,,,,,,,,,,,,母父,12.0,0.0,0.0,0.0,0.0,0.0,0.0,0.0,0.0,0.0,0.0,9.916666666666666
キャリーウェーブ,,,,,,,,,,,,,母父,5.0,0.0,0.0,0.2,0.0,,0.0,0.0,,0.0,0.0,7.2
キャレモンショコラ,,,,,,,,,,,,,母父,9.0,0.1111111111111111,0.4444444444444444,0.6666666666666666,,0.1111111111111111,0.1111111111111111,,,0.25,0.0,3.4444444444444446
キャロルロゼ,,,,,,,,,,,,,母父,6.0,0.0,0.0,0.16666666666666666,0.0,,,0.0,,0.0,,6.666666666666667
キャンティユッキ,,,,,,,,,,,,,母父,13.0,0.07692307692307693,0.07692307692307693,0.15384615384615385,0.0,0.125,0.0,0.14285714285714285,,0.0,0.0,7.769230769230769
キャンディネバダ,,,,,,,,,,,,,母父,12.0,0.08333333333333333,0.08333333333333333,0.16666666666666666,0.0,0.14285714285714285,,0.1111111111111111,0.0,0.0,0.3333333333333333,5.833333333333333
キャンディームーン,,,,,,,,,,,,,母父,6.0,0.0,0.0,0.0,0.0,0.0,0.0,0.0,,0.0,0.0,10.833333333333334
キャンドルアイス,,,,,,,,,,,,,母父,9.0,0.1111111111111111,0.2222222222222222,0.2222222222222222,0.0,0.125,0.125,0.0,,0.125,0.0,7.666666666666667
キュー,,,,,,,,,,,,,母父,5.0,0.0,0.0,0.0,0.0,0.0,0.0,0.0,,0.0,0.0,11.4
キューティゴールド,,,,,,,,,,,,,母父,9.0,0.1111111111111111,0.4444444444444444,0.5555555555555556,0.16666666666666666,0.0,,0.1111111111111111,,0.0,1.0,3.2222222222222223
キューバンリズムII,,,,,,,,,,,,,母父,6.0,0.0,0.0,0.0,0.0,0.0,0.0,0.0,,0.0,0.0,9.333333333333334
キョウエイアン,,,,,,,,,,,,,母父,5.0,0.0,0.2,0.2,0.0,0.0,0.0,0.0,,0.0,0.0,7.6
キョウエイデビュー,,,,,,,,,,,,,母父,12.0,0.0,0.0,0.08333333333333333,0.0,0.0,,0.0,0.0,0.0,0.0,9.5
キョウエイトリガー,,,,,,,,,,,,,母父,6.0,0.0,0.0,0.0,0.0,0.0,0.0,0.0,,0.0,0.0,11.5
キョウエイトルース,,,,,,,,,,,,,母父,31.0,0.0967741935483871,0.16129032258064516,0.22580645161290322,0.2,0.047619047619047616,,0.047619047619047616,0.2,0.15384615384615385,0.0,7.354838709677419
キョウエイハツラツ,,,,,,,,,,,,,母父,8.0,0.0,0.0,0.125,0.0,0.0,,0.0,0.0,0.0,,6.5
キョウワグレイス,,,,,,,,,,,,,母父,7.0,0.0,0.14285714285714285,0.2857142857142857,,0.0,,0.0,,0.0,0.0,6.142857142857143
キョウワハピネス,,,,,,,,,,,,,母父,11.0,0.0,0.0,0.09090909090909091,0.0,0.0,0.0,0.0,,0.0,0.0,9.909090909090908
キラーグレイシス,,,,,,,,,,,,,母父,9.0,0.0,0.0,0.0,0.0,0.0,0.0,0.0,0.0,0.0,0.0,9.222222222222221
キルシュワッサー,,,,,,,,,,,,,母父,9.0,0.3333333333333333,0.3333333333333333,0.3333333333333333,0.5,0.2,0.42857142857142855,0.0,,0.2857142857142857,0.0,5.222222222222222
キングスミール,,,,,,,,,,,,,母父,11.0,0.0,0.0,0.0,0.0,0.0,0.0,0.0,,0.0,0.0,9.727272727272727
キングスローズ,,,,,,,,,,,,,母父,12.0,0.0,0.16666666666666666,0.3333333333333333,0.0,0.0,0.0,0.0,0.0,0.0,0.0,5.25
キングダンサー,,,,,,,,,,,,,母父,18.0,0.1111111111111111,0.2222222222222222,0.2222222222222222,0.058823529411764705,1.0,,0.13333333333333333,0.0,0.08333333333333333,0.3333333333333333,5.944444444444445
キングベイビー,,,,,,,,,,,,,母父,6.0,0.16666666666666666,0.3333333333333333,0.5,0.0,0.25,0.2,0.0,,0.0,0.0,5.666666666666667
キンショーオトヒメ,,,,,,,,,,,,,母父,12.0,0.16666666666666666,0.16666666666666666,0.25,0.0,0.2222222222222222,0.5,0.125,0.0,0.1111111111111111,1.0,7.916666666666667
キーステージ,,,,,,,,,,,,,母父,5.0,0.0,0.0,0.0,,0.0,0.0,0.0,,0.0,,7.4
キーパップ,,,,,,,,,,,,,母父,5.0,0.0,0.0,0.0,0.0,0.0,0.0,0.0,,0.0,,12.2
キープクワイエット,,,,,,,,,,,,,母父,5.0,0.2,0.2,0.2,0.2,,0.2,,,0.25,,8.2
キープサニーハート,,,,,,,,,,,,,母父,10.0,0.1,0.2,0.5,0.0,0.1111111111111111,0.1111111111111111,,0.0,0.2,0.0,5.5
キープザサミット,,,,,,,,,,,,,母父,8.0,0.0,0.0,0.25,0.0,0.0,,0.0,,0.0,0.0,7.375
キープザフェイス,,,,,,,,,,,,,母父,5.0,0.0,0.0,0.0,0.0,0.0,0.0,0.0,,0.0,0.0,12.0
キーラッキー,,,,,,,,,,,,,母父,13.0,0.07692307692307693,0.23076923076923078,0.46153846153846156,0.0,0.09090909090909091,,0.14285714285714285,0.0,0.125,0.0,6.769230769230769
ギフトオブザラック,,,,,,,,,,,,,母父,7.0,0.0,0.14285714285714285,0.14285714285714285,0.0,0.0,0.0,,0.0,0.0,0.0,8.285714285714286
ギフトオブソング,,,,,,,,,,,,,母父,17.0,0.11764705882352941,0.29411764705882354,0.35294117647058826,0.0,0.125,0.0,0.2,,0.1,0.0,7.176470588235294
ギブミーアチャンス,,,,,,,,,,,,,母父,5.0,0.0,0.0,0.0,0.0,0.0,,0.0,0.0,0.0,0.0,7.4
ギミーシェルター,,,,,,,,,,,,,母父,5.0,0.2,0.2,0.2,0.0,0.3333333333333333,0.3333333333333333,0.0,,0.0,,8.8
ギャビーズゴールデンギャル,,,,,,,,,,,,,母父,9.0,0.0,0.1111111111111111,0.2222222222222222,0.0,0.0,0.0,0.0,,0.0,0.0,9.222222222222221
ギャラクシーセレブ,,,,,,,,,,,,,母父,7.0,0.14285714285714285,0.42857142857142855,0.5714285714285714,,0.14285714285714285,0.14285714285714285,,,0.0,0.0,3.2857142857142856
ギャラリートーク,,,,,,,,,,,,,母父,10.0,0.1,0.2,0.2,0.0,0.14285714285714285,0.0,0.1111111111111111,,0.0,0.0,6.3
ギュイエンヌ,,,,,,,,,,,,,母父,5.0,0.2,0.2,0.2,,0.2,,0.2,,0.0,,8.2
ギンザフェアレディ,,,,,,,,,,,,,母父,5.0,0.0,0.2,0.4,0.0,0.0,,0.0,0.0,0.0,0.0,5.0
ギンザボナンザ,,,,,,,,,,,,,母父,9.0,0.2222222222222222,0.2222222222222222,0.3333333333333333,0.2222222222222222,,,0.0,0.2857142857142857,0.25,,5.222222222222222
ギンザヴィクトリア,,,,,,,,,,,,,母父,8.0,0.25,0.5,0.625,,0.25,0.25,,,0.5,0.0,4.375
ギーニョ,,,,,,,,,,,,,母父,10.0,0.1,0.2,0.4,0.0,0.1111111111111111,0.16666666666666666,0.0,,0.0,0.5,4.3
クァンタムミス,,,,,,,,,,,,,母父,5.0,0.2,0.4,0.8,,0.2,0.0,0.25,,0.0,0.25,3.4
クィーンアマポーラ,,,,,,,,,,,,,母父,8.0,0.0,0.25,0.5,0.0,0.0,,0.0,0.0,0.0,0.0,5.875
クィーンオブライフ,,,,,,,,,,,,,母父,17.0,0.11764705882352941,0.29411764705882354,0.47058823529411764,,0.11764705882352941,0.11764705882352941,,,0.08333333333333333,0.3333333333333333,6.294117647058823
クィーンスプマンテ,,,,,,,,,,,,,母父,12.0,0.0,0.08333333333333333,0.25,0.0,,,,0.0,0.0,0.0,6.416666666666667
クィーンズバーン,,,,,,,,,,,,,母父,5.0,0.0,0.0,0.2,0.0,0.0,0.0,0.0,,0.0,,7.8
クイックセイコー,,,,,,,,,,,,,母父,13.0,0.07692307692307693,0.07692307692307693,0.3076923076923077,,0.07692307692307693,0.09090909090909091,0.0,,0.0,0.0,4.615384615384615
クインズメンテ,,,,,,,,,,,,,母父,10.0,0.0,0.0,0.3,0.0,0.0,,0.0,0.0,0.0,0.0,5.5
クインポルカ,,,,,,,,,,,,,母父,12.0,0.16666666666666666,0.3333333333333333,0.4166666666666667,,0.16666666666666666,0.2,0.0,,0.1111111111111111,0.0,6.166666666666667
クインリーグレイス,,,,,,,,,,,,,母父,9.0,0.1111111111111111,0.1111111111111111,0.3333333333333333,0.1111111111111111,,,0.125,0.0,0.2,0.0,7.0
クイーンアイリス,,,,,,,,,,,,,母父,21.0,0.047619047619047616,0.09523809523809523,0.19047619047619047,0.0,0.07142857142857142,0.0625,0.0,,0.06666666666666667,0.0,7.0
クイーンオブトロイ,,,,,,,,,,,,,母父,15.0,0.06666666666666667,0.13333333333333333,0.2,0.0,0.1,0.0,0.09090909090909091,,0.1111111111111111,0.0,7.866666666666666
クイーンオブナプレス,,,,,,,,,,,,,母父,11.0,0.0,0.0,0.09090909090909091,0.0,0.0,0.0,0.0,,0.0,0.0,6.7272727272727275
クイーンオブハルカ,,,,,,,,,,,,,母父,9.0,0.0,0.1111111111111111,0.1111111111111111,0.0,0.0,0.0,0.0,,0.0,0.0,9.11111111111111
クイーンオリーブ,,,,,,,,,,,,,母父,6.0,0.0,0.16666666666666666,0.16666666666666666,0.0,0.0,,0.0,0.0,0.0,0.0,5.833333333333333
クイーンカトリーン,,,,,,,,,,,,,母父,6.0,0.0,0.16666666666666666,0.3333333333333333,0.0,0.0,,0.0,0.0,0.0,0.0,7.166666666666667
クイーンキセキ,,,,,,,,,,,,,母父,8.0,0.0,0.125,0.125,,0.0,,0.0,0.0,0.0,0.0,6.75
クイーンズアドヴァイス,,,,,,,,,,,,,母父,5.0,0.0,0.6,0.6,0.0,,,0.0,0.0,0.0,,3.6
クイーンナイサー,,,,,,,,,,,,,母父,5.0,0.0,0.0,0.0,0.0,0.0,,0.0,0.0,0.0,0.0,9.0
クイーンビーII,,,,,,,,,,,,,母父,16.0,0.125,0.25,0.5,0.07692307692307693,0.3333333333333333,0.2,0.0,,0.0,0.3333333333333333,5.25
クイーンマルサ,,,,,,,,,,,,,母父,5.0,0.2,0.2,0.2,,0.2,0.2,,,0.2,,10.2
クエルクス,,,,,,,,,,,,,母父,5.0,0.0,0.0,0.0,0.0,0.0,0.0,0.0,,0.0,,8.6
クォリティシーズン,,,,,,,,,,,,,母父,7.0,0.0,0.0,0.2857142857142857,,0.0,0.0,0.0,,0.0,0.0,5.571428571428571
クツワホームラン,,,,,,,,,,,,,母父,5.0,0.0,0.0,0.0,,0.0,0.0,,,0.0,,7.8
クニコチャン,,,,,,,,,,,,,母父,13.0,0.07692307692307693,0.15384615384615385,0.15384615384615385,,0.07692307692307693,0.14285714285714285,0.0,,0.125,0.0,7.230769230769231
クライウィズジョイ,,,,,,,,,,,,,母父,11.0,0.09090909090909091,0.2727272727272727,0.2727272727272727,0.16666666666666666,0.0,0.0,0.14285714285714285,0.0,0.125,,7.636363636363637
クライシスオブスピリット,,,,,,,,,,,,,母父,12.0,0.08333333333333333,0.08333333333333333,0.08333333333333333,0.14285714285714285,0.0,0.0,0.14285714285714285,0.0,0.16666666666666666,0.0,9.083333333333334
クラウディーハート,,,,,,,,,,,,,母父,10.0,0.0,0.1,0.1,0.0,0.0,0.0,0.0,,0.0,0.0,7.0
クラウンアスリート,,,,,,,,,,,,,母父,8.0,0.25,0.5,0.875,0.0,0.4,,0.2857142857142857,0.0,0.0,1.0,3.25
クラウンアルテミス,,,,,,,,,,,,,母父,8.0,0.0,0.0,0.0,0.0,,,0.0,,0.0,,8.75
クラウンイヴ,,,,,,,,,,,,,母父,10.0,0.1,0.1,0.2,0.125,0.0,0.0,,0.125,0.14285714285714285,0.0,6.5
クラウンセシリア,,,,,,,,,,,,,母父,8.0,0.0,0.0,0.0,,0.0,0.0,0.0,0.0,0.0,0.0,10.375
クラウンフォルテ,,,,,,,,,,,,,母父,5.0,0.0,0.0,0.0,0.0,,,0.0,0.0,0.0,0.0,12.0
クラウンプリンセス,,,,,,,,,,,,,母父,8.0,0.0,0.0,0.375,0.0,0.0,0.0,0.0,,0.0,0.0,5.25
クラウンミストラル,,,,,,,,,,,,,母父,5.0,0.0,0.2,0.4,0.0,0.0,0.0,,,,0.0,7.0
クラウンモンロー,,,,,,,,,,,,,母父,6.0,0.0,0.0,0.0,,0.0,0.0,0.0,,0.0,0.0,8.833333333333334
クラシックチュチュ,,,,,,,,,,,,,母父,10.0,0.2,0.4,0.6,0.0,0.2222222222222222,,0.2,,0.16666666666666666,0.3333333333333333,3.9
クラックコード,,,,,,,,,,,,,母父,13.0,0.0,0.07692307692307693,0.07692307692307693,0.0,0.0,0.0,0.0,0.0,0.0,0.0,9.461538461538462
クラッシーシャーロット,,,,,,,,,,,,,母父,13.0,0.15384615384615385,0.15384615384615385,0.23076923076923078,0.0,0.16666666666666666,0.2222222222222222,0.0,0.0,0.2,0.0,6.846153846153846
クラリスピンク,,,,,,,,,,,,,母父,11.0,0.09090909090909091,0.18181818181818182,0.18181818181818182,0.0,0.1,0.0,0.125,0.0,0.14285714285714285,0.0,7.7272727272727275
クラリネット,,,,,,,,,,,,,母父,17.0,0.17647058823529413,0.29411764705882354,0.4117647058823529,0.1875,0.0,,0.15384615384615385,0.25,0.16666666666666666,,4.294117647058823
クラリン,,,,,,,,,,,,,母父,5.0,0.2,0.2,0.4,0.2,,0.0,0.5,,0.3333333333333333,,7.0
クラレンスハウス,,,,,,,,,,,,,母父,5.0,0.0,0.0,0.0,0.0,0.0,0.0,0.0,0.0,0.0,0.0,12.0
クリアソウル,,,,,,,,,,,,,母父,13.0,0.07692307692307693,0.23076923076923078,0.23076923076923078,0.16666666666666666,0.0,0.0,0.1,,0.0,0.0,6.153846153846154
クリアリーコンフューズド,,,,,,,,,,,,,母父,7.0,0.14285714285714285,0.2857142857142857,0.2857142857142857,0.14285714285714285,,0.5,0.0,,0.0,0.0,5.0
クリアーパッション,,,,,,,,,,,,,母父,7.0,0.0,0.0,0.0,0.0,0.0,0.0,0.0,,0.0,,10.142857142857142
クリスコンフリクト,,,,,,,,,,,,,母父,13.0,0.07692307692307693,0.15384615384615385,0.38461538461538464,0.08333333333333333,0.0,,0.0,0.1,0.09090909090909091,0.0,5.3076923076923075
クリスタルコースト,,,,,,,,,,,,,母父,13.0,0.07692307692307693,0.3076923076923077,0.3076923076923077,0.0,0.125,0.125,0.0,0.0,0.16666666666666666,0.0,6.0
クリスタルストーン,,,,,,,,,,,,,母父,9.0,0.0,0.0,0.0,0.0,0.0,0.0,0.0,0.0,0.0,0.0,12.666666666666666
クリスタルヴィオレ,,,,,,,,,,,,,母父,8.0,0.125,0.125,0.125,,0.125,0.25,0.0,,0.3333333333333333,0.0,8.125
クリスチャンパール,,,,,,,,,,,,,母父,12.0,0.16666666666666666,0.3333333333333333,0.3333333333333333,0.0,0.18181818181818182,0.25,0.0,,0.2857142857142857,0.0,7.166666666666667
クリスティビーム,,,,,,,,,,,,,母父,16.0,0.0,0.125,0.375,,0.0,0.0,0.0,,0.0,0.0,5.0625
クリスティロマンス,,,,,,,,,,,,,母父,6.0,0.0,0.0,0.0,0.0,0.0,0.0,0.0,,0.0,0.0,12.166666666666666
クリスマスキャロル,,,,,,,,,,,,,母父,7.0,0.14285714285714285,0.14285714285714285,0.14285714285714285,,0.14285714285714285,0.25,0.0,,0.0,0.25,8.0
クリソプレーズ,,,,,,,,,,,,,母父,9.0,0.1111111111111111,0.3333333333333333,0.3333333333333333,0.0,0.25,,0.16666666666666666,0.0,0.125,0.0,4.888888888888889
クリニエルドゥオル,,,,,,,,,,,,,母父,13.0,0.07692307692307693,0.07692307692307693,0.07692307692307693,,0.07692307692307693,0.2,0.0,,0.125,0.0,8.23076923076923
クリノクレオパトラ,,,,,,,,,,,,,母父,5.0,0.0,0.2,0.2,,0.0,,0.0,,0.0,,5.4
クリノクロフネ,,,,,,,,,,,,,母父,6.0,0.16666666666666666,0.16666666666666666,0.16666666666666666,0.0,0.3333333333333333,0.25,0.0,,0.3333333333333333,0.0,7.5
クリノスペシャル,,,,,,,,,,,,,母父,6.0,0.16666666666666666,0.16666666666666666,0.16666666666666666,,0.16666666666666666,0.0,0.5,,0.0,1.0,7.5
クリノスレンダー,,,,,,,,,,,,,母父,7.0,0.0,0.0,0.0,0.0,0.0,0.0,0.0,,0.0,0.0,11.142857142857142
クリノビスケット,,,,,,,,,,,,,母父,8.0,0.0,0.0,0.125,,0.0,,0.0,,0.0,0.0,6.875
クリノビリオネア,,,,,,,,,,,,,母父,21.0,0.0,0.0,0.09523809523809523,0.0,0.0,0.0,0.0,,0.0,0.0,8.476190476190476
クリノメダリスト,,,,,,,,,,,,,母父,9.0,0.0,0.0,0.0,0.0,0.0,0.0,0.0,0.0,0.0,0.0,10.11111111111111
クリムゾンルージュ,,,,,,,,,,,,,母父,9.0,0.1111111111111111,0.3333333333333333,0.3333333333333333,,0.1111111111111111,,0.25,0.0,0.2,0.0,6.333333333333333
クルザダアメリカーナ,,,,,,,,,,,,,母父,7.0,0.0,0.14285714285714285,0.2857142857142857,,0.0,0.0,0.0,,0.0,,8.285714285714286
クルミナル,,,,,,,,,,,,,母父,14.0,0.14285714285714285,0.42857142857142855,0.6428571428571429,0.14285714285714285,,,0.09090909090909091,0.3333333333333333,0.125,,3.857142857142857
クルージンミジー,,,,,,,,,,,,,母父,18.0,0.05555555555555555,0.2777777777777778,0.2777777777777778,0.0,0.07692307692307693,0.08333333333333333,0.0,0.0,0.08333333333333333,0.0,4.833333333333333
クレインテオドーラ,,,,,,,,,,,,,母父,6.0,0.0,0.0,0.0,,0.0,0.0,0.0,,0.0,0.0,11.166666666666666
クレタパラドックス,,,,,,,,,,,,,母父,6.0,0.0,0.16666666666666666,0.3333333333333333,0.0,,0.0,0.0,,0.0,,9.333333333333334
クレバークリス,,,,,,,,,,,,,母父,9.0,0.1111111111111111,0.3333333333333333,0.4444444444444444,0.125,0.0,,0.16666666666666666,0.0,0.0,1.0,6.0
クレバースプリント,,,,,,,,,,,,,母父,7.0,0.14285714285714285,0.14285714285714285,0.14285714285714285,0.2,0.0,0.0,0.2,0.0,0.2,0.0,11.428571428571429
クレバーピルエット,,,,,,,,,,,,,母父,8.0,0.125,0.375,0.5,,0.125,0.125,,,0.0,0.25,4.5
クレヨンルージュ,,,,,,,,,,,,,母父,10.0,0.1,0.2,0.4,0.1,,0.0,0.2,,0.1111111111111111,,4.5
クレーンズラヴァー,,,,,,,,,,,,,母父,20.0,0.05,0.15,0.2,0.0,0.06666666666666667,0.08333333333333333,0.0,,0.07142857142857142,0.0,9.05
クロウキャニオン,,,,,,,,,,,,,母父,16.0,0.125,0.1875,0.375,0.13333333333333333,0.0,0.16666666666666666,0.1,,0.125,0.5,6.25
クロエチャン,,,,,,,,,,,,,母父,19.0,0.10526315789473684,0.15789473684210525,0.2631578947368421,,0.10526315789473684,0.15384615384615385,0.0,,0.14285714285714285,0.0,6.7894736842105265
クロスウォーターII,,,,,,,,,,,,,母父,6.0,0.0,0.0,0.16666666666666666,0.0,0.0,0.0,,,0.0,0.0,7.833333333333333
クロスザレイチェル,,,,,,,,,,,,,母父,8.0,0.0,0.25,0.25,0.0,0.0,0.0,,0.0,0.0,0.0,8.5
クロネコ,,,,,,,,,,,,,母父,13.0,0.0,0.0,0.07692307692307693,0.0,0.0,0.0,0.0,,0.0,0.0,7.769230769230769
クロノロジスト,,,,,,,,,,,,,母父,6.0,0.5,0.6666666666666666,0.8333333333333334,0.5,,,0.0,1.0,0.3333333333333333,1.0,2.0
クロフォード,,,,,,,,,,,,,母父,7.0,0.0,0.0,0.0,0.0,0.0,,0.0,0.0,0.0,0.0,10.714285714285714
クロンヌドール,,,,,,,,,,,,,母父,14.0,0.0,0.07142857142857142,0.21428571428571427,0.0,0.0,0.0,0.0,0.0,0.0,0.0,6.928571428571429
クーデグレイス,,,,,,,,,,,,,母父,13.0,0.15384615384615385,0.23076923076923078,0.23076923076923078,0.16666666666666666,0.0,,0.18181818181818182,0.0,0.125,0.0,5.461538461538462
クーファゲルニカ,,,,,,,,,,,,,母父,9.0,0.0,0.0,0.1111111111111111,0.0,0.0,0.0,0.0,0.0,0.0,0.0,10.333333333333334
クールグレース,,,,,,,,,,,,,母父,13.0,0.0,0.0,0.0,0.0,0.0,0.0,0.0,0.0,0.0,0.0,8.307692307692308
クールダウン,,,,,,,,,,,,,母父,10.0,0.0,0.0,0.0,0.0,0.0,0.0,0.0,,0.0,,7.3
クールネージュ,,,,,,,,,,,,,母父,6.0,0.16666666666666666,0.16666666666666666,0.16666666666666666,0.2,0.0,0.2,0.0,,0.0,0.5,9.333333333333334
クールリーヴ,,,,,,,,,,,,,母父,6.0,0.0,0.16666666666666666,0.16666666666666666,,0.0,0.0,,,0.0,0.0,6.333333333333333
グッドイヴニング,,,,,,,,,,,,,母父,9.0,0.0,0.2222222222222222,0.3333333333333333,,0.0,0.0,0.0,,0.0,0.0,6.555555555555555
グッドチョイス,,,,,,,,,,,,,母父,10.0,0.0,0.0,0.0,0.0,0.0,0.0,0.0,,0.0,,8.3
グッドルッキング,,,,,,,,,,,,,母父,23.0,0.0,0.043478260869565216,0.043478260869565216,0.0,,0.0,0.0,0.0,0.0,0.0,8.869565217391305
グラスケリー,,,,,,,,,,,,,母父,7.0,0.14285714285714285,0.14285714285714285,0.14285714285714285,0.14285714285714285,,0.14285714285714285,,,0.0,,8.142857142857142
グラスブロード,,,,,,,,,,,,,母父,17.0,0.0,0.0,0.058823529411764705,,0.0,0.0,0.0,0.0,0.0,0.0,10.882352941176471
グラスプリマ,,,,,,,,,,,,,母父,11.0,0.0,0.0,0.09090909090909091,0.0,0.0,,0.0,0.0,0.0,0.0,7.090909090909091
グラスルビー,,,,,,,,,,,,,母父,10.0,0.1,0.1,0.2,,0.1,0.2,0.0,0.0,0.25,0.0,9.1
グラッブユアハート,,,,,,,,,,,,,母父,5.0,0.0,0.0,0.0,0.0,0.0,0.0,,0.0,0.0,,7.4
グラナダ,,,,,,,,,,,,,母父,5.0,0.0,0.0,0.0,,0.0,0.0,0.0,,0.0,0.0,8.0
グラニースミス,,,,,,,,,,,,,母父,5.0,0.0,0.0,0.0,0.0,0.0,0.0,0.0,,0.0,,8.8
グランシャルム,,,,,,,,,,,,,母父,8.0,0.0,0.125,0.125,0.0,0.0,,0.0,,0.0,0.0,9.0
グランデアモーレ,,,,,,,,,,,,,母父,12.0,0.08333333333333333,0.25,0.25,0.14285714285714285,0.0,0.0,0.2,,0.125,0.0,6.25
グラントリノ,,,,,,,,,,,,,母父,7.0,0.0,0.0,0.0,0.0,0.0,0.0,0.0,,0.0,0.0,7.0
グランドホイッスル,,,,,,,,,,,,,母父,9.0,0.1111111111111111,0.1111111111111111,0.1111111111111111,,0.1111111111111111,0.0,0.125,,0.2,0.0,8.222222222222221
グランプリエンゼル,,,,,,,,,,,,,母父,11.0,0.09090909090909091,0.2727272727272727,0.45454545454545453,,0.09090909090909091,0.14285714285714285,0.0,,0.0,0.25,5.909090909090909
グリサージュ,,,,,,,,,,,,,母父,7.0,0.0,0.0,0.0,0.0,0.0,0.0,0.0,,0.0,0.0,10.0
グリューネワルト,,,,,,,,,,,,,母父,11.0,0.0,0.0,0.0,0.0,0.0,0.0,0.0,0.0,0.0,0.0,9.818181818181818
グリーリーレイ,,,,,,,,,,,,,母父,5.0,0.4,0.8,0.8,,0.4,0.4,,,0.5,0.0,2.6
グリーンオリーヴ,,,,,,,,,,,,,母父,13.0,0.07692307692307693,0.15384615384615385,0.3076923076923077,,0.07692307692307693,,0.1111111111111111,0.0,0.0,0.0,5.153846153846154
グリーンサンライズ,,,,,,,,,,,,,母父,5.0,0.0,0.0,0.0,0.0,0.0,0.0,0.0,,0.0,0.0,11.2
グルヴェイグ,,,,,,,,,,,,,母父,6.0,0.16666666666666666,0.16666666666666666,0.3333333333333333,0.16666666666666666,,,0.16666666666666666,,0.2,0.0,7.333333333333333
グレイシアブルー,,,,,,,,,,,,,母父,7.0,0.14285714285714285,0.2857142857142857,0.42857142857142855,0.14285714285714285,,,0.0,0.3333333333333333,0.0,,4.714285714285714
グレイスティアラ,,,,,,,,,,,,,母父,6.0,0.0,0.0,0.0,,0.0,0.0,0.0,,0.0,0.0,9.166666666666666
グレイスファミリー,,,,,,,,,,,,,母父,6.0,0.0,0.16666666666666666,0.16666666666666666,0.0,0.0,0.0,0.0,,0.0,0.0,7.833333333333333
グレイスフルアート,,,,,,,,,,,,,母父,13.0,0.0,0.3076923076923077,0.46153846153846156,,0.0,0.0,0.0,,0.0,0.0,4.6923076923076925
グレインライン,,,,,,,,,,,,,母父,5.0,0.0,0.0,0.0,0.0,0.0,0.0,0.0,0.0,0.0,,11.4
グレナディーン,,,,,,,,,,,,,母父,8.0,0.0,0.25,0.25,0.0,0.0,,0.0,0.0,0.0,0.0,5.625
グレースグランド,,,,,,,,,,,,,母父,10.0,0.0,0.1,0.1,0.0,0.0,0.0,0.0,0.0,0.0,0.0,8.0
グレートキャティ,,,,,,,,,,,,,母父,11.0,0.18181818181818182,0.2727272727272727,0.45454545454545453,0.18181818181818182,,1.0,0.1,,0.2,0.0,4.818181818181818
グレートテン,,,,,,,,,,,,,母父,8.0,0.125,0.375,0.625,0.125,,,0.125,,0.0,0.0,5.5
グレートハーベスト,,,,,,,,,,,,,母父,5.0,0.0,0.0,0.0,0.0,0.0,0.0,0.0,,0.0,0.0,7.4
グロッタアズーラ,,,,,,,,,,,,,母父,6.0,0.16666666666666666,0.3333333333333333,0.3333333333333333,,0.16666666666666666,0.2,0.0,,0.2,0.0,6.833333333333333
グロリエッテ,,,,,,,,,,,,,母父,19.0,0.10526315789473684,0.3157894736842105,0.42105263157894735,0.25,0.06666666666666667,0.18181818181818182,0.0,,0.16666666666666666,0.0,6.105263157894737
グローバルピース,,,,,,,,,,,,,母父,10.0,0.1,0.3,0.4,0.0,0.1111111111111111,,0.0,0.14285714285714285,0.16666666666666666,0.0,5.7
グローブ,,,,,,,,,,,,,母父,9.0,0.0,0.1111111111111111,0.1111111111111111,0.0,0.0,0.0,0.0,,0.0,0.0,9.0
グローリアスデイズ,,,,,,,,,,,,,母父,10.0,0.3,0.3,0.3,0.25,0.3333333333333333,,0.2857142857142857,0.3333333333333333,0.375,0.0,6.6
グローリアスローズ,,,,,,,,,,,,,母父,8.0,0.125,0.25,0.25,0.125,,,0.125,,0.16666666666666666,0.0,5.125
グローリサンディ,,,,,,,,,,,,,母父,9.0,0.1111111111111111,0.2222222222222222,0.3333333333333333,0.2,0.0,0.0,,0.2,0.25,0.0,7.111111111111111
グローリーブラッド,,,,,,,,,,,,,母父,6.0,0.0,0.0,0.3333333333333333,0.0,0.0,0.0,0.0,,0.0,,7.0
グーテデロワ,,,,,,,,,,,,,母父,14.0,0.0,0.14285714285714285,0.2857142857142857,0.0,0.0,0.0,0.0,0.0,0.0,0.0,8.642857142857142
ケイアイアテナ,,,,,,,,,,,,,母父,14.0,0.07142857142857142,0.07142857142857142,0.2857142857142857,0.0,0.09090909090909091,0.1,0.0,0.0,0.1111111111111111,0.0,6.0
ケイアイエーデル,,,,,,,,,,,,,母父,7.0,0.0,0.14285714285714285,0.14285714285714285,,0.0,0.0,,,0.0,0.0,11.857142857142858
ケイアイカミーリア,,,,,,,,,,,,,母父,5.0,0.0,0.0,0.4,0.0,0.0,0.0,0.0,,0.0,0.0,10.0
ケイアイガーベラ,,,,,,,,,,,,,母父,10.0,0.1,0.1,0.2,0.0,0.16666666666666666,0.0,0.16666666666666666,0.0,0.0,0.5,7.4
ケイアイデイジー,,,,,,,,,,,,,母父,9.0,0.0,0.2222222222222222,0.3333333333333333,,0.0,0.0,0.0,,0.0,0.0,8.333333333333334
ケイアイベローナ,,,,,,,,,,,,,母父,10.0,0.1,0.3,0.4,,0.1,0.0,0.125,,0.16666666666666666,0.0,5.8
ケイアイミサイル,,,,,,,,,,,,,母父,7.0,0.0,0.0,0.0,0.0,0.0,0.0,0.0,,0.0,,11.714285714285714
ケイアイリブラ,,,,,,,,,,,,,母父,6.0,0.16666666666666666,0.16666666666666666,0.16666666666666666,,0.16666666666666666,0.0,0.2,,0.25,0.0,8.0
ケイエスアカリ,,,,,,,,,,,,,母父,10.0,0.1,0.2,0.2,0.0,0.25,0.14285714285714285,0.0,,0.14285714285714285,0.0,9.2
ケイエスシンアカリ,,,,,,,,,,,,,母父,8.0,0.125,0.125,0.125,,0.125,,0.0,0.25,0.0,0.3333333333333333,9.125
ケイエスホノカ,,,,,,,,,,,,,母父,14.0,0.0,0.0,0.35714285714285715,0.0,0.0,0.0,0.0,,0.0,0.0,7.5
ケイティクラシー,,,,,,,,,,,,,母父,5.0,0.0,0.0,0.0,,0.0,0.0,0.0,,0.0,0.0,10.0
ケイティクロス,,,,,,,,,,,,,母父,9.0,0.1111111111111111,0.2222222222222222,0.2222222222222222,0.0,0.14285714285714285,0.5,0.0,,0.0,0.3333333333333333,6.111111111111111
ケイティマイヒメ,,,,,,,,,,,,,母父,12.0,0.08333333333333333,0.08333333333333333,0.08333333333333333,0.0,0.1,0.25,0.0,0.0,0.0,0.0,8.75
ケイティローレル,,,,,,,,,,,,,母父,5.0,0.0,0.2,0.4,,0.0,,0.0,,0.0,0.0,8.4
ケイティーズギフト,,,,,,,,,,,,,母父,13.0,0.15384615384615385,0.3076923076923077,0.6153846153846154,0.18181818181818182,0.0,0.0,0.25,,0.16666666666666666,0.0,4.384615384615385
ケイティーズジェム,,,,,,,,,,,,,母父,9.0,0.0,0.1111111111111111,0.2222222222222222,0.0,0.0,0.0,0.0,,0.0,0.0,7.555555555555555
ケイティーズミスト,,,,,,,,,,,,,母父,5.0,0.0,0.0,0.0,0.0,0.0,0.0,0.0,,0.0,0.0,11.8
ケトルワンアップ,,,,,,,,,,,,,母父,5.0,0.2,0.4,0.4,0.0,0.25,0.5,0.0,0.0,0.0,0.5,6.8
ケリーズビューティ,,,,,,,,,,,,,母父,8.0,0.0,0.125,0.25,0.0,0.0,0.0,0.0,,0.0,,8.0
ケンアマツカゼ,,,,,,,,,,,,,母父,5.0,0.0,0.2,0.4,0.0,,,0.0,,0.0,,6.0
ケンコウランハート,,,,,,,,,,,,,母父,6.0,0.16666666666666666,0.16666666666666666,0.5,0.2,0.0,,0.0,0.3333333333333333,0.0,1.0,6.166666666666667
ケンチャメワン,,,,,,,,,,,,,母父,5.0,0.0,0.0,0.2,0.0,0.0,0.0,0.0,0.0,0.0,0.0,7.4
ケンホープ,,,,,,,,,,,,,母父,11.0,0.0,0.09090909090909091,0.18181818181818182,0.0,0.0,0.0,0.0,,0.0,0.0,6.545454545454546
ケージーハッピー,,,,,,,,,,,,,母父,6.0,0.0,0.0,0.0,0.0,0.0,0.0,0.0,,0.0,,12.166666666666666
ケージーメグミ,,,,,,,,,,,,,母父,6.0,0.0,0.0,0.0,,0.0,,0.0,,0.0,0.0,12.5
ケープジャスミン,,,,,,,,,,,,,母父,7.0,0.0,0.14285714285714285,0.14285714285714285,0.0,0.0,0.0,0.0,,0.0,,5.571428571428571
ケープタウンシチー,,,,,,,,,,,,,母父,11.0,0.0,0.0,0.09090909090909091,0.0,0.0,0.0,0.0,0.0,0.0,0.0,7.363636363636363
ゲイリークィンビー,,,,,,,,,,,,,母父,10.0,0.0,0.0,0.0,,0.0,0.0,0.0,,0.0,0.0,8.5
ゲイリーピクシー,,,,,,,,,,,,,母父,9.0,0.1111111111111111,0.1111111111111111,0.1111111111111111,0.125,0.0,0.3333333333333333,0.0,,0.16666666666666666,0.0,9.222222222222221
ゲットミー,,,,,,,,,,,,,母父,6.0,0.0,0.0,0.0,,0.0,0.0,,,0.0,0.0,7.166666666666667
コウエイオトメ,,,,,,,,,,,,,母父,7.0,0.0,0.0,0.0,,0.0,0.0,0.0,,0.0,,8.142857142857142
コウエイテンプウ,,,,,,,,,,,,,母父,6.0,0.0,0.0,0.0,,0.0,0.0,0.0,,0.0,0.0,10.166666666666666
コウユーヒカリママ,,,,,,,,,,,,,母父,7.0,0.14285714285714285,0.14285714285714285,0.14285714285714285,0.14285714285714285,,0.16666666666666666,0.0,,0.2,0.0,7.428571428571429
コウヨウルビー,,,,,,,,,,,,,母父,12.0,0.16666666666666666,0.16666666666666666,0.16666666666666666,0.2,0.0,0.1111111111111111,0.3333333333333333,,0.1111111111111111,0.0,7.0
ココシュニック,,,,,,,,,,,,,母父,5.0,0.2,0.2,0.2,0.25,0.0,,0.2,,0.2,,8.6
ココモオレンジ,,,,,,,,,,,,,母父,5.0,0.2,0.2,0.2,0.0,0.25,0.3333333333333333,0.0,,0.0,,7.2
ココロノアイ,,,,,,,,,,,,,母父,5.0,0.0,0.0,0.2,0.0,,0.0,0.0,,0.0,0.0,10.4
コスモアクセス,,,,,,,,,,,,,母父,10.0,0.1,0.2,0.4,0.0,0.125,0.0,0.2,,0.3333333333333333,0.0,7.4
コスモエンドレス,,,,,,,,,,,,,母父,6.0,0.0,0.3333333333333333,0.5,0.0,,0.0,0.0,,0.0,0.0,6.5
コスモカラーズ,,,,,,,,,,,,,母父,7.0,0.0,0.0,0.0,0.0,0.0,0.0,0.0,,0.0,0.0,10.0
コスモキララ,,,,,,,,,,,,,母父,12.0,0.0,0.08333333333333333,0.16666666666666666,,0.0,,0.0,0.0,0.0,0.0,5.25
コスモクラッベ,,,,,,,,,,,,,母父,11.0,0.0,0.0,0.0,0.0,0.0,0.0,0.0,0.0,0.0,0.0,7.818181818181818
コスモクリスタル,,,,,,,,,,,,,母父,16.0,0.25,0.3125,0.3125,0.2857142857142857,0.0,0.0,0.26666666666666666,,0.36363636363636365,0.0,5.3125
コスモコルデス,,,,,,,,,,,,,母父,10.0,0.1,0.1,0.2,0.0,0.14285714285714285,0.0,0.125,0.0,0.14285714285714285,,8.0
コスモスプラッシュ,,,,,,,,,,,,,母父,7.0,0.0,0.2857142857142857,0.2857142857142857,0.0,,,0.0,0.0,0.0,,7.714285714285714
コスモチェーロ,,,,,,,,,,,,,母父,12.0,0.25,0.25,0.25,0.25,,,0.3333333333333333,0.16666666666666666,0.2222222222222222,0.0,7.833333333333333
コスモネモシン,,,,,,,,,,,,,母父,5.0,0.0,0.0,0.0,0.0,0.0,0.0,0.0,,0.0,0.0,11.6
コスモハート,,,,,,,,,,,,,母父,11.0,0.09090909090909091,0.18181818181818182,0.18181818181818182,0.0,0.14285714285714285,0.0,0.2,,0.0,0.5,7.090909090909091
コスモバルバラ,,,,,,,,,,,,,母父,10.0,0.1,0.3,0.3,0.1,,,0.1,,0.16666666666666666,0.0,6.2
コスモプラチナ,,,,,,,,,,,,,母父,7.0,0.0,0.14285714285714285,0.2857142857142857,0.0,0.0,,0.0,0.0,0.0,,5.714285714285714
コスモポリタン,,,,,,,,,,,,,母父,7.0,0.0,0.0,0.14285714285714285,0.0,0.0,0.0,0.0,,0.0,0.0,6.142857142857143
コスモマイルール,,,,,,,,,,,,,母父,5.0,0.0,0.0,0.2,0.0,,,0.0,0.0,0.0,0.0,8.0
コスモマクスウェル,,,,,,,,,,,,,母父,11.0,0.0,0.09090909090909091,0.18181818181818182,0.0,0.0,0.0,0.0,,0.0,0.0,7.454545454545454
コスモミザール,,,,,,,,,,,,,母父,5.0,0.0,0.0,0.0,,0.0,0.0,,,0.0,0.0,9.8
コスモミール,,,,,,,,,,,,,母父,6.0,0.0,0.16666666666666666,0.3333333333333333,0.0,,,0.0,,0.0,,4.666666666666667
コスモメリー,,,,,,,,,,,,,母父,5.0,0.0,0.0,0.2,0.0,0.0,0.0,0.0,,0.0,,9.4
コスモライセンス,,,,,,,,,,,,,母父,9.0,0.0,0.0,0.0,0.0,,,0.0,0.0,0.0,0.0,5.444444444444445
コスモルーシー,,,,,,,,,,,,,母父,15.0,0.13333333333333333,0.26666666666666666,0.3333333333333333,0.14285714285714285,0.0,0.0,0.2,0.0,0.18181818181818182,0.0,5.066666666666666
コスモヴァレンチ,,,,,,,,,,,,,母父,7.0,0.14285714285714285,0.2857142857142857,0.42857142857142855,0.0,0.2,,0.2,0.0,0.2,,5.571428571428571
コズミックショア,,,,,,,,,,,,,母父,6.0,0.0,0.0,0.6666666666666666,0.0,0.0,0.0,0.0,,0.0,0.0,4.833333333333333
コズミックフレイム,,,,,,,,,,,,,母父,10.0,0.1,0.2,0.2,0.2,0.0,0.14285714285714285,0.0,,0.14285714285714285,0.0,7.7
コチョウサン,,,,,,,,,,,,,母父,5.0,0.0,0.2,0.2,0.0,0.0,0.0,0.0,,0.0,,8.4
コックニー,,,,,,,,,,,,,母父,5.0,0.0,0.0,0.0,0.0,0.0,0.0,,,0.0,0.0,13.0
コテキタイ,,,,,,,,,,,,,母父,9.0,0.3333333333333333,0.3333333333333333,0.3333333333333333,,0.3333333333333333,0.42857142857142855,0.0,,0.2857142857142857,1.0,6.333333333333333
コパノオーシャンズ,,,,,,,,,,,,,母父,8.0,0.125,0.125,0.25,0.16666666666666666,0.0,,0.125,,0.16666666666666666,0.0,7.25
コフィーチャン,,,,,,,,,,,,,母父,9.0,0.0,0.0,0.0,0.0,0.0,0.0,0.0,0.0,0.0,0.0,10.11111111111111
コペノイコロ,,,,,,,,,,,,,母父,17.0,0.058823529411764705,0.058823529411764705,0.17647058823529413,0.0,0.09090909090909091,0.0,0.0,0.5,0.08333333333333333,0.0,8.117647058823529
コマノスクアーロ,,,,,,,,,,,,,母父,7.0,0.0,0.2857142857142857,0.42857142857142855,0.0,0.0,0.0,0.0,,0.0,0.0,6.142857142857143
コマノリリー,,,,,,,,,,,,,母父,8.0,0.125,0.125,0.25,0.3333333333333333,0.0,0.0,0.25,,0.14285714285714285,,6.375
コマーサント,,,,,,,,,,,,,母父,8.0,0.0,0.0,0.0,0.0,0.0,0.0,0.0,,0.0,,8.875
コリンシアン,,,,,,,,,,,,,母父,5.0,0.0,0.4,0.4,0.0,0.0,0.0,0.0,,0.0,,7.8
コリンズグラス,,,,,,,,,,,,,母父,5.0,0.0,0.0,0.2,0.0,0.0,0.0,0.0,,0.0,,9.6
コリンナ,,,,,,,,,,,,,母父,5.0,0.0,0.4,0.4,,0.0,0.0,,,0.0,0.0,5.8
コルチカ,,,,,,,,,,,,,母父,5.0,0.0,0.0,0.0,0.0,0.0,0.0,,,0.0,0.0,10.6
コンカラン,,,,,,,,,,,,,母父,7.0,0.0,0.0,0.0,0.0,,,0.0,,0.0,0.0,7.857142857142857
コンテスティッド,,,,,,,,,,,,,母父,18.0,0.16666666666666666,0.2777777777777778,0.2777777777777778,0.1875,0.0,,0.17647058823529413,0.0,0.15384615384615385,0.3333333333333333,5.666666666666667
コンドコマンド,,,,,,,,,,,,,母父,12.0,0.08333333333333333,0.25,0.3333333333333333,0.1,0.0,,0.09090909090909091,0.0,0.125,,6.583333333333333
コンドルウイング,,,,,,,,,,,,,母父,12.0,0.0,0.0,0.0,0.0,0.0,0.0,0.0,0.0,0.0,0.0,10.083333333333334
コンフォータブル,,,,,,,,,,,,,母父,15.0,0.06666666666666667,0.13333333333333333,0.2,0.0,0.08333333333333333,0.09090909090909091,0.0,,0.125,0.0,7.4
コンプリカーター,,,,,,,,,,,,,母父,5.0,0.4,0.6,0.6,,0.4,0.0,0.5,,0.3333333333333333,1.0,4.4
コンヴィクションII,,,,,,,,,,,,,母父,6.0,0.0,0.0,0.0,0.0,,,0.0,0.0,0.0,,6.833333333333333
コヴェンティナ,,,,,,,,,,,,,母父,6.0,0.0,0.0,0.0,,0.0,,0.0,0.0,0.0,,11.5
コージーロージー,,,,,,,,,,,,,母父,9.0,0.2222222222222222,0.3333333333333333,0.5555555555555556,0.0,0.4,,0.3333333333333333,0.0,0.2857142857142857,0.0,4.888888888888889
コーテサン,,,,,,,,,,,,,母父,6.0,0.0,0.3333333333333333,0.5,,0.0,0.0,0.0,,0.0,0.0,5.333333333333333
コーディーライン,,,,,,,,,,,,,母父,13.0,0.15384615384615385,0.23076923076923078,0.3076923076923077,0.14285714285714285,0.16666666666666666,0.25,0.0,,0.2222222222222222,0.0,7.0
コードネーム,,,,,,,,,,,,,母父,13.0,0.0,0.0,0.0,0.0,0.0,0.0,0.0,0.0,0.0,0.0,9.23076923076923
コーラルグリッタ,,,,,,,,,,,,,母父,16.0,0.125,0.3125,0.3125,0.14285714285714285,0.1111111111111111,0.1111111111111111,0.0,0.3333333333333333,0.0,0.3333333333333333,5.5
コーンドリー,,,,,,,,,,,,,母父,13.0,0.15384615384615385,0.23076923076923078,0.3076923076923077,,0.15384615384615385,0.125,0.2,,0.2222222222222222,0.0,5.461538461538462
ゴジップガール,,,,,,,,,,,,,母父,12.0,0.16666666666666666,0.25,0.6666666666666666,0.0,0.4,,0.2,0.14285714285714285,0.2,0.0,4.75
ゴッドダンシング,,,,,,,,,,,,,母父,7.0,0.0,0.0,0.0,0.0,0.0,0.0,,,0.0,0.0,12.571428571428571
ゴッドビラブドミー,,,,,,,,,,,,,母父,5.0,0.0,0.0,0.2,,0.0,,0.0,,0.0,0.0,7.8
ゴッドフェニックス,,,,,,,,,,,,,母父,7.0,0.14285714285714285,0.42857142857142855,0.42857142857142855,,0.14285714285714285,0.14285714285714285,,,0.2,,7.714285714285714
ゴッドフローラ,,,,,,,,,,,,,母父,16.0,0.0,0.125,0.3125,0.0,0.0,0.0,0.0,,0.0,0.0,7.125
ゴンチャローワ,,,,,,,,,,,,,母父,5.0,0.0,0.0,0.0,,0.0,0.0,0.0,,0.0,0.0,9.8
ゴーカロライナ,,,,,,,,,,,,,母父,15.0,0.0,0.0,0.06666666666666667,0.0,,0.0,0.0,,0.0,0.0,10.133333333333333
ゴーファイトウィン,,,,,,,,,,,,,母父,6.0,0.0,0.0,0.0,0.0,0.0,0.0,0.0,,0.0,0.0,7.833333333333333
ゴールウェイ,,,,,,,,,,,,,母父,20.0,0.15,0.2,0.3,0.0,0.16666666666666666,0.1,0.2222222222222222,0.0,0.09090909090909091,0.25,7.65
ゴールデンイエラ,,,,,,,,,,,,,母父,5.0,0.0,0.0,0.2,0.0,0.0,0.0,0.0,,0.0,0.0,6.2
ゴールデンオーラ,,,,,,,,,,,,,母父,5.0,0.0,0.0,0.2,0.0,0.0,0.0,0.0,,0.0,,5.6
ゴールデンロッド,,,,,,,,,,,,,母父,11.0,0.0,0.18181818181818182,0.18181818181818182,0.0,0.0,,0.0,0.0,0.0,0.0,9.0
ゴールドアシュレイ,,,,,,,,,,,,,母父,13.0,0.0,0.0,0.07692307692307693,,0.0,0.0,0.0,,0.0,0.0,6.384615384615385
ゴールドカルラ,,,,,,,,,,,,,母父,10.0,0.1,0.1,0.2,0.0,0.125,0.0,0.16666666666666666,,0.16666666666666666,0.0,7.9
ゴールドグレース,,,,,,,,,,,,,母父,8.0,0.0,0.0,0.0,0.0,0.0,0.0,0.0,0.0,0.0,0.0,9.625
ゴールドグローリー,,,,,,,,,,,,,母父,7.0,0.2857142857142857,0.42857142857142855,0.5714285714285714,,0.2857142857142857,,0.2857142857142857,,0.5,0.0,4.0
ゴールドコイン,,,,,,,,,,,,,母父,5.0,0.2,0.4,0.4,0.0,0.5,0.3333333333333333,0.0,,0.3333333333333333,,5.6
ゴールドジャパン,,,,,,,,,,,,,母父,10.0,0.2,0.3,0.4,0.0,0.2222222222222222,0.0,0.2857142857142857,0.0,0.0,1.0,7.1
ゴールドターフ,,,,,,,,,,,,,母父,5.0,0.0,0.0,0.0,,0.0,0.0,0.0,,0.0,,10.4
ゴールドチェイス,,,,,,,,,,,,,母父,5.0,0.0,0.0,0.2,0.0,0.0,0.0,0.0,0.0,0.0,,7.4
ゴールドトパーズ,,,,,,,,,,,,,母父,6.0,0.0,0.0,0.16666666666666666,0.0,0.0,0.0,0.0,,0.0,,5.5
ゴールドフォレスト,,,,,,,,,,,,,母父,6.0,0.3333333333333333,0.3333333333333333,0.3333333333333333,,0.3333333333333333,0.0,0.4,,0.3333333333333333,0.5,6.666666666666667
ゴールドレリック,,,,,,,,,,,,,母父,14.0,0.0,0.07142857142857142,0.2857142857142857,0.0,0.0,0.0,0.0,0.0,0.0,0.0,6.642857142857143
サイモンガーランド,,,,,,,,,,,,,母父,7.0,0.0,0.0,0.0,,0.0,,0.0,,0.0,0.0,9.714285714285714
サイモンドルチェ,,,,,,,,,,,,,母父,31.0,0.12903225806451613,0.16129032258064516,0.1935483870967742,0.16666666666666666,0.0,0.4,0.1,0.0,0.2,0.0,7.838709677419355
サイレンスブランド,,,,,,,,,,,,,母父,6.0,0.0,0.0,0.0,0.0,0.0,,0.0,0.0,0.0,,9.0
サイレントイヴ,,,,,,,,,,,,,母父,6.0,0.16666666666666666,0.5,0.5,0.25,0.0,0.0,0.25,,0.0,0.0,5.0
サイレントクロップ,,,,,,,,,,,,,母父,15.0,0.2,0.26666666666666666,0.26666666666666666,,0.2,0.3333333333333333,0.2222222222222222,0.0,0.125,0.5,7.2
サイレントセンティネル,,,,,,,,,,,,,母父,8.0,0.0,0.25,0.25,0.0,,0.0,0.0,,0.0,,7.875
サイレントソニック,,,,,,,,,,,,,母父,5.0,0.0,0.0,0.4,0.0,0.0,0.0,,,0.0,0.0,6.0
サイレントベッド,,,,,,,,,,,,,母父,13.0,0.07692307692307693,0.15384615384615385,0.3076923076923077,0.0,0.14285714285714285,0.0,0.09090909090909091,0.0,0.0,0.0,6.6923076923076925
サイレントラヴ,,,,,,,,,,,,,母父,10.0,0.0,0.0,0.1,0.0,0.0,0.0,0.0,,0.0,,10.7
サウスエンピリカル,,,,,,,,,,,,,母父,5.0,0.2,0.4,0.4,0.5,0.0,0.25,0.0,,0.25,,5.8
サウスティーダ,,,,,,,,,,,,,母父,10.0,0.1,0.1,0.3,,0.1,0.1,,,0.14285714285714285,,6.8
サウンドオブハート,,,,,,,,,,,,,母父,14.0,0.07142857142857142,0.14285714285714285,0.21428571428571427,0.08333333333333333,0.0,0.25,0.0,,0.08333333333333333,0.0,7.928571428571429
サウンドオブフリーダム,,,,,,,,,,,,,母父,5.0,0.0,0.2,0.4,0.0,,,0.0,0.0,0.0,,6.0
サウンドガガ,,,,,,,,,,,,,母父,5.0,0.0,0.0,0.0,0.0,0.0,0.0,0.0,,0.0,0.0,9.8
サウンドバイト,,,,,,,,,,,,,母父,6.0,0.0,0.0,0.0,,0.0,,0.0,0.0,0.0,0.0,5.833333333333333
サウンドバリアー,,,,,,,,,,,,,母父,9.0,0.3333333333333333,0.4444444444444444,0.5555555555555556,0.375,0.0,1.0,0.25,,0.3333333333333333,1.0,4.333333333333333
サウンドリアーナ,,,,,,,,,,,,,母父,6.0,0.0,0.16666666666666666,0.5,,0.0,0.0,,,0.0,0.0,5.666666666666667
サオヒメ,,,,,,,,,,,,,母父,9.0,0.1111111111111111,0.2222222222222222,0.2222222222222222,0.0,0.25,,0.14285714285714285,0.0,0.25,0.0,7.111111111111111
サクセスアイニー,,,,,,,,,,,,,母父,9.0,0.2222222222222222,0.3333333333333333,0.3333333333333333,,0.2222222222222222,0.2857142857142857,0.0,,0.16666666666666666,0.5,8.0
サクセスシルエット,,,,,,,,,,,,,母父,7.0,0.0,0.0,0.0,0.0,,0.0,0.0,,0.0,0.0,9.714285714285714
サクセスストレイン,,,,,,,,,,,,,母父,8.0,0.0,0.0,0.0,0.0,,,0.0,0.0,0.0,,9.125
サクラクローバー,,,,,,,,,,,,,母父,5.0,0.0,0.2,0.4,0.0,0.0,0.0,0.0,,0.0,0.0,6.8
サクラコールミー,,,,,,,,,,,,,母父,5.0,0.2,0.2,0.2,,0.2,,0.2,,0.3333333333333333,,10.4
サクラサクII,,,,,,,,,,,,,母父,11.0,0.0,0.0,0.09090909090909091,0.0,0.0,0.0,0.0,,0.0,,8.545454545454545
サクラジュレップ,,,,,,,,,,,,,母父,7.0,0.0,0.0,0.0,0.0,,0.0,,,0.0,0.0,9.571428571428571
サクラパピルス,,,,,,,,,,,,,母父,11.0,0.18181818181818182,0.18181818181818182,0.18181818181818182,0.2222222222222222,0.0,,0.2,0.0,0.1111111111111111,0.0,5.0
サクラフォルトゥナ,,,,,,,,,,,,,母父,9.0,0.2222222222222222,0.3333333333333333,0.4444444444444444,,0.2222222222222222,,0.2222222222222222,,0.2,0.0,6.666666666666667
サクラフルーレ,,,,,,,,,,,,,母父,8.0,0.0,0.0,0.0,,0.0,0.0,0.0,,0.0,0.0,8.625
サクラプレジール,,,,,,,,,,,,,母父,10.0,0.1,0.2,0.3,0.25,0.0,0.0,0.25,0.0,0.1,,5.9
サクラレイリ,,,,,,,,,,,,,母父,5.0,0.2,0.4,0.4,,0.2,0.0,0.25,,0.3333333333333333,,6.0
サクラレーヌ,,,,,,,,,,,,,母父,14.0,0.07142857142857142,0.2857142857142857,0.35714285714285715,0.0,0.25,,0.0,0.3333333333333333,0.0,0.5,7.785714285714286
サクラヴィッキー,,,,,,,,,,,,,母父,5.0,0.2,0.4,0.6,,0.2,,0.2,,0.0,0.5,5.8
サザナミ,,,,,,,,,,,,,母父,5.0,0.0,0.0,0.0,0.0,,,0.0,0.0,0.0,,5.2
サザンジュエリー,,,,,,,,,,,,,母父,8.0,0.125,0.125,0.125,,0.125,0.0,0.2,,0.0,1.0,11.75
サザンスターズ,,,,,,,,,,,,,母父,6.0,0.16666666666666666,0.6666666666666666,1.0,0.2,0.0,,0.16666666666666666,,0.2,0.0,2.1666666666666665
サザンスピード,,,,,,,,,,,,,母父,5.0,0.0,0.0,0.2,0.0,0.0,,0.0,0.0,0.0,0.0,7.4
サザンベル,,,,,,,,,,,,,母父,7.0,0.0,0.0,0.0,0.0,0.0,0.0,0.0,,0.0,0.0,12.571428571428571
サザンレイスター,,,,,,,,,,,,,母父,13.0,0.0,0.07692307692307693,0.15384615384615385,0.0,0.0,0.0,0.0,0.0,0.0,0.0,7.230769230769231
サセッティ,,,,,,,,,,,,,母父,13.0,0.0,0.0,0.0,0.0,,0.0,0.0,,0.0,0.0,8.076923076923077
サダムグランジュテ,,,,,,,,,,,,,母父,13.0,0.15384615384615385,0.3076923076923077,0.46153846153846156,0.0,0.16666666666666666,0.2222222222222222,0.0,0.0,0.0,0.25,5.6923076923076925
サダムルーティン,,,,,,,,,,,,,母父,11.0,0.0,0.0,0.09090909090909091,,0.0,0.0,0.0,,0.0,0.0,9.636363636363637
サチノスイーティー,,,,,,,,,,,,,母父,10.0,0.2,0.2,0.4,0.0,0.2222222222222222,0.0,0.25,0.0,0.25,0.5,7.9
サッカーマム,,,,,,,,,,,,,母父,6.0,0.0,0.0,0.0,0.0,0.0,0.0,0.0,,0.0,0.0,9.166666666666666
サトノアスカ,,,,,,,,,,,,,母父,8.0,0.0,0.0,0.0,0.0,0.0,0.0,0.0,,0.0,0.0,9.875
サトノアーチ,,,,,,,,,,,,,母父,14.0,0.14285714285714285,0.21428571428571427,0.21428571428571427,,0.14285714285714285,,0.2,0.0,0.1111111111111111,0.25,5.428571428571429
サトノエカテリーナ,,,,,,,,,,,,,母父,13.0,0.15384615384615385,0.3076923076923077,0.3076923076923077,0.15384615384615385,,0.16666666666666666,0.14285714285714285,,0.0,0.0,6.6923076923076925
サトノコンドル,,,,,,,,,,,,,母父,13.0,0.0,0.0,0.15384615384615385,0.0,0.0,,0.0,0.0,0.0,0.0,6.769230769230769
サトノサンシャイン,,,,,,,,,,,,,母父,7.0,0.0,0.14285714285714285,0.14285714285714285,0.0,0.0,,0.0,0.0,0.0,0.0,7.714285714285714
サトノジュピター,,,,,,,,,,,,,母父,10.0,0.2,0.2,0.2,0.2,,0.0,0.25,,0.16666666666666666,0.0,7.8
サトノフォワード,,,,,,,,,,,,,母父,5.0,0.0,0.0,0.0,,0.0,0.0,0.0,,0.0,0.0,10.4
サトノフラリッシュ,,,,,,,,,,,,,母父,10.0,0.3,0.3,0.4,0.25,0.3333333333333333,0.0,0.3333333333333333,,0.0,0.6,6.6
サトノベリーニ,,,,,,,,,,,,,母父,5.0,0.0,0.0,0.2,,0.0,0.0,,,0.0,,7.8
サトノラミア,,,,,,,,,,,,,母父,5.0,0.0,0.0,0.2,,0.0,0.0,,,0.0,0.0,6.2
サトノレジーナ,,,,,,,,,,,,,母父,5.0,0.0,0.0,0.0,0.0,0.0,0.0,0.0,0.0,0.0,0.0,11.0
サトノローズヒップ,,,,,,,,,,,,,母父,7.0,0.0,0.0,0.0,0.0,0.0,0.0,0.0,0.0,0.0,0.0,9.285714285714286
サニーデイサンデー,,,,,,,,,,,,,母父,7.0,0.0,0.0,0.0,0.0,0.0,0.0,0.0,,0.0,,8.571428571428571
サニーラブカフェ,,,,,,,,,,,,,母父,8.0,0.0,0.0,0.0,0.0,0.0,,0.0,0.0,0.0,,9.375
サバナパディーダ,,,,,,,,,,,,,母父,8.0,0.0,0.125,0.125,0.0,,,0.0,0.0,0.0,0.0,10.0
サファリミス,,,,,,,,,,,,,母父,5.0,0.0,0.2,0.4,0.0,,,0.0,,0.0,0.0,7.2
サフランパートナー,,,,,,,,,,,,,母父,5.0,0.0,0.0,0.0,0.0,0.0,0.0,0.0,,0.0,0.0,7.6
サブトゥエンティ,,,,,,,,,,,,,母父,5.0,0.0,0.2,0.2,0.0,0.0,0.0,0.0,,0.0,0.0,9.2
サブラタ,,,,,,,,,,,,,母父,8.0,0.0,0.0,0.0,0.0,0.0,0.0,0.0,,0.0,0.0,8.5
サマーエタニティ,,,,,,,,,,,,,母父,9.0,0.2222222222222222,0.2222222222222222,0.2222222222222222,0.2857142857142857,0.0,,0.25,0.0,0.16666666666666666,,5.666666666666667
サマーコード,,,,,,,,,,,,,母父,13.0,0.07692307692307693,0.15384615384615385,0.15384615384615385,0.0,0.125,0.0,0.14285714285714285,,0.1111111111111111,0.0,9.076923076923077
サマーソワレ,,,,,,,,,,,,,母父,5.0,0.0,0.0,0.0,0.0,0.0,0.0,0.0,,0.0,,9.6
サマーソング,,,,,,,,,,,,,母父,7.0,0.14285714285714285,0.14285714285714285,0.14285714285714285,0.14285714285714285,,,0.14285714285714285,,0.16666666666666666,0.0,7.285714285714286
サマーティアラ,,,,,,,,,,,,,母父,11.0,0.2727272727272727,0.45454545454545453,0.6363636363636364,0.0,0.3,0.0,0.375,,0.3333333333333333,0.0,4.2727272727272725
サマーナイトシティ,,,,,,,,,,,,,母父,11.0,0.18181818181818182,0.36363636363636365,0.36363636363636365,0.18181818181818182,,0.0,0.2857142857142857,,0.125,1.0,6.636363636363637
サマーハ,,,,,,,,,,,,,母父,6.0,0.3333333333333333,0.5,0.5,0.5,0.25,0.0,0.4,,0.0,0.5,3.8333333333333335
サマーリガード,,,,,,,,,,,,,母父,8.0,0.125,0.375,0.5,0.0,0.14285714285714285,0.125,,,0.3333333333333333,0.0,6.5
サマーロコガール,,,,,,,,,,,,,母父,17.0,0.17647058823529413,0.35294117647058826,0.35294117647058826,,0.17647058823529413,,0.18181818181818182,0.16666666666666666,0.18181818181818182,0.3333333333333333,6.294117647058823
サミター,,,,,,,,,,,,,母父,5.0,0.0,0.0,0.0,0.0,,0.0,0.0,,0.0,0.0,9.8
サムワントゥラブ,,,,,,,,,,,,,母父,5.0,0.0,0.0,0.2,0.0,0.0,,0.0,0.0,0.0,0.0,10.6
サラトガヴィーナス,,,,,,,,,,,,,母父,6.0,0.0,0.0,0.16666666666666666,0.0,,0.0,,,0.0,0.0,7.0
サラフィナ,,,,,,,,,,,,,母父,6.0,0.0,0.0,0.0,0.0,,0.0,0.0,0.0,0.0,0.0,7.0
サリエル,,,,,,,,,,,,,母父,7.0,0.2857142857142857,0.2857142857142857,0.42857142857142855,,0.2857142857142857,0.3333333333333333,0.0,,0.25,1.0,4.142857142857143
サリール,,,,,,,,,,,,,母父,5.0,0.2,0.2,0.6,,0.2,0.2,,,0.0,0.3333333333333333,6.0
サルサクイーン,,,,,,,,,,,,,母父,8.0,0.0,0.125,0.625,0.0,0.0,,0.0,,0.0,0.0,4.0
サルサファンタジア,,,,,,,,,,,,,母父,12.0,0.0,0.25,0.3333333333333333,0.0,0.0,,0.0,,0.0,0.0,7.416666666666667
サルスエラ,,,,,,,,,,,,,母父,8.0,0.125,0.125,0.125,0.25,0.0,,0.0,0.25,0.2,0.0,9.875
サワキック,,,,,,,,,,,,,母父,6.0,0.0,0.0,0.0,,0.0,,0.0,,0.0,0.0,7.5
サワノプリマベーラ,,,,,,,,,,,,,母父,10.0,0.0,0.1,0.1,,0.0,,0.0,0.0,0.0,0.0,5.6
サワヤカスズカ,,,,,,,,,,,,,母父,6.0,0.0,0.0,0.0,0.0,0.0,0.0,0.0,0.0,0.0,0.0,7.666666666666667
サワヤカラスカル,,,,,,,,,,,,,母父,8.0,0.125,0.125,0.25,,0.125,0.16666666666666666,0.0,,0.2,0.0,5.875
サンキューアスク,,,,,,,,,,,,,母父,6.0,0.0,0.0,0.3333333333333333,,0.0,0.0,0.0,,0.0,0.0,7.666666666666667
サンキュースマイル,,,,,,,,,,,,,母父,7.0,0.0,0.0,0.0,0.0,0.0,,0.0,,0.0,,8.571428571428571
サンクイーンII,,,,,,,,,,,,,母父,12.0,0.08333333333333333,0.08333333333333333,0.08333333333333333,0.1111111111111111,0.0,0.2,0.0,0.0,0.25,,7.75
サンクスアロット,,,,,,,,,,,,,母父,6.0,0.16666666666666666,0.3333333333333333,0.5,0.0,0.25,0.25,,0.0,0.0,0.3333333333333333,5.0
サンクボヌール,,,,,,,,,,,,,母父,8.0,0.125,0.125,0.125,0.125,,,0.0,0.16666666666666666,0.16666666666666666,0.0,5.875
サンコロネット,,,,,,,,,,,,,母父,12.0,0.0,0.16666666666666666,0.25,0.0,0.0,0.0,0.0,,0.0,,6.083333333333333
サンシャイン,,,,,,,,,,,,,母父,9.0,0.2222222222222222,0.2222222222222222,0.2222222222222222,0.25,0.0,,0.16666666666666666,0.3333333333333333,0.16666666666666666,0.0,8.555555555555555
サンスプリング,,,,,,,,,,,,,母父,5.0,0.0,0.0,0.0,,0.0,,0.0,0.0,0.0,0.0,6.2
サンタエヴィータ,,,,,,,,,,,,,母父,5.0,0.2,0.2,0.2,0.2,,,0.2,,0.3333333333333333,,7.4
サンタテレサ,,,,,,,,,,,,,母父,5.0,0.2,0.2,0.6,,0.2,0.2,,,0.0,0.0,4.0
サンタドレス,,,,,,,,,,,,,母父,5.0,0.0,0.2,0.4,,0.0,0.0,,,0.0,0.0,4.6
サンタローズ,,,,,,,,,,,,,母父,15.0,0.06666666666666667,0.13333333333333333,0.26666666666666666,0.07692307692307693,0.0,0.0,0.07692307692307693,0.0,0.0,,5.333333333333333
サンテミリオン,,,,,,,,,,,,,母父,8.0,0.0,0.0,0.25,0.0,0.0,,0.0,0.0,0.0,0.0,6.25
サンデーストーリー,,,,,,,,,,,,,母父,7.0,0.0,0.14285714285714285,0.14285714285714285,0.0,0.0,,0.0,0.0,0.0,,5.857142857142857
サンデースマイルII,,,,,,,,,,,,,母父,15.0,0.06666666666666667,0.13333333333333333,0.13333333333333333,0.09090909090909091,0.0,0.0,0.125,0.0,0.0,0.3333333333333333,10.0
サンデーメモリー,,,,,,,,,,,,,母父,6.0,0.16666666666666666,0.16666666666666666,0.16666666666666666,0.16666666666666666,,,0.0,0.2,0.25,,6.333333333333333
サンデーローザ,,,,,,,,,,,,,母父,12.0,0.0,0.16666666666666666,0.25,0.0,0.0,0.0,0.0,0.0,0.0,0.0,6.833333333333333
サンデーローズ,,,,,,,,,,,,,母父,12.0,0.0,0.0,0.0,,0.0,,0.0,,0.0,0.0,9.833333333333334
サンドヴィーナス,,,,,,,,,,,,,母父,7.0,0.0,0.0,0.0,0.0,0.0,0.0,0.0,0.0,0.0,,7.714285714285714
サンマディソン,,,,,,,,,,,,,母父,11.0,0.09090909090909091,0.36363636363636365,0.5454545454545454,,0.09090909090909091,0.09090909090909091,,,0.0,,5.2727272727272725
サンマルクイーン,,,,,,,,,,,,,母父,6.0,0.0,0.0,0.0,0.0,0.0,0.0,0.0,,0.0,0.0,10.166666666666666
サンレガーロ,,,,,,,,,,,,,母父,7.0,0.0,0.0,0.2857142857142857,0.0,0.0,0.0,0.0,,0.0,0.0,5.714285714285714
サンヴァンサン,,,,,,,,,,,,,母父,5.0,0.0,0.0,0.0,0.0,0.0,,0.0,0.0,0.0,,8.6
サーガノヴェル,,,,,,,,,,,,,母父,6.0,0.16666666666666666,0.16666666666666666,0.16666666666666666,,0.16666666666666666,0.16666666666666666,,,0.5,0.0,6.5
サーストンララア,,,,,,,,,,,,,母父,12.0,0.0,0.16666666666666666,0.3333333333333333,0.0,0.0,0.0,0.0,0.0,0.0,0.0,6.25
サーレムフォレスト,,,,,,,,,,,,,母父,7.0,0.0,0.0,0.14285714285714285,0.0,0.0,0.0,0.0,,0.0,0.0,8.0
ザガールインザットソング,,,,,,,,,,,,,母父,6.0,0.0,0.0,0.0,0.0,0.0,,0.0,0.0,0.0,,9.0
ザズー,,,,,,,,,,,,,母父,16.0,0.0625,0.1875,0.25,0.06666666666666667,0.0,0.5,0.0,,0.0,0.25,7.75
ザッツザウェイ,,,,,,,,,,,,,母父,11.0,0.0,0.0,0.0,0.0,0.0,0.0,0.0,0.0,0.0,0.0,10.181818181818182
ザッハトルテ,,,,,,,,,,,,,母父,14.0,0.07142857142857142,0.14285714285714285,0.21428571428571427,0.08333333333333333,0.0,0.1111111111111111,0.0,,0.0,0.3333333333333333,7.785714285714286
ザナ,,,,,,,,,,,,,母父,9.0,0.1111111111111111,0.1111111111111111,0.1111111111111111,0.2,0.0,0.14285714285714285,0.0,,0.16666666666666666,,7.0
ザフラッツ,,,,,,,,,,,,,母父,14.0,0.07142857142857142,0.14285714285714285,0.14285714285714285,0.0,0.3333333333333333,0.1,0.0,,0.0,0.3333333333333333,7.142857142857143
ザミリア,,,,,,,,,,,,,母父,6.0,0.3333333333333333,0.3333333333333333,0.5,0.3333333333333333,0.3333333333333333,,0.2,1.0,0.3333333333333333,0.0,6.666666666666667
ザリーン,,,,,,,,,,,,,母父,11.0,0.09090909090909091,0.36363636363636365,0.5454545454545454,0.09090909090909091,,,0.0,0.125,0.0,,4.363636363636363
ザレマ,,,,,,,,,,,,,母父,9.0,0.0,0.2222222222222222,0.2222222222222222,0.0,0.0,0.0,0.0,,0.0,0.0,7.777777777777778
シアトルサンセット,,,,,,,,,,,,,母父,7.0,0.0,0.0,0.2857142857142857,0.0,0.0,,0.0,0.0,0.0,0.0,6.857142857142857
シアヌークビル,,,,,,,,,,,,,母父,5.0,0.0,0.2,0.2,,0.0,0.0,,,0.0,0.0,6.8
シアワセナンダッケ,,,,,,,,,,,,,母父,5.0,0.0,0.0,0.0,,0.0,0.0,0.0,,0.0,,8.2
シアージュ,,,,,,,,,,,,,母父,14.0,0.07142857142857142,0.07142857142857142,0.14285714285714285,0.0,0.5,0.1,0.0,0.0,0.0,0.5,9.214285714285714
シアードラマ,,,,,,,,,,,,,母父,7.0,0.14285714285714285,0.42857142857142855,0.42857142857142855,0.14285714285714285,,,0.0,0.5,0.0,,5.571428571428571
シウダニーニャ,,,,,,,,,,,,,母父,5.0,0.0,0.0,0.0,,0.0,0.0,0.0,0.0,0.0,,9.2
シェアザストーリー,,,,,,,,,,,,,母父,7.0,0.5714285714285714,0.5714285714285714,0.7142857142857143,,0.5714285714285714,,0.5714285714285714,,0.6666666666666666,1.0,2.4285714285714284
シェイクズセレナーデ,,,,,,,,,,,,,母父,12.0,0.16666666666666666,0.25,0.3333333333333333,0.2,0.0,0.2,0.14285714285714285,,0.2,0.0,6.666666666666667
シェムリアップ,,,,,,,,,,,,,母父,5.0,0.0,0.0,0.0,,0.0,0.0,0.0,,0.0,,9.6
シェリール,,,,,,,,,,,,,母父,21.0,0.047619047619047616,0.09523809523809523,0.3333333333333333,0.0625,0.0,0.0,0.0,1.0,0.08333333333333333,0.0,6.142857142857143
シェルエメール,,,,,,,,,,,,,母父,11.0,0.09090909090909091,0.2727272727272727,0.45454545454545453,0.2,0.0,0.0,0.125,,0.2,0.0,5.636363636363637
シェルシーカー,,,,,,,,,,,,,母父,6.0,0.16666666666666666,0.3333333333333333,0.3333333333333333,0.0,0.25,0.25,0.0,,0.0,1.0,5.666666666666667
シェルズレイ,,,,,,,,,,,,,母父,9.0,0.4444444444444444,0.5555555555555556,0.6666666666666666,0.4444444444444444,,0.5,0.5,0.0,0.42857142857142855,0.5,5.111111111111111
シェーナビアンカ,,,,,,,,,,,,,母父,11.0,0.0,0.0,0.09090909090909091,0.0,0.0,0.0,0.0,,0.0,0.0,9.0
シギル,,,,,,,,,,,,,母父,11.0,0.0,0.0,0.0,0.0,,0.0,0.0,0.0,0.0,0.0,10.272727272727273
シゲルエスペレ,,,,,,,,,,,,,母父,5.0,0.0,0.0,0.0,0.0,0.0,,0.0,0.0,0.0,0.0,11.4
シゲルカゼノボン,,,,,,,,,,,,,母父,5.0,0.0,0.0,0.0,,0.0,0.0,0.0,,0.0,0.0,9.0
シゲルチャグチャグ,,,,,,,,,,,,,母父,5.0,0.0,0.0,0.2,0.0,0.0,0.0,,,0.0,0.0,7.8
シシャモチャン,,,,,,,,,,,,,母父,5.0,0.0,0.0,0.6,0.0,0.0,0.0,0.0,,0.0,,4.6
シスタリーラヴ,,,,,,,,,,,,,母父,12.0,0.16666666666666666,0.3333333333333333,0.5,0.2222222222222222,0.0,,0.1,0.5,0.2,0.0,5.916666666666667
シスターエレキング,,,,,,,,,,,,,母父,7.0,0.14285714285714285,0.14285714285714285,0.14285714285714285,0.0,0.16666666666666666,0.14285714285714285,,,0.2,0.0,8.857142857142858
シセイカグヤ,,,,,,,,,,,,,母父,5.0,0.2,0.4,0.4,0.2,,0.2,,,0.25,0.0,5.4
シセイヒミコ,,,,,,,,,,,,,母父,8.0,0.125,0.125,0.125,,0.125,0.2,0.0,,0.0,0.0,8.0
シダクティヴリー,,,,,,,,,,,,,母父,8.0,0.0,0.25,0.875,0.0,0.0,,0.0,0.0,0.0,0.0,3.5
シックスポケット,,,,,,,,,,,,,母父,10.0,0.1,0.1,0.5,,0.1,0.1,,,0.2,0.0,5.4
シックファイター,,,,,,,,,,,,,母父,7.0,0.0,0.14285714285714285,0.14285714285714285,0.0,0.0,0.0,0.0,,0.0,0.0,4.714285714285714
シップスログ,,,,,,,,,,,,,母父,7.0,0.14285714285714285,0.2857142857142857,0.42857142857142855,0.14285714285714285,,,0.2,0.0,0.0,0.5,5.0
シティウェルズ,,,,,,,,,,,,,母父,8.0,0.125,0.25,0.25,0.125,,,0.125,,0.14285714285714285,0.0,5.25
シナジーウィスパー,,,,,,,,,,,,,母父,7.0,0.14285714285714285,0.14285714285714285,0.14285714285714285,,0.14285714285714285,0.2,0.0,,0.0,1.0,6.285714285714286
シナスタジア,,,,,,,,,,,,,母父,16.0,0.1875,0.3125,0.3125,0.0,0.23076923076923078,0.21428571428571427,0.0,,0.09090909090909091,0.0,7.0
シナル,,,,,,,,,,,,,母父,15.0,0.06666666666666667,0.26666666666666666,0.3333333333333333,0.07142857142857142,0.0,,0.0,0.125,0.09090909090909091,0.0,5.8
シニスタークイーン,,,,,,,,,,,,,母父,7.0,0.2857142857142857,0.42857142857142855,0.5714285714285714,,0.2857142857142857,0.0,0.5,0.0,0.3333333333333333,0.0,5.142857142857143
シプカクラッチュ,,,,,,,,,,,,,母父,8.0,0.125,0.25,0.375,0.0,0.14285714285714285,,0.125,,0.0,0.5,5.875
シベリアンクラシカ,,,,,,,,,,,,,母父,6.0,0.3333333333333333,0.5,0.5,0.3333333333333333,,0.6666666666666666,0.0,,0.3333333333333333,,4.333333333333333
シャイナムスメ,,,,,,,,,,,,,母父,7.0,0.0,0.0,0.14285714285714285,0.0,0.0,0.0,,0.0,0.0,0.0,5.285714285714286
シャイニンググラス,,,,,,,,,,,,,母父,7.0,0.0,0.0,0.0,0.0,0.0,0.0,0.0,,0.0,0.0,9.0
シャイニングピアス,,,,,,,,,,,,,母父,8.0,0.25,0.5,0.5,,0.25,0.2,0.3333333333333333,,0.2,0.0,5.125
シャイニングピサ,,,,,,,,,,,,,母父,8.0,0.0,0.125,0.125,0.0,0.0,0.0,0.0,0.0,0.0,0.0,7.75
シャインセレブ,,,,,,,,,,,,,母父,6.0,0.16666666666666666,0.16666666666666666,0.3333333333333333,,0.16666666666666666,0.2,0.0,,0.25,0.0,6.5
シャインプレジャー,,,,,,,,,,,,,母父,9.0,0.4444444444444444,0.4444444444444444,0.6666666666666666,0.5,0.0,0.0,0.5714285714285714,0.0,0.5,0.0,3.5555555555555554
シャインリザルト,,,,,,,,,,,,,母父,10.0,0.1,0.1,0.2,0.0,0.16666666666666666,0.3333333333333333,0.0,0.0,0.0,0.0,7.4
シャッセロール,,,,,,,,,,,,,母父,5.0,0.2,0.4,0.8,0.2,,,0.2,,0.0,,2.6
シャッツ,,,,,,,,,,,,,母父,6.0,0.0,0.0,0.0,0.0,,0.0,0.0,0.0,0.0,0.0,9.166666666666666
シャトーブランシュ,,,,,,,,,,,,,母父,9.0,0.2222222222222222,0.2222222222222222,0.3333333333333333,0.25,0.0,0.0,0.3333333333333333,1.0,0.16666666666666666,0.5,6.333333333333333
シャドウムーン,,,,,,,,,,,,,母父,9.0,0.0,0.1111111111111111,0.2222222222222222,0.0,0.0,0.0,0.0,0.0,0.0,0.0,6.111111111111111
シャフィガ,,,,,,,,,,,,,母父,7.0,0.14285714285714285,0.42857142857142855,0.42857142857142855,,0.14285714285714285,0.14285714285714285,,,0.25,0.0,4.571428571428571
シャムロッカー,,,,,,,,,,,,,母父,10.0,0.2,0.3,0.7,0.2,,,0.5,0.0,0.16666666666666666,1.0,4.4
シャムローグ,,,,,,,,,,,,,母父,9.0,0.1111111111111111,0.3333333333333333,0.3333333333333333,0.125,0.0,,0.125,0.0,0.0,0.0,5.666666666666667
シャリオドール,,,,,,,,,,,,,母父,9.0,0.1111111111111111,0.1111111111111111,0.1111111111111111,,0.1111111111111111,0.125,0.0,,0.14285714285714285,,8.666666666666666
シャルマンスタイル,,,,,,,,,,,,,母父,12.0,0.16666666666666666,0.16666666666666666,0.3333333333333333,0.0,0.2,0.0,0.2222222222222222,0.0,0.2222222222222222,0.0,8.083333333333334
シャルマンレーヌ,,,,,,,,,,,,,母父,5.0,0.2,0.2,0.2,0.5,0.0,0.2,,,0.0,1.0,8.0
シャルルヴォア,,,,,,,,,,,,,母父,9.0,0.0,0.0,0.0,0.0,0.0,0.0,0.0,0.0,0.0,,10.11111111111111
シャルロットノアル,,,,,,,,,,,,,母父,7.0,0.14285714285714285,0.2857142857142857,0.42857142857142855,,0.14285714285714285,,0.16666666666666666,0.0,0.0,0.0,4.714285714285714
シャンパンセラー,,,,,,,,,,,,,母父,9.0,0.1111111111111111,0.1111111111111111,0.1111111111111111,0.0,0.125,,0.25,0.0,0.14285714285714285,0.0,7.555555555555555
シャンパンドーロ,,,,,,,,,,,,,母父,9.0,0.2222222222222222,0.2222222222222222,0.2222222222222222,0.0,0.3333333333333333,,0.3333333333333333,0.16666666666666666,0.125,1.0,8.88888888888889
シャンパンフルート,,,,,,,,,,,,,母父,12.0,0.08333333333333333,0.16666666666666666,0.25,0.0,0.09090909090909091,0.0,0.14285714285714285,0.0,0.0,0.0,7.75
シャンパンマリー,,,,,,,,,,,,,母父,5.0,0.0,0.0,0.2,,0.0,0.0,0.0,,0.0,0.0,7.0
シャンパンルージュ,,,,,,,,,,,,,母父,7.0,0.14285714285714285,0.14285714285714285,0.14285714285714285,0.25,0.0,0.0,0.0,0.5,0.16666666666666666,,8.142857142857142
シャンボールフィズ,,,,,,,,,,,,,母父,6.0,0.0,0.0,0.16666666666666666,0.0,0.0,0.0,0.0,,0.0,,7.666666666666667
シャンロッサ,,,,,,,,,,,,,母父,5.0,0.4,0.6,0.6,0.4,,,0.25,1.0,0.4,,3.4
シャーペンセンス,,,,,,,,,,,,,母父,6.0,0.0,0.0,0.0,0.0,0.0,,0.0,,0.0,0.0,8.0
シュガーショック,,,,,,,,,,,,,母父,8.0,0.25,0.25,0.25,0.2857142857142857,0.0,,0.3333333333333333,0.0,0.3333333333333333,,6.0
シュガーハート,,,,,,,,,,,,,母父,10.0,0.3,0.4,0.5,0.0,0.3333333333333333,,0.3333333333333333,0.0,0.2,0.0,5.6
シュテルンターラー,,,,,,,,,,,,,母父,9.0,0.1111111111111111,0.1111111111111111,0.2222222222222222,0.0,0.125,0.125,0.0,,0.125,0.0,8.11111111111111
シュネーバル,,,,,,,,,,,,,母父,8.0,0.125,0.375,0.375,,0.125,,0.125,,0.0,0.0,4.875
シュピッツェ,,,,,,,,,,,,,母父,17.0,0.11764705882352941,0.17647058823529413,0.29411764705882354,0.25,0.0,0.0,0.0,0.14285714285714285,0.08333333333333333,0.0,7.235294117647059
シュプリームギフト,,,,,,,,,,,,,母父,8.0,0.125,0.125,0.25,0.2,0.0,0.0,0.2,,0.16666666666666666,0.0,6.375
シュペトレーゼ,,,,,,,,,,,,,母父,9.0,0.0,0.0,0.1111111111111111,0.0,,0.0,0.0,,0.0,,6.888888888888889
シュヴァリエ,,,,,,,,,,,,,母父,17.0,0.17647058823529413,0.4117647058823529,0.5294117647058824,0.25,0.0,0.0,0.2857142857142857,0.25,0.16666666666666666,1.0,3.9411764705882355
シユーマ,,,,,,,,,,,,,母父,14.0,0.0,0.0,0.21428571428571427,0.0,,,0.0,0.0,0.0,0.0,9.071428571428571
ショアー,,,,,,,,,,,,,母父,9.0,0.0,0.0,0.0,0.0,0.0,0.0,0.0,0.0,0.0,,8.555555555555555
ショウサンミーベル,,,,,,,,,,,,,母父,14.0,0.07142857142857142,0.07142857142857142,0.14285714285714285,0.0,0.1111111111111111,0.09090909090909091,0.0,,0.1111111111111111,0.0,8.0
ショウナンアイ,,,,,,,,,,,,,母父,6.0,0.0,0.0,0.3333333333333333,,0.0,,0.0,,0.0,0.0,4.166666666666667
ショウナンアオバ,,,,,,,,,,,,,母父,18.0,0.16666666666666666,0.2777777777777778,0.2777777777777778,0.16666666666666666,,0.16666666666666666,0.25,0.0,0.07142857142857142,0.5,7.555555555555555
ショウナンアネーロ,,,,,,,,,,,,,母父,7.0,0.0,0.0,0.0,0.0,0.0,0.0,0.0,,0.0,0.0,11.714285714285714
ショウナンアヤカ,,,,,,,,,,,,,母父,9.0,0.0,0.1111111111111111,0.1111111111111111,0.0,0.0,0.0,0.0,0.0,0.0,0.0,7.222222222222222
ショウナンガッド,,,,,,,,,,,,,母父,7.0,0.14285714285714285,0.14285714285714285,0.14285714285714285,0.0,0.25,,0.2,0.0,0.0,1.0,4.0
ショウナンガーデン,,,,,,,,,,,,,母父,12.0,0.08333333333333333,0.08333333333333333,0.08333333333333333,0.14285714285714285,0.0,,0.08333333333333333,,0.14285714285714285,0.0,7.166666666666667
ショウナンサリーレ,,,,,,,,,,,,,母父,9.0,0.0,0.3333333333333333,0.4444444444444444,0.0,0.0,0.0,,,0.0,0.0,5.666666666666667
ショウナンタレント,,,,,,,,,,,,,母父,8.0,0.0,0.0,0.0,0.0,0.0,0.0,0.0,,0.0,,11.125
ショウナンマオ,,,,,,,,,,,,,母父,12.0,0.08333333333333333,0.16666666666666666,0.4166666666666667,0.0,0.125,0.0,0.09090909090909091,,0.1111111111111111,0.0,5.75
ショウナンマハ,,,,,,,,,,,,,母父,6.0,0.0,0.0,0.16666666666666666,0.0,0.0,0.0,0.0,,0.0,0.0,7.833333333333333
ショウナンラノビア,,,,,,,,,,,,,母父,5.0,0.0,0.0,0.0,0.0,0.0,0.0,0.0,,0.0,,8.8
ショウナンラヴオン,,,,,,,,,,,,,母父,13.0,0.0,0.07692307692307693,0.3076923076923077,,0.0,0.0,0.0,0.0,0.0,0.0,6.153846153846154
ショウリノウタゲ,,,,,,,,,,,,,母父,5.0,0.0,0.0,0.0,0.0,0.0,,0.0,,0.0,0.0,8.8
ショウリュウムーン,,,,,,,,,,,,,母父,10.0,0.2,0.2,0.3,0.2222222222222222,0.0,0.2,0.0,0.5,0.25,0.0,6.2
ショコラディスコ,,,,,,,,,,,,,母父,5.0,0.0,0.4,0.4,0.0,0.0,0.0,0.0,0.0,0.0,,7.6
ショーコ,,,,,,,,,,,,,母父,8.0,0.0,0.0,0.0,0.0,0.0,0.0,0.0,,0.0,0.0,8.0
シラユキヒメ,,,,,,,,,,,,,母父,13.0,0.0,0.07692307692307693,0.23076923076923078,0.0,0.0,0.0,0.0,0.0,0.0,0.0,7.076923076923077
シリアスアティテュード,,,,,,,,,,,,,母父,10.0,0.0,0.1,0.2,0.0,0.0,,0.0,0.0,0.0,,7.2
シルキーウィズ,,,,,,,,,,,,,母父,14.0,0.0,0.2857142857142857,0.35714285714285715,0.0,0.0,0.0,0.0,,0.0,0.0,5.571428571428571
シルキーグルーヴ,,,,,,,,,,,,,母父,7.0,0.0,0.0,0.0,0.0,0.0,0.0,0.0,0.0,0.0,0.0,9.285714285714286
シルクシンフォニー,,,,,,,,,,,,,母父,12.0,0.08333333333333333,0.16666666666666666,0.25,,0.08333333333333333,0.0,0.2,,0.2,0.0,7.0
シルクプレアデス,,,,,,,,,,,,,母父,5.0,0.0,0.0,0.0,,0.0,0.0,0.0,,0.0,0.0,8.0
シルクロザリオ,,,,,,,,,,,,,母父,6.0,0.0,0.0,0.16666666666666666,0.0,0.0,0.0,0.0,,0.0,0.0,9.833333333333334
シルクヴィーナス,,,,,,,,,,,,,母父,8.0,0.125,0.25,0.375,0.2,0.0,0.25,0.0,,0.0,0.0,7.375
シルショコラティエ,,,,,,,,,,,,,母父,6.0,0.0,0.0,0.16666666666666666,,0.0,0.0,0.0,,0.0,0.0,8.5
シルバーストリーク,,,,,,,,,,,,,母父,5.0,0.2,0.4,0.4,0.0,0.3333333333333333,0.0,0.25,,0.25,,3.6
シルバーバレーガール,,,,,,,,,,,,,母父,6.0,0.0,0.0,0.0,,0.0,0.0,0.0,,0.0,0.0,10.5
シルバービート,,,,,,,,,,,,,母父,7.0,0.0,0.0,0.0,0.0,0.0,0.0,0.0,0.0,0.0,0.0,9.714285714285714
シルバーフォックス,,,,,,,,,,,,,母父,8.0,0.125,0.125,0.25,,0.125,0.0,0.2,,0.0,0.5,6.875
シルヴァンソング,,,,,,,,,,,,,母父,5.0,0.0,0.2,0.2,,0.0,,0.0,,0.0,0.0,5.6
シルヴァーカップ,,,,,,,,,,,,,母父,16.0,0.125,0.25,0.375,0.07692307692307693,0.3333333333333333,0.125,0.125,,0.0,0.5,6.0625
シルヴァースカヤ,,,,,,,,,,,,,母父,5.0,0.0,0.0,0.0,0.0,0.0,,0.0,0.0,0.0,,8.4
シロガネーゼカフェ,,,,,,,,,,,,,母父,18.0,0.1111111111111111,0.16666666666666666,0.3888888888888889,0.0,0.13333333333333333,,0.1,0.125,0.125,0.0,6.666666666666667
シンギングセンセーション,,,,,,,,,,,,,母父,8.0,0.0,0.5,0.5,0.0,0.0,0.0,0.0,,0.0,,4.5
シンクスマイル,,,,,,,,,,,,,母父,5.0,0.0,0.2,0.4,,0.0,0.0,,,0.0,0.0,6.6
シングフォアジョイ,,,,,,,,,,,,,母父,6.0,0.0,0.0,0.0,0.0,0.0,0.0,0.0,0.0,0.0,0.0,10.666666666666666
シングライクバード,,,,,,,,,,,,,母父,10.0,0.2,0.5,0.7,0.2,,,0.0,0.25,0.2,,3.9
シンコームーン,,,,,,,,,,,,,母父,10.0,0.1,0.2,0.3,,0.1,0.125,0.0,,0.1,,6.8
シンコールビー,,,,,,,,,,,,,母父,6.0,0.0,0.0,0.0,0.0,0.0,,0.0,0.0,0.0,0.0,8.5
シンジュボシ,,,,,,,,,,,,,母父,5.0,0.0,0.0,0.0,,0.0,,0.0,,0.0,,8.0
シンディ,,,,,,,,,,,,,母父,9.0,0.0,0.0,0.1111111111111111,,0.0,,0.0,0.0,0.0,0.0,8.222222222222221
シンハディーパ,,,,,,,,,,,,,母父,5.0,0.4,0.4,0.4,0.4,,,0.4,,0.5,0.3333333333333333,6.2
シンメイフジ,,,,,,,,,,,,,母父,8.0,0.125,0.125,0.125,,0.125,0.2,0.0,0.0,0.0,,8.125
シンワウォッカ,,,,,,,,,,,,,母父,5.0,0.0,0.2,0.2,,0.0,0.0,0.0,,0.0,0.0,10.2
シーアクトレス,,,,,,,,,,,,,母父,11.0,0.18181818181818182,0.18181818181818182,0.2727272727272727,,0.18181818181818182,0.18181818181818182,,,0.25,0.0,7.636363636363637
シーイズトウショウ,,,,,,,,,,,,,母父,18.0,0.1111111111111111,0.2222222222222222,0.2777777777777778,0.0,0.3333333333333333,0.0,0.14285714285714285,1.0,0.18181818181818182,0.0,5.5
シーエスシルク,,,,,,,,,,,,,母父,7.0,0.14285714285714285,0.2857142857142857,0.2857142857142857,0.2,0.0,,0.0,0.3333333333333333,0.14285714285714285,,7.285714285714286
シーエンプレス,,,,,,,,,,,,,母父,9.0,0.1111111111111111,0.2222222222222222,0.2222222222222222,0.0,0.14285714285714285,,0.0,0.16666666666666666,0.16666666666666666,0.0,6.222222222222222
シーオブラブ,,,,,,,,,,,,,母父,5.0,0.2,0.4,0.4,0.2,,,0.0,1.0,0.25,,7.4
シーカーマ,,,,,,,,,,,,,母父,7.0,0.14285714285714285,0.14285714285714285,0.14285714285714285,,0.14285714285714285,0.3333333333333333,0.0,,0.0,0.0,8.285714285714286
シーガルサリー,,,,,,,,,,,,,母父,6.0,0.0,0.16666666666666666,0.16666666666666666,,0.0,0.0,0.0,,0.0,,9.833333333333334
シーキングフェイム,,,,,,,,,,,,,母父,6.0,0.16666666666666666,0.16666666666666666,0.16666666666666666,0.16666666666666666,,,0.16666666666666666,,0.0,,9.0
シーギリヤガール,,,,,,,,,,,,,母父,9.0,0.2222222222222222,0.3333333333333333,0.4444444444444444,0.2222222222222222,,0.25,0.0,0.3333333333333333,0.0,1.0,5.444444444444445
シークレットアセット,,,,,,,,,,,,,母父,5.0,0.4,0.4,0.8,0.0,0.5,,0.4,,0.0,0.0,2.4
シークレットコード,,,,,,,,,,,,,母父,5.0,0.0,0.0,0.0,,0.0,0.0,0.0,,0.0,0.0,7.0
シークレットジプシー,,,,,,,,,,,,,母父,6.0,0.3333333333333333,0.3333333333333333,0.3333333333333333,,0.3333333333333333,0.6666666666666666,0.0,,0.25,1.0,8.0
シークレットソング,,,,,,,,,,,,,母父,5.0,0.0,0.0,0.0,0.0,0.0,0.0,0.0,,0.0,0.0,9.0
シーザシー,,,,,,,,,,,,,母父,5.0,0.2,0.2,0.2,0.25,0.0,0.0,0.25,,0.25,0.0,7.4
シーザリオ,,,,,,,,,,,,,母父,15.0,0.06666666666666667,0.06666666666666667,0.13333333333333333,0.06666666666666667,,0.0,0.0,0.2,0.1,0.0,6.2
シージョー,,,,,,,,,,,,,母父,8.0,0.0,0.125,0.25,0.0,,0.0,0.0,,0.0,,6.5
シーズインクルーデッド,,,,,,,,,,,,,母父,14.0,0.07142857142857142,0.2857142857142857,0.2857142857142857,0.2,0.0,0.25,0.0,,0.0,0.25,7.5
シーズオールエルティッシュ,,,,,,,,,,,,,母父,17.0,0.058823529411764705,0.058823529411764705,0.17647058823529413,0.0,0.16666666666666666,0.1,0.0,,0.0,1.0,7.823529411764706
シーズンズベスト,,,,,,,,,,,,,母父,5.0,0.0,0.2,0.4,0.0,0.0,0.0,0.0,,0.0,0.0,9.4
シーソング,,,,,,,,,,,,,母父,6.0,0.16666666666666666,0.5,0.6666666666666666,,0.16666666666666666,0.16666666666666666,,,,0.0,3.8333333333333335
シータトウショウ,,,,,,,,,,,,,母父,7.0,0.0,0.0,0.14285714285714285,,0.0,0.0,,,0.0,0.0,8.571428571428571
シーダーアラジ,,,,,,,,,,,,,母父,6.0,0.3333333333333333,0.3333333333333333,0.5,0.3333333333333333,,,0.0,0.6666666666666666,0.25,,3.1666666666666665
シーダーローズ,,,,,,,,,,,,,母父,9.0,0.0,0.1111111111111111,0.3333333333333333,,0.0,0.0,0.0,0.0,0.0,0.0,5.555555555555555
シーティス,,,,,,,,,,,,,母父,6.0,0.16666666666666666,0.5,0.6666666666666666,0.0,0.2,0.2,0.0,,0.3333333333333333,0.0,4.166666666666667
シードオブハピネス,,,,,,,,,,,,,母父,5.0,0.0,0.0,0.0,0.0,0.0,0.0,0.0,,0.0,0.0,11.4
シーニーンガール,,,,,,,,,,,,,母父,9.0,0.1111111111111111,0.2222222222222222,0.2222222222222222,0.14285714285714285,0.0,,0.14285714285714285,0.0,0.0,0.0,7.333333333333333
シーノットラブユー,,,,,,,,,,,,,母父,12.0,0.25,0.4166666666666667,0.5833333333333334,0.0,0.3,0.3333333333333333,0.25,0.0,0.1,1.0,5.0
シーフロント,,,,,,,,,,,,,母父,8.0,0.125,0.25,0.5,0.14285714285714285,0.0,,0.0,0.2,0.14285714285714285,0.0,5.25
シーブリーズライフ,,,,,,,,,,,,,母父,5.0,0.0,0.0,0.2,0.0,0.0,0.0,,0.0,0.0,0.0,5.8
シーブルー,,,,,,,,,,,,,母父,6.0,0.0,0.0,0.0,,0.0,0.0,0.0,,0.0,0.0,8.666666666666666
シープシャンクス,,,,,,,,,,,,,母父,20.0,0.1,0.1,0.15,0.125,0.08333333333333333,0.0,0.08333333333333333,0.16666666666666666,0.06666666666666667,0.0,7.55
シーリーコート,,,,,,,,,,,,,母父,9.0,0.1111111111111111,0.1111111111111111,0.1111111111111111,0.0,0.16666666666666666,0.0,0.16666666666666666,0.0,0.16666666666666666,0.0,8.0
シーヴ,,,,,,,,,,,,,母父,7.0,0.0,0.42857142857142855,0.7142857142857143,0.0,0.0,0.0,0.0,,0.0,0.0,4.142857142857143
シーヴァージア,,,,,,,,,,,,,母父,8.0,0.125,0.125,0.25,,0.125,0.2,0.0,,0.0,0.0,5.625
ジェイケイクリス,,,,,,,,,,,,,母父,9.0,0.0,0.2222222222222222,0.2222222222222222,,0.0,,0.0,0.0,0.0,0.0,5.777777777777778
ジェイケイドリーム,,,,,,,,,,,,,母父,8.0,0.0,0.0,0.0,0.0,0.0,0.0,0.0,,0.0,,9.625
ジェイム,,,,,,,,,,,,,母父,5.0,0.0,0.0,0.0,0.0,0.0,,0.0,,0.0,,11.4
ジェットスパークル,,,,,,,,,,,,,母父,12.0,0.08333333333333333,0.3333333333333333,0.4166666666666667,0.0,0.09090909090909091,0.0,0.09090909090909091,,0.125,0.0,5.833333333333333
ジェニーソング,,,,,,,,,,,,,母父,5.0,0.0,0.0,0.0,0.0,0.0,0.0,,,0.0,,9.8
ジェネロシティー,,,,,,,,,,,,,母父,7.0,0.14285714285714285,0.14285714285714285,0.2857142857142857,,0.14285714285714285,0.14285714285714285,,,0.3333333333333333,0.0,7.428571428571429
ジェミーブロッサム,,,,,,,,,,,,,母父,5.0,0.0,0.0,0.0,0.0,0.0,,0.0,,0.0,0.0,10.8
ジェラスガール,,,,,,,,,,,,,母父,7.0,0.0,0.0,0.14285714285714285,0.0,0.0,0.0,0.0,,0.0,,8.571428571428571
ジェラスキャット,,,,,,,,,,,,,母父,7.0,0.14285714285714285,0.2857142857142857,0.2857142857142857,0.0,0.2,,0.14285714285714285,,0.3333333333333333,0.0,7.571428571428571
ジェルミナル,,,,,,,,,,,,,母父,6.0,0.16666666666666666,0.16666666666666666,0.5,0.16666666666666666,,,0.0,0.5,0.25,0.0,5.5
ジェルヴェーズ,,,,,,,,,,,,,母父,10.0,0.0,0.0,0.0,0.0,0.0,0.0,0.0,,0.0,,9.4
ジェンティルドンナ,,,,,,,,,,,,,母父,6.0,0.0,0.0,0.0,0.0,,,0.0,0.0,0.0,,5.5
ジプシー,,,,,,,,,,,,,母父,10.0,0.1,0.1,0.1,,0.1,0.0,0.3333333333333333,,0.16666666666666666,0.0,6.1
ジプシーハイウェイ,,,,,,,,,,,,,母父,12.0,0.08333333333333333,0.08333333333333333,0.16666666666666666,0.0,1.0,0.0,0.16666666666666666,0.0,0.0,0.0,6.166666666666667
ジプシーマイラブ,,,,,,,,,,,,,母父,7.0,0.0,0.14285714285714285,0.14285714285714285,,0.0,0.0,0.0,,0.0,0.0,10.142857142857142
ジャジャマーチャン,,,,,,,,,,,,,母父,21.0,0.0,0.2857142857142857,0.42857142857142855,0.0,0.0,0.0,0.0,,0.0,0.0,4.904761904761905
ジャストジョーイ,,,,,,,,,,,,,母父,12.0,0.0,0.16666666666666666,0.3333333333333333,0.0,0.0,0.0,0.0,,0.0,,7.166666666666667
ジャズキャット,,,,,,,,,,,,,母父,9.0,0.1111111111111111,0.1111111111111111,0.2222222222222222,0.0,0.16666666666666666,,0.16666666666666666,0.0,0.25,0.0,8.333333333333334
ジャドール,,,,,,,,,,,,,母父,16.0,0.0625,0.125,0.3125,0.0,0.06666666666666667,0.07692307692307693,0.0,,0.1111111111111111,0.0,7.4375
ジャニュアリージョーンズ,,,,,,,,,,,,,母父,8.0,0.125,0.5,0.5,0.0,0.16666666666666666,0.14285714285714285,0.0,,0.0,0.3333333333333333,5.0
ジュエリスト,,,,,,,,,,,,,母父,6.0,0.0,0.0,0.16666666666666666,0.0,,0.0,0.0,,0.0,0.0,5.5
ジュエリークイーン,,,,,,,,,,,,,母父,5.0,0.0,0.0,0.4,0.0,0.0,,0.0,0.0,0.0,,7.0
ジュエルオブナイル,,,,,,,,,,,,,母父,5.0,0.2,0.2,0.2,0.2,,,0.2,,0.25,,9.0
ジュエルボックスII,,,,,,,,,,,,,母父,13.0,0.0,0.0,0.07692307692307693,0.0,0.0,,0.0,0.0,0.0,0.0,8.23076923076923
ジュディソング,,,,,,,,,,,,,母父,11.0,0.09090909090909091,0.09090909090909091,0.09090909090909091,0.0,0.125,1.0,0.0,0.0,0.0,0.0,7.636363636363637
ジュピターズビコー,,,,,,,,,,,,,母父,7.0,0.14285714285714285,0.5714285714285714,0.7142857142857143,0.25,0.0,0.0,0.25,,0.25,0.0,5.285714285714286
ジュモー,,,,,,,,,,,,,母父,11.0,0.0,0.18181818181818182,0.18181818181818182,0.0,0.0,,0.0,0.0,0.0,0.0,7.090909090909091
ジュリアビコー,,,,,,,,,,,,,母父,14.0,0.0,0.0,0.07142857142857142,0.0,0.0,,0.0,0.0,0.0,0.0,7.428571428571429
ジュントップヒトミ,,,,,,,,,,,,,母父,8.0,0.125,0.125,0.375,0.16666666666666666,0.0,,0.125,,0.16666666666666666,0.0,6.25
ジュンレンカ,,,,,,,,,,,,,母父,12.0,0.16666666666666666,0.5,0.5,,0.16666666666666666,0.0,0.18181818181818182,,0.0,0.6666666666666666,4.416666666666667
ジュヴァンクル,,,,,,,,,,,,,母父,5.0,0.0,0.4,0.6,,0.0,0.0,,,0.0,0.0,5.2
ジューシージーン,,,,,,,,,,,,,母父,6.0,0.0,0.0,0.0,0.0,0.0,0.0,0.0,,0.0,0.0,11.833333333333334
ジューンブライド,,,,,,,,,,,,,母父,6.0,0.0,0.0,0.0,0.0,0.0,,0.0,,0.0,,8.666666666666666
ジョイフルビクトリー,,,,,,,,,,,,,母父,5.0,0.0,0.0,0.0,,0.0,0.0,0.0,,0.0,0.0,11.4
ジョウショーコトミ,,,,,,,,,,,,,母父,12.0,0.0,0.0,0.08333333333333333,0.0,0.0,,0.0,0.0,0.0,,7.583333333333333
ジョウノオーロラ,,,,,,,,,,,,,母父,5.0,0.0,0.4,0.4,,0.0,0.0,,,0.0,0.0,5.6
ジョウノナンシー,,,,,,,,,,,,,母父,7.0,0.14285714285714285,0.14285714285714285,0.14285714285714285,0.0,0.25,,0.2,0.0,0.0,0.0,8.428571428571429
ジョウノファミリー,,,,,,,,,,,,,母父,7.0,0.0,0.14285714285714285,0.42857142857142855,0.0,0.0,,0.0,,0.0,0.0,7.285714285714286
ジョコンダII,,,,,,,,,,,,,母父,10.0,0.1,0.2,0.3,0.1111111111111111,0.0,,0.14285714285714285,0.0,0.125,0.0,5.0
ジョディーズライン,,,,,,,,,,,,,母父,6.0,0.0,0.0,0.0,0.0,0.0,0.0,0.0,,0.0,,10.333333333333334
ジョディーズロマン,,,,,,,,,,,,,母父,8.0,0.0,0.125,0.25,,0.0,0.0,0.0,,0.0,0.0,5.625
ジョリファム,,,,,,,,,,,,,母父,7.0,0.0,0.0,0.2857142857142857,0.0,0.0,0.0,0.0,,0.0,0.0,5.714285714285714
ジョリブロンド,,,,,,,,,,,,,母父,5.0,0.2,0.2,0.2,0.0,0.25,0.25,,0.0,0.2,,7.2
ジョリージョコンド,,,,,,,,,,,,,母父,8.0,0.125,0.25,0.25,0.14285714285714285,0.0,,0.0,0.5,0.0,0.5,8.125
ジョリーノエル,,,,,,,,,,,,,母父,6.0,0.0,0.0,0.0,0.0,0.0,0.0,0.0,0.0,0.0,,6.5
ジョンコ,,,,,,,,,,,,,母父,9.0,0.0,0.0,0.1111111111111111,0.0,0.0,0.0,0.0,,0.0,0.0,8.333333333333334
ジョーアラマート,,,,,,,,,,,,,母父,5.0,0.0,0.0,0.2,0.0,0.0,0.0,0.0,,0.0,0.0,11.0
ジョーゲルダ,,,,,,,,,,,,,母父,7.0,0.0,0.2857142857142857,0.42857142857142855,,0.0,0.0,,,0.0,,5.0
ジンジャーパンチ,,,,,,,,,,,,,母父,17.0,0.17647058823529413,0.47058823529411764,0.5294117647058824,0.14285714285714285,0.3333333333333333,,0.3333333333333333,0.09090909090909091,0.2,,4.764705882352941
ジンジャーミスト,,,,,,,,,,,,,母父,7.0,0.14285714285714285,0.14285714285714285,0.14285714285714285,0.0,0.25,,0.2,0.0,0.0,1.0,8.857142857142858
ジヴェルニーアート,,,,,,,,,,,,,母父,5.0,0.0,0.0,0.0,,0.0,0.0,0.0,,,0.0,9.4
ジーエスレインボー,,,,,,,,,,,,,母父,6.0,0.16666666666666666,0.16666666666666666,0.3333333333333333,,0.16666666666666666,0.0,0.25,,0.0,0.0,7.5
ジーガーウイング,,,,,,,,,,,,,母父,6.0,0.16666666666666666,0.16666666666666666,0.16666666666666666,,0.16666666666666666,0.2,0.0,,0.0,0.0,9.166666666666666
ジーニアル,,,,,,,,,,,,,母父,16.0,0.0625,0.0625,0.0625,,0.0625,0.0,0.2,,0.1,0.0,8.4375
スイレン,,,,,,,,,,,,,母父,5.0,0.2,0.2,0.4,,0.2,0.2,,,0.25,,7.4
スイングサンデー,,,,,,,,,,,,,母父,5.0,0.0,0.0,0.0,,0.0,0.0,0.0,,0.0,0.0,9.6
スイートウィリアム,,,,,,,,,,,,,母父,10.0,0.0,0.0,0.0,0.0,0.0,0.0,0.0,,0.0,0.0,9.9
スイートサルサ,,,,,,,,,,,,,母父,6.0,0.16666666666666666,0.16666666666666666,0.16666666666666666,0.16666666666666666,,,,0.16666666666666666,0.25,0.0,10.333333333333334
スイートピグレット,,,,,,,,,,,,,母父,8.0,0.0,0.0,0.25,,0.0,0.0,0.0,0.0,0.0,0.0,7.75
スイートフラッグ,,,,,,,,,,,,,母父,19.0,0.05263157894736842,0.21052631578947367,0.2631578947368421,0.0,0.05555555555555555,0.0,0.0625,0.0,0.0,0.0,5.526315789473684
スイートブレナム,,,,,,,,,,,,,母父,5.0,0.0,0.2,0.4,0.0,0.0,,0.0,0.0,0.0,0.0,7.4
スイートマカロン,,,,,,,,,,,,,母父,9.0,0.1111111111111111,0.4444444444444444,0.5555555555555556,0.0,0.14285714285714285,0.0,0.25,0.0,0.0,0.0,4.111111111111111
スイートマルセル,,,,,,,,,,,,,母父,23.0,0.08695652173913043,0.13043478260869565,0.17391304347826086,,0.08695652173913043,0.1,0.0,,0.15384615384615385,0.0,6.956521739130435
スイートメドゥーサ,,,,,,,,,,,,,母父,6.0,0.0,0.0,0.0,0.0,0.0,0.0,0.0,,0.0,,9.5
スイートライラ,,,,,,,,,,,,,母父,5.0,0.0,0.0,0.0,0.0,,0.0,0.0,0.0,0.0,0.0,11.2
スイープトウショウ,,,,,,,,,,,,,母父,9.0,0.2222222222222222,0.4444444444444444,0.6666666666666666,0.2222222222222222,,0.2,0.25,,0.2857142857142857,0.0,5.0
スウィフトテンパー,,,,,,,,,,,,,母父,13.0,0.07692307692307693,0.07692307692307693,0.07692307692307693,0.0,0.125,0.0,0.14285714285714285,,0.1,0.0,9.76923076923077
スウィフトレディー,,,,,,,,,,,,,母父,9.0,0.1111111111111111,0.2222222222222222,0.2222222222222222,,0.1111111111111111,,0.14285714285714285,0.0,0.0,0.0,5.888888888888889
スウィングダンス,,,,,,,,,,,,,母父,11.0,0.0,0.09090909090909091,0.36363636363636365,,0.0,0.0,0.0,,0.0,0.0,6.181818181818182
スウィートアンドセイヴォリー,,,,,,,,,,,,,母父,5.0,0.0,0.0,0.0,0.0,0.0,0.0,0.0,0.0,0.0,,11.0
スウィートアンドフローレス,,,,,,,,,,,,,母父,6.0,0.0,0.0,0.16666666666666666,0.0,0.0,,0.0,0.0,0.0,0.0,8.166666666666666
スウィートクレメンタイン,,,,,,,,,,,,,母父,6.0,0.0,0.0,0.0,0.0,0.0,0.0,0.0,,0.0,0.0,9.333333333333334
スウィートデジャヴ,,,,,,,,,,,,,母父,6.0,0.0,0.0,0.0,,0.0,0.0,0.0,,0.0,0.0,9.5
スウィートハース,,,,,,,,,,,,,母父,12.0,0.0,0.0,0.08333333333333333,0.0,0.0,,0.0,0.0,0.0,0.0,7.583333333333333
スウィートリーズン,,,,,,,,,,,,,母父,5.0,0.2,0.2,0.6,0.2,,,0.0,0.25,0.5,0.0,6.8
スウィープイン,,,,,,,,,,,,,母父,8.0,0.0,0.125,0.25,,0.0,0.0,,,0.0,0.0,8.125
スウェアトウショウ,,,,,,,,,,,,,母父,9.0,0.0,0.4444444444444444,0.6666666666666666,0.0,,,0.0,0.0,0.0,0.0,4.555555555555555
スカイクレイバー,,,,,,,,,,,,,母父,9.0,0.0,0.1111111111111111,0.2222222222222222,,0.0,0.0,0.0,,0.0,0.0,8.777777777777779
スカイディーバ,,,,,,,,,,,,,母父,5.0,0.0,0.2,0.2,0.0,0.0,,0.0,,0.0,,7.2
スカイノダン,,,,,,,,,,,,,母父,6.0,0.0,0.0,0.0,0.0,0.0,,0.0,0.0,0.0,0.0,9.0
スカイノリン,,,,,,,,,,,,,母父,5.0,0.0,0.0,0.0,0.0,0.0,0.0,0.0,,0.0,0.0,11.0
スカーレル,,,,,,,,,,,,,母父,11.0,0.09090909090909091,0.09090909090909091,0.2727272727272727,0.0,0.2,0.0,0.1111111111111111,,0.0,1.0,6.818181818181818
スキア,,,,,,,,,,,,,母父,15.0,0.06666666666666667,0.13333333333333333,0.26666666666666666,0.08333333333333333,0.0,0.0,0.1111111111111111,0.0,0.09090909090909091,0.0,6.866666666666666
スキャニングジョイ,,,,,,,,,,,,,母父,6.0,0.0,0.0,0.0,,0.0,0.0,0.0,0.0,0.0,0.0,11.0
スキャンダルシート,,,,,,,,,,,,,母父,5.0,0.0,0.2,0.2,,0.0,,0.0,,0.0,0.0,6.0
スクービドゥー,,,,,,,,,,,,,母父,6.0,0.3333333333333333,0.3333333333333333,0.3333333333333333,0.3333333333333333,,,0.3333333333333333,,0.2,,4.833333333333333
スコアズビー,,,,,,,,,,,,,母父,8.0,0.125,0.25,0.25,0.0,0.2,0.2,0.0,0.0,0.3333333333333333,0.0,8.375
スコルピオンキッス,,,,,,,,,,,,,母父,10.0,0.2,0.2,0.2,0.2857142857142857,0.0,0.0,0.25,,0.25,0.0,5.9
スズカエルマンボ,,,,,,,,,,,,,母父,11.0,0.0,0.0,0.0,0.0,0.0,0.0,0.0,,0.0,,9.181818181818182
スズカエンジェル,,,,,,,,,,,,,母父,6.0,0.0,0.16666666666666666,0.16666666666666666,0.0,0.0,,0.0,0.0,0.0,0.0,11.333333333333334
スズカクエーサー,,,,,,,,,,,,,母父,14.0,0.07142857142857142,0.14285714285714285,0.21428571428571427,0.0,0.09090909090909091,,0.07142857142857142,,0.0,0.3333333333333333,6.142857142857143
スズカグレイス,,,,,,,,,,,,,母父,8.0,0.0,0.125,0.25,0.0,0.0,0.0,0.0,0.0,0.0,0.0,7.0
スズカシャンティー,,,,,,,,,,,,,母父,25.0,0.08,0.08,0.12,,0.08,0.10526315789473684,0.0,,0.0,0.0,8.6
スズカダーリン,,,,,,,,,,,,,母父,7.0,0.0,0.0,0.14285714285714285,0.0,0.0,0.0,0.0,0.0,0.0,0.0,6.428571428571429
スズカフォイル,,,,,,,,,,,,,母父,5.0,0.2,0.2,0.4,0.0,0.25,0.0,0.25,,0.2,,7.0
スズカフローラ,,,,,,,,,,,,,母父,16.0,0.0625,0.25,0.25,0.14285714285714285,0.0,,0.07142857142857142,0.0,0.0,0.5,7.6875
スズカブルーム,,,,,,,,,,,,,母父,7.0,0.42857142857142855,0.5714285714285714,1.0,0.6666666666666666,0.25,0.25,,0.6666666666666666,0.5,0.0,2.0
スズカローズマリー,,,,,,,,,,,,,母父,5.0,0.0,0.0,0.0,0.0,0.0,0.0,0.0,0.0,0.0,,10.4
スズカローラン,,,,,,,,,,,,,母父,9.0,0.0,0.0,0.1111111111111111,0.0,,,0.0,0.0,0.0,0.0,8.444444444444445
スズノエミー,,,,,,,,,,,,,母父,6.0,0.0,0.0,0.16666666666666666,,0.0,0.0,,,0.0,0.0,10.0
スズノネイロ,,,,,,,,,,,,,母父,12.0,0.08333333333333333,0.08333333333333333,0.16666666666666666,0.08333333333333333,,0.09090909090909091,0.0,,0.1111111111111111,,7.416666666666667
スズノメガミ,,,,,,,,,,,,,母父,14.0,0.07142857142857142,0.07142857142857142,0.2857142857142857,,0.07142857142857142,0.0,0.14285714285714285,,0.0,0.0,6.857142857142857
スズノメヒョー,,,,,,,,,,,,,母父,16.0,0.0625,0.125,0.1875,0.0,0.06666666666666667,0.07692307692307693,0.0,0.0,0.1111111111111111,0.0,8.5625
スタイルアンドクラス,,,,,,,,,,,,,母父,6.0,0.16666666666666666,0.3333333333333333,0.5,0.2,0.0,,0.16666666666666666,,0.2,0.0,7.166666666666667
スタイルリスティック,,,,,,,,,,,,,母父,24.0,0.041666666666666664,0.08333333333333333,0.25,0.06666666666666667,0.0,0.0,0.0,0.09090909090909091,0.05555555555555555,0.0,7.958333333333333
スタセリタ,,,,,,,,,,,,,母父,6.0,0.3333333333333333,0.3333333333333333,0.6666666666666666,0.3333333333333333,,,0.4,0.0,0.3333333333333333,,5.166666666666667
スタッドドフランス,,,,,,,,,,,,,母父,5.0,0.0,0.0,0.2,,0.0,,0.0,0.0,0.0,0.0,8.4
スタミナスピード,,,,,,,,,,,,,母父,5.0,0.0,0.0,0.0,0.0,0.0,0.0,0.0,0.0,0.0,,8.2
スタリア,,,,,,,,,,,,,母父,7.0,0.0,0.14285714285714285,0.2857142857142857,0.0,0.0,0.0,0.0,,0.0,0.0,7.857142857142857
スターアイル,,,,,,,,,,,,,母父,9.0,0.1111111111111111,0.3333333333333333,0.3333333333333333,0.0,0.3333333333333333,0.125,0.0,,0.16666666666666666,0.0,5.111111111111111
スターアクトレス,,,,,,,,,,,,,母父,5.0,0.0,0.0,0.0,,0.0,0.0,,,0.0,0.0,6.8
スターウインド,,,,,,,,,,,,,母父,8.0,0.125,0.125,0.125,0.0,0.14285714285714285,0.0,0.14285714285714285,,0.25,0.0,8.75
スターオブサファイア,,,,,,,,,,,,,母父,7.0,0.0,0.0,0.2857142857142857,0.0,,,0.0,0.0,0.0,0.0,5.714285714285714
スターオブジェンヌ,,,,,,,,,,,,,母父,5.0,0.0,0.0,0.0,,0.0,,0.0,0.0,0.0,0.0,9.0
スターオブジュニパー,,,,,,,,,,,,,母父,9.0,0.0,0.0,0.0,0.0,0.0,0.0,0.0,,0.0,0.0,12.88888888888889
スターキャスト,,,,,,,,,,,,,母父,8.0,0.0,0.0,0.0,0.0,0.0,,0.0,,0.0,0.0,7.75
スターコレクション,,,,,,,,,,,,,母父,7.0,0.14285714285714285,0.2857142857142857,0.2857142857142857,0.25,0.0,0.0,0.5,,0.25,0.0,7.428571428571429
スターシップトラッフルズ,,,,,,,,,,,,,母父,15.0,0.13333333333333333,0.26666666666666666,0.4,0.0,0.18181818181818182,0.125,0.14285714285714285,,0.1111111111111111,0.16666666666666666,6.266666666666667
スターズアラインド,,,,,,,,,,,,,母父,15.0,0.13333333333333333,0.3333333333333333,0.5333333333333333,0.07692307692307693,0.5,0.0,0.15384615384615385,,0.2,0.0,7.266666666666667
スターズインハーアイズ,,,,,,,,,,,,,母父,8.0,0.0,0.0,0.25,0.0,0.0,0.0,0.0,0.0,0.0,0.0,6.0
スタートラッカー,,,,,,,,,,,,,母父,5.0,0.2,0.6,0.6,,0.2,0.25,0.0,,0.0,0.0,5.4
スターペスキサコ,,,,,,,,,,,,,母父,6.0,0.0,0.0,0.0,,0.0,0.0,0.0,,0.0,0.0,9.5
スターマレイン,,,,,,,,,,,,,母父,10.0,0.0,0.1,0.2,,0.0,0.0,0.0,,0.0,0.0,8.9
スターライト,,,,,,,,,,,,,母父,7.0,0.14285714285714285,0.42857142857142855,0.42857142857142855,,0.14285714285714285,0.0,0.0,0.25,0.0,1.0,4.714285714285714
スティーリンキッシーズ,,,,,,,,,,,,,母父,9.0,0.0,0.0,0.0,0.0,0.0,,0.0,0.0,0.0,0.0,8.666666666666666
スティールパス,,,,,,,,,,,,,母父,10.0,0.1,0.2,0.3,0.0,0.125,,0.0,0.25,0.0,0.0,8.7
ステイアライヴ,,,,,,,,,,,,,母父,5.0,0.2,0.2,0.2,0.0,0.25,0.25,,0.0,0.25,,11.2
ステイハッピー,,,,,,,,,,,,,母父,6.0,0.0,0.16666666666666666,0.16666666666666666,,0.0,,0.0,,0.0,0.0,6.5
ステキナポケット,,,,,,,,,,,,,母父,5.0,0.0,0.0,0.2,,0.0,0.0,0.0,,0.0,0.0,6.8
ステッバイステップ,,,,,,,,,,,,,母父,22.0,0.0,0.045454545454545456,0.13636363636363635,0.0,0.0,0.0,0.0,0.0,0.0,0.0,7.7727272727272725
ステファニーズキトゥン,,,,,,,,,,,,,母父,5.0,0.0,0.4,0.4,0.0,,,0.0,0.0,0.0,0.0,3.4
ステラアクトレス,,,,,,,,,,,,,母父,6.0,0.16666666666666666,0.16666666666666666,0.16666666666666666,,0.16666666666666666,0.3333333333333333,0.0,,0.0,0.3333333333333333,8.166666666666666
ステラスターライト,,,,,,,,,,,,,母父,10.0,0.1,0.3,0.4,0.0,0.1111111111111111,,0.1111111111111111,0.0,0.16666666666666666,0.0,4.5
ステラマリス,,,,,,,,,,,,,母父,7.0,0.2857142857142857,0.2857142857142857,0.2857142857142857,0.0,0.3333333333333333,0.0,0.4,,0.4,0.0,8.285714285714286
ストック,,,,,,,,,,,,,母父,6.0,0.0,0.16666666666666666,0.16666666666666666,0.0,,,0.0,0.0,0.0,,6.166666666666667
ストライクルート,,,,,,,,,,,,,母父,23.0,0.17391304347826086,0.30434782608695654,0.391304347826087,0.17647058823529413,0.16666666666666666,0.23076923076923078,0.1,,0.11764705882352941,0.0,5.739130434782608
ストリートスタイル,,,,,,,,,,,,,母父,6.0,0.0,0.0,0.0,0.0,0.0,0.0,0.0,,0.0,0.0,9.833333333333334
ストリートパレード,,,,,,,,,,,,,母父,12.0,0.08333333333333333,0.08333333333333333,0.3333333333333333,0.0,0.14285714285714285,0.1,0.0,0.0,0.14285714285714285,0.0,6.833333333333333
ストレイトフロムテキサス,,,,,,,,,,,,,母父,6.0,0.0,0.16666666666666666,0.3333333333333333,0.0,0.0,0.0,0.0,,,0.0,9.166666666666666
ストレンジラブ,,,,,,,,,,,,,母父,6.0,0.0,0.0,0.16666666666666666,0.0,,,0.0,0.0,0.0,0.0,6.0
ストロベリーズ,,,,,,,,,,,,,母父,7.0,0.0,0.0,0.0,0.0,0.0,0.0,0.0,,0.0,0.0,10.857142857142858
ストロベリーフェア,,,,,,,,,,,,,母父,9.0,0.3333333333333333,0.3333333333333333,0.5555555555555556,0.3333333333333333,,,0.2857142857142857,0.5,0.5,0.0,4.111111111111111
ストークアンドレイ,,,,,,,,,,,,,母父,7.0,0.0,0.0,0.0,0.0,0.0,,0.0,0.0,0.0,0.0,6.714285714285714
ストーミーレニー,,,,,,,,,,,,,母父,7.0,0.14285714285714285,0.14285714285714285,0.14285714285714285,0.0,0.5,0.0,0.16666666666666666,,0.25,0.0,10.428571428571429
ストームイメージ,,,,,,,,,,,,,母父,9.0,0.0,0.0,0.0,0.0,,0.0,0.0,,0.0,0.0,10.555555555555555
ストームツイスター,,,,,,,,,,,,,母父,8.0,0.25,0.25,0.25,0.25,0.25,0.3333333333333333,0.0,,0.16666666666666666,0.5,6.5
スナークスズラン,,,,,,,,,,,,,母父,7.0,0.0,0.2857142857142857,0.42857142857142855,0.0,0.0,0.0,,,0.0,0.0,6.0
スナークヒロイン,,,,,,,,,,,,,母父,23.0,0.08695652173913043,0.08695652173913043,0.21739130434782608,0.0,0.09523809523809523,0.1,0.0,,0.15384615384615385,0.0,8.869565217391305
スネガエクスプレス,,,,,,,,,,,,,母父,5.0,0.0,0.0,0.0,0.0,0.0,0.0,0.0,0.0,0.0,0.0,11.2
スノークラフト,,,,,,,,,,,,,母父,7.0,0.0,0.0,0.0,0.0,0.0,0.0,0.0,,0.0,0.0,8.142857142857142
スノーパイン,,,,,,,,,,,,,母父,6.0,0.0,0.0,0.16666666666666666,0.0,0.0,0.0,0.0,,0.0,0.0,8.333333333333334
スパイオブラヴ,,,,,,,,,,,,,母父,6.0,0.0,0.0,0.3333333333333333,,0.0,,0.0,,0.0,0.0,5.833333333333333
スパイクラベンダー,,,,,,,,,,,,,母父,6.0,0.0,0.0,0.0,0.0,,0.0,0.0,,0.0,,9.666666666666666
スパイスフェアリー,,,,,,,,,,,,,母父,7.0,0.14285714285714285,0.2857142857142857,0.2857142857142857,,0.14285714285714285,,0.14285714285714285,,0.0,1.0,6.428571428571429
スパニッシュクイーン,,,,,,,,,,,,,母父,8.0,0.125,0.25,0.5,0.0,1.0,0.0,0.2,,0.14285714285714285,,6.0
スパークオンアイス,,,,,,,,,,,,,母父,9.0,0.0,0.2222222222222222,0.3333333333333333,0.0,0.0,0.0,0.0,,0.0,0.0,4.888888888888889
スパークルキャット,,,,,,,,,,,,,母父,8.0,0.125,0.375,0.625,0.0,0.14285714285714285,0.14285714285714285,0.0,,0.0,0.3333333333333333,5.75
スパークルレディー,,,,,,,,,,,,,母父,6.0,0.0,0.0,0.16666666666666666,,0.0,0.0,0.0,,0.0,0.0,8.166666666666666
スピニングレディ,,,,,,,,,,,,,母父,7.0,0.14285714285714285,0.2857142857142857,0.5714285714285714,,0.14285714285714285,0.0,0.16666666666666666,,0.16666666666666666,0.0,5.285714285714286
スピニングワイルドキャット,,,,,,,,,,,,,母父,9.0,0.3333333333333333,0.6666666666666666,0.6666666666666666,0.3333333333333333,,1.0,0.14285714285714285,,0.4,,4.333333333333333
スピードリッパー,,,,,,,,,,,,,母父,8.0,0.25,0.25,0.5,0.14285714285714285,1.0,0.5,0.16666666666666666,,0.2,,4.625
スフィンクス,,,,,,,,,,,,,母父,5.0,0.2,0.2,0.2,0.0,0.25,0.2,,,0.5,,8.6
スプライトダンス,,,,,,,,,,,,,母父,7.0,0.14285714285714285,0.2857142857142857,0.2857142857142857,,0.14285714285714285,0.14285714285714285,,,0.2,0.0,5.714285714285714
スプリングサンダー,,,,,,,,,,,,,母父,14.0,0.21428571428571427,0.2857142857142857,0.35714285714285715,0.25,0.0,0.0,0.2857142857142857,0.3333333333333333,0.1,1.0,6.428571428571429
スプリングシティ,,,,,,,,,,,,,母父,13.0,0.15384615384615385,0.15384615384615385,0.38461538461538464,,0.15384615384615385,0.2,0.0,,0.125,0.3333333333333333,5.846153846153846
スプリングシーズンII,,,,,,,,,,,,,母父,15.0,0.13333333333333333,0.26666666666666666,0.4666666666666667,0.13333333333333333,,,0.16666666666666666,0.0,0.15384615384615385,0.0,4.533333333333333
スプリングフェスタ,,,,,,,,,,,,,母父,18.0,0.1111111111111111,0.3333333333333333,0.3333333333333333,0.125,0.1,0.1111111111111111,0.0,0.3333333333333333,0.07142857142857142,0.5,7.111111111111111
スプリングボード,,,,,,,,,,,,,母父,6.0,0.0,0.0,0.0,0.0,,,0.0,0.0,0.0,0.0,7.833333333333333
スプリングマンボ,,,,,,,,,,,,,母父,5.0,0.4,0.6,0.6,,0.4,,0.4,,0.0,0.0,3.4
スプリングミント,,,,,,,,,,,,,母父,7.0,0.0,0.0,0.0,,0.0,0.0,0.0,0.0,0.0,0.0,10.714285714285714
スプレンダー,,,,,,,,,,,,,母父,14.0,0.07142857142857142,0.07142857142857142,0.07142857142857142,0.08333333333333333,0.0,0.0,0.08333333333333333,,0.1,0.0,7.928571428571429
スプンキーウーマン,,,,,,,,,,,,,母父,5.0,0.0,0.2,0.4,0.0,0.0,,0.0,0.0,0.0,0.0,5.4
スペクトロライト,,,,,,,,,,,,,母父,6.0,0.3333333333333333,0.3333333333333333,0.3333333333333333,,0.3333333333333333,0.0,0.4,,0.25,,8.166666666666666
スペシャルクイン,,,,,,,,,,,,,母父,11.0,0.18181818181818182,0.18181818181818182,0.18181818181818182,,0.18181818181818182,0.0,0.2,,0.0,,7.818181818181818
スペシャルグルーヴ,,,,,,,,,,,,,母父,11.0,0.0,0.18181818181818182,0.36363636363636365,0.0,,0.0,0.0,,0.0,0.0,7.0
スペシャルディナー,,,,,,,,,,,,,母父,12.0,0.16666666666666666,0.3333333333333333,0.5,0.0,0.2,0.2,0.14285714285714285,,0.1,1.0,5.583333333333333
スペシャルフロート,,,,,,,,,,,,,母父,5.0,0.0,0.0,0.2,0.0,0.0,0.0,0.0,0.0,0.0,0.0,11.0
スペシャルポケット,,,,,,,,,,,,,母父,12.0,0.0,0.0,0.0,0.0,0.0,0.0,0.0,0.0,0.0,0.0,12.083333333333334
スペルバインド,,,,,,,,,,,,,母父,5.0,0.0,0.2,0.2,,0.0,,0.0,,0.0,,5.2
スマイルゲート,,,,,,,,,,,,,母父,6.0,0.0,0.0,0.0,,0.0,0.0,,,0.0,0.0,9.5
スマッシュ,,,,,,,,,,,,,母父,8.0,0.25,0.25,0.25,0.0,0.3333333333333333,0.3333333333333333,0.2,,0.16666666666666666,0.5,10.25
スマッシュハート,,,,,,,,,,,,,母父,12.0,0.08333333333333333,0.08333333333333333,0.08333333333333333,0.1111111111111111,0.0,,0.16666666666666666,0.0,0.14285714285714285,0.0,7.416666666666667
スマーティコジーン,,,,,,,,,,,,,母父,5.0,0.0,0.2,0.2,0.0,0.0,0.0,0.0,0.0,0.0,,9.0
スマーティーシスター,,,,,,,,,,,,,母父,6.0,0.0,0.0,0.0,,0.0,0.0,0.0,,0.0,0.0,7.666666666666667
スマートアイリス,,,,,,,,,,,,,母父,5.0,0.0,0.0,0.0,0.0,0.0,0.0,0.0,,0.0,,6.6
スマートアルティラ,,,,,,,,,,,,,母父,7.0,0.14285714285714285,0.14285714285714285,0.14285714285714285,,0.14285714285714285,0.14285714285714285,,,0.25,0.0,6.428571428571429
スマートアルテミス,,,,,,,,,,,,,母父,6.0,0.16666666666666666,0.3333333333333333,0.3333333333333333,1.0,0.0,0.0,,1.0,0.25,0.0,7.833333333333333
スマートオーシャン,,,,,,,,,,,,,母父,29.0,0.13793103448275862,0.2413793103448276,0.3103448275862069,0.06666666666666667,0.21428571428571427,0.2,0.07692307692307693,0.0,0.14285714285714285,0.25,7.551724137931035
スマートバベル,,,,,,,,,,,,,母父,10.0,0.1,0.1,0.2,,0.1,0.3333333333333333,0.0,,0.0,0.0,9.1
スマートムービー,,,,,,,,,,,,,母父,7.0,0.2857142857142857,0.2857142857142857,0.2857142857142857,0.3333333333333333,0.0,0.0,,0.3333333333333333,0.4,0.0,4.571428571428571
スマートレモラ,,,,,,,,,,,,,母父,8.0,0.0,0.0,0.0,,0.0,0.0,,,0.0,0.0,8.5
スモークンフローリック,,,,,,,,,,,,,母父,6.0,0.16666666666666666,0.16666666666666666,0.16666666666666666,0.16666666666666666,,,0.0,0.3333333333333333,0.0,0.0,7.333333333333333
スモーダリング,,,,,,,,,,,,,母父,7.0,0.42857142857142855,0.42857142857142855,0.42857142857142855,,0.42857142857142855,0.4,0.5,,0.6666666666666666,0.25,5.428571428571429
スリーオーシャン,,,,,,,,,,,,,母父,9.0,0.0,0.1111111111111111,0.1111111111111111,0.0,0.0,0.0,0.0,0.0,0.0,0.0,9.222222222222221
スリーサンハーツ,,,,,,,,,,,,,母父,9.0,0.1111111111111111,0.4444444444444444,0.5555555555555556,0.0,0.125,0.125,0.0,,0.125,0.0,7.0
スリーサンローズ,,,,,,,,,,,,,母父,5.0,0.0,0.2,0.2,0.0,0.0,0.0,0.0,,0.0,0.0,9.0
スリールドランジュ,,,,,,,,,,,,,母父,6.0,0.0,0.0,0.0,0.0,0.0,,0.0,0.0,0.0,,12.666666666666666
スルターナ,,,,,,,,,,,,,母父,7.0,0.14285714285714285,0.14285714285714285,0.2857142857142857,0.0,0.16666666666666666,,0.0,0.25,0.3333333333333333,0.0,6.142857142857143
スルーザシーズン,,,,,,,,,,,,,母父,5.0,0.0,0.0,0.2,,0.0,0.0,,,0.0,0.0,11.4
スルーレート,,,,,,,,,,,,,母父,7.0,0.0,0.0,0.0,0.0,0.0,0.0,0.0,0.0,0.0,0.0,10.857142857142858
スローライフ,,,,,,,,,,,,,母父,5.0,0.0,0.0,0.0,,0.0,0.0,,,0.0,,6.6
スワンソング,,,,,,,,,,,,,母父,6.0,0.0,0.0,0.0,0.0,0.0,0.0,0.0,0.0,0.0,0.0,10.833333333333334
スーパーマダム,,,,,,,,,,,,,母父,6.0,0.3333333333333333,0.5,0.5,0.5,0.0,0.6666666666666666,0.0,,0.3333333333333333,,7.833333333333333
スーリア,,,,,,,,,,,,,母父,11.0,0.09090909090909091,0.09090909090909091,0.09090909090909091,0.1111111111111111,0.0,0.0,0.0,0.1111111111111111,0.0,0.5,8.636363636363637
スーリール,,,,,,,,,,,,,母父,5.0,0.0,0.0,0.0,0.0,0.0,0.0,0.0,,0.0,0.0,6.8
スールキートス,,,,,,,,,,,,,母父,5.0,0.2,0.2,0.4,,0.2,0.25,0.0,,0.25,0.0,5.8
スーヴェニアギフト,,,,,,,,,,,,,母父,6.0,0.16666666666666666,0.16666666666666666,0.16666666666666666,0.2,0.0,0.2,0.0,,0.25,0.0,8.333333333333334
セイウンデライラ,,,,,,,,,,,,,母父,8.0,0.0,0.0,0.0,0.0,0.0,0.0,0.0,0.0,0.0,,12.875
セイカイリス,,,,,,,,,,,,,母父,10.0,0.0,0.0,0.0,,0.0,,0.0,0.0,0.0,0.0,9.7
セイカフォルトゥナ,,,,,,,,,,,,,母父,7.0,0.2857142857142857,0.2857142857142857,0.5714285714285714,,0.2857142857142857,0.25,0.3333333333333333,,0.6666666666666666,0.0,4.428571428571429
セイクリッドサイト,,,,,,,,,,,,,母父,7.0,0.14285714285714285,0.42857142857142855,0.5714285714285714,0.0,0.16666666666666666,0.14285714285714285,,,0.0,0.3333333333333333,5.142857142857143
セインツプレイ,,,,,,,,,,,,,母父,5.0,0.2,0.2,0.4,,0.2,0.0,0.25,,0.0,0.0,6.8
セイントリーフ,,,,,,,,,,,,,母父,12.0,0.0,0.08333333333333333,0.08333333333333333,0.0,0.0,0.0,0.0,,0.0,0.0,8.083333333333334
セカンドノホシ,,,,,,,,,,,,,母父,9.0,0.1111111111111111,0.3333333333333333,0.4444444444444444,0.1111111111111111,,,0.0,0.2,0.16666666666666666,0.0,3.888888888888889
セキサンキセキ,,,,,,,,,,,,,母父,6.0,0.0,0.0,0.3333333333333333,0.0,0.0,0.0,0.0,0.0,0.0,0.0,9.0
セキショウ,,,,,,,,,,,,,母父,5.0,0.2,0.4,0.4,0.25,0.0,0.2,,,0.0,1.0,9.4
セクシーザムライ,,,,,,,,,,,,,母父,6.0,0.16666666666666666,0.5,0.5,0.0,0.2,0.0,0.0,0.3333333333333333,0.2,,6.0
セクシーディナー,,,,,,,,,,,,,母父,8.0,0.375,0.625,0.625,0.5,0.3333333333333333,0.5,0.3333333333333333,,0.3333333333333333,0.3333333333333333,4.0
セシリア,,,,,,,,,,,,,母父,5.0,0.2,0.2,0.2,0.25,0.0,0.5,0.0,,0.3333333333333333,0.0,8.8
セットプレイ,,,,,,,,,,,,,母父,5.0,0.0,0.0,0.0,0.0,0.0,0.0,,,0.0,0.0,11.6
セデュイールII,,,,,,,,,,,,,母父,16.0,0.0625,0.0625,0.1875,0.06666666666666667,0.0,,0.1111111111111111,0.0,0.07142857142857142,,7.375
セトウチソーラー,,,,,,,,,,,,,母父,29.0,0.034482758620689655,0.034482758620689655,0.034482758620689655,0.0,0.125,,0.034482758620689655,,0.0,0.0,8.517241379310345
セトウチダイヤ,,,,,,,,,,,,,母父,12.0,0.0,0.0,0.25,,0.0,0.0,0.0,,0.0,0.0,8.5
セトノウインド,,,,,,,,,,,,,母父,7.0,0.0,0.0,0.14285714285714285,0.0,0.0,0.0,,,0.0,0.0,8.428571428571429
セブンシークィーン,,,,,,,,,,,,,母父,5.0,0.0,0.0,0.0,0.0,0.0,0.0,0.0,,0.0,0.0,10.2
セミニョン,,,,,,,,,,,,,母父,12.0,0.08333333333333333,0.25,0.3333333333333333,0.09090909090909091,0.0,,0.14285714285714285,0.0,0.0,0.3333333333333333,6.916666666666667
セラフィーヌ,,,,,,,,,,,,,母父,9.0,0.0,0.1111111111111111,0.2222222222222222,0.0,0.0,0.0,0.0,,0.0,,7.666666666666667
セラミックガール,,,,,,,,,,,,,母父,5.0,0.2,0.2,0.4,0.2,,,0.0,1.0,0.2,,6.6
セリエンホルデ,,,,,,,,,,,,,母父,8.0,0.25,0.5,0.75,0.25,,,0.25,,0.25,,2.875
セリメーヌ,,,,,,,,,,,,,母父,7.0,0.2857142857142857,0.42857142857142855,0.42857142857142855,0.0,0.5,,0.4,0.0,0.25,0.5,6.857142857142857
セルキス,,,,,,,,,,,,,母父,5.0,0.0,0.0,0.0,0.0,0.0,0.0,0.0,0.0,0.0,,8.0
セルフプリザヴェーション,,,,,,,,,,,,,母父,11.0,0.09090909090909091,0.36363636363636365,0.45454545454545453,0.0,0.3333333333333333,0.125,0.0,,0.1111111111111111,,6.363636363636363
セレスタ,,,,,,,,,,,,,母父,8.0,0.125,0.25,0.5,0.14285714285714285,0.0,,0.0,0.16666666666666666,0.14285714285714285,,5.375
セレスティアルキャット,,,,,,,,,,,,,母父,7.0,0.0,0.14285714285714285,0.14285714285714285,0.0,0.0,,0.0,0.0,0.0,0.0,7.0
セレブデート,,,,,,,,,,,,,母父,15.0,0.0,0.2,0.26666666666666666,0.0,0.0,,0.0,,0.0,0.0,7.4
センコウノマイヒメ,,,,,,,,,,,,,母父,6.0,0.0,0.0,0.0,0.0,0.0,0.0,0.0,,0.0,,7.166666666666667
センシュアルドレス,,,,,,,,,,,,,母父,8.0,0.125,0.125,0.25,0.0,0.16666666666666666,0.0,0.2,0.0,0.16666666666666666,0.0,6.5
センターグランタス,,,,,,,,,,,,,母父,5.0,0.0,0.2,0.4,0.0,0.0,0.0,0.0,,0.0,,9.2
センティナリー,,,,,,,,,,,,,母父,6.0,0.16666666666666666,0.16666666666666666,0.3333333333333333,0.25,0.0,0.0,0.25,,0.3333333333333333,0.0,7.5
セントフロンティア,,,,,,,,,,,,,母父,13.0,0.07692307692307693,0.07692307692307693,0.15384615384615385,0.0,0.08333333333333333,0.0,0.14285714285714285,0.0,0.14285714285714285,0.0,7.0
セーヌパリジャンヌ,,,,,,,,,,,,,母父,6.0,0.0,0.0,0.0,0.0,0.0,0.0,0.0,,0.0,,10.0
ゼフィランサス,,,,,,,,,,,,,母父,21.0,0.09523809523809523,0.23809523809523808,0.38095238095238093,0.09090909090909091,0.1,0.1,0.0,0.16666666666666666,0.16666666666666666,0.0,5.523809523809524
ゼマティス,,,,,,,,,,,,,母父,7.0,0.0,0.0,0.0,0.0,0.0,0.0,0.0,,0.0,0.0,7.428571428571429
ゼラスキャット,,,,,,,,,,,,,母父,7.0,0.14285714285714285,0.2857142857142857,0.2857142857142857,0.0,0.2,0.25,0.0,,0.0,,9.0
ソウタツ,,,,,,,,,,,,,母父,21.0,0.09523809523809523,0.09523809523809523,0.14285714285714285,0.1,0.0,,0.09523809523809523,,0.125,0.0,9.571428571428571
ソソノ,,,,,,,,,,,,,母父,5.0,0.0,0.0,0.0,,0.0,,0.0,,0.0,0.0,6.4
ソフィアルージュ,,,,,,,,,,,,,母父,5.0,0.0,0.0,0.0,0.0,0.0,0.0,0.0,0.0,0.0,,11.0
ソフトライム,,,,,,,,,,,,,母父,8.0,0.0,0.0,0.25,,0.0,0.0,0.0,0.0,0.0,0.0,8.75
ソベラニア,,,,,,,,,,,,,母父,9.0,0.3333333333333333,0.3333333333333333,0.4444444444444444,0.3333333333333333,,,0.3333333333333333,0.3333333333333333,0.2857142857142857,0.0,5.0
ソムニア,,,,,,,,,,,,,母父,13.0,0.07692307692307693,0.23076923076923078,0.3076923076923077,0.09090909090909091,0.0,0.0,0.125,0.0,0.0,0.0,6.076923076923077
ソラコマチ,,,,,,,,,,,,,母父,9.0,0.3333333333333333,0.4444444444444444,0.4444444444444444,0.0,0.375,0.5,0.0,,0.4,0.0,7.444444444444445
ソラリア,,,,,,,,,,,,,母父,8.0,0.125,0.375,0.375,0.125,,,0.0,0.14285714285714285,0.14285714285714285,0.0,5.25
ソリーソアンジェロ,,,,,,,,,,,,,母父,6.0,0.0,0.0,0.0,,0.0,,0.0,,0.0,,9.666666666666666
ソルシエトウショウ,,,,,,,,,,,,,母父,9.0,0.0,0.0,0.0,0.0,0.0,0.0,0.0,0.0,0.0,0.0,11.555555555555555
ソロデビュー,,,,,,,,,,,,,母父,7.0,0.0,0.14285714285714285,0.14285714285714285,,0.0,,0.0,,0.0,0.0,8.0
ソングフォーミー,,,,,,,,,,,,,母父,7.0,0.14285714285714285,0.2857142857142857,0.42857142857142855,,0.14285714285714285,,0.16666666666666666,0.0,0.0,0.3333333333333333,6.0
ソーゴル,,,,,,,,,,,,,母父,6.0,0.0,0.3333333333333333,0.3333333333333333,0.0,0.0,,0.0,0.0,0.0,0.0,5.666666666666667
ソーマジック,,,,,,,,,,,,,母父,11.0,0.09090909090909091,0.2727272727272727,0.2727272727272727,0.1,0.0,,0.0,0.5,0.0,0.5,7.2727272727272725
ソーメニーウェイズ,,,,,,,,,,,,,母父,12.0,0.25,0.25,0.4166666666666667,0.375,0.0,,0.0,0.375,0.2857142857142857,0.0,5.833333333333333
ゾイゾイ,,,,,,,,,,,,,母父,5.0,0.0,0.0,0.0,,0.0,0.0,,,0.0,,10.8
タイキアヴェニュー,,,,,,,,,,,,,母父,8.0,0.125,0.125,0.125,,0.125,0.0,0.14285714285714285,,0.25,0.0,7.625
タイキエイワン,,,,,,,,,,,,,母父,11.0,0.0,0.09090909090909091,0.09090909090909091,,0.0,0.0,0.0,,0.0,0.0,9.0
タイキクララ,,,,,,,,,,,,,母父,9.0,0.1111111111111111,0.1111111111111111,0.1111111111111111,0.1111111111111111,,,0.1111111111111111,,0.0,0.0,7.777777777777778
タイキグラミー,,,,,,,,,,,,,母父,11.0,0.0,0.18181818181818182,0.18181818181818182,0.0,0.0,0.0,0.0,,0.0,0.0,5.454545454545454
タイキシャイン,,,,,,,,,,,,,母父,7.0,0.14285714285714285,0.14285714285714285,0.14285714285714285,0.0,0.16666666666666666,0.16666666666666666,0.0,,0.0,0.5,7.285714285714286
タイキトゥインクル,,,,,,,,,,,,,母父,6.0,0.0,0.0,0.3333333333333333,0.0,0.0,0.0,0.0,,0.0,0.0,6.5
タイキプリンセス,,,,,,,,,,,,,母父,5.0,0.0,0.0,0.4,0.0,0.0,,0.0,0.0,0.0,,5.8
タイキラナキラ,,,,,,,,,,,,,母父,22.0,0.045454545454545456,0.045454545454545456,0.09090909090909091,0.0,0.047619047619047616,0.0,0.1,0.0,0.1,0.0,6.409090909090909
タイキロザリオ,,,,,,,,,,,,,母父,7.0,0.0,0.0,0.0,,0.0,,0.0,,0.0,0.0,6.571428571428571
タイセイハニー,,,,,,,,,,,,,母父,5.0,0.0,0.0,0.0,0.0,0.0,,0.0,,0.0,0.0,11.4
タイタンクイーン,,,,,,,,,,,,,母父,16.0,0.0625,0.3125,0.4375,0.06666666666666667,0.0,0.16666666666666666,0.0,,0.07692307692307693,0.0,5.625
タイトルパート,,,,,,,,,,,,,母父,5.0,0.2,0.2,0.2,0.3333333333333333,0.0,,0.2,,0.0,0.0,9.6
タイホウパーリオ,,,,,,,,,,,,,母父,14.0,0.07142857142857142,0.21428571428571427,0.2857142857142857,0.0,0.1,0.0,0.07692307692307693,,0.0,0.0,7.214285714285714
タイムウィルテル,,,,,,,,,,,,,母父,12.0,0.3333333333333333,0.4166666666666667,0.5,0.3333333333333333,,,0.3333333333333333,0.3333333333333333,0.3333333333333333,0.0,3.9166666666666665
タイムトラベリング,,,,,,,,,,,,,母父,7.0,0.0,0.0,0.14285714285714285,,0.0,0.0,0.0,,0.0,0.0,7.285714285714286
タイムフェアレディ,,,,,,,,,,,,,母父,12.0,0.08333333333333333,0.3333333333333333,0.5833333333333334,0.09090909090909091,0.0,,0.1,0.0,0.0,1.0,4.5
タカノベンチャー,,,,,,,,,,,,,母父,5.0,0.0,0.0,0.0,0.0,0.0,,0.0,,0.0,0.0,6.8
タカラインディ,,,,,,,,,,,,,母父,5.0,0.0,0.0,0.0,0.0,0.0,0.0,0.0,,0.0,0.0,11.4
タガノキャンドル,,,,,,,,,,,,,母父,8.0,0.0,0.0,0.125,,0.0,0.0,0.0,,0.0,0.0,6.75
タガノシムナ,,,,,,,,,,,,,母父,6.0,0.0,0.16666666666666666,0.16666666666666666,,0.0,0.0,0.0,,0.0,0.0,6.166666666666667
タガノジョイナー,,,,,,,,,,,,,母父,5.0,0.2,0.6,0.6,,0.2,0.0,0.3333333333333333,,0.25,0.0,3.0
タガノティアーズ,,,,,,,,,,,,,母父,16.0,0.125,0.3125,0.375,,0.125,0.125,,,0.0,0.5,4.8125
タガノディナー,,,,,,,,,,,,,母父,6.0,0.0,0.0,0.0,0.0,,,0.0,,0.0,0.0,6.0
タガノディーバ,,,,,,,,,,,,,母父,6.0,0.0,0.16666666666666666,0.16666666666666666,0.0,0.0,0.0,,0.0,0.0,0.0,7.666666666666667
タガノミューチャン,,,,,,,,,,,,,母父,6.0,0.16666666666666666,0.16666666666666666,0.16666666666666666,0.25,0.0,0.5,0.0,,0.3333333333333333,0.0,8.0
タガノレヴェントン,,,,,,,,,,,,,母父,17.0,0.11764705882352941,0.17647058823529413,0.29411764705882354,0.2222222222222222,0.0,,0.0,0.25,0.25,0.0,5.352941176470588
タキオンメーカー,,,,,,,,,,,,,母父,9.0,0.0,0.1111111111111111,0.2222222222222222,0.0,0.0,0.0,0.0,,0.0,,7.0
タクトフリー,,,,,,,,,,,,,母父,6.0,0.16666666666666666,0.3333333333333333,0.3333333333333333,,0.16666666666666666,0.16666666666666666,,,0.3333333333333333,0.0,5.5
タケショウレジーナ,,,,,,,,,,,,,母父,10.0,0.1,0.1,0.1,0.1,,0.125,0.0,,0.25,0.0,8.2
タケノローマン,,,,,,,,,,,,,母父,7.0,0.14285714285714285,0.2857142857142857,0.2857142857142857,0.2,0.0,,0.14285714285714285,,0.0,,5.714285714285714
タスクミストレス,,,,,,,,,,,,,母父,5.0,0.0,0.0,0.2,0.0,0.0,,,0.0,0.0,0.0,5.4
タチアナ,,,,,,,,,,,,,母父,5.0,0.2,0.2,0.4,0.0,0.5,0.3333333333333333,0.0,,0.2,,8.2
タックスシェルター,,,,,,,,,,,,,母父,8.0,0.125,0.125,0.125,0.125,,,0.125,,0.16666666666666666,0.0,6.75
タッソーニー,,,,,,,,,,,,,母父,5.0,0.0,0.0,0.0,0.0,,0.0,0.0,,0.0,0.0,11.6
タッチII,,,,,,,,,,,,,母父,9.0,0.0,0.1111111111111111,0.1111111111111111,0.0,0.0,,0.0,,0.0,,7.0
タッチアス,,,,,,,,,,,,,母父,14.0,0.21428571428571427,0.2857142857142857,0.35714285714285715,0.0,0.25,,0.2727272727272727,0.0,0.18181818181818182,0.3333333333333333,6.928571428571429
タツキセキ,,,,,,,,,,,,,母父,10.0,0.0,0.1,0.2,,0.0,0.0,0.0,,0.0,0.0,6.0
タツグレース,,,,,,,,,,,,,母父,10.0,0.1,0.1,0.2,0.1,,0.0,0.1111111111111111,,0.14285714285714285,0.0,6.4
タニノカリス,,,,,,,,,,,,,母父,14.0,0.07142857142857142,0.14285714285714285,0.21428571428571427,0.0,0.08333333333333333,0.0,0.125,0.0,0.14285714285714285,0.0,7.428571428571429
タニノジュレップ,,,,,,,,,,,,,母父,20.0,0.1,0.25,0.3,0.13333333333333333,0.0,0.125,0.0,0.25,0.125,0.0,7.2
タニノハイクレア,,,,,,,,,,,,,母父,10.0,0.0,0.0,0.0,0.0,0.0,,0.0,0.0,0.0,0.0,8.3
タピルージュ,,,,,,,,,,,,,母父,11.0,0.18181818181818182,0.18181818181818182,0.18181818181818182,0.0,0.2222222222222222,0.2222222222222222,0.0,,0.14285714285714285,0.0,8.818181818181818
タフネスデジタル,,,,,,,,,,,,,母父,5.0,0.0,0.8,0.8,,0.0,0.0,0.0,,0.0,,2.8
タプローム,,,,,,,,,,,,,母父,5.0,0.0,0.0,0.0,0.0,0.0,0.0,0.0,,0.0,0.0,12.8
タマヒカル,,,,,,,,,,,,,母父,21.0,0.09523809523809523,0.23809523809523808,0.3333333333333333,0.0,0.2222222222222222,0.2857142857142857,0.0,0.0,0.0,0.2,5.571428571428571
タママリア,,,,,,,,,,,,,母父,9.0,0.0,0.0,0.0,,0.0,0.0,0.0,,0.0,0.0,9.11111111111111
タマモボレロ,,,,,,,,,,,,,母父,6.0,0.16666666666666666,0.16666666666666666,0.16666666666666666,,0.16666666666666666,,0.0,1.0,0.3333333333333333,0.0,4.0
タマモマナムスメ,,,,,,,,,,,,,母父,9.0,0.1111111111111111,0.1111111111111111,0.2222222222222222,,0.1111111111111111,0.16666666666666666,0.0,,0.14285714285714285,,8.444444444444445
タマユラ,,,,,,,,,,,,,母父,21.0,0.23809523809523808,0.42857142857142855,0.5238095238095238,0.0,0.25,0.3333333333333333,0.1111111111111111,,0.1875,0.0,4.857142857142857
タミーン,,,,,,,,,,,,,母父,5.0,0.0,0.2,0.4,0.0,,,0.0,0.0,0.0,0.0,5.4
タムロウイング,,,,,,,,,,,,,母父,5.0,0.0,0.2,0.2,,0.0,0.0,,,0.0,,6.4
タムロブライト,,,,,,,,,,,,,母父,7.0,0.14285714285714285,0.14285714285714285,0.14285714285714285,0.16666666666666666,0.0,0.0,0.0,0.3333333333333333,0.14285714285714285,,11.142857142857142
タムロマンサーナ,,,,,,,,,,,,,母父,6.0,0.0,0.0,0.0,,0.0,,0.0,0.0,0.0,,7.5
タヤスブルーム,,,,,,,,,,,,,母父,8.0,0.0,0.0,0.25,0.0,0.0,0.0,0.0,,0.0,0.0,9.0
タワーライトブルー,,,,,,,,,,,,,母父,8.0,0.0,0.0,0.0,0.0,0.0,0.0,0.0,,0.0,,7.625
タンザナイト,,,,,,,,,,,,,母父,11.0,0.0,0.0,0.2727272727272727,0.0,,0.0,0.0,0.0,0.0,,8.363636363636363
タンタスエルテ,,,,,,,,,,,,,母父,5.0,0.0,0.0,0.0,0.0,,,,0.0,0.0,,7.2
ターキー,,,,,,,,,,,,,母父,9.0,0.0,0.0,0.0,0.0,,,0.0,0.0,0.0,,5.555555555555555
ターフデライト,,,,,,,,,,,,,母父,6.0,0.16666666666666666,0.16666666666666666,0.16666666666666666,0.16666666666666666,,0.0,0.2,,0.2,,6.0
ターフローズ,,,,,,,,,,,,,母父,9.0,0.0,0.0,0.0,0.0,,0.0,0.0,0.0,0.0,0.0,7.777777777777778
ターントゥタイド,,,,,,,,,,,,,母父,5.0,0.0,0.0,0.0,0.0,,0.0,0.0,0.0,0.0,,8.8
ダイアゴナルクロス,,,,,,,,,,,,,母父,7.0,0.14285714285714285,0.2857142857142857,0.2857142857142857,0.0,0.2,0.0,0.3333333333333333,0.0,0.0,0.5,6.857142857142857
ダイイチボタン,,,,,,,,,,,,,母父,7.0,0.0,0.0,0.0,0.0,,,,0.0,0.0,0.0,5.428571428571429
ダイシンキャンディ,,,,,,,,,,,,,母父,10.0,0.0,0.0,0.1,0.0,0.0,0.0,0.0,,0.0,0.0,7.2
ダイシンタイムズ,,,,,,,,,,,,,母父,5.0,0.2,0.4,0.6,0.0,0.25,0.25,0.0,,0.0,,4.4
ダイシンモード,,,,,,,,,,,,,母父,5.0,0.0,0.0,0.0,0.0,,0.0,,,0.0,,11.6
ダイストウショウ,,,,,,,,,,,,,母父,5.0,0.0,0.0,0.0,0.0,0.0,0.0,0.0,,0.0,,9.2
ダイメイザバリヤル,,,,,,,,,,,,,母父,11.0,0.0,0.09090909090909091,0.09090909090909091,0.0,0.0,0.0,0.0,,0.0,0.0,9.272727272727273
ダイメイダーク,,,,,,,,,,,,,母父,15.0,0.0,0.06666666666666667,0.06666666666666667,0.0,0.0,0.0,0.0,,0.0,0.0,10.6
ダイヤモンドギフト,,,,,,,,,,,,,母父,21.0,0.047619047619047616,0.23809523809523808,0.38095238095238093,0.047619047619047616,,,0.0,0.0625,0.0,,6.571428571428571
ダイヤモンドディーバ,,,,,,,,,,,,,母父,17.0,0.0,0.11764705882352941,0.29411764705882354,0.0,0.0,0.0,0.0,,0.0,0.0,7.764705882352941
ダイヤモンドムーン,,,,,,,,,,,,,母父,10.0,0.0,0.0,0.2,0.0,0.0,0.0,,,0.0,0.0,8.3
ダイヤモンドローズ,,,,,,,,,,,,,母父,15.0,0.06666666666666667,0.2,0.26666666666666666,0.07692307692307693,0.0,0.1111111111111111,0.0,,0.0,0.0,7.066666666666666
ダイワエタニティー,,,,,,,,,,,,,母父,8.0,0.0,0.0,0.125,0.0,0.0,0.0,0.0,0.0,0.0,,9.75
ダイワエルシエーロ,,,,,,,,,,,,,母父,7.0,0.14285714285714285,0.14285714285714285,0.2857142857142857,0.0,0.16666666666666666,0.14285714285714285,,,0.14285714285714285,,9.0
ダイワジェラート,,,,,,,,,,,,,母父,8.0,0.0,0.25,0.25,0.0,0.0,0.0,0.0,,0.0,0.0,6.875
ダイワジャンヌ,,,,,,,,,,,,,母父,20.0,0.05,0.2,0.2,0.3333333333333333,0.0,0.0,0.125,0.0,0.09090909090909091,0.0,5.55
ダイワスカーレット,,,,,,,,,,,,,母父,10.0,0.2,0.4,0.4,0.2,,0.0,0.4,,0.25,,4.9
ダイワズーム,,,,,,,,,,,,,母父,20.0,0.15,0.25,0.4,0.0,0.17647058823529413,,0.08333333333333333,0.25,0.125,0.2,4.5
ダイワバーガンディ,,,,,,,,,,,,,母父,24.0,0.08333333333333333,0.125,0.2916666666666667,0.3333333333333333,0.047619047619047616,0.0,0.1111111111111111,0.07142857142857142,0.08333333333333333,0.1,6.458333333333333
ダイワパッション,,,,,,,,,,,,,母父,5.0,0.0,0.4,0.4,0.0,,,0.0,0.0,0.0,,4.6
ダッシングハニー,,,,,,,,,,,,,母父,11.0,0.0,0.18181818181818182,0.5454545454545454,,0.0,0.0,0.0,,0.0,0.0,5.909090909090909
ダニエラズフラワー,,,,,,,,,,,,,母父,6.0,0.0,0.16666666666666666,0.16666666666666666,0.0,0.0,0.0,0.0,,0.0,,8.5
ダノンジャンヌ,,,,,,,,,,,,,母父,5.0,0.0,0.0,0.0,0.0,,,0.0,0.0,0.0,0.0,8.8
ダノンスズラン,,,,,,,,,,,,,母父,5.0,0.2,0.2,0.2,0.0,0.3333333333333333,,0.2,,0.0,0.5,6.6
ダノンフローラ,,,,,,,,,,,,,母父,5.0,0.2,0.2,0.2,0.0,0.3333333333333333,,0.3333333333333333,0.0,0.0,,8.6
ダノンボンジュール,,,,,,,,,,,,,母父,9.0,0.0,0.1111111111111111,0.2222222222222222,0.0,0.0,0.0,0.0,,0.0,0.0,6.444444444444445
ダブルアクセル,,,,,,,,,,,,,母父,7.0,0.0,0.14285714285714285,0.14285714285714285,0.0,0.0,0.0,,,0.0,,7.428571428571429
ダブルヨウコ,,,,,,,,,,,,,母父,7.0,0.0,0.0,0.0,,0.0,,0.0,0.0,0.0,0.0,12.714285714285714
ダマスクローズ,,,,,,,,,,,,,母父,5.0,0.0,0.0,0.2,0.0,0.0,0.0,0.0,,0.0,,6.4
ダルシャ,,,,,,,,,,,,,母父,10.0,0.1,0.1,0.1,,0.1,,,0.1,0.14285714285714285,0.0,7.2
ダンシングクイーン,,,,,,,,,,,,,母父,12.0,0.16666666666666666,0.3333333333333333,0.4166666666666667,0.1111111111111111,0.3333333333333333,0.0,0.2222222222222222,,0.2,0.0,7.583333333333333
ダンシングハピネス,,,,,,,,,,,,,母父,8.0,0.0,0.0,0.0,0.0,0.0,,0.0,0.0,0.0,0.0,8.125
ダンシングハート,,,,,,,,,,,,,母父,9.0,0.0,0.0,0.2222222222222222,0.0,0.0,0.0,0.0,0.0,0.0,0.0,6.222222222222222
ダンシングブルーム,,,,,,,,,,,,,母父,13.0,0.15384615384615385,0.23076923076923078,0.3076923076923077,0.1,0.3333333333333333,0.16666666666666666,0.0,,0.0,0.5,5.615384615384615
ダンシングミッシー,,,,,,,,,,,,,母父,10.0,0.0,0.0,0.1,,0.0,0.0,,,0.0,0.0,7.2
ダンシングロイヤル,,,,,,,,,,,,,母父,8.0,0.0,0.0,0.125,,0.0,0.0,0.0,,0.0,,9.625
ダンスインザムード,,,,,,,,,,,,,母父,5.0,0.0,0.0,0.0,0.0,0.0,,0.0,0.0,0.0,0.0,7.0
ダンスオブザマンボ,,,,,,,,,,,,,母父,5.0,0.0,0.2,0.4,,0.0,,0.0,,0.0,0.0,8.2
ダンスオンザルーフ,,,,,,,,,,,,,母父,21.0,0.19047619047619047,0.23809523809523808,0.3333333333333333,0.2,0.18181818181818182,,0.18181818181818182,0.2,0.2,0.0,6.0476190476190474
ダンスファンタジア,,,,,,,,,,,,,母父,11.0,0.18181818181818182,0.36363636363636365,0.36363636363636365,,0.18181818181818182,0.0,0.2222222222222222,0.0,0.0,0.3333333333333333,7.2727272727272725
ダンスミュージカル,,,,,,,,,,,,,母父,6.0,0.16666666666666666,0.3333333333333333,0.3333333333333333,0.2,0.0,0.0,0.2,,0.2,,4.666666666666667
ダンゼロゴールド,,,,,,,,,,,,,母父,11.0,0.0,0.0,0.18181818181818182,,0.0,0.0,0.0,,0.0,0.0,6.909090909090909
ダンツクインビー,,,,,,,,,,,,,母父,10.0,0.1,0.2,0.5,,0.1,,0.1111111111111111,0.0,0.25,0.0,5.4
ダークサファイア,,,,,,,,,,,,,母父,12.0,0.08333333333333333,0.16666666666666666,0.16666666666666666,0.09090909090909091,0.0,0.2,0.0,0.0,0.16666666666666666,0.0,7.083333333333333
ダークマレイン,,,,,,,,,,,,,母父,5.0,0.0,0.0,0.0,0.0,0.0,0.0,0.0,0.0,0.0,0.0,11.4
ダーティダンシング,,,,,,,,,,,,,母父,5.0,0.0,0.0,0.0,0.0,,0.0,0.0,,0.0,0.0,9.8
ダービーゾーン,,,,,,,,,,,,,母父,5.0,0.0,0.0,0.2,0.0,,,0.0,0.0,0.0,,5.6
チアズイーガー,,,,,,,,,,,,,母父,5.0,0.0,0.0,0.0,,0.0,0.0,,,0.0,,11.8
チアズスワロー,,,,,,,,,,,,,母父,7.0,0.14285714285714285,0.2857142857142857,0.5714285714285714,0.0,0.16666666666666666,,,0.14285714285714285,0.0,1.0,5.285714285714286
チアズヒカリ,,,,,,,,,,,,,母父,6.0,0.0,0.16666666666666666,0.16666666666666666,,0.0,0.0,,,0.0,,8.833333333333334
チアズメッセージ,,,,,,,,,,,,,母父,10.0,0.2,0.2,0.2,0.125,0.5,0.16666666666666666,0.3333333333333333,0.0,0.1111111111111111,,8.1
チアフル,,,,,,,,,,,,,母父,14.0,0.07142857142857142,0.14285714285714285,0.2857142857142857,0.0,0.08333333333333333,0.0,0.09090909090909091,0.0,0.1111111111111111,0.0,6.714285714285714
チアフルアイズ,,,,,,,,,,,,,母父,13.0,0.0,0.0,0.07692307692307693,0.0,0.0,0.0,0.0,,0.0,0.0,7.153846153846154
チアフルスマイル,,,,,,,,,,,,,母父,9.0,0.1111111111111111,0.1111111111111111,0.1111111111111111,0.1111111111111111,,0.0,0.2,,0.16666666666666666,0.0,7.0
チェストケリリー,,,,,,,,,,,,,母父,11.0,0.09090909090909091,0.09090909090909091,0.09090909090909091,0.0,0.125,0.1111111111111111,0.0,,0.14285714285714285,0.0,9.909090909090908
チェリーエンジェル,,,,,,,,,,,,,母父,5.0,0.0,0.4,0.4,0.0,0.0,0.0,0.0,,0.0,,5.8
チェリーコレクト,,,,,,,,,,,,,母父,11.0,0.45454545454545453,0.5454545454545454,0.6363636363636364,0.4,0.5,0.5,0.42857142857142855,,0.5,0.25,4.2727272727272725
チェリーシェル,,,,,,,,,,,,,母父,10.0,0.1,0.3,0.3,,0.1,0.14285714285714285,0.0,,0.16666666666666666,0.0,8.2
チェリーフォレスト,,,,,,,,,,,,,母父,9.0,0.0,0.0,0.2222222222222222,0.0,0.0,0.0,0.0,0.0,0.0,0.0,8.666666666666666
チェリーペトルズ,,,,,,,,,,,,,母父,5.0,0.4,0.6,0.6,0.4,,0.4,,,0.3333333333333333,0.0,5.4
チケットトゥダンス,,,,,,,,,,,,,母父,5.0,0.0,0.0,0.0,0.0,0.0,,0.0,0.0,0.0,,10.6
チャイナドール,,,,,,,,,,,,,母父,6.0,0.0,0.0,0.0,0.0,0.0,,0.0,0.0,0.0,0.0,7.5
チャオプラヤ,,,,,,,,,,,,,母父,15.0,0.06666666666666667,0.26666666666666666,0.26666666666666666,0.08333333333333333,0.0,0.0,0.07142857142857142,,0.0,0.0,5.666666666666667
チャプレット,,,,,,,,,,,,,母父,11.0,0.0,0.0,0.0,0.0,0.0,0.0,0.0,,0.0,0.0,11.636363636363637
チャリティークエスト,,,,,,,,,,,,,母父,17.0,0.17647058823529413,0.35294117647058826,0.47058823529411764,,0.17647058823529413,0.2857142857142857,0.1111111111111111,0.0,0.125,0.0,5.294117647058823
チャーム,,,,,,,,,,,,,母父,6.0,0.0,0.16666666666666666,0.16666666666666666,,0.0,0.0,0.0,,0.0,0.0,8.0
チャームアンサー,,,,,,,,,,,,,母父,6.0,0.16666666666666666,0.16666666666666666,0.16666666666666666,0.2,0.0,0.16666666666666666,,,0.0,,7.0
チャームエンジェル,,,,,,,,,,,,,母父,7.0,0.2857142857142857,0.5714285714285714,0.5714285714285714,,0.2857142857142857,,0.3333333333333333,0.0,0.0,1.0,4.0
チャームキャップ,,,,,,,,,,,,,母父,9.0,0.1111111111111111,0.1111111111111111,0.2222222222222222,,0.1111111111111111,0.1111111111111111,,,0.0,0.25,5.222222222222222
チャームドリーム,,,,,,,,,,,,,母父,10.0,0.0,0.0,0.1,,0.0,0.0,0.0,0.0,0.0,0.0,7.9
チャームナデシコ,,,,,,,,,,,,,母父,7.0,0.0,0.0,0.0,,0.0,0.0,0.0,,0.0,0.0,8.714285714285714
チャームピクチャー,,,,,,,,,,,,,母父,14.0,0.07142857142857142,0.21428571428571427,0.2857142857142857,,0.07142857142857142,0.0,0.16666666666666666,0.0,0.14285714285714285,0.0,6.571428571428571
チャームペンダント,,,,,,,,,,,,,母父,6.0,0.0,0.16666666666666666,0.3333333333333333,,0.0,0.0,,,0.0,0.0,8.0
チャーリーズ,,,,,,,,,,,,,母父,6.0,0.0,0.0,0.0,0.0,0.0,0.0,0.0,,0.0,0.0,8.5
チュウワプリンセス,,,,,,,,,,,,,母父,6.0,0.0,0.0,0.6666666666666666,0.0,0.0,,0.0,,0.0,,6.166666666666667
チューニー,,,,,,,,,,,,,母父,8.0,0.0,0.0,0.125,0.0,0.0,0.0,0.0,,0.0,0.0,8.0
チョウカイクリス,,,,,,,,,,,,,母父,9.0,0.0,0.1111111111111111,0.1111111111111111,0.0,0.0,0.0,0.0,,0.0,0.0,9.555555555555555
チョコレートリリー,,,,,,,,,,,,,母父,22.0,0.13636363636363635,0.22727272727272727,0.2727272727272727,0.1111111111111111,0.25,0.3333333333333333,0.06666666666666667,0.25,0.0,0.3333333333333333,6.363636363636363
チヨノドラゴン,,,,,,,,,,,,,母父,7.0,0.14285714285714285,0.42857142857142855,0.5714285714285714,,0.14285714285714285,,0.14285714285714285,,0.0,0.0,4.142857142857143
チラリ,,,,,,,,,,,,,母父,10.0,0.1,0.2,0.3,0.1111111111111111,0.0,0.0,0.125,,0.125,0.0,5.6
チリビリビン,,,,,,,,,,,,,母父,13.0,0.07692307692307693,0.15384615384615385,0.38461538461538464,,0.07692307692307693,0.125,0.0,,0.14285714285714285,0.0,7.538461538461538
チーズマヨ,,,,,,,,,,,,,母父,12.0,0.0,0.0,0.08333333333333333,0.0,0.0,0.0,0.0,0.0,0.0,0.0,8.916666666666666
チーティンハート,,,,,,,,,,,,,母父,10.0,0.0,0.1,0.1,0.0,0.0,0.0,0.0,0.0,0.0,0.0,10.8
ツィンクルヴェール,,,,,,,,,,,,,母父,10.0,0.1,0.3,0.3,,0.1,,0.1111111111111111,0.0,0.14285714285714285,0.0,6.3
ツインエンジェルズ,,,,,,,,,,,,,母父,9.0,0.0,0.0,0.0,0.0,0.0,,0.0,,0.0,,6.222222222222222
ツクバエルドラド,,,,,,,,,,,,,母父,6.0,0.0,0.0,0.0,0.0,0.0,,0.0,,0.0,0.0,8.5
ツクバオトメ,,,,,,,,,,,,,母父,19.0,0.0,0.0,0.05263157894736842,,0.0,0.0,0.0,0.0,0.0,0.0,9.0
ツクバビューティ,,,,,,,,,,,,,母父,7.0,0.0,0.42857142857142855,0.5714285714285714,0.0,,,0.0,0.0,0.0,,6.0
ツルマルオジョウ,,,,,,,,,,,,,母父,11.0,0.0,0.0,0.09090909090909091,0.0,0.0,,0.0,0.0,0.0,0.0,6.181818181818182
ツルマルサンチャン,,,,,,,,,,,,,母父,8.0,0.125,0.125,0.375,,0.125,0.125,,,0.0,0.5,7.0
ツルマルハロー,,,,,,,,,,,,,母父,6.0,0.0,0.0,0.0,0.0,0.0,,0.0,0.0,0.0,0.0,6.5
ツルマルローズ,,,,,,,,,,,,,母父,6.0,0.3333333333333333,0.3333333333333333,0.5,,0.3333333333333333,0.4,0.0,,0.5,0.0,4.833333333333333
ティアップダイヤ,,,,,,,,,,,,,母父,5.0,0.2,0.2,0.4,,0.2,0.2,,,0.5,0.0,5.0
ティアドロップス,,,,,,,,,,,,,母父,7.0,0.0,0.14285714285714285,0.14285714285714285,0.0,0.0,0.0,,,0.0,0.0,8.714285714285714
ティアラトウショウ,,,,,,,,,,,,,母父,5.0,0.0,0.0,0.0,0.0,0.0,0.0,0.0,,0.0,0.0,8.2
ティアーモ,,,,,,,,,,,,,母父,9.0,0.1111111111111111,0.3333333333333333,0.3333333333333333,0.0,0.25,0.25,0.0,0.0,0.0,0.0,5.111111111111111
ティエッチグリーン,,,,,,,,,,,,,母父,5.0,0.0,0.0,0.0,,0.0,,0.0,,0.0,0.0,9.6
ティエッチグレース,,,,,,,,,,,,,母父,9.0,0.0,0.0,0.2222222222222222,0.0,0.0,0.0,0.0,,0.0,0.0,7.555555555555555
ティッカーコード,,,,,,,,,,,,,母父,8.0,0.0,0.0,0.0,0.0,,0.0,0.0,,0.0,,9.0
ティッカーテープ,,,,,,,,,,,,,母父,5.0,0.2,0.4,0.4,0.2,,,0.2,,0.25,,6.8
ティックルピンク,,,,,,,,,,,,,母父,7.0,0.14285714285714285,0.2857142857142857,0.2857142857142857,,0.14285714285714285,,0.0,0.3333333333333333,0.0,0.5,5.857142857142857
ティップトップ,,,,,,,,,,,,,母父,8.0,0.0,0.375,0.75,,0.0,0.0,0.0,,0.0,0.0,2.875
ティノ,,,,,,,,,,,,,母父,5.0,0.0,0.0,0.0,0.0,0.0,0.0,,,0.0,,7.8
ティフィン,,,,,,,,,,,,,母父,7.0,0.0,0.14285714285714285,0.14285714285714285,0.0,0.0,0.0,0.0,0.0,0.0,,6.428571428571429
ティボリサンライズ,,,,,,,,,,,,,母父,8.0,0.0,0.25,0.375,,0.0,0.0,,,0.0,0.0,5.75
ティボリペガサス,,,,,,,,,,,,,母父,6.0,0.0,0.0,0.0,0.0,0.0,,0.0,,0.0,,6.5
ティンクルチャーミ,,,,,,,,,,,,,母父,8.0,0.125,0.125,0.25,0.0,0.14285714285714285,0.125,,,0.25,0.0,6.625
ティンタジェル,,,,,,,,,,,,,母父,7.0,0.0,0.5714285714285714,0.5714285714285714,0.0,,,0.0,,0.0,,3.0
テイエムサンビカ,,,,,,,,,,,,,母父,5.0,0.0,0.0,0.0,,0.0,0.0,0.0,,0.0,0.0,12.2
テイエムハナフブキ,,,,,,,,,,,,,母父,5.0,0.0,0.0,0.2,,0.0,0.0,,,0.0,,7.0
テキサスルビー,,,,,,,,,,,,,母父,8.0,0.0,0.25,0.25,0.0,0.0,0.0,0.0,,0.0,,6.0
テキスタイル,,,,,,,,,,,,,母父,10.0,0.1,0.2,0.2,0.1111111111111111,0.0,,0.0,0.2,0.0,0.0,7.1
テクニカルラン,,,,,,,,,,,,,母父,8.0,0.0,0.0,0.25,0.0,0.0,0.0,0.0,,0.0,0.0,5.375
テスティコ,,,,,,,,,,,,,母父,18.0,0.0,0.1111111111111111,0.2222222222222222,0.0,0.0,0.0,0.0,0.0,0.0,0.0,7.611111111111111
テツナゴオ,,,,,,,,,,,,,母父,6.0,0.16666666666666666,0.16666666666666666,0.16666666666666666,,0.16666666666666666,0.0,0.25,,0.5,0.0,9.5
テツムーン,,,,,,,,,,,,,母父,13.0,0.07692307692307693,0.07692307692307693,0.15384615384615385,0.08333333333333333,0.0,,0.1,0.0,0.0,0.0,9.0
テディーズプロミス,,,,,,,,,,,,,母父,5.0,0.2,0.2,0.2,0.2,,,0.2,,0.3333333333333333,,4.2
テネシーワルツ,,,,,,,,,,,,,母父,5.0,0.2,0.2,0.2,0.3333333333333333,0.0,0.0,0.3333333333333333,0.0,0.2,,9.0
テメリアイランド,,,,,,,,,,,,,母父,5.0,0.0,0.2,0.2,0.0,,,0.0,,0.0,,6.8
テルアケリー,,,,,,,,,,,,,母父,8.0,0.125,0.25,0.5,0.2,0.0,0.0,0.25,0.0,0.2,0.0,5.375
テルヌーヴ,,,,,,,,,,,,,母父,9.0,0.0,0.0,0.0,0.0,0.0,0.0,0.0,,0.0,0.0,8.88888888888889
テンイムホウ,,,,,,,,,,,,,母父,9.0,0.0,0.1111111111111111,0.1111111111111111,0.0,0.0,,0.0,0.0,0.0,,9.0
テンザンオトヒメ,,,,,,,,,,,,,母父,6.0,0.16666666666666666,0.16666666666666666,0.16666666666666666,,0.16666666666666666,0.0,0.0,0.3333333333333333,0.25,0.0,10.666666666666666
テンザンコノハナ,,,,,,,,,,,,,母父,16.0,0.0625,0.125,0.1875,0.2,0.0,0.0,0.14285714285714285,0.0,0.09090909090909091,0.0,6.875
テンダリーヴォイス,,,,,,,,,,,,,母父,8.0,0.0,0.125,0.25,0.0,,,0.0,0.0,0.0,,7.5
テーオーヴィーナス,,,,,,,,,,,,,母父,7.0,0.14285714285714285,0.14285714285714285,0.14285714285714285,0.16666666666666666,0.0,0.0,0.16666666666666666,,0.16666666666666666,0.0,7.142857142857143
テールバインダー,,,,,,,,,,,,,母父,9.0,0.0,0.0,0.0,0.0,0.0,0.0,,,0.0,0.0,9.222222222222221
デアリングバード,,,,,,,,,,,,,母父,8.0,0.25,0.25,0.375,0.25,,,0.2857142857142857,0.0,0.14285714285714285,1.0,5.0
デアリングワールド,,,,,,,,,,,,,母父,7.0,0.14285714285714285,0.2857142857142857,0.5714285714285714,,0.14285714285714285,0.0,0.3333333333333333,,0.0,0.5,4.571428571428571
ディアエスペランサ,,,,,,,,,,,,,母父,7.0,0.0,0.0,0.0,0.0,0.0,0.0,0.0,,0.0,0.0,8.714285714285714
ディアジーナ,,,,,,,,,,,,,母父,5.0,0.0,0.8,0.8,0.0,,,0.0,,0.0,0.0,2.4
ディアジーローズ,,,,,,,,,,,,,母父,17.0,0.058823529411764705,0.11764705882352941,0.11764705882352941,,0.058823529411764705,0.0,0.07692307692307693,,0.0,0.125,8.705882352941176
ディアテイスティー,,,,,,,,,,,,,母父,9.0,0.1111111111111111,0.1111111111111111,0.2222222222222222,0.3333333333333333,0.0,,0.1111111111111111,,0.16666666666666666,0.0,6.0
ディアデラノビア,,,,,,,,,,,,,母父,18.0,0.1111111111111111,0.4444444444444444,0.5,0.11764705882352941,0.0,0.0,0.18181818181818182,0.0,0.125,0.0,6.166666666666667
ディアデラマドレ,,,,,,,,,,,,,母父,8.0,0.125,0.375,0.375,0.125,,,0.16666666666666666,0.0,0.14285714285714285,,5.0
ディアマイベイビー,,,,,,,,,,,,,母父,7.0,0.0,0.2857142857142857,0.42857142857142855,0.0,0.0,0.0,0.0,0.0,0.0,0.0,5.142857142857143
ディアルーモ,,,,,,,,,,,,,母父,15.0,0.0,0.0,0.0,0.0,0.0,0.0,0.0,0.0,0.0,0.0,8.333333333333334
ディオニージア,,,,,,,,,,,,,母父,8.0,0.125,0.375,0.5,0.14285714285714285,0.0,,0.0,0.2,0.0,0.0,5.625
ディテール,,,,,,,,,,,,,母父,7.0,0.14285714285714285,0.2857142857142857,0.42857142857142855,0.3333333333333333,0.0,,0.0,0.25,0.0,0.0,5.857142857142857
ディパッション,,,,,,,,,,,,,母父,17.0,0.058823529411764705,0.058823529411764705,0.058823529411764705,,0.058823529411764705,0.058823529411764705,,,0.0,0.2,9.235294117647058
ディフィカルト,,,,,,,,,,,,,母父,10.0,0.0,0.1,0.3,,0.0,0.0,,,0.0,0.0,4.8
ディマクコンダ,,,,,,,,,,,,,母父,6.0,0.16666666666666666,0.16666666666666666,0.16666666666666666,0.2,0.0,0.2,0.0,,0.25,0.0,10.666666666666666
ディラローシェ,,,,,,,,,,,,,母父,5.0,0.0,0.0,0.4,0.0,,,0.0,0.0,0.0,,4.4
ディヴィナプレシオーサ,,,,,,,,,,,,,母父,6.0,0.16666666666666666,0.3333333333333333,0.5,0.3333333333333333,0.0,,0.3333333333333333,0.0,0.0,,5.333333333333333
ディヴォーション,,,,,,,,,,,,,母父,9.0,0.2222222222222222,0.3333333333333333,0.3333333333333333,,0.2222222222222222,0.2222222222222222,,,0.14285714285714285,0.5,7.555555555555555
ディーバ,,,,,,,,,,,,,母父,8.0,0.0,0.0,0.125,0.0,0.0,0.0,0.0,0.0,0.0,0.0,8.875
ディープインアスク,,,,,,,,,,,,,母父,14.0,0.0,0.0,0.0,0.0,,0.0,,,0.0,,11.285714285714286
ディープストーリー,,,,,,,,,,,,,母父,6.0,0.0,0.0,0.3333333333333333,0.0,0.0,,0.0,0.0,0.0,0.0,6.666666666666667
ディープラヴ,,,,,,,,,,,,,母父,9.0,0.3333333333333333,0.4444444444444444,0.5555555555555556,0.375,0.0,,0.0,0.42857142857142855,0.3333333333333333,,4.0
デイトユアドリーム,,,,,,,,,,,,,母父,5.0,0.2,0.4,0.4,,0.2,0.0,0.25,,0.3333333333333333,0.0,7.0
デイドリーマー,,,,,,,,,,,,,母父,14.0,0.0,0.07142857142857142,0.21428571428571427,0.0,0.0,0.0,,,0.0,0.0,7.285714285714286
デグラーティア,,,,,,,,,,,,,母父,5.0,0.2,0.4,0.4,0.0,0.3333333333333333,0.3333333333333333,0.0,,0.2,,7.2
デザートチル,,,,,,,,,,,,,母父,13.0,0.0,0.0,0.15384615384615385,0.0,0.0,,0.0,0.0,0.0,0.0,6.6923076923076925
デスティニーラブ,,,,,,,,,,,,,母父,11.0,0.0,0.0,0.2727272727272727,0.0,0.0,0.0,,,0.0,0.0,7.7272727272727275
デトロイトカフェ,,,,,,,,,,,,,母父,10.0,0.1,0.3,0.3,0.1,,0.0,0.1111111111111111,,0.1111111111111111,,4.8
デフィニット,,,,,,,,,,,,,母父,6.0,0.16666666666666666,0.16666666666666666,0.16666666666666666,0.0,0.5,0.25,0.0,,0.0,0.3333333333333333,11.666666666666666
デュアルストーリー,,,,,,,,,,,,,母父,6.0,0.3333333333333333,0.3333333333333333,0.3333333333333333,0.0,0.4,0.5,0.3333333333333333,0.0,0.3333333333333333,0.3333333333333333,6.5
デュエット,,,,,,,,,,,,,母父,8.0,0.0,0.0,0.0,0.0,0.0,0.0,0.0,0.0,0.0,0.0,11.125
デュリュクス,,,,,,,,,,,,,母父,17.0,0.11764705882352941,0.17647058823529413,0.23529411764705882,0.16666666666666666,0.09090909090909091,0.1,0.14285714285714285,,0.16666666666666666,0.0,6.352941176470588
デュークタイフーン,,,,,,,,,,,,,母父,13.0,0.07692307692307693,0.46153846153846156,0.46153846153846156,,0.07692307692307693,,0.08333333333333333,0.0,0.0,,4.538461538461538
デライトポイント,,,,,,,,,,,,,母父,9.0,0.0,0.1111111111111111,0.1111111111111111,0.0,0.0,,0.0,0.0,0.0,0.0,8.555555555555555
デラモーレ,,,,,,,,,,,,,母父,13.0,0.15384615384615385,0.15384615384615385,0.3076923076923077,0.3333333333333333,0.1,0.0,0.3333333333333333,0.16666666666666666,0.25,0.0,7.538461538461538
デリケートアーチ,,,,,,,,,,,,,母父,5.0,0.0,0.0,0.0,0.0,0.0,0.0,0.0,,0.0,,10.2
デルマアマノジャク,,,,,,,,,,,,,母父,18.0,0.0,0.05555555555555555,0.05555555555555555,0.0,0.0,0.0,0.0,,0.0,0.0,8.833333333333334
デルマオコマ,,,,,,,,,,,,,母父,7.0,0.0,0.0,0.0,,0.0,0.0,,,0.0,0.0,6.857142857142857
デルマシズカチャン,,,,,,,,,,,,,母父,5.0,0.0,0.0,0.2,,0.0,,0.0,,0.0,0.0,6.6
デルマトモエゴゼン,,,,,,,,,,,,,母父,15.0,0.13333333333333333,0.26666666666666666,0.3333333333333333,,0.13333333333333333,,0.14285714285714285,0.0,0.25,0.0,7.533333333333333
デルマプロティナ,,,,,,,,,,,,,母父,12.0,0.08333333333333333,0.16666666666666666,0.4166666666666667,,0.08333333333333333,0.08333333333333333,,,0.125,,6.333333333333333
デルマユリア,,,,,,,,,,,,,母父,8.0,0.0,0.0,0.0,,0.0,0.0,0.0,,0.0,,12.625
デルモニコキャット,,,,,,,,,,,,,母父,5.0,0.2,0.2,0.2,,0.2,,0.2,,0.3333333333333333,0.0,4.6
デンコウデア,,,,,,,,,,,,,母父,10.0,0.1,0.1,0.2,0.0,0.125,0.125,0.0,,0.1111111111111111,0.0,8.5
デヴェロッペ,,,,,,,,,,,,,母父,13.0,0.07692307692307693,0.46153846153846156,0.46153846153846156,0.07692307692307693,,0.0,0.0,0.16666666666666666,0.0,0.0,4.923076923076923
トゥザハピネス,,,,,,,,,,,,,母父,10.0,0.1,0.1,0.2,,0.1,,0.3333333333333333,0.0,0.2,0.0,6.4
トゥルヴァーユ,,,,,,,,,,,,,母父,7.0,0.0,0.2857142857142857,0.2857142857142857,0.0,0.0,0.0,0.0,,0.0,0.0,6.714285714285714
トゥーピー,,,,,,,,,,,,,母父,12.0,0.08333333333333333,0.25,0.25,0.0,0.3333333333333333,0.3333333333333333,0.0,0.0,0.1,0.0,8.166666666666666
トウカイアンジュ,,,,,,,,,,,,,母父,11.0,0.0,0.0,0.09090909090909091,0.0,0.0,0.0,0.0,0.0,0.0,,8.818181818181818
トウカイデンヒル,,,,,,,,,,,,,母父,10.0,0.1,0.3,0.4,0.0,0.1111111111111111,0.1111111111111111,,0.0,0.0,0.0,5.6
トウカイベルタ,,,,,,,,,,,,,母父,17.0,0.058823529411764705,0.11764705882352941,0.11764705882352941,0.14285714285714285,0.0,0.0,0.0,0.14285714285714285,0.0,0.0,6.823529411764706
トウカイポプリ,,,,,,,,,,,,,母父,9.0,0.1111111111111111,0.1111111111111111,0.1111111111111111,0.0,0.16666666666666666,0.14285714285714285,0.0,,0.2,0.0,9.444444444444445
トウカイミステリー,,,,,,,,,,,,,母父,7.0,0.42857142857142855,0.42857142857142855,0.5714285714285714,,0.42857142857142855,0.42857142857142855,,,0.4,0.0,5.571428571428571
トウカイメガミ,,,,,,,,,,,,,母父,9.0,0.0,0.0,0.0,0.0,0.0,0.0,0.0,0.0,0.0,,8.333333333333334
トウカイライフ,,,,,,,,,,,,,母父,7.0,0.0,0.0,0.0,0.0,0.0,0.0,0.0,,0.0,0.0,10.142857142857142
トウケイスペシャル,,,,,,,,,,,,,母父,13.0,0.07692307692307693,0.07692307692307693,0.07692307692307693,,0.07692307692307693,0.125,0.0,,0.0,0.0,8.923076923076923
トウケイルーブル,,,,,,,,,,,,,母父,6.0,0.16666666666666666,0.16666666666666666,0.3333333333333333,0.16666666666666666,,,0.16666666666666666,,0.0,,4.666666666666667
トウシンハンター,,,,,,,,,,,,,母父,6.0,0.3333333333333333,0.5,0.6666666666666666,0.3333333333333333,,,0.3333333333333333,,0.2,,4.333333333333333
トウホクビジン,,,,,,,,,,,,,母父,13.0,0.0,0.07692307692307693,0.07692307692307693,0.0,0.0,,0.0,0.0,0.0,0.0,8.615384615384615
トウヨウテースト,,,,,,,,,,,,,母父,9.0,0.0,0.0,0.1111111111111111,,0.0,0.0,,,0.0,0.0,7.333333333333333
トキノナスティア,,,,,,,,,,,,,母父,12.0,0.16666666666666666,0.16666666666666666,0.16666666666666666,0.4,0.0,,0.0,0.25,0.0,0.25,5.833333333333333
トキノミスフレンチ,,,,,,,,,,,,,母父,5.0,0.0,0.0,0.0,,0.0,0.0,0.0,,0.0,0.0,11.0
トシキャンディ,,,,,,,,,,,,,母父,17.0,0.058823529411764705,0.058823529411764705,0.11764705882352941,0.0,0.08333333333333333,0.1,0.0,,0.08333333333333333,0.0,7.705882352941177
トップアクトレス,,,,,,,,,,,,,母父,9.0,0.0,0.1111111111111111,0.1111111111111111,,0.0,0.0,0.0,0.0,0.0,0.0,10.333333333333334
トップオブザヘヴン,,,,,,,,,,,,,母父,18.0,0.1111111111111111,0.2222222222222222,0.2222222222222222,0.125,0.0,0.0,0.125,,0.14285714285714285,0.0,7.111111111111111
トップオブドーラ,,,,,,,,,,,,,母父,13.0,0.07692307692307693,0.15384615384615385,0.23076923076923078,0.08333333333333333,0.0,0.0,0.125,,0.1,0.0,7.615384615384615
トップコマチ,,,,,,,,,,,,,母父,10.0,0.1,0.2,0.4,1.0,0.0,0.0,,1.0,0.16666666666666666,0.0,6.2
トップサンキスト,,,,,,,,,,,,,母父,6.0,0.0,0.0,0.0,0.0,,,0.0,0.0,0.0,,7.5
トップセラー,,,,,,,,,,,,,母父,13.0,0.15384615384615385,0.23076923076923078,0.5384615384615384,0.15384615384615385,,,0.125,0.2,0.2,,4.384615384615385
トップデサイル,,,,,,,,,,,,,母父,9.0,0.0,0.1111111111111111,0.1111111111111111,0.0,0.0,,0.0,0.0,0.0,0.0,8.777777777777779
トップモーション,,,,,,,,,,,,,母父,6.0,0.3333333333333333,0.5,0.8333333333333334,0.3333333333333333,,,0.0,0.4,0.2,,2.5
トップライナーII,,,,,,,,,,,,,母父,6.0,0.0,0.0,0.0,0.0,0.0,0.0,0.0,,0.0,0.0,10.833333333333334
トップレディスター,,,,,,,,,,,,,母父,7.0,0.14285714285714285,0.14285714285714285,0.2857142857142857,,0.14285714285714285,0.25,0.0,,0.3333333333333333,0.0,8.0
トラウム,,,,,,,,,,,,,母父,10.0,0.0,0.1,0.1,0.0,0.0,,0.0,0.0,0.0,0.0,7.6
トラディション,,,,,,,,,,,,,母父,9.0,0.1111111111111111,0.3333333333333333,0.4444444444444444,,0.1111111111111111,0.0,0.16666666666666666,,0.14285714285714285,,5.222222222222222
トリアンドルス,,,,,,,,,,,,,母父,5.0,0.2,0.4,0.4,,0.2,,0.25,0.0,0.25,,7.4
トリプルアクト,,,,,,,,,,,,,母父,7.0,0.0,0.0,0.0,0.0,0.0,0.0,0.0,,0.0,0.0,11.0
トリプルハート,,,,,,,,,,,,,母父,5.0,0.0,0.4,0.4,,0.0,0.0,,,0.0,0.0,6.0
トリプルピルエット,,,,,,,,,,,,,母父,6.0,0.0,0.0,0.0,0.0,,0.0,0.0,,0.0,0.0,10.0
トリプレックス,,,,,,,,,,,,,母父,18.0,0.05555555555555555,0.1111111111111111,0.1111111111111111,0.06666666666666667,0.0,0.0,0.09090909090909091,,0.0,0.25,7.944444444444445
トレサンセール,,,,,,,,,,,,,母父,9.0,0.0,0.0,0.1111111111111111,0.0,0.0,0.0,0.0,0.0,0.0,0.0,8.333333333333334
トレノエンジェル,,,,,,,,,,,,,母父,7.0,0.0,0.0,0.0,0.0,,,0.0,,0.0,,8.428571428571429
トレノトマト,,,,,,,,,,,,,母父,14.0,0.14285714285714285,0.35714285714285715,0.5,,0.14285714285714285,0.0,0.125,0.3333333333333333,0.0,0.0,6.0
トレノローザ,,,,,,,,,,,,,母父,6.0,0.16666666666666666,0.3333333333333333,0.5,,0.16666666666666666,,0.3333333333333333,0.0,0.0,,5.333333333333333
トレラピッド,,,,,,,,,,,,,母父,12.0,0.0,0.08333333333333333,0.16666666666666666,0.0,,,0.0,0.0,0.0,0.0,7.0
トロピカルタイム,,,,,,,,,,,,,母父,8.0,0.125,0.125,0.25,,0.125,1.0,0.0,,0.0,0.0,5.0
トロピカルラヴ,,,,,,,,,,,,,母父,10.0,0.1,0.1,0.3,,0.1,,0.125,0.0,0.16666666666666666,0.0,7.3
トロワボヌール,,,,,,,,,,,,,母父,5.0,0.0,0.0,0.4,0.0,0.0,,0.0,0.0,0.0,,7.2
トワイスアップ,,,,,,,,,,,,,母父,7.0,0.0,0.0,0.0,0.0,,0.0,0.0,,0.0,0.0,11.285714285714286
トワインブルーム,,,,,,,,,,,,,母父,6.0,0.0,0.0,0.16666666666666666,,0.0,0.0,,,0.0,0.0,6.166666666666667
トーアティアレ,,,,,,,,,,,,,母父,9.0,0.0,0.0,0.1111111111111111,,0.0,0.0,0.0,,0.0,0.0,7.888888888888889
トーアビバリーヒル,,,,,,,,,,,,,母父,8.0,0.0,0.125,0.125,0.0,,,,0.0,0.0,0.0,6.0
トークショウ,,,,,,,,,,,,,母父,5.0,0.0,0.0,0.4,0.0,,,0.0,,0.0,,5.4
トーセンアルニカ,,,,,,,,,,,,,母父,8.0,0.125,0.375,0.75,,0.125,0.125,,,0.16666666666666666,0.0,4.5
トーセンイレイシャ,,,,,,,,,,,,,母父,12.0,0.08333333333333333,0.08333333333333333,0.16666666666666666,0.0,0.1,0.16666666666666666,0.0,0.0,0.0,0.5,7.916666666666667
トーセンウィンドウ,,,,,,,,,,,,,母父,7.0,0.0,0.0,0.14285714285714285,,0.0,0.0,0.0,0.0,0.0,0.0,8.285714285714286
トーセンウーノ,,,,,,,,,,,,,母父,9.0,0.0,0.1111111111111111,0.1111111111111111,0.0,0.0,0.0,0.0,,0.0,0.0,7.444444444444445
トーセンオマージュ,,,,,,,,,,,,,母父,6.0,0.16666666666666666,0.16666666666666666,0.3333333333333333,0.0,0.2,,0.16666666666666666,,0.25,0.0,6.0
トーセンガラシャ,,,,,,,,,,,,,母父,6.0,0.16666666666666666,0.3333333333333333,0.5,0.16666666666666666,,,0.2,0.0,0.0,,3.8333333333333335
トーセンビート,,,,,,,,,,,,,母父,5.0,0.2,0.4,0.4,,0.2,0.0,0.25,,0.5,0.0,6.0
トーセンフリージア,,,,,,,,,,,,,母父,10.0,0.0,0.1,0.1,0.0,0.0,,0.0,0.0,0.0,0.0,8.4
トーセンブリリアン,,,,,,,,,,,,,母父,7.0,0.14285714285714285,0.14285714285714285,0.14285714285714285,0.0,0.2,0.0,0.25,0.0,0.0,0.5,7.0
トーセンベルファム,,,,,,,,,,,,,母父,5.0,0.0,0.0,0.0,0.0,0.0,0.0,0.0,,0.0,,8.2
トーセンミネルバ,,,,,,,,,,,,,母父,5.0,0.2,0.2,0.4,0.0,0.5,,0.2,,0.25,0.0,6.4
トーセンラフィット,,,,,,,,,,,,,母父,6.0,0.16666666666666666,0.16666666666666666,0.3333333333333333,,0.16666666666666666,0.25,0.0,,0.0,,6.5
トーセンリリー,,,,,,,,,,,,,母父,6.0,0.0,0.0,0.0,0.0,0.0,0.0,0.0,,0.0,,11.5
トーセンレディ,,,,,,,,,,,,,母父,13.0,0.0,0.07692307692307693,0.07692307692307693,0.0,0.0,,0.0,0.0,0.0,0.0,8.23076923076923
トーセンロビン,,,,,,,,,,,,,母父,9.0,0.0,0.3333333333333333,0.4444444444444444,0.0,0.0,,0.0,0.0,0.0,0.0,4.888888888888889
トーホウアマポーラ,,,,,,,,,,,,,母父,8.0,0.0,0.25,0.25,0.0,0.0,0.0,0.0,,0.0,,5.75
トーホウシャイン,,,,,,,,,,,,,母父,5.0,0.0,0.0,0.0,,0.0,,0.0,0.0,0.0,,11.2
トーホウドルチェ,,,,,,,,,,,,,母父,8.0,0.0,0.125,0.25,0.0,0.0,,0.0,,0.0,0.0,8.625
トーホウプリンセス,,,,,,,,,,,,,母父,8.0,0.25,0.25,0.375,0.2857142857142857,0.0,0.0,0.2857142857142857,,0.4,0.0,7.375
トーホウロサード,,,,,,,,,,,,,母父,5.0,0.2,0.2,0.2,0.0,0.25,0.2,,,0.0,,10.6
トーホークイーン,,,,,,,,,,,,,母父,5.0,0.0,0.0,0.0,0.0,0.0,,0.0,,0.0,0.0,10.6
トーヨーサンバ,,,,,,,,,,,,,母父,10.0,0.2,0.4,0.4,,0.2,,0.2222222222222222,0.0,0.0,0.0,4.6
トーワフォーチュン,,,,,,,,,,,,,母父,12.0,0.0,0.0,0.08333333333333333,,0.0,0.0,,,0.0,0.0,8.916666666666666
ドクターベローナ,,,,,,,,,,,,,母父,6.0,0.0,0.0,0.0,0.0,0.0,0.0,,,0.0,,9.833333333333334
ドナウブルー,,,,,,,,,,,,,母父,8.0,0.125,0.125,0.25,0.125,,0.25,0.0,,0.0,0.0,7.375
ドナフュージョン,,,,,,,,,,,,,母父,8.0,0.125,0.125,0.125,0.14285714285714285,0.0,,0.0,0.3333333333333333,0.2,0.0,9.375
ドナブリーニ,,,,,,,,,,,,,母父,8.0,0.25,0.5,0.5,0.25,,0.0,0.2857142857142857,,0.2,0.5,3.875
ドナメジャー,,,,,,,,,,,,,母父,7.0,0.14285714285714285,0.14285714285714285,0.14285714285714285,,0.14285714285714285,0.0,1.0,,0.0,0.0,8.0
ドナリサ,,,,,,,,,,,,,母父,7.0,0.14285714285714285,0.2857142857142857,0.42857142857142855,,0.14285714285714285,0.0,0.5,,0.2,0.0,5.428571428571429
ドバイマジェスティ,,,,,,,,,,,,,母父,7.0,0.42857142857142855,0.42857142857142855,0.5714285714285714,0.42857142857142855,,0.0,0.5,,0.5,,3.857142857142857
ドバウィハイツ,,,,,,,,,,,,,母父,9.0,0.0,0.0,0.0,0.0,,0.0,0.0,,0.0,0.0,7.888888888888889
ドライアッド,,,,,,,,,,,,,母父,8.0,0.0,0.0,0.125,0.0,0.0,0.0,0.0,0.0,0.0,,6.875
ドリーボヌール,,,,,,,,,,,,,母父,6.0,0.16666666666666666,0.16666666666666666,0.16666666666666666,,0.16666666666666666,,0.5,0.0,0.25,0.0,6.166666666666667
ドリームカムカム,,,,,,,,,,,,,母父,6.0,0.16666666666666666,0.16666666666666666,0.3333333333333333,0.25,0.0,0.3333333333333333,0.0,0.0,0.25,0.0,8.5
ドリームダンシーズ,,,,,,,,,,,,,母父,5.0,0.0,0.0,0.0,,0.0,,0.0,0.0,0.0,0.0,8.6
ドリームピーチ,,,,,,,,,,,,,母父,7.0,0.0,0.14285714285714285,0.14285714285714285,0.0,0.0,0.0,0.0,0.0,0.0,0.0,7.857142857142857
ドリームモーメント,,,,,,,,,,,,,母父,5.0,0.0,0.0,0.0,0.0,0.0,0.0,0.0,,0.0,,11.6
ドリームライター,,,,,,,,,,,,,母父,17.0,0.11764705882352941,0.17647058823529413,0.17647058823529413,0.16666666666666666,0.09090909090909091,0.0,0.14285714285714285,,0.1,0.2,7.529411764705882
ドリームレディ,,,,,,,,,,,,,母父,6.0,0.0,0.0,0.0,0.0,,0.0,0.0,,0.0,0.0,7.5
ドルチェメンテ,,,,,,,,,,,,,母父,5.0,0.0,0.0,0.0,0.0,0.0,0.0,,,0.0,,10.4
ドルチェリモーネ,,,,,,,,,,,,,母父,10.0,0.1,0.1,0.1,0.0,0.16666666666666666,,0.125,0.0,0.1111111111111111,,9.4
ドルドラムズ,,,,,,,,,,,,,母父,7.0,0.2857142857142857,0.5714285714285714,0.5714285714285714,,0.2857142857142857,0.25,0.3333333333333333,,0.4,0.0,4.857142857142857
ドルフィンルージュ,,,,,,,,,,,,,母父,7.0,0.0,0.14285714285714285,0.2857142857142857,,0.0,0.0,0.0,,0.0,0.0,10.142857142857142
ドレスアップ,,,,,,,,,,,,,母父,13.0,0.0,0.23076923076923078,0.38461538461538464,,0.0,0.0,0.0,,0.0,0.0,4.461538461538462
ナイキトライアンフ,,,,,,,,,,,,,母父,15.0,0.0,0.06666666666666667,0.2,0.0,0.0,0.0,0.0,,0.0,0.0,7.266666666666667
ナイキトリック,,,,,,,,,,,,,母父,8.0,0.125,0.125,0.125,,0.125,0.2,0.0,0.0,0.2,0.0,6.25
ナイキフェイバー,,,,,,,,,,,,,母父,8.0,0.0,0.125,0.125,0.0,,0.0,0.0,0.0,0.0,0.0,6.125
ナイスゴールド,,,,,,,,,,,,,母父,7.0,0.14285714285714285,0.14285714285714285,0.14285714285714285,0.0,0.16666666666666666,0.0,0.16666666666666666,,0.0,0.0,9.142857142857142
ナイスミイチャン,,,,,,,,,,,,,母父,7.0,0.0,0.0,0.0,,0.0,,0.0,0.0,0.0,,7.142857142857143
ナイトマジック,,,,,,,,,,,,,母父,11.0,0.36363636363636365,0.45454545454545453,0.45454545454545453,0.36363636363636365,,,0.5,0.3333333333333333,0.4,,5.363636363636363
ナオミノユメ,,,,,,,,,,,,,母父,7.0,0.0,0.0,0.2857142857142857,0.0,0.0,0.0,,0.0,0.0,0.0,6.142857142857143
ナカヤマジェンヌ,,,,,,,,,,,,,母父,7.0,0.14285714285714285,0.14285714285714285,0.14285714285714285,,0.14285714285714285,0.14285714285714285,,,0.0,,7.0
ナショナルホリデー,,,,,,,,,,,,,母父,10.0,0.0,0.3,0.6,0.0,0.0,,0.0,,0.0,,5.1
ナスカ,,,,,,,,,,,,,母父,5.0,0.0,0.0,0.2,0.0,0.0,,0.0,0.0,0.0,0.0,9.2
ナスケンアイリス,,,,,,,,,,,,,母父,11.0,0.09090909090909091,0.09090909090909091,0.18181818181818182,0.0,0.1111111111111111,0.0,0.1,,0.125,0.0,7.090909090909091
ナスノシベリウス,,,,,,,,,,,,,母父,13.0,0.15384615384615385,0.23076923076923078,0.38461538461538464,0.0,0.3333333333333333,,0.16666666666666666,0.0,0.2222222222222222,0.0,7.076923076923077
ナスノフィオナ,,,,,,,,,,,,,母父,11.0,0.0,0.09090909090909091,0.09090909090909091,0.0,0.0,,0.0,0.0,0.0,0.0,7.636363636363637
ナチュラルブリッジ,,,,,,,,,,,,,母父,5.0,0.0,0.0,0.0,,0.0,0.0,0.0,,0.0,,9.8
ナデシコチョウサン,,,,,,,,,,,,,母父,5.0,0.0,0.0,0.0,0.0,0.0,,0.0,0.0,0.0,0.0,11.4
ナナヨーティアラ,,,,,,,,,,,,,母父,15.0,0.13333333333333333,0.26666666666666666,0.4,0.2222222222222222,0.0,0.0,0.1111111111111111,0.2,0.3333333333333333,0.0,5.4
ナナリー,,,,,,,,,,,,,母父,11.0,0.09090909090909091,0.09090909090909091,0.18181818181818182,0.0,0.1,0.1,0.0,,0.0,0.0,8.272727272727273
ナムラエラン,,,,,,,,,,,,,母父,11.0,0.09090909090909091,0.18181818181818182,0.18181818181818182,0.0,0.1111111111111111,0.14285714285714285,0.0,,0.0,0.0,8.363636363636363
ナムラカエデジョウ,,,,,,,,,,,,,母父,5.0,0.0,0.0,0.0,,0.0,0.0,0.0,,0.0,0.0,9.0
ナムラカメーリア,,,,,,,,,,,,,母父,15.0,0.06666666666666667,0.13333333333333333,0.2,0.0,0.1,,0.06666666666666667,,0.125,0.0,8.0
ナムラシゲコ,,,,,,,,,,,,,母父,15.0,0.13333333333333333,0.2,0.26666666666666666,0.25,0.09090909090909091,0.0,0.1,0.25,0.1111111111111111,0.3333333333333333,6.533333333333333
ナムラチアーズ,,,,,,,,,,,,,母父,7.0,0.14285714285714285,0.14285714285714285,0.14285714285714285,0.0,0.2,0.0,0.2,,0.5,0.0,9.571428571428571
ナムラネネ,,,,,,,,,,,,,母父,6.0,0.0,0.16666666666666666,0.16666666666666666,,0.0,0.0,,,0.0,0.0,8.333333333333334
ナムララピス,,,,,,,,,,,,,母父,7.0,0.0,0.14285714285714285,0.2857142857142857,,0.0,,0.0,,0.0,0.0,5.857142857142857
ナリタカサブランカ,,,,,,,,,,,,,母父,10.0,0.2,0.3,0.5,0.2,,,0.3333333333333333,0.0,0.2857142857142857,0.0,4.1
ナリタシルエット,,,,,,,,,,,,,母父,6.0,0.0,0.0,0.3333333333333333,0.0,0.0,0.0,0.0,,0.0,,8.0
ナリタシークレット,,,,,,,,,,,,,母父,13.0,0.07692307692307693,0.23076923076923078,0.38461538461538464,0.125,0.0,0.16666666666666666,0.0,,0.0,0.0,6.0
ナリタジューン,,,,,,,,,,,,,母父,6.0,0.0,0.0,0.0,,0.0,0.0,0.0,,0.0,0.0,11.5
ナリタブルースター,,,,,,,,,,,,,母父,5.0,0.0,0.0,0.0,0.0,0.0,0.0,0.0,,0.0,0.0,6.4
ナンシー,,,,,,,,,,,,,母父,7.0,0.0,0.0,0.0,,0.0,0.0,0.0,,0.0,0.0,8.857142857142858
ナンヨーカノン,,,,,,,,,,,,,母父,5.0,0.2,0.2,0.2,0.0,0.3333333333333333,0.5,0.0,,0.0,0.5,8.2
ナンヨーサフラウア,,,,,,,,,,,,,母父,10.0,0.1,0.3,0.3,0.1,,1.0,0.0,,0.14285714285714285,0.0,5.6
ナンヨーナイト,,,,,,,,,,,,,母父,9.0,0.0,0.1111111111111111,0.2222222222222222,,0.0,0.0,0.0,0.0,0.0,0.0,8.11111111111111
ニアメ,,,,,,,,,,,,,母父,11.0,0.0,0.0,0.09090909090909091,0.0,0.0,0.0,0.0,,0.0,,10.0
ニイガッタメール,,,,,,,,,,,,,母父,8.0,0.0,0.0,0.0,,0.0,,0.0,,0.0,0.0,8.875
ニコールバローズ,,,,,,,,,,,,,母父,7.0,0.14285714285714285,0.14285714285714285,0.14285714285714285,0.0,0.2,0.16666666666666666,0.0,,0.25,0.0,6.0
ニシノアカツキ,,,,,,,,,,,,,母父,12.0,0.0,0.08333333333333333,0.25,0.0,0.0,,0.0,0.0,0.0,0.0,7.833333333333333
ニシノキュアノス,,,,,,,,,,,,,母父,5.0,0.0,0.0,0.0,,0.0,0.0,0.0,,0.0,0.0,7.4
ニシノケイト,,,,,,,,,,,,,母父,7.0,0.0,0.0,0.0,0.0,0.0,0.0,,,0.0,0.0,8.428571428571429
ニシノシュクラン,,,,,,,,,,,,,母父,5.0,0.0,0.0,0.2,0.0,0.0,,0.0,0.0,0.0,0.0,7.4
ニシノシルエット,,,,,,,,,,,,,母父,8.0,0.0,0.25,0.375,0.0,0.0,0.0,0.0,0.0,0.0,0.0,8.0
ニシノステディー,,,,,,,,,,,,,母父,12.0,0.0,0.0,0.25,0.0,0.0,0.0,0.0,,0.0,0.0,9.666666666666666
ニシノテキーラ,,,,,,,,,,,,,母父,8.0,0.125,0.375,0.375,,0.125,0.16666666666666666,0.0,,0.0,0.0,6.875
ニシノナースコール,,,,,,,,,,,,,母父,8.0,0.125,0.125,0.125,0.0,0.14285714285714285,0.2,0.0,,0.0,1.0,9.0
ニシノヒナギク,,,,,,,,,,,,,母父,5.0,0.2,0.2,0.2,0.2,,,0.0,0.5,0.25,0.0,10.6
ニシノビギン,,,,,,,,,,,,,母父,13.0,0.07692307692307693,0.23076923076923078,0.23076923076923078,0.0,0.1111111111111111,0.16666666666666666,0.0,,0.0,0.5,7.153846153846154
ニシノフジムスメ,,,,,,,,,,,,,母父,11.0,0.0,0.0,0.2727272727272727,0.0,0.0,0.0,0.0,,0.0,0.0,7.181818181818182
ニシノブルームーン,,,,,,,,,,,,,母父,5.0,0.0,0.0,0.0,0.0,0.0,,0.0,0.0,0.0,,10.4
ニシノプルメリア,,,,,,,,,,,,,母父,9.0,0.1111111111111111,0.2222222222222222,0.2222222222222222,0.0,0.3333333333333333,0.3333333333333333,0.0,,0.16666666666666666,,8.11111111111111
ニシノプレシャス,,,,,,,,,,,,,母父,10.0,0.0,0.0,0.1,0.0,0.0,,0.0,0.0,0.0,0.0,8.2
ニシノマザーアース,,,,,,,,,,,,,母父,12.0,0.0,0.0,0.16666666666666666,0.0,0.0,0.0,0.0,0.0,0.0,0.0,7.416666666666667
ニシノマドカ,,,,,,,,,,,,,母父,11.0,0.0,0.0,0.0,0.0,0.0,0.0,0.0,0.0,0.0,0.0,9.818181818181818
ニシノマナムスメ,,,,,,,,,,,,,母父,11.0,0.09090909090909091,0.18181818181818182,0.2727272727272727,0.09090909090909091,,0.0,0.1,,0.0,0.0,8.090909090909092
ニシノマメフク,,,,,,,,,,,,,母父,7.0,0.0,0.0,0.2857142857142857,,0.0,0.0,0.0,,0.0,0.0,5.714285714285714
ニシノミチシルベ,,,,,,,,,,,,,母父,8.0,0.0,0.0,0.0,0.0,0.0,,0.0,,0.0,0.0,9.25
ニシノミナミカゼ,,,,,,,,,,,,,母父,13.0,0.07692307692307693,0.07692307692307693,0.07692307692307693,0.07692307692307693,,,0.08333333333333333,0.0,0.08333333333333333,0.0,8.384615384615385
ニシノミラクル,,,,,,,,,,,,,母父,9.0,0.0,0.3333333333333333,0.3333333333333333,,0.0,0.0,,,0.0,,6.555555555555555
ニシノムーンライト,,,,,,,,,,,,,母父,8.0,0.125,0.125,0.125,0.125,,0.14285714285714285,0.0,,0.0,0.0,7.75
ニシノメルモ,,,,,,,,,,,,,母父,16.0,0.0625,0.25,0.3125,0.0,0.09090909090909091,0.0,0.0,0.1111111111111111,0.1,0.0,5.25
ニシノモレッタ,,,,,,,,,,,,,母父,5.0,0.0,0.2,0.2,0.0,0.0,0.0,0.0,,0.0,0.0,8.0
ニシノモンクス,,,,,,,,,,,,,母父,15.0,0.13333333333333333,0.13333333333333333,0.2,0.0,0.14285714285714285,0.13333333333333333,,,0.125,0.0,6.266666666666667
ニシノリコルディ,,,,,,,,,,,,,母父,6.0,0.16666666666666666,0.3333333333333333,0.3333333333333333,0.0,0.25,0.0,0.25,,0.0,0.5,7.166666666666667
ニシノリンド,,,,,,,,,,,,,母父,5.0,0.0,0.0,0.0,,0.0,0.0,0.0,,0.0,0.0,7.0
ニシノワン,,,,,,,,,,,,,母父,5.0,0.0,0.0,0.0,0.0,0.0,0.0,0.0,,0.0,0.0,13.8
ニホンピロアブミ,,,,,,,,,,,,,母父,8.0,0.125,0.125,0.125,0.0,0.16666666666666666,0.16666666666666666,0.0,,0.0,0.3333333333333333,8.375
ニホンピロアンバー,,,,,,,,,,,,,母父,6.0,0.0,0.0,0.0,,0.0,0.0,,,,0.0,8.833333333333334
ニホンピロエミリー,,,,,,,,,,,,,母父,19.0,0.05263157894736842,0.05263157894736842,0.05263157894736842,0.25,0.0,0.0,0.2,0.0,0.0,0.0,8.0
ニホンピロコナユキ,,,,,,,,,,,,,母父,10.0,0.0,0.0,0.1,0.0,0.0,0.0,0.0,,0.0,0.0,10.3
ニホンピロシェリー,,,,,,,,,,,,,母父,6.0,0.16666666666666666,0.5,0.6666666666666666,0.0,0.2,,0.16666666666666666,,0.5,0.0,5.333333333333333
ニホンピロタルト,,,,,,,,,,,,,母父,5.0,0.0,0.0,0.2,,0.0,0.0,0.0,,0.0,,9.8
ニホンピロディール,,,,,,,,,,,,,母父,10.0,0.0,0.1,0.2,0.0,0.0,0.0,0.0,,0.0,0.0,8.1
ニホンピロヴィータ,,,,,,,,,,,,,母父,8.0,0.0,0.0,0.0,0.0,0.0,0.0,0.0,,0.0,0.0,11.375
ニューアイデア,,,,,,,,,,,,,母父,7.0,0.0,0.2857142857142857,0.2857142857142857,0.0,0.0,0.0,0.0,0.0,0.0,0.0,5.0
ニューチャプターＩＩ,,,,,,,,,,,,,母父,8.0,0.375,0.375,0.5,0.0,0.42857142857142855,0.0,0.42857142857142855,,0.6,0.0,4.625
ニースセブンティン,,,,,,,,,,,,,母父,13.0,0.0,0.07692307692307693,0.15384615384615385,,0.0,0.0,0.0,,0.0,0.0,8.307692307692308
ヌレエフクイン,,,,,,,,,,,,,母父,16.0,0.0625,0.125,0.1875,,0.0625,,0.0625,,0.08333333333333333,0.0,6.5625
ヌーベルバーグ,,,,,,,,,,,,,母父,12.0,0.08333333333333333,0.3333333333333333,0.3333333333333333,0.0,0.1,,0.1111111111111111,0.0,0.14285714285714285,0.0,7.0
ヌーヴォレコルト,,,,,,,,,,,,,母父,6.0,0.16666666666666666,0.16666666666666666,0.16666666666666666,0.16666666666666666,,,0.25,0.0,0.25,0.0,8.666666666666666
ネイチャーガイド,,,,,,,,,,,,,母父,8.0,0.25,0.25,0.25,0.25,,0.0,0.5,0.2,0.3333333333333333,0.0,7.0
ネオカラー,,,,,,,,,,,,,母父,6.0,0.5,0.6666666666666666,0.6666666666666666,,0.5,0.5,,,0.75,,3.1666666666666665
ネオヴィクトリア,,,,,,,,,,,,,母父,5.0,0.2,0.2,0.2,,0.2,0.25,0.0,,0.0,0.5,7.4
ネオヴェリーベリー,,,,,,,,,,,,,母父,10.0,0.0,0.0,0.0,,0.0,,0.0,0.0,0.0,0.0,5.9
ネヴァーピリオド,,,,,,,,,,,,,母父,5.0,0.0,0.0,0.0,,0.0,0.0,,,0.0,0.0,8.0
ネームヴァリュー,,,,,,,,,,,,,母父,8.0,0.0,0.125,0.125,,0.0,0.0,0.0,,0.0,0.0,7.625
ノアウイニング,,,,,,,,,,,,,母父,5.0,0.0,0.0,0.0,,0.0,0.0,0.0,,0.0,,8.6
ノッテビアンカ,,,,,,,,,,,,,母父,9.0,0.3333333333333333,0.3333333333333333,0.3333333333333333,0.3333333333333333,0.3333333333333333,,0.375,0.0,0.5,0.0,8.0
ノブレスオブリッジ,,,,,,,,,,,,,母父,7.0,0.0,0.14285714285714285,0.2857142857142857,0.0,,0.0,0.0,,0.0,0.0,6.142857142857143
ノベンバースルー,,,,,,,,,,,,,母父,9.0,0.0,0.1111111111111111,0.3333333333333333,0.0,0.0,0.0,0.0,0.0,0.0,0.0,7.777777777777778
ノボキッス,,,,,,,,,,,,,母父,7.0,0.0,0.0,0.0,0.0,0.0,0.0,0.0,,0.0,0.0,11.714285714285714
ノボプレシャス,,,,,,,,,,,,,母父,11.0,0.18181818181818182,0.36363636363636365,0.36363636363636365,0.0,0.2,0.18181818181818182,,,0.2222222222222222,,7.2727272727272725
ノンコ,,,,,,,,,,,,,母父,7.0,0.0,0.0,0.0,0.0,0.0,,0.0,0.0,0.0,0.0,12.428571428571429
ノースパストラル,,,,,,,,,,,,,母父,10.0,0.1,0.2,0.4,,0.1,0.0,0.25,0.0,0.1,,6.8
ノータブルアート,,,,,,,,,,,,,母父,11.0,0.0,0.09090909090909091,0.09090909090909091,,0.0,0.0,,,0.0,0.0,7.181818181818182
ノートルアンジュ,,,,,,,,,,,,,母父,20.0,0.0,0.0,0.0,0.0,0.0,0.0,0.0,,0.0,0.0,7.65
ノードブライティア,,,,,,,,,,,,,母父,10.0,0.0,0.0,0.1,0.0,0.0,0.0,0.0,,0.0,0.0,9.2
ノードラメール,,,,,,,,,,,,,母父,12.0,0.08333333333333333,0.25,0.4166666666666667,0.1,0.0,0.0,0.2,,0.09090909090909091,,5.75
ノーブルガイア,,,,,,,,,,,,,母父,8.0,0.0,0.0,0.125,,0.0,0.0,0.0,0.0,0.0,0.0,8.125
ノーブルコロネット,,,,,,,,,,,,,母父,10.0,0.2,0.2,0.2,0.2,,,0.14285714285714285,0.3333333333333333,0.16666666666666666,0.5,5.3
ノーブルジュエリー,,,,,,,,,,,,,母父,14.0,0.07142857142857142,0.14285714285714285,0.21428571428571427,0.07692307692307693,0.0,,0.1111111111111111,0.0,0.1,,6.357142857142857
ノーブルジュピタ,,,,,,,,,,,,,母父,6.0,0.0,0.3333333333333333,0.3333333333333333,0.0,,0.0,0.0,,0.0,,6.166666666666667
ノーブルステラ,,,,,,,,,,,,,母父,12.0,0.08333333333333333,0.08333333333333333,0.16666666666666666,0.1,0.0,0.0,0.125,0.0,0.1,,8.0
ノーブルストーン,,,,,,,,,,,,,母父,9.0,0.0,0.0,0.0,0.0,0.0,,0.0,0.0,0.0,0.0,9.222222222222221
ハイアーラヴ,,,,,,,,,,,,,母父,6.0,0.0,0.0,0.0,0.0,,,0.0,0.0,0.0,0.0,10.333333333333334
ハイエストホワイト,,,,,,,,,,,,,母父,11.0,0.18181818181818182,0.5454545454545454,0.6363636363636364,0.18181818181818182,,,0.18181818181818182,,0.1111111111111111,,4.181818181818182
ハイジトウショウ,,,,,,,,,,,,,母父,11.0,0.0,0.0,0.09090909090909091,,0.0,0.0,0.0,,0.0,0.0,8.727272727272727
ハイタッチクイーン,,,,,,,,,,,,,母父,18.0,0.1111111111111111,0.2222222222222222,0.2222222222222222,0.1111111111111111,,0.0,0.15384615384615385,0.0,0.1,0.25,7.111111111111111
ハイデルベーレ,,,,,,,,,,,,,母父,5.0,0.2,0.2,0.2,0.0,0.3333333333333333,0.0,0.3333333333333333,,0.3333333333333333,0.0,5.8
ハイドバウンド,,,,,,,,,,,,,母父,6.0,0.16666666666666666,0.16666666666666666,0.16666666666666666,,0.16666666666666666,0.16666666666666666,,,0.3333333333333333,,5.333333333333333
ハイノリッジ,,,,,,,,,,,,,母父,12.0,0.16666666666666666,0.25,0.3333333333333333,0.0,0.18181818181818182,0.2,0.0,,0.3333333333333333,0.0,6.0
ハイフィールド,,,,,,,,,,,,,母父,6.0,0.0,0.0,0.0,0.0,0.0,,0.0,0.0,0.0,,9.0
ハイマーク,,,,,,,,,,,,,母父,8.0,0.0,0.0,0.125,0.0,0.0,0.0,0.0,,0.0,,10.875
ハイランドダンス,,,,,,,,,,,,,母父,5.0,0.0,0.0,0.4,,0.0,,0.0,,0.0,,5.2
ハイリリー,,,,,,,,,,,,,母父,5.0,0.2,0.2,0.2,0.5,0.0,,0.2,,0.25,0.0,7.0
ハギノアーク,,,,,,,,,,,,,母父,11.0,0.18181818181818182,0.18181818181818182,0.36363636363636365,0.3333333333333333,0.125,0.0,0.16666666666666666,1.0,0.0,0.4,6.7272727272727275
ハギノウィッシュ,,,,,,,,,,,,,母父,8.0,0.0,0.125,0.5,0.0,0.0,,0.0,0.0,0.0,0.0,5.625
ハギノクィーン,,,,,,,,,,,,,母父,9.0,0.0,0.0,0.0,0.0,0.0,,0.0,0.0,0.0,0.0,7.777777777777778
ハクシュウベリー,,,,,,,,,,,,,母父,6.0,0.0,0.0,0.16666666666666666,,0.0,0.0,0.0,,0.0,0.0,9.5
ハシッテホシーノ,,,,,,,,,,,,,母父,6.0,0.0,0.16666666666666666,0.3333333333333333,0.0,,0.0,0.0,0.0,0.0,0.0,3.8333333333333335
ハッシュバンバン,,,,,,,,,,,,,母父,8.0,0.0,0.25,0.25,0.0,,0.0,0.0,,0.0,,6.75
ハットシテグー,,,,,,,,,,,,,母父,5.0,0.2,0.2,0.2,0.0,0.25,,0.2,,0.25,0.0,11.2
ハッピーダイアリー,,,,,,,,,,,,,母父,13.0,0.07692307692307693,0.15384615384615385,0.15384615384615385,0.0,0.08333333333333333,0.16666666666666666,0.0,,0.14285714285714285,0.0,8.076923076923077
ハッピーティア,,,,,,,,,,,,,母父,6.0,0.0,0.0,0.0,0.0,0.0,,0.0,0.0,0.0,0.0,9.0
ハッピーテレサ,,,,,,,,,,,,,母父,7.0,0.0,0.14285714285714285,0.2857142857142857,0.0,0.0,0.0,,,0.0,,8.571428571428571
ハッピーパス,,,,,,,,,,,,,母父,10.0,0.1,0.5,0.6,0.1,,0.0,0.1111111111111111,,0.16666666666666666,0.0,3.5
ハッピーパレード,,,,,,,,,,,,,母父,5.0,0.0,0.0,0.2,0.0,0.0,,0.0,,0.0,0.0,8.0
ハッピーヴァリュー,,,,,,,,,,,,,母父,8.0,0.0,0.25,0.75,,0.0,0.0,,,0.0,0.0,4.0
ハナイチリン,,,,,,,,,,,,,母父,9.0,0.2222222222222222,0.3333333333333333,0.5555555555555556,,0.2222222222222222,0.2222222222222222,,,0.5,0.0,5.777777777777778
ハナマル,,,,,,,,,,,,,母父,5.0,0.0,0.0,0.2,,0.0,0.0,0.0,,0.0,0.0,8.4
ハナムケ,,,,,,,,,,,,,母父,5.0,0.0,0.2,0.6,,0.0,0.0,,,0.0,,5.8
ハニーダンサー,,,,,,,,,,,,,母父,6.0,0.16666666666666666,0.16666666666666666,0.3333333333333333,0.2,0.0,0.2,0.0,,0.0,0.0,7.0
ハピネスフォーユー,,,,,,,,,,,,,母父,14.0,0.0,0.07142857142857142,0.21428571428571427,0.0,0.0,,0.0,0.0,0.0,0.0,8.214285714285714
ハマナス,,,,,,,,,,,,,母父,13.0,0.23076923076923078,0.23076923076923078,0.3076923076923077,,0.23076923076923078,,0.2727272727272727,0.0,0.3333333333333333,0.0,6.076923076923077
ハヤブサエミネンス,,,,,,,,,,,,,母父,8.0,0.125,0.375,0.375,,0.125,,0.125,,0.25,0.0,5.75
ハリウッドローズ,,,,,,,,,,,,,母父,5.0,0.0,0.0,0.0,0.0,0.0,0.0,0.0,0.0,0.0,0.0,11.6
ハリケーンタマ,,,,,,,,,,,,,母父,5.0,0.0,0.2,0.4,0.0,0.0,0.0,0.0,,0.0,0.0,5.6
ハルサンサン,,,,,,,,,,,,,母父,10.0,0.2,0.3,0.3,,0.2,0.25,0.0,,0.25,0.0,4.2
ハルジオン,,,,,,,,,,,,,母父,11.0,0.0,0.0,0.18181818181818182,,0.0,0.0,0.0,,0.0,0.0,7.818181818181818
ハルトリーゲル,,,,,,,,,,,,,母父,7.0,0.14285714285714285,0.14285714285714285,0.14285714285714285,,0.14285714285714285,0.3333333333333333,0.0,,0.0,0.5,7.285714285714286
ハルマッタン,,,,,,,,,,,,,母父,5.0,0.0,0.0,0.0,0.0,0.0,0.0,0.0,,0.0,0.0,9.4
ハロースピード,,,,,,,,,,,,,母父,7.0,0.0,0.14285714285714285,0.14285714285714285,0.0,0.0,,0.0,,0.0,0.0,7.571428571428571
ハロードリーム,,,,,,,,,,,,,母父,6.0,0.16666666666666666,0.16666666666666666,0.3333333333333333,0.16666666666666666,,0.16666666666666666,,,0.25,0.0,6.166666666666667
ハワイアンウインド,,,,,,,,,,,,,母父,8.0,0.375,0.5,0.5,0.42857142857142855,0.0,0.0,0.42857142857142855,,0.3333333333333333,0.0,6.125
ハンドオブフェイト,,,,,,,,,,,,,母父,6.0,0.0,0.16666666666666666,0.3333333333333333,,0.0,0.0,,,0.0,,7.0
ハンドスター,,,,,,,,,,,,,母父,6.0,0.0,0.0,0.0,0.0,0.0,0.0,0.0,,0.0,,9.0
ハンナリト,,,,,,,,,,,,,母父,5.0,0.0,0.0,0.0,0.0,0.0,0.0,0.0,,0.0,,8.8
ハーツブラッド,,,,,,,,,,,,,母父,6.0,0.0,0.0,0.0,0.0,0.0,0.0,0.0,,0.0,,9.166666666666666
ハートアイリス,,,,,,,,,,,,,母父,11.0,0.09090909090909091,0.2727272727272727,0.36363636363636365,0.0,0.14285714285714285,0.0,0.0,0.14285714285714285,0.14285714285714285,0.0,5.7272727272727275
ハートアンドハート,,,,,,,,,,,,,母父,6.0,0.0,0.16666666666666666,0.16666666666666666,,0.0,0.0,,,0.0,,8.166666666666666
ハートシェイプト,,,,,,,,,,,,,母父,8.0,0.0,0.0,0.0,0.0,0.0,0.0,0.0,0.0,0.0,0.0,10.75
ハービンジャーラス,,,,,,,,,,,,,母父,11.0,0.0,0.09090909090909091,0.18181818181818182,0.0,0.0,,0.0,0.0,0.0,0.0,7.454545454545454
ハープスター,,,,,,,,,,,,,母父,6.0,0.3333333333333333,0.5,0.6666666666666666,0.5,0.0,,0.2,1.0,0.5,0.0,2.5
ハーベストシーズン,,,,,,,,,,,,,母父,7.0,0.0,0.0,0.2857142857142857,,0.0,0.0,0.0,,0.0,0.0,9.0
ハーモニーフェア,,,,,,,,,,,,,母父,5.0,0.0,0.0,0.0,0.0,0.0,,0.0,,0.0,,7.4
ハーランズルビー,,,,,,,,,,,,,母父,16.0,0.125,0.25,0.375,0.08333333333333333,0.25,1.0,0.0,0.125,0.16666666666666666,0.0,5.9375
ハーランズロマン,,,,,,,,,,,,,母父,7.0,0.0,0.0,0.14285714285714285,0.0,0.0,0.0,0.0,,0.0,,6.285714285714286
ハーロンベイ,,,,,,,,,,,,,母父,7.0,0.0,0.0,0.0,0.0,0.0,0.0,0.0,,0.0,0.0,9.428571428571429
バアゼルザウバー,,,,,,,,,,,,,母父,6.0,0.0,0.0,0.16666666666666666,0.0,0.0,0.0,,,0.0,0.0,9.833333333333334
バアゼルローズ,,,,,,,,,,,,,母父,6.0,0.3333333333333333,0.3333333333333333,0.5,0.0,0.5,,0.25,0.5,0.5,1.0,4.5
バイオレントムーヴ,,,,,,,,,,,,,母父,8.0,0.125,0.125,0.125,,0.125,0.16666666666666666,0.0,,0.0,0.0,8.875
バイカターキン,,,,,,,,,,,,,母父,10.0,0.1,0.2,0.4,,0.1,0.0,0.125,,0.0,0.0,6.3
バイナリーコード,,,,,,,,,,,,,母父,6.0,0.16666666666666666,0.16666666666666666,0.16666666666666666,0.25,0.0,,0.0,0.3333333333333333,0.0,0.5,7.0
バイモユリ,,,,,,,,,,,,,母父,10.0,0.1,0.3,0.6,0.1,,0.0,0.125,,0.16666666666666666,0.0,5.4
バウンシーチューン,,,,,,,,,,,,,母父,5.0,0.0,0.0,0.0,0.0,0.0,0.0,0.0,0.0,0.0,,9.8
バクシンオージョ,,,,,,,,,,,,,母父,5.0,0.0,0.0,0.0,0.0,0.0,0.0,0.0,,0.0,0.0,11.2
バタラバ,,,,,,,,,,,,,母父,8.0,0.125,0.5,0.5,,0.125,0.125,,,0.0,0.5,4.5
バトルアンコール,,,,,,,,,,,,,母父,7.0,0.14285714285714285,0.2857142857142857,0.42857142857142855,,0.14285714285714285,0.14285714285714285,,,0.3333333333333333,0.0,6.857142857142857
バノヴィナ,,,,,,,,,,,,,母父,7.0,0.14285714285714285,0.42857142857142855,0.42857142857142855,0.14285714285714285,,,0.2,0.0,0.14285714285714285,,5.571428571428571
バプティスタ,,,,,,,,,,,,,母父,9.0,0.1111111111111111,0.3333333333333333,0.4444444444444444,,0.1111111111111111,0.14285714285714285,0.0,,0.0,0.0,5.777777777777778
バライロー,,,,,,,,,,,,,母父,10.0,0.3,0.4,0.4,,0.3,0.3,,,0.42857142857142855,0.0,6.4
バラダセール,,,,,,,,,,,,,母父,13.0,0.23076923076923078,0.38461538461538464,0.38461538461538464,0.2727272727272727,0.0,,0.25,0.0,0.14285714285714285,0.25,5.6923076923076925
バラッドローズ,,,,,,,,,,,,,母父,8.0,0.0,0.0,0.0,0.0,0.0,0.0,0.0,,0.0,0.0,10.875
バラベルサイユ,,,,,,,,,,,,,母父,8.0,0.125,0.125,0.25,,0.125,0.14285714285714285,0.0,,0.0,0.0,7.0
バリーバーン,,,,,,,,,,,,,母父,6.0,0.0,0.0,0.0,0.0,0.0,0.0,0.0,0.0,0.0,0.0,9.0
バルドウィナ,,,,,,,,,,,,,母父,6.0,0.0,0.0,0.16666666666666666,0.0,,,0.0,0.0,0.0,0.0,7.166666666666667
バルフューレント,,,,,,,,,,,,,母父,9.0,0.1111111111111111,0.2222222222222222,0.4444444444444444,,0.1111111111111111,0.14285714285714285,0.0,,0.16666666666666666,,4.777777777777778
バレドクール,,,,,,,,,,,,,母父,5.0,0.2,0.2,0.2,,0.2,0.2,,,0.0,0.0,7.6
バロネスサッチャー,,,,,,,,,,,,,母父,5.0,0.0,0.0,0.0,,0.0,0.0,0.0,,0.0,0.0,9.8
バンデリータ,,,,,,,,,,,,,母父,10.0,0.1,0.2,0.3,0.0,0.14285714285714285,0.125,0.0,,0.2,0.0,7.6
バーグドール,,,,,,,,,,,,,母父,6.0,0.0,0.0,0.0,0.0,,,0.0,0.0,0.0,,10.5
バージニアキャット,,,,,,,,,,,,,母父,5.0,0.0,0.0,0.4,0.0,,0.0,0.0,0.0,0.0,0.0,6.6
バースデイパーティ,,,,,,,,,,,,,母父,5.0,0.0,0.0,0.0,,0.0,0.0,0.0,,0.0,0.0,13.0
バーニングラブ,,,,,,,,,,,,,母父,12.0,0.08333333333333333,0.08333333333333333,0.4166666666666667,,0.08333333333333333,0.0,0.1111111111111111,0.0,0.0,0.0,5.75
バーミスキャット,,,,,,,,,,,,,母父,7.0,0.0,0.14285714285714285,0.14285714285714285,0.0,0.0,0.0,,,0.0,,6.714285714285714
バーンアウル,,,,,,,,,,,,,母父,14.0,0.0,0.0,0.0,0.0,0.0,0.0,0.0,0.0,0.0,0.0,9.285714285714286
パイクスピーク,,,,,,,,,,,,,母父,11.0,0.09090909090909091,0.09090909090909091,0.2727272727272727,0.1111111111111111,0.0,0.14285714285714285,0.0,,0.14285714285714285,0.0,7.818181818181818
パイクーニャン,,,,,,,,,,,,,母父,21.0,0.09523809523809523,0.14285714285714285,0.23809523809523808,,0.09523809523809523,0.15384615384615385,0.0,,0.16666666666666666,0.0,7.666666666666667
パイメイメイ,,,,,,,,,,,,,母父,6.0,0.16666666666666666,0.3333333333333333,0.5,,0.16666666666666666,0.16666666666666666,,,0.25,0.0,5.5
パイレートクイーン,,,,,,,,,,,,,母父,5.0,0.0,0.0,0.0,0.0,0.0,0.0,0.0,,0.0,0.0,11.2
パシオンルージュ,,,,,,,,,,,,,母父,10.0,0.1,0.4,0.5,0.14285714285714285,0.0,0.0,0.125,,0.14285714285714285,0.0,5.6
パシティア,,,,,,,,,,,,,母父,8.0,0.125,0.25,0.375,,0.125,0.0,0.2,,0.0,0.5,6.5
パシフィックギャル,,,,,,,,,,,,,母父,9.0,0.0,0.1111111111111111,0.3333333333333333,0.0,0.0,,0.0,,0.0,0.0,6.111111111111111
パシャドーラ,,,,,,,,,,,,,母父,7.0,0.0,0.2857142857142857,0.2857142857142857,0.0,0.0,,0.0,0.0,0.0,0.0,5.714285714285714
パスオブドリームズ,,,,,,,,,,,,,母父,18.0,0.1111111111111111,0.2222222222222222,0.3888888888888889,0.1111111111111111,,,0.1111111111111111,,0.08333333333333333,0.2,5.5
パスザトーチ,,,,,,,,,,,,,母父,6.0,0.0,0.16666666666666666,0.16666666666666666,,0.0,0.0,,,0.0,0.0,7.333333333333333
パチャママ,,,,,,,,,,,,,母父,5.0,0.0,0.2,0.4,,0.0,0.0,0.0,,0.0,0.0,6.4
パッショナルダンス,,,,,,,,,,,,,母父,5.0,0.2,0.2,0.2,0.3333333333333333,0.0,,0.3333333333333333,0.0,0.3333333333333333,0.0,8.6
パッションローズ,,,,,,,,,,,,,母父,7.0,0.0,0.0,0.14285714285714285,,0.0,0.0,0.0,,0.0,0.0,9.714285714285714
パドブレ,,,,,,,,,,,,,母父,20.0,0.05,0.15,0.15,0.125,0.0,0.0,0.07692307692307693,,0.06666666666666667,0.0,8.85
パピュラ,,,,,,,,,,,,,母父,5.0,0.0,0.0,0.0,,0.0,0.0,0.0,,0.0,0.0,9.8
パフュームスター,,,,,,,,,,,,,母父,6.0,0.16666666666666666,0.16666666666666666,0.6666666666666666,,0.16666666666666666,0.2,0.0,,0.2,0.0,3.0
パラフレーズ,,,,,,,,,,,,,母父,12.0,0.08333333333333333,0.08333333333333333,0.16666666666666666,0.0,0.2,0.25,0.0,,0.0,0.3333333333333333,9.5
パリサンジェルマン,,,,,,,,,,,,,母父,16.0,0.0625,0.0625,0.125,0.0,0.09090909090909091,0.14285714285714285,0.0,0.0,0.09090909090909091,0.0,8.6875
パリュール,,,,,,,,,,,,,母父,6.0,0.16666666666666666,0.3333333333333333,0.3333333333333333,0.2,0.0,0.0,0.25,0.0,0.0,0.0,6.833333333333333
パリージョ,,,,,,,,,,,,,母父,11.0,0.0,0.0,0.09090909090909091,0.0,,0.0,0.0,0.0,0.0,,9.727272727272727
パリーナチャン,,,,,,,,,,,,,母父,14.0,0.14285714285714285,0.14285714285714285,0.2857142857142857,,0.14285714285714285,0.15384615384615385,0.0,,0.2222222222222222,0.0,5.571428571428571
パレスルーマー,,,,,,,,,,,,,母父,15.0,0.13333333333333333,0.2,0.26666666666666666,0.13333333333333333,,,0.2,0.1,0.1111111111111111,0.0,7.466666666666667
パワフルリーフ,,,,,,,,,,,,,母父,9.0,0.0,0.0,0.0,,0.0,0.0,,,0.0,0.0,8.444444444444445
パンカティリオ,,,,,,,,,,,,,母父,7.0,0.14285714285714285,0.42857142857142855,0.7142857142857143,0.0,0.16666666666666666,0.0,0.25,0.0,0.0,0.0,3.0
パンテール,,,,,,,,,,,,,母父,5.0,0.0,0.0,0.0,,0.0,,0.0,,0.0,0.0,8.6
パンデイア,,,,,,,,,,,,,母父,11.0,0.2727272727272727,0.2727272727272727,0.45454545454545453,0.42857142857142855,0.0,,0.2727272727272727,,0.375,0.0,6.181818181818182
パンドラズホープ,,,,,,,,,,,,,母父,5.0,0.0,0.0,0.0,,0.0,,0.0,,0.0,0.0,5.2
パーシステントリー,,,,,,,,,,,,,母父,7.0,0.14285714285714285,0.14285714285714285,0.2857142857142857,0.0,0.16666666666666666,0.16666666666666666,0.0,,0.16666666666666666,0.0,4.714285714285714
パーソナルブレーン,,,,,,,,,,,,,母父,9.0,0.1111111111111111,0.1111111111111111,0.1111111111111111,0.16666666666666666,0.0,0.0,0.25,0.0,0.14285714285714285,0.0,7.777777777777778
パーソナルレジェンド,,,,,,,,,,,,,母父,8.0,0.0,0.0,0.125,0.0,0.0,,0.0,0.0,0.0,0.0,7.375
パーフェクトジョイ,,,,,,,,,,,,,母父,5.0,0.4,0.4,0.4,0.0,0.6666666666666666,,0.4,,0.25,,7.0
パーフェクトチャンス,,,,,,,,,,,,,母父,6.0,0.0,0.0,0.0,,0.0,0.0,0.0,,0.0,0.0,11.0
パーフェクトトリビュート,,,,,,,,,,,,,母父,16.0,0.125,0.1875,0.3125,0.2222222222222222,0.0,0.16666666666666666,0.1,,0.08333333333333333,1.0,8.0625
パープル,,,,,,,,,,,,,母父,10.0,0.1,0.4,0.5,0.0,0.125,,0.1111111111111111,0.0,0.125,0.0,5.5
パープルカフェ,,,,,,,,,,,,,母父,10.0,0.0,0.0,0.1,0.0,0.0,,0.0,0.0,0.0,0.0,8.8
パールイアリング,,,,,,,,,,,,,母父,11.0,0.0,0.0,0.09090909090909091,,0.0,0.0,0.0,,0.0,0.0,8.909090909090908
パールシャドウ,,,,,,,,,,,,,母父,16.0,0.0,0.0,0.1875,0.0,0.0,0.0,0.0,0.0,0.0,0.0,6.75
ヒアトゥウィン,,,,,,,,,,,,,母父,8.0,0.0,0.0,0.0,0.0,,0.0,0.0,,0.0,,7.75
ヒアーズトウショウ,,,,,,,,,,,,,母父,7.0,0.14285714285714285,0.14285714285714285,0.2857142857142857,0.0,0.16666666666666666,,0.16666666666666666,0.0,0.16666666666666666,0.0,7.857142857142857
ヒカリヴィグラス,,,,,,,,,,,,,母父,18.0,0.05555555555555555,0.2777777777777778,0.4444444444444444,,0.05555555555555555,,0.058823529411764705,0.0,0.09090909090909091,0.0,6.166666666666667
ヒカルアマランサス,,,,,,,,,,,,,母父,15.0,0.06666666666666667,0.2,0.26666666666666666,0.08333333333333333,0.0,0.0,0.16666666666666666,,0.0,0.3333333333333333,8.0
ヒカルウェイブ,,,,,,,,,,,,,母父,5.0,0.0,0.0,0.0,0.0,0.0,0.0,0.0,,0.0,0.0,10.8
ヒカルカグヤヒメ,,,,,,,,,,,,,母父,5.0,0.0,0.2,0.2,0.0,0.0,,0.0,,0.0,0.0,7.8
ヒカルカリーナ,,,,,,,,,,,,,母父,9.0,0.1111111111111111,0.2222222222222222,0.2222222222222222,0.1111111111111111,,,0.1111111111111111,,0.16666666666666666,0.0,7.111111111111111
ヒカルダイヤモンド,,,,,,,,,,,,,母父,12.0,0.16666666666666666,0.25,0.5,,0.16666666666666666,0.2,0.0,,0.0,0.5,5.083333333333333
ヒカルドウキセイ,,,,,,,,,,,,,母父,8.0,0.0,0.0,0.0,0.0,0.0,0.0,0.0,,0.0,0.0,9.0
ヒカルユメアカリ,,,,,,,,,,,,,母父,5.0,0.0,0.0,0.0,,0.0,,0.0,,0.0,,8.8
ヒカルラブリーアイ,,,,,,,,,,,,,母父,6.0,0.0,0.0,0.3333333333333333,0.0,,0.0,0.0,,0.0,0.0,5.333333333333333
ヒシアニマ,,,,,,,,,,,,,母父,15.0,0.0,0.06666666666666667,0.26666666666666666,,0.0,0.0,0.0,,0.0,0.0,7.6
ヒシエリート,,,,,,,,,,,,,母父,5.0,0.2,0.2,0.2,0.0,0.25,,0.25,0.0,0.0,0.0,7.0
ヒシシルバーメイド,,,,,,,,,,,,,母父,7.0,0.2857142857142857,0.2857142857142857,0.2857142857142857,0.16666666666666666,1.0,0.4,0.0,,0.3333333333333333,0.0,6.714285714285714
ヒシタイトル,,,,,,,,,,,,,母父,9.0,0.1111111111111111,0.1111111111111111,0.1111111111111111,0.0,0.16666666666666666,0.0,0.2,0.0,0.2,,8.222222222222221
ヒシディーバ,,,,,,,,,,,,,母父,12.0,0.25,0.4166666666666667,0.5833333333333334,0.3333333333333333,0.0,0.0,0.0,0.3333333333333333,0.5,0.0,4.583333333333333
ヒシマンハッタン,,,,,,,,,,,,,母父,8.0,0.125,0.25,0.25,,0.125,,0.125,,0.2,0.0,6.125
ヒシラストレディ,,,,,,,,,,,,,母父,7.0,0.14285714285714285,0.42857142857142855,0.42857142857142855,0.14285714285714285,,,0.3333333333333333,0.0,0.2,0.0,3.857142857142857
ヒシワンスモア,,,,,,,,,,,,,母父,6.0,0.0,0.16666666666666666,0.3333333333333333,0.0,,,0.0,0.0,0.0,,6.5
ヒシヴェリタス,,,,,,,,,,,,,母父,6.0,0.0,0.0,0.0,0.0,0.0,0.0,0.0,,0.0,0.0,10.0
ヒストリアドリーム,,,,,,,,,,,,,母父,9.0,0.0,0.0,0.1111111111111111,0.0,0.0,0.0,0.0,,0.0,,6.666666666666667
ヒストリックスター,,,,,,,,,,,,,母父,12.0,0.08333333333333333,0.25,0.3333333333333333,0.1111111111111111,0.0,0.0,0.1111111111111111,,0.0,0.0,5.916666666666667
ヒストリックレディ,,,,,,,,,,,,,母父,6.0,0.16666666666666666,0.16666666666666666,0.16666666666666666,0.3333333333333333,0.0,0.0,0.3333333333333333,,0.3333333333333333,0.0,10.333333333333334
ヒミノオトヒメ,,,,,,,,,,,,,母父,10.0,0.1,0.1,0.2,0.16666666666666666,0.0,,0.1,,0.14285714285714285,,6.4
ヒミノダンス,,,,,,,,,,,,,母父,7.0,0.0,0.0,0.0,0.0,0.0,0.0,0.0,0.0,0.0,,9.428571428571429
ヒミノプリンセス,,,,,,,,,,,,,母父,15.0,0.06666666666666667,0.4,0.4666666666666667,,0.06666666666666667,,0.0,0.25,0.0,0.25,4.133333333333334
ヒメスズラン,,,,,,,,,,,,,母父,11.0,0.09090909090909091,0.09090909090909091,0.09090909090909091,,0.09090909090909091,0.16666666666666666,0.0,,0.0,0.3333333333333333,7.454545454545454
ヒラボクキャロル,,,,,,,,,,,,,母父,7.0,0.14285714285714285,0.14285714285714285,0.14285714285714285,0.0,0.5,,0.3333333333333333,0.0,0.25,,9.571428571428571
ヒラボクビジン,,,,,,,,,,,,,母父,8.0,0.0,0.125,0.125,0.0,0.0,,0.0,0.0,0.0,0.0,7.875
ヒラボクミラクル,,,,,,,,,,,,,母父,7.0,0.0,0.0,0.0,,0.0,0.0,,,0.0,0.0,7.142857142857143
ヒルダズパッション,,,,,,,,,,,,,母父,6.0,0.16666666666666666,0.16666666666666666,0.16666666666666666,0.16666666666666666,,0.0,0.25,,0.2,0.0,7.333333333333333
ヒロアンジェロ,,,,,,,,,,,,,母父,5.0,0.2,0.6,0.6,,0.2,,0.2,,0.5,0.0,4.0
ヒーラ,,,,,,,,,,,,,母父,18.0,0.16666666666666666,0.3888888888888889,0.4444444444444444,0.16666666666666666,0.16666666666666666,0.3333333333333333,0.1,0.2,0.13333333333333333,0.0,4.666666666666667
ヒーリング,,,,,,,,,,,,,母父,6.0,0.0,0.3333333333333333,0.3333333333333333,0.0,,,0.0,0.0,0.0,0.0,5.666666666666667
ビアンカシェボン,,,,,,,,,,,,,母父,10.0,0.0,0.2,0.4,0.0,0.0,0.0,0.0,0.0,0.0,0.0,4.5
ビエンナーレ,,,,,,,,,,,,,母父,10.0,0.0,0.1,0.2,0.0,0.0,0.0,0.0,0.0,0.0,,7.0
ビジャリカ,,,,,,,,,,,,,母父,5.0,0.0,0.2,0.2,0.0,0.0,0.0,0.0,0.0,0.0,0.0,11.8
ビジュートウショウ,,,,,,,,,,,,,母父,7.0,0.0,0.14285714285714285,0.2857142857142857,0.0,,,0.0,,0.0,,6.857142857142857
ビジューブリアン,,,,,,,,,,,,,母父,6.0,0.0,0.16666666666666666,0.16666666666666666,,0.0,0.0,0.0,,0.0,0.0,6.666666666666667
ビジョナリー,,,,,,,,,,,,,母父,6.0,0.3333333333333333,0.5,0.5,0.3333333333333333,,,0.3333333333333333,,0.3333333333333333,,4.0
ビスカヤ,,,,,,,,,,,,,母父,5.0,0.0,0.0,0.0,0.0,0.0,0.0,0.0,,0.0,0.0,9.4
ビタースウィート,,,,,,,,,,,,,母父,11.0,0.0,0.09090909090909091,0.18181818181818182,0.0,0.0,,0.0,0.0,0.0,0.0,6.363636363636363
ビッグクィーン,,,,,,,,,,,,,母父,8.0,0.0,0.0,0.0,0.0,0.0,,0.0,0.0,0.0,0.0,8.875
ビッグマリーン,,,,,,,,,,,,,母父,8.0,0.0,0.0,0.125,,0.0,0.0,0.0,,0.0,0.0,9.375
ビップピュアレディ,,,,,,,,,,,,,母父,10.0,0.1,0.1,0.2,0.0,0.1111111111111111,0.0,0.125,0.0,0.0,0.0,8.9
ビナセブン,,,,,,,,,,,,,母父,7.0,0.14285714285714285,0.42857142857142855,0.7142857142857143,,0.14285714285714285,,0.0,0.2,0.2,0.0,3.0
ビフォーダーク,,,,,,,,,,,,,母父,5.0,0.0,0.0,0.2,0.0,,,0.0,,0.0,0.0,6.0
ビューティアイ,,,,,,,,,,,,,母父,15.0,0.13333333333333333,0.2,0.2,0.16666666666666666,0.0,0.08333333333333333,0.0,0.5,0.1111111111111111,0.0,7.2
ビューティコマンダ,,,,,,,,,,,,,母父,6.0,0.0,0.0,0.0,0.0,0.0,,0.0,0.0,0.0,,9.5
ビューティサン,,,,,,,,,,,,,母父,7.0,0.14285714285714285,0.14285714285714285,0.14285714285714285,0.0,0.3333333333333333,0.25,0.0,,0.14285714285714285,,8.857142857142858
ビューティーコンテスト,,,,,,,,,,,,,母父,7.0,0.14285714285714285,0.14285714285714285,0.2857142857142857,0.16666666666666666,0.0,,0.0,0.25,0.0,0.0,7.142857142857143
ビューティーモズ,,,,,,,,,,,,,母父,7.0,0.0,0.0,0.0,0.0,0.0,0.0,0.0,,0.0,0.0,11.142857142857142
ビラゴーティアラ,,,,,,,,,,,,,母父,12.0,0.0,0.08333333333333333,0.16666666666666666,0.0,,0.0,0.0,0.0,0.0,0.0,7.5
ビリーヴ,,,,,,,,,,,,,母父,6.0,0.5,0.5,0.6666666666666666,0.5,,0.6666666666666666,0.3333333333333333,,0.5,,4.333333333333333
ビリーヴミー,,,,,,,,,,,,,母父,7.0,0.0,0.0,0.14285714285714285,0.0,0.0,0.0,0.0,,0.0,0.0,6.857142857142857
ビーウインド,,,,,,,,,,,,,母父,9.0,0.1111111111111111,0.3333333333333333,0.4444444444444444,0.125,0.0,0.125,0.0,,0.14285714285714285,,5.222222222222222
ビーキュート,,,,,,,,,,,,,母父,7.0,0.0,0.14285714285714285,0.42857142857142855,,0.0,0.0,,,0.0,0.0,5.142857142857143
ビーコンターン,,,,,,,,,,,,,母父,10.0,0.1,0.1,0.2,0.14285714285714285,0.0,0.0,0.14285714285714285,,0.1,,7.4
ビートリックスキッド,,,,,,,,,,,,,母父,6.0,0.0,0.0,0.0,0.0,,,0.0,0.0,0.0,0.0,10.333333333333334
ビービーシグナス,,,,,,,,,,,,,母父,9.0,0.1111111111111111,0.1111111111111111,0.2222222222222222,,0.1111111111111111,0.14285714285714285,0.0,,0.14285714285714285,0.0,9.333333333333334
ビーラヴリー,,,,,,,,,,,,,母父,15.0,0.0,0.0,0.13333333333333333,,0.0,0.0,0.0,,0.0,0.0,7.466666666666667
ピアノコンクール,,,,,,,,,,,,,母父,11.0,0.2727272727272727,0.36363636363636365,0.5454545454545454,0.0,0.3,0.0,0.0,0.42857142857142855,0.2857142857142857,0.0,6.363636363636363
ピエナアマゾン,,,,,,,,,,,,,母父,6.0,0.0,0.16666666666666666,0.16666666666666666,0.0,0.0,0.0,0.0,0.0,0.0,0.0,9.166666666666666
ピエナサクラ,,,,,,,,,,,,,母父,11.0,0.09090909090909091,0.18181818181818182,0.18181818181818182,0.2,0.0,0.0,0.0,0.5,0.14285714285714285,0.0,7.363636363636363
ピエリーナ,,,,,,,,,,,,,母父,9.0,0.0,0.0,0.3333333333333333,,0.0,0.0,0.0,,0.0,,8.0
ピクシーダスト,,,,,,,,,,,,,母父,8.0,0.0,0.0,0.0,0.0,0.0,0.0,0.0,,0.0,,8.375
ピクトリアル,,,,,,,,,,,,,母父,5.0,0.0,0.2,0.2,0.0,0.0,,0.0,0.0,0.0,,6.0
ピサノアリュメール,,,,,,,,,,,,,母父,5.0,0.0,0.0,0.0,0.0,0.0,0.0,0.0,0.0,0.0,0.0,10.4
ピサノグラフ,,,,,,,,,,,,,母父,5.0,0.0,0.0,0.4,0.0,0.0,0.0,0.0,0.0,0.0,0.0,7.2
ピサノバーキン,,,,,,,,,,,,,母父,7.0,0.14285714285714285,0.14285714285714285,0.2857142857142857,0.0,0.16666666666666666,0.2,0.0,,0.2,0.0,9.142857142857142
ピサノプリヴェ,,,,,,,,,,,,,母父,12.0,0.0,0.0,0.0,,0.0,0.0,0.0,,0.0,0.0,8.833333333333334
ピサノルビー,,,,,,,,,,,,,母父,5.0,0.0,0.0,0.0,0.0,0.0,0.0,0.0,,0.0,,8.0
ピサノレインボー,,,,,,,,,,,,,母父,13.0,0.15384615384615385,0.23076923076923078,0.23076923076923078,0.0,0.2857142857142857,0.4,0.0,,0.18181818181818182,,6.230769230769231
ピシーズクイーン,,,,,,,,,,,,,母父,13.0,0.07692307692307693,0.3076923076923077,0.38461538461538464,0.0,0.1111111111111111,0.14285714285714285,0.0,0.0,0.0,0.5,6.846153846153846
ピノブラン,,,,,,,,,,,,,母父,7.0,0.0,0.0,0.0,0.0,0.0,,0.0,,0.0,,8.285714285714286
ピュアゴシップ,,,,,,,,,,,,,母父,6.0,0.0,0.0,0.5,0.0,0.0,,0.0,0.0,0.0,0.0,6.833333333333333
ピュアシンフォニー,,,,,,,,,,,,,母父,7.0,0.0,0.0,0.0,0.0,0.0,0.0,,,0.0,0.0,9.428571428571429
ピュアブリーゼ,,,,,,,,,,,,,母父,9.0,0.1111111111111111,0.2222222222222222,0.3333333333333333,0.1111111111111111,,,0.125,0.0,0.0,0.0,5.555555555555555
ピュアマインド,,,,,,,,,,,,,母父,9.0,0.1111111111111111,0.1111111111111111,0.1111111111111111,0.0,0.125,,0.125,0.0,0.16666666666666666,,7.444444444444445
ピュアーフレーム,,,,,,,,,,,,,母父,6.0,0.0,0.0,0.0,0.0,0.0,0.0,0.0,0.0,0.0,,10.333333333333334
ピューリティー,,,,,,,,,,,,,母父,9.0,0.2222222222222222,0.2222222222222222,0.3333333333333333,0.2222222222222222,,,0.2,0.25,0.2857142857142857,0.0,6.555555555555555
ピンウィール,,,,,,,,,,,,,母父,6.0,0.16666666666666666,0.3333333333333333,0.5,0.0,0.2,0.0,0.2,,0.2,0.0,4.0
ピンクカメオ,,,,,,,,,,,,,母父,16.0,0.0,0.1875,0.1875,0.0,0.0,,0.0,0.0,0.0,0.0,6.625
ピンクサプライズ,,,,,,,,,,,,,母父,15.0,0.06666666666666667,0.13333333333333333,0.2,,0.06666666666666667,0.16666666666666666,0.0,,0.1,0.0,6.533333333333333
ピンクチャリス,,,,,,,,,,,,,母父,5.0,0.0,0.0,0.0,0.0,0.0,0.0,0.0,0.0,0.0,0.0,11.2
ピンクトルマリン,,,,,,,,,,,,,母父,11.0,0.09090909090909091,0.18181818181818182,0.45454545454545453,0.0,0.14285714285714285,0.0,0.125,,0.125,,4.454545454545454
ピンクプルメリア,,,,,,,,,,,,,母父,7.0,0.0,0.14285714285714285,0.14285714285714285,0.0,0.0,,0.0,,0.0,0.0,9.714285714285714
ピントゥハティ,,,,,,,,,,,,,母父,9.0,0.0,0.0,0.0,0.0,0.0,0.0,0.0,,0.0,0.0,8.222222222222221
ピースオブアイ,,,,,,,,,,,,,母父,5.0,0.0,0.0,0.0,0.0,0.0,0.0,0.0,,0.0,0.0,12.2
ピースオブワールド,,,,,,,,,,,,,母父,9.0,0.1111111111111111,0.2222222222222222,0.3333333333333333,,0.1111111111111111,,0.14285714285714285,0.0,0.0,0.5,5.222222222222222
ピーチフィズ,,,,,,,,,,,,,母父,16.0,0.0,0.0,0.0,0.0,0.0,0.0,0.0,,0.0,0.0,10.0625
ピーチブローフィズ,,,,,,,,,,,,,母父,9.0,0.1111111111111111,0.2222222222222222,0.3333333333333333,0.0,0.3333333333333333,,0.125,0.0,0.16666666666666666,0.0,7.333333333333333
ファイトソング,,,,,,,,,,,,,母父,10.0,0.0,0.2,0.3,0.0,0.0,0.0,0.0,0.0,0.0,0.0,6.9
ファイナルスコア,,,,,,,,,,,,,母父,5.0,0.2,0.2,0.8,0.0,1.0,,1.0,0.0,0.25,,3.2
ファイナルリリー,,,,,,,,,,,,,母父,9.0,0.0,0.0,0.0,,0.0,0.0,0.0,,0.0,0.0,9.0
ファイノメナ,,,,,,,,,,,,,母父,6.0,0.6666666666666666,0.6666666666666666,0.6666666666666666,0.6666666666666666,,,0.5,0.75,0.6666666666666666,,5.333333333333333
ファイブスター,,,,,,,,,,,,,母父,13.0,0.07692307692307693,0.07692307692307693,0.23076923076923078,0.0,0.1111111111111111,0.0,0.125,,0.0,0.5,8.923076923076923
ファインビンテージ,,,,,,,,,,,,,母父,13.0,0.07692307692307693,0.07692307692307693,0.07692307692307693,0.07692307692307693,,0.0,0.09090909090909091,0.0,0.1,,8.76923076923077
ファインレディー,,,,,,,,,,,,,母父,7.0,0.0,0.14285714285714285,0.2857142857142857,,0.0,0.0,,,0.0,0.0,6.571428571428571
ファシネイション,,,,,,,,,,,,,母父,7.0,0.0,0.0,0.14285714285714285,0.0,,0.0,0.0,0.0,0.0,0.0,6.142857142857143
ファシネートダイア,,,,,,,,,,,,,母父,7.0,0.14285714285714285,0.2857142857142857,0.2857142857142857,0.5,0.0,0.0,1.0,,0.25,0.0,7.571428571428571
ファスキナーレ,,,,,,,,,,,,,母父,7.0,0.14285714285714285,0.14285714285714285,0.14285714285714285,0.0,0.16666666666666666,0.14285714285714285,,,0.0,1.0,9.285714285714286
ファダラン,,,,,,,,,,,,,母父,9.0,0.1111111111111111,0.1111111111111111,0.1111111111111111,,0.1111111111111111,0.0,0.125,,0.14285714285714285,0.0,7.444444444444445
ファッションプレート,,,,,,,,,,,,,母父,9.0,0.0,0.0,0.1111111111111111,0.0,0.0,0.0,0.0,0.0,0.0,,6.888888888888889
ファニーストーリー,,,,,,,,,,,,,母父,15.0,0.13333333333333333,0.2,0.26666666666666666,0.0,0.14285714285714285,0.0,0.25,0.0,0.09090909090909091,0.3333333333333333,6.533333333333333
ファニーモーク,,,,,,,,,,,,,母父,8.0,0.0,0.25,0.25,,0.0,0.0,,,0.0,0.0,6.375
ファビュラスセンス,,,,,,,,,,,,,母父,6.0,0.0,0.16666666666666666,0.16666666666666666,0.0,0.0,,0.0,,0.0,0.0,9.0
ファビラスタイム,,,,,,,,,,,,,母父,8.0,0.0,0.25,0.25,0.0,,,0.0,0.0,0.0,,5.25
ファミリズム,,,,,,,,,,,,,母父,12.0,0.0,0.3333333333333333,0.3333333333333333,0.0,0.0,0.0,,,0.0,0.0,6.75
ファルネーゼ,,,,,,,,,,,,,母父,5.0,0.0,0.0,0.0,0.0,,,0.0,,0.0,0.0,8.2
ファルファラ,,,,,,,,,,,,,母父,7.0,0.0,0.0,0.14285714285714285,0.0,0.0,,0.0,0.0,0.0,0.0,7.428571428571429
ファンアットコート,,,,,,,,,,,,,母父,7.0,0.0,0.0,0.0,0.0,0.0,0.0,0.0,0.0,0.0,0.0,10.714285714285714
ファンシーミューズ,,,,,,,,,,,,,母父,5.0,0.0,0.0,0.0,,0.0,,0.0,0.0,0.0,,13.0
ファンシーリシェス,,,,,,,,,,,,,母父,5.0,0.0,0.0,0.2,0.0,,,0.0,,0.0,,5.6
ファンフェア,,,,,,,,,,,,,母父,5.0,0.0,0.0,0.0,,0.0,0.0,0.0,,0.0,0.0,6.6
ファーゴ,,,,,,,,,,,,,母父,6.0,0.16666666666666666,0.16666666666666666,0.16666666666666666,0.2,0.0,,0.2,0.0,0.0,0.0,6.333333333333333
ファーストチェア,,,,,,,,,,,,,母父,12.0,0.08333333333333333,0.25,0.3333333333333333,0.0,0.1,0.0,0.1111111111111111,,0.125,0.0,4.833333333333333
ファーストナイト,,,,,,,,,,,,,母父,5.0,0.0,0.2,0.2,0.0,0.0,,0.0,0.0,0.0,,6.6
ファーストナイナー,,,,,,,,,,,,,母父,5.0,0.0,0.0,0.0,0.0,,0.0,0.0,,0.0,0.0,9.2
ファーストレディ,,,,,,,,,,,,,母父,6.0,0.16666666666666666,0.3333333333333333,0.5,,0.16666666666666666,,0.16666666666666666,,0.3333333333333333,0.0,5.333333333333333
ファービヨンド,,,,,,,,,,,,,母父,7.0,0.0,0.0,0.0,,0.0,0.0,,,0.0,0.0,12.285714285714286
ファーマジェンヌ,,,,,,,,,,,,,母父,7.0,0.0,0.0,0.2857142857142857,0.0,0.0,,0.0,,0.0,,7.285714285714286
ファーマベリー,,,,,,,,,,,,,母父,5.0,0.0,0.0,0.0,,0.0,0.0,,,0.0,0.0,9.8
ファーマペニー,,,,,,,,,,,,,母父,6.0,0.0,0.0,0.3333333333333333,0.0,0.0,0.0,0.0,0.0,0.0,0.0,9.5
ファーレサルティ,,,,,,,,,,,,,母父,20.0,0.05,0.25,0.4,0.0,0.058823529411764705,0.0,0.0625,,0.0,0.25,6.9
フィアレス,,,,,,,,,,,,,母父,7.0,0.0,0.14285714285714285,0.42857142857142855,,0.0,0.0,0.0,,0.0,,6.714285714285714
フィオドラ,,,,,,,,,,,,,母父,12.0,0.0,0.0,0.08333333333333333,0.0,,0.0,0.0,0.0,0.0,0.0,7.916666666666667
フィックルベリー,,,,,,,,,,,,,母父,5.0,0.0,0.2,0.2,0.0,,0.0,0.0,,0.0,,9.2
フィリス,,,,,,,,,,,,,母父,6.0,0.0,0.16666666666666666,0.3333333333333333,,0.0,0.0,,,0.0,0.0,5.333333333333333
フィルハーマジック,,,,,,,,,,,,,母父,11.0,0.0,0.09090909090909091,0.2727272727272727,0.0,0.0,,0.0,0.0,0.0,0.0,6.7272727272727275
フィロンルージュ,,,,,,,,,,,,,母父,16.0,0.125,0.25,0.3125,0.0,0.15384615384615385,0.0,0.1111111111111111,0.25,0.2,0.0,6.3125
フィーユ,,,,,,,,,,,,,母父,8.0,0.0,0.125,0.25,0.0,0.0,,0.0,0.0,0.0,0.0,6.625
フィールグリュック,,,,,,,,,,,,,母父,10.0,0.0,0.0,0.1,0.0,0.0,0.0,0.0,0.0,0.0,0.0,6.4
フィールザタレント,,,,,,,,,,,,,母父,5.0,0.0,0.0,0.0,0.0,0.0,0.0,0.0,,0.0,0.0,8.0
フィールザビュウ,,,,,,,,,,,,,母父,29.0,0.034482758620689655,0.06896551724137931,0.2413793103448276,0.0,0.037037037037037035,0.05555555555555555,0.0,0.0,0.06666666666666667,0.0,6.724137931034483
フィールザファン,,,,,,,,,,,,,母父,7.0,0.0,0.0,0.0,,0.0,0.0,0.0,,0.0,0.0,8.857142857142858
フィールザレース,,,,,,,,,,,,,母父,5.0,0.6,0.6,0.8,0.6666666666666666,0.5,,0.6,,0.5,1.0,2.4
フィールザロマンス,,,,,,,,,,,,,母父,7.0,0.0,0.14285714285714285,0.14285714285714285,,0.0,0.0,,,0.0,0.0,8.428571428571429
フィールドボニータ,,,,,,,,,,,,,母父,11.0,0.18181818181818182,0.18181818181818182,0.18181818181818182,0.2857142857142857,0.0,0.2222222222222222,0.0,,0.125,0.3333333333333333,8.181818181818182
フィールドメジャー,,,,,,,,,,,,,母父,7.0,0.0,0.14285714285714285,0.14285714285714285,0.0,0.0,0.0,0.0,,0.0,0.0,9.571428571428571
フィールフリーリー,,,,,,,,,,,,,母父,5.0,0.0,0.0,0.0,0.0,0.0,0.0,0.0,0.0,0.0,,10.2
フェアエレン,,,,,,,,,,,,,母父,31.0,0.03225806451612903,0.16129032258064516,0.2903225806451613,0.1,0.0,0.0,0.0,0.25,0.045454545454545456,0.0,6.645161290322581
フェアナタリー,,,,,,,,,,,,,母父,14.0,0.0,0.07142857142857142,0.14285714285714285,,0.0,0.0,0.0,,0.0,0.0,9.714285714285714
フェアノータム,,,,,,,,,,,,,母父,6.0,0.16666666666666666,0.16666666666666666,0.16666666666666666,,0.16666666666666666,0.5,0.0,,0.25,0.0,8.0
フェアリーダンス,,,,,,,,,,,,,母父,9.0,0.2222222222222222,0.2222222222222222,0.5555555555555556,0.25,0.2,,0.2222222222222222,,0.14285714285714285,0.5,6.888888888888889
フェアリーバニヤン,,,,,,,,,,,,,母父,10.0,0.0,0.1,0.2,,0.0,0.0,0.0,,0.0,0.0,9.2
フェアリーブレス,,,,,,,,,,,,,母父,7.0,0.0,0.0,0.2857142857142857,0.0,0.0,0.0,0.0,,0.0,0.0,6.571428571428571
フェイドレス,,,,,,,,,,,,,母父,11.0,0.0,0.09090909090909091,0.18181818181818182,0.0,0.0,0.0,0.0,,0.0,0.0,6.636363636363637
フェスタデルドンナ,,,,,,,,,,,,,母父,5.0,0.0,0.0,0.0,0.0,0.0,,0.0,0.0,0.0,,7.2
フェスティヴキティ,,,,,,,,,,,,,母父,5.0,0.0,0.0,0.0,,0.0,0.0,,,0.0,0.0,12.0
フェスティヴマロン,,,,,,,,,,,,,母父,9.0,0.0,0.0,0.1111111111111111,0.0,0.0,0.0,0.0,,0.0,0.0,6.444444444444445
フェスティヴレディ,,,,,,,,,,,,,母父,6.0,0.0,0.16666666666666666,0.3333333333333333,0.0,0.0,0.0,,,0.0,0.0,4.833333333333333
フェバリットガール,,,,,,,,,,,,,母父,10.0,0.1,0.2,0.3,,0.1,0.0,0.125,,0.125,0.0,6.1
フェミニンガール,,,,,,,,,,,,,母父,14.0,0.14285714285714285,0.14285714285714285,0.21428571428571427,0.0,0.15384615384615385,0.0,0.2857142857142857,,0.16666666666666666,0.3333333333333333,7.928571428571429
フェリアード,,,,,,,,,,,,,母父,11.0,0.0,0.0,0.0,0.0,0.0,0.0,,0.0,0.0,0.0,8.636363636363637
フェリシタス,,,,,,,,,,,,,母父,7.0,0.14285714285714285,0.14285714285714285,0.14285714285714285,0.0,0.5,0.5,0.0,,0.25,,7.571428571428571
フェリス,,,,,,,,,,,,,母父,7.0,0.0,0.14285714285714285,0.14285714285714285,0.0,0.0,0.0,0.0,0.0,0.0,0.0,9.857142857142858
フェリスタス,,,,,,,,,,,,,母父,6.0,0.0,0.0,0.3333333333333333,,0.0,,0.0,,0.0,0.0,5.0
フェルガーナ,,,,,,,,,,,,,母父,8.0,0.25,0.375,0.375,,0.25,0.25,,,0.5,0.0,4.75
フェルミオン,,,,,,,,,,,,,母父,15.0,0.06666666666666667,0.26666666666666666,0.4,0.08333333333333333,0.0,0.0,0.08333333333333333,,0.09090909090909091,0.0,5.866666666666666
フェレット,,,,,,,,,,,,,母父,16.0,0.125,0.125,0.125,,0.125,0.125,,,0.0,0.0,6.375
フェータルローズ,,,,,,,,,,,,,母父,13.0,0.07692307692307693,0.3076923076923077,0.38461538461538464,0.07692307692307693,,0.25,0.0,0.0,0.1,,4.615384615384615
フォクシーレッグス,,,,,,,,,,,,,母父,5.0,0.0,0.0,0.0,,0.0,0.0,0.0,,0.0,0.0,9.0
フォルクスオーパー,,,,,,,,,,,,,母父,7.0,0.0,0.0,0.0,,0.0,0.0,0.0,,0.0,0.0,8.571428571428571
フォルクローレ,,,,,,,,,,,,,母父,6.0,0.0,0.0,0.16666666666666666,0.0,0.0,0.0,0.0,,0.0,0.0,6.833333333333333
フォルテピアノ,,,,,,,,,,,,,母父,8.0,0.125,0.375,0.375,,0.125,0.0,0.2,,0.14285714285714285,0.0,7.5
フォレストビーナス,,,,,,,,,,,,,母父,7.0,0.0,0.0,0.0,0.0,0.0,,0.0,0.0,0.0,0.0,10.857142857142858
フォレノワール,,,,,,,,,,,,,母父,5.0,0.0,0.2,0.4,,0.0,0.0,0.0,,0.0,,6.8
フォーシンズ,,,,,,,,,,,,,母父,5.0,0.0,0.2,0.2,0.0,,0.0,0.0,0.0,0.0,0.0,5.6
フォーティエース,,,,,,,,,,,,,母父,6.0,0.0,0.16666666666666666,0.3333333333333333,,0.0,0.0,0.0,,0.0,0.0,6.166666666666667
フォーハピネス,,,,,,,,,,,,,母父,5.0,0.0,0.0,0.0,,0.0,0.0,,,0.0,0.0,8.4
フォーミー,,,,,,,,,,,,,母父,13.0,0.15384615384615385,0.38461538461538464,0.5384615384615384,,0.15384615384615385,0.0,0.16666666666666666,,0.5,0.1111111111111111,5.0
フォーモサアピール,,,,,,,,,,,,,母父,7.0,0.0,0.14285714285714285,0.2857142857142857,,0.0,0.0,,,0.0,0.0,4.571428571428571
フォーモサマンボ,,,,,,,,,,,,,母父,7.0,0.0,0.0,0.0,0.0,0.0,0.0,0.0,,0.0,0.0,7.857142857142857
フギン,,,,,,,,,,,,,母父,13.0,0.07692307692307693,0.23076923076923078,0.38461538461538464,0.08333333333333333,0.0,0.0,0.2,,0.0,0.0,7.076923076923077
フクウマ,,,,,,,,,,,,,母父,8.0,0.0,0.0,0.0,,0.0,0.0,,,0.0,0.0,8.875
フクシア,,,,,,,,,,,,,母父,12.0,0.0,0.0,0.16666666666666666,0.0,0.0,,0.0,0.0,0.0,0.0,7.583333333333333
フクノドリーム,,,,,,,,,,,,,母父,6.0,0.0,0.16666666666666666,0.16666666666666666,,0.0,0.0,,,0.0,0.0,3.6666666666666665
フサイチジェット,,,,,,,,,,,,,母父,18.0,0.2222222222222222,0.2222222222222222,0.2777777777777778,,0.2222222222222222,0.0,0.3333333333333333,,0.3333333333333333,0.0,6.944444444444445
フサイチパンドラ,,,,,,,,,,,,,母父,6.0,0.16666666666666666,0.3333333333333333,0.3333333333333333,0.3333333333333333,0.0,0.0,0.3333333333333333,,0.5,0.0,5.333333333333333
フサイチリニモ,,,,,,,,,,,,,母父,9.0,0.0,0.0,0.0,0.0,,,0.0,0.0,0.0,0.0,8.222222222222221
フジキラメキ,,,,,,,,,,,,,母父,10.0,0.0,0.0,0.1,0.0,0.0,0.0,0.0,,0.0,0.0,7.4
フジドリーム,,,,,,,,,,,,,母父,8.0,0.0,0.0,0.125,0.0,0.0,0.0,0.0,,0.0,,8.875
フミノオリヒメ,,,,,,,,,,,,,母父,8.0,0.0,0.125,0.125,0.0,0.0,0.0,0.0,0.0,0.0,0.0,9.25
フューチャサンデー,,,,,,,,,,,,,母父,9.0,0.1111111111111111,0.1111111111111111,0.1111111111111111,,0.1111111111111111,,0.125,0.0,0.0,0.5,6.777777777777778
フライングメリッサ,,,,,,,,,,,,,母父,12.0,0.16666666666666666,0.25,0.25,0.16666666666666666,,,0.2,0.0,0.16666666666666666,0.0,6.0
フラッテローザ,,,,,,,,,,,,,母父,5.0,0.0,0.2,0.4,0.0,0.0,,0.0,0.0,0.0,0.0,6.2
フラッパーウィング,,,,,,,,,,,,,母父,5.0,0.0,0.0,0.0,,0.0,,0.0,0.0,0.0,0.0,13.8
フラムドール,,,,,,,,,,,,,母父,6.0,0.0,0.3333333333333333,0.3333333333333333,0.0,,0.0,0.0,,0.0,,5.333333333333333
フラライン,,,,,,,,,,,,,母父,8.0,0.0,0.125,0.25,,0.0,0.0,0.0,,0.0,0.0,8.0
フラワーガイア,,,,,,,,,,,,,母父,11.0,0.0,0.09090909090909091,0.36363636363636365,,0.0,0.0,0.0,,0.0,0.0,7.545454545454546
フラワーロック,,,,,,,,,,,,,母父,5.0,0.0,0.0,0.2,0.0,0.0,0.0,0.0,,0.0,0.0,10.0
フランシール,,,,,,,,,,,,,母父,5.0,0.0,0.0,0.0,0.0,0.0,0.0,0.0,0.0,0.0,,8.2
フランチェスカ,,,,,,,,,,,,,母父,6.0,0.0,0.16666666666666666,0.16666666666666666,0.0,0.0,,0.0,0.0,0.0,0.0,6.0
フラヴィニー,,,,,,,,,,,,,母父,5.0,0.0,0.0,0.0,0.0,,0.0,0.0,,0.0,,11.4
フラーテイシャスミス,,,,,,,,,,,,,母父,5.0,0.0,0.2,0.2,0.0,0.0,0.0,0.0,0.0,0.0,,7.2
フリティラリア,,,,,,,,,,,,,母父,8.0,0.0,0.125,0.25,0.0,,0.0,0.0,0.0,0.0,0.0,5.75
フリーティングスピリット,,,,,,,,,,,,,母父,7.0,0.14285714285714285,0.14285714285714285,0.14285714285714285,0.2,0.0,0.14285714285714285,,,0.25,0.0,7.857142857142857
フリーヴァケイション,,,,,,,,,,,,,母父,12.0,0.0,0.08333333333333333,0.16666666666666666,0.0,0.0,,0.0,0.0,0.0,0.0,6.75
フルマークス,,,,,,,,,,,,,母父,8.0,0.125,0.125,0.125,0.2,0.0,0.0,0.0,0.25,0.16666666666666666,0.0,6.25
フレイムミーティア,,,,,,,,,,,,,母父,15.0,0.13333333333333333,0.26666666666666666,0.5333333333333333,0.16666666666666666,0.0,0.14285714285714285,0.14285714285714285,0.0,0.18181818181818182,0.0,5.2
フレジェール,,,,,,,,,,,,,母父,12.0,0.08333333333333333,0.08333333333333333,0.16666666666666666,,0.08333333333333333,0.2,0.0,,0.16666666666666666,0.0,8.75
フレンズ,,,,,,,,,,,,,母父,7.0,0.0,0.0,0.0,0.0,0.0,0.0,,0.0,0.0,,7.0
フレンチカクタス,,,,,,,,,,,,,母父,5.0,0.0,0.0,0.0,0.0,0.0,0.0,0.0,,0.0,0.0,10.0
フレンチトウショウ,,,,,,,,,,,,,母父,6.0,0.0,0.16666666666666666,0.16666666666666666,,0.0,,0.0,0.0,0.0,0.0,10.166666666666666
フレンチドール,,,,,,,,,,,,,母父,8.0,0.125,0.25,0.375,,0.125,0.5,0.0,,0.0,0.5,7.375
フレンチノワール,,,,,,,,,,,,,母父,15.0,0.26666666666666666,0.4666666666666667,0.4666666666666667,,0.26666666666666666,0.5,0.0,,0.375,0.0,4.533333333333333
フレンチバレリーナ,,,,,,,,,,,,,母父,12.0,0.16666666666666666,0.16666666666666666,0.25,0.4,0.0,0.0,0.14285714285714285,1.0,0.2222222222222222,,6.833333333333333
フレンチフレイバー,,,,,,,,,,,,,母父,6.0,0.0,0.0,0.0,0.0,0.0,,0.0,,0.0,,11.333333333333334
フレンチボウ,,,,,,,,,,,,,母父,6.0,0.16666666666666666,0.16666666666666666,0.3333333333333333,0.16666666666666666,,,0.0,0.25,0.0,,7.333333333333333
フレンチミシル,,,,,,,,,,,,,母父,9.0,0.0,0.3333333333333333,0.5555555555555556,,0.0,,0.0,,0.0,0.0,5.333333333333333
フレンチリヴィエラ,,,,,,,,,,,,,母父,9.0,0.0,0.0,0.0,0.0,0.0,,0.0,0.0,0.0,0.0,7.555555555555555
フレームオブトゥルース,,,,,,,,,,,,,母父,6.0,0.0,0.0,0.0,,0.0,0.0,0.0,,0.0,0.0,9.5
フロイラインローゼ,,,,,,,,,,,,,母父,7.0,0.0,0.0,0.14285714285714285,0.0,0.0,0.0,0.0,0.0,0.0,0.0,9.571428571428571
フロリアード,,,,,,,,,,,,,母父,7.0,0.14285714285714285,0.14285714285714285,0.2857142857142857,,0.14285714285714285,0.2,0.0,,0.0,0.5,6.857142857142857
フローズンムーン,,,,,,,,,,,,,母父,8.0,0.0,0.125,0.25,0.0,0.0,0.0,0.0,,0.0,0.0,6.25
フローラルウインド,,,,,,,,,,,,,母父,17.0,0.17647058823529413,0.23529411764705882,0.29411764705882354,,0.17647058823529413,0.3333333333333333,0.16666666666666666,0.0,0.1111111111111111,0.0,6.0
フローラルパレス,,,,,,,,,,,,,母父,14.0,0.07142857142857142,0.21428571428571427,0.21428571428571427,,0.07142857142857142,0.07692307692307693,0.0,,0.09090909090909091,0.0,5.642857142857143
フローラルホーム,,,,,,,,,,,,,母父,11.0,0.09090909090909091,0.09090909090909091,0.09090909090909091,0.0,0.1,0.1,,0.0,0.0,0.0,9.727272727272727
フローラルホール,,,,,,,,,,,,,母父,14.0,0.07142857142857142,0.07142857142857142,0.07142857142857142,0.125,0.0,0.0,0.1111111111111111,0.0,0.0,0.0,6.857142857142857
フローレスダンサー,,,,,,,,,,,,,母父,7.0,0.2857142857142857,0.42857142857142855,0.5714285714285714,0.3333333333333333,0.0,,0.3333333333333333,0.0,0.5,0.0,3.5714285714285716
フローレンスガール,,,,,,,,,,,,,母父,17.0,0.11764705882352941,0.17647058823529413,0.35294117647058826,0.18181818181818182,0.0,0.2,0.08333333333333333,,0.07692307692307693,0.0,4.823529411764706
ブエナビスタ,,,,,,,,,,,,,母父,12.0,0.16666666666666666,0.25,0.4166666666666667,0.18181818181818182,0.0,0.0,0.2,,0.125,,5.166666666666667
ブギーダモーレ,,,,,,,,,,,,,母父,5.0,0.2,0.2,0.4,0.25,0.0,0.0,0.3333333333333333,,0.25,,5.8
ブセナ,,,,,,,,,,,,,母父,8.0,0.25,0.375,0.75,,0.25,0.0,0.2857142857142857,,0.25,0.5,3.75
ブチコ,,,,,,,,,,,,,母父,8.0,0.375,0.5,0.625,0.42857142857142855,0.0,0.5,0.3333333333333333,,0.5,0.0,4.0
ブライアンオークス,,,,,,,,,,,,,母父,8.0,0.0,0.0,0.0,0.0,0.0,0.0,,,0.0,,9.25
ブライアンズレター,,,,,,,,,,,,,母父,13.0,0.07692307692307693,0.07692307692307693,0.15384615384615385,0.0,0.09090909090909091,,0.0,0.3333333333333333,0.125,0.0,9.153846153846153
ブライアンハニー,,,,,,,,,,,,,母父,5.0,0.0,0.0,0.0,0.0,,,0.0,0.0,0.0,0.0,11.8
ブライスキャニオン,,,,,,,,,,,,,母父,5.0,0.0,0.0,0.2,0.0,0.0,,0.0,0.0,0.0,0.0,7.4
ブライダルドレス,,,,,,,,,,,,,母父,5.0,0.0,0.0,0.0,,0.0,0.0,0.0,,0.0,0.0,11.8
ブライティアガール,,,,,,,,,,,,,母父,6.0,0.0,0.0,0.16666666666666666,,0.0,0.0,0.0,0.0,0.0,0.0,9.833333333333334
ブライティアパルス,,,,,,,,,,,,,母父,7.0,0.14285714285714285,0.14285714285714285,0.2857142857142857,0.16666666666666666,0.0,0.16666666666666666,0.0,,0.25,0.0,8.714285714285714
ブライティアピア,,,,,,,,,,,,,母父,8.0,0.0,0.25,0.25,,0.0,0.0,,,0.0,0.0,5.75
ブライトサファイヤ,,,,,,,,,,,,,母父,7.0,0.0,0.14285714285714285,0.2857142857142857,,0.0,0.0,0.0,,0.0,0.0,6.714285714285714
ブライドウッド,,,,,,,,,,,,,母父,6.0,0.16666666666666666,0.16666666666666666,0.5,,0.16666666666666666,0.16666666666666666,,,0.25,,7.0
ブラジリアンビューティ,,,,,,,,,,,,,母父,14.0,0.21428571428571427,0.21428571428571427,0.35714285714285715,0.18181818181818182,0.3333333333333333,0.0,0.3333333333333333,0.0,0.2222222222222222,0.5,7.214285714285714
ブラッキーピサ,,,,,,,,,,,,,母父,6.0,0.0,0.0,0.0,0.0,0.0,0.0,0.0,0.0,0.0,,8.5
ブラックアテナ,,,,,,,,,,,,,母父,11.0,0.0,0.0,0.18181818181818182,0.0,0.0,0.0,0.0,0.0,0.0,0.0,7.636363636363637
ブラックエンブレム,,,,,,,,,,,,,母父,13.0,0.15384615384615385,0.23076923076923078,0.46153846153846156,0.16666666666666666,0.0,0.0,0.18181818181818182,,0.16666666666666666,0.0,6.615384615384615
ブラックシュガー,,,,,,,,,,,,,母父,7.0,0.14285714285714285,0.2857142857142857,0.42857142857142855,,0.14285714285714285,0.0,0.3333333333333333,0.0,0.0,0.3333333333333333,5.571428571428571
ブラックビスケット,,,,,,,,,,,,,母父,5.0,0.0,0.0,0.0,0.0,0.0,0.0,,,0.0,0.0,10.0
ブラボーデイジー,,,,,,,,,,,,,母父,7.0,0.0,0.0,0.0,0.0,0.0,0.0,0.0,0.0,0.0,,9.428571428571429
ブランシェール,,,,,,,,,,,,,母父,16.0,0.125,0.25,0.4375,0.2222222222222222,0.0,0.0,0.3333333333333333,,0.16666666666666666,0.0,5.5
ブランジェリーナ,,,,,,,,,,,,,母父,7.0,0.0,0.0,0.0,0.0,0.0,0.0,,,0.0,0.0,11.714285714285714
ブランピュール,,,,,,,,,,,,,母父,6.0,0.16666666666666666,0.3333333333333333,0.3333333333333333,0.0,0.3333333333333333,0.2,,0.0,0.25,,6.666666666666667
ブランフィル,,,,,,,,,,,,,母父,5.0,0.2,0.2,0.2,0.0,0.3333333333333333,0.25,0.0,,0.25,0.0,8.4
ブリクセン,,,,,,,,,,,,,母父,18.0,0.1111111111111111,0.1111111111111111,0.1111111111111111,0.08333333333333333,0.16666666666666666,,0.09090909090909091,0.14285714285714285,0.0,0.0,8.666666666666666
ブリッサ,,,,,,,,,,,,,母父,22.0,0.0,0.18181818181818182,0.3181818181818182,0.0,0.0,0.0,0.0,0.0,0.0,0.0,5.818181818181818
ブリッジクライム,,,,,,,,,,,,,母父,6.0,0.0,0.0,0.0,0.0,0.0,0.0,0.0,0.0,0.0,0.0,10.666666666666666
ブリッツフィナーレ,,,,,,,,,,,,,母父,12.0,0.08333333333333333,0.16666666666666666,0.25,0.08333333333333333,,,0.25,0.0,0.125,0.0,6.75
ブリトン,,,,,,,,,,,,,母父,7.0,0.0,0.0,0.0,0.0,0.0,,0.0,0.0,0.0,0.0,10.571428571428571
ブリュメール,,,,,,,,,,,,,母父,6.0,0.0,0.0,0.0,0.0,0.0,,0.0,0.0,0.0,,11.5
ブリリアントクラン,,,,,,,,,,,,,母父,9.0,0.0,0.2222222222222222,0.3333333333333333,0.0,0.0,0.0,0.0,,0.0,0.0,4.666666666666667
ブリリアントレイ,,,,,,,,,,,,,母父,6.0,0.0,0.0,0.16666666666666666,0.0,0.0,0.0,0.0,,0.0,0.0,10.5
ブリーボーンズ,,,,,,,,,,,,,母父,8.0,0.0,0.0,0.0,0.0,0.0,0.0,0.0,,0.0,0.0,10.75
ブルーグラスチャッター,,,,,,,,,,,,,母父,16.0,0.0625,0.0625,0.0625,0.1,0.0,0.0,0.09090909090909091,,0.1,0.0,8.875
ブルーストーン,,,,,,,,,,,,,母父,10.0,0.2,0.3,0.5,0.2,,0.125,0.5,,0.14285714285714285,,4.4
ブルーダイアモンド,,,,,,,,,,,,,母父,8.0,0.125,0.25,0.25,0.125,,,0.0,0.16666666666666666,0.0,0.5,6.625
ブルーブルチャンネ,,,,,,,,,,,,,母父,8.0,0.0,0.0,0.0,0.0,0.0,0.0,0.0,0.0,0.0,0.0,7.125
ブルーボンボヤージ,,,,,,,,,,,,,母父,7.0,0.0,0.14285714285714285,0.14285714285714285,0.0,0.0,,0.0,0.0,0.0,,8.142857142857142
ブルーポラリス,,,,,,,,,,,,,母父,7.0,0.0,0.0,0.14285714285714285,0.0,0.0,0.0,0.0,0.0,0.0,0.0,6.142857142857143
ブルーミングアレー,,,,,,,,,,,,,母父,9.0,0.3333333333333333,0.6666666666666666,0.8888888888888888,0.3333333333333333,,,0.5,0.0,0.5,0.5,2.2222222222222223
ブルーミングスノー,,,,,,,,,,,,,母父,15.0,0.0,0.06666666666666667,0.13333333333333333,0.0,0.0,0.0,0.0,0.0,0.0,0.0,9.8
ブルーミンバー,,,,,,,,,,,,,母父,23.0,0.17391304347826086,0.34782608695652173,0.391304347826087,0.15789473684210525,0.25,0.0,0.1875,0.3333333333333333,0.17647058823529413,0.0,5.086956521739131
ブルーメンブラット,,,,,,,,,,,,,母父,13.0,0.07692307692307693,0.23076923076923078,0.38461538461538464,0.1111111111111111,0.0,0.0,0.0,0.3333333333333333,0.1111111111111111,0.0,5.153846153846154
ブルーモントレー,,,,,,,,,,,,,母父,5.0,0.0,0.0,0.0,0.0,0.0,,0.0,0.0,0.0,0.0,11.4
ブルーレイ,,,,,,,,,,,,,母父,14.0,0.07142857142857142,0.07142857142857142,0.14285714285714285,0.14285714285714285,0.0,0.0,0.07692307692307693,,0.08333333333333333,,6.285714285714286
ブルーレインボウ,,,,,,,,,,,,,母父,6.0,0.0,0.0,0.0,,0.0,0.0,0.0,,0.0,0.0,7.0
ブレンダ,,,,,,,,,,,,,母父,12.0,0.08333333333333333,0.25,0.3333333333333333,,0.08333333333333333,,0.08333333333333333,,0.1111111111111111,0.0,5.333333333333333
ブロッケン,,,,,,,,,,,,,母父,7.0,0.14285714285714285,0.2857142857142857,0.2857142857142857,,0.14285714285714285,0.14285714285714285,,,0.25,0.0,6.714285714285714
ブロンコーネ,,,,,,,,,,,,,母父,9.0,0.1111111111111111,0.3333333333333333,0.4444444444444444,0.0,0.14285714285714285,0.14285714285714285,0.0,,0.0,0.25,6.777777777777778
ブロンシェダーム,,,,,,,,,,,,,母父,10.0,0.0,0.0,0.4,0.0,,,0.0,,0.0,,4.9
ブロンドヒロイン,,,,,,,,,,,,,母父,17.0,0.058823529411764705,0.058823529411764705,0.11764705882352941,0.125,0.0,0.0,0.125,,0.1,0.0,6.705882352941177
ブロードストリート,,,,,,,,,,,,,母父,7.0,0.14285714285714285,0.2857142857142857,0.2857142857142857,0.16666666666666666,0.0,0.0,0.2,,0.25,,8.142857142857142
ブロードピーク,,,,,,,,,,,,,母父,5.0,0.0,0.0,0.2,0.0,0.0,0.0,0.0,0.0,0.0,,7.6
ブロームフォンテン,,,,,,,,,,,,,母父,6.0,0.16666666666666666,0.3333333333333333,0.3333333333333333,0.16666666666666666,,0.0,0.3333333333333333,,0.16666666666666666,,6.0
ブーケドレーヌ,,,,,,,,,,,,,母父,7.0,0.0,0.0,0.0,0.0,0.0,,0.0,0.0,0.0,0.0,6.285714285714286
プチノワール,,,,,,,,,,,,,母父,32.0,0.15625,0.28125,0.34375,0.13333333333333333,0.5,0.0,0.20833333333333334,0.0,0.13636363636363635,0.5,5.8125
プライムウィッシュ,,,,,,,,,,,,,母父,11.0,0.09090909090909091,0.18181818181818182,0.18181818181818182,0.0,0.1,0.0,0.0,0.2,0.125,0.0,6.363636363636363
プライムオブユース,,,,,,,,,,,,,母父,5.0,0.0,0.0,0.0,0.0,,,,0.0,0.0,0.0,7.0
プラウドスペル,,,,,,,,,,,,,母父,19.0,0.10526315789473684,0.10526315789473684,0.21052631578947367,0.0,0.16666666666666666,0.2857142857142857,0.0,0.0,0.0,0.0,6.578947368421052
プラセンティア,,,,,,,,,,,,,母父,29.0,0.13793103448275862,0.2413793103448276,0.2413793103448276,,0.13793103448275862,0.125,0.11764705882352941,0.25,0.058823529411764705,0.2,8.172413793103448
プラティーヌ,,,,,,,,,,,,,母父,5.0,0.4,0.4,0.6,,0.4,0.4,,,0.25,1.0,5.0
プラヤデシエルタ,,,,,,,,,,,,,母父,5.0,0.0,0.2,0.2,0.0,,,0.0,,0.0,,5.2
プランタンシャルム,,,,,,,,,,,,,母父,5.0,0.0,0.0,0.4,0.0,,0.0,0.0,,0.0,,5.6
プラージュ,,,,,,,,,,,,,母父,6.0,0.16666666666666666,0.16666666666666666,0.16666666666666666,0.0,0.2,,0.5,0.0,0.0,0.0,8.0
プリッシーブリッチーズ,,,,,,,,,,,,,母父,5.0,0.0,0.0,0.0,0.0,0.0,0.0,0.0,,0.0,0.0,10.2
プリティウイッチ,,,,,,,,,,,,,母父,12.0,0.0,0.0,0.16666666666666666,0.0,0.0,0.0,0.0,0.0,0.0,0.0,7.25
プリティカポレイ,,,,,,,,,,,,,母父,7.0,0.0,0.14285714285714285,0.14285714285714285,0.0,0.0,0.0,0.0,,0.0,,9.142857142857142
プリティカリーナ,,,,,,,,,,,,,母父,9.0,0.0,0.2222222222222222,0.3333333333333333,0.0,0.0,0.0,0.0,,0.0,0.0,7.0
プリティジョディー,,,,,,,,,,,,,母父,8.0,0.0,0.125,0.125,,0.0,,0.0,0.0,0.0,0.0,7.625
プリティスター,,,,,,,,,,,,,母父,8.0,0.125,0.125,0.25,,0.125,0.3333333333333333,0.0,0.0,0.0,0.0,6.0
プリティプリンセス,,,,,,,,,,,,,母父,5.0,0.0,0.0,0.0,0.0,,,0.0,0.0,0.0,,8.8
プリティホワイト,,,,,,,,,,,,,母父,5.0,0.0,0.0,0.2,,0.0,0.0,,,0.0,0.0,7.8
プリティメイズ,,,,,,,,,,,,,母父,8.0,0.125,0.125,0.125,0.0,0.14285714285714285,0.0,0.5,0.0,0.3333333333333333,0.0,9.0
プリティーキャロル,,,,,,,,,,,,,母父,6.0,0.16666666666666666,0.16666666666666666,0.3333333333333333,,0.16666666666666666,0.0,0.25,,0.16666666666666666,,8.833333333333334
プリモウェイ,,,,,,,,,,,,,母父,8.0,0.0,0.0,0.0,,0.0,0.0,0.0,,0.0,0.0,9.625
プリモタイム,,,,,,,,,,,,,母父,8.0,0.25,0.375,0.5,,0.25,0.2857142857142857,0.0,,0.4,0.0,5.75
プリンセスオブザスターズ,,,,,,,,,,,,,母父,7.0,0.0,0.2857142857142857,0.42857142857142855,0.0,,0.0,,,0.0,0.0,6.0
プリンセスオブシルマー,,,,,,,,,,,,,母父,12.0,0.25,0.3333333333333333,0.5,0.0,0.3,,0.0,0.3333333333333333,0.2222222222222222,,5.5
プリンセスカメリア,,,,,,,,,,,,,母父,5.0,0.0,0.0,0.0,0.0,0.0,,0.0,,0.0,0.0,10.8
プリンセスキナウ,,,,,,,,,,,,,母父,15.0,0.13333333333333333,0.2,0.26666666666666666,0.0,0.14285714285714285,0.18181818181818182,0.0,0.0,0.1111111111111111,0.3333333333333333,7.8
プリンセスティアラ,,,,,,,,,,,,,母父,5.0,0.0,0.0,0.0,,0.0,0.0,0.0,,0.0,0.0,10.0
プリンセスドルチェ,,,,,,,,,,,,,母父,8.0,0.0,0.125,0.125,0.0,,0.0,0.0,,0.0,,8.25
プリンセスプライド,,,,,,,,,,,,,母父,10.0,0.0,0.1,0.3,0.0,0.0,0.0,0.0,,0.0,0.0,8.7
プリンセスペスカ,,,,,,,,,,,,,母父,9.0,0.0,0.2222222222222222,0.2222222222222222,0.0,0.0,,0.0,0.0,0.0,0.0,6.777777777777778
プリンセスメーカー,,,,,,,,,,,,,母父,5.0,0.0,0.0,0.0,0.0,0.0,0.0,0.0,0.0,0.0,,12.8
プリンセスルーシー,,,,,,,,,,,,,母父,8.0,0.0,0.125,0.25,,0.0,0.0,0.0,0.0,0.0,0.0,8.0
プリームス,,,,,,,,,,,,,母父,10.0,0.2,0.3,0.3,0.0,0.25,0.3333333333333333,0.0,,0.125,0.0,6.7
プルメリアミコ,,,,,,,,,,,,,母父,5.0,0.0,0.2,0.6,0.0,,,0.0,,0.0,0.0,4.0
プレイガール,,,,,,,,,,,,,母父,7.0,0.0,0.0,0.0,0.0,,0.0,0.0,0.0,0.0,0.0,11.571428571428571
プレギエーラ,,,,,,,,,,,,,母父,5.0,0.0,0.0,0.0,0.0,0.0,0.0,0.0,,0.0,,9.0
プレシャスエルフ,,,,,,,,,,,,,母父,24.0,0.08333333333333333,0.20833333333333334,0.20833333333333334,0.0,0.1111111111111111,0.0,0.15384615384615385,0.0,0.0,0.16666666666666666,8.458333333333334
プレシャスドロップ,,,,,,,,,,,,,母父,13.0,0.07692307692307693,0.15384615384615385,0.23076923076923078,0.0,0.08333333333333333,0.08333333333333333,0.0,,0.0,0.25,8.76923076923077
プレシャスライフ,,,,,,,,,,,,,母父,10.0,0.1,0.1,0.3,0.0,0.14285714285714285,0.2,0.0,0.0,0.0,0.5,5.6
プレシャスラバー,,,,,,,,,,,,,母父,6.0,0.0,0.0,0.0,,0.0,0.0,0.0,,0.0,0.0,8.5
プレゼンスウーマン,,,,,,,,,,,,,母父,21.0,0.047619047619047616,0.09523809523809523,0.14285714285714285,0.0,0.05555555555555555,,0.047619047619047616,,0.0625,0.0,7.190476190476191
プレゼンスブルー,,,,,,,,,,,,,母父,5.0,0.0,0.0,0.2,,0.0,,0.0,0.0,0.0,0.0,8.2
プレミアステイタス,,,,,,,,,,,,,母父,7.0,0.0,0.0,0.0,0.0,0.0,,0.0,0.0,0.0,0.0,8.428571428571429
プレミアステップス,,,,,,,,,,,,,母父,6.0,0.0,0.0,0.0,0.0,0.0,0.0,0.0,,0.0,,8.0
プロスペラスマム,,,,,,,,,,,,,母父,5.0,0.0,0.0,0.0,,0.0,0.0,0.0,,0.0,0.0,7.0
プロプライエタリ,,,,,,,,,,,,,母父,6.0,0.0,0.0,0.0,,0.0,0.0,0.0,,0.0,0.0,9.333333333333334
プロポーズギフト,,,,,,,,,,,,,母父,5.0,0.0,0.2,0.4,0.0,0.0,0.0,,,0.0,0.0,8.0
プロモーション,,,,,,,,,,,,,母父,5.0,0.0,0.4,0.4,0.0,,,0.0,0.0,0.0,0.0,4.4
プンタステラ,,,,,,,,,,,,,母父,7.0,0.14285714285714285,0.2857142857142857,0.2857142857142857,0.0,0.25,0.0,0.2,,0.5,0.0,6.714285714285714
プントバンコ,,,,,,,,,,,,,母父,10.0,0.1,0.2,0.2,0.0,0.2,0.0,0.16666666666666666,,0.125,0.0,8.0
ヘイブンズギフト,,,,,,,,,,,,,母父,6.0,0.16666666666666666,0.3333333333333333,0.5,,0.16666666666666666,,0.16666666666666666,,0.2,,5.666666666666667
ヘッドミストレス,,,,,,,,,,,,,母父,5.0,0.2,0.2,0.2,,0.2,0.0,0.25,,0.0,0.5,8.0
ヘルスウォール,,,,,,,,,,,,,母父,9.0,0.0,0.1111111111111111,0.3333333333333333,0.0,0.0,0.0,0.0,,0.0,0.0,8.0
ヘレナモルフォ,,,,,,,,,,,,,母父,5.0,0.0,0.0,0.0,,0.0,,0.0,,0.0,0.0,8.2
ヘンメイレン,,,,,,,,,,,,,母父,6.0,0.0,0.0,0.0,0.0,,0.0,0.0,,0.0,,7.333333333333333
ヘヴンリークルーズ,,,,,,,,,,,,,母父,19.0,0.05263157894736842,0.05263157894736842,0.15789473684210525,0.1111111111111111,0.0,0.0,0.0,0.2,0.07142857142857142,0.0,8.31578947368421
ヘヴンリービーナス,,,,,,,,,,,,,母父,7.0,0.0,0.0,0.0,0.0,0.0,0.0,0.0,,0.0,0.0,7.571428571428571
ヘーラー,,,,,,,,,,,,,母父,6.0,0.0,0.0,0.0,,0.0,0.0,0.0,,0.0,0.0,11.166666666666666
ベアフットレディ,,,,,,,,,,,,,母父,8.0,0.125,0.375,0.375,0.125,,0.0,0.16666666666666666,,0.2,,5.625
ベイトゥベイ,,,,,,,,,,,,,母父,28.0,0.21428571428571427,0.2857142857142857,0.32142857142857145,0.0,0.2608695652173913,,0.21052631578947367,0.2222222222222222,0.29411764705882354,0.0,6.892857142857143
ベガグレシヤス,,,,,,,,,,,,,母父,17.0,0.058823529411764705,0.11764705882352941,0.23529411764705882,0.0,0.1,0.1,0.0,0.0,0.06666666666666667,0.0,6.470588235294118
ベガスナイト,,,,,,,,,,,,,母父,14.0,0.07142857142857142,0.14285714285714285,0.14285714285714285,0.07692307692307693,0.0,,0.0,0.1111111111111111,0.1111111111111111,0.0,7.428571428571429
ベストコレクション,,,,,,,,,,,,,母父,7.0,0.14285714285714285,0.14285714285714285,0.14285714285714285,0.0,0.16666666666666666,0.2,0.0,,0.25,0.0,9.714285714285714
ベストヒット,,,,,,,,,,,,,母父,5.0,0.2,0.2,0.4,,0.2,0.2,,,0.25,,3.4
ベストフューチャー,,,,,,,,,,,,,母父,14.0,0.14285714285714285,0.21428571428571427,0.2857142857142857,,0.14285714285714285,0.0,0.3333333333333333,0.14285714285714285,0.1,0.5,7.214285714285714
ベストブート,,,,,,,,,,,,,母父,6.0,0.0,0.5,0.6666666666666666,0.0,0.0,0.0,,0.0,0.0,0.0,4.666666666666667
ベストロケーション,,,,,,,,,,,,,母父,5.0,0.0,0.0,0.0,0.0,0.0,,0.0,,0.0,,10.6
ベターナウ,,,,,,,,,,,,,母父,11.0,0.18181818181818182,0.2727272727272727,0.36363636363636365,,0.18181818181818182,,0.18181818181818182,,0.3333333333333333,0.0,4.909090909090909
ベットーレ,,,,,,,,,,,,,母父,8.0,0.0,0.375,0.5,0.0,0.0,0.0,0.0,0.0,0.0,0.0,6.375
ベッラレジーナ,,,,,,,,,,,,,母父,6.0,0.0,0.0,0.3333333333333333,0.0,,0.0,0.0,,0.0,0.0,6.833333333333333
ベネフィット,,,,,,,,,,,,,母父,19.0,0.15789473684210525,0.2631578947368421,0.42105263157894735,0.0,0.16666666666666666,0.25,0.14285714285714285,0.0,0.08333333333333333,0.2,7.578947368421052
ベネラ,,,,,,,,,,,,,母父,19.0,0.10526315789473684,0.21052631578947367,0.3684210526315789,0.0,0.125,0.25,0.09090909090909091,0.0,0.16666666666666666,0.0,8.052631578947368
ベラルーナ,,,,,,,,,,,,,母父,13.0,0.0,0.07692307692307693,0.07692307692307693,0.0,0.0,0.0,0.0,0.0,0.0,0.0,9.23076923076923
ベリーフ,,,,,,,,,,,,,母父,11.0,0.18181818181818182,0.18181818181818182,0.2727272727272727,0.0,0.4,,0.2,0.16666666666666666,0.2,0.0,7.7272727272727275
ベルアリュールII,,,,,,,,,,,,,母父,7.0,0.14285714285714285,0.14285714285714285,0.2857142857142857,0.14285714285714285,,,0.14285714285714285,,0.16666666666666666,,5.285714285714286
ベルエアシズル,,,,,,,,,,,,,母父,6.0,0.16666666666666666,0.16666666666666666,0.3333333333333333,,0.16666666666666666,,0.16666666666666666,,0.2,,7.166666666666667
ベルスリーブ,,,,,,,,,,,,,母父,5.0,0.4,0.4,0.4,0.3333333333333333,0.5,,0.4,,0.3333333333333333,1.0,5.6
ベルソング,,,,,,,,,,,,,母父,5.0,0.2,0.2,0.2,,0.2,0.2,,,0.25,,8.6
ベルベットローブ,,,,,,,,,,,,,母父,11.0,0.0,0.0,0.0,0.0,0.0,0.0,0.0,,0.0,,6.181818181818182
ベルモントアイリス,,,,,,,,,,,,,母父,6.0,0.0,0.5,0.5,,0.0,,0.0,0.0,0.0,0.0,6.0
ベルモントエルメス,,,,,,,,,,,,,母父,11.0,0.09090909090909091,0.18181818181818182,0.36363636363636365,,0.09090909090909091,0.2,0.0,,0.125,0.0,8.545454545454545
ベルモントデーンズ,,,,,,,,,,,,,母父,7.0,0.0,0.0,0.0,,0.0,,0.0,,0.0,,11.0
ベルモントベロニカ,,,,,,,,,,,,,母父,5.0,0.2,0.2,0.2,0.25,0.0,,0.0,0.25,0.3333333333333333,,6.0
ペイデュソレイユ,,,,,,,,,,,,,母父,10.0,0.2,0.4,0.5,,0.2,0.0,0.2857142857142857,,0.2222222222222222,,7.4
ペイトンドーロ,,,,,,,,,,,,,母父,5.0,0.0,0.0,0.2,0.0,0.0,0.0,0.0,,0.0,0.0,10.4
ペイドリン,,,,,,,,,,,,,母父,16.0,0.0625,0.1875,0.5,0.0,0.06666666666666667,0.2,0.0,0.0,0.0,0.5,5.1875
ペディクラリス,,,,,,,,,,,,,母父,14.0,0.0,0.07142857142857142,0.07142857142857142,0.0,0.0,,0.0,0.0,0.0,0.0,7.714285714285714
ペニーウエイト,,,,,,,,,,,,,母父,10.0,0.0,0.0,0.0,,0.0,0.0,0.0,,0.0,0.0,9.8
ペニーズフォーチュン,,,,,,,,,,,,,母父,5.0,0.0,0.2,0.4,0.0,0.0,0.0,0.0,,0.0,,5.2
ペニーホイッスル,,,,,,,,,,,,,母父,5.0,0.0,0.0,0.0,0.0,0.0,,0.0,,0.0,,8.6
ペプチドヒノトリ,,,,,,,,,,,,,母父,15.0,0.13333333333333333,0.26666666666666666,0.3333333333333333,0.08333333333333333,0.3333333333333333,0.0,0.16666666666666666,0.0,0.1111111111111111,,6.0
ペプチドヴィーナス,,,,,,,,,,,,,母父,5.0,0.2,0.4,0.6,,0.2,0.2,,,0.0,1.0,4.8
ペルサントクリール,,,,,,,,,,,,,母父,7.0,0.14285714285714285,0.2857142857142857,0.2857142857142857,0.0,0.2,0.25,0.0,,0.2,,6.285714285714286
ペルセクション,,,,,,,,,,,,,母父,12.0,0.0,0.0,0.16666666666666666,0.0,0.0,0.0,0.0,,0.0,0.0,8.333333333333334
ペルレストラーダ,,,,,,,,,,,,,母父,7.0,0.0,0.0,0.14285714285714285,,0.0,0.0,0.0,,0.0,0.0,9.857142857142858
ペルレンケッテ,,,,,,,,,,,,,母父,8.0,0.0,0.5,0.625,0.0,0.0,0.0,0.0,,0.0,0.0,3.375
ペンテシレイア,,,,,,,,,,,,,母父,7.0,0.14285714285714285,0.14285714285714285,0.14285714285714285,0.0,0.16666666666666666,0.16666666666666666,0.0,,0.25,0.0,9.285714285714286
ホウショウルビー,,,,,,,,,,,,,母父,7.0,0.0,0.0,0.2857142857142857,,0.0,0.0,,,0.0,0.0,8.428571428571429
ホウヨウターゲット,,,,,,,,,,,,,母父,12.0,0.08333333333333333,0.08333333333333333,0.16666666666666666,,0.08333333333333333,0.0,0.25,,0.16666666666666666,0.0,8.416666666666666
ホウライサンデー,,,,,,,,,,,,,母父,14.0,0.0,0.0,0.14285714285714285,,0.0,,0.0,0.0,0.0,0.0,8.0
ホウライビクトリア,,,,,,,,,,,,,母父,16.0,0.0625,0.0625,0.1875,,0.0625,0.14285714285714285,0.0,,0.0,0.25,7.75
ホウライマドンナ,,,,,,,,,,,,,母父,5.0,0.0,0.0,0.0,,0.0,,0.0,0.0,0.0,0.0,13.6
ホエールキャプチャ,,,,,,,,,,,,,母父,7.0,0.0,0.0,0.14285714285714285,0.0,,0.0,0.0,,0.0,0.0,6.714285714285714
ホクセツダンス,,,,,,,,,,,,,母父,12.0,0.0,0.0,0.0,,0.0,0.0,0.0,0.0,0.0,0.0,7.916666666666667
ホクセーメジャー,,,,,,,,,,,,,母父,7.0,0.0,0.0,0.0,0.0,0.0,0.0,0.0,,0.0,0.0,9.428571428571429
ホシノメガミ,,,,,,,,,,,,,母父,5.0,0.0,0.0,0.0,0.0,0.0,0.0,,,0.0,,11.0
ホッコーエクレール,,,,,,,,,,,,,母父,7.0,0.0,0.0,0.2857142857142857,0.0,0.0,0.0,0.0,0.0,0.0,,8.285714285714286
ホッコーザムーン,,,,,,,,,,,,,母父,5.0,0.0,0.2,0.2,0.0,0.0,0.0,0.0,,0.0,,7.8
ホッコーマスタング,,,,,,,,,,,,,母父,10.0,0.0,0.1,0.1,0.0,0.0,0.0,0.0,,0.0,0.0,10.6
ホッコーメモリー,,,,,,,,,,,,,母父,7.0,0.0,0.42857142857142855,0.42857142857142855,0.0,,0.0,0.0,0.0,0.0,,5.857142857142857
ホッコーユニバース,,,,,,,,,,,,,母父,8.0,0.0,0.0,0.125,,0.0,0.0,0.0,,0.0,0.0,7.75
ホットチャチャ,,,,,,,,,,,,,母父,15.0,0.13333333333333333,0.3333333333333333,0.4666666666666667,0.13333333333333333,,,0.18181818181818182,0.0,0.09090909090909091,0.5,5.333333333333333
ホットマンボ,,,,,,,,,,,,,母父,9.0,0.1111111111111111,0.1111111111111111,0.1111111111111111,0.2,0.0,0.125,0.0,,0.25,0.0,8.777777777777779
ホワイトアルバム,,,,,,,,,,,,,母父,18.0,0.05555555555555555,0.16666666666666666,0.16666666666666666,0.1111111111111111,0.0,0.0,0.1111111111111111,0.0,0.0,0.0,7.833333333333333
ホワイトエレガンス,,,,,,,,,,,,,母父,7.0,0.0,0.0,0.0,0.0,0.0,,0.0,,0.0,0.0,7.0
ホワイトデイズ,,,,,,,,,,,,,母父,7.0,0.0,0.0,0.0,,0.0,0.0,0.0,,0.0,0.0,11.857142857142858
ホワイトペッパー,,,,,,,,,,,,,母父,16.0,0.125,0.125,0.125,0.0,0.13333333333333333,0.0,0.15384615384615385,,0.18181818181818182,,7.8125
ホワイトヴェール,,,,,,,,,,,,,母父,7.0,0.0,0.0,0.0,0.0,0.0,,0.0,0.0,0.0,0.0,7.714285714285714
ホワットアスポット,,,,,,,,,,,,,母父,9.0,0.0,0.4444444444444444,0.4444444444444444,,0.0,,0.0,0.0,0.0,0.0,7.222222222222222
ホーネットピアス,,,,,,,,,,,,,母父,10.0,0.0,0.0,0.1,0.0,0.0,0.0,0.0,,0.0,0.0,9.6
ホーマンピクシー,,,,,,,,,,,,,母父,18.0,0.05555555555555555,0.05555555555555555,0.1111111111111111,0.0,0.06666666666666667,,0.0,0.14285714285714285,0.0,0.0,8.055555555555555
ホーマンフリップ,,,,,,,,,,,,,母父,5.0,0.2,0.2,0.6,,0.2,0.5,0.0,,0.0,0.3333333333333333,4.4
ホームスイートホーム,,,,,,,,,,,,,母父,9.0,0.0,0.1111111111111111,0.3333333333333333,0.0,0.0,0.0,0.0,,0.0,0.0,7.0
ホームフロムオズ,,,,,,,,,,,,,母父,5.0,0.2,0.4,0.4,0.0,0.25,0.25,0.0,,0.0,1.0,7.4
ホーリーブラウン,,,,,,,,,,,,,母父,9.0,0.1111111111111111,0.3333333333333333,0.4444444444444444,,0.1111111111111111,0.14285714285714285,0.0,,0.14285714285714285,0.0,5.111111111111111
ホーリーミスト,,,,,,,,,,,,,母父,8.0,0.0,0.0,0.0,0.0,,0.0,0.0,,0.0,,8.375
ボカイウヴァ,,,,,,,,,,,,,母父,6.0,0.0,0.0,0.0,0.0,0.0,0.0,0.0,0.0,0.0,0.0,9.166666666666666
ボディーダンシング,,,,,,,,,,,,,母父,10.0,0.0,0.0,0.1,0.0,0.0,,0.0,0.0,0.0,,8.9
ボニーアクション,,,,,,,,,,,,,母父,6.0,0.0,0.0,0.0,0.0,0.0,,0.0,0.0,0.0,0.0,11.0
ボムガール,,,,,,,,,,,,,母父,5.0,0.0,0.2,0.2,,0.0,0.0,0.0,,0.0,0.0,6.0
ボンジュールカレン,,,,,,,,,,,,,母父,10.0,0.1,0.1,0.2,,0.1,0.1111111111111111,0.0,,0.125,,6.7
ボンバルリーナ,,,,,,,,,,,,,母父,10.0,0.1,0.4,0.4,0.125,0.0,,0.1111111111111111,0.0,0.125,0.0,6.2
ボンビバン,,,,,,,,,,,,,母父,8.0,0.125,0.375,0.5,0.125,,,0.125,,0.125,,5.25
ボーイントンキャニオン,,,,,,,,,,,,,母父,5.0,0.0,0.0,0.0,0.0,0.0,,0.0,0.0,0.0,0.0,8.2
ボージェスト,,,,,,,,,,,,,母父,8.0,0.25,0.5,0.625,0.2857142857142857,0.0,,0.25,,0.3333333333333333,0.0,4.25
ボールルーム,,,,,,,,,,,,,母父,12.0,0.08333333333333333,0.16666666666666666,0.16666666666666666,0.1111111111111111,0.0,,0.09090909090909091,0.0,0.14285714285714285,0.0,6.0
ボーンザスカイ,,,,,,,,,,,,,母父,5.0,0.0,0.0,0.0,0.0,0.0,0.0,0.0,,0.0,,11.4
ポエティックターン,,,,,,,,,,,,,母父,15.0,0.06666666666666667,0.2,0.26666666666666666,0.0,0.07142857142857142,0.1,0.0,0.0,0.125,0.0,7.466666666666667
ポジションリミット,,,,,,,,,,,,,母父,10.0,0.2,0.2,0.2,,0.2,0.3333333333333333,0.14285714285714285,,0.25,0.0,6.9
ポッドクヒオ,,,,,,,,,,,,,母父,9.0,0.1111111111111111,0.1111111111111111,0.2222222222222222,0.1111111111111111,,,0.16666666666666666,0.0,0.0,0.0,6.111111111111111
ポップアイコン,,,,,,,,,,,,,母父,20.0,0.4,0.55,0.6,0.4444444444444444,0.0,0.0,0.4666666666666667,0.3333333333333333,0.4666666666666667,0.0,4.6
ポップコーンジャズ,,,,,,,,,,,,,母父,14.0,0.2857142857142857,0.5714285714285714,0.7142857142857143,0.3,0.25,,0.4444444444444444,0.0,0.3,0.3333333333333333,3.357142857142857
ポップコーンプリンセス,,,,,,,,,,,,,母父,5.0,0.0,0.0,0.0,0.0,,,,0.0,0.0,0.0,10.2
ポップチャート,,,,,,,,,,,,,母父,6.0,0.0,0.0,0.0,0.0,0.0,0.0,0.0,,0.0,0.0,9.833333333333334
ポポチャン,,,,,,,,,,,,,母父,21.0,0.0,0.0,0.047619047619047616,0.0,0.0,0.0,0.0,,0.0,0.0,8.142857142857142
ポリネイター,,,,,,,,,,,,,母父,6.0,0.16666666666666666,0.16666666666666666,0.5,0.16666666666666666,,0.0,0.2,,0.16666666666666666,,5.0
ポルケテスエーニョ,,,,,,,,,,,,,母父,5.0,0.0,0.0,0.0,,0.0,0.0,0.0,,0.0,0.0,10.0
ポレモス,,,,,,,,,,,,,母父,11.0,0.09090909090909091,0.18181818181818182,0.2727272727272727,,0.09090909090909091,0.1,0.0,,0.2,0.0,5.545454545454546
ポロンナルワ,,,,,,,,,,,,,母父,9.0,0.1111111111111111,0.1111111111111111,0.1111111111111111,0.3333333333333333,0.0,0.25,0.0,0.0,0.2,0.0,9.777777777777779
ポワティエ,,,,,,,,,,,,,母父,12.0,0.08333333333333333,0.16666666666666666,0.25,0.09090909090909091,0.0,0.5,0.0,,0.14285714285714285,0.0,6.25
ポーシア,,,,,,,,,,,,,母父,13.0,0.0,0.15384615384615385,0.23076923076923078,0.0,0.0,0.0,0.0,,0.0,0.0,5.846153846153846
ポーズ,,,,,,,,,,,,,母父,6.0,0.0,0.0,0.0,,0.0,0.0,0.0,,0.0,0.0,11.666666666666666
ポールポジションII,,,,,,,,,,,,,母父,6.0,0.0,0.16666666666666666,0.16666666666666666,0.0,0.0,0.0,0.0,0.0,0.0,0.0,5.333333333333333
ポーレン,,,,,,,,,,,,,母父,9.0,0.1111111111111111,0.1111111111111111,0.2222222222222222,0.1111111111111111,,,0.0,0.3333333333333333,0.14285714285714285,0.0,7.111111111111111
マイグッドネス,,,,,,,,,,,,,母父,13.0,0.15384615384615385,0.15384615384615385,0.3076923076923077,0.2857142857142857,0.0,0.0,0.25,,0.18181818181818182,,6.230769230769231
マイグリーン,,,,,,,,,,,,,母父,13.0,0.07692307692307693,0.15384615384615385,0.15384615384615385,,0.07692307692307693,0.1,0.0,,0.0,0.0,6.384615384615385
マイジェン,,,,,,,,,,,,,母父,13.0,0.0,0.15384615384615385,0.15384615384615385,0.0,0.0,0.0,0.0,0.0,0.0,0.0,9.461538461538462
マイスイートベス,,,,,,,,,,,,,母父,9.0,0.0,0.0,0.0,,0.0,,0.0,,0.0,0.0,7.333333333333333
マイスクエアワン,,,,,,,,,,,,,母父,6.0,0.0,0.0,0.0,0.0,0.0,,0.0,0.0,0.0,,8.333333333333334
マイティーカラー,,,,,,,,,,,,,母父,9.0,0.0,0.0,0.0,0.0,,0.0,0.0,0.0,0.0,0.0,7.666666666666667
マイティースルー,,,,,,,,,,,,,母父,13.0,0.38461538461538464,0.46153846153846156,0.6153846153846154,0.375,0.4,,0.5,0.0,0.1111111111111111,1.0,5.230769230769231
マイネアクティース,,,,,,,,,,,,,母父,6.0,0.0,0.16666666666666666,0.16666666666666666,0.0,,,0.0,,0.0,,9.333333333333334
マイネアルナイル,,,,,,,,,,,,,母父,5.0,0.2,0.2,0.2,0.25,0.0,,0.2,,0.0,0.0,7.6
マイネアンティーク,,,,,,,,,,,,,母父,7.0,0.14285714285714285,0.42857142857142855,0.42857142857142855,0.2,0.0,0.14285714285714285,,,0.16666666666666666,0.0,4.285714285714286
マイネイディール,,,,,,,,,,,,,母父,12.0,0.08333333333333333,0.25,0.5833333333333334,0.08333333333333333,,,0.14285714285714285,0.0,0.1111111111111111,0.0,5.0
マイネエストレヤ,,,,,,,,,,,,,母父,6.0,0.0,0.0,0.3333333333333333,0.0,,0.0,,,0.0,0.0,6.5
マイネエポナ,,,,,,,,,,,,,母父,10.0,0.0,0.1,0.3,0.0,,,0.0,0.0,0.0,0.0,5.9
マイネエレーナ,,,,,,,,,,,,,母父,12.0,0.0,0.08333333333333333,0.25,0.0,0.0,0.0,0.0,,0.0,0.0,8.75
マイネオレンジ,,,,,,,,,,,,,母父,6.0,0.0,0.0,0.3333333333333333,,0.0,0.0,,,0.0,0.0,6.166666666666667
マイネカプリース,,,,,,,,,,,,,母父,5.0,0.0,0.0,0.2,,0.0,0.0,0.0,,0.0,0.0,6.0
マイネクイーン,,,,,,,,,,,,,母父,9.0,0.0,0.0,0.0,,0.0,0.0,0.0,0.0,0.0,0.0,10.666666666666666
マイネクォーツ,,,,,,,,,,,,,母父,6.0,0.0,0.0,0.0,,0.0,0.0,0.0,,0.0,0.0,7.166666666666667
マイネグラティア,,,,,,,,,,,,,母父,6.0,0.0,0.0,0.16666666666666666,,0.0,,0.0,0.0,0.0,0.0,7.666666666666667
マイネグロリアーナ,,,,,,,,,,,,,母父,10.0,0.1,0.2,0.5,0.1,,,0.125,0.0,0.0,0.5,4.4
マイネシャローナ,,,,,,,,,,,,,母父,12.0,0.08333333333333333,0.08333333333333333,0.16666666666666666,0.08333333333333333,,,0.09090909090909091,0.0,0.1,0.0,6.833333333333333
マイネジャンヌ,,,,,,,,,,,,,母父,16.0,0.0,0.0625,0.125,0.0,0.0,,0.0,0.0,0.0,0.0,5.9375
マイネジャーダ,,,,,,,,,,,,,母父,5.0,0.0,0.0,0.0,0.0,,,0.0,,0.0,0.0,5.6
マイネソルシエール,,,,,,,,,,,,,母父,8.0,0.125,0.5,0.5,0.16666666666666666,0.0,0.5,0.0,0.0,0.0,0.0,5.375
マイネチャーム,,,,,,,,,,,,,母父,6.0,0.0,0.0,0.0,,0.0,,0.0,0.0,0.0,,7.5
マイネチリペッパー,,,,,,,,,,,,,母父,7.0,0.0,0.0,0.0,,0.0,0.0,0.0,,0.0,0.0,10.0
マイネテレジア,,,,,,,,,,,,,母父,15.0,0.13333333333333333,0.2,0.4,0.13333333333333333,,,0.25,0.0,0.0,0.3333333333333333,6.8
マイネデセール,,,,,,,,,,,,,母父,9.0,0.1111111111111111,0.2222222222222222,0.3333333333333333,0.1111111111111111,,0.0,0.25,,0.16666666666666666,,6.111111111111111
マイネトゥインクル,,,,,,,,,,,,,母父,8.0,0.0,0.0,0.0,0.0,,,0.0,0.0,0.0,0.0,10.25
マイネヌーヴェル,,,,,,,,,,,,,母父,25.0,0.16,0.24,0.32,0.2222222222222222,0.0,,0.0625,0.3333333333333333,0.0625,0.25,5.96
マイネヒメル,,,,,,,,,,,,,母父,9.0,0.1111111111111111,0.2222222222222222,0.3333333333333333,0.1111111111111111,,,0.125,0.0,0.14285714285714285,0.0,5.777777777777778
マイネピュール,,,,,,,,,,,,,母父,7.0,0.0,0.0,0.0,0.0,0.0,0.0,0.0,,0.0,0.0,7.142857142857143
マイネフェリックス,,,,,,,,,,,,,母父,9.0,0.1111111111111111,0.4444444444444444,0.7777777777777778,,0.1111111111111111,,0.125,0.0,0.0,0.3333333333333333,2.888888888888889
マイネプリンセス,,,,,,,,,,,,,母父,19.0,0.05263157894736842,0.10526315789473684,0.2631578947368421,0.058823529411764705,0.0,,0.05263157894736842,,0.0,0.0,6.631578947368421
マイネプレセア,,,,,,,,,,,,,母父,6.0,0.0,0.0,0.0,0.0,0.0,,0.0,0.0,0.0,0.0,8.0
マイネボヌール,,,,,,,,,,,,,母父,7.0,0.0,0.0,0.14285714285714285,0.0,,,0.0,0.0,0.0,0.0,7.857142857142857
マイネルーチェ,,,,,,,,,,,,,母父,14.0,0.0,0.0,0.0,0.0,0.0,,0.0,0.0,0.0,,6.714285714285714
マイネレーツェル,,,,,,,,,,,,,母父,8.0,0.0,0.125,0.25,0.0,0.0,,0.0,,0.0,0.0,7.25
マイノチカラ,,,,,,,,,,,,,母父,8.0,0.25,0.375,0.5,0.25,,0.4,0.0,,0.3333333333333333,,4.625
マイプラーナ,,,,,,,,,,,,,母父,7.0,0.0,0.0,0.0,0.0,,0.0,0.0,0.0,0.0,0.0,10.571428571428571
マイホープ,,,,,,,,,,,,,母父,7.0,0.14285714285714285,0.2857142857142857,0.42857142857142855,,0.14285714285714285,,0.14285714285714285,,0.0,0.3333333333333333,6.571428571428571
マイユクール,,,,,,,,,,,,,母父,25.0,0.2,0.24,0.4,0.0,0.45454545454545453,0.5,0.14285714285714285,,0.1,0.5,4.72
マイラッキー,,,,,,,,,,,,,母父,12.0,0.08333333333333333,0.08333333333333333,0.08333333333333333,,0.08333333333333333,0.09090909090909091,0.0,,0.0,0.3333333333333333,9.25
マウンテンエンジェル,,,,,,,,,,,,,母父,6.0,0.0,0.16666666666666666,0.16666666666666666,0.0,0.0,0.0,,,0.0,,7.0
マウンテンミステリー,,,,,,,,,,,,,母父,6.0,0.16666666666666666,0.3333333333333333,0.3333333333333333,,0.16666666666666666,0.0,0.3333333333333333,,1.0,0.0,7.5
マオノココロ,,,,,,,,,,,,,母父,5.0,0.0,0.0,0.0,,0.0,,0.0,0.0,0.0,0.0,9.2
マオリオ,,,,,,,,,,,,,母父,9.0,0.1111111111111111,0.1111111111111111,0.2222222222222222,0.2,0.0,0.0,0.2,,0.0,,9.555555555555555
マカロンドナンシー,,,,,,,,,,,,,母父,10.0,0.3,0.4,0.5,0.5,0.16666666666666666,0.375,0.0,,0.42857142857142855,0.0,4.9
マキシムカフェ,,,,,,,,,,,,,母父,7.0,0.42857142857142855,0.7142857142857143,0.7142857142857143,0.0,0.75,,0.42857142857142855,,0.3333333333333333,1.0,3.5714285714285716
マザイ,,,,,,,,,,,,,母父,15.0,0.13333333333333333,0.13333333333333333,0.13333333333333333,0.0,0.14285714285714285,0.08333333333333333,0.3333333333333333,,0.14285714285714285,0.0,7.666666666666667
マザーウェル,,,,,,,,,,,,,母父,9.0,0.1111111111111111,0.1111111111111111,0.3333333333333333,0.125,0.0,0.0,0.0,0.16666666666666666,0.14285714285714285,0.0,5.222222222222222
マザーズウィッシュ,,,,,,,,,,,,,母父,7.0,0.14285714285714285,0.2857142857142857,0.2857142857142857,,0.14285714285714285,0.14285714285714285,,,0.0,1.0,8.714285714285714
マザーレイク,,,,,,,,,,,,,母父,9.0,0.1111111111111111,0.2222222222222222,0.3333333333333333,,0.1111111111111111,0.16666666666666666,0.0,,0.16666666666666666,0.0,5.555555555555555
マザーロシア,,,,,,,,,,,,,母父,5.0,0.0,0.0,0.0,,0.0,0.0,0.0,,0.0,,5.8
マシュケナーダ,,,,,,,,,,,,,母父,6.0,0.0,0.0,0.0,0.0,0.0,0.0,0.0,,0.0,0.0,9.833333333333334
マシュマロ,,,,,,,,,,,,,母父,12.0,0.08333333333333333,0.3333333333333333,0.4166666666666667,0.0,0.09090909090909091,,0.0,0.25,0.0,0.5,5.166666666666667
マジッククレスト,,,,,,,,,,,,,母父,5.0,0.2,0.2,0.4,,0.2,0.0,0.25,,0.3333333333333333,,4.6
マジックタイム,,,,,,,,,,,,,母父,8.0,0.5,0.5,0.625,0.5,,1.0,0.42857142857142855,,0.42857142857142855,,2.75
マジックミラージュ,,,,,,,,,,,,,母父,8.0,0.125,0.125,0.125,0.0,0.14285714285714285,0.14285714285714285,0.0,,0.16666666666666666,0.0,7.25
マスクオフ,,,,,,,,,,,,,母父,16.0,0.25,0.4375,0.5,0.26666666666666666,0.0,0.0,0.375,0.14285714285714285,0.2727272727272727,1.0,3.9375
マスターギラティナ,,,,,,,,,,,,,母父,12.0,0.08333333333333333,0.16666666666666666,0.16666666666666666,,0.08333333333333333,0.0,0.125,,0.14285714285714285,0.0,11.416666666666666
マスターチアフル,,,,,,,,,,,,,母父,8.0,0.125,0.125,0.125,0.0,0.16666666666666666,0.25,0.0,,0.0,0.3333333333333333,6.875
マスターマイン,,,,,,,,,,,,,母父,10.0,0.0,0.0,0.1,0.0,0.0,0.0,,,0.0,0.0,8.8
マストゥドウ,,,,,,,,,,,,,母父,9.0,0.0,0.0,0.0,0.0,0.0,0.0,0.0,0.0,0.0,0.0,11.222222222222221
マストバイアイテム,,,,,,,,,,,,,母父,12.0,0.08333333333333333,0.4166666666666667,0.4166666666666667,,0.08333333333333333,0.1,0.0,,0.0,0.3333333333333333,4.916666666666667
マダムチェロキー,,,,,,,,,,,,,母父,6.0,0.16666666666666666,0.16666666666666666,0.16666666666666666,,0.16666666666666666,0.0,0.2,,0.5,0.0,8.666666666666666
マチカネセキガハラ,,,,,,,,,,,,,母父,6.0,0.0,0.0,0.16666666666666666,0.0,0.0,0.0,0.0,0.0,0.0,0.0,7.833333333333333
マチカネタマカズラ,,,,,,,,,,,,,母父,11.0,0.09090909090909091,0.09090909090909091,0.5454545454545454,0.0,0.2,0.0,0.1111111111111111,0.0,0.125,0.0,3.727272727272727
マチカネチコウヨレ,,,,,,,,,,,,,母父,6.0,0.0,0.0,0.5,0.0,0.0,,0.0,0.0,0.0,0.0,4.5
マチカネハツシマダ,,,,,,,,,,,,,母父,13.0,0.0,0.0,0.07692307692307693,0.0,0.0,,0.0,0.0,0.0,0.0,9.23076923076923
マチカネハナサソウ,,,,,,,,,,,,,母父,5.0,0.0,0.0,0.0,,0.0,0.0,0.0,,0.0,0.0,6.8
マチカネハヤテ,,,,,,,,,,,,,母父,9.0,0.1111111111111111,0.1111111111111111,0.1111111111111111,0.0,0.16666666666666666,0.14285714285714285,0.0,,0.0,0.0,7.222222222222222
マチカネモユルコイ,,,,,,,,,,,,,母父,6.0,0.0,0.0,0.0,0.0,,0.0,0.0,,0.0,,8.5
マチャプチャレ,,,,,,,,,,,,,母父,6.0,0.0,0.16666666666666666,0.5,0.0,0.0,0.0,0.0,,0.0,,6.333333333333333
マッキーパシオン,,,,,,,,,,,,,母父,5.0,0.2,0.2,0.4,,0.2,,0.2,,0.0,,5.8
マトゥリアルカ,,,,,,,,,,,,,母父,10.0,0.1,0.2,0.3,,0.1,0.0,0.1111111111111111,,0.2,0.0,6.1
マドモアゼルドパリ,,,,,,,,,,,,,母父,5.0,0.0,0.0,0.2,0.0,0.0,,0.0,0.0,0.0,0.0,7.4
マネーペニー,,,,,,,,,,,,,母父,10.0,0.0,0.0,0.1,0.0,0.0,0.0,0.0,0.0,0.0,0.0,9.1
マハーバーラタ,,,,,,,,,,,,,母父,11.0,0.18181818181818182,0.36363636363636365,0.36363636363636365,0.3333333333333333,0.0,0.0,0.3333333333333333,0.0,0.2857142857142857,0.0,6.909090909090909
マミモナ,,,,,,,,,,,,,母父,6.0,0.0,0.16666666666666666,0.16666666666666666,0.0,0.0,0.0,,,0.0,0.0,6.166666666666667
マヤノカピオラニ,,,,,,,,,,,,,母父,5.0,0.0,0.0,0.0,0.0,0.0,0.0,0.0,,0.0,0.0,9.2
マヤノソーナ,,,,,,,,,,,,,母父,5.0,0.0,0.0,0.0,,0.0,0.0,,,0.0,0.0,14.6
マヤノポルカ,,,,,,,,,,,,,母父,6.0,0.0,0.0,0.0,0.0,0.0,0.0,0.0,0.0,0.0,,8.833333333333334
マヤノマヤ,,,,,,,,,,,,,母父,6.0,0.0,0.16666666666666666,0.3333333333333333,0.0,0.0,0.0,0.0,,0.0,,9.333333333333334
マヤノメメント,,,,,,,,,,,,,母父,7.0,0.14285714285714285,0.14285714285714285,0.2857142857142857,0.0,0.16666666666666666,,0.14285714285714285,,0.25,0.0,5.571428571428571
マヤフィオーレ,,,,,,,,,,,,,母父,9.0,0.0,0.0,0.0,,0.0,0.0,0.0,,0.0,0.0,9.555555555555555
マラコスタムブラダ,,,,,,,,,,,,,母父,19.0,0.10526315789473684,0.21052631578947367,0.42105263157894735,0.1111111111111111,0.0,1.0,0.05555555555555555,,0.125,0.0,6.052631578947368
マラドーナスピン,,,,,,,,,,,,,母父,6.0,0.0,0.0,0.0,0.0,0.0,0.0,,,0.0,0.0,6.0
マリアフィオーレ,,,,,,,,,,,,,母父,9.0,0.1111111111111111,0.1111111111111111,0.1111111111111111,0.0,0.14285714285714285,0.2,0.0,0.0,0.14285714285714285,0.0,8.444444444444445
マリアベール,,,,,,,,,,,,,母父,10.0,0.0,0.1,0.1,,0.0,0.0,0.0,,0.0,0.0,6.7
マリアロワイヤル,,,,,,,,,,,,,母父,7.0,0.14285714285714285,0.2857142857142857,0.2857142857142857,0.0,0.2,,0.0,0.2,0.2,,5.857142857142857
マリアンヌカフェ,,,,,,,,,,,,,母父,12.0,0.0,0.25,0.5,0.0,0.0,0.0,0.0,0.0,0.0,0.0,5.583333333333333
マリアヴェロニカ,,,,,,,,,,,,,母父,10.0,0.3,0.7,0.9,0.3,,0.6666666666666666,0.14285714285714285,,0.375,0.0,2.1
マリカ,,,,,,,,,,,,,母父,9.0,0.1111111111111111,0.2222222222222222,0.3333333333333333,0.0,0.125,0.1111111111111111,,,0.0,1.0,7.111111111111111
マリントウショウ,,,,,,,,,,,,,母父,8.0,0.125,0.125,0.125,,0.125,0.14285714285714285,0.0,,0.125,,11.125
マリーシャンタル,,,,,,,,,,,,,母父,6.0,0.16666666666666666,0.16666666666666666,0.3333333333333333,0.3333333333333333,0.0,0.25,0.0,,0.25,0.0,9.833333333333334
マリーズケイ,,,,,,,,,,,,,母父,6.0,0.0,0.0,0.0,,0.0,,0.0,0.0,0.0,0.0,6.833333333333333
マリーファー,,,,,,,,,,,,,母父,6.0,0.0,0.3333333333333333,0.3333333333333333,,0.0,0.0,0.0,,0.0,0.0,6.666666666666667
マルカキャンディ,,,,,,,,,,,,,母父,6.0,0.0,0.0,0.0,,0.0,0.0,0.0,,0.0,,7.833333333333333
マルカサワヤカ,,,,,,,,,,,,,母父,5.0,0.0,0.2,0.8,0.0,,,,0.0,0.0,,3.0
マルクプレンヌ,,,,,,,,,,,,,母父,8.0,0.25,0.375,0.375,0.0,0.2857142857142857,0.4,0.0,,0.2,0.0,6.125
マルケサ,,,,,,,,,,,,,母父,16.0,0.25,0.4375,0.5625,0.2,1.0,0.6,0.09090909090909091,,0.2727272727272727,0.0,5.3125
マルシアーノ,,,,,,,,,,,,,母父,6.0,0.16666666666666666,0.16666666666666666,0.3333333333333333,0.25,0.0,0.0,0.25,,0.25,0.0,6.166666666666667
マルセリーナ,,,,,,,,,,,,,母父,20.0,0.1,0.2,0.35,0.1,,,0.0,0.13333333333333333,0.09090909090909091,0.0,6.2
マルターズヒート,,,,,,,,,,,,,母父,11.0,0.0,0.0,0.0,0.0,0.0,0.0,0.0,,0.0,0.0,9.727272727272727
マルティプライ,,,,,,,,,,,,,母父,6.0,0.0,0.0,0.0,,0.0,,0.0,,0.0,0.0,8.833333333333334
マルティンスターク,,,,,,,,,,,,,母父,15.0,0.2,0.26666666666666666,0.3333333333333333,0.2,,0.2222222222222222,0.16666666666666666,,0.15384615384615385,,6.066666666666666
マルモセーラ,,,,,,,,,,,,,母父,7.0,0.0,0.2857142857142857,0.42857142857142855,0.0,0.0,0.0,0.0,,0.0,,5.571428571428571
マロノヴィーナス,,,,,,,,,,,,,母父,6.0,0.0,0.0,0.0,0.0,0.0,0.0,0.0,,0.0,0.0,12.166666666666666
マンイーター,,,,,,,,,,,,,母父,11.0,0.09090909090909091,0.2727272727272727,0.36363636363636365,0.0,0.1111111111111111,0.1,0.0,,0.16666666666666666,0.0,5.363636363636363
マンティスハント,,,,,,,,,,,,,母父,7.0,0.0,0.0,0.0,0.0,,,0.0,0.0,0.0,,7.857142857142857
マンデラ,,,,,,,,,,,,,母父,7.0,0.0,0.14285714285714285,0.2857142857142857,0.0,0.0,,0.0,0.0,0.0,0.0,7.571428571428571
マンドゥラ,,,,,,,,,,,,,母父,7.0,0.0,0.0,0.0,0.0,0.0,0.0,0.0,0.0,0.0,,10.571428571428571
マンノアクトレス,,,,,,,,,,,,,母父,6.0,0.0,0.16666666666666666,0.16666666666666666,0.0,0.0,,0.0,0.0,0.0,0.0,7.0
マンハッタンセレブ,,,,,,,,,,,,,母父,9.0,0.0,0.0,0.0,0.0,0.0,,0.0,0.0,0.0,0.0,8.777777777777779
マンハッタンフィズ,,,,,,,,,,,,,母父,6.0,0.0,0.16666666666666666,0.16666666666666666,0.0,,,0.0,0.0,0.0,0.0,8.5
マンハッタンミート,,,,,,,,,,,,,母父,17.0,0.11764705882352941,0.11764705882352941,0.17647058823529413,0.13333333333333333,0.0,0.0,0.15384615384615385,,0.0,1.0,8.058823529411764
マンバラ,,,,,,,,,,,,,母父,5.0,0.0,0.0,0.2,0.0,,,0.0,0.0,0.0,,6.8
マンビア,,,,,,,,,,,,,母父,15.0,0.13333333333333333,0.2,0.2,0.0,0.25,0.16666666666666666,0.0,,0.14285714285714285,0.25,6.466666666666667
マーゼリン,,,,,,,,,,,,,母父,6.0,0.0,0.0,0.0,0.0,0.0,0.0,0.0,,0.0,0.0,7.5
マーブルカテドラル,,,,,,,,,,,,,母父,11.0,0.36363636363636365,0.5454545454545454,0.6363636363636364,0.4,0.0,,0.2222222222222222,1.0,0.42857142857142855,0.0,3.6363636363636362
マーブルケーキ,,,,,,,,,,,,,母父,5.0,0.2,0.8,0.8,0.2,,0.0,0.3333333333333333,,0.25,,2.8
マーヴェリックス,,,,,,,,,,,,,母父,6.0,0.0,0.16666666666666666,0.3333333333333333,,0.0,,0.0,,0.0,0.0,8.833333333333334
ミオリチャン,,,,,,,,,,,,,母父,6.0,0.0,0.16666666666666666,0.16666666666666666,0.0,0.0,0.0,0.0,,0.0,,8.5
ミキノセレナーデ,,,,,,,,,,,,,母父,8.0,0.0,0.0,0.25,0.0,0.0,0.0,0.0,,0.0,0.0,7.75
ミクロコスモス,,,,,,,,,,,,,母父,8.0,0.0,0.25,0.375,0.0,0.0,,0.0,0.0,0.0,0.0,5.625
ミコノス,,,,,,,,,,,,,母父,14.0,0.07142857142857142,0.14285714285714285,0.21428571428571427,0.16666666666666666,0.0,0.0,0.0,0.14285714285714285,0.0,0.0,6.785714285714286
ミサ,,,,,,,,,,,,,母父,7.0,0.0,0.0,0.0,0.0,0.0,,0.0,,0.0,0.0,7.0
ミサノグリーン,,,,,,,,,,,,,母父,7.0,0.0,0.0,0.0,0.0,,,0.0,0.0,0.0,0.0,8.428571428571429
ミスアイーカメ,,,,,,,,,,,,,母父,6.0,0.0,0.5,0.6666666666666666,,0.0,0.0,0.0,,0.0,,3.8333333333333335
ミスアンコール,,,,,,,,,,,,,母父,22.0,0.0,0.22727272727272727,0.36363636363636365,0.0,0.0,,0.0,0.0,0.0,0.0,6.409090909090909
ミスエンピリカル,,,,,,,,,,,,,母父,8.0,0.0,0.25,0.375,0.0,0.0,,0.0,0.0,0.0,,5.75
ミスエーニョ,,,,,,,,,,,,,母父,8.0,0.0,0.125,0.25,0.0,0.0,,0.0,,0.0,,7.875
ミスコマチ,,,,,,,,,,,,,母父,8.0,0.0,0.0,0.125,,0.0,0.0,0.0,,0.0,0.0,7.875
ミスサイベリア,,,,,,,,,,,,,母父,6.0,0.0,0.0,0.0,,0.0,0.0,0.0,0.0,0.0,0.0,12.166666666666666
ミスジョーカー,,,,,,,,,,,,,母父,7.0,0.0,0.0,0.0,,0.0,0.0,,,0.0,0.0,6.857142857142857
ミスセレンディピティ,,,,,,,,,,,,,母父,5.0,0.2,0.2,0.4,,0.2,,0.2,,0.0,0.3333333333333333,5.2
ミスチフ,,,,,,,,,,,,,母父,6.0,0.0,0.0,0.0,0.0,0.0,0.0,0.0,0.0,0.0,,9.833333333333334
ミスティックリップス,,,,,,,,,,,,,母父,19.0,0.15789473684210525,0.21052631578947367,0.2631578947368421,0.1875,0.0,0.0,0.2,,0.25,0.0,6.684210526315789
ミスティックリバー,,,,,,,,,,,,,母父,9.0,0.2222222222222222,0.2222222222222222,0.2222222222222222,0.2222222222222222,,0.5,0.14285714285714285,,0.2857142857142857,0.0,6.111111111111111
ミステリアスオーラ,,,,,,,,,,,,,母父,6.0,0.16666666666666666,0.16666666666666666,0.16666666666666666,0.0,0.25,0.0,0.25,0.0,0.0,0.3333333333333333,12.0
ミステリューズ,,,,,,,,,,,,,母父,5.0,0.4,0.4,0.6,,0.4,,0.5,0.0,0.6666666666666666,0.0,4.2
ミスドバウィ,,,,,,,,,,,,,母父,6.0,0.3333333333333333,0.5,0.6666666666666666,0.3333333333333333,,0.4,0.0,,0.4,,3.5
ミスハレクラニ,,,,,,,,,,,,,母父,9.0,0.0,0.2222222222222222,0.3333333333333333,,0.0,0.0,0.0,,0.0,0.0,6.333333333333333
ミスパスカリ,,,,,,,,,,,,,母父,9.0,0.1111111111111111,0.1111111111111111,0.2222222222222222,0.125,0.0,,0.0,0.125,0.1111111111111111,,6.444444444444445
ミスベルツリー,,,,,,,,,,,,,母父,9.0,0.0,0.2222222222222222,0.2222222222222222,0.0,0.0,,0.0,0.0,0.0,0.0,6.666666666666667
ミスペンバリー,,,,,,,,,,,,,母父,7.0,0.2857142857142857,0.2857142857142857,0.42857142857142855,0.2857142857142857,,0.0,0.4,0.0,0.4,0.0,5.0
ミスホーユー,,,,,,,,,,,,,母父,5.0,0.0,0.2,0.2,0.0,0.0,0.0,0.0,0.0,0.0,0.0,6.2
ミスマープル,,,,,,,,,,,,,母父,8.0,0.0,0.0,0.0,,0.0,0.0,0.0,,0.0,0.0,10.0
ミスラゴ,,,,,,,,,,,,,母父,6.0,0.3333333333333333,0.5,0.6666666666666666,,0.3333333333333333,0.0,0.0,0.6666666666666666,0.3333333333333333,1.0,3.3333333333333335
ミスリンディ,,,,,,,,,,,,,母父,13.0,0.15384615384615385,0.38461538461538464,0.38461538461538464,0.0,0.2857142857142857,0.16666666666666666,0.0,,0.14285714285714285,0.0,8.307692307692308
ミセススノー,,,,,,,,,,,,,母父,10.0,0.0,0.0,0.1,0.0,0.0,0.0,0.0,0.0,0.0,0.0,7.8
ミセスリンゼイ,,,,,,,,,,,,,母父,5.0,0.2,0.2,0.2,0.0,0.25,0.0,0.5,0.0,0.0,,7.6
ミゼリコルデ,,,,,,,,,,,,,母父,7.0,0.2857142857142857,0.7142857142857143,0.7142857142857143,0.25,0.3333333333333333,,0.4,0.0,0.16666666666666666,1.0,3.0
ミッキーハナコ,,,,,,,,,,,,,母父,7.0,0.14285714285714285,0.2857142857142857,0.2857142857142857,0.0,0.2,0.2,0.0,0.0,0.25,,5.142857142857143
ミッキーポーチ,,,,,,,,,,,,,母父,6.0,0.5,0.5,0.5,,0.5,0.4,1.0,,0.6666666666666666,0.0,3.8333333333333335
ミッキーレモン,,,,,,,,,,,,,母父,8.0,0.0,0.5,0.5,0.0,0.0,0.0,0.0,0.0,0.0,0.0,6.375
ミッドサマーフェア,,,,,,,,,,,,,母父,6.0,0.0,0.5,0.8333333333333334,0.0,,,0.0,,0.0,,3.3333333333333335
ミトス,,,,,,,,,,,,,母父,5.0,0.0,0.0,0.0,0.0,0.0,0.0,0.0,,0.0,0.0,11.2
ミナレット,,,,,,,,,,,,,母父,11.0,0.18181818181818182,0.18181818181818182,0.2727272727272727,,0.18181818181818182,0.2,0.0,,0.2,0.0,6.2727272727272725
ミネルバサウンド,,,,,,,,,,,,,母父,7.0,0.0,0.0,0.0,0.0,0.0,0.0,0.0,,0.0,0.0,9.428571428571429
ミミオブパラダイス,,,,,,,,,,,,,母父,13.0,0.07692307692307693,0.07692307692307693,0.07692307692307693,0.0,0.1111111111111111,,0.08333333333333333,0.0,0.0,0.5,8.923076923076923
ミヤコレッドローズ,,,,,,,,,,,,,母父,10.0,0.1,0.1,0.1,0.1111111111111111,0.0,0.0,0.1111111111111111,,0.16666666666666666,0.0,7.0
ミヤビキラメキ,,,,,,,,,,,,,母父,11.0,0.09090909090909091,0.09090909090909091,0.09090909090909091,0.2,0.0,,0.1,0.0,0.125,0.0,7.181818181818182
ミヤビグレイス,,,,,,,,,,,,,母父,12.0,0.0,0.0,0.0,0.0,0.0,0.0,0.0,0.0,0.0,0.0,9.75
ミヤビハンター,,,,,,,,,,,,,母父,5.0,0.0,0.0,0.0,,0.0,0.0,0.0,0.0,0.0,0.0,12.2
ミュージカルパレス,,,,,,,,,,,,,母父,10.0,0.0,0.1,0.2,,0.0,0.0,0.0,0.0,0.0,0.0,6.2
ミュージカルロマンス,,,,,,,,,,,,,母父,7.0,0.0,0.0,0.0,0.0,0.0,0.0,0.0,,0.0,0.0,9.857142857142858
ミュージックアワー,,,,,,,,,,,,,母父,9.0,0.0,0.0,0.0,0.0,0.0,,0.0,,0.0,0.0,8.666666666666666
ミュージー,,,,,,,,,,,,,母父,7.0,0.0,0.0,0.0,0.0,0.0,0.0,0.0,,0.0,0.0,11.285714285714286
ミューズマジック,,,,,,,,,,,,,母父,5.0,0.0,0.2,0.2,,0.0,0.0,,,0.0,,5.8
ミラクルフラッグ,,,,,,,,,,,,,母父,7.0,0.14285714285714285,0.2857142857142857,0.2857142857142857,,0.14285714285714285,,0.14285714285714285,,0.2,0.0,8.0
ミラクルベリー,,,,,,,,,,,,,母父,14.0,0.0,0.07142857142857142,0.07142857142857142,0.0,0.0,0.0,0.0,0.0,0.0,0.0,7.714285714285714
ミラクルレジェンド,,,,,,,,,,,,,母父,25.0,0.12,0.2,0.2,,0.12,,0.14285714285714285,0.0,0.14285714285714285,0.1111111111111111,7.04
ミラクルワウ,,,,,,,,,,,,,母父,5.0,0.0,0.0,0.6,0.0,,,0.0,0.0,0.0,,3.6
ミリオンウィッシーズ,,,,,,,,,,,,,母父,10.0,0.2,0.3,0.5,0.2,,0.4,0.0,0.0,0.2857142857142857,0.0,4.8
ミリオンハッピー,,,,,,,,,,,,,母父,6.0,0.0,0.16666666666666666,0.3333333333333333,0.0,0.0,0.0,,0.0,0.0,0.0,5.666666666666667
ミルキーブロード,,,,,,,,,,,,,母父,7.0,0.14285714285714285,0.14285714285714285,0.2857142857142857,,0.14285714285714285,0.2,0.0,,0.3333333333333333,0.0,7.285714285714286
ミルクトーレル,,,,,,,,,,,,,母父,5.0,0.0,0.0,0.2,0.0,0.0,0.0,0.0,,0.0,0.0,10.4
ミルフィアタッチ,,,,,,,,,,,,,母父,15.0,0.13333333333333333,0.2,0.5333333333333333,0.08333333333333333,0.3333333333333333,0.0,0.0,0.2857142857142857,0.1111111111111111,0.5,4.933333333333334
ミルフィオリ,,,,,,,,,,,,,母父,9.0,0.0,0.0,0.1111111111111111,0.0,0.0,0.0,0.0,,0.0,0.0,7.555555555555555
ミルフォードスバル,,,,,,,,,,,,,母父,7.0,0.0,0.0,0.0,0.0,0.0,0.0,0.0,,0.0,0.0,10.571428571428571
ミルルーテウス,,,,,,,,,,,,,母父,13.0,0.0,0.07692307692307693,0.23076923076923078,0.0,0.0,0.0,0.0,,0.0,,8.23076923076923
ミントシャイン,,,,,,,,,,,,,母父,12.0,0.08333333333333333,0.25,0.25,0.1111111111111111,0.0,0.1111111111111111,0.0,,0.1111111111111111,0.0,6.583333333333333
ミーシャレヴュー,,,,,,,,,,,,,母父,5.0,0.0,0.2,0.4,0.0,0.0,0.0,0.0,,0.0,,4.6
ムゲン,,,,,,,,,,,,,母父,6.0,0.0,0.0,0.0,,0.0,,0.0,0.0,0.0,,10.833333333333334
ムツミマーベラス,,,,,,,,,,,,,母父,12.0,0.25,0.3333333333333333,0.3333333333333333,0.0,0.2727272727272727,0.375,0.0,0.0,0.2222222222222222,0.3333333333333333,7.0
ムードインディゴ,,,,,,,,,,,,,母父,12.0,0.25,0.3333333333333333,0.3333333333333333,0.2222222222222222,0.3333333333333333,,0.2727272727272727,0.0,0.2,,4.083333333333333
ムービングアウト,,,,,,,,,,,,,母父,7.0,0.14285714285714285,0.2857142857142857,0.2857142857142857,,0.14285714285714285,0.2,0.0,,0.25,0.0,9.285714285714286
ムーングロウ,,,,,,,,,,,,,母父,6.0,0.0,0.16666666666666666,0.16666666666666666,0.0,0.0,0.0,0.0,,0.0,,9.5
ムーンハウリング,,,,,,,,,,,,,母父,10.0,0.1,0.2,0.5,0.1,,,0.14285714285714285,0.0,0.16666666666666666,0.0,6.8
ムーンフェイズ,,,,,,,,,,,,,母父,9.0,0.0,0.2222222222222222,0.4444444444444444,0.0,,,0.0,0.0,0.0,0.0,7.222222222222222
ムーンライトゼファー,,,,,,,,,,,,,母父,6.0,0.0,0.0,0.16666666666666666,0.0,,,0.0,,0.0,,7.0
ムーンライトバレエ,,,,,,,,,,,,,母父,6.0,0.0,0.16666666666666666,0.16666666666666666,,0.0,0.0,,,0.0,,7.333333333333333
ムーンライトベイ,,,,,,,,,,,,,母父,7.0,0.0,0.0,0.0,0.0,,0.0,0.0,,0.0,0.0,8.857142857142858
ムーンライトペスカ,,,,,,,,,,,,,母父,7.0,0.0,0.2857142857142857,0.42857142857142855,0.0,,,0.0,0.0,0.0,0.0,7.714285714285714
メイアリス,,,,,,,,,,,,,母父,5.0,0.0,0.2,0.2,,0.0,0.0,0.0,,0.0,,5.8
メイウインド,,,,,,,,,,,,,母父,9.0,0.0,0.1111111111111111,0.2222222222222222,0.0,0.0,0.0,0.0,,0.0,,9.222222222222221
メイキアシー,,,,,,,,,,,,,母父,9.0,0.0,0.0,0.1111111111111111,0.0,0.0,0.0,0.0,0.0,0.0,0.0,8.11111111111111
メイクアミラクル,,,,,,,,,,,,,母父,9.0,0.1111111111111111,0.3333333333333333,0.3333333333333333,0.0,0.16666666666666666,0.16666666666666666,0.0,,0.2,0.0,5.111111111111111
メイクデュース,,,,,,,,,,,,,母父,11.0,0.0,0.0,0.09090909090909091,0.0,,,0.0,0.0,0.0,,8.454545454545455
メイグレイス,,,,,,,,,,,,,母父,10.0,0.0,0.0,0.0,0.0,,,0.0,0.0,0.0,,9.2
メイケイソフィア,,,,,,,,,,,,,母父,10.0,0.0,0.0,0.0,0.0,,0.0,0.0,,0.0,0.0,9.3
メイシャイン,,,,,,,,,,,,,母父,7.0,0.14285714285714285,0.14285714285714285,0.14285714285714285,0.14285714285714285,,,0.14285714285714285,,0.2,0.0,7.571428571428571
メイショウアキシノ,,,,,,,,,,,,,母父,7.0,0.0,0.0,0.0,0.0,,0.0,0.0,,0.0,0.0,12.428571428571429
メイショウアサツユ,,,,,,,,,,,,,母父,7.0,0.0,0.14285714285714285,0.2857142857142857,0.0,0.0,0.0,0.0,0.0,0.0,,5.714285714285714
メイショウアシタバ,,,,,,,,,,,,,母父,6.0,0.0,0.0,0.0,,0.0,,0.0,,0.0,0.0,5.0
メイショウアモーレ,,,,,,,,,,,,,母父,8.0,0.0,0.0,0.125,0.0,0.0,0.0,0.0,,0.0,0.0,7.75
メイショウアルペン,,,,,,,,,,,,,母父,12.0,0.0,0.0,0.0,0.0,0.0,,0.0,0.0,0.0,0.0,7.666666666666667
メイショウアンデス,,,,,,,,,,,,,母父,7.0,0.0,0.0,0.0,0.0,0.0,0.0,0.0,,0.0,0.0,9.142857142857142
メイショウイザヨイ,,,,,,,,,,,,,母父,10.0,0.2,0.3,0.3,0.0,0.3333333333333333,0.2222222222222222,0.0,,0.0,0.5,7.4
メイショウエーデル,,,,,,,,,,,,,母父,5.0,0.0,0.0,0.0,0.0,0.0,0.0,0.0,,0.0,0.0,9.0
メイショウオウヒ,,,,,,,,,,,,,母父,7.0,0.42857142857142855,0.42857142857142855,0.5714285714285714,0.6666666666666666,0.25,0.0,0.3333333333333333,0.6666666666666666,0.4,0.5,3.5714285714285716
メイショウオリビア,,,,,,,,,,,,,母父,13.0,0.07692307692307693,0.23076923076923078,0.38461538461538464,0.0,0.3333333333333333,0.14285714285714285,0.0,,0.0,0.5,4.538461538461538
メイショウカレン,,,,,,,,,,,,,母父,5.0,0.0,0.0,0.0,0.0,0.0,,0.0,0.0,0.0,0.0,11.0
メイショウガンツ,,,,,,,,,,,,,母父,12.0,0.0,0.08333333333333333,0.08333333333333333,0.0,0.0,0.0,,,0.0,0.0,7.5
メイショウグラナダ,,,,,,,,,,,,,母父,6.0,0.0,0.0,0.16666666666666666,0.0,0.0,0.0,0.0,,0.0,0.0,8.833333333333334
メイショウコブシ,,,,,,,,,,,,,母父,6.0,0.16666666666666666,0.16666666666666666,0.16666666666666666,0.0,0.2,0.3333333333333333,0.0,0.0,0.3333333333333333,,7.333333333333333
メイショウゴウヒメ,,,,,,,,,,,,,母父,5.0,0.2,0.2,0.2,0.0,0.25,0.0,0.5,0.0,1.0,0.0,8.0
メイショウシオギリ,,,,,,,,,,,,,母父,14.0,0.07142857142857142,0.07142857142857142,0.21428571428571427,,0.07142857142857142,0.0,0.08333333333333333,,0.14285714285714285,0.0,6.642857142857143
メイショウジェイ,,,,,,,,,,,,,母父,10.0,0.0,0.1,0.2,0.0,0.0,0.0,0.0,,0.0,0.0,6.9
メイショウスコール,,,,,,,,,,,,,母父,7.0,0.0,0.14285714285714285,0.2857142857142857,0.0,0.0,0.0,0.0,,0.0,0.0,9.0
メイショウスズラン,,,,,,,,,,,,,母父,14.0,0.07142857142857142,0.14285714285714285,0.14285714285714285,0.0,0.1,0.07692307692307693,0.0,,0.0,0.25,10.0
メイショウチルチェ,,,,,,,,,,,,,母父,9.0,0.0,0.0,0.0,0.0,0.0,0.0,0.0,0.0,0.0,0.0,9.222222222222221
メイショウデイム,,,,,,,,,,,,,母父,10.0,0.1,0.3,0.3,0.1,,0.1,,,0.1111111111111111,,6.3
メイショウナナイロ,,,,,,,,,,,,,母父,9.0,0.0,0.0,0.0,0.0,0.0,0.0,0.0,,0.0,0.0,8.0
メイショウヒミコ,,,,,,,,,,,,,母父,15.0,0.06666666666666667,0.13333333333333333,0.13333333333333333,,0.06666666666666667,0.0,0.25,,0.125,0.0,8.4
メイショウピレネー,,,,,,,,,,,,,母父,5.0,0.0,0.0,0.0,,0.0,0.0,,,0.0,0.0,9.0
メイショウフクヒメ,,,,,,,,,,,,,母父,5.0,0.0,0.0,0.0,0.0,0.0,0.0,0.0,0.0,0.0,0.0,10.4
メイショウブルック,,,,,,,,,,,,,母父,6.0,0.0,0.0,0.0,,0.0,0.0,0.0,0.0,0.0,0.0,7.0
メイショウベルーガ,,,,,,,,,,,,,母父,15.0,0.06666666666666667,0.2,0.2,0.07142857142857142,0.0,0.0,0.25,0.0,0.1,0.0,8.8
メイショウホノボノ,,,,,,,,,,,,,母父,21.0,0.0,0.14285714285714285,0.19047619047619047,,0.0,0.0,0.0,,0.0,0.0,7.476190476190476
メイショウマンテン,,,,,,,,,,,,,母父,8.0,0.0,0.5,0.5,0.0,0.0,0.0,0.0,0.0,0.0,0.0,5.125
メイショウユウダチ,,,,,,,,,,,,,母父,17.0,0.058823529411764705,0.17647058823529413,0.29411764705882354,,0.058823529411764705,0.058823529411764705,,,0.0,0.25,6.235294117647059
メイショウランタナ,,,,,,,,,,,,,母父,5.0,0.0,0.0,0.2,0.0,0.0,0.0,,,0.0,0.0,9.6
メイショウルイーズ,,,,,,,,,,,,,母父,8.0,0.0,0.0,0.0,,0.0,0.0,0.0,0.0,0.0,0.0,10.625
メイショウワカツキ,,,,,,,,,,,,,母父,13.0,0.07692307692307693,0.15384615384615385,0.23076923076923078,0.0,0.08333333333333333,,0.08333333333333333,0.0,0.0,0.2,8.846153846153847
メイドインリオ,,,,,,,,,,,,,母父,8.0,0.0,0.0,0.0,0.0,0.0,0.0,0.0,,0.0,0.0,10.375
メイビーフォーエヴァー,,,,,,,,,,,,,母父,6.0,0.16666666666666666,0.16666666666666666,0.16666666666666666,0.0,0.5,0.0,0.25,,0.0,1.0,8.0
メイプルロード,,,,,,,,,,,,,母父,11.0,0.09090909090909091,0.2727272727272727,0.45454545454545453,0.0,0.1,,0.1111111111111111,0.0,0.0,0.0,4.545454545454546
メイマドンナ,,,,,,,,,,,,,母父,9.0,0.1111111111111111,0.2222222222222222,0.3333333333333333,0.0,0.16666666666666666,0.14285714285714285,0.0,0.0,0.14285714285714285,0.0,6.222222222222222
メジェルダ,,,,,,,,,,,,,母父,7.0,0.0,0.0,0.14285714285714285,0.0,0.0,0.0,0.0,,0.0,0.0,8.428571428571429
メジャーエンブレム,,,,,,,,,,,,,母父,9.0,0.2222222222222222,0.5555555555555556,0.6666666666666666,0.2222222222222222,,,0.2222222222222222,,0.2857142857142857,0.0,4.111111111111111
メジャーフォルム,,,,,,,,,,,,,母父,7.0,0.0,0.0,0.0,0.0,0.0,0.0,0.0,,0.0,,8.857142857142858
メジロアリス,,,,,,,,,,,,,母父,7.0,0.0,0.0,0.0,0.0,0.0,0.0,,,0.0,,10.142857142857142
メジロシャレード,,,,,,,,,,,,,母父,6.0,0.0,0.0,0.16666666666666666,0.0,,,0.0,0.0,0.0,,6.333333333333333
メジロジェニファー,,,,,,,,,,,,,母父,6.0,0.0,0.0,0.0,0.0,0.0,0.0,0.0,,0.0,0.0,10.333333333333334
メジロスプレンダー,,,,,,,,,,,,,母父,17.0,0.11764705882352941,0.23529411764705882,0.29411764705882354,0.0,0.13333333333333333,0.0,0.15384615384615385,0.0,0.2222222222222222,0.0,6.9411764705882355
メジロツボネ,,,,,,,,,,,,,母父,10.0,0.1,0.1,0.4,0.1111111111111111,0.0,0.0,0.0,0.25,0.125,,7.0
メジロトンキニーズ,,,,,,,,,,,,,母父,11.0,0.2727272727272727,0.2727272727272727,0.45454545454545453,0.375,0.0,1.0,0.2,,0.25,0.0,4.7272727272727275
メジロドーベル,,,,,,,,,,,,,母父,5.0,0.0,0.0,0.2,0.0,,,0.0,0.0,0.0,0.0,6.8
メジロバーミューズ,,,,,,,,,,,,,母父,11.0,0.09090909090909091,0.09090909090909091,0.36363636363636365,0.125,0.0,,0.14285714285714285,0.0,0.1111111111111111,0.0,6.454545454545454
メジロフランシス,,,,,,,,,,,,,母父,9.0,0.0,0.2222222222222222,0.2222222222222222,0.0,,0.0,0.0,,0.0,0.0,5.555555555555555
メジロベイシンガー,,,,,,,,,,,,,母父,6.0,0.16666666666666666,0.5,0.6666666666666666,,0.16666666666666666,0.2,0.0,,0.25,0.0,3.6666666666666665
メジロマリアン,,,,,,,,,,,,,母父,20.0,0.2,0.2,0.3,0.16666666666666666,0.25,0.2222222222222222,0.0,0.25,0.25,0.5,6.3
メジロミシェル,,,,,,,,,,,,,母父,8.0,0.125,0.125,0.25,,0.125,,0.125,,0.0,0.0,5.75
メジロミドウ,,,,,,,,,,,,,母父,6.0,0.0,0.5,0.6666666666666666,0.0,,,0.0,,0.0,0.0,4.833333333333333
メジロルバート,,,,,,,,,,,,,母父,9.0,0.0,0.0,0.0,0.0,,0.0,0.0,0.0,0.0,,8.0
メジロルーシュバー,,,,,,,,,,,,,母父,5.0,0.0,0.2,0.4,0.0,0.0,,0.0,,0.0,,5.6
メテオーリカ,,,,,,,,,,,,,母父,14.0,0.07142857142857142,0.21428571428571427,0.2857142857142857,0.1,0.0,0.0,0.0,0.125,0.1,0.0,5.142857142857143
メモリアルイヤー,,,,,,,,,,,,,母父,7.0,0.14285714285714285,0.42857142857142855,0.42857142857142855,,0.14285714285714285,0.16666666666666666,0.0,,0.2,0.0,6.428571428571429
メモリアルサマー,,,,,,,,,,,,,母父,12.0,0.08333333333333333,0.4166666666666667,0.5,0.09090909090909091,0.0,,0.0,0.2,0.1111111111111111,0.0,4.916666666666667
メモリーキャップ,,,,,,,,,,,,,母父,6.0,0.0,0.16666666666666666,0.5,,0.0,,0.0,,0.0,,4.666666666666667
メモリーパフィア,,,,,,,,,,,,,母父,6.0,0.16666666666666666,0.16666666666666666,0.16666666666666666,0.2,0.0,0.0,0.3333333333333333,,0.0,,6.5
メリッサ,,,,,,,,,,,,,母父,9.0,0.2222222222222222,0.2222222222222222,0.2222222222222222,0.2222222222222222,,0.0,0.14285714285714285,1.0,0.3333333333333333,0.0,7.777777777777778
メリーウェザー,,,,,,,,,,,,,母父,12.0,0.25,0.4166666666666667,0.5833333333333334,0.0,0.375,0.2222222222222222,0.3333333333333333,,0.18181818181818182,,4.583333333333333
メルセンヌナンバー,,,,,,,,,,,,,母父,9.0,0.1111111111111111,0.2222222222222222,0.2222222222222222,0.16666666666666666,0.0,0.25,0.0,,0.125,,4.666666666666667
メルヴェイユドール,,,,,,,,,,,,,母父,7.0,0.0,0.14285714285714285,0.14285714285714285,0.0,0.0,,0.0,0.0,0.0,0.0,9.0
メロウメロディ,,,,,,,,,,,,,母父,15.0,0.13333333333333333,0.13333333333333333,0.13333333333333333,0.0,0.18181818181818182,0.0,0.16666666666666666,0.0,0.08333333333333333,0.5,7.6
メロークーミス,,,,,,,,,,,,,母父,28.0,0.07142857142857142,0.17857142857142858,0.2857142857142857,0.0,0.07407407407407407,0.058823529411764705,0.0,0.2,0.0,0.1111111111111111,7.035714285714286
メンブランツァ,,,,,,,,,,,,,母父,12.0,0.0,0.16666666666666666,0.16666666666666666,0.0,0.0,0.0,0.0,,0.0,0.0,7.083333333333333
メープルパール,,,,,,,,,,,,,母父,5.0,0.0,0.0,0.0,,0.0,0.0,0.0,,0.0,0.0,8.6
メーヴェ,,,,,,,,,,,,,母父,14.0,0.2857142857142857,0.35714285714285715,0.35714285714285715,0.2857142857142857,,,0.5,0.25,0.2,1.0,7.285714285714286
モアスマイル,,,,,,,,,,,,,母父,5.0,0.4,0.4,0.4,,0.4,,0.25,1.0,0.5,0.0,5.0
モエトレゾール,,,,,,,,,,,,,母父,16.0,0.0,0.0625,0.0625,,0.0,,0.0,0.0,0.0,0.0,7.9375
モエレエターナル,,,,,,,,,,,,,母父,9.0,0.0,0.0,0.1111111111111111,0.0,0.0,0.0,0.0,,0.0,0.0,7.444444444444445
モエレオープンヒメ,,,,,,,,,,,,,母父,6.0,0.0,0.0,0.0,0.0,,0.0,0.0,,0.0,,11.333333333333334
モエレカトリーナ,,,,,,,,,,,,,母父,9.0,0.3333333333333333,0.4444444444444444,0.4444444444444444,0.3333333333333333,,,0.3333333333333333,0.3333333333333333,0.2,,5.111111111111111
モエレカバーガール,,,,,,,,,,,,,母父,6.0,0.16666666666666666,0.16666666666666666,0.3333333333333333,,0.16666666666666666,0.16666666666666666,,,0.5,0.0,7.833333333333333
モエレサンタマリア,,,,,,,,,,,,,母父,6.0,0.16666666666666666,0.16666666666666666,0.16666666666666666,,0.16666666666666666,0.0,0.3333333333333333,,0.2,,7.0
モクレン,,,,,,,,,,,,,母父,7.0,0.0,0.0,0.0,0.0,0.0,,0.0,,0.0,0.0,10.714285714285714
モシーン,,,,,,,,,,,,,母父,10.0,0.2,0.3,0.3,0.25,0.0,,0.2222222222222222,0.0,0.2,,5.6
モスカートローザ,,,,,,,,,,,,,母父,14.0,0.14285714285714285,0.21428571428571427,0.2857142857142857,0.25,0.0,,0.14285714285714285,,0.3333333333333333,0.0,7.0
モスコーバーニング,,,,,,,,,,,,,母父,6.0,0.0,0.0,0.0,0.0,,,0.0,0.0,0.0,,11.166666666666666
モズアリュール,,,,,,,,,,,,,母父,10.0,0.1,0.1,0.1,,0.1,0.0,0.1111111111111111,,0.16666666666666666,0.0,9.1
モズフリムカナイデ,,,,,,,,,,,,,母父,5.0,0.0,0.8,0.8,0.0,0.0,0.0,,0.0,0.0,0.0,3.0
モトカノテソーロ,,,,,,,,,,,,,母父,8.0,0.0,0.0,0.0,0.0,0.0,,0.0,0.0,0.0,0.0,8.125
モトヒメ,,,,,,,,,,,,,母父,6.0,0.16666666666666666,0.16666666666666666,0.16666666666666666,0.16666666666666666,,,0.16666666666666666,,0.2,,5.833333333333333
モモイロアゲハ,,,,,,,,,,,,,母父,7.0,0.14285714285714285,0.14285714285714285,0.14285714285714285,0.25,0.0,0.0,0.0,0.3333333333333333,0.3333333333333333,0.0,7.142857142857143
モモトンボ,,,,,,,,,,,,,母父,6.0,0.0,0.0,0.0,0.0,0.0,0.0,0.0,,0.0,,10.666666666666666
モリトオウカ,,,,,,,,,,,,,母父,14.0,0.14285714285714285,0.21428571428571427,0.35714285714285715,0.0,0.15384615384615385,0.5,0.08333333333333333,,0.2,0.0,5.5
モルガナイト,,,,,,,,,,,,,母父,11.0,0.18181818181818182,0.36363636363636365,0.36363636363636365,0.2,0.0,0.3333333333333333,0.0,0.2,0.2,,9.090909090909092
モルトフェリーチェ,,,,,,,,,,,,,母父,9.0,0.3333333333333333,0.4444444444444444,0.5555555555555556,0.42857142857142855,0.0,0.0,,0.42857142857142855,0.3333333333333333,0.5,5.111111111111111
モルフェキイ,,,,,,,,,,,,,母父,10.0,0.0,0.1,0.1,0.0,,,0.0,0.0,0.0,0.0,8.0
モンサンアルビレオ,,,,,,,,,,,,,母父,11.0,0.0,0.09090909090909091,0.2727272727272727,,0.0,0.0,0.0,,0.0,0.0,6.181818181818182
モンターニュドール,,,,,,,,,,,,,母父,12.0,0.16666666666666666,0.25,0.25,,0.16666666666666666,0.1,0.5,,0.0,0.3333333333333333,9.083333333333334
モンテドーター,,,,,,,,,,,,,母父,8.0,0.0,0.0,0.0,0.0,0.0,0.0,0.0,,0.0,0.0,13.375
モンテミウ,,,,,,,,,,,,,母父,6.0,0.16666666666666666,0.16666666666666666,0.16666666666666666,,0.16666666666666666,0.2,0.0,,0.25,0.0,6.833333333333333
モンプティクール,,,,,,,,,,,,,母父,5.0,0.0,0.0,0.0,,0.0,,0.0,,0.0,0.0,9.0
モンローブロンド,,,,,,,,,,,,,母父,14.0,0.07142857142857142,0.2857142857142857,0.35714285714285715,0.08333333333333333,0.0,,0.09090909090909091,0.0,0.0,0.3333333333333333,6.357142857142857
モンローライン,,,,,,,,,,,,,母父,6.0,0.0,0.0,0.0,,0.0,0.0,0.0,,0.0,0.0,7.5
モンヴェール,,,,,,,,,,,,,母父,5.0,0.0,0.0,0.0,0.0,0.0,,0.0,,0.0,0.0,9.8
モーガンズマンボ,,,,,,,,,,,,,母父,7.0,0.14285714285714285,0.14285714285714285,0.2857142857142857,,0.14285714285714285,0.14285714285714285,,,0.25,0.0,5.428571428571429
モーニングコール,,,,,,,,,,,,,母父,6.0,0.0,0.0,0.3333333333333333,0.0,,0.0,0.0,,0.0,,5.166666666666667
モーニングフェイス,,,,,,,,,,,,,母父,15.0,0.13333333333333333,0.13333333333333333,0.13333333333333333,0.0,0.15384615384615385,0.0,0.15384615384615385,0.0,0.14285714285714285,0.0,9.4
ヤサカシャイニー,,,,,,,,,,,,,母父,5.0,0.0,0.0,0.0,,0.0,0.0,0.0,,0.0,,11.4
ヤサシイキモチ,,,,,,,,,,,,,母父,20.0,0.05,0.15,0.2,0.0,0.058823529411764705,0.0,0.07142857142857142,0.0,0.0,0.125,6.1
ヤマカツオーキッド,,,,,,,,,,,,,母父,8.0,0.0,0.25,0.25,0.0,0.0,0.0,0.0,0.0,0.0,0.0,5.5
ヤマカツセイレーン,,,,,,,,,,,,,母父,6.0,0.16666666666666666,0.3333333333333333,0.3333333333333333,0.0,0.25,0.0,0.5,,0.3333333333333333,0.0,7.166666666666667
ヤマカツマリリン,,,,,,,,,,,,,母父,15.0,0.06666666666666667,0.2,0.2,0.07142857142857142,0.0,0.0,0.09090909090909091,,0.1,0.0,7.933333333333334
ヤマトマリオン,,,,,,,,,,,,,母父,16.0,0.0625,0.125,0.125,0.0,0.07142857142857142,,0.06666666666666667,0.0,0.0,0.2,7.8125
ヤマニンアドーレ,,,,,,,,,,,,,母父,7.0,0.14285714285714285,0.14285714285714285,0.14285714285714285,0.2,0.0,0.0,0.16666666666666666,,0.25,0.0,7.714285714285714
ヤマニンアリエル,,,,,,,,,,,,,母父,7.0,0.0,0.0,0.14285714285714285,,0.0,0.0,0.0,0.0,0.0,0.0,9.857142857142858
ヤマニンエマイユ,,,,,,,,,,,,,母父,13.0,0.0,0.0,0.07692307692307693,0.0,0.0,0.0,0.0,,0.0,0.0,7.846153846153846
ヤマニンカルフール,,,,,,,,,,,,,母父,18.0,0.05555555555555555,0.16666666666666666,0.2222222222222222,0.08333333333333333,0.0,0.0,0.0,0.16666666666666666,0.07142857142857142,0.0,6.944444444444445
ヤマニングルノイユ,,,,,,,,,,,,,母父,7.0,0.0,0.0,0.2857142857142857,0.0,0.0,0.0,0.0,,0.0,,8.142857142857142
ヤマニンパソドブル,,,,,,,,,,,,,母父,9.0,0.0,0.1111111111111111,0.1111111111111111,,0.0,0.0,0.0,0.0,0.0,0.0,8.11111111111111
ヤマニンパピオネ,,,,,,,,,,,,,母父,12.0,0.08333333333333333,0.16666666666666666,0.25,0.125,0.0,0.0,0.1,,0.16666666666666666,0.0,8.666666666666666
ヤマニンプチフール,,,,,,,,,,,,,母父,9.0,0.0,0.0,0.1111111111111111,0.0,0.0,0.0,0.0,,0.0,,7.0
ヤマニンプロローグ,,,,,,,,,,,,,母父,14.0,0.07142857142857142,0.07142857142857142,0.21428571428571427,,0.07142857142857142,,0.1,0.0,0.0,0.0,6.571428571428571
ヤマニンメルベイユ,,,,,,,,,,,,,母父,5.0,0.0,0.0,0.2,0.0,0.0,0.0,0.0,,0.0,,12.0
ヤマニンリップル,,,,,,,,,,,,,母父,6.0,0.0,0.0,0.0,0.0,0.0,,0.0,,0.0,0.0,11.0
ヤマノローラ,,,,,,,,,,,,,母父,10.0,0.1,0.2,0.2,0.0,0.1111111111111111,,0.125,0.0,0.0,0.0,7.0
ヤヤラーラ,,,,,,,,,,,,,母父,11.0,0.09090909090909091,0.09090909090909091,0.18181818181818182,,0.09090909090909091,0.09090909090909091,,,0.0,0.0,9.454545454545455
ユアメモリー,,,,,,,,,,,,,母父,7.0,0.0,0.0,0.0,0.0,0.0,0.0,0.0,0.0,0.0,0.0,9.142857142857142
ユキチャン,,,,,,,,,,,,,母父,7.0,0.2857142857142857,0.2857142857142857,0.5714285714285714,0.2,0.5,0.2857142857142857,,,0.3333333333333333,0.0,4.142857142857143
ユキノクイーン,,,,,,,,,,,,,母父,9.0,0.1111111111111111,0.1111111111111111,0.1111111111111111,0.0,1.0,1.0,0.0,0.0,0.0,0.3333333333333333,7.444444444444445
ユキノシンデレラ,,,,,,,,,,,,,母父,13.0,0.15384615384615385,0.15384615384615385,0.3076923076923077,0.15384615384615385,,0.2,0.14285714285714285,0.0,0.1,0.5,6.6923076923076925
ユキノチャンプ,,,,,,,,,,,,,母父,11.0,0.09090909090909091,0.18181818181818182,0.18181818181818182,0.5,0.0,0.0,0.0,1.0,0.16666666666666666,,8.818181818181818
ユキノマーガレット,,,,,,,,,,,,,母父,7.0,0.0,0.0,0.0,0.0,0.0,,0.0,,0.0,0.0,9.428571428571429
ユキノマーメイド,,,,,,,,,,,,,母父,17.0,0.23529411764705882,0.29411764705882354,0.29411764705882354,0.3333333333333333,0.125,0.3333333333333333,0.14285714285714285,0.0,0.18181818181818182,0.2,6.294117647058823
ユキノレイコ,,,,,,,,,,,,,母父,11.0,0.0,0.0,0.0,,0.0,0.0,0.0,0.0,0.0,0.0,10.545454545454545
ユズチャン,,,,,,,,,,,,,母父,5.0,0.0,0.0,0.0,,0.0,0.0,,,0.0,0.0,7.4
ユッカマウンテン,,,,,,,,,,,,,母父,14.0,0.14285714285714285,0.21428571428571427,0.2857142857142857,0.0,0.15384615384615385,0.25,0.2,0.0,0.18181818181818182,0.0,6.0
ユニバーサル,,,,,,,,,,,,,母父,8.0,0.0,0.0,0.125,0.0,,0.0,0.0,0.0,0.0,0.0,8.25
ユニバーサルビーチ,,,,,,,,,,,,,母父,13.0,0.07692307692307693,0.15384615384615385,0.3076923076923077,0.0,0.08333333333333333,0.1111111111111111,0.0,,0.2,0.0,6.538461538461538
ユメイッポ,,,,,,,,,,,,,母父,5.0,0.0,0.0,0.0,0.0,0.0,0.0,0.0,,0.0,0.0,13.0
ユメザンマイ,,,,,,,,,,,,,母父,11.0,0.0,0.09090909090909091,0.09090909090909091,0.0,0.0,0.0,0.0,0.0,0.0,,9.545454545454545
ユメノトキメキ,,,,,,,,,,,,,母父,8.0,0.0,0.0,0.0,0.0,0.0,0.0,0.0,0.0,0.0,0.0,8.5
ユメノハコブネ,,,,,,,,,,,,,母父,11.0,0.09090909090909091,0.09090909090909091,0.18181818181818182,0.0,0.125,0.14285714285714285,0.0,0.0,0.0,1.0,8.181818181818182
ユーアーマイン,,,,,,,,,,,,,母父,11.0,0.0,0.09090909090909091,0.18181818181818182,,0.0,0.0,0.0,,0.0,0.0,8.818181818181818
ユーキャンドゥイット,,,,,,,,,,,,,母父,5.0,0.2,0.6,0.6,,0.2,,0.2,,0.5,0.0,3.2
ユースティティア,,,,,,,,,,,,,母父,5.0,0.0,0.2,0.4,,0.0,0.0,0.0,,0.0,,6.6
ユールフェスト,,,,,,,,,,,,,母父,7.0,0.0,0.0,0.14285714285714285,0.0,0.0,0.0,0.0,,0.0,0.0,7.857142857142857
ユーロシャーリーン,,,,,,,,,,,,,母父,5.0,0.2,0.2,0.2,0.25,0.0,0.2,,,0.2,,7.6
ユーロペ,,,,,,,,,,,,,母父,6.0,0.0,0.16666666666666666,0.3333333333333333,,0.0,,0.0,0.0,0.0,0.0,5.166666666666667
ヨウヨウ,,,,,,,,,,,,,母父,13.0,0.0,0.0,0.0,,0.0,,0.0,,0.0,0.0,10.76923076923077
ヨドノグレイス,,,,,,,,,,,,,母父,6.0,0.0,0.0,0.0,0.0,0.0,0.0,,,0.0,0.0,9.666666666666666
ヨドノスマイル,,,,,,,,,,,,,母父,9.0,0.0,0.0,0.0,,0.0,0.0,0.0,0.0,0.0,0.0,8.333333333333334
ライカート,,,,,,,,,,,,,母父,12.0,0.08333333333333333,0.16666666666666666,0.16666666666666666,0.0,0.09090909090909091,0.0,0.1,,0.0,0.3333333333333333,6.5
ライクザウインド,,,,,,,,,,,,,母父,10.0,0.1,0.3,0.3,0.1111111111111111,0.0,0.2,0.0,,0.2,,8.1
ライステラス,,,,,,,,,,,,,母父,7.0,0.0,0.0,0.0,0.0,0.0,0.0,0.0,0.0,0.0,0.0,10.714285714285714
ライトアップ,,,,,,,,,,,,,母父,6.0,0.0,0.0,0.0,0.0,0.0,0.0,0.0,,0.0,0.0,13.5
ライトニングパール,,,,,,,,,,,,,母父,6.0,0.0,0.0,0.16666666666666666,0.0,,0.0,,,0.0,,6.666666666666667
ライトリーチューン,,,,,,,,,,,,,母父,5.0,0.2,0.2,0.2,0.0,0.5,0.2,,,0.0,0.5,7.2
ライフフォーセール,,,,,,,,,,,,,母父,20.0,0.1,0.1,0.3,0.0625,0.25,0.0,0.125,0.0,0.0625,,5.7
ライブリーチューン,,,,,,,,,,,,,母父,5.0,0.0,0.2,0.2,,0.0,,0.0,0.0,0.0,0.0,6.6
ライボー,,,,,,,,,,,,,母父,7.0,0.0,0.0,0.0,0.0,0.0,0.0,0.0,0.0,0.0,0.0,12.285714285714286
ライラックスアンドレース,,,,,,,,,,,,,母父,10.0,0.1,0.5,0.6,0.125,0.0,,0.125,0.0,0.125,0.0,4.7
ライラプス,,,,,,,,,,,,,母父,7.0,0.2857142857142857,0.2857142857142857,0.2857142857142857,0.0,0.4,,0.3333333333333333,0.0,0.3333333333333333,0.0,6.285714285714286
ラインアンジュ,,,,,,,,,,,,,母父,8.0,0.0,0.125,0.125,0.0,0.0,0.0,0.0,,0.0,0.0,8.75
ラインキュート,,,,,,,,,,,,,母父,5.0,0.0,0.0,0.0,0.0,0.0,,0.0,,0.0,0.0,10.8
ラインダール,,,,,,,,,,,,,母父,6.0,0.16666666666666666,0.3333333333333333,0.3333333333333333,,0.16666666666666666,0.16666666666666666,,,0.25,0.0,6.0
ライヴマジック,,,,,,,,,,,,,母父,5.0,0.2,0.2,0.2,,0.2,0.2,,,0.25,,8.0
ラカ,,,,,,,,,,,,,母父,10.0,0.3,0.4,0.4,0.0,0.5,,0.25,0.3333333333333333,0.25,0.0,5.7
ラクスクライン,,,,,,,,,,,,,母父,8.0,0.0,0.0,0.125,0.0,0.0,,0.0,0.0,0.0,,12.125
ラグジャリー,,,,,,,,,,,,,母父,13.0,0.07692307692307693,0.23076923076923078,0.3076923076923077,0.08333333333333333,0.0,,0.08333333333333333,0.0,0.0,0.5,7.230769230769231
ラゴディラゴライ,,,,,,,,,,,,,母父,10.0,0.0,0.0,0.0,0.0,0.0,0.0,0.0,,0.0,0.0,10.8
ラサンバ,,,,,,,,,,,,,母父,7.0,0.0,0.0,0.14285714285714285,0.0,0.0,,0.0,0.0,0.0,0.0,9.571428571428571
ラシンティランテ,,,,,,,,,,,,,母父,12.0,0.0,0.16666666666666666,0.3333333333333333,0.0,0.0,0.0,0.0,,0.0,0.0,7.25
ラシーク,,,,,,,,,,,,,母父,14.0,0.14285714285714285,0.21428571428571427,0.2857142857142857,0.0,0.15384615384615385,0.16666666666666666,0.16666666666666666,0.0,0.14285714285714285,1.0,6.071428571428571
ラスティックフレイム,,,,,,,,,,,,,母父,7.0,0.0,0.14285714285714285,0.14285714285714285,0.0,,,0.0,0.0,0.0,0.0,5.571428571428571
ラスティングソング,,,,,,,,,,,,,母父,6.0,0.16666666666666666,0.3333333333333333,0.5,0.16666666666666666,,,0.0,0.25,0.25,,3.5
ラストアロー,,,,,,,,,,,,,母父,7.0,0.0,0.0,0.14285714285714285,,0.0,0.0,0.0,0.0,0.0,,7.142857142857143
ラストグルーヴ,,,,,,,,,,,,,母父,22.0,0.22727272727272727,0.36363636363636365,0.45454545454545453,0.23809523809523808,0.0,1.0,0.23529411764705882,0.0,0.29411764705882354,0.0,5.818181818181818
ラストワルツ,,,,,,,,,,,,,母父,6.0,0.0,0.3333333333333333,0.3333333333333333,0.0,0.0,0.0,0.0,,0.0,0.0,6.0
ラズベリータイム,,,,,,,,,,,,,母父,5.0,0.0,0.0,0.0,0.0,0.0,0.0,0.0,,0.0,,11.8
ラダームブランシェ,,,,,,,,,,,,,母父,12.0,0.08333333333333333,0.3333333333333333,0.5833333333333334,0.25,0.0,0.0,0.1,,0.14285714285714285,0.0,3.9166666666666665
ラッキーペニー,,,,,,,,,,,,,母父,7.0,0.0,0.14285714285714285,0.14285714285714285,0.0,,0.0,0.0,,0.0,0.0,6.714285714285714
ラッキーレディ,,,,,,,,,,,,,母父,18.0,0.0,0.0,0.05555555555555555,0.0,0.0,,0.0,,0.0,0.0,7.666666666666667
ラックスフィールドロード,,,,,,,,,,,,,母父,7.0,0.2857142857142857,0.42857142857142855,0.5714285714285714,0.0,0.4,0.3333333333333333,0.0,,0.2,,6.571428571428571
ラッドルチェンド,,,,,,,,,,,,,母父,9.0,0.2222222222222222,0.2222222222222222,0.3333333333333333,0.25,0.0,0.0,0.25,,0.25,,6.0
ラテアート,,,,,,,,,,,,,母父,7.0,0.0,0.0,0.0,0.0,0.0,0.0,0.0,0.0,0.0,0.0,8.428571428571429
ラトーナ,,,,,,,,,,,,,母父,5.0,0.2,0.2,0.2,0.25,0.0,0.0,0.0,1.0,0.0,1.0,7.0
ラトーヌインパクト,,,,,,,,,,,,,母父,7.0,0.14285714285714285,0.14285714285714285,0.2857142857142857,0.16666666666666666,0.0,0.0,0.25,,0.25,0.0,7.571428571428571
ラドランファーマ,,,,,,,,,,,,,母父,10.0,0.1,0.1,0.2,0.1111111111111111,0.0,,0.14285714285714285,0.0,0.0,0.3333333333333333,8.1
ラドラーダ,,,,,,,,,,,,,母父,24.0,0.16666666666666666,0.3333333333333333,0.375,0.0,0.5,0.3333333333333333,0.17647058823529413,0.0,0.06666666666666667,0.5,6.0
ラドルチェ,,,,,,,,,,,,,母父,6.0,0.0,0.16666666666666666,0.16666666666666666,0.0,,0.0,0.0,,0.0,,7.666666666666667
ラノララク,,,,,,,,,,,,,母父,5.0,0.0,0.0,0.0,,0.0,0.0,0.0,,0.0,,7.4
ラビアンローズ,,,,,,,,,,,,,母父,11.0,0.0,0.09090909090909091,0.09090909090909091,,0.0,0.0,,,0.0,0.0,7.818181818181818
ラビングトスカーナ,,,,,,,,,,,,,母父,28.0,0.0,0.07142857142857142,0.21428571428571427,0.0,0.0,0.0,0.0,,0.0,0.0,6.428571428571429
ラフアウェイ,,,,,,,,,,,,,母父,5.0,0.0,0.0,0.0,0.0,0.0,0.0,0.0,,0.0,0.0,7.0
ラフィカ,,,,,,,,,,,,,母父,11.0,0.09090909090909091,0.18181818181818182,0.36363636363636365,0.0,0.1,0.0,0.16666666666666666,,0.2,0.0,6.454545454545454
ラフェクレール,,,,,,,,,,,,,母父,9.0,0.1111111111111111,0.1111111111111111,0.2222222222222222,,0.1111111111111111,0.14285714285714285,0.0,,0.2,0.0,5.111111111111111
ラフォルトゥナ,,,,,,,,,,,,,母父,13.0,0.15384615384615385,0.15384615384615385,0.3076923076923077,,0.15384615384615385,,0.2,0.0,0.25,0.0,5.615384615384615
ラフレッシュブルー,,,,,,,,,,,,,母父,5.0,0.0,0.2,0.4,0.0,0.0,,0.0,0.0,0.0,0.0,6.6
ラフレーズカフェ,,,,,,,,,,,,,母父,9.0,0.0,0.2222222222222222,0.3333333333333333,0.0,0.0,0.0,0.0,,0.0,0.0,6.666666666666667
ラブアクチュアリー,,,,,,,,,,,,,母父,17.0,0.11764705882352941,0.23529411764705882,0.29411764705882354,0.11764705882352941,,1.0,0.1111111111111111,0.0,0.07692307692307693,0.3333333333333333,5.176470588235294
ラブエーヤン,,,,,,,,,,,,,母父,5.0,0.0,0.4,0.4,0.0,0.0,0.0,0.0,,0.0,0.0,8.2
ラブカーナ,,,,,,,,,,,,,母父,11.0,0.09090909090909091,0.09090909090909091,0.09090909090909091,0.0,0.1,0.0,0.14285714285714285,,0.0,,7.909090909090909
ラブジュリエット,,,,,,,,,,,,,母父,7.0,0.14285714285714285,0.14285714285714285,0.14285714285714285,,0.14285714285714285,0.0,0.16666666666666666,,0.25,0.0,8.142857142857142
ラブディラン,,,,,,,,,,,,,母父,8.0,0.125,0.25,0.375,0.0,0.14285714285714285,0.0,0.3333333333333333,,0.3333333333333333,0.0,7.25
ラブハミング,,,,,,,,,,,,,母父,6.0,0.16666666666666666,0.3333333333333333,0.5,,0.16666666666666666,0.0,0.25,,0.0,0.0,6.0
ラブハート,,,,,,,,,,,,,母父,13.0,0.0,0.0,0.0,0.0,0.0,0.0,,,0.0,0.0,11.846153846153847
ラブフール,,,,,,,,,,,,,母父,16.0,0.1875,0.25,0.25,0.14285714285714285,0.2222222222222222,0.0,0.2,,0.18181818181818182,0.0,6.375
ラブミラー,,,,,,,,,,,,,母父,5.0,0.0,0.0,0.2,0.0,0.0,0.0,0.0,,0.0,0.0,8.6
ラブミーダン,,,,,,,,,,,,,母父,7.0,0.0,0.0,0.0,,0.0,0.0,0.0,,0.0,0.0,11.285714285714286
ラブミーナンシー,,,,,,,,,,,,,母父,8.0,0.125,0.125,0.375,,0.125,,0.125,,0.0,0.5,4.75
ラブリイステラ,,,,,,,,,,,,,母父,12.0,0.0,0.16666666666666666,0.3333333333333333,,0.0,,0.0,0.0,0.0,0.0,6.833333333333333
ラブリネスオブパリ,,,,,,,,,,,,,母父,18.0,0.16666666666666666,0.2222222222222222,0.2777777777777778,0.0,0.3,0.0,0.23076923076923078,0.0,0.18181818181818182,0.25,6.833333333333333
ラブリーアリュール,,,,,,,,,,,,,母父,5.0,0.0,0.2,0.2,,0.0,0.0,0.0,,0.0,0.0,6.2
ラブリースター,,,,,,,,,,,,,母父,11.0,0.09090909090909091,0.18181818181818182,0.45454545454545453,,0.09090909090909091,0.0,0.1,,0.0,0.5,7.0
ラブルビー,,,,,,,,,,,,,母父,5.0,0.0,0.2,0.2,0.0,0.0,0.0,0.0,0.0,0.0,0.0,10.0
ラブレター,,,,,,,,,,,,,母父,11.0,0.09090909090909091,0.18181818181818182,0.18181818181818182,0.125,0.0,0.1111111111111111,0.0,,0.0,,6.909090909090909
ラブーム,,,,,,,,,,,,,母父,12.0,0.0,0.25,0.25,0.0,,,0.0,,0.0,,5.916666666666667
ラプザントゥール,,,,,,,,,,,,,母父,12.0,0.08333333333333333,0.25,0.3333333333333333,,0.08333333333333333,0.08333333333333333,,,0.0,0.5,7.083333333333333
ラプターセイハート,,,,,,,,,,,,,母父,16.0,0.0,0.0625,0.125,0.0,0.0,0.0,0.0,,0.0,0.0,7.25
ラプリマステラ,,,,,,,,,,,,,母父,10.0,0.1,0.3,0.4,,0.1,0.1,,,0.14285714285714285,0.0,6.5
ラベ,,,,,,,,,,,,,母父,5.0,0.4,0.4,0.4,0.3333333333333333,0.5,0.5,0.0,,0.4,,6.8
ラベンダーカラー,,,,,,,,,,,,,母父,7.0,0.0,0.0,0.14285714285714285,,0.0,0.0,0.0,,0.0,0.0,5.285714285714286
ラメント,,,,,,,,,,,,,母父,7.0,0.0,0.14285714285714285,0.2857142857142857,,0.0,0.0,0.0,0.0,0.0,0.0,7.714285714285714
ララア,,,,,,,,,,,,,母父,16.0,0.1875,0.1875,0.25,0.375,0.0,1.0,0.18181818181818182,0.0,0.25,0.0,8.0625
ラリズ,,,,,,,,,,,,,母父,15.0,0.3333333333333333,0.5333333333333333,0.6666666666666666,0.3333333333333333,0.3333333333333333,0.3333333333333333,0.4444444444444444,0.0,0.38461538461538464,,3.7333333333333334
ラルケット,,,,,,,,,,,,,母父,13.0,0.15384615384615385,0.23076923076923078,0.38461538461538464,0.0,0.4,0.3333333333333333,0.0,0.0,0.3333333333333333,0.0,4.769230769230769
ラルティスタ,,,,,,,,,,,,,母父,9.0,0.2222222222222222,0.3333333333333333,0.3333333333333333,0.25,0.0,0.2857142857142857,0.0,,0.125,,7.111111111111111
ランウェイスナップ,,,,,,,,,,,,,母父,12.0,0.0,0.5833333333333334,0.5833333333333334,0.0,0.0,0.0,0.0,,0.0,0.0,4.75
ランズエッジ,,,,,,,,,,,,,母父,5.0,0.2,0.6,0.6,0.2,,,0.0,0.3333333333333333,0.0,,2.6
ラントゥザリード,,,,,,,,,,,,,母父,5.0,0.2,0.2,0.4,0.2,,,0.25,0.0,0.0,1.0,6.0
ランニングボブキャッツ,,,,,,,,,,,,,母父,15.0,0.06666666666666667,0.2,0.3333333333333333,,0.06666666666666667,0.0,0.09090909090909091,,0.0,0.0,7.266666666666667
ランペイア,,,,,,,,,,,,,母父,5.0,0.0,0.4,0.8,0.0,,,,0.0,0.0,,3.4
ラヴァリーノ,,,,,,,,,,,,,母父,8.0,0.25,0.25,0.25,0.4,0.0,0.0,0.4,,0.2857142857142857,,6.75
ラヴァーズレーン,,,,,,,,,,,,,母父,9.0,0.1111111111111111,0.1111111111111111,0.2222222222222222,,0.1111111111111111,0.0,0.14285714285714285,,0.16666666666666666,0.0,9.222222222222221
ラヴアズギフト,,,,,,,,,,,,,母父,6.0,0.0,0.16666666666666666,0.3333333333333333,0.0,0.0,0.0,,,0.0,0.0,7.5
ラヴアンドフェイス,,,,,,,,,,,,,母父,6.0,0.0,0.16666666666666666,0.16666666666666666,,0.0,0.0,,,0.0,0.0,7.5
ラヴィアンフルール,,,,,,,,,,,,,母父,12.0,0.16666666666666666,0.4166666666666667,0.5,0.18181818181818182,0.0,,0.0,0.25,0.2222222222222222,0.0,5.0
ラヴィングサンデー,,,,,,,,,,,,,母父,8.0,0.0,0.0,0.125,,0.0,0.0,0.0,,0.0,0.0,10.375
ラヴィーズラヴィン,,,,,,,,,,,,,母父,6.0,0.0,0.0,0.0,0.0,0.0,0.0,0.0,,0.0,,12.833333333333334
ラヴズオンリーミー,,,,,,,,,,,,,母父,14.0,0.21428571428571427,0.2857142857142857,0.2857142857142857,0.21428571428571427,,,0.1,0.5,0.3,0.0,6.642857142857143
ラヴソレイユ,,,,,,,,,,,,,母父,9.0,0.1111111111111111,0.1111111111111111,0.2222222222222222,0.2,0.0,0.0,0.0,0.2,0.16666666666666666,0.0,8.0
ラヴフェアリー,,,,,,,,,,,,,母父,9.0,0.0,0.1111111111111111,0.1111111111111111,,0.0,,0.0,,0.0,0.0,7.0
ラヴフルーヴ,,,,,,,,,,,,,母父,9.0,0.1111111111111111,0.2222222222222222,0.3333333333333333,,0.1111111111111111,0.1111111111111111,,,0.0,0.5,9.333333333333334
ラヴリードリーム,,,,,,,,,,,,,母父,5.0,0.0,0.0,0.0,0.0,0.0,0.0,0.0,0.0,0.0,0.0,9.4
ラーチャプルック,,,,,,,,,,,,,母父,9.0,0.0,0.0,0.2222222222222222,0.0,0.0,0.0,0.0,,0.0,0.0,6.333333333333333
ラーナック,,,,,,,,,,,,,母父,5.0,0.0,0.0,0.0,0.0,0.0,0.0,0.0,,0.0,,10.0
リアアントニア,,,,,,,,,,,,,母父,8.0,0.0,0.0,0.125,0.0,,,0.0,,0.0,0.0,7.875
リアライズカレボ,,,,,,,,,,,,,母父,5.0,0.2,0.2,0.2,0.0,0.25,,0.2,,1.0,0.0,8.8
リアライズナラック,,,,,,,,,,,,,母父,11.0,0.0,0.09090909090909091,0.18181818181818182,,0.0,0.0,0.0,,0.0,0.0,7.818181818181818
リアライズノユメ,,,,,,,,,,,,,母父,7.0,0.0,0.14285714285714285,0.42857142857142855,,0.0,0.0,0.0,,0.0,0.0,4.142857142857143
リアリサトリス,,,,,,,,,,,,,母父,18.0,0.2222222222222222,0.2222222222222222,0.2777777777777778,0.3076923076923077,0.0,0.0,0.26666666666666666,0.0,0.26666666666666666,0.0,6.277777777777778
リアリーラヴユー,,,,,,,,,,,,,母父,6.0,0.0,0.16666666666666666,0.16666666666666666,,0.0,,0.0,0.0,0.0,0.0,5.833333333333333
リアルアーネスト,,,,,,,,,,,,,母父,6.0,0.16666666666666666,0.16666666666666666,0.16666666666666666,,0.16666666666666666,,0.16666666666666666,,0.3333333333333333,0.0,7.5
リアルメンテ,,,,,,,,,,,,,母父,5.0,0.0,0.0,0.0,0.0,0.0,0.0,0.0,,0.0,,11.2
リエートフィーネ,,,,,,,,,,,,,母父,12.0,0.0,0.16666666666666666,0.3333333333333333,,0.0,0.0,0.0,,0.0,0.0,5.25
リキオリンピア,,,,,,,,,,,,,母父,8.0,0.0,0.0,0.0,0.0,0.0,0.0,0.0,,0.0,,9.625
リキサンピュアティ,,,,,,,,,,,,,母父,8.0,0.25,0.25,0.25,0.0,0.3333333333333333,1.0,0.0,0.2,0.2,0.5,6.0
リキセレナード,,,,,,,,,,,,,母父,5.0,0.0,0.0,0.0,0.0,,,0.0,,0.0,0.0,10.6
リクエストアワー,,,,,,,,,,,,,母父,5.0,0.0,0.0,0.0,,0.0,0.0,0.0,,0.0,0.0,12.4
リコリス,,,,,,,,,,,,,母父,9.0,0.1111111111111111,0.1111111111111111,0.1111111111111111,0.0,0.25,,0.1111111111111111,,0.25,0.0,9.333333333333334
リスティアアスリー,,,,,,,,,,,,,母父,12.0,0.0,0.16666666666666666,0.25,0.0,0.0,0.0,0.0,,0.0,0.0,8.75
リズムオブザレイン,,,,,,,,,,,,,母父,13.0,0.07692307692307693,0.15384615384615385,0.38461538461538464,0.0,0.09090909090909091,0.0,0.125,0.0,0.16666666666666666,0.0,5.538461538461538
リズムオブライト,,,,,,,,,,,,,母父,11.0,0.09090909090909091,0.09090909090909091,0.2727272727272727,0.1,0.0,0.0,0.125,0.0,0.125,,5.090909090909091
リッスン,,,,,,,,,,,,,母父,15.0,0.06666666666666667,0.26666666666666666,0.26666666666666666,0.06666666666666667,,,0.14285714285714285,0.0,0.08333333333333333,,6.733333333333333
リッチダンサー,,,,,,,,,,,,,母父,9.0,0.1111111111111111,0.1111111111111111,0.1111111111111111,0.1111111111111111,,0.5,0.0,0.0,0.0,0.0,12.222222222222221
リップスポイズン,,,,,,,,,,,,,母父,8.0,0.0,0.0,0.0,0.0,0.0,0.0,0.0,,0.0,,7.625
リップル,,,,,,,,,,,,,母父,11.0,0.2727272727272727,0.36363636363636365,0.36363636363636365,0.2222222222222222,0.5,0.3333333333333333,0.2,,0.3,,4.181818181818182
リトルアマポーラ,,,,,,,,,,,,,母父,8.0,0.125,0.125,0.125,0.25,0.0,,0.0,0.3333333333333333,0.0,0.3333333333333333,7.75
リトルゲルダ,,,,,,,,,,,,,母父,8.0,0.125,0.125,0.375,0.125,,0.25,0.0,,0.16666666666666666,0.0,7.0
リトルジュン,,,,,,,,,,,,,母父,12.0,0.16666666666666666,0.3333333333333333,0.3333333333333333,0.2222222222222222,0.0,,0.0,0.2857142857142857,0.125,0.5,7.083333333333333
リトルダーリン,,,,,,,,,,,,,母父,5.0,0.2,0.4,0.6,0.3333333333333333,0.0,,0.2,,0.25,,4.2
リトルディッパー,,,,,,,,,,,,,母父,26.0,0.038461538461538464,0.15384615384615385,0.2692307692307692,0.058823529411764705,0.0,0.0,0.045454545454545456,0.0,0.05,0.0,6.346153846153846
リトルビスケット,,,,,,,,,,,,,母父,7.0,0.0,0.0,0.14285714285714285,0.0,0.0,,0.0,0.0,0.0,0.0,10.285714285714286
リトルブレッシング,,,,,,,,,,,,,母父,10.0,0.2,0.2,0.3,0.0,0.2222222222222222,0.2222222222222222,0.0,,0.14285714285714285,0.5,6.7
リネンパズル,,,,,,,,,,,,,母父,12.0,0.0,0.25,0.25,0.0,0.0,0.0,0.0,0.0,0.0,0.0,7.75
リバティープリント,,,,,,,,,,,,,母父,5.0,0.0,0.0,0.2,,0.0,0.0,0.0,,0.0,,8.6
リバティーベル,,,,,,,,,,,,,母父,7.0,0.14285714285714285,0.14285714285714285,0.14285714285714285,,0.14285714285714285,,0.14285714285714285,,0.16666666666666666,0.0,8.285714285714286
リビアーモ,,,,,,,,,,,,,母父,10.0,0.2,0.5,0.5,0.1111111111111111,1.0,,0.2,0.2,0.16666666666666666,0.0,5.7
リビングプルーフ,,,,,,,,,,,,,母父,12.0,0.16666666666666666,0.16666666666666666,0.3333333333333333,0.2,0.0,0.0,0.16666666666666666,0.5,0.14285714285714285,0.0,8.25
リボンティアラ,,,,,,,,,,,,,母父,6.0,0.0,0.0,0.0,0.0,0.0,0.0,0.0,0.0,0.0,,10.833333333333334
リボントリコロール,,,,,,,,,,,,,母父,9.0,0.1111111111111111,0.2222222222222222,0.3333333333333333,0.125,0.0,,0.14285714285714285,0.0,0.14285714285714285,0.0,6.111111111111111
リボンノキシ,,,,,,,,,,,,,母父,5.0,0.2,0.4,0.4,,0.2,0.25,0.0,,0.2,,6.2
リミックスアルバム,,,,,,,,,,,,,母父,5.0,0.0,0.0,0.0,0.0,0.0,0.0,0.0,0.0,0.0,,9.6
リメレンス,,,,,,,,,,,,,母父,5.0,0.2,0.2,0.6,0.0,0.25,,0.25,0.0,0.0,1.0,4.6
リュウメイ,,,,,,,,,,,,,母父,11.0,0.18181818181818182,0.36363636363636365,0.45454545454545453,,0.18181818181818182,0.0,0.25,,0.5,0.0,6.636363636363637
リュクスメジャー,,,,,,,,,,,,,母父,12.0,0.08333333333333333,0.16666666666666666,0.3333333333333333,,0.08333333333333333,0.0,0.25,,0.125,,6.5
リュシオル,,,,,,,,,,,,,母父,5.0,0.2,0.4,0.4,0.2,,,0.25,0.0,0.0,0.0,5.6
リュズキナ,,,,,,,,,,,,,母父,6.0,0.0,0.0,0.0,0.0,0.0,,0.0,0.0,0.0,,9.666666666666666
リュヌドール,,,,,,,,,,,,,母父,10.0,0.3,0.3,0.6,0.3,,,0.3333333333333333,0.25,0.3333333333333333,,4.5
リュポメルー,,,,,,,,,,,,,母父,8.0,0.0,0.125,0.375,,0.0,0.0,0.0,,0.0,0.0,6.875
リュラ,,,,,,,,,,,,,母父,6.0,0.0,0.0,0.0,0.0,0.0,0.0,0.0,,0.0,0.0,8.333333333333334
リュンヌ,,,,,,,,,,,,,母父,7.0,0.14285714285714285,0.42857142857142855,0.42857142857142855,0.2,0.0,0.0,0.16666666666666666,,0.0,0.3333333333333333,5.857142857142857
リラコサージュ,,,,,,,,,,,,,母父,6.0,0.16666666666666666,0.5,0.5,,0.16666666666666666,0.16666666666666666,,,0.25,0.0,4.0
リラヴァティ,,,,,,,,,,,,,母父,5.0,0.0,0.0,0.4,0.0,,,0.0,,0.0,0.0,7.2
リリアンタイム,,,,,,,,,,,,,母父,7.0,0.0,0.14285714285714285,0.2857142857142857,0.0,0.0,,0.0,0.0,0.0,0.0,8.857142857142858
リリアーレ,,,,,,,,,,,,,母父,14.0,0.0,0.0,0.07142857142857142,0.0,0.0,0.0,0.0,0.0,0.0,0.0,8.857142857142858
リリウム,,,,,,,,,,,,,母父,7.0,0.0,0.14285714285714285,0.14285714285714285,0.0,0.0,,0.0,0.0,0.0,0.0,8.857142857142858
リリカルホイッスル,,,,,,,,,,,,,母父,6.0,0.0,0.0,0.3333333333333333,0.0,0.0,0.0,0.0,,0.0,0.0,6.166666666666667
リリサイド,,,,,,,,,,,,,母父,5.0,0.0,0.0,0.0,0.0,,0.0,0.0,0.0,0.0,0.0,13.0
リリーオブザナイル,,,,,,,,,,,,,母父,11.0,0.09090909090909091,0.09090909090909091,0.09090909090909091,0.0,0.14285714285714285,,0.14285714285714285,0.0,0.14285714285714285,0.0,9.181818181818182
リリーオブザヴァレー,,,,,,,,,,,,,母父,13.0,0.07692307692307693,0.15384615384615385,0.23076923076923078,0.07692307692307693,,,0.0,0.1,0.1111111111111111,,6.076923076923077
リワードクリエン,,,,,,,,,,,,,母父,8.0,0.0,0.0,0.125,,0.0,0.0,0.0,,0.0,0.0,8.875
リングジアラーム,,,,,,,,,,,,,母父,6.0,0.16666666666666666,0.16666666666666666,0.5,0.0,0.25,,0.16666666666666666,,0.16666666666666666,,5.666666666666667
リングネブラ,,,,,,,,,,,,,母父,10.0,0.1,0.2,0.2,0.125,0.0,0.0,0.1111111111111111,,0.2,0.0,6.9
リンダムーン,,,,,,,,,,,,,母父,7.0,0.0,0.0,0.0,,0.0,0.0,0.0,,0.0,0.0,12.0
リントス,,,,,,,,,,,,,母父,14.0,0.07142857142857142,0.14285714285714285,0.21428571428571427,,0.07142857142857142,0.0,0.3333333333333333,,0.0,0.125,4.928571428571429
リヴァプール,,,,,,,,,,,,,母父,7.0,0.0,0.0,0.0,0.0,0.0,0.0,0.0,,0.0,0.0,10.571428571428571
リヴィアローズ,,,,,,,,,,,,,母父,5.0,0.0,0.0,0.0,0.0,0.0,,0.0,0.0,0.0,,9.6
リーガルデイム,,,,,,,,,,,,,母父,5.0,0.0,0.2,0.2,0.0,0.0,0.0,0.0,,,0.0,7.4
リーグルメアリー,,,,,,,,,,,,,母父,16.0,0.0625,0.1875,0.3125,,0.0625,0.0,0.25,,0.0,0.16666666666666666,7.5625
リーチコンセンサス,,,,,,,,,,,,,母父,8.0,0.25,0.375,0.375,0.0,0.3333333333333333,0.2857142857142857,0.0,,0.3333333333333333,0.0,4.75
リーチマイハーバー,,,,,,,,,,,,,母父,7.0,0.0,0.0,0.14285714285714285,0.0,,,0.0,0.0,0.0,0.0,7.428571428571429
リードストーリー,,,,,,,,,,,,,母父,14.0,0.0,0.2857142857142857,0.42857142857142855,0.0,0.0,0.0,0.0,,0.0,0.0,5.571428571428571
リープオブフェイス,,,,,,,,,,,,,母父,10.0,0.2,0.3,0.4,0.2857142857142857,0.0,0.3333333333333333,0.0,0.16666666666666666,0.14285714285714285,0.3333333333333333,4.7
リーベストラウム,,,,,,,,,,,,,母父,32.0,0.0625,0.3125,0.46875,0.0625,,0.0,0.11764705882352941,,0.045454545454545456,0.0,5.0
ルアス,,,,,,,,,,,,,母父,6.0,0.0,0.0,0.16666666666666666,0.0,0.0,0.0,,,0.0,,7.166666666666667
ルアーズストリート,,,,,,,,,,,,,母父,19.0,0.0,0.2631578947368421,0.3684210526315789,0.0,0.0,,0.0,0.0,0.0,0.0,6.368421052631579
ルシュクル,,,,,,,,,,,,,母父,14.0,0.07142857142857142,0.14285714285714285,0.35714285714285715,0.07142857142857142,,0.16666666666666666,0.0,,0.0,,7.214285714285714
ルスナイクリスティ,,,,,,,,,,,,,母父,13.0,0.0,0.15384615384615385,0.15384615384615385,0.0,0.0,0.0,0.0,,0.0,0.0,6.923076923076923
ルスナイプリンセス,,,,,,,,,,,,,母父,5.0,0.0,0.2,0.2,,0.0,0.0,0.0,,0.0,0.0,6.6
ルックアミリオン,,,,,,,,,,,,,母父,12.0,0.08333333333333333,0.3333333333333333,0.5,,0.08333333333333333,0.16666666666666666,0.0,,0.0,0.5,5.833333333333333
ルドラ,,,,,,,,,,,,,母父,5.0,0.0,0.0,0.0,0.0,0.0,,0.0,,0.0,0.0,9.4
ルナフェリーナ,,,,,,,,,,,,,母父,8.0,0.0,0.125,0.125,0.0,0.0,0.0,0.0,0.0,0.0,0.0,6.125
ルナレガーロ,,,,,,,,,,,,,母父,12.0,0.08333333333333333,0.16666666666666666,0.25,0.1,0.0,0.1111111111111111,0.0,,0.14285714285714285,0.0,7.833333333333333
ルナースフィア,,,,,,,,,,,,,母父,10.0,0.1,0.1,0.1,,0.1,0.0,0.1111111111111111,,0.0,0.5,10.1
ルネッサンスファウンド,,,,,,,,,,,,,母父,5.0,0.0,0.0,0.0,0.0,0.0,0.0,0.0,0.0,0.0,,9.4
ルミエールヴェリテ,,,,,,,,,,,,,母父,16.0,0.0625,0.25,0.3125,0.0,0.14285714285714285,0.3333333333333333,0.0,0.0,0.09090909090909091,,9.0
ルミナスハッピー,,,,,,,,,,,,,母父,10.0,0.0,0.2,0.5,0.0,0.0,,0.0,0.0,0.0,0.0,5.5
ルミナスパレード,,,,,,,,,,,,,母父,14.0,0.21428571428571427,0.5,0.5714285714285714,0.23076923076923078,0.0,0.0,0.3,,0.2727272727272727,0.0,4.785714285714286
ルミナスレッド,,,,,,,,,,,,,母父,5.0,0.0,0.2,0.2,,0.0,,0.0,,0.0,0.0,11.4
ルミノハレブタイ,,,,,,,,,,,,,母父,7.0,0.14285714285714285,0.14285714285714285,0.2857142857142857,0.0,0.16666666666666666,,0.2,0.0,0.0,0.5,7.0
ルリニガナ,,,,,,,,,,,,,母父,6.0,0.0,0.0,0.16666666666666666,,0.0,0.0,0.0,,0.0,0.0,6.833333333333333
ルリビタキ,,,,,,,,,,,,,母父,12.0,0.0,0.0,0.08333333333333333,,0.0,0.0,0.0,,0.0,0.0,10.416666666666666
ルルパンブルー,,,,,,,,,,,,,母父,8.0,0.25,0.375,0.375,0.2857142857142857,0.0,0.25,0.0,1.0,0.4,0.0,7.25
ルンバロッカ,,,,,,,,,,,,,母父,12.0,0.0,0.0,0.08333333333333333,0.0,0.0,0.0,0.0,,0.0,0.0,6.833333333333333
ルヴァンクレール,,,,,,,,,,,,,母父,11.0,0.0,0.18181818181818182,0.36363636363636365,0.0,0.0,,0.0,0.0,0.0,0.0,5.363636363636363
ルヴェソンヴェール,,,,,,,,,,,,,母父,18.0,0.05555555555555555,0.3333333333333333,0.5,0.0,0.07692307692307693,0.0,0.0,0.14285714285714285,0.06666666666666667,0.0,4.722222222222222
ルージュクール,,,,,,,,,,,,,母父,10.0,0.1,0.1,0.1,,0.1,0.16666666666666666,0.0,,0.0,0.3333333333333333,8.9
ルージュバンブー,,,,,,,,,,,,,母父,5.0,0.0,0.0,0.0,0.0,0.0,,0.0,,0.0,0.0,9.0
ルーヴインペリアル,,,,,,,,,,,,,母父,16.0,0.0625,0.1875,0.1875,0.0,0.06666666666666667,,0.0,0.09090909090909091,0.08333333333333333,0.0,6.8125
レアシルウィア,,,,,,,,,,,,,母父,9.0,0.1111111111111111,0.2222222222222222,0.5555555555555556,0.16666666666666666,0.0,0.14285714285714285,0.0,,0.16666666666666666,0.0,7.111111111111111
レアファインド,,,,,,,,,,,,,母父,5.0,0.0,0.0,0.0,0.0,0.0,0.0,0.0,,0.0,,11.8
レイカーラ,,,,,,,,,,,,,母父,9.0,0.1111111111111111,0.1111111111111111,0.2222222222222222,0.1111111111111111,,0.0,0.14285714285714285,,0.0,0.0,9.666666666666666
レイクサイドカップ,,,,,,,,,,,,,母父,7.0,0.0,0.0,0.14285714285714285,,0.0,0.0,0.0,,0.0,0.0,8.714285714285714
レイジーリヴァー,,,,,,,,,,,,,母父,9.0,0.0,0.2222222222222222,0.3333333333333333,,0.0,0.0,0.0,,0.0,0.0,7.111111111111111
レイズアンドコール,,,,,,,,,,,,,母父,8.0,0.0,0.0,0.125,0.0,0.0,0.0,0.0,,0.0,0.0,9.625
レイズユアグラス,,,,,,,,,,,,,母父,6.0,0.0,0.0,0.0,,0.0,0.0,,,0.0,,7.5
レイテッド,,,,,,,,,,,,,母父,9.0,0.1111111111111111,0.1111111111111111,0.1111111111111111,,0.1111111111111111,,0.1111111111111111,,0.0,0.0,9.666666666666666
レイナソフィア,,,,,,,,,,,,,母父,7.0,0.0,0.14285714285714285,0.14285714285714285,0.0,,,0.0,0.0,0.0,0.0,7.571428571428571
レイナデアブリル,,,,,,,,,,,,,母父,10.0,0.1,0.1,0.2,0.0,0.1111111111111111,,0.1,,0.0,0.25,9.4
レイナワルツ,,,,,,,,,,,,,母父,11.0,0.0,0.0,0.09090909090909091,0.0,0.0,0.0,0.0,,0.0,0.0,7.545454545454546
レイヨンヴェール,,,,,,,,,,,,,母父,7.0,0.0,0.2857142857142857,0.2857142857142857,0.0,0.0,0.0,,0.0,0.0,0.0,7.857142857142857
レインデート,,,,,,,,,,,,,母父,10.0,0.1,0.2,0.3,0.16666666666666666,0.0,,0.0,0.3333333333333333,0.125,0.0,5.5
レインボーシーカー,,,,,,,,,,,,,母父,15.0,0.0,0.13333333333333333,0.13333333333333333,0.0,0.0,0.0,0.0,0.0,0.0,0.0,7.333333333333333
レインボーハート,,,,,,,,,,,,,母父,5.0,0.0,0.0,0.0,0.0,0.0,0.0,0.0,0.0,0.0,0.0,13.6
レオフォーレンス,,,,,,,,,,,,,母父,11.0,0.09090909090909091,0.2727272727272727,0.2727272727272727,,0.09090909090909091,,0.09090909090909091,,0.2,0.0,6.818181818181818
レキシールー,,,,,,,,,,,,,母父,7.0,0.42857142857142855,0.42857142857142855,0.42857142857142855,0.42857142857142855,,0.0,0.5,,0.4,,6.714285714285714
レジェトウショウ,,,,,,,,,,,,,母父,17.0,0.17647058823529413,0.23529411764705882,0.35294117647058826,0.2,0.0,0.18181818181818182,0.16666666666666666,,0.2727272727272727,0.0,5.882352941176471
レジェンドトレイル,,,,,,,,,,,,,母父,13.0,0.23076923076923078,0.46153846153846156,0.46153846153846156,,0.23076923076923078,0.0,0.42857142857142855,0.0,0.5,0.16666666666666666,5.153846153846154
レジネッタ,,,,,,,,,,,,,母父,24.0,0.125,0.20833333333333334,0.20833333333333334,0.0,0.25,0.18181818181818182,0.1,0.0,0.07692307692307693,0.14285714285714285,8.333333333333334
レジリアンス,,,,,,,,,,,,,母父,5.0,0.0,0.0,0.0,,0.0,0.0,0.0,,0.0,,11.4
レスペランス,,,,,,,,,,,,,母父,6.0,0.16666666666666666,0.3333333333333333,0.3333333333333333,0.0,0.3333333333333333,0.5,0.0,,0.3333333333333333,0.0,5.166666666666667
レゾリューション,,,,,,,,,,,,,母父,5.0,0.2,0.4,0.6,,0.2,,0.0,0.5,0.25,0.0,5.0
レチャーダ,,,,,,,,,,,,,母父,7.0,0.0,0.0,0.0,0.0,0.0,,0.0,0.0,0.0,0.0,10.0
レックスレイノス,,,,,,,,,,,,,母父,6.0,0.0,0.0,0.0,0.0,0.0,0.0,0.0,,0.0,,8.166666666666666
レッダンゴールド,,,,,,,,,,,,,母父,6.0,0.0,0.3333333333333333,0.5,0.0,0.0,0.0,0.0,,0.0,0.0,5.0
レッツサッチャー,,,,,,,,,,,,,母父,8.0,0.125,0.125,0.25,0.0,0.14285714285714285,,0.125,,0.25,0.0,9.25
レッドアゲート,,,,,,,,,,,,,母父,19.0,0.05263157894736842,0.05263157894736842,0.15789473684210525,0.0,0.1111111111111111,,0.07142857142857142,0.0,0.09090909090909091,0.0,8.368421052631579
レッドアシェット,,,,,,,,,,,,,母父,7.0,0.0,0.0,0.0,0.0,0.0,0.0,0.0,0.0,0.0,0.0,10.285714285714286
レッドカチューシャ,,,,,,,,,,,,,母父,8.0,0.125,0.125,0.25,0.0,0.25,,0.16666666666666666,0.0,0.16666666666666666,0.0,6.625
レッドガナドーラ,,,,,,,,,,,,,母父,8.0,0.0,0.125,0.125,0.0,0.0,,0.0,0.0,0.0,0.0,9.375
レッドシャトル,,,,,,,,,,,,,母父,5.0,0.0,0.4,0.4,0.0,0.0,0.0,0.0,0.0,0.0,0.0,7.6
レッドシャンデル,,,,,,,,,,,,,母父,7.0,0.14285714285714285,0.2857142857142857,0.2857142857142857,,0.14285714285714285,0.0,0.16666666666666666,,0.16666666666666666,,6.142857142857143
レッドジゼル,,,,,,,,,,,,,母父,7.0,0.0,0.0,0.2857142857142857,0.0,,,0.0,,0.0,,10.142857142857142
レッドセシリア,,,,,,,,,,,,,母父,5.0,0.0,0.0,0.0,0.0,0.0,0.0,0.0,,0.0,0.0,8.8
レッドソンブレロ,,,,,,,,,,,,,母父,10.0,0.1,0.3,0.3,,0.1,0.0,0.0,0.3333333333333333,0.125,0.0,6.1
レッドターキー,,,,,,,,,,,,,母父,9.0,0.0,0.1111111111111111,0.1111111111111111,0.0,0.0,0.0,0.0,,0.0,,11.222222222222221
レッドハート,,,,,,,,,,,,,母父,5.0,0.2,0.2,0.2,0.0,0.25,,0.2,,0.25,0.0,8.6
レッドファンタジア,,,,,,,,,,,,,母父,14.0,0.14285714285714285,0.14285714285714285,0.21428571428571427,0.15384615384615385,0.0,0.0,0.15384615384615385,,0.2,0.0,6.5
レッドフェザー,,,,,,,,,,,,,母父,8.0,0.125,0.25,0.5,,0.125,0.3333333333333333,0.0,0.0,0.25,0.0,5.0
レッドプラネット,,,,,,,,,,,,,母父,11.0,0.09090909090909091,0.09090909090909091,0.18181818181818182,0.0,0.1,,0.0,0.1,0.0,0.3333333333333333,7.0
レッドベルフィーユ,,,,,,,,,,,,,母父,13.0,0.07692307692307693,0.07692307692307693,0.23076923076923078,0.1,0.0,0.0,0.09090909090909091,0.0,0.0,0.0,8.153846153846153
レッドマロン,,,,,,,,,,,,,母父,6.0,0.16666666666666666,0.16666666666666666,0.16666666666666666,,0.16666666666666666,0.2,0.0,,0.25,,8.5
レッドマーキュリー,,,,,,,,,,,,,母父,14.0,0.0,0.0,0.07142857142857142,0.0,0.0,0.0,0.0,,0.0,0.0,10.285714285714286
レッドメアラス,,,,,,,,,,,,,母父,8.0,0.125,0.125,0.125,0.125,,,0.125,,0.16666666666666666,0.0,10.375
レッドメデューサ,,,,,,,,,,,,,母父,12.0,0.0,0.16666666666666666,0.3333333333333333,0.0,0.0,0.0,0.0,,0.0,0.0,7.5
レッドリップス,,,,,,,,,,,,,母父,7.0,0.0,0.0,0.0,0.0,0.0,0.0,0.0,,0.0,0.0,11.714285714285714
レッドレイチェル,,,,,,,,,,,,,母父,9.0,0.2222222222222222,0.3333333333333333,0.4444444444444444,0.25,0.0,0.3333333333333333,0.0,,0.2857142857142857,0.0,7.777777777777778
レツィーナ,,,,,,,,,,,,,母父,22.0,0.18181818181818182,0.22727272727272727,0.22727272727272727,0.23076923076923078,0.1111111111111111,0.0,0.0,0.2857142857142857,0.25,0.0,6.818181818181818
レディアルバローザ,,,,,,,,,,,,,母父,10.0,0.1,0.3,0.3,0.1,,,0.125,0.0,0.0,,6.1
レディイン,,,,,,,,,,,,,母父,8.0,0.125,0.375,0.625,0.125,,0.0,0.0,0.5,0.0,0.0,5.875
レディオブオペラ,,,,,,,,,,,,,母父,6.0,0.16666666666666666,0.16666666666666666,0.16666666666666666,0.16666666666666666,,1.0,0.0,,0.25,,6.166666666666667
レディオブパーシャ,,,,,,,,,,,,,母父,5.0,0.0,0.0,0.0,0.0,0.0,0.0,0.0,,0.0,0.0,8.6
レディオブフィフティ,,,,,,,,,,,,,母父,5.0,0.2,0.2,0.6,,0.2,0.2,,,0.3333333333333333,0.0,3.0
レディオブヴェニス,,,,,,,,,,,,,母父,9.0,0.3333333333333333,0.4444444444444444,0.5555555555555556,0.3333333333333333,,,0.4,0.25,0.6,0.0,4.777777777777778
レディオーカモア,,,,,,,,,,,,,母父,8.0,0.125,0.375,0.5,0.0,0.14285714285714285,0.0,0.16666666666666666,0.0,0.0,0.0,5.625
レディカーニバル,,,,,,,,,,,,,母父,5.0,0.0,0.2,0.4,0.0,0.0,0.0,0.0,0.0,0.0,0.0,7.8
レディキルシェ,,,,,,,,,,,,,母父,6.0,0.0,0.16666666666666666,0.16666666666666666,0.0,0.0,0.0,0.0,,0.0,0.0,6.5
レディクローリス,,,,,,,,,,,,,母父,6.0,0.0,0.16666666666666666,0.3333333333333333,0.0,0.0,,0.0,0.0,0.0,0.0,5.5
レディサマンサ,,,,,,,,,,,,,母父,8.0,0.0,0.0,0.125,,0.0,0.0,,0.0,0.0,0.0,8.0
レディシビル,,,,,,,,,,,,,母父,5.0,0.0,0.0,0.2,0.0,0.0,0.0,0.0,,0.0,0.0,8.0
レディシャツィ,,,,,,,,,,,,,母父,7.0,0.14285714285714285,0.14285714285714285,0.2857142857142857,0.16666666666666666,0.0,,0.25,0.0,0.0,0.5,8.714285714285714
レディスキッパー,,,,,,,,,,,,,母父,13.0,0.07692307692307693,0.3076923076923077,0.3076923076923077,0.14285714285714285,0.0,,0.09090909090909091,0.0,0.0,1.0,6.0
レディストレイツ,,,,,,,,,,,,,母父,5.0,0.0,0.0,0.0,0.0,0.0,0.0,0.0,,0.0,,13.8
レディセラヴィ,,,,,,,,,,,,,母父,5.0,0.0,0.0,0.0,0.0,0.0,,0.0,0.0,0.0,0.0,13.4
レディチャーム,,,,,,,,,,,,,母父,6.0,0.0,0.16666666666666666,0.16666666666666666,,0.0,0.0,,,0.0,0.0,7.0
レディトゥプリーズ,,,,,,,,,,,,,母父,16.0,0.1875,0.25,0.375,0.2222222222222222,0.14285714285714285,0.16666666666666666,0.14285714285714285,0.3333333333333333,0.16666666666666666,0.3333333333333333,5.1875
レディバラード,,,,,,,,,,,,,母父,7.0,0.14285714285714285,0.14285714285714285,0.2857142857142857,0.0,0.16666666666666666,0.0,0.25,,0.0,0.5,4.857142857142857
レディブラッサム,,,,,,,,,,,,,母父,7.0,0.0,0.0,0.0,0.0,0.0,0.0,0.0,,0.0,0.0,10.714285714285714
レディマーメイド,,,,,,,,,,,,,母父,6.0,0.3333333333333333,0.5,0.5,,0.3333333333333333,,0.5,0.0,0.3333333333333333,0.0,6.5
レディマールボロ,,,,,,,,,,,,,母父,6.0,0.0,0.16666666666666666,0.16666666666666666,0.0,0.0,0.0,0.0,0.0,0.0,0.0,8.0
レディルージュ,,,,,,,,,,,,,母父,12.0,0.0,0.16666666666666666,0.5,,0.0,0.0,,,0.0,0.0,8.0
レディワシントン,,,,,,,,,,,,,母父,5.0,0.0,0.0,0.0,0.0,0.0,0.0,,0.0,0.0,0.0,12.4
レディーエンブレム,,,,,,,,,,,,,母父,6.0,0.0,0.0,0.0,,0.0,0.0,,,0.0,0.0,9.666666666666666
レディークライスト,,,,,,,,,,,,,母父,11.0,0.0,0.0,0.09090909090909091,0.0,0.0,,0.0,0.0,0.0,0.0,6.636363636363637
レディーソルジャー,,,,,,,,,,,,,母父,8.0,0.125,0.125,0.375,,0.125,0.125,,,0.2,0.0,8.375
レディーノパンチ,,,,,,,,,,,,,母父,10.0,0.4,0.5,0.6,0.4,,,0.4444444444444444,0.0,0.25,1.0,6.3
レディーメグネイト,,,,,,,,,,,,,母父,6.0,0.16666666666666666,0.16666666666666666,0.16666666666666666,0.0,0.25,0.25,0.0,,0.2,,8.5
レニーズゴットジップ,,,,,,,,,,,,,母父,7.0,0.14285714285714285,0.14285714285714285,0.14285714285714285,0.14285714285714285,,,0.16666666666666666,0.0,0.16666666666666666,,6.142857142857143
レネットグルーヴ,,,,,,,,,,,,,母父,13.0,0.23076923076923078,0.23076923076923078,0.3076923076923077,0.3,0.0,0.0,0.375,0.0,0.2222222222222222,0.0,6.6923076923076925
レモンリーフ,,,,,,,,,,,,,母父,10.0,0.1,0.2,0.2,,0.1,0.1,,,0.0,0.5,5.9
レリッシュザソート,,,,,,,,,,,,,母父,5.0,0.2,0.4,0.4,0.0,1.0,0.5,0.0,0.0,0.0,,6.0
レースウィング,,,,,,,,,,,,,母父,10.0,0.0,0.1,0.2,0.0,0.0,,0.0,0.0,0.0,0.0,5.8
レーヴデトワール,,,,,,,,,,,,,母父,7.0,0.14285714285714285,0.14285714285714285,0.14285714285714285,0.14285714285714285,,0.0,0.16666666666666666,,0.16666666666666666,0.0,6.714285714285714
レーヴドベティ,,,,,,,,,,,,,母父,9.0,0.2222222222222222,0.5555555555555556,0.5555555555555556,,0.2222222222222222,0.0,0.3333333333333333,0.0,0.5,0.0,6.0
ロアジス,,,,,,,,,,,,,母父,7.0,0.0,0.0,0.0,,0.0,0.0,0.0,,0.0,0.0,8.285714285714286
ロイヤルアタック,,,,,,,,,,,,,母父,7.0,0.0,0.0,0.0,0.0,,0.0,0.0,,0.0,,8.0
ロイヤルインパクト,,,,,,,,,,,,,母父,8.0,0.0,0.125,0.125,0.0,0.0,0.0,0.0,0.0,0.0,0.0,8.125
ロイヤルペルラ,,,,,,,,,,,,,母父,8.0,0.125,0.375,0.875,,0.125,0.25,0.0,,0.16666666666666666,0.0,3.0
ロイヤルヴォルト,,,,,,,,,,,,,母父,8.0,0.25,0.375,0.375,,0.25,0.0,0.3333333333333333,0.0,0.25,0.3333333333333333,6.75
ロカ,,,,,,,,,,,,,母父,5.0,0.4,0.4,0.8,0.5,0.0,,0.4,,0.5,,3.8
ロザリンド,,,,,,,,,,,,,母父,7.0,0.14285714285714285,0.2857142857142857,0.42857142857142855,0.16666666666666666,0.0,0.0,0.0,0.5,0.2,0.0,7.285714285714286
ロジカルクィーン,,,,,,,,,,,,,母父,9.0,0.1111111111111111,0.1111111111111111,0.1111111111111111,0.0,0.14285714285714285,0.0,0.16666666666666666,0.0,0.16666666666666666,,7.888888888888889
ロジディオン,,,,,,,,,,,,,母父,15.0,0.0,0.0,0.06666666666666667,0.0,0.0,0.0,0.0,0.0,0.0,0.0,9.0
ロジナン,,,,,,,,,,,,,母父,6.0,0.0,0.0,0.0,0.0,0.0,,0.0,,0.0,0.0,6.5
ロジフェローズ,,,,,,,,,,,,,母父,6.0,0.16666666666666666,0.16666666666666666,0.3333333333333333,0.25,0.0,0.0,0.2,,0.2,0.0,7.833333333333333
ロジプリンセス,,,,,,,,,,,,,母父,10.0,0.1,0.2,0.6,0.1111111111111111,0.0,0.0,0.16666666666666666,0.0,0.1111111111111111,0.0,5.3
ロスグラシアレス,,,,,,,,,,,,,母父,7.0,0.14285714285714285,0.14285714285714285,0.14285714285714285,,0.14285714285714285,0.14285714285714285,,,0.25,0.0,9.571428571428571
ロスヴァイセ,,,,,,,,,,,,,母父,11.0,0.18181818181818182,0.36363636363636365,0.6363636363636364,0.3333333333333333,0.125,,0.2,0.0,0.14285714285714285,0.0,3.5454545454545454
ロゼシャンパーニュ,,,,,,,,,,,,,母父,12.0,0.0,0.08333333333333333,0.3333333333333333,0.0,0.0,0.0,0.0,,0.0,0.0,6.25
ロッシェノワール,,,,,,,,,,,,,母父,7.0,0.14285714285714285,0.42857142857142855,0.42857142857142855,0.0,0.5,0.3333333333333333,0.0,,0.0,0.0,6.714285714285714
ロバーブ,,,,,,,,,,,,,母父,10.0,0.1,0.1,0.1,0.0,0.125,0.16666666666666666,0.0,,0.16666666666666666,0.0,10.3
ロフティーエイム,,,,,,,,,,,,,母父,14.0,0.07142857142857142,0.21428571428571427,0.2857142857142857,0.1111111111111111,0.0,0.1111111111111111,0.0,,0.1111111111111111,0.0,5.857142857142857
ロベルタ,,,,,,,,,,,,,母父,9.0,0.0,0.0,0.1111111111111111,0.0,,,0.0,,0.0,0.0,8.555555555555555
ロマンシエール,,,,,,,,,,,,,母父,7.0,0.0,0.0,0.0,0.0,0.0,,0.0,0.0,0.0,,10.142857142857142
ロマンシングジェム,,,,,,,,,,,,,母父,7.0,0.0,0.14285714285714285,0.14285714285714285,0.0,0.0,0.0,0.0,0.0,0.0,0.0,6.142857142857143
ロリポップガール,,,,,,,,,,,,,母父,6.0,0.0,0.16666666666666666,0.3333333333333333,,0.0,0.0,,,0.0,,4.333333333333333
ロレットチャペル,,,,,,,,,,,,,母父,6.0,0.16666666666666666,0.3333333333333333,0.5,0.16666666666666666,,0.0,0.0,0.5,0.0,1.0,5.0
ロンギングシャネル,,,,,,,,,,,,,母父,12.0,0.16666666666666666,0.16666666666666666,0.16666666666666666,0.14285714285714285,0.2,0.2,0.16666666666666666,0.0,0.125,0.0,8.416666666666666
ロングビクトリア,,,,,,,,,,,,,母父,8.0,0.0,0.0,0.0,0.0,0.0,0.0,0.0,,0.0,0.0,11.125
ロングモニュメント,,,,,,,,,,,,,母父,5.0,0.0,0.0,0.2,,0.0,0.0,0.0,,0.0,0.0,8.8
ロンド,,,,,,,,,,,,,母父,6.0,0.0,0.0,0.0,0.0,0.0,0.0,0.0,,0.0,0.0,11.666666666666666
ローガンサファイア,,,,,,,,,,,,,母父,5.0,0.0,0.0,0.2,0.0,0.0,0.0,0.0,,0.0,,6.2
ローザブランカ,,,,,,,,,,,,,母父,10.0,0.3,0.4,0.5,0.42857142857142855,0.0,,0.375,0.0,0.2222222222222222,,5.2
ローザボニータ,,,,,,,,,,,,,母父,7.0,0.0,0.0,0.42857142857142855,0.0,0.0,0.0,0.0,,0.0,,6.428571428571429
ロージーローズ,,,,,,,,,,,,,母父,5.0,0.0,0.0,0.0,0.0,0.0,0.0,0.0,,0.0,,9.8
ローズアダージョ,,,,,,,,,,,,,母父,9.0,0.0,0.2222222222222222,0.5555555555555556,0.0,,,0.0,,0.0,0.0,3.7777777777777777
ローズアライヴァル,,,,,,,,,,,,,母父,18.0,0.05555555555555555,0.1111111111111111,0.4444444444444444,,0.05555555555555555,0.058823529411764705,0.0,,0.08333333333333333,0.0,5.611111111111111
ローズカットダイヤ,,,,,,,,,,,,,母父,13.0,0.15384615384615385,0.15384615384615385,0.15384615384615385,0.14285714285714285,0.16666666666666666,0.14285714285714285,0.16666666666666666,,0.1111111111111111,0.3333333333333333,9.76923076923077
ローズカリーナ,,,,,,,,,,,,,母父,10.0,0.3,0.3,0.4,0.3,,0.0,0.375,,0.375,,5.9
ローズノーブル,,,,,,,,,,,,,母父,12.0,0.16666666666666666,0.25,0.4166666666666667,0.18181818181818182,0.0,0.2,0.0,,0.1111111111111111,0.0,6.083333333333333
ローズヘイロー,,,,,,,,,,,,,母父,5.0,0.0,0.2,0.2,0.0,0.0,0.0,,0.0,0.0,0.0,5.6
ローズロー,,,,,,,,,,,,,母父,5.0,0.0,0.0,0.0,0.0,0.0,0.0,0.0,,0.0,0.0,9.4
ロードクロサイト,,,,,,,,,,,,,母父,12.0,0.08333333333333333,0.16666666666666666,0.4166666666666667,0.16666666666666666,0.0,0.0,0.0,0.16666666666666666,0.0,0.0,5.166666666666667
ローブティサージュ,,,,,,,,,,,,,母父,9.0,0.2222222222222222,0.2222222222222222,0.4444444444444444,0.25,0.0,0.25,0.2,,0.3333333333333333,0.0,6.777777777777778
ローブドヴルール,,,,,,,,,,,,,母父,10.0,0.1,0.2,0.3,0.3333333333333333,0.0,0.14285714285714285,0.0,,0.0,0.0,4.7
ローマンエンプレス,,,,,,,,,,,,,母父,12.0,0.08333333333333333,0.08333333333333333,0.16666666666666666,0.1,0.0,,0.09090909090909091,0.0,0.1,0.0,6.416666666666667
ローマンクィーン,,,,,,,,,,,,,母父,5.0,0.0,0.0,0.0,0.0,,,0.0,,0.0,,13.0
ローランシノワーズ,,,,,,,,,,,,,母父,9.0,0.0,0.0,0.0,,0.0,0.0,,,0.0,0.0,6.888888888888889
ローリエ,,,,,,,,,,,,,母父,6.0,0.0,0.0,0.3333333333333333,0.0,0.0,,0.0,,0.0,,5.833333333333333
ローレルアイ,,,,,,,,,,,,,母父,7.0,0.0,0.0,0.0,,0.0,,0.0,,0.0,0.0,10.714285714285714
ローレルオードリー,,,,,,,,,,,,,母父,7.0,0.0,0.42857142857142855,0.42857142857142855,0.0,0.0,,0.0,0.0,0.0,,3.4285714285714284
ワイ,,,,,,,,,,,,,母父,10.0,0.0,0.1,0.2,0.0,,,0.0,,0.0,,6.0
ワイオラ,,,,,,,,,,,,,母父,7.0,0.14285714285714285,0.14285714285714285,0.2857142857142857,0.0,0.16666666666666666,0.14285714285714285,,,0.0,0.0,5.571428571428571
ワイキューブ,,,,,,,,,,,,,母父,13.0,0.23076923076923078,0.23076923076923078,0.23076923076923078,,0.23076923076923078,0.2,0.3333333333333333,,0.2857142857142857,0.3333333333333333,7.076923076923077
ワイドロータス,,,,,,,,,,,,,母父,9.0,0.0,0.1111111111111111,0.3333333333333333,0.0,,,0.0,,0.0,0.0,8.11111111111111
ワイメアビーチ,,,,,,,,,,,,,母父,11.0,0.18181818181818182,0.6363636363636364,0.6363636363636364,,0.18181818181818182,,0.18181818181818182,,0.3333333333333333,0.0,3.6363636363636362
ワイルドアフリカ,,,,,,,,,,,,,母父,7.0,0.0,0.2857142857142857,0.5714285714285714,0.0,,,,0.0,0.0,0.0,4.0
ワイルドウインド,,,,,,,,,,,,,母父,7.0,0.14285714285714285,0.42857142857142855,0.7142857142857143,0.2,0.0,,0.0,0.3333333333333333,0.0,0.5,3.0
ワイルドゲッツ,,,,,,,,,,,,,母父,8.0,0.25,0.25,0.25,0.0,0.4,,0.3333333333333333,0.0,0.0,1.0,8.0
ワイルドココ,,,,,,,,,,,,,母父,18.0,0.05555555555555555,0.2222222222222222,0.2777777777777778,0.06666666666666667,0.0,0.0,0.1111111111111111,,0.0,0.0,7.166666666666667
ワイルドシンガー,,,,,,,,,,,,,母父,7.0,0.2857142857142857,0.2857142857142857,0.2857142857142857,,0.2857142857142857,0.4,0.0,,0.25,0.0,8.857142857142858
ワイルドポポ,,,,,,,,,,,,,母父,7.0,0.0,0.0,0.14285714285714285,0.0,0.0,,0.0,0.0,0.0,0.0,10.571428571428571
ワイルドラズベリー,,,,,,,,,,,,,母父,11.0,0.18181818181818182,0.2727272727272727,0.2727272727272727,0.3333333333333333,0.0,0.0,0.4,,0.2,,8.272727272727273
ワインレッド,,,,,,,,,,,,,母父,10.0,0.1,0.1,0.3,,0.1,0.2,0.0,,0.14285714285714285,0.0,9.2
ワカサイティング,,,,,,,,,,,,,母父,5.0,0.0,0.0,0.0,,0.0,0.0,0.0,,0.0,0.0,10.8
ワスレナグサ,,,,,,,,,,,,,母父,13.0,0.07692307692307693,0.6153846153846154,0.6923076923076923,0.0,0.08333333333333333,,0.09090909090909091,0.0,0.125,0.0,3.076923076923077
ワタシマッテルワ,,,,,,,,,,,,,母父,10.0,0.3,0.4,0.4,0.375,0.0,0.0,0.0,0.42857142857142855,0.16666666666666666,0.3333333333333333,6.1
ワッツダチャンセズ,,,,,,,,,,,,,母父,5.0,0.2,0.2,0.2,0.2,,,0.25,0.0,0.2,,8.6
ワディ,,,,,,,,,,,,,母父,5.0,0.4,0.6,0.6,,0.4,0.5,0.0,,0.3333333333333333,,3.2
ワナダンス,,,,,,,,,,,,,母父,10.0,0.0,0.1,0.1,0.0,0.0,0.0,0.0,0.0,0.0,0.0,10.6
ワレンダラッド,,,,,,,,,,,,,母父,9.0,0.0,0.1111111111111111,0.1111111111111111,,0.0,0.0,0.0,,0.0,0.0,9.444444444444445
ワンサイドゲーム,,,,,,,,,,,,,母父,11.0,0.09090909090909091,0.09090909090909091,0.09090909090909091,0.0,0.1,,0.0,0.25,0.0,0.0,7.545454545454546
ワンダーセーハ,,,,,,,,,,,,,母父,9.0,0.0,0.0,0.0,,0.0,0.0,,0.0,0.0,0.0,11.222222222222221
ワンダーテルヌーラ,,,,,,,,,,,,,母父,6.0,0.3333333333333333,0.5,0.5,,0.3333333333333333,0.5,0.0,,0.5,0.3333333333333333,5.0
ワンダービーナス,,,,,,,,,,,,,母父,5.0,0.4,0.4,0.6,,0.4,0.4,,,0.6666666666666666,,3.4
ワンダーフウラン,,,,,,,,,,,,,母父,5.0,0.0,0.0,0.0,0.0,0.0,0.0,0.0,,0.0,0.0,9.8
ワンダープリンセス,,,,,,,,,,,,,母父,11.0,0.09090909090909091,0.18181818181818182,0.18181818181818182,,0.09090909090909091,,0.0,0.3333333333333333,0.0,0.5,6.818181818181818
ワンダーマッスル,,,,,,,,,,,,,母父,9.0,0.0,0.0,0.1111111111111111,0.0,0.0,,0.0,0.0,0.0,0.0,8.333333333333334
ワンモアグリッター,,,,,,,,,,,,,母父,7.0,0.0,0.0,0.14285714285714285,0.0,0.0,0.0,,,0.0,0.0,7.428571428571429
ワンモアミイチュー,,,,,,,,,,,,,母父,9.0,0.1111111111111111,0.1111111111111111,0.1111111111111111,0.0,0.125,0.0,0.25,,0.2,0.0,8.11111111111111
ヴァイオレットラブ,,,,,,,,,,,,,母父,6.0,0.0,0.0,0.0,0.0,0.0,0.0,0.0,0.0,0.0,,11.0
ヴァイスハイト,,,,,,,,,,,,,母父,11.0,0.0,0.09090909090909091,0.36363636363636365,0.0,0.0,0.0,0.0,0.0,0.0,,8.272727272727273
ヴァイセフラウ,,,,,,,,,,,,,母父,12.0,0.08333333333333333,0.25,0.4166666666666667,0.125,0.0,,0.08333333333333333,,0.14285714285714285,0.0,7.25
ヴァインドレッサー,,,,,,,,,,,,,母父,6.0,0.0,0.0,0.0,0.0,0.0,,0.0,0.0,0.0,0.0,6.833333333333333
ヴァゼム,,,,,,,,,,,,,母父,5.0,0.2,0.6,0.6,,0.2,,0.25,0.0,0.0,1.0,6.4
ヴァップ,,,,,,,,,,,,,母父,26.0,0.0,0.038461538461538464,0.07692307692307693,0.0,0.0,0.0,0.0,,0.0,0.0,7.730769230769231
ヴァリアントレディ,,,,,,,,,,,,,母父,5.0,0.0,0.0,0.0,0.0,0.0,0.0,0.0,,0.0,0.0,11.6
ヴァリディオル,,,,,,,,,,,,,母父,9.0,0.4444444444444444,0.4444444444444444,0.6666666666666666,0.4444444444444444,,,0.4444444444444444,,0.25,0.0,2.6666666666666665
ヴァルネリーナ,,,,,,,,,,,,,母父,9.0,0.1111111111111111,0.1111111111111111,0.1111111111111111,0.14285714285714285,0.0,,0.1111111111111111,,0.125,0.0,11.11111111111111
ヴァルパライソ,,,,,,,,,,,,,母父,5.0,0.2,0.2,0.2,,0.2,,0.25,0.0,0.0,0.0,8.2
ヴァルホーリング,,,,,,,,,,,,,母父,7.0,0.14285714285714285,0.14285714285714285,0.14285714285714285,0.16666666666666666,0.0,,0.14285714285714285,,0.14285714285714285,,6.285714285714286
ヴァレッタ,,,,,,,,,,,,,母父,17.0,0.0,0.0,0.0,0.0,0.0,0.0,0.0,0.0,0.0,,10.705882352941176
ヴィアンローズ,,,,,,,,,,,,,母父,11.0,0.09090909090909091,0.09090909090909091,0.09090909090909091,0.1,0.0,0.0,0.125,,0.14285714285714285,0.0,7.636363636363637
ヴィクトリーマーチ,,,,,,,,,,,,,母父,9.0,0.3333333333333333,0.3333333333333333,0.3333333333333333,0.4,0.25,0.42857142857142855,0.0,,0.4,1.0,6.0
ヴィクトワール,,,,,,,,,,,,,母父,11.0,0.0,0.09090909090909091,0.09090909090909091,0.0,0.0,0.0,0.0,,0.0,0.0,8.090909090909092
ヴィトンクイーン,,,,,,,,,,,,,母父,12.0,0.08333333333333333,0.25,0.25,0.0,0.09090909090909091,0.0,0.3333333333333333,,0.16666666666666666,0.0,6.333333333333333
ヴィヤダーナ,,,,,,,,,,,,,母父,8.0,0.0,0.0,0.125,0.0,0.0,0.0,0.0,0.0,0.0,,8.625
ヴィラ,,,,,,,,,,,,,母父,7.0,0.0,0.0,0.0,0.0,,0.0,0.0,,0.0,,7.857142857142857
ヴィルシーナ,,,,,,,,,,,,,母父,14.0,0.07142857142857142,0.14285714285714285,0.2857142857142857,0.07692307692307693,0.0,0.0,0.08333333333333333,0.0,0.1111111111111111,0.0,7.642857142857143
ヴィルジニア,,,,,,,,,,,,,母父,9.0,0.2222222222222222,0.3333333333333333,0.4444444444444444,0.125,1.0,0.0,0.2857142857142857,,0.16666666666666666,1.0,7.777777777777778
ヴィヴァシャスヴィヴィアン,,,,,,,,,,,,,母父,9.0,0.1111111111111111,0.2222222222222222,0.2222222222222222,0.1111111111111111,,,0.1111111111111111,,0.16666666666666666,,10.11111111111111
ヴィヴィッドカラー,,,,,,,,,,,,,母父,9.0,0.0,0.0,0.0,0.0,0.0,0.0,0.0,,0.0,0.0,10.11111111111111
ヴィートマルシェ,,,,,,,,,,,,,母父,5.0,0.2,0.2,0.4,0.2,,0.0,0.3333333333333333,,0.0,0.0,7.0
ヴィーヴル,,,,,,,,,,,,,母父,8.0,0.0,0.0,0.0,0.0,0.0,0.0,0.0,,0.0,,6.625
ヴイプラド,,,,,,,,,,,,,母父,6.0,0.0,0.0,0.0,,0.0,0.0,0.0,,0.0,0.0,9.0
ヴェアリアスローズ,,,,,,,,,,,,,母父,9.0,0.0,0.0,0.1111111111111111,0.0,0.0,0.0,0.0,0.0,0.0,0.0,10.444444444444445
ヴェイパー,,,,,,,,,,,,,母父,12.0,0.0,0.3333333333333333,0.3333333333333333,0.0,0.0,0.0,0.0,,0.0,0.0,7.5
ヴェイルドクリス,,,,,,,,,,,,,母父,9.0,0.1111111111111111,0.1111111111111111,0.1111111111111111,0.0,0.125,0.0,0.2,0.0,0.14285714285714285,,7.222222222222222
ヴェスタ,,,,,,,,,,,,,母父,7.0,0.14285714285714285,0.2857142857142857,0.42857142857142855,,0.14285714285714285,0.14285714285714285,,,0.0,0.5,4.285714285714286
ヴェラブランカ,,,,,,,,,,,,,母父,14.0,0.14285714285714285,0.2857142857142857,0.5714285714285714,0.2,0.1111111111111111,0.0,0.16666666666666666,0.16666666666666666,0.1,0.0,4.428571428571429
ヴェリタスマリコ,,,,,,,,,,,,,母父,8.0,0.25,0.25,0.5,,0.25,0.0,0.2857142857142857,,0.2,,3.875
ヴェルザンディ,,,,,,,,,,,,,母父,13.0,0.07692307692307693,0.15384615384615385,0.3076923076923077,0.1,0.0,0.25,0.0,0.0,0.1,,7.538461538461538
ヴェルダ,,,,,,,,,,,,,母父,5.0,0.4,0.4,0.6,0.6666666666666666,0.0,,0.4,,0.3333333333333333,,6.6
ヴェルヴェットクイーン,,,,,,,,,,,,,母父,7.0,0.2857142857142857,0.5714285714285714,0.5714285714285714,0.3333333333333333,0.0,,0.0,0.3333333333333333,0.3333333333333333,0.0,3.2857142857142856
ヴェントス,,,,,,,,,,,,,母父,10.0,0.0,0.1,0.1,0.0,0.0,0.0,0.0,,0.0,0.0,7.4
ヴォーグジャック,,,,,,,,,,,,,母父,8.0,0.0,0.0,0.125,,0.0,0.0,0.0,,0.0,0.0,5.25
ヴンダーゾンネ,,,,,,,,,,,,,母父,14.0,0.0,0.0,0.07142857142857142,0.0,0.0,0.0,0.0,0.0,0.0,0.0,8.5
